timestamp,device,tx_gbps,rx_gbps,tx_total_gb,rx_total_gb
2025-11-21 04:39:06,mlx5_0,0.001,0.000,0.000,0.000
2025-11-21 04:39:06,mlx5_1,0.000,0.000,0.000,0.000
2025-11-21 04:39:06,mlx5_2,0.000,0.000,0.000,0.000
2025-11-21 04:39:06,mlx5_3,0.000,0.000,0.000,0.000
2025-11-21 04:39:06,mlx5_4,0.000,0.000,0.000,0.000
2025-11-21 04:39:06,mlx5_5,0.000,0.000,0.000,0.000
2025-11-21 04:39:06,mlx5_6,0.000,0.000,0.000,0.000
2025-11-21 04:39:06,mlx5_7,0.003,0.000,0.001,0.000
2025-11-21 04:39:06,mlx5_8,0.000,0.000,0.000,0.000
2025-11-21 04:39:06,mlx5_9,0.000,0.000,0.000,0.000
2025-11-21 04:39:06,TOTAL,0.003,0.000,0.001,0.000
2025-11-21 04:39:07,mlx5_0,0.000,0.000,0.000,0.000
2025-11-21 04:39:07,mlx5_1,0.000,0.000,0.000,0.000
2025-11-21 04:39:07,mlx5_2,0.000,0.000,0.000,0.000
2025-11-21 04:39:07,mlx5_3,0.000,0.000,0.000,0.000
2025-11-21 04:39:07,mlx5_4,0.000,0.000,0.000,0.000
2025-11-21 04:39:07,mlx5_5,0.000,0.000,0.000,0.000
2025-11-21 04:39:07,mlx5_6,0.000,0.000,0.000,0.000
2025-11-21 04:39:07,mlx5_7,0.000,0.000,0.001,0.000
2025-11-21 04:39:07,mlx5_8,0.000,0.000,0.000,0.000
2025-11-21 04:39:07,mlx5_9,0.000,0.000,0.000,0.000
2025-11-21 04:39:07,TOTAL,0.000,0.000,0.001,0.000
2025-11-21 04:39:08,mlx5_0,0.000,0.000,0.000,0.000
2025-11-21 04:39:08,mlx5_1,0.000,0.000,0.000,0.000
2025-11-21 04:39:08,mlx5_2,0.000,0.000,0.000,0.000
2025-11-21 04:39:08,mlx5_3,0.000,0.000,0.000,0.000
2025-11-21 04:39:08,mlx5_4,0.000,0.000,0.000,0.000
2025-11-21 04:39:08,mlx5_5,0.000,0.000,0.000,0.000
2025-11-21 04:39:08,mlx5_6,0.000,0.000,0.000,0.000
2025-11-21 04:39:08,mlx5_7,0.000,0.000,0.001,0.000
2025-11-21 04:39:08,mlx5_8,0.000,0.000,0.000,0.000
2025-11-21 04:39:08,mlx5_9,0.000,0.000,0.000,0.000
2025-11-21 04:39:08,TOTAL,0.000,0.000,0.001,0.000
2025-11-21 04:39:09,mlx5_0,0.000,0.000,0.000,0.000
2025-11-21 04:39:09,mlx5_1,0.000,0.000,0.000,0.000
2025-11-21 04:39:09,mlx5_2,0.000,0.000,0.000,0.000
2025-11-21 04:39:09,mlx5_3,0.000,0.000,0.000,0.000
2025-11-21 04:39:09,mlx5_4,0.000,0.000,0.000,0.000
2025-11-21 04:39:09,mlx5_5,0.000,0.000,0.000,0.000
2025-11-21 04:39:09,mlx5_6,0.000,0.000,0.000,0.000
2025-11-21 04:39:09,mlx5_7,0.000,0.000,0.001,0.000
2025-11-21 04:39:09,mlx5_8,0.000,0.000,0.000,0.000
2025-11-21 04:39:09,mlx5_9,0.000,0.000,0.000,0.000
2025-11-21 04:39:09,TOTAL,0.000,0.000,0.001,0.000
2025-11-21 04:39:10,mlx5_0,0.000,0.000,0.000,0.000
2025-11-21 04:39:10,mlx5_1,0.000,0.000,0.000,0.000
2025-11-21 04:39:10,mlx5_2,0.000,0.000,0.000,0.000
2025-11-21 04:39:10,mlx5_3,0.000,0.000,0.000,0.000
2025-11-21 04:39:10,mlx5_4,0.000,0.000,0.000,0.000
2025-11-21 04:39:10,mlx5_5,0.000,0.000,0.000,0.000
2025-11-21 04:39:10,mlx5_6,0.000,0.000,0.000,0.000
2025-11-21 04:39:10,mlx5_7,0.000,0.000,0.001,0.000
2025-11-21 04:39:10,mlx5_8,0.000,0.000,0.000,0.000
2025-11-21 04:39:10,mlx5_9,0.000,0.000,0.000,0.000
2025-11-21 04:39:10,TOTAL,0.000,0.000,0.001,0.000
2025-11-21 04:39:11,mlx5_0,0.000,0.000,0.000,0.000
2025-11-21 04:39:11,mlx5_1,0.000,0.000,0.000,0.000
2025-11-21 04:39:11,mlx5_2,0.000,0.000,0.000,0.000
2025-11-21 04:39:11,mlx5_3,0.000,0.000,0.000,0.000
2025-11-21 04:39:11,mlx5_4,0.000,0.000,0.000,0.000
2025-11-21 04:39:11,mlx5_5,0.000,0.000,0.000,0.000
2025-11-21 04:39:11,mlx5_6,0.000,0.000,0.000,0.000
2025-11-21 04:39:11,mlx5_7,0.000,0.000,0.001,0.000
2025-11-21 04:39:11,mlx5_8,0.000,0.000,0.000,0.000
2025-11-21 04:39:11,mlx5_9,0.000,0.000,0.000,0.000
2025-11-21 04:39:11,TOTAL,0.000,0.000,0.001,0.000
2025-11-21 04:39:12,mlx5_0,0.000,0.000,0.000,0.000
2025-11-21 04:39:12,mlx5_1,0.000,0.000,0.000,0.000
2025-11-21 04:39:12,mlx5_2,0.000,0.000,0.000,0.000
2025-11-21 04:39:12,mlx5_3,0.000,0.000,0.000,0.000
2025-11-21 04:39:12,mlx5_4,0.000,0.000,0.000,0.000
2025-11-21 04:39:12,mlx5_5,0.000,0.000,0.000,0.000
2025-11-21 04:39:12,mlx5_6,0.000,0.000,0.000,0.000
2025-11-21 04:39:12,mlx5_7,0.000,0.000,0.001,0.000
2025-11-21 04:39:12,mlx5_8,0.000,0.000,0.000,0.000
2025-11-21 04:39:12,mlx5_9,0.000,0.000,0.000,0.000
2025-11-21 04:39:12,TOTAL,0.000,0.000,0.001,0.000
2025-11-21 04:39:13,mlx5_0,0.000,0.000,0.000,0.000
2025-11-21 04:39:13,mlx5_1,0.000,0.000,0.000,0.000
2025-11-21 04:39:13,mlx5_2,0.000,0.000,0.000,0.000
2025-11-21 04:39:13,mlx5_3,0.000,0.000,0.000,0.000
2025-11-21 04:39:13,mlx5_4,0.000,0.000,0.000,0.000
2025-11-21 04:39:13,mlx5_5,0.000,0.000,0.000,0.000
2025-11-21 04:39:13,mlx5_6,0.000,0.000,0.000,0.000
2025-11-21 04:39:13,mlx5_7,0.000,0.000,0.001,0.000
2025-11-21 04:39:13,mlx5_8,0.000,0.000,0.000,0.000
2025-11-21 04:39:13,mlx5_9,0.000,0.000,0.000,0.000
2025-11-21 04:39:13,TOTAL,0.000,0.000,0.001,0.000
2025-11-21 04:39:14,mlx5_0,0.000,0.000,0.000,0.000
2025-11-21 04:39:14,mlx5_1,0.000,0.000,0.000,0.000
2025-11-21 04:39:14,mlx5_2,0.000,0.000,0.000,0.000
2025-11-21 04:39:14,mlx5_3,0.000,0.000,0.000,0.000
2025-11-21 04:39:14,mlx5_4,0.000,0.000,0.000,0.000
2025-11-21 04:39:14,mlx5_5,0.000,0.000,0.000,0.000
2025-11-21 04:39:14,mlx5_6,0.000,0.000,0.000,0.000
2025-11-21 04:39:14,mlx5_7,0.000,0.000,0.001,0.000
2025-11-21 04:39:14,mlx5_8,0.000,0.000,0.000,0.000
2025-11-21 04:39:14,mlx5_9,0.000,0.000,0.000,0.000
2025-11-21 04:39:14,TOTAL,0.000,0.000,0.001,0.000
2025-11-21 04:39:15,mlx5_0,0.000,0.000,0.000,0.000
2025-11-21 04:39:15,mlx5_1,0.000,0.000,0.000,0.000
2025-11-21 04:39:15,mlx5_2,0.000,0.000,0.000,0.000
2025-11-21 04:39:15,mlx5_3,0.000,0.000,0.000,0.000
2025-11-21 04:39:15,mlx5_4,0.000,0.000,0.000,0.000
2025-11-21 04:39:15,mlx5_5,0.000,0.000,0.000,0.000
2025-11-21 04:39:15,mlx5_6,0.000,0.000,0.000,0.000
2025-11-21 04:39:15,mlx5_7,0.000,0.000,0.001,0.000
2025-11-21 04:39:15,mlx5_8,0.000,0.000,0.000,0.000
2025-11-21 04:39:15,mlx5_9,0.000,0.000,0.000,0.000
2025-11-21 04:39:15,TOTAL,0.000,0.000,0.001,0.000
2025-11-21 04:39:16,mlx5_0,0.000,0.000,0.000,0.000
2025-11-21 04:39:16,mlx5_1,0.000,0.000,0.000,0.000
2025-11-21 04:39:16,mlx5_2,0.000,0.000,0.000,0.000
2025-11-21 04:39:16,mlx5_3,0.000,0.000,0.000,0.000
2025-11-21 04:39:16,mlx5_4,0.000,0.000,0.000,0.000
2025-11-21 04:39:16,mlx5_5,0.000,0.000,0.000,0.000
2025-11-21 04:39:16,mlx5_6,0.000,0.000,0.000,0.000
2025-11-21 04:39:16,mlx5_7,0.000,0.000,0.001,0.000
2025-11-21 04:39:16,mlx5_8,0.000,0.000,0.000,0.000
2025-11-21 04:39:16,mlx5_9,0.000,0.000,0.000,0.000
2025-11-21 04:39:16,TOTAL,0.000,0.000,0.001,0.000
2025-11-21 04:39:17,mlx5_0,0.000,0.000,0.000,0.000
2025-11-21 04:39:17,mlx5_1,0.000,0.000,0.000,0.000
2025-11-21 04:39:17,mlx5_2,0.000,0.000,0.000,0.000
2025-11-21 04:39:17,mlx5_3,0.000,0.000,0.000,0.000
2025-11-21 04:39:17,mlx5_4,0.000,0.000,0.000,0.000
2025-11-21 04:39:17,mlx5_5,0.000,0.000,0.000,0.000
2025-11-21 04:39:17,mlx5_6,0.000,0.000,0.000,0.000
2025-11-21 04:39:17,mlx5_7,0.000,0.000,0.001,0.000
2025-11-21 04:39:17,mlx5_8,0.000,0.000,0.000,0.000
2025-11-21 04:39:17,mlx5_9,0.000,0.000,0.000,0.000
2025-11-21 04:39:17,TOTAL,0.000,0.000,0.001,0.000
2025-11-21 04:39:18,mlx5_0,0.000,0.000,0.000,0.000
2025-11-21 04:39:18,mlx5_1,0.000,0.000,0.000,0.000
2025-11-21 04:39:18,mlx5_2,0.000,0.000,0.000,0.000
2025-11-21 04:39:18,mlx5_3,0.000,0.000,0.000,0.000
2025-11-21 04:39:18,mlx5_4,0.000,0.000,0.000,0.000
2025-11-21 04:39:18,mlx5_5,0.000,0.000,0.000,0.000
2025-11-21 04:39:18,mlx5_6,0.000,0.000,0.000,0.000
2025-11-21 04:39:18,mlx5_7,0.000,0.000,0.001,0.000
2025-11-21 04:39:18,mlx5_8,0.000,0.000,0.000,0.000
2025-11-21 04:39:18,mlx5_9,0.000,0.000,0.000,0.000
2025-11-21 04:39:18,TOTAL,0.000,0.000,0.001,0.000
2025-11-21 04:39:19,mlx5_0,0.000,0.000,0.000,0.000
2025-11-21 04:39:19,mlx5_1,0.000,0.000,0.000,0.000
2025-11-21 04:39:19,mlx5_2,0.000,0.000,0.000,0.000
2025-11-21 04:39:19,mlx5_3,0.000,0.000,0.000,0.000
2025-11-21 04:39:19,mlx5_4,0.000,0.000,0.000,0.000
2025-11-21 04:39:19,mlx5_5,0.000,0.000,0.000,0.000
2025-11-21 04:39:19,mlx5_6,0.000,0.000,0.000,0.000
2025-11-21 04:39:19,mlx5_7,0.000,0.000,0.001,0.000
2025-11-21 04:39:19,mlx5_8,0.000,0.000,0.000,0.000
2025-11-21 04:39:19,mlx5_9,0.000,0.000,0.000,0.000
2025-11-21 04:39:19,TOTAL,0.000,0.000,0.001,0.000
2025-11-21 04:39:20,mlx5_0,0.000,0.000,0.000,0.000
2025-11-21 04:39:20,mlx5_1,0.000,0.000,0.000,0.000
2025-11-21 04:39:20,mlx5_2,0.000,0.000,0.000,0.000
2025-11-21 04:39:20,mlx5_3,0.000,0.000,0.000,0.000
2025-11-21 04:39:20,mlx5_4,0.000,0.000,0.000,0.000
2025-11-21 04:39:20,mlx5_5,0.000,0.000,0.000,0.000
2025-11-21 04:39:20,mlx5_6,0.000,0.000,0.000,0.000
2025-11-21 04:39:20,mlx5_7,0.000,0.000,0.001,0.000
2025-11-21 04:39:20,mlx5_8,0.000,0.000,0.000,0.000
2025-11-21 04:39:20,mlx5_9,0.000,0.000,0.000,0.000
2025-11-21 04:39:20,TOTAL,0.000,0.000,0.001,0.000
2025-11-21 04:39:21,mlx5_0,0.669,0.001,0.084,0.000
2025-11-21 04:39:21,mlx5_1,0.000,0.000,0.000,0.000
2025-11-21 04:39:21,mlx5_2,0.000,0.000,0.000,0.000
2025-11-21 04:39:21,mlx5_3,0.000,0.000,0.000,0.000
2025-11-21 04:39:21,mlx5_4,0.000,0.000,0.000,0.000
2025-11-21 04:39:21,mlx5_5,0.000,0.000,0.000,0.000
2025-11-21 04:39:21,mlx5_6,0.000,0.000,0.000,0.000
2025-11-21 04:39:21,mlx5_7,2.059,0.003,0.260,0.000
2025-11-21 04:39:21,mlx5_8,0.000,0.000,0.000,0.000
2025-11-21 04:39:21,mlx5_9,0.000,0.000,0.000,0.000
2025-11-21 04:39:21,TOTAL,2.728,0.003,0.344,0.000
2025-11-21 04:39:22,mlx5_0,0.000,0.000,0.084,0.000
2025-11-21 04:39:22,mlx5_1,0.000,0.000,0.000,0.000
2025-11-21 04:39:22,mlx5_2,0.000,0.000,0.000,0.000
2025-11-21 04:39:22,mlx5_3,0.000,0.000,0.000,0.000
2025-11-21 04:39:22,mlx5_4,0.000,0.000,0.000,0.000
2025-11-21 04:39:22,mlx5_5,0.000,0.000,0.000,0.000
2025-11-21 04:39:22,mlx5_6,0.000,0.000,0.000,0.000
2025-11-21 04:39:22,mlx5_7,0.000,0.000,0.260,0.000
2025-11-21 04:39:22,mlx5_8,0.000,0.000,0.000,0.000
2025-11-21 04:39:22,mlx5_9,0.000,0.000,0.000,0.000
2025-11-21 04:39:22,TOTAL,0.000,0.000,0.344,0.000
2025-11-21 04:39:23,mlx5_0,0.000,0.000,0.084,0.000
2025-11-21 04:39:23,mlx5_1,0.000,0.000,0.000,0.000
2025-11-21 04:39:23,mlx5_2,0.000,0.000,0.000,0.000
2025-11-21 04:39:23,mlx5_3,0.000,0.000,0.000,0.000
2025-11-21 04:39:23,mlx5_4,0.000,0.000,0.000,0.000
2025-11-21 04:39:23,mlx5_5,0.000,0.000,0.000,0.000
2025-11-21 04:39:23,mlx5_6,0.000,0.000,0.000,0.000
2025-11-21 04:39:23,mlx5_7,0.000,0.000,0.260,0.000
2025-11-21 04:39:23,mlx5_8,0.000,0.000,0.000,0.000
2025-11-21 04:39:23,mlx5_9,0.000,0.000,0.000,0.000
2025-11-21 04:39:23,TOTAL,0.000,0.000,0.344,0.000
2025-11-21 04:39:24,mlx5_0,0.000,0.000,0.084,0.000
2025-11-21 04:39:24,mlx5_1,0.000,0.000,0.000,0.000
2025-11-21 04:39:24,mlx5_2,0.000,0.000,0.000,0.000
2025-11-21 04:39:24,mlx5_3,0.000,0.000,0.000,0.000
2025-11-21 04:39:24,mlx5_4,0.000,0.000,0.000,0.000
2025-11-21 04:39:24,mlx5_5,0.000,0.000,0.000,0.000
2025-11-21 04:39:24,mlx5_6,0.000,0.000,0.000,0.000
2025-11-21 04:39:24,mlx5_7,0.000,0.000,0.260,0.000
2025-11-21 04:39:24,mlx5_8,0.000,0.000,0.000,0.000
2025-11-21 04:39:24,mlx5_9,0.000,0.000,0.000,0.000
2025-11-21 04:39:24,TOTAL,0.000,0.000,0.344,0.001
2025-11-21 04:39:25,mlx5_0,0.000,0.000,0.084,0.000
2025-11-21 04:39:25,mlx5_1,0.000,0.000,0.000,0.000
2025-11-21 04:39:25,mlx5_2,0.000,0.000,0.000,0.000
2025-11-21 04:39:25,mlx5_3,0.000,0.000,0.000,0.000
2025-11-21 04:39:25,mlx5_4,0.000,0.000,0.000,0.000
2025-11-21 04:39:25,mlx5_5,0.000,0.000,0.000,0.000
2025-11-21 04:39:25,mlx5_6,0.000,0.000,0.000,0.000
2025-11-21 04:39:25,mlx5_7,0.000,0.000,0.260,0.000
2025-11-21 04:39:25,mlx5_8,0.000,0.000,0.000,0.000
2025-11-21 04:39:25,mlx5_9,0.000,0.000,0.000,0.000
2025-11-21 04:39:25,TOTAL,0.000,0.000,0.344,0.001
2025-11-21 04:39:26,mlx5_0,0.000,0.000,0.084,0.000
2025-11-21 04:39:26,mlx5_1,0.000,0.000,0.000,0.000
2025-11-21 04:39:26,mlx5_2,0.000,0.000,0.000,0.000
2025-11-21 04:39:26,mlx5_3,0.000,0.000,0.000,0.000
2025-11-21 04:39:26,mlx5_4,0.000,0.000,0.000,0.000
2025-11-21 04:39:26,mlx5_5,0.000,0.000,0.000,0.000
2025-11-21 04:39:26,mlx5_6,0.000,0.000,0.000,0.000
2025-11-21 04:39:26,mlx5_7,0.000,0.000,0.260,0.000
2025-11-21 04:39:26,mlx5_8,0.000,0.000,0.000,0.000
2025-11-21 04:39:26,mlx5_9,0.000,0.000,0.000,0.000
2025-11-21 04:39:26,TOTAL,0.000,0.000,0.344,0.001
2025-11-21 04:39:27,mlx5_0,0.000,0.000,0.084,0.000
2025-11-21 04:39:27,mlx5_1,0.000,0.000,0.000,0.000
2025-11-21 04:39:27,mlx5_2,0.000,0.000,0.000,0.000
2025-11-21 04:39:27,mlx5_3,0.000,0.000,0.000,0.000
2025-11-21 04:39:27,mlx5_4,0.000,0.000,0.000,0.000
2025-11-21 04:39:27,mlx5_5,0.000,0.000,0.000,0.000
2025-11-21 04:39:27,mlx5_6,0.000,0.000,0.000,0.000
2025-11-21 04:39:27,mlx5_7,0.000,0.000,0.260,0.000
2025-11-21 04:39:27,mlx5_8,0.000,0.000,0.000,0.000
2025-11-21 04:39:27,mlx5_9,0.000,0.000,0.000,0.000
2025-11-21 04:39:27,TOTAL,0.000,0.000,0.344,0.001
2025-11-21 04:39:28,mlx5_0,0.000,0.000,0.084,0.000
2025-11-21 04:39:28,mlx5_1,0.000,0.000,0.000,0.000
2025-11-21 04:39:28,mlx5_2,0.000,0.000,0.000,0.000
2025-11-21 04:39:28,mlx5_3,0.000,0.000,0.000,0.000
2025-11-21 04:39:28,mlx5_4,0.000,0.000,0.000,0.000
2025-11-21 04:39:28,mlx5_5,0.000,0.000,0.000,0.000
2025-11-21 04:39:28,mlx5_6,0.000,0.000,0.000,0.000
2025-11-21 04:39:28,mlx5_7,0.000,0.000,0.260,0.000
2025-11-21 04:39:28,mlx5_8,0.000,0.000,0.000,0.000
2025-11-21 04:39:28,mlx5_9,0.000,0.000,0.000,0.000
2025-11-21 04:39:28,TOTAL,0.000,0.000,0.344,0.001
2025-11-21 04:39:29,mlx5_0,0.000,0.000,0.084,0.000
2025-11-21 04:39:29,mlx5_1,0.000,0.000,0.000,0.000
2025-11-21 04:39:29,mlx5_2,0.000,0.000,0.000,0.000
2025-11-21 04:39:29,mlx5_3,0.000,0.000,0.000,0.000
2025-11-21 04:39:29,mlx5_4,0.000,0.000,0.000,0.000
2025-11-21 04:39:29,mlx5_5,0.000,0.000,0.000,0.000
2025-11-21 04:39:29,mlx5_6,0.000,0.000,0.000,0.000
2025-11-21 04:39:29,mlx5_7,0.909,0.001,0.374,0.001
2025-11-21 04:39:29,mlx5_8,0.000,0.000,0.000,0.000
2025-11-21 04:39:29,mlx5_9,0.000,0.000,0.000,0.000
2025-11-21 04:39:29,TOTAL,0.910,0.002,0.459,0.001
2025-11-21 04:39:30,mlx5_0,0.000,0.000,0.084,0.000
2025-11-21 04:39:30,mlx5_1,0.000,0.000,0.000,0.000
2025-11-21 04:39:30,mlx5_2,0.000,0.000,0.000,0.000
2025-11-21 04:39:30,mlx5_3,0.000,0.000,0.000,0.000
2025-11-21 04:39:30,mlx5_4,0.000,0.000,0.000,0.000
2025-11-21 04:39:30,mlx5_5,0.000,0.000,0.000,0.000
2025-11-21 04:39:30,mlx5_6,0.000,0.000,0.000,0.000
2025-11-21 04:39:30,mlx5_7,0.000,0.000,0.374,0.001
2025-11-21 04:39:30,mlx5_8,0.000,0.000,0.000,0.000
2025-11-21 04:39:30,mlx5_9,0.000,0.000,0.000,0.000
2025-11-21 04:39:30,TOTAL,0.000,0.000,0.459,0.001
2025-11-21 04:39:31,mlx5_0,0.996,0.001,0.210,0.000
2025-11-21 04:39:31,mlx5_1,0.000,0.000,0.000,0.000
2025-11-21 04:39:31,mlx5_2,0.000,0.000,0.000,0.000
2025-11-21 04:39:31,mlx5_3,0.000,0.000,0.000,0.000
2025-11-21 04:39:31,mlx5_4,0.000,0.000,0.000,0.000
2025-11-21 04:39:31,mlx5_5,0.000,0.000,0.000,0.000
2025-11-21 04:39:31,mlx5_6,0.000,0.000,0.000,0.000
2025-11-21 04:39:31,mlx5_7,5.550,0.006,1.072,0.001
2025-11-21 04:39:31,mlx5_8,0.000,0.000,0.000,0.000
2025-11-21 04:39:31,mlx5_9,0.000,0.000,0.000,0.000
2025-11-21 04:39:31,TOTAL,6.546,0.007,1.282,0.002
2025-11-21 04:39:32,mlx5_0,0.500,0.000,0.273,0.000
2025-11-21 04:39:32,mlx5_1,0.000,0.000,0.000,0.000
2025-11-21 04:39:32,mlx5_2,0.000,0.000,0.000,0.000
2025-11-21 04:39:32,mlx5_3,0.000,0.000,0.000,0.000
2025-11-21 04:39:32,mlx5_4,0.000,0.000,0.000,0.000
2025-11-21 04:39:32,mlx5_5,0.000,0.000,0.000,0.000
2025-11-21 04:39:32,mlx5_6,0.000,0.000,0.000,0.000
2025-11-21 04:39:32,mlx5_7,1.580,0.002,1.272,0.002
2025-11-21 04:39:32,mlx5_8,0.000,0.000,0.000,0.000
2025-11-21 04:39:32,mlx5_9,0.000,0.000,0.000,0.000
2025-11-21 04:39:32,TOTAL,2.080,0.002,1.544,0.002
2025-11-21 04:39:33,mlx5_0,0.000,0.000,0.273,0.000
2025-11-21 04:39:33,mlx5_1,0.000,0.000,0.000,0.000
2025-11-21 04:39:33,mlx5_2,0.000,0.000,0.000,0.000
2025-11-21 04:39:33,mlx5_3,0.000,0.000,0.000,0.000
2025-11-21 04:39:33,mlx5_4,0.000,0.000,0.000,0.000
2025-11-21 04:39:33,mlx5_5,0.000,0.000,0.000,0.000
2025-11-21 04:39:33,mlx5_6,0.000,0.000,0.000,0.000
2025-11-21 04:39:33,mlx5_7,0.000,0.000,1.272,0.002
2025-11-21 04:39:33,mlx5_8,0.000,0.000,0.000,0.000
2025-11-21 04:39:33,mlx5_9,0.000,0.000,0.000,0.000
2025-11-21 04:39:33,TOTAL,0.000,0.000,1.544,0.002
2025-11-21 04:39:34,mlx5_0,0.000,0.000,0.273,0.000
2025-11-21 04:39:34,mlx5_1,0.000,0.000,0.000,0.000
2025-11-21 04:39:34,mlx5_2,0.000,0.000,0.000,0.000
2025-11-21 04:39:34,mlx5_3,0.000,0.000,0.000,0.000
2025-11-21 04:39:34,mlx5_4,0.000,0.000,0.000,0.000
2025-11-21 04:39:34,mlx5_5,0.000,0.000,0.000,0.000
2025-11-21 04:39:34,mlx5_6,0.000,0.000,0.000,0.000
2025-11-21 04:39:34,mlx5_7,0.000,0.000,1.272,0.002
2025-11-21 04:39:34,mlx5_8,0.000,0.000,0.000,0.000
2025-11-21 04:39:34,mlx5_9,0.000,0.000,0.000,0.000
2025-11-21 04:39:34,TOTAL,0.000,0.000,1.544,0.002
2025-11-21 04:39:35,mlx5_0,0.000,0.000,0.273,0.000
2025-11-21 04:39:35,mlx5_1,0.000,0.000,0.000,0.000
2025-11-21 04:39:35,mlx5_2,0.000,0.000,0.000,0.000
2025-11-21 04:39:35,mlx5_3,0.000,0.000,0.000,0.000
2025-11-21 04:39:35,mlx5_4,0.000,0.000,0.000,0.000
2025-11-21 04:39:35,mlx5_5,0.000,0.000,0.000,0.000
2025-11-21 04:39:35,mlx5_6,0.000,0.000,0.000,0.000
2025-11-21 04:39:35,mlx5_7,0.000,0.000,1.272,0.002
2025-11-21 04:39:35,mlx5_8,0.000,0.000,0.000,0.000
2025-11-21 04:39:35,mlx5_9,0.000,0.000,0.000,0.000
2025-11-21 04:39:35,TOTAL,0.000,0.000,1.544,0.002
2025-11-21 04:39:36,mlx5_0,0.000,0.000,0.273,0.000
2025-11-21 04:39:36,mlx5_1,0.000,0.000,0.000,0.000
2025-11-21 04:39:36,mlx5_2,0.000,0.000,0.000,0.000
2025-11-21 04:39:36,mlx5_3,0.000,0.000,0.000,0.000
2025-11-21 04:39:36,mlx5_4,0.000,0.000,0.000,0.000
2025-11-21 04:39:36,mlx5_5,0.000,0.000,0.000,0.000
2025-11-21 04:39:36,mlx5_6,0.000,0.000,0.000,0.000
2025-11-21 04:39:36,mlx5_7,0.000,0.000,1.272,0.002
2025-11-21 04:39:36,mlx5_8,0.000,0.000,0.000,0.000
2025-11-21 04:39:36,mlx5_9,0.000,0.000,0.000,0.000
2025-11-21 04:39:36,TOTAL,0.000,0.000,1.544,0.002
2025-11-21 04:39:37,mlx5_0,0.000,0.000,0.273,0.000
2025-11-21 04:39:37,mlx5_1,0.000,0.000,0.000,0.000
2025-11-21 04:39:37,mlx5_2,0.000,0.000,0.000,0.000
2025-11-21 04:39:37,mlx5_3,0.000,0.000,0.000,0.000
2025-11-21 04:39:37,mlx5_4,0.000,0.000,0.000,0.000
2025-11-21 04:39:37,mlx5_5,0.000,0.000,0.000,0.000
2025-11-21 04:39:37,mlx5_6,0.000,0.000,0.000,0.000
2025-11-21 04:39:37,mlx5_7,0.000,0.000,1.272,0.002
2025-11-21 04:39:37,mlx5_8,0.000,0.000,0.000,0.000
2025-11-21 04:39:37,mlx5_9,0.000,0.000,0.000,0.000
2025-11-21 04:39:37,TOTAL,0.000,0.000,1.544,0.002
2025-11-21 04:39:38,mlx5_0,0.000,0.000,0.273,0.000
2025-11-21 04:39:38,mlx5_1,0.000,0.000,0.000,0.000
2025-11-21 04:39:38,mlx5_2,0.000,0.000,0.000,0.000
2025-11-21 04:39:38,mlx5_3,0.000,0.000,0.000,0.000
2025-11-21 04:39:38,mlx5_4,0.000,0.000,0.000,0.000
2025-11-21 04:39:38,mlx5_5,0.000,0.000,0.000,0.000
2025-11-21 04:39:38,mlx5_6,0.000,0.000,0.000,0.000
2025-11-21 04:39:38,mlx5_7,0.000,0.000,1.272,0.002
2025-11-21 04:39:38,mlx5_8,0.000,0.000,0.000,0.000
2025-11-21 04:39:38,mlx5_9,0.000,0.000,0.000,0.000
2025-11-21 04:39:38,TOTAL,0.000,0.000,1.544,0.002
2025-11-21 04:39:39,mlx5_0,0.000,0.000,0.273,0.000
2025-11-21 04:39:39,mlx5_1,0.000,0.000,0.000,0.000
2025-11-21 04:39:39,mlx5_2,0.000,0.000,0.000,0.000
2025-11-21 04:39:39,mlx5_3,0.000,0.000,0.000,0.000
2025-11-21 04:39:39,mlx5_4,0.000,0.000,0.000,0.000
2025-11-21 04:39:39,mlx5_5,0.000,0.000,0.000,0.000
2025-11-21 04:39:39,mlx5_6,0.000,0.000,0.000,0.000
2025-11-21 04:39:39,mlx5_7,0.000,0.000,1.272,0.002
2025-11-21 04:39:39,mlx5_8,0.000,0.000,0.000,0.000
2025-11-21 04:39:39,mlx5_9,0.000,0.000,0.000,0.000
2025-11-21 04:39:39,TOTAL,0.000,0.000,1.544,0.002
2025-11-21 04:39:40,mlx5_0,0.000,0.000,0.273,0.000
2025-11-21 04:39:40,mlx5_1,0.000,0.000,0.000,0.000
2025-11-21 04:39:40,mlx5_2,0.000,0.000,0.000,0.000
2025-11-21 04:39:40,mlx5_3,0.000,0.000,0.000,0.000
2025-11-21 04:39:40,mlx5_4,0.000,0.000,0.000,0.000
2025-11-21 04:39:40,mlx5_5,0.000,0.000,0.000,0.000
2025-11-21 04:39:40,mlx5_6,0.000,0.000,0.000,0.000
2025-11-21 04:39:40,mlx5_7,0.000,0.000,1.272,0.002
2025-11-21 04:39:40,mlx5_8,0.000,0.000,0.000,0.000
2025-11-21 04:39:40,mlx5_9,0.000,0.000,0.000,0.000
2025-11-21 04:39:40,TOTAL,0.000,0.000,1.544,0.002
2025-11-21 04:39:41,mlx5_0,0.000,0.000,0.273,0.000
2025-11-21 04:39:41,mlx5_1,0.000,0.000,0.000,0.000
2025-11-21 04:39:41,mlx5_2,0.000,0.000,0.000,0.000
2025-11-21 04:39:41,mlx5_3,0.000,0.000,0.000,0.000
2025-11-21 04:39:41,mlx5_4,0.000,0.000,0.000,0.000
2025-11-21 04:39:41,mlx5_5,0.000,0.000,0.000,0.000
2025-11-21 04:39:41,mlx5_6,0.000,0.000,0.000,0.000
2025-11-21 04:39:41,mlx5_7,0.000,0.000,1.272,0.002
2025-11-21 04:39:41,mlx5_8,0.000,0.000,0.000,0.000
2025-11-21 04:39:41,mlx5_9,0.000,0.000,0.000,0.000
2025-11-21 04:39:41,TOTAL,0.000,0.000,1.544,0.002
2025-11-21 04:39:42,mlx5_0,0.000,0.000,0.273,0.000
2025-11-21 04:39:42,mlx5_1,0.000,0.000,0.000,0.000
2025-11-21 04:39:42,mlx5_2,0.000,0.000,0.000,0.000
2025-11-21 04:39:42,mlx5_3,0.000,0.000,0.000,0.000
2025-11-21 04:39:42,mlx5_4,0.000,0.000,0.000,0.000
2025-11-21 04:39:42,mlx5_5,0.000,0.000,0.000,0.000
2025-11-21 04:39:42,mlx5_6,0.000,0.000,0.000,0.000
2025-11-21 04:39:42,mlx5_7,0.000,0.000,1.272,0.002
2025-11-21 04:39:42,mlx5_8,0.000,0.000,0.000,0.000
2025-11-21 04:39:42,mlx5_9,0.000,0.000,0.000,0.000
2025-11-21 04:39:42,TOTAL,0.000,0.000,1.544,0.002
2025-11-21 04:39:43,mlx5_0,0.000,0.000,0.273,0.000
2025-11-21 04:39:43,mlx5_1,0.000,0.000,0.000,0.000
2025-11-21 04:39:43,mlx5_2,0.000,0.000,0.000,0.000
2025-11-21 04:39:43,mlx5_3,0.000,0.000,0.000,0.000
2025-11-21 04:39:43,mlx5_4,0.000,0.000,0.000,0.000
2025-11-21 04:39:43,mlx5_5,0.000,0.000,0.000,0.000
2025-11-21 04:39:43,mlx5_6,0.000,0.000,0.000,0.000
2025-11-21 04:39:43,mlx5_7,0.000,0.000,1.272,0.002
2025-11-21 04:39:43,mlx5_8,0.000,0.000,0.000,0.000
2025-11-21 04:39:43,mlx5_9,0.000,0.000,0.000,0.000
2025-11-21 04:39:43,TOTAL,0.000,0.000,1.544,0.002
2025-11-21 04:39:44,mlx5_0,0.002,1.573,0.273,0.198
2025-11-21 04:39:44,mlx5_1,0.000,0.000,0.000,0.000
2025-11-21 04:39:44,mlx5_2,0.000,0.000,0.000,0.000
2025-11-21 04:39:44,mlx5_3,0.000,0.000,0.000,0.000
2025-11-21 04:39:44,mlx5_4,0.000,0.000,0.000,0.000
2025-11-21 04:39:44,mlx5_5,0.000,0.000,0.000,0.000
2025-11-21 04:39:44,mlx5_6,0.000,0.000,0.000,0.000
2025-11-21 04:39:44,mlx5_7,0.008,7.531,1.273,0.948
2025-11-21 04:39:44,mlx5_8,0.000,0.000,0.000,0.000
2025-11-21 04:39:44,mlx5_9,0.000,0.000,0.000,0.000
2025-11-21 04:39:44,TOTAL,0.009,9.104,1.545,1.146
2025-11-21 04:39:45,mlx5_0,0.000,0.000,0.273,0.198
2025-11-21 04:39:45,mlx5_1,0.000,0.000,0.000,0.000
2025-11-21 04:39:45,mlx5_2,0.000,0.000,0.000,0.000
2025-11-21 04:39:45,mlx5_3,0.000,0.000,0.000,0.000
2025-11-21 04:39:45,mlx5_4,0.000,0.000,0.000,0.000
2025-11-21 04:39:45,mlx5_5,0.000,0.000,0.000,0.000
2025-11-21 04:39:45,mlx5_6,0.000,0.000,0.000,0.000
2025-11-21 04:39:45,mlx5_7,0.000,0.000,1.273,0.948
2025-11-21 04:39:45,mlx5_8,0.000,0.000,0.000,0.000
2025-11-21 04:39:45,mlx5_9,0.000,0.000,0.000,0.000
2025-11-21 04:39:45,TOTAL,0.000,0.000,1.545,1.146
2025-11-21 04:39:46,mlx5_0,0.000,0.000,0.273,0.198
2025-11-21 04:39:46,mlx5_1,0.000,0.000,0.000,0.000
2025-11-21 04:39:46,mlx5_2,0.000,0.000,0.000,0.000
2025-11-21 04:39:46,mlx5_3,0.000,0.000,0.000,0.000
2025-11-21 04:39:46,mlx5_4,0.000,0.000,0.000,0.000
2025-11-21 04:39:46,mlx5_5,0.000,0.000,0.000,0.000
2025-11-21 04:39:46,mlx5_6,0.000,0.000,0.000,0.000
2025-11-21 04:39:46,mlx5_7,0.000,0.000,1.273,0.948
2025-11-21 04:39:46,mlx5_8,0.000,0.000,0.000,0.000
2025-11-21 04:39:46,mlx5_9,0.000,0.000,0.000,0.000
2025-11-21 04:39:46,TOTAL,0.000,0.000,1.545,1.146
2025-11-21 04:39:47,mlx5_0,0.000,0.000,0.273,0.198
2025-11-21 04:39:47,mlx5_1,0.000,0.000,0.000,0.000
2025-11-21 04:39:47,mlx5_2,0.000,0.000,0.000,0.000
2025-11-21 04:39:47,mlx5_3,0.000,0.000,0.000,0.000
2025-11-21 04:39:47,mlx5_4,0.000,0.000,0.000,0.000
2025-11-21 04:39:47,mlx5_5,0.000,0.000,0.000,0.000
2025-11-21 04:39:47,mlx5_6,0.000,0.000,0.000,0.000
2025-11-21 04:39:47,mlx5_7,0.000,0.000,1.273,0.948
2025-11-21 04:39:47,mlx5_8,0.000,0.000,0.000,0.000
2025-11-21 04:39:47,mlx5_9,0.000,0.000,0.000,0.000
2025-11-21 04:39:47,TOTAL,0.000,0.000,1.545,1.146
2025-11-21 04:39:48,mlx5_0,0.000,0.000,0.273,0.198
2025-11-21 04:39:48,mlx5_1,0.000,0.000,0.000,0.000
2025-11-21 04:39:48,mlx5_2,0.000,0.000,0.000,0.000
2025-11-21 04:39:48,mlx5_3,0.000,0.000,0.000,0.000
2025-11-21 04:39:48,mlx5_4,0.000,0.000,0.000,0.000
2025-11-21 04:39:48,mlx5_5,0.000,0.000,0.000,0.000
2025-11-21 04:39:48,mlx5_6,0.000,0.000,0.000,0.000
2025-11-21 04:39:48,mlx5_7,0.000,0.000,1.273,0.948
2025-11-21 04:39:48,mlx5_8,0.000,0.000,0.000,0.000
2025-11-21 04:39:48,mlx5_9,0.000,0.000,0.000,0.000
2025-11-21 04:39:48,TOTAL,0.000,0.000,1.545,1.146
2025-11-21 04:39:49,mlx5_0,0.000,0.000,0.273,0.198
2025-11-21 04:39:49,mlx5_1,0.000,0.000,0.000,0.000
2025-11-21 04:39:49,mlx5_2,0.000,0.000,0.000,0.000
2025-11-21 04:39:49,mlx5_3,0.000,0.000,0.000,0.000
2025-11-21 04:39:49,mlx5_4,0.000,0.000,0.000,0.000
2025-11-21 04:39:49,mlx5_5,0.000,0.000,0.000,0.000
2025-11-21 04:39:49,mlx5_6,0.000,0.000,0.000,0.000
2025-11-21 04:39:49,mlx5_7,0.000,0.000,1.273,0.948
2025-11-21 04:39:49,mlx5_8,0.000,0.000,0.000,0.000
2025-11-21 04:39:49,mlx5_9,0.000,0.000,0.000,0.000
2025-11-21 04:39:49,TOTAL,0.000,0.000,1.545,1.146
2025-11-21 04:39:50,mlx5_0,0.000,0.000,0.273,0.198
2025-11-21 04:39:50,mlx5_1,0.000,0.000,0.000,0.000
2025-11-21 04:39:50,mlx5_2,0.000,0.000,0.000,0.000
2025-11-21 04:39:50,mlx5_3,0.000,0.000,0.000,0.000
2025-11-21 04:39:50,mlx5_4,0.000,0.000,0.000,0.000
2025-11-21 04:39:50,mlx5_5,0.000,0.000,0.000,0.000
2025-11-21 04:39:50,mlx5_6,0.000,0.000,0.000,0.000
2025-11-21 04:39:50,mlx5_7,0.000,0.000,1.273,0.948
2025-11-21 04:39:50,mlx5_8,0.000,0.000,0.000,0.000
2025-11-21 04:39:50,mlx5_9,0.000,0.000,0.000,0.000
2025-11-21 04:39:50,TOTAL,0.000,0.000,1.545,1.146
2025-11-21 04:39:51,mlx5_0,0.000,0.000,0.273,0.198
2025-11-21 04:39:51,mlx5_1,0.000,0.000,0.000,0.000
2025-11-21 04:39:51,mlx5_2,0.000,0.000,0.000,0.000
2025-11-21 04:39:51,mlx5_3,0.000,0.000,0.000,0.000
2025-11-21 04:39:51,mlx5_4,0.000,0.000,0.000,0.000
2025-11-21 04:39:51,mlx5_5,0.000,0.000,0.000,0.000
2025-11-21 04:39:51,mlx5_6,0.000,0.000,0.000,0.000
2025-11-21 04:39:51,mlx5_7,0.000,0.000,1.273,0.948
2025-11-21 04:39:51,mlx5_8,0.000,0.000,0.000,0.000
2025-11-21 04:39:51,mlx5_9,0.000,0.000,0.000,0.000
2025-11-21 04:39:51,TOTAL,0.000,0.000,1.545,1.146
2025-11-21 04:39:52,mlx5_0,0.000,0.000,0.273,0.198
2025-11-21 04:39:52,mlx5_1,0.000,0.000,0.000,0.000
2025-11-21 04:39:52,mlx5_2,0.000,0.000,0.000,0.000
2025-11-21 04:39:52,mlx5_3,0.000,0.000,0.000,0.000
2025-11-21 04:39:52,mlx5_4,0.000,0.000,0.000,0.000
2025-11-21 04:39:52,mlx5_5,0.000,0.000,0.000,0.000
2025-11-21 04:39:52,mlx5_6,0.000,0.000,0.000,0.000
2025-11-21 04:39:52,mlx5_7,0.000,0.000,1.273,0.948
2025-11-21 04:39:52,mlx5_8,0.000,0.000,0.000,0.000
2025-11-21 04:39:52,mlx5_9,0.000,0.000,0.000,0.000
2025-11-21 04:39:52,TOTAL,0.000,0.000,1.545,1.146
2025-11-21 04:39:53,mlx5_0,0.000,0.000,0.273,0.198
2025-11-21 04:39:53,mlx5_1,0.000,0.000,0.000,0.000
2025-11-21 04:39:53,mlx5_2,0.000,0.000,0.000,0.000
2025-11-21 04:39:53,mlx5_3,0.000,0.000,0.000,0.000
2025-11-21 04:39:53,mlx5_4,0.000,0.000,0.000,0.000
2025-11-21 04:39:53,mlx5_5,0.000,0.000,0.000,0.000
2025-11-21 04:39:53,mlx5_6,0.000,0.000,0.000,0.000
2025-11-21 04:39:53,mlx5_7,0.000,0.000,1.273,0.948
2025-11-21 04:39:53,mlx5_8,0.000,0.000,0.000,0.000
2025-11-21 04:39:53,mlx5_9,0.000,0.000,0.000,0.000
2025-11-21 04:39:53,TOTAL,0.000,0.000,1.545,1.146
2025-11-21 04:39:54,mlx5_0,0.000,0.000,0.273,0.198
2025-11-21 04:39:54,mlx5_1,0.000,0.000,0.000,0.000
2025-11-21 04:39:54,mlx5_2,0.000,0.000,0.000,0.000
2025-11-21 04:39:54,mlx5_3,0.000,0.000,0.000,0.000
2025-11-21 04:39:54,mlx5_4,0.000,0.000,0.000,0.000
2025-11-21 04:39:54,mlx5_5,0.000,0.000,0.000,0.000
2025-11-21 04:39:54,mlx5_6,0.000,0.000,0.000,0.000
2025-11-21 04:39:54,mlx5_7,0.000,0.000,1.273,0.948
2025-11-21 04:39:54,mlx5_8,0.000,0.000,0.000,0.000
2025-11-21 04:39:54,mlx5_9,0.000,0.000,0.000,0.000
2025-11-21 04:39:54,TOTAL,0.000,0.000,1.546,1.147
2025-11-21 04:39:55,mlx5_0,0.000,0.000,0.273,0.198
2025-11-21 04:39:55,mlx5_1,0.000,0.000,0.000,0.000
2025-11-21 04:39:55,mlx5_2,0.000,0.000,0.000,0.000
2025-11-21 04:39:55,mlx5_3,0.000,0.000,0.000,0.000
2025-11-21 04:39:55,mlx5_4,0.000,0.000,0.000,0.000
2025-11-21 04:39:55,mlx5_5,0.000,0.000,0.000,0.000
2025-11-21 04:39:55,mlx5_6,0.000,0.000,0.000,0.000
2025-11-21 04:39:55,mlx5_7,0.000,0.000,1.273,0.948
2025-11-21 04:39:55,mlx5_8,0.000,0.000,0.000,0.000
2025-11-21 04:39:55,mlx5_9,0.000,0.000,0.000,0.000
2025-11-21 04:39:55,TOTAL,0.000,0.000,1.546,1.147
2025-11-21 04:39:56,mlx5_0,0.000,0.000,0.273,0.198
2025-11-21 04:39:56,mlx5_1,0.000,0.000,0.000,0.000
2025-11-21 04:39:56,mlx5_2,0.000,0.000,0.000,0.000
2025-11-21 04:39:56,mlx5_3,0.000,0.000,0.000,0.000
2025-11-21 04:39:56,mlx5_4,0.000,0.000,0.000,0.000
2025-11-21 04:39:56,mlx5_5,0.000,0.000,0.000,0.000
2025-11-21 04:39:56,mlx5_6,0.000,0.000,0.000,0.000
2025-11-21 04:39:56,mlx5_7,0.000,0.000,1.273,0.948
2025-11-21 04:39:56,mlx5_8,0.000,0.000,0.000,0.000
2025-11-21 04:39:56,mlx5_9,0.000,0.000,0.000,0.000
2025-11-21 04:39:56,TOTAL,0.000,0.000,1.546,1.147
2025-11-21 04:39:57,mlx5_0,1.374,0.001,0.446,0.198
2025-11-21 04:39:57,mlx5_1,0.000,0.000,0.000,0.000
2025-11-21 04:39:57,mlx5_2,0.000,0.000,0.000,0.000
2025-11-21 04:39:57,mlx5_3,0.000,0.000,0.000,0.000
2025-11-21 04:39:57,mlx5_4,0.000,0.000,0.000,0.000
2025-11-21 04:39:57,mlx5_5,0.000,0.000,0.000,0.000
2025-11-21 04:39:57,mlx5_6,0.000,0.000,0.000,0.000
2025-11-21 04:39:57,mlx5_7,7.126,0.005,2.168,0.949
2025-11-21 04:39:57,mlx5_8,0.000,0.000,0.000,0.000
2025-11-21 04:39:57,mlx5_9,0.000,0.000,0.000,0.000
2025-11-21 04:39:57,TOTAL,8.500,0.006,2.614,1.147
2025-11-21 04:39:58,mlx5_0,5.089,0.003,1.086,0.199
2025-11-21 04:39:58,mlx5_1,0.000,0.000,0.000,0.000
2025-11-21 04:39:58,mlx5_2,0.000,0.000,0.000,0.000
2025-11-21 04:39:58,mlx5_3,0.000,0.000,0.000,0.000
2025-11-21 04:39:58,mlx5_4,0.000,0.000,0.000,0.000
2025-11-21 04:39:58,mlx5_5,0.000,0.000,0.000,0.000
2025-11-21 04:39:58,mlx5_6,0.000,0.000,0.000,0.000
2025-11-21 04:39:58,mlx5_7,30.517,0.020,6.006,0.952
2025-11-21 04:39:58,mlx5_8,0.000,0.000,0.000,0.000
2025-11-21 04:39:58,mlx5_9,0.000,0.000,0.000,0.000
2025-11-21 04:39:58,TOTAL,35.606,0.023,7.092,1.150
2025-11-21 04:39:59,mlx5_0,6.131,0.004,1.859,0.199
2025-11-21 04:39:59,mlx5_1,0.000,0.000,0.000,0.000
2025-11-21 04:39:59,mlx5_2,0.000,0.000,0.000,0.000
2025-11-21 04:39:59,mlx5_3,0.000,0.000,0.000,0.000
2025-11-21 04:39:59,mlx5_4,0.000,0.000,0.000,0.000
2025-11-21 04:39:59,mlx5_5,0.000,0.000,0.000,0.000
2025-11-21 04:39:59,mlx5_6,0.000,0.000,0.000,0.000
2025-11-21 04:39:59,mlx5_7,30.560,0.020,9.859,0.954
2025-11-21 04:39:59,mlx5_8,0.000,0.000,0.000,0.000
2025-11-21 04:39:59,mlx5_9,0.000,0.000,0.000,0.000
2025-11-21 04:39:59,TOTAL,36.690,0.024,11.718,1.153
2025-11-21 04:40:00,mlx5_0,2.708,0.002,2.200,0.199
2025-11-21 04:40:00,mlx5_1,0.000,0.000,0.000,0.000
2025-11-21 04:40:00,mlx5_2,0.000,0.000,0.000,0.000
2025-11-21 04:40:00,mlx5_3,0.000,0.000,0.000,0.000
2025-11-21 04:40:00,mlx5_4,0.000,0.000,0.000,0.000
2025-11-21 04:40:00,mlx5_5,0.000,0.000,0.000,0.000
2025-11-21 04:40:00,mlx5_6,0.000,0.000,0.000,0.000
2025-11-21 04:40:00,mlx5_7,11.083,0.008,11.256,0.955
2025-11-21 04:40:00,mlx5_8,0.000,0.000,0.000,0.000
2025-11-21 04:40:00,mlx5_9,0.000,0.000,0.000,0.000
2025-11-21 04:40:00,TOTAL,13.791,0.009,13.455,1.154
2025-11-21 04:40:01,mlx5_0,0.000,0.000,2.200,0.199
2025-11-21 04:40:01,mlx5_1,0.000,0.000,0.000,0.000
2025-11-21 04:40:01,mlx5_2,0.000,0.000,0.000,0.000
2025-11-21 04:40:01,mlx5_3,0.000,0.000,0.000,0.000
2025-11-21 04:40:01,mlx5_4,0.000,0.000,0.000,0.000
2025-11-21 04:40:01,mlx5_5,0.000,0.000,0.000,0.000
2025-11-21 04:40:01,mlx5_6,0.000,0.000,0.000,0.000
2025-11-21 04:40:01,mlx5_7,0.000,0.000,11.256,0.955
2025-11-21 04:40:01,mlx5_8,0.000,0.000,0.000,0.000
2025-11-21 04:40:01,mlx5_9,0.000,0.000,0.000,0.000
2025-11-21 04:40:01,TOTAL,0.000,0.000,13.455,1.154
2025-11-21 04:40:02,mlx5_0,0.000,0.000,2.200,0.199
2025-11-21 04:40:02,mlx5_1,0.000,0.000,0.000,0.000
2025-11-21 04:40:02,mlx5_2,0.000,0.000,0.000,0.000
2025-11-21 04:40:02,mlx5_3,0.000,0.000,0.000,0.000
2025-11-21 04:40:02,mlx5_4,0.000,0.000,0.000,0.000
2025-11-21 04:40:02,mlx5_5,0.000,0.000,0.000,0.000
2025-11-21 04:40:02,mlx5_6,0.000,0.000,0.000,0.000
2025-11-21 04:40:02,mlx5_7,0.000,0.000,11.256,0.955
2025-11-21 04:40:02,mlx5_8,0.000,0.000,0.000,0.000
2025-11-21 04:40:02,mlx5_9,0.000,0.000,0.000,0.000
2025-11-21 04:40:02,TOTAL,0.000,0.000,13.455,1.154
2025-11-21 04:40:03,mlx5_0,0.000,0.000,2.200,0.199
2025-11-21 04:40:03,mlx5_1,0.000,0.000,0.000,0.000
2025-11-21 04:40:03,mlx5_2,0.000,0.000,0.000,0.000
2025-11-21 04:40:03,mlx5_3,0.000,0.000,0.000,0.000
2025-11-21 04:40:03,mlx5_4,0.000,0.000,0.000,0.000
2025-11-21 04:40:03,mlx5_5,0.000,0.000,0.000,0.000
2025-11-21 04:40:03,mlx5_6,0.000,0.000,0.000,0.000
2025-11-21 04:40:03,mlx5_7,0.000,0.000,11.256,0.955
2025-11-21 04:40:03,mlx5_8,0.000,0.000,0.000,0.000
2025-11-21 04:40:03,mlx5_9,0.000,0.000,0.000,0.000
2025-11-21 04:40:03,TOTAL,0.000,0.000,13.455,1.154
2025-11-21 04:40:04,mlx5_0,0.000,0.000,2.200,0.199
2025-11-21 04:40:04,mlx5_1,0.000,0.000,0.000,0.000
2025-11-21 04:40:04,mlx5_2,0.000,0.000,0.000,0.000
2025-11-21 04:40:04,mlx5_3,0.000,0.000,0.000,0.000
2025-11-21 04:40:04,mlx5_4,0.000,0.000,0.000,0.000
2025-11-21 04:40:04,mlx5_5,0.000,0.000,0.000,0.000
2025-11-21 04:40:04,mlx5_6,0.000,0.000,0.000,0.000
2025-11-21 04:40:04,mlx5_7,0.000,0.000,11.256,0.955
2025-11-21 04:40:04,mlx5_8,0.000,0.000,0.000,0.000
2025-11-21 04:40:04,mlx5_9,0.000,0.000,0.000,0.000
2025-11-21 04:40:04,TOTAL,0.000,0.000,13.455,1.154
2025-11-21 04:40:05,mlx5_0,0.000,0.000,2.200,0.199
2025-11-21 04:40:05,mlx5_1,0.000,0.000,0.000,0.000
2025-11-21 04:40:05,mlx5_2,0.000,0.000,0.000,0.000
2025-11-21 04:40:05,mlx5_3,0.000,0.000,0.000,0.000
2025-11-21 04:40:05,mlx5_4,0.000,0.000,0.000,0.000
2025-11-21 04:40:05,mlx5_5,0.000,0.000,0.000,0.000
2025-11-21 04:40:05,mlx5_6,0.000,0.000,0.000,0.000
2025-11-21 04:40:05,mlx5_7,0.000,0.000,11.256,0.955
2025-11-21 04:40:05,mlx5_8,0.000,0.000,0.000,0.000
2025-11-21 04:40:05,mlx5_9,0.000,0.000,0.000,0.000
2025-11-21 04:40:05,TOTAL,0.000,0.000,13.455,1.154
2025-11-21 04:40:06,mlx5_0,0.000,0.000,2.200,0.199
2025-11-21 04:40:06,mlx5_1,0.000,0.000,0.000,0.000
2025-11-21 04:40:06,mlx5_2,0.000,0.000,0.000,0.000
2025-11-21 04:40:06,mlx5_3,0.000,0.000,0.000,0.000
2025-11-21 04:40:06,mlx5_4,0.000,0.000,0.000,0.000
2025-11-21 04:40:06,mlx5_5,0.000,0.000,0.000,0.000
2025-11-21 04:40:06,mlx5_6,0.000,0.000,0.000,0.000
2025-11-21 04:40:06,mlx5_7,0.000,0.000,11.256,0.955
2025-11-21 04:40:06,mlx5_8,0.000,0.000,0.000,0.000
2025-11-21 04:40:06,mlx5_9,0.000,0.000,0.000,0.000
2025-11-21 04:40:06,TOTAL,0.000,0.000,13.455,1.154
2025-11-21 04:40:07,mlx5_0,0.000,0.000,2.200,0.199
2025-11-21 04:40:07,mlx5_1,0.000,0.000,0.000,0.000
2025-11-21 04:40:07,mlx5_2,0.000,0.000,0.000,0.000
2025-11-21 04:40:07,mlx5_3,0.000,0.000,0.000,0.000
2025-11-21 04:40:07,mlx5_4,0.000,0.000,0.000,0.000
2025-11-21 04:40:07,mlx5_5,0.000,0.000,0.000,0.000
2025-11-21 04:40:07,mlx5_6,0.000,0.000,0.000,0.000
2025-11-21 04:40:07,mlx5_7,0.000,0.000,11.256,0.955
2025-11-21 04:40:07,mlx5_8,0.000,0.000,0.000,0.000
2025-11-21 04:40:07,mlx5_9,0.000,0.000,0.000,0.000
2025-11-21 04:40:07,TOTAL,0.000,0.000,13.455,1.154
2025-11-21 04:40:08,mlx5_0,0.000,0.000,2.200,0.199
2025-11-21 04:40:08,mlx5_1,0.000,0.000,0.000,0.000
2025-11-21 04:40:08,mlx5_2,0.000,0.000,0.000,0.000
2025-11-21 04:40:08,mlx5_3,0.000,0.000,0.000,0.000
2025-11-21 04:40:08,mlx5_4,0.000,0.000,0.000,0.000
2025-11-21 04:40:08,mlx5_5,0.000,0.000,0.000,0.000
2025-11-21 04:40:08,mlx5_6,0.000,0.000,0.000,0.000
2025-11-21 04:40:08,mlx5_7,0.000,0.000,11.256,0.955
2025-11-21 04:40:08,mlx5_8,0.000,0.000,0.000,0.000
2025-11-21 04:40:08,mlx5_9,0.000,0.000,0.000,0.000
2025-11-21 04:40:08,TOTAL,0.000,0.000,13.455,1.154
2025-11-21 04:40:09,mlx5_0,0.000,0.000,2.200,0.199
2025-11-21 04:40:09,mlx5_1,0.000,0.000,0.000,0.000
2025-11-21 04:40:09,mlx5_2,0.000,0.000,0.000,0.000
2025-11-21 04:40:09,mlx5_3,0.000,0.000,0.000,0.000
2025-11-21 04:40:09,mlx5_4,0.000,0.000,0.000,0.000
2025-11-21 04:40:09,mlx5_5,0.000,0.000,0.000,0.000
2025-11-21 04:40:09,mlx5_6,0.000,0.000,0.000,0.000
2025-11-21 04:40:09,mlx5_7,0.000,0.000,11.256,0.955
2025-11-21 04:40:09,mlx5_8,0.000,0.000,0.000,0.000
2025-11-21 04:40:09,mlx5_9,0.000,0.000,0.000,0.000
2025-11-21 04:40:09,TOTAL,0.000,0.000,13.455,1.154
2025-11-21 04:40:10,mlx5_0,0.000,0.000,2.200,0.199
2025-11-21 04:40:10,mlx5_1,0.000,0.000,0.000,0.000
2025-11-21 04:40:10,mlx5_2,0.000,0.000,0.000,0.000
2025-11-21 04:40:10,mlx5_3,0.000,0.000,0.000,0.000
2025-11-21 04:40:10,mlx5_4,0.000,0.000,0.000,0.000
2025-11-21 04:40:10,mlx5_5,0.000,0.000,0.000,0.000
2025-11-21 04:40:10,mlx5_6,0.000,0.000,0.000,0.000
2025-11-21 04:40:10,mlx5_7,0.000,0.000,11.256,0.955
2025-11-21 04:40:10,mlx5_8,0.000,0.000,0.000,0.000
2025-11-21 04:40:10,mlx5_9,0.000,0.000,0.000,0.000
2025-11-21 04:40:10,TOTAL,0.000,0.000,13.455,1.154
2025-11-21 04:40:11,mlx5_0,0.000,0.000,2.200,0.199
2025-11-21 04:40:11,mlx5_1,0.000,0.000,0.000,0.000
2025-11-21 04:40:11,mlx5_2,0.000,0.000,0.000,0.000
2025-11-21 04:40:11,mlx5_3,0.000,0.000,0.000,0.000
2025-11-21 04:40:11,mlx5_4,0.000,0.000,0.000,0.000
2025-11-21 04:40:11,mlx5_5,0.000,0.000,0.000,0.000
2025-11-21 04:40:11,mlx5_6,0.000,0.000,0.000,0.000
2025-11-21 04:40:11,mlx5_7,0.000,0.000,11.256,0.955
2025-11-21 04:40:11,mlx5_8,0.000,0.000,0.000,0.000
2025-11-21 04:40:11,mlx5_9,0.000,0.000,0.000,0.000
2025-11-21 04:40:11,TOTAL,0.000,0.000,13.455,1.154
2025-11-21 04:40:12,mlx5_0,0.001,1.305,2.200,0.363
2025-11-21 04:40:12,mlx5_1,0.000,0.000,0.000,0.000
2025-11-21 04:40:12,mlx5_2,0.000,0.000,0.000,0.000
2025-11-21 04:40:12,mlx5_3,0.000,0.000,0.000,0.000
2025-11-21 04:40:12,mlx5_4,0.000,0.000,0.000,0.000
2025-11-21 04:40:12,mlx5_5,0.000,0.000,0.000,0.000
2025-11-21 04:40:12,mlx5_6,0.000,0.000,0.000,0.000
2025-11-21 04:40:12,mlx5_7,0.003,3.341,11.256,1.375
2025-11-21 04:40:12,mlx5_8,0.000,0.000,0.000,0.000
2025-11-21 04:40:12,mlx5_9,0.000,0.000,0.000,0.000
2025-11-21 04:40:12,TOTAL,0.004,4.646,13.456,1.739
2025-11-21 04:40:13,mlx5_0,0.002,3.105,2.200,0.754
2025-11-21 04:40:13,mlx5_1,0.000,0.000,0.000,0.000
2025-11-21 04:40:13,mlx5_2,0.000,0.000,0.000,0.000
2025-11-21 04:40:13,mlx5_3,0.000,0.000,0.000,0.000
2025-11-21 04:40:13,mlx5_4,0.000,0.000,0.000,0.000
2025-11-21 04:40:13,mlx5_5,0.000,0.000,0.000,0.000
2025-11-21 04:40:13,mlx5_6,0.000,0.000,0.000,0.000
2025-11-21 04:40:13,mlx5_7,0.010,11.030,11.257,2.762
2025-11-21 04:40:13,mlx5_8,0.000,0.000,0.000,0.000
2025-11-21 04:40:13,mlx5_9,0.000,0.000,0.000,0.000
2025-11-21 04:40:13,TOTAL,0.012,14.135,13.457,3.516
2025-11-21 04:40:14,mlx5_0,0.009,13.639,2.201,2.471
2025-11-21 04:40:14,mlx5_1,0.000,0.000,0.000,0.000
2025-11-21 04:40:14,mlx5_2,0.000,0.000,0.000,0.000
2025-11-21 04:40:14,mlx5_3,0.000,0.000,0.000,0.000
2025-11-21 04:40:14,mlx5_4,0.000,0.000,0.000,0.000
2025-11-21 04:40:14,mlx5_5,0.000,0.000,0.000,0.000
2025-11-21 04:40:14,mlx5_6,0.000,0.000,0.000,0.000
2025-11-21 04:40:14,mlx5_7,0.042,46.662,11.263,8.637
2025-11-21 04:40:14,mlx5_8,0.000,0.000,0.000,0.000
2025-11-21 04:40:14,mlx5_9,0.000,0.000,0.000,0.000
2025-11-21 04:40:14,TOTAL,0.051,60.301,13.464,11.108
2025-11-21 04:40:15,mlx5_0,0.004,5.636,2.202,3.180
2025-11-21 04:40:15,mlx5_1,0.000,0.000,0.000,0.000
2025-11-21 04:40:15,mlx5_2,0.000,0.000,0.000,0.000
2025-11-21 04:40:15,mlx5_3,0.000,0.000,0.000,0.000
2025-11-21 04:40:15,mlx5_4,0.000,0.000,0.000,0.000
2025-11-21 04:40:15,mlx5_5,0.000,0.000,0.000,0.000
2025-11-21 04:40:15,mlx5_6,0.000,0.000,0.000,0.000
2025-11-21 04:40:15,mlx5_7,0.015,17.197,11.265,10.800
2025-11-21 04:40:15,mlx5_8,0.000,0.000,0.000,0.000
2025-11-21 04:40:15,mlx5_9,0.000,0.000,0.000,0.000
2025-11-21 04:40:15,TOTAL,0.019,22.833,13.466,13.981
2025-11-21 04:40:16,mlx5_0,0.000,0.000,2.202,3.180
2025-11-21 04:40:16,mlx5_1,0.000,0.000,0.000,0.000
2025-11-21 04:40:16,mlx5_2,0.000,0.000,0.000,0.000
2025-11-21 04:40:16,mlx5_3,0.000,0.000,0.000,0.000
2025-11-21 04:40:16,mlx5_4,0.000,0.000,0.000,0.000
2025-11-21 04:40:16,mlx5_5,0.000,0.000,0.000,0.000
2025-11-21 04:40:16,mlx5_6,0.000,0.000,0.000,0.000
2025-11-21 04:40:16,mlx5_7,0.000,0.000,11.265,10.800
2025-11-21 04:40:16,mlx5_8,0.000,0.000,0.000,0.000
2025-11-21 04:40:16,mlx5_9,0.000,0.000,0.000,0.000
2025-11-21 04:40:16,TOTAL,0.000,0.000,13.466,13.981
2025-11-21 04:40:17,mlx5_0,0.000,0.000,2.202,3.180
2025-11-21 04:40:17,mlx5_1,0.000,0.000,0.000,0.000
2025-11-21 04:40:17,mlx5_2,0.000,0.000,0.000,0.000
2025-11-21 04:40:17,mlx5_3,0.000,0.000,0.000,0.000
2025-11-21 04:40:17,mlx5_4,0.000,0.000,0.000,0.000
2025-11-21 04:40:17,mlx5_5,0.000,0.000,0.000,0.000
2025-11-21 04:40:17,mlx5_6,0.000,0.000,0.000,0.000
2025-11-21 04:40:17,mlx5_7,0.000,0.000,11.265,10.800
2025-11-21 04:40:17,mlx5_8,0.000,0.000,0.000,0.000
2025-11-21 04:40:17,mlx5_9,0.000,0.000,0.000,0.000
2025-11-21 04:40:17,TOTAL,0.000,0.000,13.466,13.981
2025-11-21 04:40:18,mlx5_0,0.000,0.000,2.202,3.180
2025-11-21 04:40:18,mlx5_1,0.000,0.000,0.000,0.000
2025-11-21 04:40:18,mlx5_2,0.000,0.000,0.000,0.000
2025-11-21 04:40:18,mlx5_3,0.000,0.000,0.000,0.000
2025-11-21 04:40:18,mlx5_4,0.000,0.000,0.000,0.000
2025-11-21 04:40:18,mlx5_5,0.000,0.000,0.000,0.000
2025-11-21 04:40:18,mlx5_6,0.000,0.000,0.000,0.000
2025-11-21 04:40:18,mlx5_7,0.000,0.000,11.265,10.800
2025-11-21 04:40:18,mlx5_8,0.000,0.000,0.000,0.000
2025-11-21 04:40:18,mlx5_9,0.000,0.000,0.000,0.000
2025-11-21 04:40:18,TOTAL,0.000,0.000,13.466,13.981
2025-11-21 04:40:19,mlx5_0,0.000,0.000,2.202,3.180
2025-11-21 04:40:19,mlx5_1,0.000,0.000,0.000,0.000
2025-11-21 04:40:19,mlx5_2,0.000,0.000,0.000,0.000
2025-11-21 04:40:19,mlx5_3,0.000,0.000,0.000,0.000
2025-11-21 04:40:19,mlx5_4,0.000,0.000,0.000,0.000
2025-11-21 04:40:19,mlx5_5,0.000,0.000,0.000,0.000
2025-11-21 04:40:19,mlx5_6,0.000,0.000,0.000,0.000
2025-11-21 04:40:19,mlx5_7,0.000,0.000,11.265,10.800
2025-11-21 04:40:19,mlx5_8,0.000,0.000,0.000,0.000
2025-11-21 04:40:19,mlx5_9,0.000,0.000,0.000,0.000
2025-11-21 04:40:19,TOTAL,0.000,0.000,13.466,13.981
2025-11-21 04:40:20,mlx5_0,0.000,0.000,2.202,3.180
2025-11-21 04:40:20,mlx5_1,0.000,0.000,0.000,0.000
2025-11-21 04:40:20,mlx5_2,0.000,0.000,0.000,0.000
2025-11-21 04:40:20,mlx5_3,0.000,0.000,0.000,0.000
2025-11-21 04:40:20,mlx5_4,0.000,0.000,0.000,0.000
2025-11-21 04:40:20,mlx5_5,0.000,0.000,0.000,0.000
2025-11-21 04:40:20,mlx5_6,0.000,0.000,0.000,0.000
2025-11-21 04:40:20,mlx5_7,0.000,0.000,11.265,10.800
2025-11-21 04:40:20,mlx5_8,0.000,0.000,0.000,0.000
2025-11-21 04:40:20,mlx5_9,0.000,0.000,0.000,0.000
2025-11-21 04:40:20,TOTAL,0.000,0.000,13.466,13.981
2025-11-21 04:40:21,mlx5_0,0.000,0.000,2.202,3.180
2025-11-21 04:40:21,mlx5_1,0.000,0.000,0.000,0.000
2025-11-21 04:40:21,mlx5_2,0.000,0.000,0.000,0.000
2025-11-21 04:40:21,mlx5_3,0.000,0.000,0.000,0.000
2025-11-21 04:40:21,mlx5_4,0.000,0.000,0.000,0.000
2025-11-21 04:40:21,mlx5_5,0.000,0.000,0.000,0.000
2025-11-21 04:40:21,mlx5_6,0.000,0.000,0.000,0.000
2025-11-21 04:40:21,mlx5_7,0.000,0.000,11.265,10.800
2025-11-21 04:40:21,mlx5_8,0.000,0.000,0.000,0.000
2025-11-21 04:40:21,mlx5_9,0.000,0.000,0.000,0.000
2025-11-21 04:40:21,TOTAL,0.000,0.000,13.466,13.981
2025-11-21 04:40:22,mlx5_0,0.000,0.000,2.202,3.180
2025-11-21 04:40:22,mlx5_1,0.000,0.000,0.000,0.000
2025-11-21 04:40:22,mlx5_2,0.000,0.000,0.000,0.000
2025-11-21 04:40:22,mlx5_3,0.000,0.000,0.000,0.000
2025-11-21 04:40:22,mlx5_4,0.000,0.000,0.000,0.000
2025-11-21 04:40:22,mlx5_5,0.000,0.000,0.000,0.000
2025-11-21 04:40:22,mlx5_6,0.000,0.000,0.000,0.000
2025-11-21 04:40:22,mlx5_7,0.000,0.000,11.265,10.800
2025-11-21 04:40:22,mlx5_8,0.000,0.000,0.000,0.000
2025-11-21 04:40:22,mlx5_9,0.000,0.000,0.000,0.000
2025-11-21 04:40:22,TOTAL,0.000,0.000,13.466,13.981
2025-11-21 04:40:23,mlx5_0,0.000,0.000,2.202,3.180
2025-11-21 04:40:23,mlx5_1,0.000,0.000,0.000,0.000
2025-11-21 04:40:23,mlx5_2,0.000,0.000,0.000,0.000
2025-11-21 04:40:23,mlx5_3,0.000,0.000,0.000,0.000
2025-11-21 04:40:23,mlx5_4,0.000,0.000,0.000,0.000
2025-11-21 04:40:23,mlx5_5,0.000,0.000,0.000,0.000
2025-11-21 04:40:23,mlx5_6,0.000,0.000,0.000,0.000
2025-11-21 04:40:23,mlx5_7,0.000,0.000,11.265,10.800
2025-11-21 04:40:23,mlx5_8,0.000,0.000,0.000,0.000
2025-11-21 04:40:23,mlx5_9,0.000,0.000,0.000,0.000
2025-11-21 04:40:23,TOTAL,0.000,0.000,13.466,13.981
2025-11-21 04:40:24,mlx5_0,0.000,0.000,2.202,3.180
2025-11-21 04:40:24,mlx5_1,0.000,0.000,0.000,0.000
2025-11-21 04:40:24,mlx5_2,0.000,0.000,0.000,0.000
2025-11-21 04:40:24,mlx5_3,0.000,0.000,0.000,0.000
2025-11-21 04:40:24,mlx5_4,0.000,0.000,0.000,0.000
2025-11-21 04:40:24,mlx5_5,0.000,0.000,0.000,0.000
2025-11-21 04:40:24,mlx5_6,0.000,0.000,0.000,0.000
2025-11-21 04:40:24,mlx5_7,0.000,0.000,11.265,10.800
2025-11-21 04:40:24,mlx5_8,0.000,0.000,0.000,0.000
2025-11-21 04:40:24,mlx5_9,0.000,0.000,0.000,0.000
2025-11-21 04:40:24,TOTAL,0.000,0.000,13.466,13.981
2025-11-21 04:40:25,mlx5_0,0.000,0.000,2.202,3.180
2025-11-21 04:40:25,mlx5_1,0.000,0.000,0.000,0.000
2025-11-21 04:40:25,mlx5_2,0.000,0.000,0.000,0.000
2025-11-21 04:40:25,mlx5_3,0.000,0.000,0.000,0.000
2025-11-21 04:40:25,mlx5_4,0.000,0.000,0.000,0.000
2025-11-21 04:40:25,mlx5_5,0.000,0.000,0.000,0.000
2025-11-21 04:40:25,mlx5_6,0.000,0.000,0.000,0.000
2025-11-21 04:40:25,mlx5_7,0.000,0.000,11.265,10.800
2025-11-21 04:40:25,mlx5_8,0.000,0.000,0.000,0.000
2025-11-21 04:40:25,mlx5_9,0.000,0.000,0.000,0.000
2025-11-21 04:40:25,TOTAL,0.000,0.000,13.466,13.981
2025-11-21 04:40:26,mlx5_0,0.000,0.000,2.202,3.180
2025-11-21 04:40:26,mlx5_1,0.000,0.000,0.000,0.000
2025-11-21 04:40:26,mlx5_2,0.000,0.000,0.000,0.000
2025-11-21 04:40:26,mlx5_3,0.000,0.000,0.000,0.000
2025-11-21 04:40:26,mlx5_4,0.000,0.000,0.000,0.000
2025-11-21 04:40:26,mlx5_5,0.000,0.000,0.000,0.000
2025-11-21 04:40:26,mlx5_6,0.000,0.000,0.000,0.000
2025-11-21 04:40:26,mlx5_7,0.000,0.000,11.265,10.800
2025-11-21 04:40:26,mlx5_8,0.000,0.000,0.000,0.000
2025-11-21 04:40:26,mlx5_9,0.000,0.000,0.000,0.000
2025-11-21 04:40:26,TOTAL,0.000,0.000,13.466,13.981
2025-11-21 04:40:27,mlx5_0,0.000,0.000,2.202,3.180
2025-11-21 04:40:27,mlx5_1,0.000,0.000,0.000,0.000
2025-11-21 04:40:27,mlx5_2,0.000,0.000,0.000,0.000
2025-11-21 04:40:27,mlx5_3,0.000,0.000,0.000,0.000
2025-11-21 04:40:27,mlx5_4,0.000,0.000,0.000,0.000
2025-11-21 04:40:27,mlx5_5,0.000,0.000,0.000,0.000
2025-11-21 04:40:27,mlx5_6,0.000,0.000,0.000,0.000
2025-11-21 04:40:27,mlx5_7,0.000,0.000,11.265,10.800
2025-11-21 04:40:27,mlx5_8,0.000,0.000,0.000,0.000
2025-11-21 04:40:27,mlx5_9,0.000,0.000,0.000,0.000
2025-11-21 04:40:27,TOTAL,0.000,0.000,13.466,13.981
2025-11-21 04:40:28,mlx5_0,0.000,0.000,2.202,3.180
2025-11-21 04:40:28,mlx5_1,0.000,0.000,0.000,0.000
2025-11-21 04:40:28,mlx5_2,0.000,0.000,0.000,0.000
2025-11-21 04:40:28,mlx5_3,0.000,0.000,0.000,0.000
2025-11-21 04:40:28,mlx5_4,0.000,0.000,0.000,0.000
2025-11-21 04:40:28,mlx5_5,0.000,0.000,0.000,0.000
2025-11-21 04:40:28,mlx5_6,0.000,0.000,0.000,0.000
2025-11-21 04:40:28,mlx5_7,0.000,0.000,11.265,10.800
2025-11-21 04:40:28,mlx5_8,0.000,0.000,0.000,0.000
2025-11-21 04:40:28,mlx5_9,0.000,0.000,0.000,0.000
2025-11-21 04:40:28,TOTAL,0.000,0.000,13.466,13.981
2025-11-21 04:40:29,mlx5_0,0.000,0.422,2.202,3.233
2025-11-21 04:40:29,mlx5_1,0.000,0.000,0.000,0.000
2025-11-21 04:40:29,mlx5_2,0.000,0.000,0.000,0.000
2025-11-21 04:40:29,mlx5_3,0.000,0.000,0.000,0.000
2025-11-21 04:40:29,mlx5_4,0.000,0.000,0.000,0.000
2025-11-21 04:40:29,mlx5_5,0.000,0.000,0.000,0.000
2025-11-21 04:40:29,mlx5_6,0.000,0.000,0.000,0.000
2025-11-21 04:40:29,mlx5_7,0.002,1.736,11.265,11.019
2025-11-21 04:40:29,mlx5_8,0.000,0.000,0.000,0.000
2025-11-21 04:40:29,mlx5_9,0.000,0.000,0.000,0.000
2025-11-21 04:40:29,TOTAL,0.002,2.158,13.467,14.252
2025-11-21 04:40:30,mlx5_0,6.947,0.003,3.076,3.234
2025-11-21 04:40:30,mlx5_1,0.000,0.000,0.000,0.000
2025-11-21 04:40:30,mlx5_2,0.000,0.000,0.000,0.000
2025-11-21 04:40:30,mlx5_3,0.000,0.000,0.000,0.000
2025-11-21 04:40:30,mlx5_4,0.000,0.000,0.000,0.000
2025-11-21 04:40:30,mlx5_5,0.000,0.000,0.000,0.000
2025-11-21 04:40:30,mlx5_6,0.000,0.000,0.000,0.000
2025-11-21 04:40:30,mlx5_7,36.081,1.181,15.804,11.167
2025-11-21 04:40:30,mlx5_8,0.000,0.000,0.000,0.000
2025-11-21 04:40:30,mlx5_9,0.000,0.000,0.000,0.000
2025-11-21 04:40:30,TOTAL,43.027,1.185,18.880,14.401
2025-11-21 04:40:31,mlx5_0,0.003,3.889,3.076,3.723
2025-11-21 04:40:31,mlx5_1,0.000,0.000,0.000,0.000
2025-11-21 04:40:31,mlx5_2,0.000,0.000,0.000,0.000
2025-11-21 04:40:31,mlx5_3,0.000,0.000,0.000,0.000
2025-11-21 04:40:31,mlx5_4,0.000,0.000,0.000,0.000
2025-11-21 04:40:31,mlx5_5,0.000,0.000,0.000,0.000
2025-11-21 04:40:31,mlx5_6,0.000,0.000,0.000,0.000
2025-11-21 04:40:31,mlx5_7,0.014,15.651,15.806,13.139
2025-11-21 04:40:31,mlx5_8,0.000,0.000,0.000,0.000
2025-11-21 04:40:31,mlx5_9,0.000,0.000,0.000,0.000
2025-11-21 04:40:31,TOTAL,0.017,19.539,18.882,16.862
2025-11-21 04:40:32,mlx5_0,0.004,7.116,3.077,4.617
2025-11-21 04:40:32,mlx5_1,0.000,0.000,0.000,0.000
2025-11-21 04:40:32,mlx5_2,0.000,0.000,0.000,0.000
2025-11-21 04:40:32,mlx5_3,0.000,0.000,0.000,0.000
2025-11-21 04:40:32,mlx5_4,0.000,0.000,0.000,0.000
2025-11-21 04:40:32,mlx5_5,0.000,0.000,0.000,0.000
2025-11-21 04:40:32,mlx5_6,0.000,0.000,0.000,0.000
2025-11-21 04:40:32,mlx5_7,0.016,17.302,15.808,15.313
2025-11-21 04:40:32,mlx5_8,0.000,0.000,0.000,0.000
2025-11-21 04:40:32,mlx5_9,0.000,0.000,0.000,0.000
2025-11-21 04:40:32,TOTAL,0.020,24.418,18.885,19.930
2025-11-21 04:40:33,mlx5_0,0.002,2.768,3.077,4.966
2025-11-21 04:40:33,mlx5_1,0.000,0.000,0.000,0.000
2025-11-21 04:40:33,mlx5_2,0.000,0.000,0.000,0.000
2025-11-21 04:40:33,mlx5_3,0.000,0.000,0.000,0.000
2025-11-21 04:40:33,mlx5_4,0.000,0.000,0.000,0.000
2025-11-21 04:40:33,mlx5_5,0.000,0.000,0.000,0.000
2025-11-21 04:40:33,mlx5_6,0.000,0.000,0.000,0.000
2025-11-21 04:40:33,mlx5_7,0.005,5.307,15.809,15.980
2025-11-21 04:40:33,mlx5_8,0.000,0.000,0.000,0.000
2025-11-21 04:40:33,mlx5_9,0.000,0.000,0.000,0.000
2025-11-21 04:40:33,TOTAL,0.007,8.075,18.885,20.946
2025-11-21 04:40:34,mlx5_0,5.741,0.315,3.800,5.005
2025-11-21 04:40:34,mlx5_1,0.000,0.000,0.000,0.000
2025-11-21 04:40:34,mlx5_2,0.000,0.000,0.000,0.000
2025-11-21 04:40:34,mlx5_3,0.000,0.000,0.000,0.000
2025-11-21 04:40:34,mlx5_4,0.000,0.000,0.000,0.000
2025-11-21 04:40:34,mlx5_5,0.000,0.000,0.000,0.000
2025-11-21 04:40:34,mlx5_6,0.000,0.000,0.000,0.000
2025-11-21 04:40:34,mlx5_7,31.376,2.026,19.760,16.235
2025-11-21 04:40:34,mlx5_8,0.000,0.000,0.000,0.000
2025-11-21 04:40:34,mlx5_9,0.000,0.000,0.000,0.000
2025-11-21 04:40:34,TOTAL,37.117,2.341,23.559,21.241
2025-11-21 04:40:35,mlx5_0,7.347,0.292,4.724,5.042
2025-11-21 04:40:35,mlx5_1,0.000,0.000,0.000,0.000
2025-11-21 04:40:35,mlx5_2,0.000,0.000,0.000,0.000
2025-11-21 04:40:35,mlx5_3,0.000,0.000,0.000,0.000
2025-11-21 04:40:35,mlx5_4,0.000,0.000,0.000,0.000
2025-11-21 04:40:35,mlx5_5,0.000,0.000,0.000,0.000
2025-11-21 04:40:35,mlx5_6,0.000,0.000,0.000,0.000
2025-11-21 04:40:35,mlx5_7,28.718,2.062,23.372,16.495
2025-11-21 04:40:35,mlx5_8,0.000,0.000,0.000,0.000
2025-11-21 04:40:35,mlx5_9,0.000,0.000,0.000,0.000
2025-11-21 04:40:35,TOTAL,36.065,2.354,28.096,21.537
2025-11-21 04:40:36,mlx5_0,2.584,0.166,5.049,5.063
2025-11-21 04:40:36,mlx5_1,0.000,0.000,0.000,0.000
2025-11-21 04:40:36,mlx5_2,0.000,0.000,0.000,0.000
2025-11-21 04:40:36,mlx5_3,0.000,0.000,0.000,0.000
2025-11-21 04:40:36,mlx5_4,0.000,0.000,0.000,0.000
2025-11-21 04:40:36,mlx5_5,0.000,0.000,0.000,0.000
2025-11-21 04:40:36,mlx5_6,0.000,0.000,0.000,0.000
2025-11-21 04:40:36,mlx5_7,24.189,1.881,26.413,16.731
2025-11-21 04:40:36,mlx5_8,0.000,0.000,0.000,0.000
2025-11-21 04:40:36,mlx5_9,0.000,0.000,0.000,0.000
2025-11-21 04:40:36,TOTAL,26.773,2.047,31.462,21.794
2025-11-21 04:40:37,mlx5_0,2.437,0.197,5.356,5.088
2025-11-21 04:40:37,mlx5_1,0.000,0.000,0.000,0.000
2025-11-21 04:40:37,mlx5_2,0.000,0.000,0.000,0.000
2025-11-21 04:40:37,mlx5_3,0.000,0.000,0.000,0.000
2025-11-21 04:40:37,mlx5_4,0.000,0.000,0.000,0.000
2025-11-21 04:40:37,mlx5_5,0.000,0.000,0.000,0.000
2025-11-21 04:40:37,mlx5_6,0.000,0.000,0.000,0.000
2025-11-21 04:40:37,mlx5_7,6.867,0.106,27.278,16.745
2025-11-21 04:40:37,mlx5_8,0.000,0.000,0.000,0.000
2025-11-21 04:40:37,mlx5_9,0.000,0.000,0.000,0.000
2025-11-21 04:40:37,TOTAL,9.304,0.303,32.633,21.832
2025-11-21 04:40:38,mlx5_0,6.871,0.145,6.220,5.106
2025-11-21 04:40:38,mlx5_1,0.000,0.000,0.000,0.000
2025-11-21 04:40:38,mlx5_2,0.000,0.000,0.000,0.000
2025-11-21 04:40:38,mlx5_3,0.000,0.000,0.000,0.000
2025-11-21 04:40:38,mlx5_4,0.000,0.000,0.000,0.000
2025-11-21 04:40:38,mlx5_5,0.000,0.000,0.000,0.000
2025-11-21 04:40:38,mlx5_6,0.000,0.000,0.000,0.000
2025-11-21 04:40:38,mlx5_7,31.503,2.201,31.242,17.022
2025-11-21 04:40:38,mlx5_8,0.000,0.000,0.000,0.000
2025-11-21 04:40:38,mlx5_9,0.000,0.000,0.000,0.000
2025-11-21 04:40:38,TOTAL,38.374,2.346,37.463,22.128
2025-11-21 04:40:39,mlx5_0,6.371,0.003,7.022,5.106
2025-11-21 04:40:39,mlx5_1,0.000,0.000,0.000,0.000
2025-11-21 04:40:39,mlx5_2,0.000,0.000,0.000,0.000
2025-11-21 04:40:39,mlx5_3,0.000,0.000,0.000,0.000
2025-11-21 04:40:39,mlx5_4,0.000,0.000,0.000,0.000
2025-11-21 04:40:39,mlx5_5,0.000,0.000,0.000,0.000
2025-11-21 04:40:39,mlx5_6,0.000,0.000,0.000,0.000
2025-11-21 04:40:39,mlx5_7,28.481,2.116,34.827,17.288
2025-11-21 04:40:39,mlx5_8,0.000,0.000,0.000,0.000
2025-11-21 04:40:39,mlx5_9,0.000,0.000,0.000,0.000
2025-11-21 04:40:39,TOTAL,34.852,2.119,41.849,22.394
2025-11-21 04:40:40,mlx5_0,1.326,0.001,7.189,5.106
2025-11-21 04:40:40,mlx5_1,0.000,0.000,0.000,0.000
2025-11-21 04:40:40,mlx5_2,0.000,0.000,0.000,0.000
2025-11-21 04:40:40,mlx5_3,0.000,0.000,0.000,0.000
2025-11-21 04:40:40,mlx5_4,0.000,0.000,0.000,0.000
2025-11-21 04:40:40,mlx5_5,0.000,0.000,0.000,0.000
2025-11-21 04:40:40,mlx5_6,0.000,0.000,0.000,0.000
2025-11-21 04:40:40,mlx5_7,12.581,0.225,36.411,17.316
2025-11-21 04:40:40,mlx5_8,0.000,0.000,0.000,0.000
2025-11-21 04:40:40,mlx5_9,0.000,0.000,0.000,0.000
2025-11-21 04:40:40,TOTAL,13.907,0.226,43.600,22.423
2025-11-21 04:40:41,mlx5_0,5.074,1.155,7.828,5.252
2025-11-21 04:40:41,mlx5_1,0.000,0.000,0.000,0.000
2025-11-21 04:40:41,mlx5_2,0.000,0.000,0.000,0.000
2025-11-21 04:40:41,mlx5_3,0.000,0.000,0.000,0.000
2025-11-21 04:40:41,mlx5_4,0.000,0.000,0.000,0.000
2025-11-21 04:40:41,mlx5_5,0.000,0.000,0.000,0.000
2025-11-21 04:40:41,mlx5_6,0.000,0.000,0.000,0.000
2025-11-21 04:40:41,mlx5_7,20.581,1.225,39.001,17.470
2025-11-21 04:40:41,mlx5_8,0.000,0.000,0.000,0.000
2025-11-21 04:40:41,mlx5_9,0.000,0.000,0.000,0.000
2025-11-21 04:40:41,TOTAL,25.655,2.380,46.829,22.722
2025-11-21 04:40:42,mlx5_0,6.661,0.003,8.665,5.252
2025-11-21 04:40:42,mlx5_1,0.000,0.000,0.000,0.000
2025-11-21 04:40:42,mlx5_2,0.000,0.000,0.000,0.000
2025-11-21 04:40:42,mlx5_3,0.000,0.000,0.000,0.000
2025-11-21 04:40:42,mlx5_4,0.000,0.000,0.000,0.000
2025-11-21 04:40:42,mlx5_5,0.000,0.000,0.000,0.000
2025-11-21 04:40:42,mlx5_6,0.000,0.000,0.000,0.000
2025-11-21 04:40:42,mlx5_7,29.433,0.015,42.701,17.472
2025-11-21 04:40:42,mlx5_8,0.000,0.000,0.000,0.000
2025-11-21 04:40:42,mlx5_9,0.000,0.000,0.000,0.000
2025-11-21 04:40:42,TOTAL,36.094,0.018,51.366,22.724
2025-11-21 04:40:43,mlx5_0,5.789,0.251,9.393,5.284
2025-11-21 04:40:43,mlx5_1,0.000,0.000,0.000,0.000
2025-11-21 04:40:43,mlx5_2,0.000,0.000,0.000,0.000
2025-11-21 04:40:43,mlx5_3,0.000,0.000,0.000,0.000
2025-11-21 04:40:43,mlx5_4,0.000,0.000,0.000,0.000
2025-11-21 04:40:43,mlx5_5,0.000,0.000,0.000,0.000
2025-11-21 04:40:43,mlx5_6,0.000,0.000,0.000,0.000
2025-11-21 04:40:43,mlx5_7,31.354,2.088,46.646,17.735
2025-11-21 04:40:43,mlx5_8,0.000,0.000,0.000,0.000
2025-11-21 04:40:43,mlx5_9,0.000,0.000,0.000,0.000
2025-11-21 04:40:43,TOTAL,37.143,2.339,56.040,23.019
2025-11-21 04:40:44,mlx5_0,4.538,0.642,9.964,5.364
2025-11-21 04:40:44,mlx5_1,0.000,0.000,0.000,0.000
2025-11-21 04:40:44,mlx5_2,0.000,0.000,0.000,0.000
2025-11-21 04:40:44,mlx5_3,0.000,0.000,0.000,0.000
2025-11-21 04:40:44,mlx5_4,0.000,0.000,0.000,0.000
2025-11-21 04:40:44,mlx5_5,0.000,0.000,0.000,0.000
2025-11-21 04:40:44,mlx5_6,0.000,0.000,0.000,0.000
2025-11-21 04:40:44,mlx5_7,27.468,1.746,50.102,17.955
2025-11-21 04:40:44,mlx5_8,0.000,0.000,0.000,0.000
2025-11-21 04:40:44,mlx5_9,0.000,0.000,0.000,0.000
2025-11-21 04:40:44,TOTAL,32.006,2.388,60.067,23.319
2025-11-21 04:40:45,mlx5_0,3.248,0.002,10.373,5.365
2025-11-21 04:40:45,mlx5_1,0.000,0.000,0.000,0.000
2025-11-21 04:40:45,mlx5_2,0.000,0.000,0.000,0.000
2025-11-21 04:40:45,mlx5_3,0.000,0.000,0.000,0.000
2025-11-21 04:40:45,mlx5_4,0.000,0.000,0.000,0.000
2025-11-21 04:40:45,mlx5_5,0.000,0.000,0.000,0.000
2025-11-21 04:40:45,mlx5_6,0.000,0.000,0.000,0.000
2025-11-21 04:40:45,mlx5_7,15.708,0.007,52.078,17.956
2025-11-21 04:40:45,mlx5_8,0.000,0.000,0.000,0.000
2025-11-21 04:40:45,mlx5_9,0.000,0.000,0.000,0.000
2025-11-21 04:40:45,TOTAL,18.956,0.009,62.451,23.320
2025-11-21 04:40:46,mlx5_0,3.830,0.266,10.855,5.398
2025-11-21 04:40:46,mlx5_1,0.000,0.000,0.000,0.000
2025-11-21 04:40:46,mlx5_2,0.000,0.000,0.000,0.000
2025-11-21 04:40:46,mlx5_3,0.000,0.000,0.000,0.000
2025-11-21 04:40:46,mlx5_4,0.000,0.000,0.000,0.000
2025-11-21 04:40:46,mlx5_5,0.000,0.000,0.000,0.000
2025-11-21 04:40:46,mlx5_6,0.000,0.000,0.000,0.000
2025-11-21 04:40:46,mlx5_7,19.378,2.096,54.519,18.220
2025-11-21 04:40:46,mlx5_8,0.000,0.000,0.000,0.000
2025-11-21 04:40:46,mlx5_9,0.000,0.000,0.000,0.000
2025-11-21 04:40:46,TOTAL,23.208,2.362,65.374,23.618
2025-11-21 04:40:47,mlx5_0,7.766,0.859,11.833,5.506
2025-11-21 04:40:47,mlx5_1,0.000,0.000,0.000,0.000
2025-11-21 04:40:47,mlx5_2,0.000,0.000,0.000,0.000
2025-11-21 04:40:47,mlx5_3,0.000,0.000,0.000,0.000
2025-11-21 04:40:47,mlx5_4,0.000,0.000,0.000,0.000
2025-11-21 04:40:47,mlx5_5,0.000,0.000,0.000,0.000
2025-11-21 04:40:47,mlx5_6,0.000,0.000,0.000,0.000
2025-11-21 04:40:47,mlx5_7,30.439,1.509,58.349,18.410
2025-11-21 04:40:47,mlx5_8,0.000,0.000,0.000,0.000
2025-11-21 04:40:47,mlx5_9,0.000,0.000,0.000,0.000
2025-11-21 04:40:47,TOTAL,38.205,2.368,70.182,23.916
2025-11-21 04:40:48,mlx5_0,2.240,0.001,12.114,5.506
2025-11-21 04:40:48,mlx5_1,0.000,0.000,0.000,0.000
2025-11-21 04:40:48,mlx5_2,0.000,0.000,0.000,0.000
2025-11-21 04:40:48,mlx5_3,0.000,0.000,0.000,0.000
2025-11-21 04:40:48,mlx5_4,0.000,0.000,0.000,0.000
2025-11-21 04:40:48,mlx5_5,0.000,0.000,0.000,0.000
2025-11-21 04:40:48,mlx5_6,0.000,0.000,0.000,0.000
2025-11-21 04:40:48,mlx5_7,13.310,0.007,60.023,18.410
2025-11-21 04:40:48,mlx5_8,0.000,0.000,0.000,0.000
2025-11-21 04:40:48,mlx5_9,0.000,0.000,0.000,0.000
2025-11-21 04:40:48,TOTAL,15.550,0.008,72.137,23.917
2025-11-21 04:40:49,mlx5_0,3.787,0.804,12.591,5.608
2025-11-21 04:40:49,mlx5_1,0.000,0.000,0.000,0.000
2025-11-21 04:40:49,mlx5_2,0.000,0.000,0.000,0.000
2025-11-21 04:40:49,mlx5_3,0.000,0.000,0.000,0.000
2025-11-21 04:40:49,mlx5_4,0.000,0.000,0.000,0.000
2025-11-21 04:40:49,mlx5_5,0.000,0.000,0.000,0.000
2025-11-21 04:40:49,mlx5_6,0.000,0.000,0.000,0.000
2025-11-21 04:40:49,mlx5_7,16.735,1.625,62.128,18.615
2025-11-21 04:40:49,mlx5_8,0.000,0.000,0.000,0.000
2025-11-21 04:40:49,mlx5_9,0.000,0.000,0.000,0.000
2025-11-21 04:40:49,TOTAL,20.522,2.429,74.719,24.222
2025-11-21 04:40:50,mlx5_0,6.425,0.165,13.398,5.628
2025-11-21 04:40:50,mlx5_1,0.000,0.000,0.000,0.000
2025-11-21 04:40:50,mlx5_2,0.000,0.000,0.000,0.000
2025-11-21 04:40:50,mlx5_3,0.000,0.000,0.000,0.000
2025-11-21 04:40:50,mlx5_4,0.000,0.000,0.000,0.000
2025-11-21 04:40:50,mlx5_5,0.000,0.000,0.000,0.000
2025-11-21 04:40:50,mlx5_6,0.000,0.000,0.000,0.000
2025-11-21 04:40:50,mlx5_7,31.994,2.184,66.150,18.889
2025-11-21 04:40:50,mlx5_8,0.000,0.000,0.000,0.000
2025-11-21 04:40:50,mlx5_9,0.000,0.000,0.000,0.000
2025-11-21 04:40:50,TOTAL,38.419,2.349,79.548,24.518
2025-11-21 04:40:51,mlx5_0,4.732,0.002,13.994,5.629
2025-11-21 04:40:51,mlx5_1,0.000,0.000,0.000,0.000
2025-11-21 04:40:51,mlx5_2,0.000,0.000,0.000,0.000
2025-11-21 04:40:51,mlx5_3,0.000,0.000,0.000,0.000
2025-11-21 04:40:51,mlx5_4,0.000,0.000,0.000,0.000
2025-11-21 04:40:51,mlx5_5,0.000,0.000,0.000,0.000
2025-11-21 04:40:51,mlx5_6,0.000,0.000,0.000,0.000
2025-11-21 04:40:51,mlx5_7,28.543,0.014,69.742,18.891
2025-11-21 04:40:51,mlx5_8,0.000,0.000,0.000,0.000
2025-11-21 04:40:51,mlx5_9,0.000,0.000,0.000,0.000
2025-11-21 04:40:51,TOTAL,33.275,0.016,83.736,24.520
2025-11-21 04:40:52,mlx5_0,5.319,0.347,14.664,5.672
2025-11-21 04:40:52,mlx5_1,0.000,0.000,0.000,0.000
2025-11-21 04:40:52,mlx5_2,0.000,0.000,0.000,0.000
2025-11-21 04:40:52,mlx5_3,0.000,0.000,0.000,0.000
2025-11-21 04:40:52,mlx5_4,0.000,0.000,0.000,0.000
2025-11-21 04:40:52,mlx5_5,0.000,0.000,0.000,0.000
2025-11-21 04:40:52,mlx5_6,0.000,0.000,0.000,0.000
2025-11-21 04:40:52,mlx5_7,29.808,1.990,73.495,19.142
2025-11-21 04:40:52,mlx5_8,0.000,0.000,0.000,0.000
2025-11-21 04:40:52,mlx5_9,0.000,0.000,0.000,0.000
2025-11-21 04:40:52,TOTAL,35.128,2.337,88.159,24.814
2025-11-21 04:40:53,mlx5_0,3.441,0.002,15.097,5.673
2025-11-21 04:40:53,mlx5_1,0.000,0.000,0.000,0.000
2025-11-21 04:40:53,mlx5_2,0.000,0.000,0.000,0.000
2025-11-21 04:40:53,mlx5_3,0.000,0.000,0.000,0.000
2025-11-21 04:40:53,mlx5_4,0.000,0.000,0.000,0.000
2025-11-21 04:40:53,mlx5_5,0.000,0.000,0.000,0.000
2025-11-21 04:40:53,mlx5_6,0.000,0.000,0.000,0.000
2025-11-21 04:40:53,mlx5_7,11.955,0.006,75.000,19.142
2025-11-21 04:40:53,mlx5_8,0.000,0.000,0.000,0.000
2025-11-21 04:40:53,mlx5_9,0.000,0.000,0.000,0.000
2025-11-21 04:40:53,TOTAL,15.396,0.008,90.097,24.815
2025-11-21 04:40:54,mlx5_0,6.543,0.983,15.921,5.796
2025-11-21 04:40:54,mlx5_1,0.000,0.000,0.000,0.000
2025-11-21 04:40:54,mlx5_2,0.000,0.000,0.000,0.000
2025-11-21 04:40:54,mlx5_3,0.000,0.000,0.000,0.000
2025-11-21 04:40:54,mlx5_4,0.000,0.000,0.000,0.000
2025-11-21 04:40:54,mlx5_5,0.000,0.000,0.000,0.000
2025-11-21 04:40:54,mlx5_6,0.000,0.000,0.000,0.000
2025-11-21 04:40:54,mlx5_7,21.171,1.537,77.667,19.336
2025-11-21 04:40:54,mlx5_8,0.000,0.000,0.000,0.000
2025-11-21 04:40:54,mlx5_9,0.000,0.000,0.000,0.000
2025-11-21 04:40:54,TOTAL,27.713,2.520,93.588,25.132
2025-11-21 04:40:55,mlx5_0,6.218,0.165,16.703,5.817
2025-11-21 04:40:55,mlx5_1,0.000,0.000,0.000,0.000
2025-11-21 04:40:55,mlx5_2,0.000,0.000,0.000,0.000
2025-11-21 04:40:55,mlx5_3,0.000,0.000,0.000,0.000
2025-11-21 04:40:55,mlx5_4,0.000,0.000,0.000,0.000
2025-11-21 04:40:55,mlx5_5,0.000,0.000,0.000,0.000
2025-11-21 04:40:55,mlx5_6,0.000,0.000,0.000,0.000
2025-11-21 04:40:55,mlx5_7,29.859,2.175,81.422,19.610
2025-11-21 04:40:55,mlx5_8,0.000,0.000,0.000,0.000
2025-11-21 04:40:55,mlx5_9,0.000,0.000,0.000,0.000
2025-11-21 04:40:55,TOTAL,36.077,2.340,98.125,25.427
2025-11-21 04:40:56,mlx5_0,4.892,0.756,17.318,5.912
2025-11-21 04:40:56,mlx5_1,0.000,0.000,0.000,0.000
2025-11-21 04:40:56,mlx5_2,0.000,0.000,0.000,0.000
2025-11-21 04:40:56,mlx5_3,0.000,0.000,0.000,0.000
2025-11-21 04:40:56,mlx5_4,0.000,0.000,0.000,0.000
2025-11-21 04:40:56,mlx5_5,0.000,0.000,0.000,0.000
2025-11-21 04:40:56,mlx5_6,0.000,0.000,0.000,0.000
2025-11-21 04:40:56,mlx5_7,31.046,1.624,85.328,19.814
2025-11-21 04:40:56,mlx5_8,0.000,0.000,0.000,0.000
2025-11-21 04:40:56,mlx5_9,0.000,0.000,0.000,0.000
2025-11-21 04:40:56,TOTAL,35.938,2.381,102.646,25.726
2025-11-21 04:40:57,mlx5_0,1.212,0.001,17.471,5.912
2025-11-21 04:40:57,mlx5_1,0.000,0.000,0.000,0.000
2025-11-21 04:40:57,mlx5_2,0.000,0.000,0.000,0.000
2025-11-21 04:40:57,mlx5_3,0.000,0.000,0.000,0.000
2025-11-21 04:40:57,mlx5_4,0.000,0.000,0.000,0.000
2025-11-21 04:40:57,mlx5_5,0.000,0.000,0.000,0.000
2025-11-21 04:40:57,mlx5_6,0.000,0.000,0.000,0.000
2025-11-21 04:40:57,mlx5_7,9.292,1.498,86.497,20.002
2025-11-21 04:40:57,mlx5_8,0.000,0.000,0.000,0.000
2025-11-21 04:40:57,mlx5_9,0.000,0.000,0.000,0.000
2025-11-21 04:40:57,TOTAL,10.505,1.499,103.968,25.915
2025-11-21 04:40:58,mlx5_0,6.206,0.526,18.252,5.979
2025-11-21 04:40:58,mlx5_1,0.000,0.000,0.000,0.000
2025-11-21 04:40:58,mlx5_2,0.000,0.000,0.000,0.000
2025-11-21 04:40:58,mlx5_3,0.000,0.000,0.000,0.000
2025-11-21 04:40:58,mlx5_4,0.000,0.000,0.000,0.000
2025-11-21 04:40:58,mlx5_5,0.000,0.000,0.000,0.000
2025-11-21 04:40:58,mlx5_6,0.000,0.000,0.000,0.000
2025-11-21 04:40:58,mlx5_7,21.778,0.316,89.239,20.042
2025-11-21 04:40:58,mlx5_8,0.000,0.000,0.000,0.000
2025-11-21 04:40:58,mlx5_9,0.000,0.000,0.000,0.000
2025-11-21 04:40:58,TOTAL,27.985,0.843,107.491,26.021
2025-11-21 04:40:59,mlx5_0,6.457,0.363,19.066,6.024
2025-11-21 04:40:59,mlx5_1,0.000,0.000,0.000,0.000
2025-11-21 04:40:59,mlx5_2,0.000,0.000,0.000,0.000
2025-11-21 04:40:59,mlx5_3,0.000,0.000,0.000,0.000
2025-11-21 04:40:59,mlx5_4,0.000,0.000,0.000,0.000
2025-11-21 04:40:59,mlx5_5,0.000,0.000,0.000,0.000
2025-11-21 04:40:59,mlx5_6,0.000,0.000,0.000,0.000
2025-11-21 04:40:59,mlx5_7,31.884,1.992,93.255,20.293
2025-11-21 04:40:59,mlx5_8,0.000,0.000,0.000,0.000
2025-11-21 04:40:59,mlx5_9,0.000,0.000,0.000,0.000
2025-11-21 04:40:59,TOTAL,38.341,2.355,112.321,26.317
2025-11-21 04:41:00,mlx5_0,4.633,0.002,19.649,6.025
2025-11-21 04:41:00,mlx5_1,0.000,0.000,0.000,0.000
2025-11-21 04:41:00,mlx5_2,0.000,0.000,0.000,0.000
2025-11-21 04:41:00,mlx5_3,0.000,0.000,0.000,0.000
2025-11-21 04:41:00,mlx5_4,0.000,0.000,0.000,0.000
2025-11-21 04:41:00,mlx5_5,0.000,0.000,0.000,0.000
2025-11-21 04:41:00,mlx5_6,0.000,0.000,0.000,0.000
2025-11-21 04:41:00,mlx5_7,25.443,0.012,96.456,20.295
2025-11-21 04:41:00,mlx5_8,0.000,0.000,0.000,0.000
2025-11-21 04:41:00,mlx5_9,0.000,0.000,0.000,0.000
2025-11-21 04:41:00,TOTAL,30.076,0.014,116.105,26.319
2025-11-21 04:41:01,mlx5_0,1.116,0.001,19.789,6.025
2025-11-21 04:41:01,mlx5_1,0.000,0.000,0.000,0.000
2025-11-21 04:41:01,mlx5_2,0.000,0.000,0.000,0.000
2025-11-21 04:41:01,mlx5_3,0.000,0.000,0.000,0.000
2025-11-21 04:41:01,mlx5_4,0.000,0.000,0.000,0.000
2025-11-21 04:41:01,mlx5_5,0.000,0.000,0.000,0.000
2025-11-21 04:41:01,mlx5_6,0.000,0.000,0.000,0.000
2025-11-21 04:41:01,mlx5_7,4.861,0.003,97.068,20.295
2025-11-21 04:41:01,mlx5_8,0.000,0.000,0.000,0.000
2025-11-21 04:41:01,mlx5_9,0.000,0.000,0.000,0.000
2025-11-21 04:41:01,TOTAL,5.977,0.004,116.857,26.320
2025-11-21 04:41:02,mlx5_0,0.000,0.000,19.789,6.025
2025-11-21 04:41:02,mlx5_1,0.000,0.000,0.000,0.000
2025-11-21 04:41:02,mlx5_2,0.000,0.000,0.000,0.000
2025-11-21 04:41:02,mlx5_3,0.000,0.000,0.000,0.000
2025-11-21 04:41:02,mlx5_4,0.000,0.000,0.000,0.000
2025-11-21 04:41:02,mlx5_5,0.000,0.000,0.000,0.000
2025-11-21 04:41:02,mlx5_6,0.000,0.000,0.000,0.000
2025-11-21 04:41:02,mlx5_7,0.000,0.000,97.068,20.295
2025-11-21 04:41:02,mlx5_8,0.000,0.000,0.000,0.000
2025-11-21 04:41:02,mlx5_9,0.000,0.000,0.000,0.000
2025-11-21 04:41:02,TOTAL,0.000,0.000,116.857,26.320
2025-11-21 04:41:03,mlx5_0,6.979,0.004,20.667,6.025
2025-11-21 04:41:03,mlx5_1,0.000,0.000,0.000,0.000
2025-11-21 04:41:03,mlx5_2,0.000,0.000,0.000,0.000
2025-11-21 04:41:03,mlx5_3,0.000,0.000,0.000,0.000
2025-11-21 04:41:03,mlx5_4,0.000,0.000,0.000,0.000
2025-11-21 04:41:03,mlx5_5,0.000,0.000,0.000,0.000
2025-11-21 04:41:03,mlx5_6,0.000,0.000,0.000,0.000
2025-11-21 04:41:03,mlx5_7,31.397,0.016,101.019,20.297
2025-11-21 04:41:03,mlx5_8,0.000,0.000,0.000,0.000
2025-11-21 04:41:03,mlx5_9,0.000,0.000,0.000,0.000
2025-11-21 04:41:03,TOTAL,38.376,0.019,121.686,26.322
2025-11-21 04:41:04,mlx5_0,0.000,0.000,20.667,6.025
2025-11-21 04:41:04,mlx5_1,0.000,0.000,0.000,0.000
2025-11-21 04:41:04,mlx5_2,0.000,0.000,0.000,0.000
2025-11-21 04:41:04,mlx5_3,0.000,0.000,0.000,0.000
2025-11-21 04:41:04,mlx5_4,0.000,0.000,0.000,0.000
2025-11-21 04:41:04,mlx5_5,0.000,0.000,0.000,0.000
2025-11-21 04:41:04,mlx5_6,0.000,0.000,0.000,0.000
2025-11-21 04:41:04,mlx5_7,0.000,0.000,101.019,20.297
2025-11-21 04:41:04,mlx5_8,0.000,0.000,0.000,0.000
2025-11-21 04:41:04,mlx5_9,0.000,0.000,0.000,0.000
2025-11-21 04:41:04,TOTAL,0.000,0.000,121.686,26.322
2025-11-21 04:41:05,mlx5_0,0.000,0.000,20.667,6.025
2025-11-21 04:41:05,mlx5_1,0.000,0.000,0.000,0.000
2025-11-21 04:41:05,mlx5_2,0.000,0.000,0.000,0.000
2025-11-21 04:41:05,mlx5_3,0.000,0.000,0.000,0.000
2025-11-21 04:41:05,mlx5_4,0.000,0.000,0.000,0.000
2025-11-21 04:41:05,mlx5_5,0.000,0.000,0.000,0.000
2025-11-21 04:41:05,mlx5_6,0.000,0.000,0.000,0.000
2025-11-21 04:41:05,mlx5_7,0.000,0.000,101.019,20.297
2025-11-21 04:41:05,mlx5_8,0.000,0.000,0.000,0.000
2025-11-21 04:41:05,mlx5_9,0.000,0.000,0.000,0.000
2025-11-21 04:41:05,TOTAL,0.000,0.000,121.686,26.322
2025-11-21 04:41:06,mlx5_0,0.000,0.000,20.667,6.025
2025-11-21 04:41:06,mlx5_1,0.000,0.000,0.000,0.000
2025-11-21 04:41:06,mlx5_2,0.000,0.000,0.000,0.000
2025-11-21 04:41:06,mlx5_3,0.000,0.000,0.000,0.000
2025-11-21 04:41:06,mlx5_4,0.000,0.000,0.000,0.000
2025-11-21 04:41:06,mlx5_5,0.000,0.000,0.000,0.000
2025-11-21 04:41:06,mlx5_6,0.000,0.000,0.000,0.000
2025-11-21 04:41:06,mlx5_7,0.000,0.000,101.019,20.297
2025-11-21 04:41:06,mlx5_8,0.000,0.000,0.000,0.000
2025-11-21 04:41:06,mlx5_9,0.000,0.000,0.000,0.000
2025-11-21 04:41:06,TOTAL,0.000,0.000,121.686,26.322
2025-11-21 04:41:07,mlx5_0,0.000,0.000,20.667,6.025
2025-11-21 04:41:07,mlx5_1,0.000,0.000,0.000,0.000
2025-11-21 04:41:07,mlx5_2,0.000,0.000,0.000,0.000
2025-11-21 04:41:07,mlx5_3,0.000,0.000,0.000,0.000
2025-11-21 04:41:07,mlx5_4,0.000,0.000,0.000,0.000
2025-11-21 04:41:07,mlx5_5,0.000,0.000,0.000,0.000
2025-11-21 04:41:07,mlx5_6,0.000,0.000,0.000,0.000
2025-11-21 04:41:07,mlx5_7,0.000,0.000,101.019,20.297
2025-11-21 04:41:07,mlx5_8,0.000,0.000,0.000,0.000
2025-11-21 04:41:07,mlx5_9,0.000,0.000,0.000,0.000
2025-11-21 04:41:07,TOTAL,0.000,0.000,121.686,26.322
2025-11-21 04:41:08,mlx5_0,0.000,0.000,20.667,6.025
2025-11-21 04:41:08,mlx5_1,0.000,0.000,0.000,0.000
2025-11-21 04:41:08,mlx5_2,0.000,0.000,0.000,0.000
2025-11-21 04:41:08,mlx5_3,0.000,0.000,0.000,0.000
2025-11-21 04:41:08,mlx5_4,0.000,0.000,0.000,0.000
2025-11-21 04:41:08,mlx5_5,0.000,0.000,0.000,0.000
2025-11-21 04:41:08,mlx5_6,0.000,0.000,0.000,0.000
2025-11-21 04:41:08,mlx5_7,0.000,0.000,101.019,20.297
2025-11-21 04:41:08,mlx5_8,0.000,0.000,0.000,0.000
2025-11-21 04:41:08,mlx5_9,0.000,0.000,0.000,0.000
2025-11-21 04:41:08,TOTAL,0.000,0.000,121.686,26.322
2025-11-21 04:41:09,mlx5_0,0.000,0.000,20.667,6.025
2025-11-21 04:41:09,mlx5_1,0.000,0.000,0.000,0.000
2025-11-21 04:41:09,mlx5_2,0.000,0.000,0.000,0.000
2025-11-21 04:41:09,mlx5_3,0.000,0.000,0.000,0.000
2025-11-21 04:41:09,mlx5_4,0.000,0.000,0.000,0.000
2025-11-21 04:41:09,mlx5_5,0.000,0.000,0.000,0.000
2025-11-21 04:41:09,mlx5_6,0.000,0.000,0.000,0.000
2025-11-21 04:41:09,mlx5_7,0.000,0.000,101.019,20.297
2025-11-21 04:41:09,mlx5_8,0.000,0.000,0.000,0.000
2025-11-21 04:41:09,mlx5_9,0.000,0.000,0.000,0.000
2025-11-21 04:41:09,TOTAL,0.000,0.000,121.686,26.322
2025-11-21 04:41:10,mlx5_0,0.000,0.000,20.667,6.025
2025-11-21 04:41:10,mlx5_1,0.000,0.000,0.000,0.000
2025-11-21 04:41:10,mlx5_2,0.000,0.000,0.000,0.000
2025-11-21 04:41:10,mlx5_3,0.000,0.000,0.000,0.000
2025-11-21 04:41:10,mlx5_4,0.000,0.000,0.000,0.000
2025-11-21 04:41:10,mlx5_5,0.000,0.000,0.000,0.000
2025-11-21 04:41:10,mlx5_6,0.000,0.000,0.000,0.000
2025-11-21 04:41:10,mlx5_7,0.000,0.000,101.019,20.297
2025-11-21 04:41:10,mlx5_8,0.000,0.000,0.000,0.000
2025-11-21 04:41:10,mlx5_9,0.000,0.000,0.000,0.000
2025-11-21 04:41:10,TOTAL,0.000,0.000,121.686,26.322
2025-11-21 04:41:11,mlx5_0,0.000,0.000,20.667,6.025
2025-11-21 04:41:11,mlx5_1,0.000,0.000,0.000,0.000
2025-11-21 04:41:11,mlx5_2,0.000,0.000,0.000,0.000
2025-11-21 04:41:11,mlx5_3,0.000,0.000,0.000,0.000
2025-11-21 04:41:11,mlx5_4,0.000,0.000,0.000,0.000
2025-11-21 04:41:11,mlx5_5,0.000,0.000,0.000,0.000
2025-11-21 04:41:11,mlx5_6,0.000,0.000,0.000,0.000
2025-11-21 04:41:11,mlx5_7,0.000,0.000,101.019,20.297
2025-11-21 04:41:11,mlx5_8,0.000,0.000,0.000,0.000
2025-11-21 04:41:11,mlx5_9,0.000,0.000,0.000,0.000
2025-11-21 04:41:11,TOTAL,0.000,0.000,121.686,26.322
2025-11-21 04:41:12,mlx5_0,0.000,0.000,20.667,6.025
2025-11-21 04:41:12,mlx5_1,0.000,0.000,0.000,0.000
2025-11-21 04:41:12,mlx5_2,0.000,0.000,0.000,0.000
2025-11-21 04:41:12,mlx5_3,0.000,0.000,0.000,0.000
2025-11-21 04:41:12,mlx5_4,0.000,0.000,0.000,0.000
2025-11-21 04:41:12,mlx5_5,0.000,0.000,0.000,0.000
2025-11-21 04:41:12,mlx5_6,0.000,0.000,0.000,0.000
2025-11-21 04:41:12,mlx5_7,0.000,0.000,101.019,20.297
2025-11-21 04:41:12,mlx5_8,0.000,0.000,0.000,0.000
2025-11-21 04:41:12,mlx5_9,0.000,0.000,0.000,0.000
2025-11-21 04:41:12,TOTAL,0.000,0.000,121.686,26.322
2025-11-21 04:41:13,mlx5_0,0.000,0.000,20.667,6.025
2025-11-21 04:41:13,mlx5_1,0.000,0.000,0.000,0.000
2025-11-21 04:41:13,mlx5_2,0.000,0.000,0.000,0.000
2025-11-21 04:41:13,mlx5_3,0.000,0.000,0.000,0.000
2025-11-21 04:41:13,mlx5_4,0.000,0.000,0.000,0.000
2025-11-21 04:41:13,mlx5_5,0.000,0.000,0.000,0.000
2025-11-21 04:41:13,mlx5_6,0.000,0.000,0.000,0.000
2025-11-21 04:41:13,mlx5_7,0.000,0.000,101.019,20.297
2025-11-21 04:41:13,mlx5_8,0.000,0.000,0.000,0.000
2025-11-21 04:41:13,mlx5_9,0.000,0.000,0.000,0.000
2025-11-21 04:41:13,TOTAL,0.000,0.000,121.686,26.322
2025-11-21 04:41:14,mlx5_0,0.000,0.000,20.667,6.025
2025-11-21 04:41:14,mlx5_1,0.000,0.000,0.000,0.000
2025-11-21 04:41:14,mlx5_2,0.000,0.000,0.000,0.000
2025-11-21 04:41:14,mlx5_3,0.000,0.000,0.000,0.000
2025-11-21 04:41:14,mlx5_4,0.000,0.000,0.000,0.000
2025-11-21 04:41:14,mlx5_5,0.000,0.000,0.000,0.000
2025-11-21 04:41:14,mlx5_6,0.000,0.000,0.000,0.000
2025-11-21 04:41:14,mlx5_7,0.000,0.000,101.019,20.297
2025-11-21 04:41:14,mlx5_8,0.000,0.000,0.000,0.000
2025-11-21 04:41:14,mlx5_9,0.000,0.000,0.000,0.000
2025-11-21 04:41:14,TOTAL,0.000,0.000,121.686,26.322
2025-11-21 04:41:15,mlx5_0,0.000,0.000,20.667,6.025
2025-11-21 04:41:15,mlx5_1,0.000,0.000,0.000,0.000
2025-11-21 04:41:15,mlx5_2,0.000,0.000,0.000,0.000
2025-11-21 04:41:15,mlx5_3,0.000,0.000,0.000,0.000
2025-11-21 04:41:15,mlx5_4,0.000,0.000,0.000,0.000
2025-11-21 04:41:15,mlx5_5,0.000,0.000,0.000,0.000
2025-11-21 04:41:15,mlx5_6,0.000,0.000,0.000,0.000
2025-11-21 04:41:15,mlx5_7,0.000,0.000,101.019,20.297
2025-11-21 04:41:15,mlx5_8,0.000,0.000,0.000,0.000
2025-11-21 04:41:15,mlx5_9,0.000,0.000,0.000,0.000
2025-11-21 04:41:15,TOTAL,0.000,0.000,121.686,26.322
2025-11-21 04:41:16,mlx5_0,0.001,0.939,20.667,6.143
2025-11-21 04:41:16,mlx5_1,0.000,0.000,0.000,0.000
2025-11-21 04:41:16,mlx5_2,0.000,0.000,0.000,0.000
2025-11-21 04:41:16,mlx5_3,0.000,0.000,0.000,0.000
2025-11-21 04:41:16,mlx5_4,0.000,0.000,0.000,0.000
2025-11-21 04:41:16,mlx5_5,0.000,0.000,0.000,0.000
2025-11-21 04:41:16,mlx5_6,0.000,0.000,0.000,0.000
2025-11-21 04:41:16,mlx5_7,0.005,4.902,101.020,20.913
2025-11-21 04:41:16,mlx5_8,0.000,0.000,0.000,0.000
2025-11-21 04:41:16,mlx5_9,0.000,0.000,0.000,0.000
2025-11-21 04:41:16,TOTAL,0.005,5.841,121.687,27.056
2025-11-21 04:41:17,mlx5_0,0.006,7.885,20.668,7.135
2025-11-21 04:41:17,mlx5_1,0.000,0.000,0.000,0.000
2025-11-21 04:41:17,mlx5_2,0.000,0.000,0.000,0.000
2025-11-21 04:41:17,mlx5_3,0.000,0.000,0.000,0.000
2025-11-21 04:41:17,mlx5_4,0.000,0.000,0.000,0.000
2025-11-21 04:41:17,mlx5_5,0.000,0.000,0.000,0.000
2025-11-21 04:41:17,mlx5_6,0.000,0.000,0.000,0.000
2025-11-21 04:41:17,mlx5_7,0.028,36.542,101.023,25.509
2025-11-21 04:41:17,mlx5_8,0.000,0.000,0.000,0.000
2025-11-21 04:41:17,mlx5_9,0.000,0.000,0.000,0.000
2025-11-21 04:41:17,TOTAL,0.034,44.427,121.691,32.643
2025-11-21 04:41:18,mlx5_0,0.004,5.489,20.669,7.825
2025-11-21 04:41:18,mlx5_1,0.000,0.000,0.000,0.000
2025-11-21 04:41:18,mlx5_2,0.000,0.000,0.000,0.000
2025-11-21 04:41:18,mlx5_3,0.000,0.000,0.000,0.000
2025-11-21 04:41:18,mlx5_4,0.000,0.000,0.000,0.000
2025-11-21 04:41:18,mlx5_5,0.000,0.000,0.000,0.000
2025-11-21 04:41:18,mlx5_6,0.000,0.000,0.000,0.000
2025-11-21 04:41:18,mlx5_7,0.015,19.831,101.025,28.002
2025-11-21 04:41:18,mlx5_8,0.000,0.000,0.000,0.000
2025-11-21 04:41:18,mlx5_9,0.000,0.000,0.000,0.000
2025-11-21 04:41:18,TOTAL,0.020,25.320,121.694,35.827
2025-11-21 04:41:19,mlx5_0,0.008,10.420,20.670,9.136
2025-11-21 04:41:19,mlx5_1,0.000,0.000,0.000,0.000
2025-11-21 04:41:19,mlx5_2,0.000,0.000,0.000,0.000
2025-11-21 04:41:19,mlx5_3,0.000,0.000,0.000,0.000
2025-11-21 04:41:19,mlx5_4,0.000,0.000,0.000,0.000
2025-11-21 04:41:19,mlx5_5,0.000,0.000,0.000,0.000
2025-11-21 04:41:19,mlx5_6,0.000,0.000,0.000,0.000
2025-11-21 04:41:19,mlx5_7,0.037,48.310,101.030,34.080
2025-11-21 04:41:19,mlx5_8,0.000,0.000,0.000,0.000
2025-11-21 04:41:19,mlx5_9,0.000,0.000,0.000,0.000
2025-11-21 04:41:19,TOTAL,0.045,58.730,121.699,43.216
2025-11-21 04:41:20,mlx5_0,0.007,7.980,20.671,10.142
2025-11-21 04:41:20,mlx5_1,0.000,0.000,0.000,0.000
2025-11-21 04:41:20,mlx5_2,0.000,0.000,0.000,0.000
2025-11-21 04:41:20,mlx5_3,0.000,0.000,0.000,0.000
2025-11-21 04:41:20,mlx5_4,0.000,0.000,0.000,0.000
2025-11-21 04:41:20,mlx5_5,0.000,0.000,0.000,0.000
2025-11-21 04:41:20,mlx5_6,0.000,0.000,0.000,0.000
2025-11-21 04:41:20,mlx5_7,0.016,20.086,101.032,36.612
2025-11-21 04:41:20,mlx5_8,0.000,0.000,0.000,0.000
2025-11-21 04:41:20,mlx5_9,0.000,0.000,0.000,0.000
2025-11-21 04:41:20,TOTAL,0.023,28.066,121.702,46.754
2025-11-21 04:41:21,mlx5_0,0.004,4.662,20.671,10.729
2025-11-21 04:41:21,mlx5_1,0.000,0.000,0.000,0.000
2025-11-21 04:41:21,mlx5_2,0.000,0.000,0.000,0.000
2025-11-21 04:41:21,mlx5_3,0.000,0.000,0.000,0.000
2025-11-21 04:41:21,mlx5_4,0.000,0.000,0.000,0.000
2025-11-21 04:41:21,mlx5_5,0.000,0.000,0.000,0.000
2025-11-21 04:41:21,mlx5_6,0.000,0.000,0.000,0.000
2025-11-21 04:41:21,mlx5_7,0.017,21.018,101.034,39.257
2025-11-21 04:41:21,mlx5_8,0.000,0.000,0.000,0.000
2025-11-21 04:41:21,mlx5_9,0.000,0.000,0.000,0.000
2025-11-21 04:41:21,TOTAL,0.021,25.680,121.705,49.986
2025-11-21 04:41:22,mlx5_0,0.006,6.956,20.672,11.604
2025-11-21 04:41:22,mlx5_1,0.000,0.000,0.000,0.000
2025-11-21 04:41:22,mlx5_2,0.000,0.000,0.000,0.000
2025-11-21 04:41:22,mlx5_3,0.000,0.000,0.000,0.000
2025-11-21 04:41:22,mlx5_4,0.000,0.000,0.000,0.000
2025-11-21 04:41:22,mlx5_5,0.000,0.000,0.000,0.000
2025-11-21 04:41:22,mlx5_6,0.000,0.000,0.000,0.000
2025-11-21 04:41:22,mlx5_7,0.018,22.660,101.036,42.109
2025-11-21 04:41:22,mlx5_8,0.000,0.000,0.000,0.000
2025-11-21 04:41:22,mlx5_9,0.000,0.000,0.000,0.000
2025-11-21 04:41:22,TOTAL,0.024,29.615,121.708,53.713
2025-11-21 04:41:23,mlx5_0,0.007,7.592,20.673,12.560
2025-11-21 04:41:23,mlx5_1,0.000,0.000,0.000,0.000
2025-11-21 04:41:23,mlx5_2,0.000,0.000,0.000,0.000
2025-11-21 04:41:23,mlx5_3,0.000,0.000,0.000,0.000
2025-11-21 04:41:23,mlx5_4,0.000,0.000,0.000,0.000
2025-11-21 04:41:23,mlx5_5,0.000,0.000,0.000,0.000
2025-11-21 04:41:23,mlx5_6,0.000,0.000,0.000,0.000
2025-11-21 04:41:23,mlx5_7,0.034,42.442,101.040,47.452
2025-11-21 04:41:23,mlx5_8,0.000,0.000,0.000,0.000
2025-11-21 04:41:23,mlx5_9,0.000,0.000,0.000,0.000
2025-11-21 04:41:23,TOTAL,0.041,50.034,121.713,60.012
2025-11-21 04:41:24,mlx5_0,0.004,4.875,20.673,13.174
2025-11-21 04:41:24,mlx5_1,0.000,0.000,0.000,0.000
2025-11-21 04:41:24,mlx5_2,0.000,0.000,0.000,0.000
2025-11-21 04:41:24,mlx5_3,0.000,0.000,0.000,0.000
2025-11-21 04:41:24,mlx5_4,0.000,0.000,0.000,0.000
2025-11-21 04:41:24,mlx5_5,0.000,0.000,0.000,0.000
2025-11-21 04:41:24,mlx5_6,0.000,0.000,0.000,0.000
2025-11-21 04:41:24,mlx5_7,0.015,18.832,101.042,49.825
2025-11-21 04:41:24,mlx5_8,0.000,0.000,0.000,0.000
2025-11-21 04:41:24,mlx5_9,0.000,0.000,0.000,0.000
2025-11-21 04:41:24,TOTAL,0.019,23.708,121.716,62.999
2025-11-21 04:41:25,mlx5_0,0.000,0.000,20.673,13.174
2025-11-21 04:41:25,mlx5_1,0.000,0.000,0.000,0.000
2025-11-21 04:41:25,mlx5_2,0.000,0.000,0.000,0.000
2025-11-21 04:41:25,mlx5_3,0.000,0.000,0.000,0.000
2025-11-21 04:41:25,mlx5_4,0.000,0.000,0.000,0.000
2025-11-21 04:41:25,mlx5_5,0.000,0.000,0.000,0.000
2025-11-21 04:41:25,mlx5_6,0.000,0.000,0.000,0.000
2025-11-21 04:41:25,mlx5_7,0.000,0.000,101.042,49.825
2025-11-21 04:41:25,mlx5_8,0.000,0.000,0.000,0.000
2025-11-21 04:41:25,mlx5_9,0.000,0.000,0.000,0.000
2025-11-21 04:41:25,TOTAL,0.000,0.000,121.716,62.999
2025-11-21 04:41:26,mlx5_0,0.000,0.000,20.673,13.174
2025-11-21 04:41:26,mlx5_1,0.000,0.000,0.000,0.000
2025-11-21 04:41:26,mlx5_2,0.000,0.000,0.000,0.000
2025-11-21 04:41:26,mlx5_3,0.000,0.000,0.000,0.000
2025-11-21 04:41:26,mlx5_4,0.000,0.000,0.000,0.000
2025-11-21 04:41:26,mlx5_5,0.000,0.000,0.000,0.000
2025-11-21 04:41:26,mlx5_6,0.000,0.000,0.000,0.000
2025-11-21 04:41:26,mlx5_7,0.000,0.000,101.042,49.825
2025-11-21 04:41:26,mlx5_8,0.000,0.000,0.000,0.000
2025-11-21 04:41:26,mlx5_9,0.000,0.000,0.000,0.000
2025-11-21 04:41:26,TOTAL,0.000,0.000,121.716,62.999
2025-11-21 04:41:27,mlx5_0,0.000,0.000,20.673,13.174
2025-11-21 04:41:27,mlx5_1,0.000,0.000,0.000,0.000
2025-11-21 04:41:27,mlx5_2,0.000,0.000,0.000,0.000
2025-11-21 04:41:27,mlx5_3,0.000,0.000,0.000,0.000
2025-11-21 04:41:27,mlx5_4,0.000,0.000,0.000,0.000
2025-11-21 04:41:27,mlx5_5,0.000,0.000,0.000,0.000
2025-11-21 04:41:27,mlx5_6,0.000,0.000,0.000,0.000
2025-11-21 04:41:27,mlx5_7,0.000,0.000,101.042,49.825
2025-11-21 04:41:27,mlx5_8,0.000,0.000,0.000,0.000
2025-11-21 04:41:27,mlx5_9,0.000,0.000,0.000,0.000
2025-11-21 04:41:27,TOTAL,0.000,0.000,121.716,62.999
2025-11-21 04:41:28,mlx5_0,0.000,0.000,20.673,13.174
2025-11-21 04:41:28,mlx5_1,0.000,0.000,0.000,0.000
2025-11-21 04:41:28,mlx5_2,0.000,0.000,0.000,0.000
2025-11-21 04:41:28,mlx5_3,0.000,0.000,0.000,0.000
2025-11-21 04:41:28,mlx5_4,0.000,0.000,0.000,0.000
2025-11-21 04:41:28,mlx5_5,0.000,0.000,0.000,0.000
2025-11-21 04:41:28,mlx5_6,0.000,0.000,0.000,0.000
2025-11-21 04:41:28,mlx5_7,0.000,0.000,101.042,49.825
2025-11-21 04:41:28,mlx5_8,0.000,0.000,0.000,0.000
2025-11-21 04:41:28,mlx5_9,0.000,0.000,0.000,0.000
2025-11-21 04:41:28,TOTAL,0.000,0.000,121.716,62.999
2025-11-21 04:41:29,mlx5_0,0.000,0.000,20.673,13.174
2025-11-21 04:41:29,mlx5_1,0.000,0.000,0.000,0.000
2025-11-21 04:41:29,mlx5_2,0.000,0.000,0.000,0.000
2025-11-21 04:41:29,mlx5_3,0.000,0.000,0.000,0.000
2025-11-21 04:41:29,mlx5_4,0.000,0.000,0.000,0.000
2025-11-21 04:41:29,mlx5_5,0.000,0.000,0.000,0.000
2025-11-21 04:41:29,mlx5_6,0.000,0.000,0.000,0.000
2025-11-21 04:41:29,mlx5_7,0.000,0.000,101.042,49.825
2025-11-21 04:41:29,mlx5_8,0.000,0.000,0.000,0.000
2025-11-21 04:41:29,mlx5_9,0.000,0.000,0.000,0.000
2025-11-21 04:41:29,TOTAL,0.000,0.000,121.716,62.999
2025-11-21 04:41:30,mlx5_0,0.000,0.000,20.673,13.174
2025-11-21 04:41:30,mlx5_1,0.000,0.000,0.000,0.000
2025-11-21 04:41:30,mlx5_2,0.000,0.000,0.000,0.000
2025-11-21 04:41:30,mlx5_3,0.000,0.000,0.000,0.000
2025-11-21 04:41:30,mlx5_4,0.000,0.000,0.000,0.000
2025-11-21 04:41:30,mlx5_5,0.000,0.000,0.000,0.000
2025-11-21 04:41:30,mlx5_6,0.000,0.000,0.000,0.000
2025-11-21 04:41:30,mlx5_7,0.000,0.000,101.042,49.825
2025-11-21 04:41:30,mlx5_8,0.000,0.000,0.000,0.000
2025-11-21 04:41:30,mlx5_9,0.000,0.000,0.000,0.000
2025-11-21 04:41:30,TOTAL,0.000,0.000,121.716,62.999
2025-11-21 04:41:31,mlx5_0,0.000,0.000,20.673,13.174
2025-11-21 04:41:31,mlx5_1,0.000,0.000,0.000,0.000
2025-11-21 04:41:31,mlx5_2,0.000,0.000,0.000,0.000
2025-11-21 04:41:31,mlx5_3,0.000,0.000,0.000,0.000
2025-11-21 04:41:31,mlx5_4,0.000,0.000,0.000,0.000
2025-11-21 04:41:31,mlx5_5,0.000,0.000,0.000,0.000
2025-11-21 04:41:31,mlx5_6,0.000,0.000,0.000,0.000
2025-11-21 04:41:31,mlx5_7,0.000,0.000,101.042,49.825
2025-11-21 04:41:31,mlx5_8,0.000,0.000,0.000,0.000
2025-11-21 04:41:31,mlx5_9,0.000,0.000,0.000,0.000
2025-11-21 04:41:31,TOTAL,0.000,0.000,121.716,62.999
2025-11-21 04:41:32,mlx5_0,0.000,0.000,20.673,13.174
2025-11-21 04:41:32,mlx5_1,0.000,0.000,0.000,0.000
2025-11-21 04:41:32,mlx5_2,0.000,0.000,0.000,0.000
2025-11-21 04:41:32,mlx5_3,0.000,0.000,0.000,0.000
2025-11-21 04:41:32,mlx5_4,0.000,0.000,0.000,0.000
2025-11-21 04:41:32,mlx5_5,0.000,0.000,0.000,0.000
2025-11-21 04:41:32,mlx5_6,0.000,0.000,0.000,0.000
2025-11-21 04:41:32,mlx5_7,0.000,0.000,101.042,49.825
2025-11-21 04:41:32,mlx5_8,0.000,0.000,0.000,0.000
2025-11-21 04:41:32,mlx5_9,0.000,0.000,0.000,0.000
2025-11-21 04:41:32,TOTAL,0.000,0.000,121.716,62.999
2025-11-21 04:41:33,mlx5_0,0.000,0.000,20.673,13.174
2025-11-21 04:41:33,mlx5_1,0.000,0.000,0.000,0.000
2025-11-21 04:41:33,mlx5_2,0.000,0.000,0.000,0.000
2025-11-21 04:41:33,mlx5_3,0.000,0.000,0.000,0.000
2025-11-21 04:41:33,mlx5_4,0.000,0.000,0.000,0.000
2025-11-21 04:41:33,mlx5_5,0.000,0.000,0.000,0.000
2025-11-21 04:41:33,mlx5_6,0.000,0.000,0.000,0.000
2025-11-21 04:41:33,mlx5_7,0.000,0.000,101.042,49.825
2025-11-21 04:41:33,mlx5_8,0.000,0.000,0.000,0.000
2025-11-21 04:41:33,mlx5_9,0.000,0.000,0.000,0.000
2025-11-21 04:41:33,TOTAL,0.000,0.000,121.716,62.999
2025-11-21 04:41:34,mlx5_0,0.000,0.000,20.673,13.174
2025-11-21 04:41:34,mlx5_1,0.000,0.000,0.000,0.000
2025-11-21 04:41:34,mlx5_2,0.000,0.000,0.000,0.000
2025-11-21 04:41:34,mlx5_3,0.000,0.000,0.000,0.000
2025-11-21 04:41:34,mlx5_4,0.000,0.000,0.000,0.000
2025-11-21 04:41:34,mlx5_5,0.000,0.000,0.000,0.000
2025-11-21 04:41:34,mlx5_6,0.000,0.000,0.000,0.000
2025-11-21 04:41:34,mlx5_7,0.000,0.000,101.042,49.825
2025-11-21 04:41:34,mlx5_8,0.000,0.000,0.000,0.000
2025-11-21 04:41:34,mlx5_9,0.000,0.000,0.000,0.000
2025-11-21 04:41:34,TOTAL,0.000,0.000,121.716,62.999
2025-11-21 04:41:35,mlx5_0,0.000,0.000,20.673,13.174
2025-11-21 04:41:35,mlx5_1,0.000,0.000,0.000,0.000
2025-11-21 04:41:35,mlx5_2,0.000,0.000,0.000,0.000
2025-11-21 04:41:35,mlx5_3,0.000,0.000,0.000,0.000
2025-11-21 04:41:35,mlx5_4,0.000,0.000,0.000,0.000
2025-11-21 04:41:35,mlx5_5,0.000,0.000,0.000,0.000
2025-11-21 04:41:35,mlx5_6,0.000,0.000,0.000,0.000
2025-11-21 04:41:35,mlx5_7,0.000,0.000,101.042,49.825
2025-11-21 04:41:35,mlx5_8,0.000,0.000,0.000,0.000
2025-11-21 04:41:35,mlx5_9,0.000,0.000,0.000,0.000
2025-11-21 04:41:35,TOTAL,0.000,0.000,121.716,62.999
2025-11-21 04:41:36,mlx5_0,0.000,0.000,20.673,13.174
2025-11-21 04:41:36,mlx5_1,0.000,0.000,0.000,0.000
2025-11-21 04:41:36,mlx5_2,0.000,0.000,0.000,0.000
2025-11-21 04:41:36,mlx5_3,0.000,0.000,0.000,0.000
2025-11-21 04:41:36,mlx5_4,0.000,0.000,0.000,0.000
2025-11-21 04:41:36,mlx5_5,0.000,0.000,0.000,0.000
2025-11-21 04:41:36,mlx5_6,0.000,0.000,0.000,0.000
2025-11-21 04:41:36,mlx5_7,0.000,0.000,101.042,49.825
2025-11-21 04:41:36,mlx5_8,0.000,0.000,0.000,0.000
2025-11-21 04:41:36,mlx5_9,0.000,0.000,0.000,0.000
2025-11-21 04:41:36,TOTAL,0.000,0.000,121.716,62.999
2025-11-21 04:41:37,mlx5_0,0.000,0.000,20.673,13.174
2025-11-21 04:41:37,mlx5_1,0.000,0.000,0.000,0.000
2025-11-21 04:41:37,mlx5_2,0.000,0.000,0.000,0.000
2025-11-21 04:41:37,mlx5_3,0.000,0.000,0.000,0.000
2025-11-21 04:41:37,mlx5_4,0.000,0.000,0.000,0.000
2025-11-21 04:41:37,mlx5_5,0.000,0.000,0.000,0.000
2025-11-21 04:41:37,mlx5_6,0.000,0.000,0.000,0.000
2025-11-21 04:41:37,mlx5_7,0.000,0.000,101.042,49.825
2025-11-21 04:41:37,mlx5_8,0.000,0.000,0.000,0.000
2025-11-21 04:41:37,mlx5_9,0.000,0.000,0.000,0.000
2025-11-21 04:41:37,TOTAL,0.000,0.000,121.716,62.999
2025-11-21 04:41:38,mlx5_0,0.000,0.000,20.673,13.174
2025-11-21 04:41:38,mlx5_1,0.000,0.000,0.000,0.000
2025-11-21 04:41:38,mlx5_2,0.000,0.000,0.000,0.000
2025-11-21 04:41:38,mlx5_3,0.000,0.000,0.000,0.000
2025-11-21 04:41:38,mlx5_4,0.000,0.000,0.000,0.000
2025-11-21 04:41:38,mlx5_5,0.000,0.000,0.000,0.000
2025-11-21 04:41:38,mlx5_6,0.000,0.000,0.000,0.000
2025-11-21 04:41:38,mlx5_7,0.000,0.000,101.042,49.825
2025-11-21 04:41:38,mlx5_8,0.000,0.000,0.000,0.000
2025-11-21 04:41:38,mlx5_9,0.000,0.000,0.000,0.000
2025-11-21 04:41:38,TOTAL,0.000,0.000,121.716,62.999
2025-11-21 04:41:39,mlx5_0,0.000,0.000,20.673,13.174
2025-11-21 04:41:39,mlx5_1,0.000,0.000,0.000,0.000
2025-11-21 04:41:39,mlx5_2,0.000,0.000,0.000,0.000
2025-11-21 04:41:39,mlx5_3,0.000,0.000,0.000,0.000
2025-11-21 04:41:39,mlx5_4,0.000,0.000,0.000,0.000
2025-11-21 04:41:39,mlx5_5,0.000,0.000,0.000,0.000
2025-11-21 04:41:39,mlx5_6,0.000,0.000,0.000,0.000
2025-11-21 04:41:39,mlx5_7,0.000,0.000,101.042,49.825
2025-11-21 04:41:39,mlx5_8,0.000,0.000,0.000,0.000
2025-11-21 04:41:39,mlx5_9,0.000,0.000,0.000,0.000
2025-11-21 04:41:39,TOTAL,0.000,0.000,121.716,62.999
2025-11-21 04:41:41,mlx5_0,0.000,0.000,20.673,13.174
2025-11-21 04:41:41,mlx5_1,0.000,0.000,0.000,0.000
2025-11-21 04:41:41,mlx5_2,0.000,0.000,0.000,0.000
2025-11-21 04:41:41,mlx5_3,0.000,0.000,0.000,0.000
2025-11-21 04:41:41,mlx5_4,0.000,0.000,0.000,0.000
2025-11-21 04:41:41,mlx5_5,0.000,0.000,0.000,0.000
2025-11-21 04:41:41,mlx5_6,0.000,0.000,0.000,0.000
2025-11-21 04:41:41,mlx5_7,0.002,1.954,101.043,50.071
2025-11-21 04:41:41,mlx5_8,0.000,0.000,0.000,0.000
2025-11-21 04:41:41,mlx5_9,0.000,0.000,0.000,0.000
2025-11-21 04:41:41,TOTAL,0.002,1.954,121.716,63.245
2025-11-21 04:41:42,mlx5_0,0.005,7.874,20.674,14.166
2025-11-21 04:41:42,mlx5_1,0.000,0.000,0.000,0.000
2025-11-21 04:41:42,mlx5_2,0.000,0.000,0.000,0.000
2025-11-21 04:41:42,mlx5_3,0.000,0.000,0.000,0.000
2025-11-21 04:41:42,mlx5_4,0.000,0.000,0.000,0.000
2025-11-21 04:41:42,mlx5_5,0.000,0.000,0.000,0.000
2025-11-21 04:41:42,mlx5_6,0.000,0.000,0.000,0.000
2025-11-21 04:41:42,mlx5_7,0.026,28.416,101.046,53.650
2025-11-21 04:41:42,mlx5_8,0.000,0.000,0.000,0.000
2025-11-21 04:41:42,mlx5_9,0.000,0.000,0.000,0.000
2025-11-21 04:41:42,TOTAL,0.031,36.290,121.720,67.816
2025-11-21 04:41:43,mlx5_0,0.013,21.647,20.675,16.893
2025-11-21 04:41:43,mlx5_1,0.000,0.000,0.000,0.000
2025-11-21 04:41:43,mlx5_2,0.000,0.000,0.000,0.000
2025-11-21 04:41:43,mlx5_3,0.000,0.000,0.000,0.000
2025-11-21 04:41:43,mlx5_4,0.000,0.000,0.000,0.000
2025-11-21 04:41:43,mlx5_5,0.000,0.000,0.000,0.000
2025-11-21 04:41:43,mlx5_6,0.000,0.000,0.000,0.000
2025-11-21 04:41:43,mlx5_7,0.054,59.241,101.053,61.113
2025-11-21 04:41:43,mlx5_8,0.000,0.000,0.000,0.000
2025-11-21 04:41:43,mlx5_9,0.000,0.000,0.000,0.000
2025-11-21 04:41:43,TOTAL,0.067,80.887,121.728,78.006
2025-11-21 04:41:44,mlx5_0,0.017,28.068,20.678,20.422
2025-11-21 04:41:44,mlx5_1,0.000,0.000,0.000,0.000
2025-11-21 04:41:44,mlx5_2,0.000,0.000,0.000,0.000
2025-11-21 04:41:44,mlx5_3,0.000,0.000,0.000,0.000
2025-11-21 04:41:44,mlx5_4,0.000,0.000,0.000,0.000
2025-11-21 04:41:44,mlx5_5,0.000,0.000,0.000,0.000
2025-11-21 04:41:44,mlx5_6,0.000,0.000,0.000,0.000
2025-11-21 04:41:44,mlx5_7,0.063,69.742,101.061,69.881
2025-11-21 04:41:44,mlx5_8,0.000,0.000,0.000,0.000
2025-11-21 04:41:44,mlx5_9,0.000,0.000,0.000,0.000
2025-11-21 04:41:44,TOTAL,0.081,97.810,121.738,90.303
2025-11-21 04:41:45,mlx5_0,0.014,23.463,20.679,23.373
2025-11-21 04:41:45,mlx5_1,0.000,0.000,0.000,0.000
2025-11-21 04:41:45,mlx5_2,0.000,0.000,0.000,0.000
2025-11-21 04:41:45,mlx5_3,0.000,0.000,0.000,0.000
2025-11-21 04:41:45,mlx5_4,0.000,0.000,0.000,0.000
2025-11-21 04:41:45,mlx5_5,0.000,0.000,0.000,0.000
2025-11-21 04:41:45,mlx5_6,0.000,0.000,0.000,0.000
2025-11-21 04:41:45,mlx5_7,0.059,65.869,101.068,78.166
2025-11-21 04:41:45,mlx5_8,0.000,0.000,0.000,0.000
2025-11-21 04:41:45,mlx5_9,0.000,0.000,0.000,0.000
2025-11-21 04:41:45,TOTAL,0.074,89.332,121.748,101.539
2025-11-21 04:41:46,mlx5_0,0.017,27.110,20.682,26.784
2025-11-21 04:41:46,mlx5_1,0.000,0.000,0.000,0.000
2025-11-21 04:41:46,mlx5_2,0.000,0.000,0.000,0.000
2025-11-21 04:41:46,mlx5_3,0.000,0.000,0.000,0.000
2025-11-21 04:41:46,mlx5_4,0.000,0.000,0.000,0.000
2025-11-21 04:41:46,mlx5_5,0.000,0.000,0.000,0.000
2025-11-21 04:41:46,mlx5_6,0.000,0.000,0.000,0.000
2025-11-21 04:41:46,mlx5_7,0.067,74.227,101.077,87.505
2025-11-21 04:41:46,mlx5_8,0.000,0.000,0.000,0.000
2025-11-21 04:41:46,mlx5_9,0.000,0.000,0.000,0.000
2025-11-21 04:41:46,TOTAL,0.084,101.337,121.758,114.289
2025-11-21 04:41:47,mlx5_0,0.014,24.053,20.683,29.809
2025-11-21 04:41:47,mlx5_1,0.000,0.000,0.000,0.000
2025-11-21 04:41:47,mlx5_2,0.000,0.000,0.000,0.000
2025-11-21 04:41:47,mlx5_3,0.000,0.000,0.000,0.000
2025-11-21 04:41:47,mlx5_4,0.000,0.000,0.000,0.000
2025-11-21 04:41:47,mlx5_5,0.000,0.000,0.000,0.000
2025-11-21 04:41:47,mlx5_6,0.000,0.000,0.000,0.000
2025-11-21 04:41:47,mlx5_7,0.048,52.842,101.083,94.152
2025-11-21 04:41:47,mlx5_8,0.000,0.000,0.000,0.000
2025-11-21 04:41:47,mlx5_9,0.000,0.000,0.000,0.000
2025-11-21 04:41:47,TOTAL,0.062,76.895,121.766,123.961
2025-11-21 04:41:48,mlx5_0,0.016,24.781,20.685,32.924
2025-11-21 04:41:48,mlx5_1,0.000,0.000,0.000,0.000
2025-11-21 04:41:48,mlx5_2,0.000,0.000,0.000,0.000
2025-11-21 04:41:48,mlx5_3,0.000,0.000,0.000,0.000
2025-11-21 04:41:48,mlx5_4,0.000,0.000,0.000,0.000
2025-11-21 04:41:48,mlx5_5,0.000,0.000,0.000,0.000
2025-11-21 04:41:48,mlx5_6,0.000,0.000,0.000,0.000
2025-11-21 04:41:48,mlx5_7,0.055,60.768,101.090,101.791
2025-11-21 04:41:48,mlx5_8,0.000,0.000,0.000,0.000
2025-11-21 04:41:48,mlx5_9,0.000,0.000,0.000,0.000
2025-11-21 04:41:48,TOTAL,0.071,85.549,121.775,134.716
2025-11-21 04:41:49,mlx5_0,0.013,20.290,20.687,35.476
2025-11-21 04:41:49,mlx5_1,0.000,0.000,0.000,0.000
2025-11-21 04:41:49,mlx5_2,0.000,0.000,0.000,0.000
2025-11-21 04:41:49,mlx5_3,0.000,0.000,0.000,0.000
2025-11-21 04:41:49,mlx5_4,0.000,0.000,0.000,0.000
2025-11-21 04:41:49,mlx5_5,0.000,0.000,0.000,0.000
2025-11-21 04:41:49,mlx5_6,0.000,0.000,0.000,0.000
2025-11-21 04:41:49,mlx5_7,0.050,55.235,101.096,108.736
2025-11-21 04:41:49,mlx5_8,0.000,0.000,0.000,0.000
2025-11-21 04:41:49,mlx5_9,0.000,0.000,0.000,0.000
2025-11-21 04:41:49,TOTAL,0.063,75.525,121.783,144.212
2025-11-21 04:41:50,mlx5_0,0.009,13.798,20.688,37.211
2025-11-21 04:41:50,mlx5_1,0.000,0.000,0.000,0.000
2025-11-21 04:41:50,mlx5_2,0.000,0.000,0.000,0.000
2025-11-21 04:41:50,mlx5_3,0.000,0.000,0.000,0.000
2025-11-21 04:41:50,mlx5_4,0.000,0.000,0.000,0.000
2025-11-21 04:41:50,mlx5_5,0.000,0.000,0.000,0.000
2025-11-21 04:41:50,mlx5_6,0.000,0.000,0.000,0.000
2025-11-21 04:41:50,mlx5_7,0.036,40.075,101.100,113.777
2025-11-21 04:41:50,mlx5_8,0.000,0.000,0.000,0.000
2025-11-21 04:41:50,mlx5_9,0.000,0.000,0.000,0.000
2025-11-21 04:41:50,TOTAL,0.045,53.873,121.788,150.989
2025-11-21 04:41:51,mlx5_0,0.016,26.381,20.690,40.528
2025-11-21 04:41:51,mlx5_1,0.000,0.000,0.000,0.000
2025-11-21 04:41:51,mlx5_2,0.000,0.000,0.000,0.000
2025-11-21 04:41:51,mlx5_3,0.000,0.000,0.000,0.000
2025-11-21 04:41:51,mlx5_4,0.000,0.000,0.000,0.000
2025-11-21 04:41:51,mlx5_5,0.000,0.000,0.000,0.000
2025-11-21 04:41:51,mlx5_6,0.000,0.000,0.000,0.000
2025-11-21 04:41:51,mlx5_7,0.072,79.133,101.109,123.725
2025-11-21 04:41:51,mlx5_8,0.000,0.000,0.000,0.000
2025-11-21 04:41:51,mlx5_9,0.000,0.000,0.000,0.000
2025-11-21 04:41:51,TOTAL,0.089,105.514,121.800,164.252
2025-11-21 04:41:52,mlx5_0,0.008,13.087,20.691,42.172
2025-11-21 04:41:52,mlx5_1,0.000,0.000,0.000,0.000
2025-11-21 04:41:52,mlx5_2,0.000,0.000,0.000,0.000
2025-11-21 04:41:52,mlx5_3,0.000,0.000,0.000,0.000
2025-11-21 04:41:52,mlx5_4,0.000,0.000,0.000,0.000
2025-11-21 04:41:52,mlx5_5,0.000,0.000,0.000,0.000
2025-11-21 04:41:52,mlx5_6,0.000,0.000,0.000,0.000
2025-11-21 04:41:52,mlx5_7,0.030,32.847,101.113,127.853
2025-11-21 04:41:52,mlx5_8,0.000,0.000,0.000,0.000
2025-11-21 04:41:52,mlx5_9,0.000,0.000,0.000,0.000
2025-11-21 04:41:52,TOTAL,0.038,45.934,121.804,170.025
2025-11-21 04:41:53,mlx5_0,0.000,0.000,20.691,42.172
2025-11-21 04:41:53,mlx5_1,0.000,0.000,0.000,0.000
2025-11-21 04:41:53,mlx5_2,0.000,0.000,0.000,0.000
2025-11-21 04:41:53,mlx5_3,0.000,0.000,0.000,0.000
2025-11-21 04:41:53,mlx5_4,0.000,0.000,0.000,0.000
2025-11-21 04:41:53,mlx5_5,0.000,0.000,0.000,0.000
2025-11-21 04:41:53,mlx5_6,0.000,0.000,0.000,0.000
2025-11-21 04:41:53,mlx5_7,0.000,0.000,101.113,127.853
2025-11-21 04:41:53,mlx5_8,0.000,0.000,0.000,0.000
2025-11-21 04:41:53,mlx5_9,0.000,0.000,0.000,0.000
2025-11-21 04:41:53,TOTAL,0.000,0.000,121.804,170.025
2025-11-21 04:41:54,mlx5_0,0.000,0.000,20.691,42.172
2025-11-21 04:41:54,mlx5_1,0.000,0.000,0.000,0.000
2025-11-21 04:41:54,mlx5_2,0.000,0.000,0.000,0.000
2025-11-21 04:41:54,mlx5_3,0.000,0.000,0.000,0.000
2025-11-21 04:41:54,mlx5_4,0.000,0.000,0.000,0.000
2025-11-21 04:41:54,mlx5_5,0.000,0.000,0.000,0.000
2025-11-21 04:41:54,mlx5_6,0.000,0.000,0.000,0.000
2025-11-21 04:41:54,mlx5_7,0.000,0.000,101.113,127.853
2025-11-21 04:41:54,mlx5_8,0.000,0.000,0.000,0.000
2025-11-21 04:41:54,mlx5_9,0.000,0.000,0.000,0.000
2025-11-21 04:41:54,TOTAL,0.000,0.000,121.804,170.025
2025-11-21 04:41:55,mlx5_0,0.000,0.000,20.691,42.172
2025-11-21 04:41:55,mlx5_1,0.000,0.000,0.000,0.000
2025-11-21 04:41:55,mlx5_2,0.000,0.000,0.000,0.000
2025-11-21 04:41:55,mlx5_3,0.000,0.000,0.000,0.000
2025-11-21 04:41:55,mlx5_4,0.000,0.000,0.000,0.000
2025-11-21 04:41:55,mlx5_5,0.000,0.000,0.000,0.000
2025-11-21 04:41:55,mlx5_6,0.000,0.000,0.000,0.000
2025-11-21 04:41:55,mlx5_7,0.000,0.000,101.113,127.853
2025-11-21 04:41:55,mlx5_8,0.000,0.000,0.000,0.000
2025-11-21 04:41:55,mlx5_9,0.000,0.000,0.000,0.000
2025-11-21 04:41:55,TOTAL,0.000,0.000,121.804,170.025
2025-11-21 04:41:56,mlx5_0,0.000,0.000,20.691,42.172
2025-11-21 04:41:56,mlx5_1,0.000,0.000,0.000,0.000
2025-11-21 04:41:56,mlx5_2,0.000,0.000,0.000,0.000
2025-11-21 04:41:56,mlx5_3,0.000,0.000,0.000,0.000
2025-11-21 04:41:56,mlx5_4,0.000,0.000,0.000,0.000
2025-11-21 04:41:56,mlx5_5,0.000,0.000,0.000,0.000
2025-11-21 04:41:56,mlx5_6,0.000,0.000,0.000,0.000
2025-11-21 04:41:56,mlx5_7,0.000,0.000,101.113,127.853
2025-11-21 04:41:56,mlx5_8,0.000,0.000,0.000,0.000
2025-11-21 04:41:56,mlx5_9,0.000,0.000,0.000,0.000
2025-11-21 04:41:56,TOTAL,0.000,0.000,121.804,170.025
2025-11-21 04:41:57,mlx5_0,0.000,0.000,20.691,42.172
2025-11-21 04:41:57,mlx5_1,0.000,0.000,0.000,0.000
2025-11-21 04:41:57,mlx5_2,0.000,0.000,0.000,0.000
2025-11-21 04:41:57,mlx5_3,0.000,0.000,0.000,0.000
2025-11-21 04:41:57,mlx5_4,0.000,0.000,0.000,0.000
2025-11-21 04:41:57,mlx5_5,0.000,0.000,0.000,0.000
2025-11-21 04:41:57,mlx5_6,0.000,0.000,0.000,0.000
2025-11-21 04:41:57,mlx5_7,0.000,0.000,101.113,127.853
2025-11-21 04:41:57,mlx5_8,0.000,0.000,0.000,0.000
2025-11-21 04:41:57,mlx5_9,0.000,0.000,0.000,0.000
2025-11-21 04:41:57,TOTAL,0.000,0.000,121.804,170.025
2025-11-21 04:41:58,mlx5_0,0.000,0.000,20.691,42.172
2025-11-21 04:41:58,mlx5_1,0.000,0.000,0.000,0.000
2025-11-21 04:41:58,mlx5_2,0.000,0.000,0.000,0.000
2025-11-21 04:41:58,mlx5_3,0.000,0.000,0.000,0.000
2025-11-21 04:41:58,mlx5_4,0.000,0.000,0.000,0.000
2025-11-21 04:41:58,mlx5_5,0.000,0.000,0.000,0.000
2025-11-21 04:41:58,mlx5_6,0.000,0.000,0.000,0.000
2025-11-21 04:41:58,mlx5_7,0.000,0.000,101.113,127.853
2025-11-21 04:41:58,mlx5_8,0.000,0.000,0.000,0.000
2025-11-21 04:41:58,mlx5_9,0.000,0.000,0.000,0.000
2025-11-21 04:41:58,TOTAL,0.000,0.000,121.804,170.025
2025-11-21 04:41:59,mlx5_0,0.000,0.000,20.691,42.172
2025-11-21 04:41:59,mlx5_1,0.000,0.000,0.000,0.000
2025-11-21 04:41:59,mlx5_2,0.000,0.000,0.000,0.000
2025-11-21 04:41:59,mlx5_3,0.000,0.000,0.000,0.000
2025-11-21 04:41:59,mlx5_4,0.000,0.000,0.000,0.000
2025-11-21 04:41:59,mlx5_5,0.000,0.000,0.000,0.000
2025-11-21 04:41:59,mlx5_6,0.000,0.000,0.000,0.000
2025-11-21 04:41:59,mlx5_7,0.000,0.000,101.113,127.853
2025-11-21 04:41:59,mlx5_8,0.000,0.000,0.000,0.000
2025-11-21 04:41:59,mlx5_9,0.000,0.000,0.000,0.000
2025-11-21 04:41:59,TOTAL,0.000,0.000,121.804,170.025
2025-11-21 04:42:00,mlx5_0,0.000,0.000,20.691,42.172
2025-11-21 04:42:00,mlx5_1,0.000,0.000,0.000,0.000
2025-11-21 04:42:00,mlx5_2,0.000,0.000,0.000,0.000
2025-11-21 04:42:00,mlx5_3,0.000,0.000,0.000,0.000
2025-11-21 04:42:00,mlx5_4,0.000,0.000,0.000,0.000
2025-11-21 04:42:00,mlx5_5,0.000,0.000,0.000,0.000
2025-11-21 04:42:00,mlx5_6,0.000,0.000,0.000,0.000
2025-11-21 04:42:00,mlx5_7,0.000,0.000,101.113,127.853
2025-11-21 04:42:00,mlx5_8,0.000,0.000,0.000,0.000
2025-11-21 04:42:00,mlx5_9,0.000,0.000,0.000,0.000
2025-11-21 04:42:00,TOTAL,0.000,0.000,121.804,170.025
2025-11-21 04:42:01,mlx5_0,0.000,0.000,20.691,42.172
2025-11-21 04:42:01,mlx5_1,0.000,0.000,0.000,0.000
2025-11-21 04:42:01,mlx5_2,0.000,0.000,0.000,0.000
2025-11-21 04:42:01,mlx5_3,0.000,0.000,0.000,0.000
2025-11-21 04:42:01,mlx5_4,0.000,0.000,0.000,0.000
2025-11-21 04:42:01,mlx5_5,0.000,0.000,0.000,0.000
2025-11-21 04:42:01,mlx5_6,0.000,0.000,0.000,0.000
2025-11-21 04:42:01,mlx5_7,0.000,0.000,101.113,127.853
2025-11-21 04:42:01,mlx5_8,0.000,0.000,0.000,0.000
2025-11-21 04:42:01,mlx5_9,0.000,0.000,0.000,0.000
2025-11-21 04:42:01,TOTAL,0.000,0.000,121.804,170.025
2025-11-21 04:42:02,mlx5_0,0.000,0.000,20.691,42.172
2025-11-21 04:42:02,mlx5_1,0.000,0.000,0.000,0.000
2025-11-21 04:42:02,mlx5_2,0.000,0.000,0.000,0.000
2025-11-21 04:42:02,mlx5_3,0.000,0.000,0.000,0.000
2025-11-21 04:42:02,mlx5_4,0.000,0.000,0.000,0.000
2025-11-21 04:42:02,mlx5_5,0.000,0.000,0.000,0.000
2025-11-21 04:42:02,mlx5_6,0.000,0.000,0.000,0.000
2025-11-21 04:42:02,mlx5_7,0.000,0.000,101.113,127.853
2025-11-21 04:42:02,mlx5_8,0.000,0.000,0.000,0.000
2025-11-21 04:42:02,mlx5_9,0.000,0.000,0.000,0.000
2025-11-21 04:42:02,TOTAL,0.000,0.000,121.804,170.025
2025-11-21 04:42:03,mlx5_0,0.000,0.000,20.691,42.172
2025-11-21 04:42:03,mlx5_1,0.000,0.000,0.000,0.000
2025-11-21 04:42:03,mlx5_2,0.000,0.000,0.000,0.000
2025-11-21 04:42:03,mlx5_3,0.000,0.000,0.000,0.000
2025-11-21 04:42:03,mlx5_4,0.000,0.000,0.000,0.000
2025-11-21 04:42:03,mlx5_5,0.000,0.000,0.000,0.000
2025-11-21 04:42:03,mlx5_6,0.000,0.000,0.000,0.000
2025-11-21 04:42:03,mlx5_7,0.000,0.000,101.113,127.853
2025-11-21 04:42:03,mlx5_8,0.000,0.000,0.000,0.000
2025-11-21 04:42:03,mlx5_9,0.000,0.000,0.000,0.000
2025-11-21 04:42:03,TOTAL,0.000,0.000,121.804,170.025
2025-11-21 04:42:04,mlx5_0,0.000,0.000,20.691,42.172
2025-11-21 04:42:04,mlx5_1,0.000,0.000,0.000,0.000
2025-11-21 04:42:04,mlx5_2,0.000,0.000,0.000,0.000
2025-11-21 04:42:04,mlx5_3,0.000,0.000,0.000,0.000
2025-11-21 04:42:04,mlx5_4,0.000,0.000,0.000,0.000
2025-11-21 04:42:04,mlx5_5,0.000,0.000,0.000,0.000
2025-11-21 04:42:04,mlx5_6,0.000,0.000,0.000,0.000
2025-11-21 04:42:04,mlx5_7,0.000,0.000,101.113,127.853
2025-11-21 04:42:04,mlx5_8,0.000,0.000,0.000,0.000
2025-11-21 04:42:04,mlx5_9,0.000,0.000,0.000,0.000
2025-11-21 04:42:04,TOTAL,0.000,0.000,121.804,170.025
2025-11-21 04:42:05,mlx5_0,0.000,0.000,20.691,42.172
2025-11-21 04:42:05,mlx5_1,0.000,0.000,0.000,0.000
2025-11-21 04:42:05,mlx5_2,0.000,0.000,0.000,0.000
2025-11-21 04:42:05,mlx5_3,0.000,0.000,0.000,0.000
2025-11-21 04:42:05,mlx5_4,0.000,0.000,0.000,0.000
2025-11-21 04:42:05,mlx5_5,0.000,0.000,0.000,0.000
2025-11-21 04:42:05,mlx5_6,0.000,0.000,0.000,0.000
2025-11-21 04:42:05,mlx5_7,0.000,0.000,101.113,127.853
2025-11-21 04:42:05,mlx5_8,0.000,0.000,0.000,0.000
2025-11-21 04:42:05,mlx5_9,0.000,0.000,0.000,0.000
2025-11-21 04:42:05,TOTAL,0.000,0.000,121.804,170.025
2025-11-21 04:42:06,mlx5_0,0.000,0.000,20.691,42.172
2025-11-21 04:42:06,mlx5_1,0.000,0.000,0.000,0.000
2025-11-21 04:42:06,mlx5_2,0.000,0.000,0.000,0.000
2025-11-21 04:42:06,mlx5_3,0.000,0.000,0.000,0.000
2025-11-21 04:42:06,mlx5_4,0.000,0.000,0.000,0.000
2025-11-21 04:42:06,mlx5_5,0.000,0.000,0.000,0.000
2025-11-21 04:42:06,mlx5_6,0.000,0.000,0.000,0.000
2025-11-21 04:42:06,mlx5_7,0.000,0.000,101.113,127.853
2025-11-21 04:42:06,mlx5_8,0.000,0.000,0.000,0.000
2025-11-21 04:42:06,mlx5_9,0.000,0.000,0.000,0.000
2025-11-21 04:42:06,TOTAL,0.000,0.000,121.804,170.025
2025-11-21 04:42:07,mlx5_0,0.000,0.000,20.691,42.172
2025-11-21 04:42:07,mlx5_1,0.000,0.000,0.000,0.000
2025-11-21 04:42:07,mlx5_2,0.000,0.000,0.000,0.000
2025-11-21 04:42:07,mlx5_3,0.000,0.000,0.000,0.000
2025-11-21 04:42:07,mlx5_4,0.000,0.000,0.000,0.000
2025-11-21 04:42:07,mlx5_5,0.000,0.000,0.000,0.000
2025-11-21 04:42:07,mlx5_6,0.000,0.000,0.000,0.000
2025-11-21 04:42:07,mlx5_7,0.000,0.000,101.113,127.853
2025-11-21 04:42:07,mlx5_8,0.000,0.000,0.000,0.000
2025-11-21 04:42:07,mlx5_9,0.000,0.000,0.000,0.000
2025-11-21 04:42:07,TOTAL,0.000,0.000,121.804,170.025
2025-11-21 04:42:08,mlx5_0,0.000,0.000,20.691,42.172
2025-11-21 04:42:08,mlx5_1,0.000,0.000,0.000,0.000
2025-11-21 04:42:08,mlx5_2,0.000,0.000,0.000,0.000
2025-11-21 04:42:08,mlx5_3,0.000,0.000,0.000,0.000
2025-11-21 04:42:08,mlx5_4,0.000,0.000,0.000,0.000
2025-11-21 04:42:08,mlx5_5,0.000,0.000,0.000,0.000
2025-11-21 04:42:08,mlx5_6,0.000,0.000,0.000,0.000
2025-11-21 04:42:08,mlx5_7,0.000,0.000,101.113,127.853
2025-11-21 04:42:08,mlx5_8,0.000,0.000,0.000,0.000
2025-11-21 04:42:08,mlx5_9,0.000,0.000,0.000,0.000
2025-11-21 04:42:08,TOTAL,0.000,0.000,121.804,170.025
2025-11-21 04:42:09,mlx5_0,0.002,3.005,20.691,42.550
2025-11-21 04:42:09,mlx5_1,0.000,0.000,0.000,0.000
2025-11-21 04:42:09,mlx5_2,0.000,0.000,0.000,0.000
2025-11-21 04:42:09,mlx5_3,0.000,0.000,0.000,0.000
2025-11-21 04:42:09,mlx5_4,0.000,0.000,0.000,0.000
2025-11-21 04:42:09,mlx5_5,0.000,0.000,0.000,0.000
2025-11-21 04:42:09,mlx5_6,0.000,0.000,0.000,0.000
2025-11-21 04:42:09,mlx5_7,0.012,11.919,101.115,129.351
2025-11-21 04:42:09,mlx5_8,0.000,0.000,0.000,0.000
2025-11-21 04:42:09,mlx5_9,0.000,0.000,0.000,0.000
2025-11-21 04:42:09,TOTAL,0.014,14.924,121.806,171.901
2025-11-21 04:42:10,mlx5_0,0.005,8.416,20.692,43.609
2025-11-21 04:42:10,mlx5_1,0.000,0.000,0.000,0.000
2025-11-21 04:42:10,mlx5_2,0.000,0.000,0.000,0.000
2025-11-21 04:42:10,mlx5_3,0.000,0.000,0.000,0.000
2025-11-21 04:42:10,mlx5_4,0.000,0.000,0.000,0.000
2025-11-21 04:42:10,mlx5_5,0.000,0.000,0.000,0.000
2025-11-21 04:42:10,mlx5_6,0.000,0.000,0.000,0.000
2025-11-21 04:42:10,mlx5_7,0.022,23.725,101.117,132.337
2025-11-21 04:42:10,mlx5_8,0.000,0.000,0.000,0.000
2025-11-21 04:42:10,mlx5_9,0.000,0.000,0.000,0.000
2025-11-21 04:42:10,TOTAL,0.027,32.141,121.809,175.947
2025-11-21 04:42:11,mlx5_0,0.000,0.025,20.692,43.613
2025-11-21 04:42:11,mlx5_1,0.000,0.000,0.000,0.000
2025-11-21 04:42:11,mlx5_2,0.000,0.000,0.000,0.000
2025-11-21 04:42:11,mlx5_3,0.000,0.000,0.000,0.000
2025-11-21 04:42:11,mlx5_4,0.000,0.000,0.000,0.000
2025-11-21 04:42:11,mlx5_5,0.000,0.000,0.000,0.000
2025-11-21 04:42:11,mlx5_6,0.000,0.000,0.000,0.000
2025-11-21 04:42:11,mlx5_7,0.001,0.580,101.117,132.410
2025-11-21 04:42:11,mlx5_8,0.000,0.000,0.000,0.000
2025-11-21 04:42:11,mlx5_9,0.000,0.000,0.000,0.000
2025-11-21 04:42:11,TOTAL,0.001,0.606,121.810,176.023
2025-11-21 04:42:12,mlx5_0,4.848,0.003,21.302,43.613
2025-11-21 04:42:12,mlx5_1,0.000,0.000,0.000,0.000
2025-11-21 04:42:12,mlx5_2,0.000,0.000,0.000,0.000
2025-11-21 04:42:12,mlx5_3,0.000,0.000,0.000,0.000
2025-11-21 04:42:12,mlx5_4,0.000,0.000,0.000,0.000
2025-11-21 04:42:12,mlx5_5,0.000,0.000,0.000,0.000
2025-11-21 04:42:12,mlx5_6,0.000,0.000,0.000,0.000
2025-11-21 04:42:12,mlx5_7,26.701,0.013,104.475,132.412
2025-11-21 04:42:12,mlx5_8,0.000,0.000,0.000,0.000
2025-11-21 04:42:12,mlx5_9,0.000,0.000,0.000,0.000
2025-11-21 04:42:12,TOTAL,31.549,0.016,125.777,176.025
2025-11-21 04:42:13,mlx5_0,2.668,0.001,21.638,43.613
2025-11-21 04:42:13,mlx5_1,0.000,0.000,0.000,0.000
2025-11-21 04:42:13,mlx5_2,0.000,0.000,0.000,0.000
2025-11-21 04:42:13,mlx5_3,0.000,0.000,0.000,0.000
2025-11-21 04:42:13,mlx5_4,0.000,0.000,0.000,0.000
2025-11-21 04:42:13,mlx5_5,0.000,0.000,0.000,0.000
2025-11-21 04:42:13,mlx5_6,0.000,0.000,0.000,0.000
2025-11-21 04:42:13,mlx5_7,2.942,0.001,104.846,132.412
2025-11-21 04:42:13,mlx5_8,0.000,0.000,0.000,0.000
2025-11-21 04:42:13,mlx5_9,0.000,0.000,0.000,0.000
2025-11-21 04:42:13,TOTAL,5.610,0.003,126.483,176.025
2025-11-21 04:42:14,mlx5_0,5.002,0.003,22.267,43.614
2025-11-21 04:42:14,mlx5_1,0.000,0.000,0.000,0.000
2025-11-21 04:42:14,mlx5_2,0.000,0.000,0.000,0.000
2025-11-21 04:42:14,mlx5_3,0.000,0.000,0.000,0.000
2025-11-21 04:42:14,mlx5_4,0.000,0.000,0.000,0.000
2025-11-21 04:42:14,mlx5_5,0.000,0.000,0.000,0.000
2025-11-21 04:42:14,mlx5_6,0.000,0.000,0.000,0.000
2025-11-21 04:42:14,mlx5_7,32.129,0.015,108.890,132.414
2025-11-21 04:42:14,mlx5_8,0.000,0.000,0.000,0.000
2025-11-21 04:42:14,mlx5_9,0.000,0.000,0.000,0.000
2025-11-21 04:42:14,TOTAL,37.132,0.018,131.157,176.028
2025-11-21 04:42:15,mlx5_0,0.000,0.000,22.267,43.614
2025-11-21 04:42:15,mlx5_1,0.000,0.000,0.000,0.000
2025-11-21 04:42:15,mlx5_2,0.000,0.000,0.000,0.000
2025-11-21 04:42:15,mlx5_3,0.000,0.000,0.000,0.000
2025-11-21 04:42:15,mlx5_4,0.000,0.000,0.000,0.000
2025-11-21 04:42:15,mlx5_5,0.000,0.000,0.000,0.000
2025-11-21 04:42:15,mlx5_6,0.000,0.000,0.000,0.000
2025-11-21 04:42:15,mlx5_7,0.000,0.000,108.890,132.414
2025-11-21 04:42:15,mlx5_8,0.000,0.000,0.000,0.000
2025-11-21 04:42:15,mlx5_9,0.000,0.000,0.000,0.000
2025-11-21 04:42:15,TOTAL,0.000,0.000,131.157,176.028
2025-11-21 04:42:16,mlx5_0,5.568,0.003,22.968,43.614
2025-11-21 04:42:16,mlx5_1,0.000,0.000,0.000,0.000
2025-11-21 04:42:16,mlx5_2,0.000,0.000,0.000,0.000
2025-11-21 04:42:16,mlx5_3,0.000,0.000,0.000,0.000
2025-11-21 04:42:16,mlx5_4,0.000,0.000,0.000,0.000
2025-11-21 04:42:16,mlx5_5,0.000,0.000,0.000,0.000
2025-11-21 04:42:16,mlx5_6,0.000,0.000,0.000,0.000
2025-11-21 04:42:16,mlx5_7,31.548,0.016,112.862,132.416
2025-11-21 04:42:16,mlx5_8,0.000,0.000,0.000,0.000
2025-11-21 04:42:16,mlx5_9,0.000,0.000,0.000,0.000
2025-11-21 04:42:16,TOTAL,37.115,0.018,135.831,176.030
2025-11-21 04:42:17,mlx5_0,0.000,0.000,22.968,43.614
2025-11-21 04:42:17,mlx5_1,0.000,0.000,0.000,0.000
2025-11-21 04:42:17,mlx5_2,0.000,0.000,0.000,0.000
2025-11-21 04:42:17,mlx5_3,0.000,0.000,0.000,0.000
2025-11-21 04:42:17,mlx5_4,0.000,0.000,0.000,0.000
2025-11-21 04:42:17,mlx5_5,0.000,0.000,0.000,0.000
2025-11-21 04:42:17,mlx5_6,0.000,0.000,0.000,0.000
2025-11-21 04:42:17,mlx5_7,0.000,0.000,112.862,132.416
2025-11-21 04:42:17,mlx5_8,0.000,0.000,0.000,0.000
2025-11-21 04:42:17,mlx5_9,0.000,0.000,0.000,0.000
2025-11-21 04:42:17,TOTAL,0.000,0.000,135.831,176.030
2025-11-21 04:42:18,mlx5_0,6.505,0.003,23.787,43.614
2025-11-21 04:42:18,mlx5_1,0.000,0.000,0.000,0.000
2025-11-21 04:42:18,mlx5_2,0.000,0.000,0.000,0.000
2025-11-21 04:42:18,mlx5_3,0.000,0.000,0.000,0.000
2025-11-21 04:42:18,mlx5_4,0.000,0.000,0.000,0.000
2025-11-21 04:42:18,mlx5_5,0.000,0.000,0.000,0.000
2025-11-21 04:42:18,mlx5_6,0.000,0.000,0.000,0.000
2025-11-21 04:42:18,mlx5_7,29.704,0.014,116.599,132.418
2025-11-21 04:42:18,mlx5_8,0.000,0.000,0.000,0.000
2025-11-21 04:42:18,mlx5_9,0.000,0.000,0.000,0.000
2025-11-21 04:42:18,TOTAL,36.209,0.018,140.385,176.032
2025-11-21 04:42:19,mlx5_0,0.621,0.000,23.865,43.614
2025-11-21 04:42:19,mlx5_1,0.000,0.000,0.000,0.000
2025-11-21 04:42:19,mlx5_2,0.000,0.000,0.000,0.000
2025-11-21 04:42:19,mlx5_3,0.000,0.000,0.000,0.000
2025-11-21 04:42:19,mlx5_4,0.000,0.000,0.000,0.000
2025-11-21 04:42:19,mlx5_5,0.000,0.000,0.000,0.000
2025-11-21 04:42:19,mlx5_6,0.000,0.000,0.000,0.000
2025-11-21 04:42:19,mlx5_7,0.325,0.000,116.639,132.418
2025-11-21 04:42:19,mlx5_8,0.000,0.000,0.000,0.000
2025-11-21 04:42:19,mlx5_9,0.000,0.000,0.000,0.000
2025-11-21 04:42:19,TOTAL,0.946,0.001,140.504,176.032
2025-11-21 04:42:20,mlx5_0,0.000,0.000,23.865,43.614
2025-11-21 04:42:20,mlx5_1,0.000,0.000,0.000,0.000
2025-11-21 04:42:20,mlx5_2,0.000,0.000,0.000,0.000
2025-11-21 04:42:20,mlx5_3,0.000,0.000,0.000,0.000
2025-11-21 04:42:20,mlx5_4,0.000,0.000,0.000,0.000
2025-11-21 04:42:20,mlx5_5,0.000,0.000,0.000,0.000
2025-11-21 04:42:20,mlx5_6,0.000,0.000,0.000,0.000
2025-11-21 04:42:20,mlx5_7,0.000,0.000,116.639,132.418
2025-11-21 04:42:20,mlx5_8,0.000,0.000,0.000,0.000
2025-11-21 04:42:20,mlx5_9,0.000,0.000,0.000,0.000
2025-11-21 04:42:20,TOTAL,0.000,0.000,140.504,176.032
2025-11-21 04:42:21,mlx5_0,5.976,9.074,24.617,44.756
2025-11-21 04:42:21,mlx5_1,0.000,0.000,0.000,0.000
2025-11-21 04:42:21,mlx5_2,0.000,0.000,0.000,0.000
2025-11-21 04:42:21,mlx5_3,0.000,0.000,0.000,0.000
2025-11-21 04:42:21,mlx5_4,0.000,0.000,0.000,0.000
2025-11-21 04:42:21,mlx5_5,0.000,0.000,0.000,0.000
2025-11-21 04:42:21,mlx5_6,0.000,0.000,0.000,0.000
2025-11-21 04:42:21,mlx5_7,28.079,26.401,120.173,135.740
2025-11-21 04:42:21,mlx5_8,0.000,0.000,0.000,0.000
2025-11-21 04:42:21,mlx5_9,0.000,0.000,0.000,0.000
2025-11-21 04:42:21,TOTAL,34.055,35.476,144.789,180.496
2025-11-21 04:42:22,mlx5_0,0.010,16.753,24.618,46.864
2025-11-21 04:42:22,mlx5_1,0.000,0.000,0.000,0.000
2025-11-21 04:42:22,mlx5_2,0.000,0.000,0.000,0.000
2025-11-21 04:42:22,mlx5_3,0.000,0.000,0.000,0.000
2025-11-21 04:42:22,mlx5_4,0.000,0.000,0.000,0.000
2025-11-21 04:42:22,mlx5_5,0.000,0.000,0.000,0.000
2025-11-21 04:42:22,mlx5_6,0.000,0.000,0.000,0.000
2025-11-21 04:42:22,mlx5_7,0.041,45.027,120.178,141.406
2025-11-21 04:42:22,mlx5_8,0.000,0.000,0.000,0.000
2025-11-21 04:42:22,mlx5_9,0.000,0.000,0.000,0.000
2025-11-21 04:42:22,TOTAL,0.051,61.780,144.796,188.271
2025-11-21 04:42:23,mlx5_0,0.015,24.350,24.620,49.929
2025-11-21 04:42:23,mlx5_1,0.000,0.000,0.000,0.000
2025-11-21 04:42:23,mlx5_2,0.000,0.000,0.000,0.000
2025-11-21 04:42:23,mlx5_3,0.000,0.000,0.000,0.000
2025-11-21 04:42:23,mlx5_4,0.000,0.000,0.000,0.000
2025-11-21 04:42:23,mlx5_5,0.000,0.000,0.000,0.000
2025-11-21 04:42:23,mlx5_6,0.000,0.000,0.000,0.000
2025-11-21 04:42:23,mlx5_7,0.062,68.804,120.186,150.066
2025-11-21 04:42:23,mlx5_8,0.000,0.000,0.000,0.000
2025-11-21 04:42:23,mlx5_9,0.000,0.000,0.000,0.000
2025-11-21 04:42:23,TOTAL,0.077,93.154,144.806,199.995
2025-11-21 04:42:24,mlx5_0,0.005,8.626,24.621,51.014
2025-11-21 04:42:24,mlx5_1,0.000,0.000,0.000,0.000
2025-11-21 04:42:24,mlx5_2,0.000,0.000,0.000,0.000
2025-11-21 04:42:24,mlx5_3,0.000,0.000,0.000,0.000
2025-11-21 04:42:24,mlx5_4,0.000,0.000,0.000,0.000
2025-11-21 04:42:24,mlx5_5,0.000,0.000,0.000,0.000
2025-11-21 04:42:24,mlx5_6,0.000,0.000,0.000,0.000
2025-11-21 04:42:24,mlx5_7,0.023,25.965,120.189,153.332
2025-11-21 04:42:24,mlx5_8,0.000,0.000,0.000,0.000
2025-11-21 04:42:24,mlx5_9,0.000,0.000,0.000,0.000
2025-11-21 04:42:24,TOTAL,0.029,34.590,144.809,204.346
2025-11-21 04:42:25,mlx5_0,0.000,0.000,24.621,51.014
2025-11-21 04:42:25,mlx5_1,0.000,0.000,0.000,0.000
2025-11-21 04:42:25,mlx5_2,0.000,0.000,0.000,0.000
2025-11-21 04:42:25,mlx5_3,0.000,0.000,0.000,0.000
2025-11-21 04:42:25,mlx5_4,0.000,0.000,0.000,0.000
2025-11-21 04:42:25,mlx5_5,0.000,0.000,0.000,0.000
2025-11-21 04:42:25,mlx5_6,0.000,0.000,0.000,0.000
2025-11-21 04:42:25,mlx5_7,0.000,0.000,120.189,153.332
2025-11-21 04:42:25,mlx5_8,0.000,0.000,0.000,0.000
2025-11-21 04:42:25,mlx5_9,0.000,0.000,0.000,0.000
2025-11-21 04:42:25,TOTAL,0.000,0.000,144.809,204.346
2025-11-21 04:42:26,mlx5_0,0.006,9.993,24.621,52.271
2025-11-21 04:42:26,mlx5_1,0.000,0.000,0.000,0.000
2025-11-21 04:42:26,mlx5_2,0.000,0.000,0.000,0.000
2025-11-21 04:42:26,mlx5_3,0.000,0.000,0.000,0.000
2025-11-21 04:42:26,mlx5_4,0.000,0.000,0.000,0.000
2025-11-21 04:42:26,mlx5_5,0.000,0.000,0.000,0.000
2025-11-21 04:42:26,mlx5_6,0.000,0.000,0.000,0.000
2025-11-21 04:42:26,mlx5_7,0.028,29.729,120.192,157.072
2025-11-21 04:42:26,mlx5_8,0.000,0.000,0.000,0.000
2025-11-21 04:42:26,mlx5_9,0.000,0.000,0.000,0.000
2025-11-21 04:42:26,TOTAL,0.035,39.722,144.814,209.344
2025-11-21 04:42:27,mlx5_0,0.001,1.922,24.622,52.513
2025-11-21 04:42:27,mlx5_1,0.000,0.000,0.000,0.000
2025-11-21 04:42:27,mlx5_2,0.000,0.000,0.000,0.000
2025-11-21 04:42:27,mlx5_3,0.000,0.000,0.000,0.000
2025-11-21 04:42:27,mlx5_4,0.000,0.000,0.000,0.000
2025-11-21 04:42:27,mlx5_5,0.000,0.000,0.000,0.000
2025-11-21 04:42:27,mlx5_6,0.000,0.000,0.000,0.000
2025-11-21 04:42:27,mlx5_7,0.006,6.931,120.193,157.944
2025-11-21 04:42:27,mlx5_8,0.000,0.000,0.000,0.000
2025-11-21 04:42:27,mlx5_9,0.000,0.000,0.000,0.000
2025-11-21 04:42:27,TOTAL,0.008,8.853,144.814,210.457
2025-11-21 04:42:28,mlx5_0,4.335,0.003,25.167,52.513
2025-11-21 04:42:28,mlx5_1,0.000,0.000,0.000,0.000
2025-11-21 04:42:28,mlx5_2,0.000,0.000,0.000,0.000
2025-11-21 04:42:28,mlx5_3,0.000,0.000,0.000,0.000
2025-11-21 04:42:28,mlx5_4,0.000,0.000,0.000,0.000
2025-11-21 04:42:28,mlx5_5,0.000,0.000,0.000,0.000
2025-11-21 04:42:28,mlx5_6,0.000,0.000,0.000,0.000
2025-11-21 04:42:28,mlx5_7,31.301,0.015,124.128,157.946
2025-11-21 04:42:28,mlx5_8,0.000,0.000,0.000,0.000
2025-11-21 04:42:28,mlx5_9,0.000,0.000,0.000,0.000
2025-11-21 04:42:28,TOTAL,35.635,0.017,149.294,210.459
2025-11-21 04:42:29,mlx5_0,0.846,0.001,25.273,52.513
2025-11-21 04:42:29,mlx5_1,0.000,0.000,0.000,0.000
2025-11-21 04:42:29,mlx5_2,0.000,0.000,0.000,0.000
2025-11-21 04:42:29,mlx5_3,0.000,0.000,0.000,0.000
2025-11-21 04:42:29,mlx5_4,0.000,0.000,0.000,0.000
2025-11-21 04:42:29,mlx5_5,0.000,0.000,0.000,0.000
2025-11-21 04:42:29,mlx5_6,0.000,0.000,0.000,0.000
2025-11-21 04:42:29,mlx5_7,0.694,0.001,124.215,157.946
2025-11-21 04:42:29,mlx5_8,0.000,0.000,0.000,0.000
2025-11-21 04:42:29,mlx5_9,0.000,0.000,0.000,0.000
2025-11-21 04:42:29,TOTAL,1.540,0.001,149.488,210.459
2025-11-21 04:42:30,mlx5_0,7.919,0.004,26.269,52.514
2025-11-21 04:42:30,mlx5_1,0.000,0.000,0.000,0.000
2025-11-21 04:42:30,mlx5_2,0.000,0.000,0.000,0.000
2025-11-21 04:42:30,mlx5_3,0.000,0.000,0.000,0.000
2025-11-21 04:42:30,mlx5_4,0.000,0.000,0.000,0.000
2025-11-21 04:42:30,mlx5_5,0.000,0.000,0.000,0.000
2025-11-21 04:42:30,mlx5_6,0.000,0.000,0.000,0.000
2025-11-21 04:42:30,mlx5_7,29.255,0.014,127.893,157.948
2025-11-21 04:42:30,mlx5_8,0.000,0.000,0.000,0.000
2025-11-21 04:42:30,mlx5_9,0.000,0.000,0.000,0.000
2025-11-21 04:42:30,TOTAL,37.174,0.018,154.162,210.461
2025-11-21 04:42:31,mlx5_0,0.000,0.000,26.269,52.514
2025-11-21 04:42:31,mlx5_1,0.000,0.000,0.000,0.000
2025-11-21 04:42:31,mlx5_2,0.000,0.000,0.000,0.000
2025-11-21 04:42:31,mlx5_3,0.000,0.000,0.000,0.000
2025-11-21 04:42:31,mlx5_4,0.000,0.000,0.000,0.000
2025-11-21 04:42:31,mlx5_5,0.000,0.000,0.000,0.000
2025-11-21 04:42:31,mlx5_6,0.000,0.000,0.000,0.000
2025-11-21 04:42:31,mlx5_7,0.000,0.000,127.893,157.948
2025-11-21 04:42:31,mlx5_8,0.000,0.000,0.000,0.000
2025-11-21 04:42:31,mlx5_9,0.000,0.000,0.000,0.000
2025-11-21 04:42:31,TOTAL,0.000,0.000,154.162,210.461
2025-11-21 04:42:32,mlx5_0,5.743,0.003,26.991,52.514
2025-11-21 04:42:32,mlx5_1,0.000,0.000,0.000,0.000
2025-11-21 04:42:32,mlx5_2,0.000,0.000,0.000,0.000
2025-11-21 04:42:32,mlx5_3,0.000,0.000,0.000,0.000
2025-11-21 04:42:32,mlx5_4,0.000,0.000,0.000,0.000
2025-11-21 04:42:32,mlx5_5,0.000,0.000,0.000,0.000
2025-11-21 04:42:32,mlx5_6,0.000,0.000,0.000,0.000
2025-11-21 04:42:32,mlx5_7,31.430,0.015,131.845,157.950
2025-11-21 04:42:32,mlx5_8,0.000,0.000,0.000,0.000
2025-11-21 04:42:32,mlx5_9,0.000,0.000,0.000,0.000
2025-11-21 04:42:32,TOTAL,37.172,0.018,158.836,210.464
2025-11-21 04:42:33,mlx5_0,0.000,0.000,26.991,52.514
2025-11-21 04:42:33,mlx5_1,0.000,0.000,0.000,0.000
2025-11-21 04:42:33,mlx5_2,0.000,0.000,0.000,0.000
2025-11-21 04:42:33,mlx5_3,0.000,0.000,0.000,0.000
2025-11-21 04:42:33,mlx5_4,0.000,0.000,0.000,0.000
2025-11-21 04:42:33,mlx5_5,0.000,0.000,0.000,0.000
2025-11-21 04:42:33,mlx5_6,0.000,0.000,0.000,0.000
2025-11-21 04:42:33,mlx5_7,0.000,0.000,131.845,157.950
2025-11-21 04:42:33,mlx5_8,0.000,0.000,0.000,0.000
2025-11-21 04:42:33,mlx5_9,0.000,0.000,0.000,0.000
2025-11-21 04:42:33,TOTAL,0.000,0.000,158.836,210.464
2025-11-21 04:42:34,mlx5_0,2.624,0.318,27.321,52.554
2025-11-21 04:42:34,mlx5_1,0.000,0.000,0.000,0.000
2025-11-21 04:42:34,mlx5_2,0.000,0.000,0.000,0.000
2025-11-21 04:42:34,mlx5_3,0.000,0.000,0.000,0.000
2025-11-21 04:42:34,mlx5_4,0.000,0.000,0.000,0.000
2025-11-21 04:42:34,mlx5_5,0.000,0.000,0.000,0.000
2025-11-21 04:42:34,mlx5_6,0.000,0.000,0.000,0.000
2025-11-21 04:42:34,mlx5_7,21.348,3.247,134.534,158.359
2025-11-21 04:42:34,mlx5_8,0.000,0.000,0.000,0.000
2025-11-21 04:42:34,mlx5_9,0.000,0.000,0.000,0.000
2025-11-21 04:42:34,TOTAL,23.972,3.565,161.855,210.913
2025-11-21 04:42:35,mlx5_0,2.590,5.438,27.647,53.238
2025-11-21 04:42:35,mlx5_1,0.000,0.000,0.000,0.000
2025-11-21 04:42:35,mlx5_2,0.000,0.000,0.000,0.000
2025-11-21 04:42:35,mlx5_3,0.000,0.000,0.000,0.000
2025-11-21 04:42:35,mlx5_4,0.000,0.000,0.000,0.000
2025-11-21 04:42:35,mlx5_5,0.000,0.000,0.000,0.000
2025-11-21 04:42:35,mlx5_6,0.000,0.000,0.000,0.000
2025-11-21 04:42:35,mlx5_7,10.592,16.697,135.865,160.457
2025-11-21 04:42:35,mlx5_8,0.000,0.000,0.000,0.000
2025-11-21 04:42:35,mlx5_9,0.000,0.000,0.000,0.000
2025-11-21 04:42:35,TOTAL,13.182,22.135,163.512,213.695
2025-11-21 04:42:36,mlx5_0,0.004,5.717,27.647,53.957
2025-11-21 04:42:36,mlx5_1,0.000,0.000,0.000,0.000
2025-11-21 04:42:36,mlx5_2,0.000,0.000,0.000,0.000
2025-11-21 04:42:36,mlx5_3,0.000,0.000,0.000,0.000
2025-11-21 04:42:36,mlx5_4,0.000,0.000,0.000,0.000
2025-11-21 04:42:36,mlx5_5,0.000,0.000,0.000,0.000
2025-11-21 04:42:36,mlx5_6,0.000,0.000,0.000,0.000
2025-11-21 04:42:36,mlx5_7,0.015,16.257,135.867,162.503
2025-11-21 04:42:36,mlx5_8,0.000,0.000,0.000,0.000
2025-11-21 04:42:36,mlx5_9,0.000,0.000,0.000,0.000
2025-11-21 04:42:36,TOTAL,0.019,21.974,163.514,216.460
2025-11-21 04:42:37,mlx5_0,0.000,0.000,27.647,53.957
2025-11-21 04:42:37,mlx5_1,0.000,0.000,0.000,0.000
2025-11-21 04:42:37,mlx5_2,0.000,0.000,0.000,0.000
2025-11-21 04:42:37,mlx5_3,0.000,0.000,0.000,0.000
2025-11-21 04:42:37,mlx5_4,0.000,0.000,0.000,0.000
2025-11-21 04:42:37,mlx5_5,0.000,0.000,0.000,0.000
2025-11-21 04:42:37,mlx5_6,0.000,0.000,0.000,0.000
2025-11-21 04:42:37,mlx5_7,0.000,0.000,135.867,162.503
2025-11-21 04:42:37,mlx5_8,0.000,0.000,0.000,0.000
2025-11-21 04:42:37,mlx5_9,0.000,0.000,0.000,0.000
2025-11-21 04:42:37,TOTAL,0.000,0.000,163.514,216.460
2025-11-21 04:42:38,mlx5_0,0.407,0.000,27.698,53.957
2025-11-21 04:42:38,mlx5_1,0.000,0.000,0.000,0.000
2025-11-21 04:42:38,mlx5_2,0.000,0.000,0.000,0.000
2025-11-21 04:42:38,mlx5_3,0.000,0.000,0.000,0.000
2025-11-21 04:42:38,mlx5_4,0.000,0.000,0.000,0.000
2025-11-21 04:42:38,mlx5_5,0.000,0.000,0.000,0.000
2025-11-21 04:42:38,mlx5_6,0.000,0.000,0.000,0.000
2025-11-21 04:42:38,mlx5_7,9.879,0.005,137.109,162.504
2025-11-21 04:42:38,mlx5_8,0.000,0.000,0.000,0.000
2025-11-21 04:42:38,mlx5_9,0.000,0.000,0.000,0.000
2025-11-21 04:42:38,TOTAL,10.286,0.005,164.807,216.461
2025-11-21 04:42:39,mlx5_0,4.587,0.002,28.276,53.958
2025-11-21 04:42:39,mlx5_1,0.000,0.000,0.000,0.000
2025-11-21 04:42:39,mlx5_2,0.000,0.000,0.000,0.000
2025-11-21 04:42:39,mlx5_3,0.000,0.000,0.000,0.000
2025-11-21 04:42:39,mlx5_4,0.000,0.000,0.000,0.000
2025-11-21 04:42:39,mlx5_5,0.000,0.000,0.000,0.000
2025-11-21 04:42:39,mlx5_6,0.000,0.000,0.000,0.000
2025-11-21 04:42:39,mlx5_7,21.481,0.011,139.812,162.505
2025-11-21 04:42:39,mlx5_8,0.000,0.000,0.000,0.000
2025-11-21 04:42:39,mlx5_9,0.000,0.000,0.000,0.000
2025-11-21 04:42:39,TOTAL,26.068,0.013,168.088,216.463
2025-11-21 04:42:40,mlx5_0,6.554,0.003,29.100,53.958
2025-11-21 04:42:40,mlx5_1,0.000,0.000,0.000,0.000
2025-11-21 04:42:40,mlx5_2,0.000,0.000,0.000,0.000
2025-11-21 04:42:40,mlx5_3,0.000,0.000,0.000,0.000
2025-11-21 04:42:40,mlx5_4,0.000,0.000,0.000,0.000
2025-11-21 04:42:40,mlx5_5,0.000,0.000,0.000,0.000
2025-11-21 04:42:40,mlx5_6,0.000,0.000,0.000,0.000
2025-11-21 04:42:40,mlx5_7,30.577,0.015,143.661,162.507
2025-11-21 04:42:40,mlx5_8,0.000,0.000,0.000,0.000
2025-11-21 04:42:40,mlx5_9,0.000,0.000,0.000,0.000
2025-11-21 04:42:40,TOTAL,37.131,0.018,172.761,216.465
2025-11-21 04:42:41,mlx5_0,0.000,0.000,29.100,53.958
2025-11-21 04:42:41,mlx5_1,0.000,0.000,0.000,0.000
2025-11-21 04:42:41,mlx5_2,0.000,0.000,0.000,0.000
2025-11-21 04:42:41,mlx5_3,0.000,0.000,0.000,0.000
2025-11-21 04:42:41,mlx5_4,0.000,0.000,0.000,0.000
2025-11-21 04:42:41,mlx5_5,0.000,0.000,0.000,0.000
2025-11-21 04:42:41,mlx5_6,0.000,0.000,0.000,0.000
2025-11-21 04:42:41,mlx5_7,0.000,0.000,143.661,162.507
2025-11-21 04:42:41,mlx5_8,0.000,0.000,0.000,0.000
2025-11-21 04:42:41,mlx5_9,0.000,0.000,0.000,0.000
2025-11-21 04:42:41,TOTAL,0.000,0.000,172.761,216.465
2025-11-21 04:42:42,mlx5_0,5.461,0.003,29.787,53.958
2025-11-21 04:42:42,mlx5_1,0.000,0.000,0.000,0.000
2025-11-21 04:42:42,mlx5_2,0.000,0.000,0.000,0.000
2025-11-21 04:42:42,mlx5_3,0.000,0.000,0.000,0.000
2025-11-21 04:42:42,mlx5_4,0.000,0.000,0.000,0.000
2025-11-21 04:42:42,mlx5_5,0.000,0.000,0.000,0.000
2025-11-21 04:42:42,mlx5_6,0.000,0.000,0.000,0.000
2025-11-21 04:42:42,mlx5_7,31.710,0.015,147.648,162.509
2025-11-21 04:42:42,mlx5_8,0.000,0.000,0.000,0.000
2025-11-21 04:42:42,mlx5_9,0.000,0.000,0.000,0.000
2025-11-21 04:42:42,TOTAL,37.170,0.018,177.435,216.467
2025-11-21 04:42:43,mlx5_0,0.000,0.000,29.787,53.958
2025-11-21 04:42:43,mlx5_1,0.000,0.000,0.000,0.000
2025-11-21 04:42:43,mlx5_2,0.000,0.000,0.000,0.000
2025-11-21 04:42:43,mlx5_3,0.000,0.000,0.000,0.000
2025-11-21 04:42:43,mlx5_4,0.000,0.000,0.000,0.000
2025-11-21 04:42:43,mlx5_5,0.000,0.000,0.000,0.000
2025-11-21 04:42:43,mlx5_6,0.000,0.000,0.000,0.000
2025-11-21 04:42:43,mlx5_7,0.000,0.000,147.648,162.509
2025-11-21 04:42:43,mlx5_8,0.000,0.000,0.000,0.000
2025-11-21 04:42:43,mlx5_9,0.000,0.000,0.000,0.000
2025-11-21 04:42:43,TOTAL,0.000,0.000,177.435,216.467
2025-11-21 04:42:44,mlx5_0,6.882,0.003,30.653,53.959
2025-11-21 04:42:44,mlx5_1,0.000,0.000,0.000,0.000
2025-11-21 04:42:44,mlx5_2,0.000,0.000,0.000,0.000
2025-11-21 04:42:44,mlx5_3,0.000,0.000,0.000,0.000
2025-11-21 04:42:44,mlx5_4,0.000,0.000,0.000,0.000
2025-11-21 04:42:44,mlx5_5,0.000,0.000,0.000,0.000
2025-11-21 04:42:44,mlx5_6,0.000,0.000,0.000,0.000
2025-11-21 04:42:44,mlx5_7,30.125,0.015,151.438,162.511
2025-11-21 04:42:44,mlx5_8,0.000,0.000,0.000,0.000
2025-11-21 04:42:44,mlx5_9,0.000,0.000,0.000,0.000
2025-11-21 04:42:44,TOTAL,37.007,0.018,182.090,216.469
2025-11-21 04:42:45,mlx5_0,0.025,0.000,30.656,53.959
2025-11-21 04:42:45,mlx5_1,0.000,0.000,0.000,0.000
2025-11-21 04:42:45,mlx5_2,0.000,0.000,0.000,0.000
2025-11-21 04:42:45,mlx5_3,0.000,0.000,0.000,0.000
2025-11-21 04:42:45,mlx5_4,0.000,0.000,0.000,0.000
2025-11-21 04:42:45,mlx5_5,0.000,0.000,0.000,0.000
2025-11-21 04:42:45,mlx5_6,0.000,0.000,0.000,0.000
2025-11-21 04:42:45,mlx5_7,0.120,0.000,151.453,162.511
2025-11-21 04:42:45,mlx5_8,0.000,0.000,0.000,0.000
2025-11-21 04:42:45,mlx5_9,0.000,0.000,0.000,0.000
2025-11-21 04:42:45,TOTAL,0.145,0.000,182.109,216.469
2025-11-21 04:42:46,mlx5_0,1.823,0.018,30.885,53.961
2025-11-21 04:42:46,mlx5_1,0.000,0.000,0.000,0.000
2025-11-21 04:42:46,mlx5_2,0.000,0.000,0.000,0.000
2025-11-21 04:42:46,mlx5_3,0.000,0.000,0.000,0.000
2025-11-21 04:42:46,mlx5_4,0.000,0.000,0.000,0.000
2025-11-21 04:42:46,mlx5_5,0.000,0.000,0.000,0.000
2025-11-21 04:42:46,mlx5_6,0.000,0.000,0.000,0.000
2025-11-21 04:42:46,mlx5_7,23.207,1.293,154.368,162.673
2025-11-21 04:42:46,mlx5_8,0.000,0.000,0.000,0.000
2025-11-21 04:42:46,mlx5_9,0.000,0.000,0.000,0.000
2025-11-21 04:42:46,TOTAL,25.030,1.311,185.253,216.634
2025-11-21 04:42:47,mlx5_0,3.868,8.518,31.372,55.033
2025-11-21 04:42:47,mlx5_1,0.000,0.000,0.000,0.000
2025-11-21 04:42:47,mlx5_2,0.000,0.000,0.000,0.000
2025-11-21 04:42:47,mlx5_3,0.000,0.000,0.000,0.000
2025-11-21 04:42:47,mlx5_4,0.000,0.000,0.000,0.000
2025-11-21 04:42:47,mlx5_5,0.000,0.000,0.000,0.000
2025-11-21 04:42:47,mlx5_6,0.000,0.000,0.000,0.000
2025-11-21 04:42:47,mlx5_7,8.310,25.899,155.414,165.934
2025-11-21 04:42:47,mlx5_8,0.000,0.000,0.000,0.000
2025-11-21 04:42:47,mlx5_9,0.000,0.000,0.000,0.000
2025-11-21 04:42:47,TOTAL,12.178,34.417,186.786,220.968
2025-11-21 04:42:48,mlx5_0,0.002,3.172,31.372,55.432
2025-11-21 04:42:48,mlx5_1,0.000,0.000,0.000,0.000
2025-11-21 04:42:48,mlx5_2,0.000,0.000,0.000,0.000
2025-11-21 04:42:48,mlx5_3,0.000,0.000,0.000,0.000
2025-11-21 04:42:48,mlx5_4,0.000,0.000,0.000,0.000
2025-11-21 04:42:48,mlx5_5,0.000,0.000,0.000,0.000
2025-11-21 04:42:48,mlx5_6,0.000,0.000,0.000,0.000
2025-11-21 04:42:48,mlx5_7,0.006,6.402,155.415,166.739
2025-11-21 04:42:48,mlx5_8,0.000,0.000,0.000,0.000
2025-11-21 04:42:48,mlx5_9,0.000,0.000,0.000,0.000
2025-11-21 04:42:48,TOTAL,0.008,9.574,186.787,222.171
2025-11-21 04:42:49,mlx5_0,0.001,1.254,31.372,55.590
2025-11-21 04:42:49,mlx5_1,0.000,0.000,0.000,0.000
2025-11-21 04:42:49,mlx5_2,0.000,0.000,0.000,0.000
2025-11-21 04:42:49,mlx5_3,0.000,0.000,0.000,0.000
2025-11-21 04:42:49,mlx5_4,0.000,0.000,0.000,0.000
2025-11-21 04:42:49,mlx5_5,0.000,0.000,0.000,0.000
2025-11-21 04:42:49,mlx5_6,0.000,0.000,0.000,0.000
2025-11-21 04:42:49,mlx5_7,0.002,2.124,155.415,167.006
2025-11-21 04:42:49,mlx5_8,0.000,0.000,0.000,0.000
2025-11-21 04:42:49,mlx5_9,0.000,0.000,0.000,0.000
2025-11-21 04:42:49,TOTAL,0.003,3.378,186.788,222.596
2025-11-21 04:42:50,mlx5_0,0.000,0.000,31.372,55.590
2025-11-21 04:42:50,mlx5_1,0.000,0.000,0.000,0.000
2025-11-21 04:42:50,mlx5_2,0.000,0.000,0.000,0.000
2025-11-21 04:42:50,mlx5_3,0.000,0.000,0.000,0.000
2025-11-21 04:42:50,mlx5_4,0.000,0.000,0.000,0.000
2025-11-21 04:42:50,mlx5_5,0.000,0.000,0.000,0.000
2025-11-21 04:42:50,mlx5_6,0.000,0.000,0.000,0.000
2025-11-21 04:42:50,mlx5_7,0.000,0.000,155.415,167.006
2025-11-21 04:42:50,mlx5_8,0.000,0.000,0.000,0.000
2025-11-21 04:42:50,mlx5_9,0.000,0.000,0.000,0.000
2025-11-21 04:42:50,TOTAL,0.000,0.000,186.788,222.596
2025-11-21 04:42:51,mlx5_0,5.518,0.003,32.066,55.590
2025-11-21 04:42:51,mlx5_1,0.000,0.000,0.000,0.000
2025-11-21 04:42:51,mlx5_2,0.000,0.000,0.000,0.000
2025-11-21 04:42:51,mlx5_3,0.000,0.000,0.000,0.000
2025-11-21 04:42:51,mlx5_4,0.000,0.000,0.000,0.000
2025-11-21 04:42:51,mlx5_5,0.000,0.000,0.000,0.000
2025-11-21 04:42:51,mlx5_6,0.000,0.000,0.000,0.000
2025-11-21 04:42:51,mlx5_7,27.678,0.014,158.896,167.007
2025-11-21 04:42:51,mlx5_8,0.000,0.000,0.000,0.000
2025-11-21 04:42:51,mlx5_9,0.000,0.000,0.000,0.000
2025-11-21 04:42:51,TOTAL,33.197,0.016,190.963,222.598
2025-11-21 04:42:52,mlx5_0,0.785,0.000,32.165,55.590
2025-11-21 04:42:52,mlx5_1,0.000,0.000,0.000,0.000
2025-11-21 04:42:52,mlx5_2,0.000,0.000,0.000,0.000
2025-11-21 04:42:52,mlx5_3,0.000,0.000,0.000,0.000
2025-11-21 04:42:52,mlx5_4,0.000,0.000,0.000,0.000
2025-11-21 04:42:52,mlx5_5,0.000,0.000,0.000,0.000
2025-11-21 04:42:52,mlx5_6,0.000,0.000,0.000,0.000
2025-11-21 04:42:52,mlx5_7,2.378,0.001,159.196,167.008
2025-11-21 04:42:52,mlx5_8,0.000,0.000,0.000,0.000
2025-11-21 04:42:52,mlx5_9,0.000,0.000,0.000,0.000
2025-11-21 04:42:52,TOTAL,3.163,0.002,191.361,222.598
2025-11-21 04:42:53,mlx5_0,5.475,0.003,32.854,55.591
2025-11-21 04:42:53,mlx5_1,0.000,0.000,0.000,0.000
2025-11-21 04:42:53,mlx5_2,0.000,0.000,0.000,0.000
2025-11-21 04:42:53,mlx5_3,0.000,0.000,0.000,0.000
2025-11-21 04:42:53,mlx5_4,0.000,0.000,0.000,0.000
2025-11-21 04:42:53,mlx5_5,0.000,0.000,0.000,0.000
2025-11-21 04:42:53,mlx5_6,0.000,0.000,0.000,0.000
2025-11-21 04:42:53,mlx5_7,31.698,0.015,163.181,167.010
2025-11-21 04:42:53,mlx5_8,0.000,0.000,0.000,0.000
2025-11-21 04:42:53,mlx5_9,0.000,0.000,0.000,0.000
2025-11-21 04:42:53,TOTAL,37.174,0.018,196.035,222.600
2025-11-21 04:42:54,mlx5_0,0.000,0.000,32.854,55.591
2025-11-21 04:42:54,mlx5_1,0.000,0.000,0.000,0.000
2025-11-21 04:42:54,mlx5_2,0.000,0.000,0.000,0.000
2025-11-21 04:42:54,mlx5_3,0.000,0.000,0.000,0.000
2025-11-21 04:42:54,mlx5_4,0.000,0.000,0.000,0.000
2025-11-21 04:42:54,mlx5_5,0.000,0.000,0.000,0.000
2025-11-21 04:42:54,mlx5_6,0.000,0.000,0.000,0.000
2025-11-21 04:42:54,mlx5_7,0.000,0.000,163.181,167.010
2025-11-21 04:42:54,mlx5_8,0.000,0.000,0.000,0.000
2025-11-21 04:42:54,mlx5_9,0.000,0.000,0.000,0.000
2025-11-21 04:42:54,TOTAL,0.000,0.000,196.035,222.600
2025-11-21 04:42:55,mlx5_0,6.563,0.003,33.679,55.591
2025-11-21 04:42:55,mlx5_1,0.000,0.000,0.000,0.000
2025-11-21 04:42:55,mlx5_2,0.000,0.000,0.000,0.000
2025-11-21 04:42:55,mlx5_3,0.000,0.000,0.000,0.000
2025-11-21 04:42:55,mlx5_4,0.000,0.000,0.000,0.000
2025-11-21 04:42:55,mlx5_5,0.000,0.000,0.000,0.000
2025-11-21 04:42:55,mlx5_6,0.000,0.000,0.000,0.000
2025-11-21 04:42:55,mlx5_7,30.618,0.015,167.030,167.011
2025-11-21 04:42:55,mlx5_8,0.000,0.000,0.000,0.000
2025-11-21 04:42:55,mlx5_9,0.000,0.000,0.000,0.000
2025-11-21 04:42:55,TOTAL,37.181,0.018,200.708,222.603
2025-11-21 04:42:56,mlx5_0,0.000,0.000,33.679,55.591
2025-11-21 04:42:56,mlx5_1,0.000,0.000,0.000,0.000
2025-11-21 04:42:56,mlx5_2,0.000,0.000,0.000,0.000
2025-11-21 04:42:56,mlx5_3,0.000,0.000,0.000,0.000
2025-11-21 04:42:56,mlx5_4,0.000,0.000,0.000,0.000
2025-11-21 04:42:56,mlx5_5,0.000,0.000,0.000,0.000
2025-11-21 04:42:56,mlx5_6,0.000,0.000,0.000,0.000
2025-11-21 04:42:56,mlx5_7,0.000,0.000,167.030,167.011
2025-11-21 04:42:56,mlx5_8,0.000,0.000,0.000,0.000
2025-11-21 04:42:56,mlx5_9,0.000,0.000,0.000,0.000
2025-11-21 04:42:56,TOTAL,0.000,0.000,200.708,222.603
2025-11-21 04:42:57,mlx5_0,6.006,0.003,34.435,55.591
2025-11-21 04:42:57,mlx5_1,0.000,0.000,0.000,0.000
2025-11-21 04:42:57,mlx5_2,0.000,0.000,0.000,0.000
2025-11-21 04:42:57,mlx5_3,0.000,0.000,0.000,0.000
2025-11-21 04:42:57,mlx5_4,0.000,0.000,0.000,0.000
2025-11-21 04:42:57,mlx5_5,0.000,0.000,0.000,0.000
2025-11-21 04:42:57,mlx5_6,0.000,0.000,0.000,0.000
2025-11-21 04:42:57,mlx5_7,28.783,0.014,170.654,167.013
2025-11-21 04:42:57,mlx5_8,0.000,0.000,0.000,0.000
2025-11-21 04:42:57,mlx5_9,0.000,0.000,0.000,0.000
2025-11-21 04:42:57,TOTAL,34.789,0.017,205.089,222.605
2025-11-21 04:42:58,mlx5_0,1.362,0.001,34.611,55.592
2025-11-21 04:42:58,mlx5_1,0.000,0.000,0.000,0.000
2025-11-21 04:42:58,mlx5_2,0.000,0.000,0.000,0.000
2025-11-21 04:42:58,mlx5_3,0.000,0.000,0.000,0.000
2025-11-21 04:42:58,mlx5_4,0.000,0.000,0.000,0.000
2025-11-21 04:42:58,mlx5_5,0.000,0.000,0.000,0.000
2025-11-21 04:42:58,mlx5_6,0.000,0.000,0.000,0.000
2025-11-21 04:42:58,mlx5_7,1.220,0.001,170.812,167.013
2025-11-21 04:42:58,mlx5_8,0.000,0.000,0.000,0.000
2025-11-21 04:42:58,mlx5_9,0.000,0.000,0.000,0.000
2025-11-21 04:42:58,TOTAL,2.582,0.002,205.423,222.605
2025-11-21 04:42:59,mlx5_0,6.360,1.647,35.410,55.799
2025-11-21 04:42:59,mlx5_1,0.000,0.000,0.000,0.000
2025-11-21 04:42:59,mlx5_2,0.000,0.000,0.000,0.000
2025-11-21 04:42:59,mlx5_3,0.000,0.000,0.000,0.000
2025-11-21 04:42:59,mlx5_4,0.000,0.000,0.000,0.000
2025-11-21 04:42:59,mlx5_5,0.000,0.000,0.000,0.000
2025-11-21 04:42:59,mlx5_6,0.000,0.000,0.000,0.000
2025-11-21 04:42:59,mlx5_7,30.829,9.933,174.686,168.262
2025-11-21 04:42:59,mlx5_8,0.000,0.000,0.000,0.000
2025-11-21 04:42:59,mlx5_9,0.000,0.000,0.000,0.000
2025-11-21 04:42:59,TOTAL,37.189,11.579,210.097,224.060
2025-11-21 04:43:00,mlx5_0,0.015,10.134,35.412,57.073
2025-11-21 04:43:00,mlx5_1,0.000,0.000,0.000,0.000
2025-11-21 04:43:00,mlx5_2,0.000,0.000,0.000,0.000
2025-11-21 04:43:00,mlx5_3,0.000,0.000,0.000,0.000
2025-11-21 04:43:00,mlx5_4,0.000,0.000,0.000,0.000
2025-11-21 04:43:00,mlx5_5,0.000,0.000,0.000,0.000
2025-11-21 04:43:00,mlx5_6,0.000,0.000,0.000,0.000
2025-11-21 04:43:00,mlx5_7,0.024,25.830,174.690,171.511
2025-11-21 04:43:00,mlx5_8,0.000,0.000,0.000,0.000
2025-11-21 04:43:00,mlx5_9,0.000,0.000,0.000,0.000
2025-11-21 04:43:00,TOTAL,0.040,35.964,210.102,228.584
2025-11-21 04:43:01,mlx5_0,0.000,0.017,35.412,57.075
2025-11-21 04:43:01,mlx5_1,0.000,0.000,0.000,0.000
2025-11-21 04:43:01,mlx5_2,0.000,0.000,0.000,0.000
2025-11-21 04:43:01,mlx5_3,0.000,0.000,0.000,0.000
2025-11-21 04:43:01,mlx5_4,0.000,0.000,0.000,0.000
2025-11-21 04:43:01,mlx5_5,0.000,0.000,0.000,0.000
2025-11-21 04:43:01,mlx5_6,0.000,0.000,0.000,0.000
2025-11-21 04:43:01,mlx5_7,0.000,0.290,174.690,171.547
2025-11-21 04:43:01,mlx5_8,0.000,0.000,0.000,0.000
2025-11-21 04:43:01,mlx5_9,0.000,0.000,0.000,0.000
2025-11-21 04:43:01,TOTAL,0.000,0.307,210.102,228.623
2025-11-21 04:43:02,mlx5_0,0.000,0.000,35.412,57.075
2025-11-21 04:43:02,mlx5_1,0.000,0.000,0.000,0.000
2025-11-21 04:43:02,mlx5_2,0.000,0.000,0.000,0.000
2025-11-21 04:43:02,mlx5_3,0.000,0.000,0.000,0.000
2025-11-21 04:43:02,mlx5_4,0.000,0.000,0.000,0.000
2025-11-21 04:43:02,mlx5_5,0.000,0.000,0.000,0.000
2025-11-21 04:43:02,mlx5_6,0.000,0.000,0.000,0.000
2025-11-21 04:43:02,mlx5_7,0.000,0.000,174.690,171.547
2025-11-21 04:43:02,mlx5_8,0.000,0.000,0.000,0.000
2025-11-21 04:43:02,mlx5_9,0.000,0.000,0.000,0.000
2025-11-21 04:43:02,TOTAL,0.000,0.000,210.102,228.623
2025-11-21 04:43:03,mlx5_0,5.500,0.003,36.104,57.076
2025-11-21 04:43:03,mlx5_1,0.000,0.000,0.000,0.000
2025-11-21 04:43:03,mlx5_2,0.000,0.000,0.000,0.000
2025-11-21 04:43:03,mlx5_3,0.000,0.000,0.000,0.000
2025-11-21 04:43:03,mlx5_4,0.000,0.000,0.000,0.000
2025-11-21 04:43:03,mlx5_5,0.000,0.000,0.000,0.000
2025-11-21 04:43:03,mlx5_6,0.000,0.000,0.000,0.000
2025-11-21 04:43:03,mlx5_7,33.181,0.017,178.863,171.550
2025-11-21 04:43:03,mlx5_8,0.000,0.000,0.000,0.000
2025-11-21 04:43:03,mlx5_9,0.000,0.000,0.000,0.000
2025-11-21 04:43:03,TOTAL,38.682,0.020,214.967,228.625
2025-11-21 04:43:04,mlx5_0,0.281,0.000,36.139,57.076
2025-11-21 04:43:04,mlx5_1,0.000,0.000,0.000,0.000
2025-11-21 04:43:04,mlx5_2,0.000,0.000,0.000,0.000
2025-11-21 04:43:04,mlx5_3,0.000,0.000,0.000,0.000
2025-11-21 04:43:04,mlx5_4,0.000,0.000,0.000,0.000
2025-11-21 04:43:04,mlx5_5,0.000,0.000,0.000,0.000
2025-11-21 04:43:04,mlx5_6,0.000,0.000,0.000,0.000
2025-11-21 04:43:04,mlx5_7,4.849,0.003,179.473,171.550
2025-11-21 04:43:04,mlx5_8,0.000,0.000,0.000,0.000
2025-11-21 04:43:04,mlx5_9,0.000,0.000,0.000,0.000
2025-11-21 04:43:04,TOTAL,5.130,0.003,215.612,228.626
2025-11-21 04:43:05,mlx5_0,5.999,0.003,36.894,57.076
2025-11-21 04:43:05,mlx5_1,0.000,0.000,0.000,0.000
2025-11-21 04:43:05,mlx5_2,0.000,0.000,0.000,0.000
2025-11-21 04:43:05,mlx5_3,0.000,0.000,0.000,0.000
2025-11-21 04:43:05,mlx5_4,0.000,0.000,0.000,0.000
2025-11-21 04:43:05,mlx5_5,0.000,0.000,0.000,0.000
2025-11-21 04:43:05,mlx5_6,0.000,0.000,0.000,0.000
2025-11-21 04:43:05,mlx5_7,26.015,0.012,182.747,171.551
2025-11-21 04:43:05,mlx5_8,0.000,0.000,0.000,0.000
2025-11-21 04:43:05,mlx5_9,0.000,0.000,0.000,0.000
2025-11-21 04:43:05,TOTAL,32.014,0.015,219.641,228.628
2025-11-21 04:43:06,mlx5_0,0.147,0.000,36.913,57.076
2025-11-21 04:43:06,mlx5_1,0.000,0.000,0.000,0.000
2025-11-21 04:43:06,mlx5_2,0.000,0.000,0.000,0.000
2025-11-21 04:43:06,mlx5_3,0.000,0.000,0.000,0.000
2025-11-21 04:43:06,mlx5_4,0.000,0.000,0.000,0.000
2025-11-21 04:43:06,mlx5_5,0.000,0.000,0.000,0.000
2025-11-21 04:43:06,mlx5_6,0.000,0.000,0.000,0.000
2025-11-21 04:43:06,mlx5_7,3.979,0.002,183.247,171.552
2025-11-21 04:43:06,mlx5_8,0.000,0.000,0.000,0.000
2025-11-21 04:43:06,mlx5_9,0.000,0.000,0.000,0.000
2025-11-21 04:43:06,TOTAL,4.126,0.002,220.160,228.628
2025-11-21 04:43:07,mlx5_0,7.486,0.004,37.855,57.077
2025-11-21 04:43:07,mlx5_1,0.000,0.000,0.000,0.000
2025-11-21 04:43:07,mlx5_2,0.000,0.000,0.000,0.000
2025-11-21 04:43:07,mlx5_3,0.000,0.000,0.000,0.000
2025-11-21 04:43:07,mlx5_4,0.000,0.000,0.000,0.000
2025-11-21 04:43:07,mlx5_5,0.000,0.000,0.000,0.000
2025-11-21 04:43:07,mlx5_6,0.000,0.000,0.000,0.000
2025-11-21 04:43:07,mlx5_7,25.509,0.012,186.459,171.553
2025-11-21 04:43:07,mlx5_8,0.000,0.000,0.000,0.000
2025-11-21 04:43:07,mlx5_9,0.000,0.000,0.000,0.000
2025-11-21 04:43:07,TOTAL,32.996,0.016,224.314,228.630
2025-11-21 04:43:08,mlx5_0,0.000,0.000,37.855,57.077
2025-11-21 04:43:08,mlx5_1,0.000,0.000,0.000,0.000
2025-11-21 04:43:08,mlx5_2,0.000,0.000,0.000,0.000
2025-11-21 04:43:08,mlx5_3,0.000,0.000,0.000,0.000
2025-11-21 04:43:08,mlx5_4,0.000,0.000,0.000,0.000
2025-11-21 04:43:08,mlx5_5,0.000,0.000,0.000,0.000
2025-11-21 04:43:08,mlx5_6,0.000,0.000,0.000,0.000
2025-11-21 04:43:08,mlx5_7,0.000,0.000,186.459,171.553
2025-11-21 04:43:08,mlx5_8,0.000,0.000,0.000,0.000
2025-11-21 04:43:08,mlx5_9,0.000,0.000,0.000,0.000
2025-11-21 04:43:08,TOTAL,0.000,0.000,224.314,228.630
2025-11-21 04:43:09,mlx5_0,6.230,0.003,38.638,57.077
2025-11-21 04:43:09,mlx5_1,0.000,0.000,0.000,0.000
2025-11-21 04:43:09,mlx5_2,0.000,0.000,0.000,0.000
2025-11-21 04:43:09,mlx5_3,0.000,0.000,0.000,0.000
2025-11-21 04:43:09,mlx5_4,0.000,0.000,0.000,0.000
2025-11-21 04:43:09,mlx5_5,0.000,0.000,0.000,0.000
2025-11-21 04:43:09,mlx5_6,0.000,0.000,0.000,0.000
2025-11-21 04:43:09,mlx5_7,30.953,0.015,190.350,171.555
2025-11-21 04:43:09,mlx5_8,0.000,0.000,0.000,0.000
2025-11-21 04:43:09,mlx5_9,0.000,0.000,0.000,0.000
2025-11-21 04:43:09,TOTAL,37.183,0.018,228.988,228.632
2025-11-21 04:43:10,mlx5_0,0.000,0.000,38.638,57.077
2025-11-21 04:43:10,mlx5_1,0.000,0.000,0.000,0.000
2025-11-21 04:43:10,mlx5_2,0.000,0.000,0.000,0.000
2025-11-21 04:43:10,mlx5_3,0.000,0.000,0.000,0.000
2025-11-21 04:43:10,mlx5_4,0.000,0.000,0.000,0.000
2025-11-21 04:43:10,mlx5_5,0.000,0.000,0.000,0.000
2025-11-21 04:43:10,mlx5_6,0.000,0.000,0.000,0.000
2025-11-21 04:43:10,mlx5_7,0.000,0.000,190.350,171.555
2025-11-21 04:43:10,mlx5_8,0.000,0.000,0.000,0.000
2025-11-21 04:43:10,mlx5_9,0.000,0.000,0.000,0.000
2025-11-21 04:43:10,TOTAL,0.000,0.000,228.988,228.632
2025-11-21 04:43:11,mlx5_0,5.896,5.044,39.380,57.711
2025-11-21 04:43:11,mlx5_1,0.000,0.000,0.000,0.000
2025-11-21 04:43:11,mlx5_2,0.000,0.000,0.000,0.000
2025-11-21 04:43:11,mlx5_3,0.000,0.000,0.000,0.000
2025-11-21 04:43:11,mlx5_4,0.000,0.000,0.000,0.000
2025-11-21 04:43:11,mlx5_5,0.000,0.000,0.000,0.000
2025-11-21 04:43:11,mlx5_6,0.000,0.000,0.000,0.000
2025-11-21 04:43:11,mlx5_7,31.298,14.465,194.284,173.374
2025-11-21 04:43:11,mlx5_8,0.000,0.000,0.000,0.000
2025-11-21 04:43:11,mlx5_9,0.000,0.000,0.000,0.000
2025-11-21 04:43:11,TOTAL,37.193,19.509,233.664,231.085
2025-11-21 04:43:12,mlx5_0,0.005,7.984,39.380,58.715
2025-11-21 04:43:12,mlx5_1,0.000,0.000,0.000,0.000
2025-11-21 04:43:12,mlx5_2,0.000,0.000,0.000,0.000
2025-11-21 04:43:12,mlx5_3,0.000,0.000,0.000,0.000
2025-11-21 04:43:12,mlx5_4,0.000,0.000,0.000,0.000
2025-11-21 04:43:12,mlx5_5,0.000,0.000,0.000,0.000
2025-11-21 04:43:12,mlx5_6,0.000,0.000,0.000,0.000
2025-11-21 04:43:12,mlx5_7,0.019,20.537,194.287,175.957
2025-11-21 04:43:12,mlx5_8,0.000,0.000,0.000,0.000
2025-11-21 04:43:12,mlx5_9,0.000,0.000,0.000,0.000
2025-11-21 04:43:12,TOTAL,0.024,28.521,233.667,234.673
2025-11-21 04:43:13,mlx5_0,0.000,0.000,39.380,58.715
2025-11-21 04:43:13,mlx5_1,0.000,0.000,0.000,0.000
2025-11-21 04:43:13,mlx5_2,0.000,0.000,0.000,0.000
2025-11-21 04:43:13,mlx5_3,0.000,0.000,0.000,0.000
2025-11-21 04:43:13,mlx5_4,0.000,0.000,0.000,0.000
2025-11-21 04:43:13,mlx5_5,0.000,0.000,0.000,0.000
2025-11-21 04:43:13,mlx5_6,0.000,0.000,0.000,0.000
2025-11-21 04:43:13,mlx5_7,0.000,0.000,194.287,175.957
2025-11-21 04:43:13,mlx5_8,0.000,0.000,0.000,0.000
2025-11-21 04:43:13,mlx5_9,0.000,0.000,0.000,0.000
2025-11-21 04:43:13,TOTAL,0.000,0.000,233.667,234.673
2025-11-21 04:43:14,mlx5_0,4.897,0.003,39.996,58.716
2025-11-21 04:43:14,mlx5_1,0.000,0.000,0.000,0.000
2025-11-21 04:43:14,mlx5_2,0.000,0.000,0.000,0.000
2025-11-21 04:43:14,mlx5_3,0.000,0.000,0.000,0.000
2025-11-21 04:43:14,mlx5_4,0.000,0.000,0.000,0.000
2025-11-21 04:43:14,mlx5_5,0.000,0.000,0.000,0.000
2025-11-21 04:43:14,mlx5_6,0.000,0.000,0.000,0.000
2025-11-21 04:43:14,mlx5_7,31.466,0.015,198.244,175.959
2025-11-21 04:43:14,mlx5_8,0.000,0.000,0.000,0.000
2025-11-21 04:43:14,mlx5_9,0.000,0.000,0.000,0.000
2025-11-21 04:43:14,TOTAL,36.364,0.019,238.240,234.675
2025-11-21 04:43:15,mlx5_0,0.006,0.000,39.997,58.716
2025-11-21 04:43:15,mlx5_1,0.000,0.000,0.000,0.000
2025-11-21 04:43:15,mlx5_2,0.000,0.000,0.000,0.000
2025-11-21 04:43:15,mlx5_3,0.000,0.000,0.000,0.000
2025-11-21 04:43:15,mlx5_4,0.000,0.000,0.000,0.000
2025-11-21 04:43:15,mlx5_5,0.000,0.000,0.000,0.000
2025-11-21 04:43:15,mlx5_6,0.000,0.000,0.000,0.000
2025-11-21 04:43:15,mlx5_7,0.698,0.000,198.332,175.959
2025-11-21 04:43:15,mlx5_8,0.000,0.000,0.000,0.000
2025-11-21 04:43:15,mlx5_9,0.000,0.000,0.000,0.000
2025-11-21 04:43:15,TOTAL,0.704,0.000,238.329,234.675
2025-11-21 04:43:16,mlx5_0,5.874,0.003,40.737,58.716
2025-11-21 04:43:16,mlx5_1,0.000,0.000,0.000,0.000
2025-11-21 04:43:16,mlx5_2,0.000,0.000,0.000,0.000
2025-11-21 04:43:16,mlx5_3,0.000,0.000,0.000,0.000
2025-11-21 04:43:16,mlx5_4,0.000,0.000,0.000,0.000
2025-11-21 04:43:16,mlx5_5,0.000,0.000,0.000,0.000
2025-11-21 04:43:16,mlx5_6,0.000,0.000,0.000,0.000
2025-11-21 04:43:16,mlx5_7,30.530,0.015,202.177,175.961
2025-11-21 04:43:16,mlx5_8,0.000,0.000,0.000,0.000
2025-11-21 04:43:16,mlx5_9,0.000,0.000,0.000,0.000
2025-11-21 04:43:16,TOTAL,36.404,0.018,242.914,234.677
2025-11-21 04:43:17,mlx5_0,2.750,0.002,41.083,58.716
2025-11-21 04:43:17,mlx5_1,0.000,0.000,0.000,0.000
2025-11-21 04:43:17,mlx5_2,0.000,0.000,0.000,0.000
2025-11-21 04:43:17,mlx5_3,0.000,0.000,0.000,0.000
2025-11-21 04:43:17,mlx5_4,0.000,0.000,0.000,0.000
2025-11-21 04:43:17,mlx5_5,0.000,0.000,0.000,0.000
2025-11-21 04:43:17,mlx5_6,0.000,0.000,0.000,0.000
2025-11-21 04:43:17,mlx5_7,24.010,0.012,205.196,175.962
2025-11-21 04:43:17,mlx5_8,0.000,0.000,0.000,0.000
2025-11-21 04:43:17,mlx5_9,0.000,0.000,0.000,0.000
2025-11-21 04:43:17,TOTAL,26.760,0.013,246.279,234.679
2025-11-21 04:43:18,mlx5_0,3.086,0.002,41.471,58.717
2025-11-21 04:43:18,mlx5_1,0.000,0.000,0.000,0.000
2025-11-21 04:43:18,mlx5_2,0.000,0.000,0.000,0.000
2025-11-21 04:43:18,mlx5_3,0.000,0.000,0.000,0.000
2025-11-21 04:43:18,mlx5_4,0.000,0.000,0.000,0.000
2025-11-21 04:43:18,mlx5_5,0.000,0.000,0.000,0.000
2025-11-21 04:43:18,mlx5_6,0.000,0.000,0.000,0.000
2025-11-21 04:43:18,mlx5_7,7.322,0.004,206.117,175.963
2025-11-21 04:43:18,mlx5_8,0.000,0.000,0.000,0.000
2025-11-21 04:43:18,mlx5_9,0.000,0.000,0.000,0.000
2025-11-21 04:43:18,TOTAL,10.408,0.005,247.588,234.679
2025-11-21 04:43:19,mlx5_0,0.378,0.000,41.518,58.717
2025-11-21 04:43:19,mlx5_1,0.000,0.000,0.000,0.000
2025-11-21 04:43:19,mlx5_2,0.000,0.000,0.000,0.000
2025-11-21 04:43:19,mlx5_3,0.000,0.000,0.000,0.000
2025-11-21 04:43:19,mlx5_4,0.000,0.000,0.000,0.000
2025-11-21 04:43:19,mlx5_5,0.000,0.000,0.000,0.000
2025-11-21 04:43:19,mlx5_6,0.000,0.000,0.000,0.000
2025-11-21 04:43:19,mlx5_7,7.870,0.004,207.106,175.963
2025-11-21 04:43:19,mlx5_8,0.000,0.000,0.000,0.000
2025-11-21 04:43:19,mlx5_9,0.000,0.000,0.000,0.000
2025-11-21 04:43:19,TOTAL,8.248,0.004,248.624,234.680
2025-11-21 04:43:20,mlx5_0,4.734,0.003,42.114,58.717
2025-11-21 04:43:20,mlx5_1,0.000,0.000,0.000,0.000
2025-11-21 04:43:20,mlx5_2,0.000,0.000,0.000,0.000
2025-11-21 04:43:20,mlx5_3,0.000,0.000,0.000,0.000
2025-11-21 04:43:20,mlx5_4,0.000,0.000,0.000,0.000
2025-11-21 04:43:20,mlx5_5,0.000,0.000,0.000,0.000
2025-11-21 04:43:20,mlx5_6,0.000,0.000,0.000,0.000
2025-11-21 04:43:20,mlx5_7,24.172,0.012,210.148,175.965
2025-11-21 04:43:20,mlx5_8,0.000,0.000,0.000,0.000
2025-11-21 04:43:20,mlx5_9,0.000,0.000,0.000,0.000
2025-11-21 04:43:20,TOTAL,28.906,0.014,252.261,234.682
2025-11-21 04:43:21,mlx5_0,0.000,0.000,42.114,58.717
2025-11-21 04:43:21,mlx5_1,0.000,0.000,0.000,0.000
2025-11-21 04:43:21,mlx5_2,0.000,0.000,0.000,0.000
2025-11-21 04:43:21,mlx5_3,0.000,0.000,0.000,0.000
2025-11-21 04:43:21,mlx5_4,0.000,0.000,0.000,0.000
2025-11-21 04:43:21,mlx5_5,0.000,0.000,0.000,0.000
2025-11-21 04:43:21,mlx5_6,0.000,0.000,0.000,0.000
2025-11-21 04:43:21,mlx5_7,0.000,0.000,210.148,175.965
2025-11-21 04:43:21,mlx5_8,0.000,0.000,0.000,0.000
2025-11-21 04:43:21,mlx5_9,0.000,0.000,0.000,0.000
2025-11-21 04:43:21,TOTAL,0.000,0.000,252.261,234.682
2025-11-21 04:43:22,mlx5_0,7.865,2.086,43.102,58.979
2025-11-21 04:43:22,mlx5_1,0.000,0.000,0.000,0.000
2025-11-21 04:43:22,mlx5_2,0.000,0.000,0.000,0.000
2025-11-21 04:43:22,mlx5_3,0.000,0.000,0.000,0.000
2025-11-21 04:43:22,mlx5_4,0.000,0.000,0.000,0.000
2025-11-21 04:43:22,mlx5_5,0.000,0.000,0.000,0.000
2025-11-21 04:43:22,mlx5_6,0.000,0.000,0.000,0.000
2025-11-21 04:43:22,mlx5_7,29.310,13.781,213.833,177.697
2025-11-21 04:43:22,mlx5_8,0.000,0.000,0.000,0.000
2025-11-21 04:43:22,mlx5_9,0.000,0.000,0.000,0.000
2025-11-21 04:43:22,TOTAL,37.174,15.867,256.935,236.677
2025-11-21 04:43:23,mlx5_0,0.019,7.577,43.105,59.933
2025-11-21 04:43:23,mlx5_1,0.000,0.000,0.000,0.000
2025-11-21 04:43:23,mlx5_2,0.000,0.000,0.000,0.000
2025-11-21 04:43:23,mlx5_3,0.000,0.000,0.000,0.000
2025-11-21 04:43:23,mlx5_4,0.000,0.000,0.000,0.000
2025-11-21 04:43:23,mlx5_5,0.000,0.000,0.000,0.000
2025-11-21 04:43:23,mlx5_6,0.000,0.000,0.000,0.000
2025-11-21 04:43:23,mlx5_7,0.022,23.235,213.835,180.621
2025-11-21 04:43:23,mlx5_8,0.000,0.000,0.000,0.000
2025-11-21 04:43:23,mlx5_9,0.000,0.000,0.000,0.000
2025-11-21 04:43:23,TOTAL,0.041,30.811,256.940,240.553
2025-11-21 04:43:24,mlx5_0,0.000,0.000,43.105,59.933
2025-11-21 04:43:24,mlx5_1,0.000,0.000,0.000,0.000
2025-11-21 04:43:24,mlx5_2,0.000,0.000,0.000,0.000
2025-11-21 04:43:24,mlx5_3,0.000,0.000,0.000,0.000
2025-11-21 04:43:24,mlx5_4,0.000,0.000,0.000,0.000
2025-11-21 04:43:24,mlx5_5,0.000,0.000,0.000,0.000
2025-11-21 04:43:24,mlx5_6,0.000,0.000,0.000,0.000
2025-11-21 04:43:24,mlx5_7,0.000,0.000,213.835,180.621
2025-11-21 04:43:24,mlx5_8,0.000,0.000,0.000,0.000
2025-11-21 04:43:24,mlx5_9,0.000,0.000,0.000,0.000
2025-11-21 04:43:24,TOTAL,0.000,0.000,256.940,240.553
2025-11-21 04:43:25,mlx5_0,2.902,0.002,43.469,59.933
2025-11-21 04:43:25,mlx5_1,0.000,0.000,0.000,0.000
2025-11-21 04:43:25,mlx5_2,0.000,0.000,0.000,0.000
2025-11-21 04:43:25,mlx5_3,0.000,0.000,0.000,0.000
2025-11-21 04:43:25,mlx5_4,0.000,0.000,0.000,0.000
2025-11-21 04:43:25,mlx5_5,0.000,0.000,0.000,0.000
2025-11-21 04:43:25,mlx5_6,0.000,0.000,0.000,0.000
2025-11-21 04:43:25,mlx5_7,17.340,0.008,216.015,180.622
2025-11-21 04:43:25,mlx5_8,0.000,0.000,0.000,0.000
2025-11-21 04:43:25,mlx5_9,0.000,0.000,0.000,0.000
2025-11-21 04:43:25,TOTAL,20.243,0.010,259.484,240.555
2025-11-21 04:43:26,mlx5_0,3.990,0.002,43.972,59.933
2025-11-21 04:43:26,mlx5_1,0.000,0.000,0.000,0.000
2025-11-21 04:43:26,mlx5_2,0.000,0.000,0.000,0.000
2025-11-21 04:43:26,mlx5_3,0.000,0.000,0.000,0.000
2025-11-21 04:43:26,mlx5_4,0.000,0.000,0.000,0.000
2025-11-21 04:43:26,mlx5_5,0.000,0.000,0.000,0.000
2025-11-21 04:43:26,mlx5_6,0.000,0.000,0.000,0.000
2025-11-21 04:43:26,mlx5_7,12.124,0.006,217.542,180.623
2025-11-21 04:43:26,mlx5_8,0.000,0.000,0.000,0.000
2025-11-21 04:43:26,mlx5_9,0.000,0.000,0.000,0.000
2025-11-21 04:43:26,TOTAL,16.114,0.009,261.513,240.556
2025-11-21 04:43:27,mlx5_0,5.045,0.003,44.607,59.933
2025-11-21 04:43:27,mlx5_1,0.000,0.000,0.000,0.000
2025-11-21 04:43:27,mlx5_2,0.000,0.000,0.000,0.000
2025-11-21 04:43:27,mlx5_3,0.000,0.000,0.000,0.000
2025-11-21 04:43:27,mlx5_4,0.000,0.000,0.000,0.000
2025-11-21 04:43:27,mlx5_5,0.000,0.000,0.000,0.000
2025-11-21 04:43:27,mlx5_6,0.000,0.000,0.000,0.000
2025-11-21 04:43:27,mlx5_7,30.045,0.014,221.322,180.624
2025-11-21 04:43:27,mlx5_8,0.000,0.000,0.000,0.000
2025-11-21 04:43:27,mlx5_9,0.000,0.000,0.000,0.000
2025-11-21 04:43:27,TOTAL,35.090,0.017,265.929,240.558
2025-11-21 04:43:28,mlx5_0,0.398,0.001,44.657,59.934
2025-11-21 04:43:28,mlx5_1,0.000,0.000,0.000,0.000
2025-11-21 04:43:28,mlx5_2,0.000,0.000,0.000,0.000
2025-11-21 04:43:28,mlx5_3,0.000,0.000,0.000,0.000
2025-11-21 04:43:28,mlx5_4,0.000,0.000,0.000,0.000
2025-11-21 04:43:28,mlx5_5,0.000,0.000,0.000,0.000
2025-11-21 04:43:28,mlx5_6,0.000,0.000,0.000,0.000
2025-11-21 04:43:28,mlx5_7,1.973,0.001,221.571,180.624
2025-11-21 04:43:28,mlx5_8,0.000,0.000,0.000,0.000
2025-11-21 04:43:28,mlx5_9,0.000,0.000,0.000,0.000
2025-11-21 04:43:28,TOTAL,2.371,0.002,266.227,240.558
2025-11-21 04:43:29,mlx5_0,5.468,0.003,45.345,59.934
2025-11-21 04:43:29,mlx5_1,0.000,0.000,0.000,0.000
2025-11-21 04:43:29,mlx5_2,0.000,0.000,0.000,0.000
2025-11-21 04:43:29,mlx5_3,0.000,0.000,0.000,0.000
2025-11-21 04:43:29,mlx5_4,0.000,0.000,0.000,0.000
2025-11-21 04:43:29,mlx5_5,0.000,0.000,0.000,0.000
2025-11-21 04:43:29,mlx5_6,0.000,0.000,0.000,0.000
2025-11-21 04:43:29,mlx5_7,31.686,0.015,225.556,180.626
2025-11-21 04:43:29,mlx5_8,0.000,0.000,0.000,0.000
2025-11-21 04:43:29,mlx5_9,0.000,0.000,0.000,0.000
2025-11-21 04:43:29,TOTAL,37.155,0.018,270.901,240.560
2025-11-21 04:43:30,mlx5_0,0.000,0.000,45.345,59.934
2025-11-21 04:43:30,mlx5_1,0.000,0.000,0.000,0.000
2025-11-21 04:43:30,mlx5_2,0.000,0.000,0.000,0.000
2025-11-21 04:43:30,mlx5_3,0.000,0.000,0.000,0.000
2025-11-21 04:43:30,mlx5_4,0.000,0.000,0.000,0.000
2025-11-21 04:43:30,mlx5_5,0.000,0.000,0.000,0.000
2025-11-21 04:43:30,mlx5_6,0.000,0.000,0.000,0.000
2025-11-21 04:43:30,mlx5_7,0.000,0.000,225.556,180.626
2025-11-21 04:43:30,mlx5_8,0.000,0.000,0.000,0.000
2025-11-21 04:43:30,mlx5_9,0.000,0.000,0.000,0.000
2025-11-21 04:43:30,TOTAL,0.000,0.000,270.901,240.560
2025-11-21 04:43:31,mlx5_0,7.454,0.004,46.282,59.934
2025-11-21 04:43:31,mlx5_1,0.000,0.000,0.000,0.000
2025-11-21 04:43:31,mlx5_2,0.000,0.000,0.000,0.000
2025-11-21 04:43:31,mlx5_3,0.000,0.000,0.000,0.000
2025-11-21 04:43:31,mlx5_4,0.000,0.000,0.000,0.000
2025-11-21 04:43:31,mlx5_5,0.000,0.000,0.000,0.000
2025-11-21 04:43:31,mlx5_6,0.000,0.000,0.000,0.000
2025-11-21 04:43:31,mlx5_7,29.724,0.014,229.293,180.628
2025-11-21 04:43:31,mlx5_8,0.000,0.000,0.000,0.000
2025-11-21 04:43:31,mlx5_9,0.000,0.000,0.000,0.000
2025-11-21 04:43:31,TOTAL,37.177,0.018,275.575,240.563
2025-11-21 04:43:32,mlx5_0,0.000,0.000,46.282,59.934
2025-11-21 04:43:32,mlx5_1,0.000,0.000,0.000,0.000
2025-11-21 04:43:32,mlx5_2,0.000,0.000,0.000,0.000
2025-11-21 04:43:32,mlx5_3,0.000,0.000,0.000,0.000
2025-11-21 04:43:32,mlx5_4,0.000,0.000,0.000,0.000
2025-11-21 04:43:32,mlx5_5,0.000,0.000,0.000,0.000
2025-11-21 04:43:32,mlx5_6,0.000,0.000,0.000,0.000
2025-11-21 04:43:32,mlx5_7,0.000,0.000,229.293,180.628
2025-11-21 04:43:32,mlx5_8,0.000,0.000,0.000,0.000
2025-11-21 04:43:32,mlx5_9,0.000,0.000,0.000,0.000
2025-11-21 04:43:32,TOTAL,0.000,0.000,275.575,240.563
2025-11-21 04:43:33,mlx5_0,0.428,0.000,46.336,59.934
2025-11-21 04:43:33,mlx5_1,0.000,0.000,0.000,0.000
2025-11-21 04:43:33,mlx5_2,0.000,0.000,0.000,0.000
2025-11-21 04:43:33,mlx5_3,0.000,0.000,0.000,0.000
2025-11-21 04:43:33,mlx5_4,0.000,0.000,0.000,0.000
2025-11-21 04:43:33,mlx5_5,0.000,0.000,0.000,0.000
2025-11-21 04:43:33,mlx5_6,0.000,0.000,0.000,0.000
2025-11-21 04:43:33,mlx5_7,8.141,1.185,230.317,180.777
2025-11-21 04:43:33,mlx5_8,0.000,0.000,0.000,0.000
2025-11-21 04:43:33,mlx5_9,0.000,0.000,0.000,0.000
2025-11-21 04:43:33,TOTAL,8.569,1.185,276.653,240.712
2025-11-21 04:43:34,mlx5_0,4.945,11.387,46.958,61.368
2025-11-21 04:43:34,mlx5_1,0.000,0.000,0.000,0.000
2025-11-21 04:43:34,mlx5_2,0.000,0.000,0.000,0.000
2025-11-21 04:43:34,mlx5_3,0.000,0.000,0.000,0.000
2025-11-21 04:43:34,mlx5_4,0.000,0.000,0.000,0.000
2025-11-21 04:43:34,mlx5_5,0.000,0.000,0.000,0.000
2025-11-21 04:43:34,mlx5_6,0.000,0.000,0.000,0.000
2025-11-21 04:43:34,mlx5_7,23.649,35.002,233.295,185.185
2025-11-21 04:43:34,mlx5_8,0.000,0.000,0.000,0.000
2025-11-21 04:43:34,mlx5_9,0.000,0.000,0.000,0.000
2025-11-21 04:43:34,TOTAL,28.594,46.389,280.254,246.553
2025-11-21 04:43:35,mlx5_0,0.000,0.000,46.958,61.368
2025-11-21 04:43:35,mlx5_1,0.000,0.000,0.000,0.000
2025-11-21 04:43:35,mlx5_2,0.000,0.000,0.000,0.000
2025-11-21 04:43:35,mlx5_3,0.000,0.000,0.000,0.000
2025-11-21 04:43:35,mlx5_4,0.000,0.000,0.000,0.000
2025-11-21 04:43:35,mlx5_5,0.000,0.000,0.000,0.000
2025-11-21 04:43:35,mlx5_6,0.000,0.000,0.000,0.000
2025-11-21 04:43:35,mlx5_7,0.000,0.000,233.295,185.185
2025-11-21 04:43:35,mlx5_8,0.000,0.000,0.000,0.000
2025-11-21 04:43:35,mlx5_9,0.000,0.000,0.000,0.000
2025-11-21 04:43:35,TOTAL,0.000,0.000,280.254,246.553
2025-11-21 04:43:36,mlx5_0,0.076,0.000,46.968,61.368
2025-11-21 04:43:36,mlx5_1,0.000,0.000,0.000,0.000
2025-11-21 04:43:36,mlx5_2,0.000,0.000,0.000,0.000
2025-11-21 04:43:36,mlx5_3,0.000,0.000,0.000,0.000
2025-11-21 04:43:36,mlx5_4,0.000,0.000,0.000,0.000
2025-11-21 04:43:36,mlx5_5,0.000,0.000,0.000,0.000
2025-11-21 04:43:36,mlx5_6,0.000,0.000,0.000,0.000
2025-11-21 04:43:36,mlx5_7,0.457,0.000,233.353,185.185
2025-11-21 04:43:36,mlx5_8,0.000,0.000,0.000,0.000
2025-11-21 04:43:36,mlx5_9,0.000,0.000,0.000,0.000
2025-11-21 04:43:36,TOTAL,0.533,0.000,280.321,246.553
2025-11-21 04:43:37,mlx5_0,8.332,0.004,48.020,61.369
2025-11-21 04:43:37,mlx5_1,0.000,0.000,0.000,0.000
2025-11-21 04:43:37,mlx5_2,0.000,0.000,0.000,0.000
2025-11-21 04:43:37,mlx5_3,0.000,0.000,0.000,0.000
2025-11-21 04:43:37,mlx5_4,0.000,0.000,0.000,0.000
2025-11-21 04:43:37,mlx5_5,0.000,0.000,0.000,0.000
2025-11-21 04:43:37,mlx5_6,0.000,0.000,0.000,0.000
2025-11-21 04:43:37,mlx5_7,29.671,0.015,237.099,185.187
2025-11-21 04:43:37,mlx5_8,0.000,0.000,0.000,0.000
2025-11-21 04:43:37,mlx5_9,0.000,0.000,0.000,0.000
2025-11-21 04:43:37,TOTAL,38.003,0.019,285.119,246.556
2025-11-21 04:43:38,mlx5_0,5.869,0.003,48.758,61.369
2025-11-21 04:43:38,mlx5_1,0.000,0.000,0.000,0.000
2025-11-21 04:43:38,mlx5_2,0.000,0.000,0.000,0.000
2025-11-21 04:43:38,mlx5_3,0.000,0.000,0.000,0.000
2025-11-21 04:43:38,mlx5_4,0.000,0.000,0.000,0.000
2025-11-21 04:43:38,mlx5_5,0.000,0.000,0.000,0.000
2025-11-21 04:43:38,mlx5_6,0.000,0.000,0.000,0.000
2025-11-21 04:43:38,mlx5_7,31.312,0.015,241.035,185.189
2025-11-21 04:43:38,mlx5_8,0.000,0.000,0.000,0.000
2025-11-21 04:43:38,mlx5_9,0.000,0.000,0.000,0.000
2025-11-21 04:43:38,TOTAL,37.180,0.018,289.793,246.558
2025-11-21 04:43:39,mlx5_0,0.000,0.000,48.758,61.369
2025-11-21 04:43:39,mlx5_1,0.000,0.000,0.000,0.000
2025-11-21 04:43:39,mlx5_2,0.000,0.000,0.000,0.000
2025-11-21 04:43:39,mlx5_3,0.000,0.000,0.000,0.000
2025-11-21 04:43:39,mlx5_4,0.000,0.000,0.000,0.000
2025-11-21 04:43:39,mlx5_5,0.000,0.000,0.000,0.000
2025-11-21 04:43:39,mlx5_6,0.000,0.000,0.000,0.000
2025-11-21 04:43:39,mlx5_7,0.000,0.000,241.035,185.189
2025-11-21 04:43:39,mlx5_8,0.000,0.000,0.000,0.000
2025-11-21 04:43:39,mlx5_9,0.000,0.000,0.000,0.000
2025-11-21 04:43:39,TOTAL,0.000,0.000,289.793,246.558
2025-11-21 04:43:40,mlx5_0,5.641,0.003,49.467,61.370
2025-11-21 04:43:40,mlx5_1,0.000,0.000,0.000,0.000
2025-11-21 04:43:40,mlx5_2,0.000,0.000,0.000,0.000
2025-11-21 04:43:40,mlx5_3,0.000,0.000,0.000,0.000
2025-11-21 04:43:40,mlx5_4,0.000,0.000,0.000,0.000
2025-11-21 04:43:40,mlx5_5,0.000,0.000,0.000,0.000
2025-11-21 04:43:40,mlx5_6,0.000,0.000,0.000,0.000
2025-11-21 04:43:40,mlx5_7,31.512,0.015,244.999,185.191
2025-11-21 04:43:40,mlx5_8,0.000,0.000,0.000,0.000
2025-11-21 04:43:40,mlx5_9,0.000,0.000,0.000,0.000
2025-11-21 04:43:40,TOTAL,37.153,0.018,294.466,246.560
2025-11-21 04:43:41,mlx5_0,0.000,0.000,49.467,61.370
2025-11-21 04:43:41,mlx5_1,0.000,0.000,0.000,0.000
2025-11-21 04:43:41,mlx5_2,0.000,0.000,0.000,0.000
2025-11-21 04:43:41,mlx5_3,0.000,0.000,0.000,0.000
2025-11-21 04:43:41,mlx5_4,0.000,0.000,0.000,0.000
2025-11-21 04:43:41,mlx5_5,0.000,0.000,0.000,0.000
2025-11-21 04:43:41,mlx5_6,0.000,0.000,0.000,0.000
2025-11-21 04:43:41,mlx5_7,0.000,0.000,244.999,185.191
2025-11-21 04:43:41,mlx5_8,0.000,0.000,0.000,0.000
2025-11-21 04:43:41,mlx5_9,0.000,0.000,0.000,0.000
2025-11-21 04:43:41,TOTAL,0.000,0.000,294.466,246.560
2025-11-21 04:43:42,mlx5_0,4.718,0.002,50.061,61.370
2025-11-21 04:43:42,mlx5_1,0.000,0.000,0.000,0.000
2025-11-21 04:43:42,mlx5_2,0.000,0.000,0.000,0.000
2025-11-21 04:43:42,mlx5_3,0.000,0.000,0.000,0.000
2025-11-21 04:43:42,mlx5_4,0.000,0.000,0.000,0.000
2025-11-21 04:43:42,mlx5_5,0.000,0.000,0.000,0.000
2025-11-21 04:43:42,mlx5_6,0.000,0.000,0.000,0.000
2025-11-21 04:43:42,mlx5_7,29.647,0.014,248.729,185.192
2025-11-21 04:43:42,mlx5_8,0.000,0.000,0.000,0.000
2025-11-21 04:43:42,mlx5_9,0.000,0.000,0.000,0.000
2025-11-21 04:43:42,TOTAL,34.365,0.016,298.790,246.562
2025-11-21 04:43:43,mlx5_0,1.240,0.001,50.217,61.370
2025-11-21 04:43:43,mlx5_1,0.000,0.000,0.000,0.000
2025-11-21 04:43:43,mlx5_2,0.000,0.000,0.000,0.000
2025-11-21 04:43:43,mlx5_3,0.000,0.000,0.000,0.000
2025-11-21 04:43:43,mlx5_4,0.000,0.000,0.000,0.000
2025-11-21 04:43:43,mlx5_5,0.000,0.000,0.000,0.000
2025-11-21 04:43:43,mlx5_6,0.000,0.000,0.000,0.000
2025-11-21 04:43:43,mlx5_7,1.543,0.001,248.923,185.193
2025-11-21 04:43:43,mlx5_8,0.000,0.000,0.000,0.000
2025-11-21 04:43:43,mlx5_9,0.000,0.000,0.000,0.000
2025-11-21 04:43:43,TOTAL,2.784,0.002,299.140,246.563
2025-11-21 04:43:44,mlx5_0,0.000,0.000,50.217,61.370
2025-11-21 04:43:44,mlx5_1,0.000,0.000,0.000,0.000
2025-11-21 04:43:44,mlx5_2,0.000,0.000,0.000,0.000
2025-11-21 04:43:44,mlx5_3,0.000,0.000,0.000,0.000
2025-11-21 04:43:44,mlx5_4,0.000,0.000,0.000,0.000
2025-11-21 04:43:44,mlx5_5,0.000,0.000,0.000,0.000
2025-11-21 04:43:44,mlx5_6,0.000,0.000,0.000,0.000
2025-11-21 04:43:44,mlx5_7,0.000,0.000,248.923,185.193
2025-11-21 04:43:44,mlx5_8,0.000,0.000,0.000,0.000
2025-11-21 04:43:44,mlx5_9,0.000,0.000,0.000,0.000
2025-11-21 04:43:44,TOTAL,0.000,0.000,299.140,246.563
2025-11-21 04:43:45,mlx5_0,6.286,5.768,51.008,62.096
2025-11-21 04:43:45,mlx5_1,0.000,0.000,0.000,0.000
2025-11-21 04:43:45,mlx5_2,0.000,0.000,0.000,0.000
2025-11-21 04:43:45,mlx5_3,0.000,0.000,0.000,0.000
2025-11-21 04:43:45,mlx5_4,0.000,0.000,0.000,0.000
2025-11-21 04:43:45,mlx5_5,0.000,0.000,0.000,0.000
2025-11-21 04:43:45,mlx5_6,0.000,0.000,0.000,0.000
2025-11-21 04:43:45,mlx5_7,30.854,16.443,252.808,187.263
2025-11-21 04:43:45,mlx5_8,0.000,0.000,0.000,0.000
2025-11-21 04:43:45,mlx5_9,0.000,0.000,0.000,0.000
2025-11-21 04:43:45,TOTAL,37.139,22.210,303.816,249.359
2025-11-21 04:43:46,mlx5_0,0.004,6.534,51.009,62.918
2025-11-21 04:43:46,mlx5_1,0.000,0.000,0.000,0.000
2025-11-21 04:43:46,mlx5_2,0.000,0.000,0.000,0.000
2025-11-21 04:43:46,mlx5_3,0.000,0.000,0.000,0.000
2025-11-21 04:43:46,mlx5_4,0.000,0.000,0.000,0.000
2025-11-21 04:43:46,mlx5_5,0.000,0.000,0.000,0.000
2025-11-21 04:43:46,mlx5_6,0.000,0.000,0.000,0.000
2025-11-21 04:43:46,mlx5_7,0.018,19.736,252.810,189.745
2025-11-21 04:43:46,mlx5_8,0.000,0.000,0.000,0.000
2025-11-21 04:43:46,mlx5_9,0.000,0.000,0.000,0.000
2025-11-21 04:43:46,TOTAL,0.022,26.270,303.819,252.662
2025-11-21 04:43:47,mlx5_0,0.000,0.000,51.009,62.918
2025-11-21 04:43:47,mlx5_1,0.000,0.000,0.000,0.000
2025-11-21 04:43:47,mlx5_2,0.000,0.000,0.000,0.000
2025-11-21 04:43:47,mlx5_3,0.000,0.000,0.000,0.000
2025-11-21 04:43:47,mlx5_4,0.000,0.000,0.000,0.000
2025-11-21 04:43:47,mlx5_5,0.000,0.000,0.000,0.000
2025-11-21 04:43:47,mlx5_6,0.000,0.000,0.000,0.000
2025-11-21 04:43:47,mlx5_7,0.000,0.000,252.810,189.745
2025-11-21 04:43:47,mlx5_8,0.000,0.000,0.000,0.000
2025-11-21 04:43:47,mlx5_9,0.000,0.000,0.000,0.000
2025-11-21 04:43:47,TOTAL,0.000,0.000,303.819,252.662
2025-11-21 04:43:48,mlx5_0,6.268,0.003,51.796,62.918
2025-11-21 04:43:48,mlx5_1,0.000,0.000,0.000,0.000
2025-11-21 04:43:48,mlx5_2,0.000,0.000,0.000,0.000
2025-11-21 04:43:48,mlx5_3,0.000,0.000,0.000,0.000
2025-11-21 04:43:48,mlx5_4,0.000,0.000,0.000,0.000
2025-11-21 04:43:48,mlx5_5,0.000,0.000,0.000,0.000
2025-11-21 04:43:48,mlx5_6,0.000,0.000,0.000,0.000
2025-11-21 04:43:48,mlx5_7,30.128,0.015,256.596,189.746
2025-11-21 04:43:48,mlx5_8,0.000,0.000,0.000,0.000
2025-11-21 04:43:48,mlx5_9,0.000,0.000,0.000,0.000
2025-11-21 04:43:48,TOTAL,36.396,0.018,308.392,252.665
2025-11-21 04:43:49,mlx5_0,0.000,0.000,51.796,62.918
2025-11-21 04:43:49,mlx5_1,0.000,0.000,0.000,0.000
2025-11-21 04:43:49,mlx5_2,0.000,0.000,0.000,0.000
2025-11-21 04:43:49,mlx5_3,0.000,0.000,0.000,0.000
2025-11-21 04:43:49,mlx5_4,0.000,0.000,0.000,0.000
2025-11-21 04:43:49,mlx5_5,0.000,0.000,0.000,0.000
2025-11-21 04:43:49,mlx5_6,0.000,0.000,0.000,0.000
2025-11-21 04:43:49,mlx5_7,0.000,0.000,256.596,189.746
2025-11-21 04:43:49,mlx5_8,0.000,0.000,0.000,0.000
2025-11-21 04:43:49,mlx5_9,0.000,0.000,0.000,0.000
2025-11-21 04:43:49,TOTAL,0.000,0.000,308.392,252.665
2025-11-21 04:43:50,mlx5_0,6.311,0.003,52.590,62.918
2025-11-21 04:43:50,mlx5_1,0.000,0.000,0.000,0.000
2025-11-21 04:43:50,mlx5_2,0.000,0.000,0.000,0.000
2025-11-21 04:43:50,mlx5_3,0.000,0.000,0.000,0.000
2025-11-21 04:43:50,mlx5_4,0.000,0.000,0.000,0.000
2025-11-21 04:43:50,mlx5_5,0.000,0.000,0.000,0.000
2025-11-21 04:43:50,mlx5_6,0.000,0.000,0.000,0.000
2025-11-21 04:43:50,mlx5_7,30.858,0.015,260.476,189.748
2025-11-21 04:43:50,mlx5_8,0.000,0.000,0.000,0.000
2025-11-21 04:43:50,mlx5_9,0.000,0.000,0.000,0.000
2025-11-21 04:43:50,TOTAL,37.170,0.018,313.066,252.667
2025-11-21 04:43:51,mlx5_0,0.000,0.000,52.590,62.918
2025-11-21 04:43:51,mlx5_1,0.000,0.000,0.000,0.000
2025-11-21 04:43:51,mlx5_2,0.000,0.000,0.000,0.000
2025-11-21 04:43:51,mlx5_3,0.000,0.000,0.000,0.000
2025-11-21 04:43:51,mlx5_4,0.000,0.000,0.000,0.000
2025-11-21 04:43:51,mlx5_5,0.000,0.000,0.000,0.000
2025-11-21 04:43:51,mlx5_6,0.000,0.000,0.000,0.000
2025-11-21 04:43:51,mlx5_7,0.000,0.000,260.476,189.748
2025-11-21 04:43:51,mlx5_8,0.000,0.000,0.000,0.000
2025-11-21 04:43:51,mlx5_9,0.000,0.000,0.000,0.000
2025-11-21 04:43:51,TOTAL,0.000,0.000,313.066,252.667
2025-11-21 04:43:52,mlx5_0,6.814,0.003,53.448,62.919
2025-11-21 04:43:52,mlx5_1,0.000,0.000,0.000,0.000
2025-11-21 04:43:52,mlx5_2,0.000,0.000,0.000,0.000
2025-11-21 04:43:52,mlx5_3,0.000,0.000,0.000,0.000
2025-11-21 04:43:52,mlx5_4,0.000,0.000,0.000,0.000
2025-11-21 04:43:52,mlx5_5,0.000,0.000,0.000,0.000
2025-11-21 04:43:52,mlx5_6,0.000,0.000,0.000,0.000
2025-11-21 04:43:52,mlx5_7,30.311,0.015,264.292,189.750
2025-11-21 04:43:52,mlx5_8,0.000,0.000,0.000,0.000
2025-11-21 04:43:52,mlx5_9,0.000,0.000,0.000,0.000
2025-11-21 04:43:52,TOTAL,37.126,0.018,317.739,252.669
2025-11-21 04:43:53,mlx5_0,0.000,0.000,53.448,62.919
2025-11-21 04:43:53,mlx5_1,0.000,0.000,0.000,0.000
2025-11-21 04:43:53,mlx5_2,0.000,0.000,0.000,0.000
2025-11-21 04:43:53,mlx5_3,0.000,0.000,0.000,0.000
2025-11-21 04:43:53,mlx5_4,0.000,0.000,0.000,0.000
2025-11-21 04:43:53,mlx5_5,0.000,0.000,0.000,0.000
2025-11-21 04:43:53,mlx5_6,0.000,0.000,0.000,0.000
2025-11-21 04:43:53,mlx5_7,0.000,0.000,264.292,189.750
2025-11-21 04:43:53,mlx5_8,0.000,0.000,0.000,0.000
2025-11-21 04:43:53,mlx5_9,0.000,0.000,0.000,0.000
2025-11-21 04:43:53,TOTAL,0.000,0.000,317.739,252.669
2025-11-21 04:43:54,mlx5_0,4.856,0.002,54.059,62.919
2025-11-21 04:43:54,mlx5_1,0.000,0.000,0.000,0.000
2025-11-21 04:43:54,mlx5_2,0.000,0.000,0.000,0.000
2025-11-21 04:43:54,mlx5_3,0.000,0.000,0.000,0.000
2025-11-21 04:43:54,mlx5_4,0.000,0.000,0.000,0.000
2025-11-21 04:43:54,mlx5_5,0.000,0.000,0.000,0.000
2025-11-21 04:43:54,mlx5_6,0.000,0.000,0.000,0.000
2025-11-21 04:43:54,mlx5_7,26.304,0.013,267.601,189.752
2025-11-21 04:43:54,mlx5_8,0.000,0.000,0.000,0.000
2025-11-21 04:43:54,mlx5_9,0.000,0.000,0.000,0.000
2025-11-21 04:43:54,TOTAL,31.160,0.015,321.660,252.671
2025-11-21 04:43:55,mlx5_0,2.056,0.001,54.317,62.919
2025-11-21 04:43:55,mlx5_1,0.000,0.000,0.000,0.000
2025-11-21 04:43:55,mlx5_2,0.000,0.000,0.000,0.000
2025-11-21 04:43:55,mlx5_3,0.000,0.000,0.000,0.000
2025-11-21 04:43:55,mlx5_4,0.000,0.000,0.000,0.000
2025-11-21 04:43:55,mlx5_5,0.000,0.000,0.000,0.000
2025-11-21 04:43:55,mlx5_6,0.000,0.000,0.000,0.000
2025-11-21 04:43:55,mlx5_7,3.932,0.002,268.096,189.752
2025-11-21 04:43:55,mlx5_8,0.000,0.000,0.000,0.000
2025-11-21 04:43:55,mlx5_9,0.000,0.000,0.000,0.000
2025-11-21 04:43:55,TOTAL,5.988,0.003,322.413,252.671
2025-11-21 04:43:56,mlx5_0,0.000,0.000,54.317,62.919
2025-11-21 04:43:56,mlx5_1,0.000,0.000,0.000,0.000
2025-11-21 04:43:56,mlx5_2,0.000,0.000,0.000,0.000
2025-11-21 04:43:56,mlx5_3,0.000,0.000,0.000,0.000
2025-11-21 04:43:56,mlx5_4,0.000,0.000,0.000,0.000
2025-11-21 04:43:56,mlx5_5,0.000,0.000,0.000,0.000
2025-11-21 04:43:56,mlx5_6,0.000,0.000,0.000,0.000
2025-11-21 04:43:56,mlx5_7,0.000,0.000,268.096,189.752
2025-11-21 04:43:56,mlx5_8,0.000,0.000,0.000,0.000
2025-11-21 04:43:56,mlx5_9,0.000,0.000,0.000,0.000
2025-11-21 04:43:56,TOTAL,0.000,0.000,322.413,252.671
2025-11-21 04:43:57,mlx5_0,5.310,1.078,54.985,63.055
2025-11-21 04:43:57,mlx5_1,0.000,0.000,0.000,0.000
2025-11-21 04:43:57,mlx5_2,0.000,0.000,0.000,0.000
2025-11-21 04:43:57,mlx5_3,0.000,0.000,0.000,0.000
2025-11-21 04:43:57,mlx5_4,0.000,0.000,0.000,0.000
2025-11-21 04:43:57,mlx5_5,0.000,0.000,0.000,0.000
2025-11-21 04:43:57,mlx5_6,0.000,0.000,0.000,0.000
2025-11-21 04:43:57,mlx5_7,28.752,6.783,271.709,190.605
2025-11-21 04:43:57,mlx5_8,0.000,0.000,0.000,0.000
2025-11-21 04:43:57,mlx5_9,0.000,0.000,0.000,0.000
2025-11-21 04:43:57,TOTAL,34.062,7.861,326.694,253.659
2025-11-21 04:43:58,mlx5_0,1.793,11.502,55.211,64.506
2025-11-21 04:43:58,mlx5_1,0.000,0.000,0.000,0.000
2025-11-21 04:43:58,mlx5_2,0.000,0.000,0.000,0.000
2025-11-21 04:43:58,mlx5_3,0.000,0.000,0.000,0.000
2025-11-21 04:43:58,mlx5_4,0.000,0.000,0.000,0.000
2025-11-21 04:43:58,mlx5_5,0.000,0.000,0.000,0.000
2025-11-21 04:43:58,mlx5_6,0.000,0.000,0.000,0.000
2025-11-21 04:43:58,mlx5_7,2.047,28.667,271.967,194.221
2025-11-21 04:43:58,mlx5_8,0.000,0.000,0.000,0.000
2025-11-21 04:43:58,mlx5_9,0.000,0.000,0.000,0.000
2025-11-21 04:43:58,TOTAL,3.840,40.169,327.178,258.727
2025-11-21 04:43:59,mlx5_0,0.000,0.000,55.211,64.506
2025-11-21 04:43:59,mlx5_1,0.000,0.000,0.000,0.000
2025-11-21 04:43:59,mlx5_2,0.000,0.000,0.000,0.000
2025-11-21 04:43:59,mlx5_3,0.000,0.000,0.000,0.000
2025-11-21 04:43:59,mlx5_4,0.000,0.000,0.000,0.000
2025-11-21 04:43:59,mlx5_5,0.000,0.000,0.000,0.000
2025-11-21 04:43:59,mlx5_6,0.000,0.000,0.000,0.000
2025-11-21 04:43:59,mlx5_7,0.000,0.000,271.967,194.221
2025-11-21 04:43:59,mlx5_8,0.000,0.000,0.000,0.000
2025-11-21 04:43:59,mlx5_9,0.000,0.000,0.000,0.000
2025-11-21 04:43:59,TOTAL,0.000,0.000,327.178,258.727
2025-11-21 04:44:00,mlx5_0,4.651,0.003,55.797,64.506
2025-11-21 04:44:00,mlx5_1,0.000,0.000,0.000,0.000
2025-11-21 04:44:00,mlx5_2,0.000,0.000,0.000,0.000
2025-11-21 04:44:00,mlx5_3,0.000,0.000,0.000,0.000
2025-11-21 04:44:00,mlx5_4,0.000,0.000,0.000,0.000
2025-11-21 04:44:00,mlx5_5,0.000,0.000,0.000,0.000
2025-11-21 04:44:00,mlx5_6,0.000,0.000,0.000,0.000
2025-11-21 04:44:00,mlx5_7,26.476,0.012,275.302,194.223
2025-11-21 04:44:00,mlx5_8,0.000,0.000,0.000,0.000
2025-11-21 04:44:00,mlx5_9,0.000,0.000,0.000,0.000
2025-11-21 04:44:00,TOTAL,31.127,0.015,331.099,258.729
2025-11-21 04:44:01,mlx5_0,1.114,0.001,55.937,64.506
2025-11-21 04:44:01,mlx5_1,0.000,0.000,0.000,0.000
2025-11-21 04:44:01,mlx5_2,0.000,0.000,0.000,0.000
2025-11-21 04:44:01,mlx5_3,0.000,0.000,0.000,0.000
2025-11-21 04:44:01,mlx5_4,0.000,0.000,0.000,0.000
2025-11-21 04:44:01,mlx5_5,0.000,0.000,0.000,0.000
2025-11-21 04:44:01,mlx5_6,0.000,0.000,0.000,0.000
2025-11-21 04:44:01,mlx5_7,4.070,0.002,275.815,194.223
2025-11-21 04:44:01,mlx5_8,0.000,0.000,0.000,0.000
2025-11-21 04:44:01,mlx5_9,0.000,0.000,0.000,0.000
2025-11-21 04:44:01,TOTAL,5.184,0.003,331.752,258.729
2025-11-21 04:44:02,mlx5_0,4.844,0.003,56.546,64.507
2025-11-21 04:44:02,mlx5_1,0.000,0.000,0.000,0.000
2025-11-21 04:44:02,mlx5_2,0.000,0.000,0.000,0.000
2025-11-21 04:44:02,mlx5_3,0.000,0.000,0.000,0.000
2025-11-21 04:44:02,mlx5_4,0.000,0.000,0.000,0.000
2025-11-21 04:44:02,mlx5_5,0.000,0.000,0.000,0.000
2025-11-21 04:44:02,mlx5_6,0.000,0.000,0.000,0.000
2025-11-21 04:44:02,mlx5_7,32.325,0.016,279.879,194.225
2025-11-21 04:44:02,mlx5_8,0.000,0.000,0.000,0.000
2025-11-21 04:44:02,mlx5_9,0.000,0.000,0.000,0.000
2025-11-21 04:44:02,TOTAL,37.170,0.018,336.425,258.732
2025-11-21 04:44:03,mlx5_0,0.000,0.000,56.546,64.507
2025-11-21 04:44:03,mlx5_1,0.000,0.000,0.000,0.000
2025-11-21 04:44:03,mlx5_2,0.000,0.000,0.000,0.000
2025-11-21 04:44:03,mlx5_3,0.000,0.000,0.000,0.000
2025-11-21 04:44:03,mlx5_4,0.000,0.000,0.000,0.000
2025-11-21 04:44:03,mlx5_5,0.000,0.000,0.000,0.000
2025-11-21 04:44:03,mlx5_6,0.000,0.000,0.000,0.000
2025-11-21 04:44:03,mlx5_7,0.000,0.000,279.879,194.225
2025-11-21 04:44:03,mlx5_8,0.000,0.000,0.000,0.000
2025-11-21 04:44:03,mlx5_9,0.000,0.000,0.000,0.000
2025-11-21 04:44:03,TOTAL,0.000,0.000,336.425,258.732
2025-11-21 04:44:04,mlx5_0,6.386,0.003,57.350,64.507
2025-11-21 04:44:04,mlx5_1,0.000,0.000,0.000,0.000
2025-11-21 04:44:04,mlx5_2,0.000,0.000,0.000,0.000
2025-11-21 04:44:04,mlx5_3,0.000,0.000,0.000,0.000
2025-11-21 04:44:04,mlx5_4,0.000,0.000,0.000,0.000
2025-11-21 04:44:04,mlx5_5,0.000,0.000,0.000,0.000
2025-11-21 04:44:04,mlx5_6,0.000,0.000,0.000,0.000
2025-11-21 04:44:04,mlx5_7,30.449,0.015,283.710,194.227
2025-11-21 04:44:04,mlx5_8,0.000,0.000,0.000,0.000
2025-11-21 04:44:04,mlx5_9,0.000,0.000,0.000,0.000
2025-11-21 04:44:04,TOTAL,36.836,0.018,341.059,258.734
2025-11-21 04:44:05,mlx5_0,0.240,0.000,57.380,64.507
2025-11-21 04:44:05,mlx5_1,0.000,0.000,0.000,0.000
2025-11-21 04:44:05,mlx5_2,0.000,0.000,0.000,0.000
2025-11-21 04:44:05,mlx5_3,0.000,0.000,0.000,0.000
2025-11-21 04:44:05,mlx5_4,0.000,0.000,0.000,0.000
2025-11-21 04:44:05,mlx5_5,0.000,0.000,0.000,0.000
2025-11-21 04:44:05,mlx5_6,0.000,0.000,0.000,0.000
2025-11-21 04:44:05,mlx5_7,0.073,0.000,283.719,194.227
2025-11-21 04:44:05,mlx5_8,0.000,0.000,0.000,0.000
2025-11-21 04:44:05,mlx5_9,0.000,0.000,0.000,0.000
2025-11-21 04:44:05,TOTAL,0.313,0.000,341.099,258.734
2025-11-21 04:44:06,mlx5_0,1.739,0.001,57.599,64.507
2025-11-21 04:44:06,mlx5_1,0.000,0.000,0.000,0.000
2025-11-21 04:44:06,mlx5_2,0.000,0.000,0.000,0.000
2025-11-21 04:44:06,mlx5_3,0.000,0.000,0.000,0.000
2025-11-21 04:44:06,mlx5_4,0.000,0.000,0.000,0.000
2025-11-21 04:44:06,mlx5_5,0.000,0.000,0.000,0.000
2025-11-21 04:44:06,mlx5_6,0.000,0.000,0.000,0.000
2025-11-21 04:44:06,mlx5_7,16.695,0.008,285.819,194.228
2025-11-21 04:44:06,mlx5_8,0.000,0.000,0.000,0.000
2025-11-21 04:44:06,mlx5_9,0.000,0.000,0.000,0.000
2025-11-21 04:44:06,TOTAL,18.434,0.009,343.418,258.735
2025-11-21 04:44:07,mlx5_0,4.990,0.002,58.226,64.508
2025-11-21 04:44:07,mlx5_1,0.000,0.000,0.000,0.000
2025-11-21 04:44:07,mlx5_2,0.000,0.000,0.000,0.000
2025-11-21 04:44:07,mlx5_3,0.000,0.000,0.000,0.000
2025-11-21 04:44:07,mlx5_4,0.000,0.000,0.000,0.000
2025-11-21 04:44:07,mlx5_5,0.000,0.000,0.000,0.000
2025-11-21 04:44:07,mlx5_6,0.000,0.000,0.000,0.000
2025-11-21 04:44:07,mlx5_7,13.732,0.007,287.546,194.229
2025-11-21 04:44:07,mlx5_8,0.000,0.000,0.000,0.000
2025-11-21 04:44:07,mlx5_9,0.000,0.000,0.000,0.000
2025-11-21 04:44:07,TOTAL,18.722,0.009,345.773,258.736
2025-11-21 04:44:08,mlx5_0,0.000,0.000,58.226,64.508
2025-11-21 04:44:08,mlx5_1,0.000,0.000,0.000,0.000
2025-11-21 04:44:08,mlx5_2,0.000,0.000,0.000,0.000
2025-11-21 04:44:08,mlx5_3,0.000,0.000,0.000,0.000
2025-11-21 04:44:08,mlx5_4,0.000,0.000,0.000,0.000
2025-11-21 04:44:08,mlx5_5,0.000,0.000,0.000,0.000
2025-11-21 04:44:08,mlx5_6,0.000,0.000,0.000,0.000
2025-11-21 04:44:08,mlx5_7,0.000,0.000,287.546,194.229
2025-11-21 04:44:08,mlx5_8,0.000,0.000,0.000,0.000
2025-11-21 04:44:08,mlx5_9,0.000,0.000,0.000,0.000
2025-11-21 04:44:08,TOTAL,0.000,0.000,345.773,258.736
2025-11-21 04:44:09,mlx5_0,5.945,6.527,58.974,65.328
2025-11-21 04:44:09,mlx5_1,0.000,0.000,0.000,0.000
2025-11-21 04:44:09,mlx5_2,0.000,0.000,0.000,0.000
2025-11-21 04:44:09,mlx5_3,0.000,0.000,0.000,0.000
2025-11-21 04:44:09,mlx5_4,0.000,0.000,0.000,0.000
2025-11-21 04:44:09,mlx5_5,0.000,0.000,0.000,0.000
2025-11-21 04:44:09,mlx5_6,0.000,0.000,0.000,0.000
2025-11-21 04:44:09,mlx5_7,31.243,23.715,291.476,197.211
2025-11-21 04:44:09,mlx5_8,0.000,0.000,0.000,0.000
2025-11-21 04:44:09,mlx5_9,0.000,0.000,0.000,0.000
2025-11-21 04:44:09,TOTAL,37.188,30.242,350.449,262.540
2025-11-21 04:44:10,mlx5_0,0.004,5.985,58.974,66.081
2025-11-21 04:44:10,mlx5_1,0.000,0.000,0.000,0.000
2025-11-21 04:44:10,mlx5_2,0.000,0.000,0.000,0.000
2025-11-21 04:44:10,mlx5_3,0.000,0.000,0.000,0.000
2025-11-21 04:44:10,mlx5_4,0.000,0.000,0.000,0.000
2025-11-21 04:44:10,mlx5_5,0.000,0.000,0.000,0.000
2025-11-21 04:44:10,mlx5_6,0.000,0.000,0.000,0.000
2025-11-21 04:44:10,mlx5_7,0.012,12.386,291.477,198.769
2025-11-21 04:44:10,mlx5_8,0.000,0.000,0.000,0.000
2025-11-21 04:44:10,mlx5_9,0.000,0.000,0.000,0.000
2025-11-21 04:44:10,TOTAL,0.015,18.371,350.451,264.850
2025-11-21 04:44:11,mlx5_0,0.016,0.000,58.976,66.081
2025-11-21 04:44:11,mlx5_1,0.000,0.000,0.000,0.000
2025-11-21 04:44:11,mlx5_2,0.000,0.000,0.000,0.000
2025-11-21 04:44:11,mlx5_3,0.000,0.000,0.000,0.000
2025-11-21 04:44:11,mlx5_4,0.000,0.000,0.000,0.000
2025-11-21 04:44:11,mlx5_5,0.000,0.000,0.000,0.000
2025-11-21 04:44:11,mlx5_6,0.000,0.000,0.000,0.000
2025-11-21 04:44:11,mlx5_7,0.687,0.000,291.563,198.769
2025-11-21 04:44:11,mlx5_8,0.000,0.000,0.000,0.000
2025-11-21 04:44:11,mlx5_9,0.000,0.000,0.000,0.000
2025-11-21 04:44:11,TOTAL,0.703,0.001,350.540,264.850
2025-11-21 04:44:12,mlx5_0,7.178,0.003,59.880,66.082
2025-11-21 04:44:12,mlx5_1,0.000,0.000,0.000,0.000
2025-11-21 04:44:12,mlx5_2,0.000,0.000,0.000,0.000
2025-11-21 04:44:12,mlx5_3,0.000,0.000,0.000,0.000
2025-11-21 04:44:12,mlx5_4,0.000,0.000,0.000,0.000
2025-11-21 04:44:12,mlx5_5,0.000,0.000,0.000,0.000
2025-11-21 04:44:12,mlx5_6,0.000,0.000,0.000,0.000
2025-11-21 04:44:12,mlx5_7,30.775,0.016,295.437,198.771
2025-11-21 04:44:12,mlx5_8,0.000,0.000,0.000,0.000
2025-11-21 04:44:12,mlx5_9,0.000,0.000,0.000,0.000
2025-11-21 04:44:12,TOTAL,37.953,0.019,355.317,264.852
2025-11-21 04:44:13,mlx5_0,2.446,0.001,60.187,66.082
2025-11-21 04:44:13,mlx5_1,0.000,0.000,0.000,0.000
2025-11-21 04:44:13,mlx5_2,0.000,0.000,0.000,0.000
2025-11-21 04:44:13,mlx5_3,0.000,0.000,0.000,0.000
2025-11-21 04:44:13,mlx5_4,0.000,0.000,0.000,0.000
2025-11-21 04:44:13,mlx5_5,0.000,0.000,0.000,0.000
2025-11-21 04:44:13,mlx5_6,0.000,0.000,0.000,0.000
2025-11-21 04:44:13,mlx5_7,28.510,0.013,299.024,198.772
2025-11-21 04:44:13,mlx5_8,0.000,0.000,0.000,0.000
2025-11-21 04:44:13,mlx5_9,0.000,0.000,0.000,0.000
2025-11-21 04:44:13,TOTAL,30.956,0.015,359.212,264.854
2025-11-21 04:44:15,mlx5_0,3.238,0.002,60.595,66.082
2025-11-21 04:44:15,mlx5_1,0.000,0.000,0.000,0.000
2025-11-21 04:44:15,mlx5_2,0.000,0.000,0.000,0.000
2025-11-21 04:44:15,mlx5_3,0.000,0.000,0.000,0.000
2025-11-21 04:44:15,mlx5_4,0.000,0.000,0.000,0.000
2025-11-21 04:44:15,mlx5_5,0.000,0.000,0.000,0.000
2025-11-21 04:44:15,mlx5_6,0.000,0.000,0.000,0.000
2025-11-21 04:44:15,mlx5_7,2.957,0.002,299.396,198.773
2025-11-21 04:44:15,mlx5_8,0.000,0.000,0.000,0.000
2025-11-21 04:44:15,mlx5_9,0.000,0.000,0.000,0.000
2025-11-21 04:44:15,TOTAL,6.195,0.003,359.990,264.855
2025-11-21 04:44:16,mlx5_0,0.890,0.001,60.707,66.082
2025-11-21 04:44:16,mlx5_1,0.000,0.000,0.000,0.000
2025-11-21 04:44:16,mlx5_2,0.000,0.000,0.000,0.000
2025-11-21 04:44:16,mlx5_3,0.000,0.000,0.000,0.000
2025-11-21 04:44:16,mlx5_4,0.000,0.000,0.000,0.000
2025-11-21 04:44:16,mlx5_5,0.000,0.000,0.000,0.000
2025-11-21 04:44:16,mlx5_6,0.000,0.000,0.000,0.000
2025-11-21 04:44:16,mlx5_7,11.183,0.006,300.801,198.773
2025-11-21 04:44:16,mlx5_8,0.000,0.000,0.000,0.000
2025-11-21 04:44:16,mlx5_9,0.000,0.000,0.000,0.000
2025-11-21 04:44:16,TOTAL,12.073,0.006,361.508,264.855
2025-11-21 04:44:17,mlx5_0,5.018,0.002,61.338,66.082
2025-11-21 04:44:17,mlx5_1,0.000,0.000,0.000,0.000
2025-11-21 04:44:17,mlx5_2,0.000,0.000,0.000,0.000
2025-11-21 04:44:17,mlx5_3,0.000,0.000,0.000,0.000
2025-11-21 04:44:17,mlx5_4,0.000,0.000,0.000,0.000
2025-11-21 04:44:17,mlx5_5,0.000,0.000,0.000,0.000
2025-11-21 04:44:17,mlx5_6,0.000,0.000,0.000,0.000
2025-11-21 04:44:17,mlx5_7,20.062,0.010,303.326,198.775
2025-11-21 04:44:17,mlx5_8,0.000,0.000,0.000,0.000
2025-11-21 04:44:17,mlx5_9,0.000,0.000,0.000,0.000
2025-11-21 04:44:17,TOTAL,25.080,0.012,364.664,264.857
2025-11-21 04:44:18,mlx5_0,0.000,0.000,61.338,66.082
2025-11-21 04:44:18,mlx5_1,0.000,0.000,0.000,0.000
2025-11-21 04:44:18,mlx5_2,0.000,0.000,0.000,0.000
2025-11-21 04:44:18,mlx5_3,0.000,0.000,0.000,0.000
2025-11-21 04:44:18,mlx5_4,0.000,0.000,0.000,0.000
2025-11-21 04:44:18,mlx5_5,0.000,0.000,0.000,0.000
2025-11-21 04:44:18,mlx5_6,0.000,0.000,0.000,0.000
2025-11-21 04:44:18,mlx5_7,0.000,0.000,303.326,198.775
2025-11-21 04:44:18,mlx5_8,0.000,0.000,0.000,0.000
2025-11-21 04:44:18,mlx5_9,0.000,0.000,0.000,0.000
2025-11-21 04:44:18,TOTAL,0.000,0.000,364.664,264.857
2025-11-21 04:44:19,mlx5_0,5.250,0.003,61.999,66.083
2025-11-21 04:44:19,mlx5_1,0.000,0.000,0.000,0.000
2025-11-21 04:44:19,mlx5_2,0.000,0.000,0.000,0.000
2025-11-21 04:44:19,mlx5_3,0.000,0.000,0.000,0.000
2025-11-21 04:44:19,mlx5_4,0.000,0.000,0.000,0.000
2025-11-21 04:44:19,mlx5_5,0.000,0.000,0.000,0.000
2025-11-21 04:44:19,mlx5_6,0.000,0.000,0.000,0.000
2025-11-21 04:44:19,mlx5_7,31.872,0.015,307.339,198.777
2025-11-21 04:44:19,mlx5_8,0.000,0.000,0.000,0.000
2025-11-21 04:44:19,mlx5_9,0.000,0.000,0.000,0.000
2025-11-21 04:44:19,TOTAL,37.122,0.018,369.338,264.859
2025-11-21 04:44:20,mlx5_0,0.000,0.000,61.999,66.083
2025-11-21 04:44:20,mlx5_1,0.000,0.000,0.000,0.000
2025-11-21 04:44:20,mlx5_2,0.000,0.000,0.000,0.000
2025-11-21 04:44:20,mlx5_3,0.000,0.000,0.000,0.000
2025-11-21 04:44:20,mlx5_4,0.000,0.000,0.000,0.000
2025-11-21 04:44:20,mlx5_5,0.000,0.000,0.000,0.000
2025-11-21 04:44:20,mlx5_6,0.000,0.000,0.000,0.000
2025-11-21 04:44:20,mlx5_7,0.000,0.000,307.339,198.777
2025-11-21 04:44:20,mlx5_8,0.000,0.000,0.000,0.000
2025-11-21 04:44:20,mlx5_9,0.000,0.000,0.000,0.000
2025-11-21 04:44:20,TOTAL,0.000,0.000,369.338,264.859
2025-11-21 04:44:21,mlx5_0,0.067,0.000,62.007,66.083
2025-11-21 04:44:21,mlx5_1,0.000,0.000,0.000,0.000
2025-11-21 04:44:21,mlx5_2,0.000,0.000,0.000,0.000
2025-11-21 04:44:21,mlx5_3,0.000,0.000,0.000,0.000
2025-11-21 04:44:21,mlx5_4,0.000,0.000,0.000,0.000
2025-11-21 04:44:21,mlx5_5,0.000,0.000,0.000,0.000
2025-11-21 04:44:21,mlx5_6,0.000,0.000,0.000,0.000
2025-11-21 04:44:21,mlx5_7,2.356,0.001,307.635,198.777
2025-11-21 04:44:21,mlx5_8,0.000,0.000,0.000,0.000
2025-11-21 04:44:21,mlx5_9,0.000,0.000,0.000,0.000
2025-11-21 04:44:21,TOTAL,2.423,0.002,369.642,264.859
2025-11-21 04:44:22,mlx5_0,6.448,12.194,62.819,67.618
2025-11-21 04:44:22,mlx5_1,0.000,0.000,0.000,0.000
2025-11-21 04:44:22,mlx5_2,0.000,0.000,0.000,0.000
2025-11-21 04:44:22,mlx5_3,0.000,0.000,0.000,0.000
2025-11-21 04:44:22,mlx5_4,0.000,0.000,0.000,0.000
2025-11-21 04:44:22,mlx5_5,0.000,0.000,0.000,0.000
2025-11-21 04:44:22,mlx5_6,0.000,0.000,0.000,0.000
2025-11-21 04:44:22,mlx5_7,28.286,34.964,311.197,203.180
2025-11-21 04:44:22,mlx5_8,0.000,0.000,0.000,0.000
2025-11-21 04:44:22,mlx5_9,0.000,0.000,0.000,0.000
2025-11-21 04:44:22,TOTAL,34.734,47.158,374.016,270.798
2025-11-21 04:44:23,mlx5_0,0.001,0.890,62.819,67.730
2025-11-21 04:44:23,mlx5_1,0.000,0.000,0.000,0.000
2025-11-21 04:44:23,mlx5_2,0.000,0.000,0.000,0.000
2025-11-21 04:44:23,mlx5_3,0.000,0.000,0.000,0.000
2025-11-21 04:44:23,mlx5_4,0.000,0.000,0.000,0.000
2025-11-21 04:44:23,mlx5_5,0.000,0.000,0.000,0.000
2025-11-21 04:44:23,mlx5_6,0.000,0.000,0.000,0.000
2025-11-21 04:44:23,mlx5_7,0.001,1.399,311.197,203.356
2025-11-21 04:44:23,mlx5_8,0.000,0.000,0.000,0.000
2025-11-21 04:44:23,mlx5_9,0.000,0.000,0.000,0.000
2025-11-21 04:44:23,TOTAL,0.002,2.289,374.017,271.086
2025-11-21 04:44:24,mlx5_0,3.133,0.002,63.213,67.730
2025-11-21 04:44:24,mlx5_1,0.000,0.000,0.000,0.000
2025-11-21 04:44:24,mlx5_2,0.000,0.000,0.000,0.000
2025-11-21 04:44:24,mlx5_3,0.000,0.000,0.000,0.000
2025-11-21 04:44:24,mlx5_4,0.000,0.000,0.000,0.000
2025-11-21 04:44:24,mlx5_5,0.000,0.000,0.000,0.000
2025-11-21 04:44:24,mlx5_6,0.000,0.000,0.000,0.000
2025-11-21 04:44:24,mlx5_7,18.244,0.009,313.491,203.357
2025-11-21 04:44:24,mlx5_8,0.000,0.000,0.000,0.000
2025-11-21 04:44:24,mlx5_9,0.000,0.000,0.000,0.000
2025-11-21 04:44:24,TOTAL,21.377,0.011,376.704,271.087
2025-11-21 04:44:25,mlx5_0,3.720,0.002,63.682,67.731
2025-11-21 04:44:25,mlx5_1,0.000,0.000,0.000,0.000
2025-11-21 04:44:25,mlx5_2,0.000,0.000,0.000,0.000
2025-11-21 04:44:25,mlx5_3,0.000,0.000,0.000,0.000
2025-11-21 04:44:25,mlx5_4,0.000,0.000,0.000,0.000
2025-11-21 04:44:25,mlx5_5,0.000,0.000,0.000,0.000
2025-11-21 04:44:25,mlx5_6,0.000,0.000,0.000,0.000
2025-11-21 04:44:25,mlx5_7,11.259,0.006,314.908,203.358
2025-11-21 04:44:25,mlx5_8,0.000,0.000,0.000,0.000
2025-11-21 04:44:25,mlx5_9,0.000,0.000,0.000,0.000
2025-11-21 04:44:25,TOTAL,14.979,0.008,378.590,271.088
2025-11-21 04:44:26,mlx5_0,2.562,0.001,64.004,67.731
2025-11-21 04:44:26,mlx5_1,0.000,0.000,0.000,0.000
2025-11-21 04:44:26,mlx5_2,0.000,0.000,0.000,0.000
2025-11-21 04:44:26,mlx5_3,0.000,0.000,0.000,0.000
2025-11-21 04:44:26,mlx5_4,0.000,0.000,0.000,0.000
2025-11-21 04:44:26,mlx5_5,0.000,0.000,0.000,0.000
2025-11-21 04:44:26,mlx5_6,0.000,0.000,0.000,0.000
2025-11-21 04:44:26,mlx5_7,24.932,0.012,318.045,203.359
2025-11-21 04:44:26,mlx5_8,0.000,0.000,0.000,0.000
2025-11-21 04:44:26,mlx5_9,0.000,0.000,0.000,0.000
2025-11-21 04:44:26,TOTAL,27.494,0.013,382.049,271.090
2025-11-21 04:44:27,mlx5_0,3.504,0.002,64.445,67.731
2025-11-21 04:44:27,mlx5_1,0.000,0.000,0.000,0.000
2025-11-21 04:44:27,mlx5_2,0.000,0.000,0.000,0.000
2025-11-21 04:44:27,mlx5_3,0.000,0.000,0.000,0.000
2025-11-21 04:44:27,mlx5_4,0.000,0.000,0.000,0.000
2025-11-21 04:44:27,mlx5_5,0.000,0.000,0.000,0.000
2025-11-21 04:44:27,mlx5_6,0.000,0.000,0.000,0.000
2025-11-21 04:44:27,mlx5_7,6.143,0.003,318.819,203.360
2025-11-21 04:44:27,mlx5_8,0.000,0.000,0.000,0.000
2025-11-21 04:44:27,mlx5_9,0.000,0.000,0.000,0.000
2025-11-21 04:44:27,TOTAL,9.647,0.005,383.264,271.091
2025-11-21 04:44:28,mlx5_0,0.307,0.000,64.484,67.731
2025-11-21 04:44:28,mlx5_1,0.000,0.000,0.000,0.000
2025-11-21 04:44:28,mlx5_2,0.000,0.000,0.000,0.000
2025-11-21 04:44:28,mlx5_3,0.000,0.000,0.000,0.000
2025-11-21 04:44:28,mlx5_4,0.000,0.000,0.000,0.000
2025-11-21 04:44:28,mlx5_5,0.000,0.000,0.000,0.000
2025-11-21 04:44:28,mlx5_6,0.000,0.000,0.000,0.000
2025-11-21 04:44:28,mlx5_7,9.093,0.005,319.962,203.360
2025-11-21 04:44:28,mlx5_8,0.000,0.000,0.000,0.000
2025-11-21 04:44:28,mlx5_9,0.000,0.000,0.000,0.000
2025-11-21 04:44:28,TOTAL,9.400,0.005,384.446,271.091
2025-11-21 04:44:29,mlx5_0,6.390,0.003,65.292,67.731
2025-11-21 04:44:29,mlx5_1,0.000,0.000,0.000,0.000
2025-11-21 04:44:29,mlx5_2,0.000,0.000,0.000,0.000
2025-11-21 04:44:29,mlx5_3,0.000,0.000,0.000,0.000
2025-11-21 04:44:29,mlx5_4,0.000,0.000,0.000,0.000
2025-11-21 04:44:29,mlx5_5,0.000,0.000,0.000,0.000
2025-11-21 04:44:29,mlx5_6,0.000,0.000,0.000,0.000
2025-11-21 04:44:29,mlx5_7,21.224,0.010,322.646,203.362
2025-11-21 04:44:29,mlx5_8,0.000,0.000,0.000,0.000
2025-11-21 04:44:29,mlx5_9,0.000,0.000,0.000,0.000
2025-11-21 04:44:29,TOTAL,27.613,0.013,387.937,271.093
2025-11-21 04:44:30,mlx5_0,0.000,0.000,65.292,67.731
2025-11-21 04:44:30,mlx5_1,0.000,0.000,0.000,0.000
2025-11-21 04:44:30,mlx5_2,0.000,0.000,0.000,0.000
2025-11-21 04:44:30,mlx5_3,0.000,0.000,0.000,0.000
2025-11-21 04:44:30,mlx5_4,0.000,0.000,0.000,0.000
2025-11-21 04:44:30,mlx5_5,0.000,0.000,0.000,0.000
2025-11-21 04:44:30,mlx5_6,0.000,0.000,0.000,0.000
2025-11-21 04:44:30,mlx5_7,0.000,0.000,322.646,203.362
2025-11-21 04:44:30,mlx5_8,0.000,0.000,0.000,0.000
2025-11-21 04:44:30,mlx5_9,0.000,0.000,0.000,0.000
2025-11-21 04:44:30,TOTAL,0.000,0.000,387.937,271.093
2025-11-21 04:44:31,mlx5_0,6.823,0.003,66.150,67.732
2025-11-21 04:44:31,mlx5_1,0.000,0.000,0.000,0.000
2025-11-21 04:44:31,mlx5_2,0.000,0.000,0.000,0.000
2025-11-21 04:44:31,mlx5_3,0.000,0.000,0.000,0.000
2025-11-21 04:44:31,mlx5_4,0.000,0.000,0.000,0.000
2025-11-21 04:44:31,mlx5_5,0.000,0.000,0.000,0.000
2025-11-21 04:44:31,mlx5_6,0.000,0.000,0.000,0.000
2025-11-21 04:44:31,mlx5_7,30.355,0.015,326.462,203.363
2025-11-21 04:44:31,mlx5_8,0.000,0.000,0.000,0.000
2025-11-21 04:44:31,mlx5_9,0.000,0.000,0.000,0.000
2025-11-21 04:44:31,TOTAL,37.178,0.018,392.611,271.095
2025-11-21 04:44:32,mlx5_0,0.000,0.000,66.150,67.732
2025-11-21 04:44:32,mlx5_1,0.000,0.000,0.000,0.000
2025-11-21 04:44:32,mlx5_2,0.000,0.000,0.000,0.000
2025-11-21 04:44:32,mlx5_3,0.000,0.000,0.000,0.000
2025-11-21 04:44:32,mlx5_4,0.000,0.000,0.000,0.000
2025-11-21 04:44:32,mlx5_5,0.000,0.000,0.000,0.000
2025-11-21 04:44:32,mlx5_6,0.000,0.000,0.000,0.000
2025-11-21 04:44:32,mlx5_7,0.000,0.000,326.462,203.363
2025-11-21 04:44:32,mlx5_8,0.000,0.000,0.000,0.000
2025-11-21 04:44:32,mlx5_9,0.000,0.000,0.000,0.000
2025-11-21 04:44:32,TOTAL,0.000,0.000,392.611,271.095
2025-11-21 04:44:33,mlx5_0,0.355,0.000,66.194,67.732
2025-11-21 04:44:33,mlx5_1,0.000,0.000,0.000,0.000
2025-11-21 04:44:33,mlx5_2,0.000,0.000,0.000,0.000
2025-11-21 04:44:33,mlx5_3,0.000,0.000,0.000,0.000
2025-11-21 04:44:33,mlx5_4,0.000,0.000,0.000,0.000
2025-11-21 04:44:33,mlx5_5,0.000,0.000,0.000,0.000
2025-11-21 04:44:33,mlx5_6,0.000,0.000,0.000,0.000
2025-11-21 04:44:33,mlx5_7,6.930,0.003,327.334,203.364
2025-11-21 04:44:33,mlx5_8,0.000,0.000,0.000,0.000
2025-11-21 04:44:33,mlx5_9,0.000,0.000,0.000,0.000
2025-11-21 04:44:33,TOTAL,7.285,0.004,393.528,271.096
2025-11-21 04:44:34,mlx5_0,5.172,9.550,66.845,68.934
2025-11-21 04:44:34,mlx5_1,0.000,0.000,0.000,0.000
2025-11-21 04:44:34,mlx5_2,0.000,0.000,0.000,0.000
2025-11-21 04:44:34,mlx5_3,0.000,0.000,0.000,0.000
2025-11-21 04:44:34,mlx5_4,0.000,0.000,0.000,0.000
2025-11-21 04:44:34,mlx5_5,0.000,0.000,0.000,0.000
2025-11-21 04:44:34,mlx5_6,0.000,0.000,0.000,0.000
2025-11-21 04:44:34,mlx5_7,24.707,32.744,330.444,207.486
2025-11-21 04:44:34,mlx5_8,0.000,0.000,0.000,0.000
2025-11-21 04:44:34,mlx5_9,0.000,0.000,0.000,0.000
2025-11-21 04:44:34,TOTAL,29.879,42.294,397.289,276.420
2025-11-21 04:44:35,mlx5_0,0.001,0.674,66.845,69.019
2025-11-21 04:44:35,mlx5_1,0.000,0.000,0.000,0.000
2025-11-21 04:44:35,mlx5_2,0.000,0.000,0.000,0.000
2025-11-21 04:44:35,mlx5_3,0.000,0.000,0.000,0.000
2025-11-21 04:44:35,mlx5_4,0.000,0.000,0.000,0.000
2025-11-21 04:44:35,mlx5_5,0.000,0.000,0.000,0.000
2025-11-21 04:44:35,mlx5_6,0.000,0.000,0.000,0.000
2025-11-21 04:44:35,mlx5_7,0.004,3.805,330.444,207.964
2025-11-21 04:44:35,mlx5_8,0.000,0.000,0.000,0.000
2025-11-21 04:44:35,mlx5_9,0.000,0.000,0.000,0.000
2025-11-21 04:44:35,TOTAL,0.004,4.479,397.290,276.983
2025-11-21 04:44:36,mlx5_0,3.992,0.002,67.348,69.019
2025-11-21 04:44:36,mlx5_1,0.000,0.000,0.000,0.000
2025-11-21 04:44:36,mlx5_2,0.000,0.000,0.000,0.000
2025-11-21 04:44:36,mlx5_3,0.000,0.000,0.000,0.000
2025-11-21 04:44:36,mlx5_4,0.000,0.000,0.000,0.000
2025-11-21 04:44:36,mlx5_5,0.000,0.000,0.000,0.000
2025-11-21 04:44:36,mlx5_6,0.000,0.000,0.000,0.000
2025-11-21 04:44:36,mlx5_7,25.495,0.012,333.653,207.966
2025-11-21 04:44:36,mlx5_8,0.000,0.000,0.000,0.000
2025-11-21 04:44:36,mlx5_9,0.000,0.000,0.000,0.000
2025-11-21 04:44:36,TOTAL,29.487,0.014,401.001,276.985
2025-11-21 04:44:37,mlx5_0,2.695,0.001,67.687,69.019
2025-11-21 04:44:37,mlx5_1,0.000,0.000,0.000,0.000
2025-11-21 04:44:37,mlx5_2,0.000,0.000,0.000,0.000
2025-11-21 04:44:37,mlx5_3,0.000,0.000,0.000,0.000
2025-11-21 04:44:37,mlx5_4,0.000,0.000,0.000,0.000
2025-11-21 04:44:37,mlx5_5,0.000,0.000,0.000,0.000
2025-11-21 04:44:37,mlx5_6,0.000,0.000,0.000,0.000
2025-11-21 04:44:37,mlx5_7,4.154,0.002,334.176,207.966
2025-11-21 04:44:37,mlx5_8,0.000,0.000,0.000,0.000
2025-11-21 04:44:37,mlx5_9,0.000,0.000,0.000,0.000
2025-11-21 04:44:37,TOTAL,6.849,0.003,401.863,276.985
2025-11-21 04:44:38,mlx5_0,4.504,0.003,68.254,69.020
2025-11-21 04:44:38,mlx5_1,0.000,0.000,0.000,0.000
2025-11-21 04:44:38,mlx5_2,0.000,0.000,0.000,0.000
2025-11-21 04:44:38,mlx5_3,0.000,0.000,0.000,0.000
2025-11-21 04:44:38,mlx5_4,0.000,0.000,0.000,0.000
2025-11-21 04:44:38,mlx5_5,0.000,0.000,0.000,0.000
2025-11-21 04:44:38,mlx5_6,0.000,0.000,0.000,0.000
2025-11-21 04:44:38,mlx5_7,32.657,0.016,338.283,207.968
2025-11-21 04:44:38,mlx5_8,0.000,0.000,0.000,0.000
2025-11-21 04:44:38,mlx5_9,0.000,0.000,0.000,0.000
2025-11-21 04:44:38,TOTAL,37.161,0.018,406.537,276.988
2025-11-21 04:44:39,mlx5_0,0.000,0.000,68.254,69.020
2025-11-21 04:44:39,mlx5_1,0.000,0.000,0.000,0.000
2025-11-21 04:44:39,mlx5_2,0.000,0.000,0.000,0.000
2025-11-21 04:44:39,mlx5_3,0.000,0.000,0.000,0.000
2025-11-21 04:44:39,mlx5_4,0.000,0.000,0.000,0.000
2025-11-21 04:44:39,mlx5_5,0.000,0.000,0.000,0.000
2025-11-21 04:44:39,mlx5_6,0.000,0.000,0.000,0.000
2025-11-21 04:44:39,mlx5_7,0.000,0.000,338.283,207.968
2025-11-21 04:44:39,mlx5_8,0.000,0.000,0.000,0.000
2025-11-21 04:44:39,mlx5_9,0.000,0.000,0.000,0.000
2025-11-21 04:44:39,TOTAL,0.000,0.000,406.537,276.988
2025-11-21 04:44:40,mlx5_0,5.834,0.003,68.987,69.020
2025-11-21 04:44:40,mlx5_1,0.000,0.000,0.000,0.000
2025-11-21 04:44:40,mlx5_2,0.000,0.000,0.000,0.000
2025-11-21 04:44:40,mlx5_3,0.000,0.000,0.000,0.000
2025-11-21 04:44:40,mlx5_4,0.000,0.000,0.000,0.000
2025-11-21 04:44:40,mlx5_5,0.000,0.000,0.000,0.000
2025-11-21 04:44:40,mlx5_6,0.000,0.000,0.000,0.000
2025-11-21 04:44:40,mlx5_7,31.327,0.015,342.223,207.970
2025-11-21 04:44:40,mlx5_8,0.000,0.000,0.000,0.000
2025-11-21 04:44:40,mlx5_9,0.000,0.000,0.000,0.000
2025-11-21 04:44:40,TOTAL,37.161,0.018,411.210,276.990
2025-11-21 04:44:41,mlx5_0,0.000,0.000,68.987,69.020
2025-11-21 04:44:41,mlx5_1,0.000,0.000,0.000,0.000
2025-11-21 04:44:41,mlx5_2,0.000,0.000,0.000,0.000
2025-11-21 04:44:41,mlx5_3,0.000,0.000,0.000,0.000
2025-11-21 04:44:41,mlx5_4,0.000,0.000,0.000,0.000
2025-11-21 04:44:41,mlx5_5,0.000,0.000,0.000,0.000
2025-11-21 04:44:41,mlx5_6,0.000,0.000,0.000,0.000
2025-11-21 04:44:41,mlx5_7,0.000,0.000,342.223,207.970
2025-11-21 04:44:41,mlx5_8,0.000,0.000,0.000,0.000
2025-11-21 04:44:41,mlx5_9,0.000,0.000,0.000,0.000
2025-11-21 04:44:41,TOTAL,0.000,0.000,411.210,276.990
2025-11-21 04:44:42,mlx5_0,3.164,1.023,69.385,69.149
2025-11-21 04:44:42,mlx5_1,0.000,0.000,0.000,0.000
2025-11-21 04:44:42,mlx5_2,0.000,0.000,0.000,0.000
2025-11-21 04:44:42,mlx5_3,0.000,0.000,0.000,0.000
2025-11-21 04:44:42,mlx5_4,0.000,0.000,0.000,0.000
2025-11-21 04:44:42,mlx5_5,0.000,0.000,0.000,0.000
2025-11-21 04:44:42,mlx5_6,0.000,0.000,0.000,0.000
2025-11-21 04:44:42,mlx5_7,28.936,3.966,345.862,208.469
2025-11-21 04:44:42,mlx5_8,0.000,0.000,0.000,0.000
2025-11-21 04:44:42,mlx5_9,0.000,0.000,0.000,0.000
2025-11-21 04:44:42,TOTAL,32.101,4.988,415.247,277.617
2025-11-21 04:44:43,mlx5_0,1.364,12.818,69.557,70.765
2025-11-21 04:44:43,mlx5_1,0.000,0.000,0.000,0.000
2025-11-21 04:44:43,mlx5_2,0.000,0.000,0.000,0.000
2025-11-21 04:44:43,mlx5_3,0.000,0.000,0.000,0.000
2025-11-21 04:44:43,mlx5_4,0.000,0.000,0.000,0.000
2025-11-21 04:44:43,mlx5_5,0.000,0.000,0.000,0.000
2025-11-21 04:44:43,mlx5_6,0.000,0.000,0.000,0.000
2025-11-21 04:44:43,mlx5_7,3.730,30.881,346.332,212.363
2025-11-21 04:44:43,mlx5_8,0.000,0.000,0.000,0.000
2025-11-21 04:44:43,mlx5_9,0.000,0.000,0.000,0.000
2025-11-21 04:44:43,TOTAL,5.094,43.699,415.889,283.128
2025-11-21 04:44:44,mlx5_0,0.000,0.000,69.557,70.765
2025-11-21 04:44:44,mlx5_1,0.000,0.000,0.000,0.000
2025-11-21 04:44:44,mlx5_2,0.000,0.000,0.000,0.000
2025-11-21 04:44:44,mlx5_3,0.000,0.000,0.000,0.000
2025-11-21 04:44:44,mlx5_4,0.000,0.000,0.000,0.000
2025-11-21 04:44:44,mlx5_5,0.000,0.000,0.000,0.000
2025-11-21 04:44:44,mlx5_6,0.000,0.000,0.000,0.000
2025-11-21 04:44:44,mlx5_7,0.000,0.000,346.332,212.363
2025-11-21 04:44:44,mlx5_8,0.000,0.000,0.000,0.000
2025-11-21 04:44:44,mlx5_9,0.000,0.000,0.000,0.000
2025-11-21 04:44:44,TOTAL,0.000,0.000,415.889,283.128
2025-11-21 04:44:45,mlx5_0,0.000,0.000,69.557,70.765
2025-11-21 04:44:45,mlx5_1,0.000,0.000,0.000,0.000
2025-11-21 04:44:45,mlx5_2,0.000,0.000,0.000,0.000
2025-11-21 04:44:45,mlx5_3,0.000,0.000,0.000,0.000
2025-11-21 04:44:45,mlx5_4,0.000,0.000,0.000,0.000
2025-11-21 04:44:45,mlx5_5,0.000,0.000,0.000,0.000
2025-11-21 04:44:45,mlx5_6,0.000,0.000,0.000,0.000
2025-11-21 04:44:45,mlx5_7,0.000,0.000,346.332,212.363
2025-11-21 04:44:45,mlx5_8,0.000,0.000,0.000,0.000
2025-11-21 04:44:45,mlx5_9,0.000,0.000,0.000,0.000
2025-11-21 04:44:45,TOTAL,0.000,0.000,415.889,283.128
2025-11-21 04:44:46,mlx5_0,4.645,0.002,70.141,70.765
2025-11-21 04:44:46,mlx5_1,0.000,0.000,0.000,0.000
2025-11-21 04:44:46,mlx5_2,0.000,0.000,0.000,0.000
2025-11-21 04:44:46,mlx5_3,0.000,0.000,0.000,0.000
2025-11-21 04:44:46,mlx5_4,0.000,0.000,0.000,0.000
2025-11-21 04:44:46,mlx5_5,0.000,0.000,0.000,0.000
2025-11-21 04:44:46,mlx5_6,0.000,0.000,0.000,0.000
2025-11-21 04:44:46,mlx5_7,31.595,0.015,350.305,212.365
2025-11-21 04:44:46,mlx5_8,0.000,0.000,0.000,0.000
2025-11-21 04:44:46,mlx5_9,0.000,0.000,0.000,0.000
2025-11-21 04:44:46,TOTAL,36.240,0.018,420.447,283.130
2025-11-21 04:44:47,mlx5_0,0.688,0.000,70.228,70.765
2025-11-21 04:44:47,mlx5_1,0.000,0.000,0.000,0.000
2025-11-21 04:44:47,mlx5_2,0.000,0.000,0.000,0.000
2025-11-21 04:44:47,mlx5_3,0.000,0.000,0.000,0.000
2025-11-21 04:44:47,mlx5_4,0.000,0.000,0.000,0.000
2025-11-21 04:44:47,mlx5_5,0.000,0.000,0.000,0.000
2025-11-21 04:44:47,mlx5_6,0.000,0.000,0.000,0.000
2025-11-21 04:44:47,mlx5_7,1.760,0.001,350.527,212.365
2025-11-21 04:44:47,mlx5_8,0.000,0.000,0.000,0.000
2025-11-21 04:44:47,mlx5_9,0.000,0.000,0.000,0.000
2025-11-21 04:44:47,TOTAL,2.448,0.002,420.755,283.130
2025-11-21 04:44:48,mlx5_0,6.567,0.003,71.055,70.766
2025-11-21 04:44:48,mlx5_1,0.000,0.000,0.000,0.000
2025-11-21 04:44:48,mlx5_2,0.000,0.000,0.000,0.000
2025-11-21 04:44:48,mlx5_3,0.000,0.000,0.000,0.000
2025-11-21 04:44:48,mlx5_4,0.000,0.000,0.000,0.000
2025-11-21 04:44:48,mlx5_5,0.000,0.000,0.000,0.000
2025-11-21 04:44:48,mlx5_6,0.000,0.000,0.000,0.000
2025-11-21 04:44:48,mlx5_7,30.561,0.015,354.374,212.367
2025-11-21 04:44:48,mlx5_8,0.000,0.000,0.000,0.000
2025-11-21 04:44:48,mlx5_9,0.000,0.000,0.000,0.000
2025-11-21 04:44:48,TOTAL,37.128,0.018,425.428,283.132
2025-11-21 04:44:49,mlx5_0,3.155,0.002,71.451,70.766
2025-11-21 04:44:49,mlx5_1,0.000,0.000,0.000,0.000
2025-11-21 04:44:49,mlx5_2,0.000,0.000,0.000,0.000
2025-11-21 04:44:49,mlx5_3,0.000,0.000,0.000,0.000
2025-11-21 04:44:49,mlx5_4,0.000,0.000,0.000,0.000
2025-11-21 04:44:49,mlx5_5,0.000,0.000,0.000,0.000
2025-11-21 04:44:49,mlx5_6,0.000,0.000,0.000,0.000
2025-11-21 04:44:49,mlx5_7,27.579,0.013,357.841,212.368
2025-11-21 04:44:49,mlx5_8,0.000,0.000,0.000,0.000
2025-11-21 04:44:49,mlx5_9,0.000,0.000,0.000,0.000
2025-11-21 04:44:49,TOTAL,30.734,0.015,429.292,283.134
2025-11-21 04:44:50,mlx5_0,1.918,0.001,71.693,70.766
2025-11-21 04:44:50,mlx5_1,0.000,0.000,0.000,0.000
2025-11-21 04:44:50,mlx5_2,0.000,0.000,0.000,0.000
2025-11-21 04:44:50,mlx5_3,0.000,0.000,0.000,0.000
2025-11-21 04:44:50,mlx5_4,0.000,0.000,0.000,0.000
2025-11-21 04:44:50,mlx5_5,0.000,0.000,0.000,0.000
2025-11-21 04:44:50,mlx5_6,0.000,0.000,0.000,0.000
2025-11-21 04:44:50,mlx5_7,4.518,0.002,358.409,212.369
2025-11-21 04:44:50,mlx5_8,0.000,0.000,0.000,0.000
2025-11-21 04:44:50,mlx5_9,0.000,0.000,0.000,0.000
2025-11-21 04:44:50,TOTAL,6.436,0.003,430.102,283.135
2025-11-21 04:44:51,mlx5_0,2.030,0.001,71.948,70.766
2025-11-21 04:44:51,mlx5_1,0.000,0.000,0.000,0.000
2025-11-21 04:44:51,mlx5_2,0.000,0.000,0.000,0.000
2025-11-21 04:44:51,mlx5_3,0.000,0.000,0.000,0.000
2025-11-21 04:44:51,mlx5_4,0.000,0.000,0.000,0.000
2025-11-21 04:44:51,mlx5_5,0.000,0.000,0.000,0.000
2025-11-21 04:44:51,mlx5_6,0.000,0.000,0.000,0.000
2025-11-21 04:44:51,mlx5_7,13.736,0.007,360.136,212.370
2025-11-21 04:44:51,mlx5_8,0.000,0.000,0.000,0.000
2025-11-21 04:44:51,mlx5_9,0.000,0.000,0.000,0.000
2025-11-21 04:44:51,TOTAL,15.766,0.008,432.084,283.136
2025-11-21 04:44:52,mlx5_0,4.922,0.002,72.567,70.766
2025-11-21 04:44:52,mlx5_1,0.000,0.000,0.000,0.000
2025-11-21 04:44:52,mlx5_2,0.000,0.000,0.000,0.000
2025-11-21 04:44:52,mlx5_3,0.000,0.000,0.000,0.000
2025-11-21 04:44:52,mlx5_4,0.000,0.000,0.000,0.000
2025-11-21 04:44:52,mlx5_5,0.000,0.000,0.000,0.000
2025-11-21 04:44:52,mlx5_6,0.000,0.000,0.000,0.000
2025-11-21 04:44:52,mlx5_7,16.467,0.008,362.208,212.371
2025-11-21 04:44:52,mlx5_8,0.000,0.000,0.000,0.000
2025-11-21 04:44:52,mlx5_9,0.000,0.000,0.000,0.000
2025-11-21 04:44:52,TOTAL,21.389,0.010,434.776,283.137
2025-11-21 04:44:53,mlx5_0,0.000,0.000,72.567,70.766
2025-11-21 04:44:53,mlx5_1,0.000,0.000,0.000,0.000
2025-11-21 04:44:53,mlx5_2,0.000,0.000,0.000,0.000
2025-11-21 04:44:53,mlx5_3,0.000,0.000,0.000,0.000
2025-11-21 04:44:53,mlx5_4,0.000,0.000,0.000,0.000
2025-11-21 04:44:53,mlx5_5,0.000,0.000,0.000,0.000
2025-11-21 04:44:53,mlx5_6,0.000,0.000,0.000,0.000
2025-11-21 04:44:53,mlx5_7,0.000,0.000,362.208,212.371
2025-11-21 04:44:53,mlx5_8,0.000,0.000,0.000,0.000
2025-11-21 04:44:53,mlx5_9,0.000,0.000,0.000,0.000
2025-11-21 04:44:53,TOTAL,0.000,0.000,434.776,283.137
2025-11-21 04:44:54,mlx5_0,5.989,6.588,73.321,71.595
2025-11-21 04:44:54,mlx5_1,0.000,0.000,0.000,0.000
2025-11-21 04:44:54,mlx5_2,0.000,0.000,0.000,0.000
2025-11-21 04:44:54,mlx5_3,0.000,0.000,0.000,0.000
2025-11-21 04:44:54,mlx5_4,0.000,0.000,0.000,0.000
2025-11-21 04:44:54,mlx5_5,0.000,0.000,0.000,0.000
2025-11-21 04:44:54,mlx5_6,0.000,0.000,0.000,0.000
2025-11-21 04:44:54,mlx5_7,31.198,25.127,366.132,215.531
2025-11-21 04:44:54,mlx5_8,0.000,0.000,0.000,0.000
2025-11-21 04:44:54,mlx5_9,0.000,0.000,0.000,0.000
2025-11-21 04:44:54,TOTAL,37.187,31.715,439.453,287.126
2025-11-21 04:44:55,mlx5_0,0.003,4.662,73.321,72.182
2025-11-21 04:44:55,mlx5_1,0.000,0.000,0.000,0.000
2025-11-21 04:44:55,mlx5_2,0.000,0.000,0.000,0.000
2025-11-21 04:44:55,mlx5_3,0.000,0.000,0.000,0.000
2025-11-21 04:44:55,mlx5_4,0.000,0.000,0.000,0.000
2025-11-21 04:44:55,mlx5_5,0.000,0.000,0.000,0.000
2025-11-21 04:44:55,mlx5_6,0.000,0.000,0.000,0.000
2025-11-21 04:44:55,mlx5_7,0.010,10.858,366.134,216.897
2025-11-21 04:44:55,mlx5_8,0.000,0.000,0.000,0.000
2025-11-21 04:44:55,mlx5_9,0.000,0.000,0.000,0.000
2025-11-21 04:44:55,TOTAL,0.013,15.520,439.455,289.079
2025-11-21 04:44:56,mlx5_0,0.000,0.000,73.321,72.182
2025-11-21 04:44:56,mlx5_1,0.000,0.000,0.000,0.000
2025-11-21 04:44:56,mlx5_2,0.000,0.000,0.000,0.000
2025-11-21 04:44:56,mlx5_3,0.000,0.000,0.000,0.000
2025-11-21 04:44:56,mlx5_4,0.000,0.000,0.000,0.000
2025-11-21 04:44:56,mlx5_5,0.000,0.000,0.000,0.000
2025-11-21 04:44:56,mlx5_6,0.000,0.000,0.000,0.000
2025-11-21 04:44:56,mlx5_7,0.000,0.000,366.134,216.897
2025-11-21 04:44:56,mlx5_8,0.000,0.000,0.000,0.000
2025-11-21 04:44:56,mlx5_9,0.000,0.000,0.000,0.000
2025-11-21 04:44:56,TOTAL,0.000,0.000,439.455,289.079
2025-11-21 04:44:57,mlx5_0,0.000,0.000,73.321,72.182
2025-11-21 04:44:57,mlx5_1,0.000,0.000,0.000,0.000
2025-11-21 04:44:57,mlx5_2,0.000,0.000,0.000,0.000
2025-11-21 04:44:57,mlx5_3,0.000,0.000,0.000,0.000
2025-11-21 04:44:57,mlx5_4,0.000,0.000,0.000,0.000
2025-11-21 04:44:57,mlx5_5,0.000,0.000,0.000,0.000
2025-11-21 04:44:57,mlx5_6,0.000,0.000,0.000,0.000
2025-11-21 04:44:57,mlx5_7,0.000,0.000,366.134,216.897
2025-11-21 04:44:57,mlx5_8,0.000,0.000,0.000,0.000
2025-11-21 04:44:57,mlx5_9,0.000,0.000,0.000,0.000
2025-11-21 04:44:57,TOTAL,0.000,0.000,439.455,289.079
2025-11-21 04:44:58,mlx5_0,6.206,0.003,74.100,72.182
2025-11-21 04:44:58,mlx5_1,0.000,0.000,0.000,0.000
2025-11-21 04:44:58,mlx5_2,0.000,0.000,0.000,0.000
2025-11-21 04:44:58,mlx5_3,0.000,0.000,0.000,0.000
2025-11-21 04:44:58,mlx5_4,0.000,0.000,0.000,0.000
2025-11-21 04:44:58,mlx5_5,0.000,0.000,0.000,0.000
2025-11-21 04:44:58,mlx5_6,0.000,0.000,0.000,0.000
2025-11-21 04:44:58,mlx5_7,29.762,0.015,369.871,216.899
2025-11-21 04:44:58,mlx5_8,0.000,0.000,0.000,0.000
2025-11-21 04:44:58,mlx5_9,0.000,0.000,0.000,0.000
2025-11-21 04:44:58,TOTAL,35.968,0.018,443.971,289.081
2025-11-21 04:44:59,mlx5_0,1.193,0.001,74.250,72.182
2025-11-21 04:44:59,mlx5_1,0.000,0.000,0.000,0.000
2025-11-21 04:44:59,mlx5_2,0.000,0.000,0.000,0.000
2025-11-21 04:44:59,mlx5_3,0.000,0.000,0.000,0.000
2025-11-21 04:44:59,mlx5_4,0.000,0.000,0.000,0.000
2025-11-21 04:44:59,mlx5_5,0.000,0.000,0.000,0.000
2025-11-21 04:44:59,mlx5_6,0.000,0.000,0.000,0.000
2025-11-21 04:44:59,mlx5_7,8.185,0.004,370.901,216.899
2025-11-21 04:44:59,mlx5_8,0.000,0.000,0.000,0.000
2025-11-21 04:44:59,mlx5_9,0.000,0.000,0.000,0.000
2025-11-21 04:44:59,TOTAL,9.378,0.005,445.151,289.082
2025-11-21 04:45:00,mlx5_0,5.445,0.003,74.936,72.182
2025-11-21 04:45:00,mlx5_1,0.000,0.000,0.000,0.000
2025-11-21 04:45:00,mlx5_2,0.000,0.000,0.000,0.000
2025-11-21 04:45:00,mlx5_3,0.000,0.000,0.000,0.000
2025-11-21 04:45:00,mlx5_4,0.000,0.000,0.000,0.000
2025-11-21 04:45:00,mlx5_5,0.000,0.000,0.000,0.000
2025-11-21 04:45:00,mlx5_6,0.000,0.000,0.000,0.000
2025-11-21 04:45:00,mlx5_7,22.771,0.011,373.766,216.901
2025-11-21 04:45:00,mlx5_8,0.000,0.000,0.000,0.000
2025-11-21 04:45:00,mlx5_9,0.000,0.000,0.000,0.000
2025-11-21 04:45:00,TOTAL,28.216,0.014,448.702,289.083
2025-11-21 04:45:01,mlx5_0,2.280,0.001,75.222,72.183
2025-11-21 04:45:01,mlx5_1,0.000,0.000,0.000,0.000
2025-11-21 04:45:01,mlx5_2,0.000,0.000,0.000,0.000
2025-11-21 04:45:01,mlx5_3,0.000,0.000,0.000,0.000
2025-11-21 04:45:01,mlx5_4,0.000,0.000,0.000,0.000
2025-11-21 04:45:01,mlx5_5,0.000,0.000,0.000,0.000
2025-11-21 04:45:01,mlx5_6,0.000,0.000,0.000,0.000
2025-11-21 04:45:01,mlx5_7,18.716,0.009,376.119,216.902
2025-11-21 04:45:01,mlx5_8,0.000,0.000,0.000,0.000
2025-11-21 04:45:01,mlx5_9,0.000,0.000,0.000,0.000
2025-11-21 04:45:01,TOTAL,20.995,0.010,451.341,289.085
2025-11-21 04:45:02,mlx5_0,4.300,0.002,75.764,72.183
2025-11-21 04:45:02,mlx5_1,0.000,0.000,0.000,0.000
2025-11-21 04:45:02,mlx5_2,0.000,0.000,0.000,0.000
2025-11-21 04:45:02,mlx5_3,0.000,0.000,0.000,0.000
2025-11-21 04:45:02,mlx5_4,0.000,0.000,0.000,0.000
2025-11-21 04:45:02,mlx5_5,0.000,0.000,0.000,0.000
2025-11-21 04:45:02,mlx5_6,0.000,0.000,0.000,0.000
2025-11-21 04:45:02,mlx5_7,11.861,0.006,377.612,216.903
2025-11-21 04:45:02,mlx5_8,0.000,0.000,0.000,0.000
2025-11-21 04:45:02,mlx5_9,0.000,0.000,0.000,0.000
2025-11-21 04:45:02,TOTAL,16.161,0.008,453.375,289.086
2025-11-21 04:45:03,mlx5_0,0.000,0.000,75.764,72.183
2025-11-21 04:45:03,mlx5_1,0.000,0.000,0.000,0.000
2025-11-21 04:45:03,mlx5_2,0.000,0.000,0.000,0.000
2025-11-21 04:45:03,mlx5_3,0.000,0.000,0.000,0.000
2025-11-21 04:45:03,mlx5_4,0.000,0.000,0.000,0.000
2025-11-21 04:45:03,mlx5_5,0.000,0.000,0.000,0.000
2025-11-21 04:45:03,mlx5_6,0.000,0.000,0.000,0.000
2025-11-21 04:45:03,mlx5_7,0.000,0.000,377.612,216.903
2025-11-21 04:45:03,mlx5_8,0.000,0.000,0.000,0.000
2025-11-21 04:45:03,mlx5_9,0.000,0.000,0.000,0.000
2025-11-21 04:45:03,TOTAL,0.000,0.000,453.375,289.086
2025-11-21 04:45:04,mlx5_0,6.054,0.003,76.525,72.183
2025-11-21 04:45:04,mlx5_1,0.000,0.000,0.000,0.000
2025-11-21 04:45:04,mlx5_2,0.000,0.000,0.000,0.000
2025-11-21 04:45:04,mlx5_3,0.000,0.000,0.000,0.000
2025-11-21 04:45:04,mlx5_4,0.000,0.000,0.000,0.000
2025-11-21 04:45:04,mlx5_5,0.000,0.000,0.000,0.000
2025-11-21 04:45:04,mlx5_6,0.000,0.000,0.000,0.000
2025-11-21 04:45:04,mlx5_7,31.104,0.015,381.524,216.905
2025-11-21 04:45:04,mlx5_8,0.000,0.000,0.000,0.000
2025-11-21 04:45:04,mlx5_9,0.000,0.000,0.000,0.000
2025-11-21 04:45:04,TOTAL,37.157,0.018,458.049,289.088
2025-11-21 04:45:05,mlx5_0,0.000,0.000,76.525,72.183
2025-11-21 04:45:05,mlx5_1,0.000,0.000,0.000,0.000
2025-11-21 04:45:05,mlx5_2,0.000,0.000,0.000,0.000
2025-11-21 04:45:05,mlx5_3,0.000,0.000,0.000,0.000
2025-11-21 04:45:05,mlx5_4,0.000,0.000,0.000,0.000
2025-11-21 04:45:05,mlx5_5,0.000,0.000,0.000,0.000
2025-11-21 04:45:05,mlx5_6,0.000,0.000,0.000,0.000
2025-11-21 04:45:05,mlx5_7,0.000,0.000,381.524,216.905
2025-11-21 04:45:05,mlx5_8,0.000,0.000,0.000,0.000
2025-11-21 04:45:05,mlx5_9,0.000,0.000,0.000,0.000
2025-11-21 04:45:05,TOTAL,0.000,0.000,458.049,289.088
2025-11-21 04:45:06,mlx5_0,4.321,0.002,77.068,72.183
2025-11-21 04:45:06,mlx5_1,0.000,0.000,0.000,0.000
2025-11-21 04:45:06,mlx5_2,0.000,0.000,0.000,0.000
2025-11-21 04:45:06,mlx5_3,0.000,0.000,0.000,0.000
2025-11-21 04:45:06,mlx5_4,0.000,0.000,0.000,0.000
2025-11-21 04:45:06,mlx5_5,0.000,0.000,0.000,0.000
2025-11-21 04:45:06,mlx5_6,0.000,0.000,0.000,0.000
2025-11-21 04:45:06,mlx5_7,23.809,0.011,384.518,216.906
2025-11-21 04:45:06,mlx5_8,0.000,0.000,0.000,0.000
2025-11-21 04:45:06,mlx5_9,0.000,0.000,0.000,0.000
2025-11-21 04:45:06,TOTAL,28.130,0.013,461.586,289.090
2025-11-21 04:45:07,mlx5_0,3.246,11.267,77.477,73.603
2025-11-21 04:45:07,mlx5_1,0.000,0.000,0.000,0.000
2025-11-21 04:45:07,mlx5_2,0.000,0.000,0.000,0.000
2025-11-21 04:45:07,mlx5_3,0.000,0.000,0.000,0.000
2025-11-21 04:45:07,mlx5_4,0.000,0.000,0.000,0.000
2025-11-21 04:45:07,mlx5_5,0.000,0.000,0.000,0.000
2025-11-21 04:45:07,mlx5_6,0.000,0.000,0.000,0.000
2025-11-21 04:45:07,mlx5_7,5.815,32.341,385.250,220.980
2025-11-21 04:45:07,mlx5_8,0.000,0.000,0.000,0.000
2025-11-21 04:45:07,mlx5_9,0.000,0.000,0.000,0.000
2025-11-21 04:45:07,TOTAL,9.061,43.608,462.727,294.583
2025-11-21 04:45:08,mlx5_0,0.001,1.746,77.477,73.822
2025-11-21 04:45:08,mlx5_1,0.000,0.000,0.000,0.000
2025-11-21 04:45:08,mlx5_2,0.000,0.000,0.000,0.000
2025-11-21 04:45:08,mlx5_3,0.000,0.000,0.000,0.000
2025-11-21 04:45:08,mlx5_4,0.000,0.000,0.000,0.000
2025-11-21 04:45:08,mlx5_5,0.000,0.000,0.000,0.000
2025-11-21 04:45:08,mlx5_6,0.000,0.000,0.000,0.000
2025-11-21 04:45:08,mlx5_7,0.003,2.904,385.251,221.345
2025-11-21 04:45:08,mlx5_8,0.000,0.000,0.000,0.000
2025-11-21 04:45:08,mlx5_9,0.000,0.000,0.000,0.000
2025-11-21 04:45:08,TOTAL,0.004,4.650,462.728,295.168
2025-11-21 04:45:09,mlx5_0,0.000,0.000,77.477,73.822
2025-11-21 04:45:09,mlx5_1,0.000,0.000,0.000,0.000
2025-11-21 04:45:09,mlx5_2,0.000,0.000,0.000,0.000
2025-11-21 04:45:09,mlx5_3,0.000,0.000,0.000,0.000
2025-11-21 04:45:09,mlx5_4,0.000,0.000,0.000,0.000
2025-11-21 04:45:09,mlx5_5,0.000,0.000,0.000,0.000
2025-11-21 04:45:09,mlx5_6,0.000,0.000,0.000,0.000
2025-11-21 04:45:09,mlx5_7,0.000,0.000,385.251,221.345
2025-11-21 04:45:09,mlx5_8,0.000,0.000,0.000,0.000
2025-11-21 04:45:09,mlx5_9,0.000,0.000,0.000,0.000
2025-11-21 04:45:09,TOTAL,0.000,0.000,462.728,295.168
2025-11-21 04:45:10,mlx5_0,6.517,0.003,78.298,73.823
2025-11-21 04:45:10,mlx5_1,0.000,0.000,0.000,0.000
2025-11-21 04:45:10,mlx5_2,0.000,0.000,0.000,0.000
2025-11-21 04:45:10,mlx5_3,0.000,0.000,0.000,0.000
2025-11-21 04:45:10,mlx5_4,0.000,0.000,0.000,0.000
2025-11-21 04:45:10,mlx5_5,0.000,0.000,0.000,0.000
2025-11-21 04:45:10,mlx5_6,0.000,0.000,0.000,0.000
2025-11-21 04:45:10,mlx5_7,29.812,0.015,389.003,221.347
2025-11-21 04:45:10,mlx5_8,0.000,0.000,0.000,0.000
2025-11-21 04:45:10,mlx5_9,0.000,0.000,0.000,0.000
2025-11-21 04:45:10,TOTAL,36.329,0.018,467.301,295.170
2025-11-21 04:45:11,mlx5_0,1.750,0.001,78.518,73.823
2025-11-21 04:45:11,mlx5_1,0.000,0.000,0.000,0.000
2025-11-21 04:45:11,mlx5_2,0.000,0.000,0.000,0.000
2025-11-21 04:45:11,mlx5_3,0.000,0.000,0.000,0.000
2025-11-21 04:45:11,mlx5_4,0.000,0.000,0.000,0.000
2025-11-21 04:45:11,mlx5_5,0.000,0.000,0.000,0.000
2025-11-21 04:45:11,mlx5_6,0.000,0.000,0.000,0.000
2025-11-21 04:45:11,mlx5_7,13.593,0.006,390.713,221.348
2025-11-21 04:45:11,mlx5_8,0.000,0.000,0.000,0.000
2025-11-21 04:45:11,mlx5_9,0.000,0.000,0.000,0.000
2025-11-21 04:45:11,TOTAL,15.343,0.007,469.231,295.171
2025-11-21 04:45:12,mlx5_0,4.476,0.002,79.082,73.823
2025-11-21 04:45:12,mlx5_1,0.000,0.000,0.000,0.000
2025-11-21 04:45:12,mlx5_2,0.000,0.000,0.000,0.000
2025-11-21 04:45:12,mlx5_3,0.000,0.000,0.000,0.000
2025-11-21 04:45:12,mlx5_4,0.000,0.000,0.000,0.000
2025-11-21 04:45:12,mlx5_5,0.000,0.000,0.000,0.000
2025-11-21 04:45:12,mlx5_6,0.000,0.000,0.000,0.000
2025-11-21 04:45:12,mlx5_7,17.303,0.009,392.893,221.349
2025-11-21 04:45:12,mlx5_8,0.000,0.000,0.000,0.000
2025-11-21 04:45:12,mlx5_9,0.000,0.000,0.000,0.000
2025-11-21 04:45:12,TOTAL,21.778,0.011,471.975,295.172
2025-11-21 04:45:13,mlx5_0,3.990,0.002,79.583,73.823
2025-11-21 04:45:13,mlx5_1,0.000,0.000,0.000,0.000
2025-11-21 04:45:13,mlx5_2,0.000,0.000,0.000,0.000
2025-11-21 04:45:13,mlx5_3,0.000,0.000,0.000,0.000
2025-11-21 04:45:13,mlx5_4,0.000,0.000,0.000,0.000
2025-11-21 04:45:13,mlx5_5,0.000,0.000,0.000,0.000
2025-11-21 04:45:13,mlx5_6,0.000,0.000,0.000,0.000
2025-11-21 04:45:13,mlx5_7,27.060,0.013,396.296,221.351
2025-11-21 04:45:13,mlx5_8,0.000,0.000,0.000,0.000
2025-11-21 04:45:13,mlx5_9,0.000,0.000,0.000,0.000
2025-11-21 04:45:13,TOTAL,31.050,0.015,475.879,295.174
2025-11-21 04:45:14,mlx5_0,1.796,0.001,79.810,73.823
2025-11-21 04:45:14,mlx5_1,0.000,0.000,0.000,0.000
2025-11-21 04:45:14,mlx5_2,0.000,0.000,0.000,0.000
2025-11-21 04:45:14,mlx5_3,0.000,0.000,0.000,0.000
2025-11-21 04:45:14,mlx5_4,0.000,0.000,0.000,0.000
2025-11-21 04:45:14,mlx5_5,0.000,0.000,0.000,0.000
2025-11-21 04:45:14,mlx5_6,0.000,0.000,0.000,0.000
2025-11-21 04:45:14,mlx5_7,4.313,0.002,396.839,221.351
2025-11-21 04:45:14,mlx5_8,0.000,0.000,0.000,0.000
2025-11-21 04:45:14,mlx5_9,0.000,0.000,0.000,0.000
2025-11-21 04:45:14,TOTAL,6.109,0.003,476.649,295.174
2025-11-21 04:45:15,mlx5_0,0.844,0.001,79.916,73.824
2025-11-21 04:45:15,mlx5_1,0.000,0.000,0.000,0.000
2025-11-21 04:45:15,mlx5_2,0.000,0.000,0.000,0.000
2025-11-21 04:45:15,mlx5_3,0.000,0.000,0.000,0.000
2025-11-21 04:45:15,mlx5_4,0.000,0.000,0.000,0.000
2025-11-21 04:45:15,mlx5_5,0.000,0.000,0.000,0.000
2025-11-21 04:45:15,mlx5_6,0.000,0.000,0.000,0.000
2025-11-21 04:45:15,mlx5_7,16.242,0.008,398.882,221.352
2025-11-21 04:45:15,mlx5_8,0.000,0.000,0.000,0.000
2025-11-21 04:45:15,mlx5_9,0.000,0.000,0.000,0.000
2025-11-21 04:45:15,TOTAL,17.086,0.008,478.797,295.175
2025-11-21 04:45:16,mlx5_0,5.370,0.002,80.592,73.824
2025-11-21 04:45:16,mlx5_1,0.000,0.000,0.000,0.000
2025-11-21 04:45:16,mlx5_2,0.000,0.000,0.000,0.000
2025-11-21 04:45:16,mlx5_3,0.000,0.000,0.000,0.000
2025-11-21 04:45:16,mlx5_4,0.000,0.000,0.000,0.000
2025-11-21 04:45:16,mlx5_5,0.000,0.000,0.000,0.000
2025-11-21 04:45:16,mlx5_6,0.000,0.000,0.000,0.000
2025-11-21 04:45:16,mlx5_7,14.678,0.007,400.730,221.353
2025-11-21 04:45:16,mlx5_8,0.000,0.000,0.000,0.000
2025-11-21 04:45:16,mlx5_9,0.000,0.000,0.000,0.000
2025-11-21 04:45:16,TOTAL,20.048,0.010,481.322,295.177
2025-11-21 04:45:17,mlx5_0,0.000,0.000,80.592,73.824
2025-11-21 04:45:17,mlx5_1,0.000,0.000,0.000,0.000
2025-11-21 04:45:17,mlx5_2,0.000,0.000,0.000,0.000
2025-11-21 04:45:17,mlx5_3,0.000,0.000,0.000,0.000
2025-11-21 04:45:17,mlx5_4,0.000,0.000,0.000,0.000
2025-11-21 04:45:17,mlx5_5,0.000,0.000,0.000,0.000
2025-11-21 04:45:17,mlx5_6,0.000,0.000,0.000,0.000
2025-11-21 04:45:17,mlx5_7,0.000,0.000,400.730,221.353
2025-11-21 04:45:17,mlx5_8,0.000,0.000,0.000,0.000
2025-11-21 04:45:17,mlx5_9,0.000,0.000,0.000,0.000
2025-11-21 04:45:17,TOTAL,0.000,0.000,481.322,295.177
2025-11-21 04:45:18,mlx5_0,5.842,3.438,81.327,74.256
2025-11-21 04:45:18,mlx5_1,0.000,0.000,0.000,0.000
2025-11-21 04:45:18,mlx5_2,0.000,0.000,0.000,0.000
2025-11-21 04:45:18,mlx5_3,0.000,0.000,0.000,0.000
2025-11-21 04:45:18,mlx5_4,0.000,0.000,0.000,0.000
2025-11-21 04:45:18,mlx5_5,0.000,0.000,0.000,0.000
2025-11-21 04:45:18,mlx5_6,0.000,0.000,0.000,0.000
2025-11-21 04:45:18,mlx5_7,31.330,20.574,404.672,223.941
2025-11-21 04:45:18,mlx5_8,0.000,0.000,0.000,0.000
2025-11-21 04:45:18,mlx5_9,0.000,0.000,0.000,0.000
2025-11-21 04:45:18,TOTAL,37.172,24.012,485.999,298.197
2025-11-21 04:45:19,mlx5_0,0.005,8.261,81.328,75.295
2025-11-21 04:45:19,mlx5_1,0.000,0.000,0.000,0.000
2025-11-21 04:45:19,mlx5_2,0.000,0.000,0.000,0.000
2025-11-21 04:45:19,mlx5_3,0.000,0.000,0.000,0.000
2025-11-21 04:45:19,mlx5_4,0.000,0.000,0.000,0.000
2025-11-21 04:45:19,mlx5_5,0.000,0.000,0.000,0.000
2025-11-21 04:45:19,mlx5_6,0.000,0.000,0.000,0.000
2025-11-21 04:45:19,mlx5_7,0.015,15.756,404.673,225.923
2025-11-21 04:45:19,mlx5_8,0.000,0.000,0.000,0.000
2025-11-21 04:45:19,mlx5_9,0.000,0.000,0.000,0.000
2025-11-21 04:45:19,TOTAL,0.020,24.017,486.001,301.219
2025-11-21 04:45:20,mlx5_0,0.000,0.000,81.328,75.295
2025-11-21 04:45:20,mlx5_1,0.000,0.000,0.000,0.000
2025-11-21 04:45:20,mlx5_2,0.000,0.000,0.000,0.000
2025-11-21 04:45:20,mlx5_3,0.000,0.000,0.000,0.000
2025-11-21 04:45:20,mlx5_4,0.000,0.000,0.000,0.000
2025-11-21 04:45:20,mlx5_5,0.000,0.000,0.000,0.000
2025-11-21 04:45:20,mlx5_6,0.000,0.000,0.000,0.000
2025-11-21 04:45:20,mlx5_7,0.000,0.000,404.673,225.923
2025-11-21 04:45:20,mlx5_8,0.000,0.000,0.000,0.000
2025-11-21 04:45:20,mlx5_9,0.000,0.000,0.000,0.000
2025-11-21 04:45:20,TOTAL,0.000,0.000,486.001,301.219
2025-11-21 04:45:21,mlx5_0,2.182,0.001,81.602,75.296
2025-11-21 04:45:21,mlx5_1,0.000,0.000,0.000,0.000
2025-11-21 04:45:21,mlx5_2,0.000,0.000,0.000,0.000
2025-11-21 04:45:21,mlx5_3,0.000,0.000,0.000,0.000
2025-11-21 04:45:21,mlx5_4,0.000,0.000,0.000,0.000
2025-11-21 04:45:21,mlx5_5,0.000,0.000,0.000,0.000
2025-11-21 04:45:21,mlx5_6,0.000,0.000,0.000,0.000
2025-11-21 04:45:21,mlx5_7,22.042,0.010,407.446,225.924
2025-11-21 04:45:21,mlx5_8,0.000,0.000,0.000,0.000
2025-11-21 04:45:21,mlx5_9,0.000,0.000,0.000,0.000
2025-11-21 04:45:21,TOTAL,24.223,0.011,489.048,301.220
2025-11-21 04:45:22,mlx5_0,4.728,0.002,82.197,75.296
2025-11-21 04:45:22,mlx5_1,0.000,0.000,0.000,0.000
2025-11-21 04:45:22,mlx5_2,0.000,0.000,0.000,0.000
2025-11-21 04:45:22,mlx5_3,0.000,0.000,0.000,0.000
2025-11-21 04:45:22,mlx5_4,0.000,0.000,0.000,0.000
2025-11-21 04:45:22,mlx5_5,0.000,0.000,0.000,0.000
2025-11-21 04:45:22,mlx5_6,0.000,0.000,0.000,0.000
2025-11-21 04:45:22,mlx5_7,9.731,0.006,408.670,225.925
2025-11-21 04:45:22,mlx5_8,0.000,0.000,0.000,0.000
2025-11-21 04:45:22,mlx5_9,0.000,0.000,0.000,0.000
2025-11-21 04:45:22,TOTAL,14.459,0.008,490.866,301.221
2025-11-21 04:45:23,mlx5_0,5.869,0.003,82.936,75.296
2025-11-21 04:45:23,mlx5_1,0.000,0.000,0.000,0.000
2025-11-21 04:45:23,mlx5_2,0.000,0.000,0.000,0.000
2025-11-21 04:45:23,mlx5_3,0.000,0.000,0.000,0.000
2025-11-21 04:45:23,mlx5_4,0.000,0.000,0.000,0.000
2025-11-21 04:45:23,mlx5_5,0.000,0.000,0.000,0.000
2025-11-21 04:45:23,mlx5_6,0.000,0.000,0.000,0.000
2025-11-21 04:45:23,mlx5_7,31.253,0.015,412.604,225.927
2025-11-21 04:45:23,mlx5_8,0.000,0.000,0.000,0.000
2025-11-21 04:45:23,mlx5_9,0.000,0.000,0.000,0.000
2025-11-21 04:45:23,TOTAL,37.122,0.018,495.540,301.223
2025-11-21 04:45:24,mlx5_0,0.000,0.000,82.936,75.296
2025-11-21 04:45:24,mlx5_1,0.000,0.000,0.000,0.000
2025-11-21 04:45:24,mlx5_2,0.000,0.000,0.000,0.000
2025-11-21 04:45:24,mlx5_3,0.000,0.000,0.000,0.000
2025-11-21 04:45:24,mlx5_4,0.000,0.000,0.000,0.000
2025-11-21 04:45:24,mlx5_5,0.000,0.000,0.000,0.000
2025-11-21 04:45:24,mlx5_6,0.000,0.000,0.000,0.000
2025-11-21 04:45:24,mlx5_7,0.000,0.000,412.605,225.927
2025-11-21 04:45:24,mlx5_8,0.000,0.000,0.000,0.000
2025-11-21 04:45:24,mlx5_9,0.000,0.000,0.000,0.000
2025-11-21 04:45:24,TOTAL,0.000,0.000,495.540,301.223
2025-11-21 04:45:25,mlx5_0,6.743,0.003,83.783,75.297
2025-11-21 04:45:25,mlx5_1,0.000,0.000,0.000,0.000
2025-11-21 04:45:25,mlx5_2,0.000,0.000,0.000,0.000
2025-11-21 04:45:25,mlx5_3,0.000,0.000,0.000,0.000
2025-11-21 04:45:25,mlx5_4,0.000,0.000,0.000,0.000
2025-11-21 04:45:25,mlx5_5,0.000,0.000,0.000,0.000
2025-11-21 04:45:25,mlx5_6,0.000,0.000,0.000,0.000
2025-11-21 04:45:25,mlx5_7,30.435,0.015,416.430,225.929
2025-11-21 04:45:25,mlx5_8,0.000,0.000,0.000,0.000
2025-11-21 04:45:25,mlx5_9,0.000,0.000,0.000,0.000
2025-11-21 04:45:25,TOTAL,37.179,0.018,500.214,301.226
2025-11-21 04:45:26,mlx5_0,0.000,0.000,83.783,75.297
2025-11-21 04:45:26,mlx5_1,0.000,0.000,0.000,0.000
2025-11-21 04:45:26,mlx5_2,0.000,0.000,0.000,0.000
2025-11-21 04:45:26,mlx5_3,0.000,0.000,0.000,0.000
2025-11-21 04:45:26,mlx5_4,0.000,0.000,0.000,0.000
2025-11-21 04:45:26,mlx5_5,0.000,0.000,0.000,0.000
2025-11-21 04:45:26,mlx5_6,0.000,0.000,0.000,0.000
2025-11-21 04:45:26,mlx5_7,0.000,0.000,416.430,225.929
2025-11-21 04:45:26,mlx5_8,0.000,0.000,0.000,0.000
2025-11-21 04:45:26,mlx5_9,0.000,0.000,0.000,0.000
2025-11-21 04:45:26,TOTAL,0.000,0.000,500.214,301.226
2025-11-21 04:45:27,mlx5_0,5.744,0.003,84.506,75.297
2025-11-21 04:45:27,mlx5_1,0.000,0.000,0.000,0.000
2025-11-21 04:45:27,mlx5_2,0.000,0.000,0.000,0.000
2025-11-21 04:45:27,mlx5_3,0.000,0.000,0.000,0.000
2025-11-21 04:45:27,mlx5_4,0.000,0.000,0.000,0.000
2025-11-21 04:45:27,mlx5_5,0.000,0.000,0.000,0.000
2025-11-21 04:45:27,mlx5_6,0.000,0.000,0.000,0.000
2025-11-21 04:45:27,mlx5_7,31.422,0.015,420.382,225.931
2025-11-21 04:45:27,mlx5_8,0.000,0.000,0.000,0.000
2025-11-21 04:45:27,mlx5_9,0.000,0.000,0.000,0.000
2025-11-21 04:45:27,TOTAL,37.166,0.018,504.887,301.228
2025-11-21 04:45:28,mlx5_0,0.000,0.000,84.506,75.297
2025-11-21 04:45:28,mlx5_1,0.000,0.000,0.000,0.000
2025-11-21 04:45:28,mlx5_2,0.000,0.000,0.000,0.000
2025-11-21 04:45:28,mlx5_3,0.000,0.000,0.000,0.000
2025-11-21 04:45:28,mlx5_4,0.000,0.000,0.000,0.000
2025-11-21 04:45:28,mlx5_5,0.000,0.000,0.000,0.000
2025-11-21 04:45:28,mlx5_6,0.000,0.000,0.000,0.000
2025-11-21 04:45:28,mlx5_7,0.000,0.000,420.382,225.931
2025-11-21 04:45:28,mlx5_8,0.000,0.000,0.000,0.000
2025-11-21 04:45:28,mlx5_9,0.000,0.000,0.000,0.000
2025-11-21 04:45:28,TOTAL,0.000,0.000,504.887,301.228
2025-11-21 04:45:29,mlx5_0,5.150,1.841,85.153,75.528
2025-11-21 04:45:29,mlx5_1,0.000,0.000,0.000,0.000
2025-11-21 04:45:29,mlx5_2,0.000,0.000,0.000,0.000
2025-11-21 04:45:29,mlx5_3,0.000,0.000,0.000,0.000
2025-11-21 04:45:29,mlx5_4,0.000,0.000,0.000,0.000
2025-11-21 04:45:29,mlx5_5,0.000,0.000,0.000,0.000
2025-11-21 04:45:29,mlx5_6,0.000,0.000,0.000,0.000
2025-11-21 04:45:29,mlx5_7,28.813,6.479,424.004,226.745
2025-11-21 04:45:29,mlx5_8,0.000,0.000,0.000,0.000
2025-11-21 04:45:29,mlx5_9,0.000,0.000,0.000,0.000
2025-11-21 04:45:29,TOTAL,33.964,8.320,509.157,302.274
2025-11-21 04:45:30,mlx5_0,1.698,5.335,85.366,76.199
2025-11-21 04:45:30,mlx5_1,0.000,0.000,0.000,0.000
2025-11-21 04:45:30,mlx5_2,0.000,0.000,0.000,0.000
2025-11-21 04:45:30,mlx5_3,0.000,0.000,0.000,0.000
2025-11-21 04:45:30,mlx5_4,0.000,0.000,0.000,0.000
2025-11-21 04:45:30,mlx5_5,0.000,0.000,0.000,0.000
2025-11-21 04:45:30,mlx5_6,0.000,0.000,0.000,0.000
2025-11-21 04:45:30,mlx5_7,1.547,20.723,424.199,229.349
2025-11-21 04:45:30,mlx5_8,0.000,0.000,0.000,0.000
2025-11-21 04:45:30,mlx5_9,0.000,0.000,0.000,0.000
2025-11-21 04:45:30,TOTAL,3.244,26.058,509.565,305.547
2025-11-21 04:45:31,mlx5_0,0.002,3.725,85.367,76.668
2025-11-21 04:45:31,mlx5_1,0.000,0.000,0.000,0.000
2025-11-21 04:45:31,mlx5_2,0.000,0.000,0.000,0.000
2025-11-21 04:45:31,mlx5_3,0.000,0.000,0.000,0.000
2025-11-21 04:45:31,mlx5_4,0.000,0.000,0.000,0.000
2025-11-21 04:45:31,mlx5_5,0.000,0.000,0.000,0.000
2025-11-21 04:45:31,mlx5_6,0.000,0.000,0.000,0.000
2025-11-21 04:45:31,mlx5_7,0.008,9.091,424.200,230.493
2025-11-21 04:45:31,mlx5_8,0.000,0.000,0.000,0.000
2025-11-21 04:45:31,mlx5_9,0.000,0.000,0.000,0.000
2025-11-21 04:45:31,TOTAL,0.011,12.816,509.566,307.161
2025-11-21 04:45:32,mlx5_0,0.000,0.000,85.367,76.668
2025-11-21 04:45:32,mlx5_1,0.000,0.000,0.000,0.000
2025-11-21 04:45:32,mlx5_2,0.000,0.000,0.000,0.000
2025-11-21 04:45:32,mlx5_3,0.000,0.000,0.000,0.000
2025-11-21 04:45:32,mlx5_4,0.000,0.000,0.000,0.000
2025-11-21 04:45:32,mlx5_5,0.000,0.000,0.000,0.000
2025-11-21 04:45:32,mlx5_6,0.000,0.000,0.000,0.000
2025-11-21 04:45:32,mlx5_7,0.000,0.000,424.200,230.493
2025-11-21 04:45:32,mlx5_8,0.000,0.000,0.000,0.000
2025-11-21 04:45:32,mlx5_9,0.000,0.000,0.000,0.000
2025-11-21 04:45:32,TOTAL,0.000,0.000,509.566,307.161
2025-11-21 04:45:33,mlx5_0,4.346,0.002,85.913,76.668
2025-11-21 04:45:33,mlx5_1,0.000,0.000,0.000,0.000
2025-11-21 04:45:33,mlx5_2,0.000,0.000,0.000,0.000
2025-11-21 04:45:33,mlx5_3,0.000,0.000,0.000,0.000
2025-11-21 04:45:33,mlx5_4,0.000,0.000,0.000,0.000
2025-11-21 04:45:33,mlx5_5,0.000,0.000,0.000,0.000
2025-11-21 04:45:33,mlx5_6,0.000,0.000,0.000,0.000
2025-11-21 04:45:33,mlx5_7,26.246,0.013,427.500,230.495
2025-11-21 04:45:33,mlx5_8,0.000,0.000,0.000,0.000
2025-11-21 04:45:33,mlx5_9,0.000,0.000,0.000,0.000
2025-11-21 04:45:33,TOTAL,30.592,0.015,513.413,307.163
2025-11-21 04:45:34,mlx5_0,2.417,0.001,86.218,76.668
2025-11-21 04:45:34,mlx5_1,0.000,0.000,0.000,0.000
2025-11-21 04:45:34,mlx5_2,0.000,0.000,0.000,0.000
2025-11-21 04:45:34,mlx5_3,0.000,0.000,0.000,0.000
2025-11-21 04:45:34,mlx5_4,0.000,0.000,0.000,0.000
2025-11-21 04:45:34,mlx5_5,0.000,0.000,0.000,0.000
2025-11-21 04:45:34,mlx5_6,0.000,0.000,0.000,0.000
2025-11-21 04:45:34,mlx5_7,3.354,0.002,427.922,230.495
2025-11-21 04:45:34,mlx5_8,0.000,0.000,0.000,0.000
2025-11-21 04:45:34,mlx5_9,0.000,0.000,0.000,0.000
2025-11-21 04:45:34,TOTAL,5.771,0.003,514.140,307.163
2025-11-21 04:45:35,mlx5_0,4.254,0.002,86.752,76.668
2025-11-21 04:45:35,mlx5_1,0.000,0.000,0.000,0.000
2025-11-21 04:45:35,mlx5_2,0.000,0.000,0.000,0.000
2025-11-21 04:45:35,mlx5_3,0.000,0.000,0.000,0.000
2025-11-21 04:45:35,mlx5_4,0.000,0.000,0.000,0.000
2025-11-21 04:45:35,mlx5_5,0.000,0.000,0.000,0.000
2025-11-21 04:45:35,mlx5_6,0.000,0.000,0.000,0.000
2025-11-21 04:45:35,mlx5_7,32.921,0.016,432.061,230.497
2025-11-21 04:45:35,mlx5_8,0.000,0.000,0.000,0.000
2025-11-21 04:45:35,mlx5_9,0.000,0.000,0.000,0.000
2025-11-21 04:45:35,TOTAL,37.175,0.018,518.813,307.165
2025-11-21 04:45:36,mlx5_0,0.000,0.000,86.752,76.668
2025-11-21 04:45:36,mlx5_1,0.000,0.000,0.000,0.000
2025-11-21 04:45:36,mlx5_2,0.000,0.000,0.000,0.000
2025-11-21 04:45:36,mlx5_3,0.000,0.000,0.000,0.000
2025-11-21 04:45:36,mlx5_4,0.000,0.000,0.000,0.000
2025-11-21 04:45:36,mlx5_5,0.000,0.000,0.000,0.000
2025-11-21 04:45:36,mlx5_6,0.000,0.000,0.000,0.000
2025-11-21 04:45:36,mlx5_7,0.000,0.000,432.061,230.497
2025-11-21 04:45:36,mlx5_8,0.000,0.000,0.000,0.000
2025-11-21 04:45:36,mlx5_9,0.000,0.000,0.000,0.000
2025-11-21 04:45:36,TOTAL,0.000,0.000,518.813,307.165
2025-11-21 04:45:37,mlx5_0,6.588,0.003,87.581,76.669
2025-11-21 04:45:37,mlx5_1,0.000,0.000,0.000,0.000
2025-11-21 04:45:37,mlx5_2,0.000,0.000,0.000,0.000
2025-11-21 04:45:37,mlx5_3,0.000,0.000,0.000,0.000
2025-11-21 04:45:37,mlx5_4,0.000,0.000,0.000,0.000
2025-11-21 04:45:37,mlx5_5,0.000,0.000,0.000,0.000
2025-11-21 04:45:37,mlx5_6,0.000,0.000,0.000,0.000
2025-11-21 04:45:37,mlx5_7,30.551,0.015,435.906,230.499
2025-11-21 04:45:37,mlx5_8,0.000,0.000,0.000,0.000
2025-11-21 04:45:37,mlx5_9,0.000,0.000,0.000,0.000
2025-11-21 04:45:37,TOTAL,37.139,0.018,523.487,307.167
2025-11-21 04:45:38,mlx5_0,0.000,0.000,87.581,76.669
2025-11-21 04:45:38,mlx5_1,0.000,0.000,0.000,0.000
2025-11-21 04:45:38,mlx5_2,0.000,0.000,0.000,0.000
2025-11-21 04:45:38,mlx5_3,0.000,0.000,0.000,0.000
2025-11-21 04:45:38,mlx5_4,0.000,0.000,0.000,0.000
2025-11-21 04:45:38,mlx5_5,0.000,0.000,0.000,0.000
2025-11-21 04:45:38,mlx5_6,0.000,0.000,0.000,0.000
2025-11-21 04:45:38,mlx5_7,0.000,0.000,435.906,230.499
2025-11-21 04:45:38,mlx5_8,0.000,0.000,0.000,0.000
2025-11-21 04:45:38,mlx5_9,0.000,0.000,0.000,0.000
2025-11-21 04:45:38,TOTAL,0.000,0.000,523.487,307.167
2025-11-21 04:45:39,mlx5_0,5.019,0.003,88.213,76.669
2025-11-21 04:45:39,mlx5_1,0.000,0.000,0.000,0.000
2025-11-21 04:45:39,mlx5_2,0.000,0.000,0.000,0.000
2025-11-21 04:45:39,mlx5_3,0.000,0.000,0.000,0.000
2025-11-21 04:45:39,mlx5_4,0.000,0.000,0.000,0.000
2025-11-21 04:45:39,mlx5_5,0.000,0.000,0.000,0.000
2025-11-21 04:45:39,mlx5_6,0.000,0.000,0.000,0.000
2025-11-21 04:45:39,mlx5_7,30.443,0.015,439.735,230.501
2025-11-21 04:45:39,mlx5_8,0.000,0.000,0.000,0.000
2025-11-21 04:45:39,mlx5_9,0.000,0.000,0.000,0.000
2025-11-21 04:45:39,TOTAL,35.462,0.017,527.948,307.170
2025-11-21 04:45:40,mlx5_0,0.377,0.000,88.260,76.669
2025-11-21 04:45:40,mlx5_1,0.000,0.000,0.000,0.000
2025-11-21 04:45:40,mlx5_2,0.000,0.000,0.000,0.000
2025-11-21 04:45:40,mlx5_3,0.000,0.000,0.000,0.000
2025-11-21 04:45:40,mlx5_4,0.000,0.000,0.000,0.000
2025-11-21 04:45:40,mlx5_5,0.000,0.000,0.000,0.000
2025-11-21 04:45:40,mlx5_6,0.000,0.000,0.000,0.000
2025-11-21 04:45:40,mlx5_7,1.314,0.001,439.900,230.501
2025-11-21 04:45:40,mlx5_8,0.000,0.000,0.000,0.000
2025-11-21 04:45:40,mlx5_9,0.000,0.000,0.000,0.000
2025-11-21 04:45:40,TOTAL,1.691,0.001,528.161,307.170
2025-11-21 04:45:41,mlx5_0,0.000,0.000,88.260,76.669
2025-11-21 04:45:41,mlx5_1,0.000,0.000,0.000,0.000
2025-11-21 04:45:41,mlx5_2,0.000,0.000,0.000,0.000
2025-11-21 04:45:41,mlx5_3,0.000,0.000,0.000,0.000
2025-11-21 04:45:41,mlx5_4,0.000,0.000,0.000,0.000
2025-11-21 04:45:41,mlx5_5,0.000,0.000,0.000,0.000
2025-11-21 04:45:41,mlx5_6,0.000,0.000,0.000,0.000
2025-11-21 04:45:41,mlx5_7,0.000,0.000,439.900,230.501
2025-11-21 04:45:41,mlx5_8,0.000,0.000,0.000,0.000
2025-11-21 04:45:41,mlx5_9,0.000,0.000,0.000,0.000
2025-11-21 04:45:41,TOTAL,0.000,0.000,528.161,307.170
2025-11-21 04:45:42,mlx5_0,4.206,11.775,88.789,78.149
2025-11-21 04:45:42,mlx5_1,0.000,0.000,0.000,0.000
2025-11-21 04:45:42,mlx5_2,0.000,0.000,0.000,0.000
2025-11-21 04:45:42,mlx5_3,0.000,0.000,0.000,0.000
2025-11-21 04:45:42,mlx5_4,0.000,0.000,0.000,0.000
2025-11-21 04:45:42,mlx5_5,0.000,0.000,0.000,0.000
2025-11-21 04:45:42,mlx5_6,0.000,0.000,0.000,0.000
2025-11-21 04:45:42,mlx5_7,33.008,31.822,444.050,234.501
2025-11-21 04:45:42,mlx5_8,0.000,0.000,0.000,0.000
2025-11-21 04:45:42,mlx5_9,0.000,0.000,0.000,0.000
2025-11-21 04:45:42,TOTAL,37.213,43.598,532.839,312.651
2025-11-21 04:45:43,mlx5_0,0.001,0.924,88.789,78.266
2025-11-21 04:45:43,mlx5_1,0.000,0.000,0.000,0.000
2025-11-21 04:45:43,mlx5_2,0.000,0.000,0.000,0.000
2025-11-21 04:45:43,mlx5_3,0.000,0.000,0.000,0.000
2025-11-21 04:45:43,mlx5_4,0.000,0.000,0.000,0.000
2025-11-21 04:45:43,mlx5_5,0.000,0.000,0.000,0.000
2025-11-21 04:45:43,mlx5_6,0.000,0.000,0.000,0.000
2025-11-21 04:45:43,mlx5_7,0.004,4.362,444.051,235.050
2025-11-21 04:45:43,mlx5_8,0.000,0.000,0.000,0.000
2025-11-21 04:45:43,mlx5_9,0.000,0.000,0.000,0.000
2025-11-21 04:45:43,TOTAL,0.005,5.286,532.840,313.316
2025-11-21 04:45:44,mlx5_0,0.000,0.000,88.789,78.266
2025-11-21 04:45:44,mlx5_1,0.000,0.000,0.000,0.000
2025-11-21 04:45:44,mlx5_2,0.000,0.000,0.000,0.000
2025-11-21 04:45:44,mlx5_3,0.000,0.000,0.000,0.000
2025-11-21 04:45:44,mlx5_4,0.000,0.000,0.000,0.000
2025-11-21 04:45:44,mlx5_5,0.000,0.000,0.000,0.000
2025-11-21 04:45:44,mlx5_6,0.000,0.000,0.000,0.000
2025-11-21 04:45:44,mlx5_7,0.000,0.000,444.051,235.050
2025-11-21 04:45:44,mlx5_8,0.000,0.000,0.000,0.000
2025-11-21 04:45:44,mlx5_9,0.000,0.000,0.000,0.000
2025-11-21 04:45:44,TOTAL,0.000,0.000,532.840,313.316
2025-11-21 04:45:45,mlx5_0,6.444,0.004,89.599,78.266
2025-11-21 04:45:45,mlx5_1,0.000,0.000,0.000,0.000
2025-11-21 04:45:45,mlx5_2,0.000,0.000,0.000,0.000
2025-11-21 04:45:45,mlx5_3,0.000,0.000,0.000,0.000
2025-11-21 04:45:45,mlx5_4,0.000,0.000,0.000,0.000
2025-11-21 04:45:45,mlx5_5,0.000,0.000,0.000,0.000
2025-11-21 04:45:45,mlx5_6,0.000,0.000,0.000,0.000
2025-11-21 04:45:45,mlx5_7,29.935,0.015,447.814,235.052
2025-11-21 04:45:45,mlx5_8,0.000,0.000,0.000,0.000
2025-11-21 04:45:45,mlx5_9,0.000,0.000,0.000,0.000
2025-11-21 04:45:45,TOTAL,36.379,0.018,537.413,313.318
2025-11-21 04:45:46,mlx5_0,0.000,0.000,89.599,78.266
2025-11-21 04:45:46,mlx5_1,0.000,0.000,0.000,0.000
2025-11-21 04:45:46,mlx5_2,0.000,0.000,0.000,0.000
2025-11-21 04:45:46,mlx5_3,0.000,0.000,0.000,0.000
2025-11-21 04:45:46,mlx5_4,0.000,0.000,0.000,0.000
2025-11-21 04:45:46,mlx5_5,0.000,0.000,0.000,0.000
2025-11-21 04:45:46,mlx5_6,0.000,0.000,0.000,0.000
2025-11-21 04:45:46,mlx5_7,0.000,0.000,447.814,235.052
2025-11-21 04:45:46,mlx5_8,0.000,0.000,0.000,0.000
2025-11-21 04:45:46,mlx5_9,0.000,0.000,0.000,0.000
2025-11-21 04:45:46,TOTAL,0.000,0.000,537.413,313.318
2025-11-21 04:45:47,mlx5_0,6.731,0.003,90.447,78.266
2025-11-21 04:45:47,mlx5_1,0.000,0.000,0.000,0.000
2025-11-21 04:45:47,mlx5_2,0.000,0.000,0.000,0.000
2025-11-21 04:45:47,mlx5_3,0.000,0.000,0.000,0.000
2025-11-21 04:45:47,mlx5_4,0.000,0.000,0.000,0.000
2025-11-21 04:45:47,mlx5_5,0.000,0.000,0.000,0.000
2025-11-21 04:45:47,mlx5_6,0.000,0.000,0.000,0.000
2025-11-21 04:45:47,mlx5_7,30.385,0.015,451.640,235.054
2025-11-21 04:45:47,mlx5_8,0.000,0.000,0.000,0.000
2025-11-21 04:45:47,mlx5_9,0.000,0.000,0.000,0.000
2025-11-21 04:45:47,TOTAL,37.116,0.018,542.087,313.320
2025-11-21 04:45:48,mlx5_0,1.071,0.001,90.581,78.267
2025-11-21 04:45:48,mlx5_1,0.000,0.000,0.000,0.000
2025-11-21 04:45:48,mlx5_2,0.000,0.000,0.000,0.000
2025-11-21 04:45:48,mlx5_3,0.000,0.000,0.000,0.000
2025-11-21 04:45:48,mlx5_4,0.000,0.000,0.000,0.000
2025-11-21 04:45:48,mlx5_5,0.000,0.000,0.000,0.000
2025-11-21 04:45:48,mlx5_6,0.000,0.000,0.000,0.000
2025-11-21 04:45:48,mlx5_7,12.306,0.006,453.188,235.054
2025-11-21 04:45:48,mlx5_8,0.000,0.000,0.000,0.000
2025-11-21 04:45:48,mlx5_9,0.000,0.000,0.000,0.000
2025-11-21 04:45:48,TOTAL,13.376,0.006,543.769,313.321
2025-11-21 04:45:49,mlx5_0,5.062,0.003,91.219,78.267
2025-11-21 04:45:49,mlx5_1,0.000,0.000,0.000,0.000
2025-11-21 04:45:49,mlx5_2,0.000,0.000,0.000,0.000
2025-11-21 04:45:49,mlx5_3,0.000,0.000,0.000,0.000
2025-11-21 04:45:49,mlx5_4,0.000,0.000,0.000,0.000
2025-11-21 04:45:49,mlx5_5,0.000,0.000,0.000,0.000
2025-11-21 04:45:49,mlx5_6,0.000,0.000,0.000,0.000
2025-11-21 04:45:49,mlx5_7,18.692,0.009,455.542,235.056
2025-11-21 04:45:49,mlx5_8,0.000,0.000,0.000,0.000
2025-11-21 04:45:49,mlx5_9,0.000,0.000,0.000,0.000
2025-11-21 04:45:49,TOTAL,23.753,0.012,546.760,313.322
2025-11-21 04:45:50,mlx5_0,0.000,0.000,91.219,78.267
2025-11-21 04:45:50,mlx5_1,0.000,0.000,0.000,0.000
2025-11-21 04:45:50,mlx5_2,0.000,0.000,0.000,0.000
2025-11-21 04:45:50,mlx5_3,0.000,0.000,0.000,0.000
2025-11-21 04:45:50,mlx5_4,0.000,0.000,0.000,0.000
2025-11-21 04:45:50,mlx5_5,0.000,0.000,0.000,0.000
2025-11-21 04:45:50,mlx5_6,0.000,0.000,0.000,0.000
2025-11-21 04:45:50,mlx5_7,0.000,0.000,455.542,235.056
2025-11-21 04:45:50,mlx5_8,0.000,0.000,0.000,0.000
2025-11-21 04:45:50,mlx5_9,0.000,0.000,0.000,0.000
2025-11-21 04:45:50,TOTAL,0.000,0.000,546.760,313.322
2025-11-21 04:45:51,mlx5_0,7.667,0.003,92.182,78.267
2025-11-21 04:45:51,mlx5_1,0.000,0.000,0.000,0.000
2025-11-21 04:45:51,mlx5_2,0.000,0.000,0.000,0.000
2025-11-21 04:45:51,mlx5_3,0.000,0.000,0.000,0.000
2025-11-21 04:45:51,mlx5_4,0.000,0.000,0.000,0.000
2025-11-21 04:45:51,mlx5_5,0.000,0.000,0.000,0.000
2025-11-21 04:45:51,mlx5_6,0.000,0.000,0.000,0.000
2025-11-21 04:45:51,mlx5_7,29.517,0.015,459.252,235.057
2025-11-21 04:45:51,mlx5_8,0.000,0.000,0.000,0.000
2025-11-21 04:45:51,mlx5_9,0.000,0.000,0.000,0.000
2025-11-21 04:45:51,TOTAL,37.184,0.018,551.434,313.325
2025-11-21 04:45:52,mlx5_0,0.000,0.000,92.182,78.267
2025-11-21 04:45:52,mlx5_1,0.000,0.000,0.000,0.000
2025-11-21 04:45:52,mlx5_2,0.000,0.000,0.000,0.000
2025-11-21 04:45:52,mlx5_3,0.000,0.000,0.000,0.000
2025-11-21 04:45:52,mlx5_4,0.000,0.000,0.000,0.000
2025-11-21 04:45:52,mlx5_5,0.000,0.000,0.000,0.000
2025-11-21 04:45:52,mlx5_6,0.000,0.000,0.000,0.000
2025-11-21 04:45:52,mlx5_7,0.000,0.000,459.252,235.057
2025-11-21 04:45:52,mlx5_8,0.000,0.000,0.000,0.000
2025-11-21 04:45:52,mlx5_9,0.000,0.000,0.000,0.000
2025-11-21 04:45:52,TOTAL,0.000,0.000,551.434,313.325
2025-11-21 04:45:53,mlx5_0,1.609,0.001,92.384,78.267
2025-11-21 04:45:53,mlx5_1,0.000,0.000,0.000,0.000
2025-11-21 04:45:53,mlx5_2,0.000,0.000,0.000,0.000
2025-11-21 04:45:53,mlx5_3,0.000,0.000,0.000,0.000
2025-11-21 04:45:53,mlx5_4,0.000,0.000,0.000,0.000
2025-11-21 04:45:53,mlx5_5,0.000,0.000,0.000,0.000
2025-11-21 04:45:53,mlx5_6,0.000,0.000,0.000,0.000
2025-11-21 04:45:53,mlx5_7,14.729,0.007,461.103,235.058
2025-11-21 04:45:53,mlx5_8,0.000,0.000,0.000,0.000
2025-11-21 04:45:53,mlx5_9,0.000,0.000,0.000,0.000
2025-11-21 04:45:53,TOTAL,16.338,0.008,553.488,313.326
2025-11-21 04:45:54,mlx5_0,5.380,8.841,93.062,79.381
2025-11-21 04:45:54,mlx5_1,0.000,0.000,0.000,0.000
2025-11-21 04:45:54,mlx5_2,0.000,0.000,0.000,0.000
2025-11-21 04:45:54,mlx5_3,0.000,0.000,0.000,0.000
2025-11-21 04:45:54,mlx5_4,0.000,0.000,0.000,0.000
2025-11-21 04:45:54,mlx5_5,0.000,0.000,0.000,0.000
2025-11-21 04:45:54,mlx5_6,0.000,0.000,0.000,0.000
2025-11-21 04:45:54,mlx5_7,15.447,29.733,463.049,238.804
2025-11-21 04:45:54,mlx5_8,0.000,0.000,0.000,0.000
2025-11-21 04:45:54,mlx5_9,0.000,0.000,0.000,0.000
2025-11-21 04:45:54,TOTAL,20.827,38.574,556.112,318.185
2025-11-21 04:45:55,mlx5_0,0.002,2.839,93.063,79.738
2025-11-21 04:45:55,mlx5_1,0.000,0.000,0.000,0.000
2025-11-21 04:45:55,mlx5_2,0.000,0.000,0.000,0.000
2025-11-21 04:45:55,mlx5_3,0.000,0.000,0.000,0.000
2025-11-21 04:45:55,mlx5_4,0.000,0.000,0.000,0.000
2025-11-21 04:45:55,mlx5_5,0.000,0.000,0.000,0.000
2025-11-21 04:45:55,mlx5_6,0.000,0.000,0.000,0.000
2025-11-21 04:45:55,mlx5_7,0.006,6.305,463.050,239.597
2025-11-21 04:45:55,mlx5_8,0.000,0.000,0.000,0.000
2025-11-21 04:45:55,mlx5_9,0.000,0.000,0.000,0.000
2025-11-21 04:45:55,TOTAL,0.008,9.144,556.113,319.335
2025-11-21 04:45:56,mlx5_0,0.000,0.000,93.063,79.738
2025-11-21 04:45:56,mlx5_1,0.000,0.000,0.000,0.000
2025-11-21 04:45:56,mlx5_2,0.000,0.000,0.000,0.000
2025-11-21 04:45:56,mlx5_3,0.000,0.000,0.000,0.000
2025-11-21 04:45:56,mlx5_4,0.000,0.000,0.000,0.000
2025-11-21 04:45:56,mlx5_5,0.000,0.000,0.000,0.000
2025-11-21 04:45:56,mlx5_6,0.000,0.000,0.000,0.000
2025-11-21 04:45:56,mlx5_7,0.000,0.000,463.050,239.597
2025-11-21 04:45:56,mlx5_8,0.000,0.000,0.000,0.000
2025-11-21 04:45:56,mlx5_9,0.000,0.000,0.000,0.000
2025-11-21 04:45:56,TOTAL,0.000,0.000,556.113,319.335
2025-11-21 04:45:57,mlx5_0,7.027,0.004,93.946,79.739
2025-11-21 04:45:57,mlx5_1,0.000,0.000,0.000,0.000
2025-11-21 04:45:57,mlx5_2,0.000,0.000,0.000,0.000
2025-11-21 04:45:57,mlx5_3,0.000,0.000,0.000,0.000
2025-11-21 04:45:57,mlx5_4,0.000,0.000,0.000,0.000
2025-11-21 04:45:57,mlx5_5,0.000,0.000,0.000,0.000
2025-11-21 04:45:57,mlx5_6,0.000,0.000,0.000,0.000
2025-11-21 04:45:57,mlx5_7,28.048,0.014,466.576,239.599
2025-11-21 04:45:57,mlx5_8,0.000,0.000,0.000,0.000
2025-11-21 04:45:57,mlx5_9,0.000,0.000,0.000,0.000
2025-11-21 04:45:57,TOTAL,35.076,0.018,560.521,319.338
2025-11-21 04:45:58,mlx5_0,1.464,0.001,94.133,79.739
2025-11-21 04:45:58,mlx5_1,0.000,0.000,0.000,0.000
2025-11-21 04:45:58,mlx5_2,0.000,0.000,0.000,0.000
2025-11-21 04:45:58,mlx5_3,0.000,0.000,0.000,0.000
2025-11-21 04:45:58,mlx5_4,0.000,0.000,0.000,0.000
2025-11-21 04:45:58,mlx5_5,0.000,0.000,0.000,0.000
2025-11-21 04:45:58,mlx5_6,0.000,0.000,0.000,0.000
2025-11-21 04:45:58,mlx5_7,2.382,0.002,466.880,239.599
2025-11-21 04:45:58,mlx5_8,0.000,0.000,0.000,0.000
2025-11-21 04:45:58,mlx5_9,0.000,0.000,0.000,0.000
2025-11-21 04:45:58,TOTAL,3.847,0.002,561.012,319.338
2025-11-21 04:45:59,mlx5_0,4.175,0.002,94.658,79.739
2025-11-21 04:45:59,mlx5_1,0.000,0.000,0.000,0.000
2025-11-21 04:45:59,mlx5_2,0.000,0.000,0.000,0.000
2025-11-21 04:45:59,mlx5_3,0.000,0.000,0.000,0.000
2025-11-21 04:45:59,mlx5_4,0.000,0.000,0.000,0.000
2025-11-21 04:45:59,mlx5_5,0.000,0.000,0.000,0.000
2025-11-21 04:45:59,mlx5_6,0.000,0.000,0.000,0.000
2025-11-21 04:45:59,mlx5_7,30.424,0.014,470.705,239.601
2025-11-21 04:45:59,mlx5_8,0.000,0.000,0.000,0.000
2025-11-21 04:45:59,mlx5_9,0.000,0.000,0.000,0.000
2025-11-21 04:45:59,TOTAL,34.599,0.016,565.363,319.340
2025-11-21 04:46:00,mlx5_0,0.852,0.001,94.765,79.739
2025-11-21 04:46:00,mlx5_1,0.000,0.000,0.000,0.000
2025-11-21 04:46:00,mlx5_2,0.000,0.000,0.000,0.000
2025-11-21 04:46:00,mlx5_3,0.000,0.000,0.000,0.000
2025-11-21 04:46:00,mlx5_4,0.000,0.000,0.000,0.000
2025-11-21 04:46:00,mlx5_5,0.000,0.000,0.000,0.000
2025-11-21 04:46:00,mlx5_6,0.000,0.000,0.000,0.000
2025-11-21 04:46:00,mlx5_7,1.717,0.001,470.921,239.601
2025-11-21 04:46:00,mlx5_8,0.000,0.000,0.000,0.000
2025-11-21 04:46:00,mlx5_9,0.000,0.000,0.000,0.000
2025-11-21 04:46:00,TOTAL,2.569,0.002,565.686,319.340
2025-11-21 04:46:01,mlx5_0,3.854,0.002,95.249,79.739
2025-11-21 04:46:01,mlx5_1,0.000,0.000,0.000,0.000
2025-11-21 04:46:01,mlx5_2,0.000,0.000,0.000,0.000
2025-11-21 04:46:01,mlx5_3,0.000,0.000,0.000,0.000
2025-11-21 04:46:01,mlx5_4,0.000,0.000,0.000,0.000
2025-11-21 04:46:01,mlx5_5,0.000,0.000,0.000,0.000
2025-11-21 04:46:01,mlx5_6,0.000,0.000,0.000,0.000
2025-11-21 04:46:01,mlx5_7,28.790,0.014,474.540,239.603
2025-11-21 04:46:01,mlx5_8,0.000,0.000,0.000,0.000
2025-11-21 04:46:01,mlx5_9,0.000,0.000,0.000,0.000
2025-11-21 04:46:01,TOTAL,32.644,0.016,569.789,319.342
2025-11-21 04:46:02,mlx5_0,1.454,0.001,95.432,79.740
2025-11-21 04:46:02,mlx5_1,0.000,0.000,0.000,0.000
2025-11-21 04:46:02,mlx5_2,0.000,0.000,0.000,0.000
2025-11-21 04:46:02,mlx5_3,0.000,0.000,0.000,0.000
2025-11-21 04:46:02,mlx5_4,0.000,0.000,0.000,0.000
2025-11-21 04:46:02,mlx5_5,0.000,0.000,0.000,0.000
2025-11-21 04:46:02,mlx5_6,0.000,0.000,0.000,0.000
2025-11-21 04:46:02,mlx5_7,3.075,0.002,474.927,239.603
2025-11-21 04:46:02,mlx5_8,0.000,0.000,0.000,0.000
2025-11-21 04:46:02,mlx5_9,0.000,0.000,0.000,0.000
2025-11-21 04:46:02,TOTAL,4.529,0.003,570.359,319.342
2025-11-21 04:46:03,mlx5_0,0.255,0.000,95.464,79.740
2025-11-21 04:46:03,mlx5_1,0.000,0.000,0.000,0.000
2025-11-21 04:46:03,mlx5_2,0.000,0.000,0.000,0.000
2025-11-21 04:46:03,mlx5_3,0.000,0.000,0.000,0.000
2025-11-21 04:46:03,mlx5_4,0.000,0.000,0.000,0.000
2025-11-21 04:46:03,mlx5_5,0.000,0.000,0.000,0.000
2025-11-21 04:46:03,mlx5_6,0.000,0.000,0.000,0.000
2025-11-21 04:46:03,mlx5_7,1.842,0.001,475.159,239.603
2025-11-21 04:46:03,mlx5_8,0.000,0.000,0.000,0.000
2025-11-21 04:46:03,mlx5_9,0.000,0.000,0.000,0.000
2025-11-21 04:46:03,TOTAL,2.097,0.001,570.623,319.343
2025-11-21 04:46:04,mlx5_0,6.139,0.003,96.238,79.740
2025-11-21 04:46:04,mlx5_1,0.000,0.000,0.000,0.000
2025-11-21 04:46:04,mlx5_2,0.000,0.000,0.000,0.000
2025-11-21 04:46:04,mlx5_3,0.000,0.000,0.000,0.000
2025-11-21 04:46:04,mlx5_4,0.000,0.000,0.000,0.000
2025-11-21 04:46:04,mlx5_5,0.000,0.000,0.000,0.000
2025-11-21 04:46:04,mlx5_6,0.000,0.000,0.000,0.000
2025-11-21 04:46:04,mlx5_7,28.868,0.014,478.795,239.605
2025-11-21 04:46:04,mlx5_8,0.000,0.000,0.000,0.000
2025-11-21 04:46:04,mlx5_9,0.000,0.000,0.000,0.000
2025-11-21 04:46:04,TOTAL,35.007,0.017,575.033,319.345
2025-11-21 04:46:05,mlx5_0,0.000,0.000,96.238,79.740
2025-11-21 04:46:05,mlx5_1,0.000,0.000,0.000,0.000
2025-11-21 04:46:05,mlx5_2,0.000,0.000,0.000,0.000
2025-11-21 04:46:05,mlx5_3,0.000,0.000,0.000,0.000
2025-11-21 04:46:05,mlx5_4,0.000,0.000,0.000,0.000
2025-11-21 04:46:05,mlx5_5,0.000,0.000,0.000,0.000
2025-11-21 04:46:05,mlx5_6,0.000,0.000,0.000,0.000
2025-11-21 04:46:05,mlx5_7,0.000,0.000,478.795,239.605
2025-11-21 04:46:05,mlx5_8,0.000,0.000,0.000,0.000
2025-11-21 04:46:05,mlx5_9,0.000,0.000,0.000,0.000
2025-11-21 04:46:05,TOTAL,0.000,0.000,575.033,319.345
2025-11-21 04:46:06,mlx5_0,5.702,0.003,96.955,79.740
2025-11-21 04:46:06,mlx5_1,0.000,0.000,0.000,0.000
2025-11-21 04:46:06,mlx5_2,0.000,0.000,0.000,0.000
2025-11-21 04:46:06,mlx5_3,0.000,0.000,0.000,0.000
2025-11-21 04:46:06,mlx5_4,0.000,0.000,0.000,0.000
2025-11-21 04:46:06,mlx5_5,0.000,0.000,0.000,0.000
2025-11-21 04:46:06,mlx5_6,0.000,0.000,0.000,0.000
2025-11-21 04:46:06,mlx5_7,30.692,0.015,482.658,239.607
2025-11-21 04:46:06,mlx5_8,0.000,0.000,0.000,0.000
2025-11-21 04:46:06,mlx5_9,0.000,0.000,0.000,0.000
2025-11-21 04:46:06,TOTAL,36.394,0.018,579.613,319.347
2025-11-21 04:46:07,mlx5_0,0.665,0.000,97.039,79.740
2025-11-21 04:46:07,mlx5_1,0.000,0.000,0.000,0.000
2025-11-21 04:46:07,mlx5_2,0.000,0.000,0.000,0.000
2025-11-21 04:46:07,mlx5_3,0.000,0.000,0.000,0.000
2025-11-21 04:46:07,mlx5_4,0.000,0.000,0.000,0.000
2025-11-21 04:46:07,mlx5_5,0.000,0.000,0.000,0.000
2025-11-21 04:46:07,mlx5_6,0.000,0.000,0.000,0.000
2025-11-21 04:46:07,mlx5_7,8.166,0.004,483.685,239.607
2025-11-21 04:46:07,mlx5_8,0.000,0.000,0.000,0.000
2025-11-21 04:46:07,mlx5_9,0.000,0.000,0.000,0.000
2025-11-21 04:46:07,TOTAL,8.831,0.004,580.724,319.347
2025-11-21 04:46:08,mlx5_0,1.570,0.001,97.237,79.740
2025-11-21 04:46:08,mlx5_1,0.000,0.000,0.000,0.000
2025-11-21 04:46:08,mlx5_2,0.000,0.000,0.000,0.000
2025-11-21 04:46:08,mlx5_3,0.000,0.000,0.000,0.000
2025-11-21 04:46:08,mlx5_4,0.000,0.000,0.000,0.000
2025-11-21 04:46:08,mlx5_5,0.000,0.000,0.000,0.000
2025-11-21 04:46:08,mlx5_6,0.000,0.000,0.000,0.000
2025-11-21 04:46:08,mlx5_7,5.802,0.003,484.415,239.608
2025-11-21 04:46:08,mlx5_8,0.000,0.000,0.000,0.000
2025-11-21 04:46:08,mlx5_9,0.000,0.000,0.000,0.000
2025-11-21 04:46:08,TOTAL,7.372,0.004,581.651,319.348
2025-11-21 04:46:09,mlx5_0,0.000,0.000,97.237,79.740
2025-11-21 04:46:09,mlx5_1,0.000,0.000,0.000,0.000
2025-11-21 04:46:09,mlx5_2,0.000,0.000,0.000,0.000
2025-11-21 04:46:09,mlx5_3,0.000,0.000,0.000,0.000
2025-11-21 04:46:09,mlx5_4,0.000,0.000,0.000,0.000
2025-11-21 04:46:09,mlx5_5,0.000,0.000,0.000,0.000
2025-11-21 04:46:09,mlx5_6,0.000,0.000,0.000,0.000
2025-11-21 04:46:09,mlx5_7,0.000,0.000,484.415,239.608
2025-11-21 04:46:09,mlx5_8,0.000,0.000,0.000,0.000
2025-11-21 04:46:09,mlx5_9,0.000,0.000,0.000,0.000
2025-11-21 04:46:09,TOTAL,0.000,0.000,581.651,319.348
2025-11-21 04:46:10,mlx5_0,0.000,0.000,97.237,79.740
2025-11-21 04:46:10,mlx5_1,0.000,0.000,0.000,0.000
2025-11-21 04:46:10,mlx5_2,0.000,0.000,0.000,0.000
2025-11-21 04:46:10,mlx5_3,0.000,0.000,0.000,0.000
2025-11-21 04:46:10,mlx5_4,0.000,0.000,0.000,0.000
2025-11-21 04:46:10,mlx5_5,0.000,0.000,0.000,0.000
2025-11-21 04:46:10,mlx5_6,0.000,0.000,0.000,0.000
2025-11-21 04:46:10,mlx5_7,0.000,0.000,484.415,239.608
2025-11-21 04:46:10,mlx5_8,0.000,0.000,0.000,0.000
2025-11-21 04:46:10,mlx5_9,0.000,0.000,0.000,0.000
2025-11-21 04:46:10,TOTAL,0.000,0.000,581.651,319.348
2025-11-21 04:46:11,mlx5_0,0.000,0.000,97.237,79.740
2025-11-21 04:46:11,mlx5_1,0.000,0.000,0.000,0.000
2025-11-21 04:46:11,mlx5_2,0.000,0.000,0.000,0.000
2025-11-21 04:46:11,mlx5_3,0.000,0.000,0.000,0.000
2025-11-21 04:46:11,mlx5_4,0.000,0.000,0.000,0.000
2025-11-21 04:46:11,mlx5_5,0.000,0.000,0.000,0.000
2025-11-21 04:46:11,mlx5_6,0.000,0.000,0.000,0.000
2025-11-21 04:46:11,mlx5_7,0.000,0.000,484.415,239.608
2025-11-21 04:46:11,mlx5_8,0.000,0.000,0.000,0.000
2025-11-21 04:46:11,mlx5_9,0.000,0.000,0.000,0.000
2025-11-21 04:46:11,TOTAL,0.000,0.000,581.651,319.348
2025-11-21 04:46:12,mlx5_0,0.000,0.000,97.237,79.740
2025-11-21 04:46:12,mlx5_1,0.000,0.000,0.000,0.000
2025-11-21 04:46:12,mlx5_2,0.000,0.000,0.000,0.000
2025-11-21 04:46:12,mlx5_3,0.000,0.000,0.000,0.000
2025-11-21 04:46:12,mlx5_4,0.000,0.000,0.000,0.000
2025-11-21 04:46:12,mlx5_5,0.000,0.000,0.000,0.000
2025-11-21 04:46:12,mlx5_6,0.000,0.000,0.000,0.000
2025-11-21 04:46:12,mlx5_7,0.000,0.000,484.415,239.608
2025-11-21 04:46:12,mlx5_8,0.000,0.000,0.000,0.000
2025-11-21 04:46:12,mlx5_9,0.000,0.000,0.000,0.000
2025-11-21 04:46:12,TOTAL,0.000,0.000,581.651,319.348
2025-11-21 04:46:13,mlx5_0,0.000,0.000,97.237,79.740
2025-11-21 04:46:13,mlx5_1,0.000,0.000,0.000,0.000
2025-11-21 04:46:13,mlx5_2,0.000,0.000,0.000,0.000
2025-11-21 04:46:13,mlx5_3,0.000,0.000,0.000,0.000
2025-11-21 04:46:13,mlx5_4,0.000,0.000,0.000,0.000
2025-11-21 04:46:13,mlx5_5,0.000,0.000,0.000,0.000
2025-11-21 04:46:13,mlx5_6,0.000,0.000,0.000,0.000
2025-11-21 04:46:13,mlx5_7,0.000,0.000,484.415,239.608
2025-11-21 04:46:13,mlx5_8,0.000,0.000,0.000,0.000
2025-11-21 04:46:13,mlx5_9,0.000,0.000,0.000,0.000
2025-11-21 04:46:13,TOTAL,0.000,0.000,581.651,319.348
2025-11-21 04:46:14,mlx5_0,0.000,0.000,97.237,79.740
2025-11-21 04:46:14,mlx5_1,0.000,0.000,0.000,0.000
2025-11-21 04:46:14,mlx5_2,0.000,0.000,0.000,0.000
2025-11-21 04:46:14,mlx5_3,0.000,0.000,0.000,0.000
2025-11-21 04:46:14,mlx5_4,0.000,0.000,0.000,0.000
2025-11-21 04:46:14,mlx5_5,0.000,0.000,0.000,0.000
2025-11-21 04:46:14,mlx5_6,0.000,0.000,0.000,0.000
2025-11-21 04:46:14,mlx5_7,0.000,0.000,484.415,239.608
2025-11-21 04:46:14,mlx5_8,0.000,0.000,0.000,0.000
2025-11-21 04:46:14,mlx5_9,0.000,0.000,0.000,0.000
2025-11-21 04:46:14,TOTAL,0.000,0.000,581.651,319.348
2025-11-21 04:46:15,mlx5_0,0.000,0.000,97.237,79.740
2025-11-21 04:46:15,mlx5_1,0.000,0.000,0.000,0.000
2025-11-21 04:46:15,mlx5_2,0.000,0.000,0.000,0.000
2025-11-21 04:46:15,mlx5_3,0.000,0.000,0.000,0.000
2025-11-21 04:46:15,mlx5_4,0.000,0.000,0.000,0.000
2025-11-21 04:46:15,mlx5_5,0.000,0.000,0.000,0.000
2025-11-21 04:46:15,mlx5_6,0.000,0.000,0.000,0.000
2025-11-21 04:46:15,mlx5_7,0.000,0.000,484.415,239.608
2025-11-21 04:46:15,mlx5_8,0.000,0.000,0.000,0.000
2025-11-21 04:46:15,mlx5_9,0.000,0.000,0.000,0.000
2025-11-21 04:46:15,TOTAL,0.000,0.000,581.651,319.348
2025-11-21 04:46:16,mlx5_0,0.000,0.000,97.237,79.740
2025-11-21 04:46:16,mlx5_1,0.000,0.000,0.000,0.000
2025-11-21 04:46:16,mlx5_2,0.000,0.000,0.000,0.000
2025-11-21 04:46:16,mlx5_3,0.000,0.000,0.000,0.000
2025-11-21 04:46:16,mlx5_4,0.000,0.000,0.000,0.000
2025-11-21 04:46:16,mlx5_5,0.000,0.000,0.000,0.000
2025-11-21 04:46:16,mlx5_6,0.000,0.000,0.000,0.000
2025-11-21 04:46:16,mlx5_7,0.000,0.000,484.415,239.608
2025-11-21 04:46:16,mlx5_8,0.000,0.000,0.000,0.000
2025-11-21 04:46:16,mlx5_9,0.000,0.000,0.000,0.000
2025-11-21 04:46:16,TOTAL,0.000,0.000,581.651,319.348
2025-11-21 04:46:17,mlx5_0,0.000,0.000,97.237,79.740
2025-11-21 04:46:17,mlx5_1,0.000,0.000,0.000,0.000
2025-11-21 04:46:17,mlx5_2,0.000,0.000,0.000,0.000
2025-11-21 04:46:17,mlx5_3,0.000,0.000,0.000,0.000
2025-11-21 04:46:17,mlx5_4,0.000,0.000,0.000,0.000
2025-11-21 04:46:17,mlx5_5,0.000,0.000,0.000,0.000
2025-11-21 04:46:17,mlx5_6,0.000,0.000,0.000,0.000
2025-11-21 04:46:17,mlx5_7,0.000,0.000,484.415,239.608
2025-11-21 04:46:17,mlx5_8,0.000,0.000,0.000,0.000
2025-11-21 04:46:17,mlx5_9,0.000,0.000,0.000,0.000
2025-11-21 04:46:17,TOTAL,0.000,0.000,581.651,319.348
2025-11-21 04:46:18,mlx5_0,0.000,0.000,97.237,79.740
2025-11-21 04:46:18,mlx5_1,0.000,0.000,0.000,0.000
2025-11-21 04:46:18,mlx5_2,0.000,0.000,0.000,0.000
2025-11-21 04:46:18,mlx5_3,0.000,0.000,0.000,0.000
2025-11-21 04:46:18,mlx5_4,0.000,0.000,0.000,0.000
2025-11-21 04:46:18,mlx5_5,0.000,0.000,0.000,0.000
2025-11-21 04:46:18,mlx5_6,0.000,0.000,0.000,0.000
2025-11-21 04:46:18,mlx5_7,0.000,0.000,484.415,239.608
2025-11-21 04:46:18,mlx5_8,0.000,0.000,0.000,0.000
2025-11-21 04:46:18,mlx5_9,0.000,0.000,0.000,0.000
2025-11-21 04:46:18,TOTAL,0.000,0.000,581.651,319.348
2025-11-21 04:46:19,mlx5_0,0.000,0.000,97.237,79.740
2025-11-21 04:46:19,mlx5_1,0.000,0.000,0.000,0.000
2025-11-21 04:46:19,mlx5_2,0.000,0.000,0.000,0.000
2025-11-21 04:46:19,mlx5_3,0.000,0.000,0.000,0.000
2025-11-21 04:46:19,mlx5_4,0.000,0.000,0.000,0.000
2025-11-21 04:46:19,mlx5_5,0.000,0.000,0.000,0.000
2025-11-21 04:46:19,mlx5_6,0.000,0.000,0.000,0.000
2025-11-21 04:46:19,mlx5_7,0.000,0.000,484.415,239.608
2025-11-21 04:46:19,mlx5_8,0.000,0.000,0.000,0.000
2025-11-21 04:46:19,mlx5_9,0.000,0.000,0.000,0.000
2025-11-21 04:46:19,TOTAL,0.000,0.000,581.651,319.348
2025-11-21 04:46:20,mlx5_0,0.000,0.000,97.237,79.740
2025-11-21 04:46:20,mlx5_1,0.000,0.000,0.000,0.000
2025-11-21 04:46:20,mlx5_2,0.000,0.000,0.000,0.000
2025-11-21 04:46:20,mlx5_3,0.000,0.000,0.000,0.000
2025-11-21 04:46:20,mlx5_4,0.000,0.000,0.000,0.000
2025-11-21 04:46:20,mlx5_5,0.000,0.000,0.000,0.000
2025-11-21 04:46:20,mlx5_6,0.000,0.000,0.000,0.000
2025-11-21 04:46:20,mlx5_7,0.000,0.000,484.415,239.608
2025-11-21 04:46:20,mlx5_8,0.000,0.000,0.000,0.000
2025-11-21 04:46:20,mlx5_9,0.000,0.000,0.000,0.000
2025-11-21 04:46:20,TOTAL,0.000,0.000,581.651,319.348
2025-11-21 04:46:21,mlx5_0,0.000,0.000,97.237,79.740
2025-11-21 04:46:21,mlx5_1,0.000,0.000,0.000,0.000
2025-11-21 04:46:21,mlx5_2,0.000,0.000,0.000,0.000
2025-11-21 04:46:21,mlx5_3,0.000,0.000,0.000,0.000
2025-11-21 04:46:21,mlx5_4,0.000,0.000,0.000,0.000
2025-11-21 04:46:21,mlx5_5,0.000,0.000,0.000,0.000
2025-11-21 04:46:21,mlx5_6,0.000,0.000,0.000,0.000
2025-11-21 04:46:21,mlx5_7,0.000,0.000,484.415,239.608
2025-11-21 04:46:21,mlx5_8,0.000,0.000,0.000,0.000
2025-11-21 04:46:21,mlx5_9,0.000,0.000,0.000,0.000
2025-11-21 04:46:21,TOTAL,0.000,0.000,581.651,319.348
2025-11-21 04:46:22,mlx5_0,0.000,0.000,97.237,79.740
2025-11-21 04:46:22,mlx5_1,0.000,0.000,0.000,0.000
2025-11-21 04:46:22,mlx5_2,0.000,0.000,0.000,0.000
2025-11-21 04:46:22,mlx5_3,0.000,0.000,0.000,0.000
2025-11-21 04:46:22,mlx5_4,0.000,0.000,0.000,0.000
2025-11-21 04:46:22,mlx5_5,0.000,0.000,0.000,0.000
2025-11-21 04:46:22,mlx5_6,0.000,0.000,0.000,0.000
2025-11-21 04:46:22,mlx5_7,0.000,0.000,484.415,239.608
2025-11-21 04:46:22,mlx5_8,0.000,0.000,0.000,0.000
2025-11-21 04:46:22,mlx5_9,0.000,0.000,0.000,0.000
2025-11-21 04:46:22,TOTAL,0.000,0.000,581.651,319.348
2025-11-21 04:46:23,mlx5_0,0.000,0.000,97.237,79.740
2025-11-21 04:46:23,mlx5_1,0.000,0.000,0.000,0.000
2025-11-21 04:46:23,mlx5_2,0.000,0.000,0.000,0.000
2025-11-21 04:46:23,mlx5_3,0.000,0.000,0.000,0.000
2025-11-21 04:46:23,mlx5_4,0.000,0.000,0.000,0.000
2025-11-21 04:46:23,mlx5_5,0.000,0.000,0.000,0.000
2025-11-21 04:46:23,mlx5_6,0.000,0.000,0.000,0.000
2025-11-21 04:46:23,mlx5_7,0.000,0.000,484.415,239.608
2025-11-21 04:46:23,mlx5_8,0.000,0.000,0.000,0.000
2025-11-21 04:46:23,mlx5_9,0.000,0.000,0.000,0.000
2025-11-21 04:46:23,TOTAL,0.000,0.000,581.651,319.348
2025-11-21 04:46:24,mlx5_0,0.002,1.991,97.237,79.991
2025-11-21 04:46:24,mlx5_1,0.000,0.000,0.000,0.000
2025-11-21 04:46:24,mlx5_2,0.000,0.000,0.000,0.000
2025-11-21 04:46:24,mlx5_3,0.000,0.000,0.000,0.000
2025-11-21 04:46:24,mlx5_4,0.000,0.000,0.000,0.000
2025-11-21 04:46:24,mlx5_5,0.000,0.000,0.000,0.000
2025-11-21 04:46:24,mlx5_6,0.000,0.000,0.000,0.000
2025-11-21 04:46:24,mlx5_7,0.010,10.239,484.416,240.894
2025-11-21 04:46:24,mlx5_8,0.000,0.000,0.000,0.000
2025-11-21 04:46:24,mlx5_9,0.000,0.000,0.000,0.000
2025-11-21 04:46:24,TOTAL,0.012,12.230,581.653,320.884
2025-11-21 04:46:25,mlx5_0,0.003,4.560,97.237,80.564
2025-11-21 04:46:25,mlx5_1,0.000,0.000,0.000,0.000
2025-11-21 04:46:25,mlx5_2,0.000,0.000,0.000,0.000
2025-11-21 04:46:25,mlx5_3,0.000,0.000,0.000,0.000
2025-11-21 04:46:25,mlx5_4,0.000,0.000,0.000,0.000
2025-11-21 04:46:25,mlx5_5,0.000,0.000,0.000,0.000
2025-11-21 04:46:25,mlx5_6,0.000,0.000,0.000,0.000
2025-11-21 04:46:25,mlx5_7,0.015,16.922,484.418,243.023
2025-11-21 04:46:25,mlx5_8,0.000,0.000,0.000,0.000
2025-11-21 04:46:25,mlx5_9,0.000,0.000,0.000,0.000
2025-11-21 04:46:25,TOTAL,0.018,21.483,581.655,323.587
2025-11-21 04:46:26,mlx5_0,0.001,0.874,97.237,80.674
2025-11-21 04:46:26,mlx5_1,0.000,0.000,0.000,0.000
2025-11-21 04:46:26,mlx5_2,0.000,0.000,0.000,0.000
2025-11-21 04:46:26,mlx5_3,0.000,0.000,0.000,0.000
2025-11-21 04:46:26,mlx5_4,0.000,0.000,0.000,0.000
2025-11-21 04:46:26,mlx5_5,0.000,0.000,0.000,0.000
2025-11-21 04:46:26,mlx5_6,0.000,0.000,0.000,0.000
2025-11-21 04:46:26,mlx5_7,0.000,0.343,484.418,243.066
2025-11-21 04:46:26,mlx5_8,0.000,0.000,0.000,0.000
2025-11-21 04:46:26,mlx5_9,0.000,0.000,0.000,0.000
2025-11-21 04:46:26,TOTAL,0.001,1.218,581.655,323.740
2025-11-21 04:46:27,mlx5_0,0.002,1.989,97.237,80.924
2025-11-21 04:46:27,mlx5_1,0.000,0.000,0.000,0.000
2025-11-21 04:46:27,mlx5_2,0.000,0.000,0.000,0.000
2025-11-21 04:46:27,mlx5_3,0.000,0.000,0.000,0.000
2025-11-21 04:46:27,mlx5_4,0.000,0.000,0.000,0.000
2025-11-21 04:46:27,mlx5_5,0.000,0.000,0.000,0.000
2025-11-21 04:46:27,mlx5_6,0.000,0.000,0.000,0.000
2025-11-21 04:46:27,mlx5_7,0.007,7.040,484.419,243.951
2025-11-21 04:46:27,mlx5_8,0.000,0.000,0.000,0.000
2025-11-21 04:46:27,mlx5_9,0.000,0.000,0.000,0.000
2025-11-21 04:46:27,TOTAL,0.008,9.029,581.656,324.875
2025-11-21 04:46:28,mlx5_0,0.005,7.536,97.238,81.872
2025-11-21 04:46:28,mlx5_1,0.000,0.000,0.000,0.000
2025-11-21 04:46:28,mlx5_2,0.000,0.000,0.000,0.000
2025-11-21 04:46:28,mlx5_3,0.000,0.000,0.000,0.000
2025-11-21 04:46:28,mlx5_4,0.000,0.000,0.000,0.000
2025-11-21 04:46:28,mlx5_5,0.000,0.000,0.000,0.000
2025-11-21 04:46:28,mlx5_6,0.000,0.000,0.000,0.000
2025-11-21 04:46:28,mlx5_7,0.023,24.888,484.422,247.079
2025-11-21 04:46:28,mlx5_8,0.000,0.000,0.000,0.000
2025-11-21 04:46:28,mlx5_9,0.000,0.000,0.000,0.000
2025-11-21 04:46:28,TOTAL,0.028,32.424,581.660,328.951
2025-11-21 04:46:29,mlx5_0,0.016,25.750,97.240,85.105
2025-11-21 04:46:29,mlx5_1,0.000,0.000,0.000,0.000
2025-11-21 04:46:29,mlx5_2,0.000,0.000,0.000,0.000
2025-11-21 04:46:29,mlx5_3,0.000,0.000,0.000,0.000
2025-11-21 04:46:29,mlx5_4,0.000,0.000,0.000,0.000
2025-11-21 04:46:29,mlx5_5,0.000,0.000,0.000,0.000
2025-11-21 04:46:29,mlx5_6,0.000,0.000,0.000,0.000
2025-11-21 04:46:29,mlx5_7,0.066,70.909,484.430,255.982
2025-11-21 04:46:29,mlx5_8,0.000,0.000,0.000,0.000
2025-11-21 04:46:29,mlx5_9,0.000,0.000,0.000,0.000
2025-11-21 04:46:29,TOTAL,0.083,96.659,581.670,341.087
2025-11-21 04:46:30,mlx5_0,0.014,21.272,97.242,87.780
2025-11-21 04:46:30,mlx5_1,0.000,0.000,0.000,0.000
2025-11-21 04:46:30,mlx5_2,0.000,0.000,0.000,0.000
2025-11-21 04:46:30,mlx5_3,0.000,0.000,0.000,0.000
2025-11-21 04:46:30,mlx5_4,0.000,0.000,0.000,0.000
2025-11-21 04:46:30,mlx5_5,0.000,0.000,0.000,0.000
2025-11-21 04:46:30,mlx5_6,0.000,0.000,0.000,0.000
2025-11-21 04:46:30,mlx5_7,0.052,56.245,484.436,263.057
2025-11-21 04:46:30,mlx5_8,0.000,0.000,0.000,0.000
2025-11-21 04:46:30,mlx5_9,0.000,0.000,0.000,0.000
2025-11-21 04:46:30,TOTAL,0.066,77.517,581.678,350.837
2025-11-21 04:46:31,mlx5_0,0.014,21.434,97.244,90.475
2025-11-21 04:46:31,mlx5_1,0.000,0.000,0.000,0.000
2025-11-21 04:46:31,mlx5_2,0.000,0.000,0.000,0.000
2025-11-21 04:46:31,mlx5_3,0.000,0.000,0.000,0.000
2025-11-21 04:46:31,mlx5_4,0.000,0.000,0.000,0.000
2025-11-21 04:46:31,mlx5_5,0.000,0.000,0.000,0.000
2025-11-21 04:46:31,mlx5_6,0.000,0.000,0.000,0.000
2025-11-21 04:46:31,mlx5_7,0.054,57.986,484.443,270.347
2025-11-21 04:46:31,mlx5_8,0.000,0.000,0.000,0.000
2025-11-21 04:46:31,mlx5_9,0.000,0.000,0.000,0.000
2025-11-21 04:46:31,TOTAL,0.068,79.420,581.687,360.822
2025-11-21 04:46:32,mlx5_0,0.015,22.892,97.245,93.353
2025-11-21 04:46:32,mlx5_1,0.000,0.000,0.000,0.000
2025-11-21 04:46:32,mlx5_2,0.000,0.000,0.000,0.000
2025-11-21 04:46:32,mlx5_3,0.000,0.000,0.000,0.000
2025-11-21 04:46:32,mlx5_4,0.000,0.000,0.000,0.000
2025-11-21 04:46:32,mlx5_5,0.000,0.000,0.000,0.000
2025-11-21 04:46:32,mlx5_6,0.000,0.000,0.000,0.000
2025-11-21 04:46:32,mlx5_7,0.064,68.097,484.451,278.909
2025-11-21 04:46:32,mlx5_8,0.000,0.000,0.000,0.000
2025-11-21 04:46:32,mlx5_9,0.000,0.000,0.000,0.000
2025-11-21 04:46:32,TOTAL,0.078,90.989,581.697,372.262
2025-11-21 04:46:33,mlx5_0,0.015,23.453,97.247,96.301
2025-11-21 04:46:33,mlx5_1,0.000,0.000,0.000,0.000
2025-11-21 04:46:33,mlx5_2,0.000,0.000,0.000,0.000
2025-11-21 04:46:33,mlx5_3,0.000,0.000,0.000,0.000
2025-11-21 04:46:33,mlx5_4,0.000,0.000,0.000,0.000
2025-11-21 04:46:33,mlx5_5,0.000,0.000,0.000,0.000
2025-11-21 04:46:33,mlx5_6,0.000,0.000,0.000,0.000
2025-11-21 04:46:33,mlx5_7,0.055,59.459,484.458,286.383
2025-11-21 04:46:33,mlx5_8,0.000,0.000,0.000,0.000
2025-11-21 04:46:33,mlx5_9,0.000,0.000,0.000,0.000
2025-11-21 04:46:33,TOTAL,0.070,82.912,581.705,382.685
2025-11-21 04:46:34,mlx5_0,0.015,23.570,97.249,99.266
2025-11-21 04:46:34,mlx5_1,0.000,0.000,0.000,0.000
2025-11-21 04:46:34,mlx5_2,0.000,0.000,0.000,0.000
2025-11-21 04:46:34,mlx5_3,0.000,0.000,0.000,0.000
2025-11-21 04:46:34,mlx5_4,0.000,0.000,0.000,0.000
2025-11-21 04:46:34,mlx5_5,0.000,0.000,0.000,0.000
2025-11-21 04:46:34,mlx5_6,0.000,0.000,0.000,0.000
2025-11-21 04:46:34,mlx5_7,0.072,78.069,484.467,296.202
2025-11-21 04:46:34,mlx5_8,0.000,0.000,0.000,0.000
2025-11-21 04:46:34,mlx5_9,0.000,0.000,0.000,0.000
2025-11-21 04:46:34,TOTAL,0.088,101.639,581.716,395.468
2025-11-21 04:46:35,mlx5_0,0.016,27.540,97.251,102.732
2025-11-21 04:46:35,mlx5_1,0.000,0.000,0.000,0.000
2025-11-21 04:46:35,mlx5_2,0.000,0.000,0.000,0.000
2025-11-21 04:46:35,mlx5_3,0.000,0.000,0.000,0.000
2025-11-21 04:46:35,mlx5_4,0.000,0.000,0.000,0.000
2025-11-21 04:46:35,mlx5_5,0.000,0.000,0.000,0.000
2025-11-21 04:46:35,mlx5_6,0.000,0.000,0.000,0.000
2025-11-21 04:46:35,mlx5_7,0.057,62.548,484.474,304.073
2025-11-21 04:46:35,mlx5_8,0.000,0.000,0.000,0.000
2025-11-21 04:46:35,mlx5_9,0.000,0.000,0.000,0.000
2025-11-21 04:46:35,TOTAL,0.073,90.088,581.726,406.804
2025-11-21 04:46:36,mlx5_0,0.019,29.272,97.254,106.414
2025-11-21 04:46:36,mlx5_1,0.000,0.000,0.000,0.000
2025-11-21 04:46:36,mlx5_2,0.000,0.000,0.000,0.000
2025-11-21 04:46:36,mlx5_3,0.000,0.000,0.000,0.000
2025-11-21 04:46:36,mlx5_4,0.000,0.000,0.000,0.000
2025-11-21 04:46:36,mlx5_5,0.000,0.000,0.000,0.000
2025-11-21 04:46:36,mlx5_6,0.000,0.000,0.000,0.000
2025-11-21 04:46:36,mlx5_7,0.087,94.818,484.485,316.002
2025-11-21 04:46:36,mlx5_8,0.000,0.000,0.000,0.000
2025-11-21 04:46:36,mlx5_9,0.000,0.000,0.000,0.000
2025-11-21 04:46:36,TOTAL,0.106,124.090,581.739,422.416
2025-11-21 04:46:37,mlx5_0,0.015,23.582,97.256,109.378
2025-11-21 04:46:37,mlx5_1,0.000,0.000,0.000,0.000
2025-11-21 04:46:37,mlx5_2,0.000,0.000,0.000,0.000
2025-11-21 04:46:37,mlx5_3,0.000,0.000,0.000,0.000
2025-11-21 04:46:37,mlx5_4,0.000,0.000,0.000,0.000
2025-11-21 04:46:37,mlx5_5,0.000,0.000,0.000,0.000
2025-11-21 04:46:37,mlx5_6,0.000,0.000,0.000,0.000
2025-11-21 04:46:37,mlx5_7,0.065,71.606,484.494,325.001
2025-11-21 04:46:37,mlx5_8,0.000,0.000,0.000,0.000
2025-11-21 04:46:37,mlx5_9,0.000,0.000,0.000,0.000
2025-11-21 04:46:37,TOTAL,0.081,95.188,581.749,434.379
2025-11-21 04:46:38,mlx5_0,0.017,27.352,97.258,112.818
2025-11-21 04:46:38,mlx5_1,0.000,0.000,0.000,0.000
2025-11-21 04:46:38,mlx5_2,0.000,0.000,0.000,0.000
2025-11-21 04:46:38,mlx5_3,0.000,0.000,0.000,0.000
2025-11-21 04:46:38,mlx5_4,0.000,0.000,0.000,0.000
2025-11-21 04:46:38,mlx5_5,0.000,0.000,0.000,0.000
2025-11-21 04:46:38,mlx5_6,0.000,0.000,0.000,0.000
2025-11-21 04:46:38,mlx5_7,0.071,77.603,484.502,334.762
2025-11-21 04:46:38,mlx5_8,0.000,0.000,0.000,0.000
2025-11-21 04:46:38,mlx5_9,0.000,0.000,0.000,0.000
2025-11-21 04:46:38,TOTAL,0.088,104.955,581.760,447.581
2025-11-21 04:46:39,mlx5_0,0.017,26.535,97.260,116.155
2025-11-21 04:46:39,mlx5_1,0.000,0.000,0.000,0.000
2025-11-21 04:46:39,mlx5_2,0.000,0.000,0.000,0.000
2025-11-21 04:46:39,mlx5_3,0.000,0.000,0.000,0.000
2025-11-21 04:46:39,mlx5_4,0.000,0.000,0.000,0.000
2025-11-21 04:46:39,mlx5_5,0.000,0.000,0.000,0.000
2025-11-21 04:46:39,mlx5_6,0.000,0.000,0.000,0.000
2025-11-21 04:46:39,mlx5_7,0.062,67.885,484.510,343.298
2025-11-21 04:46:39,mlx5_8,0.000,0.000,0.000,0.000
2025-11-21 04:46:39,mlx5_9,0.000,0.000,0.000,0.000
2025-11-21 04:46:39,TOTAL,0.079,94.420,581.770,459.452
2025-11-21 04:46:40,mlx5_0,0.017,27.719,97.262,119.641
2025-11-21 04:46:40,mlx5_1,0.000,0.000,0.000,0.000
2025-11-21 04:46:40,mlx5_2,0.000,0.000,0.000,0.000
2025-11-21 04:46:40,mlx5_3,0.000,0.000,0.000,0.000
2025-11-21 04:46:40,mlx5_4,0.000,0.000,0.000,0.000
2025-11-21 04:46:40,mlx5_5,0.000,0.000,0.000,0.000
2025-11-21 04:46:40,mlx5_6,0.000,0.000,0.000,0.000
2025-11-21 04:46:40,mlx5_7,0.062,68.714,484.518,351.940
2025-11-21 04:46:40,mlx5_8,0.000,0.000,0.000,0.000
2025-11-21 04:46:40,mlx5_9,0.000,0.000,0.000,0.000
2025-11-21 04:46:40,TOTAL,0.079,96.432,581.780,471.581
2025-11-21 04:46:41,mlx5_0,0.017,28.594,97.264,123.242
2025-11-21 04:46:41,mlx5_1,0.000,0.000,0.000,0.000
2025-11-21 04:46:41,mlx5_2,0.000,0.000,0.000,0.000
2025-11-21 04:46:41,mlx5_3,0.000,0.000,0.000,0.000
2025-11-21 04:46:41,mlx5_4,0.000,0.000,0.000,0.000
2025-11-21 04:46:41,mlx5_5,0.000,0.000,0.000,0.000
2025-11-21 04:46:41,mlx5_6,0.000,0.000,0.000,0.000
2025-11-21 04:46:41,mlx5_7,0.073,79.642,484.527,361.970
2025-11-21 04:46:41,mlx5_8,0.000,0.000,0.000,0.000
2025-11-21 04:46:41,mlx5_9,0.000,0.000,0.000,0.000
2025-11-21 04:46:41,TOTAL,0.090,108.235,581.791,485.211
2025-11-21 04:46:42,mlx5_0,0.017,28.698,97.266,126.850
2025-11-21 04:46:42,mlx5_1,0.000,0.000,0.000,0.000
2025-11-21 04:46:42,mlx5_2,0.000,0.000,0.000,0.000
2025-11-21 04:46:42,mlx5_3,0.000,0.000,0.000,0.000
2025-11-21 04:46:42,mlx5_4,0.000,0.000,0.000,0.000
2025-11-21 04:46:42,mlx5_5,0.000,0.000,0.000,0.000
2025-11-21 04:46:42,mlx5_6,0.000,0.000,0.000,0.000
2025-11-21 04:46:42,mlx5_7,0.067,73.134,484.536,371.164
2025-11-21 04:46:42,mlx5_8,0.000,0.000,0.000,0.000
2025-11-21 04:46:42,mlx5_9,0.000,0.000,0.000,0.000
2025-11-21 04:46:42,TOTAL,0.084,101.831,581.802,498.014
2025-11-21 04:46:43,mlx5_0,0.016,26.224,97.268,130.147
2025-11-21 04:46:43,mlx5_1,0.000,0.000,0.000,0.000
2025-11-21 04:46:43,mlx5_2,0.000,0.000,0.000,0.000
2025-11-21 04:46:43,mlx5_3,0.000,0.000,0.000,0.000
2025-11-21 04:46:43,mlx5_4,0.000,0.000,0.000,0.000
2025-11-21 04:46:43,mlx5_5,0.000,0.000,0.000,0.000
2025-11-21 04:46:43,mlx5_6,0.000,0.000,0.000,0.000
2025-11-21 04:46:43,mlx5_7,0.059,65.131,484.543,379.352
2025-11-21 04:46:43,mlx5_8,0.000,0.000,0.000,0.000
2025-11-21 04:46:43,mlx5_9,0.000,0.000,0.000,0.000
2025-11-21 04:46:43,TOTAL,0.076,91.355,581.811,509.499
2025-11-21 04:46:44,mlx5_0,0.019,32.362,97.271,134.218
2025-11-21 04:46:44,mlx5_1,0.000,0.000,0.000,0.000
2025-11-21 04:46:44,mlx5_2,0.000,0.000,0.000,0.000
2025-11-21 04:46:44,mlx5_3,0.000,0.000,0.000,0.000
2025-11-21 04:46:44,mlx5_4,0.000,0.000,0.000,0.000
2025-11-21 04:46:44,mlx5_5,0.000,0.000,0.000,0.000
2025-11-21 04:46:44,mlx5_6,0.000,0.000,0.000,0.000
2025-11-21 04:46:44,mlx5_7,0.083,90.982,484.554,390.797
2025-11-21 04:46:44,mlx5_8,0.000,0.000,0.000,0.000
2025-11-21 04:46:44,mlx5_9,0.000,0.000,0.000,0.000
2025-11-21 04:46:44,TOTAL,0.102,123.344,581.824,525.015
2025-11-21 04:46:45,mlx5_0,0.016,26.402,97.273,137.540
2025-11-21 04:46:45,mlx5_1,0.000,0.000,0.000,0.000
2025-11-21 04:46:45,mlx5_2,0.000,0.000,0.000,0.000
2025-11-21 04:46:45,mlx5_3,0.000,0.000,0.000,0.000
2025-11-21 04:46:45,mlx5_4,0.000,0.000,0.000,0.000
2025-11-21 04:46:45,mlx5_5,0.000,0.000,0.000,0.000
2025-11-21 04:46:45,mlx5_6,0.000,0.000,0.000,0.000
2025-11-21 04:46:45,mlx5_7,0.064,70.224,484.562,399.635
2025-11-21 04:46:45,mlx5_8,0.000,0.000,0.000,0.000
2025-11-21 04:46:45,mlx5_9,0.000,0.000,0.000,0.000
2025-11-21 04:46:45,TOTAL,0.080,96.626,581.834,537.175
2025-11-21 04:46:46,mlx5_0,0.015,24.860,97.275,140.666
2025-11-21 04:46:46,mlx5_1,0.000,0.000,0.000,0.000
2025-11-21 04:46:46,mlx5_2,0.000,0.000,0.000,0.000
2025-11-21 04:46:46,mlx5_3,0.000,0.000,0.000,0.000
2025-11-21 04:46:46,mlx5_4,0.000,0.000,0.000,0.000
2025-11-21 04:46:46,mlx5_5,0.000,0.000,0.000,0.000
2025-11-21 04:46:46,mlx5_6,0.000,0.000,0.000,0.000
2025-11-21 04:46:46,mlx5_7,0.057,62.636,484.569,407.509
2025-11-21 04:46:46,mlx5_8,0.000,0.000,0.000,0.000
2025-11-21 04:46:46,mlx5_9,0.000,0.000,0.000,0.000
2025-11-21 04:46:46,TOTAL,0.072,87.496,581.843,548.175
2025-11-21 04:46:47,mlx5_0,0.017,28.341,97.277,144.229
2025-11-21 04:46:47,mlx5_1,0.000,0.000,0.000,0.000
2025-11-21 04:46:47,mlx5_2,0.000,0.000,0.000,0.000
2025-11-21 04:46:47,mlx5_3,0.000,0.000,0.000,0.000
2025-11-21 04:46:47,mlx5_4,0.000,0.000,0.000,0.000
2025-11-21 04:46:47,mlx5_5,0.000,0.000,0.000,0.000
2025-11-21 04:46:47,mlx5_6,0.000,0.000,0.000,0.000
2025-11-21 04:46:47,mlx5_7,0.065,71.086,484.577,416.446
2025-11-21 04:46:47,mlx5_8,0.000,0.000,0.000,0.000
2025-11-21 04:46:47,mlx5_9,0.000,0.000,0.000,0.000
2025-11-21 04:46:47,TOTAL,0.082,99.427,581.854,560.675
2025-11-21 04:46:48,mlx5_0,0.017,27.120,97.279,147.639
2025-11-21 04:46:48,mlx5_1,0.000,0.000,0.000,0.000
2025-11-21 04:46:48,mlx5_2,0.000,0.000,0.000,0.000
2025-11-21 04:46:48,mlx5_3,0.000,0.000,0.000,0.000
2025-11-21 04:46:48,mlx5_4,0.000,0.000,0.000,0.000
2025-11-21 04:46:48,mlx5_5,0.000,0.000,0.000,0.000
2025-11-21 04:46:48,mlx5_6,0.000,0.000,0.000,0.000
2025-11-21 04:46:48,mlx5_7,0.066,72.870,484.585,425.610
2025-11-21 04:46:48,mlx5_8,0.000,0.000,0.000,0.000
2025-11-21 04:46:48,mlx5_9,0.000,0.000,0.000,0.000
2025-11-21 04:46:48,TOTAL,0.083,99.990,581.864,573.249
2025-11-21 04:46:49,mlx5_0,0.010,16.221,97.280,149.683
2025-11-21 04:46:49,mlx5_1,0.000,0.000,0.000,0.000
2025-11-21 04:46:49,mlx5_2,0.000,0.000,0.000,0.000
2025-11-21 04:46:49,mlx5_3,0.000,0.000,0.000,0.000
2025-11-21 04:46:49,mlx5_4,0.000,0.000,0.000,0.000
2025-11-21 04:46:49,mlx5_5,0.000,0.000,0.000,0.000
2025-11-21 04:46:49,mlx5_6,0.000,0.000,0.000,0.000
2025-11-21 04:46:49,mlx5_7,0.047,52.116,484.591,432.177
2025-11-21 04:46:49,mlx5_8,0.000,0.000,0.000,0.000
2025-11-21 04:46:49,mlx5_9,0.000,0.000,0.000,0.000
2025-11-21 04:46:49,TOTAL,0.058,68.337,581.871,581.860
2025-11-21 04:46:51,mlx5_0,0.011,17.558,97.281,151.892
2025-11-21 04:46:51,mlx5_1,0.000,0.000,0.000,0.000
2025-11-21 04:46:51,mlx5_2,0.000,0.000,0.000,0.000
2025-11-21 04:46:51,mlx5_3,0.000,0.000,0.000,0.000
2025-11-21 04:46:51,mlx5_4,0.000,0.000,0.000,0.000
2025-11-21 04:46:51,mlx5_5,0.000,0.000,0.000,0.000
2025-11-21 04:46:51,mlx5_6,0.000,0.000,0.000,0.000
2025-11-21 04:46:51,mlx5_7,0.048,53.451,484.597,438.901
2025-11-21 04:46:51,mlx5_8,0.000,0.000,0.000,0.000
2025-11-21 04:46:51,mlx5_9,0.000,0.000,0.000,0.000
2025-11-21 04:46:51,TOTAL,0.059,71.009,581.879,590.793
2025-11-21 04:46:52,mlx5_0,0.016,25.587,97.283,155.108
2025-11-21 04:46:52,mlx5_1,0.000,0.000,0.000,0.000
2025-11-21 04:46:52,mlx5_2,0.000,0.000,0.000,0.000
2025-11-21 04:46:52,mlx5_3,0.000,0.000,0.000,0.000
2025-11-21 04:46:52,mlx5_4,0.000,0.000,0.000,0.000
2025-11-21 04:46:52,mlx5_5,0.000,0.000,0.000,0.000
2025-11-21 04:46:52,mlx5_6,0.000,0.000,0.000,0.000
2025-11-21 04:46:52,mlx5_7,0.055,60.661,484.604,446.526
2025-11-21 04:46:52,mlx5_8,0.000,0.000,0.000,0.000
2025-11-21 04:46:52,mlx5_9,0.000,0.000,0.000,0.000
2025-11-21 04:46:52,TOTAL,0.071,86.249,581.888,601.634
2025-11-21 04:46:53,mlx5_0,0.016,25.046,97.285,158.258
2025-11-21 04:46:53,mlx5_1,0.000,0.000,0.000,0.000
2025-11-21 04:46:53,mlx5_2,0.000,0.000,0.000,0.000
2025-11-21 04:46:53,mlx5_3,0.000,0.000,0.000,0.000
2025-11-21 04:46:53,mlx5_4,0.000,0.000,0.000,0.000
2025-11-21 04:46:53,mlx5_5,0.000,0.000,0.000,0.000
2025-11-21 04:46:53,mlx5_6,0.000,0.000,0.000,0.000
2025-11-21 04:46:53,mlx5_7,0.060,66.071,484.612,454.834
2025-11-21 04:46:53,mlx5_8,0.000,0.000,0.000,0.000
2025-11-21 04:46:53,mlx5_9,0.000,0.000,0.000,0.000
2025-11-21 04:46:53,TOTAL,0.076,91.117,581.897,613.092
2025-11-21 04:46:54,mlx5_0,0.014,22.645,97.287,161.105
2025-11-21 04:46:54,mlx5_1,0.000,0.000,0.000,0.000
2025-11-21 04:46:54,mlx5_2,0.000,0.000,0.000,0.000
2025-11-21 04:46:54,mlx5_3,0.000,0.000,0.000,0.000
2025-11-21 04:46:54,mlx5_4,0.000,0.000,0.000,0.000
2025-11-21 04:46:54,mlx5_5,0.000,0.000,0.000,0.000
2025-11-21 04:46:54,mlx5_6,0.000,0.000,0.000,0.000
2025-11-21 04:46:54,mlx5_7,0.051,56.391,484.618,461.925
2025-11-21 04:46:54,mlx5_8,0.000,0.000,0.000,0.000
2025-11-21 04:46:54,mlx5_9,0.000,0.000,0.000,0.000
2025-11-21 04:46:54,TOTAL,0.065,79.036,581.905,623.030
2025-11-21 04:46:55,mlx5_0,0.013,21.984,97.289,163.870
2025-11-21 04:46:55,mlx5_1,0.000,0.000,0.000,0.000
2025-11-21 04:46:55,mlx5_2,0.000,0.000,0.000,0.000
2025-11-21 04:46:55,mlx5_3,0.000,0.000,0.000,0.000
2025-11-21 04:46:55,mlx5_4,0.000,0.000,0.000,0.000
2025-11-21 04:46:55,mlx5_5,0.000,0.000,0.000,0.000
2025-11-21 04:46:55,mlx5_6,0.000,0.000,0.000,0.000
2025-11-21 04:46:55,mlx5_7,0.057,61.697,484.625,469.683
2025-11-21 04:46:55,mlx5_8,0.000,0.000,0.000,0.000
2025-11-21 04:46:55,mlx5_9,0.000,0.000,0.000,0.000
2025-11-21 04:46:55,TOTAL,0.070,83.682,581.914,633.553
2025-11-21 04:46:56,mlx5_0,0.013,20.683,97.290,166.473
2025-11-21 04:46:56,mlx5_1,0.000,0.000,0.000,0.000
2025-11-21 04:46:56,mlx5_2,0.000,0.000,0.000,0.000
2025-11-21 04:46:56,mlx5_3,0.000,0.000,0.000,0.000
2025-11-21 04:46:56,mlx5_4,0.000,0.000,0.000,0.000
2025-11-21 04:46:56,mlx5_5,0.000,0.000,0.000,0.000
2025-11-21 04:46:56,mlx5_6,0.000,0.000,0.000,0.000
2025-11-21 04:46:56,mlx5_7,0.054,58.957,484.632,477.103
2025-11-21 04:46:56,mlx5_8,0.000,0.000,0.000,0.000
2025-11-21 04:46:56,mlx5_9,0.000,0.000,0.000,0.000
2025-11-21 04:46:56,TOTAL,0.066,79.640,581.923,643.575
2025-11-21 04:46:57,mlx5_0,0.017,26.879,97.293,169.851
2025-11-21 04:46:57,mlx5_1,0.000,0.000,0.000,0.000
2025-11-21 04:46:57,mlx5_2,0.000,0.000,0.000,0.000
2025-11-21 04:46:57,mlx5_3,0.000,0.000,0.000,0.000
2025-11-21 04:46:57,mlx5_4,0.000,0.000,0.000,0.000
2025-11-21 04:46:57,mlx5_5,0.000,0.000,0.000,0.000
2025-11-21 04:46:57,mlx5_6,0.000,0.000,0.000,0.000
2025-11-21 04:46:57,mlx5_7,0.059,64.079,484.640,485.156
2025-11-21 04:46:57,mlx5_8,0.000,0.000,0.000,0.000
2025-11-21 04:46:57,mlx5_9,0.000,0.000,0.000,0.000
2025-11-21 04:46:57,TOTAL,0.076,90.958,581.932,655.007
2025-11-21 04:46:58,mlx5_0,0.010,15.683,97.294,171.824
2025-11-21 04:46:58,mlx5_1,0.000,0.000,0.000,0.000
2025-11-21 04:46:58,mlx5_2,0.000,0.000,0.000,0.000
2025-11-21 04:46:58,mlx5_3,0.000,0.000,0.000,0.000
2025-11-21 04:46:58,mlx5_4,0.000,0.000,0.000,0.000
2025-11-21 04:46:58,mlx5_5,0.000,0.000,0.000,0.000
2025-11-21 04:46:58,mlx5_6,0.000,0.000,0.000,0.000
2025-11-21 04:46:58,mlx5_7,0.040,43.735,484.645,490.660
2025-11-21 04:46:58,mlx5_8,0.000,0.000,0.000,0.000
2025-11-21 04:46:58,mlx5_9,0.000,0.000,0.000,0.000
2025-11-21 04:46:58,TOTAL,0.050,59.418,581.938,662.485
2025-11-21 04:46:59,mlx5_0,0.000,0.000,97.294,171.824
2025-11-21 04:46:59,mlx5_1,0.000,0.000,0.000,0.000
2025-11-21 04:46:59,mlx5_2,0.000,0.000,0.000,0.000
2025-11-21 04:46:59,mlx5_3,0.000,0.000,0.000,0.000
2025-11-21 04:46:59,mlx5_4,0.000,0.000,0.000,0.000
2025-11-21 04:46:59,mlx5_5,0.000,0.000,0.000,0.000
2025-11-21 04:46:59,mlx5_6,0.000,0.000,0.000,0.000
2025-11-21 04:46:59,mlx5_7,0.000,0.000,484.645,490.660
2025-11-21 04:46:59,mlx5_8,0.000,0.000,0.000,0.000
2025-11-21 04:46:59,mlx5_9,0.000,0.000,0.000,0.000
2025-11-21 04:46:59,TOTAL,0.000,0.000,581.938,662.485
2025-11-21 04:47:00,mlx5_0,0.000,0.000,97.294,171.824
2025-11-21 04:47:00,mlx5_1,0.000,0.000,0.000,0.000
2025-11-21 04:47:00,mlx5_2,0.000,0.000,0.000,0.000
2025-11-21 04:47:00,mlx5_3,0.000,0.000,0.000,0.000
2025-11-21 04:47:00,mlx5_4,0.000,0.000,0.000,0.000
2025-11-21 04:47:00,mlx5_5,0.000,0.000,0.000,0.000
2025-11-21 04:47:00,mlx5_6,0.000,0.000,0.000,0.000
2025-11-21 04:47:00,mlx5_7,0.000,0.000,484.645,490.660
2025-11-21 04:47:00,mlx5_8,0.000,0.000,0.000,0.000
2025-11-21 04:47:00,mlx5_9,0.000,0.000,0.000,0.000
2025-11-21 04:47:00,TOTAL,0.000,0.000,581.938,662.485
2025-11-21 04:47:01,mlx5_0,0.000,0.000,97.294,171.824
2025-11-21 04:47:01,mlx5_1,0.000,0.000,0.000,0.000
2025-11-21 04:47:01,mlx5_2,0.000,0.000,0.000,0.000
2025-11-21 04:47:01,mlx5_3,0.000,0.000,0.000,0.000
2025-11-21 04:47:01,mlx5_4,0.000,0.000,0.000,0.000
2025-11-21 04:47:01,mlx5_5,0.000,0.000,0.000,0.000
2025-11-21 04:47:01,mlx5_6,0.000,0.000,0.000,0.000
2025-11-21 04:47:01,mlx5_7,0.000,0.000,484.645,490.660
2025-11-21 04:47:01,mlx5_8,0.000,0.000,0.000,0.000
2025-11-21 04:47:01,mlx5_9,0.000,0.000,0.000,0.000
2025-11-21 04:47:01,TOTAL,0.000,0.000,581.938,662.485
2025-11-21 04:47:02,mlx5_0,0.008,13.148,97.295,173.479
2025-11-21 04:47:02,mlx5_1,0.000,0.000,0.000,0.000
2025-11-21 04:47:02,mlx5_2,0.000,0.000,0.000,0.000
2025-11-21 04:47:02,mlx5_3,0.000,0.000,0.000,0.000
2025-11-21 04:47:02,mlx5_4,0.000,0.000,0.000,0.000
2025-11-21 04:47:02,mlx5_5,0.000,0.000,0.000,0.000
2025-11-21 04:47:02,mlx5_6,0.000,0.000,0.000,0.000
2025-11-21 04:47:02,mlx5_7,0.035,37.870,484.649,495.426
2025-11-21 04:47:02,mlx5_8,0.000,0.000,0.000,0.000
2025-11-21 04:47:02,mlx5_9,0.000,0.000,0.000,0.000
2025-11-21 04:47:02,TOTAL,0.043,51.017,581.944,668.905
2025-11-21 04:47:03,mlx5_0,0.018,29.312,97.297,177.169
2025-11-21 04:47:03,mlx5_1,0.000,0.000,0.000,0.000
2025-11-21 04:47:03,mlx5_2,0.000,0.000,0.000,0.000
2025-11-21 04:47:03,mlx5_3,0.000,0.000,0.000,0.000
2025-11-21 04:47:03,mlx5_4,0.000,0.000,0.000,0.000
2025-11-21 04:47:03,mlx5_5,0.000,0.000,0.000,0.000
2025-11-21 04:47:03,mlx5_6,0.000,0.000,0.000,0.000
2025-11-21 04:47:03,mlx5_7,0.077,83.835,484.659,505.979
2025-11-21 04:47:03,mlx5_8,0.000,0.000,0.000,0.000
2025-11-21 04:47:03,mlx5_9,0.000,0.000,0.000,0.000
2025-11-21 04:47:03,TOTAL,0.095,113.147,581.956,683.148
2025-11-21 04:47:04,mlx5_0,0.018,29.530,97.299,180.885
2025-11-21 04:47:04,mlx5_1,0.000,0.000,0.000,0.000
2025-11-21 04:47:04,mlx5_2,0.000,0.000,0.000,0.000
2025-11-21 04:47:04,mlx5_3,0.000,0.000,0.000,0.000
2025-11-21 04:47:04,mlx5_4,0.000,0.000,0.000,0.000
2025-11-21 04:47:04,mlx5_5,0.000,0.000,0.000,0.000
2025-11-21 04:47:04,mlx5_6,0.000,0.000,0.000,0.000
2025-11-21 04:47:04,mlx5_7,0.086,93.523,484.669,517.749
2025-11-21 04:47:04,mlx5_8,0.000,0.000,0.000,0.000
2025-11-21 04:47:04,mlx5_9,0.000,0.000,0.000,0.000
2025-11-21 04:47:04,TOTAL,0.104,123.054,581.969,698.634
2025-11-21 04:47:05,mlx5_0,0.016,26.839,97.301,184.261
2025-11-21 04:47:05,mlx5_1,0.000,0.000,0.000,0.000
2025-11-21 04:47:05,mlx5_2,0.000,0.000,0.000,0.000
2025-11-21 04:47:05,mlx5_3,0.000,0.000,0.000,0.000
2025-11-21 04:47:05,mlx5_4,0.000,0.000,0.000,0.000
2025-11-21 04:47:05,mlx5_5,0.000,0.000,0.000,0.000
2025-11-21 04:47:05,mlx5_6,0.000,0.000,0.000,0.000
2025-11-21 04:47:05,mlx5_7,0.069,76.042,484.678,527.313
2025-11-21 04:47:05,mlx5_8,0.000,0.000,0.000,0.000
2025-11-21 04:47:05,mlx5_9,0.000,0.000,0.000,0.000
2025-11-21 04:47:05,TOTAL,0.085,102.881,581.980,711.574
2025-11-21 04:47:06,mlx5_0,0.017,27.147,97.304,187.676
2025-11-21 04:47:06,mlx5_1,0.000,0.000,0.000,0.000
2025-11-21 04:47:06,mlx5_2,0.000,0.000,0.000,0.000
2025-11-21 04:47:06,mlx5_3,0.000,0.000,0.000,0.000
2025-11-21 04:47:06,mlx5_4,0.000,0.000,0.000,0.000
2025-11-21 04:47:06,mlx5_5,0.000,0.000,0.000,0.000
2025-11-21 04:47:06,mlx5_6,0.000,0.000,0.000,0.000
2025-11-21 04:47:06,mlx5_7,0.065,71.136,484.686,536.261
2025-11-21 04:47:06,mlx5_8,0.000,0.000,0.000,0.000
2025-11-21 04:47:06,mlx5_9,0.000,0.000,0.000,0.000
2025-11-21 04:47:06,TOTAL,0.082,98.283,581.990,723.937
2025-11-21 04:47:07,mlx5_0,0.011,16.235,97.305,189.718
2025-11-21 04:47:07,mlx5_1,0.000,0.000,0.000,0.000
2025-11-21 04:47:07,mlx5_2,0.000,0.000,0.000,0.000
2025-11-21 04:47:07,mlx5_3,0.000,0.000,0.000,0.000
2025-11-21 04:47:07,mlx5_4,0.000,0.000,0.000,0.000
2025-11-21 04:47:07,mlx5_5,0.000,0.000,0.000,0.000
2025-11-21 04:47:07,mlx5_6,0.000,0.000,0.000,0.000
2025-11-21 04:47:07,mlx5_7,0.069,75.939,484.695,545.815
2025-11-21 04:47:07,mlx5_8,0.000,0.000,0.000,0.000
2025-11-21 04:47:07,mlx5_9,0.000,0.000,0.000,0.000
2025-11-21 04:47:07,TOTAL,0.080,92.175,582.000,735.533
2025-11-21 04:47:08,mlx5_0,0.017,28.333,97.307,193.284
2025-11-21 04:47:08,mlx5_1,0.000,0.000,0.000,0.000
2025-11-21 04:47:08,mlx5_2,0.000,0.000,0.000,0.000
2025-11-21 04:47:08,mlx5_3,0.000,0.000,0.000,0.000
2025-11-21 04:47:08,mlx5_4,0.000,0.000,0.000,0.000
2025-11-21 04:47:08,mlx5_5,0.000,0.000,0.000,0.000
2025-11-21 04:47:08,mlx5_6,0.000,0.000,0.000,0.000
2025-11-21 04:47:08,mlx5_7,0.070,76.527,484.704,555.446
2025-11-21 04:47:08,mlx5_8,0.000,0.000,0.000,0.000
2025-11-21 04:47:08,mlx5_9,0.000,0.000,0.000,0.000
2025-11-21 04:47:08,TOTAL,0.088,104.860,582.011,748.730
2025-11-21 04:47:09,mlx5_0,0.011,18.452,97.309,195.604
2025-11-21 04:47:09,mlx5_1,0.000,0.000,0.000,0.000
2025-11-21 04:47:09,mlx5_2,0.000,0.000,0.000,0.000
2025-11-21 04:47:09,mlx5_3,0.000,0.000,0.000,0.000
2025-11-21 04:47:09,mlx5_4,0.000,0.000,0.000,0.000
2025-11-21 04:47:09,mlx5_5,0.000,0.000,0.000,0.000
2025-11-21 04:47:09,mlx5_6,0.000,0.000,0.000,0.000
2025-11-21 04:47:09,mlx5_7,0.045,49.280,484.709,561.643
2025-11-21 04:47:09,mlx5_8,0.000,0.000,0.000,0.000
2025-11-21 04:47:09,mlx5_9,0.000,0.000,0.000,0.000
2025-11-21 04:47:09,TOTAL,0.056,67.733,582.018,757.247
2025-11-21 04:47:10,mlx5_0,0.012,20.408,97.310,198.172
2025-11-21 04:47:10,mlx5_1,0.000,0.000,0.000,0.000
2025-11-21 04:47:10,mlx5_2,0.000,0.000,0.000,0.000
2025-11-21 04:47:10,mlx5_3,0.000,0.000,0.000,0.000
2025-11-21 04:47:10,mlx5_4,0.000,0.000,0.000,0.000
2025-11-21 04:47:10,mlx5_5,0.000,0.000,0.000,0.000
2025-11-21 04:47:10,mlx5_6,0.000,0.000,0.000,0.000
2025-11-21 04:47:10,mlx5_7,0.049,53.741,484.716,568.405
2025-11-21 04:47:10,mlx5_8,0.000,0.000,0.000,0.000
2025-11-21 04:47:10,mlx5_9,0.000,0.000,0.000,0.000
2025-11-21 04:47:10,TOTAL,0.061,74.149,582.026,766.577
2025-11-21 04:47:11,mlx5_0,0.012,19.905,97.312,200.676
2025-11-21 04:47:11,mlx5_1,0.000,0.000,0.000,0.000
2025-11-21 04:47:11,mlx5_2,0.000,0.000,0.000,0.000
2025-11-21 04:47:11,mlx5_3,0.000,0.000,0.000,0.000
2025-11-21 04:47:11,mlx5_4,0.000,0.000,0.000,0.000
2025-11-21 04:47:11,mlx5_5,0.000,0.000,0.000,0.000
2025-11-21 04:47:11,mlx5_6,0.000,0.000,0.000,0.000
2025-11-21 04:47:11,mlx5_7,0.043,46.763,484.721,574.288
2025-11-21 04:47:11,mlx5_8,0.000,0.000,0.000,0.000
2025-11-21 04:47:11,mlx5_9,0.000,0.000,0.000,0.000
2025-11-21 04:47:11,TOTAL,0.055,66.667,582.033,774.965
2025-11-21 04:47:12,mlx5_0,0.017,30.606,97.314,204.527
2025-11-21 04:47:12,mlx5_1,0.000,0.000,0.000,0.000
2025-11-21 04:47:12,mlx5_2,0.000,0.000,0.000,0.000
2025-11-21 04:47:12,mlx5_3,0.000,0.000,0.000,0.000
2025-11-21 04:47:12,mlx5_4,0.000,0.000,0.000,0.000
2025-11-21 04:47:12,mlx5_5,0.000,0.000,0.000,0.000
2025-11-21 04:47:12,mlx5_6,0.000,0.000,0.000,0.000
2025-11-21 04:47:12,mlx5_7,0.069,75.767,484.730,583.821
2025-11-21 04:47:12,mlx5_8,0.000,0.000,0.000,0.000
2025-11-21 04:47:12,mlx5_9,0.000,0.000,0.000,0.000
2025-11-21 04:47:12,TOTAL,0.087,106.373,582.044,788.348
2025-11-21 04:47:13,mlx5_0,0.013,21.230,97.315,207.199
2025-11-21 04:47:13,mlx5_1,0.000,0.000,0.000,0.000
2025-11-21 04:47:13,mlx5_2,0.000,0.000,0.000,0.000
2025-11-21 04:47:13,mlx5_3,0.000,0.000,0.000,0.000
2025-11-21 04:47:13,mlx5_4,0.000,0.000,0.000,0.000
2025-11-21 04:47:13,mlx5_5,0.000,0.000,0.000,0.000
2025-11-21 04:47:13,mlx5_6,0.000,0.000,0.000,0.000
2025-11-21 04:47:13,mlx5_7,0.061,66.328,484.737,592.170
2025-11-21 04:47:13,mlx5_8,0.000,0.000,0.000,0.000
2025-11-21 04:47:13,mlx5_9,0.000,0.000,0.000,0.000
2025-11-21 04:47:13,TOTAL,0.074,87.557,582.053,799.369
2025-11-21 04:47:14,mlx5_0,0.017,27.901,97.318,210.707
2025-11-21 04:47:14,mlx5_1,0.000,0.000,0.000,0.000
2025-11-21 04:47:14,mlx5_2,0.000,0.000,0.000,0.000
2025-11-21 04:47:14,mlx5_3,0.000,0.000,0.000,0.000
2025-11-21 04:47:14,mlx5_4,0.000,0.000,0.000,0.000
2025-11-21 04:47:14,mlx5_5,0.000,0.000,0.000,0.000
2025-11-21 04:47:14,mlx5_6,0.000,0.000,0.000,0.000
2025-11-21 04:47:14,mlx5_7,0.062,67.489,484.745,600.654
2025-11-21 04:47:14,mlx5_8,0.000,0.000,0.000,0.000
2025-11-21 04:47:14,mlx5_9,0.000,0.000,0.000,0.000
2025-11-21 04:47:14,TOTAL,0.079,95.390,582.063,811.361
2025-11-21 04:47:15,mlx5_0,0.013,21.252,97.319,213.381
2025-11-21 04:47:15,mlx5_1,0.000,0.000,0.000,0.000
2025-11-21 04:47:15,mlx5_2,0.000,0.000,0.000,0.000
2025-11-21 04:47:15,mlx5_3,0.000,0.000,0.000,0.000
2025-11-21 04:47:15,mlx5_4,0.000,0.000,0.000,0.000
2025-11-21 04:47:15,mlx5_5,0.000,0.000,0.000,0.000
2025-11-21 04:47:15,mlx5_6,0.000,0.000,0.000,0.000
2025-11-21 04:47:15,mlx5_7,0.056,61.341,484.752,608.372
2025-11-21 04:47:15,mlx5_8,0.000,0.000,0.000,0.000
2025-11-21 04:47:15,mlx5_9,0.000,0.000,0.000,0.000
2025-11-21 04:47:15,TOTAL,0.069,82.592,582.071,821.753
2025-11-21 04:47:16,mlx5_0,0.018,29.805,97.322,217.128
2025-11-21 04:47:16,mlx5_1,0.000,0.000,0.000,0.000
2025-11-21 04:47:16,mlx5_2,0.000,0.000,0.000,0.000
2025-11-21 04:47:16,mlx5_3,0.000,0.000,0.000,0.000
2025-11-21 04:47:16,mlx5_4,0.000,0.000,0.000,0.000
2025-11-21 04:47:16,mlx5_5,0.000,0.000,0.000,0.000
2025-11-21 04:47:16,mlx5_6,0.000,0.000,0.000,0.000
2025-11-21 04:47:16,mlx5_7,0.083,91.016,484.763,619.817
2025-11-21 04:47:16,mlx5_8,0.000,0.000,0.000,0.000
2025-11-21 04:47:16,mlx5_9,0.000,0.000,0.000,0.000
2025-11-21 04:47:16,TOTAL,0.102,120.821,582.084,836.945
2025-11-21 04:47:17,mlx5_0,0.015,25.094,97.324,220.284
2025-11-21 04:47:17,mlx5_1,0.000,0.000,0.000,0.000
2025-11-21 04:47:17,mlx5_2,0.000,0.000,0.000,0.000
2025-11-21 04:47:17,mlx5_3,0.000,0.000,0.000,0.000
2025-11-21 04:47:17,mlx5_4,0.000,0.000,0.000,0.000
2025-11-21 04:47:17,mlx5_5,0.000,0.000,0.000,0.000
2025-11-21 04:47:17,mlx5_6,0.000,0.000,0.000,0.000
2025-11-21 04:47:17,mlx5_7,0.053,57.978,484.769,627.107
2025-11-21 04:47:17,mlx5_8,0.000,0.000,0.000,0.000
2025-11-21 04:47:17,mlx5_9,0.000,0.000,0.000,0.000
2025-11-21 04:47:17,TOTAL,0.068,83.072,582.093,847.391
2025-11-21 04:47:18,mlx5_0,0.015,24.057,97.325,223.311
2025-11-21 04:47:18,mlx5_1,0.000,0.000,0.000,0.000
2025-11-21 04:47:18,mlx5_2,0.000,0.000,0.000,0.000
2025-11-21 04:47:18,mlx5_3,0.000,0.000,0.000,0.000
2025-11-21 04:47:18,mlx5_4,0.000,0.000,0.000,0.000
2025-11-21 04:47:18,mlx5_5,0.000,0.000,0.000,0.000
2025-11-21 04:47:18,mlx5_6,0.000,0.000,0.000,0.000
2025-11-21 04:47:18,mlx5_7,0.067,73.049,484.778,636.299
2025-11-21 04:47:18,mlx5_8,0.000,0.000,0.000,0.000
2025-11-21 04:47:18,mlx5_9,0.000,0.000,0.000,0.000
2025-11-21 04:47:18,TOTAL,0.082,97.106,582.103,859.610
2025-11-21 04:47:19,mlx5_0,0.020,33.530,97.328,227.533
2025-11-21 04:47:19,mlx5_1,0.000,0.000,0.000,0.000
2025-11-21 04:47:19,mlx5_2,0.000,0.000,0.000,0.000
2025-11-21 04:47:19,mlx5_3,0.000,0.000,0.000,0.000
2025-11-21 04:47:19,mlx5_4,0.000,0.000,0.000,0.000
2025-11-21 04:47:19,mlx5_5,0.000,0.000,0.000,0.000
2025-11-21 04:47:19,mlx5_6,0.000,0.000,0.000,0.000
2025-11-21 04:47:19,mlx5_7,0.074,80.290,484.787,646.409
2025-11-21 04:47:19,mlx5_8,0.000,0.000,0.000,0.000
2025-11-21 04:47:19,mlx5_9,0.000,0.000,0.000,0.000
2025-11-21 04:47:19,TOTAL,0.094,113.820,582.115,873.942
2025-11-21 04:47:20,mlx5_0,0.016,26.571,97.330,230.878
2025-11-21 04:47:20,mlx5_1,0.000,0.000,0.000,0.000
2025-11-21 04:47:20,mlx5_2,0.000,0.000,0.000,0.000
2025-11-21 04:47:20,mlx5_3,0.000,0.000,0.000,0.000
2025-11-21 04:47:20,mlx5_4,0.000,0.000,0.000,0.000
2025-11-21 04:47:20,mlx5_5,0.000,0.000,0.000,0.000
2025-11-21 04:47:20,mlx5_6,0.000,0.000,0.000,0.000
2025-11-21 04:47:20,mlx5_7,0.062,68.934,484.795,655.087
2025-11-21 04:47:20,mlx5_8,0.000,0.000,0.000,0.000
2025-11-21 04:47:20,mlx5_9,0.000,0.000,0.000,0.000
2025-11-21 04:47:20,TOTAL,0.078,95.505,582.125,885.965
2025-11-21 04:47:21,mlx5_0,0.013,21.197,97.332,233.543
2025-11-21 04:47:21,mlx5_1,0.000,0.000,0.000,0.000
2025-11-21 04:47:21,mlx5_2,0.000,0.000,0.000,0.000
2025-11-21 04:47:21,mlx5_3,0.000,0.000,0.000,0.000
2025-11-21 04:47:21,mlx5_4,0.000,0.000,0.000,0.000
2025-11-21 04:47:21,mlx5_5,0.000,0.000,0.000,0.000
2025-11-21 04:47:21,mlx5_6,0.000,0.000,0.000,0.000
2025-11-21 04:47:21,mlx5_7,0.054,60.335,484.802,662.673
2025-11-21 04:47:21,mlx5_8,0.000,0.000,0.000,0.000
2025-11-21 04:47:21,mlx5_9,0.000,0.000,0.000,0.000
2025-11-21 04:47:21,TOTAL,0.067,81.532,582.133,896.217
2025-11-21 04:47:22,mlx5_0,0.018,29.260,97.334,237.228
2025-11-21 04:47:22,mlx5_1,0.000,0.000,0.000,0.000
2025-11-21 04:47:22,mlx5_2,0.000,0.000,0.000,0.000
2025-11-21 04:47:22,mlx5_3,0.000,0.000,0.000,0.000
2025-11-21 04:47:22,mlx5_4,0.000,0.000,0.000,0.000
2025-11-21 04:47:22,mlx5_5,0.000,0.000,0.000,0.000
2025-11-21 04:47:22,mlx5_6,0.000,0.000,0.000,0.000
2025-11-21 04:47:22,mlx5_7,0.080,87.266,484.812,673.662
2025-11-21 04:47:22,mlx5_8,0.000,0.000,0.000,0.000
2025-11-21 04:47:22,mlx5_9,0.000,0.000,0.000,0.000
2025-11-21 04:47:22,TOTAL,0.098,116.525,582.146,910.889
2025-11-21 04:47:23,mlx5_0,0.018,29.302,97.336,240.916
2025-11-21 04:47:23,mlx5_1,0.000,0.000,0.000,0.000
2025-11-21 04:47:23,mlx5_2,0.000,0.000,0.000,0.000
2025-11-21 04:47:23,mlx5_3,0.000,0.000,0.000,0.000
2025-11-21 04:47:23,mlx5_4,0.000,0.000,0.000,0.000
2025-11-21 04:47:23,mlx5_5,0.000,0.000,0.000,0.000
2025-11-21 04:47:23,mlx5_6,0.000,0.000,0.000,0.000
2025-11-21 04:47:23,mlx5_7,0.089,97.923,484.823,685.988
2025-11-21 04:47:23,mlx5_8,0.000,0.000,0.000,0.000
2025-11-21 04:47:23,mlx5_9,0.000,0.000,0.000,0.000
2025-11-21 04:47:23,TOTAL,0.107,127.225,582.159,926.905
2025-11-21 04:47:24,mlx5_0,0.020,32.856,97.338,245.054
2025-11-21 04:47:24,mlx5_1,0.000,0.000,0.000,0.000
2025-11-21 04:47:24,mlx5_2,0.000,0.000,0.000,0.000
2025-11-21 04:47:24,mlx5_3,0.000,0.000,0.000,0.000
2025-11-21 04:47:24,mlx5_4,0.000,0.000,0.000,0.000
2025-11-21 04:47:24,mlx5_5,0.000,0.000,0.000,0.000
2025-11-21 04:47:24,mlx5_6,0.000,0.000,0.000,0.000
2025-11-21 04:47:24,mlx5_7,0.082,89.215,484.833,697.225
2025-11-21 04:47:24,mlx5_8,0.000,0.000,0.000,0.000
2025-11-21 04:47:24,mlx5_9,0.000,0.000,0.000,0.000
2025-11-21 04:47:24,TOTAL,0.102,122.071,582.172,942.279
2025-11-21 04:47:25,mlx5_0,0.017,29.339,97.341,248.739
2025-11-21 04:47:25,mlx5_1,0.000,0.000,0.000,0.000
2025-11-21 04:47:25,mlx5_2,0.000,0.000,0.000,0.000
2025-11-21 04:47:25,mlx5_3,0.000,0.000,0.000,0.000
2025-11-21 04:47:25,mlx5_4,0.000,0.000,0.000,0.000
2025-11-21 04:47:25,mlx5_5,0.000,0.000,0.000,0.000
2025-11-21 04:47:25,mlx5_6,0.000,0.000,0.000,0.000
2025-11-21 04:47:25,mlx5_7,0.078,85.209,484.843,707.925
2025-11-21 04:47:25,mlx5_8,0.000,0.000,0.000,0.000
2025-11-21 04:47:25,mlx5_9,0.000,0.000,0.000,0.000
2025-11-21 04:47:25,TOTAL,0.095,114.548,582.184,956.663
2025-11-21 04:47:26,mlx5_0,0.013,20.992,97.342,251.380
2025-11-21 04:47:26,mlx5_1,0.000,0.000,0.000,0.000
2025-11-21 04:47:26,mlx5_2,0.000,0.000,0.000,0.000
2025-11-21 04:47:26,mlx5_3,0.000,0.000,0.000,0.000
2025-11-21 04:47:26,mlx5_4,0.000,0.000,0.000,0.000
2025-11-21 04:47:26,mlx5_5,0.000,0.000,0.000,0.000
2025-11-21 04:47:26,mlx5_6,0.000,0.000,0.000,0.000
2025-11-21 04:47:26,mlx5_7,0.057,62.721,484.850,715.815
2025-11-21 04:47:26,mlx5_8,0.000,0.000,0.000,0.000
2025-11-21 04:47:26,mlx5_9,0.000,0.000,0.000,0.000
2025-11-21 04:47:26,TOTAL,0.070,83.714,582.193,967.195
2025-11-21 04:47:27,mlx5_0,0.015,25.838,97.344,254.628
2025-11-21 04:47:27,mlx5_1,0.000,0.000,0.000,0.000
2025-11-21 04:47:27,mlx5_2,0.000,0.000,0.000,0.000
2025-11-21 04:47:27,mlx5_3,0.000,0.000,0.000,0.000
2025-11-21 04:47:27,mlx5_4,0.000,0.000,0.000,0.000
2025-11-21 04:47:27,mlx5_5,0.000,0.000,0.000,0.000
2025-11-21 04:47:27,mlx5_6,0.000,0.000,0.000,0.000
2025-11-21 04:47:27,mlx5_7,0.055,60.193,484.857,723.382
2025-11-21 04:47:27,mlx5_8,0.000,0.000,0.000,0.000
2025-11-21 04:47:27,mlx5_9,0.000,0.000,0.000,0.000
2025-11-21 04:47:27,TOTAL,0.070,86.032,582.201,978.010
2025-11-21 04:47:28,mlx5_0,0.006,10.136,97.345,255.904
2025-11-21 04:47:28,mlx5_1,0.000,0.000,0.000,0.000
2025-11-21 04:47:28,mlx5_2,0.000,0.000,0.000,0.000
2025-11-21 04:47:28,mlx5_3,0.000,0.000,0.000,0.000
2025-11-21 04:47:28,mlx5_4,0.000,0.000,0.000,0.000
2025-11-21 04:47:28,mlx5_5,0.000,0.000,0.000,0.000
2025-11-21 04:47:28,mlx5_6,0.000,0.000,0.000,0.000
2025-11-21 04:47:28,mlx5_7,0.024,26.306,484.860,726.696
2025-11-21 04:47:28,mlx5_8,0.000,0.000,0.000,0.000
2025-11-21 04:47:28,mlx5_9,0.000,0.000,0.000,0.000
2025-11-21 04:47:28,TOTAL,0.030,36.442,582.205,982.600
2025-11-21 04:47:29,mlx5_0,0.010,15.892,97.346,257.905
2025-11-21 04:47:29,mlx5_1,0.000,0.000,0.000,0.000
2025-11-21 04:47:29,mlx5_2,0.000,0.000,0.000,0.000
2025-11-21 04:47:29,mlx5_3,0.000,0.000,0.000,0.000
2025-11-21 04:47:29,mlx5_4,0.000,0.000,0.000,0.000
2025-11-21 04:47:29,mlx5_5,0.000,0.000,0.000,0.000
2025-11-21 04:47:29,mlx5_6,0.000,0.000,0.000,0.000
2025-11-21 04:47:29,mlx5_7,0.036,40.850,484.865,731.838
2025-11-21 04:47:29,mlx5_8,0.000,0.000,0.000,0.000
2025-11-21 04:47:29,mlx5_9,0.000,0.000,0.000,0.000
2025-11-21 04:47:29,TOTAL,0.046,56.741,582.211,989.743
2025-11-21 04:47:30,mlx5_0,0.004,6.375,97.347,258.707
2025-11-21 04:47:30,mlx5_1,0.000,0.000,0.000,0.000
2025-11-21 04:47:30,mlx5_2,0.000,0.000,0.000,0.000
2025-11-21 04:47:30,mlx5_3,0.000,0.000,0.000,0.000
2025-11-21 04:47:30,mlx5_4,0.000,0.000,0.000,0.000
2025-11-21 04:47:30,mlx5_5,0.000,0.000,0.000,0.000
2025-11-21 04:47:30,mlx5_6,0.000,0.000,0.000,0.000
2025-11-21 04:47:30,mlx5_7,0.013,14.061,484.866,733.606
2025-11-21 04:47:30,mlx5_8,0.000,0.000,0.000,0.000
2025-11-21 04:47:30,mlx5_9,0.000,0.000,0.000,0.000
2025-11-21 04:47:30,TOTAL,0.017,20.436,582.213,992.313
2025-11-21 04:47:31,mlx5_0,0.000,0.000,97.347,258.707
2025-11-21 04:47:31,mlx5_1,0.000,0.000,0.000,0.000
2025-11-21 04:47:31,mlx5_2,0.000,0.000,0.000,0.000
2025-11-21 04:47:31,mlx5_3,0.000,0.000,0.000,0.000
2025-11-21 04:47:31,mlx5_4,0.000,0.000,0.000,0.000
2025-11-21 04:47:31,mlx5_5,0.000,0.000,0.000,0.000
2025-11-21 04:47:31,mlx5_6,0.000,0.000,0.000,0.000
2025-11-21 04:47:31,mlx5_7,0.000,0.000,484.866,733.606
2025-11-21 04:47:31,mlx5_8,0.000,0.000,0.000,0.000
2025-11-21 04:47:31,mlx5_9,0.000,0.000,0.000,0.000
2025-11-21 04:47:31,TOTAL,0.000,0.000,582.213,992.313
2025-11-21 04:47:32,mlx5_0,0.000,0.000,97.347,258.707
2025-11-21 04:47:32,mlx5_1,0.000,0.000,0.000,0.000
2025-11-21 04:47:32,mlx5_2,0.000,0.000,0.000,0.000
2025-11-21 04:47:32,mlx5_3,0.000,0.000,0.000,0.000
2025-11-21 04:47:32,mlx5_4,0.000,0.000,0.000,0.000
2025-11-21 04:47:32,mlx5_5,0.000,0.000,0.000,0.000
2025-11-21 04:47:32,mlx5_6,0.000,0.000,0.000,0.000
2025-11-21 04:47:32,mlx5_7,0.000,0.000,484.866,733.606
2025-11-21 04:47:32,mlx5_8,0.000,0.000,0.000,0.000
2025-11-21 04:47:32,mlx5_9,0.000,0.000,0.000,0.000
2025-11-21 04:47:32,TOTAL,0.000,0.000,582.213,992.313
2025-11-21 04:47:33,mlx5_0,0.000,0.000,97.347,258.707
2025-11-21 04:47:33,mlx5_1,0.000,0.000,0.000,0.000
2025-11-21 04:47:33,mlx5_2,0.000,0.000,0.000,0.000
2025-11-21 04:47:33,mlx5_3,0.000,0.000,0.000,0.000
2025-11-21 04:47:33,mlx5_4,0.000,0.000,0.000,0.000
2025-11-21 04:47:33,mlx5_5,0.000,0.000,0.000,0.000
2025-11-21 04:47:33,mlx5_6,0.000,0.000,0.000,0.000
2025-11-21 04:47:33,mlx5_7,0.000,0.000,484.866,733.606
2025-11-21 04:47:33,mlx5_8,0.000,0.000,0.000,0.000
2025-11-21 04:47:33,mlx5_9,0.000,0.000,0.000,0.000
2025-11-21 04:47:33,TOTAL,0.000,0.000,582.213,992.313
2025-11-21 04:47:34,mlx5_0,0.000,0.000,97.347,258.707
2025-11-21 04:47:34,mlx5_1,0.000,0.000,0.000,0.000
2025-11-21 04:47:34,mlx5_2,0.000,0.000,0.000,0.000
2025-11-21 04:47:34,mlx5_3,0.000,0.000,0.000,0.000
2025-11-21 04:47:34,mlx5_4,0.000,0.000,0.000,0.000
2025-11-21 04:47:34,mlx5_5,0.000,0.000,0.000,0.000
2025-11-21 04:47:34,mlx5_6,0.000,0.000,0.000,0.000
2025-11-21 04:47:34,mlx5_7,0.000,0.000,484.866,733.606
2025-11-21 04:47:34,mlx5_8,0.000,0.000,0.000,0.000
2025-11-21 04:47:34,mlx5_9,0.000,0.000,0.000,0.000
2025-11-21 04:47:34,TOTAL,0.000,0.000,582.213,992.313
2025-11-21 04:47:35,mlx5_0,0.000,0.000,97.347,258.707
2025-11-21 04:47:35,mlx5_1,0.000,0.000,0.000,0.000
2025-11-21 04:47:35,mlx5_2,0.000,0.000,0.000,0.000
2025-11-21 04:47:35,mlx5_3,0.000,0.000,0.000,0.000
2025-11-21 04:47:35,mlx5_4,0.000,0.000,0.000,0.000
2025-11-21 04:47:35,mlx5_5,0.000,0.000,0.000,0.000
2025-11-21 04:47:35,mlx5_6,0.000,0.000,0.000,0.000
2025-11-21 04:47:35,mlx5_7,0.000,0.000,484.866,733.606
2025-11-21 04:47:35,mlx5_8,0.000,0.000,0.000,0.000
2025-11-21 04:47:35,mlx5_9,0.000,0.000,0.000,0.000
2025-11-21 04:47:35,TOTAL,0.000,0.000,582.213,992.313
2025-11-21 04:47:36,mlx5_0,0.000,0.000,97.347,258.707
2025-11-21 04:47:36,mlx5_1,0.000,0.000,0.000,0.000
2025-11-21 04:47:36,mlx5_2,0.000,0.000,0.000,0.000
2025-11-21 04:47:36,mlx5_3,0.000,0.000,0.000,0.000
2025-11-21 04:47:36,mlx5_4,0.000,0.000,0.000,0.000
2025-11-21 04:47:36,mlx5_5,0.000,0.000,0.000,0.000
2025-11-21 04:47:36,mlx5_6,0.000,0.000,0.000,0.000
2025-11-21 04:47:36,mlx5_7,0.000,0.000,484.866,733.606
2025-11-21 04:47:36,mlx5_8,0.000,0.000,0.000,0.000
2025-11-21 04:47:36,mlx5_9,0.000,0.000,0.000,0.000
2025-11-21 04:47:36,TOTAL,0.000,0.000,582.213,992.313
2025-11-21 04:47:37,mlx5_0,0.000,0.000,97.347,258.707
2025-11-21 04:47:37,mlx5_1,0.000,0.000,0.000,0.000
2025-11-21 04:47:37,mlx5_2,0.000,0.000,0.000,0.000
2025-11-21 04:47:37,mlx5_3,0.000,0.000,0.000,0.000
2025-11-21 04:47:37,mlx5_4,0.000,0.000,0.000,0.000
2025-11-21 04:47:37,mlx5_5,0.000,0.000,0.000,0.000
2025-11-21 04:47:37,mlx5_6,0.000,0.000,0.000,0.000
2025-11-21 04:47:37,mlx5_7,0.000,0.000,484.866,733.606
2025-11-21 04:47:37,mlx5_8,0.000,0.000,0.000,0.000
2025-11-21 04:47:37,mlx5_9,0.000,0.000,0.000,0.000
2025-11-21 04:47:37,TOTAL,0.000,0.000,582.213,992.313
2025-11-21 04:47:38,mlx5_0,0.000,0.000,97.347,258.707
2025-11-21 04:47:38,mlx5_1,0.000,0.000,0.000,0.000
2025-11-21 04:47:38,mlx5_2,0.000,0.000,0.000,0.000
2025-11-21 04:47:38,mlx5_3,0.000,0.000,0.000,0.000
2025-11-21 04:47:38,mlx5_4,0.000,0.000,0.000,0.000
2025-11-21 04:47:38,mlx5_5,0.000,0.000,0.000,0.000
2025-11-21 04:47:38,mlx5_6,0.000,0.000,0.000,0.000
2025-11-21 04:47:38,mlx5_7,0.000,0.000,484.866,733.606
2025-11-21 04:47:38,mlx5_8,0.000,0.000,0.000,0.000
2025-11-21 04:47:38,mlx5_9,0.000,0.000,0.000,0.000
2025-11-21 04:47:38,TOTAL,0.000,0.000,582.213,992.313
2025-11-21 04:47:39,mlx5_0,0.000,0.000,97.347,258.707
2025-11-21 04:47:39,mlx5_1,0.000,0.000,0.000,0.000
2025-11-21 04:47:39,mlx5_2,0.000,0.000,0.000,0.000
2025-11-21 04:47:39,mlx5_3,0.000,0.000,0.000,0.000
2025-11-21 04:47:39,mlx5_4,0.000,0.000,0.000,0.000
2025-11-21 04:47:39,mlx5_5,0.000,0.000,0.000,0.000
2025-11-21 04:47:39,mlx5_6,0.000,0.000,0.000,0.000
2025-11-21 04:47:39,mlx5_7,0.000,0.000,484.866,733.606
2025-11-21 04:47:39,mlx5_8,0.000,0.000,0.000,0.000
2025-11-21 04:47:39,mlx5_9,0.000,0.000,0.000,0.000
2025-11-21 04:47:39,TOTAL,0.000,0.000,582.213,992.313
2025-11-21 04:47:40,mlx5_0,0.000,0.000,97.347,258.707
2025-11-21 04:47:40,mlx5_1,0.000,0.000,0.000,0.000
2025-11-21 04:47:40,mlx5_2,0.000,0.000,0.000,0.000
2025-11-21 04:47:40,mlx5_3,0.000,0.000,0.000,0.000
2025-11-21 04:47:40,mlx5_4,0.000,0.000,0.000,0.000
2025-11-21 04:47:40,mlx5_5,0.000,0.000,0.000,0.000
2025-11-21 04:47:40,mlx5_6,0.000,0.000,0.000,0.000
2025-11-21 04:47:40,mlx5_7,0.000,0.000,484.866,733.606
2025-11-21 04:47:40,mlx5_8,0.000,0.000,0.000,0.000
2025-11-21 04:47:40,mlx5_9,0.000,0.000,0.000,0.000
2025-11-21 04:47:40,TOTAL,0.000,0.000,582.213,992.313
2025-11-21 04:47:41,mlx5_0,0.000,0.000,97.347,258.707
2025-11-21 04:47:41,mlx5_1,0.000,0.000,0.000,0.000
2025-11-21 04:47:41,mlx5_2,0.000,0.000,0.000,0.000
2025-11-21 04:47:41,mlx5_3,0.000,0.000,0.000,0.000
2025-11-21 04:47:41,mlx5_4,0.000,0.000,0.000,0.000
2025-11-21 04:47:41,mlx5_5,0.000,0.000,0.000,0.000
2025-11-21 04:47:41,mlx5_6,0.000,0.000,0.000,0.000
2025-11-21 04:47:41,mlx5_7,0.000,0.000,484.866,733.606
2025-11-21 04:47:41,mlx5_8,0.000,0.000,0.000,0.000
2025-11-21 04:47:41,mlx5_9,0.000,0.000,0.000,0.000
2025-11-21 04:47:41,TOTAL,0.000,0.000,582.213,992.313
2025-11-21 04:47:42,mlx5_0,0.000,0.000,97.347,258.707
2025-11-21 04:47:42,mlx5_1,0.000,0.000,0.000,0.000
2025-11-21 04:47:42,mlx5_2,0.000,0.000,0.000,0.000
2025-11-21 04:47:42,mlx5_3,0.000,0.000,0.000,0.000
2025-11-21 04:47:42,mlx5_4,0.000,0.000,0.000,0.000
2025-11-21 04:47:42,mlx5_5,0.000,0.000,0.000,0.000
2025-11-21 04:47:42,mlx5_6,0.000,0.000,0.000,0.000
2025-11-21 04:47:42,mlx5_7,0.000,0.000,484.866,733.606
2025-11-21 04:47:42,mlx5_8,0.000,0.000,0.000,0.000
2025-11-21 04:47:42,mlx5_9,0.000,0.000,0.000,0.000
2025-11-21 04:47:42,TOTAL,0.000,0.000,582.213,992.313
2025-11-21 04:47:43,mlx5_0,0.000,0.000,97.347,258.707
2025-11-21 04:47:43,mlx5_1,0.000,0.000,0.000,0.000
2025-11-21 04:47:43,mlx5_2,0.000,0.000,0.000,0.000
2025-11-21 04:47:43,mlx5_3,0.000,0.000,0.000,0.000
2025-11-21 04:47:43,mlx5_4,0.000,0.000,0.000,0.000
2025-11-21 04:47:43,mlx5_5,0.000,0.000,0.000,0.000
2025-11-21 04:47:43,mlx5_6,0.000,0.000,0.000,0.000
2025-11-21 04:47:43,mlx5_7,0.000,0.000,484.866,733.606
2025-11-21 04:47:43,mlx5_8,0.000,0.000,0.000,0.000
2025-11-21 04:47:43,mlx5_9,0.000,0.000,0.000,0.000
2025-11-21 04:47:43,TOTAL,0.000,0.000,582.213,992.313
2025-11-21 04:47:44,mlx5_0,0.000,0.000,97.347,258.707
2025-11-21 04:47:44,mlx5_1,0.000,0.000,0.000,0.000
2025-11-21 04:47:44,mlx5_2,0.000,0.000,0.000,0.000
2025-11-21 04:47:44,mlx5_3,0.000,0.000,0.000,0.000
2025-11-21 04:47:44,mlx5_4,0.000,0.000,0.000,0.000
2025-11-21 04:47:44,mlx5_5,0.000,0.000,0.000,0.000
2025-11-21 04:47:44,mlx5_6,0.000,0.000,0.000,0.000
2025-11-21 04:47:44,mlx5_7,0.000,0.000,484.866,733.606
2025-11-21 04:47:44,mlx5_8,0.000,0.000,0.000,0.000
2025-11-21 04:47:44,mlx5_9,0.000,0.000,0.000,0.000
2025-11-21 04:47:44,TOTAL,0.000,0.000,582.213,992.313
2025-11-21 04:47:45,mlx5_0,0.000,0.000,97.347,258.707
2025-11-21 04:47:45,mlx5_1,0.000,0.000,0.000,0.000
2025-11-21 04:47:45,mlx5_2,0.000,0.000,0.000,0.000
2025-11-21 04:47:45,mlx5_3,0.000,0.000,0.000,0.000
2025-11-21 04:47:45,mlx5_4,0.000,0.000,0.000,0.000
2025-11-21 04:47:45,mlx5_5,0.000,0.000,0.000,0.000
2025-11-21 04:47:45,mlx5_6,0.000,0.000,0.000,0.000
2025-11-21 04:47:45,mlx5_7,0.000,0.000,484.866,733.606
2025-11-21 04:47:45,mlx5_8,0.000,0.000,0.000,0.000
2025-11-21 04:47:45,mlx5_9,0.000,0.000,0.000,0.000
2025-11-21 04:47:45,TOTAL,0.000,0.000,582.213,992.313
2025-11-21 04:47:46,mlx5_0,0.000,0.000,97.347,258.707
2025-11-21 04:47:46,mlx5_1,0.000,0.000,0.000,0.000
2025-11-21 04:47:46,mlx5_2,0.000,0.000,0.000,0.000
2025-11-21 04:47:46,mlx5_3,0.000,0.000,0.000,0.000
2025-11-21 04:47:46,mlx5_4,0.000,0.000,0.000,0.000
2025-11-21 04:47:46,mlx5_5,0.000,0.000,0.000,0.000
2025-11-21 04:47:46,mlx5_6,0.000,0.000,0.000,0.000
2025-11-21 04:47:46,mlx5_7,0.000,0.000,484.866,733.606
2025-11-21 04:47:46,mlx5_8,0.000,0.000,0.000,0.000
2025-11-21 04:47:46,mlx5_9,0.000,0.000,0.000,0.000
2025-11-21 04:47:46,TOTAL,0.000,0.000,582.213,992.313
2025-11-21 04:47:47,mlx5_0,0.000,0.000,97.347,258.707
2025-11-21 04:47:47,mlx5_1,0.000,0.000,0.000,0.000
2025-11-21 04:47:47,mlx5_2,0.000,0.000,0.000,0.000
2025-11-21 04:47:47,mlx5_3,0.000,0.000,0.000,0.000
2025-11-21 04:47:47,mlx5_4,0.000,0.000,0.000,0.000
2025-11-21 04:47:47,mlx5_5,0.000,0.000,0.000,0.000
2025-11-21 04:47:47,mlx5_6,0.000,0.000,0.000,0.000
2025-11-21 04:47:47,mlx5_7,0.000,0.000,484.866,733.606
2025-11-21 04:47:47,mlx5_8,0.000,0.000,0.000,0.000
2025-11-21 04:47:47,mlx5_9,0.000,0.000,0.000,0.000
2025-11-21 04:47:47,TOTAL,0.000,0.000,582.213,992.313
2025-11-21 04:47:48,mlx5_0,0.000,0.000,97.347,258.707
2025-11-21 04:47:48,mlx5_1,0.000,0.000,0.000,0.000
2025-11-21 04:47:48,mlx5_2,0.000,0.000,0.000,0.000
2025-11-21 04:47:48,mlx5_3,0.000,0.000,0.000,0.000
2025-11-21 04:47:48,mlx5_4,0.000,0.000,0.000,0.000
2025-11-21 04:47:48,mlx5_5,0.000,0.000,0.000,0.000
2025-11-21 04:47:48,mlx5_6,0.000,0.000,0.000,0.000
2025-11-21 04:47:48,mlx5_7,0.000,0.000,484.866,733.606
2025-11-21 04:47:48,mlx5_8,0.000,0.000,0.000,0.000
2025-11-21 04:47:48,mlx5_9,0.000,0.000,0.000,0.000
2025-11-21 04:47:48,TOTAL,0.000,0.000,582.213,992.313
2025-11-21 04:47:49,mlx5_0,0.000,0.000,97.347,258.707
2025-11-21 04:47:49,mlx5_1,0.000,0.000,0.000,0.000
2025-11-21 04:47:49,mlx5_2,0.000,0.000,0.000,0.000
2025-11-21 04:47:49,mlx5_3,0.000,0.000,0.000,0.000
2025-11-21 04:47:49,mlx5_4,0.000,0.000,0.000,0.000
2025-11-21 04:47:49,mlx5_5,0.000,0.000,0.000,0.000
2025-11-21 04:47:49,mlx5_6,0.000,0.000,0.000,0.000
2025-11-21 04:47:49,mlx5_7,0.000,0.000,484.866,733.606
2025-11-21 04:47:49,mlx5_8,0.000,0.000,0.000,0.000
2025-11-21 04:47:49,mlx5_9,0.000,0.000,0.000,0.000
2025-11-21 04:47:49,TOTAL,0.000,0.000,582.213,992.313
2025-11-21 04:47:50,mlx5_0,0.004,6.868,97.347,259.570
2025-11-21 04:47:50,mlx5_1,0.000,0.000,0.000,0.000
2025-11-21 04:47:50,mlx5_2,0.000,0.000,0.000,0.000
2025-11-21 04:47:50,mlx5_3,0.000,0.000,0.000,0.000
2025-11-21 04:47:50,mlx5_4,0.000,0.000,0.000,0.000
2025-11-21 04:47:50,mlx5_5,0.000,0.000,0.000,0.000
2025-11-21 04:47:50,mlx5_6,0.000,0.000,0.000,0.000
2025-11-21 04:47:50,mlx5_7,0.023,24.649,484.869,736.704
2025-11-21 04:47:50,mlx5_8,0.000,0.000,0.000,0.000
2025-11-21 04:47:50,mlx5_9,0.000,0.000,0.000,0.000
2025-11-21 04:47:50,TOTAL,0.027,31.517,582.217,996.274
2025-11-21 04:47:51,mlx5_0,0.018,28.303,97.349,263.131
2025-11-21 04:47:51,mlx5_1,0.000,0.000,0.000,0.000
2025-11-21 04:47:51,mlx5_2,0.000,0.000,0.000,0.000
2025-11-21 04:47:51,mlx5_3,0.000,0.000,0.000,0.000
2025-11-21 04:47:51,mlx5_4,0.000,0.000,0.000,0.000
2025-11-21 04:47:51,mlx5_5,0.000,0.000,0.000,0.000
2025-11-21 04:47:51,mlx5_6,0.000,0.000,0.000,0.000
2025-11-21 04:47:51,mlx5_7,0.069,74.715,484.878,746.105
2025-11-21 04:47:51,mlx5_8,0.000,0.000,0.000,0.000
2025-11-21 04:47:51,mlx5_9,0.000,0.000,0.000,0.000
2025-11-21 04:47:51,TOTAL,0.087,103.018,582.228,1009.236
2025-11-21 04:47:52,mlx5_0,0.020,31.873,97.352,267.140
2025-11-21 04:47:52,mlx5_1,0.000,0.000,0.000,0.000
2025-11-21 04:47:52,mlx5_2,0.000,0.000,0.000,0.000
2025-11-21 04:47:52,mlx5_3,0.000,0.000,0.000,0.000
2025-11-21 04:47:52,mlx5_4,0.000,0.000,0.000,0.000
2025-11-21 04:47:52,mlx5_5,0.000,0.000,0.000,0.000
2025-11-21 04:47:52,mlx5_6,0.000,0.000,0.000,0.000
2025-11-21 04:47:52,mlx5_7,0.081,86.111,484.888,756.937
2025-11-21 04:47:52,mlx5_8,0.000,0.000,0.000,0.000
2025-11-21 04:47:52,mlx5_9,0.000,0.000,0.000,0.000
2025-11-21 04:47:52,TOTAL,0.101,117.984,582.240,1024.077
2025-11-21 04:47:53,mlx5_0,0.000,0.316,97.352,267.180
2025-11-21 04:47:53,mlx5_1,0.000,0.000,0.000,0.000
2025-11-21 04:47:53,mlx5_2,0.000,0.000,0.000,0.000
2025-11-21 04:47:53,mlx5_3,0.000,0.000,0.000,0.000
2025-11-21 04:47:53,mlx5_4,0.000,0.000,0.000,0.000
2025-11-21 04:47:53,mlx5_5,0.000,0.000,0.000,0.000
2025-11-21 04:47:53,mlx5_6,0.000,0.000,0.000,0.000
2025-11-21 04:47:53,mlx5_7,0.001,0.640,484.888,757.017
2025-11-21 04:47:53,mlx5_8,0.000,0.000,0.000,0.000
2025-11-21 04:47:53,mlx5_9,0.000,0.000,0.000,0.000
2025-11-21 04:47:53,TOTAL,0.001,0.956,582.240,1024.197
2025-11-21 04:47:54,mlx5_0,0.000,0.000,97.352,267.180
2025-11-21 04:47:54,mlx5_1,0.000,0.000,0.000,0.000
2025-11-21 04:47:54,mlx5_2,0.000,0.000,0.000,0.000
2025-11-21 04:47:54,mlx5_3,0.000,0.000,0.000,0.000
2025-11-21 04:47:54,mlx5_4,0.000,0.000,0.000,0.000
2025-11-21 04:47:54,mlx5_5,0.000,0.000,0.000,0.000
2025-11-21 04:47:54,mlx5_6,0.000,0.000,0.000,0.000
2025-11-21 04:47:54,mlx5_7,0.000,0.000,484.888,757.017
2025-11-21 04:47:54,mlx5_8,0.000,0.000,0.000,0.000
2025-11-21 04:47:54,mlx5_9,0.000,0.000,0.000,0.000
2025-11-21 04:47:54,TOTAL,0.000,0.000,582.240,1024.197
2025-11-21 04:47:55,mlx5_0,0.000,0.000,97.352,267.180
2025-11-21 04:47:55,mlx5_1,0.000,0.000,0.000,0.000
2025-11-21 04:47:55,mlx5_2,0.000,0.000,0.000,0.000
2025-11-21 04:47:55,mlx5_3,0.000,0.000,0.000,0.000
2025-11-21 04:47:55,mlx5_4,0.000,0.000,0.000,0.000
2025-11-21 04:47:55,mlx5_5,0.000,0.000,0.000,0.000
2025-11-21 04:47:55,mlx5_6,0.000,0.000,0.000,0.000
2025-11-21 04:47:55,mlx5_7,0.000,0.000,484.888,757.017
2025-11-21 04:47:55,mlx5_8,0.000,0.000,0.000,0.000
2025-11-21 04:47:55,mlx5_9,0.000,0.000,0.000,0.000
2025-11-21 04:47:55,TOTAL,0.000,0.000,582.240,1024.197
2025-11-21 04:47:56,mlx5_0,5.192,0.003,98.004,267.180
2025-11-21 04:47:56,mlx5_1,0.000,0.000,0.000,0.000
2025-11-21 04:47:56,mlx5_2,0.000,0.000,0.000,0.000
2025-11-21 04:47:56,mlx5_3,0.000,0.000,0.000,0.000
2025-11-21 04:47:56,mlx5_4,0.000,0.000,0.000,0.000
2025-11-21 04:47:56,mlx5_5,0.000,0.000,0.000,0.000
2025-11-21 04:47:56,mlx5_6,0.000,0.000,0.000,0.000
2025-11-21 04:47:56,mlx5_7,31.992,0.016,488.909,757.019
2025-11-21 04:47:56,mlx5_8,0.000,0.000,0.000,0.000
2025-11-21 04:47:56,mlx5_9,0.000,0.000,0.000,0.000
2025-11-21 04:47:56,TOTAL,37.184,0.018,586.914,1024.200
2025-11-21 04:47:57,mlx5_0,0.000,0.000,98.004,267.180
2025-11-21 04:47:57,mlx5_1,0.000,0.000,0.000,0.000
2025-11-21 04:47:57,mlx5_2,0.000,0.000,0.000,0.000
2025-11-21 04:47:57,mlx5_3,0.000,0.000,0.000,0.000
2025-11-21 04:47:57,mlx5_4,0.000,0.000,0.000,0.000
2025-11-21 04:47:57,mlx5_5,0.000,0.000,0.000,0.000
2025-11-21 04:47:57,mlx5_6,0.000,0.000,0.000,0.000
2025-11-21 04:47:57,mlx5_7,0.000,0.000,488.909,757.019
2025-11-21 04:47:57,mlx5_8,0.000,0.000,0.000,0.000
2025-11-21 04:47:57,mlx5_9,0.000,0.000,0.000,0.000
2025-11-21 04:47:57,TOTAL,0.000,0.000,586.914,1024.200
2025-11-21 04:47:58,mlx5_0,0.000,0.000,98.004,267.180
2025-11-21 04:47:58,mlx5_1,0.000,0.000,0.000,0.000
2025-11-21 04:47:58,mlx5_2,0.000,0.000,0.000,0.000
2025-11-21 04:47:58,mlx5_3,0.000,0.000,0.000,0.000
2025-11-21 04:47:58,mlx5_4,0.000,0.000,0.000,0.000
2025-11-21 04:47:58,mlx5_5,0.000,0.000,0.000,0.000
2025-11-21 04:47:58,mlx5_6,0.000,0.000,0.000,0.000
2025-11-21 04:47:58,mlx5_7,0.000,0.000,488.909,757.019
2025-11-21 04:47:58,mlx5_8,0.000,0.000,0.000,0.000
2025-11-21 04:47:58,mlx5_9,0.000,0.000,0.000,0.000
2025-11-21 04:47:58,TOTAL,0.000,0.000,586.914,1024.200
2025-11-21 04:47:59,mlx5_0,2.744,0.001,98.349,267.180
2025-11-21 04:47:59,mlx5_1,0.000,0.000,0.000,0.000
2025-11-21 04:47:59,mlx5_2,0.000,0.000,0.000,0.000
2025-11-21 04:47:59,mlx5_3,0.000,0.000,0.000,0.000
2025-11-21 04:47:59,mlx5_4,0.000,0.000,0.000,0.000
2025-11-21 04:47:59,mlx5_5,0.000,0.000,0.000,0.000
2025-11-21 04:47:59,mlx5_6,0.000,0.000,0.000,0.000
2025-11-21 04:47:59,mlx5_7,20.079,0.010,491.433,757.021
2025-11-21 04:47:59,mlx5_8,0.000,0.000,0.000,0.000
2025-11-21 04:47:59,mlx5_9,0.000,0.000,0.000,0.000
2025-11-21 04:47:59,TOTAL,22.823,0.011,589.782,1024.201
2025-11-21 04:48:00,mlx5_0,3.668,0.002,98.811,267.181
2025-11-21 04:48:00,mlx5_1,0.000,0.000,0.000,0.000
2025-11-21 04:48:00,mlx5_2,0.000,0.000,0.000,0.000
2025-11-21 04:48:00,mlx5_3,0.000,0.000,0.000,0.000
2025-11-21 04:48:00,mlx5_4,0.000,0.000,0.000,0.000
2025-11-21 04:48:00,mlx5_5,0.000,0.000,0.000,0.000
2025-11-21 04:48:00,mlx5_6,0.000,0.000,0.000,0.000
2025-11-21 04:48:00,mlx5_7,10.665,0.005,492.776,757.021
2025-11-21 04:48:00,mlx5_8,0.000,0.000,0.000,0.000
2025-11-21 04:48:00,mlx5_9,0.000,0.000,0.000,0.000
2025-11-21 04:48:00,TOTAL,14.334,0.007,591.588,1024.202
2025-11-21 04:48:01,mlx5_0,0.000,0.000,98.811,267.181
2025-11-21 04:48:01,mlx5_1,0.000,0.000,0.000,0.000
2025-11-21 04:48:01,mlx5_2,0.000,0.000,0.000,0.000
2025-11-21 04:48:01,mlx5_3,0.000,0.000,0.000,0.000
2025-11-21 04:48:01,mlx5_4,0.000,0.000,0.000,0.000
2025-11-21 04:48:01,mlx5_5,0.000,0.000,0.000,0.000
2025-11-21 04:48:01,mlx5_6,0.000,0.000,0.000,0.000
2025-11-21 04:48:01,mlx5_7,0.000,0.000,492.776,757.021
2025-11-21 04:48:01,mlx5_8,0.000,0.000,0.000,0.000
2025-11-21 04:48:01,mlx5_9,0.000,0.000,0.000,0.000
2025-11-21 04:48:01,TOTAL,0.000,0.000,591.588,1024.202
2025-11-21 04:48:02,mlx5_0,0.000,0.000,98.811,267.181
2025-11-21 04:48:02,mlx5_1,0.000,0.000,0.000,0.000
2025-11-21 04:48:02,mlx5_2,0.000,0.000,0.000,0.000
2025-11-21 04:48:02,mlx5_3,0.000,0.000,0.000,0.000
2025-11-21 04:48:02,mlx5_4,0.000,0.000,0.000,0.000
2025-11-21 04:48:02,mlx5_5,0.000,0.000,0.000,0.000
2025-11-21 04:48:02,mlx5_6,0.000,0.000,0.000,0.000
2025-11-21 04:48:02,mlx5_7,0.000,0.000,492.776,757.021
2025-11-21 04:48:02,mlx5_8,0.000,0.000,0.000,0.000
2025-11-21 04:48:02,mlx5_9,0.000,0.000,0.000,0.000
2025-11-21 04:48:02,TOTAL,0.000,0.000,591.588,1024.202
2025-11-21 04:48:03,mlx5_0,6.569,0.003,99.637,267.181
2025-11-21 04:48:03,mlx5_1,0.000,0.000,0.000,0.000
2025-11-21 04:48:03,mlx5_2,0.000,0.000,0.000,0.000
2025-11-21 04:48:03,mlx5_3,0.000,0.000,0.000,0.000
2025-11-21 04:48:03,mlx5_4,0.000,0.000,0.000,0.000
2025-11-21 04:48:03,mlx5_5,0.000,0.000,0.000,0.000
2025-11-21 04:48:03,mlx5_6,0.000,0.000,0.000,0.000
2025-11-21 04:48:03,mlx5_7,30.598,0.015,496.624,757.023
2025-11-21 04:48:03,mlx5_8,0.000,0.000,0.000,0.000
2025-11-21 04:48:03,mlx5_9,0.000,0.000,0.000,0.000
2025-11-21 04:48:03,TOTAL,37.166,0.018,596.261,1024.204
2025-11-21 04:48:04,mlx5_0,0.000,0.000,99.637,267.181
2025-11-21 04:48:04,mlx5_1,0.000,0.000,0.000,0.000
2025-11-21 04:48:04,mlx5_2,0.000,0.000,0.000,0.000
2025-11-21 04:48:04,mlx5_3,0.000,0.000,0.000,0.000
2025-11-21 04:48:04,mlx5_4,0.000,0.000,0.000,0.000
2025-11-21 04:48:04,mlx5_5,0.000,0.000,0.000,0.000
2025-11-21 04:48:04,mlx5_6,0.000,0.000,0.000,0.000
2025-11-21 04:48:04,mlx5_7,0.000,0.000,496.624,757.023
2025-11-21 04:48:04,mlx5_8,0.000,0.000,0.000,0.000
2025-11-21 04:48:04,mlx5_9,0.000,0.000,0.000,0.000
2025-11-21 04:48:04,TOTAL,0.000,0.000,596.261,1024.204
2025-11-21 04:48:05,mlx5_0,0.000,0.000,99.637,267.181
2025-11-21 04:48:05,mlx5_1,0.000,0.000,0.000,0.000
2025-11-21 04:48:05,mlx5_2,0.000,0.000,0.000,0.000
2025-11-21 04:48:05,mlx5_3,0.000,0.000,0.000,0.000
2025-11-21 04:48:05,mlx5_4,0.000,0.000,0.000,0.000
2025-11-21 04:48:05,mlx5_5,0.000,0.000,0.000,0.000
2025-11-21 04:48:05,mlx5_6,0.000,0.000,0.000,0.000
2025-11-21 04:48:05,mlx5_7,0.000,0.000,496.624,757.023
2025-11-21 04:48:05,mlx5_8,0.000,0.000,0.000,0.000
2025-11-21 04:48:05,mlx5_9,0.000,0.000,0.000,0.000
2025-11-21 04:48:05,TOTAL,0.000,0.000,596.261,1024.204
2025-11-21 04:48:06,mlx5_0,0.000,0.000,99.637,267.181
2025-11-21 04:48:06,mlx5_1,0.000,0.000,0.000,0.000
2025-11-21 04:48:06,mlx5_2,0.000,0.000,0.000,0.000
2025-11-21 04:48:06,mlx5_3,0.000,0.000,0.000,0.000
2025-11-21 04:48:06,mlx5_4,0.000,0.000,0.000,0.000
2025-11-21 04:48:06,mlx5_5,0.000,0.000,0.000,0.000
2025-11-21 04:48:06,mlx5_6,0.000,0.000,0.000,0.000
2025-11-21 04:48:06,mlx5_7,0.000,0.000,496.624,757.023
2025-11-21 04:48:06,mlx5_8,0.000,0.000,0.000,0.000
2025-11-21 04:48:06,mlx5_9,0.000,0.000,0.000,0.000
2025-11-21 04:48:06,TOTAL,0.000,0.000,596.261,1024.204
2025-11-21 04:48:07,mlx5_0,4.318,0.002,100.180,267.181
2025-11-21 04:48:07,mlx5_1,0.000,0.000,0.000,0.000
2025-11-21 04:48:07,mlx5_2,0.000,0.000,0.000,0.000
2025-11-21 04:48:07,mlx5_3,0.000,0.000,0.000,0.000
2025-11-21 04:48:07,mlx5_4,0.000,0.000,0.000,0.000
2025-11-21 04:48:07,mlx5_5,0.000,0.000,0.000,0.000
2025-11-21 04:48:07,mlx5_6,0.000,0.000,0.000,0.000
2025-11-21 04:48:07,mlx5_7,31.418,0.015,500.573,757.025
2025-11-21 04:48:07,mlx5_8,0.000,0.000,0.000,0.000
2025-11-21 04:48:07,mlx5_9,0.000,0.000,0.000,0.000
2025-11-21 04:48:07,TOTAL,35.737,0.017,600.753,1024.207
2025-11-21 04:48:08,mlx5_0,0.538,0.000,100.248,267.181
2025-11-21 04:48:08,mlx5_1,0.000,0.000,0.000,0.000
2025-11-21 04:48:08,mlx5_2,0.000,0.000,0.000,0.000
2025-11-21 04:48:08,mlx5_3,0.000,0.000,0.000,0.000
2025-11-21 04:48:08,mlx5_4,0.000,0.000,0.000,0.000
2025-11-21 04:48:08,mlx5_5,0.000,0.000,0.000,0.000
2025-11-21 04:48:08,mlx5_6,0.000,0.000,0.000,0.000
2025-11-21 04:48:08,mlx5_7,0.904,0.001,500.687,757.025
2025-11-21 04:48:08,mlx5_8,0.000,0.000,0.000,0.000
2025-11-21 04:48:08,mlx5_9,0.000,0.000,0.000,0.000
2025-11-21 04:48:08,TOTAL,1.443,0.001,600.935,1024.207
2025-11-21 04:48:09,mlx5_0,0.000,0.000,100.248,267.181
2025-11-21 04:48:09,mlx5_1,0.000,0.000,0.000,0.000
2025-11-21 04:48:09,mlx5_2,0.000,0.000,0.000,0.000
2025-11-21 04:48:09,mlx5_3,0.000,0.000,0.000,0.000
2025-11-21 04:48:09,mlx5_4,0.000,0.000,0.000,0.000
2025-11-21 04:48:09,mlx5_5,0.000,0.000,0.000,0.000
2025-11-21 04:48:09,mlx5_6,0.000,0.000,0.000,0.000
2025-11-21 04:48:09,mlx5_7,0.000,0.000,500.687,757.025
2025-11-21 04:48:09,mlx5_8,0.000,0.000,0.000,0.000
2025-11-21 04:48:09,mlx5_9,0.000,0.000,0.000,0.000
2025-11-21 04:48:09,TOTAL,0.000,0.000,600.935,1024.207
2025-11-21 04:48:10,mlx5_0,0.000,0.000,100.248,267.181
2025-11-21 04:48:10,mlx5_1,0.000,0.000,0.000,0.000
2025-11-21 04:48:10,mlx5_2,0.000,0.000,0.000,0.000
2025-11-21 04:48:10,mlx5_3,0.000,0.000,0.000,0.000
2025-11-21 04:48:10,mlx5_4,0.000,0.000,0.000,0.000
2025-11-21 04:48:10,mlx5_5,0.000,0.000,0.000,0.000
2025-11-21 04:48:10,mlx5_6,0.000,0.000,0.000,0.000
2025-11-21 04:48:10,mlx5_7,0.000,0.000,500.687,757.025
2025-11-21 04:48:10,mlx5_8,0.000,0.000,0.000,0.000
2025-11-21 04:48:10,mlx5_9,0.000,0.000,0.000,0.000
2025-11-21 04:48:10,TOTAL,0.000,0.000,600.935,1024.207
2025-11-21 04:48:11,mlx5_0,0.000,0.000,100.248,267.181
2025-11-21 04:48:11,mlx5_1,0.000,0.000,0.000,0.000
2025-11-21 04:48:11,mlx5_2,0.000,0.000,0.000,0.000
2025-11-21 04:48:11,mlx5_3,0.000,0.000,0.000,0.000
2025-11-21 04:48:11,mlx5_4,0.000,0.000,0.000,0.000
2025-11-21 04:48:11,mlx5_5,0.000,0.000,0.000,0.000
2025-11-21 04:48:11,mlx5_6,0.000,0.000,0.000,0.000
2025-11-21 04:48:11,mlx5_7,0.000,0.000,500.687,757.025
2025-11-21 04:48:11,mlx5_8,0.000,0.000,0.000,0.000
2025-11-21 04:48:11,mlx5_9,0.000,0.000,0.000,0.000
2025-11-21 04:48:11,TOTAL,0.000,0.000,600.935,1024.207
2025-11-21 04:48:12,mlx5_0,5.839,0.003,100.982,267.182
2025-11-21 04:48:12,mlx5_1,0.000,0.000,0.000,0.000
2025-11-21 04:48:12,mlx5_2,0.000,0.000,0.000,0.000
2025-11-21 04:48:12,mlx5_3,0.000,0.000,0.000,0.000
2025-11-21 04:48:12,mlx5_4,0.000,0.000,0.000,0.000
2025-11-21 04:48:12,mlx5_5,0.000,0.000,0.000,0.000
2025-11-21 04:48:12,mlx5_6,0.000,0.000,0.000,0.000
2025-11-21 04:48:12,mlx5_7,31.328,0.015,504.626,757.027
2025-11-21 04:48:12,mlx5_8,0.000,0.000,0.000,0.000
2025-11-21 04:48:12,mlx5_9,0.000,0.000,0.000,0.000
2025-11-21 04:48:12,TOTAL,37.168,0.018,605.609,1024.209
2025-11-21 04:48:13,mlx5_0,0.000,0.000,100.982,267.182
2025-11-21 04:48:13,mlx5_1,0.000,0.000,0.000,0.000
2025-11-21 04:48:13,mlx5_2,0.000,0.000,0.000,0.000
2025-11-21 04:48:13,mlx5_3,0.000,0.000,0.000,0.000
2025-11-21 04:48:13,mlx5_4,0.000,0.000,0.000,0.000
2025-11-21 04:48:13,mlx5_5,0.000,0.000,0.000,0.000
2025-11-21 04:48:13,mlx5_6,0.000,0.000,0.000,0.000
2025-11-21 04:48:13,mlx5_7,0.000,0.000,504.626,757.027
2025-11-21 04:48:13,mlx5_8,0.000,0.000,0.000,0.000
2025-11-21 04:48:13,mlx5_9,0.000,0.000,0.000,0.000
2025-11-21 04:48:13,TOTAL,0.000,0.000,605.609,1024.209
2025-11-21 04:48:14,mlx5_0,0.000,0.000,100.982,267.182
2025-11-21 04:48:14,mlx5_1,0.000,0.000,0.000,0.000
2025-11-21 04:48:14,mlx5_2,0.000,0.000,0.000,0.000
2025-11-21 04:48:14,mlx5_3,0.000,0.000,0.000,0.000
2025-11-21 04:48:14,mlx5_4,0.000,0.000,0.000,0.000
2025-11-21 04:48:14,mlx5_5,0.000,0.000,0.000,0.000
2025-11-21 04:48:14,mlx5_6,0.000,0.000,0.000,0.000
2025-11-21 04:48:14,mlx5_7,0.000,0.000,504.626,757.027
2025-11-21 04:48:14,mlx5_8,0.000,0.000,0.000,0.000
2025-11-21 04:48:14,mlx5_9,0.000,0.000,0.000,0.000
2025-11-21 04:48:14,TOTAL,0.000,0.000,605.609,1024.209
2025-11-21 04:48:15,mlx5_0,0.000,0.000,100.982,267.182
2025-11-21 04:48:15,mlx5_1,0.000,0.000,0.000,0.000
2025-11-21 04:48:15,mlx5_2,0.000,0.000,0.000,0.000
2025-11-21 04:48:15,mlx5_3,0.000,0.000,0.000,0.000
2025-11-21 04:48:15,mlx5_4,0.000,0.000,0.000,0.000
2025-11-21 04:48:15,mlx5_5,0.000,0.000,0.000,0.000
2025-11-21 04:48:15,mlx5_6,0.000,0.000,0.000,0.000
2025-11-21 04:48:15,mlx5_7,0.000,0.000,504.626,757.027
2025-11-21 04:48:15,mlx5_8,0.000,0.000,0.000,0.000
2025-11-21 04:48:15,mlx5_9,0.000,0.000,0.000,0.000
2025-11-21 04:48:15,TOTAL,0.000,0.000,605.609,1024.209
2025-11-21 04:48:16,mlx5_0,0.000,0.000,100.982,267.182
2025-11-21 04:48:16,mlx5_1,0.000,0.000,0.000,0.000
2025-11-21 04:48:16,mlx5_2,0.000,0.000,0.000,0.000
2025-11-21 04:48:16,mlx5_3,0.000,0.000,0.000,0.000
2025-11-21 04:48:16,mlx5_4,0.000,0.000,0.000,0.000
2025-11-21 04:48:16,mlx5_5,0.000,0.000,0.000,0.000
2025-11-21 04:48:16,mlx5_6,0.000,0.000,0.000,0.000
2025-11-21 04:48:16,mlx5_7,0.000,0.000,504.626,757.027
2025-11-21 04:48:16,mlx5_8,0.000,0.000,0.000,0.000
2025-11-21 04:48:16,mlx5_9,0.000,0.000,0.000,0.000
2025-11-21 04:48:16,TOTAL,0.000,0.000,605.609,1024.209
2025-11-21 04:48:17,mlx5_0,5.833,0.003,101.717,267.182
2025-11-21 04:48:17,mlx5_1,0.000,0.000,0.000,0.000
2025-11-21 04:48:17,mlx5_2,0.000,0.000,0.000,0.000
2025-11-21 04:48:17,mlx5_3,0.000,0.000,0.000,0.000
2025-11-21 04:48:17,mlx5_4,0.000,0.000,0.000,0.000
2025-11-21 04:48:17,mlx5_5,0.000,0.000,0.000,0.000
2025-11-21 04:48:17,mlx5_6,0.000,0.000,0.000,0.000
2025-11-21 04:48:17,mlx5_7,31.283,0.015,508.566,757.029
2025-11-21 04:48:17,mlx5_8,0.000,0.000,0.000,0.000
2025-11-21 04:48:17,mlx5_9,0.000,0.000,0.000,0.000
2025-11-21 04:48:17,TOTAL,37.116,0.018,610.282,1024.211
2025-11-21 04:48:18,mlx5_0,0.735,0.000,101.809,267.182
2025-11-21 04:48:18,mlx5_1,0.000,0.000,0.000,0.000
2025-11-21 04:48:18,mlx5_2,0.000,0.000,0.000,0.000
2025-11-21 04:48:18,mlx5_3,0.000,0.000,0.000,0.000
2025-11-21 04:48:18,mlx5_4,0.000,0.000,0.000,0.000
2025-11-21 04:48:18,mlx5_5,0.000,0.000,0.000,0.000
2025-11-21 04:48:18,mlx5_6,0.000,0.000,0.000,0.000
2025-11-21 04:48:18,mlx5_7,4.638,0.002,509.149,757.029
2025-11-21 04:48:18,mlx5_8,0.000,0.000,0.000,0.000
2025-11-21 04:48:18,mlx5_9,0.000,0.000,0.000,0.000
2025-11-21 04:48:18,TOTAL,5.373,0.003,610.958,1024.212
2025-11-21 04:48:19,mlx5_0,0.002,3.406,101.809,267.611
2025-11-21 04:48:19,mlx5_1,0.000,0.000,0.000,0.000
2025-11-21 04:48:19,mlx5_2,0.000,0.000,0.000,0.000
2025-11-21 04:48:19,mlx5_3,0.000,0.000,0.000,0.000
2025-11-21 04:48:19,mlx5_4,0.000,0.000,0.000,0.000
2025-11-21 04:48:19,mlx5_5,0.000,0.000,0.000,0.000
2025-11-21 04:48:19,mlx5_6,0.000,0.000,0.000,0.000
2025-11-21 04:48:19,mlx5_7,0.014,15.147,509.150,758.935
2025-11-21 04:48:19,mlx5_8,0.000,0.000,0.000,0.000
2025-11-21 04:48:19,mlx5_9,0.000,0.000,0.000,0.000
2025-11-21 04:48:19,TOTAL,0.016,18.553,610.960,1026.545
2025-11-21 04:48:20,mlx5_0,0.013,20.360,101.811,270.172
2025-11-21 04:48:20,mlx5_1,0.000,0.000,0.000,0.000
2025-11-21 04:48:20,mlx5_2,0.000,0.000,0.000,0.000
2025-11-21 04:48:20,mlx5_3,0.000,0.000,0.000,0.000
2025-11-21 04:48:20,mlx5_4,0.000,0.000,0.000,0.000
2025-11-21 04:48:20,mlx5_5,0.000,0.000,0.000,0.000
2025-11-21 04:48:20,mlx5_6,0.000,0.000,0.000,0.000
2025-11-21 04:48:20,mlx5_7,0.052,56.104,509.157,765.993
2025-11-21 04:48:20,mlx5_8,0.000,0.000,0.000,0.000
2025-11-21 04:48:20,mlx5_9,0.000,0.000,0.000,0.000
2025-11-21 04:48:20,TOTAL,0.065,76.464,610.968,1036.166
2025-11-21 04:48:21,mlx5_0,0.014,21.844,101.813,272.920
2025-11-21 04:48:21,mlx5_1,0.000,0.000,0.000,0.000
2025-11-21 04:48:21,mlx5_2,0.000,0.000,0.000,0.000
2025-11-21 04:48:21,mlx5_3,0.000,0.000,0.000,0.000
2025-11-21 04:48:21,mlx5_4,0.000,0.000,0.000,0.000
2025-11-21 04:48:21,mlx5_5,0.000,0.000,0.000,0.000
2025-11-21 04:48:21,mlx5_6,0.000,0.000,0.000,0.000
2025-11-21 04:48:21,mlx5_7,0.059,63.464,509.164,773.977
2025-11-21 04:48:21,mlx5_8,0.000,0.000,0.000,0.000
2025-11-21 04:48:21,mlx5_9,0.000,0.000,0.000,0.000
2025-11-21 04:48:21,TOTAL,0.073,85.309,610.977,1046.897
2025-11-21 04:48:22,mlx5_0,0.018,29.318,101.815,276.606
2025-11-21 04:48:22,mlx5_1,0.000,0.000,0.000,0.000
2025-11-21 04:48:22,mlx5_2,0.000,0.000,0.000,0.000
2025-11-21 04:48:22,mlx5_3,0.000,0.000,0.000,0.000
2025-11-21 04:48:22,mlx5_4,0.000,0.000,0.000,0.000
2025-11-21 04:48:22,mlx5_5,0.000,0.000,0.000,0.000
2025-11-21 04:48:22,mlx5_6,0.000,0.000,0.000,0.000
2025-11-21 04:48:22,mlx5_7,0.076,82.029,509.174,784.290
2025-11-21 04:48:22,mlx5_8,0.000,0.000,0.000,0.000
2025-11-21 04:48:22,mlx5_9,0.000,0.000,0.000,0.000
2025-11-21 04:48:22,TOTAL,0.094,111.347,610.989,1060.897
2025-11-21 04:48:23,mlx5_0,0.015,24.344,101.817,279.667
2025-11-21 04:48:23,mlx5_1,0.000,0.000,0.000,0.000
2025-11-21 04:48:23,mlx5_2,0.000,0.000,0.000,0.000
2025-11-21 04:48:23,mlx5_3,0.000,0.000,0.000,0.000
2025-11-21 04:48:23,mlx5_4,0.000,0.000,0.000,0.000
2025-11-21 04:48:23,mlx5_5,0.000,0.000,0.000,0.000
2025-11-21 04:48:23,mlx5_6,0.000,0.000,0.000,0.000
2025-11-21 04:48:23,mlx5_7,0.058,64.183,509.181,792.359
2025-11-21 04:48:23,mlx5_8,0.000,0.000,0.000,0.000
2025-11-21 04:48:23,mlx5_9,0.000,0.000,0.000,0.000
2025-11-21 04:48:23,TOTAL,0.073,88.527,610.998,1072.026
2025-11-21 04:48:24,mlx5_0,0.015,25.292,101.819,282.846
2025-11-21 04:48:24,mlx5_1,0.000,0.000,0.000,0.000
2025-11-21 04:48:24,mlx5_2,0.000,0.000,0.000,0.000
2025-11-21 04:48:24,mlx5_3,0.000,0.000,0.000,0.000
2025-11-21 04:48:24,mlx5_4,0.000,0.000,0.000,0.000
2025-11-21 04:48:24,mlx5_5,0.000,0.000,0.000,0.000
2025-11-21 04:48:24,mlx5_6,0.000,0.000,0.000,0.000
2025-11-21 04:48:24,mlx5_7,0.068,74.656,509.190,801.744
2025-11-21 04:48:24,mlx5_8,0.000,0.000,0.000,0.000
2025-11-21 04:48:24,mlx5_9,0.000,0.000,0.000,0.000
2025-11-21 04:48:24,TOTAL,0.084,99.948,611.009,1084.590
2025-11-21 04:48:25,mlx5_0,0.017,25.033,101.821,285.995
2025-11-21 04:48:25,mlx5_1,0.000,0.000,0.000,0.000
2025-11-21 04:48:25,mlx5_2,0.000,0.000,0.000,0.000
2025-11-21 04:48:25,mlx5_3,0.000,0.000,0.000,0.000
2025-11-21 04:48:25,mlx5_4,0.000,0.000,0.000,0.000
2025-11-21 04:48:25,mlx5_5,0.000,0.000,0.000,0.000
2025-11-21 04:48:25,mlx5_6,0.000,0.000,0.000,0.000
2025-11-21 04:48:25,mlx5_7,0.082,87.658,509.200,812.770
2025-11-21 04:48:25,mlx5_8,0.000,0.000,0.000,0.000
2025-11-21 04:48:25,mlx5_9,0.000,0.000,0.000,0.000
2025-11-21 04:48:25,TOTAL,0.099,112.691,611.021,1098.765
2025-11-21 04:48:26,mlx5_0,0.015,23.736,101.823,288.983
2025-11-21 04:48:26,mlx5_1,0.000,0.000,0.000,0.000
2025-11-21 04:48:26,mlx5_2,0.000,0.000,0.000,0.000
2025-11-21 04:48:26,mlx5_3,0.000,0.000,0.000,0.000
2025-11-21 04:48:26,mlx5_4,0.000,0.000,0.000,0.000
2025-11-21 04:48:26,mlx5_5,0.000,0.000,0.000,0.000
2025-11-21 04:48:26,mlx5_6,0.000,0.000,0.000,0.000
2025-11-21 04:48:26,mlx5_7,0.065,68.964,509.208,821.452
2025-11-21 04:48:26,mlx5_8,0.000,0.000,0.000,0.000
2025-11-21 04:48:26,mlx5_9,0.000,0.000,0.000,0.000
2025-11-21 04:48:26,TOTAL,0.080,92.700,611.031,1110.435
2025-11-21 04:48:27,mlx5_0,0.014,22.109,101.825,291.762
2025-11-21 04:48:27,mlx5_1,0.000,0.000,0.000,0.000
2025-11-21 04:48:27,mlx5_2,0.000,0.000,0.000,0.000
2025-11-21 04:48:27,mlx5_3,0.000,0.000,0.000,0.000
2025-11-21 04:48:27,mlx5_4,0.000,0.000,0.000,0.000
2025-11-21 04:48:27,mlx5_5,0.000,0.000,0.000,0.000
2025-11-21 04:48:27,mlx5_6,0.000,0.000,0.000,0.000
2025-11-21 04:48:27,mlx5_7,0.045,48.373,509.214,827.533
2025-11-21 04:48:27,mlx5_8,0.000,0.000,0.000,0.000
2025-11-21 04:48:27,mlx5_9,0.000,0.000,0.000,0.000
2025-11-21 04:48:27,TOTAL,0.059,70.482,611.039,1119.295
2025-11-21 04:48:28,mlx5_0,0.000,0.654,101.825,291.845
2025-11-21 04:48:28,mlx5_1,0.000,0.000,0.000,0.000
2025-11-21 04:48:28,mlx5_2,0.000,0.000,0.000,0.000
2025-11-21 04:48:28,mlx5_3,0.000,0.000,0.000,0.000
2025-11-21 04:48:28,mlx5_4,0.000,0.000,0.000,0.000
2025-11-21 04:48:28,mlx5_5,0.000,0.000,0.000,0.000
2025-11-21 04:48:28,mlx5_6,0.000,0.000,0.000,0.000
2025-11-21 04:48:28,mlx5_7,0.003,2.780,509.214,827.883
2025-11-21 04:48:28,mlx5_8,0.000,0.000,0.000,0.000
2025-11-21 04:48:28,mlx5_9,0.000,0.000,0.000,0.000
2025-11-21 04:48:28,TOTAL,0.003,3.433,611.039,1119.727
2025-11-21 04:48:29,mlx5_0,0.000,0.000,101.825,291.845
2025-11-21 04:48:29,mlx5_1,0.000,0.000,0.000,0.000
2025-11-21 04:48:29,mlx5_2,0.000,0.000,0.000,0.000
2025-11-21 04:48:29,mlx5_3,0.000,0.000,0.000,0.000
2025-11-21 04:48:29,mlx5_4,0.000,0.000,0.000,0.000
2025-11-21 04:48:29,mlx5_5,0.000,0.000,0.000,0.000
2025-11-21 04:48:29,mlx5_6,0.000,0.000,0.000,0.000
2025-11-21 04:48:29,mlx5_7,0.000,0.000,509.214,827.883
2025-11-21 04:48:29,mlx5_8,0.000,0.000,0.000,0.000
2025-11-21 04:48:29,mlx5_9,0.000,0.000,0.000,0.000
2025-11-21 04:48:29,TOTAL,0.000,0.000,611.039,1119.727
2025-11-21 04:48:30,mlx5_0,0.000,0.000,101.825,291.845
2025-11-21 04:48:30,mlx5_1,0.000,0.000,0.000,0.000
2025-11-21 04:48:30,mlx5_2,0.000,0.000,0.000,0.000
2025-11-21 04:48:30,mlx5_3,0.000,0.000,0.000,0.000
2025-11-21 04:48:30,mlx5_4,0.000,0.000,0.000,0.000
2025-11-21 04:48:30,mlx5_5,0.000,0.000,0.000,0.000
2025-11-21 04:48:30,mlx5_6,0.000,0.000,0.000,0.000
2025-11-21 04:48:30,mlx5_7,0.000,0.000,509.214,827.883
2025-11-21 04:48:30,mlx5_8,0.000,0.000,0.000,0.000
2025-11-21 04:48:30,mlx5_9,0.000,0.000,0.000,0.000
2025-11-21 04:48:30,TOTAL,0.000,0.000,611.039,1119.727
2025-11-21 04:48:31,mlx5_0,6.880,0.003,102.694,291.845
2025-11-21 04:48:31,mlx5_1,0.000,0.000,0.000,0.000
2025-11-21 04:48:31,mlx5_2,0.000,0.000,0.000,0.000
2025-11-21 04:48:31,mlx5_3,0.000,0.000,0.000,0.000
2025-11-21 04:48:31,mlx5_4,0.000,0.000,0.000,0.000
2025-11-21 04:48:31,mlx5_5,0.000,0.000,0.000,0.000
2025-11-21 04:48:31,mlx5_6,0.000,0.000,0.000,0.000
2025-11-21 04:48:31,mlx5_7,28.801,0.014,512.853,827.884
2025-11-21 04:48:31,mlx5_8,0.000,0.000,0.000,0.000
2025-11-21 04:48:31,mlx5_9,0.000,0.000,0.000,0.000
2025-11-21 04:48:31,TOTAL,35.681,0.018,615.547,1119.729
2025-11-21 04:48:32,mlx5_0,0.572,0.000,102.766,291.845
2025-11-21 04:48:32,mlx5_1,0.000,0.000,0.000,0.000
2025-11-21 04:48:32,mlx5_2,0.000,0.000,0.000,0.000
2025-11-21 04:48:32,mlx5_3,0.000,0.000,0.000,0.000
2025-11-21 04:48:32,mlx5_4,0.000,0.000,0.000,0.000
2025-11-21 04:48:32,mlx5_5,0.000,0.000,0.000,0.000
2025-11-21 04:48:32,mlx5_6,0.000,0.000,0.000,0.000
2025-11-21 04:48:32,mlx5_7,0.747,0.000,512.947,827.884
2025-11-21 04:48:32,mlx5_8,0.000,0.000,0.000,0.000
2025-11-21 04:48:32,mlx5_9,0.000,0.000,0.000,0.000
2025-11-21 04:48:32,TOTAL,1.319,0.001,615.713,1119.729
2025-11-21 04:48:33,mlx5_0,0.000,0.000,102.766,291.845
2025-11-21 04:48:33,mlx5_1,0.000,0.000,0.000,0.000
2025-11-21 04:48:33,mlx5_2,0.000,0.000,0.000,0.000
2025-11-21 04:48:33,mlx5_3,0.000,0.000,0.000,0.000
2025-11-21 04:48:33,mlx5_4,0.000,0.000,0.000,0.000
2025-11-21 04:48:33,mlx5_5,0.000,0.000,0.000,0.000
2025-11-21 04:48:33,mlx5_6,0.000,0.000,0.000,0.000
2025-11-21 04:48:33,mlx5_7,0.000,0.000,512.947,827.884
2025-11-21 04:48:33,mlx5_8,0.000,0.000,0.000,0.000
2025-11-21 04:48:33,mlx5_9,0.000,0.000,0.000,0.000
2025-11-21 04:48:33,TOTAL,0.000,0.000,615.713,1119.729
2025-11-21 04:48:34,mlx5_0,6.937,0.003,103.638,291.845
2025-11-21 04:48:34,mlx5_1,0.000,0.000,0.000,0.000
2025-11-21 04:48:34,mlx5_2,0.000,0.000,0.000,0.000
2025-11-21 04:48:34,mlx5_3,0.000,0.000,0.000,0.000
2025-11-21 04:48:34,mlx5_4,0.000,0.000,0.000,0.000
2025-11-21 04:48:34,mlx5_5,0.000,0.000,0.000,0.000
2025-11-21 04:48:34,mlx5_6,0.000,0.000,0.000,0.000
2025-11-21 04:48:34,mlx5_7,29.635,0.014,516.675,827.886
2025-11-21 04:48:34,mlx5_8,0.000,0.000,0.000,0.000
2025-11-21 04:48:34,mlx5_9,0.000,0.000,0.000,0.000
2025-11-21 04:48:34,TOTAL,36.572,0.018,620.313,1119.732
2025-11-21 04:48:35,mlx5_0,0.367,0.000,103.685,291.845
2025-11-21 04:48:35,mlx5_1,0.000,0.000,0.000,0.000
2025-11-21 04:48:35,mlx5_2,0.000,0.000,0.000,0.000
2025-11-21 04:48:35,mlx5_3,0.000,0.000,0.000,0.000
2025-11-21 04:48:35,mlx5_4,0.000,0.000,0.000,0.000
2025-11-21 04:48:35,mlx5_5,0.000,0.000,0.000,0.000
2025-11-21 04:48:35,mlx5_6,0.000,0.000,0.000,0.000
2025-11-21 04:48:35,mlx5_7,0.218,0.000,516.702,827.886
2025-11-21 04:48:35,mlx5_8,0.000,0.000,0.000,0.000
2025-11-21 04:48:35,mlx5_9,0.000,0.000,0.000,0.000
2025-11-21 04:48:35,TOTAL,0.584,0.000,620.386,1119.732
2025-11-21 04:48:36,mlx5_0,0.000,0.000,103.685,291.845
2025-11-21 04:48:36,mlx5_1,0.000,0.000,0.000,0.000
2025-11-21 04:48:36,mlx5_2,0.000,0.000,0.000,0.000
2025-11-21 04:48:36,mlx5_3,0.000,0.000,0.000,0.000
2025-11-21 04:48:36,mlx5_4,0.000,0.000,0.000,0.000
2025-11-21 04:48:36,mlx5_5,0.000,0.000,0.000,0.000
2025-11-21 04:48:36,mlx5_6,0.000,0.000,0.000,0.000
2025-11-21 04:48:36,mlx5_7,0.000,0.000,516.702,827.886
2025-11-21 04:48:36,mlx5_8,0.000,0.000,0.000,0.000
2025-11-21 04:48:36,mlx5_9,0.000,0.000,0.000,0.000
2025-11-21 04:48:36,TOTAL,0.000,0.000,620.386,1119.732
2025-11-21 04:48:37,mlx5_0,0.000,0.000,103.685,291.845
2025-11-21 04:48:37,mlx5_1,0.000,0.000,0.000,0.000
2025-11-21 04:48:37,mlx5_2,0.000,0.000,0.000,0.000
2025-11-21 04:48:37,mlx5_3,0.000,0.000,0.000,0.000
2025-11-21 04:48:37,mlx5_4,0.000,0.000,0.000,0.000
2025-11-21 04:48:37,mlx5_5,0.000,0.000,0.000,0.000
2025-11-21 04:48:37,mlx5_6,0.000,0.000,0.000,0.000
2025-11-21 04:48:37,mlx5_7,0.000,0.000,516.702,827.886
2025-11-21 04:48:37,mlx5_8,0.000,0.000,0.000,0.000
2025-11-21 04:48:37,mlx5_9,0.000,0.000,0.000,0.000
2025-11-21 04:48:37,TOTAL,0.000,0.000,620.386,1119.732
2025-11-21 04:48:38,mlx5_0,7.268,0.003,104.599,291.846
2025-11-21 04:48:38,mlx5_1,0.000,0.000,0.000,0.000
2025-11-21 04:48:38,mlx5_2,0.000,0.000,0.000,0.000
2025-11-21 04:48:38,mlx5_3,0.000,0.000,0.000,0.000
2025-11-21 04:48:38,mlx5_4,0.000,0.000,0.000,0.000
2025-11-21 04:48:38,mlx5_5,0.000,0.000,0.000,0.000
2025-11-21 04:48:38,mlx5_6,0.000,0.000,0.000,0.000
2025-11-21 04:48:38,mlx5_7,29.876,0.015,520.461,827.888
2025-11-21 04:48:38,mlx5_8,0.000,0.000,0.000,0.000
2025-11-21 04:48:38,mlx5_9,0.000,0.000,0.000,0.000
2025-11-21 04:48:38,TOTAL,37.144,0.018,625.060,1119.734
2025-11-21 04:48:39,mlx5_0,0.000,0.000,104.599,291.846
2025-11-21 04:48:39,mlx5_1,0.000,0.000,0.000,0.000
2025-11-21 04:48:39,mlx5_2,0.000,0.000,0.000,0.000
2025-11-21 04:48:39,mlx5_3,0.000,0.000,0.000,0.000
2025-11-21 04:48:39,mlx5_4,0.000,0.000,0.000,0.000
2025-11-21 04:48:39,mlx5_5,0.000,0.000,0.000,0.000
2025-11-21 04:48:39,mlx5_6,0.000,0.000,0.000,0.000
2025-11-21 04:48:39,mlx5_7,0.000,0.000,520.461,827.888
2025-11-21 04:48:39,mlx5_8,0.000,0.000,0.000,0.000
2025-11-21 04:48:39,mlx5_9,0.000,0.000,0.000,0.000
2025-11-21 04:48:39,TOTAL,0.000,0.000,625.060,1119.734
2025-11-21 04:48:40,mlx5_0,0.000,0.000,104.599,291.846
2025-11-21 04:48:40,mlx5_1,0.000,0.000,0.000,0.000
2025-11-21 04:48:40,mlx5_2,0.000,0.000,0.000,0.000
2025-11-21 04:48:40,mlx5_3,0.000,0.000,0.000,0.000
2025-11-21 04:48:40,mlx5_4,0.000,0.000,0.000,0.000
2025-11-21 04:48:40,mlx5_5,0.000,0.000,0.000,0.000
2025-11-21 04:48:40,mlx5_6,0.000,0.000,0.000,0.000
2025-11-21 04:48:40,mlx5_7,0.000,0.000,520.461,827.888
2025-11-21 04:48:40,mlx5_8,0.000,0.000,0.000,0.000
2025-11-21 04:48:40,mlx5_9,0.000,0.000,0.000,0.000
2025-11-21 04:48:40,TOTAL,0.000,0.000,625.060,1119.734
2025-11-21 04:48:41,mlx5_0,0.000,0.000,104.599,291.846
2025-11-21 04:48:41,mlx5_1,0.000,0.000,0.000,0.000
2025-11-21 04:48:41,mlx5_2,0.000,0.000,0.000,0.000
2025-11-21 04:48:41,mlx5_3,0.000,0.000,0.000,0.000
2025-11-21 04:48:41,mlx5_4,0.000,0.000,0.000,0.000
2025-11-21 04:48:41,mlx5_5,0.000,0.000,0.000,0.000
2025-11-21 04:48:41,mlx5_6,0.000,0.000,0.000,0.000
2025-11-21 04:48:41,mlx5_7,0.000,0.000,520.461,827.888
2025-11-21 04:48:41,mlx5_8,0.000,0.000,0.000,0.000
2025-11-21 04:48:41,mlx5_9,0.000,0.000,0.000,0.000
2025-11-21 04:48:41,TOTAL,0.000,0.000,625.060,1119.734
2025-11-21 04:48:42,mlx5_0,5.553,0.003,105.298,291.846
2025-11-21 04:48:42,mlx5_1,0.000,0.000,0.000,0.000
2025-11-21 04:48:42,mlx5_2,0.000,0.000,0.000,0.000
2025-11-21 04:48:42,mlx5_3,0.000,0.000,0.000,0.000
2025-11-21 04:48:42,mlx5_4,0.000,0.000,0.000,0.000
2025-11-21 04:48:42,mlx5_5,0.000,0.000,0.000,0.000
2025-11-21 04:48:42,mlx5_6,0.000,0.000,0.000,0.000
2025-11-21 04:48:42,mlx5_7,31.578,0.015,524.436,827.890
2025-11-21 04:48:42,mlx5_8,0.000,0.000,0.000,0.000
2025-11-21 04:48:42,mlx5_9,0.000,0.000,0.000,0.000
2025-11-21 04:48:42,TOTAL,37.131,0.018,629.734,1119.736
2025-11-21 04:48:43,mlx5_0,0.000,0.000,105.298,291.846
2025-11-21 04:48:43,mlx5_1,0.000,0.000,0.000,0.000
2025-11-21 04:48:43,mlx5_2,0.000,0.000,0.000,0.000
2025-11-21 04:48:43,mlx5_3,0.000,0.000,0.000,0.000
2025-11-21 04:48:43,mlx5_4,0.000,0.000,0.000,0.000
2025-11-21 04:48:43,mlx5_5,0.000,0.000,0.000,0.000
2025-11-21 04:48:43,mlx5_6,0.000,0.000,0.000,0.000
2025-11-21 04:48:43,mlx5_7,0.000,0.000,524.436,827.890
2025-11-21 04:48:43,mlx5_8,0.000,0.000,0.000,0.000
2025-11-21 04:48:43,mlx5_9,0.000,0.000,0.000,0.000
2025-11-21 04:48:43,TOTAL,0.000,0.000,629.734,1119.736
2025-11-21 04:48:44,mlx5_0,0.000,0.000,105.298,291.846
2025-11-21 04:48:44,mlx5_1,0.000,0.000,0.000,0.000
2025-11-21 04:48:44,mlx5_2,0.000,0.000,0.000,0.000
2025-11-21 04:48:44,mlx5_3,0.000,0.000,0.000,0.000
2025-11-21 04:48:44,mlx5_4,0.000,0.000,0.000,0.000
2025-11-21 04:48:44,mlx5_5,0.000,0.000,0.000,0.000
2025-11-21 04:48:44,mlx5_6,0.000,0.000,0.000,0.000
2025-11-21 04:48:44,mlx5_7,0.000,0.000,524.436,827.890
2025-11-21 04:48:44,mlx5_8,0.000,0.000,0.000,0.000
2025-11-21 04:48:44,mlx5_9,0.000,0.000,0.000,0.000
2025-11-21 04:48:44,TOTAL,0.000,0.000,629.734,1119.736
2025-11-21 04:48:45,mlx5_0,0.000,0.000,105.298,291.846
2025-11-21 04:48:45,mlx5_1,0.000,0.000,0.000,0.000
2025-11-21 04:48:45,mlx5_2,0.000,0.000,0.000,0.000
2025-11-21 04:48:45,mlx5_3,0.000,0.000,0.000,0.000
2025-11-21 04:48:45,mlx5_4,0.000,0.000,0.000,0.000
2025-11-21 04:48:45,mlx5_5,0.000,0.000,0.000,0.000
2025-11-21 04:48:45,mlx5_6,0.000,0.000,0.000,0.000
2025-11-21 04:48:45,mlx5_7,0.000,0.000,524.436,827.890
2025-11-21 04:48:45,mlx5_8,0.000,0.000,0.000,0.000
2025-11-21 04:48:45,mlx5_9,0.000,0.000,0.000,0.000
2025-11-21 04:48:45,TOTAL,0.000,0.000,629.734,1119.736
2025-11-21 04:48:46,mlx5_0,1.153,0.001,105.443,291.846
2025-11-21 04:48:46,mlx5_1,0.000,0.000,0.000,0.000
2025-11-21 04:48:46,mlx5_2,0.000,0.000,0.000,0.000
2025-11-21 04:48:46,mlx5_3,0.000,0.000,0.000,0.000
2025-11-21 04:48:46,mlx5_4,0.000,0.000,0.000,0.000
2025-11-21 04:48:46,mlx5_5,0.000,0.000,0.000,0.000
2025-11-21 04:48:46,mlx5_6,0.000,0.000,0.000,0.000
2025-11-21 04:48:46,mlx5_7,10.444,0.005,525.750,827.891
2025-11-21 04:48:46,mlx5_8,0.000,0.000,0.000,0.000
2025-11-21 04:48:46,mlx5_9,0.000,0.000,0.000,0.000
2025-11-21 04:48:46,TOTAL,11.597,0.006,631.193,1119.737
2025-11-21 04:48:47,mlx5_0,6.400,0.003,106.248,291.847
2025-11-21 04:48:47,mlx5_1,0.000,0.000,0.000,0.000
2025-11-21 04:48:47,mlx5_2,0.000,0.000,0.000,0.000
2025-11-21 04:48:47,mlx5_3,0.000,0.000,0.000,0.000
2025-11-21 04:48:47,mlx5_4,0.000,0.000,0.000,0.000
2025-11-21 04:48:47,mlx5_5,0.000,0.000,0.000,0.000
2025-11-21 04:48:47,mlx5_6,0.000,0.000,0.000,0.000
2025-11-21 04:48:47,mlx5_7,19.161,0.009,528.159,827.892
2025-11-21 04:48:47,mlx5_8,0.000,0.000,0.000,0.000
2025-11-21 04:48:47,mlx5_9,0.000,0.000,0.000,0.000
2025-11-21 04:48:47,TOTAL,25.560,0.012,634.407,1119.738
2025-11-21 04:48:48,mlx5_0,0.000,0.000,106.248,291.847
2025-11-21 04:48:48,mlx5_1,0.000,0.000,0.000,0.000
2025-11-21 04:48:48,mlx5_2,0.000,0.000,0.000,0.000
2025-11-21 04:48:48,mlx5_3,0.000,0.000,0.000,0.000
2025-11-21 04:48:48,mlx5_4,0.000,0.000,0.000,0.000
2025-11-21 04:48:48,mlx5_5,0.000,0.000,0.000,0.000
2025-11-21 04:48:48,mlx5_6,0.000,0.000,0.000,0.000
2025-11-21 04:48:48,mlx5_7,0.000,0.000,528.159,827.892
2025-11-21 04:48:48,mlx5_8,0.000,0.000,0.000,0.000
2025-11-21 04:48:48,mlx5_9,0.000,0.000,0.000,0.000
2025-11-21 04:48:48,TOTAL,0.000,0.000,634.407,1119.738
2025-11-21 04:48:49,mlx5_0,0.000,0.000,106.248,291.847
2025-11-21 04:48:49,mlx5_1,0.000,0.000,0.000,0.000
2025-11-21 04:48:49,mlx5_2,0.000,0.000,0.000,0.000
2025-11-21 04:48:49,mlx5_3,0.000,0.000,0.000,0.000
2025-11-21 04:48:49,mlx5_4,0.000,0.000,0.000,0.000
2025-11-21 04:48:49,mlx5_5,0.000,0.000,0.000,0.000
2025-11-21 04:48:49,mlx5_6,0.000,0.000,0.000,0.000
2025-11-21 04:48:49,mlx5_7,0.000,0.000,528.159,827.892
2025-11-21 04:48:49,mlx5_8,0.000,0.000,0.000,0.000
2025-11-21 04:48:49,mlx5_9,0.000,0.000,0.000,0.000
2025-11-21 04:48:49,TOTAL,0.000,0.000,634.407,1119.738
2025-11-21 04:48:50,mlx5_0,0.000,0.000,106.248,291.847
2025-11-21 04:48:50,mlx5_1,0.000,0.000,0.000,0.000
2025-11-21 04:48:50,mlx5_2,0.000,0.000,0.000,0.000
2025-11-21 04:48:50,mlx5_3,0.000,0.000,0.000,0.000
2025-11-21 04:48:50,mlx5_4,0.000,0.000,0.000,0.000
2025-11-21 04:48:50,mlx5_5,0.000,0.000,0.000,0.000
2025-11-21 04:48:50,mlx5_6,0.000,0.000,0.000,0.000
2025-11-21 04:48:50,mlx5_7,0.000,0.000,528.159,827.892
2025-11-21 04:48:50,mlx5_8,0.000,0.000,0.000,0.000
2025-11-21 04:48:50,mlx5_9,0.000,0.000,0.000,0.000
2025-11-21 04:48:50,TOTAL,0.000,0.000,634.407,1119.738
2025-11-21 04:48:51,mlx5_0,0.010,0.000,106.249,291.847
2025-11-21 04:48:51,mlx5_1,0.000,0.000,0.000,0.000
2025-11-21 04:48:51,mlx5_2,0.000,0.000,0.000,0.000
2025-11-21 04:48:51,mlx5_3,0.000,0.000,0.000,0.000
2025-11-21 04:48:51,mlx5_4,0.000,0.000,0.000,0.000
2025-11-21 04:48:51,mlx5_5,0.000,0.000,0.000,0.000
2025-11-21 04:48:51,mlx5_6,0.000,0.000,0.000,0.000
2025-11-21 04:48:51,mlx5_7,1.379,0.001,528.333,827.892
2025-11-21 04:48:51,mlx5_8,0.000,0.000,0.000,0.000
2025-11-21 04:48:51,mlx5_9,0.000,0.000,0.000,0.000
2025-11-21 04:48:51,TOTAL,1.389,0.001,634.582,1119.739
2025-11-21 04:48:52,mlx5_0,5.285,14.743,106.916,293.708
2025-11-21 04:48:52,mlx5_1,0.000,0.000,0.000,0.000
2025-11-21 04:48:52,mlx5_2,0.000,0.000,0.000,0.000
2025-11-21 04:48:52,mlx5_3,0.000,0.000,0.000,0.000
2025-11-21 04:48:52,mlx5_4,0.000,0.000,0.000,0.000
2025-11-21 04:48:52,mlx5_5,0.000,0.000,0.000,0.000
2025-11-21 04:48:52,mlx5_6,0.000,0.000,0.000,0.000
2025-11-21 04:48:52,mlx5_7,30.423,57.401,532.173,835.137
2025-11-21 04:48:52,mlx5_8,0.000,0.000,0.000,0.000
2025-11-21 04:48:52,mlx5_9,0.000,0.000,0.000,0.000
2025-11-21 04:48:52,TOTAL,35.708,72.144,639.089,1128.845
2025-11-21 04:48:53,mlx5_0,0.018,30.185,106.919,297.502
2025-11-21 04:48:53,mlx5_1,0.000,0.000,0.000,0.000
2025-11-21 04:48:53,mlx5_2,0.000,0.000,0.000,0.000
2025-11-21 04:48:53,mlx5_3,0.000,0.000,0.000,0.000
2025-11-21 04:48:53,mlx5_4,0.000,0.000,0.000,0.000
2025-11-21 04:48:53,mlx5_5,0.000,0.000,0.000,0.000
2025-11-21 04:48:53,mlx5_6,0.000,0.000,0.000,0.000
2025-11-21 04:48:53,mlx5_7,0.087,92.426,532.184,846.757
2025-11-21 04:48:53,mlx5_8,0.000,0.000,0.000,0.000
2025-11-21 04:48:53,mlx5_9,0.000,0.000,0.000,0.000
2025-11-21 04:48:53,TOTAL,0.105,122.611,639.102,1144.260
2025-11-21 04:48:54,mlx5_0,0.010,16.005,106.920,299.515
2025-11-21 04:48:54,mlx5_1,0.000,0.000,0.000,0.000
2025-11-21 04:48:54,mlx5_2,0.000,0.000,0.000,0.000
2025-11-21 04:48:54,mlx5_3,0.000,0.000,0.000,0.000
2025-11-21 04:48:54,mlx5_4,0.000,0.000,0.000,0.000
2025-11-21 04:48:54,mlx5_5,0.000,0.000,0.000,0.000
2025-11-21 04:48:54,mlx5_6,0.000,0.000,0.000,0.000
2025-11-21 04:48:54,mlx5_7,0.036,38.467,532.188,851.594
2025-11-21 04:48:54,mlx5_8,0.000,0.000,0.000,0.000
2025-11-21 04:48:54,mlx5_9,0.000,0.000,0.000,0.000
2025-11-21 04:48:54,TOTAL,0.046,54.471,639.108,1151.109
2025-11-21 04:48:55,mlx5_0,0.000,0.000,106.920,299.515
2025-11-21 04:48:55,mlx5_1,0.000,0.000,0.000,0.000
2025-11-21 04:48:55,mlx5_2,0.000,0.000,0.000,0.000
2025-11-21 04:48:55,mlx5_3,0.000,0.000,0.000,0.000
2025-11-21 04:48:55,mlx5_4,0.000,0.000,0.000,0.000
2025-11-21 04:48:55,mlx5_5,0.000,0.000,0.000,0.000
2025-11-21 04:48:55,mlx5_6,0.000,0.000,0.000,0.000
2025-11-21 04:48:55,mlx5_7,0.000,0.000,532.188,851.594
2025-11-21 04:48:55,mlx5_8,0.000,0.000,0.000,0.000
2025-11-21 04:48:55,mlx5_9,0.000,0.000,0.000,0.000
2025-11-21 04:48:55,TOTAL,0.000,0.000,639.108,1151.109
2025-11-21 04:48:56,mlx5_0,0.000,0.000,106.920,299.515
2025-11-21 04:48:56,mlx5_1,0.000,0.000,0.000,0.000
2025-11-21 04:48:56,mlx5_2,0.000,0.000,0.000,0.000
2025-11-21 04:48:56,mlx5_3,0.000,0.000,0.000,0.000
2025-11-21 04:48:56,mlx5_4,0.000,0.000,0.000,0.000
2025-11-21 04:48:56,mlx5_5,0.000,0.000,0.000,0.000
2025-11-21 04:48:56,mlx5_6,0.000,0.000,0.000,0.000
2025-11-21 04:48:56,mlx5_7,0.000,0.000,532.188,851.594
2025-11-21 04:48:56,mlx5_8,0.000,0.000,0.000,0.000
2025-11-21 04:48:56,mlx5_9,0.000,0.000,0.000,0.000
2025-11-21 04:48:56,TOTAL,0.000,0.000,639.108,1151.109
2025-11-21 04:48:57,mlx5_0,0.000,0.000,106.920,299.515
2025-11-21 04:48:57,mlx5_1,0.000,0.000,0.000,0.000
2025-11-21 04:48:57,mlx5_2,0.000,0.000,0.000,0.000
2025-11-21 04:48:57,mlx5_3,0.000,0.000,0.000,0.000
2025-11-21 04:48:57,mlx5_4,0.000,0.000,0.000,0.000
2025-11-21 04:48:57,mlx5_5,0.000,0.000,0.000,0.000
2025-11-21 04:48:57,mlx5_6,0.000,0.000,0.000,0.000
2025-11-21 04:48:57,mlx5_7,0.000,0.000,532.188,851.594
2025-11-21 04:48:57,mlx5_8,0.000,0.000,0.000,0.000
2025-11-21 04:48:57,mlx5_9,0.000,0.000,0.000,0.000
2025-11-21 04:48:57,TOTAL,0.000,0.000,639.108,1151.109
2025-11-21 04:48:58,mlx5_0,3.672,0.002,107.382,299.515
2025-11-21 04:48:58,mlx5_1,0.000,0.000,0.000,0.000
2025-11-21 04:48:58,mlx5_2,0.000,0.000,0.000,0.000
2025-11-21 04:48:58,mlx5_3,0.000,0.000,0.000,0.000
2025-11-21 04:48:58,mlx5_4,0.000,0.000,0.000,0.000
2025-11-21 04:48:58,mlx5_5,0.000,0.000,0.000,0.000
2025-11-21 04:48:58,mlx5_6,0.000,0.000,0.000,0.000
2025-11-21 04:48:58,mlx5_7,23.554,0.011,535.151,851.595
2025-11-21 04:48:58,mlx5_8,0.000,0.000,0.000,0.000
2025-11-21 04:48:58,mlx5_9,0.000,0.000,0.000,0.000
2025-11-21 04:48:58,TOTAL,27.226,0.013,642.533,1151.110
2025-11-21 04:48:59,mlx5_0,1.752,0.001,107.602,299.515
2025-11-21 04:48:59,mlx5_1,0.000,0.000,0.000,0.000
2025-11-21 04:48:59,mlx5_2,0.000,0.000,0.000,0.000
2025-11-21 04:48:59,mlx5_3,0.000,0.000,0.000,0.000
2025-11-21 04:48:59,mlx5_4,0.000,0.000,0.000,0.000
2025-11-21 04:48:59,mlx5_5,0.000,0.000,0.000,0.000
2025-11-21 04:48:59,mlx5_6,0.000,0.000,0.000,0.000
2025-11-21 04:48:59,mlx5_7,6.580,0.004,535.979,851.596
2025-11-21 04:48:59,mlx5_8,0.000,0.000,0.000,0.000
2025-11-21 04:48:59,mlx5_9,0.000,0.000,0.000,0.000
2025-11-21 04:48:59,TOTAL,8.332,0.005,643.581,1151.111
2025-11-21 04:49:00,mlx5_0,0.000,0.000,107.602,299.515
2025-11-21 04:49:00,mlx5_1,0.000,0.000,0.000,0.000
2025-11-21 04:49:00,mlx5_2,0.000,0.000,0.000,0.000
2025-11-21 04:49:00,mlx5_3,0.000,0.000,0.000,0.000
2025-11-21 04:49:00,mlx5_4,0.000,0.000,0.000,0.000
2025-11-21 04:49:00,mlx5_5,0.000,0.000,0.000,0.000
2025-11-21 04:49:00,mlx5_6,0.000,0.000,0.000,0.000
2025-11-21 04:49:00,mlx5_7,0.000,0.000,535.979,851.596
2025-11-21 04:49:00,mlx5_8,0.000,0.000,0.000,0.000
2025-11-21 04:49:00,mlx5_9,0.000,0.000,0.000,0.000
2025-11-21 04:49:00,TOTAL,0.000,0.000,643.581,1151.111
2025-11-21 04:49:01,mlx5_0,0.000,0.000,107.602,299.515
2025-11-21 04:49:01,mlx5_1,0.000,0.000,0.000,0.000
2025-11-21 04:49:01,mlx5_2,0.000,0.000,0.000,0.000
2025-11-21 04:49:01,mlx5_3,0.000,0.000,0.000,0.000
2025-11-21 04:49:01,mlx5_4,0.000,0.000,0.000,0.000
2025-11-21 04:49:01,mlx5_5,0.000,0.000,0.000,0.000
2025-11-21 04:49:01,mlx5_6,0.000,0.000,0.000,0.000
2025-11-21 04:49:01,mlx5_7,0.000,0.000,535.979,851.596
2025-11-21 04:49:01,mlx5_8,0.000,0.000,0.000,0.000
2025-11-21 04:49:01,mlx5_9,0.000,0.000,0.000,0.000
2025-11-21 04:49:01,TOTAL,0.000,0.000,643.581,1151.111
2025-11-21 04:49:02,mlx5_0,5.375,0.003,108.278,299.515
2025-11-21 04:49:02,mlx5_1,0.000,0.000,0.000,0.000
2025-11-21 04:49:02,mlx5_2,0.000,0.000,0.000,0.000
2025-11-21 04:49:02,mlx5_3,0.000,0.000,0.000,0.000
2025-11-21 04:49:02,mlx5_4,0.000,0.000,0.000,0.000
2025-11-21 04:49:02,mlx5_5,0.000,0.000,0.000,0.000
2025-11-21 04:49:02,mlx5_6,0.000,0.000,0.000,0.000
2025-11-21 04:49:02,mlx5_7,31.793,0.016,539.977,851.598
2025-11-21 04:49:02,mlx5_8,0.000,0.000,0.000,0.000
2025-11-21 04:49:02,mlx5_9,0.000,0.000,0.000,0.000
2025-11-21 04:49:02,TOTAL,37.168,0.018,648.255,1151.113
2025-11-21 04:49:03,mlx5_0,0.000,0.000,108.278,299.515
2025-11-21 04:49:03,mlx5_1,0.000,0.000,0.000,0.000
2025-11-21 04:49:03,mlx5_2,0.000,0.000,0.000,0.000
2025-11-21 04:49:03,mlx5_3,0.000,0.000,0.000,0.000
2025-11-21 04:49:03,mlx5_4,0.000,0.000,0.000,0.000
2025-11-21 04:49:03,mlx5_5,0.000,0.000,0.000,0.000
2025-11-21 04:49:03,mlx5_6,0.000,0.000,0.000,0.000
2025-11-21 04:49:03,mlx5_7,0.000,0.000,539.977,851.598
2025-11-21 04:49:03,mlx5_8,0.000,0.000,0.000,0.000
2025-11-21 04:49:03,mlx5_9,0.000,0.000,0.000,0.000
2025-11-21 04:49:03,TOTAL,0.000,0.000,648.255,1151.113
2025-11-21 04:49:04,mlx5_0,0.000,0.000,108.278,299.515
2025-11-21 04:49:04,mlx5_1,0.000,0.000,0.000,0.000
2025-11-21 04:49:04,mlx5_2,0.000,0.000,0.000,0.000
2025-11-21 04:49:04,mlx5_3,0.000,0.000,0.000,0.000
2025-11-21 04:49:04,mlx5_4,0.000,0.000,0.000,0.000
2025-11-21 04:49:04,mlx5_5,0.000,0.000,0.000,0.000
2025-11-21 04:49:04,mlx5_6,0.000,0.000,0.000,0.000
2025-11-21 04:49:04,mlx5_7,0.000,0.000,539.977,851.598
2025-11-21 04:49:04,mlx5_8,0.000,0.000,0.000,0.000
2025-11-21 04:49:04,mlx5_9,0.000,0.000,0.000,0.000
2025-11-21 04:49:04,TOTAL,0.000,0.000,648.255,1151.113
2025-11-21 04:49:05,mlx5_0,0.520,0.000,108.343,299.516
2025-11-21 04:49:05,mlx5_1,0.000,0.000,0.000,0.000
2025-11-21 04:49:05,mlx5_2,0.000,0.000,0.000,0.000
2025-11-21 04:49:05,mlx5_3,0.000,0.000,0.000,0.000
2025-11-21 04:49:05,mlx5_4,0.000,0.000,0.000,0.000
2025-11-21 04:49:05,mlx5_5,0.000,0.000,0.000,0.000
2025-11-21 04:49:05,mlx5_6,0.000,0.000,0.000,0.000
2025-11-21 04:49:05,mlx5_7,10.409,0.005,541.285,851.598
2025-11-21 04:49:05,mlx5_8,0.000,0.000,0.000,0.000
2025-11-21 04:49:05,mlx5_9,0.000,0.000,0.000,0.000
2025-11-21 04:49:05,TOTAL,10.928,0.006,649.628,1151.114
2025-11-21 04:49:06,mlx5_0,5.393,0.003,109.023,299.516
2025-11-21 04:49:06,mlx5_1,0.000,0.000,0.000,0.000
2025-11-21 04:49:06,mlx5_2,0.000,0.000,0.000,0.000
2025-11-21 04:49:06,mlx5_3,0.000,0.000,0.000,0.000
2025-11-21 04:49:06,mlx5_4,0.000,0.000,0.000,0.000
2025-11-21 04:49:06,mlx5_5,0.000,0.000,0.000,0.000
2025-11-21 04:49:06,mlx5_6,0.000,0.000,0.000,0.000
2025-11-21 04:49:06,mlx5_7,20.787,0.010,543.905,851.600
2025-11-21 04:49:06,mlx5_8,0.000,0.000,0.000,0.000
2025-11-21 04:49:06,mlx5_9,0.000,0.000,0.000,0.000
2025-11-21 04:49:06,TOTAL,26.180,0.012,652.928,1151.115
2025-11-21 04:49:07,mlx5_0,0.000,0.000,109.023,299.516
2025-11-21 04:49:07,mlx5_1,0.000,0.000,0.000,0.000
2025-11-21 04:49:07,mlx5_2,0.000,0.000,0.000,0.000
2025-11-21 04:49:07,mlx5_3,0.000,0.000,0.000,0.000
2025-11-21 04:49:07,mlx5_4,0.000,0.000,0.000,0.000
2025-11-21 04:49:07,mlx5_5,0.000,0.000,0.000,0.000
2025-11-21 04:49:07,mlx5_6,0.000,0.000,0.000,0.000
2025-11-21 04:49:07,mlx5_7,0.000,0.000,543.905,851.600
2025-11-21 04:49:07,mlx5_8,0.000,0.000,0.000,0.000
2025-11-21 04:49:07,mlx5_9,0.000,0.000,0.000,0.000
2025-11-21 04:49:07,TOTAL,0.000,0.000,652.928,1151.115
2025-11-21 04:49:08,mlx5_0,0.000,0.000,109.023,299.516
2025-11-21 04:49:08,mlx5_1,0.000,0.000,0.000,0.000
2025-11-21 04:49:08,mlx5_2,0.000,0.000,0.000,0.000
2025-11-21 04:49:08,mlx5_3,0.000,0.000,0.000,0.000
2025-11-21 04:49:08,mlx5_4,0.000,0.000,0.000,0.000
2025-11-21 04:49:08,mlx5_5,0.000,0.000,0.000,0.000
2025-11-21 04:49:08,mlx5_6,0.000,0.000,0.000,0.000
2025-11-21 04:49:08,mlx5_7,0.000,0.000,543.905,851.600
2025-11-21 04:49:08,mlx5_8,0.000,0.000,0.000,0.000
2025-11-21 04:49:08,mlx5_9,0.000,0.000,0.000,0.000
2025-11-21 04:49:08,TOTAL,0.000,0.000,652.928,1151.115
2025-11-21 04:49:09,mlx5_0,0.000,0.000,109.023,299.516
2025-11-21 04:49:09,mlx5_1,0.000,0.000,0.000,0.000
2025-11-21 04:49:09,mlx5_2,0.000,0.000,0.000,0.000
2025-11-21 04:49:09,mlx5_3,0.000,0.000,0.000,0.000
2025-11-21 04:49:09,mlx5_4,0.000,0.000,0.000,0.000
2025-11-21 04:49:09,mlx5_5,0.000,0.000,0.000,0.000
2025-11-21 04:49:09,mlx5_6,0.000,0.000,0.000,0.000
2025-11-21 04:49:09,mlx5_7,0.000,0.000,543.905,851.600
2025-11-21 04:49:09,mlx5_8,0.000,0.000,0.000,0.000
2025-11-21 04:49:09,mlx5_9,0.000,0.000,0.000,0.000
2025-11-21 04:49:09,TOTAL,0.000,0.000,652.928,1151.115
2025-11-21 04:49:10,mlx5_0,5.719,0.003,109.742,299.516
2025-11-21 04:49:10,mlx5_1,0.000,0.000,0.000,0.000
2025-11-21 04:49:10,mlx5_2,0.000,0.000,0.000,0.000
2025-11-21 04:49:10,mlx5_3,0.000,0.000,0.000,0.000
2025-11-21 04:49:10,mlx5_4,0.000,0.000,0.000,0.000
2025-11-21 04:49:10,mlx5_5,0.000,0.000,0.000,0.000
2025-11-21 04:49:10,mlx5_6,0.000,0.000,0.000,0.000
2025-11-21 04:49:10,mlx5_7,31.454,0.015,547.860,851.601
2025-11-21 04:49:10,mlx5_8,0.000,0.000,0.000,0.000
2025-11-21 04:49:10,mlx5_9,0.000,0.000,0.000,0.000
2025-11-21 04:49:10,TOTAL,37.173,0.018,657.602,1151.118
2025-11-21 04:49:11,mlx5_0,0.000,0.000,109.742,299.516
2025-11-21 04:49:11,mlx5_1,0.000,0.000,0.000,0.000
2025-11-21 04:49:11,mlx5_2,0.000,0.000,0.000,0.000
2025-11-21 04:49:11,mlx5_3,0.000,0.000,0.000,0.000
2025-11-21 04:49:11,mlx5_4,0.000,0.000,0.000,0.000
2025-11-21 04:49:11,mlx5_5,0.000,0.000,0.000,0.000
2025-11-21 04:49:11,mlx5_6,0.000,0.000,0.000,0.000
2025-11-21 04:49:11,mlx5_7,0.000,0.000,547.860,851.601
2025-11-21 04:49:11,mlx5_8,0.000,0.000,0.000,0.000
2025-11-21 04:49:11,mlx5_9,0.000,0.000,0.000,0.000
2025-11-21 04:49:11,TOTAL,0.000,0.000,657.602,1151.118
2025-11-21 04:49:12,mlx5_0,0.000,0.000,109.742,299.516
2025-11-21 04:49:12,mlx5_1,0.000,0.000,0.000,0.000
2025-11-21 04:49:12,mlx5_2,0.000,0.000,0.000,0.000
2025-11-21 04:49:12,mlx5_3,0.000,0.000,0.000,0.000
2025-11-21 04:49:12,mlx5_4,0.000,0.000,0.000,0.000
2025-11-21 04:49:12,mlx5_5,0.000,0.000,0.000,0.000
2025-11-21 04:49:12,mlx5_6,0.000,0.000,0.000,0.000
2025-11-21 04:49:12,mlx5_7,0.000,0.000,547.860,851.601
2025-11-21 04:49:12,mlx5_8,0.000,0.000,0.000,0.000
2025-11-21 04:49:12,mlx5_9,0.000,0.000,0.000,0.000
2025-11-21 04:49:12,TOTAL,0.000,0.000,657.602,1151.118
2025-11-21 04:49:13,mlx5_0,0.000,0.000,109.742,299.516
2025-11-21 04:49:13,mlx5_1,0.000,0.000,0.000,0.000
2025-11-21 04:49:13,mlx5_2,0.000,0.000,0.000,0.000
2025-11-21 04:49:13,mlx5_3,0.000,0.000,0.000,0.000
2025-11-21 04:49:13,mlx5_4,0.000,0.000,0.000,0.000
2025-11-21 04:49:13,mlx5_5,0.000,0.000,0.000,0.000
2025-11-21 04:49:13,mlx5_6,0.000,0.000,0.000,0.000
2025-11-21 04:49:13,mlx5_7,0.000,0.000,547.860,851.601
2025-11-21 04:49:13,mlx5_8,0.000,0.000,0.000,0.000
2025-11-21 04:49:13,mlx5_9,0.000,0.000,0.000,0.000
2025-11-21 04:49:13,TOTAL,0.000,0.000,657.602,1151.118
2025-11-21 04:49:14,mlx5_0,3.372,0.002,110.166,299.516
2025-11-21 04:49:14,mlx5_1,0.000,0.000,0.000,0.000
2025-11-21 04:49:14,mlx5_2,0.000,0.000,0.000,0.000
2025-11-21 04:49:14,mlx5_3,0.000,0.000,0.000,0.000
2025-11-21 04:49:14,mlx5_4,0.000,0.000,0.000,0.000
2025-11-21 04:49:14,mlx5_5,0.000,0.000,0.000,0.000
2025-11-21 04:49:14,mlx5_6,0.000,0.000,0.000,0.000
2025-11-21 04:49:14,mlx5_7,18.219,0.009,550.151,851.603
2025-11-21 04:49:14,mlx5_8,0.000,0.000,0.000,0.000
2025-11-21 04:49:14,mlx5_9,0.000,0.000,0.000,0.000
2025-11-21 04:49:14,TOTAL,21.592,0.010,660.317,1151.119
2025-11-21 04:49:15,mlx5_0,3.091,0.002,110.555,299.517
2025-11-21 04:49:15,mlx5_1,0.000,0.000,0.000,0.000
2025-11-21 04:49:15,mlx5_2,0.000,0.000,0.000,0.000
2025-11-21 04:49:15,mlx5_3,0.000,0.000,0.000,0.000
2025-11-21 04:49:15,mlx5_4,0.000,0.000,0.000,0.000
2025-11-21 04:49:15,mlx5_5,0.000,0.000,0.000,0.000
2025-11-21 04:49:15,mlx5_6,0.000,0.000,0.000,0.000
2025-11-21 04:49:15,mlx5_7,12.466,0.006,551.720,851.603
2025-11-21 04:49:15,mlx5_8,0.000,0.000,0.000,0.000
2025-11-21 04:49:15,mlx5_9,0.000,0.000,0.000,0.000
2025-11-21 04:49:15,TOTAL,15.558,0.008,662.276,1151.120
2025-11-21 04:49:16,mlx5_0,0.000,0.000,110.555,299.517
2025-11-21 04:49:16,mlx5_1,0.000,0.000,0.000,0.000
2025-11-21 04:49:16,mlx5_2,0.000,0.000,0.000,0.000
2025-11-21 04:49:16,mlx5_3,0.000,0.000,0.000,0.000
2025-11-21 04:49:16,mlx5_4,0.000,0.000,0.000,0.000
2025-11-21 04:49:16,mlx5_5,0.000,0.000,0.000,0.000
2025-11-21 04:49:16,mlx5_6,0.000,0.000,0.000,0.000
2025-11-21 04:49:16,mlx5_7,0.000,0.000,551.720,851.603
2025-11-21 04:49:16,mlx5_8,0.000,0.000,0.000,0.000
2025-11-21 04:49:16,mlx5_9,0.000,0.000,0.000,0.000
2025-11-21 04:49:16,TOTAL,0.000,0.000,662.276,1151.120
2025-11-21 04:49:17,mlx5_0,0.000,0.000,110.555,299.517
2025-11-21 04:49:17,mlx5_1,0.000,0.000,0.000,0.000
2025-11-21 04:49:17,mlx5_2,0.000,0.000,0.000,0.000
2025-11-21 04:49:17,mlx5_3,0.000,0.000,0.000,0.000
2025-11-21 04:49:17,mlx5_4,0.000,0.000,0.000,0.000
2025-11-21 04:49:17,mlx5_5,0.000,0.000,0.000,0.000
2025-11-21 04:49:17,mlx5_6,0.000,0.000,0.000,0.000
2025-11-21 04:49:17,mlx5_7,0.000,0.000,551.720,851.603
2025-11-21 04:49:17,mlx5_8,0.000,0.000,0.000,0.000
2025-11-21 04:49:17,mlx5_9,0.000,0.000,0.000,0.000
2025-11-21 04:49:17,TOTAL,0.000,0.000,662.276,1151.120
2025-11-21 04:49:18,mlx5_0,0.000,0.000,110.555,299.517
2025-11-21 04:49:18,mlx5_1,0.000,0.000,0.000,0.000
2025-11-21 04:49:18,mlx5_2,0.000,0.000,0.000,0.000
2025-11-21 04:49:18,mlx5_3,0.000,0.000,0.000,0.000
2025-11-21 04:49:18,mlx5_4,0.000,0.000,0.000,0.000
2025-11-21 04:49:18,mlx5_5,0.000,0.000,0.000,0.000
2025-11-21 04:49:18,mlx5_6,0.000,0.000,0.000,0.000
2025-11-21 04:49:18,mlx5_7,0.000,0.000,551.720,851.603
2025-11-21 04:49:18,mlx5_8,0.000,0.000,0.000,0.000
2025-11-21 04:49:18,mlx5_9,0.000,0.000,0.000,0.000
2025-11-21 04:49:18,TOTAL,0.000,0.000,662.276,1151.120
2025-11-21 04:49:19,mlx5_0,2.765,0.051,110.913,299.523
2025-11-21 04:49:19,mlx5_1,0.000,0.000,0.000,0.000
2025-11-21 04:49:19,mlx5_2,0.000,0.000,0.000,0.000
2025-11-21 04:49:19,mlx5_3,0.000,0.000,0.000,0.000
2025-11-21 04:49:19,mlx5_4,0.000,0.000,0.000,0.000
2025-11-21 04:49:19,mlx5_5,0.000,0.000,0.000,0.000
2025-11-21 04:49:19,mlx5_6,0.000,0.000,0.000,0.000
2025-11-21 04:49:19,mlx5_7,18.934,0.954,554.171,851.727
2025-11-21 04:49:19,mlx5_8,0.000,0.000,0.000,0.000
2025-11-21 04:49:19,mlx5_9,0.000,0.000,0.000,0.000
2025-11-21 04:49:19,TOTAL,21.699,1.005,665.084,1151.250
2025-11-21 04:49:20,mlx5_0,3.498,16.866,111.354,301.649
2025-11-21 04:49:20,mlx5_1,0.000,0.000,0.000,0.000
2025-11-21 04:49:20,mlx5_2,0.000,0.000,0.000,0.000
2025-11-21 04:49:20,mlx5_3,0.000,0.000,0.000,0.000
2025-11-21 04:49:20,mlx5_4,0.000,0.000,0.000,0.000
2025-11-21 04:49:20,mlx5_5,0.000,0.000,0.000,0.000
2025-11-21 04:49:20,mlx5_6,0.000,0.000,0.000,0.000
2025-11-21 04:49:20,mlx5_7,11.359,49.262,555.603,857.936
2025-11-21 04:49:20,mlx5_8,0.000,0.000,0.000,0.000
2025-11-21 04:49:20,mlx5_9,0.000,0.000,0.000,0.000
2025-11-21 04:49:20,TOTAL,14.858,66.127,666.957,1159.585
2025-11-21 04:49:21,mlx5_0,0.018,27.348,111.356,305.086
2025-11-21 04:49:21,mlx5_1,0.000,0.000,0.000,0.000
2025-11-21 04:49:21,mlx5_2,0.000,0.000,0.000,0.000
2025-11-21 04:49:21,mlx5_3,0.000,0.000,0.000,0.000
2025-11-21 04:49:21,mlx5_4,0.000,0.000,0.000,0.000
2025-11-21 04:49:21,mlx5_5,0.000,0.000,0.000,0.000
2025-11-21 04:49:21,mlx5_6,0.000,0.000,0.000,0.000
2025-11-21 04:49:21,mlx5_7,0.084,89.553,555.613,869.190
2025-11-21 04:49:21,mlx5_8,0.000,0.000,0.000,0.000
2025-11-21 04:49:21,mlx5_9,0.000,0.000,0.000,0.000
2025-11-21 04:49:21,TOTAL,0.102,116.901,666.969,1174.276
2025-11-21 04:49:23,mlx5_0,0.011,15.970,111.358,307.093
2025-11-21 04:49:23,mlx5_1,0.000,0.000,0.000,0.000
2025-11-21 04:49:23,mlx5_2,0.000,0.000,0.000,0.000
2025-11-21 04:49:23,mlx5_3,0.000,0.000,0.000,0.000
2025-11-21 04:49:23,mlx5_4,0.000,0.000,0.000,0.000
2025-11-21 04:49:23,mlx5_5,0.000,0.000,0.000,0.000
2025-11-21 04:49:23,mlx5_6,0.000,0.000,0.000,0.000
2025-11-21 04:49:23,mlx5_7,0.045,47.733,555.619,875.190
2025-11-21 04:49:23,mlx5_8,0.000,0.000,0.000,0.000
2025-11-21 04:49:23,mlx5_9,0.000,0.000,0.000,0.000
2025-11-21 04:49:23,TOTAL,0.055,63.703,666.976,1182.283
2025-11-21 04:49:24,mlx5_0,0.000,0.000,111.358,307.093
2025-11-21 04:49:24,mlx5_1,0.000,0.000,0.000,0.000
2025-11-21 04:49:24,mlx5_2,0.000,0.000,0.000,0.000
2025-11-21 04:49:24,mlx5_3,0.000,0.000,0.000,0.000
2025-11-21 04:49:24,mlx5_4,0.000,0.000,0.000,0.000
2025-11-21 04:49:24,mlx5_5,0.000,0.000,0.000,0.000
2025-11-21 04:49:24,mlx5_6,0.000,0.000,0.000,0.000
2025-11-21 04:49:24,mlx5_7,0.000,0.000,555.619,875.190
2025-11-21 04:49:24,mlx5_8,0.000,0.000,0.000,0.000
2025-11-21 04:49:24,mlx5_9,0.000,0.000,0.000,0.000
2025-11-21 04:49:24,TOTAL,0.000,0.000,666.976,1182.283
2025-11-21 04:49:25,mlx5_0,0.000,0.000,111.358,307.093
2025-11-21 04:49:25,mlx5_1,0.000,0.000,0.000,0.000
2025-11-21 04:49:25,mlx5_2,0.000,0.000,0.000,0.000
2025-11-21 04:49:25,mlx5_3,0.000,0.000,0.000,0.000
2025-11-21 04:49:25,mlx5_4,0.000,0.000,0.000,0.000
2025-11-21 04:49:25,mlx5_5,0.000,0.000,0.000,0.000
2025-11-21 04:49:25,mlx5_6,0.000,0.000,0.000,0.000
2025-11-21 04:49:25,mlx5_7,0.000,0.000,555.619,875.190
2025-11-21 04:49:25,mlx5_8,0.000,0.000,0.000,0.000
2025-11-21 04:49:25,mlx5_9,0.000,0.000,0.000,0.000
2025-11-21 04:49:25,TOTAL,0.000,0.000,666.976,1182.283
2025-11-21 04:49:26,mlx5_0,0.000,0.000,111.358,307.093
2025-11-21 04:49:26,mlx5_1,0.000,0.000,0.000,0.000
2025-11-21 04:49:26,mlx5_2,0.000,0.000,0.000,0.000
2025-11-21 04:49:26,mlx5_3,0.000,0.000,0.000,0.000
2025-11-21 04:49:26,mlx5_4,0.000,0.000,0.000,0.000
2025-11-21 04:49:26,mlx5_5,0.000,0.000,0.000,0.000
2025-11-21 04:49:26,mlx5_6,0.000,0.000,0.000,0.000
2025-11-21 04:49:26,mlx5_7,0.000,0.000,555.619,875.190
2025-11-21 04:49:26,mlx5_8,0.000,0.000,0.000,0.000
2025-11-21 04:49:26,mlx5_9,0.000,0.000,0.000,0.000
2025-11-21 04:49:26,TOTAL,0.000,0.000,666.976,1182.283
2025-11-21 04:49:27,mlx5_0,5.625,0.003,112.065,307.094
2025-11-21 04:49:27,mlx5_1,0.000,0.000,0.000,0.000
2025-11-21 04:49:27,mlx5_2,0.000,0.000,0.000,0.000
2025-11-21 04:49:27,mlx5_3,0.000,0.000,0.000,0.000
2025-11-21 04:49:27,mlx5_4,0.000,0.000,0.000,0.000
2025-11-21 04:49:27,mlx5_5,0.000,0.000,0.000,0.000
2025-11-21 04:49:27,mlx5_6,0.000,0.000,0.000,0.000
2025-11-21 04:49:27,mlx5_7,32.284,0.016,559.677,875.192
2025-11-21 04:49:27,mlx5_8,0.000,0.000,0.000,0.000
2025-11-21 04:49:27,mlx5_9,0.000,0.000,0.000,0.000
2025-11-21 04:49:27,TOTAL,37.909,0.019,671.741,1182.286
2025-11-21 04:49:28,mlx5_0,0.000,0.000,112.065,307.094
2025-11-21 04:49:28,mlx5_1,0.000,0.000,0.000,0.000
2025-11-21 04:49:28,mlx5_2,0.000,0.000,0.000,0.000
2025-11-21 04:49:28,mlx5_3,0.000,0.000,0.000,0.000
2025-11-21 04:49:28,mlx5_4,0.000,0.000,0.000,0.000
2025-11-21 04:49:28,mlx5_5,0.000,0.000,0.000,0.000
2025-11-21 04:49:28,mlx5_6,0.000,0.000,0.000,0.000
2025-11-21 04:49:28,mlx5_7,0.000,0.000,559.677,875.192
2025-11-21 04:49:28,mlx5_8,0.000,0.000,0.000,0.000
2025-11-21 04:49:28,mlx5_9,0.000,0.000,0.000,0.000
2025-11-21 04:49:28,TOTAL,0.000,0.000,671.742,1182.286
2025-11-21 04:49:29,mlx5_0,0.000,0.000,112.065,307.094
2025-11-21 04:49:29,mlx5_1,0.000,0.000,0.000,0.000
2025-11-21 04:49:29,mlx5_2,0.000,0.000,0.000,0.000
2025-11-21 04:49:29,mlx5_3,0.000,0.000,0.000,0.000
2025-11-21 04:49:29,mlx5_4,0.000,0.000,0.000,0.000
2025-11-21 04:49:29,mlx5_5,0.000,0.000,0.000,0.000
2025-11-21 04:49:29,mlx5_6,0.000,0.000,0.000,0.000
2025-11-21 04:49:29,mlx5_7,0.000,0.000,559.677,875.192
2025-11-21 04:49:29,mlx5_8,0.000,0.000,0.000,0.000
2025-11-21 04:49:29,mlx5_9,0.000,0.000,0.000,0.000
2025-11-21 04:49:29,TOTAL,0.000,0.000,671.742,1182.286
2025-11-21 04:49:30,mlx5_0,0.000,0.000,112.065,307.094
2025-11-21 04:49:30,mlx5_1,0.000,0.000,0.000,0.000
2025-11-21 04:49:30,mlx5_2,0.000,0.000,0.000,0.000
2025-11-21 04:49:30,mlx5_3,0.000,0.000,0.000,0.000
2025-11-21 04:49:30,mlx5_4,0.000,0.000,0.000,0.000
2025-11-21 04:49:30,mlx5_5,0.000,0.000,0.000,0.000
2025-11-21 04:49:30,mlx5_6,0.000,0.000,0.000,0.000
2025-11-21 04:49:30,mlx5_7,0.000,0.000,559.677,875.192
2025-11-21 04:49:30,mlx5_8,0.000,0.000,0.000,0.000
2025-11-21 04:49:30,mlx5_9,0.000,0.000,0.000,0.000
2025-11-21 04:49:30,TOTAL,0.000,0.000,671.742,1182.286
2025-11-21 04:49:31,mlx5_0,6.555,0.003,112.889,307.094
2025-11-21 04:49:31,mlx5_1,0.000,0.000,0.000,0.000
2025-11-21 04:49:31,mlx5_2,0.000,0.000,0.000,0.000
2025-11-21 04:49:31,mlx5_3,0.000,0.000,0.000,0.000
2025-11-21 04:49:31,mlx5_4,0.000,0.000,0.000,0.000
2025-11-21 04:49:31,mlx5_5,0.000,0.000,0.000,0.000
2025-11-21 04:49:31,mlx5_6,0.000,0.000,0.000,0.000
2025-11-21 04:49:31,mlx5_7,30.625,0.015,563.526,875.194
2025-11-21 04:49:31,mlx5_8,0.000,0.000,0.000,0.000
2025-11-21 04:49:31,mlx5_9,0.000,0.000,0.000,0.000
2025-11-21 04:49:31,TOTAL,37.180,0.018,676.415,1182.288
2025-11-21 04:49:32,mlx5_0,0.000,0.000,112.889,307.094
2025-11-21 04:49:32,mlx5_1,0.000,0.000,0.000,0.000
2025-11-21 04:49:32,mlx5_2,0.000,0.000,0.000,0.000
2025-11-21 04:49:32,mlx5_3,0.000,0.000,0.000,0.000
2025-11-21 04:49:32,mlx5_4,0.000,0.000,0.000,0.000
2025-11-21 04:49:32,mlx5_5,0.000,0.000,0.000,0.000
2025-11-21 04:49:32,mlx5_6,0.000,0.000,0.000,0.000
2025-11-21 04:49:32,mlx5_7,0.000,0.000,563.526,875.194
2025-11-21 04:49:32,mlx5_8,0.000,0.000,0.000,0.000
2025-11-21 04:49:32,mlx5_9,0.000,0.000,0.000,0.000
2025-11-21 04:49:32,TOTAL,0.000,0.000,676.415,1182.288
2025-11-21 04:49:33,mlx5_0,0.000,0.000,112.889,307.094
2025-11-21 04:49:33,mlx5_1,0.000,0.000,0.000,0.000
2025-11-21 04:49:33,mlx5_2,0.000,0.000,0.000,0.000
2025-11-21 04:49:33,mlx5_3,0.000,0.000,0.000,0.000
2025-11-21 04:49:33,mlx5_4,0.000,0.000,0.000,0.000
2025-11-21 04:49:33,mlx5_5,0.000,0.000,0.000,0.000
2025-11-21 04:49:33,mlx5_6,0.000,0.000,0.000,0.000
2025-11-21 04:49:33,mlx5_7,0.000,0.000,563.526,875.194
2025-11-21 04:49:33,mlx5_8,0.000,0.000,0.000,0.000
2025-11-21 04:49:33,mlx5_9,0.000,0.000,0.000,0.000
2025-11-21 04:49:33,TOTAL,0.000,0.000,676.415,1182.288
2025-11-21 04:49:34,mlx5_0,0.000,0.000,112.889,307.094
2025-11-21 04:49:34,mlx5_1,0.000,0.000,0.000,0.000
2025-11-21 04:49:34,mlx5_2,0.000,0.000,0.000,0.000
2025-11-21 04:49:34,mlx5_3,0.000,0.000,0.000,0.000
2025-11-21 04:49:34,mlx5_4,0.000,0.000,0.000,0.000
2025-11-21 04:49:34,mlx5_5,0.000,0.000,0.000,0.000
2025-11-21 04:49:34,mlx5_6,0.000,0.000,0.000,0.000
2025-11-21 04:49:34,mlx5_7,0.000,0.000,563.526,875.194
2025-11-21 04:49:34,mlx5_8,0.000,0.000,0.000,0.000
2025-11-21 04:49:34,mlx5_9,0.000,0.000,0.000,0.000
2025-11-21 04:49:34,TOTAL,0.000,0.000,676.415,1182.288
2025-11-21 04:49:35,mlx5_0,4.694,0.002,113.479,307.094
2025-11-21 04:49:35,mlx5_1,0.000,0.000,0.000,0.000
2025-11-21 04:49:35,mlx5_2,0.000,0.000,0.000,0.000
2025-11-21 04:49:35,mlx5_3,0.000,0.000,0.000,0.000
2025-11-21 04:49:35,mlx5_4,0.000,0.000,0.000,0.000
2025-11-21 04:49:35,mlx5_5,0.000,0.000,0.000,0.000
2025-11-21 04:49:35,mlx5_6,0.000,0.000,0.000,0.000
2025-11-21 04:49:35,mlx5_7,32.449,0.016,567.609,875.196
2025-11-21 04:49:35,mlx5_8,0.000,0.000,0.000,0.000
2025-11-21 04:49:35,mlx5_9,0.000,0.000,0.000,0.000
2025-11-21 04:49:35,TOTAL,37.143,0.018,681.089,1182.290
2025-11-21 04:49:36,mlx5_0,0.000,0.000,113.479,307.094
2025-11-21 04:49:36,mlx5_1,0.000,0.000,0.000,0.000
2025-11-21 04:49:36,mlx5_2,0.000,0.000,0.000,0.000
2025-11-21 04:49:36,mlx5_3,0.000,0.000,0.000,0.000
2025-11-21 04:49:36,mlx5_4,0.000,0.000,0.000,0.000
2025-11-21 04:49:36,mlx5_5,0.000,0.000,0.000,0.000
2025-11-21 04:49:36,mlx5_6,0.000,0.000,0.000,0.000
2025-11-21 04:49:36,mlx5_7,0.000,0.000,567.609,875.196
2025-11-21 04:49:36,mlx5_8,0.000,0.000,0.000,0.000
2025-11-21 04:49:36,mlx5_9,0.000,0.000,0.000,0.000
2025-11-21 04:49:36,TOTAL,0.000,0.000,681.089,1182.290
2025-11-21 04:49:37,mlx5_0,0.000,0.000,113.479,307.094
2025-11-21 04:49:37,mlx5_1,0.000,0.000,0.000,0.000
2025-11-21 04:49:37,mlx5_2,0.000,0.000,0.000,0.000
2025-11-21 04:49:37,mlx5_3,0.000,0.000,0.000,0.000
2025-11-21 04:49:37,mlx5_4,0.000,0.000,0.000,0.000
2025-11-21 04:49:37,mlx5_5,0.000,0.000,0.000,0.000
2025-11-21 04:49:37,mlx5_6,0.000,0.000,0.000,0.000
2025-11-21 04:49:37,mlx5_7,0.000,0.000,567.609,875.196
2025-11-21 04:49:37,mlx5_8,0.000,0.000,0.000,0.000
2025-11-21 04:49:37,mlx5_9,0.000,0.000,0.000,0.000
2025-11-21 04:49:37,TOTAL,0.000,0.000,681.089,1182.290
2025-11-21 04:49:38,mlx5_0,0.000,0.000,113.479,307.094
2025-11-21 04:49:38,mlx5_1,0.000,0.000,0.000,0.000
2025-11-21 04:49:38,mlx5_2,0.000,0.000,0.000,0.000
2025-11-21 04:49:38,mlx5_3,0.000,0.000,0.000,0.000
2025-11-21 04:49:38,mlx5_4,0.000,0.000,0.000,0.000
2025-11-21 04:49:38,mlx5_5,0.000,0.000,0.000,0.000
2025-11-21 04:49:38,mlx5_6,0.000,0.000,0.000,0.000
2025-11-21 04:49:38,mlx5_7,0.000,0.000,567.609,875.196
2025-11-21 04:49:38,mlx5_8,0.000,0.000,0.000,0.000
2025-11-21 04:49:38,mlx5_9,0.000,0.000,0.000,0.000
2025-11-21 04:49:38,TOTAL,0.000,0.000,681.089,1182.290
2025-11-21 04:49:39,mlx5_0,5.781,0.003,114.206,307.095
2025-11-21 04:49:39,mlx5_1,0.000,0.000,0.000,0.000
2025-11-21 04:49:39,mlx5_2,0.000,0.000,0.000,0.000
2025-11-21 04:49:39,mlx5_3,0.000,0.000,0.000,0.000
2025-11-21 04:49:39,mlx5_4,0.000,0.000,0.000,0.000
2025-11-21 04:49:39,mlx5_5,0.000,0.000,0.000,0.000
2025-11-21 04:49:39,mlx5_6,0.000,0.000,0.000,0.000
2025-11-21 04:49:39,mlx5_7,31.389,0.015,571.556,875.198
2025-11-21 04:49:39,mlx5_8,0.000,0.000,0.000,0.000
2025-11-21 04:49:39,mlx5_9,0.000,0.000,0.000,0.000
2025-11-21 04:49:39,TOTAL,37.170,0.018,685.763,1182.293
2025-11-21 04:49:40,mlx5_0,0.000,0.000,114.206,307.095
2025-11-21 04:49:40,mlx5_1,0.000,0.000,0.000,0.000
2025-11-21 04:49:40,mlx5_2,0.000,0.000,0.000,0.000
2025-11-21 04:49:40,mlx5_3,0.000,0.000,0.000,0.000
2025-11-21 04:49:40,mlx5_4,0.000,0.000,0.000,0.000
2025-11-21 04:49:40,mlx5_5,0.000,0.000,0.000,0.000
2025-11-21 04:49:40,mlx5_6,0.000,0.000,0.000,0.000
2025-11-21 04:49:40,mlx5_7,0.000,0.000,571.556,875.198
2025-11-21 04:49:40,mlx5_8,0.000,0.000,0.000,0.000
2025-11-21 04:49:40,mlx5_9,0.000,0.000,0.000,0.000
2025-11-21 04:49:40,TOTAL,0.000,0.000,685.763,1182.293
2025-11-21 04:49:41,mlx5_0,0.000,0.000,114.206,307.095
2025-11-21 04:49:41,mlx5_1,0.000,0.000,0.000,0.000
2025-11-21 04:49:41,mlx5_2,0.000,0.000,0.000,0.000
2025-11-21 04:49:41,mlx5_3,0.000,0.000,0.000,0.000
2025-11-21 04:49:41,mlx5_4,0.000,0.000,0.000,0.000
2025-11-21 04:49:41,mlx5_5,0.000,0.000,0.000,0.000
2025-11-21 04:49:41,mlx5_6,0.000,0.000,0.000,0.000
2025-11-21 04:49:41,mlx5_7,0.000,0.000,571.556,875.198
2025-11-21 04:49:41,mlx5_8,0.000,0.000,0.000,0.000
2025-11-21 04:49:41,mlx5_9,0.000,0.000,0.000,0.000
2025-11-21 04:49:41,TOTAL,0.000,0.000,685.763,1182.293
2025-11-21 04:49:42,mlx5_0,0.000,0.000,114.206,307.095
2025-11-21 04:49:42,mlx5_1,0.000,0.000,0.000,0.000
2025-11-21 04:49:42,mlx5_2,0.000,0.000,0.000,0.000
2025-11-21 04:49:42,mlx5_3,0.000,0.000,0.000,0.000
2025-11-21 04:49:42,mlx5_4,0.000,0.000,0.000,0.000
2025-11-21 04:49:42,mlx5_5,0.000,0.000,0.000,0.000
2025-11-21 04:49:42,mlx5_6,0.000,0.000,0.000,0.000
2025-11-21 04:49:42,mlx5_7,0.000,0.000,571.556,875.198
2025-11-21 04:49:42,mlx5_8,0.000,0.000,0.000,0.000
2025-11-21 04:49:42,mlx5_9,0.000,0.000,0.000,0.000
2025-11-21 04:49:42,TOTAL,0.000,0.000,685.763,1182.293
2025-11-21 04:49:43,mlx5_0,5.490,0.003,114.897,307.095
2025-11-21 04:49:43,mlx5_1,0.000,0.000,0.000,0.000
2025-11-21 04:49:43,mlx5_2,0.000,0.000,0.000,0.000
2025-11-21 04:49:43,mlx5_3,0.000,0.000,0.000,0.000
2025-11-21 04:49:43,mlx5_4,0.000,0.000,0.000,0.000
2025-11-21 04:49:43,mlx5_5,0.000,0.000,0.000,0.000
2025-11-21 04:49:43,mlx5_6,0.000,0.000,0.000,0.000
2025-11-21 04:49:43,mlx5_7,31.665,0.015,575.539,875.200
2025-11-21 04:49:43,mlx5_8,0.000,0.000,0.000,0.000
2025-11-21 04:49:43,mlx5_9,0.000,0.000,0.000,0.000
2025-11-21 04:49:43,TOTAL,37.155,0.018,690.436,1182.295
2025-11-21 04:49:44,mlx5_0,0.000,0.000,114.897,307.095
2025-11-21 04:49:44,mlx5_1,0.000,0.000,0.000,0.000
2025-11-21 04:49:44,mlx5_2,0.000,0.000,0.000,0.000
2025-11-21 04:49:44,mlx5_3,0.000,0.000,0.000,0.000
2025-11-21 04:49:44,mlx5_4,0.000,0.000,0.000,0.000
2025-11-21 04:49:44,mlx5_5,0.000,0.000,0.000,0.000
2025-11-21 04:49:44,mlx5_6,0.000,0.000,0.000,0.000
2025-11-21 04:49:44,mlx5_7,0.000,0.000,575.539,875.200
2025-11-21 04:49:44,mlx5_8,0.000,0.000,0.000,0.000
2025-11-21 04:49:44,mlx5_9,0.000,0.000,0.000,0.000
2025-11-21 04:49:44,TOTAL,0.000,0.000,690.436,1182.295
2025-11-21 04:49:45,mlx5_0,0.000,0.000,114.897,307.095
2025-11-21 04:49:45,mlx5_1,0.000,0.000,0.000,0.000
2025-11-21 04:49:45,mlx5_2,0.000,0.000,0.000,0.000
2025-11-21 04:49:45,mlx5_3,0.000,0.000,0.000,0.000
2025-11-21 04:49:45,mlx5_4,0.000,0.000,0.000,0.000
2025-11-21 04:49:45,mlx5_5,0.000,0.000,0.000,0.000
2025-11-21 04:49:45,mlx5_6,0.000,0.000,0.000,0.000
2025-11-21 04:49:45,mlx5_7,0.000,0.000,575.539,875.200
2025-11-21 04:49:45,mlx5_8,0.000,0.000,0.000,0.000
2025-11-21 04:49:45,mlx5_9,0.000,0.000,0.000,0.000
2025-11-21 04:49:45,TOTAL,0.000,0.000,690.436,1182.295
2025-11-21 04:49:46,mlx5_0,0.000,0.000,114.897,307.095
2025-11-21 04:49:46,mlx5_1,0.000,0.000,0.000,0.000
2025-11-21 04:49:46,mlx5_2,0.000,0.000,0.000,0.000
2025-11-21 04:49:46,mlx5_3,0.000,0.000,0.000,0.000
2025-11-21 04:49:46,mlx5_4,0.000,0.000,0.000,0.000
2025-11-21 04:49:46,mlx5_5,0.000,0.000,0.000,0.000
2025-11-21 04:49:46,mlx5_6,0.000,0.000,0.000,0.000
2025-11-21 04:49:46,mlx5_7,0.000,0.000,575.539,875.200
2025-11-21 04:49:46,mlx5_8,0.000,0.000,0.000,0.000
2025-11-21 04:49:46,mlx5_9,0.000,0.000,0.000,0.000
2025-11-21 04:49:46,TOTAL,0.000,0.000,690.436,1182.295
2025-11-21 04:49:47,mlx5_0,0.000,0.000,114.897,307.095
2025-11-21 04:49:47,mlx5_1,0.000,0.000,0.000,0.000
2025-11-21 04:49:47,mlx5_2,0.000,0.000,0.000,0.000
2025-11-21 04:49:47,mlx5_3,0.000,0.000,0.000,0.000
2025-11-21 04:49:47,mlx5_4,0.000,0.000,0.000,0.000
2025-11-21 04:49:47,mlx5_5,0.000,0.000,0.000,0.000
2025-11-21 04:49:47,mlx5_6,0.000,0.000,0.000,0.000
2025-11-21 04:49:47,mlx5_7,0.000,0.000,575.539,875.200
2025-11-21 04:49:47,mlx5_8,0.000,0.000,0.000,0.000
2025-11-21 04:49:47,mlx5_9,0.000,0.000,0.000,0.000
2025-11-21 04:49:47,TOTAL,0.000,0.000,690.436,1182.295
2025-11-21 04:49:48,mlx5_0,5.849,8.284,115.632,308.137
2025-11-21 04:49:48,mlx5_1,0.000,0.000,0.000,0.000
2025-11-21 04:49:48,mlx5_2,0.000,0.000,0.000,0.000
2025-11-21 04:49:48,mlx5_3,0.000,0.000,0.000,0.000
2025-11-21 04:49:48,mlx5_4,0.000,0.000,0.000,0.000
2025-11-21 04:49:48,mlx5_5,0.000,0.000,0.000,0.000
2025-11-21 04:49:48,mlx5_6,0.000,0.000,0.000,0.000
2025-11-21 04:49:48,mlx5_7,31.345,30.237,579.482,879.003
2025-11-21 04:49:48,mlx5_8,0.000,0.000,0.000,0.000
2025-11-21 04:49:48,mlx5_9,0.000,0.000,0.000,0.000
2025-11-21 04:49:48,TOTAL,37.193,38.521,695.114,1187.140
2025-11-21 04:49:49,mlx5_0,0.004,6.716,115.633,308.982
2025-11-21 04:49:49,mlx5_1,0.000,0.000,0.000,0.000
2025-11-21 04:49:49,mlx5_2,0.000,0.000,0.000,0.000
2025-11-21 04:49:49,mlx5_3,0.000,0.000,0.000,0.000
2025-11-21 04:49:49,mlx5_4,0.000,0.000,0.000,0.000
2025-11-21 04:49:49,mlx5_5,0.000,0.000,0.000,0.000
2025-11-21 04:49:49,mlx5_6,0.000,0.000,0.000,0.000
2025-11-21 04:49:49,mlx5_7,0.020,21.521,579.484,881.710
2025-11-21 04:49:49,mlx5_8,0.000,0.000,0.000,0.000
2025-11-21 04:49:49,mlx5_9,0.000,0.000,0.000,0.000
2025-11-21 04:49:49,TOTAL,0.024,28.238,695.117,1190.691
2025-11-21 04:49:50,mlx5_0,0.017,26.379,115.635,312.302
2025-11-21 04:49:50,mlx5_1,0.000,0.000,0.000,0.000
2025-11-21 04:49:50,mlx5_2,0.000,0.000,0.000,0.000
2025-11-21 04:49:50,mlx5_3,0.000,0.000,0.000,0.000
2025-11-21 04:49:50,mlx5_4,0.000,0.000,0.000,0.000
2025-11-21 04:49:50,mlx5_5,0.000,0.000,0.000,0.000
2025-11-21 04:49:50,mlx5_6,0.000,0.000,0.000,0.000
2025-11-21 04:49:50,mlx5_7,0.072,77.349,579.493,891.445
2025-11-21 04:49:50,mlx5_8,0.000,0.000,0.000,0.000
2025-11-21 04:49:50,mlx5_9,0.000,0.000,0.000,0.000
2025-11-21 04:49:50,TOTAL,0.089,103.729,695.128,1203.747
2025-11-21 04:49:51,mlx5_0,0.012,18.105,115.637,314.575
2025-11-21 04:49:51,mlx5_1,0.000,0.000,0.000,0.000
2025-11-21 04:49:51,mlx5_2,0.000,0.000,0.000,0.000
2025-11-21 04:49:51,mlx5_3,0.000,0.000,0.000,0.000
2025-11-21 04:49:51,mlx5_4,0.000,0.000,0.000,0.000
2025-11-21 04:49:51,mlx5_5,0.000,0.000,0.000,0.000
2025-11-21 04:49:51,mlx5_6,0.000,0.000,0.000,0.000
2025-11-21 04:49:51,mlx5_7,0.056,59.544,579.500,898.922
2025-11-21 04:49:51,mlx5_8,0.000,0.000,0.000,0.000
2025-11-21 04:49:51,mlx5_9,0.000,0.000,0.000,0.000
2025-11-21 04:49:51,TOTAL,0.067,77.649,695.137,1213.498
2025-11-21 04:49:52,mlx5_0,0.000,0.000,115.637,314.575
2025-11-21 04:49:52,mlx5_1,0.000,0.000,0.000,0.000
2025-11-21 04:49:52,mlx5_2,0.000,0.000,0.000,0.000
2025-11-21 04:49:52,mlx5_3,0.000,0.000,0.000,0.000
2025-11-21 04:49:52,mlx5_4,0.000,0.000,0.000,0.000
2025-11-21 04:49:52,mlx5_5,0.000,0.000,0.000,0.000
2025-11-21 04:49:52,mlx5_6,0.000,0.000,0.000,0.000
2025-11-21 04:49:52,mlx5_7,0.000,0.000,579.500,898.922
2025-11-21 04:49:52,mlx5_8,0.000,0.000,0.000,0.000
2025-11-21 04:49:52,mlx5_9,0.000,0.000,0.000,0.000
2025-11-21 04:49:52,TOTAL,0.000,0.000,695.137,1213.498
2025-11-21 04:49:53,mlx5_0,0.000,0.000,115.637,314.575
2025-11-21 04:49:53,mlx5_1,0.000,0.000,0.000,0.000
2025-11-21 04:49:53,mlx5_2,0.000,0.000,0.000,0.000
2025-11-21 04:49:53,mlx5_3,0.000,0.000,0.000,0.000
2025-11-21 04:49:53,mlx5_4,0.000,0.000,0.000,0.000
2025-11-21 04:49:53,mlx5_5,0.000,0.000,0.000,0.000
2025-11-21 04:49:53,mlx5_6,0.000,0.000,0.000,0.000
2025-11-21 04:49:53,mlx5_7,0.000,0.000,579.500,898.922
2025-11-21 04:49:53,mlx5_8,0.000,0.000,0.000,0.000
2025-11-21 04:49:53,mlx5_9,0.000,0.000,0.000,0.000
2025-11-21 04:49:53,TOTAL,0.000,0.000,695.137,1213.498
2025-11-21 04:49:54,mlx5_0,0.000,0.000,115.637,314.575
2025-11-21 04:49:54,mlx5_1,0.000,0.000,0.000,0.000
2025-11-21 04:49:54,mlx5_2,0.000,0.000,0.000,0.000
2025-11-21 04:49:54,mlx5_3,0.000,0.000,0.000,0.000
2025-11-21 04:49:54,mlx5_4,0.000,0.000,0.000,0.000
2025-11-21 04:49:54,mlx5_5,0.000,0.000,0.000,0.000
2025-11-21 04:49:54,mlx5_6,0.000,0.000,0.000,0.000
2025-11-21 04:49:54,mlx5_7,0.000,0.000,579.500,898.922
2025-11-21 04:49:54,mlx5_8,0.000,0.000,0.000,0.000
2025-11-21 04:49:54,mlx5_9,0.000,0.000,0.000,0.000
2025-11-21 04:49:54,TOTAL,0.000,0.000,695.137,1213.498
2025-11-21 04:49:55,mlx5_0,3.309,0.002,116.053,314.576
2025-11-21 04:49:55,mlx5_1,0.000,0.000,0.000,0.000
2025-11-21 04:49:55,mlx5_2,0.000,0.000,0.000,0.000
2025-11-21 04:49:55,mlx5_3,0.000,0.000,0.000,0.000
2025-11-21 04:49:55,mlx5_4,0.000,0.000,0.000,0.000
2025-11-21 04:49:55,mlx5_5,0.000,0.000,0.000,0.000
2025-11-21 04:49:55,mlx5_6,0.000,0.000,0.000,0.000
2025-11-21 04:49:55,mlx5_7,29.587,0.014,583.221,898.924
2025-11-21 04:49:55,mlx5_8,0.000,0.000,0.000,0.000
2025-11-21 04:49:55,mlx5_9,0.000,0.000,0.000,0.000
2025-11-21 04:49:55,TOTAL,32.896,0.016,699.274,1213.500
2025-11-21 04:49:56,mlx5_0,1.608,0.001,116.255,314.576
2025-11-21 04:49:56,mlx5_1,0.000,0.000,0.000,0.000
2025-11-21 04:49:56,mlx5_2,0.000,0.000,0.000,0.000
2025-11-21 04:49:56,mlx5_3,0.000,0.000,0.000,0.000
2025-11-21 04:49:56,mlx5_4,0.000,0.000,0.000,0.000
2025-11-21 04:49:56,mlx5_5,0.000,0.000,0.000,0.000
2025-11-21 04:49:56,mlx5_6,0.000,0.000,0.000,0.000
2025-11-21 04:49:56,mlx5_7,3.376,0.002,583.646,898.924
2025-11-21 04:49:56,mlx5_8,0.000,0.000,0.000,0.000
2025-11-21 04:49:56,mlx5_9,0.000,0.000,0.000,0.000
2025-11-21 04:49:56,TOTAL,4.984,0.003,699.902,1213.500
2025-11-21 04:49:57,mlx5_0,0.000,0.000,116.255,314.576
2025-11-21 04:49:57,mlx5_1,0.000,0.000,0.000,0.000
2025-11-21 04:49:57,mlx5_2,0.000,0.000,0.000,0.000
2025-11-21 04:49:57,mlx5_3,0.000,0.000,0.000,0.000
2025-11-21 04:49:57,mlx5_4,0.000,0.000,0.000,0.000
2025-11-21 04:49:57,mlx5_5,0.000,0.000,0.000,0.000
2025-11-21 04:49:57,mlx5_6,0.000,0.000,0.000,0.000
2025-11-21 04:49:57,mlx5_7,0.000,0.000,583.646,898.924
2025-11-21 04:49:57,mlx5_8,0.000,0.000,0.000,0.000
2025-11-21 04:49:57,mlx5_9,0.000,0.000,0.000,0.000
2025-11-21 04:49:57,TOTAL,0.000,0.000,699.902,1213.500
2025-11-21 04:49:58,mlx5_0,0.000,0.000,116.255,314.576
2025-11-21 04:49:58,mlx5_1,0.000,0.000,0.000,0.000
2025-11-21 04:49:58,mlx5_2,0.000,0.000,0.000,0.000
2025-11-21 04:49:58,mlx5_3,0.000,0.000,0.000,0.000
2025-11-21 04:49:58,mlx5_4,0.000,0.000,0.000,0.000
2025-11-21 04:49:58,mlx5_5,0.000,0.000,0.000,0.000
2025-11-21 04:49:58,mlx5_6,0.000,0.000,0.000,0.000
2025-11-21 04:49:58,mlx5_7,0.000,0.000,583.646,898.924
2025-11-21 04:49:58,mlx5_8,0.000,0.000,0.000,0.000
2025-11-21 04:49:58,mlx5_9,0.000,0.000,0.000,0.000
2025-11-21 04:49:58,TOTAL,0.000,0.000,699.902,1213.500
2025-11-21 04:49:59,mlx5_0,5.749,0.003,116.978,314.576
2025-11-21 04:49:59,mlx5_1,0.000,0.000,0.000,0.000
2025-11-21 04:49:59,mlx5_2,0.000,0.000,0.000,0.000
2025-11-21 04:49:59,mlx5_3,0.000,0.000,0.000,0.000
2025-11-21 04:49:59,mlx5_4,0.000,0.000,0.000,0.000
2025-11-21 04:49:59,mlx5_5,0.000,0.000,0.000,0.000
2025-11-21 04:49:59,mlx5_6,0.000,0.000,0.000,0.000
2025-11-21 04:49:59,mlx5_7,31.417,0.015,587.597,898.926
2025-11-21 04:49:59,mlx5_8,0.000,0.000,0.000,0.000
2025-11-21 04:49:59,mlx5_9,0.000,0.000,0.000,0.000
2025-11-21 04:49:59,TOTAL,37.165,0.018,704.576,1213.503
2025-11-21 04:50:00,mlx5_0,0.000,0.000,116.978,314.576
2025-11-21 04:50:00,mlx5_1,0.000,0.000,0.000,0.000
2025-11-21 04:50:00,mlx5_2,0.000,0.000,0.000,0.000
2025-11-21 04:50:00,mlx5_3,0.000,0.000,0.000,0.000
2025-11-21 04:50:00,mlx5_4,0.000,0.000,0.000,0.000
2025-11-21 04:50:00,mlx5_5,0.000,0.000,0.000,0.000
2025-11-21 04:50:00,mlx5_6,0.000,0.000,0.000,0.000
2025-11-21 04:50:00,mlx5_7,0.000,0.000,587.597,898.926
2025-11-21 04:50:00,mlx5_8,0.000,0.000,0.000,0.000
2025-11-21 04:50:00,mlx5_9,0.000,0.000,0.000,0.000
2025-11-21 04:50:00,TOTAL,0.000,0.000,704.576,1213.503
2025-11-21 04:50:01,mlx5_0,0.000,0.000,116.978,314.576
2025-11-21 04:50:01,mlx5_1,0.000,0.000,0.000,0.000
2025-11-21 04:50:01,mlx5_2,0.000,0.000,0.000,0.000
2025-11-21 04:50:01,mlx5_3,0.000,0.000,0.000,0.000
2025-11-21 04:50:01,mlx5_4,0.000,0.000,0.000,0.000
2025-11-21 04:50:01,mlx5_5,0.000,0.000,0.000,0.000
2025-11-21 04:50:01,mlx5_6,0.000,0.000,0.000,0.000
2025-11-21 04:50:01,mlx5_7,0.000,0.000,587.597,898.926
2025-11-21 04:50:01,mlx5_8,0.000,0.000,0.000,0.000
2025-11-21 04:50:01,mlx5_9,0.000,0.000,0.000,0.000
2025-11-21 04:50:01,TOTAL,0.000,0.000,704.576,1213.503
2025-11-21 04:50:02,mlx5_0,3.865,0.002,117.465,314.576
2025-11-21 04:50:02,mlx5_1,0.000,0.000,0.000,0.000
2025-11-21 04:50:02,mlx5_2,0.000,0.000,0.000,0.000
2025-11-21 04:50:02,mlx5_3,0.000,0.000,0.000,0.000
2025-11-21 04:50:02,mlx5_4,0.000,0.000,0.000,0.000
2025-11-21 04:50:02,mlx5_5,0.000,0.000,0.000,0.000
2025-11-21 04:50:02,mlx5_6,0.000,0.000,0.000,0.000
2025-11-21 04:50:02,mlx5_7,24.063,0.011,590.624,898.928
2025-11-21 04:50:02,mlx5_8,0.000,0.000,0.000,0.000
2025-11-21 04:50:02,mlx5_9,0.000,0.000,0.000,0.000
2025-11-21 04:50:02,TOTAL,27.928,0.013,708.089,1213.504
2025-11-21 04:50:03,mlx5_0,2.977,0.002,117.840,314.577
2025-11-21 04:50:03,mlx5_1,0.000,0.000,0.000,0.000
2025-11-21 04:50:03,mlx5_2,0.000,0.000,0.000,0.000
2025-11-21 04:50:03,mlx5_3,0.000,0.000,0.000,0.000
2025-11-21 04:50:03,mlx5_4,0.000,0.000,0.000,0.000
2025-11-21 04:50:03,mlx5_5,0.000,0.000,0.000,0.000
2025-11-21 04:50:03,mlx5_6,0.000,0.000,0.000,0.000
2025-11-21 04:50:03,mlx5_7,6.228,0.003,591.409,898.928
2025-11-21 04:50:03,mlx5_8,0.000,0.000,0.000,0.000
2025-11-21 04:50:03,mlx5_9,0.000,0.000,0.000,0.000
2025-11-21 04:50:03,TOTAL,9.205,0.005,709.249,1213.505
2025-11-21 04:50:04,mlx5_0,0.000,0.000,117.840,314.577
2025-11-21 04:50:04,mlx5_1,0.000,0.000,0.000,0.000
2025-11-21 04:50:04,mlx5_2,0.000,0.000,0.000,0.000
2025-11-21 04:50:04,mlx5_3,0.000,0.000,0.000,0.000
2025-11-21 04:50:04,mlx5_4,0.000,0.000,0.000,0.000
2025-11-21 04:50:04,mlx5_5,0.000,0.000,0.000,0.000
2025-11-21 04:50:04,mlx5_6,0.000,0.000,0.000,0.000
2025-11-21 04:50:04,mlx5_7,0.000,0.000,591.409,898.928
2025-11-21 04:50:04,mlx5_8,0.000,0.000,0.000,0.000
2025-11-21 04:50:04,mlx5_9,0.000,0.000,0.000,0.000
2025-11-21 04:50:04,TOTAL,0.000,0.000,709.249,1213.505
2025-11-21 04:50:05,mlx5_0,0.000,0.000,117.840,314.577
2025-11-21 04:50:05,mlx5_1,0.000,0.000,0.000,0.000
2025-11-21 04:50:05,mlx5_2,0.000,0.000,0.000,0.000
2025-11-21 04:50:05,mlx5_3,0.000,0.000,0.000,0.000
2025-11-21 04:50:05,mlx5_4,0.000,0.000,0.000,0.000
2025-11-21 04:50:05,mlx5_5,0.000,0.000,0.000,0.000
2025-11-21 04:50:05,mlx5_6,0.000,0.000,0.000,0.000
2025-11-21 04:50:05,mlx5_7,0.000,0.000,591.409,898.928
2025-11-21 04:50:05,mlx5_8,0.000,0.000,0.000,0.000
2025-11-21 04:50:05,mlx5_9,0.000,0.000,0.000,0.000
2025-11-21 04:50:05,TOTAL,0.000,0.000,709.249,1213.505
2025-11-21 04:50:06,mlx5_0,2.440,0.001,118.147,314.577
2025-11-21 04:50:06,mlx5_1,0.000,0.000,0.000,0.000
2025-11-21 04:50:06,mlx5_2,0.000,0.000,0.000,0.000
2025-11-21 04:50:06,mlx5_3,0.000,0.000,0.000,0.000
2025-11-21 04:50:06,mlx5_4,0.000,0.000,0.000,0.000
2025-11-21 04:50:06,mlx5_5,0.000,0.000,0.000,0.000
2025-11-21 04:50:06,mlx5_6,0.000,0.000,0.000,0.000
2025-11-21 04:50:06,mlx5_7,25.286,0.012,594.589,898.930
2025-11-21 04:50:06,mlx5_8,0.000,0.000,0.000,0.000
2025-11-21 04:50:06,mlx5_9,0.000,0.000,0.000,0.000
2025-11-21 04:50:06,TOTAL,27.726,0.013,712.736,1213.506
2025-11-21 04:50:07,mlx5_0,2.611,0.001,118.475,314.577
2025-11-21 04:50:07,mlx5_1,0.000,0.000,0.000,0.000
2025-11-21 04:50:07,mlx5_2,0.000,0.000,0.000,0.000
2025-11-21 04:50:07,mlx5_3,0.000,0.000,0.000,0.000
2025-11-21 04:50:07,mlx5_4,0.000,0.000,0.000,0.000
2025-11-21 04:50:07,mlx5_5,0.000,0.000,0.000,0.000
2025-11-21 04:50:07,mlx5_6,0.000,0.000,0.000,0.000
2025-11-21 04:50:07,mlx5_7,6.814,0.003,595.447,898.930
2025-11-21 04:50:07,mlx5_8,0.000,0.000,0.000,0.000
2025-11-21 04:50:07,mlx5_9,0.000,0.000,0.000,0.000
2025-11-21 04:50:07,TOTAL,9.425,0.005,713.923,1213.507
2025-11-21 04:50:08,mlx5_0,0.000,0.000,118.475,314.577
2025-11-21 04:50:08,mlx5_1,0.000,0.000,0.000,0.000
2025-11-21 04:50:08,mlx5_2,0.000,0.000,0.000,0.000
2025-11-21 04:50:08,mlx5_3,0.000,0.000,0.000,0.000
2025-11-21 04:50:08,mlx5_4,0.000,0.000,0.000,0.000
2025-11-21 04:50:08,mlx5_5,0.000,0.000,0.000,0.000
2025-11-21 04:50:08,mlx5_6,0.000,0.000,0.000,0.000
2025-11-21 04:50:08,mlx5_7,0.000,0.000,595.447,898.930
2025-11-21 04:50:08,mlx5_8,0.000,0.000,0.000,0.000
2025-11-21 04:50:08,mlx5_9,0.000,0.000,0.000,0.000
2025-11-21 04:50:08,TOTAL,0.000,0.000,713.923,1213.507
2025-11-21 04:50:09,mlx5_0,0.000,0.000,118.475,314.577
2025-11-21 04:50:09,mlx5_1,0.000,0.000,0.000,0.000
2025-11-21 04:50:09,mlx5_2,0.000,0.000,0.000,0.000
2025-11-21 04:50:09,mlx5_3,0.000,0.000,0.000,0.000
2025-11-21 04:50:09,mlx5_4,0.000,0.000,0.000,0.000
2025-11-21 04:50:09,mlx5_5,0.000,0.000,0.000,0.000
2025-11-21 04:50:09,mlx5_6,0.000,0.000,0.000,0.000
2025-11-21 04:50:09,mlx5_7,0.000,0.000,595.447,898.930
2025-11-21 04:50:09,mlx5_8,0.000,0.000,0.000,0.000
2025-11-21 04:50:09,mlx5_9,0.000,0.000,0.000,0.000
2025-11-21 04:50:09,TOTAL,0.000,0.000,713.923,1213.507
2025-11-21 04:50:10,mlx5_0,0.000,0.000,118.475,314.577
2025-11-21 04:50:10,mlx5_1,0.000,0.000,0.000,0.000
2025-11-21 04:50:10,mlx5_2,0.000,0.000,0.000,0.000
2025-11-21 04:50:10,mlx5_3,0.000,0.000,0.000,0.000
2025-11-21 04:50:10,mlx5_4,0.000,0.000,0.000,0.000
2025-11-21 04:50:10,mlx5_5,0.000,0.000,0.000,0.000
2025-11-21 04:50:10,mlx5_6,0.000,0.000,0.000,0.000
2025-11-21 04:50:10,mlx5_7,0.000,0.000,595.447,898.930
2025-11-21 04:50:10,mlx5_8,0.000,0.000,0.000,0.000
2025-11-21 04:50:10,mlx5_9,0.000,0.000,0.000,0.000
2025-11-21 04:50:10,TOTAL,0.000,0.000,713.923,1213.507
2025-11-21 04:50:11,mlx5_0,5.190,0.003,119.129,314.577
2025-11-21 04:50:11,mlx5_1,0.000,0.000,0.000,0.000
2025-11-21 04:50:11,mlx5_2,0.000,0.000,0.000,0.000
2025-11-21 04:50:11,mlx5_3,0.000,0.000,0.000,0.000
2025-11-21 04:50:11,mlx5_4,0.000,0.000,0.000,0.000
2025-11-21 04:50:11,mlx5_5,0.000,0.000,0.000,0.000
2025-11-21 04:50:11,mlx5_6,0.000,0.000,0.000,0.000
2025-11-21 04:50:11,mlx5_7,31.940,0.016,599.468,898.932
2025-11-21 04:50:11,mlx5_8,0.000,0.000,0.000,0.000
2025-11-21 04:50:11,mlx5_9,0.000,0.000,0.000,0.000
2025-11-21 04:50:11,TOTAL,37.131,0.018,718.596,1213.509
2025-11-21 04:50:12,mlx5_0,0.000,0.000,119.129,314.577
2025-11-21 04:50:12,mlx5_1,0.000,0.000,0.000,0.000
2025-11-21 04:50:12,mlx5_2,0.000,0.000,0.000,0.000
2025-11-21 04:50:12,mlx5_3,0.000,0.000,0.000,0.000
2025-11-21 04:50:12,mlx5_4,0.000,0.000,0.000,0.000
2025-11-21 04:50:12,mlx5_5,0.000,0.000,0.000,0.000
2025-11-21 04:50:12,mlx5_6,0.000,0.000,0.000,0.000
2025-11-21 04:50:12,mlx5_7,0.000,0.000,599.468,898.932
2025-11-21 04:50:12,mlx5_8,0.000,0.000,0.000,0.000
2025-11-21 04:50:12,mlx5_9,0.000,0.000,0.000,0.000
2025-11-21 04:50:12,TOTAL,0.000,0.000,718.596,1213.509
2025-11-21 04:50:13,mlx5_0,0.000,0.000,119.129,314.577
2025-11-21 04:50:13,mlx5_1,0.000,0.000,0.000,0.000
2025-11-21 04:50:13,mlx5_2,0.000,0.000,0.000,0.000
2025-11-21 04:50:13,mlx5_3,0.000,0.000,0.000,0.000
2025-11-21 04:50:13,mlx5_4,0.000,0.000,0.000,0.000
2025-11-21 04:50:13,mlx5_5,0.000,0.000,0.000,0.000
2025-11-21 04:50:13,mlx5_6,0.000,0.000,0.000,0.000
2025-11-21 04:50:13,mlx5_7,0.000,0.000,599.468,898.932
2025-11-21 04:50:13,mlx5_8,0.000,0.000,0.000,0.000
2025-11-21 04:50:13,mlx5_9,0.000,0.000,0.000,0.000
2025-11-21 04:50:13,TOTAL,0.000,0.000,718.596,1213.509
2025-11-21 04:50:14,mlx5_0,0.000,0.000,119.129,314.577
2025-11-21 04:50:14,mlx5_1,0.000,0.000,0.000,0.000
2025-11-21 04:50:14,mlx5_2,0.000,0.000,0.000,0.000
2025-11-21 04:50:14,mlx5_3,0.000,0.000,0.000,0.000
2025-11-21 04:50:14,mlx5_4,0.000,0.000,0.000,0.000
2025-11-21 04:50:14,mlx5_5,0.000,0.000,0.000,0.000
2025-11-21 04:50:14,mlx5_6,0.000,0.000,0.000,0.000
2025-11-21 04:50:14,mlx5_7,0.000,0.000,599.468,898.932
2025-11-21 04:50:14,mlx5_8,0.000,0.000,0.000,0.000
2025-11-21 04:50:14,mlx5_9,0.000,0.000,0.000,0.000
2025-11-21 04:50:14,TOTAL,0.000,0.000,718.596,1213.509
2025-11-21 04:50:15,mlx5_0,3.718,0.002,119.596,314.577
2025-11-21 04:50:15,mlx5_1,0.000,0.000,0.000,0.000
2025-11-21 04:50:15,mlx5_2,0.000,0.000,0.000,0.000
2025-11-21 04:50:15,mlx5_3,0.000,0.000,0.000,0.000
2025-11-21 04:50:15,mlx5_4,0.000,0.000,0.000,0.000
2025-11-21 04:50:15,mlx5_5,0.000,0.000,0.000,0.000
2025-11-21 04:50:15,mlx5_6,0.000,0.000,0.000,0.000
2025-11-21 04:50:15,mlx5_7,24.787,0.012,602.583,898.934
2025-11-21 04:50:15,mlx5_8,0.000,0.000,0.000,0.000
2025-11-21 04:50:15,mlx5_9,0.000,0.000,0.000,0.000
2025-11-21 04:50:15,TOTAL,28.505,0.014,722.179,1213.511
2025-11-21 04:50:16,mlx5_0,2.762,11.427,119.943,316.012
2025-11-21 04:50:16,mlx5_1,0.000,0.000,0.000,0.000
2025-11-21 04:50:16,mlx5_2,0.000,0.000,0.000,0.000
2025-11-21 04:50:16,mlx5_3,0.000,0.000,0.000,0.000
2025-11-21 04:50:16,mlx5_4,0.000,0.000,0.000,0.000
2025-11-21 04:50:16,mlx5_5,0.000,0.000,0.000,0.000
2025-11-21 04:50:16,mlx5_6,0.000,0.000,0.000,0.000
2025-11-21 04:50:16,mlx5_7,5.963,31.621,603.332,902.904
2025-11-21 04:50:16,mlx5_8,0.000,0.000,0.000,0.000
2025-11-21 04:50:16,mlx5_9,0.000,0.000,0.000,0.000
2025-11-21 04:50:16,TOTAL,8.724,43.048,723.275,1218.917
2025-11-21 04:50:17,mlx5_0,0.020,31.147,119.945,319.931
2025-11-21 04:50:17,mlx5_1,0.000,0.000,0.000,0.000
2025-11-21 04:50:17,mlx5_2,0.000,0.000,0.000,0.000
2025-11-21 04:50:17,mlx5_3,0.000,0.000,0.000,0.000
2025-11-21 04:50:17,mlx5_4,0.000,0.000,0.000,0.000
2025-11-21 04:50:17,mlx5_5,0.000,0.000,0.000,0.000
2025-11-21 04:50:17,mlx5_6,0.000,0.000,0.000,0.000
2025-11-21 04:50:17,mlx5_7,0.085,90.606,603.343,914.305
2025-11-21 04:50:17,mlx5_8,0.000,0.000,0.000,0.000
2025-11-21 04:50:17,mlx5_9,0.000,0.000,0.000,0.000
2025-11-21 04:50:17,TOTAL,0.105,121.753,723.288,1234.236
2025-11-21 04:50:18,mlx5_0,0.014,22.338,119.947,322.739
2025-11-21 04:50:18,mlx5_1,0.000,0.000,0.000,0.000
2025-11-21 04:50:18,mlx5_2,0.000,0.000,0.000,0.000
2025-11-21 04:50:18,mlx5_3,0.000,0.000,0.000,0.000
2025-11-21 04:50:18,mlx5_4,0.000,0.000,0.000,0.000
2025-11-21 04:50:18,mlx5_5,0.000,0.000,0.000,0.000
2025-11-21 04:50:18,mlx5_6,0.000,0.000,0.000,0.000
2025-11-21 04:50:18,mlx5_7,0.061,64.794,603.350,922.448
2025-11-21 04:50:18,mlx5_8,0.000,0.000,0.000,0.000
2025-11-21 04:50:18,mlx5_9,0.000,0.000,0.000,0.000
2025-11-21 04:50:18,TOTAL,0.075,87.132,723.297,1245.186
2025-11-21 04:50:19,mlx5_0,0.000,0.000,119.947,322.739
2025-11-21 04:50:19,mlx5_1,0.000,0.000,0.000,0.000
2025-11-21 04:50:19,mlx5_2,0.000,0.000,0.000,0.000
2025-11-21 04:50:19,mlx5_3,0.000,0.000,0.000,0.000
2025-11-21 04:50:19,mlx5_4,0.000,0.000,0.000,0.000
2025-11-21 04:50:19,mlx5_5,0.000,0.000,0.000,0.000
2025-11-21 04:50:19,mlx5_6,0.000,0.000,0.000,0.000
2025-11-21 04:50:19,mlx5_7,0.000,0.000,603.350,922.448
2025-11-21 04:50:19,mlx5_8,0.000,0.000,0.000,0.000
2025-11-21 04:50:19,mlx5_9,0.000,0.000,0.000,0.000
2025-11-21 04:50:19,TOTAL,0.000,0.000,723.297,1245.186
2025-11-21 04:50:20,mlx5_0,0.000,0.000,119.947,322.739
2025-11-21 04:50:20,mlx5_1,0.000,0.000,0.000,0.000
2025-11-21 04:50:20,mlx5_2,0.000,0.000,0.000,0.000
2025-11-21 04:50:20,mlx5_3,0.000,0.000,0.000,0.000
2025-11-21 04:50:20,mlx5_4,0.000,0.000,0.000,0.000
2025-11-21 04:50:20,mlx5_5,0.000,0.000,0.000,0.000
2025-11-21 04:50:20,mlx5_6,0.000,0.000,0.000,0.000
2025-11-21 04:50:20,mlx5_7,0.000,0.000,603.350,922.448
2025-11-21 04:50:20,mlx5_8,0.000,0.000,0.000,0.000
2025-11-21 04:50:20,mlx5_9,0.000,0.000,0.000,0.000
2025-11-21 04:50:20,TOTAL,0.000,0.000,723.297,1245.186
2025-11-21 04:50:21,mlx5_0,0.000,0.000,119.947,322.739
2025-11-21 04:50:21,mlx5_1,0.000,0.000,0.000,0.000
2025-11-21 04:50:21,mlx5_2,0.000,0.000,0.000,0.000
2025-11-21 04:50:21,mlx5_3,0.000,0.000,0.000,0.000
2025-11-21 04:50:21,mlx5_4,0.000,0.000,0.000,0.000
2025-11-21 04:50:21,mlx5_5,0.000,0.000,0.000,0.000
2025-11-21 04:50:21,mlx5_6,0.000,0.000,0.000,0.000
2025-11-21 04:50:21,mlx5_7,0.000,0.000,603.350,922.448
2025-11-21 04:50:21,mlx5_8,0.000,0.000,0.000,0.000
2025-11-21 04:50:21,mlx5_9,0.000,0.000,0.000,0.000
2025-11-21 04:50:21,TOTAL,0.000,0.000,723.297,1245.186
2025-11-21 04:50:22,mlx5_0,0.129,0.000,119.963,322.739
2025-11-21 04:50:22,mlx5_1,0.000,0.000,0.000,0.000
2025-11-21 04:50:22,mlx5_2,0.000,0.000,0.000,0.000
2025-11-21 04:50:22,mlx5_3,0.000,0.000,0.000,0.000
2025-11-21 04:50:22,mlx5_4,0.000,0.000,0.000,0.000
2025-11-21 04:50:22,mlx5_5,0.000,0.000,0.000,0.000
2025-11-21 04:50:22,mlx5_6,0.000,0.000,0.000,0.000
2025-11-21 04:50:22,mlx5_7,5.300,0.002,604.016,922.448
2025-11-21 04:50:22,mlx5_8,0.000,0.000,0.000,0.000
2025-11-21 04:50:22,mlx5_9,0.000,0.000,0.000,0.000
2025-11-21 04:50:22,TOTAL,5.429,0.003,723.980,1245.187
2025-11-21 04:50:23,mlx5_0,5.553,0.003,120.663,322.739
2025-11-21 04:50:23,mlx5_1,0.000,0.000,0.000,0.000
2025-11-21 04:50:23,mlx5_2,0.000,0.000,0.000,0.000
2025-11-21 04:50:23,mlx5_3,0.000,0.000,0.000,0.000
2025-11-21 04:50:23,mlx5_4,0.000,0.000,0.000,0.000
2025-11-21 04:50:23,mlx5_5,0.000,0.000,0.000,0.000
2025-11-21 04:50:23,mlx5_6,0.000,0.000,0.000,0.000
2025-11-21 04:50:23,mlx5_7,24.526,0.012,607.107,922.449
2025-11-21 04:50:23,mlx5_8,0.000,0.000,0.000,0.000
2025-11-21 04:50:23,mlx5_9,0.000,0.000,0.000,0.000
2025-11-21 04:50:23,TOTAL,30.079,0.015,727.770,1245.189
2025-11-21 04:50:24,mlx5_0,0.000,0.000,120.663,322.739
2025-11-21 04:50:24,mlx5_1,0.000,0.000,0.000,0.000
2025-11-21 04:50:24,mlx5_2,0.000,0.000,0.000,0.000
2025-11-21 04:50:24,mlx5_3,0.000,0.000,0.000,0.000
2025-11-21 04:50:24,mlx5_4,0.000,0.000,0.000,0.000
2025-11-21 04:50:24,mlx5_5,0.000,0.000,0.000,0.000
2025-11-21 04:50:24,mlx5_6,0.000,0.000,0.000,0.000
2025-11-21 04:50:24,mlx5_7,0.000,0.000,607.107,922.449
2025-11-21 04:50:24,mlx5_8,0.000,0.000,0.000,0.000
2025-11-21 04:50:24,mlx5_9,0.000,0.000,0.000,0.000
2025-11-21 04:50:24,TOTAL,0.000,0.000,727.770,1245.189
2025-11-21 04:50:25,mlx5_0,0.000,0.000,120.663,322.739
2025-11-21 04:50:25,mlx5_1,0.000,0.000,0.000,0.000
2025-11-21 04:50:25,mlx5_2,0.000,0.000,0.000,0.000
2025-11-21 04:50:25,mlx5_3,0.000,0.000,0.000,0.000
2025-11-21 04:50:25,mlx5_4,0.000,0.000,0.000,0.000
2025-11-21 04:50:25,mlx5_5,0.000,0.000,0.000,0.000
2025-11-21 04:50:25,mlx5_6,0.000,0.000,0.000,0.000
2025-11-21 04:50:25,mlx5_7,0.000,0.000,607.107,922.449
2025-11-21 04:50:25,mlx5_8,0.000,0.000,0.000,0.000
2025-11-21 04:50:25,mlx5_9,0.000,0.000,0.000,0.000
2025-11-21 04:50:25,TOTAL,0.000,0.000,727.770,1245.189
2025-11-21 04:50:26,mlx5_0,6.239,0.003,121.448,322.740
2025-11-21 04:50:26,mlx5_1,0.000,0.000,0.000,0.000
2025-11-21 04:50:26,mlx5_2,0.000,0.000,0.000,0.000
2025-11-21 04:50:26,mlx5_3,0.000,0.000,0.000,0.000
2025-11-21 04:50:26,mlx5_4,0.000,0.000,0.000,0.000
2025-11-21 04:50:26,mlx5_5,0.000,0.000,0.000,0.000
2025-11-21 04:50:26,mlx5_6,0.000,0.000,0.000,0.000
2025-11-21 04:50:26,mlx5_7,30.927,0.015,610.996,922.451
2025-11-21 04:50:26,mlx5_8,0.000,0.000,0.000,0.000
2025-11-21 04:50:26,mlx5_9,0.000,0.000,0.000,0.000
2025-11-21 04:50:26,TOTAL,37.166,0.018,732.444,1245.191
2025-11-21 04:50:27,mlx5_0,0.000,0.000,121.448,322.740
2025-11-21 04:50:27,mlx5_1,0.000,0.000,0.000,0.000
2025-11-21 04:50:27,mlx5_2,0.000,0.000,0.000,0.000
2025-11-21 04:50:27,mlx5_3,0.000,0.000,0.000,0.000
2025-11-21 04:50:27,mlx5_4,0.000,0.000,0.000,0.000
2025-11-21 04:50:27,mlx5_5,0.000,0.000,0.000,0.000
2025-11-21 04:50:27,mlx5_6,0.000,0.000,0.000,0.000
2025-11-21 04:50:27,mlx5_7,0.000,0.000,610.996,922.451
2025-11-21 04:50:27,mlx5_8,0.000,0.000,0.000,0.000
2025-11-21 04:50:27,mlx5_9,0.000,0.000,0.000,0.000
2025-11-21 04:50:27,TOTAL,0.000,0.000,732.444,1245.191
2025-11-21 04:50:28,mlx5_0,0.000,0.000,121.448,322.740
2025-11-21 04:50:28,mlx5_1,0.000,0.000,0.000,0.000
2025-11-21 04:50:28,mlx5_2,0.000,0.000,0.000,0.000
2025-11-21 04:50:28,mlx5_3,0.000,0.000,0.000,0.000
2025-11-21 04:50:28,mlx5_4,0.000,0.000,0.000,0.000
2025-11-21 04:50:28,mlx5_5,0.000,0.000,0.000,0.000
2025-11-21 04:50:28,mlx5_6,0.000,0.000,0.000,0.000
2025-11-21 04:50:28,mlx5_7,0.000,0.000,610.996,922.451
2025-11-21 04:50:28,mlx5_8,0.000,0.000,0.000,0.000
2025-11-21 04:50:28,mlx5_9,0.000,0.000,0.000,0.000
2025-11-21 04:50:28,TOTAL,0.000,0.000,732.444,1245.191
2025-11-21 04:50:29,mlx5_0,0.000,0.000,121.448,322.740
2025-11-21 04:50:29,mlx5_1,0.000,0.000,0.000,0.000
2025-11-21 04:50:29,mlx5_2,0.000,0.000,0.000,0.000
2025-11-21 04:50:29,mlx5_3,0.000,0.000,0.000,0.000
2025-11-21 04:50:29,mlx5_4,0.000,0.000,0.000,0.000
2025-11-21 04:50:29,mlx5_5,0.000,0.000,0.000,0.000
2025-11-21 04:50:29,mlx5_6,0.000,0.000,0.000,0.000
2025-11-21 04:50:29,mlx5_7,0.000,0.000,610.996,922.451
2025-11-21 04:50:29,mlx5_8,0.000,0.000,0.000,0.000
2025-11-21 04:50:29,mlx5_9,0.000,0.000,0.000,0.000
2025-11-21 04:50:29,TOTAL,0.001,0.000,732.444,1245.191
2025-11-21 04:50:30,mlx5_0,5.938,0.003,122.194,322.740
2025-11-21 04:50:30,mlx5_1,0.000,0.000,0.000,0.000
2025-11-21 04:50:30,mlx5_2,0.000,0.000,0.000,0.000
2025-11-21 04:50:30,mlx5_3,0.000,0.000,0.000,0.000
2025-11-21 04:50:30,mlx5_4,0.000,0.000,0.000,0.000
2025-11-21 04:50:30,mlx5_5,0.000,0.000,0.000,0.000
2025-11-21 04:50:30,mlx5_6,0.000,0.000,0.000,0.000
2025-11-21 04:50:30,mlx5_7,31.228,0.015,614.923,922.453
2025-11-21 04:50:30,mlx5_8,0.000,0.000,0.000,0.000
2025-11-21 04:50:30,mlx5_9,0.000,0.000,0.000,0.000
2025-11-21 04:50:30,TOTAL,37.166,0.018,737.118,1245.193
2025-11-21 04:50:31,mlx5_0,0.000,0.000,122.194,322.740
2025-11-21 04:50:31,mlx5_1,0.000,0.000,0.000,0.000
2025-11-21 04:50:31,mlx5_2,0.000,0.000,0.000,0.000
2025-11-21 04:50:31,mlx5_3,0.000,0.000,0.000,0.000
2025-11-21 04:50:31,mlx5_4,0.000,0.000,0.000,0.000
2025-11-21 04:50:31,mlx5_5,0.000,0.000,0.000,0.000
2025-11-21 04:50:31,mlx5_6,0.000,0.000,0.000,0.000
2025-11-21 04:50:31,mlx5_7,0.000,0.000,614.923,922.453
2025-11-21 04:50:31,mlx5_8,0.000,0.000,0.000,0.000
2025-11-21 04:50:31,mlx5_9,0.000,0.000,0.000,0.000
2025-11-21 04:50:31,TOTAL,0.000,0.000,737.118,1245.193
2025-11-21 04:50:32,mlx5_0,0.000,0.000,122.194,322.740
2025-11-21 04:50:32,mlx5_1,0.000,0.000,0.000,0.000
2025-11-21 04:50:32,mlx5_2,0.000,0.000,0.000,0.000
2025-11-21 04:50:32,mlx5_3,0.000,0.000,0.000,0.000
2025-11-21 04:50:32,mlx5_4,0.000,0.000,0.000,0.000
2025-11-21 04:50:32,mlx5_5,0.000,0.000,0.000,0.000
2025-11-21 04:50:32,mlx5_6,0.000,0.000,0.000,0.000
2025-11-21 04:50:32,mlx5_7,0.000,0.000,614.923,922.453
2025-11-21 04:50:32,mlx5_8,0.000,0.000,0.000,0.000
2025-11-21 04:50:32,mlx5_9,0.000,0.000,0.000,0.000
2025-11-21 04:50:32,TOTAL,0.000,0.000,737.118,1245.193
2025-11-21 04:50:33,mlx5_0,0.000,0.000,122.194,322.740
2025-11-21 04:50:33,mlx5_1,0.000,0.000,0.000,0.000
2025-11-21 04:50:33,mlx5_2,0.000,0.000,0.000,0.000
2025-11-21 04:50:33,mlx5_3,0.000,0.000,0.000,0.000
2025-11-21 04:50:33,mlx5_4,0.000,0.000,0.000,0.000
2025-11-21 04:50:33,mlx5_5,0.000,0.000,0.000,0.000
2025-11-21 04:50:33,mlx5_6,0.000,0.000,0.000,0.000
2025-11-21 04:50:33,mlx5_7,0.000,0.000,614.923,922.453
2025-11-21 04:50:33,mlx5_8,0.000,0.000,0.000,0.000
2025-11-21 04:50:33,mlx5_9,0.000,0.000,0.000,0.000
2025-11-21 04:50:33,TOTAL,0.000,0.000,737.118,1245.193
2025-11-21 04:50:34,mlx5_0,6.929,0.003,123.066,322.740
2025-11-21 04:50:34,mlx5_1,0.000,0.000,0.000,0.000
2025-11-21 04:50:34,mlx5_2,0.000,0.000,0.000,0.000
2025-11-21 04:50:34,mlx5_3,0.000,0.000,0.000,0.000
2025-11-21 04:50:34,mlx5_4,0.000,0.000,0.000,0.000
2025-11-21 04:50:34,mlx5_5,0.000,0.000,0.000,0.000
2025-11-21 04:50:34,mlx5_6,0.000,0.000,0.000,0.000
2025-11-21 04:50:34,mlx5_7,30.228,0.015,618.725,922.455
2025-11-21 04:50:34,mlx5_8,0.000,0.000,0.000,0.000
2025-11-21 04:50:34,mlx5_9,0.000,0.000,0.000,0.000
2025-11-21 04:50:34,TOTAL,37.157,0.018,741.791,1245.195
2025-11-21 04:50:35,mlx5_0,0.000,0.000,123.066,322.740
2025-11-21 04:50:35,mlx5_1,0.000,0.000,0.000,0.000
2025-11-21 04:50:35,mlx5_2,0.000,0.000,0.000,0.000
2025-11-21 04:50:35,mlx5_3,0.000,0.000,0.000,0.000
2025-11-21 04:50:35,mlx5_4,0.000,0.000,0.000,0.000
2025-11-21 04:50:35,mlx5_5,0.000,0.000,0.000,0.000
2025-11-21 04:50:35,mlx5_6,0.000,0.000,0.000,0.000
2025-11-21 04:50:35,mlx5_7,0.000,0.000,618.725,922.455
2025-11-21 04:50:35,mlx5_8,0.000,0.000,0.000,0.000
2025-11-21 04:50:35,mlx5_9,0.000,0.000,0.000,0.000
2025-11-21 04:50:35,TOTAL,0.000,0.000,741.791,1245.195
2025-11-21 04:50:36,mlx5_0,0.000,0.000,123.066,322.740
2025-11-21 04:50:36,mlx5_1,0.000,0.000,0.000,0.000
2025-11-21 04:50:36,mlx5_2,0.000,0.000,0.000,0.000
2025-11-21 04:50:36,mlx5_3,0.000,0.000,0.000,0.000
2025-11-21 04:50:36,mlx5_4,0.000,0.000,0.000,0.000
2025-11-21 04:50:36,mlx5_5,0.000,0.000,0.000,0.000
2025-11-21 04:50:36,mlx5_6,0.000,0.000,0.000,0.000
2025-11-21 04:50:36,mlx5_7,0.000,0.000,618.725,922.455
2025-11-21 04:50:36,mlx5_8,0.000,0.000,0.000,0.000
2025-11-21 04:50:36,mlx5_9,0.000,0.000,0.000,0.000
2025-11-21 04:50:36,TOTAL,0.000,0.000,741.791,1245.195
2025-11-21 04:50:37,mlx5_0,0.000,0.000,123.066,322.740
2025-11-21 04:50:37,mlx5_1,0.000,0.000,0.000,0.000
2025-11-21 04:50:37,mlx5_2,0.000,0.000,0.000,0.000
2025-11-21 04:50:37,mlx5_3,0.000,0.000,0.000,0.000
2025-11-21 04:50:37,mlx5_4,0.000,0.000,0.000,0.000
2025-11-21 04:50:37,mlx5_5,0.000,0.000,0.000,0.000
2025-11-21 04:50:37,mlx5_6,0.000,0.000,0.000,0.000
2025-11-21 04:50:37,mlx5_7,0.000,0.000,618.725,922.455
2025-11-21 04:50:37,mlx5_8,0.000,0.000,0.000,0.000
2025-11-21 04:50:37,mlx5_9,0.000,0.000,0.000,0.000
2025-11-21 04:50:37,TOTAL,0.000,0.000,741.791,1245.195
2025-11-21 04:50:38,mlx5_0,5.403,0.003,123.745,322.741
2025-11-21 04:50:38,mlx5_1,0.000,0.000,0.000,0.000
2025-11-21 04:50:38,mlx5_2,0.000,0.000,0.000,0.000
2025-11-21 04:50:38,mlx5_3,0.000,0.000,0.000,0.000
2025-11-21 04:50:38,mlx5_4,0.000,0.000,0.000,0.000
2025-11-21 04:50:38,mlx5_5,0.000,0.000,0.000,0.000
2025-11-21 04:50:38,mlx5_6,0.000,0.000,0.000,0.000
2025-11-21 04:50:38,mlx5_7,29.941,0.014,622.489,922.457
2025-11-21 04:50:38,mlx5_8,0.000,0.000,0.000,0.000
2025-11-21 04:50:38,mlx5_9,0.000,0.000,0.000,0.000
2025-11-21 04:50:38,TOTAL,35.343,0.017,746.234,1245.198
2025-11-21 04:50:39,mlx5_0,0.966,0.000,123.867,322.741
2025-11-21 04:50:39,mlx5_1,0.000,0.000,0.000,0.000
2025-11-21 04:50:39,mlx5_2,0.000,0.000,0.000,0.000
2025-11-21 04:50:39,mlx5_3,0.000,0.000,0.000,0.000
2025-11-21 04:50:39,mlx5_4,0.000,0.000,0.000,0.000
2025-11-21 04:50:39,mlx5_5,0.000,0.000,0.000,0.000
2025-11-21 04:50:39,mlx5_6,0.000,0.000,0.000,0.000
2025-11-21 04:50:39,mlx5_7,0.866,0.000,622.598,922.457
2025-11-21 04:50:39,mlx5_8,0.000,0.000,0.000,0.000
2025-11-21 04:50:39,mlx5_9,0.000,0.000,0.000,0.000
2025-11-21 04:50:39,TOTAL,1.832,0.001,746.465,1245.198
2025-11-21 04:50:40,mlx5_0,0.000,0.000,123.867,322.741
2025-11-21 04:50:40,mlx5_1,0.000,0.000,0.000,0.000
2025-11-21 04:50:40,mlx5_2,0.000,0.000,0.000,0.000
2025-11-21 04:50:40,mlx5_3,0.000,0.000,0.000,0.000
2025-11-21 04:50:40,mlx5_4,0.000,0.000,0.000,0.000
2025-11-21 04:50:40,mlx5_5,0.000,0.000,0.000,0.000
2025-11-21 04:50:40,mlx5_6,0.000,0.000,0.000,0.000
2025-11-21 04:50:40,mlx5_7,0.000,0.000,622.598,922.457
2025-11-21 04:50:40,mlx5_8,0.000,0.000,0.000,0.000
2025-11-21 04:50:40,mlx5_9,0.000,0.000,0.000,0.000
2025-11-21 04:50:40,TOTAL,0.000,0.000,746.465,1245.198
2025-11-21 04:50:41,mlx5_0,0.000,0.000,123.867,322.741
2025-11-21 04:50:41,mlx5_1,0.000,0.000,0.000,0.000
2025-11-21 04:50:41,mlx5_2,0.000,0.000,0.000,0.000
2025-11-21 04:50:41,mlx5_3,0.000,0.000,0.000,0.000
2025-11-21 04:50:41,mlx5_4,0.000,0.000,0.000,0.000
2025-11-21 04:50:41,mlx5_5,0.000,0.000,0.000,0.000
2025-11-21 04:50:41,mlx5_6,0.000,0.000,0.000,0.000
2025-11-21 04:50:41,mlx5_7,0.000,0.000,622.598,922.457
2025-11-21 04:50:41,mlx5_8,0.000,0.000,0.000,0.000
2025-11-21 04:50:41,mlx5_9,0.000,0.000,0.000,0.000
2025-11-21 04:50:41,TOTAL,0.000,0.000,746.465,1245.198
2025-11-21 04:50:42,mlx5_0,0.000,0.000,123.867,322.741
2025-11-21 04:50:42,mlx5_1,0.000,0.000,0.000,0.000
2025-11-21 04:50:42,mlx5_2,0.000,0.000,0.000,0.000
2025-11-21 04:50:42,mlx5_3,0.000,0.000,0.000,0.000
2025-11-21 04:50:42,mlx5_4,0.000,0.000,0.000,0.000
2025-11-21 04:50:42,mlx5_5,0.000,0.000,0.000,0.000
2025-11-21 04:50:42,mlx5_6,0.000,0.000,0.000,0.000
2025-11-21 04:50:42,mlx5_7,0.000,0.000,622.598,922.457
2025-11-21 04:50:42,mlx5_8,0.000,0.000,0.000,0.000
2025-11-21 04:50:42,mlx5_9,0.000,0.000,0.000,0.000
2025-11-21 04:50:42,TOTAL,0.000,0.000,746.465,1245.198
2025-11-21 04:50:43,mlx5_0,5.452,4.538,124.553,323.312
2025-11-21 04:50:43,mlx5_1,0.000,0.000,0.000,0.000
2025-11-21 04:50:43,mlx5_2,0.000,0.000,0.000,0.000
2025-11-21 04:50:43,mlx5_3,0.000,0.000,0.000,0.000
2025-11-21 04:50:43,mlx5_4,0.000,0.000,0.000,0.000
2025-11-21 04:50:43,mlx5_5,0.000,0.000,0.000,0.000
2025-11-21 04:50:43,mlx5_6,0.000,0.000,0.000,0.000
2025-11-21 04:50:43,mlx5_7,31.708,11.498,626.588,923.904
2025-11-21 04:50:43,mlx5_8,0.000,0.000,0.000,0.000
2025-11-21 04:50:43,mlx5_9,0.000,0.000,0.000,0.000
2025-11-21 04:50:43,TOTAL,37.160,16.036,751.140,1247.215
2025-11-21 04:50:44,mlx5_0,0.006,9.304,124.553,324.482
2025-11-21 04:50:44,mlx5_1,0.000,0.000,0.000,0.000
2025-11-21 04:50:44,mlx5_2,0.000,0.000,0.000,0.000
2025-11-21 04:50:44,mlx5_3,0.000,0.000,0.000,0.000
2025-11-21 04:50:44,mlx5_4,0.000,0.000,0.000,0.000
2025-11-21 04:50:44,mlx5_5,0.000,0.000,0.000,0.000
2025-11-21 04:50:44,mlx5_6,0.000,0.000,0.000,0.000
2025-11-21 04:50:44,mlx5_7,0.024,26.363,626.591,927.220
2025-11-21 04:50:44,mlx5_8,0.000,0.000,0.000,0.000
2025-11-21 04:50:44,mlx5_9,0.000,0.000,0.000,0.000
2025-11-21 04:50:44,TOTAL,0.030,35.667,751.144,1251.703
2025-11-21 04:50:45,mlx5_0,0.012,19.006,124.555,326.872
2025-11-21 04:50:45,mlx5_1,0.000,0.000,0.000,0.000
2025-11-21 04:50:45,mlx5_2,0.000,0.000,0.000,0.000
2025-11-21 04:50:45,mlx5_3,0.000,0.000,0.000,0.000
2025-11-21 04:50:45,mlx5_4,0.000,0.000,0.000,0.000
2025-11-21 04:50:45,mlx5_5,0.000,0.000,0.000,0.000
2025-11-21 04:50:45,mlx5_6,0.000,0.000,0.000,0.000
2025-11-21 04:50:45,mlx5_7,0.051,54.097,626.597,934.022
2025-11-21 04:50:45,mlx5_8,0.000,0.000,0.000,0.000
2025-11-21 04:50:45,mlx5_9,0.000,0.000,0.000,0.000
2025-11-21 04:50:45,TOTAL,0.063,73.103,751.152,1260.893
2025-11-21 04:50:46,mlx5_0,0.017,25.435,124.557,330.068
2025-11-21 04:50:46,mlx5_1,0.000,0.000,0.000,0.000
2025-11-21 04:50:46,mlx5_2,0.000,0.000,0.000,0.000
2025-11-21 04:50:46,mlx5_3,0.000,0.000,0.000,0.000
2025-11-21 04:50:46,mlx5_4,0.000,0.000,0.000,0.000
2025-11-21 04:50:46,mlx5_5,0.000,0.000,0.000,0.000
2025-11-21 04:50:46,mlx5_6,0.000,0.000,0.000,0.000
2025-11-21 04:50:46,mlx5_7,0.066,70.285,626.605,942.853
2025-11-21 04:50:46,mlx5_8,0.000,0.000,0.000,0.000
2025-11-21 04:50:46,mlx5_9,0.000,0.000,0.000,0.000
2025-11-21 04:50:46,TOTAL,0.082,95.721,751.162,1272.920
2025-11-21 04:50:47,mlx5_0,0.005,6.925,124.558,330.938
2025-11-21 04:50:47,mlx5_1,0.000,0.000,0.000,0.000
2025-11-21 04:50:47,mlx5_2,0.000,0.000,0.000,0.000
2025-11-21 04:50:47,mlx5_3,0.000,0.000,0.000,0.000
2025-11-21 04:50:47,mlx5_4,0.000,0.000,0.000,0.000
2025-11-21 04:50:47,mlx5_5,0.000,0.000,0.000,0.000
2025-11-21 04:50:47,mlx5_6,0.000,0.000,0.000,0.000
2025-11-21 04:50:47,mlx5_7,0.021,22.960,626.608,945.738
2025-11-21 04:50:47,mlx5_8,0.000,0.000,0.000,0.000
2025-11-21 04:50:47,mlx5_9,0.000,0.000,0.000,0.000
2025-11-21 04:50:47,TOTAL,0.026,29.886,751.166,1276.676
2025-11-21 04:50:48,mlx5_0,0.000,0.000,124.558,330.938
2025-11-21 04:50:48,mlx5_1,0.000,0.000,0.000,0.000
2025-11-21 04:50:48,mlx5_2,0.000,0.000,0.000,0.000
2025-11-21 04:50:48,mlx5_3,0.000,0.000,0.000,0.000
2025-11-21 04:50:48,mlx5_4,0.000,0.000,0.000,0.000
2025-11-21 04:50:48,mlx5_5,0.000,0.000,0.000,0.000
2025-11-21 04:50:48,mlx5_6,0.000,0.000,0.000,0.000
2025-11-21 04:50:48,mlx5_7,0.000,0.000,626.608,945.738
2025-11-21 04:50:48,mlx5_8,0.000,0.000,0.000,0.000
2025-11-21 04:50:48,mlx5_9,0.000,0.000,0.000,0.000
2025-11-21 04:50:48,TOTAL,0.000,0.000,751.166,1276.676
2025-11-21 04:50:49,mlx5_0,0.000,0.000,124.558,330.938
2025-11-21 04:50:49,mlx5_1,0.000,0.000,0.000,0.000
2025-11-21 04:50:49,mlx5_2,0.000,0.000,0.000,0.000
2025-11-21 04:50:49,mlx5_3,0.000,0.000,0.000,0.000
2025-11-21 04:50:49,mlx5_4,0.000,0.000,0.000,0.000
2025-11-21 04:50:49,mlx5_5,0.000,0.000,0.000,0.000
2025-11-21 04:50:49,mlx5_6,0.000,0.000,0.000,0.000
2025-11-21 04:50:49,mlx5_7,0.000,0.000,626.608,945.738
2025-11-21 04:50:49,mlx5_8,0.000,0.000,0.000,0.000
2025-11-21 04:50:49,mlx5_9,0.000,0.000,0.000,0.000
2025-11-21 04:50:49,TOTAL,0.000,0.000,751.166,1276.676
2025-11-21 04:50:50,mlx5_0,0.000,0.000,124.558,330.938
2025-11-21 04:50:50,mlx5_1,0.000,0.000,0.000,0.000
2025-11-21 04:50:50,mlx5_2,0.000,0.000,0.000,0.000
2025-11-21 04:50:50,mlx5_3,0.000,0.000,0.000,0.000
2025-11-21 04:50:50,mlx5_4,0.000,0.000,0.000,0.000
2025-11-21 04:50:50,mlx5_5,0.000,0.000,0.000,0.000
2025-11-21 04:50:50,mlx5_6,0.000,0.000,0.000,0.000
2025-11-21 04:50:50,mlx5_7,0.000,0.000,626.608,945.738
2025-11-21 04:50:50,mlx5_8,0.000,0.000,0.000,0.000
2025-11-21 04:50:50,mlx5_9,0.000,0.000,0.000,0.000
2025-11-21 04:50:50,TOTAL,0.000,0.000,751.166,1276.676
2025-11-21 04:50:51,mlx5_0,3.741,0.002,125.028,330.938
2025-11-21 04:50:51,mlx5_1,0.000,0.000,0.000,0.000
2025-11-21 04:50:51,mlx5_2,0.000,0.000,0.000,0.000
2025-11-21 04:50:51,mlx5_3,0.000,0.000,0.000,0.000
2025-11-21 04:50:51,mlx5_4,0.000,0.000,0.000,0.000
2025-11-21 04:50:51,mlx5_5,0.000,0.000,0.000,0.000
2025-11-21 04:50:51,mlx5_6,0.000,0.000,0.000,0.000
2025-11-21 04:50:51,mlx5_7,24.258,0.012,629.657,945.740
2025-11-21 04:50:51,mlx5_8,0.000,0.000,0.000,0.000
2025-11-21 04:50:51,mlx5_9,0.000,0.000,0.000,0.000
2025-11-21 04:50:51,TOTAL,27.999,0.014,754.685,1276.678
2025-11-21 04:50:52,mlx5_0,2.375,0.001,125.327,330.938
2025-11-21 04:50:52,mlx5_1,0.000,0.000,0.000,0.000
2025-11-21 04:50:52,mlx5_2,0.000,0.000,0.000,0.000
2025-11-21 04:50:52,mlx5_3,0.000,0.000,0.000,0.000
2025-11-21 04:50:52,mlx5_4,0.000,0.000,0.000,0.000
2025-11-21 04:50:52,mlx5_5,0.000,0.000,0.000,0.000
2025-11-21 04:50:52,mlx5_6,0.000,0.000,0.000,0.000
2025-11-21 04:50:52,mlx5_7,7.516,0.004,630.604,945.740
2025-11-21 04:50:52,mlx5_8,0.000,0.000,0.000,0.000
2025-11-21 04:50:52,mlx5_9,0.000,0.000,0.000,0.000
2025-11-21 04:50:52,TOTAL,9.890,0.005,755.931,1276.678
2025-11-21 04:50:53,mlx5_0,0.000,0.000,125.327,330.938
2025-11-21 04:50:53,mlx5_1,0.000,0.000,0.000,0.000
2025-11-21 04:50:53,mlx5_2,0.000,0.000,0.000,0.000
2025-11-21 04:50:53,mlx5_3,0.000,0.000,0.000,0.000
2025-11-21 04:50:53,mlx5_4,0.000,0.000,0.000,0.000
2025-11-21 04:50:53,mlx5_5,0.000,0.000,0.000,0.000
2025-11-21 04:50:53,mlx5_6,0.000,0.000,0.000,0.000
2025-11-21 04:50:53,mlx5_7,0.000,0.000,630.604,945.740
2025-11-21 04:50:53,mlx5_8,0.000,0.000,0.000,0.000
2025-11-21 04:50:53,mlx5_9,0.000,0.000,0.000,0.000
2025-11-21 04:50:53,TOTAL,0.000,0.000,755.931,1276.678
2025-11-21 04:50:54,mlx5_0,0.000,0.000,125.327,330.938
2025-11-21 04:50:54,mlx5_1,0.000,0.000,0.000,0.000
2025-11-21 04:50:54,mlx5_2,0.000,0.000,0.000,0.000
2025-11-21 04:50:54,mlx5_3,0.000,0.000,0.000,0.000
2025-11-21 04:50:54,mlx5_4,0.000,0.000,0.000,0.000
2025-11-21 04:50:54,mlx5_5,0.000,0.000,0.000,0.000
2025-11-21 04:50:54,mlx5_6,0.000,0.000,0.000,0.000
2025-11-21 04:50:54,mlx5_7,0.000,0.000,630.604,945.740
2025-11-21 04:50:54,mlx5_8,0.000,0.000,0.000,0.000
2025-11-21 04:50:54,mlx5_9,0.000,0.000,0.000,0.000
2025-11-21 04:50:54,TOTAL,0.000,0.000,755.931,1276.678
2025-11-21 04:50:55,mlx5_0,6.877,0.003,126.191,330.939
2025-11-21 04:50:55,mlx5_1,0.000,0.000,0.000,0.000
2025-11-21 04:50:55,mlx5_2,0.000,0.000,0.000,0.000
2025-11-21 04:50:55,mlx5_3,0.000,0.000,0.000,0.000
2025-11-21 04:50:55,mlx5_4,0.000,0.000,0.000,0.000
2025-11-21 04:50:55,mlx5_5,0.000,0.000,0.000,0.000
2025-11-21 04:50:55,mlx5_6,0.000,0.000,0.000,0.000
2025-11-21 04:50:55,mlx5_7,30.312,0.015,634.413,945.742
2025-11-21 04:50:55,mlx5_8,0.000,0.000,0.000,0.000
2025-11-21 04:50:55,mlx5_9,0.000,0.000,0.000,0.000
2025-11-21 04:50:55,TOTAL,37.189,0.018,760.604,1276.681
2025-11-21 04:50:56,mlx5_0,0.000,0.000,126.191,330.939
2025-11-21 04:50:56,mlx5_1,0.000,0.000,0.000,0.000
2025-11-21 04:50:56,mlx5_2,0.000,0.000,0.000,0.000
2025-11-21 04:50:56,mlx5_3,0.000,0.000,0.000,0.000
2025-11-21 04:50:56,mlx5_4,0.000,0.000,0.000,0.000
2025-11-21 04:50:56,mlx5_5,0.000,0.000,0.000,0.000
2025-11-21 04:50:56,mlx5_6,0.000,0.000,0.000,0.000
2025-11-21 04:50:56,mlx5_7,0.000,0.000,634.413,945.742
2025-11-21 04:50:56,mlx5_8,0.000,0.000,0.000,0.000
2025-11-21 04:50:56,mlx5_9,0.000,0.000,0.000,0.000
2025-11-21 04:50:56,TOTAL,0.000,0.000,760.604,1276.681
2025-11-21 04:50:57,mlx5_0,0.000,0.000,126.191,330.939
2025-11-21 04:50:57,mlx5_1,0.000,0.000,0.000,0.000
2025-11-21 04:50:57,mlx5_2,0.000,0.000,0.000,0.000
2025-11-21 04:50:57,mlx5_3,0.000,0.000,0.000,0.000
2025-11-21 04:50:57,mlx5_4,0.000,0.000,0.000,0.000
2025-11-21 04:50:57,mlx5_5,0.000,0.000,0.000,0.000
2025-11-21 04:50:57,mlx5_6,0.000,0.000,0.000,0.000
2025-11-21 04:50:57,mlx5_7,0.000,0.000,634.413,945.742
2025-11-21 04:50:57,mlx5_8,0.000,0.000,0.000,0.000
2025-11-21 04:50:57,mlx5_9,0.000,0.000,0.000,0.000
2025-11-21 04:50:57,TOTAL,0.000,0.000,760.604,1276.681
2025-11-21 04:50:58,mlx5_0,0.565,0.000,126.262,330.939
2025-11-21 04:50:58,mlx5_1,0.000,0.000,0.000,0.000
2025-11-21 04:50:58,mlx5_2,0.000,0.000,0.000,0.000
2025-11-21 04:50:58,mlx5_3,0.000,0.000,0.000,0.000
2025-11-21 04:50:58,mlx5_4,0.000,0.000,0.000,0.000
2025-11-21 04:50:58,mlx5_5,0.000,0.000,0.000,0.000
2025-11-21 04:50:58,mlx5_6,0.000,0.000,0.000,0.000
2025-11-21 04:50:58,mlx5_7,6.528,0.003,635.234,945.742
2025-11-21 04:50:58,mlx5_8,0.000,0.000,0.000,0.000
2025-11-21 04:50:58,mlx5_9,0.000,0.000,0.000,0.000
2025-11-21 04:50:58,TOTAL,7.094,0.004,761.496,1276.681
2025-11-21 04:50:59,mlx5_0,5.235,0.002,126.929,330.939
2025-11-21 04:50:59,mlx5_1,0.000,0.000,0.000,0.000
2025-11-21 04:50:59,mlx5_2,0.000,0.000,0.000,0.000
2025-11-21 04:50:59,mlx5_3,0.000,0.000,0.000,0.000
2025-11-21 04:50:59,mlx5_4,0.000,0.000,0.000,0.000
2025-11-21 04:50:59,mlx5_5,0.000,0.000,0.000,0.000
2025-11-21 04:50:59,mlx5_6,0.000,0.000,0.000,0.000
2025-11-21 04:50:59,mlx5_7,21.024,0.010,637.912,945.744
2025-11-21 04:50:59,mlx5_8,0.000,0.000,0.000,0.000
2025-11-21 04:50:59,mlx5_9,0.000,0.000,0.000,0.000
2025-11-21 04:50:59,TOTAL,26.259,0.012,764.841,1276.683
2025-11-21 04:51:00,mlx5_0,1.418,0.001,127.108,330.939
2025-11-21 04:51:00,mlx5_1,0.000,0.000,0.000,0.000
2025-11-21 04:51:00,mlx5_2,0.000,0.000,0.000,0.000
2025-11-21 04:51:00,mlx5_3,0.000,0.000,0.000,0.000
2025-11-21 04:51:00,mlx5_4,0.000,0.000,0.000,0.000
2025-11-21 04:51:00,mlx5_5,0.000,0.000,0.000,0.000
2025-11-21 04:51:00,mlx5_6,0.000,0.000,0.000,0.000
2025-11-21 04:51:00,mlx5_7,2.052,0.001,638.170,945.744
2025-11-21 04:51:00,mlx5_8,0.000,0.000,0.000,0.000
2025-11-21 04:51:00,mlx5_9,0.000,0.000,0.000,0.000
2025-11-21 04:51:00,TOTAL,3.470,0.002,765.278,1276.683
2025-11-21 04:51:01,mlx5_0,0.000,0.000,127.108,330.939
2025-11-21 04:51:01,mlx5_1,0.000,0.000,0.000,0.000
2025-11-21 04:51:01,mlx5_2,0.000,0.000,0.000,0.000
2025-11-21 04:51:01,mlx5_3,0.000,0.000,0.000,0.000
2025-11-21 04:51:01,mlx5_4,0.000,0.000,0.000,0.000
2025-11-21 04:51:01,mlx5_5,0.000,0.000,0.000,0.000
2025-11-21 04:51:01,mlx5_6,0.000,0.000,0.000,0.000
2025-11-21 04:51:01,mlx5_7,0.000,0.000,638.170,945.744
2025-11-21 04:51:01,mlx5_8,0.000,0.000,0.000,0.000
2025-11-21 04:51:01,mlx5_9,0.000,0.000,0.000,0.000
2025-11-21 04:51:01,TOTAL,0.000,0.000,765.278,1276.683
2025-11-21 04:51:02,mlx5_0,0.632,0.000,127.187,330.939
2025-11-21 04:51:02,mlx5_1,0.000,0.000,0.000,0.000
2025-11-21 04:51:02,mlx5_2,0.000,0.000,0.000,0.000
2025-11-21 04:51:02,mlx5_3,0.000,0.000,0.000,0.000
2025-11-21 04:51:02,mlx5_4,0.000,0.000,0.000,0.000
2025-11-21 04:51:02,mlx5_5,0.000,0.000,0.000,0.000
2025-11-21 04:51:02,mlx5_6,0.000,0.000,0.000,0.000
2025-11-21 04:51:02,mlx5_7,9.003,0.004,639.302,945.744
2025-11-21 04:51:02,mlx5_8,0.000,0.000,0.000,0.000
2025-11-21 04:51:02,mlx5_9,0.000,0.000,0.000,0.000
2025-11-21 04:51:02,TOTAL,9.634,0.005,766.489,1276.684
2025-11-21 04:51:03,mlx5_0,6.431,0.003,127.996,330.940
2025-11-21 04:51:03,mlx5_1,0.000,0.000,0.000,0.000
2025-11-21 04:51:03,mlx5_2,0.000,0.000,0.000,0.000
2025-11-21 04:51:03,mlx5_3,0.000,0.000,0.000,0.000
2025-11-21 04:51:03,mlx5_4,0.000,0.000,0.000,0.000
2025-11-21 04:51:03,mlx5_5,0.000,0.000,0.000,0.000
2025-11-21 04:51:03,mlx5_6,0.000,0.000,0.000,0.000
2025-11-21 04:51:03,mlx5_7,21.074,0.010,641.955,945.746
2025-11-21 04:51:03,mlx5_8,0.000,0.000,0.000,0.000
2025-11-21 04:51:03,mlx5_9,0.000,0.000,0.000,0.000
2025-11-21 04:51:03,TOTAL,27.506,0.013,769.952,1276.685
2025-11-21 04:51:04,mlx5_0,0.000,0.000,127.996,330.940
2025-11-21 04:51:04,mlx5_1,0.000,0.000,0.000,0.000
2025-11-21 04:51:04,mlx5_2,0.000,0.000,0.000,0.000
2025-11-21 04:51:04,mlx5_3,0.000,0.000,0.000,0.000
2025-11-21 04:51:04,mlx5_4,0.000,0.000,0.000,0.000
2025-11-21 04:51:04,mlx5_5,0.000,0.000,0.000,0.000
2025-11-21 04:51:04,mlx5_6,0.000,0.000,0.000,0.000
2025-11-21 04:51:04,mlx5_7,0.000,0.000,641.955,945.746
2025-11-21 04:51:04,mlx5_8,0.000,0.000,0.000,0.000
2025-11-21 04:51:04,mlx5_9,0.000,0.000,0.000,0.000
2025-11-21 04:51:04,TOTAL,0.000,0.000,769.952,1276.685
2025-11-21 04:51:05,mlx5_0,0.000,0.000,127.996,330.940
2025-11-21 04:51:05,mlx5_1,0.000,0.000,0.000,0.000
2025-11-21 04:51:05,mlx5_2,0.000,0.000,0.000,0.000
2025-11-21 04:51:05,mlx5_3,0.000,0.000,0.000,0.000
2025-11-21 04:51:05,mlx5_4,0.000,0.000,0.000,0.000
2025-11-21 04:51:05,mlx5_5,0.000,0.000,0.000,0.000
2025-11-21 04:51:05,mlx5_6,0.000,0.000,0.000,0.000
2025-11-21 04:51:05,mlx5_7,0.000,0.000,641.955,945.746
2025-11-21 04:51:05,mlx5_8,0.000,0.000,0.000,0.000
2025-11-21 04:51:05,mlx5_9,0.000,0.000,0.000,0.000
2025-11-21 04:51:05,TOTAL,0.000,0.000,769.952,1276.685
2025-11-21 04:51:06,mlx5_0,0.000,0.000,127.996,330.940
2025-11-21 04:51:06,mlx5_1,0.000,0.000,0.000,0.000
2025-11-21 04:51:06,mlx5_2,0.000,0.000,0.000,0.000
2025-11-21 04:51:06,mlx5_3,0.000,0.000,0.000,0.000
2025-11-21 04:51:06,mlx5_4,0.000,0.000,0.000,0.000
2025-11-21 04:51:06,mlx5_5,0.000,0.000,0.000,0.000
2025-11-21 04:51:06,mlx5_6,0.000,0.000,0.000,0.000
2025-11-21 04:51:06,mlx5_7,0.000,0.000,641.955,945.746
2025-11-21 04:51:06,mlx5_8,0.000,0.000,0.000,0.000
2025-11-21 04:51:06,mlx5_9,0.000,0.000,0.000,0.000
2025-11-21 04:51:06,TOTAL,0.000,0.000,769.952,1276.685
2025-11-21 04:51:07,mlx5_0,6.516,0.003,128.816,330.940
2025-11-21 04:51:07,mlx5_1,0.000,0.000,0.000,0.000
2025-11-21 04:51:07,mlx5_2,0.000,0.000,0.000,0.000
2025-11-21 04:51:07,mlx5_3,0.000,0.000,0.000,0.000
2025-11-21 04:51:07,mlx5_4,0.000,0.000,0.000,0.000
2025-11-21 04:51:07,mlx5_5,0.000,0.000,0.000,0.000
2025-11-21 04:51:07,mlx5_6,0.000,0.000,0.000,0.000
2025-11-21 04:51:07,mlx5_7,29.037,0.014,645.607,945.747
2025-11-21 04:51:07,mlx5_8,0.000,0.000,0.000,0.000
2025-11-21 04:51:07,mlx5_9,0.000,0.000,0.000,0.000
2025-11-21 04:51:07,TOTAL,35.554,0.017,774.424,1276.687
2025-11-21 04:51:08,mlx5_0,0.707,0.000,128.905,330.940
2025-11-21 04:51:08,mlx5_1,0.000,0.000,0.000,0.000
2025-11-21 04:51:08,mlx5_2,0.000,0.000,0.000,0.000
2025-11-21 04:51:08,mlx5_3,0.000,0.000,0.000,0.000
2025-11-21 04:51:08,mlx5_4,0.000,0.000,0.000,0.000
2025-11-21 04:51:08,mlx5_5,0.000,0.000,0.000,0.000
2025-11-21 04:51:08,mlx5_6,0.000,0.000,0.000,0.000
2025-11-21 04:51:08,mlx5_7,0.896,0.001,645.720,945.747
2025-11-21 04:51:08,mlx5_8,0.000,0.000,0.000,0.000
2025-11-21 04:51:08,mlx5_9,0.000,0.000,0.000,0.000
2025-11-21 04:51:08,TOTAL,1.603,0.001,774.625,1276.688
2025-11-21 04:51:09,mlx5_0,0.000,0.000,128.905,330.940
2025-11-21 04:51:09,mlx5_1,0.000,0.000,0.000,0.000
2025-11-21 04:51:09,mlx5_2,0.000,0.000,0.000,0.000
2025-11-21 04:51:09,mlx5_3,0.000,0.000,0.000,0.000
2025-11-21 04:51:09,mlx5_4,0.000,0.000,0.000,0.000
2025-11-21 04:51:09,mlx5_5,0.000,0.000,0.000,0.000
2025-11-21 04:51:09,mlx5_6,0.000,0.000,0.000,0.000
2025-11-21 04:51:09,mlx5_7,0.000,0.000,645.720,945.747
2025-11-21 04:51:09,mlx5_8,0.000,0.000,0.000,0.000
2025-11-21 04:51:09,mlx5_9,0.000,0.000,0.000,0.000
2025-11-21 04:51:09,TOTAL,0.000,0.000,774.625,1276.688
2025-11-21 04:51:10,mlx5_0,0.000,0.000,128.905,330.940
2025-11-21 04:51:10,mlx5_1,0.000,0.000,0.000,0.000
2025-11-21 04:51:10,mlx5_2,0.000,0.000,0.000,0.000
2025-11-21 04:51:10,mlx5_3,0.000,0.000,0.000,0.000
2025-11-21 04:51:10,mlx5_4,0.000,0.000,0.000,0.000
2025-11-21 04:51:10,mlx5_5,0.000,0.000,0.000,0.000
2025-11-21 04:51:10,mlx5_6,0.000,0.000,0.000,0.000
2025-11-21 04:51:10,mlx5_7,0.000,0.000,645.720,945.747
2025-11-21 04:51:10,mlx5_8,0.000,0.000,0.000,0.000
2025-11-21 04:51:10,mlx5_9,0.000,0.000,0.000,0.000
2025-11-21 04:51:10,TOTAL,0.000,0.000,774.625,1276.688
2025-11-21 04:51:11,mlx5_0,0.000,0.000,128.905,330.940
2025-11-21 04:51:11,mlx5_1,0.000,0.000,0.000,0.000
2025-11-21 04:51:11,mlx5_2,0.000,0.000,0.000,0.000
2025-11-21 04:51:11,mlx5_3,0.000,0.000,0.000,0.000
2025-11-21 04:51:11,mlx5_4,0.000,0.000,0.000,0.000
2025-11-21 04:51:11,mlx5_5,0.000,0.000,0.000,0.000
2025-11-21 04:51:11,mlx5_6,0.000,0.000,0.000,0.000
2025-11-21 04:51:11,mlx5_7,0.000,0.000,645.720,945.747
2025-11-21 04:51:11,mlx5_8,0.000,0.000,0.000,0.000
2025-11-21 04:51:11,mlx5_9,0.000,0.000,0.000,0.000
2025-11-21 04:51:11,TOTAL,0.000,0.000,774.625,1276.688
2025-11-21 04:51:12,mlx5_0,5.674,5.508,129.619,331.633
2025-11-21 04:51:12,mlx5_1,0.000,0.000,0.000,0.000
2025-11-21 04:51:12,mlx5_2,0.000,0.000,0.000,0.000
2025-11-21 04:51:12,mlx5_3,0.000,0.000,0.000,0.000
2025-11-21 04:51:12,mlx5_4,0.000,0.000,0.000,0.000
2025-11-21 04:51:12,mlx5_5,0.000,0.000,0.000,0.000
2025-11-21 04:51:12,mlx5_6,0.000,0.000,0.000,0.000
2025-11-21 04:51:12,mlx5_7,31.501,23.395,649.683,948.691
2025-11-21 04:51:12,mlx5_8,0.000,0.000,0.000,0.000
2025-11-21 04:51:12,mlx5_9,0.000,0.000,0.000,0.000
2025-11-21 04:51:12,TOTAL,37.175,28.902,779.302,1280.324
2025-11-21 04:51:13,mlx5_0,0.005,8.604,129.620,332.717
2025-11-21 04:51:13,mlx5_1,0.000,0.000,0.000,0.000
2025-11-21 04:51:13,mlx5_2,0.000,0.000,0.000,0.000
2025-11-21 04:51:13,mlx5_3,0.000,0.000,0.000,0.000
2025-11-21 04:51:13,mlx5_4,0.000,0.000,0.000,0.000
2025-11-21 04:51:13,mlx5_5,0.000,0.000,0.000,0.000
2025-11-21 04:51:13,mlx5_6,0.000,0.000,0.000,0.000
2025-11-21 04:51:13,mlx5_7,0.021,22.832,649.686,951.567
2025-11-21 04:51:13,mlx5_8,0.000,0.000,0.000,0.000
2025-11-21 04:51:13,mlx5_9,0.000,0.000,0.000,0.000
2025-11-21 04:51:13,TOTAL,0.026,31.436,779.306,1284.284
2025-11-21 04:51:14,mlx5_0,0.013,19.690,129.621,335.194
2025-11-21 04:51:14,mlx5_1,0.000,0.000,0.000,0.000
2025-11-21 04:51:14,mlx5_2,0.000,0.000,0.000,0.000
2025-11-21 04:51:14,mlx5_3,0.000,0.000,0.000,0.000
2025-11-21 04:51:14,mlx5_4,0.000,0.000,0.000,0.000
2025-11-21 04:51:14,mlx5_5,0.000,0.000,0.000,0.000
2025-11-21 04:51:14,mlx5_6,0.000,0.000,0.000,0.000
2025-11-21 04:51:14,mlx5_7,0.053,56.806,649.693,958.713
2025-11-21 04:51:14,mlx5_8,0.000,0.000,0.000,0.000
2025-11-21 04:51:14,mlx5_9,0.000,0.000,0.000,0.000
2025-11-21 04:51:14,TOTAL,0.066,76.496,779.314,1293.907
2025-11-21 04:51:15,mlx5_0,0.014,23.316,129.623,338.125
2025-11-21 04:51:15,mlx5_1,0.000,0.000,0.000,0.000
2025-11-21 04:51:15,mlx5_2,0.000,0.000,0.000,0.000
2025-11-21 04:51:15,mlx5_3,0.000,0.000,0.000,0.000
2025-11-21 04:51:15,mlx5_4,0.000,0.000,0.000,0.000
2025-11-21 04:51:15,mlx5_5,0.000,0.000,0.000,0.000
2025-11-21 04:51:15,mlx5_6,0.000,0.000,0.000,0.000
2025-11-21 04:51:15,mlx5_7,0.054,57.859,649.699,965.988
2025-11-21 04:51:15,mlx5_8,0.000,0.000,0.000,0.000
2025-11-21 04:51:15,mlx5_9,0.000,0.000,0.000,0.000
2025-11-21 04:51:15,TOTAL,0.068,81.175,779.322,1304.113
2025-11-21 04:51:16,mlx5_0,0.005,7.590,129.624,339.081
2025-11-21 04:51:16,mlx5_1,0.000,0.000,0.000,0.000
2025-11-21 04:51:16,mlx5_2,0.000,0.000,0.000,0.000
2025-11-21 04:51:16,mlx5_3,0.000,0.000,0.000,0.000
2025-11-21 04:51:16,mlx5_4,0.000,0.000,0.000,0.000
2025-11-21 04:51:16,mlx5_5,0.000,0.000,0.000,0.000
2025-11-21 04:51:16,mlx5_6,0.000,0.000,0.000,0.000
2025-11-21 04:51:16,mlx5_7,0.024,25.409,649.702,969.187
2025-11-21 04:51:16,mlx5_8,0.000,0.000,0.000,0.000
2025-11-21 04:51:16,mlx5_9,0.000,0.000,0.000,0.000
2025-11-21 04:51:16,TOTAL,0.028,32.999,779.326,1308.268
2025-11-21 04:51:17,mlx5_0,0.000,0.000,129.624,339.081
2025-11-21 04:51:17,mlx5_1,0.000,0.000,0.000,0.000
2025-11-21 04:51:17,mlx5_2,0.000,0.000,0.000,0.000
2025-11-21 04:51:17,mlx5_3,0.000,0.000,0.000,0.000
2025-11-21 04:51:17,mlx5_4,0.000,0.000,0.000,0.000
2025-11-21 04:51:17,mlx5_5,0.000,0.000,0.000,0.000
2025-11-21 04:51:17,mlx5_6,0.000,0.000,0.000,0.000
2025-11-21 04:51:17,mlx5_7,0.000,0.000,649.702,969.187
2025-11-21 04:51:17,mlx5_8,0.000,0.000,0.000,0.000
2025-11-21 04:51:17,mlx5_9,0.000,0.000,0.000,0.000
2025-11-21 04:51:17,TOTAL,0.000,0.000,779.326,1308.268
2025-11-21 04:51:18,mlx5_0,0.000,0.000,129.624,339.081
2025-11-21 04:51:18,mlx5_1,0.000,0.000,0.000,0.000
2025-11-21 04:51:18,mlx5_2,0.000,0.000,0.000,0.000
2025-11-21 04:51:18,mlx5_3,0.000,0.000,0.000,0.000
2025-11-21 04:51:18,mlx5_4,0.000,0.000,0.000,0.000
2025-11-21 04:51:18,mlx5_5,0.000,0.000,0.000,0.000
2025-11-21 04:51:18,mlx5_6,0.000,0.000,0.000,0.000
2025-11-21 04:51:18,mlx5_7,0.000,0.000,649.702,969.187
2025-11-21 04:51:18,mlx5_8,0.000,0.000,0.000,0.000
2025-11-21 04:51:18,mlx5_9,0.000,0.000,0.000,0.000
2025-11-21 04:51:18,TOTAL,0.000,0.000,779.326,1308.268
2025-11-21 04:51:19,mlx5_0,0.000,0.000,129.624,339.081
2025-11-21 04:51:19,mlx5_1,0.000,0.000,0.000,0.000
2025-11-21 04:51:19,mlx5_2,0.000,0.000,0.000,0.000
2025-11-21 04:51:19,mlx5_3,0.000,0.000,0.000,0.000
2025-11-21 04:51:19,mlx5_4,0.000,0.000,0.000,0.000
2025-11-21 04:51:19,mlx5_5,0.000,0.000,0.000,0.000
2025-11-21 04:51:19,mlx5_6,0.000,0.000,0.000,0.000
2025-11-21 04:51:19,mlx5_7,0.000,0.000,649.702,969.187
2025-11-21 04:51:19,mlx5_8,0.000,0.000,0.000,0.000
2025-11-21 04:51:19,mlx5_9,0.000,0.000,0.000,0.000
2025-11-21 04:51:19,TOTAL,0.000,0.000,779.326,1308.268
2025-11-21 04:51:20,mlx5_0,1.056,0.001,129.756,339.081
2025-11-21 04:51:20,mlx5_1,0.000,0.000,0.000,0.000
2025-11-21 04:51:20,mlx5_2,0.000,0.000,0.000,0.000
2025-11-21 04:51:20,mlx5_3,0.000,0.000,0.000,0.000
2025-11-21 04:51:20,mlx5_4,0.000,0.000,0.000,0.000
2025-11-21 04:51:20,mlx5_5,0.000,0.000,0.000,0.000
2025-11-21 04:51:20,mlx5_6,0.000,0.000,0.000,0.000
2025-11-21 04:51:20,mlx5_7,10.774,0.005,651.056,969.187
2025-11-21 04:51:20,mlx5_8,0.000,0.000,0.000,0.000
2025-11-21 04:51:20,mlx5_9,0.000,0.000,0.000,0.000
2025-11-21 04:51:20,TOTAL,11.829,0.006,780.812,1308.268
2025-11-21 04:51:21,mlx5_0,4.855,0.003,130.368,339.081
2025-11-21 04:51:21,mlx5_1,0.000,0.000,0.000,0.000
2025-11-21 04:51:21,mlx5_2,0.000,0.000,0.000,0.000
2025-11-21 04:51:21,mlx5_3,0.000,0.000,0.000,0.000
2025-11-21 04:51:21,mlx5_4,0.000,0.000,0.000,0.000
2025-11-21 04:51:21,mlx5_5,0.000,0.000,0.000,0.000
2025-11-21 04:51:21,mlx5_6,0.000,0.000,0.000,0.000
2025-11-21 04:51:21,mlx5_7,21.168,0.010,653.723,969.189
2025-11-21 04:51:21,mlx5_8,0.000,0.000,0.000,0.000
2025-11-21 04:51:21,mlx5_9,0.000,0.000,0.000,0.000
2025-11-21 04:51:21,TOTAL,26.022,0.013,784.091,1308.270
2025-11-21 04:51:22,mlx5_0,0.000,0.000,130.368,339.081
2025-11-21 04:51:22,mlx5_1,0.000,0.000,0.000,0.000
2025-11-21 04:51:22,mlx5_2,0.000,0.000,0.000,0.000
2025-11-21 04:51:22,mlx5_3,0.000,0.000,0.000,0.000
2025-11-21 04:51:22,mlx5_4,0.000,0.000,0.000,0.000
2025-11-21 04:51:22,mlx5_5,0.000,0.000,0.000,0.000
2025-11-21 04:51:22,mlx5_6,0.000,0.000,0.000,0.000
2025-11-21 04:51:22,mlx5_7,0.000,0.000,653.723,969.189
2025-11-21 04:51:22,mlx5_8,0.000,0.000,0.000,0.000
2025-11-21 04:51:22,mlx5_9,0.000,0.000,0.000,0.000
2025-11-21 04:51:22,TOTAL,0.000,0.000,784.091,1308.270
2025-11-21 04:51:23,mlx5_0,0.000,0.000,130.368,339.081
2025-11-21 04:51:23,mlx5_1,0.000,0.000,0.000,0.000
2025-11-21 04:51:23,mlx5_2,0.000,0.000,0.000,0.000
2025-11-21 04:51:23,mlx5_3,0.000,0.000,0.000,0.000
2025-11-21 04:51:23,mlx5_4,0.000,0.000,0.000,0.000
2025-11-21 04:51:23,mlx5_5,0.000,0.000,0.000,0.000
2025-11-21 04:51:23,mlx5_6,0.000,0.000,0.000,0.000
2025-11-21 04:51:23,mlx5_7,0.000,0.000,653.723,969.189
2025-11-21 04:51:23,mlx5_8,0.000,0.000,0.000,0.000
2025-11-21 04:51:23,mlx5_9,0.000,0.000,0.000,0.000
2025-11-21 04:51:23,TOTAL,0.000,0.000,784.091,1308.270
2025-11-21 04:51:24,mlx5_0,5.036,0.002,131.001,339.082
2025-11-21 04:51:24,mlx5_1,0.000,0.000,0.000,0.000
2025-11-21 04:51:24,mlx5_2,0.000,0.000,0.000,0.000
2025-11-21 04:51:24,mlx5_3,0.000,0.000,0.000,0.000
2025-11-21 04:51:24,mlx5_4,0.000,0.000,0.000,0.000
2025-11-21 04:51:24,mlx5_5,0.000,0.000,0.000,0.000
2025-11-21 04:51:24,mlx5_6,0.000,0.000,0.000,0.000
2025-11-21 04:51:24,mlx5_7,32.138,0.016,657.764,969.191
2025-11-21 04:51:24,mlx5_8,0.000,0.000,0.000,0.000
2025-11-21 04:51:24,mlx5_9,0.000,0.000,0.000,0.000
2025-11-21 04:51:24,TOTAL,37.174,0.018,788.765,1308.272
2025-11-21 04:51:25,mlx5_0,0.000,0.000,131.001,339.082
2025-11-21 04:51:25,mlx5_1,0.000,0.000,0.000,0.000
2025-11-21 04:51:25,mlx5_2,0.000,0.000,0.000,0.000
2025-11-21 04:51:25,mlx5_3,0.000,0.000,0.000,0.000
2025-11-21 04:51:25,mlx5_4,0.000,0.000,0.000,0.000
2025-11-21 04:51:25,mlx5_5,0.000,0.000,0.000,0.000
2025-11-21 04:51:25,mlx5_6,0.000,0.000,0.000,0.000
2025-11-21 04:51:25,mlx5_7,0.000,0.000,657.764,969.191
2025-11-21 04:51:25,mlx5_8,0.000,0.000,0.000,0.000
2025-11-21 04:51:25,mlx5_9,0.000,0.000,0.000,0.000
2025-11-21 04:51:25,TOTAL,0.000,0.000,788.765,1308.272
2025-11-21 04:51:26,mlx5_0,0.000,0.000,131.001,339.082
2025-11-21 04:51:26,mlx5_1,0.000,0.000,0.000,0.000
2025-11-21 04:51:26,mlx5_2,0.000,0.000,0.000,0.000
2025-11-21 04:51:26,mlx5_3,0.000,0.000,0.000,0.000
2025-11-21 04:51:26,mlx5_4,0.000,0.000,0.000,0.000
2025-11-21 04:51:26,mlx5_5,0.000,0.000,0.000,0.000
2025-11-21 04:51:26,mlx5_6,0.000,0.000,0.000,0.000
2025-11-21 04:51:26,mlx5_7,0.000,0.000,657.764,969.191
2025-11-21 04:51:26,mlx5_8,0.000,0.000,0.000,0.000
2025-11-21 04:51:26,mlx5_9,0.000,0.000,0.000,0.000
2025-11-21 04:51:26,TOTAL,0.000,0.000,788.765,1308.272
2025-11-21 04:51:27,mlx5_0,4.428,0.002,131.558,339.082
2025-11-21 04:51:27,mlx5_1,0.000,0.000,0.000,0.000
2025-11-21 04:51:27,mlx5_2,0.000,0.000,0.000,0.000
2025-11-21 04:51:27,mlx5_3,0.000,0.000,0.000,0.000
2025-11-21 04:51:27,mlx5_4,0.000,0.000,0.000,0.000
2025-11-21 04:51:27,mlx5_5,0.000,0.000,0.000,0.000
2025-11-21 04:51:27,mlx5_6,0.000,0.000,0.000,0.000
2025-11-21 04:51:27,mlx5_7,25.997,0.013,661.033,969.192
2025-11-21 04:51:27,mlx5_8,0.000,0.000,0.000,0.000
2025-11-21 04:51:27,mlx5_9,0.000,0.000,0.000,0.000
2025-11-21 04:51:27,TOTAL,30.426,0.015,792.591,1308.274
2025-11-21 04:51:28,mlx5_0,2.865,0.001,131.919,339.082
2025-11-21 04:51:28,mlx5_1,0.000,0.000,0.000,0.000
2025-11-21 04:51:28,mlx5_2,0.000,0.000,0.000,0.000
2025-11-21 04:51:28,mlx5_3,0.000,0.000,0.000,0.000
2025-11-21 04:51:28,mlx5_4,0.000,0.000,0.000,0.000
2025-11-21 04:51:28,mlx5_5,0.000,0.000,0.000,0.000
2025-11-21 04:51:28,mlx5_6,0.000,0.000,0.000,0.000
2025-11-21 04:51:28,mlx5_7,3.884,0.002,661.522,969.192
2025-11-21 04:51:28,mlx5_8,0.000,0.000,0.000,0.000
2025-11-21 04:51:28,mlx5_9,0.000,0.000,0.000,0.000
2025-11-21 04:51:28,TOTAL,6.748,0.004,793.441,1308.275
2025-11-21 04:51:29,mlx5_0,0.000,0.000,131.919,339.082
2025-11-21 04:51:29,mlx5_1,0.000,0.000,0.000,0.000
2025-11-21 04:51:29,mlx5_2,0.000,0.000,0.000,0.000
2025-11-21 04:51:29,mlx5_3,0.000,0.000,0.000,0.000
2025-11-21 04:51:29,mlx5_4,0.000,0.000,0.000,0.000
2025-11-21 04:51:29,mlx5_5,0.000,0.000,0.000,0.000
2025-11-21 04:51:29,mlx5_6,0.000,0.000,0.000,0.000
2025-11-21 04:51:29,mlx5_7,0.000,0.000,661.522,969.192
2025-11-21 04:51:29,mlx5_8,0.000,0.000,0.000,0.000
2025-11-21 04:51:29,mlx5_9,0.000,0.000,0.000,0.000
2025-11-21 04:51:29,TOTAL,0.000,0.000,793.441,1308.275
2025-11-21 04:51:30,mlx5_0,0.000,0.000,131.919,339.082
2025-11-21 04:51:30,mlx5_1,0.000,0.000,0.000,0.000
2025-11-21 04:51:30,mlx5_2,0.000,0.000,0.000,0.000
2025-11-21 04:51:30,mlx5_3,0.000,0.000,0.000,0.000
2025-11-21 04:51:30,mlx5_4,0.000,0.000,0.000,0.000
2025-11-21 04:51:30,mlx5_5,0.000,0.000,0.000,0.000
2025-11-21 04:51:30,mlx5_6,0.000,0.000,0.000,0.000
2025-11-21 04:51:30,mlx5_7,0.000,0.000,661.522,969.192
2025-11-21 04:51:30,mlx5_8,0.000,0.000,0.000,0.000
2025-11-21 04:51:30,mlx5_9,0.000,0.000,0.000,0.000
2025-11-21 04:51:30,TOTAL,0.000,0.000,793.441,1308.275
2025-11-21 04:51:31,mlx5_0,0.610,0.000,131.996,339.082
2025-11-21 04:51:31,mlx5_1,0.000,0.000,0.000,0.000
2025-11-21 04:51:31,mlx5_2,0.000,0.000,0.000,0.000
2025-11-21 04:51:31,mlx5_3,0.000,0.000,0.000,0.000
2025-11-21 04:51:31,mlx5_4,0.000,0.000,0.000,0.000
2025-11-21 04:51:31,mlx5_5,0.000,0.000,0.000,0.000
2025-11-21 04:51:31,mlx5_6,0.000,0.000,0.000,0.000
2025-11-21 04:51:31,mlx5_7,4.264,0.002,662.059,969.193
2025-11-21 04:51:31,mlx5_8,0.000,0.000,0.000,0.000
2025-11-21 04:51:31,mlx5_9,0.000,0.000,0.000,0.000
2025-11-21 04:51:31,TOTAL,4.875,0.003,794.055,1308.275
2025-11-21 04:51:32,mlx5_0,6.527,0.003,132.831,339.083
2025-11-21 04:51:32,mlx5_1,0.000,0.000,0.000,0.000
2025-11-21 04:51:32,mlx5_2,0.000,0.000,0.000,0.000
2025-11-21 04:51:32,mlx5_3,0.000,0.000,0.000,0.000
2025-11-21 04:51:32,mlx5_4,0.000,0.000,0.000,0.000
2025-11-21 04:51:32,mlx5_5,0.000,0.000,0.000,0.000
2025-11-21 04:51:32,mlx5_6,0.000,0.000,0.000,0.000
2025-11-21 04:51:32,mlx5_7,25.208,0.012,665.284,969.194
2025-11-21 04:51:32,mlx5_8,0.000,0.000,0.000,0.000
2025-11-21 04:51:32,mlx5_9,0.000,0.000,0.000,0.000
2025-11-21 04:51:32,TOTAL,31.735,0.015,798.115,1308.277
2025-11-21 04:51:33,mlx5_0,0.000,0.000,132.831,339.083
2025-11-21 04:51:33,mlx5_1,0.000,0.000,0.000,0.000
2025-11-21 04:51:33,mlx5_2,0.000,0.000,0.000,0.000
2025-11-21 04:51:33,mlx5_3,0.000,0.000,0.000,0.000
2025-11-21 04:51:33,mlx5_4,0.000,0.000,0.000,0.000
2025-11-21 04:51:33,mlx5_5,0.000,0.000,0.000,0.000
2025-11-21 04:51:33,mlx5_6,0.000,0.000,0.000,0.000
2025-11-21 04:51:33,mlx5_7,0.000,0.000,665.284,969.194
2025-11-21 04:51:33,mlx5_8,0.000,0.000,0.000,0.000
2025-11-21 04:51:33,mlx5_9,0.000,0.000,0.000,0.000
2025-11-21 04:51:33,TOTAL,0.000,0.000,798.115,1308.277
2025-11-21 04:51:34,mlx5_0,0.000,0.000,132.831,339.083
2025-11-21 04:51:34,mlx5_1,0.000,0.000,0.000,0.000
2025-11-21 04:51:34,mlx5_2,0.000,0.000,0.000,0.000
2025-11-21 04:51:34,mlx5_3,0.000,0.000,0.000,0.000
2025-11-21 04:51:34,mlx5_4,0.000,0.000,0.000,0.000
2025-11-21 04:51:34,mlx5_5,0.000,0.000,0.000,0.000
2025-11-21 04:51:34,mlx5_6,0.000,0.000,0.000,0.000
2025-11-21 04:51:34,mlx5_7,0.000,0.000,665.284,969.194
2025-11-21 04:51:34,mlx5_8,0.000,0.000,0.000,0.000
2025-11-21 04:51:34,mlx5_9,0.000,0.000,0.000,0.000
2025-11-21 04:51:34,TOTAL,0.000,0.000,798.115,1308.277
2025-11-21 04:51:35,mlx5_0,0.000,0.000,132.831,339.083
2025-11-21 04:51:35,mlx5_1,0.000,0.000,0.000,0.000
2025-11-21 04:51:35,mlx5_2,0.000,0.000,0.000,0.000
2025-11-21 04:51:35,mlx5_3,0.000,0.000,0.000,0.000
2025-11-21 04:51:35,mlx5_4,0.000,0.000,0.000,0.000
2025-11-21 04:51:35,mlx5_5,0.000,0.000,0.000,0.000
2025-11-21 04:51:35,mlx5_6,0.000,0.000,0.000,0.000
2025-11-21 04:51:35,mlx5_7,0.000,0.000,665.284,969.194
2025-11-21 04:51:35,mlx5_8,0.000,0.000,0.000,0.000
2025-11-21 04:51:35,mlx5_9,0.000,0.000,0.000,0.000
2025-11-21 04:51:35,TOTAL,0.000,0.000,798.115,1308.277
2025-11-21 04:51:36,mlx5_0,6.105,0.003,133.598,339.083
2025-11-21 04:51:36,mlx5_1,0.000,0.000,0.000,0.000
2025-11-21 04:51:36,mlx5_2,0.000,0.000,0.000,0.000
2025-11-21 04:51:36,mlx5_3,0.000,0.000,0.000,0.000
2025-11-21 04:51:36,mlx5_4,0.000,0.000,0.000,0.000
2025-11-21 04:51:36,mlx5_5,0.000,0.000,0.000,0.000
2025-11-21 04:51:36,mlx5_6,0.000,0.000,0.000,0.000
2025-11-21 04:51:36,mlx5_7,31.070,0.015,669.190,969.196
2025-11-21 04:51:36,mlx5_8,0.000,0.000,0.000,0.000
2025-11-21 04:51:36,mlx5_9,0.000,0.000,0.000,0.000
2025-11-21 04:51:36,TOTAL,37.175,0.018,802.788,1308.279
2025-11-21 04:51:37,mlx5_0,0.000,0.000,133.598,339.083
2025-11-21 04:51:37,mlx5_1,0.000,0.000,0.000,0.000
2025-11-21 04:51:37,mlx5_2,0.000,0.000,0.000,0.000
2025-11-21 04:51:37,mlx5_3,0.000,0.000,0.000,0.000
2025-11-21 04:51:37,mlx5_4,0.000,0.000,0.000,0.000
2025-11-21 04:51:37,mlx5_5,0.000,0.000,0.000,0.000
2025-11-21 04:51:37,mlx5_6,0.000,0.000,0.000,0.000
2025-11-21 04:51:37,mlx5_7,0.000,0.000,669.190,969.196
2025-11-21 04:51:37,mlx5_8,0.000,0.000,0.000,0.000
2025-11-21 04:51:37,mlx5_9,0.000,0.000,0.000,0.000
2025-11-21 04:51:37,TOTAL,0.000,0.000,802.788,1308.279
2025-11-21 04:51:38,mlx5_0,0.000,0.000,133.598,339.083
2025-11-21 04:51:38,mlx5_1,0.000,0.000,0.000,0.000
2025-11-21 04:51:38,mlx5_2,0.000,0.000,0.000,0.000
2025-11-21 04:51:38,mlx5_3,0.000,0.000,0.000,0.000
2025-11-21 04:51:38,mlx5_4,0.000,0.000,0.000,0.000
2025-11-21 04:51:38,mlx5_5,0.000,0.000,0.000,0.000
2025-11-21 04:51:38,mlx5_6,0.000,0.000,0.000,0.000
2025-11-21 04:51:38,mlx5_7,0.000,0.000,669.190,969.196
2025-11-21 04:51:38,mlx5_8,0.000,0.000,0.000,0.000
2025-11-21 04:51:38,mlx5_9,0.000,0.000,0.000,0.000
2025-11-21 04:51:38,TOTAL,0.000,0.000,802.788,1308.279
2025-11-21 04:51:39,mlx5_0,0.000,0.000,133.598,339.083
2025-11-21 04:51:39,mlx5_1,0.000,0.000,0.000,0.000
2025-11-21 04:51:39,mlx5_2,0.000,0.000,0.000,0.000
2025-11-21 04:51:39,mlx5_3,0.000,0.000,0.000,0.000
2025-11-21 04:51:39,mlx5_4,0.000,0.000,0.000,0.000
2025-11-21 04:51:39,mlx5_5,0.000,0.000,0.000,0.000
2025-11-21 04:51:39,mlx5_6,0.000,0.000,0.000,0.000
2025-11-21 04:51:39,mlx5_7,0.000,0.000,669.190,969.196
2025-11-21 04:51:39,mlx5_8,0.000,0.000,0.000,0.000
2025-11-21 04:51:39,mlx5_9,0.000,0.000,0.000,0.000
2025-11-21 04:51:39,TOTAL,0.000,0.000,802.788,1308.279
2025-11-21 04:51:40,mlx5_0,3.190,0.002,133.999,339.083
2025-11-21 04:51:40,mlx5_1,0.000,0.000,0.000,0.000
2025-11-21 04:51:40,mlx5_2,0.000,0.000,0.000,0.000
2025-11-21 04:51:40,mlx5_3,0.000,0.000,0.000,0.000
2025-11-21 04:51:40,mlx5_4,0.000,0.000,0.000,0.000
2025-11-21 04:51:40,mlx5_5,0.000,0.000,0.000,0.000
2025-11-21 04:51:40,mlx5_6,0.000,0.000,0.000,0.000
2025-11-21 04:51:40,mlx5_7,22.411,0.010,672.007,969.197
2025-11-21 04:51:40,mlx5_8,0.000,0.000,0.000,0.000
2025-11-21 04:51:40,mlx5_9,0.000,0.000,0.000,0.000
2025-11-21 04:51:40,TOTAL,25.601,0.012,806.006,1308.281
2025-11-21 04:51:41,mlx5_0,3.329,0.002,134.418,339.083
2025-11-21 04:51:41,mlx5_1,0.000,0.000,0.000,0.000
2025-11-21 04:51:41,mlx5_2,0.000,0.000,0.000,0.000
2025-11-21 04:51:41,mlx5_3,0.000,0.000,0.000,0.000
2025-11-21 04:51:41,mlx5_4,0.000,0.000,0.000,0.000
2025-11-21 04:51:41,mlx5_5,0.000,0.000,0.000,0.000
2025-11-21 04:51:41,mlx5_6,0.000,0.000,0.000,0.000
2025-11-21 04:51:41,mlx5_7,8.248,0.004,673.044,969.198
2025-11-21 04:51:41,mlx5_8,0.000,0.000,0.000,0.000
2025-11-21 04:51:41,mlx5_9,0.000,0.000,0.000,0.000
2025-11-21 04:51:41,TOTAL,11.577,0.006,807.462,1308.281
2025-11-21 04:51:42,mlx5_0,0.000,0.000,134.418,339.083
2025-11-21 04:51:42,mlx5_1,0.000,0.000,0.000,0.000
2025-11-21 04:51:42,mlx5_2,0.000,0.000,0.000,0.000
2025-11-21 04:51:42,mlx5_3,0.000,0.000,0.000,0.000
2025-11-21 04:51:42,mlx5_4,0.000,0.000,0.000,0.000
2025-11-21 04:51:42,mlx5_5,0.000,0.000,0.000,0.000
2025-11-21 04:51:42,mlx5_6,0.000,0.000,0.000,0.000
2025-11-21 04:51:42,mlx5_7,0.000,0.000,673.044,969.198
2025-11-21 04:51:42,mlx5_8,0.000,0.000,0.000,0.000
2025-11-21 04:51:42,mlx5_9,0.000,0.000,0.000,0.000
2025-11-21 04:51:42,TOTAL,0.000,0.000,807.462,1308.281
2025-11-21 04:51:43,mlx5_0,0.000,0.000,134.418,339.083
2025-11-21 04:51:43,mlx5_1,0.000,0.000,0.000,0.000
2025-11-21 04:51:43,mlx5_2,0.000,0.000,0.000,0.000
2025-11-21 04:51:43,mlx5_3,0.000,0.000,0.000,0.000
2025-11-21 04:51:43,mlx5_4,0.000,0.000,0.000,0.000
2025-11-21 04:51:43,mlx5_5,0.000,0.000,0.000,0.000
2025-11-21 04:51:43,mlx5_6,0.000,0.000,0.000,0.000
2025-11-21 04:51:43,mlx5_7,0.000,0.000,673.044,969.198
2025-11-21 04:51:43,mlx5_8,0.000,0.000,0.000,0.000
2025-11-21 04:51:43,mlx5_9,0.000,0.000,0.000,0.000
2025-11-21 04:51:43,TOTAL,0.000,0.000,807.462,1308.281
2025-11-21 04:51:44,mlx5_0,0.000,0.000,134.418,339.083
2025-11-21 04:51:44,mlx5_1,0.000,0.000,0.000,0.000
2025-11-21 04:51:44,mlx5_2,0.000,0.000,0.000,0.000
2025-11-21 04:51:44,mlx5_3,0.000,0.000,0.000,0.000
2025-11-21 04:51:44,mlx5_4,0.000,0.000,0.000,0.000
2025-11-21 04:51:44,mlx5_5,0.000,0.000,0.000,0.000
2025-11-21 04:51:44,mlx5_6,0.000,0.000,0.000,0.000
2025-11-21 04:51:44,mlx5_7,0.000,0.000,673.044,969.198
2025-11-21 04:51:44,mlx5_8,0.000,0.000,0.000,0.000
2025-11-21 04:51:44,mlx5_9,0.000,0.000,0.000,0.000
2025-11-21 04:51:44,TOTAL,0.000,0.000,807.462,1308.281
2025-11-21 04:51:45,mlx5_0,1.230,0.001,134.572,339.084
2025-11-21 04:51:45,mlx5_1,0.000,0.000,0.000,0.000
2025-11-21 04:51:45,mlx5_2,0.000,0.000,0.000,0.000
2025-11-21 04:51:45,mlx5_3,0.000,0.000,0.000,0.000
2025-11-21 04:51:45,mlx5_4,0.000,0.000,0.000,0.000
2025-11-21 04:51:45,mlx5_5,0.000,0.000,0.000,0.000
2025-11-21 04:51:45,mlx5_6,0.000,0.000,0.000,0.000
2025-11-21 04:51:45,mlx5_7,13.466,0.007,674.738,969.199
2025-11-21 04:51:45,mlx5_8,0.000,0.000,0.000,0.000
2025-11-21 04:51:45,mlx5_9,0.000,0.000,0.000,0.000
2025-11-21 04:51:45,TOTAL,14.696,0.007,809.310,1308.282
2025-11-21 04:51:46,mlx5_0,4.987,5.967,135.201,339.835
2025-11-21 04:51:46,mlx5_1,0.000,0.000,0.000,0.000
2025-11-21 04:51:46,mlx5_2,0.000,0.000,0.000,0.000
2025-11-21 04:51:46,mlx5_3,0.000,0.000,0.000,0.000
2025-11-21 04:51:46,mlx5_4,0.000,0.000,0.000,0.000
2025-11-21 04:51:46,mlx5_5,0.000,0.000,0.000,0.000
2025-11-21 04:51:46,mlx5_6,0.000,0.000,0.000,0.000
2025-11-21 04:51:46,mlx5_7,17.468,26.103,676.939,972.487
2025-11-21 04:51:46,mlx5_8,0.000,0.000,0.000,0.000
2025-11-21 04:51:46,mlx5_9,0.000,0.000,0.000,0.000
2025-11-21 04:51:46,TOTAL,22.456,32.070,812.139,1312.323
2025-11-21 04:51:47,mlx5_0,0.005,8.132,135.201,340.859
2025-11-21 04:51:47,mlx5_1,0.000,0.000,0.000,0.000
2025-11-21 04:51:47,mlx5_2,0.000,0.000,0.000,0.000
2025-11-21 04:51:47,mlx5_3,0.000,0.000,0.000,0.000
2025-11-21 04:51:47,mlx5_4,0.000,0.000,0.000,0.000
2025-11-21 04:51:47,mlx5_5,0.000,0.000,0.000,0.000
2025-11-21 04:51:47,mlx5_6,0.000,0.000,0.000,0.000
2025-11-21 04:51:47,mlx5_7,0.016,17.594,676.941,974.701
2025-11-21 04:51:47,mlx5_8,0.000,0.000,0.000,0.000
2025-11-21 04:51:47,mlx5_9,0.000,0.000,0.000,0.000
2025-11-21 04:51:47,TOTAL,0.021,25.726,812.142,1315.560
2025-11-21 04:51:48,mlx5_0,0.007,10.409,135.202,342.169
2025-11-21 04:51:48,mlx5_1,0.000,0.000,0.000,0.000
2025-11-21 04:51:48,mlx5_2,0.000,0.000,0.000,0.000
2025-11-21 04:51:48,mlx5_3,0.000,0.000,0.000,0.000
2025-11-21 04:51:48,mlx5_4,0.000,0.000,0.000,0.000
2025-11-21 04:51:48,mlx5_5,0.000,0.000,0.000,0.000
2025-11-21 04:51:48,mlx5_6,0.000,0.000,0.000,0.000
2025-11-21 04:51:48,mlx5_7,0.029,30.540,676.944,978.546
2025-11-21 04:51:48,mlx5_8,0.000,0.000,0.000,0.000
2025-11-21 04:51:48,mlx5_9,0.000,0.000,0.000,0.000
2025-11-21 04:51:48,TOTAL,0.035,40.949,812.146,1320.715
2025-11-21 04:51:49,mlx5_0,0.012,18.191,135.204,344.457
2025-11-21 04:51:49,mlx5_1,0.000,0.000,0.000,0.000
2025-11-21 04:51:49,mlx5_2,0.000,0.000,0.000,0.000
2025-11-21 04:51:49,mlx5_3,0.000,0.000,0.000,0.000
2025-11-21 04:51:49,mlx5_4,0.000,0.000,0.000,0.000
2025-11-21 04:51:49,mlx5_5,0.000,0.000,0.000,0.000
2025-11-21 04:51:49,mlx5_6,0.000,0.000,0.000,0.000
2025-11-21 04:51:49,mlx5_7,0.044,46.759,676.950,984.428
2025-11-21 04:51:49,mlx5_8,0.000,0.000,0.000,0.000
2025-11-21 04:51:49,mlx5_9,0.000,0.000,0.000,0.000
2025-11-21 04:51:49,TOTAL,0.056,64.951,812.153,1328.885
2025-11-21 04:51:50,mlx5_0,0.014,20.846,135.205,347.079
2025-11-21 04:51:50,mlx5_1,0.000,0.000,0.000,0.000
2025-11-21 04:51:50,mlx5_2,0.000,0.000,0.000,0.000
2025-11-21 04:51:50,mlx5_3,0.000,0.000,0.000,0.000
2025-11-21 04:51:50,mlx5_4,0.000,0.000,0.000,0.000
2025-11-21 04:51:50,mlx5_5,0.000,0.000,0.000,0.000
2025-11-21 04:51:50,mlx5_6,0.000,0.000,0.000,0.000
2025-11-21 04:51:50,mlx5_7,0.059,63.148,676.957,992.370
2025-11-21 04:51:50,mlx5_8,0.000,0.000,0.000,0.000
2025-11-21 04:51:50,mlx5_9,0.000,0.000,0.000,0.000
2025-11-21 04:51:50,TOTAL,0.073,83.994,812.163,1339.449
2025-11-21 04:51:51,mlx5_0,0.000,0.446,135.205,347.135
2025-11-21 04:51:51,mlx5_1,0.000,0.000,0.000,0.000
2025-11-21 04:51:51,mlx5_2,0.000,0.000,0.000,0.000
2025-11-21 04:51:51,mlx5_3,0.000,0.000,0.000,0.000
2025-11-21 04:51:51,mlx5_4,0.000,0.000,0.000,0.000
2025-11-21 04:51:51,mlx5_5,0.000,0.000,0.000,0.000
2025-11-21 04:51:51,mlx5_6,0.000,0.000,0.000,0.000
2025-11-21 04:51:51,mlx5_7,0.002,2.032,676.958,992.626
2025-11-21 04:51:51,mlx5_8,0.000,0.000,0.000,0.000
2025-11-21 04:51:51,mlx5_9,0.000,0.000,0.000,0.000
2025-11-21 04:51:51,TOTAL,0.002,2.478,812.163,1339.761
2025-11-21 04:51:52,mlx5_0,0.000,0.000,135.205,347.135
2025-11-21 04:51:52,mlx5_1,0.000,0.000,0.000,0.000
2025-11-21 04:51:52,mlx5_2,0.000,0.000,0.000,0.000
2025-11-21 04:51:52,mlx5_3,0.000,0.000,0.000,0.000
2025-11-21 04:51:52,mlx5_4,0.000,0.000,0.000,0.000
2025-11-21 04:51:52,mlx5_5,0.000,0.000,0.000,0.000
2025-11-21 04:51:52,mlx5_6,0.000,0.000,0.000,0.000
2025-11-21 04:51:52,mlx5_7,0.000,0.000,676.958,992.626
2025-11-21 04:51:52,mlx5_8,0.000,0.000,0.000,0.000
2025-11-21 04:51:52,mlx5_9,0.000,0.000,0.000,0.000
2025-11-21 04:51:52,TOTAL,0.000,0.000,812.163,1339.761
2025-11-21 04:51:53,mlx5_0,0.000,0.000,135.205,347.135
2025-11-21 04:51:53,mlx5_1,0.000,0.000,0.000,0.000
2025-11-21 04:51:53,mlx5_2,0.000,0.000,0.000,0.000
2025-11-21 04:51:53,mlx5_3,0.000,0.000,0.000,0.000
2025-11-21 04:51:53,mlx5_4,0.000,0.000,0.000,0.000
2025-11-21 04:51:53,mlx5_5,0.000,0.000,0.000,0.000
2025-11-21 04:51:53,mlx5_6,0.000,0.000,0.000,0.000
2025-11-21 04:51:53,mlx5_7,0.000,0.000,676.958,992.626
2025-11-21 04:51:53,mlx5_8,0.000,0.000,0.000,0.000
2025-11-21 04:51:53,mlx5_9,0.000,0.000,0.000,0.000
2025-11-21 04:51:53,TOTAL,0.000,0.000,812.163,1339.761
2025-11-21 04:51:54,mlx5_0,5.939,0.003,135.952,347.136
2025-11-21 04:51:54,mlx5_1,0.000,0.000,0.000,0.000
2025-11-21 04:51:54,mlx5_2,0.000,0.000,0.000,0.000
2025-11-21 04:51:54,mlx5_3,0.000,0.000,0.000,0.000
2025-11-21 04:51:54,mlx5_4,0.000,0.000,0.000,0.000
2025-11-21 04:51:54,mlx5_5,0.000,0.000,0.000,0.000
2025-11-21 04:51:54,mlx5_6,0.000,0.000,0.000,0.000
2025-11-21 04:51:54,mlx5_7,28.820,0.014,680.583,992.628
2025-11-21 04:51:54,mlx5_8,0.000,0.000,0.000,0.000
2025-11-21 04:51:54,mlx5_9,0.000,0.000,0.000,0.000
2025-11-21 04:51:54,TOTAL,34.759,0.017,816.535,1339.763
2025-11-21 04:51:55,mlx5_0,0.000,0.000,135.952,347.136
2025-11-21 04:51:55,mlx5_1,0.000,0.000,0.000,0.000
2025-11-21 04:51:55,mlx5_2,0.000,0.000,0.000,0.000
2025-11-21 04:51:55,mlx5_3,0.000,0.000,0.000,0.000
2025-11-21 04:51:55,mlx5_4,0.000,0.000,0.000,0.000
2025-11-21 04:51:55,mlx5_5,0.000,0.000,0.000,0.000
2025-11-21 04:51:55,mlx5_6,0.000,0.000,0.000,0.000
2025-11-21 04:51:55,mlx5_7,0.072,0.000,680.592,992.628
2025-11-21 04:51:55,mlx5_8,0.000,0.000,0.000,0.000
2025-11-21 04:51:55,mlx5_9,0.000,0.000,0.000,0.000
2025-11-21 04:51:55,TOTAL,0.072,0.000,816.545,1339.763
2025-11-21 04:51:56,mlx5_0,0.000,0.000,135.952,347.136
2025-11-21 04:51:56,mlx5_1,0.000,0.000,0.000,0.000
2025-11-21 04:51:56,mlx5_2,0.000,0.000,0.000,0.000
2025-11-21 04:51:56,mlx5_3,0.000,0.000,0.000,0.000
2025-11-21 04:51:56,mlx5_4,0.000,0.000,0.000,0.000
2025-11-21 04:51:56,mlx5_5,0.000,0.000,0.000,0.000
2025-11-21 04:51:56,mlx5_6,0.000,0.000,0.000,0.000
2025-11-21 04:51:56,mlx5_7,0.000,0.000,680.592,992.628
2025-11-21 04:51:56,mlx5_8,0.000,0.000,0.000,0.000
2025-11-21 04:51:56,mlx5_9,0.000,0.000,0.000,0.000
2025-11-21 04:51:56,TOTAL,0.000,0.000,816.545,1339.763
2025-11-21 04:51:57,mlx5_0,1.324,0.001,136.119,347.136
2025-11-21 04:51:57,mlx5_1,0.000,0.000,0.000,0.000
2025-11-21 04:51:57,mlx5_2,0.000,0.000,0.000,0.000
2025-11-21 04:51:57,mlx5_3,0.000,0.000,0.000,0.000
2025-11-21 04:51:57,mlx5_4,0.000,0.000,0.000,0.000
2025-11-21 04:51:57,mlx5_5,0.000,0.000,0.000,0.000
2025-11-21 04:51:57,mlx5_6,0.000,0.000,0.000,0.000
2025-11-21 04:51:57,mlx5_7,13.984,0.007,682.351,992.628
2025-11-21 04:51:57,mlx5_8,0.000,0.000,0.000,0.000
2025-11-21 04:51:57,mlx5_9,0.000,0.000,0.000,0.000
2025-11-21 04:51:57,TOTAL,15.309,0.008,818.470,1339.764
2025-11-21 04:51:59,mlx5_0,4.984,0.002,136.747,347.136
2025-11-21 04:51:59,mlx5_1,0.000,0.000,0.000,0.000
2025-11-21 04:51:59,mlx5_2,0.000,0.000,0.000,0.000
2025-11-21 04:51:59,mlx5_3,0.000,0.000,0.000,0.000
2025-11-21 04:51:59,mlx5_4,0.000,0.000,0.000,0.000
2025-11-21 04:51:59,mlx5_5,0.000,0.000,0.000,0.000
2025-11-21 04:51:59,mlx5_6,0.000,0.000,0.000,0.000
2025-11-21 04:51:59,mlx5_7,16.499,0.008,684.428,992.629
2025-11-21 04:51:59,mlx5_8,0.000,0.000,0.000,0.000
2025-11-21 04:51:59,mlx5_9,0.000,0.000,0.000,0.000
2025-11-21 04:51:59,TOTAL,21.483,0.010,821.175,1339.765
2025-11-21 04:52:00,mlx5_0,0.415,0.000,136.799,347.136
2025-11-21 04:52:00,mlx5_1,0.000,0.000,0.000,0.000
2025-11-21 04:52:00,mlx5_2,0.000,0.000,0.000,0.000
2025-11-21 04:52:00,mlx5_3,0.000,0.000,0.000,0.000
2025-11-21 04:52:00,mlx5_4,0.000,0.000,0.000,0.000
2025-11-21 04:52:00,mlx5_5,0.000,0.000,0.000,0.000
2025-11-21 04:52:00,mlx5_6,0.000,0.000,0.000,0.000
2025-11-21 04:52:00,mlx5_7,0.617,0.000,684.506,992.630
2025-11-21 04:52:00,mlx5_8,0.000,0.000,0.000,0.000
2025-11-21 04:52:00,mlx5_9,0.000,0.000,0.000,0.000
2025-11-21 04:52:00,TOTAL,1.033,0.001,821.305,1339.766
2025-11-21 04:52:01,mlx5_0,0.000,0.000,136.799,347.136
2025-11-21 04:52:01,mlx5_1,0.000,0.000,0.000,0.000
2025-11-21 04:52:01,mlx5_2,0.000,0.000,0.000,0.000
2025-11-21 04:52:01,mlx5_3,0.000,0.000,0.000,0.000
2025-11-21 04:52:01,mlx5_4,0.000,0.000,0.000,0.000
2025-11-21 04:52:01,mlx5_5,0.000,0.000,0.000,0.000
2025-11-21 04:52:01,mlx5_6,0.000,0.000,0.000,0.000
2025-11-21 04:52:01,mlx5_7,0.000,0.000,684.506,992.630
2025-11-21 04:52:01,mlx5_8,0.000,0.000,0.000,0.000
2025-11-21 04:52:01,mlx5_9,0.000,0.000,0.000,0.000
2025-11-21 04:52:01,TOTAL,0.000,0.000,821.305,1339.766
2025-11-21 04:52:02,mlx5_0,5.328,0.003,137.469,347.136
2025-11-21 04:52:02,mlx5_1,0.000,0.000,0.000,0.000
2025-11-21 04:52:02,mlx5_2,0.000,0.000,0.000,0.000
2025-11-21 04:52:02,mlx5_3,0.000,0.000,0.000,0.000
2025-11-21 04:52:02,mlx5_4,0.000,0.000,0.000,0.000
2025-11-21 04:52:02,mlx5_5,0.000,0.000,0.000,0.000
2025-11-21 04:52:02,mlx5_6,0.000,0.000,0.000,0.000
2025-11-21 04:52:02,mlx5_7,31.410,0.015,688.456,992.631
2025-11-21 04:52:02,mlx5_8,0.000,0.000,0.000,0.000
2025-11-21 04:52:02,mlx5_9,0.000,0.000,0.000,0.000
2025-11-21 04:52:02,TOTAL,36.739,0.018,825.925,1339.768
2025-11-21 04:52:03,mlx5_0,0.137,0.000,137.486,347.136
2025-11-21 04:52:03,mlx5_1,0.000,0.000,0.000,0.000
2025-11-21 04:52:03,mlx5_2,0.000,0.000,0.000,0.000
2025-11-21 04:52:03,mlx5_3,0.000,0.000,0.000,0.000
2025-11-21 04:52:03,mlx5_4,0.000,0.000,0.000,0.000
2025-11-21 04:52:03,mlx5_5,0.000,0.000,0.000,0.000
2025-11-21 04:52:03,mlx5_6,0.000,0.000,0.000,0.000
2025-11-21 04:52:03,mlx5_7,0.290,0.000,688.493,992.631
2025-11-21 04:52:03,mlx5_8,0.000,0.000,0.000,0.000
2025-11-21 04:52:03,mlx5_9,0.000,0.000,0.000,0.000
2025-11-21 04:52:03,TOTAL,0.427,0.000,825.979,1339.768
2025-11-21 04:52:04,mlx5_0,0.000,0.000,137.486,347.136
2025-11-21 04:52:04,mlx5_1,0.000,0.000,0.000,0.000
2025-11-21 04:52:04,mlx5_2,0.000,0.000,0.000,0.000
2025-11-21 04:52:04,mlx5_3,0.000,0.000,0.000,0.000
2025-11-21 04:52:04,mlx5_4,0.000,0.000,0.000,0.000
2025-11-21 04:52:04,mlx5_5,0.000,0.000,0.000,0.000
2025-11-21 04:52:04,mlx5_6,0.000,0.000,0.000,0.000
2025-11-21 04:52:04,mlx5_7,0.000,0.000,688.493,992.631
2025-11-21 04:52:04,mlx5_8,0.000,0.000,0.000,0.000
2025-11-21 04:52:04,mlx5_9,0.000,0.000,0.000,0.000
2025-11-21 04:52:04,TOTAL,0.000,0.000,825.979,1339.768
2025-11-21 04:52:05,mlx5_0,0.000,0.000,137.486,347.136
2025-11-21 04:52:05,mlx5_1,0.000,0.000,0.000,0.000
2025-11-21 04:52:05,mlx5_2,0.000,0.000,0.000,0.000
2025-11-21 04:52:05,mlx5_3,0.000,0.000,0.000,0.000
2025-11-21 04:52:05,mlx5_4,0.000,0.000,0.000,0.000
2025-11-21 04:52:05,mlx5_5,0.000,0.000,0.000,0.000
2025-11-21 04:52:05,mlx5_6,0.000,0.000,0.000,0.000
2025-11-21 04:52:05,mlx5_7,0.000,0.000,688.493,992.631
2025-11-21 04:52:05,mlx5_8,0.000,0.000,0.000,0.000
2025-11-21 04:52:05,mlx5_9,0.000,0.000,0.000,0.000
2025-11-21 04:52:05,TOTAL,0.000,0.000,825.979,1339.768
2025-11-21 04:52:06,mlx5_0,2.579,0.001,137.811,347.137
2025-11-21 04:52:06,mlx5_1,0.000,0.000,0.000,0.000
2025-11-21 04:52:06,mlx5_2,0.000,0.000,0.000,0.000
2025-11-21 04:52:06,mlx5_3,0.000,0.000,0.000,0.000
2025-11-21 04:52:06,mlx5_4,0.000,0.000,0.000,0.000
2025-11-21 04:52:06,mlx5_5,0.000,0.000,0.000,0.000
2025-11-21 04:52:06,mlx5_6,0.000,0.000,0.000,0.000
2025-11-21 04:52:06,mlx5_7,24.910,0.012,691.627,992.633
2025-11-21 04:52:06,mlx5_8,0.000,0.000,0.000,0.000
2025-11-21 04:52:06,mlx5_9,0.000,0.000,0.000,0.000
2025-11-21 04:52:06,TOTAL,27.490,0.013,829.438,1339.769
2025-11-21 04:52:07,mlx5_0,2.172,0.001,138.085,347.137
2025-11-21 04:52:07,mlx5_1,0.000,0.000,0.000,0.000
2025-11-21 04:52:07,mlx5_2,0.000,0.000,0.000,0.000
2025-11-21 04:52:07,mlx5_3,0.000,0.000,0.000,0.000
2025-11-21 04:52:07,mlx5_4,0.000,0.000,0.000,0.000
2025-11-21 04:52:07,mlx5_5,0.000,0.000,0.000,0.000
2025-11-21 04:52:07,mlx5_6,0.000,0.000,0.000,0.000
2025-11-21 04:52:07,mlx5_7,7.458,0.004,692.568,992.633
2025-11-21 04:52:07,mlx5_8,0.000,0.000,0.000,0.000
2025-11-21 04:52:07,mlx5_9,0.000,0.000,0.000,0.000
2025-11-21 04:52:07,TOTAL,9.630,0.005,830.652,1339.770
2025-11-21 04:52:08,mlx5_0,0.000,0.000,138.085,347.137
2025-11-21 04:52:08,mlx5_1,0.000,0.000,0.000,0.000
2025-11-21 04:52:08,mlx5_2,0.000,0.000,0.000,0.000
2025-11-21 04:52:08,mlx5_3,0.000,0.000,0.000,0.000
2025-11-21 04:52:08,mlx5_4,0.000,0.000,0.000,0.000
2025-11-21 04:52:08,mlx5_5,0.000,0.000,0.000,0.000
2025-11-21 04:52:08,mlx5_6,0.000,0.000,0.000,0.000
2025-11-21 04:52:08,mlx5_7,0.000,0.000,692.568,992.633
2025-11-21 04:52:08,mlx5_8,0.000,0.000,0.000,0.000
2025-11-21 04:52:08,mlx5_9,0.000,0.000,0.000,0.000
2025-11-21 04:52:08,TOTAL,0.000,0.000,830.652,1339.770
2025-11-21 04:52:09,mlx5_0,0.000,0.000,138.085,347.137
2025-11-21 04:52:09,mlx5_1,0.000,0.000,0.000,0.000
2025-11-21 04:52:09,mlx5_2,0.000,0.000,0.000,0.000
2025-11-21 04:52:09,mlx5_3,0.000,0.000,0.000,0.000
2025-11-21 04:52:09,mlx5_4,0.000,0.000,0.000,0.000
2025-11-21 04:52:09,mlx5_5,0.000,0.000,0.000,0.000
2025-11-21 04:52:09,mlx5_6,0.000,0.000,0.000,0.000
2025-11-21 04:52:09,mlx5_7,0.000,0.000,692.568,992.633
2025-11-21 04:52:09,mlx5_8,0.000,0.000,0.000,0.000
2025-11-21 04:52:09,mlx5_9,0.000,0.000,0.000,0.000
2025-11-21 04:52:09,TOTAL,0.000,0.000,830.652,1339.770
2025-11-21 04:52:10,mlx5_0,0.000,0.000,138.085,347.137
2025-11-21 04:52:10,mlx5_1,0.000,0.000,0.000,0.000
2025-11-21 04:52:10,mlx5_2,0.000,0.000,0.000,0.000
2025-11-21 04:52:10,mlx5_3,0.000,0.000,0.000,0.000
2025-11-21 04:52:10,mlx5_4,0.000,0.000,0.000,0.000
2025-11-21 04:52:10,mlx5_5,0.000,0.000,0.000,0.000
2025-11-21 04:52:10,mlx5_6,0.000,0.000,0.000,0.000
2025-11-21 04:52:10,mlx5_7,0.000,0.000,692.568,992.633
2025-11-21 04:52:10,mlx5_8,0.000,0.000,0.000,0.000
2025-11-21 04:52:10,mlx5_9,0.000,0.000,0.000,0.000
2025-11-21 04:52:10,TOTAL,0.000,0.000,830.652,1339.770
2025-11-21 04:52:11,mlx5_0,5.824,0.003,138.817,347.137
2025-11-21 04:52:11,mlx5_1,0.000,0.000,0.000,0.000
2025-11-21 04:52:11,mlx5_2,0.000,0.000,0.000,0.000
2025-11-21 04:52:11,mlx5_3,0.000,0.000,0.000,0.000
2025-11-21 04:52:11,mlx5_4,0.000,0.000,0.000,0.000
2025-11-21 04:52:11,mlx5_5,0.000,0.000,0.000,0.000
2025-11-21 04:52:11,mlx5_6,0.000,0.000,0.000,0.000
2025-11-21 04:52:11,mlx5_7,31.340,0.015,696.509,992.635
2025-11-21 04:52:11,mlx5_8,0.000,0.000,0.000,0.000
2025-11-21 04:52:11,mlx5_9,0.000,0.000,0.000,0.000
2025-11-21 04:52:11,TOTAL,37.163,0.018,835.326,1339.772
2025-11-21 04:52:12,mlx5_0,0.000,0.000,138.817,347.137
2025-11-21 04:52:12,mlx5_1,0.000,0.000,0.000,0.000
2025-11-21 04:52:12,mlx5_2,0.000,0.000,0.000,0.000
2025-11-21 04:52:12,mlx5_3,0.000,0.000,0.000,0.000
2025-11-21 04:52:12,mlx5_4,0.000,0.000,0.000,0.000
2025-11-21 04:52:12,mlx5_5,0.000,0.000,0.000,0.000
2025-11-21 04:52:12,mlx5_6,0.000,0.000,0.000,0.000
2025-11-21 04:52:12,mlx5_7,0.000,0.000,696.509,992.635
2025-11-21 04:52:12,mlx5_8,0.000,0.000,0.000,0.000
2025-11-21 04:52:12,mlx5_9,0.000,0.000,0.000,0.000
2025-11-21 04:52:12,TOTAL,0.000,0.000,835.326,1339.772
2025-11-21 04:52:13,mlx5_0,0.000,0.000,138.817,347.137
2025-11-21 04:52:13,mlx5_1,0.000,0.000,0.000,0.000
2025-11-21 04:52:13,mlx5_2,0.000,0.000,0.000,0.000
2025-11-21 04:52:13,mlx5_3,0.000,0.000,0.000,0.000
2025-11-21 04:52:13,mlx5_4,0.000,0.000,0.000,0.000
2025-11-21 04:52:13,mlx5_5,0.000,0.000,0.000,0.000
2025-11-21 04:52:13,mlx5_6,0.000,0.000,0.000,0.000
2025-11-21 04:52:13,mlx5_7,0.000,0.000,696.509,992.635
2025-11-21 04:52:13,mlx5_8,0.000,0.000,0.000,0.000
2025-11-21 04:52:13,mlx5_9,0.000,0.000,0.000,0.000
2025-11-21 04:52:13,TOTAL,0.000,0.000,835.326,1339.772
2025-11-21 04:52:14,mlx5_0,0.000,0.000,138.817,347.137
2025-11-21 04:52:14,mlx5_1,0.000,0.000,0.000,0.000
2025-11-21 04:52:14,mlx5_2,0.000,0.000,0.000,0.000
2025-11-21 04:52:14,mlx5_3,0.000,0.000,0.000,0.000
2025-11-21 04:52:14,mlx5_4,0.000,0.000,0.000,0.000
2025-11-21 04:52:14,mlx5_5,0.000,0.000,0.000,0.000
2025-11-21 04:52:14,mlx5_6,0.000,0.000,0.000,0.000
2025-11-21 04:52:14,mlx5_7,0.000,0.000,696.509,992.635
2025-11-21 04:52:14,mlx5_8,0.000,0.000,0.000,0.000
2025-11-21 04:52:14,mlx5_9,0.000,0.000,0.000,0.000
2025-11-21 04:52:14,TOTAL,0.000,0.000,835.326,1339.772
2025-11-21 04:52:15,mlx5_0,0.000,0.000,138.817,347.137
2025-11-21 04:52:15,mlx5_1,0.000,0.000,0.000,0.000
2025-11-21 04:52:15,mlx5_2,0.000,0.000,0.000,0.000
2025-11-21 04:52:15,mlx5_3,0.000,0.000,0.000,0.000
2025-11-21 04:52:15,mlx5_4,0.000,0.000,0.000,0.000
2025-11-21 04:52:15,mlx5_5,0.000,0.000,0.000,0.000
2025-11-21 04:52:15,mlx5_6,0.000,0.000,0.000,0.000
2025-11-21 04:52:15,mlx5_7,0.000,0.000,696.509,992.635
2025-11-21 04:52:15,mlx5_8,0.000,0.000,0.000,0.000
2025-11-21 04:52:15,mlx5_9,0.000,0.000,0.000,0.000
2025-11-21 04:52:15,TOTAL,0.000,0.000,835.326,1339.772
2025-11-21 04:52:16,mlx5_0,5.657,5.511,139.529,347.830
2025-11-21 04:52:16,mlx5_1,0.000,0.000,0.000,0.000
2025-11-21 04:52:16,mlx5_2,0.000,0.000,0.000,0.000
2025-11-21 04:52:16,mlx5_3,0.000,0.000,0.000,0.000
2025-11-21 04:52:16,mlx5_4,0.000,0.000,0.000,0.000
2025-11-21 04:52:16,mlx5_5,0.000,0.000,0.000,0.000
2025-11-21 04:52:16,mlx5_6,0.000,0.000,0.000,0.000
2025-11-21 04:52:16,mlx5_7,31.521,21.439,700.474,995.332
2025-11-21 04:52:16,mlx5_8,0.000,0.000,0.000,0.000
2025-11-21 04:52:16,mlx5_9,0.000,0.000,0.000,0.000
2025-11-21 04:52:16,TOTAL,37.178,26.950,840.003,1343.162
2025-11-21 04:52:17,mlx5_0,0.012,19.672,139.530,350.305
2025-11-21 04:52:17,mlx5_1,0.000,0.000,0.000,0.000
2025-11-21 04:52:17,mlx5_2,0.000,0.000,0.000,0.000
2025-11-21 04:52:17,mlx5_3,0.000,0.000,0.000,0.000
2025-11-21 04:52:17,mlx5_4,0.000,0.000,0.000,0.000
2025-11-21 04:52:17,mlx5_5,0.000,0.000,0.000,0.000
2025-11-21 04:52:17,mlx5_6,0.000,0.000,0.000,0.000
2025-11-21 04:52:17,mlx5_7,0.051,54.339,700.480,1002.167
2025-11-21 04:52:17,mlx5_8,0.000,0.000,0.000,0.000
2025-11-21 04:52:17,mlx5_9,0.000,0.000,0.000,0.000
2025-11-21 04:52:17,TOTAL,0.063,74.012,840.010,1352.472
2025-11-21 04:52:18,mlx5_0,0.014,21.152,139.532,352.967
2025-11-21 04:52:18,mlx5_1,0.000,0.000,0.000,0.000
2025-11-21 04:52:18,mlx5_2,0.000,0.000,0.000,0.000
2025-11-21 04:52:18,mlx5_3,0.000,0.000,0.000,0.000
2025-11-21 04:52:18,mlx5_4,0.000,0.000,0.000,0.000
2025-11-21 04:52:18,mlx5_5,0.000,0.000,0.000,0.000
2025-11-21 04:52:18,mlx5_6,0.000,0.000,0.000,0.000
2025-11-21 04:52:18,mlx5_7,0.057,60.380,700.487,1009.768
2025-11-21 04:52:18,mlx5_8,0.000,0.000,0.000,0.000
2025-11-21 04:52:18,mlx5_9,0.000,0.000,0.000,0.000
2025-11-21 04:52:18,TOTAL,0.071,81.531,840.019,1362.735
2025-11-21 04:52:19,mlx5_0,0.011,17.880,139.533,355.220
2025-11-21 04:52:19,mlx5_1,0.000,0.000,0.000,0.000
2025-11-21 04:52:19,mlx5_2,0.000,0.000,0.000,0.000
2025-11-21 04:52:19,mlx5_3,0.000,0.000,0.000,0.000
2025-11-21 04:52:19,mlx5_4,0.000,0.000,0.000,0.000
2025-11-21 04:52:19,mlx5_5,0.000,0.000,0.000,0.000
2025-11-21 04:52:19,mlx5_6,0.000,0.000,0.000,0.000
2025-11-21 04:52:19,mlx5_7,0.046,49.169,700.493,1015.962
2025-11-21 04:52:19,mlx5_8,0.000,0.000,0.000,0.000
2025-11-21 04:52:19,mlx5_9,0.000,0.000,0.000,0.000
2025-11-21 04:52:19,TOTAL,0.057,67.049,840.027,1371.182
2025-11-21 04:52:20,mlx5_0,0.000,0.000,139.533,355.220
2025-11-21 04:52:20,mlx5_1,0.000,0.000,0.000,0.000
2025-11-21 04:52:20,mlx5_2,0.000,0.000,0.000,0.000
2025-11-21 04:52:20,mlx5_3,0.000,0.000,0.000,0.000
2025-11-21 04:52:20,mlx5_4,0.000,0.000,0.000,0.000
2025-11-21 04:52:20,mlx5_5,0.000,0.000,0.000,0.000
2025-11-21 04:52:20,mlx5_6,0.000,0.000,0.000,0.000
2025-11-21 04:52:20,mlx5_7,0.000,0.000,700.493,1015.962
2025-11-21 04:52:20,mlx5_8,0.000,0.000,0.000,0.000
2025-11-21 04:52:20,mlx5_9,0.000,0.000,0.000,0.000
2025-11-21 04:52:20,TOTAL,0.000,0.000,840.027,1371.182
2025-11-21 04:52:21,mlx5_0,0.000,0.000,139.533,355.220
2025-11-21 04:52:21,mlx5_1,0.000,0.000,0.000,0.000
2025-11-21 04:52:21,mlx5_2,0.000,0.000,0.000,0.000
2025-11-21 04:52:21,mlx5_3,0.000,0.000,0.000,0.000
2025-11-21 04:52:21,mlx5_4,0.000,0.000,0.000,0.000
2025-11-21 04:52:21,mlx5_5,0.000,0.000,0.000,0.000
2025-11-21 04:52:21,mlx5_6,0.000,0.000,0.000,0.000
2025-11-21 04:52:21,mlx5_7,0.000,0.000,700.493,1015.962
2025-11-21 04:52:21,mlx5_8,0.000,0.000,0.000,0.000
2025-11-21 04:52:21,mlx5_9,0.000,0.000,0.000,0.000
2025-11-21 04:52:21,TOTAL,0.000,0.000,840.027,1371.182
2025-11-21 04:52:22,mlx5_0,0.000,0.000,139.533,355.220
2025-11-21 04:52:22,mlx5_1,0.000,0.000,0.000,0.000
2025-11-21 04:52:22,mlx5_2,0.000,0.000,0.000,0.000
2025-11-21 04:52:22,mlx5_3,0.000,0.000,0.000,0.000
2025-11-21 04:52:22,mlx5_4,0.000,0.000,0.000,0.000
2025-11-21 04:52:22,mlx5_5,0.000,0.000,0.000,0.000
2025-11-21 04:52:22,mlx5_6,0.000,0.000,0.000,0.000
2025-11-21 04:52:22,mlx5_7,0.000,0.000,700.493,1015.962
2025-11-21 04:52:22,mlx5_8,0.000,0.000,0.000,0.000
2025-11-21 04:52:22,mlx5_9,0.000,0.000,0.000,0.000
2025-11-21 04:52:22,TOTAL,0.000,0.000,840.027,1371.182
2025-11-21 04:52:23,mlx5_0,4.912,0.002,140.151,355.220
2025-11-21 04:52:23,mlx5_1,0.000,0.000,0.000,0.000
2025-11-21 04:52:23,mlx5_2,0.000,0.000,0.000,0.000
2025-11-21 04:52:23,mlx5_3,0.000,0.000,0.000,0.000
2025-11-21 04:52:23,mlx5_4,0.000,0.000,0.000,0.000
2025-11-21 04:52:23,mlx5_5,0.000,0.000,0.000,0.000
2025-11-21 04:52:23,mlx5_6,0.000,0.000,0.000,0.000
2025-11-21 04:52:23,mlx5_7,28.233,0.014,704.041,1015.964
2025-11-21 04:52:23,mlx5_8,0.000,0.000,0.000,0.000
2025-11-21 04:52:23,mlx5_9,0.000,0.000,0.000,0.000
2025-11-21 04:52:23,TOTAL,33.145,0.016,844.192,1371.184
2025-11-21 04:52:24,mlx5_0,1.517,0.001,140.341,355.220
2025-11-21 04:52:24,mlx5_1,0.000,0.000,0.000,0.000
2025-11-21 04:52:24,mlx5_2,0.000,0.000,0.000,0.000
2025-11-21 04:52:24,mlx5_3,0.000,0.000,0.000,0.000
2025-11-21 04:52:24,mlx5_4,0.000,0.000,0.000,0.000
2025-11-21 04:52:24,mlx5_5,0.000,0.000,0.000,0.000
2025-11-21 04:52:24,mlx5_6,0.000,0.000,0.000,0.000
2025-11-21 04:52:24,mlx5_7,3.250,0.002,704.450,1015.964
2025-11-21 04:52:24,mlx5_8,0.000,0.000,0.000,0.000
2025-11-21 04:52:24,mlx5_9,0.000,0.000,0.000,0.000
2025-11-21 04:52:24,TOTAL,4.767,0.003,844.792,1371.184
2025-11-21 04:52:25,mlx5_0,0.000,0.000,140.341,355.220
2025-11-21 04:52:25,mlx5_1,0.000,0.000,0.000,0.000
2025-11-21 04:52:25,mlx5_2,0.000,0.000,0.000,0.000
2025-11-21 04:52:25,mlx5_3,0.000,0.000,0.000,0.000
2025-11-21 04:52:25,mlx5_4,0.000,0.000,0.000,0.000
2025-11-21 04:52:25,mlx5_5,0.000,0.000,0.000,0.000
2025-11-21 04:52:25,mlx5_6,0.000,0.000,0.000,0.000
2025-11-21 04:52:25,mlx5_7,0.000,0.000,704.450,1015.964
2025-11-21 04:52:25,mlx5_8,0.000,0.000,0.000,0.000
2025-11-21 04:52:25,mlx5_9,0.000,0.000,0.000,0.000
2025-11-21 04:52:25,TOTAL,0.000,0.000,844.792,1371.184
2025-11-21 04:52:26,mlx5_0,0.000,0.000,140.341,355.220
2025-11-21 04:52:26,mlx5_1,0.000,0.000,0.000,0.000
2025-11-21 04:52:26,mlx5_2,0.000,0.000,0.000,0.000
2025-11-21 04:52:26,mlx5_3,0.000,0.000,0.000,0.000
2025-11-21 04:52:26,mlx5_4,0.000,0.000,0.000,0.000
2025-11-21 04:52:26,mlx5_5,0.000,0.000,0.000,0.000
2025-11-21 04:52:26,mlx5_6,0.000,0.000,0.000,0.000
2025-11-21 04:52:26,mlx5_7,0.000,0.000,704.450,1015.964
2025-11-21 04:52:26,mlx5_8,0.000,0.000,0.000,0.000
2025-11-21 04:52:26,mlx5_9,0.000,0.000,0.000,0.000
2025-11-21 04:52:26,TOTAL,0.000,0.000,844.792,1371.184
2025-11-21 04:52:27,mlx5_0,7.130,0.004,141.238,355.221
2025-11-21 04:52:27,mlx5_1,0.000,0.000,0.000,0.000
2025-11-21 04:52:27,mlx5_2,0.000,0.000,0.000,0.000
2025-11-21 04:52:27,mlx5_3,0.000,0.000,0.000,0.000
2025-11-21 04:52:27,mlx5_4,0.000,0.000,0.000,0.000
2025-11-21 04:52:27,mlx5_5,0.000,0.000,0.000,0.000
2025-11-21 04:52:27,mlx5_6,0.000,0.000,0.000,0.000
2025-11-21 04:52:27,mlx5_7,30.023,0.015,708.227,1015.966
2025-11-21 04:52:27,mlx5_8,0.000,0.000,0.000,0.000
2025-11-21 04:52:27,mlx5_9,0.000,0.000,0.000,0.000
2025-11-21 04:52:27,TOTAL,37.153,0.018,849.465,1371.186
2025-11-21 04:52:28,mlx5_0,0.000,0.000,141.238,355.221
2025-11-21 04:52:28,mlx5_1,0.000,0.000,0.000,0.000
2025-11-21 04:52:28,mlx5_2,0.000,0.000,0.000,0.000
2025-11-21 04:52:28,mlx5_3,0.000,0.000,0.000,0.000
2025-11-21 04:52:28,mlx5_4,0.000,0.000,0.000,0.000
2025-11-21 04:52:28,mlx5_5,0.000,0.000,0.000,0.000
2025-11-21 04:52:28,mlx5_6,0.000,0.000,0.000,0.000
2025-11-21 04:52:28,mlx5_7,0.000,0.000,708.227,1015.966
2025-11-21 04:52:28,mlx5_8,0.000,0.000,0.000,0.000
2025-11-21 04:52:28,mlx5_9,0.000,0.000,0.000,0.000
2025-11-21 04:52:28,TOTAL,0.000,0.000,849.465,1371.186
2025-11-21 04:52:29,mlx5_0,0.000,0.000,141.238,355.221
2025-11-21 04:52:29,mlx5_1,0.000,0.000,0.000,0.000
2025-11-21 04:52:29,mlx5_2,0.000,0.000,0.000,0.000
2025-11-21 04:52:29,mlx5_3,0.000,0.000,0.000,0.000
2025-11-21 04:52:29,mlx5_4,0.000,0.000,0.000,0.000
2025-11-21 04:52:29,mlx5_5,0.000,0.000,0.000,0.000
2025-11-21 04:52:29,mlx5_6,0.000,0.000,0.000,0.000
2025-11-21 04:52:29,mlx5_7,0.000,0.000,708.227,1015.966
2025-11-21 04:52:29,mlx5_8,0.000,0.000,0.000,0.000
2025-11-21 04:52:29,mlx5_9,0.000,0.000,0.000,0.000
2025-11-21 04:52:29,TOTAL,0.000,0.000,849.465,1371.186
2025-11-21 04:52:30,mlx5_0,0.958,0.001,141.359,355.221
2025-11-21 04:52:30,mlx5_1,0.000,0.000,0.000,0.000
2025-11-21 04:52:30,mlx5_2,0.000,0.000,0.000,0.000
2025-11-21 04:52:30,mlx5_3,0.000,0.000,0.000,0.000
2025-11-21 04:52:30,mlx5_4,0.000,0.000,0.000,0.000
2025-11-21 04:52:30,mlx5_5,0.000,0.000,0.000,0.000
2025-11-21 04:52:30,mlx5_6,0.000,0.000,0.000,0.000
2025-11-21 04:52:30,mlx5_7,19.265,0.009,710.648,1015.967
2025-11-21 04:52:30,mlx5_8,0.000,0.000,0.000,0.000
2025-11-21 04:52:30,mlx5_9,0.000,0.000,0.000,0.000
2025-11-21 04:52:30,TOTAL,20.223,0.010,852.007,1371.188
2025-11-21 04:52:31,mlx5_0,5.572,0.002,142.063,355.221
2025-11-21 04:52:31,mlx5_1,0.000,0.000,0.000,0.000
2025-11-21 04:52:31,mlx5_2,0.000,0.000,0.000,0.000
2025-11-21 04:52:31,mlx5_3,0.000,0.000,0.000,0.000
2025-11-21 04:52:31,mlx5_4,0.000,0.000,0.000,0.000
2025-11-21 04:52:31,mlx5_5,0.000,0.000,0.000,0.000
2025-11-21 04:52:31,mlx5_6,0.000,0.000,0.000,0.000
2025-11-21 04:52:31,mlx5_7,11.301,0.006,712.076,1015.968
2025-11-21 04:52:31,mlx5_8,0.000,0.000,0.000,0.000
2025-11-21 04:52:31,mlx5_9,0.000,0.000,0.000,0.000
2025-11-21 04:52:31,TOTAL,16.873,0.008,854.139,1371.189
2025-11-21 04:52:32,mlx5_0,0.000,0.000,142.063,355.221
2025-11-21 04:52:32,mlx5_1,0.000,0.000,0.000,0.000
2025-11-21 04:52:32,mlx5_2,0.000,0.000,0.000,0.000
2025-11-21 04:52:32,mlx5_3,0.000,0.000,0.000,0.000
2025-11-21 04:52:32,mlx5_4,0.000,0.000,0.000,0.000
2025-11-21 04:52:32,mlx5_5,0.000,0.000,0.000,0.000
2025-11-21 04:52:32,mlx5_6,0.000,0.000,0.000,0.000
2025-11-21 04:52:32,mlx5_7,0.000,0.000,712.076,1015.968
2025-11-21 04:52:32,mlx5_8,0.000,0.000,0.000,0.000
2025-11-21 04:52:32,mlx5_9,0.000,0.000,0.000,0.000
2025-11-21 04:52:32,TOTAL,0.000,0.000,854.139,1371.189
2025-11-21 04:52:33,mlx5_0,0.000,0.000,142.063,355.221
2025-11-21 04:52:33,mlx5_1,0.000,0.000,0.000,0.000
2025-11-21 04:52:33,mlx5_2,0.000,0.000,0.000,0.000
2025-11-21 04:52:33,mlx5_3,0.000,0.000,0.000,0.000
2025-11-21 04:52:33,mlx5_4,0.000,0.000,0.000,0.000
2025-11-21 04:52:33,mlx5_5,0.000,0.000,0.000,0.000
2025-11-21 04:52:33,mlx5_6,0.000,0.000,0.000,0.000
2025-11-21 04:52:33,mlx5_7,0.000,0.000,712.076,1015.968
2025-11-21 04:52:33,mlx5_8,0.000,0.000,0.000,0.000
2025-11-21 04:52:33,mlx5_9,0.000,0.000,0.000,0.000
2025-11-21 04:52:33,TOTAL,0.000,0.000,854.139,1371.189
2025-11-21 04:52:34,mlx5_0,3.155,0.001,142.460,355.221
2025-11-21 04:52:34,mlx5_1,0.000,0.000,0.000,0.000
2025-11-21 04:52:34,mlx5_2,0.000,0.000,0.000,0.000
2025-11-21 04:52:34,mlx5_3,0.000,0.000,0.000,0.000
2025-11-21 04:52:34,mlx5_4,0.000,0.000,0.000,0.000
2025-11-21 04:52:34,mlx5_5,0.000,0.000,0.000,0.000
2025-11-21 04:52:34,mlx5_6,0.000,0.000,0.000,0.000
2025-11-21 04:52:34,mlx5_7,20.259,0.010,714.625,1015.969
2025-11-21 04:52:34,mlx5_8,0.000,0.000,0.000,0.000
2025-11-21 04:52:34,mlx5_9,0.000,0.000,0.000,0.000
2025-11-21 04:52:34,TOTAL,23.414,0.011,857.085,1371.190
2025-11-21 04:52:35,mlx5_0,3.002,0.001,142.837,355.221
2025-11-21 04:52:35,mlx5_1,0.000,0.000,0.000,0.000
2025-11-21 04:52:35,mlx5_2,0.000,0.000,0.000,0.000
2025-11-21 04:52:35,mlx5_3,0.000,0.000,0.000,0.000
2025-11-21 04:52:35,mlx5_4,0.000,0.000,0.000,0.000
2025-11-21 04:52:35,mlx5_5,0.000,0.000,0.000,0.000
2025-11-21 04:52:35,mlx5_6,0.000,0.000,0.000,0.000
2025-11-21 04:52:35,mlx5_7,10.737,0.005,715.975,1015.970
2025-11-21 04:52:35,mlx5_8,0.000,0.000,0.000,0.000
2025-11-21 04:52:35,mlx5_9,0.000,0.000,0.000,0.000
2025-11-21 04:52:35,TOTAL,13.739,0.007,858.813,1371.191
2025-11-21 04:52:36,mlx5_0,0.000,0.000,142.837,355.221
2025-11-21 04:52:36,mlx5_1,0.000,0.000,0.000,0.000
2025-11-21 04:52:36,mlx5_2,0.000,0.000,0.000,0.000
2025-11-21 04:52:36,mlx5_3,0.000,0.000,0.000,0.000
2025-11-21 04:52:36,mlx5_4,0.000,0.000,0.000,0.000
2025-11-21 04:52:36,mlx5_5,0.000,0.000,0.000,0.000
2025-11-21 04:52:36,mlx5_6,0.000,0.000,0.000,0.000
2025-11-21 04:52:36,mlx5_7,0.000,0.000,715.975,1015.970
2025-11-21 04:52:36,mlx5_8,0.000,0.000,0.000,0.000
2025-11-21 04:52:36,mlx5_9,0.000,0.000,0.000,0.000
2025-11-21 04:52:36,TOTAL,0.000,0.000,858.813,1371.191
2025-11-21 04:52:37,mlx5_0,0.000,0.000,142.837,355.221
2025-11-21 04:52:37,mlx5_1,0.000,0.000,0.000,0.000
2025-11-21 04:52:37,mlx5_2,0.000,0.000,0.000,0.000
2025-11-21 04:52:37,mlx5_3,0.000,0.000,0.000,0.000
2025-11-21 04:52:37,mlx5_4,0.000,0.000,0.000,0.000
2025-11-21 04:52:37,mlx5_5,0.000,0.000,0.000,0.000
2025-11-21 04:52:37,mlx5_6,0.000,0.000,0.000,0.000
2025-11-21 04:52:37,mlx5_7,0.000,0.000,715.975,1015.970
2025-11-21 04:52:37,mlx5_8,0.000,0.000,0.000,0.000
2025-11-21 04:52:37,mlx5_9,0.000,0.000,0.000,0.000
2025-11-21 04:52:37,TOTAL,0.000,0.000,858.813,1371.191
2025-11-21 04:52:38,mlx5_0,0.000,0.000,142.837,355.221
2025-11-21 04:52:38,mlx5_1,0.000,0.000,0.000,0.000
2025-11-21 04:52:38,mlx5_2,0.000,0.000,0.000,0.000
2025-11-21 04:52:38,mlx5_3,0.000,0.000,0.000,0.000
2025-11-21 04:52:38,mlx5_4,0.000,0.000,0.000,0.000
2025-11-21 04:52:38,mlx5_5,0.000,0.000,0.000,0.000
2025-11-21 04:52:38,mlx5_6,0.000,0.000,0.000,0.000
2025-11-21 04:52:38,mlx5_7,0.000,0.000,715.975,1015.970
2025-11-21 04:52:38,mlx5_8,0.000,0.000,0.000,0.000
2025-11-21 04:52:38,mlx5_9,0.000,0.000,0.000,0.000
2025-11-21 04:52:38,TOTAL,0.000,0.000,858.813,1371.191
2025-11-21 04:52:39,mlx5_0,5.698,0.003,143.554,355.222
2025-11-21 04:52:39,mlx5_1,0.000,0.000,0.000,0.000
2025-11-21 04:52:39,mlx5_2,0.000,0.000,0.000,0.000
2025-11-21 04:52:39,mlx5_3,0.000,0.000,0.000,0.000
2025-11-21 04:52:39,mlx5_4,0.000,0.000,0.000,0.000
2025-11-21 04:52:39,mlx5_5,0.000,0.000,0.000,0.000
2025-11-21 04:52:39,mlx5_6,0.000,0.000,0.000,0.000
2025-11-21 04:52:39,mlx5_7,31.455,0.015,719.932,1015.971
2025-11-21 04:52:39,mlx5_8,0.000,0.000,0.000,0.000
2025-11-21 04:52:39,mlx5_9,0.000,0.000,0.000,0.000
2025-11-21 04:52:39,TOTAL,37.153,0.018,863.486,1371.193
2025-11-21 04:52:40,mlx5_0,0.000,0.000,143.554,355.222
2025-11-21 04:52:40,mlx5_1,0.000,0.000,0.000,0.000
2025-11-21 04:52:40,mlx5_2,0.000,0.000,0.000,0.000
2025-11-21 04:52:40,mlx5_3,0.000,0.000,0.000,0.000
2025-11-21 04:52:40,mlx5_4,0.000,0.000,0.000,0.000
2025-11-21 04:52:40,mlx5_5,0.000,0.000,0.000,0.000
2025-11-21 04:52:40,mlx5_6,0.000,0.000,0.000,0.000
2025-11-21 04:52:40,mlx5_7,0.000,0.000,719.932,1015.971
2025-11-21 04:52:40,mlx5_8,0.000,0.000,0.000,0.000
2025-11-21 04:52:40,mlx5_9,0.000,0.000,0.000,0.000
2025-11-21 04:52:40,TOTAL,0.000,0.000,863.486,1371.193
2025-11-21 04:52:41,mlx5_0,0.000,0.000,143.554,355.222
2025-11-21 04:52:41,mlx5_1,0.000,0.000,0.000,0.000
2025-11-21 04:52:41,mlx5_2,0.000,0.000,0.000,0.000
2025-11-21 04:52:41,mlx5_3,0.000,0.000,0.000,0.000
2025-11-21 04:52:41,mlx5_4,0.000,0.000,0.000,0.000
2025-11-21 04:52:41,mlx5_5,0.000,0.000,0.000,0.000
2025-11-21 04:52:41,mlx5_6,0.000,0.000,0.000,0.000
2025-11-21 04:52:41,mlx5_7,0.000,0.000,719.932,1015.971
2025-11-21 04:52:41,mlx5_8,0.000,0.000,0.000,0.000
2025-11-21 04:52:41,mlx5_9,0.000,0.000,0.000,0.000
2025-11-21 04:52:41,TOTAL,0.000,0.000,863.486,1371.193
2025-11-21 04:52:42,mlx5_0,0.000,0.000,143.554,355.222
2025-11-21 04:52:42,mlx5_1,0.000,0.000,0.000,0.000
2025-11-21 04:52:42,mlx5_2,0.000,0.000,0.000,0.000
2025-11-21 04:52:42,mlx5_3,0.000,0.000,0.000,0.000
2025-11-21 04:52:42,mlx5_4,0.000,0.000,0.000,0.000
2025-11-21 04:52:42,mlx5_5,0.000,0.000,0.000,0.000
2025-11-21 04:52:42,mlx5_6,0.000,0.000,0.000,0.000
2025-11-21 04:52:42,mlx5_7,0.000,0.000,719.932,1015.971
2025-11-21 04:52:42,mlx5_8,0.000,0.000,0.000,0.000
2025-11-21 04:52:42,mlx5_9,0.000,0.000,0.000,0.000
2025-11-21 04:52:42,TOTAL,0.000,0.000,863.486,1371.193
2025-11-21 04:52:43,mlx5_0,0.000,0.000,143.554,355.222
2025-11-21 04:52:43,mlx5_1,0.000,0.000,0.000,0.000
2025-11-21 04:52:43,mlx5_2,0.000,0.000,0.000,0.000
2025-11-21 04:52:43,mlx5_3,0.000,0.000,0.000,0.000
2025-11-21 04:52:43,mlx5_4,0.000,0.000,0.000,0.000
2025-11-21 04:52:43,mlx5_5,0.000,0.000,0.000,0.000
2025-11-21 04:52:43,mlx5_6,0.000,0.000,0.000,0.000
2025-11-21 04:52:43,mlx5_7,0.000,0.000,719.932,1015.971
2025-11-21 04:52:43,mlx5_8,0.000,0.000,0.000,0.000
2025-11-21 04:52:43,mlx5_9,0.000,0.000,0.000,0.000
2025-11-21 04:52:43,TOTAL,0.000,0.000,863.486,1371.193
2025-11-21 04:52:44,mlx5_0,6.831,4.092,144.413,355.736
2025-11-21 04:52:44,mlx5_1,0.000,0.000,0.000,0.000
2025-11-21 04:52:44,mlx5_2,0.000,0.000,0.000,0.000
2025-11-21 04:52:44,mlx5_3,0.000,0.000,0.000,0.000
2025-11-21 04:52:44,mlx5_4,0.000,0.000,0.000,0.000
2025-11-21 04:52:44,mlx5_5,0.000,0.000,0.000,0.000
2025-11-21 04:52:44,mlx5_6,0.000,0.000,0.000,0.000
2025-11-21 04:52:44,mlx5_7,30.335,12.994,723.748,1017.606
2025-11-21 04:52:44,mlx5_8,0.000,0.000,0.000,0.000
2025-11-21 04:52:44,mlx5_9,0.000,0.000,0.000,0.000
2025-11-21 04:52:44,TOTAL,37.166,17.085,868.162,1373.343
2025-11-21 04:52:45,mlx5_0,0.008,13.554,144.414,357.441
2025-11-21 04:52:45,mlx5_1,0.000,0.000,0.000,0.000
2025-11-21 04:52:45,mlx5_2,0.000,0.000,0.000,0.000
2025-11-21 04:52:45,mlx5_3,0.000,0.000,0.000,0.000
2025-11-21 04:52:45,mlx5_4,0.000,0.000,0.000,0.000
2025-11-21 04:52:45,mlx5_5,0.000,0.000,0.000,0.000
2025-11-21 04:52:45,mlx5_6,0.000,0.000,0.000,0.000
2025-11-21 04:52:45,mlx5_7,0.039,41.899,723.753,1022.876
2025-11-21 04:52:45,mlx5_8,0.000,0.000,0.000,0.000
2025-11-21 04:52:45,mlx5_9,0.000,0.000,0.000,0.000
2025-11-21 04:52:45,TOTAL,0.048,55.453,868.168,1380.318
2025-11-21 04:52:46,mlx5_0,0.019,30.270,144.417,361.246
2025-11-21 04:52:46,mlx5_1,0.000,0.000,0.000,0.000
2025-11-21 04:52:46,mlx5_2,0.000,0.000,0.000,0.000
2025-11-21 04:52:46,mlx5_3,0.000,0.000,0.000,0.000
2025-11-21 04:52:46,mlx5_4,0.000,0.000,0.000,0.000
2025-11-21 04:52:46,mlx5_5,0.000,0.000,0.000,0.000
2025-11-21 04:52:46,mlx5_6,0.000,0.000,0.000,0.000
2025-11-21 04:52:46,mlx5_7,0.092,98.438,723.765,1035.248
2025-11-21 04:52:46,mlx5_8,0.000,0.000,0.000,0.000
2025-11-21 04:52:46,mlx5_9,0.000,0.000,0.000,0.000
2025-11-21 04:52:46,TOTAL,0.111,128.708,868.182,1396.494
2025-11-21 04:52:47,mlx5_0,0.006,8.820,144.417,362.355
2025-11-21 04:52:47,mlx5_1,0.000,0.000,0.000,0.000
2025-11-21 04:52:47,mlx5_2,0.000,0.000,0.000,0.000
2025-11-21 04:52:47,mlx5_3,0.000,0.000,0.000,0.000
2025-11-21 04:52:47,mlx5_4,0.000,0.000,0.000,0.000
2025-11-21 04:52:47,mlx5_5,0.000,0.000,0.000,0.000
2025-11-21 04:52:47,mlx5_6,0.000,0.000,0.000,0.000
2025-11-21 04:52:47,mlx5_7,0.035,37.247,723.769,1039.931
2025-11-21 04:52:47,mlx5_8,0.000,0.000,0.000,0.000
2025-11-21 04:52:47,mlx5_9,0.000,0.000,0.000,0.000
2025-11-21 04:52:47,TOTAL,0.041,46.066,868.187,1402.286
2025-11-21 04:52:48,mlx5_0,0.000,0.000,144.417,362.355
2025-11-21 04:52:48,mlx5_1,0.000,0.000,0.000,0.000
2025-11-21 04:52:48,mlx5_2,0.000,0.000,0.000,0.000
2025-11-21 04:52:48,mlx5_3,0.000,0.000,0.000,0.000
2025-11-21 04:52:48,mlx5_4,0.000,0.000,0.000,0.000
2025-11-21 04:52:48,mlx5_5,0.000,0.000,0.000,0.000
2025-11-21 04:52:48,mlx5_6,0.000,0.000,0.000,0.000
2025-11-21 04:52:48,mlx5_7,0.000,0.000,723.769,1039.931
2025-11-21 04:52:48,mlx5_8,0.000,0.000,0.000,0.000
2025-11-21 04:52:48,mlx5_9,0.000,0.000,0.000,0.000
2025-11-21 04:52:48,TOTAL,0.000,0.000,868.187,1402.286
2025-11-21 04:52:49,mlx5_0,0.000,0.000,144.417,362.355
2025-11-21 04:52:49,mlx5_1,0.000,0.000,0.000,0.000
2025-11-21 04:52:49,mlx5_2,0.000,0.000,0.000,0.000
2025-11-21 04:52:49,mlx5_3,0.000,0.000,0.000,0.000
2025-11-21 04:52:49,mlx5_4,0.000,0.000,0.000,0.000
2025-11-21 04:52:49,mlx5_5,0.000,0.000,0.000,0.000
2025-11-21 04:52:49,mlx5_6,0.000,0.000,0.000,0.000
2025-11-21 04:52:49,mlx5_7,0.000,0.000,723.769,1039.931
2025-11-21 04:52:49,mlx5_8,0.000,0.000,0.000,0.000
2025-11-21 04:52:49,mlx5_9,0.000,0.000,0.000,0.000
2025-11-21 04:52:49,TOTAL,0.000,0.000,868.187,1402.286
2025-11-21 04:52:50,mlx5_0,0.000,0.000,144.417,362.355
2025-11-21 04:52:50,mlx5_1,0.000,0.000,0.000,0.000
2025-11-21 04:52:50,mlx5_2,0.000,0.000,0.000,0.000
2025-11-21 04:52:50,mlx5_3,0.000,0.000,0.000,0.000
2025-11-21 04:52:50,mlx5_4,0.000,0.000,0.000,0.000
2025-11-21 04:52:50,mlx5_5,0.000,0.000,0.000,0.000
2025-11-21 04:52:50,mlx5_6,0.000,0.000,0.000,0.000
2025-11-21 04:52:50,mlx5_7,0.000,0.000,723.769,1039.931
2025-11-21 04:52:50,mlx5_8,0.000,0.000,0.000,0.000
2025-11-21 04:52:50,mlx5_9,0.000,0.000,0.000,0.000
2025-11-21 04:52:50,TOTAL,0.000,0.000,868.187,1402.286
2025-11-21 04:52:51,mlx5_0,6.748,0.003,145.266,362.355
2025-11-21 04:52:51,mlx5_1,0.000,0.000,0.000,0.000
2025-11-21 04:52:51,mlx5_2,0.000,0.000,0.000,0.000
2025-11-21 04:52:51,mlx5_3,0.000,0.000,0.000,0.000
2025-11-21 04:52:51,mlx5_4,0.000,0.000,0.000,0.000
2025-11-21 04:52:51,mlx5_5,0.000,0.000,0.000,0.000
2025-11-21 04:52:51,mlx5_6,0.000,0.000,0.000,0.000
2025-11-21 04:52:51,mlx5_7,31.160,0.015,727.686,1039.933
2025-11-21 04:52:51,mlx5_8,0.000,0.000,0.000,0.000
2025-11-21 04:52:51,mlx5_9,0.000,0.000,0.000,0.000
2025-11-21 04:52:51,TOTAL,37.907,0.019,872.952,1402.288
2025-11-21 04:52:52,mlx5_0,0.000,0.000,145.266,362.355
2025-11-21 04:52:52,mlx5_1,0.000,0.000,0.000,0.000
2025-11-21 04:52:52,mlx5_2,0.000,0.000,0.000,0.000
2025-11-21 04:52:52,mlx5_3,0.000,0.000,0.000,0.000
2025-11-21 04:52:52,mlx5_4,0.000,0.000,0.000,0.000
2025-11-21 04:52:52,mlx5_5,0.000,0.000,0.000,0.000
2025-11-21 04:52:52,mlx5_6,0.000,0.000,0.000,0.000
2025-11-21 04:52:52,mlx5_7,0.000,0.000,727.686,1039.933
2025-11-21 04:52:52,mlx5_8,0.000,0.000,0.000,0.000
2025-11-21 04:52:52,mlx5_9,0.000,0.000,0.000,0.000
2025-11-21 04:52:52,TOTAL,0.000,0.000,872.952,1402.288
2025-11-21 04:52:53,mlx5_0,0.000,0.000,145.266,362.355
2025-11-21 04:52:53,mlx5_1,0.000,0.000,0.000,0.000
2025-11-21 04:52:53,mlx5_2,0.000,0.000,0.000,0.000
2025-11-21 04:52:53,mlx5_3,0.000,0.000,0.000,0.000
2025-11-21 04:52:53,mlx5_4,0.000,0.000,0.000,0.000
2025-11-21 04:52:53,mlx5_5,0.000,0.000,0.000,0.000
2025-11-21 04:52:53,mlx5_6,0.000,0.000,0.000,0.000
2025-11-21 04:52:53,mlx5_7,0.000,0.000,727.686,1039.933
2025-11-21 04:52:53,mlx5_8,0.000,0.000,0.000,0.000
2025-11-21 04:52:53,mlx5_9,0.000,0.000,0.000,0.000
2025-11-21 04:52:53,TOTAL,0.000,0.000,872.952,1402.288
2025-11-21 04:52:54,mlx5_0,4.925,0.002,145.885,362.355
2025-11-21 04:52:54,mlx5_1,0.000,0.000,0.000,0.000
2025-11-21 04:52:54,mlx5_2,0.000,0.000,0.000,0.000
2025-11-21 04:52:54,mlx5_3,0.000,0.000,0.000,0.000
2025-11-21 04:52:54,mlx5_4,0.000,0.000,0.000,0.000
2025-11-21 04:52:54,mlx5_5,0.000,0.000,0.000,0.000
2025-11-21 04:52:54,mlx5_6,0.000,0.000,0.000,0.000
2025-11-21 04:52:54,mlx5_7,29.760,0.014,731.428,1039.935
2025-11-21 04:52:54,mlx5_8,0.000,0.000,0.000,0.000
2025-11-21 04:52:54,mlx5_9,0.000,0.000,0.000,0.000
2025-11-21 04:52:54,TOTAL,34.685,0.016,877.313,1402.290
2025-11-21 04:52:55,mlx5_0,1.397,0.001,146.061,362.355
2025-11-21 04:52:55,mlx5_1,0.000,0.000,0.000,0.000
2025-11-21 04:52:55,mlx5_2,0.000,0.000,0.000,0.000
2025-11-21 04:52:55,mlx5_3,0.000,0.000,0.000,0.000
2025-11-21 04:52:55,mlx5_4,0.000,0.000,0.000,0.000
2025-11-21 04:52:55,mlx5_5,0.000,0.000,0.000,0.000
2025-11-21 04:52:55,mlx5_6,0.000,0.000,0.000,0.000
2025-11-21 04:52:55,mlx5_7,1.089,0.001,731.565,1039.935
2025-11-21 04:52:55,mlx5_8,0.000,0.000,0.000,0.000
2025-11-21 04:52:55,mlx5_9,0.000,0.000,0.000,0.000
2025-11-21 04:52:55,TOTAL,2.485,0.002,877.625,1402.290
2025-11-21 04:52:56,mlx5_0,0.000,0.000,146.061,362.355
2025-11-21 04:52:56,mlx5_1,0.000,0.000,0.000,0.000
2025-11-21 04:52:56,mlx5_2,0.000,0.000,0.000,0.000
2025-11-21 04:52:56,mlx5_3,0.000,0.000,0.000,0.000
2025-11-21 04:52:56,mlx5_4,0.000,0.000,0.000,0.000
2025-11-21 04:52:56,mlx5_5,0.000,0.000,0.000,0.000
2025-11-21 04:52:56,mlx5_6,0.000,0.000,0.000,0.000
2025-11-21 04:52:56,mlx5_7,0.000,0.000,731.565,1039.935
2025-11-21 04:52:56,mlx5_8,0.000,0.000,0.000,0.000
2025-11-21 04:52:56,mlx5_9,0.000,0.000,0.000,0.000
2025-11-21 04:52:56,TOTAL,0.000,0.000,877.625,1402.290
2025-11-21 04:52:57,mlx5_0,0.000,0.000,146.061,362.355
2025-11-21 04:52:57,mlx5_1,0.000,0.000,0.000,0.000
2025-11-21 04:52:57,mlx5_2,0.000,0.000,0.000,0.000
2025-11-21 04:52:57,mlx5_3,0.000,0.000,0.000,0.000
2025-11-21 04:52:57,mlx5_4,0.000,0.000,0.000,0.000
2025-11-21 04:52:57,mlx5_5,0.000,0.000,0.000,0.000
2025-11-21 04:52:57,mlx5_6,0.000,0.000,0.000,0.000
2025-11-21 04:52:57,mlx5_7,0.000,0.000,731.565,1039.935
2025-11-21 04:52:57,mlx5_8,0.000,0.000,0.000,0.000
2025-11-21 04:52:57,mlx5_9,0.000,0.000,0.000,0.000
2025-11-21 04:52:57,TOTAL,0.000,0.000,877.625,1402.290
2025-11-21 04:52:58,mlx5_0,5.287,0.002,146.726,362.356
2025-11-21 04:52:58,mlx5_1,0.000,0.000,0.000,0.000
2025-11-21 04:52:58,mlx5_2,0.000,0.000,0.000,0.000
2025-11-21 04:52:58,mlx5_3,0.000,0.000,0.000,0.000
2025-11-21 04:52:58,mlx5_4,0.000,0.000,0.000,0.000
2025-11-21 04:52:58,mlx5_5,0.000,0.000,0.000,0.000
2025-11-21 04:52:58,mlx5_6,0.000,0.000,0.000,0.000
2025-11-21 04:52:58,mlx5_7,25.543,0.013,734.777,1039.936
2025-11-21 04:52:58,mlx5_8,0.000,0.000,0.000,0.000
2025-11-21 04:52:58,mlx5_9,0.000,0.000,0.000,0.000
2025-11-21 04:52:58,TOTAL,30.830,0.015,881.503,1402.292
2025-11-21 04:52:59,mlx5_0,2.454,0.001,147.036,362.356
2025-11-21 04:52:59,mlx5_1,0.000,0.000,0.000,0.000
2025-11-21 04:52:59,mlx5_2,0.000,0.000,0.000,0.000
2025-11-21 04:52:59,mlx5_3,0.000,0.000,0.000,0.000
2025-11-21 04:52:59,mlx5_4,0.000,0.000,0.000,0.000
2025-11-21 04:52:59,mlx5_5,0.000,0.000,0.000,0.000
2025-11-21 04:52:59,mlx5_6,0.000,0.000,0.000,0.000
2025-11-21 04:52:59,mlx5_7,4.463,0.002,735.342,1039.937
2025-11-21 04:52:59,mlx5_8,0.000,0.000,0.000,0.000
2025-11-21 04:52:59,mlx5_9,0.000,0.000,0.000,0.000
2025-11-21 04:52:59,TOTAL,6.916,0.004,882.379,1402.293
2025-11-21 04:53:00,mlx5_0,0.000,0.000,147.036,362.356
2025-11-21 04:53:00,mlx5_1,0.000,0.000,0.000,0.000
2025-11-21 04:53:00,mlx5_2,0.000,0.000,0.000,0.000
2025-11-21 04:53:00,mlx5_3,0.000,0.000,0.000,0.000
2025-11-21 04:53:00,mlx5_4,0.000,0.000,0.000,0.000
2025-11-21 04:53:00,mlx5_5,0.000,0.000,0.000,0.000
2025-11-21 04:53:00,mlx5_6,0.000,0.000,0.000,0.000
2025-11-21 04:53:00,mlx5_7,0.000,0.000,735.342,1039.937
2025-11-21 04:53:00,mlx5_8,0.000,0.000,0.000,0.000
2025-11-21 04:53:00,mlx5_9,0.000,0.000,0.000,0.000
2025-11-21 04:53:00,TOTAL,0.000,0.000,882.379,1402.293
2025-11-21 04:53:01,mlx5_0,0.000,0.000,147.036,362.356
2025-11-21 04:53:01,mlx5_1,0.000,0.000,0.000,0.000
2025-11-21 04:53:01,mlx5_2,0.000,0.000,0.000,0.000
2025-11-21 04:53:01,mlx5_3,0.000,0.000,0.000,0.000
2025-11-21 04:53:01,mlx5_4,0.000,0.000,0.000,0.000
2025-11-21 04:53:01,mlx5_5,0.000,0.000,0.000,0.000
2025-11-21 04:53:01,mlx5_6,0.000,0.000,0.000,0.000
2025-11-21 04:53:01,mlx5_7,0.000,0.000,735.342,1039.937
2025-11-21 04:53:01,mlx5_8,0.000,0.000,0.000,0.000
2025-11-21 04:53:01,mlx5_9,0.000,0.000,0.000,0.000
2025-11-21 04:53:01,TOTAL,0.000,0.000,882.379,1402.293
2025-11-21 04:53:02,mlx5_0,5.737,0.003,147.758,362.356
2025-11-21 04:53:02,mlx5_1,0.000,0.000,0.000,0.000
2025-11-21 04:53:02,mlx5_2,0.000,0.000,0.000,0.000
2025-11-21 04:53:02,mlx5_3,0.000,0.000,0.000,0.000
2025-11-21 04:53:02,mlx5_4,0.000,0.000,0.000,0.000
2025-11-21 04:53:02,mlx5_5,0.000,0.000,0.000,0.000
2025-11-21 04:53:02,mlx5_6,0.000,0.000,0.000,0.000
2025-11-21 04:53:02,mlx5_7,31.442,0.015,739.295,1039.939
2025-11-21 04:53:02,mlx5_8,0.000,0.000,0.000,0.000
2025-11-21 04:53:02,mlx5_9,0.000,0.000,0.000,0.000
2025-11-21 04:53:02,TOTAL,37.179,0.018,887.052,1402.295
2025-11-21 04:53:03,mlx5_0,0.000,0.000,147.758,362.356
2025-11-21 04:53:03,mlx5_1,0.000,0.000,0.000,0.000
2025-11-21 04:53:03,mlx5_2,0.000,0.000,0.000,0.000
2025-11-21 04:53:03,mlx5_3,0.000,0.000,0.000,0.000
2025-11-21 04:53:03,mlx5_4,0.000,0.000,0.000,0.000
2025-11-21 04:53:03,mlx5_5,0.000,0.000,0.000,0.000
2025-11-21 04:53:03,mlx5_6,0.000,0.000,0.000,0.000
2025-11-21 04:53:03,mlx5_7,0.000,0.000,739.295,1039.939
2025-11-21 04:53:03,mlx5_8,0.000,0.000,0.000,0.000
2025-11-21 04:53:03,mlx5_9,0.000,0.000,0.000,0.000
2025-11-21 04:53:03,TOTAL,0.000,0.000,887.052,1402.295
2025-11-21 04:53:04,mlx5_0,0.000,0.000,147.758,362.356
2025-11-21 04:53:04,mlx5_1,0.000,0.000,0.000,0.000
2025-11-21 04:53:04,mlx5_2,0.000,0.000,0.000,0.000
2025-11-21 04:53:04,mlx5_3,0.000,0.000,0.000,0.000
2025-11-21 04:53:04,mlx5_4,0.000,0.000,0.000,0.000
2025-11-21 04:53:04,mlx5_5,0.000,0.000,0.000,0.000
2025-11-21 04:53:04,mlx5_6,0.000,0.000,0.000,0.000
2025-11-21 04:53:04,mlx5_7,0.000,0.000,739.295,1039.939
2025-11-21 04:53:04,mlx5_8,0.000,0.000,0.000,0.000
2025-11-21 04:53:04,mlx5_9,0.000,0.000,0.000,0.000
2025-11-21 04:53:04,TOTAL,0.000,0.000,887.052,1402.295
2025-11-21 04:53:05,mlx5_0,0.000,0.000,147.758,362.356
2025-11-21 04:53:05,mlx5_1,0.000,0.000,0.000,0.000
2025-11-21 04:53:05,mlx5_2,0.000,0.000,0.000,0.000
2025-11-21 04:53:05,mlx5_3,0.000,0.000,0.000,0.000
2025-11-21 04:53:05,mlx5_4,0.000,0.000,0.000,0.000
2025-11-21 04:53:05,mlx5_5,0.000,0.000,0.000,0.000
2025-11-21 04:53:05,mlx5_6,0.000,0.000,0.000,0.000
2025-11-21 04:53:05,mlx5_7,0.000,0.000,739.295,1039.939
2025-11-21 04:53:05,mlx5_8,0.000,0.000,0.000,0.000
2025-11-21 04:53:05,mlx5_9,0.000,0.000,0.000,0.000
2025-11-21 04:53:05,TOTAL,0.000,0.000,887.052,1402.295
2025-11-21 04:53:06,mlx5_0,3.548,0.002,148.203,362.357
2025-11-21 04:53:06,mlx5_1,0.000,0.000,0.000,0.000
2025-11-21 04:53:06,mlx5_2,0.000,0.000,0.000,0.000
2025-11-21 04:53:06,mlx5_3,0.000,0.000,0.000,0.000
2025-11-21 04:53:06,mlx5_4,0.000,0.000,0.000,0.000
2025-11-21 04:53:06,mlx5_5,0.000,0.000,0.000,0.000
2025-11-21 04:53:06,mlx5_6,0.000,0.000,0.000,0.000
2025-11-21 04:53:06,mlx5_7,26.621,0.013,742.641,1039.940
2025-11-21 04:53:06,mlx5_8,0.000,0.000,0.000,0.000
2025-11-21 04:53:06,mlx5_9,0.000,0.000,0.000,0.000
2025-11-21 04:53:06,TOTAL,30.169,0.015,890.844,1402.297
2025-11-21 04:53:07,mlx5_0,1.263,0.001,148.362,362.357
2025-11-21 04:53:07,mlx5_1,0.000,0.000,0.000,0.000
2025-11-21 04:53:07,mlx5_2,0.000,0.000,0.000,0.000
2025-11-21 04:53:07,mlx5_3,0.000,0.000,0.000,0.000
2025-11-21 04:53:07,mlx5_4,0.000,0.000,0.000,0.000
2025-11-21 04:53:07,mlx5_5,0.000,0.000,0.000,0.000
2025-11-21 04:53:07,mlx5_6,0.000,0.000,0.000,0.000
2025-11-21 04:53:07,mlx5_7,5.746,0.002,743.364,1039.941
2025-11-21 04:53:07,mlx5_8,0.000,0.000,0.000,0.000
2025-11-21 04:53:07,mlx5_9,0.000,0.000,0.000,0.000
2025-11-21 04:53:07,TOTAL,7.009,0.003,891.726,1402.297
2025-11-21 04:53:08,mlx5_0,0.000,0.000,148.362,362.357
2025-11-21 04:53:08,mlx5_1,0.000,0.000,0.000,0.000
2025-11-21 04:53:08,mlx5_2,0.000,0.000,0.000,0.000
2025-11-21 04:53:08,mlx5_3,0.000,0.000,0.000,0.000
2025-11-21 04:53:08,mlx5_4,0.000,0.000,0.000,0.000
2025-11-21 04:53:08,mlx5_5,0.000,0.000,0.000,0.000
2025-11-21 04:53:08,mlx5_6,0.000,0.000,0.000,0.000
2025-11-21 04:53:08,mlx5_7,0.000,0.000,743.364,1039.941
2025-11-21 04:53:08,mlx5_8,0.000,0.000,0.000,0.000
2025-11-21 04:53:08,mlx5_9,0.000,0.000,0.000,0.000
2025-11-21 04:53:08,TOTAL,0.000,0.000,891.726,1402.297
2025-11-21 04:53:09,mlx5_0,0.000,0.000,148.362,362.357
2025-11-21 04:53:09,mlx5_1,0.000,0.000,0.000,0.000
2025-11-21 04:53:09,mlx5_2,0.000,0.000,0.000,0.000
2025-11-21 04:53:09,mlx5_3,0.000,0.000,0.000,0.000
2025-11-21 04:53:09,mlx5_4,0.000,0.000,0.000,0.000
2025-11-21 04:53:09,mlx5_5,0.000,0.000,0.000,0.000
2025-11-21 04:53:09,mlx5_6,0.000,0.000,0.000,0.000
2025-11-21 04:53:09,mlx5_7,0.000,0.000,743.364,1039.941
2025-11-21 04:53:09,mlx5_8,0.000,0.000,0.000,0.000
2025-11-21 04:53:09,mlx5_9,0.000,0.000,0.000,0.000
2025-11-21 04:53:09,TOTAL,0.000,0.000,891.726,1402.297
2025-11-21 04:53:10,mlx5_0,0.000,0.000,148.362,362.357
2025-11-21 04:53:10,mlx5_1,0.000,0.000,0.000,0.000
2025-11-21 04:53:10,mlx5_2,0.000,0.000,0.000,0.000
2025-11-21 04:53:10,mlx5_3,0.000,0.000,0.000,0.000
2025-11-21 04:53:10,mlx5_4,0.000,0.000,0.000,0.000
2025-11-21 04:53:10,mlx5_5,0.000,0.000,0.000,0.000
2025-11-21 04:53:10,mlx5_6,0.000,0.000,0.000,0.000
2025-11-21 04:53:10,mlx5_7,0.000,0.000,743.364,1039.941
2025-11-21 04:53:10,mlx5_8,0.000,0.000,0.000,0.000
2025-11-21 04:53:10,mlx5_9,0.000,0.000,0.000,0.000
2025-11-21 04:53:10,TOTAL,0.000,0.000,891.726,1402.297
2025-11-21 04:53:11,mlx5_0,6.139,2.648,149.134,362.689
2025-11-21 04:53:11,mlx5_1,0.000,0.000,0.000,0.000
2025-11-21 04:53:11,mlx5_2,0.000,0.000,0.000,0.000
2025-11-21 04:53:11,mlx5_3,0.000,0.000,0.000,0.000
2025-11-21 04:53:11,mlx5_4,0.000,0.000,0.000,0.000
2025-11-21 04:53:11,mlx5_5,0.000,0.000,0.000,0.000
2025-11-21 04:53:11,mlx5_6,0.000,0.000,0.000,0.000
2025-11-21 04:53:11,mlx5_7,31.053,10.492,747.266,1041.259
2025-11-21 04:53:11,mlx5_8,0.000,0.000,0.000,0.000
2025-11-21 04:53:11,mlx5_9,0.000,0.000,0.000,0.000
2025-11-21 04:53:11,TOTAL,37.192,13.140,896.400,1403.948
2025-11-21 04:53:12,mlx5_0,0.012,4.799,149.135,363.293
2025-11-21 04:53:12,mlx5_1,0.000,0.000,0.000,0.000
2025-11-21 04:53:12,mlx5_2,0.000,0.000,0.000,0.000
2025-11-21 04:53:12,mlx5_3,0.000,0.000,0.000,0.000
2025-11-21 04:53:12,mlx5_4,0.000,0.000,0.000,0.000
2025-11-21 04:53:12,mlx5_5,0.000,0.000,0.000,0.000
2025-11-21 04:53:12,mlx5_6,0.000,0.000,0.000,0.000
2025-11-21 04:53:12,mlx5_7,0.015,16.729,747.268,1043.363
2025-11-21 04:53:12,mlx5_8,0.000,0.000,0.000,0.000
2025-11-21 04:53:12,mlx5_9,0.000,0.000,0.000,0.000
2025-11-21 04:53:12,TOTAL,0.027,21.528,896.403,1406.656
2025-11-21 04:53:13,mlx5_0,0.005,7.883,149.136,364.284
2025-11-21 04:53:13,mlx5_1,0.000,0.000,0.000,0.000
2025-11-21 04:53:13,mlx5_2,0.000,0.000,0.000,0.000
2025-11-21 04:53:13,mlx5_3,0.000,0.000,0.000,0.000
2025-11-21 04:53:13,mlx5_4,0.000,0.000,0.000,0.000
2025-11-21 04:53:13,mlx5_5,0.000,0.000,0.000,0.000
2025-11-21 04:53:13,mlx5_6,0.000,0.000,0.000,0.000
2025-11-21 04:53:13,mlx5_7,0.023,24.965,747.271,1046.503
2025-11-21 04:53:13,mlx5_8,0.000,0.000,0.000,0.000
2025-11-21 04:53:13,mlx5_9,0.000,0.000,0.000,0.000
2025-11-21 04:53:13,TOTAL,0.028,32.847,896.407,1410.788
2025-11-21 04:53:14,mlx5_0,0.016,25.981,149.138,367.552
2025-11-21 04:53:14,mlx5_1,0.000,0.000,0.000,0.000
2025-11-21 04:53:14,mlx5_2,0.000,0.000,0.000,0.000
2025-11-21 04:53:14,mlx5_3,0.000,0.000,0.000,0.000
2025-11-21 04:53:14,mlx5_4,0.000,0.000,0.000,0.000
2025-11-21 04:53:14,mlx5_5,0.000,0.000,0.000,0.000
2025-11-21 04:53:14,mlx5_6,0.000,0.000,0.000,0.000
2025-11-21 04:53:14,mlx5_7,0.069,73.518,747.280,1055.748
2025-11-21 04:53:14,mlx5_8,0.000,0.000,0.000,0.000
2025-11-21 04:53:14,mlx5_9,0.000,0.000,0.000,0.000
2025-11-21 04:53:14,TOTAL,0.085,99.499,896.418,1423.299
2025-11-21 04:53:15,mlx5_0,0.012,19.521,149.140,370.008
2025-11-21 04:53:15,mlx5_1,0.000,0.000,0.000,0.000
2025-11-21 04:53:15,mlx5_2,0.000,0.000,0.000,0.000
2025-11-21 04:53:15,mlx5_3,0.000,0.000,0.000,0.000
2025-11-21 04:53:15,mlx5_4,0.000,0.000,0.000,0.000
2025-11-21 04:53:15,mlx5_5,0.000,0.000,0.000,0.000
2025-11-21 04:53:15,mlx5_6,0.000,0.000,0.000,0.000
2025-11-21 04:53:15,mlx5_7,0.058,61.821,747.287,1063.526
2025-11-21 04:53:15,mlx5_8,0.000,0.000,0.000,0.000
2025-11-21 04:53:15,mlx5_9,0.000,0.000,0.000,0.000
2025-11-21 04:53:15,TOTAL,0.070,81.342,896.427,1433.534
2025-11-21 04:53:16,mlx5_0,0.000,0.000,149.140,370.008
2025-11-21 04:53:16,mlx5_1,0.000,0.000,0.000,0.000
2025-11-21 04:53:16,mlx5_2,0.000,0.000,0.000,0.000
2025-11-21 04:53:16,mlx5_3,0.000,0.000,0.000,0.000
2025-11-21 04:53:16,mlx5_4,0.000,0.000,0.000,0.000
2025-11-21 04:53:16,mlx5_5,0.000,0.000,0.000,0.000
2025-11-21 04:53:16,mlx5_6,0.000,0.000,0.000,0.000
2025-11-21 04:53:16,mlx5_7,0.000,0.000,747.287,1063.526
2025-11-21 04:53:16,mlx5_8,0.000,0.000,0.000,0.000
2025-11-21 04:53:16,mlx5_9,0.000,0.000,0.000,0.000
2025-11-21 04:53:16,TOTAL,0.000,0.000,896.427,1433.534
2025-11-21 04:53:17,mlx5_0,0.000,0.000,149.140,370.008
2025-11-21 04:53:17,mlx5_1,0.000,0.000,0.000,0.000
2025-11-21 04:53:17,mlx5_2,0.000,0.000,0.000,0.000
2025-11-21 04:53:17,mlx5_3,0.000,0.000,0.000,0.000
2025-11-21 04:53:17,mlx5_4,0.000,0.000,0.000,0.000
2025-11-21 04:53:17,mlx5_5,0.000,0.000,0.000,0.000
2025-11-21 04:53:17,mlx5_6,0.000,0.000,0.000,0.000
2025-11-21 04:53:17,mlx5_7,0.000,0.000,747.287,1063.526
2025-11-21 04:53:17,mlx5_8,0.000,0.000,0.000,0.000
2025-11-21 04:53:17,mlx5_9,0.000,0.000,0.000,0.000
2025-11-21 04:53:17,TOTAL,0.000,0.000,896.427,1433.534
2025-11-21 04:53:18,mlx5_0,0.000,0.000,149.140,370.008
2025-11-21 04:53:18,mlx5_1,0.000,0.000,0.000,0.000
2025-11-21 04:53:18,mlx5_2,0.000,0.000,0.000,0.000
2025-11-21 04:53:18,mlx5_3,0.000,0.000,0.000,0.000
2025-11-21 04:53:18,mlx5_4,0.000,0.000,0.000,0.000
2025-11-21 04:53:18,mlx5_5,0.000,0.000,0.000,0.000
2025-11-21 04:53:18,mlx5_6,0.000,0.000,0.000,0.000
2025-11-21 04:53:18,mlx5_7,0.000,0.000,747.287,1063.526
2025-11-21 04:53:18,mlx5_8,0.000,0.000,0.000,0.000
2025-11-21 04:53:18,mlx5_9,0.000,0.000,0.000,0.000
2025-11-21 04:53:18,TOTAL,0.000,0.000,896.427,1433.534
2025-11-21 04:53:19,mlx5_0,1.866,0.001,149.374,370.008
2025-11-21 04:53:19,mlx5_1,0.000,0.000,0.000,0.000
2025-11-21 04:53:19,mlx5_2,0.000,0.000,0.000,0.000
2025-11-21 04:53:19,mlx5_3,0.000,0.000,0.000,0.000
2025-11-21 04:53:19,mlx5_4,0.000,0.000,0.000,0.000
2025-11-21 04:53:19,mlx5_5,0.000,0.000,0.000,0.000
2025-11-21 04:53:19,mlx5_6,0.000,0.000,0.000,0.000
2025-11-21 04:53:19,mlx5_7,17.346,0.008,749.468,1063.527
2025-11-21 04:53:19,mlx5_8,0.000,0.000,0.000,0.000
2025-11-21 04:53:19,mlx5_9,0.000,0.000,0.000,0.000
2025-11-21 04:53:19,TOTAL,19.211,0.009,898.843,1433.535
2025-11-21 04:53:20,mlx5_0,3.834,0.002,149.857,370.008
2025-11-21 04:53:20,mlx5_1,0.000,0.000,0.000,0.000
2025-11-21 04:53:20,mlx5_2,0.000,0.000,0.000,0.000
2025-11-21 04:53:20,mlx5_3,0.000,0.000,0.000,0.000
2025-11-21 04:53:20,mlx5_4,0.000,0.000,0.000,0.000
2025-11-21 04:53:20,mlx5_5,0.000,0.000,0.000,0.000
2025-11-21 04:53:20,mlx5_6,0.000,0.000,0.000,0.000
2025-11-21 04:53:20,mlx5_7,12.514,0.006,751.043,1063.528
2025-11-21 04:53:20,mlx5_8,0.000,0.000,0.000,0.000
2025-11-21 04:53:20,mlx5_9,0.000,0.000,0.000,0.000
2025-11-21 04:53:20,TOTAL,16.347,0.008,900.900,1433.536
2025-11-21 04:53:21,mlx5_0,0.000,0.000,149.857,370.008
2025-11-21 04:53:21,mlx5_1,0.000,0.000,0.000,0.000
2025-11-21 04:53:21,mlx5_2,0.000,0.000,0.000,0.000
2025-11-21 04:53:21,mlx5_3,0.000,0.000,0.000,0.000
2025-11-21 04:53:21,mlx5_4,0.000,0.000,0.000,0.000
2025-11-21 04:53:21,mlx5_5,0.000,0.000,0.000,0.000
2025-11-21 04:53:21,mlx5_6,0.000,0.000,0.000,0.000
2025-11-21 04:53:21,mlx5_7,0.000,0.000,751.043,1063.528
2025-11-21 04:53:21,mlx5_8,0.000,0.000,0.000,0.000
2025-11-21 04:53:21,mlx5_9,0.000,0.000,0.000,0.000
2025-11-21 04:53:21,TOTAL,0.000,0.000,900.900,1433.536
2025-11-21 04:53:22,mlx5_0,0.000,0.000,149.857,370.008
2025-11-21 04:53:22,mlx5_1,0.000,0.000,0.000,0.000
2025-11-21 04:53:22,mlx5_2,0.000,0.000,0.000,0.000
2025-11-21 04:53:22,mlx5_3,0.000,0.000,0.000,0.000
2025-11-21 04:53:22,mlx5_4,0.000,0.000,0.000,0.000
2025-11-21 04:53:22,mlx5_5,0.000,0.000,0.000,0.000
2025-11-21 04:53:22,mlx5_6,0.000,0.000,0.000,0.000
2025-11-21 04:53:22,mlx5_7,0.000,0.000,751.043,1063.528
2025-11-21 04:53:22,mlx5_8,0.000,0.000,0.000,0.000
2025-11-21 04:53:22,mlx5_9,0.000,0.000,0.000,0.000
2025-11-21 04:53:22,TOTAL,0.000,0.000,900.900,1433.536
2025-11-21 04:53:23,mlx5_0,5.370,0.003,150.532,370.008
2025-11-21 04:53:23,mlx5_1,0.000,0.000,0.000,0.000
2025-11-21 04:53:23,mlx5_2,0.000,0.000,0.000,0.000
2025-11-21 04:53:23,mlx5_3,0.000,0.000,0.000,0.000
2025-11-21 04:53:23,mlx5_4,0.000,0.000,0.000,0.000
2025-11-21 04:53:23,mlx5_5,0.000,0.000,0.000,0.000
2025-11-21 04:53:23,mlx5_6,0.000,0.000,0.000,0.000
2025-11-21 04:53:23,mlx5_7,31.796,0.015,755.041,1063.530
2025-11-21 04:53:23,mlx5_8,0.000,0.000,0.000,0.000
2025-11-21 04:53:23,mlx5_9,0.000,0.000,0.000,0.000
2025-11-21 04:53:23,TOTAL,37.166,0.018,905.573,1433.538
2025-11-21 04:53:24,mlx5_0,0.000,0.000,150.532,370.008
2025-11-21 04:53:24,mlx5_1,0.000,0.000,0.000,0.000
2025-11-21 04:53:24,mlx5_2,0.000,0.000,0.000,0.000
2025-11-21 04:53:24,mlx5_3,0.000,0.000,0.000,0.000
2025-11-21 04:53:24,mlx5_4,0.000,0.000,0.000,0.000
2025-11-21 04:53:24,mlx5_5,0.000,0.000,0.000,0.000
2025-11-21 04:53:24,mlx5_6,0.000,0.000,0.000,0.000
2025-11-21 04:53:24,mlx5_7,0.000,0.000,755.041,1063.530
2025-11-21 04:53:24,mlx5_8,0.000,0.000,0.000,0.000
2025-11-21 04:53:24,mlx5_9,0.000,0.000,0.000,0.000
2025-11-21 04:53:24,TOTAL,0.000,0.000,905.573,1433.538
2025-11-21 04:53:25,mlx5_0,0.000,0.000,150.532,370.008
2025-11-21 04:53:25,mlx5_1,0.000,0.000,0.000,0.000
2025-11-21 04:53:25,mlx5_2,0.000,0.000,0.000,0.000
2025-11-21 04:53:25,mlx5_3,0.000,0.000,0.000,0.000
2025-11-21 04:53:25,mlx5_4,0.000,0.000,0.000,0.000
2025-11-21 04:53:25,mlx5_5,0.000,0.000,0.000,0.000
2025-11-21 04:53:25,mlx5_6,0.000,0.000,0.000,0.000
2025-11-21 04:53:25,mlx5_7,0.000,0.000,755.041,1063.530
2025-11-21 04:53:25,mlx5_8,0.000,0.000,0.000,0.000
2025-11-21 04:53:25,mlx5_9,0.000,0.000,0.000,0.000
2025-11-21 04:53:25,TOTAL,0.000,0.000,905.573,1433.538
2025-11-21 04:53:26,mlx5_0,0.654,0.000,150.614,370.008
2025-11-21 04:53:26,mlx5_1,0.000,0.000,0.000,0.000
2025-11-21 04:53:26,mlx5_2,0.000,0.000,0.000,0.000
2025-11-21 04:53:26,mlx5_3,0.000,0.000,0.000,0.000
2025-11-21 04:53:26,mlx5_4,0.000,0.000,0.000,0.000
2025-11-21 04:53:26,mlx5_5,0.000,0.000,0.000,0.000
2025-11-21 04:53:26,mlx5_6,0.000,0.000,0.000,0.000
2025-11-21 04:53:26,mlx5_7,7.913,0.004,756.036,1063.530
2025-11-21 04:53:26,mlx5_8,0.000,0.000,0.000,0.000
2025-11-21 04:53:26,mlx5_9,0.000,0.000,0.000,0.000
2025-11-21 04:53:26,TOTAL,8.567,0.004,906.651,1433.539
2025-11-21 04:53:27,mlx5_0,6.982,0.003,151.493,370.009
2025-11-21 04:53:27,mlx5_1,0.000,0.000,0.000,0.000
2025-11-21 04:53:27,mlx5_2,0.000,0.000,0.000,0.000
2025-11-21 04:53:27,mlx5_3,0.000,0.000,0.000,0.000
2025-11-21 04:53:27,mlx5_4,0.000,0.000,0.000,0.000
2025-11-21 04:53:27,mlx5_5,0.000,0.000,0.000,0.000
2025-11-21 04:53:27,mlx5_6,0.000,0.000,0.000,0.000
2025-11-21 04:53:27,mlx5_7,21.580,0.011,758.754,1063.532
2025-11-21 04:53:27,mlx5_8,0.000,0.000,0.000,0.000
2025-11-21 04:53:27,mlx5_9,0.000,0.000,0.000,0.000
2025-11-21 04:53:27,TOTAL,28.562,0.014,910.247,1433.541
2025-11-21 04:53:28,mlx5_0,0.000,0.000,151.493,370.009
2025-11-21 04:53:28,mlx5_1,0.000,0.000,0.000,0.000
2025-11-21 04:53:28,mlx5_2,0.000,0.000,0.000,0.000
2025-11-21 04:53:28,mlx5_3,0.000,0.000,0.000,0.000
2025-11-21 04:53:28,mlx5_4,0.000,0.000,0.000,0.000
2025-11-21 04:53:28,mlx5_5,0.000,0.000,0.000,0.000
2025-11-21 04:53:28,mlx5_6,0.000,0.000,0.000,0.000
2025-11-21 04:53:28,mlx5_7,0.000,0.000,758.754,1063.532
2025-11-21 04:53:28,mlx5_8,0.000,0.000,0.000,0.000
2025-11-21 04:53:28,mlx5_9,0.000,0.000,0.000,0.000
2025-11-21 04:53:28,TOTAL,0.000,0.000,910.247,1433.541
2025-11-21 04:53:29,mlx5_0,0.000,0.000,151.493,370.009
2025-11-21 04:53:29,mlx5_1,0.000,0.000,0.000,0.000
2025-11-21 04:53:29,mlx5_2,0.000,0.000,0.000,0.000
2025-11-21 04:53:29,mlx5_3,0.000,0.000,0.000,0.000
2025-11-21 04:53:29,mlx5_4,0.000,0.000,0.000,0.000
2025-11-21 04:53:29,mlx5_5,0.000,0.000,0.000,0.000
2025-11-21 04:53:29,mlx5_6,0.000,0.000,0.000,0.000
2025-11-21 04:53:29,mlx5_7,0.000,0.000,758.754,1063.532
2025-11-21 04:53:29,mlx5_8,0.000,0.000,0.000,0.000
2025-11-21 04:53:29,mlx5_9,0.000,0.000,0.000,0.000
2025-11-21 04:53:29,TOTAL,0.000,0.000,910.247,1433.541
2025-11-21 04:53:30,mlx5_0,0.450,0.000,151.550,370.009
2025-11-21 04:53:30,mlx5_1,0.000,0.000,0.000,0.000
2025-11-21 04:53:30,mlx5_2,0.000,0.000,0.000,0.000
2025-11-21 04:53:30,mlx5_3,0.000,0.000,0.000,0.000
2025-11-21 04:53:30,mlx5_4,0.000,0.000,0.000,0.000
2025-11-21 04:53:30,mlx5_5,0.000,0.000,0.000,0.000
2025-11-21 04:53:30,mlx5_6,0.000,0.000,0.000,0.000
2025-11-21 04:53:30,mlx5_7,2.811,0.002,759.107,1063.532
2025-11-21 04:53:30,mlx5_8,0.000,0.000,0.000,0.000
2025-11-21 04:53:30,mlx5_9,0.000,0.000,0.000,0.000
2025-11-21 04:53:30,TOTAL,3.261,0.002,910.657,1433.541
2025-11-21 04:53:31,mlx5_0,6.192,0.003,152.334,370.009
2025-11-21 04:53:31,mlx5_1,0.000,0.000,0.000,0.000
2025-11-21 04:53:31,mlx5_2,0.000,0.000,0.000,0.000
2025-11-21 04:53:31,mlx5_3,0.000,0.000,0.000,0.000
2025-11-21 04:53:31,mlx5_4,0.000,0.000,0.000,0.000
2025-11-21 04:53:31,mlx5_5,0.000,0.000,0.000,0.000
2025-11-21 04:53:31,mlx5_6,0.000,0.000,0.000,0.000
2025-11-21 04:53:31,mlx5_7,27.496,0.013,762.587,1063.534
2025-11-21 04:53:31,mlx5_8,0.000,0.000,0.000,0.000
2025-11-21 04:53:31,mlx5_9,0.000,0.000,0.000,0.000
2025-11-21 04:53:31,TOTAL,33.687,0.016,914.921,1433.543
2025-11-21 04:53:32,mlx5_0,0.000,0.000,152.334,370.009
2025-11-21 04:53:32,mlx5_1,0.000,0.000,0.000,0.000
2025-11-21 04:53:32,mlx5_2,0.000,0.000,0.000,0.000
2025-11-21 04:53:32,mlx5_3,0.000,0.000,0.000,0.000
2025-11-21 04:53:32,mlx5_4,0.000,0.000,0.000,0.000
2025-11-21 04:53:32,mlx5_5,0.000,0.000,0.000,0.000
2025-11-21 04:53:32,mlx5_6,0.000,0.000,0.000,0.000
2025-11-21 04:53:32,mlx5_7,0.000,0.000,762.587,1063.534
2025-11-21 04:53:32,mlx5_8,0.000,0.000,0.000,0.000
2025-11-21 04:53:32,mlx5_9,0.000,0.000,0.000,0.000
2025-11-21 04:53:32,TOTAL,0.000,0.000,914.921,1433.543
2025-11-21 04:53:33,mlx5_0,0.000,0.000,152.334,370.009
2025-11-21 04:53:33,mlx5_1,0.000,0.000,0.000,0.000
2025-11-21 04:53:33,mlx5_2,0.000,0.000,0.000,0.000
2025-11-21 04:53:33,mlx5_3,0.000,0.000,0.000,0.000
2025-11-21 04:53:33,mlx5_4,0.000,0.000,0.000,0.000
2025-11-21 04:53:33,mlx5_5,0.000,0.000,0.000,0.000
2025-11-21 04:53:33,mlx5_6,0.000,0.000,0.000,0.000
2025-11-21 04:53:33,mlx5_7,0.000,0.000,762.587,1063.534
2025-11-21 04:53:33,mlx5_8,0.000,0.000,0.000,0.000
2025-11-21 04:53:33,mlx5_9,0.000,0.000,0.000,0.000
2025-11-21 04:53:33,TOTAL,0.000,0.000,914.921,1433.543
2025-11-21 04:53:34,mlx5_0,0.000,0.000,152.334,370.009
2025-11-21 04:53:34,mlx5_1,0.000,0.000,0.000,0.000
2025-11-21 04:53:34,mlx5_2,0.000,0.000,0.000,0.000
2025-11-21 04:53:34,mlx5_3,0.000,0.000,0.000,0.000
2025-11-21 04:53:34,mlx5_4,0.000,0.000,0.000,0.000
2025-11-21 04:53:34,mlx5_5,0.000,0.000,0.000,0.000
2025-11-21 04:53:34,mlx5_6,0.000,0.000,0.000,0.000
2025-11-21 04:53:34,mlx5_7,0.000,0.000,762.587,1063.534
2025-11-21 04:53:34,mlx5_8,0.000,0.000,0.000,0.000
2025-11-21 04:53:34,mlx5_9,0.000,0.000,0.000,0.000
2025-11-21 04:53:34,TOTAL,0.000,0.000,914.921,1433.543
2025-11-21 04:53:35,mlx5_0,6.315,0.003,153.127,370.010
2025-11-21 04:53:35,mlx5_1,0.000,0.000,0.000,0.000
2025-11-21 04:53:35,mlx5_2,0.000,0.000,0.000,0.000
2025-11-21 04:53:35,mlx5_3,0.000,0.000,0.000,0.000
2025-11-21 04:53:35,mlx5_4,0.000,0.000,0.000,0.000
2025-11-21 04:53:35,mlx5_5,0.000,0.000,0.000,0.000
2025-11-21 04:53:35,mlx5_6,0.000,0.000,0.000,0.000
2025-11-21 04:53:35,mlx5_7,30.880,0.015,766.467,1063.535
2025-11-21 04:53:35,mlx5_8,0.000,0.000,0.000,0.000
2025-11-21 04:53:35,mlx5_9,0.000,0.000,0.000,0.000
2025-11-21 04:53:35,TOTAL,37.195,0.018,919.594,1433.545
2025-11-21 04:53:36,mlx5_0,0.000,0.000,153.127,370.010
2025-11-21 04:53:36,mlx5_1,0.000,0.000,0.000,0.000
2025-11-21 04:53:36,mlx5_2,0.000,0.000,0.000,0.000
2025-11-21 04:53:36,mlx5_3,0.000,0.000,0.000,0.000
2025-11-21 04:53:36,mlx5_4,0.000,0.000,0.000,0.000
2025-11-21 04:53:36,mlx5_5,0.000,0.000,0.000,0.000
2025-11-21 04:53:36,mlx5_6,0.000,0.000,0.000,0.000
2025-11-21 04:53:36,mlx5_7,0.000,0.000,766.467,1063.535
2025-11-21 04:53:36,mlx5_8,0.000,0.000,0.000,0.000
2025-11-21 04:53:36,mlx5_9,0.000,0.000,0.000,0.000
2025-11-21 04:53:36,TOTAL,0.000,0.000,919.594,1433.545
2025-11-21 04:53:37,mlx5_0,0.000,0.000,153.127,370.010
2025-11-21 04:53:37,mlx5_1,0.000,0.000,0.000,0.000
2025-11-21 04:53:37,mlx5_2,0.000,0.000,0.000,0.000
2025-11-21 04:53:37,mlx5_3,0.000,0.000,0.000,0.000
2025-11-21 04:53:37,mlx5_4,0.000,0.000,0.000,0.000
2025-11-21 04:53:37,mlx5_5,0.000,0.000,0.000,0.000
2025-11-21 04:53:37,mlx5_6,0.000,0.000,0.000,0.000
2025-11-21 04:53:37,mlx5_7,0.000,0.000,766.467,1063.535
2025-11-21 04:53:37,mlx5_8,0.000,0.000,0.000,0.000
2025-11-21 04:53:37,mlx5_9,0.000,0.000,0.000,0.000
2025-11-21 04:53:37,TOTAL,0.000,0.000,919.594,1433.545
2025-11-21 04:53:38,mlx5_0,0.000,0.000,153.127,370.010
2025-11-21 04:53:38,mlx5_1,0.000,0.000,0.000,0.000
2025-11-21 04:53:38,mlx5_2,0.000,0.000,0.000,0.000
2025-11-21 04:53:38,mlx5_3,0.000,0.000,0.000,0.000
2025-11-21 04:53:38,mlx5_4,0.000,0.000,0.000,0.000
2025-11-21 04:53:38,mlx5_5,0.000,0.000,0.000,0.000
2025-11-21 04:53:38,mlx5_6,0.000,0.000,0.000,0.000
2025-11-21 04:53:38,mlx5_7,0.000,0.000,766.467,1063.535
2025-11-21 04:53:38,mlx5_8,0.000,0.000,0.000,0.000
2025-11-21 04:53:38,mlx5_9,0.000,0.000,0.000,0.000
2025-11-21 04:53:38,TOTAL,0.000,0.000,919.594,1433.545
2025-11-21 04:53:39,mlx5_0,0.573,0.001,153.199,370.010
2025-11-21 04:53:39,mlx5_1,0.000,0.000,0.000,0.000
2025-11-21 04:53:39,mlx5_2,0.000,0.000,0.000,0.000
2025-11-21 04:53:39,mlx5_3,0.000,0.000,0.000,0.000
2025-11-21 04:53:39,mlx5_4,0.000,0.000,0.000,0.000
2025-11-21 04:53:39,mlx5_5,0.000,0.000,0.000,0.000
2025-11-21 04:53:39,mlx5_6,0.000,0.000,0.000,0.000
2025-11-21 04:53:39,mlx5_7,12.701,0.006,768.066,1063.536
2025-11-21 04:53:39,mlx5_8,0.000,0.000,0.000,0.000
2025-11-21 04:53:39,mlx5_9,0.000,0.000,0.000,0.000
2025-11-21 04:53:39,TOTAL,13.274,0.007,921.265,1433.546
2025-11-21 04:53:40,mlx5_0,5.832,7.427,153.934,370.945
2025-11-21 04:53:40,mlx5_1,0.000,0.000,0.000,0.000
2025-11-21 04:53:40,mlx5_2,0.000,0.000,0.000,0.000
2025-11-21 04:53:40,mlx5_3,0.000,0.000,0.000,0.000
2025-11-21 04:53:40,mlx5_4,0.000,0.000,0.000,0.000
2025-11-21 04:53:40,mlx5_5,0.000,0.000,0.000,0.000
2025-11-21 04:53:40,mlx5_6,0.000,0.000,0.000,0.000
2025-11-21 04:53:40,mlx5_7,18.041,24.212,770.338,1066.586
2025-11-21 04:53:40,mlx5_8,0.000,0.000,0.000,0.000
2025-11-21 04:53:40,mlx5_9,0.000,0.000,0.000,0.000
2025-11-21 04:53:40,TOTAL,23.873,31.639,924.272,1437.531
2025-11-21 04:53:41,mlx5_0,0.010,16.171,153.935,372.979
2025-11-21 04:53:41,mlx5_1,0.000,0.000,0.000,0.000
2025-11-21 04:53:41,mlx5_2,0.000,0.000,0.000,0.000
2025-11-21 04:53:41,mlx5_3,0.000,0.000,0.000,0.000
2025-11-21 04:53:41,mlx5_4,0.000,0.000,0.000,0.000
2025-11-21 04:53:41,mlx5_5,0.000,0.000,0.000,0.000
2025-11-21 04:53:41,mlx5_6,0.000,0.000,0.000,0.000
2025-11-21 04:53:41,mlx5_7,0.040,42.690,770.343,1071.956
2025-11-21 04:53:41,mlx5_8,0.000,0.000,0.000,0.000
2025-11-21 04:53:41,mlx5_9,0.000,0.000,0.000,0.000
2025-11-21 04:53:41,TOTAL,0.049,58.861,924.278,1444.935
2025-11-21 04:53:42,mlx5_0,0.016,25.265,153.937,376.157
2025-11-21 04:53:42,mlx5_1,0.000,0.000,0.000,0.000
2025-11-21 04:53:42,mlx5_2,0.000,0.000,0.000,0.000
2025-11-21 04:53:42,mlx5_3,0.000,0.000,0.000,0.000
2025-11-21 04:53:42,mlx5_4,0.000,0.000,0.000,0.000
2025-11-21 04:53:42,mlx5_5,0.000,0.000,0.000,0.000
2025-11-21 04:53:42,mlx5_6,0.000,0.000,0.000,0.000
2025-11-21 04:53:42,mlx5_7,0.061,65.153,770.351,1080.151
2025-11-21 04:53:42,mlx5_8,0.000,0.000,0.000,0.000
2025-11-21 04:53:42,mlx5_9,0.000,0.000,0.000,0.000
2025-11-21 04:53:42,TOTAL,0.077,90.418,924.287,1456.309
2025-11-21 04:53:43,mlx5_0,0.012,19.505,153.938,378.609
2025-11-21 04:53:43,mlx5_1,0.000,0.000,0.000,0.000
2025-11-21 04:53:43,mlx5_2,0.000,0.000,0.000,0.000
2025-11-21 04:53:43,mlx5_3,0.000,0.000,0.000,0.000
2025-11-21 04:53:43,mlx5_4,0.000,0.000,0.000,0.000
2025-11-21 04:53:43,mlx5_5,0.000,0.000,0.000,0.000
2025-11-21 04:53:43,mlx5_6,0.000,0.000,0.000,0.000
2025-11-21 04:53:43,mlx5_7,0.050,53.407,770.357,1086.863
2025-11-21 04:53:43,mlx5_8,0.000,0.000,0.000,0.000
2025-11-21 04:53:43,mlx5_9,0.000,0.000,0.000,0.000
2025-11-21 04:53:43,TOTAL,0.063,72.912,924.295,1465.472
2025-11-21 04:53:44,mlx5_0,0.000,0.000,153.938,378.609
2025-11-21 04:53:44,mlx5_1,0.000,0.000,0.000,0.000
2025-11-21 04:53:44,mlx5_2,0.000,0.000,0.000,0.000
2025-11-21 04:53:44,mlx5_3,0.000,0.000,0.000,0.000
2025-11-21 04:53:44,mlx5_4,0.000,0.000,0.000,0.000
2025-11-21 04:53:44,mlx5_5,0.000,0.000,0.000,0.000
2025-11-21 04:53:44,mlx5_6,0.000,0.000,0.000,0.000
2025-11-21 04:53:44,mlx5_7,0.000,0.000,770.357,1086.863
2025-11-21 04:53:44,mlx5_8,0.000,0.000,0.000,0.000
2025-11-21 04:53:44,mlx5_9,0.000,0.000,0.000,0.000
2025-11-21 04:53:44,TOTAL,0.000,0.000,924.295,1465.472
2025-11-21 04:53:45,mlx5_0,0.000,0.000,153.938,378.609
2025-11-21 04:53:45,mlx5_1,0.000,0.000,0.000,0.000
2025-11-21 04:53:45,mlx5_2,0.000,0.000,0.000,0.000
2025-11-21 04:53:45,mlx5_3,0.000,0.000,0.000,0.000
2025-11-21 04:53:45,mlx5_4,0.000,0.000,0.000,0.000
2025-11-21 04:53:45,mlx5_5,0.000,0.000,0.000,0.000
2025-11-21 04:53:45,mlx5_6,0.000,0.000,0.000,0.000
2025-11-21 04:53:45,mlx5_7,0.000,0.000,770.357,1086.863
2025-11-21 04:53:45,mlx5_8,0.000,0.000,0.000,0.000
2025-11-21 04:53:45,mlx5_9,0.000,0.000,0.000,0.000
2025-11-21 04:53:45,TOTAL,0.000,0.000,924.295,1465.472
2025-11-21 04:53:46,mlx5_0,0.000,0.000,153.938,378.609
2025-11-21 04:53:46,mlx5_1,0.000,0.000,0.000,0.000
2025-11-21 04:53:46,mlx5_2,0.000,0.000,0.000,0.000
2025-11-21 04:53:46,mlx5_3,0.000,0.000,0.000,0.000
2025-11-21 04:53:46,mlx5_4,0.000,0.000,0.000,0.000
2025-11-21 04:53:46,mlx5_5,0.000,0.000,0.000,0.000
2025-11-21 04:53:46,mlx5_6,0.000,0.000,0.000,0.000
2025-11-21 04:53:46,mlx5_7,0.000,0.000,770.357,1086.863
2025-11-21 04:53:46,mlx5_8,0.000,0.000,0.000,0.000
2025-11-21 04:53:46,mlx5_9,0.000,0.000,0.000,0.000
2025-11-21 04:53:46,TOTAL,0.000,0.000,924.295,1465.472
2025-11-21 04:53:47,mlx5_0,0.293,0.000,153.975,378.609
2025-11-21 04:53:47,mlx5_1,0.000,0.000,0.000,0.000
2025-11-21 04:53:47,mlx5_2,0.000,0.000,0.000,0.000
2025-11-21 04:53:47,mlx5_3,0.000,0.000,0.000,0.000
2025-11-21 04:53:47,mlx5_4,0.000,0.000,0.000,0.000
2025-11-21 04:53:47,mlx5_5,0.000,0.000,0.000,0.000
2025-11-21 04:53:47,mlx5_6,0.000,0.000,0.000,0.000
2025-11-21 04:53:47,mlx5_7,6.294,0.003,771.148,1086.864
2025-11-21 04:53:47,mlx5_8,0.000,0.000,0.000,0.000
2025-11-21 04:53:47,mlx5_9,0.000,0.000,0.000,0.000
2025-11-21 04:53:47,TOTAL,6.586,0.003,925.123,1465.472
2025-11-21 04:53:48,mlx5_0,6.107,0.003,154.744,378.609
2025-11-21 04:53:48,mlx5_1,0.000,0.000,0.000,0.000
2025-11-21 04:53:48,mlx5_2,0.000,0.000,0.000,0.000
2025-11-21 04:53:48,mlx5_3,0.000,0.000,0.000,0.000
2025-11-21 04:53:48,mlx5_4,0.000,0.000,0.000,0.000
2025-11-21 04:53:48,mlx5_5,0.000,0.000,0.000,0.000
2025-11-21 04:53:48,mlx5_6,0.000,0.000,0.000,0.000
2025-11-21 04:53:48,mlx5_7,25.179,0.012,774.317,1086.865
2025-11-21 04:53:48,mlx5_8,0.000,0.000,0.000,0.000
2025-11-21 04:53:48,mlx5_9,0.000,0.000,0.000,0.000
2025-11-21 04:53:48,TOTAL,31.286,0.015,929.060,1465.474
2025-11-21 04:53:49,mlx5_0,0.000,0.000,154.744,378.609
2025-11-21 04:53:49,mlx5_1,0.000,0.000,0.000,0.000
2025-11-21 04:53:49,mlx5_2,0.000,0.000,0.000,0.000
2025-11-21 04:53:49,mlx5_3,0.000,0.000,0.000,0.000
2025-11-21 04:53:49,mlx5_4,0.000,0.000,0.000,0.000
2025-11-21 04:53:49,mlx5_5,0.000,0.000,0.000,0.000
2025-11-21 04:53:49,mlx5_6,0.000,0.000,0.000,0.000
2025-11-21 04:53:49,mlx5_7,0.000,0.000,774.317,1086.865
2025-11-21 04:53:49,mlx5_8,0.000,0.000,0.000,0.000
2025-11-21 04:53:49,mlx5_9,0.000,0.000,0.000,0.000
2025-11-21 04:53:49,TOTAL,0.000,0.000,929.060,1465.474
2025-11-21 04:53:50,mlx5_0,0.000,0.000,154.744,378.609
2025-11-21 04:53:50,mlx5_1,0.000,0.000,0.000,0.000
2025-11-21 04:53:50,mlx5_2,0.000,0.000,0.000,0.000
2025-11-21 04:53:50,mlx5_3,0.000,0.000,0.000,0.000
2025-11-21 04:53:50,mlx5_4,0.000,0.000,0.000,0.000
2025-11-21 04:53:50,mlx5_5,0.000,0.000,0.000,0.000
2025-11-21 04:53:50,mlx5_6,0.000,0.000,0.000,0.000
2025-11-21 04:53:50,mlx5_7,0.000,0.000,774.317,1086.865
2025-11-21 04:53:50,mlx5_8,0.000,0.000,0.000,0.000
2025-11-21 04:53:50,mlx5_9,0.000,0.000,0.000,0.000
2025-11-21 04:53:50,TOTAL,0.000,0.000,929.060,1465.474
2025-11-21 04:53:51,mlx5_0,4.838,0.002,155.352,378.609
2025-11-21 04:53:51,mlx5_1,0.000,0.000,0.000,0.000
2025-11-21 04:53:51,mlx5_2,0.000,0.000,0.000,0.000
2025-11-21 04:53:51,mlx5_3,0.000,0.000,0.000,0.000
2025-11-21 04:53:51,mlx5_4,0.000,0.000,0.000,0.000
2025-11-21 04:53:51,mlx5_5,0.000,0.000,0.000,0.000
2025-11-21 04:53:51,mlx5_6,0.000,0.000,0.000,0.000
2025-11-21 04:53:51,mlx5_7,29.910,0.014,778.075,1086.867
2025-11-21 04:53:51,mlx5_8,0.000,0.000,0.000,0.000
2025-11-21 04:53:51,mlx5_9,0.000,0.000,0.000,0.000
2025-11-21 04:53:51,TOTAL,34.748,0.017,933.427,1465.476
2025-11-21 04:53:52,mlx5_0,1.392,0.001,155.527,378.609
2025-11-21 04:53:52,mlx5_1,0.000,0.000,0.000,0.000
2025-11-21 04:53:52,mlx5_2,0.000,0.000,0.000,0.000
2025-11-21 04:53:52,mlx5_3,0.000,0.000,0.000,0.000
2025-11-21 04:53:52,mlx5_4,0.000,0.000,0.000,0.000
2025-11-21 04:53:52,mlx5_5,0.000,0.000,0.000,0.000
2025-11-21 04:53:52,mlx5_6,0.000,0.000,0.000,0.000
2025-11-21 04:53:52,mlx5_7,1.045,0.001,778.207,1086.867
2025-11-21 04:53:52,mlx5_8,0.000,0.000,0.000,0.000
2025-11-21 04:53:52,mlx5_9,0.000,0.000,0.000,0.000
2025-11-21 04:53:52,TOTAL,2.436,0.001,933.734,1465.476
2025-11-21 04:53:53,mlx5_0,0.000,0.000,155.527,378.609
2025-11-21 04:53:53,mlx5_1,0.000,0.000,0.000,0.000
2025-11-21 04:53:53,mlx5_2,0.000,0.000,0.000,0.000
2025-11-21 04:53:53,mlx5_3,0.000,0.000,0.000,0.000
2025-11-21 04:53:53,mlx5_4,0.000,0.000,0.000,0.000
2025-11-21 04:53:53,mlx5_5,0.000,0.000,0.000,0.000
2025-11-21 04:53:53,mlx5_6,0.000,0.000,0.000,0.000
2025-11-21 04:53:53,mlx5_7,0.000,0.000,778.207,1086.867
2025-11-21 04:53:53,mlx5_8,0.000,0.000,0.000,0.000
2025-11-21 04:53:53,mlx5_9,0.000,0.000,0.000,0.000
2025-11-21 04:53:53,TOTAL,0.000,0.000,933.734,1465.476
2025-11-21 04:53:54,mlx5_0,0.000,0.000,155.527,378.609
2025-11-21 04:53:54,mlx5_1,0.000,0.000,0.000,0.000
2025-11-21 04:53:54,mlx5_2,0.000,0.000,0.000,0.000
2025-11-21 04:53:54,mlx5_3,0.000,0.000,0.000,0.000
2025-11-21 04:53:54,mlx5_4,0.000,0.000,0.000,0.000
2025-11-21 04:53:54,mlx5_5,0.000,0.000,0.000,0.000
2025-11-21 04:53:54,mlx5_6,0.000,0.000,0.000,0.000
2025-11-21 04:53:54,mlx5_7,0.000,0.000,778.207,1086.867
2025-11-21 04:53:54,mlx5_8,0.000,0.000,0.000,0.000
2025-11-21 04:53:54,mlx5_9,0.000,0.000,0.000,0.000
2025-11-21 04:53:54,TOTAL,0.000,0.000,933.734,1465.476
2025-11-21 04:53:55,mlx5_0,6.461,0.003,156.339,378.610
2025-11-21 04:53:55,mlx5_1,0.000,0.000,0.000,0.000
2025-11-21 04:53:55,mlx5_2,0.000,0.000,0.000,0.000
2025-11-21 04:53:55,mlx5_3,0.000,0.000,0.000,0.000
2025-11-21 04:53:55,mlx5_4,0.000,0.000,0.000,0.000
2025-11-21 04:53:55,mlx5_5,0.000,0.000,0.000,0.000
2025-11-21 04:53:55,mlx5_6,0.000,0.000,0.000,0.000
2025-11-21 04:53:55,mlx5_7,30.726,0.015,782.069,1086.869
2025-11-21 04:53:55,mlx5_8,0.000,0.000,0.000,0.000
2025-11-21 04:53:55,mlx5_9,0.000,0.000,0.000,0.000
2025-11-21 04:53:55,TOTAL,37.187,0.018,938.408,1465.479
2025-11-21 04:53:56,mlx5_0,0.000,0.000,156.339,378.610
2025-11-21 04:53:56,mlx5_1,0.000,0.000,0.000,0.000
2025-11-21 04:53:56,mlx5_2,0.000,0.000,0.000,0.000
2025-11-21 04:53:56,mlx5_3,0.000,0.000,0.000,0.000
2025-11-21 04:53:56,mlx5_4,0.000,0.000,0.000,0.000
2025-11-21 04:53:56,mlx5_5,0.000,0.000,0.000,0.000
2025-11-21 04:53:56,mlx5_6,0.000,0.000,0.000,0.000
2025-11-21 04:53:56,mlx5_7,0.000,0.000,782.069,1086.869
2025-11-21 04:53:56,mlx5_8,0.000,0.000,0.000,0.000
2025-11-21 04:53:56,mlx5_9,0.000,0.000,0.000,0.000
2025-11-21 04:53:56,TOTAL,0.000,0.000,938.408,1465.479
2025-11-21 04:53:57,mlx5_0,0.000,0.000,156.339,378.610
2025-11-21 04:53:57,mlx5_1,0.000,0.000,0.000,0.000
2025-11-21 04:53:57,mlx5_2,0.000,0.000,0.000,0.000
2025-11-21 04:53:57,mlx5_3,0.000,0.000,0.000,0.000
2025-11-21 04:53:57,mlx5_4,0.000,0.000,0.000,0.000
2025-11-21 04:53:57,mlx5_5,0.000,0.000,0.000,0.000
2025-11-21 04:53:57,mlx5_6,0.000,0.000,0.000,0.000
2025-11-21 04:53:57,mlx5_7,0.000,0.000,782.069,1086.869
2025-11-21 04:53:57,mlx5_8,0.000,0.000,0.000,0.000
2025-11-21 04:53:57,mlx5_9,0.000,0.000,0.000,0.000
2025-11-21 04:53:57,TOTAL,0.000,0.000,938.408,1465.479
2025-11-21 04:53:58,mlx5_0,0.000,0.000,156.339,378.610
2025-11-21 04:53:58,mlx5_1,0.000,0.000,0.000,0.000
2025-11-21 04:53:58,mlx5_2,0.000,0.000,0.000,0.000
2025-11-21 04:53:58,mlx5_3,0.000,0.000,0.000,0.000
2025-11-21 04:53:58,mlx5_4,0.000,0.000,0.000,0.000
2025-11-21 04:53:58,mlx5_5,0.000,0.000,0.000,0.000
2025-11-21 04:53:58,mlx5_6,0.000,0.000,0.000,0.000
2025-11-21 04:53:58,mlx5_7,0.000,0.000,782.069,1086.869
2025-11-21 04:53:58,mlx5_8,0.000,0.000,0.000,0.000
2025-11-21 04:53:58,mlx5_9,0.000,0.000,0.000,0.000
2025-11-21 04:53:58,TOTAL,0.000,0.000,938.408,1465.479
2025-11-21 04:53:59,mlx5_0,5.149,0.003,156.987,378.610
2025-11-21 04:53:59,mlx5_1,0.000,0.000,0.000,0.000
2025-11-21 04:53:59,mlx5_2,0.000,0.000,0.000,0.000
2025-11-21 04:53:59,mlx5_3,0.000,0.000,0.000,0.000
2025-11-21 04:53:59,mlx5_4,0.000,0.000,0.000,0.000
2025-11-21 04:53:59,mlx5_5,0.000,0.000,0.000,0.000
2025-11-21 04:53:59,mlx5_6,0.000,0.000,0.000,0.000
2025-11-21 04:53:59,mlx5_7,31.992,0.016,786.094,1086.871
2025-11-21 04:53:59,mlx5_8,0.000,0.000,0.000,0.000
2025-11-21 04:53:59,mlx5_9,0.000,0.000,0.000,0.000
2025-11-21 04:53:59,TOTAL,37.141,0.018,943.081,1465.481
2025-11-21 04:54:00,mlx5_0,0.000,0.000,156.987,378.610
2025-11-21 04:54:00,mlx5_1,0.000,0.000,0.000,0.000
2025-11-21 04:54:00,mlx5_2,0.000,0.000,0.000,0.000
2025-11-21 04:54:00,mlx5_3,0.000,0.000,0.000,0.000
2025-11-21 04:54:00,mlx5_4,0.000,0.000,0.000,0.000
2025-11-21 04:54:00,mlx5_5,0.000,0.000,0.000,0.000
2025-11-21 04:54:00,mlx5_6,0.000,0.000,0.000,0.000
2025-11-21 04:54:00,mlx5_7,0.000,0.000,786.094,1086.871
2025-11-21 04:54:00,mlx5_8,0.000,0.000,0.000,0.000
2025-11-21 04:54:00,mlx5_9,0.000,0.000,0.000,0.000
2025-11-21 04:54:00,TOTAL,0.000,0.000,943.081,1465.481
2025-11-21 04:54:01,mlx5_0,0.000,0.000,156.987,378.610
2025-11-21 04:54:01,mlx5_1,0.000,0.000,0.000,0.000
2025-11-21 04:54:01,mlx5_2,0.000,0.000,0.000,0.000
2025-11-21 04:54:01,mlx5_3,0.000,0.000,0.000,0.000
2025-11-21 04:54:01,mlx5_4,0.000,0.000,0.000,0.000
2025-11-21 04:54:01,mlx5_5,0.000,0.000,0.000,0.000
2025-11-21 04:54:01,mlx5_6,0.000,0.000,0.000,0.000
2025-11-21 04:54:01,mlx5_7,0.000,0.000,786.094,1086.871
2025-11-21 04:54:01,mlx5_8,0.000,0.000,0.000,0.000
2025-11-21 04:54:01,mlx5_9,0.000,0.000,0.000,0.000
2025-11-21 04:54:01,TOTAL,0.000,0.000,943.081,1465.481
2025-11-21 04:54:02,mlx5_0,0.000,0.000,156.987,378.610
2025-11-21 04:54:02,mlx5_1,0.000,0.000,0.000,0.000
2025-11-21 04:54:02,mlx5_2,0.000,0.000,0.000,0.000
2025-11-21 04:54:02,mlx5_3,0.000,0.000,0.000,0.000
2025-11-21 04:54:02,mlx5_4,0.000,0.000,0.000,0.000
2025-11-21 04:54:02,mlx5_5,0.000,0.000,0.000,0.000
2025-11-21 04:54:02,mlx5_6,0.000,0.000,0.000,0.000
2025-11-21 04:54:02,mlx5_7,0.000,0.000,786.094,1086.871
2025-11-21 04:54:02,mlx5_8,0.000,0.000,0.000,0.000
2025-11-21 04:54:02,mlx5_9,0.000,0.000,0.000,0.000
2025-11-21 04:54:02,TOTAL,0.000,0.000,943.081,1465.481
2025-11-21 04:54:03,mlx5_0,6.578,0.003,157.813,378.611
2025-11-21 04:54:03,mlx5_1,0.000,0.000,0.000,0.000
2025-11-21 04:54:03,mlx5_2,0.000,0.000,0.000,0.000
2025-11-21 04:54:03,mlx5_3,0.000,0.000,0.000,0.000
2025-11-21 04:54:03,mlx5_4,0.000,0.000,0.000,0.000
2025-11-21 04:54:03,mlx5_5,0.000,0.000,0.000,0.000
2025-11-21 04:54:03,mlx5_6,0.000,0.000,0.000,0.000
2025-11-21 04:54:03,mlx5_7,30.551,0.015,789.932,1086.873
2025-11-21 04:54:03,mlx5_8,0.000,0.000,0.000,0.000
2025-11-21 04:54:03,mlx5_9,0.000,0.000,0.000,0.000
2025-11-21 04:54:03,TOTAL,37.129,0.018,947.746,1465.483
2025-11-21 04:54:04,mlx5_0,0.000,0.000,157.813,378.611
2025-11-21 04:54:04,mlx5_1,0.000,0.000,0.000,0.000
2025-11-21 04:54:04,mlx5_2,0.000,0.000,0.000,0.000
2025-11-21 04:54:04,mlx5_3,0.000,0.000,0.000,0.000
2025-11-21 04:54:04,mlx5_4,0.000,0.000,0.000,0.000
2025-11-21 04:54:04,mlx5_5,0.000,0.000,0.000,0.000
2025-11-21 04:54:04,mlx5_6,0.000,0.000,0.000,0.000
2025-11-21 04:54:04,mlx5_7,0.073,0.000,789.942,1086.873
2025-11-21 04:54:04,mlx5_8,0.000,0.000,0.000,0.000
2025-11-21 04:54:04,mlx5_9,0.000,0.000,0.000,0.000
2025-11-21 04:54:04,TOTAL,0.073,0.000,947.755,1465.483
2025-11-21 04:54:05,mlx5_0,0.000,0.000,157.813,378.611
2025-11-21 04:54:05,mlx5_1,0.000,0.000,0.000,0.000
2025-11-21 04:54:05,mlx5_2,0.000,0.000,0.000,0.000
2025-11-21 04:54:05,mlx5_3,0.000,0.000,0.000,0.000
2025-11-21 04:54:05,mlx5_4,0.000,0.000,0.000,0.000
2025-11-21 04:54:05,mlx5_5,0.000,0.000,0.000,0.000
2025-11-21 04:54:05,mlx5_6,0.000,0.000,0.000,0.000
2025-11-21 04:54:05,mlx5_7,0.000,0.000,789.942,1086.873
2025-11-21 04:54:05,mlx5_8,0.000,0.000,0.000,0.000
2025-11-21 04:54:05,mlx5_9,0.000,0.000,0.000,0.000
2025-11-21 04:54:05,TOTAL,0.000,0.000,947.755,1465.483
2025-11-21 04:54:06,mlx5_0,0.000,0.000,157.813,378.611
2025-11-21 04:54:06,mlx5_1,0.000,0.000,0.000,0.000
2025-11-21 04:54:06,mlx5_2,0.000,0.000,0.000,0.000
2025-11-21 04:54:06,mlx5_3,0.000,0.000,0.000,0.000
2025-11-21 04:54:06,mlx5_4,0.000,0.000,0.000,0.000
2025-11-21 04:54:06,mlx5_5,0.000,0.000,0.000,0.000
2025-11-21 04:54:06,mlx5_6,0.000,0.000,0.000,0.000
2025-11-21 04:54:06,mlx5_7,0.000,0.000,789.942,1086.873
2025-11-21 04:54:06,mlx5_8,0.000,0.000,0.000,0.000
2025-11-21 04:54:06,mlx5_9,0.000,0.000,0.000,0.000
2025-11-21 04:54:06,TOTAL,0.000,0.000,947.755,1465.483
2025-11-21 04:54:07,mlx5_0,0.000,0.000,157.813,378.611
2025-11-21 04:54:07,mlx5_1,0.000,0.000,0.000,0.000
2025-11-21 04:54:07,mlx5_2,0.000,0.000,0.000,0.000
2025-11-21 04:54:07,mlx5_3,0.000,0.000,0.000,0.000
2025-11-21 04:54:07,mlx5_4,0.000,0.000,0.000,0.000
2025-11-21 04:54:07,mlx5_5,0.000,0.000,0.000,0.000
2025-11-21 04:54:07,mlx5_6,0.000,0.000,0.000,0.000
2025-11-21 04:54:07,mlx5_7,0.000,0.000,789.942,1086.873
2025-11-21 04:54:07,mlx5_8,0.000,0.000,0.000,0.000
2025-11-21 04:54:07,mlx5_9,0.000,0.000,0.000,0.000
2025-11-21 04:54:07,TOTAL,0.000,0.000,947.755,1465.483
2025-11-21 04:54:08,mlx5_0,5.123,5.602,158.458,379.315
2025-11-21 04:54:08,mlx5_1,0.000,0.000,0.000,0.000
2025-11-21 04:54:08,mlx5_2,0.000,0.000,0.000,0.000
2025-11-21 04:54:08,mlx5_3,0.000,0.000,0.000,0.000
2025-11-21 04:54:08,mlx5_4,0.000,0.000,0.000,0.000
2025-11-21 04:54:08,mlx5_5,0.000,0.000,0.000,0.000
2025-11-21 04:54:08,mlx5_6,0.000,0.000,0.000,0.000
2025-11-21 04:54:08,mlx5_7,32.053,23.676,793.974,1089.851
2025-11-21 04:54:08,mlx5_8,0.000,0.000,0.000,0.000
2025-11-21 04:54:08,mlx5_9,0.000,0.000,0.000,0.000
2025-11-21 04:54:08,TOTAL,37.176,29.277,952.432,1469.167
2025-11-21 04:54:09,mlx5_0,0.015,23.355,158.460,382.253
2025-11-21 04:54:09,mlx5_1,0.000,0.000,0.000,0.000
2025-11-21 04:54:09,mlx5_2,0.000,0.000,0.000,0.000
2025-11-21 04:54:09,mlx5_3,0.000,0.000,0.000,0.000
2025-11-21 04:54:09,mlx5_4,0.000,0.000,0.000,0.000
2025-11-21 04:54:09,mlx5_5,0.000,0.000,0.000,0.000
2025-11-21 04:54:09,mlx5_6,0.000,0.000,0.000,0.000
2025-11-21 04:54:09,mlx5_7,0.068,72.646,793.983,1098.990
2025-11-21 04:54:09,mlx5_8,0.000,0.000,0.000,0.000
2025-11-21 04:54:09,mlx5_9,0.000,0.000,0.000,0.000
2025-11-21 04:54:09,TOTAL,0.083,96.002,952.442,1481.243
2025-11-21 04:54:10,mlx5_0,0.013,19.973,158.461,384.765
2025-11-21 04:54:10,mlx5_1,0.000,0.000,0.000,0.000
2025-11-21 04:54:10,mlx5_2,0.000,0.000,0.000,0.000
2025-11-21 04:54:10,mlx5_3,0.000,0.000,0.000,0.000
2025-11-21 04:54:10,mlx5_4,0.000,0.000,0.000,0.000
2025-11-21 04:54:10,mlx5_5,0.000,0.000,0.000,0.000
2025-11-21 04:54:10,mlx5_6,0.000,0.000,0.000,0.000
2025-11-21 04:54:10,mlx5_7,0.048,50.965,793.989,1105.399
2025-11-21 04:54:10,mlx5_8,0.000,0.000,0.000,0.000
2025-11-21 04:54:10,mlx5_9,0.000,0.000,0.000,0.000
2025-11-21 04:54:10,TOTAL,0.061,70.938,952.450,1490.164
2025-11-21 04:54:11,mlx5_0,0.009,14.394,158.463,386.575
2025-11-21 04:54:11,mlx5_1,0.000,0.000,0.000,0.000
2025-11-21 04:54:11,mlx5_2,0.000,0.000,0.000,0.000
2025-11-21 04:54:11,mlx5_3,0.000,0.000,0.000,0.000
2025-11-21 04:54:11,mlx5_4,0.000,0.000,0.000,0.000
2025-11-21 04:54:11,mlx5_5,0.000,0.000,0.000,0.000
2025-11-21 04:54:11,mlx5_6,0.000,0.000,0.000,0.000
2025-11-21 04:54:11,mlx5_7,0.036,38.356,793.993,1110.222
2025-11-21 04:54:11,mlx5_8,0.000,0.000,0.000,0.000
2025-11-21 04:54:11,mlx5_9,0.000,0.000,0.000,0.000
2025-11-21 04:54:11,TOTAL,0.045,52.749,952.456,1496.797
2025-11-21 04:54:12,mlx5_0,0.000,0.000,158.463,386.575
2025-11-21 04:54:12,mlx5_1,0.000,0.000,0.000,0.000
2025-11-21 04:54:12,mlx5_2,0.000,0.000,0.000,0.000
2025-11-21 04:54:12,mlx5_3,0.000,0.000,0.000,0.000
2025-11-21 04:54:12,mlx5_4,0.000,0.000,0.000,0.000
2025-11-21 04:54:12,mlx5_5,0.000,0.000,0.000,0.000
2025-11-21 04:54:12,mlx5_6,0.000,0.000,0.000,0.000
2025-11-21 04:54:12,mlx5_7,0.000,0.000,793.993,1110.222
2025-11-21 04:54:12,mlx5_8,0.000,0.000,0.000,0.000
2025-11-21 04:54:12,mlx5_9,0.000,0.000,0.000,0.000
2025-11-21 04:54:12,TOTAL,0.000,0.000,952.456,1496.797
2025-11-21 04:54:13,mlx5_0,0.000,0.000,158.463,386.575
2025-11-21 04:54:13,mlx5_1,0.000,0.000,0.000,0.000
2025-11-21 04:54:13,mlx5_2,0.000,0.000,0.000,0.000
2025-11-21 04:54:13,mlx5_3,0.000,0.000,0.000,0.000
2025-11-21 04:54:13,mlx5_4,0.000,0.000,0.000,0.000
2025-11-21 04:54:13,mlx5_5,0.000,0.000,0.000,0.000
2025-11-21 04:54:13,mlx5_6,0.000,0.000,0.000,0.000
2025-11-21 04:54:13,mlx5_7,0.000,0.000,793.993,1110.222
2025-11-21 04:54:13,mlx5_8,0.000,0.000,0.000,0.000
2025-11-21 04:54:13,mlx5_9,0.000,0.000,0.000,0.000
2025-11-21 04:54:13,TOTAL,0.000,0.000,952.456,1496.797
2025-11-21 04:54:14,mlx5_0,0.000,0.000,158.463,386.575
2025-11-21 04:54:14,mlx5_1,0.000,0.000,0.000,0.000
2025-11-21 04:54:14,mlx5_2,0.000,0.000,0.000,0.000
2025-11-21 04:54:14,mlx5_3,0.000,0.000,0.000,0.000
2025-11-21 04:54:14,mlx5_4,0.000,0.000,0.000,0.000
2025-11-21 04:54:14,mlx5_5,0.000,0.000,0.000,0.000
2025-11-21 04:54:14,mlx5_6,0.000,0.000,0.000,0.000
2025-11-21 04:54:14,mlx5_7,0.000,0.000,793.993,1110.222
2025-11-21 04:54:14,mlx5_8,0.000,0.000,0.000,0.000
2025-11-21 04:54:14,mlx5_9,0.000,0.000,0.000,0.000
2025-11-21 04:54:14,TOTAL,0.000,0.000,952.456,1496.797
2025-11-21 04:54:15,mlx5_0,0.000,0.000,158.463,386.575
2025-11-21 04:54:15,mlx5_1,0.000,0.000,0.000,0.000
2025-11-21 04:54:15,mlx5_2,0.000,0.000,0.000,0.000
2025-11-21 04:54:15,mlx5_3,0.000,0.000,0.000,0.000
2025-11-21 04:54:15,mlx5_4,0.000,0.000,0.000,0.000
2025-11-21 04:54:15,mlx5_5,0.000,0.000,0.000,0.000
2025-11-21 04:54:15,mlx5_6,0.000,0.000,0.000,0.000
2025-11-21 04:54:15,mlx5_7,0.000,0.000,793.993,1110.222
2025-11-21 04:54:15,mlx5_8,0.000,0.000,0.000,0.000
2025-11-21 04:54:15,mlx5_9,0.000,0.000,0.000,0.000
2025-11-21 04:54:15,TOTAL,0.000,0.000,952.456,1496.797
2025-11-21 04:54:16,mlx5_0,4.844,0.003,159.071,386.575
2025-11-21 04:54:16,mlx5_1,0.000,0.000,0.000,0.000
2025-11-21 04:54:16,mlx5_2,0.000,0.000,0.000,0.000
2025-11-21 04:54:16,mlx5_3,0.000,0.000,0.000,0.000
2025-11-21 04:54:16,mlx5_4,0.000,0.000,0.000,0.000
2025-11-21 04:54:16,mlx5_5,0.000,0.000,0.000,0.000
2025-11-21 04:54:16,mlx5_6,0.000,0.000,0.000,0.000
2025-11-21 04:54:16,mlx5_7,33.072,0.016,798.149,1110.224
2025-11-21 04:54:16,mlx5_8,0.000,0.000,0.000,0.000
2025-11-21 04:54:16,mlx5_9,0.000,0.000,0.000,0.000
2025-11-21 04:54:16,TOTAL,37.916,0.019,957.221,1496.799
2025-11-21 04:54:17,mlx5_0,0.000,0.000,159.071,386.575
2025-11-21 04:54:17,mlx5_1,0.000,0.000,0.000,0.000
2025-11-21 04:54:17,mlx5_2,0.000,0.000,0.000,0.000
2025-11-21 04:54:17,mlx5_3,0.000,0.000,0.000,0.000
2025-11-21 04:54:17,mlx5_4,0.000,0.000,0.000,0.000
2025-11-21 04:54:17,mlx5_5,0.000,0.000,0.000,0.000
2025-11-21 04:54:17,mlx5_6,0.000,0.000,0.000,0.000
2025-11-21 04:54:17,mlx5_7,0.000,0.000,798.149,1110.224
2025-11-21 04:54:17,mlx5_8,0.000,0.000,0.000,0.000
2025-11-21 04:54:17,mlx5_9,0.000,0.000,0.000,0.000
2025-11-21 04:54:17,TOTAL,0.000,0.000,957.221,1496.799
2025-11-21 04:54:18,mlx5_0,0.000,0.000,159.071,386.575
2025-11-21 04:54:18,mlx5_1,0.000,0.000,0.000,0.000
2025-11-21 04:54:18,mlx5_2,0.000,0.000,0.000,0.000
2025-11-21 04:54:18,mlx5_3,0.000,0.000,0.000,0.000
2025-11-21 04:54:18,mlx5_4,0.000,0.000,0.000,0.000
2025-11-21 04:54:18,mlx5_5,0.000,0.000,0.000,0.000
2025-11-21 04:54:18,mlx5_6,0.000,0.000,0.000,0.000
2025-11-21 04:54:18,mlx5_7,0.000,0.000,798.149,1110.224
2025-11-21 04:54:18,mlx5_8,0.000,0.000,0.000,0.000
2025-11-21 04:54:18,mlx5_9,0.000,0.000,0.000,0.000
2025-11-21 04:54:18,TOTAL,0.000,0.000,957.221,1496.799
2025-11-21 04:54:19,mlx5_0,6.379,0.003,159.873,386.575
2025-11-21 04:54:19,mlx5_1,0.000,0.000,0.000,0.000
2025-11-21 04:54:19,mlx5_2,0.000,0.000,0.000,0.000
2025-11-21 04:54:19,mlx5_3,0.000,0.000,0.000,0.000
2025-11-21 04:54:19,mlx5_4,0.000,0.000,0.000,0.000
2025-11-21 04:54:19,mlx5_5,0.000,0.000,0.000,0.000
2025-11-21 04:54:19,mlx5_6,0.000,0.000,0.000,0.000
2025-11-21 04:54:19,mlx5_7,30.796,0.015,802.021,1110.226
2025-11-21 04:54:19,mlx5_8,0.000,0.000,0.000,0.000
2025-11-21 04:54:19,mlx5_9,0.000,0.000,0.000,0.000
2025-11-21 04:54:19,TOTAL,37.174,0.018,961.894,1496.801
2025-11-21 04:54:20,mlx5_0,0.000,0.000,159.873,386.575
2025-11-21 04:54:20,mlx5_1,0.000,0.000,0.000,0.000
2025-11-21 04:54:20,mlx5_2,0.000,0.000,0.000,0.000
2025-11-21 04:54:20,mlx5_3,0.000,0.000,0.000,0.000
2025-11-21 04:54:20,mlx5_4,0.000,0.000,0.000,0.000
2025-11-21 04:54:20,mlx5_5,0.000,0.000,0.000,0.000
2025-11-21 04:54:20,mlx5_6,0.000,0.000,0.000,0.000
2025-11-21 04:54:20,mlx5_7,0.000,0.000,802.021,1110.226
2025-11-21 04:54:20,mlx5_8,0.000,0.000,0.000,0.000
2025-11-21 04:54:20,mlx5_9,0.000,0.000,0.000,0.000
2025-11-21 04:54:20,TOTAL,0.000,0.000,961.894,1496.801
2025-11-21 04:54:21,mlx5_0,0.000,0.000,159.873,386.575
2025-11-21 04:54:21,mlx5_1,0.000,0.000,0.000,0.000
2025-11-21 04:54:21,mlx5_2,0.000,0.000,0.000,0.000
2025-11-21 04:54:21,mlx5_3,0.000,0.000,0.000,0.000
2025-11-21 04:54:21,mlx5_4,0.000,0.000,0.000,0.000
2025-11-21 04:54:21,mlx5_5,0.000,0.000,0.000,0.000
2025-11-21 04:54:21,mlx5_6,0.000,0.000,0.000,0.000
2025-11-21 04:54:21,mlx5_7,0.000,0.000,802.021,1110.226
2025-11-21 04:54:21,mlx5_8,0.000,0.000,0.000,0.000
2025-11-21 04:54:21,mlx5_9,0.000,0.000,0.000,0.000
2025-11-21 04:54:21,TOTAL,0.000,0.000,961.894,1496.801
2025-11-21 04:54:22,mlx5_0,1.387,0.001,160.048,386.576
2025-11-21 04:54:22,mlx5_1,0.000,0.000,0.000,0.000
2025-11-21 04:54:22,mlx5_2,0.000,0.000,0.000,0.000
2025-11-21 04:54:22,mlx5_3,0.000,0.000,0.000,0.000
2025-11-21 04:54:22,mlx5_4,0.000,0.000,0.000,0.000
2025-11-21 04:54:22,mlx5_5,0.000,0.000,0.000,0.000
2025-11-21 04:54:22,mlx5_6,0.000,0.000,0.000,0.000
2025-11-21 04:54:22,mlx5_7,17.928,0.009,804.276,1110.227
2025-11-21 04:54:22,mlx5_8,0.000,0.000,0.000,0.000
2025-11-21 04:54:22,mlx5_9,0.000,0.000,0.000,0.000
2025-11-21 04:54:22,TOTAL,19.315,0.009,964.323,1496.802
2025-11-21 04:54:23,mlx5_0,3.794,0.002,160.525,386.576
2025-11-21 04:54:23,mlx5_1,0.000,0.000,0.000,0.000
2025-11-21 04:54:23,mlx5_2,0.000,0.000,0.000,0.000
2025-11-21 04:54:23,mlx5_3,0.000,0.000,0.000,0.000
2025-11-21 04:54:23,mlx5_4,0.000,0.000,0.000,0.000
2025-11-21 04:54:23,mlx5_5,0.000,0.000,0.000,0.000
2025-11-21 04:54:23,mlx5_6,0.000,0.000,0.000,0.000
2025-11-21 04:54:23,mlx5_7,14.052,0.007,806.043,1110.228
2025-11-21 04:54:23,mlx5_8,0.000,0.000,0.000,0.000
2025-11-21 04:54:23,mlx5_9,0.000,0.000,0.000,0.000
2025-11-21 04:54:23,TOTAL,17.846,0.009,966.568,1496.803
2025-11-21 04:54:24,mlx5_0,0.000,0.000,160.525,386.576
2025-11-21 04:54:24,mlx5_1,0.000,0.000,0.000,0.000
2025-11-21 04:54:24,mlx5_2,0.000,0.000,0.000,0.000
2025-11-21 04:54:24,mlx5_3,0.000,0.000,0.000,0.000
2025-11-21 04:54:24,mlx5_4,0.000,0.000,0.000,0.000
2025-11-21 04:54:24,mlx5_5,0.000,0.000,0.000,0.000
2025-11-21 04:54:24,mlx5_6,0.000,0.000,0.000,0.000
2025-11-21 04:54:24,mlx5_7,0.000,0.000,806.043,1110.228
2025-11-21 04:54:24,mlx5_8,0.000,0.000,0.000,0.000
2025-11-21 04:54:24,mlx5_9,0.000,0.000,0.000,0.000
2025-11-21 04:54:24,TOTAL,0.000,0.000,966.568,1496.803
2025-11-21 04:54:25,mlx5_0,0.000,0.000,160.525,386.576
2025-11-21 04:54:25,mlx5_1,0.000,0.000,0.000,0.000
2025-11-21 04:54:25,mlx5_2,0.000,0.000,0.000,0.000
2025-11-21 04:54:25,mlx5_3,0.000,0.000,0.000,0.000
2025-11-21 04:54:25,mlx5_4,0.000,0.000,0.000,0.000
2025-11-21 04:54:25,mlx5_5,0.000,0.000,0.000,0.000
2025-11-21 04:54:25,mlx5_6,0.000,0.000,0.000,0.000
2025-11-21 04:54:25,mlx5_7,0.000,0.000,806.043,1110.228
2025-11-21 04:54:25,mlx5_8,0.000,0.000,0.000,0.000
2025-11-21 04:54:25,mlx5_9,0.000,0.000,0.000,0.000
2025-11-21 04:54:25,TOTAL,0.000,0.000,966.568,1496.803
2025-11-21 04:54:26,mlx5_0,0.000,0.000,160.525,386.576
2025-11-21 04:54:26,mlx5_1,0.000,0.000,0.000,0.000
2025-11-21 04:54:26,mlx5_2,0.000,0.000,0.000,0.000
2025-11-21 04:54:26,mlx5_3,0.000,0.000,0.000,0.000
2025-11-21 04:54:26,mlx5_4,0.000,0.000,0.000,0.000
2025-11-21 04:54:26,mlx5_5,0.000,0.000,0.000,0.000
2025-11-21 04:54:26,mlx5_6,0.000,0.000,0.000,0.000
2025-11-21 04:54:26,mlx5_7,0.000,0.000,806.043,1110.228
2025-11-21 04:54:26,mlx5_8,0.000,0.000,0.000,0.000
2025-11-21 04:54:26,mlx5_9,0.000,0.000,0.000,0.000
2025-11-21 04:54:26,TOTAL,0.000,0.000,966.568,1496.803
2025-11-21 04:54:27,mlx5_0,4.840,0.002,161.134,386.576
2025-11-21 04:54:27,mlx5_1,0.000,0.000,0.000,0.000
2025-11-21 04:54:27,mlx5_2,0.000,0.000,0.000,0.000
2025-11-21 04:54:27,mlx5_3,0.000,0.000,0.000,0.000
2025-11-21 04:54:27,mlx5_4,0.000,0.000,0.000,0.000
2025-11-21 04:54:27,mlx5_5,0.000,0.000,0.000,0.000
2025-11-21 04:54:27,mlx5_6,0.000,0.000,0.000,0.000
2025-11-21 04:54:27,mlx5_7,32.319,0.016,810.108,1110.230
2025-11-21 04:54:27,mlx5_8,0.000,0.000,0.000,0.000
2025-11-21 04:54:27,mlx5_9,0.000,0.000,0.000,0.000
2025-11-21 04:54:27,TOTAL,37.159,0.018,971.242,1496.806
2025-11-21 04:54:28,mlx5_0,0.000,0.000,161.134,386.576
2025-11-21 04:54:28,mlx5_1,0.000,0.000,0.000,0.000
2025-11-21 04:54:28,mlx5_2,0.000,0.000,0.000,0.000
2025-11-21 04:54:28,mlx5_3,0.000,0.000,0.000,0.000
2025-11-21 04:54:28,mlx5_4,0.000,0.000,0.000,0.000
2025-11-21 04:54:28,mlx5_5,0.000,0.000,0.000,0.000
2025-11-21 04:54:28,mlx5_6,0.000,0.000,0.000,0.000
2025-11-21 04:54:28,mlx5_7,0.000,0.000,810.108,1110.230
2025-11-21 04:54:28,mlx5_8,0.000,0.000,0.000,0.000
2025-11-21 04:54:28,mlx5_9,0.000,0.000,0.000,0.000
2025-11-21 04:54:28,TOTAL,0.000,0.000,971.242,1496.806
2025-11-21 04:54:29,mlx5_0,0.000,0.000,161.134,386.576
2025-11-21 04:54:29,mlx5_1,0.000,0.000,0.000,0.000
2025-11-21 04:54:29,mlx5_2,0.000,0.000,0.000,0.000
2025-11-21 04:54:29,mlx5_3,0.000,0.000,0.000,0.000
2025-11-21 04:54:29,mlx5_4,0.000,0.000,0.000,0.000
2025-11-21 04:54:29,mlx5_5,0.000,0.000,0.000,0.000
2025-11-21 04:54:29,mlx5_6,0.000,0.000,0.000,0.000
2025-11-21 04:54:29,mlx5_7,0.000,0.000,810.108,1110.230
2025-11-21 04:54:29,mlx5_8,0.000,0.000,0.000,0.000
2025-11-21 04:54:29,mlx5_9,0.000,0.000,0.000,0.000
2025-11-21 04:54:29,TOTAL,0.000,0.000,971.242,1496.806
2025-11-21 04:54:30,mlx5_0,0.000,0.000,161.134,386.576
2025-11-21 04:54:30,mlx5_1,0.000,0.000,0.000,0.000
2025-11-21 04:54:30,mlx5_2,0.000,0.000,0.000,0.000
2025-11-21 04:54:30,mlx5_3,0.000,0.000,0.000,0.000
2025-11-21 04:54:30,mlx5_4,0.000,0.000,0.000,0.000
2025-11-21 04:54:30,mlx5_5,0.000,0.000,0.000,0.000
2025-11-21 04:54:30,mlx5_6,0.000,0.000,0.000,0.000
2025-11-21 04:54:30,mlx5_7,0.000,0.000,810.108,1110.230
2025-11-21 04:54:30,mlx5_8,0.000,0.000,0.000,0.000
2025-11-21 04:54:30,mlx5_9,0.000,0.000,0.000,0.000
2025-11-21 04:54:30,TOTAL,0.000,0.000,971.242,1496.806
2025-11-21 04:54:31,mlx5_0,5.250,0.003,161.793,386.576
2025-11-21 04:54:31,mlx5_1,0.000,0.000,0.000,0.000
2025-11-21 04:54:31,mlx5_2,0.000,0.000,0.000,0.000
2025-11-21 04:54:31,mlx5_3,0.000,0.000,0.000,0.000
2025-11-21 04:54:31,mlx5_4,0.000,0.000,0.000,0.000
2025-11-21 04:54:31,mlx5_5,0.000,0.000,0.000,0.000
2025-11-21 04:54:31,mlx5_6,0.000,0.000,0.000,0.000
2025-11-21 04:54:31,mlx5_7,28.436,0.014,813.680,1110.231
2025-11-21 04:54:31,mlx5_8,0.000,0.000,0.000,0.000
2025-11-21 04:54:31,mlx5_9,0.000,0.000,0.000,0.000
2025-11-21 04:54:31,TOTAL,33.686,0.016,975.473,1496.808
2025-11-21 04:54:32,mlx5_0,1.086,0.001,161.930,386.577
2025-11-21 04:54:32,mlx5_1,0.000,0.000,0.000,0.000
2025-11-21 04:54:32,mlx5_2,0.000,0.000,0.000,0.000
2025-11-21 04:54:32,mlx5_3,0.000,0.000,0.000,0.000
2025-11-21 04:54:32,mlx5_4,0.000,0.000,0.000,0.000
2025-11-21 04:54:32,mlx5_5,0.000,0.000,0.000,0.000
2025-11-21 04:54:32,mlx5_6,0.000,0.000,0.000,0.000
2025-11-21 04:54:32,mlx5_7,2.424,0.001,813.986,1110.232
2025-11-21 04:54:32,mlx5_8,0.000,0.000,0.000,0.000
2025-11-21 04:54:32,mlx5_9,0.000,0.000,0.000,0.000
2025-11-21 04:54:32,TOTAL,3.510,0.002,975.915,1496.808
2025-11-21 04:54:33,mlx5_0,0.000,0.000,161.930,386.577
2025-11-21 04:54:33,mlx5_1,0.000,0.000,0.000,0.000
2025-11-21 04:54:33,mlx5_2,0.000,0.000,0.000,0.000
2025-11-21 04:54:33,mlx5_3,0.000,0.000,0.000,0.000
2025-11-21 04:54:33,mlx5_4,0.000,0.000,0.000,0.000
2025-11-21 04:54:33,mlx5_5,0.000,0.000,0.000,0.000
2025-11-21 04:54:33,mlx5_6,0.000,0.000,0.000,0.000
2025-11-21 04:54:33,mlx5_7,0.000,0.000,813.986,1110.232
2025-11-21 04:54:33,mlx5_8,0.000,0.000,0.000,0.000
2025-11-21 04:54:33,mlx5_9,0.000,0.000,0.000,0.000
2025-11-21 04:54:33,TOTAL,0.000,0.000,975.915,1496.808
2025-11-21 04:54:34,mlx5_0,0.000,0.000,161.930,386.577
2025-11-21 04:54:34,mlx5_1,0.000,0.000,0.000,0.000
2025-11-21 04:54:34,mlx5_2,0.000,0.000,0.000,0.000
2025-11-21 04:54:34,mlx5_3,0.000,0.000,0.000,0.000
2025-11-21 04:54:34,mlx5_4,0.000,0.000,0.000,0.000
2025-11-21 04:54:34,mlx5_5,0.000,0.000,0.000,0.000
2025-11-21 04:54:34,mlx5_6,0.000,0.000,0.000,0.000
2025-11-21 04:54:34,mlx5_7,0.000,0.000,813.986,1110.232
2025-11-21 04:54:34,mlx5_8,0.000,0.000,0.000,0.000
2025-11-21 04:54:34,mlx5_9,0.000,0.000,0.000,0.000
2025-11-21 04:54:34,TOTAL,0.000,0.000,975.915,1496.808
2025-11-21 04:54:35,mlx5_0,0.000,0.000,161.930,386.577
2025-11-21 04:54:35,mlx5_1,0.000,0.000,0.000,0.000
2025-11-21 04:54:35,mlx5_2,0.000,0.000,0.000,0.000
2025-11-21 04:54:35,mlx5_3,0.000,0.000,0.000,0.000
2025-11-21 04:54:35,mlx5_4,0.000,0.000,0.000,0.000
2025-11-21 04:54:35,mlx5_5,0.000,0.000,0.000,0.000
2025-11-21 04:54:35,mlx5_6,0.000,0.000,0.000,0.000
2025-11-21 04:54:35,mlx5_7,0.000,0.000,813.986,1110.232
2025-11-21 04:54:35,mlx5_8,0.000,0.000,0.000,0.000
2025-11-21 04:54:35,mlx5_9,0.000,0.000,0.000,0.000
2025-11-21 04:54:35,TOTAL,0.000,0.000,975.915,1496.808
2025-11-21 04:54:37,mlx5_0,5.612,4.769,162.635,387.176
2025-11-21 04:54:37,mlx5_1,0.000,0.000,0.000,0.000
2025-11-21 04:54:37,mlx5_2,0.000,0.000,0.000,0.000
2025-11-21 04:54:37,mlx5_3,0.000,0.000,0.000,0.000
2025-11-21 04:54:37,mlx5_4,0.000,0.000,0.000,0.000
2025-11-21 04:54:37,mlx5_5,0.000,0.000,0.000,0.000
2025-11-21 04:54:37,mlx5_6,0.000,0.000,0.000,0.000
2025-11-21 04:54:37,mlx5_7,31.595,19.926,817.957,1112.736
2025-11-21 04:54:37,mlx5_8,0.000,0.000,0.000,0.000
2025-11-21 04:54:37,mlx5_9,0.000,0.000,0.000,0.000
2025-11-21 04:54:37,TOTAL,37.207,24.695,980.592,1499.912
2025-11-21 04:54:38,mlx5_0,0.017,27.963,162.637,390.694
2025-11-21 04:54:38,mlx5_1,0.000,0.000,0.000,0.000
2025-11-21 04:54:38,mlx5_2,0.000,0.000,0.000,0.000
2025-11-21 04:54:38,mlx5_3,0.000,0.000,0.000,0.000
2025-11-21 04:54:38,mlx5_4,0.000,0.000,0.000,0.000
2025-11-21 04:54:38,mlx5_5,0.000,0.000,0.000,0.000
2025-11-21 04:54:38,mlx5_6,0.000,0.000,0.000,0.000
2025-11-21 04:54:38,mlx5_7,0.067,71.969,817.965,1121.789
2025-11-21 04:54:38,mlx5_8,0.000,0.000,0.000,0.000
2025-11-21 04:54:38,mlx5_9,0.000,0.000,0.000,0.000
2025-11-21 04:54:38,TOTAL,0.085,99.932,980.603,1512.483
2025-11-21 04:54:39,mlx5_0,0.015,25.105,162.639,393.851
2025-11-21 04:54:39,mlx5_1,0.000,0.000,0.000,0.000
2025-11-21 04:54:39,mlx5_2,0.000,0.000,0.000,0.000
2025-11-21 04:54:39,mlx5_3,0.000,0.000,0.000,0.000
2025-11-21 04:54:39,mlx5_4,0.000,0.000,0.000,0.000
2025-11-21 04:54:39,mlx5_5,0.000,0.000,0.000,0.000
2025-11-21 04:54:39,mlx5_6,0.000,0.000,0.000,0.000
2025-11-21 04:54:39,mlx5_7,0.065,69.535,817.973,1130.534
2025-11-21 04:54:39,mlx5_8,0.000,0.000,0.000,0.000
2025-11-21 04:54:39,mlx5_9,0.000,0.000,0.000,0.000
2025-11-21 04:54:39,TOTAL,0.081,94.640,980.613,1524.385
2025-11-21 04:54:40,mlx5_0,0.007,10.285,162.640,395.144
2025-11-21 04:54:40,mlx5_1,0.000,0.000,0.000,0.000
2025-11-21 04:54:40,mlx5_2,0.000,0.000,0.000,0.000
2025-11-21 04:54:40,mlx5_3,0.000,0.000,0.000,0.000
2025-11-21 04:54:40,mlx5_4,0.000,0.000,0.000,0.000
2025-11-21 04:54:40,mlx5_5,0.000,0.000,0.000,0.000
2025-11-21 04:54:40,mlx5_6,0.000,0.000,0.000,0.000
2025-11-21 04:54:40,mlx5_7,0.022,24.098,817.976,1133.566
2025-11-21 04:54:40,mlx5_8,0.000,0.000,0.000,0.000
2025-11-21 04:54:40,mlx5_9,0.000,0.000,0.000,0.000
2025-11-21 04:54:40,TOTAL,0.029,34.383,980.616,1528.710
2025-11-21 04:54:41,mlx5_0,0.000,0.000,162.640,395.144
2025-11-21 04:54:41,mlx5_1,0.000,0.000,0.000,0.000
2025-11-21 04:54:41,mlx5_2,0.000,0.000,0.000,0.000
2025-11-21 04:54:41,mlx5_3,0.000,0.000,0.000,0.000
2025-11-21 04:54:41,mlx5_4,0.000,0.000,0.000,0.000
2025-11-21 04:54:41,mlx5_5,0.000,0.000,0.000,0.000
2025-11-21 04:54:41,mlx5_6,0.000,0.000,0.000,0.000
2025-11-21 04:54:41,mlx5_7,0.000,0.000,817.976,1133.566
2025-11-21 04:54:41,mlx5_8,0.000,0.000,0.000,0.000
2025-11-21 04:54:41,mlx5_9,0.000,0.000,0.000,0.000
2025-11-21 04:54:41,TOTAL,0.000,0.000,980.616,1528.710
2025-11-21 04:54:42,mlx5_0,0.000,0.000,162.640,395.144
2025-11-21 04:54:42,mlx5_1,0.000,0.000,0.000,0.000
2025-11-21 04:54:42,mlx5_2,0.000,0.000,0.000,0.000
2025-11-21 04:54:42,mlx5_3,0.000,0.000,0.000,0.000
2025-11-21 04:54:42,mlx5_4,0.000,0.000,0.000,0.000
2025-11-21 04:54:42,mlx5_5,0.000,0.000,0.000,0.000
2025-11-21 04:54:42,mlx5_6,0.000,0.000,0.000,0.000
2025-11-21 04:54:42,mlx5_7,0.000,0.000,817.976,1133.566
2025-11-21 04:54:42,mlx5_8,0.000,0.000,0.000,0.000
2025-11-21 04:54:42,mlx5_9,0.000,0.000,0.000,0.000
2025-11-21 04:54:42,TOTAL,0.000,0.000,980.616,1528.710
2025-11-21 04:54:43,mlx5_0,0.000,0.000,162.640,395.144
2025-11-21 04:54:43,mlx5_1,0.000,0.000,0.000,0.000
2025-11-21 04:54:43,mlx5_2,0.000,0.000,0.000,0.000
2025-11-21 04:54:43,mlx5_3,0.000,0.000,0.000,0.000
2025-11-21 04:54:43,mlx5_4,0.000,0.000,0.000,0.000
2025-11-21 04:54:43,mlx5_5,0.000,0.000,0.000,0.000
2025-11-21 04:54:43,mlx5_6,0.000,0.000,0.000,0.000
2025-11-21 04:54:43,mlx5_7,0.000,0.000,817.976,1133.566
2025-11-21 04:54:43,mlx5_8,0.000,0.000,0.000,0.000
2025-11-21 04:54:43,mlx5_9,0.000,0.000,0.000,0.000
2025-11-21 04:54:43,TOTAL,0.000,0.000,980.616,1528.710
2025-11-21 04:54:44,mlx5_0,0.000,0.000,162.640,395.144
2025-11-21 04:54:44,mlx5_1,0.000,0.000,0.000,0.000
2025-11-21 04:54:44,mlx5_2,0.000,0.000,0.000,0.000
2025-11-21 04:54:44,mlx5_3,0.000,0.000,0.000,0.000
2025-11-21 04:54:44,mlx5_4,0.000,0.000,0.000,0.000
2025-11-21 04:54:44,mlx5_5,0.000,0.000,0.000,0.000
2025-11-21 04:54:44,mlx5_6,0.000,0.000,0.000,0.000
2025-11-21 04:54:44,mlx5_7,0.000,0.000,817.976,1133.566
2025-11-21 04:54:44,mlx5_8,0.000,0.000,0.000,0.000
2025-11-21 04:54:44,mlx5_9,0.000,0.000,0.000,0.000
2025-11-21 04:54:44,TOTAL,0.000,0.000,980.616,1528.710
2025-11-21 04:54:45,mlx5_0,5.961,0.003,163.391,395.145
2025-11-21 04:54:45,mlx5_1,0.000,0.000,0.000,0.000
2025-11-21 04:54:45,mlx5_2,0.000,0.000,0.000,0.000
2025-11-21 04:54:45,mlx5_3,0.000,0.000,0.000,0.000
2025-11-21 04:54:45,mlx5_4,0.000,0.000,0.000,0.000
2025-11-21 04:54:45,mlx5_5,0.000,0.000,0.000,0.000
2025-11-21 04:54:45,mlx5_6,0.000,0.000,0.000,0.000
2025-11-21 04:54:45,mlx5_7,29.570,0.014,821.699,1133.567
2025-11-21 04:54:45,mlx5_8,0.000,0.000,0.000,0.000
2025-11-21 04:54:45,mlx5_9,0.000,0.000,0.000,0.000
2025-11-21 04:54:45,TOTAL,35.531,0.017,985.089,1528.712
2025-11-21 04:54:46,mlx5_0,0.000,0.000,163.391,395.145
2025-11-21 04:54:46,mlx5_1,0.000,0.000,0.000,0.000
2025-11-21 04:54:46,mlx5_2,0.000,0.000,0.000,0.000
2025-11-21 04:54:46,mlx5_3,0.000,0.000,0.000,0.000
2025-11-21 04:54:46,mlx5_4,0.000,0.000,0.000,0.000
2025-11-21 04:54:46,mlx5_5,0.000,0.000,0.000,0.000
2025-11-21 04:54:46,mlx5_6,0.000,0.000,0.000,0.000
2025-11-21 04:54:46,mlx5_7,0.000,0.000,821.699,1133.567
2025-11-21 04:54:46,mlx5_8,0.000,0.000,0.000,0.000
2025-11-21 04:54:46,mlx5_9,0.000,0.000,0.000,0.000
2025-11-21 04:54:46,TOTAL,0.000,0.000,985.089,1528.712
2025-11-21 04:54:47,mlx5_0,0.000,0.000,163.391,395.145
2025-11-21 04:54:47,mlx5_1,0.000,0.000,0.000,0.000
2025-11-21 04:54:47,mlx5_2,0.000,0.000,0.000,0.000
2025-11-21 04:54:47,mlx5_3,0.000,0.000,0.000,0.000
2025-11-21 04:54:47,mlx5_4,0.000,0.000,0.000,0.000
2025-11-21 04:54:47,mlx5_5,0.000,0.000,0.000,0.000
2025-11-21 04:54:47,mlx5_6,0.000,0.000,0.000,0.000
2025-11-21 04:54:47,mlx5_7,0.000,0.000,821.699,1133.567
2025-11-21 04:54:47,mlx5_8,0.000,0.000,0.000,0.000
2025-11-21 04:54:47,mlx5_9,0.000,0.000,0.000,0.000
2025-11-21 04:54:47,TOTAL,0.000,0.000,985.089,1528.712
2025-11-21 04:54:48,mlx5_0,5.932,0.003,164.137,395.145
2025-11-21 04:54:48,mlx5_1,0.000,0.000,0.000,0.000
2025-11-21 04:54:48,mlx5_2,0.000,0.000,0.000,0.000
2025-11-21 04:54:48,mlx5_3,0.000,0.000,0.000,0.000
2025-11-21 04:54:48,mlx5_4,0.000,0.000,0.000,0.000
2025-11-21 04:54:48,mlx5_5,0.000,0.000,0.000,0.000
2025-11-21 04:54:48,mlx5_6,0.000,0.000,0.000,0.000
2025-11-21 04:54:48,mlx5_7,31.228,0.015,825.626,1133.569
2025-11-21 04:54:48,mlx5_8,0.000,0.000,0.000,0.000
2025-11-21 04:54:48,mlx5_9,0.000,0.000,0.000,0.000
2025-11-21 04:54:48,TOTAL,37.161,0.018,989.763,1528.714
2025-11-21 04:54:49,mlx5_0,0.000,0.000,164.137,395.145
2025-11-21 04:54:49,mlx5_1,0.000,0.000,0.000,0.000
2025-11-21 04:54:49,mlx5_2,0.000,0.000,0.000,0.000
2025-11-21 04:54:49,mlx5_3,0.000,0.000,0.000,0.000
2025-11-21 04:54:49,mlx5_4,0.000,0.000,0.000,0.000
2025-11-21 04:54:49,mlx5_5,0.000,0.000,0.000,0.000
2025-11-21 04:54:49,mlx5_6,0.000,0.000,0.000,0.000
2025-11-21 04:54:49,mlx5_7,0.000,0.000,825.626,1133.569
2025-11-21 04:54:49,mlx5_8,0.000,0.000,0.000,0.000
2025-11-21 04:54:49,mlx5_9,0.000,0.000,0.000,0.000
2025-11-21 04:54:49,TOTAL,0.000,0.000,989.763,1528.714
2025-11-21 04:54:50,mlx5_0,0.000,0.000,164.137,395.145
2025-11-21 04:54:50,mlx5_1,0.000,0.000,0.000,0.000
2025-11-21 04:54:50,mlx5_2,0.000,0.000,0.000,0.000
2025-11-21 04:54:50,mlx5_3,0.000,0.000,0.000,0.000
2025-11-21 04:54:50,mlx5_4,0.000,0.000,0.000,0.000
2025-11-21 04:54:50,mlx5_5,0.000,0.000,0.000,0.000
2025-11-21 04:54:50,mlx5_6,0.000,0.000,0.000,0.000
2025-11-21 04:54:50,mlx5_7,0.000,0.000,825.626,1133.569
2025-11-21 04:54:50,mlx5_8,0.000,0.000,0.000,0.000
2025-11-21 04:54:50,mlx5_9,0.000,0.000,0.000,0.000
2025-11-21 04:54:50,TOTAL,0.000,0.000,989.763,1528.714
2025-11-21 04:54:51,mlx5_0,2.578,0.001,164.461,395.145
2025-11-21 04:54:51,mlx5_1,0.000,0.000,0.000,0.000
2025-11-21 04:54:51,mlx5_2,0.000,0.000,0.000,0.000
2025-11-21 04:54:51,mlx5_3,0.000,0.000,0.000,0.000
2025-11-21 04:54:51,mlx5_4,0.000,0.000,0.000,0.000
2025-11-21 04:54:51,mlx5_5,0.000,0.000,0.000,0.000
2025-11-21 04:54:51,mlx5_6,0.000,0.000,0.000,0.000
2025-11-21 04:54:51,mlx5_7,23.173,0.011,828.546,1133.571
2025-11-21 04:54:51,mlx5_8,0.000,0.000,0.000,0.000
2025-11-21 04:54:51,mlx5_9,0.000,0.000,0.000,0.000
2025-11-21 04:54:51,TOTAL,25.750,0.012,993.007,1528.716
2025-11-21 04:54:52,mlx5_0,3.238,0.002,164.869,395.146
2025-11-21 04:54:52,mlx5_1,0.000,0.000,0.000,0.000
2025-11-21 04:54:52,mlx5_2,0.000,0.000,0.000,0.000
2025-11-21 04:54:52,mlx5_3,0.000,0.000,0.000,0.000
2025-11-21 04:54:52,mlx5_4,0.000,0.000,0.000,0.000
2025-11-21 04:54:52,mlx5_5,0.000,0.000,0.000,0.000
2025-11-21 04:54:52,mlx5_6,0.000,0.000,0.000,0.000
2025-11-21 04:54:52,mlx5_7,8.122,0.004,829.568,1133.571
2025-11-21 04:54:52,mlx5_8,0.000,0.000,0.000,0.000
2025-11-21 04:54:52,mlx5_9,0.000,0.000,0.000,0.000
2025-11-21 04:54:52,TOTAL,11.360,0.006,994.437,1528.717
2025-11-21 04:54:53,mlx5_0,0.000,0.000,164.869,395.146
2025-11-21 04:54:53,mlx5_1,0.000,0.000,0.000,0.000
2025-11-21 04:54:53,mlx5_2,0.000,0.000,0.000,0.000
2025-11-21 04:54:53,mlx5_3,0.000,0.000,0.000,0.000
2025-11-21 04:54:53,mlx5_4,0.000,0.000,0.000,0.000
2025-11-21 04:54:53,mlx5_5,0.000,0.000,0.000,0.000
2025-11-21 04:54:53,mlx5_6,0.000,0.000,0.000,0.000
2025-11-21 04:54:53,mlx5_7,0.000,0.000,829.568,1133.571
2025-11-21 04:54:53,mlx5_8,0.000,0.000,0.000,0.000
2025-11-21 04:54:53,mlx5_9,0.000,0.000,0.000,0.000
2025-11-21 04:54:53,TOTAL,0.000,0.000,994.437,1528.717
2025-11-21 04:54:54,mlx5_0,0.000,0.000,164.869,395.146
2025-11-21 04:54:54,mlx5_1,0.000,0.000,0.000,0.000
2025-11-21 04:54:54,mlx5_2,0.000,0.000,0.000,0.000
2025-11-21 04:54:54,mlx5_3,0.000,0.000,0.000,0.000
2025-11-21 04:54:54,mlx5_4,0.000,0.000,0.000,0.000
2025-11-21 04:54:54,mlx5_5,0.000,0.000,0.000,0.000
2025-11-21 04:54:54,mlx5_6,0.000,0.000,0.000,0.000
2025-11-21 04:54:54,mlx5_7,0.000,0.000,829.568,1133.571
2025-11-21 04:54:54,mlx5_8,0.000,0.000,0.000,0.000
2025-11-21 04:54:54,mlx5_9,0.000,0.000,0.000,0.000
2025-11-21 04:54:54,TOTAL,0.000,0.000,994.437,1528.717
2025-11-21 04:54:55,mlx5_0,4.645,0.002,165.453,395.146
2025-11-21 04:54:55,mlx5_1,0.000,0.000,0.000,0.000
2025-11-21 04:54:55,mlx5_2,0.000,0.000,0.000,0.000
2025-11-21 04:54:55,mlx5_3,0.000,0.000,0.000,0.000
2025-11-21 04:54:55,mlx5_4,0.000,0.000,0.000,0.000
2025-11-21 04:54:55,mlx5_5,0.000,0.000,0.000,0.000
2025-11-21 04:54:55,mlx5_6,0.000,0.000,0.000,0.000
2025-11-21 04:54:55,mlx5_7,31.011,0.015,833.469,1133.573
2025-11-21 04:54:55,mlx5_8,0.000,0.000,0.000,0.000
2025-11-21 04:54:55,mlx5_9,0.000,0.000,0.000,0.000
2025-11-21 04:54:55,TOTAL,35.657,0.017,998.922,1528.719
2025-11-21 04:54:56,mlx5_0,0.657,0.000,165.536,395.146
2025-11-21 04:54:56,mlx5_1,0.000,0.000,0.000,0.000
2025-11-21 04:54:56,mlx5_2,0.000,0.000,0.000,0.000
2025-11-21 04:54:56,mlx5_3,0.000,0.000,0.000,0.000
2025-11-21 04:54:56,mlx5_4,0.000,0.000,0.000,0.000
2025-11-21 04:54:56,mlx5_5,0.000,0.000,0.000,0.000
2025-11-21 04:54:56,mlx5_6,0.000,0.000,0.000,0.000
2025-11-21 04:54:56,mlx5_7,0.838,0.001,833.574,1133.573
2025-11-21 04:54:56,mlx5_8,0.000,0.000,0.000,0.000
2025-11-21 04:54:56,mlx5_9,0.000,0.000,0.000,0.000
2025-11-21 04:54:56,TOTAL,1.496,0.001,999.110,1528.719
2025-11-21 04:54:57,mlx5_0,0.000,0.000,165.536,395.146
2025-11-21 04:54:57,mlx5_1,0.000,0.000,0.000,0.000
2025-11-21 04:54:57,mlx5_2,0.000,0.000,0.000,0.000
2025-11-21 04:54:57,mlx5_3,0.000,0.000,0.000,0.000
2025-11-21 04:54:57,mlx5_4,0.000,0.000,0.000,0.000
2025-11-21 04:54:57,mlx5_5,0.000,0.000,0.000,0.000
2025-11-21 04:54:57,mlx5_6,0.000,0.000,0.000,0.000
2025-11-21 04:54:57,mlx5_7,0.000,0.000,833.574,1133.573
2025-11-21 04:54:57,mlx5_8,0.000,0.000,0.000,0.000
2025-11-21 04:54:57,mlx5_9,0.000,0.000,0.000,0.000
2025-11-21 04:54:57,TOTAL,0.000,0.000,999.110,1528.719
2025-11-21 04:54:58,mlx5_0,0.000,0.000,165.536,395.146
2025-11-21 04:54:58,mlx5_1,0.000,0.000,0.000,0.000
2025-11-21 04:54:58,mlx5_2,0.000,0.000,0.000,0.000
2025-11-21 04:54:58,mlx5_3,0.000,0.000,0.000,0.000
2025-11-21 04:54:58,mlx5_4,0.000,0.000,0.000,0.000
2025-11-21 04:54:58,mlx5_5,0.000,0.000,0.000,0.000
2025-11-21 04:54:58,mlx5_6,0.000,0.000,0.000,0.000
2025-11-21 04:54:58,mlx5_7,0.000,0.000,833.574,1133.573
2025-11-21 04:54:58,mlx5_8,0.000,0.000,0.000,0.000
2025-11-21 04:54:58,mlx5_9,0.000,0.000,0.000,0.000
2025-11-21 04:54:58,TOTAL,0.000,0.000,999.110,1528.719
2025-11-21 04:54:59,mlx5_0,0.000,0.000,165.536,395.146
2025-11-21 04:54:59,mlx5_1,0.000,0.000,0.000,0.000
2025-11-21 04:54:59,mlx5_2,0.000,0.000,0.000,0.000
2025-11-21 04:54:59,mlx5_3,0.000,0.000,0.000,0.000
2025-11-21 04:54:59,mlx5_4,0.000,0.000,0.000,0.000
2025-11-21 04:54:59,mlx5_5,0.000,0.000,0.000,0.000
2025-11-21 04:54:59,mlx5_6,0.000,0.000,0.000,0.000
2025-11-21 04:54:59,mlx5_7,0.000,0.000,833.574,1133.573
2025-11-21 04:54:59,mlx5_8,0.000,0.000,0.000,0.000
2025-11-21 04:54:59,mlx5_9,0.000,0.000,0.000,0.000
2025-11-21 04:54:59,TOTAL,0.000,0.000,999.110,1528.719
2025-11-21 04:55:00,mlx5_0,4.734,0.002,166.136,395.146
2025-11-21 04:55:00,mlx5_1,0.000,0.000,0.000,0.000
2025-11-21 04:55:00,mlx5_2,0.000,0.000,0.000,0.000
2025-11-21 04:55:00,mlx5_3,0.000,0.000,0.000,0.000
2025-11-21 04:55:00,mlx5_4,0.000,0.000,0.000,0.000
2025-11-21 04:55:00,mlx5_5,0.000,0.000,0.000,0.000
2025-11-21 04:55:00,mlx5_6,0.000,0.000,0.000,0.000
2025-11-21 04:55:00,mlx5_7,28.826,0.014,837.226,1133.575
2025-11-21 04:55:00,mlx5_8,0.000,0.000,0.000,0.000
2025-11-21 04:55:00,mlx5_9,0.000,0.000,0.000,0.000
2025-11-21 04:55:00,TOTAL,33.560,0.016,1003.362,1528.721
2025-11-21 04:55:01,mlx5_0,1.161,0.001,166.282,395.146
2025-11-21 04:55:01,mlx5_1,0.000,0.000,0.000,0.000
2025-11-21 04:55:01,mlx5_2,0.000,0.000,0.000,0.000
2025-11-21 04:55:01,mlx5_3,0.000,0.000,0.000,0.000
2025-11-21 04:55:01,mlx5_4,0.000,0.000,0.000,0.000
2025-11-21 04:55:01,mlx5_5,0.000,0.000,0.000,0.000
2025-11-21 04:55:01,mlx5_6,0.000,0.000,0.000,0.000
2025-11-21 04:55:01,mlx5_7,2.190,0.001,837.502,1133.575
2025-11-21 04:55:01,mlx5_8,0.000,0.000,0.000,0.000
2025-11-21 04:55:01,mlx5_9,0.000,0.000,0.000,0.000
2025-11-21 04:55:01,TOTAL,3.352,0.002,1003.784,1528.721
2025-11-21 04:55:02,mlx5_0,0.000,0.000,166.282,395.146
2025-11-21 04:55:02,mlx5_1,0.000,0.000,0.000,0.000
2025-11-21 04:55:02,mlx5_2,0.000,0.000,0.000,0.000
2025-11-21 04:55:02,mlx5_3,0.000,0.000,0.000,0.000
2025-11-21 04:55:02,mlx5_4,0.000,0.000,0.000,0.000
2025-11-21 04:55:02,mlx5_5,0.000,0.000,0.000,0.000
2025-11-21 04:55:02,mlx5_6,0.000,0.000,0.000,0.000
2025-11-21 04:55:02,mlx5_7,0.000,0.000,837.502,1133.575
2025-11-21 04:55:02,mlx5_8,0.000,0.000,0.000,0.000
2025-11-21 04:55:02,mlx5_9,0.000,0.000,0.000,0.000
2025-11-21 04:55:02,TOTAL,0.000,0.000,1003.784,1528.721
2025-11-21 04:55:03,mlx5_0,0.000,0.000,166.282,395.146
2025-11-21 04:55:03,mlx5_1,0.000,0.000,0.000,0.000
2025-11-21 04:55:03,mlx5_2,0.000,0.000,0.000,0.000
2025-11-21 04:55:03,mlx5_3,0.000,0.000,0.000,0.000
2025-11-21 04:55:03,mlx5_4,0.000,0.000,0.000,0.000
2025-11-21 04:55:03,mlx5_5,0.000,0.000,0.000,0.000
2025-11-21 04:55:03,mlx5_6,0.000,0.000,0.000,0.000
2025-11-21 04:55:03,mlx5_7,0.000,0.000,837.502,1133.575
2025-11-21 04:55:03,mlx5_8,0.000,0.000,0.000,0.000
2025-11-21 04:55:03,mlx5_9,0.000,0.000,0.000,0.000
2025-11-21 04:55:03,TOTAL,0.000,0.000,1003.784,1528.721
2025-11-21 04:55:04,mlx5_0,4.320,0.002,166.825,395.147
2025-11-21 04:55:04,mlx5_1,0.000,0.000,0.000,0.000
2025-11-21 04:55:04,mlx5_2,0.000,0.000,0.000,0.000
2025-11-21 04:55:04,mlx5_3,0.000,0.000,0.000,0.000
2025-11-21 04:55:04,mlx5_4,0.000,0.000,0.000,0.000
2025-11-21 04:55:04,mlx5_5,0.000,0.000,0.000,0.000
2025-11-21 04:55:04,mlx5_6,0.000,0.000,0.000,0.000
2025-11-21 04:55:04,mlx5_7,32.856,0.016,841.633,1133.577
2025-11-21 04:55:04,mlx5_8,0.000,0.000,0.000,0.000
2025-11-21 04:55:04,mlx5_9,0.000,0.000,0.000,0.000
2025-11-21 04:55:04,TOTAL,37.177,0.018,1008.458,1528.724
2025-11-21 04:55:05,mlx5_0,0.000,0.000,166.825,395.147
2025-11-21 04:55:05,mlx5_1,0.000,0.000,0.000,0.000
2025-11-21 04:55:05,mlx5_2,0.000,0.000,0.000,0.000
2025-11-21 04:55:05,mlx5_3,0.000,0.000,0.000,0.000
2025-11-21 04:55:05,mlx5_4,0.000,0.000,0.000,0.000
2025-11-21 04:55:05,mlx5_5,0.000,0.000,0.000,0.000
2025-11-21 04:55:05,mlx5_6,0.000,0.000,0.000,0.000
2025-11-21 04:55:05,mlx5_7,0.000,0.000,841.633,1133.577
2025-11-21 04:55:05,mlx5_8,0.000,0.000,0.000,0.000
2025-11-21 04:55:05,mlx5_9,0.000,0.000,0.000,0.000
2025-11-21 04:55:05,TOTAL,0.000,0.000,1008.458,1528.724
2025-11-21 04:55:06,mlx5_0,0.000,0.000,166.825,395.147
2025-11-21 04:55:06,mlx5_1,0.000,0.000,0.000,0.000
2025-11-21 04:55:06,mlx5_2,0.000,0.000,0.000,0.000
2025-11-21 04:55:06,mlx5_3,0.000,0.000,0.000,0.000
2025-11-21 04:55:06,mlx5_4,0.000,0.000,0.000,0.000
2025-11-21 04:55:06,mlx5_5,0.000,0.000,0.000,0.000
2025-11-21 04:55:06,mlx5_6,0.000,0.000,0.000,0.000
2025-11-21 04:55:06,mlx5_7,0.000,0.000,841.633,1133.577
2025-11-21 04:55:06,mlx5_8,0.000,0.000,0.000,0.000
2025-11-21 04:55:06,mlx5_9,0.000,0.000,0.000,0.000
2025-11-21 04:55:06,TOTAL,0.000,0.000,1008.458,1528.724
2025-11-21 04:55:07,mlx5_0,0.000,0.000,166.825,395.147
2025-11-21 04:55:07,mlx5_1,0.000,0.000,0.000,0.000
2025-11-21 04:55:07,mlx5_2,0.000,0.000,0.000,0.000
2025-11-21 04:55:07,mlx5_3,0.000,0.000,0.000,0.000
2025-11-21 04:55:07,mlx5_4,0.000,0.000,0.000,0.000
2025-11-21 04:55:07,mlx5_5,0.000,0.000,0.000,0.000
2025-11-21 04:55:07,mlx5_6,0.000,0.000,0.000,0.000
2025-11-21 04:55:07,mlx5_7,0.000,0.000,841.633,1133.577
2025-11-21 04:55:07,mlx5_8,0.000,0.000,0.000,0.000
2025-11-21 04:55:07,mlx5_9,0.000,0.000,0.000,0.000
2025-11-21 04:55:07,TOTAL,0.000,0.000,1008.458,1528.724
2025-11-21 04:55:08,mlx5_0,0.000,0.000,166.825,395.147
2025-11-21 04:55:08,mlx5_1,0.000,0.000,0.000,0.000
2025-11-21 04:55:08,mlx5_2,0.000,0.000,0.000,0.000
2025-11-21 04:55:08,mlx5_3,0.000,0.000,0.000,0.000
2025-11-21 04:55:08,mlx5_4,0.000,0.000,0.000,0.000
2025-11-21 04:55:08,mlx5_5,0.000,0.000,0.000,0.000
2025-11-21 04:55:08,mlx5_6,0.000,0.000,0.000,0.000
2025-11-21 04:55:08,mlx5_7,0.000,0.000,841.633,1133.577
2025-11-21 04:55:08,mlx5_8,0.000,0.000,0.000,0.000
2025-11-21 04:55:08,mlx5_9,0.000,0.000,0.000,0.000
2025-11-21 04:55:08,TOTAL,0.000,0.000,1008.458,1528.724
2025-11-21 04:55:09,mlx5_0,5.312,2.654,167.493,395.480
2025-11-21 04:55:09,mlx5_1,0.000,0.000,0.000,0.000
2025-11-21 04:55:09,mlx5_2,0.000,0.000,0.000,0.000
2025-11-21 04:55:09,mlx5_3,0.000,0.000,0.000,0.000
2025-11-21 04:55:09,mlx5_4,0.000,0.000,0.000,0.000
2025-11-21 04:55:09,mlx5_5,0.000,0.000,0.000,0.000
2025-11-21 04:55:09,mlx5_6,0.000,0.000,0.000,0.000
2025-11-21 04:55:09,mlx5_7,31.884,10.515,845.640,1134.899
2025-11-21 04:55:09,mlx5_8,0.000,0.000,0.000,0.000
2025-11-21 04:55:09,mlx5_9,0.000,0.000,0.000,0.000
2025-11-21 04:55:09,TOTAL,37.196,13.169,1013.133,1530.379
2025-11-21 04:55:10,mlx5_0,0.010,15.127,167.494,397.383
2025-11-21 04:55:10,mlx5_1,0.000,0.000,0.000,0.000
2025-11-21 04:55:10,mlx5_2,0.000,0.000,0.000,0.000
2025-11-21 04:55:10,mlx5_3,0.000,0.000,0.000,0.000
2025-11-21 04:55:10,mlx5_4,0.000,0.000,0.000,0.000
2025-11-21 04:55:10,mlx5_5,0.000,0.000,0.000,0.000
2025-11-21 04:55:10,mlx5_6,0.000,0.000,0.000,0.000
2025-11-21 04:55:10,mlx5_7,0.034,36.786,845.644,1139.525
2025-11-21 04:55:10,mlx5_8,0.000,0.000,0.000,0.000
2025-11-21 04:55:10,mlx5_9,0.000,0.000,0.000,0.000
2025-11-21 04:55:10,TOTAL,0.044,51.913,1013.138,1536.908
2025-11-21 04:55:11,mlx5_0,0.015,24.530,167.496,400.468
2025-11-21 04:55:11,mlx5_1,0.000,0.000,0.000,0.000
2025-11-21 04:55:11,mlx5_2,0.000,0.000,0.000,0.000
2025-11-21 04:55:11,mlx5_3,0.000,0.000,0.000,0.000
2025-11-21 04:55:11,mlx5_4,0.000,0.000,0.000,0.000
2025-11-21 04:55:11,mlx5_5,0.000,0.000,0.000,0.000
2025-11-21 04:55:11,mlx5_6,0.000,0.000,0.000,0.000
2025-11-21 04:55:11,mlx5_7,0.068,72.355,845.653,1148.627
2025-11-21 04:55:11,mlx5_8,0.000,0.000,0.000,0.000
2025-11-21 04:55:11,mlx5_9,0.000,0.000,0.000,0.000
2025-11-21 04:55:11,TOTAL,0.083,96.884,1013.149,1549.096
2025-11-21 04:55:12,mlx5_0,0.013,20.532,167.497,403.050
2025-11-21 04:55:12,mlx5_1,0.000,0.000,0.000,0.000
2025-11-21 04:55:12,mlx5_2,0.000,0.000,0.000,0.000
2025-11-21 04:55:12,mlx5_3,0.000,0.000,0.000,0.000
2025-11-21 04:55:12,mlx5_4,0.000,0.000,0.000,0.000
2025-11-21 04:55:12,mlx5_5,0.000,0.000,0.000,0.000
2025-11-21 04:55:12,mlx5_6,0.000,0.000,0.000,0.000
2025-11-21 04:55:12,mlx5_7,0.060,63.744,845.660,1156.642
2025-11-21 04:55:12,mlx5_8,0.000,0.000,0.000,0.000
2025-11-21 04:55:12,mlx5_9,0.000,0.000,0.000,0.000
2025-11-21 04:55:12,TOTAL,0.073,84.276,1013.158,1559.692
2025-11-21 04:55:13,mlx5_0,0.001,1.763,167.498,403.272
2025-11-21 04:55:13,mlx5_1,0.000,0.000,0.000,0.000
2025-11-21 04:55:13,mlx5_2,0.000,0.000,0.000,0.000
2025-11-21 04:55:13,mlx5_3,0.000,0.000,0.000,0.000
2025-11-21 04:55:13,mlx5_4,0.000,0.000,0.000,0.000
2025-11-21 04:55:13,mlx5_5,0.000,0.000,0.000,0.000
2025-11-21 04:55:13,mlx5_6,0.000,0.000,0.000,0.000
2025-11-21 04:55:13,mlx5_7,0.003,2.774,845.661,1156.991
2025-11-21 04:55:13,mlx5_8,0.000,0.000,0.000,0.000
2025-11-21 04:55:13,mlx5_9,0.000,0.000,0.000,0.000
2025-11-21 04:55:13,TOTAL,0.004,4.537,1013.158,1560.262
2025-11-21 04:55:14,mlx5_0,0.000,0.000,167.498,403.272
2025-11-21 04:55:14,mlx5_1,0.000,0.000,0.000,0.000
2025-11-21 04:55:14,mlx5_2,0.000,0.000,0.000,0.000
2025-11-21 04:55:14,mlx5_3,0.000,0.000,0.000,0.000
2025-11-21 04:55:14,mlx5_4,0.000,0.000,0.000,0.000
2025-11-21 04:55:14,mlx5_5,0.000,0.000,0.000,0.000
2025-11-21 04:55:14,mlx5_6,0.000,0.000,0.000,0.000
2025-11-21 04:55:14,mlx5_7,0.000,0.000,845.661,1156.991
2025-11-21 04:55:14,mlx5_8,0.000,0.000,0.000,0.000
2025-11-21 04:55:14,mlx5_9,0.000,0.000,0.000,0.000
2025-11-21 04:55:14,TOTAL,0.000,0.000,1013.158,1560.262
2025-11-21 04:55:15,mlx5_0,0.000,0.000,167.498,403.272
2025-11-21 04:55:15,mlx5_1,0.000,0.000,0.000,0.000
2025-11-21 04:55:15,mlx5_2,0.000,0.000,0.000,0.000
2025-11-21 04:55:15,mlx5_3,0.000,0.000,0.000,0.000
2025-11-21 04:55:15,mlx5_4,0.000,0.000,0.000,0.000
2025-11-21 04:55:15,mlx5_5,0.000,0.000,0.000,0.000
2025-11-21 04:55:15,mlx5_6,0.000,0.000,0.000,0.000
2025-11-21 04:55:15,mlx5_7,0.000,0.000,845.661,1156.991
2025-11-21 04:55:15,mlx5_8,0.000,0.000,0.000,0.000
2025-11-21 04:55:15,mlx5_9,0.000,0.000,0.000,0.000
2025-11-21 04:55:15,TOTAL,0.000,0.000,1013.158,1560.262
2025-11-21 04:55:16,mlx5_0,6.476,0.003,168.311,403.272
2025-11-21 04:55:16,mlx5_1,0.000,0.000,0.000,0.000
2025-11-21 04:55:16,mlx5_2,0.000,0.000,0.000,0.000
2025-11-21 04:55:16,mlx5_3,0.000,0.000,0.000,0.000
2025-11-21 04:55:16,mlx5_4,0.000,0.000,0.000,0.000
2025-11-21 04:55:16,mlx5_5,0.000,0.000,0.000,0.000
2025-11-21 04:55:16,mlx5_6,0.000,0.000,0.000,0.000
2025-11-21 04:55:16,mlx5_7,31.423,0.016,849.610,1156.993
2025-11-21 04:55:16,mlx5_8,0.000,0.000,0.000,0.000
2025-11-21 04:55:16,mlx5_9,0.000,0.000,0.000,0.000
2025-11-21 04:55:16,TOTAL,37.899,0.019,1017.921,1560.265
2025-11-21 04:55:17,mlx5_0,0.017,0.000,168.314,403.272
2025-11-21 04:55:17,mlx5_1,0.000,0.000,0.000,0.000
2025-11-21 04:55:17,mlx5_2,0.000,0.000,0.000,0.000
2025-11-21 04:55:17,mlx5_3,0.000,0.000,0.000,0.000
2025-11-21 04:55:17,mlx5_4,0.000,0.000,0.000,0.000
2025-11-21 04:55:17,mlx5_5,0.000,0.000,0.000,0.000
2025-11-21 04:55:17,mlx5_6,0.000,0.000,0.000,0.000
2025-11-21 04:55:17,mlx5_7,0.000,0.000,849.610,1156.993
2025-11-21 04:55:17,mlx5_8,0.000,0.000,0.000,0.000
2025-11-21 04:55:17,mlx5_9,0.000,0.000,0.000,0.000
2025-11-21 04:55:17,TOTAL,0.017,0.000,1017.923,1560.265
2025-11-21 04:55:18,mlx5_0,0.000,0.000,168.314,403.272
2025-11-21 04:55:18,mlx5_1,0.000,0.000,0.000,0.000
2025-11-21 04:55:18,mlx5_2,0.000,0.000,0.000,0.000
2025-11-21 04:55:18,mlx5_3,0.000,0.000,0.000,0.000
2025-11-21 04:55:18,mlx5_4,0.000,0.000,0.000,0.000
2025-11-21 04:55:18,mlx5_5,0.000,0.000,0.000,0.000
2025-11-21 04:55:18,mlx5_6,0.000,0.000,0.000,0.000
2025-11-21 04:55:18,mlx5_7,0.000,0.000,849.610,1156.993
2025-11-21 04:55:18,mlx5_8,0.000,0.000,0.000,0.000
2025-11-21 04:55:18,mlx5_9,0.000,0.000,0.000,0.000
2025-11-21 04:55:18,TOTAL,0.000,0.000,1017.923,1560.265
2025-11-21 04:55:19,mlx5_0,0.000,0.000,168.314,403.272
2025-11-21 04:55:19,mlx5_1,0.000,0.000,0.000,0.000
2025-11-21 04:55:19,mlx5_2,0.000,0.000,0.000,0.000
2025-11-21 04:55:19,mlx5_3,0.000,0.000,0.000,0.000
2025-11-21 04:55:19,mlx5_4,0.000,0.000,0.000,0.000
2025-11-21 04:55:19,mlx5_5,0.000,0.000,0.000,0.000
2025-11-21 04:55:19,mlx5_6,0.000,0.000,0.000,0.000
2025-11-21 04:55:19,mlx5_7,0.000,0.000,849.610,1156.993
2025-11-21 04:55:19,mlx5_8,0.000,0.000,0.000,0.000
2025-11-21 04:55:19,mlx5_9,0.000,0.000,0.000,0.000
2025-11-21 04:55:19,TOTAL,0.000,0.000,1017.923,1560.265
2025-11-21 04:55:20,mlx5_0,6.126,0.003,169.084,403.272
2025-11-21 04:55:20,mlx5_1,0.000,0.000,0.000,0.000
2025-11-21 04:55:20,mlx5_2,0.000,0.000,0.000,0.000
2025-11-21 04:55:20,mlx5_3,0.000,0.000,0.000,0.000
2025-11-21 04:55:20,mlx5_4,0.000,0.000,0.000,0.000
2025-11-21 04:55:20,mlx5_5,0.000,0.000,0.000,0.000
2025-11-21 04:55:20,mlx5_6,0.000,0.000,0.000,0.000
2025-11-21 04:55:20,mlx5_7,31.040,0.015,853.513,1156.994
2025-11-21 04:55:20,mlx5_8,0.000,0.000,0.000,0.000
2025-11-21 04:55:20,mlx5_9,0.000,0.000,0.000,0.000
2025-11-21 04:55:20,TOTAL,37.166,0.018,1022.597,1560.267
2025-11-21 04:55:21,mlx5_0,0.000,0.000,169.084,403.272
2025-11-21 04:55:21,mlx5_1,0.000,0.000,0.000,0.000
2025-11-21 04:55:21,mlx5_2,0.000,0.000,0.000,0.000
2025-11-21 04:55:21,mlx5_3,0.000,0.000,0.000,0.000
2025-11-21 04:55:21,mlx5_4,0.000,0.000,0.000,0.000
2025-11-21 04:55:21,mlx5_5,0.000,0.000,0.000,0.000
2025-11-21 04:55:21,mlx5_6,0.000,0.000,0.000,0.000
2025-11-21 04:55:21,mlx5_7,0.000,0.000,853.513,1156.994
2025-11-21 04:55:21,mlx5_8,0.000,0.000,0.000,0.000
2025-11-21 04:55:21,mlx5_9,0.000,0.000,0.000,0.000
2025-11-21 04:55:21,TOTAL,0.000,0.000,1022.597,1560.267
2025-11-21 04:55:22,mlx5_0,0.000,0.000,169.084,403.272
2025-11-21 04:55:22,mlx5_1,0.000,0.000,0.000,0.000
2025-11-21 04:55:22,mlx5_2,0.000,0.000,0.000,0.000
2025-11-21 04:55:22,mlx5_3,0.000,0.000,0.000,0.000
2025-11-21 04:55:22,mlx5_4,0.000,0.000,0.000,0.000
2025-11-21 04:55:22,mlx5_5,0.000,0.000,0.000,0.000
2025-11-21 04:55:22,mlx5_6,0.000,0.000,0.000,0.000
2025-11-21 04:55:22,mlx5_7,0.000,0.000,853.513,1156.994
2025-11-21 04:55:22,mlx5_8,0.000,0.000,0.000,0.000
2025-11-21 04:55:22,mlx5_9,0.000,0.000,0.000,0.000
2025-11-21 04:55:22,TOTAL,0.000,0.000,1022.597,1560.267
2025-11-21 04:55:23,mlx5_0,1.169,0.001,169.231,403.272
2025-11-21 04:55:23,mlx5_1,0.000,0.000,0.000,0.000
2025-11-21 04:55:23,mlx5_2,0.000,0.000,0.000,0.000
2025-11-21 04:55:23,mlx5_3,0.000,0.000,0.000,0.000
2025-11-21 04:55:23,mlx5_4,0.000,0.000,0.000,0.000
2025-11-21 04:55:23,mlx5_5,0.000,0.000,0.000,0.000
2025-11-21 04:55:23,mlx5_6,0.000,0.000,0.000,0.000
2025-11-21 04:55:23,mlx5_7,13.350,0.006,855.192,1156.995
2025-11-21 04:55:23,mlx5_8,0.000,0.000,0.000,0.000
2025-11-21 04:55:23,mlx5_9,0.000,0.000,0.000,0.000
2025-11-21 04:55:23,TOTAL,14.519,0.007,1024.423,1560.268
2025-11-21 04:55:24,mlx5_0,4.049,0.002,169.741,403.273
2025-11-21 04:55:24,mlx5_1,0.000,0.000,0.000,0.000
2025-11-21 04:55:24,mlx5_2,0.000,0.000,0.000,0.000
2025-11-21 04:55:24,mlx5_3,0.000,0.000,0.000,0.000
2025-11-21 04:55:24,mlx5_4,0.000,0.000,0.000,0.000
2025-11-21 04:55:24,mlx5_5,0.000,0.000,0.000,0.000
2025-11-21 04:55:24,mlx5_6,0.000,0.000,0.000,0.000
2025-11-21 04:55:24,mlx5_7,18.576,0.009,857.530,1156.996
2025-11-21 04:55:24,mlx5_8,0.000,0.000,0.000,0.000
2025-11-21 04:55:24,mlx5_9,0.000,0.000,0.000,0.000
2025-11-21 04:55:24,TOTAL,22.625,0.011,1027.271,1560.269
2025-11-21 04:55:25,mlx5_0,0.000,0.000,169.741,403.273
2025-11-21 04:55:25,mlx5_1,0.000,0.000,0.000,0.000
2025-11-21 04:55:25,mlx5_2,0.000,0.000,0.000,0.000
2025-11-21 04:55:25,mlx5_3,0.000,0.000,0.000,0.000
2025-11-21 04:55:25,mlx5_4,0.000,0.000,0.000,0.000
2025-11-21 04:55:25,mlx5_5,0.000,0.000,0.000,0.000
2025-11-21 04:55:25,mlx5_6,0.000,0.000,0.000,0.000
2025-11-21 04:55:25,mlx5_7,0.000,0.000,857.530,1156.996
2025-11-21 04:55:25,mlx5_8,0.000,0.000,0.000,0.000
2025-11-21 04:55:25,mlx5_9,0.000,0.000,0.000,0.000
2025-11-21 04:55:25,TOTAL,0.000,0.000,1027.271,1560.269
2025-11-21 04:55:26,mlx5_0,0.000,0.000,169.741,403.273
2025-11-21 04:55:26,mlx5_1,0.000,0.000,0.000,0.000
2025-11-21 04:55:26,mlx5_2,0.000,0.000,0.000,0.000
2025-11-21 04:55:26,mlx5_3,0.000,0.000,0.000,0.000
2025-11-21 04:55:26,mlx5_4,0.000,0.000,0.000,0.000
2025-11-21 04:55:26,mlx5_5,0.000,0.000,0.000,0.000
2025-11-21 04:55:26,mlx5_6,0.000,0.000,0.000,0.000
2025-11-21 04:55:26,mlx5_7,0.000,0.000,857.530,1156.996
2025-11-21 04:55:26,mlx5_8,0.000,0.000,0.000,0.000
2025-11-21 04:55:26,mlx5_9,0.000,0.000,0.000,0.000
2025-11-21 04:55:26,TOTAL,0.000,0.000,1027.271,1560.269
2025-11-21 04:55:27,mlx5_0,0.000,0.000,169.741,403.273
2025-11-21 04:55:27,mlx5_1,0.000,0.000,0.000,0.000
2025-11-21 04:55:27,mlx5_2,0.000,0.000,0.000,0.000
2025-11-21 04:55:27,mlx5_3,0.000,0.000,0.000,0.000
2025-11-21 04:55:27,mlx5_4,0.000,0.000,0.000,0.000
2025-11-21 04:55:27,mlx5_5,0.000,0.000,0.000,0.000
2025-11-21 04:55:27,mlx5_6,0.000,0.000,0.000,0.000
2025-11-21 04:55:27,mlx5_7,0.000,0.000,857.530,1156.996
2025-11-21 04:55:27,mlx5_8,0.000,0.000,0.000,0.000
2025-11-21 04:55:27,mlx5_9,0.000,0.000,0.000,0.000
2025-11-21 04:55:27,TOTAL,0.000,0.000,1027.271,1560.269
2025-11-21 04:55:28,mlx5_0,7.245,0.003,170.652,403.273
2025-11-21 04:55:28,mlx5_1,0.000,0.000,0.000,0.000
2025-11-21 04:55:28,mlx5_2,0.000,0.000,0.000,0.000
2025-11-21 04:55:28,mlx5_3,0.000,0.000,0.000,0.000
2025-11-21 04:55:28,mlx5_4,0.000,0.000,0.000,0.000
2025-11-21 04:55:28,mlx5_5,0.000,0.000,0.000,0.000
2025-11-21 04:55:28,mlx5_6,0.000,0.000,0.000,0.000
2025-11-21 04:55:28,mlx5_7,29.912,0.015,861.293,1156.998
2025-11-21 04:55:28,mlx5_8,0.000,0.000,0.000,0.000
2025-11-21 04:55:28,mlx5_9,0.000,0.000,0.000,0.000
2025-11-21 04:55:28,TOTAL,37.158,0.018,1031.944,1560.271
2025-11-21 04:55:29,mlx5_0,0.000,0.000,170.652,403.273
2025-11-21 04:55:29,mlx5_1,0.000,0.000,0.000,0.000
2025-11-21 04:55:29,mlx5_2,0.000,0.000,0.000,0.000
2025-11-21 04:55:29,mlx5_3,0.000,0.000,0.000,0.000
2025-11-21 04:55:29,mlx5_4,0.000,0.000,0.000,0.000
2025-11-21 04:55:29,mlx5_5,0.000,0.000,0.000,0.000
2025-11-21 04:55:29,mlx5_6,0.000,0.000,0.000,0.000
2025-11-21 04:55:29,mlx5_7,0.000,0.000,861.293,1156.998
2025-11-21 04:55:29,mlx5_8,0.000,0.000,0.000,0.000
2025-11-21 04:55:29,mlx5_9,0.000,0.000,0.000,0.000
2025-11-21 04:55:29,TOTAL,0.000,0.000,1031.944,1560.271
2025-11-21 04:55:30,mlx5_0,0.000,0.000,170.652,403.273
2025-11-21 04:55:30,mlx5_1,0.000,0.000,0.000,0.000
2025-11-21 04:55:30,mlx5_2,0.000,0.000,0.000,0.000
2025-11-21 04:55:30,mlx5_3,0.000,0.000,0.000,0.000
2025-11-21 04:55:30,mlx5_4,0.000,0.000,0.000,0.000
2025-11-21 04:55:30,mlx5_5,0.000,0.000,0.000,0.000
2025-11-21 04:55:30,mlx5_6,0.000,0.000,0.000,0.000
2025-11-21 04:55:30,mlx5_7,0.000,0.000,861.293,1156.998
2025-11-21 04:55:30,mlx5_8,0.000,0.000,0.000,0.000
2025-11-21 04:55:30,mlx5_9,0.000,0.000,0.000,0.000
2025-11-21 04:55:30,TOTAL,0.000,0.000,1031.944,1560.271
2025-11-21 04:55:31,mlx5_0,0.000,0.000,170.652,403.273
2025-11-21 04:55:31,mlx5_1,0.000,0.000,0.000,0.000
2025-11-21 04:55:31,mlx5_2,0.000,0.000,0.000,0.000
2025-11-21 04:55:31,mlx5_3,0.000,0.000,0.000,0.000
2025-11-21 04:55:31,mlx5_4,0.000,0.000,0.000,0.000
2025-11-21 04:55:31,mlx5_5,0.000,0.000,0.000,0.000
2025-11-21 04:55:31,mlx5_6,0.000,0.000,0.000,0.000
2025-11-21 04:55:31,mlx5_7,0.000,0.000,861.293,1156.998
2025-11-21 04:55:31,mlx5_8,0.000,0.000,0.000,0.000
2025-11-21 04:55:31,mlx5_9,0.000,0.000,0.000,0.000
2025-11-21 04:55:31,TOTAL,0.000,0.000,1031.944,1560.271
2025-11-21 04:55:32,mlx5_0,3.075,0.002,171.039,403.273
2025-11-21 04:55:32,mlx5_1,0.000,0.000,0.000,0.000
2025-11-21 04:55:32,mlx5_2,0.000,0.000,0.000,0.000
2025-11-21 04:55:32,mlx5_3,0.000,0.000,0.000,0.000
2025-11-21 04:55:32,mlx5_4,0.000,0.000,0.000,0.000
2025-11-21 04:55:32,mlx5_5,0.000,0.000,0.000,0.000
2025-11-21 04:55:32,mlx5_6,0.000,0.000,0.000,0.000
2025-11-21 04:55:32,mlx5_7,28.076,0.013,864.823,1157.000
2025-11-21 04:55:32,mlx5_8,0.000,0.000,0.000,0.000
2025-11-21 04:55:32,mlx5_9,0.000,0.000,0.000,0.000
2025-11-21 04:55:32,TOTAL,31.151,0.015,1035.862,1560.273
2025-11-21 04:55:33,mlx5_0,1.724,0.001,171.255,403.274
2025-11-21 04:55:33,mlx5_1,0.000,0.000,0.000,0.000
2025-11-21 04:55:33,mlx5_2,0.000,0.000,0.000,0.000
2025-11-21 04:55:33,mlx5_3,0.000,0.000,0.000,0.000
2025-11-21 04:55:33,mlx5_4,0.000,0.000,0.000,0.000
2025-11-21 04:55:33,mlx5_5,0.000,0.000,0.000,0.000
2025-11-21 04:55:33,mlx5_6,0.000,0.000,0.000,0.000
2025-11-21 04:55:33,mlx5_7,4.288,0.002,865.363,1157.000
2025-11-21 04:55:33,mlx5_8,0.000,0.000,0.000,0.000
2025-11-21 04:55:33,mlx5_9,0.000,0.000,0.000,0.000
2025-11-21 04:55:33,TOTAL,6.011,0.003,1036.618,1560.274
2025-11-21 04:55:34,mlx5_0,0.000,0.000,171.255,403.274
2025-11-21 04:55:34,mlx5_1,0.000,0.000,0.000,0.000
2025-11-21 04:55:34,mlx5_2,0.000,0.000,0.000,0.000
2025-11-21 04:55:34,mlx5_3,0.000,0.000,0.000,0.000
2025-11-21 04:55:34,mlx5_4,0.000,0.000,0.000,0.000
2025-11-21 04:55:34,mlx5_5,0.000,0.000,0.000,0.000
2025-11-21 04:55:34,mlx5_6,0.000,0.000,0.000,0.000
2025-11-21 04:55:34,mlx5_7,0.000,0.000,865.363,1157.000
2025-11-21 04:55:34,mlx5_8,0.000,0.000,0.000,0.000
2025-11-21 04:55:34,mlx5_9,0.000,0.000,0.000,0.000
2025-11-21 04:55:34,TOTAL,0.000,0.000,1036.618,1560.274
2025-11-21 04:55:35,mlx5_0,0.000,0.000,171.255,403.274
2025-11-21 04:55:35,mlx5_1,0.000,0.000,0.000,0.000
2025-11-21 04:55:35,mlx5_2,0.000,0.000,0.000,0.000
2025-11-21 04:55:35,mlx5_3,0.000,0.000,0.000,0.000
2025-11-21 04:55:35,mlx5_4,0.000,0.000,0.000,0.000
2025-11-21 04:55:35,mlx5_5,0.000,0.000,0.000,0.000
2025-11-21 04:55:35,mlx5_6,0.000,0.000,0.000,0.000
2025-11-21 04:55:35,mlx5_7,0.000,0.000,865.363,1157.000
2025-11-21 04:55:35,mlx5_8,0.000,0.000,0.000,0.000
2025-11-21 04:55:35,mlx5_9,0.000,0.000,0.000,0.000
2025-11-21 04:55:35,TOTAL,0.000,0.000,1036.618,1560.274
2025-11-21 04:55:36,mlx5_0,0.000,0.000,171.255,403.274
2025-11-21 04:55:36,mlx5_1,0.000,0.000,0.000,0.000
2025-11-21 04:55:36,mlx5_2,0.000,0.000,0.000,0.000
2025-11-21 04:55:36,mlx5_3,0.000,0.000,0.000,0.000
2025-11-21 04:55:36,mlx5_4,0.000,0.000,0.000,0.000
2025-11-21 04:55:36,mlx5_5,0.000,0.000,0.000,0.000
2025-11-21 04:55:36,mlx5_6,0.000,0.000,0.000,0.000
2025-11-21 04:55:36,mlx5_7,0.000,0.000,865.363,1157.000
2025-11-21 04:55:36,mlx5_8,0.000,0.000,0.000,0.000
2025-11-21 04:55:36,mlx5_9,0.000,0.000,0.000,0.000
2025-11-21 04:55:36,TOTAL,0.000,0.000,1036.618,1560.274
2025-11-21 04:55:37,mlx5_0,5.231,2.017,171.913,403.527
2025-11-21 04:55:37,mlx5_1,0.000,0.000,0.000,0.000
2025-11-21 04:55:37,mlx5_2,0.000,0.000,0.000,0.000
2025-11-21 04:55:37,mlx5_3,0.000,0.000,0.000,0.000
2025-11-21 04:55:37,mlx5_4,0.000,0.000,0.000,0.000
2025-11-21 04:55:37,mlx5_5,0.000,0.000,0.000,0.000
2025-11-21 04:55:37,mlx5_6,0.000,0.000,0.000,0.000
2025-11-21 04:55:37,mlx5_7,31.813,13.668,869.364,1158.719
2025-11-21 04:55:37,mlx5_8,0.000,0.000,0.000,0.000
2025-11-21 04:55:37,mlx5_9,0.000,0.000,0.000,0.000
2025-11-21 04:55:37,TOTAL,37.044,15.685,1041.277,1562.247
2025-11-21 04:55:38,mlx5_0,0.135,10.038,171.930,404.790
2025-11-21 04:55:38,mlx5_1,0.000,0.000,0.000,0.000
2025-11-21 04:55:38,mlx5_2,0.000,0.000,0.000,0.000
2025-11-21 04:55:38,mlx5_3,0.000,0.000,0.000,0.000
2025-11-21 04:55:38,mlx5_4,0.000,0.000,0.000,0.000
2025-11-21 04:55:38,mlx5_5,0.000,0.000,0.000,0.000
2025-11-21 04:55:38,mlx5_6,0.000,0.000,0.000,0.000
2025-11-21 04:55:38,mlx5_7,0.030,30.795,869.368,1162.592
2025-11-21 04:55:38,mlx5_8,0.000,0.000,0.000,0.000
2025-11-21 04:55:38,mlx5_9,0.000,0.000,0.000,0.000
2025-11-21 04:55:38,TOTAL,0.165,40.833,1041.298,1567.382
2025-11-21 04:55:39,mlx5_0,0.015,22.897,171.932,407.669
2025-11-21 04:55:39,mlx5_1,0.000,0.000,0.000,0.000
2025-11-21 04:55:39,mlx5_2,0.000,0.000,0.000,0.000
2025-11-21 04:55:39,mlx5_3,0.000,0.000,0.000,0.000
2025-11-21 04:55:39,mlx5_4,0.000,0.000,0.000,0.000
2025-11-21 04:55:39,mlx5_5,0.000,0.000,0.000,0.000
2025-11-21 04:55:39,mlx5_6,0.000,0.000,0.000,0.000
2025-11-21 04:55:39,mlx5_7,0.064,68.451,869.376,1171.200
2025-11-21 04:55:39,mlx5_8,0.000,0.000,0.000,0.000
2025-11-21 04:55:39,mlx5_9,0.000,0.000,0.000,0.000
2025-11-21 04:55:39,TOTAL,0.079,91.348,1041.308,1578.869
2025-11-21 04:55:40,mlx5_0,0.017,25.454,171.934,410.871
2025-11-21 04:55:40,mlx5_1,0.000,0.000,0.000,0.000
2025-11-21 04:55:40,mlx5_2,0.000,0.000,0.000,0.000
2025-11-21 04:55:40,mlx5_3,0.000,0.000,0.000,0.000
2025-11-21 04:55:40,mlx5_4,0.000,0.000,0.000,0.000
2025-11-21 04:55:40,mlx5_5,0.000,0.000,0.000,0.000
2025-11-21 04:55:40,mlx5_6,0.000,0.000,0.000,0.000
2025-11-21 04:55:40,mlx5_7,0.066,70.660,869.384,1180.088
2025-11-21 04:55:40,mlx5_8,0.000,0.000,0.000,0.000
2025-11-21 04:55:40,mlx5_9,0.000,0.000,0.000,0.000
2025-11-21 04:55:40,TOTAL,0.083,96.114,1041.318,1590.958
2025-11-21 04:55:41,mlx5_0,0.001,0.885,171.934,410.982
2025-11-21 04:55:41,mlx5_1,0.000,0.000,0.000,0.000
2025-11-21 04:55:41,mlx5_2,0.000,0.000,0.000,0.000
2025-11-21 04:55:41,mlx5_3,0.000,0.000,0.000,0.000
2025-11-21 04:55:41,mlx5_4,0.000,0.000,0.000,0.000
2025-11-21 04:55:41,mlx5_5,0.000,0.000,0.000,0.000
2025-11-21 04:55:41,mlx5_6,0.000,0.000,0.000,0.000
2025-11-21 04:55:41,mlx5_7,0.003,3.132,869.384,1180.481
2025-11-21 04:55:41,mlx5_8,0.000,0.000,0.000,0.000
2025-11-21 04:55:41,mlx5_9,0.000,0.000,0.000,0.000
2025-11-21 04:55:41,TOTAL,0.003,4.017,1041.319,1591.463
2025-11-21 04:55:42,mlx5_0,0.000,0.000,171.934,410.982
2025-11-21 04:55:42,mlx5_1,0.000,0.000,0.000,0.000
2025-11-21 04:55:42,mlx5_2,0.000,0.000,0.000,0.000
2025-11-21 04:55:42,mlx5_3,0.000,0.000,0.000,0.000
2025-11-21 04:55:42,mlx5_4,0.000,0.000,0.000,0.000
2025-11-21 04:55:42,mlx5_5,0.000,0.000,0.000,0.000
2025-11-21 04:55:42,mlx5_6,0.000,0.000,0.000,0.000
2025-11-21 04:55:42,mlx5_7,0.000,0.000,869.384,1180.481
2025-11-21 04:55:42,mlx5_8,0.000,0.000,0.000,0.000
2025-11-21 04:55:42,mlx5_9,0.000,0.000,0.000,0.000
2025-11-21 04:55:42,TOTAL,0.000,0.000,1041.319,1591.463
2025-11-21 04:55:43,mlx5_0,0.000,0.000,171.934,410.982
2025-11-21 04:55:43,mlx5_1,0.000,0.000,0.000,0.000
2025-11-21 04:55:43,mlx5_2,0.000,0.000,0.000,0.000
2025-11-21 04:55:43,mlx5_3,0.000,0.000,0.000,0.000
2025-11-21 04:55:43,mlx5_4,0.000,0.000,0.000,0.000
2025-11-21 04:55:43,mlx5_5,0.000,0.000,0.000,0.000
2025-11-21 04:55:43,mlx5_6,0.000,0.000,0.000,0.000
2025-11-21 04:55:43,mlx5_7,0.000,0.000,869.384,1180.481
2025-11-21 04:55:43,mlx5_8,0.000,0.000,0.000,0.000
2025-11-21 04:55:43,mlx5_9,0.000,0.000,0.000,0.000
2025-11-21 04:55:43,TOTAL,0.000,0.000,1041.319,1591.463
2025-11-21 04:55:44,mlx5_0,3.683,0.002,172.397,410.982
2025-11-21 04:55:44,mlx5_1,0.000,0.000,0.000,0.000
2025-11-21 04:55:44,mlx5_2,0.000,0.000,0.000,0.000
2025-11-21 04:55:44,mlx5_3,0.000,0.000,0.000,0.000
2025-11-21 04:55:44,mlx5_4,0.000,0.000,0.000,0.000
2025-11-21 04:55:44,mlx5_5,0.000,0.000,0.000,0.000
2025-11-21 04:55:44,mlx5_6,0.000,0.000,0.000,0.000
2025-11-21 04:55:44,mlx5_7,31.966,0.015,873.403,1180.483
2025-11-21 04:55:44,mlx5_8,0.000,0.000,0.000,0.000
2025-11-21 04:55:44,mlx5_9,0.000,0.000,0.000,0.000
2025-11-21 04:55:44,TOTAL,35.649,0.017,1045.801,1591.465
2025-11-21 04:55:45,mlx5_0,0.323,0.000,172.438,410.982
2025-11-21 04:55:45,mlx5_1,0.000,0.000,0.000,0.000
2025-11-21 04:55:45,mlx5_2,0.000,0.000,0.000,0.000
2025-11-21 04:55:45,mlx5_3,0.000,0.000,0.000,0.000
2025-11-21 04:55:45,mlx5_4,0.000,0.000,0.000,0.000
2025-11-21 04:55:45,mlx5_5,0.000,0.000,0.000,0.000
2025-11-21 04:55:45,mlx5_6,0.000,0.000,0.000,0.000
2025-11-21 04:55:45,mlx5_7,1.924,0.001,873.646,1180.483
2025-11-21 04:55:45,mlx5_8,0.000,0.000,0.000,0.000
2025-11-21 04:55:45,mlx5_9,0.000,0.000,0.000,0.000
2025-11-21 04:55:45,TOTAL,2.247,0.002,1046.084,1591.466
2025-11-21 04:55:46,mlx5_0,0.000,0.000,172.438,410.982
2025-11-21 04:55:46,mlx5_1,0.000,0.000,0.000,0.000
2025-11-21 04:55:46,mlx5_2,0.000,0.000,0.000,0.000
2025-11-21 04:55:46,mlx5_3,0.000,0.000,0.000,0.000
2025-11-21 04:55:46,mlx5_4,0.000,0.000,0.000,0.000
2025-11-21 04:55:46,mlx5_5,0.000,0.000,0.000,0.000
2025-11-21 04:55:46,mlx5_6,0.000,0.000,0.000,0.000
2025-11-21 04:55:46,mlx5_7,0.000,0.000,873.646,1180.483
2025-11-21 04:55:46,mlx5_8,0.000,0.000,0.000,0.000
2025-11-21 04:55:46,mlx5_9,0.000,0.000,0.000,0.000
2025-11-21 04:55:46,TOTAL,0.000,0.000,1046.084,1591.466
2025-11-21 04:55:47,mlx5_0,0.000,0.000,172.438,410.982
2025-11-21 04:55:47,mlx5_1,0.000,0.000,0.000,0.000
2025-11-21 04:55:47,mlx5_2,0.000,0.000,0.000,0.000
2025-11-21 04:55:47,mlx5_3,0.000,0.000,0.000,0.000
2025-11-21 04:55:47,mlx5_4,0.000,0.000,0.000,0.000
2025-11-21 04:55:47,mlx5_5,0.000,0.000,0.000,0.000
2025-11-21 04:55:47,mlx5_6,0.000,0.000,0.000,0.000
2025-11-21 04:55:47,mlx5_7,0.000,0.000,873.646,1180.483
2025-11-21 04:55:47,mlx5_8,0.000,0.000,0.000,0.000
2025-11-21 04:55:47,mlx5_9,0.000,0.000,0.000,0.000
2025-11-21 04:55:47,TOTAL,0.000,0.000,1046.084,1591.466
2025-11-21 04:55:48,mlx5_0,6.682,0.003,173.278,410.983
2025-11-21 04:55:48,mlx5_1,0.000,0.000,0.000,0.000
2025-11-21 04:55:48,mlx5_2,0.000,0.000,0.000,0.000
2025-11-21 04:55:48,mlx5_3,0.000,0.000,0.000,0.000
2025-11-21 04:55:48,mlx5_4,0.000,0.000,0.000,0.000
2025-11-21 04:55:48,mlx5_5,0.000,0.000,0.000,0.000
2025-11-21 04:55:48,mlx5_6,0.000,0.000,0.000,0.000
2025-11-21 04:55:48,mlx5_7,30.487,0.015,877.479,1180.485
2025-11-21 04:55:48,mlx5_8,0.000,0.000,0.000,0.000
2025-11-21 04:55:48,mlx5_9,0.000,0.000,0.000,0.000
2025-11-21 04:55:48,TOTAL,37.170,0.018,1050.758,1591.468
2025-11-21 04:55:49,mlx5_0,0.000,0.000,173.278,410.983
2025-11-21 04:55:49,mlx5_1,0.000,0.000,0.000,0.000
2025-11-21 04:55:49,mlx5_2,0.000,0.000,0.000,0.000
2025-11-21 04:55:49,mlx5_3,0.000,0.000,0.000,0.000
2025-11-21 04:55:49,mlx5_4,0.000,0.000,0.000,0.000
2025-11-21 04:55:49,mlx5_5,0.000,0.000,0.000,0.000
2025-11-21 04:55:49,mlx5_6,0.000,0.000,0.000,0.000
2025-11-21 04:55:49,mlx5_7,0.000,0.000,877.479,1180.485
2025-11-21 04:55:49,mlx5_8,0.000,0.000,0.000,0.000
2025-11-21 04:55:49,mlx5_9,0.000,0.000,0.000,0.000
2025-11-21 04:55:49,TOTAL,0.000,0.000,1050.758,1591.468
2025-11-21 04:55:50,mlx5_0,0.000,0.000,173.278,410.983
2025-11-21 04:55:50,mlx5_1,0.000,0.000,0.000,0.000
2025-11-21 04:55:50,mlx5_2,0.000,0.000,0.000,0.000
2025-11-21 04:55:50,mlx5_3,0.000,0.000,0.000,0.000
2025-11-21 04:55:50,mlx5_4,0.000,0.000,0.000,0.000
2025-11-21 04:55:50,mlx5_5,0.000,0.000,0.000,0.000
2025-11-21 04:55:50,mlx5_6,0.000,0.000,0.000,0.000
2025-11-21 04:55:50,mlx5_7,0.000,0.000,877.479,1180.485
2025-11-21 04:55:50,mlx5_8,0.000,0.000,0.000,0.000
2025-11-21 04:55:50,mlx5_9,0.000,0.000,0.000,0.000
2025-11-21 04:55:50,TOTAL,0.000,0.000,1050.758,1591.468
2025-11-21 04:55:51,mlx5_0,0.959,0.001,173.399,410.983
2025-11-21 04:55:51,mlx5_1,0.000,0.000,0.000,0.000
2025-11-21 04:55:51,mlx5_2,0.000,0.000,0.000,0.000
2025-11-21 04:55:51,mlx5_3,0.000,0.000,0.000,0.000
2025-11-21 04:55:51,mlx5_4,0.000,0.000,0.000,0.000
2025-11-21 04:55:51,mlx5_5,0.000,0.000,0.000,0.000
2025-11-21 04:55:51,mlx5_6,0.000,0.000,0.000,0.000
2025-11-21 04:55:51,mlx5_7,14.582,0.007,879.313,1180.486
2025-11-21 04:55:51,mlx5_8,0.000,0.000,0.000,0.000
2025-11-21 04:55:51,mlx5_9,0.000,0.000,0.000,0.000
2025-11-21 04:55:51,TOTAL,15.541,0.008,1052.712,1591.469
2025-11-21 04:55:52,mlx5_0,5.120,0.002,174.044,410.983
2025-11-21 04:55:52,mlx5_1,0.000,0.000,0.000,0.000
2025-11-21 04:55:52,mlx5_2,0.000,0.000,0.000,0.000
2025-11-21 04:55:52,mlx5_3,0.000,0.000,0.000,0.000
2025-11-21 04:55:52,mlx5_4,0.000,0.000,0.000,0.000
2025-11-21 04:55:52,mlx5_5,0.000,0.000,0.000,0.000
2025-11-21 04:55:52,mlx5_6,0.000,0.000,0.000,0.000
2025-11-21 04:55:52,mlx5_7,16.462,0.008,881.387,1180.487
2025-11-21 04:55:52,mlx5_8,0.000,0.000,0.000,0.000
2025-11-21 04:55:52,mlx5_9,0.000,0.000,0.000,0.000
2025-11-21 04:55:52,TOTAL,21.582,0.010,1055.431,1591.470
2025-11-21 04:55:53,mlx5_0,0.000,0.000,174.044,410.983
2025-11-21 04:55:53,mlx5_1,0.000,0.000,0.000,0.000
2025-11-21 04:55:53,mlx5_2,0.000,0.000,0.000,0.000
2025-11-21 04:55:53,mlx5_3,0.000,0.000,0.000,0.000
2025-11-21 04:55:53,mlx5_4,0.000,0.000,0.000,0.000
2025-11-21 04:55:53,mlx5_5,0.000,0.000,0.000,0.000
2025-11-21 04:55:53,mlx5_6,0.000,0.000,0.000,0.000
2025-11-21 04:55:53,mlx5_7,0.000,0.000,881.387,1180.487
2025-11-21 04:55:53,mlx5_8,0.000,0.000,0.000,0.000
2025-11-21 04:55:53,mlx5_9,0.000,0.000,0.000,0.000
2025-11-21 04:55:53,TOTAL,0.000,0.000,1055.431,1591.470
2025-11-21 04:55:54,mlx5_0,0.000,0.000,174.044,410.983
2025-11-21 04:55:54,mlx5_1,0.000,0.000,0.000,0.000
2025-11-21 04:55:54,mlx5_2,0.000,0.000,0.000,0.000
2025-11-21 04:55:54,mlx5_3,0.000,0.000,0.000,0.000
2025-11-21 04:55:54,mlx5_4,0.000,0.000,0.000,0.000
2025-11-21 04:55:54,mlx5_5,0.000,0.000,0.000,0.000
2025-11-21 04:55:54,mlx5_6,0.000,0.000,0.000,0.000
2025-11-21 04:55:54,mlx5_7,0.000,0.000,881.387,1180.487
2025-11-21 04:55:54,mlx5_8,0.000,0.000,0.000,0.000
2025-11-21 04:55:54,mlx5_9,0.000,0.000,0.000,0.000
2025-11-21 04:55:54,TOTAL,0.000,0.000,1055.431,1591.470
2025-11-21 04:55:55,mlx5_0,0.000,0.000,174.044,410.983
2025-11-21 04:55:55,mlx5_1,0.000,0.000,0.000,0.000
2025-11-21 04:55:55,mlx5_2,0.000,0.000,0.000,0.000
2025-11-21 04:55:55,mlx5_3,0.000,0.000,0.000,0.000
2025-11-21 04:55:55,mlx5_4,0.000,0.000,0.000,0.000
2025-11-21 04:55:55,mlx5_5,0.000,0.000,0.000,0.000
2025-11-21 04:55:55,mlx5_6,0.000,0.000,0.000,0.000
2025-11-21 04:55:55,mlx5_7,0.000,0.000,881.387,1180.487
2025-11-21 04:55:55,mlx5_8,0.000,0.000,0.000,0.000
2025-11-21 04:55:55,mlx5_9,0.000,0.000,0.000,0.000
2025-11-21 04:55:55,TOTAL,0.000,0.000,1055.431,1591.470
2025-11-21 04:55:56,mlx5_0,6.208,0.003,174.829,410.983
2025-11-21 04:55:56,mlx5_1,0.000,0.000,0.000,0.000
2025-11-21 04:55:56,mlx5_2,0.000,0.000,0.000,0.000
2025-11-21 04:55:56,mlx5_3,0.000,0.000,0.000,0.000
2025-11-21 04:55:56,mlx5_4,0.000,0.000,0.000,0.000
2025-11-21 04:55:56,mlx5_5,0.000,0.000,0.000,0.000
2025-11-21 04:55:56,mlx5_6,0.000,0.000,0.000,0.000
2025-11-21 04:55:56,mlx5_7,30.748,0.015,885.276,1180.489
2025-11-21 04:55:56,mlx5_8,0.000,0.000,0.000,0.000
2025-11-21 04:55:56,mlx5_9,0.000,0.000,0.000,0.000
2025-11-21 04:55:56,TOTAL,36.957,0.018,1060.105,1591.473
2025-11-21 04:55:57,mlx5_0,0.000,0.000,174.829,410.983
2025-11-21 04:55:57,mlx5_1,0.000,0.000,0.000,0.000
2025-11-21 04:55:57,mlx5_2,0.000,0.000,0.000,0.000
2025-11-21 04:55:57,mlx5_3,0.000,0.000,0.000,0.000
2025-11-21 04:55:57,mlx5_4,0.000,0.000,0.000,0.000
2025-11-21 04:55:57,mlx5_5,0.000,0.000,0.000,0.000
2025-11-21 04:55:57,mlx5_6,0.000,0.000,0.000,0.000
2025-11-21 04:55:57,mlx5_7,0.000,0.000,885.276,1180.489
2025-11-21 04:55:57,mlx5_8,0.000,0.000,0.000,0.000
2025-11-21 04:55:57,mlx5_9,0.000,0.000,0.000,0.000
2025-11-21 04:55:57,TOTAL,0.000,0.000,1060.105,1591.473
2025-11-21 04:55:58,mlx5_0,0.000,0.000,174.829,410.983
2025-11-21 04:55:58,mlx5_1,0.000,0.000,0.000,0.000
2025-11-21 04:55:58,mlx5_2,0.000,0.000,0.000,0.000
2025-11-21 04:55:58,mlx5_3,0.000,0.000,0.000,0.000
2025-11-21 04:55:58,mlx5_4,0.000,0.000,0.000,0.000
2025-11-21 04:55:58,mlx5_5,0.000,0.000,0.000,0.000
2025-11-21 04:55:58,mlx5_6,0.000,0.000,0.000,0.000
2025-11-21 04:55:58,mlx5_7,0.000,0.000,885.276,1180.489
2025-11-21 04:55:58,mlx5_8,0.000,0.000,0.000,0.000
2025-11-21 04:55:58,mlx5_9,0.000,0.000,0.000,0.000
2025-11-21 04:55:58,TOTAL,0.000,0.000,1060.105,1591.473
2025-11-21 04:55:59,mlx5_0,0.000,0.000,174.829,410.983
2025-11-21 04:55:59,mlx5_1,0.000,0.000,0.000,0.000
2025-11-21 04:55:59,mlx5_2,0.000,0.000,0.000,0.000
2025-11-21 04:55:59,mlx5_3,0.000,0.000,0.000,0.000
2025-11-21 04:55:59,mlx5_4,0.000,0.000,0.000,0.000
2025-11-21 04:55:59,mlx5_5,0.000,0.000,0.000,0.000
2025-11-21 04:55:59,mlx5_6,0.000,0.000,0.000,0.000
2025-11-21 04:55:59,mlx5_7,0.000,0.000,885.276,1180.489
2025-11-21 04:55:59,mlx5_8,0.000,0.000,0.000,0.000
2025-11-21 04:55:59,mlx5_9,0.000,0.000,0.000,0.000
2025-11-21 04:55:59,TOTAL,0.000,0.000,1060.105,1591.473
2025-11-21 04:56:00,mlx5_0,4.947,0.003,175.451,410.984
2025-11-21 04:56:00,mlx5_1,0.000,0.000,0.000,0.000
2025-11-21 04:56:00,mlx5_2,0.000,0.000,0.000,0.000
2025-11-21 04:56:00,mlx5_3,0.000,0.000,0.000,0.000
2025-11-21 04:56:00,mlx5_4,0.000,0.000,0.000,0.000
2025-11-21 04:56:00,mlx5_5,0.000,0.000,0.000,0.000
2025-11-21 04:56:00,mlx5_6,0.000,0.000,0.000,0.000
2025-11-21 04:56:00,mlx5_7,25.955,0.013,888.539,1180.491
2025-11-21 04:56:00,mlx5_8,0.000,0.000,0.000,0.000
2025-11-21 04:56:00,mlx5_9,0.000,0.000,0.000,0.000
2025-11-21 04:56:00,TOTAL,30.902,0.015,1063.990,1591.474
2025-11-21 04:56:01,mlx5_0,1.429,0.001,175.631,410.984
2025-11-21 04:56:01,mlx5_1,0.000,0.000,0.000,0.000
2025-11-21 04:56:01,mlx5_2,0.000,0.000,0.000,0.000
2025-11-21 04:56:01,mlx5_3,0.000,0.000,0.000,0.000
2025-11-21 04:56:01,mlx5_4,0.000,0.000,0.000,0.000
2025-11-21 04:56:01,mlx5_5,0.000,0.000,0.000,0.000
2025-11-21 04:56:01,mlx5_6,0.000,0.000,0.000,0.000
2025-11-21 04:56:01,mlx5_7,4.831,0.002,889.147,1180.491
2025-11-21 04:56:01,mlx5_8,0.000,0.000,0.000,0.000
2025-11-21 04:56:01,mlx5_9,0.000,0.000,0.000,0.000
2025-11-21 04:56:01,TOTAL,6.260,0.003,1064.779,1591.475
2025-11-21 04:56:02,mlx5_0,0.000,0.000,175.631,410.984
2025-11-21 04:56:02,mlx5_1,0.000,0.000,0.000,0.000
2025-11-21 04:56:02,mlx5_2,0.000,0.000,0.000,0.000
2025-11-21 04:56:02,mlx5_3,0.000,0.000,0.000,0.000
2025-11-21 04:56:02,mlx5_4,0.000,0.000,0.000,0.000
2025-11-21 04:56:02,mlx5_5,0.000,0.000,0.000,0.000
2025-11-21 04:56:02,mlx5_6,0.000,0.000,0.000,0.000
2025-11-21 04:56:02,mlx5_7,0.000,0.000,889.147,1180.491
2025-11-21 04:56:02,mlx5_8,0.000,0.000,0.000,0.000
2025-11-21 04:56:02,mlx5_9,0.000,0.000,0.000,0.000
2025-11-21 04:56:02,TOTAL,0.000,0.000,1064.779,1591.475
2025-11-21 04:56:03,mlx5_0,0.000,0.000,175.631,410.984
2025-11-21 04:56:03,mlx5_1,0.000,0.000,0.000,0.000
2025-11-21 04:56:03,mlx5_2,0.000,0.000,0.000,0.000
2025-11-21 04:56:03,mlx5_3,0.000,0.000,0.000,0.000
2025-11-21 04:56:03,mlx5_4,0.000,0.000,0.000,0.000
2025-11-21 04:56:03,mlx5_5,0.000,0.000,0.000,0.000
2025-11-21 04:56:03,mlx5_6,0.000,0.000,0.000,0.000
2025-11-21 04:56:03,mlx5_7,0.000,0.000,889.147,1180.491
2025-11-21 04:56:03,mlx5_8,0.000,0.000,0.000,0.000
2025-11-21 04:56:03,mlx5_9,0.000,0.000,0.000,0.000
2025-11-21 04:56:03,TOTAL,0.000,0.000,1064.779,1591.475
2025-11-21 04:56:04,mlx5_0,0.000,0.000,175.631,410.984
2025-11-21 04:56:04,mlx5_1,0.000,0.000,0.000,0.000
2025-11-21 04:56:04,mlx5_2,0.000,0.000,0.000,0.000
2025-11-21 04:56:04,mlx5_3,0.000,0.000,0.000,0.000
2025-11-21 04:56:04,mlx5_4,0.000,0.000,0.000,0.000
2025-11-21 04:56:04,mlx5_5,0.000,0.000,0.000,0.000
2025-11-21 04:56:04,mlx5_6,0.000,0.000,0.000,0.000
2025-11-21 04:56:04,mlx5_7,0.000,0.000,889.147,1180.491
2025-11-21 04:56:04,mlx5_8,0.000,0.000,0.000,0.000
2025-11-21 04:56:04,mlx5_9,0.000,0.000,0.000,0.000
2025-11-21 04:56:04,TOTAL,0.000,0.000,1064.779,1591.475
2025-11-21 04:56:05,mlx5_0,5.829,3.874,176.365,411.472
2025-11-21 04:56:05,mlx5_1,0.000,0.000,0.000,0.000
2025-11-21 04:56:05,mlx5_2,0.000,0.000,0.000,0.000
2025-11-21 04:56:05,mlx5_3,0.000,0.000,0.000,0.000
2025-11-21 04:56:05,mlx5_4,0.000,0.000,0.000,0.000
2025-11-21 04:56:05,mlx5_5,0.000,0.000,0.000,0.000
2025-11-21 04:56:05,mlx5_6,0.000,0.000,0.000,0.000
2025-11-21 04:56:05,mlx5_7,31.309,18.592,893.090,1182.832
2025-11-21 04:56:05,mlx5_8,0.000,0.000,0.000,0.000
2025-11-21 04:56:05,mlx5_9,0.000,0.000,0.000,0.000
2025-11-21 04:56:05,TOTAL,37.139,22.466,1069.455,1594.304
2025-11-21 04:56:06,mlx5_0,0.005,7.012,176.366,412.354
2025-11-21 04:56:06,mlx5_1,0.000,0.000,0.000,0.000
2025-11-21 04:56:06,mlx5_2,0.000,0.000,0.000,0.000
2025-11-21 04:56:06,mlx5_3,0.000,0.000,0.000,0.000
2025-11-21 04:56:06,mlx5_4,0.000,0.000,0.000,0.000
2025-11-21 04:56:06,mlx5_5,0.000,0.000,0.000,0.000
2025-11-21 04:56:06,mlx5_6,0.000,0.000,0.000,0.000
2025-11-21 04:56:06,mlx5_7,0.020,21.219,893.092,1185.501
2025-11-21 04:56:06,mlx5_8,0.000,0.000,0.000,0.000
2025-11-21 04:56:06,mlx5_9,0.000,0.000,0.000,0.000
2025-11-21 04:56:06,TOTAL,0.024,28.231,1069.458,1597.855
2025-11-21 04:56:07,mlx5_0,0.003,4.426,176.366,412.910
2025-11-21 04:56:07,mlx5_1,0.000,0.000,0.000,0.000
2025-11-21 04:56:07,mlx5_2,0.000,0.000,0.000,0.000
2025-11-21 04:56:07,mlx5_3,0.000,0.000,0.000,0.000
2025-11-21 04:56:07,mlx5_4,0.000,0.000,0.000,0.000
2025-11-21 04:56:07,mlx5_5,0.000,0.000,0.000,0.000
2025-11-21 04:56:07,mlx5_6,0.000,0.000,0.000,0.000
2025-11-21 04:56:07,mlx5_7,0.016,17.548,893.094,1187.708
2025-11-21 04:56:07,mlx5_8,0.000,0.000,0.000,0.000
2025-11-21 04:56:07,mlx5_9,0.000,0.000,0.000,0.000
2025-11-21 04:56:07,TOTAL,0.019,21.974,1069.460,1600.619
2025-11-21 04:56:08,mlx5_0,0.000,0.015,176.366,412.912
2025-11-21 04:56:08,mlx5_1,0.000,0.000,0.000,0.000
2025-11-21 04:56:08,mlx5_2,0.000,0.000,0.000,0.000
2025-11-21 04:56:08,mlx5_3,0.000,0.000,0.000,0.000
2025-11-21 04:56:08,mlx5_4,0.000,0.000,0.000,0.000
2025-11-21 04:56:08,mlx5_5,0.000,0.000,0.000,0.000
2025-11-21 04:56:08,mlx5_6,0.000,0.000,0.000,0.000
2025-11-21 04:56:08,mlx5_7,0.000,0.000,893.094,1187.708
2025-11-21 04:56:08,mlx5_8,0.000,0.000,0.000,0.000
2025-11-21 04:56:08,mlx5_9,0.000,0.000,0.000,0.000
2025-11-21 04:56:08,TOTAL,0.000,0.015,1069.460,1600.621
2025-11-21 04:56:09,mlx5_0,0.008,13.509,176.367,414.611
2025-11-21 04:56:09,mlx5_1,0.000,0.000,0.000,0.000
2025-11-21 04:56:09,mlx5_2,0.000,0.000,0.000,0.000
2025-11-21 04:56:09,mlx5_3,0.000,0.000,0.000,0.000
2025-11-21 04:56:09,mlx5_4,0.000,0.000,0.000,0.000
2025-11-21 04:56:09,mlx5_5,0.000,0.000,0.000,0.000
2025-11-21 04:56:09,mlx5_6,0.000,0.000,0.000,0.000
2025-11-21 04:56:09,mlx5_7,0.043,46.246,893.100,1193.523
2025-11-21 04:56:09,mlx5_8,0.000,0.000,0.000,0.000
2025-11-21 04:56:09,mlx5_9,0.000,0.000,0.000,0.000
2025-11-21 04:56:09,TOTAL,0.052,59.755,1069.467,1608.134
2025-11-21 04:56:10,mlx5_0,0.016,24.930,176.369,417.747
2025-11-21 04:56:10,mlx5_1,0.000,0.000,0.000,0.000
2025-11-21 04:56:10,mlx5_2,0.000,0.000,0.000,0.000
2025-11-21 04:56:10,mlx5_3,0.000,0.000,0.000,0.000
2025-11-21 04:56:10,mlx5_4,0.000,0.000,0.000,0.000
2025-11-21 04:56:10,mlx5_5,0.000,0.000,0.000,0.000
2025-11-21 04:56:10,mlx5_6,0.000,0.000,0.000,0.000
2025-11-21 04:56:10,mlx5_7,0.083,88.287,893.110,1204.630
2025-11-21 04:56:10,mlx5_8,0.000,0.000,0.000,0.000
2025-11-21 04:56:10,mlx5_9,0.000,0.000,0.000,0.000
2025-11-21 04:56:10,TOTAL,0.100,113.217,1069.479,1622.377
2025-11-21 04:56:11,mlx5_0,0.000,0.000,176.369,417.747
2025-11-21 04:56:11,mlx5_1,0.000,0.000,0.000,0.000
2025-11-21 04:56:11,mlx5_2,0.000,0.000,0.000,0.000
2025-11-21 04:56:11,mlx5_3,0.000,0.000,0.000,0.000
2025-11-21 04:56:11,mlx5_4,0.000,0.000,0.000,0.000
2025-11-21 04:56:11,mlx5_5,0.000,0.000,0.000,0.000
2025-11-21 04:56:11,mlx5_6,0.000,0.000,0.000,0.000
2025-11-21 04:56:11,mlx5_7,0.000,0.000,893.110,1204.630
2025-11-21 04:56:11,mlx5_8,0.000,0.000,0.000,0.000
2025-11-21 04:56:11,mlx5_9,0.000,0.000,0.000,0.000
2025-11-21 04:56:11,TOTAL,0.000,0.000,1069.479,1622.377
2025-11-21 04:56:12,mlx5_0,0.000,0.000,176.369,417.747
2025-11-21 04:56:12,mlx5_1,0.000,0.000,0.000,0.000
2025-11-21 04:56:12,mlx5_2,0.000,0.000,0.000,0.000
2025-11-21 04:56:12,mlx5_3,0.000,0.000,0.000,0.000
2025-11-21 04:56:12,mlx5_4,0.000,0.000,0.000,0.000
2025-11-21 04:56:12,mlx5_5,0.000,0.000,0.000,0.000
2025-11-21 04:56:12,mlx5_6,0.000,0.000,0.000,0.000
2025-11-21 04:56:12,mlx5_7,0.000,0.000,893.110,1204.630
2025-11-21 04:56:12,mlx5_8,0.000,0.000,0.000,0.000
2025-11-21 04:56:12,mlx5_9,0.000,0.000,0.000,0.000
2025-11-21 04:56:12,TOTAL,0.000,0.000,1069.479,1622.377
2025-11-21 04:56:13,mlx5_0,0.000,0.000,176.369,417.747
2025-11-21 04:56:13,mlx5_1,0.000,0.000,0.000,0.000
2025-11-21 04:56:13,mlx5_2,0.000,0.000,0.000,0.000
2025-11-21 04:56:13,mlx5_3,0.000,0.000,0.000,0.000
2025-11-21 04:56:13,mlx5_4,0.000,0.000,0.000,0.000
2025-11-21 04:56:13,mlx5_5,0.000,0.000,0.000,0.000
2025-11-21 04:56:13,mlx5_6,0.000,0.000,0.000,0.000
2025-11-21 04:56:13,mlx5_7,0.000,0.000,893.110,1204.630
2025-11-21 04:56:13,mlx5_8,0.000,0.000,0.000,0.000
2025-11-21 04:56:13,mlx5_9,0.000,0.000,0.000,0.000
2025-11-21 04:56:13,TOTAL,0.000,0.000,1069.479,1622.377
2025-11-21 04:56:14,mlx5_0,2.597,0.001,176.696,417.747
2025-11-21 04:56:14,mlx5_1,0.000,0.000,0.000,0.000
2025-11-21 04:56:14,mlx5_2,0.000,0.000,0.000,0.000
2025-11-21 04:56:14,mlx5_3,0.000,0.000,0.000,0.000
2025-11-21 04:56:14,mlx5_4,0.000,0.000,0.000,0.000
2025-11-21 04:56:14,mlx5_5,0.000,0.000,0.000,0.000
2025-11-21 04:56:14,mlx5_6,0.000,0.000,0.000,0.000
2025-11-21 04:56:14,mlx5_7,24.225,0.012,896.157,1204.631
2025-11-21 04:56:14,mlx5_8,0.000,0.000,0.000,0.000
2025-11-21 04:56:14,mlx5_9,0.000,0.000,0.000,0.000
2025-11-21 04:56:14,TOTAL,26.822,0.013,1072.853,1622.379
2025-11-21 04:56:15,mlx5_0,3.769,0.002,177.170,417.748
2025-11-21 04:56:15,mlx5_1,0.000,0.000,0.000,0.000
2025-11-21 04:56:15,mlx5_2,0.000,0.000,0.000,0.000
2025-11-21 04:56:15,mlx5_3,0.000,0.000,0.000,0.000
2025-11-21 04:56:15,mlx5_4,0.000,0.000,0.000,0.000
2025-11-21 04:56:15,mlx5_5,0.000,0.000,0.000,0.000
2025-11-21 04:56:15,mlx5_6,0.000,0.000,0.000,0.000
2025-11-21 04:56:15,mlx5_7,7.291,0.004,897.074,1204.632
2025-11-21 04:56:15,mlx5_8,0.000,0.000,0.000,0.000
2025-11-21 04:56:15,mlx5_9,0.000,0.000,0.000,0.000
2025-11-21 04:56:15,TOTAL,11.059,0.006,1074.244,1622.379
2025-11-21 04:56:16,mlx5_0,0.000,0.000,177.170,417.748
2025-11-21 04:56:16,mlx5_1,0.000,0.000,0.000,0.000
2025-11-21 04:56:16,mlx5_2,0.000,0.000,0.000,0.000
2025-11-21 04:56:16,mlx5_3,0.000,0.000,0.000,0.000
2025-11-21 04:56:16,mlx5_4,0.000,0.000,0.000,0.000
2025-11-21 04:56:16,mlx5_5,0.000,0.000,0.000,0.000
2025-11-21 04:56:16,mlx5_6,0.000,0.000,0.000,0.000
2025-11-21 04:56:16,mlx5_7,0.000,0.000,897.074,1204.632
2025-11-21 04:56:16,mlx5_8,0.000,0.000,0.000,0.000
2025-11-21 04:56:16,mlx5_9,0.000,0.000,0.000,0.000
2025-11-21 04:56:16,TOTAL,0.000,0.000,1074.244,1622.379
2025-11-21 04:56:17,mlx5_0,0.000,0.000,177.170,417.748
2025-11-21 04:56:17,mlx5_1,0.000,0.000,0.000,0.000
2025-11-21 04:56:17,mlx5_2,0.000,0.000,0.000,0.000
2025-11-21 04:56:17,mlx5_3,0.000,0.000,0.000,0.000
2025-11-21 04:56:17,mlx5_4,0.000,0.000,0.000,0.000
2025-11-21 04:56:17,mlx5_5,0.000,0.000,0.000,0.000
2025-11-21 04:56:17,mlx5_6,0.000,0.000,0.000,0.000
2025-11-21 04:56:17,mlx5_7,0.000,0.000,897.074,1204.632
2025-11-21 04:56:17,mlx5_8,0.000,0.000,0.000,0.000
2025-11-21 04:56:17,mlx5_9,0.000,0.000,0.000,0.000
2025-11-21 04:56:17,TOTAL,0.000,0.000,1074.244,1622.379
2025-11-21 04:56:18,mlx5_0,5.319,0.003,177.839,417.748
2025-11-21 04:56:18,mlx5_1,0.000,0.000,0.000,0.000
2025-11-21 04:56:18,mlx5_2,0.000,0.000,0.000,0.000
2025-11-21 04:56:18,mlx5_3,0.000,0.000,0.000,0.000
2025-11-21 04:56:18,mlx5_4,0.000,0.000,0.000,0.000
2025-11-21 04:56:18,mlx5_5,0.000,0.000,0.000,0.000
2025-11-21 04:56:18,mlx5_6,0.000,0.000,0.000,0.000
2025-11-21 04:56:18,mlx5_7,31.857,0.015,901.079,1204.634
2025-11-21 04:56:18,mlx5_8,0.000,0.000,0.000,0.000
2025-11-21 04:56:18,mlx5_9,0.000,0.000,0.000,0.000
2025-11-21 04:56:18,TOTAL,37.176,0.018,1078.918,1622.382
2025-11-21 04:56:19,mlx5_0,0.000,0.000,177.839,417.748
2025-11-21 04:56:19,mlx5_1,0.000,0.000,0.000,0.000
2025-11-21 04:56:19,mlx5_2,0.000,0.000,0.000,0.000
2025-11-21 04:56:19,mlx5_3,0.000,0.000,0.000,0.000
2025-11-21 04:56:19,mlx5_4,0.000,0.000,0.000,0.000
2025-11-21 04:56:19,mlx5_5,0.000,0.000,0.000,0.000
2025-11-21 04:56:19,mlx5_6,0.000,0.000,0.000,0.000
2025-11-21 04:56:19,mlx5_7,0.000,0.000,901.079,1204.634
2025-11-21 04:56:19,mlx5_8,0.000,0.000,0.000,0.000
2025-11-21 04:56:19,mlx5_9,0.000,0.000,0.000,0.000
2025-11-21 04:56:19,TOTAL,0.000,0.000,1078.918,1622.382
2025-11-21 04:56:20,mlx5_0,0.000,0.000,177.839,417.748
2025-11-21 04:56:20,mlx5_1,0.000,0.000,0.000,0.000
2025-11-21 04:56:20,mlx5_2,0.000,0.000,0.000,0.000
2025-11-21 04:56:20,mlx5_3,0.000,0.000,0.000,0.000
2025-11-21 04:56:20,mlx5_4,0.000,0.000,0.000,0.000
2025-11-21 04:56:20,mlx5_5,0.000,0.000,0.000,0.000
2025-11-21 04:56:20,mlx5_6,0.000,0.000,0.000,0.000
2025-11-21 04:56:20,mlx5_7,0.000,0.000,901.079,1204.634
2025-11-21 04:56:20,mlx5_8,0.000,0.000,0.000,0.000
2025-11-21 04:56:20,mlx5_9,0.000,0.000,0.000,0.000
2025-11-21 04:56:20,TOTAL,0.000,0.000,1078.918,1622.382
2025-11-21 04:56:21,mlx5_0,0.000,0.000,177.839,417.748
2025-11-21 04:56:21,mlx5_1,0.000,0.000,0.000,0.000
2025-11-21 04:56:21,mlx5_2,0.000,0.000,0.000,0.000
2025-11-21 04:56:21,mlx5_3,0.000,0.000,0.000,0.000
2025-11-21 04:56:21,mlx5_4,0.000,0.000,0.000,0.000
2025-11-21 04:56:21,mlx5_5,0.000,0.000,0.000,0.000
2025-11-21 04:56:21,mlx5_6,0.000,0.000,0.000,0.000
2025-11-21 04:56:21,mlx5_7,0.000,0.000,901.079,1204.634
2025-11-21 04:56:21,mlx5_8,0.000,0.000,0.000,0.000
2025-11-21 04:56:21,mlx5_9,0.000,0.000,0.000,0.000
2025-11-21 04:56:21,TOTAL,0.000,0.000,1078.918,1622.382
2025-11-21 04:56:22,mlx5_0,5.863,0.003,178.576,417.748
2025-11-21 04:56:22,mlx5_1,0.000,0.000,0.000,0.000
2025-11-21 04:56:22,mlx5_2,0.000,0.000,0.000,0.000
2025-11-21 04:56:22,mlx5_3,0.000,0.000,0.000,0.000
2025-11-21 04:56:22,mlx5_4,0.000,0.000,0.000,0.000
2025-11-21 04:56:22,mlx5_5,0.000,0.000,0.000,0.000
2025-11-21 04:56:22,mlx5_6,0.000,0.000,0.000,0.000
2025-11-21 04:56:22,mlx5_7,31.305,0.015,905.016,1204.636
2025-11-21 04:56:22,mlx5_8,0.000,0.000,0.000,0.000
2025-11-21 04:56:22,mlx5_9,0.000,0.000,0.000,0.000
2025-11-21 04:56:22,TOTAL,37.168,0.018,1083.592,1622.384
2025-11-21 04:56:23,mlx5_0,0.000,0.000,178.576,417.748
2025-11-21 04:56:23,mlx5_1,0.000,0.000,0.000,0.000
2025-11-21 04:56:23,mlx5_2,0.000,0.000,0.000,0.000
2025-11-21 04:56:23,mlx5_3,0.000,0.000,0.000,0.000
2025-11-21 04:56:23,mlx5_4,0.000,0.000,0.000,0.000
2025-11-21 04:56:23,mlx5_5,0.000,0.000,0.000,0.000
2025-11-21 04:56:23,mlx5_6,0.000,0.000,0.000,0.000
2025-11-21 04:56:23,mlx5_7,0.000,0.000,905.016,1204.636
2025-11-21 04:56:23,mlx5_8,0.000,0.000,0.000,0.000
2025-11-21 04:56:23,mlx5_9,0.000,0.000,0.000,0.000
2025-11-21 04:56:23,TOTAL,0.000,0.000,1083.592,1622.384
2025-11-21 04:56:24,mlx5_0,0.000,0.000,178.576,417.748
2025-11-21 04:56:24,mlx5_1,0.000,0.000,0.000,0.000
2025-11-21 04:56:24,mlx5_2,0.000,0.000,0.000,0.000
2025-11-21 04:56:24,mlx5_3,0.000,0.000,0.000,0.000
2025-11-21 04:56:24,mlx5_4,0.000,0.000,0.000,0.000
2025-11-21 04:56:24,mlx5_5,0.000,0.000,0.000,0.000
2025-11-21 04:56:24,mlx5_6,0.000,0.000,0.000,0.000
2025-11-21 04:56:24,mlx5_7,0.000,0.000,905.016,1204.636
2025-11-21 04:56:24,mlx5_8,0.000,0.000,0.000,0.000
2025-11-21 04:56:24,mlx5_9,0.000,0.000,0.000,0.000
2025-11-21 04:56:24,TOTAL,0.000,0.000,1083.592,1622.384
2025-11-21 04:56:25,mlx5_0,0.000,0.000,178.576,417.748
2025-11-21 04:56:25,mlx5_1,0.000,0.000,0.000,0.000
2025-11-21 04:56:25,mlx5_2,0.000,0.000,0.000,0.000
2025-11-21 04:56:25,mlx5_3,0.000,0.000,0.000,0.000
2025-11-21 04:56:25,mlx5_4,0.000,0.000,0.000,0.000
2025-11-21 04:56:25,mlx5_5,0.000,0.000,0.000,0.000
2025-11-21 04:56:25,mlx5_6,0.000,0.000,0.000,0.000
2025-11-21 04:56:25,mlx5_7,0.000,0.000,905.016,1204.636
2025-11-21 04:56:25,mlx5_8,0.000,0.000,0.000,0.000
2025-11-21 04:56:25,mlx5_9,0.000,0.000,0.000,0.000
2025-11-21 04:56:25,TOTAL,0.000,0.000,1083.592,1622.384
2025-11-21 04:56:26,mlx5_0,5.511,0.003,179.269,417.749
2025-11-21 04:56:26,mlx5_1,0.000,0.000,0.000,0.000
2025-11-21 04:56:26,mlx5_2,0.000,0.000,0.000,0.000
2025-11-21 04:56:26,mlx5_3,0.000,0.000,0.000,0.000
2025-11-21 04:56:26,mlx5_4,0.000,0.000,0.000,0.000
2025-11-21 04:56:26,mlx5_5,0.000,0.000,0.000,0.000
2025-11-21 04:56:26,mlx5_6,0.000,0.000,0.000,0.000
2025-11-21 04:56:26,mlx5_7,31.652,0.015,908.996,1204.638
2025-11-21 04:56:26,mlx5_8,0.000,0.000,0.000,0.000
2025-11-21 04:56:26,mlx5_9,0.000,0.000,0.000,0.000
2025-11-21 04:56:26,TOTAL,37.163,0.018,1088.265,1622.386
2025-11-21 04:56:27,mlx5_0,0.000,0.000,179.269,417.749
2025-11-21 04:56:27,mlx5_1,0.000,0.000,0.000,0.000
2025-11-21 04:56:27,mlx5_2,0.000,0.000,0.000,0.000
2025-11-21 04:56:27,mlx5_3,0.000,0.000,0.000,0.000
2025-11-21 04:56:27,mlx5_4,0.000,0.000,0.000,0.000
2025-11-21 04:56:27,mlx5_5,0.000,0.000,0.000,0.000
2025-11-21 04:56:27,mlx5_6,0.000,0.000,0.000,0.000
2025-11-21 04:56:27,mlx5_7,0.000,0.000,908.996,1204.638
2025-11-21 04:56:27,mlx5_8,0.000,0.000,0.000,0.000
2025-11-21 04:56:27,mlx5_9,0.000,0.000,0.000,0.000
2025-11-21 04:56:27,TOTAL,0.000,0.000,1088.265,1622.386
2025-11-21 04:56:28,mlx5_0,0.000,0.000,179.269,417.749
2025-11-21 04:56:28,mlx5_1,0.000,0.000,0.000,0.000
2025-11-21 04:56:28,mlx5_2,0.000,0.000,0.000,0.000
2025-11-21 04:56:28,mlx5_3,0.000,0.000,0.000,0.000
2025-11-21 04:56:28,mlx5_4,0.000,0.000,0.000,0.000
2025-11-21 04:56:28,mlx5_5,0.000,0.000,0.000,0.000
2025-11-21 04:56:28,mlx5_6,0.000,0.000,0.000,0.000
2025-11-21 04:56:28,mlx5_7,0.000,0.000,908.996,1204.638
2025-11-21 04:56:28,mlx5_8,0.000,0.000,0.000,0.000
2025-11-21 04:56:28,mlx5_9,0.000,0.000,0.000,0.000
2025-11-21 04:56:28,TOTAL,0.000,0.000,1088.265,1622.386
2025-11-21 04:56:29,mlx5_0,0.000,0.000,179.269,417.749
2025-11-21 04:56:29,mlx5_1,0.000,0.000,0.000,0.000
2025-11-21 04:56:29,mlx5_2,0.000,0.000,0.000,0.000
2025-11-21 04:56:29,mlx5_3,0.000,0.000,0.000,0.000
2025-11-21 04:56:29,mlx5_4,0.000,0.000,0.000,0.000
2025-11-21 04:56:29,mlx5_5,0.000,0.000,0.000,0.000
2025-11-21 04:56:29,mlx5_6,0.000,0.000,0.000,0.000
2025-11-21 04:56:29,mlx5_7,0.000,0.000,908.996,1204.638
2025-11-21 04:56:29,mlx5_8,0.000,0.000,0.000,0.000
2025-11-21 04:56:29,mlx5_9,0.000,0.000,0.000,0.000
2025-11-21 04:56:29,TOTAL,0.000,0.000,1088.265,1622.386
2025-11-21 04:56:30,mlx5_0,1.150,0.001,179.414,417.749
2025-11-21 04:56:30,mlx5_1,0.000,0.000,0.000,0.000
2025-11-21 04:56:30,mlx5_2,0.000,0.000,0.000,0.000
2025-11-21 04:56:30,mlx5_3,0.000,0.000,0.000,0.000
2025-11-21 04:56:30,mlx5_4,0.000,0.000,0.000,0.000
2025-11-21 04:56:30,mlx5_5,0.000,0.000,0.000,0.000
2025-11-21 04:56:30,mlx5_6,0.000,0.000,0.000,0.000
2025-11-21 04:56:30,mlx5_7,24.674,0.012,912.099,1204.639
2025-11-21 04:56:30,mlx5_8,0.000,0.000,0.000,0.000
2025-11-21 04:56:30,mlx5_9,0.000,0.000,0.000,0.000
2025-11-21 04:56:30,TOTAL,25.824,0.013,1091.513,1622.388
2025-11-21 04:56:31,mlx5_0,3.487,0.002,179.863,417.749
2025-11-21 04:56:31,mlx5_1,0.000,0.000,0.000,0.000
2025-11-21 04:56:31,mlx5_2,0.000,0.000,0.000,0.000
2025-11-21 04:56:31,mlx5_3,0.000,0.000,0.000,0.000
2025-11-21 04:56:31,mlx5_4,0.000,0.000,0.000,0.000
2025-11-21 04:56:31,mlx5_5,0.000,0.000,0.000,0.000
2025-11-21 04:56:31,mlx5_6,0.000,0.000,0.000,0.000
2025-11-21 04:56:31,mlx5_7,7.572,0.004,913.076,1204.640
2025-11-21 04:56:31,mlx5_8,0.000,0.000,0.000,0.000
2025-11-21 04:56:31,mlx5_9,0.000,0.000,0.000,0.000
2025-11-21 04:56:31,TOTAL,11.059,0.006,1092.939,1622.388
2025-11-21 04:56:32,mlx5_0,0.000,0.000,179.863,417.749
2025-11-21 04:56:32,mlx5_1,0.000,0.000,0.000,0.000
2025-11-21 04:56:32,mlx5_2,0.000,0.000,0.000,0.000
2025-11-21 04:56:32,mlx5_3,0.000,0.000,0.000,0.000
2025-11-21 04:56:32,mlx5_4,0.000,0.000,0.000,0.000
2025-11-21 04:56:32,mlx5_5,0.000,0.000,0.000,0.000
2025-11-21 04:56:32,mlx5_6,0.000,0.000,0.000,0.000
2025-11-21 04:56:32,mlx5_7,0.000,0.000,913.076,1204.640
2025-11-21 04:56:32,mlx5_8,0.000,0.000,0.000,0.000
2025-11-21 04:56:32,mlx5_9,0.000,0.000,0.000,0.000
2025-11-21 04:56:32,TOTAL,0.000,0.000,1092.939,1622.388
2025-11-21 04:56:33,mlx5_0,0.000,0.000,179.863,417.749
2025-11-21 04:56:33,mlx5_1,0.000,0.000,0.000,0.000
2025-11-21 04:56:33,mlx5_2,0.000,0.000,0.000,0.000
2025-11-21 04:56:33,mlx5_3,0.000,0.000,0.000,0.000
2025-11-21 04:56:33,mlx5_4,0.000,0.000,0.000,0.000
2025-11-21 04:56:33,mlx5_5,0.000,0.000,0.000,0.000
2025-11-21 04:56:33,mlx5_6,0.000,0.000,0.000,0.000
2025-11-21 04:56:33,mlx5_7,0.000,0.000,913.076,1204.640
2025-11-21 04:56:33,mlx5_8,0.000,0.000,0.000,0.000
2025-11-21 04:56:33,mlx5_9,0.000,0.000,0.000,0.000
2025-11-21 04:56:33,TOTAL,0.000,0.000,1092.939,1622.388
2025-11-21 04:56:34,mlx5_0,0.000,0.000,179.863,417.749
2025-11-21 04:56:34,mlx5_1,0.000,0.000,0.000,0.000
2025-11-21 04:56:34,mlx5_2,0.000,0.000,0.000,0.000
2025-11-21 04:56:34,mlx5_3,0.000,0.000,0.000,0.000
2025-11-21 04:56:34,mlx5_4,0.000,0.000,0.000,0.000
2025-11-21 04:56:34,mlx5_5,0.000,0.000,0.000,0.000
2025-11-21 04:56:34,mlx5_6,0.000,0.000,0.000,0.000
2025-11-21 04:56:34,mlx5_7,0.000,0.000,913.076,1204.640
2025-11-21 04:56:34,mlx5_8,0.000,0.000,0.000,0.000
2025-11-21 04:56:34,mlx5_9,0.000,0.000,0.000,0.000
2025-11-21 04:56:34,TOTAL,0.000,0.000,1092.939,1622.388
2025-11-21 04:56:35,mlx5_0,3.113,0.335,180.255,417.791
2025-11-21 04:56:35,mlx5_1,0.000,0.000,0.000,0.000
2025-11-21 04:56:35,mlx5_2,0.000,0.000,0.000,0.000
2025-11-21 04:56:35,mlx5_3,0.000,0.000,0.000,0.000
2025-11-21 04:56:35,mlx5_4,0.000,0.000,0.000,0.000
2025-11-21 04:56:35,mlx5_5,0.000,0.000,0.000,0.000
2025-11-21 04:56:35,mlx5_6,0.000,0.000,0.000,0.000
2025-11-21 04:56:35,mlx5_7,28.217,3.513,916.621,1205.081
2025-11-21 04:56:35,mlx5_8,0.000,0.000,0.000,0.000
2025-11-21 04:56:35,mlx5_9,0.000,0.000,0.000,0.000
2025-11-21 04:56:35,TOTAL,31.330,3.847,1096.876,1622.872
2025-11-21 04:56:36,mlx5_0,2.186,19.498,180.530,420.244
2025-11-21 04:56:36,mlx5_1,0.000,0.000,0.000,0.000
2025-11-21 04:56:36,mlx5_2,0.000,0.000,0.000,0.000
2025-11-21 04:56:36,mlx5_3,0.000,0.000,0.000,0.000
2025-11-21 04:56:36,mlx5_4,0.000,0.000,0.000,0.000
2025-11-21 04:56:36,mlx5_5,0.000,0.000,0.000,0.000
2025-11-21 04:56:36,mlx5_6,0.000,0.000,0.000,0.000
2025-11-21 04:56:36,mlx5_7,3.741,60.673,917.092,1212.715
2025-11-21 04:56:36,mlx5_8,0.000,0.000,0.000,0.000
2025-11-21 04:56:36,mlx5_9,0.000,0.000,0.000,0.000
2025-11-21 04:56:36,TOTAL,5.927,80.171,1097.622,1632.959
2025-11-21 04:56:37,mlx5_0,0.017,28.078,180.532,423.776
2025-11-21 04:56:37,mlx5_1,0.000,0.000,0.000,0.000
2025-11-21 04:56:37,mlx5_2,0.000,0.000,0.000,0.000
2025-11-21 04:56:37,mlx5_3,0.000,0.000,0.000,0.000
2025-11-21 04:56:37,mlx5_4,0.000,0.000,0.000,0.000
2025-11-21 04:56:37,mlx5_5,0.000,0.000,0.000,0.000
2025-11-21 04:56:37,mlx5_6,0.000,0.000,0.000,0.000
2025-11-21 04:56:37,mlx5_7,0.058,62.885,917.100,1220.624
2025-11-21 04:56:37,mlx5_8,0.000,0.000,0.000,0.000
2025-11-21 04:56:37,mlx5_9,0.000,0.000,0.000,0.000
2025-11-21 04:56:37,TOTAL,0.076,90.963,1097.631,1644.400
2025-11-21 04:56:38,mlx5_0,0.014,22.553,180.534,426.610
2025-11-21 04:56:38,mlx5_1,0.000,0.000,0.000,0.000
2025-11-21 04:56:38,mlx5_2,0.000,0.000,0.000,0.000
2025-11-21 04:56:38,mlx5_3,0.000,0.000,0.000,0.000
2025-11-21 04:56:38,mlx5_4,0.000,0.000,0.000,0.000
2025-11-21 04:56:38,mlx5_5,0.000,0.000,0.000,0.000
2025-11-21 04:56:38,mlx5_6,0.000,0.000,0.000,0.000
2025-11-21 04:56:38,mlx5_7,0.052,55.620,917.106,1227.614
2025-11-21 04:56:38,mlx5_8,0.000,0.000,0.000,0.000
2025-11-21 04:56:38,mlx5_9,0.000,0.000,0.000,0.000
2025-11-21 04:56:38,TOTAL,0.066,78.173,1097.640,1654.225
2025-11-21 04:56:39,mlx5_0,0.000,0.000,180.534,426.610
2025-11-21 04:56:39,mlx5_1,0.000,0.000,0.000,0.000
2025-11-21 04:56:39,mlx5_2,0.000,0.000,0.000,0.000
2025-11-21 04:56:39,mlx5_3,0.000,0.000,0.000,0.000
2025-11-21 04:56:39,mlx5_4,0.000,0.000,0.000,0.000
2025-11-21 04:56:39,mlx5_5,0.000,0.000,0.000,0.000
2025-11-21 04:56:39,mlx5_6,0.000,0.000,0.000,0.000
2025-11-21 04:56:39,mlx5_7,0.000,0.000,917.106,1227.614
2025-11-21 04:56:39,mlx5_8,0.000,0.000,0.000,0.000
2025-11-21 04:56:39,mlx5_9,0.000,0.000,0.000,0.000
2025-11-21 04:56:39,TOTAL,0.000,0.000,1097.640,1654.225
2025-11-21 04:56:40,mlx5_0,0.000,0.000,180.534,426.610
2025-11-21 04:56:40,mlx5_1,0.000,0.000,0.000,0.000
2025-11-21 04:56:40,mlx5_2,0.000,0.000,0.000,0.000
2025-11-21 04:56:40,mlx5_3,0.000,0.000,0.000,0.000
2025-11-21 04:56:40,mlx5_4,0.000,0.000,0.000,0.000
2025-11-21 04:56:40,mlx5_5,0.000,0.000,0.000,0.000
2025-11-21 04:56:40,mlx5_6,0.000,0.000,0.000,0.000
2025-11-21 04:56:40,mlx5_7,0.000,0.000,917.106,1227.614
2025-11-21 04:56:40,mlx5_8,0.000,0.000,0.000,0.000
2025-11-21 04:56:40,mlx5_9,0.000,0.000,0.000,0.000
2025-11-21 04:56:40,TOTAL,0.000,0.000,1097.640,1654.225
2025-11-21 04:56:41,mlx5_0,0.000,0.000,180.534,426.610
2025-11-21 04:56:41,mlx5_1,0.000,0.000,0.000,0.000
2025-11-21 04:56:41,mlx5_2,0.000,0.000,0.000,0.000
2025-11-21 04:56:41,mlx5_3,0.000,0.000,0.000,0.000
2025-11-21 04:56:41,mlx5_4,0.000,0.000,0.000,0.000
2025-11-21 04:56:41,mlx5_5,0.000,0.000,0.000,0.000
2025-11-21 04:56:41,mlx5_6,0.000,0.000,0.000,0.000
2025-11-21 04:56:41,mlx5_7,0.000,0.000,917.106,1227.614
2025-11-21 04:56:41,mlx5_8,0.000,0.000,0.000,0.000
2025-11-21 04:56:41,mlx5_9,0.000,0.000,0.000,0.000
2025-11-21 04:56:41,TOTAL,0.000,0.000,1097.640,1654.225
2025-11-21 04:56:42,mlx5_0,0.006,0.000,180.534,426.610
2025-11-21 04:56:42,mlx5_1,0.000,0.000,0.000,0.000
2025-11-21 04:56:42,mlx5_2,0.000,0.000,0.000,0.000
2025-11-21 04:56:42,mlx5_3,0.000,0.000,0.000,0.000
2025-11-21 04:56:42,mlx5_4,0.000,0.000,0.000,0.000
2025-11-21 04:56:42,mlx5_5,0.000,0.000,0.000,0.000
2025-11-21 04:56:42,mlx5_6,0.000,0.000,0.000,0.000
2025-11-21 04:56:42,mlx5_7,0.687,0.000,917.192,1227.615
2025-11-21 04:56:42,mlx5_8,0.000,0.000,0.000,0.000
2025-11-21 04:56:42,mlx5_9,0.000,0.000,0.000,0.000
2025-11-21 04:56:42,TOTAL,0.693,0.001,1097.727,1654.225
2025-11-21 04:56:43,mlx5_0,5.623,0.003,181.242,426.610
2025-11-21 04:56:43,mlx5_1,0.000,0.000,0.000,0.000
2025-11-21 04:56:43,mlx5_2,0.000,0.000,0.000,0.000
2025-11-21 04:56:43,mlx5_3,0.000,0.000,0.000,0.000
2025-11-21 04:56:43,mlx5_4,0.000,0.000,0.000,0.000
2025-11-21 04:56:43,mlx5_5,0.000,0.000,0.000,0.000
2025-11-21 04:56:43,mlx5_6,0.000,0.000,0.000,0.000
2025-11-21 04:56:43,mlx5_7,29.245,0.014,920.871,1227.616
2025-11-21 04:56:43,mlx5_8,0.000,0.000,0.000,0.000
2025-11-21 04:56:43,mlx5_9,0.000,0.000,0.000,0.000
2025-11-21 04:56:43,TOTAL,34.869,0.017,1102.113,1654.227
2025-11-21 04:56:44,mlx5_0,0.000,0.000,181.242,426.610
2025-11-21 04:56:44,mlx5_1,0.000,0.000,0.000,0.000
2025-11-21 04:56:44,mlx5_2,0.000,0.000,0.000,0.000
2025-11-21 04:56:44,mlx5_3,0.000,0.000,0.000,0.000
2025-11-21 04:56:44,mlx5_4,0.000,0.000,0.000,0.000
2025-11-21 04:56:44,mlx5_5,0.000,0.000,0.000,0.000
2025-11-21 04:56:44,mlx5_6,0.000,0.000,0.000,0.000
2025-11-21 04:56:44,mlx5_7,0.000,0.000,920.871,1227.616
2025-11-21 04:56:44,mlx5_8,0.000,0.000,0.000,0.000
2025-11-21 04:56:44,mlx5_9,0.000,0.000,0.000,0.000
2025-11-21 04:56:44,TOTAL,0.000,0.000,1102.113,1654.227
2025-11-21 04:56:45,mlx5_0,0.000,0.000,181.242,426.610
2025-11-21 04:56:45,mlx5_1,0.000,0.000,0.000,0.000
2025-11-21 04:56:45,mlx5_2,0.000,0.000,0.000,0.000
2025-11-21 04:56:45,mlx5_3,0.000,0.000,0.000,0.000
2025-11-21 04:56:45,mlx5_4,0.000,0.000,0.000,0.000
2025-11-21 04:56:45,mlx5_5,0.000,0.000,0.000,0.000
2025-11-21 04:56:45,mlx5_6,0.000,0.000,0.000,0.000
2025-11-21 04:56:45,mlx5_7,0.000,0.000,920.871,1227.616
2025-11-21 04:56:45,mlx5_8,0.000,0.000,0.000,0.000
2025-11-21 04:56:45,mlx5_9,0.000,0.000,0.000,0.000
2025-11-21 04:56:45,TOTAL,0.000,0.000,1102.113,1654.227
2025-11-21 04:56:46,mlx5_0,6.486,0.003,182.056,426.611
2025-11-21 04:56:46,mlx5_1,0.000,0.000,0.000,0.000
2025-11-21 04:56:46,mlx5_2,0.000,0.000,0.000,0.000
2025-11-21 04:56:46,mlx5_3,0.000,0.000,0.000,0.000
2025-11-21 04:56:46,mlx5_4,0.000,0.000,0.000,0.000
2025-11-21 04:56:46,mlx5_5,0.000,0.000,0.000,0.000
2025-11-21 04:56:46,mlx5_6,0.000,0.000,0.000,0.000
2025-11-21 04:56:46,mlx5_7,29.526,0.014,924.579,1227.618
2025-11-21 04:56:46,mlx5_8,0.000,0.000,0.000,0.000
2025-11-21 04:56:46,mlx5_9,0.000,0.000,0.000,0.000
2025-11-21 04:56:46,TOTAL,36.013,0.017,1106.635,1654.229
2025-11-21 04:56:47,mlx5_0,0.711,0.000,182.146,426.611
2025-11-21 04:56:47,mlx5_1,0.000,0.000,0.000,0.000
2025-11-21 04:56:47,mlx5_2,0.000,0.000,0.000,0.000
2025-11-21 04:56:47,mlx5_3,0.000,0.000,0.000,0.000
2025-11-21 04:56:47,mlx5_4,0.000,0.000,0.000,0.000
2025-11-21 04:56:47,mlx5_5,0.000,0.000,0.000,0.000
2025-11-21 04:56:47,mlx5_6,0.000,0.000,0.000,0.000
2025-11-21 04:56:47,mlx5_7,0.490,0.000,924.640,1227.618
2025-11-21 04:56:47,mlx5_8,0.000,0.000,0.000,0.000
2025-11-21 04:56:47,mlx5_9,0.000,0.000,0.000,0.000
2025-11-21 04:56:47,TOTAL,1.201,0.001,1106.786,1654.229
2025-11-21 04:56:48,mlx5_0,0.000,0.000,182.146,426.611
2025-11-21 04:56:48,mlx5_1,0.000,0.000,0.000,0.000
2025-11-21 04:56:48,mlx5_2,0.000,0.000,0.000,0.000
2025-11-21 04:56:48,mlx5_3,0.000,0.000,0.000,0.000
2025-11-21 04:56:48,mlx5_4,0.000,0.000,0.000,0.000
2025-11-21 04:56:48,mlx5_5,0.000,0.000,0.000,0.000
2025-11-21 04:56:48,mlx5_6,0.000,0.000,0.000,0.000
2025-11-21 04:56:48,mlx5_7,0.000,0.000,924.640,1227.618
2025-11-21 04:56:48,mlx5_8,0.000,0.000,0.000,0.000
2025-11-21 04:56:48,mlx5_9,0.000,0.000,0.000,0.000
2025-11-21 04:56:48,TOTAL,0.000,0.000,1106.786,1654.229
2025-11-21 04:56:49,mlx5_0,0.000,0.000,182.146,426.611
2025-11-21 04:56:49,mlx5_1,0.000,0.000,0.000,0.000
2025-11-21 04:56:49,mlx5_2,0.000,0.000,0.000,0.000
2025-11-21 04:56:49,mlx5_3,0.000,0.000,0.000,0.000
2025-11-21 04:56:49,mlx5_4,0.000,0.000,0.000,0.000
2025-11-21 04:56:49,mlx5_5,0.000,0.000,0.000,0.000
2025-11-21 04:56:49,mlx5_6,0.000,0.000,0.000,0.000
2025-11-21 04:56:49,mlx5_7,0.000,0.000,924.640,1227.618
2025-11-21 04:56:49,mlx5_8,0.000,0.000,0.000,0.000
2025-11-21 04:56:49,mlx5_9,0.000,0.000,0.000,0.000
2025-11-21 04:56:49,TOTAL,0.000,0.000,1106.786,1654.229
2025-11-21 04:56:50,mlx5_0,5.387,0.003,182.822,426.611
2025-11-21 04:56:50,mlx5_1,0.000,0.000,0.000,0.000
2025-11-21 04:56:50,mlx5_2,0.000,0.000,0.000,0.000
2025-11-21 04:56:50,mlx5_3,0.000,0.000,0.000,0.000
2025-11-21 04:56:50,mlx5_4,0.000,0.000,0.000,0.000
2025-11-21 04:56:50,mlx5_5,0.000,0.000,0.000,0.000
2025-11-21 04:56:50,mlx5_6,0.000,0.000,0.000,0.000
2025-11-21 04:56:50,mlx5_7,31.823,0.015,928.638,1227.620
2025-11-21 04:56:50,mlx5_8,0.000,0.000,0.000,0.000
2025-11-21 04:56:50,mlx5_9,0.000,0.000,0.000,0.000
2025-11-21 04:56:50,TOTAL,37.210,0.018,1111.460,1654.231
2025-11-21 04:56:51,mlx5_0,0.000,0.000,182.822,426.611
2025-11-21 04:56:51,mlx5_1,0.000,0.000,0.000,0.000
2025-11-21 04:56:51,mlx5_2,0.000,0.000,0.000,0.000
2025-11-21 04:56:51,mlx5_3,0.000,0.000,0.000,0.000
2025-11-21 04:56:51,mlx5_4,0.000,0.000,0.000,0.000
2025-11-21 04:56:51,mlx5_5,0.000,0.000,0.000,0.000
2025-11-21 04:56:51,mlx5_6,0.000,0.000,0.000,0.000
2025-11-21 04:56:51,mlx5_7,0.000,0.000,928.638,1227.620
2025-11-21 04:56:51,mlx5_8,0.000,0.000,0.000,0.000
2025-11-21 04:56:51,mlx5_9,0.000,0.000,0.000,0.000
2025-11-21 04:56:51,TOTAL,0.000,0.000,1111.460,1654.231
2025-11-21 04:56:52,mlx5_0,0.000,0.000,182.822,426.611
2025-11-21 04:56:52,mlx5_1,0.000,0.000,0.000,0.000
2025-11-21 04:56:52,mlx5_2,0.000,0.000,0.000,0.000
2025-11-21 04:56:52,mlx5_3,0.000,0.000,0.000,0.000
2025-11-21 04:56:52,mlx5_4,0.000,0.000,0.000,0.000
2025-11-21 04:56:52,mlx5_5,0.000,0.000,0.000,0.000
2025-11-21 04:56:52,mlx5_6,0.000,0.000,0.000,0.000
2025-11-21 04:56:52,mlx5_7,0.000,0.000,928.638,1227.620
2025-11-21 04:56:52,mlx5_8,0.000,0.000,0.000,0.000
2025-11-21 04:56:52,mlx5_9,0.000,0.000,0.000,0.000
2025-11-21 04:56:52,TOTAL,0.000,0.000,1111.460,1654.231
2025-11-21 04:56:53,mlx5_0,0.000,0.000,182.822,426.611
2025-11-21 04:56:53,mlx5_1,0.000,0.000,0.000,0.000
2025-11-21 04:56:53,mlx5_2,0.000,0.000,0.000,0.000
2025-11-21 04:56:53,mlx5_3,0.000,0.000,0.000,0.000
2025-11-21 04:56:53,mlx5_4,0.000,0.000,0.000,0.000
2025-11-21 04:56:53,mlx5_5,0.000,0.000,0.000,0.000
2025-11-21 04:56:53,mlx5_6,0.000,0.000,0.000,0.000
2025-11-21 04:56:53,mlx5_7,0.000,0.000,928.638,1227.620
2025-11-21 04:56:53,mlx5_8,0.000,0.000,0.000,0.000
2025-11-21 04:56:53,mlx5_9,0.000,0.000,0.000,0.000
2025-11-21 04:56:53,TOTAL,0.000,0.000,1111.460,1654.231
2025-11-21 04:56:54,mlx5_0,5.809,0.003,183.553,426.612
2025-11-21 04:56:54,mlx5_1,0.000,0.000,0.000,0.000
2025-11-21 04:56:54,mlx5_2,0.000,0.000,0.000,0.000
2025-11-21 04:56:54,mlx5_3,0.000,0.000,0.000,0.000
2025-11-21 04:56:54,mlx5_4,0.000,0.000,0.000,0.000
2025-11-21 04:56:54,mlx5_5,0.000,0.000,0.000,0.000
2025-11-21 04:56:54,mlx5_6,0.000,0.000,0.000,0.000
2025-11-21 04:56:54,mlx5_7,31.364,0.015,932.581,1227.622
2025-11-21 04:56:54,mlx5_8,0.000,0.000,0.000,0.000
2025-11-21 04:56:54,mlx5_9,0.000,0.000,0.000,0.000
2025-11-21 04:56:54,TOTAL,37.173,0.018,1116.134,1654.234
2025-11-21 04:56:55,mlx5_0,0.000,0.000,183.553,426.612
2025-11-21 04:56:55,mlx5_1,0.000,0.000,0.000,0.000
2025-11-21 04:56:55,mlx5_2,0.000,0.000,0.000,0.000
2025-11-21 04:56:55,mlx5_3,0.000,0.000,0.000,0.000
2025-11-21 04:56:55,mlx5_4,0.000,0.000,0.000,0.000
2025-11-21 04:56:55,mlx5_5,0.000,0.000,0.000,0.000
2025-11-21 04:56:55,mlx5_6,0.000,0.000,0.000,0.000
2025-11-21 04:56:55,mlx5_7,0.000,0.000,932.581,1227.622
2025-11-21 04:56:55,mlx5_8,0.000,0.000,0.000,0.000
2025-11-21 04:56:55,mlx5_9,0.000,0.000,0.000,0.000
2025-11-21 04:56:55,TOTAL,0.000,0.000,1116.134,1654.234
2025-11-21 04:56:56,mlx5_0,0.000,0.000,183.553,426.612
2025-11-21 04:56:56,mlx5_1,0.000,0.000,0.000,0.000
2025-11-21 04:56:56,mlx5_2,0.000,0.000,0.000,0.000
2025-11-21 04:56:56,mlx5_3,0.000,0.000,0.000,0.000
2025-11-21 04:56:56,mlx5_4,0.000,0.000,0.000,0.000
2025-11-21 04:56:56,mlx5_5,0.000,0.000,0.000,0.000
2025-11-21 04:56:56,mlx5_6,0.000,0.000,0.000,0.000
2025-11-21 04:56:56,mlx5_7,0.000,0.000,932.581,1227.622
2025-11-21 04:56:56,mlx5_8,0.000,0.000,0.000,0.000
2025-11-21 04:56:56,mlx5_9,0.000,0.000,0.000,0.000
2025-11-21 04:56:56,TOTAL,0.000,0.000,1116.134,1654.234
2025-11-21 04:56:57,mlx5_0,0.000,0.000,183.553,426.612
2025-11-21 04:56:57,mlx5_1,0.000,0.000,0.000,0.000
2025-11-21 04:56:57,mlx5_2,0.000,0.000,0.000,0.000
2025-11-21 04:56:57,mlx5_3,0.000,0.000,0.000,0.000
2025-11-21 04:56:57,mlx5_4,0.000,0.000,0.000,0.000
2025-11-21 04:56:57,mlx5_5,0.000,0.000,0.000,0.000
2025-11-21 04:56:57,mlx5_6,0.000,0.000,0.000,0.000
2025-11-21 04:56:57,mlx5_7,0.000,0.000,932.581,1227.622
2025-11-21 04:56:57,mlx5_8,0.000,0.000,0.000,0.000
2025-11-21 04:56:57,mlx5_9,0.000,0.000,0.000,0.000
2025-11-21 04:56:57,TOTAL,0.000,0.000,1116.134,1654.234
2025-11-21 04:56:58,mlx5_0,3.507,0.002,183.994,426.612
2025-11-21 04:56:58,mlx5_1,0.000,0.000,0.000,0.000
2025-11-21 04:56:58,mlx5_2,0.000,0.000,0.000,0.000
2025-11-21 04:56:58,mlx5_3,0.000,0.000,0.000,0.000
2025-11-21 04:56:58,mlx5_4,0.000,0.000,0.000,0.000
2025-11-21 04:56:58,mlx5_5,0.000,0.000,0.000,0.000
2025-11-21 04:56:58,mlx5_6,0.000,0.000,0.000,0.000
2025-11-21 04:56:58,mlx5_7,27.998,0.013,936.103,1227.624
2025-11-21 04:56:58,mlx5_8,0.000,0.000,0.000,0.000
2025-11-21 04:56:58,mlx5_9,0.000,0.000,0.000,0.000
2025-11-21 04:56:58,TOTAL,31.505,0.015,1120.097,1654.235
2025-11-21 04:56:59,mlx5_0,2.690,0.001,184.337,426.612
2025-11-21 04:56:59,mlx5_1,0.000,0.000,0.000,0.000
2025-11-21 04:56:59,mlx5_2,0.000,0.000,0.000,0.000
2025-11-21 04:56:59,mlx5_3,0.000,0.000,0.000,0.000
2025-11-21 04:56:59,mlx5_4,0.000,0.000,0.000,0.000
2025-11-21 04:56:59,mlx5_5,0.000,0.000,0.000,0.000
2025-11-21 04:56:59,mlx5_6,0.000,0.000,0.000,0.000
2025-11-21 04:56:59,mlx5_7,3.329,0.002,936.528,1227.624
2025-11-21 04:56:59,mlx5_8,0.000,0.000,0.000,0.000
2025-11-21 04:56:59,mlx5_9,0.000,0.000,0.000,0.000
2025-11-21 04:56:59,TOTAL,6.019,0.003,1120.865,1654.236
2025-11-21 04:57:00,mlx5_0,0.000,0.000,184.337,426.612
2025-11-21 04:57:00,mlx5_1,0.000,0.000,0.000,0.000
2025-11-21 04:57:00,mlx5_2,0.000,0.000,0.000,0.000
2025-11-21 04:57:00,mlx5_3,0.000,0.000,0.000,0.000
2025-11-21 04:57:00,mlx5_4,0.000,0.000,0.000,0.000
2025-11-21 04:57:00,mlx5_5,0.000,0.000,0.000,0.000
2025-11-21 04:57:00,mlx5_6,0.000,0.000,0.000,0.000
2025-11-21 04:57:00,mlx5_7,0.000,0.000,936.528,1227.624
2025-11-21 04:57:00,mlx5_8,0.000,0.000,0.000,0.000
2025-11-21 04:57:00,mlx5_9,0.000,0.000,0.000,0.000
2025-11-21 04:57:00,TOTAL,0.000,0.000,1120.865,1654.236
2025-11-21 04:57:01,mlx5_0,0.000,0.000,184.337,426.612
2025-11-21 04:57:01,mlx5_1,0.000,0.000,0.000,0.000
2025-11-21 04:57:01,mlx5_2,0.000,0.000,0.000,0.000
2025-11-21 04:57:01,mlx5_3,0.000,0.000,0.000,0.000
2025-11-21 04:57:01,mlx5_4,0.000,0.000,0.000,0.000
2025-11-21 04:57:01,mlx5_5,0.000,0.000,0.000,0.000
2025-11-21 04:57:01,mlx5_6,0.000,0.000,0.000,0.000
2025-11-21 04:57:01,mlx5_7,0.000,0.000,936.528,1227.624
2025-11-21 04:57:01,mlx5_8,0.000,0.000,0.000,0.000
2025-11-21 04:57:01,mlx5_9,0.000,0.000,0.000,0.000
2025-11-21 04:57:01,TOTAL,0.000,0.000,1120.865,1654.236
2025-11-21 04:57:02,mlx5_0,0.000,0.000,184.337,426.612
2025-11-21 04:57:02,mlx5_1,0.000,0.000,0.000,0.000
2025-11-21 04:57:02,mlx5_2,0.000,0.000,0.000,0.000
2025-11-21 04:57:02,mlx5_3,0.000,0.000,0.000,0.000
2025-11-21 04:57:02,mlx5_4,0.000,0.000,0.000,0.000
2025-11-21 04:57:02,mlx5_5,0.000,0.000,0.000,0.000
2025-11-21 04:57:02,mlx5_6,0.000,0.000,0.000,0.000
2025-11-21 04:57:02,mlx5_7,0.000,0.000,936.528,1227.624
2025-11-21 04:57:02,mlx5_8,0.000,0.000,0.000,0.000
2025-11-21 04:57:02,mlx5_9,0.000,0.000,0.000,0.000
2025-11-21 04:57:02,TOTAL,0.000,0.000,1120.865,1654.236
2025-11-21 04:57:03,mlx5_0,5.372,5.652,185.013,427.323
2025-11-21 04:57:03,mlx5_1,0.000,0.000,0.000,0.000
2025-11-21 04:57:03,mlx5_2,0.000,0.000,0.000,0.000
2025-11-21 04:57:03,mlx5_3,0.000,0.000,0.000,0.000
2025-11-21 04:57:03,mlx5_4,0.000,0.000,0.000,0.000
2025-11-21 04:57:03,mlx5_5,0.000,0.000,0.000,0.000
2025-11-21 04:57:03,mlx5_6,0.000,0.000,0.000,0.000
2025-11-21 04:57:03,mlx5_7,31.787,21.327,940.528,1230.308
2025-11-21 04:57:03,mlx5_8,0.000,0.000,0.000,0.000
2025-11-21 04:57:03,mlx5_9,0.000,0.000,0.000,0.000
2025-11-21 04:57:03,TOTAL,37.160,26.979,1125.542,1657.631
2025-11-21 04:57:04,mlx5_0,0.016,25.464,185.015,430.525
2025-11-21 04:57:04,mlx5_1,0.000,0.000,0.000,0.000
2025-11-21 04:57:04,mlx5_2,0.000,0.000,0.000,0.000
2025-11-21 04:57:04,mlx5_3,0.000,0.000,0.000,0.000
2025-11-21 04:57:04,mlx5_4,0.000,0.000,0.000,0.000
2025-11-21 04:57:04,mlx5_5,0.000,0.000,0.000,0.000
2025-11-21 04:57:04,mlx5_6,0.000,0.000,0.000,0.000
2025-11-21 04:57:04,mlx5_7,0.073,77.657,940.537,1240.073
2025-11-21 04:57:04,mlx5_8,0.000,0.000,0.000,0.000
2025-11-21 04:57:04,mlx5_9,0.000,0.000,0.000,0.000
2025-11-21 04:57:04,TOTAL,0.089,103.121,1125.553,1670.598
2025-11-21 04:57:05,mlx5_0,0.016,25.718,185.017,433.759
2025-11-21 04:57:05,mlx5_1,0.000,0.000,0.000,0.000
2025-11-21 04:57:05,mlx5_2,0.000,0.000,0.000,0.000
2025-11-21 04:57:05,mlx5_3,0.000,0.000,0.000,0.000
2025-11-21 04:57:05,mlx5_4,0.000,0.000,0.000,0.000
2025-11-21 04:57:05,mlx5_5,0.000,0.000,0.000,0.000
2025-11-21 04:57:05,mlx5_6,0.000,0.000,0.000,0.000
2025-11-21 04:57:05,mlx5_7,0.067,71.932,940.546,1249.117
2025-11-21 04:57:05,mlx5_8,0.000,0.000,0.000,0.000
2025-11-21 04:57:05,mlx5_9,0.000,0.000,0.000,0.000
2025-11-21 04:57:05,TOTAL,0.083,97.649,1125.563,1682.876
2025-11-21 04:57:06,mlx5_0,0.003,4.191,185.018,434.285
2025-11-21 04:57:06,mlx5_1,0.000,0.000,0.000,0.000
2025-11-21 04:57:06,mlx5_2,0.000,0.000,0.000,0.000
2025-11-21 04:57:06,mlx5_3,0.000,0.000,0.000,0.000
2025-11-21 04:57:06,mlx5_4,0.000,0.000,0.000,0.000
2025-11-21 04:57:06,mlx5_5,0.000,0.000,0.000,0.000
2025-11-21 04:57:06,mlx5_6,0.000,0.000,0.000,0.000
2025-11-21 04:57:06,mlx5_7,0.016,17.534,940.548,1251.320
2025-11-21 04:57:06,mlx5_8,0.000,0.000,0.000,0.000
2025-11-21 04:57:06,mlx5_9,0.000,0.000,0.000,0.000
2025-11-21 04:57:06,TOTAL,0.019,21.725,1125.566,1685.605
2025-11-21 04:57:07,mlx5_0,0.000,0.000,185.018,434.285
2025-11-21 04:57:07,mlx5_1,0.000,0.000,0.000,0.000
2025-11-21 04:57:07,mlx5_2,0.000,0.000,0.000,0.000
2025-11-21 04:57:07,mlx5_3,0.000,0.000,0.000,0.000
2025-11-21 04:57:07,mlx5_4,0.000,0.000,0.000,0.000
2025-11-21 04:57:07,mlx5_5,0.000,0.000,0.000,0.000
2025-11-21 04:57:07,mlx5_6,0.000,0.000,0.000,0.000
2025-11-21 04:57:07,mlx5_7,0.000,0.000,940.548,1251.320
2025-11-21 04:57:07,mlx5_8,0.000,0.000,0.000,0.000
2025-11-21 04:57:07,mlx5_9,0.000,0.000,0.000,0.000
2025-11-21 04:57:07,TOTAL,0.000,0.000,1125.566,1685.605
2025-11-21 04:57:08,mlx5_0,0.000,0.000,185.018,434.285
2025-11-21 04:57:08,mlx5_1,0.000,0.000,0.000,0.000
2025-11-21 04:57:08,mlx5_2,0.000,0.000,0.000,0.000
2025-11-21 04:57:08,mlx5_3,0.000,0.000,0.000,0.000
2025-11-21 04:57:08,mlx5_4,0.000,0.000,0.000,0.000
2025-11-21 04:57:08,mlx5_5,0.000,0.000,0.000,0.000
2025-11-21 04:57:08,mlx5_6,0.000,0.000,0.000,0.000
2025-11-21 04:57:08,mlx5_7,0.000,0.000,940.548,1251.320
2025-11-21 04:57:08,mlx5_8,0.000,0.000,0.000,0.000
2025-11-21 04:57:08,mlx5_9,0.000,0.000,0.000,0.000
2025-11-21 04:57:08,TOTAL,0.000,0.000,1125.566,1685.605
2025-11-21 04:57:09,mlx5_0,0.000,0.000,185.018,434.285
2025-11-21 04:57:09,mlx5_1,0.000,0.000,0.000,0.000
2025-11-21 04:57:09,mlx5_2,0.000,0.000,0.000,0.000
2025-11-21 04:57:09,mlx5_3,0.000,0.000,0.000,0.000
2025-11-21 04:57:09,mlx5_4,0.000,0.000,0.000,0.000
2025-11-21 04:57:09,mlx5_5,0.000,0.000,0.000,0.000
2025-11-21 04:57:09,mlx5_6,0.000,0.000,0.000,0.000
2025-11-21 04:57:09,mlx5_7,0.000,0.000,940.548,1251.320
2025-11-21 04:57:09,mlx5_8,0.000,0.000,0.000,0.000
2025-11-21 04:57:09,mlx5_9,0.000,0.000,0.000,0.000
2025-11-21 04:57:09,TOTAL,0.000,0.000,1125.566,1685.605
2025-11-21 04:57:10,mlx5_0,6.367,0.003,185.818,434.286
2025-11-21 04:57:10,mlx5_1,0.000,0.000,0.000,0.000
2025-11-21 04:57:10,mlx5_2,0.000,0.000,0.000,0.000
2025-11-21 04:57:10,mlx5_3,0.000,0.000,0.000,0.000
2025-11-21 04:57:10,mlx5_4,0.000,0.000,0.000,0.000
2025-11-21 04:57:10,mlx5_5,0.000,0.000,0.000,0.000
2025-11-21 04:57:10,mlx5_6,0.000,0.000,0.000,0.000
2025-11-21 04:57:10,mlx5_7,31.423,0.015,944.499,1251.322
2025-11-21 04:57:10,mlx5_8,0.000,0.000,0.000,0.000
2025-11-21 04:57:10,mlx5_9,0.000,0.000,0.000,0.000
2025-11-21 04:57:10,TOTAL,37.790,0.018,1130.318,1685.608
2025-11-21 04:57:11,mlx5_0,0.029,0.000,185.822,434.286
2025-11-21 04:57:11,mlx5_1,0.000,0.000,0.000,0.000
2025-11-21 04:57:11,mlx5_2,0.000,0.000,0.000,0.000
2025-11-21 04:57:11,mlx5_3,0.000,0.000,0.000,0.000
2025-11-21 04:57:11,mlx5_4,0.000,0.000,0.000,0.000
2025-11-21 04:57:11,mlx5_5,0.000,0.000,0.000,0.000
2025-11-21 04:57:11,mlx5_6,0.000,0.000,0.000,0.000
2025-11-21 04:57:11,mlx5_7,0.073,0.000,944.509,1251.322
2025-11-21 04:57:11,mlx5_8,0.000,0.000,0.000,0.000
2025-11-21 04:57:11,mlx5_9,0.000,0.000,0.000,0.000
2025-11-21 04:57:11,TOTAL,0.102,0.000,1130.331,1685.608
2025-11-21 04:57:13,mlx5_0,0.000,0.000,185.822,434.286
2025-11-21 04:57:13,mlx5_1,0.000,0.000,0.000,0.000
2025-11-21 04:57:13,mlx5_2,0.000,0.000,0.000,0.000
2025-11-21 04:57:13,mlx5_3,0.000,0.000,0.000,0.000
2025-11-21 04:57:13,mlx5_4,0.000,0.000,0.000,0.000
2025-11-21 04:57:13,mlx5_5,0.000,0.000,0.000,0.000
2025-11-21 04:57:13,mlx5_6,0.000,0.000,0.000,0.000
2025-11-21 04:57:13,mlx5_7,0.000,0.000,944.509,1251.322
2025-11-21 04:57:13,mlx5_8,0.000,0.000,0.000,0.000
2025-11-21 04:57:13,mlx5_9,0.000,0.000,0.000,0.000
2025-11-21 04:57:13,TOTAL,0.000,0.000,1130.331,1685.608
2025-11-21 04:57:14,mlx5_0,0.119,0.000,185.837,434.286
2025-11-21 04:57:14,mlx5_1,0.000,0.000,0.000,0.000
2025-11-21 04:57:14,mlx5_2,0.000,0.000,0.000,0.000
2025-11-21 04:57:14,mlx5_3,0.000,0.000,0.000,0.000
2025-11-21 04:57:14,mlx5_4,0.000,0.000,0.000,0.000
2025-11-21 04:57:14,mlx5_5,0.000,0.000,0.000,0.000
2025-11-21 04:57:14,mlx5_6,0.000,0.000,0.000,0.000
2025-11-21 04:57:14,mlx5_7,2.271,0.001,944.794,1251.322
2025-11-21 04:57:14,mlx5_8,0.000,0.000,0.000,0.000
2025-11-21 04:57:14,mlx5_9,0.000,0.000,0.000,0.000
2025-11-21 04:57:14,TOTAL,2.390,0.002,1130.631,1685.608
2025-11-21 04:57:15,mlx5_0,5.112,0.002,186.481,434.286
2025-11-21 04:57:15,mlx5_1,0.000,0.000,0.000,0.000
2025-11-21 04:57:15,mlx5_2,0.000,0.000,0.000,0.000
2025-11-21 04:57:15,mlx5_3,0.000,0.000,0.000,0.000
2025-11-21 04:57:15,mlx5_4,0.000,0.000,0.000,0.000
2025-11-21 04:57:15,mlx5_5,0.000,0.000,0.000,0.000
2025-11-21 04:57:15,mlx5_6,0.000,0.000,0.000,0.000
2025-11-21 04:57:15,mlx5_7,29.623,0.014,948.524,1251.324
2025-11-21 04:57:15,mlx5_8,0.000,0.000,0.000,0.000
2025-11-21 04:57:15,mlx5_9,0.000,0.000,0.000,0.000
2025-11-21 04:57:15,TOTAL,34.734,0.016,1135.004,1685.610
2025-11-21 04:57:16,mlx5_0,0.000,0.000,186.481,434.286
2025-11-21 04:57:16,mlx5_1,0.000,0.000,0.000,0.000
2025-11-21 04:57:16,mlx5_2,0.000,0.000,0.000,0.000
2025-11-21 04:57:16,mlx5_3,0.000,0.000,0.000,0.000
2025-11-21 04:57:16,mlx5_4,0.000,0.000,0.000,0.000
2025-11-21 04:57:16,mlx5_5,0.000,0.000,0.000,0.000
2025-11-21 04:57:16,mlx5_6,0.000,0.000,0.000,0.000
2025-11-21 04:57:16,mlx5_7,0.000,0.000,948.524,1251.324
2025-11-21 04:57:16,mlx5_8,0.000,0.000,0.000,0.000
2025-11-21 04:57:16,mlx5_9,0.000,0.000,0.000,0.000
2025-11-21 04:57:16,TOTAL,0.000,0.000,1135.004,1685.610
2025-11-21 04:57:17,mlx5_0,0.000,0.000,186.481,434.286
2025-11-21 04:57:17,mlx5_1,0.000,0.000,0.000,0.000
2025-11-21 04:57:17,mlx5_2,0.000,0.000,0.000,0.000
2025-11-21 04:57:17,mlx5_3,0.000,0.000,0.000,0.000
2025-11-21 04:57:17,mlx5_4,0.000,0.000,0.000,0.000
2025-11-21 04:57:17,mlx5_5,0.000,0.000,0.000,0.000
2025-11-21 04:57:17,mlx5_6,0.000,0.000,0.000,0.000
2025-11-21 04:57:17,mlx5_7,0.000,0.000,948.524,1251.324
2025-11-21 04:57:17,mlx5_8,0.000,0.000,0.000,0.000
2025-11-21 04:57:17,mlx5_9,0.000,0.000,0.000,0.000
2025-11-21 04:57:17,TOTAL,0.000,0.000,1135.004,1685.610
2025-11-21 04:57:18,mlx5_0,5.805,0.003,187.211,434.286
2025-11-21 04:57:18,mlx5_1,0.000,0.000,0.000,0.000
2025-11-21 04:57:18,mlx5_2,0.000,0.000,0.000,0.000
2025-11-21 04:57:18,mlx5_3,0.000,0.000,0.000,0.000
2025-11-21 04:57:18,mlx5_4,0.000,0.000,0.000,0.000
2025-11-21 04:57:18,mlx5_5,0.000,0.000,0.000,0.000
2025-11-21 04:57:18,mlx5_6,0.000,0.000,0.000,0.000
2025-11-21 04:57:18,mlx5_7,31.069,0.015,952.431,1251.326
2025-11-21 04:57:18,mlx5_8,0.000,0.000,0.000,0.000
2025-11-21 04:57:18,mlx5_9,0.000,0.000,0.000,0.000
2025-11-21 04:57:18,TOTAL,36.873,0.018,1139.641,1685.612
2025-11-21 04:57:19,mlx5_0,0.073,0.000,187.220,434.286
2025-11-21 04:57:19,mlx5_1,0.000,0.000,0.000,0.000
2025-11-21 04:57:19,mlx5_2,0.000,0.000,0.000,0.000
2025-11-21 04:57:19,mlx5_3,0.000,0.000,0.000,0.000
2025-11-21 04:57:19,mlx5_4,0.000,0.000,0.000,0.000
2025-11-21 04:57:19,mlx5_5,0.000,0.000,0.000,0.000
2025-11-21 04:57:19,mlx5_6,0.000,0.000,0.000,0.000
2025-11-21 04:57:19,mlx5_7,0.218,0.000,952.458,1251.326
2025-11-21 04:57:19,mlx5_8,0.000,0.000,0.000,0.000
2025-11-21 04:57:19,mlx5_9,0.000,0.000,0.000,0.000
2025-11-21 04:57:19,TOTAL,0.290,0.000,1139.678,1685.612
2025-11-21 04:57:20,mlx5_0,0.000,0.000,187.220,434.286
2025-11-21 04:57:20,mlx5_1,0.000,0.000,0.000,0.000
2025-11-21 04:57:20,mlx5_2,0.000,0.000,0.000,0.000
2025-11-21 04:57:20,mlx5_3,0.000,0.000,0.000,0.000
2025-11-21 04:57:20,mlx5_4,0.000,0.000,0.000,0.000
2025-11-21 04:57:20,mlx5_5,0.000,0.000,0.000,0.000
2025-11-21 04:57:20,mlx5_6,0.000,0.000,0.000,0.000
2025-11-21 04:57:20,mlx5_7,0.000,0.000,952.458,1251.326
2025-11-21 04:57:20,mlx5_8,0.000,0.000,0.000,0.000
2025-11-21 04:57:20,mlx5_9,0.000,0.000,0.000,0.000
2025-11-21 04:57:20,TOTAL,0.000,0.000,1139.678,1685.612
2025-11-21 04:57:21,mlx5_0,0.000,0.000,187.220,434.286
2025-11-21 04:57:21,mlx5_1,0.000,0.000,0.000,0.000
2025-11-21 04:57:21,mlx5_2,0.000,0.000,0.000,0.000
2025-11-21 04:57:21,mlx5_3,0.000,0.000,0.000,0.000
2025-11-21 04:57:21,mlx5_4,0.000,0.000,0.000,0.000
2025-11-21 04:57:21,mlx5_5,0.000,0.000,0.000,0.000
2025-11-21 04:57:21,mlx5_6,0.000,0.000,0.000,0.000
2025-11-21 04:57:21,mlx5_7,0.000,0.000,952.458,1251.326
2025-11-21 04:57:21,mlx5_8,0.000,0.000,0.000,0.000
2025-11-21 04:57:21,mlx5_9,0.000,0.000,0.000,0.000
2025-11-21 04:57:21,TOTAL,0.000,0.000,1139.678,1685.612
2025-11-21 04:57:22,mlx5_0,5.904,0.003,187.962,434.287
2025-11-21 04:57:22,mlx5_1,0.000,0.000,0.000,0.000
2025-11-21 04:57:22,mlx5_2,0.000,0.000,0.000,0.000
2025-11-21 04:57:22,mlx5_3,0.000,0.000,0.000,0.000
2025-11-21 04:57:22,mlx5_4,0.000,0.000,0.000,0.000
2025-11-21 04:57:22,mlx5_5,0.000,0.000,0.000,0.000
2025-11-21 04:57:22,mlx5_6,0.000,0.000,0.000,0.000
2025-11-21 04:57:22,mlx5_7,31.285,0.015,956.390,1251.328
2025-11-21 04:57:22,mlx5_8,0.000,0.000,0.000,0.000
2025-11-21 04:57:22,mlx5_9,0.000,0.000,0.000,0.000
2025-11-21 04:57:22,TOTAL,37.189,0.018,1144.352,1685.614
2025-11-21 04:57:23,mlx5_0,0.000,0.000,187.962,434.287
2025-11-21 04:57:23,mlx5_1,0.000,0.000,0.000,0.000
2025-11-21 04:57:23,mlx5_2,0.000,0.000,0.000,0.000
2025-11-21 04:57:23,mlx5_3,0.000,0.000,0.000,0.000
2025-11-21 04:57:23,mlx5_4,0.000,0.000,0.000,0.000
2025-11-21 04:57:23,mlx5_5,0.000,0.000,0.000,0.000
2025-11-21 04:57:23,mlx5_6,0.000,0.000,0.000,0.000
2025-11-21 04:57:23,mlx5_7,0.000,0.000,956.390,1251.328
2025-11-21 04:57:23,mlx5_8,0.000,0.000,0.000,0.000
2025-11-21 04:57:23,mlx5_9,0.000,0.000,0.000,0.000
2025-11-21 04:57:23,TOTAL,0.000,0.000,1144.352,1685.614
2025-11-21 04:57:24,mlx5_0,0.000,0.000,187.962,434.287
2025-11-21 04:57:24,mlx5_1,0.000,0.000,0.000,0.000
2025-11-21 04:57:24,mlx5_2,0.000,0.000,0.000,0.000
2025-11-21 04:57:24,mlx5_3,0.000,0.000,0.000,0.000
2025-11-21 04:57:24,mlx5_4,0.000,0.000,0.000,0.000
2025-11-21 04:57:24,mlx5_5,0.000,0.000,0.000,0.000
2025-11-21 04:57:24,mlx5_6,0.000,0.000,0.000,0.000
2025-11-21 04:57:24,mlx5_7,0.000,0.000,956.390,1251.328
2025-11-21 04:57:24,mlx5_8,0.000,0.000,0.000,0.000
2025-11-21 04:57:24,mlx5_9,0.000,0.000,0.000,0.000
2025-11-21 04:57:24,TOTAL,0.000,0.000,1144.352,1685.614
2025-11-21 04:57:25,mlx5_0,0.000,0.000,187.962,434.287
2025-11-21 04:57:25,mlx5_1,0.000,0.000,0.000,0.000
2025-11-21 04:57:25,mlx5_2,0.000,0.000,0.000,0.000
2025-11-21 04:57:25,mlx5_3,0.000,0.000,0.000,0.000
2025-11-21 04:57:25,mlx5_4,0.000,0.000,0.000,0.000
2025-11-21 04:57:25,mlx5_5,0.000,0.000,0.000,0.000
2025-11-21 04:57:25,mlx5_6,0.000,0.000,0.000,0.000
2025-11-21 04:57:25,mlx5_7,0.000,0.000,956.390,1251.328
2025-11-21 04:57:25,mlx5_8,0.000,0.000,0.000,0.000
2025-11-21 04:57:25,mlx5_9,0.000,0.000,0.000,0.000
2025-11-21 04:57:25,TOTAL,0.000,0.000,1144.352,1685.614
2025-11-21 04:57:26,mlx5_0,4.066,0.002,188.473,434.287
2025-11-21 04:57:26,mlx5_1,0.000,0.000,0.000,0.000
2025-11-21 04:57:26,mlx5_2,0.000,0.000,0.000,0.000
2025-11-21 04:57:26,mlx5_3,0.000,0.000,0.000,0.000
2025-11-21 04:57:26,mlx5_4,0.000,0.000,0.000,0.000
2025-11-21 04:57:26,mlx5_5,0.000,0.000,0.000,0.000
2025-11-21 04:57:26,mlx5_6,0.000,0.000,0.000,0.000
2025-11-21 04:57:26,mlx5_7,27.133,0.013,959.803,1251.329
2025-11-21 04:57:26,mlx5_8,0.000,0.000,0.000,0.000
2025-11-21 04:57:26,mlx5_9,0.000,0.000,0.000,0.000
2025-11-21 04:57:26,TOTAL,31.199,0.015,1148.276,1685.616
2025-11-21 04:57:27,mlx5_0,1.882,0.001,188.710,434.287
2025-11-21 04:57:27,mlx5_1,0.000,0.000,0.000,0.000
2025-11-21 04:57:27,mlx5_2,0.000,0.000,0.000,0.000
2025-11-21 04:57:27,mlx5_3,0.000,0.000,0.000,0.000
2025-11-21 04:57:27,mlx5_4,0.000,0.000,0.000,0.000
2025-11-21 04:57:27,mlx5_5,0.000,0.000,0.000,0.000
2025-11-21 04:57:27,mlx5_6,0.000,0.000,0.000,0.000
2025-11-21 04:57:27,mlx5_7,4.070,0.002,960.315,1251.329
2025-11-21 04:57:27,mlx5_8,0.000,0.000,0.000,0.000
2025-11-21 04:57:27,mlx5_9,0.000,0.000,0.000,0.000
2025-11-21 04:57:27,TOTAL,5.952,0.003,1149.025,1685.617
2025-11-21 04:57:28,mlx5_0,0.000,0.000,188.710,434.287
2025-11-21 04:57:28,mlx5_1,0.000,0.000,0.000,0.000
2025-11-21 04:57:28,mlx5_2,0.000,0.000,0.000,0.000
2025-11-21 04:57:28,mlx5_3,0.000,0.000,0.000,0.000
2025-11-21 04:57:28,mlx5_4,0.000,0.000,0.000,0.000
2025-11-21 04:57:28,mlx5_5,0.000,0.000,0.000,0.000
2025-11-21 04:57:28,mlx5_6,0.000,0.000,0.000,0.000
2025-11-21 04:57:28,mlx5_7,0.000,0.000,960.315,1251.329
2025-11-21 04:57:28,mlx5_8,0.000,0.000,0.000,0.000
2025-11-21 04:57:28,mlx5_9,0.000,0.000,0.000,0.000
2025-11-21 04:57:28,TOTAL,0.000,0.000,1149.025,1685.617
2025-11-21 04:57:29,mlx5_0,0.000,0.000,188.710,434.287
2025-11-21 04:57:29,mlx5_1,0.000,0.000,0.000,0.000
2025-11-21 04:57:29,mlx5_2,0.000,0.000,0.000,0.000
2025-11-21 04:57:29,mlx5_3,0.000,0.000,0.000,0.000
2025-11-21 04:57:29,mlx5_4,0.000,0.000,0.000,0.000
2025-11-21 04:57:29,mlx5_5,0.000,0.000,0.000,0.000
2025-11-21 04:57:29,mlx5_6,0.000,0.000,0.000,0.000
2025-11-21 04:57:29,mlx5_7,0.000,0.000,960.315,1251.330
2025-11-21 04:57:29,mlx5_8,0.000,0.000,0.000,0.000
2025-11-21 04:57:29,mlx5_9,0.000,0.000,0.000,0.000
2025-11-21 04:57:29,TOTAL,0.000,0.000,1149.025,1685.617
2025-11-21 04:57:30,mlx5_0,0.000,0.000,188.710,434.287
2025-11-21 04:57:30,mlx5_1,0.000,0.000,0.000,0.000
2025-11-21 04:57:30,mlx5_2,0.000,0.000,0.000,0.000
2025-11-21 04:57:30,mlx5_3,0.000,0.000,0.000,0.000
2025-11-21 04:57:30,mlx5_4,0.000,0.000,0.000,0.000
2025-11-21 04:57:30,mlx5_5,0.000,0.000,0.000,0.000
2025-11-21 04:57:30,mlx5_6,0.000,0.000,0.000,0.000
2025-11-21 04:57:30,mlx5_7,0.000,0.000,960.315,1251.330
2025-11-21 04:57:30,mlx5_8,0.000,0.000,0.000,0.000
2025-11-21 04:57:30,mlx5_9,0.000,0.000,0.000,0.000
2025-11-21 04:57:30,TOTAL,0.000,0.000,1149.025,1685.617
2025-11-21 04:57:31,mlx5_0,6.881,0.003,189.575,434.288
2025-11-21 04:57:31,mlx5_1,0.000,0.000,0.000,0.000
2025-11-21 04:57:31,mlx5_2,0.000,0.000,0.000,0.000
2025-11-21 04:57:31,mlx5_3,0.000,0.000,0.000,0.000
2025-11-21 04:57:31,mlx5_4,0.000,0.000,0.000,0.000
2025-11-21 04:57:31,mlx5_5,0.000,0.000,0.000,0.000
2025-11-21 04:57:31,mlx5_6,0.000,0.000,0.000,0.000
2025-11-21 04:57:31,mlx5_7,26.661,0.013,963.665,1251.331
2025-11-21 04:57:31,mlx5_8,0.000,0.000,0.000,0.000
2025-11-21 04:57:31,mlx5_9,0.000,0.000,0.000,0.000
2025-11-21 04:57:31,TOTAL,33.542,0.016,1153.240,1685.619
2025-11-21 04:57:32,mlx5_0,1.231,0.001,189.730,434.288
2025-11-21 04:57:32,mlx5_1,0.000,0.000,0.000,0.000
2025-11-21 04:57:32,mlx5_2,0.000,0.000,0.000,0.000
2025-11-21 04:57:32,mlx5_3,0.000,0.000,0.000,0.000
2025-11-21 04:57:32,mlx5_4,0.000,0.000,0.000,0.000
2025-11-21 04:57:32,mlx5_5,0.000,0.000,0.000,0.000
2025-11-21 04:57:32,mlx5_6,0.000,0.000,0.000,0.000
2025-11-21 04:57:32,mlx5_7,2.410,0.001,963.969,1251.331
2025-11-21 04:57:32,mlx5_8,0.000,0.000,0.000,0.000
2025-11-21 04:57:32,mlx5_9,0.000,0.000,0.000,0.000
2025-11-21 04:57:32,TOTAL,3.641,0.002,1153.699,1685.619
2025-11-21 04:57:33,mlx5_0,0.000,0.000,189.730,434.288
2025-11-21 04:57:33,mlx5_1,0.000,0.000,0.000,0.000
2025-11-21 04:57:33,mlx5_2,0.000,0.000,0.000,0.000
2025-11-21 04:57:33,mlx5_3,0.000,0.000,0.000,0.000
2025-11-21 04:57:33,mlx5_4,0.000,0.000,0.000,0.000
2025-11-21 04:57:33,mlx5_5,0.000,0.000,0.000,0.000
2025-11-21 04:57:33,mlx5_6,0.000,0.000,0.000,0.000
2025-11-21 04:57:33,mlx5_7,0.000,0.000,963.969,1251.331
2025-11-21 04:57:33,mlx5_8,0.000,0.000,0.000,0.000
2025-11-21 04:57:33,mlx5_9,0.000,0.000,0.000,0.000
2025-11-21 04:57:33,TOTAL,0.000,0.000,1153.699,1685.619
2025-11-21 04:57:34,mlx5_0,2.141,0.001,189.999,434.288
2025-11-21 04:57:34,mlx5_1,0.000,0.000,0.000,0.000
2025-11-21 04:57:34,mlx5_2,0.000,0.000,0.000,0.000
2025-11-21 04:57:34,mlx5_3,0.000,0.000,0.000,0.000
2025-11-21 04:57:34,mlx5_4,0.000,0.000,0.000,0.000
2025-11-21 04:57:34,mlx5_5,0.000,0.000,0.000,0.000
2025-11-21 04:57:34,mlx5_6,0.000,0.000,0.000,0.000
2025-11-21 04:57:34,mlx5_7,19.031,0.009,966.364,1251.332
2025-11-21 04:57:34,mlx5_8,0.000,0.000,0.000,0.000
2025-11-21 04:57:34,mlx5_9,0.000,0.000,0.000,0.000
2025-11-21 04:57:34,TOTAL,21.172,0.010,1156.363,1685.620
2025-11-21 04:57:35,mlx5_0,2.458,0.001,190.309,434.288
2025-11-21 04:57:35,mlx5_1,0.000,0.000,0.000,0.000
2025-11-21 04:57:35,mlx5_2,0.000,0.000,0.000,0.000
2025-11-21 04:57:35,mlx5_3,0.000,0.000,0.000,0.000
2025-11-21 04:57:35,mlx5_4,0.000,0.000,0.000,0.000
2025-11-21 04:57:35,mlx5_5,0.000,0.000,0.000,0.000
2025-11-21 04:57:35,mlx5_6,0.000,0.000,0.000,0.000
2025-11-21 04:57:35,mlx5_7,4.942,0.003,966.986,1251.333
2025-11-21 04:57:35,mlx5_8,0.000,0.000,0.000,0.000
2025-11-21 04:57:35,mlx5_9,0.000,0.000,0.000,0.000
2025-11-21 04:57:35,TOTAL,7.401,0.004,1157.296,1685.621
2025-11-21 04:57:36,mlx5_0,0.000,0.000,190.309,434.288
2025-11-21 04:57:36,mlx5_1,0.000,0.000,0.000,0.000
2025-11-21 04:57:36,mlx5_2,0.000,0.000,0.000,0.000
2025-11-21 04:57:36,mlx5_3,0.000,0.000,0.000,0.000
2025-11-21 04:57:36,mlx5_4,0.000,0.000,0.000,0.000
2025-11-21 04:57:36,mlx5_5,0.000,0.000,0.000,0.000
2025-11-21 04:57:36,mlx5_6,0.000,0.000,0.000,0.000
2025-11-21 04:57:36,mlx5_7,0.000,0.000,966.986,1251.333
2025-11-21 04:57:36,mlx5_8,0.000,0.000,0.000,0.000
2025-11-21 04:57:36,mlx5_9,0.000,0.000,0.000,0.000
2025-11-21 04:57:36,TOTAL,0.000,0.000,1157.296,1685.621
2025-11-21 04:57:37,mlx5_0,0.000,0.000,190.309,434.288
2025-11-21 04:57:37,mlx5_1,0.000,0.000,0.000,0.000
2025-11-21 04:57:37,mlx5_2,0.000,0.000,0.000,0.000
2025-11-21 04:57:37,mlx5_3,0.000,0.000,0.000,0.000
2025-11-21 04:57:37,mlx5_4,0.000,0.000,0.000,0.000
2025-11-21 04:57:37,mlx5_5,0.000,0.000,0.000,0.000
2025-11-21 04:57:37,mlx5_6,0.000,0.000,0.000,0.000
2025-11-21 04:57:37,mlx5_7,0.000,0.000,966.986,1251.333
2025-11-21 04:57:37,mlx5_8,0.000,0.000,0.000,0.000
2025-11-21 04:57:37,mlx5_9,0.000,0.000,0.000,0.000
2025-11-21 04:57:37,TOTAL,0.000,0.000,1157.296,1685.621
2025-11-21 04:57:38,mlx5_0,0.000,0.000,190.309,434.288
2025-11-21 04:57:38,mlx5_1,0.000,0.000,0.000,0.000
2025-11-21 04:57:38,mlx5_2,0.000,0.000,0.000,0.000
2025-11-21 04:57:38,mlx5_3,0.000,0.000,0.000,0.000
2025-11-21 04:57:38,mlx5_4,0.000,0.000,0.000,0.000
2025-11-21 04:57:38,mlx5_5,0.000,0.000,0.000,0.000
2025-11-21 04:57:38,mlx5_6,0.000,0.000,0.000,0.000
2025-11-21 04:57:38,mlx5_7,0.000,0.000,966.986,1251.333
2025-11-21 04:57:38,mlx5_8,0.000,0.000,0.000,0.000
2025-11-21 04:57:38,mlx5_9,0.000,0.000,0.000,0.000
2025-11-21 04:57:38,TOTAL,0.000,0.000,1157.296,1685.621
2025-11-21 04:57:39,mlx5_0,0.000,0.000,190.309,434.288
2025-11-21 04:57:39,mlx5_1,0.000,0.000,0.000,0.000
2025-11-21 04:57:39,mlx5_2,0.000,0.000,0.000,0.000
2025-11-21 04:57:39,mlx5_3,0.000,0.000,0.000,0.000
2025-11-21 04:57:39,mlx5_4,0.000,0.000,0.000,0.000
2025-11-21 04:57:39,mlx5_5,0.000,0.000,0.000,0.000
2025-11-21 04:57:39,mlx5_6,0.000,0.000,0.000,0.000
2025-11-21 04:57:39,mlx5_7,0.000,0.000,966.986,1251.333
2025-11-21 04:57:39,mlx5_8,0.000,0.000,0.000,0.000
2025-11-21 04:57:39,mlx5_9,0.000,0.000,0.000,0.000
2025-11-21 04:57:39,TOTAL,0.000,0.000,1157.296,1685.621
2025-11-21 04:57:40,mlx5_0,0.000,0.000,190.309,434.288
2025-11-21 04:57:40,mlx5_1,0.000,0.000,0.000,0.000
2025-11-21 04:57:40,mlx5_2,0.000,0.000,0.000,0.000
2025-11-21 04:57:40,mlx5_3,0.000,0.000,0.000,0.000
2025-11-21 04:57:40,mlx5_4,0.000,0.000,0.000,0.000
2025-11-21 04:57:40,mlx5_5,0.000,0.000,0.000,0.000
2025-11-21 04:57:40,mlx5_6,0.000,0.000,0.000,0.000
2025-11-21 04:57:40,mlx5_7,0.000,0.000,966.986,1251.333
2025-11-21 04:57:40,mlx5_8,0.000,0.000,0.000,0.000
2025-11-21 04:57:40,mlx5_9,0.000,0.000,0.000,0.000
2025-11-21 04:57:40,TOTAL,0.000,0.000,1157.296,1685.621
2025-11-21 04:57:41,mlx5_0,0.000,0.000,190.309,434.288
2025-11-21 04:57:41,mlx5_1,0.000,0.000,0.000,0.000
2025-11-21 04:57:41,mlx5_2,0.000,0.000,0.000,0.000
2025-11-21 04:57:41,mlx5_3,0.000,0.000,0.000,0.000
2025-11-21 04:57:41,mlx5_4,0.000,0.000,0.000,0.000
2025-11-21 04:57:41,mlx5_5,0.000,0.000,0.000,0.000
2025-11-21 04:57:41,mlx5_6,0.000,0.000,0.000,0.000
2025-11-21 04:57:41,mlx5_7,0.000,0.000,966.986,1251.333
2025-11-21 04:57:41,mlx5_8,0.000,0.000,0.000,0.000
2025-11-21 04:57:41,mlx5_9,0.000,0.000,0.000,0.000
2025-11-21 04:57:41,TOTAL,0.000,0.000,1157.296,1685.621
2025-11-21 04:57:42,mlx5_0,0.000,0.000,190.309,434.288
2025-11-21 04:57:42,mlx5_1,0.000,0.000,0.000,0.000
2025-11-21 04:57:42,mlx5_2,0.000,0.000,0.000,0.000
2025-11-21 04:57:42,mlx5_3,0.000,0.000,0.000,0.000
2025-11-21 04:57:42,mlx5_4,0.000,0.000,0.000,0.000
2025-11-21 04:57:42,mlx5_5,0.000,0.000,0.000,0.000
2025-11-21 04:57:42,mlx5_6,0.000,0.000,0.000,0.000
2025-11-21 04:57:42,mlx5_7,0.000,0.000,966.986,1251.333
2025-11-21 04:57:42,mlx5_8,0.000,0.000,0.000,0.000
2025-11-21 04:57:42,mlx5_9,0.000,0.000,0.000,0.000
2025-11-21 04:57:42,TOTAL,0.000,0.000,1157.296,1685.621
2025-11-21 04:57:43,mlx5_0,0.000,0.000,190.309,434.288
2025-11-21 04:57:43,mlx5_1,0.000,0.000,0.000,0.000
2025-11-21 04:57:43,mlx5_2,0.000,0.000,0.000,0.000
2025-11-21 04:57:43,mlx5_3,0.000,0.000,0.000,0.000
2025-11-21 04:57:43,mlx5_4,0.000,0.000,0.000,0.000
2025-11-21 04:57:43,mlx5_5,0.000,0.000,0.000,0.000
2025-11-21 04:57:43,mlx5_6,0.000,0.000,0.000,0.000
2025-11-21 04:57:43,mlx5_7,0.000,0.000,966.986,1251.333
2025-11-21 04:57:43,mlx5_8,0.000,0.000,0.000,0.000
2025-11-21 04:57:43,mlx5_9,0.000,0.000,0.000,0.000
2025-11-21 04:57:43,TOTAL,0.000,0.000,1157.296,1685.621
2025-11-21 04:57:44,mlx5_0,0.000,0.000,190.309,434.288
2025-11-21 04:57:44,mlx5_1,0.000,0.000,0.000,0.000
2025-11-21 04:57:44,mlx5_2,0.000,0.000,0.000,0.000
2025-11-21 04:57:44,mlx5_3,0.000,0.000,0.000,0.000
2025-11-21 04:57:44,mlx5_4,0.000,0.000,0.000,0.000
2025-11-21 04:57:44,mlx5_5,0.000,0.000,0.000,0.000
2025-11-21 04:57:44,mlx5_6,0.000,0.000,0.000,0.000
2025-11-21 04:57:44,mlx5_7,0.000,0.000,966.986,1251.333
2025-11-21 04:57:44,mlx5_8,0.000,0.000,0.000,0.000
2025-11-21 04:57:44,mlx5_9,0.000,0.000,0.000,0.000
2025-11-21 04:57:44,TOTAL,0.000,0.000,1157.296,1685.621
2025-11-21 04:57:45,mlx5_0,0.000,0.000,190.309,434.288
2025-11-21 04:57:45,mlx5_1,0.000,0.000,0.000,0.000
2025-11-21 04:57:45,mlx5_2,0.000,0.000,0.000,0.000
2025-11-21 04:57:45,mlx5_3,0.000,0.000,0.000,0.000
2025-11-21 04:57:45,mlx5_4,0.000,0.000,0.000,0.000
2025-11-21 04:57:45,mlx5_5,0.000,0.000,0.000,0.000
2025-11-21 04:57:45,mlx5_6,0.000,0.000,0.000,0.000
2025-11-21 04:57:45,mlx5_7,0.000,0.000,966.986,1251.333
2025-11-21 04:57:45,mlx5_8,0.000,0.000,0.000,0.000
2025-11-21 04:57:45,mlx5_9,0.000,0.000,0.000,0.000
2025-11-21 04:57:45,TOTAL,0.000,0.000,1157.296,1685.621
2025-11-21 04:57:46,mlx5_0,0.000,0.000,190.309,434.288
2025-11-21 04:57:46,mlx5_1,0.000,0.000,0.000,0.000
2025-11-21 04:57:46,mlx5_2,0.000,0.000,0.000,0.000
2025-11-21 04:57:46,mlx5_3,0.000,0.000,0.000,0.000
2025-11-21 04:57:46,mlx5_4,0.000,0.000,0.000,0.000
2025-11-21 04:57:46,mlx5_5,0.000,0.000,0.000,0.000
2025-11-21 04:57:46,mlx5_6,0.000,0.000,0.000,0.000
2025-11-21 04:57:46,mlx5_7,0.000,0.000,966.986,1251.333
2025-11-21 04:57:46,mlx5_8,0.000,0.000,0.000,0.000
2025-11-21 04:57:46,mlx5_9,0.000,0.000,0.000,0.000
2025-11-21 04:57:46,TOTAL,0.000,0.000,1157.296,1685.621
2025-11-21 04:57:47,mlx5_0,0.000,0.000,190.309,434.288
2025-11-21 04:57:47,mlx5_1,0.000,0.000,0.000,0.000
2025-11-21 04:57:47,mlx5_2,0.000,0.000,0.000,0.000
2025-11-21 04:57:47,mlx5_3,0.000,0.000,0.000,0.000
2025-11-21 04:57:47,mlx5_4,0.000,0.000,0.000,0.000
2025-11-21 04:57:47,mlx5_5,0.000,0.000,0.000,0.000
2025-11-21 04:57:47,mlx5_6,0.000,0.000,0.000,0.000
2025-11-21 04:57:47,mlx5_7,0.000,0.000,966.986,1251.333
2025-11-21 04:57:47,mlx5_8,0.000,0.000,0.000,0.000
2025-11-21 04:57:47,mlx5_9,0.000,0.000,0.000,0.000
2025-11-21 04:57:47,TOTAL,0.000,0.000,1157.296,1685.621
2025-11-21 04:57:48,mlx5_0,0.000,0.000,190.309,434.288
2025-11-21 04:57:48,mlx5_1,0.000,0.000,0.000,0.000
2025-11-21 04:57:48,mlx5_2,0.000,0.000,0.000,0.000
2025-11-21 04:57:48,mlx5_3,0.000,0.000,0.000,0.000
2025-11-21 04:57:48,mlx5_4,0.000,0.000,0.000,0.000
2025-11-21 04:57:48,mlx5_5,0.000,0.000,0.000,0.000
2025-11-21 04:57:48,mlx5_6,0.000,0.000,0.000,0.000
2025-11-21 04:57:48,mlx5_7,0.000,0.000,966.986,1251.333
2025-11-21 04:57:48,mlx5_8,0.000,0.000,0.000,0.000
2025-11-21 04:57:48,mlx5_9,0.000,0.000,0.000,0.000
2025-11-21 04:57:48,TOTAL,0.000,0.000,1157.296,1685.621
2025-11-21 04:57:49,mlx5_0,0.000,0.000,190.309,434.288
2025-11-21 04:57:49,mlx5_1,0.000,0.000,0.000,0.000
2025-11-21 04:57:49,mlx5_2,0.000,0.000,0.000,0.000
2025-11-21 04:57:49,mlx5_3,0.000,0.000,0.000,0.000
2025-11-21 04:57:49,mlx5_4,0.000,0.000,0.000,0.000
2025-11-21 04:57:49,mlx5_5,0.000,0.000,0.000,0.000
2025-11-21 04:57:49,mlx5_6,0.000,0.000,0.000,0.000
2025-11-21 04:57:49,mlx5_7,0.000,0.000,966.986,1251.333
2025-11-21 04:57:49,mlx5_8,0.000,0.000,0.000,0.000
2025-11-21 04:57:49,mlx5_9,0.000,0.000,0.000,0.000
2025-11-21 04:57:49,TOTAL,0.000,0.000,1157.296,1685.621
2025-11-21 04:57:50,mlx5_0,0.000,0.000,190.309,434.288
2025-11-21 04:57:50,mlx5_1,0.000,0.000,0.000,0.000
2025-11-21 04:57:50,mlx5_2,0.000,0.000,0.000,0.000
2025-11-21 04:57:50,mlx5_3,0.000,0.000,0.000,0.000
2025-11-21 04:57:50,mlx5_4,0.000,0.000,0.000,0.000
2025-11-21 04:57:50,mlx5_5,0.000,0.000,0.000,0.000
2025-11-21 04:57:50,mlx5_6,0.000,0.000,0.000,0.000
2025-11-21 04:57:50,mlx5_7,0.000,0.000,966.986,1251.333
2025-11-21 04:57:50,mlx5_8,0.000,0.000,0.000,0.000
2025-11-21 04:57:50,mlx5_9,0.000,0.000,0.000,0.000
2025-11-21 04:57:50,TOTAL,0.000,0.000,1157.296,1685.621
2025-11-21 04:57:51,mlx5_0,0.000,0.000,190.309,434.288
2025-11-21 04:57:51,mlx5_1,0.000,0.000,0.000,0.000
2025-11-21 04:57:51,mlx5_2,0.000,0.000,0.000,0.000
2025-11-21 04:57:51,mlx5_3,0.000,0.000,0.000,0.000
2025-11-21 04:57:51,mlx5_4,0.000,0.000,0.000,0.000
2025-11-21 04:57:51,mlx5_5,0.000,0.000,0.000,0.000
2025-11-21 04:57:51,mlx5_6,0.000,0.000,0.000,0.000
2025-11-21 04:57:51,mlx5_7,0.000,0.000,966.986,1251.333
2025-11-21 04:57:51,mlx5_8,0.000,0.000,0.000,0.000
2025-11-21 04:57:51,mlx5_9,0.000,0.000,0.000,0.000
2025-11-21 04:57:51,TOTAL,0.000,0.000,1157.296,1685.621
2025-11-21 04:57:52,mlx5_0,0.000,0.000,190.309,434.288
2025-11-21 04:57:52,mlx5_1,0.000,0.000,0.000,0.000
2025-11-21 04:57:52,mlx5_2,0.000,0.000,0.000,0.000
2025-11-21 04:57:52,mlx5_3,0.000,0.000,0.000,0.000
2025-11-21 04:57:52,mlx5_4,0.000,0.000,0.000,0.000
2025-11-21 04:57:52,mlx5_5,0.000,0.000,0.000,0.000
2025-11-21 04:57:52,mlx5_6,0.000,0.000,0.000,0.000
2025-11-21 04:57:52,mlx5_7,0.000,0.000,966.986,1251.333
2025-11-21 04:57:52,mlx5_8,0.000,0.000,0.000,0.000
2025-11-21 04:57:52,mlx5_9,0.000,0.000,0.000,0.000
2025-11-21 04:57:52,TOTAL,0.000,0.000,1157.296,1685.621
2025-11-21 04:57:53,mlx5_0,0.000,0.000,190.309,434.288
2025-11-21 04:57:53,mlx5_1,0.000,0.000,0.000,0.000
2025-11-21 04:57:53,mlx5_2,0.000,0.000,0.000,0.000
2025-11-21 04:57:53,mlx5_3,0.000,0.000,0.000,0.000
2025-11-21 04:57:53,mlx5_4,0.000,0.000,0.000,0.000
2025-11-21 04:57:53,mlx5_5,0.000,0.000,0.000,0.000
2025-11-21 04:57:53,mlx5_6,0.000,0.000,0.000,0.000
2025-11-21 04:57:53,mlx5_7,0.000,0.000,966.986,1251.333
2025-11-21 04:57:53,mlx5_8,0.000,0.000,0.000,0.000
2025-11-21 04:57:53,mlx5_9,0.000,0.000,0.000,0.000
2025-11-21 04:57:53,TOTAL,0.000,0.000,1157.296,1685.621
2025-11-21 04:57:54,mlx5_0,0.000,0.000,190.309,434.288
2025-11-21 04:57:54,mlx5_1,0.000,0.000,0.000,0.000
2025-11-21 04:57:54,mlx5_2,0.000,0.000,0.000,0.000
2025-11-21 04:57:54,mlx5_3,0.000,0.000,0.000,0.000
2025-11-21 04:57:54,mlx5_4,0.000,0.000,0.000,0.000
2025-11-21 04:57:54,mlx5_5,0.000,0.000,0.000,0.000
2025-11-21 04:57:54,mlx5_6,0.000,0.000,0.000,0.000
2025-11-21 04:57:54,mlx5_7,0.000,0.000,966.986,1251.333
2025-11-21 04:57:54,mlx5_8,0.000,0.000,0.000,0.000
2025-11-21 04:57:54,mlx5_9,0.000,0.000,0.000,0.000
2025-11-21 04:57:54,TOTAL,0.000,0.000,1157.296,1685.621
2025-11-21 04:57:55,mlx5_0,0.000,0.000,190.309,434.288
2025-11-21 04:57:55,mlx5_1,0.000,0.000,0.000,0.000
2025-11-21 04:57:55,mlx5_2,0.000,0.000,0.000,0.000
2025-11-21 04:57:55,mlx5_3,0.000,0.000,0.000,0.000
2025-11-21 04:57:55,mlx5_4,0.000,0.000,0.000,0.000
2025-11-21 04:57:55,mlx5_5,0.000,0.000,0.000,0.000
2025-11-21 04:57:55,mlx5_6,0.000,0.000,0.000,0.000
2025-11-21 04:57:55,mlx5_7,0.000,0.000,966.986,1251.333
2025-11-21 04:57:55,mlx5_8,0.000,0.000,0.000,0.000
2025-11-21 04:57:55,mlx5_9,0.000,0.000,0.000,0.000
2025-11-21 04:57:55,TOTAL,0.000,0.000,1157.296,1685.621
2025-11-21 04:57:56,mlx5_0,0.004,6.891,190.310,435.155
2025-11-21 04:57:56,mlx5_1,0.000,0.000,0.000,0.000
2025-11-21 04:57:56,mlx5_2,0.000,0.000,0.000,0.000
2025-11-21 04:57:56,mlx5_3,0.000,0.000,0.000,0.000
2025-11-21 04:57:56,mlx5_4,0.000,0.000,0.000,0.000
2025-11-21 04:57:56,mlx5_5,0.000,0.000,0.000,0.000
2025-11-21 04:57:56,mlx5_6,0.000,0.000,0.000,0.000
2025-11-21 04:57:56,mlx5_7,0.025,26.670,966.990,1254.687
2025-11-21 04:57:56,mlx5_8,0.000,0.000,0.000,0.000
2025-11-21 04:57:56,mlx5_9,0.000,0.000,0.000,0.000
2025-11-21 04:57:56,TOTAL,0.029,33.561,1157.299,1689.842
2025-11-21 04:57:57,mlx5_0,0.018,30.214,190.312,438.953
2025-11-21 04:57:57,mlx5_1,0.000,0.000,0.000,0.000
2025-11-21 04:57:57,mlx5_2,0.000,0.000,0.000,0.000
2025-11-21 04:57:57,mlx5_3,0.000,0.000,0.000,0.000
2025-11-21 04:57:57,mlx5_4,0.000,0.000,0.000,0.000
2025-11-21 04:57:57,mlx5_5,0.000,0.000,0.000,0.000
2025-11-21 04:57:57,mlx5_6,0.000,0.000,0.000,0.000
2025-11-21 04:57:57,mlx5_7,0.076,80.974,966.999,1264.867
2025-11-21 04:57:57,mlx5_8,0.000,0.000,0.000,0.000
2025-11-21 04:57:57,mlx5_9,0.000,0.000,0.000,0.000
2025-11-21 04:57:57,TOTAL,0.095,111.188,1157.311,1703.820
2025-11-21 04:57:58,mlx5_0,0.018,28.598,190.314,442.549
2025-11-21 04:57:58,mlx5_1,0.000,0.000,0.000,0.000
2025-11-21 04:57:58,mlx5_2,0.000,0.000,0.000,0.000
2025-11-21 04:57:58,mlx5_3,0.000,0.000,0.000,0.000
2025-11-21 04:57:58,mlx5_4,0.000,0.000,0.000,0.000
2025-11-21 04:57:58,mlx5_5,0.000,0.000,0.000,0.000
2025-11-21 04:57:58,mlx5_6,0.000,0.000,0.000,0.000
2025-11-21 04:57:58,mlx5_7,0.076,80.411,967.009,1274.979
2025-11-21 04:57:58,mlx5_8,0.000,0.000,0.000,0.000
2025-11-21 04:57:58,mlx5_9,0.000,0.000,0.000,0.000
2025-11-21 04:57:58,TOTAL,0.093,109.009,1157.323,1717.528
2025-11-21 04:57:59,mlx5_0,0.013,18.802,190.316,444.913
2025-11-21 04:57:59,mlx5_1,0.000,0.000,0.000,0.000
2025-11-21 04:57:59,mlx5_2,0.000,0.000,0.000,0.000
2025-11-21 04:57:59,mlx5_3,0.000,0.000,0.000,0.000
2025-11-21 04:57:59,mlx5_4,0.000,0.000,0.000,0.000
2025-11-21 04:57:59,mlx5_5,0.000,0.000,0.000,0.000
2025-11-21 04:57:59,mlx5_6,0.000,0.000,0.000,0.000
2025-11-21 04:57:59,mlx5_7,0.058,61.700,967.016,1282.735
2025-11-21 04:57:59,mlx5_8,0.000,0.000,0.000,0.000
2025-11-21 04:57:59,mlx5_9,0.000,0.000,0.000,0.000
2025-11-21 04:57:59,TOTAL,0.070,80.502,1157.332,1727.648
2025-11-21 04:58:00,mlx5_0,0.008,12.435,190.317,446.477
2025-11-21 04:58:00,mlx5_1,0.000,0.000,0.000,0.000
2025-11-21 04:58:00,mlx5_2,0.000,0.000,0.000,0.000
2025-11-21 04:58:00,mlx5_3,0.000,0.000,0.000,0.000
2025-11-21 04:58:00,mlx5_4,0.000,0.000,0.000,0.000
2025-11-21 04:58:00,mlx5_5,0.000,0.000,0.000,0.000
2025-11-21 04:58:00,mlx5_6,0.000,0.000,0.000,0.000
2025-11-21 04:58:00,mlx5_7,0.034,37.193,967.020,1287.413
2025-11-21 04:58:00,mlx5_8,0.000,0.000,0.000,0.000
2025-11-21 04:58:00,mlx5_9,0.000,0.000,0.000,0.000
2025-11-21 04:58:00,TOTAL,0.042,49.628,1157.337,1733.890
2025-11-21 04:58:01,mlx5_0,0.018,27.740,190.319,449.969
2025-11-21 04:58:01,mlx5_1,0.000,0.000,0.000,0.000
2025-11-21 04:58:01,mlx5_2,0.000,0.000,0.000,0.000
2025-11-21 04:58:01,mlx5_3,0.000,0.000,0.000,0.000
2025-11-21 04:58:01,mlx5_4,0.000,0.000,0.000,0.000
2025-11-21 04:58:01,mlx5_5,0.000,0.000,0.000,0.000
2025-11-21 04:58:01,mlx5_6,0.000,0.000,0.000,0.000
2025-11-21 04:58:01,mlx5_7,0.086,91.375,967.031,1298.916
2025-11-21 04:58:01,mlx5_8,0.000,0.000,0.000,0.000
2025-11-21 04:58:01,mlx5_9,0.000,0.000,0.000,0.000
2025-11-21 04:58:01,TOTAL,0.104,119.115,1157.350,1748.885
2025-11-21 04:58:02,mlx5_0,0.005,7.188,190.320,450.873
2025-11-21 04:58:02,mlx5_1,0.000,0.000,0.000,0.000
2025-11-21 04:58:02,mlx5_2,0.000,0.000,0.000,0.000
2025-11-21 04:58:02,mlx5_3,0.000,0.000,0.000,0.000
2025-11-21 04:58:02,mlx5_4,0.000,0.000,0.000,0.000
2025-11-21 04:58:02,mlx5_5,0.000,0.000,0.000,0.000
2025-11-21 04:58:02,mlx5_6,0.000,0.000,0.000,0.000
2025-11-21 04:58:02,mlx5_7,0.025,26.598,967.034,1302.261
2025-11-21 04:58:02,mlx5_8,0.000,0.000,0.000,0.000
2025-11-21 04:58:02,mlx5_9,0.000,0.000,0.000,0.000
2025-11-21 04:58:02,TOTAL,0.030,33.786,1157.354,1753.134
2025-11-21 04:58:03,mlx5_0,0.019,29.164,190.322,454.541
2025-11-21 04:58:03,mlx5_1,0.000,0.000,0.000,0.000
2025-11-21 04:58:03,mlx5_2,0.000,0.000,0.000,0.000
2025-11-21 04:58:03,mlx5_3,0.000,0.000,0.000,0.000
2025-11-21 04:58:03,mlx5_4,0.000,0.000,0.000,0.000
2025-11-21 04:58:03,mlx5_5,0.000,0.000,0.000,0.000
2025-11-21 04:58:03,mlx5_6,0.000,0.000,0.000,0.000
2025-11-21 04:58:03,mlx5_7,0.077,81.836,967.044,1312.554
2025-11-21 04:58:03,mlx5_8,0.000,0.000,0.000,0.000
2025-11-21 04:58:03,mlx5_9,0.000,0.000,0.000,0.000
2025-11-21 04:58:03,TOTAL,0.096,111.000,1157.366,1767.095
2025-11-21 04:58:04,mlx5_0,0.020,31.216,190.324,458.468
2025-11-21 04:58:04,mlx5_1,0.000,0.000,0.000,0.000
2025-11-21 04:58:04,mlx5_2,0.000,0.000,0.000,0.000
2025-11-21 04:58:04,mlx5_3,0.000,0.000,0.000,0.000
2025-11-21 04:58:04,mlx5_4,0.000,0.000,0.000,0.000
2025-11-21 04:58:04,mlx5_5,0.000,0.000,0.000,0.000
2025-11-21 04:58:04,mlx5_6,0.000,0.000,0.000,0.000
2025-11-21 04:58:04,mlx5_7,0.085,89.780,967.055,1323.848
2025-11-21 04:58:04,mlx5_8,0.000,0.000,0.000,0.000
2025-11-21 04:58:04,mlx5_9,0.000,0.000,0.000,0.000
2025-11-21 04:58:04,TOTAL,0.104,120.996,1157.379,1782.316
2025-11-21 04:58:05,mlx5_0,0.020,30.859,190.327,462.351
2025-11-21 04:58:05,mlx5_1,0.000,0.000,0.000,0.000
2025-11-21 04:58:05,mlx5_2,0.000,0.000,0.000,0.000
2025-11-21 04:58:05,mlx5_3,0.000,0.000,0.000,0.000
2025-11-21 04:58:05,mlx5_4,0.000,0.000,0.000,0.000
2025-11-21 04:58:05,mlx5_5,0.000,0.000,0.000,0.000
2025-11-21 04:58:05,mlx5_6,0.000,0.000,0.000,0.000
2025-11-21 04:58:05,mlx5_7,0.086,92.089,967.065,1335.436
2025-11-21 04:58:05,mlx5_8,0.000,0.000,0.000,0.000
2025-11-21 04:58:05,mlx5_9,0.000,0.000,0.000,0.000
2025-11-21 04:58:05,TOTAL,0.107,122.947,1157.392,1797.788
2025-11-21 04:58:06,mlx5_0,0.016,25.034,190.329,465.498
2025-11-21 04:58:06,mlx5_1,0.000,0.000,0.000,0.000
2025-11-21 04:58:06,mlx5_2,0.000,0.000,0.000,0.000
2025-11-21 04:58:06,mlx5_3,0.000,0.000,0.000,0.000
2025-11-21 04:58:06,mlx5_4,0.000,0.000,0.000,0.000
2025-11-21 04:58:06,mlx5_5,0.000,0.000,0.000,0.000
2025-11-21 04:58:06,mlx5_6,0.000,0.000,0.000,0.000
2025-11-21 04:58:06,mlx5_7,0.078,83.152,967.075,1345.889
2025-11-21 04:58:06,mlx5_8,0.000,0.000,0.000,0.000
2025-11-21 04:58:06,mlx5_9,0.000,0.000,0.000,0.000
2025-11-21 04:58:06,TOTAL,0.095,108.187,1157.404,1811.388
2025-11-21 04:58:07,mlx5_0,0.014,22.045,190.331,468.272
2025-11-21 04:58:07,mlx5_1,0.000,0.000,0.000,0.000
2025-11-21 04:58:07,mlx5_2,0.000,0.000,0.000,0.000
2025-11-21 04:58:07,mlx5_3,0.000,0.000,0.000,0.000
2025-11-21 04:58:07,mlx5_4,0.000,0.000,0.000,0.000
2025-11-21 04:58:07,mlx5_5,0.000,0.000,0.000,0.000
2025-11-21 04:58:07,mlx5_6,0.000,0.000,0.000,0.000
2025-11-21 04:58:07,mlx5_7,0.065,69.398,967.083,1354.622
2025-11-21 04:58:07,mlx5_8,0.000,0.000,0.000,0.000
2025-11-21 04:58:07,mlx5_9,0.000,0.000,0.000,0.000
2025-11-21 04:58:07,TOTAL,0.079,91.444,1157.414,1822.894
2025-11-21 04:58:08,mlx5_0,0.015,24.174,190.333,471.310
2025-11-21 04:58:08,mlx5_1,0.000,0.000,0.000,0.000
2025-11-21 04:58:08,mlx5_2,0.000,0.000,0.000,0.000
2025-11-21 04:58:08,mlx5_3,0.000,0.000,0.000,0.000
2025-11-21 04:58:08,mlx5_4,0.000,0.000,0.000,0.000
2025-11-21 04:58:08,mlx5_5,0.000,0.000,0.000,0.000
2025-11-21 04:58:08,mlx5_6,0.000,0.000,0.000,0.000
2025-11-21 04:58:08,mlx5_7,0.070,74.392,967.092,1363.971
2025-11-21 04:58:08,mlx5_8,0.000,0.000,0.000,0.000
2025-11-21 04:58:08,mlx5_9,0.000,0.000,0.000,0.000
2025-11-21 04:58:08,TOTAL,0.085,98.565,1157.425,1835.281
2025-11-21 04:58:09,mlx5_0,0.015,24.240,190.334,474.358
2025-11-21 04:58:09,mlx5_1,0.000,0.000,0.000,0.000
2025-11-21 04:58:09,mlx5_2,0.000,0.000,0.000,0.000
2025-11-21 04:58:09,mlx5_3,0.000,0.000,0.000,0.000
2025-11-21 04:58:09,mlx5_4,0.000,0.000,0.000,0.000
2025-11-21 04:58:09,mlx5_5,0.000,0.000,0.000,0.000
2025-11-21 04:58:09,mlx5_6,0.000,0.000,0.000,0.000
2025-11-21 04:58:09,mlx5_7,0.058,61.836,967.099,1371.745
2025-11-21 04:58:09,mlx5_8,0.000,0.000,0.000,0.000
2025-11-21 04:58:09,mlx5_9,0.000,0.000,0.000,0.000
2025-11-21 04:58:09,TOTAL,0.072,86.076,1157.434,1846.103
2025-11-21 04:58:10,mlx5_0,0.015,25.803,190.336,477.607
2025-11-21 04:58:10,mlx5_1,0.000,0.000,0.000,0.000
2025-11-21 04:58:10,mlx5_2,0.000,0.000,0.000,0.000
2025-11-21 04:58:10,mlx5_3,0.000,0.000,0.000,0.000
2025-11-21 04:58:10,mlx5_4,0.000,0.000,0.000,0.000
2025-11-21 04:58:10,mlx5_5,0.000,0.000,0.000,0.000
2025-11-21 04:58:10,mlx5_6,0.000,0.000,0.000,0.000
2025-11-21 04:58:10,mlx5_7,0.072,78.669,967.109,1381.650
2025-11-21 04:58:10,mlx5_8,0.000,0.000,0.000,0.000
2025-11-21 04:58:10,mlx5_9,0.000,0.000,0.000,0.000
2025-11-21 04:58:10,TOTAL,0.087,104.472,1157.445,1859.257
2025-11-21 04:58:11,mlx5_0,0.015,25.272,190.338,480.785
2025-11-21 04:58:11,mlx5_1,0.000,0.000,0.000,0.000
2025-11-21 04:58:11,mlx5_2,0.000,0.000,0.000,0.000
2025-11-21 04:58:11,mlx5_3,0.000,0.000,0.000,0.000
2025-11-21 04:58:11,mlx5_4,0.000,0.000,0.000,0.000
2025-11-21 04:58:11,mlx5_5,0.000,0.000,0.000,0.000
2025-11-21 04:58:11,mlx5_6,0.000,0.000,0.000,0.000
2025-11-21 04:58:11,mlx5_7,0.065,70.883,967.117,1390.564
2025-11-21 04:58:11,mlx5_8,0.000,0.000,0.000,0.000
2025-11-21 04:58:11,mlx5_9,0.000,0.000,0.000,0.000
2025-11-21 04:58:11,TOTAL,0.080,96.155,1157.455,1871.349
2025-11-21 04:58:12,mlx5_0,0.015,25.441,190.340,483.983
2025-11-21 04:58:12,mlx5_1,0.000,0.000,0.000,0.000
2025-11-21 04:58:12,mlx5_2,0.000,0.000,0.000,0.000
2025-11-21 04:58:12,mlx5_3,0.000,0.000,0.000,0.000
2025-11-21 04:58:12,mlx5_4,0.000,0.000,0.000,0.000
2025-11-21 04:58:12,mlx5_5,0.000,0.000,0.000,0.000
2025-11-21 04:58:12,mlx5_6,0.000,0.000,0.000,0.000
2025-11-21 04:58:12,mlx5_7,0.062,66.957,967.124,1398.981
2025-11-21 04:58:12,mlx5_8,0.000,0.000,0.000,0.000
2025-11-21 04:58:12,mlx5_9,0.000,0.000,0.000,0.000
2025-11-21 04:58:12,TOTAL,0.077,92.397,1157.465,1882.963
2025-11-21 04:58:13,mlx5_0,0.020,31.923,190.343,487.996
2025-11-21 04:58:13,mlx5_1,0.000,0.000,0.000,0.000
2025-11-21 04:58:13,mlx5_2,0.000,0.000,0.000,0.000
2025-11-21 04:58:13,mlx5_3,0.000,0.000,0.000,0.000
2025-11-21 04:58:13,mlx5_4,0.000,0.000,0.000,0.000
2025-11-21 04:58:13,mlx5_5,0.000,0.000,0.000,0.000
2025-11-21 04:58:13,mlx5_6,0.000,0.000,0.000,0.000
2025-11-21 04:58:13,mlx5_7,0.092,97.754,967.136,1411.269
2025-11-21 04:58:13,mlx5_8,0.000,0.000,0.000,0.000
2025-11-21 04:58:13,mlx5_9,0.000,0.000,0.000,0.000
2025-11-21 04:58:13,TOTAL,0.112,129.677,1157.479,1899.264
2025-11-21 04:58:14,mlx5_0,0.019,31.801,190.345,491.996
2025-11-21 04:58:14,mlx5_1,0.000,0.000,0.000,0.000
2025-11-21 04:58:14,mlx5_2,0.000,0.000,0.000,0.000
2025-11-21 04:58:14,mlx5_3,0.000,0.000,0.000,0.000
2025-11-21 04:58:14,mlx5_4,0.000,0.000,0.000,0.000
2025-11-21 04:58:14,mlx5_5,0.000,0.000,0.000,0.000
2025-11-21 04:58:14,mlx5_6,0.000,0.000,0.000,0.000
2025-11-21 04:58:14,mlx5_7,0.075,80.464,967.145,1421.391
2025-11-21 04:58:14,mlx5_8,0.000,0.000,0.000,0.000
2025-11-21 04:58:14,mlx5_9,0.000,0.000,0.000,0.000
2025-11-21 04:58:14,TOTAL,0.094,112.265,1157.490,1913.387
2025-11-21 04:58:15,mlx5_0,0.018,30.763,190.347,495.865
2025-11-21 04:58:15,mlx5_1,0.000,0.000,0.000,0.000
2025-11-21 04:58:15,mlx5_2,0.000,0.000,0.000,0.000
2025-11-21 04:58:15,mlx5_3,0.000,0.000,0.000,0.000
2025-11-21 04:58:15,mlx5_4,0.000,0.000,0.000,0.000
2025-11-21 04:58:15,mlx5_5,0.000,0.000,0.000,0.000
2025-11-21 04:58:15,mlx5_6,0.000,0.000,0.000,0.000
2025-11-21 04:58:15,mlx5_7,0.089,96.754,967.157,1433.558
2025-11-21 04:58:15,mlx5_8,0.000,0.000,0.000,0.000
2025-11-21 04:58:15,mlx5_9,0.000,0.000,0.000,0.000
2025-11-21 04:58:15,TOTAL,0.107,127.517,1157.504,1929.423
2025-11-21 04:58:16,mlx5_0,0.019,29.815,190.350,499.613
2025-11-21 04:58:16,mlx5_1,0.000,0.000,0.000,0.000
2025-11-21 04:58:16,mlx5_2,0.000,0.000,0.000,0.000
2025-11-21 04:58:16,mlx5_3,0.000,0.000,0.000,0.000
2025-11-21 04:58:16,mlx5_4,0.000,0.000,0.000,0.000
2025-11-21 04:58:16,mlx5_5,0.000,0.000,0.000,0.000
2025-11-21 04:58:16,mlx5_6,0.000,0.000,0.000,0.000
2025-11-21 04:58:16,mlx5_7,0.085,92.394,967.167,1445.175
2025-11-21 04:58:16,mlx5_8,0.000,0.000,0.000,0.000
2025-11-21 04:58:16,mlx5_9,0.000,0.000,0.000,0.000
2025-11-21 04:58:16,TOTAL,0.104,122.209,1157.517,1944.789
2025-11-21 04:58:17,mlx5_0,0.015,23.942,190.352,502.627
2025-11-21 04:58:17,mlx5_1,0.000,0.000,0.000,0.000
2025-11-21 04:58:17,mlx5_2,0.000,0.000,0.000,0.000
2025-11-21 04:58:17,mlx5_3,0.000,0.000,0.000,0.000
2025-11-21 04:58:17,mlx5_4,0.000,0.000,0.000,0.000
2025-11-21 04:58:17,mlx5_5,0.000,0.000,0.000,0.000
2025-11-21 04:58:17,mlx5_6,0.000,0.000,0.000,0.000
2025-11-21 04:58:17,mlx5_7,0.081,85.864,967.177,1455.982
2025-11-21 04:58:17,mlx5_8,0.000,0.000,0.000,0.000
2025-11-21 04:58:17,mlx5_9,0.000,0.000,0.000,0.000
2025-11-21 04:58:17,TOTAL,0.096,109.806,1157.529,1958.609
2025-11-21 04:58:18,mlx5_0,0.016,25.423,190.354,505.826
2025-11-21 04:58:18,mlx5_1,0.000,0.000,0.000,0.000
2025-11-21 04:58:18,mlx5_2,0.000,0.000,0.000,0.000
2025-11-21 04:58:18,mlx5_3,0.000,0.000,0.000,0.000
2025-11-21 04:58:18,mlx5_4,0.000,0.000,0.000,0.000
2025-11-21 04:58:18,mlx5_5,0.000,0.000,0.000,0.000
2025-11-21 04:58:18,mlx5_6,0.000,0.000,0.000,0.000
2025-11-21 04:58:18,mlx5_7,0.064,68.685,967.185,1464.626
2025-11-21 04:58:18,mlx5_8,0.000,0.000,0.000,0.000
2025-11-21 04:58:18,mlx5_9,0.000,0.000,0.000,0.000
2025-11-21 04:58:18,TOTAL,0.080,94.108,1157.539,1970.452
2025-11-21 04:58:19,mlx5_0,0.018,29.915,190.356,509.588
2025-11-21 04:58:19,mlx5_1,0.000,0.000,0.000,0.000
2025-11-21 04:58:19,mlx5_2,0.000,0.000,0.000,0.000
2025-11-21 04:58:19,mlx5_3,0.000,0.000,0.000,0.000
2025-11-21 04:58:19,mlx5_4,0.000,0.000,0.000,0.000
2025-11-21 04:58:19,mlx5_5,0.000,0.000,0.000,0.000
2025-11-21 04:58:19,mlx5_6,0.000,0.000,0.000,0.000
2025-11-21 04:58:19,mlx5_7,0.090,97.335,967.197,1476.865
2025-11-21 04:58:19,mlx5_8,0.000,0.000,0.000,0.000
2025-11-21 04:58:19,mlx5_9,0.000,0.000,0.000,0.000
2025-11-21 04:58:19,TOTAL,0.108,127.249,1157.553,1986.452
2025-11-21 04:58:20,mlx5_0,0.018,29.367,190.358,513.279
2025-11-21 04:58:20,mlx5_1,0.000,0.000,0.000,0.000
2025-11-21 04:58:20,mlx5_2,0.000,0.000,0.000,0.000
2025-11-21 04:58:20,mlx5_3,0.000,0.000,0.000,0.000
2025-11-21 04:58:20,mlx5_4,0.000,0.000,0.000,0.000
2025-11-21 04:58:20,mlx5_5,0.000,0.000,0.000,0.000
2025-11-21 04:58:20,mlx5_6,0.000,0.000,0.000,0.000
2025-11-21 04:58:20,mlx5_7,0.080,87.361,967.207,1487.845
2025-11-21 04:58:20,mlx5_8,0.000,0.000,0.000,0.000
2025-11-21 04:58:20,mlx5_9,0.000,0.000,0.000,0.000
2025-11-21 04:58:20,TOTAL,0.098,116.728,1157.565,2001.123
2025-11-21 04:58:21,mlx5_0,0.018,29.747,190.360,517.019
2025-11-21 04:58:21,mlx5_1,0.000,0.000,0.000,0.000
2025-11-21 04:58:21,mlx5_2,0.000,0.000,0.000,0.000
2025-11-21 04:58:21,mlx5_3,0.000,0.000,0.000,0.000
2025-11-21 04:58:21,mlx5_4,0.000,0.000,0.000,0.000
2025-11-21 04:58:21,mlx5_5,0.000,0.000,0.000,0.000
2025-11-21 04:58:21,mlx5_6,0.000,0.000,0.000,0.000
2025-11-21 04:58:21,mlx5_7,0.083,88.862,967.217,1499.017
2025-11-21 04:58:21,mlx5_8,0.000,0.000,0.000,0.000
2025-11-21 04:58:21,mlx5_9,0.000,0.000,0.000,0.000
2025-11-21 04:58:21,TOTAL,0.101,118.609,1157.578,2016.036
2025-11-21 04:58:22,mlx5_0,0.015,24.480,190.362,520.100
2025-11-21 04:58:22,mlx5_1,0.000,0.000,0.000,0.000
2025-11-21 04:58:22,mlx5_2,0.000,0.000,0.000,0.000
2025-11-21 04:58:22,mlx5_3,0.000,0.000,0.000,0.000
2025-11-21 04:58:22,mlx5_4,0.000,0.000,0.000,0.000
2025-11-21 04:58:22,mlx5_5,0.000,0.000,0.000,0.000
2025-11-21 04:58:22,mlx5_6,0.000,0.000,0.000,0.000
2025-11-21 04:58:22,mlx5_7,0.062,65.556,967.225,1507.270
2025-11-21 04:58:22,mlx5_8,0.000,0.000,0.000,0.000
2025-11-21 04:58:22,mlx5_9,0.000,0.000,0.000,0.000
2025-11-21 04:58:22,TOTAL,0.076,90.036,1157.587,2027.371
2025-11-21 04:58:23,mlx5_0,0.018,31.158,190.365,524.019
2025-11-21 04:58:23,mlx5_1,0.000,0.000,0.000,0.000
2025-11-21 04:58:23,mlx5_2,0.000,0.000,0.000,0.000
2025-11-21 04:58:23,mlx5_3,0.000,0.000,0.000,0.000
2025-11-21 04:58:23,mlx5_4,0.000,0.000,0.000,0.000
2025-11-21 04:58:23,mlx5_5,0.000,0.000,0.000,0.000
2025-11-21 04:58:23,mlx5_6,0.000,0.000,0.000,0.000
2025-11-21 04:58:23,mlx5_7,0.071,76.855,967.234,1516.935
2025-11-21 04:58:23,mlx5_8,0.000,0.000,0.000,0.000
2025-11-21 04:58:23,mlx5_9,0.000,0.000,0.000,0.000
2025-11-21 04:58:23,TOTAL,0.090,108.013,1157.598,2040.954
2025-11-21 04:58:24,mlx5_0,0.018,30.836,190.367,527.896
2025-11-21 04:58:24,mlx5_1,0.000,0.000,0.000,0.000
2025-11-21 04:58:24,mlx5_2,0.000,0.000,0.000,0.000
2025-11-21 04:58:24,mlx5_3,0.000,0.000,0.000,0.000
2025-11-21 04:58:24,mlx5_4,0.000,0.000,0.000,0.000
2025-11-21 04:58:24,mlx5_5,0.000,0.000,0.000,0.000
2025-11-21 04:58:24,mlx5_6,0.000,0.000,0.000,0.000
2025-11-21 04:58:24,mlx5_7,0.059,64.486,967.241,1525.043
2025-11-21 04:58:24,mlx5_8,0.000,0.000,0.000,0.000
2025-11-21 04:58:24,mlx5_9,0.000,0.000,0.000,0.000
2025-11-21 04:58:24,TOTAL,0.077,95.322,1157.608,2052.939
2025-11-21 04:58:25,mlx5_0,0.015,26.322,190.369,531.204
2025-11-21 04:58:25,mlx5_1,0.000,0.000,0.000,0.000
2025-11-21 04:58:25,mlx5_2,0.000,0.000,0.000,0.000
2025-11-21 04:58:25,mlx5_3,0.000,0.000,0.000,0.000
2025-11-21 04:58:25,mlx5_4,0.000,0.000,0.000,0.000
2025-11-21 04:58:25,mlx5_5,0.000,0.000,0.000,0.000
2025-11-21 04:58:25,mlx5_6,0.000,0.000,0.000,0.000
2025-11-21 04:58:25,mlx5_7,0.057,62.740,967.249,1532.928
2025-11-21 04:58:25,mlx5_8,0.000,0.000,0.000,0.000
2025-11-21 04:58:25,mlx5_9,0.000,0.000,0.000,0.000
2025-11-21 04:58:25,TOTAL,0.073,89.062,1157.617,2064.132
2025-11-21 04:58:26,mlx5_0,0.018,29.505,190.371,534.912
2025-11-21 04:58:26,mlx5_1,0.000,0.000,0.000,0.000
2025-11-21 04:58:26,mlx5_2,0.000,0.000,0.000,0.000
2025-11-21 04:58:26,mlx5_3,0.000,0.000,0.000,0.000
2025-11-21 04:58:26,mlx5_4,0.000,0.000,0.000,0.000
2025-11-21 04:58:26,mlx5_5,0.000,0.000,0.000,0.000
2025-11-21 04:58:26,mlx5_6,0.000,0.000,0.000,0.000
2025-11-21 04:58:26,mlx5_7,0.085,91.034,967.259,1544.370
2025-11-21 04:58:26,mlx5_8,0.000,0.000,0.000,0.000
2025-11-21 04:58:26,mlx5_9,0.000,0.000,0.000,0.000
2025-11-21 04:58:26,TOTAL,0.103,120.539,1157.630,2079.283
2025-11-21 04:58:27,mlx5_0,0.017,28.865,190.373,538.543
2025-11-21 04:58:27,mlx5_1,0.000,0.000,0.000,0.000
2025-11-21 04:58:27,mlx5_2,0.000,0.000,0.000,0.000
2025-11-21 04:58:27,mlx5_3,0.000,0.000,0.000,0.000
2025-11-21 04:58:27,mlx5_4,0.000,0.000,0.000,0.000
2025-11-21 04:58:27,mlx5_5,0.000,0.000,0.000,0.000
2025-11-21 04:58:27,mlx5_6,0.000,0.000,0.000,0.000
2025-11-21 04:58:27,mlx5_7,0.074,78.389,967.268,1554.229
2025-11-21 04:58:27,mlx5_8,0.000,0.000,0.000,0.000
2025-11-21 04:58:27,mlx5_9,0.000,0.000,0.000,0.000
2025-11-21 04:58:27,TOTAL,0.091,107.254,1157.642,2092.771
2025-11-21 04:58:28,mlx5_0,0.019,31.149,190.375,542.460
2025-11-21 04:58:28,mlx5_1,0.000,0.000,0.000,0.000
2025-11-21 04:58:28,mlx5_2,0.000,0.000,0.000,0.000
2025-11-21 04:58:28,mlx5_3,0.000,0.000,0.000,0.000
2025-11-21 04:58:28,mlx5_4,0.000,0.000,0.000,0.000
2025-11-21 04:58:28,mlx5_5,0.000,0.000,0.000,0.000
2025-11-21 04:58:28,mlx5_6,0.000,0.000,0.000,0.000
2025-11-21 04:58:28,mlx5_7,0.086,92.891,967.279,1565.913
2025-11-21 04:58:28,mlx5_8,0.000,0.000,0.000,0.000
2025-11-21 04:58:28,mlx5_9,0.000,0.000,0.000,0.000
2025-11-21 04:58:28,TOTAL,0.105,124.040,1157.655,2108.373
2025-11-21 04:58:29,mlx5_0,0.009,15.884,190.377,544.458
2025-11-21 04:58:29,mlx5_1,0.000,0.000,0.000,0.000
2025-11-21 04:58:29,mlx5_2,0.000,0.000,0.000,0.000
2025-11-21 04:58:29,mlx5_3,0.000,0.000,0.000,0.000
2025-11-21 04:58:29,mlx5_4,0.000,0.000,0.000,0.000
2025-11-21 04:58:29,mlx5_5,0.000,0.000,0.000,0.000
2025-11-21 04:58:29,mlx5_6,0.000,0.000,0.000,0.000
2025-11-21 04:58:29,mlx5_7,0.038,41.372,967.284,1571.115
2025-11-21 04:58:29,mlx5_8,0.000,0.000,0.000,0.000
2025-11-21 04:58:29,mlx5_9,0.000,0.000,0.000,0.000
2025-11-21 04:58:29,TOTAL,0.048,57.256,1157.661,2115.573
2025-11-21 04:58:30,mlx5_0,0.003,4.959,190.377,545.082
2025-11-21 04:58:30,mlx5_1,0.000,0.000,0.000,0.000
2025-11-21 04:58:30,mlx5_2,0.000,0.000,0.000,0.000
2025-11-21 04:58:30,mlx5_3,0.000,0.000,0.000,0.000
2025-11-21 04:58:30,mlx5_4,0.000,0.000,0.000,0.000
2025-11-21 04:58:30,mlx5_5,0.000,0.000,0.000,0.000
2025-11-21 04:58:30,mlx5_6,0.000,0.000,0.000,0.000
2025-11-21 04:58:30,mlx5_7,0.015,17.269,967.286,1573.287
2025-11-21 04:58:30,mlx5_8,0.000,0.000,0.000,0.000
2025-11-21 04:58:30,mlx5_9,0.000,0.000,0.000,0.000
2025-11-21 04:58:30,TOTAL,0.018,22.228,1157.663,2118.369
2025-11-21 04:58:31,mlx5_0,0.007,11.452,190.378,546.522
2025-11-21 04:58:31,mlx5_1,0.000,0.000,0.000,0.000
2025-11-21 04:58:31,mlx5_2,0.000,0.000,0.000,0.000
2025-11-21 04:58:31,mlx5_3,0.000,0.000,0.000,0.000
2025-11-21 04:58:31,mlx5_4,0.000,0.000,0.000,0.000
2025-11-21 04:58:31,mlx5_5,0.000,0.000,0.000,0.000
2025-11-21 04:58:31,mlx5_6,0.000,0.000,0.000,0.000
2025-11-21 04:58:31,mlx5_7,0.026,29.179,967.289,1576.956
2025-11-21 04:58:31,mlx5_8,0.000,0.000,0.000,0.000
2025-11-21 04:58:31,mlx5_9,0.000,0.000,0.000,0.000
2025-11-21 04:58:31,TOTAL,0.033,40.631,1157.667,2123.478
2025-11-21 04:58:32,mlx5_0,0.013,20.074,190.379,549.046
2025-11-21 04:58:32,mlx5_1,0.000,0.000,0.000,0.000
2025-11-21 04:58:32,mlx5_2,0.000,0.000,0.000,0.000
2025-11-21 04:58:32,mlx5_3,0.000,0.000,0.000,0.000
2025-11-21 04:58:32,mlx5_4,0.000,0.000,0.000,0.000
2025-11-21 04:58:32,mlx5_5,0.000,0.000,0.000,0.000
2025-11-21 04:58:32,mlx5_6,0.000,0.000,0.000,0.000
2025-11-21 04:58:32,mlx5_7,0.048,53.081,967.295,1583.631
2025-11-21 04:58:32,mlx5_8,0.000,0.000,0.000,0.000
2025-11-21 04:58:32,mlx5_9,0.000,0.000,0.000,0.000
2025-11-21 04:58:32,TOTAL,0.060,73.156,1157.675,2132.677
2025-11-21 04:58:33,mlx5_0,0.017,27.300,190.382,552.479
2025-11-21 04:58:33,mlx5_1,0.000,0.000,0.000,0.000
2025-11-21 04:58:33,mlx5_2,0.000,0.000,0.000,0.000
2025-11-21 04:58:33,mlx5_3,0.000,0.000,0.000,0.000
2025-11-21 04:58:33,mlx5_4,0.000,0.000,0.000,0.000
2025-11-21 04:58:33,mlx5_5,0.000,0.000,0.000,0.000
2025-11-21 04:58:33,mlx5_6,0.000,0.000,0.000,0.000
2025-11-21 04:58:33,mlx5_7,0.072,76.310,967.304,1593.227
2025-11-21 04:58:33,mlx5_8,0.000,0.000,0.000,0.000
2025-11-21 04:58:33,mlx5_9,0.000,0.000,0.000,0.000
2025-11-21 04:58:33,TOTAL,0.089,103.610,1157.686,2145.706
2025-11-21 04:58:34,mlx5_0,0.019,30.468,190.384,556.308
2025-11-21 04:58:34,mlx5_1,0.000,0.000,0.000,0.000
2025-11-21 04:58:34,mlx5_2,0.000,0.000,0.000,0.000
2025-11-21 04:58:34,mlx5_3,0.000,0.000,0.000,0.000
2025-11-21 04:58:34,mlx5_4,0.000,0.000,0.000,0.000
2025-11-21 04:58:34,mlx5_5,0.000,0.000,0.000,0.000
2025-11-21 04:58:34,mlx5_6,0.000,0.000,0.000,0.000
2025-11-21 04:58:34,mlx5_7,0.076,80.171,967.314,1603.304
2025-11-21 04:58:34,mlx5_8,0.000,0.000,0.000,0.000
2025-11-21 04:58:34,mlx5_9,0.000,0.000,0.000,0.000
2025-11-21 04:58:34,TOTAL,0.095,110.640,1157.698,2159.612
2025-11-21 04:58:35,mlx5_0,0.014,22.702,190.386,559.163
2025-11-21 04:58:35,mlx5_1,0.000,0.000,0.000,0.000
2025-11-21 04:58:35,mlx5_2,0.000,0.000,0.000,0.000
2025-11-21 04:58:35,mlx5_3,0.000,0.000,0.000,0.000
2025-11-21 04:58:35,mlx5_4,0.000,0.000,0.000,0.000
2025-11-21 04:58:35,mlx5_5,0.000,0.000,0.000,0.000
2025-11-21 04:58:35,mlx5_6,0.000,0.000,0.000,0.000
2025-11-21 04:58:35,mlx5_7,0.054,58.547,967.321,1610.665
2025-11-21 04:58:35,mlx5_8,0.000,0.000,0.000,0.000
2025-11-21 04:58:35,mlx5_9,0.000,0.000,0.000,0.000
2025-11-21 04:58:35,TOTAL,0.068,81.249,1157.706,2169.827
2025-11-21 04:58:36,mlx5_0,0.013,22.101,190.387,561.941
2025-11-21 04:58:36,mlx5_1,0.000,0.000,0.000,0.000
2025-11-21 04:58:36,mlx5_2,0.000,0.000,0.000,0.000
2025-11-21 04:58:36,mlx5_3,0.000,0.000,0.000,0.000
2025-11-21 04:58:36,mlx5_4,0.000,0.000,0.000,0.000
2025-11-21 04:58:36,mlx5_5,0.000,0.000,0.000,0.000
2025-11-21 04:58:36,mlx5_6,0.000,0.000,0.000,0.000
2025-11-21 04:58:36,mlx5_7,0.053,58.629,967.327,1618.034
2025-11-21 04:58:36,mlx5_8,0.000,0.000,0.000,0.000
2025-11-21 04:58:36,mlx5_9,0.000,0.000,0.000,0.000
2025-11-21 04:58:36,TOTAL,0.066,80.730,1157.715,2179.974
2025-11-21 04:58:37,mlx5_0,0.018,31.827,190.390,565.943
2025-11-21 04:58:37,mlx5_1,0.000,0.000,0.000,0.000
2025-11-21 04:58:37,mlx5_2,0.000,0.000,0.000,0.000
2025-11-21 04:58:37,mlx5_3,0.000,0.000,0.000,0.000
2025-11-21 04:58:37,mlx5_4,0.000,0.000,0.000,0.000
2025-11-21 04:58:37,mlx5_5,0.000,0.000,0.000,0.000
2025-11-21 04:58:37,mlx5_6,0.000,0.000,0.000,0.000
2025-11-21 04:58:37,mlx5_7,0.068,74.804,967.336,1627.441
2025-11-21 04:58:37,mlx5_8,0.000,0.000,0.000,0.000
2025-11-21 04:58:37,mlx5_9,0.000,0.000,0.000,0.000
2025-11-21 04:58:37,TOTAL,0.086,106.631,1157.725,2193.384
2025-11-21 04:58:38,mlx5_0,0.014,23.316,190.391,568.876
2025-11-21 04:58:38,mlx5_1,0.000,0.000,0.000,0.000
2025-11-21 04:58:38,mlx5_2,0.000,0.000,0.000,0.000
2025-11-21 04:58:38,mlx5_3,0.000,0.000,0.000,0.000
2025-11-21 04:58:38,mlx5_4,0.000,0.000,0.000,0.000
2025-11-21 04:58:38,mlx5_5,0.000,0.000,0.000,0.000
2025-11-21 04:58:38,mlx5_6,0.000,0.000,0.000,0.000
2025-11-21 04:58:38,mlx5_7,0.056,60.577,967.343,1635.061
2025-11-21 04:58:38,mlx5_8,0.000,0.000,0.000,0.000
2025-11-21 04:58:38,mlx5_9,0.000,0.000,0.000,0.000
2025-11-21 04:58:38,TOTAL,0.070,83.894,1157.734,2203.937
2025-11-21 04:58:39,mlx5_0,0.017,26.201,190.394,572.172
2025-11-21 04:58:39,mlx5_1,0.000,0.000,0.000,0.000
2025-11-21 04:58:39,mlx5_2,0.000,0.000,0.000,0.000
2025-11-21 04:58:39,mlx5_3,0.000,0.000,0.000,0.000
2025-11-21 04:58:39,mlx5_4,0.000,0.000,0.000,0.000
2025-11-21 04:58:39,mlx5_5,0.000,0.000,0.000,0.000
2025-11-21 04:58:39,mlx5_6,0.000,0.000,0.000,0.000
2025-11-21 04:58:39,mlx5_7,0.075,80.174,967.352,1645.146
2025-11-21 04:58:39,mlx5_8,0.000,0.000,0.000,0.000
2025-11-21 04:58:39,mlx5_9,0.000,0.000,0.000,0.000
2025-11-21 04:58:39,TOTAL,0.092,106.375,1157.746,2217.319
2025-11-21 04:58:40,mlx5_0,0.016,26.384,190.396,575.489
2025-11-21 04:58:40,mlx5_1,0.000,0.000,0.000,0.000
2025-11-21 04:58:40,mlx5_2,0.000,0.000,0.000,0.000
2025-11-21 04:58:40,mlx5_3,0.000,0.000,0.000,0.000
2025-11-21 04:58:40,mlx5_4,0.000,0.000,0.000,0.000
2025-11-21 04:58:40,mlx5_5,0.000,0.000,0.000,0.000
2025-11-21 04:58:40,mlx5_6,0.000,0.000,0.000,0.000
2025-11-21 04:58:40,mlx5_7,0.073,77.894,967.361,1654.940
2025-11-21 04:58:40,mlx5_8,0.000,0.000,0.000,0.000
2025-11-21 04:58:40,mlx5_9,0.000,0.000,0.000,0.000
2025-11-21 04:58:40,TOTAL,0.089,104.278,1157.757,2230.430
2025-11-21 04:58:41,mlx5_0,0.015,26.776,190.398,578.854
2025-11-21 04:58:41,mlx5_1,0.000,0.000,0.000,0.000
2025-11-21 04:58:41,mlx5_2,0.000,0.000,0.000,0.000
2025-11-21 04:58:41,mlx5_3,0.000,0.000,0.000,0.000
2025-11-21 04:58:41,mlx5_4,0.000,0.000,0.000,0.000
2025-11-21 04:58:41,mlx5_5,0.000,0.000,0.000,0.000
2025-11-21 04:58:41,mlx5_6,0.000,0.000,0.000,0.000
2025-11-21 04:58:41,mlx5_7,0.065,70.957,967.370,1663.857
2025-11-21 04:58:41,mlx5_8,0.000,0.000,0.000,0.000
2025-11-21 04:58:41,mlx5_9,0.000,0.000,0.000,0.000
2025-11-21 04:58:41,TOTAL,0.081,97.732,1157.767,2242.711
2025-11-21 04:58:42,mlx5_0,0.015,25.814,190.400,582.100
2025-11-21 04:58:42,mlx5_1,0.000,0.000,0.000,0.000
2025-11-21 04:58:42,mlx5_2,0.000,0.000,0.000,0.000
2025-11-21 04:58:42,mlx5_3,0.000,0.000,0.000,0.000
2025-11-21 04:58:42,mlx5_4,0.000,0.000,0.000,0.000
2025-11-21 04:58:42,mlx5_5,0.000,0.000,0.000,0.000
2025-11-21 04:58:42,mlx5_6,0.000,0.000,0.000,0.000
2025-11-21 04:58:42,mlx5_7,0.059,64.174,967.377,1671.925
2025-11-21 04:58:42,mlx5_8,0.000,0.000,0.000,0.000
2025-11-21 04:58:42,mlx5_9,0.000,0.000,0.000,0.000
2025-11-21 04:58:42,TOTAL,0.074,89.989,1157.776,2254.025
2025-11-21 04:58:43,mlx5_0,0.016,26.144,190.402,585.384
2025-11-21 04:58:43,mlx5_1,0.000,0.000,0.000,0.000
2025-11-21 04:58:43,mlx5_2,0.000,0.000,0.000,0.000
2025-11-21 04:58:43,mlx5_3,0.000,0.000,0.000,0.000
2025-11-21 04:58:43,mlx5_4,0.000,0.000,0.000,0.000
2025-11-21 04:58:43,mlx5_5,0.000,0.000,0.000,0.000
2025-11-21 04:58:43,mlx5_6,0.000,0.000,0.000,0.000
2025-11-21 04:58:43,mlx5_7,0.068,73.851,967.385,1681.202
2025-11-21 04:58:43,mlx5_8,0.000,0.000,0.000,0.000
2025-11-21 04:58:43,mlx5_9,0.000,0.000,0.000,0.000
2025-11-21 04:58:43,TOTAL,0.084,99.995,1157.787,2266.586
2025-11-21 04:58:44,mlx5_0,0.019,30.497,190.404,589.228
2025-11-21 04:58:44,mlx5_1,0.000,0.000,0.000,0.000
2025-11-21 04:58:44,mlx5_2,0.000,0.000,0.000,0.000
2025-11-21 04:58:44,mlx5_3,0.000,0.000,0.000,0.000
2025-11-21 04:58:44,mlx5_4,0.000,0.000,0.000,0.000
2025-11-21 04:58:44,mlx5_5,0.000,0.000,0.000,0.000
2025-11-21 04:58:44,mlx5_6,0.000,0.000,0.000,0.000
2025-11-21 04:58:44,mlx5_7,0.070,75.374,967.394,1690.704
2025-11-21 04:58:44,mlx5_8,0.000,0.000,0.000,0.000
2025-11-21 04:58:44,mlx5_9,0.000,0.000,0.000,0.000
2025-11-21 04:58:44,TOTAL,0.089,105.870,1157.798,2279.932
2025-11-21 04:58:45,mlx5_0,0.019,28.395,190.406,592.798
2025-11-21 04:58:45,mlx5_1,0.000,0.000,0.000,0.000
2025-11-21 04:58:45,mlx5_2,0.000,0.000,0.000,0.000
2025-11-21 04:58:45,mlx5_3,0.000,0.000,0.000,0.000
2025-11-21 04:58:45,mlx5_4,0.000,0.000,0.000,0.000
2025-11-21 04:58:45,mlx5_5,0.000,0.000,0.000,0.000
2025-11-21 04:58:45,mlx5_6,0.000,0.000,0.000,0.000
2025-11-21 04:58:45,mlx5_7,0.102,109.152,967.407,1704.427
2025-11-21 04:58:45,mlx5_8,0.000,0.000,0.000,0.000
2025-11-21 04:58:45,mlx5_9,0.000,0.000,0.000,0.000
2025-11-21 04:58:45,TOTAL,0.120,137.546,1157.813,2297.225
2025-11-21 04:58:46,mlx5_0,0.017,28.385,190.408,596.367
2025-11-21 04:58:46,mlx5_1,0.000,0.000,0.000,0.000
2025-11-21 04:58:46,mlx5_2,0.000,0.000,0.000,0.000
2025-11-21 04:58:46,mlx5_3,0.000,0.000,0.000,0.000
2025-11-21 04:58:46,mlx5_4,0.000,0.000,0.000,0.000
2025-11-21 04:58:46,mlx5_5,0.000,0.000,0.000,0.000
2025-11-21 04:58:46,mlx5_6,0.000,0.000,0.000,0.000
2025-11-21 04:58:46,mlx5_7,0.058,64.064,967.414,1712.482
2025-11-21 04:58:46,mlx5_8,0.000,0.000,0.000,0.000
2025-11-21 04:58:46,mlx5_9,0.000,0.000,0.000,0.000
2025-11-21 04:58:46,TOTAL,0.076,92.448,1157.823,2308.849
2025-11-21 04:58:47,mlx5_0,0.015,23.943,190.410,599.380
2025-11-21 04:58:47,mlx5_1,0.000,0.000,0.000,0.000
2025-11-21 04:58:47,mlx5_2,0.000,0.000,0.000,0.000
2025-11-21 04:58:47,mlx5_3,0.000,0.000,0.000,0.000
2025-11-21 04:58:47,mlx5_4,0.000,0.000,0.000,0.000
2025-11-21 04:58:47,mlx5_5,0.000,0.000,0.000,0.000
2025-11-21 04:58:47,mlx5_6,0.000,0.000,0.000,0.000
2025-11-21 04:58:47,mlx5_7,0.051,56.017,967.421,1719.530
2025-11-21 04:58:47,mlx5_8,0.000,0.000,0.000,0.000
2025-11-21 04:58:47,mlx5_9,0.000,0.000,0.000,0.000
2025-11-21 04:58:47,TOTAL,0.065,79.960,1157.831,2318.910
2025-11-21 04:58:48,mlx5_0,0.018,29.415,190.413,603.077
2025-11-21 04:58:48,mlx5_1,0.000,0.000,0.000,0.000
2025-11-21 04:58:48,mlx5_2,0.000,0.000,0.000,0.000
2025-11-21 04:58:48,mlx5_3,0.000,0.000,0.000,0.000
2025-11-21 04:58:48,mlx5_4,0.000,0.000,0.000,0.000
2025-11-21 04:58:48,mlx5_5,0.000,0.000,0.000,0.000
2025-11-21 04:58:48,mlx5_6,0.000,0.000,0.000,0.000
2025-11-21 04:58:48,mlx5_7,0.072,77.651,967.430,1729.292
2025-11-21 04:58:48,mlx5_8,0.000,0.000,0.000,0.000
2025-11-21 04:58:48,mlx5_9,0.000,0.000,0.000,0.000
2025-11-21 04:58:48,TOTAL,0.090,107.066,1157.842,2332.369
2025-11-21 04:58:49,mlx5_0,0.017,26.863,190.415,606.454
2025-11-21 04:58:49,mlx5_1,0.000,0.000,0.000,0.000
2025-11-21 04:58:49,mlx5_2,0.000,0.000,0.000,0.000
2025-11-21 04:58:49,mlx5_3,0.000,0.000,0.000,0.000
2025-11-21 04:58:49,mlx5_4,0.000,0.000,0.000,0.000
2025-11-21 04:58:49,mlx5_5,0.000,0.000,0.000,0.000
2025-11-21 04:58:49,mlx5_6,0.000,0.000,0.000,0.000
2025-11-21 04:58:49,mlx5_7,0.084,91.188,967.440,1740.754
2025-11-21 04:58:49,mlx5_8,0.000,0.000,0.000,0.000
2025-11-21 04:58:49,mlx5_9,0.000,0.000,0.000,0.000
2025-11-21 04:58:49,TOTAL,0.102,118.051,1157.855,2347.208
2025-11-21 04:58:50,mlx5_0,0.019,30.576,190.417,610.298
2025-11-21 04:58:50,mlx5_1,0.000,0.000,0.000,0.000
2025-11-21 04:58:50,mlx5_2,0.000,0.000,0.000,0.000
2025-11-21 04:58:50,mlx5_3,0.000,0.000,0.000,0.000
2025-11-21 04:58:50,mlx5_4,0.000,0.000,0.000,0.000
2025-11-21 04:58:50,mlx5_5,0.000,0.000,0.000,0.000
2025-11-21 04:58:50,mlx5_6,0.000,0.000,0.000,0.000
2025-11-21 04:58:50,mlx5_7,0.075,81.194,967.450,1750.961
2025-11-21 04:58:50,mlx5_8,0.000,0.000,0.000,0.000
2025-11-21 04:58:50,mlx5_9,0.000,0.000,0.000,0.000
2025-11-21 04:58:50,TOTAL,0.094,111.770,1157.867,2361.259
2025-11-21 04:58:51,mlx5_0,0.018,29.391,190.419,613.994
2025-11-21 04:58:51,mlx5_1,0.000,0.000,0.000,0.000
2025-11-21 04:58:51,mlx5_2,0.000,0.000,0.000,0.000
2025-11-21 04:58:51,mlx5_3,0.000,0.000,0.000,0.000
2025-11-21 04:58:51,mlx5_4,0.000,0.000,0.000,0.000
2025-11-21 04:58:51,mlx5_5,0.000,0.000,0.000,0.000
2025-11-21 04:58:51,mlx5_6,0.000,0.000,0.000,0.000
2025-11-21 04:58:51,mlx5_7,0.093,101.609,967.462,1763.740
2025-11-21 04:58:51,mlx5_8,0.000,0.000,0.000,0.000
2025-11-21 04:58:51,mlx5_9,0.000,0.000,0.000,0.000
2025-11-21 04:58:51,TOTAL,0.111,131.001,1157.881,2377.734
2025-11-21 04:58:52,mlx5_0,0.016,27.087,190.421,617.400
2025-11-21 04:58:52,mlx5_1,0.000,0.000,0.000,0.000
2025-11-21 04:58:52,mlx5_2,0.000,0.000,0.000,0.000
2025-11-21 04:58:52,mlx5_3,0.000,0.000,0.000,0.000
2025-11-21 04:58:52,mlx5_4,0.000,0.000,0.000,0.000
2025-11-21 04:58:52,mlx5_5,0.000,0.000,0.000,0.000
2025-11-21 04:58:52,mlx5_6,0.000,0.000,0.000,0.000
2025-11-21 04:58:52,mlx5_7,0.070,75.757,967.470,1773.265
2025-11-21 04:58:52,mlx5_8,0.000,0.000,0.000,0.000
2025-11-21 04:58:52,mlx5_9,0.000,0.000,0.000,0.000
2025-11-21 04:58:52,TOTAL,0.086,102.844,1157.892,2390.664
2025-11-21 04:58:53,mlx5_0,0.019,30.091,190.424,621.184
2025-11-21 04:58:53,mlx5_1,0.000,0.000,0.000,0.000
2025-11-21 04:58:53,mlx5_2,0.000,0.000,0.000,0.000
2025-11-21 04:58:53,mlx5_3,0.000,0.000,0.000,0.000
2025-11-21 04:58:53,mlx5_4,0.000,0.000,0.000,0.000
2025-11-21 04:58:53,mlx5_5,0.000,0.000,0.000,0.000
2025-11-21 04:58:53,mlx5_6,0.000,0.000,0.000,0.000
2025-11-21 04:58:53,mlx5_7,0.083,88.523,967.481,1784.399
2025-11-21 04:58:53,mlx5_8,0.000,0.000,0.000,0.000
2025-11-21 04:58:53,mlx5_9,0.000,0.000,0.000,0.000
2025-11-21 04:58:53,TOTAL,0.101,118.613,1157.905,2405.583
2025-11-21 04:58:54,mlx5_0,0.014,21.401,190.425,623.878
2025-11-21 04:58:54,mlx5_1,0.000,0.000,0.000,0.000
2025-11-21 04:58:54,mlx5_2,0.000,0.000,0.000,0.000
2025-11-21 04:58:54,mlx5_3,0.000,0.000,0.000,0.000
2025-11-21 04:58:54,mlx5_4,0.000,0.000,0.000,0.000
2025-11-21 04:58:54,mlx5_5,0.000,0.000,0.000,0.000
2025-11-21 04:58:54,mlx5_6,0.000,0.000,0.000,0.000
2025-11-21 04:58:54,mlx5_7,0.045,48.742,967.486,1790.533
2025-11-21 04:58:54,mlx5_8,0.000,0.000,0.000,0.000
2025-11-21 04:58:54,mlx5_9,0.000,0.000,0.000,0.000
2025-11-21 04:58:54,TOTAL,0.059,70.143,1157.912,2414.411
2025-11-21 04:58:55,mlx5_0,0.013,21.485,190.427,626.581
2025-11-21 04:58:55,mlx5_1,0.000,0.000,0.000,0.000
2025-11-21 04:58:55,mlx5_2,0.000,0.000,0.000,0.000
2025-11-21 04:58:55,mlx5_3,0.000,0.000,0.000,0.000
2025-11-21 04:58:55,mlx5_4,0.000,0.000,0.000,0.000
2025-11-21 04:58:55,mlx5_5,0.000,0.000,0.000,0.000
2025-11-21 04:58:55,mlx5_6,0.000,0.000,0.000,0.000
2025-11-21 04:58:55,mlx5_7,0.065,70.494,967.495,1799.404
2025-11-21 04:58:55,mlx5_8,0.000,0.000,0.000,0.000
2025-11-21 04:58:55,mlx5_9,0.000,0.000,0.000,0.000
2025-11-21 04:58:55,TOTAL,0.078,91.980,1157.922,2425.985
2025-11-21 04:58:56,mlx5_0,0.012,19.801,190.429,629.076
2025-11-21 04:58:56,mlx5_1,0.000,0.000,0.000,0.000
2025-11-21 04:58:56,mlx5_2,0.000,0.000,0.000,0.000
2025-11-21 04:58:56,mlx5_3,0.000,0.000,0.000,0.000
2025-11-21 04:58:56,mlx5_4,0.000,0.000,0.000,0.000
2025-11-21 04:58:56,mlx5_5,0.000,0.000,0.000,0.000
2025-11-21 04:58:56,mlx5_6,0.000,0.000,0.000,0.000
2025-11-21 04:58:56,mlx5_7,0.057,62.548,967.502,1807.283
2025-11-21 04:58:56,mlx5_8,0.000,0.000,0.000,0.000
2025-11-21 04:58:56,mlx5_9,0.000,0.000,0.000,0.000
2025-11-21 04:58:56,TOTAL,0.069,82.349,1157.930,2436.358
2025-11-21 04:58:57,mlx5_0,0.012,19.444,190.430,631.519
2025-11-21 04:58:57,mlx5_1,0.000,0.000,0.000,0.000
2025-11-21 04:58:57,mlx5_2,0.000,0.000,0.000,0.000
2025-11-21 04:58:57,mlx5_3,0.000,0.000,0.000,0.000
2025-11-21 04:58:57,mlx5_4,0.000,0.000,0.000,0.000
2025-11-21 04:58:57,mlx5_5,0.000,0.000,0.000,0.000
2025-11-21 04:58:57,mlx5_6,0.000,0.000,0.000,0.000
2025-11-21 04:58:57,mlx5_7,0.048,52.560,967.508,1813.888
2025-11-21 04:58:57,mlx5_8,0.000,0.000,0.000,0.000
2025-11-21 04:58:57,mlx5_9,0.000,0.000,0.000,0.000
2025-11-21 04:58:57,TOTAL,0.060,72.004,1157.938,2445.407
2025-11-21 04:58:58,mlx5_0,0.009,14.809,190.431,633.382
2025-11-21 04:58:58,mlx5_1,0.000,0.000,0.000,0.000
2025-11-21 04:58:58,mlx5_2,0.000,0.000,0.000,0.000
2025-11-21 04:58:58,mlx5_3,0.000,0.000,0.000,0.000
2025-11-21 04:58:58,mlx5_4,0.000,0.000,0.000,0.000
2025-11-21 04:58:58,mlx5_5,0.000,0.000,0.000,0.000
2025-11-21 04:58:58,mlx5_6,0.000,0.000,0.000,0.000
2025-11-21 04:58:58,mlx5_7,0.038,42.704,967.513,1819.260
2025-11-21 04:58:58,mlx5_8,0.000,0.000,0.000,0.000
2025-11-21 04:58:58,mlx5_9,0.000,0.000,0.000,0.000
2025-11-21 04:58:58,TOTAL,0.047,57.513,1157.944,2452.642
2025-11-21 04:58:59,mlx5_0,0.002,3.167,190.432,633.780
2025-11-21 04:58:59,mlx5_1,0.000,0.000,0.000,0.000
2025-11-21 04:58:59,mlx5_2,0.000,0.000,0.000,0.000
2025-11-21 04:58:59,mlx5_3,0.000,0.000,0.000,0.000
2025-11-21 04:58:59,mlx5_4,0.000,0.000,0.000,0.000
2025-11-21 04:58:59,mlx5_5,0.000,0.000,0.000,0.000
2025-11-21 04:58:59,mlx5_6,0.000,0.000,0.000,0.000
2025-11-21 04:58:59,mlx5_7,0.012,13.121,967.514,1820.910
2025-11-21 04:58:59,mlx5_8,0.000,0.000,0.000,0.000
2025-11-21 04:58:59,mlx5_9,0.000,0.000,0.000,0.000
2025-11-21 04:58:59,TOTAL,0.015,16.288,1157.946,2454.690
2025-11-21 04:59:00,mlx5_0,0.010,16.616,190.433,635.870
2025-11-21 04:59:00,mlx5_1,0.000,0.000,0.000,0.000
2025-11-21 04:59:00,mlx5_2,0.000,0.000,0.000,0.000
2025-11-21 04:59:00,mlx5_3,0.000,0.000,0.000,0.000
2025-11-21 04:59:00,mlx5_4,0.000,0.000,0.000,0.000
2025-11-21 04:59:00,mlx5_5,0.000,0.000,0.000,0.000
2025-11-21 04:59:00,mlx5_6,0.000,0.000,0.000,0.000
2025-11-21 04:59:00,mlx5_7,0.048,50.798,967.520,1827.299
2025-11-21 04:59:00,mlx5_8,0.000,0.000,0.000,0.000
2025-11-21 04:59:00,mlx5_9,0.000,0.000,0.000,0.000
2025-11-21 04:59:00,TOTAL,0.058,67.415,1157.953,2463.169
2025-11-21 04:59:01,mlx5_0,0.017,25.812,190.435,639.116
2025-11-21 04:59:01,mlx5_1,0.000,0.000,0.000,0.000
2025-11-21 04:59:01,mlx5_2,0.000,0.000,0.000,0.000
2025-11-21 04:59:01,mlx5_3,0.000,0.000,0.000,0.000
2025-11-21 04:59:01,mlx5_4,0.000,0.000,0.000,0.000
2025-11-21 04:59:01,mlx5_5,0.000,0.000,0.000,0.000
2025-11-21 04:59:01,mlx5_6,0.000,0.000,0.000,0.000
2025-11-21 04:59:01,mlx5_7,0.094,99.613,967.532,1839.823
2025-11-21 04:59:01,mlx5_8,0.000,0.000,0.000,0.000
2025-11-21 04:59:01,mlx5_9,0.000,0.000,0.000,0.000
2025-11-21 04:59:01,TOTAL,0.111,125.425,1157.967,2478.939
2025-11-21 04:59:02,mlx5_0,0.019,30.885,190.437,643.000
2025-11-21 04:59:02,mlx5_1,0.000,0.000,0.000,0.000
2025-11-21 04:59:02,mlx5_2,0.000,0.000,0.000,0.000
2025-11-21 04:59:02,mlx5_3,0.000,0.000,0.000,0.000
2025-11-21 04:59:02,mlx5_4,0.000,0.000,0.000,0.000
2025-11-21 04:59:02,mlx5_5,0.000,0.000,0.000,0.000
2025-11-21 04:59:02,mlx5_6,0.000,0.000,0.000,0.000
2025-11-21 04:59:02,mlx5_7,0.078,84.484,967.542,1850.448
2025-11-21 04:59:02,mlx5_8,0.000,0.000,0.000,0.000
2025-11-21 04:59:02,mlx5_9,0.000,0.000,0.000,0.000
2025-11-21 04:59:02,TOTAL,0.097,115.369,1157.979,2493.448
2025-11-21 04:59:03,mlx5_0,0.016,26.956,190.440,646.390
2025-11-21 04:59:03,mlx5_1,0.000,0.000,0.000,0.000
2025-11-21 04:59:03,mlx5_2,0.000,0.000,0.000,0.000
2025-11-21 04:59:03,mlx5_3,0.000,0.000,0.000,0.000
2025-11-21 04:59:03,mlx5_4,0.000,0.000,0.000,0.000
2025-11-21 04:59:03,mlx5_5,0.000,0.000,0.000,0.000
2025-11-21 04:59:03,mlx5_6,0.000,0.000,0.000,0.000
2025-11-21 04:59:03,mlx5_7,0.067,73.942,967.550,1859.749
2025-11-21 04:59:03,mlx5_8,0.000,0.000,0.000,0.000
2025-11-21 04:59:03,mlx5_9,0.000,0.000,0.000,0.000
2025-11-21 04:59:03,TOTAL,0.083,100.898,1157.990,2506.139
2025-11-21 04:59:04,mlx5_0,0.016,25.042,190.441,649.539
2025-11-21 04:59:04,mlx5_1,0.000,0.000,0.000,0.000
2025-11-21 04:59:04,mlx5_2,0.000,0.000,0.000,0.000
2025-11-21 04:59:04,mlx5_3,0.000,0.000,0.000,0.000
2025-11-21 04:59:04,mlx5_4,0.000,0.000,0.000,0.000
2025-11-21 04:59:04,mlx5_5,0.000,0.000,0.000,0.000
2025-11-21 04:59:04,mlx5_6,0.000,0.000,0.000,0.000
2025-11-21 04:59:04,mlx5_7,0.064,69.824,967.558,1868.528
2025-11-21 04:59:04,mlx5_8,0.000,0.000,0.000,0.000
2025-11-21 04:59:04,mlx5_9,0.000,0.000,0.000,0.000
2025-11-21 04:59:04,TOTAL,0.080,94.866,1158.000,2518.067
2025-11-21 04:59:05,mlx5_0,0.018,28.967,190.444,653.184
2025-11-21 04:59:05,mlx5_1,0.000,0.000,0.000,0.000
2025-11-21 04:59:05,mlx5_2,0.000,0.000,0.000,0.000
2025-11-21 04:59:05,mlx5_3,0.000,0.000,0.000,0.000
2025-11-21 04:59:05,mlx5_4,0.000,0.000,0.000,0.000
2025-11-21 04:59:05,mlx5_5,0.000,0.000,0.000,0.000
2025-11-21 04:59:05,mlx5_6,0.000,0.000,0.000,0.000
2025-11-21 04:59:05,mlx5_7,0.067,71.007,967.567,1877.462
2025-11-21 04:59:05,mlx5_8,0.000,0.000,0.000,0.000
2025-11-21 04:59:05,mlx5_9,0.000,0.000,0.000,0.000
2025-11-21 04:59:05,TOTAL,0.084,99.974,1158.010,2530.646
2025-11-21 04:59:06,mlx5_0,0.017,26.399,190.446,656.503
2025-11-21 04:59:06,mlx5_1,0.000,0.000,0.000,0.000
2025-11-21 04:59:06,mlx5_2,0.000,0.000,0.000,0.000
2025-11-21 04:59:06,mlx5_3,0.000,0.000,0.000,0.000
2025-11-21 04:59:06,mlx5_4,0.000,0.000,0.000,0.000
2025-11-21 04:59:06,mlx5_5,0.000,0.000,0.000,0.000
2025-11-21 04:59:06,mlx5_6,0.000,0.000,0.000,0.000
2025-11-21 04:59:06,mlx5_7,0.076,80.741,967.576,1887.615
2025-11-21 04:59:06,mlx5_8,0.000,0.000,0.000,0.000
2025-11-21 04:59:06,mlx5_9,0.000,0.000,0.000,0.000
2025-11-21 04:59:06,TOTAL,0.093,107.140,1158.022,2544.119
2025-11-21 04:59:07,mlx5_0,0.021,33.405,190.448,660.705
2025-11-21 04:59:07,mlx5_1,0.000,0.000,0.000,0.000
2025-11-21 04:59:07,mlx5_2,0.000,0.000,0.000,0.000
2025-11-21 04:59:07,mlx5_3,0.000,0.000,0.000,0.000
2025-11-21 04:59:07,mlx5_4,0.000,0.000,0.000,0.000
2025-11-21 04:59:07,mlx5_5,0.000,0.000,0.000,0.000
2025-11-21 04:59:07,mlx5_6,0.000,0.000,0.000,0.000
2025-11-21 04:59:07,mlx5_7,0.086,93.232,967.587,1899.342
2025-11-21 04:59:07,mlx5_8,0.000,0.000,0.000,0.000
2025-11-21 04:59:07,mlx5_9,0.000,0.000,0.000,0.000
2025-11-21 04:59:07,TOTAL,0.106,126.637,1158.035,2560.047
2025-11-21 04:59:08,mlx5_0,0.017,27.725,190.451,664.192
2025-11-21 04:59:08,mlx5_1,0.000,0.000,0.000,0.000
2025-11-21 04:59:08,mlx5_2,0.000,0.000,0.000,0.000
2025-11-21 04:59:08,mlx5_3,0.000,0.000,0.000,0.000
2025-11-21 04:59:08,mlx5_4,0.000,0.000,0.000,0.000
2025-11-21 04:59:08,mlx5_5,0.000,0.000,0.000,0.000
2025-11-21 04:59:08,mlx5_6,0.000,0.000,0.000,0.000
2025-11-21 04:59:08,mlx5_7,0.076,82.634,967.596,1909.735
2025-11-21 04:59:08,mlx5_8,0.000,0.000,0.000,0.000
2025-11-21 04:59:08,mlx5_9,0.000,0.000,0.000,0.000
2025-11-21 04:59:08,TOTAL,0.092,110.359,1158.047,2573.927
2025-11-21 04:59:09,mlx5_0,0.018,27.990,190.453,667.718
2025-11-21 04:59:09,mlx5_1,0.000,0.000,0.000,0.000
2025-11-21 04:59:09,mlx5_2,0.000,0.000,0.000,0.000
2025-11-21 04:59:09,mlx5_3,0.000,0.000,0.000,0.000
2025-11-21 04:59:09,mlx5_4,0.000,0.000,0.000,0.000
2025-11-21 04:59:09,mlx5_5,0.000,0.000,0.000,0.000
2025-11-21 04:59:09,mlx5_6,0.000,0.000,0.000,0.000
2025-11-21 04:59:09,mlx5_7,0.081,87.795,967.607,1920.795
2025-11-21 04:59:09,mlx5_8,0.000,0.000,0.000,0.000
2025-11-21 04:59:09,mlx5_9,0.000,0.000,0.000,0.000
2025-11-21 04:59:09,TOTAL,0.099,115.785,1158.059,2588.512
2025-11-21 04:59:10,mlx5_0,0.014,23.566,190.455,670.679
2025-11-21 04:59:10,mlx5_1,0.000,0.000,0.000,0.000
2025-11-21 04:59:10,mlx5_2,0.000,0.000,0.000,0.000
2025-11-21 04:59:10,mlx5_3,0.000,0.000,0.000,0.000
2025-11-21 04:59:10,mlx5_4,0.000,0.000,0.000,0.000
2025-11-21 04:59:10,mlx5_5,0.000,0.000,0.000,0.000
2025-11-21 04:59:10,mlx5_6,0.000,0.000,0.000,0.000
2025-11-21 04:59:10,mlx5_7,0.053,56.351,967.613,1927.877
2025-11-21 04:59:10,mlx5_8,0.000,0.000,0.000,0.000
2025-11-21 04:59:10,mlx5_9,0.000,0.000,0.000,0.000
2025-11-21 04:59:10,TOTAL,0.067,79.917,1158.068,2598.556
2025-11-21 04:59:11,mlx5_0,0.017,27.677,190.457,674.163
2025-11-21 04:59:11,mlx5_1,0.000,0.000,0.000,0.000
2025-11-21 04:59:11,mlx5_2,0.000,0.000,0.000,0.000
2025-11-21 04:59:11,mlx5_3,0.000,0.000,0.000,0.000
2025-11-21 04:59:11,mlx5_4,0.000,0.000,0.000,0.000
2025-11-21 04:59:11,mlx5_5,0.000,0.000,0.000,0.000
2025-11-21 04:59:11,mlx5_6,0.000,0.000,0.000,0.000
2025-11-21 04:59:11,mlx5_7,0.071,76.299,967.622,1937.479
2025-11-21 04:59:11,mlx5_8,0.000,0.000,0.000,0.000
2025-11-21 04:59:11,mlx5_9,0.000,0.000,0.000,0.000
2025-11-21 04:59:11,TOTAL,0.089,103.976,1158.079,2611.642
2025-11-21 04:59:12,mlx5_0,0.016,24.880,190.459,677.292
2025-11-21 04:59:12,mlx5_1,0.000,0.000,0.000,0.000
2025-11-21 04:59:12,mlx5_2,0.000,0.000,0.000,0.000
2025-11-21 04:59:12,mlx5_3,0.000,0.000,0.000,0.000
2025-11-21 04:59:12,mlx5_4,0.000,0.000,0.000,0.000
2025-11-21 04:59:12,mlx5_5,0.000,0.000,0.000,0.000
2025-11-21 04:59:12,mlx5_6,0.000,0.000,0.000,0.000
2025-11-21 04:59:12,mlx5_7,0.068,74.231,967.631,1946.816
2025-11-21 04:59:12,mlx5_8,0.000,0.000,0.000,0.000
2025-11-21 04:59:12,mlx5_9,0.000,0.000,0.000,0.000
2025-11-21 04:59:12,TOTAL,0.084,99.111,1158.090,2624.109
2025-11-21 04:59:13,mlx5_0,0.018,29.979,190.461,681.062
2025-11-21 04:59:13,mlx5_1,0.000,0.000,0.000,0.000
2025-11-21 04:59:13,mlx5_2,0.000,0.000,0.000,0.000
2025-11-21 04:59:13,mlx5_3,0.000,0.000,0.000,0.000
2025-11-21 04:59:13,mlx5_4,0.000,0.000,0.000,0.000
2025-11-21 04:59:13,mlx5_5,0.000,0.000,0.000,0.000
2025-11-21 04:59:13,mlx5_6,0.000,0.000,0.000,0.000
2025-11-21 04:59:13,mlx5_7,0.091,99.200,967.642,1959.289
2025-11-21 04:59:13,mlx5_8,0.000,0.000,0.000,0.000
2025-11-21 04:59:13,mlx5_9,0.000,0.000,0.000,0.000
2025-11-21 04:59:13,TOTAL,0.110,129.179,1158.103,2640.350
2025-11-21 04:59:14,mlx5_0,0.013,20.218,190.463,683.603
2025-11-21 04:59:14,mlx5_1,0.000,0.000,0.000,0.000
2025-11-21 04:59:14,mlx5_2,0.000,0.000,0.000,0.000
2025-11-21 04:59:14,mlx5_3,0.000,0.000,0.000,0.000
2025-11-21 04:59:14,mlx5_4,0.000,0.000,0.000,0.000
2025-11-21 04:59:14,mlx5_5,0.000,0.000,0.000,0.000
2025-11-21 04:59:14,mlx5_6,0.000,0.000,0.000,0.000
2025-11-21 04:59:14,mlx5_7,0.049,52.984,967.648,1965.950
2025-11-21 04:59:14,mlx5_8,0.000,0.000,0.000,0.000
2025-11-21 04:59:14,mlx5_9,0.000,0.000,0.000,0.000
2025-11-21 04:59:14,TOTAL,0.062,73.202,1158.111,2649.554
2025-11-21 04:59:15,mlx5_0,0.019,29.571,190.465,687.322
2025-11-21 04:59:15,mlx5_1,0.000,0.000,0.000,0.000
2025-11-21 04:59:15,mlx5_2,0.000,0.000,0.000,0.000
2025-11-21 04:59:15,mlx5_3,0.000,0.000,0.000,0.000
2025-11-21 04:59:15,mlx5_4,0.000,0.000,0.000,0.000
2025-11-21 04:59:15,mlx5_5,0.000,0.000,0.000,0.000
2025-11-21 04:59:15,mlx5_6,0.000,0.000,0.000,0.000
2025-11-21 04:59:15,mlx5_7,0.083,88.725,967.659,1977.108
2025-11-21 04:59:15,mlx5_8,0.000,0.000,0.000,0.000
2025-11-21 04:59:15,mlx5_9,0.000,0.000,0.000,0.000
2025-11-21 04:59:15,TOTAL,0.102,118.295,1158.124,2664.430
2025-11-21 04:59:16,mlx5_0,0.019,30.252,190.467,691.126
2025-11-21 04:59:16,mlx5_1,0.000,0.000,0.000,0.000
2025-11-21 04:59:16,mlx5_2,0.000,0.000,0.000,0.000
2025-11-21 04:59:16,mlx5_3,0.000,0.000,0.000,0.000
2025-11-21 04:59:16,mlx5_4,0.000,0.000,0.000,0.000
2025-11-21 04:59:16,mlx5_5,0.000,0.000,0.000,0.000
2025-11-21 04:59:16,mlx5_6,0.000,0.000,0.000,0.000
2025-11-21 04:59:16,mlx5_7,0.089,96.559,967.670,1989.249
2025-11-21 04:59:16,mlx5_8,0.000,0.000,0.000,0.000
2025-11-21 04:59:16,mlx5_9,0.000,0.000,0.000,0.000
2025-11-21 04:59:16,TOTAL,0.108,126.811,1158.137,2680.376
2025-11-21 04:59:17,mlx5_0,0.017,29.105,190.470,694.785
2025-11-21 04:59:17,mlx5_1,0.000,0.000,0.000,0.000
2025-11-21 04:59:17,mlx5_2,0.000,0.000,0.000,0.000
2025-11-21 04:59:17,mlx5_3,0.000,0.000,0.000,0.000
2025-11-21 04:59:17,mlx5_4,0.000,0.000,0.000,0.000
2025-11-21 04:59:17,mlx5_5,0.000,0.000,0.000,0.000
2025-11-21 04:59:17,mlx5_6,0.000,0.000,0.000,0.000
2025-11-21 04:59:17,mlx5_7,0.066,71.917,967.678,1998.291
2025-11-21 04:59:17,mlx5_8,0.000,0.000,0.000,0.000
2025-11-21 04:59:17,mlx5_9,0.000,0.000,0.000,0.000
2025-11-21 04:59:17,TOTAL,0.083,101.022,1158.148,2693.077
2025-11-21 04:59:18,mlx5_0,0.018,29.335,190.472,698.473
2025-11-21 04:59:18,mlx5_1,0.000,0.000,0.000,0.000
2025-11-21 04:59:18,mlx5_2,0.000,0.000,0.000,0.000
2025-11-21 04:59:18,mlx5_3,0.000,0.000,0.000,0.000
2025-11-21 04:59:18,mlx5_4,0.000,0.000,0.000,0.000
2025-11-21 04:59:18,mlx5_5,0.000,0.000,0.000,0.000
2025-11-21 04:59:18,mlx5_6,0.000,0.000,0.000,0.000
2025-11-21 04:59:18,mlx5_7,0.075,81.095,967.688,2008.486
2025-11-21 04:59:18,mlx5_8,0.000,0.000,0.000,0.000
2025-11-21 04:59:18,mlx5_9,0.000,0.000,0.000,0.000
2025-11-21 04:59:18,TOTAL,0.093,110.430,1158.160,2706.959
2025-11-21 04:59:19,mlx5_0,0.017,27.162,190.474,701.888
2025-11-21 04:59:19,mlx5_1,0.000,0.000,0.000,0.000
2025-11-21 04:59:19,mlx5_2,0.000,0.000,0.000,0.000
2025-11-21 04:59:19,mlx5_3,0.000,0.000,0.000,0.000
2025-11-21 04:59:19,mlx5_4,0.000,0.000,0.000,0.000
2025-11-21 04:59:19,mlx5_5,0.000,0.000,0.000,0.000
2025-11-21 04:59:19,mlx5_6,0.000,0.000,0.000,0.000
2025-11-21 04:59:19,mlx5_7,0.079,85.485,967.698,2019.233
2025-11-21 04:59:19,mlx5_8,0.000,0.000,0.000,0.000
2025-11-21 04:59:19,mlx5_9,0.000,0.000,0.000,0.000
2025-11-21 04:59:19,TOTAL,0.096,112.647,1158.172,2721.121
2025-11-21 04:59:20,mlx5_0,0.016,25.625,190.476,705.106
2025-11-21 04:59:20,mlx5_1,0.000,0.000,0.000,0.000
2025-11-21 04:59:20,mlx5_2,0.000,0.000,0.000,0.000
2025-11-21 04:59:20,mlx5_3,0.000,0.000,0.000,0.000
2025-11-21 04:59:20,mlx5_4,0.000,0.000,0.000,0.000
2025-11-21 04:59:20,mlx5_5,0.000,0.000,0.000,0.000
2025-11-21 04:59:20,mlx5_6,0.000,0.000,0.000,0.000
2025-11-21 04:59:20,mlx5_7,0.058,62.697,967.705,2027.108
2025-11-21 04:59:20,mlx5_8,0.000,0.000,0.000,0.000
2025-11-21 04:59:20,mlx5_9,0.000,0.000,0.000,0.000
2025-11-21 04:59:20,TOTAL,0.074,88.322,1158.181,2732.214
2025-11-21 04:59:21,mlx5_0,0.013,20.839,190.478,707.727
2025-11-21 04:59:21,mlx5_1,0.000,0.000,0.000,0.000
2025-11-21 04:59:21,mlx5_2,0.000,0.000,0.000,0.000
2025-11-21 04:59:21,mlx5_3,0.000,0.000,0.000,0.000
2025-11-21 04:59:21,mlx5_4,0.000,0.000,0.000,0.000
2025-11-21 04:59:21,mlx5_5,0.000,0.000,0.000,0.000
2025-11-21 04:59:21,mlx5_6,0.000,0.000,0.000,0.000
2025-11-21 04:59:21,mlx5_7,0.060,65.488,967.712,2035.342
2025-11-21 04:59:21,mlx5_8,0.000,0.000,0.000,0.000
2025-11-21 04:59:21,mlx5_9,0.000,0.000,0.000,0.000
2025-11-21 04:59:21,TOTAL,0.073,86.327,1158.190,2743.069
2025-11-21 04:59:22,mlx5_0,0.016,25.636,190.480,710.951
2025-11-21 04:59:22,mlx5_1,0.000,0.000,0.000,0.000
2025-11-21 04:59:22,mlx5_2,0.000,0.000,0.000,0.000
2025-11-21 04:59:22,mlx5_3,0.000,0.000,0.000,0.000
2025-11-21 04:59:22,mlx5_4,0.000,0.000,0.000,0.000
2025-11-21 04:59:22,mlx5_5,0.000,0.000,0.000,0.000
2025-11-21 04:59:22,mlx5_6,0.000,0.000,0.000,0.000
2025-11-21 04:59:22,mlx5_7,0.062,68.121,967.720,2043.911
2025-11-21 04:59:22,mlx5_8,0.000,0.000,0.000,0.000
2025-11-21 04:59:22,mlx5_9,0.000,0.000,0.000,0.000
2025-11-21 04:59:22,TOTAL,0.078,93.757,1158.200,2754.862
2025-11-21 04:59:23,mlx5_0,0.014,22.283,190.481,713.752
2025-11-21 04:59:23,mlx5_1,0.000,0.000,0.000,0.000
2025-11-21 04:59:23,mlx5_2,0.000,0.000,0.000,0.000
2025-11-21 04:59:23,mlx5_3,0.000,0.000,0.000,0.000
2025-11-21 04:59:23,mlx5_4,0.000,0.000,0.000,0.000
2025-11-21 04:59:23,mlx5_5,0.000,0.000,0.000,0.000
2025-11-21 04:59:23,mlx5_6,0.000,0.000,0.000,0.000
2025-11-21 04:59:23,mlx5_7,0.066,72.880,967.729,2053.071
2025-11-21 04:59:23,mlx5_8,0.000,0.000,0.000,0.000
2025-11-21 04:59:23,mlx5_9,0.000,0.000,0.000,0.000
2025-11-21 04:59:23,TOTAL,0.080,95.163,1158.210,2766.823
2025-11-21 04:59:24,mlx5_0,0.011,17.115,190.483,715.905
2025-11-21 04:59:24,mlx5_1,0.000,0.000,0.000,0.000
2025-11-21 04:59:24,mlx5_2,0.000,0.000,0.000,0.000
2025-11-21 04:59:24,mlx5_3,0.000,0.000,0.000,0.000
2025-11-21 04:59:24,mlx5_4,0.000,0.000,0.000,0.000
2025-11-21 04:59:24,mlx5_5,0.000,0.000,0.000,0.000
2025-11-21 04:59:24,mlx5_6,0.000,0.000,0.000,0.000
2025-11-21 04:59:24,mlx5_7,0.057,61.907,967.736,2060.857
2025-11-21 04:59:24,mlx5_8,0.000,0.000,0.000,0.000
2025-11-21 04:59:24,mlx5_9,0.000,0.000,0.000,0.000
2025-11-21 04:59:24,TOTAL,0.067,79.022,1158.218,2776.761
2025-11-21 04:59:25,mlx5_0,0.018,30.751,190.485,719.771
2025-11-21 04:59:25,mlx5_1,0.000,0.000,0.000,0.000
2025-11-21 04:59:25,mlx5_2,0.000,0.000,0.000,0.000
2025-11-21 04:59:25,mlx5_3,0.000,0.000,0.000,0.000
2025-11-21 04:59:25,mlx5_4,0.000,0.000,0.000,0.000
2025-11-21 04:59:25,mlx5_5,0.000,0.000,0.000,0.000
2025-11-21 04:59:25,mlx5_6,0.000,0.000,0.000,0.000
2025-11-21 04:59:25,mlx5_7,0.075,79.154,967.745,2070.809
2025-11-21 04:59:25,mlx5_8,0.000,0.000,0.000,0.000
2025-11-21 04:59:25,mlx5_9,0.000,0.000,0.000,0.000
2025-11-21 04:59:25,TOTAL,0.093,109.905,1158.230,2790.580
2025-11-21 04:59:26,mlx5_0,0.020,32.137,190.487,723.813
2025-11-21 04:59:26,mlx5_1,0.000,0.000,0.000,0.000
2025-11-21 04:59:26,mlx5_2,0.000,0.000,0.000,0.000
2025-11-21 04:59:26,mlx5_3,0.000,0.000,0.000,0.000
2025-11-21 04:59:26,mlx5_4,0.000,0.000,0.000,0.000
2025-11-21 04:59:26,mlx5_5,0.000,0.000,0.000,0.000
2025-11-21 04:59:26,mlx5_6,0.000,0.000,0.000,0.000
2025-11-21 04:59:26,mlx5_7,0.087,93.108,967.756,2082.520
2025-11-21 04:59:26,mlx5_8,0.000,0.000,0.000,0.000
2025-11-21 04:59:26,mlx5_9,0.000,0.000,0.000,0.000
2025-11-21 04:59:26,TOTAL,0.107,125.245,1158.243,2806.333
2025-11-21 04:59:27,mlx5_0,0.015,24.811,190.489,726.933
2025-11-21 04:59:27,mlx5_1,0.000,0.000,0.000,0.000
2025-11-21 04:59:27,mlx5_2,0.000,0.000,0.000,0.000
2025-11-21 04:59:27,mlx5_3,0.000,0.000,0.000,0.000
2025-11-21 04:59:27,mlx5_4,0.000,0.000,0.000,0.000
2025-11-21 04:59:27,mlx5_5,0.000,0.000,0.000,0.000
2025-11-21 04:59:27,mlx5_6,0.000,0.000,0.000,0.000
2025-11-21 04:59:27,mlx5_7,0.065,71.555,967.764,2091.517
2025-11-21 04:59:27,mlx5_8,0.000,0.000,0.000,0.000
2025-11-21 04:59:27,mlx5_9,0.000,0.000,0.000,0.000
2025-11-21 04:59:27,TOTAL,0.081,96.366,1158.254,2818.450
2025-11-21 04:59:28,mlx5_0,0.015,25.612,190.491,730.154
2025-11-21 04:59:28,mlx5_1,0.000,0.000,0.000,0.000
2025-11-21 04:59:28,mlx5_2,0.000,0.000,0.000,0.000
2025-11-21 04:59:28,mlx5_3,0.000,0.000,0.000,0.000
2025-11-21 04:59:28,mlx5_4,0.000,0.000,0.000,0.000
2025-11-21 04:59:28,mlx5_5,0.000,0.000,0.000,0.000
2025-11-21 04:59:28,mlx5_6,0.000,0.000,0.000,0.000
2025-11-21 04:59:28,mlx5_7,0.065,70.967,967.772,2100.443
2025-11-21 04:59:28,mlx5_8,0.000,0.000,0.000,0.000
2025-11-21 04:59:28,mlx5_9,0.000,0.000,0.000,0.000
2025-11-21 04:59:28,TOTAL,0.080,96.579,1158.264,2830.597
2025-11-21 04:59:29,mlx5_0,0.002,3.005,190.492,730.532
2025-11-21 04:59:29,mlx5_1,0.000,0.000,0.000,0.000
2025-11-21 04:59:29,mlx5_2,0.000,0.000,0.000,0.000
2025-11-21 04:59:29,mlx5_3,0.000,0.000,0.000,0.000
2025-11-21 04:59:29,mlx5_4,0.000,0.000,0.000,0.000
2025-11-21 04:59:29,mlx5_5,0.000,0.000,0.000,0.000
2025-11-21 04:59:29,mlx5_6,0.000,0.000,0.000,0.000
2025-11-21 04:59:29,mlx5_7,0.008,9.148,967.773,2101.594
2025-11-21 04:59:29,mlx5_8,0.000,0.000,0.000,0.000
2025-11-21 04:59:29,mlx5_9,0.000,0.000,0.000,0.000
2025-11-21 04:59:29,TOTAL,0.011,12.153,1158.265,2832.127
2025-11-21 04:59:30,mlx5_0,0.000,0.000,190.492,730.532
2025-11-21 04:59:30,mlx5_1,0.000,0.000,0.000,0.000
2025-11-21 04:59:30,mlx5_2,0.000,0.000,0.000,0.000
2025-11-21 04:59:30,mlx5_3,0.000,0.000,0.000,0.000
2025-11-21 04:59:30,mlx5_4,0.000,0.000,0.000,0.000
2025-11-21 04:59:30,mlx5_5,0.000,0.000,0.000,0.000
2025-11-21 04:59:30,mlx5_6,0.000,0.000,0.000,0.000
2025-11-21 04:59:30,mlx5_7,0.000,0.000,967.773,2101.594
2025-11-21 04:59:30,mlx5_8,0.000,0.000,0.000,0.000
2025-11-21 04:59:30,mlx5_9,0.000,0.000,0.000,0.000
2025-11-21 04:59:30,TOTAL,0.000,0.000,1158.265,2832.127
2025-11-21 04:59:31,mlx5_0,0.000,0.000,190.492,730.532
2025-11-21 04:59:31,mlx5_1,0.000,0.000,0.000,0.000
2025-11-21 04:59:31,mlx5_2,0.000,0.000,0.000,0.000
2025-11-21 04:59:31,mlx5_3,0.000,0.000,0.000,0.000
2025-11-21 04:59:31,mlx5_4,0.000,0.000,0.000,0.000
2025-11-21 04:59:31,mlx5_5,0.000,0.000,0.000,0.000
2025-11-21 04:59:31,mlx5_6,0.000,0.000,0.000,0.000
2025-11-21 04:59:31,mlx5_7,0.000,0.000,967.773,2101.594
2025-11-21 04:59:31,mlx5_8,0.000,0.000,0.000,0.000
2025-11-21 04:59:31,mlx5_9,0.000,0.000,0.000,0.000
2025-11-21 04:59:31,TOTAL,0.000,0.000,1158.265,2832.127
2025-11-21 04:59:32,mlx5_0,0.000,0.000,190.492,730.532
2025-11-21 04:59:32,mlx5_1,0.000,0.000,0.000,0.000
2025-11-21 04:59:32,mlx5_2,0.000,0.000,0.000,0.000
2025-11-21 04:59:32,mlx5_3,0.000,0.000,0.000,0.000
2025-11-21 04:59:32,mlx5_4,0.000,0.000,0.000,0.000
2025-11-21 04:59:32,mlx5_5,0.000,0.000,0.000,0.000
2025-11-21 04:59:32,mlx5_6,0.000,0.000,0.000,0.000
2025-11-21 04:59:32,mlx5_7,0.000,0.000,967.773,2101.594
2025-11-21 04:59:32,mlx5_8,0.000,0.000,0.000,0.000
2025-11-21 04:59:32,mlx5_9,0.000,0.000,0.000,0.000
2025-11-21 04:59:32,TOTAL,0.000,0.000,1158.265,2832.127
2025-11-21 04:59:33,mlx5_0,0.001,1.440,190.492,730.714
2025-11-21 04:59:33,mlx5_1,0.000,0.000,0.000,0.000
2025-11-21 04:59:33,mlx5_2,0.000,0.000,0.000,0.000
2025-11-21 04:59:33,mlx5_3,0.000,0.000,0.000,0.000
2025-11-21 04:59:33,mlx5_4,0.000,0.000,0.000,0.000
2025-11-21 04:59:33,mlx5_5,0.000,0.000,0.000,0.000
2025-11-21 04:59:33,mlx5_6,0.000,0.000,0.000,0.000
2025-11-21 04:59:33,mlx5_7,0.005,5.510,967.774,2102.288
2025-11-21 04:59:33,mlx5_8,0.000,0.000,0.000,0.000
2025-11-21 04:59:33,mlx5_9,0.000,0.000,0.000,0.000
2025-11-21 04:59:33,TOTAL,0.006,6.950,1158.266,2833.002
2025-11-21 04:59:34,mlx5_0,0.000,0.000,190.492,730.714
2025-11-21 04:59:34,mlx5_1,0.000,0.000,0.000,0.000
2025-11-21 04:59:34,mlx5_2,0.000,0.000,0.000,0.000
2025-11-21 04:59:34,mlx5_3,0.000,0.000,0.000,0.000
2025-11-21 04:59:34,mlx5_4,0.000,0.000,0.000,0.000
2025-11-21 04:59:34,mlx5_5,0.000,0.000,0.000,0.000
2025-11-21 04:59:34,mlx5_6,0.000,0.000,0.000,0.000
2025-11-21 04:59:34,mlx5_7,0.000,0.000,967.774,2102.288
2025-11-21 04:59:34,mlx5_8,0.000,0.000,0.000,0.000
2025-11-21 04:59:34,mlx5_9,0.000,0.000,0.000,0.000
2025-11-21 04:59:34,TOTAL,0.000,0.000,1158.266,2833.002
2025-11-21 04:59:35,mlx5_0,0.000,0.000,190.492,730.714
2025-11-21 04:59:35,mlx5_1,0.000,0.000,0.000,0.000
2025-11-21 04:59:35,mlx5_2,0.000,0.000,0.000,0.000
2025-11-21 04:59:35,mlx5_3,0.000,0.000,0.000,0.000
2025-11-21 04:59:35,mlx5_4,0.000,0.000,0.000,0.000
2025-11-21 04:59:35,mlx5_5,0.000,0.000,0.000,0.000
2025-11-21 04:59:35,mlx5_6,0.000,0.000,0.000,0.000
2025-11-21 04:59:35,mlx5_7,0.000,0.000,967.774,2102.288
2025-11-21 04:59:35,mlx5_8,0.000,0.000,0.000,0.000
2025-11-21 04:59:35,mlx5_9,0.000,0.000,0.000,0.000
2025-11-21 04:59:35,TOTAL,0.000,0.000,1158.266,2833.002
2025-11-21 04:59:36,mlx5_0,0.000,0.000,190.492,730.714
2025-11-21 04:59:36,mlx5_1,0.000,0.000,0.000,0.000
2025-11-21 04:59:36,mlx5_2,0.000,0.000,0.000,0.000
2025-11-21 04:59:36,mlx5_3,0.000,0.000,0.000,0.000
2025-11-21 04:59:36,mlx5_4,0.000,0.000,0.000,0.000
2025-11-21 04:59:36,mlx5_5,0.000,0.000,0.000,0.000
2025-11-21 04:59:36,mlx5_6,0.000,0.000,0.000,0.000
2025-11-21 04:59:36,mlx5_7,0.000,0.000,967.774,2102.288
2025-11-21 04:59:36,mlx5_8,0.000,0.000,0.000,0.000
2025-11-21 04:59:36,mlx5_9,0.000,0.000,0.000,0.000
2025-11-21 04:59:36,TOTAL,0.000,0.000,1158.266,2833.002
2025-11-21 04:59:37,mlx5_0,0.000,0.000,190.492,730.714
2025-11-21 04:59:37,mlx5_1,0.000,0.000,0.000,0.000
2025-11-21 04:59:37,mlx5_2,0.000,0.000,0.000,0.000
2025-11-21 04:59:37,mlx5_3,0.000,0.000,0.000,0.000
2025-11-21 04:59:37,mlx5_4,0.000,0.000,0.000,0.000
2025-11-21 04:59:37,mlx5_5,0.000,0.000,0.000,0.000
2025-11-21 04:59:37,mlx5_6,0.000,0.000,0.000,0.000
2025-11-21 04:59:37,mlx5_7,0.000,0.000,967.774,2102.288
2025-11-21 04:59:37,mlx5_8,0.000,0.000,0.000,0.000
2025-11-21 04:59:37,mlx5_9,0.000,0.000,0.000,0.000
2025-11-21 04:59:37,TOTAL,0.000,0.000,1158.266,2833.002
2025-11-21 04:59:38,mlx5_0,0.000,0.000,190.492,730.714
2025-11-21 04:59:38,mlx5_1,0.000,0.000,0.000,0.000
2025-11-21 04:59:38,mlx5_2,0.000,0.000,0.000,0.000
2025-11-21 04:59:38,mlx5_3,0.000,0.000,0.000,0.000
2025-11-21 04:59:38,mlx5_4,0.000,0.000,0.000,0.000
2025-11-21 04:59:38,mlx5_5,0.000,0.000,0.000,0.000
2025-11-21 04:59:38,mlx5_6,0.000,0.000,0.000,0.000
2025-11-21 04:59:38,mlx5_7,0.000,0.000,967.774,2102.288
2025-11-21 04:59:38,mlx5_8,0.000,0.000,0.000,0.000
2025-11-21 04:59:38,mlx5_9,0.000,0.000,0.000,0.000
2025-11-21 04:59:38,TOTAL,0.000,0.000,1158.266,2833.002
2025-11-21 04:59:39,mlx5_0,0.000,0.000,190.492,730.714
2025-11-21 04:59:39,mlx5_1,0.000,0.000,0.000,0.000
2025-11-21 04:59:39,mlx5_2,0.000,0.000,0.000,0.000
2025-11-21 04:59:39,mlx5_3,0.000,0.000,0.000,0.000
2025-11-21 04:59:39,mlx5_4,0.000,0.000,0.000,0.000
2025-11-21 04:59:39,mlx5_5,0.000,0.000,0.000,0.000
2025-11-21 04:59:39,mlx5_6,0.000,0.000,0.000,0.000
2025-11-21 04:59:39,mlx5_7,0.000,0.000,967.774,2102.288
2025-11-21 04:59:39,mlx5_8,0.000,0.000,0.000,0.000
2025-11-21 04:59:39,mlx5_9,0.000,0.000,0.000,0.000
2025-11-21 04:59:39,TOTAL,0.000,0.000,1158.266,2833.002
2025-11-21 04:59:40,mlx5_0,0.000,0.000,190.492,730.714
2025-11-21 04:59:40,mlx5_1,0.000,0.000,0.000,0.000
2025-11-21 04:59:40,mlx5_2,0.000,0.000,0.000,0.000
2025-11-21 04:59:40,mlx5_3,0.000,0.000,0.000,0.000
2025-11-21 04:59:40,mlx5_4,0.000,0.000,0.000,0.000
2025-11-21 04:59:40,mlx5_5,0.000,0.000,0.000,0.000
2025-11-21 04:59:40,mlx5_6,0.000,0.000,0.000,0.000
2025-11-21 04:59:40,mlx5_7,0.000,0.000,967.774,2102.288
2025-11-21 04:59:40,mlx5_8,0.000,0.000,0.000,0.000
2025-11-21 04:59:40,mlx5_9,0.000,0.000,0.000,0.000
2025-11-21 04:59:40,TOTAL,0.000,0.000,1158.266,2833.002
2025-11-21 04:59:41,mlx5_0,0.000,0.000,190.492,730.714
2025-11-21 04:59:41,mlx5_1,0.000,0.000,0.000,0.000
2025-11-21 04:59:41,mlx5_2,0.000,0.000,0.000,0.000
2025-11-21 04:59:41,mlx5_3,0.000,0.000,0.000,0.000
2025-11-21 04:59:41,mlx5_4,0.000,0.000,0.000,0.000
2025-11-21 04:59:41,mlx5_5,0.000,0.000,0.000,0.000
2025-11-21 04:59:41,mlx5_6,0.000,0.000,0.000,0.000
2025-11-21 04:59:41,mlx5_7,0.000,0.000,967.774,2102.288
2025-11-21 04:59:41,mlx5_8,0.000,0.000,0.000,0.000
2025-11-21 04:59:41,mlx5_9,0.000,0.000,0.000,0.000
2025-11-21 04:59:41,TOTAL,0.000,0.000,1158.266,2833.002
2025-11-21 04:59:42,mlx5_0,0.000,0.000,190.492,730.714
2025-11-21 04:59:42,mlx5_1,0.000,0.000,0.000,0.000
2025-11-21 04:59:42,mlx5_2,0.000,0.000,0.000,0.000
2025-11-21 04:59:42,mlx5_3,0.000,0.000,0.000,0.000
2025-11-21 04:59:42,mlx5_4,0.000,0.000,0.000,0.000
2025-11-21 04:59:42,mlx5_5,0.000,0.000,0.000,0.000
2025-11-21 04:59:42,mlx5_6,0.000,0.000,0.000,0.000
2025-11-21 04:59:42,mlx5_7,0.000,0.000,967.774,2102.288
2025-11-21 04:59:42,mlx5_8,0.000,0.000,0.000,0.000
2025-11-21 04:59:42,mlx5_9,0.000,0.000,0.000,0.000
2025-11-21 04:59:42,TOTAL,0.000,0.000,1158.266,2833.002
2025-11-21 04:59:43,mlx5_0,0.000,0.000,190.492,730.714
2025-11-21 04:59:43,mlx5_1,0.000,0.000,0.000,0.000
2025-11-21 04:59:43,mlx5_2,0.000,0.000,0.000,0.000
2025-11-21 04:59:43,mlx5_3,0.000,0.000,0.000,0.000
2025-11-21 04:59:43,mlx5_4,0.000,0.000,0.000,0.000
2025-11-21 04:59:43,mlx5_5,0.000,0.000,0.000,0.000
2025-11-21 04:59:43,mlx5_6,0.000,0.000,0.000,0.000
2025-11-21 04:59:43,mlx5_7,0.000,0.000,967.774,2102.288
2025-11-21 04:59:43,mlx5_8,0.000,0.000,0.000,0.000
2025-11-21 04:59:43,mlx5_9,0.000,0.000,0.000,0.000
2025-11-21 04:59:43,TOTAL,0.000,0.000,1158.266,2833.002
2025-11-21 04:59:44,mlx5_0,0.000,0.000,190.492,730.714
2025-11-21 04:59:44,mlx5_1,0.000,0.000,0.000,0.000
2025-11-21 04:59:44,mlx5_2,0.000,0.000,0.000,0.000
2025-11-21 04:59:44,mlx5_3,0.000,0.000,0.000,0.000
2025-11-21 04:59:44,mlx5_4,0.000,0.000,0.000,0.000
2025-11-21 04:59:44,mlx5_5,0.000,0.000,0.000,0.000
2025-11-21 04:59:44,mlx5_6,0.000,0.000,0.000,0.000
2025-11-21 04:59:44,mlx5_7,0.000,0.000,967.774,2102.288
2025-11-21 04:59:44,mlx5_8,0.000,0.000,0.000,0.000
2025-11-21 04:59:44,mlx5_9,0.000,0.000,0.000,0.000
2025-11-21 04:59:44,TOTAL,0.000,0.000,1158.266,2833.002
2025-11-21 04:59:45,mlx5_0,0.001,1.997,190.492,730.965
2025-11-21 04:59:45,mlx5_1,0.000,0.000,0.000,0.000
2025-11-21 04:59:45,mlx5_2,0.000,0.000,0.000,0.000
2025-11-21 04:59:45,mlx5_3,0.000,0.000,0.000,0.000
2025-11-21 04:59:45,mlx5_4,0.000,0.000,0.000,0.000
2025-11-21 04:59:45,mlx5_5,0.000,0.000,0.000,0.000
2025-11-21 04:59:45,mlx5_6,0.000,0.000,0.000,0.000
2025-11-21 04:59:45,mlx5_7,0.007,7.443,967.775,2103.225
2025-11-21 04:59:45,mlx5_8,0.000,0.000,0.000,0.000
2025-11-21 04:59:45,mlx5_9,0.000,0.000,0.000,0.000
2025-11-21 04:59:45,TOTAL,0.008,9.441,1158.267,2834.190
2025-11-21 04:59:46,mlx5_0,0.011,18.190,190.493,733.256
2025-11-21 04:59:46,mlx5_1,0.000,0.000,0.000,0.000
2025-11-21 04:59:46,mlx5_2,0.000,0.000,0.000,0.000
2025-11-21 04:59:46,mlx5_3,0.000,0.000,0.000,0.000
2025-11-21 04:59:46,mlx5_4,0.000,0.000,0.000,0.000
2025-11-21 04:59:46,mlx5_5,0.000,0.000,0.000,0.000
2025-11-21 04:59:46,mlx5_6,0.000,0.000,0.000,0.000
2025-11-21 04:59:46,mlx5_7,0.058,62.589,967.782,2111.109
2025-11-21 04:59:46,mlx5_8,0.000,0.000,0.000,0.000
2025-11-21 04:59:46,mlx5_9,0.000,0.000,0.000,0.000
2025-11-21 04:59:46,TOTAL,0.069,80.779,1158.276,2844.366
2025-11-21 04:59:47,mlx5_0,0.014,21.793,190.495,735.997
2025-11-21 04:59:47,mlx5_1,0.000,0.000,0.000,0.000
2025-11-21 04:59:47,mlx5_2,0.000,0.000,0.000,0.000
2025-11-21 04:59:47,mlx5_3,0.000,0.000,0.000,0.000
2025-11-21 04:59:47,mlx5_4,0.000,0.000,0.000,0.000
2025-11-21 04:59:47,mlx5_5,0.000,0.000,0.000,0.000
2025-11-21 04:59:47,mlx5_6,0.000,0.000,0.000,0.000
2025-11-21 04:59:47,mlx5_7,0.084,89.588,967.793,2122.374
2025-11-21 04:59:47,mlx5_8,0.000,0.000,0.000,0.000
2025-11-21 04:59:47,mlx5_9,0.000,0.000,0.000,0.000
2025-11-21 04:59:47,TOTAL,0.098,111.381,1158.288,2858.371
2025-11-21 04:59:48,mlx5_0,0.017,27.670,190.497,739.478
2025-11-21 04:59:48,mlx5_1,0.000,0.000,0.000,0.000
2025-11-21 04:59:48,mlx5_2,0.000,0.000,0.000,0.000
2025-11-21 04:59:48,mlx5_3,0.000,0.000,0.000,0.000
2025-11-21 04:59:48,mlx5_4,0.000,0.000,0.000,0.000
2025-11-21 04:59:48,mlx5_5,0.000,0.000,0.000,0.000
2025-11-21 04:59:48,mlx5_6,0.000,0.000,0.000,0.000
2025-11-21 04:59:48,mlx5_7,0.104,111.706,967.806,2136.427
2025-11-21 04:59:48,mlx5_8,0.000,0.000,0.000,0.000
2025-11-21 04:59:48,mlx5_9,0.000,0.000,0.000,0.000
2025-11-21 04:59:48,TOTAL,0.120,139.376,1158.303,2875.905
2025-11-21 04:59:49,mlx5_0,0.015,25.328,190.499,742.664
2025-11-21 04:59:49,mlx5_1,0.000,0.000,0.000,0.000
2025-11-21 04:59:49,mlx5_2,0.000,0.000,0.000,0.000
2025-11-21 04:59:49,mlx5_3,0.000,0.000,0.000,0.000
2025-11-21 04:59:49,mlx5_4,0.000,0.000,0.000,0.000
2025-11-21 04:59:49,mlx5_5,0.000,0.000,0.000,0.000
2025-11-21 04:59:49,mlx5_6,0.000,0.000,0.000,0.000
2025-11-21 04:59:49,mlx5_7,0.088,96.075,967.817,2148.515
2025-11-21 04:59:49,mlx5_8,0.000,0.000,0.000,0.000
2025-11-21 04:59:49,mlx5_9,0.000,0.000,0.000,0.000
2025-11-21 04:59:49,TOTAL,0.103,121.403,1158.316,2891.179
2025-11-21 04:59:50,mlx5_0,0.016,26.447,190.501,745.989
2025-11-21 04:59:50,mlx5_1,0.000,0.000,0.000,0.000
2025-11-21 04:59:50,mlx5_2,0.000,0.000,0.000,0.000
2025-11-21 04:59:50,mlx5_3,0.000,0.000,0.000,0.000
2025-11-21 04:59:50,mlx5_4,0.000,0.000,0.000,0.000
2025-11-21 04:59:50,mlx5_5,0.000,0.000,0.000,0.000
2025-11-21 04:59:50,mlx5_6,0.000,0.000,0.000,0.000
2025-11-21 04:59:50,mlx5_7,0.072,78.253,967.826,2158.352
2025-11-21 04:59:50,mlx5_8,0.000,0.000,0.000,0.000
2025-11-21 04:59:50,mlx5_9,0.000,0.000,0.000,0.000
2025-11-21 04:59:50,TOTAL,0.088,104.700,1158.327,2904.341
2025-11-21 04:59:51,mlx5_0,0.017,28.549,190.503,749.580
2025-11-21 04:59:51,mlx5_1,0.000,0.000,0.000,0.000
2025-11-21 04:59:51,mlx5_2,0.000,0.000,0.000,0.000
2025-11-21 04:59:51,mlx5_3,0.000,0.000,0.000,0.000
2025-11-21 04:59:51,mlx5_4,0.000,0.000,0.000,0.000
2025-11-21 04:59:51,mlx5_5,0.000,0.000,0.000,0.000
2025-11-21 04:59:51,mlx5_6,0.000,0.000,0.000,0.000
2025-11-21 04:59:51,mlx5_7,0.080,85.738,967.836,2169.136
2025-11-21 04:59:51,mlx5_8,0.000,0.000,0.000,0.000
2025-11-21 04:59:51,mlx5_9,0.000,0.000,0.000,0.000
2025-11-21 04:59:51,TOTAL,0.097,114.288,1158.339,2918.715
2025-11-21 04:59:52,mlx5_0,0.016,26.478,190.505,752.910
2025-11-21 04:59:52,mlx5_1,0.000,0.000,0.000,0.000
2025-11-21 04:59:52,mlx5_2,0.000,0.000,0.000,0.000
2025-11-21 04:59:52,mlx5_3,0.000,0.000,0.000,0.000
2025-11-21 04:59:52,mlx5_4,0.000,0.000,0.000,0.000
2025-11-21 04:59:52,mlx5_5,0.000,0.000,0.000,0.000
2025-11-21 04:59:52,mlx5_6,0.000,0.000,0.000,0.000
2025-11-21 04:59:52,mlx5_7,0.067,71.458,967.844,2178.123
2025-11-21 04:59:52,mlx5_8,0.000,0.000,0.000,0.000
2025-11-21 04:59:52,mlx5_9,0.000,0.000,0.000,0.000
2025-11-21 04:59:52,TOTAL,0.083,97.936,1158.350,2931.033
2025-11-21 04:59:53,mlx5_0,0.017,29.631,190.507,756.632
2025-11-21 04:59:53,mlx5_1,0.000,0.000,0.000,0.000
2025-11-21 04:59:53,mlx5_2,0.000,0.000,0.000,0.000
2025-11-21 04:59:53,mlx5_3,0.000,0.000,0.000,0.000
2025-11-21 04:59:53,mlx5_4,0.000,0.000,0.000,0.000
2025-11-21 04:59:53,mlx5_5,0.000,0.000,0.000,0.000
2025-11-21 04:59:53,mlx5_6,0.000,0.000,0.000,0.000
2025-11-21 04:59:53,mlx5_7,0.082,89.916,967.855,2189.419
2025-11-21 04:59:53,mlx5_8,0.000,0.000,0.000,0.000
2025-11-21 04:59:53,mlx5_9,0.000,0.000,0.000,0.000
2025-11-21 04:59:53,TOTAL,0.100,119.547,1158.362,2946.051
2025-11-21 04:59:54,mlx5_0,0.018,30.396,190.510,760.455
2025-11-21 04:59:54,mlx5_1,0.000,0.000,0.000,0.000
2025-11-21 04:59:54,mlx5_2,0.000,0.000,0.000,0.000
2025-11-21 04:59:54,mlx5_3,0.000,0.000,0.000,0.000
2025-11-21 04:59:54,mlx5_4,0.000,0.000,0.000,0.000
2025-11-21 04:59:54,mlx5_5,0.000,0.000,0.000,0.000
2025-11-21 04:59:54,mlx5_6,0.000,0.000,0.000,0.000
2025-11-21 04:59:54,mlx5_7,0.092,100.307,967.866,2202.033
2025-11-21 04:59:54,mlx5_8,0.000,0.000,0.000,0.000
2025-11-21 04:59:54,mlx5_9,0.000,0.000,0.000,0.000
2025-11-21 04:59:54,TOTAL,0.110,130.703,1158.376,2962.487
2025-11-21 04:59:56,mlx5_0,0.017,26.541,190.512,763.792
2025-11-21 04:59:56,mlx5_1,0.000,0.000,0.000,0.000
2025-11-21 04:59:56,mlx5_2,0.000,0.000,0.000,0.000
2025-11-21 04:59:56,mlx5_3,0.000,0.000,0.000,0.000
2025-11-21 04:59:56,mlx5_4,0.000,0.000,0.000,0.000
2025-11-21 04:59:56,mlx5_5,0.000,0.000,0.000,0.000
2025-11-21 04:59:56,mlx5_6,0.000,0.000,0.000,0.000
2025-11-21 04:59:56,mlx5_7,0.091,96.994,967.878,2214.230
2025-11-21 04:59:56,mlx5_8,0.000,0.000,0.000,0.000
2025-11-21 04:59:56,mlx5_9,0.000,0.000,0.000,0.000
2025-11-21 04:59:56,TOTAL,0.108,123.535,1158.390,2978.022
2025-11-21 04:59:57,mlx5_0,0.016,26.669,190.514,767.146
2025-11-21 04:59:57,mlx5_1,0.000,0.000,0.000,0.000
2025-11-21 04:59:57,mlx5_2,0.000,0.000,0.000,0.000
2025-11-21 04:59:57,mlx5_3,0.000,0.000,0.000,0.000
2025-11-21 04:59:57,mlx5_4,0.000,0.000,0.000,0.000
2025-11-21 04:59:57,mlx5_5,0.000,0.000,0.000,0.000
2025-11-21 04:59:57,mlx5_6,0.000,0.000,0.000,0.000
2025-11-21 04:59:57,mlx5_7,0.096,102.540,967.890,2227.124
2025-11-21 04:59:57,mlx5_8,0.000,0.000,0.000,0.000
2025-11-21 04:59:57,mlx5_9,0.000,0.000,0.000,0.000
2025-11-21 04:59:57,TOTAL,0.112,129.209,1158.404,2994.270
2025-11-21 04:59:58,mlx5_0,0.012,20.323,190.515,769.701
2025-11-21 04:59:58,mlx5_1,0.000,0.000,0.000,0.000
2025-11-21 04:59:58,mlx5_2,0.000,0.000,0.000,0.000
2025-11-21 04:59:58,mlx5_3,0.000,0.000,0.000,0.000
2025-11-21 04:59:58,mlx5_4,0.000,0.000,0.000,0.000
2025-11-21 04:59:58,mlx5_5,0.000,0.000,0.000,0.000
2025-11-21 04:59:58,mlx5_6,0.000,0.000,0.000,0.000
2025-11-21 04:59:58,mlx5_7,0.068,73.525,967.898,2236.370
2025-11-21 04:59:58,mlx5_8,0.000,0.000,0.000,0.000
2025-11-21 04:59:58,mlx5_9,0.000,0.000,0.000,0.000
2025-11-21 04:59:58,TOTAL,0.080,93.848,1158.414,3006.071
2025-11-21 04:59:59,mlx5_0,0.015,25.087,190.517,772.862
2025-11-21 04:59:59,mlx5_1,0.000,0.000,0.000,0.000
2025-11-21 04:59:59,mlx5_2,0.000,0.000,0.000,0.000
2025-11-21 04:59:59,mlx5_3,0.000,0.000,0.000,0.000
2025-11-21 04:59:59,mlx5_4,0.000,0.000,0.000,0.000
2025-11-21 04:59:59,mlx5_5,0.000,0.000,0.000,0.000
2025-11-21 04:59:59,mlx5_6,0.000,0.000,0.000,0.000
2025-11-21 04:59:59,mlx5_7,0.070,76.143,967.907,2245.963
2025-11-21 04:59:59,mlx5_8,0.000,0.000,0.000,0.000
2025-11-21 04:59:59,mlx5_9,0.000,0.000,0.000,0.000
2025-11-21 04:59:59,TOTAL,0.085,101.230,1158.424,3018.825
2025-11-21 05:00:00,mlx5_0,0.000,0.118,190.517,772.877
2025-11-21 05:00:00,mlx5_1,0.000,0.000,0.000,0.000
2025-11-21 05:00:00,mlx5_2,0.000,0.000,0.000,0.000
2025-11-21 05:00:00,mlx5_3,0.000,0.000,0.000,0.000
2025-11-21 05:00:00,mlx5_4,0.000,0.000,0.000,0.000
2025-11-21 05:00:00,mlx5_5,0.000,0.000,0.000,0.000
2025-11-21 05:00:00,mlx5_6,0.000,0.000,0.000,0.000
2025-11-21 05:00:00,mlx5_7,0.000,0.000,967.907,2245.963
2025-11-21 05:00:00,mlx5_8,0.000,0.000,0.000,0.000
2025-11-21 05:00:00,mlx5_9,0.000,0.000,0.000,0.000
2025-11-21 05:00:00,TOTAL,0.000,0.118,1158.424,3018.839
2025-11-21 05:00:01,mlx5_0,0.000,0.000,190.517,772.877
2025-11-21 05:00:01,mlx5_1,0.000,0.000,0.000,0.000
2025-11-21 05:00:01,mlx5_2,0.000,0.000,0.000,0.000
2025-11-21 05:00:01,mlx5_3,0.000,0.000,0.000,0.000
2025-11-21 05:00:01,mlx5_4,0.000,0.000,0.000,0.000
2025-11-21 05:00:01,mlx5_5,0.000,0.000,0.000,0.000
2025-11-21 05:00:01,mlx5_6,0.000,0.000,0.000,0.000
2025-11-21 05:00:01,mlx5_7,0.000,0.000,967.907,2245.963
2025-11-21 05:00:01,mlx5_8,0.000,0.000,0.000,0.000
2025-11-21 05:00:01,mlx5_9,0.000,0.000,0.000,0.000
2025-11-21 05:00:01,TOTAL,0.000,0.000,1158.424,3018.839
2025-11-21 05:00:02,mlx5_0,0.000,0.000,190.517,772.877
2025-11-21 05:00:02,mlx5_1,0.000,0.000,0.000,0.000
2025-11-21 05:00:02,mlx5_2,0.000,0.000,0.000,0.000
2025-11-21 05:00:02,mlx5_3,0.000,0.000,0.000,0.000
2025-11-21 05:00:02,mlx5_4,0.000,0.000,0.000,0.000
2025-11-21 05:00:02,mlx5_5,0.000,0.000,0.000,0.000
2025-11-21 05:00:02,mlx5_6,0.000,0.000,0.000,0.000
2025-11-21 05:00:02,mlx5_7,0.000,0.000,967.907,2245.963
2025-11-21 05:00:02,mlx5_8,0.000,0.000,0.000,0.000
2025-11-21 05:00:02,mlx5_9,0.000,0.000,0.000,0.000
2025-11-21 05:00:02,TOTAL,0.000,0.000,1158.424,3018.839
2025-11-21 05:00:03,mlx5_0,0.000,0.000,190.517,772.877
2025-11-21 05:00:03,mlx5_1,0.000,0.000,0.000,0.000
2025-11-21 05:00:03,mlx5_2,0.000,0.000,0.000,0.000
2025-11-21 05:00:03,mlx5_3,0.000,0.000,0.000,0.000
2025-11-21 05:00:03,mlx5_4,0.000,0.000,0.000,0.000
2025-11-21 05:00:03,mlx5_5,0.000,0.000,0.000,0.000
2025-11-21 05:00:03,mlx5_6,0.000,0.000,0.000,0.000
2025-11-21 05:00:03,mlx5_7,0.000,0.000,967.907,2245.963
2025-11-21 05:00:03,mlx5_8,0.000,0.000,0.000,0.000
2025-11-21 05:00:03,mlx5_9,0.000,0.000,0.000,0.000
2025-11-21 05:00:03,TOTAL,0.000,0.000,1158.424,3018.839
2025-11-21 05:00:04,mlx5_0,0.000,0.028,190.517,772.880
2025-11-21 05:00:04,mlx5_1,0.000,0.000,0.000,0.000
2025-11-21 05:00:04,mlx5_2,0.000,0.000,0.000,0.000
2025-11-21 05:00:04,mlx5_3,0.000,0.000,0.000,0.000
2025-11-21 05:00:04,mlx5_4,0.000,0.000,0.000,0.000
2025-11-21 05:00:04,mlx5_5,0.000,0.000,0.000,0.000
2025-11-21 05:00:04,mlx5_6,0.000,0.000,0.000,0.000
2025-11-21 05:00:04,mlx5_7,0.000,0.000,967.907,2245.963
2025-11-21 05:00:04,mlx5_8,0.000,0.000,0.000,0.000
2025-11-21 05:00:04,mlx5_9,0.000,0.000,0.000,0.000
2025-11-21 05:00:04,TOTAL,0.000,0.028,1158.424,3018.843
2025-11-21 05:00:05,mlx5_0,0.000,0.000,190.517,772.880
2025-11-21 05:00:05,mlx5_1,0.000,0.000,0.000,0.000
2025-11-21 05:00:05,mlx5_2,0.000,0.000,0.000,0.000
2025-11-21 05:00:05,mlx5_3,0.000,0.000,0.000,0.000
2025-11-21 05:00:05,mlx5_4,0.000,0.000,0.000,0.000
2025-11-21 05:00:05,mlx5_5,0.000,0.000,0.000,0.000
2025-11-21 05:00:05,mlx5_6,0.000,0.000,0.000,0.000
2025-11-21 05:00:05,mlx5_7,0.000,0.000,967.907,2245.963
2025-11-21 05:00:05,mlx5_8,0.000,0.000,0.000,0.000
2025-11-21 05:00:05,mlx5_9,0.000,0.000,0.000,0.000
2025-11-21 05:00:05,TOTAL,0.000,0.000,1158.424,3018.843
2025-11-21 05:00:06,mlx5_0,0.000,0.000,190.517,772.880
2025-11-21 05:00:06,mlx5_1,0.000,0.000,0.000,0.000
2025-11-21 05:00:06,mlx5_2,0.000,0.000,0.000,0.000
2025-11-21 05:00:06,mlx5_3,0.000,0.000,0.000,0.000
2025-11-21 05:00:06,mlx5_4,0.000,0.000,0.000,0.000
2025-11-21 05:00:06,mlx5_5,0.000,0.000,0.000,0.000
2025-11-21 05:00:06,mlx5_6,0.000,0.000,0.000,0.000
2025-11-21 05:00:06,mlx5_7,0.000,0.000,967.907,2245.963
2025-11-21 05:00:06,mlx5_8,0.000,0.000,0.000,0.000
2025-11-21 05:00:06,mlx5_9,0.000,0.000,0.000,0.000
2025-11-21 05:00:06,TOTAL,0.000,0.000,1158.424,3018.843
2025-11-21 05:00:07,mlx5_0,0.000,0.000,190.517,772.880
2025-11-21 05:00:07,mlx5_1,0.000,0.000,0.000,0.000
2025-11-21 05:00:07,mlx5_2,0.000,0.000,0.000,0.000
2025-11-21 05:00:07,mlx5_3,0.000,0.000,0.000,0.000
2025-11-21 05:00:07,mlx5_4,0.000,0.000,0.000,0.000
2025-11-21 05:00:07,mlx5_5,0.000,0.000,0.000,0.000
2025-11-21 05:00:07,mlx5_6,0.000,0.000,0.000,0.000
2025-11-21 05:00:07,mlx5_7,0.000,0.000,967.907,2245.963
2025-11-21 05:00:07,mlx5_8,0.000,0.000,0.000,0.000
2025-11-21 05:00:07,mlx5_9,0.000,0.000,0.000,0.000
2025-11-21 05:00:07,TOTAL,0.000,0.000,1158.424,3018.843
2025-11-21 05:00:08,mlx5_0,0.000,0.000,190.517,772.880
2025-11-21 05:00:08,mlx5_1,0.000,0.000,0.000,0.000
2025-11-21 05:00:08,mlx5_2,0.000,0.000,0.000,0.000
2025-11-21 05:00:08,mlx5_3,0.000,0.000,0.000,0.000
2025-11-21 05:00:08,mlx5_4,0.000,0.000,0.000,0.000
2025-11-21 05:00:08,mlx5_5,0.000,0.000,0.000,0.000
2025-11-21 05:00:08,mlx5_6,0.000,0.000,0.000,0.000
2025-11-21 05:00:08,mlx5_7,0.000,0.000,967.907,2245.963
2025-11-21 05:00:08,mlx5_8,0.000,0.000,0.000,0.000
2025-11-21 05:00:08,mlx5_9,0.000,0.000,0.000,0.000
2025-11-21 05:00:08,TOTAL,0.000,0.000,1158.424,3018.843
2025-11-21 05:00:09,mlx5_0,0.000,0.000,190.517,772.880
2025-11-21 05:00:09,mlx5_1,0.000,0.000,0.000,0.000
2025-11-21 05:00:09,mlx5_2,0.000,0.000,0.000,0.000
2025-11-21 05:00:09,mlx5_3,0.000,0.000,0.000,0.000
2025-11-21 05:00:09,mlx5_4,0.000,0.000,0.000,0.000
2025-11-21 05:00:09,mlx5_5,0.000,0.000,0.000,0.000
2025-11-21 05:00:09,mlx5_6,0.000,0.000,0.000,0.000
2025-11-21 05:00:09,mlx5_7,0.000,0.000,967.907,2245.963
2025-11-21 05:00:09,mlx5_8,0.000,0.000,0.000,0.000
2025-11-21 05:00:09,mlx5_9,0.000,0.000,0.000,0.000
2025-11-21 05:00:09,TOTAL,0.000,0.000,1158.424,3018.843
2025-11-21 05:00:10,mlx5_0,0.000,0.000,190.517,772.880
2025-11-21 05:00:10,mlx5_1,0.000,0.000,0.000,0.000
2025-11-21 05:00:10,mlx5_2,0.000,0.000,0.000,0.000
2025-11-21 05:00:10,mlx5_3,0.000,0.000,0.000,0.000
2025-11-21 05:00:10,mlx5_4,0.000,0.000,0.000,0.000
2025-11-21 05:00:10,mlx5_5,0.000,0.000,0.000,0.000
2025-11-21 05:00:10,mlx5_6,0.000,0.000,0.000,0.000
2025-11-21 05:00:10,mlx5_7,0.000,0.000,967.907,2245.963
2025-11-21 05:00:10,mlx5_8,0.000,0.000,0.000,0.000
2025-11-21 05:00:10,mlx5_9,0.000,0.000,0.000,0.000
2025-11-21 05:00:10,TOTAL,0.000,0.000,1158.424,3018.843
2025-11-21 05:00:11,mlx5_0,0.000,0.000,190.517,772.880
2025-11-21 05:00:11,mlx5_1,0.000,0.000,0.000,0.000
2025-11-21 05:00:11,mlx5_2,0.000,0.000,0.000,0.000
2025-11-21 05:00:11,mlx5_3,0.000,0.000,0.000,0.000
2025-11-21 05:00:11,mlx5_4,0.000,0.000,0.000,0.000
2025-11-21 05:00:11,mlx5_5,0.000,0.000,0.000,0.000
2025-11-21 05:00:11,mlx5_6,0.000,0.000,0.000,0.000
2025-11-21 05:00:11,mlx5_7,0.000,0.000,967.907,2245.963
2025-11-21 05:00:11,mlx5_8,0.000,0.000,0.000,0.000
2025-11-21 05:00:11,mlx5_9,0.000,0.000,0.000,0.000
2025-11-21 05:00:11,TOTAL,0.000,0.000,1158.424,3018.843
2025-11-21 05:00:12,mlx5_0,0.000,0.000,190.517,772.880
2025-11-21 05:00:12,mlx5_1,0.000,0.000,0.000,0.000
2025-11-21 05:00:12,mlx5_2,0.000,0.000,0.000,0.000
2025-11-21 05:00:12,mlx5_3,0.000,0.000,0.000,0.000
2025-11-21 05:00:12,mlx5_4,0.000,0.000,0.000,0.000
2025-11-21 05:00:12,mlx5_5,0.000,0.000,0.000,0.000
2025-11-21 05:00:12,mlx5_6,0.000,0.000,0.000,0.000
2025-11-21 05:00:12,mlx5_7,0.000,0.000,967.907,2245.963
2025-11-21 05:00:12,mlx5_8,0.000,0.000,0.000,0.000
2025-11-21 05:00:12,mlx5_9,0.000,0.000,0.000,0.000
2025-11-21 05:00:12,TOTAL,0.000,0.000,1158.424,3018.843
2025-11-21 05:00:13,mlx5_0,0.000,0.000,190.517,772.880
2025-11-21 05:00:13,mlx5_1,0.000,0.000,0.000,0.000
2025-11-21 05:00:13,mlx5_2,0.000,0.000,0.000,0.000
2025-11-21 05:00:13,mlx5_3,0.000,0.000,0.000,0.000
2025-11-21 05:00:13,mlx5_4,0.000,0.000,0.000,0.000
2025-11-21 05:00:13,mlx5_5,0.000,0.000,0.000,0.000
2025-11-21 05:00:13,mlx5_6,0.000,0.000,0.000,0.000
2025-11-21 05:00:13,mlx5_7,0.000,0.000,967.907,2245.963
2025-11-21 05:00:13,mlx5_8,0.000,0.000,0.000,0.000
2025-11-21 05:00:13,mlx5_9,0.000,0.000,0.000,0.000
2025-11-21 05:00:13,TOTAL,0.000,0.000,1158.424,3018.843
2025-11-21 05:00:14,mlx5_0,0.000,0.000,190.517,772.880
2025-11-21 05:00:14,mlx5_1,0.000,0.000,0.000,0.000
2025-11-21 05:00:14,mlx5_2,0.000,0.000,0.000,0.000
2025-11-21 05:00:14,mlx5_3,0.000,0.000,0.000,0.000
2025-11-21 05:00:14,mlx5_4,0.000,0.000,0.000,0.000
2025-11-21 05:00:14,mlx5_5,0.000,0.000,0.000,0.000
2025-11-21 05:00:14,mlx5_6,0.000,0.000,0.000,0.000
2025-11-21 05:00:14,mlx5_7,0.000,0.000,967.907,2245.963
2025-11-21 05:00:14,mlx5_8,0.000,0.000,0.000,0.000
2025-11-21 05:00:14,mlx5_9,0.000,0.000,0.000,0.000
2025-11-21 05:00:14,TOTAL,0.000,0.000,1158.424,3018.843
2025-11-21 05:00:15,mlx5_0,0.000,0.000,190.517,772.880
2025-11-21 05:00:15,mlx5_1,0.000,0.000,0.000,0.000
2025-11-21 05:00:15,mlx5_2,0.000,0.000,0.000,0.000
2025-11-21 05:00:15,mlx5_3,0.000,0.000,0.000,0.000
2025-11-21 05:00:15,mlx5_4,0.000,0.000,0.000,0.000
2025-11-21 05:00:15,mlx5_5,0.000,0.000,0.000,0.000
2025-11-21 05:00:15,mlx5_6,0.000,0.000,0.000,0.000
2025-11-21 05:00:15,mlx5_7,0.000,0.000,967.907,2245.963
2025-11-21 05:00:15,mlx5_8,0.000,0.000,0.000,0.000
2025-11-21 05:00:15,mlx5_9,0.000,0.000,0.000,0.000
2025-11-21 05:00:15,TOTAL,0.000,0.000,1158.424,3018.843
2025-11-21 05:00:16,mlx5_0,0.000,0.000,190.517,772.880
2025-11-21 05:00:16,mlx5_1,0.000,0.000,0.000,0.000
2025-11-21 05:00:16,mlx5_2,0.000,0.000,0.000,0.000
2025-11-21 05:00:16,mlx5_3,0.000,0.000,0.000,0.000
2025-11-21 05:00:16,mlx5_4,0.000,0.000,0.000,0.000
2025-11-21 05:00:16,mlx5_5,0.000,0.000,0.000,0.000
2025-11-21 05:00:16,mlx5_6,0.000,0.000,0.000,0.000
2025-11-21 05:00:16,mlx5_7,0.000,0.000,967.907,2245.963
2025-11-21 05:00:16,mlx5_8,0.000,0.000,0.000,0.000
2025-11-21 05:00:16,mlx5_9,0.000,0.000,0.000,0.000
2025-11-21 05:00:16,TOTAL,0.000,0.000,1158.424,3018.843
2025-11-21 05:00:17,mlx5_0,0.000,0.000,190.517,772.880
2025-11-21 05:00:17,mlx5_1,0.000,0.000,0.000,0.000
2025-11-21 05:00:17,mlx5_2,0.000,0.000,0.000,0.000
2025-11-21 05:00:17,mlx5_3,0.000,0.000,0.000,0.000
2025-11-21 05:00:17,mlx5_4,0.000,0.000,0.000,0.000
2025-11-21 05:00:17,mlx5_5,0.000,0.000,0.000,0.000
2025-11-21 05:00:17,mlx5_6,0.000,0.000,0.000,0.000
2025-11-21 05:00:17,mlx5_7,0.000,0.000,967.907,2245.963
2025-11-21 05:00:17,mlx5_8,0.000,0.000,0.000,0.000
2025-11-21 05:00:17,mlx5_9,0.000,0.000,0.000,0.000
2025-11-21 05:00:17,TOTAL,0.000,0.000,1158.424,3018.843
2025-11-21 05:00:18,mlx5_0,0.000,0.000,190.517,772.880
2025-11-21 05:00:18,mlx5_1,0.000,0.000,0.000,0.000
2025-11-21 05:00:18,mlx5_2,0.000,0.000,0.000,0.000
2025-11-21 05:00:18,mlx5_3,0.000,0.000,0.000,0.000
2025-11-21 05:00:18,mlx5_4,0.000,0.000,0.000,0.000
2025-11-21 05:00:18,mlx5_5,0.000,0.000,0.000,0.000
2025-11-21 05:00:18,mlx5_6,0.000,0.000,0.000,0.000
2025-11-21 05:00:18,mlx5_7,0.000,0.000,967.907,2245.963
2025-11-21 05:00:18,mlx5_8,0.000,0.000,0.000,0.000
2025-11-21 05:00:18,mlx5_9,0.000,0.000,0.000,0.000
2025-11-21 05:00:18,TOTAL,0.000,0.000,1158.424,3018.843
2025-11-21 05:00:19,mlx5_0,0.000,0.000,190.517,772.880
2025-11-21 05:00:19,mlx5_1,0.000,0.000,0.000,0.000
2025-11-21 05:00:19,mlx5_2,0.000,0.000,0.000,0.000
2025-11-21 05:00:19,mlx5_3,0.000,0.000,0.000,0.000
2025-11-21 05:00:19,mlx5_4,0.000,0.000,0.000,0.000
2025-11-21 05:00:19,mlx5_5,0.000,0.000,0.000,0.000
2025-11-21 05:00:19,mlx5_6,0.000,0.000,0.000,0.000
2025-11-21 05:00:19,mlx5_7,0.000,0.000,967.907,2245.963
2025-11-21 05:00:19,mlx5_8,0.000,0.000,0.000,0.000
2025-11-21 05:00:19,mlx5_9,0.000,0.000,0.000,0.000
2025-11-21 05:00:19,TOTAL,0.000,0.000,1158.424,3018.843
2025-11-21 05:00:20,mlx5_0,0.000,0.000,190.517,772.880
2025-11-21 05:00:20,mlx5_1,0.000,0.000,0.000,0.000
2025-11-21 05:00:20,mlx5_2,0.000,0.000,0.000,0.000
2025-11-21 05:00:20,mlx5_3,0.000,0.000,0.000,0.000
2025-11-21 05:00:20,mlx5_4,0.000,0.000,0.000,0.000
2025-11-21 05:00:20,mlx5_5,0.000,0.000,0.000,0.000
2025-11-21 05:00:20,mlx5_6,0.000,0.000,0.000,0.000
2025-11-21 05:00:20,mlx5_7,0.000,0.000,967.907,2245.963
2025-11-21 05:00:20,mlx5_8,0.000,0.000,0.000,0.000
2025-11-21 05:00:20,mlx5_9,0.000,0.000,0.000,0.000
2025-11-21 05:00:20,TOTAL,0.000,0.000,1158.424,3018.843
2025-11-21 05:00:21,mlx5_0,0.000,0.000,190.517,772.880
2025-11-21 05:00:21,mlx5_1,0.000,0.000,0.000,0.000
2025-11-21 05:00:21,mlx5_2,0.000,0.000,0.000,0.000
2025-11-21 05:00:21,mlx5_3,0.000,0.000,0.000,0.000
2025-11-21 05:00:21,mlx5_4,0.000,0.000,0.000,0.000
2025-11-21 05:00:21,mlx5_5,0.000,0.000,0.000,0.000
2025-11-21 05:00:21,mlx5_6,0.000,0.000,0.000,0.000
2025-11-21 05:00:21,mlx5_7,0.000,0.000,967.907,2245.963
2025-11-21 05:00:21,mlx5_8,0.000,0.000,0.000,0.000
2025-11-21 05:00:21,mlx5_9,0.000,0.000,0.000,0.000
2025-11-21 05:00:21,TOTAL,0.000,0.000,1158.424,3018.843
2025-11-21 05:00:22,mlx5_0,0.000,0.000,190.517,772.880
2025-11-21 05:00:22,mlx5_1,0.000,0.000,0.000,0.000
2025-11-21 05:00:22,mlx5_2,0.000,0.000,0.000,0.000
2025-11-21 05:00:22,mlx5_3,0.000,0.000,0.000,0.000
2025-11-21 05:00:22,mlx5_4,0.000,0.000,0.000,0.000
2025-11-21 05:00:22,mlx5_5,0.000,0.000,0.000,0.000
2025-11-21 05:00:22,mlx5_6,0.000,0.000,0.000,0.000
2025-11-21 05:00:22,mlx5_7,0.000,0.000,967.907,2245.963
2025-11-21 05:00:22,mlx5_8,0.000,0.000,0.000,0.000
2025-11-21 05:00:22,mlx5_9,0.000,0.000,0.000,0.000
2025-11-21 05:00:22,TOTAL,0.000,0.000,1158.424,3018.843
2025-11-21 05:00:23,mlx5_0,0.000,0.000,190.517,772.880
2025-11-21 05:00:23,mlx5_1,0.000,0.000,0.000,0.000
2025-11-21 05:00:23,mlx5_2,0.000,0.000,0.000,0.000
2025-11-21 05:00:23,mlx5_3,0.000,0.000,0.000,0.000
2025-11-21 05:00:23,mlx5_4,0.000,0.000,0.000,0.000
2025-11-21 05:00:23,mlx5_5,0.000,0.000,0.000,0.000
2025-11-21 05:00:23,mlx5_6,0.000,0.000,0.000,0.000
2025-11-21 05:00:23,mlx5_7,0.000,0.000,967.907,2245.963
2025-11-21 05:00:23,mlx5_8,0.000,0.000,0.000,0.000
2025-11-21 05:00:23,mlx5_9,0.000,0.000,0.000,0.000
2025-11-21 05:00:23,TOTAL,0.000,0.000,1158.424,3018.843
2025-11-21 05:00:24,mlx5_0,0.000,0.000,190.517,772.880
2025-11-21 05:00:24,mlx5_1,0.000,0.000,0.000,0.000
2025-11-21 05:00:24,mlx5_2,0.000,0.000,0.000,0.000
2025-11-21 05:00:24,mlx5_3,0.000,0.000,0.000,0.000
2025-11-21 05:00:24,mlx5_4,0.000,0.000,0.000,0.000
2025-11-21 05:00:24,mlx5_5,0.000,0.000,0.000,0.000
2025-11-21 05:00:24,mlx5_6,0.000,0.000,0.000,0.000
2025-11-21 05:00:24,mlx5_7,0.000,0.000,967.907,2245.963
2025-11-21 05:00:24,mlx5_8,0.000,0.000,0.000,0.000
2025-11-21 05:00:24,mlx5_9,0.000,0.000,0.000,0.000
2025-11-21 05:00:24,TOTAL,0.000,0.000,1158.424,3018.843
2025-11-21 05:00:25,mlx5_0,0.000,0.000,190.517,772.880
2025-11-21 05:00:25,mlx5_1,0.000,0.000,0.000,0.000
2025-11-21 05:00:25,mlx5_2,0.000,0.000,0.000,0.000
2025-11-21 05:00:25,mlx5_3,0.000,0.000,0.000,0.000
2025-11-21 05:00:25,mlx5_4,0.000,0.000,0.000,0.000
2025-11-21 05:00:25,mlx5_5,0.000,0.000,0.000,0.000
2025-11-21 05:00:25,mlx5_6,0.000,0.000,0.000,0.000
2025-11-21 05:00:25,mlx5_7,0.000,0.000,967.907,2245.963
2025-11-21 05:00:25,mlx5_8,0.000,0.000,0.000,0.000
2025-11-21 05:00:25,mlx5_9,0.000,0.000,0.000,0.000
2025-11-21 05:00:25,TOTAL,0.000,0.000,1158.424,3018.843
2025-11-21 05:00:26,mlx5_0,0.000,0.000,190.517,772.880
2025-11-21 05:00:26,mlx5_1,0.000,0.000,0.000,0.000
2025-11-21 05:00:26,mlx5_2,0.000,0.000,0.000,0.000
2025-11-21 05:00:26,mlx5_3,0.000,0.000,0.000,0.000
2025-11-21 05:00:26,mlx5_4,0.000,0.000,0.000,0.000
2025-11-21 05:00:26,mlx5_5,0.000,0.000,0.000,0.000
2025-11-21 05:00:26,mlx5_6,0.000,0.000,0.000,0.000
2025-11-21 05:00:26,mlx5_7,0.000,0.000,967.907,2245.963
2025-11-21 05:00:26,mlx5_8,0.000,0.000,0.000,0.000
2025-11-21 05:00:26,mlx5_9,0.000,0.000,0.000,0.000
2025-11-21 05:00:26,TOTAL,0.000,0.000,1158.424,3018.843
2025-11-21 05:00:27,mlx5_0,0.000,0.000,190.517,772.880
2025-11-21 05:00:27,mlx5_1,0.000,0.000,0.000,0.000
2025-11-21 05:00:27,mlx5_2,0.000,0.000,0.000,0.000
2025-11-21 05:00:27,mlx5_3,0.000,0.000,0.000,0.000
2025-11-21 05:00:27,mlx5_4,0.000,0.000,0.000,0.000
2025-11-21 05:00:27,mlx5_5,0.000,0.000,0.000,0.000
2025-11-21 05:00:27,mlx5_6,0.000,0.000,0.000,0.000
2025-11-21 05:00:27,mlx5_7,0.000,0.000,967.907,2245.963
2025-11-21 05:00:27,mlx5_8,0.000,0.000,0.000,0.000
2025-11-21 05:00:27,mlx5_9,0.000,0.000,0.000,0.000
2025-11-21 05:00:27,TOTAL,0.000,0.000,1158.424,3018.843
2025-11-21 05:00:28,mlx5_0,0.000,0.000,190.517,772.880
2025-11-21 05:00:28,mlx5_1,0.000,0.000,0.000,0.000
2025-11-21 05:00:28,mlx5_2,0.000,0.000,0.000,0.000
2025-11-21 05:00:28,mlx5_3,0.000,0.000,0.000,0.000
2025-11-21 05:00:28,mlx5_4,0.000,0.000,0.000,0.000
2025-11-21 05:00:28,mlx5_5,0.000,0.000,0.000,0.000
2025-11-21 05:00:28,mlx5_6,0.000,0.000,0.000,0.000
2025-11-21 05:00:28,mlx5_7,0.000,0.000,967.907,2245.963
2025-11-21 05:00:28,mlx5_8,0.000,0.000,0.000,0.000
2025-11-21 05:00:28,mlx5_9,0.000,0.000,0.000,0.000
2025-11-21 05:00:28,TOTAL,0.000,0.000,1158.424,3018.843
2025-11-21 05:00:29,mlx5_0,0.000,0.000,190.517,772.880
2025-11-21 05:00:29,mlx5_1,0.000,0.000,0.000,0.000
2025-11-21 05:00:29,mlx5_2,0.000,0.000,0.000,0.000
2025-11-21 05:00:29,mlx5_3,0.000,0.000,0.000,0.000
2025-11-21 05:00:29,mlx5_4,0.000,0.000,0.000,0.000
2025-11-21 05:00:29,mlx5_5,0.000,0.000,0.000,0.000
2025-11-21 05:00:29,mlx5_6,0.000,0.000,0.000,0.000
2025-11-21 05:00:29,mlx5_7,0.000,0.000,967.907,2245.963
2025-11-21 05:00:29,mlx5_8,0.000,0.000,0.000,0.000
2025-11-21 05:00:29,mlx5_9,0.000,0.000,0.000,0.000
2025-11-21 05:00:29,TOTAL,0.000,0.000,1158.424,3018.843
2025-11-21 05:00:30,mlx5_0,0.000,0.000,190.517,772.880
2025-11-21 05:00:30,mlx5_1,0.000,0.000,0.000,0.000
2025-11-21 05:00:30,mlx5_2,0.000,0.000,0.000,0.000
2025-11-21 05:00:30,mlx5_3,0.000,0.000,0.000,0.000
2025-11-21 05:00:30,mlx5_4,0.000,0.000,0.000,0.000
2025-11-21 05:00:30,mlx5_5,0.000,0.000,0.000,0.000
2025-11-21 05:00:30,mlx5_6,0.000,0.000,0.000,0.000
2025-11-21 05:00:30,mlx5_7,0.000,0.000,967.907,2245.963
2025-11-21 05:00:30,mlx5_8,0.000,0.000,0.000,0.000
2025-11-21 05:00:30,mlx5_9,0.000,0.000,0.000,0.000
2025-11-21 05:00:30,TOTAL,0.000,0.000,1158.424,3018.843
2025-11-21 05:00:31,mlx5_0,0.000,0.000,190.517,772.880
2025-11-21 05:00:31,mlx5_1,0.000,0.000,0.000,0.000
2025-11-21 05:00:31,mlx5_2,0.000,0.000,0.000,0.000
2025-11-21 05:00:31,mlx5_3,0.000,0.000,0.000,0.000
2025-11-21 05:00:31,mlx5_4,0.000,0.000,0.000,0.000
2025-11-21 05:00:31,mlx5_5,0.000,0.000,0.000,0.000
2025-11-21 05:00:31,mlx5_6,0.000,0.000,0.000,0.000
2025-11-21 05:00:31,mlx5_7,0.000,0.000,967.907,2245.963
2025-11-21 05:00:31,mlx5_8,0.000,0.000,0.000,0.000
2025-11-21 05:00:31,mlx5_9,0.000,0.000,0.000,0.000
2025-11-21 05:00:31,TOTAL,0.000,0.000,1158.424,3018.843
2025-11-21 05:00:32,mlx5_0,0.000,0.000,190.517,772.880
2025-11-21 05:00:32,mlx5_1,0.000,0.000,0.000,0.000
2025-11-21 05:00:32,mlx5_2,0.000,0.000,0.000,0.000
2025-11-21 05:00:32,mlx5_3,0.000,0.000,0.000,0.000
2025-11-21 05:00:32,mlx5_4,0.000,0.000,0.000,0.000
2025-11-21 05:00:32,mlx5_5,0.000,0.000,0.000,0.000
2025-11-21 05:00:32,mlx5_6,0.000,0.000,0.000,0.000
2025-11-21 05:00:32,mlx5_7,0.000,0.000,967.907,2245.963
2025-11-21 05:00:32,mlx5_8,0.000,0.000,0.000,0.000
2025-11-21 05:00:32,mlx5_9,0.000,0.000,0.000,0.000
2025-11-21 05:00:32,TOTAL,0.000,0.000,1158.424,3018.843
2025-11-21 05:00:33,mlx5_0,0.000,0.000,190.517,772.880
2025-11-21 05:00:33,mlx5_1,0.000,0.000,0.000,0.000
2025-11-21 05:00:33,mlx5_2,0.000,0.000,0.000,0.000
2025-11-21 05:00:33,mlx5_3,0.000,0.000,0.000,0.000
2025-11-21 05:00:33,mlx5_4,0.000,0.000,0.000,0.000
2025-11-21 05:00:33,mlx5_5,0.000,0.000,0.000,0.000
2025-11-21 05:00:33,mlx5_6,0.000,0.000,0.000,0.000
2025-11-21 05:00:33,mlx5_7,0.000,0.000,967.907,2245.963
2025-11-21 05:00:33,mlx5_8,0.000,0.000,0.000,0.000
2025-11-21 05:00:33,mlx5_9,0.000,0.000,0.000,0.000
2025-11-21 05:00:33,TOTAL,0.000,0.000,1158.424,3018.843
2025-11-21 05:00:34,mlx5_0,0.000,0.000,190.517,772.880
2025-11-21 05:00:34,mlx5_1,0.000,0.000,0.000,0.000
2025-11-21 05:00:34,mlx5_2,0.000,0.000,0.000,0.000
2025-11-21 05:00:34,mlx5_3,0.000,0.000,0.000,0.000
2025-11-21 05:00:34,mlx5_4,0.000,0.000,0.000,0.000
2025-11-21 05:00:34,mlx5_5,0.000,0.000,0.000,0.000
2025-11-21 05:00:34,mlx5_6,0.000,0.000,0.000,0.000
2025-11-21 05:00:34,mlx5_7,0.000,0.000,967.907,2245.963
2025-11-21 05:00:34,mlx5_8,0.000,0.000,0.000,0.000
2025-11-21 05:00:34,mlx5_9,0.000,0.000,0.000,0.000
2025-11-21 05:00:34,TOTAL,0.000,0.000,1158.424,3018.843
2025-11-21 05:00:35,mlx5_0,0.000,0.000,190.517,772.880
2025-11-21 05:00:35,mlx5_1,0.000,0.000,0.000,0.000
2025-11-21 05:00:35,mlx5_2,0.000,0.000,0.000,0.000
2025-11-21 05:00:35,mlx5_3,0.000,0.000,0.000,0.000
2025-11-21 05:00:35,mlx5_4,0.000,0.000,0.000,0.000
2025-11-21 05:00:35,mlx5_5,0.000,0.000,0.000,0.000
2025-11-21 05:00:35,mlx5_6,0.000,0.000,0.000,0.000
2025-11-21 05:00:35,mlx5_7,0.000,0.000,967.907,2245.963
2025-11-21 05:00:35,mlx5_8,0.000,0.000,0.000,0.000
2025-11-21 05:00:35,mlx5_9,0.000,0.000,0.000,0.000
2025-11-21 05:00:35,TOTAL,0.000,0.000,1158.424,3018.843
2025-11-21 05:00:36,mlx5_0,0.000,0.000,190.517,772.880
2025-11-21 05:00:36,mlx5_1,0.000,0.000,0.000,0.000
2025-11-21 05:00:36,mlx5_2,0.000,0.000,0.000,0.000
2025-11-21 05:00:36,mlx5_3,0.000,0.000,0.000,0.000
2025-11-21 05:00:36,mlx5_4,0.000,0.000,0.000,0.000
2025-11-21 05:00:36,mlx5_5,0.000,0.000,0.000,0.000
2025-11-21 05:00:36,mlx5_6,0.000,0.000,0.000,0.000
2025-11-21 05:00:36,mlx5_7,0.000,0.000,967.907,2245.963
2025-11-21 05:00:36,mlx5_8,0.000,0.000,0.000,0.000
2025-11-21 05:00:36,mlx5_9,0.000,0.000,0.000,0.000
2025-11-21 05:00:36,TOTAL,0.000,0.000,1158.424,3018.843
2025-11-21 05:00:37,mlx5_0,0.000,0.000,190.517,772.880
2025-11-21 05:00:37,mlx5_1,0.000,0.000,0.000,0.000
2025-11-21 05:00:37,mlx5_2,0.000,0.000,0.000,0.000
2025-11-21 05:00:37,mlx5_3,0.000,0.000,0.000,0.000
2025-11-21 05:00:37,mlx5_4,0.000,0.000,0.000,0.000
2025-11-21 05:00:37,mlx5_5,0.000,0.000,0.000,0.000
2025-11-21 05:00:37,mlx5_6,0.000,0.000,0.000,0.000
2025-11-21 05:00:37,mlx5_7,0.000,0.000,967.907,2245.963
2025-11-21 05:00:37,mlx5_8,0.000,0.000,0.000,0.000
2025-11-21 05:00:37,mlx5_9,0.000,0.000,0.000,0.000
2025-11-21 05:00:37,TOTAL,0.000,0.000,1158.424,3018.843
2025-11-21 05:00:38,mlx5_0,0.000,0.000,190.517,772.880
2025-11-21 05:00:38,mlx5_1,0.000,0.000,0.000,0.000
2025-11-21 05:00:38,mlx5_2,0.000,0.000,0.000,0.000
2025-11-21 05:00:38,mlx5_3,0.000,0.000,0.000,0.000
2025-11-21 05:00:38,mlx5_4,0.000,0.000,0.000,0.000
2025-11-21 05:00:38,mlx5_5,0.000,0.000,0.000,0.000
2025-11-21 05:00:38,mlx5_6,0.000,0.000,0.000,0.000
2025-11-21 05:00:38,mlx5_7,0.000,0.000,967.907,2245.963
2025-11-21 05:00:38,mlx5_8,0.000,0.000,0.000,0.000
2025-11-21 05:00:38,mlx5_9,0.000,0.000,0.000,0.000
2025-11-21 05:00:38,TOTAL,0.000,0.000,1158.424,3018.843
2025-11-21 05:00:39,mlx5_0,0.000,0.000,190.517,772.880
2025-11-21 05:00:39,mlx5_1,0.000,0.000,0.000,0.000
2025-11-21 05:00:39,mlx5_2,0.000,0.000,0.000,0.000
2025-11-21 05:00:39,mlx5_3,0.000,0.000,0.000,0.000
2025-11-21 05:00:39,mlx5_4,0.000,0.000,0.000,0.000
2025-11-21 05:00:39,mlx5_5,0.000,0.000,0.000,0.000
2025-11-21 05:00:39,mlx5_6,0.000,0.000,0.000,0.000
2025-11-21 05:00:39,mlx5_7,0.000,0.000,967.907,2245.963
2025-11-21 05:00:39,mlx5_8,0.000,0.000,0.000,0.000
2025-11-21 05:00:39,mlx5_9,0.000,0.000,0.000,0.000
2025-11-21 05:00:39,TOTAL,0.000,0.000,1158.424,3018.843
2025-11-21 05:00:40,mlx5_0,0.000,0.000,190.517,772.880
2025-11-21 05:00:40,mlx5_1,0.000,0.000,0.000,0.000
2025-11-21 05:00:40,mlx5_2,0.000,0.000,0.000,0.000
2025-11-21 05:00:40,mlx5_3,0.000,0.000,0.000,0.000
2025-11-21 05:00:40,mlx5_4,0.000,0.000,0.000,0.000
2025-11-21 05:00:40,mlx5_5,0.000,0.000,0.000,0.000
2025-11-21 05:00:40,mlx5_6,0.000,0.000,0.000,0.000
2025-11-21 05:00:40,mlx5_7,0.000,0.000,967.907,2245.963
2025-11-21 05:00:40,mlx5_8,0.000,0.000,0.000,0.000
2025-11-21 05:00:40,mlx5_9,0.000,0.000,0.000,0.000
2025-11-21 05:00:40,TOTAL,0.000,0.000,1158.424,3018.843
2025-11-21 05:00:41,mlx5_0,0.000,0.000,190.517,772.880
2025-11-21 05:00:41,mlx5_1,0.000,0.000,0.000,0.000
2025-11-21 05:00:41,mlx5_2,0.000,0.000,0.000,0.000
2025-11-21 05:00:41,mlx5_3,0.000,0.000,0.000,0.000
2025-11-21 05:00:41,mlx5_4,0.000,0.000,0.000,0.000
2025-11-21 05:00:41,mlx5_5,0.000,0.000,0.000,0.000
2025-11-21 05:00:41,mlx5_6,0.000,0.000,0.000,0.000
2025-11-21 05:00:41,mlx5_7,0.000,0.000,967.907,2245.963
2025-11-21 05:00:41,mlx5_8,0.000,0.000,0.000,0.000
2025-11-21 05:00:41,mlx5_9,0.000,0.000,0.000,0.000
2025-11-21 05:00:41,TOTAL,0.000,0.000,1158.424,3018.843
2025-11-21 05:00:42,mlx5_0,0.000,0.000,190.517,772.880
2025-11-21 05:00:42,mlx5_1,0.000,0.000,0.000,0.000
2025-11-21 05:00:42,mlx5_2,0.000,0.000,0.000,0.000
2025-11-21 05:00:42,mlx5_3,0.000,0.000,0.000,0.000
2025-11-21 05:00:42,mlx5_4,0.000,0.000,0.000,0.000
2025-11-21 05:00:42,mlx5_5,0.000,0.000,0.000,0.000
2025-11-21 05:00:42,mlx5_6,0.000,0.000,0.000,0.000
2025-11-21 05:00:42,mlx5_7,0.000,0.000,967.907,2245.963
2025-11-21 05:00:42,mlx5_8,0.000,0.000,0.000,0.000
2025-11-21 05:00:42,mlx5_9,0.000,0.000,0.000,0.000
2025-11-21 05:00:42,TOTAL,0.000,0.000,1158.424,3018.843
2025-11-21 05:00:43,mlx5_0,0.000,0.000,190.517,772.880
2025-11-21 05:00:43,mlx5_1,0.000,0.000,0.000,0.000
2025-11-21 05:00:43,mlx5_2,0.000,0.000,0.000,0.000
2025-11-21 05:00:43,mlx5_3,0.000,0.000,0.000,0.000
2025-11-21 05:00:43,mlx5_4,0.000,0.000,0.000,0.000
2025-11-21 05:00:43,mlx5_5,0.000,0.000,0.000,0.000
2025-11-21 05:00:43,mlx5_6,0.000,0.000,0.000,0.000
2025-11-21 05:00:43,mlx5_7,0.000,0.000,967.907,2245.963
2025-11-21 05:00:43,mlx5_8,0.000,0.000,0.000,0.000
2025-11-21 05:00:43,mlx5_9,0.000,0.000,0.000,0.000
2025-11-21 05:00:43,TOTAL,0.000,0.000,1158.424,3018.843
2025-11-21 05:00:44,mlx5_0,0.000,0.000,190.517,772.880
2025-11-21 05:00:44,mlx5_1,0.000,0.000,0.000,0.000
2025-11-21 05:00:44,mlx5_2,0.000,0.000,0.000,0.000
2025-11-21 05:00:44,mlx5_3,0.000,0.000,0.000,0.000
2025-11-21 05:00:44,mlx5_4,0.000,0.000,0.000,0.000
2025-11-21 05:00:44,mlx5_5,0.000,0.000,0.000,0.000
2025-11-21 05:00:44,mlx5_6,0.000,0.000,0.000,0.000
2025-11-21 05:00:44,mlx5_7,0.000,0.000,967.907,2245.963
2025-11-21 05:00:44,mlx5_8,0.000,0.000,0.000,0.000
2025-11-21 05:00:44,mlx5_9,0.000,0.000,0.000,0.000
2025-11-21 05:00:44,TOTAL,0.000,0.000,1158.424,3018.843
2025-11-21 05:00:45,mlx5_0,0.000,0.000,190.517,772.880
2025-11-21 05:00:45,mlx5_1,0.000,0.000,0.000,0.000
2025-11-21 05:00:45,mlx5_2,0.000,0.000,0.000,0.000
2025-11-21 05:00:45,mlx5_3,0.000,0.000,0.000,0.000
2025-11-21 05:00:45,mlx5_4,0.000,0.000,0.000,0.000
2025-11-21 05:00:45,mlx5_5,0.000,0.000,0.000,0.000
2025-11-21 05:00:45,mlx5_6,0.000,0.000,0.000,0.000
2025-11-21 05:00:45,mlx5_7,0.000,0.000,967.907,2245.963
2025-11-21 05:00:45,mlx5_8,0.000,0.000,0.000,0.000
2025-11-21 05:00:45,mlx5_9,0.000,0.000,0.000,0.000
2025-11-21 05:00:45,TOTAL,0.000,0.000,1158.424,3018.843
2025-11-21 05:00:46,mlx5_0,0.000,0.000,190.517,772.880
2025-11-21 05:00:46,mlx5_1,0.000,0.000,0.000,0.000
2025-11-21 05:00:46,mlx5_2,0.000,0.000,0.000,0.000
2025-11-21 05:00:46,mlx5_3,0.000,0.000,0.000,0.000
2025-11-21 05:00:46,mlx5_4,0.000,0.000,0.000,0.000
2025-11-21 05:00:46,mlx5_5,0.000,0.000,0.000,0.000
2025-11-21 05:00:46,mlx5_6,0.000,0.000,0.000,0.000
2025-11-21 05:00:46,mlx5_7,0.000,0.000,967.907,2245.963
2025-11-21 05:00:46,mlx5_8,0.000,0.000,0.000,0.000
2025-11-21 05:00:46,mlx5_9,0.000,0.000,0.000,0.000
2025-11-21 05:00:46,TOTAL,0.000,0.000,1158.424,3018.843
2025-11-21 05:00:47,mlx5_0,0.000,0.000,190.517,772.880
2025-11-21 05:00:47,mlx5_1,0.000,0.000,0.000,0.000
2025-11-21 05:00:47,mlx5_2,0.000,0.000,0.000,0.000
2025-11-21 05:00:47,mlx5_3,0.000,0.000,0.000,0.000
2025-11-21 05:00:47,mlx5_4,0.000,0.000,0.000,0.000
2025-11-21 05:00:47,mlx5_5,0.000,0.000,0.000,0.000
2025-11-21 05:00:47,mlx5_6,0.000,0.000,0.000,0.000
2025-11-21 05:00:47,mlx5_7,0.000,0.000,967.907,2245.963
2025-11-21 05:00:47,mlx5_8,0.000,0.000,0.000,0.000
2025-11-21 05:00:47,mlx5_9,0.000,0.000,0.000,0.000
2025-11-21 05:00:47,TOTAL,0.000,0.000,1158.424,3018.843
2025-11-21 05:00:48,mlx5_0,0.000,0.000,190.517,772.880
2025-11-21 05:00:48,mlx5_1,0.000,0.000,0.000,0.000
2025-11-21 05:00:48,mlx5_2,0.000,0.000,0.000,0.000
2025-11-21 05:00:48,mlx5_3,0.000,0.000,0.000,0.000
2025-11-21 05:00:48,mlx5_4,0.000,0.000,0.000,0.000
2025-11-21 05:00:48,mlx5_5,0.000,0.000,0.000,0.000
2025-11-21 05:00:48,mlx5_6,0.000,0.000,0.000,0.000
2025-11-21 05:00:48,mlx5_7,0.000,0.000,967.907,2245.963
2025-11-21 05:00:48,mlx5_8,0.000,0.000,0.000,0.000
2025-11-21 05:00:48,mlx5_9,0.000,0.000,0.000,0.000
2025-11-21 05:00:48,TOTAL,0.000,0.000,1158.424,3018.843
2025-11-21 05:00:49,mlx5_0,0.000,0.000,190.517,772.880
2025-11-21 05:00:49,mlx5_1,0.000,0.000,0.000,0.000
2025-11-21 05:00:49,mlx5_2,0.000,0.000,0.000,0.000
2025-11-21 05:00:49,mlx5_3,0.000,0.000,0.000,0.000
2025-11-21 05:00:49,mlx5_4,0.000,0.000,0.000,0.000
2025-11-21 05:00:49,mlx5_5,0.000,0.000,0.000,0.000
2025-11-21 05:00:49,mlx5_6,0.000,0.000,0.000,0.000
2025-11-21 05:00:49,mlx5_7,0.000,0.000,967.907,2245.963
2025-11-21 05:00:49,mlx5_8,0.000,0.000,0.000,0.000
2025-11-21 05:00:49,mlx5_9,0.000,0.000,0.000,0.000
2025-11-21 05:00:49,TOTAL,0.000,0.000,1158.424,3018.843
2025-11-21 05:00:50,mlx5_0,0.000,0.000,190.517,772.880
2025-11-21 05:00:50,mlx5_1,0.000,0.000,0.000,0.000
2025-11-21 05:00:50,mlx5_2,0.000,0.000,0.000,0.000
2025-11-21 05:00:50,mlx5_3,0.000,0.000,0.000,0.000
2025-11-21 05:00:50,mlx5_4,0.000,0.000,0.000,0.000
2025-11-21 05:00:50,mlx5_5,0.000,0.000,0.000,0.000
2025-11-21 05:00:50,mlx5_6,0.000,0.000,0.000,0.000
2025-11-21 05:00:50,mlx5_7,0.000,0.000,967.907,2245.963
2025-11-21 05:00:50,mlx5_8,0.000,0.000,0.000,0.000
2025-11-21 05:00:50,mlx5_9,0.000,0.000,0.000,0.000
2025-11-21 05:00:50,TOTAL,0.000,0.000,1158.424,3018.843
2025-11-21 05:00:51,mlx5_0,0.000,0.000,190.517,772.880
2025-11-21 05:00:51,mlx5_1,0.000,0.000,0.000,0.000
2025-11-21 05:00:51,mlx5_2,0.000,0.000,0.000,0.000
2025-11-21 05:00:51,mlx5_3,0.000,0.000,0.000,0.000
2025-11-21 05:00:51,mlx5_4,0.000,0.000,0.000,0.000
2025-11-21 05:00:51,mlx5_5,0.000,0.000,0.000,0.000
2025-11-21 05:00:51,mlx5_6,0.000,0.000,0.000,0.000
2025-11-21 05:00:51,mlx5_7,0.000,0.000,967.907,2245.963
2025-11-21 05:00:51,mlx5_8,0.000,0.000,0.000,0.000
2025-11-21 05:00:51,mlx5_9,0.000,0.000,0.000,0.000
2025-11-21 05:00:51,TOTAL,0.000,0.000,1158.424,3018.843
2025-11-21 05:00:52,mlx5_0,0.000,0.000,190.517,772.880
2025-11-21 05:00:52,mlx5_1,0.000,0.000,0.000,0.000
2025-11-21 05:00:52,mlx5_2,0.000,0.000,0.000,0.000
2025-11-21 05:00:52,mlx5_3,0.000,0.000,0.000,0.000
2025-11-21 05:00:52,mlx5_4,0.000,0.000,0.000,0.000
2025-11-21 05:00:52,mlx5_5,0.000,0.000,0.000,0.000
2025-11-21 05:00:52,mlx5_6,0.000,0.000,0.000,0.000
2025-11-21 05:00:52,mlx5_7,0.000,0.000,967.907,2245.963
2025-11-21 05:00:52,mlx5_8,0.000,0.000,0.000,0.000
2025-11-21 05:00:52,mlx5_9,0.000,0.000,0.000,0.000
2025-11-21 05:00:52,TOTAL,0.000,0.000,1158.424,3018.843
2025-11-21 05:00:53,mlx5_0,0.000,0.000,190.517,772.880
2025-11-21 05:00:53,mlx5_1,0.000,0.000,0.000,0.000
2025-11-21 05:00:53,mlx5_2,0.000,0.000,0.000,0.000
2025-11-21 05:00:53,mlx5_3,0.000,0.000,0.000,0.000
2025-11-21 05:00:53,mlx5_4,0.000,0.000,0.000,0.000
2025-11-21 05:00:53,mlx5_5,0.000,0.000,0.000,0.000
2025-11-21 05:00:53,mlx5_6,0.000,0.000,0.000,0.000
2025-11-21 05:00:53,mlx5_7,0.000,0.000,967.907,2245.963
2025-11-21 05:00:53,mlx5_8,0.000,0.000,0.000,0.000
2025-11-21 05:00:53,mlx5_9,0.000,0.000,0.000,0.000
2025-11-21 05:00:53,TOTAL,0.000,0.000,1158.424,3018.843
2025-11-21 05:00:54,mlx5_0,0.000,0.000,190.517,772.880
2025-11-21 05:00:54,mlx5_1,0.000,0.000,0.000,0.000
2025-11-21 05:00:54,mlx5_2,0.000,0.000,0.000,0.000
2025-11-21 05:00:54,mlx5_3,0.000,0.000,0.000,0.000
2025-11-21 05:00:54,mlx5_4,0.000,0.000,0.000,0.000
2025-11-21 05:00:54,mlx5_5,0.000,0.000,0.000,0.000
2025-11-21 05:00:54,mlx5_6,0.000,0.000,0.000,0.000
2025-11-21 05:00:54,mlx5_7,0.000,0.000,967.907,2245.963
2025-11-21 05:00:54,mlx5_8,0.000,0.000,0.000,0.000
2025-11-21 05:00:54,mlx5_9,0.000,0.000,0.000,0.000
2025-11-21 05:00:54,TOTAL,0.000,0.000,1158.424,3018.843
2025-11-21 05:00:55,mlx5_0,0.000,0.000,190.517,772.880
2025-11-21 05:00:55,mlx5_1,0.000,0.000,0.000,0.000
2025-11-21 05:00:55,mlx5_2,0.000,0.000,0.000,0.000
2025-11-21 05:00:55,mlx5_3,0.000,0.000,0.000,0.000
2025-11-21 05:00:55,mlx5_4,0.000,0.000,0.000,0.000
2025-11-21 05:00:55,mlx5_5,0.000,0.000,0.000,0.000
2025-11-21 05:00:55,mlx5_6,0.000,0.000,0.000,0.000
2025-11-21 05:00:55,mlx5_7,0.000,0.000,967.907,2245.963
2025-11-21 05:00:55,mlx5_8,0.000,0.000,0.000,0.000
2025-11-21 05:00:55,mlx5_9,0.000,0.000,0.000,0.000
2025-11-21 05:00:55,TOTAL,0.000,0.000,1158.424,3018.843
2025-11-21 05:00:56,mlx5_0,0.000,0.000,190.517,772.880
2025-11-21 05:00:56,mlx5_1,0.000,0.000,0.000,0.000
2025-11-21 05:00:56,mlx5_2,0.000,0.000,0.000,0.000
2025-11-21 05:00:56,mlx5_3,0.000,0.000,0.000,0.000
2025-11-21 05:00:56,mlx5_4,0.000,0.000,0.000,0.000
2025-11-21 05:00:56,mlx5_5,0.000,0.000,0.000,0.000
2025-11-21 05:00:56,mlx5_6,0.000,0.000,0.000,0.000
2025-11-21 05:00:56,mlx5_7,0.000,0.000,967.907,2245.963
2025-11-21 05:00:56,mlx5_8,0.000,0.000,0.000,0.000
2025-11-21 05:00:56,mlx5_9,0.000,0.000,0.000,0.000
2025-11-21 05:00:56,TOTAL,0.000,0.000,1158.424,3018.843
2025-11-21 05:00:57,mlx5_0,0.000,0.000,190.517,772.880
2025-11-21 05:00:57,mlx5_1,0.000,0.000,0.000,0.000
2025-11-21 05:00:57,mlx5_2,0.000,0.000,0.000,0.000
2025-11-21 05:00:57,mlx5_3,0.000,0.000,0.000,0.000
2025-11-21 05:00:57,mlx5_4,0.000,0.000,0.000,0.000
2025-11-21 05:00:57,mlx5_5,0.000,0.000,0.000,0.000
2025-11-21 05:00:57,mlx5_6,0.000,0.000,0.000,0.000
2025-11-21 05:00:57,mlx5_7,0.000,0.000,967.907,2245.963
2025-11-21 05:00:57,mlx5_8,0.000,0.000,0.000,0.000
2025-11-21 05:00:57,mlx5_9,0.000,0.000,0.000,0.000
2025-11-21 05:00:57,TOTAL,0.000,0.000,1158.424,3018.843
2025-11-21 05:00:58,mlx5_0,0.000,0.000,190.517,772.880
2025-11-21 05:00:58,mlx5_1,0.000,0.000,0.000,0.000
2025-11-21 05:00:58,mlx5_2,0.000,0.000,0.000,0.000
2025-11-21 05:00:58,mlx5_3,0.000,0.000,0.000,0.000
2025-11-21 05:00:58,mlx5_4,0.000,0.000,0.000,0.000
2025-11-21 05:00:58,mlx5_5,0.000,0.000,0.000,0.000
2025-11-21 05:00:58,mlx5_6,0.000,0.000,0.000,0.000
2025-11-21 05:00:58,mlx5_7,0.000,0.000,967.907,2245.963
2025-11-21 05:00:58,mlx5_8,0.000,0.000,0.000,0.000
2025-11-21 05:00:58,mlx5_9,0.000,0.000,0.000,0.000
2025-11-21 05:00:58,TOTAL,0.000,0.000,1158.424,3018.843
2025-11-21 05:00:59,mlx5_0,0.000,0.000,190.517,772.880
2025-11-21 05:00:59,mlx5_1,0.000,0.000,0.000,0.000
2025-11-21 05:00:59,mlx5_2,0.000,0.000,0.000,0.000
2025-11-21 05:00:59,mlx5_3,0.000,0.000,0.000,0.000
2025-11-21 05:00:59,mlx5_4,0.000,0.000,0.000,0.000
2025-11-21 05:00:59,mlx5_5,0.000,0.000,0.000,0.000
2025-11-21 05:00:59,mlx5_6,0.000,0.000,0.000,0.000
2025-11-21 05:00:59,mlx5_7,0.000,0.000,967.907,2245.963
2025-11-21 05:00:59,mlx5_8,0.000,0.000,0.000,0.000
2025-11-21 05:00:59,mlx5_9,0.000,0.000,0.000,0.000
2025-11-21 05:00:59,TOTAL,0.000,0.000,1158.424,3018.843
2025-11-21 05:01:00,mlx5_0,0.004,5.356,190.518,773.553
2025-11-21 05:01:00,mlx5_1,0.000,0.000,0.000,0.000
2025-11-21 05:01:00,mlx5_2,0.000,0.000,0.000,0.000
2025-11-21 05:01:00,mlx5_3,0.000,0.000,0.000,0.000
2025-11-21 05:01:00,mlx5_4,0.000,0.000,0.000,0.000
2025-11-21 05:01:00,mlx5_5,0.000,0.000,0.000,0.000
2025-11-21 05:01:00,mlx5_6,0.000,0.000,0.000,0.000
2025-11-21 05:01:00,mlx5_7,0.019,20.063,967.910,2248.484
2025-11-21 05:01:00,mlx5_8,0.000,0.000,0.000,0.000
2025-11-21 05:01:00,mlx5_9,0.000,0.000,0.000,0.000
2025-11-21 05:01:00,TOTAL,0.022,25.419,1158.427,3022.037
2025-11-21 05:01:01,mlx5_0,0.004,5.540,190.518,774.250
2025-11-21 05:01:01,mlx5_1,0.000,0.000,0.000,0.000
2025-11-21 05:01:01,mlx5_2,0.000,0.000,0.000,0.000
2025-11-21 05:01:01,mlx5_3,0.000,0.000,0.000,0.000
2025-11-21 05:01:01,mlx5_4,0.000,0.000,0.000,0.000
2025-11-21 05:01:01,mlx5_5,0.000,0.000,0.000,0.000
2025-11-21 05:01:01,mlx5_6,0.000,0.000,0.000,0.000
2025-11-21 05:01:01,mlx5_7,0.014,15.116,967.911,2250.386
2025-11-21 05:01:01,mlx5_8,0.000,0.000,0.000,0.000
2025-11-21 05:01:01,mlx5_9,0.000,0.000,0.000,0.000
2025-11-21 05:01:01,TOTAL,0.017,20.657,1158.429,3024.637
2025-11-21 05:01:02,mlx5_0,0.000,0.000,190.518,774.250
2025-11-21 05:01:02,mlx5_1,0.000,0.000,0.000,0.000
2025-11-21 05:01:02,mlx5_2,0.000,0.000,0.000,0.000
2025-11-21 05:01:02,mlx5_3,0.000,0.000,0.000,0.000
2025-11-21 05:01:02,mlx5_4,0.000,0.000,0.000,0.000
2025-11-21 05:01:02,mlx5_5,0.000,0.000,0.000,0.000
2025-11-21 05:01:02,mlx5_6,0.000,0.000,0.000,0.000
2025-11-21 05:01:02,mlx5_7,0.000,0.000,967.911,2250.386
2025-11-21 05:01:02,mlx5_8,0.000,0.000,0.000,0.000
2025-11-21 05:01:02,mlx5_9,0.000,0.000,0.000,0.000
2025-11-21 05:01:02,TOTAL,0.000,0.000,1158.429,3024.637
2025-11-21 05:01:03,mlx5_0,0.000,0.000,190.518,774.250
2025-11-21 05:01:03,mlx5_1,0.000,0.000,0.000,0.000
2025-11-21 05:01:03,mlx5_2,0.000,0.000,0.000,0.000
2025-11-21 05:01:03,mlx5_3,0.000,0.000,0.000,0.000
2025-11-21 05:01:03,mlx5_4,0.000,0.000,0.000,0.000
2025-11-21 05:01:03,mlx5_5,0.000,0.000,0.000,0.000
2025-11-21 05:01:03,mlx5_6,0.000,0.000,0.000,0.000
2025-11-21 05:01:03,mlx5_7,0.000,0.000,967.911,2250.386
2025-11-21 05:01:03,mlx5_8,0.000,0.000,0.000,0.000
2025-11-21 05:01:03,mlx5_9,0.000,0.000,0.000,0.000
2025-11-21 05:01:03,TOTAL,0.000,0.000,1158.429,3024.637
2025-11-21 05:01:04,mlx5_0,0.000,0.000,190.518,774.250
2025-11-21 05:01:04,mlx5_1,0.000,0.000,0.000,0.000
2025-11-21 05:01:04,mlx5_2,0.000,0.000,0.000,0.000
2025-11-21 05:01:04,mlx5_3,0.000,0.000,0.000,0.000
2025-11-21 05:01:04,mlx5_4,0.000,0.000,0.000,0.000
2025-11-21 05:01:04,mlx5_5,0.000,0.000,0.000,0.000
2025-11-21 05:01:04,mlx5_6,0.000,0.000,0.000,0.000
2025-11-21 05:01:04,mlx5_7,0.000,0.000,967.911,2250.386
2025-11-21 05:01:04,mlx5_8,0.000,0.000,0.000,0.000
2025-11-21 05:01:04,mlx5_9,0.000,0.000,0.000,0.000
2025-11-21 05:01:04,TOTAL,0.000,0.000,1158.429,3024.637
2025-11-21 05:01:05,mlx5_0,0.000,0.000,190.518,774.250
2025-11-21 05:01:05,mlx5_1,0.000,0.000,0.000,0.000
2025-11-21 05:01:05,mlx5_2,0.000,0.000,0.000,0.000
2025-11-21 05:01:05,mlx5_3,0.000,0.000,0.000,0.000
2025-11-21 05:01:05,mlx5_4,0.000,0.000,0.000,0.000
2025-11-21 05:01:05,mlx5_5,0.000,0.000,0.000,0.000
2025-11-21 05:01:05,mlx5_6,0.000,0.000,0.000,0.000
2025-11-21 05:01:05,mlx5_7,0.000,0.000,967.911,2250.386
2025-11-21 05:01:05,mlx5_8,0.000,0.000,0.000,0.000
2025-11-21 05:01:05,mlx5_9,0.000,0.000,0.000,0.000
2025-11-21 05:01:05,TOTAL,0.000,0.000,1158.429,3024.637
