InfiniBand Network Monitor
Press Ctrl+C to stop
========================================================================

Last Update: 2025-11-22 14:27:45
Device               TX Gbps     RX Gbps    TX Total(GB)    RX Total(GB)
========================================================================
mlx5_0                   0.0         0.0             0.0             0.0
mlx5_1                   0.0         0.0             0.0             0.0
mlx5_2                   0.0         0.0             0.0             0.0
mlx5_3                   0.0         0.0             0.0             0.0
mlx5_4                   0.0         0.0             0.0             0.0
mlx5_5                   0.0         0.0             0.0             0.0
mlx5_6                   0.0         0.0             0.0             0.0
mlx5_7                   0.0         0.0             0.0             0.0
mlx5_8                   0.0         0.0             0.0             0.0
mlx5_9                   0.0         0.0             0.0             0.0
------------------------------------------------------------------------
TOTAL                    0.0         0.0             0.0             0.0

Last Update: 2025-11-22 14:27:46
Device               TX Gbps     RX Gbps    TX Total(GB)    RX Total(GB)
========================================================================
mlx5_0                   0.0         0.0             0.0             0.0
mlx5_1                   0.0         0.0             0.0             0.0
mlx5_2                   0.0         0.0             0.0             0.0
mlx5_3                   0.0         0.0             0.0             0.0
mlx5_4                   0.0         0.0             0.0             0.0
mlx5_5                   0.0         0.0             0.0             0.0
mlx5_6                   0.0         0.0             0.0             0.0
mlx5_7                   0.0         0.0             0.0             0.0
mlx5_8                   0.0         0.0             0.0             0.0
mlx5_9                   0.0         0.0             0.0             0.0
------------------------------------------------------------------------
TOTAL                    0.0         0.0             0.0             0.0

Last Update: 2025-11-22 14:27:47
Device               TX Gbps     RX Gbps    TX Total(GB)    RX Total(GB)
========================================================================
mlx5_0                   0.0         0.0             0.0             0.0
mlx5_1                   0.0         0.0             0.0             0.0
mlx5_2                   0.0         0.0             0.0             0.0
mlx5_3                   0.0         0.0             0.0             0.0
mlx5_4                   0.0         0.0             0.0             0.0
mlx5_5                   0.0         0.0             0.0             0.0
mlx5_6                   0.0         0.0             0.0             0.0
mlx5_7                   0.0         0.0             0.0             0.0
mlx5_8                   0.0         0.0             0.0             0.0
mlx5_9                   0.0         0.0             0.0             0.0
------------------------------------------------------------------------
TOTAL                    0.0         0.0             0.0             0.0

Last Update: 2025-11-22 14:27:48
Device               TX Gbps     RX Gbps    TX Total(GB)    RX Total(GB)
========================================================================
mlx5_0                   0.0         0.0             0.0             0.0
mlx5_1                   0.0         0.0             0.0             0.0
mlx5_2                   0.0         0.0             0.0             0.0
mlx5_3                   0.0         0.0             0.0             0.0
mlx5_4                   0.0         0.0             0.0             0.0
mlx5_5                   0.0         0.0             0.0             0.0
mlx5_6                   0.0         0.0             0.0             0.0
mlx5_7                   0.0         0.0             0.0             0.0
mlx5_8                   0.0         0.0             0.0             0.0
mlx5_9                   0.0         0.0             0.0             0.0
------------------------------------------------------------------------
TOTAL                    0.0         0.0             0.0             0.0

Last Update: 2025-11-22 14:27:49
Device               TX Gbps     RX Gbps    TX Total(GB)    RX Total(GB)
========================================================================
mlx5_0                   0.0         0.0             0.0             0.0
mlx5_1                   0.0         0.0             0.0             0.0
mlx5_2                   0.0         0.0             0.0             0.0
mlx5_3                   0.0         0.0             0.0             0.0
mlx5_4                   0.0         0.0             0.0             0.0
mlx5_5                   0.0         0.0             0.0             0.0
mlx5_6                   0.0         0.0             0.0             0.0
mlx5_7                   0.0         0.0             0.0             0.0
mlx5_8                   0.0         0.0             0.0             0.0
mlx5_9                   0.0         0.0             0.0             0.0
------------------------------------------------------------------------
TOTAL                    0.0         0.0             0.0             0.0

Last Update: 2025-11-22 14:27:50
Device               TX Gbps     RX Gbps    TX Total(GB)    RX Total(GB)
========================================================================
mlx5_0                   0.0         0.0             0.0             0.0
mlx5_1                   0.0         0.0             0.0             0.0
mlx5_2                   0.0         0.0             0.0             0.0
mlx5_3                   0.0         0.0             0.0             0.0
mlx5_4                   0.0         0.0             0.0             0.0
mlx5_5                   0.0         0.0             0.0             0.0
mlx5_6                   0.0         0.0             0.0             0.0
mlx5_7                   0.0         0.0             0.0             0.0
mlx5_8                   0.0         0.0             0.0             0.0
mlx5_9                   0.0         0.0             0.0             0.0
------------------------------------------------------------------------
TOTAL                    0.0         0.0             0.0             0.0

Last Update: 2025-11-22 14:27:51
Device               TX Gbps     RX Gbps    TX Total(GB)    RX Total(GB)
========================================================================
mlx5_0                   0.0         0.0             0.0             0.0
mlx5_1                   0.0         0.0             0.0             0.0
mlx5_2                   0.0         0.0             0.0             0.0
mlx5_3                   0.0         0.0             0.0             0.0
mlx5_4                   0.0         0.0             0.0             0.0
mlx5_5                   0.0         0.0             0.0             0.0
mlx5_6                   0.0         0.0             0.0             0.0
mlx5_7                   0.0         0.0             0.0             0.0
mlx5_8                   0.0         0.0             0.0             0.0
mlx5_9                   0.0         0.0             0.0             0.0
------------------------------------------------------------------------
TOTAL                    0.0         0.0             0.0             0.0

Last Update: 2025-11-22 14:27:52
Device               TX Gbps     RX Gbps    TX Total(GB)    RX Total(GB)
========================================================================
mlx5_0                   0.0         0.0             0.0             0.0
mlx5_1                   0.0         0.0             0.0             0.0
mlx5_2                   0.0         0.0             0.0             0.0
mlx5_3                   0.0         0.0             0.0             0.0
mlx5_4                   0.0         0.0             0.0             0.0
mlx5_5                   0.0         0.0             0.0             0.0
mlx5_6                   0.0         0.0             0.0             0.0
mlx5_7                   0.0         0.0             0.0             0.0
mlx5_8                   0.0         0.0             0.0             0.0
mlx5_9                   0.0         0.0             0.0             0.0
------------------------------------------------------------------------
TOTAL                    0.0         0.0             0.0             0.0

Last Update: 2025-11-22 14:27:53
Device               TX Gbps     RX Gbps    TX Total(GB)    RX Total(GB)
========================================================================
mlx5_0                   0.0         0.0             0.0             0.0
mlx5_1                   0.0         0.0             0.0             0.0
mlx5_2                   0.0         0.0             0.0             0.0
mlx5_3                   0.0         0.0             0.0             0.0
mlx5_4                   0.0         0.0             0.0             0.0
mlx5_5                   0.0         0.0             0.0             0.0
mlx5_6                   0.0         0.0             0.0             0.0
mlx5_7                   0.0         0.0             0.0             0.0
mlx5_8                   0.0         0.0             0.0             0.0
mlx5_9                   0.0         0.0             0.0             0.0
------------------------------------------------------------------------
TOTAL                    0.0         0.0             0.0             0.0

Last Update: 2025-11-22 14:27:54
Device               TX Gbps     RX Gbps    TX Total(GB)    RX Total(GB)
========================================================================
mlx5_0                   0.0         0.0             0.0             0.0
mlx5_1                   0.0         0.0             0.0             0.0
mlx5_2                   0.0         0.0             0.0             0.0
mlx5_3                   0.0         0.0             0.0             0.0
mlx5_4                   0.0         0.0             0.0             0.0
mlx5_5                   0.0         0.0             0.0             0.0
mlx5_6                   0.0         0.0             0.0             0.0
mlx5_7                   0.0         0.0             0.0             0.0
mlx5_8                   0.0         0.0             0.0             0.0
mlx5_9                   0.0         0.0             0.0             0.0
------------------------------------------------------------------------
TOTAL                    0.0         0.0             0.0             0.0

Last Update: 2025-11-22 14:27:55
Device               TX Gbps     RX Gbps    TX Total(GB)    RX Total(GB)
========================================================================
mlx5_0                   0.0         0.0             0.0             0.0
mlx5_1                   0.0         0.0             0.0             0.0
mlx5_2                   0.0         0.0             0.0             0.0
mlx5_3                   0.0         0.0             0.0             0.0
mlx5_4                   0.0         0.0             0.0             0.0
mlx5_5                   0.0         0.0             0.0             0.0
mlx5_6                   0.0         0.0             0.0             0.0
mlx5_7                   0.0         0.0             0.0             0.0
mlx5_8                   0.0         0.0             0.0             0.0
mlx5_9                   0.0         0.0             0.0             0.0
------------------------------------------------------------------------
TOTAL                    0.0         0.0             0.0             0.0

Last Update: 2025-11-22 14:27:56
Device               TX Gbps     RX Gbps    TX Total(GB)    RX Total(GB)
========================================================================
mlx5_0                   0.0         0.0             0.0             0.0
mlx5_1                   0.0         0.0             0.0             0.0
mlx5_2                   0.0         0.0             0.0             0.0
mlx5_3                   0.0         0.0             0.0             0.0
mlx5_4                   0.0         0.0             0.0             0.0
mlx5_5                   0.0         0.0             0.0             0.0
mlx5_6                   0.0         0.0             0.0             0.0
mlx5_7                   0.0         0.0             0.0             0.0
mlx5_8                   0.0         0.0             0.0             0.0
mlx5_9                   0.0         0.0             0.0             0.0
------------------------------------------------------------------------
TOTAL                    0.0         0.0             0.0             0.0

Last Update: 2025-11-22 14:27:57
Device               TX Gbps     RX Gbps    TX Total(GB)    RX Total(GB)
========================================================================
mlx5_0                   0.0         0.0             0.0             0.0
mlx5_1                   0.0         0.0             0.0             0.0
mlx5_2                   0.0         0.0             0.0             0.0
mlx5_3                   0.0         0.0             0.0             0.0
mlx5_4                   0.0         0.0             0.0             0.0
mlx5_5                   0.0         0.0             0.0             0.0
mlx5_6                   0.0         0.0             0.0             0.0
mlx5_7                   0.0         0.0             0.0             0.0
mlx5_8                   0.0         0.0             0.0             0.0
mlx5_9                   0.0         0.0             0.0             0.0
------------------------------------------------------------------------
TOTAL                    0.0         0.0             0.0             0.0

Last Update: 2025-11-22 14:27:58
Device               TX Gbps     RX Gbps    TX Total(GB)    RX Total(GB)
========================================================================
mlx5_0                   0.0         0.0             0.0             0.0
mlx5_1                   0.0         0.0             0.0             0.0
mlx5_2                   0.0         0.0             0.0             0.0
mlx5_3                   0.0         0.0             0.0             0.0
mlx5_4                   0.0         0.0             0.0             0.0
mlx5_5                   0.0         0.0             0.0             0.0
mlx5_6                   0.0         0.0             0.0             0.0
mlx5_7                   0.0         0.0             0.0             0.0
mlx5_8                   0.0         0.0             0.0             0.0
mlx5_9                   0.0         0.0             0.0             0.0
------------------------------------------------------------------------
TOTAL                    0.0         0.0             0.0             0.0

Last Update: 2025-11-22 14:27:59
Device               TX Gbps     RX Gbps    TX Total(GB)    RX Total(GB)
========================================================================
mlx5_0                   0.0         0.0             0.0             0.0
mlx5_1                   0.4         0.0             0.0             0.0
mlx5_2                   0.0         0.0             0.0             0.0
mlx5_3                   0.0         0.0             0.0             0.0
mlx5_4                   0.0         0.0             0.0             0.0
mlx5_5                   0.5         0.0             0.1             0.0
mlx5_6                   0.0         0.0             0.0             0.0
mlx5_7                   0.0         0.0             0.0             0.0
mlx5_8                   0.0         0.0             0.0             0.0
mlx5_9                   0.0         0.0             0.0             0.0
------------------------------------------------------------------------
TOTAL                    0.9         0.0             0.1             0.0

Last Update: 2025-11-22 14:28:00
Device               TX Gbps     RX Gbps    TX Total(GB)    RX Total(GB)
========================================================================
mlx5_0                   0.0         0.0             0.0             0.0
mlx5_1                   0.9         0.0             0.2             0.0
mlx5_2                   0.0         0.0             0.0             0.0
mlx5_3                   0.0         0.0             0.0             0.0
mlx5_4                   0.0         0.0             0.0             0.0
mlx5_5                   0.9         0.0             0.2             0.0
mlx5_6                   0.0         0.0             0.0             0.0
mlx5_7                   0.0         0.0             0.0             0.0
mlx5_8                   0.0         0.0             0.0             0.0
mlx5_9                   0.0         0.0             0.0             0.0
------------------------------------------------------------------------
TOTAL                    1.8         0.0             0.3             0.0

Last Update: 2025-11-22 14:28:01
Device               TX Gbps     RX Gbps    TX Total(GB)    RX Total(GB)
========================================================================
mlx5_0                   0.0         0.0             0.0             0.0
mlx5_1                   0.0         0.0             0.2             0.0
mlx5_2                   0.0         0.0             0.0             0.0
mlx5_3                   0.0         0.0             0.0             0.0
mlx5_4                   0.0         0.0             0.0             0.0
mlx5_5                   0.0         0.0             0.2             0.0
mlx5_6                   0.0         0.0             0.0             0.0
mlx5_7                   0.0         0.0             0.0             0.0
mlx5_8                   0.0         0.0             0.0             0.0
mlx5_9                   0.0         0.0             0.0             0.0
------------------------------------------------------------------------
TOTAL                    0.0         0.0             0.3             0.0

Last Update: 2025-11-22 14:28:02
Device               TX Gbps     RX Gbps    TX Total(GB)    RX Total(GB)
========================================================================
mlx5_0                   0.0         0.0             0.0             0.0
mlx5_1                   0.0         0.0             0.2             0.0
mlx5_2                   0.0         0.0             0.0             0.0
mlx5_3                   0.0         0.0             0.0             0.0
mlx5_4                   0.0         0.0             0.0             0.0
mlx5_5                   0.0         0.0             0.2             0.0
mlx5_6                   0.0         0.0             0.0             0.0
mlx5_7                   0.0         0.0             0.0             0.0
mlx5_8                   0.0         0.0             0.0             0.0
mlx5_9                   0.0         0.0             0.0             0.0
------------------------------------------------------------------------
TOTAL                    0.0         0.0             0.3             0.0

Last Update: 2025-11-22 14:28:04
Device               TX Gbps     RX Gbps    TX Total(GB)    RX Total(GB)
========================================================================
mlx5_0                   0.0         0.0             0.0             0.0
mlx5_1                   0.0         0.0             0.2             0.0
mlx5_2                   0.0         0.0             0.0             0.0
mlx5_3                   0.0         0.0             0.0             0.0
mlx5_4                   0.0         0.0             0.0             0.0
mlx5_5                   0.0         0.0             0.2             0.0
mlx5_6                   0.0         0.0             0.0             0.0
mlx5_7                   0.0         0.0             0.0             0.0
mlx5_8                   0.0         0.0             0.0             0.0
mlx5_9                   0.0         0.0             0.0             0.0
------------------------------------------------------------------------
TOTAL                    0.0         0.0             0.3             0.0

Last Update: 2025-11-22 14:28:05
Device               TX Gbps     RX Gbps    TX Total(GB)    RX Total(GB)
========================================================================
mlx5_0                   0.0         0.0             0.0             0.0
mlx5_1                   0.0         0.0             0.2             0.0
mlx5_2                   0.0         0.0             0.0             0.0
mlx5_3                   0.0         0.0             0.0             0.0
mlx5_4                   0.0         0.0             0.0             0.0
mlx5_5                   0.0         0.0             0.2             0.0
mlx5_6                   0.0         0.0             0.0             0.0
mlx5_7                   0.0         0.0             0.0             0.0
mlx5_8                   0.0         0.0             0.0             0.0
mlx5_9                   0.0         0.0             0.0             0.0
------------------------------------------------------------------------
TOTAL                    0.0         0.0             0.3             0.0

Last Update: 2025-11-22 14:28:06
Device               TX Gbps     RX Gbps    TX Total(GB)    RX Total(GB)
========================================================================
mlx5_0                   0.0         0.0             0.0             0.0
mlx5_1                   0.0         0.0             0.2             0.0
mlx5_2                   0.0         0.0             0.0             0.0
mlx5_3                   0.0         0.0             0.0             0.0
mlx5_4                   0.0         0.0             0.0             0.0
mlx5_5                   0.0         0.0             0.2             0.0
mlx5_6                   0.0         0.0             0.0             0.0
mlx5_7                   0.0         0.0             0.0             0.0
mlx5_8                   0.0         0.0             0.0             0.0
mlx5_9                   0.0         0.0             0.0             0.0
------------------------------------------------------------------------
TOTAL                    0.0         0.0             0.3             0.0

Last Update: 2025-11-22 14:28:07
Device               TX Gbps     RX Gbps    TX Total(GB)    RX Total(GB)
========================================================================
mlx5_0                   0.0         0.0             0.0             0.0
mlx5_1                   0.0         0.0             0.2             0.0
mlx5_2                   0.0         0.0             0.0             0.0
mlx5_3                   0.0         0.0             0.0             0.0
mlx5_4                   0.0         0.0             0.0             0.0
mlx5_5                   0.0         0.0             0.2             0.0
mlx5_6                   0.0         0.0             0.0             0.0
mlx5_7                   0.0         0.0             0.0             0.0
mlx5_8                   0.0         0.0             0.0             0.0
mlx5_9                   0.0         0.0             0.0             0.0
------------------------------------------------------------------------
TOTAL                    0.0         0.0             0.3             0.0

Last Update: 2025-11-22 14:28:08
Device               TX Gbps     RX Gbps    TX Total(GB)    RX Total(GB)
========================================================================
mlx5_0                   0.0         0.0             0.0             0.0
mlx5_1                   0.0         0.0             0.2             0.0
mlx5_2                   0.0         0.0             0.0             0.0
mlx5_3                   0.0         0.0             0.0             0.0
mlx5_4                   0.0         0.0             0.0             0.0
mlx5_5                   0.0         0.0             0.2             0.0
mlx5_6                   0.0         0.0             0.0             0.0
mlx5_7                   0.0         0.0             0.0             0.0
mlx5_8                   0.0         0.0             0.0             0.0
mlx5_9                   0.0         0.0             0.0             0.0
------------------------------------------------------------------------
TOTAL                    0.0         0.0             0.3             0.0

Last Update: 2025-11-22 14:28:09
Device               TX Gbps     RX Gbps    TX Total(GB)    RX Total(GB)
========================================================================
mlx5_0                   0.0         0.0             0.0             0.0
mlx5_1                   0.3         0.0             0.2             0.0
mlx5_2                   0.0         0.0             0.0             0.0
mlx5_3                   0.0         0.0             0.0             0.0
mlx5_4                   0.0         0.0             0.0             0.0
mlx5_5                   0.3         0.0             0.2             0.0
mlx5_6                   0.0         0.0             0.0             0.0
mlx5_7                   0.0         0.0             0.0             0.0
mlx5_8                   0.0         0.0             0.0             0.0
mlx5_9                   0.0         0.0             0.0             0.0
------------------------------------------------------------------------
TOTAL                    0.7         0.0             0.4             0.0

Last Update: 2025-11-22 14:28:10
Device               TX Gbps     RX Gbps    TX Total(GB)    RX Total(GB)
========================================================================
mlx5_0                   0.0         0.0             0.0             0.0
mlx5_1                   0.0         0.0             0.2             0.0
mlx5_2                   0.0         0.0             0.0             0.0
mlx5_3                   0.0         0.0             0.0             0.0
mlx5_4                   0.0         0.0             0.0             0.0
mlx5_5                   0.0         0.0             0.2             0.0
mlx5_6                   0.0         0.0             0.0             0.0
mlx5_7                   0.0         0.0             0.0             0.0
mlx5_8                   0.0         0.0             0.0             0.0
mlx5_9                   0.0         0.0             0.0             0.0
------------------------------------------------------------------------
TOTAL                    0.0         0.0             0.4             0.0

Last Update: 2025-11-22 14:28:11
Device               TX Gbps     RX Gbps    TX Total(GB)    RX Total(GB)
========================================================================
mlx5_0                   0.0         0.0             0.0             0.0
mlx5_1                   1.7         0.0             0.4             0.0
mlx5_2                   0.0         0.0             0.0             0.0
mlx5_3                   0.0         0.0             0.0             0.0
mlx5_4                   0.0         0.0             0.0             0.0
mlx5_5                   1.8         0.0             0.4             0.0
mlx5_6                   0.0         0.0             0.0             0.0
mlx5_7                   0.0         0.0             0.0             0.0
mlx5_8                   0.0         0.0             0.0             0.0
mlx5_9                   0.0         0.0             0.0             0.0
------------------------------------------------------------------------
TOTAL                    3.5         0.0             0.9             0.0

Last Update: 2025-11-22 14:28:12
Device               TX Gbps     RX Gbps    TX Total(GB)    RX Total(GB)
========================================================================
mlx5_0                   0.0         0.0             0.0             0.0
mlx5_1                   2.6         0.0             0.7             0.0
mlx5_2                   0.0         0.0             0.0             0.0
mlx5_3                   0.0         0.0             0.0             0.0
mlx5_4                   0.0         0.0             0.0             0.0
mlx5_5                   2.5         0.0             0.8             0.0
mlx5_6                   0.0         0.0             0.0             0.0
mlx5_7                   0.0         0.0             0.0             0.0
mlx5_8                   0.0         0.0             0.0             0.0
mlx5_9                   0.0         0.0             0.0             0.0
------------------------------------------------------------------------
TOTAL                    5.1         0.0             1.5             0.0

Last Update: 2025-11-22 14:28:13
Device               TX Gbps     RX Gbps    TX Total(GB)    RX Total(GB)
========================================================================
mlx5_0                   0.0         0.0             0.0             0.0
mlx5_1                   0.0         0.0             0.7             0.0
mlx5_2                   0.0         0.0             0.0             0.0
mlx5_3                   0.0         0.0             0.0             0.0
mlx5_4                   0.0         0.0             0.0             0.0
mlx5_5                   0.0         0.0             0.8             0.0
mlx5_6                   0.0         0.0             0.0             0.0
mlx5_7                   0.0         0.0             0.0             0.0
mlx5_8                   0.0         0.0             0.0             0.0
mlx5_9                   0.0         0.0             0.0             0.0
------------------------------------------------------------------------
TOTAL                    0.0         0.0             1.5             0.0

Last Update: 2025-11-22 14:28:14
Device               TX Gbps     RX Gbps    TX Total(GB)    RX Total(GB)
========================================================================
mlx5_0                   0.0         0.0             0.0             0.0
mlx5_1                   0.0         0.0             0.7             0.0
mlx5_2                   0.0         0.0             0.0             0.0
mlx5_3                   0.0         0.0             0.0             0.0
mlx5_4                   0.0         0.0             0.0             0.0
mlx5_5                   0.0         0.0             0.8             0.0
mlx5_6                   0.0         0.0             0.0             0.0
mlx5_7                   0.0         0.0             0.0             0.0
mlx5_8                   0.0         0.0             0.0             0.0
mlx5_9                   0.0         0.0             0.0             0.0
------------------------------------------------------------------------
TOTAL                    0.0         0.0             1.5             0.0

Last Update: 2025-11-22 14:28:15
Device               TX Gbps     RX Gbps    TX Total(GB)    RX Total(GB)
========================================================================
mlx5_0                   0.0         0.0             0.0             0.0
mlx5_1                   0.0         0.0             0.7             0.0
mlx5_2                   0.0         0.0             0.0             0.0
mlx5_3                   0.0         0.0             0.0             0.0
mlx5_4                   0.0         0.0             0.0             0.0
mlx5_5                   0.0         0.0             0.8             0.0
mlx5_6                   0.0         0.0             0.0             0.0
mlx5_7                   0.0         0.0             0.0             0.0
mlx5_8                   0.0         0.0             0.0             0.0
mlx5_9                   0.0         0.0             0.0             0.0
------------------------------------------------------------------------
TOTAL                    0.0         0.0             1.5             0.0

Last Update: 2025-11-22 14:28:16
Device               TX Gbps     RX Gbps    TX Total(GB)    RX Total(GB)
========================================================================
mlx5_0                   0.0         0.0             0.0             0.0
mlx5_1                   0.0         0.0             0.7             0.0
mlx5_2                   0.0         0.0             0.0             0.0
mlx5_3                   0.0         0.0             0.0             0.0
mlx5_4                   0.0         0.0             0.0             0.0
mlx5_5                   0.0         0.0             0.8             0.0
mlx5_6                   0.0         0.0             0.0             0.0
mlx5_7                   0.0         0.0             0.0             0.0
mlx5_8                   0.0         0.0             0.0             0.0
mlx5_9                   0.0         0.0             0.0             0.0
------------------------------------------------------------------------
TOTAL                    0.0         0.0             1.5             0.0

Last Update: 2025-11-22 14:28:17
Device               TX Gbps     RX Gbps    TX Total(GB)    RX Total(GB)
========================================================================
mlx5_0                   0.0         0.0             0.0             0.0
mlx5_1                   0.0         0.0             0.7             0.0
mlx5_2                   0.0         0.0             0.0             0.0
mlx5_3                   0.0         0.0             0.0             0.0
mlx5_4                   0.0         0.0             0.0             0.0
mlx5_5                   0.0         0.0             0.8             0.0
mlx5_6                   0.0         0.0             0.0             0.0
mlx5_7                   0.0         0.0             0.0             0.0
mlx5_8                   0.0         0.0             0.0             0.0
mlx5_9                   0.0         0.0             0.0             0.0
------------------------------------------------------------------------
TOTAL                    0.0         0.0             1.5             0.0

Last Update: 2025-11-22 14:28:18
Device               TX Gbps     RX Gbps    TX Total(GB)    RX Total(GB)
========================================================================
mlx5_0                   0.0         0.0             0.0             0.0
mlx5_1                   0.0         0.0             0.7             0.0
mlx5_2                   0.0         0.0             0.0             0.0
mlx5_3                   0.0         0.0             0.0             0.0
mlx5_4                   0.0         0.0             0.0             0.0
mlx5_5                   0.0         0.0             0.8             0.0
mlx5_6                   0.0         0.0             0.0             0.0
mlx5_7                   0.0         0.0             0.0             0.0
mlx5_8                   0.0         0.0             0.0             0.0
mlx5_9                   0.0         0.0             0.0             0.0
------------------------------------------------------------------------
TOTAL                    0.0         0.0             1.5             0.0

Last Update: 2025-11-22 14:28:19
Device               TX Gbps     RX Gbps    TX Total(GB)    RX Total(GB)
========================================================================
mlx5_0                   0.0         0.0             0.0             0.0
mlx5_1                   0.0         0.0             0.7             0.0
mlx5_2                   0.0         0.0             0.0             0.0
mlx5_3                   0.0         0.0             0.0             0.0
mlx5_4                   0.0         0.0             0.0             0.0
mlx5_5                   0.0         0.0             0.8             0.0
mlx5_6                   0.0         0.0             0.0             0.0
mlx5_7                   0.0         0.0             0.0             0.0
mlx5_8                   0.0         0.0             0.0             0.0
mlx5_9                   0.0         0.0             0.0             0.0
------------------------------------------------------------------------
TOTAL                    0.0         0.0             1.5             0.0

Last Update: 2025-11-22 14:28:20
Device               TX Gbps     RX Gbps    TX Total(GB)    RX Total(GB)
========================================================================
mlx5_0                   0.0         0.0             0.0             0.0
mlx5_1                   0.0         0.0             0.7             0.0
mlx5_2                   0.0         0.0             0.0             0.0
mlx5_3                   0.0         0.0             0.0             0.0
mlx5_4                   0.0         0.0             0.0             0.0
mlx5_5                   0.0         0.0             0.8             0.0
mlx5_6                   0.0         0.0             0.0             0.0
mlx5_7                   0.0         0.0             0.0             0.0
mlx5_8                   0.0         0.0             0.0             0.0
mlx5_9                   0.0         0.0             0.0             0.0
------------------------------------------------------------------------
TOTAL                    0.0         0.0             1.5             0.0

Last Update: 2025-11-22 14:28:21
Device               TX Gbps     RX Gbps    TX Total(GB)    RX Total(GB)
========================================================================
mlx5_0                   0.0         0.0             0.0             0.0
mlx5_1                   0.0         0.0             0.7             0.0
mlx5_2                   0.0         0.0             0.0             0.0
mlx5_3                   0.0         0.0             0.0             0.0
mlx5_4                   0.0         0.0             0.0             0.0
mlx5_5                   0.0         0.0             0.8             0.0
mlx5_6                   0.0         0.0             0.0             0.0
mlx5_7                   0.0         0.0             0.0             0.0
mlx5_8                   0.0         0.0             0.0             0.0
mlx5_9                   0.0         0.0             0.0             0.0
------------------------------------------------------------------------
TOTAL                    0.0         0.0             1.5             0.0

Last Update: 2025-11-22 14:28:22
Device               TX Gbps     RX Gbps    TX Total(GB)    RX Total(GB)
========================================================================
mlx5_0                   0.0         0.0             0.0             0.0
mlx5_1                   0.0         0.0             0.7             0.0
mlx5_2                   0.0         0.0             0.0             0.0
mlx5_3                   0.0         0.0             0.0             0.0
mlx5_4                   0.0         0.0             0.0             0.0
mlx5_5                   0.0         0.0             0.8             0.0
mlx5_6                   0.0         0.0             0.0             0.0
mlx5_7                   0.0         0.0             0.0             0.0
mlx5_8                   0.0         0.0             0.0             0.0
mlx5_9                   0.0         0.0             0.0             0.0
------------------------------------------------------------------------
TOTAL                    0.0         0.0             1.5             0.0

Last Update: 2025-11-22 14:28:23
Device               TX Gbps     RX Gbps    TX Total(GB)    RX Total(GB)
========================================================================
mlx5_0                   0.0         0.0             0.0             0.0
mlx5_1                   0.0         0.0             0.7             0.0
mlx5_2                   0.0         0.0             0.0             0.0
mlx5_3                   0.0         0.0             0.0             0.0
mlx5_4                   0.0         0.0             0.0             0.0
mlx5_5                   0.0         0.0             0.8             0.0
mlx5_6                   0.0         0.0             0.0             0.0
mlx5_7                   0.0         0.0             0.0             0.0
mlx5_8                   0.0         0.0             0.0             0.0
mlx5_9                   0.0         0.0             0.0             0.0
------------------------------------------------------------------------
TOTAL                    0.0         0.0             1.5             0.0

Last Update: 2025-11-22 14:28:24
Device               TX Gbps     RX Gbps    TX Total(GB)    RX Total(GB)
========================================================================
mlx5_0                   0.0         0.0             0.0             0.0
mlx5_1                   0.0         0.0             0.7             0.0
mlx5_2                   0.0         0.0             0.0             0.0
mlx5_3                   0.0         0.0             0.0             0.0
mlx5_4                   0.0         0.0             0.0             0.0
mlx5_5                   0.0         0.0             0.8             0.0
mlx5_6                   0.0         0.0             0.0             0.0
mlx5_7                   0.0         0.0             0.0             0.0
mlx5_8                   0.0         0.0             0.0             0.0
mlx5_9                   0.0         0.0             0.0             0.0
------------------------------------------------------------------------
TOTAL                    0.0         0.0             1.5             0.0

Last Update: 2025-11-22 14:28:25
Device               TX Gbps     RX Gbps    TX Total(GB)    RX Total(GB)
========================================================================
mlx5_0                   0.0         0.0             0.0             0.0
mlx5_1                   0.0         4.5             0.8             0.6
mlx5_2                   0.0         0.0             0.0             0.0
mlx5_3                   0.0         0.0             0.0             0.0
mlx5_4                   0.0         0.0             0.0             0.0
mlx5_5                   0.0         4.6             0.8             0.6
mlx5_6                   0.0         0.0             0.0             0.0
mlx5_7                   0.0         0.0             0.0             0.0
mlx5_8                   0.0         0.0             0.0             0.0
mlx5_9                   0.0         0.0             0.0             0.0
------------------------------------------------------------------------
TOTAL                    0.0         9.1             1.5             1.2

Last Update: 2025-11-22 14:28:26
Device               TX Gbps     RX Gbps    TX Total(GB)    RX Total(GB)
========================================================================
mlx5_0                   0.0         0.0             0.0             0.0
mlx5_1                   0.0         0.0             0.8             0.6
mlx5_2                   0.0         0.0             0.0             0.0
mlx5_3                   0.0         0.0             0.0             0.0
mlx5_4                   0.0         0.0             0.0             0.0
mlx5_5                   0.0         0.0             0.8             0.6
mlx5_6                   0.0         0.0             0.0             0.0
mlx5_7                   0.0         0.0             0.0             0.0
mlx5_8                   0.0         0.0             0.0             0.0
mlx5_9                   0.0         0.0             0.0             0.0
------------------------------------------------------------------------
TOTAL                    0.0         0.0             1.5             1.2

Last Update: 2025-11-22 14:28:27
Device               TX Gbps     RX Gbps    TX Total(GB)    RX Total(GB)
========================================================================
mlx5_0                   0.0         0.0             0.0             0.0
mlx5_1                   0.0         0.0             0.8             0.6
mlx5_2                   0.0         0.0             0.0             0.0
mlx5_3                   0.0         0.0             0.0             0.0
mlx5_4                   0.0         0.0             0.0             0.0
mlx5_5                   0.0         0.0             0.8             0.6
mlx5_6                   0.0         0.0             0.0             0.0
mlx5_7                   0.0         0.0             0.0             0.0
mlx5_8                   0.0         0.0             0.0             0.0
mlx5_9                   0.0         0.0             0.0             0.0
------------------------------------------------------------------------
TOTAL                    0.0         0.0             1.5             1.2

Last Update: 2025-11-22 14:28:28
Device               TX Gbps     RX Gbps    TX Total(GB)    RX Total(GB)
========================================================================
mlx5_0                   0.0         0.0             0.0             0.0
mlx5_1                   0.0         0.0             0.8             0.6
mlx5_2                   0.0         0.0             0.0             0.0
mlx5_3                   0.0         0.0             0.0             0.0
mlx5_4                   0.0         0.0             0.0             0.0
mlx5_5                   0.0         0.0             0.8             0.6
mlx5_6                   0.0         0.0             0.0             0.0
mlx5_7                   0.0         0.0             0.0             0.0
mlx5_8                   0.0         0.0             0.0             0.0
mlx5_9                   0.0         0.0             0.0             0.0
------------------------------------------------------------------------
TOTAL                    0.0         0.0             1.5             1.2

Last Update: 2025-11-22 14:28:29
Device               TX Gbps     RX Gbps    TX Total(GB)    RX Total(GB)
========================================================================
mlx5_0                   0.0         0.0             0.0             0.0
mlx5_1                   0.0         0.0             0.8             0.6
mlx5_2                   0.0         0.0             0.0             0.0
mlx5_3                   0.0         0.0             0.0             0.0
mlx5_4                   0.0         0.0             0.0             0.0
mlx5_5                   0.0         0.0             0.8             0.6
mlx5_6                   0.0         0.0             0.0             0.0
mlx5_7                   0.0         0.0             0.0             0.0
mlx5_8                   0.0         0.0             0.0             0.0
mlx5_9                   0.0         0.0             0.0             0.0
------------------------------------------------------------------------
TOTAL                    0.0         0.0             1.5             1.2

Last Update: 2025-11-22 14:28:30
Device               TX Gbps     RX Gbps    TX Total(GB)    RX Total(GB)
========================================================================
mlx5_0                   0.0         0.0             0.0             0.0
mlx5_1                   0.0         0.0             0.8             0.6
mlx5_2                   0.0         0.0             0.0             0.0
mlx5_3                   0.0         0.0             0.0             0.0
mlx5_4                   0.0         0.0             0.0             0.0
mlx5_5                   0.0         0.0             0.8             0.6
mlx5_6                   0.0         0.0             0.0             0.0
mlx5_7                   0.0         0.0             0.0             0.0
mlx5_8                   0.0         0.0             0.0             0.0
mlx5_9                   0.0         0.0             0.0             0.0
------------------------------------------------------------------------
TOTAL                    0.0         0.0             1.5             1.2

Last Update: 2025-11-22 14:28:31
Device               TX Gbps     RX Gbps    TX Total(GB)    RX Total(GB)
========================================================================
mlx5_0                   0.0         0.0             0.0             0.0
mlx5_1                   0.0         0.0             0.8             0.6
mlx5_2                   0.0         0.0             0.0             0.0
mlx5_3                   0.0         0.0             0.0             0.0
mlx5_4                   0.0         0.0             0.0             0.0
mlx5_5                   0.0         0.0             0.8             0.6
mlx5_6                   0.0         0.0             0.0             0.0
mlx5_7                   0.0         0.0             0.0             0.0
mlx5_8                   0.0         0.0             0.0             0.0
mlx5_9                   0.0         0.0             0.0             0.0
------------------------------------------------------------------------
TOTAL                    0.0         0.0             1.5             1.2

Last Update: 2025-11-22 14:28:32
Device               TX Gbps     RX Gbps    TX Total(GB)    RX Total(GB)
========================================================================
mlx5_0                   0.0         0.0             0.0             0.0
mlx5_1                   0.0         0.0             0.8             0.6
mlx5_2                   0.0         0.0             0.0             0.0
mlx5_3                   0.0         0.0             0.0             0.0
mlx5_4                   0.0         0.0             0.0             0.0
mlx5_5                   0.0         0.0             0.8             0.6
mlx5_6                   0.0         0.0             0.0             0.0
mlx5_7                   0.0         0.0             0.0             0.0
mlx5_8                   0.0         0.0             0.0             0.0
mlx5_9                   0.0         0.0             0.0             0.0
------------------------------------------------------------------------
TOTAL                    0.0         0.0             1.5             1.2

Last Update: 2025-11-22 14:28:33
Device               TX Gbps     RX Gbps    TX Total(GB)    RX Total(GB)
========================================================================
mlx5_0                   0.0         0.0             0.0             0.0
mlx5_1                   0.0         0.0             0.8             0.6
mlx5_2                   0.0         0.0             0.0             0.0
mlx5_3                   0.0         0.0             0.0             0.0
mlx5_4                   0.0         0.0             0.0             0.0
mlx5_5                   0.0         0.0             0.8             0.6
mlx5_6                   0.0         0.0             0.0             0.0
mlx5_7                   0.0         0.0             0.0             0.0
mlx5_8                   0.0         0.0             0.0             0.0
mlx5_9                   0.0         0.0             0.0             0.0
------------------------------------------------------------------------
TOTAL                    0.0         0.0             1.5             1.2

Last Update: 2025-11-22 14:28:34
Device               TX Gbps     RX Gbps    TX Total(GB)    RX Total(GB)
========================================================================
mlx5_0                   0.0         0.0             0.0             0.0
mlx5_1                   0.0         0.0             0.8             0.6
mlx5_2                   0.0         0.0             0.0             0.0
mlx5_3                   0.0         0.0             0.0             0.0
mlx5_4                   0.0         0.0             0.0             0.0
mlx5_5                   0.0         0.0             0.8             0.6
mlx5_6                   0.0         0.0             0.0             0.0
mlx5_7                   0.0         0.0             0.0             0.0
mlx5_8                   0.0         0.0             0.0             0.0
mlx5_9                   0.0         0.0             0.0             0.0
------------------------------------------------------------------------
TOTAL                    0.0         0.0             1.5             1.2

Last Update: 2025-11-22 14:28:35
Device               TX Gbps     RX Gbps    TX Total(GB)    RX Total(GB)
========================================================================
mlx5_0                   0.0         0.0             0.0             0.0
mlx5_1                   0.0         0.0             0.8             0.6
mlx5_2                   0.0         0.0             0.0             0.0
mlx5_3                   0.0         0.0             0.0             0.0
mlx5_4                   0.0         0.0             0.0             0.0
mlx5_5                   0.0         0.0             0.8             0.6
mlx5_6                   0.0         0.0             0.0             0.0
mlx5_7                   0.0         0.0             0.0             0.0
mlx5_8                   0.0         0.0             0.0             0.0
mlx5_9                   0.0         0.0             0.0             0.0
------------------------------------------------------------------------
TOTAL                    0.0         0.0             1.5             1.2

Last Update: 2025-11-22 14:28:36
Device               TX Gbps     RX Gbps    TX Total(GB)    RX Total(GB)
========================================================================
mlx5_0                   0.0         0.0             0.0             0.0
mlx5_1                   0.0         0.0             0.8             0.6
mlx5_2                   0.0         0.0             0.0             0.0
mlx5_3                   0.0         0.0             0.0             0.0
mlx5_4                   0.0         0.0             0.0             0.0
mlx5_5                   0.0         0.0             0.8             0.6
mlx5_6                   0.0         0.0             0.0             0.0
mlx5_7                   0.0         0.0             0.0             0.0
mlx5_8                   0.0         0.0             0.0             0.0
mlx5_9                   0.0         0.0             0.0             0.0
------------------------------------------------------------------------
TOTAL                    0.0         0.0             1.5             1.2

Last Update: 2025-11-22 14:28:37
Device               TX Gbps     RX Gbps    TX Total(GB)    RX Total(GB)
========================================================================
mlx5_0                   0.0         0.0             0.0             0.0
mlx5_1                   0.0         0.0             0.8             0.6
mlx5_2                   0.0         0.0             0.0             0.0
mlx5_3                   0.0         0.0             0.0             0.0
mlx5_4                   0.0         0.0             0.0             0.0
mlx5_5                   0.0         0.0             0.8             0.6
mlx5_6                   0.0         0.0             0.0             0.0
mlx5_7                   0.0         0.0             0.0             0.0
mlx5_8                   0.0         0.0             0.0             0.0
mlx5_9                   0.0         0.0             0.0             0.0
------------------------------------------------------------------------
TOTAL                    0.0         0.0             1.5             1.2

Last Update: 2025-11-22 14:28:38
Device               TX Gbps     RX Gbps    TX Total(GB)    RX Total(GB)
========================================================================
mlx5_0                   0.0         0.0             0.0             0.0
mlx5_1                   2.4         1.6             1.0             0.8
mlx5_2                   0.0         0.0             0.0             0.0
mlx5_3                   0.0         0.0             0.0             0.0
mlx5_4                   0.0         0.0             0.0             0.0
mlx5_5                   2.2         1.6             1.0             0.8
mlx5_6                   0.0         0.0             0.0             0.0
mlx5_7                   0.0         0.0             0.0             0.0
mlx5_8                   0.0         0.0             0.0             0.0
mlx5_9                   0.0         0.0             0.0             0.0
------------------------------------------------------------------------
TOTAL                    4.6         3.2             2.1             1.5

Last Update: 2025-11-22 14:28:39
Device               TX Gbps     RX Gbps    TX Total(GB)    RX Total(GB)
========================================================================
mlx5_0                   0.0         0.0             0.0             0.0
mlx5_1                  20.8         0.0             3.7             0.8
mlx5_2                   0.0         0.0             0.0             0.0
mlx5_3                   0.0         0.0             0.0             0.0
mlx5_4                   0.0         0.0             0.0             0.0
mlx5_5                  20.7         0.0             3.6             0.8
mlx5_6                   0.0         0.0             0.0             0.0
mlx5_7                   0.0         0.0             0.0             0.0
mlx5_8                   0.0         0.0             0.0             0.0
mlx5_9                   0.0         0.0             0.0             0.0
------------------------------------------------------------------------
TOTAL                   41.5         0.1             7.3             1.6

Last Update: 2025-11-22 14:28:40
Device               TX Gbps     RX Gbps    TX Total(GB)    RX Total(GB)
========================================================================
mlx5_0                   0.0         0.0             0.0             0.0
mlx5_1                  22.3         0.0             6.5             0.8
mlx5_2                   0.0         0.0             0.0             0.0
mlx5_3                   0.0         0.0             0.0             0.0
mlx5_4                   0.0         0.0             0.0             0.0
mlx5_5                  22.5         0.0             6.5             0.8
mlx5_6                   0.0         0.0             0.0             0.0
mlx5_7                   0.0         0.0             0.0             0.0
mlx5_8                   0.0         0.0             0.0             0.0
mlx5_9                   0.0         0.0             0.0             0.0
------------------------------------------------------------------------
TOTAL                   44.8         0.1            12.9             1.6

Last Update: 2025-11-22 14:28:41
Device               TX Gbps     RX Gbps    TX Total(GB)    RX Total(GB)
========================================================================
mlx5_0                   0.0         0.0             0.0             0.0
mlx5_1                   0.0         0.0             6.5             0.8
mlx5_2                   0.0         0.0             0.0             0.0
mlx5_3                   0.0         0.0             0.0             0.0
mlx5_4                   0.0         0.0             0.0             0.0
mlx5_5                   0.0         0.0             6.5             0.8
mlx5_6                   0.0         0.0             0.0             0.0
mlx5_7                   0.0         0.0             0.0             0.0
mlx5_8                   0.0         0.0             0.0             0.0
mlx5_9                   0.0         0.0             0.0             0.0
------------------------------------------------------------------------
TOTAL                    0.0         0.0            12.9             1.6

Last Update: 2025-11-22 14:28:42
Device               TX Gbps     RX Gbps    TX Total(GB)    RX Total(GB)
========================================================================
mlx5_0                   0.0         0.0             0.0             0.0
mlx5_1                   0.0         0.0             6.5             0.8
mlx5_2                   0.0         0.0             0.0             0.0
mlx5_3                   0.0         0.0             0.0             0.0
mlx5_4                   0.0         0.0             0.0             0.0
mlx5_5                   0.0         0.0             6.5             0.8
mlx5_6                   0.0         0.0             0.0             0.0
mlx5_7                   0.0         0.0             0.0             0.0
mlx5_8                   0.0         0.0             0.0             0.0
mlx5_9                   0.0         0.0             0.0             0.0
------------------------------------------------------------------------
TOTAL                    0.0         0.0            12.9             1.6

Last Update: 2025-11-22 14:28:43
Device               TX Gbps     RX Gbps    TX Total(GB)    RX Total(GB)
========================================================================
mlx5_0                   0.0         0.0             0.0             0.0
mlx5_1                   0.0         0.0             6.5             0.8
mlx5_2                   0.0         0.0             0.0             0.0
mlx5_3                   0.0         0.0             0.0             0.0
mlx5_4                   0.0         0.0             0.0             0.0
mlx5_5                   0.0         0.0             6.5             0.8
mlx5_6                   0.0         0.0             0.0             0.0
mlx5_7                   0.0         0.0             0.0             0.0
mlx5_8                   0.0         0.0             0.0             0.0
mlx5_9                   0.0         0.0             0.0             0.0
------------------------------------------------------------------------
TOTAL                    0.0         0.0            12.9             1.6

Last Update: 2025-11-22 14:28:44
Device               TX Gbps     RX Gbps    TX Total(GB)    RX Total(GB)
========================================================================
mlx5_0                   0.0         0.0             0.0             0.0
mlx5_1                   0.0         0.0             6.5             0.8
mlx5_2                   0.0         0.0             0.0             0.0
mlx5_3                   0.0         0.0             0.0             0.0
mlx5_4                   0.0         0.0             0.0             0.0
mlx5_5                   0.0         0.0             6.5             0.8
mlx5_6                   0.0         0.0             0.0             0.0
mlx5_7                   0.0         0.0             0.0             0.0
mlx5_8                   0.0         0.0             0.0             0.0
mlx5_9                   0.0         0.0             0.0             0.0
------------------------------------------------------------------------
TOTAL                    0.0         0.0            12.9             1.6

Last Update: 2025-11-22 14:28:45
Device               TX Gbps     RX Gbps    TX Total(GB)    RX Total(GB)
========================================================================
mlx5_0                   0.0         0.0             0.0             0.0
mlx5_1                   0.0         0.0             6.5             0.8
mlx5_2                   0.0         0.0             0.0             0.0
mlx5_3                   0.0         0.0             0.0             0.0
mlx5_4                   0.0         0.0             0.0             0.0
mlx5_5                   0.0         0.0             6.5             0.8
mlx5_6                   0.0         0.0             0.0             0.0
mlx5_7                   0.0         0.0             0.0             0.0
mlx5_8                   0.0         0.0             0.0             0.0
mlx5_9                   0.0         0.0             0.0             0.0
------------------------------------------------------------------------
TOTAL                    0.0         0.0            12.9             1.6

Last Update: 2025-11-22 14:28:46
Device               TX Gbps     RX Gbps    TX Total(GB)    RX Total(GB)
========================================================================
mlx5_0                   0.0         0.0             0.0             0.0
mlx5_1                   0.0         0.0             6.5             0.8
mlx5_2                   0.0         0.0             0.0             0.0
mlx5_3                   0.0         0.0             0.0             0.0
mlx5_4                   0.0         0.0             0.0             0.0
mlx5_5                   0.0         0.0             6.5             0.8
mlx5_6                   0.0         0.0             0.0             0.0
mlx5_7                   0.0         0.0             0.0             0.0
mlx5_8                   0.0         0.0             0.0             0.0
mlx5_9                   0.0         0.0             0.0             0.0
------------------------------------------------------------------------
TOTAL                    0.0         0.0            12.9             1.6

Last Update: 2025-11-22 14:28:47
Device               TX Gbps     RX Gbps    TX Total(GB)    RX Total(GB)
========================================================================
mlx5_0                   0.0         0.0             0.0             0.0
mlx5_1                   0.0         0.0             6.5             0.8
mlx5_2                   0.0         0.0             0.0             0.0
mlx5_3                   0.0         0.0             0.0             0.0
mlx5_4                   0.0         0.0             0.0             0.0
mlx5_5                   0.0         0.0             6.5             0.8
mlx5_6                   0.0         0.0             0.0             0.0
mlx5_7                   0.0         0.0             0.0             0.0
mlx5_8                   0.0         0.0             0.0             0.0
mlx5_9                   0.0         0.0             0.0             0.0
------------------------------------------------------------------------
TOTAL                    0.0         0.0            12.9             1.6

Last Update: 2025-11-22 14:28:48
Device               TX Gbps     RX Gbps    TX Total(GB)    RX Total(GB)
========================================================================
mlx5_0                   0.0         0.0             0.0             0.0
mlx5_1                   0.0         0.0             6.5             0.8
mlx5_2                   0.0         0.0             0.0             0.0
mlx5_3                   0.0         0.0             0.0             0.0
mlx5_4                   0.0         0.0             0.0             0.0
mlx5_5                   0.0         0.0             6.5             0.8
mlx5_6                   0.0         0.0             0.0             0.0
mlx5_7                   0.0         0.0             0.0             0.0
mlx5_8                   0.0         0.0             0.0             0.0
mlx5_9                   0.0         0.0             0.0             0.0
------------------------------------------------------------------------
TOTAL                    0.0         0.0            12.9             1.6

Last Update: 2025-11-22 14:28:49
Device               TX Gbps     RX Gbps    TX Total(GB)    RX Total(GB)
========================================================================
mlx5_0                   0.0         0.0             0.0             0.0
mlx5_1                   0.0         0.0             6.5             0.8
mlx5_2                   0.0         0.0             0.0             0.0
mlx5_3                   0.0         0.0             0.0             0.0
mlx5_4                   0.0         0.0             0.0             0.0
mlx5_5                   0.0         0.0             6.5             0.8
mlx5_6                   0.0         0.0             0.0             0.0
mlx5_7                   0.0         0.0             0.0             0.0
mlx5_8                   0.0         0.0             0.0             0.0
mlx5_9                   0.0         0.0             0.0             0.0
------------------------------------------------------------------------
TOTAL                    0.0         0.0            12.9             1.6

Last Update: 2025-11-22 14:28:50
Device               TX Gbps     RX Gbps    TX Total(GB)    RX Total(GB)
========================================================================
mlx5_0                   0.0         0.0             0.0             0.0
mlx5_1                   0.0         0.0             6.5             0.8
mlx5_2                   0.0         0.0             0.0             0.0
mlx5_3                   0.0         0.0             0.0             0.0
mlx5_4                   0.0         0.0             0.0             0.0
mlx5_5                   0.0         0.0             6.5             0.8
mlx5_6                   0.0         0.0             0.0             0.0
mlx5_7                   0.0         0.0             0.0             0.0
mlx5_8                   0.0         0.0             0.0             0.0
mlx5_9                   0.0         0.0             0.0             0.0
------------------------------------------------------------------------
TOTAL                    0.0         0.0            12.9             1.6

Last Update: 2025-11-22 14:28:51
Device               TX Gbps     RX Gbps    TX Total(GB)    RX Total(GB)
========================================================================
mlx5_0                   0.0         0.0             0.0             0.0
mlx5_1                   0.0         0.0             6.5             0.8
mlx5_2                   0.0         0.0             0.0             0.0
mlx5_3                   0.0         0.0             0.0             0.0
mlx5_4                   0.0         0.0             0.0             0.0
mlx5_5                   0.0         0.0             6.5             0.8
mlx5_6                   0.0         0.0             0.0             0.0
mlx5_7                   0.0         0.0             0.0             0.0
mlx5_8                   0.0         0.0             0.0             0.0
mlx5_9                   0.0         0.0             0.0             0.0
------------------------------------------------------------------------
TOTAL                    0.0         0.0            12.9             1.6

Last Update: 2025-11-22 14:28:52
Device               TX Gbps     RX Gbps    TX Total(GB)    RX Total(GB)
========================================================================
mlx5_0                   0.0         0.0             0.0             0.0
mlx5_1                   0.0         4.2             6.5             1.3
mlx5_2                   0.0         0.0             0.0             0.0
mlx5_3                   0.0         0.0             0.0             0.0
mlx5_4                   0.0         0.0             0.0             0.0
mlx5_5                   0.0         4.4             6.5             1.3
mlx5_6                   0.0         0.0             0.0             0.0
mlx5_7                   0.0         0.0             0.0             0.0
mlx5_8                   0.0         0.0             0.0             0.0
mlx5_9                   0.0         0.0             0.0             0.0
------------------------------------------------------------------------
TOTAL                    0.0         8.6            12.9             2.6

Last Update: 2025-11-22 14:28:53
Device               TX Gbps     RX Gbps    TX Total(GB)    RX Total(GB)
========================================================================
mlx5_0                   0.0         0.0             0.0             0.0
mlx5_1                   0.1        43.0             6.5             6.7
mlx5_2                   0.0         0.0             0.0             0.0
mlx5_3                   0.0         0.0             0.0             0.0
mlx5_4                   0.0         0.0             0.0             0.0
mlx5_5                   0.1        43.7             6.5             6.8
mlx5_6                   0.0         0.0             0.0             0.0
mlx5_7                   0.0         0.0             0.0             0.0
mlx5_8                   0.0         0.0             0.0             0.0
mlx5_9                   0.0         0.0             0.0             0.0
------------------------------------------------------------------------
TOTAL                    0.2        86.6            13.0            13.5

Last Update: 2025-11-22 14:28:54
Device               TX Gbps     RX Gbps    TX Total(GB)    RX Total(GB)
========================================================================
mlx5_0                   0.0         0.0             0.0             0.0
mlx5_1                   0.0         0.0             6.5             6.7
mlx5_2                   0.0         0.0             0.0             0.0
mlx5_3                   0.0         0.0             0.0             0.0
mlx5_4                   0.0         0.0             0.0             0.0
mlx5_5                   0.0         0.0             6.5             6.8
mlx5_6                   0.0         0.0             0.0             0.0
mlx5_7                   0.0         0.0             0.0             0.0
mlx5_8                   0.0         0.0             0.0             0.0
mlx5_9                   0.0         0.0             0.0             0.0
------------------------------------------------------------------------
TOTAL                    0.0         0.0            13.0            13.5

Last Update: 2025-11-22 14:28:55
Device               TX Gbps     RX Gbps    TX Total(GB)    RX Total(GB)
========================================================================
mlx5_0                   0.0         0.0             0.0             0.0
mlx5_1                   0.0         0.0             6.5             6.7
mlx5_2                   0.0         0.0             0.0             0.0
mlx5_3                   0.0         0.0             0.0             0.0
mlx5_4                   0.0         0.0             0.0             0.0
mlx5_5                   0.0         0.0             6.5             6.8
mlx5_6                   0.0         0.0             0.0             0.0
mlx5_7                   0.0         0.0             0.0             0.0
mlx5_8                   0.0         0.0             0.0             0.0
mlx5_9                   0.0         0.0             0.0             0.0
------------------------------------------------------------------------
TOTAL                    0.0         0.0            13.0            13.5

Last Update: 2025-11-22 14:28:56
Device               TX Gbps     RX Gbps    TX Total(GB)    RX Total(GB)
========================================================================
mlx5_0                   0.0         0.0             0.0             0.0
mlx5_1                   0.0         0.0             6.5             6.7
mlx5_2                   0.0         0.0             0.0             0.0
mlx5_3                   0.0         0.0             0.0             0.0
mlx5_4                   0.0         0.0             0.0             0.0
mlx5_5                   0.0         0.0             6.5             6.8
mlx5_6                   0.0         0.0             0.0             0.0
mlx5_7                   0.0         0.0             0.0             0.0
mlx5_8                   0.0         0.0             0.0             0.0
mlx5_9                   0.0         0.0             0.0             0.0
------------------------------------------------------------------------
TOTAL                    0.0         0.0            13.0            13.5

Last Update: 2025-11-22 14:28:57
Device               TX Gbps     RX Gbps    TX Total(GB)    RX Total(GB)
========================================================================
mlx5_0                   0.0         0.0             0.0             0.0
mlx5_1                   0.0         0.0             6.5             6.7
mlx5_2                   0.0         0.0             0.0             0.0
mlx5_3                   0.0         0.0             0.0             0.0
mlx5_4                   0.0         0.0             0.0             0.0
mlx5_5                   0.0         0.0             6.5             6.8
mlx5_6                   0.0         0.0             0.0             0.0
mlx5_7                   0.0         0.0             0.0             0.0
mlx5_8                   0.0         0.0             0.0             0.0
mlx5_9                   0.0         0.0             0.0             0.0
------------------------------------------------------------------------
TOTAL                    0.0         0.0            13.0            13.5

Last Update: 2025-11-22 14:28:58
Device               TX Gbps     RX Gbps    TX Total(GB)    RX Total(GB)
========================================================================
mlx5_0                   0.0         0.0             0.0             0.0
mlx5_1                   0.0         0.0             6.5             6.7
mlx5_2                   0.0         0.0             0.0             0.0
mlx5_3                   0.0         0.0             0.0             0.0
mlx5_4                   0.0         0.0             0.0             0.0
mlx5_5                   0.0         0.0             6.5             6.8
mlx5_6                   0.0         0.0             0.0             0.0
mlx5_7                   0.0         0.0             0.0             0.0
mlx5_8                   0.0         0.0             0.0             0.0
mlx5_9                   0.0         0.0             0.0             0.0
------------------------------------------------------------------------
TOTAL                    0.0         0.0            13.0            13.5

Last Update: 2025-11-22 14:28:59
Device               TX Gbps     RX Gbps    TX Total(GB)    RX Total(GB)
========================================================================
mlx5_0                   0.0         0.0             0.0             0.0
mlx5_1                   0.0         0.0             6.5             6.7
mlx5_2                   0.0         0.0             0.0             0.0
mlx5_3                   0.0         0.0             0.0             0.0
mlx5_4                   0.0         0.0             0.0             0.0
mlx5_5                   0.0         0.0             6.5             6.8
mlx5_6                   0.0         0.0             0.0             0.0
mlx5_7                   0.0         0.0             0.0             0.0
mlx5_8                   0.0         0.0             0.0             0.0
mlx5_9                   0.0         0.0             0.0             0.0
------------------------------------------------------------------------
TOTAL                    0.0         0.0            13.0            13.5

Last Update: 2025-11-22 14:29:00
Device               TX Gbps     RX Gbps    TX Total(GB)    RX Total(GB)
========================================================================
mlx5_0                   0.0         0.0             0.0             0.0
mlx5_1                   0.0         0.0             6.5             6.7
mlx5_2                   0.0         0.0             0.0             0.0
mlx5_3                   0.0         0.0             0.0             0.0
mlx5_4                   0.0         0.0             0.0             0.0
mlx5_5                   0.0         0.0             6.5             6.8
mlx5_6                   0.0         0.0             0.0             0.0
mlx5_7                   0.0         0.0             0.0             0.0
mlx5_8                   0.0         0.0             0.0             0.0
mlx5_9                   0.0         0.0             0.0             0.0
------------------------------------------------------------------------
TOTAL                    0.0         0.0            13.0            13.5

Last Update: 2025-11-22 14:29:01
Device               TX Gbps     RX Gbps    TX Total(GB)    RX Total(GB)
========================================================================
mlx5_0                   0.0         0.0             0.0             0.0
mlx5_1                   0.0         0.0             6.5             6.7
mlx5_2                   0.0         0.0             0.0             0.0
mlx5_3                   0.0         0.0             0.0             0.0
mlx5_4                   0.0         0.0             0.0             0.0
mlx5_5                   0.0         0.0             6.5             6.8
mlx5_6                   0.0         0.0             0.0             0.0
mlx5_7                   0.0         0.0             0.0             0.0
mlx5_8                   0.0         0.0             0.0             0.0
mlx5_9                   0.0         0.0             0.0             0.0
------------------------------------------------------------------------
TOTAL                    0.0         0.0            13.0            13.5

Last Update: 2025-11-22 14:29:02
Device               TX Gbps     RX Gbps    TX Total(GB)    RX Total(GB)
========================================================================
mlx5_0                   0.0         0.0             0.0             0.0
mlx5_1                   0.0         0.0             6.5             6.7
mlx5_2                   0.0         0.0             0.0             0.0
mlx5_3                   0.0         0.0             0.0             0.0
mlx5_4                   0.0         0.0             0.0             0.0
mlx5_5                   0.0         0.0             6.5             6.8
mlx5_6                   0.0         0.0             0.0             0.0
mlx5_7                   0.0         0.0             0.0             0.0
mlx5_8                   0.0         0.0             0.0             0.0
mlx5_9                   0.0         0.0             0.0             0.0
------------------------------------------------------------------------
TOTAL                    0.0         0.0            13.0            13.5

Last Update: 2025-11-22 14:29:03
Device               TX Gbps     RX Gbps    TX Total(GB)    RX Total(GB)
========================================================================
mlx5_0                   0.0         0.0             0.0             0.0
mlx5_1                   0.0         0.0             6.5             6.7
mlx5_2                   0.0         0.0             0.0             0.0
mlx5_3                   0.0         0.0             0.0             0.0
mlx5_4                   0.0         0.0             0.0             0.0
mlx5_5                   0.0         0.0             6.5             6.8
mlx5_6                   0.0         0.0             0.0             0.0
mlx5_7                   0.0         0.0             0.0             0.0
mlx5_8                   0.0         0.0             0.0             0.0
mlx5_9                   0.0         0.0             0.0             0.0
------------------------------------------------------------------------
TOTAL                    0.0         0.0            13.0            13.5

Last Update: 2025-11-22 14:29:04
Device               TX Gbps     RX Gbps    TX Total(GB)    RX Total(GB)
========================================================================
mlx5_0                   0.0         0.0             0.0             0.0
mlx5_1                   0.0         0.0             6.5             6.7
mlx5_2                   0.0         0.0             0.0             0.0
mlx5_3                   0.0         0.0             0.0             0.0
mlx5_4                   0.0         0.0             0.0             0.0
mlx5_5                   0.0         0.0             6.5             6.8
mlx5_6                   0.0         0.0             0.0             0.0
mlx5_7                   0.0         0.0             0.0             0.0
mlx5_8                   0.0         0.0             0.0             0.0
mlx5_9                   0.0         0.0             0.0             0.0
------------------------------------------------------------------------
TOTAL                    0.0         0.0            13.0            13.5

Last Update: 2025-11-22 14:29:05
Device               TX Gbps     RX Gbps    TX Total(GB)    RX Total(GB)
========================================================================
mlx5_0                   0.0         0.0             0.0             0.0
mlx5_1                   0.0         0.0             6.5             6.7
mlx5_2                   0.0         0.0             0.0             0.0
mlx5_3                   0.0         0.0             0.0             0.0
mlx5_4                   0.0         0.0             0.0             0.0
mlx5_5                   0.0         0.0             6.5             6.8
mlx5_6                   0.0         0.0             0.0             0.0
mlx5_7                   0.0         0.0             0.0             0.0
mlx5_8                   0.0         0.0             0.0             0.0
mlx5_9                   0.0         0.0             0.0             0.0
------------------------------------------------------------------------
TOTAL                    0.0         0.0            13.0            13.5

Last Update: 2025-11-22 14:29:06
Device               TX Gbps     RX Gbps    TX Total(GB)    RX Total(GB)
========================================================================
mlx5_0                   0.0         0.0             0.0             0.0
mlx5_1                   0.0         1.2             6.5             6.8
mlx5_2                   0.0         0.0             0.0             0.0
mlx5_3                   0.0         0.0             0.0             0.0
mlx5_4                   0.0         0.0             0.0             0.0
mlx5_5                   0.0         1.2             6.5             7.0
mlx5_6                   0.0         0.0             0.0             0.0
mlx5_7                   0.0         0.0             0.0             0.0
mlx5_8                   0.0         0.0             0.0             0.0
mlx5_9                   0.0         0.0             0.0             0.0
------------------------------------------------------------------------
TOTAL                    0.0         2.3            13.0            13.8

Last Update: 2025-11-22 14:29:07
Device               TX Gbps     RX Gbps    TX Total(GB)    RX Total(GB)
========================================================================
mlx5_0                   0.0         0.0             0.0             0.0
mlx5_1                  18.7         0.0             8.8             6.8
mlx5_2                   0.0         0.0             0.0             0.0
mlx5_3                   0.0         0.0             0.0             0.0
mlx5_4                   0.0         0.0             0.0             0.0
mlx5_5                  18.6         0.0             8.8             7.0
mlx5_6                   0.0         0.0             0.0             0.0
mlx5_7                   0.0         0.0             0.0             0.0
mlx5_8                   0.0         0.0             0.0             0.0
mlx5_9                   0.0         0.0             0.0             0.0
------------------------------------------------------------------------
TOTAL                   37.2         0.0            17.6            13.8

Last Update: 2025-11-22 14:29:08
Device               TX Gbps     RX Gbps    TX Total(GB)    RX Total(GB)
========================================================================
mlx5_0                   0.0         0.0             0.0             0.0
mlx5_1                   3.0        23.5             9.2             9.8
mlx5_2                   0.0         0.0             0.0             0.0
mlx5_3                   0.0         0.0             0.0             0.0
mlx5_4                   0.0         0.0             0.0             0.0
mlx5_5                   3.2        24.5             9.2            10.1
mlx5_6                   0.0         0.0             0.0             0.0
mlx5_7                   0.0         0.0             0.0             0.0
mlx5_8                   0.0         0.0             0.0             0.0
mlx5_9                   0.0         0.0             0.0             0.0
------------------------------------------------------------------------
TOTAL                    6.2        47.9            18.4            19.8

Last Update: 2025-11-22 14:29:09
Device               TX Gbps     RX Gbps    TX Total(GB)    RX Total(GB)
========================================================================
mlx5_0                   0.0         0.0             0.0             0.0
mlx5_1                  18.6         0.9            11.5             9.9
mlx5_2                   0.0         0.0             0.0             0.0
mlx5_3                   0.0         0.0             0.0             0.0
mlx5_4                   0.0         0.0             0.0             0.0
mlx5_5                  18.6         1.5            11.6            10.2
mlx5_6                   0.0         0.0             0.0             0.0
mlx5_7                   0.0         0.0             0.0             0.0
mlx5_8                   0.0         0.0             0.0             0.0
mlx5_9                   0.0         0.0             0.0             0.0
------------------------------------------------------------------------
TOTAL                   37.2         2.4            23.1            20.1

Last Update: 2025-11-22 14:29:10
Device               TX Gbps     RX Gbps    TX Total(GB)    RX Total(GB)
========================================================================
mlx5_0                   0.0         0.0             0.0             0.0
mlx5_1                  17.8         1.2            13.8            10.1
mlx5_2                   0.0         0.0             0.0             0.0
mlx5_3                   0.0         0.0             0.0             0.0
mlx5_4                   0.0         0.0             0.0             0.0
mlx5_5                  18.3         1.1            13.9            10.4
mlx5_6                   0.0         0.0             0.0             0.0
mlx5_7                   0.0         0.0             0.0             0.0
mlx5_8                   0.0         0.0             0.0             0.0
mlx5_9                   0.0         0.0             0.0             0.0
------------------------------------------------------------------------
TOTAL                   36.1         2.4            27.6            20.4

Last Update: 2025-11-22 14:29:11
Device               TX Gbps     RX Gbps    TX Total(GB)    RX Total(GB)
========================================================================
mlx5_0                   0.0         0.0             0.0             0.0
mlx5_1                  18.0         1.2            16.0            10.2
mlx5_2                   0.0         0.0             0.0             0.0
mlx5_3                   0.0         0.0             0.0             0.0
mlx5_4                   0.0         0.0             0.0             0.0
mlx5_5                  18.1         1.2            16.1            10.5
mlx5_6                   0.0         0.0             0.0             0.0
mlx5_7                   0.0         0.0             0.0             0.0
mlx5_8                   0.0         0.0             0.0             0.0
mlx5_9                   0.0         0.0             0.0             0.0
------------------------------------------------------------------------
TOTAL                   36.1         2.4            32.2            20.7

Last Update: 2025-11-22 14:29:12
Device               TX Gbps     RX Gbps    TX Total(GB)    RX Total(GB)
========================================================================
mlx5_0                   0.0         0.0             0.0             0.0
mlx5_1                  19.0         1.2            18.4            10.4
mlx5_2                   0.0         0.0             0.0             0.0
mlx5_3                   0.0         0.0             0.0             0.0
mlx5_4                   0.0         0.0             0.0             0.0
mlx5_5                  19.4         1.2            18.6            10.7
mlx5_6                   0.0         0.0             0.0             0.0
mlx5_7                   0.0         0.0             0.0             0.0
mlx5_8                   0.0         0.0             0.0             0.0
mlx5_9                   0.0         0.0             0.0             0.0
------------------------------------------------------------------------
TOTAL                   38.5         2.4            37.0            21.0

Last Update: 2025-11-22 14:29:13
Device               TX Gbps     RX Gbps    TX Total(GB)    RX Total(GB)
========================================================================
mlx5_0                   0.0         0.0             0.0             0.0
mlx5_1                  18.1         1.2            20.7            10.5
mlx5_2                   0.0         0.0             0.0             0.0
mlx5_3                   0.0         0.0             0.0             0.0
mlx5_4                   0.0         0.0             0.0             0.0
mlx5_5                  18.0         1.2            20.8            10.8
mlx5_6                   0.0         0.0             0.0             0.0
mlx5_7                   0.0         0.0             0.0             0.0
mlx5_8                   0.0         0.0             0.0             0.0
mlx5_9                   0.0         0.0             0.0             0.0
------------------------------------------------------------------------
TOTAL                   36.1         2.4            41.5            21.3

Last Update: 2025-11-22 14:29:14
Device               TX Gbps     RX Gbps    TX Total(GB)    RX Total(GB)
========================================================================
mlx5_0                   0.0         0.0             0.0             0.0
mlx5_1                  19.1         1.2            23.1            10.7
mlx5_2                   0.0         0.0             0.0             0.0
mlx5_3                   0.0         0.0             0.0             0.0
mlx5_4                   0.0         0.0             0.0             0.0
mlx5_5                  19.4         1.2            23.3            11.0
mlx5_6                   0.0         0.0             0.0             0.0
mlx5_7                   0.0         0.0             0.0             0.0
mlx5_8                   0.0         0.0             0.0             0.0
mlx5_9                   0.0         0.0             0.0             0.0
------------------------------------------------------------------------
TOTAL                   38.4         2.4            46.4            21.6

Last Update: 2025-11-22 14:29:15
Device               TX Gbps     RX Gbps    TX Total(GB)    RX Total(GB)
========================================================================
mlx5_0                   0.0         0.0             0.0             0.0
mlx5_1                  17.9         0.0            25.3            10.7
mlx5_2                   0.0         0.0             0.0             0.0
mlx5_3                   0.0         0.0             0.0             0.0
mlx5_4                   0.0         0.0             0.0             0.0
mlx5_5                  18.2         0.0            25.6            11.0
mlx5_6                   0.0         0.0             0.0             0.0
mlx5_7                   0.0         0.0             0.0             0.0
mlx5_8                   0.0         0.0             0.0             0.0
mlx5_9                   0.0         0.0             0.0             0.0
------------------------------------------------------------------------
TOTAL                   36.2         0.0            50.9            21.7

Last Update: 2025-11-22 14:29:16
Device               TX Gbps     RX Gbps    TX Total(GB)    RX Total(GB)
========================================================================
mlx5_0                   0.0         0.0             0.0             0.0
mlx5_1                  18.4         1.2            27.7            10.8
mlx5_2                   0.0         0.0             0.0             0.0
mlx5_3                   0.0         0.0             0.0             0.0
mlx5_4                   0.0         0.0             0.0             0.0
mlx5_5                  18.8         1.2            27.9            11.1
mlx5_6                   0.0         0.0             0.0             0.0
mlx5_7                   0.0         0.0             0.0             0.0
mlx5_8                   0.0         0.0             0.0             0.0
mlx5_9                   0.0         0.0             0.0             0.0
------------------------------------------------------------------------
TOTAL                   37.2         2.4            55.6            21.9

Last Update: 2025-11-22 14:29:17
Device               TX Gbps     RX Gbps    TX Total(GB)    RX Total(GB)
========================================================================
mlx5_0                   0.0         0.0             0.0             0.0
mlx5_1                  19.1         1.2            30.1            11.0
mlx5_2                   0.0         0.0             0.0             0.0
mlx5_3                   0.0         0.0             0.0             0.0
mlx5_4                   0.0         0.0             0.0             0.0
mlx5_5                  19.3         1.2            30.3            11.3
mlx5_6                   0.0         0.0             0.0             0.0
mlx5_7                   0.0         0.0             0.0             0.0
mlx5_8                   0.0         0.0             0.0             0.0
mlx5_9                   0.0         0.0             0.0             0.0
------------------------------------------------------------------------
TOTAL                   38.5         2.4            60.4            22.2

Last Update: 2025-11-22 14:29:18
Device               TX Gbps     RX Gbps    TX Total(GB)    RX Total(GB)
========================================================================
mlx5_0                   0.0         0.0             0.0             0.0
mlx5_1                  18.0         1.1            32.3            11.1
mlx5_2                   0.0         0.0             0.0             0.0
mlx5_3                   0.0         0.0             0.0             0.0
mlx5_4                   0.0         0.0             0.0             0.0
mlx5_5                  18.0         1.3            32.6            11.4
mlx5_6                   0.0         0.0             0.0             0.0
mlx5_7                   0.0         0.0             0.0             0.0
mlx5_8                   0.0         0.0             0.0             0.0
mlx5_9                   0.0         0.0             0.0             0.0
------------------------------------------------------------------------
TOTAL                   36.0         2.4            64.9            22.5

Last Update: 2025-11-22 14:29:19
Device               TX Gbps     RX Gbps    TX Total(GB)    RX Total(GB)
========================================================================
mlx5_0                   0.0         0.0             0.0             0.0
mlx5_1                  19.1         1.2            34.7            11.3
mlx5_2                   0.0         0.0             0.0             0.0
mlx5_3                   0.0         0.0             0.0             0.0
mlx5_4                   0.0         0.0             0.0             0.0
mlx5_5                  19.4         1.2            35.0            11.6
mlx5_6                   0.0         0.0             0.0             0.0
mlx5_7                   0.0         0.0             0.0             0.0
mlx5_8                   0.0         0.0             0.0             0.0
mlx5_9                   0.0         0.0             0.0             0.0
------------------------------------------------------------------------
TOTAL                   38.5         2.4            69.8            22.8

Last Update: 2025-11-22 14:29:20
Device               TX Gbps     RX Gbps    TX Total(GB)    RX Total(GB)
========================================================================
mlx5_0                   0.0         0.0             0.0             0.0
mlx5_1                  18.2         1.1            37.0            11.4
mlx5_2                   0.0         0.0             0.0             0.0
mlx5_3                   0.0         0.0             0.0             0.0
mlx5_4                   0.0         0.0             0.0             0.0
mlx5_5                  17.9         1.3            37.3            11.8
mlx5_6                   0.0         0.0             0.0             0.0
mlx5_7                   0.0         0.0             0.0             0.0
mlx5_8                   0.0         0.0             0.0             0.0
mlx5_9                   0.0         0.0             0.0             0.0
------------------------------------------------------------------------
TOTAL                   36.1         2.4            74.3            23.1

Last Update: 2025-11-22 14:29:21
Device               TX Gbps     RX Gbps    TX Total(GB)    RX Total(GB)
========================================================================
mlx5_0                   0.0         0.0             0.0             0.0
mlx5_1                  19.3         1.1            39.4            11.5
mlx5_2                   0.0         0.0             0.0             0.0
mlx5_3                   0.0         0.0             0.0             0.0
mlx5_4                   0.0         0.0             0.0             0.0
mlx5_5                  19.2         1.2            39.7            11.9
mlx5_6                   0.0         0.0             0.0             0.0
mlx5_7                   0.0         0.0             0.0             0.0
mlx5_8                   0.0         0.0             0.0             0.0
mlx5_9                   0.0         0.0             0.0             0.0
------------------------------------------------------------------------
TOTAL                   38.5         2.4            79.1            23.4

Last Update: 2025-11-22 14:29:22
Device               TX Gbps     RX Gbps    TX Total(GB)    RX Total(GB)
========================================================================
mlx5_0                   0.0         0.0             0.0             0.0
mlx5_1                  18.0         0.0            41.7            11.5
mlx5_2                   0.0         0.0             0.0             0.0
mlx5_3                   0.0         0.0             0.0             0.0
mlx5_4                   0.0         0.0             0.0             0.0
mlx5_5                  18.2         0.0            42.0            11.9
mlx5_6                   0.0         0.0             0.0             0.0
mlx5_7                   0.0         0.0             0.0             0.0
mlx5_8                   0.0         0.0             0.0             0.0
mlx5_9                   0.0         0.0             0.0             0.0
------------------------------------------------------------------------
TOTAL                   36.2         0.0            83.7            23.5

Last Update: 2025-11-22 14:29:23
Device               TX Gbps     RX Gbps    TX Total(GB)    RX Total(GB)
========================================================================
mlx5_0                   0.0         0.0             0.0             0.0
mlx5_1                  18.7         1.1            44.0            11.7
mlx5_2                   0.0         0.0             0.0             0.0
mlx5_3                   0.0         0.0             0.0             0.0
mlx5_4                   0.0         0.0             0.0             0.0
mlx5_5                  18.5         1.2            44.3            12.1
mlx5_6                   0.0         0.0             0.0             0.0
mlx5_7                   0.0         0.0             0.0             0.0
mlx5_8                   0.0         0.0             0.0             0.0
mlx5_9                   0.0         0.0             0.0             0.0
------------------------------------------------------------------------
TOTAL                   37.2         2.4            88.4            23.7

Last Update: 2025-11-22 14:29:24
Device               TX Gbps     RX Gbps    TX Total(GB)    RX Total(GB)
========================================================================
mlx5_0                   0.0         0.0             0.0             0.0
mlx5_1                  19.2         1.2            46.4            11.8
mlx5_2                   0.0         0.0             0.0             0.0
mlx5_3                   0.0         0.0             0.0             0.0
mlx5_4                   0.0         0.0             0.0             0.0
mlx5_5                  19.3         1.2            46.7            12.2
mlx5_6                   0.0         0.0             0.0             0.0
mlx5_7                   0.0         0.0             0.0             0.0
mlx5_8                   0.0         0.0             0.0             0.0
mlx5_9                   0.0         0.0             0.0             0.0
------------------------------------------------------------------------
TOTAL                   38.5         2.4            93.2            24.0

Last Update: 2025-11-22 14:29:25
Device               TX Gbps     RX Gbps    TX Total(GB)    RX Total(GB)
========================================================================
mlx5_0                   0.0         0.0             0.0             0.0
mlx5_1                  17.9         1.2            48.7            12.0
mlx5_2                   0.0         0.0             0.0             0.0
mlx5_3                   0.0         0.0             0.0             0.0
mlx5_4                   0.0         0.0             0.0             0.0
mlx5_5                  18.0         1.2            49.0            12.4
mlx5_6                   0.0         0.0             0.0             0.0
mlx5_7                   0.0         0.0             0.0             0.0
mlx5_8                   0.0         0.0             0.0             0.0
mlx5_9                   0.0         0.0             0.0             0.0
------------------------------------------------------------------------
TOTAL                   35.9         2.4            97.7            24.3

Last Update: 2025-11-22 14:29:26
Device               TX Gbps     RX Gbps    TX Total(GB)    RX Total(GB)
========================================================================
mlx5_0                   0.0         0.0             0.0             0.0
mlx5_1                  19.1         1.1            51.1            12.1
mlx5_2                   0.0         0.0             0.0             0.0
mlx5_3                   0.0         0.0             0.0             0.0
mlx5_4                   0.0         0.0             0.0             0.0
mlx5_5                  19.4         1.2            51.4            12.5
mlx5_6                   0.0         0.0             0.0             0.0
mlx5_7                   0.0         0.0             0.0             0.0
mlx5_8                   0.0         0.0             0.0             0.0
mlx5_9                   0.0         0.0             0.0             0.0
------------------------------------------------------------------------
TOTAL                   38.5         2.4           102.5            24.6

Last Update: 2025-11-22 14:29:27
Device               TX Gbps     RX Gbps    TX Total(GB)    RX Total(GB)
========================================================================
mlx5_0                   0.0         0.0             0.0             0.0
mlx5_1                  18.0         1.1            53.4            12.3
mlx5_2                   0.0         0.0             0.0             0.0
mlx5_3                   0.0         0.0             0.0             0.0
mlx5_4                   0.0         0.0             0.0             0.0
mlx5_5                  18.1         1.2            53.7            12.7
mlx5_6                   0.0         0.0             0.0             0.0
mlx5_7                   0.0         0.0             0.0             0.0
mlx5_8                   0.0         0.0             0.0             0.0
mlx5_9                   0.0         0.0             0.0             0.0
------------------------------------------------------------------------
TOTAL                   36.1         2.4           107.1            24.9

Last Update: 2025-11-22 14:29:28
Device               TX Gbps     RX Gbps    TX Total(GB)    RX Total(GB)
========================================================================
mlx5_0                   0.0         0.0             0.0             0.0
mlx5_1                  19.1         1.2            55.8            12.4
mlx5_2                   0.0         0.0             0.0             0.0
mlx5_3                   0.0         0.0             0.0             0.0
mlx5_4                   0.0         0.0             0.0             0.0
mlx5_5                  19.3         1.2            56.1            12.8
mlx5_6                   0.0         0.0             0.0             0.0
mlx5_7                   0.0         0.0             0.0             0.0
mlx5_8                   0.0         0.0             0.0             0.0
mlx5_9                   0.0         0.0             0.0             0.0
------------------------------------------------------------------------
TOTAL                   38.5         2.4           111.9            25.2

Last Update: 2025-11-22 14:29:29
Device               TX Gbps     RX Gbps    TX Total(GB)    RX Total(GB)
========================================================================
mlx5_0                   0.0         0.0             0.0             0.0
mlx5_1                  18.0         0.0            58.0            12.4
mlx5_2                   0.0         0.0             0.0             0.0
mlx5_3                   0.0         0.0             0.0             0.0
mlx5_4                   0.0         0.0             0.0             0.0
mlx5_5                  18.2         0.0            58.4            12.8
mlx5_6                   0.0         0.0             0.0             0.0
mlx5_7                   0.0         0.0             0.0             0.0
mlx5_8                   0.0         0.0             0.0             0.0
mlx5_9                   0.0         0.0             0.0             0.0
------------------------------------------------------------------------
TOTAL                   36.1         0.0           116.4            25.3

Last Update: 2025-11-22 14:29:30
Device               TX Gbps     RX Gbps    TX Total(GB)    RX Total(GB)
========================================================================
mlx5_0                   0.0         0.0             0.0             0.0
mlx5_1                   0.0         0.0            58.0            12.4
mlx5_2                   0.0         0.0             0.0             0.0
mlx5_3                   0.0         0.0             0.0             0.0
mlx5_4                   0.0         0.0             0.0             0.0
mlx5_5                   0.0         0.0            58.4            12.8
mlx5_6                   0.0         0.0             0.0             0.0
mlx5_7                   0.0         0.0             0.0             0.0
mlx5_8                   0.0         0.0             0.0             0.0
mlx5_9                   0.0         0.0             0.0             0.0
------------------------------------------------------------------------
TOTAL                    0.0         0.0           116.4            25.3

Last Update: 2025-11-22 14:29:31
Device               TX Gbps     RX Gbps    TX Total(GB)    RX Total(GB)
========================================================================
mlx5_0                   0.0         0.0             0.0             0.0
mlx5_1                  14.4         0.0            59.8            12.4
mlx5_2                   0.0         0.0             0.0             0.0
mlx5_3                   0.0         0.0             0.0             0.0
mlx5_4                   0.0         0.0             0.0             0.0
mlx5_5                  14.8         0.0            60.3            12.8
mlx5_6                   0.0         0.0             0.0             0.0
mlx5_7                   0.0         0.0             0.0             0.0
mlx5_8                   0.0         0.0             0.0             0.0
mlx5_9                   0.0         0.0             0.0             0.0
------------------------------------------------------------------------
TOTAL                   29.2         0.0           120.1            25.3

Last Update: 2025-11-22 14:29:32
Device               TX Gbps     RX Gbps    TX Total(GB)    RX Total(GB)
========================================================================
mlx5_0                   0.0         0.0             0.0             0.0
mlx5_1                   4.8         0.0            60.4            12.4
mlx5_2                   0.0         0.0             0.0             0.0
mlx5_3                   0.0         0.0             0.0             0.0
mlx5_4                   0.0         0.0             0.0             0.0
mlx5_5                   4.5         0.0            60.8            12.8
mlx5_6                   0.0         0.0             0.0             0.0
mlx5_7                   0.0         0.0             0.0             0.0
mlx5_8                   0.0         0.0             0.0             0.0
mlx5_9                   0.0         0.0             0.0             0.0
------------------------------------------------------------------------
TOTAL                    9.3         0.0           121.3            25.3

Last Update: 2025-11-22 14:29:33
Device               TX Gbps     RX Gbps    TX Total(GB)    RX Total(GB)
========================================================================
mlx5_0                   0.0         0.0             0.0             0.0
mlx5_1                   0.0         0.0            60.4            12.4
mlx5_2                   0.0         0.0             0.0             0.0
mlx5_3                   0.0         0.0             0.0             0.0
mlx5_4                   0.0         0.0             0.0             0.0
mlx5_5                   0.0         0.0            60.8            12.8
mlx5_6                   0.0         0.0             0.0             0.0
mlx5_7                   0.0         0.0             0.0             0.0
mlx5_8                   0.0         0.0             0.0             0.0
mlx5_9                   0.0         0.0             0.0             0.0
------------------------------------------------------------------------
TOTAL                    0.0         0.0           121.3            25.3

Last Update: 2025-11-22 14:29:34
Device               TX Gbps     RX Gbps    TX Total(GB)    RX Total(GB)
========================================================================
mlx5_0                   0.0         0.0             0.0             0.0
mlx5_1                   0.0         0.0            60.4            12.4
mlx5_2                   0.0         0.0             0.0             0.0
mlx5_3                   0.0         0.0             0.0             0.0
mlx5_4                   0.0         0.0             0.0             0.0
mlx5_5                   0.0         0.0            60.8            12.8
mlx5_6                   0.0         0.0             0.0             0.0
mlx5_7                   0.0         0.0             0.0             0.0
mlx5_8                   0.0         0.0             0.0             0.0
mlx5_9                   0.0         0.0             0.0             0.0
------------------------------------------------------------------------
TOTAL                    0.0         0.0           121.3            25.3

Last Update: 2025-11-22 14:29:35
Device               TX Gbps     RX Gbps    TX Total(GB)    RX Total(GB)
========================================================================
mlx5_0                   0.0         0.0             0.0             0.0
mlx5_1                   0.0         0.0            60.4            12.4
mlx5_2                   0.0         0.0             0.0             0.0
mlx5_3                   0.0         0.0             0.0             0.0
mlx5_4                   0.0         0.0             0.0             0.0
mlx5_5                   0.0         0.0            60.8            12.8
mlx5_6                   0.0         0.0             0.0             0.0
mlx5_7                   0.0         0.0             0.0             0.0
mlx5_8                   0.0         0.0             0.0             0.0
mlx5_9                   0.0         0.0             0.0             0.0
------------------------------------------------------------------------
TOTAL                    0.0         0.0           121.3            25.3

Last Update: 2025-11-22 14:29:36
Device               TX Gbps     RX Gbps    TX Total(GB)    RX Total(GB)
========================================================================
mlx5_0                   0.0         0.0             0.0             0.0
mlx5_1                   0.0         0.0            60.4            12.4
mlx5_2                   0.0         0.0             0.0             0.0
mlx5_3                   0.0         0.0             0.0             0.0
mlx5_4                   0.0         0.0             0.0             0.0
mlx5_5                   0.0         0.0            60.8            12.8
mlx5_6                   0.0         0.0             0.0             0.0
mlx5_7                   0.0         0.0             0.0             0.0
mlx5_8                   0.0         0.0             0.0             0.0
mlx5_9                   0.0         0.0             0.0             0.0
------------------------------------------------------------------------
TOTAL                    0.0         0.0           121.3            25.3

Last Update: 2025-11-22 14:29:37
Device               TX Gbps     RX Gbps    TX Total(GB)    RX Total(GB)
========================================================================
mlx5_0                   0.0         0.0             0.0             0.0
mlx5_1                   0.0         0.0            60.4            12.4
mlx5_2                   0.0         0.0             0.0             0.0
mlx5_3                   0.0         0.0             0.0             0.0
mlx5_4                   0.0         0.0             0.0             0.0
mlx5_5                   0.0         0.0            60.8            12.8
mlx5_6                   0.0         0.0             0.0             0.0
mlx5_7                   0.0         0.0             0.0             0.0
mlx5_8                   0.0         0.0             0.0             0.0
mlx5_9                   0.0         0.0             0.0             0.0
------------------------------------------------------------------------
TOTAL                    0.0         0.0           121.3            25.3

Last Update: 2025-11-22 14:29:38
Device               TX Gbps     RX Gbps    TX Total(GB)    RX Total(GB)
========================================================================
mlx5_0                   0.0         0.0             0.0             0.0
mlx5_1                   0.0         0.0            60.4            12.4
mlx5_2                   0.0         0.0             0.0             0.0
mlx5_3                   0.0         0.0             0.0             0.0
mlx5_4                   0.0         0.0             0.0             0.0
mlx5_5                   0.0         0.0            60.8            12.8
mlx5_6                   0.0         0.0             0.0             0.0
mlx5_7                   0.0         0.0             0.0             0.0
mlx5_8                   0.0         0.0             0.0             0.0
mlx5_9                   0.0         0.0             0.0             0.0
------------------------------------------------------------------------
TOTAL                    0.0         0.0           121.3            25.3

Last Update: 2025-11-22 14:29:39
Device               TX Gbps     RX Gbps    TX Total(GB)    RX Total(GB)
========================================================================
mlx5_0                   0.0         0.0             0.0             0.0
mlx5_1                   0.0         0.0            60.4            12.4
mlx5_2                   0.0         0.0             0.0             0.0
mlx5_3                   0.0         0.0             0.0             0.0
mlx5_4                   0.0         0.0             0.0             0.0
mlx5_5                   0.0         0.0            60.8            12.8
mlx5_6                   0.0         0.0             0.0             0.0
mlx5_7                   0.0         0.0             0.0             0.0
mlx5_8                   0.0         0.0             0.0             0.0
mlx5_9                   0.0         0.0             0.0             0.0
------------------------------------------------------------------------
TOTAL                    0.0         0.0           121.3            25.3

Last Update: 2025-11-22 14:29:40
Device               TX Gbps     RX Gbps    TX Total(GB)    RX Total(GB)
========================================================================
mlx5_0                   0.0         0.0             0.0             0.0
mlx5_1                   0.0         0.0            60.4            12.4
mlx5_2                   0.0         0.0             0.0             0.0
mlx5_3                   0.0         0.0             0.0             0.0
mlx5_4                   0.0         0.0             0.0             0.0
mlx5_5                   0.0         0.0            60.8            12.8
mlx5_6                   0.0         0.0             0.0             0.0
mlx5_7                   0.0         0.0             0.0             0.0
mlx5_8                   0.0         0.0             0.0             0.0
mlx5_9                   0.0         0.0             0.0             0.0
------------------------------------------------------------------------
TOTAL                    0.0         0.0           121.3            25.3

Last Update: 2025-11-22 14:29:41
Device               TX Gbps     RX Gbps    TX Total(GB)    RX Total(GB)
========================================================================
mlx5_0                   0.0         0.0             0.0             0.0
mlx5_1                   0.0         0.0            60.4            12.4
mlx5_2                   0.0         0.0             0.0             0.0
mlx5_3                   0.0         0.0             0.0             0.0
mlx5_4                   0.0         0.0             0.0             0.0
mlx5_5                   0.0         0.0            60.8            12.8
mlx5_6                   0.0         0.0             0.0             0.0
mlx5_7                   0.0         0.0             0.0             0.0
mlx5_8                   0.0         0.0             0.0             0.0
mlx5_9                   0.0         0.0             0.0             0.0
------------------------------------------------------------------------
TOTAL                    0.0         0.0           121.3            25.3

Last Update: 2025-11-22 14:29:42
Device               TX Gbps     RX Gbps    TX Total(GB)    RX Total(GB)
========================================================================
mlx5_0                   0.0         0.0             0.0             0.0
mlx5_1                   0.0         0.0            60.4            12.4
mlx5_2                   0.0         0.0             0.0             0.0
mlx5_3                   0.0         0.0             0.0             0.0
mlx5_4                   0.0         0.0             0.0             0.0
mlx5_5                   0.0         0.0            60.8            12.8
mlx5_6                   0.0         0.0             0.0             0.0
mlx5_7                   0.0         0.0             0.0             0.0
mlx5_8                   0.0         0.0             0.0             0.0
mlx5_9                   0.0         0.0             0.0             0.0
------------------------------------------------------------------------
TOTAL                    0.0         0.0           121.3            25.3

Last Update: 2025-11-22 14:29:43
Device               TX Gbps     RX Gbps    TX Total(GB)    RX Total(GB)
========================================================================
mlx5_0                   0.0         0.0             0.0             0.0
mlx5_1                   0.0         0.0            60.4            12.4
mlx5_2                   0.0         0.0             0.0             0.0
mlx5_3                   0.0         0.0             0.0             0.0
mlx5_4                   0.0         0.0             0.0             0.0
mlx5_5                   0.0         0.0            60.8            12.8
mlx5_6                   0.0         0.0             0.0             0.0
mlx5_7                   0.0         0.0             0.0             0.0
mlx5_8                   0.0         0.0             0.0             0.0
mlx5_9                   0.0         0.0             0.0             0.0
------------------------------------------------------------------------
TOTAL                    0.0         0.0           121.3            25.3

Last Update: 2025-11-22 14:29:44
Device               TX Gbps     RX Gbps    TX Total(GB)    RX Total(GB)
========================================================================
mlx5_0                   0.0         0.0             0.0             0.0
mlx5_1                   0.0         0.0            60.4            12.4
mlx5_2                   0.0         0.0             0.0             0.0
mlx5_3                   0.0         0.0             0.0             0.0
mlx5_4                   0.0         0.0             0.0             0.0
mlx5_5                   0.0         0.0            60.8            12.8
mlx5_6                   0.0         0.0             0.0             0.0
mlx5_7                   0.0         0.0             0.0             0.0
mlx5_8                   0.0         0.0             0.0             0.0
mlx5_9                   0.0         0.0             0.0             0.0
------------------------------------------------------------------------
TOTAL                    0.0         0.0           121.3            25.3

Last Update: 2025-11-22 14:29:45
Device               TX Gbps     RX Gbps    TX Total(GB)    RX Total(GB)
========================================================================
mlx5_0                   0.0         0.0             0.0             0.0
mlx5_1                   0.4        67.1            60.5            20.9
mlx5_2                   0.0         0.0             0.0             0.0
mlx5_3                   0.0         0.0             0.0             0.0
mlx5_4                   0.0         0.0             0.0             0.0
mlx5_5                   0.4        69.5            60.9            21.6
mlx5_6                   0.0         0.0             0.0             0.0
mlx5_7                   0.0         0.0             0.0             0.0
mlx5_8                   0.0         0.0             0.0             0.0
mlx5_9                   0.0         0.0             0.0             0.0
------------------------------------------------------------------------
TOTAL                    0.8       136.7           121.4            42.4

Last Update: 2025-11-22 14:29:46
Device               TX Gbps     RX Gbps    TX Total(GB)    RX Total(GB)
========================================================================
mlx5_0                   0.0         0.0             0.0             0.0
mlx5_1                   1.5       234.3            60.7            50.3
mlx5_2                   0.0         0.0             0.0             0.0
mlx5_3                   0.0         0.0             0.0             0.0
mlx5_4                   0.0         0.0             0.0             0.0
mlx5_5                   1.7       241.8            61.1            51.9
mlx5_6                   0.0         0.0             0.0             0.0
mlx5_7                   0.0         0.0             0.0             0.0
mlx5_8                   0.0         0.0             0.0             0.0
mlx5_9                   0.0         0.0             0.0             0.0
------------------------------------------------------------------------
TOTAL                    3.2       476.1           121.8           102.2

Last Update: 2025-11-22 14:29:47
Device               TX Gbps     RX Gbps    TX Total(GB)    RX Total(GB)
========================================================================
mlx5_0                   0.0         0.0             0.0             0.0
mlx5_1                   1.1       170.4            60.8            71.7
mlx5_2                   0.0         0.0             0.0             0.0
mlx5_3                   0.0         0.0             0.0             0.0
mlx5_4                   0.0         0.0             0.0             0.0
mlx5_5                   1.1       174.1            61.3            73.8
mlx5_6                   0.0         0.0             0.0             0.0
mlx5_7                   0.0         0.0             0.0             0.0
mlx5_8                   0.0         0.0             0.0             0.0
mlx5_9                   0.0         0.0             0.0             0.0
------------------------------------------------------------------------
TOTAL                    2.2       344.5           122.0           145.5

Last Update: 2025-11-22 14:29:48
Device               TX Gbps     RX Gbps    TX Total(GB)    RX Total(GB)
========================================================================
mlx5_0                   0.0         0.0             0.0             0.0
mlx5_1                   0.0         0.0            60.8            71.7
mlx5_2                   0.0         0.0             0.0             0.0
mlx5_3                   0.0         0.0             0.0             0.0
mlx5_4                   0.0         0.0             0.0             0.0
mlx5_5                   0.0         0.0            61.3            73.8
mlx5_6                   0.0         0.0             0.0             0.0
mlx5_7                   0.0         0.0             0.0             0.0
mlx5_8                   0.0         0.0             0.0             0.0
mlx5_9                   0.0         0.0             0.0             0.0
------------------------------------------------------------------------
TOTAL                    0.0         0.0           122.0           145.5

Last Update: 2025-11-22 14:29:49
Device               TX Gbps     RX Gbps    TX Total(GB)    RX Total(GB)
========================================================================
mlx5_0                   0.0         0.0             0.0             0.0
mlx5_1                   0.0         0.0            60.8            71.7
mlx5_2                   0.0         0.0             0.0             0.0
mlx5_3                   0.0         0.0             0.0             0.0
mlx5_4                   0.0         0.0             0.0             0.0
mlx5_5                   0.0         0.0            61.3            73.8
mlx5_6                   0.0         0.0             0.0             0.0
mlx5_7                   0.0         0.0             0.0             0.0
mlx5_8                   0.0         0.0             0.0             0.0
mlx5_9                   0.0         0.0             0.0             0.0
------------------------------------------------------------------------
TOTAL                    0.0         0.0           122.0           145.5

Last Update: 2025-11-22 14:29:50
Device               TX Gbps     RX Gbps    TX Total(GB)    RX Total(GB)
========================================================================
mlx5_0                   0.0         0.0             0.0             0.0
mlx5_1                   0.0         0.0            60.8            71.7
mlx5_2                   0.0         0.0             0.0             0.0
mlx5_3                   0.0         0.0             0.0             0.0
mlx5_4                   0.0         0.0             0.0             0.0
mlx5_5                   0.0         0.0            61.3            73.8
mlx5_6                   0.0         0.0             0.0             0.0
mlx5_7                   0.0         0.0             0.0             0.0
mlx5_8                   0.0         0.0             0.0             0.0
mlx5_9                   0.0         0.0             0.0             0.0
------------------------------------------------------------------------
TOTAL                    0.0         0.0           122.0           145.5

Last Update: 2025-11-22 14:29:51
Device               TX Gbps     RX Gbps    TX Total(GB)    RX Total(GB)
========================================================================
mlx5_0                   0.0         0.0             0.0             0.0
mlx5_1                   0.0         0.0            60.8            71.7
mlx5_2                   0.0         0.0             0.0             0.0
mlx5_3                   0.0         0.0             0.0             0.0
mlx5_4                   0.0         0.0             0.0             0.0
mlx5_5                   0.0         0.0            61.3            73.8
mlx5_6                   0.0         0.0             0.0             0.0
mlx5_7                   0.0         0.0             0.0             0.0
mlx5_8                   0.0         0.0             0.0             0.0
mlx5_9                   0.0         0.0             0.0             0.0
------------------------------------------------------------------------
TOTAL                    0.0         0.0           122.0           145.5

Last Update: 2025-11-22 14:29:52
Device               TX Gbps     RX Gbps    TX Total(GB)    RX Total(GB)
========================================================================
mlx5_0                   0.0         0.0             0.0             0.0
mlx5_1                   0.0         0.0            60.8            71.7
mlx5_2                   0.0         0.0             0.0             0.0
mlx5_3                   0.0         0.0             0.0             0.0
mlx5_4                   0.0         0.0             0.0             0.0
mlx5_5                   0.0         0.0            61.3            73.8
mlx5_6                   0.0         0.0             0.0             0.0
mlx5_7                   0.0         0.0             0.0             0.0
mlx5_8                   0.0         0.0             0.0             0.0
mlx5_9                   0.0         0.0             0.0             0.0
------------------------------------------------------------------------
TOTAL                    0.0         0.0           122.0           145.5

Last Update: 2025-11-22 14:29:53
Device               TX Gbps     RX Gbps    TX Total(GB)    RX Total(GB)
========================================================================
mlx5_0                   0.0         0.0             0.0             0.0
mlx5_1                   0.0         0.0            60.8            71.7
mlx5_2                   0.0         0.0             0.0             0.0
mlx5_3                   0.0         0.0             0.0             0.0
mlx5_4                   0.0         0.0             0.0             0.0
mlx5_5                   0.0         0.0            61.3            73.8
mlx5_6                   0.0         0.0             0.0             0.0
mlx5_7                   0.0         0.0             0.0             0.0
mlx5_8                   0.0         0.0             0.0             0.0
mlx5_9                   0.0         0.0             0.0             0.0
------------------------------------------------------------------------
TOTAL                    0.0         0.0           122.0           145.5

Last Update: 2025-11-22 14:29:54
Device               TX Gbps     RX Gbps    TX Total(GB)    RX Total(GB)
========================================================================
mlx5_0                   0.0         0.0             0.0             0.0
mlx5_1                   0.0         0.0            60.8            71.7
mlx5_2                   0.0         0.0             0.0             0.0
mlx5_3                   0.0         0.0             0.0             0.0
mlx5_4                   0.0         0.0             0.0             0.0
mlx5_5                   0.0         0.0            61.3            73.8
mlx5_6                   0.0         0.0             0.0             0.0
mlx5_7                   0.0         0.0             0.0             0.0
mlx5_8                   0.0         0.0             0.0             0.0
mlx5_9                   0.0         0.0             0.0             0.0
------------------------------------------------------------------------
TOTAL                    0.0         0.0           122.0           145.5

Last Update: 2025-11-22 14:29:55
Device               TX Gbps     RX Gbps    TX Total(GB)    RX Total(GB)
========================================================================
mlx5_0                   0.0         0.0             0.0             0.0
mlx5_1                   0.0         0.0            60.8            71.7
mlx5_2                   0.0         0.0             0.0             0.0
mlx5_3                   0.0         0.0             0.0             0.0
mlx5_4                   0.0         0.0             0.0             0.0
mlx5_5                   0.0         0.0            61.3            73.8
mlx5_6                   0.0         0.0             0.0             0.0
mlx5_7                   0.0         0.0             0.0             0.0
mlx5_8                   0.0         0.0             0.0             0.0
mlx5_9                   0.0         0.0             0.0             0.0
------------------------------------------------------------------------
TOTAL                    0.0         0.0           122.0           145.5

Last Update: 2025-11-22 14:29:56
Device               TX Gbps     RX Gbps    TX Total(GB)    RX Total(GB)
========================================================================
mlx5_0                   0.0         0.0             0.0             0.0
mlx5_1                   0.0         0.0            60.8            71.7
mlx5_2                   0.0         0.0             0.0             0.0
mlx5_3                   0.0         0.0             0.0             0.0
mlx5_4                   0.0         0.0             0.0             0.0
mlx5_5                   0.0         0.0            61.3            73.8
mlx5_6                   0.0         0.0             0.0             0.0
mlx5_7                   0.0         0.0             0.0             0.0
mlx5_8                   0.0         0.0             0.0             0.0
mlx5_9                   0.0         0.0             0.0             0.0
------------------------------------------------------------------------
TOTAL                    0.0         0.0           122.0           145.5

Last Update: 2025-11-22 14:29:57
Device               TX Gbps     RX Gbps    TX Total(GB)    RX Total(GB)
========================================================================
mlx5_0                   0.0         0.0             0.0             0.0
mlx5_1                   0.0         0.0            60.8            71.7
mlx5_2                   0.0         0.0             0.0             0.0
mlx5_3                   0.0         0.0             0.0             0.0
mlx5_4                   0.0         0.0             0.0             0.0
mlx5_5                   0.0         0.0            61.3            73.8
mlx5_6                   0.0         0.0             0.0             0.0
mlx5_7                   0.0         0.0             0.0             0.0
mlx5_8                   0.0         0.0             0.0             0.0
mlx5_9                   0.0         0.0             0.0             0.0
------------------------------------------------------------------------
TOTAL                    0.0         0.0           122.0           145.5

Last Update: 2025-11-22 14:29:58
Device               TX Gbps     RX Gbps    TX Total(GB)    RX Total(GB)
========================================================================
mlx5_0                   0.0         0.0             0.0             0.0
mlx5_1                   0.0         0.0            60.8            71.7
mlx5_2                   0.0         0.0             0.0             0.0
mlx5_3                   0.0         0.0             0.0             0.0
mlx5_4                   0.0         0.0             0.0             0.0
mlx5_5                   0.0         0.0            61.3            73.8
mlx5_6                   0.0         0.0             0.0             0.0
mlx5_7                   0.0         0.0             0.0             0.0
mlx5_8                   0.0         0.0             0.0             0.0
mlx5_9                   0.0         0.0             0.0             0.0
------------------------------------------------------------------------
TOTAL                    0.0         0.0           122.0           145.5

Last Update: 2025-11-22 14:29:59
Device               TX Gbps     RX Gbps    TX Total(GB)    RX Total(GB)
========================================================================
mlx5_0                   0.0         0.0             0.0             0.0
mlx5_1                   0.0         0.0            60.8            71.7
mlx5_2                   0.0         0.0             0.0             0.0
mlx5_3                   0.0         0.0             0.0             0.0
mlx5_4                   0.0         0.0             0.0             0.0
mlx5_5                   0.0         0.0            61.3            73.8
mlx5_6                   0.0         0.0             0.0             0.0
mlx5_7                   0.0         0.0             0.0             0.0
mlx5_8                   0.0         0.0             0.0             0.0
mlx5_9                   0.0         0.0             0.0             0.0
------------------------------------------------------------------------
TOTAL                    0.0         0.0           122.0           145.5

Last Update: 2025-11-22 14:30:00
Device               TX Gbps     RX Gbps    TX Total(GB)    RX Total(GB)
========================================================================
mlx5_0                   0.0         0.0             0.0             0.0
mlx5_1                   0.0         0.0            60.8            71.7
mlx5_2                   0.0         0.0             0.0             0.0
mlx5_3                   0.0         0.0             0.0             0.0
mlx5_4                   0.0         0.0             0.0             0.0
mlx5_5                   0.0         0.0            61.3            73.8
mlx5_6                   0.0         0.0             0.0             0.0
mlx5_7                   0.0         0.0             0.0             0.0
mlx5_8                   0.0         0.0             0.0             0.0
mlx5_9                   0.0         0.0             0.0             0.0
------------------------------------------------------------------------
TOTAL                    0.0         0.0           122.0           145.5

Last Update: 2025-11-22 14:30:01
Device               TX Gbps     RX Gbps    TX Total(GB)    RX Total(GB)
========================================================================
mlx5_0                   0.0         0.0             0.0             0.0
mlx5_1                   0.0         0.0            60.8            71.7
mlx5_2                   0.0         0.0             0.0             0.0
mlx5_3                   0.0         0.0             0.0             0.0
mlx5_4                   0.0         0.0             0.0             0.0
mlx5_5                   0.0         0.0            61.3            73.8
mlx5_6                   0.0         0.0             0.0             0.0
mlx5_7                   0.0         0.0             0.0             0.0
mlx5_8                   0.0         0.0             0.0             0.0
mlx5_9                   0.0         0.0             0.0             0.0
------------------------------------------------------------------------
TOTAL                    0.0         0.0           122.0           145.5

Last Update: 2025-11-22 14:30:02
Device               TX Gbps     RX Gbps    TX Total(GB)    RX Total(GB)
========================================================================
mlx5_0                   0.0         0.0             0.0             0.0
mlx5_1                   0.0         0.0            60.8            71.7
mlx5_2                   0.0         0.0             0.0             0.0
mlx5_3                   0.0         0.0             0.0             0.0
mlx5_4                   0.0         0.0             0.0             0.0
mlx5_5                   0.0         0.0            61.3            73.8
mlx5_6                   0.0         0.0             0.0             0.0
mlx5_7                   0.0         0.0             0.0             0.0
mlx5_8                   0.0         0.0             0.0             0.0
mlx5_9                   0.0         0.0             0.0             0.0
------------------------------------------------------------------------
TOTAL                    0.0         0.0           122.0           145.5

Last Update: 2025-11-22 14:30:03
Device               TX Gbps     RX Gbps    TX Total(GB)    RX Total(GB)
========================================================================
mlx5_0                   0.0         0.0             0.0             0.0
mlx5_1                   0.0         0.0            60.8            71.7
mlx5_2                   0.0         0.0             0.0             0.0
mlx5_3                   0.0         0.0             0.0             0.0
mlx5_4                   0.0         0.0             0.0             0.0
mlx5_5                   0.0         0.0            61.3            73.8
mlx5_6                   0.0         0.0             0.0             0.0
mlx5_7                   0.0         0.0             0.0             0.0
mlx5_8                   0.0         0.0             0.0             0.0
mlx5_9                   0.0         0.0             0.0             0.0
------------------------------------------------------------------------
TOTAL                    0.0         0.0           122.0           145.5

Last Update: 2025-11-22 14:30:04
Device               TX Gbps     RX Gbps    TX Total(GB)    RX Total(GB)
========================================================================
mlx5_0                   0.0         0.0             0.0             0.0
mlx5_1                   0.1        22.0            60.8            74.5
mlx5_2                   0.0         0.0             0.0             0.0
mlx5_3                   0.0         0.0             0.0             0.0
mlx5_4                   0.0         0.0             0.0             0.0
mlx5_5                   0.1        22.4            61.3            76.6
mlx5_6                   0.0         0.0             0.0             0.0
mlx5_7                   0.0         0.0             0.0             0.0
mlx5_8                   0.0         0.0             0.0             0.0
mlx5_9                   0.0         0.0             0.0             0.0
------------------------------------------------------------------------
TOTAL                    0.3        44.4           122.1           151.1

Last Update: 2025-11-22 14:30:05
Device               TX Gbps     RX Gbps    TX Total(GB)    RX Total(GB)
========================================================================
mlx5_0                   0.0         0.0             0.0             0.0
mlx5_1                  18.6         0.0            63.1            74.5
mlx5_2                   0.0         0.0             0.0             0.0
mlx5_3                   0.0         0.0             0.0             0.0
mlx5_4                   0.0         0.0             0.0             0.0
mlx5_5                  18.6         0.0            63.6            76.6
mlx5_6                   0.0         0.0             0.0             0.0
mlx5_7                   0.0         0.0             0.0             0.0
mlx5_8                   0.0         0.0             0.0             0.0
mlx5_9                   0.0         0.0             0.0             0.0
------------------------------------------------------------------------
TOTAL                   37.2         0.0           126.7           151.1

Last Update: 2025-11-22 14:30:06
Device               TX Gbps     RX Gbps    TX Total(GB)    RX Total(GB)
========================================================================
mlx5_0                   0.0         0.0             0.0             0.0
mlx5_1                   0.0         0.0            63.1            74.5
mlx5_2                   0.0         0.0             0.0             0.0
mlx5_3                   0.0         0.0             0.0             0.0
mlx5_4                   0.0         0.0             0.0             0.0
mlx5_5                   0.0         0.0            63.6            76.6
mlx5_6                   0.0         0.0             0.0             0.0
mlx5_7                   0.0         0.0             0.0             0.0
mlx5_8                   0.0         0.0             0.0             0.0
mlx5_9                   0.0         0.0             0.0             0.0
------------------------------------------------------------------------
TOTAL                    0.0         0.0           126.7           151.1

Last Update: 2025-11-22 14:30:07
Device               TX Gbps     RX Gbps    TX Total(GB)    RX Total(GB)
========================================================================
mlx5_0                   0.0         0.0             0.0             0.0
mlx5_1                  18.5         0.0            65.5            74.5
mlx5_2                   0.0         0.0             0.0             0.0
mlx5_3                   0.0         0.0             0.0             0.0
mlx5_4                   0.0         0.0             0.0             0.0
mlx5_5                  18.7         0.0            66.0            76.6
mlx5_6                   0.0         0.0             0.0             0.0
mlx5_7                   0.0         0.0             0.0             0.0
mlx5_8                   0.0         0.0             0.0             0.0
mlx5_9                   0.0         0.0             0.0             0.0
------------------------------------------------------------------------
TOTAL                   37.2         0.0           131.4           151.1

Last Update: 2025-11-22 14:30:08
Device               TX Gbps     RX Gbps    TX Total(GB)    RX Total(GB)
========================================================================
mlx5_0                   0.0         0.0             0.0             0.0
mlx5_1                   0.0         0.0            65.5            74.5
mlx5_2                   0.0         0.0             0.0             0.0
mlx5_3                   0.0         0.0             0.0             0.0
mlx5_4                   0.0         0.0             0.0             0.0
mlx5_5                   0.0         0.0            66.0            76.6
mlx5_6                   0.0         0.0             0.0             0.0
mlx5_7                   0.0         0.0             0.0             0.0
mlx5_8                   0.0         0.0             0.0             0.0
mlx5_9                   0.0         0.0             0.0             0.0
------------------------------------------------------------------------
TOTAL                    0.0         0.0           131.4           151.1

Last Update: 2025-11-22 14:30:09
Device               TX Gbps     RX Gbps    TX Total(GB)    RX Total(GB)
========================================================================
mlx5_0                   0.0         0.0             0.0             0.0
mlx5_1                  18.4         0.0            67.8            74.5
mlx5_2                   0.0         0.0             0.0             0.0
mlx5_3                   0.0         0.0             0.0             0.0
mlx5_4                   0.0         0.0             0.0             0.0
mlx5_5                  18.8         0.0            68.3            76.6
mlx5_6                   0.0         0.0             0.0             0.0
mlx5_7                   0.0         0.0             0.0             0.0
mlx5_8                   0.0         0.0             0.0             0.0
mlx5_9                   0.0         0.0             0.0             0.0
------------------------------------------------------------------------
TOTAL                   37.2         0.0           136.1           151.1

Last Update: 2025-11-22 14:30:10
Device               TX Gbps     RX Gbps    TX Total(GB)    RX Total(GB)
========================================================================
mlx5_0                   0.0         0.0             0.0             0.0
mlx5_1                   0.0         0.0            67.8            74.5
mlx5_2                   0.0         0.0             0.0             0.0
mlx5_3                   0.0         0.0             0.0             0.0
mlx5_4                   0.0         0.0             0.0             0.0
mlx5_5                   0.0         0.0            68.3            76.6
mlx5_6                   0.0         0.0             0.0             0.0
mlx5_7                   0.0         0.0             0.0             0.0
mlx5_8                   0.0         0.0             0.0             0.0
mlx5_9                   0.0         0.0             0.0             0.0
------------------------------------------------------------------------
TOTAL                    0.0         0.0           136.1           151.1

Last Update: 2025-11-22 14:30:11
Device               TX Gbps     RX Gbps    TX Total(GB)    RX Total(GB)
========================================================================
mlx5_0                   0.0         0.0             0.0             0.0
mlx5_1                  18.6         0.0            70.1            74.5
mlx5_2                   0.0         0.0             0.0             0.0
mlx5_3                   0.0         0.0             0.0             0.0
mlx5_4                   0.0         0.0             0.0             0.0
mlx5_5                  18.7         0.0            70.7            76.6
mlx5_6                   0.0         0.0             0.0             0.0
mlx5_7                   0.0         0.0             0.0             0.0
mlx5_8                   0.0         0.0             0.0             0.0
mlx5_9                   0.0         0.0             0.0             0.0
------------------------------------------------------------------------
TOTAL                   37.2         0.0           140.8           151.1

Last Update: 2025-11-22 14:30:12
Device               TX Gbps     RX Gbps    TX Total(GB)    RX Total(GB)
========================================================================
mlx5_0                   0.0         0.0             0.0             0.0
mlx5_1                   0.0         0.0            70.1            74.5
mlx5_2                   0.0         0.0             0.0             0.0
mlx5_3                   0.0         0.0             0.0             0.0
mlx5_4                   0.0         0.0             0.0             0.0
mlx5_5                   0.0         0.0            70.7            76.6
mlx5_6                   0.0         0.0             0.0             0.0
mlx5_7                   0.0         0.0             0.0             0.0
mlx5_8                   0.0         0.0             0.0             0.0
mlx5_9                   0.0         0.0             0.0             0.0
------------------------------------------------------------------------
TOTAL                    0.0         0.0           140.8           151.1

Last Update: 2025-11-22 14:30:13
Device               TX Gbps     RX Gbps    TX Total(GB)    RX Total(GB)
========================================================================
mlx5_0                   0.0         0.0             0.0             0.0
mlx5_1                   0.0         0.0            70.1            74.5
mlx5_2                   0.0         0.0             0.0             0.0
mlx5_3                   0.0         0.0             0.0             0.0
mlx5_4                   0.0         0.0             0.0             0.0
mlx5_5                   0.0         0.0            70.7            76.6
mlx5_6                   0.0         0.0             0.0             0.0
mlx5_7                   0.0         0.0             0.0             0.0
mlx5_8                   0.0         0.0             0.0             0.0
mlx5_9                   0.0         0.0             0.0             0.0
------------------------------------------------------------------------
TOTAL                    0.0         0.0           140.8           151.1

Last Update: 2025-11-22 14:30:14
Device               TX Gbps     RX Gbps    TX Total(GB)    RX Total(GB)
========================================================================
mlx5_0                   0.0         0.0             0.0             0.0
mlx5_1                  17.4        53.8            72.3            81.2
mlx5_2                   0.0         0.0             0.0             0.0
mlx5_3                   0.0         0.0             0.0             0.0
mlx5_4                   0.0         0.0             0.0             0.0
mlx5_5                  17.5        56.4            72.9            83.7
mlx5_6                   0.0         0.0             0.0             0.0
mlx5_7                   0.0         0.0             0.0             0.0
mlx5_8                   0.0         0.0             0.0             0.0
mlx5_9                   0.0         0.0             0.0             0.0
------------------------------------------------------------------------
TOTAL                   34.9       110.2           145.2           165.0

Last Update: 2025-11-22 14:30:15
Device               TX Gbps     RX Gbps    TX Total(GB)    RX Total(GB)
========================================================================
mlx5_0                   0.0         0.0             0.0             0.0
mlx5_1                   0.5        80.1            72.4            91.3
mlx5_2                   0.0         0.0             0.0             0.0
mlx5_3                   0.0         0.0             0.0             0.0
mlx5_4                   0.0         0.0             0.0             0.0
mlx5_5                   0.5        82.0            72.9            94.1
mlx5_6                   0.0         0.0             0.0             0.0
mlx5_7                   0.0         0.0             0.0             0.0
mlx5_8                   0.0         0.0             0.0             0.0
mlx5_9                   0.0         0.0             0.0             0.0
------------------------------------------------------------------------
TOTAL                    1.0       162.1           145.3           185.3

Last Update: 2025-11-22 14:30:16
Device               TX Gbps     RX Gbps    TX Total(GB)    RX Total(GB)
========================================================================
mlx5_0                   0.0         0.0             0.0             0.0
mlx5_1                  18.5         0.0            74.7            91.3
mlx5_2                   0.0         0.0             0.0             0.0
mlx5_3                   0.0         0.0             0.0             0.0
mlx5_4                   0.0         0.0             0.0             0.0
mlx5_5                  18.7         0.0            75.3            94.1
mlx5_6                   0.0         0.0             0.0             0.0
mlx5_7                   0.0         0.0             0.0             0.0
mlx5_8                   0.0         0.0             0.0             0.0
mlx5_9                   0.0         0.0             0.0             0.0
------------------------------------------------------------------------
TOTAL                   37.2         0.0           150.0           185.3

Last Update: 2025-11-22 14:30:17
Device               TX Gbps     RX Gbps    TX Total(GB)    RX Total(GB)
========================================================================
mlx5_0                   0.0         0.0             0.0             0.0
mlx5_1                   0.0         0.0            74.7            91.3
mlx5_2                   0.0         0.0             0.0             0.0
mlx5_3                   0.0         0.0             0.0             0.0
mlx5_4                   0.0         0.0             0.0             0.0
mlx5_5                   0.0         0.0            75.3            94.1
mlx5_6                   0.0         0.0             0.0             0.0
mlx5_7                   0.0         0.0             0.0             0.0
mlx5_8                   0.0         0.0             0.0             0.0
mlx5_9                   0.0         0.0             0.0             0.0
------------------------------------------------------------------------
TOTAL                    0.0         0.0           150.0           185.3

Last Update: 2025-11-22 14:30:18
Device               TX Gbps     RX Gbps    TX Total(GB)    RX Total(GB)
========================================================================
mlx5_0                   0.0         0.0             0.0             0.0
mlx5_1                  18.4         0.0            77.0            91.3
mlx5_2                   0.0         0.0             0.0             0.0
mlx5_3                   0.0         0.0             0.0             0.0
mlx5_4                   0.0         0.0             0.0             0.0
mlx5_5                  18.8         0.0            77.6            94.1
mlx5_6                   0.0         0.0             0.0             0.0
mlx5_7                   0.0         0.0             0.0             0.0
mlx5_8                   0.0         0.0             0.0             0.0
mlx5_9                   0.0         0.0             0.0             0.0
------------------------------------------------------------------------
TOTAL                   37.2         0.0           154.6           185.4

Last Update: 2025-11-22 14:30:19
Device               TX Gbps     RX Gbps    TX Total(GB)    RX Total(GB)
========================================================================
mlx5_0                   0.0         0.0             0.0             0.0
mlx5_1                   0.0         0.0            77.0            91.3
mlx5_2                   0.0         0.0             0.0             0.0
mlx5_3                   0.0         0.0             0.0             0.0
mlx5_4                   0.0         0.0             0.0             0.0
mlx5_5                   0.0         0.0            77.6            94.1
mlx5_6                   0.0         0.0             0.0             0.0
mlx5_7                   0.0         0.0             0.0             0.0
mlx5_8                   0.0         0.0             0.0             0.0
mlx5_9                   0.0         0.0             0.0             0.0
------------------------------------------------------------------------
TOTAL                    0.0         0.0           154.6           185.4

Last Update: 2025-11-22 14:30:20
Device               TX Gbps     RX Gbps    TX Total(GB)    RX Total(GB)
========================================================================
mlx5_0                   0.0         0.0             0.0             0.0
mlx5_1                  18.6         0.0            79.3            91.3
mlx5_2                   0.0         0.0             0.0             0.0
mlx5_3                   0.0         0.0             0.0             0.0
mlx5_4                   0.0         0.0             0.0             0.0
mlx5_5                  18.6         0.0            80.0            94.1
mlx5_6                   0.0         0.0             0.0             0.0
mlx5_7                   0.0         0.0             0.0             0.0
mlx5_8                   0.0         0.0             0.0             0.0
mlx5_9                   0.0         0.0             0.0             0.0
------------------------------------------------------------------------
TOTAL                   37.2         0.0           159.3           185.4

Last Update: 2025-11-22 14:30:21
Device               TX Gbps     RX Gbps    TX Total(GB)    RX Total(GB)
========================================================================
mlx5_0                   0.0         0.0             0.0             0.0
mlx5_1                   0.0         0.0            79.3            91.3
mlx5_2                   0.0         0.0             0.0             0.0
mlx5_3                   0.0         0.0             0.0             0.0
mlx5_4                   0.0         0.0             0.0             0.0
mlx5_5                   0.0         0.0            80.0            94.1
mlx5_6                   0.0         0.0             0.0             0.0
mlx5_7                   0.0         0.0             0.0             0.0
mlx5_8                   0.0         0.0             0.0             0.0
mlx5_9                   0.0         0.0             0.0             0.0
------------------------------------------------------------------------
TOTAL                    0.0         0.0           159.3           185.4

Last Update: 2025-11-22 14:30:22
Device               TX Gbps     RX Gbps    TX Total(GB)    RX Total(GB)
========================================================================
mlx5_0                   0.0         0.0             0.0             0.0
mlx5_1                  18.6        21.5            81.7            94.0
mlx5_2                   0.0         0.0             0.0             0.0
mlx5_3                   0.0         0.0             0.0             0.0
mlx5_4                   0.0         0.0             0.0             0.0
mlx5_5                  18.8        22.9            82.3            96.9
mlx5_6                   0.0         0.0             0.0             0.0
mlx5_7                   0.0         0.0             0.0             0.0
mlx5_8                   0.0         0.0             0.0             0.0
mlx5_9                   0.0         0.0             0.0             0.0
------------------------------------------------------------------------
TOTAL                   37.4        44.4           164.0           190.9

Last Update: 2025-11-22 14:30:23
Device               TX Gbps     RX Gbps    TX Total(GB)    RX Total(GB)
========================================================================
mlx5_0                   0.0         0.0             0.0             0.0
mlx5_1                   0.0         0.0            81.7            94.0
mlx5_2                   0.0         0.0             0.0             0.0
mlx5_3                   0.0         0.0             0.0             0.0
mlx5_4                   0.0         0.0             0.0             0.0
mlx5_5                   0.0         0.0            82.3            96.9
mlx5_6                   0.0         0.0             0.0             0.0
mlx5_7                   0.0         0.0             0.0             0.0
mlx5_8                   0.0         0.0             0.0             0.0
mlx5_9                   0.0         0.0             0.0             0.0
------------------------------------------------------------------------
TOTAL                    0.0         0.0           164.0           190.9

Last Update: 2025-11-22 14:30:24
Device               TX Gbps     RX Gbps    TX Total(GB)    RX Total(GB)
========================================================================
mlx5_0                   0.0         0.0             0.0             0.0
mlx5_1                   0.0         0.0            81.7            94.0
mlx5_2                   0.0         0.0             0.0             0.0
mlx5_3                   0.0         0.0             0.0             0.0
mlx5_4                   0.0         0.0             0.0             0.0
mlx5_5                   0.0         0.0            82.3            96.9
mlx5_6                   0.0         0.0             0.0             0.0
mlx5_7                   0.0         0.0             0.0             0.0
mlx5_8                   0.0         0.0             0.0             0.0
mlx5_9                   0.0         0.0             0.0             0.0
------------------------------------------------------------------------
TOTAL                    0.0         0.0           164.0           190.9

Last Update: 2025-11-22 14:30:25
Device               TX Gbps     RX Gbps    TX Total(GB)    RX Total(GB)
========================================================================
mlx5_0                   0.0         0.0             0.0             0.0
mlx5_1                  18.1         0.0            84.0            94.0
mlx5_2                   0.0         0.0             0.0             0.0
mlx5_3                   0.0         0.0             0.0             0.0
mlx5_4                   0.0         0.0             0.0             0.0
mlx5_5                  18.4         0.0            84.6            96.9
mlx5_6                   0.0         0.0             0.0             0.0
mlx5_7                   0.0         0.0             0.0             0.0
mlx5_8                   0.0         0.0             0.0             0.0
mlx5_9                   0.0         0.0             0.0             0.0
------------------------------------------------------------------------
TOTAL                   36.5         0.0           168.6           190.9

Last Update: 2025-11-22 14:30:26
Device               TX Gbps     RX Gbps    TX Total(GB)    RX Total(GB)
========================================================================
mlx5_0                   0.0         0.0             0.0             0.0
mlx5_1                  18.8         0.0            86.3            94.0
mlx5_2                   0.0         0.0             0.0             0.0
mlx5_3                   0.0         0.0             0.0             0.0
mlx5_4                   0.0         0.0             0.0             0.0
mlx5_5                  18.5         0.0            87.0            96.9
mlx5_6                   0.0         0.0             0.0             0.0
mlx5_7                   0.0         0.0             0.0             0.0
mlx5_8                   0.0         0.0             0.0             0.0
mlx5_9                   0.0         0.0             0.0             0.0
------------------------------------------------------------------------
TOTAL                   37.2         0.0           173.3           191.0

Last Update: 2025-11-22 14:30:27
Device               TX Gbps     RX Gbps    TX Total(GB)    RX Total(GB)
========================================================================
mlx5_0                   0.0         0.0             0.0             0.0
mlx5_1                   0.0         0.0            86.3            94.0
mlx5_2                   0.0         0.0             0.0             0.0
mlx5_3                   0.0         0.0             0.0             0.0
mlx5_4                   0.0         0.0             0.0             0.0
mlx5_5                   0.0         0.0            87.0            96.9
mlx5_6                   0.0         0.0             0.0             0.0
mlx5_7                   0.0         0.0             0.0             0.0
mlx5_8                   0.0         0.0             0.0             0.0
mlx5_9                   0.0         0.0             0.0             0.0
------------------------------------------------------------------------
TOTAL                    0.0         0.0           173.3           191.0

Last Update: 2025-11-22 14:30:28
Device               TX Gbps     RX Gbps    TX Total(GB)    RX Total(GB)
========================================================================
mlx5_0                   0.0         0.0             0.0             0.0
mlx5_1                  18.6         0.0            88.6            94.0
mlx5_2                   0.0         0.0             0.0             0.0
mlx5_3                   0.0         0.0             0.0             0.0
mlx5_4                   0.0         0.0             0.0             0.0
mlx5_5                  18.6         0.0            89.3            96.9
mlx5_6                   0.0         0.0             0.0             0.0
mlx5_7                   0.0         0.0             0.0             0.0
mlx5_8                   0.0         0.0             0.0             0.0
mlx5_9                   0.0         0.0             0.0             0.0
------------------------------------------------------------------------
TOTAL                   37.3         0.0           177.9           191.0

Last Update: 2025-11-22 14:30:29
Device               TX Gbps     RX Gbps    TX Total(GB)    RX Total(GB)
========================================================================
mlx5_0                   0.0         0.0             0.0             0.0
mlx5_1                   0.0         0.0            88.6            94.0
mlx5_2                   0.0         0.0             0.0             0.0
mlx5_3                   0.0         0.0             0.0             0.0
mlx5_4                   0.0         0.0             0.0             0.0
mlx5_5                   0.0         0.0            89.3            96.9
mlx5_6                   0.0         0.0             0.0             0.0
mlx5_7                   0.0         0.0             0.0             0.0
mlx5_8                   0.0         0.0             0.0             0.0
mlx5_9                   0.0         0.0             0.0             0.0
------------------------------------------------------------------------
TOTAL                    0.0         0.0           177.9           191.0

Last Update: 2025-11-22 14:30:30
Device               TX Gbps     RX Gbps    TX Total(GB)    RX Total(GB)
========================================================================
mlx5_0                   0.0         0.0             0.0             0.0
mlx5_1                  18.4         0.0            91.0            94.0
mlx5_2                   0.0         0.0             0.0             0.0
mlx5_3                   0.0         0.0             0.0             0.0
mlx5_4                   0.0         0.0             0.0             0.0
mlx5_5                  18.8         0.0            91.7            96.9
mlx5_6                   0.0         0.0             0.0             0.0
mlx5_7                   0.0         0.0             0.0             0.0
mlx5_8                   0.0         0.0             0.0             0.0
mlx5_9                   0.0         0.0             0.0             0.0
------------------------------------------------------------------------
TOTAL                   37.2         0.0           182.6           191.0

Last Update: 2025-11-22 14:30:31
Device               TX Gbps     RX Gbps    TX Total(GB)    RX Total(GB)
========================================================================
mlx5_0                   0.0         0.0             0.0             0.0
mlx5_1                   0.0         0.0            91.0            94.0
mlx5_2                   0.0         0.0             0.0             0.0
mlx5_3                   0.0         0.0             0.0             0.0
mlx5_4                   0.0         0.0             0.0             0.0
mlx5_5                   0.0         0.0            91.7            96.9
mlx5_6                   0.0         0.0             0.0             0.0
mlx5_7                   0.0         0.0             0.0             0.0
mlx5_8                   0.0         0.0             0.0             0.0
mlx5_9                   0.0         0.0             0.0             0.0
------------------------------------------------------------------------
TOTAL                    0.0         0.0           182.6           191.0

Last Update: 2025-11-22 14:30:32
Device               TX Gbps     RX Gbps    TX Total(GB)    RX Total(GB)
========================================================================
mlx5_0                   0.0         0.0             0.0             0.0
mlx5_1                  18.5        22.1            93.3            96.8
mlx5_2                   0.0         0.0             0.0             0.0
mlx5_3                   0.0         0.0             0.0             0.0
mlx5_4                   0.0         0.0             0.0             0.0
mlx5_5                  18.9        22.3            94.0            99.7
mlx5_6                   0.0         0.0             0.0             0.0
mlx5_7                   0.0         0.0             0.0             0.0
mlx5_8                   0.0         0.0             0.0             0.0
mlx5_9                   0.0         0.0             0.0             0.0
------------------------------------------------------------------------
TOTAL                   37.5        44.4           187.3           196.5

Last Update: 2025-11-22 14:30:33
Device               TX Gbps     RX Gbps    TX Total(GB)    RX Total(GB)
========================================================================
mlx5_0                   0.0         0.0             0.0             0.0
mlx5_1                   0.0         0.0            93.3            96.8
mlx5_2                   0.0         0.0             0.0             0.0
mlx5_3                   0.0         0.0             0.0             0.0
mlx5_4                   0.0         0.0             0.0             0.0
mlx5_5                   0.0         0.0            94.0            99.7
mlx5_6                   0.0         0.0             0.0             0.0
mlx5_7                   0.0         0.0             0.0             0.0
mlx5_8                   0.0         0.0             0.0             0.0
mlx5_9                   0.0         0.0             0.0             0.0
------------------------------------------------------------------------
TOTAL                    0.0         0.0           187.3           196.5

Last Update: 2025-11-22 14:30:34
Device               TX Gbps     RX Gbps    TX Total(GB)    RX Total(GB)
========================================================================
mlx5_0                   0.0         0.0             0.0             0.0
mlx5_1                   0.0         0.0            93.3            96.8
mlx5_2                   0.0         0.0             0.0             0.0
mlx5_3                   0.0         0.0             0.0             0.0
mlx5_4                   0.0         0.0             0.0             0.0
mlx5_5                   0.0         0.0            94.0            99.7
mlx5_6                   0.0         0.0             0.0             0.0
mlx5_7                   0.0         0.0             0.0             0.0
mlx5_8                   0.0         0.0             0.0             0.0
mlx5_9                   0.0         0.0             0.0             0.0
------------------------------------------------------------------------
TOTAL                    0.0         0.0           187.3           196.5

Last Update: 2025-11-22 14:30:35
Device               TX Gbps     RX Gbps    TX Total(GB)    RX Total(GB)
========================================================================
mlx5_0                   0.0         0.0             0.0             0.0
mlx5_1                  18.2         0.0            95.6            96.8
mlx5_2                   0.0         0.0             0.0             0.0
mlx5_3                   0.0         0.0             0.0             0.0
mlx5_4                   0.0         0.0             0.0             0.0
mlx5_5                  18.3         0.0            96.3            99.7
mlx5_6                   0.0         0.0             0.0             0.0
mlx5_7                   0.0         0.0             0.0             0.0
mlx5_8                   0.0         0.0             0.0             0.0
mlx5_9                   0.0         0.0             0.0             0.0
------------------------------------------------------------------------
TOTAL                   36.4         0.0           191.9           196.5

Last Update: 2025-11-22 14:30:36
Device               TX Gbps     RX Gbps    TX Total(GB)    RX Total(GB)
========================================================================
mlx5_0                   0.0         0.0             0.0             0.0
mlx5_1                  18.4         0.0            97.9            96.8
mlx5_2                   0.0         0.0             0.0             0.0
mlx5_3                   0.0         0.0             0.0             0.0
mlx5_4                   0.0         0.0             0.0             0.0
mlx5_5                  18.8         0.0            98.7            99.7
mlx5_6                   0.0         0.0             0.0             0.0
mlx5_7                   0.0         0.0             0.0             0.0
mlx5_8                   0.0         0.0             0.0             0.0
mlx5_9                   0.0         0.0             0.0             0.0
------------------------------------------------------------------------
TOTAL                   37.2         0.0           196.6           196.6

Last Update: 2025-11-22 14:30:37
Device               TX Gbps     RX Gbps    TX Total(GB)    RX Total(GB)
========================================================================
mlx5_0                   0.0         0.0             0.0             0.0
mlx5_1                   0.0         0.0            97.9            96.8
mlx5_2                   0.0         0.0             0.0             0.0
mlx5_3                   0.0         0.0             0.0             0.0
mlx5_4                   0.0         0.0             0.0             0.0
mlx5_5                   0.0         0.0            98.7            99.7
mlx5_6                   0.0         0.0             0.0             0.0
mlx5_7                   0.0         0.0             0.0             0.0
mlx5_8                   0.0         0.0             0.0             0.0
mlx5_9                   0.0         0.0             0.0             0.0
------------------------------------------------------------------------
TOTAL                    0.0         0.0           196.6           196.6

Last Update: 2025-11-22 14:30:38
Device               TX Gbps     RX Gbps    TX Total(GB)    RX Total(GB)
========================================================================
mlx5_0                   0.0         0.0             0.0             0.0
mlx5_1                  18.7         0.0           100.2            96.8
mlx5_2                   0.0         0.0             0.0             0.0
mlx5_3                   0.0         0.0             0.0             0.0
mlx5_4                   0.0         0.0             0.0             0.0
mlx5_5                  18.6         0.0           101.0            99.8
mlx5_6                   0.0         0.0             0.0             0.0
mlx5_7                   0.0         0.0             0.0             0.0
mlx5_8                   0.0         0.0             0.0             0.0
mlx5_9                   0.0         0.0             0.0             0.0
------------------------------------------------------------------------
TOTAL                   37.3         0.0           201.3           196.6

Last Update: 2025-11-22 14:30:39
Device               TX Gbps     RX Gbps    TX Total(GB)    RX Total(GB)
========================================================================
mlx5_0                   0.0         0.0             0.0             0.0
mlx5_1                   0.0         0.0           100.2            96.8
mlx5_2                   0.0         0.0             0.0             0.0
mlx5_3                   0.0         0.0             0.0             0.0
mlx5_4                   0.0         0.0             0.0             0.0
mlx5_5                   0.0         0.0           101.0            99.8
mlx5_6                   0.0         0.0             0.0             0.0
mlx5_7                   0.0         0.0             0.0             0.0
mlx5_8                   0.0         0.0             0.0             0.0
mlx5_9                   0.0         0.0             0.0             0.0
------------------------------------------------------------------------
TOTAL                    0.0         0.0           201.3           196.6

Last Update: 2025-11-22 14:30:40
Device               TX Gbps     RX Gbps    TX Total(GB)    RX Total(GB)
========================================================================
mlx5_0                   0.0         0.0             0.0             0.0
mlx5_1                  18.5         0.0           102.6            96.8
mlx5_2                   0.0         0.0             0.0             0.0
mlx5_3                   0.0         0.0             0.0             0.0
mlx5_4                   0.0         0.0             0.0             0.0
mlx5_5                  18.7         0.0           103.4            99.8
mlx5_6                   0.0         0.0             0.0             0.0
mlx5_7                   0.0         0.0             0.0             0.0
mlx5_8                   0.0         0.0             0.0             0.0
mlx5_9                   0.0         0.0             0.0             0.0
------------------------------------------------------------------------
TOTAL                   37.2         0.0           205.9           196.6

Last Update: 2025-11-22 14:30:41
Device               TX Gbps     RX Gbps    TX Total(GB)    RX Total(GB)
========================================================================
mlx5_0                   0.0         0.0             0.0             0.0
mlx5_1                   0.0         0.0           102.6            96.8
mlx5_2                   0.0         0.0             0.0             0.0
mlx5_3                   0.0         0.0             0.0             0.0
mlx5_4                   0.0         0.0             0.0             0.0
mlx5_5                   0.0         0.0           103.4            99.8
mlx5_6                   0.0         0.0             0.0             0.0
mlx5_7                   0.0         0.0             0.0             0.0
mlx5_8                   0.0         0.0             0.0             0.0
mlx5_9                   0.0         0.0             0.0             0.0
------------------------------------------------------------------------
TOTAL                    0.0         0.0           205.9           196.6

Last Update: 2025-11-22 14:30:42
Device               TX Gbps     RX Gbps    TX Total(GB)    RX Total(GB)
========================================================================
mlx5_0                   0.0         0.0             0.0             0.0
mlx5_1                  15.9         0.2           104.6            96.8
mlx5_2                   0.0         0.0             0.0             0.0
mlx5_3                   0.0         0.0             0.0             0.0
mlx5_4                   0.0         0.0             0.0             0.0
mlx5_5                  16.3         0.3           105.4            99.8
mlx5_6                   0.0         0.0             0.0             0.0
mlx5_7                   0.0         0.0             0.0             0.0
mlx5_8                   0.0         0.0             0.0             0.0
mlx5_9                   0.0         0.0             0.0             0.0
------------------------------------------------------------------------
TOTAL                   32.2         0.6           210.0           196.6

Last Update: 2025-11-22 14:30:43
Device               TX Gbps     RX Gbps    TX Total(GB)    RX Total(GB)
========================================================================
mlx5_0                   0.0         0.0             0.0             0.0
mlx5_1                   2.7        21.6           104.9            99.6
mlx5_2                   0.0         0.0             0.0             0.0
mlx5_3                   0.0         0.0             0.0             0.0
mlx5_4                   0.0         0.0             0.0             0.0
mlx5_5                   2.5        22.3           105.8           102.6
mlx5_6                   0.0         0.0             0.0             0.0
mlx5_7                   0.0         0.0             0.0             0.0
mlx5_8                   0.0         0.0             0.0             0.0
mlx5_9                   0.0         0.0             0.0             0.0
------------------------------------------------------------------------
TOTAL                    5.2        43.8           210.6           202.1

Last Update: 2025-11-22 14:30:44
Device               TX Gbps     RX Gbps    TX Total(GB)    RX Total(GB)
========================================================================
mlx5_0                   0.0         0.0             0.0             0.0
mlx5_1                   0.0         0.0           104.9            99.6
mlx5_2                   0.0         0.0             0.0             0.0
mlx5_3                   0.0         0.0             0.0             0.0
mlx5_4                   0.0         0.0             0.0             0.0
mlx5_5                   0.0         0.0           105.8           102.6
mlx5_6                   0.0         0.0             0.0             0.0
mlx5_7                   0.0         0.0             0.0             0.0
mlx5_8                   0.0         0.0             0.0             0.0
mlx5_9                   0.0         0.0             0.0             0.0
------------------------------------------------------------------------
TOTAL                    0.0         0.0           210.6           202.1

Last Update: 2025-11-22 14:30:45
Device               TX Gbps     RX Gbps    TX Total(GB)    RX Total(GB)
========================================================================
mlx5_0                   0.0         0.0             0.0             0.0
mlx5_1                  19.4         0.0           107.3            99.6
mlx5_2                   0.0         0.0             0.0             0.0
mlx5_3                   0.0         0.0             0.0             0.0
mlx5_4                   0.0         0.0             0.0             0.0
mlx5_5                  19.3         0.0           108.2           102.6
mlx5_6                   0.0         0.0             0.0             0.0
mlx5_7                   0.0         0.0             0.0             0.0
mlx5_8                   0.0         0.0             0.0             0.0
mlx5_9                   0.0         0.0             0.0             0.0
------------------------------------------------------------------------
TOTAL                   38.8         0.0           215.5           202.2

Last Update: 2025-11-22 14:30:46
Device               TX Gbps     RX Gbps    TX Total(GB)    RX Total(GB)
========================================================================
mlx5_0                   0.0         0.0             0.0             0.0
mlx5_1                  18.7         0.0           109.7            99.6
mlx5_2                   0.0         0.0             0.0             0.0
mlx5_3                   0.0         0.0             0.0             0.0
mlx5_4                   0.0         0.0             0.0             0.0
mlx5_5                  18.5         0.0           110.5           102.6
mlx5_6                   0.0         0.0             0.0             0.0
mlx5_7                   0.0         0.0             0.0             0.0
mlx5_8                   0.0         0.0             0.0             0.0
mlx5_9                   0.0         0.0             0.0             0.0
------------------------------------------------------------------------
TOTAL                   37.2         0.0           220.2           202.2

Last Update: 2025-11-22 14:30:47
Device               TX Gbps     RX Gbps    TX Total(GB)    RX Total(GB)
========================================================================
mlx5_0                   0.0         0.0             0.0             0.0
mlx5_1                   0.0         0.0           109.7            99.6
mlx5_2                   0.0         0.0             0.0             0.0
mlx5_3                   0.0         0.0             0.0             0.0
mlx5_4                   0.0         0.0             0.0             0.0
mlx5_5                   0.0         0.0           110.5           102.6
mlx5_6                   0.0         0.0             0.0             0.0
mlx5_7                   0.0         0.0             0.0             0.0
mlx5_8                   0.0         0.0             0.0             0.0
mlx5_9                   0.0         0.0             0.0             0.0
------------------------------------------------------------------------
TOTAL                    0.0         0.0           220.2           202.2

Last Update: 2025-11-22 14:30:48
Device               TX Gbps     RX Gbps    TX Total(GB)    RX Total(GB)
========================================================================
mlx5_0                   0.0         0.0             0.0             0.0
mlx5_1                  18.6         0.0           112.0            99.6
mlx5_2                   0.0         0.0             0.0             0.0
mlx5_3                   0.0         0.0             0.0             0.0
mlx5_4                   0.0         0.0             0.0             0.0
mlx5_5                  18.7         0.0           112.8           102.6
mlx5_6                   0.0         0.0             0.0             0.0
mlx5_7                   0.0         0.0             0.0             0.0
mlx5_8                   0.0         0.0             0.0             0.0
mlx5_9                   0.0         0.0             0.0             0.0
------------------------------------------------------------------------
TOTAL                   37.2         0.0           224.9           202.2

Last Update: 2025-11-22 14:30:49
Device               TX Gbps     RX Gbps    TX Total(GB)    RX Total(GB)
========================================================================
mlx5_0                   0.0         0.0             0.0             0.0
mlx5_1                   0.0         0.0           112.0            99.6
mlx5_2                   0.0         0.0             0.0             0.0
mlx5_3                   0.0         0.0             0.0             0.0
mlx5_4                   0.0         0.0             0.0             0.0
mlx5_5                   0.0         0.0           112.8           102.6
mlx5_6                   0.0         0.0             0.0             0.0
mlx5_7                   0.0         0.0             0.0             0.0
mlx5_8                   0.0         0.0             0.0             0.0
mlx5_9                   0.0         0.0             0.0             0.0
------------------------------------------------------------------------
TOTAL                    0.0         0.0           224.9           202.2

Last Update: 2025-11-22 14:30:50
Device               TX Gbps     RX Gbps    TX Total(GB)    RX Total(GB)
========================================================================
mlx5_0                   0.0         0.0             0.0             0.0
mlx5_1                  18.4         0.0           114.3            99.6
mlx5_2                   0.0         0.0             0.0             0.0
mlx5_3                   0.0         0.0             0.0             0.0
mlx5_4                   0.0         0.0             0.0             0.0
mlx5_5                  18.8         0.0           115.2           102.6
mlx5_6                   0.0         0.0             0.0             0.0
mlx5_7                   0.0         0.0             0.0             0.0
mlx5_8                   0.0         0.0             0.0             0.0
mlx5_9                   0.0         0.0             0.0             0.0
------------------------------------------------------------------------
TOTAL                   37.2         0.0           229.5           202.2

Last Update: 2025-11-22 14:30:51
Device               TX Gbps     RX Gbps    TX Total(GB)    RX Total(GB)
========================================================================
mlx5_0                   0.0         0.0             0.0             0.0
mlx5_1                   0.0         0.0           114.3            99.6
mlx5_2                   0.0         0.0             0.0             0.0
mlx5_3                   0.0         0.0             0.0             0.0
mlx5_4                   0.0         0.0             0.0             0.0
mlx5_5                   0.0         0.0           115.2           102.6
mlx5_6                   0.0         0.0             0.0             0.0
mlx5_7                   0.0         0.0             0.0             0.0
mlx5_8                   0.0         0.0             0.0             0.0
mlx5_9                   0.0         0.0             0.0             0.0
------------------------------------------------------------------------
TOTAL                    0.0         0.0           229.5           202.2

Last Update: 2025-11-22 14:30:52
Device               TX Gbps     RX Gbps    TX Total(GB)    RX Total(GB)
========================================================================
mlx5_0                   0.0         0.0             0.0             0.0
mlx5_1                   8.0         0.0           115.3            99.6
mlx5_2                   0.0         0.0             0.0             0.0
mlx5_3                   0.0         0.0             0.0             0.0
mlx5_4                   0.0         0.0             0.0             0.0
mlx5_5                   8.7         0.0           116.3           102.6
mlx5_6                   0.0         0.0             0.0             0.0
mlx5_7                   0.0         0.0             0.0             0.0
mlx5_8                   0.0         0.0             0.0             0.0
mlx5_9                   0.0         0.0             0.0             0.0
------------------------------------------------------------------------
TOTAL                   16.7         0.0           231.6           202.2

Last Update: 2025-11-22 14:30:53
Device               TX Gbps     RX Gbps    TX Total(GB)    RX Total(GB)
========================================================================
mlx5_0                   0.0         0.0             0.0             0.0
mlx5_1                  10.5        22.0           116.7           102.3
mlx5_2                   0.0         0.0             0.0             0.0
mlx5_3                   0.0         0.0             0.0             0.0
mlx5_4                   0.0         0.0             0.0             0.0
mlx5_5                  10.2        22.4           117.6           105.4
mlx5_6                   0.0         0.0             0.0             0.0
mlx5_7                   0.0         0.0             0.0             0.0
mlx5_8                   0.0         0.0             0.0             0.0
mlx5_9                   0.0         0.0             0.0             0.0
------------------------------------------------------------------------
TOTAL                   20.7        44.4           234.2           207.7

Last Update: 2025-11-22 14:30:54
Device               TX Gbps     RX Gbps    TX Total(GB)    RX Total(GB)
========================================================================
mlx5_0                   0.0         0.0             0.0             0.0
mlx5_1                   0.0         0.0           116.7           102.3
mlx5_2                   0.0         0.0             0.0             0.0
mlx5_3                   0.0         0.0             0.0             0.0
mlx5_4                   0.0         0.0             0.0             0.0
mlx5_5                   0.0         0.0           117.6           105.4
mlx5_6                   0.0         0.0             0.0             0.0
mlx5_7                   0.0         0.0             0.0             0.0
mlx5_8                   0.0         0.0             0.0             0.0
mlx5_9                   0.0         0.0             0.0             0.0
------------------------------------------------------------------------
TOTAL                    0.0         0.0           234.2           207.7

Last Update: 2025-11-22 14:30:55
Device               TX Gbps     RX Gbps    TX Total(GB)    RX Total(GB)
========================================================================
mlx5_0                   0.0         0.0             0.0             0.0
mlx5_1                  18.0         0.0           118.9           102.3
mlx5_2                   0.0         0.0             0.0             0.0
mlx5_3                   0.0         0.0             0.0             0.0
mlx5_4                   0.0         0.0             0.0             0.0
mlx5_5                  18.4         0.0           119.9           105.4
mlx5_6                   0.0         0.0             0.0             0.0
mlx5_7                   0.0         0.0             0.0             0.0
mlx5_8                   0.0         0.0             0.0             0.0
mlx5_9                   0.0         0.0             0.0             0.0
------------------------------------------------------------------------
TOTAL                   36.4         0.0           238.8           207.8

Last Update: 2025-11-22 14:30:56
Device               TX Gbps     RX Gbps    TX Total(GB)    RX Total(GB)
========================================================================
mlx5_0                   0.0         0.0             0.0             0.0
mlx5_1                  18.4         0.0           121.2           102.3
mlx5_2                   0.0         0.0             0.0             0.0
mlx5_3                   0.0         0.0             0.0             0.0
mlx5_4                   0.0         0.0             0.0             0.0
mlx5_5                  18.8         0.0           122.3           105.4
mlx5_6                   0.0         0.0             0.0             0.0
mlx5_7                   0.0         0.0             0.0             0.0
mlx5_8                   0.0         0.0             0.0             0.0
mlx5_9                   0.0         0.0             0.0             0.0
------------------------------------------------------------------------
TOTAL                   37.2         0.0           243.5           207.8

Last Update: 2025-11-22 14:30:57
Device               TX Gbps     RX Gbps    TX Total(GB)    RX Total(GB)
========================================================================
mlx5_0                   0.0         0.0             0.0             0.0
mlx5_1                   0.0         0.0           121.2           102.3
mlx5_2                   0.0         0.0             0.0             0.0
mlx5_3                   0.0         0.0             0.0             0.0
mlx5_4                   0.0         0.0             0.0             0.0
mlx5_5                   0.0         0.0           122.3           105.4
mlx5_6                   0.0         0.0             0.0             0.0
mlx5_7                   0.0         0.0             0.0             0.0
mlx5_8                   0.0         0.0             0.0             0.0
mlx5_9                   0.0         0.0             0.0             0.0
------------------------------------------------------------------------
TOTAL                    0.0         0.0           243.5           207.8

Last Update: 2025-11-22 14:30:58
Device               TX Gbps     RX Gbps    TX Total(GB)    RX Total(GB)
========================================================================
mlx5_0                   0.0         0.0             0.0             0.0
mlx5_1                  18.5         0.0           123.6           102.3
mlx5_2                   0.0         0.0             0.0             0.0
mlx5_3                   0.0         0.0             0.0             0.0
mlx5_4                   0.0         0.0             0.0             0.0
mlx5_5                  18.7         0.0           124.6           105.4
mlx5_6                   0.0         0.0             0.0             0.0
mlx5_7                   0.0         0.0             0.0             0.0
mlx5_8                   0.0         0.0             0.0             0.0
mlx5_9                   0.0         0.0             0.0             0.0
------------------------------------------------------------------------
TOTAL                   37.2         0.0           248.2           207.8

Last Update: 2025-11-22 14:30:59
Device               TX Gbps     RX Gbps    TX Total(GB)    RX Total(GB)
========================================================================
mlx5_0                   0.0         0.0             0.0             0.0
mlx5_1                   0.0         0.0           123.6           102.3
mlx5_2                   0.0         0.0             0.0             0.0
mlx5_3                   0.0         0.0             0.0             0.0
mlx5_4                   0.0         0.0             0.0             0.0
mlx5_5                   0.0         0.0           124.6           105.4
mlx5_6                   0.0         0.0             0.0             0.0
mlx5_7                   0.0         0.0             0.0             0.0
mlx5_8                   0.0         0.0             0.0             0.0
mlx5_9                   0.0         0.0             0.0             0.0
------------------------------------------------------------------------
TOTAL                    0.0         0.0           248.2           207.8

Last Update: 2025-11-22 14:31:00
Device               TX Gbps     RX Gbps    TX Total(GB)    RX Total(GB)
========================================================================
mlx5_0                   0.0         0.0             0.0             0.0
mlx5_1                  18.5         0.0           125.9           102.3
mlx5_2                   0.0         0.0             0.0             0.0
mlx5_3                   0.0         0.0             0.0             0.0
mlx5_4                   0.0         0.0             0.0             0.0
mlx5_5                  18.7         0.0           127.0           105.4
mlx5_6                   0.0         0.0             0.0             0.0
mlx5_7                   0.0         0.0             0.0             0.0
mlx5_8                   0.0         0.0             0.0             0.0
mlx5_9                   0.0         0.0             0.0             0.0
------------------------------------------------------------------------
TOTAL                   37.2         0.0           252.8           207.8

Last Update: 2025-11-22 14:31:01
Device               TX Gbps     RX Gbps    TX Total(GB)    RX Total(GB)
========================================================================
mlx5_0                   0.0         0.0             0.0             0.0
mlx5_1                   0.0         0.0           125.9           102.3
mlx5_2                   0.0         0.0             0.0             0.0
mlx5_3                   0.0         0.0             0.0             0.0
mlx5_4                   0.0         0.0             0.0             0.0
mlx5_5                   0.0         0.0           127.0           105.4
mlx5_6                   0.0         0.0             0.0             0.0
mlx5_7                   0.0         0.0             0.0             0.0
mlx5_8                   0.0         0.0             0.0             0.0
mlx5_9                   0.0         0.0             0.0             0.0
------------------------------------------------------------------------
TOTAL                    0.0         0.0           252.8           207.8

Last Update: 2025-11-22 14:31:02
Device               TX Gbps     RX Gbps    TX Total(GB)    RX Total(GB)
========================================================================
mlx5_0                   0.0         0.0             0.0             0.0
mlx5_1                   4.3         0.0           126.4           102.3
mlx5_2                   0.0         0.0             0.0             0.0
mlx5_3                   0.0         0.0             0.0             0.0
mlx5_4                   0.0         0.0             0.0             0.0
mlx5_5                   4.8         0.0           127.6           105.4
mlx5_6                   0.0         0.0             0.0             0.0
mlx5_7                   0.0         0.0             0.0             0.0
mlx5_8                   0.0         0.0             0.0             0.0
mlx5_9                   0.0         0.0             0.0             0.0
------------------------------------------------------------------------
TOTAL                    9.2         0.0           254.0           207.8

Last Update: 2025-11-22 14:31:03
Device               TX Gbps     RX Gbps    TX Total(GB)    RX Total(GB)
========================================================================
mlx5_0                   0.0         0.0             0.0             0.0
mlx5_1                  14.5        22.0           128.2           105.1
mlx5_2                   0.0         0.0             0.0             0.0
mlx5_3                   0.0         0.0             0.0             0.0
mlx5_4                   0.0         0.0             0.0             0.0
mlx5_5                  13.8        22.4           129.3           108.3
mlx5_6                   0.0         0.0             0.0             0.0
mlx5_7                   0.0         0.0             0.0             0.0
mlx5_8                   0.0         0.0             0.0             0.0
mlx5_9                   0.0         0.0             0.0             0.0
------------------------------------------------------------------------
TOTAL                   28.3        44.4           257.5           213.3

Last Update: 2025-11-22 14:31:04
Device               TX Gbps     RX Gbps    TX Total(GB)    RX Total(GB)
========================================================================
mlx5_0                   0.0         0.0             0.0             0.0
mlx5_1                   0.0         0.0           128.2           105.1
mlx5_2                   0.0         0.0             0.0             0.0
mlx5_3                   0.0         0.0             0.0             0.0
mlx5_4                   0.0         0.0             0.0             0.0
mlx5_5                   0.0         0.0           129.3           108.3
mlx5_6                   0.0         0.0             0.0             0.0
mlx5_7                   0.0         0.0             0.0             0.0
mlx5_8                   0.0         0.0             0.0             0.0
mlx5_9                   0.0         0.0             0.0             0.0
------------------------------------------------------------------------
TOTAL                    0.0         0.0           257.5           213.3

Last Update: 2025-11-22 14:31:05
Device               TX Gbps     RX Gbps    TX Total(GB)    RX Total(GB)
========================================================================
mlx5_0                   0.0         0.0             0.0             0.0
mlx5_1                  18.0         0.0           130.5           105.1
mlx5_2                   0.0         0.0             0.0             0.0
mlx5_3                   0.0         0.0             0.0             0.0
mlx5_4                   0.0         0.0             0.0             0.0
mlx5_5                  18.4         0.0           131.6           108.3
mlx5_6                   0.0         0.0             0.0             0.0
mlx5_7                   0.0         0.0             0.0             0.0
mlx5_8                   0.0         0.0             0.0             0.0
mlx5_9                   0.0         0.0             0.0             0.0
------------------------------------------------------------------------
TOTAL                   36.4         0.0           262.1           213.4

Last Update: 2025-11-22 14:31:06
Device               TX Gbps     RX Gbps    TX Total(GB)    RX Total(GB)
========================================================================
mlx5_0                   0.0         0.0             0.0             0.0
mlx5_1                  18.6         0.0           132.8           105.1
mlx5_2                   0.0         0.0             0.0             0.0
mlx5_3                   0.0         0.0             0.0             0.0
mlx5_4                   0.0         0.0             0.0             0.0
mlx5_5                  18.6         0.0           134.0           108.3
mlx5_6                   0.0         0.0             0.0             0.0
mlx5_7                   0.0         0.0             0.0             0.0
mlx5_8                   0.0         0.0             0.0             0.0
mlx5_9                   0.0         0.0             0.0             0.0
------------------------------------------------------------------------
TOTAL                   37.2         0.0           266.8           213.4

Last Update: 2025-11-22 14:31:07
Device               TX Gbps     RX Gbps    TX Total(GB)    RX Total(GB)
========================================================================
mlx5_0                   0.0         0.0             0.0             0.0
mlx5_1                   0.0         0.0           132.8           105.1
mlx5_2                   0.0         0.0             0.0             0.0
mlx5_3                   0.0         0.0             0.0             0.0
mlx5_4                   0.0         0.0             0.0             0.0
mlx5_5                   0.0         0.0           134.0           108.3
mlx5_6                   0.0         0.0             0.0             0.0
mlx5_7                   0.0         0.0             0.0             0.0
mlx5_8                   0.0         0.0             0.0             0.0
mlx5_9                   0.0         0.0             0.0             0.0
------------------------------------------------------------------------
TOTAL                    0.0         0.0           266.8           213.4

Last Update: 2025-11-22 14:31:08
Device               TX Gbps     RX Gbps    TX Total(GB)    RX Total(GB)
========================================================================
mlx5_0                   0.0         0.0             0.0             0.0
mlx5_1                  18.5         0.0           135.2           105.1
mlx5_2                   0.0         0.0             0.0             0.0
mlx5_3                   0.0         0.0             0.0             0.0
mlx5_4                   0.0         0.0             0.0             0.0
mlx5_5                  18.7         0.0           136.3           108.3
mlx5_6                   0.0         0.0             0.0             0.0
mlx5_7                   0.0         0.0             0.0             0.0
mlx5_8                   0.0         0.0             0.0             0.0
mlx5_9                   0.0         0.0             0.0             0.0
------------------------------------------------------------------------
TOTAL                   37.2         0.0           271.5           213.4

Last Update: 2025-11-22 14:31:09
Device               TX Gbps     RX Gbps    TX Total(GB)    RX Total(GB)
========================================================================
mlx5_0                   0.0         0.0             0.0             0.0
mlx5_1                   0.0         0.0           135.2           105.1
mlx5_2                   0.0         0.0             0.0             0.0
mlx5_3                   0.0         0.0             0.0             0.0
mlx5_4                   0.0         0.0             0.0             0.0
mlx5_5                   0.0         0.0           136.3           108.3
mlx5_6                   0.0         0.0             0.0             0.0
mlx5_7                   0.0         0.0             0.0             0.0
mlx5_8                   0.0         0.0             0.0             0.0
mlx5_9                   0.0         0.0             0.0             0.0
------------------------------------------------------------------------
TOTAL                    0.0         0.0           271.5           213.4

Last Update: 2025-11-22 14:31:10
Device               TX Gbps     RX Gbps    TX Total(GB)    RX Total(GB)
========================================================================
mlx5_0                   0.0         0.0             0.0             0.0
mlx5_1                  18.6         0.0           137.5           105.1
mlx5_2                   0.0         0.0             0.0             0.0
mlx5_3                   0.0         0.0             0.0             0.0
mlx5_4                   0.0         0.0             0.0             0.0
mlx5_5                  18.6         0.0           138.6           108.3
mlx5_6                   0.0         0.0             0.0             0.0
mlx5_7                   0.0         0.0             0.0             0.0
mlx5_8                   0.0         0.0             0.0             0.0
mlx5_9                   0.0         0.0             0.0             0.0
------------------------------------------------------------------------
TOTAL                   37.2         0.0           276.1           213.4

Last Update: 2025-11-22 14:31:11
Device               TX Gbps     RX Gbps    TX Total(GB)    RX Total(GB)
========================================================================
mlx5_0                   0.0         0.0             0.0             0.0
mlx5_1                   0.0         0.0           137.5           105.1
mlx5_2                   0.0         0.0             0.0             0.0
mlx5_3                   0.0         0.0             0.0             0.0
mlx5_4                   0.0         0.0             0.0             0.0
mlx5_5                   0.0         0.0           138.6           108.3
mlx5_6                   0.0         0.0             0.0             0.0
mlx5_7                   0.0         0.0             0.0             0.0
mlx5_8                   0.0         0.0             0.0             0.0
mlx5_9                   0.0         0.0             0.0             0.0
------------------------------------------------------------------------
TOTAL                    0.0         0.0           276.1           213.4

Last Update: 2025-11-22 14:31:12
Device               TX Gbps     RX Gbps    TX Total(GB)    RX Total(GB)
========================================================================
mlx5_0                   0.0         0.0             0.0             0.0
mlx5_1                   0.0         0.0           137.5           105.1
mlx5_2                   0.0         0.0             0.0             0.0
mlx5_3                   0.0         0.0             0.0             0.0
mlx5_4                   0.0         0.0             0.0             0.0
mlx5_5                   0.0         0.0           138.6           108.3
mlx5_6                   0.0         0.0             0.0             0.0
mlx5_7                   0.0         0.0             0.0             0.0
mlx5_8                   0.0         0.0             0.0             0.0
mlx5_9                   0.0         0.0             0.0             0.0
------------------------------------------------------------------------
TOTAL                    0.0         0.0           276.1           213.4

Last Update: 2025-11-22 14:31:13
Device               TX Gbps     RX Gbps    TX Total(GB)    RX Total(GB)
========================================================================
mlx5_0                   0.0         0.0             0.0             0.0
mlx5_1                  18.7        21.9           139.9           107.9
mlx5_2                   0.0         0.0             0.0             0.0
mlx5_3                   0.0         0.0             0.0             0.0
mlx5_4                   0.0         0.0             0.0             0.0
mlx5_5                  18.7        22.5           141.0           111.1
mlx5_6                   0.0         0.0             0.0             0.0
mlx5_7                   0.0         0.0             0.0             0.0
mlx5_8                   0.0         0.0             0.0             0.0
mlx5_9                   0.0         0.0             0.0             0.0
------------------------------------------------------------------------
TOTAL                   37.5        44.4           280.9           219.0

Last Update: 2025-11-22 14:31:14
Device               TX Gbps     RX Gbps    TX Total(GB)    RX Total(GB)
========================================================================
mlx5_0                   0.0         0.0             0.0             0.0
mlx5_1                   0.0         0.0           139.9           107.9
mlx5_2                   0.0         0.0             0.0             0.0
mlx5_3                   0.0         0.0             0.0             0.0
mlx5_4                   0.0         0.0             0.0             0.0
mlx5_5                   0.0         0.0           141.0           111.1
mlx5_6                   0.0         0.0             0.0             0.0
mlx5_7                   0.0         0.0             0.0             0.0
mlx5_8                   0.0         0.0             0.0             0.0
mlx5_9                   0.0         0.0             0.0             0.0
------------------------------------------------------------------------
TOTAL                    0.0         0.0           280.9           219.0

Last Update: 2025-11-22 14:31:15
Device               TX Gbps     RX Gbps    TX Total(GB)    RX Total(GB)
========================================================================
mlx5_0                   0.0         0.0             0.0             0.0
mlx5_1                  19.3         0.0           142.3           107.9
mlx5_2                   0.0         0.0             0.0             0.0
mlx5_3                   0.0         0.0             0.0             0.0
mlx5_4                   0.0         0.0             0.0             0.0
mlx5_5                  19.5         0.0           143.4           111.1
mlx5_6                   0.0         0.0             0.0             0.0
mlx5_7                   0.0         0.0             0.0             0.0
mlx5_8                   0.0         0.0             0.0             0.0
mlx5_9                   0.0         0.0             0.0             0.0
------------------------------------------------------------------------
TOTAL                   38.8         0.0           285.7           219.0

Last Update: 2025-11-22 14:31:16
Device               TX Gbps     RX Gbps    TX Total(GB)    RX Total(GB)
========================================================================
mlx5_0                   0.0         0.0             0.0             0.0
mlx5_1                  18.7         0.0           144.6           107.9
mlx5_2                   0.0         0.0             0.0             0.0
mlx5_3                   0.0         0.0             0.0             0.0
mlx5_4                   0.0         0.0             0.0             0.0
mlx5_5                  18.6         0.0           145.8           111.1
mlx5_6                   0.0         0.0             0.0             0.0
mlx5_7                   0.0         0.0             0.0             0.0
mlx5_8                   0.0         0.0             0.0             0.0
mlx5_9                   0.0         0.0             0.0             0.0
------------------------------------------------------------------------
TOTAL                   37.2         0.0           290.4           219.0

Last Update: 2025-11-22 14:31:17
Device               TX Gbps     RX Gbps    TX Total(GB)    RX Total(GB)
========================================================================
mlx5_0                   0.0         0.0             0.0             0.0
mlx5_1                   0.0         0.0           144.6           107.9
mlx5_2                   0.0         0.0             0.0             0.0
mlx5_3                   0.0         0.0             0.0             0.0
mlx5_4                   0.0         0.0             0.0             0.0
mlx5_5                   0.0         0.0           145.8           111.1
mlx5_6                   0.0         0.0             0.0             0.0
mlx5_7                   0.0         0.0             0.0             0.0
mlx5_8                   0.0         0.0             0.0             0.0
mlx5_9                   0.0         0.0             0.0             0.0
------------------------------------------------------------------------
TOTAL                    0.0         0.0           290.4           219.0

Last Update: 2025-11-22 14:31:18
Device               TX Gbps     RX Gbps    TX Total(GB)    RX Total(GB)
========================================================================
mlx5_0                   0.0         0.0             0.0             0.0
mlx5_1                  18.5         0.0           146.9           107.9
mlx5_2                   0.0         0.0             0.0             0.0
mlx5_3                   0.0         0.0             0.0             0.0
mlx5_4                   0.0         0.0             0.0             0.0
mlx5_5                  18.7         0.0           148.1           111.1
mlx5_6                   0.0         0.0             0.0             0.0
mlx5_7                   0.0         0.0             0.0             0.0
mlx5_8                   0.0         0.0             0.0             0.0
mlx5_9                   0.0         0.0             0.0             0.0
------------------------------------------------------------------------
TOTAL                   37.2         0.0           295.1           219.0

Last Update: 2025-11-22 14:31:19
Device               TX Gbps     RX Gbps    TX Total(GB)    RX Total(GB)
========================================================================
mlx5_0                   0.0         0.0             0.0             0.0
mlx5_1                   0.0         0.0           146.9           107.9
mlx5_2                   0.0         0.0             0.0             0.0
mlx5_3                   0.0         0.0             0.0             0.0
mlx5_4                   0.0         0.0             0.0             0.0
mlx5_5                   0.0         0.0           148.1           111.1
mlx5_6                   0.0         0.0             0.0             0.0
mlx5_7                   0.0         0.0             0.0             0.0
mlx5_8                   0.0         0.0             0.0             0.0
mlx5_9                   0.0         0.0             0.0             0.0
------------------------------------------------------------------------
TOTAL                    0.0         0.0           295.1           219.0

Last Update: 2025-11-22 14:31:20
Device               TX Gbps     RX Gbps    TX Total(GB)    RX Total(GB)
========================================================================
mlx5_0                   0.0         0.0             0.0             0.0
mlx5_1                  18.7         0.0           149.3           107.9
mlx5_2                   0.0         0.0             0.0             0.0
mlx5_3                   0.0         0.0             0.0             0.0
mlx5_4                   0.0         0.0             0.0             0.0
mlx5_5                  18.6         0.0           150.5           111.1
mlx5_6                   0.0         0.0             0.0             0.0
mlx5_7                   0.0         0.0             0.0             0.0
mlx5_8                   0.0         0.0             0.0             0.0
mlx5_9                   0.0         0.0             0.0             0.0
------------------------------------------------------------------------
TOTAL                   37.3         0.0           299.7           219.0

Last Update: 2025-11-22 14:31:21
Device               TX Gbps     RX Gbps    TX Total(GB)    RX Total(GB)
========================================================================
mlx5_0                   0.0         0.0             0.0             0.0
mlx5_1                   0.0         0.0           149.3           107.9
mlx5_2                   0.0         0.0             0.0             0.0
mlx5_3                   0.0         0.0             0.0             0.0
mlx5_4                   0.0         0.0             0.0             0.0
mlx5_5                   0.0         0.0           150.5           111.1
mlx5_6                   0.0         0.0             0.0             0.0
mlx5_7                   0.0         0.0             0.0             0.0
mlx5_8                   0.0         0.0             0.0             0.0
mlx5_9                   0.0         0.0             0.0             0.0
------------------------------------------------------------------------
TOTAL                    0.0         0.0           299.7           219.0

Last Update: 2025-11-22 14:31:22
Device               TX Gbps     RX Gbps    TX Total(GB)    RX Total(GB)
========================================================================
mlx5_0                   0.0         0.0             0.0             0.0
mlx5_1                   0.0         0.0           149.3           107.9
mlx5_2                   0.0         0.0             0.0             0.0
mlx5_3                   0.0         0.0             0.0             0.0
mlx5_4                   0.0         0.0             0.0             0.0
mlx5_5                   0.0         0.0           150.5           111.1
mlx5_6                   0.0         0.0             0.0             0.0
mlx5_7                   0.0         0.0             0.0             0.0
mlx5_8                   0.0         0.0             0.0             0.0
mlx5_9                   0.0         0.0             0.0             0.0
------------------------------------------------------------------------
TOTAL                    0.0         0.0           299.7           219.0

Last Update: 2025-11-22 14:31:23
Device               TX Gbps     RX Gbps    TX Total(GB)    RX Total(GB)
========================================================================
mlx5_0                   0.0         0.0             0.0             0.0
mlx5_1                  18.5        22.0           151.6           110.6
mlx5_2                   0.0         0.0             0.0             0.0
mlx5_3                   0.0         0.0             0.0             0.0
mlx5_4                   0.0         0.0             0.0             0.0
mlx5_5                  18.9        22.4           152.8           113.9
mlx5_6                   0.0         0.0             0.0             0.0
mlx5_7                   0.0         0.0             0.0             0.0
mlx5_8                   0.0         0.0             0.0             0.0
mlx5_9                   0.0         0.0             0.0             0.0
------------------------------------------------------------------------
TOTAL                   37.5        44.4           304.5           224.6

Last Update: 2025-11-22 14:31:24
Device               TX Gbps     RX Gbps    TX Total(GB)    RX Total(GB)
========================================================================
mlx5_0                   0.0         0.0             0.0             0.0
mlx5_1                   0.0         0.0           151.6           110.6
mlx5_2                   0.0         0.0             0.0             0.0
mlx5_3                   0.0         0.0             0.0             0.0
mlx5_4                   0.0         0.0             0.0             0.0
mlx5_5                   0.0         0.0           152.8           113.9
mlx5_6                   0.0         0.0             0.0             0.0
mlx5_7                   0.0         0.0             0.0             0.0
mlx5_8                   0.0         0.0             0.0             0.0
mlx5_9                   0.0         0.0             0.0             0.0
------------------------------------------------------------------------
TOTAL                    0.0         0.0           304.5           224.6

Last Update: 2025-11-22 14:31:26
Device               TX Gbps     RX Gbps    TX Total(GB)    RX Total(GB)
========================================================================
mlx5_0                   0.0         0.0             0.0             0.0
mlx5_1                  18.1         0.0           153.9           110.6
mlx5_2                   0.0         0.0             0.0             0.0
mlx5_3                   0.0         0.0             0.0             0.0
mlx5_4                   0.0         0.0             0.0             0.0
mlx5_5                  18.3         0.0           155.1           113.9
mlx5_6                   0.0         0.0             0.0             0.0
mlx5_7                   0.0         0.0             0.0             0.0
mlx5_8                   0.0         0.0             0.0             0.0
mlx5_9                   0.0         0.0             0.0             0.0
------------------------------------------------------------------------
TOTAL                   36.4         0.0           309.0           224.6

Last Update: 2025-11-22 14:31:27
Device               TX Gbps     RX Gbps    TX Total(GB)    RX Total(GB)
========================================================================
mlx5_0                   0.0         0.0             0.0             0.0
mlx5_1                  18.5         0.0           156.2           110.6
mlx5_2                   0.0         0.0             0.0             0.0
mlx5_3                   0.0         0.0             0.0             0.0
mlx5_4                   0.0         0.0             0.0             0.0
mlx5_5                  18.7         0.0           157.5           113.9
mlx5_6                   0.0         0.0             0.0             0.0
mlx5_7                   0.0         0.0             0.0             0.0
mlx5_8                   0.0         0.0             0.0             0.0
mlx5_9                   0.0         0.0             0.0             0.0
------------------------------------------------------------------------
TOTAL                   37.2         0.0           313.7           224.6

Last Update: 2025-11-22 14:31:28
Device               TX Gbps     RX Gbps    TX Total(GB)    RX Total(GB)
========================================================================
mlx5_0                   0.0         0.0             0.0             0.0
mlx5_1                   0.0         0.0           156.2           110.6
mlx5_2                   0.0         0.0             0.0             0.0
mlx5_3                   0.0         0.0             0.0             0.0
mlx5_4                   0.0         0.0             0.0             0.0
mlx5_5                   0.0         0.0           157.5           113.9
mlx5_6                   0.0         0.0             0.0             0.0
mlx5_7                   0.0         0.0             0.0             0.0
mlx5_8                   0.0         0.0             0.0             0.0
mlx5_9                   0.0         0.0             0.0             0.0
------------------------------------------------------------------------
TOTAL                    0.0         0.0           313.7           224.6

Last Update: 2025-11-22 14:31:29
Device               TX Gbps     RX Gbps    TX Total(GB)    RX Total(GB)
========================================================================
mlx5_0                   0.0         0.0             0.0             0.0
mlx5_1                  18.6         0.0           158.6           110.6
mlx5_2                   0.0         0.0             0.0             0.0
mlx5_3                   0.0         0.0             0.0             0.0
mlx5_4                   0.0         0.0             0.0             0.0
mlx5_5                  18.6         0.0           159.8           113.9
mlx5_6                   0.0         0.0             0.0             0.0
mlx5_7                   0.0         0.0             0.0             0.0
mlx5_8                   0.0         0.0             0.0             0.0
mlx5_9                   0.0         0.0             0.0             0.0
------------------------------------------------------------------------
TOTAL                   37.2         0.0           318.4           224.6

Last Update: 2025-11-22 14:31:30
Device               TX Gbps     RX Gbps    TX Total(GB)    RX Total(GB)
========================================================================
mlx5_0                   0.0         0.0             0.0             0.0
mlx5_1                   0.0         0.0           158.6           110.6
mlx5_2                   0.0         0.0             0.0             0.0
mlx5_3                   0.0         0.0             0.0             0.0
mlx5_4                   0.0         0.0             0.0             0.0
mlx5_5                   0.0         0.0           159.8           113.9
mlx5_6                   0.0         0.0             0.0             0.0
mlx5_7                   0.0         0.0             0.0             0.0
mlx5_8                   0.0         0.0             0.0             0.0
mlx5_9                   0.0         0.0             0.0             0.0
------------------------------------------------------------------------
TOTAL                    0.0         0.0           318.4           224.6

Last Update: 2025-11-22 14:31:31
Device               TX Gbps     RX Gbps    TX Total(GB)    RX Total(GB)
========================================================================
mlx5_0                   0.0         0.0             0.0             0.0
mlx5_1                  18.6         0.0           160.9           110.6
mlx5_2                   0.0         0.0             0.0             0.0
mlx5_3                   0.0         0.0             0.0             0.0
mlx5_4                   0.0         0.0             0.0             0.0
mlx5_5                  18.6         0.0           162.2           113.9
mlx5_6                   0.0         0.0             0.0             0.0
mlx5_7                   0.0         0.0             0.0             0.0
mlx5_8                   0.0         0.0             0.0             0.0
mlx5_9                   0.0         0.0             0.0             0.0
------------------------------------------------------------------------
TOTAL                   37.2         0.0           323.1           224.6

Last Update: 2025-11-22 14:31:32
Device               TX Gbps     RX Gbps    TX Total(GB)    RX Total(GB)
========================================================================
mlx5_0                   0.0         0.0             0.0             0.0
mlx5_1                   0.0         0.0           160.9           110.6
mlx5_2                   0.0         0.0             0.0             0.0
mlx5_3                   0.0         0.0             0.0             0.0
mlx5_4                   0.0         0.0             0.0             0.0
mlx5_5                   0.0         0.0           162.2           113.9
mlx5_6                   0.0         0.0             0.0             0.0
mlx5_7                   0.0         0.0             0.0             0.0
mlx5_8                   0.0         0.0             0.0             0.0
mlx5_9                   0.0         0.0             0.0             0.0
------------------------------------------------------------------------
TOTAL                    0.0         0.0           323.1           224.6

Last Update: 2025-11-22 14:31:33
Device               TX Gbps     RX Gbps    TX Total(GB)    RX Total(GB)
========================================================================
mlx5_0                   0.0         0.0             0.0             0.0
mlx5_1                   0.0         0.0           160.9           110.6
mlx5_2                   0.0         0.0             0.0             0.0
mlx5_3                   0.0         0.0             0.0             0.0
mlx5_4                   0.0         0.0             0.0             0.0
mlx5_5                   0.0         0.0           162.2           113.9
mlx5_6                   0.0         0.0             0.0             0.0
mlx5_7                   0.0         0.0             0.0             0.0
mlx5_8                   0.0         0.0             0.0             0.0
mlx5_9                   0.0         0.0             0.0             0.0
------------------------------------------------------------------------
TOTAL                    0.0         0.0           323.1           224.6

Last Update: 2025-11-22 14:31:34
Device               TX Gbps     RX Gbps    TX Total(GB)    RX Total(GB)
========================================================================
mlx5_0                   0.0         0.0             0.0             0.0
mlx5_1                  18.4        22.0           163.2           113.4
mlx5_2                   0.0         0.0             0.0             0.0
mlx5_3                   0.0         0.0             0.0             0.0
mlx5_4                   0.0         0.0             0.0             0.0
mlx5_5                  18.9        22.4           164.5           116.7
mlx5_6                   0.0         0.0             0.0             0.0
mlx5_7                   0.0         0.0             0.0             0.0
mlx5_8                   0.0         0.0             0.0             0.0
mlx5_9                   0.0         0.0             0.0             0.0
------------------------------------------------------------------------
TOTAL                   37.4        44.4           327.8           230.2

Last Update: 2025-11-22 14:31:35
Device               TX Gbps     RX Gbps    TX Total(GB)    RX Total(GB)
========================================================================
mlx5_0                   0.0         0.0             0.0             0.0
mlx5_1                   0.0         0.0           163.2           113.4
mlx5_2                   0.0         0.0             0.0             0.0
mlx5_3                   0.0         0.0             0.0             0.0
mlx5_4                   0.0         0.0             0.0             0.0
mlx5_5                   0.0         0.0           164.5           116.7
mlx5_6                   0.0         0.0             0.0             0.0
mlx5_7                   0.0         0.0             0.0             0.0
mlx5_8                   0.0         0.0             0.0             0.0
mlx5_9                   0.0         0.0             0.0             0.0
------------------------------------------------------------------------
TOTAL                    0.0         0.0           327.8           230.2

Last Update: 2025-11-22 14:31:36
Device               TX Gbps     RX Gbps    TX Total(GB)    RX Total(GB)
========================================================================
mlx5_0                   0.0         0.0             0.0             0.0
mlx5_1                  18.3         0.0           165.5           113.4
mlx5_2                   0.0         0.0             0.0             0.0
mlx5_3                   0.0         0.0             0.0             0.0
mlx5_4                   0.0         0.0             0.0             0.0
mlx5_5                  18.2         0.0           166.8           116.8
mlx5_6                   0.0         0.0             0.0             0.0
mlx5_7                   0.0         0.0             0.0             0.0
mlx5_8                   0.0         0.0             0.0             0.0
mlx5_9                   0.0         0.0             0.0             0.0
------------------------------------------------------------------------
TOTAL                   36.4         0.0           332.3           230.2

Last Update: 2025-11-22 14:31:37
Device               TX Gbps     RX Gbps    TX Total(GB)    RX Total(GB)
========================================================================
mlx5_0                   0.0         0.0             0.0             0.0
mlx5_1                   5.0         0.0           166.1           113.4
mlx5_2                   0.0         0.0             0.0             0.0
mlx5_3                   0.0         0.0             0.0             0.0
mlx5_4                   0.0         0.0             0.0             0.0
mlx5_5                   6.3         0.0           167.6           116.8
mlx5_6                   0.0         0.0             0.0             0.0
mlx5_7                   0.0         0.0             0.0             0.0
mlx5_8                   0.0         0.0             0.0             0.0
mlx5_9                   0.0         0.0             0.0             0.0
------------------------------------------------------------------------
TOTAL                   11.3         0.0           333.7           230.2

Last Update: 2025-11-22 14:31:38
Device               TX Gbps     RX Gbps    TX Total(GB)    RX Total(GB)
========================================================================
mlx5_0                   0.0         0.0             0.0             0.0
mlx5_1                  13.5         0.0           167.8           113.4
mlx5_2                   0.0         0.0             0.0             0.0
mlx5_3                   0.0         0.0             0.0             0.0
mlx5_4                   0.0         0.0             0.0             0.0
mlx5_5                  12.4         0.0           169.2           116.8
mlx5_6                   0.0         0.0             0.0             0.0
mlx5_7                   0.0         0.0             0.0             0.0
mlx5_8                   0.0         0.0             0.0             0.0
mlx5_9                   0.0         0.0             0.0             0.0
------------------------------------------------------------------------
TOTAL                   25.9         0.0           337.0           230.2

Last Update: 2025-11-22 14:31:39
Device               TX Gbps     RX Gbps    TX Total(GB)    RX Total(GB)
========================================================================
mlx5_0                   0.0         0.0             0.0             0.0
mlx5_1                  18.4         0.0           170.1           113.4
mlx5_2                   0.0         0.0             0.0             0.0
mlx5_3                   0.0         0.0             0.0             0.0
mlx5_4                   0.0         0.0             0.0             0.0
mlx5_5                  18.8         0.0           171.5           116.8
mlx5_6                   0.0         0.0             0.0             0.0
mlx5_7                   0.0         0.0             0.0             0.0
mlx5_8                   0.0         0.0             0.0             0.0
mlx5_9                   0.0         0.0             0.0             0.0
------------------------------------------------------------------------
TOTAL                   37.2         0.0           341.7           230.2

Last Update: 2025-11-22 14:31:40
Device               TX Gbps     RX Gbps    TX Total(GB)    RX Total(GB)
========================================================================
mlx5_0                   0.0         0.0             0.0             0.0
mlx5_1                   0.0         0.0           170.1           113.4
mlx5_2                   0.0         0.0             0.0             0.0
mlx5_3                   0.0         0.0             0.0             0.0
mlx5_4                   0.0         0.0             0.0             0.0
mlx5_5                   0.0         0.0           171.5           116.8
mlx5_6                   0.0         0.0             0.0             0.0
mlx5_7                   0.0         0.0             0.0             0.0
mlx5_8                   0.0         0.0             0.0             0.0
mlx5_9                   0.0         0.0             0.0             0.0
------------------------------------------------------------------------
TOTAL                    0.0         0.0           341.7           230.2

Last Update: 2025-11-22 14:31:41
Device               TX Gbps     RX Gbps    TX Total(GB)    RX Total(GB)
========================================================================
mlx5_0                   0.0         0.0             0.0             0.0
mlx5_1                   0.0         0.0           170.1           113.4
mlx5_2                   0.0         0.0             0.0             0.0
mlx5_3                   0.0         0.0             0.0             0.0
mlx5_4                   0.0         0.0             0.0             0.0
mlx5_5                   0.0         0.0           171.5           116.8
mlx5_6                   0.0         0.0             0.0             0.0
mlx5_7                   0.0         0.0             0.0             0.0
mlx5_8                   0.0         0.0             0.0             0.0
mlx5_9                   0.0         0.0             0.0             0.0
------------------------------------------------------------------------
TOTAL                    0.0         0.0           341.7           230.2

Last Update: 2025-11-22 14:31:42
Device               TX Gbps     RX Gbps    TX Total(GB)    RX Total(GB)
========================================================================
mlx5_0                   0.0         0.0             0.0             0.0
mlx5_1                  18.6         0.0           172.5           113.4
mlx5_2                   0.0         0.0             0.0             0.0
mlx5_3                   0.0         0.0             0.0             0.0
mlx5_4                   0.0         0.0             0.0             0.0
mlx5_5                  18.7         0.0           173.9           116.8
mlx5_6                   0.0         0.0             0.0             0.0
mlx5_7                   0.0         0.0             0.0             0.0
mlx5_8                   0.0         0.0             0.0             0.0
mlx5_9                   0.0         0.0             0.0             0.0
------------------------------------------------------------------------
TOTAL                   37.2         0.0           346.4           230.2

Last Update: 2025-11-22 14:31:43
Device               TX Gbps     RX Gbps    TX Total(GB)    RX Total(GB)
========================================================================
mlx5_0                   0.0         0.0             0.0             0.0
mlx5_1                   0.0         0.0           172.5           113.4
mlx5_2                   0.0         0.0             0.0             0.0
mlx5_3                   0.0         0.0             0.0             0.0
mlx5_4                   0.0         0.0             0.0             0.0
mlx5_5                   0.0         0.0           173.9           116.8
mlx5_6                   0.0         0.0             0.0             0.0
mlx5_7                   0.0         0.0             0.0             0.0
mlx5_8                   0.0         0.0             0.0             0.0
mlx5_9                   0.0         0.0             0.0             0.0
------------------------------------------------------------------------
TOTAL                    0.0         0.0           346.4           230.2

Last Update: 2025-11-22 14:31:44
Device               TX Gbps     RX Gbps    TX Total(GB)    RX Total(GB)
========================================================================
mlx5_0                   0.0         0.0             0.0             0.0
mlx5_1                  18.7        21.9           174.8           116.2
mlx5_2                   0.0         0.0             0.0             0.0
mlx5_3                   0.0         0.0             0.0             0.0
mlx5_4                   0.0         0.0             0.0             0.0
mlx5_5                  18.7        22.6           176.2           119.6
mlx5_6                   0.0         0.0             0.0             0.0
mlx5_7                   0.0         0.0             0.0             0.0
mlx5_8                   0.0         0.0             0.0             0.0
mlx5_9                   0.0         0.0             0.0             0.0
------------------------------------------------------------------------
TOTAL                   37.4        44.4           351.1           235.8

Last Update: 2025-11-22 14:31:45
Device               TX Gbps     RX Gbps    TX Total(GB)    RX Total(GB)
========================================================================
mlx5_0                   0.0         0.0             0.0             0.0
mlx5_1                   0.0         0.0           174.8           116.2
mlx5_2                   0.0         0.0             0.0             0.0
mlx5_3                   0.0         0.0             0.0             0.0
mlx5_4                   0.0         0.0             0.0             0.0
mlx5_5                   0.0         0.0           176.2           119.6
mlx5_6                   0.0         0.0             0.0             0.0
mlx5_7                   0.0         0.0             0.0             0.0
mlx5_8                   0.0         0.0             0.0             0.0
mlx5_9                   0.0         0.0             0.0             0.0
------------------------------------------------------------------------
TOTAL                    0.0         0.0           351.1           235.8

Last Update: 2025-11-22 14:31:46
Device               TX Gbps     RX Gbps    TX Total(GB)    RX Total(GB)
========================================================================
mlx5_0                   0.0         0.0             0.0             0.0
mlx5_1                  19.4         0.0           177.3           116.2
mlx5_2                   0.0         0.0             0.0             0.0
mlx5_3                   0.0         0.0             0.0             0.0
mlx5_4                   0.0         0.0             0.0             0.0
mlx5_5                  19.3         0.0           178.7           119.6
mlx5_6                   0.0         0.0             0.0             0.0
mlx5_7                   0.0         0.0             0.0             0.0
mlx5_8                   0.0         0.0             0.0             0.0
mlx5_9                   0.0         0.0             0.0             0.0
------------------------------------------------------------------------
TOTAL                   38.8         0.0           355.9           235.8

Last Update: 2025-11-22 14:31:47
Device               TX Gbps     RX Gbps    TX Total(GB)    RX Total(GB)
========================================================================
mlx5_0                   0.0         0.0             0.0             0.0
mlx5_1                   0.0         0.0           177.3           116.2
mlx5_2                   0.0         0.0             0.0             0.0
mlx5_3                   0.0         0.0             0.0             0.0
mlx5_4                   0.0         0.0             0.0             0.0
mlx5_5                   0.0         0.0           178.7           119.6
mlx5_6                   0.0         0.0             0.0             0.0
mlx5_7                   0.0         0.0             0.0             0.0
mlx5_8                   0.0         0.0             0.0             0.0
mlx5_9                   0.0         0.0             0.0             0.0
------------------------------------------------------------------------
TOTAL                    0.0         0.0           355.9           235.8

Last Update: 2025-11-22 14:31:48
Device               TX Gbps     RX Gbps    TX Total(GB)    RX Total(GB)
========================================================================
mlx5_0                   0.0         0.0             0.0             0.0
mlx5_1                  18.8         0.0           179.6           116.2
mlx5_2                   0.0         0.0             0.0             0.0
mlx5_3                   0.0         0.0             0.0             0.0
mlx5_4                   0.0         0.0             0.0             0.0
mlx5_5                  18.5         0.0           181.0           119.6
mlx5_6                   0.0         0.0             0.0             0.0
mlx5_7                   0.0         0.0             0.0             0.0
mlx5_8                   0.0         0.0             0.0             0.0
mlx5_9                   0.0         0.0             0.0             0.0
------------------------------------------------------------------------
TOTAL                   37.2         0.0           360.6           235.8

Last Update: 2025-11-22 14:31:49
Device               TX Gbps     RX Gbps    TX Total(GB)    RX Total(GB)
========================================================================
mlx5_0                   0.0         0.0             0.0             0.0
mlx5_1                   0.0         0.0           179.6           116.2
mlx5_2                   0.0         0.0             0.0             0.0
mlx5_3                   0.0         0.0             0.0             0.0
mlx5_4                   0.0         0.0             0.0             0.0
mlx5_5                   0.0         0.0           181.0           119.6
mlx5_6                   0.0         0.0             0.0             0.0
mlx5_7                   0.0         0.0             0.0             0.0
mlx5_8                   0.0         0.0             0.0             0.0
mlx5_9                   0.0         0.0             0.0             0.0
------------------------------------------------------------------------
TOTAL                    0.0         0.0           360.6           235.8

Last Update: 2025-11-22 14:31:50
Device               TX Gbps     RX Gbps    TX Total(GB)    RX Total(GB)
========================================================================
mlx5_0                   0.0         0.0             0.0             0.0
mlx5_1                  18.6         0.0           182.0           116.2
mlx5_2                   0.0         0.0             0.0             0.0
mlx5_3                   0.0         0.0             0.0             0.0
mlx5_4                   0.0         0.0             0.0             0.0
mlx5_5                  18.6         0.0           183.3           119.6
mlx5_6                   0.0         0.0             0.0             0.0
mlx5_7                   0.0         0.0             0.0             0.0
mlx5_8                   0.0         0.0             0.0             0.0
mlx5_9                   0.0         0.0             0.0             0.0
------------------------------------------------------------------------
TOTAL                   37.2         0.0           365.3           235.8

Last Update: 2025-11-22 14:31:51
Device               TX Gbps     RX Gbps    TX Total(GB)    RX Total(GB)
========================================================================
mlx5_0                   0.0         0.0             0.0             0.0
mlx5_1                   0.0         0.0           182.0           116.2
mlx5_2                   0.0         0.0             0.0             0.0
mlx5_3                   0.0         0.0             0.0             0.0
mlx5_4                   0.0         0.0             0.0             0.0
mlx5_5                   0.0         0.0           183.3           119.6
mlx5_6                   0.0         0.0             0.0             0.0
mlx5_7                   0.0         0.0             0.0             0.0
mlx5_8                   0.0         0.0             0.0             0.0
mlx5_9                   0.0         0.0             0.0             0.0
------------------------------------------------------------------------
TOTAL                    0.0         0.0           365.3           235.8

Last Update: 2025-11-22 14:31:52
Device               TX Gbps     RX Gbps    TX Total(GB)    RX Total(GB)
========================================================================
mlx5_0                   0.0         0.0             0.0             0.0
mlx5_1                  18.5         0.0           184.3           116.2
mlx5_2                   0.0         0.0             0.0             0.0
mlx5_3                   0.0         0.0             0.0             0.0
mlx5_4                   0.0         0.0             0.0             0.0
mlx5_5                  18.7         0.0           185.7           119.6
mlx5_6                   0.0         0.0             0.0             0.0
mlx5_7                   0.0         0.0             0.0             0.0
mlx5_8                   0.0         0.0             0.0             0.0
mlx5_9                   0.0         0.0             0.0             0.0
------------------------------------------------------------------------
TOTAL                   37.2         0.0           370.0           235.8

Last Update: 2025-11-22 14:31:53
Device               TX Gbps     RX Gbps    TX Total(GB)    RX Total(GB)
========================================================================
mlx5_0                   0.0         0.0             0.0             0.0
mlx5_1                   0.0         0.0           184.3           116.2
mlx5_2                   0.0         0.0             0.0             0.0
mlx5_3                   0.0         0.0             0.0             0.0
mlx5_4                   0.0         0.0             0.0             0.0
mlx5_5                   0.0         0.0           185.7           119.6
mlx5_6                   0.0         0.0             0.0             0.0
mlx5_7                   0.0         0.0             0.0             0.0
mlx5_8                   0.0         0.0             0.0             0.0
mlx5_9                   0.0         0.0             0.0             0.0
------------------------------------------------------------------------
TOTAL                    0.0         0.0           370.0           235.8

Last Update: 2025-11-22 14:31:54
Device               TX Gbps     RX Gbps    TX Total(GB)    RX Total(GB)
========================================================================
mlx5_0                   0.0         0.0             0.0             0.0
mlx5_1                   8.8         0.0           185.4           116.2
mlx5_2                   0.0         0.0             0.0             0.0
mlx5_3                   0.0         0.0             0.0             0.0
mlx5_4                   0.0         0.0             0.0             0.0
mlx5_5                   9.3         0.0           186.8           119.6
mlx5_6                   0.0         0.0             0.0             0.0
mlx5_7                   0.0         0.0             0.0             0.0
mlx5_8                   0.0         0.0             0.0             0.0
mlx5_9                   0.0         0.0             0.0             0.0
------------------------------------------------------------------------
TOTAL                   18.1         0.0           372.2           235.8

Last Update: 2025-11-22 14:31:55
Device               TX Gbps     RX Gbps    TX Total(GB)    RX Total(GB)
========================================================================
mlx5_0                   0.0         0.0             0.0             0.0
mlx5_1                   9.7        21.8           186.6           118.9
mlx5_2                   0.0         0.0             0.0             0.0
mlx5_3                   0.0         0.0             0.0             0.0
mlx5_4                   0.0         0.0             0.0             0.0
mlx5_5                   9.5        22.6           188.0           122.4
mlx5_6                   0.0         0.0             0.0             0.0
mlx5_7                   0.0         0.0             0.0             0.0
mlx5_8                   0.0         0.0             0.0             0.0
mlx5_9                   0.0         0.0             0.0             0.0
------------------------------------------------------------------------
TOTAL                   19.3        44.4           374.7           241.4

Last Update: 2025-11-22 14:31:56
Device               TX Gbps     RX Gbps    TX Total(GB)    RX Total(GB)
========================================================================
mlx5_0                   0.0         0.0             0.0             0.0
mlx5_1                  18.1         0.0           188.9           118.9
mlx5_2                   0.0         0.0             0.0             0.0
mlx5_3                   0.0         0.0             0.0             0.0
mlx5_4                   0.0         0.0             0.0             0.0
mlx5_5                  18.3         0.0           190.3           122.4
mlx5_6                   0.0         0.0             0.0             0.0
mlx5_7                   0.0         0.0             0.0             0.0
mlx5_8                   0.0         0.0             0.0             0.0
mlx5_9                   0.0         0.0             0.0             0.0
------------------------------------------------------------------------
TOTAL                   36.4         0.0           379.2           241.4

Last Update: 2025-11-22 14:31:57
Device               TX Gbps     RX Gbps    TX Total(GB)    RX Total(GB)
========================================================================
mlx5_0                   0.0         0.0             0.0             0.0
mlx5_1                   0.0         0.0           188.9           118.9
mlx5_2                   0.0         0.0             0.0             0.0
mlx5_3                   0.0         0.0             0.0             0.0
mlx5_4                   0.0         0.0             0.0             0.0
mlx5_5                   0.0         0.0           190.3           122.4
mlx5_6                   0.0         0.0             0.0             0.0
mlx5_7                   0.0         0.0             0.0             0.0
mlx5_8                   0.0         0.0             0.0             0.0
mlx5_9                   0.0         0.0             0.0             0.0
------------------------------------------------------------------------
TOTAL                    0.0         0.0           379.2           241.4

Last Update: 2025-11-22 14:31:58
Device               TX Gbps     RX Gbps    TX Total(GB)    RX Total(GB)
========================================================================
mlx5_0                   0.0         0.0             0.0             0.0
mlx5_1                  18.6         0.0           191.2           118.9
mlx5_2                   0.0         0.0             0.0             0.0
mlx5_3                   0.0         0.0             0.0             0.0
mlx5_4                   0.0         0.0             0.0             0.0
mlx5_5                  18.6         0.0           192.7           122.4
mlx5_6                   0.0         0.0             0.0             0.0
mlx5_7                   0.0         0.0             0.0             0.0
mlx5_8                   0.0         0.0             0.0             0.0
mlx5_9                   0.0         0.0             0.0             0.0
------------------------------------------------------------------------
TOTAL                   37.2         0.0           383.9           241.4

Last Update: 2025-11-22 14:31:59
Device               TX Gbps     RX Gbps    TX Total(GB)    RX Total(GB)
========================================================================
mlx5_0                   0.0         0.0             0.0             0.0
mlx5_1                   0.0         0.0           191.2           118.9
mlx5_2                   0.0         0.0             0.0             0.0
mlx5_3                   0.0         0.0             0.0             0.0
mlx5_4                   0.0         0.0             0.0             0.0
mlx5_5                   0.0         0.0           192.7           122.4
mlx5_6                   0.0         0.0             0.0             0.0
mlx5_7                   0.0         0.0             0.0             0.0
mlx5_8                   0.0         0.0             0.0             0.0
mlx5_9                   0.0         0.0             0.0             0.0
------------------------------------------------------------------------
TOTAL                    0.0         0.0           383.9           241.4

Last Update: 2025-11-22 14:32:00
Device               TX Gbps     RX Gbps    TX Total(GB)    RX Total(GB)
========================================================================
mlx5_0                   0.0         0.0             0.0             0.0
mlx5_1                  18.6         0.0           193.6           118.9
mlx5_2                   0.0         0.0             0.0             0.0
mlx5_3                   0.0         0.0             0.0             0.0
mlx5_4                   0.0         0.0             0.0             0.0
mlx5_5                  18.6         0.0           195.0           122.4
mlx5_6                   0.0         0.0             0.0             0.0
mlx5_7                   0.0         0.0             0.0             0.0
mlx5_8                   0.0         0.0             0.0             0.0
mlx5_9                   0.0         0.0             0.0             0.0
------------------------------------------------------------------------
TOTAL                   37.2         0.0           388.6           241.4

Last Update: 2025-11-22 14:32:01
Device               TX Gbps     RX Gbps    TX Total(GB)    RX Total(GB)
========================================================================
mlx5_0                   0.0         0.0             0.0             0.0
mlx5_1                   0.0         0.0           193.6           118.9
mlx5_2                   0.0         0.0             0.0             0.0
mlx5_3                   0.0         0.0             0.0             0.0
mlx5_4                   0.0         0.0             0.0             0.0
mlx5_5                   0.0         0.0           195.0           122.4
mlx5_6                   0.0         0.0             0.0             0.0
mlx5_7                   0.0         0.0             0.0             0.0
mlx5_8                   0.0         0.0             0.0             0.0
mlx5_9                   0.0         0.0             0.0             0.0
------------------------------------------------------------------------
TOTAL                    0.0         0.0           388.6           241.4

Last Update: 2025-11-22 14:32:02
Device               TX Gbps     RX Gbps    TX Total(GB)    RX Total(GB)
========================================================================
mlx5_0                   0.0         0.0             0.0             0.0
mlx5_1                  18.6         0.0           195.9           118.9
mlx5_2                   0.0         0.0             0.0             0.0
mlx5_3                   0.0         0.0             0.0             0.0
mlx5_4                   0.0         0.0             0.0             0.0
mlx5_5                  18.7         0.0           197.4           122.5
mlx5_6                   0.0         0.0             0.0             0.0
mlx5_7                   0.0         0.0             0.0             0.0
mlx5_8                   0.0         0.0             0.0             0.0
mlx5_9                   0.0         0.0             0.0             0.0
------------------------------------------------------------------------
TOTAL                   37.2         0.0           393.3           241.4

Last Update: 2025-11-22 14:32:03
Device               TX Gbps     RX Gbps    TX Total(GB)    RX Total(GB)
========================================================================
mlx5_0                   0.0         0.0             0.0             0.0
mlx5_1                   0.0         0.0           195.9           118.9
mlx5_2                   0.0         0.0             0.0             0.0
mlx5_3                   0.0         0.0             0.0             0.0
mlx5_4                   0.0         0.0             0.0             0.0
mlx5_5                   0.0         0.0           197.4           122.5
mlx5_6                   0.0         0.0             0.0             0.0
mlx5_7                   0.0         0.0             0.0             0.0
mlx5_8                   0.0         0.0             0.0             0.0
mlx5_9                   0.0         0.0             0.0             0.0
------------------------------------------------------------------------
TOTAL                    0.0         0.0           393.3           241.4

Last Update: 2025-11-22 14:32:04
Device               TX Gbps     RX Gbps    TX Total(GB)    RX Total(GB)
========================================================================
mlx5_0                   0.0         0.0             0.0             0.0
mlx5_1                   0.0         0.0           195.9           118.9
mlx5_2                   0.0         0.0             0.0             0.0
mlx5_3                   0.0         0.0             0.0             0.0
mlx5_4                   0.0         0.0             0.0             0.0
mlx5_5                   0.0         0.0           197.4           122.5
mlx5_6                   0.0         0.0             0.0             0.0
mlx5_7                   0.0         0.0             0.0             0.0
mlx5_8                   0.0         0.0             0.0             0.0
mlx5_9                   0.0         0.0             0.0             0.0
------------------------------------------------------------------------
TOTAL                    0.0         0.0           393.3           241.4

Last Update: 2025-11-22 14:32:05
Device               TX Gbps     RX Gbps    TX Total(GB)    RX Total(GB)
========================================================================
mlx5_0                   0.0         0.0             0.0             0.0
mlx5_1                  18.5        22.0           198.2           121.7
mlx5_2                   0.0         0.0             0.0             0.0
mlx5_3                   0.0         0.0             0.0             0.0
mlx5_4                   0.0         0.0             0.0             0.0
mlx5_5                  18.9        22.4           199.7           125.3
mlx5_6                   0.0         0.0             0.0             0.0
mlx5_7                   0.0         0.0             0.0             0.0
mlx5_8                   0.0         0.0             0.0             0.0
mlx5_9                   0.0         0.0             0.0             0.0
------------------------------------------------------------------------
TOTAL                   37.4        44.4           398.0           247.0

Last Update: 2025-11-22 14:32:06
Device               TX Gbps     RX Gbps    TX Total(GB)    RX Total(GB)
========================================================================
mlx5_0                   0.0         0.0             0.0             0.0
mlx5_1                  18.3         0.0           200.5           121.7
mlx5_2                   0.0         0.0             0.0             0.0
mlx5_3                   0.0         0.0             0.0             0.0
mlx5_4                   0.0         0.0             0.0             0.0
mlx5_5                  18.1         0.0           202.0           125.3
mlx5_6                   0.0         0.0             0.0             0.0
mlx5_7                   0.0         0.0             0.0             0.0
mlx5_8                   0.0         0.0             0.0             0.0
mlx5_9                   0.0         0.0             0.0             0.0
------------------------------------------------------------------------
TOTAL                   36.4         0.0           402.5           247.0

Last Update: 2025-11-22 14:32:07
Device               TX Gbps     RX Gbps    TX Total(GB)    RX Total(GB)
========================================================================
mlx5_0                   0.0         0.0             0.0             0.0
mlx5_1                   0.0         0.0           200.5           121.7
mlx5_2                   0.0         0.0             0.0             0.0
mlx5_3                   0.0         0.0             0.0             0.0
mlx5_4                   0.0         0.0             0.0             0.0
mlx5_5                   0.0         0.0           202.0           125.3
mlx5_6                   0.0         0.0             0.0             0.0
mlx5_7                   0.0         0.0             0.0             0.0
mlx5_8                   0.0         0.0             0.0             0.0
mlx5_9                   0.0         0.0             0.0             0.0
------------------------------------------------------------------------
TOTAL                    0.0         0.0           402.5           247.0

Last Update: 2025-11-22 14:32:08
Device               TX Gbps     RX Gbps    TX Total(GB)    RX Total(GB)
========================================================================
mlx5_0                   0.0         0.0             0.0             0.0
mlx5_1                  18.6         0.0           202.9           121.7
mlx5_2                   0.0         0.0             0.0             0.0
mlx5_3                   0.0         0.0             0.0             0.0
mlx5_4                   0.0         0.0             0.0             0.0
mlx5_5                  18.6         0.0           204.4           125.3
mlx5_6                   0.0         0.0             0.0             0.0
mlx5_7                   0.0         0.0             0.0             0.0
mlx5_8                   0.0         0.0             0.0             0.0
mlx5_9                   0.0         0.0             0.0             0.0
------------------------------------------------------------------------
TOTAL                   37.2         0.0           407.2           247.0

Last Update: 2025-11-22 14:32:09
Device               TX Gbps     RX Gbps    TX Total(GB)    RX Total(GB)
========================================================================
mlx5_0                   0.0         0.0             0.0             0.0
mlx5_1                   0.0         0.0           202.9           121.7
mlx5_2                   0.0         0.0             0.0             0.0
mlx5_3                   0.0         0.0             0.0             0.0
mlx5_4                   0.0         0.0             0.0             0.0
mlx5_5                   0.0         0.0           204.4           125.3
mlx5_6                   0.0         0.0             0.0             0.0
mlx5_7                   0.0         0.0             0.0             0.0
mlx5_8                   0.0         0.0             0.0             0.0
mlx5_9                   0.0         0.0             0.0             0.0
------------------------------------------------------------------------
TOTAL                    0.0         0.0           407.2           247.0

Last Update: 2025-11-22 14:32:10
Device               TX Gbps     RX Gbps    TX Total(GB)    RX Total(GB)
========================================================================
mlx5_0                   0.0         0.0             0.0             0.0
mlx5_1                  18.5         0.0           205.2           121.7
mlx5_2                   0.0         0.0             0.0             0.0
mlx5_3                   0.0         0.0             0.0             0.0
mlx5_4                   0.0         0.0             0.0             0.0
mlx5_5                  18.8         0.0           206.7           125.3
mlx5_6                   0.0         0.0             0.0             0.0
mlx5_7                   0.0         0.0             0.0             0.0
mlx5_8                   0.0         0.0             0.0             0.0
mlx5_9                   0.0         0.0             0.0             0.0
------------------------------------------------------------------------
TOTAL                   37.2         0.0           411.9           247.0

Last Update: 2025-11-22 14:32:11
Device               TX Gbps     RX Gbps    TX Total(GB)    RX Total(GB)
========================================================================
mlx5_0                   0.0         0.0             0.0             0.0
mlx5_1                   0.0         0.0           205.2           121.7
mlx5_2                   0.0         0.0             0.0             0.0
mlx5_3                   0.0         0.0             0.0             0.0
mlx5_4                   0.0         0.0             0.0             0.0
mlx5_5                   0.0         0.0           206.7           125.3
mlx5_6                   0.0         0.0             0.0             0.0
mlx5_7                   0.0         0.0             0.0             0.0
mlx5_8                   0.0         0.0             0.0             0.0
mlx5_9                   0.0         0.0             0.0             0.0
------------------------------------------------------------------------
TOTAL                    0.0         0.0           411.9           247.0

Last Update: 2025-11-22 14:32:12
Device               TX Gbps     RX Gbps    TX Total(GB)    RX Total(GB)
========================================================================
mlx5_0                   0.0         0.0             0.0             0.0
mlx5_1                  18.6         6.9           207.5           122.6
mlx5_2                   0.0         0.0             0.0             0.0
mlx5_3                   0.0         0.0             0.0             0.0
mlx5_4                   0.0         0.0             0.0             0.0
mlx5_5                  18.7         7.6           209.1           126.2
mlx5_6                   0.0         0.0             0.0             0.0
mlx5_7                   0.0         0.0             0.0             0.0
mlx5_8                   0.0         0.0             0.0             0.0
mlx5_9                   0.0         0.0             0.0             0.0
------------------------------------------------------------------------
TOTAL                   37.3        14.5           416.6           248.8

Last Update: 2025-11-22 14:32:13
Device               TX Gbps     RX Gbps    TX Total(GB)    RX Total(GB)
========================================================================
mlx5_0                   0.0         0.0             0.0             0.0
mlx5_1                   0.1        15.0           207.5           124.5
mlx5_2                   0.0         0.0             0.0             0.0
mlx5_3                   0.0         0.0             0.0             0.0
mlx5_4                   0.0         0.0             0.0             0.0
mlx5_5                   0.1        14.9           209.1           128.1
mlx5_6                   0.0         0.0             0.0             0.0
mlx5_7                   0.0         0.0             0.0             0.0
mlx5_8                   0.0         0.0             0.0             0.0
mlx5_9                   0.0         0.0             0.0             0.0
------------------------------------------------------------------------
TOTAL                    0.2        29.9           416.6           252.6

Last Update: 2025-11-22 14:32:14
Device               TX Gbps     RX Gbps    TX Total(GB)    RX Total(GB)
========================================================================
mlx5_0                   0.0         0.0             0.0             0.0
mlx5_1                   0.0         0.0           207.5           124.5
mlx5_2                   0.0         0.0             0.0             0.0
mlx5_3                   0.0         0.0             0.0             0.0
mlx5_4                   0.0         0.0             0.0             0.0
mlx5_5                   0.0         0.0           209.1           128.1
mlx5_6                   0.0         0.0             0.0             0.0
mlx5_7                   0.0         0.0             0.0             0.0
mlx5_8                   0.0         0.0             0.0             0.0
mlx5_9                   0.0         0.0             0.0             0.0
------------------------------------------------------------------------
TOTAL                    0.0         0.0           416.6           252.6

Last Update: 2025-11-22 14:32:15
Device               TX Gbps     RX Gbps    TX Total(GB)    RX Total(GB)
========================================================================
mlx5_0                   0.0         0.0             0.0             0.0
mlx5_1                  19.4         0.0           210.0           124.5
mlx5_2                   0.0         0.0             0.0             0.0
mlx5_3                   0.0         0.0             0.0             0.0
mlx5_4                   0.0         0.0             0.0             0.0
mlx5_5                  19.4         0.0           211.5           128.1
mlx5_6                   0.0         0.0             0.0             0.0
mlx5_7                   0.0         0.0             0.0             0.0
mlx5_8                   0.0         0.0             0.0             0.0
mlx5_9                   0.0         0.0             0.0             0.0
------------------------------------------------------------------------
TOTAL                   38.8         0.0           421.5           252.6

Last Update: 2025-11-22 14:32:16
Device               TX Gbps     RX Gbps    TX Total(GB)    RX Total(GB)
========================================================================
mlx5_0                   0.0         0.0             0.0             0.0
mlx5_1                   1.4         0.0           210.1           124.5
mlx5_2                   0.0         0.0             0.0             0.0
mlx5_3                   0.0         0.0             0.0             0.0
mlx5_4                   0.0         0.0             0.0             0.0
mlx5_5                   1.6         0.0           211.7           128.1
mlx5_6                   0.0         0.0             0.0             0.0
mlx5_7                   0.0         0.0             0.0             0.0
mlx5_8                   0.0         0.0             0.0             0.0
mlx5_9                   0.0         0.0             0.0             0.0
------------------------------------------------------------------------
TOTAL                    2.9         0.0           421.8           252.6

Last Update: 2025-11-22 14:32:17
Device               TX Gbps     RX Gbps    TX Total(GB)    RX Total(GB)
========================================================================
mlx5_0                   0.0         0.0             0.0             0.0
mlx5_1                  17.5         0.0           212.3           124.5
mlx5_2                   0.0         0.0             0.0             0.0
mlx5_3                   0.0         0.0             0.0             0.0
mlx5_4                   0.0         0.0             0.0             0.0
mlx5_5                  16.8         0.0           213.8           128.1
mlx5_6                   0.0         0.0             0.0             0.0
mlx5_7                   0.0         0.0             0.0             0.0
mlx5_8                   0.0         0.0             0.0             0.0
mlx5_9                   0.0         0.0             0.0             0.0
------------------------------------------------------------------------
TOTAL                   34.3         0.0           426.1           252.6

Last Update: 2025-11-22 14:32:18
Device               TX Gbps     RX Gbps    TX Total(GB)    RX Total(GB)
========================================================================
mlx5_0                   0.0         0.0             0.0             0.0
mlx5_1                  18.5         0.0           214.7           124.5
mlx5_2                   0.0         0.0             0.0             0.0
mlx5_3                   0.0         0.0             0.0             0.0
mlx5_4                   0.0         0.0             0.0             0.0
mlx5_5                  18.7         0.0           216.2           128.1
mlx5_6                   0.0         0.0             0.0             0.0
mlx5_7                   0.0         0.0             0.0             0.0
mlx5_8                   0.0         0.0             0.0             0.0
mlx5_9                   0.0         0.0             0.0             0.0
------------------------------------------------------------------------
TOTAL                   37.2         0.0           430.8           252.6

Last Update: 2025-11-22 14:32:19
Device               TX Gbps     RX Gbps    TX Total(GB)    RX Total(GB)
========================================================================
mlx5_0                   0.0         0.0             0.0             0.0
mlx5_1                   0.0         0.0           214.7           124.5
mlx5_2                   0.0         0.0             0.0             0.0
mlx5_3                   0.0         0.0             0.0             0.0
mlx5_4                   0.0         0.0             0.0             0.0
mlx5_5                   0.0         0.0           216.2           128.1
mlx5_6                   0.0         0.0             0.0             0.0
mlx5_7                   0.0         0.0             0.0             0.0
mlx5_8                   0.0         0.0             0.0             0.0
mlx5_9                   0.0         0.0             0.0             0.0
------------------------------------------------------------------------
TOTAL                    0.0         0.0           430.8           252.6

Last Update: 2025-11-22 14:32:20
Device               TX Gbps     RX Gbps    TX Total(GB)    RX Total(GB)
========================================================================
mlx5_0                   0.0         0.0             0.0             0.0
mlx5_1                  18.6         0.0           217.0           124.5
mlx5_2                   0.0         0.0             0.0             0.0
mlx5_3                   0.0         0.0             0.0             0.0
mlx5_4                   0.0         0.0             0.0             0.0
mlx5_5                  18.6         0.0           218.5           128.1
mlx5_6                   0.0         0.0             0.0             0.0
mlx5_7                   0.0         0.0             0.0             0.0
mlx5_8                   0.0         0.0             0.0             0.0
mlx5_9                   0.0         0.0             0.0             0.0
------------------------------------------------------------------------
TOTAL                   37.2         0.0           435.5           252.6

Last Update: 2025-11-22 14:32:21
Device               TX Gbps     RX Gbps    TX Total(GB)    RX Total(GB)
========================================================================
mlx5_0                   0.0         0.0             0.0             0.0
mlx5_1                   0.0         0.0           217.0           124.5
mlx5_2                   0.0         0.0             0.0             0.0
mlx5_3                   0.0         0.0             0.0             0.0
mlx5_4                   0.0         0.0             0.0             0.0
mlx5_5                   0.0         0.0           218.5           128.1
mlx5_6                   0.0         0.0             0.0             0.0
mlx5_7                   0.0         0.0             0.0             0.0
mlx5_8                   0.0         0.0             0.0             0.0
mlx5_9                   0.0         0.0             0.0             0.0
------------------------------------------------------------------------
TOTAL                    0.0         0.0           435.5           252.6

Last Update: 2025-11-22 14:32:22
Device               TX Gbps     RX Gbps    TX Total(GB)    RX Total(GB)
========================================================================
mlx5_0                   0.0         0.0             0.0             0.0
mlx5_1                  16.3         0.6           219.0           124.6
mlx5_2                   0.0         0.0             0.0             0.0
mlx5_3                   0.0         0.0             0.0             0.0
mlx5_4                   0.0         0.0             0.0             0.0
mlx5_5                  17.2         0.7           220.7           128.2
mlx5_6                   0.0         0.0             0.0             0.0
mlx5_7                   0.0         0.0             0.0             0.0
mlx5_8                   0.0         0.0             0.0             0.0
mlx5_9                   0.0         0.0             0.0             0.0
------------------------------------------------------------------------
TOTAL                   33.5         1.3           439.7           252.7

Last Update: 2025-11-22 14:32:23
Device               TX Gbps     RX Gbps    TX Total(GB)    RX Total(GB)
========================================================================
mlx5_0                   0.0         0.0             0.0             0.0
mlx5_1                   2.2        21.2           219.3           127.2
mlx5_2                   0.0         0.0             0.0             0.0
mlx5_3                   0.0         0.0             0.0             0.0
mlx5_4                   0.0         0.0             0.0             0.0
mlx5_5                   1.7        21.9           220.9           130.9
mlx5_6                   0.0         0.0             0.0             0.0
mlx5_7                   0.0         0.0             0.0             0.0
mlx5_8                   0.0         0.0             0.0             0.0
mlx5_9                   0.0         0.0             0.0             0.0
------------------------------------------------------------------------
TOTAL                    3.9        43.1           440.2           258.2

Last Update: 2025-11-22 14:32:24
Device               TX Gbps     RX Gbps    TX Total(GB)    RX Total(GB)
========================================================================
mlx5_0                   0.0         0.0             0.0             0.0
mlx5_1                   0.0         0.0           219.3           127.2
mlx5_2                   0.0         0.0             0.0             0.0
mlx5_3                   0.0         0.0             0.0             0.0
mlx5_4                   0.0         0.0             0.0             0.0
mlx5_5                   0.0         0.0           220.9           130.9
mlx5_6                   0.0         0.0             0.0             0.0
mlx5_7                   0.0         0.0             0.0             0.0
mlx5_8                   0.0         0.0             0.0             0.0
mlx5_9                   0.0         0.0             0.0             0.0
------------------------------------------------------------------------
TOTAL                    0.0         0.0           440.2           258.2

Last Update: 2025-11-22 14:32:25
Device               TX Gbps     RX Gbps    TX Total(GB)    RX Total(GB)
========================================================================
mlx5_0                   0.0         0.0             0.0             0.0
mlx5_1                  18.0         0.0           221.6           127.2
mlx5_2                   0.0         0.0             0.0             0.0
mlx5_3                   0.0         0.0             0.0             0.0
mlx5_4                   0.0         0.0             0.0             0.0
mlx5_5                  18.4         0.0           223.2           130.9
mlx5_6                   0.0         0.0             0.0             0.0
mlx5_7                   0.0         0.0             0.0             0.0
mlx5_8                   0.0         0.0             0.0             0.0
mlx5_9                   0.0         0.0             0.0             0.0
------------------------------------------------------------------------
TOTAL                   36.4         0.0           444.8           258.2

Last Update: 2025-11-22 14:32:26
Device               TX Gbps     RX Gbps    TX Total(GB)    RX Total(GB)
========================================================================
mlx5_0                   0.0         0.0             0.0             0.0
mlx5_1                  18.4         0.0           223.9           127.2
mlx5_2                   0.0         0.0             0.0             0.0
mlx5_3                   0.0         0.0             0.0             0.0
mlx5_4                   0.0         0.0             0.0             0.0
mlx5_5                  18.7         0.0           225.5           130.9
mlx5_6                   0.0         0.0             0.0             0.0
mlx5_7                   0.0         0.0             0.0             0.0
mlx5_8                   0.0         0.0             0.0             0.0
mlx5_9                   0.0         0.0             0.0             0.0
------------------------------------------------------------------------
TOTAL                   37.2         0.0           449.4           258.2

Last Update: 2025-11-22 14:32:27
Device               TX Gbps     RX Gbps    TX Total(GB)    RX Total(GB)
========================================================================
mlx5_0                   0.0         0.0             0.0             0.0
mlx5_1                   0.1         0.0           223.9           127.2
mlx5_2                   0.0         0.0             0.0             0.0
mlx5_3                   0.0         0.0             0.0             0.0
mlx5_4                   0.0         0.0             0.0             0.0
mlx5_5                   0.0         0.0           225.5           130.9
mlx5_6                   0.0         0.0             0.0             0.0
mlx5_7                   0.0         0.0             0.0             0.0
mlx5_8                   0.0         0.0             0.0             0.0
mlx5_9                   0.0         0.0             0.0             0.0
------------------------------------------------------------------------
TOTAL                    0.1         0.0           449.4           258.2

Last Update: 2025-11-22 14:32:28
Device               TX Gbps     RX Gbps    TX Total(GB)    RX Total(GB)
========================================================================
mlx5_0                   0.0         0.0             0.0             0.0
mlx5_1                  18.6         0.0           226.2           127.2
mlx5_2                   0.0         0.0             0.0             0.0
mlx5_3                   0.0         0.0             0.0             0.0
mlx5_4                   0.0         0.0             0.0             0.0
mlx5_5                  18.7         0.0           227.9           130.9
mlx5_6                   0.0         0.0             0.0             0.0
mlx5_7                   0.0         0.0             0.0             0.0
mlx5_8                   0.0         0.0             0.0             0.0
mlx5_9                   0.0         0.0             0.0             0.0
------------------------------------------------------------------------
TOTAL                   37.2         0.0           454.1           258.2

Last Update: 2025-11-22 14:32:29
Device               TX Gbps     RX Gbps    TX Total(GB)    RX Total(GB)
========================================================================
mlx5_0                   0.0         0.0             0.0             0.0
mlx5_1                   0.0         0.0           226.2           127.2
mlx5_2                   0.0         0.0             0.0             0.0
mlx5_3                   0.0         0.0             0.0             0.0
mlx5_4                   0.0         0.0             0.0             0.0
mlx5_5                   0.0         0.0           227.9           130.9
mlx5_6                   0.0         0.0             0.0             0.0
mlx5_7                   0.0         0.0             0.0             0.0
mlx5_8                   0.0         0.0             0.0             0.0
mlx5_9                   0.0         0.0             0.0             0.0
------------------------------------------------------------------------
TOTAL                    0.0         0.0           454.1           258.2

Last Update: 2025-11-22 14:32:30
Device               TX Gbps     RX Gbps    TX Total(GB)    RX Total(GB)
========================================================================
mlx5_0                   0.0         0.0             0.0             0.0
mlx5_1                  18.7         0.0           228.6           127.2
mlx5_2                   0.0         0.0             0.0             0.0
mlx5_3                   0.0         0.0             0.0             0.0
mlx5_4                   0.0         0.0             0.0             0.0
mlx5_5                  18.5         0.0           230.2           130.9
mlx5_6                   0.0         0.0             0.0             0.0
mlx5_7                   0.0         0.0             0.0             0.0
mlx5_8                   0.0         0.0             0.0             0.0
mlx5_9                   0.0         0.0             0.0             0.0
------------------------------------------------------------------------
TOTAL                   37.2         0.0           458.8           258.2

Last Update: 2025-11-22 14:32:31
Device               TX Gbps     RX Gbps    TX Total(GB)    RX Total(GB)
========================================================================
mlx5_0                   0.0         0.0             0.0             0.0
mlx5_1                   0.0         0.0           228.6           127.2
mlx5_2                   0.0         0.0             0.0             0.0
mlx5_3                   0.0         0.0             0.0             0.0
mlx5_4                   0.0         0.0             0.0             0.0
mlx5_5                   0.0         0.0           230.2           130.9
mlx5_6                   0.0         0.0             0.0             0.0
mlx5_7                   0.0         0.0             0.0             0.0
mlx5_8                   0.0         0.0             0.0             0.0
mlx5_9                   0.0         0.0             0.0             0.0
------------------------------------------------------------------------
TOTAL                    0.0         0.0           458.8           258.2

Last Update: 2025-11-22 14:32:32
Device               TX Gbps     RX Gbps    TX Total(GB)    RX Total(GB)
========================================================================
mlx5_0                   0.0         0.0             0.0             0.0
mlx5_1                   3.7         5.6           229.0           127.9
mlx5_2                   0.0         0.0             0.0             0.0
mlx5_3                   0.0         0.0             0.0             0.0
mlx5_4                   0.0         0.0             0.0             0.0
mlx5_5                   4.3         5.7           230.8           131.7
mlx5_6                   0.0         0.0             0.0             0.0
mlx5_7                   0.0         0.0             0.0             0.0
mlx5_8                   0.0         0.0             0.0             0.0
mlx5_9                   0.0         0.0             0.0             0.0
------------------------------------------------------------------------
TOTAL                    8.0        11.3           459.8           259.6

Last Update: 2025-11-22 14:32:33
Device               TX Gbps     RX Gbps    TX Total(GB)    RX Total(GB)
========================================================================
mlx5_0                   0.0         0.0             0.0             0.0
mlx5_1                  15.1        16.1           230.9           130.0
mlx5_2                   0.0         0.0             0.0             0.0
mlx5_3                   0.0         0.0             0.0             0.0
mlx5_4                   0.0         0.0             0.0             0.0
mlx5_5                  14.2        17.0           232.6           133.8
mlx5_6                   0.0         0.0             0.0             0.0
mlx5_7                   0.0         0.0             0.0             0.0
mlx5_8                   0.0         0.0             0.0             0.0
mlx5_9                   0.0         0.0             0.0             0.0
------------------------------------------------------------------------
TOTAL                   29.3        33.1           463.5           263.8

Last Update: 2025-11-22 14:32:34
Device               TX Gbps     RX Gbps    TX Total(GB)    RX Total(GB)
========================================================================
mlx5_0                   0.0         0.0             0.0             0.0
mlx5_1                   0.0         0.0           230.9           130.0
mlx5_2                   0.0         0.0             0.0             0.0
mlx5_3                   0.0         0.0             0.0             0.0
mlx5_4                   0.0         0.0             0.0             0.0
mlx5_5                   0.0         0.0           232.6           133.8
mlx5_6                   0.0         0.0             0.0             0.0
mlx5_7                   0.0         0.0             0.0             0.0
mlx5_8                   0.0         0.0             0.0             0.0
mlx5_9                   0.0         0.0             0.0             0.0
------------------------------------------------------------------------
TOTAL                    0.0         0.0           463.5           263.8

Last Update: 2025-11-22 14:32:35
Device               TX Gbps     RX Gbps    TX Total(GB)    RX Total(GB)
========================================================================
mlx5_0                   0.0         0.0             0.0             0.0
mlx5_1                  18.1         0.0           233.2           130.0
mlx5_2                   0.0         0.0             0.0             0.0
mlx5_3                   0.0         0.0             0.0             0.0
mlx5_4                   0.0         0.0             0.0             0.0
mlx5_5                  18.3         0.0           234.9           133.8
mlx5_6                   0.0         0.0             0.0             0.0
mlx5_7                   0.0         0.0             0.0             0.0
mlx5_8                   0.0         0.0             0.0             0.0
mlx5_9                   0.0         0.0             0.0             0.0
------------------------------------------------------------------------
TOTAL                   36.4         0.0           468.1           263.8

Last Update: 2025-11-22 14:32:36
Device               TX Gbps     RX Gbps    TX Total(GB)    RX Total(GB)
========================================================================
mlx5_0                   0.0         0.0             0.0             0.0
mlx5_1                  18.5         0.0           235.5           130.0
mlx5_2                   0.0         0.0             0.0             0.0
mlx5_3                   0.0         0.0             0.0             0.0
mlx5_4                   0.0         0.0             0.0             0.0
mlx5_5                  18.7         0.0           237.2           133.8
mlx5_6                   0.0         0.0             0.0             0.0
mlx5_7                   0.0         0.0             0.0             0.0
mlx5_8                   0.0         0.0             0.0             0.0
mlx5_9                   0.0         0.0             0.0             0.0
------------------------------------------------------------------------
TOTAL                   37.2         0.0           472.7           263.8

Last Update: 2025-11-22 14:32:37
Device               TX Gbps     RX Gbps    TX Total(GB)    RX Total(GB)
========================================================================
mlx5_0                   0.0         0.0             0.0             0.0
mlx5_1                   0.0         0.0           235.5           130.0
mlx5_2                   0.0         0.0             0.0             0.0
mlx5_3                   0.0         0.0             0.0             0.0
mlx5_4                   0.0         0.0             0.0             0.0
mlx5_5                   0.0         0.0           237.2           133.8
mlx5_6                   0.0         0.0             0.0             0.0
mlx5_7                   0.0         0.0             0.0             0.0
mlx5_8                   0.0         0.0             0.0             0.0
mlx5_9                   0.0         0.0             0.0             0.0
------------------------------------------------------------------------
TOTAL                    0.0         0.0           472.7           263.8

Last Update: 2025-11-22 14:32:38
Device               TX Gbps     RX Gbps    TX Total(GB)    RX Total(GB)
========================================================================
mlx5_0                   0.0         0.0             0.0             0.0
mlx5_1                  18.4         0.0           237.8           130.0
mlx5_2                   0.0         0.0             0.0             0.0
mlx5_3                   0.0         0.0             0.0             0.0
mlx5_4                   0.0         0.0             0.0             0.0
mlx5_5                  18.9         0.0           239.6           133.8
mlx5_6                   0.0         0.0             0.0             0.0
mlx5_7                   0.0         0.0             0.0             0.0
mlx5_8                   0.0         0.0             0.0             0.0
mlx5_9                   0.0         0.0             0.0             0.0
------------------------------------------------------------------------
TOTAL                   37.2         0.0           477.4           263.8

Last Update: 2025-11-22 14:32:39
Device               TX Gbps     RX Gbps    TX Total(GB)    RX Total(GB)
========================================================================
mlx5_0                   0.0         0.0             0.0             0.0
mlx5_1                   0.0         0.0           237.8           130.0
mlx5_2                   0.0         0.0             0.0             0.0
mlx5_3                   0.0         0.0             0.0             0.0
mlx5_4                   0.0         0.0             0.0             0.0
mlx5_5                   0.0         0.0           239.6           133.8
mlx5_6                   0.0         0.0             0.0             0.0
mlx5_7                   0.0         0.0             0.0             0.0
mlx5_8                   0.0         0.0             0.0             0.0
mlx5_9                   0.0         0.0             0.0             0.0
------------------------------------------------------------------------
TOTAL                    0.0         0.0           477.4           263.8

Last Update: 2025-11-22 14:32:40
Device               TX Gbps     RX Gbps    TX Total(GB)    RX Total(GB)
========================================================================
mlx5_0                   0.0         0.0             0.0             0.0
mlx5_1                  18.4         0.0           240.2           130.0
mlx5_2                   0.0         0.0             0.0             0.0
mlx5_3                   0.0         0.0             0.0             0.0
mlx5_4                   0.0         0.0             0.0             0.0
mlx5_5                  18.8         0.0           241.9           133.8
mlx5_6                   0.0         0.0             0.0             0.0
mlx5_7                   0.0         0.0             0.0             0.0
mlx5_8                   0.0         0.0             0.0             0.0
mlx5_9                   0.0         0.0             0.0             0.0
------------------------------------------------------------------------
TOTAL                   37.2         0.0           482.1           263.8

Last Update: 2025-11-22 14:32:41
Device               TX Gbps     RX Gbps    TX Total(GB)    RX Total(GB)
========================================================================
mlx5_0                   0.0         0.0             0.0             0.0
mlx5_1                   0.0         0.0           240.2           130.0
mlx5_2                   0.0         0.0             0.0             0.0
mlx5_3                   0.0         0.0             0.0             0.0
mlx5_4                   0.0         0.0             0.0             0.0
mlx5_5                   0.0         0.0           241.9           133.8
mlx5_6                   0.0         0.0             0.0             0.0
mlx5_7                   0.0         0.0             0.0             0.0
mlx5_8                   0.0         0.0             0.0             0.0
mlx5_9                   0.0         0.0             0.0             0.0
------------------------------------------------------------------------
TOTAL                    0.0         0.0           482.1           263.8

Last Update: 2025-11-22 14:32:42
Device               TX Gbps     RX Gbps    TX Total(GB)    RX Total(GB)
========================================================================
mlx5_0                   0.0         0.0             0.0             0.0
mlx5_1                   0.0         0.0           240.2           130.0
mlx5_2                   0.0         0.0             0.0             0.0
mlx5_3                   0.0         0.0             0.0             0.0
mlx5_4                   0.0         0.0             0.0             0.0
mlx5_5                   0.0         0.0           241.9           133.8
mlx5_6                   0.0         0.0             0.0             0.0
mlx5_7                   0.0         0.0             0.0             0.0
mlx5_8                   0.0         0.0             0.0             0.0
mlx5_9                   0.0         0.0             0.0             0.0
------------------------------------------------------------------------
TOTAL                    0.0         0.0           482.1           263.8

Last Update: 2025-11-22 14:32:43
Device               TX Gbps     RX Gbps    TX Total(GB)    RX Total(GB)
========================================================================
mlx5_0                   0.0         0.0             0.0             0.0
mlx5_1                  18.7        21.8           242.5           132.7
mlx5_2                   0.0         0.0             0.0             0.0
mlx5_3                   0.0         0.0             0.0             0.0
mlx5_4                   0.0         0.0             0.0             0.0
mlx5_5                  18.8        22.7           244.3           136.7
mlx5_6                   0.0         0.0             0.0             0.0
mlx5_7                   0.0         0.0             0.0             0.0
mlx5_8                   0.0         0.0             0.0             0.0
mlx5_9                   0.0         0.0             0.0             0.0
------------------------------------------------------------------------
TOTAL                   37.5        44.4           486.8           269.4

Last Update: 2025-11-22 14:32:44
Device               TX Gbps     RX Gbps    TX Total(GB)    RX Total(GB)
========================================================================
mlx5_0                   0.0         0.0             0.0             0.0
mlx5_1                   0.0         0.0           242.5           132.7
mlx5_2                   0.0         0.0             0.0             0.0
mlx5_3                   0.0         0.0             0.0             0.0
mlx5_4                   0.0         0.0             0.0             0.0
mlx5_5                   0.0         0.0           244.3           136.7
mlx5_6                   0.0         0.0             0.0             0.0
mlx5_7                   0.0         0.0             0.0             0.0
mlx5_8                   0.0         0.0             0.0             0.0
mlx5_9                   0.0         0.0             0.0             0.0
------------------------------------------------------------------------
TOTAL                    0.0         0.0           486.8           269.4

Last Update: 2025-11-22 14:32:45
Device               TX Gbps     RX Gbps    TX Total(GB)    RX Total(GB)
========================================================================
mlx5_0                   0.0         0.0             0.0             0.0
mlx5_1                  19.4         0.0           244.9           132.7
mlx5_2                   0.0         0.0             0.0             0.0
mlx5_3                   0.0         0.0             0.0             0.0
mlx5_4                   0.0         0.0             0.0             0.0
mlx5_5                  19.3         0.0           246.7           136.7
mlx5_6                   0.0         0.0             0.0             0.0
mlx5_7                   0.0         0.0             0.0             0.0
mlx5_8                   0.0         0.0             0.0             0.0
mlx5_9                   0.0         0.0             0.0             0.0
------------------------------------------------------------------------
TOTAL                   38.7         0.0           491.7           269.4

Last Update: 2025-11-22 14:32:46
Device               TX Gbps     RX Gbps    TX Total(GB)    RX Total(GB)
========================================================================
mlx5_0                   0.0         0.0             0.0             0.0
mlx5_1                   5.7         0.0           245.7           132.7
mlx5_2                   0.0         0.0             0.0             0.0
mlx5_3                   0.0         0.0             0.0             0.0
mlx5_4                   0.0         0.0             0.0             0.0
mlx5_5                   6.5         0.0           247.5           136.7
mlx5_6                   0.0         0.0             0.0             0.0
mlx5_7                   0.0         0.0             0.0             0.0
mlx5_8                   0.0         0.0             0.0             0.0
mlx5_9                   0.0         0.0             0.0             0.0
------------------------------------------------------------------------
TOTAL                   12.2         0.0           493.2           269.4

Last Update: 2025-11-22 14:32:47
Device               TX Gbps     RX Gbps    TX Total(GB)    RX Total(GB)
========================================================================
mlx5_0                   0.0         0.0             0.0             0.0
mlx5_1                  13.0         0.0           247.3           132.7
mlx5_2                   0.0         0.0             0.0             0.0
mlx5_3                   0.0         0.0             0.0             0.0
mlx5_4                   0.0         0.0             0.0             0.0
mlx5_5                  12.0         0.0           249.1           136.7
mlx5_6                   0.0         0.0             0.0             0.0
mlx5_7                   0.0         0.0             0.0             0.0
mlx5_8                   0.0         0.0             0.0             0.0
mlx5_9                   0.0         0.0             0.0             0.0
------------------------------------------------------------------------
TOTAL                   25.0         0.0           496.3           269.4

Last Update: 2025-11-22 14:32:48
Device               TX Gbps     RX Gbps    TX Total(GB)    RX Total(GB)
========================================================================
mlx5_0                   0.0         0.0             0.0             0.0
mlx5_1                  18.7         0.0           249.6           132.7
mlx5_2                   0.0         0.0             0.0             0.0
mlx5_3                   0.0         0.0             0.0             0.0
mlx5_4                   0.0         0.0             0.0             0.0
mlx5_5                  18.6         0.0           251.4           136.7
mlx5_6                   0.0         0.0             0.0             0.0
mlx5_7                   0.0         0.0             0.0             0.0
mlx5_8                   0.0         0.0             0.0             0.0
mlx5_9                   0.0         0.0             0.0             0.0
------------------------------------------------------------------------
TOTAL                   37.2         0.0           501.0           269.4

Last Update: 2025-11-22 14:32:49
Device               TX Gbps     RX Gbps    TX Total(GB)    RX Total(GB)
========================================================================
mlx5_0                   0.0         0.0             0.0             0.0
mlx5_1                   0.0         0.0           249.6           132.7
mlx5_2                   0.0         0.0             0.0             0.0
mlx5_3                   0.0         0.0             0.0             0.0
mlx5_4                   0.0         0.0             0.0             0.0
mlx5_5                   0.0         0.0           251.4           136.7
mlx5_6                   0.0         0.0             0.0             0.0
mlx5_7                   0.0         0.0             0.0             0.0
mlx5_8                   0.0         0.0             0.0             0.0
mlx5_9                   0.0         0.0             0.0             0.0
------------------------------------------------------------------------
TOTAL                    0.0         0.0           501.0           269.4

Last Update: 2025-11-22 14:32:50
Device               TX Gbps     RX Gbps    TX Total(GB)    RX Total(GB)
========================================================================
mlx5_0                   0.0         0.0             0.0             0.0
mlx5_1                  18.4         0.0           252.0           132.7
mlx5_2                   0.0         0.0             0.0             0.0
mlx5_3                   0.0         0.0             0.0             0.0
mlx5_4                   0.0         0.0             0.0             0.0
mlx5_5                  18.8         0.0           253.7           136.7
mlx5_6                   0.0         0.0             0.0             0.0
mlx5_7                   0.0         0.0             0.0             0.0
mlx5_8                   0.0         0.0             0.0             0.0
mlx5_9                   0.0         0.0             0.0             0.0
------------------------------------------------------------------------
TOTAL                   37.2         0.0           505.7           269.4

Last Update: 2025-11-22 14:32:51
Device               TX Gbps     RX Gbps    TX Total(GB)    RX Total(GB)
========================================================================
mlx5_0                   0.0         0.0             0.0             0.0
mlx5_1                   0.0         0.0           252.0           132.7
mlx5_2                   0.0         0.0             0.0             0.0
mlx5_3                   0.0         0.0             0.0             0.0
mlx5_4                   0.0         0.0             0.0             0.0
mlx5_5                   0.0         0.0           253.7           136.7
mlx5_6                   0.0         0.0             0.0             0.0
mlx5_7                   0.0         0.0             0.0             0.0
mlx5_8                   0.0         0.0             0.0             0.0
mlx5_9                   0.0         0.0             0.0             0.0
------------------------------------------------------------------------
TOTAL                    0.0         0.0           505.7           269.4

Last Update: 2025-11-22 14:32:52
Device               TX Gbps     RX Gbps    TX Total(GB)    RX Total(GB)
========================================================================
mlx5_0                   0.0         0.0             0.0             0.0
mlx5_1                   0.0         0.0           252.0           132.7
mlx5_2                   0.0         0.0             0.0             0.0
mlx5_3                   0.0         0.0             0.0             0.0
mlx5_4                   0.0         0.0             0.0             0.0
mlx5_5                   0.0         0.0           253.7           136.7
mlx5_6                   0.0         0.0             0.0             0.0
mlx5_7                   0.0         0.0             0.0             0.0
mlx5_8                   0.0         0.0             0.0             0.0
mlx5_9                   0.0         0.0             0.0             0.0
------------------------------------------------------------------------
TOTAL                    0.0         0.0           505.7           269.4

Last Update: 2025-11-22 14:32:53
Device               TX Gbps     RX Gbps    TX Total(GB)    RX Total(GB)
========================================================================
mlx5_0                   0.0         0.0             0.0             0.0
mlx5_1                  18.7        21.9           254.3           135.5
mlx5_2                   0.0         0.0             0.0             0.0
mlx5_3                   0.0         0.0             0.0             0.0
mlx5_4                   0.0         0.0             0.0             0.0
mlx5_5                  18.7        22.5           256.1           139.5
mlx5_6                   0.0         0.0             0.0             0.0
mlx5_7                   0.0         0.0             0.0             0.0
mlx5_8                   0.0         0.0             0.0             0.0
mlx5_9                   0.0         0.0             0.0             0.0
------------------------------------------------------------------------
TOTAL                   37.4        44.4           510.4           275.0

Last Update: 2025-11-22 14:32:54
Device               TX Gbps     RX Gbps    TX Total(GB)    RX Total(GB)
========================================================================
mlx5_0                   0.0         0.0             0.0             0.0
mlx5_1                   0.0         0.0           254.3           135.5
mlx5_2                   0.0         0.0             0.0             0.0
mlx5_3                   0.0         0.0             0.0             0.0
mlx5_4                   0.0         0.0             0.0             0.0
mlx5_5                   0.0         0.0           256.1           139.5
mlx5_6                   0.0         0.0             0.0             0.0
mlx5_7                   0.0         0.0             0.0             0.0
mlx5_8                   0.0         0.0             0.0             0.0
mlx5_9                   0.0         0.0             0.0             0.0
------------------------------------------------------------------------
TOTAL                    0.0         0.0           510.4           275.0

Last Update: 2025-11-22 14:32:55
Device               TX Gbps     RX Gbps    TX Total(GB)    RX Total(GB)
========================================================================
mlx5_0                   0.0         0.0             0.0             0.0
mlx5_1                  18.2         0.0           256.6           135.5
mlx5_2                   0.0         0.0             0.0             0.0
mlx5_3                   0.0         0.0             0.0             0.0
mlx5_4                   0.0         0.0             0.0             0.0
mlx5_5                  18.3         0.0           258.4           139.5
mlx5_6                   0.0         0.0             0.0             0.0
mlx5_7                   0.0         0.0             0.0             0.0
mlx5_8                   0.0         0.0             0.0             0.0
mlx5_9                   0.0         0.0             0.0             0.0
------------------------------------------------------------------------
TOTAL                   36.4         0.0           515.0           275.0

Last Update: 2025-11-22 14:32:56
Device               TX Gbps     RX Gbps    TX Total(GB)    RX Total(GB)
========================================================================
mlx5_0                   0.0         0.0             0.0             0.0
mlx5_1                  18.5         0.0           258.9           135.5
mlx5_2                   0.0         0.0             0.0             0.0
mlx5_3                   0.0         0.0             0.0             0.0
mlx5_4                   0.0         0.0             0.0             0.0
mlx5_5                  18.7         0.0           260.7           139.5
mlx5_6                   0.0         0.0             0.0             0.0
mlx5_7                   0.0         0.0             0.0             0.0
mlx5_8                   0.0         0.0             0.0             0.0
mlx5_9                   0.0         0.0             0.0             0.0
------------------------------------------------------------------------
TOTAL                   37.2         0.0           519.7           275.0

Last Update: 2025-11-22 14:32:57
Device               TX Gbps     RX Gbps    TX Total(GB)    RX Total(GB)
========================================================================
mlx5_0                   0.0         0.0             0.0             0.0
mlx5_1                   0.0         0.0           258.9           135.5
mlx5_2                   0.0         0.0             0.0             0.0
mlx5_3                   0.0         0.0             0.0             0.0
mlx5_4                   0.0         0.0             0.0             0.0
mlx5_5                   0.0         0.0           260.7           139.5
mlx5_6                   0.0         0.0             0.0             0.0
mlx5_7                   0.0         0.0             0.0             0.0
mlx5_8                   0.0         0.0             0.0             0.0
mlx5_9                   0.0         0.0             0.0             0.0
------------------------------------------------------------------------
TOTAL                    0.0         0.0           519.7           275.0

Last Update: 2025-11-22 14:32:58
Device               TX Gbps     RX Gbps    TX Total(GB)    RX Total(GB)
========================================================================
mlx5_0                   0.0         0.0             0.0             0.0
mlx5_1                  18.4         0.0           261.2           135.5
mlx5_2                   0.0         0.0             0.0             0.0
mlx5_3                   0.0         0.0             0.0             0.0
mlx5_4                   0.0         0.0             0.0             0.0
mlx5_5                  18.9         0.0           263.1           139.5
mlx5_6                   0.0         0.0             0.0             0.0
mlx5_7                   0.0         0.0             0.0             0.0
mlx5_8                   0.0         0.0             0.0             0.0
mlx5_9                   0.0         0.0             0.0             0.0
------------------------------------------------------------------------
TOTAL                   37.2         0.0           524.3           275.0

Last Update: 2025-11-22 14:32:59
Device               TX Gbps     RX Gbps    TX Total(GB)    RX Total(GB)
========================================================================
mlx5_0                   0.0         0.0             0.0             0.0
mlx5_1                   0.0         0.0           261.2           135.5
mlx5_2                   0.0         0.0             0.0             0.0
mlx5_3                   0.0         0.0             0.0             0.0
mlx5_4                   0.0         0.0             0.0             0.0
mlx5_5                   0.0         0.0           263.1           139.5
mlx5_6                   0.0         0.0             0.0             0.0
mlx5_7                   0.0         0.0             0.0             0.0
mlx5_8                   0.0         0.0             0.0             0.0
mlx5_9                   0.0         0.0             0.0             0.0
------------------------------------------------------------------------
TOTAL                    0.0         0.0           524.3           275.0

Last Update: 2025-11-22 14:33:00
Device               TX Gbps     RX Gbps    TX Total(GB)    RX Total(GB)
========================================================================
mlx5_0                   0.0         0.0             0.0             0.0
mlx5_1                  18.6         0.0           263.6           135.5
mlx5_2                   0.0         0.0             0.0             0.0
mlx5_3                   0.0         0.0             0.0             0.0
mlx5_4                   0.0         0.0             0.0             0.0
mlx5_5                  18.6         0.0           265.4           139.5
mlx5_6                   0.0         0.0             0.0             0.0
mlx5_7                   0.0         0.0             0.0             0.0
mlx5_8                   0.0         0.0             0.0             0.0
mlx5_9                   0.0         0.0             0.0             0.0
------------------------------------------------------------------------
TOTAL                   37.2         0.0           529.0           275.0

Last Update: 2025-11-22 14:33:01
Device               TX Gbps     RX Gbps    TX Total(GB)    RX Total(GB)
========================================================================
mlx5_0                   0.0         0.0             0.0             0.0
mlx5_1                   0.0         0.0           263.6           135.5
mlx5_2                   0.0         0.0             0.0             0.0
mlx5_3                   0.0         0.0             0.0             0.0
mlx5_4                   0.0         0.0             0.0             0.0
mlx5_5                   0.0         0.0           265.4           139.5
mlx5_6                   0.0         0.0             0.0             0.0
mlx5_7                   0.0         0.0             0.0             0.0
mlx5_8                   0.0         0.0             0.0             0.0
mlx5_9                   0.0         0.0             0.0             0.0
------------------------------------------------------------------------
TOTAL                    0.0         0.0           529.0           275.0

Last Update: 2025-11-22 14:33:02
Device               TX Gbps     RX Gbps    TX Total(GB)    RX Total(GB)
========================================================================
mlx5_0                   0.0         0.0             0.0             0.0
mlx5_1                   0.0         0.0           263.6           135.5
mlx5_2                   0.0         0.0             0.0             0.0
mlx5_3                   0.0         0.0             0.0             0.0
mlx5_4                   0.0         0.0             0.0             0.0
mlx5_5                   0.0         0.0           265.4           139.5
mlx5_6                   0.0         0.0             0.0             0.0
mlx5_7                   0.0         0.0             0.0             0.0
mlx5_8                   0.0         0.0             0.0             0.0
mlx5_9                   0.0         0.0             0.0             0.0
------------------------------------------------------------------------
TOTAL                    0.0         0.0           529.0           275.0

Last Update: 2025-11-22 14:33:03
Device               TX Gbps     RX Gbps    TX Total(GB)    RX Total(GB)
========================================================================
mlx5_0                   0.0         0.0             0.0             0.0
mlx5_1                  18.7        22.1           265.9           138.3
mlx5_2                   0.0         0.0             0.0             0.0
mlx5_3                   0.0         0.0             0.0             0.0
mlx5_4                   0.0         0.0             0.0             0.0
mlx5_5                  18.7        22.4           267.8           142.3
mlx5_6                   0.0         0.0             0.0             0.0
mlx5_7                   0.0         0.0             0.0             0.0
mlx5_8                   0.0         0.0             0.0             0.0
mlx5_9                   0.0         0.0             0.0             0.0
------------------------------------------------------------------------
TOTAL                   37.4        44.4           533.7           280.6

Last Update: 2025-11-22 14:33:04
Device               TX Gbps     RX Gbps    TX Total(GB)    RX Total(GB)
========================================================================
mlx5_0                   0.0         0.0             0.0             0.0
mlx5_1                   0.0         0.0           265.9           138.3
mlx5_2                   0.0         0.0             0.0             0.0
mlx5_3                   0.0         0.0             0.0             0.0
mlx5_4                   0.0         0.0             0.0             0.0
mlx5_5                   0.0         0.0           267.8           142.3
mlx5_6                   0.0         0.0             0.0             0.0
mlx5_7                   0.0         0.0             0.0             0.0
mlx5_8                   0.0         0.0             0.0             0.0
mlx5_9                   0.0         0.0             0.0             0.0
------------------------------------------------------------------------
TOTAL                    0.0         0.0           533.7           280.6

Last Update: 2025-11-22 14:33:05
Device               TX Gbps     RX Gbps    TX Total(GB)    RX Total(GB)
========================================================================
mlx5_0                   0.0         0.0             0.0             0.0
mlx5_1                  18.2         0.0           268.2           138.3
mlx5_2                   0.0         0.0             0.0             0.0
mlx5_3                   0.0         0.0             0.0             0.0
mlx5_4                   0.0         0.0             0.0             0.0
mlx5_5                  18.2         0.0           270.1           142.3
mlx5_6                   0.0         0.0             0.0             0.0
mlx5_7                   0.0         0.0             0.0             0.0
mlx5_8                   0.0         0.0             0.0             0.0
mlx5_9                   0.0         0.0             0.0             0.0
------------------------------------------------------------------------
TOTAL                   36.4         0.0           538.3           280.6

Last Update: 2025-11-22 14:33:06
Device               TX Gbps     RX Gbps    TX Total(GB)    RX Total(GB)
========================================================================
mlx5_0                   0.0         0.0             0.0             0.0
mlx5_1                  16.6         0.0           270.3           138.3
mlx5_2                   0.0         0.0             0.0             0.0
mlx5_3                   0.0         0.0             0.0             0.0
mlx5_4                   0.0         0.0             0.0             0.0
mlx5_5                  17.1         0.0           272.2           142.3
mlx5_6                   0.0         0.0             0.0             0.0
mlx5_7                   0.0         0.0             0.0             0.0
mlx5_8                   0.0         0.0             0.0             0.0
mlx5_9                   0.0         0.0             0.0             0.0
------------------------------------------------------------------------
TOTAL                   33.7         0.0           542.5           280.6

Last Update: 2025-11-22 14:33:07
Device               TX Gbps     RX Gbps    TX Total(GB)    RX Total(GB)
========================================================================
mlx5_0                   0.0         0.0             0.0             0.0
mlx5_1                   2.0         0.0           270.5           138.3
mlx5_2                   0.0         0.0             0.0             0.0
mlx5_3                   0.0         0.0             0.0             0.0
mlx5_4                   0.0         0.0             0.0             0.0
mlx5_5                   1.5         0.0           272.4           142.3
mlx5_6                   0.0         0.0             0.0             0.0
mlx5_7                   0.0         0.0             0.0             0.0
mlx5_8                   0.0         0.0             0.0             0.0
mlx5_9                   0.0         0.0             0.0             0.0
------------------------------------------------------------------------
TOTAL                    3.5         0.0           543.0           280.6

Last Update: 2025-11-22 14:33:08
Device               TX Gbps     RX Gbps    TX Total(GB)    RX Total(GB)
========================================================================
mlx5_0                   0.0         0.0             0.0             0.0
mlx5_1                  18.4         0.0           272.8           138.3
mlx5_2                   0.0         0.0             0.0             0.0
mlx5_3                   0.0         0.0             0.0             0.0
mlx5_4                   0.0         0.0             0.0             0.0
mlx5_5                  18.8         0.0           274.8           142.3
mlx5_6                   0.0         0.0             0.0             0.0
mlx5_7                   0.0         0.0             0.0             0.0
mlx5_8                   0.0         0.0             0.0             0.0
mlx5_9                   0.0         0.0             0.0             0.0
------------------------------------------------------------------------
TOTAL                   37.2         0.0           547.6           280.6

Last Update: 2025-11-22 14:33:09
Device               TX Gbps     RX Gbps    TX Total(GB)    RX Total(GB)
========================================================================
mlx5_0                   0.0         0.0             0.0             0.0
mlx5_1                   0.0         0.0           272.8           138.3
mlx5_2                   0.0         0.0             0.0             0.0
mlx5_3                   0.0         0.0             0.0             0.0
mlx5_4                   0.0         0.0             0.0             0.0
mlx5_5                   0.0         0.0           274.8           142.3
mlx5_6                   0.0         0.0             0.0             0.0
mlx5_7                   0.0         0.0             0.0             0.0
mlx5_8                   0.0         0.0             0.0             0.0
mlx5_9                   0.0         0.0             0.0             0.0
------------------------------------------------------------------------
TOTAL                    0.0         0.0           547.6           280.6

Last Update: 2025-11-22 14:33:10
Device               TX Gbps     RX Gbps    TX Total(GB)    RX Total(GB)
========================================================================
mlx5_0                   0.0         0.0             0.0             0.0
mlx5_1                   0.0         0.0           272.8           138.3
mlx5_2                   0.0         0.0             0.0             0.0
mlx5_3                   0.0         0.0             0.0             0.0
mlx5_4                   0.0         0.0             0.0             0.0
mlx5_5                   0.0         0.0           274.8           142.3
mlx5_6                   0.0         0.0             0.0             0.0
mlx5_7                   0.0         0.0             0.0             0.0
mlx5_8                   0.0         0.0             0.0             0.0
mlx5_9                   0.0         0.0             0.0             0.0
------------------------------------------------------------------------
TOTAL                    0.0         0.0           547.6           280.6

Last Update: 2025-11-22 14:33:11
Device               TX Gbps     RX Gbps    TX Total(GB)    RX Total(GB)
========================================================================
mlx5_0                   0.0         0.0             0.0             0.0
mlx5_1                  18.5         0.0           275.2           138.3
mlx5_2                   0.0         0.0             0.0             0.0
mlx5_3                   0.0         0.0             0.0             0.0
mlx5_4                   0.0         0.0             0.0             0.0
mlx5_5                  18.7         0.0           277.1           142.3
mlx5_6                   0.0         0.0             0.0             0.0
mlx5_7                   0.0         0.0             0.0             0.0
mlx5_8                   0.0         0.0             0.0             0.0
mlx5_9                   0.0         0.0             0.0             0.0
------------------------------------------------------------------------
TOTAL                   37.2         0.0           552.3           280.6

Last Update: 2025-11-22 14:33:12
Device               TX Gbps     RX Gbps    TX Total(GB)    RX Total(GB)
========================================================================
mlx5_0                   0.0         0.0             0.0             0.0
mlx5_1                   0.0         0.0           275.2           138.3
mlx5_2                   0.0         0.0             0.0             0.0
mlx5_3                   0.0         0.0             0.0             0.0
mlx5_4                   0.0         0.0             0.0             0.0
mlx5_5                   0.0         0.0           277.1           142.3
mlx5_6                   0.0         0.0             0.0             0.0
mlx5_7                   0.0         0.0             0.0             0.0
mlx5_8                   0.0         0.0             0.0             0.0
mlx5_9                   0.0         0.0             0.0             0.0
------------------------------------------------------------------------
TOTAL                    0.0         0.0           552.3           280.6

Last Update: 2025-11-22 14:33:13
Device               TX Gbps     RX Gbps    TX Total(GB)    RX Total(GB)
========================================================================
mlx5_0                   0.0         0.0             0.0             0.0
mlx5_1                  18.7        21.7           277.5           141.0
mlx5_2                   0.0         0.0             0.0             0.0
mlx5_3                   0.0         0.0             0.0             0.0
mlx5_4                   0.0         0.0             0.0             0.0
mlx5_5                  18.7        22.8           279.5           145.2
mlx5_6                   0.0         0.0             0.0             0.0
mlx5_7                   0.0         0.0             0.0             0.0
mlx5_8                   0.0         0.0             0.0             0.0
mlx5_9                   0.0         0.0             0.0             0.0
------------------------------------------------------------------------
TOTAL                   37.4        44.4           557.0           286.2

Last Update: 2025-11-22 14:33:14
Device               TX Gbps     RX Gbps    TX Total(GB)    RX Total(GB)
========================================================================
mlx5_0                   0.0         0.0             0.0             0.0
mlx5_1                   0.0         0.0           277.5           141.0
mlx5_2                   0.0         0.0             0.0             0.0
mlx5_3                   0.0         0.0             0.0             0.0
mlx5_4                   0.0         0.0             0.0             0.0
mlx5_5                   0.0         0.0           279.5           145.2
mlx5_6                   0.0         0.0             0.0             0.0
mlx5_7                   0.0         0.0             0.0             0.0
mlx5_8                   0.0         0.0             0.0             0.0
mlx5_9                   0.0         0.0             0.0             0.0
------------------------------------------------------------------------
TOTAL                    0.0         0.0           557.0           286.2

Last Update: 2025-11-22 14:33:15
Device               TX Gbps     RX Gbps    TX Total(GB)    RX Total(GB)
========================================================================
mlx5_0                   0.0         0.0             0.0             0.0
mlx5_1                  19.4         0.0           280.0           141.0
mlx5_2                   0.0         0.0             0.0             0.0
mlx5_3                   0.0         0.0             0.0             0.0
mlx5_4                   0.0         0.0             0.0             0.0
mlx5_5                  19.4         0.0           281.9           145.2
mlx5_6                   0.0         0.0             0.0             0.0
mlx5_7                   0.0         0.0             0.0             0.0
mlx5_8                   0.0         0.0             0.0             0.0
mlx5_9                   0.0         0.0             0.0             0.0
------------------------------------------------------------------------
TOTAL                   38.8         0.0           561.9           286.2

Last Update: 2025-11-22 14:33:16
Device               TX Gbps     RX Gbps    TX Total(GB)    RX Total(GB)
========================================================================
mlx5_0                   0.0         0.0             0.0             0.0
mlx5_1                   0.0         0.0           280.0           141.0
mlx5_2                   0.0         0.0             0.0             0.0
mlx5_3                   0.0         0.0             0.0             0.0
mlx5_4                   0.0         0.0             0.0             0.0
mlx5_5                   0.0         0.0           281.9           145.2
mlx5_6                   0.0         0.0             0.0             0.0
mlx5_7                   0.0         0.0             0.0             0.0
mlx5_8                   0.0         0.0             0.0             0.0
mlx5_9                   0.0         0.0             0.0             0.0
------------------------------------------------------------------------
TOTAL                    0.0         0.0           561.9           286.2

Last Update: 2025-11-22 14:33:17
Device               TX Gbps     RX Gbps    TX Total(GB)    RX Total(GB)
========================================================================
mlx5_0                   0.0         0.0             0.0             0.0
mlx5_1                  18.5         0.0           282.3           141.0
mlx5_2                   0.0         0.0             0.0             0.0
mlx5_3                   0.0         0.0             0.0             0.0
mlx5_4                   0.0         0.0             0.0             0.0
mlx5_5                  18.7         0.0           284.3           145.2
mlx5_6                   0.0         0.0             0.0             0.0
mlx5_7                   0.0         0.0             0.0             0.0
mlx5_8                   0.0         0.0             0.0             0.0
mlx5_9                   0.0         0.0             0.0             0.0
------------------------------------------------------------------------
TOTAL                   37.2         0.0           566.6           286.2

Last Update: 2025-11-22 14:33:18
Device               TX Gbps     RX Gbps    TX Total(GB)    RX Total(GB)
========================================================================
mlx5_0                   0.0         0.0             0.0             0.0
mlx5_1                   1.7         0.0           282.5           141.0
mlx5_2                   0.0         0.0             0.0             0.0
mlx5_3                   0.0         0.0             0.0             0.0
mlx5_4                   0.0         0.0             0.0             0.0
mlx5_5                   1.9         0.0           284.5           145.2
mlx5_6                   0.0         0.0             0.0             0.0
mlx5_7                   0.0         0.0             0.0             0.0
mlx5_8                   0.0         0.0             0.0             0.0
mlx5_9                   0.0         0.0             0.0             0.0
------------------------------------------------------------------------
TOTAL                    3.6         0.0           567.0           286.2

Last Update: 2025-11-22 14:33:19
Device               TX Gbps     RX Gbps    TX Total(GB)    RX Total(GB)
========================================================================
mlx5_0                   0.0         0.0             0.0             0.0
mlx5_1                  17.0         0.0           284.6           141.0
mlx5_2                   0.0         0.0             0.0             0.0
mlx5_3                   0.0         0.0             0.0             0.0
mlx5_4                   0.0         0.0             0.0             0.0
mlx5_5                  16.6         0.0           286.6           145.2
mlx5_6                   0.0         0.0             0.0             0.0
mlx5_7                   0.0         0.0             0.0             0.0
mlx5_8                   0.0         0.0             0.0             0.0
mlx5_9                   0.0         0.0             0.0             0.0
------------------------------------------------------------------------
TOTAL                   33.6         0.0           571.2           286.2

Last Update: 2025-11-22 14:33:20
Device               TX Gbps     RX Gbps    TX Total(GB)    RX Total(GB)
========================================================================
mlx5_0                   0.0         0.0             0.0             0.0
mlx5_1                   0.0         0.0           284.6           141.0
mlx5_2                   0.0         0.0             0.0             0.0
mlx5_3                   0.0         0.0             0.0             0.0
mlx5_4                   0.0         0.0             0.0             0.0
mlx5_5                   0.0         0.0           286.6           145.2
mlx5_6                   0.0         0.0             0.0             0.0
mlx5_7                   0.0         0.0             0.0             0.0
mlx5_8                   0.0         0.0             0.0             0.0
mlx5_9                   0.0         0.0             0.0             0.0
------------------------------------------------------------------------
TOTAL                    0.0         0.0           571.2           286.2

Last Update: 2025-11-22 14:33:21
Device               TX Gbps     RX Gbps    TX Total(GB)    RX Total(GB)
========================================================================
mlx5_0                   0.0         0.0             0.0             0.0
mlx5_1                  18.6         0.0           287.0           141.0
mlx5_2                   0.0         0.0             0.0             0.0
mlx5_3                   0.0         0.0             0.0             0.0
mlx5_4                   0.0         0.0             0.0             0.0
mlx5_5                  18.6         0.0           288.9           145.2
mlx5_6                   0.0         0.0             0.0             0.0
mlx5_7                   0.0         0.0             0.0             0.0
mlx5_8                   0.0         0.0             0.0             0.0
mlx5_9                   0.0         0.0             0.0             0.0
------------------------------------------------------------------------
TOTAL                   37.2         0.0           575.9           286.2

Last Update: 2025-11-22 14:33:22
Device               TX Gbps     RX Gbps    TX Total(GB)    RX Total(GB)
========================================================================
mlx5_0                   0.0         0.0             0.0             0.0
mlx5_1                   0.0         0.0           287.0           141.0
mlx5_2                   0.0         0.0             0.0             0.0
mlx5_3                   0.0         0.0             0.0             0.0
mlx5_4                   0.0         0.0             0.0             0.0
mlx5_5                   0.0         0.0           288.9           145.2
mlx5_6                   0.0         0.0             0.0             0.0
mlx5_7                   0.0         0.0             0.0             0.0
mlx5_8                   0.0         0.0             0.0             0.0
mlx5_9                   0.0         0.0             0.0             0.0
------------------------------------------------------------------------
TOTAL                    0.0         0.0           575.9           286.2

Last Update: 2025-11-22 14:33:23
Device               TX Gbps     RX Gbps    TX Total(GB)    RX Total(GB)
========================================================================
mlx5_0                   0.0         0.0             0.0             0.0
mlx5_1                  18.7         0.0           289.3           141.0
mlx5_2                   0.0         0.0             0.0             0.0
mlx5_3                   0.0         0.0             0.0             0.0
mlx5_4                   0.0         0.0             0.0             0.0
mlx5_5                  18.5         0.0           291.3           145.2
mlx5_6                   0.0         0.0             0.0             0.0
mlx5_7                   0.0         0.0             0.0             0.0
mlx5_8                   0.0         0.0             0.0             0.0
mlx5_9                   0.0         0.0             0.0             0.0
------------------------------------------------------------------------
TOTAL                   37.2         0.0           580.6           286.2

Last Update: 2025-11-22 14:33:24
Device               TX Gbps     RX Gbps    TX Total(GB)    RX Total(GB)
========================================================================
mlx5_0                   0.0         0.0             0.0             0.0
mlx5_1                   0.0         0.0           289.3           141.0
mlx5_2                   0.0         0.0             0.0             0.0
mlx5_3                   0.0         0.0             0.0             0.0
mlx5_4                   0.0         0.0             0.0             0.0
mlx5_5                   0.0         0.0           291.3           145.2
mlx5_6                   0.0         0.0             0.0             0.0
mlx5_7                   0.0         0.0             0.0             0.0
mlx5_8                   0.0         0.0             0.0             0.0
mlx5_9                   0.0         0.0             0.0             0.0
------------------------------------------------------------------------
TOTAL                    0.0         0.0           580.6           286.2

Last Update: 2025-11-22 14:33:25
Device               TX Gbps     RX Gbps    TX Total(GB)    RX Total(GB)
========================================================================
mlx5_0                   0.0         0.0             0.0             0.0
mlx5_1                   7.6         0.0           290.3           141.0
mlx5_2                   0.0         0.0             0.0             0.0
mlx5_3                   0.0         0.0             0.0             0.0
mlx5_4                   0.0         0.0             0.0             0.0
mlx5_5                   7.8         0.0           292.3           145.2
mlx5_6                   0.0         0.0             0.0             0.0
mlx5_7                   0.0         0.0             0.0             0.0
mlx5_8                   0.0         0.0             0.0             0.0
mlx5_9                   0.0         0.0             0.0             0.0
------------------------------------------------------------------------
TOTAL                   15.5         0.0           582.5           286.2

Last Update: 2025-11-22 14:33:26
Device               TX Gbps     RX Gbps    TX Total(GB)    RX Total(GB)
========================================================================
mlx5_0                   0.0         0.0             0.0             0.0
mlx5_1                   0.0         0.0           290.3           141.0
mlx5_2                   0.0         0.0             0.0             0.0
mlx5_3                   0.0         0.0             0.0             0.0
mlx5_4                   0.0         0.0             0.0             0.0
mlx5_5                   0.0         0.0           292.3           145.2
mlx5_6                   0.0         0.0             0.0             0.0
mlx5_7                   0.0         0.0             0.0             0.0
mlx5_8                   0.0         0.0             0.0             0.0
mlx5_9                   0.0         0.0             0.0             0.0
------------------------------------------------------------------------
TOTAL                    0.0         0.0           582.5           286.2

Last Update: 2025-11-22 14:33:27
Device               TX Gbps     RX Gbps    TX Total(GB)    RX Total(GB)
========================================================================
mlx5_0                   0.0         0.0             0.0             0.0
mlx5_1                   0.0         0.0           290.3           141.0
mlx5_2                   0.0         0.0             0.0             0.0
mlx5_3                   0.0         0.0             0.0             0.0
mlx5_4                   0.0         0.0             0.0             0.0
mlx5_5                   0.0         0.0           292.3           145.2
mlx5_6                   0.0         0.0             0.0             0.0
mlx5_7                   0.0         0.0             0.0             0.0
mlx5_8                   0.0         0.0             0.0             0.0
mlx5_9                   0.0         0.0             0.0             0.0
------------------------------------------------------------------------
TOTAL                    0.0         0.0           582.5           286.2

Last Update: 2025-11-22 14:33:28
Device               TX Gbps     RX Gbps    TX Total(GB)    RX Total(GB)
========================================================================
mlx5_0                   0.0         0.0             0.0             0.0
mlx5_1                   0.0         0.0           290.3           141.0
mlx5_2                   0.0         0.0             0.0             0.0
mlx5_3                   0.0         0.0             0.0             0.0
mlx5_4                   0.0         0.0             0.0             0.0
mlx5_5                   0.0         0.0           292.3           145.2
mlx5_6                   0.0         0.0             0.0             0.0
mlx5_7                   0.0         0.0             0.0             0.0
mlx5_8                   0.0         0.0             0.0             0.0
mlx5_9                   0.0         0.0             0.0             0.0
------------------------------------------------------------------------
TOTAL                    0.0         0.0           582.5           286.2

Last Update: 2025-11-22 14:33:29
Device               TX Gbps     RX Gbps    TX Total(GB)    RX Total(GB)
========================================================================
mlx5_0                   0.0         0.0             0.0             0.0
mlx5_1                   0.0         0.0           290.3           141.0
mlx5_2                   0.0         0.0             0.0             0.0
mlx5_3                   0.0         0.0             0.0             0.0
mlx5_4                   0.0         0.0             0.0             0.0
mlx5_5                   0.0         0.0           292.3           145.2
mlx5_6                   0.0         0.0             0.0             0.0
mlx5_7                   0.0         0.0             0.0             0.0
mlx5_8                   0.0         0.0             0.0             0.0
mlx5_9                   0.0         0.0             0.0             0.0
------------------------------------------------------------------------
TOTAL                    0.0         0.0           582.5           286.2

Last Update: 2025-11-22 14:33:30
Device               TX Gbps     RX Gbps    TX Total(GB)    RX Total(GB)
========================================================================
mlx5_0                   0.0         0.0             0.0             0.0
mlx5_1                   0.0         0.0           290.3           141.0
mlx5_2                   0.0         0.0             0.0             0.0
mlx5_3                   0.0         0.0             0.0             0.0
mlx5_4                   0.0         0.0             0.0             0.0
mlx5_5                   0.0         0.0           292.3           145.2
mlx5_6                   0.0         0.0             0.0             0.0
mlx5_7                   0.0         0.0             0.0             0.0
mlx5_8                   0.0         0.0             0.0             0.0
mlx5_9                   0.0         0.0             0.0             0.0
------------------------------------------------------------------------
TOTAL                    0.0         0.0           582.5           286.2

Last Update: 2025-11-22 14:33:31
Device               TX Gbps     RX Gbps    TX Total(GB)    RX Total(GB)
========================================================================
mlx5_0                   0.0         0.0             0.0             0.0
mlx5_1                   0.0         0.0           290.3           141.0
mlx5_2                   0.0         0.0             0.0             0.0
mlx5_3                   0.0         0.0             0.0             0.0
mlx5_4                   0.0         0.0             0.0             0.0
mlx5_5                   0.0         0.0           292.3           145.2
mlx5_6                   0.0         0.0             0.0             0.0
mlx5_7                   0.0         0.0             0.0             0.0
mlx5_8                   0.0         0.0             0.0             0.0
mlx5_9                   0.0         0.0             0.0             0.0
------------------------------------------------------------------------
TOTAL                    0.0         0.0           582.5           286.2

Last Update: 2025-11-22 14:33:32
Device               TX Gbps     RX Gbps    TX Total(GB)    RX Total(GB)
========================================================================
mlx5_0                   0.0         0.0             0.0             0.0
mlx5_1                   0.0         0.0           290.3           141.0
mlx5_2                   0.0         0.0             0.0             0.0
mlx5_3                   0.0         0.0             0.0             0.0
mlx5_4                   0.0         0.0             0.0             0.0
mlx5_5                   0.0         0.0           292.3           145.2
mlx5_6                   0.0         0.0             0.0             0.0
mlx5_7                   0.0         0.0             0.0             0.0
mlx5_8                   0.0         0.0             0.0             0.0
mlx5_9                   0.0         0.0             0.0             0.0
------------------------------------------------------------------------
TOTAL                    0.0         0.0           582.5           286.2

Last Update: 2025-11-22 14:33:33
Device               TX Gbps     RX Gbps    TX Total(GB)    RX Total(GB)
========================================================================
mlx5_0                   0.0         0.0             0.0             0.0
mlx5_1                   0.0         0.0           290.3           141.0
mlx5_2                   0.0         0.0             0.0             0.0
mlx5_3                   0.0         0.0             0.0             0.0
mlx5_4                   0.0         0.0             0.0             0.0
mlx5_5                   0.0         0.0           292.3           145.2
mlx5_6                   0.0         0.0             0.0             0.0
mlx5_7                   0.0         0.0             0.0             0.0
mlx5_8                   0.0         0.0             0.0             0.0
mlx5_9                   0.0         0.0             0.0             0.0
------------------------------------------------------------------------
TOTAL                    0.0         0.0           582.5           286.2

Last Update: 2025-11-22 14:33:34
Device               TX Gbps     RX Gbps    TX Total(GB)    RX Total(GB)
========================================================================
mlx5_0                   0.0         0.0             0.0             0.0
mlx5_1                   0.0         0.0           290.3           141.0
mlx5_2                   0.0         0.0             0.0             0.0
mlx5_3                   0.0         0.0             0.0             0.0
mlx5_4                   0.0         0.0             0.0             0.0
mlx5_5                   0.0         0.0           292.3           145.2
mlx5_6                   0.0         0.0             0.0             0.0
mlx5_7                   0.0         0.0             0.0             0.0
mlx5_8                   0.0         0.0             0.0             0.0
mlx5_9                   0.0         0.0             0.0             0.0
------------------------------------------------------------------------
TOTAL                    0.0         0.0           582.5           286.2

Last Update: 2025-11-22 14:33:35
Device               TX Gbps     RX Gbps    TX Total(GB)    RX Total(GB)
========================================================================
mlx5_0                   0.0         0.0             0.0             0.0
mlx5_1                   0.0         0.0           290.3           141.0
mlx5_2                   0.0         0.0             0.0             0.0
mlx5_3                   0.0         0.0             0.0             0.0
mlx5_4                   0.0         0.0             0.0             0.0
mlx5_5                   0.0         0.0           292.3           145.2
mlx5_6                   0.0         0.0             0.0             0.0
mlx5_7                   0.0         0.0             0.0             0.0
mlx5_8                   0.0         0.0             0.0             0.0
mlx5_9                   0.0         0.0             0.0             0.0
------------------------------------------------------------------------
TOTAL                    0.0         0.0           582.5           286.2

Last Update: 2025-11-22 14:33:36
Device               TX Gbps     RX Gbps    TX Total(GB)    RX Total(GB)
========================================================================
mlx5_0                   0.0         0.0             0.0             0.0
mlx5_1                   0.0         0.0           290.3           141.0
mlx5_2                   0.0         0.0             0.0             0.0
mlx5_3                   0.0         0.0             0.0             0.0
mlx5_4                   0.0         0.0             0.0             0.0
mlx5_5                   0.0         0.0           292.3           145.2
mlx5_6                   0.0         0.0             0.0             0.0
mlx5_7                   0.0         0.0             0.0             0.0
mlx5_8                   0.0         0.0             0.0             0.0
mlx5_9                   0.0         0.0             0.0             0.0
------------------------------------------------------------------------
TOTAL                    0.0         0.0           582.5           286.2

Last Update: 2025-11-22 14:33:37
Device               TX Gbps     RX Gbps    TX Total(GB)    RX Total(GB)
========================================================================
mlx5_0                   0.0         0.0             0.0             0.0
mlx5_1                   0.0         0.0           290.3           141.0
mlx5_2                   0.0         0.0             0.0             0.0
mlx5_3                   0.0         0.0             0.0             0.0
mlx5_4                   0.0         0.0             0.0             0.0
mlx5_5                   0.0         0.0           292.3           145.2
mlx5_6                   0.0         0.0             0.0             0.0
mlx5_7                   0.0         0.0             0.0             0.0
mlx5_8                   0.0         0.0             0.0             0.0
mlx5_9                   0.0         0.0             0.0             0.0
------------------------------------------------------------------------
TOTAL                    0.0         0.0           582.5           286.2

Last Update: 2025-11-22 14:33:38
Device               TX Gbps     RX Gbps    TX Total(GB)    RX Total(GB)
========================================================================
mlx5_0                   0.0         0.0             0.0             0.0
mlx5_1                   0.0         0.0           290.3           141.0
mlx5_2                   0.0         0.0             0.0             0.0
mlx5_3                   0.0         0.0             0.0             0.0
mlx5_4                   0.0         0.0             0.0             0.0
mlx5_5                   0.0         0.0           292.3           145.2
mlx5_6                   0.0         0.0             0.0             0.0
mlx5_7                   0.0         0.0             0.0             0.0
mlx5_8                   0.0         0.0             0.0             0.0
mlx5_9                   0.0         0.0             0.0             0.0
------------------------------------------------------------------------
TOTAL                    0.0         0.0           582.5           286.2

Last Update: 2025-11-22 14:33:39
Device               TX Gbps     RX Gbps    TX Total(GB)    RX Total(GB)
========================================================================
mlx5_0                   0.0         0.0             0.0             0.0
mlx5_1                   0.0         0.0           290.3           141.0
mlx5_2                   0.0         0.0             0.0             0.0
mlx5_3                   0.0         0.0             0.0             0.0
mlx5_4                   0.0         0.0             0.0             0.0
mlx5_5                   0.0         0.0           292.3           145.2
mlx5_6                   0.0         0.0             0.0             0.0
mlx5_7                   0.0         0.0             0.0             0.0
mlx5_8                   0.0         0.0             0.0             0.0
mlx5_9                   0.0         0.0             0.0             0.0
------------------------------------------------------------------------
TOTAL                    0.0         0.0           582.5           286.2

Last Update: 2025-11-22 14:33:40
Device               TX Gbps     RX Gbps    TX Total(GB)    RX Total(GB)
========================================================================
mlx5_0                   0.0         0.0             0.0             0.0
mlx5_1                   0.0         0.0           290.3           141.0
mlx5_2                   0.0         0.0             0.0             0.0
mlx5_3                   0.0         0.0             0.0             0.0
mlx5_4                   0.0         0.0             0.0             0.0
mlx5_5                   0.0         0.0           292.3           145.2
mlx5_6                   0.0         0.0             0.0             0.0
mlx5_7                   0.0         0.0             0.0             0.0
mlx5_8                   0.0         0.0             0.0             0.0
mlx5_9                   0.0         0.0             0.0             0.0
------------------------------------------------------------------------
TOTAL                    0.0         0.0           582.5           286.2

Last Update: 2025-11-22 14:33:41
Device               TX Gbps     RX Gbps    TX Total(GB)    RX Total(GB)
========================================================================
mlx5_0                   0.0         0.0             0.0             0.0
mlx5_1                   0.3        55.1           290.3           147.9
mlx5_2                   0.0         0.0             0.0             0.0
mlx5_3                   0.0         0.0             0.0             0.0
mlx5_4                   0.0         0.0             0.0             0.0
mlx5_5                   0.4        57.3           292.3           152.4
mlx5_6                   0.0         0.0             0.0             0.0
mlx5_7                   0.0         0.0             0.0             0.0
mlx5_8                   0.0         0.0             0.0             0.0
mlx5_9                   0.0         0.0             0.0             0.0
------------------------------------------------------------------------
TOTAL                    0.7       112.4           582.6           300.3

Last Update: 2025-11-22 14:33:42
Device               TX Gbps     RX Gbps    TX Total(GB)    RX Total(GB)
========================================================================
mlx5_0                   0.0         0.0             0.0             0.0
mlx5_1                   0.8       129.1           290.4           164.2
mlx5_2                   0.0         0.0             0.0             0.0
mlx5_3                   0.0         0.0             0.0             0.0
mlx5_4                   0.0         0.0             0.0             0.0
mlx5_5                   0.9       134.2           292.4           169.3
mlx5_6                   0.0         0.0             0.0             0.0
mlx5_7                   0.0         0.0             0.0             0.0
mlx5_8                   0.0         0.0             0.0             0.0
mlx5_9                   0.0         0.0             0.0             0.0
------------------------------------------------------------------------
TOTAL                    1.7       263.3           582.8           333.4

Last Update: 2025-11-22 14:33:43
Device               TX Gbps     RX Gbps    TX Total(GB)    RX Total(GB)
========================================================================
mlx5_0                   0.0         0.0             0.0             0.0
mlx5_1                   1.0       151.4           290.5           183.2
mlx5_2                   0.0         0.0             0.0             0.0
mlx5_3                   0.0         0.0             0.0             0.0
mlx5_4                   0.0         0.0             0.0             0.0
mlx5_5                   1.1       156.3           292.6           188.9
mlx5_6                   0.0         0.0             0.0             0.0
mlx5_7                   0.0         0.0             0.0             0.0
mlx5_8                   0.0         0.0             0.0             0.0
mlx5_9                   0.0         0.0             0.0             0.0
------------------------------------------------------------------------
TOTAL                    2.1       307.7           583.1           372.1

Last Update: 2025-11-22 14:33:44
Device               TX Gbps     RX Gbps    TX Total(GB)    RX Total(GB)
========================================================================
mlx5_0                   0.0         0.0             0.0             0.0
mlx5_1                   1.7       255.6           290.8           215.3
mlx5_2                   0.0         0.0             0.0             0.0
mlx5_3                   0.0         0.0             0.0             0.0
mlx5_4                   0.0         0.0             0.0             0.0
mlx5_5                   1.8       264.8           292.8           222.2
mlx5_6                   0.0         0.0             0.0             0.0
mlx5_7                   0.0         0.0             0.0             0.0
mlx5_8                   0.0         0.0             0.0             0.0
mlx5_9                   0.0         0.0             0.0             0.0
------------------------------------------------------------------------
TOTAL                    3.5       520.4           583.5           437.5

Last Update: 2025-11-22 14:33:45
Device               TX Gbps     RX Gbps    TX Total(GB)    RX Total(GB)
========================================================================
mlx5_0                   0.0         0.0             0.0             0.0
mlx5_1                   1.7       258.7           291.0           247.8
mlx5_2                   0.0         0.0             0.0             0.0
mlx5_3                   0.0         0.0             0.0             0.0
mlx5_4                   0.0         0.0             0.0             0.0
mlx5_5                   1.9       265.5           293.0           255.5
mlx5_6                   0.0         0.0             0.0             0.0
mlx5_7                   0.0         0.0             0.0             0.0
mlx5_8                   0.0         0.0             0.0             0.0
mlx5_9                   0.0         0.0             0.0             0.0
------------------------------------------------------------------------
TOTAL                    3.6       524.2           584.0           503.4

Last Update: 2025-11-22 14:33:46
Device               TX Gbps     RX Gbps    TX Total(GB)    RX Total(GB)
========================================================================
mlx5_0                   0.0         0.0             0.0             0.0
mlx5_1                   1.6       229.7           291.2           276.7
mlx5_2                   0.0         0.0             0.0             0.0
mlx5_3                   0.0         0.0             0.0             0.0
mlx5_4                   0.0         0.0             0.0             0.0
mlx5_5                   1.7       236.2           293.2           285.2
mlx5_6                   0.0         0.0             0.0             0.0
mlx5_7                   0.0         0.0             0.0             0.0
mlx5_8                   0.0         0.0             0.0             0.0
mlx5_9                   0.0         0.0             0.0             0.0
------------------------------------------------------------------------
TOTAL                    3.2       465.9           584.4           561.9

Last Update: 2025-11-22 14:33:47
Device               TX Gbps     RX Gbps    TX Total(GB)    RX Total(GB)
========================================================================
mlx5_0                   0.0         0.0             0.0             0.0
mlx5_1                   1.5       226.5           291.4           305.2
mlx5_2                   0.0         0.0             0.0             0.0
mlx5_3                   0.0         0.0             0.0             0.0
mlx5_4                   0.0         0.0             0.0             0.0
mlx5_5                   1.6       232.5           293.4           314.4
mlx5_6                   0.0         0.0             0.0             0.0
mlx5_7                   0.0         0.0             0.0             0.0
mlx5_8                   0.0         0.0             0.0             0.0
mlx5_9                   0.0         0.0             0.0             0.0
------------------------------------------------------------------------
TOTAL                    3.1       459.0           584.8           619.6

Last Update: 2025-11-22 14:33:48
Device               TX Gbps     RX Gbps    TX Total(GB)    RX Total(GB)
========================================================================
mlx5_0                   0.0         0.0             0.0             0.0
mlx5_1                   1.3       189.6           291.5           329.0
mlx5_2                   0.0         0.0             0.0             0.0
mlx5_3                   0.0         0.0             0.0             0.0
mlx5_4                   0.0         0.0             0.0             0.0
mlx5_5                   1.4       195.4           293.6           339.0
mlx5_6                   0.0         0.0             0.0             0.0
mlx5_7                   0.0         0.0             0.0             0.0
mlx5_8                   0.0         0.0             0.0             0.0
mlx5_9                   0.0         0.0             0.0             0.0
------------------------------------------------------------------------
TOTAL                    2.6       385.1           585.1           668.0

Last Update: 2025-11-22 14:33:49
Device               TX Gbps     RX Gbps    TX Total(GB)    RX Total(GB)
========================================================================
mlx5_0                   0.0         0.0             0.0             0.0
mlx5_1                   1.7       249.9           291.7           360.4
mlx5_2                   0.0         0.0             0.0             0.0
mlx5_3                   0.0         0.0             0.0             0.0
mlx5_4                   0.0         0.0             0.0             0.0
mlx5_5                   1.8       258.2           293.8           371.5
mlx5_6                   0.0         0.0             0.0             0.0
mlx5_7                   0.0         0.0             0.0             0.0
mlx5_8                   0.0         0.0             0.0             0.0
mlx5_9                   0.0         0.0             0.0             0.0
------------------------------------------------------------------------
TOTAL                    3.5       508.1           585.6           731.9

Last Update: 2025-11-22 14:33:50
Device               TX Gbps     RX Gbps    TX Total(GB)    RX Total(GB)
========================================================================
mlx5_0                   0.0         0.0             0.0             0.0
mlx5_1                   1.7       249.9           291.9           391.8
mlx5_2                   0.0         0.0             0.0             0.0
mlx5_3                   0.0         0.0             0.0             0.0
mlx5_4                   0.0         0.0             0.0             0.0
mlx5_5                   1.9       258.4           294.1           403.9
mlx5_6                   0.0         0.0             0.0             0.0
mlx5_7                   0.0         0.0             0.0             0.0
mlx5_8                   0.0         0.0             0.0             0.0
mlx5_9                   0.0         0.0             0.0             0.0
------------------------------------------------------------------------
TOTAL                    3.6       508.4           586.0           795.7

Last Update: 2025-11-22 14:33:51
Device               TX Gbps     RX Gbps    TX Total(GB)    RX Total(GB)
========================================================================
mlx5_0                   0.0         0.0             0.0             0.0
mlx5_1                   1.5       226.1           292.1           420.2
mlx5_2                   0.0         0.0             0.0             0.0
mlx5_3                   0.0         0.0             0.0             0.0
mlx5_4                   0.0         0.0             0.0             0.0
mlx5_5                   1.5       232.7           294.3           433.2
mlx5_6                   0.0         0.0             0.0             0.0
mlx5_7                   0.0         0.0             0.0             0.0
mlx5_8                   0.0         0.0             0.0             0.0
mlx5_9                   0.0         0.0             0.0             0.0
------------------------------------------------------------------------
TOTAL                    3.0       458.9           586.4           853.4

Last Update: 2025-11-22 14:33:52
Device               TX Gbps     RX Gbps    TX Total(GB)    RX Total(GB)
========================================================================
mlx5_0                   0.0         0.0             0.0             0.0
mlx5_1                   0.9       135.0           292.2           437.2
mlx5_2                   0.0         0.0             0.0             0.0
mlx5_3                   0.0         0.0             0.0             0.0
mlx5_4                   0.0         0.0             0.0             0.0
mlx5_5                   1.0       138.8           294.4           450.6
mlx5_6                   0.0         0.0             0.0             0.0
mlx5_7                   0.0         0.0             0.0             0.0
mlx5_8                   0.0         0.0             0.0             0.0
mlx5_9                   0.0         0.0             0.0             0.0
------------------------------------------------------------------------
TOTAL                    1.9       273.8           586.6           887.8

Last Update: 2025-11-22 14:33:53
Device               TX Gbps     RX Gbps    TX Total(GB)    RX Total(GB)
========================================================================
mlx5_0                   0.0         0.0             0.0             0.0
mlx5_1                   0.0         0.0           292.2           437.2
mlx5_2                   0.0         0.0             0.0             0.0
mlx5_3                   0.0         0.0             0.0             0.0
mlx5_4                   0.0         0.0             0.0             0.0
mlx5_5                   0.0         0.0           294.4           450.6
mlx5_6                   0.0         0.0             0.0             0.0
mlx5_7                   0.0         0.0             0.0             0.0
mlx5_8                   0.0         0.0             0.0             0.0
mlx5_9                   0.0         0.0             0.0             0.0
------------------------------------------------------------------------
TOTAL                    0.0         0.0           586.6           887.8

Last Update: 2025-11-22 14:33:54
Device               TX Gbps     RX Gbps    TX Total(GB)    RX Total(GB)
========================================================================
mlx5_0                   0.0         0.0             0.0             0.0
mlx5_1                   0.0         0.0           292.2           437.2
mlx5_2                   0.0         0.0             0.0             0.0
mlx5_3                   0.0         0.0             0.0             0.0
mlx5_4                   0.0         0.0             0.0             0.0
mlx5_5                   0.0         0.0           294.4           450.6
mlx5_6                   0.0         0.0             0.0             0.0
mlx5_7                   0.0         0.0             0.0             0.0
mlx5_8                   0.0         0.0             0.0             0.0
mlx5_9                   0.0         0.0             0.0             0.0
------------------------------------------------------------------------
TOTAL                    0.0         0.0           586.6           887.8

Last Update: 2025-11-22 14:33:55
Device               TX Gbps     RX Gbps    TX Total(GB)    RX Total(GB)
========================================================================
mlx5_0                   0.0         0.0             0.0             0.0
mlx5_1                   0.0         0.0           292.2           437.2
mlx5_2                   0.0         0.0             0.0             0.0
mlx5_3                   0.0         0.0             0.0             0.0
mlx5_4                   0.0         0.0             0.0             0.0
mlx5_5                   0.0         0.0           294.4           450.6
mlx5_6                   0.0         0.0             0.0             0.0
mlx5_7                   0.0         0.0             0.0             0.0
mlx5_8                   0.0         0.0             0.0             0.0
mlx5_9                   0.0         0.0             0.0             0.0
------------------------------------------------------------------------
TOTAL                    0.0         0.0           586.6           887.8

Last Update: 2025-11-22 14:33:56
Device               TX Gbps     RX Gbps    TX Total(GB)    RX Total(GB)
========================================================================
mlx5_0                   0.0         0.0             0.0             0.0
mlx5_1                   0.0         0.0           292.2           437.2
mlx5_2                   0.0         0.0             0.0             0.0
mlx5_3                   0.0         0.0             0.0             0.0
mlx5_4                   0.0         0.0             0.0             0.0
mlx5_5                   0.0         0.0           294.4           450.6
mlx5_6                   0.0         0.0             0.0             0.0
mlx5_7                   0.0         0.0             0.0             0.0
mlx5_8                   0.0         0.0             0.0             0.0
mlx5_9                   0.0         0.0             0.0             0.0
------------------------------------------------------------------------
TOTAL                    0.0         0.0           586.6           887.8

Last Update: 2025-11-22 14:33:57
Device               TX Gbps     RX Gbps    TX Total(GB)    RX Total(GB)
========================================================================
mlx5_0                   0.0         0.0             0.0             0.0
mlx5_1                   0.0         0.0           292.2           437.2
mlx5_2                   0.0         0.0             0.0             0.0
mlx5_3                   0.0         0.0             0.0             0.0
mlx5_4                   0.0         0.0             0.0             0.0
mlx5_5                   0.0         0.0           294.4           450.6
mlx5_6                   0.0         0.0             0.0             0.0
mlx5_7                   0.0         0.0             0.0             0.0
mlx5_8                   0.0         0.0             0.0             0.0
mlx5_9                   0.0         0.0             0.0             0.0
------------------------------------------------------------------------
TOTAL                    0.0         0.0           586.6           887.8

Last Update: 2025-11-22 14:33:58
Device               TX Gbps     RX Gbps    TX Total(GB)    RX Total(GB)
========================================================================
mlx5_0                   0.0         0.0             0.0             0.0
mlx5_1                   0.0         0.0           292.2           437.2
mlx5_2                   0.0         0.0             0.0             0.0
mlx5_3                   0.0         0.0             0.0             0.0
mlx5_4                   0.0         0.0             0.0             0.0
mlx5_5                   0.0         0.0           294.4           450.6
mlx5_6                   0.0         0.0             0.0             0.0
mlx5_7                   0.0         0.0             0.0             0.0
mlx5_8                   0.0         0.0             0.0             0.0
mlx5_9                   0.0         0.0             0.0             0.0
------------------------------------------------------------------------
TOTAL                    0.0         0.0           586.6           887.8

Last Update: 2025-11-22 14:33:59
Device               TX Gbps     RX Gbps    TX Total(GB)    RX Total(GB)
========================================================================
mlx5_0                   0.0         0.0             0.0             0.0
mlx5_1                   0.0         0.0           292.2           437.2
mlx5_2                   0.0         0.0             0.0             0.0
mlx5_3                   0.0         0.0             0.0             0.0
mlx5_4                   0.0         0.0             0.0             0.0
mlx5_5                   0.0         0.0           294.4           450.6
mlx5_6                   0.0         0.0             0.0             0.0
mlx5_7                   0.0         0.0             0.0             0.0
mlx5_8                   0.0         0.0             0.0             0.0
mlx5_9                   0.0         0.0             0.0             0.0
------------------------------------------------------------------------
TOTAL                    0.0         0.0           586.6           887.8

Last Update: 2025-11-22 14:34:00
Device               TX Gbps     RX Gbps    TX Total(GB)    RX Total(GB)
========================================================================
mlx5_0                   0.0         0.0             0.0             0.0
mlx5_1                   0.0         0.0           292.2           437.2
mlx5_2                   0.0         0.0             0.0             0.0
mlx5_3                   0.0         0.0             0.0             0.0
mlx5_4                   0.0         0.0             0.0             0.0
mlx5_5                   0.0         0.0           294.4           450.6
mlx5_6                   0.0         0.0             0.0             0.0
mlx5_7                   0.0         0.0             0.0             0.0
mlx5_8                   0.0         0.0             0.0             0.0
mlx5_9                   0.0         0.0             0.0             0.0
------------------------------------------------------------------------
TOTAL                    0.0         0.0           586.6           887.8

Last Update: 2025-11-22 14:34:01
Device               TX Gbps     RX Gbps    TX Total(GB)    RX Total(GB)
========================================================================
mlx5_0                   0.0         0.0             0.0             0.0
mlx5_1                   0.0         0.0           292.2           437.2
mlx5_2                   0.0         0.0             0.0             0.0
mlx5_3                   0.0         0.0             0.0             0.0
mlx5_4                   0.0         0.0             0.0             0.0
mlx5_5                   0.0         0.0           294.4           450.6
mlx5_6                   0.0         0.0             0.0             0.0
mlx5_7                   0.0         0.0             0.0             0.0
mlx5_8                   0.0         0.0             0.0             0.0
mlx5_9                   0.0         0.0             0.0             0.0
------------------------------------------------------------------------
TOTAL                    0.0         0.0           586.6           887.8

Last Update: 2025-11-22 14:34:02
Device               TX Gbps     RX Gbps    TX Total(GB)    RX Total(GB)
========================================================================
mlx5_0                   0.0         0.0             0.0             0.0
mlx5_1                   0.0         0.0           292.2           437.2
mlx5_2                   0.0         0.0             0.0             0.0
mlx5_3                   0.0         0.0             0.0             0.0
mlx5_4                   0.0         0.0             0.0             0.0
mlx5_5                   0.0         0.0           294.4           450.6
mlx5_6                   0.0         0.0             0.0             0.0
mlx5_7                   0.0         0.0             0.0             0.0
mlx5_8                   0.0         0.0             0.0             0.0
mlx5_9                   0.0         0.0             0.0             0.0
------------------------------------------------------------------------
TOTAL                    0.0         0.0           586.6           887.8

Last Update: 2025-11-22 14:34:03
Device               TX Gbps     RX Gbps    TX Total(GB)    RX Total(GB)
========================================================================
mlx5_0                   0.0         0.0             0.0             0.0
mlx5_1                   0.0         0.0           292.2           437.2
mlx5_2                   0.0         0.0             0.0             0.0
mlx5_3                   0.0         0.0             0.0             0.0
mlx5_4                   0.0         0.0             0.0             0.0
mlx5_5                   0.0         0.0           294.4           450.6
mlx5_6                   0.0         0.0             0.0             0.0
mlx5_7                   0.0         0.0             0.0             0.0
mlx5_8                   0.0         0.0             0.0             0.0
mlx5_9                   0.0         0.0             0.0             0.0
------------------------------------------------------------------------
TOTAL                    0.0         0.0           586.6           887.8

Last Update: 2025-11-22 14:34:04
Device               TX Gbps     RX Gbps    TX Total(GB)    RX Total(GB)
========================================================================
mlx5_0                   0.0         0.0             0.0             0.0
mlx5_1                   0.0         0.0           292.2           437.2
mlx5_2                   0.0         0.0             0.0             0.0
mlx5_3                   0.0         0.0             0.0             0.0
mlx5_4                   0.0         0.0             0.0             0.0
mlx5_5                   0.0         0.0           294.4           450.6
mlx5_6                   0.0         0.0             0.0             0.0
mlx5_7                   0.0         0.0             0.0             0.0
mlx5_8                   0.0         0.0             0.0             0.0
mlx5_9                   0.0         0.0             0.0             0.0
------------------------------------------------------------------------
TOTAL                    0.0         0.0           586.6           887.8

Last Update: 2025-11-22 14:34:05
Device               TX Gbps     RX Gbps    TX Total(GB)    RX Total(GB)
========================================================================
mlx5_0                   0.0         0.0             0.0             0.0
mlx5_1                   0.0         0.0           292.2           437.2
mlx5_2                   0.0         0.0             0.0             0.0
mlx5_3                   0.0         0.0             0.0             0.0
mlx5_4                   0.0         0.0             0.0             0.0
mlx5_5                   0.0         0.0           294.4           450.6
mlx5_6                   0.0         0.0             0.0             0.0
mlx5_7                   0.0         0.0             0.0             0.0
mlx5_8                   0.0         0.0             0.0             0.0
mlx5_9                   0.0         0.0             0.0             0.0
------------------------------------------------------------------------
TOTAL                    0.0         0.0           586.6           887.8

Last Update: 2025-11-22 14:34:06
Device               TX Gbps     RX Gbps    TX Total(GB)    RX Total(GB)
========================================================================
mlx5_0                   0.0         0.0             0.0             0.0
mlx5_1                   0.0         0.0           292.2           437.2
mlx5_2                   0.0         0.0             0.0             0.0
mlx5_3                   0.0         0.0             0.0             0.0
mlx5_4                   0.0         0.0             0.0             0.0
mlx5_5                   0.0         0.0           294.4           450.6
mlx5_6                   0.0         0.0             0.0             0.0
mlx5_7                   0.0         0.0             0.0             0.0
mlx5_8                   0.0         0.0             0.0             0.0
mlx5_9                   0.0         0.0             0.0             0.0
------------------------------------------------------------------------
TOTAL                    0.0         0.0           586.6           887.8

Last Update: 2025-11-22 14:34:07
Device               TX Gbps     RX Gbps    TX Total(GB)    RX Total(GB)
========================================================================
mlx5_0                   0.0         0.0             0.0             0.0
mlx5_1                   0.0         0.0           292.2           437.2
mlx5_2                   0.0         0.0             0.0             0.0
mlx5_3                   0.0         0.0             0.0             0.0
mlx5_4                   0.0         0.0             0.0             0.0
mlx5_5                   0.0         0.0           294.4           450.6
mlx5_6                   0.0         0.0             0.0             0.0
mlx5_7                   0.0         0.0             0.0             0.0
mlx5_8                   0.0         0.0             0.0             0.0
mlx5_9                   0.0         0.0             0.0             0.0
------------------------------------------------------------------------
TOTAL                    0.0         0.0           586.6           887.8

Last Update: 2025-11-22 14:34:08
Device               TX Gbps     RX Gbps    TX Total(GB)    RX Total(GB)
========================================================================
mlx5_0                   0.0         0.0             0.0             0.0
mlx5_1                   0.0         0.0           292.2           437.2
mlx5_2                   0.0         0.0             0.0             0.0
mlx5_3                   0.0         0.0             0.0             0.0
mlx5_4                   0.0         0.0             0.0             0.0
mlx5_5                   0.0         0.0           294.4           450.6
mlx5_6                   0.0         0.0             0.0             0.0
mlx5_7                   0.0         0.0             0.0             0.0
mlx5_8                   0.0         0.0             0.0             0.0
mlx5_9                   0.0         0.0             0.0             0.0
------------------------------------------------------------------------
TOTAL                    0.0         0.0           586.6           887.8

Last Update: 2025-11-22 14:34:09
Device               TX Gbps     RX Gbps    TX Total(GB)    RX Total(GB)
========================================================================
mlx5_0                   0.0         0.0             0.0             0.0
mlx5_1                   0.0         0.0           292.2           437.2
mlx5_2                   0.0         0.0             0.0             0.0
mlx5_3                   0.0         0.0             0.0             0.0
mlx5_4                   0.0         0.0             0.0             0.0
mlx5_5                   0.0         0.0           294.4           450.6
mlx5_6                   0.0         0.0             0.0             0.0
mlx5_7                   0.0         0.0             0.0             0.0
mlx5_8                   0.0         0.0             0.0             0.0
mlx5_9                   0.0         0.0             0.0             0.0
------------------------------------------------------------------------
TOTAL                    0.0         0.0           586.6           887.8

Last Update: 2025-11-22 14:34:10
Device               TX Gbps     RX Gbps    TX Total(GB)    RX Total(GB)
========================================================================
mlx5_0                   0.0         0.0             0.0             0.0
mlx5_1                   0.0         0.0           292.2           437.2
mlx5_2                   0.0         0.0             0.0             0.0
mlx5_3                   0.0         0.0             0.0             0.0
mlx5_4                   0.0         0.0             0.0             0.0
mlx5_5                   0.0         0.0           294.4           450.6
mlx5_6                   0.0         0.0             0.0             0.0
mlx5_7                   0.0         0.0             0.0             0.0
mlx5_8                   0.0         0.0             0.0             0.0
mlx5_9                   0.0         0.0             0.0             0.0
------------------------------------------------------------------------
TOTAL                    0.0         0.0           586.6           887.8

Last Update: 2025-11-22 14:34:11
Device               TX Gbps     RX Gbps    TX Total(GB)    RX Total(GB)
========================================================================
mlx5_0                   0.0         0.0             0.0             0.0
mlx5_1                   0.0         0.0           292.2           437.2
mlx5_2                   0.0         0.0             0.0             0.0
mlx5_3                   0.0         0.0             0.0             0.0
mlx5_4                   0.0         0.0             0.0             0.0
mlx5_5                   0.0         0.0           294.4           450.6
mlx5_6                   0.0         0.0             0.0             0.0
mlx5_7                   0.0         0.0             0.0             0.0
mlx5_8                   0.0         0.0             0.0             0.0
mlx5_9                   0.0         0.0             0.0             0.0
------------------------------------------------------------------------
TOTAL                    0.0         0.0           586.6           887.8

Last Update: 2025-11-22 14:34:12
Device               TX Gbps     RX Gbps    TX Total(GB)    RX Total(GB)
========================================================================
mlx5_0                   0.0         0.0             0.0             0.0
mlx5_1                   0.0         0.0           292.2           437.2
mlx5_2                   0.0         0.0             0.0             0.0
mlx5_3                   0.0         0.0             0.0             0.0
mlx5_4                   0.0         0.0             0.0             0.0
mlx5_5                   0.0         0.0           294.4           450.6
mlx5_6                   0.0         0.0             0.0             0.0
mlx5_7                   0.0         0.0             0.0             0.0
mlx5_8                   0.0         0.0             0.0             0.0
mlx5_9                   0.0         0.0             0.0             0.0
------------------------------------------------------------------------
TOTAL                    0.0         0.0           586.6           887.8

Last Update: 2025-11-22 14:34:13
Device               TX Gbps     RX Gbps    TX Total(GB)    RX Total(GB)
========================================================================
mlx5_0                   0.0         0.0             0.0             0.0
mlx5_1                   0.3        51.6           292.3           443.7
mlx5_2                   0.0         0.0             0.0             0.0
mlx5_3                   0.0         0.0             0.0             0.0
mlx5_4                   0.0         0.0             0.0             0.0
mlx5_5                   0.3        53.8           294.4           457.4
mlx5_6                   0.0         0.0             0.0             0.0
mlx5_7                   0.0         0.0             0.0             0.0
mlx5_8                   0.0         0.0             0.0             0.0
mlx5_9                   0.0         0.0             0.0             0.0
------------------------------------------------------------------------
TOTAL                    0.6       105.4           586.7           901.1

Last Update: 2025-11-22 14:34:14
Device               TX Gbps     RX Gbps    TX Total(GB)    RX Total(GB)
========================================================================
mlx5_0                   0.0         0.0             0.0             0.0
mlx5_1                   0.4        60.0           292.3           451.2
mlx5_2                   0.0         0.0             0.0             0.0
mlx5_3                   0.0         0.0             0.0             0.0
mlx5_4                   0.0         0.0             0.0             0.0
mlx5_5                   0.4        61.2           294.5           465.1
mlx5_6                   0.0         0.0             0.0             0.0
mlx5_7                   0.0         0.0             0.0             0.0
mlx5_8                   0.0         0.0             0.0             0.0
mlx5_9                   0.0         0.0             0.0             0.0
------------------------------------------------------------------------
TOTAL                    0.9       121.2           586.8           916.3

Last Update: 2025-11-22 14:34:15
Device               TX Gbps     RX Gbps    TX Total(GB)    RX Total(GB)
========================================================================
mlx5_0                   0.0         0.0             0.0             0.0
mlx5_1                   0.0         0.0           292.3           451.2
mlx5_2                   0.0         0.0             0.0             0.0
mlx5_3                   0.0         0.0             0.0             0.0
mlx5_4                   0.0         0.0             0.0             0.0
mlx5_5                   0.0         0.0           294.5           465.1
mlx5_6                   0.0         0.0             0.0             0.0
mlx5_7                   0.0         0.0             0.0             0.0
mlx5_8                   0.0         0.0             0.0             0.0
mlx5_9                   0.0         0.0             0.0             0.0
------------------------------------------------------------------------
TOTAL                    0.0         0.0           586.8           916.3

Last Update: 2025-11-22 14:34:16
Device               TX Gbps     RX Gbps    TX Total(GB)    RX Total(GB)
========================================================================
mlx5_0                   0.0         0.0             0.0             0.0
mlx5_1                   0.0         0.0           292.3           451.2
mlx5_2                   0.0         0.0             0.0             0.0
mlx5_3                   0.0         0.0             0.0             0.0
mlx5_4                   0.0         0.0             0.0             0.0
mlx5_5                   0.0         0.0           294.5           465.1
mlx5_6                   0.0         0.0             0.0             0.0
mlx5_7                   0.0         0.0             0.0             0.0
mlx5_8                   0.0         0.0             0.0             0.0
mlx5_9                   0.0         0.0             0.0             0.0
------------------------------------------------------------------------
TOTAL                    0.0         0.0           586.8           916.3

Last Update: 2025-11-22 14:34:17
Device               TX Gbps     RX Gbps    TX Total(GB)    RX Total(GB)
========================================================================
mlx5_0                   0.0         0.0             0.0             0.0
mlx5_1                  18.5         0.0           294.7           451.2
mlx5_2                   0.0         0.0             0.0             0.0
mlx5_3                   0.0         0.0             0.0             0.0
mlx5_4                   0.0         0.0             0.0             0.0
mlx5_5                  18.7         0.0           296.8           465.1
mlx5_6                   0.0         0.0             0.0             0.0
mlx5_7                   0.0         0.0             0.0             0.0
mlx5_8                   0.0         0.0             0.0             0.0
mlx5_9                   0.0         0.0             0.0             0.0
------------------------------------------------------------------------
TOTAL                   37.2         0.0           591.5           916.3

Last Update: 2025-11-22 14:34:18
Device               TX Gbps     RX Gbps    TX Total(GB)    RX Total(GB)
========================================================================
mlx5_0                   0.0         0.0             0.0             0.0
mlx5_1                   0.0         0.0           294.7           451.2
mlx5_2                   0.0         0.0             0.0             0.0
mlx5_3                   0.0         0.0             0.0             0.0
mlx5_4                   0.0         0.0             0.0             0.0
mlx5_5                   0.0         0.0           296.8           465.1
mlx5_6                   0.0         0.0             0.0             0.0
mlx5_7                   0.0         0.0             0.0             0.0
mlx5_8                   0.0         0.0             0.0             0.0
mlx5_9                   0.0         0.0             0.0             0.0
------------------------------------------------------------------------
TOTAL                    0.0         0.0           591.5           916.3

Last Update: 2025-11-22 14:34:19
Device               TX Gbps     RX Gbps    TX Total(GB)    RX Total(GB)
========================================================================
mlx5_0                   0.0         0.0             0.0             0.0
mlx5_1                   0.0         0.0           294.7           451.2
mlx5_2                   0.0         0.0             0.0             0.0
mlx5_3                   0.0         0.0             0.0             0.0
mlx5_4                   0.0         0.0             0.0             0.0
mlx5_5                   0.0         0.0           296.8           465.1
mlx5_6                   0.0         0.0             0.0             0.0
mlx5_7                   0.0         0.0             0.0             0.0
mlx5_8                   0.0         0.0             0.0             0.0
mlx5_9                   0.0         0.0             0.0             0.0
------------------------------------------------------------------------
TOTAL                    0.0         0.0           591.5           916.3

Last Update: 2025-11-22 14:34:20
Device               TX Gbps     RX Gbps    TX Total(GB)    RX Total(GB)
========================================================================
mlx5_0                   0.0         0.0             0.0             0.0
mlx5_1                  18.5         0.0           297.0           451.2
mlx5_2                   0.0         0.0             0.0             0.0
mlx5_3                   0.0         0.0             0.0             0.0
mlx5_4                   0.0         0.0             0.0             0.0
mlx5_5                  18.7         0.0           299.2           465.1
mlx5_6                   0.0         0.0             0.0             0.0
mlx5_7                   0.0         0.0             0.0             0.0
mlx5_8                   0.0         0.0             0.0             0.0
mlx5_9                   0.0         0.0             0.0             0.0
------------------------------------------------------------------------
TOTAL                   37.2         0.0           596.2           916.3

Last Update: 2025-11-22 14:34:21
Device               TX Gbps     RX Gbps    TX Total(GB)    RX Total(GB)
========================================================================
mlx5_0                   0.0         0.0             0.0             0.0
mlx5_1                   0.0         0.0           297.0           451.2
mlx5_2                   0.0         0.0             0.0             0.0
mlx5_3                   0.0         0.0             0.0             0.0
mlx5_4                   0.0         0.0             0.0             0.0
mlx5_5                   0.0         0.0           299.2           465.1
mlx5_6                   0.0         0.0             0.0             0.0
mlx5_7                   0.0         0.0             0.0             0.0
mlx5_8                   0.0         0.0             0.0             0.0
mlx5_9                   0.0         0.0             0.0             0.0
------------------------------------------------------------------------
TOTAL                    0.0         0.0           596.2           916.3

Last Update: 2025-11-22 14:34:22
Device               TX Gbps     RX Gbps    TX Total(GB)    RX Total(GB)
========================================================================
mlx5_0                   0.0         0.0             0.0             0.0
mlx5_1                   0.0         0.0           297.0           451.2
mlx5_2                   0.0         0.0             0.0             0.0
mlx5_3                   0.0         0.0             0.0             0.0
mlx5_4                   0.0         0.0             0.0             0.0
mlx5_5                   0.0         0.0           299.2           465.1
mlx5_6                   0.0         0.0             0.0             0.0
mlx5_7                   0.0         0.0             0.0             0.0
mlx5_8                   0.0         0.0             0.0             0.0
mlx5_9                   0.0         0.0             0.0             0.0
------------------------------------------------------------------------
TOTAL                    0.0         0.0           596.2           916.3

Last Update: 2025-11-22 14:34:23
Device               TX Gbps     RX Gbps    TX Total(GB)    RX Total(GB)
========================================================================
mlx5_0                   0.0         0.0             0.0             0.0
mlx5_1                   0.0         0.0           297.0           451.2
mlx5_2                   0.0         0.0             0.0             0.0
mlx5_3                   0.0         0.0             0.0             0.0
mlx5_4                   0.0         0.0             0.0             0.0
mlx5_5                   0.0         0.0           299.2           465.1
mlx5_6                   0.0         0.0             0.0             0.0
mlx5_7                   0.0         0.0             0.0             0.0
mlx5_8                   0.0         0.0             0.0             0.0
mlx5_9                   0.0         0.0             0.0             0.0
------------------------------------------------------------------------
TOTAL                    0.0         0.0           596.2           916.3

Last Update: 2025-11-22 14:34:24
Device               TX Gbps     RX Gbps    TX Total(GB)    RX Total(GB)
========================================================================
mlx5_0                   0.0         0.0             0.0             0.0
mlx5_1                  18.3         0.0           299.3           451.2
mlx5_2                   0.0         0.0             0.0             0.0
mlx5_3                   0.0         0.0             0.0             0.0
mlx5_4                   0.0         0.0             0.0             0.0
mlx5_5                  18.9         0.0           301.5           465.1
mlx5_6                   0.0         0.0             0.0             0.0
mlx5_7                   0.0         0.0             0.0             0.0
mlx5_8                   0.0         0.0             0.0             0.0
mlx5_9                   0.0         0.0             0.0             0.0
------------------------------------------------------------------------
TOTAL                   37.2         0.0           600.8           916.3

Last Update: 2025-11-22 14:34:25
Device               TX Gbps     RX Gbps    TX Total(GB)    RX Total(GB)
========================================================================
mlx5_0                   0.0         0.0             0.0             0.0
mlx5_1                   0.0         0.0           299.3           451.2
mlx5_2                   0.0         0.0             0.0             0.0
mlx5_3                   0.0         0.0             0.0             0.0
mlx5_4                   0.0         0.0             0.0             0.0
mlx5_5                   0.0         0.0           301.5           465.1
mlx5_6                   0.0         0.0             0.0             0.0
mlx5_7                   0.0         0.0             0.0             0.0
mlx5_8                   0.0         0.0             0.0             0.0
mlx5_9                   0.0         0.0             0.0             0.0
------------------------------------------------------------------------
TOTAL                    0.0         0.0           600.8           916.3

Last Update: 2025-11-22 14:34:26
Device               TX Gbps     RX Gbps    TX Total(GB)    RX Total(GB)
========================================================================
mlx5_0                   0.0         0.0             0.0             0.0
mlx5_1                   0.0         0.0           299.3           451.2
mlx5_2                   0.0         0.0             0.0             0.0
mlx5_3                   0.0         0.0             0.0             0.0
mlx5_4                   0.0         0.0             0.0             0.0
mlx5_5                   0.0         0.0           301.5           465.1
mlx5_6                   0.0         0.0             0.0             0.0
mlx5_7                   0.0         0.0             0.0             0.0
mlx5_8                   0.0         0.0             0.0             0.0
mlx5_9                   0.0         0.0             0.0             0.0
------------------------------------------------------------------------
TOTAL                    0.0         0.0           600.8           916.3

Last Update: 2025-11-22 14:34:27
Device               TX Gbps     RX Gbps    TX Total(GB)    RX Total(GB)
========================================================================
mlx5_0                   0.0         0.0             0.0             0.0
mlx5_1                   0.0         0.0           299.3           451.2
mlx5_2                   0.0         0.0             0.0             0.0
mlx5_3                   0.0         0.0             0.0             0.0
mlx5_4                   0.0         0.0             0.0             0.0
mlx5_5                   0.0         0.0           301.5           465.1
mlx5_6                   0.0         0.0             0.0             0.0
mlx5_7                   0.0         0.0             0.0             0.0
mlx5_8                   0.0         0.0             0.0             0.0
mlx5_9                   0.0         0.0             0.0             0.0
------------------------------------------------------------------------
TOTAL                    0.0         0.0           600.8           916.3

Last Update: 2025-11-22 14:34:28
Device               TX Gbps     RX Gbps    TX Total(GB)    RX Total(GB)
========================================================================
mlx5_0                   0.0         0.0             0.0             0.0
mlx5_1                  18.7         0.0           301.6           451.2
mlx5_2                   0.0         0.0             0.0             0.0
mlx5_3                   0.0         0.0             0.0             0.0
mlx5_4                   0.0         0.0             0.0             0.0
mlx5_5                  18.6         0.0           303.9           465.1
mlx5_6                   0.0         0.0             0.0             0.0
mlx5_7                   0.0         0.0             0.0             0.0
mlx5_8                   0.0         0.0             0.0             0.0
mlx5_9                   0.0         0.0             0.0             0.0
------------------------------------------------------------------------
TOTAL                   37.2         0.0           605.5           916.3

Last Update: 2025-11-22 14:34:29
Device               TX Gbps     RX Gbps    TX Total(GB)    RX Total(GB)
========================================================================
mlx5_0                   0.0         0.0             0.0             0.0
mlx5_1                   0.0         0.0           301.6           451.2
mlx5_2                   0.0         0.0             0.0             0.0
mlx5_3                   0.0         0.0             0.0             0.0
mlx5_4                   0.0         0.0             0.0             0.0
mlx5_5                   0.0         0.0           303.9           465.1
mlx5_6                   0.0         0.0             0.0             0.0
mlx5_7                   0.0         0.0             0.0             0.0
mlx5_8                   0.0         0.0             0.0             0.0
mlx5_9                   0.0         0.0             0.0             0.0
------------------------------------------------------------------------
TOTAL                    0.0         0.0           605.5           916.3

Last Update: 2025-11-22 14:34:30
Device               TX Gbps     RX Gbps    TX Total(GB)    RX Total(GB)
========================================================================
mlx5_0                   0.0         0.0             0.0             0.0
mlx5_1                   0.0         0.0           301.6           451.2
mlx5_2                   0.0         0.0             0.0             0.0
mlx5_3                   0.0         0.0             0.0             0.0
mlx5_4                   0.0         0.0             0.0             0.0
mlx5_5                   0.0         0.0           303.9           465.1
mlx5_6                   0.0         0.0             0.0             0.0
mlx5_7                   0.0         0.0             0.0             0.0
mlx5_8                   0.0         0.0             0.0             0.0
mlx5_9                   0.0         0.0             0.0             0.0
------------------------------------------------------------------------
TOTAL                    0.0         0.0           605.5           916.3

Last Update: 2025-11-22 14:34:31
Device               TX Gbps     RX Gbps    TX Total(GB)    RX Total(GB)
========================================================================
mlx5_0                   0.0         0.0             0.0             0.0
mlx5_1                   0.0         0.0           301.6           451.2
mlx5_2                   0.0         0.0             0.0             0.0
mlx5_3                   0.0         0.0             0.0             0.0
mlx5_4                   0.0         0.0             0.0             0.0
mlx5_5                   0.0         0.0           303.9           465.1
mlx5_6                   0.0         0.0             0.0             0.0
mlx5_7                   0.0         0.0             0.0             0.0
mlx5_8                   0.0         0.0             0.0             0.0
mlx5_9                   0.0         0.0             0.0             0.0
------------------------------------------------------------------------
TOTAL                    0.0         0.0           605.5           916.3

Last Update: 2025-11-22 14:34:32
Device               TX Gbps     RX Gbps    TX Total(GB)    RX Total(GB)
========================================================================
mlx5_0                   0.0         0.0             0.0             0.0
mlx5_1                  18.6         0.0           304.0           451.2
mlx5_2                   0.0         0.0             0.0             0.0
mlx5_3                   0.0         0.0             0.0             0.0
mlx5_4                   0.0         0.0             0.0             0.0
mlx5_5                  18.6         0.0           306.2           465.1
mlx5_6                   0.0         0.0             0.0             0.0
mlx5_7                   0.0         0.0             0.0             0.0
mlx5_8                   0.0         0.0             0.0             0.0
mlx5_9                   0.0         0.0             0.0             0.0
------------------------------------------------------------------------
TOTAL                   37.2         0.0           610.2           916.3

Last Update: 2025-11-22 14:34:33
Device               TX Gbps     RX Gbps    TX Total(GB)    RX Total(GB)
========================================================================
mlx5_0                   0.0         0.0             0.0             0.0
mlx5_1                   0.0         0.0           304.0           451.2
mlx5_2                   0.0         0.0             0.0             0.0
mlx5_3                   0.0         0.0             0.0             0.0
mlx5_4                   0.0         0.0             0.0             0.0
mlx5_5                   0.0         0.0           306.2           465.1
mlx5_6                   0.0         0.0             0.0             0.0
mlx5_7                   0.0         0.0             0.0             0.0
mlx5_8                   0.0         0.0             0.0             0.0
mlx5_9                   0.0         0.0             0.0             0.0
------------------------------------------------------------------------
TOTAL                    0.0         0.0           610.2           916.3

Last Update: 2025-11-22 14:34:34
Device               TX Gbps     RX Gbps    TX Total(GB)    RX Total(GB)
========================================================================
mlx5_0                   0.0         0.0             0.0             0.0
mlx5_1                   0.0         0.0           304.0           451.2
mlx5_2                   0.0         0.0             0.0             0.0
mlx5_3                   0.0         0.0             0.0             0.0
mlx5_4                   0.0         0.0             0.0             0.0
mlx5_5                   0.0         0.0           306.2           465.1
mlx5_6                   0.0         0.0             0.0             0.0
mlx5_7                   0.0         0.0             0.0             0.0
mlx5_8                   0.0         0.0             0.0             0.0
mlx5_9                   0.0         0.0             0.0             0.0
------------------------------------------------------------------------
TOTAL                    0.0         0.0           610.2           916.3

Last Update: 2025-11-22 14:34:35
Device               TX Gbps     RX Gbps    TX Total(GB)    RX Total(GB)
========================================================================
mlx5_0                   0.0         0.0             0.0             0.0
mlx5_1                   0.0         0.0           304.0           451.2
mlx5_2                   0.0         0.0             0.0             0.0
mlx5_3                   0.0         0.0             0.0             0.0
mlx5_4                   0.0         0.0             0.0             0.0
mlx5_5                   0.0         0.0           306.2           465.1
mlx5_6                   0.0         0.0             0.0             0.0
mlx5_7                   0.0         0.0             0.0             0.0
mlx5_8                   0.0         0.0             0.0             0.0
mlx5_9                   0.0         0.0             0.0             0.0
------------------------------------------------------------------------
TOTAL                    0.0         0.0           610.2           916.3

Last Update: 2025-11-22 14:34:36
Device               TX Gbps     RX Gbps    TX Total(GB)    RX Total(GB)
========================================================================
mlx5_0                   0.0         0.0             0.0             0.0
mlx5_1                   0.0         0.0           304.0           451.2
mlx5_2                   0.0         0.0             0.0             0.0
mlx5_3                   0.0         0.0             0.0             0.0
mlx5_4                   0.0         0.0             0.0             0.0
mlx5_5                   0.0         0.0           306.2           465.1
mlx5_6                   0.0         0.0             0.0             0.0
mlx5_7                   0.0         0.0             0.0             0.0
mlx5_8                   0.0         0.0             0.0             0.0
mlx5_9                   0.0         0.0             0.0             0.0
------------------------------------------------------------------------
TOTAL                    0.0         0.0           610.2           916.3

Last Update: 2025-11-22 14:34:37
Device               TX Gbps     RX Gbps    TX Total(GB)    RX Total(GB)
========================================================================
mlx5_0                   0.0         0.0             0.0             0.0
mlx5_1                  18.6         0.0           306.3           451.2
mlx5_2                   0.0         0.0             0.0             0.0
mlx5_3                   0.0         0.0             0.0             0.0
mlx5_4                   0.0         0.0             0.0             0.0
mlx5_5                  18.6         0.0           308.6           465.1
mlx5_6                   0.0         0.0             0.0             0.0
mlx5_7                   0.0         0.0             0.0             0.0
mlx5_8                   0.0         0.0             0.0             0.0
mlx5_9                   0.0         0.0             0.0             0.0
------------------------------------------------------------------------
TOTAL                   37.2         0.0           614.9           916.3

Last Update: 2025-11-22 14:34:38
Device               TX Gbps     RX Gbps    TX Total(GB)    RX Total(GB)
========================================================================
mlx5_0                   0.0         0.0             0.0             0.0
mlx5_1                   2.7         0.0           306.6           451.2
mlx5_2                   0.0         0.0             0.0             0.0
mlx5_3                   0.0         0.0             0.0             0.0
mlx5_4                   0.0         0.0             0.0             0.0
mlx5_5                   2.7         0.0           308.9           465.1
mlx5_6                   0.0         0.0             0.0             0.0
mlx5_7                   0.0         0.0             0.0             0.0
mlx5_8                   0.0         0.0             0.0             0.0
mlx5_9                   0.0         0.0             0.0             0.0
------------------------------------------------------------------------
TOTAL                    5.4         0.0           615.5           916.3

Last Update: 2025-11-22 14:34:39
Device               TX Gbps     RX Gbps    TX Total(GB)    RX Total(GB)
========================================================================
mlx5_0                   0.0         0.0             0.0             0.0
mlx5_1                   0.2        48.3           306.7           457.3
mlx5_2                   0.0         0.0             0.0             0.0
mlx5_3                   0.0         0.0             0.0             0.0
mlx5_4                   0.0         0.0             0.0             0.0
mlx5_5                   0.3        50.3           308.9           471.4
mlx5_6                   0.0         0.0             0.0             0.0
mlx5_7                   0.0         0.0             0.0             0.0
mlx5_8                   0.0         0.0             0.0             0.0
mlx5_9                   0.0         0.0             0.0             0.0
------------------------------------------------------------------------
TOTAL                    0.5        98.6           615.6           928.7

Last Update: 2025-11-22 14:34:40
Device               TX Gbps     RX Gbps    TX Total(GB)    RX Total(GB)
========================================================================
mlx5_0                   0.0         0.0             0.0             0.0
mlx5_1                   0.4        63.3           306.7           465.3
mlx5_2                   0.0         0.0             0.0             0.0
mlx5_3                   0.0         0.0             0.0             0.0
mlx5_4                   0.0         0.0             0.0             0.0
mlx5_5                   0.4        64.5           309.0           479.5
mlx5_6                   0.0         0.0             0.0             0.0
mlx5_7                   0.0         0.0             0.0             0.0
mlx5_8                   0.0         0.0             0.0             0.0
mlx5_9                   0.0         0.0             0.0             0.0
------------------------------------------------------------------------
TOTAL                    0.8       127.8           615.7           944.8

Last Update: 2025-11-22 14:34:41
Device               TX Gbps     RX Gbps    TX Total(GB)    RX Total(GB)
========================================================================
mlx5_0                   0.0         0.0             0.0             0.0
mlx5_1                   0.0         0.0           306.7           465.3
mlx5_2                   0.0         0.0             0.0             0.0
mlx5_3                   0.0         0.0             0.0             0.0
mlx5_4                   0.0         0.0             0.0             0.0
mlx5_5                   0.0         0.0           309.0           479.5
mlx5_6                   0.0         0.0             0.0             0.0
mlx5_7                   0.0         0.0             0.0             0.0
mlx5_8                   0.0         0.0             0.0             0.0
mlx5_9                   0.0         0.0             0.0             0.0
------------------------------------------------------------------------
TOTAL                    0.0         0.0           615.7           944.8

Last Update: 2025-11-22 14:34:42
Device               TX Gbps     RX Gbps    TX Total(GB)    RX Total(GB)
========================================================================
mlx5_0                   0.0         0.0             0.0             0.0
mlx5_1                   0.0         0.0           306.7           465.3
mlx5_2                   0.0         0.0             0.0             0.0
mlx5_3                   0.0         0.0             0.0             0.0
mlx5_4                   0.0         0.0             0.0             0.0
mlx5_5                   0.0         0.0           309.0           479.5
mlx5_6                   0.0         0.0             0.0             0.0
mlx5_7                   0.0         0.0             0.0             0.0
mlx5_8                   0.0         0.0             0.0             0.0
mlx5_9                   0.0         0.0             0.0             0.0
------------------------------------------------------------------------
TOTAL                    0.0         0.0           615.7           944.8

Last Update: 2025-11-22 14:34:43
Device               TX Gbps     RX Gbps    TX Total(GB)    RX Total(GB)
========================================================================
mlx5_0                   0.0         0.0             0.0             0.0
mlx5_1                  18.5         0.0           309.0           465.3
mlx5_2                   0.0         0.0             0.0             0.0
mlx5_3                   0.0         0.0             0.0             0.0
mlx5_4                   0.0         0.0             0.0             0.0
mlx5_5                  18.8         0.0           311.3           479.5
mlx5_6                   0.0         0.0             0.0             0.0
mlx5_7                   0.0         0.0             0.0             0.0
mlx5_8                   0.0         0.0             0.0             0.0
mlx5_9                   0.0         0.0             0.0             0.0
------------------------------------------------------------------------
TOTAL                   37.2         0.0           620.4           944.8

Last Update: 2025-11-22 14:34:45
Device               TX Gbps     RX Gbps    TX Total(GB)    RX Total(GB)
========================================================================
mlx5_0                   0.0         0.0             0.0             0.0
mlx5_1                   0.0         0.0           309.0           465.3
mlx5_2                   0.0         0.0             0.0             0.0
mlx5_3                   0.0         0.0             0.0             0.0
mlx5_4                   0.0         0.0             0.0             0.0
mlx5_5                   0.0         0.0           311.3           479.5
mlx5_6                   0.0         0.0             0.0             0.0
mlx5_7                   0.0         0.0             0.0             0.0
mlx5_8                   0.0         0.0             0.0             0.0
mlx5_9                   0.0         0.0             0.0             0.0
------------------------------------------------------------------------
TOTAL                    0.0         0.0           620.4           944.8

Last Update: 2025-11-22 14:34:46
Device               TX Gbps     RX Gbps    TX Total(GB)    RX Total(GB)
========================================================================
mlx5_0                   0.0         0.0             0.0             0.0
mlx5_1                   0.0         0.0           309.0           465.3
mlx5_2                   0.0         0.0             0.0             0.0
mlx5_3                   0.0         0.0             0.0             0.0
mlx5_4                   0.0         0.0             0.0             0.0
mlx5_5                   0.0         0.0           311.3           479.5
mlx5_6                   0.0         0.0             0.0             0.0
mlx5_7                   0.0         0.0             0.0             0.0
mlx5_8                   0.0         0.0             0.0             0.0
mlx5_9                   0.0         0.0             0.0             0.0
------------------------------------------------------------------------
TOTAL                    0.0         0.0           620.4           944.8

Last Update: 2025-11-22 14:34:47
Device               TX Gbps     RX Gbps    TX Total(GB)    RX Total(GB)
========================================================================
mlx5_0                   0.0         0.0             0.0             0.0
mlx5_1                  18.5         0.0           311.4           465.3
mlx5_2                   0.0         0.0             0.0             0.0
mlx5_3                   0.0         0.0             0.0             0.0
mlx5_4                   0.0         0.0             0.0             0.0
mlx5_5                  18.7         0.0           313.7           479.5
mlx5_6                   0.0         0.0             0.0             0.0
mlx5_7                   0.0         0.0             0.0             0.0
mlx5_8                   0.0         0.0             0.0             0.0
mlx5_9                   0.0         0.0             0.0             0.0
------------------------------------------------------------------------
TOTAL                   37.2         0.0           625.1           944.8

Last Update: 2025-11-22 14:34:48
Device               TX Gbps     RX Gbps    TX Total(GB)    RX Total(GB)
========================================================================
mlx5_0                   0.0         0.0             0.0             0.0
mlx5_1                   0.0         0.0           311.4           465.3
mlx5_2                   0.0         0.0             0.0             0.0
mlx5_3                   0.0         0.0             0.0             0.0
mlx5_4                   0.0         0.0             0.0             0.0
mlx5_5                   0.0         0.0           313.7           479.5
mlx5_6                   0.0         0.0             0.0             0.0
mlx5_7                   0.0         0.0             0.0             0.0
mlx5_8                   0.0         0.0             0.0             0.0
mlx5_9                   0.0         0.0             0.0             0.0
------------------------------------------------------------------------
TOTAL                    0.0         0.0           625.1           944.8

Last Update: 2025-11-22 14:34:49
Device               TX Gbps     RX Gbps    TX Total(GB)    RX Total(GB)
========================================================================
mlx5_0                   0.0         0.0             0.0             0.0
mlx5_1                   0.0         0.0           311.4           465.3
mlx5_2                   0.0         0.0             0.0             0.0
mlx5_3                   0.0         0.0             0.0             0.0
mlx5_4                   0.0         0.0             0.0             0.0
mlx5_5                   0.0         0.0           313.7           479.5
mlx5_6                   0.0         0.0             0.0             0.0
mlx5_7                   0.0         0.0             0.0             0.0
mlx5_8                   0.0         0.0             0.0             0.0
mlx5_9                   0.0         0.0             0.0             0.0
------------------------------------------------------------------------
TOTAL                    0.0         0.0           625.1           944.8

Last Update: 2025-11-22 14:34:50
Device               TX Gbps     RX Gbps    TX Total(GB)    RX Total(GB)
========================================================================
mlx5_0                   0.0         0.0             0.0             0.0
mlx5_1                   0.0         0.0           311.4           465.3
mlx5_2                   0.0         0.0             0.0             0.0
mlx5_3                   0.0         0.0             0.0             0.0
mlx5_4                   0.0         0.0             0.0             0.0
mlx5_5                   0.0         0.0           313.7           479.5
mlx5_6                   0.0         0.0             0.0             0.0
mlx5_7                   0.0         0.0             0.0             0.0
mlx5_8                   0.0         0.0             0.0             0.0
mlx5_9                   0.0         0.0             0.0             0.0
------------------------------------------------------------------------
TOTAL                    0.0         0.0           625.1           944.8

Last Update: 2025-11-22 14:34:51
Device               TX Gbps     RX Gbps    TX Total(GB)    RX Total(GB)
========================================================================
mlx5_0                   0.0         0.0             0.0             0.0
mlx5_1                  18.5         0.0           313.7           465.3
mlx5_2                   0.0         0.0             0.0             0.0
mlx5_3                   0.0         0.0             0.0             0.0
mlx5_4                   0.0         0.0             0.0             0.0
mlx5_5                  18.8         0.0           316.0           479.5
mlx5_6                   0.0         0.0             0.0             0.0
mlx5_7                   0.0         0.0             0.0             0.0
mlx5_8                   0.0         0.0             0.0             0.0
mlx5_9                   0.0         0.0             0.0             0.0
------------------------------------------------------------------------
TOTAL                   37.2         0.0           629.7           944.8

Last Update: 2025-11-22 14:34:52
Device               TX Gbps     RX Gbps    TX Total(GB)    RX Total(GB)
========================================================================
mlx5_0                   0.0         0.0             0.0             0.0
mlx5_1                   0.0         0.0           313.7           465.3
mlx5_2                   0.0         0.0             0.0             0.0
mlx5_3                   0.0         0.0             0.0             0.0
mlx5_4                   0.0         0.0             0.0             0.0
mlx5_5                   0.0         0.0           316.0           479.5
mlx5_6                   0.0         0.0             0.0             0.0
mlx5_7                   0.0         0.0             0.0             0.0
mlx5_8                   0.0         0.0             0.0             0.0
mlx5_9                   0.0         0.0             0.0             0.0
------------------------------------------------------------------------
TOTAL                    0.0         0.0           629.7           944.8

Last Update: 2025-11-22 14:34:53
Device               TX Gbps     RX Gbps    TX Total(GB)    RX Total(GB)
========================================================================
mlx5_0                   0.0         0.0             0.0             0.0
mlx5_1                   0.0         0.0           313.7           465.3
mlx5_2                   0.0         0.0             0.0             0.0
mlx5_3                   0.0         0.0             0.0             0.0
mlx5_4                   0.0         0.0             0.0             0.0
mlx5_5                   0.0         0.0           316.0           479.5
mlx5_6                   0.0         0.0             0.0             0.0
mlx5_7                   0.0         0.0             0.0             0.0
mlx5_8                   0.0         0.0             0.0             0.0
mlx5_9                   0.0         0.0             0.0             0.0
------------------------------------------------------------------------
TOTAL                    0.0         0.0           629.7           944.8

Last Update: 2025-11-22 14:34:54
Device               TX Gbps     RX Gbps    TX Total(GB)    RX Total(GB)
========================================================================
mlx5_0                   0.0         0.0             0.0             0.0
mlx5_1                   0.0         0.0           313.7           465.3
mlx5_2                   0.0         0.0             0.0             0.0
mlx5_3                   0.0         0.0             0.0             0.0
mlx5_4                   0.0         0.0             0.0             0.0
mlx5_5                   0.0         0.0           316.0           479.5
mlx5_6                   0.0         0.0             0.0             0.0
mlx5_7                   0.0         0.0             0.0             0.0
mlx5_8                   0.0         0.0             0.0             0.0
mlx5_9                   0.0         0.0             0.0             0.0
------------------------------------------------------------------------
TOTAL                    0.0         0.0           629.7           944.8

Last Update: 2025-11-22 14:34:55
Device               TX Gbps     RX Gbps    TX Total(GB)    RX Total(GB)
========================================================================
mlx5_0                   0.0         0.0             0.0             0.0
mlx5_1                  18.5         0.0           316.0           465.3
mlx5_2                   0.0         0.0             0.0             0.0
mlx5_3                   0.0         0.0             0.0             0.0
mlx5_4                   0.0         0.0             0.0             0.0
mlx5_5                  18.7         0.0           318.4           479.5
mlx5_6                   0.0         0.0             0.0             0.0
mlx5_7                   0.0         0.0             0.0             0.0
mlx5_8                   0.0         0.0             0.0             0.0
mlx5_9                   0.0         0.0             0.0             0.0
------------------------------------------------------------------------
TOTAL                   37.2         0.0           634.4           944.8

Last Update: 2025-11-22 14:34:56
Device               TX Gbps     RX Gbps    TX Total(GB)    RX Total(GB)
========================================================================
mlx5_0                   0.0         0.0             0.0             0.0
mlx5_1                   0.0         0.0           316.0           465.3
mlx5_2                   0.0         0.0             0.0             0.0
mlx5_3                   0.0         0.0             0.0             0.0
mlx5_4                   0.0         0.0             0.0             0.0
mlx5_5                   0.0         0.0           318.4           479.5
mlx5_6                   0.0         0.0             0.0             0.0
mlx5_7                   0.0         0.0             0.0             0.0
mlx5_8                   0.0         0.0             0.0             0.0
mlx5_9                   0.0         0.0             0.0             0.0
------------------------------------------------------------------------
TOTAL                    0.0         0.0           634.4           944.8

Last Update: 2025-11-22 14:34:57
Device               TX Gbps     RX Gbps    TX Total(GB)    RX Total(GB)
========================================================================
mlx5_0                   0.0         0.0             0.0             0.0
mlx5_1                   0.0         0.0           316.0           465.3
mlx5_2                   0.0         0.0             0.0             0.0
mlx5_3                   0.0         0.0             0.0             0.0
mlx5_4                   0.0         0.0             0.0             0.0
mlx5_5                   0.0         0.0           318.4           479.5
mlx5_6                   0.0         0.0             0.0             0.0
mlx5_7                   0.0         0.0             0.0             0.0
mlx5_8                   0.0         0.0             0.0             0.0
mlx5_9                   0.0         0.0             0.0             0.0
------------------------------------------------------------------------
TOTAL                    0.0         0.0           634.4           944.8

Last Update: 2025-11-22 14:34:58
Device               TX Gbps     RX Gbps    TX Total(GB)    RX Total(GB)
========================================================================
mlx5_0                   0.0         0.0             0.0             0.0
mlx5_1                   0.0         0.0           316.0           465.3
mlx5_2                   0.0         0.0             0.0             0.0
mlx5_3                   0.0         0.0             0.0             0.0
mlx5_4                   0.0         0.0             0.0             0.0
mlx5_5                   0.0         0.0           318.4           479.5
mlx5_6                   0.0         0.0             0.0             0.0
mlx5_7                   0.0         0.0             0.0             0.0
mlx5_8                   0.0         0.0             0.0             0.0
mlx5_9                   0.0         0.0             0.0             0.0
------------------------------------------------------------------------
TOTAL                    0.0         0.0           634.4           944.8

Last Update: 2025-11-22 14:34:59
Device               TX Gbps     RX Gbps    TX Total(GB)    RX Total(GB)
========================================================================
mlx5_0                   0.0         0.0             0.0             0.0
mlx5_1                  18.6         0.0           318.3           465.3
mlx5_2                   0.0         0.0             0.0             0.0
mlx5_3                   0.0         0.0             0.0             0.0
mlx5_4                   0.0         0.0             0.0             0.0
mlx5_5                  18.7         0.0           320.7           479.5
mlx5_6                   0.0         0.0             0.0             0.0
mlx5_7                   0.0         0.0             0.0             0.0
mlx5_8                   0.0         0.0             0.0             0.0
mlx5_9                   0.0         0.0             0.0             0.0
------------------------------------------------------------------------
TOTAL                   37.2         0.0           639.1           944.8

Last Update: 2025-11-22 14:35:00
Device               TX Gbps     RX Gbps    TX Total(GB)    RX Total(GB)
========================================================================
mlx5_0                   0.0         0.0             0.0             0.0
mlx5_1                   0.0         0.0           318.3           465.3
mlx5_2                   0.0         0.0             0.0             0.0
mlx5_3                   0.0         0.0             0.0             0.0
mlx5_4                   0.0         0.0             0.0             0.0
mlx5_5                   0.0         0.0           320.7           479.5
mlx5_6                   0.0         0.0             0.0             0.0
mlx5_7                   0.0         0.0             0.0             0.0
mlx5_8                   0.0         0.0             0.0             0.0
mlx5_9                   0.0         0.0             0.0             0.0
------------------------------------------------------------------------
TOTAL                    0.0         0.0           639.1           944.8

Last Update: 2025-11-22 14:35:01
Device               TX Gbps     RX Gbps    TX Total(GB)    RX Total(GB)
========================================================================
mlx5_0                   0.0         0.0             0.0             0.0
mlx5_1                   0.0         0.0           318.3           465.3
mlx5_2                   0.0         0.0             0.0             0.0
mlx5_3                   0.0         0.0             0.0             0.0
mlx5_4                   0.0         0.0             0.0             0.0
mlx5_5                   0.0         0.0           320.7           479.5
mlx5_6                   0.0         0.0             0.0             0.0
mlx5_7                   0.0         0.0             0.0             0.0
mlx5_8                   0.0         0.0             0.0             0.0
mlx5_9                   0.0         0.0             0.0             0.0
------------------------------------------------------------------------
TOTAL                    0.0         0.0           639.1           944.8

Last Update: 2025-11-22 14:35:02
Device               TX Gbps     RX Gbps    TX Total(GB)    RX Total(GB)
========================================================================
mlx5_0                   0.0         0.0             0.0             0.0
mlx5_1                   0.0         0.0           318.3           465.3
mlx5_2                   0.0         0.0             0.0             0.0
mlx5_3                   0.0         0.0             0.0             0.0
mlx5_4                   0.0         0.0             0.0             0.0
mlx5_5                   0.0         0.0           320.7           479.5
mlx5_6                   0.0         0.0             0.0             0.0
mlx5_7                   0.0         0.0             0.0             0.0
mlx5_8                   0.0         0.0             0.0             0.0
mlx5_9                   0.0         0.0             0.0             0.0
------------------------------------------------------------------------
TOTAL                    0.0         0.0           639.1           944.8

Last Update: 2025-11-22 14:35:03
Device               TX Gbps     RX Gbps    TX Total(GB)    RX Total(GB)
========================================================================
mlx5_0                   0.0         0.0             0.0             0.0
mlx5_1                   0.0         0.0           318.3           465.3
mlx5_2                   0.0         0.0             0.0             0.0
mlx5_3                   0.0         0.0             0.0             0.0
mlx5_4                   0.0         0.0             0.0             0.0
mlx5_5                   0.0         0.0           320.7           479.5
mlx5_6                   0.0         0.0             0.0             0.0
mlx5_7                   0.0         0.0             0.0             0.0
mlx5_8                   0.0         0.0             0.0             0.0
mlx5_9                   0.0         0.0             0.0             0.0
------------------------------------------------------------------------
TOTAL                    0.0         0.0           639.1           944.8

Last Update: 2025-11-22 14:35:04
Device               TX Gbps     RX Gbps    TX Total(GB)    RX Total(GB)
========================================================================
mlx5_0                   0.0         0.0             0.0             0.0
mlx5_1                  19.4       135.8           320.8           482.3
mlx5_2                   0.0         0.0             0.0             0.0
mlx5_3                   0.0         0.0             0.0             0.0
mlx5_4                   0.0         0.0             0.0             0.0
mlx5_5                  19.5       139.9           323.2           497.1
mlx5_6                   0.0         0.0             0.0             0.0
mlx5_7                   0.0         0.0             0.0             0.0
mlx5_8                   0.0         0.0             0.0             0.0
mlx5_9                   0.0         0.0             0.0             0.0
------------------------------------------------------------------------
TOTAL                   38.9       275.7           644.0           979.4

Last Update: 2025-11-22 14:35:05
Device               TX Gbps     RX Gbps    TX Total(GB)    RX Total(GB)
========================================================================
mlx5_0                   0.0         0.0             0.0             0.0
mlx5_1                   1.1       199.8           320.9           507.5
mlx5_2                   0.0         0.0             0.0             0.0
mlx5_3                   0.0         0.0             0.0             0.0
mlx5_4                   0.0         0.0             0.0             0.0
mlx5_5                   1.3       207.0           323.4           523.1
mlx5_6                   0.0         0.0             0.0             0.0
mlx5_7                   0.0         0.0             0.0             0.0
mlx5_8                   0.0         0.0             0.0             0.0
mlx5_9                   0.0         0.0             0.0             0.0
------------------------------------------------------------------------
TOTAL                    2.4       406.8           644.3          1030.6

Last Update: 2025-11-22 14:35:06
Device               TX Gbps     RX Gbps    TX Total(GB)    RX Total(GB)
========================================================================
mlx5_0                   0.0         0.0             0.0             0.0
mlx5_1                   0.0         0.0           320.9           507.5
mlx5_2                   0.0         0.0             0.0             0.0
mlx5_3                   0.0         0.0             0.0             0.0
mlx5_4                   0.0         0.0             0.0             0.0
mlx5_5                   0.0         0.0           323.4           523.1
mlx5_6                   0.0         0.0             0.0             0.0
mlx5_7                   0.0         0.0             0.0             0.0
mlx5_8                   0.0         0.0             0.0             0.0
mlx5_9                   0.0         0.0             0.0             0.0
------------------------------------------------------------------------
TOTAL                    0.0         0.0           644.3          1030.6

Last Update: 2025-11-22 14:35:07
Device               TX Gbps     RX Gbps    TX Total(GB)    RX Total(GB)
========================================================================
mlx5_0                   0.0         0.0             0.0             0.0
mlx5_1                   0.0         0.0           320.9           507.5
mlx5_2                   0.0         0.0             0.0             0.0
mlx5_3                   0.0         0.0             0.0             0.0
mlx5_4                   0.0         0.0             0.0             0.0
mlx5_5                   0.0         0.0           323.4           523.1
mlx5_6                   0.0         0.0             0.0             0.0
mlx5_7                   0.0         0.0             0.0             0.0
mlx5_8                   0.0         0.0             0.0             0.0
mlx5_9                   0.0         0.0             0.0             0.0
------------------------------------------------------------------------
TOTAL                    0.0         0.0           644.3          1030.6

Last Update: 2025-11-22 14:35:08
Device               TX Gbps     RX Gbps    TX Total(GB)    RX Total(GB)
========================================================================
mlx5_0                   0.0         0.0             0.0             0.0
mlx5_1                   0.0         0.0           320.9           507.5
mlx5_2                   0.0         0.0             0.0             0.0
mlx5_3                   0.0         0.0             0.0             0.0
mlx5_4                   0.0         0.0             0.0             0.0
mlx5_5                   0.0         0.0           323.4           523.1
mlx5_6                   0.0         0.0             0.0             0.0
mlx5_7                   0.0         0.0             0.0             0.0
mlx5_8                   0.0         0.0             0.0             0.0
mlx5_9                   0.0         0.0             0.0             0.0
------------------------------------------------------------------------
TOTAL                    0.0         0.0           644.3          1030.6

Last Update: 2025-11-22 14:35:09
Device               TX Gbps     RX Gbps    TX Total(GB)    RX Total(GB)
========================================================================
mlx5_0                   0.0         0.0             0.0             0.0
mlx5_1                  17.7         0.0           323.1           507.5
mlx5_2                   0.0         0.0             0.0             0.0
mlx5_3                   0.0         0.0             0.0             0.0
mlx5_4                   0.0         0.0             0.0             0.0
mlx5_5                  18.1         0.0           325.6           523.1
mlx5_6                   0.0         0.0             0.0             0.0
mlx5_7                   0.0         0.0             0.0             0.0
mlx5_8                   0.0         0.0             0.0             0.0
mlx5_9                   0.0         0.0             0.0             0.0
------------------------------------------------------------------------
TOTAL                   35.7         0.0           648.8          1030.6

Last Update: 2025-11-22 14:35:10
Device               TX Gbps     RX Gbps    TX Total(GB)    RX Total(GB)
========================================================================
mlx5_0                   0.0         0.0             0.0             0.0
mlx5_1                   0.0         0.0           323.1           507.5
mlx5_2                   0.0         0.0             0.0             0.0
mlx5_3                   0.0         0.0             0.0             0.0
mlx5_4                   0.0         0.0             0.0             0.0
mlx5_5                   0.0         0.0           325.6           523.1
mlx5_6                   0.0         0.0             0.0             0.0
mlx5_7                   0.0         0.0             0.0             0.0
mlx5_8                   0.0         0.0             0.0             0.0
mlx5_9                   0.0         0.0             0.0             0.0
------------------------------------------------------------------------
TOTAL                    0.0         0.0           648.8          1030.6

Last Update: 2025-11-22 14:35:11
Device               TX Gbps     RX Gbps    TX Total(GB)    RX Total(GB)
========================================================================
mlx5_0                   0.0         0.0             0.0             0.0
mlx5_1                   0.0         0.0           323.1           507.5
mlx5_2                   0.0         0.0             0.0             0.0
mlx5_3                   0.0         0.0             0.0             0.0
mlx5_4                   0.0         0.0             0.0             0.0
mlx5_5                   0.0         0.0           325.6           523.1
mlx5_6                   0.0         0.0             0.0             0.0
mlx5_7                   0.0         0.0             0.0             0.0
mlx5_8                   0.0         0.0             0.0             0.0
mlx5_9                   0.0         0.0             0.0             0.0
------------------------------------------------------------------------
TOTAL                    0.0         0.0           648.8          1030.6

Last Update: 2025-11-22 14:35:12
Device               TX Gbps     RX Gbps    TX Total(GB)    RX Total(GB)
========================================================================
mlx5_0                   0.0         0.0             0.0             0.0
mlx5_1                   0.0         0.0           323.1           507.5
mlx5_2                   0.0         0.0             0.0             0.0
mlx5_3                   0.0         0.0             0.0             0.0
mlx5_4                   0.0         0.0             0.0             0.0
mlx5_5                   0.0         0.0           325.6           523.1
mlx5_6                   0.0         0.0             0.0             0.0
mlx5_7                   0.0         0.0             0.0             0.0
mlx5_8                   0.0         0.0             0.0             0.0
mlx5_9                   0.0         0.0             0.0             0.0
------------------------------------------------------------------------
TOTAL                    0.0         0.0           648.8          1030.6

Last Update: 2025-11-22 14:35:13
Device               TX Gbps     RX Gbps    TX Total(GB)    RX Total(GB)
========================================================================
mlx5_0                   0.0         0.0             0.0             0.0
mlx5_1                  18.4         0.0           325.5           507.5
mlx5_2                   0.0         0.0             0.0             0.0
mlx5_3                   0.0         0.0             0.0             0.0
mlx5_4                   0.0         0.0             0.0             0.0
mlx5_5                  18.8         0.0           328.0           523.1
mlx5_6                   0.0         0.0             0.0             0.0
mlx5_7                   0.0         0.0             0.0             0.0
mlx5_8                   0.0         0.0             0.0             0.0
mlx5_9                   0.0         0.0             0.0             0.0
------------------------------------------------------------------------
TOTAL                   37.2         0.0           653.4          1030.6

Last Update: 2025-11-22 14:35:14
Device               TX Gbps     RX Gbps    TX Total(GB)    RX Total(GB)
========================================================================
mlx5_0                   0.0         0.0             0.0             0.0
mlx5_1                   0.0         0.0           325.5           507.5
mlx5_2                   0.0         0.0             0.0             0.0
mlx5_3                   0.0         0.0             0.0             0.0
mlx5_4                   0.0         0.0             0.0             0.0
mlx5_5                   0.0         0.0           328.0           523.1
mlx5_6                   0.0         0.0             0.0             0.0
mlx5_7                   0.0         0.0             0.0             0.0
mlx5_8                   0.0         0.0             0.0             0.0
mlx5_9                   0.0         0.0             0.0             0.0
------------------------------------------------------------------------
TOTAL                    0.0         0.0           653.4          1030.6

Last Update: 2025-11-22 14:35:15
Device               TX Gbps     RX Gbps    TX Total(GB)    RX Total(GB)
========================================================================
mlx5_0                   0.0         0.0             0.0             0.0
mlx5_1                   0.0         0.0           325.5           507.5
mlx5_2                   0.0         0.0             0.0             0.0
mlx5_3                   0.0         0.0             0.0             0.0
mlx5_4                   0.0         0.0             0.0             0.0
mlx5_5                   0.0         0.0           328.0           523.1
mlx5_6                   0.0         0.0             0.0             0.0
mlx5_7                   0.0         0.0             0.0             0.0
mlx5_8                   0.0         0.0             0.0             0.0
mlx5_9                   0.0         0.0             0.0             0.0
------------------------------------------------------------------------
TOTAL                    0.0         0.0           653.4          1030.6

Last Update: 2025-11-22 14:35:16
Device               TX Gbps     RX Gbps    TX Total(GB)    RX Total(GB)
========================================================================
mlx5_0                   0.0         0.0             0.0             0.0
mlx5_1                  18.4         0.0           327.8           507.5
mlx5_2                   0.0         0.0             0.0             0.0
mlx5_3                   0.0         0.0             0.0             0.0
mlx5_4                   0.0         0.0             0.0             0.0
mlx5_5                  18.8         0.0           330.3           523.1
mlx5_6                   0.0         0.0             0.0             0.0
mlx5_7                   0.0         0.0             0.0             0.0
mlx5_8                   0.0         0.0             0.0             0.0
mlx5_9                   0.0         0.0             0.0             0.0
------------------------------------------------------------------------
TOTAL                   37.2         0.0           658.1          1030.6

Last Update: 2025-11-22 14:35:17
Device               TX Gbps     RX Gbps    TX Total(GB)    RX Total(GB)
========================================================================
mlx5_0                   0.0         0.0             0.0             0.0
mlx5_1                   0.0         0.0           327.8           507.5
mlx5_2                   0.0         0.0             0.0             0.0
mlx5_3                   0.0         0.0             0.0             0.0
mlx5_4                   0.0         0.0             0.0             0.0
mlx5_5                   0.0         0.0           330.3           523.1
mlx5_6                   0.0         0.0             0.0             0.0
mlx5_7                   0.0         0.0             0.0             0.0
mlx5_8                   0.0         0.0             0.0             0.0
mlx5_9                   0.0         0.0             0.0             0.0
------------------------------------------------------------------------
TOTAL                    0.0         0.0           658.1          1030.6

Last Update: 2025-11-22 14:35:18
Device               TX Gbps     RX Gbps    TX Total(GB)    RX Total(GB)
========================================================================
mlx5_0                   0.0         0.0             0.0             0.0
mlx5_1                   0.0         0.0           327.8           507.5
mlx5_2                   0.0         0.0             0.0             0.0
mlx5_3                   0.0         0.0             0.0             0.0
mlx5_4                   0.0         0.0             0.0             0.0
mlx5_5                   0.0         0.0           330.3           523.1
mlx5_6                   0.0         0.0             0.0             0.0
mlx5_7                   0.0         0.0             0.0             0.0
mlx5_8                   0.0         0.0             0.0             0.0
mlx5_9                   0.0         0.0             0.0             0.0
------------------------------------------------------------------------
TOTAL                    0.0         0.0           658.1          1030.6

Last Update: 2025-11-22 14:35:19
Device               TX Gbps     RX Gbps    TX Total(GB)    RX Total(GB)
========================================================================
mlx5_0                   0.0         0.0             0.0             0.0
mlx5_1                   0.0         0.0           327.8           507.5
mlx5_2                   0.0         0.0             0.0             0.0
mlx5_3                   0.0         0.0             0.0             0.0
mlx5_4                   0.0         0.0             0.0             0.0
mlx5_5                   0.0         0.0           330.3           523.1
mlx5_6                   0.0         0.0             0.0             0.0
mlx5_7                   0.0         0.0             0.0             0.0
mlx5_8                   0.0         0.0             0.0             0.0
mlx5_9                   0.0         0.0             0.0             0.0
------------------------------------------------------------------------
TOTAL                    0.0         0.0           658.1          1030.6

Last Update: 2025-11-22 14:35:20
Device               TX Gbps     RX Gbps    TX Total(GB)    RX Total(GB)
========================================================================
mlx5_0                   0.0         0.0             0.0             0.0
mlx5_1                  18.5         0.0           330.1           507.5
mlx5_2                   0.0         0.0             0.0             0.0
mlx5_3                   0.0         0.0             0.0             0.0
mlx5_4                   0.0         0.0             0.0             0.0
mlx5_5                  18.7         0.0           332.7           523.1
mlx5_6                   0.0         0.0             0.0             0.0
mlx5_7                   0.0         0.0             0.0             0.0
mlx5_8                   0.0         0.0             0.0             0.0
mlx5_9                   0.0         0.0             0.0             0.0
------------------------------------------------------------------------
TOTAL                   37.2         0.0           662.8          1030.6

Last Update: 2025-11-22 14:35:21
Device               TX Gbps     RX Gbps    TX Total(GB)    RX Total(GB)
========================================================================
mlx5_0                   0.0         0.0             0.0             0.0
mlx5_1                   0.0         0.0           330.1           507.5
mlx5_2                   0.0         0.0             0.0             0.0
mlx5_3                   0.0         0.0             0.0             0.0
mlx5_4                   0.0         0.0             0.0             0.0
mlx5_5                   0.0         0.0           332.7           523.1
mlx5_6                   0.0         0.0             0.0             0.0
mlx5_7                   0.0         0.0             0.0             0.0
mlx5_8                   0.0         0.0             0.0             0.0
mlx5_9                   0.0         0.0             0.0             0.0
------------------------------------------------------------------------
TOTAL                    0.0         0.0           662.8          1030.6

Last Update: 2025-11-22 14:35:22
Device               TX Gbps     RX Gbps    TX Total(GB)    RX Total(GB)
========================================================================
mlx5_0                   0.0         0.0             0.0             0.0
mlx5_1                   0.0         0.0           330.1           507.5
mlx5_2                   0.0         0.0             0.0             0.0
mlx5_3                   0.0         0.0             0.0             0.0
mlx5_4                   0.0         0.0             0.0             0.0
mlx5_5                   0.0         0.0           332.7           523.1
mlx5_6                   0.0         0.0             0.0             0.0
mlx5_7                   0.0         0.0             0.0             0.0
mlx5_8                   0.0         0.0             0.0             0.0
mlx5_9                   0.0         0.0             0.0             0.0
------------------------------------------------------------------------
TOTAL                    0.0         0.0           662.8          1030.6

Last Update: 2025-11-22 14:35:23
Device               TX Gbps     RX Gbps    TX Total(GB)    RX Total(GB)
========================================================================
mlx5_0                   0.0         0.0             0.0             0.0
mlx5_1                   0.0         0.0           330.1           507.5
mlx5_2                   0.0         0.0             0.0             0.0
mlx5_3                   0.0         0.0             0.0             0.0
mlx5_4                   0.0         0.0             0.0             0.0
mlx5_5                   0.0         0.0           332.7           523.1
mlx5_6                   0.0         0.0             0.0             0.0
mlx5_7                   0.0         0.0             0.0             0.0
mlx5_8                   0.0         0.0             0.0             0.0
mlx5_9                   0.0         0.0             0.0             0.0
------------------------------------------------------------------------
TOTAL                    0.0         0.0           662.8          1030.6

Last Update: 2025-11-22 14:35:24
Device               TX Gbps     RX Gbps    TX Total(GB)    RX Total(GB)
========================================================================
mlx5_0                   0.0         0.0             0.0             0.0
mlx5_1                  18.6         0.0           332.4           507.5
mlx5_2                   0.0         0.0             0.0             0.0
mlx5_3                   0.0         0.0             0.0             0.0
mlx5_4                   0.0         0.0             0.0             0.0
mlx5_5                  18.7         0.0           335.0           523.1
mlx5_6                   0.0         0.0             0.0             0.0
mlx5_7                   0.0         0.0             0.0             0.0
mlx5_8                   0.0         0.0             0.0             0.0
mlx5_9                   0.0         0.0             0.0             0.0
------------------------------------------------------------------------
TOTAL                   37.2         0.0           667.5          1030.6

Last Update: 2025-11-22 14:35:25
Device               TX Gbps     RX Gbps    TX Total(GB)    RX Total(GB)
========================================================================
mlx5_0                   0.0         0.0             0.0             0.0
mlx5_1                   0.0         0.0           332.4           507.5
mlx5_2                   0.0         0.0             0.0             0.0
mlx5_3                   0.0         0.0             0.0             0.0
mlx5_4                   0.0         0.0             0.0             0.0
mlx5_5                   0.0         0.0           335.0           523.1
mlx5_6                   0.0         0.0             0.0             0.0
mlx5_7                   0.0         0.0             0.0             0.0
mlx5_8                   0.0         0.0             0.0             0.0
mlx5_9                   0.0         0.0             0.0             0.0
------------------------------------------------------------------------
TOTAL                    0.0         0.0           667.5          1030.6

Last Update: 2025-11-22 14:35:26
Device               TX Gbps     RX Gbps    TX Total(GB)    RX Total(GB)
========================================================================
mlx5_0                   0.0         0.0             0.0             0.0
mlx5_1                   0.0         0.0           332.4           507.5
mlx5_2                   0.0         0.0             0.0             0.0
mlx5_3                   0.0         0.0             0.0             0.0
mlx5_4                   0.0         0.0             0.0             0.0
mlx5_5                   0.0         0.0           335.0           523.1
mlx5_6                   0.0         0.0             0.0             0.0
mlx5_7                   0.0         0.0             0.0             0.0
mlx5_8                   0.0         0.0             0.0             0.0
mlx5_9                   0.0         0.0             0.0             0.0
------------------------------------------------------------------------
TOTAL                    0.0         0.0           667.5          1030.6

Last Update: 2025-11-22 14:35:27
Device               TX Gbps     RX Gbps    TX Total(GB)    RX Total(GB)
========================================================================
mlx5_0                   0.0         0.0             0.0             0.0
mlx5_1                   0.0         0.0           332.4           507.5
mlx5_2                   0.0         0.0             0.0             0.0
mlx5_3                   0.0         0.0             0.0             0.0
mlx5_4                   0.0         0.0             0.0             0.0
mlx5_5                   0.0         0.0           335.0           523.1
mlx5_6                   0.0         0.0             0.0             0.0
mlx5_7                   0.0         0.0             0.0             0.0
mlx5_8                   0.0         0.0             0.0             0.0
mlx5_9                   0.0         0.0             0.0             0.0
------------------------------------------------------------------------
TOTAL                    0.0         0.0           667.5          1030.6

Last Update: 2025-11-22 14:35:28
Device               TX Gbps     RX Gbps    TX Total(GB)    RX Total(GB)
========================================================================
mlx5_0                   0.0         0.0             0.0             0.0
mlx5_1                   0.0         0.0           332.4           507.5
mlx5_2                   0.0         0.0             0.0             0.0
mlx5_3                   0.0         0.0             0.0             0.0
mlx5_4                   0.0         0.0             0.0             0.0
mlx5_5                   0.0         0.0           335.0           523.1
mlx5_6                   0.0         0.0             0.0             0.0
mlx5_7                   0.0         0.0             0.0             0.0
mlx5_8                   0.0         0.0             0.0             0.0
mlx5_9                   0.0         0.0             0.0             0.0
------------------------------------------------------------------------
TOTAL                    0.0         0.0           667.5          1030.6

Last Update: 2025-11-22 14:35:29
Device               TX Gbps     RX Gbps    TX Total(GB)    RX Total(GB)
========================================================================
mlx5_0                   0.0         0.0             0.0             0.0
mlx5_1                  19.0        96.8           334.8           519.6
mlx5_2                   0.0         0.0             0.0             0.0
mlx5_3                   0.0         0.0             0.0             0.0
mlx5_4                   0.0         0.0             0.0             0.0
mlx5_5                  19.4        99.7           337.5           535.7
mlx5_6                   0.0         0.0             0.0             0.0
mlx5_7                   0.0         0.0             0.0             0.0
mlx5_8                   0.0         0.0             0.0             0.0
mlx5_9                   0.0         0.0             0.0             0.0
------------------------------------------------------------------------
TOTAL                   38.5       196.5           672.3          1055.3

Last Update: 2025-11-22 14:35:30
Device               TX Gbps     RX Gbps    TX Total(GB)    RX Total(GB)
========================================================================
mlx5_0                   0.0         0.0             0.0             0.0
mlx5_1                   0.1        14.8           334.8           521.5
mlx5_2                   0.0         0.0             0.0             0.0
mlx5_3                   0.0         0.0             0.0             0.0
mlx5_4                   0.0         0.0             0.0             0.0
mlx5_5                   0.1        15.2           337.5           537.6
mlx5_6                   0.0         0.0             0.0             0.0
mlx5_7                   0.0         0.0             0.0             0.0
mlx5_8                   0.0         0.0             0.0             0.0
mlx5_9                   0.0         0.0             0.0             0.0
------------------------------------------------------------------------
TOTAL                    0.1        30.1           672.3          1059.1

Last Update: 2025-11-22 14:35:31
Device               TX Gbps     RX Gbps    TX Total(GB)    RX Total(GB)
========================================================================
mlx5_0                   0.0         0.0             0.0             0.0
mlx5_1                   0.0         0.0           334.8           521.5
mlx5_2                   0.0         0.0             0.0             0.0
mlx5_3                   0.0         0.0             0.0             0.0
mlx5_4                   0.0         0.0             0.0             0.0
mlx5_5                   0.0         0.0           337.5           537.6
mlx5_6                   0.0         0.0             0.0             0.0
mlx5_7                   0.0         0.0             0.0             0.0
mlx5_8                   0.0         0.0             0.0             0.0
mlx5_9                   0.0         0.0             0.0             0.0
------------------------------------------------------------------------
TOTAL                    0.0         0.0           672.3          1059.1

Last Update: 2025-11-22 14:35:32
Device               TX Gbps     RX Gbps    TX Total(GB)    RX Total(GB)
========================================================================
mlx5_0                   0.0         0.0             0.0             0.0
mlx5_1                   0.0         0.0           334.8           521.5
mlx5_2                   0.0         0.0             0.0             0.0
mlx5_3                   0.0         0.0             0.0             0.0
mlx5_4                   0.0         0.0             0.0             0.0
mlx5_5                   0.0         0.0           337.5           537.6
mlx5_6                   0.0         0.0             0.0             0.0
mlx5_7                   0.0         0.0             0.0             0.0
mlx5_8                   0.0         0.0             0.0             0.0
mlx5_9                   0.0         0.0             0.0             0.0
------------------------------------------------------------------------
TOTAL                    0.0         0.0           672.3          1059.1

Last Update: 2025-11-22 14:35:33
Device               TX Gbps     RX Gbps    TX Total(GB)    RX Total(GB)
========================================================================
mlx5_0                   0.0         0.0             0.0             0.0
mlx5_1                  19.1         0.0           337.2           521.5
mlx5_2                   0.0         0.0             0.0             0.0
mlx5_3                   0.0         0.0             0.0             0.0
mlx5_4                   0.0         0.0             0.0             0.0
mlx5_5                  18.9         0.0           339.9           537.6
mlx5_6                   0.0         0.0             0.0             0.0
mlx5_7                   0.0         0.0             0.0             0.0
mlx5_8                   0.0         0.0             0.0             0.0
mlx5_9                   0.0         0.0             0.0             0.0
------------------------------------------------------------------------
TOTAL                   38.0         0.0           677.1          1059.1

Last Update: 2025-11-22 14:35:34
Device               TX Gbps     RX Gbps    TX Total(GB)    RX Total(GB)
========================================================================
mlx5_0                   0.0         0.0             0.0             0.0
mlx5_1                   0.0         0.0           337.2           521.5
mlx5_2                   0.0         0.0             0.0             0.0
mlx5_3                   0.0         0.0             0.0             0.0
mlx5_4                   0.0         0.0             0.0             0.0
mlx5_5                   0.0         0.0           339.9           537.6
mlx5_6                   0.0         0.0             0.0             0.0
mlx5_7                   0.0         0.0             0.0             0.0
mlx5_8                   0.0         0.0             0.0             0.0
mlx5_9                   0.0         0.0             0.0             0.0
------------------------------------------------------------------------
TOTAL                    0.0         0.0           677.1          1059.1

Last Update: 2025-11-22 14:35:35
Device               TX Gbps     RX Gbps    TX Total(GB)    RX Total(GB)
========================================================================
mlx5_0                   0.0         0.0             0.0             0.0
mlx5_1                   0.0         0.0           337.2           521.5
mlx5_2                   0.0         0.0             0.0             0.0
mlx5_3                   0.0         0.0             0.0             0.0
mlx5_4                   0.0         0.0             0.0             0.0
mlx5_5                   0.0         0.0           339.9           537.6
mlx5_6                   0.0         0.0             0.0             0.0
mlx5_7                   0.0         0.0             0.0             0.0
mlx5_8                   0.0         0.0             0.0             0.0
mlx5_9                   0.0         0.0             0.0             0.0
------------------------------------------------------------------------
TOTAL                    0.0         0.0           677.1          1059.1

Last Update: 2025-11-22 14:35:36
Device               TX Gbps     RX Gbps    TX Total(GB)    RX Total(GB)
========================================================================
mlx5_0                   0.0         0.0             0.0             0.0
mlx5_1                   0.0         0.0           337.2           521.5
mlx5_2                   0.0         0.0             0.0             0.0
mlx5_3                   0.0         0.0             0.0             0.0
mlx5_4                   0.0         0.0             0.0             0.0
mlx5_5                   0.0         0.0           339.9           537.6
mlx5_6                   0.0         0.0             0.0             0.0
mlx5_7                   0.0         0.0             0.0             0.0
mlx5_8                   0.0         0.0             0.0             0.0
mlx5_9                   0.0         0.0             0.0             0.0
------------------------------------------------------------------------
TOTAL                    0.0         0.0           677.1          1059.1

Last Update: 2025-11-22 14:35:37
Device               TX Gbps     RX Gbps    TX Total(GB)    RX Total(GB)
========================================================================
mlx5_0                   0.0         0.0             0.0             0.0
mlx5_1                  18.6         0.0           339.6           521.5
mlx5_2                   0.0         0.0             0.0             0.0
mlx5_3                   0.0         0.0             0.0             0.0
mlx5_4                   0.0         0.0             0.0             0.0
mlx5_5                  18.6         0.0           342.2           537.6
mlx5_6                   0.0         0.0             0.0             0.0
mlx5_7                   0.0         0.0             0.0             0.0
mlx5_8                   0.0         0.0             0.0             0.0
mlx5_9                   0.0         0.0             0.0             0.0
------------------------------------------------------------------------
TOTAL                   37.2         0.0           681.8          1059.1

Last Update: 2025-11-22 14:35:38
Device               TX Gbps     RX Gbps    TX Total(GB)    RX Total(GB)
========================================================================
mlx5_0                   0.0         0.0             0.0             0.0
mlx5_1                   0.0         0.0           339.6           521.5
mlx5_2                   0.0         0.0             0.0             0.0
mlx5_3                   0.0         0.0             0.0             0.0
mlx5_4                   0.0         0.0             0.0             0.0
mlx5_5                   0.0         0.0           342.2           537.6
mlx5_6                   0.0         0.0             0.0             0.0
mlx5_7                   0.0         0.0             0.0             0.0
mlx5_8                   0.0         0.0             0.0             0.0
mlx5_9                   0.0         0.0             0.0             0.0
------------------------------------------------------------------------
TOTAL                    0.0         0.0           681.8          1059.1

Last Update: 2025-11-22 14:35:39
Device               TX Gbps     RX Gbps    TX Total(GB)    RX Total(GB)
========================================================================
mlx5_0                   0.0         0.0             0.0             0.0
mlx5_1                   0.0         0.0           339.6           521.5
mlx5_2                   0.0         0.0             0.0             0.0
mlx5_3                   0.0         0.0             0.0             0.0
mlx5_4                   0.0         0.0             0.0             0.0
mlx5_5                   0.0         0.0           342.2           537.6
mlx5_6                   0.0         0.0             0.0             0.0
mlx5_7                   0.0         0.0             0.0             0.0
mlx5_8                   0.0         0.0             0.0             0.0
mlx5_9                   0.0         0.0             0.0             0.0
------------------------------------------------------------------------
TOTAL                    0.0         0.0           681.8          1059.1

Last Update: 2025-11-22 14:35:40
Device               TX Gbps     RX Gbps    TX Total(GB)    RX Total(GB)
========================================================================
mlx5_0                   0.0         0.0             0.0             0.0
mlx5_1                   4.8         0.0           340.2           521.5
mlx5_2                   0.0         0.0             0.0             0.0
mlx5_3                   0.0         0.0             0.0             0.0
mlx5_4                   0.0         0.0             0.0             0.0
mlx5_5                   5.4         0.0           342.9           537.6
mlx5_6                   0.0         0.0             0.0             0.0
mlx5_7                   0.0         0.0             0.0             0.0
mlx5_8                   0.0         0.0             0.0             0.0
mlx5_9                   0.0         0.0             0.0             0.0
------------------------------------------------------------------------
TOTAL                   10.3         0.0           683.0          1059.1

Last Update: 2025-11-22 14:35:41
Device               TX Gbps     RX Gbps    TX Total(GB)    RX Total(GB)
========================================================================
mlx5_0                   0.0         0.0             0.0             0.0
mlx5_1                  14.0         0.0           341.9           521.5
mlx5_2                   0.0         0.0             0.0             0.0
mlx5_3                   0.0         0.0             0.0             0.0
mlx5_4                   0.0         0.0             0.0             0.0
mlx5_5                  13.0         0.0           344.5           537.6
mlx5_6                   0.0         0.0             0.0             0.0
mlx5_7                   0.0         0.0             0.0             0.0
mlx5_8                   0.0         0.0             0.0             0.0
mlx5_9                   0.0         0.0             0.0             0.0
------------------------------------------------------------------------
TOTAL                   27.0         0.0           686.4          1059.1

Last Update: 2025-11-22 14:35:42
Device               TX Gbps     RX Gbps    TX Total(GB)    RX Total(GB)
========================================================================
mlx5_0                   0.0         0.0             0.0             0.0
mlx5_1                   0.0         0.0           341.9           521.5
mlx5_2                   0.0         0.0             0.0             0.0
mlx5_3                   0.0         0.0             0.0             0.0
mlx5_4                   0.0         0.0             0.0             0.0
mlx5_5                   0.0         0.0           344.5           537.6
mlx5_6                   0.0         0.0             0.0             0.0
mlx5_7                   0.0         0.0             0.0             0.0
mlx5_8                   0.0         0.0             0.0             0.0
mlx5_9                   0.0         0.0             0.0             0.0
------------------------------------------------------------------------
TOTAL                    0.0         0.0           686.4          1059.1

Last Update: 2025-11-22 14:35:43
Device               TX Gbps     RX Gbps    TX Total(GB)    RX Total(GB)
========================================================================
mlx5_0                   0.0         0.0             0.0             0.0
mlx5_1                   0.0         0.0           341.9           521.5
mlx5_2                   0.0         0.0             0.0             0.0
mlx5_3                   0.0         0.0             0.0             0.0
mlx5_4                   0.0         0.0             0.0             0.0
mlx5_5                   0.0         0.0           344.5           537.6
mlx5_6                   0.0         0.0             0.0             0.0
mlx5_7                   0.0         0.0             0.0             0.0
mlx5_8                   0.0         0.0             0.0             0.0
mlx5_9                   0.0         0.0             0.0             0.0
------------------------------------------------------------------------
TOTAL                    0.0         0.0           686.4          1059.1

Last Update: 2025-11-22 14:35:44
Device               TX Gbps     RX Gbps    TX Total(GB)    RX Total(GB)
========================================================================
mlx5_0                   0.0         0.0             0.0             0.0
mlx5_1                  18.5         0.0           344.2           521.5
mlx5_2                   0.0         0.0             0.0             0.0
mlx5_3                   0.0         0.0             0.0             0.0
mlx5_4                   0.0         0.0             0.0             0.0
mlx5_5                  18.7         0.0           346.9           537.6
mlx5_6                   0.0         0.0             0.0             0.0
mlx5_7                   0.0         0.0             0.0             0.0
mlx5_8                   0.0         0.0             0.0             0.0
mlx5_9                   0.0         0.0             0.0             0.0
------------------------------------------------------------------------
TOTAL                   37.2         0.0           691.1          1059.1

Last Update: 2025-11-22 14:35:45
Device               TX Gbps     RX Gbps    TX Total(GB)    RX Total(GB)
========================================================================
mlx5_0                   0.0         0.0             0.0             0.0
mlx5_1                   0.0         0.0           344.2           521.5
mlx5_2                   0.0         0.0             0.0             0.0
mlx5_3                   0.0         0.0             0.0             0.0
mlx5_4                   0.0         0.0             0.0             0.0
mlx5_5                   0.0         0.0           346.9           537.6
mlx5_6                   0.0         0.0             0.0             0.0
mlx5_7                   0.0         0.0             0.0             0.0
mlx5_8                   0.0         0.0             0.0             0.0
mlx5_9                   0.0         0.0             0.0             0.0
------------------------------------------------------------------------
TOTAL                    0.0         0.0           691.1          1059.1

Last Update: 2025-11-22 14:35:46
Device               TX Gbps     RX Gbps    TX Total(GB)    RX Total(GB)
========================================================================
mlx5_0                   0.0         0.0             0.0             0.0
mlx5_1                   0.0         0.0           344.2           521.5
mlx5_2                   0.0         0.0             0.0             0.0
mlx5_3                   0.0         0.0             0.0             0.0
mlx5_4                   0.0         0.0             0.0             0.0
mlx5_5                   0.0         0.0           346.9           537.6
mlx5_6                   0.0         0.0             0.0             0.0
mlx5_7                   0.0         0.0             0.0             0.0
mlx5_8                   0.0         0.0             0.0             0.0
mlx5_9                   0.0         0.0             0.0             0.0
------------------------------------------------------------------------
TOTAL                    0.0         0.0           691.1          1059.1

Last Update: 2025-11-22 14:35:47
Device               TX Gbps     RX Gbps    TX Total(GB)    RX Total(GB)
========================================================================
mlx5_0                   0.0         0.0             0.0             0.0
mlx5_1                   0.0         0.0           344.2           521.5
mlx5_2                   0.0         0.0             0.0             0.0
mlx5_3                   0.0         0.0             0.0             0.0
mlx5_4                   0.0         0.0             0.0             0.0
mlx5_5                   0.0         0.0           346.9           537.6
mlx5_6                   0.0         0.0             0.0             0.0
mlx5_7                   0.0         0.0             0.0             0.0
mlx5_8                   0.0         0.0             0.0             0.0
mlx5_9                   0.0         0.0             0.0             0.0
------------------------------------------------------------------------
TOTAL                    0.0         0.0           691.1          1059.1

Last Update: 2025-11-22 14:35:48
Device               TX Gbps     RX Gbps    TX Total(GB)    RX Total(GB)
========================================================================
mlx5_0                   0.0         0.0             0.0             0.0
mlx5_1                   0.0         0.0           344.2           521.5
mlx5_2                   0.0         0.0             0.0             0.0
mlx5_3                   0.0         0.0             0.0             0.0
mlx5_4                   0.0         0.0             0.0             0.0
mlx5_5                   0.0         0.0           346.9           537.6
mlx5_6                   0.0         0.0             0.0             0.0
mlx5_7                   0.0         0.0             0.0             0.0
mlx5_8                   0.0         0.0             0.0             0.0
mlx5_9                   0.0         0.0             0.0             0.0
------------------------------------------------------------------------
TOTAL                    0.0         0.0           691.1          1059.1

Last Update: 2025-11-22 14:35:49
Device               TX Gbps     RX Gbps    TX Total(GB)    RX Total(GB)
========================================================================
mlx5_0                   0.0         0.0             0.0             0.0
mlx5_1                  18.6         0.0           346.6           521.5
mlx5_2                   0.0         0.0             0.0             0.0
mlx5_3                   0.0         0.0             0.0             0.0
mlx5_4                   0.0         0.0             0.0             0.0
mlx5_5                  18.6         0.0           349.2           537.6
mlx5_6                   0.0         0.0             0.0             0.0
mlx5_7                   0.0         0.0             0.0             0.0
mlx5_8                   0.0         0.0             0.0             0.0
mlx5_9                   0.0         0.0             0.0             0.0
------------------------------------------------------------------------
TOTAL                   37.2         0.0           695.8          1059.1

Last Update: 2025-11-22 14:35:50
Device               TX Gbps     RX Gbps    TX Total(GB)    RX Total(GB)
========================================================================
mlx5_0                   0.0         0.0             0.0             0.0
mlx5_1                   0.0         0.0           346.6           521.5
mlx5_2                   0.0         0.0             0.0             0.0
mlx5_3                   0.0         0.0             0.0             0.0
mlx5_4                   0.0         0.0             0.0             0.0
mlx5_5                   0.0         0.0           349.2           537.6
mlx5_6                   0.0         0.0             0.0             0.0
mlx5_7                   0.0         0.0             0.0             0.0
mlx5_8                   0.0         0.0             0.0             0.0
mlx5_9                   0.0         0.0             0.0             0.0
------------------------------------------------------------------------
TOTAL                    0.0         0.0           695.8          1059.1

Last Update: 2025-11-22 14:35:51
Device               TX Gbps     RX Gbps    TX Total(GB)    RX Total(GB)
========================================================================
mlx5_0                   0.0         0.0             0.0             0.0
mlx5_1                   0.0         0.0           346.6           521.5
mlx5_2                   0.0         0.0             0.0             0.0
mlx5_3                   0.0         0.0             0.0             0.0
mlx5_4                   0.0         0.0             0.0             0.0
mlx5_5                   0.0         0.0           349.2           537.6
mlx5_6                   0.0         0.0             0.0             0.0
mlx5_7                   0.0         0.0             0.0             0.0
mlx5_8                   0.0         0.0             0.0             0.0
mlx5_9                   0.0         0.0             0.0             0.0
------------------------------------------------------------------------
TOTAL                    0.0         0.0           695.8          1059.1

Last Update: 2025-11-22 14:35:52
Device               TX Gbps     RX Gbps    TX Total(GB)    RX Total(GB)
========================================================================
mlx5_0                   0.0         0.0             0.0             0.0
mlx5_1                   0.0         0.0           346.6           521.5
mlx5_2                   0.0         0.0             0.0             0.0
mlx5_3                   0.0         0.0             0.0             0.0
mlx5_4                   0.0         0.0             0.0             0.0
mlx5_5                   0.0         0.0           349.2           537.6
mlx5_6                   0.0         0.0             0.0             0.0
mlx5_7                   0.0         0.0             0.0             0.0
mlx5_8                   0.0         0.0             0.0             0.0
mlx5_9                   0.0         0.0             0.0             0.0
------------------------------------------------------------------------
TOTAL                    0.0         0.0           695.8          1059.1

Last Update: 2025-11-22 14:35:53
Device               TX Gbps     RX Gbps    TX Total(GB)    RX Total(GB)
========================================================================
mlx5_0                   0.0         0.0             0.0             0.0
mlx5_1                  18.9        62.4           349.0           529.3
mlx5_2                   0.0         0.0             0.0             0.0
mlx5_3                   0.0         0.0             0.0             0.0
mlx5_4                   0.0         0.0             0.0             0.0
mlx5_5                  19.1        64.3           351.6           545.7
mlx5_6                   0.0         0.0             0.0             0.0
mlx5_7                   0.0         0.0             0.0             0.0
mlx5_8                   0.0         0.0             0.0             0.0
mlx5_9                   0.0         0.0             0.0             0.0
------------------------------------------------------------------------
TOTAL                   38.0       126.8           700.6          1075.0

Last Update: 2025-11-22 14:35:54
Device               TX Gbps     RX Gbps    TX Total(GB)    RX Total(GB)
========================================================================
mlx5_0                   0.0         0.0             0.0             0.0
mlx5_1                   0.3        49.5           349.0           535.6
mlx5_2                   0.0         0.0             0.0             0.0
mlx5_3                   0.0         0.0             0.0             0.0
mlx5_4                   0.0         0.0             0.0             0.0
mlx5_5                   0.3        50.4           351.6           552.0
mlx5_6                   0.0         0.0             0.0             0.0
mlx5_7                   0.0         0.0             0.0             0.0
mlx5_8                   0.0         0.0             0.0             0.0
mlx5_9                   0.0         0.0             0.0             0.0
------------------------------------------------------------------------
TOTAL                    0.6        99.8           700.6          1087.6

Last Update: 2025-11-22 14:35:55
Device               TX Gbps     RX Gbps    TX Total(GB)    RX Total(GB)
========================================================================
mlx5_0                   0.0         0.0             0.0             0.0
mlx5_1                   0.0         0.0           349.0           535.6
mlx5_2                   0.0         0.0             0.0             0.0
mlx5_3                   0.0         0.0             0.0             0.0
mlx5_4                   0.0         0.0             0.0             0.0
mlx5_5                   0.0         0.0           351.6           552.0
mlx5_6                   0.0         0.0             0.0             0.0
mlx5_7                   0.0         0.0             0.0             0.0
mlx5_8                   0.0         0.0             0.0             0.0
mlx5_9                   0.0         0.0             0.0             0.0
------------------------------------------------------------------------
TOTAL                    0.0         0.0           700.6          1087.6

Last Update: 2025-11-22 14:35:56
Device               TX Gbps     RX Gbps    TX Total(GB)    RX Total(GB)
========================================================================
mlx5_0                   0.0         0.0             0.0             0.0
mlx5_1                   0.0         0.0           349.0           535.6
mlx5_2                   0.0         0.0             0.0             0.0
mlx5_3                   0.0         0.0             0.0             0.0
mlx5_4                   0.0         0.0             0.0             0.0
mlx5_5                   0.0         0.0           351.6           552.0
mlx5_6                   0.0         0.0             0.0             0.0
mlx5_7                   0.0         0.0             0.0             0.0
mlx5_8                   0.0         0.0             0.0             0.0
mlx5_9                   0.0         0.0             0.0             0.0
------------------------------------------------------------------------
TOTAL                    0.0         0.0           700.6          1087.6

Last Update: 2025-11-22 14:35:57
Device               TX Gbps     RX Gbps    TX Total(GB)    RX Total(GB)
========================================================================
mlx5_0                   0.0         0.0             0.0             0.0
mlx5_1                   0.0         0.0           349.0           535.6
mlx5_2                   0.0         0.0             0.0             0.0
mlx5_3                   0.0         0.0             0.0             0.0
mlx5_4                   0.0         0.0             0.0             0.0
mlx5_5                   0.0         0.0           351.6           552.0
mlx5_6                   0.0         0.0             0.0             0.0
mlx5_7                   0.0         0.0             0.0             0.0
mlx5_8                   0.0         0.0             0.0             0.0
mlx5_9                   0.0         0.0             0.0             0.0
------------------------------------------------------------------------
TOTAL                    0.0         0.0           700.6          1087.6

Last Update: 2025-11-22 14:35:58
Device               TX Gbps     RX Gbps    TX Total(GB)    RX Total(GB)
========================================================================
mlx5_0                   0.0         0.0             0.0             0.0
mlx5_1                  19.0         0.0           351.4           535.6
mlx5_2                   0.0         0.0             0.0             0.0
mlx5_3                   0.0         0.0             0.0             0.0
mlx5_4                   0.0         0.0             0.0             0.0
mlx5_5                  18.9         0.0           354.0           552.0
mlx5_6                   0.0         0.0             0.0             0.0
mlx5_7                   0.0         0.0             0.0             0.0
mlx5_8                   0.0         0.0             0.0             0.0
mlx5_9                   0.0         0.0             0.0             0.0
------------------------------------------------------------------------
TOTAL                   38.0         0.0           705.4          1087.6

Last Update: 2025-11-22 14:35:59
Device               TX Gbps     RX Gbps    TX Total(GB)    RX Total(GB)
========================================================================
mlx5_0                   0.0         0.0             0.0             0.0
mlx5_1                   0.0         0.0           351.4           535.6
mlx5_2                   0.0         0.0             0.0             0.0
mlx5_3                   0.0         0.0             0.0             0.0
mlx5_4                   0.0         0.0             0.0             0.0
mlx5_5                   0.0         0.0           354.0           552.0
mlx5_6                   0.0         0.0             0.0             0.0
mlx5_7                   0.0         0.0             0.0             0.0
mlx5_8                   0.0         0.0             0.0             0.0
mlx5_9                   0.0         0.0             0.0             0.0
------------------------------------------------------------------------
TOTAL                    0.0         0.0           705.4          1087.6

Last Update: 2025-11-22 14:36:00
Device               TX Gbps     RX Gbps    TX Total(GB)    RX Total(GB)
========================================================================
mlx5_0                   0.0         0.0             0.0             0.0
mlx5_1                   0.0         0.0           351.4           535.6
mlx5_2                   0.0         0.0             0.0             0.0
mlx5_3                   0.0         0.0             0.0             0.0
mlx5_4                   0.0         0.0             0.0             0.0
mlx5_5                   0.0         0.0           354.0           552.0
mlx5_6                   0.0         0.0             0.0             0.0
mlx5_7                   0.0         0.0             0.0             0.0
mlx5_8                   0.0         0.0             0.0             0.0
mlx5_9                   0.0         0.0             0.0             0.0
------------------------------------------------------------------------
TOTAL                    0.0         0.0           705.4          1087.6

Last Update: 2025-11-22 14:36:01
Device               TX Gbps     RX Gbps    TX Total(GB)    RX Total(GB)
========================================================================
mlx5_0                   0.0         0.0             0.0             0.0
mlx5_1                  18.6         0.0           353.7           535.6
mlx5_2                   0.0         0.0             0.0             0.0
mlx5_3                   0.0         0.0             0.0             0.0
mlx5_4                   0.0         0.0             0.0             0.0
mlx5_5                  18.6         0.0           356.4           552.0
mlx5_6                   0.0         0.0             0.0             0.0
mlx5_7                   0.0         0.0             0.0             0.0
mlx5_8                   0.0         0.0             0.0             0.0
mlx5_9                   0.0         0.0             0.0             0.0
------------------------------------------------------------------------
TOTAL                   37.2         0.0           710.1          1087.6

Last Update: 2025-11-22 14:36:02
Device               TX Gbps     RX Gbps    TX Total(GB)    RX Total(GB)
========================================================================
mlx5_0                   0.0         0.0             0.0             0.0
mlx5_1                   0.0         0.0           353.7           535.6
mlx5_2                   0.0         0.0             0.0             0.0
mlx5_3                   0.0         0.0             0.0             0.0
mlx5_4                   0.0         0.0             0.0             0.0
mlx5_5                   0.0         0.0           356.4           552.0
mlx5_6                   0.0         0.0             0.0             0.0
mlx5_7                   0.0         0.0             0.0             0.0
mlx5_8                   0.0         0.0             0.0             0.0
mlx5_9                   0.0         0.0             0.0             0.0
------------------------------------------------------------------------
TOTAL                    0.0         0.0           710.1          1087.6

Last Update: 2025-11-22 14:36:03
Device               TX Gbps     RX Gbps    TX Total(GB)    RX Total(GB)
========================================================================
mlx5_0                   0.0         0.0             0.0             0.0
mlx5_1                   0.0         0.0           353.7           535.6
mlx5_2                   0.0         0.0             0.0             0.0
mlx5_3                   0.0         0.0             0.0             0.0
mlx5_4                   0.0         0.0             0.0             0.0
mlx5_5                   0.0         0.0           356.4           552.0
mlx5_6                   0.0         0.0             0.0             0.0
mlx5_7                   0.0         0.0             0.0             0.0
mlx5_8                   0.0         0.0             0.0             0.0
mlx5_9                   0.0         0.0             0.0             0.0
------------------------------------------------------------------------
TOTAL                    0.0         0.0           710.1          1087.6

Last Update: 2025-11-22 14:36:04
Device               TX Gbps     RX Gbps    TX Total(GB)    RX Total(GB)
========================================================================
mlx5_0                   0.0         0.0             0.0             0.0
mlx5_1                   0.0         0.0           353.7           535.6
mlx5_2                   0.0         0.0             0.0             0.0
mlx5_3                   0.0         0.0             0.0             0.0
mlx5_4                   0.0         0.0             0.0             0.0
mlx5_5                   0.0         0.0           356.4           552.0
mlx5_6                   0.0         0.0             0.0             0.0
mlx5_7                   0.0         0.0             0.0             0.0
mlx5_8                   0.0         0.0             0.0             0.0
mlx5_9                   0.0         0.0             0.0             0.0
------------------------------------------------------------------------
TOTAL                    0.0         0.0           710.1          1087.6

Last Update: 2025-11-22 14:36:05
Device               TX Gbps     RX Gbps    TX Total(GB)    RX Total(GB)
========================================================================
mlx5_0                   0.0         0.0             0.0             0.0
mlx5_1                  18.6         0.0           356.1           535.6
mlx5_2                   0.0         0.0             0.0             0.0
mlx5_3                   0.0         0.0             0.0             0.0
mlx5_4                   0.0         0.0             0.0             0.0
mlx5_5                  18.6         0.0           358.7           552.0
mlx5_6                   0.0         0.0             0.0             0.0
mlx5_7                   0.0         0.0             0.0             0.0
mlx5_8                   0.0         0.0             0.0             0.0
mlx5_9                   0.0         0.0             0.0             0.0
------------------------------------------------------------------------
TOTAL                   37.2         0.0           714.8          1087.6

Last Update: 2025-11-22 14:36:06
Device               TX Gbps     RX Gbps    TX Total(GB)    RX Total(GB)
========================================================================
mlx5_0                   0.0         0.0             0.0             0.0
mlx5_1                   0.0         0.0           356.1           535.6
mlx5_2                   0.0         0.0             0.0             0.0
mlx5_3                   0.0         0.0             0.0             0.0
mlx5_4                   0.0         0.0             0.0             0.0
mlx5_5                   0.0         0.0           358.7           552.0
mlx5_6                   0.0         0.0             0.0             0.0
mlx5_7                   0.0         0.0             0.0             0.0
mlx5_8                   0.0         0.0             0.0             0.0
mlx5_9                   0.0         0.0             0.0             0.0
------------------------------------------------------------------------
TOTAL                    0.0         0.0           714.8          1087.6

Last Update: 2025-11-22 14:36:07
Device               TX Gbps     RX Gbps    TX Total(GB)    RX Total(GB)
========================================================================
mlx5_0                   0.0         0.0             0.0             0.0
mlx5_1                   0.0         0.0           356.1           535.6
mlx5_2                   0.0         0.0             0.0             0.0
mlx5_3                   0.0         0.0             0.0             0.0
mlx5_4                   0.0         0.0             0.0             0.0
mlx5_5                   0.0         0.0           358.7           552.0
mlx5_6                   0.0         0.0             0.0             0.0
mlx5_7                   0.0         0.0             0.0             0.0
mlx5_8                   0.0         0.0             0.0             0.0
mlx5_9                   0.0         0.0             0.0             0.0
------------------------------------------------------------------------
TOTAL                    0.0         0.0           714.8          1087.6

Last Update: 2025-11-22 14:36:08
Device               TX Gbps     RX Gbps    TX Total(GB)    RX Total(GB)
========================================================================
mlx5_0                   0.0         0.0             0.0             0.0
mlx5_1                  18.6         0.0           358.4           535.6
mlx5_2                   0.0         0.0             0.0             0.0
mlx5_3                   0.0         0.0             0.0             0.0
mlx5_4                   0.0         0.0             0.0             0.0
mlx5_5                  18.6         0.0           361.0           552.0
mlx5_6                   0.0         0.0             0.0             0.0
mlx5_7                   0.0         0.0             0.0             0.0
mlx5_8                   0.0         0.0             0.0             0.0
mlx5_9                   0.0         0.0             0.0             0.0
------------------------------------------------------------------------
TOTAL                   37.2         0.0           719.4          1087.6

Last Update: 2025-11-22 14:36:09
Device               TX Gbps     RX Gbps    TX Total(GB)    RX Total(GB)
========================================================================
mlx5_0                   0.0         0.0             0.0             0.0
mlx5_1                   0.0         0.0           358.4           535.6
mlx5_2                   0.0         0.0             0.0             0.0
mlx5_3                   0.0         0.0             0.0             0.0
mlx5_4                   0.0         0.0             0.0             0.0
mlx5_5                   0.0         0.0           361.0           552.0
mlx5_6                   0.0         0.0             0.0             0.0
mlx5_7                   0.0         0.0             0.0             0.0
mlx5_8                   0.0         0.0             0.0             0.0
mlx5_9                   0.0         0.0             0.0             0.0
------------------------------------------------------------------------
TOTAL                    0.0         0.0           719.4          1087.6

Last Update: 2025-11-22 14:36:10
Device               TX Gbps     RX Gbps    TX Total(GB)    RX Total(GB)
========================================================================
mlx5_0                   0.0         0.0             0.0             0.0
mlx5_1                   0.0         0.0           358.4           535.6
mlx5_2                   0.0         0.0             0.0             0.0
mlx5_3                   0.0         0.0             0.0             0.0
mlx5_4                   0.0         0.0             0.0             0.0
mlx5_5                   0.0         0.0           361.0           552.0
mlx5_6                   0.0         0.0             0.0             0.0
mlx5_7                   0.0         0.0             0.0             0.0
mlx5_8                   0.0         0.0             0.0             0.0
mlx5_9                   0.0         0.0             0.0             0.0
------------------------------------------------------------------------
TOTAL                    0.0         0.0           719.4          1087.6

Last Update: 2025-11-22 14:36:11
Device               TX Gbps     RX Gbps    TX Total(GB)    RX Total(GB)
========================================================================
mlx5_0                   0.0         0.0             0.0             0.0
mlx5_1                   0.0         0.0           358.4           535.6
mlx5_2                   0.0         0.0             0.0             0.0
mlx5_3                   0.0         0.0             0.0             0.0
mlx5_4                   0.0         0.0             0.0             0.0
mlx5_5                   0.0         0.0           361.0           552.0
mlx5_6                   0.0         0.0             0.0             0.0
mlx5_7                   0.0         0.0             0.0             0.0
mlx5_8                   0.0         0.0             0.0             0.0
mlx5_9                   0.0         0.0             0.0             0.0
------------------------------------------------------------------------
TOTAL                    0.0         0.0           719.4          1087.6

Last Update: 2025-11-22 14:36:12
Device               TX Gbps     RX Gbps    TX Total(GB)    RX Total(GB)
========================================================================
mlx5_0                   0.0         0.0             0.0             0.0
mlx5_1                   0.0         0.0           358.4           535.6
mlx5_2                   0.0         0.0             0.0             0.0
mlx5_3                   0.0         0.0             0.0             0.0
mlx5_4                   0.0         0.0             0.0             0.0
mlx5_5                   0.0         0.0           361.0           552.0
mlx5_6                   0.0         0.0             0.0             0.0
mlx5_7                   0.0         0.0             0.0             0.0
mlx5_8                   0.0         0.0             0.0             0.0
mlx5_9                   0.0         0.0             0.0             0.0
------------------------------------------------------------------------
TOTAL                    0.0         0.0           719.4          1087.6

Last Update: 2025-11-22 14:36:13
Device               TX Gbps     RX Gbps    TX Total(GB)    RX Total(GB)
========================================================================
mlx5_0                   0.0         0.0             0.0             0.0
mlx5_1                  18.5         0.0           360.7           535.6
mlx5_2                   0.0         0.0             0.0             0.0
mlx5_3                   0.0         0.0             0.0             0.0
mlx5_4                   0.0         0.0             0.0             0.0
mlx5_5                  18.7         0.0           363.4           552.0
mlx5_6                   0.0         0.0             0.0             0.0
mlx5_7                   0.0         0.0             0.0             0.0
mlx5_8                   0.0         0.0             0.0             0.0
mlx5_9                   0.0         0.0             0.0             0.0
------------------------------------------------------------------------
TOTAL                   37.2         0.0           724.1          1087.6

Last Update: 2025-11-22 14:36:14
Device               TX Gbps     RX Gbps    TX Total(GB)    RX Total(GB)
========================================================================
mlx5_0                   0.0         0.0             0.0             0.0
mlx5_1                   0.0         0.0           360.7           535.6
mlx5_2                   0.0         0.0             0.0             0.0
mlx5_3                   0.0         0.0             0.0             0.0
mlx5_4                   0.0         0.0             0.0             0.0
mlx5_5                   0.0         0.0           363.4           552.0
mlx5_6                   0.0         0.0             0.0             0.0
mlx5_7                   0.0         0.0             0.0             0.0
mlx5_8                   0.0         0.0             0.0             0.0
mlx5_9                   0.0         0.0             0.0             0.0
------------------------------------------------------------------------
TOTAL                    0.0         0.0           724.1          1087.6

Last Update: 2025-11-22 14:36:15
Device               TX Gbps     RX Gbps    TX Total(GB)    RX Total(GB)
========================================================================
mlx5_0                   0.0         0.0             0.0             0.0
mlx5_1                   0.0         0.0           360.7           535.6
mlx5_2                   0.0         0.0             0.0             0.0
mlx5_3                   0.0         0.0             0.0             0.0
mlx5_4                   0.0         0.0             0.0             0.0
mlx5_5                   0.0         0.0           363.4           552.0
mlx5_6                   0.0         0.0             0.0             0.0
mlx5_7                   0.0         0.0             0.0             0.0
mlx5_8                   0.0         0.0             0.0             0.0
mlx5_9                   0.0         0.0             0.0             0.0
------------------------------------------------------------------------
TOTAL                    0.0         0.0           724.1          1087.6

Last Update: 2025-11-22 14:36:16
Device               TX Gbps     RX Gbps    TX Total(GB)    RX Total(GB)
========================================================================
mlx5_0                   0.0         0.0             0.0             0.0
mlx5_1                   0.0         0.0           360.7           535.6
mlx5_2                   0.0         0.0             0.0             0.0
mlx5_3                   0.0         0.0             0.0             0.0
mlx5_4                   0.0         0.0             0.0             0.0
mlx5_5                   0.0         0.0           363.4           552.0
mlx5_6                   0.0         0.0             0.0             0.0
mlx5_7                   0.0         0.0             0.0             0.0
mlx5_8                   0.0         0.0             0.0             0.0
mlx5_9                   0.0         0.0             0.0             0.0
------------------------------------------------------------------------
TOTAL                    0.0         0.0           724.1          1087.6

Last Update: 2025-11-22 14:36:17
Device               TX Gbps     RX Gbps    TX Total(GB)    RX Total(GB)
========================================================================
mlx5_0                   0.0         0.0             0.0             0.0
mlx5_1                  18.7        30.2           363.1           539.4
mlx5_2                   0.0         0.0             0.0             0.0
mlx5_3                   0.0         0.0             0.0             0.0
mlx5_4                   0.0         0.0             0.0             0.0
mlx5_5                  18.8        31.6           365.7           556.0
mlx5_6                   0.0         0.0             0.0             0.0
mlx5_7                   0.0         0.0             0.0             0.0
mlx5_8                   0.0         0.0             0.0             0.0
mlx5_9                   0.0         0.0             0.0             0.0
------------------------------------------------------------------------
TOTAL                   37.5        61.8           728.8          1095.3

Last Update: 2025-11-22 14:36:18
Device               TX Gbps     RX Gbps    TX Total(GB)    RX Total(GB)
========================================================================
mlx5_0                   0.0         0.0             0.0             0.0
mlx5_1                   0.6        81.5           363.1           549.6
mlx5_2                   0.0         0.0             0.0             0.0
mlx5_3                   0.0         0.0             0.0             0.0
mlx5_4                   0.0         0.0             0.0             0.0
mlx5_5                   0.6        83.2           365.8           566.4
mlx5_6                   0.0         0.0             0.0             0.0
mlx5_7                   0.0         0.0             0.0             0.0
mlx5_8                   0.0         0.0             0.0             0.0
mlx5_9                   0.0         0.0             0.0             0.0
------------------------------------------------------------------------
TOTAL                    1.2       164.7           729.0          1116.0

Last Update: 2025-11-22 14:36:19
Device               TX Gbps     RX Gbps    TX Total(GB)    RX Total(GB)
========================================================================
mlx5_0                   0.0         0.0             0.0             0.0
mlx5_1                   0.0         0.0           363.1           549.6
mlx5_2                   0.0         0.0             0.0             0.0
mlx5_3                   0.0         0.0             0.0             0.0
mlx5_4                   0.0         0.0             0.0             0.0
mlx5_5                   0.0         0.0           365.8           566.4
mlx5_6                   0.0         0.0             0.0             0.0
mlx5_7                   0.0         0.0             0.0             0.0
mlx5_8                   0.0         0.0             0.0             0.0
mlx5_9                   0.0         0.0             0.0             0.0
------------------------------------------------------------------------
TOTAL                    0.0         0.0           729.0          1116.0

Last Update: 2025-11-22 14:36:20
Device               TX Gbps     RX Gbps    TX Total(GB)    RX Total(GB)
========================================================================
mlx5_0                   0.0         0.0             0.0             0.0
mlx5_1                   0.0         0.0           363.1           549.6
mlx5_2                   0.0         0.0             0.0             0.0
mlx5_3                   0.0         0.0             0.0             0.0
mlx5_4                   0.0         0.0             0.0             0.0
mlx5_5                   0.0         0.0           365.8           566.4
mlx5_6                   0.0         0.0             0.0             0.0
mlx5_7                   0.0         0.0             0.0             0.0
mlx5_8                   0.0         0.0             0.0             0.0
mlx5_9                   0.0         0.0             0.0             0.0
------------------------------------------------------------------------
TOTAL                    0.0         0.0           729.0          1116.0

Last Update: 2025-11-22 14:36:21
Device               TX Gbps     RX Gbps    TX Total(GB)    RX Total(GB)
========================================================================
mlx5_0                   0.0         0.0             0.0             0.0
mlx5_1                   0.0         0.0           363.1           549.6
mlx5_2                   0.0         0.0             0.0             0.0
mlx5_3                   0.0         0.0             0.0             0.0
mlx5_4                   0.0         0.0             0.0             0.0
mlx5_5                   0.0         0.0           365.8           566.4
mlx5_6                   0.0         0.0             0.0             0.0
mlx5_7                   0.0         0.0             0.0             0.0
mlx5_8                   0.0         0.0             0.0             0.0
mlx5_9                   0.0         0.0             0.0             0.0
------------------------------------------------------------------------
TOTAL                    0.0         0.0           729.0          1116.0

Last Update: 2025-11-22 14:36:22
Device               TX Gbps     RX Gbps    TX Total(GB)    RX Total(GB)
========================================================================
mlx5_0                   0.0         0.0             0.0             0.0
mlx5_1                  17.8         0.0           365.4           549.6
mlx5_2                   0.0         0.0             0.0             0.0
mlx5_3                   0.0         0.0             0.0             0.0
mlx5_4                   0.0         0.0             0.0             0.0
mlx5_5                  17.8         0.0           368.1           566.4
mlx5_6                   0.0         0.0             0.0             0.0
mlx5_7                   0.0         0.0             0.0             0.0
mlx5_8                   0.0         0.0             0.0             0.0
mlx5_9                   0.0         0.0             0.0             0.0
------------------------------------------------------------------------
TOTAL                   35.7         0.0           733.4          1116.1

Last Update: 2025-11-22 14:36:23
Device               TX Gbps     RX Gbps    TX Total(GB)    RX Total(GB)
========================================================================
mlx5_0                   0.0         0.0             0.0             0.0
mlx5_1                   0.0         0.0           365.4           549.6
mlx5_2                   0.0         0.0             0.0             0.0
mlx5_3                   0.0         0.0             0.0             0.0
mlx5_4                   0.0         0.0             0.0             0.0
mlx5_5                   0.0         0.0           368.1           566.4
mlx5_6                   0.0         0.0             0.0             0.0
mlx5_7                   0.0         0.0             0.0             0.0
mlx5_8                   0.0         0.0             0.0             0.0
mlx5_9                   0.0         0.0             0.0             0.0
------------------------------------------------------------------------
TOTAL                    0.0         0.0           733.4          1116.1

Last Update: 2025-11-22 14:36:24
Device               TX Gbps     RX Gbps    TX Total(GB)    RX Total(GB)
========================================================================
mlx5_0                   0.0         0.0             0.0             0.0
mlx5_1                   0.0         0.0           365.4           549.6
mlx5_2                   0.0         0.0             0.0             0.0
mlx5_3                   0.0         0.0             0.0             0.0
mlx5_4                   0.0         0.0             0.0             0.0
mlx5_5                   0.0         0.0           368.1           566.4
mlx5_6                   0.0         0.0             0.0             0.0
mlx5_7                   0.0         0.0             0.0             0.0
mlx5_8                   0.0         0.0             0.0             0.0
mlx5_9                   0.0         0.0             0.0             0.0
------------------------------------------------------------------------
TOTAL                    0.0         0.0           733.4          1116.1

Last Update: 2025-11-22 14:36:25
Device               TX Gbps     RX Gbps    TX Total(GB)    RX Total(GB)
========================================================================
mlx5_0                   0.0         0.0             0.0             0.0
mlx5_1                  18.5         0.0           367.7           549.6
mlx5_2                   0.0         0.0             0.0             0.0
mlx5_3                   0.0         0.0             0.0             0.0
mlx5_4                   0.0         0.0             0.0             0.0
mlx5_5                  18.7         0.0           370.4           566.4
mlx5_6                   0.0         0.0             0.0             0.0
mlx5_7                   0.0         0.0             0.0             0.0
mlx5_8                   0.0         0.0             0.0             0.0
mlx5_9                   0.0         0.0             0.0             0.0
------------------------------------------------------------------------
TOTAL                   37.2         0.0           738.1          1116.1

Last Update: 2025-11-22 14:36:26
Device               TX Gbps     RX Gbps    TX Total(GB)    RX Total(GB)
========================================================================
mlx5_0                   0.0         0.0             0.0             0.0
mlx5_1                   0.0         0.0           367.7           549.6
mlx5_2                   0.0         0.0             0.0             0.0
mlx5_3                   0.0         0.0             0.0             0.0
mlx5_4                   0.0         0.0             0.0             0.0
mlx5_5                   0.0         0.0           370.4           566.4
mlx5_6                   0.0         0.0             0.0             0.0
mlx5_7                   0.0         0.0             0.0             0.0
mlx5_8                   0.0         0.0             0.0             0.0
mlx5_9                   0.0         0.0             0.0             0.0
------------------------------------------------------------------------
TOTAL                    0.0         0.0           738.1          1116.1

Last Update: 2025-11-22 14:36:27
Device               TX Gbps     RX Gbps    TX Total(GB)    RX Total(GB)
========================================================================
mlx5_0                   0.0         0.0             0.0             0.0
mlx5_1                   0.0         0.0           367.7           549.6
mlx5_2                   0.0         0.0             0.0             0.0
mlx5_3                   0.0         0.0             0.0             0.0
mlx5_4                   0.0         0.0             0.0             0.0
mlx5_5                   0.0         0.0           370.4           566.4
mlx5_6                   0.0         0.0             0.0             0.0
mlx5_7                   0.0         0.0             0.0             0.0
mlx5_8                   0.0         0.0             0.0             0.0
mlx5_9                   0.0         0.0             0.0             0.0
------------------------------------------------------------------------
TOTAL                    0.0         0.0           738.1          1116.1

Last Update: 2025-11-22 14:36:28
Device               TX Gbps     RX Gbps    TX Total(GB)    RX Total(GB)
========================================================================
mlx5_0                   0.0         0.0             0.0             0.0
mlx5_1                   0.0         0.0           367.7           549.6
mlx5_2                   0.0         0.0             0.0             0.0
mlx5_3                   0.0         0.0             0.0             0.0
mlx5_4                   0.0         0.0             0.0             0.0
mlx5_5                   0.0         0.0           370.4           566.4
mlx5_6                   0.0         0.0             0.0             0.0
mlx5_7                   0.0         0.0             0.0             0.0
mlx5_8                   0.0         0.0             0.0             0.0
mlx5_9                   0.0         0.0             0.0             0.0
------------------------------------------------------------------------
TOTAL                    0.0         0.0           738.1          1116.1

Last Update: 2025-11-22 14:36:29
Device               TX Gbps     RX Gbps    TX Total(GB)    RX Total(GB)
========================================================================
mlx5_0                   0.0         0.0             0.0             0.0
mlx5_1                  18.5         0.0           370.0           549.6
mlx5_2                   0.0         0.0             0.0             0.0
mlx5_3                   0.0         0.0             0.0             0.0
mlx5_4                   0.0         0.0             0.0             0.0
mlx5_5                  18.7         0.0           372.8           566.4
mlx5_6                   0.0         0.0             0.0             0.0
mlx5_7                   0.0         0.0             0.0             0.0
mlx5_8                   0.0         0.0             0.0             0.0
mlx5_9                   0.0         0.0             0.0             0.0
------------------------------------------------------------------------
TOTAL                   37.2         0.0           742.8          1116.1

Last Update: 2025-11-22 14:36:30
Device               TX Gbps     RX Gbps    TX Total(GB)    RX Total(GB)
========================================================================
mlx5_0                   0.0         0.0             0.0             0.0
mlx5_1                   0.0         0.0           370.0           549.6
mlx5_2                   0.0         0.0             0.0             0.0
mlx5_3                   0.0         0.0             0.0             0.0
mlx5_4                   0.0         0.0             0.0             0.0
mlx5_5                   0.0         0.0           372.8           566.4
mlx5_6                   0.0         0.0             0.0             0.0
mlx5_7                   0.0         0.0             0.0             0.0
mlx5_8                   0.0         0.0             0.0             0.0
mlx5_9                   0.0         0.0             0.0             0.0
------------------------------------------------------------------------
TOTAL                    0.0         0.0           742.8          1116.1

Last Update: 2025-11-22 14:36:31
Device               TX Gbps     RX Gbps    TX Total(GB)    RX Total(GB)
========================================================================
mlx5_0                   0.0         0.0             0.0             0.0
mlx5_1                   0.0         0.0           370.0           549.6
mlx5_2                   0.0         0.0             0.0             0.0
mlx5_3                   0.0         0.0             0.0             0.0
mlx5_4                   0.0         0.0             0.0             0.0
mlx5_5                   0.0         0.0           372.8           566.4
mlx5_6                   0.0         0.0             0.0             0.0
mlx5_7                   0.0         0.0             0.0             0.0
mlx5_8                   0.0         0.0             0.0             0.0
mlx5_9                   0.0         0.0             0.0             0.0
------------------------------------------------------------------------
TOTAL                    0.0         0.0           742.8          1116.1

Last Update: 2025-11-22 14:36:32
Device               TX Gbps     RX Gbps    TX Total(GB)    RX Total(GB)
========================================================================
mlx5_0                   0.0         0.0             0.0             0.0
mlx5_1                   8.5         0.0           371.1           549.6
mlx5_2                   0.0         0.0             0.0             0.0
mlx5_3                   0.0         0.0             0.0             0.0
mlx5_4                   0.0         0.0             0.0             0.0
mlx5_5                   9.0         0.0           373.9           566.4
mlx5_6                   0.0         0.0             0.0             0.0
mlx5_7                   0.0         0.0             0.0             0.0
mlx5_8                   0.0         0.0             0.0             0.0
mlx5_9                   0.0         0.0             0.0             0.0
------------------------------------------------------------------------
TOTAL                   17.4         0.0           745.0          1116.1

Last Update: 2025-11-22 14:36:33
Device               TX Gbps     RX Gbps    TX Total(GB)    RX Total(GB)
========================================================================
mlx5_0                   0.0         0.0             0.0             0.0
mlx5_1                  10.1         0.0           372.4           549.6
mlx5_2                   0.0         0.0             0.0             0.0
mlx5_3                   0.0         0.0             0.0             0.0
mlx5_4                   0.0         0.0             0.0             0.0
mlx5_5                   9.7         0.0           375.1           566.4
mlx5_6                   0.0         0.0             0.0             0.0
mlx5_7                   0.0         0.0             0.0             0.0
mlx5_8                   0.0         0.0             0.0             0.0
mlx5_9                   0.0         0.0             0.0             0.0
------------------------------------------------------------------------
TOTAL                   19.8         0.0           747.5          1116.1

Last Update: 2025-11-22 14:36:34
Device               TX Gbps     RX Gbps    TX Total(GB)    RX Total(GB)
========================================================================
mlx5_0                   0.0         0.0             0.0             0.0
mlx5_1                   0.0         0.0           372.4           549.6
mlx5_2                   0.0         0.0             0.0             0.0
mlx5_3                   0.0         0.0             0.0             0.0
mlx5_4                   0.0         0.0             0.0             0.0
mlx5_5                   0.0         0.0           375.1           566.4
mlx5_6                   0.0         0.0             0.0             0.0
mlx5_7                   0.0         0.0             0.0             0.0
mlx5_8                   0.0         0.0             0.0             0.0
mlx5_9                   0.0         0.0             0.0             0.0
------------------------------------------------------------------------
TOTAL                    0.0         0.0           747.5          1116.1

Last Update: 2025-11-22 14:36:35
Device               TX Gbps     RX Gbps    TX Total(GB)    RX Total(GB)
========================================================================
mlx5_0                   0.0         0.0             0.0             0.0
mlx5_1                   0.0         0.0           372.4           549.6
mlx5_2                   0.0         0.0             0.0             0.0
mlx5_3                   0.0         0.0             0.0             0.0
mlx5_4                   0.0         0.0             0.0             0.0
mlx5_5                   0.0         0.0           375.1           566.4
mlx5_6                   0.0         0.0             0.0             0.0
mlx5_7                   0.0         0.0             0.0             0.0
mlx5_8                   0.0         0.0             0.0             0.0
mlx5_9                   0.0         0.0             0.0             0.0
------------------------------------------------------------------------
TOTAL                    0.0         0.0           747.5          1116.1

Last Update: 2025-11-22 14:36:36
Device               TX Gbps     RX Gbps    TX Total(GB)    RX Total(GB)
========================================================================
mlx5_0                   0.0         0.0             0.0             0.0
mlx5_1                   0.0         0.0           372.4           549.6
mlx5_2                   0.0         0.0             0.0             0.0
mlx5_3                   0.0         0.0             0.0             0.0
mlx5_4                   0.0         0.0             0.0             0.0
mlx5_5                   0.0         0.0           375.1           566.4
mlx5_6                   0.0         0.0             0.0             0.0
mlx5_7                   0.0         0.0             0.0             0.0
mlx5_8                   0.0         0.0             0.0             0.0
mlx5_9                   0.0         0.0             0.0             0.0
------------------------------------------------------------------------
TOTAL                    0.0         0.0           747.5          1116.1

Last Update: 2025-11-22 14:36:37
Device               TX Gbps     RX Gbps    TX Total(GB)    RX Total(GB)
========================================================================
mlx5_0                   0.0         0.0             0.0             0.0
mlx5_1                  18.6         0.0           374.7           549.6
mlx5_2                   0.0         0.0             0.0             0.0
mlx5_3                   0.0         0.0             0.0             0.0
mlx5_4                   0.0         0.0             0.0             0.0
mlx5_5                  18.7         0.0           377.4           566.4
mlx5_6                   0.0         0.0             0.0             0.0
mlx5_7                   0.0         0.0             0.0             0.0
mlx5_8                   0.0         0.0             0.0             0.0
mlx5_9                   0.0         0.0             0.0             0.0
------------------------------------------------------------------------
TOTAL                   37.2         0.0           752.1          1116.1

Last Update: 2025-11-22 14:36:38
Device               TX Gbps     RX Gbps    TX Total(GB)    RX Total(GB)
========================================================================
mlx5_0                   0.0         0.0             0.0             0.0
mlx5_1                   0.0         0.0           374.7           549.6
mlx5_2                   0.0         0.0             0.0             0.0
mlx5_3                   0.0         0.0             0.0             0.0
mlx5_4                   0.0         0.0             0.0             0.0
mlx5_5                   0.0         0.0           377.4           566.4
mlx5_6                   0.0         0.0             0.0             0.0
mlx5_7                   0.0         0.0             0.0             0.0
mlx5_8                   0.0         0.0             0.0             0.0
mlx5_9                   0.0         0.0             0.0             0.0
------------------------------------------------------------------------
TOTAL                    0.0         0.0           752.1          1116.1

Last Update: 2025-11-22 14:36:39
Device               TX Gbps     RX Gbps    TX Total(GB)    RX Total(GB)
========================================================================
mlx5_0                   0.0         0.0             0.0             0.0
mlx5_1                   0.0         0.0           374.7           549.6
mlx5_2                   0.0         0.0             0.0             0.0
mlx5_3                   0.0         0.0             0.0             0.0
mlx5_4                   0.0         0.0             0.0             0.0
mlx5_5                   0.0         0.0           377.4           566.4
mlx5_6                   0.0         0.0             0.0             0.0
mlx5_7                   0.0         0.0             0.0             0.0
mlx5_8                   0.0         0.0             0.0             0.0
mlx5_9                   0.0         0.0             0.0             0.0
------------------------------------------------------------------------
TOTAL                    0.0         0.0           752.1          1116.1

Last Update: 2025-11-22 14:36:40
Device               TX Gbps     RX Gbps    TX Total(GB)    RX Total(GB)
========================================================================
mlx5_0                   0.0         0.0             0.0             0.0
mlx5_1                   0.0         0.0           374.7           549.6
mlx5_2                   0.0         0.0             0.0             0.0
mlx5_3                   0.0         0.0             0.0             0.0
mlx5_4                   0.0         0.0             0.0             0.0
mlx5_5                   0.0         0.0           377.4           566.4
mlx5_6                   0.0         0.0             0.0             0.0
mlx5_7                   0.0         0.0             0.0             0.0
mlx5_8                   0.0         0.0             0.0             0.0
mlx5_9                   0.0         0.0             0.0             0.0
------------------------------------------------------------------------
TOTAL                    0.0         0.0           752.1          1116.1

Last Update: 2025-11-22 14:36:41
Device               TX Gbps     RX Gbps    TX Total(GB)    RX Total(GB)
========================================================================
mlx5_0                   0.0         0.0             0.0             0.0
mlx5_1                  18.4        11.7           377.0           551.1
mlx5_2                   0.0         0.0             0.0             0.0
mlx5_3                   0.0         0.0             0.0             0.0
mlx5_4                   0.0         0.0             0.0             0.0
mlx5_5                  18.9        12.2           379.8           568.0
mlx5_6                   0.0         0.0             0.0             0.0
mlx5_7                   0.0         0.0             0.0             0.0
mlx5_8                   0.0         0.0             0.0             0.0
mlx5_9                   0.0         0.0             0.0             0.0
------------------------------------------------------------------------
TOTAL                   37.3        23.9           756.8          1119.1

Last Update: 2025-11-22 14:36:42
Device               TX Gbps     RX Gbps    TX Total(GB)    RX Total(GB)
========================================================================
mlx5_0                   0.0         0.0             0.0             0.0
mlx5_1                   0.6        99.8           377.1           563.6
mlx5_2                   0.0         0.0             0.0             0.0
mlx5_3                   0.0         0.0             0.0             0.0
mlx5_4                   0.0         0.0             0.0             0.0
mlx5_5                   0.6       102.8           379.9           580.9
mlx5_6                   0.0         0.0             0.0             0.0
mlx5_7                   0.0         0.0             0.0             0.0
mlx5_8                   0.0         0.0             0.0             0.0
mlx5_9                   0.0         0.0             0.0             0.0
------------------------------------------------------------------------
TOTAL                    1.2       202.6           757.0          1144.5

Last Update: 2025-11-22 14:36:43
Device               TX Gbps     RX Gbps    TX Total(GB)    RX Total(GB)
========================================================================
mlx5_0                   0.0         0.0             0.0             0.0
mlx5_1                   0.0         0.0           377.1           563.6
mlx5_2                   0.0         0.0             0.0             0.0
mlx5_3                   0.0         0.0             0.0             0.0
mlx5_4                   0.0         0.0             0.0             0.0
mlx5_5                   0.0         0.0           379.9           580.9
mlx5_6                   0.0         0.0             0.0             0.0
mlx5_7                   0.0         0.0             0.0             0.0
mlx5_8                   0.0         0.0             0.0             0.0
mlx5_9                   0.0         0.0             0.0             0.0
------------------------------------------------------------------------
TOTAL                    0.0         0.0           757.0          1144.5

Last Update: 2025-11-22 14:36:44
Device               TX Gbps     RX Gbps    TX Total(GB)    RX Total(GB)
========================================================================
mlx5_0                   0.0         0.0             0.0             0.0
mlx5_1                   0.0         0.0           377.1           563.6
mlx5_2                   0.0         0.0             0.0             0.0
mlx5_3                   0.0         0.0             0.0             0.0
mlx5_4                   0.0         0.0             0.0             0.0
mlx5_5                   0.0         0.0           379.9           580.9
mlx5_6                   0.0         0.0             0.0             0.0
mlx5_7                   0.0         0.0             0.0             0.0
mlx5_8                   0.0         0.0             0.0             0.0
mlx5_9                   0.0         0.0             0.0             0.0
------------------------------------------------------------------------
TOTAL                    0.0         0.0           757.0          1144.5

Last Update: 2025-11-22 14:36:45
Device               TX Gbps     RX Gbps    TX Total(GB)    RX Total(GB)
========================================================================
mlx5_0                   0.0         0.0             0.0             0.0
mlx5_1                   0.0         0.0           377.1           563.6
mlx5_2                   0.0         0.0             0.0             0.0
mlx5_3                   0.0         0.0             0.0             0.0
mlx5_4                   0.0         0.0             0.0             0.0
mlx5_5                   0.0         0.0           379.9           580.9
mlx5_6                   0.0         0.0             0.0             0.0
mlx5_7                   0.0         0.0             0.0             0.0
mlx5_8                   0.0         0.0             0.0             0.0
mlx5_9                   0.0         0.0             0.0             0.0
------------------------------------------------------------------------
TOTAL                    0.0         0.0           757.0          1144.5

Last Update: 2025-11-22 14:36:46
Device               TX Gbps     RX Gbps    TX Total(GB)    RX Total(GB)
========================================================================
mlx5_0                   0.0         0.0             0.0             0.0
mlx5_1                  18.8         0.0           379.5           563.6
mlx5_2                   0.0         0.0             0.0             0.0
mlx5_3                   0.0         0.0             0.0             0.0
mlx5_4                   0.0         0.0             0.0             0.0
mlx5_5                  19.1         0.0           382.3           580.9
mlx5_6                   0.0         0.0             0.0             0.0
mlx5_7                   0.0         0.0             0.0             0.0
mlx5_8                   0.0         0.0             0.0             0.0
mlx5_9                   0.0         0.0             0.0             0.0
------------------------------------------------------------------------
TOTAL                   38.0         0.0           761.7          1144.5

Last Update: 2025-11-22 14:36:47
Device               TX Gbps     RX Gbps    TX Total(GB)    RX Total(GB)
========================================================================
mlx5_0                   0.0         0.0             0.0             0.0
mlx5_1                   0.0         0.0           379.5           563.6
mlx5_2                   0.0         0.0             0.0             0.0
mlx5_3                   0.0         0.0             0.0             0.0
mlx5_4                   0.0         0.0             0.0             0.0
mlx5_5                   0.0         0.0           382.3           580.9
mlx5_6                   0.0         0.0             0.0             0.0
mlx5_7                   0.0         0.0             0.0             0.0
mlx5_8                   0.0         0.0             0.0             0.0
mlx5_9                   0.0         0.0             0.0             0.0
------------------------------------------------------------------------
TOTAL                    0.0         0.0           761.7          1144.5

Last Update: 2025-11-22 14:36:48
Device               TX Gbps     RX Gbps    TX Total(GB)    RX Total(GB)
========================================================================
mlx5_0                   0.0         0.0             0.0             0.0
mlx5_1                   0.0         0.0           379.5           563.6
mlx5_2                   0.0         0.0             0.0             0.0
mlx5_3                   0.0         0.0             0.0             0.0
mlx5_4                   0.0         0.0             0.0             0.0
mlx5_5                   0.0         0.0           382.3           580.9
mlx5_6                   0.0         0.0             0.0             0.0
mlx5_7                   0.0         0.0             0.0             0.0
mlx5_8                   0.0         0.0             0.0             0.0
mlx5_9                   0.0         0.0             0.0             0.0
------------------------------------------------------------------------
TOTAL                    0.0         0.0           761.7          1144.5

Last Update: 2025-11-22 14:36:49
Device               TX Gbps     RX Gbps    TX Total(GB)    RX Total(GB)
========================================================================
mlx5_0                   0.0         0.0             0.0             0.0
mlx5_1                  14.9         0.0           381.3           563.6
mlx5_2                   0.0         0.0             0.0             0.0
mlx5_3                   0.0         0.0             0.0             0.0
mlx5_4                   0.0         0.0             0.0             0.0
mlx5_5                  15.4         0.0           384.2           580.9
mlx5_6                   0.0         0.0             0.0             0.0
mlx5_7                   0.0         0.0             0.0             0.0
mlx5_8                   0.0         0.0             0.0             0.0
mlx5_9                   0.0         0.0             0.0             0.0
------------------------------------------------------------------------
TOTAL                   30.3         0.0           765.6          1144.6

Last Update: 2025-11-22 14:36:50
Device               TX Gbps     RX Gbps    TX Total(GB)    RX Total(GB)
========================================================================
mlx5_0                   0.0         0.0             0.0             0.0
mlx5_1                   3.6         0.0           381.8           563.6
mlx5_2                   0.0         0.0             0.0             0.0
mlx5_3                   0.0         0.0             0.0             0.0
mlx5_4                   0.0         0.0             0.0             0.0
mlx5_5                   3.3         0.0           384.6           580.9
mlx5_6                   0.0         0.0             0.0             0.0
mlx5_7                   0.0         0.0             0.0             0.0
mlx5_8                   0.0         0.0             0.0             0.0
mlx5_9                   0.0         0.0             0.0             0.0
------------------------------------------------------------------------
TOTAL                    7.0         0.0           766.4          1144.6

Last Update: 2025-11-22 14:36:51
Device               TX Gbps     RX Gbps    TX Total(GB)    RX Total(GB)
========================================================================
mlx5_0                   0.0         0.0             0.0             0.0
mlx5_1                   0.0         0.0           381.8           563.6
mlx5_2                   0.0         0.0             0.0             0.0
mlx5_3                   0.0         0.0             0.0             0.0
mlx5_4                   0.0         0.0             0.0             0.0
mlx5_5                   0.0         0.0           384.6           580.9
mlx5_6                   0.0         0.0             0.0             0.0
mlx5_7                   0.0         0.0             0.0             0.0
mlx5_8                   0.0         0.0             0.0             0.0
mlx5_9                   0.0         0.0             0.0             0.0
------------------------------------------------------------------------
TOTAL                    0.0         0.0           766.4          1144.6

Last Update: 2025-11-22 14:36:52
Device               TX Gbps     RX Gbps    TX Total(GB)    RX Total(GB)
========================================================================
mlx5_0                   0.0         0.0             0.0             0.0
mlx5_1                   0.0         0.0           381.8           563.6
mlx5_2                   0.0         0.0             0.0             0.0
mlx5_3                   0.0         0.0             0.0             0.0
mlx5_4                   0.0         0.0             0.0             0.0
mlx5_5                   0.0         0.0           384.6           580.9
mlx5_6                   0.0         0.0             0.0             0.0
mlx5_7                   0.0         0.0             0.0             0.0
mlx5_8                   0.0         0.0             0.0             0.0
mlx5_9                   0.0         0.0             0.0             0.0
------------------------------------------------------------------------
TOTAL                    0.0         0.0           766.4          1144.6

Last Update: 2025-11-22 14:36:53
Device               TX Gbps     RX Gbps    TX Total(GB)    RX Total(GB)
========================================================================
mlx5_0                   0.0         0.0             0.0             0.0
mlx5_1                  18.5         0.0           384.1           563.6
mlx5_2                   0.0         0.0             0.0             0.0
mlx5_3                   0.0         0.0             0.0             0.0
mlx5_4                   0.0         0.0             0.0             0.0
mlx5_5                  18.7         0.0           387.0           580.9
mlx5_6                   0.0         0.0             0.0             0.0
mlx5_7                   0.0         0.0             0.0             0.0
mlx5_8                   0.0         0.0             0.0             0.0
mlx5_9                   0.0         0.0             0.0             0.0
------------------------------------------------------------------------
TOTAL                   37.2         0.0           771.1          1144.6

Last Update: 2025-11-22 14:36:54
Device               TX Gbps     RX Gbps    TX Total(GB)    RX Total(GB)
========================================================================
mlx5_0                   0.0         0.0             0.0             0.0
mlx5_1                   0.0         0.0           384.1           563.6
mlx5_2                   0.0         0.0             0.0             0.0
mlx5_3                   0.0         0.0             0.0             0.0
mlx5_4                   0.0         0.0             0.0             0.0
mlx5_5                   0.0         0.0           387.0           580.9
mlx5_6                   0.0         0.0             0.0             0.0
mlx5_7                   0.0         0.0             0.0             0.0
mlx5_8                   0.0         0.0             0.0             0.0
mlx5_9                   0.0         0.0             0.0             0.0
------------------------------------------------------------------------
TOTAL                    0.0         0.0           771.1          1144.6

Last Update: 2025-11-22 14:36:55
Device               TX Gbps     RX Gbps    TX Total(GB)    RX Total(GB)
========================================================================
mlx5_0                   0.0         0.0             0.0             0.0
mlx5_1                   0.0         0.0           384.1           563.6
mlx5_2                   0.0         0.0             0.0             0.0
mlx5_3                   0.0         0.0             0.0             0.0
mlx5_4                   0.0         0.0             0.0             0.0
mlx5_5                   0.0         0.0           387.0           580.9
mlx5_6                   0.0         0.0             0.0             0.0
mlx5_7                   0.0         0.0             0.0             0.0
mlx5_8                   0.0         0.0             0.0             0.0
mlx5_9                   0.0         0.0             0.0             0.0
------------------------------------------------------------------------
TOTAL                    0.0         0.0           771.1          1144.6

Last Update: 2025-11-22 14:36:56
Device               TX Gbps     RX Gbps    TX Total(GB)    RX Total(GB)
========================================================================
mlx5_0                   0.0         0.0             0.0             0.0
mlx5_1                   0.0         0.0           384.1           563.6
mlx5_2                   0.0         0.0             0.0             0.0
mlx5_3                   0.0         0.0             0.0             0.0
mlx5_4                   0.0         0.0             0.0             0.0
mlx5_5                   0.0         0.0           387.0           580.9
mlx5_6                   0.0         0.0             0.0             0.0
mlx5_7                   0.0         0.0             0.0             0.0
mlx5_8                   0.0         0.0             0.0             0.0
mlx5_9                   0.0         0.0             0.0             0.0
------------------------------------------------------------------------
TOTAL                    0.0         0.0           771.1          1144.6

Last Update: 2025-11-22 14:36:57
Device               TX Gbps     RX Gbps    TX Total(GB)    RX Total(GB)
========================================================================
mlx5_0                   0.0         0.0             0.0             0.0
mlx5_1                  18.3         0.0           386.4           563.6
mlx5_2                   0.0         0.0             0.0             0.0
mlx5_3                   0.0         0.0             0.0             0.0
mlx5_4                   0.0         0.0             0.0             0.0
mlx5_5                  18.9         0.0           389.4           580.9
mlx5_6                   0.0         0.0             0.0             0.0
mlx5_7                   0.0         0.0             0.0             0.0
mlx5_8                   0.0         0.0             0.0             0.0
mlx5_9                   0.0         0.0             0.0             0.0
------------------------------------------------------------------------
TOTAL                   37.2         0.0           775.8          1144.6

Last Update: 2025-11-22 14:36:58
Device               TX Gbps     RX Gbps    TX Total(GB)    RX Total(GB)
========================================================================
mlx5_0                   0.0         0.0             0.0             0.0
mlx5_1                   0.0         0.0           386.4           563.6
mlx5_2                   0.0         0.0             0.0             0.0
mlx5_3                   0.0         0.0             0.0             0.0
mlx5_4                   0.0         0.0             0.0             0.0
mlx5_5                   0.0         0.0           389.4           580.9
mlx5_6                   0.0         0.0             0.0             0.0
mlx5_7                   0.0         0.0             0.0             0.0
mlx5_8                   0.0         0.0             0.0             0.0
mlx5_9                   0.0         0.0             0.0             0.0
------------------------------------------------------------------------
TOTAL                    0.0         0.0           775.8          1144.6

Last Update: 2025-11-22 14:36:59
Device               TX Gbps     RX Gbps    TX Total(GB)    RX Total(GB)
========================================================================
mlx5_0                   0.0         0.0             0.0             0.0
mlx5_1                   0.0         0.0           386.4           563.6
mlx5_2                   0.0         0.0             0.0             0.0
mlx5_3                   0.0         0.0             0.0             0.0
mlx5_4                   0.0         0.0             0.0             0.0
mlx5_5                   0.0         0.0           389.4           580.9
mlx5_6                   0.0         0.0             0.0             0.0
mlx5_7                   0.0         0.0             0.0             0.0
mlx5_8                   0.0         0.0             0.0             0.0
mlx5_9                   0.0         0.0             0.0             0.0
------------------------------------------------------------------------
TOTAL                    0.0         0.0           775.8          1144.6

Last Update: 2025-11-22 14:37:00
Device               TX Gbps     RX Gbps    TX Total(GB)    RX Total(GB)
========================================================================
mlx5_0                   0.0         0.0             0.0             0.0
mlx5_1                   0.0         0.0           386.4           563.6
mlx5_2                   0.0         0.0             0.0             0.0
mlx5_3                   0.0         0.0             0.0             0.0
mlx5_4                   0.0         0.0             0.0             0.0
mlx5_5                   0.0         0.0           389.4           580.9
mlx5_6                   0.0         0.0             0.0             0.0
mlx5_7                   0.0         0.0             0.0             0.0
mlx5_8                   0.0         0.0             0.0             0.0
mlx5_9                   0.0         0.0             0.0             0.0
------------------------------------------------------------------------
TOTAL                    0.0         0.0           775.8          1144.6

Last Update: 2025-11-22 14:37:01
Device               TX Gbps     RX Gbps    TX Total(GB)    RX Total(GB)
========================================================================
mlx5_0                   0.0         0.0             0.0             0.0
mlx5_1                  18.5         0.0           388.7           563.7
mlx5_2                   0.0         0.0             0.0             0.0
mlx5_3                   0.0         0.0             0.0             0.0
mlx5_4                   0.0         0.0             0.0             0.0
mlx5_5                  18.7         0.0           391.7           580.9
mlx5_6                   0.0         0.0             0.0             0.0
mlx5_7                   0.0         0.0             0.0             0.0
mlx5_8                   0.0         0.0             0.0             0.0
mlx5_9                   0.0         0.0             0.0             0.0
------------------------------------------------------------------------
TOTAL                   37.2         0.0           780.5          1144.6

Last Update: 2025-11-22 14:37:02
Device               TX Gbps     RX Gbps    TX Total(GB)    RX Total(GB)
========================================================================
mlx5_0                   0.0         0.0             0.0             0.0
mlx5_1                   0.0         0.0           388.7           563.7
mlx5_2                   0.0         0.0             0.0             0.0
mlx5_3                   0.0         0.0             0.0             0.0
mlx5_4                   0.0         0.0             0.0             0.0
mlx5_5                   0.0         0.0           391.7           580.9
mlx5_6                   0.0         0.0             0.0             0.0
mlx5_7                   0.0         0.0             0.0             0.0
mlx5_8                   0.0         0.0             0.0             0.0
mlx5_9                   0.0         0.0             0.0             0.0
------------------------------------------------------------------------
TOTAL                    0.0         0.0           780.5          1144.6

Last Update: 2025-11-22 14:37:03
Device               TX Gbps     RX Gbps    TX Total(GB)    RX Total(GB)
========================================================================
mlx5_0                   0.0         0.0             0.0             0.0
mlx5_1                   0.0         0.0           388.7           563.7
mlx5_2                   0.0         0.0             0.0             0.0
mlx5_3                   0.0         0.0             0.0             0.0
mlx5_4                   0.0         0.0             0.0             0.0
mlx5_5                   0.0         0.0           391.7           580.9
mlx5_6                   0.0         0.0             0.0             0.0
mlx5_7                   0.0         0.0             0.0             0.0
mlx5_8                   0.0         0.0             0.0             0.0
mlx5_9                   0.0         0.0             0.0             0.0
------------------------------------------------------------------------
TOTAL                    0.0         0.0           780.5          1144.6

Last Update: 2025-11-22 14:37:04
Device               TX Gbps     RX Gbps    TX Total(GB)    RX Total(GB)
========================================================================
mlx5_0                   0.0         0.0             0.0             0.0
mlx5_1                   0.0         0.0           388.7           563.7
mlx5_2                   0.0         0.0             0.0             0.0
mlx5_3                   0.0         0.0             0.0             0.0
mlx5_4                   0.0         0.0             0.0             0.0
mlx5_5                   0.0         0.0           391.7           580.9
mlx5_6                   0.0         0.0             0.0             0.0
mlx5_7                   0.0         0.0             0.0             0.0
mlx5_8                   0.0         0.0             0.0             0.0
mlx5_9                   0.0         0.0             0.0             0.0
------------------------------------------------------------------------
TOTAL                    0.0         0.0           780.5          1144.6

Last Update: 2025-11-22 14:37:05
Device               TX Gbps     RX Gbps    TX Total(GB)    RX Total(GB)
========================================================================
mlx5_0                   0.0         0.0             0.0             0.0
mlx5_1                  18.8        61.2           391.1           571.3
mlx5_2                   0.0         0.0             0.0             0.0
mlx5_3                   0.0         0.0             0.0             0.0
mlx5_4                   0.0         0.0             0.0             0.0
mlx5_5                  19.2        64.1           394.1           589.0
mlx5_6                   0.0         0.0             0.0             0.0
mlx5_7                   0.0         0.0             0.0             0.0
mlx5_8                   0.0         0.0             0.0             0.0
mlx5_9                   0.0         0.0             0.0             0.0
------------------------------------------------------------------------
TOTAL                   38.0       125.2           785.2          1160.3

Last Update: 2025-11-22 14:37:06
Device               TX Gbps     RX Gbps    TX Total(GB)    RX Total(GB)
========================================================================
mlx5_0                   0.0         0.0             0.0             0.0
mlx5_1                   0.3        50.1           391.1           577.6
mlx5_2                   0.0         0.0             0.0             0.0
mlx5_3                   0.0         0.0             0.0             0.0
mlx5_4                   0.0         0.0             0.0             0.0
mlx5_5                   0.4        51.2           394.2           595.4
mlx5_6                   0.0         0.0             0.0             0.0
mlx5_7                   0.0         0.0             0.0             0.0
mlx5_8                   0.0         0.0             0.0             0.0
mlx5_9                   0.0         0.0             0.0             0.0
------------------------------------------------------------------------
TOTAL                    0.7       101.3           785.3          1173.0

Last Update: 2025-11-22 14:37:07
Device               TX Gbps     RX Gbps    TX Total(GB)    RX Total(GB)
========================================================================
mlx5_0                   0.0         0.0             0.0             0.0
mlx5_1                   0.0         0.0           391.1           577.6
mlx5_2                   0.0         0.0             0.0             0.0
mlx5_3                   0.0         0.0             0.0             0.0
mlx5_4                   0.0         0.0             0.0             0.0
mlx5_5                   0.0         0.0           394.2           595.4
mlx5_6                   0.0         0.0             0.0             0.0
mlx5_7                   0.0         0.0             0.0             0.0
mlx5_8                   0.0         0.0             0.0             0.0
mlx5_9                   0.0         0.0             0.0             0.0
------------------------------------------------------------------------
TOTAL                    0.0         0.0           785.3          1173.0

Last Update: 2025-11-22 14:37:08
Device               TX Gbps     RX Gbps    TX Total(GB)    RX Total(GB)
========================================================================
mlx5_0                   0.0         0.0             0.0             0.0
mlx5_1                   0.0         0.0           391.1           577.6
mlx5_2                   0.0         0.0             0.0             0.0
mlx5_3                   0.0         0.0             0.0             0.0
mlx5_4                   0.0         0.0             0.0             0.0
mlx5_5                   0.0         0.0           394.2           595.4
mlx5_6                   0.0         0.0             0.0             0.0
mlx5_7                   0.0         0.0             0.0             0.0
mlx5_8                   0.0         0.0             0.0             0.0
mlx5_9                   0.0         0.0             0.0             0.0
------------------------------------------------------------------------
TOTAL                    0.0         0.0           785.3          1173.0

Last Update: 2025-11-22 14:37:09
Device               TX Gbps     RX Gbps    TX Total(GB)    RX Total(GB)
========================================================================
mlx5_0                   0.0         0.0             0.0             0.0
mlx5_1                   0.0         0.0           391.1           577.6
mlx5_2                   0.0         0.0             0.0             0.0
mlx5_3                   0.0         0.0             0.0             0.0
mlx5_4                   0.0         0.0             0.0             0.0
mlx5_5                   0.0         0.0           394.2           595.4
mlx5_6                   0.0         0.0             0.0             0.0
mlx5_7                   0.0         0.0             0.0             0.0
mlx5_8                   0.0         0.0             0.0             0.0
mlx5_9                   0.0         0.0             0.0             0.0
------------------------------------------------------------------------
TOTAL                    0.0         0.0           785.3          1173.0

Last Update: 2025-11-22 14:37:10
Device               TX Gbps     RX Gbps    TX Total(GB)    RX Total(GB)
========================================================================
mlx5_0                   0.0         0.0             0.0             0.0
mlx5_1                  13.8         0.0           392.9           577.6
mlx5_2                   0.0         0.0             0.0             0.0
mlx5_3                   0.0         0.0             0.0             0.0
mlx5_4                   0.0         0.0             0.0             0.0
mlx5_5                  14.5         0.0           396.0           595.4
mlx5_6                   0.0         0.0             0.0             0.0
mlx5_7                   0.0         0.0             0.0             0.0
mlx5_8                   0.0         0.0             0.0             0.0
mlx5_9                   0.0         0.0             0.0             0.0
------------------------------------------------------------------------
TOTAL                   28.3         0.0           788.9          1173.0

Last Update: 2025-11-22 14:37:11
Device               TX Gbps     RX Gbps    TX Total(GB)    RX Total(GB)
========================================================================
mlx5_0                   0.0         0.0             0.0             0.0
mlx5_1                   5.0         0.0           393.5           577.6
mlx5_2                   0.0         0.0             0.0             0.0
mlx5_3                   0.0         0.0             0.0             0.0
mlx5_4                   0.0         0.0             0.0             0.0
mlx5_5                   4.6         0.0           396.6           595.4
mlx5_6                   0.0         0.0             0.0             0.0
mlx5_7                   0.0         0.0             0.0             0.0
mlx5_8                   0.0         0.0             0.0             0.0
mlx5_9                   0.0         0.0             0.0             0.0
------------------------------------------------------------------------
TOTAL                    9.6         0.0           790.1          1173.0

Last Update: 2025-11-22 14:37:12
Device               TX Gbps     RX Gbps    TX Total(GB)    RX Total(GB)
========================================================================
mlx5_0                   0.0         0.0             0.0             0.0
mlx5_1                   0.0         0.0           393.5           577.6
mlx5_2                   0.0         0.0             0.0             0.0
mlx5_3                   0.0         0.0             0.0             0.0
mlx5_4                   0.0         0.0             0.0             0.0
mlx5_5                   0.0         0.0           396.6           595.4
mlx5_6                   0.0         0.0             0.0             0.0
mlx5_7                   0.0         0.0             0.0             0.0
mlx5_8                   0.0         0.0             0.0             0.0
mlx5_9                   0.0         0.0             0.0             0.0
------------------------------------------------------------------------
TOTAL                    0.0         0.0           790.1          1173.0

Last Update: 2025-11-22 14:37:13
Device               TX Gbps     RX Gbps    TX Total(GB)    RX Total(GB)
========================================================================
mlx5_0                   0.0         0.0             0.0             0.0
mlx5_1                   0.8         0.0           393.6           577.6
mlx5_2                   0.0         0.0             0.0             0.0
mlx5_3                   0.0         0.0             0.0             0.0
mlx5_4                   0.0         0.0             0.0             0.0
mlx5_5                   1.0         0.0           396.7           595.4
mlx5_6                   0.0         0.0             0.0             0.0
mlx5_7                   0.0         0.0             0.0             0.0
mlx5_8                   0.0         0.0             0.0             0.0
mlx5_9                   0.0         0.0             0.0             0.0
------------------------------------------------------------------------
TOTAL                    1.8         0.0           790.3          1173.0

Last Update: 2025-11-22 14:37:14
Device               TX Gbps     RX Gbps    TX Total(GB)    RX Total(GB)
========================================================================
mlx5_0                   0.0         0.0             0.0             0.0
mlx5_1                  17.9         0.0           395.8           577.6
mlx5_2                   0.0         0.0             0.0             0.0
mlx5_3                   0.0         0.0             0.0             0.0
mlx5_4                   0.0         0.0             0.0             0.0
mlx5_5                  17.6         0.0           398.9           595.4
mlx5_6                   0.0         0.0             0.0             0.0
mlx5_7                   0.0         0.0             0.0             0.0
mlx5_8                   0.0         0.0             0.0             0.0
mlx5_9                   0.0         0.0             0.0             0.0
------------------------------------------------------------------------
TOTAL                   35.4         0.0           794.8          1173.0

Last Update: 2025-11-22 14:37:15
Device               TX Gbps     RX Gbps    TX Total(GB)    RX Total(GB)
========================================================================
mlx5_0                   0.0         0.0             0.0             0.0
mlx5_1                   0.0         0.0           395.8           577.6
mlx5_2                   0.0         0.0             0.0             0.0
mlx5_3                   0.0         0.0             0.0             0.0
mlx5_4                   0.0         0.0             0.0             0.0
mlx5_5                   0.0         0.0           398.9           595.4
mlx5_6                   0.0         0.0             0.0             0.0
mlx5_7                   0.0         0.0             0.0             0.0
mlx5_8                   0.0         0.0             0.0             0.0
mlx5_9                   0.0         0.0             0.0             0.0
------------------------------------------------------------------------
TOTAL                    0.0         0.0           794.8          1173.0

Last Update: 2025-11-22 14:37:16
Device               TX Gbps     RX Gbps    TX Total(GB)    RX Total(GB)
========================================================================
mlx5_0                   0.0         0.0             0.0             0.0
mlx5_1                   0.0         0.0           395.8           577.6
mlx5_2                   0.0         0.0             0.0             0.0
mlx5_3                   0.0         0.0             0.0             0.0
mlx5_4                   0.0         0.0             0.0             0.0
mlx5_5                   0.0         0.0           398.9           595.4
mlx5_6                   0.0         0.0             0.0             0.0
mlx5_7                   0.0         0.0             0.0             0.0
mlx5_8                   0.0         0.0             0.0             0.0
mlx5_9                   0.0         0.0             0.0             0.0
------------------------------------------------------------------------
TOTAL                    0.0         0.0           794.8          1173.0

Last Update: 2025-11-22 14:37:17
Device               TX Gbps     RX Gbps    TX Total(GB)    RX Total(GB)
========================================================================
mlx5_0                   0.0         0.0             0.0             0.0
mlx5_1                  18.5         0.0           398.2           577.6
mlx5_2                   0.0         0.0             0.0             0.0
mlx5_3                   0.0         0.0             0.0             0.0
mlx5_4                   0.0         0.0             0.0             0.0
mlx5_5                  18.7         0.0           401.3           595.4
mlx5_6                   0.0         0.0             0.0             0.0
mlx5_7                   0.0         0.0             0.0             0.0
mlx5_8                   0.0         0.0             0.0             0.0
mlx5_9                   0.0         0.0             0.0             0.0
------------------------------------------------------------------------
TOTAL                   37.2         0.0           799.4          1173.1

Last Update: 2025-11-22 14:37:18
Device               TX Gbps     RX Gbps    TX Total(GB)    RX Total(GB)
========================================================================
mlx5_0                   0.0         0.0             0.0             0.0
mlx5_1                   0.0         0.0           398.2           577.6
mlx5_2                   0.0         0.0             0.0             0.0
mlx5_3                   0.0         0.0             0.0             0.0
mlx5_4                   0.0         0.0             0.0             0.0
mlx5_5                   0.0         0.0           401.3           595.4
mlx5_6                   0.0         0.0             0.0             0.0
mlx5_7                   0.0         0.0             0.0             0.0
mlx5_8                   0.0         0.0             0.0             0.0
mlx5_9                   0.0         0.0             0.0             0.0
------------------------------------------------------------------------
TOTAL                    0.0         0.0           799.4          1173.1

Last Update: 2025-11-22 14:37:19
Device               TX Gbps     RX Gbps    TX Total(GB)    RX Total(GB)
========================================================================
mlx5_0                   0.0         0.0             0.0             0.0
mlx5_1                   0.0         0.0           398.2           577.6
mlx5_2                   0.0         0.0             0.0             0.0
mlx5_3                   0.0         0.0             0.0             0.0
mlx5_4                   0.0         0.0             0.0             0.0
mlx5_5                   0.0         0.0           401.3           595.4
mlx5_6                   0.0         0.0             0.0             0.0
mlx5_7                   0.0         0.0             0.0             0.0
mlx5_8                   0.0         0.0             0.0             0.0
mlx5_9                   0.0         0.0             0.0             0.0
------------------------------------------------------------------------
TOTAL                    0.0         0.0           799.4          1173.1

Last Update: 2025-11-22 14:37:20
Device               TX Gbps     RX Gbps    TX Total(GB)    RX Total(GB)
========================================================================
mlx5_0                   0.0         0.0             0.0             0.0
mlx5_1                   0.0         0.0           398.2           577.6
mlx5_2                   0.0         0.0             0.0             0.0
mlx5_3                   0.0         0.0             0.0             0.0
mlx5_4                   0.0         0.0             0.0             0.0
mlx5_5                   0.0         0.0           401.3           595.4
mlx5_6                   0.0         0.0             0.0             0.0
mlx5_7                   0.0         0.0             0.0             0.0
mlx5_8                   0.0         0.0             0.0             0.0
mlx5_9                   0.0         0.0             0.0             0.0
------------------------------------------------------------------------
TOTAL                    0.0         0.0           799.4          1173.1

Last Update: 2025-11-22 14:37:21
Device               TX Gbps     RX Gbps    TX Total(GB)    RX Total(GB)
========================================================================
mlx5_0                   0.0         0.0             0.0             0.0
mlx5_1                  18.3         0.0           400.5           577.6
mlx5_2                   0.0         0.0             0.0             0.0
mlx5_3                   0.0         0.0             0.0             0.0
mlx5_4                   0.0         0.0             0.0             0.0
mlx5_5                  18.9         0.0           403.6           595.4
mlx5_6                   0.0         0.0             0.0             0.0
mlx5_7                   0.0         0.0             0.0             0.0
mlx5_8                   0.0         0.0             0.0             0.0
mlx5_9                   0.0         0.0             0.0             0.0
------------------------------------------------------------------------
TOTAL                   37.2         0.0           804.1          1173.1

Last Update: 2025-11-22 14:37:22
Device               TX Gbps     RX Gbps    TX Total(GB)    RX Total(GB)
========================================================================
mlx5_0                   0.0         0.0             0.0             0.0
mlx5_1                   0.0         0.0           400.5           577.6
mlx5_2                   0.0         0.0             0.0             0.0
mlx5_3                   0.0         0.0             0.0             0.0
mlx5_4                   0.0         0.0             0.0             0.0
mlx5_5                   0.0         0.0           403.6           595.4
mlx5_6                   0.0         0.0             0.0             0.0
mlx5_7                   0.0         0.0             0.0             0.0
mlx5_8                   0.0         0.0             0.0             0.0
mlx5_9                   0.0         0.0             0.0             0.0
------------------------------------------------------------------------
TOTAL                    0.0         0.0           804.1          1173.1

Last Update: 2025-11-22 14:37:23
Device               TX Gbps     RX Gbps    TX Total(GB)    RX Total(GB)
========================================================================
mlx5_0                   0.0         0.0             0.0             0.0
mlx5_1                   0.0         0.0           400.5           577.6
mlx5_2                   0.0         0.0             0.0             0.0
mlx5_3                   0.0         0.0             0.0             0.0
mlx5_4                   0.0         0.0             0.0             0.0
mlx5_5                   0.0         0.0           403.6           595.4
mlx5_6                   0.0         0.0             0.0             0.0
mlx5_7                   0.0         0.0             0.0             0.0
mlx5_8                   0.0         0.0             0.0             0.0
mlx5_9                   0.0         0.0             0.0             0.0
------------------------------------------------------------------------
TOTAL                    0.0         0.0           804.1          1173.1

Last Update: 2025-11-22 14:37:24
Device               TX Gbps     RX Gbps    TX Total(GB)    RX Total(GB)
========================================================================
mlx5_0                   0.0         0.0             0.0             0.0
mlx5_1                   0.0         0.0           400.5           577.6
mlx5_2                   0.0         0.0             0.0             0.0
mlx5_3                   0.0         0.0             0.0             0.0
mlx5_4                   0.0         0.0             0.0             0.0
mlx5_5                   0.0         0.0           403.6           595.4
mlx5_6                   0.0         0.0             0.0             0.0
mlx5_7                   0.0         0.0             0.0             0.0
mlx5_8                   0.0         0.0             0.0             0.0
mlx5_9                   0.0         0.0             0.0             0.0
------------------------------------------------------------------------
TOTAL                    0.0         0.0           804.1          1173.1

Last Update: 2025-11-22 14:37:25
Device               TX Gbps     RX Gbps    TX Total(GB)    RX Total(GB)
========================================================================
mlx5_0                   0.0         0.0             0.0             0.0
mlx5_1                  18.5         0.0           402.8           577.6
mlx5_2                   0.0         0.0             0.0             0.0
mlx5_3                   0.0         0.0             0.0             0.0
mlx5_4                   0.0         0.0             0.0             0.0
mlx5_5                  18.7         0.0           406.0           595.4
mlx5_6                   0.0         0.0             0.0             0.0
mlx5_7                   0.0         0.0             0.0             0.0
mlx5_8                   0.0         0.0             0.0             0.0
mlx5_9                   0.0         0.0             0.0             0.0
------------------------------------------------------------------------
TOTAL                   37.3         0.0           808.8          1173.1

Last Update: 2025-11-22 14:37:26
Device               TX Gbps     RX Gbps    TX Total(GB)    RX Total(GB)
========================================================================
mlx5_0                   0.0         0.0             0.0             0.0
mlx5_1                   0.0         0.0           402.8           577.6
mlx5_2                   0.0         0.0             0.0             0.0
mlx5_3                   0.0         0.0             0.0             0.0
mlx5_4                   0.0         0.0             0.0             0.0
mlx5_5                   0.0         0.0           406.0           595.4
mlx5_6                   0.0         0.0             0.0             0.0
mlx5_7                   0.0         0.0             0.0             0.0
mlx5_8                   0.0         0.0             0.0             0.0
mlx5_9                   0.0         0.0             0.0             0.0
------------------------------------------------------------------------
TOTAL                    0.0         0.0           808.8          1173.1

Last Update: 2025-11-22 14:37:27
Device               TX Gbps     RX Gbps    TX Total(GB)    RX Total(GB)
========================================================================
mlx5_0                   0.0         0.0             0.0             0.0
mlx5_1                   0.0         0.0           402.8           577.6
mlx5_2                   0.0         0.0             0.0             0.0
mlx5_3                   0.0         0.0             0.0             0.0
mlx5_4                   0.0         0.0             0.0             0.0
mlx5_5                   0.0         0.0           406.0           595.4
mlx5_6                   0.0         0.0             0.0             0.0
mlx5_7                   0.0         0.0             0.0             0.0
mlx5_8                   0.0         0.0             0.0             0.0
mlx5_9                   0.0         0.0             0.0             0.0
------------------------------------------------------------------------
TOTAL                    0.0         0.0           808.8          1173.1

Last Update: 2025-11-22 14:37:28
Device               TX Gbps     RX Gbps    TX Total(GB)    RX Total(GB)
========================================================================
mlx5_0                   0.0         0.0             0.0             0.0
mlx5_1                   0.0         0.0           402.8           577.6
mlx5_2                   0.0         0.0             0.0             0.0
mlx5_3                   0.0         0.0             0.0             0.0
mlx5_4                   0.0         0.0             0.0             0.0
mlx5_5                   0.0         0.0           406.0           595.4
mlx5_6                   0.0         0.0             0.0             0.0
mlx5_7                   0.0         0.0             0.0             0.0
mlx5_8                   0.0         0.0             0.0             0.0
mlx5_9                   0.0         0.0             0.0             0.0
------------------------------------------------------------------------
TOTAL                    0.0         0.0           808.8          1173.1

Last Update: 2025-11-22 14:37:29
Device               TX Gbps     RX Gbps    TX Total(GB)    RX Total(GB)
========================================================================
mlx5_0                   0.0         0.0             0.0             0.0
mlx5_1                  18.5         0.0           405.1           577.7
mlx5_2                   0.0         0.0             0.0             0.0
mlx5_3                   0.0         0.0             0.0             0.0
mlx5_4                   0.0         0.0             0.0             0.0
mlx5_5                  18.7         0.0           408.3           595.4
mlx5_6                   0.0         0.0             0.0             0.0
mlx5_7                   0.0         0.0             0.0             0.0
mlx5_8                   0.0         0.0             0.0             0.0
mlx5_9                   0.0         0.0             0.0             0.0
------------------------------------------------------------------------
TOTAL                   37.2         0.0           813.5          1173.1

Last Update: 2025-11-22 14:37:30
Device               TX Gbps     RX Gbps    TX Total(GB)    RX Total(GB)
========================================================================
mlx5_0                   0.0         0.0             0.0             0.0
mlx5_1                   0.0         0.0           405.1           577.7
mlx5_2                   0.0         0.0             0.0             0.0
mlx5_3                   0.0         0.0             0.0             0.0
mlx5_4                   0.0         0.0             0.0             0.0
mlx5_5                   0.0         0.0           408.3           595.4
mlx5_6                   0.0         0.0             0.0             0.0
mlx5_7                   0.0         0.0             0.0             0.0
mlx5_8                   0.0         0.0             0.0             0.0
mlx5_9                   0.0         0.0             0.0             0.0
------------------------------------------------------------------------
TOTAL                    0.0         0.0           813.5          1173.1

Last Update: 2025-11-22 14:37:31
Device               TX Gbps     RX Gbps    TX Total(GB)    RX Total(GB)
========================================================================
mlx5_0                   0.0         0.0             0.0             0.0
mlx5_1                   0.0         0.0           405.1           577.7
mlx5_2                   0.0         0.0             0.0             0.0
mlx5_3                   0.0         0.0             0.0             0.0
mlx5_4                   0.0         0.0             0.0             0.0
mlx5_5                   0.0         0.0           408.3           595.4
mlx5_6                   0.0         0.0             0.0             0.0
mlx5_7                   0.0         0.0             0.0             0.0
mlx5_8                   0.0         0.0             0.0             0.0
mlx5_9                   0.0         0.0             0.0             0.0
------------------------------------------------------------------------
TOTAL                    0.0         0.0           813.5          1173.1

Last Update: 2025-11-22 14:37:32
Device               TX Gbps     RX Gbps    TX Total(GB)    RX Total(GB)
========================================================================
mlx5_0                   0.0         0.0             0.0             0.0
mlx5_1                   0.0         0.0           405.1           577.7
mlx5_2                   0.0         0.0             0.0             0.0
mlx5_3                   0.0         0.0             0.0             0.0
mlx5_4                   0.0         0.0             0.0             0.0
mlx5_5                   0.0         0.0           408.3           595.4
mlx5_6                   0.0         0.0             0.0             0.0
mlx5_7                   0.0         0.0             0.0             0.0
mlx5_8                   0.0         0.0             0.0             0.0
mlx5_9                   0.0         0.0             0.0             0.0
------------------------------------------------------------------------
TOTAL                    0.0         0.0           813.5          1173.1

Last Update: 2025-11-22 14:37:33
Device               TX Gbps     RX Gbps    TX Total(GB)    RX Total(GB)
========================================================================
mlx5_0                   0.0         0.0             0.0             0.0
mlx5_1                   0.0         0.0           405.1           577.7
mlx5_2                   0.0         0.0             0.0             0.0
mlx5_3                   0.0         0.0             0.0             0.0
mlx5_4                   0.0         0.0             0.0             0.0
mlx5_5                   0.0         0.0           408.3           595.4
mlx5_6                   0.0         0.0             0.0             0.0
mlx5_7                   0.0         0.0             0.0             0.0
mlx5_8                   0.0         0.0             0.0             0.0
mlx5_9                   0.0         0.0             0.0             0.0
------------------------------------------------------------------------
TOTAL                    0.0         0.0           813.5          1173.1

Last Update: 2025-11-22 14:37:34
Device               TX Gbps     RX Gbps    TX Total(GB)    RX Total(GB)
========================================================================
mlx5_0                   0.0         0.0             0.0             0.0
mlx5_1                  19.2       111.5           407.5           591.6
mlx5_2                   0.0         0.0             0.0             0.0
mlx5_3                   0.0         0.0             0.0             0.0
mlx5_4                   0.0         0.0             0.0             0.0
mlx5_5                  19.5       115.3           410.8           609.9
mlx5_6                   0.0         0.0             0.0             0.0
mlx5_7                   0.0         0.0             0.0             0.0
mlx5_8                   0.0         0.0             0.0             0.0
mlx5_9                   0.0         0.0             0.0             0.0
------------------------------------------------------------------------
TOTAL                   38.7       226.7           818.3          1201.5

Last Update: 2025-11-22 14:37:35
Device               TX Gbps     RX Gbps    TX Total(GB)    RX Total(GB)
========================================================================
mlx5_0                   0.0         0.0             0.0             0.0
mlx5_1                   0.0         0.0           407.5           591.6
mlx5_2                   0.0         0.0             0.0             0.0
mlx5_3                   0.0         0.0             0.0             0.0
mlx5_4                   0.0         0.0             0.0             0.0
mlx5_5                   0.0         0.0           410.8           609.9
mlx5_6                   0.0         0.0             0.0             0.0
mlx5_7                   0.0         0.0             0.0             0.0
mlx5_8                   0.0         0.0             0.0             0.0
mlx5_9                   0.0         0.0             0.0             0.0
------------------------------------------------------------------------
TOTAL                    0.0         0.0           818.3          1201.5

Last Update: 2025-11-22 14:37:36
Device               TX Gbps     RX Gbps    TX Total(GB)    RX Total(GB)
========================================================================
mlx5_0                   0.0         0.0             0.0             0.0
mlx5_1                   0.0         0.0           407.5           591.6
mlx5_2                   0.0         0.0             0.0             0.0
mlx5_3                   0.0         0.0             0.0             0.0
mlx5_4                   0.0         0.0             0.0             0.0
mlx5_5                   0.0         0.0           410.8           609.9
mlx5_6                   0.0         0.0             0.0             0.0
mlx5_7                   0.0         0.0             0.0             0.0
mlx5_8                   0.0         0.0             0.0             0.0
mlx5_9                   0.0         0.0             0.0             0.0
------------------------------------------------------------------------
TOTAL                    0.0         0.0           818.3          1201.5

Last Update: 2025-11-22 14:37:37
Device               TX Gbps     RX Gbps    TX Total(GB)    RX Total(GB)
========================================================================
mlx5_0                   0.0         0.0             0.0             0.0
mlx5_1                   0.0         0.0           407.5           591.6
mlx5_2                   0.0         0.0             0.0             0.0
mlx5_3                   0.0         0.0             0.0             0.0
mlx5_4                   0.0         0.0             0.0             0.0
mlx5_5                   0.0         0.0           410.8           609.9
mlx5_6                   0.0         0.0             0.0             0.0
mlx5_7                   0.0         0.0             0.0             0.0
mlx5_8                   0.0         0.0             0.0             0.0
mlx5_9                   0.0         0.0             0.0             0.0
------------------------------------------------------------------------
TOTAL                    0.0         0.0           818.3          1201.5

Last Update: 2025-11-22 14:37:38
Device               TX Gbps     RX Gbps    TX Total(GB)    RX Total(GB)
========================================================================
mlx5_0                   0.0         0.0             0.0             0.0
mlx5_1                  17.2         0.0           409.7           591.6
mlx5_2                   0.0         0.0             0.0             0.0
mlx5_3                   0.0         0.0             0.0             0.0
mlx5_4                   0.0         0.0             0.0             0.0
mlx5_5                  17.7         0.0           413.0           609.9
mlx5_6                   0.0         0.0             0.0             0.0
mlx5_7                   0.0         0.0             0.0             0.0
mlx5_8                   0.0         0.0             0.0             0.0
mlx5_9                   0.0         0.0             0.0             0.0
------------------------------------------------------------------------
TOTAL                   34.9         0.0           822.7          1201.5

Last Update: 2025-11-22 14:37:39
Device               TX Gbps     RX Gbps    TX Total(GB)    RX Total(GB)
========================================================================
mlx5_0                   0.0         0.0             0.0             0.0
mlx5_1                   0.0         0.0           409.7           591.6
mlx5_2                   0.0         0.0             0.0             0.0
mlx5_3                   0.0         0.0             0.0             0.0
mlx5_4                   0.0         0.0             0.0             0.0
mlx5_5                   0.0         0.0           413.0           609.9
mlx5_6                   0.0         0.0             0.0             0.0
mlx5_7                   0.0         0.0             0.0             0.0
mlx5_8                   0.0         0.0             0.0             0.0
mlx5_9                   0.0         0.0             0.0             0.0
------------------------------------------------------------------------
TOTAL                    0.0         0.0           822.7          1201.5

Last Update: 2025-11-22 14:37:40
Device               TX Gbps     RX Gbps    TX Total(GB)    RX Total(GB)
========================================================================
mlx5_0                   0.0         0.0             0.0             0.0
mlx5_1                   0.0         0.0           409.7           591.6
mlx5_2                   0.0         0.0             0.0             0.0
mlx5_3                   0.0         0.0             0.0             0.0
mlx5_4                   0.0         0.0             0.0             0.0
mlx5_5                   0.0         0.0           413.0           609.9
mlx5_6                   0.0         0.0             0.0             0.0
mlx5_7                   0.0         0.0             0.0             0.0
mlx5_8                   0.0         0.0             0.0             0.0
mlx5_9                   0.0         0.0             0.0             0.0
------------------------------------------------------------------------
TOTAL                    0.0         0.0           822.7          1201.5

Last Update: 2025-11-22 14:37:41
Device               TX Gbps     RX Gbps    TX Total(GB)    RX Total(GB)
========================================================================
mlx5_0                   0.0         0.0             0.0             0.0
mlx5_1                  18.6         0.0           412.0           591.7
mlx5_2                   0.0         0.0             0.0             0.0
mlx5_3                   0.0         0.0             0.0             0.0
mlx5_4                   0.0         0.0             0.0             0.0
mlx5_5                  18.7         0.0           415.4           609.9
mlx5_6                   0.0         0.0             0.0             0.0
mlx5_7                   0.0         0.0             0.0             0.0
mlx5_8                   0.0         0.0             0.0             0.0
mlx5_9                   0.0         0.0             0.0             0.0
------------------------------------------------------------------------
TOTAL                   37.2         0.0           827.4          1201.5

Last Update: 2025-11-22 14:37:42
Device               TX Gbps     RX Gbps    TX Total(GB)    RX Total(GB)
========================================================================
mlx5_0                   0.0         0.0             0.0             0.0
mlx5_1                   0.0         0.0           412.0           591.7
mlx5_2                   0.0         0.0             0.0             0.0
mlx5_3                   0.0         0.0             0.0             0.0
mlx5_4                   0.0         0.0             0.0             0.0
mlx5_5                   0.0         0.0           415.4           609.9
mlx5_6                   0.0         0.0             0.0             0.0
mlx5_7                   0.0         0.0             0.0             0.0
mlx5_8                   0.0         0.0             0.0             0.0
mlx5_9                   0.0         0.0             0.0             0.0
------------------------------------------------------------------------
TOTAL                    0.0         0.0           827.4          1201.5

Last Update: 2025-11-22 14:37:43
Device               TX Gbps     RX Gbps    TX Total(GB)    RX Total(GB)
========================================================================
mlx5_0                   0.0         0.0             0.0             0.0
mlx5_1                   0.0         0.0           412.0           591.7
mlx5_2                   0.0         0.0             0.0             0.0
mlx5_3                   0.0         0.0             0.0             0.0
mlx5_4                   0.0         0.0             0.0             0.0
mlx5_5                   0.0         0.0           415.4           609.9
mlx5_6                   0.0         0.0             0.0             0.0
mlx5_7                   0.0         0.0             0.0             0.0
mlx5_8                   0.0         0.0             0.0             0.0
mlx5_9                   0.0         0.0             0.0             0.0
------------------------------------------------------------------------
TOTAL                    0.0         0.0           827.4          1201.5

Last Update: 2025-11-22 14:37:44
Device               TX Gbps     RX Gbps    TX Total(GB)    RX Total(GB)
========================================================================
mlx5_0                   0.0         0.0             0.0             0.0
mlx5_1                   0.0         0.0           412.0           591.7
mlx5_2                   0.0         0.0             0.0             0.0
mlx5_3                   0.0         0.0             0.0             0.0
mlx5_4                   0.0         0.0             0.0             0.0
mlx5_5                   0.0         0.0           415.4           609.9
mlx5_6                   0.0         0.0             0.0             0.0
mlx5_7                   0.0         0.0             0.0             0.0
mlx5_8                   0.0         0.0             0.0             0.0
mlx5_9                   0.0         0.0             0.0             0.0
------------------------------------------------------------------------
TOTAL                    0.0         0.0           827.4          1201.5

Last Update: 2025-11-22 14:37:45
Device               TX Gbps     RX Gbps    TX Total(GB)    RX Total(GB)
========================================================================
mlx5_0                   0.0         0.0             0.0             0.0
mlx5_1                  18.6         0.0           414.4           591.7
mlx5_2                   0.0         0.0             0.0             0.0
mlx5_3                   0.0         0.0             0.0             0.0
mlx5_4                   0.0         0.0             0.0             0.0
mlx5_5                  18.6         0.0           417.7           609.9
mlx5_6                   0.0         0.0             0.0             0.0
mlx5_7                   0.0         0.0             0.0             0.0
mlx5_8                   0.0         0.0             0.0             0.0
mlx5_9                   0.0         0.0             0.0             0.0
------------------------------------------------------------------------
TOTAL                   37.2         0.0           832.1          1201.6

Last Update: 2025-11-22 14:37:46
Device               TX Gbps     RX Gbps    TX Total(GB)    RX Total(GB)
========================================================================
mlx5_0                   0.0         0.0             0.0             0.0
mlx5_1                   0.0         0.0           414.4           591.7
mlx5_2                   0.0         0.0             0.0             0.0
mlx5_3                   0.0         0.0             0.0             0.0
mlx5_4                   0.0         0.0             0.0             0.0
mlx5_5                   0.0         0.0           417.7           609.9
mlx5_6                   0.0         0.0             0.0             0.0
mlx5_7                   0.0         0.0             0.0             0.0
mlx5_8                   0.0         0.0             0.0             0.0
mlx5_9                   0.0         0.0             0.0             0.0
------------------------------------------------------------------------
TOTAL                    0.0         0.0           832.1          1201.6

Last Update: 2025-11-22 14:37:47
Device               TX Gbps     RX Gbps    TX Total(GB)    RX Total(GB)
========================================================================
mlx5_0                   0.0         0.0             0.0             0.0
mlx5_1                   0.0         0.0           414.4           591.7
mlx5_2                   0.0         0.0             0.0             0.0
mlx5_3                   0.0         0.0             0.0             0.0
mlx5_4                   0.0         0.0             0.0             0.0
mlx5_5                   0.0         0.0           417.7           609.9
mlx5_6                   0.0         0.0             0.0             0.0
mlx5_7                   0.0         0.0             0.0             0.0
mlx5_8                   0.0         0.0             0.0             0.0
mlx5_9                   0.0         0.0             0.0             0.0
------------------------------------------------------------------------
TOTAL                    0.0         0.0           832.1          1201.6

Last Update: 2025-11-22 14:37:48
Device               TX Gbps     RX Gbps    TX Total(GB)    RX Total(GB)
========================================================================
mlx5_0                   0.0         0.0             0.0             0.0
mlx5_1                   0.0         0.0           414.4           591.7
mlx5_2                   0.0         0.0             0.0             0.0
mlx5_3                   0.0         0.0             0.0             0.0
mlx5_4                   0.0         0.0             0.0             0.0
mlx5_5                   0.0         0.0           417.7           609.9
mlx5_6                   0.0         0.0             0.0             0.0
mlx5_7                   0.0         0.0             0.0             0.0
mlx5_8                   0.0         0.0             0.0             0.0
mlx5_9                   0.0         0.0             0.0             0.0
------------------------------------------------------------------------
TOTAL                    0.0         0.0           832.1          1201.6

Last Update: 2025-11-22 14:37:49
Device               TX Gbps     RX Gbps    TX Total(GB)    RX Total(GB)
========================================================================
mlx5_0                   0.0         0.0             0.0             0.0
mlx5_1                  18.6         0.0           416.7           591.7
mlx5_2                   0.0         0.0             0.0             0.0
mlx5_3                   0.0         0.0             0.0             0.0
mlx5_4                   0.0         0.0             0.0             0.0
mlx5_5                  18.6         0.0           420.0           609.9
mlx5_6                   0.0         0.0             0.0             0.0
mlx5_7                   0.0         0.0             0.0             0.0
mlx5_8                   0.0         0.0             0.0             0.0
mlx5_9                   0.0         0.0             0.0             0.0
------------------------------------------------------------------------
TOTAL                   37.2         0.0           836.7          1201.6

Last Update: 2025-11-22 14:37:50
Device               TX Gbps     RX Gbps    TX Total(GB)    RX Total(GB)
========================================================================
mlx5_0                   0.0         0.0             0.0             0.0
mlx5_1                   0.0         0.0           416.7           591.7
mlx5_2                   0.0         0.0             0.0             0.0
mlx5_3                   0.0         0.0             0.0             0.0
mlx5_4                   0.0         0.0             0.0             0.0
mlx5_5                   0.0         0.0           420.0           609.9
mlx5_6                   0.0         0.0             0.0             0.0
mlx5_7                   0.0         0.0             0.0             0.0
mlx5_8                   0.0         0.0             0.0             0.0
mlx5_9                   0.0         0.0             0.0             0.0
------------------------------------------------------------------------
TOTAL                    0.0         0.0           836.7          1201.6

Last Update: 2025-11-22 14:37:51
Device               TX Gbps     RX Gbps    TX Total(GB)    RX Total(GB)
========================================================================
mlx5_0                   0.0         0.0             0.0             0.0
mlx5_1                   0.0         0.0           416.7           591.7
mlx5_2                   0.0         0.0             0.0             0.0
mlx5_3                   0.0         0.0             0.0             0.0
mlx5_4                   0.0         0.0             0.0             0.0
mlx5_5                   0.0         0.0           420.0           609.9
mlx5_6                   0.0         0.0             0.0             0.0
mlx5_7                   0.0         0.0             0.0             0.0
mlx5_8                   0.0         0.0             0.0             0.0
mlx5_9                   0.0         0.0             0.0             0.0
------------------------------------------------------------------------
TOTAL                    0.0         0.0           836.7          1201.6

Last Update: 2025-11-22 14:37:52
Device               TX Gbps     RX Gbps    TX Total(GB)    RX Total(GB)
========================================================================
mlx5_0                   0.0         0.0             0.0             0.0
mlx5_1                   0.0         0.0           416.7           591.7
mlx5_2                   0.0         0.0             0.0             0.0
mlx5_3                   0.0         0.0             0.0             0.0
mlx5_4                   0.0         0.0             0.0             0.0
mlx5_5                   0.0         0.0           420.0           609.9
mlx5_6                   0.0         0.0             0.0             0.0
mlx5_7                   0.0         0.0             0.0             0.0
mlx5_8                   0.0         0.0             0.0             0.0
mlx5_9                   0.0         0.0             0.0             0.0
------------------------------------------------------------------------
TOTAL                    0.0         0.0           836.7          1201.6

Last Update: 2025-11-22 14:37:53
Device               TX Gbps     RX Gbps    TX Total(GB)    RX Total(GB)
========================================================================
mlx5_0                   0.0         0.0             0.0             0.0
mlx5_1                  18.5         0.0           419.0           591.7
mlx5_2                   0.0         0.0             0.0             0.0
mlx5_3                   0.0         0.0             0.0             0.0
mlx5_4                   0.0         0.0             0.0             0.0
mlx5_5                  18.7         0.0           422.4           609.9
mlx5_6                   0.0         0.0             0.0             0.0
mlx5_7                   0.0         0.0             0.0             0.0
mlx5_8                   0.0         0.0             0.0             0.0
mlx5_9                   0.0         0.0             0.0             0.0
------------------------------------------------------------------------
TOTAL                   37.2         0.0           841.4          1201.6

Last Update: 2025-11-22 14:37:54
Device               TX Gbps     RX Gbps    TX Total(GB)    RX Total(GB)
========================================================================
mlx5_0                   0.0         0.0             0.0             0.0
mlx5_1                   0.0         0.0           419.0           591.7
mlx5_2                   0.0         0.0             0.0             0.0
mlx5_3                   0.0         0.0             0.0             0.0
mlx5_4                   0.0         0.0             0.0             0.0
mlx5_5                   0.0         0.0           422.4           609.9
mlx5_6                   0.0         0.0             0.0             0.0
mlx5_7                   0.0         0.0             0.0             0.0
mlx5_8                   0.0         0.0             0.0             0.0
mlx5_9                   0.0         0.0             0.0             0.0
------------------------------------------------------------------------
TOTAL                    0.0         0.0           841.4          1201.6

Last Update: 2025-11-22 14:37:55
Device               TX Gbps     RX Gbps    TX Total(GB)    RX Total(GB)
========================================================================
mlx5_0                   0.0         0.0             0.0             0.0
mlx5_1                   0.0         0.0           419.0           591.7
mlx5_2                   0.0         0.0             0.0             0.0
mlx5_3                   0.0         0.0             0.0             0.0
mlx5_4                   0.0         0.0             0.0             0.0
mlx5_5                   0.0         0.0           422.4           609.9
mlx5_6                   0.0         0.0             0.0             0.0
mlx5_7                   0.0         0.0             0.0             0.0
mlx5_8                   0.0         0.0             0.0             0.0
mlx5_9                   0.0         0.0             0.0             0.0
------------------------------------------------------------------------
TOTAL                    0.0         0.0           841.4          1201.6

Last Update: 2025-11-22 14:37:56
Device               TX Gbps     RX Gbps    TX Total(GB)    RX Total(GB)
========================================================================
mlx5_0                   0.0         0.0             0.0             0.0
mlx5_1                   0.0         0.0           419.0           591.7
mlx5_2                   0.0         0.0             0.0             0.0
mlx5_3                   0.0         0.0             0.0             0.0
mlx5_4                   0.0         0.0             0.0             0.0
mlx5_5                   0.0         0.0           422.4           609.9
mlx5_6                   0.0         0.0             0.0             0.0
mlx5_7                   0.0         0.0             0.0             0.0
mlx5_8                   0.0         0.0             0.0             0.0
mlx5_9                   0.0         0.0             0.0             0.0
------------------------------------------------------------------------
TOTAL                    0.0         0.0           841.4          1201.6

Last Update: 2025-11-22 14:37:57
Device               TX Gbps     RX Gbps    TX Total(GB)    RX Total(GB)
========================================================================
mlx5_0                   0.0         0.0             0.0             0.0
mlx5_1                   0.0         0.0           419.0           591.7
mlx5_2                   0.0         0.0             0.0             0.0
mlx5_3                   0.0         0.0             0.0             0.0
mlx5_4                   0.0         0.0             0.0             0.0
mlx5_5                   0.0         0.0           422.4           609.9
mlx5_6                   0.0         0.0             0.0             0.0
mlx5_7                   0.0         0.0             0.0             0.0
mlx5_8                   0.0         0.0             0.0             0.0
mlx5_9                   0.0         0.0             0.0             0.0
------------------------------------------------------------------------
TOTAL                    0.0         0.0           841.4          1201.6

Last Update: 2025-11-22 14:37:58
Device               TX Gbps     RX Gbps    TX Total(GB)    RX Total(GB)
========================================================================
mlx5_0                   0.0         0.0             0.0             0.0
mlx5_1                  19.3       111.8           421.4           605.7
mlx5_2                   0.0         0.0             0.0             0.0
mlx5_3                   0.0         0.0             0.0             0.0
mlx5_4                   0.0         0.0             0.0             0.0
mlx5_5                  19.5       114.8           424.8           624.3
mlx5_6                   0.0         0.0             0.0             0.0
mlx5_7                   0.0         0.0             0.0             0.0
mlx5_8                   0.0         0.0             0.0             0.0
mlx5_9                   0.0         0.0             0.0             0.0
------------------------------------------------------------------------
TOTAL                   38.7       226.6           846.3          1230.0

Last Update: 2025-11-22 14:37:59
Device               TX Gbps     RX Gbps    TX Total(GB)    RX Total(GB)
========================================================================
mlx5_0                   0.0         0.0             0.0             0.0
mlx5_1                   0.0         0.0           421.4           605.7
mlx5_2                   0.0         0.0             0.0             0.0
mlx5_3                   0.0         0.0             0.0             0.0
mlx5_4                   0.0         0.0             0.0             0.0
mlx5_5                   0.0         0.0           424.8           624.3
mlx5_6                   0.0         0.0             0.0             0.0
mlx5_7                   0.0         0.0             0.0             0.0
mlx5_8                   0.0         0.0             0.0             0.0
mlx5_9                   0.0         0.0             0.0             0.0
------------------------------------------------------------------------
TOTAL                    0.0         0.0           846.3          1230.0

Last Update: 2025-11-22 14:38:00
Device               TX Gbps     RX Gbps    TX Total(GB)    RX Total(GB)
========================================================================
mlx5_0                   0.0         0.0             0.0             0.0
mlx5_1                   0.0         0.0           421.4           605.7
mlx5_2                   0.0         0.0             0.0             0.0
mlx5_3                   0.0         0.0             0.0             0.0
mlx5_4                   0.0         0.0             0.0             0.0
mlx5_5                   0.0         0.0           424.8           624.3
mlx5_6                   0.0         0.0             0.0             0.0
mlx5_7                   0.0         0.0             0.0             0.0
mlx5_8                   0.0         0.0             0.0             0.0
mlx5_9                   0.0         0.0             0.0             0.0
------------------------------------------------------------------------
TOTAL                    0.0         0.0           846.3          1230.0

Last Update: 2025-11-22 14:38:01
Device               TX Gbps     RX Gbps    TX Total(GB)    RX Total(GB)
========================================================================
mlx5_0                   0.0         0.0             0.0             0.0
mlx5_1                   0.0         0.0           421.4           605.7
mlx5_2                   0.0         0.0             0.0             0.0
mlx5_3                   0.0         0.0             0.0             0.0
mlx5_4                   0.0         0.0             0.0             0.0
mlx5_5                   0.0         0.0           424.8           624.3
mlx5_6                   0.0         0.0             0.0             0.0
mlx5_7                   0.0         0.0             0.0             0.0
mlx5_8                   0.0         0.0             0.0             0.0
mlx5_9                   0.0         0.0             0.0             0.0
------------------------------------------------------------------------
TOTAL                    0.0         0.0           846.3          1230.0

Last Update: 2025-11-22 14:38:02
Device               TX Gbps     RX Gbps    TX Total(GB)    RX Total(GB)
========================================================================
mlx5_0                   0.0         0.0             0.0             0.0
mlx5_1                  19.0         0.0           423.8           605.7
mlx5_2                   0.0         0.0             0.0             0.0
mlx5_3                   0.0         0.0             0.0             0.0
mlx5_4                   0.0         0.0             0.0             0.0
mlx5_5                  19.0         0.0           427.2           624.3
mlx5_6                   0.0         0.0             0.0             0.0
mlx5_7                   0.0         0.0             0.0             0.0
mlx5_8                   0.0         0.0             0.0             0.0
mlx5_9                   0.0         0.0             0.0             0.0
------------------------------------------------------------------------
TOTAL                   38.0         0.0           851.0          1230.0

Last Update: 2025-11-22 14:38:03
Device               TX Gbps     RX Gbps    TX Total(GB)    RX Total(GB)
========================================================================
mlx5_0                   0.0         0.0             0.0             0.0
mlx5_1                   0.0         0.0           423.8           605.7
mlx5_2                   0.0         0.0             0.0             0.0
mlx5_3                   0.0         0.0             0.0             0.0
mlx5_4                   0.0         0.0             0.0             0.0
mlx5_5                   0.0         0.0           427.2           624.3
mlx5_6                   0.0         0.0             0.0             0.0
mlx5_7                   0.0         0.0             0.0             0.0
mlx5_8                   0.0         0.0             0.0             0.0
mlx5_9                   0.0         0.0             0.0             0.0
------------------------------------------------------------------------
TOTAL                    0.0         0.0           851.0          1230.0

Last Update: 2025-11-22 14:38:04
Device               TX Gbps     RX Gbps    TX Total(GB)    RX Total(GB)
========================================================================
mlx5_0                   0.0         0.0             0.0             0.0
mlx5_1                   0.0         0.0           423.8           605.7
mlx5_2                   0.0         0.0             0.0             0.0
mlx5_3                   0.0         0.0             0.0             0.0
mlx5_4                   0.0         0.0             0.0             0.0
mlx5_5                   0.0         0.0           427.2           624.3
mlx5_6                   0.0         0.0             0.0             0.0
mlx5_7                   0.0         0.0             0.0             0.0
mlx5_8                   0.0         0.0             0.0             0.0
mlx5_9                   0.0         0.0             0.0             0.0
------------------------------------------------------------------------
TOTAL                    0.0         0.0           851.0          1230.0

Last Update: 2025-11-22 14:38:05
Device               TX Gbps     RX Gbps    TX Total(GB)    RX Total(GB)
========================================================================
mlx5_0                   0.0         0.0             0.0             0.0
mlx5_1                  18.5         0.0           426.1           605.7
mlx5_2                   0.0         0.0             0.0             0.0
mlx5_3                   0.0         0.0             0.0             0.0
mlx5_4                   0.0         0.0             0.0             0.0
mlx5_5                  18.7         0.0           429.6           624.3
mlx5_6                   0.0         0.0             0.0             0.0
mlx5_7                   0.0         0.0             0.0             0.0
mlx5_8                   0.0         0.0             0.0             0.0
mlx5_9                   0.0         0.0             0.0             0.0
------------------------------------------------------------------------
TOTAL                   37.2         0.0           855.7          1230.0

Last Update: 2025-11-22 14:38:07
Device               TX Gbps     RX Gbps    TX Total(GB)    RX Total(GB)
========================================================================
mlx5_0                   0.0         0.0             0.0             0.0
mlx5_1                   0.0         0.0           426.1           605.7
mlx5_2                   0.0         0.0             0.0             0.0
mlx5_3                   0.0         0.0             0.0             0.0
mlx5_4                   0.0         0.0             0.0             0.0
mlx5_5                   0.0         0.0           429.6           624.3
mlx5_6                   0.0         0.0             0.0             0.0
mlx5_7                   0.0         0.0             0.0             0.0
mlx5_8                   0.0         0.0             0.0             0.0
mlx5_9                   0.0         0.0             0.0             0.0
------------------------------------------------------------------------
TOTAL                    0.0         0.0           855.7          1230.0

Last Update: 2025-11-22 14:38:08
Device               TX Gbps     RX Gbps    TX Total(GB)    RX Total(GB)
========================================================================
mlx5_0                   0.0         0.0             0.0             0.0
mlx5_1                   0.0         0.0           426.1           605.7
mlx5_2                   0.0         0.0             0.0             0.0
mlx5_3                   0.0         0.0             0.0             0.0
mlx5_4                   0.0         0.0             0.0             0.0
mlx5_5                   0.0         0.0           429.6           624.3
mlx5_6                   0.0         0.0             0.0             0.0
mlx5_7                   0.0         0.0             0.0             0.0
mlx5_8                   0.0         0.0             0.0             0.0
mlx5_9                   0.0         0.0             0.0             0.0
------------------------------------------------------------------------
TOTAL                    0.0         0.0           855.7          1230.0

Last Update: 2025-11-22 14:38:09
Device               TX Gbps     RX Gbps    TX Total(GB)    RX Total(GB)
========================================================================
mlx5_0                   0.0         0.0             0.0             0.0
mlx5_1                   0.0         0.0           426.1           605.7
mlx5_2                   0.0         0.0             0.0             0.0
mlx5_3                   0.0         0.0             0.0             0.0
mlx5_4                   0.0         0.0             0.0             0.0
mlx5_5                   0.0         0.0           429.6           624.3
mlx5_6                   0.0         0.0             0.0             0.0
mlx5_7                   0.0         0.0             0.0             0.0
mlx5_8                   0.0         0.0             0.0             0.0
mlx5_9                   0.0         0.0             0.0             0.0
------------------------------------------------------------------------
TOTAL                    0.0         0.0           855.7          1230.0

Last Update: 2025-11-22 14:38:10
Device               TX Gbps     RX Gbps    TX Total(GB)    RX Total(GB)
========================================================================
mlx5_0                   0.0         0.0             0.0             0.0
mlx5_1                  18.5         0.0           428.5           605.7
mlx5_2                   0.0         0.0             0.0             0.0
mlx5_3                   0.0         0.0             0.0             0.0
mlx5_4                   0.0         0.0             0.0             0.0
mlx5_5                  18.7         0.0           431.9           624.3
mlx5_6                   0.0         0.0             0.0             0.0
mlx5_7                   0.0         0.0             0.0             0.0
mlx5_8                   0.0         0.0             0.0             0.0
mlx5_9                   0.0         0.0             0.0             0.0
------------------------------------------------------------------------
TOTAL                   37.2         0.0           860.4          1230.0

Last Update: 2025-11-22 14:38:11
Device               TX Gbps     RX Gbps    TX Total(GB)    RX Total(GB)
========================================================================
mlx5_0                   0.0         0.0             0.0             0.0
mlx5_1                   0.0         0.0           428.5           605.7
mlx5_2                   0.0         0.0             0.0             0.0
mlx5_3                   0.0         0.0             0.0             0.0
mlx5_4                   0.0         0.0             0.0             0.0
mlx5_5                   0.0         0.0           431.9           624.3
mlx5_6                   0.0         0.0             0.0             0.0
mlx5_7                   0.0         0.0             0.0             0.0
mlx5_8                   0.0         0.0             0.0             0.0
mlx5_9                   0.0         0.0             0.0             0.0
------------------------------------------------------------------------
TOTAL                    0.0         0.0           860.4          1230.0

Last Update: 2025-11-22 14:38:12
Device               TX Gbps     RX Gbps    TX Total(GB)    RX Total(GB)
========================================================================
mlx5_0                   0.0         0.0             0.0             0.0
mlx5_1                   0.0         0.0           428.5           605.7
mlx5_2                   0.0         0.0             0.0             0.0
mlx5_3                   0.0         0.0             0.0             0.0
mlx5_4                   0.0         0.0             0.0             0.0
mlx5_5                   0.0         0.0           431.9           624.3
mlx5_6                   0.0         0.0             0.0             0.0
mlx5_7                   0.0         0.0             0.0             0.0
mlx5_8                   0.0         0.0             0.0             0.0
mlx5_9                   0.0         0.0             0.0             0.0
------------------------------------------------------------------------
TOTAL                    0.0         0.0           860.4          1230.0

Last Update: 2025-11-22 14:38:13
Device               TX Gbps     RX Gbps    TX Total(GB)    RX Total(GB)
========================================================================
mlx5_0                   0.0         0.0             0.0             0.0
mlx5_1                   0.0         0.0           428.5           605.7
mlx5_2                   0.0         0.0             0.0             0.0
mlx5_3                   0.0         0.0             0.0             0.0
mlx5_4                   0.0         0.0             0.0             0.0
mlx5_5                   0.0         0.0           431.9           624.3
mlx5_6                   0.0         0.0             0.0             0.0
mlx5_7                   0.0         0.0             0.0             0.0
mlx5_8                   0.0         0.0             0.0             0.0
mlx5_9                   0.0         0.0             0.0             0.0
------------------------------------------------------------------------
TOTAL                    0.0         0.0           860.4          1230.0

Last Update: 2025-11-22 14:38:14
Device               TX Gbps     RX Gbps    TX Total(GB)    RX Total(GB)
========================================================================
mlx5_0                   0.0         0.0             0.0             0.0
mlx5_1                  18.3         0.0           430.8           605.7
mlx5_2                   0.0         0.0             0.0             0.0
mlx5_3                   0.0         0.0             0.0             0.0
mlx5_4                   0.0         0.0             0.0             0.0
mlx5_5                  18.9         0.0           434.3           624.3
mlx5_6                   0.0         0.0             0.0             0.0
mlx5_7                   0.0         0.0             0.0             0.0
mlx5_8                   0.0         0.0             0.0             0.0
mlx5_9                   0.0         0.0             0.0             0.0
------------------------------------------------------------------------
TOTAL                   37.2         0.0           865.1          1230.1

Last Update: 2025-11-22 14:38:15
Device               TX Gbps     RX Gbps    TX Total(GB)    RX Total(GB)
========================================================================
mlx5_0                   0.0         0.0             0.0             0.0
mlx5_1                   0.0         0.0           430.8           605.7
mlx5_2                   0.0         0.0             0.0             0.0
mlx5_3                   0.0         0.0             0.0             0.0
mlx5_4                   0.0         0.0             0.0             0.0
mlx5_5                   0.0         0.0           434.3           624.3
mlx5_6                   0.0         0.0             0.0             0.0
mlx5_7                   0.0         0.0             0.0             0.0
mlx5_8                   0.0         0.0             0.0             0.0
mlx5_9                   0.0         0.0             0.0             0.0
------------------------------------------------------------------------
TOTAL                    0.0         0.0           865.1          1230.1

Last Update: 2025-11-22 14:38:16
Device               TX Gbps     RX Gbps    TX Total(GB)    RX Total(GB)
========================================================================
mlx5_0                   0.0         0.0             0.0             0.0
mlx5_1                   0.0         0.0           430.8           605.7
mlx5_2                   0.0         0.0             0.0             0.0
mlx5_3                   0.0         0.0             0.0             0.0
mlx5_4                   0.0         0.0             0.0             0.0
mlx5_5                   0.0         0.0           434.3           624.3
mlx5_6                   0.0         0.0             0.0             0.0
mlx5_7                   0.0         0.0             0.0             0.0
mlx5_8                   0.0         0.0             0.0             0.0
mlx5_9                   0.0         0.0             0.0             0.0
------------------------------------------------------------------------
TOTAL                    0.0         0.0           865.1          1230.1

Last Update: 2025-11-22 14:38:17
Device               TX Gbps     RX Gbps    TX Total(GB)    RX Total(GB)
========================================================================
mlx5_0                   0.0         0.0             0.0             0.0
mlx5_1                   0.0         0.0           430.8           605.7
mlx5_2                   0.0         0.0             0.0             0.0
mlx5_3                   0.0         0.0             0.0             0.0
mlx5_4                   0.0         0.0             0.0             0.0
mlx5_5                   0.0         0.0           434.3           624.3
mlx5_6                   0.0         0.0             0.0             0.0
mlx5_7                   0.0         0.0             0.0             0.0
mlx5_8                   0.0         0.0             0.0             0.0
mlx5_9                   0.0         0.0             0.0             0.0
------------------------------------------------------------------------
TOTAL                    0.0         0.0           865.1          1230.1

Last Update: 2025-11-22 14:38:18
Device               TX Gbps     RX Gbps    TX Total(GB)    RX Total(GB)
========================================================================
mlx5_0                   0.0         0.0             0.0             0.0
mlx5_1                  18.5         0.0           433.1           605.7
mlx5_2                   0.0         0.0             0.0             0.0
mlx5_3                   0.0         0.0             0.0             0.0
mlx5_4                   0.0         0.0             0.0             0.0
mlx5_5                  18.7         0.0           436.6           624.3
mlx5_6                   0.0         0.0             0.0             0.0
mlx5_7                   0.0         0.0             0.0             0.0
mlx5_8                   0.0         0.0             0.0             0.0
mlx5_9                   0.0         0.0             0.0             0.0
------------------------------------------------------------------------
TOTAL                   37.2         0.0           869.7          1230.1

Last Update: 2025-11-22 14:38:19
Device               TX Gbps     RX Gbps    TX Total(GB)    RX Total(GB)
========================================================================
mlx5_0                   0.0         0.0             0.0             0.0
mlx5_1                   0.0         0.0           433.1           605.7
mlx5_2                   0.0         0.0             0.0             0.0
mlx5_3                   0.0         0.0             0.0             0.0
mlx5_4                   0.0         0.0             0.0             0.0
mlx5_5                   0.0         0.0           436.6           624.3
mlx5_6                   0.0         0.0             0.0             0.0
mlx5_7                   0.0         0.0             0.0             0.0
mlx5_8                   0.0         0.0             0.0             0.0
mlx5_9                   0.0         0.0             0.0             0.0
------------------------------------------------------------------------
TOTAL                    0.0         0.0           869.7          1230.1

Last Update: 2025-11-22 14:38:20
Device               TX Gbps     RX Gbps    TX Total(GB)    RX Total(GB)
========================================================================
mlx5_0                   0.0         0.0             0.0             0.0
mlx5_1                   0.0         0.0           433.1           605.7
mlx5_2                   0.0         0.0             0.0             0.0
mlx5_3                   0.0         0.0             0.0             0.0
mlx5_4                   0.0         0.0             0.0             0.0
mlx5_5                   0.0         0.0           436.6           624.3
mlx5_6                   0.0         0.0             0.0             0.0
mlx5_7                   0.0         0.0             0.0             0.0
mlx5_8                   0.0         0.0             0.0             0.0
mlx5_9                   0.0         0.0             0.0             0.0
------------------------------------------------------------------------
TOTAL                    0.0         0.0           869.7          1230.1

Last Update: 2025-11-22 14:38:21
Device               TX Gbps     RX Gbps    TX Total(GB)    RX Total(GB)
========================================================================
mlx5_0                   0.0         0.0             0.0             0.0
mlx5_1                   0.0         0.0           433.1           605.7
mlx5_2                   0.0         0.0             0.0             0.0
mlx5_3                   0.0         0.0             0.0             0.0
mlx5_4                   0.0         0.0             0.0             0.0
mlx5_5                   0.0         0.0           436.6           624.3
mlx5_6                   0.0         0.0             0.0             0.0
mlx5_7                   0.0         0.0             0.0             0.0
mlx5_8                   0.0         0.0             0.0             0.0
mlx5_9                   0.0         0.0             0.0             0.0
------------------------------------------------------------------------
TOTAL                    0.0         0.0           869.7          1230.1

Last Update: 2025-11-22 14:38:22
Device               TX Gbps     RX Gbps    TX Total(GB)    RX Total(GB)
========================================================================
mlx5_0                   0.0         0.0             0.0             0.0
mlx5_1                   0.0         0.0           433.1           605.7
mlx5_2                   0.0         0.0             0.0             0.0
mlx5_3                   0.0         0.0             0.0             0.0
mlx5_4                   0.0         0.0             0.0             0.0
mlx5_5                   0.0         0.0           436.6           624.3
mlx5_6                   0.0         0.0             0.0             0.0
mlx5_7                   0.0         0.0             0.0             0.0
mlx5_8                   0.0         0.0             0.0             0.0
mlx5_9                   0.0         0.0             0.0             0.0
------------------------------------------------------------------------
TOTAL                    0.0         0.0           869.7          1230.1

Last Update: 2025-11-22 14:38:23
Device               TX Gbps     RX Gbps    TX Total(GB)    RX Total(GB)
========================================================================
mlx5_0                   0.0         0.0             0.0             0.0
mlx5_1                  19.3       102.8           435.5           618.6
mlx5_2                   0.0         0.0             0.0             0.0
mlx5_3                   0.0         0.0             0.0             0.0
mlx5_4                   0.0         0.0             0.0             0.0
mlx5_5                  19.3       105.9           439.1           637.6
mlx5_6                   0.0         0.0             0.0             0.0
mlx5_7                   0.0         0.0             0.0             0.0
mlx5_8                   0.0         0.0             0.0             0.0
mlx5_9                   0.0         0.0             0.0             0.0
------------------------------------------------------------------------
TOTAL                   38.6       208.7           874.6          1256.3

Last Update: 2025-11-22 14:38:24
Device               TX Gbps     RX Gbps    TX Total(GB)    RX Total(GB)
========================================================================
mlx5_0                   0.0         0.0             0.0             0.0
mlx5_1                   0.0         8.9           435.5           619.8
mlx5_2                   0.0         0.0             0.0             0.0
mlx5_3                   0.0         0.0             0.0             0.0
mlx5_4                   0.0         0.0             0.0             0.0
mlx5_5                   0.0         9.0           439.1           638.8
mlx5_6                   0.0         0.0             0.0             0.0
mlx5_7                   0.0         0.0             0.0             0.0
mlx5_8                   0.0         0.0             0.0             0.0
mlx5_9                   0.0         0.0             0.0             0.0
------------------------------------------------------------------------
TOTAL                    0.0        18.0           874.6          1258.5

Last Update: 2025-11-22 14:38:25
Device               TX Gbps     RX Gbps    TX Total(GB)    RX Total(GB)
========================================================================
mlx5_0                   0.0         0.0             0.0             0.0
mlx5_1                   0.0         0.0           435.5           619.8
mlx5_2                   0.0         0.0             0.0             0.0
mlx5_3                   0.0         0.0             0.0             0.0
mlx5_4                   0.0         0.0             0.0             0.0
mlx5_5                   0.0         0.0           439.1           638.8
mlx5_6                   0.0         0.0             0.0             0.0
mlx5_7                   0.0         0.0             0.0             0.0
mlx5_8                   0.0         0.0             0.0             0.0
mlx5_9                   0.0         0.0             0.0             0.0
------------------------------------------------------------------------
TOTAL                    0.0         0.0           874.6          1258.5

Last Update: 2025-11-22 14:38:26
Device               TX Gbps     RX Gbps    TX Total(GB)    RX Total(GB)
========================================================================
mlx5_0                   0.0         0.0             0.0             0.0
mlx5_1                   0.0         0.0           435.5           619.8
mlx5_2                   0.0         0.0             0.0             0.0
mlx5_3                   0.0         0.0             0.0             0.0
mlx5_4                   0.0         0.0             0.0             0.0
mlx5_5                   0.0         0.0           439.1           638.8
mlx5_6                   0.0         0.0             0.0             0.0
mlx5_7                   0.0         0.0             0.0             0.0
mlx5_8                   0.0         0.0             0.0             0.0
mlx5_9                   0.0         0.0             0.0             0.0
------------------------------------------------------------------------
TOTAL                    0.0         0.0           874.6          1258.5

Last Update: 2025-11-22 14:38:27
Device               TX Gbps     RX Gbps    TX Total(GB)    RX Total(GB)
========================================================================
mlx5_0                   0.0         0.0             0.0             0.0
mlx5_1                  18.9         0.0           437.9           619.8
mlx5_2                   0.0         0.0             0.0             0.0
mlx5_3                   0.0         0.0             0.0             0.0
mlx5_4                   0.0         0.0             0.0             0.0
mlx5_5                  19.1         0.0           441.5           638.8
mlx5_6                   0.0         0.0             0.0             0.0
mlx5_7                   0.0         0.0             0.0             0.0
mlx5_8                   0.0         0.0             0.0             0.0
mlx5_9                   0.0         0.0             0.0             0.0
------------------------------------------------------------------------
TOTAL                   38.0         0.0           879.4          1258.5

Last Update: 2025-11-22 14:38:28
Device               TX Gbps     RX Gbps    TX Total(GB)    RX Total(GB)
========================================================================
mlx5_0                   0.0         0.0             0.0             0.0
mlx5_1                   0.0         0.0           437.9           619.8
mlx5_2                   0.0         0.0             0.0             0.0
mlx5_3                   0.0         0.0             0.0             0.0
mlx5_4                   0.0         0.0             0.0             0.0
mlx5_5                   0.0         0.0           441.5           638.8
mlx5_6                   0.0         0.0             0.0             0.0
mlx5_7                   0.0         0.0             0.0             0.0
mlx5_8                   0.0         0.0             0.0             0.0
mlx5_9                   0.0         0.0             0.0             0.0
------------------------------------------------------------------------
TOTAL                    0.0         0.0           879.4          1258.5

Last Update: 2025-11-22 14:38:29
Device               TX Gbps     RX Gbps    TX Total(GB)    RX Total(GB)
========================================================================
mlx5_0                   0.0         0.0             0.0             0.0
mlx5_1                   0.0         0.0           437.9           619.8
mlx5_2                   0.0         0.0             0.0             0.0
mlx5_3                   0.0         0.0             0.0             0.0
mlx5_4                   0.0         0.0             0.0             0.0
mlx5_5                   0.0         0.0           441.5           638.8
mlx5_6                   0.0         0.0             0.0             0.0
mlx5_7                   0.0         0.0             0.0             0.0
mlx5_8                   0.0         0.0             0.0             0.0
mlx5_9                   0.0         0.0             0.0             0.0
------------------------------------------------------------------------
TOTAL                    0.0         0.0           879.4          1258.5

Last Update: 2025-11-22 14:38:30
Device               TX Gbps     RX Gbps    TX Total(GB)    RX Total(GB)
========================================================================
mlx5_0                   0.0         0.0             0.0             0.0
mlx5_1                   0.0         0.0           437.9           619.8
mlx5_2                   0.0         0.0             0.0             0.0
mlx5_3                   0.0         0.0             0.0             0.0
mlx5_4                   0.0         0.0             0.0             0.0
mlx5_5                   0.0         0.0           441.5           638.8
mlx5_6                   0.0         0.0             0.0             0.0
mlx5_7                   0.0         0.0             0.0             0.0
mlx5_8                   0.0         0.0             0.0             0.0
mlx5_9                   0.0         0.0             0.0             0.0
------------------------------------------------------------------------
TOTAL                    0.0         0.0           879.4          1258.5

Last Update: 2025-11-22 14:38:31
Device               TX Gbps     RX Gbps    TX Total(GB)    RX Total(GB)
========================================================================
mlx5_0                   0.0         0.0             0.0             0.0
mlx5_1                  18.5         0.0           440.2           619.8
mlx5_2                   0.0         0.0             0.0             0.0
mlx5_3                   0.0         0.0             0.0             0.0
mlx5_4                   0.0         0.0             0.0             0.0
mlx5_5                  18.7         0.0           443.8           638.8
mlx5_6                   0.0         0.0             0.0             0.0
mlx5_7                   0.0         0.0             0.0             0.0
mlx5_8                   0.0         0.0             0.0             0.0
mlx5_9                   0.0         0.0             0.0             0.0
------------------------------------------------------------------------
TOTAL                   37.2         0.0           884.0          1258.5

Last Update: 2025-11-22 14:38:32
Device               TX Gbps     RX Gbps    TX Total(GB)    RX Total(GB)
========================================================================
mlx5_0                   0.0         0.0             0.0             0.0
mlx5_1                   0.0         0.0           440.2           619.8
mlx5_2                   0.0         0.0             0.0             0.0
mlx5_3                   0.0         0.0             0.0             0.0
mlx5_4                   0.0         0.0             0.0             0.0
mlx5_5                   0.0         0.0           443.8           638.8
mlx5_6                   0.0         0.0             0.0             0.0
mlx5_7                   0.0         0.0             0.0             0.0
mlx5_8                   0.0         0.0             0.0             0.0
mlx5_9                   0.0         0.0             0.0             0.0
------------------------------------------------------------------------
TOTAL                    0.0         0.0           884.0          1258.5

Last Update: 2025-11-22 14:38:33
Device               TX Gbps     RX Gbps    TX Total(GB)    RX Total(GB)
========================================================================
mlx5_0                   0.0         0.0             0.0             0.0
mlx5_1                   0.0         0.0           440.2           619.8
mlx5_2                   0.0         0.0             0.0             0.0
mlx5_3                   0.0         0.0             0.0             0.0
mlx5_4                   0.0         0.0             0.0             0.0
mlx5_5                   0.0         0.0           443.8           638.8
mlx5_6                   0.0         0.0             0.0             0.0
mlx5_7                   0.0         0.0             0.0             0.0
mlx5_8                   0.0         0.0             0.0             0.0
mlx5_9                   0.0         0.0             0.0             0.0
------------------------------------------------------------------------
TOTAL                    0.0         0.0           884.0          1258.5

Last Update: 2025-11-22 14:38:34
Device               TX Gbps     RX Gbps    TX Total(GB)    RX Total(GB)
========================================================================
mlx5_0                   0.0         0.0             0.0             0.0
mlx5_1                  18.8         0.0           442.6           619.8
mlx5_2                   0.0         0.0             0.0             0.0
mlx5_3                   0.0         0.0             0.0             0.0
mlx5_4                   0.0         0.0             0.0             0.0
mlx5_5                  18.5         0.0           446.1           638.8
mlx5_6                   0.0         0.0             0.0             0.0
mlx5_7                   0.0         0.0             0.0             0.0
mlx5_8                   0.0         0.0             0.0             0.0
mlx5_9                   0.0         0.0             0.0             0.0
------------------------------------------------------------------------
TOTAL                   37.2         0.0           888.7          1258.5

Last Update: 2025-11-22 14:38:35
Device               TX Gbps     RX Gbps    TX Total(GB)    RX Total(GB)
========================================================================
mlx5_0                   0.0         0.0             0.0             0.0
mlx5_1                   0.0         0.0           442.6           619.8
mlx5_2                   0.0         0.0             0.0             0.0
mlx5_3                   0.0         0.0             0.0             0.0
mlx5_4                   0.0         0.0             0.0             0.0
mlx5_5                   0.0         0.0           446.1           638.8
mlx5_6                   0.0         0.0             0.0             0.0
mlx5_7                   0.0         0.0             0.0             0.0
mlx5_8                   0.0         0.0             0.0             0.0
mlx5_9                   0.0         0.0             0.0             0.0
------------------------------------------------------------------------
TOTAL                    0.0         0.0           888.7          1258.5

Last Update: 2025-11-22 14:38:36
Device               TX Gbps     RX Gbps    TX Total(GB)    RX Total(GB)
========================================================================
mlx5_0                   0.0         0.0             0.0             0.0
mlx5_1                   0.0         0.0           442.6           619.8
mlx5_2                   0.0         0.0             0.0             0.0
mlx5_3                   0.0         0.0             0.0             0.0
mlx5_4                   0.0         0.0             0.0             0.0
mlx5_5                   0.0         0.0           446.1           638.8
mlx5_6                   0.0         0.0             0.0             0.0
mlx5_7                   0.0         0.0             0.0             0.0
mlx5_8                   0.0         0.0             0.0             0.0
mlx5_9                   0.0         0.0             0.0             0.0
------------------------------------------------------------------------
TOTAL                    0.0         0.0           888.7          1258.5

Last Update: 2025-11-22 14:38:37
Device               TX Gbps     RX Gbps    TX Total(GB)    RX Total(GB)
========================================================================
mlx5_0                   0.0         0.0             0.0             0.0
mlx5_1                   0.0         0.0           442.6           619.8
mlx5_2                   0.0         0.0             0.0             0.0
mlx5_3                   0.0         0.0             0.0             0.0
mlx5_4                   0.0         0.0             0.0             0.0
mlx5_5                   0.0         0.0           446.1           638.8
mlx5_6                   0.0         0.0             0.0             0.0
mlx5_7                   0.0         0.0             0.0             0.0
mlx5_8                   0.0         0.0             0.0             0.0
mlx5_9                   0.0         0.0             0.0             0.0
------------------------------------------------------------------------
TOTAL                    0.0         0.0           888.7          1258.5

Last Update: 2025-11-22 14:38:38
Device               TX Gbps     RX Gbps    TX Total(GB)    RX Total(GB)
========================================================================
mlx5_0                   0.0         0.0             0.0             0.0
mlx5_1                  18.6         0.0           444.9           619.8
mlx5_2                   0.0         0.0             0.0             0.0
mlx5_3                   0.0         0.0             0.0             0.0
mlx5_4                   0.0         0.0             0.0             0.0
mlx5_5                  18.7         0.0           448.5           638.8
mlx5_6                   0.0         0.0             0.0             0.0
mlx5_7                   0.0         0.0             0.0             0.0
mlx5_8                   0.0         0.0             0.0             0.0
mlx5_9                   0.0         0.0             0.0             0.0
------------------------------------------------------------------------
TOTAL                   37.2         0.0           893.4          1258.5

Last Update: 2025-11-22 14:38:39
Device               TX Gbps     RX Gbps    TX Total(GB)    RX Total(GB)
========================================================================
mlx5_0                   0.0         0.0             0.0             0.0
mlx5_1                   0.0         0.0           444.9           619.8
mlx5_2                   0.0         0.0             0.0             0.0
mlx5_3                   0.0         0.0             0.0             0.0
mlx5_4                   0.0         0.0             0.0             0.0
mlx5_5                   0.0         0.0           448.5           638.8
mlx5_6                   0.0         0.0             0.0             0.0
mlx5_7                   0.0         0.0             0.0             0.0
mlx5_8                   0.0         0.0             0.0             0.0
mlx5_9                   0.0         0.0             0.0             0.0
------------------------------------------------------------------------
TOTAL                    0.0         0.0           893.4          1258.5

Last Update: 2025-11-22 14:38:40
Device               TX Gbps     RX Gbps    TX Total(GB)    RX Total(GB)
========================================================================
mlx5_0                   0.0         0.0             0.0             0.0
mlx5_1                   0.0         0.0           444.9           619.8
mlx5_2                   0.0         0.0             0.0             0.0
mlx5_3                   0.0         0.0             0.0             0.0
mlx5_4                   0.0         0.0             0.0             0.0
mlx5_5                   0.0         0.0           448.5           638.8
mlx5_6                   0.0         0.0             0.0             0.0
mlx5_7                   0.0         0.0             0.0             0.0
mlx5_8                   0.0         0.0             0.0             0.0
mlx5_9                   0.0         0.0             0.0             0.0
------------------------------------------------------------------------
TOTAL                    0.0         0.0           893.4          1258.5

Last Update: 2025-11-22 14:38:41
Device               TX Gbps     RX Gbps    TX Total(GB)    RX Total(GB)
========================================================================
mlx5_0                   0.0         0.0             0.0             0.0
mlx5_1                   0.0         0.0           444.9           619.8
mlx5_2                   0.0         0.0             0.0             0.0
mlx5_3                   0.0         0.0             0.0             0.0
mlx5_4                   0.0         0.0             0.0             0.0
mlx5_5                   0.0         0.0           448.5           638.8
mlx5_6                   0.0         0.0             0.0             0.0
mlx5_7                   0.0         0.0             0.0             0.0
mlx5_8                   0.0         0.0             0.0             0.0
mlx5_9                   0.0         0.0             0.0             0.0
------------------------------------------------------------------------
TOTAL                    0.0         0.0           893.4          1258.5

Last Update: 2025-11-22 14:38:42
Device               TX Gbps     RX Gbps    TX Total(GB)    RX Total(GB)
========================================================================
mlx5_0                   0.0         0.0             0.0             0.0
mlx5_1                   0.0         0.0           444.9           619.8
mlx5_2                   0.0         0.0             0.0             0.0
mlx5_3                   0.0         0.0             0.0             0.0
mlx5_4                   0.0         0.0             0.0             0.0
mlx5_5                   0.0         0.0           448.5           638.8
mlx5_6                   0.0         0.0             0.0             0.0
mlx5_7                   0.0         0.0             0.0             0.0
mlx5_8                   0.0         0.0             0.0             0.0
mlx5_9                   0.0         0.0             0.0             0.0
------------------------------------------------------------------------
TOTAL                    0.0         0.0           893.4          1258.5

Last Update: 2025-11-22 14:38:43
Device               TX Gbps     RX Gbps    TX Total(GB)    RX Total(GB)
========================================================================
mlx5_0                   0.0         0.0             0.0             0.0
mlx5_1                  18.5         0.0           447.2           619.8
mlx5_2                   0.0         0.0             0.0             0.0
mlx5_3                   0.0         0.0             0.0             0.0
mlx5_4                   0.0         0.0             0.0             0.0
mlx5_5                  18.7         0.0           450.8           638.8
mlx5_6                   0.0         0.0             0.0             0.0
mlx5_7                   0.0         0.0             0.0             0.0
mlx5_8                   0.0         0.0             0.0             0.0
mlx5_9                   0.0         0.0             0.0             0.0
------------------------------------------------------------------------
TOTAL                   37.2         0.0           898.1          1258.6

Last Update: 2025-11-22 14:38:44
Device               TX Gbps     RX Gbps    TX Total(GB)    RX Total(GB)
========================================================================
mlx5_0                   0.0         0.0             0.0             0.0
mlx5_1                   0.0         0.0           447.2           619.8
mlx5_2                   0.0         0.0             0.0             0.0
mlx5_3                   0.0         0.0             0.0             0.0
mlx5_4                   0.0         0.0             0.0             0.0
mlx5_5                   0.0         0.0           450.8           638.8
mlx5_6                   0.0         0.0             0.0             0.0
mlx5_7                   0.0         0.0             0.0             0.0
mlx5_8                   0.0         0.0             0.0             0.0
mlx5_9                   0.0         0.0             0.0             0.0
------------------------------------------------------------------------
TOTAL                    0.0         0.0           898.1          1258.6

Last Update: 2025-11-22 14:38:45
Device               TX Gbps     RX Gbps    TX Total(GB)    RX Total(GB)
========================================================================
mlx5_0                   0.0         0.0             0.0             0.0
mlx5_1                   0.0         0.0           447.2           619.8
mlx5_2                   0.0         0.0             0.0             0.0
mlx5_3                   0.0         0.0             0.0             0.0
mlx5_4                   0.0         0.0             0.0             0.0
mlx5_5                   0.0         0.0           450.8           638.8
mlx5_6                   0.0         0.0             0.0             0.0
mlx5_7                   0.0         0.0             0.0             0.0
mlx5_8                   0.0         0.0             0.0             0.0
mlx5_9                   0.0         0.0             0.0             0.0
------------------------------------------------------------------------
TOTAL                    0.0         0.0           898.1          1258.6

Last Update: 2025-11-22 14:38:46
Device               TX Gbps     RX Gbps    TX Total(GB)    RX Total(GB)
========================================================================
mlx5_0                   0.0         0.0             0.0             0.0
mlx5_1                   0.0         0.0           447.2           619.8
mlx5_2                   0.0         0.0             0.0             0.0
mlx5_3                   0.0         0.0             0.0             0.0
mlx5_4                   0.0         0.0             0.0             0.0
mlx5_5                   0.0         0.0           450.8           638.8
mlx5_6                   0.0         0.0             0.0             0.0
mlx5_7                   0.0         0.0             0.0             0.0
mlx5_8                   0.0         0.0             0.0             0.0
mlx5_9                   0.0         0.0             0.0             0.0
------------------------------------------------------------------------
TOTAL                    0.0         0.0           898.1          1258.6

Last Update: 2025-11-22 14:38:47
Device               TX Gbps     RX Gbps    TX Total(GB)    RX Total(GB)
========================================================================
mlx5_0                   0.0         0.0             0.0             0.0
mlx5_1                  18.9        64.4           449.6           627.9
mlx5_2                   0.0         0.0             0.0             0.0
mlx5_3                   0.0         0.0             0.0             0.0
mlx5_4                   0.0         0.0             0.0             0.0
mlx5_5                  19.1        67.1           453.2           647.2
mlx5_6                   0.0         0.0             0.0             0.0
mlx5_7                   0.0         0.0             0.0             0.0
mlx5_8                   0.0         0.0             0.0             0.0
mlx5_9                   0.0         0.0             0.0             0.0
------------------------------------------------------------------------
TOTAL                   38.0       131.4           902.8          1275.1

Last Update: 2025-11-22 14:38:48
Device               TX Gbps     RX Gbps    TX Total(GB)    RX Total(GB)
========================================================================
mlx5_0                   0.0         0.0             0.0             0.0
mlx5_1                   0.3        47.0           449.6           633.8
mlx5_2                   0.0         0.0             0.0             0.0
mlx5_3                   0.0         0.0             0.0             0.0
mlx5_4                   0.0         0.0             0.0             0.0
mlx5_5                   0.3        48.1           453.3           653.3
mlx5_6                   0.0         0.0             0.0             0.0
mlx5_7                   0.0         0.0             0.0             0.0
mlx5_8                   0.0         0.0             0.0             0.0
mlx5_9                   0.0         0.0             0.0             0.0
------------------------------------------------------------------------
TOTAL                    0.6        95.1           902.9          1287.0

Last Update: 2025-11-22 14:38:49
Device               TX Gbps     RX Gbps    TX Total(GB)    RX Total(GB)
========================================================================
mlx5_0                   0.0         0.0             0.0             0.0
mlx5_1                   0.0         0.0           449.6           633.8
mlx5_2                   0.0         0.0             0.0             0.0
mlx5_3                   0.0         0.0             0.0             0.0
mlx5_4                   0.0         0.0             0.0             0.0
mlx5_5                   0.0         0.0           453.3           653.3
mlx5_6                   0.0         0.0             0.0             0.0
mlx5_7                   0.0         0.0             0.0             0.0
mlx5_8                   0.0         0.0             0.0             0.0
mlx5_9                   0.0         0.0             0.0             0.0
------------------------------------------------------------------------
TOTAL                    0.0         0.0           902.9          1287.0

Last Update: 2025-11-22 14:38:50
Device               TX Gbps     RX Gbps    TX Total(GB)    RX Total(GB)
========================================================================
mlx5_0                   0.0         0.0             0.0             0.0
mlx5_1                   0.0         0.0           449.6           633.8
mlx5_2                   0.0         0.0             0.0             0.0
mlx5_3                   0.0         0.0             0.0             0.0
mlx5_4                   0.0         0.0             0.0             0.0
mlx5_5                   0.0         0.0           453.3           653.3
mlx5_6                   0.0         0.0             0.0             0.0
mlx5_7                   0.0         0.0             0.0             0.0
mlx5_8                   0.0         0.0             0.0             0.0
mlx5_9                   0.0         0.0             0.0             0.0
------------------------------------------------------------------------
TOTAL                    0.0         0.0           902.9          1287.0

Last Update: 2025-11-22 14:38:51
Device               TX Gbps     RX Gbps    TX Total(GB)    RX Total(GB)
========================================================================
mlx5_0                   0.0         0.0             0.0             0.0
mlx5_1                   0.0         0.0           449.6           633.8
mlx5_2                   0.0         0.0             0.0             0.0
mlx5_3                   0.0         0.0             0.0             0.0
mlx5_4                   0.0         0.0             0.0             0.0
mlx5_5                   0.0         0.0           453.3           653.3
mlx5_6                   0.0         0.0             0.0             0.0
mlx5_7                   0.0         0.0             0.0             0.0
mlx5_8                   0.0         0.0             0.0             0.0
mlx5_9                   0.0         0.0             0.0             0.0
------------------------------------------------------------------------
TOTAL                    0.0         0.0           902.9          1287.0

Last Update: 2025-11-22 14:38:52
Device               TX Gbps     RX Gbps    TX Total(GB)    RX Total(GB)
========================================================================
mlx5_0                   0.0         0.0             0.0             0.0
mlx5_1                  17.9         0.0           451.9           633.8
mlx5_2                   0.0         0.0             0.0             0.0
mlx5_3                   0.0         0.0             0.0             0.0
mlx5_4                   0.0         0.0             0.0             0.0
mlx5_5                  17.7         0.0           455.5           653.3
mlx5_6                   0.0         0.0             0.0             0.0
mlx5_7                   0.0         0.0             0.0             0.0
mlx5_8                   0.0         0.0             0.0             0.0
mlx5_9                   0.0         0.0             0.0             0.0
------------------------------------------------------------------------
TOTAL                   35.6         0.0           907.4          1287.0

Last Update: 2025-11-22 14:38:53
Device               TX Gbps     RX Gbps    TX Total(GB)    RX Total(GB)
========================================================================
mlx5_0                   0.0         0.0             0.0             0.0
mlx5_1                   0.0         0.0           451.9           633.8
mlx5_2                   0.0         0.0             0.0             0.0
mlx5_3                   0.0         0.0             0.0             0.0
mlx5_4                   0.0         0.0             0.0             0.0
mlx5_5                   0.0         0.0           455.5           653.3
mlx5_6                   0.0         0.0             0.0             0.0
mlx5_7                   0.0         0.0             0.0             0.0
mlx5_8                   0.0         0.0             0.0             0.0
mlx5_9                   0.0         0.0             0.0             0.0
------------------------------------------------------------------------
TOTAL                    0.0         0.0           907.4          1287.0

Last Update: 2025-11-22 14:38:54
Device               TX Gbps     RX Gbps    TX Total(GB)    RX Total(GB)
========================================================================
mlx5_0                   0.0         0.0             0.0             0.0
mlx5_1                   0.0         0.0           451.9           633.8
mlx5_2                   0.0         0.0             0.0             0.0
mlx5_3                   0.0         0.0             0.0             0.0
mlx5_4                   0.0         0.0             0.0             0.0
mlx5_5                   0.0         0.0           455.5           653.3
mlx5_6                   0.0         0.0             0.0             0.0
mlx5_7                   0.0         0.0             0.0             0.0
mlx5_8                   0.0         0.0             0.0             0.0
mlx5_9                   0.0         0.0             0.0             0.0
------------------------------------------------------------------------
TOTAL                    0.0         0.0           907.4          1287.0

Last Update: 2025-11-22 14:38:55
Device               TX Gbps     RX Gbps    TX Total(GB)    RX Total(GB)
========================================================================
mlx5_0                   0.0         0.0             0.0             0.0
mlx5_1                  18.5         0.0           454.2           633.8
mlx5_2                   0.0         0.0             0.0             0.0
mlx5_3                   0.0         0.0             0.0             0.0
mlx5_4                   0.0         0.0             0.0             0.0
mlx5_5                  18.7         0.0           457.8           653.3
mlx5_6                   0.0         0.0             0.0             0.0
mlx5_7                   0.0         0.0             0.0             0.0
mlx5_8                   0.0         0.0             0.0             0.0
mlx5_9                   0.0         0.0             0.0             0.0
------------------------------------------------------------------------
TOTAL                   37.2         0.0           912.1          1287.0

Last Update: 2025-11-22 14:38:56
Device               TX Gbps     RX Gbps    TX Total(GB)    RX Total(GB)
========================================================================
mlx5_0                   0.0         0.0             0.0             0.0
mlx5_1                   0.0         0.0           454.2           633.8
mlx5_2                   0.0         0.0             0.0             0.0
mlx5_3                   0.0         0.0             0.0             0.0
mlx5_4                   0.0         0.0             0.0             0.0
mlx5_5                   0.0         0.0           457.8           653.3
mlx5_6                   0.0         0.0             0.0             0.0
mlx5_7                   0.0         0.0             0.0             0.0
mlx5_8                   0.0         0.0             0.0             0.0
mlx5_9                   0.0         0.0             0.0             0.0
------------------------------------------------------------------------
TOTAL                    0.0         0.0           912.1          1287.0

Last Update: 2025-11-22 14:38:57
Device               TX Gbps     RX Gbps    TX Total(GB)    RX Total(GB)
========================================================================
mlx5_0                   0.0         0.0             0.0             0.0
mlx5_1                   0.0         0.0           454.2           633.8
mlx5_2                   0.0         0.0             0.0             0.0
mlx5_3                   0.0         0.0             0.0             0.0
mlx5_4                   0.0         0.0             0.0             0.0
mlx5_5                   0.0         0.0           457.8           653.3
mlx5_6                   0.0         0.0             0.0             0.0
mlx5_7                   0.0         0.0             0.0             0.0
mlx5_8                   0.0         0.0             0.0             0.0
mlx5_9                   0.0         0.0             0.0             0.0
------------------------------------------------------------------------
TOTAL                    0.0         0.0           912.1          1287.0

Last Update: 2025-11-22 14:38:58
Device               TX Gbps     RX Gbps    TX Total(GB)    RX Total(GB)
========================================================================
mlx5_0                   0.0         0.0             0.0             0.0
mlx5_1                  18.5         0.0           456.5           633.8
mlx5_2                   0.0         0.0             0.0             0.0
mlx5_3                   0.0         0.0             0.0             0.0
mlx5_4                   0.0         0.0             0.0             0.0
mlx5_5                  18.8         0.0           460.2           653.3
mlx5_6                   0.0         0.0             0.0             0.0
mlx5_7                   0.0         0.0             0.0             0.0
mlx5_8                   0.0         0.0             0.0             0.0
mlx5_9                   0.0         0.0             0.0             0.0
------------------------------------------------------------------------
TOTAL                   37.2         0.0           916.7          1287.0

Last Update: 2025-11-22 14:38:59
Device               TX Gbps     RX Gbps    TX Total(GB)    RX Total(GB)
========================================================================
mlx5_0                   0.0         0.0             0.0             0.0
mlx5_1                   0.0         0.0           456.5           633.8
mlx5_2                   0.0         0.0             0.0             0.0
mlx5_3                   0.0         0.0             0.0             0.0
mlx5_4                   0.0         0.0             0.0             0.0
mlx5_5                   0.0         0.0           460.2           653.3
mlx5_6                   0.0         0.0             0.0             0.0
mlx5_7                   0.0         0.0             0.0             0.0
mlx5_8                   0.0         0.0             0.0             0.0
mlx5_9                   0.0         0.0             0.0             0.0
------------------------------------------------------------------------
TOTAL                    0.0         0.0           916.7          1287.0

Last Update: 2025-11-22 14:39:00
Device               TX Gbps     RX Gbps    TX Total(GB)    RX Total(GB)
========================================================================
mlx5_0                   0.0         0.0             0.0             0.0
mlx5_1                   0.0         0.0           456.5           633.8
mlx5_2                   0.0         0.0             0.0             0.0
mlx5_3                   0.0         0.0             0.0             0.0
mlx5_4                   0.0         0.0             0.0             0.0
mlx5_5                   0.0         0.0           460.2           653.3
mlx5_6                   0.0         0.0             0.0             0.0
mlx5_7                   0.0         0.0             0.0             0.0
mlx5_8                   0.0         0.0             0.0             0.0
mlx5_9                   0.0         0.0             0.0             0.0
------------------------------------------------------------------------
TOTAL                    0.0         0.0           916.7          1287.0

Last Update: 2025-11-22 14:39:01
Device               TX Gbps     RX Gbps    TX Total(GB)    RX Total(GB)
========================================================================
mlx5_0                   0.0         0.0             0.0             0.0
mlx5_1                   0.0         0.0           456.5           633.8
mlx5_2                   0.0         0.0             0.0             0.0
mlx5_3                   0.0         0.0             0.0             0.0
mlx5_4                   0.0         0.0             0.0             0.0
mlx5_5                   0.0         0.0           460.2           653.3
mlx5_6                   0.0         0.0             0.0             0.0
mlx5_7                   0.0         0.0             0.0             0.0
mlx5_8                   0.0         0.0             0.0             0.0
mlx5_9                   0.0         0.0             0.0             0.0
------------------------------------------------------------------------
TOTAL                    0.0         0.0           916.7          1287.0

Last Update: 2025-11-22 14:39:02
Device               TX Gbps     RX Gbps    TX Total(GB)    RX Total(GB)
========================================================================
mlx5_0                   0.0         0.0             0.0             0.0
mlx5_1                  18.6         0.0           458.9           633.8
mlx5_2                   0.0         0.0             0.0             0.0
mlx5_3                   0.0         0.0             0.0             0.0
mlx5_4                   0.0         0.0             0.0             0.0
mlx5_5                  18.7         0.0           462.5           653.3
mlx5_6                   0.0         0.0             0.0             0.0
mlx5_7                   0.0         0.0             0.0             0.0
mlx5_8                   0.0         0.0             0.0             0.0
mlx5_9                   0.0         0.0             0.0             0.0
------------------------------------------------------------------------
TOTAL                   37.2         0.0           921.4          1287.0

Last Update: 2025-11-22 14:39:03
Device               TX Gbps     RX Gbps    TX Total(GB)    RX Total(GB)
========================================================================
mlx5_0                   0.0         0.0             0.0             0.0
mlx5_1                   0.0         0.0           458.9           633.8
mlx5_2                   0.0         0.0             0.0             0.0
mlx5_3                   0.0         0.0             0.0             0.0
mlx5_4                   0.0         0.0             0.0             0.0
mlx5_5                   0.0         0.0           462.5           653.3
mlx5_6                   0.0         0.0             0.0             0.0
mlx5_7                   0.0         0.0             0.0             0.0
mlx5_8                   0.0         0.0             0.0             0.0
mlx5_9                   0.0         0.0             0.0             0.0
------------------------------------------------------------------------
TOTAL                    0.0         0.0           921.4          1287.0

Last Update: 2025-11-22 14:39:04
Device               TX Gbps     RX Gbps    TX Total(GB)    RX Total(GB)
========================================================================
mlx5_0                   0.0         0.0             0.0             0.0
mlx5_1                   0.0         0.0           458.9           633.8
mlx5_2                   0.0         0.0             0.0             0.0
mlx5_3                   0.0         0.0             0.0             0.0
mlx5_4                   0.0         0.0             0.0             0.0
mlx5_5                   0.0         0.0           462.5           653.3
mlx5_6                   0.0         0.0             0.0             0.0
mlx5_7                   0.0         0.0             0.0             0.0
mlx5_8                   0.0         0.0             0.0             0.0
mlx5_9                   0.0         0.0             0.0             0.0
------------------------------------------------------------------------
TOTAL                    0.0         0.0           921.4          1287.0

Last Update: 2025-11-22 14:39:05
Device               TX Gbps     RX Gbps    TX Total(GB)    RX Total(GB)
========================================================================
mlx5_0                   0.0         0.0             0.0             0.0
mlx5_1                   0.0         0.0           458.9           633.8
mlx5_2                   0.0         0.0             0.0             0.0
mlx5_3                   0.0         0.0             0.0             0.0
mlx5_4                   0.0         0.0             0.0             0.0
mlx5_5                   0.0         0.0           462.5           653.3
mlx5_6                   0.0         0.0             0.0             0.0
mlx5_7                   0.0         0.0             0.0             0.0
mlx5_8                   0.0         0.0             0.0             0.0
mlx5_9                   0.0         0.0             0.0             0.0
------------------------------------------------------------------------
TOTAL                    0.0         0.0           921.4          1287.0

Last Update: 2025-11-22 14:39:06
Device               TX Gbps     RX Gbps    TX Total(GB)    RX Total(GB)
========================================================================
mlx5_0                   0.0         0.0             0.0             0.0
mlx5_1                   0.4         0.0           458.9           633.8
mlx5_2                   0.0         0.0             0.0             0.0
mlx5_3                   0.0         0.0             0.0             0.0
mlx5_4                   0.0         0.0             0.0             0.0
mlx5_5                   0.6         0.0           462.6           653.3
mlx5_6                   0.0         0.0             0.0             0.0
mlx5_7                   0.0         0.0             0.0             0.0
mlx5_8                   0.0         0.0             0.0             0.0
mlx5_9                   0.0         0.0             0.0             0.0
------------------------------------------------------------------------
TOTAL                    1.0         0.0           921.5          1287.0

Last Update: 2025-11-22 14:39:07
Device               TX Gbps     RX Gbps    TX Total(GB)    RX Total(GB)
========================================================================
mlx5_0                   0.0         0.0             0.0             0.0
mlx5_1                  18.0         0.0           461.2           633.8
mlx5_2                   0.0         0.0             0.0             0.0
mlx5_3                   0.0         0.0             0.0             0.0
mlx5_4                   0.0         0.0             0.0             0.0
mlx5_5                  18.2         0.0           464.9           653.3
mlx5_6                   0.0         0.0             0.0             0.0
mlx5_7                   0.0         0.0             0.0             0.0
mlx5_8                   0.0         0.0             0.0             0.0
mlx5_9                   0.0         0.0             0.0             0.0
------------------------------------------------------------------------
TOTAL                   36.2         0.0           926.1          1287.0

Last Update: 2025-11-22 14:39:08
Device               TX Gbps     RX Gbps    TX Total(GB)    RX Total(GB)
========================================================================
mlx5_0                   0.0         0.0             0.0             0.0
mlx5_1                   0.0         0.0           461.2           633.8
mlx5_2                   0.0         0.0             0.0             0.0
mlx5_3                   0.0         0.0             0.0             0.0
mlx5_4                   0.0         0.0             0.0             0.0
mlx5_5                   0.0         0.0           464.9           653.3
mlx5_6                   0.0         0.0             0.0             0.0
mlx5_7                   0.0         0.0             0.0             0.0
mlx5_8                   0.0         0.0             0.0             0.0
mlx5_9                   0.0         0.0             0.0             0.0
------------------------------------------------------------------------
TOTAL                    0.0         0.0           926.1          1287.0

Last Update: 2025-11-22 14:39:09
Device               TX Gbps     RX Gbps    TX Total(GB)    RX Total(GB)
========================================================================
mlx5_0                   0.0         0.0             0.0             0.0
mlx5_1                   0.0         0.0           461.2           633.8
mlx5_2                   0.0         0.0             0.0             0.0
mlx5_3                   0.0         0.0             0.0             0.0
mlx5_4                   0.0         0.0             0.0             0.0
mlx5_5                   0.0         0.0           464.9           653.3
mlx5_6                   0.0         0.0             0.0             0.0
mlx5_7                   0.0         0.0             0.0             0.0
mlx5_8                   0.0         0.0             0.0             0.0
mlx5_9                   0.0         0.0             0.0             0.0
------------------------------------------------------------------------
TOTAL                    0.0         0.0           926.1          1287.0

Last Update: 2025-11-22 14:39:10
Device               TX Gbps     RX Gbps    TX Total(GB)    RX Total(GB)
========================================================================
mlx5_0                   0.0         0.0             0.0             0.0
mlx5_1                   0.0         0.0           461.2           633.8
mlx5_2                   0.0         0.0             0.0             0.0
mlx5_3                   0.0         0.0             0.0             0.0
mlx5_4                   0.0         0.0             0.0             0.0
mlx5_5                   0.0         0.0           464.9           653.3
mlx5_6                   0.0         0.0             0.0             0.0
mlx5_7                   0.0         0.0             0.0             0.0
mlx5_8                   0.0         0.0             0.0             0.0
mlx5_9                   0.0         0.0             0.0             0.0
------------------------------------------------------------------------
TOTAL                    0.0         0.0           926.1          1287.0

Last Update: 2025-11-22 14:39:11
Device               TX Gbps     RX Gbps    TX Total(GB)    RX Total(GB)
========================================================================
mlx5_0                   0.0         0.0             0.0             0.0
mlx5_1                  16.5         3.7           463.3           634.2
mlx5_2                   0.0         0.0             0.0             0.0
mlx5_3                   0.0         0.0             0.0             0.0
mlx5_4                   0.0         0.0             0.0             0.0
mlx5_5                  16.5         4.0           467.0           653.8
mlx5_6                   0.0         0.0             0.0             0.0
mlx5_7                   0.0         0.0             0.0             0.0
mlx5_8                   0.0         0.0             0.0             0.0
mlx5_9                   0.0         0.0             0.0             0.0
------------------------------------------------------------------------
TOTAL                   33.0         7.7           930.2          1288.0

Last Update: 2025-11-22 14:39:12
Device               TX Gbps     RX Gbps    TX Total(GB)    RX Total(GB)
========================================================================
mlx5_0                   0.0         0.0             0.0             0.0
mlx5_1                   2.9       107.4           463.6           647.7
mlx5_2                   0.0         0.0             0.0             0.0
mlx5_3                   0.0         0.0             0.0             0.0
mlx5_4                   0.0         0.0             0.0             0.0
mlx5_5                   2.7       111.4           467.3           667.8
mlx5_6                   0.0         0.0             0.0             0.0
mlx5_7                   0.0         0.0             0.0             0.0
mlx5_8                   0.0         0.0             0.0             0.0
mlx5_9                   0.0         0.0             0.0             0.0
------------------------------------------------------------------------
TOTAL                    5.5       218.8           930.9          1315.5

Last Update: 2025-11-22 14:39:13
Device               TX Gbps     RX Gbps    TX Total(GB)    RX Total(GB)
========================================================================
mlx5_0                   0.0         0.0             0.0             0.0
mlx5_1                   0.0         0.0           463.6           647.7
mlx5_2                   0.0         0.0             0.0             0.0
mlx5_3                   0.0         0.0             0.0             0.0
mlx5_4                   0.0         0.0             0.0             0.0
mlx5_5                   0.0         0.0           467.3           667.8
mlx5_6                   0.0         0.0             0.0             0.0
mlx5_7                   0.0         0.0             0.0             0.0
mlx5_8                   0.0         0.0             0.0             0.0
mlx5_9                   0.0         0.0             0.0             0.0
------------------------------------------------------------------------
TOTAL                    0.0         0.0           930.9          1315.5

Last Update: 2025-11-22 14:39:14
Device               TX Gbps     RX Gbps    TX Total(GB)    RX Total(GB)
========================================================================
mlx5_0                   0.0         0.0             0.0             0.0
mlx5_1                   0.0         0.0           463.6           647.7
mlx5_2                   0.0         0.0             0.0             0.0
mlx5_3                   0.0         0.0             0.0             0.0
mlx5_4                   0.0         0.0             0.0             0.0
mlx5_5                   0.0         0.0           467.3           667.8
mlx5_6                   0.0         0.0             0.0             0.0
mlx5_7                   0.0         0.0             0.0             0.0
mlx5_8                   0.0         0.0             0.0             0.0
mlx5_9                   0.0         0.0             0.0             0.0
------------------------------------------------------------------------
TOTAL                    0.0         0.0           930.9          1315.5

Last Update: 2025-11-22 14:39:15
Device               TX Gbps     RX Gbps    TX Total(GB)    RX Total(GB)
========================================================================
mlx5_0                   0.0         0.0             0.0             0.0
mlx5_1                   0.0         0.0           463.6           647.7
mlx5_2                   0.0         0.0             0.0             0.0
mlx5_3                   0.0         0.0             0.0             0.0
mlx5_4                   0.0         0.0             0.0             0.0
mlx5_5                   0.0         0.0           467.3           667.8
mlx5_6                   0.0         0.0             0.0             0.0
mlx5_7                   0.0         0.0             0.0             0.0
mlx5_8                   0.0         0.0             0.0             0.0
mlx5_9                   0.0         0.0             0.0             0.0
------------------------------------------------------------------------
TOTAL                    0.0         0.0           930.9          1315.5

Last Update: 2025-11-22 14:39:16
Device               TX Gbps     RX Gbps    TX Total(GB)    RX Total(GB)
========================================================================
mlx5_0                   0.0         0.0             0.0             0.0
mlx5_1                  19.2         0.0           466.0           647.7
mlx5_2                   0.0         0.0             0.0             0.0
mlx5_3                   0.0         0.0             0.0             0.0
mlx5_4                   0.0         0.0             0.0             0.0
mlx5_5                  18.8         0.0           469.7           667.8
mlx5_6                   0.0         0.0             0.0             0.0
mlx5_7                   0.0         0.0             0.0             0.0
mlx5_8                   0.0         0.0             0.0             0.0
mlx5_9                   0.0         0.0             0.0             0.0
------------------------------------------------------------------------
TOTAL                   38.0         0.0           935.7          1315.5

Last Update: 2025-11-22 14:39:17
Device               TX Gbps     RX Gbps    TX Total(GB)    RX Total(GB)
========================================================================
mlx5_0                   0.0         0.0             0.0             0.0
mlx5_1                   0.0         0.0           466.0           647.7
mlx5_2                   0.0         0.0             0.0             0.0
mlx5_3                   0.0         0.0             0.0             0.0
mlx5_4                   0.0         0.0             0.0             0.0
mlx5_5                   0.0         0.0           469.7           667.8
mlx5_6                   0.0         0.0             0.0             0.0
mlx5_7                   0.0         0.0             0.0             0.0
mlx5_8                   0.0         0.0             0.0             0.0
mlx5_9                   0.0         0.0             0.0             0.0
------------------------------------------------------------------------
TOTAL                    0.0         0.0           935.7          1315.5

Last Update: 2025-11-22 14:39:18
Device               TX Gbps     RX Gbps    TX Total(GB)    RX Total(GB)
========================================================================
mlx5_0                   0.0         0.0             0.0             0.0
mlx5_1                   0.0         0.0           466.0           647.7
mlx5_2                   0.0         0.0             0.0             0.0
mlx5_3                   0.0         0.0             0.0             0.0
mlx5_4                   0.0         0.0             0.0             0.0
mlx5_5                   0.0         0.0           469.7           667.8
mlx5_6                   0.0         0.0             0.0             0.0
mlx5_7                   0.0         0.0             0.0             0.0
mlx5_8                   0.0         0.0             0.0             0.0
mlx5_9                   0.0         0.0             0.0             0.0
------------------------------------------------------------------------
TOTAL                    0.0         0.0           935.7          1315.5

Last Update: 2025-11-22 14:39:19
Device               TX Gbps     RX Gbps    TX Total(GB)    RX Total(GB)
========================================================================
mlx5_0                   0.0         0.0             0.0             0.0
mlx5_1                  18.5         0.0           468.3           647.7
mlx5_2                   0.0         0.0             0.0             0.0
mlx5_3                   0.0         0.0             0.0             0.0
mlx5_4                   0.0         0.0             0.0             0.0
mlx5_5                  18.7         0.0           472.0           667.8
mlx5_6                   0.0         0.0             0.0             0.0
mlx5_7                   0.0         0.0             0.0             0.0
mlx5_8                   0.0         0.0             0.0             0.0
mlx5_9                   0.0         0.0             0.0             0.0
------------------------------------------------------------------------
TOTAL                   37.3         0.0           940.4          1315.5

Last Update: 2025-11-22 14:39:20
Device               TX Gbps     RX Gbps    TX Total(GB)    RX Total(GB)
========================================================================
mlx5_0                   0.0         0.0             0.0             0.0
mlx5_1                   0.0         0.0           468.3           647.7
mlx5_2                   0.0         0.0             0.0             0.0
mlx5_3                   0.0         0.0             0.0             0.0
mlx5_4                   0.0         0.0             0.0             0.0
mlx5_5                   0.0         0.0           472.0           667.8
mlx5_6                   0.0         0.0             0.0             0.0
mlx5_7                   0.0         0.0             0.0             0.0
mlx5_8                   0.0         0.0             0.0             0.0
mlx5_9                   0.0         0.0             0.0             0.0
------------------------------------------------------------------------
TOTAL                    0.0         0.0           940.4          1315.5

Last Update: 2025-11-22 14:39:21
Device               TX Gbps     RX Gbps    TX Total(GB)    RX Total(GB)
========================================================================
mlx5_0                   0.0         0.0             0.0             0.0
mlx5_1                   0.0         0.0           468.3           647.7
mlx5_2                   0.0         0.0             0.0             0.0
mlx5_3                   0.0         0.0             0.0             0.0
mlx5_4                   0.0         0.0             0.0             0.0
mlx5_5                   0.0         0.0           472.0           667.8
mlx5_6                   0.0         0.0             0.0             0.0
mlx5_7                   0.0         0.0             0.0             0.0
mlx5_8                   0.0         0.0             0.0             0.0
mlx5_9                   0.0         0.0             0.0             0.0
------------------------------------------------------------------------
TOTAL                    0.0         0.0           940.4          1315.5

Last Update: 2025-11-22 14:39:22
Device               TX Gbps     RX Gbps    TX Total(GB)    RX Total(GB)
========================================================================
mlx5_0                   0.0         0.0             0.0             0.0
mlx5_1                   0.0         0.0           468.3           647.7
mlx5_2                   0.0         0.0             0.0             0.0
mlx5_3                   0.0         0.0             0.0             0.0
mlx5_4                   0.0         0.0             0.0             0.0
mlx5_5                   0.0         0.0           472.0           667.8
mlx5_6                   0.0         0.0             0.0             0.0
mlx5_7                   0.0         0.0             0.0             0.0
mlx5_8                   0.0         0.0             0.0             0.0
mlx5_9                   0.0         0.0             0.0             0.0
------------------------------------------------------------------------
TOTAL                    0.0         0.0           940.4          1315.5

Last Update: 2025-11-22 14:39:23
Device               TX Gbps     RX Gbps    TX Total(GB)    RX Total(GB)
========================================================================
mlx5_0                   0.0         0.0             0.0             0.0
mlx5_1                  18.5         0.0           470.7           647.8
mlx5_2                   0.0         0.0             0.0             0.0
mlx5_3                   0.0         0.0             0.0             0.0
mlx5_4                   0.0         0.0             0.0             0.0
mlx5_5                  18.8         0.0           474.4           667.8
mlx5_6                   0.0         0.0             0.0             0.0
mlx5_7                   0.0         0.0             0.0             0.0
mlx5_8                   0.0         0.0             0.0             0.0
mlx5_9                   0.0         0.0             0.0             0.0
------------------------------------------------------------------------
TOTAL                   37.3         0.0           945.0          1315.5

Last Update: 2025-11-22 14:39:24
Device               TX Gbps     RX Gbps    TX Total(GB)    RX Total(GB)
========================================================================
mlx5_0                   0.0         0.0             0.0             0.0
mlx5_1                   0.0         0.0           470.7           647.8
mlx5_2                   0.0         0.0             0.0             0.0
mlx5_3                   0.0         0.0             0.0             0.0
mlx5_4                   0.0         0.0             0.0             0.0
mlx5_5                   0.0         0.0           474.4           667.8
mlx5_6                   0.0         0.0             0.0             0.0
mlx5_7                   0.0         0.0             0.0             0.0
mlx5_8                   0.0         0.0             0.0             0.0
mlx5_9                   0.0         0.0             0.0             0.0
------------------------------------------------------------------------
TOTAL                    0.0         0.0           945.0          1315.5

Last Update: 2025-11-22 14:39:25
Device               TX Gbps     RX Gbps    TX Total(GB)    RX Total(GB)
========================================================================
mlx5_0                   0.0         0.0             0.0             0.0
mlx5_1                   0.0         0.0           470.7           647.8
mlx5_2                   0.0         0.0             0.0             0.0
mlx5_3                   0.0         0.0             0.0             0.0
mlx5_4                   0.0         0.0             0.0             0.0
mlx5_5                   0.0         0.0           474.4           667.8
mlx5_6                   0.0         0.0             0.0             0.0
mlx5_7                   0.0         0.0             0.0             0.0
mlx5_8                   0.0         0.0             0.0             0.0
mlx5_9                   0.0         0.0             0.0             0.0
------------------------------------------------------------------------
TOTAL                    0.0         0.0           945.0          1315.5

Last Update: 2025-11-22 14:39:26
Device               TX Gbps     RX Gbps    TX Total(GB)    RX Total(GB)
========================================================================
mlx5_0                   0.0         0.0             0.0             0.0
mlx5_1                   0.0         0.0           470.7           647.8
mlx5_2                   0.0         0.0             0.0             0.0
mlx5_3                   0.0         0.0             0.0             0.0
mlx5_4                   0.0         0.0             0.0             0.0
mlx5_5                   0.0         0.0           474.4           667.8
mlx5_6                   0.0         0.0             0.0             0.0
mlx5_7                   0.0         0.0             0.0             0.0
mlx5_8                   0.0         0.0             0.0             0.0
mlx5_9                   0.0         0.0             0.0             0.0
------------------------------------------------------------------------
TOTAL                    0.0         0.0           945.0          1315.5

Last Update: 2025-11-22 14:39:27
Device               TX Gbps     RX Gbps    TX Total(GB)    RX Total(GB)
========================================================================
mlx5_0                   0.0         0.0             0.0             0.0
mlx5_1                  18.4         0.0           473.0           647.8
mlx5_2                   0.0         0.0             0.0             0.0
mlx5_3                   0.0         0.0             0.0             0.0
mlx5_4                   0.0         0.0             0.0             0.0
mlx5_5                  18.8         0.0           476.7           667.8
mlx5_6                   0.0         0.0             0.0             0.0
mlx5_7                   0.0         0.0             0.0             0.0
mlx5_8                   0.0         0.0             0.0             0.0
mlx5_9                   0.0         0.0             0.0             0.0
------------------------------------------------------------------------
TOTAL                   37.3         0.0           949.7          1315.5

Last Update: 2025-11-22 14:39:28
Device               TX Gbps     RX Gbps    TX Total(GB)    RX Total(GB)
========================================================================
mlx5_0                   0.0         0.0             0.0             0.0
mlx5_1                   0.0         0.0           473.0           647.8
mlx5_2                   0.0         0.0             0.0             0.0
mlx5_3                   0.0         0.0             0.0             0.0
mlx5_4                   0.0         0.0             0.0             0.0
mlx5_5                   0.0         0.0           476.7           667.8
mlx5_6                   0.0         0.0             0.0             0.0
mlx5_7                   0.0         0.0             0.0             0.0
mlx5_8                   0.0         0.0             0.0             0.0
mlx5_9                   0.0         0.0             0.0             0.0
------------------------------------------------------------------------
TOTAL                    0.0         0.0           949.7          1315.5

Last Update: 2025-11-22 14:39:29
Device               TX Gbps     RX Gbps    TX Total(GB)    RX Total(GB)
========================================================================
mlx5_0                   0.0         0.0             0.0             0.0
mlx5_1                   0.0         0.0           473.0           647.8
mlx5_2                   0.0         0.0             0.0             0.0
mlx5_3                   0.0         0.0             0.0             0.0
mlx5_4                   0.0         0.0             0.0             0.0
mlx5_5                   0.0         0.0           476.7           667.8
mlx5_6                   0.0         0.0             0.0             0.0
mlx5_7                   0.0         0.0             0.0             0.0
mlx5_8                   0.0         0.0             0.0             0.0
mlx5_9                   0.0         0.0             0.0             0.0
------------------------------------------------------------------------
TOTAL                    0.0         0.0           949.7          1315.5

Last Update: 2025-11-22 14:39:30
Device               TX Gbps     RX Gbps    TX Total(GB)    RX Total(GB)
========================================================================
mlx5_0                   0.0         0.0             0.0             0.0
mlx5_1                   0.0         0.0           473.0           647.8
mlx5_2                   0.0         0.0             0.0             0.0
mlx5_3                   0.0         0.0             0.0             0.0
mlx5_4                   0.0         0.0             0.0             0.0
mlx5_5                   0.0         0.0           476.7           667.8
mlx5_6                   0.0         0.0             0.0             0.0
mlx5_7                   0.0         0.0             0.0             0.0
mlx5_8                   0.0         0.0             0.0             0.0
mlx5_9                   0.0         0.0             0.0             0.0
------------------------------------------------------------------------
TOTAL                    0.0         0.0           949.7          1315.5

Last Update: 2025-11-22 14:39:31
Device               TX Gbps     RX Gbps    TX Total(GB)    RX Total(GB)
========================================================================
mlx5_0                   0.0         0.0             0.0             0.0
mlx5_1                  18.7         0.0           475.3           647.8
mlx5_2                   0.0         0.0             0.0             0.0
mlx5_3                   0.0         0.0             0.0             0.0
mlx5_4                   0.0         0.0             0.0             0.0
mlx5_5                  18.6         0.0           479.1           667.8
mlx5_6                   0.0         0.0             0.0             0.0
mlx5_7                   0.0         0.0             0.0             0.0
mlx5_8                   0.0         0.0             0.0             0.0
mlx5_9                   0.0         0.0             0.0             0.0
------------------------------------------------------------------------
TOTAL                   37.2         0.0           954.4          1315.5

Last Update: 2025-11-22 14:39:32
Device               TX Gbps     RX Gbps    TX Total(GB)    RX Total(GB)
========================================================================
mlx5_0                   0.0         0.0             0.0             0.0
mlx5_1                   0.0         0.0           475.3           647.8
mlx5_2                   0.0         0.0             0.0             0.0
mlx5_3                   0.0         0.0             0.0             0.0
mlx5_4                   0.0         0.0             0.0             0.0
mlx5_5                   0.0         0.0           479.1           667.8
mlx5_6                   0.0         0.0             0.0             0.0
mlx5_7                   0.0         0.0             0.0             0.0
mlx5_8                   0.0         0.0             0.0             0.0
mlx5_9                   0.0         0.0             0.0             0.0
------------------------------------------------------------------------
TOTAL                    0.0         0.0           954.4          1315.5

Last Update: 2025-11-22 14:39:33
Device               TX Gbps     RX Gbps    TX Total(GB)    RX Total(GB)
========================================================================
mlx5_0                   0.0         0.0             0.0             0.0
mlx5_1                   0.0         0.0           475.3           647.8
mlx5_2                   0.0         0.0             0.0             0.0
mlx5_3                   0.0         0.0             0.0             0.0
mlx5_4                   0.0         0.0             0.0             0.0
mlx5_5                   0.0         0.0           479.1           667.8
mlx5_6                   0.0         0.0             0.0             0.0
mlx5_7                   0.0         0.0             0.0             0.0
mlx5_8                   0.0         0.0             0.0             0.0
mlx5_9                   0.0         0.0             0.0             0.0
------------------------------------------------------------------------
TOTAL                    0.0         0.0           954.4          1315.5

Last Update: 2025-11-22 14:39:34
Device               TX Gbps     RX Gbps    TX Total(GB)    RX Total(GB)
========================================================================
mlx5_0                   0.0         0.0             0.0             0.0
mlx5_1                   0.0         0.0           475.3           647.8
mlx5_2                   0.0         0.0             0.0             0.0
mlx5_3                   0.0         0.0             0.0             0.0
mlx5_4                   0.0         0.0             0.0             0.0
mlx5_5                   0.0         0.0           479.1           667.8
mlx5_6                   0.0         0.0             0.0             0.0
mlx5_7                   0.0         0.0             0.0             0.0
mlx5_8                   0.0         0.0             0.0             0.0
mlx5_9                   0.0         0.0             0.0             0.0
------------------------------------------------------------------------
TOTAL                    0.0         0.0           954.4          1315.5

Last Update: 2025-11-22 14:39:35
Device               TX Gbps     RX Gbps    TX Total(GB)    RX Total(GB)
========================================================================
mlx5_0                   0.0         0.0             0.0             0.0
mlx5_1                  18.8        32.1           477.7           651.8
mlx5_2                   0.0         0.0             0.0             0.0
mlx5_3                   0.0         0.0             0.0             0.0
mlx5_4                   0.0         0.0             0.0             0.0
mlx5_5                  18.8        33.8           481.4           672.0
mlx5_6                   0.0         0.0             0.0             0.0
mlx5_7                   0.0         0.0             0.0             0.0
mlx5_8                   0.0         0.0             0.0             0.0
mlx5_9                   0.0         0.0             0.0             0.0
------------------------------------------------------------------------
TOTAL                   37.6        65.9           959.1          1323.8

Last Update: 2025-11-22 14:39:36
Device               TX Gbps     RX Gbps    TX Total(GB)    RX Total(GB)
========================================================================
mlx5_0                   0.0         0.0             0.0             0.0
mlx5_1                   0.5        79.0           477.7           661.7
mlx5_2                   0.0         0.0             0.0             0.0
mlx5_3                   0.0         0.0             0.0             0.0
mlx5_4                   0.0         0.0             0.0             0.0
mlx5_5                   0.6        81.7           481.5           682.3
mlx5_6                   0.0         0.0             0.0             0.0
mlx5_7                   0.0         0.0             0.0             0.0
mlx5_8                   0.0         0.0             0.0             0.0
mlx5_9                   0.0         0.0             0.0             0.0
------------------------------------------------------------------------
TOTAL                    1.1       160.6           959.3          1344.0

Last Update: 2025-11-22 14:39:37
Device               TX Gbps     RX Gbps    TX Total(GB)    RX Total(GB)
========================================================================
mlx5_0                   0.0         0.0             0.0             0.0
mlx5_1                   0.0         0.0           477.7           661.7
mlx5_2                   0.0         0.0             0.0             0.0
mlx5_3                   0.0         0.0             0.0             0.0
mlx5_4                   0.0         0.0             0.0             0.0
mlx5_5                   0.0         0.0           481.5           682.3
mlx5_6                   0.0         0.0             0.0             0.0
mlx5_7                   0.0         0.0             0.0             0.0
mlx5_8                   0.0         0.0             0.0             0.0
mlx5_9                   0.0         0.0             0.0             0.0
------------------------------------------------------------------------
TOTAL                    0.0         0.0           959.3          1344.0

Last Update: 2025-11-22 14:39:38
Device               TX Gbps     RX Gbps    TX Total(GB)    RX Total(GB)
========================================================================
mlx5_0                   0.0         0.0             0.0             0.0
mlx5_1                   0.0         0.0           477.7           661.7
mlx5_2                   0.0         0.0             0.0             0.0
mlx5_3                   0.0         0.0             0.0             0.0
mlx5_4                   0.0         0.0             0.0             0.0
mlx5_5                   0.0         0.0           481.5           682.3
mlx5_6                   0.0         0.0             0.0             0.0
mlx5_7                   0.0         0.0             0.0             0.0
mlx5_8                   0.0         0.0             0.0             0.0
mlx5_9                   0.0         0.0             0.0             0.0
------------------------------------------------------------------------
TOTAL                    0.0         0.0           959.3          1344.0

Last Update: 2025-11-22 14:39:39
Device               TX Gbps     RX Gbps    TX Total(GB)    RX Total(GB)
========================================================================
mlx5_0                   0.0         0.0             0.0             0.0
mlx5_1                   0.0         0.0           477.7           661.7
mlx5_2                   0.0         0.0             0.0             0.0
mlx5_3                   0.0         0.0             0.0             0.0
mlx5_4                   0.0         0.0             0.0             0.0
mlx5_5                   0.0         0.0           481.5           682.3
mlx5_6                   0.0         0.0             0.0             0.0
mlx5_7                   0.0         0.0             0.0             0.0
mlx5_8                   0.0         0.0             0.0             0.0
mlx5_9                   0.0         0.0             0.0             0.0
------------------------------------------------------------------------
TOTAL                    0.0         0.0           959.3          1344.0

Last Update: 2025-11-22 14:39:40
Device               TX Gbps     RX Gbps    TX Total(GB)    RX Total(GB)
========================================================================
mlx5_0                   0.0         0.0             0.0             0.0
mlx5_1                  18.2         0.0           480.0           661.7
mlx5_2                   0.0         0.0             0.0             0.0
mlx5_3                   0.0         0.0             0.0             0.0
mlx5_4                   0.0         0.0             0.0             0.0
mlx5_5                  18.8         0.0           483.9           682.3
mlx5_6                   0.0         0.0             0.0             0.0
mlx5_7                   0.0         0.0             0.0             0.0
mlx5_8                   0.0         0.0             0.0             0.0
mlx5_9                   0.0         0.0             0.0             0.0
------------------------------------------------------------------------
TOTAL                   37.1         0.0           963.9          1344.0

Last Update: 2025-11-22 14:39:41
Device               TX Gbps     RX Gbps    TX Total(GB)    RX Total(GB)
========================================================================
mlx5_0                   0.0         0.0             0.0             0.0
mlx5_1                   0.5         0.0           480.1           661.7
mlx5_2                   0.0         0.0             0.0             0.0
mlx5_3                   0.0         0.0             0.0             0.0
mlx5_4                   0.0         0.0             0.0             0.0
mlx5_5                   0.4         0.0           483.9           682.3
mlx5_6                   0.0         0.0             0.0             0.0
mlx5_7                   0.0         0.0             0.0             0.0
mlx5_8                   0.0         0.0             0.0             0.0
mlx5_9                   0.0         0.0             0.0             0.0
------------------------------------------------------------------------
TOTAL                    0.9         0.0           964.0          1344.0

Last Update: 2025-11-22 14:39:42
Device               TX Gbps     RX Gbps    TX Total(GB)    RX Total(GB)
========================================================================
mlx5_0                   0.0         0.0             0.0             0.0
mlx5_1                   0.0         0.0           480.1           661.7
mlx5_2                   0.0         0.0             0.0             0.0
mlx5_3                   0.0         0.0             0.0             0.0
mlx5_4                   0.0         0.0             0.0             0.0
mlx5_5                   0.0         0.0           483.9           682.3
mlx5_6                   0.0         0.0             0.0             0.0
mlx5_7                   0.0         0.0             0.0             0.0
mlx5_8                   0.0         0.0             0.0             0.0
mlx5_9                   0.0         0.0             0.0             0.0
------------------------------------------------------------------------
TOTAL                    0.0         0.0           964.0          1344.0

Last Update: 2025-11-22 14:39:43
Device               TX Gbps     RX Gbps    TX Total(GB)    RX Total(GB)
========================================================================
mlx5_0                   0.0         0.0             0.0             0.0
mlx5_1                   0.0         0.0           480.1           661.7
mlx5_2                   0.0         0.0             0.0             0.0
mlx5_3                   0.0         0.0             0.0             0.0
mlx5_4                   0.0         0.0             0.0             0.0
mlx5_5                   0.0         0.0           483.9           682.3
mlx5_6                   0.0         0.0             0.0             0.0
mlx5_7                   0.0         0.0             0.0             0.0
mlx5_8                   0.0         0.0             0.0             0.0
mlx5_9                   0.0         0.0             0.0             0.0
------------------------------------------------------------------------
TOTAL                    0.0         0.0           964.0          1344.0

Last Update: 2025-11-22 14:39:44
Device               TX Gbps     RX Gbps    TX Total(GB)    RX Total(GB)
========================================================================
mlx5_0                   0.0         0.0             0.0             0.0
mlx5_1                  18.5         0.0           482.4           661.7
mlx5_2                   0.0         0.0             0.0             0.0
mlx5_3                   0.0         0.0             0.0             0.0
mlx5_4                   0.0         0.0             0.0             0.0
mlx5_5                  18.7         0.0           486.3           682.3
mlx5_6                   0.0         0.0             0.0             0.0
mlx5_7                   0.0         0.0             0.0             0.0
mlx5_8                   0.0         0.0             0.0             0.0
mlx5_9                   0.0         0.0             0.0             0.0
------------------------------------------------------------------------
TOTAL                   37.2         0.0           968.7          1344.0

Last Update: 2025-11-22 14:39:45
Device               TX Gbps     RX Gbps    TX Total(GB)    RX Total(GB)
========================================================================
mlx5_0                   0.0         0.0             0.0             0.0
mlx5_1                   0.0         0.0           482.4           661.7
mlx5_2                   0.0         0.0             0.0             0.0
mlx5_3                   0.0         0.0             0.0             0.0
mlx5_4                   0.0         0.0             0.0             0.0
mlx5_5                   0.0         0.0           486.3           682.3
mlx5_6                   0.0         0.0             0.0             0.0
mlx5_7                   0.0         0.0             0.0             0.0
mlx5_8                   0.0         0.0             0.0             0.0
mlx5_9                   0.0         0.0             0.0             0.0
------------------------------------------------------------------------
TOTAL                    0.0         0.0           968.7          1344.0

Last Update: 2025-11-22 14:39:46
Device               TX Gbps     RX Gbps    TX Total(GB)    RX Total(GB)
========================================================================
mlx5_0                   0.0         0.0             0.0             0.0
mlx5_1                   0.0         0.0           482.4           661.7
mlx5_2                   0.0         0.0             0.0             0.0
mlx5_3                   0.0         0.0             0.0             0.0
mlx5_4                   0.0         0.0             0.0             0.0
mlx5_5                   0.0         0.0           486.3           682.3
mlx5_6                   0.0         0.0             0.0             0.0
mlx5_7                   0.0         0.0             0.0             0.0
mlx5_8                   0.0         0.0             0.0             0.0
mlx5_9                   0.0         0.0             0.0             0.0
------------------------------------------------------------------------
TOTAL                    0.0         0.0           968.7          1344.0

Last Update: 2025-11-22 14:39:47
Device               TX Gbps     RX Gbps    TX Total(GB)    RX Total(GB)
========================================================================
mlx5_0                   0.0         0.0             0.0             0.0
mlx5_1                  18.6         0.0           484.8           661.7
mlx5_2                   0.0         0.0             0.0             0.0
mlx5_3                   0.0         0.0             0.0             0.0
mlx5_4                   0.0         0.0             0.0             0.0
mlx5_5                  18.6         0.0           488.6           682.3
mlx5_6                   0.0         0.0             0.0             0.0
mlx5_7                   0.0         0.0             0.0             0.0
mlx5_8                   0.0         0.0             0.0             0.0
mlx5_9                   0.0         0.0             0.0             0.0
------------------------------------------------------------------------
TOTAL                   37.2         0.0           973.4          1344.0

Last Update: 2025-11-22 14:39:48
Device               TX Gbps     RX Gbps    TX Total(GB)    RX Total(GB)
========================================================================
mlx5_0                   0.0         0.0             0.0             0.0
mlx5_1                   0.0         0.0           484.8           661.7
mlx5_2                   0.0         0.0             0.0             0.0
mlx5_3                   0.0         0.0             0.0             0.0
mlx5_4                   0.0         0.0             0.0             0.0
mlx5_5                   0.0         0.0           488.6           682.3
mlx5_6                   0.0         0.0             0.0             0.0
mlx5_7                   0.0         0.0             0.0             0.0
mlx5_8                   0.0         0.0             0.0             0.0
mlx5_9                   0.0         0.0             0.0             0.0
------------------------------------------------------------------------
TOTAL                    0.0         0.0           973.4          1344.0

Last Update: 2025-11-22 14:39:49
Device               TX Gbps     RX Gbps    TX Total(GB)    RX Total(GB)
========================================================================
mlx5_0                   0.0         0.0             0.0             0.0
mlx5_1                   0.0         0.0           484.8           661.7
mlx5_2                   0.0         0.0             0.0             0.0
mlx5_3                   0.0         0.0             0.0             0.0
mlx5_4                   0.0         0.0             0.0             0.0
mlx5_5                   0.0         0.0           488.6           682.3
mlx5_6                   0.0         0.0             0.0             0.0
mlx5_7                   0.0         0.0             0.0             0.0
mlx5_8                   0.0         0.0             0.0             0.0
mlx5_9                   0.0         0.0             0.0             0.0
------------------------------------------------------------------------
TOTAL                    0.0         0.0           973.4          1344.0

Last Update: 2025-11-22 14:39:50
Device               TX Gbps     RX Gbps    TX Total(GB)    RX Total(GB)
========================================================================
mlx5_0                   0.0         0.0             0.0             0.0
mlx5_1                   0.0         0.0           484.8           661.7
mlx5_2                   0.0         0.0             0.0             0.0
mlx5_3                   0.0         0.0             0.0             0.0
mlx5_4                   0.0         0.0             0.0             0.0
mlx5_5                   0.0         0.0           488.6           682.3
mlx5_6                   0.0         0.0             0.0             0.0
mlx5_7                   0.0         0.0             0.0             0.0
mlx5_8                   0.0         0.0             0.0             0.0
mlx5_9                   0.0         0.0             0.0             0.0
------------------------------------------------------------------------
TOTAL                    0.0         0.0           973.4          1344.0

Last Update: 2025-11-22 14:39:51
Device               TX Gbps     RX Gbps    TX Total(GB)    RX Total(GB)
========================================================================
mlx5_0                   0.0         0.0             0.0             0.0
mlx5_1                  18.5         0.0           487.1           661.7
mlx5_2                   0.0         0.0             0.0             0.0
mlx5_3                   0.0         0.0             0.0             0.0
mlx5_4                   0.0         0.0             0.0             0.0
mlx5_5                  18.7         0.0           491.0           682.3
mlx5_6                   0.0         0.0             0.0             0.0
mlx5_7                   0.0         0.0             0.0             0.0
mlx5_8                   0.0         0.0             0.0             0.0
mlx5_9                   0.0         0.0             0.0             0.0
------------------------------------------------------------------------
TOTAL                   37.3         0.0           978.0          1344.0

Last Update: 2025-11-22 14:39:52
Device               TX Gbps     RX Gbps    TX Total(GB)    RX Total(GB)
========================================================================
mlx5_0                   0.0         0.0             0.0             0.0
mlx5_1                   0.0         0.0           487.1           661.7
mlx5_2                   0.0         0.0             0.0             0.0
mlx5_3                   0.0         0.0             0.0             0.0
mlx5_4                   0.0         0.0             0.0             0.0
mlx5_5                   0.0         0.0           491.0           682.3
mlx5_6                   0.0         0.0             0.0             0.0
mlx5_7                   0.0         0.0             0.0             0.0
mlx5_8                   0.0         0.0             0.0             0.0
mlx5_9                   0.0         0.0             0.0             0.0
------------------------------------------------------------------------
TOTAL                    0.0         0.0           978.0          1344.0

Last Update: 2025-11-22 14:39:53
Device               TX Gbps     RX Gbps    TX Total(GB)    RX Total(GB)
========================================================================
mlx5_0                   0.0         0.0             0.0             0.0
mlx5_1                   0.0         0.0           487.1           661.7
mlx5_2                   0.0         0.0             0.0             0.0
mlx5_3                   0.0         0.0             0.0             0.0
mlx5_4                   0.0         0.0             0.0             0.0
mlx5_5                   0.0         0.0           491.0           682.3
mlx5_6                   0.0         0.0             0.0             0.0
mlx5_7                   0.0         0.0             0.0             0.0
mlx5_8                   0.0         0.0             0.0             0.0
mlx5_9                   0.0         0.0             0.0             0.0
------------------------------------------------------------------------
TOTAL                    0.0         0.0           978.0          1344.0

Last Update: 2025-11-22 14:39:54
Device               TX Gbps     RX Gbps    TX Total(GB)    RX Total(GB)
========================================================================
mlx5_0                   0.0         0.0             0.0             0.0
mlx5_1                   0.0         0.0           487.1           661.7
mlx5_2                   0.0         0.0             0.0             0.0
mlx5_3                   0.0         0.0             0.0             0.0
mlx5_4                   0.0         0.0             0.0             0.0
mlx5_5                   0.0         0.0           491.0           682.3
mlx5_6                   0.0         0.0             0.0             0.0
mlx5_7                   0.0         0.0             0.0             0.0
mlx5_8                   0.0         0.0             0.0             0.0
mlx5_9                   0.0         0.0             0.0             0.0
------------------------------------------------------------------------
TOTAL                    0.0         0.0           978.0          1344.0

Last Update: 2025-11-22 14:39:55
Device               TX Gbps     RX Gbps    TX Total(GB)    RX Total(GB)
========================================================================
mlx5_0                   0.0         0.0             0.0             0.0
mlx5_1                  18.7         0.0           489.4           661.7
mlx5_2                   0.0         0.0             0.0             0.0
mlx5_3                   0.0         0.0             0.0             0.0
mlx5_4                   0.0         0.0             0.0             0.0
mlx5_5                  18.6         0.0           493.3           682.3
mlx5_6                   0.0         0.0             0.0             0.0
mlx5_7                   0.0         0.0             0.0             0.0
mlx5_8                   0.0         0.0             0.0             0.0
mlx5_9                   0.0         0.0             0.0             0.0
------------------------------------------------------------------------
TOTAL                   37.2         0.0           982.7          1344.0

Last Update: 2025-11-22 14:39:56
Device               TX Gbps     RX Gbps    TX Total(GB)    RX Total(GB)
========================================================================
mlx5_0                   0.0         0.0             0.0             0.0
mlx5_1                   0.0         0.0           489.4           661.7
mlx5_2                   0.0         0.0             0.0             0.0
mlx5_3                   0.0         0.0             0.0             0.0
mlx5_4                   0.0         0.0             0.0             0.0
mlx5_5                   0.0         0.0           493.3           682.3
mlx5_6                   0.0         0.0             0.0             0.0
mlx5_7                   0.0         0.0             0.0             0.0
mlx5_8                   0.0         0.0             0.0             0.0
mlx5_9                   0.0         0.0             0.0             0.0
------------------------------------------------------------------------
TOTAL                    0.0         0.0           982.7          1344.0

Last Update: 2025-11-22 14:39:57
Device               TX Gbps     RX Gbps    TX Total(GB)    RX Total(GB)
========================================================================
mlx5_0                   0.0         0.0             0.0             0.0
mlx5_1                   0.0         0.0           489.4           661.7
mlx5_2                   0.0         0.0             0.0             0.0
mlx5_3                   0.0         0.0             0.0             0.0
mlx5_4                   0.0         0.0             0.0             0.0
mlx5_5                   0.0         0.0           493.3           682.3
mlx5_6                   0.0         0.0             0.0             0.0
mlx5_7                   0.0         0.0             0.0             0.0
mlx5_8                   0.0         0.0             0.0             0.0
mlx5_9                   0.0         0.0             0.0             0.0
------------------------------------------------------------------------
TOTAL                    0.0         0.0           982.7          1344.0

Last Update: 2025-11-22 14:39:58
Device               TX Gbps     RX Gbps    TX Total(GB)    RX Total(GB)
========================================================================
mlx5_0                   0.0         0.0             0.0             0.0
mlx5_1                   0.0         0.0           489.4           661.7
mlx5_2                   0.0         0.0             0.0             0.0
mlx5_3                   0.0         0.0             0.0             0.0
mlx5_4                   0.0         0.0             0.0             0.0
mlx5_5                   0.0         0.0           493.3           682.3
mlx5_6                   0.0         0.0             0.0             0.0
mlx5_7                   0.0         0.0             0.0             0.0
mlx5_8                   0.0         0.0             0.0             0.0
mlx5_9                   0.0         0.0             0.0             0.0
------------------------------------------------------------------------
TOTAL                    0.0         0.0           982.7          1344.0

Last Update: 2025-11-22 14:39:59
Device               TX Gbps     RX Gbps    TX Total(GB)    RX Total(GB)
========================================================================
mlx5_0                   0.0         0.0             0.0             0.0
mlx5_1                  18.9        57.8           491.8           669.0
mlx5_2                   0.0         0.0             0.0             0.0
mlx5_3                   0.0         0.0             0.0             0.0
mlx5_4                   0.0         0.0             0.0             0.0
mlx5_5                  19.0        60.5           495.7           689.9
mlx5_6                   0.0         0.0             0.0             0.0
mlx5_7                   0.0         0.0             0.0             0.0
mlx5_8                   0.0         0.0             0.0             0.0
mlx5_9                   0.0         0.0             0.0             0.0
------------------------------------------------------------------------
TOTAL                   38.0       118.3           987.5          1358.9

Last Update: 2025-11-22 14:40:00
Device               TX Gbps     RX Gbps    TX Total(GB)    RX Total(GB)
========================================================================
mlx5_0                   0.0         0.0             0.0             0.0
mlx5_1                   0.3        53.4           491.9           675.7
mlx5_2                   0.0         0.0             0.0             0.0
mlx5_3                   0.0         0.0             0.0             0.0
mlx5_4                   0.0         0.0             0.0             0.0
mlx5_5                   0.3        54.8           495.7           696.8
mlx5_6                   0.0         0.0             0.0             0.0
mlx5_7                   0.0         0.0             0.0             0.0
mlx5_8                   0.0         0.0             0.0             0.0
mlx5_9                   0.0         0.0             0.0             0.0
------------------------------------------------------------------------
TOTAL                    0.7       108.3           987.6          1372.5

Last Update: 2025-11-22 14:40:01
Device               TX Gbps     RX Gbps    TX Total(GB)    RX Total(GB)
========================================================================
mlx5_0                   0.0         0.0             0.0             0.0
mlx5_1                   0.0         0.0           491.9           675.7
mlx5_2                   0.0         0.0             0.0             0.0
mlx5_3                   0.0         0.0             0.0             0.0
mlx5_4                   0.0         0.0             0.0             0.0
mlx5_5                   0.0         0.0           495.7           696.8
mlx5_6                   0.0         0.0             0.0             0.0
mlx5_7                   0.0         0.0             0.0             0.0
mlx5_8                   0.0         0.0             0.0             0.0
mlx5_9                   0.0         0.0             0.0             0.0
------------------------------------------------------------------------
TOTAL                    0.0         0.0           987.6          1372.5

Last Update: 2025-11-22 14:40:02
Device               TX Gbps     RX Gbps    TX Total(GB)    RX Total(GB)
========================================================================
mlx5_0                   0.0         0.0             0.0             0.0
mlx5_1                   0.0         0.0           491.9           675.7
mlx5_2                   0.0         0.0             0.0             0.0
mlx5_3                   0.0         0.0             0.0             0.0
mlx5_4                   0.0         0.0             0.0             0.0
mlx5_5                   0.0         0.0           495.7           696.8
mlx5_6                   0.0         0.0             0.0             0.0
mlx5_7                   0.0         0.0             0.0             0.0
mlx5_8                   0.0         0.0             0.0             0.0
mlx5_9                   0.0         0.0             0.0             0.0
------------------------------------------------------------------------
TOTAL                    0.0         0.0           987.6          1372.5

Last Update: 2025-11-22 14:40:03
Device               TX Gbps     RX Gbps    TX Total(GB)    RX Total(GB)
========================================================================
mlx5_0                   0.0         0.0             0.0             0.0
mlx5_1                   0.0         0.0           491.9           675.7
mlx5_2                   0.0         0.0             0.0             0.0
mlx5_3                   0.0         0.0             0.0             0.0
mlx5_4                   0.0         0.0             0.0             0.0
mlx5_5                   0.0         0.0           495.7           696.8
mlx5_6                   0.0         0.0             0.0             0.0
mlx5_7                   0.0         0.0             0.0             0.0
mlx5_8                   0.0         0.0             0.0             0.0
mlx5_9                   0.0         0.0             0.0             0.0
------------------------------------------------------------------------
TOTAL                    0.0         0.0           987.6          1372.5

Last Update: 2025-11-22 14:40:04
Device               TX Gbps     RX Gbps    TX Total(GB)    RX Total(GB)
========================================================================
mlx5_0                   0.0         0.0             0.0             0.0
mlx5_1                  17.8         0.0           494.1           675.7
mlx5_2                   0.0         0.0             0.0             0.0
mlx5_3                   0.0         0.0             0.0             0.0
mlx5_4                   0.0         0.0             0.0             0.0
mlx5_5                  17.9         0.0           498.0           696.8
mlx5_6                   0.0         0.0             0.0             0.0
mlx5_7                   0.0         0.0             0.0             0.0
mlx5_8                   0.0         0.0             0.0             0.0
mlx5_9                   0.0         0.0             0.0             0.0
------------------------------------------------------------------------
TOTAL                   35.6         0.0           992.1          1372.5

Last Update: 2025-11-22 14:40:05
Device               TX Gbps     RX Gbps    TX Total(GB)    RX Total(GB)
========================================================================
mlx5_0                   0.0         0.0             0.0             0.0
mlx5_1                   0.0         0.0           494.1           675.7
mlx5_2                   0.0         0.0             0.0             0.0
mlx5_3                   0.0         0.0             0.0             0.0
mlx5_4                   0.0         0.0             0.0             0.0
mlx5_5                   0.0         0.0           498.0           696.8
mlx5_6                   0.0         0.0             0.0             0.0
mlx5_7                   0.0         0.0             0.0             0.0
mlx5_8                   0.0         0.0             0.0             0.0
mlx5_9                   0.0         0.0             0.0             0.0
------------------------------------------------------------------------
TOTAL                    0.0         0.0           992.1          1372.5

Last Update: 2025-11-22 14:40:06
Device               TX Gbps     RX Gbps    TX Total(GB)    RX Total(GB)
========================================================================
mlx5_0                   0.0         0.0             0.0             0.0
mlx5_1                   0.0         0.0           494.1           675.7
mlx5_2                   0.0         0.0             0.0             0.0
mlx5_3                   0.0         0.0             0.0             0.0
mlx5_4                   0.0         0.0             0.0             0.0
mlx5_5                   0.0         0.0           498.0           696.8
mlx5_6                   0.0         0.0             0.0             0.0
mlx5_7                   0.0         0.0             0.0             0.0
mlx5_8                   0.0         0.0             0.0             0.0
mlx5_9                   0.0         0.0             0.0             0.0
------------------------------------------------------------------------
TOTAL                    0.0         0.0           992.1          1372.5

Last Update: 2025-11-22 14:40:07
Device               TX Gbps     RX Gbps    TX Total(GB)    RX Total(GB)
========================================================================
mlx5_0                   0.0         0.0             0.0             0.0
mlx5_1                  18.6         0.0           496.4           675.7
mlx5_2                   0.0         0.0             0.0             0.0
mlx5_3                   0.0         0.0             0.0             0.0
mlx5_4                   0.0         0.0             0.0             0.0
mlx5_5                  18.6         0.0           500.3           696.8
mlx5_6                   0.0         0.0             0.0             0.0
mlx5_7                   0.0         0.0             0.0             0.0
mlx5_8                   0.0         0.0             0.0             0.0
mlx5_9                   0.0         0.0             0.0             0.0
------------------------------------------------------------------------
TOTAL                   37.2         0.0           996.7          1372.5

Last Update: 2025-11-22 14:40:08
Device               TX Gbps     RX Gbps    TX Total(GB)    RX Total(GB)
========================================================================
mlx5_0                   0.0         0.0             0.0             0.0
mlx5_1                   0.0         0.0           496.4           675.7
mlx5_2                   0.0         0.0             0.0             0.0
mlx5_3                   0.0         0.0             0.0             0.0
mlx5_4                   0.0         0.0             0.0             0.0
mlx5_5                   0.0         0.0           500.3           696.8
mlx5_6                   0.0         0.0             0.0             0.0
mlx5_7                   0.0         0.0             0.0             0.0
mlx5_8                   0.0         0.0             0.0             0.0
mlx5_9                   0.0         0.0             0.0             0.0
------------------------------------------------------------------------
TOTAL                    0.0         0.0           996.7          1372.5

Last Update: 2025-11-22 14:40:09
Device               TX Gbps     RX Gbps    TX Total(GB)    RX Total(GB)
========================================================================
mlx5_0                   0.0         0.0             0.0             0.0
mlx5_1                   0.0         0.0           496.4           675.7
mlx5_2                   0.0         0.0             0.0             0.0
mlx5_3                   0.0         0.0             0.0             0.0
mlx5_4                   0.0         0.0             0.0             0.0
mlx5_5                   0.0         0.0           500.3           696.8
mlx5_6                   0.0         0.0             0.0             0.0
mlx5_7                   0.0         0.0             0.0             0.0
mlx5_8                   0.0         0.0             0.0             0.0
mlx5_9                   0.0         0.0             0.0             0.0
------------------------------------------------------------------------
TOTAL                    0.0         0.0           996.7          1372.5

Last Update: 2025-11-22 14:40:10
Device               TX Gbps     RX Gbps    TX Total(GB)    RX Total(GB)
========================================================================
mlx5_0                   0.0         0.0             0.0             0.0
mlx5_1                   0.0         0.0           496.4           675.7
mlx5_2                   0.0         0.0             0.0             0.0
mlx5_3                   0.0         0.0             0.0             0.0
mlx5_4                   0.0         0.0             0.0             0.0
mlx5_5                   0.0         0.0           500.3           696.8
mlx5_6                   0.0         0.0             0.0             0.0
mlx5_7                   0.0         0.0             0.0             0.0
mlx5_8                   0.0         0.0             0.0             0.0
mlx5_9                   0.0         0.0             0.0             0.0
------------------------------------------------------------------------
TOTAL                    0.0         0.0           996.7          1372.5

Last Update: 2025-11-22 14:40:11
Device               TX Gbps     RX Gbps    TX Total(GB)    RX Total(GB)
========================================================================
mlx5_0                   0.0         0.0             0.0             0.0
mlx5_1                  18.6         0.0           498.8           675.7
mlx5_2                   0.0         0.0             0.0             0.0
mlx5_3                   0.0         0.0             0.0             0.0
mlx5_4                   0.0         0.0             0.0             0.0
mlx5_5                  18.7         0.0           502.7           696.8
mlx5_6                   0.0         0.0             0.0             0.0
mlx5_7                   0.0         0.0             0.0             0.0
mlx5_8                   0.0         0.0             0.0             0.0
mlx5_9                   0.0         0.0             0.0             0.0
------------------------------------------------------------------------
TOTAL                   37.2         0.0          1001.4          1372.5

Last Update: 2025-11-22 14:40:12
Device               TX Gbps     RX Gbps    TX Total(GB)    RX Total(GB)
========================================================================
mlx5_0                   0.0         0.0             0.0             0.0
mlx5_1                   0.0         0.0           498.8           675.7
mlx5_2                   0.0         0.0             0.0             0.0
mlx5_3                   0.0         0.0             0.0             0.0
mlx5_4                   0.0         0.0             0.0             0.0
mlx5_5                   0.0         0.0           502.7           696.8
mlx5_6                   0.0         0.0             0.0             0.0
mlx5_7                   0.0         0.0             0.0             0.0
mlx5_8                   0.0         0.0             0.0             0.0
mlx5_9                   0.0         0.0             0.0             0.0
------------------------------------------------------------------------
TOTAL                    0.0         0.0          1001.4          1372.5

Last Update: 2025-11-22 14:40:13
Device               TX Gbps     RX Gbps    TX Total(GB)    RX Total(GB)
========================================================================
mlx5_0                   0.0         0.0             0.0             0.0
mlx5_1                   0.0         0.0           498.8           675.7
mlx5_2                   0.0         0.0             0.0             0.0
mlx5_3                   0.0         0.0             0.0             0.0
mlx5_4                   0.0         0.0             0.0             0.0
mlx5_5                   0.0         0.0           502.7           696.8
mlx5_6                   0.0         0.0             0.0             0.0
mlx5_7                   0.0         0.0             0.0             0.0
mlx5_8                   0.0         0.0             0.0             0.0
mlx5_9                   0.0         0.0             0.0             0.0
------------------------------------------------------------------------
TOTAL                    0.0         0.0          1001.4          1372.5

Last Update: 2025-11-22 14:40:14
Device               TX Gbps     RX Gbps    TX Total(GB)    RX Total(GB)
========================================================================
mlx5_0                   0.0         0.0             0.0             0.0
mlx5_1                   0.0         0.0           498.8           675.7
mlx5_2                   0.0         0.0             0.0             0.0
mlx5_3                   0.0         0.0             0.0             0.0
mlx5_4                   0.0         0.0             0.0             0.0
mlx5_5                   0.0         0.0           502.7           696.8
mlx5_6                   0.0         0.0             0.0             0.0
mlx5_7                   0.0         0.0             0.0             0.0
mlx5_8                   0.0         0.0             0.0             0.0
mlx5_9                   0.0         0.0             0.0             0.0
------------------------------------------------------------------------
TOTAL                    0.0         0.0          1001.4          1372.5

Last Update: 2025-11-22 14:40:15
Device               TX Gbps     RX Gbps    TX Total(GB)    RX Total(GB)
========================================================================
mlx5_0                   0.0         0.0             0.0             0.0
mlx5_1                  18.6         0.0           501.1           675.7
mlx5_2                   0.0         0.0             0.0             0.0
mlx5_3                   0.0         0.0             0.0             0.0
mlx5_4                   0.0         0.0             0.0             0.0
mlx5_5                  18.6         0.0           505.0           696.8
mlx5_6                   0.0         0.0             0.0             0.0
mlx5_7                   0.0         0.0             0.0             0.0
mlx5_8                   0.0         0.0             0.0             0.0
mlx5_9                   0.0         0.0             0.0             0.0
------------------------------------------------------------------------
TOTAL                   37.2         0.0          1006.1          1372.5

Last Update: 2025-11-22 14:40:16
Device               TX Gbps     RX Gbps    TX Total(GB)    RX Total(GB)
========================================================================
mlx5_0                   0.0         0.0             0.0             0.0
mlx5_1                   0.0         0.0           501.1           675.7
mlx5_2                   0.0         0.0             0.0             0.0
mlx5_3                   0.0         0.0             0.0             0.0
mlx5_4                   0.0         0.0             0.0             0.0
mlx5_5                   0.0         0.0           505.0           696.8
mlx5_6                   0.0         0.0             0.0             0.0
mlx5_7                   0.0         0.0             0.0             0.0
mlx5_8                   0.0         0.0             0.0             0.0
mlx5_9                   0.0         0.0             0.0             0.0
------------------------------------------------------------------------
TOTAL                    0.0         0.0          1006.1          1372.5

Last Update: 2025-11-22 14:40:17
Device               TX Gbps     RX Gbps    TX Total(GB)    RX Total(GB)
========================================================================
mlx5_0                   0.0         0.0             0.0             0.0
mlx5_1                   0.0         0.0           501.1           675.7
mlx5_2                   0.0         0.0             0.0             0.0
mlx5_3                   0.0         0.0             0.0             0.0
mlx5_4                   0.0         0.0             0.0             0.0
mlx5_5                   0.0         0.0           505.0           696.8
mlx5_6                   0.0         0.0             0.0             0.0
mlx5_7                   0.0         0.0             0.0             0.0
mlx5_8                   0.0         0.0             0.0             0.0
mlx5_9                   0.0         0.0             0.0             0.0
------------------------------------------------------------------------
TOTAL                    0.0         0.0          1006.1          1372.5

Last Update: 2025-11-22 14:40:18
Device               TX Gbps     RX Gbps    TX Total(GB)    RX Total(GB)
========================================================================
mlx5_0                   0.0         0.0             0.0             0.0
mlx5_1                   0.0         0.0           501.1           675.7
mlx5_2                   0.0         0.0             0.0             0.0
mlx5_3                   0.0         0.0             0.0             0.0
mlx5_4                   0.0         0.0             0.0             0.0
mlx5_5                   0.0         0.0           505.0           696.8
mlx5_6                   0.0         0.0             0.0             0.0
mlx5_7                   0.0         0.0             0.0             0.0
mlx5_8                   0.0         0.0             0.0             0.0
mlx5_9                   0.0         0.0             0.0             0.0
------------------------------------------------------------------------
TOTAL                    0.0         0.0          1006.1          1372.5

Last Update: 2025-11-22 14:40:19
Device               TX Gbps     RX Gbps    TX Total(GB)    RX Total(GB)
========================================================================
mlx5_0                   0.0         0.0             0.0             0.0
mlx5_1                  18.6         0.0           503.4           675.7
mlx5_2                   0.0         0.0             0.0             0.0
mlx5_3                   0.0         0.0             0.0             0.0
mlx5_4                   0.0         0.0             0.0             0.0
mlx5_5                  18.6         0.0           507.3           696.8
mlx5_6                   0.0         0.0             0.0             0.0
mlx5_7                   0.0         0.0             0.0             0.0
mlx5_8                   0.0         0.0             0.0             0.0
mlx5_9                   0.0         0.0             0.0             0.0
------------------------------------------------------------------------
TOTAL                   37.2         0.0          1010.8          1372.5

Last Update: 2025-11-22 14:40:20
Device               TX Gbps     RX Gbps    TX Total(GB)    RX Total(GB)
========================================================================
mlx5_0                   0.0         0.0             0.0             0.0
mlx5_1                   0.0         0.0           503.4           675.7
mlx5_2                   0.0         0.0             0.0             0.0
mlx5_3                   0.0         0.0             0.0             0.0
mlx5_4                   0.0         0.0             0.0             0.0
mlx5_5                   0.0         0.0           507.3           696.8
mlx5_6                   0.0         0.0             0.0             0.0
mlx5_7                   0.0         0.0             0.0             0.0
mlx5_8                   0.0         0.0             0.0             0.0
mlx5_9                   0.0         0.0             0.0             0.0
------------------------------------------------------------------------
TOTAL                    0.0         0.0          1010.8          1372.5

Last Update: 2025-11-22 14:40:21
Device               TX Gbps     RX Gbps    TX Total(GB)    RX Total(GB)
========================================================================
mlx5_0                   0.0         0.0             0.0             0.0
mlx5_1                   0.0         0.0           503.4           675.7
mlx5_2                   0.0         0.0             0.0             0.0
mlx5_3                   0.0         0.0             0.0             0.0
mlx5_4                   0.0         0.0             0.0             0.0
mlx5_5                   0.0         0.0           507.3           696.8
mlx5_6                   0.0         0.0             0.0             0.0
mlx5_7                   0.0         0.0             0.0             0.0
mlx5_8                   0.0         0.0             0.0             0.0
mlx5_9                   0.0         0.0             0.0             0.0
------------------------------------------------------------------------
TOTAL                    0.0         0.0          1010.8          1372.5

Last Update: 2025-11-22 14:40:22
Device               TX Gbps     RX Gbps    TX Total(GB)    RX Total(GB)
========================================================================
mlx5_0                   0.0         0.0             0.0             0.0
mlx5_1                   0.0         0.0           503.4           675.7
mlx5_2                   0.0         0.0             0.0             0.0
mlx5_3                   0.0         0.0             0.0             0.0
mlx5_4                   0.0         0.0             0.0             0.0
mlx5_5                   0.0         0.0           507.3           696.8
mlx5_6                   0.0         0.0             0.0             0.0
mlx5_7                   0.0         0.0             0.0             0.0
mlx5_8                   0.0         0.0             0.0             0.0
mlx5_9                   0.0         0.0             0.0             0.0
------------------------------------------------------------------------
TOTAL                    0.0         0.0          1010.8          1372.5

Last Update: 2025-11-22 14:40:23
Device               TX Gbps     RX Gbps    TX Total(GB)    RX Total(GB)
========================================================================
mlx5_0                   0.0         0.0             0.0             0.0
mlx5_1                  18.5         0.0           505.8           675.7
mlx5_2                   0.0         0.0             0.0             0.0
mlx5_3                   0.0         0.0             0.0             0.0
mlx5_4                   0.0         0.0             0.0             0.0
mlx5_5                  18.7         0.0           509.7           696.8
mlx5_6                   0.0         0.0             0.0             0.0
mlx5_7                   0.0         0.0             0.0             0.0
mlx5_8                   0.0         0.0             0.0             0.0
mlx5_9                   0.0         0.0             0.0             0.0
------------------------------------------------------------------------
TOTAL                   37.2         0.0          1015.4          1372.5

Last Update: 2025-11-22 14:40:24
Device               TX Gbps     RX Gbps    TX Total(GB)    RX Total(GB)
========================================================================
mlx5_0                   0.0         0.0             0.0             0.0
mlx5_1                   0.0         0.0           505.8           675.7
mlx5_2                   0.0         0.0             0.0             0.0
mlx5_3                   0.0         0.0             0.0             0.0
mlx5_4                   0.0         0.0             0.0             0.0
mlx5_5                   0.0         0.0           509.7           696.8
mlx5_6                   0.0         0.0             0.0             0.0
mlx5_7                   0.0         0.0             0.0             0.0
mlx5_8                   0.0         0.0             0.0             0.0
mlx5_9                   0.0         0.0             0.0             0.0
------------------------------------------------------------------------
TOTAL                    0.0         0.0          1015.4          1372.5

Last Update: 2025-11-22 14:40:25
Device               TX Gbps     RX Gbps    TX Total(GB)    RX Total(GB)
========================================================================
mlx5_0                   0.0         0.0             0.0             0.0
mlx5_1                   0.0         0.0           505.8           675.7
mlx5_2                   0.0         0.0             0.0             0.0
mlx5_3                   0.0         0.0             0.0             0.0
mlx5_4                   0.0         0.0             0.0             0.0
mlx5_5                   0.0         0.0           509.7           696.8
mlx5_6                   0.0         0.0             0.0             0.0
mlx5_7                   0.0         0.0             0.0             0.0
mlx5_8                   0.0         0.0             0.0             0.0
mlx5_9                   0.0         0.0             0.0             0.0
------------------------------------------------------------------------
TOTAL                    0.0         0.0          1015.4          1372.5

Last Update: 2025-11-22 14:40:26
Device               TX Gbps     RX Gbps    TX Total(GB)    RX Total(GB)
========================================================================
mlx5_0                   0.0         0.0             0.0             0.0
mlx5_1                   0.0         0.0           505.8           675.7
mlx5_2                   0.0         0.0             0.0             0.0
mlx5_3                   0.0         0.0             0.0             0.0
mlx5_4                   0.0         0.0             0.0             0.0
mlx5_5                   0.0         0.0           509.7           696.8
mlx5_6                   0.0         0.0             0.0             0.0
mlx5_7                   0.0         0.0             0.0             0.0
mlx5_8                   0.0         0.0             0.0             0.0
mlx5_9                   0.0         0.0             0.0             0.0
------------------------------------------------------------------------
TOTAL                    0.0         0.0          1015.4          1372.5

Last Update: 2025-11-22 14:40:27
Device               TX Gbps     RX Gbps    TX Total(GB)    RX Total(GB)
========================================================================
mlx5_0                   0.0         0.0             0.0             0.0
mlx5_1                   0.0         0.0           505.8           675.7
mlx5_2                   0.0         0.0             0.0             0.0
mlx5_3                   0.0         0.0             0.0             0.0
mlx5_4                   0.0         0.0             0.0             0.0
mlx5_5                   0.0         0.0           509.7           696.8
mlx5_6                   0.0         0.0             0.0             0.0
mlx5_7                   0.0         0.0             0.0             0.0
mlx5_8                   0.0         0.0             0.0             0.0
mlx5_9                   0.0         0.0             0.0             0.0
------------------------------------------------------------------------
TOTAL                    0.0         0.0          1015.4          1372.5

Last Update: 2025-11-22 14:40:28
Device               TX Gbps     RX Gbps    TX Total(GB)    RX Total(GB)
========================================================================
mlx5_0                   0.0         0.0             0.0             0.0
mlx5_1                  19.1       112.2           508.2           689.8
mlx5_2                   0.0         0.0             0.0             0.0
mlx5_3                   0.0         0.0             0.0             0.0
mlx5_4                   0.0         0.0             0.0             0.0
mlx5_5                  19.5       114.4           512.1           711.2
mlx5_6                   0.0         0.0             0.0             0.0
mlx5_7                   0.0         0.0             0.0             0.0
mlx5_8                   0.0         0.0             0.0             0.0
mlx5_9                   0.0         0.0             0.0             0.0
------------------------------------------------------------------------
TOTAL                   38.6       226.6          1020.3          1401.0

Last Update: 2025-11-22 14:40:29
Device               TX Gbps     RX Gbps    TX Total(GB)    RX Total(GB)
========================================================================
mlx5_0                   0.0         0.0             0.0             0.0
mlx5_1                   0.0         0.0           508.2           689.8
mlx5_2                   0.0         0.0             0.0             0.0
mlx5_3                   0.0         0.0             0.0             0.0
mlx5_4                   0.0         0.0             0.0             0.0
mlx5_5                   0.0         0.0           512.1           711.2
mlx5_6                   0.0         0.0             0.0             0.0
mlx5_7                   0.0         0.0             0.0             0.0
mlx5_8                   0.0         0.0             0.0             0.0
mlx5_9                   0.0         0.0             0.0             0.0
------------------------------------------------------------------------
TOTAL                    0.0         0.0          1020.3          1401.0

Last Update: 2025-11-22 14:40:30
Device               TX Gbps     RX Gbps    TX Total(GB)    RX Total(GB)
========================================================================
mlx5_0                   0.0         0.0             0.0             0.0
mlx5_1                   0.0         0.0           508.2           689.8
mlx5_2                   0.0         0.0             0.0             0.0
mlx5_3                   0.0         0.0             0.0             0.0
mlx5_4                   0.0         0.0             0.0             0.0
mlx5_5                   0.0         0.0           512.1           711.2
mlx5_6                   0.0         0.0             0.0             0.0
mlx5_7                   0.0         0.0             0.0             0.0
mlx5_8                   0.0         0.0             0.0             0.0
mlx5_9                   0.0         0.0             0.0             0.0
------------------------------------------------------------------------
TOTAL                    0.0         0.0          1020.3          1401.0

Last Update: 2025-11-22 14:40:31
Device               TX Gbps     RX Gbps    TX Total(GB)    RX Total(GB)
========================================================================
mlx5_0                   0.0         0.0             0.0             0.0
mlx5_1                   0.0         0.0           508.2           689.8
mlx5_2                   0.0         0.0             0.0             0.0
mlx5_3                   0.0         0.0             0.0             0.0
mlx5_4                   0.0         0.0             0.0             0.0
mlx5_5                   0.0         0.0           512.1           711.2
mlx5_6                   0.0         0.0             0.0             0.0
mlx5_7                   0.0         0.0             0.0             0.0
mlx5_8                   0.0         0.0             0.0             0.0
mlx5_9                   0.0         0.0             0.0             0.0
------------------------------------------------------------------------
TOTAL                    0.0         0.0          1020.3          1401.0

Last Update: 2025-11-22 14:40:32
Device               TX Gbps     RX Gbps    TX Total(GB)    RX Total(GB)
========================================================================
mlx5_0                   0.0         0.0             0.0             0.0
mlx5_1                  19.0         0.0           510.5           689.8
mlx5_2                   0.0         0.0             0.0             0.0
mlx5_3                   0.0         0.0             0.0             0.0
mlx5_4                   0.0         0.0             0.0             0.0
mlx5_5                  19.0         0.0           514.5           711.2
mlx5_6                   0.0         0.0             0.0             0.0
mlx5_7                   0.0         0.0             0.0             0.0
mlx5_8                   0.0         0.0             0.0             0.0
mlx5_9                   0.0         0.0             0.0             0.0
------------------------------------------------------------------------
TOTAL                   38.0         0.0          1025.1          1401.0

Last Update: 2025-11-22 14:40:33
Device               TX Gbps     RX Gbps    TX Total(GB)    RX Total(GB)
========================================================================
mlx5_0                   0.0         0.0             0.0             0.0
mlx5_1                   0.0         0.0           510.5           689.8
mlx5_2                   0.0         0.0             0.0             0.0
mlx5_3                   0.0         0.0             0.0             0.0
mlx5_4                   0.0         0.0             0.0             0.0
mlx5_5                   0.0         0.0           514.5           711.2
mlx5_6                   0.0         0.0             0.0             0.0
mlx5_7                   0.0         0.0             0.0             0.0
mlx5_8                   0.0         0.0             0.0             0.0
mlx5_9                   0.0         0.0             0.0             0.0
------------------------------------------------------------------------
TOTAL                    0.0         0.0          1025.1          1401.0

Last Update: 2025-11-22 14:40:34
Device               TX Gbps     RX Gbps    TX Total(GB)    RX Total(GB)
========================================================================
mlx5_0                   0.0         0.0             0.0             0.0
mlx5_1                   0.0         0.0           510.5           689.8
mlx5_2                   0.0         0.0             0.0             0.0
mlx5_3                   0.0         0.0             0.0             0.0
mlx5_4                   0.0         0.0             0.0             0.0
mlx5_5                   0.0         0.0           514.5           711.2
mlx5_6                   0.0         0.0             0.0             0.0
mlx5_7                   0.0         0.0             0.0             0.0
mlx5_8                   0.0         0.0             0.0             0.0
mlx5_9                   0.0         0.0             0.0             0.0
------------------------------------------------------------------------
TOTAL                    0.0         0.0          1025.1          1401.0

Last Update: 2025-11-22 14:40:35
Device               TX Gbps     RX Gbps    TX Total(GB)    RX Total(GB)
========================================================================
mlx5_0                   0.0         0.0             0.0             0.0
mlx5_1                  18.6         0.0           512.9           689.8
mlx5_2                   0.0         0.0             0.0             0.0
mlx5_3                   0.0         0.0             0.0             0.0
mlx5_4                   0.0         0.0             0.0             0.0
mlx5_5                  18.6         0.0           516.9           711.2
mlx5_6                   0.0         0.0             0.0             0.0
mlx5_7                   0.0         0.0             0.0             0.0
mlx5_8                   0.0         0.0             0.0             0.0
mlx5_9                   0.0         0.0             0.0             0.0
------------------------------------------------------------------------
TOTAL                   37.2         0.0          1029.7          1401.0

Last Update: 2025-11-22 14:40:36
Device               TX Gbps     RX Gbps    TX Total(GB)    RX Total(GB)
========================================================================
mlx5_0                   0.0         0.0             0.0             0.0
mlx5_1                   0.0         0.0           512.9           689.8
mlx5_2                   0.0         0.0             0.0             0.0
mlx5_3                   0.0         0.0             0.0             0.0
mlx5_4                   0.0         0.0             0.0             0.0
mlx5_5                   0.0         0.0           516.9           711.2
mlx5_6                   0.0         0.0             0.0             0.0
mlx5_7                   0.0         0.0             0.0             0.0
mlx5_8                   0.0         0.0             0.0             0.0
mlx5_9                   0.0         0.0             0.0             0.0
------------------------------------------------------------------------
TOTAL                    0.0         0.0          1029.7          1401.0

Last Update: 2025-11-22 14:40:37
Device               TX Gbps     RX Gbps    TX Total(GB)    RX Total(GB)
========================================================================
mlx5_0                   0.0         0.0             0.0             0.0
mlx5_1                   0.0         0.0           512.9           689.8
mlx5_2                   0.0         0.0             0.0             0.0
mlx5_3                   0.0         0.0             0.0             0.0
mlx5_4                   0.0         0.0             0.0             0.0
mlx5_5                   0.0         0.0           516.9           711.2
mlx5_6                   0.0         0.0             0.0             0.0
mlx5_7                   0.0         0.0             0.0             0.0
mlx5_8                   0.0         0.0             0.0             0.0
mlx5_9                   0.0         0.0             0.0             0.0
------------------------------------------------------------------------
TOTAL                    0.0         0.0          1029.7          1401.0

Last Update: 2025-11-22 14:40:38
Device               TX Gbps     RX Gbps    TX Total(GB)    RX Total(GB)
========================================================================
mlx5_0                   0.0         0.0             0.0             0.0
mlx5_1                   0.0         0.0           512.9           689.8
mlx5_2                   0.0         0.0             0.0             0.0
mlx5_3                   0.0         0.0             0.0             0.0
mlx5_4                   0.0         0.0             0.0             0.0
mlx5_5                   0.0         0.0           516.9           711.2
mlx5_6                   0.0         0.0             0.0             0.0
mlx5_7                   0.0         0.0             0.0             0.0
mlx5_8                   0.0         0.0             0.0             0.0
mlx5_9                   0.0         0.0             0.0             0.0
------------------------------------------------------------------------
TOTAL                    0.0         0.0          1029.7          1401.0

Last Update: 2025-11-22 14:40:39
Device               TX Gbps     RX Gbps    TX Total(GB)    RX Total(GB)
========================================================================
mlx5_0                   0.0         0.0             0.0             0.0
mlx5_1                  18.5         0.0           515.2           689.8
mlx5_2                   0.0         0.0             0.0             0.0
mlx5_3                   0.0         0.0             0.0             0.0
mlx5_4                   0.0         0.0             0.0             0.0
mlx5_5                  18.8         0.0           519.2           711.2
mlx5_6                   0.0         0.0             0.0             0.0
mlx5_7                   0.0         0.0             0.0             0.0
mlx5_8                   0.0         0.0             0.0             0.0
mlx5_9                   0.0         0.0             0.0             0.0
------------------------------------------------------------------------
TOTAL                   37.2         0.0          1034.4          1401.0

Last Update: 2025-11-22 14:40:40
Device               TX Gbps     RX Gbps    TX Total(GB)    RX Total(GB)
========================================================================
mlx5_0                   0.0         0.0             0.0             0.0
mlx5_1                   0.0         0.0           515.2           689.8
mlx5_2                   0.0         0.0             0.0             0.0
mlx5_3                   0.0         0.0             0.0             0.0
mlx5_4                   0.0         0.0             0.0             0.0
mlx5_5                   0.0         0.0           519.2           711.2
mlx5_6                   0.0         0.0             0.0             0.0
mlx5_7                   0.0         0.0             0.0             0.0
mlx5_8                   0.0         0.0             0.0             0.0
mlx5_9                   0.0         0.0             0.0             0.0
------------------------------------------------------------------------
TOTAL                    0.0         0.0          1034.4          1401.0

Last Update: 2025-11-22 14:40:41
Device               TX Gbps     RX Gbps    TX Total(GB)    RX Total(GB)
========================================================================
mlx5_0                   0.0         0.0             0.0             0.0
mlx5_1                   0.0         0.0           515.2           689.8
mlx5_2                   0.0         0.0             0.0             0.0
mlx5_3                   0.0         0.0             0.0             0.0
mlx5_4                   0.0         0.0             0.0             0.0
mlx5_5                   0.0         0.0           519.2           711.2
mlx5_6                   0.0         0.0             0.0             0.0
mlx5_7                   0.0         0.0             0.0             0.0
mlx5_8                   0.0         0.0             0.0             0.0
mlx5_9                   0.0         0.0             0.0             0.0
------------------------------------------------------------------------
TOTAL                    0.0         0.0          1034.4          1401.0

Last Update: 2025-11-22 14:40:42
Device               TX Gbps     RX Gbps    TX Total(GB)    RX Total(GB)
========================================================================
mlx5_0                   0.0         0.0             0.0             0.0
mlx5_1                   0.0         0.0           515.2           689.8
mlx5_2                   0.0         0.0             0.0             0.0
mlx5_3                   0.0         0.0             0.0             0.0
mlx5_4                   0.0         0.0             0.0             0.0
mlx5_5                   0.0         0.0           519.2           711.2
mlx5_6                   0.0         0.0             0.0             0.0
mlx5_7                   0.0         0.0             0.0             0.0
mlx5_8                   0.0         0.0             0.0             0.0
mlx5_9                   0.0         0.0             0.0             0.0
------------------------------------------------------------------------
TOTAL                    0.0         0.0          1034.4          1401.0

Last Update: 2025-11-22 14:40:43
Device               TX Gbps     RX Gbps    TX Total(GB)    RX Total(GB)
========================================================================
mlx5_0                   0.0         0.0             0.0             0.0
mlx5_1                  18.5         0.0           517.5           689.8
mlx5_2                   0.0         0.0             0.0             0.0
mlx5_3                   0.0         0.0             0.0             0.0
mlx5_4                   0.0         0.0             0.0             0.0
mlx5_5                  18.7         0.0           521.6           711.2
mlx5_6                   0.0         0.0             0.0             0.0
mlx5_7                   0.0         0.0             0.0             0.0
mlx5_8                   0.0         0.0             0.0             0.0
mlx5_9                   0.0         0.0             0.0             0.0
------------------------------------------------------------------------
TOTAL                   37.2         0.0          1039.1          1401.0

Last Update: 2025-11-22 14:40:44
Device               TX Gbps     RX Gbps    TX Total(GB)    RX Total(GB)
========================================================================
mlx5_0                   0.0         0.0             0.0             0.0
mlx5_1                   0.0         0.0           517.5           689.8
mlx5_2                   0.0         0.0             0.0             0.0
mlx5_3                   0.0         0.0             0.0             0.0
mlx5_4                   0.0         0.0             0.0             0.0
mlx5_5                   0.0         0.0           521.6           711.2
mlx5_6                   0.0         0.0             0.0             0.0
mlx5_7                   0.0         0.0             0.0             0.0
mlx5_8                   0.0         0.0             0.0             0.0
mlx5_9                   0.0         0.0             0.0             0.0
------------------------------------------------------------------------
TOTAL                    0.0         0.0          1039.1          1401.0

Last Update: 2025-11-22 14:40:45
Device               TX Gbps     RX Gbps    TX Total(GB)    RX Total(GB)
========================================================================
mlx5_0                   0.0         0.0             0.0             0.0
mlx5_1                   0.0         0.0           517.5           689.8
mlx5_2                   0.0         0.0             0.0             0.0
mlx5_3                   0.0         0.0             0.0             0.0
mlx5_4                   0.0         0.0             0.0             0.0
mlx5_5                   0.0         0.0           521.6           711.2
mlx5_6                   0.0         0.0             0.0             0.0
mlx5_7                   0.0         0.0             0.0             0.0
mlx5_8                   0.0         0.0             0.0             0.0
mlx5_9                   0.0         0.0             0.0             0.0
------------------------------------------------------------------------
TOTAL                    0.0         0.0          1039.1          1401.0

Last Update: 2025-11-22 14:40:46
Device               TX Gbps     RX Gbps    TX Total(GB)    RX Total(GB)
========================================================================
mlx5_0                   0.0         0.0             0.0             0.0
mlx5_1                   0.0         0.0           517.5           689.8
mlx5_2                   0.0         0.0             0.0             0.0
mlx5_3                   0.0         0.0             0.0             0.0
mlx5_4                   0.0         0.0             0.0             0.0
mlx5_5                   0.0         0.0           521.6           711.2
mlx5_6                   0.0         0.0             0.0             0.0
mlx5_7                   0.0         0.0             0.0             0.0
mlx5_8                   0.0         0.0             0.0             0.0
mlx5_9                   0.0         0.0             0.0             0.0
------------------------------------------------------------------------
TOTAL                    0.0         0.0          1039.1          1401.0

Last Update: 2025-11-22 14:40:47
Device               TX Gbps     RX Gbps    TX Total(GB)    RX Total(GB)
========================================================================
mlx5_0                   0.0         0.0             0.0             0.0
mlx5_1                  18.5         0.0           519.8           689.8
mlx5_2                   0.0         0.0             0.0             0.0
mlx5_3                   0.0         0.0             0.0             0.0
mlx5_4                   0.0         0.0             0.0             0.0
mlx5_5                  18.8         0.0           523.9           711.2
mlx5_6                   0.0         0.0             0.0             0.0
mlx5_7                   0.0         0.0             0.0             0.0
mlx5_8                   0.0         0.0             0.0             0.0
mlx5_9                   0.0         0.0             0.0             0.0
------------------------------------------------------------------------
TOTAL                   37.2         0.0          1043.8          1401.0

Last Update: 2025-11-22 14:40:48
Device               TX Gbps     RX Gbps    TX Total(GB)    RX Total(GB)
========================================================================
mlx5_0                   0.0         0.0             0.0             0.0
mlx5_1                   0.0         0.0           519.8           689.8
mlx5_2                   0.0         0.0             0.0             0.0
mlx5_3                   0.0         0.0             0.0             0.0
mlx5_4                   0.0         0.0             0.0             0.0
mlx5_5                   0.0         0.0           523.9           711.2
mlx5_6                   0.0         0.0             0.0             0.0
mlx5_7                   0.0         0.0             0.0             0.0
mlx5_8                   0.0         0.0             0.0             0.0
mlx5_9                   0.0         0.0             0.0             0.0
------------------------------------------------------------------------
TOTAL                    0.0         0.0          1043.8          1401.0

Last Update: 2025-11-22 14:40:49
Device               TX Gbps     RX Gbps    TX Total(GB)    RX Total(GB)
========================================================================
mlx5_0                   0.0         0.0             0.0             0.0
mlx5_1                   0.0         0.0           519.8           689.8
mlx5_2                   0.0         0.0             0.0             0.0
mlx5_3                   0.0         0.0             0.0             0.0
mlx5_4                   0.0         0.0             0.0             0.0
mlx5_5                   0.0         0.0           523.9           711.2
mlx5_6                   0.0         0.0             0.0             0.0
mlx5_7                   0.0         0.0             0.0             0.0
mlx5_8                   0.0         0.0             0.0             0.0
mlx5_9                   0.0         0.0             0.0             0.0
------------------------------------------------------------------------
TOTAL                    0.0         0.0          1043.8          1401.0

Last Update: 2025-11-22 14:40:50
Device               TX Gbps     RX Gbps    TX Total(GB)    RX Total(GB)
========================================================================
mlx5_0                   0.0         0.0             0.0             0.0
mlx5_1                   0.0         0.0           519.8           689.8
mlx5_2                   0.0         0.0             0.0             0.0
mlx5_3                   0.0         0.0             0.0             0.0
mlx5_4                   0.0         0.0             0.0             0.0
mlx5_5                   0.0         0.0           523.9           711.2
mlx5_6                   0.0         0.0             0.0             0.0
mlx5_7                   0.0         0.0             0.0             0.0
mlx5_8                   0.0         0.0             0.0             0.0
mlx5_9                   0.0         0.0             0.0             0.0
------------------------------------------------------------------------
TOTAL                    0.0         0.0          1043.8          1401.0

Last Update: 2025-11-22 14:40:51
Device               TX Gbps     RX Gbps    TX Total(GB)    RX Total(GB)
========================================================================
mlx5_0                   0.0         0.0             0.0             0.0
mlx5_1                   0.0         0.0           519.8           689.8
mlx5_2                   0.0         0.0             0.0             0.0
mlx5_3                   0.0         0.0             0.0             0.0
mlx5_4                   0.0         0.0             0.0             0.0
mlx5_5                   0.0         0.0           523.9           711.2
mlx5_6                   0.0         0.0             0.0             0.0
mlx5_7                   0.0         0.0             0.0             0.0
mlx5_8                   0.0         0.0             0.0             0.0
mlx5_9                   0.0         0.0             0.0             0.0
------------------------------------------------------------------------
TOTAL                    0.0         0.0          1043.8          1401.0

Last Update: 2025-11-22 14:40:52
Device               TX Gbps     RX Gbps    TX Total(GB)    RX Total(GB)
========================================================================
mlx5_0                   0.0         0.0             0.0             0.0
mlx5_1                  19.0       100.8           522.2           702.5
mlx5_2                   0.0         0.0             0.0             0.0
mlx5_3                   0.0         0.0             0.0             0.0
mlx5_4                   0.0         0.0             0.0             0.0
mlx5_5                  19.3       102.9           526.3           724.1
mlx5_6                   0.0         0.0             0.0             0.0
mlx5_7                   0.0         0.0             0.0             0.0
mlx5_8                   0.0         0.0             0.0             0.0
mlx5_9                   0.0         0.0             0.0             0.0
------------------------------------------------------------------------
TOTAL                   38.4       203.7          1048.6          1426.6

Last Update: 2025-11-22 14:40:53
Device               TX Gbps     RX Gbps    TX Total(GB)    RX Total(GB)
========================================================================
mlx5_0                   0.0         0.0             0.0             0.0
mlx5_1                   0.0        11.4           522.2           703.9
mlx5_2                   0.0         0.0             0.0             0.0
mlx5_3                   0.0         0.0             0.0             0.0
mlx5_4                   0.0         0.0             0.0             0.0
mlx5_5                   0.0        11.5           526.4           725.6
mlx5_6                   0.0         0.0             0.0             0.0
mlx5_7                   0.0         0.0             0.0             0.0
mlx5_8                   0.0         0.0             0.0             0.0
mlx5_9                   0.0         0.0             0.0             0.0
------------------------------------------------------------------------
TOTAL                    0.1        22.9          1048.6          1429.5

Last Update: 2025-11-22 14:40:54
Device               TX Gbps     RX Gbps    TX Total(GB)    RX Total(GB)
========================================================================
mlx5_0                   0.0         0.0             0.0             0.0
mlx5_1                   0.0         0.0           522.2           703.9
mlx5_2                   0.0         0.0             0.0             0.0
mlx5_3                   0.0         0.0             0.0             0.0
mlx5_4                   0.0         0.0             0.0             0.0
mlx5_5                   0.0         0.0           526.4           725.6
mlx5_6                   0.0         0.0             0.0             0.0
mlx5_7                   0.0         0.0             0.0             0.0
mlx5_8                   0.0         0.0             0.0             0.0
mlx5_9                   0.0         0.0             0.0             0.0
------------------------------------------------------------------------
TOTAL                    0.0         0.0          1048.6          1429.5

Last Update: 2025-11-22 14:40:55
Device               TX Gbps     RX Gbps    TX Total(GB)    RX Total(GB)
========================================================================
mlx5_0                   0.0         0.0             0.0             0.0
mlx5_1                   0.0         0.0           522.2           703.9
mlx5_2                   0.0         0.0             0.0             0.0
mlx5_3                   0.0         0.0             0.0             0.0
mlx5_4                   0.0         0.0             0.0             0.0
mlx5_5                   0.0         0.0           526.4           725.6
mlx5_6                   0.0         0.0             0.0             0.0
mlx5_7                   0.0         0.0             0.0             0.0
mlx5_8                   0.0         0.0             0.0             0.0
mlx5_9                   0.0         0.0             0.0             0.0
------------------------------------------------------------------------
TOTAL                    0.0         0.0          1048.6          1429.5

Last Update: 2025-11-22 14:40:56
Device               TX Gbps     RX Gbps    TX Total(GB)    RX Total(GB)
========================================================================
mlx5_0                   0.0         0.0             0.0             0.0
mlx5_1                  19.0         0.0           524.6           703.9
mlx5_2                   0.0         0.0             0.0             0.0
mlx5_3                   0.0         0.0             0.0             0.0
mlx5_4                   0.0         0.0             0.0             0.0
mlx5_5                  18.9         0.0           528.7           725.6
mlx5_6                   0.0         0.0             0.0             0.0
mlx5_7                   0.0         0.0             0.0             0.0
mlx5_8                   0.0         0.0             0.0             0.0
mlx5_9                   0.0         0.0             0.0             0.0
------------------------------------------------------------------------
TOTAL                   38.0         0.0          1053.4          1429.5

Last Update: 2025-11-22 14:40:57
Device               TX Gbps     RX Gbps    TX Total(GB)    RX Total(GB)
========================================================================
mlx5_0                   0.0         0.0             0.0             0.0
mlx5_1                   0.0         0.0           524.6           703.9
mlx5_2                   0.0         0.0             0.0             0.0
mlx5_3                   0.0         0.0             0.0             0.0
mlx5_4                   0.0         0.0             0.0             0.0
mlx5_5                   0.0         0.0           528.7           725.6
mlx5_6                   0.0         0.0             0.0             0.0
mlx5_7                   0.0         0.0             0.0             0.0
mlx5_8                   0.0         0.0             0.0             0.0
mlx5_9                   0.0         0.0             0.0             0.0
------------------------------------------------------------------------
TOTAL                    0.0         0.0          1053.4          1429.5

Last Update: 2025-11-22 14:40:58
Device               TX Gbps     RX Gbps    TX Total(GB)    RX Total(GB)
========================================================================
mlx5_0                   0.0         0.0             0.0             0.0
mlx5_1                   0.0         0.0           524.6           703.9
mlx5_2                   0.0         0.0             0.0             0.0
mlx5_3                   0.0         0.0             0.0             0.0
mlx5_4                   0.0         0.0             0.0             0.0
mlx5_5                   0.0         0.0           528.7           725.6
mlx5_6                   0.0         0.0             0.0             0.0
mlx5_7                   0.0         0.0             0.0             0.0
mlx5_8                   0.0         0.0             0.0             0.0
mlx5_9                   0.0         0.0             0.0             0.0
------------------------------------------------------------------------
TOTAL                    0.0         0.0          1053.4          1429.5

Last Update: 2025-11-22 14:40:59
Device               TX Gbps     RX Gbps    TX Total(GB)    RX Total(GB)
========================================================================
mlx5_0                   0.0         0.0             0.0             0.0
mlx5_1                   0.0         0.0           524.6           703.9
mlx5_2                   0.0         0.0             0.0             0.0
mlx5_3                   0.0         0.0             0.0             0.0
mlx5_4                   0.0         0.0             0.0             0.0
mlx5_5                   0.0         0.0           528.7           725.6
mlx5_6                   0.0         0.0             0.0             0.0
mlx5_7                   0.0         0.0             0.0             0.0
mlx5_8                   0.0         0.0             0.0             0.0
mlx5_9                   0.0         0.0             0.0             0.0
------------------------------------------------------------------------
TOTAL                    0.0         0.0          1053.4          1429.5

Last Update: 2025-11-22 14:41:00
Device               TX Gbps     RX Gbps    TX Total(GB)    RX Total(GB)
========================================================================
mlx5_0                   0.0         0.0             0.0             0.0
mlx5_1                  18.4         0.0           526.9           703.9
mlx5_2                   0.0         0.0             0.0             0.0
mlx5_3                   0.0         0.0             0.0             0.0
mlx5_4                   0.0         0.0             0.0             0.0
mlx5_5                  18.8         0.0           531.1           725.6
mlx5_6                   0.0         0.0             0.0             0.0
mlx5_7                   0.0         0.0             0.0             0.0
mlx5_8                   0.0         0.0             0.0             0.0
mlx5_9                   0.0         0.0             0.0             0.0
------------------------------------------------------------------------
TOTAL                   37.2         0.0          1058.0          1429.5

Last Update: 2025-11-22 14:41:01
Device               TX Gbps     RX Gbps    TX Total(GB)    RX Total(GB)
========================================================================
mlx5_0                   0.0         0.0             0.0             0.0
mlx5_1                   0.0         0.0           526.9           703.9
mlx5_2                   0.0         0.0             0.0             0.0
mlx5_3                   0.0         0.0             0.0             0.0
mlx5_4                   0.0         0.0             0.0             0.0
mlx5_5                   0.0         0.0           531.1           725.6
mlx5_6                   0.0         0.0             0.0             0.0
mlx5_7                   0.0         0.0             0.0             0.0
mlx5_8                   0.0         0.0             0.0             0.0
mlx5_9                   0.0         0.0             0.0             0.0
------------------------------------------------------------------------
TOTAL                    0.0         0.0          1058.0          1429.5

Last Update: 2025-11-22 14:41:02
Device               TX Gbps     RX Gbps    TX Total(GB)    RX Total(GB)
========================================================================
mlx5_0                   0.0         0.0             0.0             0.0
mlx5_1                   0.0         0.0           526.9           703.9
mlx5_2                   0.0         0.0             0.0             0.0
mlx5_3                   0.0         0.0             0.0             0.0
mlx5_4                   0.0         0.0             0.0             0.0
mlx5_5                   0.0         0.0           531.1           725.6
mlx5_6                   0.0         0.0             0.0             0.0
mlx5_7                   0.0         0.0             0.0             0.0
mlx5_8                   0.0         0.0             0.0             0.0
mlx5_9                   0.0         0.0             0.0             0.0
------------------------------------------------------------------------
TOTAL                    0.0         0.0          1058.0          1429.5

Last Update: 2025-11-22 14:41:03
Device               TX Gbps     RX Gbps    TX Total(GB)    RX Total(GB)
========================================================================
mlx5_0                   0.0         0.0             0.0             0.0
mlx5_1                  18.6         0.0           529.3           703.9
mlx5_2                   0.0         0.0             0.0             0.0
mlx5_3                   0.0         0.0             0.0             0.0
mlx5_4                   0.0         0.0             0.0             0.0
mlx5_5                  18.6         0.0           533.4           725.6
mlx5_6                   0.0         0.0             0.0             0.0
mlx5_7                   0.0         0.0             0.0             0.0
mlx5_8                   0.0         0.0             0.0             0.0
mlx5_9                   0.0         0.0             0.0             0.0
------------------------------------------------------------------------
TOTAL                   37.2         0.0          1062.7          1429.5

Last Update: 2025-11-22 14:41:04
Device               TX Gbps     RX Gbps    TX Total(GB)    RX Total(GB)
========================================================================
mlx5_0                   0.0         0.0             0.0             0.0
mlx5_1                   0.0         0.0           529.3           703.9
mlx5_2                   0.0         0.0             0.0             0.0
mlx5_3                   0.0         0.0             0.0             0.0
mlx5_4                   0.0         0.0             0.0             0.0
mlx5_5                   0.0         0.0           533.4           725.6
mlx5_6                   0.0         0.0             0.0             0.0
mlx5_7                   0.0         0.0             0.0             0.0
mlx5_8                   0.0         0.0             0.0             0.0
mlx5_9                   0.0         0.0             0.0             0.0
------------------------------------------------------------------------
TOTAL                    0.0         0.0          1062.7          1429.5

Last Update: 2025-11-22 14:41:05
Device               TX Gbps     RX Gbps    TX Total(GB)    RX Total(GB)
========================================================================
mlx5_0                   0.0         0.0             0.0             0.0
mlx5_1                   0.0         0.0           529.3           703.9
mlx5_2                   0.0         0.0             0.0             0.0
mlx5_3                   0.0         0.0             0.0             0.0
mlx5_4                   0.0         0.0             0.0             0.0
mlx5_5                   0.0         0.0           533.4           725.6
mlx5_6                   0.0         0.0             0.0             0.0
mlx5_7                   0.0         0.0             0.0             0.0
mlx5_8                   0.0         0.0             0.0             0.0
mlx5_9                   0.0         0.0             0.0             0.0
------------------------------------------------------------------------
TOTAL                    0.0         0.0          1062.7          1429.5

Last Update: 2025-11-22 14:41:06
Device               TX Gbps     RX Gbps    TX Total(GB)    RX Total(GB)
========================================================================
mlx5_0                   0.0         0.0             0.0             0.0
mlx5_1                   0.0         0.0           529.3           703.9
mlx5_2                   0.0         0.0             0.0             0.0
mlx5_3                   0.0         0.0             0.0             0.0
mlx5_4                   0.0         0.0             0.0             0.0
mlx5_5                   0.0         0.0           533.4           725.6
mlx5_6                   0.0         0.0             0.0             0.0
mlx5_7                   0.0         0.0             0.0             0.0
mlx5_8                   0.0         0.0             0.0             0.0
mlx5_9                   0.0         0.0             0.0             0.0
------------------------------------------------------------------------
TOTAL                    0.0         0.0          1062.7          1429.5

Last Update: 2025-11-22 14:41:07
Device               TX Gbps     RX Gbps    TX Total(GB)    RX Total(GB)
========================================================================
mlx5_0                   0.0         0.0             0.0             0.0
mlx5_1                  18.6         0.0           531.6           703.9
mlx5_2                   0.0         0.0             0.0             0.0
mlx5_3                   0.0         0.0             0.0             0.0
mlx5_4                   0.0         0.0             0.0             0.0
mlx5_5                  18.6         0.0           535.8           725.6
mlx5_6                   0.0         0.0             0.0             0.0
mlx5_7                   0.0         0.0             0.0             0.0
mlx5_8                   0.0         0.0             0.0             0.0
mlx5_9                   0.0         0.0             0.0             0.0
------------------------------------------------------------------------
TOTAL                   37.2         0.0          1067.4          1429.5

Last Update: 2025-11-22 14:41:08
Device               TX Gbps     RX Gbps    TX Total(GB)    RX Total(GB)
========================================================================
mlx5_0                   0.0         0.0             0.0             0.0
mlx5_1                   0.0         0.0           531.6           703.9
mlx5_2                   0.0         0.0             0.0             0.0
mlx5_3                   0.0         0.0             0.0             0.0
mlx5_4                   0.0         0.0             0.0             0.0
mlx5_5                   0.0         0.0           535.8           725.6
mlx5_6                   0.0         0.0             0.0             0.0
mlx5_7                   0.0         0.0             0.0             0.0
mlx5_8                   0.0         0.0             0.0             0.0
mlx5_9                   0.0         0.0             0.0             0.0
------------------------------------------------------------------------
TOTAL                    0.0         0.0          1067.4          1429.5

Last Update: 2025-11-22 14:41:09
Device               TX Gbps     RX Gbps    TX Total(GB)    RX Total(GB)
========================================================================
mlx5_0                   0.0         0.0             0.0             0.0
mlx5_1                   0.0         0.0           531.6           703.9
mlx5_2                   0.0         0.0             0.0             0.0
mlx5_3                   0.0         0.0             0.0             0.0
mlx5_4                   0.0         0.0             0.0             0.0
mlx5_5                   0.0         0.0           535.8           725.6
mlx5_6                   0.0         0.0             0.0             0.0
mlx5_7                   0.0         0.0             0.0             0.0
mlx5_8                   0.0         0.0             0.0             0.0
mlx5_9                   0.0         0.0             0.0             0.0
------------------------------------------------------------------------
TOTAL                    0.0         0.0          1067.4          1429.5

Last Update: 2025-11-22 14:41:10
Device               TX Gbps     RX Gbps    TX Total(GB)    RX Total(GB)
========================================================================
mlx5_0                   0.0         0.0             0.0             0.0
mlx5_1                   0.0         0.0           531.6           703.9
mlx5_2                   0.0         0.0             0.0             0.0
mlx5_3                   0.0         0.0             0.0             0.0
mlx5_4                   0.0         0.0             0.0             0.0
mlx5_5                   0.0         0.0           535.8           725.6
mlx5_6                   0.0         0.0             0.0             0.0
mlx5_7                   0.0         0.0             0.0             0.0
mlx5_8                   0.0         0.0             0.0             0.0
mlx5_9                   0.0         0.0             0.0             0.0
------------------------------------------------------------------------
TOTAL                    0.0         0.0          1067.4          1429.5

Last Update: 2025-11-22 14:41:11
Device               TX Gbps     RX Gbps    TX Total(GB)    RX Total(GB)
========================================================================
mlx5_0                   0.0         0.0             0.0             0.0
mlx5_1                   0.0         0.0           531.6           703.9
mlx5_2                   0.0         0.0             0.0             0.0
mlx5_3                   0.0         0.0             0.0             0.0
mlx5_4                   0.0         0.0             0.0             0.0
mlx5_5                   0.0         0.0           535.8           725.6
mlx5_6                   0.0         0.0             0.0             0.0
mlx5_7                   0.0         0.0             0.0             0.0
mlx5_8                   0.0         0.0             0.0             0.0
mlx5_9                   0.0         0.0             0.0             0.0
------------------------------------------------------------------------
TOTAL                    0.0         0.0          1067.4          1429.5

Last Update: 2025-11-22 14:41:12
Device               TX Gbps     RX Gbps    TX Total(GB)    RX Total(GB)
========================================================================
mlx5_0                   0.0         0.0             0.0             0.0
mlx5_1                  18.7         0.0           534.0           703.9
mlx5_2                   0.0         0.0             0.0             0.0
mlx5_3                   0.0         0.0             0.0             0.0
mlx5_4                   0.0         0.0             0.0             0.0
mlx5_5                  18.5         0.0           538.1           725.6
mlx5_6                   0.0         0.0             0.0             0.0
mlx5_7                   0.0         0.0             0.0             0.0
mlx5_8                   0.0         0.0             0.0             0.0
mlx5_9                   0.0         0.0             0.0             0.0
------------------------------------------------------------------------
TOTAL                   37.2         0.0          1072.1          1429.5

Last Update: 2025-11-22 14:41:13
Device               TX Gbps     RX Gbps    TX Total(GB)    RX Total(GB)
========================================================================
mlx5_0                   0.0         0.0             0.0             0.0
mlx5_1                   0.0         0.0           534.0           703.9
mlx5_2                   0.0         0.0             0.0             0.0
mlx5_3                   0.0         0.0             0.0             0.0
mlx5_4                   0.0         0.0             0.0             0.0
mlx5_5                   0.0         0.0           538.1           725.6
mlx5_6                   0.0         0.0             0.0             0.0
mlx5_7                   0.0         0.0             0.0             0.0
mlx5_8                   0.0         0.0             0.0             0.0
mlx5_9                   0.0         0.0             0.0             0.0
------------------------------------------------------------------------
TOTAL                    0.0         0.0          1072.1          1429.5

Last Update: 2025-11-22 14:41:14
Device               TX Gbps     RX Gbps    TX Total(GB)    RX Total(GB)
========================================================================
mlx5_0                   0.0         0.0             0.0             0.0
mlx5_1                   0.0         0.0           534.0           703.9
mlx5_2                   0.0         0.0             0.0             0.0
mlx5_3                   0.0         0.0             0.0             0.0
mlx5_4                   0.0         0.0             0.0             0.0
mlx5_5                   0.0         0.0           538.1           725.6
mlx5_6                   0.0         0.0             0.0             0.0
mlx5_7                   0.0         0.0             0.0             0.0
mlx5_8                   0.0         0.0             0.0             0.0
mlx5_9                   0.0         0.0             0.0             0.0
------------------------------------------------------------------------
TOTAL                    0.0         0.0          1072.1          1429.5

Last Update: 2025-11-22 14:41:15
Device               TX Gbps     RX Gbps    TX Total(GB)    RX Total(GB)
========================================================================
mlx5_0                   0.0         0.0             0.0             0.0
mlx5_1                   0.0         0.0           534.0           703.9
mlx5_2                   0.0         0.0             0.0             0.0
mlx5_3                   0.0         0.0             0.0             0.0
mlx5_4                   0.0         0.0             0.0             0.0
mlx5_5                   0.0         0.0           538.1           725.6
mlx5_6                   0.0         0.0             0.0             0.0
mlx5_7                   0.0         0.0             0.0             0.0
mlx5_8                   0.0         0.0             0.0             0.0
mlx5_9                   0.0         0.0             0.0             0.0
------------------------------------------------------------------------
TOTAL                    0.0         0.0          1072.1          1429.5

Last Update: 2025-11-22 14:41:16
Device               TX Gbps     RX Gbps    TX Total(GB)    RX Total(GB)
========================================================================
mlx5_0                   0.0         0.0             0.0             0.0
mlx5_1                  18.7        10.8           536.3           705.3
mlx5_2                   0.0         0.0             0.0             0.0
mlx5_3                   0.0         0.0             0.0             0.0
mlx5_4                   0.0         0.0             0.0             0.0
mlx5_5                  18.6        11.7           540.4           727.0
mlx5_6                   0.0         0.0             0.0             0.0
mlx5_7                   0.0         0.0             0.0             0.0
mlx5_8                   0.0         0.0             0.0             0.0
mlx5_9                   0.0         0.0             0.0             0.0
------------------------------------------------------------------------
TOTAL                   37.3        22.5          1076.7          1432.3

Last Update: 2025-11-22 14:41:17
Device               TX Gbps     RX Gbps    TX Total(GB)    RX Total(GB)
========================================================================
mlx5_0                   0.0         0.0             0.0             0.0
mlx5_1                   0.6       101.2           536.4           718.0
mlx5_2                   0.0         0.0             0.0             0.0
mlx5_3                   0.0         0.0             0.0             0.0
mlx5_4                   0.0         0.0             0.0             0.0
mlx5_5                   0.7       102.9           540.5           740.0
mlx5_6                   0.0         0.0             0.0             0.0
mlx5_7                   0.0         0.0             0.0             0.0
mlx5_8                   0.0         0.0             0.0             0.0
mlx5_9                   0.0         0.0             0.0             0.0
------------------------------------------------------------------------
TOTAL                    1.3       204.1          1076.9          1458.0

Last Update: 2025-11-22 14:41:18
Device               TX Gbps     RX Gbps    TX Total(GB)    RX Total(GB)
========================================================================
mlx5_0                   0.0         0.0             0.0             0.0
mlx5_1                   0.0         0.0           536.4           718.0
mlx5_2                   0.0         0.0             0.0             0.0
mlx5_3                   0.0         0.0             0.0             0.0
mlx5_4                   0.0         0.0             0.0             0.0
mlx5_5                   0.0         0.0           540.5           740.0
mlx5_6                   0.0         0.0             0.0             0.0
mlx5_7                   0.0         0.0             0.0             0.0
mlx5_8                   0.0         0.0             0.0             0.0
mlx5_9                   0.0         0.0             0.0             0.0
------------------------------------------------------------------------
TOTAL                    0.0         0.0          1076.9          1458.0

Last Update: 2025-11-22 14:41:19
Device               TX Gbps     RX Gbps    TX Total(GB)    RX Total(GB)
========================================================================
mlx5_0                   0.0         0.0             0.0             0.0
mlx5_1                   0.0         0.0           536.4           718.0
mlx5_2                   0.0         0.0             0.0             0.0
mlx5_3                   0.0         0.0             0.0             0.0
mlx5_4                   0.0         0.0             0.0             0.0
mlx5_5                   0.0         0.0           540.5           740.0
mlx5_6                   0.0         0.0             0.0             0.0
mlx5_7                   0.0         0.0             0.0             0.0
mlx5_8                   0.0         0.0             0.0             0.0
mlx5_9                   0.0         0.0             0.0             0.0
------------------------------------------------------------------------
TOTAL                    0.0         0.0          1076.9          1458.0

Last Update: 2025-11-22 14:41:20
Device               TX Gbps     RX Gbps    TX Total(GB)    RX Total(GB)
========================================================================
mlx5_0                   0.0         0.0             0.0             0.0
mlx5_1                   0.0         0.0           536.4           718.0
mlx5_2                   0.0         0.0             0.0             0.0
mlx5_3                   0.0         0.0             0.0             0.0
mlx5_4                   0.0         0.0             0.0             0.0
mlx5_5                   0.0         0.0           540.5           740.0
mlx5_6                   0.0         0.0             0.0             0.0
mlx5_7                   0.0         0.0             0.0             0.0
mlx5_8                   0.0         0.0             0.0             0.0
mlx5_9                   0.0         0.0             0.0             0.0
------------------------------------------------------------------------
TOTAL                    0.0         0.0          1076.9          1458.0

Last Update: 2025-11-22 14:41:21
Device               TX Gbps     RX Gbps    TX Total(GB)    RX Total(GB)
========================================================================
mlx5_0                   0.0         0.0             0.0             0.0
mlx5_1                  17.6         0.0           538.6           718.0
mlx5_2                   0.0         0.0             0.0             0.0
mlx5_3                   0.0         0.0             0.0             0.0
mlx5_4                   0.0         0.0             0.0             0.0
mlx5_5                  18.0         0.0           542.8           740.0
mlx5_6                   0.0         0.0             0.0             0.0
mlx5_7                   0.0         0.0             0.0             0.0
mlx5_8                   0.0         0.0             0.0             0.0
mlx5_9                   0.0         0.0             0.0             0.0
------------------------------------------------------------------------
TOTAL                   35.6         0.0          1081.4          1458.0

Last Update: 2025-11-22 14:41:22
Device               TX Gbps     RX Gbps    TX Total(GB)    RX Total(GB)
========================================================================
mlx5_0                   0.0         0.0             0.0             0.0
mlx5_1                   0.0         0.0           538.6           718.0
mlx5_2                   0.0         0.0             0.0             0.0
mlx5_3                   0.0         0.0             0.0             0.0
mlx5_4                   0.0         0.0             0.0             0.0
mlx5_5                   0.0         0.0           542.8           740.0
mlx5_6                   0.0         0.0             0.0             0.0
mlx5_7                   0.0         0.0             0.0             0.0
mlx5_8                   0.0         0.0             0.0             0.0
mlx5_9                   0.0         0.0             0.0             0.0
------------------------------------------------------------------------
TOTAL                    0.0         0.0          1081.4          1458.0

Last Update: 2025-11-22 14:41:23
Device               TX Gbps     RX Gbps    TX Total(GB)    RX Total(GB)
========================================================================
mlx5_0                   0.0         0.0             0.0             0.0
mlx5_1                   0.0         0.0           538.6           718.0
mlx5_2                   0.0         0.0             0.0             0.0
mlx5_3                   0.0         0.0             0.0             0.0
mlx5_4                   0.0         0.0             0.0             0.0
mlx5_5                   0.0         0.0           542.8           740.0
mlx5_6                   0.0         0.0             0.0             0.0
mlx5_7                   0.0         0.0             0.0             0.0
mlx5_8                   0.0         0.0             0.0             0.0
mlx5_9                   0.0         0.0             0.0             0.0
------------------------------------------------------------------------
TOTAL                    0.0         0.0          1081.4          1458.0

Last Update: 2025-11-22 14:41:24
Device               TX Gbps     RX Gbps    TX Total(GB)    RX Total(GB)
========================================================================
mlx5_0                   0.0         0.0             0.0             0.0
mlx5_1                  18.7         0.0           541.0           718.0
mlx5_2                   0.0         0.0             0.0             0.0
mlx5_3                   0.0         0.0             0.0             0.0
mlx5_4                   0.0         0.0             0.0             0.0
mlx5_5                  18.5         0.0           545.1           740.0
mlx5_6                   0.0         0.0             0.0             0.0
mlx5_7                   0.0         0.0             0.0             0.0
mlx5_8                   0.0         0.0             0.0             0.0
mlx5_9                   0.0         0.0             0.0             0.0
------------------------------------------------------------------------
TOTAL                   37.2         0.0          1086.1          1458.0

Last Update: 2025-11-22 14:41:25
Device               TX Gbps     RX Gbps    TX Total(GB)    RX Total(GB)
========================================================================
mlx5_0                   0.0         0.0             0.0             0.0
mlx5_1                   0.0         0.0           541.0           718.0
mlx5_2                   0.0         0.0             0.0             0.0
mlx5_3                   0.0         0.0             0.0             0.0
mlx5_4                   0.0         0.0             0.0             0.0
mlx5_5                   0.0         0.0           545.1           740.0
mlx5_6                   0.0         0.0             0.0             0.0
mlx5_7                   0.0         0.0             0.0             0.0
mlx5_8                   0.0         0.0             0.0             0.0
mlx5_9                   0.0         0.0             0.0             0.0
------------------------------------------------------------------------
TOTAL                    0.0         0.0          1086.1          1458.0

Last Update: 2025-11-22 14:41:26
Device               TX Gbps     RX Gbps    TX Total(GB)    RX Total(GB)
========================================================================
mlx5_0                   0.0         0.0             0.0             0.0
mlx5_1                   0.0         0.0           541.0           718.0
mlx5_2                   0.0         0.0             0.0             0.0
mlx5_3                   0.0         0.0             0.0             0.0
mlx5_4                   0.0         0.0             0.0             0.0
mlx5_5                   0.0         0.0           545.1           740.0
mlx5_6                   0.0         0.0             0.0             0.0
mlx5_7                   0.0         0.0             0.0             0.0
mlx5_8                   0.0         0.0             0.0             0.0
mlx5_9                   0.0         0.0             0.0             0.0
------------------------------------------------------------------------
TOTAL                    0.0         0.0          1086.1          1458.0

Last Update: 2025-11-22 14:41:27
Device               TX Gbps     RX Gbps    TX Total(GB)    RX Total(GB)
========================================================================
mlx5_0                   0.0         0.0             0.0             0.0
mlx5_1                   0.0         0.0           541.0           718.0
mlx5_2                   0.0         0.0             0.0             0.0
mlx5_3                   0.0         0.0             0.0             0.0
mlx5_4                   0.0         0.0             0.0             0.0
mlx5_5                   0.0         0.0           545.1           740.0
mlx5_6                   0.0         0.0             0.0             0.0
mlx5_7                   0.0         0.0             0.0             0.0
mlx5_8                   0.0         0.0             0.0             0.0
mlx5_9                   0.0         0.0             0.0             0.0
------------------------------------------------------------------------
TOTAL                    0.0         0.0          1086.1          1458.0

Last Update: 2025-11-22 14:41:28
Device               TX Gbps     RX Gbps    TX Total(GB)    RX Total(GB)
========================================================================
mlx5_0                   0.0         0.0             0.0             0.0
mlx5_1                  18.6         0.0           543.3           718.0
mlx5_2                   0.0         0.0             0.0             0.0
mlx5_3                   0.0         0.0             0.0             0.0
mlx5_4                   0.0         0.0             0.0             0.0
mlx5_5                  18.6         0.0           547.4           740.0
mlx5_6                   0.0         0.0             0.0             0.0
mlx5_7                   0.0         0.0             0.0             0.0
mlx5_8                   0.0         0.0             0.0             0.0
mlx5_9                   0.0         0.0             0.0             0.0
------------------------------------------------------------------------
TOTAL                   37.2         0.0          1090.7          1458.0

Last Update: 2025-11-22 14:41:29
Device               TX Gbps     RX Gbps    TX Total(GB)    RX Total(GB)
========================================================================
mlx5_0                   0.0         0.0             0.0             0.0
mlx5_1                   0.0         0.0           543.3           718.0
mlx5_2                   0.0         0.0             0.0             0.0
mlx5_3                   0.0         0.0             0.0             0.0
mlx5_4                   0.0         0.0             0.0             0.0
mlx5_5                   0.0         0.0           547.4           740.0
mlx5_6                   0.0         0.0             0.0             0.0
mlx5_7                   0.0         0.0             0.0             0.0
mlx5_8                   0.0         0.0             0.0             0.0
mlx5_9                   0.0         0.0             0.0             0.0
------------------------------------------------------------------------
TOTAL                    0.0         0.0          1090.7          1458.0

Last Update: 2025-11-22 14:41:30
Device               TX Gbps     RX Gbps    TX Total(GB)    RX Total(GB)
========================================================================
mlx5_0                   0.0         0.0             0.0             0.0
mlx5_1                   0.0         0.0           543.3           718.0
mlx5_2                   0.0         0.0             0.0             0.0
mlx5_3                   0.0         0.0             0.0             0.0
mlx5_4                   0.0         0.0             0.0             0.0
mlx5_5                   0.0         0.0           547.4           740.0
mlx5_6                   0.0         0.0             0.0             0.0
mlx5_7                   0.0         0.0             0.0             0.0
mlx5_8                   0.0         0.0             0.0             0.0
mlx5_9                   0.0         0.0             0.0             0.0
------------------------------------------------------------------------
TOTAL                    0.0         0.0          1090.7          1458.0

Last Update: 2025-11-22 14:41:32
Device               TX Gbps     RX Gbps    TX Total(GB)    RX Total(GB)
========================================================================
mlx5_0                   0.0         0.0             0.0             0.0
mlx5_1                  13.5         0.0           545.0           718.0
mlx5_2                   0.0         0.0             0.0             0.0
mlx5_3                   0.0         0.0             0.0             0.0
mlx5_4                   0.0         0.0             0.0             0.0
mlx5_5                  14.2         0.0           549.2           740.0
mlx5_6                   0.0         0.0             0.0             0.0
mlx5_7                   0.0         0.0             0.0             0.0
mlx5_8                   0.0         0.0             0.0             0.0
mlx5_9                   0.0         0.0             0.0             0.0
------------------------------------------------------------------------
TOTAL                   27.7         0.0          1094.2          1458.0

Last Update: 2025-11-22 14:41:33
Device               TX Gbps     RX Gbps    TX Total(GB)    RX Total(GB)
========================================================================
mlx5_0                   0.0         0.0             0.0             0.0
mlx5_1                   5.2         0.0           545.6           718.0
mlx5_2                   0.0         0.0             0.0             0.0
mlx5_3                   0.0         0.0             0.0             0.0
mlx5_4                   0.0         0.0             0.0             0.0
mlx5_5                   4.3         0.0           549.8           740.0
mlx5_6                   0.0         0.0             0.0             0.0
mlx5_7                   0.0         0.0             0.0             0.0
mlx5_8                   0.0         0.0             0.0             0.0
mlx5_9                   0.0         0.0             0.0             0.0
------------------------------------------------------------------------
TOTAL                    9.5         0.0          1095.4          1458.0

Last Update: 2025-11-22 14:41:34
Device               TX Gbps     RX Gbps    TX Total(GB)    RX Total(GB)
========================================================================
mlx5_0                   0.0         0.0             0.0             0.0
mlx5_1                   0.0         0.0           545.6           718.0
mlx5_2                   0.0         0.0             0.0             0.0
mlx5_3                   0.0         0.0             0.0             0.0
mlx5_4                   0.0         0.0             0.0             0.0
mlx5_5                   0.0         0.0           549.8           740.0
mlx5_6                   0.0         0.0             0.0             0.0
mlx5_7                   0.0         0.0             0.0             0.0
mlx5_8                   0.0         0.0             0.0             0.0
mlx5_9                   0.0         0.0             0.0             0.0
------------------------------------------------------------------------
TOTAL                    0.0         0.0          1095.4          1458.0

Last Update: 2025-11-22 14:41:35
Device               TX Gbps     RX Gbps    TX Total(GB)    RX Total(GB)
========================================================================
mlx5_0                   0.0         0.0             0.0             0.0
mlx5_1                   0.0         0.0           545.6           718.0
mlx5_2                   0.0         0.0             0.0             0.0
mlx5_3                   0.0         0.0             0.0             0.0
mlx5_4                   0.0         0.0             0.0             0.0
mlx5_5                   0.0         0.0           549.8           740.0
mlx5_6                   0.0         0.0             0.0             0.0
mlx5_7                   0.0         0.0             0.0             0.0
mlx5_8                   0.0         0.0             0.0             0.0
mlx5_9                   0.0         0.0             0.0             0.0
------------------------------------------------------------------------
TOTAL                    0.0         0.0          1095.4          1458.0

Last Update: 2025-11-22 14:41:36
Device               TX Gbps     RX Gbps    TX Total(GB)    RX Total(GB)
========================================================================
mlx5_0                   0.0         0.0             0.0             0.0
mlx5_1                   0.0         0.0           545.6           718.0
mlx5_2                   0.0         0.0             0.0             0.0
mlx5_3                   0.0         0.0             0.0             0.0
mlx5_4                   0.0         0.0             0.0             0.0
mlx5_5                   0.0         0.0           549.8           740.0
mlx5_6                   0.0         0.0             0.0             0.0
mlx5_7                   0.0         0.0             0.0             0.0
mlx5_8                   0.0         0.0             0.0             0.0
mlx5_9                   0.0         0.0             0.0             0.0
------------------------------------------------------------------------
TOTAL                    0.0         0.0          1095.4          1458.0

Last Update: 2025-11-22 14:41:37
Device               TX Gbps     RX Gbps    TX Total(GB)    RX Total(GB)
========================================================================
mlx5_0                   0.0         0.0             0.0             0.0
mlx5_1                  18.7         0.0           548.0           718.0
mlx5_2                   0.0         0.0             0.0             0.0
mlx5_3                   0.0         0.0             0.0             0.0
mlx5_4                   0.0         0.0             0.0             0.0
mlx5_5                  18.6         0.0           552.1           740.0
mlx5_6                   0.0         0.0             0.0             0.0
mlx5_7                   0.0         0.0             0.0             0.0
mlx5_8                   0.0         0.0             0.0             0.0
mlx5_9                   0.0         0.0             0.0             0.0
------------------------------------------------------------------------
TOTAL                   37.2         0.0          1100.1          1458.0

Last Update: 2025-11-22 14:41:38
Device               TX Gbps     RX Gbps    TX Total(GB)    RX Total(GB)
========================================================================
mlx5_0                   0.0         0.0             0.0             0.0
mlx5_1                   0.0         0.0           548.0           718.0
mlx5_2                   0.0         0.0             0.0             0.0
mlx5_3                   0.0         0.0             0.0             0.0
mlx5_4                   0.0         0.0             0.0             0.0
mlx5_5                   0.0         0.0           552.1           740.0
mlx5_6                   0.0         0.0             0.0             0.0
mlx5_7                   0.0         0.0             0.0             0.0
mlx5_8                   0.0         0.0             0.0             0.0
mlx5_9                   0.0         0.0             0.0             0.0
------------------------------------------------------------------------
TOTAL                    0.0         0.0          1100.1          1458.0

Last Update: 2025-11-22 14:41:39
Device               TX Gbps     RX Gbps    TX Total(GB)    RX Total(GB)
========================================================================
mlx5_0                   0.0         0.0             0.0             0.0
mlx5_1                   0.0         0.0           548.0           718.0
mlx5_2                   0.0         0.0             0.0             0.0
mlx5_3                   0.0         0.0             0.0             0.0
mlx5_4                   0.0         0.0             0.0             0.0
mlx5_5                   0.0         0.0           552.1           740.0
mlx5_6                   0.0         0.0             0.0             0.0
mlx5_7                   0.0         0.0             0.0             0.0
mlx5_8                   0.0         0.0             0.0             0.0
mlx5_9                   0.0         0.0             0.0             0.0
------------------------------------------------------------------------
TOTAL                    0.0         0.0          1100.1          1458.0

Last Update: 2025-11-22 14:41:40
Device               TX Gbps     RX Gbps    TX Total(GB)    RX Total(GB)
========================================================================
mlx5_0                   0.0         0.0             0.0             0.0
mlx5_1                   0.0         0.0           548.0           718.0
mlx5_2                   0.0         0.0             0.0             0.0
mlx5_3                   0.0         0.0             0.0             0.0
mlx5_4                   0.0         0.0             0.0             0.0
mlx5_5                   0.0         0.0           552.1           740.0
mlx5_6                   0.0         0.0             0.0             0.0
mlx5_7                   0.0         0.0             0.0             0.0
mlx5_8                   0.0         0.0             0.0             0.0
mlx5_9                   0.0         0.0             0.0             0.0
------------------------------------------------------------------------
TOTAL                    0.0         0.0          1100.1          1458.0

Last Update: 2025-11-22 14:41:41
Device               TX Gbps     RX Gbps    TX Total(GB)    RX Total(GB)
========================================================================
mlx5_0                   0.0         0.0             0.0             0.0
mlx5_1                   0.0         0.0           548.0           718.0
mlx5_2                   0.0         0.0             0.0             0.0
mlx5_3                   0.0         0.0             0.0             0.0
mlx5_4                   0.0         0.0             0.0             0.0
mlx5_5                   0.0         0.0           552.1           740.0
mlx5_6                   0.0         0.0             0.0             0.0
mlx5_7                   0.0         0.0             0.0             0.0
mlx5_8                   0.0         0.0             0.0             0.0
mlx5_9                   0.0         0.0             0.0             0.0
------------------------------------------------------------------------
TOTAL                    0.0         0.0          1100.1          1458.0

Last Update: 2025-11-22 14:41:42
Device               TX Gbps     RX Gbps    TX Total(GB)    RX Total(GB)
========================================================================
mlx5_0                   0.0         0.0             0.0             0.0
mlx5_1                  19.3       111.4           550.4           732.0
mlx5_2                   0.0         0.0             0.0             0.0
mlx5_3                   0.0         0.0             0.0             0.0
mlx5_4                   0.0         0.0             0.0             0.0
mlx5_5                  19.3       115.2           554.5           754.5
mlx5_6                   0.0         0.0             0.0             0.0
mlx5_7                   0.0         0.0             0.0             0.0
mlx5_8                   0.0         0.0             0.0             0.0
mlx5_9                   0.0         0.0             0.0             0.0
------------------------------------------------------------------------
TOTAL                   38.7       226.6          1104.9          1486.5

Last Update: 2025-11-22 14:41:43
Device               TX Gbps     RX Gbps    TX Total(GB)    RX Total(GB)
========================================================================
mlx5_0                   0.0         0.0             0.0             0.0
mlx5_1                   0.0         0.0           550.4           732.0
mlx5_2                   0.0         0.0             0.0             0.0
mlx5_3                   0.0         0.0             0.0             0.0
mlx5_4                   0.0         0.0             0.0             0.0
mlx5_5                   0.0         0.0           554.5           754.5
mlx5_6                   0.0         0.0             0.0             0.0
mlx5_7                   0.0         0.0             0.0             0.0
mlx5_8                   0.0         0.0             0.0             0.0
mlx5_9                   0.0         0.0             0.0             0.0
------------------------------------------------------------------------
TOTAL                    0.0         0.0          1104.9          1486.5

Last Update: 2025-11-22 14:41:44
Device               TX Gbps     RX Gbps    TX Total(GB)    RX Total(GB)
========================================================================
mlx5_0                   0.0         0.0             0.0             0.0
mlx5_1                   0.0         0.0           550.4           732.0
mlx5_2                   0.0         0.0             0.0             0.0
mlx5_3                   0.0         0.0             0.0             0.0
mlx5_4                   0.0         0.0             0.0             0.0
mlx5_5                   0.0         0.0           554.5           754.5
mlx5_6                   0.0         0.0             0.0             0.0
mlx5_7                   0.0         0.0             0.0             0.0
mlx5_8                   0.0         0.0             0.0             0.0
mlx5_9                   0.0         0.0             0.0             0.0
------------------------------------------------------------------------
TOTAL                    0.0         0.0          1104.9          1486.5

Last Update: 2025-11-22 14:41:45
Device               TX Gbps     RX Gbps    TX Total(GB)    RX Total(GB)
========================================================================
mlx5_0                   0.0         0.0             0.0             0.0
mlx5_1                   0.0         0.0           550.4           732.0
mlx5_2                   0.0         0.0             0.0             0.0
mlx5_3                   0.0         0.0             0.0             0.0
mlx5_4                   0.0         0.0             0.0             0.0
mlx5_5                   0.0         0.0           554.5           754.5
mlx5_6                   0.0         0.0             0.0             0.0
mlx5_7                   0.0         0.0             0.0             0.0
mlx5_8                   0.0         0.0             0.0             0.0
mlx5_9                   0.0         0.0             0.0             0.0
------------------------------------------------------------------------
TOTAL                    0.0         0.0          1104.9          1486.5

Last Update: 2025-11-22 14:41:46
Device               TX Gbps     RX Gbps    TX Total(GB)    RX Total(GB)
========================================================================
mlx5_0                   0.0         0.0             0.0             0.0
mlx5_1                  19.0         0.0           552.8           732.0
mlx5_2                   0.0         0.0             0.0             0.0
mlx5_3                   0.0         0.0             0.0             0.0
mlx5_4                   0.0         0.0             0.0             0.0
mlx5_5                  18.9         0.0           556.9           754.5
mlx5_6                   0.0         0.0             0.0             0.0
mlx5_7                   0.0         0.0             0.0             0.0
mlx5_8                   0.0         0.0             0.0             0.0
mlx5_9                   0.0         0.0             0.0             0.0
------------------------------------------------------------------------
TOTAL                   37.9         0.0          1109.7          1486.5

Last Update: 2025-11-22 14:41:47
Device               TX Gbps     RX Gbps    TX Total(GB)    RX Total(GB)
========================================================================
mlx5_0                   0.0         0.0             0.0             0.0
mlx5_1                   0.0         0.0           552.8           732.0
mlx5_2                   0.0         0.0             0.0             0.0
mlx5_3                   0.0         0.0             0.0             0.0
mlx5_4                   0.0         0.0             0.0             0.0
mlx5_5                   0.0         0.0           556.9           754.5
mlx5_6                   0.0         0.0             0.0             0.0
mlx5_7                   0.0         0.0             0.0             0.0
mlx5_8                   0.0         0.0             0.0             0.0
mlx5_9                   0.0         0.0             0.0             0.0
------------------------------------------------------------------------
TOTAL                    0.0         0.0          1109.7          1486.5

Last Update: 2025-11-22 14:41:48
Device               TX Gbps     RX Gbps    TX Total(GB)    RX Total(GB)
========================================================================
mlx5_0                   0.0         0.0             0.0             0.0
mlx5_1                   0.0         0.0           552.8           732.0
mlx5_2                   0.0         0.0             0.0             0.0
mlx5_3                   0.0         0.0             0.0             0.0
mlx5_4                   0.0         0.0             0.0             0.0
mlx5_5                   0.0         0.0           556.9           754.5
mlx5_6                   0.0         0.0             0.0             0.0
mlx5_7                   0.0         0.0             0.0             0.0
mlx5_8                   0.0         0.0             0.0             0.0
mlx5_9                   0.0         0.0             0.0             0.0
------------------------------------------------------------------------
TOTAL                    0.0         0.0          1109.7          1486.5

Last Update: 2025-11-22 14:41:49
Device               TX Gbps     RX Gbps    TX Total(GB)    RX Total(GB)
========================================================================
mlx5_0                   0.0         0.0             0.0             0.0
mlx5_1                  18.5         0.0           555.1           732.0
mlx5_2                   0.0         0.0             0.0             0.0
mlx5_3                   0.0         0.0             0.0             0.0
mlx5_4                   0.0         0.0             0.0             0.0
mlx5_5                  18.8         0.0           559.3           754.5
mlx5_6                   0.0         0.0             0.0             0.0
mlx5_7                   0.0         0.0             0.0             0.0
mlx5_8                   0.0         0.0             0.0             0.0
mlx5_9                   0.0         0.0             0.0             0.0
------------------------------------------------------------------------
TOTAL                   37.3         0.0          1114.4          1486.5

Last Update: 2025-11-22 14:41:50
Device               TX Gbps     RX Gbps    TX Total(GB)    RX Total(GB)
========================================================================
mlx5_0                   0.0         0.0             0.0             0.0
mlx5_1                   0.0         0.0           555.1           732.0
mlx5_2                   0.0         0.0             0.0             0.0
mlx5_3                   0.0         0.0             0.0             0.0
mlx5_4                   0.0         0.0             0.0             0.0
mlx5_5                   0.0         0.0           559.3           754.5
mlx5_6                   0.0         0.0             0.0             0.0
mlx5_7                   0.0         0.0             0.0             0.0
mlx5_8                   0.0         0.0             0.0             0.0
mlx5_9                   0.0         0.0             0.0             0.0
------------------------------------------------------------------------
TOTAL                    0.0         0.0          1114.4          1486.5

Last Update: 2025-11-22 14:41:51
Device               TX Gbps     RX Gbps    TX Total(GB)    RX Total(GB)
========================================================================
mlx5_0                   0.0         0.0             0.0             0.0
mlx5_1                   0.0         0.0           555.1           732.0
mlx5_2                   0.0         0.0             0.0             0.0
mlx5_3                   0.0         0.0             0.0             0.0
mlx5_4                   0.0         0.0             0.0             0.0
mlx5_5                   0.0         0.0           559.3           754.5
mlx5_6                   0.0         0.0             0.0             0.0
mlx5_7                   0.0         0.0             0.0             0.0
mlx5_8                   0.0         0.0             0.0             0.0
mlx5_9                   0.0         0.0             0.0             0.0
------------------------------------------------------------------------
TOTAL                    0.0         0.0          1114.4          1486.5

Last Update: 2025-11-22 14:41:52
Device               TX Gbps     RX Gbps    TX Total(GB)    RX Total(GB)
========================================================================
mlx5_0                   0.0         0.0             0.0             0.0
mlx5_1                   0.0         0.0           555.1           732.0
mlx5_2                   0.0         0.0             0.0             0.0
mlx5_3                   0.0         0.0             0.0             0.0
mlx5_4                   0.0         0.0             0.0             0.0
mlx5_5                   0.0         0.0           559.3           754.5
mlx5_6                   0.0         0.0             0.0             0.0
mlx5_7                   0.0         0.0             0.0             0.0
mlx5_8                   0.0         0.0             0.0             0.0
mlx5_9                   0.0         0.0             0.0             0.0
------------------------------------------------------------------------
TOTAL                    0.0         0.0          1114.4          1486.5

Last Update: 2025-11-22 14:41:53
Device               TX Gbps     RX Gbps    TX Total(GB)    RX Total(GB)
========================================================================
mlx5_0                   0.0         0.0             0.0             0.0
mlx5_1                  18.4         0.0           557.4           732.0
mlx5_2                   0.0         0.0             0.0             0.0
mlx5_3                   0.0         0.0             0.0             0.0
mlx5_4                   0.0         0.0             0.0             0.0
mlx5_5                  18.8         0.0           561.6           754.5
mlx5_6                   0.0         0.0             0.0             0.0
mlx5_7                   0.0         0.0             0.0             0.0
mlx5_8                   0.0         0.0             0.0             0.0
mlx5_9                   0.0         0.0             0.0             0.0
------------------------------------------------------------------------
TOTAL                   37.2         0.0          1119.1          1486.5

Last Update: 2025-11-22 14:41:54
Device               TX Gbps     RX Gbps    TX Total(GB)    RX Total(GB)
========================================================================
mlx5_0                   0.0         0.0             0.0             0.0
mlx5_1                   0.0         0.0           557.4           732.0
mlx5_2                   0.0         0.0             0.0             0.0
mlx5_3                   0.0         0.0             0.0             0.0
mlx5_4                   0.0         0.0             0.0             0.0
mlx5_5                   0.0         0.0           561.6           754.5
mlx5_6                   0.0         0.0             0.0             0.0
mlx5_7                   0.0         0.0             0.0             0.0
mlx5_8                   0.0         0.0             0.0             0.0
mlx5_9                   0.0         0.0             0.0             0.0
------------------------------------------------------------------------
TOTAL                    0.0         0.0          1119.1          1486.5

Last Update: 2025-11-22 14:41:55
Device               TX Gbps     RX Gbps    TX Total(GB)    RX Total(GB)
========================================================================
mlx5_0                   0.0         0.0             0.0             0.0
mlx5_1                   0.0         0.0           557.4           732.0
mlx5_2                   0.0         0.0             0.0             0.0
mlx5_3                   0.0         0.0             0.0             0.0
mlx5_4                   0.0         0.0             0.0             0.0
mlx5_5                   0.0         0.0           561.6           754.5
mlx5_6                   0.0         0.0             0.0             0.0
mlx5_7                   0.0         0.0             0.0             0.0
mlx5_8                   0.0         0.0             0.0             0.0
mlx5_9                   0.0         0.0             0.0             0.0
------------------------------------------------------------------------
TOTAL                    0.0         0.0          1119.1          1486.5

Last Update: 2025-11-22 14:41:56
Device               TX Gbps     RX Gbps    TX Total(GB)    RX Total(GB)
========================================================================
mlx5_0                   0.0         0.0             0.0             0.0
mlx5_1                   0.0         0.0           557.4           732.0
mlx5_2                   0.0         0.0             0.0             0.0
mlx5_3                   0.0         0.0             0.0             0.0
mlx5_4                   0.0         0.0             0.0             0.0
mlx5_5                   0.0         0.0           561.6           754.5
mlx5_6                   0.0         0.0             0.0             0.0
mlx5_7                   0.0         0.0             0.0             0.0
mlx5_8                   0.0         0.0             0.0             0.0
mlx5_9                   0.0         0.0             0.0             0.0
------------------------------------------------------------------------
TOTAL                    0.0         0.0          1119.1          1486.5

Last Update: 2025-11-22 14:41:57
Device               TX Gbps     RX Gbps    TX Total(GB)    RX Total(GB)
========================================================================
mlx5_0                   0.0         0.0             0.0             0.0
mlx5_1                  18.4         0.0           559.7           732.0
mlx5_2                   0.0         0.0             0.0             0.0
mlx5_3                   0.0         0.0             0.0             0.0
mlx5_4                   0.0         0.0             0.0             0.0
mlx5_5                  18.8         0.0           564.0           754.5
mlx5_6                   0.0         0.0             0.0             0.0
mlx5_7                   0.0         0.0             0.0             0.0
mlx5_8                   0.0         0.0             0.0             0.0
mlx5_9                   0.0         0.0             0.0             0.0
------------------------------------------------------------------------
TOTAL                   37.2         0.0          1123.7          1486.5

Last Update: 2025-11-22 14:41:58
Device               TX Gbps     RX Gbps    TX Total(GB)    RX Total(GB)
========================================================================
mlx5_0                   0.0         0.0             0.0             0.0
mlx5_1                   0.0         0.0           559.7           732.0
mlx5_2                   0.0         0.0             0.0             0.0
mlx5_3                   0.0         0.0             0.0             0.0
mlx5_4                   0.0         0.0             0.0             0.0
mlx5_5                   0.0         0.0           564.0           754.5
mlx5_6                   0.0         0.0             0.0             0.0
mlx5_7                   0.0         0.0             0.0             0.0
mlx5_8                   0.0         0.0             0.0             0.0
mlx5_9                   0.0         0.0             0.0             0.0
------------------------------------------------------------------------
TOTAL                    0.0         0.0          1123.7          1486.5

Last Update: 2025-11-22 14:41:59
Device               TX Gbps     RX Gbps    TX Total(GB)    RX Total(GB)
========================================================================
mlx5_0                   0.0         0.0             0.0             0.0
mlx5_1                   0.0         0.0           559.7           732.0
mlx5_2                   0.0         0.0             0.0             0.0
mlx5_3                   0.0         0.0             0.0             0.0
mlx5_4                   0.0         0.0             0.0             0.0
mlx5_5                   0.0         0.0           564.0           754.5
mlx5_6                   0.0         0.0             0.0             0.0
mlx5_7                   0.0         0.0             0.0             0.0
mlx5_8                   0.0         0.0             0.0             0.0
mlx5_9                   0.0         0.0             0.0             0.0
------------------------------------------------------------------------
TOTAL                    0.0         0.0          1123.7          1486.5

Last Update: 2025-11-22 14:42:00
Device               TX Gbps     RX Gbps    TX Total(GB)    RX Total(GB)
========================================================================
mlx5_0                   0.0         0.0             0.0             0.0
mlx5_1                   0.0         0.0           559.7           732.0
mlx5_2                   0.0         0.0             0.0             0.0
mlx5_3                   0.0         0.0             0.0             0.0
mlx5_4                   0.0         0.0             0.0             0.0
mlx5_5                   0.0         0.0           564.0           754.5
mlx5_6                   0.0         0.0             0.0             0.0
mlx5_7                   0.0         0.0             0.0             0.0
mlx5_8                   0.0         0.0             0.0             0.0
mlx5_9                   0.0         0.0             0.0             0.0
------------------------------------------------------------------------
TOTAL                    0.0         0.0          1123.7          1486.5

Last Update: 2025-11-22 14:42:01
Device               TX Gbps     RX Gbps    TX Total(GB)    RX Total(GB)
========================================================================
mlx5_0                   0.0         0.0             0.0             0.0
mlx5_1                  18.5         0.0           562.1           732.0
mlx5_2                   0.0         0.0             0.0             0.0
mlx5_3                   0.0         0.0             0.0             0.0
mlx5_4                   0.0         0.0             0.0             0.0
mlx5_5                  18.7         0.0           566.3           754.5
mlx5_6                   0.0         0.0             0.0             0.0
mlx5_7                   0.0         0.0             0.0             0.0
mlx5_8                   0.0         0.0             0.0             0.0
mlx5_9                   0.0         0.0             0.0             0.0
------------------------------------------------------------------------
TOTAL                   37.2         0.0          1128.4          1486.5

Last Update: 2025-11-22 14:42:02
Device               TX Gbps     RX Gbps    TX Total(GB)    RX Total(GB)
========================================================================
mlx5_0                   0.0         0.0             0.0             0.0
mlx5_1                   0.0         0.0           562.1           732.0
mlx5_2                   0.0         0.0             0.0             0.0
mlx5_3                   0.0         0.0             0.0             0.0
mlx5_4                   0.0         0.0             0.0             0.0
mlx5_5                   0.0         0.0           566.3           754.5
mlx5_6                   0.0         0.0             0.0             0.0
mlx5_7                   0.0         0.0             0.0             0.0
mlx5_8                   0.0         0.0             0.0             0.0
mlx5_9                   0.0         0.0             0.0             0.0
------------------------------------------------------------------------
TOTAL                    0.0         0.0          1128.4          1486.5

Last Update: 2025-11-22 14:42:03
Device               TX Gbps     RX Gbps    TX Total(GB)    RX Total(GB)
========================================================================
mlx5_0                   0.0         0.0             0.0             0.0
mlx5_1                   0.0         0.0           562.1           732.0
mlx5_2                   0.0         0.0             0.0             0.0
mlx5_3                   0.0         0.0             0.0             0.0
mlx5_4                   0.0         0.0             0.0             0.0
mlx5_5                   0.0         0.0           566.3           754.5
mlx5_6                   0.0         0.0             0.0             0.0
mlx5_7                   0.0         0.0             0.0             0.0
mlx5_8                   0.0         0.0             0.0             0.0
mlx5_9                   0.0         0.0             0.0             0.0
------------------------------------------------------------------------
TOTAL                    0.0         0.0          1128.4          1486.5

Last Update: 2025-11-22 14:42:04
Device               TX Gbps     RX Gbps    TX Total(GB)    RX Total(GB)
========================================================================
mlx5_0                   0.0         0.0             0.0             0.0
mlx5_1                   0.0         0.0           562.1           732.0
mlx5_2                   0.0         0.0             0.0             0.0
mlx5_3                   0.0         0.0             0.0             0.0
mlx5_4                   0.0         0.0             0.0             0.0
mlx5_5                   0.0         0.0           566.3           754.5
mlx5_6                   0.0         0.0             0.0             0.0
mlx5_7                   0.0         0.0             0.0             0.0
mlx5_8                   0.0         0.0             0.0             0.0
mlx5_9                   0.0         0.0             0.0             0.0
------------------------------------------------------------------------
TOTAL                    0.0         0.0          1128.4          1486.5

Last Update: 2025-11-22 14:42:05
Device               TX Gbps     RX Gbps    TX Total(GB)    RX Total(GB)
========================================================================
mlx5_0                   0.0         0.0             0.0             0.0
mlx5_1                  18.2         0.4           564.4           732.1
mlx5_2                   0.0         0.0             0.0             0.0
mlx5_3                   0.0         0.0             0.0             0.0
mlx5_4                   0.0         0.0             0.0             0.0
mlx5_5                  18.4         0.5           568.7           754.5
mlx5_6                   0.0         0.0             0.0             0.0
mlx5_7                   0.0         0.0             0.0             0.0
mlx5_8                   0.0         0.0             0.0             0.0
mlx5_9                   0.0         0.0             0.0             0.0
------------------------------------------------------------------------
TOTAL                   36.6         0.9          1133.0          1486.6

Last Update: 2025-11-22 14:42:06
Device               TX Gbps     RX Gbps    TX Total(GB)    RX Total(GB)
========================================================================
mlx5_0                   0.0         0.0             0.0             0.0
mlx5_1                   1.0       110.6           564.5           746.0
mlx5_2                   0.0         0.0             0.0             0.0
mlx5_3                   0.0         0.0             0.0             0.0
mlx5_4                   0.0         0.0             0.0             0.0
mlx5_5                   1.1       115.0           568.8           769.0
mlx5_6                   0.0         0.0             0.0             0.0
mlx5_7                   0.0         0.0             0.0             0.0
mlx5_8                   0.0         0.0             0.0             0.0
mlx5_9                   0.0         0.0             0.0             0.0
------------------------------------------------------------------------
TOTAL                    2.1       225.6          1133.3          1515.0

Last Update: 2025-11-22 14:42:07
Device               TX Gbps     RX Gbps    TX Total(GB)    RX Total(GB)
========================================================================
mlx5_0                   0.0         0.0             0.0             0.0
mlx5_1                   0.0         0.0           564.5           746.0
mlx5_2                   0.0         0.0             0.0             0.0
mlx5_3                   0.0         0.0             0.0             0.0
mlx5_4                   0.0         0.0             0.0             0.0
mlx5_5                   0.0         0.0           568.8           769.0
mlx5_6                   0.0         0.0             0.0             0.0
mlx5_7                   0.0         0.0             0.0             0.0
mlx5_8                   0.0         0.0             0.0             0.0
mlx5_9                   0.0         0.0             0.0             0.0
------------------------------------------------------------------------
TOTAL                    0.0         0.0          1133.3          1515.0

Last Update: 2025-11-22 14:42:08
Device               TX Gbps     RX Gbps    TX Total(GB)    RX Total(GB)
========================================================================
mlx5_0                   0.0         0.0             0.0             0.0
mlx5_1                   0.0         0.0           564.5           746.0
mlx5_2                   0.0         0.0             0.0             0.0
mlx5_3                   0.0         0.0             0.0             0.0
mlx5_4                   0.0         0.0             0.0             0.0
mlx5_5                   0.0         0.0           568.8           769.0
mlx5_6                   0.0         0.0             0.0             0.0
mlx5_7                   0.0         0.0             0.0             0.0
mlx5_8                   0.0         0.0             0.0             0.0
mlx5_9                   0.0         0.0             0.0             0.0
------------------------------------------------------------------------
TOTAL                    0.0         0.0          1133.3          1515.0

Last Update: 2025-11-22 14:42:09
Device               TX Gbps     RX Gbps    TX Total(GB)    RX Total(GB)
========================================================================
mlx5_0                   0.0         0.0             0.0             0.0
mlx5_1                   0.0         0.0           564.5           746.0
mlx5_2                   0.0         0.0             0.0             0.0
mlx5_3                   0.0         0.0             0.0             0.0
mlx5_4                   0.0         0.0             0.0             0.0
mlx5_5                   0.0         0.0           568.8           769.0
mlx5_6                   0.0         0.0             0.0             0.0
mlx5_7                   0.0         0.0             0.0             0.0
mlx5_8                   0.0         0.0             0.0             0.0
mlx5_9                   0.0         0.0             0.0             0.0
------------------------------------------------------------------------
TOTAL                    0.0         0.0          1133.3          1515.0

Last Update: 2025-11-22 14:42:10
Device               TX Gbps     RX Gbps    TX Total(GB)    RX Total(GB)
========================================================================
mlx5_0                   0.0         0.0             0.0             0.0
mlx5_1                  19.1         0.0           566.9           746.0
mlx5_2                   0.0         0.0             0.0             0.0
mlx5_3                   0.0         0.0             0.0             0.0
mlx5_4                   0.0         0.0             0.0             0.0
mlx5_5                  18.9         0.0           571.2           769.0
mlx5_6                   0.0         0.0             0.0             0.0
mlx5_7                   0.0         0.0             0.0             0.0
mlx5_8                   0.0         0.0             0.0             0.0
mlx5_9                   0.0         0.0             0.0             0.0
------------------------------------------------------------------------
TOTAL                   38.0         0.0          1138.0          1515.0

Last Update: 2025-11-22 14:42:11
Device               TX Gbps     RX Gbps    TX Total(GB)    RX Total(GB)
========================================================================
mlx5_0                   0.0         0.0             0.0             0.0
mlx5_1                   0.0         0.0           566.9           746.0
mlx5_2                   0.0         0.0             0.0             0.0
mlx5_3                   0.0         0.0             0.0             0.0
mlx5_4                   0.0         0.0             0.0             0.0
mlx5_5                   0.0         0.0           571.2           769.0
mlx5_6                   0.0         0.0             0.0             0.0
mlx5_7                   0.0         0.0             0.0             0.0
mlx5_8                   0.0         0.0             0.0             0.0
mlx5_9                   0.0         0.0             0.0             0.0
------------------------------------------------------------------------
TOTAL                    0.0         0.0          1138.0          1515.0

Last Update: 2025-11-22 14:42:12
Device               TX Gbps     RX Gbps    TX Total(GB)    RX Total(GB)
========================================================================
mlx5_0                   0.0         0.0             0.0             0.0
mlx5_1                   0.0         0.0           566.9           746.0
mlx5_2                   0.0         0.0             0.0             0.0
mlx5_3                   0.0         0.0             0.0             0.0
mlx5_4                   0.0         0.0             0.0             0.0
mlx5_5                   0.0         0.0           571.2           769.0
mlx5_6                   0.0         0.0             0.0             0.0
mlx5_7                   0.0         0.0             0.0             0.0
mlx5_8                   0.0         0.0             0.0             0.0
mlx5_9                   0.0         0.0             0.0             0.0
------------------------------------------------------------------------
TOTAL                    0.0         0.0          1138.0          1515.0

Last Update: 2025-11-22 14:42:13
Device               TX Gbps     RX Gbps    TX Total(GB)    RX Total(GB)
========================================================================
mlx5_0                   0.0         0.0             0.0             0.0
mlx5_1                   0.0         0.0           566.9           746.0
mlx5_2                   0.0         0.0             0.0             0.0
mlx5_3                   0.0         0.0             0.0             0.0
mlx5_4                   0.0         0.0             0.0             0.0
mlx5_5                   0.0         0.0           571.2           769.0
mlx5_6                   0.0         0.0             0.0             0.0
mlx5_7                   0.0         0.0             0.0             0.0
mlx5_8                   0.0         0.0             0.0             0.0
mlx5_9                   0.0         0.0             0.0             0.0
------------------------------------------------------------------------
TOTAL                    0.0         0.0          1138.0          1515.0

Last Update: 2025-11-22 14:42:14
Device               TX Gbps     RX Gbps    TX Total(GB)    RX Total(GB)
========================================================================
mlx5_0                   0.0         0.0             0.0             0.0
mlx5_1                  18.6         0.0           569.2           746.0
mlx5_2                   0.0         0.0             0.0             0.0
mlx5_3                   0.0         0.0             0.0             0.0
mlx5_4                   0.0         0.0             0.0             0.0
mlx5_5                  18.7         0.0           573.5           769.0
mlx5_6                   0.0         0.0             0.0             0.0
mlx5_7                   0.0         0.0             0.0             0.0
mlx5_8                   0.0         0.0             0.0             0.0
mlx5_9                   0.0         0.0             0.0             0.0
------------------------------------------------------------------------
TOTAL                   37.2         0.0          1142.7          1515.0

Last Update: 2025-11-22 14:42:15
Device               TX Gbps     RX Gbps    TX Total(GB)    RX Total(GB)
========================================================================
mlx5_0                   0.0         0.0             0.0             0.0
mlx5_1                   0.0         0.0           569.2           746.0
mlx5_2                   0.0         0.0             0.0             0.0
mlx5_3                   0.0         0.0             0.0             0.0
mlx5_4                   0.0         0.0             0.0             0.0
mlx5_5                   0.0         0.0           573.5           769.0
mlx5_6                   0.0         0.0             0.0             0.0
mlx5_7                   0.0         0.0             0.0             0.0
mlx5_8                   0.0         0.0             0.0             0.0
mlx5_9                   0.0         0.0             0.0             0.0
------------------------------------------------------------------------
TOTAL                    0.0         0.0          1142.7          1515.0

Last Update: 2025-11-22 14:42:16
Device               TX Gbps     RX Gbps    TX Total(GB)    RX Total(GB)
========================================================================
mlx5_0                   0.0         0.0             0.0             0.0
mlx5_1                   0.0         0.0           569.2           746.0
mlx5_2                   0.0         0.0             0.0             0.0
mlx5_3                   0.0         0.0             0.0             0.0
mlx5_4                   0.0         0.0             0.0             0.0
mlx5_5                   0.0         0.0           573.5           769.0
mlx5_6                   0.0         0.0             0.0             0.0
mlx5_7                   0.0         0.0             0.0             0.0
mlx5_8                   0.0         0.0             0.0             0.0
mlx5_9                   0.0         0.0             0.0             0.0
------------------------------------------------------------------------
TOTAL                    0.0         0.0          1142.7          1515.0

Last Update: 2025-11-22 14:42:17
Device               TX Gbps     RX Gbps    TX Total(GB)    RX Total(GB)
========================================================================
mlx5_0                   0.0         0.0             0.0             0.0
mlx5_1                  18.6         0.0           571.5           746.0
mlx5_2                   0.0         0.0             0.0             0.0
mlx5_3                   0.0         0.0             0.0             0.0
mlx5_4                   0.0         0.0             0.0             0.0
mlx5_5                  18.6         0.0           575.8           769.0
mlx5_6                   0.0         0.0             0.0             0.0
mlx5_7                   0.0         0.0             0.0             0.0
mlx5_8                   0.0         0.0             0.0             0.0
mlx5_9                   0.0         0.0             0.0             0.0
------------------------------------------------------------------------
TOTAL                   37.2         0.0          1147.4          1515.0

Last Update: 2025-11-22 14:42:18
Device               TX Gbps     RX Gbps    TX Total(GB)    RX Total(GB)
========================================================================
mlx5_0                   0.0         0.0             0.0             0.0
mlx5_1                   0.0         0.0           571.5           746.0
mlx5_2                   0.0         0.0             0.0             0.0
mlx5_3                   0.0         0.0             0.0             0.0
mlx5_4                   0.0         0.0             0.0             0.0
mlx5_5                   0.0         0.0           575.8           769.0
mlx5_6                   0.0         0.0             0.0             0.0
mlx5_7                   0.0         0.0             0.0             0.0
mlx5_8                   0.0         0.0             0.0             0.0
mlx5_9                   0.0         0.0             0.0             0.0
------------------------------------------------------------------------
TOTAL                    0.0         0.0          1147.4          1515.0

Last Update: 2025-11-22 14:42:19
Device               TX Gbps     RX Gbps    TX Total(GB)    RX Total(GB)
========================================================================
mlx5_0                   0.0         0.0             0.0             0.0
mlx5_1                   0.0         0.0           571.5           746.0
mlx5_2                   0.0         0.0             0.0             0.0
mlx5_3                   0.0         0.0             0.0             0.0
mlx5_4                   0.0         0.0             0.0             0.0
mlx5_5                   0.0         0.0           575.8           769.0
mlx5_6                   0.0         0.0             0.0             0.0
mlx5_7                   0.0         0.0             0.0             0.0
mlx5_8                   0.0         0.0             0.0             0.0
mlx5_9                   0.0         0.0             0.0             0.0
------------------------------------------------------------------------
TOTAL                    0.0         0.0          1147.4          1515.0

Last Update: 2025-11-22 14:42:20
Device               TX Gbps     RX Gbps    TX Total(GB)    RX Total(GB)
========================================================================
mlx5_0                   0.0         0.0             0.0             0.0
mlx5_1                   0.0         0.0           571.5           746.0
mlx5_2                   0.0         0.0             0.0             0.0
mlx5_3                   0.0         0.0             0.0             0.0
mlx5_4                   0.0         0.0             0.0             0.0
mlx5_5                   0.0         0.0           575.8           769.0
mlx5_6                   0.0         0.0             0.0             0.0
mlx5_7                   0.0         0.0             0.0             0.0
mlx5_8                   0.0         0.0             0.0             0.0
mlx5_9                   0.0         0.0             0.0             0.0
------------------------------------------------------------------------
TOTAL                    0.0         0.0          1147.4          1515.0

Last Update: 2025-11-22 14:42:21
Device               TX Gbps     RX Gbps    TX Total(GB)    RX Total(GB)
========================================================================
mlx5_0                   0.0         0.0             0.0             0.0
mlx5_1                  18.6         0.0           573.9           746.0
mlx5_2                   0.0         0.0             0.0             0.0
mlx5_3                   0.0         0.0             0.0             0.0
mlx5_4                   0.0         0.0             0.0             0.0
mlx5_5                  18.6         0.0           578.2           769.0
mlx5_6                   0.0         0.0             0.0             0.0
mlx5_7                   0.0         0.0             0.0             0.0
mlx5_8                   0.0         0.0             0.0             0.0
mlx5_9                   0.0         0.0             0.0             0.0
------------------------------------------------------------------------
TOTAL                   37.2         0.0          1152.1          1515.0

Last Update: 2025-11-22 14:42:22
Device               TX Gbps     RX Gbps    TX Total(GB)    RX Total(GB)
========================================================================
mlx5_0                   0.0         0.0             0.0             0.0
mlx5_1                   0.0         0.0           573.9           746.0
mlx5_2                   0.0         0.0             0.0             0.0
mlx5_3                   0.0         0.0             0.0             0.0
mlx5_4                   0.0         0.0             0.0             0.0
mlx5_5                   0.0         0.0           578.2           769.0
mlx5_6                   0.0         0.0             0.0             0.0
mlx5_7                   0.0         0.0             0.0             0.0
mlx5_8                   0.0         0.0             0.0             0.0
mlx5_9                   0.0         0.0             0.0             0.0
------------------------------------------------------------------------
TOTAL                    0.0         0.0          1152.1          1515.0

Last Update: 2025-11-22 14:42:23
Device               TX Gbps     RX Gbps    TX Total(GB)    RX Total(GB)
========================================================================
mlx5_0                   0.0         0.0             0.0             0.0
mlx5_1                   0.0         0.0           573.9           746.0
mlx5_2                   0.0         0.0             0.0             0.0
mlx5_3                   0.0         0.0             0.0             0.0
mlx5_4                   0.0         0.0             0.0             0.0
mlx5_5                   0.0         0.0           578.2           769.0
mlx5_6                   0.0         0.0             0.0             0.0
mlx5_7                   0.0         0.0             0.0             0.0
mlx5_8                   0.0         0.0             0.0             0.0
mlx5_9                   0.0         0.0             0.0             0.0
------------------------------------------------------------------------
TOTAL                    0.0         0.0          1152.1          1515.0

Last Update: 2025-11-22 14:42:24
Device               TX Gbps     RX Gbps    TX Total(GB)    RX Total(GB)
========================================================================
mlx5_0                   0.0         0.0             0.0             0.0
mlx5_1                   0.0         0.0           573.9           746.0
mlx5_2                   0.0         0.0             0.0             0.0
mlx5_3                   0.0         0.0             0.0             0.0
mlx5_4                   0.0         0.0             0.0             0.0
mlx5_5                   0.0         0.0           578.2           769.0
mlx5_6                   0.0         0.0             0.0             0.0
mlx5_7                   0.0         0.0             0.0             0.0
mlx5_8                   0.0         0.0             0.0             0.0
mlx5_9                   0.0         0.0             0.0             0.0
------------------------------------------------------------------------
TOTAL                    0.0         0.0          1152.1          1515.0

Last Update: 2025-11-22 14:42:25
Device               TX Gbps     RX Gbps    TX Total(GB)    RX Total(GB)
========================================================================
mlx5_0                   0.0         0.0             0.0             0.0
mlx5_1                  18.7         0.0           576.2           746.0
mlx5_2                   0.0         0.0             0.0             0.0
mlx5_3                   0.0         0.0             0.0             0.0
mlx5_4                   0.0         0.0             0.0             0.0
mlx5_5                  18.5         0.0           580.5           769.0
mlx5_6                   0.0         0.0             0.0             0.0
mlx5_7                   0.0         0.0             0.0             0.0
mlx5_8                   0.0         0.0             0.0             0.0
mlx5_9                   0.0         0.0             0.0             0.0
------------------------------------------------------------------------
TOTAL                   37.2         0.0          1156.7          1515.0

Last Update: 2025-11-22 14:42:26
Device               TX Gbps     RX Gbps    TX Total(GB)    RX Total(GB)
========================================================================
mlx5_0                   0.0         0.0             0.0             0.0
mlx5_1                   0.0         0.0           576.2           746.0
mlx5_2                   0.0         0.0             0.0             0.0
mlx5_3                   0.0         0.0             0.0             0.0
mlx5_4                   0.0         0.0             0.0             0.0
mlx5_5                   0.0         0.0           580.5           769.0
mlx5_6                   0.0         0.0             0.0             0.0
mlx5_7                   0.0         0.0             0.0             0.0
mlx5_8                   0.0         0.0             0.0             0.0
mlx5_9                   0.0         0.0             0.0             0.0
------------------------------------------------------------------------
TOTAL                    0.0         0.0          1156.7          1515.0

Last Update: 2025-11-22 14:42:27
Device               TX Gbps     RX Gbps    TX Total(GB)    RX Total(GB)
========================================================================
mlx5_0                   0.0         0.0             0.0             0.0
mlx5_1                   0.0         0.0           576.2           746.0
mlx5_2                   0.0         0.0             0.0             0.0
mlx5_3                   0.0         0.0             0.0             0.0
mlx5_4                   0.0         0.0             0.0             0.0
mlx5_5                   0.0         0.0           580.5           769.0
mlx5_6                   0.0         0.0             0.0             0.0
mlx5_7                   0.0         0.0             0.0             0.0
mlx5_8                   0.0         0.0             0.0             0.0
mlx5_9                   0.0         0.0             0.0             0.0
------------------------------------------------------------------------
TOTAL                    0.0         0.0          1156.7          1515.0

Last Update: 2025-11-22 14:42:28
Device               TX Gbps     RX Gbps    TX Total(GB)    RX Total(GB)
========================================================================
mlx5_0                   0.0         0.0             0.0             0.0
mlx5_1                   0.0         0.0           576.2           746.0
mlx5_2                   0.0         0.0             0.0             0.0
mlx5_3                   0.0         0.0             0.0             0.0
mlx5_4                   0.0         0.0             0.0             0.0
mlx5_5                   0.0         0.0           580.5           769.0
mlx5_6                   0.0         0.0             0.0             0.0
mlx5_7                   0.0         0.0             0.0             0.0
mlx5_8                   0.0         0.0             0.0             0.0
mlx5_9                   0.0         0.0             0.0             0.0
------------------------------------------------------------------------
TOTAL                    0.0         0.0          1156.7          1515.0

Last Update: 2025-11-22 14:42:29
Device               TX Gbps     RX Gbps    TX Total(GB)    RX Total(GB)
========================================================================
mlx5_0                   0.0         0.0             0.0             0.0
mlx5_1                   7.0         0.0           577.1           746.0
mlx5_2                   0.0         0.0             0.0             0.0
mlx5_3                   0.0         0.0             0.0             0.0
mlx5_4                   0.0         0.0             0.0             0.0
mlx5_5                   7.9         0.0           581.5           769.0
mlx5_6                   0.0         0.0             0.0             0.0
mlx5_7                   0.0         0.0             0.0             0.0
mlx5_8                   0.0         0.0             0.0             0.0
mlx5_9                   0.0         0.0             0.0             0.0
------------------------------------------------------------------------
TOTAL                   14.9         0.0          1158.6          1515.0

Last Update: 2025-11-22 14:42:30
Device               TX Gbps     RX Gbps    TX Total(GB)    RX Total(GB)
========================================================================
mlx5_0                   0.0         0.0             0.0             0.0
mlx5_1                  11.7         0.0           578.6           746.0
mlx5_2                   0.0         0.0             0.0             0.0
mlx5_3                   0.0         0.0             0.0             0.0
mlx5_4                   0.0         0.0             0.0             0.0
mlx5_5                  10.7         0.0           582.8           769.0
mlx5_6                   0.0         0.0             0.0             0.0
mlx5_7                   0.0         0.0             0.0             0.0
mlx5_8                   0.0         0.0             0.0             0.0
mlx5_9                   0.0         0.0             0.0             0.0
------------------------------------------------------------------------
TOTAL                   22.3         0.0          1161.4          1515.0

Last Update: 2025-11-22 14:42:31
Device               TX Gbps     RX Gbps    TX Total(GB)    RX Total(GB)
========================================================================
mlx5_0                   0.0         0.0             0.0             0.0
mlx5_1                   0.0         0.0           578.6           746.0
mlx5_2                   0.0         0.0             0.0             0.0
mlx5_3                   0.0         0.0             0.0             0.0
mlx5_4                   0.0         0.0             0.0             0.0
mlx5_5                   0.0         0.0           582.8           769.0
mlx5_6                   0.0         0.0             0.0             0.0
mlx5_7                   0.0         0.0             0.0             0.0
mlx5_8                   0.0         0.0             0.0             0.0
mlx5_9                   0.0         0.0             0.0             0.0
------------------------------------------------------------------------
TOTAL                    0.0         0.0          1161.4          1515.0

Last Update: 2025-11-22 14:42:32
Device               TX Gbps     RX Gbps    TX Total(GB)    RX Total(GB)
========================================================================
mlx5_0                   0.0         0.0             0.0             0.0
mlx5_1                   0.0         0.0           578.6           746.0
mlx5_2                   0.0         0.0             0.0             0.0
mlx5_3                   0.0         0.0             0.0             0.0
mlx5_4                   0.0         0.0             0.0             0.0
mlx5_5                   0.0         0.0           582.8           769.0
mlx5_6                   0.0         0.0             0.0             0.0
mlx5_7                   0.0         0.0             0.0             0.0
mlx5_8                   0.0         0.0             0.0             0.0
mlx5_9                   0.0         0.0             0.0             0.0
------------------------------------------------------------------------
TOTAL                    0.0         0.0          1161.4          1515.0

Last Update: 2025-11-22 14:42:33
Device               TX Gbps     RX Gbps    TX Total(GB)    RX Total(GB)
========================================================================
mlx5_0                   0.0         0.0             0.0             0.0
mlx5_1                  14.2         0.0           580.4           746.0
mlx5_2                   0.0         0.0             0.0             0.0
mlx5_3                   0.0         0.0             0.0             0.0
mlx5_4                   0.0         0.0             0.0             0.0
mlx5_5                  14.4         0.0           584.7           769.0
mlx5_6                   0.0         0.0             0.0             0.0
mlx5_7                   0.0         0.0             0.0             0.0
mlx5_8                   0.0         0.0             0.0             0.0
mlx5_9                   0.0         0.0             0.0             0.0
------------------------------------------------------------------------
TOTAL                   28.6         0.0          1165.0          1515.0

Last Update: 2025-11-22 14:42:34
Device               TX Gbps     RX Gbps    TX Total(GB)    RX Total(GB)
========================================================================
mlx5_0                   0.0         0.0             0.0             0.0
mlx5_1                   0.0         0.0           580.4           746.0
mlx5_2                   0.0         0.0             0.0             0.0
mlx5_3                   0.0         0.0             0.0             0.0
mlx5_4                   0.0         0.0             0.0             0.0
mlx5_5                   0.0         0.0           584.7           769.0
mlx5_6                   0.0         0.0             0.0             0.0
mlx5_7                   0.0         0.0             0.0             0.0
mlx5_8                   0.0         0.0             0.0             0.0
mlx5_9                   0.0         0.0             0.0             0.0
------------------------------------------------------------------------
TOTAL                    0.0         0.0          1165.0          1515.0

Last Update: 2025-11-22 14:42:35
Device               TX Gbps     RX Gbps    TX Total(GB)    RX Total(GB)
========================================================================
mlx5_0                   0.0         0.0             0.0             0.0
mlx5_1                   0.0         0.0           580.4           746.0
mlx5_2                   0.0         0.0             0.0             0.0
mlx5_3                   0.0         0.0             0.0             0.0
mlx5_4                   0.0         0.0             0.0             0.0
mlx5_5                   0.0         0.0           584.7           769.0
mlx5_6                   0.0         0.0             0.0             0.0
mlx5_7                   0.0         0.0             0.0             0.0
mlx5_8                   0.0         0.0             0.0             0.0
mlx5_9                   0.0         0.0             0.0             0.0
------------------------------------------------------------------------
TOTAL                    0.0         0.0          1165.0          1515.0

Last Update: 2025-11-22 14:42:36
Device               TX Gbps     RX Gbps    TX Total(GB)    RX Total(GB)
========================================================================
mlx5_0                   0.0         0.0             0.0             0.0
mlx5_1                   0.0         0.0           580.4           746.0
mlx5_2                   0.0         0.0             0.0             0.0
mlx5_3                   0.0         0.0             0.0             0.0
mlx5_4                   0.0         0.0             0.0             0.0
mlx5_5                   0.0         0.0           584.7           769.0
mlx5_6                   0.0         0.0             0.0             0.0
mlx5_7                   0.0         0.0             0.0             0.0
mlx5_8                   0.0         0.0             0.0             0.0
mlx5_9                   0.0         0.0             0.0             0.0
------------------------------------------------------------------------
TOTAL                    0.0         0.0          1165.0          1515.0

Last Update: 2025-11-22 14:42:37
Device               TX Gbps     RX Gbps    TX Total(GB)    RX Total(GB)
========================================================================
mlx5_0                   0.0         0.0             0.0             0.0
mlx5_1                   0.0         0.0           580.4           746.0
mlx5_2                   0.0         0.0             0.0             0.0
mlx5_3                   0.0         0.0             0.0             0.0
mlx5_4                   0.0         0.0             0.0             0.0
mlx5_5                   0.0         0.0           584.7           769.0
mlx5_6                   0.0         0.0             0.0             0.0
mlx5_7                   0.0         0.0             0.0             0.0
mlx5_8                   0.0         0.0             0.0             0.0
mlx5_9                   0.0         0.0             0.0             0.0
------------------------------------------------------------------------
TOTAL                    0.0         0.0          1165.0          1515.0

Last Update: 2025-11-22 14:42:38
Device               TX Gbps     RX Gbps    TX Total(GB)    RX Total(GB)
========================================================================
mlx5_0                   0.0         0.0             0.0             0.0
mlx5_1                   0.0         0.0           580.4           746.0
mlx5_2                   0.0         0.0             0.0             0.0
mlx5_3                   0.0         0.0             0.0             0.0
mlx5_4                   0.0         0.0             0.0             0.0
mlx5_5                   0.0         0.0           584.7           769.0
mlx5_6                   0.0         0.0             0.0             0.0
mlx5_7                   0.0         0.0             0.0             0.0
mlx5_8                   0.0         0.0             0.0             0.0
mlx5_9                   0.0         0.0             0.0             0.0
------------------------------------------------------------------------
TOTAL                    0.0         0.0          1165.0          1515.0

Last Update: 2025-11-22 14:42:39
Device               TX Gbps     RX Gbps    TX Total(GB)    RX Total(GB)
========================================================================
mlx5_0                   0.0         0.0             0.0             0.0
mlx5_1                   0.0         0.0           580.4           746.0
mlx5_2                   0.0         0.0             0.0             0.0
mlx5_3                   0.0         0.0             0.0             0.0
mlx5_4                   0.0         0.0             0.0             0.0
mlx5_5                   0.0         0.0           584.7           769.0
mlx5_6                   0.0         0.0             0.0             0.0
mlx5_7                   0.0         0.0             0.0             0.0
mlx5_8                   0.0         0.0             0.0             0.0
mlx5_9                   0.0         0.0             0.0             0.0
------------------------------------------------------------------------
TOTAL                    0.0         0.0          1165.0          1515.0

Last Update: 2025-11-22 14:42:40
Device               TX Gbps     RX Gbps    TX Total(GB)    RX Total(GB)
========================================================================
mlx5_0                   0.0         0.0             0.0             0.0
mlx5_1                   0.0         0.0           580.4           746.0
mlx5_2                   0.0         0.0             0.0             0.0
mlx5_3                   0.0         0.0             0.0             0.0
mlx5_4                   0.0         0.0             0.0             0.0
mlx5_5                   0.0         0.0           584.7           769.0
mlx5_6                   0.0         0.0             0.0             0.0
mlx5_7                   0.0         0.0             0.0             0.0
mlx5_8                   0.0         0.0             0.0             0.0
mlx5_9                   0.0         0.0             0.0             0.0
------------------------------------------------------------------------
TOTAL                    0.0         0.0          1165.0          1515.0

Last Update: 2025-11-22 14:42:41
Device               TX Gbps     RX Gbps    TX Total(GB)    RX Total(GB)
========================================================================
mlx5_0                   0.0         0.0             0.0             0.0
mlx5_1                   0.0         0.0           580.4           746.0
mlx5_2                   0.0         0.0             0.0             0.0
mlx5_3                   0.0         0.0             0.0             0.0
mlx5_4                   0.0         0.0             0.0             0.0
mlx5_5                   0.0         0.0           584.7           769.0
mlx5_6                   0.0         0.0             0.0             0.0
mlx5_7                   0.0         0.0             0.0             0.0
mlx5_8                   0.0         0.0             0.0             0.0
mlx5_9                   0.0         0.0             0.0             0.0
------------------------------------------------------------------------
TOTAL                    0.0         0.0          1165.0          1515.0

Last Update: 2025-11-22 14:42:42
Device               TX Gbps     RX Gbps    TX Total(GB)    RX Total(GB)
========================================================================
mlx5_0                   0.0         0.0             0.0             0.0
mlx5_1                   0.0         0.0           580.4           746.0
mlx5_2                   0.0         0.0             0.0             0.0
mlx5_3                   0.0         0.0             0.0             0.0
mlx5_4                   0.0         0.0             0.0             0.0
mlx5_5                   0.0         0.0           584.7           769.0
mlx5_6                   0.0         0.0             0.0             0.0
mlx5_7                   0.0         0.0             0.0             0.0
mlx5_8                   0.0         0.0             0.0             0.0
mlx5_9                   0.0         0.0             0.0             0.0
------------------------------------------------------------------------
TOTAL                    0.0         0.0          1165.0          1515.0

Last Update: 2025-11-22 14:42:43
Device               TX Gbps     RX Gbps    TX Total(GB)    RX Total(GB)
========================================================================
mlx5_0                   0.0         0.0             0.0             0.0
mlx5_1                   0.0         0.0           580.4           746.0
mlx5_2                   0.0         0.0             0.0             0.0
mlx5_3                   0.0         0.0             0.0             0.0
mlx5_4                   0.0         0.0             0.0             0.0
mlx5_5                   0.0         0.0           584.7           769.0
mlx5_6                   0.0         0.0             0.0             0.0
mlx5_7                   0.0         0.0             0.0             0.0
mlx5_8                   0.0         0.0             0.0             0.0
mlx5_9                   0.0         0.0             0.0             0.0
------------------------------------------------------------------------
TOTAL                    0.0         0.0          1165.0          1515.0

Last Update: 2025-11-22 14:42:44
Device               TX Gbps     RX Gbps    TX Total(GB)    RX Total(GB)
========================================================================
mlx5_0                   0.0         0.0             0.0             0.0
mlx5_1                   0.0         0.0           580.4           746.0
mlx5_2                   0.0         0.0             0.0             0.0
mlx5_3                   0.0         0.0             0.0             0.0
mlx5_4                   0.0         0.0             0.0             0.0
mlx5_5                   0.0         0.0           584.7           769.0
mlx5_6                   0.0         0.0             0.0             0.0
mlx5_7                   0.0         0.0             0.0             0.0
mlx5_8                   0.0         0.0             0.0             0.0
mlx5_9                   0.0         0.0             0.0             0.0
------------------------------------------------------------------------
TOTAL                    0.0         0.0          1165.0          1515.0

Last Update: 2025-11-22 14:42:45
Device               TX Gbps     RX Gbps    TX Total(GB)    RX Total(GB)
========================================================================
mlx5_0                   0.0         0.0             0.0             0.0
mlx5_1                   0.0         0.0           580.4           746.0
mlx5_2                   0.0         0.0             0.0             0.0
mlx5_3                   0.0         0.0             0.0             0.0
mlx5_4                   0.0         0.0             0.0             0.0
mlx5_5                   0.0         0.0           584.7           769.0
mlx5_6                   0.0         0.0             0.0             0.0
mlx5_7                   0.0         0.0             0.0             0.0
mlx5_8                   0.0         0.0             0.0             0.0
mlx5_9                   0.0         0.0             0.0             0.0
------------------------------------------------------------------------
TOTAL                    0.0         0.0          1165.0          1515.0

Last Update: 2025-11-22 14:42:46
Device               TX Gbps     RX Gbps    TX Total(GB)    RX Total(GB)
========================================================================
mlx5_0                   0.0         0.0             0.0             0.0
mlx5_1                   0.0         0.0           580.4           746.0
mlx5_2                   0.0         0.0             0.0             0.0
mlx5_3                   0.0         0.0             0.0             0.0
mlx5_4                   0.0         0.0             0.0             0.0
mlx5_5                   0.0         0.0           584.7           769.0
mlx5_6                   0.0         0.0             0.0             0.0
mlx5_7                   0.0         0.0             0.0             0.0
mlx5_8                   0.0         0.0             0.0             0.0
mlx5_9                   0.0         0.0             0.0             0.0
------------------------------------------------------------------------
TOTAL                    0.0         0.0          1165.0          1515.0

Last Update: 2025-11-22 14:42:47
Device               TX Gbps     RX Gbps    TX Total(GB)    RX Total(GB)
========================================================================
mlx5_0                   0.0         0.0             0.0             0.0
mlx5_1                   0.0         0.0           580.4           746.0
mlx5_2                   0.0         0.0             0.0             0.0
mlx5_3                   0.0         0.0             0.0             0.0
mlx5_4                   0.0         0.0             0.0             0.0
mlx5_5                   0.0         0.0           584.7           769.0
mlx5_6                   0.0         0.0             0.0             0.0
mlx5_7                   0.0         0.0             0.0             0.0
mlx5_8                   0.0         0.0             0.0             0.0
mlx5_9                   0.0         0.0             0.0             0.0
------------------------------------------------------------------------
TOTAL                    0.0         0.0          1165.0          1515.0

Last Update: 2025-11-22 14:42:48
Device               TX Gbps     RX Gbps    TX Total(GB)    RX Total(GB)
========================================================================
mlx5_0                   0.0         0.0             0.0             0.0
mlx5_1                   0.0         0.0           580.4           746.0
mlx5_2                   0.0         0.0             0.0             0.0
mlx5_3                   0.0         0.0             0.0             0.0
mlx5_4                   0.0         0.0             0.0             0.0
mlx5_5                   0.0         0.0           584.7           769.0
mlx5_6                   0.0         0.0             0.0             0.0
mlx5_7                   0.0         0.0             0.0             0.0
mlx5_8                   0.0         0.0             0.0             0.0
mlx5_9                   0.0         0.0             0.0             0.0
------------------------------------------------------------------------
TOTAL                    0.0         0.0          1165.0          1515.0

Last Update: 2025-11-22 14:42:49
Device               TX Gbps     RX Gbps    TX Total(GB)    RX Total(GB)
========================================================================
mlx5_0                   0.0         0.0             0.0             0.0
mlx5_1                   0.0         0.0           580.4           746.0
mlx5_2                   0.0         0.0             0.0             0.0
mlx5_3                   0.0         0.0             0.0             0.0
mlx5_4                   0.0         0.0             0.0             0.0
mlx5_5                   0.0         0.0           584.7           769.0
mlx5_6                   0.0         0.0             0.0             0.0
mlx5_7                   0.0         0.0             0.0             0.0
mlx5_8                   0.0         0.0             0.0             0.0
mlx5_9                   0.0         0.0             0.0             0.0
------------------------------------------------------------------------
TOTAL                    0.0         0.0          1165.0          1515.0

Last Update: 2025-11-22 14:42:50
Device               TX Gbps     RX Gbps    TX Total(GB)    RX Total(GB)
========================================================================
mlx5_0                   0.0         0.0             0.0             0.0
mlx5_1                   0.0         0.0           580.4           746.0
mlx5_2                   0.0         0.0             0.0             0.0
mlx5_3                   0.0         0.0             0.0             0.0
mlx5_4                   0.0         0.0             0.0             0.0
mlx5_5                   0.0         0.0           584.7           769.0
mlx5_6                   0.0         0.0             0.0             0.0
mlx5_7                   0.0         0.0             0.0             0.0
mlx5_8                   0.0         0.0             0.0             0.0
mlx5_9                   0.0         0.0             0.0             0.0
------------------------------------------------------------------------
TOTAL                    0.0         0.0          1165.0          1515.0

Last Update: 2025-11-22 14:42:51
Device               TX Gbps     RX Gbps    TX Total(GB)    RX Total(GB)
========================================================================
mlx5_0                   0.0         0.0             0.0             0.0
mlx5_1                   0.0         0.0           580.4           746.0
mlx5_2                   0.0         0.0             0.0             0.0
mlx5_3                   0.0         0.0             0.0             0.0
mlx5_4                   0.0         0.0             0.0             0.0
mlx5_5                   0.0         0.0           584.7           769.0
mlx5_6                   0.0         0.0             0.0             0.0
mlx5_7                   0.0         0.0             0.0             0.0
mlx5_8                   0.0         0.0             0.0             0.0
mlx5_9                   0.0         0.0             0.0             0.0
------------------------------------------------------------------------
TOTAL                    0.0         0.0          1165.0          1515.0

Last Update: 2025-11-22 14:42:52
Device               TX Gbps     RX Gbps    TX Total(GB)    RX Total(GB)
========================================================================
mlx5_0                   0.0         0.0             0.0             0.0
mlx5_1                   0.0         0.0           580.4           746.0
mlx5_2                   0.0         0.0             0.0             0.0
mlx5_3                   0.0         0.0             0.0             0.0
mlx5_4                   0.0         0.0             0.0             0.0
mlx5_5                   0.0         0.0           584.7           769.0
mlx5_6                   0.0         0.0             0.0             0.0
mlx5_7                   0.0         0.0             0.0             0.0
mlx5_8                   0.0         0.0             0.0             0.0
mlx5_9                   0.0         0.0             0.0             0.0
------------------------------------------------------------------------
TOTAL                    0.0         0.0          1165.0          1515.0

Last Update: 2025-11-22 14:42:53
Device               TX Gbps     RX Gbps    TX Total(GB)    RX Total(GB)
========================================================================
mlx5_0                   0.0         0.0             0.0             0.0
mlx5_1                   0.0         0.0           580.4           746.0
mlx5_2                   0.0         0.0             0.0             0.0
mlx5_3                   0.0         0.0             0.0             0.0
mlx5_4                   0.0         0.0             0.0             0.0
mlx5_5                   0.0         0.0           584.7           769.0
mlx5_6                   0.0         0.0             0.0             0.0
mlx5_7                   0.0         0.0             0.0             0.0
mlx5_8                   0.0         0.0             0.0             0.0
mlx5_9                   0.0         0.0             0.0             0.0
------------------------------------------------------------------------
TOTAL                    0.0         0.0          1165.0          1515.0

Last Update: 2025-11-22 14:42:54
Device               TX Gbps     RX Gbps    TX Total(GB)    RX Total(GB)
========================================================================
mlx5_0                   0.0         0.0             0.0             0.0
mlx5_1                   0.0         4.4           580.4           746.6
mlx5_2                   0.0         0.0             0.0             0.0
mlx5_3                   0.0         0.0             0.0             0.0
mlx5_4                   0.0         0.0             0.0             0.0
mlx5_5                   0.0         5.0           584.7           769.6
mlx5_6                   0.0         0.0             0.0             0.0
mlx5_7                   0.0         0.0             0.0             0.0
mlx5_8                   0.0         0.0             0.0             0.0
mlx5_9                   0.0         0.0             0.0             0.0
------------------------------------------------------------------------
TOTAL                    0.0         9.5          1165.0          1516.2

Last Update: 2025-11-22 14:42:55
Device               TX Gbps     RX Gbps    TX Total(GB)    RX Total(GB)
========================================================================
mlx5_0                   0.0         0.0             0.0             0.0
mlx5_1                   1.4       220.9           580.5           774.3
mlx5_2                   0.0         0.0             0.0             0.0
mlx5_3                   0.0         0.0             0.0             0.0
mlx5_4                   0.0         0.0             0.0             0.0
mlx5_5                   1.5       226.1           584.8           798.0
mlx5_6                   0.0         0.0             0.0             0.0
mlx5_7                   0.0         0.0             0.0             0.0
mlx5_8                   0.0         0.0             0.0             0.0
mlx5_9                   0.0         0.0             0.0             0.0
------------------------------------------------------------------------
TOTAL                    2.9       447.0          1165.4          1572.3

Last Update: 2025-11-22 14:42:56
Device               TX Gbps     RX Gbps    TX Total(GB)    RX Total(GB)
========================================================================
mlx5_0                   0.0         0.0             0.0             0.0
mlx5_1                   0.6        90.7           580.6           785.7
mlx5_2                   0.0         0.0             0.0             0.0
mlx5_3                   0.0         0.0             0.0             0.0
mlx5_4                   0.0         0.0             0.0             0.0
mlx5_5                   0.7        93.6           584.9           809.8
mlx5_6                   0.0         0.0             0.0             0.0
mlx5_7                   0.0         0.0             0.0             0.0
mlx5_8                   0.0         0.0             0.0             0.0
mlx5_9                   0.0         0.0             0.0             0.0
------------------------------------------------------------------------
TOTAL                    1.3       184.3          1165.5          1595.5

Last Update: 2025-11-22 14:42:57
Device               TX Gbps     RX Gbps    TX Total(GB)    RX Total(GB)
========================================================================
mlx5_0                   0.0         0.0             0.0             0.0
mlx5_1                   0.7       134.1           580.7           802.5
mlx5_2                   0.0         0.0             0.0             0.0
mlx5_3                   0.0         0.0             0.0             0.0
mlx5_4                   0.0         0.0             0.0             0.0
mlx5_5                   0.8       137.7           585.0           827.1
mlx5_6                   0.0         0.0             0.0             0.0
mlx5_7                   0.0         0.0             0.0             0.0
mlx5_8                   0.0         0.0             0.0             0.0
mlx5_9                   0.0         0.0             0.0             0.0
------------------------------------------------------------------------
TOTAL                    1.5       271.7          1165.7          1629.6

Last Update: 2025-11-22 14:42:58
Device               TX Gbps     RX Gbps    TX Total(GB)    RX Total(GB)
========================================================================
mlx5_0                   0.0         0.0             0.0             0.0
mlx5_1                   1.5       226.7           580.9           831.0
mlx5_2                   0.0         0.0             0.0             0.0
mlx5_3                   0.0         0.0             0.0             0.0
mlx5_4                   0.0         0.0             0.0             0.0
mlx5_5                   1.6       233.8           585.2           856.5
mlx5_6                   0.0         0.0             0.0             0.0
mlx5_7                   0.0         0.0             0.0             0.0
mlx5_8                   0.0         0.0             0.0             0.0
mlx5_9                   0.0         0.0             0.0             0.0
------------------------------------------------------------------------
TOTAL                    3.1       460.6          1166.1          1687.5

Last Update: 2025-11-22 14:42:59
Device               TX Gbps     RX Gbps    TX Total(GB)    RX Total(GB)
========================================================================
mlx5_0                   0.0         0.0             0.0             0.0
mlx5_1                   1.3       228.0           581.1           859.7
mlx5_2                   0.0         0.0             0.0             0.0
mlx5_3                   0.0         0.0             0.0             0.0
mlx5_4                   0.0         0.0             0.0             0.0
mlx5_5                   1.5       234.9           585.4           886.0
mlx5_6                   0.0         0.0             0.0             0.0
mlx5_7                   0.0         0.0             0.0             0.0
mlx5_8                   0.0         0.0             0.0             0.0
mlx5_9                   0.0         0.0             0.0             0.0
------------------------------------------------------------------------
TOTAL                    2.8       462.9          1166.5          1745.7

Last Update: 2025-11-22 14:43:00
Device               TX Gbps     RX Gbps    TX Total(GB)    RX Total(GB)
========================================================================
mlx5_0                   0.0         0.0             0.0             0.0
mlx5_1                   1.3       212.5           581.2           886.4
mlx5_2                   0.0         0.0             0.0             0.0
mlx5_3                   0.0         0.0             0.0             0.0
mlx5_4                   0.0         0.0             0.0             0.0
mlx5_5                   1.4       220.8           585.6           913.7
mlx5_6                   0.0         0.0             0.0             0.0
mlx5_7                   0.0         0.0             0.0             0.0
mlx5_8                   0.0         0.0             0.0             0.0
mlx5_9                   0.0         0.0             0.0             0.0
------------------------------------------------------------------------
TOTAL                    2.6       433.2          1166.8          1800.1

Last Update: 2025-11-22 14:43:01
Device               TX Gbps     RX Gbps    TX Total(GB)    RX Total(GB)
========================================================================
mlx5_0                   0.0         0.0             0.0             0.0
mlx5_1                   0.9       150.5           581.3           905.3
mlx5_2                   0.0         0.0             0.0             0.0
mlx5_3                   0.0         0.0             0.0             0.0
mlx5_4                   0.0         0.0             0.0             0.0
mlx5_5                   0.9       156.0           585.7           933.3
mlx5_6                   0.0         0.0             0.0             0.0
mlx5_7                   0.0         0.0             0.0             0.0
mlx5_8                   0.0         0.0             0.0             0.0
mlx5_9                   0.0         0.0             0.0             0.0
------------------------------------------------------------------------
TOTAL                    1.8       306.6          1167.0          1838.6

Last Update: 2025-11-22 14:43:02
Device               TX Gbps     RX Gbps    TX Total(GB)    RX Total(GB)
========================================================================
mlx5_0                   0.0         0.0             0.0             0.0
mlx5_1                   1.4       221.5           581.5           933.1
mlx5_2                   0.0         0.0             0.0             0.0
mlx5_3                   0.0         0.0             0.0             0.0
mlx5_4                   0.0         0.0             0.0             0.0
mlx5_5                   1.5       227.3           585.9           961.9
mlx5_6                   0.0         0.0             0.0             0.0
mlx5_7                   0.0         0.0             0.0             0.0
mlx5_8                   0.0         0.0             0.0             0.0
mlx5_9                   0.0         0.0             0.0             0.0
------------------------------------------------------------------------
TOTAL                    2.9       448.8          1167.4          1895.0

Last Update: 2025-11-22 14:43:03
Device               TX Gbps     RX Gbps    TX Total(GB)    RX Total(GB)
========================================================================
mlx5_0                   0.0         0.0             0.0             0.0
mlx5_1                   1.6       254.3           581.7           965.1
mlx5_2                   0.0         0.0             0.0             0.0
mlx5_3                   0.0         0.0             0.0             0.0
mlx5_4                   0.0         0.0             0.0             0.0
mlx5_5                   1.8       264.1           586.1           995.1
mlx5_6                   0.0         0.0             0.0             0.0
mlx5_7                   0.0         0.0             0.0             0.0
mlx5_8                   0.0         0.0             0.0             0.0
mlx5_9                   0.0         0.0             0.0             0.0
------------------------------------------------------------------------
TOTAL                    3.3       518.4          1167.8          1960.1

Last Update: 2025-11-22 14:43:04
Device               TX Gbps     RX Gbps    TX Total(GB)    RX Total(GB)
========================================================================
mlx5_0                   0.0         0.0             0.0             0.0
mlx5_1                   1.5       240.1           581.9           995.2
mlx5_2                   0.0         0.0             0.0             0.0
mlx5_3                   0.0         0.0             0.0             0.0
mlx5_4                   0.0         0.0             0.0             0.0
mlx5_5                   1.6       248.0           586.3          1026.2
mlx5_6                   0.0         0.0             0.0             0.0
mlx5_7                   0.0         0.0             0.0             0.0
mlx5_8                   0.0         0.0             0.0             0.0
mlx5_9                   0.0         0.0             0.0             0.0
------------------------------------------------------------------------
TOTAL                    3.1       488.1          1168.2          2021.5

Last Update: 2025-11-22 14:43:05
Device               TX Gbps     RX Gbps    TX Total(GB)    RX Total(GB)
========================================================================
mlx5_0                   0.0         0.0             0.0             0.0
mlx5_1                   1.5       240.3           582.1          1025.4
mlx5_2                   0.0         0.0             0.0             0.0
mlx5_3                   0.0         0.0             0.0             0.0
mlx5_4                   0.0         0.0             0.0             0.0
mlx5_5                   1.6       246.9           586.5          1057.2
mlx5_6                   0.0         0.0             0.0             0.0
mlx5_7                   0.0         0.0             0.0             0.0
mlx5_8                   0.0         0.0             0.0             0.0
mlx5_9                   0.0         0.0             0.0             0.0
------------------------------------------------------------------------
TOTAL                    3.1       487.2          1168.6          2082.7

Last Update: 2025-11-22 14:43:06
Device               TX Gbps     RX Gbps    TX Total(GB)    RX Total(GB)
========================================================================
mlx5_0                   0.0         0.0             0.0             0.0
mlx5_1                   0.1        21.2           582.1          1028.1
mlx5_2                   0.0         0.0             0.0             0.0
mlx5_3                   0.0         0.0             0.0             0.0
mlx5_4                   0.0         0.0             0.0             0.0
mlx5_5                   0.1        20.9           586.5          1059.9
mlx5_6                   0.0         0.0             0.0             0.0
mlx5_7                   0.0         0.0             0.0             0.0
mlx5_8                   0.0         0.0             0.0             0.0
mlx5_9                   0.0         0.0             0.0             0.0
------------------------------------------------------------------------
TOTAL                    0.1        42.2          1168.6          2088.0

Last Update: 2025-11-22 14:43:07
Device               TX Gbps     RX Gbps    TX Total(GB)    RX Total(GB)
========================================================================
mlx5_0                   0.0         0.0             0.0             0.0
mlx5_1                   1.1       179.2           582.2          1050.6
mlx5_2                   0.0         0.0             0.0             0.0
mlx5_3                   0.0         0.0             0.0             0.0
mlx5_4                   0.0         0.0             0.0             0.0
mlx5_5                   1.2       184.6           586.7          1083.1
mlx5_6                   0.0         0.0             0.0             0.0
mlx5_7                   0.0         0.0             0.0             0.0
mlx5_8                   0.0         0.0             0.0             0.0
mlx5_9                   0.0         0.0             0.0             0.0
------------------------------------------------------------------------
TOTAL                    2.3       363.8          1168.9          2133.6

Last Update: 2025-11-22 14:43:08
Device               TX Gbps     RX Gbps    TX Total(GB)    RX Total(GB)
========================================================================
mlx5_0                   0.0         0.0             0.0             0.0
mlx5_1                   1.6       256.7           582.4          1082.9
mlx5_2                   0.0         0.0             0.0             0.0
mlx5_3                   0.0         0.0             0.0             0.0
mlx5_4                   0.0         0.0             0.0             0.0
mlx5_5                   1.8       264.9           586.9          1116.3
mlx5_6                   0.0         0.0             0.0             0.0
mlx5_7                   0.0         0.0             0.0             0.0
mlx5_8                   0.0         0.0             0.0             0.0
mlx5_9                   0.0         0.0             0.0             0.0
------------------------------------------------------------------------
TOTAL                    3.5       521.6          1169.3          2199.2

Last Update: 2025-11-22 14:43:09
Device               TX Gbps     RX Gbps    TX Total(GB)    RX Total(GB)
========================================================================
mlx5_0                   0.0         0.0             0.0             0.0
mlx5_1                   1.3       221.6           582.6          1110.7
mlx5_2                   0.0         0.0             0.0             0.0
mlx5_3                   0.0         0.0             0.0             0.0
mlx5_4                   0.0         0.0             0.0             0.0
mlx5_5                   1.5       230.1           587.1          1145.3
mlx5_6                   0.0         0.0             0.0             0.0
mlx5_7                   0.0         0.0             0.0             0.0
mlx5_8                   0.0         0.0             0.0             0.0
mlx5_9                   0.0         0.0             0.0             0.0
------------------------------------------------------------------------
TOTAL                    2.8       451.7          1169.7          2256.0

Last Update: 2025-11-22 14:43:10
Device               TX Gbps     RX Gbps    TX Total(GB)    RX Total(GB)
========================================================================
mlx5_0                   0.0         0.0             0.0             0.0
mlx5_1                   1.1       190.8           582.7          1134.7
mlx5_2                   0.0         0.0             0.0             0.0
mlx5_3                   0.0         0.0             0.0             0.0
mlx5_4                   0.0         0.0             0.0             0.0
mlx5_5                   1.2       197.5           587.2          1170.1
mlx5_6                   0.0         0.0             0.0             0.0
mlx5_7                   0.0         0.0             0.0             0.0
mlx5_8                   0.0         0.0             0.0             0.0
mlx5_9                   0.0         0.0             0.0             0.0
------------------------------------------------------------------------
TOTAL                    2.2       388.4          1169.9          2304.8

Last Update: 2025-11-22 14:43:11
Device               TX Gbps     RX Gbps    TX Total(GB)    RX Total(GB)
========================================================================
mlx5_0                   0.0         0.0             0.0             0.0
mlx5_1                   1.2       206.5           582.9          1160.6
mlx5_2                   0.0         0.0             0.0             0.0
mlx5_3                   0.0         0.0             0.0             0.0
mlx5_4                   0.0         0.0             0.0             0.0
mlx5_5                   1.3       211.2           587.4          1196.6
mlx5_6                   0.0         0.0             0.0             0.0
mlx5_7                   0.0         0.0             0.0             0.0
mlx5_8                   0.0         0.0             0.0             0.0
mlx5_9                   0.0         0.0             0.0             0.0
------------------------------------------------------------------------
TOTAL                    2.5       417.7          1170.3          2357.3

Last Update: 2025-11-22 14:43:12
Device               TX Gbps     RX Gbps    TX Total(GB)    RX Total(GB)
========================================================================
mlx5_0                   0.0         0.0             0.0             0.0
mlx5_1                   1.0       163.9           583.0          1181.2
mlx5_2                   0.0         0.0             0.0             0.0
mlx5_3                   0.0         0.0             0.0             0.0
mlx5_4                   0.0         0.0             0.0             0.0
mlx5_5                   1.1       170.6           587.5          1218.0
mlx5_6                   0.0         0.0             0.0             0.0
mlx5_7                   0.0         0.0             0.0             0.0
mlx5_8                   0.0         0.0             0.0             0.0
mlx5_9                   0.0         0.0             0.0             0.0
------------------------------------------------------------------------
TOTAL                    2.1       334.5          1170.5          2399.3

Last Update: 2025-11-22 14:43:13
Device               TX Gbps     RX Gbps    TX Total(GB)    RX Total(GB)
========================================================================
mlx5_0                   0.0         0.0             0.0             0.0
mlx5_1                   1.2       212.1           583.2          1207.9
mlx5_2                   0.0         0.0             0.0             0.0
mlx5_3                   0.0         0.0             0.0             0.0
mlx5_4                   0.0         0.0             0.0             0.0
mlx5_5                   1.3       219.4           587.7          1245.6
mlx5_6                   0.0         0.0             0.0             0.0
mlx5_7                   0.0         0.0             0.0             0.0
mlx5_8                   0.0         0.0             0.0             0.0
mlx5_9                   0.0         0.0             0.0             0.0
------------------------------------------------------------------------
TOTAL                    2.5       431.5          1170.8          2453.5

Last Update: 2025-11-22 14:43:14
Device               TX Gbps     RX Gbps    TX Total(GB)    RX Total(GB)
========================================================================
mlx5_0                   0.0         0.0             0.0             0.0
mlx5_1                   1.2       203.9           583.3          1233.5
mlx5_2                   0.0         0.0             0.0             0.0
mlx5_3                   0.0         0.0             0.0             0.0
mlx5_4                   0.0         0.0             0.0             0.0
mlx5_5                   1.3       210.0           587.9          1272.0
mlx5_6                   0.0         0.0             0.0             0.0
mlx5_7                   0.0         0.0             0.0             0.0
mlx5_8                   0.0         0.0             0.0             0.0
mlx5_9                   0.0         0.0             0.0             0.0
------------------------------------------------------------------------
TOTAL                    2.6       413.8          1171.2          2505.5

Last Update: 2025-11-22 14:43:15
Device               TX Gbps     RX Gbps    TX Total(GB)    RX Total(GB)
========================================================================
mlx5_0                   0.0         0.0             0.0             0.0
mlx5_1                   1.6       252.6           583.5          1265.3
mlx5_2                   0.0         0.0             0.0             0.0
mlx5_3                   0.0         0.0             0.0             0.0
mlx5_4                   0.0         0.0             0.0             0.0
mlx5_5                   1.7       261.0           588.1          1304.8
mlx5_6                   0.0         0.0             0.0             0.0
mlx5_7                   0.0         0.0             0.0             0.0
mlx5_8                   0.0         0.0             0.0             0.0
mlx5_9                   0.0         0.0             0.0             0.0
------------------------------------------------------------------------
TOTAL                    3.4       513.6          1171.6          2570.1

Last Update: 2025-11-22 14:43:16
Device               TX Gbps     RX Gbps    TX Total(GB)    RX Total(GB)
========================================================================
mlx5_0                   0.0         0.0             0.0             0.0
mlx5_1                   1.2       203.6           583.7          1290.9
mlx5_2                   0.0         0.0             0.0             0.0
mlx5_3                   0.0         0.0             0.0             0.0
mlx5_4                   0.0         0.0             0.0             0.0
mlx5_5                   1.3       209.5           588.2          1331.2
mlx5_6                   0.0         0.0             0.0             0.0
mlx5_7                   0.0         0.0             0.0             0.0
mlx5_8                   0.0         0.0             0.0             0.0
mlx5_9                   0.0         0.0             0.0             0.0
------------------------------------------------------------------------
TOTAL                    2.5       413.1          1171.9          2622.0

Last Update: 2025-11-22 14:43:17
Device               TX Gbps     RX Gbps    TX Total(GB)    RX Total(GB)
========================================================================
mlx5_0                   0.0         0.0             0.0             0.0
mlx5_1                   1.0       176.3           583.8          1313.1
mlx5_2                   0.0         0.0             0.0             0.0
mlx5_3                   0.0         0.0             0.0             0.0
mlx5_4                   0.0         0.0             0.0             0.0
mlx5_5                   1.1       182.0           588.4          1354.1
mlx5_6                   0.0         0.0             0.0             0.0
mlx5_7                   0.0         0.0             0.0             0.0
mlx5_8                   0.0         0.0             0.0             0.0
mlx5_9                   0.0         0.0             0.0             0.0
------------------------------------------------------------------------
TOTAL                    2.1       358.3          1172.2          2667.2

Last Update: 2025-11-22 14:43:18
Device               TX Gbps     RX Gbps    TX Total(GB)    RX Total(GB)
========================================================================
mlx5_0                   0.0         0.0             0.0             0.0
mlx5_1                   1.3       200.2           584.0          1338.2
mlx5_2                   0.0         0.0             0.0             0.0
mlx5_3                   0.0         0.0             0.0             0.0
mlx5_4                   0.0         0.0             0.0             0.0
mlx5_5                   1.3       206.6           588.5          1380.1
mlx5_6                   0.0         0.0             0.0             0.0
mlx5_7                   0.0         0.0             0.0             0.0
mlx5_8                   0.0         0.0             0.0             0.0
mlx5_9                   0.0         0.0             0.0             0.0
------------------------------------------------------------------------
TOTAL                    2.6       406.8          1172.5          2718.3

Last Update: 2025-11-22 14:43:19
Device               TX Gbps     RX Gbps    TX Total(GB)    RX Total(GB)
========================================================================
mlx5_0                   0.0         0.0             0.0             0.0
mlx5_1                   0.0         0.0           584.0          1338.2
mlx5_2                   0.0         0.0             0.0             0.0
mlx5_3                   0.0         0.0             0.0             0.0
mlx5_4                   0.0         0.0             0.0             0.0
mlx5_5                   0.0         0.0           588.5          1380.1
mlx5_6                   0.0         0.0             0.0             0.0
mlx5_7                   0.0         0.0             0.0             0.0
mlx5_8                   0.0         0.0             0.0             0.0
mlx5_9                   0.0         0.0             0.0             0.0
------------------------------------------------------------------------
TOTAL                    0.0         0.0          1172.5          2718.3

Last Update: 2025-11-22 14:43:20
Device               TX Gbps     RX Gbps    TX Total(GB)    RX Total(GB)
========================================================================
mlx5_0                   0.0         0.0             0.0             0.0
mlx5_1                   0.0         0.0           584.0          1338.2
mlx5_2                   0.0         0.0             0.0             0.0
mlx5_3                   0.0         0.0             0.0             0.0
mlx5_4                   0.0         0.0             0.0             0.0
mlx5_5                   0.0         0.0           588.5          1380.1
mlx5_6                   0.0         0.0             0.0             0.0
mlx5_7                   0.0         0.0             0.0             0.0
mlx5_8                   0.0         0.0             0.0             0.0
mlx5_9                   0.0         0.0             0.0             0.0
------------------------------------------------------------------------
TOTAL                    0.0         0.0          1172.5          2718.3

Last Update: 2025-11-22 14:43:21
Device               TX Gbps     RX Gbps    TX Total(GB)    RX Total(GB)
========================================================================
mlx5_0                   0.0         0.0             0.0             0.0
mlx5_1                   0.0         0.0           584.0          1338.2
mlx5_2                   0.0         0.0             0.0             0.0
mlx5_3                   0.0         0.0             0.0             0.0
mlx5_4                   0.0         0.0             0.0             0.0
mlx5_5                   0.0         0.0           588.5          1380.1
mlx5_6                   0.0         0.0             0.0             0.0
mlx5_7                   0.0         0.0             0.0             0.0
mlx5_8                   0.0         0.0             0.0             0.0
mlx5_9                   0.0         0.0             0.0             0.0
------------------------------------------------------------------------
TOTAL                    0.0         0.0          1172.5          2718.3

Last Update: 2025-11-22 14:43:22
Device               TX Gbps     RX Gbps    TX Total(GB)    RX Total(GB)
========================================================================
mlx5_0                   0.0         0.0             0.0             0.0
mlx5_1                   0.0         0.0           584.0          1338.2
mlx5_2                   0.0         0.0             0.0             0.0
mlx5_3                   0.0         0.0             0.0             0.0
mlx5_4                   0.0         0.0             0.0             0.0
mlx5_5                   0.0         0.0           588.5          1380.1
mlx5_6                   0.0         0.0             0.0             0.0
mlx5_7                   0.0         0.0             0.0             0.0
mlx5_8                   0.0         0.0             0.0             0.0
mlx5_9                   0.0         0.0             0.0             0.0
------------------------------------------------------------------------
TOTAL                    0.0         0.0          1172.5          2718.3

Last Update: 2025-11-22 14:43:23
Device               TX Gbps     RX Gbps    TX Total(GB)    RX Total(GB)
========================================================================
mlx5_0                   0.0         0.0             0.0             0.0
mlx5_1                   0.0         0.0           584.0          1338.2
mlx5_2                   0.0         0.0             0.0             0.0
mlx5_3                   0.0         0.0             0.0             0.0
mlx5_4                   0.0         0.0             0.0             0.0
mlx5_5                   0.0         0.0           588.5          1380.1
mlx5_6                   0.0         0.0             0.0             0.0
mlx5_7                   0.0         0.0             0.0             0.0
mlx5_8                   0.0         0.0             0.0             0.0
mlx5_9                   0.0         0.0             0.0             0.0
------------------------------------------------------------------------
TOTAL                    0.0         0.0          1172.5          2718.3

Interrupted (signal: 15)


Peak Rate Summary:
==========================================
Device             Max TX Gbps   Max RX Gbps
mlx5_0                     0.0           0.0
mlx5_1                    22.3         258.7
mlx5_2                     0.0           0.0
mlx5_3                     0.0           0.0
mlx5_4                     0.0           0.0
mlx5_5                    22.5         265.5
mlx5_6                     0.0           0.0
mlx5_7                     0.0           0.0
mlx5_8                     0.0           0.0
mlx5_9                     0.0           0.0

Thanks for using the InfiniBand Monitor!
