timestamp,device,tx_gbps,rx_gbps,tx_total_gb,rx_total_gb
2025-12-03 15:42:22,mlx5_0,0.000,0.000,0.000,0.000
2025-12-03 15:42:22,mlx5_1,0.000,0.000,0.000,0.000
2025-12-03 15:42:22,mlx5_2,0.000,0.000,0.000,0.000
2025-12-03 15:42:22,mlx5_3,0.000,0.000,0.000,0.000
2025-12-03 15:42:22,mlx5_4,0.000,0.000,0.000,0.000
2025-12-03 15:42:22,mlx5_5,0.000,0.000,0.000,0.000
2025-12-03 15:42:22,mlx5_6,0.000,0.000,0.000,0.000
2025-12-03 15:42:22,mlx5_7,0.000,0.000,0.000,0.000
2025-12-03 15:42:22,mlx5_8,0.000,0.000,0.000,0.000
2025-12-03 15:42:22,mlx5_9,0.000,0.000,0.000,0.000
2025-12-03 15:42:22,TOTAL,0.000,0.000,0.000,0.000
2025-12-03 15:42:23,mlx5_0,0.000,0.000,0.000,0.000
2025-12-03 15:42:23,mlx5_1,0.000,0.000,0.000,0.000
2025-12-03 15:42:23,mlx5_2,0.000,0.000,0.000,0.000
2025-12-03 15:42:23,mlx5_3,0.000,0.000,0.000,0.000
2025-12-03 15:42:23,mlx5_4,0.000,0.000,0.000,0.000
2025-12-03 15:42:23,mlx5_5,0.000,0.000,0.000,0.000
2025-12-03 15:42:23,mlx5_6,0.000,0.000,0.000,0.000
2025-12-03 15:42:23,mlx5_7,0.000,0.000,0.000,0.000
2025-12-03 15:42:23,mlx5_8,0.000,0.000,0.000,0.000
2025-12-03 15:42:23,mlx5_9,0.000,0.000,0.000,0.000
2025-12-03 15:42:23,TOTAL,0.000,0.000,0.000,0.000
2025-12-03 15:42:24,mlx5_0,0.000,0.000,0.000,0.000
2025-12-03 15:42:24,mlx5_1,0.000,0.000,0.000,0.000
2025-12-03 15:42:24,mlx5_2,0.000,0.000,0.000,0.000
2025-12-03 15:42:24,mlx5_3,0.000,0.000,0.000,0.000
2025-12-03 15:42:24,mlx5_4,0.000,0.000,0.000,0.000
2025-12-03 15:42:24,mlx5_5,0.000,0.000,0.000,0.000
2025-12-03 15:42:24,mlx5_6,0.000,0.000,0.000,0.000
2025-12-03 15:42:24,mlx5_7,0.000,0.000,0.000,0.000
2025-12-03 15:42:24,mlx5_8,0.000,0.000,0.000,0.000
2025-12-03 15:42:24,mlx5_9,0.000,0.000,0.000,0.000
2025-12-03 15:42:24,TOTAL,0.000,0.000,0.000,0.000
2025-12-03 15:42:25,mlx5_0,0.000,0.000,0.000,0.000
2025-12-03 15:42:25,mlx5_1,0.000,0.000,0.000,0.000
2025-12-03 15:42:25,mlx5_2,0.000,0.000,0.000,0.000
2025-12-03 15:42:25,mlx5_3,0.000,0.000,0.000,0.000
2025-12-03 15:42:25,mlx5_4,0.000,0.000,0.000,0.000
2025-12-03 15:42:25,mlx5_5,0.000,0.000,0.000,0.000
2025-12-03 15:42:25,mlx5_6,0.000,0.000,0.000,0.000
2025-12-03 15:42:25,mlx5_7,0.000,0.000,0.000,0.000
2025-12-03 15:42:25,mlx5_8,0.000,0.000,0.000,0.000
2025-12-03 15:42:25,mlx5_9,0.000,0.000,0.000,0.000
2025-12-03 15:42:25,TOTAL,0.000,0.000,0.000,0.000
2025-12-03 15:42:26,mlx5_0,0.000,0.000,0.000,0.000
2025-12-03 15:42:26,mlx5_1,0.000,0.000,0.000,0.000
2025-12-03 15:42:26,mlx5_2,0.000,0.000,0.000,0.000
2025-12-03 15:42:26,mlx5_3,0.000,0.000,0.000,0.000
2025-12-03 15:42:26,mlx5_4,0.000,0.000,0.000,0.000
2025-12-03 15:42:26,mlx5_5,0.000,0.000,0.000,0.000
2025-12-03 15:42:26,mlx5_6,0.000,0.000,0.000,0.000
2025-12-03 15:42:26,mlx5_7,0.000,0.000,0.000,0.000
2025-12-03 15:42:26,mlx5_8,0.000,0.000,0.000,0.000
2025-12-03 15:42:26,mlx5_9,0.000,0.000,0.000,0.000
2025-12-03 15:42:26,TOTAL,0.000,0.000,0.000,0.000
2025-12-03 15:42:27,mlx5_0,0.000,0.000,0.000,0.000
2025-12-03 15:42:27,mlx5_1,0.000,0.000,0.000,0.000
2025-12-03 15:42:27,mlx5_2,0.000,0.000,0.000,0.000
2025-12-03 15:42:27,mlx5_3,0.000,0.000,0.000,0.000
2025-12-03 15:42:27,mlx5_4,0.000,0.000,0.000,0.000
2025-12-03 15:42:27,mlx5_5,0.000,0.000,0.000,0.000
2025-12-03 15:42:27,mlx5_6,0.000,0.000,0.000,0.000
2025-12-03 15:42:27,mlx5_7,0.000,0.000,0.000,0.000
2025-12-03 15:42:27,mlx5_8,0.000,0.000,0.000,0.000
2025-12-03 15:42:27,mlx5_9,0.000,0.000,0.000,0.000
2025-12-03 15:42:27,TOTAL,0.000,0.000,0.000,0.000
2025-12-03 15:42:28,mlx5_0,0.000,0.000,0.000,0.000
2025-12-03 15:42:28,mlx5_1,0.000,0.000,0.000,0.000
2025-12-03 15:42:28,mlx5_2,0.000,0.000,0.000,0.000
2025-12-03 15:42:28,mlx5_3,0.000,0.000,0.000,0.000
2025-12-03 15:42:28,mlx5_4,0.000,0.000,0.000,0.000
2025-12-03 15:42:28,mlx5_5,0.000,0.000,0.000,0.000
2025-12-03 15:42:28,mlx5_6,0.000,0.000,0.000,0.000
2025-12-03 15:42:28,mlx5_7,0.000,0.000,0.000,0.000
2025-12-03 15:42:28,mlx5_8,0.000,0.000,0.000,0.000
2025-12-03 15:42:28,mlx5_9,0.000,0.000,0.000,0.000
2025-12-03 15:42:28,TOTAL,0.000,0.000,0.000,0.000
2025-12-03 15:42:29,mlx5_0,0.000,0.000,0.000,0.000
2025-12-03 15:42:29,mlx5_1,0.000,0.000,0.000,0.000
2025-12-03 15:42:29,mlx5_2,0.000,0.000,0.000,0.000
2025-12-03 15:42:29,mlx5_3,0.000,0.000,0.000,0.000
2025-12-03 15:42:29,mlx5_4,0.000,0.000,0.000,0.000
2025-12-03 15:42:29,mlx5_5,0.000,0.000,0.000,0.000
2025-12-03 15:42:29,mlx5_6,0.000,0.000,0.000,0.000
2025-12-03 15:42:29,mlx5_7,0.000,0.000,0.000,0.000
2025-12-03 15:42:29,mlx5_8,0.000,0.000,0.000,0.000
2025-12-03 15:42:29,mlx5_9,0.000,0.000,0.000,0.000
2025-12-03 15:42:29,TOTAL,0.000,0.000,0.000,0.000
2025-12-03 15:42:30,mlx5_0,0.000,0.000,0.000,0.000
2025-12-03 15:42:30,mlx5_1,0.000,0.000,0.000,0.000
2025-12-03 15:42:30,mlx5_2,0.000,0.000,0.000,0.000
2025-12-03 15:42:30,mlx5_3,0.000,0.000,0.000,0.000
2025-12-03 15:42:30,mlx5_4,0.000,0.000,0.000,0.000
2025-12-03 15:42:30,mlx5_5,0.000,0.000,0.000,0.000
2025-12-03 15:42:30,mlx5_6,0.000,0.000,0.000,0.000
2025-12-03 15:42:30,mlx5_7,0.000,0.000,0.000,0.000
2025-12-03 15:42:30,mlx5_8,0.000,0.000,0.000,0.000
2025-12-03 15:42:30,mlx5_9,0.000,0.000,0.000,0.000
2025-12-03 15:42:30,TOTAL,0.000,0.000,0.000,0.000
2025-12-03 15:42:31,mlx5_0,0.000,0.000,0.000,0.000
2025-12-03 15:42:31,mlx5_1,0.000,0.000,0.000,0.000
2025-12-03 15:42:31,mlx5_2,0.000,0.000,0.000,0.000
2025-12-03 15:42:31,mlx5_3,0.000,0.000,0.000,0.000
2025-12-03 15:42:31,mlx5_4,0.000,0.000,0.000,0.000
2025-12-03 15:42:31,mlx5_5,0.000,0.000,0.000,0.000
2025-12-03 15:42:31,mlx5_6,0.000,0.000,0.000,0.000
2025-12-03 15:42:31,mlx5_7,0.000,0.000,0.000,0.000
2025-12-03 15:42:31,mlx5_8,0.000,0.000,0.000,0.000
2025-12-03 15:42:31,mlx5_9,0.000,0.000,0.000,0.000
2025-12-03 15:42:31,TOTAL,0.000,0.000,0.000,0.000
2025-12-03 15:42:32,mlx5_0,0.000,0.000,0.000,0.000
2025-12-03 15:42:32,mlx5_1,0.000,0.000,0.000,0.000
2025-12-03 15:42:32,mlx5_2,0.000,0.000,0.000,0.000
2025-12-03 15:42:32,mlx5_3,0.000,0.000,0.000,0.000
2025-12-03 15:42:32,mlx5_4,0.000,0.000,0.000,0.000
2025-12-03 15:42:32,mlx5_5,0.000,0.000,0.000,0.000
2025-12-03 15:42:32,mlx5_6,0.000,0.000,0.000,0.000
2025-12-03 15:42:32,mlx5_7,0.000,0.000,0.000,0.000
2025-12-03 15:42:32,mlx5_8,0.000,0.000,0.000,0.000
2025-12-03 15:42:32,mlx5_9,0.000,0.000,0.000,0.000
2025-12-03 15:42:32,TOTAL,0.000,0.000,0.000,0.000
2025-12-03 15:42:33,mlx5_0,0.000,0.000,0.000,0.000
2025-12-03 15:42:33,mlx5_1,0.000,0.000,0.000,0.000
2025-12-03 15:42:33,mlx5_2,0.000,0.000,0.000,0.000
2025-12-03 15:42:33,mlx5_3,0.000,0.000,0.000,0.000
2025-12-03 15:42:33,mlx5_4,0.000,0.000,0.000,0.000
2025-12-03 15:42:33,mlx5_5,0.000,0.000,0.000,0.000
2025-12-03 15:42:33,mlx5_6,0.000,0.000,0.000,0.000
2025-12-03 15:42:33,mlx5_7,0.000,0.000,0.000,0.000
2025-12-03 15:42:33,mlx5_8,0.000,0.000,0.000,0.000
2025-12-03 15:42:33,mlx5_9,0.000,0.000,0.000,0.000
2025-12-03 15:42:33,TOTAL,0.000,0.000,0.000,0.000
2025-12-03 15:42:34,mlx5_0,0.000,0.000,0.000,0.000
2025-12-03 15:42:34,mlx5_1,0.000,0.000,0.000,0.000
2025-12-03 15:42:34,mlx5_2,0.000,0.000,0.000,0.000
2025-12-03 15:42:34,mlx5_3,0.000,0.000,0.000,0.000
2025-12-03 15:42:34,mlx5_4,0.000,0.000,0.000,0.000
2025-12-03 15:42:34,mlx5_5,0.000,0.000,0.000,0.000
2025-12-03 15:42:34,mlx5_6,0.000,0.000,0.000,0.000
2025-12-03 15:42:34,mlx5_7,0.000,0.000,0.000,0.000
2025-12-03 15:42:34,mlx5_8,0.000,0.000,0.000,0.000
2025-12-03 15:42:34,mlx5_9,0.000,0.000,0.000,0.000
2025-12-03 15:42:34,TOTAL,0.000,0.000,0.000,0.000
2025-12-03 15:42:35,mlx5_0,0.000,0.000,0.000,0.000
2025-12-03 15:42:35,mlx5_1,0.000,0.000,0.000,0.000
2025-12-03 15:42:35,mlx5_2,0.000,0.000,0.000,0.000
2025-12-03 15:42:35,mlx5_3,0.000,0.000,0.000,0.000
2025-12-03 15:42:35,mlx5_4,0.000,0.000,0.000,0.000
2025-12-03 15:42:35,mlx5_5,0.000,0.000,0.000,0.000
2025-12-03 15:42:35,mlx5_6,0.000,0.000,0.000,0.000
2025-12-03 15:42:35,mlx5_7,0.000,0.000,0.000,0.000
2025-12-03 15:42:35,mlx5_8,0.000,0.000,0.000,0.000
2025-12-03 15:42:35,mlx5_9,0.000,0.000,0.000,0.000
2025-12-03 15:42:35,TOTAL,0.000,0.000,0.000,0.000
2025-12-03 15:42:36,mlx5_0,0.000,0.000,0.000,0.000
2025-12-03 15:42:36,mlx5_1,0.000,0.000,0.000,0.000
2025-12-03 15:42:36,mlx5_2,0.000,0.000,0.000,0.000
2025-12-03 15:42:36,mlx5_3,0.000,0.000,0.000,0.000
2025-12-03 15:42:36,mlx5_4,0.000,0.000,0.000,0.000
2025-12-03 15:42:36,mlx5_5,0.000,0.000,0.000,0.000
2025-12-03 15:42:36,mlx5_6,0.000,0.000,0.000,0.000
2025-12-03 15:42:36,mlx5_7,0.000,0.000,0.000,0.000
2025-12-03 15:42:36,mlx5_8,0.000,0.000,0.000,0.000
2025-12-03 15:42:36,mlx5_9,0.000,0.000,0.000,0.000
2025-12-03 15:42:36,TOTAL,0.000,0.000,0.000,0.000
2025-12-03 15:42:37,mlx5_0,0.000,0.000,0.000,0.000
2025-12-03 15:42:37,mlx5_1,0.000,0.000,0.000,0.000
2025-12-03 15:42:37,mlx5_2,0.000,0.000,0.000,0.000
2025-12-03 15:42:37,mlx5_3,0.000,0.000,0.000,0.000
2025-12-03 15:42:37,mlx5_4,0.000,0.000,0.000,0.000
2025-12-03 15:42:37,mlx5_5,0.000,0.000,0.000,0.000
2025-12-03 15:42:37,mlx5_6,0.000,0.000,0.000,0.000
2025-12-03 15:42:37,mlx5_7,0.000,0.000,0.000,0.000
2025-12-03 15:42:37,mlx5_8,0.000,0.000,0.000,0.000
2025-12-03 15:42:37,mlx5_9,0.000,0.000,0.000,0.000
2025-12-03 15:42:37,TOTAL,0.000,0.000,0.000,0.000
2025-12-03 15:42:38,mlx5_0,0.000,0.000,0.000,0.000
2025-12-03 15:42:38,mlx5_1,0.698,0.002,0.088,0.000
2025-12-03 15:42:38,mlx5_2,0.000,0.000,0.000,0.000
2025-12-03 15:42:38,mlx5_3,0.680,0.002,0.085,0.000
2025-12-03 15:42:38,mlx5_4,0.000,0.000,0.000,0.000
2025-12-03 15:42:38,mlx5_5,0.685,0.002,0.086,0.000
2025-12-03 15:42:38,mlx5_6,0.000,0.000,0.000,0.000
2025-12-03 15:42:38,mlx5_7,0.000,0.000,0.000,0.000
2025-12-03 15:42:38,mlx5_8,0.670,0.002,0.084,0.000
2025-12-03 15:42:38,mlx5_9,0.000,0.000,0.000,0.000
2025-12-03 15:42:38,TOTAL,2.733,0.007,0.343,0.001
2025-12-03 15:42:39,mlx5_0,0.000,0.000,0.000,0.000
2025-12-03 15:42:39,mlx5_1,0.000,0.000,0.088,0.000
2025-12-03 15:42:39,mlx5_2,0.000,0.000,0.000,0.000
2025-12-03 15:42:39,mlx5_3,0.000,0.000,0.085,0.000
2025-12-03 15:42:39,mlx5_4,0.000,0.000,0.000,0.000
2025-12-03 15:42:39,mlx5_5,0.000,0.000,0.086,0.000
2025-12-03 15:42:39,mlx5_6,0.000,0.000,0.000,0.000
2025-12-03 15:42:39,mlx5_7,0.000,0.000,0.000,0.000
2025-12-03 15:42:39,mlx5_8,0.000,0.000,0.084,0.000
2025-12-03 15:42:39,mlx5_9,0.000,0.000,0.000,0.000
2025-12-03 15:42:39,TOTAL,0.000,0.000,0.343,0.001
2025-12-03 15:42:40,mlx5_0,0.000,0.000,0.000,0.000
2025-12-03 15:42:40,mlx5_1,0.000,0.000,0.088,0.000
2025-12-03 15:42:40,mlx5_2,0.000,0.000,0.000,0.000
2025-12-03 15:42:40,mlx5_3,0.000,0.000,0.085,0.000
2025-12-03 15:42:40,mlx5_4,0.000,0.000,0.000,0.000
2025-12-03 15:42:40,mlx5_5,0.000,0.000,0.086,0.000
2025-12-03 15:42:40,mlx5_6,0.000,0.000,0.000,0.000
2025-12-03 15:42:40,mlx5_7,0.000,0.000,0.000,0.000
2025-12-03 15:42:40,mlx5_8,0.000,0.000,0.084,0.000
2025-12-03 15:42:40,mlx5_9,0.000,0.000,0.000,0.000
2025-12-03 15:42:40,TOTAL,0.000,0.000,0.343,0.001
2025-12-03 15:42:41,mlx5_0,0.000,0.000,0.000,0.000
2025-12-03 15:42:41,mlx5_1,0.000,0.000,0.088,0.000
2025-12-03 15:42:41,mlx5_2,0.000,0.000,0.000,0.000
2025-12-03 15:42:41,mlx5_3,0.000,0.000,0.085,0.000
2025-12-03 15:42:41,mlx5_4,0.000,0.000,0.000,0.000
2025-12-03 15:42:41,mlx5_5,0.000,0.000,0.086,0.000
2025-12-03 15:42:41,mlx5_6,0.000,0.000,0.000,0.000
2025-12-03 15:42:41,mlx5_7,0.000,0.000,0.000,0.000
2025-12-03 15:42:41,mlx5_8,0.000,0.000,0.084,0.000
2025-12-03 15:42:41,mlx5_9,0.000,0.000,0.000,0.000
2025-12-03 15:42:41,TOTAL,0.000,0.000,0.343,0.001
2025-12-03 15:42:42,mlx5_0,0.000,0.000,0.000,0.000
2025-12-03 15:42:42,mlx5_1,0.000,0.000,0.088,0.000
2025-12-03 15:42:42,mlx5_2,0.000,0.000,0.000,0.000
2025-12-03 15:42:42,mlx5_3,0.000,0.000,0.085,0.000
2025-12-03 15:42:42,mlx5_4,0.000,0.000,0.000,0.000
2025-12-03 15:42:42,mlx5_5,0.000,0.000,0.086,0.000
2025-12-03 15:42:42,mlx5_6,0.000,0.000,0.000,0.000
2025-12-03 15:42:42,mlx5_7,0.000,0.000,0.000,0.000
2025-12-03 15:42:42,mlx5_8,0.000,0.000,0.084,0.000
2025-12-03 15:42:42,mlx5_9,0.000,0.000,0.000,0.000
2025-12-03 15:42:42,TOTAL,0.000,0.000,0.343,0.001
2025-12-03 15:42:43,mlx5_0,0.000,0.000,0.000,0.000
2025-12-03 15:42:43,mlx5_1,0.000,0.000,0.088,0.000
2025-12-03 15:42:43,mlx5_2,0.000,0.000,0.000,0.000
2025-12-03 15:42:43,mlx5_3,0.000,0.000,0.085,0.000
2025-12-03 15:42:43,mlx5_4,0.000,0.000,0.000,0.000
2025-12-03 15:42:43,mlx5_5,0.000,0.000,0.086,0.000
2025-12-03 15:42:43,mlx5_6,0.000,0.000,0.000,0.000
2025-12-03 15:42:43,mlx5_7,0.000,0.000,0.000,0.000
2025-12-03 15:42:43,mlx5_8,0.000,0.000,0.084,0.000
2025-12-03 15:42:43,mlx5_9,0.000,0.000,0.000,0.000
2025-12-03 15:42:43,TOTAL,0.000,0.000,0.343,0.001
2025-12-03 15:42:45,mlx5_0,0.000,0.000,0.000,0.000
2025-12-03 15:42:45,mlx5_1,0.000,0.000,0.088,0.000
2025-12-03 15:42:45,mlx5_2,0.000,0.000,0.000,0.000
2025-12-03 15:42:45,mlx5_3,0.000,0.000,0.085,0.000
2025-12-03 15:42:45,mlx5_4,0.000,0.000,0.000,0.000
2025-12-03 15:42:45,mlx5_5,0.000,0.000,0.086,0.000
2025-12-03 15:42:45,mlx5_6,0.000,0.000,0.000,0.000
2025-12-03 15:42:45,mlx5_7,0.000,0.000,0.000,0.000
2025-12-03 15:42:45,mlx5_8,0.000,0.000,0.084,0.000
2025-12-03 15:42:45,mlx5_9,0.000,0.000,0.000,0.000
2025-12-03 15:42:45,TOTAL,0.000,0.000,0.343,0.001
2025-12-03 15:42:46,mlx5_0,0.000,0.000,0.000,0.000
2025-12-03 15:42:46,mlx5_1,0.114,0.000,0.102,0.000
2025-12-03 15:42:46,mlx5_2,0.000,0.000,0.000,0.000
2025-12-03 15:42:46,mlx5_3,0.125,0.000,0.101,0.000
2025-12-03 15:42:46,mlx5_4,0.000,0.000,0.000,0.000
2025-12-03 15:42:46,mlx5_5,0.122,0.000,0.101,0.000
2025-12-03 15:42:46,mlx5_6,0.000,0.000,0.000,0.000
2025-12-03 15:42:46,mlx5_7,0.000,0.000,0.000,0.000
2025-12-03 15:42:46,mlx5_8,0.094,0.000,0.096,0.000
2025-12-03 15:42:46,mlx5_9,0.000,0.000,0.000,0.000
2025-12-03 15:42:46,TOTAL,0.455,0.001,0.401,0.001
2025-12-03 15:42:47,mlx5_0,0.000,0.000,0.000,0.000
2025-12-03 15:42:47,mlx5_1,0.108,0.023,0.116,0.003
2025-12-03 15:42:47,mlx5_2,0.000,0.000,0.000,0.000
2025-12-03 15:42:47,mlx5_3,0.105,0.009,0.114,0.001
2025-12-03 15:42:47,mlx5_4,0.000,0.000,0.000,0.000
2025-12-03 15:42:47,mlx5_5,0.151,0.009,0.120,0.001
2025-12-03 15:42:47,mlx5_6,0.000,0.000,0.000,0.000
2025-12-03 15:42:47,mlx5_7,0.000,0.000,0.000,0.000
2025-12-03 15:42:47,mlx5_8,0.091,0.017,0.107,0.002
2025-12-03 15:42:47,mlx5_9,0.000,0.000,0.000,0.000
2025-12-03 15:42:47,TOTAL,0.455,0.058,0.458,0.008
2025-12-03 15:42:48,mlx5_0,0.000,0.000,0.000,0.000
2025-12-03 15:42:48,mlx5_1,0.000,0.000,0.116,0.003
2025-12-03 15:42:48,mlx5_2,0.000,0.000,0.000,0.000
2025-12-03 15:42:48,mlx5_3,0.000,0.000,0.114,0.001
2025-12-03 15:42:48,mlx5_4,0.000,0.000,0.000,0.000
2025-12-03 15:42:48,mlx5_5,0.000,0.000,0.120,0.001
2025-12-03 15:42:48,mlx5_6,0.000,0.000,0.000,0.000
2025-12-03 15:42:48,mlx5_7,0.000,0.000,0.000,0.000
2025-12-03 15:42:48,mlx5_8,0.000,0.000,0.107,0.002
2025-12-03 15:42:48,mlx5_9,0.000,0.000,0.000,0.000
2025-12-03 15:42:48,TOTAL,0.000,0.000,0.458,0.008
2025-12-03 15:42:49,mlx5_0,0.000,0.000,0.000,0.000
2025-12-03 15:42:49,mlx5_1,2.041,0.005,0.372,0.004
2025-12-03 15:42:49,mlx5_2,0.000,0.000,0.000,0.000
2025-12-03 15:42:49,mlx5_3,2.069,0.005,0.374,0.002
2025-12-03 15:42:49,mlx5_4,0.000,0.000,0.000,0.000
2025-12-03 15:42:49,mlx5_5,2.016,0.005,0.374,0.002
2025-12-03 15:42:49,mlx5_6,0.000,0.000,0.000,0.000
2025-12-03 15:42:49,mlx5_7,0.000,0.000,0.000,0.000
2025-12-03 15:42:49,mlx5_8,2.061,0.005,0.366,0.003
2025-12-03 15:42:49,mlx5_9,0.000,0.000,0.000,0.000
2025-12-03 15:42:49,TOTAL,8.187,0.021,1.486,0.011
2025-12-03 15:42:50,mlx5_0,0.000,0.000,0.000,0.000
2025-12-03 15:42:50,mlx5_1,0.000,0.000,0.372,0.004
2025-12-03 15:42:50,mlx5_2,0.000,0.000,0.000,0.000
2025-12-03 15:42:50,mlx5_3,0.000,0.000,0.374,0.002
2025-12-03 15:42:50,mlx5_4,0.000,0.000,0.000,0.000
2025-12-03 15:42:50,mlx5_5,0.000,0.000,0.374,0.002
2025-12-03 15:42:50,mlx5_6,0.000,0.000,0.000,0.000
2025-12-03 15:42:50,mlx5_7,0.000,0.000,0.000,0.000
2025-12-03 15:42:50,mlx5_8,0.000,0.000,0.366,0.003
2025-12-03 15:42:50,mlx5_9,0.000,0.000,0.000,0.000
2025-12-03 15:42:50,TOTAL,0.000,0.000,1.486,0.011
2025-12-03 15:42:51,mlx5_0,0.000,0.000,0.000,0.000
2025-12-03 15:42:51,mlx5_1,0.000,0.000,0.372,0.004
2025-12-03 15:42:51,mlx5_2,0.000,0.000,0.000,0.000
2025-12-03 15:42:51,mlx5_3,0.000,0.000,0.374,0.002
2025-12-03 15:42:51,mlx5_4,0.000,0.000,0.000,0.000
2025-12-03 15:42:51,mlx5_5,0.000,0.000,0.374,0.002
2025-12-03 15:42:51,mlx5_6,0.000,0.000,0.000,0.000
2025-12-03 15:42:51,mlx5_7,0.000,0.000,0.000,0.000
2025-12-03 15:42:51,mlx5_8,0.000,0.000,0.366,0.003
2025-12-03 15:42:51,mlx5_9,0.000,0.000,0.000,0.000
2025-12-03 15:42:51,TOTAL,0.000,0.000,1.486,0.011
2025-12-03 15:42:52,mlx5_0,0.000,0.000,0.000,0.000
2025-12-03 15:42:52,mlx5_1,0.000,0.000,0.372,0.004
2025-12-03 15:42:52,mlx5_2,0.000,0.000,0.000,0.000
2025-12-03 15:42:52,mlx5_3,0.000,0.000,0.374,0.002
2025-12-03 15:42:52,mlx5_4,0.000,0.000,0.000,0.000
2025-12-03 15:42:52,mlx5_5,0.000,0.000,0.374,0.002
2025-12-03 15:42:52,mlx5_6,0.000,0.000,0.000,0.000
2025-12-03 15:42:52,mlx5_7,0.000,0.000,0.000,0.000
2025-12-03 15:42:52,mlx5_8,0.000,0.000,0.366,0.003
2025-12-03 15:42:52,mlx5_9,0.000,0.000,0.000,0.000
2025-12-03 15:42:52,TOTAL,0.000,0.000,1.486,0.011
2025-12-03 15:42:53,mlx5_0,0.000,0.000,0.000,0.000
2025-12-03 15:42:53,mlx5_1,0.000,0.000,0.372,0.004
2025-12-03 15:42:53,mlx5_2,0.000,0.000,0.000,0.000
2025-12-03 15:42:53,mlx5_3,0.000,0.000,0.374,0.002
2025-12-03 15:42:53,mlx5_4,0.000,0.000,0.000,0.000
2025-12-03 15:42:53,mlx5_5,0.000,0.000,0.374,0.002
2025-12-03 15:42:53,mlx5_6,0.000,0.000,0.000,0.000
2025-12-03 15:42:53,mlx5_7,0.000,0.000,0.000,0.000
2025-12-03 15:42:53,mlx5_8,0.000,0.000,0.366,0.003
2025-12-03 15:42:53,mlx5_9,0.000,0.000,0.000,0.000
2025-12-03 15:42:53,TOTAL,0.000,0.000,1.486,0.011
2025-12-03 15:42:54,mlx5_0,0.000,0.000,0.000,0.000
2025-12-03 15:42:54,mlx5_1,0.000,0.000,0.372,0.004
2025-12-03 15:42:54,mlx5_2,0.000,0.000,0.000,0.000
2025-12-03 15:42:54,mlx5_3,0.000,0.000,0.374,0.002
2025-12-03 15:42:54,mlx5_4,0.000,0.000,0.000,0.000
2025-12-03 15:42:54,mlx5_5,0.000,0.000,0.374,0.002
2025-12-03 15:42:54,mlx5_6,0.000,0.000,0.000,0.000
2025-12-03 15:42:54,mlx5_7,0.000,0.000,0.000,0.000
2025-12-03 15:42:54,mlx5_8,0.000,0.000,0.366,0.003
2025-12-03 15:42:54,mlx5_9,0.000,0.000,0.000,0.000
2025-12-03 15:42:54,TOTAL,0.000,0.000,1.486,0.011
2025-12-03 15:42:55,mlx5_0,0.000,0.000,0.000,0.000
2025-12-03 15:42:55,mlx5_1,0.000,0.000,0.372,0.004
2025-12-03 15:42:55,mlx5_2,0.000,0.000,0.000,0.000
2025-12-03 15:42:55,mlx5_3,0.000,0.000,0.374,0.002
2025-12-03 15:42:55,mlx5_4,0.000,0.000,0.000,0.000
2025-12-03 15:42:55,mlx5_5,0.000,0.000,0.374,0.002
2025-12-03 15:42:55,mlx5_6,0.000,0.000,0.000,0.000
2025-12-03 15:42:55,mlx5_7,0.000,0.000,0.000,0.000
2025-12-03 15:42:55,mlx5_8,0.000,0.000,0.366,0.003
2025-12-03 15:42:55,mlx5_9,0.000,0.000,0.000,0.000
2025-12-03 15:42:55,TOTAL,0.000,0.000,1.486,0.011
2025-12-03 15:42:56,mlx5_0,0.000,0.000,0.000,0.000
2025-12-03 15:42:56,mlx5_1,0.000,0.000,0.372,0.004
2025-12-03 15:42:56,mlx5_2,0.000,0.000,0.000,0.000
2025-12-03 15:42:56,mlx5_3,0.000,0.000,0.374,0.002
2025-12-03 15:42:56,mlx5_4,0.000,0.000,0.000,0.000
2025-12-03 15:42:56,mlx5_5,0.000,0.000,0.374,0.002
2025-12-03 15:42:56,mlx5_6,0.000,0.000,0.000,0.000
2025-12-03 15:42:56,mlx5_7,0.000,0.000,0.000,0.000
2025-12-03 15:42:56,mlx5_8,0.000,0.000,0.366,0.003
2025-12-03 15:42:56,mlx5_9,0.000,0.000,0.000,0.000
2025-12-03 15:42:56,TOTAL,0.000,0.000,1.486,0.011
2025-12-03 15:42:57,mlx5_0,0.000,0.000,0.000,0.000
2025-12-03 15:42:57,mlx5_1,0.000,0.000,0.372,0.004
2025-12-03 15:42:57,mlx5_2,0.000,0.000,0.000,0.000
2025-12-03 15:42:57,mlx5_3,0.000,0.000,0.374,0.002
2025-12-03 15:42:57,mlx5_4,0.000,0.000,0.000,0.000
2025-12-03 15:42:57,mlx5_5,0.000,0.000,0.374,0.002
2025-12-03 15:42:57,mlx5_6,0.000,0.000,0.000,0.000
2025-12-03 15:42:57,mlx5_7,0.000,0.000,0.000,0.000
2025-12-03 15:42:57,mlx5_8,0.000,0.000,0.366,0.003
2025-12-03 15:42:57,mlx5_9,0.000,0.000,0.000,0.000
2025-12-03 15:42:57,TOTAL,0.000,0.000,1.486,0.011
2025-12-03 15:42:58,mlx5_0,0.000,0.000,0.000,0.000
2025-12-03 15:42:58,mlx5_1,0.000,0.000,0.372,0.004
2025-12-03 15:42:58,mlx5_2,0.000,0.000,0.000,0.000
2025-12-03 15:42:58,mlx5_3,0.000,0.000,0.374,0.002
2025-12-03 15:42:58,mlx5_4,0.000,0.000,0.000,0.000
2025-12-03 15:42:58,mlx5_5,0.000,0.000,0.374,0.002
2025-12-03 15:42:58,mlx5_6,0.000,0.000,0.000,0.000
2025-12-03 15:42:58,mlx5_7,0.000,0.000,0.000,0.000
2025-12-03 15:42:58,mlx5_8,0.000,0.000,0.366,0.003
2025-12-03 15:42:58,mlx5_9,0.000,0.000,0.000,0.000
2025-12-03 15:42:58,TOTAL,0.000,0.000,1.486,0.011
2025-12-03 15:42:59,mlx5_0,0.000,0.000,0.000,0.000
2025-12-03 15:42:59,mlx5_1,0.000,0.000,0.372,0.004
2025-12-03 15:42:59,mlx5_2,0.000,0.000,0.000,0.000
2025-12-03 15:42:59,mlx5_3,0.000,0.000,0.374,0.002
2025-12-03 15:42:59,mlx5_4,0.000,0.000,0.000,0.000
2025-12-03 15:42:59,mlx5_5,0.000,0.000,0.374,0.002
2025-12-03 15:42:59,mlx5_6,0.000,0.000,0.000,0.000
2025-12-03 15:42:59,mlx5_7,0.000,0.000,0.000,0.000
2025-12-03 15:42:59,mlx5_8,0.000,0.000,0.366,0.003
2025-12-03 15:42:59,mlx5_9,0.000,0.000,0.000,0.000
2025-12-03 15:42:59,TOTAL,0.000,0.000,1.486,0.011
2025-12-03 15:43:00,mlx5_0,0.000,0.000,0.000,0.000
2025-12-03 15:43:00,mlx5_1,0.000,0.000,0.372,0.004
2025-12-03 15:43:00,mlx5_2,0.000,0.000,0.000,0.000
2025-12-03 15:43:00,mlx5_3,0.000,0.000,0.374,0.002
2025-12-03 15:43:00,mlx5_4,0.000,0.000,0.000,0.000
2025-12-03 15:43:00,mlx5_5,0.000,0.000,0.374,0.002
2025-12-03 15:43:00,mlx5_6,0.000,0.000,0.000,0.000
2025-12-03 15:43:00,mlx5_7,0.000,0.000,0.000,0.000
2025-12-03 15:43:00,mlx5_8,0.000,0.000,0.366,0.003
2025-12-03 15:43:00,mlx5_9,0.000,0.000,0.000,0.000
2025-12-03 15:43:00,TOTAL,0.000,0.000,1.486,0.011
2025-12-03 15:43:01,mlx5_0,0.000,0.000,0.000,0.000
2025-12-03 15:43:01,mlx5_1,0.000,0.000,0.372,0.004
2025-12-03 15:43:01,mlx5_2,0.000,0.000,0.000,0.000
2025-12-03 15:43:01,mlx5_3,0.000,0.000,0.374,0.002
2025-12-03 15:43:01,mlx5_4,0.000,0.000,0.000,0.000
2025-12-03 15:43:01,mlx5_5,0.000,0.000,0.374,0.002
2025-12-03 15:43:01,mlx5_6,0.000,0.000,0.000,0.000
2025-12-03 15:43:01,mlx5_7,0.000,0.000,0.000,0.000
2025-12-03 15:43:01,mlx5_8,0.000,0.000,0.366,0.003
2025-12-03 15:43:01,mlx5_9,0.000,0.000,0.000,0.000
2025-12-03 15:43:01,TOTAL,0.000,0.000,1.486,0.011
2025-12-03 15:43:02,mlx5_0,0.000,0.000,0.000,0.000
2025-12-03 15:43:02,mlx5_1,0.004,1.904,0.372,0.243
2025-12-03 15:43:02,mlx5_2,0.000,0.000,0.000,0.000
2025-12-03 15:43:02,mlx5_3,0.004,1.921,0.375,0.243
2025-12-03 15:43:02,mlx5_4,0.000,0.000,0.000,0.000
2025-12-03 15:43:02,mlx5_5,0.004,1.954,0.374,0.247
2025-12-03 15:43:02,mlx5_6,0.000,0.000,0.000,0.000
2025-12-03 15:43:02,mlx5_7,0.000,0.000,0.000,0.000
2025-12-03 15:43:02,mlx5_8,0.004,1.921,0.367,0.244
2025-12-03 15:43:02,mlx5_9,0.000,0.000,0.000,0.000
2025-12-03 15:43:02,TOTAL,0.014,7.700,1.488,0.978
2025-12-03 15:43:03,mlx5_0,0.000,0.000,0.000,0.000
2025-12-03 15:43:03,mlx5_1,0.001,0.328,0.373,0.284
2025-12-03 15:43:03,mlx5_2,0.000,0.000,0.000,0.000
2025-12-03 15:43:03,mlx5_3,0.001,0.343,0.375,0.286
2025-12-03 15:43:03,mlx5_4,0.000,0.000,0.000,0.000
2025-12-03 15:43:03,mlx5_5,0.001,0.342,0.374,0.290
2025-12-03 15:43:03,mlx5_6,0.000,0.000,0.000,0.000
2025-12-03 15:43:03,mlx5_7,0.000,0.000,0.000,0.000
2025-12-03 15:43:03,mlx5_8,0.001,0.356,0.367,0.289
2025-12-03 15:43:03,mlx5_9,0.000,0.000,0.000,0.000
2025-12-03 15:43:03,TOTAL,0.002,1.368,1.488,1.150
2025-12-03 15:43:04,mlx5_0,0.000,0.000,0.000,0.000
2025-12-03 15:43:04,mlx5_1,0.000,0.000,0.373,0.284
2025-12-03 15:43:04,mlx5_2,0.000,0.000,0.000,0.000
2025-12-03 15:43:04,mlx5_3,0.000,0.000,0.375,0.286
2025-12-03 15:43:04,mlx5_4,0.000,0.000,0.000,0.000
2025-12-03 15:43:04,mlx5_5,0.000,0.000,0.374,0.290
2025-12-03 15:43:04,mlx5_6,0.000,0.000,0.000,0.000
2025-12-03 15:43:04,mlx5_7,0.000,0.000,0.000,0.000
2025-12-03 15:43:04,mlx5_8,0.000,0.000,0.367,0.289
2025-12-03 15:43:04,mlx5_9,0.000,0.000,0.000,0.000
2025-12-03 15:43:04,TOTAL,0.000,0.000,1.488,1.150
2025-12-03 15:43:05,mlx5_0,0.000,0.000,0.000,0.000
2025-12-03 15:43:05,mlx5_1,0.000,0.000,0.373,0.284
2025-12-03 15:43:05,mlx5_2,0.000,0.000,0.000,0.000
2025-12-03 15:43:05,mlx5_3,0.000,0.000,0.375,0.286
2025-12-03 15:43:05,mlx5_4,0.000,0.000,0.000,0.000
2025-12-03 15:43:05,mlx5_5,0.000,0.000,0.374,0.290
2025-12-03 15:43:05,mlx5_6,0.000,0.000,0.000,0.000
2025-12-03 15:43:05,mlx5_7,0.000,0.000,0.000,0.000
2025-12-03 15:43:05,mlx5_8,0.000,0.000,0.367,0.289
2025-12-03 15:43:05,mlx5_9,0.000,0.000,0.000,0.000
2025-12-03 15:43:05,TOTAL,0.000,0.000,1.488,1.150
2025-12-03 15:43:06,mlx5_0,0.000,0.000,0.000,0.000
2025-12-03 15:43:06,mlx5_1,0.000,0.000,0.373,0.284
2025-12-03 15:43:06,mlx5_2,0.000,0.000,0.000,0.000
2025-12-03 15:43:06,mlx5_3,0.000,0.000,0.375,0.286
2025-12-03 15:43:06,mlx5_4,0.000,0.000,0.000,0.000
2025-12-03 15:43:06,mlx5_5,0.000,0.000,0.374,0.290
2025-12-03 15:43:06,mlx5_6,0.000,0.000,0.000,0.000
2025-12-03 15:43:06,mlx5_7,0.000,0.000,0.000,0.000
2025-12-03 15:43:06,mlx5_8,0.000,0.000,0.367,0.289
2025-12-03 15:43:06,mlx5_9,0.000,0.000,0.000,0.000
2025-12-03 15:43:06,TOTAL,0.000,0.000,1.488,1.150
2025-12-03 15:43:07,mlx5_0,0.000,0.000,0.000,0.000
2025-12-03 15:43:07,mlx5_1,0.000,0.000,0.373,0.284
2025-12-03 15:43:07,mlx5_2,0.000,0.000,0.000,0.000
2025-12-03 15:43:07,mlx5_3,0.000,0.000,0.375,0.286
2025-12-03 15:43:07,mlx5_4,0.000,0.000,0.000,0.000
2025-12-03 15:43:07,mlx5_5,0.000,0.000,0.374,0.290
2025-12-03 15:43:07,mlx5_6,0.000,0.000,0.000,0.000
2025-12-03 15:43:07,mlx5_7,0.000,0.000,0.000,0.000
2025-12-03 15:43:07,mlx5_8,0.000,0.000,0.367,0.289
2025-12-03 15:43:07,mlx5_9,0.000,0.000,0.000,0.000
2025-12-03 15:43:07,TOTAL,0.000,0.000,1.488,1.150
2025-12-03 15:43:08,mlx5_0,0.000,0.000,0.000,0.000
2025-12-03 15:43:08,mlx5_1,0.000,0.000,0.373,0.284
2025-12-03 15:43:08,mlx5_2,0.000,0.000,0.000,0.000
2025-12-03 15:43:08,mlx5_3,0.000,0.000,0.375,0.286
2025-12-03 15:43:08,mlx5_4,0.000,0.000,0.000,0.000
2025-12-03 15:43:08,mlx5_5,0.000,0.000,0.374,0.290
2025-12-03 15:43:08,mlx5_6,0.000,0.000,0.000,0.000
2025-12-03 15:43:08,mlx5_7,0.000,0.000,0.000,0.000
2025-12-03 15:43:08,mlx5_8,0.000,0.000,0.367,0.289
2025-12-03 15:43:08,mlx5_9,0.000,0.000,0.000,0.000
2025-12-03 15:43:08,TOTAL,0.000,0.000,1.488,1.150
2025-12-03 15:43:09,mlx5_0,0.000,0.000,0.000,0.000
2025-12-03 15:43:09,mlx5_1,0.000,0.000,0.373,0.284
2025-12-03 15:43:09,mlx5_2,0.000,0.000,0.000,0.000
2025-12-03 15:43:09,mlx5_3,0.000,0.000,0.375,0.286
2025-12-03 15:43:09,mlx5_4,0.000,0.000,0.000,0.000
2025-12-03 15:43:09,mlx5_5,0.000,0.000,0.374,0.290
2025-12-03 15:43:09,mlx5_6,0.000,0.000,0.000,0.000
2025-12-03 15:43:09,mlx5_7,0.000,0.000,0.000,0.000
2025-12-03 15:43:09,mlx5_8,0.000,0.000,0.367,0.289
2025-12-03 15:43:09,mlx5_9,0.000,0.000,0.000,0.000
2025-12-03 15:43:09,TOTAL,0.000,0.000,1.488,1.150
2025-12-03 15:43:10,mlx5_0,0.000,0.000,0.000,0.000
2025-12-03 15:43:10,mlx5_1,0.000,0.000,0.373,0.284
2025-12-03 15:43:10,mlx5_2,0.000,0.000,0.000,0.000
2025-12-03 15:43:10,mlx5_3,0.000,0.000,0.375,0.286
2025-12-03 15:43:10,mlx5_4,0.000,0.000,0.000,0.000
2025-12-03 15:43:10,mlx5_5,0.000,0.000,0.374,0.290
2025-12-03 15:43:10,mlx5_6,0.000,0.000,0.000,0.000
2025-12-03 15:43:10,mlx5_7,0.000,0.000,0.000,0.000
2025-12-03 15:43:10,mlx5_8,0.000,0.000,0.367,0.289
2025-12-03 15:43:10,mlx5_9,0.000,0.000,0.000,0.000
2025-12-03 15:43:10,TOTAL,0.000,0.000,1.488,1.150
2025-12-03 15:43:11,mlx5_0,0.000,0.000,0.000,0.000
2025-12-03 15:43:11,mlx5_1,0.000,0.000,0.373,0.284
2025-12-03 15:43:11,mlx5_2,0.000,0.000,0.000,0.000
2025-12-03 15:43:11,mlx5_3,0.000,0.000,0.375,0.286
2025-12-03 15:43:11,mlx5_4,0.000,0.000,0.000,0.000
2025-12-03 15:43:11,mlx5_5,0.000,0.000,0.374,0.290
2025-12-03 15:43:11,mlx5_6,0.000,0.000,0.000,0.000
2025-12-03 15:43:11,mlx5_7,0.000,0.000,0.000,0.000
2025-12-03 15:43:11,mlx5_8,0.000,0.000,0.367,0.289
2025-12-03 15:43:11,mlx5_9,0.000,0.000,0.000,0.000
2025-12-03 15:43:11,TOTAL,0.000,0.000,1.488,1.150
2025-12-03 15:43:12,mlx5_0,0.000,0.000,0.000,0.000
2025-12-03 15:43:12,mlx5_1,0.000,0.000,0.373,0.284
2025-12-03 15:43:12,mlx5_2,0.000,0.000,0.000,0.000
2025-12-03 15:43:12,mlx5_3,0.000,0.000,0.375,0.286
2025-12-03 15:43:12,mlx5_4,0.000,0.000,0.000,0.000
2025-12-03 15:43:12,mlx5_5,0.000,0.000,0.374,0.290
2025-12-03 15:43:12,mlx5_6,0.000,0.000,0.000,0.000
2025-12-03 15:43:12,mlx5_7,0.000,0.000,0.000,0.000
2025-12-03 15:43:12,mlx5_8,0.000,0.000,0.367,0.289
2025-12-03 15:43:12,mlx5_9,0.000,0.000,0.000,0.000
2025-12-03 15:43:12,TOTAL,0.000,0.000,1.488,1.150
2025-12-03 15:43:13,mlx5_0,0.000,0.000,0.000,0.000
2025-12-03 15:43:13,mlx5_1,0.000,0.000,0.373,0.284
2025-12-03 15:43:13,mlx5_2,0.000,0.000,0.000,0.000
2025-12-03 15:43:13,mlx5_3,0.000,0.000,0.375,0.286
2025-12-03 15:43:13,mlx5_4,0.000,0.000,0.000,0.000
2025-12-03 15:43:13,mlx5_5,0.000,0.000,0.374,0.290
2025-12-03 15:43:13,mlx5_6,0.000,0.000,0.000,0.000
2025-12-03 15:43:13,mlx5_7,0.000,0.000,0.000,0.000
2025-12-03 15:43:13,mlx5_8,0.000,0.000,0.367,0.289
2025-12-03 15:43:13,mlx5_9,0.000,0.000,0.000,0.000
2025-12-03 15:43:13,TOTAL,0.000,0.000,1.488,1.150
2025-12-03 15:43:14,mlx5_0,0.000,0.000,0.000,0.000
2025-12-03 15:43:14,mlx5_1,0.000,0.000,0.373,0.284
2025-12-03 15:43:14,mlx5_2,0.000,0.000,0.000,0.000
2025-12-03 15:43:14,mlx5_3,0.000,0.000,0.375,0.286
2025-12-03 15:43:14,mlx5_4,0.000,0.000,0.000,0.000
2025-12-03 15:43:14,mlx5_5,0.000,0.000,0.374,0.290
2025-12-03 15:43:14,mlx5_6,0.000,0.000,0.000,0.000
2025-12-03 15:43:14,mlx5_7,0.000,0.000,0.000,0.000
2025-12-03 15:43:14,mlx5_8,0.000,0.000,0.367,0.289
2025-12-03 15:43:14,mlx5_9,0.000,0.000,0.000,0.000
2025-12-03 15:43:14,TOTAL,0.000,0.000,1.488,1.150
2025-12-03 15:43:15,mlx5_0,0.000,0.000,0.000,0.000
2025-12-03 15:43:15,mlx5_1,0.000,0.000,0.373,0.284
2025-12-03 15:43:15,mlx5_2,0.000,0.000,0.000,0.000
2025-12-03 15:43:15,mlx5_3,0.000,0.000,0.375,0.286
2025-12-03 15:43:15,mlx5_4,0.000,0.000,0.000,0.000
2025-12-03 15:43:15,mlx5_5,0.000,0.000,0.374,0.290
2025-12-03 15:43:15,mlx5_6,0.000,0.000,0.000,0.000
2025-12-03 15:43:15,mlx5_7,0.000,0.000,0.000,0.000
2025-12-03 15:43:15,mlx5_8,0.000,0.000,0.367,0.289
2025-12-03 15:43:15,mlx5_9,0.000,0.000,0.000,0.000
2025-12-03 15:43:15,TOTAL,0.001,0.001,1.489,1.150
2025-12-03 15:43:16,mlx5_0,0.000,0.000,0.000,0.000
2025-12-03 15:43:16,mlx5_1,0.002,0.002,0.373,0.284
2025-12-03 15:43:16,mlx5_2,0.000,0.000,0.000,0.000
2025-12-03 15:43:16,mlx5_3,0.002,0.002,0.375,0.287
2025-12-03 15:43:16,mlx5_4,0.000,0.000,0.000,0.000
2025-12-03 15:43:16,mlx5_5,0.002,0.002,0.374,0.291
2025-12-03 15:43:16,mlx5_6,0.000,0.000,0.000,0.000
2025-12-03 15:43:16,mlx5_7,0.000,0.000,0.000,0.000
2025-12-03 15:43:16,mlx5_8,0.002,0.002,0.367,0.289
2025-12-03 15:43:16,mlx5_9,0.000,0.000,0.000,0.000
2025-12-03 15:43:16,TOTAL,0.006,0.006,1.489,1.151
2025-12-03 15:43:17,mlx5_0,0.000,0.000,0.000,0.000
2025-12-03 15:43:17,mlx5_1,0.000,0.000,0.373,0.284
2025-12-03 15:43:17,mlx5_2,0.000,0.000,0.000,0.000
2025-12-03 15:43:17,mlx5_3,0.000,0.000,0.375,0.287
2025-12-03 15:43:17,mlx5_4,0.000,0.000,0.000,0.000
2025-12-03 15:43:17,mlx5_5,0.000,0.000,0.374,0.291
2025-12-03 15:43:17,mlx5_6,0.000,0.000,0.000,0.000
2025-12-03 15:43:17,mlx5_7,0.000,0.000,0.000,0.000
2025-12-03 15:43:17,mlx5_8,0.000,0.000,0.367,0.289
2025-12-03 15:43:17,mlx5_9,0.000,0.000,0.000,0.000
2025-12-03 15:43:17,TOTAL,0.000,0.000,1.489,1.151
2025-12-03 15:43:18,mlx5_0,0.000,0.000,0.000,0.000
2025-12-03 15:43:18,mlx5_1,0.000,0.000,0.373,0.284
2025-12-03 15:43:18,mlx5_2,0.000,0.000,0.000,0.000
2025-12-03 15:43:18,mlx5_3,0.000,0.000,0.375,0.287
2025-12-03 15:43:18,mlx5_4,0.000,0.000,0.000,0.000
2025-12-03 15:43:18,mlx5_5,0.000,0.000,0.374,0.291
2025-12-03 15:43:18,mlx5_6,0.000,0.000,0.000,0.000
2025-12-03 15:43:18,mlx5_7,0.000,0.000,0.000,0.000
2025-12-03 15:43:18,mlx5_8,0.000,0.000,0.367,0.289
2025-12-03 15:43:18,mlx5_9,0.000,0.000,0.000,0.000
2025-12-03 15:43:18,TOTAL,0.000,0.000,1.489,1.151
2025-12-03 15:43:19,mlx5_0,0.000,0.000,0.000,0.000
2025-12-03 15:43:19,mlx5_1,0.000,0.000,0.373,0.284
2025-12-03 15:43:19,mlx5_2,0.000,0.000,0.000,0.000
2025-12-03 15:43:19,mlx5_3,0.000,0.000,0.375,0.287
2025-12-03 15:43:19,mlx5_4,0.000,0.000,0.000,0.000
2025-12-03 15:43:19,mlx5_5,0.000,0.000,0.374,0.291
2025-12-03 15:43:19,mlx5_6,0.000,0.000,0.000,0.000
2025-12-03 15:43:19,mlx5_7,0.000,0.000,0.000,0.000
2025-12-03 15:43:19,mlx5_8,0.000,0.000,0.367,0.289
2025-12-03 15:43:19,mlx5_9,0.000,0.000,0.000,0.000
2025-12-03 15:43:19,TOTAL,0.000,0.000,1.489,1.151
2025-12-03 15:43:20,mlx5_0,0.000,0.000,0.000,0.000
2025-12-03 15:43:20,mlx5_1,0.000,0.000,0.373,0.284
2025-12-03 15:43:20,mlx5_2,0.000,0.000,0.000,0.000
2025-12-03 15:43:20,mlx5_3,0.000,0.000,0.375,0.287
2025-12-03 15:43:20,mlx5_4,0.000,0.000,0.000,0.000
2025-12-03 15:43:20,mlx5_5,0.000,0.000,0.374,0.291
2025-12-03 15:43:20,mlx5_6,0.000,0.000,0.000,0.000
2025-12-03 15:43:20,mlx5_7,0.000,0.000,0.000,0.000
2025-12-03 15:43:20,mlx5_8,0.000,0.000,0.367,0.289
2025-12-03 15:43:20,mlx5_9,0.000,0.000,0.000,0.000
2025-12-03 15:43:20,TOTAL,0.000,0.000,1.489,1.151
2025-12-03 15:43:21,mlx5_0,0.000,0.000,0.000,0.000
2025-12-03 15:43:21,mlx5_1,0.000,0.000,0.373,0.284
2025-12-03 15:43:21,mlx5_2,0.000,0.000,0.000,0.000
2025-12-03 15:43:21,mlx5_3,0.000,0.000,0.375,0.287
2025-12-03 15:43:21,mlx5_4,0.000,0.000,0.000,0.000
2025-12-03 15:43:21,mlx5_5,0.000,0.000,0.374,0.291
2025-12-03 15:43:21,mlx5_6,0.000,0.000,0.000,0.000
2025-12-03 15:43:21,mlx5_7,0.000,0.000,0.000,0.000
2025-12-03 15:43:21,mlx5_8,0.000,0.000,0.367,0.289
2025-12-03 15:43:21,mlx5_9,0.000,0.000,0.000,0.000
2025-12-03 15:43:21,TOTAL,0.000,0.000,1.489,1.151
2025-12-03 15:43:22,mlx5_0,0.000,0.000,0.000,0.000
2025-12-03 15:43:22,mlx5_1,0.000,0.000,0.373,0.284
2025-12-03 15:43:22,mlx5_2,0.000,0.000,0.000,0.000
2025-12-03 15:43:22,mlx5_3,0.000,0.000,0.375,0.287
2025-12-03 15:43:22,mlx5_4,0.000,0.000,0.000,0.000
2025-12-03 15:43:22,mlx5_5,0.000,0.000,0.374,0.291
2025-12-03 15:43:22,mlx5_6,0.000,0.000,0.000,0.000
2025-12-03 15:43:22,mlx5_7,0.000,0.000,0.000,0.000
2025-12-03 15:43:22,mlx5_8,0.000,0.000,0.367,0.289
2025-12-03 15:43:22,mlx5_9,0.000,0.000,0.000,0.000
2025-12-03 15:43:22,TOTAL,0.000,0.000,1.489,1.151
2025-12-03 15:43:23,mlx5_0,0.000,0.000,0.000,0.000
2025-12-03 15:43:23,mlx5_1,0.000,0.000,0.373,0.284
2025-12-03 15:43:23,mlx5_2,0.000,0.000,0.000,0.000
2025-12-03 15:43:23,mlx5_3,0.000,0.000,0.375,0.287
2025-12-03 15:43:23,mlx5_4,0.000,0.000,0.000,0.000
2025-12-03 15:43:23,mlx5_5,0.000,0.000,0.374,0.291
2025-12-03 15:43:23,mlx5_6,0.000,0.000,0.000,0.000
2025-12-03 15:43:23,mlx5_7,0.000,0.000,0.000,0.000
2025-12-03 15:43:23,mlx5_8,0.000,0.000,0.367,0.289
2025-12-03 15:43:23,mlx5_9,0.000,0.000,0.000,0.000
2025-12-03 15:43:23,TOTAL,0.000,0.000,1.489,1.151
2025-12-03 15:43:24,mlx5_0,0.000,0.000,0.000,0.000
2025-12-03 15:43:24,mlx5_1,0.000,0.000,0.373,0.284
2025-12-03 15:43:24,mlx5_2,0.000,0.000,0.000,0.000
2025-12-03 15:43:24,mlx5_3,0.000,0.000,0.375,0.287
2025-12-03 15:43:24,mlx5_4,0.000,0.000,0.000,0.000
2025-12-03 15:43:24,mlx5_5,0.000,0.000,0.374,0.291
2025-12-03 15:43:24,mlx5_6,0.000,0.000,0.000,0.000
2025-12-03 15:43:24,mlx5_7,0.000,0.000,0.000,0.000
2025-12-03 15:43:24,mlx5_8,0.000,0.000,0.367,0.289
2025-12-03 15:43:24,mlx5_9,0.000,0.000,0.000,0.000
2025-12-03 15:43:24,TOTAL,0.000,0.000,1.489,1.151
2025-12-03 15:43:25,mlx5_0,0.000,0.000,0.000,0.000
2025-12-03 15:43:25,mlx5_1,0.000,0.000,0.373,0.284
2025-12-03 15:43:25,mlx5_2,0.000,0.000,0.000,0.000
2025-12-03 15:43:25,mlx5_3,0.000,0.000,0.375,0.287
2025-12-03 15:43:25,mlx5_4,0.000,0.000,0.000,0.000
2025-12-03 15:43:25,mlx5_5,0.000,0.000,0.374,0.291
2025-12-03 15:43:25,mlx5_6,0.000,0.000,0.000,0.000
2025-12-03 15:43:25,mlx5_7,0.000,0.000,0.000,0.000
2025-12-03 15:43:25,mlx5_8,0.000,0.000,0.367,0.289
2025-12-03 15:43:25,mlx5_9,0.000,0.000,0.000,0.000
2025-12-03 15:43:25,TOTAL,0.000,0.000,1.489,1.151
2025-12-03 15:43:26,mlx5_0,0.000,0.000,0.000,0.000
2025-12-03 15:43:26,mlx5_1,0.000,0.000,0.373,0.284
2025-12-03 15:43:26,mlx5_2,0.000,0.000,0.000,0.000
2025-12-03 15:43:26,mlx5_3,0.000,0.000,0.375,0.287
2025-12-03 15:43:26,mlx5_4,0.000,0.000,0.000,0.000
2025-12-03 15:43:26,mlx5_5,0.000,0.000,0.374,0.291
2025-12-03 15:43:26,mlx5_6,0.000,0.000,0.000,0.000
2025-12-03 15:43:26,mlx5_7,0.000,0.000,0.000,0.000
2025-12-03 15:43:26,mlx5_8,0.000,0.000,0.367,0.289
2025-12-03 15:43:26,mlx5_9,0.000,0.000,0.000,0.000
2025-12-03 15:43:26,TOTAL,0.000,0.000,1.489,1.151
2025-12-03 15:43:27,mlx5_0,0.000,0.000,0.000,0.000
2025-12-03 15:43:27,mlx5_1,0.000,0.000,0.373,0.284
2025-12-03 15:43:27,mlx5_2,0.000,0.000,0.000,0.000
2025-12-03 15:43:27,mlx5_3,0.000,0.000,0.375,0.287
2025-12-03 15:43:27,mlx5_4,0.000,0.000,0.000,0.000
2025-12-03 15:43:27,mlx5_5,0.000,0.000,0.374,0.291
2025-12-03 15:43:27,mlx5_6,0.000,0.000,0.000,0.000
2025-12-03 15:43:27,mlx5_7,0.000,0.000,0.000,0.000
2025-12-03 15:43:27,mlx5_8,0.000,0.000,0.367,0.289
2025-12-03 15:43:27,mlx5_9,0.000,0.000,0.000,0.000
2025-12-03 15:43:27,TOTAL,0.000,0.000,1.489,1.151
2025-12-03 15:43:28,mlx5_0,0.000,0.000,0.000,0.000
2025-12-03 15:43:28,mlx5_1,0.000,0.000,0.373,0.284
2025-12-03 15:43:28,mlx5_2,0.000,0.000,0.000,0.000
2025-12-03 15:43:28,mlx5_3,0.000,0.000,0.375,0.287
2025-12-03 15:43:28,mlx5_4,0.000,0.000,0.000,0.000
2025-12-03 15:43:28,mlx5_5,0.000,0.000,0.374,0.291
2025-12-03 15:43:28,mlx5_6,0.000,0.000,0.000,0.000
2025-12-03 15:43:28,mlx5_7,0.000,0.000,0.000,0.000
2025-12-03 15:43:28,mlx5_8,0.000,0.000,0.367,0.289
2025-12-03 15:43:28,mlx5_9,0.000,0.000,0.000,0.000
2025-12-03 15:43:28,TOTAL,0.000,0.000,1.489,1.151
2025-12-03 15:43:29,mlx5_0,0.000,0.000,0.000,0.000
2025-12-03 15:43:29,mlx5_1,1.184,1.143,0.522,0.428
2025-12-03 15:43:29,mlx5_2,0.000,0.000,0.000,0.000
2025-12-03 15:43:29,mlx5_3,1.142,1.163,0.518,0.433
2025-12-03 15:43:29,mlx5_4,0.000,0.000,0.000,0.000
2025-12-03 15:43:29,mlx5_5,1.087,1.123,0.511,0.432
2025-12-03 15:43:29,mlx5_6,0.000,0.000,0.000,0.000
2025-12-03 15:43:29,mlx5_7,0.000,0.000,0.000,0.000
2025-12-03 15:43:29,mlx5_8,1.142,1.141,0.511,0.433
2025-12-03 15:43:29,mlx5_9,0.000,0.000,0.000,0.000
2025-12-03 15:43:29,TOTAL,4.555,4.570,2.062,1.725
2025-12-03 15:43:30,mlx5_0,0.000,0.000,0.000,0.000
2025-12-03 15:43:30,mlx5_1,9.090,0.014,1.664,0.430
2025-12-03 15:43:30,mlx5_2,0.000,0.000,0.000,0.000
2025-12-03 15:43:30,mlx5_3,9.164,0.015,1.670,0.435
2025-12-03 15:43:30,mlx5_4,0.000,0.000,0.000,0.000
2025-12-03 15:43:30,mlx5_5,8.998,0.015,1.642,0.434
2025-12-03 15:43:30,mlx5_6,0.000,0.000,0.000,0.000
2025-12-03 15:43:30,mlx5_7,0.000,0.000,0.000,0.000
2025-12-03 15:43:30,mlx5_8,9.086,0.015,1.652,0.435
2025-12-03 15:43:30,mlx5_9,0.000,0.000,0.000,0.000
2025-12-03 15:43:30,TOTAL,36.338,0.060,6.628,1.733
2025-12-03 15:43:31,mlx5_0,0.000,0.000,0.000,0.000
2025-12-03 15:43:31,mlx5_1,7.929,0.014,2.660,0.432
2025-12-03 15:43:31,mlx5_2,0.000,0.000,0.000,0.000
2025-12-03 15:43:31,mlx5_3,8.045,0.014,2.681,0.436
2025-12-03 15:43:31,mlx5_4,0.000,0.000,0.000,0.000
2025-12-03 15:43:31,mlx5_5,7.901,0.014,2.635,0.435
2025-12-03 15:43:31,mlx5_6,0.000,0.000,0.000,0.000
2025-12-03 15:43:31,mlx5_7,0.000,0.000,0.000,0.000
2025-12-03 15:43:31,mlx5_8,7.924,0.014,2.648,0.436
2025-12-03 15:43:31,mlx5_9,0.000,0.000,0.000,0.000
2025-12-03 15:43:31,TOTAL,31.799,0.055,10.625,1.740
2025-12-03 15:43:32,mlx5_0,0.000,0.000,0.000,0.000
2025-12-03 15:43:32,mlx5_1,0.000,0.000,2.660,0.432
2025-12-03 15:43:32,mlx5_2,0.000,0.000,0.000,0.000
2025-12-03 15:43:32,mlx5_3,0.000,0.000,2.681,0.436
2025-12-03 15:43:32,mlx5_4,0.000,0.000,0.000,0.000
2025-12-03 15:43:32,mlx5_5,0.000,0.000,2.635,0.435
2025-12-03 15:43:32,mlx5_6,0.000,0.000,0.000,0.000
2025-12-03 15:43:32,mlx5_7,0.000,0.000,0.000,0.000
2025-12-03 15:43:32,mlx5_8,0.000,0.000,2.648,0.436
2025-12-03 15:43:32,mlx5_9,0.000,0.000,0.000,0.000
2025-12-03 15:43:32,TOTAL,0.000,0.000,10.625,1.740
2025-12-03 15:43:33,mlx5_0,0.000,0.000,0.000,0.000
2025-12-03 15:43:33,mlx5_1,2.238,0.003,2.942,0.432
2025-12-03 15:43:33,mlx5_2,0.000,0.000,0.000,0.000
2025-12-03 15:43:33,mlx5_3,2.302,0.004,2.971,0.437
2025-12-03 15:43:33,mlx5_4,0.000,0.000,0.000,0.000
2025-12-03 15:43:33,mlx5_5,2.305,0.004,2.925,0.436
2025-12-03 15:43:33,mlx5_6,0.000,0.000,0.000,0.000
2025-12-03 15:43:33,mlx5_7,0.000,0.000,0.000,0.000
2025-12-03 15:43:33,mlx5_8,2.240,0.004,2.930,0.437
2025-12-03 15:43:33,mlx5_9,0.000,0.000,0.000,0.000
2025-12-03 15:43:33,TOTAL,9.085,0.015,11.767,1.741
2025-12-03 15:43:34,mlx5_0,0.000,0.000,0.000,0.000
2025-12-03 15:43:34,mlx5_1,2.333,0.004,3.235,0.432
2025-12-03 15:43:34,mlx5_2,0.000,0.000,0.000,0.000
2025-12-03 15:43:34,mlx5_3,2.275,0.004,3.257,0.437
2025-12-03 15:43:34,mlx5_4,0.000,0.000,0.000,0.000
2025-12-03 15:43:34,mlx5_5,2.268,0.004,3.210,0.436
2025-12-03 15:43:34,mlx5_6,0.000,0.000,0.000,0.000
2025-12-03 15:43:34,mlx5_7,0.000,0.000,0.000,0.000
2025-12-03 15:43:34,mlx5_8,2.209,0.004,3.207,0.437
2025-12-03 15:43:34,mlx5_9,0.000,0.000,0.000,0.000
2025-12-03 15:43:34,TOTAL,9.086,0.016,12.909,1.743
2025-12-03 15:43:35,mlx5_0,0.000,0.000,0.000,0.000
2025-12-03 15:43:35,mlx5_1,0.000,0.000,3.235,0.432
2025-12-03 15:43:35,mlx5_2,0.000,0.000,0.000,0.000
2025-12-03 15:43:35,mlx5_3,0.000,0.000,3.257,0.437
2025-12-03 15:43:35,mlx5_4,0.000,0.000,0.000,0.000
2025-12-03 15:43:35,mlx5_5,0.000,0.000,3.210,0.436
2025-12-03 15:43:35,mlx5_6,0.000,0.000,0.000,0.000
2025-12-03 15:43:35,mlx5_7,0.000,0.000,0.000,0.000
2025-12-03 15:43:35,mlx5_8,0.000,0.000,3.207,0.437
2025-12-03 15:43:35,mlx5_9,0.000,0.000,0.000,0.000
2025-12-03 15:43:35,TOTAL,0.000,0.000,12.909,1.743
2025-12-03 15:43:36,mlx5_0,0.000,0.000,0.000,0.000
2025-12-03 15:43:36,mlx5_1,0.000,0.000,3.235,0.432
2025-12-03 15:43:36,mlx5_2,0.000,0.000,0.000,0.000
2025-12-03 15:43:36,mlx5_3,0.000,0.000,3.257,0.437
2025-12-03 15:43:36,mlx5_4,0.000,0.000,0.000,0.000
2025-12-03 15:43:36,mlx5_5,0.000,0.000,3.210,0.436
2025-12-03 15:43:36,mlx5_6,0.000,0.000,0.000,0.000
2025-12-03 15:43:36,mlx5_7,0.000,0.000,0.000,0.000
2025-12-03 15:43:36,mlx5_8,0.000,0.000,3.207,0.437
2025-12-03 15:43:36,mlx5_9,0.000,0.000,0.000,0.000
2025-12-03 15:43:36,TOTAL,0.000,0.000,12.909,1.743
2025-12-03 15:43:37,mlx5_0,0.000,0.000,0.000,0.000
2025-12-03 15:43:37,mlx5_1,0.000,0.000,3.235,0.432
2025-12-03 15:43:37,mlx5_2,0.000,0.000,0.000,0.000
2025-12-03 15:43:37,mlx5_3,0.000,0.000,3.257,0.437
2025-12-03 15:43:37,mlx5_4,0.000,0.000,0.000,0.000
2025-12-03 15:43:37,mlx5_5,0.000,0.000,3.210,0.436
2025-12-03 15:43:37,mlx5_6,0.000,0.000,0.000,0.000
2025-12-03 15:43:37,mlx5_7,0.000,0.000,0.000,0.000
2025-12-03 15:43:37,mlx5_8,0.000,0.000,3.207,0.437
2025-12-03 15:43:37,mlx5_9,0.000,0.000,0.000,0.000
2025-12-03 15:43:37,TOTAL,0.000,0.000,12.909,1.743
2025-12-03 15:43:38,mlx5_0,0.000,0.000,0.000,0.000
2025-12-03 15:43:38,mlx5_1,0.000,0.000,3.235,0.432
2025-12-03 15:43:38,mlx5_2,0.000,0.000,0.000,0.000
2025-12-03 15:43:38,mlx5_3,0.000,0.000,3.257,0.437
2025-12-03 15:43:38,mlx5_4,0.000,0.000,0.000,0.000
2025-12-03 15:43:38,mlx5_5,0.000,0.000,3.210,0.436
2025-12-03 15:43:38,mlx5_6,0.000,0.000,0.000,0.000
2025-12-03 15:43:38,mlx5_7,0.000,0.000,0.000,0.000
2025-12-03 15:43:38,mlx5_8,0.000,0.000,3.207,0.437
2025-12-03 15:43:38,mlx5_9,0.000,0.000,0.000,0.000
2025-12-03 15:43:38,TOTAL,0.000,0.000,12.909,1.743
2025-12-03 15:43:39,mlx5_0,0.000,0.000,0.000,0.000
2025-12-03 15:43:39,mlx5_1,0.000,0.000,3.235,0.432
2025-12-03 15:43:39,mlx5_2,0.000,0.000,0.000,0.000
2025-12-03 15:43:39,mlx5_3,0.000,0.000,3.257,0.437
2025-12-03 15:43:39,mlx5_4,0.000,0.000,0.000,0.000
2025-12-03 15:43:39,mlx5_5,0.000,0.000,3.210,0.436
2025-12-03 15:43:39,mlx5_6,0.000,0.000,0.000,0.000
2025-12-03 15:43:39,mlx5_7,0.000,0.000,0.000,0.000
2025-12-03 15:43:39,mlx5_8,0.000,0.000,3.207,0.437
2025-12-03 15:43:39,mlx5_9,0.000,0.000,0.000,0.000
2025-12-03 15:43:39,TOTAL,0.000,0.000,12.909,1.743
2025-12-03 15:43:40,mlx5_0,0.000,0.000,0.000,0.000
2025-12-03 15:43:40,mlx5_1,0.000,0.000,3.235,0.432
2025-12-03 15:43:40,mlx5_2,0.000,0.000,0.000,0.000
2025-12-03 15:43:40,mlx5_3,0.000,0.000,3.257,0.437
2025-12-03 15:43:40,mlx5_4,0.000,0.000,0.000,0.000
2025-12-03 15:43:40,mlx5_5,0.000,0.000,3.210,0.436
2025-12-03 15:43:40,mlx5_6,0.000,0.000,0.000,0.000
2025-12-03 15:43:40,mlx5_7,0.000,0.000,0.000,0.000
2025-12-03 15:43:40,mlx5_8,0.000,0.000,3.207,0.437
2025-12-03 15:43:40,mlx5_9,0.000,0.000,0.000,0.000
2025-12-03 15:43:40,TOTAL,0.000,0.000,12.909,1.743
2025-12-03 15:43:41,mlx5_0,0.000,0.000,0.000,0.000
2025-12-03 15:43:41,mlx5_1,0.000,0.000,3.235,0.432
2025-12-03 15:43:41,mlx5_2,0.000,0.000,0.000,0.000
2025-12-03 15:43:41,mlx5_3,0.000,0.000,3.257,0.437
2025-12-03 15:43:41,mlx5_4,0.000,0.000,0.000,0.000
2025-12-03 15:43:41,mlx5_5,0.000,0.000,3.210,0.436
2025-12-03 15:43:41,mlx5_6,0.000,0.000,0.000,0.000
2025-12-03 15:43:41,mlx5_7,0.000,0.000,0.000,0.000
2025-12-03 15:43:41,mlx5_8,0.000,0.000,3.207,0.437
2025-12-03 15:43:41,mlx5_9,0.000,0.000,0.000,0.000
2025-12-03 15:43:41,TOTAL,0.000,0.000,12.909,1.743
2025-12-03 15:43:42,mlx5_0,0.000,0.000,0.000,0.000
2025-12-03 15:43:42,mlx5_1,0.000,0.000,3.235,0.432
2025-12-03 15:43:42,mlx5_2,0.000,0.000,0.000,0.000
2025-12-03 15:43:42,mlx5_3,0.000,0.000,3.257,0.437
2025-12-03 15:43:42,mlx5_4,0.000,0.000,0.000,0.000
2025-12-03 15:43:42,mlx5_5,0.000,0.000,3.210,0.436
2025-12-03 15:43:42,mlx5_6,0.000,0.000,0.000,0.000
2025-12-03 15:43:42,mlx5_7,0.000,0.000,0.000,0.000
2025-12-03 15:43:42,mlx5_8,0.000,0.000,3.207,0.437
2025-12-03 15:43:42,mlx5_9,0.000,0.000,0.000,0.000
2025-12-03 15:43:42,TOTAL,0.000,0.000,12.909,1.743
2025-12-03 15:43:43,mlx5_0,0.000,0.000,0.000,0.000
2025-12-03 15:43:43,mlx5_1,0.000,0.000,3.235,0.432
2025-12-03 15:43:43,mlx5_2,0.000,0.000,0.000,0.000
2025-12-03 15:43:43,mlx5_3,0.000,0.000,3.257,0.437
2025-12-03 15:43:43,mlx5_4,0.000,0.000,0.000,0.000
2025-12-03 15:43:43,mlx5_5,0.000,0.000,3.210,0.436
2025-12-03 15:43:43,mlx5_6,0.000,0.000,0.000,0.000
2025-12-03 15:43:43,mlx5_7,0.000,0.000,0.000,0.000
2025-12-03 15:43:43,mlx5_8,0.000,0.000,3.207,0.437
2025-12-03 15:43:43,mlx5_9,0.000,0.000,0.000,0.000
2025-12-03 15:43:43,TOTAL,0.000,0.000,12.909,1.743
2025-12-03 15:43:44,mlx5_0,0.000,0.000,0.000,0.000
2025-12-03 15:43:44,mlx5_1,0.000,0.000,3.235,0.432
2025-12-03 15:43:44,mlx5_2,0.000,0.000,0.000,0.000
2025-12-03 15:43:44,mlx5_3,0.000,0.000,3.257,0.437
2025-12-03 15:43:44,mlx5_4,0.000,0.000,0.000,0.000
2025-12-03 15:43:44,mlx5_5,0.000,0.000,3.210,0.436
2025-12-03 15:43:44,mlx5_6,0.000,0.000,0.000,0.000
2025-12-03 15:43:44,mlx5_7,0.000,0.000,0.000,0.000
2025-12-03 15:43:44,mlx5_8,0.000,0.000,3.207,0.437
2025-12-03 15:43:44,mlx5_9,0.000,0.000,0.000,0.000
2025-12-03 15:43:44,TOTAL,0.000,0.000,12.909,1.743
2025-12-03 15:43:45,mlx5_0,0.000,0.000,0.000,0.000
2025-12-03 15:43:45,mlx5_1,0.000,0.000,3.235,0.432
2025-12-03 15:43:45,mlx5_2,0.000,0.000,0.000,0.000
2025-12-03 15:43:45,mlx5_3,0.000,0.000,3.257,0.437
2025-12-03 15:43:45,mlx5_4,0.000,0.000,0.000,0.000
2025-12-03 15:43:45,mlx5_5,0.000,0.000,3.210,0.436
2025-12-03 15:43:45,mlx5_6,0.000,0.000,0.000,0.000
2025-12-03 15:43:45,mlx5_7,0.000,0.000,0.000,0.000
2025-12-03 15:43:45,mlx5_8,0.000,0.000,3.207,0.437
2025-12-03 15:43:45,mlx5_9,0.000,0.000,0.000,0.000
2025-12-03 15:43:45,TOTAL,0.000,0.000,12.909,1.743
2025-12-03 15:43:46,mlx5_0,0.000,0.000,0.000,0.000
2025-12-03 15:43:46,mlx5_1,0.002,0.937,3.235,0.550
2025-12-03 15:43:46,mlx5_2,0.000,0.000,0.000,0.000
2025-12-03 15:43:46,mlx5_3,0.002,1.006,3.257,0.564
2025-12-03 15:43:46,mlx5_4,0.000,0.000,0.000,0.000
2025-12-03 15:43:46,mlx5_5,0.002,0.947,3.210,0.555
2025-12-03 15:43:46,mlx5_6,0.000,0.000,0.000,0.000
2025-12-03 15:43:46,mlx5_7,0.000,0.000,0.000,0.000
2025-12-03 15:43:46,mlx5_8,0.002,0.976,3.208,0.560
2025-12-03 15:43:46,mlx5_9,0.000,0.000,0.000,0.000
2025-12-03 15:43:46,TOTAL,0.007,3.866,12.909,2.229
2025-12-03 15:43:47,mlx5_0,0.000,0.000,0.000,0.000
2025-12-03 15:43:47,mlx5_1,0.043,22.700,3.241,3.402
2025-12-03 15:43:47,mlx5_2,0.000,0.000,0.000,0.000
2025-12-03 15:43:47,mlx5_3,0.038,22.761,3.262,3.424
2025-12-03 15:43:47,mlx5_4,0.000,0.000,0.000,0.000
2025-12-03 15:43:47,mlx5_5,0.037,22.481,3.214,3.380
2025-12-03 15:43:47,mlx5_6,0.000,0.000,0.000,0.000
2025-12-03 15:43:47,mlx5_7,0.000,0.000,0.000,0.000
2025-12-03 15:43:47,mlx5_8,0.042,22.494,3.213,3.386
2025-12-03 15:43:47,mlx5_9,0.000,0.000,0.000,0.000
2025-12-03 15:43:47,TOTAL,0.160,90.436,12.930,13.592
2025-12-03 15:43:48,mlx5_0,0.000,0.000,0.000,0.000
2025-12-03 15:43:48,mlx5_1,0.000,0.000,3.241,3.402
2025-12-03 15:43:48,mlx5_2,0.000,0.000,0.000,0.000
2025-12-03 15:43:48,mlx5_3,0.000,0.000,3.262,3.424
2025-12-03 15:43:48,mlx5_4,0.000,0.000,0.000,0.000
2025-12-03 15:43:48,mlx5_5,0.000,0.000,3.214,3.380
2025-12-03 15:43:48,mlx5_6,0.000,0.000,0.000,0.000
2025-12-03 15:43:48,mlx5_7,0.000,0.000,0.000,0.000
2025-12-03 15:43:48,mlx5_8,0.000,0.000,3.213,3.386
2025-12-03 15:43:48,mlx5_9,0.000,0.000,0.000,0.000
2025-12-03 15:43:48,TOTAL,0.000,0.000,12.930,13.592
2025-12-03 15:43:49,mlx5_0,0.000,0.000,0.000,0.000
2025-12-03 15:43:49,mlx5_1,0.000,0.000,3.241,3.402
2025-12-03 15:43:49,mlx5_2,0.000,0.000,0.000,0.000
2025-12-03 15:43:49,mlx5_3,0.000,0.000,3.262,3.424
2025-12-03 15:43:49,mlx5_4,0.000,0.000,0.000,0.000
2025-12-03 15:43:49,mlx5_5,0.000,0.000,3.214,3.380
2025-12-03 15:43:49,mlx5_6,0.000,0.000,0.000,0.000
2025-12-03 15:43:49,mlx5_7,0.000,0.000,0.000,0.000
2025-12-03 15:43:49,mlx5_8,0.000,0.000,3.213,3.386
2025-12-03 15:43:49,mlx5_9,0.000,0.000,0.000,0.000
2025-12-03 15:43:49,TOTAL,0.000,0.000,12.930,13.592
2025-12-03 15:43:50,mlx5_0,0.000,0.000,0.000,0.000
2025-12-03 15:43:50,mlx5_1,0.000,0.000,3.241,3.402
2025-12-03 15:43:50,mlx5_2,0.000,0.000,0.000,0.000
2025-12-03 15:43:50,mlx5_3,0.000,0.000,3.262,3.424
2025-12-03 15:43:50,mlx5_4,0.000,0.000,0.000,0.000
2025-12-03 15:43:50,mlx5_5,0.000,0.000,3.214,3.380
2025-12-03 15:43:50,mlx5_6,0.000,0.000,0.000,0.000
2025-12-03 15:43:50,mlx5_7,0.000,0.000,0.000,0.000
2025-12-03 15:43:50,mlx5_8,0.000,0.000,3.213,3.386
2025-12-03 15:43:50,mlx5_9,0.000,0.000,0.000,0.000
2025-12-03 15:43:50,TOTAL,0.000,0.000,12.930,13.592
2025-12-03 15:43:51,mlx5_0,0.000,0.000,0.000,0.000
2025-12-03 15:43:51,mlx5_1,0.000,0.000,3.241,3.402
2025-12-03 15:43:51,mlx5_2,0.000,0.000,0.000,0.000
2025-12-03 15:43:51,mlx5_3,0.000,0.000,3.262,3.424
2025-12-03 15:43:51,mlx5_4,0.000,0.000,0.000,0.000
2025-12-03 15:43:51,mlx5_5,0.000,0.000,3.214,3.380
2025-12-03 15:43:51,mlx5_6,0.000,0.000,0.000,0.000
2025-12-03 15:43:51,mlx5_7,0.000,0.000,0.000,0.000
2025-12-03 15:43:51,mlx5_8,0.000,0.000,3.213,3.386
2025-12-03 15:43:51,mlx5_9,0.000,0.000,0.000,0.000
2025-12-03 15:43:51,TOTAL,0.000,0.000,12.930,13.592
2025-12-03 15:43:52,mlx5_0,0.000,0.000,0.000,0.000
2025-12-03 15:43:52,mlx5_1,0.000,0.000,3.241,3.402
2025-12-03 15:43:52,mlx5_2,0.000,0.000,0.000,0.000
2025-12-03 15:43:52,mlx5_3,0.000,0.000,3.262,3.424
2025-12-03 15:43:52,mlx5_4,0.000,0.000,0.000,0.000
2025-12-03 15:43:52,mlx5_5,0.000,0.000,3.214,3.380
2025-12-03 15:43:52,mlx5_6,0.000,0.000,0.000,0.000
2025-12-03 15:43:52,mlx5_7,0.000,0.000,0.000,0.000
2025-12-03 15:43:52,mlx5_8,0.000,0.000,3.213,3.386
2025-12-03 15:43:52,mlx5_9,0.000,0.000,0.000,0.000
2025-12-03 15:43:52,TOTAL,0.000,0.000,12.930,13.592
2025-12-03 15:43:53,mlx5_0,0.000,0.000,0.000,0.000
2025-12-03 15:43:53,mlx5_1,0.000,0.000,3.241,3.402
2025-12-03 15:43:53,mlx5_2,0.000,0.000,0.000,0.000
2025-12-03 15:43:53,mlx5_3,0.000,0.000,3.262,3.424
2025-12-03 15:43:53,mlx5_4,0.000,0.000,0.000,0.000
2025-12-03 15:43:53,mlx5_5,0.000,0.000,3.214,3.380
2025-12-03 15:43:53,mlx5_6,0.000,0.000,0.000,0.000
2025-12-03 15:43:53,mlx5_7,0.000,0.000,0.000,0.000
2025-12-03 15:43:53,mlx5_8,0.000,0.000,3.213,3.386
2025-12-03 15:43:53,mlx5_9,0.000,0.000,0.000,0.000
2025-12-03 15:43:53,TOTAL,0.000,0.000,12.930,13.592
2025-12-03 15:43:54,mlx5_0,0.000,0.000,0.000,0.000
2025-12-03 15:43:54,mlx5_1,0.000,0.000,3.241,3.402
2025-12-03 15:43:54,mlx5_2,0.000,0.000,0.000,0.000
2025-12-03 15:43:54,mlx5_3,0.000,0.000,3.262,3.424
2025-12-03 15:43:54,mlx5_4,0.000,0.000,0.000,0.000
2025-12-03 15:43:54,mlx5_5,0.000,0.000,3.214,3.380
2025-12-03 15:43:54,mlx5_6,0.000,0.000,0.000,0.000
2025-12-03 15:43:54,mlx5_7,0.000,0.000,0.000,0.000
2025-12-03 15:43:54,mlx5_8,0.000,0.000,3.213,3.386
2025-12-03 15:43:54,mlx5_9,0.000,0.000,0.000,0.000
2025-12-03 15:43:54,TOTAL,0.000,0.000,12.930,13.592
2025-12-03 15:43:55,mlx5_0,0.000,0.000,0.000,0.000
2025-12-03 15:43:55,mlx5_1,0.000,0.000,3.241,3.402
2025-12-03 15:43:55,mlx5_2,0.000,0.000,0.000,0.000
2025-12-03 15:43:55,mlx5_3,0.000,0.000,3.262,3.424
2025-12-03 15:43:55,mlx5_4,0.000,0.000,0.000,0.000
2025-12-03 15:43:55,mlx5_5,0.000,0.000,3.214,3.380
2025-12-03 15:43:55,mlx5_6,0.000,0.000,0.000,0.000
2025-12-03 15:43:55,mlx5_7,0.000,0.000,0.000,0.000
2025-12-03 15:43:55,mlx5_8,0.000,0.000,3.213,3.386
2025-12-03 15:43:55,mlx5_9,0.000,0.000,0.000,0.000
2025-12-03 15:43:55,TOTAL,0.000,0.000,12.930,13.592
2025-12-03 15:43:56,mlx5_0,0.000,0.000,0.000,0.000
2025-12-03 15:43:56,mlx5_1,0.000,0.000,3.241,3.402
2025-12-03 15:43:56,mlx5_2,0.000,0.000,0.000,0.000
2025-12-03 15:43:56,mlx5_3,0.000,0.000,3.262,3.424
2025-12-03 15:43:56,mlx5_4,0.000,0.000,0.000,0.000
2025-12-03 15:43:56,mlx5_5,0.000,0.000,3.214,3.380
2025-12-03 15:43:56,mlx5_6,0.000,0.000,0.000,0.000
2025-12-03 15:43:56,mlx5_7,0.000,0.000,0.000,0.000
2025-12-03 15:43:56,mlx5_8,0.000,0.000,3.213,3.386
2025-12-03 15:43:56,mlx5_9,0.000,0.000,0.000,0.000
2025-12-03 15:43:56,TOTAL,0.000,0.000,12.930,13.592
2025-12-03 15:43:57,mlx5_0,0.000,0.000,0.000,0.000
2025-12-03 15:43:57,mlx5_1,0.000,0.000,3.241,3.402
2025-12-03 15:43:57,mlx5_2,0.000,0.000,0.000,0.000
2025-12-03 15:43:57,mlx5_3,0.000,0.000,3.262,3.424
2025-12-03 15:43:57,mlx5_4,0.000,0.000,0.000,0.000
2025-12-03 15:43:57,mlx5_5,0.000,0.000,3.214,3.380
2025-12-03 15:43:57,mlx5_6,0.000,0.000,0.000,0.000
2025-12-03 15:43:57,mlx5_7,0.000,0.000,0.000,0.000
2025-12-03 15:43:57,mlx5_8,0.000,0.000,3.213,3.386
2025-12-03 15:43:57,mlx5_9,0.000,0.000,0.000,0.000
2025-12-03 15:43:57,TOTAL,0.000,0.000,12.930,13.592
2025-12-03 15:43:58,mlx5_0,0.000,0.000,0.000,0.000
2025-12-03 15:43:58,mlx5_1,0.000,0.000,3.241,3.402
2025-12-03 15:43:58,mlx5_2,0.000,0.000,0.000,0.000
2025-12-03 15:43:58,mlx5_3,0.000,0.000,3.262,3.424
2025-12-03 15:43:58,mlx5_4,0.000,0.000,0.000,0.000
2025-12-03 15:43:58,mlx5_5,0.000,0.000,3.214,3.380
2025-12-03 15:43:58,mlx5_6,0.000,0.000,0.000,0.000
2025-12-03 15:43:58,mlx5_7,0.000,0.000,0.000,0.000
2025-12-03 15:43:58,mlx5_8,0.000,0.000,3.213,3.386
2025-12-03 15:43:58,mlx5_9,0.000,0.000,0.000,0.000
2025-12-03 15:43:58,TOTAL,0.000,0.000,12.930,13.592
2025-12-03 15:43:59,mlx5_0,0.000,0.000,0.000,0.000
2025-12-03 15:43:59,mlx5_1,0.000,0.000,3.241,3.402
2025-12-03 15:43:59,mlx5_2,0.000,0.000,0.000,0.000
2025-12-03 15:43:59,mlx5_3,0.000,0.000,3.262,3.424
2025-12-03 15:43:59,mlx5_4,0.000,0.000,0.000,0.000
2025-12-03 15:43:59,mlx5_5,0.000,0.000,3.214,3.380
2025-12-03 15:43:59,mlx5_6,0.000,0.000,0.000,0.000
2025-12-03 15:43:59,mlx5_7,0.000,0.000,0.000,0.000
2025-12-03 15:43:59,mlx5_8,0.000,0.000,3.213,3.386
2025-12-03 15:43:59,mlx5_9,0.000,0.000,0.000,0.000
2025-12-03 15:43:59,TOTAL,0.000,0.000,12.930,13.592
2025-12-03 15:44:00,mlx5_0,0.000,0.000,0.000,0.000
2025-12-03 15:44:00,mlx5_1,0.006,2.853,3.241,3.760
2025-12-03 15:44:00,mlx5_2,0.000,0.000,0.000,0.000
2025-12-03 15:44:00,mlx5_3,0.005,2.830,3.262,3.779
2025-12-03 15:44:00,mlx5_4,0.000,0.000,0.000,0.000
2025-12-03 15:44:00,mlx5_5,0.005,2.766,3.215,3.727
2025-12-03 15:44:00,mlx5_6,0.000,0.000,0.000,0.000
2025-12-03 15:44:00,mlx5_7,0.000,0.000,0.000,0.000
2025-12-03 15:44:00,mlx5_8,0.005,2.744,3.214,3.730
2025-12-03 15:44:00,mlx5_9,0.000,0.000,0.000,0.000
2025-12-03 15:44:00,TOTAL,0.021,11.193,12.932,14.997
2025-12-03 15:44:01,mlx5_0,0.000,0.000,0.000,0.000
2025-12-03 15:44:01,mlx5_1,0.033,17.372,3.245,5.944
2025-12-03 15:44:01,mlx5_2,0.000,0.000,0.000,0.000
2025-12-03 15:44:01,mlx5_3,0.029,16.975,3.266,5.913
2025-12-03 15:44:01,mlx5_4,0.000,0.000,0.000,0.000
2025-12-03 15:44:01,mlx5_5,0.029,16.886,3.219,5.850
2025-12-03 15:44:01,mlx5_6,0.000,0.000,0.000,0.000
2025-12-03 15:44:01,mlx5_7,0.000,0.000,0.000,0.000
2025-12-03 15:44:01,mlx5_8,0.033,16.674,3.218,5.827
2025-12-03 15:44:01,mlx5_9,0.000,0.000,0.000,0.000
2025-12-03 15:44:01,TOTAL,0.124,67.907,12.948,23.534
2025-12-03 15:44:02,mlx5_0,0.000,0.000,0.000,0.000
2025-12-03 15:44:02,mlx5_1,0.000,0.000,3.245,5.944
2025-12-03 15:44:02,mlx5_2,0.000,0.000,0.000,0.000
2025-12-03 15:44:02,mlx5_3,0.000,0.000,3.266,5.913
2025-12-03 15:44:02,mlx5_4,0.000,0.000,0.000,0.000
2025-12-03 15:44:02,mlx5_5,0.000,0.000,3.219,5.850
2025-12-03 15:44:02,mlx5_6,0.000,0.000,0.000,0.000
2025-12-03 15:44:02,mlx5_7,0.000,0.000,0.000,0.000
2025-12-03 15:44:02,mlx5_8,0.000,0.000,3.218,5.827
2025-12-03 15:44:02,mlx5_9,0.000,0.000,0.000,0.000
2025-12-03 15:44:02,TOTAL,0.000,0.000,12.948,23.534
2025-12-03 15:44:03,mlx5_0,0.000,0.000,0.000,0.000
2025-12-03 15:44:03,mlx5_1,0.000,0.000,3.245,5.944
2025-12-03 15:44:03,mlx5_2,0.000,0.000,0.000,0.000
2025-12-03 15:44:03,mlx5_3,0.000,0.000,3.266,5.913
2025-12-03 15:44:03,mlx5_4,0.000,0.000,0.000,0.000
2025-12-03 15:44:03,mlx5_5,0.000,0.000,3.219,5.850
2025-12-03 15:44:03,mlx5_6,0.000,0.000,0.000,0.000
2025-12-03 15:44:03,mlx5_7,0.000,0.000,0.000,0.000
2025-12-03 15:44:03,mlx5_8,0.000,0.000,3.218,5.827
2025-12-03 15:44:03,mlx5_9,0.000,0.000,0.000,0.000
2025-12-03 15:44:03,TOTAL,0.000,0.000,12.948,23.534
2025-12-03 15:44:04,mlx5_0,0.000,0.000,0.000,0.000
2025-12-03 15:44:04,mlx5_1,0.000,0.000,3.245,5.944
2025-12-03 15:44:04,mlx5_2,0.000,0.000,0.000,0.000
2025-12-03 15:44:04,mlx5_3,0.000,0.000,3.266,5.913
2025-12-03 15:44:04,mlx5_4,0.000,0.000,0.000,0.000
2025-12-03 15:44:04,mlx5_5,0.000,0.000,3.219,5.850
2025-12-03 15:44:04,mlx5_6,0.000,0.000,0.000,0.000
2025-12-03 15:44:04,mlx5_7,0.000,0.000,0.000,0.000
2025-12-03 15:44:04,mlx5_8,0.000,0.000,3.218,5.827
2025-12-03 15:44:04,mlx5_9,0.000,0.000,0.000,0.000
2025-12-03 15:44:04,TOTAL,0.000,0.000,12.948,23.534
2025-12-03 15:44:05,mlx5_0,0.000,0.000,0.000,0.000
2025-12-03 15:44:05,mlx5_1,0.000,0.000,3.245,5.944
2025-12-03 15:44:05,mlx5_2,0.000,0.000,0.000,0.000
2025-12-03 15:44:05,mlx5_3,0.000,0.000,3.266,5.913
2025-12-03 15:44:05,mlx5_4,0.000,0.000,0.000,0.000
2025-12-03 15:44:05,mlx5_5,0.000,0.000,3.219,5.850
2025-12-03 15:44:05,mlx5_6,0.000,0.000,0.000,0.000
2025-12-03 15:44:05,mlx5_7,0.000,0.000,0.000,0.000
2025-12-03 15:44:05,mlx5_8,0.000,0.000,3.218,5.827
2025-12-03 15:44:05,mlx5_9,0.000,0.000,0.000,0.000
2025-12-03 15:44:05,TOTAL,0.000,0.000,12.948,23.534
2025-12-03 15:44:06,mlx5_0,0.000,0.000,0.000,0.000
2025-12-03 15:44:06,mlx5_1,0.000,0.000,3.245,5.944
2025-12-03 15:44:06,mlx5_2,0.000,0.000,0.000,0.000
2025-12-03 15:44:06,mlx5_3,0.000,0.000,3.266,5.913
2025-12-03 15:44:06,mlx5_4,0.000,0.000,0.000,0.000
2025-12-03 15:44:06,mlx5_5,0.000,0.000,3.219,5.850
2025-12-03 15:44:06,mlx5_6,0.000,0.000,0.000,0.000
2025-12-03 15:44:06,mlx5_7,0.000,0.000,0.000,0.000
2025-12-03 15:44:06,mlx5_8,0.000,0.000,3.218,5.827
2025-12-03 15:44:06,mlx5_9,0.000,0.000,0.000,0.000
2025-12-03 15:44:06,TOTAL,0.000,0.000,12.948,23.534
2025-12-03 15:44:07,mlx5_0,0.000,0.000,0.000,0.000
2025-12-03 15:44:07,mlx5_1,0.000,0.000,3.245,5.944
2025-12-03 15:44:07,mlx5_2,0.000,0.000,0.000,0.000
2025-12-03 15:44:07,mlx5_3,0.000,0.000,3.266,5.913
2025-12-03 15:44:07,mlx5_4,0.000,0.000,0.000,0.000
2025-12-03 15:44:07,mlx5_5,0.000,0.000,3.219,5.850
2025-12-03 15:44:07,mlx5_6,0.000,0.000,0.000,0.000
2025-12-03 15:44:07,mlx5_7,0.000,0.000,0.000,0.000
2025-12-03 15:44:07,mlx5_8,0.000,0.000,3.218,5.827
2025-12-03 15:44:07,mlx5_9,0.000,0.000,0.000,0.000
2025-12-03 15:44:07,TOTAL,0.000,0.000,12.948,23.534
2025-12-03 15:44:08,mlx5_0,0.000,0.000,0.000,0.000
2025-12-03 15:44:08,mlx5_1,0.000,0.000,3.245,5.944
2025-12-03 15:44:08,mlx5_2,0.000,0.000,0.000,0.000
2025-12-03 15:44:08,mlx5_3,0.000,0.000,3.266,5.913
2025-12-03 15:44:08,mlx5_4,0.000,0.000,0.000,0.000
2025-12-03 15:44:08,mlx5_5,0.000,0.000,3.219,5.850
2025-12-03 15:44:08,mlx5_6,0.000,0.000,0.000,0.000
2025-12-03 15:44:08,mlx5_7,0.000,0.000,0.000,0.000
2025-12-03 15:44:08,mlx5_8,0.000,0.000,3.218,5.827
2025-12-03 15:44:08,mlx5_9,0.000,0.000,0.000,0.000
2025-12-03 15:44:08,TOTAL,0.000,0.000,12.948,23.534
2025-12-03 15:44:09,mlx5_0,0.000,0.000,0.000,0.000
2025-12-03 15:44:09,mlx5_1,0.000,0.000,3.245,5.944
2025-12-03 15:44:09,mlx5_2,0.000,0.000,0.000,0.000
2025-12-03 15:44:09,mlx5_3,0.000,0.000,3.266,5.913
2025-12-03 15:44:09,mlx5_4,0.000,0.000,0.000,0.000
2025-12-03 15:44:09,mlx5_5,0.000,0.000,3.219,5.850
2025-12-03 15:44:09,mlx5_6,0.000,0.000,0.000,0.000
2025-12-03 15:44:09,mlx5_7,0.000,0.000,0.000,0.000
2025-12-03 15:44:09,mlx5_8,0.000,0.000,3.218,5.827
2025-12-03 15:44:09,mlx5_9,0.000,0.000,0.000,0.000
2025-12-03 15:44:09,TOTAL,0.000,0.000,12.948,23.534
2025-12-03 15:44:10,mlx5_0,0.000,0.000,0.000,0.000
2025-12-03 15:44:10,mlx5_1,0.000,0.000,3.245,5.944
2025-12-03 15:44:10,mlx5_2,0.000,0.000,0.000,0.000
2025-12-03 15:44:10,mlx5_3,0.000,0.000,3.266,5.913
2025-12-03 15:44:10,mlx5_4,0.000,0.000,0.000,0.000
2025-12-03 15:44:10,mlx5_5,0.000,0.000,3.219,5.850
2025-12-03 15:44:10,mlx5_6,0.000,0.000,0.000,0.000
2025-12-03 15:44:10,mlx5_7,0.000,0.000,0.000,0.000
2025-12-03 15:44:10,mlx5_8,0.000,0.000,3.218,5.827
2025-12-03 15:44:10,mlx5_9,0.000,0.000,0.000,0.000
2025-12-03 15:44:10,TOTAL,0.000,0.000,12.948,23.534
2025-12-03 15:44:11,mlx5_0,0.000,0.000,0.000,0.000
2025-12-03 15:44:11,mlx5_1,0.000,0.000,3.245,5.944
2025-12-03 15:44:11,mlx5_2,0.000,0.000,0.000,0.000
2025-12-03 15:44:11,mlx5_3,0.000,0.000,3.266,5.913
2025-12-03 15:44:11,mlx5_4,0.000,0.000,0.000,0.000
2025-12-03 15:44:11,mlx5_5,0.000,0.000,3.219,5.850
2025-12-03 15:44:11,mlx5_6,0.000,0.000,0.000,0.000
2025-12-03 15:44:11,mlx5_7,0.000,0.000,0.000,0.000
2025-12-03 15:44:11,mlx5_8,0.000,0.000,3.218,5.827
2025-12-03 15:44:11,mlx5_9,0.000,0.000,0.000,0.000
2025-12-03 15:44:11,TOTAL,0.000,0.000,12.948,23.534
2025-12-03 15:44:12,mlx5_0,0.000,0.000,0.000,0.000
2025-12-03 15:44:12,mlx5_1,0.000,0.000,3.245,5.944
2025-12-03 15:44:12,mlx5_2,0.000,0.000,0.000,0.000
2025-12-03 15:44:12,mlx5_3,0.000,0.000,3.266,5.913
2025-12-03 15:44:12,mlx5_4,0.000,0.000,0.000,0.000
2025-12-03 15:44:12,mlx5_5,0.000,0.000,3.219,5.850
2025-12-03 15:44:12,mlx5_6,0.000,0.000,0.000,0.000
2025-12-03 15:44:12,mlx5_7,0.000,0.000,0.000,0.000
2025-12-03 15:44:12,mlx5_8,0.000,0.000,3.218,5.827
2025-12-03 15:44:12,mlx5_9,0.000,0.000,0.000,0.000
2025-12-03 15:44:12,TOTAL,0.000,0.000,12.948,23.534
2025-12-03 15:44:13,mlx5_0,0.000,0.000,0.000,0.000
2025-12-03 15:44:13,mlx5_1,0.000,0.000,3.245,5.944
2025-12-03 15:44:13,mlx5_2,0.000,0.000,0.000,0.000
2025-12-03 15:44:13,mlx5_3,0.000,0.000,3.266,5.913
2025-12-03 15:44:13,mlx5_4,0.000,0.000,0.000,0.000
2025-12-03 15:44:13,mlx5_5,0.000,0.000,3.219,5.850
2025-12-03 15:44:13,mlx5_6,0.000,0.000,0.000,0.000
2025-12-03 15:44:13,mlx5_7,0.000,0.000,0.000,0.000
2025-12-03 15:44:13,mlx5_8,0.000,0.000,3.218,5.827
2025-12-03 15:44:13,mlx5_9,0.000,0.000,0.000,0.000
2025-12-03 15:44:13,TOTAL,0.000,0.000,12.948,23.534
2025-12-03 15:44:14,mlx5_0,0.000,0.000,0.000,0.000
2025-12-03 15:44:14,mlx5_1,0.000,0.000,3.245,5.944
2025-12-03 15:44:14,mlx5_2,0.000,0.000,0.000,0.000
2025-12-03 15:44:14,mlx5_3,0.000,0.000,3.266,5.913
2025-12-03 15:44:14,mlx5_4,0.000,0.000,0.000,0.000
2025-12-03 15:44:14,mlx5_5,0.000,0.000,3.219,5.850
2025-12-03 15:44:14,mlx5_6,0.000,0.000,0.000,0.000
2025-12-03 15:44:14,mlx5_7,0.000,0.000,0.000,0.000
2025-12-03 15:44:14,mlx5_8,0.000,0.000,3.218,5.827
2025-12-03 15:44:14,mlx5_9,0.000,0.000,0.000,0.000
2025-12-03 15:44:14,TOTAL,0.000,0.000,12.948,23.534
2025-12-03 15:44:15,mlx5_0,0.000,0.000,0.000,0.000
2025-12-03 15:44:15,mlx5_1,0.001,0.536,3.246,6.012
2025-12-03 15:44:15,mlx5_2,0.000,0.000,0.000,0.000
2025-12-03 15:44:15,mlx5_3,0.001,0.590,3.266,5.987
2025-12-03 15:44:15,mlx5_4,0.000,0.000,0.000,0.000
2025-12-03 15:44:15,mlx5_5,0.001,0.640,3.219,5.930
2025-12-03 15:44:15,mlx5_6,0.000,0.000,0.000,0.000
2025-12-03 15:44:15,mlx5_7,0.000,0.000,0.000,0.000
2025-12-03 15:44:15,mlx5_8,0.001,0.568,3.218,5.898
2025-12-03 15:44:15,mlx5_9,0.000,0.000,0.000,0.000
2025-12-03 15:44:15,TOTAL,0.005,2.335,12.948,23.827
2025-12-03 15:44:16,mlx5_0,0.000,0.000,0.000,0.000
2025-12-03 15:44:16,mlx5_1,10.920,0.015,4.618,6.014
2025-12-03 15:44:16,mlx5_2,0.000,0.000,0.000,0.000
2025-12-03 15:44:16,mlx5_3,10.754,0.016,4.617,5.989
2025-12-03 15:44:16,mlx5_4,0.000,0.000,0.000,0.000
2025-12-03 15:44:16,mlx5_5,10.713,0.016,4.565,5.932
2025-12-03 15:44:16,mlx5_6,0.000,0.000,0.000,0.000
2025-12-03 15:44:16,mlx5_7,0.000,0.000,0.000,0.000
2025-12-03 15:44:16,mlx5_8,10.707,0.015,4.563,5.900
2025-12-03 15:44:16,mlx5_9,0.000,0.000,0.000,0.000
2025-12-03 15:44:16,TOTAL,43.095,0.063,18.363,23.835
2025-12-03 15:44:17,mlx5_0,0.000,0.000,0.000,0.000
2025-12-03 15:44:17,mlx5_1,0.043,12.115,4.623,7.535
2025-12-03 15:44:17,mlx5_2,0.000,0.000,0.000,0.000
2025-12-03 15:44:17,mlx5_3,0.031,12.076,4.621,7.506
2025-12-03 15:44:17,mlx5_4,0.000,0.000,0.000,0.000
2025-12-03 15:44:17,mlx5_5,0.024,11.926,4.568,7.430
2025-12-03 15:44:17,mlx5_6,0.000,0.000,0.000,0.000
2025-12-03 15:44:17,mlx5_7,0.000,0.000,0.000,0.000
2025-12-03 15:44:17,mlx5_8,0.029,11.844,4.567,7.388
2025-12-03 15:44:17,mlx5_9,0.000,0.000,0.000,0.000
2025-12-03 15:44:17,TOTAL,0.127,47.962,18.379,29.859
2025-12-03 15:44:18,mlx5_0,0.000,0.000,0.000,0.000
2025-12-03 15:44:18,mlx5_1,8.918,0.545,5.743,7.604
2025-12-03 15:44:18,mlx5_2,0.000,0.000,0.000,0.000
2025-12-03 15:44:18,mlx5_3,8.744,0.601,5.719,7.581
2025-12-03 15:44:18,mlx5_4,0.000,0.000,0.000,0.000
2025-12-03 15:44:18,mlx5_5,8.667,0.619,5.656,7.508
2025-12-03 15:44:18,mlx5_6,0.000,0.000,0.000,0.000
2025-12-03 15:44:18,mlx5_7,0.000,0.000,0.000,0.000
2025-12-03 15:44:18,mlx5_8,8.582,0.622,5.644,7.466
2025-12-03 15:44:18,mlx5_9,0.000,0.000,0.000,0.000
2025-12-03 15:44:18,TOTAL,34.912,2.386,22.762,30.158
2025-12-03 15:44:19,mlx5_0,0.000,0.000,0.000,0.000
2025-12-03 15:44:19,mlx5_1,9.573,0.659,6.945,7.687
2025-12-03 15:44:19,mlx5_2,0.000,0.000,0.000,0.000
2025-12-03 15:44:19,mlx5_3,9.583,0.574,6.922,7.653
2025-12-03 15:44:19,mlx5_4,0.000,0.000,0.000,0.000
2025-12-03 15:44:19,mlx5_5,9.675,0.575,6.871,7.580
2025-12-03 15:44:19,mlx5_6,0.000,0.000,0.000,0.000
2025-12-03 15:44:19,mlx5_7,0.000,0.000,0.000,0.000
2025-12-03 15:44:19,mlx5_8,9.650,0.583,6.856,7.539
2025-12-03 15:44:19,mlx5_9,0.000,0.000,0.000,0.000
2025-12-03 15:44:19,TOTAL,38.481,2.392,27.593,30.459
2025-12-03 15:44:20,mlx5_0,0.000,0.000,0.000,0.000
2025-12-03 15:44:20,mlx5_1,8.947,0.620,8.068,7.764
2025-12-03 15:44:20,mlx5_2,0.000,0.000,0.000,0.000
2025-12-03 15:44:20,mlx5_3,9.077,0.613,8.062,7.730
2025-12-03 15:44:20,mlx5_4,0.000,0.000,0.000,0.000
2025-12-03 15:44:20,mlx5_5,9.081,0.601,8.011,7.656
2025-12-03 15:44:20,mlx5_6,0.000,0.000,0.000,0.000
2025-12-03 15:44:20,mlx5_7,0.000,0.000,0.000,0.000
2025-12-03 15:44:20,mlx5_8,9.045,0.554,7.992,7.608
2025-12-03 15:44:20,mlx5_9,0.000,0.000,0.000,0.000
2025-12-03 15:44:20,TOTAL,36.150,2.389,32.133,30.759
2025-12-03 15:44:21,mlx5_0,0.000,0.000,0.000,0.000
2025-12-03 15:44:21,mlx5_1,7.091,0.185,8.958,7.788
2025-12-03 15:44:21,mlx5_2,0.000,0.000,0.000,0.000
2025-12-03 15:44:21,mlx5_3,6.960,0.226,8.936,7.758
2025-12-03 15:44:21,mlx5_4,0.000,0.000,0.000,0.000
2025-12-03 15:44:21,mlx5_5,7.209,0.239,8.916,7.686
2025-12-03 15:44:21,mlx5_6,0.000,0.000,0.000,0.000
2025-12-03 15:44:21,mlx5_7,0.000,0.000,0.000,0.000
2025-12-03 15:44:21,mlx5_8,7.028,0.250,8.874,7.640
2025-12-03 15:44:21,mlx5_9,0.000,0.000,0.000,0.000
2025-12-03 15:44:21,TOTAL,28.287,0.899,35.684,30.871
2025-12-03 15:44:22,mlx5_0,0.000,0.000,0.000,0.000
2025-12-03 15:44:22,mlx5_1,4.535,0.363,9.528,7.833
2025-12-03 15:44:22,mlx5_2,0.000,0.000,0.000,0.000
2025-12-03 15:44:22,mlx5_3,4.546,0.419,9.506,7.811
2025-12-03 15:44:22,mlx5_4,0.000,0.000,0.000,0.000
2025-12-03 15:44:22,mlx5_5,4.624,0.329,9.497,7.727
2025-12-03 15:44:22,mlx5_6,0.000,0.000,0.000,0.000
2025-12-03 15:44:22,mlx5_7,0.000,0.000,0.000,0.000
2025-12-03 15:44:22,mlx5_8,4.529,0.392,9.443,7.689
2025-12-03 15:44:22,mlx5_9,0.000,0.000,0.000,0.000
2025-12-03 15:44:22,TOTAL,18.234,1.504,37.973,31.060
2025-12-03 15:44:23,mlx5_0,0.000,0.000,0.000,0.000
2025-12-03 15:44:23,mlx5_1,7.183,0.566,10.429,7.904
2025-12-03 15:44:23,mlx5_2,0.000,0.000,0.000,0.000
2025-12-03 15:44:23,mlx5_3,7.075,0.641,10.395,7.892
2025-12-03 15:44:23,mlx5_4,0.000,0.000,0.000,0.000
2025-12-03 15:44:23,mlx5_5,6.936,0.570,10.367,7.798
2025-12-03 15:44:23,mlx5_6,0.000,0.000,0.000,0.000
2025-12-03 15:44:23,mlx5_7,0.000,0.000,0.000,0.000
2025-12-03 15:44:23,mlx5_8,6.924,0.602,10.312,7.765
2025-12-03 15:44:23,mlx5_9,0.000,0.000,0.000,0.000
2025-12-03 15:44:23,TOTAL,28.118,2.379,41.503,31.359
2025-12-03 15:44:24,mlx5_0,0.000,0.000,0.000,0.000
2025-12-03 15:44:24,mlx5_1,9.691,0.591,11.646,7.978
2025-12-03 15:44:24,mlx5_2,0.000,0.000,0.000,0.000
2025-12-03 15:44:24,mlx5_3,9.662,0.594,11.607,7.966
2025-12-03 15:44:24,mlx5_4,0.000,0.000,0.000,0.000
2025-12-03 15:44:24,mlx5_5,9.673,0.605,11.581,7.874
2025-12-03 15:44:24,mlx5_6,0.000,0.000,0.000,0.000
2025-12-03 15:44:24,mlx5_7,0.000,0.000,0.000,0.000
2025-12-03 15:44:24,mlx5_8,9.460,0.602,11.499,7.840
2025-12-03 15:44:24,mlx5_9,0.000,0.000,0.000,0.000
2025-12-03 15:44:24,TOTAL,38.485,2.393,46.334,31.659
2025-12-03 15:44:25,mlx5_0,0.000,0.000,0.000,0.000
2025-12-03 15:44:25,mlx5_1,9.009,0.013,12.777,7.980
2025-12-03 15:44:25,mlx5_2,0.000,0.000,0.000,0.000
2025-12-03 15:44:25,mlx5_3,8.981,0.014,12.735,7.968
2025-12-03 15:44:25,mlx5_4,0.000,0.000,0.000,0.000
2025-12-03 15:44:25,mlx5_5,9.103,0.014,12.724,7.876
2025-12-03 15:44:25,mlx5_6,0.000,0.000,0.000,0.000
2025-12-03 15:44:25,mlx5_7,0.000,0.000,0.000,0.000
2025-12-03 15:44:25,mlx5_8,9.055,0.013,12.636,7.842
2025-12-03 15:44:25,mlx5_9,0.000,0.000,0.000,0.000
2025-12-03 15:44:25,TOTAL,36.149,0.053,50.873,31.666
2025-12-03 15:44:26,mlx5_0,0.000,0.000,0.000,0.000
2025-12-03 15:44:26,mlx5_1,9.367,0.645,13.953,8.061
2025-12-03 15:44:26,mlx5_2,0.000,0.000,0.000,0.000
2025-12-03 15:44:26,mlx5_3,9.357,0.590,13.909,8.042
2025-12-03 15:44:26,mlx5_4,0.000,0.000,0.000,0.000
2025-12-03 15:44:26,mlx5_5,9.292,0.610,13.891,7.953
2025-12-03 15:44:26,mlx5_6,0.000,0.000,0.000,0.000
2025-12-03 15:44:26,mlx5_7,0.000,0.000,0.000,0.000
2025-12-03 15:44:26,mlx5_8,9.237,0.546,13.796,7.910
2025-12-03 15:44:26,mlx5_9,0.000,0.000,0.000,0.000
2025-12-03 15:44:26,TOTAL,37.254,2.391,55.549,31.966
2025-12-03 15:44:27,mlx5_0,0.000,0.000,0.000,0.000
2025-12-03 15:44:27,mlx5_1,9.834,0.586,15.189,8.135
2025-12-03 15:44:27,mlx5_2,0.000,0.000,0.000,0.000
2025-12-03 15:44:27,mlx5_3,9.592,0.597,15.115,8.117
2025-12-03 15:44:27,mlx5_4,0.000,0.000,0.000,0.000
2025-12-03 15:44:27,mlx5_5,9.618,0.658,15.100,8.035
2025-12-03 15:44:27,mlx5_6,0.000,0.000,0.000,0.000
2025-12-03 15:44:27,mlx5_7,0.000,0.000,0.000,0.000
2025-12-03 15:44:27,mlx5_8,9.688,0.550,15.013,7.979
2025-12-03 15:44:27,mlx5_9,0.000,0.000,0.000,0.000
2025-12-03 15:44:27,TOTAL,38.733,2.390,60.417,32.266
2025-12-03 15:44:28,mlx5_0,0.000,0.000,0.000,0.000
2025-12-03 15:44:28,mlx5_1,8.935,0.568,16.312,8.206
2025-12-03 15:44:28,mlx5_2,0.000,0.000,0.000,0.000
2025-12-03 15:44:28,mlx5_3,8.952,0.644,16.240,8.198
2025-12-03 15:44:28,mlx5_4,0.000,0.000,0.000,0.000
2025-12-03 15:44:28,mlx5_5,9.007,0.546,16.232,8.104
2025-12-03 15:44:28,mlx5_6,0.000,0.000,0.000,0.000
2025-12-03 15:44:28,mlx5_7,0.000,0.000,0.000,0.000
2025-12-03 15:44:28,mlx5_8,8.962,0.628,16.140,8.058
2025-12-03 15:44:28,mlx5_9,0.000,0.000,0.000,0.000
2025-12-03 15:44:28,TOTAL,35.856,2.386,64.924,32.566
2025-12-03 15:44:29,mlx5_0,0.000,0.000,0.000,0.000
2025-12-03 15:44:29,mlx5_1,9.831,0.538,17.548,8.274
2025-12-03 15:44:29,mlx5_2,0.000,0.000,0.000,0.000
2025-12-03 15:44:29,mlx5_3,9.531,0.572,17.438,8.270
2025-12-03 15:44:29,mlx5_4,0.000,0.000,0.000,0.000
2025-12-03 15:44:29,mlx5_5,9.514,0.679,17.428,8.189
2025-12-03 15:44:29,mlx5_6,0.000,0.000,0.000,0.000
2025-12-03 15:44:29,mlx5_7,0.000,0.000,0.000,0.000
2025-12-03 15:44:29,mlx5_8,9.561,0.601,17.342,8.134
2025-12-03 15:44:29,mlx5_9,0.000,0.000,0.000,0.000
2025-12-03 15:44:29,TOTAL,38.437,2.389,69.755,32.867
2025-12-03 15:44:30,mlx5_0,0.000,0.000,0.000,0.000
2025-12-03 15:44:30,mlx5_1,7.566,0.393,18.499,8.323
2025-12-03 15:44:30,mlx5_2,0.000,0.000,0.000,0.000
2025-12-03 15:44:30,mlx5_3,7.644,0.301,18.399,8.308
2025-12-03 15:44:30,mlx5_4,0.000,0.000,0.000,0.000
2025-12-03 15:44:30,mlx5_5,7.710,0.361,18.397,8.235
2025-12-03 15:44:30,mlx5_6,0.000,0.000,0.000,0.000
2025-12-03 15:44:30,mlx5_7,0.000,0.000,0.000,0.000
2025-12-03 15:44:30,mlx5_8,7.611,0.327,18.298,8.175
2025-12-03 15:44:30,mlx5_9,0.000,0.000,0.000,0.000
2025-12-03 15:44:30,TOTAL,30.530,1.382,73.593,33.040
2025-12-03 15:44:31,mlx5_0,0.000,0.000,0.000,0.000
2025-12-03 15:44:31,mlx5_1,3.616,0.284,18.953,8.359
2025-12-03 15:44:31,mlx5_2,0.000,0.000,0.000,0.000
2025-12-03 15:44:31,mlx5_3,3.672,0.276,18.861,8.342
2025-12-03 15:44:31,mlx5_4,0.000,0.000,0.000,0.000
2025-12-03 15:44:31,mlx5_5,3.485,0.234,18.835,8.264
2025-12-03 15:44:31,mlx5_6,0.000,0.000,0.000,0.000
2025-12-03 15:44:31,mlx5_7,0.000,0.000,0.000,0.000
2025-12-03 15:44:31,mlx5_8,3.632,0.223,18.755,8.203
2025-12-03 15:44:31,mlx5_9,0.000,0.000,0.000,0.000
2025-12-03 15:44:31,TOTAL,14.406,1.017,75.403,33.168
2025-12-03 15:44:32,mlx5_0,0.000,0.000,0.000,0.000
2025-12-03 15:44:32,mlx5_1,7.540,0.513,19.901,8.423
2025-12-03 15:44:32,mlx5_2,0.000,0.000,0.000,0.000
2025-12-03 15:44:32,mlx5_3,7.356,0.600,19.785,8.418
2025-12-03 15:44:32,mlx5_4,0.000,0.000,0.000,0.000
2025-12-03 15:44:32,mlx5_5,7.358,0.702,19.759,8.352
2025-12-03 15:44:32,mlx5_6,0.000,0.000,0.000,0.000
2025-12-03 15:44:32,mlx5_7,0.000,0.000,0.000,0.000
2025-12-03 15:44:32,mlx5_8,7.370,0.562,19.681,8.274
2025-12-03 15:44:32,mlx5_9,0.000,0.000,0.000,0.000
2025-12-03 15:44:32,TOTAL,29.624,2.378,79.126,33.467
2025-12-03 15:44:33,mlx5_0,0.000,0.000,0.000,0.000
2025-12-03 15:44:33,mlx5_1,9.059,0.013,21.039,8.425
2025-12-03 15:44:33,mlx5_2,0.000,0.000,0.000,0.000
2025-12-03 15:44:33,mlx5_3,8.994,0.013,20.915,8.419
2025-12-03 15:44:33,mlx5_4,0.000,0.000,0.000,0.000
2025-12-03 15:44:33,mlx5_5,9.133,0.013,20.907,8.354
2025-12-03 15:44:33,mlx5_6,0.000,0.000,0.000,0.000
2025-12-03 15:44:33,mlx5_7,0.000,0.000,0.000,0.000
2025-12-03 15:44:33,mlx5_8,8.926,0.013,20.803,8.275
2025-12-03 15:44:33,mlx5_9,0.000,0.000,0.000,0.000
2025-12-03 15:44:33,TOTAL,36.112,0.053,83.665,33.473
2025-12-03 15:44:34,mlx5_0,0.000,0.000,0.000,0.000
2025-12-03 15:44:34,mlx5_1,9.222,0.619,22.198,8.503
2025-12-03 15:44:34,mlx5_2,0.000,0.000,0.000,0.000
2025-12-03 15:44:34,mlx5_3,9.290,0.586,22.083,8.493
2025-12-03 15:44:34,mlx5_4,0.000,0.000,0.000,0.000
2025-12-03 15:44:34,mlx5_5,9.256,0.608,22.071,8.430
2025-12-03 15:44:34,mlx5_6,0.000,0.000,0.000,0.000
2025-12-03 15:44:34,mlx5_7,0.000,0.000,0.000,0.000
2025-12-03 15:44:34,mlx5_8,9.427,0.575,21.988,8.348
2025-12-03 15:44:34,mlx5_9,0.000,0.000,0.000,0.000
2025-12-03 15:44:34,TOTAL,37.195,2.388,88.341,33.774
2025-12-03 15:44:35,mlx5_0,0.000,0.000,0.000,0.000
2025-12-03 15:44:35,mlx5_1,9.743,0.577,23.423,8.575
2025-12-03 15:44:35,mlx5_2,0.000,0.000,0.000,0.000
2025-12-03 15:44:35,mlx5_3,9.561,0.608,23.285,8.570
2025-12-03 15:44:35,mlx5_4,0.000,0.000,0.000,0.000
2025-12-03 15:44:35,mlx5_5,9.600,0.586,23.278,8.504
2025-12-03 15:44:35,mlx5_6,0.000,0.000,0.000,0.000
2025-12-03 15:44:35,mlx5_7,0.000,0.000,0.000,0.000
2025-12-03 15:44:35,mlx5_8,9.533,0.619,23.186,8.425
2025-12-03 15:44:35,mlx5_9,0.000,0.000,0.000,0.000
2025-12-03 15:44:35,TOTAL,38.437,2.390,93.172,34.074
2025-12-03 15:44:36,mlx5_0,0.000,0.000,0.000,0.000
2025-12-03 15:44:36,mlx5_1,9.036,0.582,24.559,8.648
2025-12-03 15:44:36,mlx5_2,0.000,0.000,0.000,0.000
2025-12-03 15:44:36,mlx5_3,9.100,0.627,24.429,8.648
2025-12-03 15:44:36,mlx5_4,0.000,0.000,0.000,0.000
2025-12-03 15:44:36,mlx5_5,8.954,0.602,24.403,8.580
2025-12-03 15:44:36,mlx5_6,0.000,0.000,0.000,0.000
2025-12-03 15:44:36,mlx5_7,0.000,0.000,0.000,0.000
2025-12-03 15:44:36,mlx5_8,9.023,0.575,24.320,8.498
2025-12-03 15:44:36,mlx5_9,0.000,0.000,0.000,0.000
2025-12-03 15:44:36,TOTAL,36.114,2.386,97.711,34.374
2025-12-03 15:44:37,mlx5_0,0.000,0.000,0.000,0.000
2025-12-03 15:44:37,mlx5_1,9.398,0.665,25.739,8.732
2025-12-03 15:44:37,mlx5_2,0.000,0.000,0.000,0.000
2025-12-03 15:44:37,mlx5_3,9.767,0.596,25.656,8.723
2025-12-03 15:44:37,mlx5_4,0.000,0.000,0.000,0.000
2025-12-03 15:44:37,mlx5_5,9.663,0.559,25.617,8.650
2025-12-03 15:44:37,mlx5_6,0.000,0.000,0.000,0.000
2025-12-03 15:44:37,mlx5_7,0.000,0.000,0.000,0.000
2025-12-03 15:44:37,mlx5_8,9.631,0.571,25.530,8.569
2025-12-03 15:44:37,mlx5_9,0.000,0.000,0.000,0.000
2025-12-03 15:44:37,TOTAL,38.459,2.390,102.542,34.674
2025-12-03 15:44:38,mlx5_0,0.000,0.000,0.000,0.000
2025-12-03 15:44:38,mlx5_1,4.226,0.014,26.270,8.734
2025-12-03 15:44:38,mlx5_2,0.000,0.000,0.000,0.000
2025-12-03 15:44:38,mlx5_3,4.150,0.032,26.177,8.727
2025-12-03 15:44:38,mlx5_4,0.000,0.000,0.000,0.000
2025-12-03 15:44:38,mlx5_5,4.100,0.023,26.132,8.653
2025-12-03 15:44:38,mlx5_6,0.000,0.000,0.000,0.000
2025-12-03 15:44:38,mlx5_7,0.000,0.000,0.000,0.000
2025-12-03 15:44:38,mlx5_8,4.318,0.036,26.073,8.574
2025-12-03 15:44:38,mlx5_9,0.000,0.000,0.000,0.000
2025-12-03 15:44:38,TOTAL,16.794,0.105,104.652,34.687
2025-12-03 15:44:39,mlx5_0,0.000,0.000,0.000,0.000
2025-12-03 15:44:39,mlx5_1,4.864,0.595,26.881,8.808
2025-12-03 15:44:39,mlx5_2,0.000,0.000,0.000,0.000
2025-12-03 15:44:39,mlx5_3,4.925,0.569,26.796,8.799
2025-12-03 15:44:39,mlx5_4,0.000,0.000,0.000,0.000
2025-12-03 15:44:39,mlx5_5,4.832,0.550,26.739,8.722
2025-12-03 15:44:39,mlx5_6,0.000,0.000,0.000,0.000
2025-12-03 15:44:39,mlx5_7,0.000,0.000,0.000,0.000
2025-12-03 15:44:39,mlx5_8,4.713,0.568,26.665,8.645
2025-12-03 15:44:39,mlx5_9,0.000,0.000,0.000,0.000
2025-12-03 15:44:39,TOTAL,19.333,2.282,107.081,34.974
2025-12-03 15:44:40,mlx5_0,0.000,0.000,0.000,0.000
2025-12-03 15:44:40,mlx5_1,9.062,0.558,28.020,8.878
2025-12-03 15:44:40,mlx5_2,0.000,0.000,0.000,0.000
2025-12-03 15:44:40,mlx5_3,9.106,0.564,27.941,8.870
2025-12-03 15:44:40,mlx5_4,0.000,0.000,0.000,0.000
2025-12-03 15:44:40,mlx5_5,9.079,0.604,27.880,8.798
2025-12-03 15:44:40,mlx5_6,0.000,0.000,0.000,0.000
2025-12-03 15:44:40,mlx5_7,0.000,0.000,0.000,0.000
2025-12-03 15:44:40,mlx5_8,8.869,0.660,27.779,8.728
2025-12-03 15:44:40,mlx5_9,0.000,0.000,0.000,0.000
2025-12-03 15:44:40,TOTAL,36.116,2.387,111.620,35.274
2025-12-03 15:44:41,mlx5_0,0.000,0.000,0.000,0.000
2025-12-03 15:44:41,mlx5_1,9.582,0.014,29.225,8.880
2025-12-03 15:44:41,mlx5_2,0.000,0.000,0.000,0.000
2025-12-03 15:44:41,mlx5_3,9.584,0.014,29.145,8.871
2025-12-03 15:44:41,mlx5_4,0.000,0.000,0.000,0.000
2025-12-03 15:44:41,mlx5_5,9.608,0.014,29.088,8.800
2025-12-03 15:44:41,mlx5_6,0.000,0.000,0.000,0.000
2025-12-03 15:44:41,mlx5_7,0.000,0.000,0.000,0.000
2025-12-03 15:44:41,mlx5_8,9.663,0.014,28.994,8.730
2025-12-03 15:44:41,mlx5_9,0.000,0.000,0.000,0.000
2025-12-03 15:44:41,TOTAL,38.437,0.056,116.451,35.281
2025-12-03 15:44:42,mlx5_0,0.000,0.000,0.000,0.000
2025-12-03 15:44:42,mlx5_1,9.298,0.013,30.393,8.882
2025-12-03 15:44:42,mlx5_2,0.000,0.000,0.000,0.000
2025-12-03 15:44:42,mlx5_3,9.312,0.014,30.315,8.873
2025-12-03 15:44:42,mlx5_4,0.000,0.000,0.000,0.000
2025-12-03 15:44:42,mlx5_5,9.309,0.014,30.258,8.801
2025-12-03 15:44:42,mlx5_6,0.000,0.000,0.000,0.000
2025-12-03 15:44:42,mlx5_7,0.000,0.000,0.000,0.000
2025-12-03 15:44:42,mlx5_8,9.282,0.013,30.160,8.732
2025-12-03 15:44:42,mlx5_9,0.000,0.000,0.000,0.000
2025-12-03 15:44:42,TOTAL,37.201,0.054,121.126,35.288
2025-12-03 15:44:43,mlx5_0,0.000,0.000,0.000,0.000
2025-12-03 15:44:43,mlx5_1,0.000,0.000,30.393,8.882
2025-12-03 15:44:43,mlx5_2,0.000,0.000,0.000,0.000
2025-12-03 15:44:43,mlx5_3,0.000,0.000,30.315,8.873
2025-12-03 15:44:43,mlx5_4,0.000,0.000,0.000,0.000
2025-12-03 15:44:43,mlx5_5,0.000,0.000,30.258,8.801
2025-12-03 15:44:43,mlx5_6,0.000,0.000,0.000,0.000
2025-12-03 15:44:43,mlx5_7,0.000,0.000,0.000,0.000
2025-12-03 15:44:43,mlx5_8,0.000,0.000,30.160,8.732
2025-12-03 15:44:43,mlx5_9,0.000,0.000,0.000,0.000
2025-12-03 15:44:43,TOTAL,0.000,0.000,121.126,35.288
2025-12-03 15:44:44,mlx5_0,0.000,0.000,0.000,0.000
2025-12-03 15:44:44,mlx5_1,0.000,0.000,30.393,8.882
2025-12-03 15:44:44,mlx5_2,0.000,0.000,0.000,0.000
2025-12-03 15:44:44,mlx5_3,0.000,0.000,30.315,8.873
2025-12-03 15:44:44,mlx5_4,0.000,0.000,0.000,0.000
2025-12-03 15:44:44,mlx5_5,0.000,0.000,30.258,8.801
2025-12-03 15:44:44,mlx5_6,0.000,0.000,0.000,0.000
2025-12-03 15:44:44,mlx5_7,0.000,0.000,0.000,0.000
2025-12-03 15:44:44,mlx5_8,0.000,0.000,30.160,8.732
2025-12-03 15:44:44,mlx5_9,0.000,0.000,0.000,0.000
2025-12-03 15:44:44,TOTAL,0.000,0.000,121.126,35.288
2025-12-03 15:44:45,mlx5_0,0.000,0.000,0.000,0.000
2025-12-03 15:44:45,mlx5_1,0.000,0.000,30.393,8.882
2025-12-03 15:44:45,mlx5_2,0.000,0.000,0.000,0.000
2025-12-03 15:44:45,mlx5_3,0.000,0.000,30.315,8.873
2025-12-03 15:44:45,mlx5_4,0.000,0.000,0.000,0.000
2025-12-03 15:44:45,mlx5_5,0.000,0.000,30.258,8.801
2025-12-03 15:44:45,mlx5_6,0.000,0.000,0.000,0.000
2025-12-03 15:44:45,mlx5_7,0.000,0.000,0.000,0.000
2025-12-03 15:44:45,mlx5_8,0.000,0.000,30.160,8.732
2025-12-03 15:44:45,mlx5_9,0.000,0.000,0.000,0.000
2025-12-03 15:44:45,TOTAL,0.000,0.000,121.126,35.288
2025-12-03 15:44:46,mlx5_0,0.000,0.000,0.000,0.000
2025-12-03 15:44:46,mlx5_1,0.000,0.000,30.393,8.882
2025-12-03 15:44:46,mlx5_2,0.000,0.000,0.000,0.000
2025-12-03 15:44:46,mlx5_3,0.000,0.000,30.315,8.873
2025-12-03 15:44:46,mlx5_4,0.000,0.000,0.000,0.000
2025-12-03 15:44:46,mlx5_5,0.000,0.000,30.258,8.801
2025-12-03 15:44:46,mlx5_6,0.000,0.000,0.000,0.000
2025-12-03 15:44:46,mlx5_7,0.000,0.000,0.000,0.000
2025-12-03 15:44:46,mlx5_8,0.000,0.000,30.160,8.732
2025-12-03 15:44:46,mlx5_9,0.000,0.000,0.000,0.000
2025-12-03 15:44:46,TOTAL,0.000,0.000,121.126,35.288
2025-12-03 15:44:47,mlx5_0,0.000,0.000,0.000,0.000
2025-12-03 15:44:47,mlx5_1,0.000,0.000,30.393,8.882
2025-12-03 15:44:47,mlx5_2,0.000,0.000,0.000,0.000
2025-12-03 15:44:47,mlx5_3,0.000,0.000,30.315,8.873
2025-12-03 15:44:47,mlx5_4,0.000,0.000,0.000,0.000
2025-12-03 15:44:47,mlx5_5,0.000,0.000,30.258,8.801
2025-12-03 15:44:47,mlx5_6,0.000,0.000,0.000,0.000
2025-12-03 15:44:47,mlx5_7,0.000,0.000,0.000,0.000
2025-12-03 15:44:47,mlx5_8,0.000,0.000,30.160,8.732
2025-12-03 15:44:47,mlx5_9,0.000,0.000,0.000,0.000
2025-12-03 15:44:47,TOTAL,0.000,0.000,121.126,35.288
2025-12-03 15:44:48,mlx5_0,0.000,0.000,0.000,0.000
2025-12-03 15:44:48,mlx5_1,0.000,0.000,30.393,8.882
2025-12-03 15:44:48,mlx5_2,0.000,0.000,0.000,0.000
2025-12-03 15:44:48,mlx5_3,0.000,0.000,30.315,8.873
2025-12-03 15:44:48,mlx5_4,0.000,0.000,0.000,0.000
2025-12-03 15:44:48,mlx5_5,0.000,0.000,30.258,8.801
2025-12-03 15:44:48,mlx5_6,0.000,0.000,0.000,0.000
2025-12-03 15:44:48,mlx5_7,0.000,0.000,0.000,0.000
2025-12-03 15:44:48,mlx5_8,0.000,0.000,30.160,8.732
2025-12-03 15:44:48,mlx5_9,0.000,0.000,0.000,0.000
2025-12-03 15:44:48,TOTAL,0.000,0.000,121.126,35.288
2025-12-03 15:44:49,mlx5_0,0.000,0.000,0.000,0.000
2025-12-03 15:44:49,mlx5_1,0.000,0.000,30.393,8.882
2025-12-03 15:44:49,mlx5_2,0.000,0.000,0.000,0.000
2025-12-03 15:44:49,mlx5_3,0.000,0.000,30.315,8.873
2025-12-03 15:44:49,mlx5_4,0.000,0.000,0.000,0.000
2025-12-03 15:44:49,mlx5_5,0.000,0.000,30.258,8.801
2025-12-03 15:44:49,mlx5_6,0.000,0.000,0.000,0.000
2025-12-03 15:44:49,mlx5_7,0.000,0.000,0.000,0.000
2025-12-03 15:44:49,mlx5_8,0.000,0.000,30.160,8.732
2025-12-03 15:44:49,mlx5_9,0.000,0.000,0.000,0.000
2025-12-03 15:44:49,TOTAL,0.000,0.000,121.126,35.288
2025-12-03 15:44:50,mlx5_0,0.000,0.000,0.000,0.000
2025-12-03 15:44:50,mlx5_1,0.000,0.000,30.393,8.882
2025-12-03 15:44:50,mlx5_2,0.000,0.000,0.000,0.000
2025-12-03 15:44:50,mlx5_3,0.000,0.000,30.315,8.873
2025-12-03 15:44:50,mlx5_4,0.000,0.000,0.000,0.000
2025-12-03 15:44:50,mlx5_5,0.000,0.000,30.258,8.801
2025-12-03 15:44:50,mlx5_6,0.000,0.000,0.000,0.000
2025-12-03 15:44:50,mlx5_7,0.000,0.000,0.000,0.000
2025-12-03 15:44:50,mlx5_8,0.000,0.000,30.160,8.732
2025-12-03 15:44:50,mlx5_9,0.000,0.000,0.000,0.000
2025-12-03 15:44:50,TOTAL,0.000,0.000,121.126,35.288
2025-12-03 15:44:51,mlx5_0,0.000,0.000,0.000,0.000
2025-12-03 15:44:51,mlx5_1,0.000,0.000,30.393,8.882
2025-12-03 15:44:51,mlx5_2,0.000,0.000,0.000,0.000
2025-12-03 15:44:51,mlx5_3,0.000,0.000,30.315,8.873
2025-12-03 15:44:51,mlx5_4,0.000,0.000,0.000,0.000
2025-12-03 15:44:51,mlx5_5,0.000,0.000,30.258,8.801
2025-12-03 15:44:51,mlx5_6,0.000,0.000,0.000,0.000
2025-12-03 15:44:51,mlx5_7,0.000,0.000,0.000,0.000
2025-12-03 15:44:51,mlx5_8,0.000,0.000,30.160,8.732
2025-12-03 15:44:51,mlx5_9,0.000,0.000,0.000,0.000
2025-12-03 15:44:51,TOTAL,0.000,0.000,121.126,35.288
2025-12-03 15:44:52,mlx5_0,0.000,0.000,0.000,0.000
2025-12-03 15:44:52,mlx5_1,0.000,0.000,30.393,8.882
2025-12-03 15:44:52,mlx5_2,0.000,0.000,0.000,0.000
2025-12-03 15:44:52,mlx5_3,0.000,0.000,30.315,8.873
2025-12-03 15:44:52,mlx5_4,0.000,0.000,0.000,0.000
2025-12-03 15:44:52,mlx5_5,0.000,0.000,30.258,8.801
2025-12-03 15:44:52,mlx5_6,0.000,0.000,0.000,0.000
2025-12-03 15:44:52,mlx5_7,0.000,0.000,0.000,0.000
2025-12-03 15:44:52,mlx5_8,0.000,0.000,30.160,8.732
2025-12-03 15:44:52,mlx5_9,0.000,0.000,0.000,0.000
2025-12-03 15:44:52,TOTAL,0.000,0.000,121.126,35.288
2025-12-03 15:44:53,mlx5_0,0.000,0.000,0.000,0.000
2025-12-03 15:44:53,mlx5_1,0.000,0.000,30.393,8.882
2025-12-03 15:44:53,mlx5_2,0.000,0.000,0.000,0.000
2025-12-03 15:44:53,mlx5_3,0.000,0.000,30.315,8.873
2025-12-03 15:44:53,mlx5_4,0.000,0.000,0.000,0.000
2025-12-03 15:44:53,mlx5_5,0.000,0.000,30.258,8.801
2025-12-03 15:44:53,mlx5_6,0.000,0.000,0.000,0.000
2025-12-03 15:44:53,mlx5_7,0.000,0.000,0.000,0.000
2025-12-03 15:44:53,mlx5_8,0.000,0.000,30.160,8.732
2025-12-03 15:44:53,mlx5_9,0.000,0.000,0.000,0.000
2025-12-03 15:44:53,TOTAL,0.000,0.000,121.126,35.288
2025-12-03 15:44:54,mlx5_0,0.000,0.000,0.000,0.000
2025-12-03 15:44:54,mlx5_1,0.000,0.000,30.393,8.882
2025-12-03 15:44:54,mlx5_2,0.000,0.000,0.000,0.000
2025-12-03 15:44:54,mlx5_3,0.000,0.000,30.315,8.873
2025-12-03 15:44:54,mlx5_4,0.000,0.000,0.000,0.000
2025-12-03 15:44:54,mlx5_5,0.000,0.000,30.258,8.801
2025-12-03 15:44:54,mlx5_6,0.000,0.000,0.000,0.000
2025-12-03 15:44:54,mlx5_7,0.000,0.000,0.000,0.000
2025-12-03 15:44:54,mlx5_8,0.000,0.000,30.160,8.732
2025-12-03 15:44:54,mlx5_9,0.000,0.000,0.000,0.000
2025-12-03 15:44:54,TOTAL,0.000,0.000,121.126,35.288
2025-12-03 15:44:55,mlx5_0,0.000,0.000,0.000,0.000
2025-12-03 15:44:55,mlx5_1,0.000,0.000,30.393,8.882
2025-12-03 15:44:55,mlx5_2,0.000,0.000,0.000,0.000
2025-12-03 15:44:55,mlx5_3,0.000,0.000,30.315,8.873
2025-12-03 15:44:55,mlx5_4,0.000,0.000,0.000,0.000
2025-12-03 15:44:55,mlx5_5,0.000,0.000,30.258,8.801
2025-12-03 15:44:55,mlx5_6,0.000,0.000,0.000,0.000
2025-12-03 15:44:55,mlx5_7,0.000,0.000,0.000,0.000
2025-12-03 15:44:55,mlx5_8,0.000,0.000,30.160,8.732
2025-12-03 15:44:55,mlx5_9,0.000,0.000,0.000,0.000
2025-12-03 15:44:55,TOTAL,0.000,0.000,121.126,35.288
2025-12-03 15:44:56,mlx5_0,0.000,0.000,0.000,0.000
2025-12-03 15:44:56,mlx5_1,0.036,11.548,30.398,10.331
2025-12-03 15:44:56,mlx5_2,0.000,0.000,0.000,0.000
2025-12-03 15:44:56,mlx5_3,0.029,11.415,30.319,10.306
2025-12-03 15:44:56,mlx5_4,0.000,0.000,0.000,0.000
2025-12-03 15:44:56,mlx5_5,0.022,11.199,30.260,10.207
2025-12-03 15:44:56,mlx5_6,0.000,0.000,0.000,0.000
2025-12-03 15:44:56,mlx5_7,0.000,0.000,0.000,0.000
2025-12-03 15:44:56,mlx5_8,0.027,11.468,30.164,10.171
2025-12-03 15:44:56,mlx5_9,0.000,0.000,0.000,0.000
2025-12-03 15:44:56,TOTAL,0.114,45.630,121.141,41.015
2025-12-03 15:44:57,mlx5_0,0.000,0.000,0.000,0.000
2025-12-03 15:44:57,mlx5_1,0.299,75.773,30.435,19.852
2025-12-03 15:44:57,mlx5_2,0.000,0.000,0.000,0.000
2025-12-03 15:44:57,mlx5_3,0.269,75.368,30.353,19.776
2025-12-03 15:44:57,mlx5_4,0.000,0.000,0.000,0.000
2025-12-03 15:44:57,mlx5_5,0.202,75.051,30.286,19.637
2025-12-03 15:44:57,mlx5_6,0.000,0.000,0.000,0.000
2025-12-03 15:44:57,mlx5_7,0.000,0.000,0.000,0.000
2025-12-03 15:44:57,mlx5_8,0.238,75.470,30.194,19.654
2025-12-03 15:44:57,mlx5_9,0.000,0.000,0.000,0.000
2025-12-03 15:44:57,TOTAL,1.009,301.662,121.268,78.919
2025-12-03 15:44:58,mlx5_0,0.000,0.000,0.000,0.000
2025-12-03 15:44:58,mlx5_1,0.389,107.543,30.484,33.373
2025-12-03 15:44:58,mlx5_2,0.000,0.000,0.000,0.000
2025-12-03 15:44:58,mlx5_3,0.346,107.156,30.396,33.248
2025-12-03 15:44:58,mlx5_4,0.000,0.000,0.000,0.000
2025-12-03 15:44:58,mlx5_5,0.280,106.366,30.321,33.010
2025-12-03 15:44:58,mlx5_6,0.000,0.000,0.000,0.000
2025-12-03 15:44:58,mlx5_7,0.000,0.000,0.000,0.000
2025-12-03 15:44:58,mlx5_8,0.309,106.053,30.233,32.987
2025-12-03 15:44:58,mlx5_9,0.000,0.000,0.000,0.000
2025-12-03 15:44:58,TOTAL,1.324,427.118,121.434,132.617
2025-12-03 15:44:59,mlx5_0,0.000,0.000,0.000,0.000
2025-12-03 15:44:59,mlx5_1,0.170,45.646,30.506,39.109
2025-12-03 15:44:59,mlx5_2,0.000,0.000,0.000,0.000
2025-12-03 15:44:59,mlx5_3,0.159,45.278,30.416,38.938
2025-12-03 15:44:59,mlx5_4,0.000,0.000,0.000,0.000
2025-12-03 15:44:59,mlx5_5,0.131,44.921,30.337,38.655
2025-12-03 15:44:59,mlx5_6,0.000,0.000,0.000,0.000
2025-12-03 15:44:59,mlx5_7,0.000,0.000,0.000,0.000
2025-12-03 15:44:59,mlx5_8,0.140,45.269,30.250,38.676
2025-12-03 15:44:59,mlx5_9,0.000,0.000,0.000,0.000
2025-12-03 15:44:59,TOTAL,0.600,181.114,121.509,155.379
2025-12-03 15:45:00,mlx5_0,0.000,0.000,0.000,0.000
2025-12-03 15:45:00,mlx5_1,0.000,0.000,30.506,39.109
2025-12-03 15:45:00,mlx5_2,0.000,0.000,0.000,0.000
2025-12-03 15:45:00,mlx5_3,0.000,0.000,30.416,38.938
2025-12-03 15:45:00,mlx5_4,0.000,0.000,0.000,0.000
2025-12-03 15:45:00,mlx5_5,0.000,0.000,30.337,38.655
2025-12-03 15:45:00,mlx5_6,0.000,0.000,0.000,0.000
2025-12-03 15:45:00,mlx5_7,0.000,0.000,0.000,0.000
2025-12-03 15:45:00,mlx5_8,0.000,0.000,30.250,38.676
2025-12-03 15:45:00,mlx5_9,0.000,0.000,0.000,0.000
2025-12-03 15:45:00,TOTAL,0.000,0.000,121.509,155.379
2025-12-03 15:45:01,mlx5_0,0.000,0.000,0.000,0.000
2025-12-03 15:45:01,mlx5_1,0.000,0.000,30.506,39.109
2025-12-03 15:45:01,mlx5_2,0.000,0.000,0.000,0.000
2025-12-03 15:45:01,mlx5_3,0.000,0.000,30.416,38.938
2025-12-03 15:45:01,mlx5_4,0.000,0.000,0.000,0.000
2025-12-03 15:45:01,mlx5_5,0.000,0.000,30.337,38.655
2025-12-03 15:45:01,mlx5_6,0.000,0.000,0.000,0.000
2025-12-03 15:45:01,mlx5_7,0.000,0.000,0.000,0.000
2025-12-03 15:45:01,mlx5_8,0.000,0.000,30.250,38.676
2025-12-03 15:45:01,mlx5_9,0.000,0.000,0.000,0.000
2025-12-03 15:45:01,TOTAL,0.000,0.000,121.509,155.379
2025-12-03 15:45:02,mlx5_0,0.000,0.000,0.000,0.000
2025-12-03 15:45:02,mlx5_1,0.000,0.000,30.506,39.109
2025-12-03 15:45:02,mlx5_2,0.000,0.000,0.000,0.000
2025-12-03 15:45:02,mlx5_3,0.000,0.000,30.416,38.938
2025-12-03 15:45:02,mlx5_4,0.000,0.000,0.000,0.000
2025-12-03 15:45:02,mlx5_5,0.000,0.000,30.337,38.655
2025-12-03 15:45:02,mlx5_6,0.000,0.000,0.000,0.000
2025-12-03 15:45:02,mlx5_7,0.000,0.000,0.000,0.000
2025-12-03 15:45:02,mlx5_8,0.000,0.000,30.250,38.676
2025-12-03 15:45:02,mlx5_9,0.000,0.000,0.000,0.000
2025-12-03 15:45:02,TOTAL,0.000,0.000,121.509,155.379
2025-12-03 15:45:03,mlx5_0,0.000,0.000,0.000,0.000
2025-12-03 15:45:03,mlx5_1,0.000,0.000,30.506,39.109
2025-12-03 15:45:03,mlx5_2,0.000,0.000,0.000,0.000
2025-12-03 15:45:03,mlx5_3,0.000,0.000,30.416,38.938
2025-12-03 15:45:03,mlx5_4,0.000,0.000,0.000,0.000
2025-12-03 15:45:03,mlx5_5,0.000,0.000,30.337,38.655
2025-12-03 15:45:03,mlx5_6,0.000,0.000,0.000,0.000
2025-12-03 15:45:03,mlx5_7,0.000,0.000,0.000,0.000
2025-12-03 15:45:03,mlx5_8,0.000,0.000,30.250,38.676
2025-12-03 15:45:03,mlx5_9,0.000,0.000,0.000,0.000
2025-12-03 15:45:03,TOTAL,0.000,0.000,121.509,155.379
2025-12-03 15:45:04,mlx5_0,0.000,0.000,0.000,0.000
2025-12-03 15:45:04,mlx5_1,0.000,0.000,30.506,39.109
2025-12-03 15:45:04,mlx5_2,0.000,0.000,0.000,0.000
2025-12-03 15:45:04,mlx5_3,0.000,0.000,30.416,38.938
2025-12-03 15:45:04,mlx5_4,0.000,0.000,0.000,0.000
2025-12-03 15:45:04,mlx5_5,0.000,0.000,30.337,38.655
2025-12-03 15:45:04,mlx5_6,0.000,0.000,0.000,0.000
2025-12-03 15:45:04,mlx5_7,0.000,0.000,0.000,0.000
2025-12-03 15:45:04,mlx5_8,0.000,0.000,30.250,38.676
2025-12-03 15:45:04,mlx5_9,0.000,0.000,0.000,0.000
2025-12-03 15:45:04,TOTAL,0.000,0.000,121.509,155.379
2025-12-03 15:45:05,mlx5_0,0.000,0.000,0.000,0.000
2025-12-03 15:45:05,mlx5_1,0.000,0.000,30.506,39.109
2025-12-03 15:45:05,mlx5_2,0.000,0.000,0.000,0.000
2025-12-03 15:45:05,mlx5_3,0.000,0.000,30.416,38.938
2025-12-03 15:45:05,mlx5_4,0.000,0.000,0.000,0.000
2025-12-03 15:45:05,mlx5_5,0.000,0.000,30.337,38.655
2025-12-03 15:45:05,mlx5_6,0.000,0.000,0.000,0.000
2025-12-03 15:45:05,mlx5_7,0.000,0.000,0.000,0.000
2025-12-03 15:45:05,mlx5_8,0.000,0.000,30.250,38.676
2025-12-03 15:45:05,mlx5_9,0.000,0.000,0.000,0.000
2025-12-03 15:45:05,TOTAL,0.000,0.000,121.509,155.379
2025-12-03 15:45:06,mlx5_0,0.000,0.000,0.000,0.000
2025-12-03 15:45:06,mlx5_1,0.000,0.000,30.506,39.109
2025-12-03 15:45:06,mlx5_2,0.000,0.000,0.000,0.000
2025-12-03 15:45:06,mlx5_3,0.000,0.000,30.416,38.938
2025-12-03 15:45:06,mlx5_4,0.000,0.000,0.000,0.000
2025-12-03 15:45:06,mlx5_5,0.000,0.000,30.337,38.655
2025-12-03 15:45:06,mlx5_6,0.000,0.000,0.000,0.000
2025-12-03 15:45:06,mlx5_7,0.000,0.000,0.000,0.000
2025-12-03 15:45:06,mlx5_8,0.000,0.000,30.250,38.676
2025-12-03 15:45:06,mlx5_9,0.000,0.000,0.000,0.000
2025-12-03 15:45:06,TOTAL,0.000,0.000,121.509,155.379
2025-12-03 15:45:07,mlx5_0,0.000,0.000,0.000,0.000
2025-12-03 15:45:07,mlx5_1,0.000,0.000,30.506,39.109
2025-12-03 15:45:07,mlx5_2,0.000,0.000,0.000,0.000
2025-12-03 15:45:07,mlx5_3,0.000,0.000,30.416,38.938
2025-12-03 15:45:07,mlx5_4,0.000,0.000,0.000,0.000
2025-12-03 15:45:07,mlx5_5,0.000,0.000,30.337,38.655
2025-12-03 15:45:07,mlx5_6,0.000,0.000,0.000,0.000
2025-12-03 15:45:07,mlx5_7,0.000,0.000,0.000,0.000
2025-12-03 15:45:07,mlx5_8,0.000,0.000,30.250,38.676
2025-12-03 15:45:07,mlx5_9,0.000,0.000,0.000,0.000
2025-12-03 15:45:07,TOTAL,0.000,0.000,121.509,155.379
2025-12-03 15:45:08,mlx5_0,0.000,0.000,0.000,0.000
2025-12-03 15:45:08,mlx5_1,0.000,0.000,30.506,39.109
2025-12-03 15:45:08,mlx5_2,0.000,0.000,0.000,0.000
2025-12-03 15:45:08,mlx5_3,0.000,0.000,30.416,38.938
2025-12-03 15:45:08,mlx5_4,0.000,0.000,0.000,0.000
2025-12-03 15:45:08,mlx5_5,0.000,0.000,30.337,38.655
2025-12-03 15:45:08,mlx5_6,0.000,0.000,0.000,0.000
2025-12-03 15:45:08,mlx5_7,0.000,0.000,0.000,0.000
2025-12-03 15:45:08,mlx5_8,0.000,0.000,30.250,38.676
2025-12-03 15:45:08,mlx5_9,0.000,0.000,0.000,0.000
2025-12-03 15:45:08,TOTAL,0.000,0.000,121.509,155.379
2025-12-03 15:45:09,mlx5_0,0.000,0.000,0.000,0.000
2025-12-03 15:45:09,mlx5_1,0.000,0.000,30.506,39.109
2025-12-03 15:45:09,mlx5_2,0.000,0.000,0.000,0.000
2025-12-03 15:45:09,mlx5_3,0.000,0.000,30.416,38.938
2025-12-03 15:45:09,mlx5_4,0.000,0.000,0.000,0.000
2025-12-03 15:45:09,mlx5_5,0.000,0.000,30.337,38.655
2025-12-03 15:45:09,mlx5_6,0.000,0.000,0.000,0.000
2025-12-03 15:45:09,mlx5_7,0.000,0.000,0.000,0.000
2025-12-03 15:45:09,mlx5_8,0.000,0.000,30.250,38.676
2025-12-03 15:45:09,mlx5_9,0.000,0.000,0.000,0.000
2025-12-03 15:45:09,TOTAL,0.000,0.000,121.509,155.379
2025-12-03 15:45:10,mlx5_0,0.000,0.000,0.000,0.000
2025-12-03 15:45:10,mlx5_1,0.000,0.000,30.506,39.109
2025-12-03 15:45:10,mlx5_2,0.000,0.000,0.000,0.000
2025-12-03 15:45:10,mlx5_3,0.000,0.000,30.416,38.938
2025-12-03 15:45:10,mlx5_4,0.000,0.000,0.000,0.000
2025-12-03 15:45:10,mlx5_5,0.000,0.000,30.337,38.655
2025-12-03 15:45:10,mlx5_6,0.000,0.000,0.000,0.000
2025-12-03 15:45:10,mlx5_7,0.000,0.000,0.000,0.000
2025-12-03 15:45:10,mlx5_8,0.000,0.000,30.250,38.676
2025-12-03 15:45:10,mlx5_9,0.000,0.000,0.000,0.000
2025-12-03 15:45:10,TOTAL,0.000,0.000,121.509,155.379
2025-12-03 15:45:11,mlx5_0,0.000,0.000,0.000,0.000
2025-12-03 15:45:11,mlx5_1,0.000,0.000,30.506,39.109
2025-12-03 15:45:11,mlx5_2,0.000,0.000,0.000,0.000
2025-12-03 15:45:11,mlx5_3,0.000,0.000,30.416,38.938
2025-12-03 15:45:11,mlx5_4,0.000,0.000,0.000,0.000
2025-12-03 15:45:11,mlx5_5,0.000,0.000,30.337,38.655
2025-12-03 15:45:11,mlx5_6,0.000,0.000,0.000,0.000
2025-12-03 15:45:11,mlx5_7,0.000,0.000,0.000,0.000
2025-12-03 15:45:11,mlx5_8,0.000,0.000,30.250,38.676
2025-12-03 15:45:11,mlx5_9,0.000,0.000,0.000,0.000
2025-12-03 15:45:11,TOTAL,0.000,0.000,121.509,155.379
2025-12-03 15:45:12,mlx5_0,0.000,0.000,0.000,0.000
2025-12-03 15:45:12,mlx5_1,0.000,0.000,30.506,39.109
2025-12-03 15:45:12,mlx5_2,0.000,0.000,0.000,0.000
2025-12-03 15:45:12,mlx5_3,0.000,0.000,30.416,38.938
2025-12-03 15:45:12,mlx5_4,0.000,0.000,0.000,0.000
2025-12-03 15:45:12,mlx5_5,0.000,0.000,30.337,38.655
2025-12-03 15:45:12,mlx5_6,0.000,0.000,0.000,0.000
2025-12-03 15:45:12,mlx5_7,0.000,0.000,0.000,0.000
2025-12-03 15:45:12,mlx5_8,0.000,0.000,30.250,38.676
2025-12-03 15:45:12,mlx5_9,0.000,0.000,0.000,0.000
2025-12-03 15:45:12,TOTAL,0.000,0.000,121.509,155.379
2025-12-03 15:45:13,mlx5_0,0.000,0.000,0.000,0.000
2025-12-03 15:45:13,mlx5_1,0.014,6.525,30.507,39.929
2025-12-03 15:45:13,mlx5_2,0.000,0.000,0.000,0.000
2025-12-03 15:45:13,mlx5_3,0.011,6.720,30.418,39.782
2025-12-03 15:45:13,mlx5_4,0.000,0.000,0.000,0.000
2025-12-03 15:45:13,mlx5_5,0.011,6.754,30.339,39.504
2025-12-03 15:45:13,mlx5_6,0.000,0.000,0.000,0.000
2025-12-03 15:45:13,mlx5_7,0.000,0.000,0.000,0.000
2025-12-03 15:45:13,mlx5_8,0.012,6.825,30.252,39.534
2025-12-03 15:45:13,mlx5_9,0.000,0.000,0.000,0.000
2025-12-03 15:45:13,TOTAL,0.048,26.824,121.515,158.749
2025-12-03 15:45:14,mlx5_0,0.000,0.000,0.000,0.000
2025-12-03 15:45:14,mlx5_1,0.000,0.000,30.507,39.929
2025-12-03 15:45:14,mlx5_2,0.000,0.000,0.000,0.000
2025-12-03 15:45:14,mlx5_3,0.000,0.000,30.418,39.782
2025-12-03 15:45:14,mlx5_4,0.000,0.000,0.000,0.000
2025-12-03 15:45:14,mlx5_5,0.000,0.000,30.339,39.504
2025-12-03 15:45:14,mlx5_6,0.000,0.000,0.000,0.000
2025-12-03 15:45:14,mlx5_7,0.000,0.000,0.000,0.000
2025-12-03 15:45:14,mlx5_8,0.000,0.000,30.252,39.534
2025-12-03 15:45:14,mlx5_9,0.000,0.000,0.000,0.000
2025-12-03 15:45:14,TOTAL,0.000,0.000,121.515,158.749
2025-12-03 15:45:15,mlx5_0,0.000,0.000,0.000,0.000
2025-12-03 15:45:15,mlx5_1,0.000,0.000,30.507,39.929
2025-12-03 15:45:15,mlx5_2,0.000,0.000,0.000,0.000
2025-12-03 15:45:15,mlx5_3,0.000,0.000,30.418,39.782
2025-12-03 15:45:15,mlx5_4,0.000,0.000,0.000,0.000
2025-12-03 15:45:15,mlx5_5,0.000,0.000,30.339,39.504
2025-12-03 15:45:15,mlx5_6,0.000,0.000,0.000,0.000
2025-12-03 15:45:15,mlx5_7,0.000,0.000,0.000,0.000
2025-12-03 15:45:15,mlx5_8,0.000,0.000,30.252,39.534
2025-12-03 15:45:15,mlx5_9,0.000,0.000,0.000,0.000
2025-12-03 15:45:15,TOTAL,0.000,0.000,121.515,158.749
2025-12-03 15:45:16,mlx5_0,0.000,0.000,0.000,0.000
2025-12-03 15:45:16,mlx5_1,0.000,0.000,30.507,39.929
2025-12-03 15:45:16,mlx5_2,0.000,0.000,0.000,0.000
2025-12-03 15:45:16,mlx5_3,0.000,0.000,30.418,39.782
2025-12-03 15:45:16,mlx5_4,0.000,0.000,0.000,0.000
2025-12-03 15:45:16,mlx5_5,0.000,0.000,30.339,39.504
2025-12-03 15:45:16,mlx5_6,0.000,0.000,0.000,0.000
2025-12-03 15:45:16,mlx5_7,0.000,0.000,0.000,0.000
2025-12-03 15:45:16,mlx5_8,0.000,0.000,30.252,39.534
2025-12-03 15:45:16,mlx5_9,0.000,0.000,0.000,0.000
2025-12-03 15:45:16,TOTAL,0.000,0.000,121.515,158.749
2025-12-03 15:45:17,mlx5_0,0.000,0.000,0.000,0.000
2025-12-03 15:45:17,mlx5_1,0.000,0.264,30.507,39.962
2025-12-03 15:45:17,mlx5_2,0.000,0.000,0.000,0.000
2025-12-03 15:45:17,mlx5_3,0.001,0.901,30.418,39.895
2025-12-03 15:45:17,mlx5_4,0.000,0.000,0.000,0.000
2025-12-03 15:45:17,mlx5_5,0.001,0.903,30.339,39.617
2025-12-03 15:45:17,mlx5_6,0.000,0.000,0.000,0.000
2025-12-03 15:45:17,mlx5_7,0.000,0.000,0.000,0.000
2025-12-03 15:45:17,mlx5_8,0.001,0.891,30.252,39.646
2025-12-03 15:45:17,mlx5_9,0.000,0.000,0.000,0.000
2025-12-03 15:45:17,TOTAL,0.004,2.958,121.516,159.120
2025-12-03 15:45:18,mlx5_0,0.000,0.000,0.000,0.000
2025-12-03 15:45:18,mlx5_1,0.000,0.000,30.507,39.962
2025-12-03 15:45:18,mlx5_2,0.000,0.000,0.000,0.000
2025-12-03 15:45:18,mlx5_3,0.000,0.000,30.418,39.895
2025-12-03 15:45:18,mlx5_4,0.000,0.000,0.000,0.000
2025-12-03 15:45:18,mlx5_5,0.000,0.000,30.339,39.617
2025-12-03 15:45:18,mlx5_6,0.000,0.000,0.000,0.000
2025-12-03 15:45:18,mlx5_7,0.000,0.000,0.000,0.000
2025-12-03 15:45:18,mlx5_8,0.000,0.000,30.252,39.646
2025-12-03 15:45:18,mlx5_9,0.000,0.000,0.000,0.000
2025-12-03 15:45:18,TOTAL,0.000,0.000,121.516,159.120
2025-12-03 15:45:19,mlx5_0,0.000,0.000,0.000,0.000
2025-12-03 15:45:19,mlx5_1,0.000,0.000,30.507,39.962
2025-12-03 15:45:19,mlx5_2,0.000,0.000,0.000,0.000
2025-12-03 15:45:19,mlx5_3,0.000,0.000,30.418,39.895
2025-12-03 15:45:19,mlx5_4,0.000,0.000,0.000,0.000
2025-12-03 15:45:19,mlx5_5,0.000,0.000,30.339,39.617
2025-12-03 15:45:19,mlx5_6,0.000,0.000,0.000,0.000
2025-12-03 15:45:19,mlx5_7,0.000,0.000,0.000,0.000
2025-12-03 15:45:19,mlx5_8,0.000,0.000,30.252,39.646
2025-12-03 15:45:19,mlx5_9,0.000,0.000,0.000,0.000
2025-12-03 15:45:19,TOTAL,0.000,0.000,121.516,159.120
2025-12-03 15:45:20,mlx5_0,0.000,0.000,0.000,0.000
2025-12-03 15:45:20,mlx5_1,0.000,0.000,30.507,39.962
2025-12-03 15:45:20,mlx5_2,0.000,0.000,0.000,0.000
2025-12-03 15:45:20,mlx5_3,0.000,0.000,30.418,39.895
2025-12-03 15:45:20,mlx5_4,0.000,0.000,0.000,0.000
2025-12-03 15:45:20,mlx5_5,0.000,0.000,30.339,39.617
2025-12-03 15:45:20,mlx5_6,0.000,0.000,0.000,0.000
2025-12-03 15:45:20,mlx5_7,0.000,0.000,0.000,0.000
2025-12-03 15:45:20,mlx5_8,0.000,0.000,30.252,39.646
2025-12-03 15:45:20,mlx5_9,0.000,0.000,0.000,0.000
2025-12-03 15:45:20,TOTAL,0.000,0.000,121.516,159.120
2025-12-03 15:45:21,mlx5_0,0.000,0.000,0.000,0.000
2025-12-03 15:45:21,mlx5_1,0.000,0.000,30.507,39.962
2025-12-03 15:45:21,mlx5_2,0.000,0.000,0.000,0.000
2025-12-03 15:45:21,mlx5_3,0.000,0.000,30.418,39.895
2025-12-03 15:45:21,mlx5_4,0.000,0.000,0.000,0.000
2025-12-03 15:45:21,mlx5_5,0.000,0.000,30.339,39.617
2025-12-03 15:45:21,mlx5_6,0.000,0.000,0.000,0.000
2025-12-03 15:45:21,mlx5_7,0.000,0.000,0.000,0.000
2025-12-03 15:45:21,mlx5_8,0.000,0.000,30.252,39.646
2025-12-03 15:45:21,mlx5_9,0.000,0.000,0.000,0.000
2025-12-03 15:45:21,TOTAL,0.000,0.000,121.516,159.120
2025-12-03 15:45:22,mlx5_0,0.000,0.000,0.000,0.000
2025-12-03 15:45:22,mlx5_1,0.000,0.000,30.507,39.962
2025-12-03 15:45:22,mlx5_2,0.000,0.000,0.000,0.000
2025-12-03 15:45:22,mlx5_3,0.000,0.000,30.418,39.895
2025-12-03 15:45:22,mlx5_4,0.000,0.000,0.000,0.000
2025-12-03 15:45:22,mlx5_5,0.000,0.000,30.339,39.617
2025-12-03 15:45:22,mlx5_6,0.000,0.000,0.000,0.000
2025-12-03 15:45:22,mlx5_7,0.000,0.000,0.000,0.000
2025-12-03 15:45:22,mlx5_8,0.000,0.000,30.252,39.646
2025-12-03 15:45:22,mlx5_9,0.000,0.000,0.000,0.000
2025-12-03 15:45:22,TOTAL,0.000,0.000,121.516,159.120
2025-12-03 15:45:23,mlx5_0,0.000,0.000,0.000,0.000
2025-12-03 15:45:23,mlx5_1,0.000,0.000,30.507,39.962
2025-12-03 15:45:23,mlx5_2,0.000,0.000,0.000,0.000
2025-12-03 15:45:23,mlx5_3,0.000,0.000,30.418,39.895
2025-12-03 15:45:23,mlx5_4,0.000,0.000,0.000,0.000
2025-12-03 15:45:23,mlx5_5,0.000,0.000,30.339,39.617
2025-12-03 15:45:23,mlx5_6,0.000,0.000,0.000,0.000
2025-12-03 15:45:23,mlx5_7,0.000,0.000,0.000,0.000
2025-12-03 15:45:23,mlx5_8,0.000,0.000,30.252,39.646
2025-12-03 15:45:23,mlx5_9,0.000,0.000,0.000,0.000
2025-12-03 15:45:23,TOTAL,0.000,0.000,121.516,159.120
2025-12-03 15:45:24,mlx5_0,0.000,0.000,0.000,0.000
2025-12-03 15:45:24,mlx5_1,0.000,0.000,30.507,39.962
2025-12-03 15:45:24,mlx5_2,0.000,0.000,0.000,0.000
2025-12-03 15:45:24,mlx5_3,0.000,0.000,30.418,39.895
2025-12-03 15:45:24,mlx5_4,0.000,0.000,0.000,0.000
2025-12-03 15:45:24,mlx5_5,0.000,0.000,30.339,39.617
2025-12-03 15:45:24,mlx5_6,0.000,0.000,0.000,0.000
2025-12-03 15:45:24,mlx5_7,0.000,0.000,0.000,0.000
2025-12-03 15:45:24,mlx5_8,0.000,0.000,30.252,39.646
2025-12-03 15:45:24,mlx5_9,0.000,0.000,0.000,0.000
2025-12-03 15:45:24,TOTAL,0.000,0.000,121.516,159.120
2025-12-03 15:45:25,mlx5_0,0.000,0.000,0.000,0.000
2025-12-03 15:45:25,mlx5_1,0.000,0.000,30.507,39.962
2025-12-03 15:45:25,mlx5_2,0.000,0.000,0.000,0.000
2025-12-03 15:45:25,mlx5_3,0.000,0.000,30.418,39.895
2025-12-03 15:45:25,mlx5_4,0.000,0.000,0.000,0.000
2025-12-03 15:45:25,mlx5_5,0.000,0.000,30.339,39.617
2025-12-03 15:45:25,mlx5_6,0.000,0.000,0.000,0.000
2025-12-03 15:45:25,mlx5_7,0.000,0.000,0.000,0.000
2025-12-03 15:45:25,mlx5_8,0.000,0.000,30.252,39.646
2025-12-03 15:45:25,mlx5_9,0.000,0.000,0.000,0.000
2025-12-03 15:45:25,TOTAL,0.000,0.000,121.516,159.120
2025-12-03 15:45:26,mlx5_0,0.000,0.000,0.000,0.000
2025-12-03 15:45:26,mlx5_1,0.000,0.000,30.507,39.962
2025-12-03 15:45:26,mlx5_2,0.000,0.000,0.000,0.000
2025-12-03 15:45:26,mlx5_3,0.000,0.000,30.418,39.895
2025-12-03 15:45:26,mlx5_4,0.000,0.000,0.000,0.000
2025-12-03 15:45:26,mlx5_5,0.000,0.000,30.339,39.617
2025-12-03 15:45:26,mlx5_6,0.000,0.000,0.000,0.000
2025-12-03 15:45:26,mlx5_7,0.000,0.000,0.000,0.000
2025-12-03 15:45:26,mlx5_8,0.000,0.000,30.252,39.646
2025-12-03 15:45:26,mlx5_9,0.000,0.000,0.000,0.000
2025-12-03 15:45:26,TOTAL,0.000,0.000,121.516,159.120
2025-12-03 15:45:27,mlx5_0,0.000,0.000,0.000,0.000
2025-12-03 15:45:27,mlx5_1,0.000,0.000,30.507,39.962
2025-12-03 15:45:27,mlx5_2,0.000,0.000,0.000,0.000
2025-12-03 15:45:27,mlx5_3,0.000,0.000,30.418,39.895
2025-12-03 15:45:27,mlx5_4,0.000,0.000,0.000,0.000
2025-12-03 15:45:27,mlx5_5,0.000,0.000,30.339,39.617
2025-12-03 15:45:27,mlx5_6,0.000,0.000,0.000,0.000
2025-12-03 15:45:27,mlx5_7,0.000,0.000,0.000,0.000
2025-12-03 15:45:27,mlx5_8,0.000,0.000,30.252,39.646
2025-12-03 15:45:27,mlx5_9,0.000,0.000,0.000,0.000
2025-12-03 15:45:27,TOTAL,0.000,0.000,121.516,159.120
2025-12-03 15:45:28,mlx5_0,0.000,0.000,0.000,0.000
2025-12-03 15:45:28,mlx5_1,0.000,0.000,30.507,39.962
2025-12-03 15:45:28,mlx5_2,0.000,0.000,0.000,0.000
2025-12-03 15:45:28,mlx5_3,0.000,0.000,30.418,39.895
2025-12-03 15:45:28,mlx5_4,0.000,0.000,0.000,0.000
2025-12-03 15:45:28,mlx5_5,0.000,0.000,30.339,39.617
2025-12-03 15:45:28,mlx5_6,0.000,0.000,0.000,0.000
2025-12-03 15:45:28,mlx5_7,0.000,0.000,0.000,0.000
2025-12-03 15:45:28,mlx5_8,0.000,0.000,30.252,39.646
2025-12-03 15:45:28,mlx5_9,0.000,0.000,0.000,0.000
2025-12-03 15:45:28,TOTAL,0.000,0.000,121.516,159.120
2025-12-03 15:45:29,mlx5_0,0.000,0.000,0.000,0.000
2025-12-03 15:45:29,mlx5_1,0.000,0.000,30.507,39.962
2025-12-03 15:45:29,mlx5_2,0.000,0.000,0.000,0.000
2025-12-03 15:45:29,mlx5_3,0.000,0.000,30.418,39.895
2025-12-03 15:45:29,mlx5_4,0.000,0.000,0.000,0.000
2025-12-03 15:45:29,mlx5_5,0.000,0.000,30.339,39.617
2025-12-03 15:45:29,mlx5_6,0.000,0.000,0.000,0.000
2025-12-03 15:45:29,mlx5_7,0.000,0.000,0.000,0.000
2025-12-03 15:45:29,mlx5_8,0.000,0.000,30.252,39.646
2025-12-03 15:45:29,mlx5_9,0.000,0.000,0.000,0.000
2025-12-03 15:45:29,TOTAL,0.000,0.000,121.516,159.120
2025-12-03 15:45:30,mlx5_0,0.000,0.000,0.000,0.000
2025-12-03 15:45:30,mlx5_1,0.000,0.000,30.507,39.962
2025-12-03 15:45:30,mlx5_2,0.000,0.000,0.000,0.000
2025-12-03 15:45:30,mlx5_3,0.000,0.000,30.418,39.895
2025-12-03 15:45:30,mlx5_4,0.000,0.000,0.000,0.000
2025-12-03 15:45:30,mlx5_5,0.000,0.000,30.339,39.617
2025-12-03 15:45:30,mlx5_6,0.000,0.000,0.000,0.000
2025-12-03 15:45:30,mlx5_7,0.000,0.000,0.000,0.000
2025-12-03 15:45:30,mlx5_8,0.000,0.000,30.252,39.646
2025-12-03 15:45:30,mlx5_9,0.000,0.000,0.000,0.000
2025-12-03 15:45:30,TOTAL,0.000,0.000,121.516,159.120
2025-12-03 15:45:31,mlx5_0,0.000,0.000,0.000,0.000
2025-12-03 15:45:31,mlx5_1,0.000,0.000,30.507,39.962
2025-12-03 15:45:31,mlx5_2,0.000,0.000,0.000,0.000
2025-12-03 15:45:31,mlx5_3,0.000,0.000,30.418,39.895
2025-12-03 15:45:31,mlx5_4,0.000,0.000,0.000,0.000
2025-12-03 15:45:31,mlx5_5,0.000,0.000,30.339,39.617
2025-12-03 15:45:31,mlx5_6,0.000,0.000,0.000,0.000
2025-12-03 15:45:31,mlx5_7,0.000,0.000,0.000,0.000
2025-12-03 15:45:31,mlx5_8,0.000,0.000,30.252,39.646
2025-12-03 15:45:31,mlx5_9,0.000,0.000,0.000,0.000
2025-12-03 15:45:31,TOTAL,0.000,0.000,121.516,159.120
2025-12-03 15:45:32,mlx5_0,0.000,0.000,0.000,0.000
2025-12-03 15:45:32,mlx5_1,0.000,0.000,30.507,39.962
2025-12-03 15:45:32,mlx5_2,0.000,0.000,0.000,0.000
2025-12-03 15:45:32,mlx5_3,0.000,0.000,30.418,39.895
2025-12-03 15:45:32,mlx5_4,0.000,0.000,0.000,0.000
2025-12-03 15:45:32,mlx5_5,0.000,0.000,30.339,39.617
2025-12-03 15:45:32,mlx5_6,0.000,0.000,0.000,0.000
2025-12-03 15:45:32,mlx5_7,0.000,0.000,0.000,0.000
2025-12-03 15:45:32,mlx5_8,0.000,0.000,30.252,39.646
2025-12-03 15:45:32,mlx5_9,0.000,0.000,0.000,0.000
2025-12-03 15:45:32,TOTAL,0.000,0.000,121.516,159.120
2025-12-03 15:45:33,mlx5_0,0.000,0.000,0.000,0.000
2025-12-03 15:45:33,mlx5_1,0.000,0.000,30.507,39.962
2025-12-03 15:45:33,mlx5_2,0.000,0.000,0.000,0.000
2025-12-03 15:45:33,mlx5_3,0.000,0.000,30.418,39.895
2025-12-03 15:45:33,mlx5_4,0.000,0.000,0.000,0.000
2025-12-03 15:45:33,mlx5_5,0.000,0.000,30.339,39.617
2025-12-03 15:45:33,mlx5_6,0.000,0.000,0.000,0.000
2025-12-03 15:45:33,mlx5_7,0.000,0.000,0.000,0.000
2025-12-03 15:45:33,mlx5_8,0.000,0.000,30.252,39.646
2025-12-03 15:45:33,mlx5_9,0.000,0.000,0.000,0.000
2025-12-03 15:45:33,TOTAL,0.000,0.000,121.516,159.120
2025-12-03 15:45:34,mlx5_0,0.000,0.000,0.000,0.000
2025-12-03 15:45:34,mlx5_1,0.000,0.000,30.507,39.962
2025-12-03 15:45:34,mlx5_2,0.000,0.000,0.000,0.000
2025-12-03 15:45:34,mlx5_3,0.000,0.000,30.418,39.895
2025-12-03 15:45:34,mlx5_4,0.000,0.000,0.000,0.000
2025-12-03 15:45:34,mlx5_5,0.000,0.000,30.339,39.617
2025-12-03 15:45:34,mlx5_6,0.000,0.000,0.000,0.000
2025-12-03 15:45:34,mlx5_7,0.000,0.000,0.000,0.000
2025-12-03 15:45:34,mlx5_8,0.000,0.000,30.252,39.646
2025-12-03 15:45:34,mlx5_9,0.000,0.000,0.000,0.000
2025-12-03 15:45:34,TOTAL,0.000,0.000,121.516,159.120
2025-12-03 15:45:35,mlx5_0,0.000,0.000,0.000,0.000
2025-12-03 15:45:35,mlx5_1,0.000,0.000,30.507,39.962
2025-12-03 15:45:35,mlx5_2,0.000,0.000,0.000,0.000
2025-12-03 15:45:35,mlx5_3,0.000,0.000,30.418,39.895
2025-12-03 15:45:35,mlx5_4,0.000,0.000,0.000,0.000
2025-12-03 15:45:35,mlx5_5,0.000,0.000,30.339,39.617
2025-12-03 15:45:35,mlx5_6,0.000,0.000,0.000,0.000
2025-12-03 15:45:35,mlx5_7,0.000,0.000,0.000,0.000
2025-12-03 15:45:35,mlx5_8,0.000,0.000,30.252,39.646
2025-12-03 15:45:35,mlx5_9,0.000,0.000,0.000,0.000
2025-12-03 15:45:35,TOTAL,0.000,0.000,121.516,159.120
2025-12-03 15:45:36,mlx5_0,0.000,0.000,0.000,0.000
2025-12-03 15:45:36,mlx5_1,0.000,0.000,30.507,39.962
2025-12-03 15:45:36,mlx5_2,0.000,0.000,0.000,0.000
2025-12-03 15:45:36,mlx5_3,0.000,0.000,30.418,39.895
2025-12-03 15:45:36,mlx5_4,0.000,0.000,0.000,0.000
2025-12-03 15:45:36,mlx5_5,0.000,0.000,30.339,39.617
2025-12-03 15:45:36,mlx5_6,0.000,0.000,0.000,0.000
2025-12-03 15:45:36,mlx5_7,0.000,0.000,0.000,0.000
2025-12-03 15:45:36,mlx5_8,0.000,0.000,30.252,39.646
2025-12-03 15:45:36,mlx5_9,0.000,0.000,0.000,0.000
2025-12-03 15:45:36,TOTAL,0.000,0.000,121.516,159.120
2025-12-03 15:45:37,mlx5_0,0.000,0.000,0.000,0.000
2025-12-03 15:45:37,mlx5_1,0.000,0.000,30.507,39.962
2025-12-03 15:45:37,mlx5_2,0.000,0.000,0.000,0.000
2025-12-03 15:45:37,mlx5_3,0.000,0.000,30.418,39.895
2025-12-03 15:45:37,mlx5_4,0.000,0.000,0.000,0.000
2025-12-03 15:45:37,mlx5_5,0.000,0.000,30.339,39.617
2025-12-03 15:45:37,mlx5_6,0.000,0.000,0.000,0.000
2025-12-03 15:45:37,mlx5_7,0.000,0.000,0.000,0.000
2025-12-03 15:45:37,mlx5_8,0.000,0.000,30.252,39.646
2025-12-03 15:45:37,mlx5_9,0.000,0.000,0.000,0.000
2025-12-03 15:45:37,TOTAL,0.000,0.000,121.516,159.120
2025-12-03 15:45:38,mlx5_0,0.000,0.000,0.000,0.000
2025-12-03 15:45:38,mlx5_1,0.000,0.000,30.507,39.962
2025-12-03 15:45:38,mlx5_2,0.000,0.000,0.000,0.000
2025-12-03 15:45:38,mlx5_3,0.000,0.000,30.418,39.895
2025-12-03 15:45:38,mlx5_4,0.000,0.000,0.000,0.000
2025-12-03 15:45:38,mlx5_5,0.000,0.000,30.339,39.617
2025-12-03 15:45:38,mlx5_6,0.000,0.000,0.000,0.000
2025-12-03 15:45:38,mlx5_7,0.000,0.000,0.000,0.000
2025-12-03 15:45:38,mlx5_8,0.000,0.000,30.252,39.646
2025-12-03 15:45:38,mlx5_9,0.000,0.000,0.000,0.000
2025-12-03 15:45:38,TOTAL,0.000,0.000,121.516,159.120
2025-12-03 15:45:39,mlx5_0,0.000,0.000,0.000,0.000
2025-12-03 15:45:39,mlx5_1,0.000,0.000,30.507,39.962
2025-12-03 15:45:39,mlx5_2,0.000,0.000,0.000,0.000
2025-12-03 15:45:39,mlx5_3,0.000,0.000,30.418,39.895
2025-12-03 15:45:39,mlx5_4,0.000,0.000,0.000,0.000
2025-12-03 15:45:39,mlx5_5,0.000,0.000,30.339,39.617
2025-12-03 15:45:39,mlx5_6,0.000,0.000,0.000,0.000
2025-12-03 15:45:39,mlx5_7,0.000,0.000,0.000,0.000
2025-12-03 15:45:39,mlx5_8,0.000,0.000,30.252,39.646
2025-12-03 15:45:39,mlx5_9,0.000,0.000,0.000,0.000
2025-12-03 15:45:39,TOTAL,0.000,0.000,121.516,159.120
2025-12-03 15:45:40,mlx5_0,0.000,0.000,0.000,0.000
2025-12-03 15:45:40,mlx5_1,0.000,0.000,30.507,39.962
2025-12-03 15:45:40,mlx5_2,0.000,0.000,0.000,0.000
2025-12-03 15:45:40,mlx5_3,0.000,0.000,30.418,39.895
2025-12-03 15:45:40,mlx5_4,0.000,0.000,0.000,0.000
2025-12-03 15:45:40,mlx5_5,0.000,0.000,30.339,39.617
2025-12-03 15:45:40,mlx5_6,0.000,0.000,0.000,0.000
2025-12-03 15:45:40,mlx5_7,0.000,0.000,0.000,0.000
2025-12-03 15:45:40,mlx5_8,0.000,0.000,30.252,39.646
2025-12-03 15:45:40,mlx5_9,0.000,0.000,0.000,0.000
2025-12-03 15:45:40,TOTAL,0.000,0.000,121.516,159.120
2025-12-03 15:45:41,mlx5_0,0.000,0.000,0.000,0.000
2025-12-03 15:45:41,mlx5_1,0.000,0.000,30.507,39.962
2025-12-03 15:45:41,mlx5_2,0.000,0.000,0.000,0.000
2025-12-03 15:45:41,mlx5_3,0.000,0.000,30.418,39.895
2025-12-03 15:45:41,mlx5_4,0.000,0.000,0.000,0.000
2025-12-03 15:45:41,mlx5_5,0.000,0.000,30.339,39.617
2025-12-03 15:45:41,mlx5_6,0.000,0.000,0.000,0.000
2025-12-03 15:45:41,mlx5_7,0.000,0.000,0.000,0.000
2025-12-03 15:45:41,mlx5_8,0.000,0.000,30.252,39.646
2025-12-03 15:45:41,mlx5_9,0.000,0.000,0.000,0.000
2025-12-03 15:45:41,TOTAL,0.000,0.000,121.516,159.120
2025-12-03 15:45:42,mlx5_0,0.000,0.000,0.000,0.000
2025-12-03 15:45:42,mlx5_1,0.000,0.000,30.507,39.962
2025-12-03 15:45:42,mlx5_2,0.000,0.000,0.000,0.000
2025-12-03 15:45:42,mlx5_3,0.000,0.000,30.418,39.895
2025-12-03 15:45:42,mlx5_4,0.000,0.000,0.000,0.000
2025-12-03 15:45:42,mlx5_5,0.000,0.000,30.339,39.617
2025-12-03 15:45:42,mlx5_6,0.000,0.000,0.000,0.000
2025-12-03 15:45:42,mlx5_7,0.000,0.000,0.000,0.000
2025-12-03 15:45:42,mlx5_8,0.000,0.000,30.252,39.646
2025-12-03 15:45:42,mlx5_9,0.000,0.000,0.000,0.000
2025-12-03 15:45:42,TOTAL,0.000,0.000,121.516,159.120
2025-12-03 15:45:43,mlx5_0,0.000,0.000,0.000,0.000
2025-12-03 15:45:43,mlx5_1,0.000,0.000,30.507,39.962
2025-12-03 15:45:43,mlx5_2,0.000,0.000,0.000,0.000
2025-12-03 15:45:43,mlx5_3,0.000,0.000,30.418,39.895
2025-12-03 15:45:43,mlx5_4,0.000,0.000,0.000,0.000
2025-12-03 15:45:43,mlx5_5,0.000,0.000,30.339,39.617
2025-12-03 15:45:43,mlx5_6,0.000,0.000,0.000,0.000
2025-12-03 15:45:43,mlx5_7,0.000,0.000,0.000,0.000
2025-12-03 15:45:43,mlx5_8,0.000,0.000,30.252,39.646
2025-12-03 15:45:43,mlx5_9,0.000,0.000,0.000,0.000
2025-12-03 15:45:43,TOTAL,0.000,0.000,121.516,159.120
2025-12-03 15:45:44,mlx5_0,0.000,0.000,0.000,0.000
2025-12-03 15:45:44,mlx5_1,0.000,0.000,30.507,39.962
2025-12-03 15:45:44,mlx5_2,0.000,0.000,0.000,0.000
2025-12-03 15:45:44,mlx5_3,0.000,0.000,30.418,39.895
2025-12-03 15:45:44,mlx5_4,0.000,0.000,0.000,0.000
2025-12-03 15:45:44,mlx5_5,0.000,0.000,30.339,39.617
2025-12-03 15:45:44,mlx5_6,0.000,0.000,0.000,0.000
2025-12-03 15:45:44,mlx5_7,0.000,0.000,0.000,0.000
2025-12-03 15:45:44,mlx5_8,0.000,0.000,30.252,39.646
2025-12-03 15:45:44,mlx5_9,0.000,0.000,0.000,0.000
2025-12-03 15:45:44,TOTAL,0.000,0.000,121.516,159.120
2025-12-03 15:45:45,mlx5_0,0.000,0.000,0.000,0.000
2025-12-03 15:45:45,mlx5_1,0.000,0.000,30.507,39.962
2025-12-03 15:45:45,mlx5_2,0.000,0.000,0.000,0.000
2025-12-03 15:45:45,mlx5_3,0.000,0.000,30.418,39.895
2025-12-03 15:45:45,mlx5_4,0.000,0.000,0.000,0.000
2025-12-03 15:45:45,mlx5_5,0.000,0.000,30.339,39.617
2025-12-03 15:45:45,mlx5_6,0.000,0.000,0.000,0.000
2025-12-03 15:45:45,mlx5_7,0.000,0.000,0.000,0.000
2025-12-03 15:45:45,mlx5_8,0.000,0.000,30.252,39.646
2025-12-03 15:45:45,mlx5_9,0.000,0.000,0.000,0.000
2025-12-03 15:45:45,TOTAL,0.000,0.000,121.516,159.120
2025-12-03 15:45:46,mlx5_0,0.000,0.000,0.000,0.000
2025-12-03 15:45:46,mlx5_1,0.000,0.000,30.507,39.962
2025-12-03 15:45:46,mlx5_2,0.000,0.000,0.000,0.000
2025-12-03 15:45:46,mlx5_3,0.000,0.000,30.418,39.895
2025-12-03 15:45:46,mlx5_4,0.000,0.000,0.000,0.000
2025-12-03 15:45:46,mlx5_5,0.000,0.000,30.339,39.617
2025-12-03 15:45:46,mlx5_6,0.000,0.000,0.000,0.000
2025-12-03 15:45:46,mlx5_7,0.000,0.000,0.000,0.000
2025-12-03 15:45:46,mlx5_8,0.000,0.000,30.252,39.646
2025-12-03 15:45:46,mlx5_9,0.000,0.000,0.000,0.000
2025-12-03 15:45:46,TOTAL,0.000,0.000,121.516,159.120
2025-12-03 15:45:47,mlx5_0,0.000,0.000,0.000,0.000
2025-12-03 15:45:47,mlx5_1,0.000,0.000,30.507,39.962
2025-12-03 15:45:47,mlx5_2,0.000,0.000,0.000,0.000
2025-12-03 15:45:47,mlx5_3,0.000,0.000,30.418,39.895
2025-12-03 15:45:47,mlx5_4,0.000,0.000,0.000,0.000
2025-12-03 15:45:47,mlx5_5,0.000,0.000,30.339,39.617
2025-12-03 15:45:47,mlx5_6,0.000,0.000,0.000,0.000
2025-12-03 15:45:47,mlx5_7,0.000,0.000,0.000,0.000
2025-12-03 15:45:47,mlx5_8,0.000,0.000,30.252,39.646
2025-12-03 15:45:47,mlx5_9,0.000,0.000,0.000,0.000
2025-12-03 15:45:47,TOTAL,0.000,0.000,121.516,159.120
2025-12-03 15:45:48,mlx5_0,0.000,0.000,0.000,0.000
2025-12-03 15:45:48,mlx5_1,0.000,0.000,30.507,39.962
2025-12-03 15:45:48,mlx5_2,0.000,0.000,0.000,0.000
2025-12-03 15:45:48,mlx5_3,0.000,0.000,30.418,39.895
2025-12-03 15:45:48,mlx5_4,0.000,0.000,0.000,0.000
2025-12-03 15:45:48,mlx5_5,0.000,0.000,30.339,39.617
2025-12-03 15:45:48,mlx5_6,0.000,0.000,0.000,0.000
2025-12-03 15:45:48,mlx5_7,0.000,0.000,0.000,0.000
2025-12-03 15:45:48,mlx5_8,0.000,0.000,30.252,39.646
2025-12-03 15:45:48,mlx5_9,0.000,0.000,0.000,0.000
2025-12-03 15:45:48,TOTAL,0.000,0.000,121.516,159.120
2025-12-03 15:45:49,mlx5_0,0.000,0.000,0.000,0.000
2025-12-03 15:45:49,mlx5_1,0.000,0.000,30.507,39.962
2025-12-03 15:45:49,mlx5_2,0.000,0.000,0.000,0.000
2025-12-03 15:45:49,mlx5_3,0.000,0.000,30.418,39.895
2025-12-03 15:45:49,mlx5_4,0.000,0.000,0.000,0.000
2025-12-03 15:45:49,mlx5_5,0.000,0.000,30.339,39.617
2025-12-03 15:45:49,mlx5_6,0.000,0.000,0.000,0.000
2025-12-03 15:45:49,mlx5_7,0.000,0.000,0.000,0.000
2025-12-03 15:45:49,mlx5_8,0.000,0.000,30.252,39.646
2025-12-03 15:45:49,mlx5_9,0.000,0.000,0.000,0.000
2025-12-03 15:45:49,TOTAL,0.000,0.000,121.516,159.120
2025-12-03 15:45:50,mlx5_0,0.000,0.000,0.000,0.000
2025-12-03 15:45:50,mlx5_1,0.000,0.000,30.507,39.962
2025-12-03 15:45:50,mlx5_2,0.000,0.000,0.000,0.000
2025-12-03 15:45:50,mlx5_3,0.000,0.000,30.418,39.895
2025-12-03 15:45:50,mlx5_4,0.000,0.000,0.000,0.000
2025-12-03 15:45:50,mlx5_5,0.000,0.000,30.339,39.617
2025-12-03 15:45:50,mlx5_6,0.000,0.000,0.000,0.000
2025-12-03 15:45:50,mlx5_7,0.000,0.000,0.000,0.000
2025-12-03 15:45:50,mlx5_8,0.000,0.000,30.252,39.646
2025-12-03 15:45:50,mlx5_9,0.000,0.000,0.000,0.000
2025-12-03 15:45:50,TOTAL,0.000,0.000,121.516,159.120
2025-12-03 15:45:51,mlx5_0,0.000,0.000,0.000,0.000
2025-12-03 15:45:51,mlx5_1,0.000,0.000,30.508,39.962
2025-12-03 15:45:51,mlx5_2,0.000,0.000,0.000,0.000
2025-12-03 15:45:51,mlx5_3,0.000,0.000,30.418,39.895
2025-12-03 15:45:51,mlx5_4,0.000,0.000,0.000,0.000
2025-12-03 15:45:51,mlx5_5,0.000,0.000,30.339,39.617
2025-12-03 15:45:51,mlx5_6,0.000,0.000,0.000,0.000
2025-12-03 15:45:51,mlx5_7,0.000,0.000,0.000,0.000
2025-12-03 15:45:51,mlx5_8,0.000,0.000,30.252,39.646
2025-12-03 15:45:51,mlx5_9,0.000,0.000,0.000,0.000
2025-12-03 15:45:51,TOTAL,0.000,0.000,121.516,159.120
2025-12-03 15:45:52,mlx5_0,0.000,0.000,0.000,0.000
2025-12-03 15:45:52,mlx5_1,0.000,0.000,30.508,39.962
2025-12-03 15:45:52,mlx5_2,0.000,0.000,0.000,0.000
2025-12-03 15:45:52,mlx5_3,0.000,0.000,30.418,39.895
2025-12-03 15:45:52,mlx5_4,0.000,0.000,0.000,0.000
2025-12-03 15:45:52,mlx5_5,0.000,0.000,30.339,39.617
2025-12-03 15:45:52,mlx5_6,0.000,0.000,0.000,0.000
2025-12-03 15:45:52,mlx5_7,0.000,0.000,0.000,0.000
2025-12-03 15:45:52,mlx5_8,0.000,0.000,30.252,39.646
2025-12-03 15:45:52,mlx5_9,0.000,0.000,0.000,0.000
2025-12-03 15:45:52,TOTAL,0.000,0.000,121.516,159.120
2025-12-03 15:45:53,mlx5_0,0.000,0.000,0.000,0.000
2025-12-03 15:45:53,mlx5_1,0.000,0.000,30.508,39.962
2025-12-03 15:45:53,mlx5_2,0.000,0.000,0.000,0.000
2025-12-03 15:45:53,mlx5_3,0.000,0.000,30.418,39.895
2025-12-03 15:45:53,mlx5_4,0.000,0.000,0.000,0.000
2025-12-03 15:45:53,mlx5_5,0.000,0.000,30.339,39.617
2025-12-03 15:45:53,mlx5_6,0.000,0.000,0.000,0.000
2025-12-03 15:45:53,mlx5_7,0.000,0.000,0.000,0.000
2025-12-03 15:45:53,mlx5_8,0.000,0.000,30.252,39.646
2025-12-03 15:45:53,mlx5_9,0.000,0.000,0.000,0.000
2025-12-03 15:45:53,TOTAL,0.000,0.000,121.516,159.120
2025-12-03 15:45:54,mlx5_0,0.000,0.000,0.000,0.000
2025-12-03 15:45:54,mlx5_1,0.000,0.000,30.508,39.962
2025-12-03 15:45:54,mlx5_2,0.000,0.000,0.000,0.000
2025-12-03 15:45:54,mlx5_3,0.000,0.000,30.418,39.895
2025-12-03 15:45:54,mlx5_4,0.000,0.000,0.000,0.000
2025-12-03 15:45:54,mlx5_5,0.000,0.000,30.339,39.617
2025-12-03 15:45:54,mlx5_6,0.000,0.000,0.000,0.000
2025-12-03 15:45:54,mlx5_7,0.000,0.000,0.000,0.000
2025-12-03 15:45:54,mlx5_8,0.000,0.000,30.252,39.646
2025-12-03 15:45:54,mlx5_9,0.000,0.000,0.000,0.000
2025-12-03 15:45:54,TOTAL,0.000,0.000,121.516,159.120
2025-12-03 15:45:55,mlx5_0,0.000,0.000,0.000,0.000
2025-12-03 15:45:55,mlx5_1,0.000,0.000,30.508,39.962
2025-12-03 15:45:55,mlx5_2,0.000,0.000,0.000,0.000
2025-12-03 15:45:55,mlx5_3,0.000,0.000,30.418,39.895
2025-12-03 15:45:55,mlx5_4,0.000,0.000,0.000,0.000
2025-12-03 15:45:55,mlx5_5,0.000,0.000,30.339,39.617
2025-12-03 15:45:55,mlx5_6,0.000,0.000,0.000,0.000
2025-12-03 15:45:55,mlx5_7,0.000,0.000,0.000,0.000
2025-12-03 15:45:55,mlx5_8,0.000,0.000,30.252,39.646
2025-12-03 15:45:55,mlx5_9,0.000,0.000,0.000,0.000
2025-12-03 15:45:55,TOTAL,0.000,0.000,121.516,159.120
2025-12-03 15:45:56,mlx5_0,0.000,0.000,0.000,0.000
2025-12-03 15:45:56,mlx5_1,0.000,0.000,30.508,39.962
2025-12-03 15:45:56,mlx5_2,0.000,0.000,0.000,0.000
2025-12-03 15:45:56,mlx5_3,0.000,0.000,30.418,39.895
2025-12-03 15:45:56,mlx5_4,0.000,0.000,0.000,0.000
2025-12-03 15:45:56,mlx5_5,0.000,0.000,30.339,39.617
2025-12-03 15:45:56,mlx5_6,0.000,0.000,0.000,0.000
2025-12-03 15:45:56,mlx5_7,0.000,0.000,0.000,0.000
2025-12-03 15:45:56,mlx5_8,0.000,0.000,30.252,39.646
2025-12-03 15:45:56,mlx5_9,0.000,0.000,0.000,0.000
2025-12-03 15:45:56,TOTAL,0.000,0.000,121.516,159.120
2025-12-03 15:45:57,mlx5_0,0.000,0.000,0.000,0.000
2025-12-03 15:45:57,mlx5_1,0.000,0.000,30.508,39.962
2025-12-03 15:45:57,mlx5_2,0.000,0.000,0.000,0.000
2025-12-03 15:45:57,mlx5_3,0.000,0.000,30.418,39.895
2025-12-03 15:45:57,mlx5_4,0.000,0.000,0.000,0.000
2025-12-03 15:45:57,mlx5_5,0.000,0.000,30.339,39.617
2025-12-03 15:45:57,mlx5_6,0.000,0.000,0.000,0.000
2025-12-03 15:45:57,mlx5_7,0.000,0.000,0.000,0.000
2025-12-03 15:45:57,mlx5_8,0.000,0.000,30.252,39.646
2025-12-03 15:45:57,mlx5_9,0.000,0.000,0.000,0.000
2025-12-03 15:45:57,TOTAL,0.000,0.000,121.516,159.120
2025-12-03 15:45:58,mlx5_0,0.000,0.000,0.000,0.000
2025-12-03 15:45:58,mlx5_1,0.000,0.000,30.508,39.962
2025-12-03 15:45:58,mlx5_2,0.000,0.000,0.000,0.000
2025-12-03 15:45:58,mlx5_3,0.000,0.000,30.418,39.895
2025-12-03 15:45:58,mlx5_4,0.000,0.000,0.000,0.000
2025-12-03 15:45:58,mlx5_5,0.000,0.000,30.339,39.617
2025-12-03 15:45:58,mlx5_6,0.000,0.000,0.000,0.000
2025-12-03 15:45:58,mlx5_7,0.000,0.000,0.000,0.000
2025-12-03 15:45:58,mlx5_8,0.000,0.000,30.252,39.646
2025-12-03 15:45:58,mlx5_9,0.000,0.000,0.000,0.000
2025-12-03 15:45:58,TOTAL,0.000,0.000,121.516,159.120
2025-12-03 15:45:59,mlx5_0,0.000,0.000,0.000,0.000
2025-12-03 15:45:59,mlx5_1,0.000,0.000,30.508,39.962
2025-12-03 15:45:59,mlx5_2,0.000,0.000,0.000,0.000
2025-12-03 15:45:59,mlx5_3,0.000,0.000,30.418,39.895
2025-12-03 15:45:59,mlx5_4,0.000,0.000,0.000,0.000
2025-12-03 15:45:59,mlx5_5,0.000,0.000,30.339,39.617
2025-12-03 15:45:59,mlx5_6,0.000,0.000,0.000,0.000
2025-12-03 15:45:59,mlx5_7,0.000,0.000,0.000,0.000
2025-12-03 15:45:59,mlx5_8,0.000,0.000,30.252,39.646
2025-12-03 15:45:59,mlx5_9,0.000,0.000,0.000,0.000
2025-12-03 15:45:59,TOTAL,0.000,0.000,121.516,159.120
2025-12-03 15:46:00,mlx5_0,0.000,0.000,0.000,0.000
2025-12-03 15:46:00,mlx5_1,0.000,0.000,30.508,39.962
2025-12-03 15:46:00,mlx5_2,0.000,0.000,0.000,0.000
2025-12-03 15:46:00,mlx5_3,0.000,0.000,30.418,39.895
2025-12-03 15:46:00,mlx5_4,0.000,0.000,0.000,0.000
2025-12-03 15:46:00,mlx5_5,0.000,0.000,30.339,39.617
2025-12-03 15:46:00,mlx5_6,0.000,0.000,0.000,0.000
2025-12-03 15:46:00,mlx5_7,0.000,0.000,0.000,0.000
2025-12-03 15:46:00,mlx5_8,0.000,0.000,30.252,39.646
2025-12-03 15:46:00,mlx5_9,0.000,0.000,0.000,0.000
2025-12-03 15:46:00,TOTAL,0.000,0.000,121.516,159.120
2025-12-03 15:46:01,mlx5_0,0.000,0.000,0.000,0.000
2025-12-03 15:46:01,mlx5_1,0.000,0.000,30.508,39.962
2025-12-03 15:46:01,mlx5_2,0.000,0.000,0.000,0.000
2025-12-03 15:46:01,mlx5_3,0.000,0.000,30.418,39.895
2025-12-03 15:46:01,mlx5_4,0.000,0.000,0.000,0.000
2025-12-03 15:46:01,mlx5_5,0.000,0.000,30.339,39.617
2025-12-03 15:46:01,mlx5_6,0.000,0.000,0.000,0.000
2025-12-03 15:46:01,mlx5_7,0.000,0.000,0.000,0.000
2025-12-03 15:46:01,mlx5_8,0.000,0.000,30.252,39.646
2025-12-03 15:46:01,mlx5_9,0.000,0.000,0.000,0.000
2025-12-03 15:46:01,TOTAL,0.000,0.000,121.516,159.120
2025-12-03 15:46:02,mlx5_0,0.000,0.000,0.000,0.000
2025-12-03 15:46:02,mlx5_1,0.000,0.000,30.508,39.962
2025-12-03 15:46:02,mlx5_2,0.000,0.000,0.000,0.000
2025-12-03 15:46:02,mlx5_3,0.000,0.000,30.418,39.895
2025-12-03 15:46:02,mlx5_4,0.000,0.000,0.000,0.000
2025-12-03 15:46:02,mlx5_5,0.000,0.000,30.339,39.617
2025-12-03 15:46:02,mlx5_6,0.000,0.000,0.000,0.000
2025-12-03 15:46:02,mlx5_7,0.000,0.000,0.000,0.000
2025-12-03 15:46:02,mlx5_8,0.000,0.000,30.252,39.646
2025-12-03 15:46:02,mlx5_9,0.000,0.000,0.000,0.000
2025-12-03 15:46:02,TOTAL,0.000,0.000,121.516,159.120
2025-12-03 15:46:03,mlx5_0,0.000,0.000,0.000,0.000
2025-12-03 15:46:03,mlx5_1,0.000,0.000,30.508,39.962
2025-12-03 15:46:03,mlx5_2,0.000,0.000,0.000,0.000
2025-12-03 15:46:03,mlx5_3,0.000,0.000,30.418,39.895
2025-12-03 15:46:03,mlx5_4,0.000,0.000,0.000,0.000
2025-12-03 15:46:03,mlx5_5,0.000,0.000,30.339,39.617
2025-12-03 15:46:03,mlx5_6,0.000,0.000,0.000,0.000
2025-12-03 15:46:03,mlx5_7,0.000,0.000,0.000,0.000
2025-12-03 15:46:03,mlx5_8,0.000,0.000,30.252,39.646
2025-12-03 15:46:03,mlx5_9,0.000,0.000,0.000,0.000
2025-12-03 15:46:03,TOTAL,0.000,0.000,121.516,159.120
2025-12-03 15:46:04,mlx5_0,0.000,0.000,0.000,0.000
2025-12-03 15:46:04,mlx5_1,0.000,0.000,30.508,39.962
2025-12-03 15:46:04,mlx5_2,0.000,0.000,0.000,0.000
2025-12-03 15:46:04,mlx5_3,0.000,0.000,30.418,39.895
2025-12-03 15:46:04,mlx5_4,0.000,0.000,0.000,0.000
2025-12-03 15:46:04,mlx5_5,0.000,0.000,30.339,39.617
2025-12-03 15:46:04,mlx5_6,0.000,0.000,0.000,0.000
2025-12-03 15:46:04,mlx5_7,0.000,0.000,0.000,0.000
2025-12-03 15:46:04,mlx5_8,0.000,0.000,30.252,39.646
2025-12-03 15:46:04,mlx5_9,0.000,0.000,0.000,0.000
2025-12-03 15:46:04,TOTAL,0.000,0.000,121.516,159.120
2025-12-03 15:46:05,mlx5_0,0.000,0.000,0.000,0.000
2025-12-03 15:46:05,mlx5_1,0.000,0.000,30.508,39.962
2025-12-03 15:46:05,mlx5_2,0.000,0.000,0.000,0.000
2025-12-03 15:46:05,mlx5_3,0.000,0.000,30.418,39.895
2025-12-03 15:46:05,mlx5_4,0.000,0.000,0.000,0.000
2025-12-03 15:46:05,mlx5_5,0.000,0.000,30.339,39.617
2025-12-03 15:46:05,mlx5_6,0.000,0.000,0.000,0.000
2025-12-03 15:46:05,mlx5_7,0.000,0.000,0.000,0.000
2025-12-03 15:46:05,mlx5_8,0.000,0.000,30.252,39.646
2025-12-03 15:46:05,mlx5_9,0.000,0.000,0.000,0.000
2025-12-03 15:46:05,TOTAL,0.000,0.000,121.516,159.120
2025-12-03 15:46:06,mlx5_0,0.000,0.000,0.000,0.000
2025-12-03 15:46:06,mlx5_1,0.000,0.000,30.508,39.962
2025-12-03 15:46:06,mlx5_2,0.000,0.000,0.000,0.000
2025-12-03 15:46:06,mlx5_3,0.000,0.000,30.418,39.895
2025-12-03 15:46:06,mlx5_4,0.000,0.000,0.000,0.000
2025-12-03 15:46:06,mlx5_5,0.000,0.000,30.339,39.617
2025-12-03 15:46:06,mlx5_6,0.000,0.000,0.000,0.000
2025-12-03 15:46:06,mlx5_7,0.000,0.000,0.000,0.000
2025-12-03 15:46:06,mlx5_8,0.000,0.000,30.252,39.646
2025-12-03 15:46:06,mlx5_9,0.000,0.000,0.000,0.000
2025-12-03 15:46:06,TOTAL,0.000,0.000,121.516,159.120
2025-12-03 15:46:08,mlx5_0,0.000,0.000,0.000,0.000
2025-12-03 15:46:08,mlx5_1,0.000,0.000,30.508,39.962
2025-12-03 15:46:08,mlx5_2,0.000,0.000,0.000,0.000
2025-12-03 15:46:08,mlx5_3,0.000,0.000,30.418,39.895
2025-12-03 15:46:08,mlx5_4,0.000,0.000,0.000,0.000
2025-12-03 15:46:08,mlx5_5,0.000,0.000,30.339,39.617
2025-12-03 15:46:08,mlx5_6,0.000,0.000,0.000,0.000
2025-12-03 15:46:08,mlx5_7,0.000,0.000,0.000,0.000
2025-12-03 15:46:08,mlx5_8,0.000,0.000,30.252,39.646
2025-12-03 15:46:08,mlx5_9,0.000,0.000,0.000,0.000
2025-12-03 15:46:08,TOTAL,0.000,0.000,121.516,159.120
2025-12-03 15:46:09,mlx5_0,0.000,0.000,0.000,0.000
2025-12-03 15:46:09,mlx5_1,0.000,0.000,30.508,39.962
2025-12-03 15:46:09,mlx5_2,0.000,0.000,0.000,0.000
2025-12-03 15:46:09,mlx5_3,0.000,0.000,30.418,39.895
2025-12-03 15:46:09,mlx5_4,0.000,0.000,0.000,0.000
2025-12-03 15:46:09,mlx5_5,0.000,0.000,30.339,39.617
2025-12-03 15:46:09,mlx5_6,0.000,0.000,0.000,0.000
2025-12-03 15:46:09,mlx5_7,0.000,0.000,0.000,0.000
2025-12-03 15:46:09,mlx5_8,0.000,0.000,30.252,39.646
2025-12-03 15:46:09,mlx5_9,0.000,0.000,0.000,0.000
2025-12-03 15:46:09,TOTAL,0.000,0.000,121.516,159.120
2025-12-03 15:46:10,mlx5_0,0.000,0.000,0.000,0.000
2025-12-03 15:46:10,mlx5_1,0.000,0.000,30.508,39.962
2025-12-03 15:46:10,mlx5_2,0.000,0.000,0.000,0.000
2025-12-03 15:46:10,mlx5_3,0.000,0.000,30.418,39.895
2025-12-03 15:46:10,mlx5_4,0.000,0.000,0.000,0.000
2025-12-03 15:46:10,mlx5_5,0.000,0.000,30.339,39.617
2025-12-03 15:46:10,mlx5_6,0.000,0.000,0.000,0.000
2025-12-03 15:46:10,mlx5_7,0.000,0.000,0.000,0.000
2025-12-03 15:46:10,mlx5_8,0.000,0.000,30.252,39.646
2025-12-03 15:46:10,mlx5_9,0.000,0.000,0.000,0.000
2025-12-03 15:46:10,TOTAL,0.000,0.000,121.516,159.120
2025-12-03 15:46:11,mlx5_0,0.000,0.000,0.000,0.000
2025-12-03 15:46:11,mlx5_1,0.000,0.000,30.508,39.962
2025-12-03 15:46:11,mlx5_2,0.000,0.000,0.000,0.000
2025-12-03 15:46:11,mlx5_3,0.000,0.000,30.418,39.895
2025-12-03 15:46:11,mlx5_4,0.000,0.000,0.000,0.000
2025-12-03 15:46:11,mlx5_5,0.000,0.000,30.339,39.617
2025-12-03 15:46:11,mlx5_6,0.000,0.000,0.000,0.000
2025-12-03 15:46:11,mlx5_7,0.000,0.000,0.000,0.000
2025-12-03 15:46:11,mlx5_8,0.000,0.000,30.252,39.646
2025-12-03 15:46:11,mlx5_9,0.000,0.000,0.000,0.000
2025-12-03 15:46:11,TOTAL,0.000,0.000,121.516,159.120
2025-12-03 15:46:12,mlx5_0,0.000,0.000,0.000,0.000
2025-12-03 15:46:12,mlx5_1,0.000,0.000,30.508,39.962
2025-12-03 15:46:12,mlx5_2,0.000,0.000,0.000,0.000
2025-12-03 15:46:12,mlx5_3,0.000,0.000,30.418,39.895
2025-12-03 15:46:12,mlx5_4,0.000,0.000,0.000,0.000
2025-12-03 15:46:12,mlx5_5,0.000,0.000,30.339,39.617
2025-12-03 15:46:12,mlx5_6,0.000,0.000,0.000,0.000
2025-12-03 15:46:12,mlx5_7,0.000,0.000,0.000,0.000
2025-12-03 15:46:12,mlx5_8,0.000,0.000,30.252,39.646
2025-12-03 15:46:12,mlx5_9,0.000,0.000,0.000,0.000
2025-12-03 15:46:12,TOTAL,0.000,0.000,121.516,159.120
2025-12-03 15:46:13,mlx5_0,0.000,0.000,0.000,0.000
2025-12-03 15:46:13,mlx5_1,0.000,0.000,30.508,39.962
2025-12-03 15:46:13,mlx5_2,0.000,0.000,0.000,0.000
2025-12-03 15:46:13,mlx5_3,0.000,0.000,30.418,39.895
2025-12-03 15:46:13,mlx5_4,0.000,0.000,0.000,0.000
2025-12-03 15:46:13,mlx5_5,0.000,0.000,30.339,39.617
2025-12-03 15:46:13,mlx5_6,0.000,0.000,0.000,0.000
2025-12-03 15:46:13,mlx5_7,0.000,0.000,0.000,0.000
2025-12-03 15:46:13,mlx5_8,0.000,0.000,30.252,39.646
2025-12-03 15:46:13,mlx5_9,0.000,0.000,0.000,0.000
2025-12-03 15:46:13,TOTAL,0.000,0.000,121.516,159.120
2025-12-03 15:46:14,mlx5_0,0.000,0.000,0.000,0.000
2025-12-03 15:46:14,mlx5_1,0.000,0.000,30.508,39.962
2025-12-03 15:46:14,mlx5_2,0.000,0.000,0.000,0.000
2025-12-03 15:46:14,mlx5_3,0.000,0.000,30.418,39.895
2025-12-03 15:46:14,mlx5_4,0.000,0.000,0.000,0.000
2025-12-03 15:46:14,mlx5_5,0.000,0.000,30.339,39.617
2025-12-03 15:46:14,mlx5_6,0.000,0.000,0.000,0.000
2025-12-03 15:46:14,mlx5_7,0.000,0.000,0.000,0.000
2025-12-03 15:46:14,mlx5_8,0.000,0.000,30.252,39.646
2025-12-03 15:46:14,mlx5_9,0.000,0.000,0.000,0.000
2025-12-03 15:46:14,TOTAL,0.000,0.000,121.516,159.120
2025-12-03 15:46:15,mlx5_0,0.000,0.000,0.000,0.000
2025-12-03 15:46:15,mlx5_1,0.000,0.000,30.508,39.962
2025-12-03 15:46:15,mlx5_2,0.000,0.000,0.000,0.000
2025-12-03 15:46:15,mlx5_3,0.000,0.000,30.418,39.895
2025-12-03 15:46:15,mlx5_4,0.000,0.000,0.000,0.000
2025-12-03 15:46:15,mlx5_5,0.000,0.000,30.339,39.617
2025-12-03 15:46:15,mlx5_6,0.000,0.000,0.000,0.000
2025-12-03 15:46:15,mlx5_7,0.000,0.000,0.000,0.000
2025-12-03 15:46:15,mlx5_8,0.000,0.000,30.252,39.646
2025-12-03 15:46:15,mlx5_9,0.000,0.000,0.000,0.000
2025-12-03 15:46:15,TOTAL,0.000,0.000,121.516,159.120
2025-12-03 15:46:16,mlx5_0,0.000,0.000,0.000,0.000
2025-12-03 15:46:16,mlx5_1,0.000,0.000,30.508,39.962
2025-12-03 15:46:16,mlx5_2,0.000,0.000,0.000,0.000
2025-12-03 15:46:16,mlx5_3,0.000,0.000,30.418,39.895
2025-12-03 15:46:16,mlx5_4,0.000,0.000,0.000,0.000
2025-12-03 15:46:16,mlx5_5,0.000,0.000,30.339,39.617
2025-12-03 15:46:16,mlx5_6,0.000,0.000,0.000,0.000
2025-12-03 15:46:16,mlx5_7,0.000,0.000,0.000,0.000
2025-12-03 15:46:16,mlx5_8,0.000,0.000,30.252,39.646
2025-12-03 15:46:16,mlx5_9,0.000,0.000,0.000,0.000
2025-12-03 15:46:16,TOTAL,0.000,0.000,121.516,159.120
2025-12-03 15:46:17,mlx5_0,0.000,0.000,0.000,0.000
2025-12-03 15:46:17,mlx5_1,0.000,0.000,30.508,39.962
2025-12-03 15:46:17,mlx5_2,0.000,0.000,0.000,0.000
2025-12-03 15:46:17,mlx5_3,0.000,0.000,30.418,39.895
2025-12-03 15:46:17,mlx5_4,0.000,0.000,0.000,0.000
2025-12-03 15:46:17,mlx5_5,0.000,0.000,30.339,39.617
2025-12-03 15:46:17,mlx5_6,0.000,0.000,0.000,0.000
2025-12-03 15:46:17,mlx5_7,0.000,0.000,0.000,0.000
2025-12-03 15:46:17,mlx5_8,0.000,0.000,30.252,39.646
2025-12-03 15:46:17,mlx5_9,0.000,0.000,0.000,0.000
2025-12-03 15:46:17,TOTAL,0.000,0.000,121.516,159.120
2025-12-03 15:46:18,mlx5_0,0.000,0.000,0.000,0.000
2025-12-03 15:46:18,mlx5_1,0.000,0.000,30.508,39.962
2025-12-03 15:46:18,mlx5_2,0.000,0.000,0.000,0.000
2025-12-03 15:46:18,mlx5_3,0.000,0.060,30.418,39.903
2025-12-03 15:46:18,mlx5_4,0.000,0.000,0.000,0.000
2025-12-03 15:46:18,mlx5_5,0.000,0.048,30.339,39.623
2025-12-03 15:46:18,mlx5_6,0.000,0.000,0.000,0.000
2025-12-03 15:46:18,mlx5_7,0.000,0.000,0.000,0.000
2025-12-03 15:46:18,mlx5_8,0.000,0.056,30.252,39.653
2025-12-03 15:46:18,mlx5_9,0.000,0.000,0.000,0.000
2025-12-03 15:46:18,TOTAL,0.000,0.164,121.516,159.141
2025-12-03 15:46:19,mlx5_0,0.000,0.000,0.000,0.000
2025-12-03 15:46:19,mlx5_1,0.000,0.000,30.508,39.962
2025-12-03 15:46:19,mlx5_2,0.000,0.000,0.000,0.000
2025-12-03 15:46:19,mlx5_3,0.000,0.000,30.418,39.903
2025-12-03 15:46:19,mlx5_4,0.000,0.000,0.000,0.000
2025-12-03 15:46:19,mlx5_5,0.000,0.000,30.339,39.623
2025-12-03 15:46:19,mlx5_6,0.000,0.000,0.000,0.000
2025-12-03 15:46:19,mlx5_7,0.000,0.000,0.000,0.000
2025-12-03 15:46:19,mlx5_8,0.000,0.000,30.252,39.653
2025-12-03 15:46:19,mlx5_9,0.000,0.000,0.000,0.000
2025-12-03 15:46:19,TOTAL,0.000,0.000,121.516,159.141
2025-12-03 15:46:20,mlx5_0,0.000,0.000,0.000,0.000
2025-12-03 15:46:20,mlx5_1,0.000,0.000,30.508,39.962
2025-12-03 15:46:20,mlx5_2,0.000,0.000,0.000,0.000
2025-12-03 15:46:20,mlx5_3,0.000,0.000,30.418,39.903
2025-12-03 15:46:20,mlx5_4,0.000,0.000,0.000,0.000
2025-12-03 15:46:20,mlx5_5,0.000,0.000,30.339,39.623
2025-12-03 15:46:20,mlx5_6,0.000,0.000,0.000,0.000
2025-12-03 15:46:20,mlx5_7,0.000,0.000,0.000,0.000
2025-12-03 15:46:20,mlx5_8,0.000,0.000,30.252,39.653
2025-12-03 15:46:20,mlx5_9,0.000,0.000,0.000,0.000
2025-12-03 15:46:20,TOTAL,0.000,0.000,121.516,159.141
2025-12-03 15:46:21,mlx5_0,0.000,0.000,0.000,0.000
2025-12-03 15:46:21,mlx5_1,0.000,0.000,30.508,39.962
2025-12-03 15:46:21,mlx5_2,0.000,0.000,0.000,0.000
2025-12-03 15:46:21,mlx5_3,0.000,0.000,30.418,39.903
2025-12-03 15:46:21,mlx5_4,0.000,0.000,0.000,0.000
2025-12-03 15:46:21,mlx5_5,0.000,0.000,30.339,39.623
2025-12-03 15:46:21,mlx5_6,0.000,0.000,0.000,0.000
2025-12-03 15:46:21,mlx5_7,0.000,0.000,0.000,0.000
2025-12-03 15:46:21,mlx5_8,0.000,0.000,30.252,39.653
2025-12-03 15:46:21,mlx5_9,0.000,0.000,0.000,0.000
2025-12-03 15:46:21,TOTAL,0.000,0.000,121.516,159.141
2025-12-03 15:46:22,mlx5_0,0.000,0.000,0.000,0.000
2025-12-03 15:46:22,mlx5_1,0.000,0.000,30.508,39.962
2025-12-03 15:46:22,mlx5_2,0.000,0.000,0.000,0.000
2025-12-03 15:46:22,mlx5_3,0.000,0.000,30.418,39.903
2025-12-03 15:46:22,mlx5_4,0.000,0.000,0.000,0.000
2025-12-03 15:46:22,mlx5_5,0.000,0.000,30.339,39.623
2025-12-03 15:46:22,mlx5_6,0.000,0.000,0.000,0.000
2025-12-03 15:46:22,mlx5_7,0.000,0.000,0.000,0.000
2025-12-03 15:46:22,mlx5_8,0.000,0.000,30.252,39.653
2025-12-03 15:46:22,mlx5_9,0.000,0.000,0.000,0.000
2025-12-03 15:46:22,TOTAL,0.000,0.000,121.516,159.141
2025-12-03 15:46:23,mlx5_0,0.000,0.000,0.000,0.000
2025-12-03 15:46:23,mlx5_1,0.000,0.000,30.508,39.962
2025-12-03 15:46:23,mlx5_2,0.000,0.000,0.000,0.000
2025-12-03 15:46:23,mlx5_3,0.000,0.000,30.418,39.903
2025-12-03 15:46:23,mlx5_4,0.000,0.000,0.000,0.000
2025-12-03 15:46:23,mlx5_5,0.000,0.000,30.339,39.623
2025-12-03 15:46:23,mlx5_6,0.000,0.000,0.000,0.000
2025-12-03 15:46:23,mlx5_7,0.000,0.000,0.000,0.000
2025-12-03 15:46:23,mlx5_8,0.000,0.000,30.252,39.653
2025-12-03 15:46:23,mlx5_9,0.000,0.000,0.000,0.000
2025-12-03 15:46:23,TOTAL,0.000,0.000,121.516,159.141
2025-12-03 15:46:24,mlx5_0,0.000,0.000,0.000,0.000
2025-12-03 15:46:24,mlx5_1,0.000,0.000,30.508,39.962
2025-12-03 15:46:24,mlx5_2,0.000,0.000,0.000,0.000
2025-12-03 15:46:24,mlx5_3,0.000,0.000,30.418,39.903
2025-12-03 15:46:24,mlx5_4,0.000,0.000,0.000,0.000
2025-12-03 15:46:24,mlx5_5,0.000,0.000,30.339,39.623
2025-12-03 15:46:24,mlx5_6,0.000,0.000,0.000,0.000
2025-12-03 15:46:24,mlx5_7,0.000,0.000,0.000,0.000
2025-12-03 15:46:24,mlx5_8,0.000,0.000,30.252,39.653
2025-12-03 15:46:24,mlx5_9,0.000,0.000,0.000,0.000
2025-12-03 15:46:24,TOTAL,0.000,0.000,121.516,159.141
2025-12-03 15:46:25,mlx5_0,0.000,0.000,0.000,0.000
2025-12-03 15:46:25,mlx5_1,0.000,0.000,30.508,39.962
2025-12-03 15:46:25,mlx5_2,0.000,0.000,0.000,0.000
2025-12-03 15:46:25,mlx5_3,0.000,0.000,30.418,39.903
2025-12-03 15:46:25,mlx5_4,0.000,0.000,0.000,0.000
2025-12-03 15:46:25,mlx5_5,0.000,0.000,30.339,39.623
2025-12-03 15:46:25,mlx5_6,0.000,0.000,0.000,0.000
2025-12-03 15:46:25,mlx5_7,0.000,0.000,0.000,0.000
2025-12-03 15:46:25,mlx5_8,0.000,0.000,30.252,39.653
2025-12-03 15:46:25,mlx5_9,0.000,0.000,0.000,0.000
2025-12-03 15:46:25,TOTAL,0.000,0.000,121.516,159.141
2025-12-03 15:46:26,mlx5_0,0.000,0.000,0.000,0.000
2025-12-03 15:46:26,mlx5_1,0.006,3.192,30.508,40.363
2025-12-03 15:46:26,mlx5_2,0.000,0.000,0.000,0.000
2025-12-03 15:46:26,mlx5_3,0.006,4.204,30.418,40.431
2025-12-03 15:46:26,mlx5_4,0.000,0.000,0.000,0.000
2025-12-03 15:46:26,mlx5_5,0.006,4.043,30.340,40.131
2025-12-03 15:46:26,mlx5_6,0.000,0.000,0.000,0.000
2025-12-03 15:46:26,mlx5_7,0.000,0.000,0.000,0.000
2025-12-03 15:46:26,mlx5_8,0.007,4.112,30.253,40.169
2025-12-03 15:46:26,mlx5_9,0.000,0.000,0.000,0.000
2025-12-03 15:46:26,TOTAL,0.025,15.552,121.519,161.094
2025-12-03 15:46:27,mlx5_0,0.000,0.000,0.000,0.000
2025-12-03 15:46:27,mlx5_1,0.178,52.613,30.531,46.974
2025-12-03 15:46:27,mlx5_2,0.000,0.000,0.000,0.000
2025-12-03 15:46:27,mlx5_3,0.232,63.198,30.448,48.372
2025-12-03 15:46:27,mlx5_4,0.000,0.000,0.000,0.000
2025-12-03 15:46:27,mlx5_5,0.224,63.617,30.368,48.125
2025-12-03 15:46:27,mlx5_6,0.000,0.000,0.000,0.000
2025-12-03 15:46:27,mlx5_7,0.000,0.000,0.000,0.000
2025-12-03 15:46:27,mlx5_8,0.227,62.859,30.281,48.068
2025-12-03 15:46:27,mlx5_9,0.000,0.000,0.000,0.000
2025-12-03 15:46:27,TOTAL,0.860,242.287,121.627,191.539
2025-12-03 15:46:28,mlx5_0,0.000,0.000,0.000,0.000
2025-12-03 15:46:28,mlx5_1,0.294,104.427,30.568,60.074
2025-12-03 15:46:28,mlx5_2,0.000,0.000,0.000,0.000
2025-12-03 15:46:28,mlx5_3,0.369,127.215,30.494,64.330
2025-12-03 15:46:28,mlx5_4,0.000,0.000,0.000,0.000
2025-12-03 15:46:28,mlx5_5,0.358,126.469,30.413,63.989
2025-12-03 15:46:28,mlx5_6,0.000,0.000,0.000,0.000
2025-12-03 15:46:28,mlx5_7,0.000,0.000,0.000,0.000
2025-12-03 15:46:28,mlx5_8,0.387,126.502,30.330,63.936
2025-12-03 15:46:28,mlx5_9,0.000,0.000,0.000,0.000
2025-12-03 15:46:28,TOTAL,1.408,484.612,121.804,252.329
2025-12-03 15:46:29,mlx5_0,0.000,0.000,0.000,0.000
2025-12-03 15:46:29,mlx5_1,0.111,38.273,30.581,64.884
2025-12-03 15:46:29,mlx5_2,0.000,0.000,0.000,0.000
2025-12-03 15:46:29,mlx5_3,0.151,47.857,30.513,70.345
2025-12-03 15:46:29,mlx5_4,0.000,0.000,0.000,0.000
2025-12-03 15:46:29,mlx5_5,0.141,47.112,30.430,69.910
2025-12-03 15:46:29,mlx5_6,0.000,0.000,0.000,0.000
2025-12-03 15:46:29,mlx5_7,0.000,0.000,0.000,0.000
2025-12-03 15:46:29,mlx5_8,0.157,47.428,30.350,69.897
2025-12-03 15:46:29,mlx5_9,0.000,0.000,0.000,0.000
2025-12-03 15:46:29,TOTAL,0.560,180.671,121.874,275.034
2025-12-03 15:46:30,mlx5_0,0.000,0.000,0.000,0.000
2025-12-03 15:46:30,mlx5_1,0.000,0.000,30.581,64.884
2025-12-03 15:46:30,mlx5_2,0.000,0.000,0.000,0.000
2025-12-03 15:46:30,mlx5_3,0.000,0.000,30.513,70.345
2025-12-03 15:46:30,mlx5_4,0.000,0.000,0.000,0.000
2025-12-03 15:46:30,mlx5_5,0.000,0.000,30.430,69.910
2025-12-03 15:46:30,mlx5_6,0.000,0.000,0.000,0.000
2025-12-03 15:46:30,mlx5_7,0.000,0.000,0.000,0.000
2025-12-03 15:46:30,mlx5_8,0.000,0.000,30.350,69.897
2025-12-03 15:46:30,mlx5_9,0.000,0.000,0.000,0.000
2025-12-03 15:46:30,TOTAL,0.000,0.000,121.874,275.034
2025-12-03 15:46:31,mlx5_0,0.000,0.000,0.000,0.000
2025-12-03 15:46:31,mlx5_1,0.000,0.000,30.581,64.884
2025-12-03 15:46:31,mlx5_2,0.000,0.000,0.000,0.000
2025-12-03 15:46:31,mlx5_3,0.000,0.000,30.513,70.345
2025-12-03 15:46:31,mlx5_4,0.000,0.000,0.000,0.000
2025-12-03 15:46:31,mlx5_5,0.000,0.000,30.430,69.910
2025-12-03 15:46:31,mlx5_6,0.000,0.000,0.000,0.000
2025-12-03 15:46:31,mlx5_7,0.000,0.000,0.000,0.000
2025-12-03 15:46:31,mlx5_8,0.000,0.000,30.350,69.897
2025-12-03 15:46:31,mlx5_9,0.000,0.000,0.000,0.000
2025-12-03 15:46:31,TOTAL,0.000,0.000,121.874,275.034
2025-12-03 15:46:32,mlx5_0,0.000,0.000,0.000,0.000
2025-12-03 15:46:32,mlx5_1,0.000,0.000,30.581,64.884
2025-12-03 15:46:32,mlx5_2,0.000,0.000,0.000,0.000
2025-12-03 15:46:32,mlx5_3,0.000,0.000,30.513,70.345
2025-12-03 15:46:32,mlx5_4,0.000,0.000,0.000,0.000
2025-12-03 15:46:32,mlx5_5,0.000,0.000,30.430,69.910
2025-12-03 15:46:32,mlx5_6,0.000,0.000,0.000,0.000
2025-12-03 15:46:32,mlx5_7,0.000,0.000,0.000,0.000
2025-12-03 15:46:32,mlx5_8,0.000,0.000,30.350,69.897
2025-12-03 15:46:32,mlx5_9,0.000,0.000,0.000,0.000
2025-12-03 15:46:32,TOTAL,0.000,0.000,121.874,275.034
2025-12-03 15:46:33,mlx5_0,0.000,0.000,0.000,0.000
2025-12-03 15:46:33,mlx5_1,0.000,0.000,30.581,64.884
2025-12-03 15:46:33,mlx5_2,0.000,0.000,0.000,0.000
2025-12-03 15:46:33,mlx5_3,0.000,0.000,30.513,70.345
2025-12-03 15:46:33,mlx5_4,0.000,0.000,0.000,0.000
2025-12-03 15:46:33,mlx5_5,0.000,0.000,30.430,69.910
2025-12-03 15:46:33,mlx5_6,0.000,0.000,0.000,0.000
2025-12-03 15:46:33,mlx5_7,0.000,0.000,0.000,0.000
2025-12-03 15:46:33,mlx5_8,0.000,0.000,30.350,69.897
2025-12-03 15:46:33,mlx5_9,0.000,0.000,0.000,0.000
2025-12-03 15:46:33,TOTAL,0.000,0.000,121.874,275.034
2025-12-03 15:46:34,mlx5_0,0.000,0.000,0.000,0.000
2025-12-03 15:46:34,mlx5_1,0.000,0.000,30.581,64.884
2025-12-03 15:46:34,mlx5_2,0.000,0.000,0.000,0.000
2025-12-03 15:46:34,mlx5_3,0.000,0.000,30.513,70.345
2025-12-03 15:46:34,mlx5_4,0.000,0.000,0.000,0.000
2025-12-03 15:46:34,mlx5_5,0.000,0.000,30.430,69.910
2025-12-03 15:46:34,mlx5_6,0.000,0.000,0.000,0.000
2025-12-03 15:46:34,mlx5_7,0.000,0.000,0.000,0.000
2025-12-03 15:46:34,mlx5_8,0.000,0.000,30.350,69.897
2025-12-03 15:46:34,mlx5_9,0.000,0.000,0.000,0.000
2025-12-03 15:46:34,TOTAL,0.000,0.000,121.874,275.034
2025-12-03 15:46:35,mlx5_0,0.000,0.000,0.000,0.000
2025-12-03 15:46:35,mlx5_1,0.000,0.000,30.581,64.884
2025-12-03 15:46:35,mlx5_2,0.000,0.000,0.000,0.000
2025-12-03 15:46:35,mlx5_3,0.000,0.000,30.513,70.345
2025-12-03 15:46:35,mlx5_4,0.000,0.000,0.000,0.000
2025-12-03 15:46:35,mlx5_5,0.000,0.000,30.430,69.910
2025-12-03 15:46:35,mlx5_6,0.000,0.000,0.000,0.000
2025-12-03 15:46:35,mlx5_7,0.000,0.000,0.000,0.000
2025-12-03 15:46:35,mlx5_8,0.000,0.000,30.350,69.897
2025-12-03 15:46:35,mlx5_9,0.000,0.000,0.000,0.000
2025-12-03 15:46:35,TOTAL,0.000,0.000,121.874,275.034
2025-12-03 15:46:36,mlx5_0,0.000,0.000,0.000,0.000
2025-12-03 15:46:36,mlx5_1,0.000,0.000,30.581,64.884
2025-12-03 15:46:36,mlx5_2,0.000,0.000,0.000,0.000
2025-12-03 15:46:36,mlx5_3,0.000,0.000,30.513,70.345
2025-12-03 15:46:36,mlx5_4,0.000,0.000,0.000,0.000
2025-12-03 15:46:36,mlx5_5,0.000,0.000,30.430,69.910
2025-12-03 15:46:36,mlx5_6,0.000,0.000,0.000,0.000
2025-12-03 15:46:36,mlx5_7,0.000,0.000,0.000,0.000
2025-12-03 15:46:36,mlx5_8,0.000,0.000,30.350,69.897
2025-12-03 15:46:36,mlx5_9,0.000,0.000,0.000,0.000
2025-12-03 15:46:36,TOTAL,0.000,0.000,121.874,275.034
2025-12-03 15:46:37,mlx5_0,0.000,0.000,0.000,0.000
2025-12-03 15:46:37,mlx5_1,0.000,0.000,30.581,64.884
2025-12-03 15:46:37,mlx5_2,0.000,0.000,0.000,0.000
2025-12-03 15:46:37,mlx5_3,0.000,0.000,30.513,70.345
2025-12-03 15:46:37,mlx5_4,0.000,0.000,0.000,0.000
2025-12-03 15:46:37,mlx5_5,0.000,0.000,30.430,69.910
2025-12-03 15:46:37,mlx5_6,0.000,0.000,0.000,0.000
2025-12-03 15:46:37,mlx5_7,0.000,0.000,0.000,0.000
2025-12-03 15:46:37,mlx5_8,0.000,0.000,30.350,69.897
2025-12-03 15:46:37,mlx5_9,0.000,0.000,0.000,0.000
2025-12-03 15:46:37,TOTAL,0.000,0.000,121.874,275.034
2025-12-03 15:46:38,mlx5_0,0.000,0.000,0.000,0.000
2025-12-03 15:46:38,mlx5_1,0.000,0.000,30.581,64.884
2025-12-03 15:46:38,mlx5_2,0.000,0.000,0.000,0.000
2025-12-03 15:46:38,mlx5_3,0.000,0.000,30.513,70.345
2025-12-03 15:46:38,mlx5_4,0.000,0.000,0.000,0.000
2025-12-03 15:46:38,mlx5_5,0.000,0.000,30.430,69.910
2025-12-03 15:46:38,mlx5_6,0.000,0.000,0.000,0.000
2025-12-03 15:46:38,mlx5_7,0.000,0.000,0.000,0.000
2025-12-03 15:46:38,mlx5_8,0.000,0.000,30.350,69.897
2025-12-03 15:46:38,mlx5_9,0.000,0.000,0.000,0.000
2025-12-03 15:46:38,TOTAL,0.000,0.000,121.874,275.034
2025-12-03 15:46:39,mlx5_0,0.000,0.000,0.000,0.000
2025-12-03 15:46:39,mlx5_1,0.000,0.000,30.581,64.884
2025-12-03 15:46:39,mlx5_2,0.000,0.000,0.000,0.000
2025-12-03 15:46:39,mlx5_3,0.000,0.000,30.513,70.345
2025-12-03 15:46:39,mlx5_4,0.000,0.000,0.000,0.000
2025-12-03 15:46:39,mlx5_5,0.000,0.000,30.430,69.910
2025-12-03 15:46:39,mlx5_6,0.000,0.000,0.000,0.000
2025-12-03 15:46:39,mlx5_7,0.000,0.000,0.000,0.000
2025-12-03 15:46:39,mlx5_8,0.000,0.000,30.350,69.897
2025-12-03 15:46:39,mlx5_9,0.000,0.000,0.000,0.000
2025-12-03 15:46:39,TOTAL,0.000,0.000,121.874,275.034
2025-12-03 15:46:40,mlx5_0,0.000,0.000,0.000,0.000
2025-12-03 15:46:40,mlx5_1,0.000,0.000,30.581,64.884
2025-12-03 15:46:40,mlx5_2,0.000,0.000,0.000,0.000
2025-12-03 15:46:40,mlx5_3,0.000,0.000,30.513,70.345
2025-12-03 15:46:40,mlx5_4,0.000,0.000,0.000,0.000
2025-12-03 15:46:40,mlx5_5,0.000,0.000,30.430,69.910
2025-12-03 15:46:40,mlx5_6,0.000,0.000,0.000,0.000
2025-12-03 15:46:40,mlx5_7,0.000,0.000,0.000,0.000
2025-12-03 15:46:40,mlx5_8,0.000,0.000,30.350,69.897
2025-12-03 15:46:40,mlx5_9,0.000,0.000,0.000,0.000
2025-12-03 15:46:40,TOTAL,0.000,0.000,121.874,275.034
2025-12-03 15:46:41,mlx5_0,0.000,0.000,0.000,0.000
2025-12-03 15:46:41,mlx5_1,0.000,0.000,30.581,64.884
2025-12-03 15:46:41,mlx5_2,0.000,0.000,0.000,0.000
2025-12-03 15:46:41,mlx5_3,0.000,0.000,30.513,70.345
2025-12-03 15:46:41,mlx5_4,0.000,0.000,0.000,0.000
2025-12-03 15:46:41,mlx5_5,0.000,0.000,30.430,69.910
2025-12-03 15:46:41,mlx5_6,0.000,0.000,0.000,0.000
2025-12-03 15:46:41,mlx5_7,0.000,0.000,0.000,0.000
2025-12-03 15:46:41,mlx5_8,0.000,0.000,30.350,69.897
2025-12-03 15:46:41,mlx5_9,0.000,0.000,0.000,0.000
2025-12-03 15:46:41,TOTAL,0.000,0.000,121.874,275.034
2025-12-03 15:46:42,mlx5_0,0.000,0.000,0.000,0.000
2025-12-03 15:46:42,mlx5_1,0.000,0.000,30.581,64.884
2025-12-03 15:46:42,mlx5_2,0.000,0.000,0.000,0.000
2025-12-03 15:46:42,mlx5_3,0.000,0.000,30.513,70.345
2025-12-03 15:46:42,mlx5_4,0.000,0.000,0.000,0.000
2025-12-03 15:46:42,mlx5_5,0.000,0.000,30.430,69.910
2025-12-03 15:46:42,mlx5_6,0.000,0.000,0.000,0.000
2025-12-03 15:46:42,mlx5_7,0.000,0.000,0.000,0.000
2025-12-03 15:46:42,mlx5_8,0.000,0.000,30.350,69.897
2025-12-03 15:46:42,mlx5_9,0.000,0.000,0.000,0.000
2025-12-03 15:46:42,TOTAL,0.000,0.000,121.874,275.034
2025-12-03 15:46:43,mlx5_0,0.000,0.000,0.000,0.000
2025-12-03 15:46:43,mlx5_1,0.000,0.000,30.581,64.884
2025-12-03 15:46:43,mlx5_2,0.000,0.000,0.000,0.000
2025-12-03 15:46:43,mlx5_3,0.000,0.000,30.513,70.345
2025-12-03 15:46:43,mlx5_4,0.000,0.000,0.000,0.000
2025-12-03 15:46:43,mlx5_5,0.000,0.000,30.430,69.910
2025-12-03 15:46:43,mlx5_6,0.000,0.000,0.000,0.000
2025-12-03 15:46:43,mlx5_7,0.000,0.000,0.000,0.000
2025-12-03 15:46:43,mlx5_8,0.000,0.000,30.350,69.897
2025-12-03 15:46:43,mlx5_9,0.000,0.000,0.000,0.000
2025-12-03 15:46:43,TOTAL,0.000,0.000,121.874,275.034
2025-12-03 15:46:44,mlx5_0,0.000,0.000,0.000,0.000
2025-12-03 15:46:44,mlx5_1,0.000,0.000,30.581,64.884
2025-12-03 15:46:44,mlx5_2,0.000,0.000,0.000,0.000
2025-12-03 15:46:44,mlx5_3,0.000,0.000,30.513,70.345
2025-12-03 15:46:44,mlx5_4,0.000,0.000,0.000,0.000
2025-12-03 15:46:44,mlx5_5,0.000,0.000,30.430,69.910
2025-12-03 15:46:44,mlx5_6,0.000,0.000,0.000,0.000
2025-12-03 15:46:44,mlx5_7,0.000,0.000,0.000,0.000
2025-12-03 15:46:44,mlx5_8,0.000,0.000,30.350,69.897
2025-12-03 15:46:44,mlx5_9,0.000,0.000,0.000,0.000
2025-12-03 15:46:44,TOTAL,0.000,0.000,121.874,275.034
2025-12-03 15:46:45,mlx5_0,0.000,0.000,0.000,0.000
2025-12-03 15:46:45,mlx5_1,0.000,0.000,30.581,64.884
2025-12-03 15:46:45,mlx5_2,0.000,0.000,0.000,0.000
2025-12-03 15:46:45,mlx5_3,0.000,0.000,30.513,70.345
2025-12-03 15:46:45,mlx5_4,0.000,0.000,0.000,0.000
2025-12-03 15:46:45,mlx5_5,0.000,0.000,30.430,69.910
2025-12-03 15:46:45,mlx5_6,0.000,0.000,0.000,0.000
2025-12-03 15:46:45,mlx5_7,0.000,0.000,0.000,0.000
2025-12-03 15:46:45,mlx5_8,0.000,0.000,30.350,69.897
2025-12-03 15:46:45,mlx5_9,0.000,0.000,0.000,0.000
2025-12-03 15:46:45,TOTAL,0.000,0.000,121.874,275.034
2025-12-03 15:46:46,mlx5_0,0.000,0.000,0.000,0.000
2025-12-03 15:46:46,mlx5_1,0.046,10.984,30.587,66.264
2025-12-03 15:46:46,mlx5_2,0.000,0.000,0.000,0.000
2025-12-03 15:46:46,mlx5_3,0.052,11.226,30.520,71.755
2025-12-03 15:46:46,mlx5_4,0.000,0.000,0.000,0.000
2025-12-03 15:46:46,mlx5_5,0.044,11.093,30.436,71.304
2025-12-03 15:46:46,mlx5_6,0.000,0.000,0.000,0.000
2025-12-03 15:46:46,mlx5_7,0.000,0.000,0.000,0.000
2025-12-03 15:46:46,mlx5_8,0.043,11.054,30.355,71.286
2025-12-03 15:46:46,mlx5_9,0.000,0.000,0.000,0.000
2025-12-03 15:46:46,TOTAL,0.186,44.357,121.898,280.608
2025-12-03 15:46:47,mlx5_0,0.000,0.000,0.000,0.000
2025-12-03 15:46:47,mlx5_1,6.787,0.009,31.440,66.265
2025-12-03 15:46:47,mlx5_2,0.000,0.000,0.000,0.000
2025-12-03 15:46:47,mlx5_3,6.609,0.010,31.350,71.756
2025-12-03 15:46:47,mlx5_4,0.000,0.000,0.000,0.000
2025-12-03 15:46:47,mlx5_5,6.756,0.010,31.285,71.305
2025-12-03 15:46:47,mlx5_6,0.000,0.000,0.000,0.000
2025-12-03 15:46:47,mlx5_7,0.000,0.000,0.000,0.000
2025-12-03 15:46:47,mlx5_8,6.845,0.009,31.215,71.287
2025-12-03 15:46:47,mlx5_9,0.000,0.000,0.000,0.000
2025-12-03 15:46:47,TOTAL,26.996,0.038,125.291,280.613
2025-12-03 15:46:48,mlx5_0,0.000,0.000,0.000,0.000
2025-12-03 15:46:48,mlx5_1,2.589,0.004,31.766,66.265
2025-12-03 15:46:48,mlx5_2,0.000,0.000,0.000,0.000
2025-12-03 15:46:48,mlx5_3,2.520,0.004,31.667,71.757
2025-12-03 15:46:48,mlx5_4,0.000,0.000,0.000,0.000
2025-12-03 15:46:48,mlx5_5,2.543,0.004,31.605,71.305
2025-12-03 15:46:48,mlx5_6,0.000,0.000,0.000,0.000
2025-12-03 15:46:48,mlx5_7,0.000,0.000,0.000,0.000
2025-12-03 15:46:48,mlx5_8,2.554,0.004,31.536,71.287
2025-12-03 15:46:48,mlx5_9,0.000,0.000,0.000,0.000
2025-12-03 15:46:48,TOTAL,10.207,0.015,126.573,280.615
2025-12-03 15:46:49,mlx5_0,0.000,0.000,0.000,0.000
2025-12-03 15:46:49,mlx5_1,9.307,0.013,32.935,66.267
2025-12-03 15:46:49,mlx5_2,0.000,0.000,0.000,0.000
2025-12-03 15:46:49,mlx5_3,9.328,0.014,32.839,71.759
2025-12-03 15:46:49,mlx5_4,0.000,0.000,0.000,0.000
2025-12-03 15:46:49,mlx5_5,9.286,0.014,32.771,71.307
2025-12-03 15:46:49,mlx5_6,0.000,0.000,0.000,0.000
2025-12-03 15:46:49,mlx5_7,0.000,0.000,0.000,0.000
2025-12-03 15:46:49,mlx5_8,9.289,0.013,32.703,71.289
2025-12-03 15:46:49,mlx5_9,0.000,0.000,0.000,0.000
2025-12-03 15:46:49,TOTAL,37.211,0.053,131.249,280.622
2025-12-03 15:46:50,mlx5_0,0.000,0.000,0.000,0.000
2025-12-03 15:46:50,mlx5_1,0.000,0.000,32.935,66.267
2025-12-03 15:46:50,mlx5_2,0.000,0.000,0.000,0.000
2025-12-03 15:46:50,mlx5_3,0.000,0.000,32.839,71.759
2025-12-03 15:46:50,mlx5_4,0.000,0.000,0.000,0.000
2025-12-03 15:46:50,mlx5_5,0.000,0.000,32.771,71.307
2025-12-03 15:46:50,mlx5_6,0.000,0.000,0.000,0.000
2025-12-03 15:46:50,mlx5_7,0.000,0.000,0.000,0.000
2025-12-03 15:46:50,mlx5_8,0.000,0.000,32.703,71.289
2025-12-03 15:46:50,mlx5_9,0.000,0.000,0.000,0.000
2025-12-03 15:46:50,TOTAL,0.000,0.000,131.249,280.622
2025-12-03 15:46:51,mlx5_0,0.000,0.000,0.000,0.000
2025-12-03 15:46:51,mlx5_1,9.290,0.013,34.102,66.269
2025-12-03 15:46:51,mlx5_2,0.000,0.000,0.000,0.000
2025-12-03 15:46:51,mlx5_3,9.309,0.014,34.008,71.760
2025-12-03 15:46:51,mlx5_4,0.000,0.000,0.000,0.000
2025-12-03 15:46:51,mlx5_5,9.391,0.014,33.951,71.309
2025-12-03 15:46:51,mlx5_6,0.000,0.000,0.000,0.000
2025-12-03 15:46:51,mlx5_7,0.000,0.000,0.000,0.000
2025-12-03 15:46:51,mlx5_8,9.229,0.013,33.863,71.291
2025-12-03 15:46:51,mlx5_9,0.000,0.000,0.000,0.000
2025-12-03 15:46:51,TOTAL,37.218,0.053,135.924,280.629
2025-12-03 15:46:52,mlx5_0,0.000,0.000,0.000,0.000
2025-12-03 15:46:52,mlx5_1,0.000,0.000,34.102,66.269
2025-12-03 15:46:52,mlx5_2,0.000,0.000,0.000,0.000
2025-12-03 15:46:52,mlx5_3,0.000,0.000,34.008,71.760
2025-12-03 15:46:52,mlx5_4,0.000,0.000,0.000,0.000
2025-12-03 15:46:52,mlx5_5,0.000,0.000,33.951,71.309
2025-12-03 15:46:52,mlx5_6,0.000,0.000,0.000,0.000
2025-12-03 15:46:52,mlx5_7,0.000,0.000,0.000,0.000
2025-12-03 15:46:52,mlx5_8,0.000,0.000,33.863,71.291
2025-12-03 15:46:52,mlx5_9,0.000,0.000,0.000,0.000
2025-12-03 15:46:52,TOTAL,0.000,0.000,135.924,280.629
2025-12-03 15:46:53,mlx5_0,0.000,0.000,0.000,0.000
2025-12-03 15:46:53,mlx5_1,7.802,0.011,35.082,66.270
2025-12-03 15:46:53,mlx5_2,0.000,0.000,0.000,0.000
2025-12-03 15:46:53,mlx5_3,7.956,0.011,35.008,71.762
2025-12-03 15:46:53,mlx5_4,0.000,0.000,0.000,0.000
2025-12-03 15:46:53,mlx5_5,7.894,0.011,34.943,71.310
2025-12-03 15:46:53,mlx5_6,0.000,0.000,0.000,0.000
2025-12-03 15:46:53,mlx5_7,0.000,0.000,0.000,0.000
2025-12-03 15:46:53,mlx5_8,8.005,0.011,34.868,71.292
2025-12-03 15:46:53,mlx5_9,0.000,0.000,0.000,0.000
2025-12-03 15:46:53,TOTAL,31.658,0.044,139.901,280.634
2025-12-03 15:46:54,mlx5_0,0.000,0.000,0.000,0.000
2025-12-03 15:46:54,mlx5_1,1.449,0.002,35.264,66.270
2025-12-03 15:46:54,mlx5_2,0.000,0.000,0.000,0.000
2025-12-03 15:46:54,mlx5_3,1.430,0.002,35.188,71.762
2025-12-03 15:46:54,mlx5_4,0.000,0.000,0.000,0.000
2025-12-03 15:46:54,mlx5_5,1.377,0.002,35.116,71.311
2025-12-03 15:46:54,mlx5_6,0.000,0.000,0.000,0.000
2025-12-03 15:46:54,mlx5_7,0.000,0.000,0.000,0.000
2025-12-03 15:46:54,mlx5_8,1.304,0.002,35.032,71.292
2025-12-03 15:46:54,mlx5_9,0.000,0.000,0.000,0.000
2025-12-03 15:46:54,TOTAL,5.560,0.009,140.600,280.635
2025-12-03 15:46:55,mlx5_0,0.000,0.000,0.000,0.000
2025-12-03 15:46:55,mlx5_1,0.000,0.000,35.264,66.270
2025-12-03 15:46:55,mlx5_2,0.000,0.000,0.000,0.000
2025-12-03 15:46:55,mlx5_3,0.000,0.000,35.188,71.762
2025-12-03 15:46:55,mlx5_4,0.000,0.000,0.000,0.000
2025-12-03 15:46:55,mlx5_5,0.000,0.000,35.116,71.311
2025-12-03 15:46:55,mlx5_6,0.000,0.000,0.000,0.000
2025-12-03 15:46:55,mlx5_7,0.000,0.000,0.000,0.000
2025-12-03 15:46:55,mlx5_8,0.000,0.000,35.032,71.292
2025-12-03 15:46:55,mlx5_9,0.000,0.000,0.000,0.000
2025-12-03 15:46:55,TOTAL,0.000,0.000,140.600,280.635
2025-12-03 15:46:56,mlx5_0,0.000,0.000,0.000,0.000
2025-12-03 15:46:56,mlx5_1,8.608,0.012,36.346,66.272
2025-12-03 15:46:56,mlx5_2,0.000,0.000,0.000,0.000
2025-12-03 15:46:56,mlx5_3,8.444,0.013,36.248,71.764
2025-12-03 15:46:56,mlx5_4,0.000,0.000,0.000,0.000
2025-12-03 15:46:56,mlx5_5,8.544,0.013,36.189,71.312
2025-12-03 15:46:56,mlx5_6,0.000,0.000,0.000,0.000
2025-12-03 15:46:56,mlx5_7,0.000,0.000,0.000,0.000
2025-12-03 15:46:56,mlx5_8,8.493,0.012,36.099,71.294
2025-12-03 15:46:56,mlx5_9,0.000,0.000,0.000,0.000
2025-12-03 15:46:56,TOTAL,34.088,0.050,144.883,280.642
2025-12-03 15:46:57,mlx5_0,0.000,0.000,0.000,0.000
2025-12-03 15:46:57,mlx5_1,0.035,11.264,36.350,67.687
2025-12-03 15:46:57,mlx5_2,0.000,0.000,0.000,0.000
2025-12-03 15:46:57,mlx5_3,0.028,11.130,36.252,73.162
2025-12-03 15:46:57,mlx5_4,0.000,0.000,0.000,0.000
2025-12-03 15:46:57,mlx5_5,0.026,10.940,36.193,72.687
2025-12-03 15:46:57,mlx5_6,0.000,0.000,0.000,0.000
2025-12-03 15:46:57,mlx5_7,0.000,0.000,0.000,0.000
2025-12-03 15:46:57,mlx5_8,0.031,11.024,36.103,72.679
2025-12-03 15:46:57,mlx5_9,0.000,0.000,0.000,0.000
2025-12-03 15:46:57,TOTAL,0.120,44.358,144.898,286.215
2025-12-03 15:46:58,mlx5_0,0.000,0.000,0.000,0.000
2025-12-03 15:46:58,mlx5_1,9.341,0.013,37.524,67.689
2025-12-03 15:46:58,mlx5_2,0.000,0.000,0.000,0.000
2025-12-03 15:46:58,mlx5_3,9.388,0.014,37.432,73.164
2025-12-03 15:46:58,mlx5_4,0.000,0.000,0.000,0.000
2025-12-03 15:46:58,mlx5_5,9.148,0.014,37.342,72.688
2025-12-03 15:46:58,mlx5_6,0.000,0.000,0.000,0.000
2025-12-03 15:46:58,mlx5_7,0.000,0.000,0.000,0.000
2025-12-03 15:46:58,mlx5_8,9.323,0.013,37.275,72.681
2025-12-03 15:46:58,mlx5_9,0.000,0.000,0.000,0.000
2025-12-03 15:46:58,TOTAL,37.201,0.054,149.573,286.222
2025-12-03 15:46:59,mlx5_0,0.000,0.000,0.000,0.000
2025-12-03 15:46:59,mlx5_1,0.000,0.000,37.524,67.689
2025-12-03 15:46:59,mlx5_2,0.000,0.000,0.000,0.000
2025-12-03 15:46:59,mlx5_3,0.000,0.000,37.432,73.164
2025-12-03 15:46:59,mlx5_4,0.000,0.000,0.000,0.000
2025-12-03 15:46:59,mlx5_5,0.000,0.000,37.342,72.688
2025-12-03 15:46:59,mlx5_6,0.000,0.000,0.000,0.000
2025-12-03 15:46:59,mlx5_7,0.000,0.000,0.000,0.000
2025-12-03 15:46:59,mlx5_8,0.000,0.000,37.275,72.681
2025-12-03 15:46:59,mlx5_9,0.000,0.000,0.000,0.000
2025-12-03 15:46:59,TOTAL,0.000,0.000,149.573,286.222
2025-12-03 15:47:00,mlx5_0,0.000,0.000,0.000,0.000
2025-12-03 15:47:00,mlx5_1,9.353,0.013,38.699,67.690
2025-12-03 15:47:00,mlx5_2,0.000,0.000,0.000,0.000
2025-12-03 15:47:00,mlx5_3,9.373,0.014,38.610,73.166
2025-12-03 15:47:00,mlx5_4,0.000,0.000,0.000,0.000
2025-12-03 15:47:00,mlx5_5,9.244,0.014,38.504,72.690
2025-12-03 15:47:00,mlx5_6,0.000,0.000,0.000,0.000
2025-12-03 15:47:00,mlx5_7,0.000,0.000,0.000,0.000
2025-12-03 15:47:00,mlx5_8,9.240,0.013,38.436,72.682
2025-12-03 15:47:00,mlx5_9,0.000,0.000,0.000,0.000
2025-12-03 15:47:00,TOTAL,37.210,0.054,154.249,286.229
2025-12-03 15:47:01,mlx5_0,0.000,0.000,0.000,0.000
2025-12-03 15:47:01,mlx5_1,0.000,0.000,38.699,67.690
2025-12-03 15:47:01,mlx5_2,0.000,0.000,0.000,0.000
2025-12-03 15:47:01,mlx5_3,0.000,0.000,38.610,73.166
2025-12-03 15:47:01,mlx5_4,0.000,0.000,0.000,0.000
2025-12-03 15:47:01,mlx5_5,0.000,0.000,38.504,72.690
2025-12-03 15:47:01,mlx5_6,0.000,0.000,0.000,0.000
2025-12-03 15:47:01,mlx5_7,0.000,0.000,0.000,0.000
2025-12-03 15:47:01,mlx5_8,0.000,0.000,38.436,72.682
2025-12-03 15:47:01,mlx5_9,0.000,0.000,0.000,0.000
2025-12-03 15:47:01,TOTAL,0.000,0.000,154.249,286.229
2025-12-03 15:47:02,mlx5_0,0.000,0.000,0.000,0.000
2025-12-03 15:47:02,mlx5_1,9.433,0.013,39.884,67.692
2025-12-03 15:47:02,mlx5_2,0.000,0.000,0.000,0.000
2025-12-03 15:47:02,mlx5_3,9.258,0.014,39.772,73.167
2025-12-03 15:47:02,mlx5_4,0.000,0.000,0.000,0.000
2025-12-03 15:47:02,mlx5_5,9.387,0.014,39.683,72.692
2025-12-03 15:47:02,mlx5_6,0.000,0.000,0.000,0.000
2025-12-03 15:47:02,mlx5_7,0.000,0.000,0.000,0.000
2025-12-03 15:47:02,mlx5_8,9.153,0.013,39.585,72.684
2025-12-03 15:47:02,mlx5_9,0.000,0.000,0.000,0.000
2025-12-03 15:47:02,TOTAL,37.231,0.053,158.924,286.235
2025-12-03 15:47:03,mlx5_0,0.000,0.000,0.000,0.000
2025-12-03 15:47:03,mlx5_1,0.000,0.000,39.884,67.692
2025-12-03 15:47:03,mlx5_2,0.000,0.000,0.000,0.000
2025-12-03 15:47:03,mlx5_3,0.000,0.000,39.772,73.167
2025-12-03 15:47:03,mlx5_4,0.000,0.000,0.000,0.000
2025-12-03 15:47:03,mlx5_5,0.000,0.000,39.683,72.692
2025-12-03 15:47:03,mlx5_6,0.000,0.000,0.000,0.000
2025-12-03 15:47:03,mlx5_7,0.000,0.000,0.000,0.000
2025-12-03 15:47:03,mlx5_8,0.000,0.000,39.585,72.684
2025-12-03 15:47:03,mlx5_9,0.000,0.000,0.000,0.000
2025-12-03 15:47:03,TOTAL,0.000,0.000,158.924,286.235
2025-12-03 15:47:04,mlx5_0,0.000,0.000,0.000,0.000
2025-12-03 15:47:04,mlx5_1,9.242,27.596,41.045,71.159
2025-12-03 15:47:04,mlx5_2,0.000,0.000,0.000,0.000
2025-12-03 15:47:04,mlx5_3,9.470,27.096,40.962,76.572
2025-12-03 15:47:04,mlx5_4,0.000,0.000,0.000,0.000
2025-12-03 15:47:04,mlx5_5,9.395,27.047,40.863,76.090
2025-12-03 15:47:04,mlx5_6,0.000,0.000,0.000,0.000
2025-12-03 15:47:04,mlx5_7,0.000,0.000,0.000,0.000
2025-12-03 15:47:04,mlx5_8,9.341,27.455,40.759,76.134
2025-12-03 15:47:04,mlx5_9,0.000,0.000,0.000,0.000
2025-12-03 15:47:04,TOTAL,37.449,109.195,163.629,299.956
2025-12-03 15:47:05,mlx5_0,0.000,0.000,0.000,0.000
2025-12-03 15:47:05,mlx5_1,0.165,41.042,41.066,76.317
2025-12-03 15:47:05,mlx5_2,0.000,0.000,0.000,0.000
2025-12-03 15:47:05,mlx5_3,0.148,40.741,40.981,81.692
2025-12-03 15:47:05,mlx5_4,0.000,0.000,0.000,0.000
2025-12-03 15:47:05,mlx5_5,0.120,40.943,40.878,81.235
2025-12-03 15:47:05,mlx5_6,0.000,0.000,0.000,0.000
2025-12-03 15:47:05,mlx5_7,0.000,0.000,0.000,0.000
2025-12-03 15:47:05,mlx5_8,0.129,40.464,40.775,81.218
2025-12-03 15:47:05,mlx5_9,0.000,0.000,0.000,0.000
2025-12-03 15:47:05,TOTAL,0.562,163.190,163.700,320.462
2025-12-03 15:47:06,mlx5_0,0.000,0.000,0.000,0.000
2025-12-03 15:47:06,mlx5_1,0.000,0.000,41.066,76.317
2025-12-03 15:47:06,mlx5_2,0.000,0.000,0.000,0.000
2025-12-03 15:47:06,mlx5_3,0.000,0.000,40.981,81.692
2025-12-03 15:47:06,mlx5_4,0.000,0.000,0.000,0.000
2025-12-03 15:47:06,mlx5_5,0.000,0.000,40.878,81.235
2025-12-03 15:47:06,mlx5_6,0.000,0.000,0.000,0.000
2025-12-03 15:47:06,mlx5_7,0.000,0.000,0.000,0.000
2025-12-03 15:47:06,mlx5_8,0.000,0.000,40.775,81.218
2025-12-03 15:47:06,mlx5_9,0.000,0.000,0.000,0.000
2025-12-03 15:47:06,TOTAL,0.000,0.000,163.700,320.462
2025-12-03 15:47:07,mlx5_0,0.000,0.000,0.000,0.000
2025-12-03 15:47:07,mlx5_1,9.221,0.013,42.224,76.318
2025-12-03 15:47:07,mlx5_2,0.000,0.000,0.000,0.000
2025-12-03 15:47:07,mlx5_3,8.959,0.013,42.106,81.693
2025-12-03 15:47:07,mlx5_4,0.000,0.000,0.000,0.000
2025-12-03 15:47:07,mlx5_5,9.113,0.013,42.023,81.237
2025-12-03 15:47:07,mlx5_6,0.000,0.000,0.000,0.000
2025-12-03 15:47:07,mlx5_7,0.000,0.000,0.000,0.000
2025-12-03 15:47:07,mlx5_8,9.130,0.013,41.922,81.220
2025-12-03 15:47:07,mlx5_9,0.000,0.000,0.000,0.000
2025-12-03 15:47:07,TOTAL,36.422,0.053,168.275,320.468
2025-12-03 15:47:08,mlx5_0,0.000,0.000,0.000,0.000
2025-12-03 15:47:08,mlx5_1,0.000,0.000,42.224,76.318
2025-12-03 15:47:08,mlx5_2,0.000,0.000,0.000,0.000
2025-12-03 15:47:08,mlx5_3,0.000,0.000,42.106,81.693
2025-12-03 15:47:08,mlx5_4,0.000,0.000,0.000,0.000
2025-12-03 15:47:08,mlx5_5,0.000,0.000,42.023,81.237
2025-12-03 15:47:08,mlx5_6,0.000,0.000,0.000,0.000
2025-12-03 15:47:08,mlx5_7,0.000,0.000,0.000,0.000
2025-12-03 15:47:08,mlx5_8,0.000,0.000,41.922,81.220
2025-12-03 15:47:08,mlx5_9,0.000,0.000,0.000,0.000
2025-12-03 15:47:08,TOTAL,0.000,0.000,168.275,320.468
2025-12-03 15:47:09,mlx5_0,0.000,0.000,0.000,0.000
2025-12-03 15:47:09,mlx5_1,9.443,0.013,43.411,76.320
2025-12-03 15:47:09,mlx5_2,0.000,0.000,0.000,0.000
2025-12-03 15:47:09,mlx5_3,9.228,0.014,43.265,81.695
2025-12-03 15:47:09,mlx5_4,0.000,0.000,0.000,0.000
2025-12-03 15:47:09,mlx5_5,9.347,0.014,43.197,81.239
2025-12-03 15:47:09,mlx5_6,0.000,0.000,0.000,0.000
2025-12-03 15:47:09,mlx5_7,0.000,0.000,0.000,0.000
2025-12-03 15:47:09,mlx5_8,9.198,0.013,43.077,81.222
2025-12-03 15:47:09,mlx5_9,0.000,0.000,0.000,0.000
2025-12-03 15:47:09,TOTAL,37.216,0.053,172.951,320.475
2025-12-03 15:47:10,mlx5_0,0.000,0.000,0.000,0.000
2025-12-03 15:47:10,mlx5_1,5.814,0.008,44.141,76.321
2025-12-03 15:47:10,mlx5_2,0.000,0.000,0.000,0.000
2025-12-03 15:47:10,mlx5_3,5.712,0.008,43.983,81.696
2025-12-03 15:47:10,mlx5_4,0.000,0.000,0.000,0.000
2025-12-03 15:47:10,mlx5_5,5.844,0.008,43.931,81.240
2025-12-03 15:47:10,mlx5_6,0.000,0.000,0.000,0.000
2025-12-03 15:47:10,mlx5_7,0.000,0.000,0.000,0.000
2025-12-03 15:47:10,mlx5_8,5.917,0.008,43.821,81.223
2025-12-03 15:47:10,mlx5_9,0.000,0.000,0.000,0.000
2025-12-03 15:47:10,TOTAL,23.287,0.033,175.875,320.479
2025-12-03 15:47:11,mlx5_0,0.000,0.000,0.000,0.000
2025-12-03 15:47:11,mlx5_1,3.539,0.005,44.586,76.322
2025-12-03 15:47:11,mlx5_2,0.000,0.000,0.000,0.000
2025-12-03 15:47:11,mlx5_3,3.448,0.005,44.416,81.697
2025-12-03 15:47:11,mlx5_4,0.000,0.000,0.000,0.000
2025-12-03 15:47:11,mlx5_5,3.484,0.005,44.369,81.240
2025-12-03 15:47:11,mlx5_6,0.000,0.000,0.000,0.000
2025-12-03 15:47:11,mlx5_7,0.000,0.000,0.000,0.000
2025-12-03 15:47:11,mlx5_8,3.460,0.005,44.255,81.223
2025-12-03 15:47:11,mlx5_9,0.000,0.000,0.000,0.000
2025-12-03 15:47:11,TOTAL,13.932,0.021,177.626,320.482
2025-12-03 15:47:12,mlx5_0,0.000,0.000,0.000,0.000
2025-12-03 15:47:12,mlx5_1,3.717,0.005,45.053,76.322
2025-12-03 15:47:12,mlx5_2,0.000,0.000,0.000,0.000
2025-12-03 15:47:12,mlx5_3,3.652,0.005,44.875,81.697
2025-12-03 15:47:12,mlx5_4,0.000,0.000,0.000,0.000
2025-12-03 15:47:12,mlx5_5,3.699,0.005,44.834,81.241
2025-12-03 15:47:12,mlx5_6,0.000,0.000,0.000,0.000
2025-12-03 15:47:12,mlx5_7,0.000,0.000,0.000,0.000
2025-12-03 15:47:12,mlx5_8,3.760,0.005,44.728,81.224
2025-12-03 15:47:12,mlx5_9,0.000,0.000,0.000,0.000
2025-12-03 15:47:12,TOTAL,14.827,0.021,179.489,320.484
2025-12-03 15:47:13,mlx5_0,0.000,0.000,0.000,0.000
2025-12-03 15:47:13,mlx5_1,5.652,0.008,45.763,76.323
2025-12-03 15:47:13,mlx5_2,0.000,0.000,0.000,0.000
2025-12-03 15:47:13,mlx5_3,5.719,0.009,45.593,81.698
2025-12-03 15:47:13,mlx5_4,0.000,0.000,0.000,0.000
2025-12-03 15:47:13,mlx5_5,5.579,0.008,45.535,81.242
2025-12-03 15:47:13,mlx5_6,0.000,0.000,0.000,0.000
2025-12-03 15:47:13,mlx5_7,0.000,0.000,0.000,0.000
2025-12-03 15:47:13,mlx5_8,5.438,0.008,45.411,81.225
2025-12-03 15:47:13,mlx5_9,0.000,0.000,0.000,0.000
2025-12-03 15:47:13,TOTAL,22.389,0.033,182.302,320.489
2025-12-03 15:47:14,mlx5_0,0.000,0.000,0.000,0.000
2025-12-03 15:47:14,mlx5_1,0.000,0.000,45.763,76.323
2025-12-03 15:47:14,mlx5_2,0.000,0.000,0.000,0.000
2025-12-03 15:47:14,mlx5_3,0.000,0.000,45.593,81.698
2025-12-03 15:47:14,mlx5_4,0.000,0.000,0.000,0.000
2025-12-03 15:47:14,mlx5_5,0.000,0.000,45.535,81.242
2025-12-03 15:47:14,mlx5_6,0.000,0.000,0.000,0.000
2025-12-03 15:47:14,mlx5_7,0.000,0.000,0.000,0.000
2025-12-03 15:47:14,mlx5_8,0.000,0.000,45.411,81.225
2025-12-03 15:47:14,mlx5_9,0.000,0.000,0.000,0.000
2025-12-03 15:47:14,TOTAL,0.000,0.000,182.302,320.489
2025-12-03 15:47:15,mlx5_0,0.000,0.000,0.000,0.000
2025-12-03 15:47:15,mlx5_1,9.240,11.362,46.923,77.751
2025-12-03 15:47:15,mlx5_2,0.000,0.000,0.000,0.000
2025-12-03 15:47:15,mlx5_3,9.467,11.052,46.783,83.087
2025-12-03 15:47:15,mlx5_4,0.000,0.000,0.000,0.000
2025-12-03 15:47:15,mlx5_5,9.397,10.943,46.715,82.617
2025-12-03 15:47:15,mlx5_6,0.000,0.000,0.000,0.000
2025-12-03 15:47:15,mlx5_7,0.000,0.000,0.000,0.000
2025-12-03 15:47:15,mlx5_8,9.189,11.067,46.565,82.615
2025-12-03 15:47:15,mlx5_9,0.000,0.000,0.000,0.000
2025-12-03 15:47:15,TOTAL,37.293,44.424,186.986,326.069
2025-12-03 15:47:16,mlx5_0,0.000,0.000,0.000,0.000
2025-12-03 15:47:16,mlx5_1,0.000,0.000,46.923,77.751
2025-12-03 15:47:16,mlx5_2,0.000,0.000,0.000,0.000
2025-12-03 15:47:16,mlx5_3,0.000,0.000,46.783,83.087
2025-12-03 15:47:16,mlx5_4,0.000,0.000,0.000,0.000
2025-12-03 15:47:16,mlx5_5,0.000,0.000,46.715,82.617
2025-12-03 15:47:16,mlx5_6,0.000,0.000,0.000,0.000
2025-12-03 15:47:16,mlx5_7,0.000,0.000,0.000,0.000
2025-12-03 15:47:16,mlx5_8,0.000,0.000,46.565,82.615
2025-12-03 15:47:16,mlx5_9,0.000,0.000,0.000,0.000
2025-12-03 15:47:16,TOTAL,0.000,0.000,186.986,326.069
2025-12-03 15:47:17,mlx5_0,0.000,0.000,0.000,0.000
2025-12-03 15:47:17,mlx5_1,0.000,0.000,46.923,77.751
2025-12-03 15:47:17,mlx5_2,0.000,0.000,0.000,0.000
2025-12-03 15:47:17,mlx5_3,0.000,0.000,46.783,83.087
2025-12-03 15:47:17,mlx5_4,0.000,0.000,0.000,0.000
2025-12-03 15:47:17,mlx5_5,0.000,0.000,46.715,82.617
2025-12-03 15:47:17,mlx5_6,0.000,0.000,0.000,0.000
2025-12-03 15:47:17,mlx5_7,0.000,0.000,0.000,0.000
2025-12-03 15:47:17,mlx5_8,0.000,0.000,46.565,82.615
2025-12-03 15:47:17,mlx5_9,0.000,0.000,0.000,0.000
2025-12-03 15:47:17,TOTAL,0.000,0.000,186.986,326.069
2025-12-03 15:47:18,mlx5_0,0.000,0.000,0.000,0.000
2025-12-03 15:47:18,mlx5_1,9.106,0.013,48.067,77.752
2025-12-03 15:47:18,mlx5_2,0.000,0.000,0.000,0.000
2025-12-03 15:47:18,mlx5_3,9.120,0.014,47.928,83.088
2025-12-03 15:47:18,mlx5_4,0.000,0.000,0.000,0.000
2025-12-03 15:47:18,mlx5_5,9.022,0.014,47.848,82.618
2025-12-03 15:47:18,mlx5_6,0.000,0.000,0.000,0.000
2025-12-03 15:47:18,mlx5_7,0.000,0.000,0.000,0.000
2025-12-03 15:47:18,mlx5_8,9.172,0.013,47.717,82.617
2025-12-03 15:47:18,mlx5_9,0.000,0.000,0.000,0.000
2025-12-03 15:47:18,TOTAL,36.421,0.053,191.561,326.076
2025-12-03 15:47:19,mlx5_0,0.000,0.000,0.000,0.000
2025-12-03 15:47:19,mlx5_1,9.435,0.013,49.253,77.754
2025-12-03 15:47:19,mlx5_2,0.000,0.000,0.000,0.000
2025-12-03 15:47:19,mlx5_3,9.198,0.014,49.084,83.090
2025-12-03 15:47:19,mlx5_4,0.000,0.000,0.000,0.000
2025-12-03 15:47:19,mlx5_5,9.206,0.014,49.005,82.620
2025-12-03 15:47:19,mlx5_6,0.000,0.000,0.000,0.000
2025-12-03 15:47:19,mlx5_7,0.000,0.000,0.000,0.000
2025-12-03 15:47:19,mlx5_8,9.366,0.013,48.894,82.618
2025-12-03 15:47:19,mlx5_9,0.000,0.000,0.000,0.000
2025-12-03 15:47:19,TOTAL,37.205,0.053,196.237,326.082
2025-12-03 15:47:20,mlx5_0,0.000,0.000,0.000,0.000
2025-12-03 15:47:20,mlx5_1,0.000,0.000,49.253,77.754
2025-12-03 15:47:20,mlx5_2,0.000,0.000,0.000,0.000
2025-12-03 15:47:20,mlx5_3,0.000,0.000,49.084,83.090
2025-12-03 15:47:20,mlx5_4,0.000,0.000,0.000,0.000
2025-12-03 15:47:20,mlx5_5,0.000,0.000,49.005,82.620
2025-12-03 15:47:20,mlx5_6,0.000,0.000,0.000,0.000
2025-12-03 15:47:20,mlx5_7,0.000,0.000,0.000,0.000
2025-12-03 15:47:20,mlx5_8,0.000,0.000,48.894,82.618
2025-12-03 15:47:20,mlx5_9,0.000,0.000,0.000,0.000
2025-12-03 15:47:20,TOTAL,0.000,0.000,196.237,326.082
2025-12-03 15:47:21,mlx5_0,0.000,0.000,0.000,0.000
2025-12-03 15:47:21,mlx5_1,9.425,0.013,50.437,77.755
2025-12-03 15:47:21,mlx5_2,0.000,0.000,0.000,0.000
2025-12-03 15:47:21,mlx5_3,9.253,0.014,50.247,83.092
2025-12-03 15:47:21,mlx5_4,0.000,0.000,0.000,0.000
2025-12-03 15:47:21,mlx5_5,9.256,0.014,50.169,82.622
2025-12-03 15:47:21,mlx5_6,0.000,0.000,0.000,0.000
2025-12-03 15:47:21,mlx5_7,0.000,0.000,0.000,0.000
2025-12-03 15:47:21,mlx5_8,9.272,0.013,50.060,82.620
2025-12-03 15:47:21,mlx5_9,0.000,0.000,0.000,0.000
2025-12-03 15:47:21,TOTAL,37.206,0.054,200.912,326.089
2025-12-03 15:47:22,mlx5_0,0.000,0.000,0.000,0.000
2025-12-03 15:47:22,mlx5_1,0.000,0.000,50.437,77.755
2025-12-03 15:47:22,mlx5_2,0.000,0.000,0.000,0.000
2025-12-03 15:47:22,mlx5_3,0.000,0.000,50.247,83.092
2025-12-03 15:47:22,mlx5_4,0.000,0.000,0.000,0.000
2025-12-03 15:47:22,mlx5_5,0.000,0.000,50.169,82.622
2025-12-03 15:47:22,mlx5_6,0.000,0.000,0.000,0.000
2025-12-03 15:47:22,mlx5_7,0.000,0.000,0.000,0.000
2025-12-03 15:47:22,mlx5_8,0.000,0.000,50.060,82.620
2025-12-03 15:47:22,mlx5_9,0.000,0.000,0.000,0.000
2025-12-03 15:47:22,TOTAL,0.000,0.000,200.912,326.089
2025-12-03 15:47:23,mlx5_0,0.000,0.000,0.000,0.000
2025-12-03 15:47:23,mlx5_1,9.427,0.013,51.622,77.757
2025-12-03 15:47:23,mlx5_2,0.000,0.000,0.000,0.000
2025-12-03 15:47:23,mlx5_3,9.356,0.014,51.422,83.094
2025-12-03 15:47:23,mlx5_4,0.000,0.000,0.000,0.000
2025-12-03 15:47:23,mlx5_5,9.246,0.014,51.330,82.624
2025-12-03 15:47:23,mlx5_6,0.000,0.000,0.000,0.000
2025-12-03 15:47:23,mlx5_7,0.000,0.000,0.000,0.000
2025-12-03 15:47:23,mlx5_8,9.192,0.013,51.214,82.622
2025-12-03 15:47:23,mlx5_9,0.000,0.000,0.000,0.000
2025-12-03 15:47:23,TOTAL,37.221,0.053,205.588,326.096
2025-12-03 15:47:24,mlx5_0,0.000,0.000,0.000,0.000
2025-12-03 15:47:24,mlx5_1,0.000,0.000,51.622,77.757
2025-12-03 15:47:24,mlx5_2,0.000,0.000,0.000,0.000
2025-12-03 15:47:24,mlx5_3,0.000,0.000,51.422,83.094
2025-12-03 15:47:24,mlx5_4,0.000,0.000,0.000,0.000
2025-12-03 15:47:24,mlx5_5,0.000,0.000,51.330,82.624
2025-12-03 15:47:24,mlx5_6,0.000,0.000,0.000,0.000
2025-12-03 15:47:24,mlx5_7,0.000,0.000,0.000,0.000
2025-12-03 15:47:24,mlx5_8,0.000,0.000,51.214,82.622
2025-12-03 15:47:24,mlx5_9,0.000,0.000,0.000,0.000
2025-12-03 15:47:24,TOTAL,0.000,0.000,205.588,326.096
2025-12-03 15:47:25,mlx5_0,0.000,0.000,0.000,0.000
2025-12-03 15:47:25,mlx5_1,3.588,5.349,52.072,78.428
2025-12-03 15:47:25,mlx5_2,0.000,0.000,0.000,0.000
2025-12-03 15:47:25,mlx5_3,3.801,4.982,51.899,83.719
2025-12-03 15:47:25,mlx5_4,0.000,0.000,0.000,0.000
2025-12-03 15:47:25,mlx5_5,3.669,5.123,51.790,83.267
2025-12-03 15:47:25,mlx5_6,0.000,0.000,0.000,0.000
2025-12-03 15:47:25,mlx5_7,0.000,0.000,0.000,0.000
2025-12-03 15:47:25,mlx5_8,3.696,5.269,51.678,83.283
2025-12-03 15:47:25,mlx5_9,0.000,0.000,0.000,0.000
2025-12-03 15:47:25,TOTAL,14.755,20.724,207.440,328.697
2025-12-03 15:47:26,mlx5_0,0.000,0.000,0.000,0.000
2025-12-03 15:47:26,mlx5_1,5.728,6.025,52.792,79.186
2025-12-03 15:47:26,mlx5_2,0.000,0.000,0.000,0.000
2025-12-03 15:47:26,mlx5_3,5.744,5.773,52.621,84.444
2025-12-03 15:47:26,mlx5_4,0.000,0.000,0.000,0.000
2025-12-03 15:47:26,mlx5_5,5.803,6.021,52.520,84.023
2025-12-03 15:47:26,mlx5_6,0.000,0.000,0.000,0.000
2025-12-03 15:47:26,mlx5_7,0.000,0.000,0.000,0.000
2025-12-03 15:47:26,mlx5_8,5.656,5.883,52.389,84.022
2025-12-03 15:47:26,mlx5_9,0.000,0.000,0.000,0.000
2025-12-03 15:47:26,TOTAL,22.931,23.702,210.322,331.675
2025-12-03 15:47:27,mlx5_0,0.000,0.000,0.000,0.000
2025-12-03 15:47:27,mlx5_1,0.000,0.000,52.792,79.186
2025-12-03 15:47:27,mlx5_2,0.000,0.000,0.000,0.000
2025-12-03 15:47:27,mlx5_3,0.000,0.000,52.621,84.444
2025-12-03 15:47:27,mlx5_4,0.000,0.000,0.000,0.000
2025-12-03 15:47:27,mlx5_5,0.000,0.000,52.520,84.023
2025-12-03 15:47:27,mlx5_6,0.000,0.000,0.000,0.000
2025-12-03 15:47:27,mlx5_7,0.000,0.000,0.000,0.000
2025-12-03 15:47:27,mlx5_8,0.000,0.000,52.389,84.022
2025-12-03 15:47:27,mlx5_9,0.000,0.000,0.000,0.000
2025-12-03 15:47:27,TOTAL,0.000,0.000,210.322,331.675
2025-12-03 15:47:28,mlx5_0,0.000,0.000,0.000,0.000
2025-12-03 15:47:28,mlx5_1,9.224,0.013,53.951,79.187
2025-12-03 15:47:28,mlx5_2,0.000,0.000,0.000,0.000
2025-12-03 15:47:28,mlx5_3,8.877,0.013,53.736,84.446
2025-12-03 15:47:28,mlx5_4,0.000,0.000,0.000,0.000
2025-12-03 15:47:28,mlx5_5,9.196,0.013,53.675,84.025
2025-12-03 15:47:28,mlx5_6,0.000,0.000,0.000,0.000
2025-12-03 15:47:28,mlx5_7,0.000,0.000,0.000,0.000
2025-12-03 15:47:28,mlx5_8,9.124,0.013,53.535,84.024
2025-12-03 15:47:28,mlx5_9,0.000,0.000,0.000,0.000
2025-12-03 15:47:28,TOTAL,36.422,0.052,214.897,331.682
2025-12-03 15:47:29,mlx5_0,0.000,0.000,0.000,0.000
2025-12-03 15:47:29,mlx5_1,0.000,0.000,53.951,79.187
2025-12-03 15:47:29,mlx5_2,0.000,0.000,0.000,0.000
2025-12-03 15:47:29,mlx5_3,0.000,0.000,53.736,84.446
2025-12-03 15:47:29,mlx5_4,0.000,0.000,0.000,0.000
2025-12-03 15:47:29,mlx5_5,0.000,0.000,53.675,84.025
2025-12-03 15:47:29,mlx5_6,0.000,0.000,0.000,0.000
2025-12-03 15:47:29,mlx5_7,0.000,0.000,0.000,0.000
2025-12-03 15:47:29,mlx5_8,0.000,0.000,53.535,84.024
2025-12-03 15:47:29,mlx5_9,0.000,0.000,0.000,0.000
2025-12-03 15:47:29,TOTAL,0.000,0.000,214.897,331.682
2025-12-03 15:47:30,mlx5_0,0.000,0.000,0.000,0.000
2025-12-03 15:47:30,mlx5_1,9.291,0.013,55.118,79.189
2025-12-03 15:47:30,mlx5_2,0.000,0.000,0.000,0.000
2025-12-03 15:47:30,mlx5_3,9.060,0.013,54.874,84.448
2025-12-03 15:47:30,mlx5_4,0.000,0.000,0.000,0.000
2025-12-03 15:47:30,mlx5_5,9.502,0.014,54.868,84.027
2025-12-03 15:47:30,mlx5_6,0.000,0.000,0.000,0.000
2025-12-03 15:47:30,mlx5_7,0.000,0.000,0.000,0.000
2025-12-03 15:47:30,mlx5_8,9.369,0.013,54.712,84.025
2025-12-03 15:47:30,mlx5_9,0.000,0.000,0.000,0.000
2025-12-03 15:47:30,TOTAL,37.223,0.053,219.572,331.689
2025-12-03 15:47:31,mlx5_0,0.000,0.000,0.000,0.000
2025-12-03 15:47:31,mlx5_1,7.496,0.010,56.059,79.190
2025-12-03 15:47:31,mlx5_2,0.000,0.000,0.000,0.000
2025-12-03 15:47:31,mlx5_3,6.957,0.010,55.748,84.449
2025-12-03 15:47:31,mlx5_4,0.000,0.000,0.000,0.000
2025-12-03 15:47:31,mlx5_5,7.230,0.010,55.777,84.028
2025-12-03 15:47:31,mlx5_6,0.000,0.000,0.000,0.000
2025-12-03 15:47:31,mlx5_7,0.000,0.000,0.000,0.000
2025-12-03 15:47:31,mlx5_8,7.433,0.010,55.646,84.027
2025-12-03 15:47:31,mlx5_9,0.000,0.000,0.000,0.000
2025-12-03 15:47:31,TOTAL,29.116,0.041,223.230,331.694
2025-12-03 15:47:32,mlx5_0,0.000,0.000,0.000,0.000
2025-12-03 15:47:32,mlx5_1,2.084,0.003,56.321,79.191
2025-12-03 15:47:32,mlx5_2,0.000,0.000,0.000,0.000
2025-12-03 15:47:32,mlx5_3,1.929,0.003,55.991,84.449
2025-12-03 15:47:32,mlx5_4,0.000,0.000,0.000,0.000
2025-12-03 15:47:32,mlx5_5,2.041,0.003,56.033,84.028
2025-12-03 15:47:32,mlx5_6,0.000,0.000,0.000,0.000
2025-12-03 15:47:32,mlx5_7,0.000,0.000,0.000,0.000
2025-12-03 15:47:32,mlx5_8,2.050,0.003,55.903,84.027
2025-12-03 15:47:32,mlx5_9,0.000,0.000,0.000,0.000
2025-12-03 15:47:32,TOTAL,8.104,0.012,224.248,331.695
2025-12-03 15:47:33,mlx5_0,0.000,0.000,0.000,0.000
2025-12-03 15:47:33,mlx5_1,4.520,0.006,56.889,79.191
2025-12-03 15:47:33,mlx5_2,0.000,0.000,0.000,0.000
2025-12-03 15:47:33,mlx5_3,4.425,0.007,56.546,84.450
2025-12-03 15:47:33,mlx5_4,0.000,0.000,0.000,0.000
2025-12-03 15:47:33,mlx5_5,4.517,0.007,56.600,84.029
2025-12-03 15:47:33,mlx5_6,0.000,0.000,0.000,0.000
2025-12-03 15:47:33,mlx5_7,0.000,0.000,0.000,0.000
2025-12-03 15:47:33,mlx5_8,4.557,0.007,56.476,84.028
2025-12-03 15:47:33,mlx5_9,0.000,0.000,0.000,0.000
2025-12-03 15:47:33,TOTAL,18.018,0.026,226.511,331.699
2025-12-03 15:47:34,mlx5_0,0.000,0.000,0.000,0.000
2025-12-03 15:47:34,mlx5_1,4.936,0.007,57.509,79.192
2025-12-03 15:47:34,mlx5_2,0.000,0.000,0.000,0.000
2025-12-03 15:47:34,mlx5_3,4.718,0.007,57.139,84.451
2025-12-03 15:47:34,mlx5_4,0.000,0.000,0.000,0.000
2025-12-03 15:47:34,mlx5_5,4.920,0.007,57.219,84.030
2025-12-03 15:47:34,mlx5_6,0.000,0.000,0.000,0.000
2025-12-03 15:47:34,mlx5_7,0.000,0.000,0.000,0.000
2025-12-03 15:47:34,mlx5_8,4.616,0.007,57.056,84.029
2025-12-03 15:47:34,mlx5_9,0.000,0.000,0.000,0.000
2025-12-03 15:47:34,TOTAL,19.190,0.027,228.923,331.702
2025-12-03 15:47:35,mlx5_0,0.000,0.000,0.000,0.000
2025-12-03 15:47:35,mlx5_1,0.000,0.000,57.509,79.192
2025-12-03 15:47:35,mlx5_2,0.000,0.000,0.000,0.000
2025-12-03 15:47:35,mlx5_3,0.000,0.000,57.139,84.451
2025-12-03 15:47:35,mlx5_4,0.000,0.000,0.000,0.000
2025-12-03 15:47:35,mlx5_5,0.000,0.000,57.219,84.030
2025-12-03 15:47:35,mlx5_6,0.000,0.000,0.000,0.000
2025-12-03 15:47:35,mlx5_7,0.000,0.000,0.000,0.000
2025-12-03 15:47:35,mlx5_8,0.000,0.000,57.056,84.029
2025-12-03 15:47:35,mlx5_9,0.000,0.000,0.000,0.000
2025-12-03 15:47:35,TOTAL,0.000,0.000,228.923,331.702
2025-12-03 15:47:36,mlx5_0,0.000,0.000,0.000,0.000
2025-12-03 15:47:36,mlx5_1,9.391,11.231,58.689,80.603
2025-12-03 15:47:36,mlx5_2,0.000,0.000,0.000,0.000
2025-12-03 15:47:36,mlx5_3,9.150,11.132,58.289,85.850
2025-12-03 15:47:36,mlx5_4,0.000,0.000,0.000,0.000
2025-12-03 15:47:36,mlx5_5,9.488,10.814,58.411,85.389
2025-12-03 15:47:36,mlx5_6,0.000,0.000,0.000,0.000
2025-12-03 15:47:36,mlx5_7,0.000,0.000,0.000,0.000
2025-12-03 15:47:36,mlx5_8,9.261,11.238,58.219,85.441
2025-12-03 15:47:36,mlx5_9,0.000,0.000,0.000,0.000
2025-12-03 15:47:36,TOTAL,37.289,44.415,233.608,337.282
2025-12-03 15:47:37,mlx5_0,0.000,0.000,0.000,0.000
2025-12-03 15:47:37,mlx5_1,0.000,0.000,58.689,80.603
2025-12-03 15:47:37,mlx5_2,0.000,0.000,0.000,0.000
2025-12-03 15:47:37,mlx5_3,0.000,0.000,58.289,85.850
2025-12-03 15:47:37,mlx5_4,0.000,0.000,0.000,0.000
2025-12-03 15:47:37,mlx5_5,0.000,0.000,58.411,85.389
2025-12-03 15:47:37,mlx5_6,0.000,0.000,0.000,0.000
2025-12-03 15:47:37,mlx5_7,0.000,0.000,0.000,0.000
2025-12-03 15:47:37,mlx5_8,0.000,0.000,58.219,85.441
2025-12-03 15:47:37,mlx5_9,0.000,0.000,0.000,0.000
2025-12-03 15:47:37,TOTAL,0.000,0.000,233.608,337.282
2025-12-03 15:47:38,mlx5_0,0.000,0.000,0.000,0.000
2025-12-03 15:47:38,mlx5_1,3.489,0.004,59.127,80.604
2025-12-03 15:47:38,mlx5_2,0.000,0.000,0.000,0.000
2025-12-03 15:47:38,mlx5_3,3.404,0.005,58.716,85.850
2025-12-03 15:47:38,mlx5_4,0.000,0.000,0.000,0.000
2025-12-03 15:47:38,mlx5_5,3.429,0.005,58.841,85.389
2025-12-03 15:47:38,mlx5_6,0.000,0.000,0.000,0.000
2025-12-03 15:47:38,mlx5_7,0.000,0.000,0.000,0.000
2025-12-03 15:47:38,mlx5_8,3.462,0.005,58.654,85.441
2025-12-03 15:47:38,mlx5_9,0.000,0.000,0.000,0.000
2025-12-03 15:47:38,TOTAL,13.783,0.019,235.339,337.285
2025-12-03 15:47:39,mlx5_0,0.000,0.000,0.000,0.000
2025-12-03 15:47:39,mlx5_1,6.274,0.009,59.916,80.605
2025-12-03 15:47:39,mlx5_2,0.000,0.000,0.000,0.000
2025-12-03 15:47:39,mlx5_3,6.217,0.010,59.498,85.851
2025-12-03 15:47:39,mlx5_4,0.000,0.000,0.000,0.000
2025-12-03 15:47:39,mlx5_5,6.260,0.010,59.628,85.390
2025-12-03 15:47:39,mlx5_6,0.000,0.000,0.000,0.000
2025-12-03 15:47:39,mlx5_7,0.000,0.000,0.000,0.000
2025-12-03 15:47:39,mlx5_8,6.200,0.009,59.433,85.442
2025-12-03 15:47:39,mlx5_9,0.000,0.000,0.000,0.000
2025-12-03 15:47:39,TOTAL,24.951,0.037,238.475,337.289
2025-12-03 15:47:40,mlx5_0,0.000,0.000,0.000,0.000
2025-12-03 15:47:40,mlx5_1,9.282,0.013,61.082,80.607
2025-12-03 15:47:40,mlx5_2,0.000,0.000,0.000,0.000
2025-12-03 15:47:40,mlx5_3,9.415,0.014,60.681,85.853
2025-12-03 15:47:40,mlx5_4,0.000,0.000,0.000,0.000
2025-12-03 15:47:40,mlx5_5,9.241,0.014,60.790,85.392
2025-12-03 15:47:40,mlx5_6,0.000,0.000,0.000,0.000
2025-12-03 15:47:40,mlx5_7,0.000,0.000,0.000,0.000
2025-12-03 15:47:40,mlx5_8,9.267,0.013,60.598,85.444
2025-12-03 15:47:40,mlx5_9,0.000,0.000,0.000,0.000
2025-12-03 15:47:40,TOTAL,37.205,0.053,243.151,337.296
2025-12-03 15:47:41,mlx5_0,0.000,0.000,0.000,0.000
2025-12-03 15:47:41,mlx5_1,0.000,0.000,61.082,80.607
2025-12-03 15:47:41,mlx5_2,0.000,0.000,0.000,0.000
2025-12-03 15:47:41,mlx5_3,0.000,0.000,60.681,85.853
2025-12-03 15:47:41,mlx5_4,0.000,0.000,0.000,0.000
2025-12-03 15:47:41,mlx5_5,0.000,0.000,60.790,85.392
2025-12-03 15:47:41,mlx5_6,0.000,0.000,0.000,0.000
2025-12-03 15:47:41,mlx5_7,0.000,0.000,0.000,0.000
2025-12-03 15:47:41,mlx5_8,0.000,0.000,60.598,85.444
2025-12-03 15:47:41,mlx5_9,0.000,0.000,0.000,0.000
2025-12-03 15:47:41,TOTAL,0.000,0.000,243.151,337.296
2025-12-03 15:47:42,mlx5_0,0.000,0.000,0.000,0.000
2025-12-03 15:47:42,mlx5_1,9.418,0.013,62.265,80.608
2025-12-03 15:47:42,mlx5_2,0.000,0.000,0.000,0.000
2025-12-03 15:47:42,mlx5_3,9.272,0.014,61.846,85.855
2025-12-03 15:47:42,mlx5_4,0.000,0.000,0.000,0.000
2025-12-03 15:47:42,mlx5_5,9.228,0.014,61.949,85.394
2025-12-03 15:47:42,mlx5_6,0.000,0.000,0.000,0.000
2025-12-03 15:47:42,mlx5_7,0.000,0.000,0.000,0.000
2025-12-03 15:47:42,mlx5_8,9.302,0.013,61.766,85.446
2025-12-03 15:47:42,mlx5_9,0.000,0.000,0.000,0.000
2025-12-03 15:47:42,TOTAL,37.221,0.054,247.826,337.303
2025-12-03 15:47:43,mlx5_0,0.000,0.000,0.000,0.000
2025-12-03 15:47:43,mlx5_1,0.000,0.000,62.265,80.608
2025-12-03 15:47:43,mlx5_2,0.000,0.000,0.000,0.000
2025-12-03 15:47:43,mlx5_3,0.000,0.000,61.846,85.855
2025-12-03 15:47:43,mlx5_4,0.000,0.000,0.000,0.000
2025-12-03 15:47:43,mlx5_5,0.000,0.000,61.949,85.394
2025-12-03 15:47:43,mlx5_6,0.000,0.000,0.000,0.000
2025-12-03 15:47:43,mlx5_7,0.000,0.000,0.000,0.000
2025-12-03 15:47:43,mlx5_8,0.000,0.000,61.766,85.446
2025-12-03 15:47:43,mlx5_9,0.000,0.000,0.000,0.000
2025-12-03 15:47:43,TOTAL,0.000,0.000,247.826,337.303
2025-12-03 15:47:44,mlx5_0,0.000,0.000,0.000,0.000
2025-12-03 15:47:44,mlx5_1,9.327,0.013,63.437,80.610
2025-12-03 15:47:44,mlx5_2,0.000,0.000,0.000,0.000
2025-12-03 15:47:44,mlx5_3,9.213,0.014,63.003,85.857
2025-12-03 15:47:44,mlx5_4,0.000,0.000,0.000,0.000
2025-12-03 15:47:44,mlx5_5,9.342,0.014,63.122,85.396
2025-12-03 15:47:44,mlx5_6,0.000,0.000,0.000,0.000
2025-12-03 15:47:44,mlx5_7,0.000,0.000,0.000,0.000
2025-12-03 15:47:44,mlx5_8,9.340,0.013,62.940,85.447
2025-12-03 15:47:44,mlx5_9,0.000,0.000,0.000,0.000
2025-12-03 15:47:44,TOTAL,37.221,0.053,252.502,337.309
2025-12-03 15:47:45,mlx5_0,0.000,0.000,0.000,0.000
2025-12-03 15:47:45,mlx5_1,0.000,0.000,63.437,80.610
2025-12-03 15:47:45,mlx5_2,0.000,0.000,0.000,0.000
2025-12-03 15:47:45,mlx5_3,0.000,0.000,63.003,85.857
2025-12-03 15:47:45,mlx5_4,0.000,0.000,0.000,0.000
2025-12-03 15:47:45,mlx5_5,0.000,0.000,63.122,85.396
2025-12-03 15:47:45,mlx5_6,0.000,0.000,0.000,0.000
2025-12-03 15:47:45,mlx5_7,0.000,0.000,0.000,0.000
2025-12-03 15:47:45,mlx5_8,0.000,0.000,62.940,85.447
2025-12-03 15:47:45,mlx5_9,0.000,0.000,0.000,0.000
2025-12-03 15:47:45,TOTAL,0.000,0.000,252.502,337.309
2025-12-03 15:47:46,mlx5_0,0.000,0.000,0.000,0.000
2025-12-03 15:47:46,mlx5_1,5.001,1.116,64.065,80.750
2025-12-03 15:47:46,mlx5_2,0.000,0.000,0.000,0.000
2025-12-03 15:47:46,mlx5_3,5.012,1.119,63.633,85.997
2025-12-03 15:47:46,mlx5_4,0.000,0.000,0.000,0.000
2025-12-03 15:47:46,mlx5_5,4.932,1.242,63.742,85.552
2025-12-03 15:47:46,mlx5_6,0.000,0.000,0.000,0.000
2025-12-03 15:47:46,mlx5_7,0.000,0.000,0.000,0.000
2025-12-03 15:47:46,mlx5_8,5.133,1.106,63.584,85.586
2025-12-03 15:47:46,mlx5_9,0.000,0.000,0.000,0.000
2025-12-03 15:47:46,TOTAL,20.078,4.582,255.024,337.885
2025-12-03 15:47:47,mlx5_0,0.000,0.000,0.000,0.000
2025-12-03 15:47:47,mlx5_1,4.442,9.891,64.623,81.993
2025-12-03 15:47:47,mlx5_2,0.000,0.000,0.000,0.000
2025-12-03 15:47:47,mlx5_3,4.295,10.016,64.172,87.256
2025-12-03 15:47:47,mlx5_4,0.000,0.000,0.000,0.000
2025-12-03 15:47:47,mlx5_5,4.194,10.055,64.269,86.815
2025-12-03 15:47:47,mlx5_6,0.000,0.000,0.000,0.000
2025-12-03 15:47:47,mlx5_7,0.000,0.000,0.000,0.000
2025-12-03 15:47:47,mlx5_8,4.280,9.865,64.122,86.826
2025-12-03 15:47:47,mlx5_9,0.000,0.000,0.000,0.000
2025-12-03 15:47:47,TOTAL,17.211,39.827,257.186,342.889
2025-12-03 15:47:48,mlx5_0,0.000,0.000,0.000,0.000
2025-12-03 15:47:48,mlx5_1,0.000,0.000,64.623,81.993
2025-12-03 15:47:48,mlx5_2,0.000,0.000,0.000,0.000
2025-12-03 15:47:48,mlx5_3,0.000,0.000,64.172,87.256
2025-12-03 15:47:48,mlx5_4,0.000,0.000,0.000,0.000
2025-12-03 15:47:48,mlx5_5,0.000,0.000,64.269,86.815
2025-12-03 15:47:48,mlx5_6,0.000,0.000,0.000,0.000
2025-12-03 15:47:48,mlx5_7,0.000,0.000,0.000,0.000
2025-12-03 15:47:48,mlx5_8,0.000,0.000,64.122,86.826
2025-12-03 15:47:48,mlx5_9,0.000,0.000,0.000,0.000
2025-12-03 15:47:48,TOTAL,0.000,0.000,257.186,342.889
2025-12-03 15:47:49,mlx5_0,0.000,0.000,0.000,0.000
2025-12-03 15:47:49,mlx5_1,9.128,0.013,65.770,81.994
2025-12-03 15:47:49,mlx5_2,0.000,0.000,0.000,0.000
2025-12-03 15:47:49,mlx5_3,9.182,0.013,65.326,87.257
2025-12-03 15:47:49,mlx5_4,0.000,0.000,0.000,0.000
2025-12-03 15:47:49,mlx5_5,9.071,0.013,65.408,86.817
2025-12-03 15:47:49,mlx5_6,0.000,0.000,0.000,0.000
2025-12-03 15:47:49,mlx5_7,0.000,0.000,0.000,0.000
2025-12-03 15:47:49,mlx5_8,9.040,0.013,65.258,86.827
2025-12-03 15:47:49,mlx5_9,0.000,0.000,0.000,0.000
2025-12-03 15:47:49,TOTAL,36.421,0.052,261.761,342.896
2025-12-03 15:47:50,mlx5_0,0.000,0.000,0.000,0.000
2025-12-03 15:47:50,mlx5_1,7.550,0.010,66.719,81.996
2025-12-03 15:47:50,mlx5_2,0.000,0.000,0.000,0.000
2025-12-03 15:47:50,mlx5_3,7.683,0.011,66.291,87.259
2025-12-03 15:47:50,mlx5_4,0.000,0.000,0.000,0.000
2025-12-03 15:47:50,mlx5_5,7.561,0.011,66.358,86.818
2025-12-03 15:47:50,mlx5_6,0.000,0.000,0.000,0.000
2025-12-03 15:47:50,mlx5_7,0.000,0.000,0.000,0.000
2025-12-03 15:47:50,mlx5_8,7.749,0.011,66.231,86.829
2025-12-03 15:47:50,mlx5_9,0.000,0.000,0.000,0.000
2025-12-03 15:47:50,TOTAL,30.544,0.043,265.599,342.901
2025-12-03 15:47:51,mlx5_0,0.000,0.000,0.000,0.000
2025-12-03 15:47:51,mlx5_1,1.699,0.003,66.932,81.996
2025-12-03 15:47:51,mlx5_2,0.000,0.000,0.000,0.000
2025-12-03 15:47:51,mlx5_3,1.684,0.003,66.503,87.259
2025-12-03 15:47:51,mlx5_4,0.000,0.000,0.000,0.000
2025-12-03 15:47:51,mlx5_5,1.717,0.003,66.574,86.818
2025-12-03 15:47:51,mlx5_6,0.000,0.000,0.000,0.000
2025-12-03 15:47:51,mlx5_7,0.000,0.000,0.000,0.000
2025-12-03 15:47:51,mlx5_8,1.561,0.002,66.428,86.829
2025-12-03 15:47:51,mlx5_9,0.000,0.000,0.000,0.000
2025-12-03 15:47:51,TOTAL,6.661,0.011,266.437,342.902
2025-12-03 15:47:52,mlx5_0,0.000,0.000,0.000,0.000
2025-12-03 15:47:52,mlx5_1,9.291,0.013,68.100,81.998
2025-12-03 15:47:52,mlx5_2,0.000,0.000,0.000,0.000
2025-12-03 15:47:52,mlx5_3,9.327,0.014,67.675,87.261
2025-12-03 15:47:52,mlx5_4,0.000,0.000,0.000,0.000
2025-12-03 15:47:52,mlx5_5,9.375,0.014,67.752,86.820
2025-12-03 15:47:52,mlx5_6,0.000,0.000,0.000,0.000
2025-12-03 15:47:52,mlx5_7,0.000,0.000,0.000,0.000
2025-12-03 15:47:52,mlx5_8,9.219,0.013,67.586,86.831
2025-12-03 15:47:52,mlx5_9,0.000,0.000,0.000,0.000
2025-12-03 15:47:52,TOTAL,37.212,0.053,271.112,342.909
2025-12-03 15:47:53,mlx5_0,0.000,0.000,0.000,0.000
2025-12-03 15:47:53,mlx5_1,0.000,0.000,68.100,81.998
2025-12-03 15:47:53,mlx5_2,0.000,0.000,0.000,0.000
2025-12-03 15:47:53,mlx5_3,0.000,0.000,67.675,87.261
2025-12-03 15:47:53,mlx5_4,0.000,0.000,0.000,0.000
2025-12-03 15:47:53,mlx5_5,0.000,0.000,67.752,86.820
2025-12-03 15:47:53,mlx5_6,0.000,0.000,0.000,0.000
2025-12-03 15:47:53,mlx5_7,0.000,0.000,0.000,0.000
2025-12-03 15:47:53,mlx5_8,0.000,0.000,67.586,86.831
2025-12-03 15:47:53,mlx5_9,0.000,0.000,0.000,0.000
2025-12-03 15:47:53,TOTAL,0.000,0.000,271.112,342.909
2025-12-03 15:47:54,mlx5_0,0.000,0.000,0.000,0.000
2025-12-03 15:47:54,mlx5_1,6.573,0.009,68.926,81.999
2025-12-03 15:47:54,mlx5_2,0.000,0.000,0.000,0.000
2025-12-03 15:47:54,mlx5_3,6.581,0.009,68.501,87.262
2025-12-03 15:47:54,mlx5_4,0.000,0.000,0.000,0.000
2025-12-03 15:47:54,mlx5_5,6.517,0.009,68.571,86.821
2025-12-03 15:47:54,mlx5_6,0.000,0.000,0.000,0.000
2025-12-03 15:47:54,mlx5_7,0.000,0.000,0.000,0.000
2025-12-03 15:47:54,mlx5_8,6.635,0.009,68.420,86.832
2025-12-03 15:47:54,mlx5_9,0.000,0.000,0.000,0.000
2025-12-03 15:47:54,TOTAL,26.306,0.037,274.417,342.914
2025-12-03 15:47:55,mlx5_0,0.000,0.000,0.000,0.000
2025-12-03 15:47:55,mlx5_1,2.779,0.004,69.275,81.999
2025-12-03 15:47:55,mlx5_2,0.000,0.000,0.000,0.000
2025-12-03 15:47:55,mlx5_3,2.811,0.004,68.855,87.263
2025-12-03 15:47:55,mlx5_4,0.000,0.000,0.000,0.000
2025-12-03 15:47:55,mlx5_5,2.664,0.004,68.905,86.822
2025-12-03 15:47:55,mlx5_6,0.000,0.000,0.000,0.000
2025-12-03 15:47:55,mlx5_7,0.000,0.000,0.000,0.000
2025-12-03 15:47:55,mlx5_8,2.652,0.004,68.753,86.832
2025-12-03 15:47:55,mlx5_9,0.000,0.000,0.000,0.000
2025-12-03 15:47:55,TOTAL,10.906,0.017,275.788,342.916
2025-12-03 15:47:56,mlx5_0,0.000,0.000,0.000,0.000
2025-12-03 15:47:56,mlx5_1,0.000,0.000,69.275,81.999
2025-12-03 15:47:56,mlx5_2,0.000,0.000,0.000,0.000
2025-12-03 15:47:56,mlx5_3,0.000,0.000,68.855,87.263
2025-12-03 15:47:56,mlx5_4,0.000,0.000,0.000,0.000
2025-12-03 15:47:56,mlx5_5,0.000,0.000,68.905,86.822
2025-12-03 15:47:56,mlx5_6,0.000,0.000,0.000,0.000
2025-12-03 15:47:56,mlx5_7,0.000,0.000,0.000,0.000
2025-12-03 15:47:56,mlx5_8,0.000,0.000,68.753,86.832
2025-12-03 15:47:56,mlx5_9,0.000,0.000,0.000,0.000
2025-12-03 15:47:56,TOTAL,0.000,0.000,275.788,342.916
2025-12-03 15:47:57,mlx5_0,0.000,0.000,0.000,0.000
2025-12-03 15:47:57,mlx5_1,9.262,11.399,70.438,83.431
2025-12-03 15:47:57,mlx5_2,0.000,0.000,0.000,0.000
2025-12-03 15:47:57,mlx5_3,9.363,11.164,70.031,88.665
2025-12-03 15:47:57,mlx5_4,0.000,0.000,0.000,0.000
2025-12-03 15:47:57,mlx5_5,9.305,11.022,70.074,88.206
2025-12-03 15:47:57,mlx5_6,0.000,0.000,0.000,0.000
2025-12-03 15:47:57,mlx5_7,0.000,0.000,0.000,0.000
2025-12-03 15:47:57,mlx5_8,9.490,10.838,69.945,88.194
2025-12-03 15:47:57,mlx5_9,0.000,0.000,0.000,0.000
2025-12-03 15:47:57,TOTAL,37.420,44.423,280.489,348.496
2025-12-03 15:47:58,mlx5_0,0.000,0.000,0.000,0.000
2025-12-03 15:47:58,mlx5_1,0.000,0.000,70.438,83.431
2025-12-03 15:47:58,mlx5_2,0.000,0.000,0.000,0.000
2025-12-03 15:47:58,mlx5_3,0.000,0.000,70.031,88.665
2025-12-03 15:47:58,mlx5_4,0.000,0.000,0.000,0.000
2025-12-03 15:47:58,mlx5_5,0.000,0.000,70.074,88.206
2025-12-03 15:47:58,mlx5_6,0.000,0.000,0.000,0.000
2025-12-03 15:47:58,mlx5_7,0.000,0.000,0.000,0.000
2025-12-03 15:47:58,mlx5_8,0.000,0.000,69.945,88.194
2025-12-03 15:47:58,mlx5_9,0.000,0.000,0.000,0.000
2025-12-03 15:47:58,TOTAL,0.000,0.000,280.489,348.496
2025-12-03 15:47:59,mlx5_0,0.000,0.000,0.000,0.000
2025-12-03 15:47:59,mlx5_1,8.876,0.012,71.554,83.433
2025-12-03 15:47:59,mlx5_2,0.000,0.000,0.000,0.000
2025-12-03 15:47:59,mlx5_3,8.928,0.013,71.153,88.667
2025-12-03 15:47:59,mlx5_4,0.000,0.000,0.000,0.000
2025-12-03 15:47:59,mlx5_5,8.951,0.013,71.199,88.208
2025-12-03 15:47:59,mlx5_6,0.000,0.000,0.000,0.000
2025-12-03 15:47:59,mlx5_7,0.000,0.000,0.000,0.000
2025-12-03 15:47:59,mlx5_8,8.676,0.012,71.035,88.195
2025-12-03 15:47:59,mlx5_9,0.000,0.000,0.000,0.000
2025-12-03 15:47:59,TOTAL,35.431,0.049,284.940,348.503
2025-12-03 15:48:00,mlx5_0,0.000,0.000,0.000,0.000
2025-12-03 15:48:00,mlx5_1,0.321,0.001,71.594,83.433
2025-12-03 15:48:00,mlx5_2,0.000,0.000,0.000,0.000
2025-12-03 15:48:00,mlx5_3,0.266,0.001,71.186,88.667
2025-12-03 15:48:00,mlx5_4,0.000,0.000,0.000,0.000
2025-12-03 15:48:00,mlx5_5,0.205,0.001,71.225,88.208
2025-12-03 15:48:00,mlx5_6,0.000,0.000,0.000,0.000
2025-12-03 15:48:00,mlx5_7,0.000,0.000,0.000,0.000
2025-12-03 15:48:00,mlx5_8,0.189,0.001,71.059,88.195
2025-12-03 15:48:00,mlx5_9,0.000,0.000,0.000,0.000
2025-12-03 15:48:00,TOTAL,0.981,0.003,285.064,348.503
2025-12-03 15:48:01,mlx5_0,0.000,0.000,0.000,0.000
2025-12-03 15:48:01,mlx5_1,9.333,0.013,72.766,83.434
2025-12-03 15:48:01,mlx5_2,0.000,0.000,0.000,0.000
2025-12-03 15:48:01,mlx5_3,9.291,0.014,72.353,88.668
2025-12-03 15:48:01,mlx5_4,0.000,0.000,0.000,0.000
2025-12-03 15:48:01,mlx5_5,9.256,0.014,72.387,88.210
2025-12-03 15:48:01,mlx5_6,0.000,0.000,0.000,0.000
2025-12-03 15:48:01,mlx5_7,0.000,0.000,0.000,0.000
2025-12-03 15:48:01,mlx5_8,9.341,0.013,72.232,88.197
2025-12-03 15:48:01,mlx5_9,0.000,0.000,0.000,0.000
2025-12-03 15:48:01,TOTAL,37.221,0.054,289.739,348.510
2025-12-03 15:48:02,mlx5_0,0.000,0.000,0.000,0.000
2025-12-03 15:48:02,mlx5_1,0.000,0.000,72.766,83.434
2025-12-03 15:48:02,mlx5_2,0.000,0.000,0.000,0.000
2025-12-03 15:48:02,mlx5_3,0.000,0.000,72.353,88.668
2025-12-03 15:48:02,mlx5_4,0.000,0.000,0.000,0.000
2025-12-03 15:48:02,mlx5_5,0.000,0.000,72.387,88.210
2025-12-03 15:48:02,mlx5_6,0.000,0.000,0.000,0.000
2025-12-03 15:48:02,mlx5_7,0.000,0.000,0.000,0.000
2025-12-03 15:48:02,mlx5_8,0.000,0.000,72.232,88.197
2025-12-03 15:48:02,mlx5_9,0.000,0.000,0.000,0.000
2025-12-03 15:48:02,TOTAL,0.000,0.000,289.739,348.510
2025-12-03 15:48:03,mlx5_0,0.000,0.000,0.000,0.000
2025-12-03 15:48:03,mlx5_1,9.361,0.013,73.942,83.436
2025-12-03 15:48:03,mlx5_2,0.000,0.000,0.000,0.000
2025-12-03 15:48:03,mlx5_3,9.185,0.013,73.507,88.670
2025-12-03 15:48:03,mlx5_4,0.000,0.000,0.000,0.000
2025-12-03 15:48:03,mlx5_5,9.424,0.014,73.571,88.211
2025-12-03 15:48:03,mlx5_6,0.000,0.000,0.000,0.000
2025-12-03 15:48:03,mlx5_7,0.000,0.000,0.000,0.000
2025-12-03 15:48:03,mlx5_8,9.252,0.013,73.394,88.199
2025-12-03 15:48:03,mlx5_9,0.000,0.000,0.000,0.000
2025-12-03 15:48:03,TOTAL,37.222,0.053,294.415,348.516
2025-12-03 15:48:04,mlx5_0,0.000,0.000,0.000,0.000
2025-12-03 15:48:04,mlx5_1,0.000,0.000,73.942,83.436
2025-12-03 15:48:04,mlx5_2,0.000,0.000,0.000,0.000
2025-12-03 15:48:04,mlx5_3,0.000,0.000,73.507,88.670
2025-12-03 15:48:04,mlx5_4,0.000,0.000,0.000,0.000
2025-12-03 15:48:04,mlx5_5,0.000,0.000,73.571,88.211
2025-12-03 15:48:04,mlx5_6,0.000,0.000,0.000,0.000
2025-12-03 15:48:04,mlx5_7,0.000,0.000,0.000,0.000
2025-12-03 15:48:04,mlx5_8,0.000,0.000,73.394,88.199
2025-12-03 15:48:04,mlx5_9,0.000,0.000,0.000,0.000
2025-12-03 15:48:04,TOTAL,0.000,0.000,294.415,348.516
2025-12-03 15:48:05,mlx5_0,0.000,0.000,0.000,0.000
2025-12-03 15:48:05,mlx5_1,9.352,0.013,75.117,83.438
2025-12-03 15:48:05,mlx5_2,0.000,0.000,0.000,0.000
2025-12-03 15:48:05,mlx5_3,9.263,0.014,74.670,88.672
2025-12-03 15:48:05,mlx5_4,0.000,0.000,0.000,0.000
2025-12-03 15:48:05,mlx5_5,9.359,0.014,74.747,88.213
2025-12-03 15:48:05,mlx5_6,0.000,0.000,0.000,0.000
2025-12-03 15:48:05,mlx5_7,0.000,0.000,0.000,0.000
2025-12-03 15:48:05,mlx5_8,9.247,0.013,74.556,88.200
2025-12-03 15:48:05,mlx5_9,0.000,0.000,0.000,0.000
2025-12-03 15:48:05,TOTAL,37.221,0.054,299.090,348.523
2025-12-03 15:48:06,mlx5_0,0.000,0.000,0.000,0.000
2025-12-03 15:48:06,mlx5_1,0.000,0.000,75.117,83.438
2025-12-03 15:48:06,mlx5_2,0.000,0.000,0.000,0.000
2025-12-03 15:48:06,mlx5_3,0.000,0.000,74.670,88.672
2025-12-03 15:48:06,mlx5_4,0.000,0.000,0.000,0.000
2025-12-03 15:48:06,mlx5_5,0.000,0.000,74.747,88.213
2025-12-03 15:48:06,mlx5_6,0.000,0.000,0.000,0.000
2025-12-03 15:48:06,mlx5_7,0.000,0.000,0.000,0.000
2025-12-03 15:48:06,mlx5_8,0.000,0.000,74.556,88.200
2025-12-03 15:48:06,mlx5_9,0.000,0.000,0.000,0.000
2025-12-03 15:48:06,TOTAL,0.000,0.000,299.090,348.523
2025-12-03 15:48:07,mlx5_0,0.000,0.000,0.000,0.000
2025-12-03 15:48:07,mlx5_1,5.047,0.923,75.751,83.554
2025-12-03 15:48:07,mlx5_2,0.000,0.000,0.000,0.000
2025-12-03 15:48:07,mlx5_3,5.022,0.956,75.301,88.792
2025-12-03 15:48:07,mlx5_4,0.000,0.000,0.000,0.000
2025-12-03 15:48:07,mlx5_5,5.147,0.886,75.394,88.324
2025-12-03 15:48:07,mlx5_6,0.000,0.000,0.000,0.000
2025-12-03 15:48:07,mlx5_7,0.000,0.000,0.000,0.000
2025-12-03 15:48:07,mlx5_8,4.941,1.063,75.177,88.334
2025-12-03 15:48:07,mlx5_9,0.000,0.000,0.000,0.000
2025-12-03 15:48:07,TOTAL,20.156,3.828,301.622,349.004
2025-12-03 15:48:08,mlx5_0,0.000,0.000,0.000,0.000
2025-12-03 15:48:08,mlx5_1,4.426,10.112,76.307,84.824
2025-12-03 15:48:08,mlx5_2,0.000,0.000,0.000,0.000
2025-12-03 15:48:08,mlx5_3,4.412,10.074,75.856,90.057
2025-12-03 15:48:08,mlx5_4,0.000,0.000,0.000,0.000
2025-12-03 15:48:08,mlx5_5,4.230,10.144,75.925,89.599
2025-12-03 15:48:08,mlx5_6,0.000,0.000,0.000,0.000
2025-12-03 15:48:08,mlx5_7,0.000,0.000,0.000,0.000
2025-12-03 15:48:08,mlx5_8,4.068,10.257,75.688,89.622
2025-12-03 15:48:08,mlx5_9,0.000,0.000,0.000,0.000
2025-12-03 15:48:08,TOTAL,17.137,40.587,303.775,354.103
2025-12-03 15:48:09,mlx5_0,0.000,0.000,0.000,0.000
2025-12-03 15:48:09,mlx5_1,0.000,0.000,76.307,84.824
2025-12-03 15:48:09,mlx5_2,0.000,0.000,0.000,0.000
2025-12-03 15:48:09,mlx5_3,0.000,0.000,75.856,90.057
2025-12-03 15:48:09,mlx5_4,0.000,0.000,0.000,0.000
2025-12-03 15:48:09,mlx5_5,0.000,0.000,75.925,89.599
2025-12-03 15:48:09,mlx5_6,0.000,0.000,0.000,0.000
2025-12-03 15:48:09,mlx5_7,0.000,0.000,0.000,0.000
2025-12-03 15:48:09,mlx5_8,0.000,0.000,75.688,89.622
2025-12-03 15:48:09,mlx5_9,0.000,0.000,0.000,0.000
2025-12-03 15:48:09,TOTAL,0.000,0.000,303.775,354.103
2025-12-03 15:48:10,mlx5_0,0.000,0.000,0.000,0.000
2025-12-03 15:48:10,mlx5_1,9.762,0.014,77.533,84.826
2025-12-03 15:48:10,mlx5_2,0.000,0.000,0.000,0.000
2025-12-03 15:48:10,mlx5_3,9.586,0.014,77.060,90.059
2025-12-03 15:48:10,mlx5_4,0.000,0.000,0.000,0.000
2025-12-03 15:48:10,mlx5_5,9.721,0.014,77.146,89.601
2025-12-03 15:48:10,mlx5_6,0.000,0.000,0.000,0.000
2025-12-03 15:48:10,mlx5_7,0.000,0.000,0.000,0.000
2025-12-03 15:48:10,mlx5_8,9.679,0.014,76.904,89.624
2025-12-03 15:48:10,mlx5_9,0.000,0.000,0.000,0.000
2025-12-03 15:48:10,TOTAL,38.748,0.056,308.642,354.110
2025-12-03 15:48:11,mlx5_0,0.000,0.000,0.000,0.000
2025-12-03 15:48:11,mlx5_1,8.387,0.011,78.587,84.827
2025-12-03 15:48:11,mlx5_2,0.000,0.000,0.000,0.000
2025-12-03 15:48:11,mlx5_3,8.266,0.012,78.098,90.061
2025-12-03 15:48:11,mlx5_4,0.000,0.000,0.000,0.000
2025-12-03 15:48:11,mlx5_5,8.194,0.012,78.176,89.602
2025-12-03 15:48:11,mlx5_6,0.000,0.000,0.000,0.000
2025-12-03 15:48:11,mlx5_7,0.000,0.000,0.000,0.000
2025-12-03 15:48:11,mlx5_8,8.233,0.011,77.938,89.626
2025-12-03 15:48:11,mlx5_9,0.000,0.000,0.000,0.000
2025-12-03 15:48:11,TOTAL,33.080,0.046,312.799,354.116
2025-12-03 15:48:12,mlx5_0,0.000,0.000,0.000,0.000
2025-12-03 15:48:12,mlx5_1,1.032,0.002,78.716,84.827
2025-12-03 15:48:12,mlx5_2,0.000,0.000,0.000,0.000
2025-12-03 15:48:12,mlx5_3,1.131,0.002,78.240,90.061
2025-12-03 15:48:12,mlx5_4,0.000,0.000,0.000,0.000
2025-12-03 15:48:12,mlx5_5,0.996,0.002,78.301,89.602
2025-12-03 15:48:12,mlx5_6,0.000,0.000,0.000,0.000
2025-12-03 15:48:12,mlx5_7,0.000,0.000,0.000,0.000
2025-12-03 15:48:12,mlx5_8,0.974,0.002,78.060,89.626
2025-12-03 15:48:12,mlx5_9,0.000,0.000,0.000,0.000
2025-12-03 15:48:12,TOTAL,4.133,0.007,313.318,354.116
2025-12-03 15:48:13,mlx5_0,0.000,0.000,0.000,0.000
2025-12-03 15:48:13,mlx5_1,9.361,0.013,79.893,84.829
2025-12-03 15:48:13,mlx5_2,0.000,0.000,0.000,0.000
2025-12-03 15:48:13,mlx5_3,9.217,0.013,79.398,90.063
2025-12-03 15:48:13,mlx5_4,0.000,0.000,0.000,0.000
2025-12-03 15:48:13,mlx5_5,9.347,0.014,79.475,89.604
2025-12-03 15:48:13,mlx5_6,0.000,0.000,0.000,0.000
2025-12-03 15:48:13,mlx5_7,0.000,0.000,0.000,0.000
2025-12-03 15:48:13,mlx5_8,9.282,0.013,79.227,89.627
2025-12-03 15:48:13,mlx5_9,0.000,0.000,0.000,0.000
2025-12-03 15:48:13,TOTAL,37.207,0.053,317.993,354.123
2025-12-03 15:48:14,mlx5_0,0.000,0.000,0.000,0.000
2025-12-03 15:48:14,mlx5_1,0.000,0.000,79.893,84.829
2025-12-03 15:48:14,mlx5_2,0.000,0.000,0.000,0.000
2025-12-03 15:48:14,mlx5_3,0.000,0.000,79.398,90.063
2025-12-03 15:48:14,mlx5_4,0.000,0.000,0.000,0.000
2025-12-03 15:48:14,mlx5_5,0.000,0.000,79.475,89.604
2025-12-03 15:48:14,mlx5_6,0.000,0.000,0.000,0.000
2025-12-03 15:48:14,mlx5_7,0.000,0.000,0.000,0.000
2025-12-03 15:48:14,mlx5_8,0.000,0.000,79.227,89.627
2025-12-03 15:48:14,mlx5_9,0.000,0.000,0.000,0.000
2025-12-03 15:48:14,TOTAL,0.000,0.000,317.993,354.123
2025-12-03 15:48:15,mlx5_0,0.000,0.000,0.000,0.000
2025-12-03 15:48:15,mlx5_1,5.476,0.008,80.580,84.830
2025-12-03 15:48:15,mlx5_2,0.000,0.000,0.000,0.000
2025-12-03 15:48:15,mlx5_3,5.384,0.008,80.074,90.064
2025-12-03 15:48:15,mlx5_4,0.000,0.000,0.000,0.000
2025-12-03 15:48:15,mlx5_5,5.438,0.008,80.158,89.605
2025-12-03 15:48:15,mlx5_6,0.000,0.000,0.000,0.000
2025-12-03 15:48:15,mlx5_7,0.000,0.000,0.000,0.000
2025-12-03 15:48:15,mlx5_8,5.424,0.008,79.907,89.628
2025-12-03 15:48:15,mlx5_9,0.000,0.000,0.000,0.000
2025-12-03 15:48:15,TOTAL,21.721,0.031,320.719,354.127
2025-12-03 15:48:16,mlx5_0,0.000,0.000,0.000,0.000
2025-12-03 15:48:16,mlx5_1,3.915,0.006,81.072,84.831
2025-12-03 15:48:16,mlx5_2,0.000,0.000,0.000,0.000
2025-12-03 15:48:16,mlx5_3,3.945,0.006,80.569,90.064
2025-12-03 15:48:16,mlx5_4,0.000,0.000,0.000,0.000
2025-12-03 15:48:16,mlx5_5,3.892,0.006,80.646,89.606
2025-12-03 15:48:16,mlx5_6,0.000,0.000,0.000,0.000
2025-12-03 15:48:16,mlx5_7,0.000,0.000,0.000,0.000
2025-12-03 15:48:16,mlx5_8,3.776,0.005,80.381,89.629
2025-12-03 15:48:16,mlx5_9,0.000,0.000,0.000,0.000
2025-12-03 15:48:16,TOTAL,15.528,0.023,322.669,354.130
2025-12-03 15:48:17,mlx5_0,0.000,0.000,0.000,0.000
2025-12-03 15:48:17,mlx5_1,0.000,0.000,81.072,84.831
2025-12-03 15:48:17,mlx5_2,0.000,0.000,0.000,0.000
2025-12-03 15:48:17,mlx5_3,0.000,0.000,80.569,90.064
2025-12-03 15:48:17,mlx5_4,0.000,0.000,0.000,0.000
2025-12-03 15:48:17,mlx5_5,0.000,0.000,80.646,89.606
2025-12-03 15:48:17,mlx5_6,0.000,0.000,0.000,0.000
2025-12-03 15:48:17,mlx5_7,0.000,0.000,0.000,0.000
2025-12-03 15:48:17,mlx5_8,0.000,0.000,80.381,89.629
2025-12-03 15:48:17,mlx5_9,0.000,0.000,0.000,0.000
2025-12-03 15:48:17,TOTAL,0.000,0.000,322.669,354.130
2025-12-03 15:48:18,mlx5_0,0.000,0.000,0.000,0.000
2025-12-03 15:48:18,mlx5_1,9.275,11.295,82.237,86.250
2025-12-03 15:48:18,mlx5_2,0.000,0.000,0.000,0.000
2025-12-03 15:48:18,mlx5_3,9.278,11.185,81.735,91.470
2025-12-03 15:48:18,mlx5_4,0.000,0.000,0.000,0.000
2025-12-03 15:48:18,mlx5_5,9.647,10.939,81.858,90.980
2025-12-03 15:48:18,mlx5_6,0.000,0.000,0.000,0.000
2025-12-03 15:48:18,mlx5_7,0.000,0.000,0.000,0.000
2025-12-03 15:48:18,mlx5_8,9.096,11.000,81.524,91.011
2025-12-03 15:48:18,mlx5_9,0.000,0.000,0.000,0.000
2025-12-03 15:48:18,TOTAL,37.296,44.420,327.355,359.710
2025-12-03 15:48:19,mlx5_0,0.000,0.000,0.000,0.000
2025-12-03 15:48:19,mlx5_1,0.000,0.000,82.237,86.250
2025-12-03 15:48:19,mlx5_2,0.000,0.000,0.000,0.000
2025-12-03 15:48:19,mlx5_3,0.000,0.000,81.735,91.470
2025-12-03 15:48:19,mlx5_4,0.000,0.000,0.000,0.000
2025-12-03 15:48:19,mlx5_5,0.000,0.000,81.858,90.980
2025-12-03 15:48:19,mlx5_6,0.000,0.000,0.000,0.000
2025-12-03 15:48:19,mlx5_7,0.000,0.000,0.000,0.000
2025-12-03 15:48:19,mlx5_8,0.000,0.000,81.524,91.011
2025-12-03 15:48:19,mlx5_9,0.000,0.000,0.000,0.000
2025-12-03 15:48:19,TOTAL,0.000,0.000,327.355,359.710
2025-12-03 15:48:20,mlx5_0,0.000,0.000,0.000,0.000
2025-12-03 15:48:20,mlx5_1,9.168,0.013,83.389,86.251
2025-12-03 15:48:20,mlx5_2,0.000,0.000,0.000,0.000
2025-12-03 15:48:20,mlx5_3,9.142,0.014,82.884,91.471
2025-12-03 15:48:20,mlx5_4,0.000,0.000,0.000,0.000
2025-12-03 15:48:20,mlx5_5,9.075,0.013,82.999,90.982
2025-12-03 15:48:20,mlx5_6,0.000,0.000,0.000,0.000
2025-12-03 15:48:20,mlx5_7,0.000,0.000,0.000,0.000
2025-12-03 15:48:20,mlx5_8,9.027,0.013,82.659,91.013
2025-12-03 15:48:20,mlx5_9,0.000,0.000,0.000,0.000
2025-12-03 15:48:20,TOTAL,36.412,0.053,331.930,359.717
2025-12-03 15:48:21,mlx5_0,0.000,0.000,0.000,0.000
2025-12-03 15:48:21,mlx5_1,0.000,0.000,83.389,86.251
2025-12-03 15:48:21,mlx5_2,0.000,0.000,0.000,0.000
2025-12-03 15:48:21,mlx5_3,0.000,0.000,82.884,91.471
2025-12-03 15:48:21,mlx5_4,0.000,0.000,0.000,0.000
2025-12-03 15:48:21,mlx5_5,0.000,0.000,82.999,90.982
2025-12-03 15:48:21,mlx5_6,0.000,0.000,0.000,0.000
2025-12-03 15:48:21,mlx5_7,0.000,0.000,0.000,0.000
2025-12-03 15:48:21,mlx5_8,0.000,0.000,82.659,91.013
2025-12-03 15:48:21,mlx5_9,0.000,0.000,0.000,0.000
2025-12-03 15:48:21,TOTAL,0.000,0.000,331.930,359.717
2025-12-03 15:48:22,mlx5_0,0.000,0.000,0.000,0.000
2025-12-03 15:48:22,mlx5_1,9.338,0.013,84.562,86.253
2025-12-03 15:48:22,mlx5_2,0.000,0.000,0.000,0.000
2025-12-03 15:48:22,mlx5_3,9.390,0.014,84.063,91.473
2025-12-03 15:48:22,mlx5_4,0.000,0.000,0.000,0.000
2025-12-03 15:48:22,mlx5_5,9.343,0.014,84.172,90.983
2025-12-03 15:48:22,mlx5_6,0.000,0.000,0.000,0.000
2025-12-03 15:48:22,mlx5_7,0.000,0.000,0.000,0.000
2025-12-03 15:48:22,mlx5_8,9.152,0.013,83.808,91.014
2025-12-03 15:48:22,mlx5_9,0.000,0.000,0.000,0.000
2025-12-03 15:48:22,TOTAL,37.224,0.054,336.605,359.724
2025-12-03 15:48:23,mlx5_0,0.000,0.000,0.000,0.000
2025-12-03 15:48:23,mlx5_1,0.000,0.000,84.562,86.253
2025-12-03 15:48:23,mlx5_2,0.000,0.000,0.000,0.000
2025-12-03 15:48:23,mlx5_3,0.000,0.000,84.063,91.473
2025-12-03 15:48:23,mlx5_4,0.000,0.000,0.000,0.000
2025-12-03 15:48:23,mlx5_5,0.000,0.000,84.172,90.983
2025-12-03 15:48:23,mlx5_6,0.000,0.000,0.000,0.000
2025-12-03 15:48:23,mlx5_7,0.000,0.000,0.000,0.000
2025-12-03 15:48:23,mlx5_8,0.000,0.000,83.808,91.014
2025-12-03 15:48:23,mlx5_9,0.000,0.000,0.000,0.000
2025-12-03 15:48:23,TOTAL,0.000,0.000,336.605,359.724
2025-12-03 15:48:24,mlx5_0,0.000,0.000,0.000,0.000
2025-12-03 15:48:24,mlx5_1,9.284,0.013,85.728,86.255
2025-12-03 15:48:24,mlx5_2,0.000,0.000,0.000,0.000
2025-12-03 15:48:24,mlx5_3,9.397,0.014,85.244,91.475
2025-12-03 15:48:24,mlx5_4,0.000,0.000,0.000,0.000
2025-12-03 15:48:24,mlx5_5,9.316,0.014,85.342,90.985
2025-12-03 15:48:24,mlx5_6,0.000,0.000,0.000,0.000
2025-12-03 15:48:24,mlx5_7,0.000,0.000,0.000,0.000
2025-12-03 15:48:24,mlx5_8,9.225,0.013,84.967,91.016
2025-12-03 15:48:24,mlx5_9,0.000,0.000,0.000,0.000
2025-12-03 15:48:24,TOTAL,37.221,0.054,341.281,359.731
2025-12-03 15:48:25,mlx5_0,0.000,0.000,0.000,0.000
2025-12-03 15:48:25,mlx5_1,0.000,0.000,85.728,86.255
2025-12-03 15:48:25,mlx5_2,0.000,0.000,0.000,0.000
2025-12-03 15:48:25,mlx5_3,0.000,0.000,85.244,91.475
2025-12-03 15:48:25,mlx5_4,0.000,0.000,0.000,0.000
2025-12-03 15:48:25,mlx5_5,0.000,0.000,85.342,90.985
2025-12-03 15:48:25,mlx5_6,0.000,0.000,0.000,0.000
2025-12-03 15:48:25,mlx5_7,0.000,0.000,0.000,0.000
2025-12-03 15:48:25,mlx5_8,0.000,0.000,84.967,91.016
2025-12-03 15:48:25,mlx5_9,0.000,0.000,0.000,0.000
2025-12-03 15:48:25,TOTAL,0.000,0.000,341.281,359.731
2025-12-03 15:48:26,mlx5_0,0.000,0.000,0.000,0.000
2025-12-03 15:48:26,mlx5_1,9.243,0.013,86.889,86.256
2025-12-03 15:48:26,mlx5_2,0.000,0.000,0.000,0.000
2025-12-03 15:48:26,mlx5_3,9.281,0.014,86.409,91.477
2025-12-03 15:48:26,mlx5_4,0.000,0.000,0.000,0.000
2025-12-03 15:48:26,mlx5_5,9.347,0.014,86.516,90.987
2025-12-03 15:48:26,mlx5_6,0.000,0.000,0.000,0.000
2025-12-03 15:48:26,mlx5_7,0.000,0.000,0.000,0.000
2025-12-03 15:48:26,mlx5_8,9.351,0.013,86.141,91.018
2025-12-03 15:48:26,mlx5_9,0.000,0.000,0.000,0.000
2025-12-03 15:48:26,TOTAL,37.221,0.054,345.956,359.737
2025-12-03 15:48:27,mlx5_0,0.000,0.000,0.000,0.000
2025-12-03 15:48:27,mlx5_1,0.000,0.000,86.889,86.256
2025-12-03 15:48:27,mlx5_2,0.000,0.000,0.000,0.000
2025-12-03 15:48:27,mlx5_3,0.000,0.000,86.409,91.477
2025-12-03 15:48:27,mlx5_4,0.000,0.000,0.000,0.000
2025-12-03 15:48:27,mlx5_5,0.000,0.000,86.516,90.987
2025-12-03 15:48:27,mlx5_6,0.000,0.000,0.000,0.000
2025-12-03 15:48:27,mlx5_7,0.000,0.000,0.000,0.000
2025-12-03 15:48:27,mlx5_8,0.000,0.000,86.141,91.018
2025-12-03 15:48:27,mlx5_9,0.000,0.000,0.000,0.000
2025-12-03 15:48:27,TOTAL,0.000,0.000,345.956,359.737
2025-12-03 15:48:28,mlx5_0,0.000,0.000,0.000,0.000
2025-12-03 15:48:28,mlx5_1,0.000,0.000,86.889,86.256
2025-12-03 15:48:28,mlx5_2,0.000,0.000,0.000,0.000
2025-12-03 15:48:28,mlx5_3,0.000,0.000,86.409,91.477
2025-12-03 15:48:28,mlx5_4,0.000,0.000,0.000,0.000
2025-12-03 15:48:28,mlx5_5,0.000,0.000,86.516,90.987
2025-12-03 15:48:28,mlx5_6,0.000,0.000,0.000,0.000
2025-12-03 15:48:28,mlx5_7,0.000,0.000,0.000,0.000
2025-12-03 15:48:28,mlx5_8,0.000,0.000,86.141,91.018
2025-12-03 15:48:28,mlx5_9,0.000,0.000,0.000,0.000
2025-12-03 15:48:28,TOTAL,0.000,0.000,345.956,359.737
2025-12-03 15:48:29,mlx5_0,0.000,0.000,0.000,0.000
2025-12-03 15:48:29,mlx5_1,9.392,11.129,88.069,87.654
2025-12-03 15:48:29,mlx5_2,0.000,0.000,0.000,0.000
2025-12-03 15:48:29,mlx5_3,9.299,11.069,87.577,92.867
2025-12-03 15:48:29,mlx5_4,0.000,0.000,0.000,0.000
2025-12-03 15:48:29,mlx5_5,9.397,10.936,87.697,92.361
2025-12-03 15:48:29,mlx5_6,0.000,0.000,0.000,0.000
2025-12-03 15:48:29,mlx5_7,0.000,0.000,0.000,0.000
2025-12-03 15:48:29,mlx5_8,9.205,11.285,87.298,92.435
2025-12-03 15:48:29,mlx5_9,0.000,0.000,0.000,0.000
2025-12-03 15:48:29,TOTAL,37.293,44.420,350.640,365.317
2025-12-03 15:48:30,mlx5_0,0.000,0.000,0.000,0.000
2025-12-03 15:48:30,mlx5_1,0.000,0.000,88.069,87.654
2025-12-03 15:48:30,mlx5_2,0.000,0.000,0.000,0.000
2025-12-03 15:48:30,mlx5_3,0.000,0.000,87.577,92.867
2025-12-03 15:48:30,mlx5_4,0.000,0.000,0.000,0.000
2025-12-03 15:48:30,mlx5_5,0.000,0.000,87.697,92.361
2025-12-03 15:48:30,mlx5_6,0.000,0.000,0.000,0.000
2025-12-03 15:48:30,mlx5_7,0.000,0.000,0.000,0.000
2025-12-03 15:48:30,mlx5_8,0.000,0.000,87.298,92.435
2025-12-03 15:48:30,mlx5_9,0.000,0.000,0.000,0.000
2025-12-03 15:48:30,TOTAL,0.000,0.000,350.640,365.317
2025-12-03 15:48:31,mlx5_0,0.000,0.000,0.000,0.000
2025-12-03 15:48:31,mlx5_1,9.022,0.013,89.202,87.656
2025-12-03 15:48:31,mlx5_2,0.000,0.000,0.000,0.000
2025-12-03 15:48:31,mlx5_3,9.049,0.013,88.714,92.869
2025-12-03 15:48:31,mlx5_4,0.000,0.000,0.000,0.000
2025-12-03 15:48:31,mlx5_5,9.114,0.013,88.842,92.362
2025-12-03 15:48:31,mlx5_6,0.000,0.000,0.000,0.000
2025-12-03 15:48:31,mlx5_7,0.000,0.000,0.000,0.000
2025-12-03 15:48:31,mlx5_8,9.236,0.013,88.458,92.437
2025-12-03 15:48:31,mlx5_9,0.000,0.000,0.000,0.000
2025-12-03 15:48:31,TOTAL,36.421,0.053,355.216,365.324
2025-12-03 15:48:32,mlx5_0,0.000,0.000,0.000,0.000
2025-12-03 15:48:32,mlx5_1,4.116,0.006,89.719,87.656
2025-12-03 15:48:32,mlx5_2,0.000,0.000,0.000,0.000
2025-12-03 15:48:32,mlx5_3,4.070,0.006,89.225,92.869
2025-12-03 15:48:32,mlx5_4,0.000,0.000,0.000,0.000
2025-12-03 15:48:32,mlx5_5,4.054,0.006,89.351,92.363
2025-12-03 15:48:32,mlx5_6,0.000,0.000,0.000,0.000
2025-12-03 15:48:32,mlx5_7,0.000,0.000,0.000,0.000
2025-12-03 15:48:32,mlx5_8,4.125,0.006,88.976,92.438
2025-12-03 15:48:32,mlx5_9,0.000,0.000,0.000,0.000
2025-12-03 15:48:32,TOTAL,16.365,0.024,357.271,365.327
2025-12-03 15:48:33,mlx5_0,0.000,0.000,0.000,0.000
2025-12-03 15:48:33,mlx5_1,5.324,0.007,90.387,87.657
2025-12-03 15:48:33,mlx5_2,0.000,0.000,0.000,0.000
2025-12-03 15:48:33,mlx5_3,5.247,0.008,89.884,92.870
2025-12-03 15:48:33,mlx5_4,0.000,0.000,0.000,0.000
2025-12-03 15:48:33,mlx5_5,5.172,0.008,90.000,92.364
2025-12-03 15:48:33,mlx5_6,0.000,0.000,0.000,0.000
2025-12-03 15:48:33,mlx5_7,0.000,0.000,0.000,0.000
2025-12-03 15:48:33,mlx5_8,5.117,0.007,89.619,92.439
2025-12-03 15:48:33,mlx5_9,0.000,0.000,0.000,0.000
2025-12-03 15:48:33,TOTAL,20.860,0.030,359.891,365.330
2025-12-03 15:48:34,mlx5_0,0.000,0.000,0.000,0.000
2025-12-03 15:48:34,mlx5_1,6.332,0.009,91.183,87.658
2025-12-03 15:48:34,mlx5_2,0.000,0.000,0.000,0.000
2025-12-03 15:48:34,mlx5_3,6.418,0.009,90.691,92.872
2025-12-03 15:48:34,mlx5_4,0.000,0.000,0.000,0.000
2025-12-03 15:48:34,mlx5_5,6.544,0.010,90.823,92.365
2025-12-03 15:48:34,mlx5_6,0.000,0.000,0.000,0.000
2025-12-03 15:48:34,mlx5_7,0.000,0.000,0.000,0.000
2025-12-03 15:48:34,mlx5_8,6.727,0.009,90.464,92.440
2025-12-03 15:48:34,mlx5_9,0.000,0.000,0.000,0.000
2025-12-03 15:48:34,TOTAL,26.021,0.036,363.160,365.335
2025-12-03 15:48:35,mlx5_0,0.000,0.000,0.000,0.000
2025-12-03 15:48:35,mlx5_1,2.989,0.004,91.559,87.659
2025-12-03 15:48:35,mlx5_2,0.000,0.000,0.000,0.000
2025-12-03 15:48:35,mlx5_3,2.865,0.004,91.051,92.872
2025-12-03 15:48:35,mlx5_4,0.000,0.000,0.000,0.000
2025-12-03 15:48:35,mlx5_5,2.694,0.004,91.161,92.366
2025-12-03 15:48:35,mlx5_6,0.000,0.000,0.000,0.000
2025-12-03 15:48:35,mlx5_7,0.000,0.000,0.000,0.000
2025-12-03 15:48:35,mlx5_8,2.643,0.004,90.796,92.440
2025-12-03 15:48:35,mlx5_9,0.000,0.000,0.000,0.000
2025-12-03 15:48:35,TOTAL,11.191,0.017,364.566,365.337
2025-12-03 15:48:36,mlx5_0,0.000,0.000,0.000,0.000
2025-12-03 15:48:36,mlx5_1,0.000,0.000,91.559,87.659
2025-12-03 15:48:36,mlx5_2,0.000,0.000,0.000,0.000
2025-12-03 15:48:36,mlx5_3,0.000,0.000,91.051,92.872
2025-12-03 15:48:36,mlx5_4,0.000,0.000,0.000,0.000
2025-12-03 15:48:36,mlx5_5,0.000,0.000,91.161,92.366
2025-12-03 15:48:36,mlx5_6,0.000,0.000,0.000,0.000
2025-12-03 15:48:36,mlx5_7,0.000,0.000,0.000,0.000
2025-12-03 15:48:36,mlx5_8,0.000,0.000,90.796,92.440
2025-12-03 15:48:36,mlx5_9,0.000,0.000,0.000,0.000
2025-12-03 15:48:36,TOTAL,0.000,0.000,364.566,365.337
2025-12-03 15:48:37,mlx5_0,0.000,0.000,0.000,0.000
2025-12-03 15:48:37,mlx5_1,9.470,0.013,92.748,87.661
2025-12-03 15:48:37,mlx5_2,0.000,0.000,0.000,0.000
2025-12-03 15:48:37,mlx5_3,9.160,0.014,92.202,92.874
2025-12-03 15:48:37,mlx5_4,0.000,0.000,0.000,0.000
2025-12-03 15:48:37,mlx5_5,9.398,0.014,92.342,92.367
2025-12-03 15:48:37,mlx5_6,0.000,0.000,0.000,0.000
2025-12-03 15:48:37,mlx5_7,0.000,0.000,0.000,0.000
2025-12-03 15:48:37,mlx5_8,9.185,0.013,91.950,92.442
2025-12-03 15:48:37,mlx5_9,0.000,0.000,0.000,0.000
2025-12-03 15:48:37,TOTAL,37.213,0.053,369.242,365.344
2025-12-03 15:48:38,mlx5_0,0.000,0.000,0.000,0.000
2025-12-03 15:48:38,mlx5_1,0.000,0.000,92.748,87.661
2025-12-03 15:48:38,mlx5_2,0.000,0.000,0.000,0.000
2025-12-03 15:48:38,mlx5_3,0.000,0.000,92.202,92.874
2025-12-03 15:48:38,mlx5_4,0.000,0.000,0.000,0.000
2025-12-03 15:48:38,mlx5_5,0.000,0.000,92.342,92.367
2025-12-03 15:48:38,mlx5_6,0.000,0.000,0.000,0.000
2025-12-03 15:48:38,mlx5_7,0.000,0.000,0.000,0.000
2025-12-03 15:48:38,mlx5_8,0.000,0.000,91.950,92.442
2025-12-03 15:48:38,mlx5_9,0.000,0.000,0.000,0.000
2025-12-03 15:48:38,TOTAL,0.000,0.000,369.242,365.344
2025-12-03 15:48:39,mlx5_0,0.000,0.000,0.000,0.000
2025-12-03 15:48:39,mlx5_1,8.395,3.936,93.803,88.155
2025-12-03 15:48:39,mlx5_2,0.000,0.000,0.000,0.000
2025-12-03 15:48:39,mlx5_3,8.575,3.973,93.279,93.373
2025-12-03 15:48:39,mlx5_4,0.000,0.000,0.000,0.000
2025-12-03 15:48:39,mlx5_5,8.608,3.895,93.424,92.857
2025-12-03 15:48:39,mlx5_6,0.000,0.000,0.000,0.000
2025-12-03 15:48:39,mlx5_7,0.000,0.000,0.000,0.000
2025-12-03 15:48:39,mlx5_8,8.604,3.807,93.031,92.920
2025-12-03 15:48:39,mlx5_9,0.000,0.000,0.000,0.000
2025-12-03 15:48:39,TOTAL,34.182,15.611,373.537,367.305
2025-12-03 15:48:40,mlx5_0,0.000,0.000,0.000,0.000
2025-12-03 15:48:40,mlx5_1,0.796,7.070,93.903,89.043
2025-12-03 15:48:40,mlx5_2,0.000,0.000,0.000,0.000
2025-12-03 15:48:40,mlx5_3,0.789,7.175,93.378,94.274
2025-12-03 15:48:40,mlx5_4,0.000,0.000,0.000,0.000
2025-12-03 15:48:40,mlx5_5,0.695,7.406,93.511,93.787
2025-12-03 15:48:40,mlx5_6,0.000,0.000,0.000,0.000
2025-12-03 15:48:40,mlx5_7,0.000,0.000,0.000,0.000
2025-12-03 15:48:40,mlx5_8,0.824,7.146,93.135,93.818
2025-12-03 15:48:40,mlx5_9,0.000,0.000,0.000,0.000
2025-12-03 15:48:40,TOTAL,3.103,28.797,373.927,370.923
2025-12-03 15:48:41,mlx5_0,0.000,0.000,0.000,0.000
2025-12-03 15:48:41,mlx5_1,8.459,0.012,94.966,89.045
2025-12-03 15:48:41,mlx5_2,0.000,0.000,0.000,0.000
2025-12-03 15:48:41,mlx5_3,8.425,0.012,94.437,94.276
2025-12-03 15:48:41,mlx5_4,0.000,0.000,0.000,0.000
2025-12-03 15:48:41,mlx5_5,8.480,0.012,94.577,93.789
2025-12-03 15:48:41,mlx5_6,0.000,0.000,0.000,0.000
2025-12-03 15:48:41,mlx5_7,0.000,0.000,0.000,0.000
2025-12-03 15:48:41,mlx5_8,8.440,0.012,94.195,93.819
2025-12-03 15:48:41,mlx5_9,0.000,0.000,0.000,0.000
2025-12-03 15:48:41,TOTAL,33.805,0.048,378.175,370.929
2025-12-03 15:48:42,mlx5_0,0.000,0.000,0.000,0.000
2025-12-03 15:48:42,mlx5_1,1.248,0.002,95.123,89.045
2025-12-03 15:48:42,mlx5_2,0.000,0.000,0.000,0.000
2025-12-03 15:48:42,mlx5_3,1.254,0.002,94.594,94.276
2025-12-03 15:48:42,mlx5_4,0.000,0.000,0.000,0.000
2025-12-03 15:48:42,mlx5_5,1.240,0.002,94.732,93.789
2025-12-03 15:48:42,mlx5_6,0.000,0.000,0.000,0.000
2025-12-03 15:48:42,mlx5_7,0.000,0.000,0.000,0.000
2025-12-03 15:48:42,mlx5_8,1.184,0.002,94.344,93.820
2025-12-03 15:48:42,mlx5_9,0.000,0.000,0.000,0.000
2025-12-03 15:48:42,TOTAL,4.925,0.008,378.794,370.930
2025-12-03 15:48:43,mlx5_0,0.000,0.000,0.000,0.000
2025-12-03 15:48:43,mlx5_1,9.308,0.013,96.293,89.047
2025-12-03 15:48:43,mlx5_2,0.000,0.000,0.000,0.000
2025-12-03 15:48:43,mlx5_3,9.475,0.014,95.785,94.278
2025-12-03 15:48:43,mlx5_4,0.000,0.000,0.000,0.000
2025-12-03 15:48:43,mlx5_5,9.227,0.014,95.892,93.791
2025-12-03 15:48:43,mlx5_6,0.000,0.000,0.000,0.000
2025-12-03 15:48:43,mlx5_7,0.000,0.000,0.000,0.000
2025-12-03 15:48:43,mlx5_8,9.196,0.013,95.500,93.821
2025-12-03 15:48:43,mlx5_9,0.000,0.000,0.000,0.000
2025-12-03 15:48:43,TOTAL,37.206,0.053,383.470,370.937
2025-12-03 15:48:44,mlx5_0,0.000,0.000,0.000,0.000
2025-12-03 15:48:44,mlx5_1,0.000,0.000,96.293,89.047
2025-12-03 15:48:44,mlx5_2,0.000,0.000,0.000,0.000
2025-12-03 15:48:44,mlx5_3,0.000,0.000,95.785,94.278
2025-12-03 15:48:44,mlx5_4,0.000,0.000,0.000,0.000
2025-12-03 15:48:44,mlx5_5,0.000,0.000,95.892,93.791
2025-12-03 15:48:44,mlx5_6,0.000,0.000,0.000,0.000
2025-12-03 15:48:44,mlx5_7,0.000,0.000,0.000,0.000
2025-12-03 15:48:44,mlx5_8,0.000,0.000,95.500,93.821
2025-12-03 15:48:44,mlx5_9,0.000,0.000,0.000,0.000
2025-12-03 15:48:44,TOTAL,0.000,0.000,383.470,370.937
2025-12-03 15:48:45,mlx5_0,0.000,0.000,0.000,0.000
2025-12-03 15:48:45,mlx5_1,9.347,0.013,97.467,89.048
2025-12-03 15:48:45,mlx5_2,0.000,0.000,0.000,0.000
2025-12-03 15:48:45,mlx5_3,9.319,0.014,96.956,94.280
2025-12-03 15:48:45,mlx5_4,0.000,0.000,0.000,0.000
2025-12-03 15:48:45,mlx5_5,9.307,0.014,97.061,93.793
2025-12-03 15:48:45,mlx5_6,0.000,0.000,0.000,0.000
2025-12-03 15:48:45,mlx5_7,0.000,0.000,0.000,0.000
2025-12-03 15:48:45,mlx5_8,9.251,0.013,96.662,93.823
2025-12-03 15:48:45,mlx5_9,0.000,0.000,0.000,0.000
2025-12-03 15:48:45,TOTAL,37.224,0.054,388.145,370.944
2025-12-03 15:48:46,mlx5_0,0.000,0.000,0.000,0.000
2025-12-03 15:48:46,mlx5_1,0.000,0.000,97.467,89.048
2025-12-03 15:48:46,mlx5_2,0.000,0.000,0.000,0.000
2025-12-03 15:48:46,mlx5_3,0.000,0.000,96.956,94.280
2025-12-03 15:48:46,mlx5_4,0.000,0.000,0.000,0.000
2025-12-03 15:48:46,mlx5_5,0.000,0.000,97.061,93.793
2025-12-03 15:48:46,mlx5_6,0.000,0.000,0.000,0.000
2025-12-03 15:48:46,mlx5_7,0.000,0.000,0.000,0.000
2025-12-03 15:48:46,mlx5_8,0.000,0.000,96.662,93.823
2025-12-03 15:48:46,mlx5_9,0.000,0.000,0.000,0.000
2025-12-03 15:48:46,TOTAL,0.000,0.000,388.145,370.944
2025-12-03 15:48:47,mlx5_0,0.000,0.000,0.000,0.000
2025-12-03 15:48:47,mlx5_1,9.304,0.013,98.635,89.050
2025-12-03 15:48:47,mlx5_2,0.000,0.000,0.000,0.000
2025-12-03 15:48:47,mlx5_3,9.286,0.014,98.122,94.281
2025-12-03 15:48:47,mlx5_4,0.000,0.000,0.000,0.000
2025-12-03 15:48:47,mlx5_5,9.336,0.014,98.233,93.794
2025-12-03 15:48:47,mlx5_6,0.000,0.000,0.000,0.000
2025-12-03 15:48:47,mlx5_7,0.000,0.000,0.000,0.000
2025-12-03 15:48:47,mlx5_8,9.298,0.013,97.830,93.825
2025-12-03 15:48:47,mlx5_9,0.000,0.000,0.000,0.000
2025-12-03 15:48:47,TOTAL,37.224,0.053,392.821,370.951
2025-12-03 15:48:48,mlx5_0,0.000,0.000,0.000,0.000
2025-12-03 15:48:48,mlx5_1,0.000,0.000,98.635,89.050
2025-12-03 15:48:48,mlx5_2,0.000,0.000,0.000,0.000
2025-12-03 15:48:48,mlx5_3,0.000,0.000,98.122,94.281
2025-12-03 15:48:48,mlx5_4,0.000,0.000,0.000,0.000
2025-12-03 15:48:48,mlx5_5,0.000,0.000,98.233,93.794
2025-12-03 15:48:48,mlx5_6,0.000,0.000,0.000,0.000
2025-12-03 15:48:48,mlx5_7,0.000,0.000,0.000,0.000
2025-12-03 15:48:48,mlx5_8,0.000,0.000,97.830,93.825
2025-12-03 15:48:48,mlx5_9,0.000,0.000,0.000,0.000
2025-12-03 15:48:48,TOTAL,0.000,0.000,392.821,370.951
2025-12-03 15:48:49,mlx5_0,0.000,0.000,0.000,0.000
2025-12-03 15:48:49,mlx5_1,0.000,0.000,98.635,89.050
2025-12-03 15:48:49,mlx5_2,0.000,0.000,0.000,0.000
2025-12-03 15:48:49,mlx5_3,0.000,0.000,98.122,94.281
2025-12-03 15:48:49,mlx5_4,0.000,0.000,0.000,0.000
2025-12-03 15:48:49,mlx5_5,0.000,0.000,98.233,93.794
2025-12-03 15:48:49,mlx5_6,0.000,0.000,0.000,0.000
2025-12-03 15:48:49,mlx5_7,0.000,0.000,0.000,0.000
2025-12-03 15:48:49,mlx5_8,0.000,0.000,97.830,93.825
2025-12-03 15:48:49,mlx5_9,0.000,0.000,0.000,0.000
2025-12-03 15:48:49,TOTAL,0.000,0.000,392.821,370.951
2025-12-03 15:48:50,mlx5_0,0.000,0.000,0.000,0.000
2025-12-03 15:48:50,mlx5_1,9.104,11.386,99.779,90.480
2025-12-03 15:48:50,mlx5_2,0.000,0.000,0.000,0.000
2025-12-03 15:48:50,mlx5_3,9.304,10.909,99.291,95.652
2025-12-03 15:48:50,mlx5_4,0.000,0.000,0.000,0.000
2025-12-03 15:48:50,mlx5_5,9.484,11.017,99.425,95.178
2025-12-03 15:48:50,mlx5_6,0.000,0.000,0.000,0.000
2025-12-03 15:48:50,mlx5_7,0.000,0.000,0.000,0.000
2025-12-03 15:48:50,mlx5_8,9.408,11.108,99.011,95.220
2025-12-03 15:48:50,mlx5_9,0.000,0.000,0.000,0.000
2025-12-03 15:48:50,TOTAL,37.300,44.421,397.506,376.530
2025-12-03 15:48:51,mlx5_0,0.000,0.000,0.000,0.000
2025-12-03 15:48:51,mlx5_1,0.000,0.000,99.779,90.480
2025-12-03 15:48:51,mlx5_2,0.000,0.000,0.000,0.000
2025-12-03 15:48:51,mlx5_3,0.000,0.000,99.291,95.652
2025-12-03 15:48:51,mlx5_4,0.000,0.000,0.000,0.000
2025-12-03 15:48:51,mlx5_5,0.000,0.000,99.425,95.178
2025-12-03 15:48:51,mlx5_6,0.000,0.000,0.000,0.000
2025-12-03 15:48:51,mlx5_7,0.000,0.000,0.000,0.000
2025-12-03 15:48:51,mlx5_8,0.000,0.000,99.011,95.220
2025-12-03 15:48:51,mlx5_9,0.000,0.000,0.000,0.000
2025-12-03 15:48:51,TOTAL,0.000,0.000,397.506,376.530
2025-12-03 15:48:52,mlx5_0,0.000,0.000,0.000,0.000
2025-12-03 15:48:52,mlx5_1,9.117,0.013,100.925,90.482
2025-12-03 15:48:52,mlx5_2,0.000,0.000,0.000,0.000
2025-12-03 15:48:52,mlx5_3,9.145,0.014,100.440,95.653
2025-12-03 15:48:52,mlx5_4,0.000,0.000,0.000,0.000
2025-12-03 15:48:52,mlx5_5,9.026,0.013,100.559,95.180
2025-12-03 15:48:52,mlx5_6,0.000,0.000,0.000,0.000
2025-12-03 15:48:52,mlx5_7,0.000,0.000,0.000,0.000
2025-12-03 15:48:52,mlx5_8,9.121,0.013,100.157,95.222
2025-12-03 15:48:52,mlx5_9,0.000,0.000,0.000,0.000
2025-12-03 15:48:52,TOTAL,36.409,0.053,402.081,376.537
2025-12-03 15:48:53,mlx5_0,0.000,0.000,0.000,0.000
2025-12-03 15:48:53,mlx5_1,3.368,0.005,101.347,90.482
2025-12-03 15:48:53,mlx5_2,0.000,0.000,0.000,0.000
2025-12-03 15:48:53,mlx5_3,3.501,0.005,100.879,95.654
2025-12-03 15:48:53,mlx5_4,0.000,0.000,0.000,0.000
2025-12-03 15:48:53,mlx5_5,3.513,0.005,101.000,95.181
2025-12-03 15:48:53,mlx5_6,0.000,0.000,0.000,0.000
2025-12-03 15:48:53,mlx5_7,0.000,0.000,0.000,0.000
2025-12-03 15:48:53,mlx5_8,3.594,0.005,100.609,95.222
2025-12-03 15:48:53,mlx5_9,0.000,0.000,0.000,0.000
2025-12-03 15:48:53,TOTAL,13.975,0.020,403.835,376.539
2025-12-03 15:48:54,mlx5_0,0.000,0.000,0.000,0.000
2025-12-03 15:48:54,mlx5_1,5.751,0.008,102.070,90.483
2025-12-03 15:48:54,mlx5_2,0.000,0.000,0.000,0.000
2025-12-03 15:48:54,mlx5_3,5.853,0.009,101.615,95.655
2025-12-03 15:48:54,mlx5_4,0.000,0.000,0.000,0.000
2025-12-03 15:48:54,mlx5_5,5.800,0.009,101.728,95.182
2025-12-03 15:48:54,mlx5_6,0.000,0.000,0.000,0.000
2025-12-03 15:48:54,mlx5_7,0.000,0.000,0.000,0.000
2025-12-03 15:48:54,mlx5_8,5.851,0.008,101.344,95.223
2025-12-03 15:48:54,mlx5_9,0.000,0.000,0.000,0.000
2025-12-03 15:48:54,TOTAL,23.255,0.034,406.756,376.543
2025-12-03 15:48:55,mlx5_0,0.000,0.000,0.000,0.000
2025-12-03 15:48:55,mlx5_1,0.000,0.000,102.070,90.483
2025-12-03 15:48:55,mlx5_2,0.000,0.000,0.000,0.000
2025-12-03 15:48:55,mlx5_3,0.000,0.000,101.615,95.655
2025-12-03 15:48:55,mlx5_4,0.000,0.000,0.000,0.000
2025-12-03 15:48:55,mlx5_5,0.000,0.000,101.728,95.182
2025-12-03 15:48:55,mlx5_6,0.000,0.000,0.000,0.000
2025-12-03 15:48:55,mlx5_7,0.000,0.000,0.000,0.000
2025-12-03 15:48:55,mlx5_8,0.000,0.000,101.344,95.223
2025-12-03 15:48:55,mlx5_9,0.000,0.000,0.000,0.000
2025-12-03 15:48:55,TOTAL,0.001,0.000,406.756,376.544
2025-12-03 15:48:56,mlx5_0,0.000,0.000,0.000,0.000
2025-12-03 15:48:56,mlx5_1,9.372,0.013,103.247,90.485
2025-12-03 15:48:56,mlx5_2,0.000,0.000,0.000,0.000
2025-12-03 15:48:56,mlx5_3,9.276,0.014,102.780,95.657
2025-12-03 15:48:56,mlx5_4,0.000,0.000,0.000,0.000
2025-12-03 15:48:56,mlx5_5,9.327,0.014,102.900,95.183
2025-12-03 15:48:56,mlx5_6,0.000,0.000,0.000,0.000
2025-12-03 15:48:56,mlx5_7,0.000,0.000,0.000,0.000
2025-12-03 15:48:56,mlx5_8,9.242,0.013,102.505,95.225
2025-12-03 15:48:56,mlx5_9,0.000,0.000,0.000,0.000
2025-12-03 15:48:56,TOTAL,37.217,0.053,411.432,376.550
2025-12-03 15:48:57,mlx5_0,0.000,0.000,0.000,0.000
2025-12-03 15:48:57,mlx5_1,0.000,0.000,103.247,90.485
2025-12-03 15:48:57,mlx5_2,0.000,0.000,0.000,0.000
2025-12-03 15:48:57,mlx5_3,0.000,0.000,102.780,95.657
2025-12-03 15:48:57,mlx5_4,0.000,0.000,0.000,0.000
2025-12-03 15:48:57,mlx5_5,0.000,0.000,102.900,95.183
2025-12-03 15:48:57,mlx5_6,0.000,0.000,0.000,0.000
2025-12-03 15:48:57,mlx5_7,0.000,0.000,0.000,0.000
2025-12-03 15:48:57,mlx5_8,0.000,0.000,102.505,95.225
2025-12-03 15:48:57,mlx5_9,0.000,0.000,0.000,0.000
2025-12-03 15:48:57,TOTAL,0.000,0.000,411.432,376.550
2025-12-03 15:48:58,mlx5_0,0.000,0.000,0.000,0.000
2025-12-03 15:48:58,mlx5_1,9.253,0.013,104.410,90.487
2025-12-03 15:48:58,mlx5_2,0.000,0.000,0.000,0.000
2025-12-03 15:48:58,mlx5_3,9.280,0.014,103.946,95.659
2025-12-03 15:48:58,mlx5_4,0.000,0.000,0.000,0.000
2025-12-03 15:48:58,mlx5_5,9.510,0.014,104.095,95.185
2025-12-03 15:48:58,mlx5_6,0.000,0.000,0.000,0.000
2025-12-03 15:48:58,mlx5_7,0.000,0.000,0.000,0.000
2025-12-03 15:48:58,mlx5_8,9.173,0.013,103.657,95.226
2025-12-03 15:48:58,mlx5_9,0.000,0.000,0.000,0.000
2025-12-03 15:48:58,TOTAL,37.216,0.054,416.107,376.557
2025-12-03 15:48:59,mlx5_0,0.000,0.000,0.000,0.000
2025-12-03 15:48:59,mlx5_1,0.000,0.000,104.410,90.487
2025-12-03 15:48:59,mlx5_2,0.000,0.000,0.000,0.000
2025-12-03 15:48:59,mlx5_3,0.000,0.000,103.946,95.659
2025-12-03 15:48:59,mlx5_4,0.000,0.000,0.000,0.000
2025-12-03 15:48:59,mlx5_5,0.000,0.000,104.095,95.185
2025-12-03 15:48:59,mlx5_6,0.000,0.000,0.000,0.000
2025-12-03 15:48:59,mlx5_7,0.000,0.000,0.000,0.000
2025-12-03 15:48:59,mlx5_8,0.000,0.000,103.657,95.226
2025-12-03 15:48:59,mlx5_9,0.000,0.000,0.000,0.000
2025-12-03 15:48:59,TOTAL,0.000,0.000,416.107,376.557
2025-12-03 15:49:00,mlx5_0,0.000,0.000,0.000,0.000
2025-12-03 15:49:00,mlx5_1,0.000,0.000,104.410,90.487
2025-12-03 15:49:00,mlx5_2,0.000,0.000,0.000,0.000
2025-12-03 15:49:00,mlx5_3,0.000,0.000,103.946,95.659
2025-12-03 15:49:00,mlx5_4,0.000,0.000,0.000,0.000
2025-12-03 15:49:00,mlx5_5,0.000,0.000,104.095,95.185
2025-12-03 15:49:00,mlx5_6,0.000,0.000,0.000,0.000
2025-12-03 15:49:00,mlx5_7,0.000,0.000,0.000,0.000
2025-12-03 15:49:00,mlx5_8,0.000,0.000,103.657,95.226
2025-12-03 15:49:00,mlx5_9,0.000,0.000,0.000,0.000
2025-12-03 15:49:00,TOTAL,0.000,0.000,416.107,376.557
2025-12-03 15:49:01,mlx5_0,0.000,0.000,0.000,0.000
2025-12-03 15:49:01,mlx5_1,9.422,11.083,105.594,91.880
2025-12-03 15:49:01,mlx5_2,0.000,0.000,0.000,0.000
2025-12-03 15:49:01,mlx5_3,9.233,11.208,105.106,97.067
2025-12-03 15:49:01,mlx5_4,0.000,0.000,0.000,0.000
2025-12-03 15:49:01,mlx5_5,9.295,11.158,105.263,96.588
2025-12-03 15:49:01,mlx5_6,0.000,0.000,0.000,0.000
2025-12-03 15:49:01,mlx5_7,0.000,0.000,0.000,0.000
2025-12-03 15:49:01,mlx5_8,9.318,10.944,104.828,96.602
2025-12-03 15:49:01,mlx5_9,0.000,0.000,0.000,0.000
2025-12-03 15:49:01,TOTAL,37.268,44.392,420.792,382.137
2025-12-03 15:49:02,mlx5_0,0.000,0.000,0.000,0.000
2025-12-03 15:49:02,mlx5_1,2.291,0.003,105.882,91.880
2025-12-03 15:49:02,mlx5_2,0.000,0.000,0.000,0.000
2025-12-03 15:49:02,mlx5_3,2.406,0.003,105.409,97.068
2025-12-03 15:49:02,mlx5_4,0.000,0.000,0.000,0.000
2025-12-03 15:49:02,mlx5_5,2.427,0.004,105.568,96.588
2025-12-03 15:49:02,mlx5_6,0.000,0.000,0.000,0.000
2025-12-03 15:49:02,mlx5_7,0.000,0.000,0.000,0.000
2025-12-03 15:49:02,mlx5_8,2.341,0.003,105.122,96.603
2025-12-03 15:49:02,mlx5_9,0.000,0.000,0.000,0.000
2025-12-03 15:49:02,TOTAL,9.465,0.014,421.981,382.139
2025-12-03 15:49:03,mlx5_0,0.000,0.000,0.000,0.000
2025-12-03 15:49:03,mlx5_1,6.413,0.009,106.688,91.881
2025-12-03 15:49:03,mlx5_2,0.000,0.000,0.000,0.000
2025-12-03 15:49:03,mlx5_3,6.353,0.009,106.207,97.069
2025-12-03 15:49:03,mlx5_4,0.000,0.000,0.000,0.000
2025-12-03 15:49:03,mlx5_5,6.362,0.009,106.368,96.589
2025-12-03 15:49:03,mlx5_6,0.000,0.000,0.000,0.000
2025-12-03 15:49:03,mlx5_7,0.000,0.000,0.000,0.000
2025-12-03 15:49:03,mlx5_8,6.282,0.009,105.912,96.604
2025-12-03 15:49:03,mlx5_9,0.000,0.000,0.000,0.000
2025-12-03 15:49:03,TOTAL,25.410,0.037,425.175,382.143
2025-12-03 15:49:04,mlx5_0,0.000,0.000,0.000,0.000
2025-12-03 15:49:04,mlx5_1,9.288,0.013,107.855,91.883
2025-12-03 15:49:04,mlx5_2,0.000,0.000,0.000,0.000
2025-12-03 15:49:04,mlx5_3,9.324,0.014,107.379,97.071
2025-12-03 15:49:04,mlx5_4,0.000,0.000,0.000,0.000
2025-12-03 15:49:04,mlx5_5,9.269,0.013,107.532,96.591
2025-12-03 15:49:04,mlx5_6,0.000,0.000,0.000,0.000
2025-12-03 15:49:04,mlx5_7,0.000,0.000,0.000,0.000
2025-12-03 15:49:04,mlx5_8,9.328,0.013,107.084,96.605
2025-12-03 15:49:04,mlx5_9,0.000,0.000,0.000,0.000
2025-12-03 15:49:04,TOTAL,37.209,0.053,429.851,382.150
2025-12-03 15:49:05,mlx5_0,0.000,0.000,0.000,0.000
2025-12-03 15:49:05,mlx5_1,0.000,0.000,107.855,91.883
2025-12-03 15:49:05,mlx5_2,0.000,0.000,0.000,0.000
2025-12-03 15:49:05,mlx5_3,0.000,0.000,107.379,97.071
2025-12-03 15:49:05,mlx5_4,0.000,0.000,0.000,0.000
2025-12-03 15:49:05,mlx5_5,0.000,0.000,107.532,96.591
2025-12-03 15:49:05,mlx5_6,0.000,0.000,0.000,0.000
2025-12-03 15:49:05,mlx5_7,0.000,0.000,0.000,0.000
2025-12-03 15:49:05,mlx5_8,0.000,0.000,107.084,96.605
2025-12-03 15:49:05,mlx5_9,0.000,0.000,0.000,0.000
2025-12-03 15:49:05,TOTAL,0.000,0.000,429.851,382.150
2025-12-03 15:49:06,mlx5_0,0.000,0.000,0.000,0.000
2025-12-03 15:49:06,mlx5_1,9.272,0.013,109.020,91.885
2025-12-03 15:49:06,mlx5_2,0.000,0.000,0.000,0.000
2025-12-03 15:49:06,mlx5_3,9.404,0.014,108.560,97.073
2025-12-03 15:49:06,mlx5_4,0.000,0.000,0.000,0.000
2025-12-03 15:49:06,mlx5_5,9.296,0.014,108.700,96.593
2025-12-03 15:49:06,mlx5_6,0.000,0.000,0.000,0.000
2025-12-03 15:49:06,mlx5_7,0.000,0.000,0.000,0.000
2025-12-03 15:49:06,mlx5_8,9.251,0.013,108.246,96.607
2025-12-03 15:49:06,mlx5_9,0.000,0.000,0.000,0.000
2025-12-03 15:49:06,TOTAL,37.224,0.053,434.526,382.157
2025-12-03 15:49:07,mlx5_0,0.000,0.000,0.000,0.000
2025-12-03 15:49:07,mlx5_1,0.000,0.000,109.020,91.885
2025-12-03 15:49:07,mlx5_2,0.000,0.000,0.000,0.000
2025-12-03 15:49:07,mlx5_3,0.000,0.000,108.560,97.073
2025-12-03 15:49:07,mlx5_4,0.000,0.000,0.000,0.000
2025-12-03 15:49:07,mlx5_5,0.000,0.000,108.700,96.593
2025-12-03 15:49:07,mlx5_6,0.000,0.000,0.000,0.000
2025-12-03 15:49:07,mlx5_7,0.000,0.000,0.000,0.000
2025-12-03 15:49:07,mlx5_8,0.000,0.000,108.246,96.607
2025-12-03 15:49:07,mlx5_9,0.000,0.000,0.000,0.000
2025-12-03 15:49:07,TOTAL,0.000,0.000,434.526,382.157
2025-12-03 15:49:08,mlx5_0,0.000,0.000,0.000,0.000
2025-12-03 15:49:08,mlx5_1,0.920,0.001,109.135,91.885
2025-12-03 15:49:08,mlx5_2,0.000,0.000,0.000,0.000
2025-12-03 15:49:08,mlx5_3,1.006,0.002,108.686,97.073
2025-12-03 15:49:08,mlx5_4,0.000,0.000,0.000,0.000
2025-12-03 15:49:08,mlx5_5,1.080,0.002,108.836,96.593
2025-12-03 15:49:08,mlx5_6,0.000,0.000,0.000,0.000
2025-12-03 15:49:08,mlx5_7,0.000,0.000,0.000,0.000
2025-12-03 15:49:08,mlx5_8,1.129,0.002,108.388,96.607
2025-12-03 15:49:08,mlx5_9,0.000,0.000,0.000,0.000
2025-12-03 15:49:08,TOTAL,4.136,0.006,435.046,382.158
2025-12-03 15:49:09,mlx5_0,0.000,0.000,0.000,0.000
2025-12-03 15:49:09,mlx5_1,8.256,11.251,110.172,93.298
2025-12-03 15:49:09,mlx5_2,0.000,0.000,0.000,0.000
2025-12-03 15:49:09,mlx5_3,8.174,11.246,109.713,98.486
2025-12-03 15:49:09,mlx5_4,0.000,0.000,0.000,0.000
2025-12-03 15:49:09,mlx5_5,8.504,10.848,109.904,97.956
2025-12-03 15:49:09,mlx5_6,0.000,0.000,0.000,0.000
2025-12-03 15:49:09,mlx5_7,0.000,0.000,0.000,0.000
2025-12-03 15:49:09,mlx5_8,8.220,11.065,109.421,97.997
2025-12-03 15:49:09,mlx5_9,0.000,0.000,0.000,0.000
2025-12-03 15:49:09,TOTAL,33.155,44.411,439.211,387.737
2025-12-03 15:49:10,mlx5_0,0.000,0.000,0.000,0.000
2025-12-03 15:49:10,mlx5_1,0.000,0.000,110.172,93.298
2025-12-03 15:49:10,mlx5_2,0.000,0.000,0.000,0.000
2025-12-03 15:49:10,mlx5_3,0.000,0.000,109.713,98.486
2025-12-03 15:49:10,mlx5_4,0.000,0.000,0.000,0.000
2025-12-03 15:49:10,mlx5_5,0.000,0.000,109.904,97.956
2025-12-03 15:49:10,mlx5_6,0.000,0.000,0.000,0.000
2025-12-03 15:49:10,mlx5_7,0.000,0.000,0.000,0.000
2025-12-03 15:49:10,mlx5_8,0.000,0.000,109.421,97.997
2025-12-03 15:49:10,mlx5_9,0.000,0.000,0.000,0.000
2025-12-03 15:49:10,TOTAL,0.000,0.000,439.211,387.737
2025-12-03 15:49:11,mlx5_0,0.000,0.000,0.000,0.000
2025-12-03 15:49:11,mlx5_1,7.398,0.010,111.101,93.300
2025-12-03 15:49:11,mlx5_2,0.000,0.000,0.000,0.000
2025-12-03 15:49:11,mlx5_3,7.407,0.011,110.643,98.487
2025-12-03 15:49:11,mlx5_4,0.000,0.000,0.000,0.000
2025-12-03 15:49:11,mlx5_5,7.372,0.011,110.830,97.957
2025-12-03 15:49:11,mlx5_6,0.000,0.000,0.000,0.000
2025-12-03 15:49:11,mlx5_7,0.000,0.000,0.000,0.000
2025-12-03 15:49:11,mlx5_8,7.518,0.010,110.365,97.999
2025-12-03 15:49:11,mlx5_9,0.000,0.000,0.000,0.000
2025-12-03 15:49:11,TOTAL,29.695,0.042,442.939,387.742
2025-12-03 15:49:12,mlx5_0,0.000,0.000,0.000,0.000
2025-12-03 15:49:12,mlx5_1,2.353,0.004,111.397,93.300
2025-12-03 15:49:12,mlx5_2,0.000,0.000,0.000,0.000
2025-12-03 15:49:12,mlx5_3,2.311,0.004,110.934,98.487
2025-12-03 15:49:12,mlx5_4,0.000,0.000,0.000,0.000
2025-12-03 15:49:12,mlx5_5,2.218,0.003,111.109,97.958
2025-12-03 15:49:12,mlx5_6,0.000,0.000,0.000,0.000
2025-12-03 15:49:12,mlx5_7,0.000,0.000,0.000,0.000
2025-12-03 15:49:12,mlx5_8,2.179,0.003,110.639,97.999
2025-12-03 15:49:12,mlx5_9,0.000,0.000,0.000,0.000
2025-12-03 15:49:12,TOTAL,9.061,0.014,444.078,387.744
2025-12-03 15:49:13,mlx5_0,0.000,0.000,0.000,0.000
2025-12-03 15:49:13,mlx5_1,9.335,0.013,112.569,93.302
2025-12-03 15:49:13,mlx5_2,0.000,0.000,0.000,0.000
2025-12-03 15:49:13,mlx5_3,9.299,0.014,112.101,98.489
2025-12-03 15:49:13,mlx5_4,0.000,0.000,0.000,0.000
2025-12-03 15:49:13,mlx5_5,9.322,0.014,112.279,97.959
2025-12-03 15:49:13,mlx5_6,0.000,0.000,0.000,0.000
2025-12-03 15:49:13,mlx5_7,0.000,0.000,0.000,0.000
2025-12-03 15:49:13,mlx5_8,9.291,0.013,111.805,98.001
2025-12-03 15:49:13,mlx5_9,0.000,0.000,0.000,0.000
2025-12-03 15:49:13,TOTAL,37.247,0.053,448.754,387.751
2025-12-03 15:49:14,mlx5_0,0.000,0.000,0.000,0.000
2025-12-03 15:49:14,mlx5_1,0.000,0.000,112.569,93.302
2025-12-03 15:49:14,mlx5_2,0.000,0.000,0.000,0.000
2025-12-03 15:49:14,mlx5_3,0.000,0.000,112.101,98.489
2025-12-03 15:49:14,mlx5_4,0.000,0.000,0.000,0.000
2025-12-03 15:49:14,mlx5_5,0.000,0.000,112.279,97.959
2025-12-03 15:49:14,mlx5_6,0.000,0.000,0.000,0.000
2025-12-03 15:49:14,mlx5_7,0.000,0.000,0.000,0.000
2025-12-03 15:49:14,mlx5_8,0.000,0.000,111.805,98.001
2025-12-03 15:49:14,mlx5_9,0.000,0.000,0.000,0.000
2025-12-03 15:49:14,TOTAL,0.000,0.000,448.754,387.751
2025-12-03 15:49:15,mlx5_0,0.000,0.000,0.000,0.000
2025-12-03 15:49:15,mlx5_1,1.516,0.002,112.759,93.302
2025-12-03 15:49:15,mlx5_2,0.000,0.000,0.000,0.000
2025-12-03 15:49:15,mlx5_3,1.696,0.003,112.314,98.489
2025-12-03 15:49:15,mlx5_4,0.000,0.000,0.000,0.000
2025-12-03 15:49:15,mlx5_5,1.735,0.003,112.497,97.960
2025-12-03 15:49:15,mlx5_6,0.000,0.000,0.000,0.000
2025-12-03 15:49:15,mlx5_7,0.000,0.000,0.000,0.000
2025-12-03 15:49:15,mlx5_8,1.733,0.003,112.023,98.001
2025-12-03 15:49:15,mlx5_9,0.000,0.000,0.000,0.000
2025-12-03 15:49:15,TOTAL,6.679,0.010,449.593,387.752
2025-12-03 15:49:16,mlx5_0,0.000,0.000,0.000,0.000
2025-12-03 15:49:16,mlx5_1,0.000,0.000,112.759,93.302
2025-12-03 15:49:16,mlx5_2,0.000,0.000,0.000,0.000
2025-12-03 15:49:16,mlx5_3,0.000,0.000,112.314,98.489
2025-12-03 15:49:16,mlx5_4,0.000,0.000,0.000,0.000
2025-12-03 15:49:16,mlx5_5,0.000,0.000,112.497,97.960
2025-12-03 15:49:16,mlx5_6,0.000,0.000,0.000,0.000
2025-12-03 15:49:16,mlx5_7,0.000,0.000,0.000,0.000
2025-12-03 15:49:16,mlx5_8,0.000,0.000,112.023,98.001
2025-12-03 15:49:16,mlx5_9,0.000,0.000,0.000,0.000
2025-12-03 15:49:16,TOTAL,0.000,0.000,449.593,387.752
2025-12-03 15:49:17,mlx5_0,0.000,0.000,0.000,0.000
2025-12-03 15:49:17,mlx5_1,0.000,0.000,112.759,93.302
2025-12-03 15:49:17,mlx5_2,0.000,0.000,0.000,0.000
2025-12-03 15:49:17,mlx5_3,0.000,0.000,112.314,98.489
2025-12-03 15:49:17,mlx5_4,0.000,0.000,0.000,0.000
2025-12-03 15:49:17,mlx5_5,0.000,0.000,112.497,97.960
2025-12-03 15:49:17,mlx5_6,0.000,0.000,0.000,0.000
2025-12-03 15:49:17,mlx5_7,0.000,0.000,0.000,0.000
2025-12-03 15:49:17,mlx5_8,0.000,0.000,112.023,98.001
2025-12-03 15:49:17,mlx5_9,0.000,0.000,0.000,0.000
2025-12-03 15:49:17,TOTAL,0.000,0.000,449.593,387.752
2025-12-03 15:49:18,mlx5_0,0.000,0.000,0.000,0.000
2025-12-03 15:49:18,mlx5_1,0.000,0.000,112.759,93.302
2025-12-03 15:49:18,mlx5_2,0.000,0.000,0.000,0.000
2025-12-03 15:49:18,mlx5_3,0.000,0.000,112.314,98.489
2025-12-03 15:49:18,mlx5_4,0.000,0.000,0.000,0.000
2025-12-03 15:49:18,mlx5_5,0.000,0.000,112.497,97.960
2025-12-03 15:49:18,mlx5_6,0.000,0.000,0.000,0.000
2025-12-03 15:49:18,mlx5_7,0.000,0.000,0.000,0.000
2025-12-03 15:49:18,mlx5_8,0.000,0.000,112.023,98.001
2025-12-03 15:49:18,mlx5_9,0.000,0.000,0.000,0.000
2025-12-03 15:49:18,TOTAL,0.000,0.000,449.593,387.752
2025-12-03 15:49:19,mlx5_0,0.000,0.000,0.000,0.000
2025-12-03 15:49:19,mlx5_1,1.202,0.002,112.910,93.302
2025-12-03 15:49:19,mlx5_2,0.000,0.000,0.000,0.000
2025-12-03 15:49:19,mlx5_3,2.644,0.004,112.646,98.490
2025-12-03 15:49:19,mlx5_4,0.000,0.000,0.000,0.000
2025-12-03 15:49:19,mlx5_5,2.635,0.004,112.828,97.960
2025-12-03 15:49:19,mlx5_6,0.000,0.000,0.000,0.000
2025-12-03 15:49:19,mlx5_7,0.000,0.000,0.000,0.000
2025-12-03 15:49:19,mlx5_8,2.719,0.004,112.364,98.001
2025-12-03 15:49:19,mlx5_9,0.000,0.000,0.000,0.000
2025-12-03 15:49:19,TOTAL,9.200,0.013,450.749,387.753
2025-12-03 15:49:20,mlx5_0,0.000,0.000,0.000,0.000
2025-12-03 15:49:20,mlx5_1,0.000,0.000,112.910,93.302
2025-12-03 15:49:20,mlx5_2,0.000,0.000,0.000,0.000
2025-12-03 15:49:20,mlx5_3,0.000,0.000,112.646,98.490
2025-12-03 15:49:20,mlx5_4,0.000,0.000,0.000,0.000
2025-12-03 15:49:20,mlx5_5,0.000,0.000,112.828,97.960
2025-12-03 15:49:20,mlx5_6,0.000,0.000,0.000,0.000
2025-12-03 15:49:20,mlx5_7,0.000,0.000,0.000,0.000
2025-12-03 15:49:20,mlx5_8,0.000,0.000,112.364,98.001
2025-12-03 15:49:20,mlx5_9,0.000,0.000,0.000,0.000
2025-12-03 15:49:20,TOTAL,0.000,0.000,450.749,387.753
2025-12-03 15:49:21,mlx5_0,0.000,0.000,0.000,0.000
2025-12-03 15:49:21,mlx5_1,0.000,0.000,112.910,93.302
2025-12-03 15:49:21,mlx5_2,0.000,0.000,0.000,0.000
2025-12-03 15:49:21,mlx5_3,0.000,0.000,112.646,98.490
2025-12-03 15:49:21,mlx5_4,0.000,0.000,0.000,0.000
2025-12-03 15:49:21,mlx5_5,0.000,0.000,112.828,97.960
2025-12-03 15:49:21,mlx5_6,0.000,0.000,0.000,0.000
2025-12-03 15:49:21,mlx5_7,0.000,0.000,0.000,0.000
2025-12-03 15:49:21,mlx5_8,0.000,0.000,112.364,98.001
2025-12-03 15:49:21,mlx5_9,0.000,0.000,0.000,0.000
2025-12-03 15:49:21,TOTAL,0.000,0.000,450.749,387.753
2025-12-03 15:49:22,mlx5_0,0.000,0.000,0.000,0.000
2025-12-03 15:49:22,mlx5_1,0.000,0.000,112.910,93.302
2025-12-03 15:49:22,mlx5_2,0.000,0.000,0.000,0.000
2025-12-03 15:49:22,mlx5_3,0.000,0.000,112.646,98.490
2025-12-03 15:49:22,mlx5_4,0.000,0.000,0.000,0.000
2025-12-03 15:49:22,mlx5_5,0.000,0.000,112.828,97.960
2025-12-03 15:49:22,mlx5_6,0.000,0.000,0.000,0.000
2025-12-03 15:49:22,mlx5_7,0.000,0.000,0.000,0.000
2025-12-03 15:49:22,mlx5_8,0.000,0.000,112.364,98.001
2025-12-03 15:49:22,mlx5_9,0.000,0.000,0.000,0.000
2025-12-03 15:49:22,TOTAL,0.000,0.000,450.749,387.753
2025-12-03 15:49:23,mlx5_0,0.000,0.000,0.000,0.000
2025-12-03 15:49:23,mlx5_1,0.000,0.000,112.910,93.302
2025-12-03 15:49:23,mlx5_2,0.000,0.000,0.000,0.000
2025-12-03 15:49:23,mlx5_3,0.000,0.000,112.646,98.490
2025-12-03 15:49:23,mlx5_4,0.000,0.000,0.000,0.000
2025-12-03 15:49:23,mlx5_5,0.000,0.000,112.828,97.960
2025-12-03 15:49:23,mlx5_6,0.000,0.000,0.000,0.000
2025-12-03 15:49:23,mlx5_7,0.000,0.000,0.000,0.000
2025-12-03 15:49:23,mlx5_8,0.000,0.000,112.364,98.001
2025-12-03 15:49:23,mlx5_9,0.000,0.000,0.000,0.000
2025-12-03 15:49:23,TOTAL,0.000,0.000,450.749,387.753
2025-12-03 15:49:24,mlx5_0,0.000,0.000,0.000,0.000
2025-12-03 15:49:24,mlx5_1,0.000,0.000,112.910,93.302
2025-12-03 15:49:24,mlx5_2,0.000,0.000,0.000,0.000
2025-12-03 15:49:24,mlx5_3,0.000,0.000,112.646,98.490
2025-12-03 15:49:24,mlx5_4,0.000,0.000,0.000,0.000
2025-12-03 15:49:24,mlx5_5,0.000,0.000,112.828,97.960
2025-12-03 15:49:24,mlx5_6,0.000,0.000,0.000,0.000
2025-12-03 15:49:24,mlx5_7,0.000,0.000,0.000,0.000
2025-12-03 15:49:24,mlx5_8,0.000,0.000,112.364,98.001
2025-12-03 15:49:24,mlx5_9,0.000,0.000,0.000,0.000
2025-12-03 15:49:24,TOTAL,0.000,0.000,450.749,387.753
2025-12-03 15:49:25,mlx5_0,0.000,0.000,0.000,0.000
2025-12-03 15:49:25,mlx5_1,0.000,0.000,112.910,93.302
2025-12-03 15:49:25,mlx5_2,0.000,0.000,0.000,0.000
2025-12-03 15:49:25,mlx5_3,0.000,0.000,112.646,98.490
2025-12-03 15:49:25,mlx5_4,0.000,0.000,0.000,0.000
2025-12-03 15:49:25,mlx5_5,0.000,0.000,112.828,97.960
2025-12-03 15:49:25,mlx5_6,0.000,0.000,0.000,0.000
2025-12-03 15:49:25,mlx5_7,0.000,0.000,0.000,0.000
2025-12-03 15:49:25,mlx5_8,0.000,0.000,112.364,98.001
2025-12-03 15:49:25,mlx5_9,0.000,0.000,0.000,0.000
2025-12-03 15:49:25,TOTAL,0.000,0.000,450.749,387.754
2025-12-03 15:49:26,mlx5_0,0.000,0.000,0.000,0.000
2025-12-03 15:49:26,mlx5_1,0.000,0.000,112.910,93.302
2025-12-03 15:49:26,mlx5_2,0.000,0.000,0.000,0.000
2025-12-03 15:49:26,mlx5_3,0.000,0.000,112.646,98.490
2025-12-03 15:49:26,mlx5_4,0.000,0.000,0.000,0.000
2025-12-03 15:49:26,mlx5_5,0.000,0.000,112.828,97.960
2025-12-03 15:49:26,mlx5_6,0.000,0.000,0.000,0.000
2025-12-03 15:49:26,mlx5_7,0.000,0.000,0.000,0.000
2025-12-03 15:49:26,mlx5_8,0.000,0.000,112.364,98.001
2025-12-03 15:49:26,mlx5_9,0.000,0.000,0.000,0.000
2025-12-03 15:49:26,TOTAL,0.000,0.000,450.749,387.754
2025-12-03 15:49:27,mlx5_0,0.000,0.000,0.000,0.000
2025-12-03 15:49:27,mlx5_1,0.000,0.000,112.910,93.302
2025-12-03 15:49:27,mlx5_2,0.000,0.000,0.000,0.000
2025-12-03 15:49:27,mlx5_3,0.000,0.000,112.646,98.490
2025-12-03 15:49:27,mlx5_4,0.000,0.000,0.000,0.000
2025-12-03 15:49:27,mlx5_5,0.000,0.000,112.828,97.960
2025-12-03 15:49:27,mlx5_6,0.000,0.000,0.000,0.000
2025-12-03 15:49:27,mlx5_7,0.000,0.000,0.000,0.000
2025-12-03 15:49:27,mlx5_8,0.000,0.000,112.364,98.001
2025-12-03 15:49:27,mlx5_9,0.000,0.000,0.000,0.000
2025-12-03 15:49:27,TOTAL,0.000,0.000,450.749,387.754
2025-12-03 15:49:29,mlx5_0,0.000,0.000,0.000,0.000
2025-12-03 15:49:29,mlx5_1,0.000,0.000,112.910,93.302
2025-12-03 15:49:29,mlx5_2,0.000,0.000,0.000,0.000
2025-12-03 15:49:29,mlx5_3,0.000,0.000,112.646,98.490
2025-12-03 15:49:29,mlx5_4,0.000,0.000,0.000,0.000
2025-12-03 15:49:29,mlx5_5,0.000,0.000,112.828,97.960
2025-12-03 15:49:29,mlx5_6,0.000,0.000,0.000,0.000
2025-12-03 15:49:29,mlx5_7,0.000,0.000,0.000,0.000
2025-12-03 15:49:29,mlx5_8,0.000,0.000,112.364,98.001
2025-12-03 15:49:29,mlx5_9,0.000,0.000,0.000,0.000
2025-12-03 15:49:29,TOTAL,0.000,0.000,450.749,387.754
2025-12-03 15:49:30,mlx5_0,0.000,0.000,0.000,0.000
2025-12-03 15:49:30,mlx5_1,0.000,0.000,112.910,93.302
2025-12-03 15:49:30,mlx5_2,0.000,0.000,0.000,0.000
2025-12-03 15:49:30,mlx5_3,0.000,0.000,112.646,98.490
2025-12-03 15:49:30,mlx5_4,0.000,0.000,0.000,0.000
2025-12-03 15:49:30,mlx5_5,0.000,0.000,112.828,97.960
2025-12-03 15:49:30,mlx5_6,0.000,0.000,0.000,0.000
2025-12-03 15:49:30,mlx5_7,0.000,0.000,0.000,0.000
2025-12-03 15:49:30,mlx5_8,0.000,0.000,112.364,98.001
2025-12-03 15:49:30,mlx5_9,0.000,0.000,0.000,0.000
2025-12-03 15:49:30,TOTAL,0.000,0.000,450.749,387.754
2025-12-03 15:49:31,mlx5_0,0.000,0.000,0.000,0.000
2025-12-03 15:49:31,mlx5_1,0.000,0.000,112.910,93.302
2025-12-03 15:49:31,mlx5_2,0.000,0.000,0.000,0.000
2025-12-03 15:49:31,mlx5_3,0.000,0.000,112.646,98.490
2025-12-03 15:49:31,mlx5_4,0.000,0.000,0.000,0.000
2025-12-03 15:49:31,mlx5_5,0.000,0.000,112.828,97.960
2025-12-03 15:49:31,mlx5_6,0.000,0.000,0.000,0.000
2025-12-03 15:49:31,mlx5_7,0.000,0.000,0.000,0.000
2025-12-03 15:49:31,mlx5_8,0.000,0.000,112.364,98.001
2025-12-03 15:49:31,mlx5_9,0.000,0.000,0.000,0.000
2025-12-03 15:49:31,TOTAL,0.000,0.000,450.749,387.754
2025-12-03 15:49:32,mlx5_0,0.000,0.000,0.000,0.000
2025-12-03 15:49:32,mlx5_1,0.000,0.000,112.910,93.302
2025-12-03 15:49:32,mlx5_2,0.000,0.000,0.000,0.000
2025-12-03 15:49:32,mlx5_3,0.000,0.000,112.646,98.490
2025-12-03 15:49:32,mlx5_4,0.000,0.000,0.000,0.000
2025-12-03 15:49:32,mlx5_5,0.000,0.000,112.828,97.960
2025-12-03 15:49:32,mlx5_6,0.000,0.000,0.000,0.000
2025-12-03 15:49:32,mlx5_7,0.000,0.000,0.000,0.000
2025-12-03 15:49:32,mlx5_8,0.000,0.000,112.364,98.001
2025-12-03 15:49:32,mlx5_9,0.000,0.000,0.000,0.000
2025-12-03 15:49:32,TOTAL,0.000,0.000,450.749,387.754
2025-12-03 15:49:33,mlx5_0,0.000,0.000,0.000,0.000
2025-12-03 15:49:33,mlx5_1,0.000,0.000,112.910,93.302
2025-12-03 15:49:33,mlx5_2,0.000,0.000,0.000,0.000
2025-12-03 15:49:33,mlx5_3,0.000,0.000,112.646,98.490
2025-12-03 15:49:33,mlx5_4,0.000,0.000,0.000,0.000
2025-12-03 15:49:33,mlx5_5,0.000,0.000,112.828,97.960
2025-12-03 15:49:33,mlx5_6,0.000,0.000,0.000,0.000
2025-12-03 15:49:33,mlx5_7,0.000,0.000,0.000,0.000
2025-12-03 15:49:33,mlx5_8,0.000,0.000,112.364,98.001
2025-12-03 15:49:33,mlx5_9,0.000,0.000,0.000,0.000
2025-12-03 15:49:33,TOTAL,0.000,0.000,450.749,387.754
2025-12-03 15:49:34,mlx5_0,0.000,0.000,0.000,0.000
2025-12-03 15:49:34,mlx5_1,0.000,0.000,112.910,93.302
2025-12-03 15:49:34,mlx5_2,0.000,0.000,0.000,0.000
2025-12-03 15:49:34,mlx5_3,0.000,0.000,112.646,98.490
2025-12-03 15:49:34,mlx5_4,0.000,0.000,0.000,0.000
2025-12-03 15:49:34,mlx5_5,0.000,0.000,112.828,97.960
2025-12-03 15:49:34,mlx5_6,0.000,0.000,0.000,0.000
2025-12-03 15:49:34,mlx5_7,0.000,0.000,0.000,0.000
2025-12-03 15:49:34,mlx5_8,0.000,0.000,112.364,98.001
2025-12-03 15:49:34,mlx5_9,0.000,0.000,0.000,0.000
2025-12-03 15:49:34,TOTAL,0.000,0.000,450.749,387.754
2025-12-03 15:49:35,mlx5_0,0.000,0.000,0.000,0.000
2025-12-03 15:49:35,mlx5_1,0.000,0.000,112.910,93.302
2025-12-03 15:49:35,mlx5_2,0.000,0.000,0.000,0.000
2025-12-03 15:49:35,mlx5_3,0.000,0.000,112.646,98.490
2025-12-03 15:49:35,mlx5_4,0.000,0.000,0.000,0.000
2025-12-03 15:49:35,mlx5_5,0.000,0.000,112.828,97.960
2025-12-03 15:49:35,mlx5_6,0.000,0.000,0.000,0.000
2025-12-03 15:49:35,mlx5_7,0.000,0.000,0.000,0.000
2025-12-03 15:49:35,mlx5_8,0.000,0.000,112.364,98.001
2025-12-03 15:49:35,mlx5_9,0.000,0.000,0.000,0.000
2025-12-03 15:49:35,TOTAL,0.000,0.000,450.749,387.754
2025-12-03 15:49:36,mlx5_0,0.000,0.000,0.000,0.000
2025-12-03 15:49:36,mlx5_1,0.000,0.000,112.910,93.302
2025-12-03 15:49:36,mlx5_2,0.000,0.000,0.000,0.000
2025-12-03 15:49:36,mlx5_3,0.000,0.000,112.646,98.490
2025-12-03 15:49:36,mlx5_4,0.000,0.000,0.000,0.000
2025-12-03 15:49:36,mlx5_5,0.000,0.000,112.828,97.960
2025-12-03 15:49:36,mlx5_6,0.000,0.000,0.000,0.000
2025-12-03 15:49:36,mlx5_7,0.000,0.000,0.000,0.000
2025-12-03 15:49:36,mlx5_8,0.000,0.000,112.364,98.001
2025-12-03 15:49:36,mlx5_9,0.000,0.000,0.000,0.000
2025-12-03 15:49:36,TOTAL,0.000,0.000,450.749,387.754
2025-12-03 15:49:37,mlx5_0,0.000,0.000,0.000,0.000
2025-12-03 15:49:37,mlx5_1,0.000,0.000,112.910,93.302
2025-12-03 15:49:37,mlx5_2,0.000,0.000,0.000,0.000
2025-12-03 15:49:37,mlx5_3,0.000,0.000,112.646,98.490
2025-12-03 15:49:37,mlx5_4,0.000,0.000,0.000,0.000
2025-12-03 15:49:37,mlx5_5,0.000,0.000,112.828,97.960
2025-12-03 15:49:37,mlx5_6,0.000,0.000,0.000,0.000
2025-12-03 15:49:37,mlx5_7,0.000,0.000,0.000,0.000
2025-12-03 15:49:37,mlx5_8,0.000,0.000,112.364,98.001
2025-12-03 15:49:37,mlx5_9,0.000,0.000,0.000,0.000
2025-12-03 15:49:37,TOTAL,0.000,0.000,450.749,387.754
2025-12-03 15:49:38,mlx5_0,0.000,0.000,0.000,0.000
2025-12-03 15:49:38,mlx5_1,0.000,0.000,112.910,93.302
2025-12-03 15:49:38,mlx5_2,0.000,0.000,0.000,0.000
2025-12-03 15:49:38,mlx5_3,0.000,0.000,112.646,98.490
2025-12-03 15:49:38,mlx5_4,0.000,0.000,0.000,0.000
2025-12-03 15:49:38,mlx5_5,0.000,0.000,112.828,97.960
2025-12-03 15:49:38,mlx5_6,0.000,0.000,0.000,0.000
2025-12-03 15:49:38,mlx5_7,0.000,0.000,0.000,0.000
2025-12-03 15:49:38,mlx5_8,0.000,0.000,112.364,98.001
2025-12-03 15:49:38,mlx5_9,0.000,0.000,0.000,0.000
2025-12-03 15:49:38,TOTAL,0.000,0.000,450.749,387.754
2025-12-03 15:49:39,mlx5_0,0.000,0.000,0.000,0.000
2025-12-03 15:49:39,mlx5_1,0.000,0.000,112.910,93.302
2025-12-03 15:49:39,mlx5_2,0.000,0.000,0.000,0.000
2025-12-03 15:49:39,mlx5_3,0.000,0.000,112.646,98.490
2025-12-03 15:49:39,mlx5_4,0.000,0.000,0.000,0.000
2025-12-03 15:49:39,mlx5_5,0.000,0.000,112.828,97.960
2025-12-03 15:49:39,mlx5_6,0.000,0.000,0.000,0.000
2025-12-03 15:49:39,mlx5_7,0.000,0.000,0.000,0.000
2025-12-03 15:49:39,mlx5_8,0.000,0.000,112.364,98.001
2025-12-03 15:49:39,mlx5_9,0.000,0.000,0.000,0.000
2025-12-03 15:49:39,TOTAL,0.000,0.000,450.749,387.754
2025-12-03 15:49:40,mlx5_0,0.000,0.000,0.000,0.000
2025-12-03 15:49:40,mlx5_1,0.000,0.000,112.910,93.302
2025-12-03 15:49:40,mlx5_2,0.000,0.000,0.000,0.000
2025-12-03 15:49:40,mlx5_3,0.000,0.000,112.646,98.490
2025-12-03 15:49:40,mlx5_4,0.000,0.000,0.000,0.000
2025-12-03 15:49:40,mlx5_5,0.000,0.000,112.828,97.960
2025-12-03 15:49:40,mlx5_6,0.000,0.000,0.000,0.000
2025-12-03 15:49:40,mlx5_7,0.000,0.000,0.000,0.000
2025-12-03 15:49:40,mlx5_8,0.000,0.000,112.364,98.001
2025-12-03 15:49:40,mlx5_9,0.000,0.000,0.000,0.000
2025-12-03 15:49:40,TOTAL,0.000,0.000,450.749,387.754
2025-12-03 15:49:41,mlx5_0,0.000,0.000,0.000,0.000
2025-12-03 15:49:41,mlx5_1,0.000,0.000,112.910,93.302
2025-12-03 15:49:41,mlx5_2,0.000,0.000,0.000,0.000
2025-12-03 15:49:41,mlx5_3,0.000,0.000,112.646,98.490
2025-12-03 15:49:41,mlx5_4,0.000,0.000,0.000,0.000
2025-12-03 15:49:41,mlx5_5,0.000,0.000,112.828,97.960
2025-12-03 15:49:41,mlx5_6,0.000,0.000,0.000,0.000
2025-12-03 15:49:41,mlx5_7,0.000,0.000,0.000,0.000
2025-12-03 15:49:41,mlx5_8,0.000,0.000,112.364,98.001
2025-12-03 15:49:41,mlx5_9,0.000,0.000,0.000,0.000
2025-12-03 15:49:41,TOTAL,0.000,0.000,450.749,387.754
2025-12-03 15:49:42,mlx5_0,0.000,0.000,0.000,0.000
2025-12-03 15:49:42,mlx5_1,0.000,0.000,112.910,93.302
2025-12-03 15:49:42,mlx5_2,0.000,0.000,0.000,0.000
2025-12-03 15:49:42,mlx5_3,0.000,0.000,112.646,98.490
2025-12-03 15:49:42,mlx5_4,0.000,0.000,0.000,0.000
2025-12-03 15:49:42,mlx5_5,0.000,0.000,112.828,97.960
2025-12-03 15:49:42,mlx5_6,0.000,0.000,0.000,0.000
2025-12-03 15:49:42,mlx5_7,0.000,0.000,0.000,0.000
2025-12-03 15:49:42,mlx5_8,0.000,0.000,112.364,98.001
2025-12-03 15:49:42,mlx5_9,0.000,0.000,0.000,0.000
2025-12-03 15:49:42,TOTAL,0.000,0.000,450.749,387.754
2025-12-03 15:49:43,mlx5_0,0.000,0.000,0.000,0.000
2025-12-03 15:49:43,mlx5_1,0.000,0.000,112.910,93.302
2025-12-03 15:49:43,mlx5_2,0.000,0.000,0.000,0.000
2025-12-03 15:49:43,mlx5_3,0.000,0.000,112.646,98.490
2025-12-03 15:49:43,mlx5_4,0.000,0.000,0.000,0.000
2025-12-03 15:49:43,mlx5_5,0.000,0.000,112.828,97.960
2025-12-03 15:49:43,mlx5_6,0.000,0.000,0.000,0.000
2025-12-03 15:49:43,mlx5_7,0.000,0.000,0.000,0.000
2025-12-03 15:49:43,mlx5_8,0.000,0.000,112.364,98.001
2025-12-03 15:49:43,mlx5_9,0.000,0.000,0.000,0.000
2025-12-03 15:49:43,TOTAL,0.000,0.000,450.749,387.754
2025-12-03 15:49:44,mlx5_0,0.000,0.000,0.000,0.000
2025-12-03 15:49:44,mlx5_1,0.000,0.000,112.910,93.302
2025-12-03 15:49:44,mlx5_2,0.000,0.000,0.000,0.000
2025-12-03 15:49:44,mlx5_3,0.000,0.000,112.646,98.490
2025-12-03 15:49:44,mlx5_4,0.000,0.000,0.000,0.000
2025-12-03 15:49:44,mlx5_5,0.000,0.000,112.828,97.960
2025-12-03 15:49:44,mlx5_6,0.000,0.000,0.000,0.000
2025-12-03 15:49:44,mlx5_7,0.000,0.000,0.000,0.000
2025-12-03 15:49:44,mlx5_8,0.000,0.000,112.364,98.001
2025-12-03 15:49:44,mlx5_9,0.000,0.000,0.000,0.000
2025-12-03 15:49:44,TOTAL,0.000,0.000,450.749,387.754
2025-12-03 15:49:45,mlx5_0,0.000,0.000,0.000,0.000
2025-12-03 15:49:45,mlx5_1,0.000,0.000,112.910,93.302
2025-12-03 15:49:45,mlx5_2,0.000,0.000,0.000,0.000
2025-12-03 15:49:45,mlx5_3,0.000,0.000,112.646,98.490
2025-12-03 15:49:45,mlx5_4,0.000,0.000,0.000,0.000
2025-12-03 15:49:45,mlx5_5,0.000,0.000,112.828,97.960
2025-12-03 15:49:45,mlx5_6,0.000,0.000,0.000,0.000
2025-12-03 15:49:45,mlx5_7,0.000,0.000,0.000,0.000
2025-12-03 15:49:45,mlx5_8,0.000,0.000,112.364,98.001
2025-12-03 15:49:45,mlx5_9,0.000,0.000,0.000,0.000
2025-12-03 15:49:45,TOTAL,0.000,0.000,450.749,387.754
2025-12-03 15:49:46,mlx5_0,0.000,0.000,0.000,0.000
2025-12-03 15:49:46,mlx5_1,0.000,0.000,112.910,93.302
2025-12-03 15:49:46,mlx5_2,0.000,0.000,0.000,0.000
2025-12-03 15:49:46,mlx5_3,0.000,0.000,112.646,98.490
2025-12-03 15:49:46,mlx5_4,0.000,0.000,0.000,0.000
2025-12-03 15:49:46,mlx5_5,0.000,0.000,112.828,97.960
2025-12-03 15:49:46,mlx5_6,0.000,0.000,0.000,0.000
2025-12-03 15:49:46,mlx5_7,0.000,0.000,0.000,0.000
2025-12-03 15:49:46,mlx5_8,0.000,0.000,112.364,98.001
2025-12-03 15:49:46,mlx5_9,0.000,0.000,0.000,0.000
2025-12-03 15:49:46,TOTAL,0.000,0.000,450.749,387.754
2025-12-03 15:49:47,mlx5_0,0.000,0.000,0.000,0.000
2025-12-03 15:49:47,mlx5_1,0.000,0.000,112.910,93.302
2025-12-03 15:49:47,mlx5_2,0.000,0.000,0.000,0.000
2025-12-03 15:49:47,mlx5_3,0.000,0.000,112.646,98.490
2025-12-03 15:49:47,mlx5_4,0.000,0.000,0.000,0.000
2025-12-03 15:49:47,mlx5_5,0.000,0.000,112.828,97.960
2025-12-03 15:49:47,mlx5_6,0.000,0.000,0.000,0.000
2025-12-03 15:49:47,mlx5_7,0.000,0.000,0.000,0.000
2025-12-03 15:49:47,mlx5_8,0.000,0.000,112.364,98.001
2025-12-03 15:49:47,mlx5_9,0.000,0.000,0.000,0.000
2025-12-03 15:49:47,TOTAL,0.000,0.000,450.749,387.754
2025-12-03 15:49:48,mlx5_0,0.000,0.000,0.000,0.000
2025-12-03 15:49:48,mlx5_1,0.000,0.000,112.910,93.302
2025-12-03 15:49:48,mlx5_2,0.000,0.000,0.000,0.000
2025-12-03 15:49:48,mlx5_3,0.000,0.000,112.646,98.490
2025-12-03 15:49:48,mlx5_4,0.000,0.000,0.000,0.000
2025-12-03 15:49:48,mlx5_5,0.000,0.000,112.828,97.960
2025-12-03 15:49:48,mlx5_6,0.000,0.000,0.000,0.000
2025-12-03 15:49:48,mlx5_7,0.000,0.000,0.000,0.000
2025-12-03 15:49:48,mlx5_8,0.000,0.000,112.364,98.001
2025-12-03 15:49:48,mlx5_9,0.000,0.000,0.000,0.000
2025-12-03 15:49:48,TOTAL,0.000,0.000,450.749,387.754
2025-12-03 15:49:49,mlx5_0,0.000,0.000,0.000,0.000
2025-12-03 15:49:49,mlx5_1,0.000,0.000,112.910,93.302
2025-12-03 15:49:49,mlx5_2,0.000,0.000,0.000,0.000
2025-12-03 15:49:49,mlx5_3,0.000,0.000,112.646,98.490
2025-12-03 15:49:49,mlx5_4,0.000,0.000,0.000,0.000
2025-12-03 15:49:49,mlx5_5,0.000,0.000,112.828,97.960
2025-12-03 15:49:49,mlx5_6,0.000,0.000,0.000,0.000
2025-12-03 15:49:49,mlx5_7,0.000,0.000,0.000,0.000
2025-12-03 15:49:49,mlx5_8,0.000,0.000,112.364,98.001
2025-12-03 15:49:49,mlx5_9,0.000,0.000,0.000,0.000
2025-12-03 15:49:49,TOTAL,0.000,0.000,450.749,387.754
2025-12-03 15:49:50,mlx5_0,0.000,0.000,0.000,0.000
2025-12-03 15:49:50,mlx5_1,0.000,0.000,112.910,93.302
2025-12-03 15:49:50,mlx5_2,0.000,0.000,0.000,0.000
2025-12-03 15:49:50,mlx5_3,0.000,0.000,112.646,98.490
2025-12-03 15:49:50,mlx5_4,0.000,0.000,0.000,0.000
2025-12-03 15:49:50,mlx5_5,0.000,0.000,112.828,97.960
2025-12-03 15:49:50,mlx5_6,0.000,0.000,0.000,0.000
2025-12-03 15:49:50,mlx5_7,0.000,0.000,0.000,0.000
2025-12-03 15:49:50,mlx5_8,0.000,0.000,112.364,98.001
2025-12-03 15:49:50,mlx5_9,0.000,0.000,0.000,0.000
2025-12-03 15:49:50,TOTAL,0.000,0.000,450.749,387.754
2025-12-03 15:49:51,mlx5_0,0.000,0.000,0.000,0.000
2025-12-03 15:49:51,mlx5_1,0.000,0.000,112.910,93.302
2025-12-03 15:49:51,mlx5_2,0.000,0.000,0.000,0.000
2025-12-03 15:49:51,mlx5_3,0.000,0.000,112.646,98.490
2025-12-03 15:49:51,mlx5_4,0.000,0.000,0.000,0.000
2025-12-03 15:49:51,mlx5_5,0.000,0.000,112.828,97.960
2025-12-03 15:49:51,mlx5_6,0.000,0.000,0.000,0.000
2025-12-03 15:49:51,mlx5_7,0.000,0.000,0.000,0.000
2025-12-03 15:49:51,mlx5_8,0.000,0.000,112.364,98.001
2025-12-03 15:49:51,mlx5_9,0.000,0.000,0.000,0.000
2025-12-03 15:49:51,TOTAL,0.000,0.000,450.749,387.754
2025-12-03 15:49:52,mlx5_0,0.000,0.000,0.000,0.000
2025-12-03 15:49:52,mlx5_1,0.000,0.000,112.910,93.302
2025-12-03 15:49:52,mlx5_2,0.000,0.000,0.000,0.000
2025-12-03 15:49:52,mlx5_3,0.000,0.000,112.646,98.490
2025-12-03 15:49:52,mlx5_4,0.000,0.000,0.000,0.000
2025-12-03 15:49:52,mlx5_5,0.000,0.000,112.828,97.960
2025-12-03 15:49:52,mlx5_6,0.000,0.000,0.000,0.000
2025-12-03 15:49:52,mlx5_7,0.000,0.000,0.000,0.000
2025-12-03 15:49:52,mlx5_8,0.000,0.000,112.364,98.001
2025-12-03 15:49:52,mlx5_9,0.000,0.000,0.000,0.000
2025-12-03 15:49:52,TOTAL,0.000,0.000,450.749,387.754
2025-12-03 15:49:53,mlx5_0,0.000,0.000,0.000,0.000
2025-12-03 15:49:53,mlx5_1,0.000,0.000,112.910,93.302
2025-12-03 15:49:53,mlx5_2,0.000,0.000,0.000,0.000
2025-12-03 15:49:53,mlx5_3,0.000,0.000,112.646,98.490
2025-12-03 15:49:53,mlx5_4,0.000,0.000,0.000,0.000
2025-12-03 15:49:53,mlx5_5,0.000,0.000,112.828,97.960
2025-12-03 15:49:53,mlx5_6,0.000,0.000,0.000,0.000
2025-12-03 15:49:53,mlx5_7,0.000,0.000,0.000,0.000
2025-12-03 15:49:53,mlx5_8,0.000,0.000,112.364,98.001
2025-12-03 15:49:53,mlx5_9,0.000,0.000,0.000,0.000
2025-12-03 15:49:53,TOTAL,0.000,0.000,450.749,387.754
2025-12-03 15:49:54,mlx5_0,0.000,0.000,0.000,0.000
2025-12-03 15:49:54,mlx5_1,0.000,0.000,112.910,93.302
2025-12-03 15:49:54,mlx5_2,0.000,0.000,0.000,0.000
2025-12-03 15:49:54,mlx5_3,0.000,0.000,112.646,98.490
2025-12-03 15:49:54,mlx5_4,0.000,0.000,0.000,0.000
2025-12-03 15:49:54,mlx5_5,0.000,0.000,112.828,97.960
2025-12-03 15:49:54,mlx5_6,0.000,0.000,0.000,0.000
2025-12-03 15:49:54,mlx5_7,0.000,0.000,0.000,0.000
2025-12-03 15:49:54,mlx5_8,0.000,0.000,112.364,98.001
2025-12-03 15:49:54,mlx5_9,0.000,0.000,0.000,0.000
2025-12-03 15:49:54,TOTAL,0.000,0.000,450.749,387.754
2025-12-03 15:49:55,mlx5_0,0.000,0.000,0.000,0.000
2025-12-03 15:49:55,mlx5_1,0.000,0.000,112.910,93.302
2025-12-03 15:49:55,mlx5_2,0.000,0.000,0.000,0.000
2025-12-03 15:49:55,mlx5_3,0.000,0.000,112.646,98.490
2025-12-03 15:49:55,mlx5_4,0.000,0.000,0.000,0.000
2025-12-03 15:49:55,mlx5_5,0.000,0.000,112.828,97.960
2025-12-03 15:49:55,mlx5_6,0.000,0.000,0.000,0.000
2025-12-03 15:49:55,mlx5_7,0.000,0.000,0.000,0.000
2025-12-03 15:49:55,mlx5_8,0.000,0.000,112.364,98.001
2025-12-03 15:49:55,mlx5_9,0.000,0.000,0.000,0.000
2025-12-03 15:49:55,TOTAL,0.000,0.000,450.749,387.754
2025-12-03 15:49:56,mlx5_0,0.000,0.000,0.000,0.000
2025-12-03 15:49:56,mlx5_1,0.000,0.000,112.910,93.302
2025-12-03 15:49:56,mlx5_2,0.000,0.000,0.000,0.000
2025-12-03 15:49:56,mlx5_3,0.000,0.000,112.646,98.490
2025-12-03 15:49:56,mlx5_4,0.000,0.000,0.000,0.000
2025-12-03 15:49:56,mlx5_5,0.000,0.000,112.828,97.960
2025-12-03 15:49:56,mlx5_6,0.000,0.000,0.000,0.000
2025-12-03 15:49:56,mlx5_7,0.000,0.000,0.000,0.000
2025-12-03 15:49:56,mlx5_8,0.000,0.000,112.364,98.001
2025-12-03 15:49:56,mlx5_9,0.000,0.000,0.000,0.000
2025-12-03 15:49:56,TOTAL,0.000,0.000,450.749,387.754
2025-12-03 15:49:57,mlx5_0,0.000,0.000,0.000,0.000
2025-12-03 15:49:57,mlx5_1,0.000,0.000,112.910,93.302
2025-12-03 15:49:57,mlx5_2,0.000,0.000,0.000,0.000
2025-12-03 15:49:57,mlx5_3,0.000,0.000,112.646,98.490
2025-12-03 15:49:57,mlx5_4,0.000,0.000,0.000,0.000
2025-12-03 15:49:57,mlx5_5,0.000,0.000,112.828,97.960
2025-12-03 15:49:57,mlx5_6,0.000,0.000,0.000,0.000
2025-12-03 15:49:57,mlx5_7,0.000,0.000,0.000,0.000
2025-12-03 15:49:57,mlx5_8,0.000,0.000,112.364,98.001
2025-12-03 15:49:57,mlx5_9,0.000,0.000,0.000,0.000
2025-12-03 15:49:57,TOTAL,0.000,0.000,450.749,387.754
2025-12-03 15:49:58,mlx5_0,0.000,0.000,0.000,0.000
2025-12-03 15:49:58,mlx5_1,0.000,0.000,112.910,93.302
2025-12-03 15:49:58,mlx5_2,0.000,0.000,0.000,0.000
2025-12-03 15:49:58,mlx5_3,0.000,0.000,112.646,98.490
2025-12-03 15:49:58,mlx5_4,0.000,0.000,0.000,0.000
2025-12-03 15:49:58,mlx5_5,0.000,0.000,112.828,97.960
2025-12-03 15:49:58,mlx5_6,0.000,0.000,0.000,0.000
2025-12-03 15:49:58,mlx5_7,0.000,0.000,0.000,0.000
2025-12-03 15:49:58,mlx5_8,0.000,0.000,112.364,98.001
2025-12-03 15:49:58,mlx5_9,0.000,0.000,0.000,0.000
2025-12-03 15:49:58,TOTAL,0.000,0.000,450.749,387.754
2025-12-03 15:49:59,mlx5_0,0.000,0.000,0.000,0.000
2025-12-03 15:49:59,mlx5_1,0.000,0.000,112.910,93.302
2025-12-03 15:49:59,mlx5_2,0.000,0.000,0.000,0.000
2025-12-03 15:49:59,mlx5_3,0.000,0.000,112.646,98.490
2025-12-03 15:49:59,mlx5_4,0.000,0.000,0.000,0.000
2025-12-03 15:49:59,mlx5_5,0.000,0.000,112.828,97.960
2025-12-03 15:49:59,mlx5_6,0.000,0.000,0.000,0.000
2025-12-03 15:49:59,mlx5_7,0.000,0.000,0.000,0.000
2025-12-03 15:49:59,mlx5_8,0.000,0.000,112.364,98.001
2025-12-03 15:49:59,mlx5_9,0.000,0.000,0.000,0.000
2025-12-03 15:49:59,TOTAL,0.000,0.000,450.749,387.754
2025-12-03 15:50:00,mlx5_0,0.000,0.000,0.000,0.000
2025-12-03 15:50:00,mlx5_1,0.000,0.000,112.910,93.302
2025-12-03 15:50:00,mlx5_2,0.000,0.000,0.000,0.000
2025-12-03 15:50:00,mlx5_3,0.000,0.000,112.646,98.490
2025-12-03 15:50:00,mlx5_4,0.000,0.000,0.000,0.000
2025-12-03 15:50:00,mlx5_5,0.000,0.000,112.828,97.960
2025-12-03 15:50:00,mlx5_6,0.000,0.000,0.000,0.000
2025-12-03 15:50:00,mlx5_7,0.000,0.000,0.000,0.000
2025-12-03 15:50:00,mlx5_8,0.000,0.000,112.364,98.001
2025-12-03 15:50:00,mlx5_9,0.000,0.000,0.000,0.000
2025-12-03 15:50:00,TOTAL,0.000,0.000,450.749,387.754
2025-12-03 15:50:01,mlx5_0,0.000,0.000,0.000,0.000
2025-12-03 15:50:01,mlx5_1,0.000,0.000,112.910,93.302
2025-12-03 15:50:01,mlx5_2,0.000,0.000,0.000,0.000
2025-12-03 15:50:01,mlx5_3,0.000,0.000,112.646,98.490
2025-12-03 15:50:01,mlx5_4,0.000,0.000,0.000,0.000
2025-12-03 15:50:01,mlx5_5,0.000,0.000,112.828,97.960
2025-12-03 15:50:01,mlx5_6,0.000,0.000,0.000,0.000
2025-12-03 15:50:01,mlx5_7,0.000,0.000,0.000,0.000
2025-12-03 15:50:01,mlx5_8,0.000,0.000,112.364,98.001
2025-12-03 15:50:01,mlx5_9,0.000,0.000,0.000,0.000
2025-12-03 15:50:01,TOTAL,0.000,0.000,450.749,387.754
2025-12-03 15:50:02,mlx5_0,0.000,0.000,0.000,0.000
2025-12-03 15:50:02,mlx5_1,0.000,0.000,112.910,93.302
2025-12-03 15:50:02,mlx5_2,0.000,0.000,0.000,0.000
2025-12-03 15:50:02,mlx5_3,0.000,0.000,112.646,98.490
2025-12-03 15:50:02,mlx5_4,0.000,0.000,0.000,0.000
2025-12-03 15:50:02,mlx5_5,0.000,0.000,112.828,97.960
2025-12-03 15:50:02,mlx5_6,0.000,0.000,0.000,0.000
2025-12-03 15:50:02,mlx5_7,0.000,0.000,0.000,0.000
2025-12-03 15:50:02,mlx5_8,0.000,0.000,112.364,98.001
2025-12-03 15:50:02,mlx5_9,0.000,0.000,0.000,0.000
2025-12-03 15:50:02,TOTAL,0.000,0.000,450.749,387.754
2025-12-03 15:50:03,mlx5_0,0.000,0.000,0.000,0.000
2025-12-03 15:50:03,mlx5_1,0.000,0.000,112.910,93.302
2025-12-03 15:50:03,mlx5_2,0.000,0.000,0.000,0.000
2025-12-03 15:50:03,mlx5_3,0.000,0.000,112.646,98.490
2025-12-03 15:50:03,mlx5_4,0.000,0.000,0.000,0.000
2025-12-03 15:50:03,mlx5_5,0.000,0.000,112.828,97.960
2025-12-03 15:50:03,mlx5_6,0.000,0.000,0.000,0.000
2025-12-03 15:50:03,mlx5_7,0.000,0.000,0.000,0.000
2025-12-03 15:50:03,mlx5_8,0.000,0.000,112.364,98.001
2025-12-03 15:50:03,mlx5_9,0.000,0.000,0.000,0.000
2025-12-03 15:50:03,TOTAL,0.000,0.000,450.749,387.754
2025-12-03 15:50:04,mlx5_0,0.000,0.000,0.000,0.000
2025-12-03 15:50:04,mlx5_1,0.000,0.000,112.910,93.302
2025-12-03 15:50:04,mlx5_2,0.000,0.000,0.000,0.000
2025-12-03 15:50:04,mlx5_3,0.000,0.000,112.646,98.490
2025-12-03 15:50:04,mlx5_4,0.000,0.000,0.000,0.000
2025-12-03 15:50:04,mlx5_5,0.000,0.000,112.828,97.960
2025-12-03 15:50:04,mlx5_6,0.000,0.000,0.000,0.000
2025-12-03 15:50:04,mlx5_7,0.000,0.000,0.000,0.000
2025-12-03 15:50:04,mlx5_8,0.000,0.000,112.364,98.001
2025-12-03 15:50:04,mlx5_9,0.000,0.000,0.000,0.000
2025-12-03 15:50:04,TOTAL,0.000,0.000,450.749,387.754
2025-12-03 15:50:05,mlx5_0,0.000,0.000,0.000,0.000
2025-12-03 15:50:05,mlx5_1,0.000,0.000,112.910,93.302
2025-12-03 15:50:05,mlx5_2,0.000,0.000,0.000,0.000
2025-12-03 15:50:05,mlx5_3,0.000,0.000,112.646,98.490
2025-12-03 15:50:05,mlx5_4,0.000,0.000,0.000,0.000
2025-12-03 15:50:05,mlx5_5,0.000,0.000,112.828,97.960
2025-12-03 15:50:05,mlx5_6,0.000,0.000,0.000,0.000
2025-12-03 15:50:05,mlx5_7,0.000,0.000,0.000,0.000
2025-12-03 15:50:05,mlx5_8,0.000,0.000,112.364,98.001
2025-12-03 15:50:05,mlx5_9,0.000,0.000,0.000,0.000
2025-12-03 15:50:05,TOTAL,0.000,0.000,450.749,387.754
2025-12-03 15:50:06,mlx5_0,0.000,0.000,0.000,0.000
2025-12-03 15:50:06,mlx5_1,0.000,0.000,112.910,93.302
2025-12-03 15:50:06,mlx5_2,0.000,0.000,0.000,0.000
2025-12-03 15:50:06,mlx5_3,0.000,0.000,112.646,98.490
2025-12-03 15:50:06,mlx5_4,0.000,0.000,0.000,0.000
2025-12-03 15:50:06,mlx5_5,0.000,0.000,112.828,97.960
2025-12-03 15:50:06,mlx5_6,0.000,0.000,0.000,0.000
2025-12-03 15:50:06,mlx5_7,0.000,0.000,0.000,0.000
2025-12-03 15:50:06,mlx5_8,0.000,0.000,112.364,98.001
2025-12-03 15:50:06,mlx5_9,0.000,0.000,0.000,0.000
2025-12-03 15:50:06,TOTAL,0.000,0.000,450.749,387.754
2025-12-03 15:50:07,mlx5_0,0.000,0.000,0.000,0.000
2025-12-03 15:50:07,mlx5_1,0.000,0.000,112.910,93.302
2025-12-03 15:50:07,mlx5_2,0.000,0.000,0.000,0.000
2025-12-03 15:50:07,mlx5_3,0.000,0.000,112.646,98.490
2025-12-03 15:50:07,mlx5_4,0.000,0.000,0.000,0.000
2025-12-03 15:50:07,mlx5_5,0.000,0.000,112.828,97.960
2025-12-03 15:50:07,mlx5_6,0.000,0.000,0.000,0.000
2025-12-03 15:50:07,mlx5_7,0.000,0.000,0.000,0.000
2025-12-03 15:50:07,mlx5_8,0.000,0.000,112.364,98.001
2025-12-03 15:50:07,mlx5_9,0.000,0.000,0.000,0.000
2025-12-03 15:50:07,TOTAL,0.000,0.000,450.749,387.754
2025-12-03 15:50:08,mlx5_0,0.000,0.000,0.000,0.000
2025-12-03 15:50:08,mlx5_1,0.000,0.000,112.910,93.302
2025-12-03 15:50:08,mlx5_2,0.000,0.000,0.000,0.000
2025-12-03 15:50:08,mlx5_3,0.000,0.000,112.646,98.490
2025-12-03 15:50:08,mlx5_4,0.000,0.000,0.000,0.000
2025-12-03 15:50:08,mlx5_5,0.000,0.000,112.828,97.960
2025-12-03 15:50:08,mlx5_6,0.000,0.000,0.000,0.000
2025-12-03 15:50:08,mlx5_7,0.000,0.000,0.000,0.000
2025-12-03 15:50:08,mlx5_8,0.000,0.000,112.364,98.001
2025-12-03 15:50:08,mlx5_9,0.000,0.000,0.000,0.000
2025-12-03 15:50:08,TOTAL,0.000,0.000,450.749,387.754
2025-12-03 15:50:09,mlx5_0,0.000,0.000,0.000,0.000
2025-12-03 15:50:09,mlx5_1,0.000,0.000,112.910,93.302
2025-12-03 15:50:09,mlx5_2,0.000,0.000,0.000,0.000
2025-12-03 15:50:09,mlx5_3,0.000,0.000,112.646,98.490
2025-12-03 15:50:09,mlx5_4,0.000,0.000,0.000,0.000
2025-12-03 15:50:09,mlx5_5,0.000,0.000,112.828,97.960
2025-12-03 15:50:09,mlx5_6,0.000,0.000,0.000,0.000
2025-12-03 15:50:09,mlx5_7,0.000,0.000,0.000,0.000
2025-12-03 15:50:09,mlx5_8,0.000,0.000,112.364,98.001
2025-12-03 15:50:09,mlx5_9,0.000,0.000,0.000,0.000
2025-12-03 15:50:09,TOTAL,0.000,0.000,450.749,387.754
2025-12-03 15:50:10,mlx5_0,0.000,0.000,0.000,0.000
2025-12-03 15:50:10,mlx5_1,0.000,0.000,112.910,93.302
2025-12-03 15:50:10,mlx5_2,0.000,0.000,0.000,0.000
2025-12-03 15:50:10,mlx5_3,0.000,0.000,112.646,98.490
2025-12-03 15:50:10,mlx5_4,0.000,0.000,0.000,0.000
2025-12-03 15:50:10,mlx5_5,0.000,0.000,112.828,97.960
2025-12-03 15:50:10,mlx5_6,0.000,0.000,0.000,0.000
2025-12-03 15:50:10,mlx5_7,0.000,0.000,0.000,0.000
2025-12-03 15:50:10,mlx5_8,0.000,0.000,112.364,98.001
2025-12-03 15:50:10,mlx5_9,0.000,0.000,0.000,0.000
2025-12-03 15:50:10,TOTAL,0.000,0.000,450.749,387.754
2025-12-03 15:50:11,mlx5_0,0.000,0.000,0.000,0.000
2025-12-03 15:50:11,mlx5_1,0.000,0.000,112.910,93.302
2025-12-03 15:50:11,mlx5_2,0.000,0.000,0.000,0.000
2025-12-03 15:50:11,mlx5_3,0.000,0.000,112.646,98.490
2025-12-03 15:50:11,mlx5_4,0.000,0.000,0.000,0.000
2025-12-03 15:50:11,mlx5_5,0.000,0.000,112.828,97.960
2025-12-03 15:50:11,mlx5_6,0.000,0.000,0.000,0.000
2025-12-03 15:50:11,mlx5_7,0.000,0.000,0.000,0.000
2025-12-03 15:50:11,mlx5_8,0.000,0.000,112.364,98.001
2025-12-03 15:50:11,mlx5_9,0.000,0.000,0.000,0.000
2025-12-03 15:50:11,TOTAL,0.000,0.000,450.749,387.754
2025-12-03 15:50:12,mlx5_0,0.000,0.000,0.000,0.000
2025-12-03 15:50:12,mlx5_1,0.000,0.000,112.910,93.302
2025-12-03 15:50:12,mlx5_2,0.000,0.000,0.000,0.000
2025-12-03 15:50:12,mlx5_3,0.000,0.000,112.646,98.490
2025-12-03 15:50:12,mlx5_4,0.000,0.000,0.000,0.000
2025-12-03 15:50:12,mlx5_5,0.000,0.000,112.828,97.960
2025-12-03 15:50:12,mlx5_6,0.000,0.000,0.000,0.000
2025-12-03 15:50:12,mlx5_7,0.000,0.000,0.000,0.000
2025-12-03 15:50:12,mlx5_8,0.000,0.000,112.364,98.001
2025-12-03 15:50:12,mlx5_9,0.000,0.000,0.000,0.000
2025-12-03 15:50:12,TOTAL,0.000,0.000,450.749,387.754
2025-12-03 15:50:13,mlx5_0,0.000,0.000,0.000,0.000
2025-12-03 15:50:13,mlx5_1,0.000,0.000,112.910,93.302
2025-12-03 15:50:13,mlx5_2,0.000,0.000,0.000,0.000
2025-12-03 15:50:13,mlx5_3,0.000,0.000,112.646,98.490
2025-12-03 15:50:13,mlx5_4,0.000,0.000,0.000,0.000
2025-12-03 15:50:13,mlx5_5,0.000,0.000,112.828,97.960
2025-12-03 15:50:13,mlx5_6,0.000,0.000,0.000,0.000
2025-12-03 15:50:13,mlx5_7,0.000,0.000,0.000,0.000
2025-12-03 15:50:13,mlx5_8,0.000,0.000,112.364,98.001
2025-12-03 15:50:13,mlx5_9,0.000,0.000,0.000,0.000
2025-12-03 15:50:13,TOTAL,0.000,0.000,450.749,387.754
2025-12-03 15:50:14,mlx5_0,0.000,0.000,0.000,0.000
2025-12-03 15:50:14,mlx5_1,0.000,0.000,112.910,93.302
2025-12-03 15:50:14,mlx5_2,0.000,0.000,0.000,0.000
2025-12-03 15:50:14,mlx5_3,0.000,0.000,112.646,98.490
2025-12-03 15:50:14,mlx5_4,0.000,0.000,0.000,0.000
2025-12-03 15:50:14,mlx5_5,0.000,0.000,112.828,97.960
2025-12-03 15:50:14,mlx5_6,0.000,0.000,0.000,0.000
2025-12-03 15:50:14,mlx5_7,0.000,0.000,0.000,0.000
2025-12-03 15:50:14,mlx5_8,0.000,0.000,112.364,98.001
2025-12-03 15:50:14,mlx5_9,0.000,0.000,0.000,0.000
2025-12-03 15:50:14,TOTAL,0.000,0.000,450.749,387.754
2025-12-03 15:50:15,mlx5_0,0.000,0.000,0.000,0.000
2025-12-03 15:50:15,mlx5_1,0.000,0.000,112.910,93.302
2025-12-03 15:50:15,mlx5_2,0.000,0.000,0.000,0.000
2025-12-03 15:50:15,mlx5_3,0.000,0.000,112.646,98.490
2025-12-03 15:50:15,mlx5_4,0.000,0.000,0.000,0.000
2025-12-03 15:50:15,mlx5_5,0.000,0.000,112.828,97.960
2025-12-03 15:50:15,mlx5_6,0.000,0.000,0.000,0.000
2025-12-03 15:50:15,mlx5_7,0.000,0.000,0.000,0.000
2025-12-03 15:50:15,mlx5_8,0.000,0.000,112.364,98.001
2025-12-03 15:50:15,mlx5_9,0.000,0.000,0.000,0.000
2025-12-03 15:50:15,TOTAL,0.000,0.000,450.749,387.754
2025-12-03 15:50:16,mlx5_0,0.000,0.000,0.000,0.000
2025-12-03 15:50:16,mlx5_1,0.000,0.000,112.910,93.302
2025-12-03 15:50:16,mlx5_2,0.000,0.000,0.000,0.000
2025-12-03 15:50:16,mlx5_3,0.000,0.000,112.646,98.490
2025-12-03 15:50:16,mlx5_4,0.000,0.000,0.000,0.000
2025-12-03 15:50:16,mlx5_5,0.000,0.000,112.828,97.960
2025-12-03 15:50:16,mlx5_6,0.000,0.000,0.000,0.000
2025-12-03 15:50:16,mlx5_7,0.000,0.000,0.000,0.000
2025-12-03 15:50:16,mlx5_8,0.000,0.000,112.364,98.001
2025-12-03 15:50:16,mlx5_9,0.000,0.000,0.000,0.000
2025-12-03 15:50:16,TOTAL,0.000,0.000,450.749,387.754
2025-12-03 15:50:17,mlx5_0,0.000,0.000,0.000,0.000
2025-12-03 15:50:17,mlx5_1,0.000,0.000,112.910,93.302
2025-12-03 15:50:17,mlx5_2,0.000,0.000,0.000,0.000
2025-12-03 15:50:17,mlx5_3,0.000,0.000,112.646,98.490
2025-12-03 15:50:17,mlx5_4,0.000,0.000,0.000,0.000
2025-12-03 15:50:17,mlx5_5,0.000,0.000,112.828,97.960
2025-12-03 15:50:17,mlx5_6,0.000,0.000,0.000,0.000
2025-12-03 15:50:17,mlx5_7,0.000,0.000,0.000,0.000
2025-12-03 15:50:17,mlx5_8,0.000,0.000,112.364,98.001
2025-12-03 15:50:17,mlx5_9,0.000,0.000,0.000,0.000
2025-12-03 15:50:17,TOTAL,0.000,0.000,450.749,387.754
2025-12-03 15:50:18,mlx5_0,0.000,0.000,0.000,0.000
2025-12-03 15:50:18,mlx5_1,0.000,0.000,112.910,93.302
2025-12-03 15:50:18,mlx5_2,0.000,0.000,0.000,0.000
2025-12-03 15:50:18,mlx5_3,0.000,0.000,112.646,98.490
2025-12-03 15:50:18,mlx5_4,0.000,0.000,0.000,0.000
2025-12-03 15:50:18,mlx5_5,0.000,0.000,112.828,97.960
2025-12-03 15:50:18,mlx5_6,0.000,0.000,0.000,0.000
2025-12-03 15:50:18,mlx5_7,0.000,0.000,0.000,0.000
2025-12-03 15:50:18,mlx5_8,0.000,0.000,112.364,98.001
2025-12-03 15:50:18,mlx5_9,0.000,0.000,0.000,0.000
2025-12-03 15:50:18,TOTAL,0.000,0.000,450.749,387.754
2025-12-03 15:50:19,mlx5_0,0.000,0.000,0.000,0.000
2025-12-03 15:50:19,mlx5_1,0.000,0.000,112.910,93.302
2025-12-03 15:50:19,mlx5_2,0.000,0.000,0.000,0.000
2025-12-03 15:50:19,mlx5_3,0.000,0.000,112.646,98.490
2025-12-03 15:50:19,mlx5_4,0.000,0.000,0.000,0.000
2025-12-03 15:50:19,mlx5_5,0.000,0.000,112.828,97.960
2025-12-03 15:50:19,mlx5_6,0.000,0.000,0.000,0.000
2025-12-03 15:50:19,mlx5_7,0.000,0.000,0.000,0.000
2025-12-03 15:50:19,mlx5_8,0.000,0.000,112.364,98.001
2025-12-03 15:50:19,mlx5_9,0.000,0.000,0.000,0.000
2025-12-03 15:50:19,TOTAL,0.000,0.000,450.749,387.754
2025-12-03 15:50:20,mlx5_0,0.000,0.000,0.000,0.000
2025-12-03 15:50:20,mlx5_1,0.000,0.000,112.910,93.302
2025-12-03 15:50:20,mlx5_2,0.000,0.000,0.000,0.000
2025-12-03 15:50:20,mlx5_3,0.000,0.000,112.646,98.490
2025-12-03 15:50:20,mlx5_4,0.000,0.000,0.000,0.000
2025-12-03 15:50:20,mlx5_5,0.000,0.000,112.828,97.960
2025-12-03 15:50:20,mlx5_6,0.000,0.000,0.000,0.000
2025-12-03 15:50:20,mlx5_7,0.000,0.000,0.000,0.000
2025-12-03 15:50:20,mlx5_8,0.000,0.000,112.364,98.001
2025-12-03 15:50:20,mlx5_9,0.000,0.000,0.000,0.000
2025-12-03 15:50:20,TOTAL,0.000,0.000,450.749,387.754
2025-12-03 15:50:21,mlx5_0,0.000,0.000,0.000,0.000
2025-12-03 15:50:21,mlx5_1,0.000,0.000,112.910,93.302
2025-12-03 15:50:21,mlx5_2,0.000,0.000,0.000,0.000
2025-12-03 15:50:21,mlx5_3,0.000,0.000,112.646,98.490
2025-12-03 15:50:21,mlx5_4,0.000,0.000,0.000,0.000
2025-12-03 15:50:21,mlx5_5,0.000,0.000,112.828,97.960
2025-12-03 15:50:21,mlx5_6,0.000,0.000,0.000,0.000
2025-12-03 15:50:21,mlx5_7,0.000,0.000,0.000,0.000
2025-12-03 15:50:21,mlx5_8,0.000,0.000,112.364,98.001
2025-12-03 15:50:21,mlx5_9,0.000,0.000,0.000,0.000
2025-12-03 15:50:21,TOTAL,0.000,0.000,450.749,387.754
2025-12-03 15:50:22,mlx5_0,0.000,0.000,0.000,0.000
2025-12-03 15:50:22,mlx5_1,0.000,0.000,112.910,93.302
2025-12-03 15:50:22,mlx5_2,0.000,0.000,0.000,0.000
2025-12-03 15:50:22,mlx5_3,0.000,0.000,112.646,98.490
2025-12-03 15:50:22,mlx5_4,0.000,0.000,0.000,0.000
2025-12-03 15:50:22,mlx5_5,0.000,0.000,112.828,97.960
2025-12-03 15:50:22,mlx5_6,0.000,0.000,0.000,0.000
2025-12-03 15:50:22,mlx5_7,0.000,0.000,0.000,0.000
2025-12-03 15:50:22,mlx5_8,0.000,0.000,112.364,98.001
2025-12-03 15:50:22,mlx5_9,0.000,0.000,0.000,0.000
2025-12-03 15:50:22,TOTAL,0.000,0.000,450.749,387.754
2025-12-03 15:50:23,mlx5_0,0.000,0.000,0.000,0.000
2025-12-03 15:50:23,mlx5_1,0.000,0.000,112.910,93.302
2025-12-03 15:50:23,mlx5_2,0.000,0.000,0.000,0.000
2025-12-03 15:50:23,mlx5_3,0.000,0.000,112.646,98.490
2025-12-03 15:50:23,mlx5_4,0.000,0.000,0.000,0.000
2025-12-03 15:50:23,mlx5_5,0.000,0.000,112.828,97.960
2025-12-03 15:50:23,mlx5_6,0.000,0.000,0.000,0.000
2025-12-03 15:50:23,mlx5_7,0.000,0.000,0.000,0.000
2025-12-03 15:50:23,mlx5_8,0.000,0.000,112.364,98.001
2025-12-03 15:50:23,mlx5_9,0.000,0.000,0.000,0.000
2025-12-03 15:50:23,TOTAL,0.000,0.000,450.749,387.754
2025-12-03 15:50:24,mlx5_0,0.000,0.000,0.000,0.000
2025-12-03 15:50:24,mlx5_1,0.000,0.000,112.910,93.302
2025-12-03 15:50:24,mlx5_2,0.000,0.000,0.000,0.000
2025-12-03 15:50:24,mlx5_3,0.000,0.000,112.646,98.490
2025-12-03 15:50:24,mlx5_4,0.000,0.000,0.000,0.000
2025-12-03 15:50:24,mlx5_5,0.000,0.000,112.828,97.960
2025-12-03 15:50:24,mlx5_6,0.000,0.000,0.000,0.000
2025-12-03 15:50:24,mlx5_7,0.000,0.000,0.000,0.000
2025-12-03 15:50:24,mlx5_8,0.000,0.000,112.364,98.001
2025-12-03 15:50:24,mlx5_9,0.000,0.000,0.000,0.000
2025-12-03 15:50:24,TOTAL,0.000,0.000,450.749,387.754
2025-12-03 15:50:25,mlx5_0,0.000,0.000,0.000,0.000
2025-12-03 15:50:25,mlx5_1,0.000,0.000,112.910,93.302
2025-12-03 15:50:25,mlx5_2,0.000,0.000,0.000,0.000
2025-12-03 15:50:25,mlx5_3,0.000,0.000,112.646,98.490
2025-12-03 15:50:25,mlx5_4,0.000,0.000,0.000,0.000
2025-12-03 15:50:25,mlx5_5,0.000,0.000,112.828,97.960
2025-12-03 15:50:25,mlx5_6,0.000,0.000,0.000,0.000
2025-12-03 15:50:25,mlx5_7,0.000,0.000,0.000,0.000
2025-12-03 15:50:25,mlx5_8,0.000,0.000,112.364,98.001
2025-12-03 15:50:25,mlx5_9,0.000,0.000,0.000,0.000
2025-12-03 15:50:25,TOTAL,0.000,0.000,450.749,387.754
2025-12-03 15:50:26,mlx5_0,0.000,0.000,0.000,0.000
2025-12-03 15:50:26,mlx5_1,0.000,0.000,112.910,93.302
2025-12-03 15:50:26,mlx5_2,0.000,0.000,0.000,0.000
2025-12-03 15:50:26,mlx5_3,0.000,0.000,112.646,98.490
2025-12-03 15:50:26,mlx5_4,0.000,0.000,0.000,0.000
2025-12-03 15:50:26,mlx5_5,0.000,0.000,112.828,97.960
2025-12-03 15:50:26,mlx5_6,0.000,0.000,0.000,0.000
2025-12-03 15:50:26,mlx5_7,0.000,0.000,0.000,0.000
2025-12-03 15:50:26,mlx5_8,0.000,0.000,112.364,98.001
2025-12-03 15:50:26,mlx5_9,0.000,0.000,0.000,0.000
2025-12-03 15:50:26,TOTAL,0.000,0.000,450.749,387.754
2025-12-03 15:50:27,mlx5_0,0.000,0.000,0.000,0.000
2025-12-03 15:50:27,mlx5_1,0.000,0.000,112.910,93.302
2025-12-03 15:50:27,mlx5_2,0.000,0.000,0.000,0.000
2025-12-03 15:50:27,mlx5_3,0.000,0.000,112.646,98.490
2025-12-03 15:50:27,mlx5_4,0.000,0.000,0.000,0.000
2025-12-03 15:50:27,mlx5_5,0.000,0.000,112.828,97.960
2025-12-03 15:50:27,mlx5_6,0.000,0.000,0.000,0.000
2025-12-03 15:50:27,mlx5_7,0.000,0.000,0.000,0.000
2025-12-03 15:50:27,mlx5_8,0.000,0.000,112.364,98.001
2025-12-03 15:50:27,mlx5_9,0.000,0.000,0.000,0.000
2025-12-03 15:50:27,TOTAL,0.000,0.000,450.749,387.754
2025-12-03 15:50:28,mlx5_0,0.000,0.000,0.000,0.000
2025-12-03 15:50:28,mlx5_1,0.000,0.000,112.910,93.302
2025-12-03 15:50:28,mlx5_2,0.000,0.000,0.000,0.000
2025-12-03 15:50:28,mlx5_3,0.000,0.000,112.646,98.490
2025-12-03 15:50:28,mlx5_4,0.000,0.000,0.000,0.000
2025-12-03 15:50:28,mlx5_5,0.000,0.000,112.828,97.960
2025-12-03 15:50:28,mlx5_6,0.000,0.000,0.000,0.000
2025-12-03 15:50:28,mlx5_7,0.000,0.000,0.000,0.000
2025-12-03 15:50:28,mlx5_8,0.000,0.000,112.364,98.001
2025-12-03 15:50:28,mlx5_9,0.000,0.000,0.000,0.000
2025-12-03 15:50:28,TOTAL,0.000,0.000,450.749,387.754
2025-12-03 15:50:29,mlx5_0,0.000,0.000,0.000,0.000
2025-12-03 15:50:29,mlx5_1,0.000,0.000,112.910,93.302
2025-12-03 15:50:29,mlx5_2,0.000,0.000,0.000,0.000
2025-12-03 15:50:29,mlx5_3,0.000,0.000,112.646,98.490
2025-12-03 15:50:29,mlx5_4,0.000,0.000,0.000,0.000
2025-12-03 15:50:29,mlx5_5,0.000,0.000,112.828,97.960
2025-12-03 15:50:29,mlx5_6,0.000,0.000,0.000,0.000
2025-12-03 15:50:29,mlx5_7,0.000,0.000,0.000,0.000
2025-12-03 15:50:29,mlx5_8,0.000,0.000,112.364,98.001
2025-12-03 15:50:29,mlx5_9,0.000,0.000,0.000,0.000
2025-12-03 15:50:29,TOTAL,0.000,0.000,450.749,387.754
2025-12-03 15:50:30,mlx5_0,0.000,0.000,0.000,0.000
2025-12-03 15:50:30,mlx5_1,0.000,0.000,112.910,93.302
2025-12-03 15:50:30,mlx5_2,0.000,0.000,0.000,0.000
2025-12-03 15:50:30,mlx5_3,0.000,0.000,112.646,98.490
2025-12-03 15:50:30,mlx5_4,0.000,0.000,0.000,0.000
2025-12-03 15:50:30,mlx5_5,0.000,0.000,112.828,97.960
2025-12-03 15:50:30,mlx5_6,0.000,0.000,0.000,0.000
2025-12-03 15:50:30,mlx5_7,0.000,0.000,0.000,0.000
2025-12-03 15:50:30,mlx5_8,0.000,0.000,112.364,98.001
2025-12-03 15:50:30,mlx5_9,0.000,0.000,0.000,0.000
2025-12-03 15:50:30,TOTAL,0.000,0.000,450.749,387.754
2025-12-03 15:50:31,mlx5_0,0.000,0.000,0.000,0.000
2025-12-03 15:50:31,mlx5_1,0.000,0.000,112.910,93.302
2025-12-03 15:50:31,mlx5_2,0.000,0.000,0.000,0.000
2025-12-03 15:50:31,mlx5_3,0.000,0.000,112.646,98.490
2025-12-03 15:50:31,mlx5_4,0.000,0.000,0.000,0.000
2025-12-03 15:50:31,mlx5_5,0.000,0.000,112.828,97.960
2025-12-03 15:50:31,mlx5_6,0.000,0.000,0.000,0.000
2025-12-03 15:50:31,mlx5_7,0.000,0.000,0.000,0.000
2025-12-03 15:50:31,mlx5_8,0.000,0.000,112.364,98.001
2025-12-03 15:50:31,mlx5_9,0.000,0.000,0.000,0.000
2025-12-03 15:50:31,TOTAL,0.000,0.000,450.749,387.754
2025-12-03 15:50:32,mlx5_0,0.000,0.000,0.000,0.000
2025-12-03 15:50:32,mlx5_1,4.012,0.006,113.414,93.303
2025-12-03 15:50:32,mlx5_2,0.000,0.000,0.000,0.000
2025-12-03 15:50:32,mlx5_3,5.885,0.009,113.386,98.491
2025-12-03 15:50:32,mlx5_4,0.000,0.000,0.000,0.000
2025-12-03 15:50:32,mlx5_5,5.681,0.008,113.542,97.961
2025-12-03 15:50:32,mlx5_6,0.000,0.000,0.000,0.000
2025-12-03 15:50:32,mlx5_7,0.000,0.000,0.000,0.000
2025-12-03 15:50:32,mlx5_8,5.761,0.008,113.088,98.002
2025-12-03 15:50:32,mlx5_9,0.000,0.000,0.000,0.000
2025-12-03 15:50:32,TOTAL,21.339,0.032,453.430,387.757
2025-12-03 15:50:33,mlx5_0,0.000,0.000,0.000,0.000
2025-12-03 15:50:33,mlx5_1,0.000,0.000,113.414,93.303
2025-12-03 15:50:33,mlx5_2,0.000,0.000,0.000,0.000
2025-12-03 15:50:33,mlx5_3,0.000,0.000,113.386,98.491
2025-12-03 15:50:33,mlx5_4,0.000,0.000,0.000,0.000
2025-12-03 15:50:33,mlx5_5,0.000,0.000,113.542,97.961
2025-12-03 15:50:33,mlx5_6,0.000,0.000,0.000,0.000
2025-12-03 15:50:33,mlx5_7,0.000,0.000,0.000,0.000
2025-12-03 15:50:33,mlx5_8,0.000,0.000,113.088,98.002
2025-12-03 15:50:33,mlx5_9,0.000,0.000,0.000,0.000
2025-12-03 15:50:33,TOTAL,0.000,0.000,453.430,387.757
2025-12-03 15:50:34,mlx5_0,0.000,0.000,0.000,0.000
2025-12-03 15:50:34,mlx5_1,7.165,0.011,114.314,93.304
2025-12-03 15:50:34,mlx5_2,0.000,0.000,0.000,0.000
2025-12-03 15:50:34,mlx5_3,10.028,0.014,114.645,98.493
2025-12-03 15:50:34,mlx5_4,0.000,0.000,0.000,0.000
2025-12-03 15:50:34,mlx5_5,10.023,0.015,114.800,97.963
2025-12-03 15:50:34,mlx5_6,0.000,0.000,0.000,0.000
2025-12-03 15:50:34,mlx5_7,0.000,0.000,0.000,0.000
2025-12-03 15:50:34,mlx5_8,10.032,0.014,114.347,98.004
2025-12-03 15:50:34,mlx5_9,0.000,0.000,0.000,0.000
2025-12-03 15:50:34,TOTAL,37.248,0.054,458.105,387.764
2025-12-03 15:50:35,mlx5_0,0.000,0.000,0.000,0.000
2025-12-03 15:50:35,mlx5_1,0.000,0.000,114.314,93.304
2025-12-03 15:50:35,mlx5_2,0.000,0.000,0.000,0.000
2025-12-03 15:50:35,mlx5_3,0.000,0.000,114.645,98.493
2025-12-03 15:50:35,mlx5_4,0.000,0.000,0.000,0.000
2025-12-03 15:50:35,mlx5_5,0.000,0.000,114.800,97.963
2025-12-03 15:50:35,mlx5_6,0.000,0.000,0.000,0.000
2025-12-03 15:50:35,mlx5_7,0.000,0.000,0.000,0.000
2025-12-03 15:50:35,mlx5_8,0.000,0.000,114.347,98.004
2025-12-03 15:50:35,mlx5_9,0.000,0.000,0.000,0.000
2025-12-03 15:50:35,TOTAL,0.000,0.000,458.105,387.764
2025-12-03 15:50:36,mlx5_0,0.000,0.000,0.000,0.000
2025-12-03 15:50:36,mlx5_1,7.124,6.061,115.209,94.066
2025-12-03 15:50:36,mlx5_2,0.000,0.000,0.000,0.000
2025-12-03 15:50:36,mlx5_3,9.942,8.610,115.893,99.574
2025-12-03 15:50:36,mlx5_4,0.000,0.000,0.000,0.000
2025-12-03 15:50:36,mlx5_5,9.872,8.894,116.040,99.080
2025-12-03 15:50:36,mlx5_6,0.000,0.000,0.000,0.000
2025-12-03 15:50:36,mlx5_7,0.000,0.000,0.000,0.000
2025-12-03 15:50:36,mlx5_8,9.906,9.187,115.592,99.158
2025-12-03 15:50:36,mlx5_9,0.000,0.000,0.000,0.000
2025-12-03 15:50:36,TOTAL,36.844,32.752,462.734,391.879
2025-12-03 15:50:37,mlx5_0,0.000,0.000,0.000,0.000
2025-12-03 15:50:37,mlx5_1,0.124,2.252,115.224,94.349
2025-12-03 15:50:37,mlx5_2,0.000,0.000,0.000,0.000
2025-12-03 15:50:37,mlx5_3,0.107,3.501,115.907,100.015
2025-12-03 15:50:37,mlx5_4,0.000,0.000,0.000,0.000
2025-12-03 15:50:37,mlx5_5,0.116,3.124,116.054,99.473
2025-12-03 15:50:37,mlx5_6,0.000,0.000,0.000,0.000
2025-12-03 15:50:37,mlx5_7,0.000,0.000,0.000,0.000
2025-12-03 15:50:37,mlx5_8,0.100,2.783,115.605,99.508
2025-12-03 15:50:37,mlx5_9,0.000,0.000,0.000,0.000
2025-12-03 15:50:37,TOTAL,0.447,11.659,462.790,393.345
2025-12-03 15:50:38,mlx5_0,0.000,0.000,0.000,0.000
2025-12-03 15:50:38,mlx5_1,0.000,0.000,115.224,94.349
2025-12-03 15:50:38,mlx5_2,0.000,0.000,0.000,0.000
2025-12-03 15:50:38,mlx5_3,0.000,0.000,115.907,100.015
2025-12-03 15:50:38,mlx5_4,0.000,0.000,0.000,0.000
2025-12-03 15:50:38,mlx5_5,0.000,0.000,116.054,99.473
2025-12-03 15:50:38,mlx5_6,0.000,0.000,0.000,0.000
2025-12-03 15:50:38,mlx5_7,0.000,0.000,0.000,0.000
2025-12-03 15:50:38,mlx5_8,0.000,0.000,115.605,99.508
2025-12-03 15:50:38,mlx5_9,0.000,0.000,0.000,0.000
2025-12-03 15:50:38,TOTAL,0.000,0.000,462.790,393.345
2025-12-03 15:50:39,mlx5_0,0.000,0.000,0.000,0.000
2025-12-03 15:50:39,mlx5_1,6.987,0.010,116.102,94.350
2025-12-03 15:50:39,mlx5_2,0.000,0.000,0.000,0.000
2025-12-03 15:50:39,mlx5_3,9.705,0.014,117.126,100.016
2025-12-03 15:50:39,mlx5_4,0.000,0.000,0.000,0.000
2025-12-03 15:50:39,mlx5_5,9.923,0.015,117.301,99.475
2025-12-03 15:50:39,mlx5_6,0.000,0.000,0.000,0.000
2025-12-03 15:50:39,mlx5_7,0.000,0.000,0.000,0.000
2025-12-03 15:50:39,mlx5_8,9.801,0.014,116.836,99.510
2025-12-03 15:50:39,mlx5_9,0.000,0.000,0.000,0.000
2025-12-03 15:50:39,TOTAL,36.417,0.053,467.365,393.351
2025-12-03 15:50:40,mlx5_0,0.000,0.000,0.000,0.000
2025-12-03 15:50:40,mlx5_1,5.877,0.008,116.840,94.351
2025-12-03 15:50:40,mlx5_2,0.000,0.000,0.000,0.000
2025-12-03 15:50:40,mlx5_3,8.586,0.012,118.205,100.018
2025-12-03 15:50:40,mlx5_4,0.000,0.000,0.000,0.000
2025-12-03 15:50:40,mlx5_5,8.612,0.012,118.383,99.476
2025-12-03 15:50:40,mlx5_6,0.000,0.000,0.000,0.000
2025-12-03 15:50:40,mlx5_7,0.000,0.000,0.000,0.000
2025-12-03 15:50:40,mlx5_8,8.518,0.012,117.906,99.511
2025-12-03 15:50:40,mlx5_9,0.000,0.000,0.000,0.000
2025-12-03 15:50:40,TOTAL,31.593,0.044,471.335,393.357
2025-12-03 15:50:41,mlx5_0,0.000,0.000,0.000,0.000
2025-12-03 15:50:41,mlx5_1,1.050,0.002,116.972,94.351
2025-12-03 15:50:41,mlx5_2,0.000,0.000,0.000,0.000
2025-12-03 15:50:41,mlx5_3,1.571,0.003,118.402,100.018
2025-12-03 15:50:41,mlx5_4,0.000,0.000,0.000,0.000
2025-12-03 15:50:41,mlx5_5,1.452,0.002,118.566,99.477
2025-12-03 15:50:41,mlx5_6,0.000,0.000,0.000,0.000
2025-12-03 15:50:41,mlx5_7,0.000,0.000,0.000,0.000
2025-12-03 15:50:41,mlx5_8,1.543,0.002,118.100,99.512
2025-12-03 15:50:41,mlx5_9,0.000,0.000,0.000,0.000
2025-12-03 15:50:41,TOTAL,5.617,0.009,472.041,393.358
2025-12-03 15:50:42,mlx5_0,0.000,0.000,0.000,0.000
2025-12-03 15:50:42,mlx5_1,6.796,0.010,117.826,94.353
2025-12-03 15:50:42,mlx5_2,0.000,0.000,0.000,0.000
2025-12-03 15:50:42,mlx5_3,10.129,0.015,119.675,100.020
2025-12-03 15:50:42,mlx5_4,0.000,0.000,0.000,0.000
2025-12-03 15:50:42,mlx5_5,10.225,0.015,119.850,99.479
2025-12-03 15:50:42,mlx5_6,0.000,0.000,0.000,0.000
2025-12-03 15:50:42,mlx5_7,0.000,0.000,0.000,0.000
2025-12-03 15:50:42,mlx5_8,10.064,0.014,119.364,99.514
2025-12-03 15:50:42,mlx5_9,0.000,0.000,0.000,0.000
2025-12-03 15:50:42,TOTAL,37.214,0.054,476.716,393.365
2025-12-03 15:50:43,mlx5_0,0.000,0.000,0.000,0.000
2025-12-03 15:50:43,mlx5_1,0.000,0.000,117.826,94.353
2025-12-03 15:50:43,mlx5_2,0.000,0.000,0.000,0.000
2025-12-03 15:50:43,mlx5_3,0.000,0.000,119.675,100.020
2025-12-03 15:50:43,mlx5_4,0.000,0.000,0.000,0.000
2025-12-03 15:50:43,mlx5_5,0.000,0.000,119.850,99.479
2025-12-03 15:50:43,mlx5_6,0.000,0.000,0.000,0.000
2025-12-03 15:50:43,mlx5_7,0.000,0.000,0.000,0.000
2025-12-03 15:50:43,mlx5_8,0.000,0.000,119.364,99.514
2025-12-03 15:50:43,mlx5_9,0.000,0.000,0.000,0.000
2025-12-03 15:50:43,TOTAL,0.000,0.000,476.716,393.365
2025-12-03 15:50:44,mlx5_0,0.000,0.000,0.000,0.000
2025-12-03 15:50:44,mlx5_1,6.518,0.010,118.645,94.354
2025-12-03 15:50:44,mlx5_2,0.000,0.000,0.000,0.000
2025-12-03 15:50:44,mlx5_3,10.225,0.015,120.960,100.022
2025-12-03 15:50:44,mlx5_4,0.000,0.000,0.000,0.000
2025-12-03 15:50:44,mlx5_5,10.272,0.015,121.141,99.480
2025-12-03 15:50:44,mlx5_6,0.000,0.000,0.000,0.000
2025-12-03 15:50:44,mlx5_7,0.000,0.000,0.000,0.000
2025-12-03 15:50:44,mlx5_8,10.204,0.014,120.646,99.515
2025-12-03 15:50:44,mlx5_9,0.000,0.000,0.000,0.000
2025-12-03 15:50:44,TOTAL,37.219,0.053,481.392,393.371
2025-12-03 15:50:45,mlx5_0,0.000,0.000,0.000,0.000
2025-12-03 15:50:45,mlx5_1,0.000,0.000,118.645,94.354
2025-12-03 15:50:45,mlx5_2,0.000,0.000,0.000,0.000
2025-12-03 15:50:45,mlx5_3,0.000,0.000,120.960,100.022
2025-12-03 15:50:45,mlx5_4,0.000,0.000,0.000,0.000
2025-12-03 15:50:45,mlx5_5,0.000,0.000,121.141,99.480
2025-12-03 15:50:45,mlx5_6,0.000,0.000,0.000,0.000
2025-12-03 15:50:45,mlx5_7,0.000,0.000,0.000,0.000
2025-12-03 15:50:45,mlx5_8,0.000,0.000,120.646,99.515
2025-12-03 15:50:45,mlx5_9,0.000,0.000,0.000,0.000
2025-12-03 15:50:45,TOTAL,0.000,0.000,481.392,393.371
2025-12-03 15:50:46,mlx5_0,0.000,0.000,0.000,0.000
2025-12-03 15:50:46,mlx5_1,0.317,0.001,118.685,94.354
2025-12-03 15:50:46,mlx5_2,0.000,0.000,0.000,0.000
2025-12-03 15:50:46,mlx5_3,0.500,0.001,121.022,100.022
2025-12-03 15:50:46,mlx5_4,0.000,0.000,0.000,0.000
2025-12-03 15:50:46,mlx5_5,0.589,0.001,121.215,99.481
2025-12-03 15:50:46,mlx5_6,0.000,0.000,0.000,0.000
2025-12-03 15:50:46,mlx5_7,0.000,0.000,0.000,0.000
2025-12-03 15:50:46,mlx5_8,0.607,0.001,120.723,99.515
2025-12-03 15:50:46,mlx5_9,0.000,0.000,0.000,0.000
2025-12-03 15:50:46,TOTAL,2.012,0.003,481.644,393.372
2025-12-03 15:50:47,mlx5_0,0.000,0.000,0.000,0.000
2025-12-03 15:50:47,mlx5_1,7.056,8.230,119.572,95.388
2025-12-03 15:50:47,mlx5_2,0.000,0.000,0.000,0.000
2025-12-03 15:50:47,mlx5_3,9.435,12.181,122.208,101.553
2025-12-03 15:50:47,mlx5_4,0.000,0.000,0.000,0.000
2025-12-03 15:50:47,mlx5_5,9.342,12.091,122.389,101.000
2025-12-03 15:50:47,mlx5_6,0.000,0.000,0.000,0.000
2025-12-03 15:50:47,mlx5_7,0.000,0.000,0.000,0.000
2025-12-03 15:50:47,mlx5_8,9.419,11.888,121.907,101.010
2025-12-03 15:50:47,mlx5_9,0.000,0.000,0.000,0.000
2025-12-03 15:50:47,TOTAL,35.253,44.389,486.076,398.952
2025-12-03 15:50:48,mlx5_0,0.000,0.000,0.000,0.000
2025-12-03 15:50:48,mlx5_1,0.000,0.000,119.572,95.388
2025-12-03 15:50:48,mlx5_2,0.000,0.000,0.000,0.000
2025-12-03 15:50:48,mlx5_3,0.000,0.000,122.208,101.553
2025-12-03 15:50:48,mlx5_4,0.000,0.000,0.000,0.000
2025-12-03 15:50:48,mlx5_5,0.000,0.000,122.389,101.000
2025-12-03 15:50:48,mlx5_6,0.000,0.000,0.000,0.000
2025-12-03 15:50:48,mlx5_7,0.000,0.000,0.000,0.000
2025-12-03 15:50:48,mlx5_8,0.000,0.000,121.907,101.010
2025-12-03 15:50:48,mlx5_9,0.000,0.000,0.000,0.000
2025-12-03 15:50:48,TOTAL,0.000,0.000,486.076,398.952
2025-12-03 15:50:49,mlx5_0,0.000,0.000,0.000,0.000
2025-12-03 15:50:49,mlx5_1,6.956,0.010,120.446,95.390
2025-12-03 15:50:49,mlx5_2,0.000,0.000,0.000,0.000
2025-12-03 15:50:49,mlx5_3,9.844,0.014,123.445,101.555
2025-12-03 15:50:49,mlx5_4,0.000,0.000,0.000,0.000
2025-12-03 15:50:49,mlx5_5,9.911,0.014,123.634,101.002
2025-12-03 15:50:49,mlx5_6,0.000,0.000,0.000,0.000
2025-12-03 15:50:49,mlx5_7,0.000,0.000,0.000,0.000
2025-12-03 15:50:49,mlx5_8,9.698,0.014,123.125,101.012
2025-12-03 15:50:49,mlx5_9,0.000,0.000,0.000,0.000
2025-12-03 15:50:49,TOTAL,36.409,0.052,490.651,398.959
2025-12-03 15:50:50,mlx5_0,0.000,0.000,0.000,0.000
2025-12-03 15:50:50,mlx5_1,0.000,0.000,120.446,95.390
2025-12-03 15:50:50,mlx5_2,0.000,0.000,0.000,0.000
2025-12-03 15:50:50,mlx5_3,0.000,0.000,123.445,101.555
2025-12-03 15:50:50,mlx5_4,0.000,0.000,0.000,0.000
2025-12-03 15:50:50,mlx5_5,0.000,0.000,123.634,101.002
2025-12-03 15:50:50,mlx5_6,0.000,0.000,0.000,0.000
2025-12-03 15:50:50,mlx5_7,0.000,0.000,0.000,0.000
2025-12-03 15:50:50,mlx5_8,0.000,0.000,123.125,101.012
2025-12-03 15:50:50,mlx5_9,0.000,0.000,0.000,0.000
2025-12-03 15:50:50,TOTAL,0.000,0.000,490.651,398.959
2025-12-03 15:50:51,mlx5_0,0.000,0.000,0.000,0.000
2025-12-03 15:50:51,mlx5_1,9.338,0.013,121.619,95.391
2025-12-03 15:50:51,mlx5_2,0.000,0.000,0.000,0.000
2025-12-03 15:50:51,mlx5_3,9.291,0.014,124.613,101.557
2025-12-03 15:50:51,mlx5_4,0.000,0.000,0.000,0.000
2025-12-03 15:50:51,mlx5_5,9.292,0.014,124.802,101.004
2025-12-03 15:50:51,mlx5_6,0.000,0.000,0.000,0.000
2025-12-03 15:50:51,mlx5_7,0.000,0.000,0.000,0.000
2025-12-03 15:50:51,mlx5_8,9.289,0.013,124.292,101.013
2025-12-03 15:50:51,mlx5_9,0.000,0.000,0.000,0.000
2025-12-03 15:50:51,TOTAL,37.211,0.053,495.326,398.965
2025-12-03 15:50:52,mlx5_0,0.000,0.000,0.000,0.000
2025-12-03 15:50:52,mlx5_1,1.874,0.003,121.855,95.392
2025-12-03 15:50:52,mlx5_2,0.000,0.000,0.000,0.000
2025-12-03 15:50:52,mlx5_3,1.871,0.003,124.848,101.557
2025-12-03 15:50:52,mlx5_4,0.000,0.000,0.000,0.000
2025-12-03 15:50:52,mlx5_5,1.909,0.003,125.042,101.004
2025-12-03 15:50:52,mlx5_6,0.000,0.000,0.000,0.000
2025-12-03 15:50:52,mlx5_7,0.000,0.000,0.000,0.000
2025-12-03 15:50:52,mlx5_8,1.969,0.003,124.540,101.014
2025-12-03 15:50:52,mlx5_9,0.000,0.000,0.000,0.000
2025-12-03 15:50:52,TOTAL,7.624,0.011,496.284,398.967
2025-12-03 15:50:53,mlx5_0,0.000,0.000,0.000,0.000
2025-12-03 15:50:53,mlx5_1,7.500,0.010,122.797,95.393
2025-12-03 15:50:53,mlx5_2,0.000,0.000,0.000,0.000
2025-12-03 15:50:53,mlx5_3,7.444,0.011,125.784,101.559
2025-12-03 15:50:53,mlx5_4,0.000,0.000,0.000,0.000
2025-12-03 15:50:53,mlx5_5,7.271,0.011,125.956,101.006
2025-12-03 15:50:53,mlx5_6,0.000,0.000,0.000,0.000
2025-12-03 15:50:53,mlx5_7,0.000,0.000,0.000,0.000
2025-12-03 15:50:53,mlx5_8,7.360,0.010,125.465,101.015
2025-12-03 15:50:53,mlx5_9,0.000,0.000,0.000,0.000
2025-12-03 15:50:53,TOTAL,29.576,0.042,500.002,398.972
2025-12-03 15:50:54,mlx5_0,0.000,0.000,0.000,0.000
2025-12-03 15:50:54,mlx5_1,0.000,0.000,122.797,95.393
2025-12-03 15:50:54,mlx5_2,0.000,0.000,0.000,0.000
2025-12-03 15:50:54,mlx5_3,0.000,0.000,125.784,101.559
2025-12-03 15:50:54,mlx5_4,0.000,0.000,0.000,0.000
2025-12-03 15:50:54,mlx5_5,0.000,0.000,125.956,101.006
2025-12-03 15:50:54,mlx5_6,0.000,0.000,0.000,0.000
2025-12-03 15:50:54,mlx5_7,0.000,0.000,0.000,0.000
2025-12-03 15:50:54,mlx5_8,0.000,0.000,125.465,101.015
2025-12-03 15:50:54,mlx5_9,0.000,0.000,0.000,0.000
2025-12-03 15:50:54,TOTAL,0.000,0.000,500.002,398.972
2025-12-03 15:50:55,mlx5_0,0.000,0.000,0.000,0.000
2025-12-03 15:50:55,mlx5_1,9.369,0.013,123.975,95.395
2025-12-03 15:50:55,mlx5_2,0.000,0.000,0.000,0.000
2025-12-03 15:50:55,mlx5_3,9.264,0.014,126.948,101.560
2025-12-03 15:50:55,mlx5_4,0.000,0.000,0.000,0.000
2025-12-03 15:50:55,mlx5_5,9.394,0.014,127.137,101.007
2025-12-03 15:50:55,mlx5_6,0.000,0.000,0.000,0.000
2025-12-03 15:50:55,mlx5_7,0.000,0.000,0.000,0.000
2025-12-03 15:50:55,mlx5_8,9.169,0.013,126.618,101.016
2025-12-03 15:50:55,mlx5_9,0.000,0.000,0.000,0.000
2025-12-03 15:50:55,TOTAL,37.196,0.054,504.677,398.979
2025-12-03 15:50:56,mlx5_0,0.000,0.000,0.000,0.000
2025-12-03 15:50:56,mlx5_1,0.000,0.000,123.975,95.395
2025-12-03 15:50:56,mlx5_2,0.000,0.000,0.000,0.000
2025-12-03 15:50:56,mlx5_3,0.000,0.000,126.948,101.560
2025-12-03 15:50:56,mlx5_4,0.000,0.000,0.000,0.000
2025-12-03 15:50:56,mlx5_5,0.000,0.000,127.137,101.007
2025-12-03 15:50:56,mlx5_6,0.000,0.000,0.000,0.000
2025-12-03 15:50:56,mlx5_7,0.000,0.000,0.000,0.000
2025-12-03 15:50:56,mlx5_8,0.000,0.000,126.618,101.016
2025-12-03 15:50:56,mlx5_9,0.000,0.000,0.000,0.000
2025-12-03 15:50:56,TOTAL,0.000,0.000,504.677,398.979
2025-12-03 15:50:57,mlx5_0,0.000,0.000,0.000,0.000
2025-12-03 15:50:57,mlx5_1,9.546,11.022,125.174,96.779
2025-12-03 15:50:57,mlx5_2,0.000,0.000,0.000,0.000
2025-12-03 15:50:57,mlx5_3,9.154,11.263,128.098,102.975
2025-12-03 15:50:57,mlx5_4,0.000,0.000,0.000,0.000
2025-12-03 15:50:57,mlx5_5,9.405,11.082,128.318,102.400
2025-12-03 15:50:57,mlx5_6,0.000,0.000,0.000,0.000
2025-12-03 15:50:57,mlx5_7,0.000,0.000,0.000,0.000
2025-12-03 15:50:57,mlx5_8,9.510,11.054,127.812,102.405
2025-12-03 15:50:57,mlx5_9,0.000,0.000,0.000,0.000
2025-12-03 15:50:57,TOTAL,37.614,44.421,509.402,404.559
2025-12-03 15:50:58,mlx5_0,0.000,0.000,0.000,0.000
2025-12-03 15:50:58,mlx5_1,0.000,0.000,125.174,96.779
2025-12-03 15:50:58,mlx5_2,0.000,0.000,0.000,0.000
2025-12-03 15:50:58,mlx5_3,0.000,0.000,128.098,102.975
2025-12-03 15:50:58,mlx5_4,0.000,0.000,0.000,0.000
2025-12-03 15:50:58,mlx5_5,0.000,0.000,128.318,102.400
2025-12-03 15:50:58,mlx5_6,0.000,0.000,0.000,0.000
2025-12-03 15:50:58,mlx5_7,0.000,0.000,0.000,0.000
2025-12-03 15:50:58,mlx5_8,0.000,0.000,127.812,102.405
2025-12-03 15:50:58,mlx5_9,0.000,0.000,0.000,0.000
2025-12-03 15:50:58,TOTAL,0.000,0.000,509.402,404.559
2025-12-03 15:50:59,mlx5_0,0.000,0.000,0.000,0.000
2025-12-03 15:50:59,mlx5_1,0.000,0.000,125.174,96.779
2025-12-03 15:50:59,mlx5_2,0.000,0.000,0.000,0.000
2025-12-03 15:50:59,mlx5_3,0.000,0.000,128.098,102.975
2025-12-03 15:50:59,mlx5_4,0.000,0.000,0.000,0.000
2025-12-03 15:50:59,mlx5_5,0.000,0.000,128.318,102.400
2025-12-03 15:50:59,mlx5_6,0.000,0.000,0.000,0.000
2025-12-03 15:50:59,mlx5_7,0.000,0.000,0.000,0.000
2025-12-03 15:50:59,mlx5_8,0.000,0.000,127.812,102.405
2025-12-03 15:50:59,mlx5_9,0.000,0.000,0.000,0.000
2025-12-03 15:50:59,TOTAL,0.000,0.000,509.402,404.559
2025-12-03 15:51:00,mlx5_0,0.000,0.000,0.000,0.000
2025-12-03 15:51:00,mlx5_1,9.815,0.014,126.407,96.781
2025-12-03 15:51:00,mlx5_2,0.000,0.000,0.000,0.000
2025-12-03 15:51:00,mlx5_3,9.607,0.014,129.305,102.977
2025-12-03 15:51:00,mlx5_4,0.000,0.000,0.000,0.000
2025-12-03 15:51:00,mlx5_5,9.774,0.014,129.546,102.401
2025-12-03 15:51:00,mlx5_6,0.000,0.000,0.000,0.000
2025-12-03 15:51:00,mlx5_7,0.000,0.000,0.000,0.000
2025-12-03 15:51:00,mlx5_8,9.554,0.014,129.012,102.407
2025-12-03 15:51:00,mlx5_9,0.000,0.000,0.000,0.000
2025-12-03 15:51:00,TOTAL,38.750,0.056,514.269,404.566
2025-12-03 15:51:01,mlx5_0,0.000,0.000,0.000,0.000
2025-12-03 15:51:01,mlx5_1,9.130,0.013,127.554,96.782
2025-12-03 15:51:01,mlx5_2,0.000,0.000,0.000,0.000
2025-12-03 15:51:01,mlx5_3,9.350,0.014,130.480,102.979
2025-12-03 15:51:01,mlx5_4,0.000,0.000,0.000,0.000
2025-12-03 15:51:01,mlx5_5,9.476,0.014,130.736,102.403
2025-12-03 15:51:01,mlx5_6,0.000,0.000,0.000,0.000
2025-12-03 15:51:01,mlx5_7,0.000,0.000,0.000,0.000
2025-12-03 15:51:01,mlx5_8,9.254,0.013,130.175,102.408
2025-12-03 15:51:01,mlx5_9,0.000,0.000,0.000,0.000
2025-12-03 15:51:01,TOTAL,37.209,0.053,518.945,404.572
2025-12-03 15:51:02,mlx5_0,0.000,0.000,0.000,0.000
2025-12-03 15:51:02,mlx5_1,0.000,0.000,127.554,96.782
2025-12-03 15:51:02,mlx5_2,0.000,0.000,0.000,0.000
2025-12-03 15:51:02,mlx5_3,0.000,0.000,130.480,102.979
2025-12-03 15:51:02,mlx5_4,0.000,0.000,0.000,0.000
2025-12-03 15:51:02,mlx5_5,0.000,0.000,130.736,102.403
2025-12-03 15:51:02,mlx5_6,0.000,0.000,0.000,0.000
2025-12-03 15:51:02,mlx5_7,0.000,0.000,0.000,0.000
2025-12-03 15:51:02,mlx5_8,0.000,0.000,130.175,102.408
2025-12-03 15:51:02,mlx5_9,0.000,0.000,0.000,0.000
2025-12-03 15:51:02,TOTAL,0.000,0.000,518.945,404.572
2025-12-03 15:51:03,mlx5_0,0.000,0.000,0.000,0.000
2025-12-03 15:51:03,mlx5_1,9.278,0.013,128.720,96.784
2025-12-03 15:51:03,mlx5_2,0.000,0.000,0.000,0.000
2025-12-03 15:51:03,mlx5_3,9.389,0.014,131.659,102.980
2025-12-03 15:51:03,mlx5_4,0.000,0.000,0.000,0.000
2025-12-03 15:51:03,mlx5_5,9.171,0.014,131.888,102.405
2025-12-03 15:51:03,mlx5_6,0.000,0.000,0.000,0.000
2025-12-03 15:51:03,mlx5_7,0.000,0.000,0.000,0.000
2025-12-03 15:51:03,mlx5_8,9.383,0.013,131.354,102.410
2025-12-03 15:51:03,mlx5_9,0.000,0.000,0.000,0.000
2025-12-03 15:51:03,TOTAL,37.221,0.054,523.620,404.579
2025-12-03 15:51:04,mlx5_0,0.000,0.000,0.000,0.000
2025-12-03 15:51:04,mlx5_1,0.000,0.000,128.720,96.784
2025-12-03 15:51:04,mlx5_2,0.000,0.000,0.000,0.000
2025-12-03 15:51:04,mlx5_3,0.000,0.000,131.659,102.980
2025-12-03 15:51:04,mlx5_4,0.000,0.000,0.000,0.000
2025-12-03 15:51:04,mlx5_5,0.000,0.000,131.888,102.405
2025-12-03 15:51:04,mlx5_6,0.000,0.000,0.000,0.000
2025-12-03 15:51:04,mlx5_7,0.000,0.000,0.000,0.000
2025-12-03 15:51:04,mlx5_8,0.000,0.000,131.354,102.410
2025-12-03 15:51:04,mlx5_9,0.000,0.000,0.000,0.000
2025-12-03 15:51:04,TOTAL,0.000,0.000,523.620,404.579
2025-12-03 15:51:05,mlx5_0,0.000,0.000,0.000,0.000
2025-12-03 15:51:05,mlx5_1,9.360,0.013,129.896,96.786
2025-12-03 15:51:05,mlx5_2,0.000,0.000,0.000,0.000
2025-12-03 15:51:05,mlx5_3,9.246,0.014,132.821,102.982
2025-12-03 15:51:05,mlx5_4,0.000,0.000,0.000,0.000
2025-12-03 15:51:05,mlx5_5,9.221,0.014,133.047,102.407
2025-12-03 15:51:05,mlx5_6,0.000,0.000,0.000,0.000
2025-12-03 15:51:05,mlx5_7,0.000,0.000,0.000,0.000
2025-12-03 15:51:05,mlx5_8,9.385,0.013,132.533,102.412
2025-12-03 15:51:05,mlx5_9,0.000,0.000,0.000,0.000
2025-12-03 15:51:05,TOTAL,37.212,0.054,528.296,404.586
2025-12-03 15:51:06,mlx5_0,0.000,0.000,0.000,0.000
2025-12-03 15:51:06,mlx5_1,0.000,0.000,129.896,96.786
2025-12-03 15:51:06,mlx5_2,0.000,0.000,0.000,0.000
2025-12-03 15:51:06,mlx5_3,0.000,0.000,132.821,102.982
2025-12-03 15:51:06,mlx5_4,0.000,0.000,0.000,0.000
2025-12-03 15:51:06,mlx5_5,0.000,0.000,133.047,102.407
2025-12-03 15:51:06,mlx5_6,0.000,0.000,0.000,0.000
2025-12-03 15:51:06,mlx5_7,0.000,0.000,0.000,0.000
2025-12-03 15:51:06,mlx5_8,0.000,0.000,132.533,102.412
2025-12-03 15:51:06,mlx5_9,0.000,0.000,0.000,0.000
2025-12-03 15:51:06,TOTAL,0.000,0.000,528.296,404.586
2025-12-03 15:51:07,mlx5_0,0.000,0.000,0.000,0.000
2025-12-03 15:51:07,mlx5_1,0.000,0.000,129.896,96.786
2025-12-03 15:51:07,mlx5_2,0.000,0.000,0.000,0.000
2025-12-03 15:51:07,mlx5_3,0.000,0.000,132.821,102.982
2025-12-03 15:51:07,mlx5_4,0.000,0.000,0.000,0.000
2025-12-03 15:51:07,mlx5_5,0.000,0.000,133.047,102.407
2025-12-03 15:51:07,mlx5_6,0.000,0.000,0.000,0.000
2025-12-03 15:51:07,mlx5_7,0.000,0.000,0.000,0.000
2025-12-03 15:51:07,mlx5_8,0.000,0.000,132.533,102.412
2025-12-03 15:51:07,mlx5_9,0.000,0.000,0.000,0.000
2025-12-03 15:51:07,TOTAL,0.000,0.000,528.296,404.586
2025-12-03 15:51:08,mlx5_0,0.000,0.000,0.000,0.000
2025-12-03 15:51:08,mlx5_1,9.410,11.073,131.077,98.176
2025-12-03 15:51:08,mlx5_2,0.000,0.000,0.000,0.000
2025-12-03 15:51:08,mlx5_3,9.474,11.074,134.010,104.372
2025-12-03 15:51:08,mlx5_4,0.000,0.000,0.000,0.000
2025-12-03 15:51:08,mlx5_5,9.243,11.293,134.207,103.824
2025-12-03 15:51:08,mlx5_6,0.000,0.000,0.000,0.000
2025-12-03 15:51:08,mlx5_7,0.000,0.000,0.000,0.000
2025-12-03 15:51:08,mlx5_8,9.201,11.019,133.688,103.795
2025-12-03 15:51:08,mlx5_9,0.000,0.000,0.000,0.000
2025-12-03 15:51:08,TOTAL,37.327,44.459,532.981,410.167
2025-12-03 15:51:09,mlx5_0,0.000,0.000,0.000,0.000
2025-12-03 15:51:09,mlx5_1,0.000,0.000,131.077,98.176
2025-12-03 15:51:09,mlx5_2,0.000,0.000,0.000,0.000
2025-12-03 15:51:09,mlx5_3,0.000,0.000,134.010,104.372
2025-12-03 15:51:09,mlx5_4,0.000,0.000,0.000,0.000
2025-12-03 15:51:09,mlx5_5,0.000,0.000,134.207,103.824
2025-12-03 15:51:09,mlx5_6,0.000,0.000,0.000,0.000
2025-12-03 15:51:09,mlx5_7,0.000,0.000,0.000,0.000
2025-12-03 15:51:09,mlx5_8,0.000,0.000,133.688,103.795
2025-12-03 15:51:09,mlx5_9,0.000,0.000,0.000,0.000
2025-12-03 15:51:09,TOTAL,0.000,0.000,532.981,410.167
2025-12-03 15:51:10,mlx5_0,0.000,0.000,0.000,0.000
2025-12-03 15:51:10,mlx5_1,9.119,0.013,132.222,98.177
2025-12-03 15:51:10,mlx5_2,0.000,0.000,0.000,0.000
2025-12-03 15:51:10,mlx5_3,9.152,0.014,135.159,104.374
2025-12-03 15:51:10,mlx5_4,0.000,0.000,0.000,0.000
2025-12-03 15:51:10,mlx5_5,9.146,0.014,135.356,103.826
2025-12-03 15:51:10,mlx5_6,0.000,0.000,0.000,0.000
2025-12-03 15:51:10,mlx5_7,0.000,0.000,0.000,0.000
2025-12-03 15:51:10,mlx5_8,9.005,0.013,134.819,103.796
2025-12-03 15:51:10,mlx5_9,0.000,0.000,0.000,0.000
2025-12-03 15:51:10,TOTAL,36.422,0.053,537.556,410.173
2025-12-03 15:51:11,mlx5_0,0.000,0.000,0.000,0.000
2025-12-03 15:51:11,mlx5_1,0.100,0.000,132.235,98.177
2025-12-03 15:51:11,mlx5_2,0.000,0.000,0.000,0.000
2025-12-03 15:51:11,mlx5_3,0.132,0.000,135.176,104.374
2025-12-03 15:51:11,mlx5_4,0.000,0.000,0.000,0.000
2025-12-03 15:51:11,mlx5_5,0.107,0.000,135.369,103.826
2025-12-03 15:51:11,mlx5_6,0.000,0.000,0.000,0.000
2025-12-03 15:51:11,mlx5_7,0.000,0.000,0.000,0.000
2025-12-03 15:51:11,mlx5_8,0.156,0.000,134.839,103.796
2025-12-03 15:51:11,mlx5_9,0.000,0.000,0.000,0.000
2025-12-03 15:51:11,TOTAL,0.495,0.001,537.619,410.173
2025-12-03 15:51:12,mlx5_0,0.000,0.000,0.000,0.000
2025-12-03 15:51:12,mlx5_1,9.219,0.012,133.393,98.179
2025-12-03 15:51:12,mlx5_2,0.000,0.000,0.000,0.000
2025-12-03 15:51:12,mlx5_3,9.230,0.014,136.336,104.376
2025-12-03 15:51:12,mlx5_4,0.000,0.000,0.000,0.000
2025-12-03 15:51:12,mlx5_5,9.232,0.014,136.530,103.828
2025-12-03 15:51:12,mlx5_6,0.000,0.000,0.000,0.000
2025-12-03 15:51:12,mlx5_7,0.000,0.000,0.000,0.000
2025-12-03 15:51:12,mlx5_8,9.028,0.013,135.973,103.798
2025-12-03 15:51:12,mlx5_9,0.000,0.000,0.000,0.000
2025-12-03 15:51:12,TOTAL,36.708,0.052,542.232,410.180
2025-12-03 15:51:13,mlx5_0,0.000,0.000,0.000,0.000
2025-12-03 15:51:13,mlx5_1,8.468,0.012,134.457,98.180
2025-12-03 15:51:13,mlx5_2,0.000,0.000,0.000,0.000
2025-12-03 15:51:13,mlx5_3,8.332,0.012,137.383,104.377
2025-12-03 15:51:13,mlx5_4,0.000,0.000,0.000,0.000
2025-12-03 15:51:13,mlx5_5,8.359,0.012,137.580,103.829
2025-12-03 15:51:13,mlx5_6,0.000,0.000,0.000,0.000
2025-12-03 15:51:13,mlx5_7,0.000,0.000,0.000,0.000
2025-12-03 15:51:13,mlx5_8,8.422,0.012,137.031,103.799
2025-12-03 15:51:13,mlx5_9,0.000,0.000,0.000,0.000
2025-12-03 15:51:13,TOTAL,33.580,0.047,546.451,410.186
2025-12-03 15:51:14,mlx5_0,0.000,0.000,0.000,0.000
2025-12-03 15:51:14,mlx5_1,0.935,0.001,134.575,98.180
2025-12-03 15:51:14,mlx5_2,0.000,0.000,0.000,0.000
2025-12-03 15:51:14,mlx5_3,0.882,0.001,137.493,104.377
2025-12-03 15:51:14,mlx5_4,0.000,0.000,0.000,0.000
2025-12-03 15:51:14,mlx5_5,0.918,0.001,137.695,103.829
2025-12-03 15:51:14,mlx5_6,0.000,0.000,0.000,0.000
2025-12-03 15:51:14,mlx5_7,0.000,0.000,0.000,0.000
2025-12-03 15:51:14,mlx5_8,0.899,0.001,137.144,103.800
2025-12-03 15:51:14,mlx5_9,0.000,0.000,0.000,0.000
2025-12-03 15:51:14,TOTAL,3.634,0.005,546.907,410.186
2025-12-03 15:51:15,mlx5_0,0.000,0.000,0.000,0.000
2025-12-03 15:51:15,mlx5_1,3.755,0.005,135.047,98.181
2025-12-03 15:51:15,mlx5_2,0.000,0.000,0.000,0.000
2025-12-03 15:51:15,mlx5_3,3.897,0.005,137.983,104.378
2025-12-03 15:51:15,mlx5_4,0.000,0.000,0.000,0.000
2025-12-03 15:51:15,mlx5_5,3.824,0.005,138.175,103.830
2025-12-03 15:51:15,mlx5_6,0.000,0.000,0.000,0.000
2025-12-03 15:51:15,mlx5_7,0.000,0.000,0.000,0.000
2025-12-03 15:51:15,mlx5_8,3.820,0.005,137.624,103.800
2025-12-03 15:51:15,mlx5_9,0.000,0.000,0.000,0.000
2025-12-03 15:51:15,TOTAL,15.296,0.021,548.829,410.189
2025-12-03 15:51:16,mlx5_0,0.000,0.000,0.000,0.000
2025-12-03 15:51:16,mlx5_1,5.452,0.008,135.732,98.182
2025-12-03 15:51:16,mlx5_2,0.000,0.000,0.000,0.000
2025-12-03 15:51:16,mlx5_3,5.490,0.008,138.673,104.379
2025-12-03 15:51:16,mlx5_4,0.000,0.000,0.000,0.000
2025-12-03 15:51:16,mlx5_5,5.478,0.008,138.864,103.831
2025-12-03 15:51:16,mlx5_6,0.000,0.000,0.000,0.000
2025-12-03 15:51:16,mlx5_7,0.000,0.000,0.000,0.000
2025-12-03 15:51:16,mlx5_8,5.497,0.008,138.315,103.801
2025-12-03 15:51:16,mlx5_9,0.000,0.000,0.000,0.000
2025-12-03 15:51:16,TOTAL,21.918,0.032,551.583,410.193
2025-12-03 15:51:17,mlx5_0,0.000,0.000,0.000,0.000
2025-12-03 15:51:17,mlx5_1,0.000,0.000,135.732,98.182
2025-12-03 15:51:17,mlx5_2,0.000,0.000,0.000,0.000
2025-12-03 15:51:17,mlx5_3,0.000,0.000,138.673,104.379
2025-12-03 15:51:17,mlx5_4,0.000,0.000,0.000,0.000
2025-12-03 15:51:17,mlx5_5,0.000,0.000,138.864,103.831
2025-12-03 15:51:17,mlx5_6,0.000,0.000,0.000,0.000
2025-12-03 15:51:17,mlx5_7,0.000,0.000,0.000,0.000
2025-12-03 15:51:17,mlx5_8,0.000,0.000,138.315,103.801
2025-12-03 15:51:17,mlx5_9,0.000,0.000,0.000,0.000
2025-12-03 15:51:17,TOTAL,0.000,0.000,551.583,410.193
2025-12-03 15:51:18,mlx5_0,0.000,0.000,0.000,0.000
2025-12-03 15:51:18,mlx5_1,9.472,11.180,136.922,99.587
2025-12-03 15:51:18,mlx5_2,0.000,0.000,0.000,0.000
2025-12-03 15:51:18,mlx5_3,9.398,11.139,139.854,105.779
2025-12-03 15:51:18,mlx5_4,0.000,0.000,0.000,0.000
2025-12-03 15:51:18,mlx5_5,9.314,11.173,140.034,105.235
2025-12-03 15:51:18,mlx5_6,0.000,0.000,0.000,0.000
2025-12-03 15:51:18,mlx5_7,0.000,0.000,0.000,0.000
2025-12-03 15:51:18,mlx5_8,9.097,10.927,139.458,105.174
2025-12-03 15:51:18,mlx5_9,0.000,0.000,0.000,0.000
2025-12-03 15:51:18,TOTAL,37.281,44.420,556.267,415.775
2025-12-03 15:51:19,mlx5_0,0.000,0.000,0.000,0.000
2025-12-03 15:51:19,mlx5_1,0.000,0.000,136.922,99.587
2025-12-03 15:51:19,mlx5_2,0.000,0.000,0.000,0.000
2025-12-03 15:51:19,mlx5_3,0.000,0.000,139.854,105.779
2025-12-03 15:51:19,mlx5_4,0.000,0.000,0.000,0.000
2025-12-03 15:51:19,mlx5_5,0.000,0.000,140.034,105.235
2025-12-03 15:51:19,mlx5_6,0.000,0.000,0.000,0.000
2025-12-03 15:51:19,mlx5_7,0.000,0.000,0.000,0.000
2025-12-03 15:51:19,mlx5_8,0.000,0.000,139.458,105.174
2025-12-03 15:51:19,mlx5_9,0.000,0.000,0.000,0.000
2025-12-03 15:51:19,TOTAL,0.000,0.000,556.267,415.775
2025-12-03 15:51:20,mlx5_0,0.000,0.000,0.000,0.000
2025-12-03 15:51:20,mlx5_1,5.879,0.008,137.661,99.588
2025-12-03 15:51:20,mlx5_2,0.000,0.000,0.000,0.000
2025-12-03 15:51:20,mlx5_3,5.860,0.008,140.590,105.780
2025-12-03 15:51:20,mlx5_4,0.000,0.000,0.000,0.000
2025-12-03 15:51:20,mlx5_5,5.909,0.008,140.777,105.236
2025-12-03 15:51:20,mlx5_6,0.000,0.000,0.000,0.000
2025-12-03 15:51:20,mlx5_7,0.000,0.000,0.000,0.000
2025-12-03 15:51:20,mlx5_8,5.895,0.008,140.199,105.175
2025-12-03 15:51:20,mlx5_9,0.000,0.000,0.000,0.000
2025-12-03 15:51:20,TOTAL,23.543,0.033,559.226,415.779
2025-12-03 15:51:21,mlx5_0,0.000,0.000,0.000,0.000
2025-12-03 15:51:21,mlx5_1,3.233,0.005,138.066,99.589
2025-12-03 15:51:21,mlx5_2,0.000,0.000,0.000,0.000
2025-12-03 15:51:21,mlx5_3,3.209,0.005,140.993,105.780
2025-12-03 15:51:21,mlx5_4,0.000,0.000,0.000,0.000
2025-12-03 15:51:21,mlx5_5,3.199,0.005,141.178,105.237
2025-12-03 15:51:21,mlx5_6,0.000,0.000,0.000,0.000
2025-12-03 15:51:21,mlx5_7,0.000,0.000,0.000,0.000
2025-12-03 15:51:21,mlx5_8,3.241,0.005,140.605,105.176
2025-12-03 15:51:21,mlx5_9,0.000,0.000,0.000,0.000
2025-12-03 15:51:21,TOTAL,12.881,0.020,560.843,415.782
2025-12-03 15:51:22,mlx5_0,0.000,0.000,0.000,0.000
2025-12-03 15:51:22,mlx5_1,9.325,0.013,139.237,99.590
2025-12-03 15:51:22,mlx5_2,0.000,0.000,0.000,0.000
2025-12-03 15:51:22,mlx5_3,9.266,0.014,142.156,105.782
2025-12-03 15:51:22,mlx5_4,0.000,0.000,0.000,0.000
2025-12-03 15:51:22,mlx5_5,9.284,0.013,142.344,105.238
2025-12-03 15:51:22,mlx5_6,0.000,0.000,0.000,0.000
2025-12-03 15:51:22,mlx5_7,0.000,0.000,0.000,0.000
2025-12-03 15:51:22,mlx5_8,9.366,0.013,141.781,105.178
2025-12-03 15:51:22,mlx5_9,0.000,0.000,0.000,0.000
2025-12-03 15:51:22,TOTAL,37.241,0.053,565.518,415.788
2025-12-03 15:51:23,mlx5_0,0.000,0.000,0.000,0.000
2025-12-03 15:51:23,mlx5_1,0.000,0.000,139.237,99.590
2025-12-03 15:51:23,mlx5_2,0.000,0.000,0.000,0.000
2025-12-03 15:51:23,mlx5_3,0.000,0.000,142.156,105.782
2025-12-03 15:51:23,mlx5_4,0.000,0.000,0.000,0.000
2025-12-03 15:51:23,mlx5_5,0.000,0.000,142.344,105.238
2025-12-03 15:51:23,mlx5_6,0.000,0.000,0.000,0.000
2025-12-03 15:51:23,mlx5_7,0.000,0.000,0.000,0.000
2025-12-03 15:51:23,mlx5_8,0.000,0.000,141.781,105.178
2025-12-03 15:51:23,mlx5_9,0.000,0.000,0.000,0.000
2025-12-03 15:51:23,TOTAL,0.000,0.000,565.518,415.788
2025-12-03 15:51:24,mlx5_0,0.000,0.000,0.000,0.000
2025-12-03 15:51:24,mlx5_1,9.286,0.013,140.403,99.592
2025-12-03 15:51:24,mlx5_2,0.000,0.000,0.000,0.000
2025-12-03 15:51:24,mlx5_3,9.246,0.014,143.317,105.784
2025-12-03 15:51:24,mlx5_4,0.000,0.000,0.000,0.000
2025-12-03 15:51:24,mlx5_5,9.439,0.014,143.529,105.240
2025-12-03 15:51:24,mlx5_6,0.000,0.000,0.000,0.000
2025-12-03 15:51:24,mlx5_7,0.000,0.000,0.000,0.000
2025-12-03 15:51:24,mlx5_8,9.254,0.013,142.944,105.179
2025-12-03 15:51:24,mlx5_9,0.000,0.000,0.000,0.000
2025-12-03 15:51:24,TOTAL,37.224,0.053,570.194,415.795
2025-12-03 15:51:25,mlx5_0,0.000,0.000,0.000,0.000
2025-12-03 15:51:25,mlx5_1,0.000,0.000,140.403,99.592
2025-12-03 15:51:25,mlx5_2,0.000,0.000,0.000,0.000
2025-12-03 15:51:25,mlx5_3,0.000,0.000,143.317,105.784
2025-12-03 15:51:25,mlx5_4,0.000,0.000,0.000,0.000
2025-12-03 15:51:25,mlx5_5,0.000,0.000,143.529,105.240
2025-12-03 15:51:25,mlx5_6,0.000,0.000,0.000,0.000
2025-12-03 15:51:25,mlx5_7,0.000,0.000,0.000,0.000
2025-12-03 15:51:25,mlx5_8,0.000,0.000,142.944,105.179
2025-12-03 15:51:25,mlx5_9,0.000,0.000,0.000,0.000
2025-12-03 15:51:25,TOTAL,0.000,0.000,570.194,415.795
2025-12-03 15:51:26,mlx5_0,0.000,0.000,0.000,0.000
2025-12-03 15:51:26,mlx5_1,9.401,0.013,141.585,99.593
2025-12-03 15:51:26,mlx5_2,0.000,0.000,0.000,0.000
2025-12-03 15:51:26,mlx5_3,9.317,0.014,144.488,105.786
2025-12-03 15:51:26,mlx5_4,0.000,0.000,0.000,0.000
2025-12-03 15:51:26,mlx5_5,9.218,0.013,144.687,105.242
2025-12-03 15:51:26,mlx5_6,0.000,0.000,0.000,0.000
2025-12-03 15:51:26,mlx5_7,0.000,0.000,0.000,0.000
2025-12-03 15:51:26,mlx5_8,9.279,0.013,144.109,105.181
2025-12-03 15:51:26,mlx5_9,0.000,0.000,0.000,0.000
2025-12-03 15:51:26,TOTAL,37.215,0.053,574.869,415.802
2025-12-03 15:51:27,mlx5_0,0.000,0.000,0.000,0.000
2025-12-03 15:51:27,mlx5_1,0.000,0.000,141.585,99.593
2025-12-03 15:51:27,mlx5_2,0.000,0.000,0.000,0.000
2025-12-03 15:51:27,mlx5_3,0.000,0.000,144.488,105.786
2025-12-03 15:51:27,mlx5_4,0.000,0.000,0.000,0.000
2025-12-03 15:51:27,mlx5_5,0.000,0.000,144.687,105.242
2025-12-03 15:51:27,mlx5_6,0.000,0.000,0.000,0.000
2025-12-03 15:51:27,mlx5_7,0.000,0.000,0.000,0.000
2025-12-03 15:51:27,mlx5_8,0.000,0.000,144.109,105.181
2025-12-03 15:51:27,mlx5_9,0.000,0.000,0.000,0.000
2025-12-03 15:51:27,TOTAL,0.000,0.000,574.869,415.802
2025-12-03 15:51:28,mlx5_0,0.000,0.000,0.000,0.000
2025-12-03 15:51:28,mlx5_1,0.000,0.000,141.585,99.593
2025-12-03 15:51:28,mlx5_2,0.000,0.000,0.000,0.000
2025-12-03 15:51:28,mlx5_3,0.000,0.000,144.488,105.786
2025-12-03 15:51:28,mlx5_4,0.000,0.000,0.000,0.000
2025-12-03 15:51:28,mlx5_5,0.000,0.000,144.687,105.242
2025-12-03 15:51:28,mlx5_6,0.000,0.000,0.000,0.000
2025-12-03 15:51:28,mlx5_7,0.000,0.000,0.000,0.000
2025-12-03 15:51:28,mlx5_8,0.000,0.000,144.109,105.181
2025-12-03 15:51:28,mlx5_9,0.000,0.000,0.000,0.000
2025-12-03 15:51:28,TOTAL,0.000,0.000,574.869,415.802
2025-12-03 15:51:29,mlx5_0,0.000,0.000,0.000,0.000
2025-12-03 15:51:29,mlx5_1,9.338,0.013,142.758,99.595
2025-12-03 15:51:29,mlx5_2,0.000,0.000,0.000,0.000
2025-12-03 15:51:29,mlx5_3,9.362,0.014,145.664,105.787
2025-12-03 15:51:29,mlx5_4,0.000,0.000,0.000,0.000
2025-12-03 15:51:29,mlx5_5,9.379,0.014,145.866,105.244
2025-12-03 15:51:29,mlx5_6,0.000,0.000,0.000,0.000
2025-12-03 15:51:29,mlx5_7,0.000,0.000,0.000,0.000
2025-12-03 15:51:29,mlx5_8,9.140,0.013,145.257,105.183
2025-12-03 15:51:29,mlx5_9,0.000,0.000,0.000,0.000
2025-12-03 15:51:29,TOTAL,37.219,0.054,579.544,415.809
2025-12-03 15:51:30,mlx5_0,0.000,0.000,0.000,0.000
2025-12-03 15:51:30,mlx5_1,4.445,0.006,143.316,99.596
2025-12-03 15:51:30,mlx5_2,0.000,0.000,0.000,0.000
2025-12-03 15:51:30,mlx5_3,4.453,0.007,146.223,105.788
2025-12-03 15:51:30,mlx5_4,0.000,0.000,0.000,0.000
2025-12-03 15:51:30,mlx5_5,4.405,0.006,146.419,105.244
2025-12-03 15:51:30,mlx5_6,0.000,0.000,0.000,0.000
2025-12-03 15:51:30,mlx5_7,0.000,0.000,0.000,0.000
2025-12-03 15:51:30,mlx5_8,4.504,0.006,145.823,105.183
2025-12-03 15:51:30,mlx5_9,0.000,0.000,0.000,0.000
2025-12-03 15:51:30,TOTAL,17.807,0.026,581.782,415.812
2025-12-03 15:51:31,mlx5_0,0.000,0.000,0.000,0.000
2025-12-03 15:51:31,mlx5_1,0.000,0.000,143.316,99.596
2025-12-03 15:51:31,mlx5_2,0.000,0.000,0.000,0.000
2025-12-03 15:51:31,mlx5_3,0.000,0.000,146.223,105.788
2025-12-03 15:51:31,mlx5_4,0.000,0.000,0.000,0.000
2025-12-03 15:51:31,mlx5_5,0.000,0.000,146.419,105.244
2025-12-03 15:51:31,mlx5_6,0.000,0.000,0.000,0.000
2025-12-03 15:51:31,mlx5_7,0.000,0.000,0.000,0.000
2025-12-03 15:51:31,mlx5_8,0.000,0.000,145.823,105.183
2025-12-03 15:51:31,mlx5_9,0.000,0.000,0.000,0.000
2025-12-03 15:51:31,TOTAL,0.000,0.000,581.782,415.812
2025-12-03 15:51:32,mlx5_0,0.000,0.000,0.000,0.000
2025-12-03 15:51:32,mlx5_1,0.000,0.000,143.316,99.596
2025-12-03 15:51:32,mlx5_2,0.000,0.000,0.000,0.000
2025-12-03 15:51:32,mlx5_3,0.000,0.000,146.223,105.788
2025-12-03 15:51:32,mlx5_4,0.000,0.000,0.000,0.000
2025-12-03 15:51:32,mlx5_5,0.000,0.000,146.419,105.244
2025-12-03 15:51:32,mlx5_6,0.000,0.000,0.000,0.000
2025-12-03 15:51:32,mlx5_7,0.000,0.000,0.000,0.000
2025-12-03 15:51:32,mlx5_8,0.000,0.000,145.823,105.183
2025-12-03 15:51:32,mlx5_9,0.000,0.000,0.000,0.000
2025-12-03 15:51:32,TOTAL,0.000,0.000,581.782,415.812
2025-12-03 15:51:33,mlx5_0,0.000,0.000,0.000,0.000
2025-12-03 15:51:33,mlx5_1,0.000,0.000,143.316,99.596
2025-12-03 15:51:33,mlx5_2,0.000,0.000,0.000,0.000
2025-12-03 15:51:33,mlx5_3,0.000,0.000,146.223,105.788
2025-12-03 15:51:33,mlx5_4,0.000,0.000,0.000,0.000
2025-12-03 15:51:33,mlx5_5,0.000,0.000,146.419,105.244
2025-12-03 15:51:33,mlx5_6,0.000,0.000,0.000,0.000
2025-12-03 15:51:33,mlx5_7,0.000,0.000,0.000,0.000
2025-12-03 15:51:33,mlx5_8,0.000,0.000,145.823,105.183
2025-12-03 15:51:33,mlx5_9,0.000,0.000,0.000,0.000
2025-12-03 15:51:33,TOTAL,0.000,0.000,581.782,415.812
2025-12-03 15:51:34,mlx5_0,0.000,0.000,0.000,0.000
2025-12-03 15:51:34,mlx5_1,0.000,0.000,143.316,99.596
2025-12-03 15:51:34,mlx5_2,0.000,0.000,0.000,0.000
2025-12-03 15:51:34,mlx5_3,0.000,0.000,146.223,105.788
2025-12-03 15:51:34,mlx5_4,0.000,0.000,0.000,0.000
2025-12-03 15:51:34,mlx5_5,0.000,0.000,146.419,105.244
2025-12-03 15:51:34,mlx5_6,0.000,0.000,0.000,0.000
2025-12-03 15:51:34,mlx5_7,0.000,0.000,0.000,0.000
2025-12-03 15:51:34,mlx5_8,0.000,0.000,145.823,105.183
2025-12-03 15:51:34,mlx5_9,0.000,0.000,0.000,0.000
2025-12-03 15:51:34,TOTAL,0.000,0.000,581.782,415.812
2025-12-03 15:51:35,mlx5_0,0.000,0.000,0.000,0.000
2025-12-03 15:51:35,mlx5_1,0.000,0.000,143.316,99.596
2025-12-03 15:51:35,mlx5_2,0.000,0.000,0.000,0.000
2025-12-03 15:51:35,mlx5_3,0.000,0.000,146.223,105.788
2025-12-03 15:51:35,mlx5_4,0.000,0.000,0.000,0.000
2025-12-03 15:51:35,mlx5_5,0.000,0.000,146.419,105.244
2025-12-03 15:51:35,mlx5_6,0.000,0.000,0.000,0.000
2025-12-03 15:51:35,mlx5_7,0.000,0.000,0.000,0.000
2025-12-03 15:51:35,mlx5_8,0.000,0.000,145.823,105.183
2025-12-03 15:51:35,mlx5_9,0.000,0.000,0.000,0.000
2025-12-03 15:51:35,TOTAL,0.000,0.000,581.782,415.812
2025-12-03 15:51:36,mlx5_0,0.000,0.000,0.000,0.000
2025-12-03 15:51:36,mlx5_1,0.000,0.000,143.316,99.596
2025-12-03 15:51:36,mlx5_2,0.000,0.000,0.000,0.000
2025-12-03 15:51:36,mlx5_3,0.000,0.000,146.223,105.788
2025-12-03 15:51:36,mlx5_4,0.000,0.000,0.000,0.000
2025-12-03 15:51:36,mlx5_5,0.000,0.000,146.419,105.244
2025-12-03 15:51:36,mlx5_6,0.000,0.000,0.000,0.000
2025-12-03 15:51:36,mlx5_7,0.000,0.000,0.000,0.000
2025-12-03 15:51:36,mlx5_8,0.000,0.000,145.823,105.183
2025-12-03 15:51:36,mlx5_9,0.000,0.000,0.000,0.000
2025-12-03 15:51:36,TOTAL,0.000,0.000,581.782,415.812
2025-12-03 15:51:37,mlx5_0,0.000,0.000,0.000,0.000
2025-12-03 15:51:37,mlx5_1,0.000,0.000,143.316,99.596
2025-12-03 15:51:37,mlx5_2,0.000,0.000,0.000,0.000
2025-12-03 15:51:37,mlx5_3,0.000,0.000,146.223,105.788
2025-12-03 15:51:37,mlx5_4,0.000,0.000,0.000,0.000
2025-12-03 15:51:37,mlx5_5,0.000,0.000,146.419,105.244
2025-12-03 15:51:37,mlx5_6,0.000,0.000,0.000,0.000
2025-12-03 15:51:37,mlx5_7,0.000,0.000,0.000,0.000
2025-12-03 15:51:37,mlx5_8,0.000,0.000,145.823,105.183
2025-12-03 15:51:37,mlx5_9,0.000,0.000,0.000,0.000
2025-12-03 15:51:37,TOTAL,0.000,0.000,581.782,415.812
2025-12-03 15:51:38,mlx5_0,0.000,0.000,0.000,0.000
2025-12-03 15:51:38,mlx5_1,0.000,0.000,143.316,99.596
2025-12-03 15:51:38,mlx5_2,0.000,0.000,0.000,0.000
2025-12-03 15:51:38,mlx5_3,0.000,0.000,146.223,105.788
2025-12-03 15:51:38,mlx5_4,0.000,0.000,0.000,0.000
2025-12-03 15:51:38,mlx5_5,0.000,0.000,146.419,105.244
2025-12-03 15:51:38,mlx5_6,0.000,0.000,0.000,0.000
2025-12-03 15:51:38,mlx5_7,0.000,0.000,0.000,0.000
2025-12-03 15:51:38,mlx5_8,0.000,0.000,145.823,105.183
2025-12-03 15:51:38,mlx5_9,0.000,0.000,0.000,0.000
2025-12-03 15:51:38,TOTAL,0.000,0.000,581.782,415.812
2025-12-03 15:51:39,mlx5_0,0.000,0.000,0.000,0.000
2025-12-03 15:51:39,mlx5_1,0.000,0.000,143.316,99.596
2025-12-03 15:51:39,mlx5_2,0.000,0.000,0.000,0.000
2025-12-03 15:51:39,mlx5_3,0.000,0.000,146.223,105.788
2025-12-03 15:51:39,mlx5_4,0.000,0.000,0.000,0.000
2025-12-03 15:51:39,mlx5_5,0.000,0.000,146.419,105.244
2025-12-03 15:51:39,mlx5_6,0.000,0.000,0.000,0.000
2025-12-03 15:51:39,mlx5_7,0.000,0.000,0.000,0.000
2025-12-03 15:51:39,mlx5_8,0.000,0.000,145.823,105.183
2025-12-03 15:51:39,mlx5_9,0.000,0.000,0.000,0.000
2025-12-03 15:51:39,TOTAL,0.000,0.000,581.782,415.812
2025-12-03 15:51:40,mlx5_0,0.000,0.000,0.000,0.000
2025-12-03 15:51:40,mlx5_1,0.000,0.000,143.316,99.596
2025-12-03 15:51:40,mlx5_2,0.000,0.000,0.000,0.000
2025-12-03 15:51:40,mlx5_3,0.000,0.000,146.223,105.788
2025-12-03 15:51:40,mlx5_4,0.000,0.000,0.000,0.000
2025-12-03 15:51:40,mlx5_5,0.000,0.000,146.419,105.244
2025-12-03 15:51:40,mlx5_6,0.000,0.000,0.000,0.000
2025-12-03 15:51:40,mlx5_7,0.000,0.000,0.000,0.000
2025-12-03 15:51:40,mlx5_8,0.000,0.000,145.823,105.183
2025-12-03 15:51:40,mlx5_9,0.000,0.000,0.000,0.000
2025-12-03 15:51:40,TOTAL,0.000,0.000,581.782,415.812
2025-12-03 15:51:41,mlx5_0,0.000,0.000,0.000,0.000
2025-12-03 15:51:41,mlx5_1,0.000,0.000,143.316,99.596
2025-12-03 15:51:41,mlx5_2,0.000,0.000,0.000,0.000
2025-12-03 15:51:41,mlx5_3,0.000,0.000,146.223,105.788
2025-12-03 15:51:41,mlx5_4,0.000,0.000,0.000,0.000
2025-12-03 15:51:41,mlx5_5,0.000,0.000,146.419,105.244
2025-12-03 15:51:41,mlx5_6,0.000,0.000,0.000,0.000
2025-12-03 15:51:41,mlx5_7,0.000,0.000,0.000,0.000
2025-12-03 15:51:41,mlx5_8,0.000,0.000,145.823,105.183
2025-12-03 15:51:41,mlx5_9,0.000,0.000,0.000,0.000
2025-12-03 15:51:41,TOTAL,0.000,0.000,581.782,415.812
2025-12-03 15:51:42,mlx5_0,0.000,0.000,0.000,0.000
2025-12-03 15:51:42,mlx5_1,0.000,0.000,143.316,99.596
2025-12-03 15:51:42,mlx5_2,0.000,0.000,0.000,0.000
2025-12-03 15:51:42,mlx5_3,0.000,0.000,146.223,105.788
2025-12-03 15:51:42,mlx5_4,0.000,0.000,0.000,0.000
2025-12-03 15:51:42,mlx5_5,0.000,0.000,146.419,105.244
2025-12-03 15:51:42,mlx5_6,0.000,0.000,0.000,0.000
2025-12-03 15:51:42,mlx5_7,0.000,0.000,0.000,0.000
2025-12-03 15:51:42,mlx5_8,0.000,0.000,145.823,105.183
2025-12-03 15:51:42,mlx5_9,0.000,0.000,0.000,0.000
2025-12-03 15:51:42,TOTAL,0.000,0.000,581.782,415.812
2025-12-03 15:51:43,mlx5_0,0.000,0.000,0.000,0.000
2025-12-03 15:51:43,mlx5_1,0.000,0.000,143.316,99.596
2025-12-03 15:51:43,mlx5_2,0.000,0.000,0.000,0.000
2025-12-03 15:51:43,mlx5_3,0.000,0.000,146.223,105.788
2025-12-03 15:51:43,mlx5_4,0.000,0.000,0.000,0.000
2025-12-03 15:51:43,mlx5_5,0.000,0.000,146.419,105.244
2025-12-03 15:51:43,mlx5_6,0.000,0.000,0.000,0.000
2025-12-03 15:51:43,mlx5_7,0.000,0.000,0.000,0.000
2025-12-03 15:51:43,mlx5_8,0.000,0.000,145.823,105.183
2025-12-03 15:51:43,mlx5_9,0.000,0.000,0.000,0.000
2025-12-03 15:51:43,TOTAL,0.000,0.000,581.782,415.812
2025-12-03 15:51:44,mlx5_0,0.000,0.000,0.000,0.000
2025-12-03 15:51:44,mlx5_1,0.000,0.000,143.316,99.596
2025-12-03 15:51:44,mlx5_2,0.000,0.000,0.000,0.000
2025-12-03 15:51:44,mlx5_3,0.000,0.000,146.223,105.788
2025-12-03 15:51:44,mlx5_4,0.000,0.000,0.000,0.000
2025-12-03 15:51:44,mlx5_5,0.000,0.000,146.419,105.244
2025-12-03 15:51:44,mlx5_6,0.000,0.000,0.000,0.000
2025-12-03 15:51:44,mlx5_7,0.000,0.000,0.000,0.000
2025-12-03 15:51:44,mlx5_8,0.000,0.000,145.823,105.183
2025-12-03 15:51:44,mlx5_9,0.000,0.000,0.000,0.000
2025-12-03 15:51:44,TOTAL,0.000,0.000,581.782,415.812
2025-12-03 15:51:45,mlx5_0,0.000,0.000,0.000,0.000
2025-12-03 15:51:45,mlx5_1,0.000,0.000,143.316,99.596
2025-12-03 15:51:45,mlx5_2,0.000,0.000,0.000,0.000
2025-12-03 15:51:45,mlx5_3,0.000,0.000,146.223,105.788
2025-12-03 15:51:45,mlx5_4,0.000,0.000,0.000,0.000
2025-12-03 15:51:45,mlx5_5,0.000,0.000,146.419,105.244
2025-12-03 15:51:45,mlx5_6,0.000,0.000,0.000,0.000
2025-12-03 15:51:45,mlx5_7,0.000,0.000,0.000,0.000
2025-12-03 15:51:45,mlx5_8,0.000,0.000,145.823,105.183
2025-12-03 15:51:45,mlx5_9,0.000,0.000,0.000,0.000
2025-12-03 15:51:45,TOTAL,0.000,0.000,581.782,415.812
2025-12-03 15:51:46,mlx5_0,0.000,0.000,0.000,0.000
2025-12-03 15:51:46,mlx5_1,0.000,0.000,143.316,99.596
2025-12-03 15:51:46,mlx5_2,0.000,0.000,0.000,0.000
2025-12-03 15:51:46,mlx5_3,0.000,0.000,146.223,105.788
2025-12-03 15:51:46,mlx5_4,0.000,0.000,0.000,0.000
2025-12-03 15:51:46,mlx5_5,0.000,0.000,146.419,105.244
2025-12-03 15:51:46,mlx5_6,0.000,0.000,0.000,0.000
2025-12-03 15:51:46,mlx5_7,0.000,0.000,0.000,0.000
2025-12-03 15:51:46,mlx5_8,0.000,0.000,145.823,105.183
2025-12-03 15:51:46,mlx5_9,0.000,0.000,0.000,0.000
2025-12-03 15:51:46,TOTAL,0.000,0.000,581.782,415.812
2025-12-03 15:51:47,mlx5_0,0.000,0.000,0.000,0.000
2025-12-03 15:51:47,mlx5_1,0.184,57.290,143.339,106.787
2025-12-03 15:51:47,mlx5_2,0.000,0.000,0.000,0.000
2025-12-03 15:51:47,mlx5_3,0.139,56.758,146.241,112.912
2025-12-03 15:51:47,mlx5_4,0.000,0.000,0.000,0.000
2025-12-03 15:51:47,mlx5_5,0.136,56.878,146.436,112.383
2025-12-03 15:51:47,mlx5_6,0.000,0.000,0.000,0.000
2025-12-03 15:51:47,mlx5_7,0.000,0.000,0.000,0.000
2025-12-03 15:51:47,mlx5_8,0.162,56.862,145.843,112.320
2025-12-03 15:51:47,mlx5_9,0.000,0.000,0.000,0.000
2025-12-03 15:51:47,TOTAL,0.621,227.788,581.860,444.403
2025-12-03 15:51:48,mlx5_0,0.000,0.000,0.000,0.000
2025-12-03 15:51:48,mlx5_1,0.184,57.564,143.362,114.024
2025-12-03 15:51:48,mlx5_2,0.000,0.000,0.000,0.000
2025-12-03 15:51:48,mlx5_3,0.145,56.906,146.259,120.067
2025-12-03 15:51:48,mlx5_4,0.000,0.000,0.000,0.000
2025-12-03 15:51:48,mlx5_5,0.144,56.416,146.454,119.477
2025-12-03 15:51:48,mlx5_6,0.000,0.000,0.000,0.000
2025-12-03 15:51:48,mlx5_7,0.000,0.000,0.000,0.000
2025-12-03 15:51:48,mlx5_8,0.168,56.536,145.865,119.429
2025-12-03 15:51:48,mlx5_9,0.000,0.000,0.000,0.000
2025-12-03 15:51:48,TOTAL,0.641,227.424,581.940,472.997
2025-12-03 15:51:49,mlx5_0,0.000,0.000,0.000,0.000
2025-12-03 15:51:49,mlx5_1,0.507,161.054,143.426,134.263
2025-12-03 15:51:49,mlx5_2,0.000,0.000,0.000,0.000
2025-12-03 15:51:49,mlx5_3,0.398,159.645,146.309,140.129
2025-12-03 15:51:49,mlx5_4,0.000,0.000,0.000,0.000
2025-12-03 15:51:49,mlx5_5,0.385,159.606,146.502,139.534
2025-12-03 15:51:49,mlx5_6,0.000,0.000,0.000,0.000
2025-12-03 15:51:49,mlx5_7,0.000,0.000,0.000,0.000
2025-12-03 15:51:49,mlx5_8,0.461,159.748,145.923,139.504
2025-12-03 15:51:49,mlx5_9,0.000,0.000,0.000,0.000
2025-12-03 15:51:49,TOTAL,1.751,640.053,582.160,553.430
2025-12-03 15:51:50,mlx5_0,0.000,0.000,0.000,0.000
2025-12-03 15:51:50,mlx5_1,0.480,155.023,143.486,153.758
2025-12-03 15:51:50,mlx5_2,0.000,0.000,0.000,0.000
2025-12-03 15:51:50,mlx5_3,0.376,153.393,146.356,159.419
2025-12-03 15:51:50,mlx5_4,0.000,0.000,0.000,0.000
2025-12-03 15:51:50,mlx5_5,0.375,153.647,146.550,158.856
2025-12-03 15:51:50,mlx5_6,0.000,0.000,0.000,0.000
2025-12-03 15:51:50,mlx5_7,0.000,0.000,0.000,0.000
2025-12-03 15:51:50,mlx5_8,0.423,152.177,145.976,158.641
2025-12-03 15:51:50,mlx5_9,0.000,0.000,0.000,0.000
2025-12-03 15:51:50,TOTAL,1.653,614.240,582.368,630.673
2025-12-03 15:51:51,mlx5_0,0.000,0.000,0.000,0.000
2025-12-03 15:51:51,mlx5_1,0.675,199.937,143.571,178.892
2025-12-03 15:51:51,mlx5_2,0.000,0.000,0.000,0.000
2025-12-03 15:51:51,mlx5_3,0.513,198.146,146.421,184.328
2025-12-03 15:51:51,mlx5_4,0.000,0.000,0.000,0.000
2025-12-03 15:51:51,mlx5_5,0.495,198.038,146.612,183.751
2025-12-03 15:51:51,mlx5_6,0.000,0.000,0.000,0.000
2025-12-03 15:51:51,mlx5_7,0.000,0.000,0.000,0.000
2025-12-03 15:51:51,mlx5_8,0.594,197.873,146.051,183.515
2025-12-03 15:51:51,mlx5_9,0.000,0.000,0.000,0.000
2025-12-03 15:51:51,TOTAL,2.278,793.994,582.654,730.486
2025-12-03 15:51:52,mlx5_0,0.000,0.000,0.000,0.000
2025-12-03 15:51:52,mlx5_1,0.399,116.565,143.621,193.536
2025-12-03 15:51:52,mlx5_2,0.000,0.000,0.000,0.000
2025-12-03 15:51:52,mlx5_3,0.323,114.559,146.461,198.720
2025-12-03 15:51:52,mlx5_4,0.000,0.000,0.000,0.000
2025-12-03 15:51:52,mlx5_5,0.282,113.750,146.647,198.041
2025-12-03 15:51:52,mlx5_6,0.000,0.000,0.000,0.000
2025-12-03 15:51:52,mlx5_7,0.000,0.000,0.000,0.000
2025-12-03 15:51:52,mlx5_8,0.327,113.895,146.092,197.824
2025-12-03 15:51:52,mlx5_9,0.000,0.000,0.000,0.000
2025-12-03 15:51:52,TOTAL,1.332,458.769,582.822,788.122
2025-12-03 15:51:53,mlx5_0,0.000,0.000,0.000,0.000
2025-12-03 15:51:53,mlx5_1,0.404,123.430,143.672,209.049
2025-12-03 15:51:53,mlx5_2,0.000,0.000,0.000,0.000
2025-12-03 15:51:53,mlx5_3,0.315,122.174,146.501,214.075
2025-12-03 15:51:53,mlx5_4,0.000,0.000,0.000,0.000
2025-12-03 15:51:53,mlx5_5,0.299,121.219,146.685,213.276
2025-12-03 15:51:53,mlx5_6,0.000,0.000,0.000,0.000
2025-12-03 15:51:53,mlx5_7,0.000,0.000,0.000,0.000
2025-12-03 15:51:53,mlx5_8,0.371,121.580,146.138,213.104
2025-12-03 15:51:53,mlx5_9,0.000,0.000,0.000,0.000
2025-12-03 15:51:53,TOTAL,1.389,488.402,582.996,849.505
2025-12-03 15:51:54,mlx5_0,0.000,0.000,0.000,0.000
2025-12-03 15:51:54,mlx5_1,0.188,70.934,143.696,217.965
2025-12-03 15:51:54,mlx5_2,0.000,0.000,0.000,0.000
2025-12-03 15:51:54,mlx5_3,0.139,70.051,146.519,222.880
2025-12-03 15:51:54,mlx5_4,0.000,0.000,0.000,0.000
2025-12-03 15:51:54,mlx5_5,0.153,70.921,146.704,222.191
2025-12-03 15:51:54,mlx5_6,0.000,0.000,0.000,0.000
2025-12-03 15:51:54,mlx5_7,0.000,0.000,0.000,0.000
2025-12-03 15:51:54,mlx5_8,0.179,70.573,146.161,221.975
2025-12-03 15:51:54,mlx5_9,0.000,0.000,0.000,0.000
2025-12-03 15:51:54,TOTAL,0.659,282.478,583.079,885.010
2025-12-03 15:51:55,mlx5_0,0.000,0.000,0.000,0.000
2025-12-03 15:51:55,mlx5_1,0.642,206.642,143.777,243.943
2025-12-03 15:51:55,mlx5_2,0.000,0.000,0.000,0.000
2025-12-03 15:51:55,mlx5_3,0.493,203.880,146.581,248.511
2025-12-03 15:51:55,mlx5_4,0.000,0.000,0.000,0.000
2025-12-03 15:51:55,mlx5_5,0.498,203.475,146.767,247.771
2025-12-03 15:51:55,mlx5_6,0.000,0.000,0.000,0.000
2025-12-03 15:51:55,mlx5_7,0.000,0.000,0.000,0.000
2025-12-03 15:51:55,mlx5_8,0.585,202.993,146.234,247.494
2025-12-03 15:51:55,mlx5_9,0.000,0.000,0.000,0.000
2025-12-03 15:51:55,TOTAL,2.218,816.989,583.358,987.720
2025-12-03 15:51:56,mlx5_0,0.000,0.000,0.000,0.000
2025-12-03 15:51:56,mlx5_1,0.145,59.283,143.795,251.389
2025-12-03 15:51:56,mlx5_2,0.000,0.000,0.000,0.000
2025-12-03 15:51:56,mlx5_3,0.114,58.481,146.595,255.856
2025-12-03 15:51:56,mlx5_4,0.000,0.000,0.000,0.000
2025-12-03 15:51:56,mlx5_5,0.108,58.086,146.780,255.066
2025-12-03 15:51:56,mlx5_6,0.000,0.000,0.000,0.000
2025-12-03 15:51:56,mlx5_7,0.000,0.000,0.000,0.000
2025-12-03 15:51:56,mlx5_8,0.135,58.179,146.251,254.801
2025-12-03 15:51:56,mlx5_9,0.000,0.000,0.000,0.000
2025-12-03 15:51:56,TOTAL,0.502,234.029,583.421,1017.112
2025-12-03 15:51:57,mlx5_0,0.000,0.000,0.000,0.000
2025-12-03 15:51:57,mlx5_1,0.000,0.000,143.795,251.389
2025-12-03 15:51:57,mlx5_2,0.000,0.000,0.000,0.000
2025-12-03 15:51:57,mlx5_3,0.000,0.000,146.595,255.856
2025-12-03 15:51:57,mlx5_4,0.000,0.000,0.000,0.000
2025-12-03 15:51:57,mlx5_5,0.000,0.000,146.780,255.066
2025-12-03 15:51:57,mlx5_6,0.000,0.000,0.000,0.000
2025-12-03 15:51:57,mlx5_7,0.000,0.000,0.000,0.000
2025-12-03 15:51:57,mlx5_8,0.000,0.000,146.251,254.801
2025-12-03 15:51:57,mlx5_9,0.000,0.000,0.000,0.000
2025-12-03 15:51:57,TOTAL,0.000,0.000,583.421,1017.112
2025-12-03 15:51:58,mlx5_0,0.000,0.000,0.000,0.000
2025-12-03 15:51:58,mlx5_1,0.000,0.000,143.795,251.389
2025-12-03 15:51:58,mlx5_2,0.000,0.000,0.000,0.000
2025-12-03 15:51:58,mlx5_3,0.000,0.000,146.595,255.856
2025-12-03 15:51:58,mlx5_4,0.000,0.000,0.000,0.000
2025-12-03 15:51:58,mlx5_5,0.000,0.000,146.780,255.066
2025-12-03 15:51:58,mlx5_6,0.000,0.000,0.000,0.000
2025-12-03 15:51:58,mlx5_7,0.000,0.000,0.000,0.000
2025-12-03 15:51:58,mlx5_8,0.000,0.000,146.251,254.801
2025-12-03 15:51:58,mlx5_9,0.000,0.000,0.000,0.000
2025-12-03 15:51:58,TOTAL,0.000,0.000,583.421,1017.112
2025-12-03 15:51:59,mlx5_0,0.000,0.000,0.000,0.000
2025-12-03 15:51:59,mlx5_1,0.000,0.000,143.795,251.389
2025-12-03 15:51:59,mlx5_2,0.000,0.000,0.000,0.000
2025-12-03 15:51:59,mlx5_3,0.000,0.000,146.595,255.856
2025-12-03 15:51:59,mlx5_4,0.000,0.000,0.000,0.000
2025-12-03 15:51:59,mlx5_5,0.000,0.000,146.780,255.066
2025-12-03 15:51:59,mlx5_6,0.000,0.000,0.000,0.000
2025-12-03 15:51:59,mlx5_7,0.000,0.000,0.000,0.000
2025-12-03 15:51:59,mlx5_8,0.000,0.000,146.251,254.801
2025-12-03 15:51:59,mlx5_9,0.000,0.000,0.000,0.000
2025-12-03 15:51:59,TOTAL,0.000,0.000,583.421,1017.112
2025-12-03 15:52:00,mlx5_0,0.000,0.000,0.000,0.000
2025-12-03 15:52:00,mlx5_1,0.000,0.000,143.795,251.389
2025-12-03 15:52:00,mlx5_2,0.000,0.000,0.000,0.000
2025-12-03 15:52:00,mlx5_3,0.000,0.000,146.595,255.856
2025-12-03 15:52:00,mlx5_4,0.000,0.000,0.000,0.000
2025-12-03 15:52:00,mlx5_5,0.000,0.000,146.780,255.066
2025-12-03 15:52:00,mlx5_6,0.000,0.000,0.000,0.000
2025-12-03 15:52:00,mlx5_7,0.000,0.000,0.000,0.000
2025-12-03 15:52:00,mlx5_8,0.000,0.000,146.251,254.801
2025-12-03 15:52:00,mlx5_9,0.000,0.000,0.000,0.000
2025-12-03 15:52:00,TOTAL,0.000,0.000,583.421,1017.112
2025-12-03 15:52:01,mlx5_0,0.000,0.000,0.000,0.000
2025-12-03 15:52:01,mlx5_1,0.000,0.000,143.795,251.389
2025-12-03 15:52:01,mlx5_2,0.000,0.000,0.000,0.000
2025-12-03 15:52:01,mlx5_3,0.000,0.000,146.595,255.856
2025-12-03 15:52:01,mlx5_4,0.000,0.000,0.000,0.000
2025-12-03 15:52:01,mlx5_5,0.000,0.000,146.780,255.066
2025-12-03 15:52:01,mlx5_6,0.000,0.000,0.000,0.000
2025-12-03 15:52:01,mlx5_7,0.000,0.000,0.000,0.000
2025-12-03 15:52:01,mlx5_8,0.000,0.000,146.251,254.801
2025-12-03 15:52:01,mlx5_9,0.000,0.000,0.000,0.000
2025-12-03 15:52:01,TOTAL,0.000,0.000,583.421,1017.112
2025-12-03 15:52:02,mlx5_0,0.000,0.000,0.000,0.000
2025-12-03 15:52:02,mlx5_1,0.000,0.000,143.795,251.389
2025-12-03 15:52:02,mlx5_2,0.000,0.000,0.000,0.000
2025-12-03 15:52:02,mlx5_3,0.000,0.000,146.595,255.856
2025-12-03 15:52:02,mlx5_4,0.000,0.000,0.000,0.000
2025-12-03 15:52:02,mlx5_5,0.000,0.000,146.780,255.066
2025-12-03 15:52:02,mlx5_6,0.000,0.000,0.000,0.000
2025-12-03 15:52:02,mlx5_7,0.000,0.000,0.000,0.000
2025-12-03 15:52:02,mlx5_8,0.000,0.000,146.251,254.801
2025-12-03 15:52:02,mlx5_9,0.000,0.000,0.000,0.000
2025-12-03 15:52:02,TOTAL,0.000,0.000,583.421,1017.112
2025-12-03 15:52:03,mlx5_0,0.000,0.000,0.000,0.000
2025-12-03 15:52:03,mlx5_1,0.000,0.000,143.795,251.389
2025-12-03 15:52:03,mlx5_2,0.000,0.000,0.000,0.000
2025-12-03 15:52:03,mlx5_3,0.000,0.000,146.595,255.856
2025-12-03 15:52:03,mlx5_4,0.000,0.000,0.000,0.000
2025-12-03 15:52:03,mlx5_5,0.000,0.000,146.780,255.066
2025-12-03 15:52:03,mlx5_6,0.000,0.000,0.000,0.000
2025-12-03 15:52:03,mlx5_7,0.000,0.000,0.000,0.000
2025-12-03 15:52:03,mlx5_8,0.000,0.000,146.251,254.801
2025-12-03 15:52:03,mlx5_9,0.000,0.000,0.000,0.000
2025-12-03 15:52:03,TOTAL,0.000,0.000,583.421,1017.112
2025-12-03 15:52:04,mlx5_0,0.000,0.000,0.000,0.000
2025-12-03 15:52:04,mlx5_1,0.000,0.000,143.795,251.389
2025-12-03 15:52:04,mlx5_2,0.000,0.000,0.000,0.000
2025-12-03 15:52:04,mlx5_3,0.000,0.000,146.595,255.856
2025-12-03 15:52:04,mlx5_4,0.000,0.000,0.000,0.000
2025-12-03 15:52:04,mlx5_5,0.000,0.000,146.780,255.066
2025-12-03 15:52:04,mlx5_6,0.000,0.000,0.000,0.000
2025-12-03 15:52:04,mlx5_7,0.000,0.000,0.000,0.000
2025-12-03 15:52:04,mlx5_8,0.000,0.000,146.251,254.801
2025-12-03 15:52:04,mlx5_9,0.000,0.000,0.000,0.000
2025-12-03 15:52:04,TOTAL,0.000,0.000,583.421,1017.112
2025-12-03 15:52:05,mlx5_0,0.000,0.000,0.000,0.000
2025-12-03 15:52:05,mlx5_1,0.000,0.000,143.795,251.389
2025-12-03 15:52:05,mlx5_2,0.000,0.000,0.000,0.000
2025-12-03 15:52:05,mlx5_3,0.000,0.000,146.595,255.856
2025-12-03 15:52:05,mlx5_4,0.000,0.000,0.000,0.000
2025-12-03 15:52:05,mlx5_5,0.000,0.000,146.780,255.066
2025-12-03 15:52:05,mlx5_6,0.000,0.000,0.000,0.000
2025-12-03 15:52:05,mlx5_7,0.000,0.000,0.000,0.000
2025-12-03 15:52:05,mlx5_8,0.000,0.000,146.251,254.801
2025-12-03 15:52:05,mlx5_9,0.000,0.000,0.000,0.000
2025-12-03 15:52:05,TOTAL,0.000,0.000,583.421,1017.112
2025-12-03 15:52:06,mlx5_0,0.000,0.000,0.000,0.000
2025-12-03 15:52:06,mlx5_1,0.000,0.000,143.795,251.389
2025-12-03 15:52:06,mlx5_2,0.000,0.000,0.000,0.000
2025-12-03 15:52:06,mlx5_3,0.000,0.000,146.595,255.856
2025-12-03 15:52:06,mlx5_4,0.000,0.000,0.000,0.000
2025-12-03 15:52:06,mlx5_5,0.000,0.000,146.780,255.066
2025-12-03 15:52:06,mlx5_6,0.000,0.000,0.000,0.000
2025-12-03 15:52:06,mlx5_7,0.000,0.000,0.000,0.000
2025-12-03 15:52:06,mlx5_8,0.000,0.000,146.251,254.801
2025-12-03 15:52:06,mlx5_9,0.000,0.000,0.000,0.000
2025-12-03 15:52:06,TOTAL,0.000,0.000,583.421,1017.112
2025-12-03 15:52:07,mlx5_0,0.000,0.000,0.000,0.000
2025-12-03 15:52:07,mlx5_1,0.000,0.000,143.795,251.389
2025-12-03 15:52:07,mlx5_2,0.000,0.000,0.000,0.000
2025-12-03 15:52:07,mlx5_3,0.000,0.000,146.595,255.856
2025-12-03 15:52:07,mlx5_4,0.000,0.000,0.000,0.000
2025-12-03 15:52:07,mlx5_5,0.000,0.000,146.780,255.066
2025-12-03 15:52:07,mlx5_6,0.000,0.000,0.000,0.000
2025-12-03 15:52:07,mlx5_7,0.000,0.000,0.000,0.000
2025-12-03 15:52:07,mlx5_8,0.000,0.000,146.251,254.801
2025-12-03 15:52:07,mlx5_9,0.000,0.000,0.000,0.000
2025-12-03 15:52:07,TOTAL,0.000,0.000,583.421,1017.112
2025-12-03 15:52:08,mlx5_0,0.000,0.000,0.000,0.000
2025-12-03 15:52:08,mlx5_1,0.000,0.000,143.795,251.389
2025-12-03 15:52:08,mlx5_2,0.000,0.000,0.000,0.000
2025-12-03 15:52:08,mlx5_3,0.000,0.000,146.595,255.856
2025-12-03 15:52:08,mlx5_4,0.000,0.000,0.000,0.000
2025-12-03 15:52:08,mlx5_5,0.000,0.000,146.780,255.066
2025-12-03 15:52:08,mlx5_6,0.000,0.000,0.000,0.000
2025-12-03 15:52:08,mlx5_7,0.000,0.000,0.000,0.000
2025-12-03 15:52:08,mlx5_8,0.000,0.000,146.251,254.801
2025-12-03 15:52:08,mlx5_9,0.000,0.000,0.000,0.000
2025-12-03 15:52:08,TOTAL,0.000,0.000,583.421,1017.112
2025-12-03 15:52:09,mlx5_0,0.000,0.000,0.000,0.000
2025-12-03 15:52:09,mlx5_1,0.000,0.000,143.795,251.389
2025-12-03 15:52:09,mlx5_2,0.000,0.000,0.000,0.000
2025-12-03 15:52:09,mlx5_3,0.000,0.000,146.595,255.856
2025-12-03 15:52:09,mlx5_4,0.000,0.000,0.000,0.000
2025-12-03 15:52:09,mlx5_5,0.000,0.000,146.780,255.066
2025-12-03 15:52:09,mlx5_6,0.000,0.000,0.000,0.000
2025-12-03 15:52:09,mlx5_7,0.000,0.000,0.000,0.000
2025-12-03 15:52:09,mlx5_8,0.000,0.000,146.251,254.801
2025-12-03 15:52:09,mlx5_9,0.000,0.000,0.000,0.000
2025-12-03 15:52:09,TOTAL,0.000,0.000,583.421,1017.112
2025-12-03 15:52:10,mlx5_0,0.000,0.000,0.000,0.000
2025-12-03 15:52:10,mlx5_1,0.000,0.000,143.795,251.389
2025-12-03 15:52:10,mlx5_2,0.000,0.000,0.000,0.000
2025-12-03 15:52:10,mlx5_3,0.000,0.000,146.595,255.856
2025-12-03 15:52:10,mlx5_4,0.000,0.000,0.000,0.000
2025-12-03 15:52:10,mlx5_5,0.000,0.000,146.780,255.066
2025-12-03 15:52:10,mlx5_6,0.000,0.000,0.000,0.000
2025-12-03 15:52:10,mlx5_7,0.000,0.000,0.000,0.000
2025-12-03 15:52:10,mlx5_8,0.000,0.000,146.251,254.801
2025-12-03 15:52:10,mlx5_9,0.000,0.000,0.000,0.000
2025-12-03 15:52:10,TOTAL,0.000,0.000,583.421,1017.112
2025-12-03 15:52:11,mlx5_0,0.000,0.000,0.000,0.000
2025-12-03 15:52:11,mlx5_1,0.000,0.000,143.795,251.389
2025-12-03 15:52:11,mlx5_2,0.000,0.000,0.000,0.000
2025-12-03 15:52:11,mlx5_3,0.000,0.000,146.595,255.856
2025-12-03 15:52:11,mlx5_4,0.000,0.000,0.000,0.000
2025-12-03 15:52:11,mlx5_5,0.000,0.000,146.780,255.066
2025-12-03 15:52:11,mlx5_6,0.000,0.000,0.000,0.000
2025-12-03 15:52:11,mlx5_7,0.000,0.000,0.000,0.000
2025-12-03 15:52:11,mlx5_8,0.000,0.000,146.251,254.801
2025-12-03 15:52:11,mlx5_9,0.000,0.000,0.000,0.000
2025-12-03 15:52:11,TOTAL,0.000,0.000,583.421,1017.112
2025-12-03 15:52:12,mlx5_0,0.000,0.000,0.000,0.000
2025-12-03 15:52:12,mlx5_1,0.000,0.000,143.795,251.389
2025-12-03 15:52:12,mlx5_2,0.000,0.000,0.000,0.000
2025-12-03 15:52:12,mlx5_3,0.000,0.000,146.595,255.856
2025-12-03 15:52:12,mlx5_4,0.000,0.000,0.000,0.000
2025-12-03 15:52:12,mlx5_5,0.000,0.000,146.780,255.066
2025-12-03 15:52:12,mlx5_6,0.000,0.000,0.000,0.000
2025-12-03 15:52:12,mlx5_7,0.000,0.000,0.000,0.000
2025-12-03 15:52:12,mlx5_8,0.000,0.000,146.251,254.801
2025-12-03 15:52:12,mlx5_9,0.000,0.000,0.000,0.000
2025-12-03 15:52:12,TOTAL,0.000,0.000,583.421,1017.112
2025-12-03 15:52:13,mlx5_0,0.000,0.000,0.000,0.000
2025-12-03 15:52:13,mlx5_1,0.000,0.000,143.795,251.389
2025-12-03 15:52:13,mlx5_2,0.000,0.000,0.000,0.000
2025-12-03 15:52:13,mlx5_3,0.000,0.000,146.595,255.856
2025-12-03 15:52:13,mlx5_4,0.000,0.000,0.000,0.000
2025-12-03 15:52:13,mlx5_5,0.000,0.000,146.780,255.066
2025-12-03 15:52:13,mlx5_6,0.000,0.000,0.000,0.000
2025-12-03 15:52:13,mlx5_7,0.000,0.000,0.000,0.000
2025-12-03 15:52:13,mlx5_8,0.000,0.000,146.251,254.801
2025-12-03 15:52:13,mlx5_9,0.000,0.000,0.000,0.000
2025-12-03 15:52:13,TOTAL,0.000,0.000,583.421,1017.112
2025-12-03 15:52:14,mlx5_0,0.000,0.000,0.000,0.000
2025-12-03 15:52:14,mlx5_1,0.165,53.765,143.816,258.140
2025-12-03 15:52:14,mlx5_2,0.000,0.000,0.000,0.000
2025-12-03 15:52:14,mlx5_3,0.123,53.830,146.610,262.616
2025-12-03 15:52:14,mlx5_4,0.000,0.000,0.000,0.000
2025-12-03 15:52:14,mlx5_5,0.128,53.787,146.796,261.820
2025-12-03 15:52:14,mlx5_6,0.000,0.000,0.000,0.000
2025-12-03 15:52:14,mlx5_7,0.000,0.000,0.000,0.000
2025-12-03 15:52:14,mlx5_8,0.149,54.211,146.270,261.609
2025-12-03 15:52:14,mlx5_9,0.000,0.000,0.000,0.000
2025-12-03 15:52:14,TOTAL,0.565,215.592,583.492,1044.185
2025-12-03 15:52:15,mlx5_0,0.000,0.000,0.000,0.000
2025-12-03 15:52:15,mlx5_1,0.147,45.430,143.834,263.851
2025-12-03 15:52:15,mlx5_2,0.000,0.000,0.000,0.000
2025-12-03 15:52:15,mlx5_3,0.113,44.611,146.624,268.224
2025-12-03 15:52:15,mlx5_4,0.000,0.000,0.000,0.000
2025-12-03 15:52:15,mlx5_5,0.115,44.370,146.811,267.398
2025-12-03 15:52:15,mlx5_6,0.000,0.000,0.000,0.000
2025-12-03 15:52:15,mlx5_7,0.000,0.000,0.000,0.000
2025-12-03 15:52:15,mlx5_8,0.121,44.202,146.285,267.166
2025-12-03 15:52:15,mlx5_9,0.000,0.000,0.000,0.000
2025-12-03 15:52:15,TOTAL,0.497,178.612,583.554,1066.639
2025-12-03 15:52:16,mlx5_0,0.000,0.000,0.000,0.000
2025-12-03 15:52:16,mlx5_1,0.291,94.330,143.871,275.712
2025-12-03 15:52:16,mlx5_2,0.000,0.000,0.000,0.000
2025-12-03 15:52:16,mlx5_3,0.224,93.674,146.653,280.002
2025-12-03 15:52:16,mlx5_4,0.000,0.000,0.000,0.000
2025-12-03 15:52:16,mlx5_5,0.228,93.471,146.840,279.151
2025-12-03 15:52:16,mlx5_6,0.000,0.000,0.000,0.000
2025-12-03 15:52:16,mlx5_7,0.000,0.000,0.000,0.000
2025-12-03 15:52:16,mlx5_8,0.266,93.590,146.319,278.933
2025-12-03 15:52:16,mlx5_9,0.000,0.000,0.000,0.000
2025-12-03 15:52:16,TOTAL,1.009,375.064,583.681,1113.797
2025-12-03 15:52:17,mlx5_0,0.000,0.000,0.000,0.000
2025-12-03 15:52:17,mlx5_1,0.631,195.037,143.950,300.237
2025-12-03 15:52:17,mlx5_2,0.000,0.000,0.000,0.000
2025-12-03 15:52:17,mlx5_3,0.487,193.053,146.714,304.278
2025-12-03 15:52:17,mlx5_4,0.000,0.000,0.000,0.000
2025-12-03 15:52:17,mlx5_5,0.492,192.680,146.901,303.380
2025-12-03 15:52:17,mlx5_6,0.000,0.000,0.000,0.000
2025-12-03 15:52:17,mlx5_7,0.000,0.000,0.000,0.000
2025-12-03 15:52:17,mlx5_8,0.558,192.021,146.389,303.079
2025-12-03 15:52:17,mlx5_9,0.000,0.000,0.000,0.000
2025-12-03 15:52:17,TOTAL,2.168,772.791,583.954,1210.974
2025-12-03 15:52:18,mlx5_0,0.000,0.000,0.000,0.000
2025-12-03 15:52:18,mlx5_1,0.553,178.543,144.020,322.684
2025-12-03 15:52:18,mlx5_2,0.000,0.000,0.000,0.000
2025-12-03 15:52:18,mlx5_3,0.451,176.241,146.771,326.435
2025-12-03 15:52:18,mlx5_4,0.000,0.000,0.000,0.000
2025-12-03 15:52:18,mlx5_5,0.428,176.257,146.955,325.539
2025-12-03 15:52:18,mlx5_6,0.000,0.000,0.000,0.000
2025-12-03 15:52:18,mlx5_7,0.000,0.000,0.000,0.000
2025-12-03 15:52:18,mlx5_8,0.501,174.835,146.452,325.060
2025-12-03 15:52:18,mlx5_9,0.000,0.000,0.000,0.000
2025-12-03 15:52:18,TOTAL,1.934,705.875,584.197,1299.719
2025-12-03 15:52:19,mlx5_0,0.000,0.000,0.000,0.000
2025-12-03 15:52:19,mlx5_1,0.448,147.245,144.076,341.176
2025-12-03 15:52:19,mlx5_2,0.000,0.000,0.000,0.000
2025-12-03 15:52:19,mlx5_3,0.360,145.748,146.816,344.739
2025-12-03 15:52:19,mlx5_4,0.000,0.000,0.000,0.000
2025-12-03 15:52:19,mlx5_5,0.345,145.501,146.999,343.812
2025-12-03 15:52:19,mlx5_6,0.000,0.000,0.000,0.000
2025-12-03 15:52:19,mlx5_7,0.000,0.000,0.000,0.000
2025-12-03 15:52:19,mlx5_8,0.399,145.607,146.502,343.346
2025-12-03 15:52:19,mlx5_9,0.000,0.000,0.000,0.000
2025-12-03 15:52:19,TOTAL,1.552,584.102,584.392,1373.071
2025-12-03 15:52:20,mlx5_0,0.000,0.000,0.000,0.000
2025-12-03 15:52:20,mlx5_1,0.120,31.634,144.091,345.153
2025-12-03 15:52:20,mlx5_2,0.000,0.000,0.000,0.000
2025-12-03 15:52:20,mlx5_3,0.091,31.008,146.827,348.637
2025-12-03 15:52:20,mlx5_4,0.000,0.000,0.000,0.000
2025-12-03 15:52:20,mlx5_5,0.084,30.915,147.009,347.699
2025-12-03 15:52:20,mlx5_6,0.000,0.000,0.000,0.000
2025-12-03 15:52:20,mlx5_7,0.000,0.000,0.000,0.000
2025-12-03 15:52:20,mlx5_8,0.103,30.602,146.515,347.193
2025-12-03 15:52:20,mlx5_9,0.000,0.000,0.000,0.000
2025-12-03 15:52:20,TOTAL,0.399,124.158,584.442,1388.682
2025-12-03 15:52:21,mlx5_0,0.000,0.000,0.000,0.000
2025-12-03 15:52:21,mlx5_1,0.506,154.675,144.154,364.588
2025-12-03 15:52:21,mlx5_2,0.000,0.000,0.000,0.000
2025-12-03 15:52:21,mlx5_3,0.408,153.840,146.878,367.968
2025-12-03 15:52:21,mlx5_4,0.000,0.000,0.000,0.000
2025-12-03 15:52:21,mlx5_5,0.403,153.214,147.060,366.950
2025-12-03 15:52:21,mlx5_6,0.000,0.000,0.000,0.000
2025-12-03 15:52:21,mlx5_7,0.000,0.000,0.000,0.000
2025-12-03 15:52:21,mlx5_8,0.486,153.180,146.576,366.441
2025-12-03 15:52:21,mlx5_9,0.000,0.000,0.000,0.000
2025-12-03 15:52:21,TOTAL,1.803,614.909,584.669,1465.947
2025-12-03 15:52:22,mlx5_0,0.000,0.000,0.000,0.000
2025-12-03 15:52:22,mlx5_1,0.646,190.202,144.236,388.508
2025-12-03 15:52:22,mlx5_2,0.000,0.000,0.000,0.000
2025-12-03 15:52:22,mlx5_3,0.505,187.223,146.942,391.513
2025-12-03 15:52:22,mlx5_4,0.000,0.000,0.000,0.000
2025-12-03 15:52:22,mlx5_5,0.492,186.744,147.122,390.435
2025-12-03 15:52:22,mlx5_6,0.000,0.000,0.000,0.000
2025-12-03 15:52:22,mlx5_7,0.000,0.000,0.000,0.000
2025-12-03 15:52:22,mlx5_8,0.565,185.590,146.647,389.781
2025-12-03 15:52:22,mlx5_9,0.000,0.000,0.000,0.000
2025-12-03 15:52:22,TOTAL,2.208,749.758,584.946,1560.237
2025-12-03 15:52:23,mlx5_0,0.000,0.000,0.000,0.000
2025-12-03 15:52:23,mlx5_1,0.386,114.959,144.284,402.959
2025-12-03 15:52:23,mlx5_2,0.000,0.000,0.000,0.000
2025-12-03 15:52:23,mlx5_3,0.312,113.525,146.981,405.784
2025-12-03 15:52:23,mlx5_4,0.000,0.000,0.000,0.000
2025-12-03 15:52:23,mlx5_5,0.292,113.353,147.158,404.685
2025-12-03 15:52:23,mlx5_6,0.000,0.000,0.000,0.000
2025-12-03 15:52:23,mlx5_7,0.000,0.000,0.000,0.000
2025-12-03 15:52:23,mlx5_8,0.344,113.063,146.690,403.994
2025-12-03 15:52:23,mlx5_9,0.000,0.000,0.000,0.000
2025-12-03 15:52:23,TOTAL,1.334,454.901,585.114,1617.421
2025-12-03 15:52:24,mlx5_0,0.000,0.000,0.000,0.000
2025-12-03 15:52:24,mlx5_1,0.000,0.000,144.284,402.959
2025-12-03 15:52:24,mlx5_2,0.000,0.000,0.000,0.000
2025-12-03 15:52:24,mlx5_3,0.000,0.000,146.981,405.784
2025-12-03 15:52:24,mlx5_4,0.000,0.000,0.000,0.000
2025-12-03 15:52:24,mlx5_5,0.000,0.000,147.158,404.685
2025-12-03 15:52:24,mlx5_6,0.000,0.000,0.000,0.000
2025-12-03 15:52:24,mlx5_7,0.000,0.000,0.000,0.000
2025-12-03 15:52:24,mlx5_8,0.000,0.000,146.690,403.994
2025-12-03 15:52:24,mlx5_9,0.000,0.000,0.000,0.000
2025-12-03 15:52:24,TOTAL,0.000,0.000,585.114,1617.421
2025-12-03 15:52:25,mlx5_0,0.000,0.000,0.000,0.000
2025-12-03 15:52:25,mlx5_1,0.000,0.000,144.284,402.959
2025-12-03 15:52:25,mlx5_2,0.000,0.000,0.000,0.000
2025-12-03 15:52:25,mlx5_3,0.000,0.000,146.981,405.784
2025-12-03 15:52:25,mlx5_4,0.000,0.000,0.000,0.000
2025-12-03 15:52:25,mlx5_5,0.000,0.000,147.158,404.685
2025-12-03 15:52:25,mlx5_6,0.000,0.000,0.000,0.000
2025-12-03 15:52:25,mlx5_7,0.000,0.000,0.000,0.000
2025-12-03 15:52:25,mlx5_8,0.000,0.000,146.690,403.994
2025-12-03 15:52:25,mlx5_9,0.000,0.000,0.000,0.000
2025-12-03 15:52:25,TOTAL,0.000,0.000,585.114,1617.421
2025-12-03 15:52:26,mlx5_0,0.000,0.000,0.000,0.000
2025-12-03 15:52:26,mlx5_1,0.000,0.000,144.284,402.959
2025-12-03 15:52:26,mlx5_2,0.000,0.000,0.000,0.000
2025-12-03 15:52:26,mlx5_3,0.000,0.000,146.981,405.784
2025-12-03 15:52:26,mlx5_4,0.000,0.000,0.000,0.000
2025-12-03 15:52:26,mlx5_5,0.000,0.000,147.158,404.685
2025-12-03 15:52:26,mlx5_6,0.000,0.000,0.000,0.000
2025-12-03 15:52:26,mlx5_7,0.000,0.000,0.000,0.000
2025-12-03 15:52:26,mlx5_8,0.000,0.000,146.690,403.994
2025-12-03 15:52:26,mlx5_9,0.000,0.000,0.000,0.000
2025-12-03 15:52:26,TOTAL,0.000,0.000,585.114,1617.421
2025-12-03 15:52:27,mlx5_0,0.000,0.000,0.000,0.000
2025-12-03 15:52:27,mlx5_1,0.000,0.000,144.284,402.959
2025-12-03 15:52:27,mlx5_2,0.000,0.000,0.000,0.000
2025-12-03 15:52:27,mlx5_3,0.000,0.000,146.981,405.784
2025-12-03 15:52:27,mlx5_4,0.000,0.000,0.000,0.000
2025-12-03 15:52:27,mlx5_5,0.000,0.000,147.158,404.685
2025-12-03 15:52:27,mlx5_6,0.000,0.000,0.000,0.000
2025-12-03 15:52:27,mlx5_7,0.000,0.000,0.000,0.000
2025-12-03 15:52:27,mlx5_8,0.000,0.000,146.690,403.994
2025-12-03 15:52:27,mlx5_9,0.000,0.000,0.000,0.000
2025-12-03 15:52:27,TOTAL,0.000,0.000,585.114,1617.421
2025-12-03 15:52:28,mlx5_0,0.000,0.000,0.000,0.000
2025-12-03 15:52:28,mlx5_1,0.000,0.000,144.284,402.959
2025-12-03 15:52:28,mlx5_2,0.000,0.000,0.000,0.000
2025-12-03 15:52:28,mlx5_3,0.000,0.000,146.981,405.784
2025-12-03 15:52:28,mlx5_4,0.000,0.000,0.000,0.000
2025-12-03 15:52:28,mlx5_5,0.000,0.000,147.158,404.685
2025-12-03 15:52:28,mlx5_6,0.000,0.000,0.000,0.000
2025-12-03 15:52:28,mlx5_7,0.000,0.000,0.000,0.000
2025-12-03 15:52:28,mlx5_8,0.000,0.000,146.690,403.994
2025-12-03 15:52:28,mlx5_9,0.000,0.000,0.000,0.000
2025-12-03 15:52:28,TOTAL,0.000,0.000,585.114,1617.421
2025-12-03 15:52:29,mlx5_0,0.000,0.000,0.000,0.000
2025-12-03 15:52:29,mlx5_1,0.000,0.000,144.284,402.959
2025-12-03 15:52:29,mlx5_2,0.000,0.000,0.000,0.000
2025-12-03 15:52:29,mlx5_3,0.000,0.000,146.981,405.784
2025-12-03 15:52:29,mlx5_4,0.000,0.000,0.000,0.000
2025-12-03 15:52:29,mlx5_5,0.000,0.000,147.158,404.685
2025-12-03 15:52:29,mlx5_6,0.000,0.000,0.000,0.000
2025-12-03 15:52:29,mlx5_7,0.000,0.000,0.000,0.000
2025-12-03 15:52:29,mlx5_8,0.000,0.000,146.690,403.994
2025-12-03 15:52:29,mlx5_9,0.000,0.000,0.000,0.000
2025-12-03 15:52:29,TOTAL,0.000,0.000,585.114,1617.421
2025-12-03 15:52:30,mlx5_0,0.000,0.000,0.000,0.000
2025-12-03 15:52:30,mlx5_1,0.000,0.000,144.284,402.959
2025-12-03 15:52:30,mlx5_2,0.000,0.000,0.000,0.000
2025-12-03 15:52:30,mlx5_3,0.000,0.000,146.981,405.784
2025-12-03 15:52:30,mlx5_4,0.000,0.000,0.000,0.000
2025-12-03 15:52:30,mlx5_5,0.000,0.000,147.158,404.685
2025-12-03 15:52:30,mlx5_6,0.000,0.000,0.000,0.000
2025-12-03 15:52:30,mlx5_7,0.000,0.000,0.000,0.000
2025-12-03 15:52:30,mlx5_8,0.000,0.000,146.690,403.994
2025-12-03 15:52:30,mlx5_9,0.000,0.000,0.000,0.000
2025-12-03 15:52:30,TOTAL,0.000,0.000,585.114,1617.421
2025-12-03 15:52:31,mlx5_0,0.000,0.000,0.000,0.000
2025-12-03 15:52:31,mlx5_1,0.000,0.000,144.284,402.959
2025-12-03 15:52:31,mlx5_2,0.000,0.000,0.000,0.000
2025-12-03 15:52:31,mlx5_3,0.000,0.000,146.981,405.784
2025-12-03 15:52:31,mlx5_4,0.000,0.000,0.000,0.000
2025-12-03 15:52:31,mlx5_5,0.000,0.000,147.158,404.685
2025-12-03 15:52:31,mlx5_6,0.000,0.000,0.000,0.000
2025-12-03 15:52:31,mlx5_7,0.000,0.000,0.000,0.000
2025-12-03 15:52:31,mlx5_8,0.000,0.000,146.690,403.994
2025-12-03 15:52:31,mlx5_9,0.000,0.000,0.000,0.000
2025-12-03 15:52:31,TOTAL,0.000,0.000,585.114,1617.421
2025-12-03 15:52:32,mlx5_0,0.000,0.000,0.000,0.000
2025-12-03 15:52:32,mlx5_1,0.000,0.000,144.284,402.959
2025-12-03 15:52:32,mlx5_2,0.000,0.000,0.000,0.000
2025-12-03 15:52:32,mlx5_3,0.000,0.000,146.981,405.784
2025-12-03 15:52:32,mlx5_4,0.000,0.000,0.000,0.000
2025-12-03 15:52:32,mlx5_5,0.000,0.000,147.158,404.685
2025-12-03 15:52:32,mlx5_6,0.000,0.000,0.000,0.000
2025-12-03 15:52:32,mlx5_7,0.000,0.000,0.000,0.000
2025-12-03 15:52:32,mlx5_8,0.000,0.000,146.690,403.994
2025-12-03 15:52:32,mlx5_9,0.000,0.000,0.000,0.000
2025-12-03 15:52:32,TOTAL,0.000,0.000,585.114,1617.421
2025-12-03 15:52:33,mlx5_0,0.000,0.000,0.000,0.000
2025-12-03 15:52:33,mlx5_1,0.000,0.000,144.284,402.959
2025-12-03 15:52:33,mlx5_2,0.000,0.000,0.000,0.000
2025-12-03 15:52:33,mlx5_3,0.000,0.000,146.981,405.784
2025-12-03 15:52:33,mlx5_4,0.000,0.000,0.000,0.000
2025-12-03 15:52:33,mlx5_5,0.000,0.000,147.158,404.685
2025-12-03 15:52:33,mlx5_6,0.000,0.000,0.000,0.000
2025-12-03 15:52:33,mlx5_7,0.000,0.000,0.000,0.000
2025-12-03 15:52:33,mlx5_8,0.000,0.000,146.690,403.994
2025-12-03 15:52:33,mlx5_9,0.000,0.000,0.000,0.000
2025-12-03 15:52:33,TOTAL,0.000,0.000,585.114,1617.421
2025-12-03 15:52:34,mlx5_0,0.000,0.000,0.000,0.000
2025-12-03 15:52:34,mlx5_1,0.000,0.000,144.284,402.959
2025-12-03 15:52:34,mlx5_2,0.000,0.000,0.000,0.000
2025-12-03 15:52:34,mlx5_3,0.000,0.000,146.981,405.784
2025-12-03 15:52:34,mlx5_4,0.000,0.000,0.000,0.000
2025-12-03 15:52:34,mlx5_5,0.000,0.000,147.158,404.685
2025-12-03 15:52:34,mlx5_6,0.000,0.000,0.000,0.000
2025-12-03 15:52:34,mlx5_7,0.000,0.000,0.000,0.000
2025-12-03 15:52:34,mlx5_8,0.000,0.000,146.690,403.994
2025-12-03 15:52:34,mlx5_9,0.000,0.000,0.000,0.000
2025-12-03 15:52:34,TOTAL,0.000,0.000,585.114,1617.421
2025-12-03 15:52:35,mlx5_0,0.000,0.000,0.000,0.000
2025-12-03 15:52:35,mlx5_1,0.000,0.000,144.284,402.959
2025-12-03 15:52:35,mlx5_2,0.000,0.000,0.000,0.000
2025-12-03 15:52:35,mlx5_3,0.000,0.000,146.981,405.784
2025-12-03 15:52:35,mlx5_4,0.000,0.000,0.000,0.000
2025-12-03 15:52:35,mlx5_5,0.000,0.000,147.158,404.685
2025-12-03 15:52:35,mlx5_6,0.000,0.000,0.000,0.000
2025-12-03 15:52:35,mlx5_7,0.000,0.000,0.000,0.000
2025-12-03 15:52:35,mlx5_8,0.000,0.000,146.690,403.994
2025-12-03 15:52:35,mlx5_9,0.000,0.000,0.000,0.000
2025-12-03 15:52:35,TOTAL,0.000,0.000,585.114,1617.421
2025-12-03 15:52:36,mlx5_0,0.000,0.000,0.000,0.000
2025-12-03 15:52:36,mlx5_1,0.000,0.000,144.284,402.959
2025-12-03 15:52:36,mlx5_2,0.000,0.000,0.000,0.000
2025-12-03 15:52:36,mlx5_3,0.000,0.000,146.981,405.784
2025-12-03 15:52:36,mlx5_4,0.000,0.000,0.000,0.000
2025-12-03 15:52:36,mlx5_5,0.000,0.000,147.158,404.685
2025-12-03 15:52:36,mlx5_6,0.000,0.000,0.000,0.000
2025-12-03 15:52:36,mlx5_7,0.000,0.000,0.000,0.000
2025-12-03 15:52:36,mlx5_8,0.000,0.000,146.690,403.994
2025-12-03 15:52:36,mlx5_9,0.000,0.000,0.000,0.000
2025-12-03 15:52:36,TOTAL,0.000,0.000,585.114,1617.421
2025-12-03 15:52:37,mlx5_0,0.000,0.000,0.000,0.000
2025-12-03 15:52:37,mlx5_1,0.000,0.000,144.284,402.959
2025-12-03 15:52:37,mlx5_2,0.000,0.000,0.000,0.000
2025-12-03 15:52:37,mlx5_3,0.000,0.000,146.981,405.784
2025-12-03 15:52:37,mlx5_4,0.000,0.000,0.000,0.000
2025-12-03 15:52:37,mlx5_5,0.000,0.000,147.158,404.685
2025-12-03 15:52:37,mlx5_6,0.000,0.000,0.000,0.000
2025-12-03 15:52:37,mlx5_7,0.000,0.000,0.000,0.000
2025-12-03 15:52:37,mlx5_8,0.000,0.000,146.690,403.994
2025-12-03 15:52:37,mlx5_9,0.000,0.000,0.000,0.000
2025-12-03 15:52:37,TOTAL,0.000,0.000,585.114,1617.421
2025-12-03 15:52:38,mlx5_0,0.000,0.000,0.000,0.000
2025-12-03 15:52:38,mlx5_1,0.000,0.000,144.284,402.959
2025-12-03 15:52:38,mlx5_2,0.000,0.000,0.000,0.000
2025-12-03 15:52:38,mlx5_3,0.000,0.000,146.981,405.784
2025-12-03 15:52:38,mlx5_4,0.000,0.000,0.000,0.000
2025-12-03 15:52:38,mlx5_5,0.000,0.000,147.158,404.685
2025-12-03 15:52:38,mlx5_6,0.000,0.000,0.000,0.000
2025-12-03 15:52:38,mlx5_7,0.000,0.000,0.000,0.000
2025-12-03 15:52:38,mlx5_8,0.000,0.000,146.690,403.994
2025-12-03 15:52:38,mlx5_9,0.000,0.000,0.000,0.000
2025-12-03 15:52:38,TOTAL,0.000,0.000,585.114,1617.421
2025-12-03 15:52:39,mlx5_0,0.000,0.000,0.000,0.000
2025-12-03 15:52:39,mlx5_1,0.000,0.000,144.284,402.959
2025-12-03 15:52:39,mlx5_2,0.000,0.000,0.000,0.000
2025-12-03 15:52:39,mlx5_3,0.000,0.000,146.981,405.784
2025-12-03 15:52:39,mlx5_4,0.000,0.000,0.000,0.000
2025-12-03 15:52:39,mlx5_5,0.000,0.000,147.158,404.685
2025-12-03 15:52:39,mlx5_6,0.000,0.000,0.000,0.000
2025-12-03 15:52:39,mlx5_7,0.000,0.000,0.000,0.000
2025-12-03 15:52:39,mlx5_8,0.000,0.000,146.690,403.994
2025-12-03 15:52:39,mlx5_9,0.000,0.000,0.000,0.000
2025-12-03 15:52:39,TOTAL,0.000,0.000,585.114,1617.421
2025-12-03 15:52:40,mlx5_0,0.000,0.000,0.000,0.000
2025-12-03 15:52:40,mlx5_1,0.000,0.000,144.284,402.959
2025-12-03 15:52:40,mlx5_2,0.000,0.000,0.000,0.000
2025-12-03 15:52:40,mlx5_3,0.000,0.000,146.981,405.784
2025-12-03 15:52:40,mlx5_4,0.000,0.000,0.000,0.000
2025-12-03 15:52:40,mlx5_5,0.000,0.000,147.158,404.685
2025-12-03 15:52:40,mlx5_6,0.000,0.000,0.000,0.000
2025-12-03 15:52:40,mlx5_7,0.000,0.000,0.000,0.000
2025-12-03 15:52:40,mlx5_8,0.000,0.000,146.690,403.994
2025-12-03 15:52:40,mlx5_9,0.000,0.000,0.000,0.000
2025-12-03 15:52:40,TOTAL,0.000,0.000,585.114,1617.421
2025-12-03 15:52:41,mlx5_0,0.000,0.000,0.000,0.000
2025-12-03 15:52:41,mlx5_1,0.000,0.000,144.284,402.959
2025-12-03 15:52:41,mlx5_2,0.000,0.000,0.000,0.000
2025-12-03 15:52:41,mlx5_3,0.000,0.000,146.981,405.784
2025-12-03 15:52:41,mlx5_4,0.000,0.000,0.000,0.000
2025-12-03 15:52:41,mlx5_5,0.000,0.000,147.158,404.685
2025-12-03 15:52:41,mlx5_6,0.000,0.000,0.000,0.000
2025-12-03 15:52:41,mlx5_7,0.000,0.000,0.000,0.000
2025-12-03 15:52:41,mlx5_8,0.000,0.000,146.690,403.994
2025-12-03 15:52:41,mlx5_9,0.000,0.000,0.000,0.000
2025-12-03 15:52:41,TOTAL,0.000,0.000,585.114,1617.421
2025-12-03 15:52:42,mlx5_0,0.000,0.000,0.000,0.000
2025-12-03 15:52:42,mlx5_1,0.000,0.000,144.284,402.959
2025-12-03 15:52:42,mlx5_2,0.000,0.000,0.000,0.000
2025-12-03 15:52:42,mlx5_3,0.000,0.000,146.981,405.784
2025-12-03 15:52:42,mlx5_4,0.000,0.000,0.000,0.000
2025-12-03 15:52:42,mlx5_5,0.000,0.000,147.158,404.685
2025-12-03 15:52:42,mlx5_6,0.000,0.000,0.000,0.000
2025-12-03 15:52:42,mlx5_7,0.000,0.000,0.000,0.000
2025-12-03 15:52:42,mlx5_8,0.000,0.000,146.690,403.994
2025-12-03 15:52:42,mlx5_9,0.000,0.000,0.000,0.000
2025-12-03 15:52:42,TOTAL,0.000,0.000,585.114,1617.421
2025-12-03 15:52:43,mlx5_0,0.000,0.000,0.000,0.000
2025-12-03 15:52:43,mlx5_1,0.000,0.000,144.284,402.959
2025-12-03 15:52:43,mlx5_2,0.000,0.000,0.000,0.000
2025-12-03 15:52:43,mlx5_3,0.000,0.000,146.981,405.784
2025-12-03 15:52:43,mlx5_4,0.000,0.000,0.000,0.000
2025-12-03 15:52:43,mlx5_5,0.000,0.000,147.158,404.685
2025-12-03 15:52:43,mlx5_6,0.000,0.000,0.000,0.000
2025-12-03 15:52:43,mlx5_7,0.000,0.000,0.000,0.000
2025-12-03 15:52:43,mlx5_8,0.000,0.000,146.690,403.994
2025-12-03 15:52:43,mlx5_9,0.000,0.000,0.000,0.000
2025-12-03 15:52:43,TOTAL,0.000,0.000,585.114,1617.421
2025-12-03 15:52:44,mlx5_0,0.000,0.000,0.000,0.000
2025-12-03 15:52:44,mlx5_1,0.000,0.000,144.284,402.959
2025-12-03 15:52:44,mlx5_2,0.000,0.000,0.000,0.000
2025-12-03 15:52:44,mlx5_3,0.000,0.000,146.981,405.784
2025-12-03 15:52:44,mlx5_4,0.000,0.000,0.000,0.000
2025-12-03 15:52:44,mlx5_5,0.000,0.000,147.158,404.685
2025-12-03 15:52:44,mlx5_6,0.000,0.000,0.000,0.000
2025-12-03 15:52:44,mlx5_7,0.000,0.000,0.000,0.000
2025-12-03 15:52:44,mlx5_8,0.000,0.000,146.690,403.994
2025-12-03 15:52:44,mlx5_9,0.000,0.000,0.000,0.000
2025-12-03 15:52:44,TOTAL,0.000,0.000,585.114,1617.421
2025-12-03 15:52:45,mlx5_0,0.000,0.000,0.000,0.000
2025-12-03 15:52:45,mlx5_1,0.199,56.900,144.309,410.103
2025-12-03 15:52:45,mlx5_2,0.000,0.000,0.000,0.000
2025-12-03 15:52:45,mlx5_3,0.169,56.506,147.002,412.878
2025-12-03 15:52:45,mlx5_4,0.000,0.000,0.000,0.000
2025-12-03 15:52:45,mlx5_5,0.167,56.804,147.179,411.816
2025-12-03 15:52:45,mlx5_6,0.000,0.000,0.000,0.000
2025-12-03 15:52:45,mlx5_7,0.000,0.000,0.000,0.000
2025-12-03 15:52:45,mlx5_8,0.180,56.432,146.713,411.079
2025-12-03 15:52:45,mlx5_9,0.000,0.000,0.000,0.000
2025-12-03 15:52:45,TOTAL,0.716,226.642,585.204,1645.876
2025-12-03 15:52:46,mlx5_0,0.000,0.000,0.000,0.000
2025-12-03 15:52:46,mlx5_1,0.000,0.000,144.309,410.103
2025-12-03 15:52:46,mlx5_2,0.000,0.000,0.000,0.000
2025-12-03 15:52:46,mlx5_3,0.000,0.000,147.002,412.878
2025-12-03 15:52:46,mlx5_4,0.000,0.000,0.000,0.000
2025-12-03 15:52:46,mlx5_5,0.000,0.000,147.179,411.816
2025-12-03 15:52:46,mlx5_6,0.000,0.000,0.000,0.000
2025-12-03 15:52:46,mlx5_7,0.000,0.000,0.000,0.000
2025-12-03 15:52:46,mlx5_8,0.000,0.000,146.713,411.079
2025-12-03 15:52:46,mlx5_9,0.000,0.000,0.000,0.000
2025-12-03 15:52:46,TOTAL,0.000,0.000,585.204,1645.876
2025-12-03 15:52:47,mlx5_0,0.000,0.000,0.000,0.000
2025-12-03 15:52:47,mlx5_1,0.000,0.000,144.309,410.103
2025-12-03 15:52:47,mlx5_2,0.000,0.000,0.000,0.000
2025-12-03 15:52:47,mlx5_3,0.000,0.000,147.002,412.878
2025-12-03 15:52:47,mlx5_4,0.000,0.000,0.000,0.000
2025-12-03 15:52:47,mlx5_5,0.000,0.000,147.179,411.816
2025-12-03 15:52:47,mlx5_6,0.000,0.000,0.000,0.000
2025-12-03 15:52:47,mlx5_7,0.000,0.000,0.000,0.000
2025-12-03 15:52:47,mlx5_8,0.000,0.000,146.713,411.079
2025-12-03 15:52:47,mlx5_9,0.000,0.000,0.000,0.000
2025-12-03 15:52:47,TOTAL,0.000,0.000,585.204,1645.876
2025-12-03 15:52:48,mlx5_0,0.000,0.000,0.000,0.000
2025-12-03 15:52:48,mlx5_1,9.398,0.013,145.489,410.105
2025-12-03 15:52:48,mlx5_2,0.000,0.000,0.000,0.000
2025-12-03 15:52:48,mlx5_3,9.269,0.014,148.166,412.880
2025-12-03 15:52:48,mlx5_4,0.000,0.000,0.000,0.000
2025-12-03 15:52:48,mlx5_5,9.212,0.014,148.336,411.818
2025-12-03 15:52:48,mlx5_6,0.000,0.000,0.000,0.000
2025-12-03 15:52:48,mlx5_7,0.000,0.000,0.000,0.000
2025-12-03 15:52:48,mlx5_8,9.369,0.013,147.889,411.080
2025-12-03 15:52:48,mlx5_9,0.000,0.000,0.000,0.000
2025-12-03 15:52:48,TOTAL,37.248,0.053,589.880,1645.883
2025-12-03 15:52:49,mlx5_0,0.000,0.000,0.000,0.000
2025-12-03 15:52:49,mlx5_1,0.000,0.000,145.489,410.105
2025-12-03 15:52:49,mlx5_2,0.000,0.000,0.000,0.000
2025-12-03 15:52:49,mlx5_3,0.000,0.000,148.166,412.880
2025-12-03 15:52:49,mlx5_4,0.000,0.000,0.000,0.000
2025-12-03 15:52:49,mlx5_5,0.000,0.000,148.336,411.818
2025-12-03 15:52:49,mlx5_6,0.000,0.000,0.000,0.000
2025-12-03 15:52:49,mlx5_7,0.000,0.000,0.000,0.000
2025-12-03 15:52:49,mlx5_8,0.000,0.000,147.889,411.080
2025-12-03 15:52:49,mlx5_9,0.000,0.000,0.000,0.000
2025-12-03 15:52:49,TOTAL,0.000,0.000,589.880,1645.883
2025-12-03 15:52:50,mlx5_0,0.000,0.000,0.000,0.000
2025-12-03 15:52:50,mlx5_1,0.000,0.000,145.489,410.105
2025-12-03 15:52:50,mlx5_2,0.000,0.000,0.000,0.000
2025-12-03 15:52:50,mlx5_3,0.000,0.000,148.166,412.880
2025-12-03 15:52:50,mlx5_4,0.000,0.000,0.000,0.000
2025-12-03 15:52:50,mlx5_5,0.000,0.000,148.336,411.818
2025-12-03 15:52:50,mlx5_6,0.000,0.000,0.000,0.000
2025-12-03 15:52:50,mlx5_7,0.000,0.000,0.000,0.000
2025-12-03 15:52:50,mlx5_8,0.000,0.000,147.889,411.080
2025-12-03 15:52:50,mlx5_9,0.000,0.000,0.000,0.000
2025-12-03 15:52:50,TOTAL,0.000,0.000,589.880,1645.883
2025-12-03 15:52:51,mlx5_0,0.000,0.000,0.000,0.000
2025-12-03 15:52:51,mlx5_1,4.168,0.006,146.012,410.105
2025-12-03 15:52:51,mlx5_2,0.000,0.000,0.000,0.000
2025-12-03 15:52:51,mlx5_3,4.256,0.006,148.700,412.881
2025-12-03 15:52:51,mlx5_4,0.000,0.000,0.000,0.000
2025-12-03 15:52:51,mlx5_5,4.268,0.006,148.872,411.819
2025-12-03 15:52:51,mlx5_6,0.000,0.000,0.000,0.000
2025-12-03 15:52:51,mlx5_7,0.000,0.000,0.000,0.000
2025-12-03 15:52:51,mlx5_8,4.121,0.006,148.406,411.081
2025-12-03 15:52:51,mlx5_9,0.000,0.000,0.000,0.000
2025-12-03 15:52:51,TOTAL,16.813,0.024,591.990,1645.886
2025-12-03 15:52:52,mlx5_0,0.000,0.000,0.000,0.000
2025-12-03 15:52:52,mlx5_1,5.214,0.007,146.667,410.106
2025-12-03 15:52:52,mlx5_2,0.000,0.000,0.000,0.000
2025-12-03 15:52:52,mlx5_3,5.035,0.008,149.332,412.882
2025-12-03 15:52:52,mlx5_4,0.000,0.000,0.000,0.000
2025-12-03 15:52:52,mlx5_5,5.132,0.008,149.516,411.820
2025-12-03 15:52:52,mlx5_6,0.000,0.000,0.000,0.000
2025-12-03 15:52:52,mlx5_7,0.000,0.000,0.000,0.000
2025-12-03 15:52:52,mlx5_8,5.044,0.007,149.039,411.082
2025-12-03 15:52:52,mlx5_9,0.000,0.000,0.000,0.000
2025-12-03 15:52:52,TOTAL,20.425,0.030,594.555,1645.890
2025-12-03 15:52:53,mlx5_0,0.000,0.000,0.000,0.000
2025-12-03 15:52:53,mlx5_1,0.000,0.000,146.667,410.106
2025-12-03 15:52:53,mlx5_2,0.000,0.000,0.000,0.000
2025-12-03 15:52:53,mlx5_3,0.000,0.000,149.332,412.882
2025-12-03 15:52:53,mlx5_4,0.000,0.000,0.000,0.000
2025-12-03 15:52:53,mlx5_5,0.000,0.000,149.516,411.820
2025-12-03 15:52:53,mlx5_6,0.000,0.000,0.000,0.000
2025-12-03 15:52:53,mlx5_7,0.000,0.000,0.000,0.000
2025-12-03 15:52:53,mlx5_8,0.000,0.000,149.039,411.082
2025-12-03 15:52:53,mlx5_9,0.000,0.000,0.000,0.000
2025-12-03 15:52:53,TOTAL,0.000,0.000,594.555,1645.890
2025-12-03 15:52:54,mlx5_0,0.000,0.000,0.000,0.000
2025-12-03 15:52:54,mlx5_1,0.000,0.000,146.667,410.106
2025-12-03 15:52:54,mlx5_2,0.000,0.000,0.000,0.000
2025-12-03 15:52:54,mlx5_3,0.000,0.000,149.332,412.882
2025-12-03 15:52:54,mlx5_4,0.000,0.000,0.000,0.000
2025-12-03 15:52:54,mlx5_5,0.000,0.000,149.516,411.820
2025-12-03 15:52:54,mlx5_6,0.000,0.000,0.000,0.000
2025-12-03 15:52:54,mlx5_7,0.000,0.000,0.000,0.000
2025-12-03 15:52:54,mlx5_8,0.000,0.000,149.039,411.082
2025-12-03 15:52:54,mlx5_9,0.000,0.000,0.000,0.000
2025-12-03 15:52:54,TOTAL,0.000,0.000,594.555,1645.890
2025-12-03 15:52:56,mlx5_0,0.000,0.000,0.000,0.000
2025-12-03 15:52:56,mlx5_1,9.479,0.013,147.857,410.108
2025-12-03 15:52:56,mlx5_2,0.000,0.000,0.000,0.000
2025-12-03 15:52:56,mlx5_3,9.286,0.014,150.498,412.883
2025-12-03 15:52:56,mlx5_4,0.000,0.000,0.000,0.000
2025-12-03 15:52:56,mlx5_5,9.545,0.014,150.714,411.822
2025-12-03 15:52:56,mlx5_6,0.000,0.000,0.000,0.000
2025-12-03 15:52:56,mlx5_7,0.000,0.000,0.000,0.000
2025-12-03 15:52:56,mlx5_8,9.424,0.013,150.222,411.084
2025-12-03 15:52:56,mlx5_9,0.000,0.000,0.000,0.000
2025-12-03 15:52:56,TOTAL,37.734,0.054,599.291,1645.897
2025-12-03 15:52:57,mlx5_0,0.000,0.000,0.000,0.000
2025-12-03 15:52:57,mlx5_1,0.000,0.000,147.857,410.108
2025-12-03 15:52:57,mlx5_2,0.000,0.000,0.000,0.000
2025-12-03 15:52:57,mlx5_3,0.000,0.000,150.498,412.883
2025-12-03 15:52:57,mlx5_4,0.000,0.000,0.000,0.000
2025-12-03 15:52:57,mlx5_5,0.000,0.000,150.714,411.822
2025-12-03 15:52:57,mlx5_6,0.000,0.000,0.000,0.000
2025-12-03 15:52:57,mlx5_7,0.000,0.000,0.000,0.000
2025-12-03 15:52:57,mlx5_8,0.000,0.000,150.222,411.084
2025-12-03 15:52:57,mlx5_9,0.000,0.000,0.000,0.000
2025-12-03 15:52:57,TOTAL,0.000,0.000,599.291,1645.897
2025-12-03 15:52:58,mlx5_0,0.000,0.000,0.000,0.000
2025-12-03 15:52:58,mlx5_1,0.000,0.000,147.857,410.108
2025-12-03 15:52:58,mlx5_2,0.000,0.000,0.000,0.000
2025-12-03 15:52:58,mlx5_3,0.000,0.000,150.498,412.883
2025-12-03 15:52:58,mlx5_4,0.000,0.000,0.000,0.000
2025-12-03 15:52:58,mlx5_5,0.000,0.000,150.714,411.822
2025-12-03 15:52:58,mlx5_6,0.000,0.000,0.000,0.000
2025-12-03 15:52:58,mlx5_7,0.000,0.000,0.000,0.000
2025-12-03 15:52:58,mlx5_8,0.000,0.000,150.222,411.084
2025-12-03 15:52:58,mlx5_9,0.000,0.000,0.000,0.000
2025-12-03 15:52:58,TOTAL,0.000,0.000,599.291,1645.897
2025-12-03 15:52:59,mlx5_0,0.000,0.000,0.000,0.000
2025-12-03 15:52:59,mlx5_1,0.000,0.000,147.857,410.108
2025-12-03 15:52:59,mlx5_2,0.000,0.000,0.000,0.000
2025-12-03 15:52:59,mlx5_3,0.000,0.000,150.498,412.883
2025-12-03 15:52:59,mlx5_4,0.000,0.000,0.000,0.000
2025-12-03 15:52:59,mlx5_5,0.000,0.000,150.714,411.822
2025-12-03 15:52:59,mlx5_6,0.000,0.000,0.000,0.000
2025-12-03 15:52:59,mlx5_7,0.000,0.000,0.000,0.000
2025-12-03 15:52:59,mlx5_8,0.000,0.000,150.222,411.084
2025-12-03 15:52:59,mlx5_9,0.000,0.000,0.000,0.000
2025-12-03 15:52:59,TOTAL,0.000,0.000,599.291,1645.897
2025-12-03 15:53:00,mlx5_0,0.000,0.000,0.000,0.000
2025-12-03 15:53:00,mlx5_1,6.648,0.009,148.691,410.109
2025-12-03 15:53:00,mlx5_2,0.000,0.000,0.000,0.000
2025-12-03 15:53:00,mlx5_3,6.710,0.010,151.340,412.885
2025-12-03 15:53:00,mlx5_4,0.000,0.000,0.000,0.000
2025-12-03 15:53:00,mlx5_5,6.779,0.010,151.565,411.823
2025-12-03 15:53:00,mlx5_6,0.000,0.000,0.000,0.000
2025-12-03 15:53:00,mlx5_7,0.000,0.000,0.000,0.000
2025-12-03 15:53:00,mlx5_8,6.816,0.009,151.078,411.085
2025-12-03 15:53:00,mlx5_9,0.000,0.000,0.000,0.000
2025-12-03 15:53:00,TOTAL,26.953,0.037,602.674,1645.901
2025-12-03 15:53:01,mlx5_0,0.000,0.000,0.000,0.000
2025-12-03 15:53:01,mlx5_1,2.615,0.004,149.020,410.110
2025-12-03 15:53:01,mlx5_2,0.000,0.000,0.000,0.000
2025-12-03 15:53:01,mlx5_3,2.514,0.004,151.656,412.885
2025-12-03 15:53:01,mlx5_4,0.000,0.000,0.000,0.000
2025-12-03 15:53:01,mlx5_5,2.611,0.004,151.893,411.823
2025-12-03 15:53:01,mlx5_6,0.000,0.000,0.000,0.000
2025-12-03 15:53:01,mlx5_7,0.000,0.000,0.000,0.000
2025-12-03 15:53:01,mlx5_8,2.552,0.004,151.398,411.085
2025-12-03 15:53:01,mlx5_9,0.000,0.000,0.000,0.000
2025-12-03 15:53:01,TOTAL,10.291,0.016,603.967,1645.903
2025-12-03 15:53:02,mlx5_0,0.000,0.000,0.000,0.000
2025-12-03 15:53:02,mlx5_1,0.000,0.000,149.020,410.110
2025-12-03 15:53:02,mlx5_2,0.000,0.000,0.000,0.000
2025-12-03 15:53:02,mlx5_3,0.000,0.000,151.656,412.885
2025-12-03 15:53:02,mlx5_4,0.000,0.000,0.000,0.000
2025-12-03 15:53:02,mlx5_5,0.000,0.000,151.893,411.823
2025-12-03 15:53:02,mlx5_6,0.000,0.000,0.000,0.000
2025-12-03 15:53:02,mlx5_7,0.000,0.000,0.000,0.000
2025-12-03 15:53:02,mlx5_8,0.000,0.000,151.398,411.085
2025-12-03 15:53:02,mlx5_9,0.000,0.000,0.000,0.000
2025-12-03 15:53:02,TOTAL,0.000,0.000,603.967,1645.903
2025-12-03 15:53:03,mlx5_0,0.000,0.000,0.000,0.000
2025-12-03 15:53:03,mlx5_1,0.000,0.000,149.020,410.110
2025-12-03 15:53:03,mlx5_2,0.000,0.000,0.000,0.000
2025-12-03 15:53:03,mlx5_3,0.000,0.000,151.656,412.885
2025-12-03 15:53:03,mlx5_4,0.000,0.000,0.000,0.000
2025-12-03 15:53:03,mlx5_5,0.000,0.000,151.893,411.823
2025-12-03 15:53:03,mlx5_6,0.000,0.000,0.000,0.000
2025-12-03 15:53:03,mlx5_7,0.000,0.000,0.000,0.000
2025-12-03 15:53:03,mlx5_8,0.000,0.000,151.398,411.085
2025-12-03 15:53:03,mlx5_9,0.000,0.000,0.000,0.000
2025-12-03 15:53:03,TOTAL,0.000,0.000,603.967,1645.903
2025-12-03 15:53:04,mlx5_0,0.000,0.000,0.000,0.000
2025-12-03 15:53:04,mlx5_1,0.000,0.000,149.020,410.110
2025-12-03 15:53:04,mlx5_2,0.000,0.000,0.000,0.000
2025-12-03 15:53:04,mlx5_3,0.000,0.000,151.656,412.885
2025-12-03 15:53:04,mlx5_4,0.000,0.000,0.000,0.000
2025-12-03 15:53:04,mlx5_5,0.000,0.000,151.893,411.823
2025-12-03 15:53:04,mlx5_6,0.000,0.000,0.000,0.000
2025-12-03 15:53:04,mlx5_7,0.000,0.000,0.000,0.000
2025-12-03 15:53:04,mlx5_8,0.000,0.000,151.398,411.085
2025-12-03 15:53:04,mlx5_9,0.000,0.000,0.000,0.000
2025-12-03 15:53:04,TOTAL,0.000,0.000,603.967,1645.903
2025-12-03 15:53:05,mlx5_0,0.000,0.000,0.000,0.000
2025-12-03 15:53:05,mlx5_1,9.293,0.013,150.187,410.111
2025-12-03 15:53:05,mlx5_2,0.000,0.000,0.000,0.000
2025-12-03 15:53:05,mlx5_3,9.289,0.014,152.823,412.887
2025-12-03 15:53:05,mlx5_4,0.000,0.000,0.000,0.000
2025-12-03 15:53:05,mlx5_5,9.348,0.014,153.067,411.825
2025-12-03 15:53:05,mlx5_6,0.000,0.000,0.000,0.000
2025-12-03 15:53:05,mlx5_7,0.000,0.000,0.000,0.000
2025-12-03 15:53:05,mlx5_8,9.296,0.013,152.566,411.087
2025-12-03 15:53:05,mlx5_9,0.000,0.000,0.000,0.000
2025-12-03 15:53:05,TOTAL,37.226,0.053,608.642,1645.910
2025-12-03 15:53:06,mlx5_0,0.000,0.000,0.000,0.000
2025-12-03 15:53:06,mlx5_1,0.000,0.000,150.187,410.111
2025-12-03 15:53:06,mlx5_2,0.000,0.000,0.000,0.000
2025-12-03 15:53:06,mlx5_3,0.000,0.000,152.823,412.887
2025-12-03 15:53:06,mlx5_4,0.000,0.000,0.000,0.000
2025-12-03 15:53:06,mlx5_5,0.000,0.000,153.067,411.825
2025-12-03 15:53:06,mlx5_6,0.000,0.000,0.000,0.000
2025-12-03 15:53:06,mlx5_7,0.000,0.000,0.000,0.000
2025-12-03 15:53:06,mlx5_8,0.000,0.000,152.566,411.087
2025-12-03 15:53:06,mlx5_9,0.000,0.000,0.000,0.000
2025-12-03 15:53:06,TOTAL,0.000,0.000,608.642,1645.910
2025-12-03 15:53:07,mlx5_0,0.000,0.000,0.000,0.000
2025-12-03 15:53:07,mlx5_1,0.000,0.000,150.187,410.111
2025-12-03 15:53:07,mlx5_2,0.000,0.000,0.000,0.000
2025-12-03 15:53:07,mlx5_3,0.000,0.000,152.823,412.887
2025-12-03 15:53:07,mlx5_4,0.000,0.000,0.000,0.000
2025-12-03 15:53:07,mlx5_5,0.000,0.000,153.067,411.825
2025-12-03 15:53:07,mlx5_6,0.000,0.000,0.000,0.000
2025-12-03 15:53:07,mlx5_7,0.000,0.000,0.000,0.000
2025-12-03 15:53:07,mlx5_8,0.000,0.000,152.566,411.087
2025-12-03 15:53:07,mlx5_9,0.000,0.000,0.000,0.000
2025-12-03 15:53:07,TOTAL,0.000,0.000,608.642,1645.910
2025-12-03 15:53:08,mlx5_0,0.000,0.000,0.000,0.000
2025-12-03 15:53:08,mlx5_1,0.000,0.000,150.187,410.111
2025-12-03 15:53:08,mlx5_2,0.000,0.000,0.000,0.000
2025-12-03 15:53:08,mlx5_3,0.000,0.000,152.823,412.887
2025-12-03 15:53:08,mlx5_4,0.000,0.000,0.000,0.000
2025-12-03 15:53:08,mlx5_5,0.000,0.000,153.067,411.825
2025-12-03 15:53:08,mlx5_6,0.000,0.000,0.000,0.000
2025-12-03 15:53:08,mlx5_7,0.000,0.000,0.000,0.000
2025-12-03 15:53:08,mlx5_8,0.000,0.000,152.566,411.087
2025-12-03 15:53:08,mlx5_9,0.000,0.000,0.000,0.000
2025-12-03 15:53:08,TOTAL,0.000,0.000,608.642,1645.910
2025-12-03 15:53:09,mlx5_0,0.000,0.000,0.000,0.000
2025-12-03 15:53:09,mlx5_1,4.887,0.007,150.800,410.112
2025-12-03 15:53:09,mlx5_2,0.000,0.000,0.000,0.000
2025-12-03 15:53:09,mlx5_3,4.836,0.007,153.430,412.888
2025-12-03 15:53:09,mlx5_4,0.000,0.000,0.000,0.000
2025-12-03 15:53:09,mlx5_5,4.971,0.008,153.691,411.826
2025-12-03 15:53:09,mlx5_6,0.000,0.000,0.000,0.000
2025-12-03 15:53:09,mlx5_7,0.000,0.000,0.000,0.000
2025-12-03 15:53:09,mlx5_8,4.942,0.007,153.186,411.088
2025-12-03 15:53:09,mlx5_9,0.000,0.000,0.000,0.000
2025-12-03 15:53:09,TOTAL,19.636,0.029,611.108,1645.914
2025-12-03 15:53:10,mlx5_0,0.000,0.000,0.000,0.000
2025-12-03 15:53:10,mlx5_1,4.439,0.006,151.358,410.113
2025-12-03 15:53:10,mlx5_2,0.000,0.000,0.000,0.000
2025-12-03 15:53:10,mlx5_3,4.315,0.006,153.972,412.889
2025-12-03 15:53:10,mlx5_4,0.000,0.000,0.000,0.000
2025-12-03 15:53:10,mlx5_5,4.391,0.006,154.243,411.827
2025-12-03 15:53:10,mlx5_6,0.000,0.000,0.000,0.000
2025-12-03 15:53:10,mlx5_7,0.000,0.000,0.000,0.000
2025-12-03 15:53:10,mlx5_8,4.445,0.006,153.745,411.089
2025-12-03 15:53:10,mlx5_9,0.000,0.000,0.000,0.000
2025-12-03 15:53:10,TOTAL,17.590,0.024,613.318,1645.917
2025-12-03 15:53:11,mlx5_0,0.000,0.000,0.000,0.000
2025-12-03 15:53:11,mlx5_1,1.355,0.002,151.528,410.113
2025-12-03 15:53:11,mlx5_2,0.000,0.000,0.000,0.000
2025-12-03 15:53:11,mlx5_3,1.312,0.002,154.137,412.889
2025-12-03 15:53:11,mlx5_4,0.000,0.000,0.000,0.000
2025-12-03 15:53:11,mlx5_5,1.394,0.002,154.418,411.827
2025-12-03 15:53:11,mlx5_6,0.000,0.000,0.000,0.000
2025-12-03 15:53:11,mlx5_7,0.000,0.000,0.000,0.000
2025-12-03 15:53:11,mlx5_8,1.317,0.002,153.910,411.089
2025-12-03 15:53:11,mlx5_9,0.000,0.000,0.000,0.000
2025-12-03 15:53:11,TOTAL,5.379,0.008,613.993,1645.918
2025-12-03 15:53:12,mlx5_0,0.000,0.000,0.000,0.000
2025-12-03 15:53:12,mlx5_1,0.137,42.304,151.546,415.428
2025-12-03 15:53:12,mlx5_2,0.000,0.000,0.000,0.000
2025-12-03 15:53:12,mlx5_3,0.111,42.346,154.151,418.209
2025-12-03 15:53:12,mlx5_4,0.000,0.000,0.000,0.000
2025-12-03 15:53:12,mlx5_5,0.114,41.961,154.432,417.099
2025-12-03 15:53:12,mlx5_6,0.000,0.000,0.000,0.000
2025-12-03 15:53:12,mlx5_7,0.000,0.000,0.000,0.000
2025-12-03 15:53:12,mlx5_8,0.131,42.066,153.927,416.374
2025-12-03 15:53:12,mlx5_9,0.000,0.000,0.000,0.000
2025-12-03 15:53:12,TOTAL,0.492,168.677,614.055,1667.111
2025-12-03 15:53:13,mlx5_0,0.000,0.000,0.000,0.000
2025-12-03 15:53:13,mlx5_1,0.002,0.841,151.546,415.534
2025-12-03 15:53:13,mlx5_2,0.000,0.000,0.000,0.000
2025-12-03 15:53:13,mlx5_3,0.003,1.308,154.151,418.374
2025-12-03 15:53:13,mlx5_4,0.000,0.000,0.000,0.000
2025-12-03 15:53:13,mlx5_5,0.003,1.408,154.433,417.276
2025-12-03 15:53:13,mlx5_6,0.000,0.000,0.000,0.000
2025-12-03 15:53:13,mlx5_7,0.000,0.000,0.000,0.000
2025-12-03 15:53:13,mlx5_8,0.003,1.243,153.927,416.530
2025-12-03 15:53:13,mlx5_9,0.000,0.000,0.000,0.000
2025-12-03 15:53:13,TOTAL,0.010,4.800,614.057,1667.714
2025-12-03 15:53:14,mlx5_0,0.000,0.000,0.000,0.000
2025-12-03 15:53:14,mlx5_1,0.001,0.367,151.546,415.580
2025-12-03 15:53:14,mlx5_2,0.000,0.000,0.000,0.000
2025-12-03 15:53:14,mlx5_3,0.001,0.421,154.151,418.427
2025-12-03 15:53:14,mlx5_4,0.000,0.000,0.000,0.000
2025-12-03 15:53:14,mlx5_5,0.001,0.412,154.433,417.328
2025-12-03 15:53:14,mlx5_6,0.000,0.000,0.000,0.000
2025-12-03 15:53:14,mlx5_7,0.000,0.000,0.000,0.000
2025-12-03 15:53:14,mlx5_8,0.001,0.412,153.927,416.582
2025-12-03 15:53:14,mlx5_9,0.000,0.000,0.000,0.000
2025-12-03 15:53:14,TOTAL,0.003,1.613,614.057,1667.917
2025-12-03 15:53:15,mlx5_0,0.000,0.000,0.000,0.000
2025-12-03 15:53:15,mlx5_1,0.000,0.000,151.546,415.580
2025-12-03 15:53:15,mlx5_2,0.000,0.000,0.000,0.000
2025-12-03 15:53:15,mlx5_3,0.000,0.000,154.151,418.427
2025-12-03 15:53:15,mlx5_4,0.000,0.000,0.000,0.000
2025-12-03 15:53:15,mlx5_5,0.000,0.000,154.433,417.328
2025-12-03 15:53:15,mlx5_6,0.000,0.000,0.000,0.000
2025-12-03 15:53:15,mlx5_7,0.000,0.000,0.000,0.000
2025-12-03 15:53:15,mlx5_8,0.000,0.000,153.927,416.582
2025-12-03 15:53:15,mlx5_9,0.000,0.000,0.000,0.000
2025-12-03 15:53:15,TOTAL,0.000,0.000,614.057,1667.917
2025-12-03 15:53:16,mlx5_0,0.000,0.000,0.000,0.000
2025-12-03 15:53:16,mlx5_1,0.001,0.461,151.546,415.638
2025-12-03 15:53:16,mlx5_2,0.000,0.000,0.000,0.000
2025-12-03 15:53:16,mlx5_3,0.002,1.148,154.151,418.571
2025-12-03 15:53:16,mlx5_4,0.000,0.000,0.000,0.000
2025-12-03 15:53:16,mlx5_5,0.002,1.117,154.433,417.468
2025-12-03 15:53:16,mlx5_6,0.000,0.000,0.000,0.000
2025-12-03 15:53:16,mlx5_7,0.000,0.000,0.000,0.000
2025-12-03 15:53:16,mlx5_8,0.002,1.166,153.927,416.729
2025-12-03 15:53:16,mlx5_9,0.000,0.000,0.000,0.000
2025-12-03 15:53:16,TOTAL,0.006,3.892,614.058,1668.406
2025-12-03 15:53:17,mlx5_0,0.000,0.000,0.000,0.000
2025-12-03 15:53:17,mlx5_1,0.000,0.000,151.546,415.638
2025-12-03 15:53:17,mlx5_2,0.000,0.000,0.000,0.000
2025-12-03 15:53:17,mlx5_3,0.000,0.000,154.151,418.571
2025-12-03 15:53:17,mlx5_4,0.000,0.000,0.000,0.000
2025-12-03 15:53:17,mlx5_5,0.000,0.000,154.433,417.468
2025-12-03 15:53:17,mlx5_6,0.000,0.000,0.000,0.000
2025-12-03 15:53:17,mlx5_7,0.000,0.000,0.000,0.000
2025-12-03 15:53:17,mlx5_8,0.000,0.000,153.927,416.729
2025-12-03 15:53:17,mlx5_9,0.000,0.000,0.000,0.000
2025-12-03 15:53:17,TOTAL,0.000,0.000,614.058,1668.406
2025-12-03 15:53:18,mlx5_0,0.000,0.000,0.000,0.000
2025-12-03 15:53:18,mlx5_1,0.000,0.000,151.546,415.638
2025-12-03 15:53:18,mlx5_2,0.000,0.000,0.000,0.000
2025-12-03 15:53:18,mlx5_3,0.000,0.000,154.151,418.571
2025-12-03 15:53:18,mlx5_4,0.000,0.000,0.000,0.000
2025-12-03 15:53:18,mlx5_5,0.000,0.000,154.433,417.468
2025-12-03 15:53:18,mlx5_6,0.000,0.000,0.000,0.000
2025-12-03 15:53:18,mlx5_7,0.000,0.000,0.000,0.000
2025-12-03 15:53:18,mlx5_8,0.000,0.000,153.927,416.729
2025-12-03 15:53:18,mlx5_9,0.000,0.000,0.000,0.000
2025-12-03 15:53:18,TOTAL,0.000,0.000,614.058,1668.406
2025-12-03 15:53:19,mlx5_0,0.000,0.000,0.000,0.000
2025-12-03 15:53:19,mlx5_1,0.000,0.000,151.546,415.638
2025-12-03 15:53:19,mlx5_2,0.000,0.000,0.000,0.000
2025-12-03 15:53:19,mlx5_3,0.000,0.000,154.151,418.571
2025-12-03 15:53:19,mlx5_4,0.000,0.000,0.000,0.000
2025-12-03 15:53:19,mlx5_5,0.000,0.000,154.433,417.468
2025-12-03 15:53:19,mlx5_6,0.000,0.000,0.000,0.000
2025-12-03 15:53:19,mlx5_7,0.000,0.000,0.000,0.000
2025-12-03 15:53:19,mlx5_8,0.000,0.000,153.927,416.729
2025-12-03 15:53:19,mlx5_9,0.000,0.000,0.000,0.000
2025-12-03 15:53:19,TOTAL,0.000,0.000,614.058,1668.406
2025-12-03 15:53:20,mlx5_0,0.000,0.000,0.000,0.000
2025-12-03 15:53:20,mlx5_1,0.000,0.000,151.546,415.638
2025-12-03 15:53:20,mlx5_2,0.000,0.000,0.000,0.000
2025-12-03 15:53:20,mlx5_3,0.000,0.000,154.151,418.571
2025-12-03 15:53:20,mlx5_4,0.000,0.000,0.000,0.000
2025-12-03 15:53:20,mlx5_5,0.000,0.000,154.433,417.468
2025-12-03 15:53:20,mlx5_6,0.000,0.000,0.000,0.000
2025-12-03 15:53:20,mlx5_7,0.000,0.000,0.000,0.000
2025-12-03 15:53:20,mlx5_8,0.000,0.000,153.927,416.729
2025-12-03 15:53:20,mlx5_9,0.000,0.000,0.000,0.000
2025-12-03 15:53:20,TOTAL,0.000,0.000,614.058,1668.406
2025-12-03 15:53:21,mlx5_0,0.000,0.000,0.000,0.000
2025-12-03 15:53:21,mlx5_1,0.000,0.000,151.546,415.638
2025-12-03 15:53:21,mlx5_2,0.000,0.000,0.000,0.000
2025-12-03 15:53:21,mlx5_3,0.000,0.000,154.151,418.571
2025-12-03 15:53:21,mlx5_4,0.000,0.000,0.000,0.000
2025-12-03 15:53:21,mlx5_5,0.000,0.000,154.433,417.468
2025-12-03 15:53:21,mlx5_6,0.000,0.000,0.000,0.000
2025-12-03 15:53:21,mlx5_7,0.000,0.000,0.000,0.000
2025-12-03 15:53:21,mlx5_8,0.000,0.000,153.927,416.729
2025-12-03 15:53:21,mlx5_9,0.000,0.000,0.000,0.000
2025-12-03 15:53:21,TOTAL,0.000,0.000,614.058,1668.406
2025-12-03 15:53:22,mlx5_0,0.000,0.000,0.000,0.000
2025-12-03 15:53:22,mlx5_1,0.000,0.000,151.546,415.638
2025-12-03 15:53:22,mlx5_2,0.000,0.000,0.000,0.000
2025-12-03 15:53:22,mlx5_3,0.000,0.000,154.151,418.571
2025-12-03 15:53:22,mlx5_4,0.000,0.000,0.000,0.000
2025-12-03 15:53:22,mlx5_5,0.000,0.000,154.433,417.468
2025-12-03 15:53:22,mlx5_6,0.000,0.000,0.000,0.000
2025-12-03 15:53:22,mlx5_7,0.000,0.000,0.000,0.000
2025-12-03 15:53:22,mlx5_8,0.000,0.000,153.927,416.729
2025-12-03 15:53:22,mlx5_9,0.000,0.000,0.000,0.000
2025-12-03 15:53:22,TOTAL,0.000,0.000,614.058,1668.406
2025-12-03 15:53:23,mlx5_0,0.000,0.000,0.000,0.000
2025-12-03 15:53:23,mlx5_1,0.000,0.000,151.546,415.638
2025-12-03 15:53:23,mlx5_2,0.000,0.000,0.000,0.000
2025-12-03 15:53:23,mlx5_3,0.000,0.000,154.151,418.571
2025-12-03 15:53:23,mlx5_4,0.000,0.000,0.000,0.000
2025-12-03 15:53:23,mlx5_5,0.000,0.000,154.433,417.468
2025-12-03 15:53:23,mlx5_6,0.000,0.000,0.000,0.000
2025-12-03 15:53:23,mlx5_7,0.000,0.000,0.000,0.000
2025-12-03 15:53:23,mlx5_8,0.000,0.000,153.927,416.729
2025-12-03 15:53:23,mlx5_9,0.000,0.000,0.000,0.000
2025-12-03 15:53:23,TOTAL,0.000,0.000,614.058,1668.406
2025-12-03 15:53:24,mlx5_0,0.000,0.000,0.000,0.000
2025-12-03 15:53:24,mlx5_1,0.000,0.000,151.546,415.638
2025-12-03 15:53:24,mlx5_2,0.000,0.000,0.000,0.000
2025-12-03 15:53:24,mlx5_3,0.000,0.000,154.151,418.571
2025-12-03 15:53:24,mlx5_4,0.000,0.000,0.000,0.000
2025-12-03 15:53:24,mlx5_5,0.000,0.000,154.433,417.468
2025-12-03 15:53:24,mlx5_6,0.000,0.000,0.000,0.000
2025-12-03 15:53:24,mlx5_7,0.000,0.000,0.000,0.000
2025-12-03 15:53:24,mlx5_8,0.000,0.000,153.927,416.729
2025-12-03 15:53:24,mlx5_9,0.000,0.000,0.000,0.000
2025-12-03 15:53:24,TOTAL,0.000,0.000,614.058,1668.406
2025-12-03 15:53:25,mlx5_0,0.000,0.000,0.000,0.000
2025-12-03 15:53:25,mlx5_1,0.000,0.000,151.546,415.638
2025-12-03 15:53:25,mlx5_2,0.000,0.000,0.000,0.000
2025-12-03 15:53:25,mlx5_3,0.000,0.000,154.151,418.571
2025-12-03 15:53:25,mlx5_4,0.000,0.000,0.000,0.000
2025-12-03 15:53:25,mlx5_5,0.000,0.000,154.433,417.468
2025-12-03 15:53:25,mlx5_6,0.000,0.000,0.000,0.000
2025-12-03 15:53:25,mlx5_7,0.000,0.000,0.000,0.000
2025-12-03 15:53:25,mlx5_8,0.000,0.000,153.927,416.729
2025-12-03 15:53:25,mlx5_9,0.000,0.000,0.000,0.000
2025-12-03 15:53:25,TOTAL,0.000,0.000,614.058,1668.406
2025-12-03 15:53:26,mlx5_0,0.000,0.000,0.000,0.000
2025-12-03 15:53:26,mlx5_1,0.000,0.000,151.546,415.638
2025-12-03 15:53:26,mlx5_2,0.000,0.000,0.000,0.000
2025-12-03 15:53:26,mlx5_3,0.000,0.000,154.151,418.571
2025-12-03 15:53:26,mlx5_4,0.000,0.000,0.000,0.000
2025-12-03 15:53:26,mlx5_5,0.000,0.000,154.433,417.468
2025-12-03 15:53:26,mlx5_6,0.000,0.000,0.000,0.000
2025-12-03 15:53:26,mlx5_7,0.000,0.000,0.000,0.000
2025-12-03 15:53:26,mlx5_8,0.000,0.000,153.928,416.729
2025-12-03 15:53:26,mlx5_9,0.000,0.000,0.000,0.000
2025-12-03 15:53:26,TOTAL,0.000,0.000,614.058,1668.406
2025-12-03 15:53:27,mlx5_0,0.000,0.000,0.000,0.000
2025-12-03 15:53:27,mlx5_1,0.000,0.000,151.546,415.638
2025-12-03 15:53:27,mlx5_2,0.000,0.000,0.000,0.000
2025-12-03 15:53:27,mlx5_3,0.000,0.000,154.151,418.571
2025-12-03 15:53:27,mlx5_4,0.000,0.000,0.000,0.000
2025-12-03 15:53:27,mlx5_5,0.000,0.000,154.433,417.468
2025-12-03 15:53:27,mlx5_6,0.000,0.000,0.000,0.000
2025-12-03 15:53:27,mlx5_7,0.000,0.000,0.000,0.000
2025-12-03 15:53:27,mlx5_8,0.000,0.000,153.928,416.729
2025-12-03 15:53:27,mlx5_9,0.000,0.000,0.000,0.000
2025-12-03 15:53:27,TOTAL,0.000,0.000,614.058,1668.406
2025-12-03 15:53:28,mlx5_0,0.000,0.000,0.000,0.000
2025-12-03 15:53:28,mlx5_1,0.000,0.000,151.546,415.638
2025-12-03 15:53:28,mlx5_2,0.000,0.000,0.000,0.000
2025-12-03 15:53:28,mlx5_3,0.000,0.000,154.151,418.571
2025-12-03 15:53:28,mlx5_4,0.000,0.000,0.000,0.000
2025-12-03 15:53:28,mlx5_5,0.000,0.000,154.433,417.468
2025-12-03 15:53:28,mlx5_6,0.000,0.000,0.000,0.000
2025-12-03 15:53:28,mlx5_7,0.000,0.000,0.000,0.000
2025-12-03 15:53:28,mlx5_8,0.000,0.000,153.928,416.729
2025-12-03 15:53:28,mlx5_9,0.000,0.000,0.000,0.000
2025-12-03 15:53:28,TOTAL,0.000,0.000,614.058,1668.406
2025-12-03 15:53:29,mlx5_0,0.000,0.000,0.000,0.000
2025-12-03 15:53:29,mlx5_1,0.000,0.000,151.546,415.638
2025-12-03 15:53:29,mlx5_2,0.000,0.000,0.000,0.000
2025-12-03 15:53:29,mlx5_3,0.000,0.000,154.151,418.571
2025-12-03 15:53:29,mlx5_4,0.000,0.000,0.000,0.000
2025-12-03 15:53:29,mlx5_5,0.000,0.000,154.433,417.468
2025-12-03 15:53:29,mlx5_6,0.000,0.000,0.000,0.000
2025-12-03 15:53:29,mlx5_7,0.000,0.000,0.000,0.000
2025-12-03 15:53:29,mlx5_8,0.000,0.000,153.928,416.729
2025-12-03 15:53:29,mlx5_9,0.000,0.000,0.000,0.000
2025-12-03 15:53:29,TOTAL,0.000,0.000,614.058,1668.406
2025-12-03 15:53:30,mlx5_0,0.000,0.000,0.000,0.000
2025-12-03 15:53:30,mlx5_1,0.000,0.000,151.546,415.638
2025-12-03 15:53:30,mlx5_2,0.000,0.000,0.000,0.000
2025-12-03 15:53:30,mlx5_3,0.000,0.000,154.151,418.571
2025-12-03 15:53:30,mlx5_4,0.000,0.000,0.000,0.000
2025-12-03 15:53:30,mlx5_5,0.000,0.000,154.433,417.468
2025-12-03 15:53:30,mlx5_6,0.000,0.000,0.000,0.000
2025-12-03 15:53:30,mlx5_7,0.000,0.000,0.000,0.000
2025-12-03 15:53:30,mlx5_8,0.000,0.000,153.928,416.729
2025-12-03 15:53:30,mlx5_9,0.000,0.000,0.000,0.000
2025-12-03 15:53:30,TOTAL,0.000,0.000,614.058,1668.406
2025-12-03 15:53:31,mlx5_0,0.000,0.000,0.000,0.000
2025-12-03 15:53:31,mlx5_1,0.000,0.000,151.546,415.638
2025-12-03 15:53:31,mlx5_2,0.000,0.000,0.000,0.000
2025-12-03 15:53:31,mlx5_3,0.000,0.000,154.151,418.571
2025-12-03 15:53:31,mlx5_4,0.000,0.000,0.000,0.000
2025-12-03 15:53:31,mlx5_5,0.000,0.000,154.433,417.468
2025-12-03 15:53:31,mlx5_6,0.000,0.000,0.000,0.000
2025-12-03 15:53:31,mlx5_7,0.000,0.000,0.000,0.000
2025-12-03 15:53:31,mlx5_8,0.000,0.000,153.928,416.729
2025-12-03 15:53:31,mlx5_9,0.000,0.000,0.000,0.000
2025-12-03 15:53:31,TOTAL,0.000,0.000,614.058,1668.406
2025-12-03 15:53:32,mlx5_0,0.000,0.000,0.000,0.000
2025-12-03 15:53:32,mlx5_1,0.000,0.000,151.546,415.638
2025-12-03 15:53:32,mlx5_2,0.000,0.000,0.000,0.000
2025-12-03 15:53:32,mlx5_3,0.000,0.000,154.151,418.571
2025-12-03 15:53:32,mlx5_4,0.000,0.000,0.000,0.000
2025-12-03 15:53:32,mlx5_5,0.000,0.000,154.433,417.468
2025-12-03 15:53:32,mlx5_6,0.000,0.000,0.000,0.000
2025-12-03 15:53:32,mlx5_7,0.000,0.000,0.000,0.000
2025-12-03 15:53:32,mlx5_8,0.000,0.000,153.928,416.729
2025-12-03 15:53:32,mlx5_9,0.000,0.000,0.000,0.000
2025-12-03 15:53:32,TOTAL,0.000,0.000,614.058,1668.406
2025-12-03 15:53:33,mlx5_0,0.000,0.000,0.000,0.000
2025-12-03 15:53:33,mlx5_1,0.000,0.000,151.546,415.638
2025-12-03 15:53:33,mlx5_2,0.000,0.000,0.000,0.000
2025-12-03 15:53:33,mlx5_3,0.000,0.000,154.151,418.571
2025-12-03 15:53:33,mlx5_4,0.000,0.000,0.000,0.000
2025-12-03 15:53:33,mlx5_5,0.000,0.000,154.433,417.468
2025-12-03 15:53:33,mlx5_6,0.000,0.000,0.000,0.000
2025-12-03 15:53:33,mlx5_7,0.000,0.000,0.000,0.000
2025-12-03 15:53:33,mlx5_8,0.000,0.000,153.928,416.729
2025-12-03 15:53:33,mlx5_9,0.000,0.000,0.000,0.000
2025-12-03 15:53:33,TOTAL,0.000,0.000,614.058,1668.406
2025-12-03 15:53:34,mlx5_0,0.000,0.000,0.000,0.000
2025-12-03 15:53:34,mlx5_1,0.000,0.000,151.546,415.638
2025-12-03 15:53:34,mlx5_2,0.000,0.000,0.000,0.000
2025-12-03 15:53:34,mlx5_3,0.000,0.000,154.151,418.571
2025-12-03 15:53:34,mlx5_4,0.000,0.000,0.000,0.000
2025-12-03 15:53:34,mlx5_5,0.000,0.000,154.433,417.468
2025-12-03 15:53:34,mlx5_6,0.000,0.000,0.000,0.000
2025-12-03 15:53:34,mlx5_7,0.000,0.000,0.000,0.000
2025-12-03 15:53:34,mlx5_8,0.000,0.000,153.928,416.729
2025-12-03 15:53:34,mlx5_9,0.000,0.000,0.000,0.000
2025-12-03 15:53:34,TOTAL,0.000,0.000,614.058,1668.406
2025-12-03 15:53:35,mlx5_0,0.000,0.000,0.000,0.000
2025-12-03 15:53:35,mlx5_1,0.000,0.000,151.546,415.638
2025-12-03 15:53:35,mlx5_2,0.000,0.000,0.000,0.000
2025-12-03 15:53:35,mlx5_3,0.000,0.000,154.151,418.571
2025-12-03 15:53:35,mlx5_4,0.000,0.000,0.000,0.000
2025-12-03 15:53:35,mlx5_5,0.000,0.000,154.433,417.468
2025-12-03 15:53:35,mlx5_6,0.000,0.000,0.000,0.000
2025-12-03 15:53:35,mlx5_7,0.000,0.000,0.000,0.000
2025-12-03 15:53:35,mlx5_8,0.000,0.000,153.928,416.729
2025-12-03 15:53:35,mlx5_9,0.000,0.000,0.000,0.000
2025-12-03 15:53:35,TOTAL,0.000,0.000,614.058,1668.406
2025-12-03 15:53:36,mlx5_0,0.000,0.000,0.000,0.000
2025-12-03 15:53:36,mlx5_1,0.000,0.000,151.546,415.638
2025-12-03 15:53:36,mlx5_2,0.000,0.000,0.000,0.000
2025-12-03 15:53:36,mlx5_3,0.000,0.000,154.151,418.571
2025-12-03 15:53:36,mlx5_4,0.000,0.000,0.000,0.000
2025-12-03 15:53:36,mlx5_5,0.000,0.000,154.433,417.468
2025-12-03 15:53:36,mlx5_6,0.000,0.000,0.000,0.000
2025-12-03 15:53:36,mlx5_7,0.000,0.000,0.000,0.000
2025-12-03 15:53:36,mlx5_8,0.000,0.000,153.928,416.729
2025-12-03 15:53:36,mlx5_9,0.000,0.000,0.000,0.000
2025-12-03 15:53:36,TOTAL,0.000,0.000,614.058,1668.406
2025-12-03 15:53:37,mlx5_0,0.000,0.000,0.000,0.000
2025-12-03 15:53:37,mlx5_1,0.000,0.000,151.546,415.638
2025-12-03 15:53:37,mlx5_2,0.000,0.000,0.000,0.000
2025-12-03 15:53:37,mlx5_3,0.000,0.000,154.151,418.571
2025-12-03 15:53:37,mlx5_4,0.000,0.000,0.000,0.000
2025-12-03 15:53:37,mlx5_5,0.000,0.000,154.433,417.468
2025-12-03 15:53:37,mlx5_6,0.000,0.000,0.000,0.000
2025-12-03 15:53:37,mlx5_7,0.000,0.000,0.000,0.000
2025-12-03 15:53:37,mlx5_8,0.000,0.000,153.928,416.729
2025-12-03 15:53:37,mlx5_9,0.000,0.000,0.000,0.000
2025-12-03 15:53:37,TOTAL,0.000,0.000,614.058,1668.406
2025-12-03 15:53:38,mlx5_0,0.000,0.000,0.000,0.000
2025-12-03 15:53:38,mlx5_1,0.000,0.000,151.546,415.638
2025-12-03 15:53:38,mlx5_2,0.000,0.000,0.000,0.000
2025-12-03 15:53:38,mlx5_3,0.000,0.000,154.151,418.571
2025-12-03 15:53:38,mlx5_4,0.000,0.000,0.000,0.000
2025-12-03 15:53:38,mlx5_5,0.000,0.000,154.433,417.468
2025-12-03 15:53:38,mlx5_6,0.000,0.000,0.000,0.000
2025-12-03 15:53:38,mlx5_7,0.000,0.000,0.000,0.000
2025-12-03 15:53:38,mlx5_8,0.000,0.000,153.928,416.729
2025-12-03 15:53:38,mlx5_9,0.000,0.000,0.000,0.000
2025-12-03 15:53:38,TOTAL,0.000,0.000,614.058,1668.406
2025-12-03 15:53:39,mlx5_0,0.000,0.000,0.000,0.000
2025-12-03 15:53:39,mlx5_1,0.000,0.000,151.546,415.638
2025-12-03 15:53:39,mlx5_2,0.000,0.000,0.000,0.000
2025-12-03 15:53:39,mlx5_3,0.000,0.000,154.151,418.571
2025-12-03 15:53:39,mlx5_4,0.000,0.000,0.000,0.000
2025-12-03 15:53:39,mlx5_5,0.000,0.000,154.433,417.468
2025-12-03 15:53:39,mlx5_6,0.000,0.000,0.000,0.000
2025-12-03 15:53:39,mlx5_7,0.000,0.000,0.000,0.000
2025-12-03 15:53:39,mlx5_8,0.000,0.000,153.928,416.729
2025-12-03 15:53:39,mlx5_9,0.000,0.000,0.000,0.000
2025-12-03 15:53:39,TOTAL,0.000,0.000,614.058,1668.406
2025-12-03 15:53:40,mlx5_0,0.000,0.000,0.000,0.000
2025-12-03 15:53:40,mlx5_1,0.000,0.000,151.546,415.638
2025-12-03 15:53:40,mlx5_2,0.000,0.000,0.000,0.000
2025-12-03 15:53:40,mlx5_3,0.000,0.000,154.151,418.571
2025-12-03 15:53:40,mlx5_4,0.000,0.000,0.000,0.000
2025-12-03 15:53:40,mlx5_5,0.000,0.000,154.433,417.468
2025-12-03 15:53:40,mlx5_6,0.000,0.000,0.000,0.000
2025-12-03 15:53:40,mlx5_7,0.000,0.000,0.000,0.000
2025-12-03 15:53:40,mlx5_8,0.000,0.000,153.928,416.729
2025-12-03 15:53:40,mlx5_9,0.000,0.000,0.000,0.000
2025-12-03 15:53:40,TOTAL,0.000,0.000,614.058,1668.406
2025-12-03 15:53:41,mlx5_0,0.000,0.000,0.000,0.000
2025-12-03 15:53:41,mlx5_1,0.000,0.000,151.546,415.638
2025-12-03 15:53:41,mlx5_2,0.000,0.000,0.000,0.000
2025-12-03 15:53:41,mlx5_3,0.000,0.000,154.151,418.571
2025-12-03 15:53:41,mlx5_4,0.000,0.000,0.000,0.000
2025-12-03 15:53:41,mlx5_5,0.000,0.000,154.433,417.468
2025-12-03 15:53:41,mlx5_6,0.000,0.000,0.000,0.000
2025-12-03 15:53:41,mlx5_7,0.000,0.000,0.000,0.000
2025-12-03 15:53:41,mlx5_8,0.000,0.000,153.928,416.729
2025-12-03 15:53:41,mlx5_9,0.000,0.000,0.000,0.000
2025-12-03 15:53:41,TOTAL,0.000,0.000,614.058,1668.406
2025-12-03 15:53:42,mlx5_0,0.000,0.000,0.000,0.000
2025-12-03 15:53:42,mlx5_1,0.000,0.000,151.546,415.638
2025-12-03 15:53:42,mlx5_2,0.000,0.000,0.000,0.000
2025-12-03 15:53:42,mlx5_3,0.000,0.000,154.151,418.571
2025-12-03 15:53:42,mlx5_4,0.000,0.000,0.000,0.000
2025-12-03 15:53:42,mlx5_5,0.000,0.000,154.433,417.468
2025-12-03 15:53:42,mlx5_6,0.000,0.000,0.000,0.000
2025-12-03 15:53:42,mlx5_7,0.000,0.000,0.000,0.000
2025-12-03 15:53:42,mlx5_8,0.000,0.000,153.928,416.729
2025-12-03 15:53:42,mlx5_9,0.000,0.000,0.000,0.000
2025-12-03 15:53:42,TOTAL,0.000,0.000,614.058,1668.406
2025-12-03 15:53:43,mlx5_0,0.000,0.000,0.000,0.000
2025-12-03 15:53:43,mlx5_1,0.000,0.000,151.546,415.638
2025-12-03 15:53:43,mlx5_2,0.000,0.000,0.000,0.000
2025-12-03 15:53:43,mlx5_3,0.000,0.000,154.151,418.571
2025-12-03 15:53:43,mlx5_4,0.000,0.000,0.000,0.000
2025-12-03 15:53:43,mlx5_5,0.000,0.000,154.433,417.468
2025-12-03 15:53:43,mlx5_6,0.000,0.000,0.000,0.000
2025-12-03 15:53:43,mlx5_7,0.000,0.000,0.000,0.000
2025-12-03 15:53:43,mlx5_8,0.000,0.000,153.928,416.729
2025-12-03 15:53:43,mlx5_9,0.000,0.000,0.000,0.000
2025-12-03 15:53:43,TOTAL,0.000,0.000,614.058,1668.406
2025-12-03 15:53:44,mlx5_0,0.000,0.000,0.000,0.000
2025-12-03 15:53:44,mlx5_1,0.000,0.000,151.546,415.638
2025-12-03 15:53:44,mlx5_2,0.000,0.000,0.000,0.000
2025-12-03 15:53:44,mlx5_3,0.000,0.000,154.151,418.571
2025-12-03 15:53:44,mlx5_4,0.000,0.000,0.000,0.000
2025-12-03 15:53:44,mlx5_5,0.000,0.000,154.433,417.468
2025-12-03 15:53:44,mlx5_6,0.000,0.000,0.000,0.000
2025-12-03 15:53:44,mlx5_7,0.000,0.000,0.000,0.000
2025-12-03 15:53:44,mlx5_8,0.000,0.000,153.928,416.729
2025-12-03 15:53:44,mlx5_9,0.000,0.000,0.000,0.000
2025-12-03 15:53:44,TOTAL,0.000,0.000,614.058,1668.406
2025-12-03 15:53:45,mlx5_0,0.000,0.000,0.000,0.000
2025-12-03 15:53:45,mlx5_1,0.000,0.000,151.546,415.638
2025-12-03 15:53:45,mlx5_2,0.000,0.000,0.000,0.000
2025-12-03 15:53:45,mlx5_3,0.000,0.000,154.151,418.571
2025-12-03 15:53:45,mlx5_4,0.000,0.000,0.000,0.000
2025-12-03 15:53:45,mlx5_5,0.000,0.000,154.433,417.468
2025-12-03 15:53:45,mlx5_6,0.000,0.000,0.000,0.000
2025-12-03 15:53:45,mlx5_7,0.000,0.000,0.000,0.000
2025-12-03 15:53:45,mlx5_8,0.000,0.000,153.928,416.729
2025-12-03 15:53:45,mlx5_9,0.000,0.000,0.000,0.000
2025-12-03 15:53:45,TOTAL,0.000,0.000,614.058,1668.406
2025-12-03 15:53:46,mlx5_0,0.000,0.000,0.000,0.000
2025-12-03 15:53:46,mlx5_1,0.000,0.000,151.546,415.638
2025-12-03 15:53:46,mlx5_2,0.000,0.000,0.000,0.000
2025-12-03 15:53:46,mlx5_3,0.000,0.000,154.151,418.571
2025-12-03 15:53:46,mlx5_4,0.000,0.000,0.000,0.000
2025-12-03 15:53:46,mlx5_5,0.000,0.000,154.433,417.468
2025-12-03 15:53:46,mlx5_6,0.000,0.000,0.000,0.000
2025-12-03 15:53:46,mlx5_7,0.000,0.000,0.000,0.000
2025-12-03 15:53:46,mlx5_8,0.000,0.000,153.928,416.729
2025-12-03 15:53:46,mlx5_9,0.000,0.000,0.000,0.000
2025-12-03 15:53:46,TOTAL,0.000,0.000,614.058,1668.406
2025-12-03 15:53:47,mlx5_0,0.000,0.000,0.000,0.000
2025-12-03 15:53:47,mlx5_1,0.000,0.000,151.546,415.638
2025-12-03 15:53:47,mlx5_2,0.000,0.000,0.000,0.000
2025-12-03 15:53:47,mlx5_3,0.000,0.000,154.151,418.571
2025-12-03 15:53:47,mlx5_4,0.000,0.000,0.000,0.000
2025-12-03 15:53:47,mlx5_5,0.000,0.000,154.433,417.468
2025-12-03 15:53:47,mlx5_6,0.000,0.000,0.000,0.000
2025-12-03 15:53:47,mlx5_7,0.000,0.000,0.000,0.000
2025-12-03 15:53:47,mlx5_8,0.000,0.000,153.928,416.729
2025-12-03 15:53:47,mlx5_9,0.000,0.000,0.000,0.000
2025-12-03 15:53:47,TOTAL,0.000,0.000,614.058,1668.406
2025-12-03 15:53:48,mlx5_0,0.000,0.000,0.000,0.000
2025-12-03 15:53:48,mlx5_1,0.000,0.000,151.546,415.638
2025-12-03 15:53:48,mlx5_2,0.000,0.000,0.000,0.000
2025-12-03 15:53:48,mlx5_3,0.000,0.000,154.151,418.571
2025-12-03 15:53:48,mlx5_4,0.000,0.000,0.000,0.000
2025-12-03 15:53:48,mlx5_5,0.000,0.000,154.433,417.468
2025-12-03 15:53:48,mlx5_6,0.000,0.000,0.000,0.000
2025-12-03 15:53:48,mlx5_7,0.000,0.000,0.000,0.000
2025-12-03 15:53:48,mlx5_8,0.000,0.000,153.928,416.729
2025-12-03 15:53:48,mlx5_9,0.000,0.000,0.000,0.000
2025-12-03 15:53:48,TOTAL,0.000,0.000,614.058,1668.406
2025-12-03 15:53:49,mlx5_0,0.000,0.000,0.000,0.000
2025-12-03 15:53:49,mlx5_1,0.000,0.000,151.546,415.638
2025-12-03 15:53:49,mlx5_2,0.000,0.000,0.000,0.000
2025-12-03 15:53:49,mlx5_3,0.000,0.000,154.151,418.571
2025-12-03 15:53:49,mlx5_4,0.000,0.000,0.000,0.000
2025-12-03 15:53:49,mlx5_5,0.000,0.000,154.433,417.468
2025-12-03 15:53:49,mlx5_6,0.000,0.000,0.000,0.000
2025-12-03 15:53:49,mlx5_7,0.000,0.000,0.000,0.000
2025-12-03 15:53:49,mlx5_8,0.000,0.000,153.928,416.729
2025-12-03 15:53:49,mlx5_9,0.000,0.000,0.000,0.000
2025-12-03 15:53:49,TOTAL,0.000,0.000,614.058,1668.406
2025-12-03 15:53:50,mlx5_0,0.000,0.000,0.000,0.000
2025-12-03 15:53:50,mlx5_1,0.000,0.000,151.546,415.638
2025-12-03 15:53:50,mlx5_2,0.000,0.000,0.000,0.000
2025-12-03 15:53:50,mlx5_3,0.000,0.000,154.151,418.571
2025-12-03 15:53:50,mlx5_4,0.000,0.000,0.000,0.000
2025-12-03 15:53:50,mlx5_5,0.000,0.000,154.433,417.468
2025-12-03 15:53:50,mlx5_6,0.000,0.000,0.000,0.000
2025-12-03 15:53:50,mlx5_7,0.000,0.000,0.000,0.000
2025-12-03 15:53:50,mlx5_8,0.000,0.000,153.928,416.729
2025-12-03 15:53:50,mlx5_9,0.000,0.000,0.000,0.000
2025-12-03 15:53:50,TOTAL,0.000,0.000,614.058,1668.406
2025-12-03 15:53:51,mlx5_0,0.000,0.000,0.000,0.000
2025-12-03 15:53:51,mlx5_1,0.000,0.000,151.546,415.638
2025-12-03 15:53:51,mlx5_2,0.000,0.000,0.000,0.000
2025-12-03 15:53:51,mlx5_3,0.000,0.000,154.151,418.571
2025-12-03 15:53:51,mlx5_4,0.000,0.000,0.000,0.000
2025-12-03 15:53:51,mlx5_5,0.000,0.000,154.433,417.468
2025-12-03 15:53:51,mlx5_6,0.000,0.000,0.000,0.000
2025-12-03 15:53:51,mlx5_7,0.000,0.000,0.000,0.000
2025-12-03 15:53:51,mlx5_8,0.000,0.000,153.928,416.729
2025-12-03 15:53:51,mlx5_9,0.000,0.000,0.000,0.000
2025-12-03 15:53:51,TOTAL,0.000,0.000,614.058,1668.406
2025-12-03 15:53:52,mlx5_0,0.000,0.000,0.000,0.000
2025-12-03 15:53:52,mlx5_1,0.000,0.000,151.546,415.638
2025-12-03 15:53:52,mlx5_2,0.000,0.000,0.000,0.000
2025-12-03 15:53:52,mlx5_3,0.000,0.000,154.151,418.571
2025-12-03 15:53:52,mlx5_4,0.000,0.000,0.000,0.000
2025-12-03 15:53:52,mlx5_5,0.000,0.000,154.433,417.468
2025-12-03 15:53:52,mlx5_6,0.000,0.000,0.000,0.000
2025-12-03 15:53:52,mlx5_7,0.000,0.000,0.000,0.000
2025-12-03 15:53:52,mlx5_8,0.000,0.000,153.928,416.729
2025-12-03 15:53:52,mlx5_9,0.000,0.000,0.000,0.000
2025-12-03 15:53:52,TOTAL,0.000,0.000,614.058,1668.406
2025-12-03 15:53:53,mlx5_0,0.000,0.000,0.000,0.000
2025-12-03 15:53:53,mlx5_1,0.000,0.000,151.546,415.638
2025-12-03 15:53:53,mlx5_2,0.000,0.000,0.000,0.000
2025-12-03 15:53:53,mlx5_3,0.000,0.000,154.151,418.571
2025-12-03 15:53:53,mlx5_4,0.000,0.000,0.000,0.000
2025-12-03 15:53:53,mlx5_5,0.000,0.000,154.433,417.468
2025-12-03 15:53:53,mlx5_6,0.000,0.000,0.000,0.000
2025-12-03 15:53:53,mlx5_7,0.000,0.000,0.000,0.000
2025-12-03 15:53:53,mlx5_8,0.000,0.000,153.928,416.729
2025-12-03 15:53:53,mlx5_9,0.000,0.000,0.000,0.000
2025-12-03 15:53:53,TOTAL,0.000,0.000,614.058,1668.406
2025-12-03 15:53:54,mlx5_0,0.000,0.000,0.000,0.000
2025-12-03 15:53:54,mlx5_1,0.000,0.000,151.546,415.638
2025-12-03 15:53:54,mlx5_2,0.000,0.000,0.000,0.000
2025-12-03 15:53:54,mlx5_3,0.000,0.000,154.151,418.571
2025-12-03 15:53:54,mlx5_4,0.000,0.000,0.000,0.000
2025-12-03 15:53:54,mlx5_5,0.000,0.000,154.433,417.468
2025-12-03 15:53:54,mlx5_6,0.000,0.000,0.000,0.000
2025-12-03 15:53:54,mlx5_7,0.000,0.000,0.000,0.000
2025-12-03 15:53:54,mlx5_8,0.000,0.000,153.928,416.729
2025-12-03 15:53:54,mlx5_9,0.000,0.000,0.000,0.000
2025-12-03 15:53:54,TOTAL,0.000,0.000,614.058,1668.406
2025-12-03 15:53:55,mlx5_0,0.000,0.000,0.000,0.000
2025-12-03 15:53:55,mlx5_1,0.000,0.000,151.546,415.638
2025-12-03 15:53:55,mlx5_2,0.000,0.000,0.000,0.000
2025-12-03 15:53:55,mlx5_3,0.000,0.000,154.151,418.571
2025-12-03 15:53:55,mlx5_4,0.000,0.000,0.000,0.000
2025-12-03 15:53:55,mlx5_5,0.000,0.000,154.433,417.468
2025-12-03 15:53:55,mlx5_6,0.000,0.000,0.000,0.000
2025-12-03 15:53:55,mlx5_7,0.000,0.000,0.000,0.000
2025-12-03 15:53:55,mlx5_8,0.000,0.000,153.928,416.729
2025-12-03 15:53:55,mlx5_9,0.000,0.000,0.000,0.000
2025-12-03 15:53:55,TOTAL,0.000,0.000,614.058,1668.406
2025-12-03 15:53:56,mlx5_0,0.000,0.000,0.000,0.000
2025-12-03 15:53:56,mlx5_1,0.000,0.000,151.546,415.638
2025-12-03 15:53:56,mlx5_2,0.000,0.000,0.000,0.000
2025-12-03 15:53:56,mlx5_3,0.000,0.000,154.151,418.571
2025-12-03 15:53:56,mlx5_4,0.000,0.000,0.000,0.000
2025-12-03 15:53:56,mlx5_5,0.000,0.000,154.433,417.468
2025-12-03 15:53:56,mlx5_6,0.000,0.000,0.000,0.000
2025-12-03 15:53:56,mlx5_7,0.000,0.000,0.000,0.000
2025-12-03 15:53:56,mlx5_8,0.000,0.000,153.928,416.729
2025-12-03 15:53:56,mlx5_9,0.000,0.000,0.000,0.000
2025-12-03 15:53:56,TOTAL,0.000,0.000,614.058,1668.406
2025-12-03 15:53:57,mlx5_0,0.000,0.000,0.000,0.000
2025-12-03 15:53:57,mlx5_1,0.000,0.000,151.546,415.638
2025-12-03 15:53:57,mlx5_2,0.000,0.000,0.000,0.000
2025-12-03 15:53:57,mlx5_3,0.000,0.000,154.151,418.571
2025-12-03 15:53:57,mlx5_4,0.000,0.000,0.000,0.000
2025-12-03 15:53:57,mlx5_5,0.000,0.000,154.433,417.468
2025-12-03 15:53:57,mlx5_6,0.000,0.000,0.000,0.000
2025-12-03 15:53:57,mlx5_7,0.000,0.000,0.000,0.000
2025-12-03 15:53:57,mlx5_8,0.000,0.000,153.928,416.729
2025-12-03 15:53:57,mlx5_9,0.000,0.000,0.000,0.000
2025-12-03 15:53:57,TOTAL,0.000,0.000,614.058,1668.406
2025-12-03 15:53:58,mlx5_0,0.000,0.000,0.000,0.000
2025-12-03 15:53:58,mlx5_1,0.000,0.000,151.546,415.638
2025-12-03 15:53:58,mlx5_2,0.000,0.000,0.000,0.000
2025-12-03 15:53:58,mlx5_3,0.000,0.000,154.151,418.571
2025-12-03 15:53:58,mlx5_4,0.000,0.000,0.000,0.000
2025-12-03 15:53:58,mlx5_5,0.000,0.000,154.433,417.468
2025-12-03 15:53:58,mlx5_6,0.000,0.000,0.000,0.000
2025-12-03 15:53:58,mlx5_7,0.000,0.000,0.000,0.000
2025-12-03 15:53:58,mlx5_8,0.000,0.000,153.928,416.729
2025-12-03 15:53:58,mlx5_9,0.000,0.000,0.000,0.000
2025-12-03 15:53:58,TOTAL,0.000,0.000,614.058,1668.406
2025-12-03 15:53:59,mlx5_0,0.000,0.000,0.000,0.000
2025-12-03 15:53:59,mlx5_1,0.000,0.000,151.546,415.638
2025-12-03 15:53:59,mlx5_2,0.000,0.000,0.000,0.000
2025-12-03 15:53:59,mlx5_3,0.000,0.000,154.151,418.571
2025-12-03 15:53:59,mlx5_4,0.000,0.000,0.000,0.000
2025-12-03 15:53:59,mlx5_5,0.000,0.000,154.433,417.468
2025-12-03 15:53:59,mlx5_6,0.000,0.000,0.000,0.000
2025-12-03 15:53:59,mlx5_7,0.000,0.000,0.000,0.000
2025-12-03 15:53:59,mlx5_8,0.000,0.000,153.928,416.729
2025-12-03 15:53:59,mlx5_9,0.000,0.000,0.000,0.000
2025-12-03 15:53:59,TOTAL,0.000,0.000,614.058,1668.406
2025-12-03 15:54:00,mlx5_0,0.000,0.000,0.000,0.000
2025-12-03 15:54:00,mlx5_1,0.000,0.000,151.546,415.638
2025-12-03 15:54:00,mlx5_2,0.000,0.000,0.000,0.000
2025-12-03 15:54:00,mlx5_3,0.000,0.000,154.151,418.571
2025-12-03 15:54:00,mlx5_4,0.000,0.000,0.000,0.000
2025-12-03 15:54:00,mlx5_5,0.000,0.000,154.433,417.468
2025-12-03 15:54:00,mlx5_6,0.000,0.000,0.000,0.000
2025-12-03 15:54:00,mlx5_7,0.000,0.000,0.000,0.000
2025-12-03 15:54:00,mlx5_8,0.000,0.000,153.928,416.729
2025-12-03 15:54:00,mlx5_9,0.000,0.000,0.000,0.000
2025-12-03 15:54:00,TOTAL,0.000,0.000,614.058,1668.406
2025-12-03 15:54:01,mlx5_0,0.000,0.000,0.000,0.000
2025-12-03 15:54:01,mlx5_1,0.000,0.000,151.546,415.638
2025-12-03 15:54:01,mlx5_2,0.000,0.000,0.000,0.000
2025-12-03 15:54:01,mlx5_3,0.000,0.000,154.151,418.571
2025-12-03 15:54:01,mlx5_4,0.000,0.000,0.000,0.000
2025-12-03 15:54:01,mlx5_5,0.000,0.000,154.433,417.468
2025-12-03 15:54:01,mlx5_6,0.000,0.000,0.000,0.000
2025-12-03 15:54:01,mlx5_7,0.000,0.000,0.000,0.000
2025-12-03 15:54:01,mlx5_8,0.000,0.000,153.928,416.729
2025-12-03 15:54:01,mlx5_9,0.000,0.000,0.000,0.000
2025-12-03 15:54:01,TOTAL,0.000,0.000,614.058,1668.406
2025-12-03 15:54:02,mlx5_0,0.000,0.000,0.000,0.000
2025-12-03 15:54:02,mlx5_1,0.000,0.000,151.546,415.638
2025-12-03 15:54:02,mlx5_2,0.000,0.000,0.000,0.000
2025-12-03 15:54:02,mlx5_3,0.000,0.000,154.151,418.571
2025-12-03 15:54:02,mlx5_4,0.000,0.000,0.000,0.000
2025-12-03 15:54:02,mlx5_5,0.000,0.000,154.433,417.468
2025-12-03 15:54:02,mlx5_6,0.000,0.000,0.000,0.000
2025-12-03 15:54:02,mlx5_7,0.000,0.000,0.000,0.000
2025-12-03 15:54:02,mlx5_8,0.000,0.000,153.928,416.729
2025-12-03 15:54:02,mlx5_9,0.000,0.000,0.000,0.000
2025-12-03 15:54:02,TOTAL,0.000,0.000,614.058,1668.406
2025-12-03 15:54:03,mlx5_0,0.000,0.000,0.000,0.000
2025-12-03 15:54:03,mlx5_1,0.000,0.000,151.546,415.638
2025-12-03 15:54:03,mlx5_2,0.000,0.000,0.000,0.000
2025-12-03 15:54:03,mlx5_3,0.000,0.000,154.151,418.571
2025-12-03 15:54:03,mlx5_4,0.000,0.000,0.000,0.000
2025-12-03 15:54:03,mlx5_5,0.000,0.000,154.433,417.468
2025-12-03 15:54:03,mlx5_6,0.000,0.000,0.000,0.000
2025-12-03 15:54:03,mlx5_7,0.000,0.000,0.000,0.000
2025-12-03 15:54:03,mlx5_8,0.000,0.000,153.928,416.729
2025-12-03 15:54:03,mlx5_9,0.000,0.000,0.000,0.000
2025-12-03 15:54:03,TOTAL,0.000,0.000,614.058,1668.406
2025-12-03 15:54:04,mlx5_0,0.000,0.000,0.000,0.000
2025-12-03 15:54:04,mlx5_1,0.000,0.000,151.546,415.638
2025-12-03 15:54:04,mlx5_2,0.000,0.000,0.000,0.000
2025-12-03 15:54:04,mlx5_3,0.000,0.000,154.151,418.571
2025-12-03 15:54:04,mlx5_4,0.000,0.000,0.000,0.000
2025-12-03 15:54:04,mlx5_5,0.000,0.000,154.433,417.468
2025-12-03 15:54:04,mlx5_6,0.000,0.000,0.000,0.000
2025-12-03 15:54:04,mlx5_7,0.000,0.000,0.000,0.000
2025-12-03 15:54:04,mlx5_8,0.000,0.000,153.928,416.729
2025-12-03 15:54:04,mlx5_9,0.000,0.000,0.000,0.000
2025-12-03 15:54:04,TOTAL,0.000,0.000,614.058,1668.406
2025-12-03 15:54:05,mlx5_0,0.000,0.000,0.000,0.000
2025-12-03 15:54:05,mlx5_1,0.000,0.000,151.546,415.638
2025-12-03 15:54:05,mlx5_2,0.000,0.000,0.000,0.000
2025-12-03 15:54:05,mlx5_3,0.000,0.000,154.151,418.571
2025-12-03 15:54:05,mlx5_4,0.000,0.000,0.000,0.000
2025-12-03 15:54:05,mlx5_5,0.000,0.000,154.433,417.468
2025-12-03 15:54:05,mlx5_6,0.000,0.000,0.000,0.000
2025-12-03 15:54:05,mlx5_7,0.000,0.000,0.000,0.000
2025-12-03 15:54:05,mlx5_8,0.000,0.000,153.928,416.729
2025-12-03 15:54:05,mlx5_9,0.000,0.000,0.000,0.000
2025-12-03 15:54:05,TOTAL,0.000,0.000,614.058,1668.406
2025-12-03 15:54:06,mlx5_0,0.000,0.000,0.000,0.000
2025-12-03 15:54:06,mlx5_1,0.000,0.000,151.546,415.638
2025-12-03 15:54:06,mlx5_2,0.000,0.000,0.000,0.000
2025-12-03 15:54:06,mlx5_3,0.000,0.000,154.151,418.571
2025-12-03 15:54:06,mlx5_4,0.000,0.000,0.000,0.000
2025-12-03 15:54:06,mlx5_5,0.000,0.000,154.433,417.468
2025-12-03 15:54:06,mlx5_6,0.000,0.000,0.000,0.000
2025-12-03 15:54:06,mlx5_7,0.000,0.000,0.000,0.000
2025-12-03 15:54:06,mlx5_8,0.000,0.000,153.928,416.729
2025-12-03 15:54:06,mlx5_9,0.000,0.000,0.000,0.000
2025-12-03 15:54:06,TOTAL,0.000,0.000,614.058,1668.406
2025-12-03 15:54:07,mlx5_0,0.000,0.000,0.000,0.000
2025-12-03 15:54:07,mlx5_1,0.000,0.000,151.546,415.638
2025-12-03 15:54:07,mlx5_2,0.000,0.000,0.000,0.000
2025-12-03 15:54:07,mlx5_3,0.000,0.000,154.151,418.571
2025-12-03 15:54:07,mlx5_4,0.000,0.000,0.000,0.000
2025-12-03 15:54:07,mlx5_5,0.000,0.000,154.433,417.468
2025-12-03 15:54:07,mlx5_6,0.000,0.000,0.000,0.000
2025-12-03 15:54:07,mlx5_7,0.000,0.000,0.000,0.000
2025-12-03 15:54:07,mlx5_8,0.000,0.000,153.928,416.729
2025-12-03 15:54:07,mlx5_9,0.000,0.000,0.000,0.000
2025-12-03 15:54:07,TOTAL,0.000,0.000,614.058,1668.406
2025-12-03 15:54:08,mlx5_0,0.000,0.000,0.000,0.000
2025-12-03 15:54:08,mlx5_1,0.000,0.000,151.546,415.638
2025-12-03 15:54:08,mlx5_2,0.000,0.000,0.000,0.000
2025-12-03 15:54:08,mlx5_3,0.000,0.000,154.151,418.571
2025-12-03 15:54:08,mlx5_4,0.000,0.000,0.000,0.000
2025-12-03 15:54:08,mlx5_5,0.000,0.000,154.433,417.468
2025-12-03 15:54:08,mlx5_6,0.000,0.000,0.000,0.000
2025-12-03 15:54:08,mlx5_7,0.000,0.000,0.000,0.000
2025-12-03 15:54:08,mlx5_8,0.000,0.000,153.928,416.729
2025-12-03 15:54:08,mlx5_9,0.000,0.000,0.000,0.000
2025-12-03 15:54:08,TOTAL,0.000,0.000,614.058,1668.406
2025-12-03 15:54:09,mlx5_0,0.000,0.000,0.000,0.000
2025-12-03 15:54:09,mlx5_1,0.000,0.000,151.546,415.638
2025-12-03 15:54:09,mlx5_2,0.000,0.000,0.000,0.000
2025-12-03 15:54:09,mlx5_3,0.000,0.000,154.151,418.571
2025-12-03 15:54:09,mlx5_4,0.000,0.000,0.000,0.000
2025-12-03 15:54:09,mlx5_5,0.000,0.000,154.433,417.468
2025-12-03 15:54:09,mlx5_6,0.000,0.000,0.000,0.000
2025-12-03 15:54:09,mlx5_7,0.000,0.000,0.000,0.000
2025-12-03 15:54:09,mlx5_8,0.000,0.000,153.928,416.729
2025-12-03 15:54:09,mlx5_9,0.000,0.000,0.000,0.000
2025-12-03 15:54:09,TOTAL,0.000,0.000,614.058,1668.406
2025-12-03 15:54:10,mlx5_0,0.000,0.000,0.000,0.000
2025-12-03 15:54:10,mlx5_1,0.000,0.000,151.546,415.638
2025-12-03 15:54:10,mlx5_2,0.000,0.000,0.000,0.000
2025-12-03 15:54:10,mlx5_3,0.000,0.000,154.151,418.571
2025-12-03 15:54:10,mlx5_4,0.000,0.000,0.000,0.000
2025-12-03 15:54:10,mlx5_5,0.000,0.000,154.433,417.468
2025-12-03 15:54:10,mlx5_6,0.000,0.000,0.000,0.000
2025-12-03 15:54:10,mlx5_7,0.000,0.000,0.000,0.000
2025-12-03 15:54:10,mlx5_8,0.000,0.000,153.928,416.729
2025-12-03 15:54:10,mlx5_9,0.000,0.000,0.000,0.000
2025-12-03 15:54:10,TOTAL,0.000,0.000,614.058,1668.406
2025-12-03 15:54:11,mlx5_0,0.000,0.000,0.000,0.000
2025-12-03 15:54:11,mlx5_1,0.000,0.000,151.546,415.638
2025-12-03 15:54:11,mlx5_2,0.000,0.000,0.000,0.000
2025-12-03 15:54:11,mlx5_3,0.000,0.000,154.151,418.571
2025-12-03 15:54:11,mlx5_4,0.000,0.000,0.000,0.000
2025-12-03 15:54:11,mlx5_5,0.000,0.000,154.433,417.468
2025-12-03 15:54:11,mlx5_6,0.000,0.000,0.000,0.000
2025-12-03 15:54:11,mlx5_7,0.000,0.000,0.000,0.000
2025-12-03 15:54:11,mlx5_8,0.000,0.000,153.928,416.729
2025-12-03 15:54:11,mlx5_9,0.000,0.000,0.000,0.000
2025-12-03 15:54:11,TOTAL,0.000,0.000,614.058,1668.406
2025-12-03 15:54:12,mlx5_0,0.000,0.000,0.000,0.000
2025-12-03 15:54:12,mlx5_1,0.000,0.000,151.546,415.638
2025-12-03 15:54:12,mlx5_2,0.000,0.000,0.000,0.000
2025-12-03 15:54:12,mlx5_3,0.000,0.000,154.151,418.571
2025-12-03 15:54:12,mlx5_4,0.000,0.000,0.000,0.000
2025-12-03 15:54:12,mlx5_5,0.000,0.000,154.433,417.468
2025-12-03 15:54:12,mlx5_6,0.000,0.000,0.000,0.000
2025-12-03 15:54:12,mlx5_7,0.000,0.000,0.000,0.000
2025-12-03 15:54:12,mlx5_8,0.000,0.000,153.928,416.729
2025-12-03 15:54:12,mlx5_9,0.000,0.000,0.000,0.000
2025-12-03 15:54:12,TOTAL,0.000,0.000,614.058,1668.406
2025-12-03 15:54:13,mlx5_0,0.000,0.000,0.000,0.000
2025-12-03 15:54:13,mlx5_1,0.000,0.000,151.546,415.638
2025-12-03 15:54:13,mlx5_2,0.000,0.000,0.000,0.000
2025-12-03 15:54:13,mlx5_3,0.000,0.000,154.151,418.571
2025-12-03 15:54:13,mlx5_4,0.000,0.000,0.000,0.000
2025-12-03 15:54:13,mlx5_5,0.000,0.000,154.433,417.468
2025-12-03 15:54:13,mlx5_6,0.000,0.000,0.000,0.000
2025-12-03 15:54:13,mlx5_7,0.000,0.000,0.000,0.000
2025-12-03 15:54:13,mlx5_8,0.000,0.000,153.928,416.729
2025-12-03 15:54:13,mlx5_9,0.000,0.000,0.000,0.000
2025-12-03 15:54:13,TOTAL,0.000,0.000,614.058,1668.406
2025-12-03 15:54:14,mlx5_0,0.000,0.000,0.000,0.000
2025-12-03 15:54:14,mlx5_1,0.000,0.000,151.546,415.638
2025-12-03 15:54:14,mlx5_2,0.000,0.000,0.000,0.000
2025-12-03 15:54:14,mlx5_3,0.000,0.000,154.151,418.571
2025-12-03 15:54:14,mlx5_4,0.000,0.000,0.000,0.000
2025-12-03 15:54:14,mlx5_5,0.000,0.000,154.433,417.468
2025-12-03 15:54:14,mlx5_6,0.000,0.000,0.000,0.000
2025-12-03 15:54:14,mlx5_7,0.000,0.000,0.000,0.000
2025-12-03 15:54:14,mlx5_8,0.000,0.000,153.928,416.729
2025-12-03 15:54:14,mlx5_9,0.000,0.000,0.000,0.000
2025-12-03 15:54:14,TOTAL,0.000,0.000,614.058,1668.406
2025-12-03 15:54:15,mlx5_0,0.000,0.000,0.000,0.000
2025-12-03 15:54:15,mlx5_1,0.000,0.000,151.546,415.638
2025-12-03 15:54:15,mlx5_2,0.000,0.000,0.000,0.000
2025-12-03 15:54:15,mlx5_3,0.000,0.000,154.151,418.571
2025-12-03 15:54:15,mlx5_4,0.000,0.000,0.000,0.000
2025-12-03 15:54:15,mlx5_5,0.000,0.000,154.433,417.468
2025-12-03 15:54:15,mlx5_6,0.000,0.000,0.000,0.000
2025-12-03 15:54:15,mlx5_7,0.000,0.000,0.000,0.000
2025-12-03 15:54:15,mlx5_8,0.000,0.000,153.928,416.729
2025-12-03 15:54:15,mlx5_9,0.000,0.000,0.000,0.000
2025-12-03 15:54:15,TOTAL,0.000,0.000,614.058,1668.406
2025-12-03 15:54:16,mlx5_0,0.000,0.000,0.000,0.000
2025-12-03 15:54:16,mlx5_1,0.000,0.000,151.546,415.638
2025-12-03 15:54:16,mlx5_2,0.000,0.000,0.000,0.000
2025-12-03 15:54:16,mlx5_3,0.000,0.000,154.151,418.571
2025-12-03 15:54:16,mlx5_4,0.000,0.000,0.000,0.000
2025-12-03 15:54:16,mlx5_5,0.000,0.000,154.433,417.468
2025-12-03 15:54:16,mlx5_6,0.000,0.000,0.000,0.000
2025-12-03 15:54:16,mlx5_7,0.000,0.000,0.000,0.000
2025-12-03 15:54:16,mlx5_8,0.000,0.000,153.928,416.729
2025-12-03 15:54:16,mlx5_9,0.000,0.000,0.000,0.000
2025-12-03 15:54:16,TOTAL,0.000,0.000,614.058,1668.406
2025-12-03 15:54:17,mlx5_0,0.000,0.000,0.000,0.000
2025-12-03 15:54:17,mlx5_1,0.000,0.000,151.546,415.638
2025-12-03 15:54:17,mlx5_2,0.000,0.000,0.000,0.000
2025-12-03 15:54:17,mlx5_3,0.000,0.017,154.151,418.573
2025-12-03 15:54:17,mlx5_4,0.000,0.000,0.000,0.000
2025-12-03 15:54:17,mlx5_5,0.000,0.000,154.433,417.468
2025-12-03 15:54:17,mlx5_6,0.000,0.000,0.000,0.000
2025-12-03 15:54:17,mlx5_7,0.000,0.000,0.000,0.000
2025-12-03 15:54:17,mlx5_8,0.000,0.009,153.928,416.730
2025-12-03 15:54:17,mlx5_9,0.000,0.000,0.000,0.000
2025-12-03 15:54:17,TOTAL,0.000,0.026,614.058,1668.409
2025-12-03 15:54:18,mlx5_0,0.000,0.000,0.000,0.000
2025-12-03 15:54:18,mlx5_1,0.000,0.000,151.546,415.638
2025-12-03 15:54:18,mlx5_2,0.000,0.000,0.000,0.000
2025-12-03 15:54:18,mlx5_3,0.000,0.000,154.151,418.573
2025-12-03 15:54:18,mlx5_4,0.000,0.000,0.000,0.000
2025-12-03 15:54:18,mlx5_5,0.000,0.000,154.433,417.468
2025-12-03 15:54:18,mlx5_6,0.000,0.000,0.000,0.000
2025-12-03 15:54:18,mlx5_7,0.000,0.000,0.000,0.000
2025-12-03 15:54:18,mlx5_8,0.000,0.000,153.928,416.730
2025-12-03 15:54:18,mlx5_9,0.000,0.000,0.000,0.000
2025-12-03 15:54:18,TOTAL,0.000,0.000,614.058,1668.409
2025-12-03 15:54:19,mlx5_0,0.000,0.000,0.000,0.000
2025-12-03 15:54:19,mlx5_1,0.000,0.000,151.546,415.638
2025-12-03 15:54:19,mlx5_2,0.000,0.000,0.000,0.000
2025-12-03 15:54:19,mlx5_3,0.000,0.000,154.151,418.573
2025-12-03 15:54:19,mlx5_4,0.000,0.000,0.000,0.000
2025-12-03 15:54:19,mlx5_5,0.000,0.000,154.433,417.468
2025-12-03 15:54:19,mlx5_6,0.000,0.000,0.000,0.000
2025-12-03 15:54:19,mlx5_7,0.000,0.000,0.000,0.000
2025-12-03 15:54:19,mlx5_8,0.000,0.000,153.928,416.730
2025-12-03 15:54:19,mlx5_9,0.000,0.000,0.000,0.000
2025-12-03 15:54:19,TOTAL,0.000,0.000,614.058,1668.409
2025-12-03 15:54:20,mlx5_0,0.000,0.000,0.000,0.000
2025-12-03 15:54:20,mlx5_1,0.000,0.000,151.546,415.638
2025-12-03 15:54:20,mlx5_2,0.000,0.000,0.000,0.000
2025-12-03 15:54:20,mlx5_3,0.000,0.000,154.151,418.573
2025-12-03 15:54:20,mlx5_4,0.000,0.000,0.000,0.000
2025-12-03 15:54:20,mlx5_5,0.000,0.000,154.433,417.468
2025-12-03 15:54:20,mlx5_6,0.000,0.000,0.000,0.000
2025-12-03 15:54:20,mlx5_7,0.000,0.000,0.000,0.000
2025-12-03 15:54:20,mlx5_8,0.000,0.000,153.928,416.730
2025-12-03 15:54:20,mlx5_9,0.000,0.000,0.000,0.000
2025-12-03 15:54:20,TOTAL,0.000,0.000,614.058,1668.409
2025-12-03 15:54:21,mlx5_0,0.000,0.000,0.000,0.000
2025-12-03 15:54:21,mlx5_1,0.000,0.000,151.546,415.638
2025-12-03 15:54:21,mlx5_2,0.000,0.000,0.000,0.000
2025-12-03 15:54:21,mlx5_3,0.000,0.000,154.151,418.573
2025-12-03 15:54:21,mlx5_4,0.000,0.000,0.000,0.000
2025-12-03 15:54:21,mlx5_5,0.000,0.000,154.433,417.468
2025-12-03 15:54:21,mlx5_6,0.000,0.000,0.000,0.000
2025-12-03 15:54:21,mlx5_7,0.000,0.000,0.000,0.000
2025-12-03 15:54:21,mlx5_8,0.000,0.000,153.928,416.730
2025-12-03 15:54:21,mlx5_9,0.000,0.000,0.000,0.000
2025-12-03 15:54:21,TOTAL,0.000,0.000,614.058,1668.409
2025-12-03 15:54:22,mlx5_0,0.000,0.000,0.000,0.000
2025-12-03 15:54:22,mlx5_1,0.000,0.000,151.546,415.638
2025-12-03 15:54:22,mlx5_2,0.000,0.000,0.000,0.000
2025-12-03 15:54:22,mlx5_3,0.000,0.000,154.151,418.573
2025-12-03 15:54:22,mlx5_4,0.000,0.000,0.000,0.000
2025-12-03 15:54:22,mlx5_5,0.000,0.000,154.433,417.468
2025-12-03 15:54:22,mlx5_6,0.000,0.000,0.000,0.000
2025-12-03 15:54:22,mlx5_7,0.000,0.000,0.000,0.000
2025-12-03 15:54:22,mlx5_8,0.000,0.000,153.928,416.730
2025-12-03 15:54:22,mlx5_9,0.000,0.000,0.000,0.000
2025-12-03 15:54:22,TOTAL,0.000,0.000,614.058,1668.409
2025-12-03 15:54:23,mlx5_0,0.000,0.000,0.000,0.000
2025-12-03 15:54:23,mlx5_1,0.000,0.000,151.546,415.638
2025-12-03 15:54:23,mlx5_2,0.000,0.000,0.000,0.000
2025-12-03 15:54:23,mlx5_3,0.000,0.000,154.151,418.573
2025-12-03 15:54:23,mlx5_4,0.000,0.000,0.000,0.000
2025-12-03 15:54:23,mlx5_5,0.000,0.000,154.433,417.468
2025-12-03 15:54:23,mlx5_6,0.000,0.000,0.000,0.000
2025-12-03 15:54:23,mlx5_7,0.000,0.000,0.000,0.000
2025-12-03 15:54:23,mlx5_8,0.000,0.000,153.928,416.730
2025-12-03 15:54:23,mlx5_9,0.000,0.000,0.000,0.000
2025-12-03 15:54:23,TOTAL,0.000,0.000,614.058,1668.409
2025-12-03 15:54:24,mlx5_0,0.000,0.000,0.000,0.000
2025-12-03 15:54:24,mlx5_1,0.000,0.000,151.546,415.638
2025-12-03 15:54:24,mlx5_2,0.000,0.000,0.000,0.000
2025-12-03 15:54:24,mlx5_3,0.000,0.000,154.151,418.573
2025-12-03 15:54:24,mlx5_4,0.000,0.000,0.000,0.000
2025-12-03 15:54:24,mlx5_5,0.000,0.000,154.433,417.468
2025-12-03 15:54:24,mlx5_6,0.000,0.000,0.000,0.000
2025-12-03 15:54:24,mlx5_7,0.000,0.000,0.000,0.000
2025-12-03 15:54:24,mlx5_8,0.000,0.000,153.928,416.730
2025-12-03 15:54:24,mlx5_9,0.000,0.000,0.000,0.000
2025-12-03 15:54:24,TOTAL,0.000,0.000,614.058,1668.409
2025-12-03 15:54:25,mlx5_0,0.000,0.000,0.000,0.000
2025-12-03 15:54:25,mlx5_1,0.000,0.000,151.546,415.638
2025-12-03 15:54:25,mlx5_2,0.000,0.000,0.000,0.000
2025-12-03 15:54:25,mlx5_3,0.000,0.000,154.151,418.573
2025-12-03 15:54:25,mlx5_4,0.000,0.000,0.000,0.000
2025-12-03 15:54:25,mlx5_5,0.000,0.000,154.433,417.468
2025-12-03 15:54:25,mlx5_6,0.000,0.000,0.000,0.000
2025-12-03 15:54:25,mlx5_7,0.000,0.000,0.000,0.000
2025-12-03 15:54:25,mlx5_8,0.000,0.000,153.928,416.730
2025-12-03 15:54:25,mlx5_9,0.000,0.000,0.000,0.000
2025-12-03 15:54:25,TOTAL,0.000,0.000,614.058,1668.409
2025-12-03 15:54:26,mlx5_0,0.000,0.000,0.000,0.000
2025-12-03 15:54:26,mlx5_1,0.000,0.000,151.546,415.638
2025-12-03 15:54:26,mlx5_2,0.000,0.000,0.000,0.000
2025-12-03 15:54:26,mlx5_3,0.000,0.000,154.151,418.573
2025-12-03 15:54:26,mlx5_4,0.000,0.000,0.000,0.000
2025-12-03 15:54:26,mlx5_5,0.000,0.000,154.433,417.468
2025-12-03 15:54:26,mlx5_6,0.000,0.000,0.000,0.000
2025-12-03 15:54:26,mlx5_7,0.000,0.000,0.000,0.000
2025-12-03 15:54:26,mlx5_8,0.000,0.000,153.928,416.730
2025-12-03 15:54:26,mlx5_9,0.000,0.000,0.000,0.000
2025-12-03 15:54:26,TOTAL,0.000,0.000,614.058,1668.409
2025-12-03 15:54:27,mlx5_0,0.000,0.000,0.000,0.000
2025-12-03 15:54:27,mlx5_1,0.000,0.000,151.546,415.638
2025-12-03 15:54:27,mlx5_2,0.000,0.000,0.000,0.000
2025-12-03 15:54:27,mlx5_3,0.000,0.000,154.151,418.573
2025-12-03 15:54:27,mlx5_4,0.000,0.000,0.000,0.000
2025-12-03 15:54:27,mlx5_5,0.000,0.000,154.433,417.468
2025-12-03 15:54:27,mlx5_6,0.000,0.000,0.000,0.000
2025-12-03 15:54:27,mlx5_7,0.000,0.000,0.000,0.000
2025-12-03 15:54:27,mlx5_8,0.000,0.000,153.928,416.730
2025-12-03 15:54:27,mlx5_9,0.000,0.000,0.000,0.000
2025-12-03 15:54:27,TOTAL,0.000,0.000,614.058,1668.409
2025-12-03 15:54:28,mlx5_0,0.000,0.000,0.000,0.000
2025-12-03 15:54:28,mlx5_1,0.000,0.000,151.546,415.638
2025-12-03 15:54:28,mlx5_2,0.000,0.000,0.000,0.000
2025-12-03 15:54:28,mlx5_3,0.000,0.000,154.151,418.573
2025-12-03 15:54:28,mlx5_4,0.000,0.000,0.000,0.000
2025-12-03 15:54:28,mlx5_5,0.000,0.000,154.433,417.468
2025-12-03 15:54:28,mlx5_6,0.000,0.000,0.000,0.000
2025-12-03 15:54:28,mlx5_7,0.000,0.000,0.000,0.000
2025-12-03 15:54:28,mlx5_8,0.000,0.000,153.928,416.730
2025-12-03 15:54:28,mlx5_9,0.000,0.000,0.000,0.000
2025-12-03 15:54:28,TOTAL,0.000,0.000,614.058,1668.409
2025-12-03 15:54:29,mlx5_0,0.000,0.000,0.000,0.000
2025-12-03 15:54:29,mlx5_1,0.106,39.563,151.559,420.608
2025-12-03 15:54:29,mlx5_2,0.000,0.000,0.000,0.000
2025-12-03 15:54:29,mlx5_3,0.083,47.337,154.162,424.520
2025-12-03 15:54:29,mlx5_4,0.000,0.000,0.000,0.000
2025-12-03 15:54:29,mlx5_5,0.088,47.441,154.444,423.428
2025-12-03 15:54:29,mlx5_6,0.000,0.000,0.000,0.000
2025-12-03 15:54:29,mlx5_7,0.000,0.000,0.000,0.000
2025-12-03 15:54:29,mlx5_8,0.107,47.603,153.941,422.710
2025-12-03 15:54:29,mlx5_9,0.000,0.000,0.000,0.000
2025-12-03 15:54:29,TOTAL,0.384,181.945,614.106,1691.266
2025-12-03 15:54:30,mlx5_0,0.000,0.000,0.000,0.000
2025-12-03 15:54:30,mlx5_1,0.190,70.098,151.583,429.417
2025-12-03 15:54:30,mlx5_2,0.000,0.000,0.000,0.000
2025-12-03 15:54:30,mlx5_3,0.182,83.930,154.185,435.067
2025-12-03 15:54:30,mlx5_4,0.000,0.000,0.000,0.000
2025-12-03 15:54:30,mlx5_5,0.190,83.997,154.468,433.984
2025-12-03 15:54:30,mlx5_6,0.000,0.000,0.000,0.000
2025-12-03 15:54:30,mlx5_7,0.000,0.000,0.000,0.000
2025-12-03 15:54:30,mlx5_8,0.234,83.509,153.970,433.204
2025-12-03 15:54:30,mlx5_9,0.000,0.000,0.000,0.000
2025-12-03 15:54:30,TOTAL,0.797,321.533,614.206,1731.673
2025-12-03 15:54:31,mlx5_0,0.000,0.000,0.000,0.000
2025-12-03 15:54:31,mlx5_1,0.000,0.000,151.583,429.417
2025-12-03 15:54:31,mlx5_2,0.000,0.000,0.000,0.000
2025-12-03 15:54:31,mlx5_3,0.000,0.000,154.185,435.067
2025-12-03 15:54:31,mlx5_4,0.000,0.000,0.000,0.000
2025-12-03 15:54:31,mlx5_5,0.000,0.000,154.468,433.984
2025-12-03 15:54:31,mlx5_6,0.000,0.000,0.000,0.000
2025-12-03 15:54:31,mlx5_7,0.000,0.000,0.000,0.000
2025-12-03 15:54:31,mlx5_8,0.000,0.000,153.970,433.204
2025-12-03 15:54:31,mlx5_9,0.000,0.000,0.000,0.000
2025-12-03 15:54:31,TOTAL,0.000,0.000,614.206,1731.673
2025-12-03 15:54:32,mlx5_0,0.000,0.000,0.000,0.000
2025-12-03 15:54:32,mlx5_1,0.000,0.000,151.583,429.417
2025-12-03 15:54:32,mlx5_2,0.000,0.000,0.000,0.000
2025-12-03 15:54:32,mlx5_3,0.000,0.000,154.185,435.067
2025-12-03 15:54:32,mlx5_4,0.000,0.000,0.000,0.000
2025-12-03 15:54:32,mlx5_5,0.000,0.000,154.468,433.984
2025-12-03 15:54:32,mlx5_6,0.000,0.000,0.000,0.000
2025-12-03 15:54:32,mlx5_7,0.000,0.000,0.000,0.000
2025-12-03 15:54:32,mlx5_8,0.000,0.000,153.970,433.204
2025-12-03 15:54:32,mlx5_9,0.000,0.000,0.000,0.000
2025-12-03 15:54:32,TOTAL,0.000,0.000,614.206,1731.673
2025-12-03 15:54:33,mlx5_0,0.000,0.000,0.000,0.000
2025-12-03 15:54:33,mlx5_1,7.327,0.010,152.504,429.419
2025-12-03 15:54:33,mlx5_2,0.000,0.000,0.000,0.000
2025-12-03 15:54:33,mlx5_3,9.254,0.013,155.347,435.069
2025-12-03 15:54:33,mlx5_4,0.000,0.000,0.000,0.000
2025-12-03 15:54:33,mlx5_5,9.208,0.013,155.624,433.986
2025-12-03 15:54:33,mlx5_6,0.000,0.000,0.000,0.000
2025-12-03 15:54:33,mlx5_7,0.000,0.000,0.000,0.000
2025-12-03 15:54:33,mlx5_8,9.109,0.013,155.114,433.206
2025-12-03 15:54:33,mlx5_9,0.000,0.000,0.000,0.000
2025-12-03 15:54:33,TOTAL,34.898,0.050,618.589,1731.679
2025-12-03 15:54:34,mlx5_0,0.000,0.000,0.000,0.000
2025-12-03 15:54:34,mlx5_1,0.000,0.000,152.504,429.419
2025-12-03 15:54:34,mlx5_2,0.000,0.000,0.000,0.000
2025-12-03 15:54:34,mlx5_3,0.000,0.000,155.347,435.069
2025-12-03 15:54:34,mlx5_4,0.000,0.000,0.000,0.000
2025-12-03 15:54:34,mlx5_5,0.000,0.000,155.624,433.986
2025-12-03 15:54:34,mlx5_6,0.000,0.000,0.000,0.000
2025-12-03 15:54:34,mlx5_7,0.000,0.000,0.000,0.000
2025-12-03 15:54:34,mlx5_8,0.000,0.000,155.114,433.206
2025-12-03 15:54:34,mlx5_9,0.000,0.000,0.000,0.000
2025-12-03 15:54:34,TOTAL,0.000,0.000,618.589,1731.679
2025-12-03 15:54:35,mlx5_0,0.000,0.000,0.000,0.000
2025-12-03 15:54:35,mlx5_1,0.000,0.000,152.504,429.419
2025-12-03 15:54:35,mlx5_2,0.000,0.000,0.000,0.000
2025-12-03 15:54:35,mlx5_3,0.000,0.000,155.347,435.069
2025-12-03 15:54:35,mlx5_4,0.000,0.000,0.000,0.000
2025-12-03 15:54:35,mlx5_5,0.000,0.000,155.624,433.986
2025-12-03 15:54:35,mlx5_6,0.000,0.000,0.000,0.000
2025-12-03 15:54:35,mlx5_7,0.000,0.000,0.000,0.000
2025-12-03 15:54:35,mlx5_8,0.000,0.000,155.114,433.206
2025-12-03 15:54:35,mlx5_9,0.000,0.000,0.000,0.000
2025-12-03 15:54:35,TOTAL,0.000,0.000,618.589,1731.679
2025-12-03 15:54:36,mlx5_0,0.000,0.000,0.000,0.000
2025-12-03 15:54:36,mlx5_1,3.944,0.005,152.999,429.419
2025-12-03 15:54:36,mlx5_2,0.000,0.000,0.000,0.000
2025-12-03 15:54:36,mlx5_3,4.869,0.007,155.958,435.070
2025-12-03 15:54:36,mlx5_4,0.000,0.000,0.000,0.000
2025-12-03 15:54:36,mlx5_5,4.884,0.007,156.238,433.986
2025-12-03 15:54:36,mlx5_6,0.000,0.000,0.000,0.000
2025-12-03 15:54:36,mlx5_7,0.000,0.000,0.000,0.000
2025-12-03 15:54:36,mlx5_8,5.063,0.007,155.750,433.207
2025-12-03 15:54:36,mlx5_9,0.000,0.000,0.000,0.000
2025-12-03 15:54:36,TOTAL,18.759,0.027,620.946,1731.683
2025-12-03 15:54:37,mlx5_0,0.000,0.000,0.000,0.000
2025-12-03 15:54:37,mlx5_1,4.046,0.006,153.507,429.420
2025-12-03 15:54:37,mlx5_2,0.000,0.000,0.000,0.000
2025-12-03 15:54:37,mlx5_3,4.885,0.007,156.573,435.071
2025-12-03 15:54:37,mlx5_4,0.000,0.000,0.000,0.000
2025-12-03 15:54:37,mlx5_5,4.714,0.007,156.830,433.987
2025-12-03 15:54:37,mlx5_6,0.000,0.000,0.000,0.000
2025-12-03 15:54:37,mlx5_7,0.000,0.000,0.000,0.000
2025-12-03 15:54:37,mlx5_8,4.806,0.007,156.354,433.208
2025-12-03 15:54:37,mlx5_9,0.000,0.000,0.000,0.000
2025-12-03 15:54:37,TOTAL,18.452,0.027,623.265,1731.686
2025-12-03 15:54:38,mlx5_0,0.000,0.000,0.000,0.000
2025-12-03 15:54:38,mlx5_1,0.000,0.000,153.507,429.420
2025-12-03 15:54:38,mlx5_2,0.000,0.000,0.000,0.000
2025-12-03 15:54:38,mlx5_3,0.000,0.000,156.573,435.071
2025-12-03 15:54:38,mlx5_4,0.000,0.000,0.000,0.000
2025-12-03 15:54:38,mlx5_5,0.000,0.000,156.830,433.987
2025-12-03 15:54:38,mlx5_6,0.000,0.000,0.000,0.000
2025-12-03 15:54:38,mlx5_7,0.000,0.000,0.000,0.000
2025-12-03 15:54:38,mlx5_8,0.000,0.000,156.354,433.208
2025-12-03 15:54:38,mlx5_9,0.000,0.000,0.000,0.000
2025-12-03 15:54:38,TOTAL,0.000,0.000,623.265,1731.686
2025-12-03 15:54:39,mlx5_0,0.000,0.000,0.000,0.000
2025-12-03 15:54:39,mlx5_1,0.000,0.000,153.507,429.420
2025-12-03 15:54:39,mlx5_2,0.000,0.000,0.000,0.000
2025-12-03 15:54:39,mlx5_3,0.000,0.000,156.573,435.071
2025-12-03 15:54:39,mlx5_4,0.000,0.000,0.000,0.000
2025-12-03 15:54:39,mlx5_5,0.000,0.000,156.830,433.987
2025-12-03 15:54:39,mlx5_6,0.000,0.000,0.000,0.000
2025-12-03 15:54:39,mlx5_7,0.000,0.000,0.000,0.000
2025-12-03 15:54:39,mlx5_8,0.000,0.000,156.354,433.208
2025-12-03 15:54:39,mlx5_9,0.000,0.000,0.000,0.000
2025-12-03 15:54:39,TOTAL,0.000,0.000,623.265,1731.686
2025-12-03 15:54:40,mlx5_0,0.000,0.000,0.000,0.000
2025-12-03 15:54:40,mlx5_1,7.886,0.011,154.498,429.422
2025-12-03 15:54:40,mlx5_2,0.000,0.000,0.000,0.000
2025-12-03 15:54:40,mlx5_3,9.842,0.014,157.809,435.073
2025-12-03 15:54:40,mlx5_4,0.000,0.000,0.000,0.000
2025-12-03 15:54:40,mlx5_5,9.749,0.014,158.055,433.989
2025-12-03 15:54:40,mlx5_6,0.000,0.000,0.000,0.000
2025-12-03 15:54:40,mlx5_7,0.000,0.000,0.000,0.000
2025-12-03 15:54:40,mlx5_8,9.742,0.014,157.578,433.210
2025-12-03 15:54:40,mlx5_9,0.000,0.000,0.000,0.000
2025-12-03 15:54:40,TOTAL,37.219,0.054,627.940,1731.693
2025-12-03 15:54:41,mlx5_0,0.000,0.000,0.000,0.000
2025-12-03 15:54:41,mlx5_1,0.000,0.000,154.498,429.422
2025-12-03 15:54:41,mlx5_2,0.000,0.000,0.000,0.000
2025-12-03 15:54:41,mlx5_3,0.000,0.000,157.809,435.073
2025-12-03 15:54:41,mlx5_4,0.000,0.000,0.000,0.000
2025-12-03 15:54:41,mlx5_5,0.000,0.000,158.055,433.989
2025-12-03 15:54:41,mlx5_6,0.000,0.000,0.000,0.000
2025-12-03 15:54:41,mlx5_7,0.000,0.000,0.000,0.000
2025-12-03 15:54:41,mlx5_8,0.000,0.000,157.578,433.210
2025-12-03 15:54:41,mlx5_9,0.000,0.000,0.000,0.000
2025-12-03 15:54:41,TOTAL,0.000,0.000,627.940,1731.693
2025-12-03 15:54:42,mlx5_0,0.000,0.000,0.000,0.000
2025-12-03 15:54:42,mlx5_1,0.000,0.000,154.498,429.422
2025-12-03 15:54:42,mlx5_2,0.000,0.000,0.000,0.000
2025-12-03 15:54:42,mlx5_3,0.000,0.000,157.809,435.073
2025-12-03 15:54:42,mlx5_4,0.000,0.000,0.000,0.000
2025-12-03 15:54:42,mlx5_5,0.000,0.000,158.055,433.989
2025-12-03 15:54:42,mlx5_6,0.000,0.000,0.000,0.000
2025-12-03 15:54:42,mlx5_7,0.000,0.000,0.000,0.000
2025-12-03 15:54:42,mlx5_8,0.000,0.000,157.578,433.210
2025-12-03 15:54:42,mlx5_9,0.000,0.000,0.000,0.000
2025-12-03 15:54:42,TOTAL,0.000,0.000,627.940,1731.693
2025-12-03 15:54:43,mlx5_0,0.000,0.000,0.000,0.000
2025-12-03 15:54:43,mlx5_1,0.000,0.000,154.498,429.422
2025-12-03 15:54:43,mlx5_2,0.000,0.000,0.000,0.000
2025-12-03 15:54:43,mlx5_3,0.000,0.000,157.809,435.073
2025-12-03 15:54:43,mlx5_4,0.000,0.000,0.000,0.000
2025-12-03 15:54:43,mlx5_5,0.000,0.000,158.055,433.989
2025-12-03 15:54:43,mlx5_6,0.000,0.000,0.000,0.000
2025-12-03 15:54:43,mlx5_7,0.000,0.000,0.000,0.000
2025-12-03 15:54:43,mlx5_8,0.000,0.000,157.578,433.210
2025-12-03 15:54:43,mlx5_9,0.000,0.000,0.000,0.000
2025-12-03 15:54:43,TOTAL,0.000,0.000,627.940,1731.693
2025-12-03 15:54:44,mlx5_0,0.000,0.000,0.000,0.000
2025-12-03 15:54:44,mlx5_1,8.075,0.011,155.512,429.423
2025-12-03 15:54:44,mlx5_2,0.000,0.000,0.000,0.000
2025-12-03 15:54:44,mlx5_3,9.641,0.014,159.020,435.074
2025-12-03 15:54:44,mlx5_4,0.000,0.000,0.000,0.000
2025-12-03 15:54:44,mlx5_5,9.699,0.014,159.273,433.991
2025-12-03 15:54:44,mlx5_6,0.000,0.000,0.000,0.000
2025-12-03 15:54:44,mlx5_7,0.000,0.000,0.000,0.000
2025-12-03 15:54:44,mlx5_8,9.807,0.014,158.810,433.211
2025-12-03 15:54:44,mlx5_9,0.000,0.000,0.000,0.000
2025-12-03 15:54:44,TOTAL,37.222,0.054,632.616,1731.700
2025-12-03 15:54:45,mlx5_0,0.000,0.000,0.000,0.000
2025-12-03 15:54:45,mlx5_1,0.000,0.000,155.512,429.423
2025-12-03 15:54:45,mlx5_2,0.000,0.000,0.000,0.000
2025-12-03 15:54:45,mlx5_3,0.000,0.000,159.020,435.074
2025-12-03 15:54:45,mlx5_4,0.000,0.000,0.000,0.000
2025-12-03 15:54:45,mlx5_5,0.000,0.000,159.273,433.991
2025-12-03 15:54:45,mlx5_6,0.000,0.000,0.000,0.000
2025-12-03 15:54:45,mlx5_7,0.000,0.000,0.000,0.000
2025-12-03 15:54:45,mlx5_8,0.000,0.000,158.810,433.211
2025-12-03 15:54:45,mlx5_9,0.000,0.000,0.000,0.000
2025-12-03 15:54:45,TOTAL,0.000,0.000,632.616,1731.700
2025-12-03 15:54:46,mlx5_0,0.000,0.000,0.000,0.000
2025-12-03 15:54:46,mlx5_1,0.000,0.000,155.512,429.423
2025-12-03 15:54:46,mlx5_2,0.000,0.000,0.000,0.000
2025-12-03 15:54:46,mlx5_3,0.000,0.000,159.020,435.074
2025-12-03 15:54:46,mlx5_4,0.000,0.000,0.000,0.000
2025-12-03 15:54:46,mlx5_5,0.000,0.000,159.273,433.991
2025-12-03 15:54:46,mlx5_6,0.000,0.000,0.000,0.000
2025-12-03 15:54:46,mlx5_7,0.000,0.000,0.000,0.000
2025-12-03 15:54:46,mlx5_8,0.000,0.000,158.810,433.211
2025-12-03 15:54:46,mlx5_9,0.000,0.000,0.000,0.000
2025-12-03 15:54:46,TOTAL,0.000,0.000,632.616,1731.700
2025-12-03 15:54:47,mlx5_0,0.000,0.000,0.000,0.000
2025-12-03 15:54:47,mlx5_1,0.000,0.000,155.512,429.423
2025-12-03 15:54:47,mlx5_2,0.000,0.000,0.000,0.000
2025-12-03 15:54:47,mlx5_3,0.000,0.000,159.020,435.074
2025-12-03 15:54:47,mlx5_4,0.000,0.000,0.000,0.000
2025-12-03 15:54:47,mlx5_5,0.000,0.000,159.273,433.991
2025-12-03 15:54:47,mlx5_6,0.000,0.000,0.000,0.000
2025-12-03 15:54:47,mlx5_7,0.000,0.000,0.000,0.000
2025-12-03 15:54:47,mlx5_8,0.000,0.000,158.810,433.211
2025-12-03 15:54:47,mlx5_9,0.000,0.000,0.000,0.000
2025-12-03 15:54:47,TOTAL,0.000,0.000,632.616,1731.700
2025-12-03 15:54:48,mlx5_0,0.000,0.000,0.000,0.000
2025-12-03 15:54:48,mlx5_1,0.000,0.000,155.512,429.423
2025-12-03 15:54:48,mlx5_2,0.000,0.000,0.000,0.000
2025-12-03 15:54:48,mlx5_3,0.000,0.000,159.020,435.074
2025-12-03 15:54:48,mlx5_4,0.000,0.000,0.000,0.000
2025-12-03 15:54:48,mlx5_5,0.000,0.000,159.273,433.991
2025-12-03 15:54:48,mlx5_6,0.000,0.000,0.000,0.000
2025-12-03 15:54:48,mlx5_7,0.000,0.000,0.000,0.000
2025-12-03 15:54:48,mlx5_8,0.000,0.000,158.810,433.211
2025-12-03 15:54:48,mlx5_9,0.000,0.000,0.000,0.000
2025-12-03 15:54:48,TOTAL,0.000,0.000,632.616,1731.700
2025-12-03 15:54:49,mlx5_0,0.000,0.000,0.000,0.000
2025-12-03 15:54:49,mlx5_1,9.330,0.013,156.684,429.425
2025-12-03 15:54:49,mlx5_2,0.000,0.000,0.000,0.000
2025-12-03 15:54:49,mlx5_3,9.236,0.014,160.179,435.076
2025-12-03 15:54:49,mlx5_4,0.000,0.000,0.000,0.000
2025-12-03 15:54:49,mlx5_5,9.370,0.014,160.450,433.993
2025-12-03 15:54:49,mlx5_6,0.000,0.000,0.000,0.000
2025-12-03 15:54:49,mlx5_7,0.000,0.000,0.000,0.000
2025-12-03 15:54:49,mlx5_8,9.308,0.013,159.979,433.213
2025-12-03 15:54:49,mlx5_9,0.000,0.000,0.000,0.000
2025-12-03 15:54:49,TOTAL,37.245,0.053,637.291,1731.706
2025-12-03 15:54:50,mlx5_0,0.000,0.000,0.000,0.000
2025-12-03 15:54:50,mlx5_1,0.000,0.000,156.684,429.425
2025-12-03 15:54:50,mlx5_2,0.000,0.000,0.000,0.000
2025-12-03 15:54:50,mlx5_3,0.000,0.000,160.179,435.076
2025-12-03 15:54:50,mlx5_4,0.000,0.000,0.000,0.000
2025-12-03 15:54:50,mlx5_5,0.000,0.000,160.450,433.993
2025-12-03 15:54:50,mlx5_6,0.000,0.000,0.000,0.000
2025-12-03 15:54:50,mlx5_7,0.000,0.000,0.000,0.000
2025-12-03 15:54:50,mlx5_8,0.000,0.000,159.979,433.213
2025-12-03 15:54:50,mlx5_9,0.000,0.000,0.000,0.000
2025-12-03 15:54:50,TOTAL,0.000,0.000,637.291,1731.706
2025-12-03 15:54:51,mlx5_0,0.000,0.000,0.000,0.000
2025-12-03 15:54:51,mlx5_1,0.000,0.000,156.684,429.425
2025-12-03 15:54:51,mlx5_2,0.000,0.000,0.000,0.000
2025-12-03 15:54:51,mlx5_3,0.000,0.000,160.179,435.076
2025-12-03 15:54:51,mlx5_4,0.000,0.000,0.000,0.000
2025-12-03 15:54:51,mlx5_5,0.000,0.000,160.450,433.993
2025-12-03 15:54:51,mlx5_6,0.000,0.000,0.000,0.000
2025-12-03 15:54:51,mlx5_7,0.000,0.000,0.000,0.000
2025-12-03 15:54:51,mlx5_8,0.000,0.000,159.979,433.213
2025-12-03 15:54:51,mlx5_9,0.000,0.000,0.000,0.000
2025-12-03 15:54:51,TOTAL,0.000,0.000,637.291,1731.706
2025-12-03 15:54:52,mlx5_0,0.000,0.000,0.000,0.000
2025-12-03 15:54:52,mlx5_1,0.000,0.000,156.684,429.425
2025-12-03 15:54:52,mlx5_2,0.000,0.000,0.000,0.000
2025-12-03 15:54:52,mlx5_3,0.000,0.000,160.179,435.076
2025-12-03 15:54:52,mlx5_4,0.000,0.000,0.000,0.000
2025-12-03 15:54:52,mlx5_5,0.000,0.000,160.450,433.993
2025-12-03 15:54:52,mlx5_6,0.000,0.000,0.000,0.000
2025-12-03 15:54:52,mlx5_7,0.000,0.000,0.000,0.000
2025-12-03 15:54:52,mlx5_8,0.000,0.000,159.979,433.213
2025-12-03 15:54:52,mlx5_9,0.000,0.000,0.000,0.000
2025-12-03 15:54:52,TOTAL,0.000,0.000,637.291,1731.706
2025-12-03 15:54:53,mlx5_0,0.000,0.000,0.000,0.000
2025-12-03 15:54:53,mlx5_1,6.049,0.964,157.444,429.546
2025-12-03 15:54:53,mlx5_2,0.000,0.000,0.000,0.000
2025-12-03 15:54:53,mlx5_3,6.019,1.034,160.935,435.206
2025-12-03 15:54:53,mlx5_4,0.000,0.000,0.000,0.000
2025-12-03 15:54:53,mlx5_5,6.057,1.015,161.211,434.120
2025-12-03 15:54:53,mlx5_6,0.000,0.000,0.000,0.000
2025-12-03 15:54:53,mlx5_7,0.000,0.000,0.000,0.000
2025-12-03 15:54:53,mlx5_8,5.986,1.104,160.730,433.352
2025-12-03 15:54:53,mlx5_9,0.000,0.000,0.000,0.000
2025-12-03 15:54:53,TOTAL,24.111,4.117,640.320,1732.223
2025-12-03 15:54:54,mlx5_0,0.000,0.000,0.000,0.000
2025-12-03 15:54:54,mlx5_1,3.457,55.845,157.878,436.557
2025-12-03 15:54:54,mlx5_2,0.000,0.000,0.000,0.000
2025-12-03 15:54:54,mlx5_3,3.393,55.851,161.361,442.218
2025-12-03 15:54:54,mlx5_4,0.000,0.000,0.000,0.000
2025-12-03 15:54:54,mlx5_5,3.404,55.598,161.638,441.101
2025-12-03 15:54:54,mlx5_6,0.000,0.000,0.000,0.000
2025-12-03 15:54:54,mlx5_7,0.000,0.000,0.000,0.000
2025-12-03 15:54:54,mlx5_8,3.387,55.265,161.156,440.290
2025-12-03 15:54:54,mlx5_9,0.000,0.000,0.000,0.000
2025-12-03 15:54:54,TOTAL,13.641,222.559,642.033,1760.167
2025-12-03 15:54:55,mlx5_0,0.000,0.000,0.000,0.000
2025-12-03 15:54:55,mlx5_1,0.000,0.000,157.878,436.557
2025-12-03 15:54:55,mlx5_2,0.000,0.000,0.000,0.000
2025-12-03 15:54:55,mlx5_3,0.000,0.000,161.361,442.218
2025-12-03 15:54:55,mlx5_4,0.000,0.000,0.000,0.000
2025-12-03 15:54:55,mlx5_5,0.000,0.000,161.638,441.101
2025-12-03 15:54:55,mlx5_6,0.000,0.000,0.000,0.000
2025-12-03 15:54:55,mlx5_7,0.000,0.000,0.000,0.000
2025-12-03 15:54:55,mlx5_8,0.000,0.000,161.156,440.290
2025-12-03 15:54:55,mlx5_9,0.000,0.000,0.000,0.000
2025-12-03 15:54:55,TOTAL,0.000,0.000,642.033,1760.167
2025-12-03 15:54:56,mlx5_0,0.000,0.000,0.000,0.000
2025-12-03 15:54:56,mlx5_1,0.000,0.000,157.878,436.557
2025-12-03 15:54:56,mlx5_2,0.000,0.000,0.000,0.000
2025-12-03 15:54:56,mlx5_3,0.000,0.000,161.361,442.218
2025-12-03 15:54:56,mlx5_4,0.000,0.000,0.000,0.000
2025-12-03 15:54:56,mlx5_5,0.000,0.000,161.638,441.101
2025-12-03 15:54:56,mlx5_6,0.000,0.000,0.000,0.000
2025-12-03 15:54:56,mlx5_7,0.000,0.000,0.000,0.000
2025-12-03 15:54:56,mlx5_8,0.000,0.000,161.156,440.290
2025-12-03 15:54:56,mlx5_9,0.000,0.000,0.000,0.000
2025-12-03 15:54:56,TOTAL,0.000,0.000,642.033,1760.167
2025-12-03 15:54:57,mlx5_0,0.000,0.000,0.000,0.000
2025-12-03 15:54:57,mlx5_1,0.000,0.000,157.878,436.557
2025-12-03 15:54:57,mlx5_2,0.000,0.000,0.000,0.000
2025-12-03 15:54:57,mlx5_3,0.000,0.000,161.361,442.218
2025-12-03 15:54:57,mlx5_4,0.000,0.000,0.000,0.000
2025-12-03 15:54:57,mlx5_5,0.000,0.000,161.638,441.101
2025-12-03 15:54:57,mlx5_6,0.000,0.000,0.000,0.000
2025-12-03 15:54:57,mlx5_7,0.000,0.000,0.000,0.000
2025-12-03 15:54:57,mlx5_8,0.000,0.000,161.156,440.290
2025-12-03 15:54:57,mlx5_9,0.000,0.000,0.000,0.000
2025-12-03 15:54:57,TOTAL,0.000,0.000,642.033,1760.167
2025-12-03 15:54:58,mlx5_0,0.000,0.000,0.000,0.000
2025-12-03 15:54:58,mlx5_1,9.598,0.013,159.082,436.559
2025-12-03 15:54:58,mlx5_2,0.000,0.000,0.000,0.000
2025-12-03 15:54:58,mlx5_3,9.627,0.014,162.570,442.220
2025-12-03 15:54:58,mlx5_4,0.000,0.000,0.000,0.000
2025-12-03 15:54:58,mlx5_5,9.434,0.014,162.822,441.103
2025-12-03 15:54:58,mlx5_6,0.000,0.000,0.000,0.000
2025-12-03 15:54:58,mlx5_7,0.000,0.000,0.000,0.000
2025-12-03 15:54:58,mlx5_8,9.325,0.013,162.326,440.292
2025-12-03 15:54:58,mlx5_9,0.000,0.000,0.000,0.000
2025-12-03 15:54:58,TOTAL,37.985,0.055,646.800,1760.174
2025-12-03 15:54:59,mlx5_0,0.000,0.000,0.000,0.000
2025-12-03 15:54:59,mlx5_1,0.000,0.000,159.082,436.559
2025-12-03 15:54:59,mlx5_2,0.000,0.000,0.000,0.000
2025-12-03 15:54:59,mlx5_3,0.000,0.000,162.570,442.220
2025-12-03 15:54:59,mlx5_4,0.000,0.000,0.000,0.000
2025-12-03 15:54:59,mlx5_5,0.000,0.000,162.822,441.103
2025-12-03 15:54:59,mlx5_6,0.000,0.000,0.000,0.000
2025-12-03 15:54:59,mlx5_7,0.000,0.000,0.000,0.000
2025-12-03 15:54:59,mlx5_8,0.000,0.000,162.326,440.292
2025-12-03 15:54:59,mlx5_9,0.000,0.000,0.000,0.000
2025-12-03 15:54:59,TOTAL,0.000,0.000,646.800,1760.174
2025-12-03 15:55:00,mlx5_0,0.000,0.000,0.000,0.000
2025-12-03 15:55:00,mlx5_1,0.000,0.000,159.082,436.559
2025-12-03 15:55:00,mlx5_2,0.000,0.000,0.000,0.000
2025-12-03 15:55:00,mlx5_3,0.000,0.000,162.570,442.220
2025-12-03 15:55:00,mlx5_4,0.000,0.000,0.000,0.000
2025-12-03 15:55:00,mlx5_5,0.000,0.000,162.822,441.103
2025-12-03 15:55:00,mlx5_6,0.000,0.000,0.000,0.000
2025-12-03 15:55:00,mlx5_7,0.000,0.000,0.000,0.000
2025-12-03 15:55:00,mlx5_8,0.000,0.000,162.326,440.292
2025-12-03 15:55:00,mlx5_9,0.000,0.000,0.000,0.000
2025-12-03 15:55:00,TOTAL,0.000,0.000,646.800,1760.174
2025-12-03 15:55:01,mlx5_0,0.000,0.000,0.000,0.000
2025-12-03 15:55:01,mlx5_1,9.368,0.013,160.259,436.561
2025-12-03 15:55:01,mlx5_2,0.000,0.000,0.000,0.000
2025-12-03 15:55:01,mlx5_3,9.357,0.014,163.745,442.222
2025-12-03 15:55:01,mlx5_4,0.000,0.000,0.000,0.000
2025-12-03 15:55:01,mlx5_5,9.362,0.014,163.998,441.104
2025-12-03 15:55:01,mlx5_6,0.000,0.000,0.000,0.000
2025-12-03 15:55:01,mlx5_7,0.000,0.000,0.000,0.000
2025-12-03 15:55:01,mlx5_8,9.124,0.013,163.472,440.294
2025-12-03 15:55:01,mlx5_9,0.000,0.000,0.000,0.000
2025-12-03 15:55:01,TOTAL,37.212,0.053,651.475,1760.181
2025-12-03 15:55:02,mlx5_0,0.000,0.000,0.000,0.000
2025-12-03 15:55:02,mlx5_1,0.000,0.000,160.259,436.561
2025-12-03 15:55:02,mlx5_2,0.000,0.000,0.000,0.000
2025-12-03 15:55:02,mlx5_3,0.000,0.000,163.745,442.222
2025-12-03 15:55:02,mlx5_4,0.000,0.000,0.000,0.000
2025-12-03 15:55:02,mlx5_5,0.000,0.000,163.998,441.104
2025-12-03 15:55:02,mlx5_6,0.000,0.000,0.000,0.000
2025-12-03 15:55:02,mlx5_7,0.000,0.000,0.000,0.000
2025-12-03 15:55:02,mlx5_8,0.000,0.000,163.472,440.294
2025-12-03 15:55:02,mlx5_9,0.000,0.000,0.000,0.000
2025-12-03 15:55:02,TOTAL,0.000,0.000,651.475,1760.181
2025-12-03 15:55:03,mlx5_0,0.000,0.000,0.000,0.000
2025-12-03 15:55:03,mlx5_1,0.000,0.000,160.259,436.561
2025-12-03 15:55:03,mlx5_2,0.000,0.000,0.000,0.000
2025-12-03 15:55:03,mlx5_3,0.000,0.000,163.745,442.222
2025-12-03 15:55:03,mlx5_4,0.000,0.000,0.000,0.000
2025-12-03 15:55:03,mlx5_5,0.000,0.000,163.998,441.104
2025-12-03 15:55:03,mlx5_6,0.000,0.000,0.000,0.000
2025-12-03 15:55:03,mlx5_7,0.000,0.000,0.000,0.000
2025-12-03 15:55:03,mlx5_8,0.000,0.000,163.472,440.294
2025-12-03 15:55:03,mlx5_9,0.000,0.000,0.000,0.000
2025-12-03 15:55:03,TOTAL,0.000,0.000,651.475,1760.181
2025-12-03 15:55:04,mlx5_0,0.000,0.000,0.000,0.000
2025-12-03 15:55:04,mlx5_1,0.000,0.000,160.259,436.561
2025-12-03 15:55:04,mlx5_2,0.000,0.000,0.000,0.000
2025-12-03 15:55:04,mlx5_3,0.000,0.000,163.745,442.222
2025-12-03 15:55:04,mlx5_4,0.000,0.000,0.000,0.000
2025-12-03 15:55:04,mlx5_5,0.000,0.000,163.998,441.104
2025-12-03 15:55:04,mlx5_6,0.000,0.000,0.000,0.000
2025-12-03 15:55:04,mlx5_7,0.000,0.000,0.000,0.000
2025-12-03 15:55:04,mlx5_8,0.000,0.000,163.472,440.294
2025-12-03 15:55:04,mlx5_9,0.000,0.000,0.000,0.000
2025-12-03 15:55:04,TOTAL,0.000,0.000,651.475,1760.181
2025-12-03 15:55:05,mlx5_0,0.000,0.000,0.000,0.000
2025-12-03 15:55:05,mlx5_1,9.328,0.013,161.431,436.562
2025-12-03 15:55:05,mlx5_2,0.000,0.000,0.000,0.000
2025-12-03 15:55:05,mlx5_3,9.328,0.014,164.917,442.224
2025-12-03 15:55:05,mlx5_4,0.000,0.000,0.000,0.000
2025-12-03 15:55:05,mlx5_5,9.135,0.014,165.146,441.106
2025-12-03 15:55:05,mlx5_6,0.000,0.000,0.000,0.000
2025-12-03 15:55:05,mlx5_7,0.000,0.000,0.000,0.000
2025-12-03 15:55:05,mlx5_8,9.430,0.013,164.657,440.295
2025-12-03 15:55:05,mlx5_9,0.000,0.000,0.000,0.000
2025-12-03 15:55:05,TOTAL,37.222,0.053,656.151,1760.187
2025-12-03 15:55:06,mlx5_0,0.000,0.000,0.000,0.000
2025-12-03 15:55:06,mlx5_1,0.000,0.000,161.431,436.562
2025-12-03 15:55:06,mlx5_2,0.000,0.000,0.000,0.000
2025-12-03 15:55:06,mlx5_3,0.000,0.000,164.917,442.224
2025-12-03 15:55:06,mlx5_4,0.000,0.000,0.000,0.000
2025-12-03 15:55:06,mlx5_5,0.000,0.000,165.146,441.106
2025-12-03 15:55:06,mlx5_6,0.000,0.000,0.000,0.000
2025-12-03 15:55:06,mlx5_7,0.000,0.000,0.000,0.000
2025-12-03 15:55:06,mlx5_8,0.000,0.000,164.657,440.295
2025-12-03 15:55:06,mlx5_9,0.000,0.000,0.000,0.000
2025-12-03 15:55:06,TOTAL,0.000,0.000,656.151,1760.187
2025-12-03 15:55:07,mlx5_0,0.000,0.000,0.000,0.000
2025-12-03 15:55:07,mlx5_1,0.000,0.000,161.431,436.562
2025-12-03 15:55:07,mlx5_2,0.000,0.000,0.000,0.000
2025-12-03 15:55:07,mlx5_3,0.000,0.000,164.917,442.224
2025-12-03 15:55:07,mlx5_4,0.000,0.000,0.000,0.000
2025-12-03 15:55:07,mlx5_5,0.000,0.000,165.146,441.106
2025-12-03 15:55:07,mlx5_6,0.000,0.000,0.000,0.000
2025-12-03 15:55:07,mlx5_7,0.000,0.000,0.000,0.000
2025-12-03 15:55:07,mlx5_8,0.000,0.000,164.657,440.295
2025-12-03 15:55:07,mlx5_9,0.000,0.000,0.000,0.000
2025-12-03 15:55:07,TOTAL,0.000,0.000,656.151,1760.187
2025-12-03 15:55:08,mlx5_0,0.000,0.000,0.000,0.000
2025-12-03 15:55:08,mlx5_1,0.000,0.000,161.431,436.562
2025-12-03 15:55:08,mlx5_2,0.000,0.000,0.000,0.000
2025-12-03 15:55:08,mlx5_3,0.000,0.000,164.917,442.224
2025-12-03 15:55:08,mlx5_4,0.000,0.000,0.000,0.000
2025-12-03 15:55:08,mlx5_5,0.000,0.000,165.146,441.106
2025-12-03 15:55:08,mlx5_6,0.000,0.000,0.000,0.000
2025-12-03 15:55:08,mlx5_7,0.000,0.000,0.000,0.000
2025-12-03 15:55:08,mlx5_8,0.000,0.000,164.657,440.295
2025-12-03 15:55:08,mlx5_9,0.000,0.000,0.000,0.000
2025-12-03 15:55:08,TOTAL,0.000,0.000,656.151,1760.187
2025-12-03 15:55:09,mlx5_0,0.000,0.000,0.000,0.000
2025-12-03 15:55:09,mlx5_1,9.340,0.013,162.604,436.564
2025-12-03 15:55:09,mlx5_2,0.000,0.000,0.000,0.000
2025-12-03 15:55:09,mlx5_3,9.271,0.014,166.081,442.225
2025-12-03 15:55:09,mlx5_4,0.000,0.000,0.000,0.000
2025-12-03 15:55:09,mlx5_5,9.357,0.014,166.321,441.108
2025-12-03 15:55:09,mlx5_6,0.000,0.000,0.000,0.000
2025-12-03 15:55:09,mlx5_7,0.000,0.000,0.000,0.000
2025-12-03 15:55:09,mlx5_8,9.258,0.013,165.820,440.297
2025-12-03 15:55:09,mlx5_9,0.000,0.000,0.000,0.000
2025-12-03 15:55:09,TOTAL,37.225,0.054,660.826,1760.194
2025-12-03 15:55:10,mlx5_0,0.000,0.000,0.000,0.000
2025-12-03 15:55:10,mlx5_1,0.000,0.000,162.604,436.564
2025-12-03 15:55:10,mlx5_2,0.000,0.000,0.000,0.000
2025-12-03 15:55:10,mlx5_3,0.000,0.000,166.081,442.225
2025-12-03 15:55:10,mlx5_4,0.000,0.000,0.000,0.000
2025-12-03 15:55:10,mlx5_5,0.000,0.000,166.321,441.108
2025-12-03 15:55:10,mlx5_6,0.000,0.000,0.000,0.000
2025-12-03 15:55:10,mlx5_7,0.000,0.000,0.000,0.000
2025-12-03 15:55:10,mlx5_8,0.000,0.000,165.820,440.297
2025-12-03 15:55:10,mlx5_9,0.000,0.000,0.000,0.000
2025-12-03 15:55:10,TOTAL,0.000,0.000,660.826,1760.194
2025-12-03 15:55:11,mlx5_0,0.000,0.000,0.000,0.000
2025-12-03 15:55:11,mlx5_1,0.000,0.000,162.604,436.564
2025-12-03 15:55:11,mlx5_2,0.000,0.000,0.000,0.000
2025-12-03 15:55:11,mlx5_3,0.000,0.000,166.081,442.225
2025-12-03 15:55:11,mlx5_4,0.000,0.000,0.000,0.000
2025-12-03 15:55:11,mlx5_5,0.000,0.000,166.321,441.108
2025-12-03 15:55:11,mlx5_6,0.000,0.000,0.000,0.000
2025-12-03 15:55:11,mlx5_7,0.000,0.000,0.000,0.000
2025-12-03 15:55:11,mlx5_8,0.000,0.000,165.820,440.297
2025-12-03 15:55:11,mlx5_9,0.000,0.000,0.000,0.000
2025-12-03 15:55:11,TOTAL,0.000,0.000,660.826,1760.194
2025-12-03 15:55:12,mlx5_0,0.000,0.000,0.000,0.000
2025-12-03 15:55:12,mlx5_1,0.000,0.000,162.604,436.564
2025-12-03 15:55:12,mlx5_2,0.000,0.000,0.000,0.000
2025-12-03 15:55:12,mlx5_3,0.000,0.000,166.081,442.225
2025-12-03 15:55:12,mlx5_4,0.000,0.000,0.000,0.000
2025-12-03 15:55:12,mlx5_5,0.000,0.000,166.321,441.108
2025-12-03 15:55:12,mlx5_6,0.000,0.000,0.000,0.000
2025-12-03 15:55:12,mlx5_7,0.000,0.000,0.000,0.000
2025-12-03 15:55:12,mlx5_8,0.000,0.000,165.820,440.297
2025-12-03 15:55:12,mlx5_9,0.000,0.000,0.000,0.000
2025-12-03 15:55:12,TOTAL,0.000,0.000,660.826,1760.194
2025-12-03 15:55:13,mlx5_0,0.000,0.000,0.000,0.000
2025-12-03 15:55:13,mlx5_1,9.299,0.013,163.772,436.566
2025-12-03 15:55:13,mlx5_2,0.000,0.000,0.000,0.000
2025-12-03 15:55:13,mlx5_3,9.294,0.014,167.249,442.227
2025-12-03 15:55:13,mlx5_4,0.000,0.000,0.000,0.000
2025-12-03 15:55:13,mlx5_5,9.235,0.014,167.481,441.109
2025-12-03 15:55:13,mlx5_6,0.000,0.000,0.000,0.000
2025-12-03 15:55:13,mlx5_7,0.000,0.000,0.000,0.000
2025-12-03 15:55:13,mlx5_8,9.398,0.013,167.000,440.299
2025-12-03 15:55:13,mlx5_9,0.000,0.000,0.000,0.000
2025-12-03 15:55:13,TOTAL,37.226,0.053,665.501,1760.201
2025-12-03 15:55:14,mlx5_0,0.000,0.000,0.000,0.000
2025-12-03 15:55:14,mlx5_1,0.000,0.000,163.772,436.566
2025-12-03 15:55:14,mlx5_2,0.000,0.000,0.000,0.000
2025-12-03 15:55:14,mlx5_3,0.000,0.000,167.249,442.227
2025-12-03 15:55:14,mlx5_4,0.000,0.000,0.000,0.000
2025-12-03 15:55:14,mlx5_5,0.000,0.000,167.481,441.109
2025-12-03 15:55:14,mlx5_6,0.000,0.000,0.000,0.000
2025-12-03 15:55:14,mlx5_7,0.000,0.000,0.000,0.000
2025-12-03 15:55:14,mlx5_8,0.000,0.000,167.000,440.299
2025-12-03 15:55:14,mlx5_9,0.000,0.000,0.000,0.000
2025-12-03 15:55:14,TOTAL,0.000,0.000,665.501,1760.201
2025-12-03 15:55:15,mlx5_0,0.000,0.000,0.000,0.000
2025-12-03 15:55:15,mlx5_1,0.000,0.000,163.772,436.566
2025-12-03 15:55:15,mlx5_2,0.000,0.000,0.000,0.000
2025-12-03 15:55:15,mlx5_3,0.000,0.000,167.249,442.227
2025-12-03 15:55:15,mlx5_4,0.000,0.000,0.000,0.000
2025-12-03 15:55:15,mlx5_5,0.000,0.000,167.481,441.109
2025-12-03 15:55:15,mlx5_6,0.000,0.000,0.000,0.000
2025-12-03 15:55:15,mlx5_7,0.000,0.000,0.000,0.000
2025-12-03 15:55:15,mlx5_8,0.000,0.000,167.000,440.299
2025-12-03 15:55:15,mlx5_9,0.000,0.000,0.000,0.000
2025-12-03 15:55:15,TOTAL,0.000,0.000,665.501,1760.201
2025-12-03 15:55:16,mlx5_0,0.000,0.000,0.000,0.000
2025-12-03 15:55:16,mlx5_1,0.000,0.000,163.772,436.566
2025-12-03 15:55:16,mlx5_2,0.000,0.000,0.000,0.000
2025-12-03 15:55:16,mlx5_3,0.000,0.000,167.249,442.227
2025-12-03 15:55:16,mlx5_4,0.000,0.000,0.000,0.000
2025-12-03 15:55:16,mlx5_5,0.000,0.000,167.481,441.109
2025-12-03 15:55:16,mlx5_6,0.000,0.000,0.000,0.000
2025-12-03 15:55:16,mlx5_7,0.000,0.000,0.000,0.000
2025-12-03 15:55:16,mlx5_8,0.000,0.000,167.000,440.299
2025-12-03 15:55:16,mlx5_9,0.000,0.000,0.000,0.000
2025-12-03 15:55:16,TOTAL,0.000,0.000,665.501,1760.201
2025-12-03 15:55:17,mlx5_0,0.000,0.000,0.000,0.000
2025-12-03 15:55:17,mlx5_1,0.000,0.000,163.772,436.566
2025-12-03 15:55:17,mlx5_2,0.000,0.000,0.000,0.000
2025-12-03 15:55:17,mlx5_3,0.000,0.000,167.249,442.227
2025-12-03 15:55:17,mlx5_4,0.000,0.000,0.000,0.000
2025-12-03 15:55:17,mlx5_5,0.000,0.000,167.481,441.109
2025-12-03 15:55:17,mlx5_6,0.000,0.000,0.000,0.000
2025-12-03 15:55:17,mlx5_7,0.000,0.000,0.000,0.000
2025-12-03 15:55:17,mlx5_8,0.000,0.000,167.000,440.299
2025-12-03 15:55:17,mlx5_9,0.000,0.000,0.000,0.000
2025-12-03 15:55:17,TOTAL,0.000,0.000,665.501,1760.201
2025-12-03 15:55:18,mlx5_0,0.000,0.000,0.000,0.000
2025-12-03 15:55:18,mlx5_1,9.584,57.033,164.976,443.729
2025-12-03 15:55:18,mlx5_2,0.000,0.000,0.000,0.000
2025-12-03 15:55:18,mlx5_3,9.461,56.839,168.437,449.366
2025-12-03 15:55:18,mlx5_4,0.000,0.000,0.000,0.000
2025-12-03 15:55:18,mlx5_5,9.322,56.420,168.652,448.196
2025-12-03 15:55:18,mlx5_6,0.000,0.000,0.000,0.000
2025-12-03 15:55:18,mlx5_7,0.000,0.000,0.000,0.000
2025-12-03 15:55:18,mlx5_8,9.412,56.332,168.182,447.374
2025-12-03 15:55:18,mlx5_9,0.000,0.000,0.000,0.000
2025-12-03 15:55:18,TOTAL,37.779,226.625,670.246,1788.664
2025-12-03 15:55:19,mlx5_0,0.000,0.000,0.000,0.000
2025-12-03 15:55:19,mlx5_1,0.000,0.000,164.976,443.729
2025-12-03 15:55:19,mlx5_2,0.000,0.000,0.000,0.000
2025-12-03 15:55:19,mlx5_3,0.000,0.000,168.437,449.366
2025-12-03 15:55:19,mlx5_4,0.000,0.000,0.000,0.000
2025-12-03 15:55:19,mlx5_5,0.000,0.000,168.652,448.196
2025-12-03 15:55:19,mlx5_6,0.000,0.000,0.000,0.000
2025-12-03 15:55:19,mlx5_7,0.000,0.000,0.000,0.000
2025-12-03 15:55:19,mlx5_8,0.000,0.000,168.182,447.374
2025-12-03 15:55:19,mlx5_9,0.000,0.000,0.000,0.000
2025-12-03 15:55:19,TOTAL,0.000,0.000,670.246,1788.664
2025-12-03 15:55:20,mlx5_0,0.000,0.000,0.000,0.000
2025-12-03 15:55:20,mlx5_1,0.000,0.000,164.976,443.729
2025-12-03 15:55:20,mlx5_2,0.000,0.000,0.000,0.000
2025-12-03 15:55:20,mlx5_3,0.000,0.000,168.437,449.366
2025-12-03 15:55:20,mlx5_4,0.000,0.000,0.000,0.000
2025-12-03 15:55:20,mlx5_5,0.000,0.000,168.652,448.196
2025-12-03 15:55:20,mlx5_6,0.000,0.000,0.000,0.000
2025-12-03 15:55:20,mlx5_7,0.000,0.000,0.000,0.000
2025-12-03 15:55:20,mlx5_8,0.000,0.000,168.182,447.374
2025-12-03 15:55:20,mlx5_9,0.000,0.000,0.000,0.000
2025-12-03 15:55:20,TOTAL,0.000,0.000,670.246,1788.664
2025-12-03 15:55:21,mlx5_0,0.000,0.000,0.000,0.000
2025-12-03 15:55:21,mlx5_1,0.000,0.000,164.976,443.729
2025-12-03 15:55:21,mlx5_2,0.000,0.000,0.000,0.000
2025-12-03 15:55:21,mlx5_3,0.000,0.000,168.437,449.366
2025-12-03 15:55:21,mlx5_4,0.000,0.000,0.000,0.000
2025-12-03 15:55:21,mlx5_5,0.000,0.000,168.652,448.196
2025-12-03 15:55:21,mlx5_6,0.000,0.000,0.000,0.000
2025-12-03 15:55:21,mlx5_7,0.000,0.000,0.000,0.000
2025-12-03 15:55:21,mlx5_8,0.000,0.000,168.182,447.374
2025-12-03 15:55:21,mlx5_9,0.000,0.000,0.000,0.000
2025-12-03 15:55:21,TOTAL,0.000,0.000,670.246,1788.664
2025-12-03 15:55:22,mlx5_0,0.000,0.000,0.000,0.000
2025-12-03 15:55:22,mlx5_1,9.521,0.013,166.172,443.730
2025-12-03 15:55:22,mlx5_2,0.000,0.000,0.000,0.000
2025-12-03 15:55:22,mlx5_3,9.377,0.014,169.615,449.368
2025-12-03 15:55:22,mlx5_4,0.000,0.000,0.000,0.000
2025-12-03 15:55:22,mlx5_5,9.425,0.014,169.835,448.197
2025-12-03 15:55:22,mlx5_6,0.000,0.000,0.000,0.000
2025-12-03 15:55:22,mlx5_7,0.000,0.000,0.000,0.000
2025-12-03 15:55:22,mlx5_8,9.486,0.013,169.374,447.375
2025-12-03 15:55:22,mlx5_9,0.000,0.000,0.000,0.000
2025-12-03 15:55:22,TOTAL,37.808,0.054,674.995,1788.671
2025-12-03 15:55:23,mlx5_0,0.000,0.000,0.000,0.000
2025-12-03 15:55:23,mlx5_1,0.039,0.000,166.176,443.730
2025-12-03 15:55:23,mlx5_2,0.000,0.000,0.000,0.000
2025-12-03 15:55:23,mlx5_3,0.051,0.000,169.621,449.368
2025-12-03 15:55:23,mlx5_4,0.000,0.000,0.000,0.000
2025-12-03 15:55:23,mlx5_5,0.022,0.000,169.838,448.197
2025-12-03 15:55:23,mlx5_6,0.000,0.000,0.000,0.000
2025-12-03 15:55:23,mlx5_7,0.000,0.000,0.000,0.000
2025-12-03 15:55:23,mlx5_8,0.034,0.000,169.378,447.375
2025-12-03 15:55:23,mlx5_9,0.000,0.000,0.000,0.000
2025-12-03 15:55:23,TOTAL,0.145,0.000,675.013,1788.671
2025-12-03 15:55:24,mlx5_0,0.000,0.000,0.000,0.000
2025-12-03 15:55:24,mlx5_1,0.000,0.000,166.176,443.730
2025-12-03 15:55:24,mlx5_2,0.000,0.000,0.000,0.000
2025-12-03 15:55:24,mlx5_3,0.000,0.000,169.621,449.368
2025-12-03 15:55:24,mlx5_4,0.000,0.000,0.000,0.000
2025-12-03 15:55:24,mlx5_5,0.000,0.000,169.838,448.197
2025-12-03 15:55:24,mlx5_6,0.000,0.000,0.000,0.000
2025-12-03 15:55:24,mlx5_7,0.000,0.000,0.000,0.000
2025-12-03 15:55:24,mlx5_8,0.000,0.000,169.378,447.375
2025-12-03 15:55:24,mlx5_9,0.000,0.000,0.000,0.000
2025-12-03 15:55:24,TOTAL,0.000,0.000,675.013,1788.671
2025-12-03 15:55:25,mlx5_0,0.000,0.000,0.000,0.000
2025-12-03 15:55:25,mlx5_1,0.000,0.000,166.176,443.730
2025-12-03 15:55:25,mlx5_2,0.000,0.000,0.000,0.000
2025-12-03 15:55:25,mlx5_3,0.000,0.000,169.621,449.368
2025-12-03 15:55:25,mlx5_4,0.000,0.000,0.000,0.000
2025-12-03 15:55:25,mlx5_5,0.000,0.000,169.838,448.197
2025-12-03 15:55:25,mlx5_6,0.000,0.000,0.000,0.000
2025-12-03 15:55:25,mlx5_7,0.000,0.000,0.000,0.000
2025-12-03 15:55:25,mlx5_8,0.000,0.000,169.378,447.375
2025-12-03 15:55:25,mlx5_9,0.000,0.000,0.000,0.000
2025-12-03 15:55:25,TOTAL,0.000,0.000,675.013,1788.671
2025-12-03 15:55:26,mlx5_0,0.000,0.000,0.000,0.000
2025-12-03 15:55:26,mlx5_1,9.290,0.013,167.344,443.732
2025-12-03 15:55:26,mlx5_2,0.000,0.000,0.000,0.000
2025-12-03 15:55:26,mlx5_3,9.374,0.014,170.799,449.370
2025-12-03 15:55:26,mlx5_4,0.000,0.000,0.000,0.000
2025-12-03 15:55:26,mlx5_5,9.381,0.014,171.017,448.199
2025-12-03 15:55:26,mlx5_6,0.000,0.000,0.000,0.000
2025-12-03 15:55:26,mlx5_7,0.000,0.000,0.000,0.000
2025-12-03 15:55:26,mlx5_8,9.350,0.013,170.553,447.377
2025-12-03 15:55:26,mlx5_9,0.000,0.000,0.000,0.000
2025-12-03 15:55:26,TOTAL,37.395,0.054,679.714,1788.678
2025-12-03 15:55:27,mlx5_0,0.000,0.000,0.000,0.000
2025-12-03 15:55:27,mlx5_1,0.000,0.000,167.344,443.732
2025-12-03 15:55:27,mlx5_2,0.000,0.000,0.000,0.000
2025-12-03 15:55:27,mlx5_3,0.000,0.000,170.799,449.370
2025-12-03 15:55:27,mlx5_4,0.000,0.000,0.000,0.000
2025-12-03 15:55:27,mlx5_5,0.000,0.000,171.017,448.199
2025-12-03 15:55:27,mlx5_6,0.000,0.000,0.000,0.000
2025-12-03 15:55:27,mlx5_7,0.000,0.000,0.000,0.000
2025-12-03 15:55:27,mlx5_8,0.000,0.000,170.553,447.377
2025-12-03 15:55:27,mlx5_9,0.000,0.000,0.000,0.000
2025-12-03 15:55:27,TOTAL,0.000,0.000,679.714,1788.678
2025-12-03 15:55:28,mlx5_0,0.000,0.000,0.000,0.000
2025-12-03 15:55:28,mlx5_1,0.000,0.000,167.344,443.732
2025-12-03 15:55:28,mlx5_2,0.000,0.000,0.000,0.000
2025-12-03 15:55:28,mlx5_3,0.000,0.000,170.799,449.370
2025-12-03 15:55:28,mlx5_4,0.000,0.000,0.000,0.000
2025-12-03 15:55:28,mlx5_5,0.000,0.000,171.017,448.199
2025-12-03 15:55:28,mlx5_6,0.000,0.000,0.000,0.000
2025-12-03 15:55:28,mlx5_7,0.000,0.000,0.000,0.000
2025-12-03 15:55:28,mlx5_8,0.000,0.000,170.553,447.377
2025-12-03 15:55:28,mlx5_9,0.000,0.000,0.000,0.000
2025-12-03 15:55:28,TOTAL,0.000,0.000,679.714,1788.678
2025-12-03 15:55:29,mlx5_0,0.000,0.000,0.000,0.000
2025-12-03 15:55:29,mlx5_1,9.274,0.013,168.509,443.734
2025-12-03 15:55:29,mlx5_2,0.000,0.000,0.000,0.000
2025-12-03 15:55:29,mlx5_3,9.456,0.014,171.987,449.371
2025-12-03 15:55:29,mlx5_4,0.000,0.000,0.000,0.000
2025-12-03 15:55:29,mlx5_5,9.191,0.014,172.172,448.201
2025-12-03 15:55:29,mlx5_6,0.000,0.000,0.000,0.000
2025-12-03 15:55:29,mlx5_7,0.000,0.000,0.000,0.000
2025-12-03 15:55:29,mlx5_8,9.303,0.013,171.722,447.379
2025-12-03 15:55:29,mlx5_9,0.000,0.000,0.000,0.000
2025-12-03 15:55:29,TOTAL,37.224,0.053,684.389,1788.685
2025-12-03 15:55:30,mlx5_0,0.000,0.000,0.000,0.000
2025-12-03 15:55:30,mlx5_1,0.000,0.000,168.509,443.734
2025-12-03 15:55:30,mlx5_2,0.000,0.000,0.000,0.000
2025-12-03 15:55:30,mlx5_3,0.000,0.000,171.987,449.371
2025-12-03 15:55:30,mlx5_4,0.000,0.000,0.000,0.000
2025-12-03 15:55:30,mlx5_5,0.000,0.000,172.172,448.201
2025-12-03 15:55:30,mlx5_6,0.000,0.000,0.000,0.000
2025-12-03 15:55:30,mlx5_7,0.000,0.000,0.000,0.000
2025-12-03 15:55:30,mlx5_8,0.000,0.000,171.722,447.379
2025-12-03 15:55:30,mlx5_9,0.000,0.000,0.000,0.000
2025-12-03 15:55:30,TOTAL,0.000,0.000,684.389,1788.685
2025-12-03 15:55:31,mlx5_0,0.000,0.000,0.000,0.000
2025-12-03 15:55:31,mlx5_1,0.000,0.000,168.509,443.734
2025-12-03 15:55:31,mlx5_2,0.000,0.000,0.000,0.000
2025-12-03 15:55:31,mlx5_3,0.000,0.000,171.987,449.371
2025-12-03 15:55:31,mlx5_4,0.000,0.000,0.000,0.000
2025-12-03 15:55:31,mlx5_5,0.000,0.000,172.172,448.201
2025-12-03 15:55:31,mlx5_6,0.000,0.000,0.000,0.000
2025-12-03 15:55:31,mlx5_7,0.000,0.000,0.000,0.000
2025-12-03 15:55:31,mlx5_8,0.000,0.000,171.722,447.379
2025-12-03 15:55:31,mlx5_9,0.000,0.000,0.000,0.000
2025-12-03 15:55:31,TOTAL,0.000,0.000,684.389,1788.685
2025-12-03 15:55:32,mlx5_0,0.000,0.000,0.000,0.000
2025-12-03 15:55:32,mlx5_1,0.000,0.000,168.509,443.734
2025-12-03 15:55:32,mlx5_2,0.000,0.000,0.000,0.000
2025-12-03 15:55:32,mlx5_3,0.000,0.000,171.987,449.371
2025-12-03 15:55:32,mlx5_4,0.000,0.000,0.000,0.000
2025-12-03 15:55:32,mlx5_5,0.000,0.000,172.172,448.201
2025-12-03 15:55:32,mlx5_6,0.000,0.000,0.000,0.000
2025-12-03 15:55:32,mlx5_7,0.000,0.000,0.000,0.000
2025-12-03 15:55:32,mlx5_8,0.000,0.000,171.722,447.379
2025-12-03 15:55:32,mlx5_9,0.000,0.000,0.000,0.000
2025-12-03 15:55:32,TOTAL,0.000,0.000,684.389,1788.685
2025-12-03 15:55:33,mlx5_0,0.000,0.000,0.000,0.000
2025-12-03 15:55:33,mlx5_1,9.236,0.013,169.668,443.735
2025-12-03 15:55:33,mlx5_2,0.000,0.000,0.000,0.000
2025-12-03 15:55:33,mlx5_3,9.384,0.014,173.165,449.373
2025-12-03 15:55:33,mlx5_4,0.000,0.000,0.000,0.000
2025-12-03 15:55:33,mlx5_5,9.398,0.014,173.351,448.203
2025-12-03 15:55:33,mlx5_6,0.000,0.000,0.000,0.000
2025-12-03 15:55:33,mlx5_7,0.000,0.000,0.000,0.000
2025-12-03 15:55:33,mlx5_8,9.238,0.013,172.881,447.380
2025-12-03 15:55:33,mlx5_9,0.000,0.000,0.000,0.000
2025-12-03 15:55:33,TOTAL,37.256,0.053,689.064,1788.691
2025-12-03 15:55:34,mlx5_0,0.000,0.000,0.000,0.000
2025-12-03 15:55:34,mlx5_1,0.000,0.000,169.668,443.735
2025-12-03 15:55:34,mlx5_2,0.000,0.000,0.000,0.000
2025-12-03 15:55:34,mlx5_3,0.000,0.000,173.165,449.373
2025-12-03 15:55:34,mlx5_4,0.000,0.000,0.000,0.000
2025-12-03 15:55:34,mlx5_5,0.000,0.000,173.351,448.203
2025-12-03 15:55:34,mlx5_6,0.000,0.000,0.000,0.000
2025-12-03 15:55:34,mlx5_7,0.000,0.000,0.000,0.000
2025-12-03 15:55:34,mlx5_8,0.000,0.000,172.881,447.380
2025-12-03 15:55:34,mlx5_9,0.000,0.000,0.000,0.000
2025-12-03 15:55:34,TOTAL,0.000,0.000,689.064,1788.691
2025-12-03 15:55:35,mlx5_0,0.000,0.000,0.000,0.000
2025-12-03 15:55:35,mlx5_1,0.000,0.000,169.668,443.735
2025-12-03 15:55:35,mlx5_2,0.000,0.000,0.000,0.000
2025-12-03 15:55:35,mlx5_3,0.000,0.000,173.165,449.373
2025-12-03 15:55:35,mlx5_4,0.000,0.000,0.000,0.000
2025-12-03 15:55:35,mlx5_5,0.000,0.000,173.351,448.203
2025-12-03 15:55:35,mlx5_6,0.000,0.000,0.000,0.000
2025-12-03 15:55:35,mlx5_7,0.000,0.000,0.000,0.000
2025-12-03 15:55:35,mlx5_8,0.000,0.000,172.881,447.380
2025-12-03 15:55:35,mlx5_9,0.000,0.000,0.000,0.000
2025-12-03 15:55:35,TOTAL,0.000,0.000,689.064,1788.691
2025-12-03 15:55:36,mlx5_0,0.000,0.000,0.000,0.000
2025-12-03 15:55:36,mlx5_1,0.000,0.000,169.668,443.735
2025-12-03 15:55:36,mlx5_2,0.000,0.000,0.000,0.000
2025-12-03 15:55:36,mlx5_3,0.000,0.000,173.165,449.373
2025-12-03 15:55:36,mlx5_4,0.000,0.000,0.000,0.000
2025-12-03 15:55:36,mlx5_5,0.000,0.000,173.351,448.203
2025-12-03 15:55:36,mlx5_6,0.000,0.000,0.000,0.000
2025-12-03 15:55:36,mlx5_7,0.000,0.000,0.000,0.000
2025-12-03 15:55:36,mlx5_8,0.000,0.000,172.881,447.380
2025-12-03 15:55:36,mlx5_9,0.000,0.000,0.000,0.000
2025-12-03 15:55:36,TOTAL,0.000,0.000,689.064,1788.691
2025-12-03 15:55:37,mlx5_0,0.000,0.000,0.000,0.000
2025-12-03 15:55:37,mlx5_1,4.000,0.006,170.170,443.736
2025-12-03 15:55:37,mlx5_2,0.000,0.000,0.000,0.000
2025-12-03 15:55:37,mlx5_3,4.017,0.006,173.669,449.374
2025-12-03 15:55:37,mlx5_4,0.000,0.000,0.000,0.000
2025-12-03 15:55:37,mlx5_5,4.072,0.006,173.862,448.203
2025-12-03 15:55:37,mlx5_6,0.000,0.000,0.000,0.000
2025-12-03 15:55:37,mlx5_7,0.000,0.000,0.000,0.000
2025-12-03 15:55:37,mlx5_8,4.162,0.006,173.404,447.381
2025-12-03 15:55:37,mlx5_9,0.000,0.000,0.000,0.000
2025-12-03 15:55:37,TOTAL,16.250,0.023,691.105,1788.694
2025-12-03 15:55:38,mlx5_0,0.000,0.000,0.000,0.000
2025-12-03 15:55:38,mlx5_1,5.319,0.007,170.839,443.737
2025-12-03 15:55:38,mlx5_2,0.000,0.000,0.000,0.000
2025-12-03 15:55:38,mlx5_3,5.337,0.008,174.340,449.375
2025-12-03 15:55:38,mlx5_4,0.000,0.000,0.000,0.000
2025-12-03 15:55:38,mlx5_5,5.188,0.008,174.514,448.204
2025-12-03 15:55:38,mlx5_6,0.000,0.000,0.000,0.000
2025-12-03 15:55:38,mlx5_7,0.000,0.000,0.000,0.000
2025-12-03 15:55:38,mlx5_8,5.121,0.007,174.047,447.382
2025-12-03 15:55:38,mlx5_9,0.000,0.000,0.000,0.000
2025-12-03 15:55:38,TOTAL,20.965,0.030,693.740,1788.698
2025-12-03 15:55:39,mlx5_0,0.000,0.000,0.000,0.000
2025-12-03 15:55:39,mlx5_1,0.000,0.000,170.839,443.737
2025-12-03 15:55:39,mlx5_2,0.000,0.000,0.000,0.000
2025-12-03 15:55:39,mlx5_3,0.000,0.000,174.340,449.375
2025-12-03 15:55:39,mlx5_4,0.000,0.000,0.000,0.000
2025-12-03 15:55:39,mlx5_5,0.000,0.000,174.514,448.204
2025-12-03 15:55:39,mlx5_6,0.000,0.000,0.000,0.000
2025-12-03 15:55:39,mlx5_7,0.000,0.000,0.000,0.000
2025-12-03 15:55:39,mlx5_8,0.000,0.000,174.047,447.382
2025-12-03 15:55:39,mlx5_9,0.000,0.000,0.000,0.000
2025-12-03 15:55:39,TOTAL,0.000,0.000,693.740,1788.698
2025-12-03 15:55:40,mlx5_0,0.000,0.000,0.000,0.000
2025-12-03 15:55:40,mlx5_1,0.000,0.000,170.839,443.737
2025-12-03 15:55:40,mlx5_2,0.000,0.000,0.000,0.000
2025-12-03 15:55:40,mlx5_3,0.000,0.000,174.340,449.375
2025-12-03 15:55:40,mlx5_4,0.000,0.000,0.000,0.000
2025-12-03 15:55:40,mlx5_5,0.000,0.000,174.514,448.204
2025-12-03 15:55:40,mlx5_6,0.000,0.000,0.000,0.000
2025-12-03 15:55:40,mlx5_7,0.000,0.000,0.000,0.000
2025-12-03 15:55:40,mlx5_8,0.000,0.000,174.047,447.382
2025-12-03 15:55:40,mlx5_9,0.000,0.000,0.000,0.000
2025-12-03 15:55:40,TOTAL,0.000,0.000,693.740,1788.698
2025-12-03 15:55:41,mlx5_0,0.000,0.000,0.000,0.000
2025-12-03 15:55:41,mlx5_1,0.000,0.000,170.839,443.737
2025-12-03 15:55:41,mlx5_2,0.000,0.000,0.000,0.000
2025-12-03 15:55:41,mlx5_3,0.000,0.000,174.340,449.375
2025-12-03 15:55:41,mlx5_4,0.000,0.000,0.000,0.000
2025-12-03 15:55:41,mlx5_5,0.000,0.000,174.514,448.204
2025-12-03 15:55:41,mlx5_6,0.000,0.000,0.000,0.000
2025-12-03 15:55:41,mlx5_7,0.000,0.000,0.000,0.000
2025-12-03 15:55:41,mlx5_8,0.000,0.000,174.047,447.382
2025-12-03 15:55:41,mlx5_9,0.000,0.000,0.000,0.000
2025-12-03 15:55:41,TOTAL,0.000,0.000,693.740,1788.698
2025-12-03 15:55:42,mlx5_0,0.000,0.000,0.000,0.000
2025-12-03 15:55:42,mlx5_1,9.568,12.125,172.041,445.260
2025-12-03 15:55:42,mlx5_2,0.000,0.000,0.000,0.000
2025-12-03 15:55:42,mlx5_3,9.328,12.300,175.511,450.920
2025-12-03 15:55:42,mlx5_4,0.000,0.000,0.000,0.000
2025-12-03 15:55:42,mlx5_5,9.162,12.438,175.665,449.767
2025-12-03 15:55:42,mlx5_6,0.000,0.000,0.000,0.000
2025-12-03 15:55:42,mlx5_7,0.000,0.000,0.000,0.000
2025-12-03 15:55:42,mlx5_8,9.249,12.778,175.209,448.987
2025-12-03 15:55:42,mlx5_9,0.000,0.000,0.000,0.000
2025-12-03 15:55:42,TOTAL,37.308,49.641,698.426,1794.933
2025-12-03 15:55:43,mlx5_0,0.000,0.000,0.000,0.000
2025-12-03 15:55:43,mlx5_1,0.125,44.755,172.056,450.887
2025-12-03 15:55:43,mlx5_2,0.000,0.000,0.000,0.000
2025-12-03 15:55:43,mlx5_3,0.098,44.187,175.524,456.475
2025-12-03 15:55:43,mlx5_4,0.000,0.000,0.000,0.000
2025-12-03 15:55:43,mlx5_5,0.094,44.094,175.677,455.310
2025-12-03 15:55:43,mlx5_6,0.000,0.000,0.000,0.000
2025-12-03 15:55:43,mlx5_7,0.000,0.000,0.000,0.000
2025-12-03 15:55:43,mlx5_8,0.121,43.775,175.224,454.491
2025-12-03 15:55:43,mlx5_9,0.000,0.000,0.000,0.000
2025-12-03 15:55:43,TOTAL,0.439,176.811,698.481,1817.162
2025-12-03 15:55:44,mlx5_0,0.000,0.000,0.000,0.000
2025-12-03 15:55:44,mlx5_1,0.000,0.000,172.056,450.887
2025-12-03 15:55:44,mlx5_2,0.000,0.000,0.000,0.000
2025-12-03 15:55:44,mlx5_3,0.000,0.000,175.524,456.475
2025-12-03 15:55:44,mlx5_4,0.000,0.000,0.000,0.000
2025-12-03 15:55:44,mlx5_5,0.000,0.000,175.677,455.310
2025-12-03 15:55:44,mlx5_6,0.000,0.000,0.000,0.000
2025-12-03 15:55:44,mlx5_7,0.000,0.000,0.000,0.000
2025-12-03 15:55:44,mlx5_8,0.000,0.000,175.224,454.491
2025-12-03 15:55:44,mlx5_9,0.000,0.000,0.000,0.000
2025-12-03 15:55:44,TOTAL,0.000,0.000,698.481,1817.162
2025-12-03 15:55:45,mlx5_0,0.000,0.000,0.000,0.000
2025-12-03 15:55:45,mlx5_1,0.000,0.000,172.056,450.887
2025-12-03 15:55:45,mlx5_2,0.000,0.000,0.000,0.000
2025-12-03 15:55:45,mlx5_3,0.000,0.000,175.524,456.475
2025-12-03 15:55:45,mlx5_4,0.000,0.000,0.000,0.000
2025-12-03 15:55:45,mlx5_5,0.000,0.000,175.677,455.310
2025-12-03 15:55:45,mlx5_6,0.000,0.000,0.000,0.000
2025-12-03 15:55:45,mlx5_7,0.000,0.000,0.000,0.000
2025-12-03 15:55:45,mlx5_8,0.000,0.000,175.224,454.491
2025-12-03 15:55:45,mlx5_9,0.000,0.000,0.000,0.000
2025-12-03 15:55:45,TOTAL,0.000,0.000,698.481,1817.162
2025-12-03 15:55:46,mlx5_0,0.000,0.000,0.000,0.000
2025-12-03 15:55:46,mlx5_1,0.000,0.000,172.056,450.887
2025-12-03 15:55:46,mlx5_2,0.000,0.000,0.000,0.000
2025-12-03 15:55:46,mlx5_3,0.000,0.000,175.524,456.475
2025-12-03 15:55:46,mlx5_4,0.000,0.000,0.000,0.000
2025-12-03 15:55:46,mlx5_5,0.000,0.000,175.677,455.310
2025-12-03 15:55:46,mlx5_6,0.000,0.000,0.000,0.000
2025-12-03 15:55:46,mlx5_7,0.000,0.000,0.000,0.000
2025-12-03 15:55:46,mlx5_8,0.000,0.000,175.224,454.491
2025-12-03 15:55:46,mlx5_9,0.000,0.000,0.000,0.000
2025-12-03 15:55:46,TOTAL,0.000,0.000,698.481,1817.162
2025-12-03 15:55:47,mlx5_0,0.000,0.000,0.000,0.000
2025-12-03 15:55:47,mlx5_1,9.482,0.013,173.247,450.888
2025-12-03 15:55:47,mlx5_2,0.000,0.000,0.000,0.000
2025-12-03 15:55:47,mlx5_3,9.474,0.014,176.714,456.477
2025-12-03 15:55:47,mlx5_4,0.000,0.000,0.000,0.000
2025-12-03 15:55:47,mlx5_5,9.501,0.014,176.870,455.312
2025-12-03 15:55:47,mlx5_6,0.000,0.000,0.000,0.000
2025-12-03 15:55:47,mlx5_7,0.000,0.000,0.000,0.000
2025-12-03 15:55:47,mlx5_8,9.490,0.013,176.416,454.492
2025-12-03 15:55:47,mlx5_9,0.000,0.000,0.000,0.000
2025-12-03 15:55:47,TOTAL,37.947,0.055,703.248,1817.169
2025-12-03 15:55:48,mlx5_0,0.000,0.000,0.000,0.000
2025-12-03 15:55:48,mlx5_1,0.000,0.000,173.247,450.888
2025-12-03 15:55:48,mlx5_2,0.000,0.000,0.000,0.000
2025-12-03 15:55:48,mlx5_3,0.000,0.000,176.714,456.477
2025-12-03 15:55:48,mlx5_4,0.000,0.000,0.000,0.000
2025-12-03 15:55:48,mlx5_5,0.000,0.000,176.870,455.312
2025-12-03 15:55:48,mlx5_6,0.000,0.000,0.000,0.000
2025-12-03 15:55:48,mlx5_7,0.000,0.000,0.000,0.000
2025-12-03 15:55:48,mlx5_8,0.000,0.000,176.416,454.492
2025-12-03 15:55:48,mlx5_9,0.000,0.000,0.000,0.000
2025-12-03 15:55:48,TOTAL,0.000,0.000,703.248,1817.169
2025-12-03 15:55:49,mlx5_0,0.000,0.000,0.000,0.000
2025-12-03 15:55:49,mlx5_1,0.000,0.000,173.247,450.888
2025-12-03 15:55:49,mlx5_2,0.000,0.000,0.000,0.000
2025-12-03 15:55:49,mlx5_3,0.000,0.000,176.714,456.477
2025-12-03 15:55:49,mlx5_4,0.000,0.000,0.000,0.000
2025-12-03 15:55:49,mlx5_5,0.000,0.000,176.870,455.312
2025-12-03 15:55:49,mlx5_6,0.000,0.000,0.000,0.000
2025-12-03 15:55:49,mlx5_7,0.000,0.000,0.000,0.000
2025-12-03 15:55:49,mlx5_8,0.000,0.000,176.416,454.492
2025-12-03 15:55:49,mlx5_9,0.000,0.000,0.000,0.000
2025-12-03 15:55:49,TOTAL,0.000,0.000,703.248,1817.169
2025-12-03 15:55:50,mlx5_0,0.000,0.000,0.000,0.000
2025-12-03 15:55:50,mlx5_1,9.332,0.013,174.420,450.890
2025-12-03 15:55:50,mlx5_2,0.000,0.000,0.000,0.000
2025-12-03 15:55:50,mlx5_3,9.466,0.014,177.903,456.478
2025-12-03 15:55:50,mlx5_4,0.000,0.000,0.000,0.000
2025-12-03 15:55:50,mlx5_5,9.155,0.013,178.020,455.314
2025-12-03 15:55:50,mlx5_6,0.000,0.000,0.000,0.000
2025-12-03 15:55:50,mlx5_7,0.000,0.000,0.000,0.000
2025-12-03 15:55:50,mlx5_8,9.266,0.013,177.580,454.494
2025-12-03 15:55:50,mlx5_9,0.000,0.000,0.000,0.000
2025-12-03 15:55:50,TOTAL,37.219,0.053,707.923,1817.176
2025-12-03 15:55:51,mlx5_0,0.000,0.000,0.000,0.000
2025-12-03 15:55:51,mlx5_1,0.000,0.000,174.420,450.890
2025-12-03 15:55:51,mlx5_2,0.000,0.000,0.000,0.000
2025-12-03 15:55:51,mlx5_3,0.000,0.000,177.903,456.478
2025-12-03 15:55:51,mlx5_4,0.000,0.000,0.000,0.000
2025-12-03 15:55:51,mlx5_5,0.000,0.000,178.020,455.314
2025-12-03 15:55:51,mlx5_6,0.000,0.000,0.000,0.000
2025-12-03 15:55:51,mlx5_7,0.000,0.000,0.000,0.000
2025-12-03 15:55:51,mlx5_8,0.000,0.000,177.580,454.494
2025-12-03 15:55:51,mlx5_9,0.000,0.000,0.000,0.000
2025-12-03 15:55:51,TOTAL,0.000,0.000,707.923,1817.176
2025-12-03 15:55:52,mlx5_0,0.000,0.000,0.000,0.000
2025-12-03 15:55:52,mlx5_1,0.000,0.000,174.420,450.890
2025-12-03 15:55:52,mlx5_2,0.000,0.000,0.000,0.000
2025-12-03 15:55:52,mlx5_3,0.000,0.000,177.903,456.478
2025-12-03 15:55:52,mlx5_4,0.000,0.000,0.000,0.000
2025-12-03 15:55:52,mlx5_5,0.000,0.000,178.020,455.314
2025-12-03 15:55:52,mlx5_6,0.000,0.000,0.000,0.000
2025-12-03 15:55:52,mlx5_7,0.000,0.000,0.000,0.000
2025-12-03 15:55:52,mlx5_8,0.000,0.000,177.580,454.494
2025-12-03 15:55:52,mlx5_9,0.000,0.000,0.000,0.000
2025-12-03 15:55:52,TOTAL,0.000,0.000,707.923,1817.176
2025-12-03 15:55:53,mlx5_0,0.000,0.000,0.000,0.000
2025-12-03 15:55:53,mlx5_1,0.000,0.000,174.420,450.890
2025-12-03 15:55:53,mlx5_2,0.000,0.000,0.000,0.000
2025-12-03 15:55:53,mlx5_3,0.000,0.000,177.903,456.478
2025-12-03 15:55:53,mlx5_4,0.000,0.000,0.000,0.000
2025-12-03 15:55:53,mlx5_5,0.000,0.000,178.020,455.314
2025-12-03 15:55:53,mlx5_6,0.000,0.000,0.000,0.000
2025-12-03 15:55:53,mlx5_7,0.000,0.000,0.000,0.000
2025-12-03 15:55:53,mlx5_8,0.000,0.000,177.580,454.494
2025-12-03 15:55:53,mlx5_9,0.000,0.000,0.000,0.000
2025-12-03 15:55:53,TOTAL,0.000,0.000,707.923,1817.176
2025-12-03 15:55:54,mlx5_0,0.000,0.000,0.000,0.000
2025-12-03 15:55:54,mlx5_1,9.233,0.013,175.579,450.891
2025-12-03 15:55:54,mlx5_2,0.000,0.000,0.000,0.000
2025-12-03 15:55:54,mlx5_3,9.447,0.014,179.090,456.480
2025-12-03 15:55:54,mlx5_4,0.000,0.000,0.000,0.000
2025-12-03 15:55:54,mlx5_5,9.377,0.014,179.198,455.315
2025-12-03 15:55:54,mlx5_6,0.000,0.000,0.000,0.000
2025-12-03 15:55:54,mlx5_7,0.000,0.000,0.000,0.000
2025-12-03 15:55:54,mlx5_8,9.168,0.013,178.732,454.495
2025-12-03 15:55:54,mlx5_9,0.000,0.000,0.000,0.000
2025-12-03 15:55:54,TOTAL,37.224,0.053,712.599,1817.182
2025-12-03 15:55:55,mlx5_0,0.000,0.000,0.000,0.000
2025-12-03 15:55:55,mlx5_1,0.000,0.000,175.579,450.891
2025-12-03 15:55:55,mlx5_2,0.000,0.000,0.000,0.000
2025-12-03 15:55:55,mlx5_3,0.000,0.000,179.090,456.480
2025-12-03 15:55:55,mlx5_4,0.000,0.000,0.000,0.000
2025-12-03 15:55:55,mlx5_5,0.000,0.000,179.198,455.315
2025-12-03 15:55:55,mlx5_6,0.000,0.000,0.000,0.000
2025-12-03 15:55:55,mlx5_7,0.000,0.000,0.000,0.000
2025-12-03 15:55:55,mlx5_8,0.000,0.000,178.732,454.495
2025-12-03 15:55:55,mlx5_9,0.000,0.000,0.000,0.000
2025-12-03 15:55:55,TOTAL,0.000,0.000,712.599,1817.182
2025-12-03 15:55:56,mlx5_0,0.000,0.000,0.000,0.000
2025-12-03 15:55:56,mlx5_1,0.000,0.000,175.579,450.891
2025-12-03 15:55:56,mlx5_2,0.000,0.000,0.000,0.000
2025-12-03 15:55:56,mlx5_3,0.000,0.000,179.090,456.480
2025-12-03 15:55:56,mlx5_4,0.000,0.000,0.000,0.000
2025-12-03 15:55:56,mlx5_5,0.000,0.000,179.198,455.315
2025-12-03 15:55:56,mlx5_6,0.000,0.000,0.000,0.000
2025-12-03 15:55:56,mlx5_7,0.000,0.000,0.000,0.000
2025-12-03 15:55:56,mlx5_8,0.000,0.000,178.732,454.495
2025-12-03 15:55:56,mlx5_9,0.000,0.000,0.000,0.000
2025-12-03 15:55:56,TOTAL,0.000,0.000,712.599,1817.182
2025-12-03 15:55:57,mlx5_0,0.000,0.000,0.000,0.000
2025-12-03 15:55:57,mlx5_1,0.000,0.000,175.579,450.891
2025-12-03 15:55:57,mlx5_2,0.000,0.000,0.000,0.000
2025-12-03 15:55:57,mlx5_3,0.000,0.000,179.090,456.480
2025-12-03 15:55:57,mlx5_4,0.000,0.000,0.000,0.000
2025-12-03 15:55:57,mlx5_5,0.000,0.000,179.198,455.315
2025-12-03 15:55:57,mlx5_6,0.000,0.000,0.000,0.000
2025-12-03 15:55:57,mlx5_7,0.000,0.000,0.000,0.000
2025-12-03 15:55:57,mlx5_8,0.000,0.000,178.732,454.495
2025-12-03 15:55:57,mlx5_9,0.000,0.000,0.000,0.000
2025-12-03 15:55:57,TOTAL,0.000,0.000,712.599,1817.182
2025-12-03 15:55:58,mlx5_0,0.000,0.000,0.000,0.000
2025-12-03 15:55:58,mlx5_1,9.383,0.013,176.758,450.893
2025-12-03 15:55:58,mlx5_2,0.000,0.000,0.000,0.000
2025-12-03 15:55:58,mlx5_3,9.294,0.014,180.257,456.482
2025-12-03 15:55:58,mlx5_4,0.000,0.000,0.000,0.000
2025-12-03 15:55:58,mlx5_5,9.256,0.014,180.361,455.317
2025-12-03 15:55:58,mlx5_6,0.000,0.000,0.000,0.000
2025-12-03 15:55:58,mlx5_7,0.000,0.000,0.000,0.000
2025-12-03 15:55:58,mlx5_8,9.292,0.013,179.899,454.497
2025-12-03 15:55:58,mlx5_9,0.000,0.000,0.000,0.000
2025-12-03 15:55:58,TOTAL,37.226,0.054,717.274,1817.189
2025-12-03 15:55:59,mlx5_0,0.000,0.000,0.000,0.000
2025-12-03 15:55:59,mlx5_1,0.000,0.000,176.758,450.893
2025-12-03 15:55:59,mlx5_2,0.000,0.000,0.000,0.000
2025-12-03 15:55:59,mlx5_3,0.000,0.000,180.257,456.482
2025-12-03 15:55:59,mlx5_4,0.000,0.000,0.000,0.000
2025-12-03 15:55:59,mlx5_5,0.000,0.000,180.361,455.317
2025-12-03 15:55:59,mlx5_6,0.000,0.000,0.000,0.000
2025-12-03 15:55:59,mlx5_7,0.000,0.000,0.000,0.000
2025-12-03 15:55:59,mlx5_8,0.000,0.000,179.899,454.497
2025-12-03 15:55:59,mlx5_9,0.000,0.000,0.000,0.000
2025-12-03 15:55:59,TOTAL,0.000,0.000,717.274,1817.189
2025-12-03 15:56:00,mlx5_0,0.000,0.000,0.000,0.000
2025-12-03 15:56:00,mlx5_1,0.000,0.000,176.758,450.893
2025-12-03 15:56:00,mlx5_2,0.000,0.000,0.000,0.000
2025-12-03 15:56:00,mlx5_3,0.000,0.000,180.257,456.482
2025-12-03 15:56:00,mlx5_4,0.000,0.000,0.000,0.000
2025-12-03 15:56:00,mlx5_5,0.000,0.000,180.361,455.317
2025-12-03 15:56:00,mlx5_6,0.000,0.000,0.000,0.000
2025-12-03 15:56:00,mlx5_7,0.000,0.000,0.000,0.000
2025-12-03 15:56:00,mlx5_8,0.000,0.000,179.899,454.497
2025-12-03 15:56:00,mlx5_9,0.000,0.000,0.000,0.000
2025-12-03 15:56:00,TOTAL,0.000,0.000,717.274,1817.189
2025-12-03 15:56:01,mlx5_0,0.000,0.000,0.000,0.000
2025-12-03 15:56:01,mlx5_1,0.000,0.000,176.758,450.893
2025-12-03 15:56:01,mlx5_2,0.000,0.000,0.000,0.000
2025-12-03 15:56:01,mlx5_3,0.000,0.000,180.257,456.482
2025-12-03 15:56:01,mlx5_4,0.000,0.000,0.000,0.000
2025-12-03 15:56:01,mlx5_5,0.000,0.000,180.361,455.317
2025-12-03 15:56:01,mlx5_6,0.000,0.000,0.000,0.000
2025-12-03 15:56:01,mlx5_7,0.000,0.000,0.000,0.000
2025-12-03 15:56:01,mlx5_8,0.000,0.000,179.899,454.497
2025-12-03 15:56:01,mlx5_9,0.000,0.000,0.000,0.000
2025-12-03 15:56:01,TOTAL,0.000,0.000,717.274,1817.189
2025-12-03 15:56:02,mlx5_0,0.000,0.000,0.000,0.000
2025-12-03 15:56:02,mlx5_1,9.265,0.013,177.922,450.895
2025-12-03 15:56:02,mlx5_2,0.000,0.000,0.000,0.000
2025-12-03 15:56:02,mlx5_3,9.291,0.014,181.424,456.484
2025-12-03 15:56:02,mlx5_4,0.000,0.000,0.000,0.000
2025-12-03 15:56:02,mlx5_5,9.344,0.014,181.535,455.319
2025-12-03 15:56:02,mlx5_6,0.000,0.000,0.000,0.000
2025-12-03 15:56:02,mlx5_7,0.000,0.000,0.000,0.000
2025-12-03 15:56:02,mlx5_8,9.323,0.013,181.070,454.499
2025-12-03 15:56:02,mlx5_9,0.000,0.000,0.000,0.000
2025-12-03 15:56:02,TOTAL,37.224,0.053,721.950,1817.196
2025-12-03 15:56:03,mlx5_0,0.000,0.000,0.000,0.000
2025-12-03 15:56:03,mlx5_1,0.000,0.000,177.922,450.895
2025-12-03 15:56:03,mlx5_2,0.000,0.000,0.000,0.000
2025-12-03 15:56:03,mlx5_3,0.000,0.000,181.424,456.484
2025-12-03 15:56:03,mlx5_4,0.000,0.000,0.000,0.000
2025-12-03 15:56:03,mlx5_5,0.000,0.000,181.535,455.319
2025-12-03 15:56:03,mlx5_6,0.000,0.000,0.000,0.000
2025-12-03 15:56:03,mlx5_7,0.000,0.000,0.000,0.000
2025-12-03 15:56:03,mlx5_8,0.000,0.000,181.070,454.499
2025-12-03 15:56:03,mlx5_9,0.000,0.000,0.000,0.000
2025-12-03 15:56:03,TOTAL,0.000,0.000,721.950,1817.196
2025-12-03 15:56:04,mlx5_0,0.000,0.000,0.000,0.000
2025-12-03 15:56:04,mlx5_1,0.000,0.000,177.922,450.895
2025-12-03 15:56:04,mlx5_2,0.000,0.000,0.000,0.000
2025-12-03 15:56:04,mlx5_3,0.000,0.000,181.424,456.484
2025-12-03 15:56:04,mlx5_4,0.000,0.000,0.000,0.000
2025-12-03 15:56:04,mlx5_5,0.000,0.000,181.535,455.319
2025-12-03 15:56:04,mlx5_6,0.000,0.000,0.000,0.000
2025-12-03 15:56:04,mlx5_7,0.000,0.000,0.000,0.000
2025-12-03 15:56:04,mlx5_8,0.000,0.000,181.070,454.499
2025-12-03 15:56:04,mlx5_9,0.000,0.000,0.000,0.000
2025-12-03 15:56:04,TOTAL,0.000,0.000,721.950,1817.196
2025-12-03 15:56:05,mlx5_0,0.000,0.000,0.000,0.000
2025-12-03 15:56:05,mlx5_1,0.000,0.000,177.922,450.895
2025-12-03 15:56:05,mlx5_2,0.000,0.000,0.000,0.000
2025-12-03 15:56:05,mlx5_3,0.000,0.000,181.424,456.484
2025-12-03 15:56:05,mlx5_4,0.000,0.000,0.000,0.000
2025-12-03 15:56:05,mlx5_5,0.000,0.000,181.535,455.319
2025-12-03 15:56:05,mlx5_6,0.000,0.000,0.000,0.000
2025-12-03 15:56:05,mlx5_7,0.000,0.000,0.000,0.000
2025-12-03 15:56:05,mlx5_8,0.000,0.000,181.070,454.499
2025-12-03 15:56:05,mlx5_9,0.000,0.000,0.000,0.000
2025-12-03 15:56:05,TOTAL,0.000,0.000,721.950,1817.196
2025-12-03 15:56:06,mlx5_0,0.000,0.000,0.000,0.000
2025-12-03 15:56:06,mlx5_1,0.000,0.000,177.922,450.895
2025-12-03 15:56:06,mlx5_2,0.000,0.000,0.000,0.000
2025-12-03 15:56:06,mlx5_3,0.000,0.000,181.424,456.484
2025-12-03 15:56:06,mlx5_4,0.000,0.000,0.000,0.000
2025-12-03 15:56:06,mlx5_5,0.000,0.000,181.535,455.319
2025-12-03 15:56:06,mlx5_6,0.000,0.000,0.000,0.000
2025-12-03 15:56:06,mlx5_7,0.000,0.000,0.000,0.000
2025-12-03 15:56:06,mlx5_8,0.000,0.000,181.070,454.499
2025-12-03 15:56:06,mlx5_9,0.000,0.000,0.000,0.000
2025-12-03 15:56:06,TOTAL,0.000,0.000,721.950,1817.196
2025-12-03 15:56:07,mlx5_0,0.000,0.000,0.000,0.000
2025-12-03 15:56:07,mlx5_1,9.459,57.171,179.110,458.079
2025-12-03 15:56:07,mlx5_2,0.000,0.000,0.000,0.000
2025-12-03 15:56:07,mlx5_3,9.378,56.356,182.602,463.566
2025-12-03 15:56:07,mlx5_4,0.000,0.000,0.000,0.000
2025-12-03 15:56:07,mlx5_5,9.427,56.677,182.719,462.441
2025-12-03 15:56:07,mlx5_6,0.000,0.000,0.000,0.000
2025-12-03 15:56:07,mlx5_7,0.000,0.000,0.000,0.000
2025-12-03 15:56:07,mlx5_8,9.520,56.286,182.266,461.572
2025-12-03 15:56:07,mlx5_9,0.000,0.000,0.000,0.000
2025-12-03 15:56:07,TOTAL,37.785,226.490,726.698,1845.657
2025-12-03 15:56:08,mlx5_0,0.000,0.000,0.000,0.000
2025-12-03 15:56:08,mlx5_1,0.000,0.000,179.110,458.079
2025-12-03 15:56:08,mlx5_2,0.000,0.000,0.000,0.000
2025-12-03 15:56:08,mlx5_3,0.000,0.000,182.602,463.566
2025-12-03 15:56:08,mlx5_4,0.000,0.000,0.000,0.000
2025-12-03 15:56:08,mlx5_5,0.000,0.000,182.719,462.441
2025-12-03 15:56:08,mlx5_6,0.000,0.000,0.000,0.000
2025-12-03 15:56:08,mlx5_7,0.000,0.000,0.000,0.000
2025-12-03 15:56:08,mlx5_8,0.000,0.000,182.266,461.572
2025-12-03 15:56:08,mlx5_9,0.000,0.000,0.000,0.000
2025-12-03 15:56:08,TOTAL,0.000,0.000,726.698,1845.657
2025-12-03 15:56:09,mlx5_0,0.000,0.000,0.000,0.000
2025-12-03 15:56:09,mlx5_1,0.000,0.000,179.110,458.079
2025-12-03 15:56:09,mlx5_2,0.000,0.000,0.000,0.000
2025-12-03 15:56:09,mlx5_3,0.000,0.000,182.602,463.566
2025-12-03 15:56:09,mlx5_4,0.000,0.000,0.000,0.000
2025-12-03 15:56:09,mlx5_5,0.000,0.000,182.719,462.441
2025-12-03 15:56:09,mlx5_6,0.000,0.000,0.000,0.000
2025-12-03 15:56:09,mlx5_7,0.000,0.000,0.000,0.000
2025-12-03 15:56:09,mlx5_8,0.000,0.000,182.266,461.572
2025-12-03 15:56:09,mlx5_9,0.000,0.000,0.000,0.000
2025-12-03 15:56:09,TOTAL,0.000,0.000,726.698,1845.657
2025-12-03 15:56:10,mlx5_0,0.000,0.000,0.000,0.000
2025-12-03 15:56:10,mlx5_1,0.000,0.000,179.110,458.079
2025-12-03 15:56:10,mlx5_2,0.000,0.000,0.000,0.000
2025-12-03 15:56:10,mlx5_3,0.000,0.000,182.602,463.566
2025-12-03 15:56:10,mlx5_4,0.000,0.000,0.000,0.000
2025-12-03 15:56:10,mlx5_5,0.000,0.000,182.719,462.441
2025-12-03 15:56:10,mlx5_6,0.000,0.000,0.000,0.000
2025-12-03 15:56:10,mlx5_7,0.000,0.000,0.000,0.000
2025-12-03 15:56:10,mlx5_8,0.000,0.000,182.266,461.572
2025-12-03 15:56:10,mlx5_9,0.000,0.000,0.000,0.000
2025-12-03 15:56:10,TOTAL,0.000,0.000,726.698,1845.657
2025-12-03 15:56:11,mlx5_0,0.000,0.000,0.000,0.000
2025-12-03 15:56:11,mlx5_1,8.347,0.011,180.159,458.080
2025-12-03 15:56:11,mlx5_2,0.000,0.000,0.000,0.000
2025-12-03 15:56:11,mlx5_3,8.179,0.012,183.630,463.567
2025-12-03 15:56:11,mlx5_4,0.000,0.000,0.000,0.000
2025-12-03 15:56:11,mlx5_5,8.287,0.012,183.760,462.442
2025-12-03 15:56:11,mlx5_6,0.000,0.000,0.000,0.000
2025-12-03 15:56:11,mlx5_7,0.000,0.000,0.000,0.000
2025-12-03 15:56:11,mlx5_8,8.393,0.011,183.320,461.573
2025-12-03 15:56:11,mlx5_9,0.000,0.000,0.000,0.000
2025-12-03 15:56:11,TOTAL,33.207,0.046,730.869,1845.663
2025-12-03 15:56:12,mlx5_0,0.000,0.000,0.000,0.000
2025-12-03 15:56:12,mlx5_1,0.621,0.001,180.237,458.080
2025-12-03 15:56:12,mlx5_2,0.000,0.000,0.000,0.000
2025-12-03 15:56:12,mlx5_3,0.642,0.001,183.710,463.567
2025-12-03 15:56:12,mlx5_4,0.000,0.000,0.000,0.000
2025-12-03 15:56:12,mlx5_5,0.601,0.001,183.836,462.443
2025-12-03 15:56:12,mlx5_6,0.000,0.000,0.000,0.000
2025-12-03 15:56:12,mlx5_7,0.000,0.000,0.000,0.000
2025-12-03 15:56:12,mlx5_8,0.552,0.001,183.390,461.573
2025-12-03 15:56:12,mlx5_9,0.000,0.000,0.000,0.000
2025-12-03 15:56:12,TOTAL,2.416,0.005,731.173,1845.664
2025-12-03 15:56:13,mlx5_0,0.000,0.000,0.000,0.000
2025-12-03 15:56:13,mlx5_1,0.000,0.000,180.237,458.080
2025-12-03 15:56:13,mlx5_2,0.000,0.000,0.000,0.000
2025-12-03 15:56:13,mlx5_3,0.000,0.000,183.710,463.567
2025-12-03 15:56:13,mlx5_4,0.000,0.000,0.000,0.000
2025-12-03 15:56:13,mlx5_5,0.000,0.000,183.836,462.443
2025-12-03 15:56:13,mlx5_6,0.000,0.000,0.000,0.000
2025-12-03 15:56:13,mlx5_7,0.000,0.000,0.000,0.000
2025-12-03 15:56:13,mlx5_8,0.000,0.000,183.390,461.573
2025-12-03 15:56:13,mlx5_9,0.000,0.000,0.000,0.000
2025-12-03 15:56:13,TOTAL,0.000,0.000,731.173,1845.664
2025-12-03 15:56:14,mlx5_0,0.000,0.000,0.000,0.000
2025-12-03 15:56:14,mlx5_1,0.000,0.000,180.237,458.080
2025-12-03 15:56:14,mlx5_2,0.000,0.000,0.000,0.000
2025-12-03 15:56:14,mlx5_3,0.000,0.000,183.710,463.567
2025-12-03 15:56:14,mlx5_4,0.000,0.000,0.000,0.000
2025-12-03 15:56:14,mlx5_5,0.000,0.000,183.836,462.443
2025-12-03 15:56:14,mlx5_6,0.000,0.000,0.000,0.000
2025-12-03 15:56:14,mlx5_7,0.000,0.000,0.000,0.000
2025-12-03 15:56:14,mlx5_8,0.000,0.000,183.390,461.573
2025-12-03 15:56:14,mlx5_9,0.000,0.000,0.000,0.000
2025-12-03 15:56:14,TOTAL,0.000,0.000,731.173,1845.664
2025-12-03 15:56:15,mlx5_0,0.000,0.000,0.000,0.000
2025-12-03 15:56:15,mlx5_1,9.198,0.013,181.392,458.082
2025-12-03 15:56:15,mlx5_2,0.000,0.000,0.000,0.000
2025-12-03 15:56:15,mlx5_3,9.316,0.014,184.881,463.569
2025-12-03 15:56:15,mlx5_4,0.000,0.000,0.000,0.000
2025-12-03 15:56:15,mlx5_5,9.364,0.014,185.012,462.444
2025-12-03 15:56:15,mlx5_6,0.000,0.000,0.000,0.000
2025-12-03 15:56:15,mlx5_7,0.000,0.000,0.000,0.000
2025-12-03 15:56:15,mlx5_8,9.344,0.013,184.563,461.575
2025-12-03 15:56:15,mlx5_9,0.000,0.000,0.000,0.000
2025-12-03 15:56:15,TOTAL,37.222,0.053,735.848,1845.670
2025-12-03 15:56:16,mlx5_0,0.000,0.000,0.000,0.000
2025-12-03 15:56:16,mlx5_1,0.000,0.000,181.392,458.082
2025-12-03 15:56:16,mlx5_2,0.000,0.000,0.000,0.000
2025-12-03 15:56:16,mlx5_3,0.000,0.000,184.881,463.569
2025-12-03 15:56:16,mlx5_4,0.000,0.000,0.000,0.000
2025-12-03 15:56:16,mlx5_5,0.000,0.000,185.012,462.444
2025-12-03 15:56:16,mlx5_6,0.000,0.000,0.000,0.000
2025-12-03 15:56:16,mlx5_7,0.000,0.000,0.000,0.000
2025-12-03 15:56:16,mlx5_8,0.000,0.000,184.563,461.575
2025-12-03 15:56:16,mlx5_9,0.000,0.000,0.000,0.000
2025-12-03 15:56:16,TOTAL,0.000,0.000,735.848,1845.670
2025-12-03 15:56:17,mlx5_0,0.000,0.000,0.000,0.000
2025-12-03 15:56:17,mlx5_1,0.000,0.000,181.392,458.082
2025-12-03 15:56:17,mlx5_2,0.000,0.000,0.000,0.000
2025-12-03 15:56:17,mlx5_3,0.000,0.000,184.881,463.569
2025-12-03 15:56:17,mlx5_4,0.000,0.000,0.000,0.000
2025-12-03 15:56:17,mlx5_5,0.000,0.000,185.012,462.444
2025-12-03 15:56:17,mlx5_6,0.000,0.000,0.000,0.000
2025-12-03 15:56:17,mlx5_7,0.000,0.000,0.000,0.000
2025-12-03 15:56:17,mlx5_8,0.000,0.000,184.563,461.575
2025-12-03 15:56:17,mlx5_9,0.000,0.000,0.000,0.000
2025-12-03 15:56:17,TOTAL,0.000,0.000,735.848,1845.670
2025-12-03 15:56:18,mlx5_0,0.000,0.000,0.000,0.000
2025-12-03 15:56:18,mlx5_1,9.377,0.013,182.570,458.084
2025-12-03 15:56:18,mlx5_2,0.000,0.000,0.000,0.000
2025-12-03 15:56:18,mlx5_3,9.347,0.014,186.055,463.571
2025-12-03 15:56:18,mlx5_4,0.000,0.000,0.000,0.000
2025-12-03 15:56:18,mlx5_5,9.346,0.014,186.186,462.446
2025-12-03 15:56:18,mlx5_6,0.000,0.000,0.000,0.000
2025-12-03 15:56:18,mlx5_7,0.000,0.000,0.000,0.000
2025-12-03 15:56:18,mlx5_8,9.152,0.013,185.713,461.577
2025-12-03 15:56:18,mlx5_9,0.000,0.000,0.000,0.000
2025-12-03 15:56:18,TOTAL,37.222,0.054,740.524,1845.677
2025-12-03 15:56:19,mlx5_0,0.000,0.000,0.000,0.000
2025-12-03 15:56:19,mlx5_1,0.000,0.000,182.570,458.084
2025-12-03 15:56:19,mlx5_2,0.000,0.000,0.000,0.000
2025-12-03 15:56:19,mlx5_3,0.000,0.000,186.055,463.571
2025-12-03 15:56:19,mlx5_4,0.000,0.000,0.000,0.000
2025-12-03 15:56:19,mlx5_5,0.000,0.000,186.186,462.446
2025-12-03 15:56:19,mlx5_6,0.000,0.000,0.000,0.000
2025-12-03 15:56:19,mlx5_7,0.000,0.000,0.000,0.000
2025-12-03 15:56:19,mlx5_8,0.000,0.000,185.713,461.577
2025-12-03 15:56:19,mlx5_9,0.000,0.000,0.000,0.000
2025-12-03 15:56:19,TOTAL,0.000,0.000,740.524,1845.677
2025-12-03 15:56:21,mlx5_0,0.000,0.000,0.000,0.000
2025-12-03 15:56:21,mlx5_1,0.000,0.000,182.570,458.084
2025-12-03 15:56:21,mlx5_2,0.000,0.000,0.000,0.000
2025-12-03 15:56:21,mlx5_3,0.000,0.000,186.055,463.571
2025-12-03 15:56:21,mlx5_4,0.000,0.000,0.000,0.000
2025-12-03 15:56:21,mlx5_5,0.000,0.000,186.186,462.446
2025-12-03 15:56:21,mlx5_6,0.000,0.000,0.000,0.000
2025-12-03 15:56:21,mlx5_7,0.000,0.000,0.000,0.000
2025-12-03 15:56:21,mlx5_8,0.000,0.000,185.713,461.577
2025-12-03 15:56:21,mlx5_9,0.000,0.000,0.000,0.000
2025-12-03 15:56:21,TOTAL,0.000,0.000,740.524,1845.677
2025-12-03 15:56:22,mlx5_0,0.000,0.000,0.000,0.000
2025-12-03 15:56:22,mlx5_1,0.000,0.000,182.570,458.084
2025-12-03 15:56:22,mlx5_2,0.000,0.000,0.000,0.000
2025-12-03 15:56:22,mlx5_3,0.000,0.000,186.055,463.571
2025-12-03 15:56:22,mlx5_4,0.000,0.000,0.000,0.000
2025-12-03 15:56:22,mlx5_5,0.000,0.000,186.186,462.446
2025-12-03 15:56:22,mlx5_6,0.000,0.000,0.000,0.000
2025-12-03 15:56:22,mlx5_7,0.000,0.000,0.000,0.000
2025-12-03 15:56:22,mlx5_8,0.000,0.000,185.713,461.577
2025-12-03 15:56:22,mlx5_9,0.000,0.000,0.000,0.000
2025-12-03 15:56:22,TOTAL,0.000,0.000,740.524,1845.677
2025-12-03 15:56:23,mlx5_0,0.000,0.000,0.000,0.000
2025-12-03 15:56:23,mlx5_1,9.313,0.013,183.740,458.085
2025-12-03 15:56:23,mlx5_2,0.000,0.000,0.000,0.000
2025-12-03 15:56:23,mlx5_3,9.338,0.014,187.228,463.572
2025-12-03 15:56:23,mlx5_4,0.000,0.000,0.000,0.000
2025-12-03 15:56:23,mlx5_5,9.380,0.014,187.364,462.448
2025-12-03 15:56:23,mlx5_6,0.000,0.000,0.000,0.000
2025-12-03 15:56:23,mlx5_7,0.000,0.000,0.000,0.000
2025-12-03 15:56:23,mlx5_8,9.191,0.013,186.868,461.578
2025-12-03 15:56:23,mlx5_9,0.000,0.000,0.000,0.000
2025-12-03 15:56:23,TOTAL,37.222,0.053,745.199,1845.684
2025-12-03 15:56:24,mlx5_0,0.000,0.000,0.000,0.000
2025-12-03 15:56:24,mlx5_1,0.000,0.000,183.740,458.085
2025-12-03 15:56:24,mlx5_2,0.000,0.000,0.000,0.000
2025-12-03 15:56:24,mlx5_3,0.000,0.000,187.228,463.572
2025-12-03 15:56:24,mlx5_4,0.000,0.000,0.000,0.000
2025-12-03 15:56:24,mlx5_5,0.000,0.000,187.364,462.448
2025-12-03 15:56:24,mlx5_6,0.000,0.000,0.000,0.000
2025-12-03 15:56:24,mlx5_7,0.000,0.000,0.000,0.000
2025-12-03 15:56:24,mlx5_8,0.000,0.000,186.868,461.578
2025-12-03 15:56:24,mlx5_9,0.000,0.000,0.000,0.000
2025-12-03 15:56:24,TOTAL,0.000,0.000,745.199,1845.684
2025-12-03 15:56:25,mlx5_0,0.000,0.000,0.000,0.000
2025-12-03 15:56:25,mlx5_1,0.000,0.000,183.740,458.085
2025-12-03 15:56:25,mlx5_2,0.000,0.000,0.000,0.000
2025-12-03 15:56:25,mlx5_3,0.000,0.000,187.228,463.572
2025-12-03 15:56:25,mlx5_4,0.000,0.000,0.000,0.000
2025-12-03 15:56:25,mlx5_5,0.000,0.000,187.364,462.448
2025-12-03 15:56:25,mlx5_6,0.000,0.000,0.000,0.000
2025-12-03 15:56:25,mlx5_7,0.000,0.000,0.000,0.000
2025-12-03 15:56:25,mlx5_8,0.000,0.000,186.868,461.578
2025-12-03 15:56:25,mlx5_9,0.000,0.000,0.000,0.000
2025-12-03 15:56:25,TOTAL,0.000,0.000,745.199,1845.684
2025-12-03 15:56:26,mlx5_0,0.000,0.000,0.000,0.000
2025-12-03 15:56:26,mlx5_1,0.000,0.000,183.740,458.085
2025-12-03 15:56:26,mlx5_2,0.000,0.000,0.000,0.000
2025-12-03 15:56:26,mlx5_3,0.000,0.000,187.228,463.572
2025-12-03 15:56:26,mlx5_4,0.000,0.000,0.000,0.000
2025-12-03 15:56:26,mlx5_5,0.000,0.000,187.364,462.448
2025-12-03 15:56:26,mlx5_6,0.000,0.000,0.000,0.000
2025-12-03 15:56:26,mlx5_7,0.000,0.000,0.000,0.000
2025-12-03 15:56:26,mlx5_8,0.000,0.000,186.868,461.578
2025-12-03 15:56:26,mlx5_9,0.000,0.000,0.000,0.000
2025-12-03 15:56:26,TOTAL,0.000,0.000,745.199,1845.684
2025-12-03 15:56:27,mlx5_0,0.000,0.000,0.000,0.000
2025-12-03 15:56:27,mlx5_1,9.289,0.013,184.907,458.087
2025-12-03 15:56:27,mlx5_2,0.000,0.000,0.000,0.000
2025-12-03 15:56:27,mlx5_3,9.265,0.014,188.391,463.574
2025-12-03 15:56:27,mlx5_4,0.000,0.000,0.000,0.000
2025-12-03 15:56:27,mlx5_5,9.388,0.014,188.543,462.449
2025-12-03 15:56:27,mlx5_6,0.000,0.000,0.000,0.000
2025-12-03 15:56:27,mlx5_7,0.000,0.000,0.000,0.000
2025-12-03 15:56:27,mlx5_8,9.281,0.013,188.033,461.580
2025-12-03 15:56:27,mlx5_9,0.000,0.000,0.000,0.000
2025-12-03 15:56:27,TOTAL,37.223,0.053,749.875,1845.691
2025-12-03 15:56:28,mlx5_0,0.000,0.000,0.000,0.000
2025-12-03 15:56:28,mlx5_1,0.000,0.000,184.907,458.087
2025-12-03 15:56:28,mlx5_2,0.000,0.000,0.000,0.000
2025-12-03 15:56:28,mlx5_3,0.000,0.000,188.391,463.574
2025-12-03 15:56:28,mlx5_4,0.000,0.000,0.000,0.000
2025-12-03 15:56:28,mlx5_5,0.000,0.000,188.543,462.449
2025-12-03 15:56:28,mlx5_6,0.000,0.000,0.000,0.000
2025-12-03 15:56:28,mlx5_7,0.000,0.000,0.000,0.000
2025-12-03 15:56:28,mlx5_8,0.000,0.000,188.033,461.580
2025-12-03 15:56:28,mlx5_9,0.000,0.000,0.000,0.000
2025-12-03 15:56:28,TOTAL,0.000,0.000,749.875,1845.691
2025-12-03 15:56:29,mlx5_0,0.000,0.000,0.000,0.000
2025-12-03 15:56:29,mlx5_1,0.000,0.000,184.907,458.087
2025-12-03 15:56:29,mlx5_2,0.000,0.000,0.000,0.000
2025-12-03 15:56:29,mlx5_3,0.000,0.000,188.391,463.574
2025-12-03 15:56:29,mlx5_4,0.000,0.000,0.000,0.000
2025-12-03 15:56:29,mlx5_5,0.000,0.000,188.543,462.449
2025-12-03 15:56:29,mlx5_6,0.000,0.000,0.000,0.000
2025-12-03 15:56:29,mlx5_7,0.000,0.000,0.000,0.000
2025-12-03 15:56:29,mlx5_8,0.000,0.000,188.033,461.580
2025-12-03 15:56:29,mlx5_9,0.000,0.000,0.000,0.000
2025-12-03 15:56:29,TOTAL,0.000,0.000,749.875,1845.691
2025-12-03 15:56:30,mlx5_0,0.000,0.000,0.000,0.000
2025-12-03 15:56:30,mlx5_1,0.000,0.000,184.907,458.087
2025-12-03 15:56:30,mlx5_2,0.000,0.000,0.000,0.000
2025-12-03 15:56:30,mlx5_3,0.000,0.000,188.391,463.574
2025-12-03 15:56:30,mlx5_4,0.000,0.000,0.000,0.000
2025-12-03 15:56:30,mlx5_5,0.000,0.000,188.543,462.449
2025-12-03 15:56:30,mlx5_6,0.000,0.000,0.000,0.000
2025-12-03 15:56:30,mlx5_7,0.000,0.000,0.000,0.000
2025-12-03 15:56:30,mlx5_8,0.000,0.000,188.033,461.580
2025-12-03 15:56:30,mlx5_9,0.000,0.000,0.000,0.000
2025-12-03 15:56:30,TOTAL,0.000,0.000,749.875,1845.691
2025-12-03 15:56:31,mlx5_0,0.000,0.000,0.000,0.000
2025-12-03 15:56:31,mlx5_1,0.000,0.000,184.907,458.087
2025-12-03 15:56:31,mlx5_2,0.000,0.000,0.000,0.000
2025-12-03 15:56:31,mlx5_3,0.000,0.000,188.391,463.574
2025-12-03 15:56:31,mlx5_4,0.000,0.000,0.000,0.000
2025-12-03 15:56:31,mlx5_5,0.000,0.000,188.543,462.449
2025-12-03 15:56:31,mlx5_6,0.000,0.000,0.000,0.000
2025-12-03 15:56:31,mlx5_7,0.000,0.000,0.000,0.000
2025-12-03 15:56:31,mlx5_8,0.000,0.000,188.033,461.580
2025-12-03 15:56:31,mlx5_9,0.000,0.000,0.000,0.000
2025-12-03 15:56:31,TOTAL,0.000,0.000,749.875,1845.691
2025-12-03 15:56:32,mlx5_0,0.000,0.000,0.000,0.000
2025-12-03 15:56:32,mlx5_1,9.699,57.123,186.125,465.262
2025-12-03 15:56:32,mlx5_2,0.000,0.000,0.000,0.000
2025-12-03 15:56:32,mlx5_3,9.599,56.302,189.597,470.646
2025-12-03 15:56:32,mlx5_4,0.000,0.000,0.000,0.000
2025-12-03 15:56:32,mlx5_5,9.344,56.623,189.717,469.562
2025-12-03 15:56:32,mlx5_6,0.000,0.000,0.000,0.000
2025-12-03 15:56:32,mlx5_7,0.000,0.000,0.000,0.000
2025-12-03 15:56:32,mlx5_8,9.214,56.527,189.191,468.680
2025-12-03 15:56:32,mlx5_9,0.000,0.000,0.000,0.000
2025-12-03 15:56:32,TOTAL,37.856,226.575,754.630,1874.151
2025-12-03 15:56:33,mlx5_0,0.000,0.000,0.000,0.000
2025-12-03 15:56:33,mlx5_1,0.000,0.000,186.125,465.262
2025-12-03 15:56:33,mlx5_2,0.000,0.000,0.000,0.000
2025-12-03 15:56:33,mlx5_3,0.000,0.000,189.597,470.646
2025-12-03 15:56:33,mlx5_4,0.000,0.000,0.000,0.000
2025-12-03 15:56:33,mlx5_5,0.000,0.000,189.717,469.562
2025-12-03 15:56:33,mlx5_6,0.000,0.000,0.000,0.000
2025-12-03 15:56:33,mlx5_7,0.000,0.000,0.000,0.000
2025-12-03 15:56:33,mlx5_8,0.000,0.000,189.191,468.680
2025-12-03 15:56:33,mlx5_9,0.000,0.000,0.000,0.000
2025-12-03 15:56:33,TOTAL,0.000,0.000,754.630,1874.151
2025-12-03 15:56:34,mlx5_0,0.000,0.000,0.000,0.000
2025-12-03 15:56:34,mlx5_1,0.000,0.000,186.125,465.262
2025-12-03 15:56:34,mlx5_2,0.000,0.000,0.000,0.000
2025-12-03 15:56:34,mlx5_3,0.000,0.000,189.597,470.646
2025-12-03 15:56:34,mlx5_4,0.000,0.000,0.000,0.000
2025-12-03 15:56:34,mlx5_5,0.000,0.000,189.717,469.562
2025-12-03 15:56:34,mlx5_6,0.000,0.000,0.000,0.000
2025-12-03 15:56:34,mlx5_7,0.000,0.000,0.000,0.000
2025-12-03 15:56:34,mlx5_8,0.000,0.000,189.191,468.680
2025-12-03 15:56:34,mlx5_9,0.000,0.000,0.000,0.000
2025-12-03 15:56:34,TOTAL,0.000,0.000,754.630,1874.151
2025-12-03 15:56:35,mlx5_0,0.000,0.000,0.000,0.000
2025-12-03 15:56:35,mlx5_1,0.000,0.000,186.125,465.262
2025-12-03 15:56:35,mlx5_2,0.000,0.000,0.000,0.000
2025-12-03 15:56:35,mlx5_3,0.000,0.000,189.597,470.646
2025-12-03 15:56:35,mlx5_4,0.000,0.000,0.000,0.000
2025-12-03 15:56:35,mlx5_5,0.000,0.000,189.717,469.562
2025-12-03 15:56:35,mlx5_6,0.000,0.000,0.000,0.000
2025-12-03 15:56:35,mlx5_7,0.000,0.000,0.000,0.000
2025-12-03 15:56:35,mlx5_8,0.000,0.000,189.191,468.680
2025-12-03 15:56:35,mlx5_9,0.000,0.000,0.000,0.000
2025-12-03 15:56:35,TOTAL,0.000,0.000,754.630,1874.151
2025-12-03 15:56:36,mlx5_0,0.000,0.000,0.000,0.000
2025-12-03 15:56:36,mlx5_1,0.000,0.000,186.125,465.262
2025-12-03 15:56:36,mlx5_2,0.000,0.000,0.000,0.000
2025-12-03 15:56:36,mlx5_3,0.000,0.000,189.597,470.646
2025-12-03 15:56:36,mlx5_4,0.000,0.000,0.000,0.000
2025-12-03 15:56:36,mlx5_5,0.000,0.000,189.717,469.562
2025-12-03 15:56:36,mlx5_6,0.000,0.000,0.000,0.000
2025-12-03 15:56:36,mlx5_7,0.000,0.000,0.000,0.000
2025-12-03 15:56:36,mlx5_8,0.000,0.000,189.191,468.680
2025-12-03 15:56:36,mlx5_9,0.000,0.000,0.000,0.000
2025-12-03 15:56:36,TOTAL,0.000,0.000,754.630,1874.151
2025-12-03 15:56:37,mlx5_0,0.000,0.000,0.000,0.000
2025-12-03 15:56:37,mlx5_1,9.645,0.013,187.336,465.264
2025-12-03 15:56:37,mlx5_2,0.000,0.000,0.000,0.000
2025-12-03 15:56:37,mlx5_3,9.480,0.014,190.788,470.648
2025-12-03 15:56:37,mlx5_4,0.000,0.000,0.000,0.000
2025-12-03 15:56:37,mlx5_5,9.391,0.014,190.896,469.564
2025-12-03 15:56:37,mlx5_6,0.000,0.000,0.000,0.000
2025-12-03 15:56:37,mlx5_7,0.000,0.000,0.000,0.000
2025-12-03 15:56:37,mlx5_8,9.436,0.013,190.376,468.682
2025-12-03 15:56:37,mlx5_9,0.000,0.000,0.000,0.000
2025-12-03 15:56:37,TOTAL,37.951,0.054,759.396,1874.157
2025-12-03 15:56:38,mlx5_0,0.000,0.000,0.000,0.000
2025-12-03 15:56:38,mlx5_1,0.000,0.000,187.336,465.264
2025-12-03 15:56:38,mlx5_2,0.000,0.000,0.000,0.000
2025-12-03 15:56:38,mlx5_3,0.000,0.000,190.788,470.648
2025-12-03 15:56:38,mlx5_4,0.000,0.000,0.000,0.000
2025-12-03 15:56:38,mlx5_5,0.000,0.000,190.896,469.564
2025-12-03 15:56:38,mlx5_6,0.000,0.000,0.000,0.000
2025-12-03 15:56:38,mlx5_7,0.000,0.000,0.000,0.000
2025-12-03 15:56:38,mlx5_8,0.000,0.000,190.376,468.682
2025-12-03 15:56:38,mlx5_9,0.000,0.000,0.000,0.000
2025-12-03 15:56:38,TOTAL,0.000,0.000,759.396,1874.157
2025-12-03 15:56:39,mlx5_0,0.000,0.000,0.000,0.000
2025-12-03 15:56:39,mlx5_1,0.000,0.000,187.336,465.264
2025-12-03 15:56:39,mlx5_2,0.000,0.000,0.000,0.000
2025-12-03 15:56:39,mlx5_3,0.000,0.000,190.788,470.648
2025-12-03 15:56:39,mlx5_4,0.000,0.000,0.000,0.000
2025-12-03 15:56:39,mlx5_5,0.000,0.000,190.896,469.564
2025-12-03 15:56:39,mlx5_6,0.000,0.000,0.000,0.000
2025-12-03 15:56:39,mlx5_7,0.000,0.000,0.000,0.000
2025-12-03 15:56:39,mlx5_8,0.000,0.000,190.376,468.682
2025-12-03 15:56:39,mlx5_9,0.000,0.000,0.000,0.000
2025-12-03 15:56:39,TOTAL,0.000,0.000,759.396,1874.157
2025-12-03 15:56:40,mlx5_0,0.000,0.000,0.000,0.000
2025-12-03 15:56:40,mlx5_1,9.326,0.013,188.508,465.265
2025-12-03 15:56:40,mlx5_2,0.000,0.000,0.000,0.000
2025-12-03 15:56:40,mlx5_3,9.489,0.014,191.980,470.650
2025-12-03 15:56:40,mlx5_4,0.000,0.000,0.000,0.000
2025-12-03 15:56:40,mlx5_5,9.123,0.013,192.042,469.565
2025-12-03 15:56:40,mlx5_6,0.000,0.000,0.000,0.000
2025-12-03 15:56:40,mlx5_7,0.000,0.000,0.000,0.000
2025-12-03 15:56:40,mlx5_8,9.284,0.013,191.542,468.684
2025-12-03 15:56:40,mlx5_9,0.000,0.000,0.000,0.000
2025-12-03 15:56:40,TOTAL,37.221,0.053,764.072,1874.164
2025-12-03 15:56:41,mlx5_0,0.000,0.000,0.000,0.000
2025-12-03 15:56:41,mlx5_1,0.000,0.000,188.508,465.265
2025-12-03 15:56:41,mlx5_2,0.000,0.000,0.000,0.000
2025-12-03 15:56:41,mlx5_3,0.000,0.000,191.980,470.650
2025-12-03 15:56:41,mlx5_4,0.000,0.000,0.000,0.000
2025-12-03 15:56:41,mlx5_5,0.000,0.000,192.042,469.565
2025-12-03 15:56:41,mlx5_6,0.000,0.000,0.000,0.000
2025-12-03 15:56:41,mlx5_7,0.000,0.000,0.000,0.000
2025-12-03 15:56:41,mlx5_8,0.000,0.000,191.542,468.684
2025-12-03 15:56:41,mlx5_9,0.000,0.000,0.000,0.000
2025-12-03 15:56:41,TOTAL,0.000,0.000,764.072,1874.164
2025-12-03 15:56:42,mlx5_0,0.000,0.000,0.000,0.000
2025-12-03 15:56:42,mlx5_1,0.000,0.000,188.508,465.265
2025-12-03 15:56:42,mlx5_2,0.000,0.000,0.000,0.000
2025-12-03 15:56:42,mlx5_3,0.000,0.000,191.980,470.650
2025-12-03 15:56:42,mlx5_4,0.000,0.000,0.000,0.000
2025-12-03 15:56:42,mlx5_5,0.000,0.000,192.042,469.565
2025-12-03 15:56:42,mlx5_6,0.000,0.000,0.000,0.000
2025-12-03 15:56:42,mlx5_7,0.000,0.000,0.000,0.000
2025-12-03 15:56:42,mlx5_8,0.000,0.000,191.542,468.684
2025-12-03 15:56:42,mlx5_9,0.000,0.000,0.000,0.000
2025-12-03 15:56:42,TOTAL,0.000,0.000,764.072,1874.164
2025-12-03 15:56:43,mlx5_0,0.000,0.000,0.000,0.000
2025-12-03 15:56:43,mlx5_1,8.023,0.011,189.515,465.267
2025-12-03 15:56:43,mlx5_2,0.000,0.000,0.000,0.000
2025-12-03 15:56:43,mlx5_3,7.772,0.011,192.956,470.651
2025-12-03 15:56:43,mlx5_4,0.000,0.000,0.000,0.000
2025-12-03 15:56:43,mlx5_5,7.905,0.011,193.035,469.567
2025-12-03 15:56:43,mlx5_6,0.000,0.000,0.000,0.000
2025-12-03 15:56:43,mlx5_7,0.000,0.000,0.000,0.000
2025-12-03 15:56:43,mlx5_8,7.817,0.011,192.524,468.685
2025-12-03 15:56:43,mlx5_9,0.000,0.000,0.000,0.000
2025-12-03 15:56:43,TOTAL,31.518,0.044,768.031,1874.170
2025-12-03 15:56:44,mlx5_0,0.000,0.000,0.000,0.000
2025-12-03 15:56:44,mlx5_1,1.380,0.002,189.689,465.267
2025-12-03 15:56:44,mlx5_2,0.000,0.000,0.000,0.000
2025-12-03 15:56:44,mlx5_3,1.510,0.002,193.145,470.651
2025-12-03 15:56:44,mlx5_4,0.000,0.000,0.000,0.000
2025-12-03 15:56:44,mlx5_5,1.412,0.002,193.213,469.567
2025-12-03 15:56:44,mlx5_6,0.000,0.000,0.000,0.000
2025-12-03 15:56:44,mlx5_7,0.000,0.000,0.000,0.000
2025-12-03 15:56:44,mlx5_8,1.407,0.002,192.701,468.685
2025-12-03 15:56:44,mlx5_9,0.000,0.000,0.000,0.000
2025-12-03 15:56:44,TOTAL,5.709,0.009,768.747,1874.171
2025-12-03 15:56:45,mlx5_0,0.000,0.000,0.000,0.000
2025-12-03 15:56:45,mlx5_1,0.000,0.000,189.689,465.267
2025-12-03 15:56:45,mlx5_2,0.000,0.000,0.000,0.000
2025-12-03 15:56:45,mlx5_3,0.000,0.000,193.145,470.651
2025-12-03 15:56:45,mlx5_4,0.000,0.000,0.000,0.000
2025-12-03 15:56:45,mlx5_5,0.000,0.000,193.213,469.567
2025-12-03 15:56:45,mlx5_6,0.000,0.000,0.000,0.000
2025-12-03 15:56:45,mlx5_7,0.000,0.000,0.000,0.000
2025-12-03 15:56:45,mlx5_8,0.000,0.000,192.701,468.685
2025-12-03 15:56:45,mlx5_9,0.000,0.000,0.000,0.000
2025-12-03 15:56:45,TOTAL,0.000,0.000,768.747,1874.171
2025-12-03 15:56:46,mlx5_0,0.000,0.000,0.000,0.000
2025-12-03 15:56:46,mlx5_1,0.000,0.000,189.689,465.267
2025-12-03 15:56:46,mlx5_2,0.000,0.000,0.000,0.000
2025-12-03 15:56:46,mlx5_3,0.000,0.000,193.145,470.651
2025-12-03 15:56:46,mlx5_4,0.000,0.000,0.000,0.000
2025-12-03 15:56:46,mlx5_5,0.000,0.000,193.213,469.567
2025-12-03 15:56:46,mlx5_6,0.000,0.000,0.000,0.000
2025-12-03 15:56:46,mlx5_7,0.000,0.000,0.000,0.000
2025-12-03 15:56:46,mlx5_8,0.000,0.000,192.701,468.685
2025-12-03 15:56:46,mlx5_9,0.000,0.000,0.000,0.000
2025-12-03 15:56:46,TOTAL,0.000,0.000,768.747,1874.171
2025-12-03 15:56:47,mlx5_0,0.000,0.000,0.000,0.000
2025-12-03 15:56:47,mlx5_1,9.493,0.013,190.881,465.269
2025-12-03 15:56:47,mlx5_2,0.000,0.000,0.000,0.000
2025-12-03 15:56:47,mlx5_3,9.376,0.014,194.323,470.653
2025-12-03 15:56:47,mlx5_4,0.000,0.000,0.000,0.000
2025-12-03 15:56:47,mlx5_5,9.158,0.013,194.363,469.569
2025-12-03 15:56:47,mlx5_6,0.000,0.000,0.000,0.000
2025-12-03 15:56:47,mlx5_7,0.000,0.000,0.000,0.000
2025-12-03 15:56:47,mlx5_8,9.197,0.013,193.856,468.687
2025-12-03 15:56:47,mlx5_9,0.000,0.000,0.000,0.000
2025-12-03 15:56:47,TOTAL,37.224,0.053,773.423,1874.177
2025-12-03 15:56:48,mlx5_0,0.000,0.000,0.000,0.000
2025-12-03 15:56:48,mlx5_1,0.000,0.000,190.881,465.269
2025-12-03 15:56:48,mlx5_2,0.000,0.000,0.000,0.000
2025-12-03 15:56:48,mlx5_3,0.000,0.000,194.323,470.653
2025-12-03 15:56:48,mlx5_4,0.000,0.000,0.000,0.000
2025-12-03 15:56:48,mlx5_5,0.000,0.000,194.363,469.569
2025-12-03 15:56:48,mlx5_6,0.000,0.000,0.000,0.000
2025-12-03 15:56:48,mlx5_7,0.000,0.000,0.000,0.000
2025-12-03 15:56:48,mlx5_8,0.000,0.000,193.856,468.687
2025-12-03 15:56:48,mlx5_9,0.000,0.000,0.000,0.000
2025-12-03 15:56:48,TOTAL,0.000,0.000,773.423,1874.177
2025-12-03 15:56:49,mlx5_0,0.000,0.000,0.000,0.000
2025-12-03 15:56:49,mlx5_1,0.000,0.000,190.881,465.269
2025-12-03 15:56:49,mlx5_2,0.000,0.000,0.000,0.000
2025-12-03 15:56:49,mlx5_3,0.000,0.000,194.323,470.653
2025-12-03 15:56:49,mlx5_4,0.000,0.000,0.000,0.000
2025-12-03 15:56:49,mlx5_5,0.000,0.000,194.363,469.569
2025-12-03 15:56:49,mlx5_6,0.000,0.000,0.000,0.000
2025-12-03 15:56:49,mlx5_7,0.000,0.000,0.000,0.000
2025-12-03 15:56:49,mlx5_8,0.000,0.000,193.856,468.687
2025-12-03 15:56:49,mlx5_9,0.000,0.000,0.000,0.000
2025-12-03 15:56:49,TOTAL,0.000,0.000,773.423,1874.177
2025-12-03 15:56:50,mlx5_0,0.000,0.000,0.000,0.000
2025-12-03 15:56:50,mlx5_1,0.000,0.000,190.881,465.269
2025-12-03 15:56:50,mlx5_2,0.000,0.000,0.000,0.000
2025-12-03 15:56:50,mlx5_3,0.000,0.000,194.323,470.653
2025-12-03 15:56:50,mlx5_4,0.000,0.000,0.000,0.000
2025-12-03 15:56:50,mlx5_5,0.000,0.000,194.363,469.569
2025-12-03 15:56:50,mlx5_6,0.000,0.000,0.000,0.000
2025-12-03 15:56:50,mlx5_7,0.000,0.000,0.000,0.000
2025-12-03 15:56:50,mlx5_8,0.000,0.000,193.856,468.687
2025-12-03 15:56:50,mlx5_9,0.000,0.000,0.000,0.000
2025-12-03 15:56:50,TOTAL,0.000,0.000,773.423,1874.177
2025-12-03 15:56:51,mlx5_0,0.000,0.000,0.000,0.000
2025-12-03 15:56:51,mlx5_1,8.613,0.011,191.963,465.270
2025-12-03 15:56:51,mlx5_2,0.000,0.000,0.000,0.000
2025-12-03 15:56:51,mlx5_3,8.601,0.012,195.403,470.655
2025-12-03 15:56:51,mlx5_4,0.000,0.000,0.000,0.000
2025-12-03 15:56:51,mlx5_5,8.605,0.012,195.443,469.570
2025-12-03 15:56:51,mlx5_6,0.000,0.000,0.000,0.000
2025-12-03 15:56:51,mlx5_7,0.000,0.000,0.000,0.000
2025-12-03 15:56:51,mlx5_8,8.559,0.012,194.931,468.688
2025-12-03 15:56:51,mlx5_9,0.000,0.000,0.000,0.000
2025-12-03 15:56:51,TOTAL,34.378,0.048,777.739,1874.183
2025-12-03 15:56:52,mlx5_0,0.000,0.000,0.000,0.000
2025-12-03 15:56:52,mlx5_1,0.773,0.001,192.060,465.270
2025-12-03 15:56:52,mlx5_2,0.000,0.000,0.000,0.000
2025-12-03 15:56:52,mlx5_3,0.741,0.001,195.496,470.655
2025-12-03 15:56:52,mlx5_4,0.000,0.000,0.000,0.000
2025-12-03 15:56:52,mlx5_5,0.716,0.001,195.533,469.570
2025-12-03 15:56:52,mlx5_6,0.000,0.000,0.000,0.000
2025-12-03 15:56:52,mlx5_7,0.000,0.000,0.000,0.000
2025-12-03 15:56:52,mlx5_8,0.625,0.001,195.009,468.688
2025-12-03 15:56:52,mlx5_9,0.000,0.000,0.000,0.000
2025-12-03 15:56:52,TOTAL,2.855,0.005,778.098,1874.184
2025-12-03 15:56:53,mlx5_0,0.000,0.000,0.000,0.000
2025-12-03 15:56:53,mlx5_1,0.000,0.000,192.060,465.270
2025-12-03 15:56:53,mlx5_2,0.000,0.000,0.000,0.000
2025-12-03 15:56:53,mlx5_3,0.000,0.000,195.496,470.655
2025-12-03 15:56:53,mlx5_4,0.000,0.000,0.000,0.000
2025-12-03 15:56:53,mlx5_5,0.000,0.000,195.533,469.570
2025-12-03 15:56:53,mlx5_6,0.000,0.000,0.000,0.000
2025-12-03 15:56:53,mlx5_7,0.000,0.000,0.000,0.000
2025-12-03 15:56:53,mlx5_8,0.000,0.000,195.009,468.688
2025-12-03 15:56:53,mlx5_9,0.000,0.000,0.000,0.000
2025-12-03 15:56:53,TOTAL,0.000,0.000,778.098,1874.184
2025-12-03 15:56:54,mlx5_0,0.000,0.000,0.000,0.000
2025-12-03 15:56:54,mlx5_1,0.000,0.000,192.060,465.270
2025-12-03 15:56:54,mlx5_2,0.000,0.000,0.000,0.000
2025-12-03 15:56:54,mlx5_3,0.000,0.000,195.496,470.655
2025-12-03 15:56:54,mlx5_4,0.000,0.000,0.000,0.000
2025-12-03 15:56:54,mlx5_5,0.000,0.000,195.533,469.570
2025-12-03 15:56:54,mlx5_6,0.000,0.000,0.000,0.000
2025-12-03 15:56:54,mlx5_7,0.000,0.000,0.000,0.000
2025-12-03 15:56:54,mlx5_8,0.000,0.000,195.009,468.688
2025-12-03 15:56:54,mlx5_9,0.000,0.000,0.000,0.000
2025-12-03 15:56:54,TOTAL,0.000,0.000,778.098,1874.184
2025-12-03 15:56:55,mlx5_0,0.000,0.000,0.000,0.000
2025-12-03 15:56:55,mlx5_1,0.000,0.000,192.060,465.270
2025-12-03 15:56:55,mlx5_2,0.000,0.000,0.000,0.000
2025-12-03 15:56:55,mlx5_3,0.000,0.000,195.496,470.655
2025-12-03 15:56:55,mlx5_4,0.000,0.000,0.000,0.000
2025-12-03 15:56:55,mlx5_5,0.000,0.000,195.533,469.570
2025-12-03 15:56:55,mlx5_6,0.000,0.000,0.000,0.000
2025-12-03 15:56:55,mlx5_7,0.000,0.000,0.000,0.000
2025-12-03 15:56:55,mlx5_8,0.000,0.000,195.009,468.688
2025-12-03 15:56:55,mlx5_9,0.000,0.000,0.000,0.000
2025-12-03 15:56:55,TOTAL,0.000,0.000,778.098,1874.184
2025-12-03 15:56:56,mlx5_0,0.000,0.000,0.000,0.000
2025-12-03 15:56:56,mlx5_1,9.617,57.108,193.268,472.444
2025-12-03 15:56:56,mlx5_2,0.000,0.000,0.000,0.000
2025-12-03 15:56:56,mlx5_3,9.298,56.831,196.664,477.794
2025-12-03 15:56:56,mlx5_4,0.000,0.000,0.000,0.000
2025-12-03 15:56:56,mlx5_5,9.508,56.120,196.728,476.620
2025-12-03 15:56:56,mlx5_6,0.000,0.000,0.000,0.000
2025-12-03 15:56:56,mlx5_7,0.000,0.000,0.000,0.000
2025-12-03 15:56:56,mlx5_8,9.332,56.516,196.181,475.788
2025-12-03 15:56:56,mlx5_9,0.000,0.000,0.000,0.000
2025-12-03 15:56:56,TOTAL,37.756,226.575,782.841,1902.646
2025-12-03 15:56:57,mlx5_0,0.000,0.000,0.000,0.000
2025-12-03 15:56:57,mlx5_1,0.000,0.000,193.268,472.444
2025-12-03 15:56:57,mlx5_2,0.000,0.000,0.000,0.000
2025-12-03 15:56:57,mlx5_3,0.000,0.000,196.664,477.794
2025-12-03 15:56:57,mlx5_4,0.000,0.000,0.000,0.000
2025-12-03 15:56:57,mlx5_5,0.000,0.000,196.728,476.620
2025-12-03 15:56:57,mlx5_6,0.000,0.000,0.000,0.000
2025-12-03 15:56:57,mlx5_7,0.000,0.000,0.000,0.000
2025-12-03 15:56:57,mlx5_8,0.000,0.000,196.181,475.788
2025-12-03 15:56:57,mlx5_9,0.000,0.000,0.000,0.000
2025-12-03 15:56:57,TOTAL,0.000,0.000,782.841,1902.646
2025-12-03 15:56:58,mlx5_0,0.000,0.000,0.000,0.000
2025-12-03 15:56:58,mlx5_1,0.000,0.000,193.268,472.444
2025-12-03 15:56:58,mlx5_2,0.000,0.000,0.000,0.000
2025-12-03 15:56:58,mlx5_3,0.000,0.000,196.664,477.794
2025-12-03 15:56:58,mlx5_4,0.000,0.000,0.000,0.000
2025-12-03 15:56:58,mlx5_5,0.000,0.000,196.728,476.620
2025-12-03 15:56:58,mlx5_6,0.000,0.000,0.000,0.000
2025-12-03 15:56:58,mlx5_7,0.000,0.000,0.000,0.000
2025-12-03 15:56:58,mlx5_8,0.000,0.000,196.181,475.788
2025-12-03 15:56:58,mlx5_9,0.000,0.000,0.000,0.000
2025-12-03 15:56:58,TOTAL,0.000,0.000,782.841,1902.646
2025-12-03 15:56:59,mlx5_0,0.000,0.000,0.000,0.000
2025-12-03 15:56:59,mlx5_1,0.000,0.000,193.268,472.444
2025-12-03 15:56:59,mlx5_2,0.000,0.000,0.000,0.000
2025-12-03 15:56:59,mlx5_3,0.000,0.000,196.664,477.794
2025-12-03 15:56:59,mlx5_4,0.000,0.000,0.000,0.000
2025-12-03 15:56:59,mlx5_5,0.000,0.000,196.728,476.620
2025-12-03 15:56:59,mlx5_6,0.000,0.000,0.000,0.000
2025-12-03 15:56:59,mlx5_7,0.000,0.000,0.000,0.000
2025-12-03 15:56:59,mlx5_8,0.000,0.000,196.181,475.788
2025-12-03 15:56:59,mlx5_9,0.000,0.000,0.000,0.000
2025-12-03 15:56:59,TOTAL,0.000,0.000,782.841,1902.646
2025-12-03 15:57:00,mlx5_0,0.000,0.000,0.000,0.000
2025-12-03 15:57:00,mlx5_1,0.000,0.000,193.268,472.444
2025-12-03 15:57:00,mlx5_2,0.000,0.000,0.000,0.000
2025-12-03 15:57:00,mlx5_3,0.000,0.000,196.664,477.794
2025-12-03 15:57:00,mlx5_4,0.000,0.000,0.000,0.000
2025-12-03 15:57:00,mlx5_5,0.000,0.000,196.728,476.620
2025-12-03 15:57:00,mlx5_6,0.000,0.000,0.000,0.000
2025-12-03 15:57:00,mlx5_7,0.000,0.000,0.000,0.000
2025-12-03 15:57:00,mlx5_8,0.000,0.000,196.181,475.788
2025-12-03 15:57:00,mlx5_9,0.000,0.000,0.000,0.000
2025-12-03 15:57:00,TOTAL,0.000,0.000,782.841,1902.646
2025-12-03 15:57:01,mlx5_0,0.000,0.000,0.000,0.000
2025-12-03 15:57:01,mlx5_1,9.565,0.013,194.470,472.446
2025-12-03 15:57:01,mlx5_2,0.000,0.000,0.000,0.000
2025-12-03 15:57:01,mlx5_3,9.426,0.014,197.849,477.796
2025-12-03 15:57:01,mlx5_4,0.000,0.000,0.000,0.000
2025-12-03 15:57:01,mlx5_5,9.449,0.014,197.915,476.622
2025-12-03 15:57:01,mlx5_6,0.000,0.000,0.000,0.000
2025-12-03 15:57:01,mlx5_7,0.000,0.000,0.000,0.000
2025-12-03 15:57:01,mlx5_8,9.496,0.013,197.374,475.790
2025-12-03 15:57:01,mlx5_9,0.000,0.000,0.000,0.000
2025-12-03 15:57:01,TOTAL,37.936,0.054,787.608,1902.653
2025-12-03 15:57:02,mlx5_0,0.000,0.000,0.000,0.000
2025-12-03 15:57:02,mlx5_1,0.000,0.000,194.470,472.446
2025-12-03 15:57:02,mlx5_2,0.000,0.000,0.000,0.000
2025-12-03 15:57:02,mlx5_3,0.000,0.000,197.849,477.796
2025-12-03 15:57:02,mlx5_4,0.000,0.000,0.000,0.000
2025-12-03 15:57:02,mlx5_5,0.000,0.000,197.915,476.622
2025-12-03 15:57:02,mlx5_6,0.000,0.000,0.000,0.000
2025-12-03 15:57:02,mlx5_7,0.000,0.000,0.000,0.000
2025-12-03 15:57:02,mlx5_8,0.000,0.000,197.374,475.790
2025-12-03 15:57:02,mlx5_9,0.000,0.000,0.000,0.000
2025-12-03 15:57:02,TOTAL,0.000,0.000,787.608,1902.653
2025-12-03 15:57:03,mlx5_0,0.000,0.000,0.000,0.000
2025-12-03 15:57:03,mlx5_1,0.000,0.000,194.470,472.446
2025-12-03 15:57:03,mlx5_2,0.000,0.000,0.000,0.000
2025-12-03 15:57:03,mlx5_3,0.000,0.000,197.849,477.796
2025-12-03 15:57:03,mlx5_4,0.000,0.000,0.000,0.000
2025-12-03 15:57:03,mlx5_5,0.000,0.000,197.915,476.622
2025-12-03 15:57:03,mlx5_6,0.000,0.000,0.000,0.000
2025-12-03 15:57:03,mlx5_7,0.000,0.000,0.000,0.000
2025-12-03 15:57:03,mlx5_8,0.000,0.000,197.374,475.790
2025-12-03 15:57:03,mlx5_9,0.000,0.000,0.000,0.000
2025-12-03 15:57:03,TOTAL,0.000,0.000,787.608,1902.653
2025-12-03 15:57:04,mlx5_0,0.000,0.000,0.000,0.000
2025-12-03 15:57:04,mlx5_1,0.000,0.000,194.470,472.446
2025-12-03 15:57:04,mlx5_2,0.000,0.000,0.000,0.000
2025-12-03 15:57:04,mlx5_3,0.000,0.000,197.849,477.796
2025-12-03 15:57:04,mlx5_4,0.000,0.000,0.000,0.000
2025-12-03 15:57:04,mlx5_5,0.000,0.000,197.915,476.622
2025-12-03 15:57:04,mlx5_6,0.000,0.000,0.000,0.000
2025-12-03 15:57:04,mlx5_7,0.000,0.000,0.000,0.000
2025-12-03 15:57:04,mlx5_8,0.000,0.000,197.374,475.790
2025-12-03 15:57:04,mlx5_9,0.000,0.000,0.000,0.000
2025-12-03 15:57:04,TOTAL,0.000,0.000,787.608,1902.653
2025-12-03 15:57:05,mlx5_0,0.000,0.000,0.000,0.000
2025-12-03 15:57:05,mlx5_1,0.000,0.000,194.470,472.446
2025-12-03 15:57:05,mlx5_2,0.000,0.000,0.000,0.000
2025-12-03 15:57:05,mlx5_3,0.000,0.000,197.849,477.796
2025-12-03 15:57:05,mlx5_4,0.000,0.000,0.000,0.000
2025-12-03 15:57:05,mlx5_5,0.000,0.000,197.915,476.622
2025-12-03 15:57:05,mlx5_6,0.000,0.000,0.000,0.000
2025-12-03 15:57:05,mlx5_7,0.000,0.000,0.000,0.000
2025-12-03 15:57:05,mlx5_8,0.000,0.000,197.374,475.790
2025-12-03 15:57:05,mlx5_9,0.000,0.000,0.000,0.000
2025-12-03 15:57:05,TOTAL,0.000,0.000,787.608,1902.653
2025-12-03 15:57:06,mlx5_0,0.000,0.000,0.000,0.000
2025-12-03 15:57:06,mlx5_1,0.000,0.000,194.470,472.446
2025-12-03 15:57:06,mlx5_2,0.000,0.000,0.000,0.000
2025-12-03 15:57:06,mlx5_3,0.000,0.000,197.849,477.796
2025-12-03 15:57:06,mlx5_4,0.000,0.000,0.000,0.000
2025-12-03 15:57:06,mlx5_5,0.000,0.000,197.915,476.622
2025-12-03 15:57:06,mlx5_6,0.000,0.000,0.000,0.000
2025-12-03 15:57:06,mlx5_7,0.000,0.000,0.000,0.000
2025-12-03 15:57:06,mlx5_8,0.000,0.000,197.374,475.790
2025-12-03 15:57:06,mlx5_9,0.000,0.000,0.000,0.000
2025-12-03 15:57:06,TOTAL,0.000,0.000,787.608,1902.653
2025-12-03 15:57:07,mlx5_0,0.000,0.000,0.000,0.000
2025-12-03 15:57:07,mlx5_1,0.000,0.000,194.470,472.446
2025-12-03 15:57:07,mlx5_2,0.000,0.000,0.000,0.000
2025-12-03 15:57:07,mlx5_3,0.000,0.000,197.849,477.796
2025-12-03 15:57:07,mlx5_4,0.000,0.000,0.000,0.000
2025-12-03 15:57:07,mlx5_5,0.000,0.000,197.915,476.622
2025-12-03 15:57:07,mlx5_6,0.000,0.000,0.000,0.000
2025-12-03 15:57:07,mlx5_7,0.000,0.000,0.000,0.000
2025-12-03 15:57:07,mlx5_8,0.000,0.000,197.374,475.790
2025-12-03 15:57:07,mlx5_9,0.000,0.000,0.000,0.000
2025-12-03 15:57:07,TOTAL,0.000,0.000,787.608,1902.653
2025-12-03 15:57:08,mlx5_0,0.000,0.000,0.000,0.000
2025-12-03 15:57:08,mlx5_1,0.000,0.000,194.470,472.446
2025-12-03 15:57:08,mlx5_2,0.000,0.000,0.000,0.000
2025-12-03 15:57:08,mlx5_3,0.000,0.000,197.849,477.796
2025-12-03 15:57:08,mlx5_4,0.000,0.000,0.000,0.000
2025-12-03 15:57:08,mlx5_5,0.000,0.000,197.915,476.622
2025-12-03 15:57:08,mlx5_6,0.000,0.000,0.000,0.000
2025-12-03 15:57:08,mlx5_7,0.000,0.000,0.000,0.000
2025-12-03 15:57:08,mlx5_8,0.000,0.000,197.374,475.790
2025-12-03 15:57:08,mlx5_9,0.000,0.000,0.000,0.000
2025-12-03 15:57:08,TOTAL,0.000,0.000,787.608,1902.653
2025-12-03 15:57:09,mlx5_0,0.000,0.000,0.000,0.000
2025-12-03 15:57:09,mlx5_1,6.855,0.009,195.331,472.447
2025-12-03 15:57:09,mlx5_2,0.000,0.000,0.000,0.000
2025-12-03 15:57:09,mlx5_3,10.064,0.015,199.113,477.797
2025-12-03 15:57:09,mlx5_4,0.000,0.000,0.000,0.000
2025-12-03 15:57:09,mlx5_5,10.140,0.015,199.188,476.624
2025-12-03 15:57:09,mlx5_6,0.000,0.000,0.000,0.000
2025-12-03 15:57:09,mlx5_7,0.000,0.000,0.000,0.000
2025-12-03 15:57:09,mlx5_8,10.166,0.014,198.651,475.791
2025-12-03 15:57:09,mlx5_9,0.000,0.000,0.000,0.000
2025-12-03 15:57:09,TOTAL,37.226,0.052,792.283,1902.659
2025-12-03 15:57:10,mlx5_0,0.000,0.000,0.000,0.000
2025-12-03 15:57:10,mlx5_1,0.000,0.000,195.331,472.447
2025-12-03 15:57:10,mlx5_2,0.000,0.000,0.000,0.000
2025-12-03 15:57:10,mlx5_3,0.000,0.000,199.113,477.797
2025-12-03 15:57:10,mlx5_4,0.000,0.000,0.000,0.000
2025-12-03 15:57:10,mlx5_5,0.000,0.000,199.188,476.624
2025-12-03 15:57:10,mlx5_6,0.000,0.000,0.000,0.000
2025-12-03 15:57:10,mlx5_7,0.000,0.000,0.000,0.000
2025-12-03 15:57:10,mlx5_8,0.000,0.000,198.651,475.791
2025-12-03 15:57:10,mlx5_9,0.000,0.000,0.000,0.000
2025-12-03 15:57:10,TOTAL,0.000,0.000,792.283,1902.659
2025-12-03 15:57:11,mlx5_0,0.000,0.000,0.000,0.000
2025-12-03 15:57:11,mlx5_1,0.000,0.000,195.331,472.447
2025-12-03 15:57:11,mlx5_2,0.000,0.000,0.000,0.000
2025-12-03 15:57:11,mlx5_3,0.000,0.000,199.113,477.797
2025-12-03 15:57:11,mlx5_4,0.000,0.000,0.000,0.000
2025-12-03 15:57:11,mlx5_5,0.000,0.000,199.188,476.624
2025-12-03 15:57:11,mlx5_6,0.000,0.000,0.000,0.000
2025-12-03 15:57:11,mlx5_7,0.000,0.000,0.000,0.000
2025-12-03 15:57:11,mlx5_8,0.000,0.000,198.651,475.791
2025-12-03 15:57:11,mlx5_9,0.000,0.000,0.000,0.000
2025-12-03 15:57:11,TOTAL,0.000,0.000,792.283,1902.659
2025-12-03 15:57:12,mlx5_0,0.000,0.000,0.000,0.000
2025-12-03 15:57:12,mlx5_1,0.000,0.000,195.331,472.447
2025-12-03 15:57:12,mlx5_2,0.000,0.000,0.000,0.000
2025-12-03 15:57:12,mlx5_3,0.000,0.000,199.113,477.797
2025-12-03 15:57:12,mlx5_4,0.000,0.000,0.000,0.000
2025-12-03 15:57:12,mlx5_5,0.000,0.000,199.188,476.624
2025-12-03 15:57:12,mlx5_6,0.000,0.000,0.000,0.000
2025-12-03 15:57:12,mlx5_7,0.000,0.000,0.000,0.000
2025-12-03 15:57:12,mlx5_8,0.000,0.000,198.651,475.791
2025-12-03 15:57:12,mlx5_9,0.000,0.000,0.000,0.000
2025-12-03 15:57:12,TOTAL,0.000,0.000,792.283,1902.659
2025-12-03 15:57:13,mlx5_0,0.000,0.000,0.000,0.000
2025-12-03 15:57:13,mlx5_1,6.144,0.009,196.103,472.448
2025-12-03 15:57:13,mlx5_2,0.000,0.000,0.000,0.000
2025-12-03 15:57:13,mlx5_3,10.364,0.015,200.414,477.799
2025-12-03 15:57:13,mlx5_4,0.000,0.000,0.000,0.000
2025-12-03 15:57:13,mlx5_5,10.342,0.015,200.487,476.626
2025-12-03 15:57:13,mlx5_6,0.000,0.000,0.000,0.000
2025-12-03 15:57:13,mlx5_7,0.000,0.000,0.000,0.000
2025-12-03 15:57:13,mlx5_8,10.372,0.014,199.954,475.793
2025-12-03 15:57:13,mlx5_9,0.000,0.000,0.000,0.000
2025-12-03 15:57:13,TOTAL,37.222,0.053,796.959,1902.666
2025-12-03 15:57:14,mlx5_0,0.000,0.000,0.000,0.000
2025-12-03 15:57:14,mlx5_1,0.000,0.000,196.103,472.448
2025-12-03 15:57:14,mlx5_2,0.000,0.000,0.000,0.000
2025-12-03 15:57:14,mlx5_3,0.000,0.000,200.414,477.799
2025-12-03 15:57:14,mlx5_4,0.000,0.000,0.000,0.000
2025-12-03 15:57:14,mlx5_5,0.000,0.000,200.487,476.626
2025-12-03 15:57:14,mlx5_6,0.000,0.000,0.000,0.000
2025-12-03 15:57:14,mlx5_7,0.000,0.000,0.000,0.000
2025-12-03 15:57:14,mlx5_8,0.000,0.000,199.954,475.793
2025-12-03 15:57:14,mlx5_9,0.000,0.000,0.000,0.000
2025-12-03 15:57:14,TOTAL,0.000,0.000,796.959,1902.666
2025-12-03 15:57:15,mlx5_0,0.000,0.000,0.000,0.000
2025-12-03 15:57:15,mlx5_1,0.000,0.000,196.103,472.448
2025-12-03 15:57:15,mlx5_2,0.000,0.000,0.000,0.000
2025-12-03 15:57:15,mlx5_3,0.000,0.000,200.414,477.799
2025-12-03 15:57:15,mlx5_4,0.000,0.000,0.000,0.000
2025-12-03 15:57:15,mlx5_5,0.000,0.000,200.487,476.626
2025-12-03 15:57:15,mlx5_6,0.000,0.000,0.000,0.000
2025-12-03 15:57:15,mlx5_7,0.000,0.000,0.000,0.000
2025-12-03 15:57:15,mlx5_8,0.000,0.000,199.954,475.793
2025-12-03 15:57:15,mlx5_9,0.000,0.000,0.000,0.000
2025-12-03 15:57:15,TOTAL,0.000,0.000,796.959,1902.666
2025-12-03 15:57:16,mlx5_0,0.000,0.000,0.000,0.000
2025-12-03 15:57:16,mlx5_1,5.702,0.008,196.819,472.449
2025-12-03 15:57:16,mlx5_2,0.000,0.000,0.000,0.000
2025-12-03 15:57:16,mlx5_3,9.932,0.014,201.662,477.801
2025-12-03 15:57:16,mlx5_4,0.000,0.000,0.000,0.000
2025-12-03 15:57:16,mlx5_5,9.897,0.014,201.730,476.627
2025-12-03 15:57:16,mlx5_6,0.000,0.000,0.000,0.000
2025-12-03 15:57:16,mlx5_7,0.000,0.000,0.000,0.000
2025-12-03 15:57:16,mlx5_8,9.971,0.014,201.207,475.795
2025-12-03 15:57:16,mlx5_9,0.000,0.000,0.000,0.000
2025-12-03 15:57:16,TOTAL,35.502,0.050,801.418,1902.672
2025-12-03 15:57:17,mlx5_0,0.000,0.000,0.000,0.000
2025-12-03 15:57:17,mlx5_1,0.364,0.001,196.864,472.449
2025-12-03 15:57:17,mlx5_2,0.000,0.000,0.000,0.000
2025-12-03 15:57:17,mlx5_3,0.443,0.001,201.718,477.801
2025-12-03 15:57:17,mlx5_4,0.000,0.000,0.000,0.000
2025-12-03 15:57:17,mlx5_5,0.464,0.001,201.789,476.627
2025-12-03 15:57:17,mlx5_6,0.000,0.000,0.000,0.000
2025-12-03 15:57:17,mlx5_7,0.000,0.000,0.000,0.000
2025-12-03 15:57:17,mlx5_8,0.452,0.001,201.263,475.795
2025-12-03 15:57:17,mlx5_9,0.000,0.000,0.000,0.000
2025-12-03 15:57:17,TOTAL,1.723,0.003,801.634,1902.673
2025-12-03 15:57:18,mlx5_0,0.000,0.000,0.000,0.000
2025-12-03 15:57:18,mlx5_1,0.000,0.000,196.864,472.449
2025-12-03 15:57:18,mlx5_2,0.000,0.000,0.000,0.000
2025-12-03 15:57:18,mlx5_3,0.000,0.000,201.718,477.801
2025-12-03 15:57:18,mlx5_4,0.000,0.000,0.000,0.000
2025-12-03 15:57:18,mlx5_5,0.000,0.000,201.789,476.627
2025-12-03 15:57:18,mlx5_6,0.000,0.000,0.000,0.000
2025-12-03 15:57:18,mlx5_7,0.000,0.000,0.000,0.000
2025-12-03 15:57:18,mlx5_8,0.000,0.000,201.263,475.795
2025-12-03 15:57:18,mlx5_9,0.000,0.000,0.000,0.000
2025-12-03 15:57:18,TOTAL,0.000,0.000,801.634,1902.673
2025-12-03 15:57:19,mlx5_0,0.000,0.000,0.000,0.000
2025-12-03 15:57:19,mlx5_1,0.000,0.000,196.864,472.449
2025-12-03 15:57:19,mlx5_2,0.000,0.000,0.000,0.000
2025-12-03 15:57:19,mlx5_3,0.000,0.000,201.718,477.801
2025-12-03 15:57:19,mlx5_4,0.000,0.000,0.000,0.000
2025-12-03 15:57:19,mlx5_5,0.000,0.000,201.789,476.627
2025-12-03 15:57:19,mlx5_6,0.000,0.000,0.000,0.000
2025-12-03 15:57:19,mlx5_7,0.000,0.000,0.000,0.000
2025-12-03 15:57:19,mlx5_8,0.000,0.000,201.263,475.795
2025-12-03 15:57:19,mlx5_9,0.000,0.000,0.000,0.000
2025-12-03 15:57:19,TOTAL,0.000,0.000,801.634,1902.673
2025-12-03 15:57:20,mlx5_0,0.000,0.000,0.000,0.000
2025-12-03 15:57:20,mlx5_1,3.360,0.005,197.286,472.450
2025-12-03 15:57:20,mlx5_2,0.000,0.000,0.000,0.000
2025-12-03 15:57:20,mlx5_3,5.361,0.008,202.391,477.802
2025-12-03 15:57:20,mlx5_4,0.000,0.000,0.000,0.000
2025-12-03 15:57:20,mlx5_5,5.484,0.008,202.478,476.628
2025-12-03 15:57:20,mlx5_6,0.000,0.000,0.000,0.000
2025-12-03 15:57:20,mlx5_7,0.000,0.000,0.000,0.000
2025-12-03 15:57:20,mlx5_8,5.494,0.008,201.953,475.796
2025-12-03 15:57:20,mlx5_9,0.000,0.000,0.000,0.000
2025-12-03 15:57:20,TOTAL,19.698,0.028,804.108,1902.676
2025-12-03 15:57:21,mlx5_0,0.000,0.000,0.000,0.000
2025-12-03 15:57:21,mlx5_1,3.147,0.004,197.682,472.450
2025-12-03 15:57:21,mlx5_2,0.000,0.000,0.000,0.000
2025-12-03 15:57:21,mlx5_3,4.807,0.007,202.995,477.803
2025-12-03 15:57:21,mlx5_4,0.000,0.000,0.000,0.000
2025-12-03 15:57:21,mlx5_5,4.735,0.007,203.073,476.629
2025-12-03 15:57:21,mlx5_6,0.000,0.000,0.000,0.000
2025-12-03 15:57:21,mlx5_7,0.000,0.000,0.000,0.000
2025-12-03 15:57:21,mlx5_8,4.825,0.007,202.560,475.797
2025-12-03 15:57:21,mlx5_9,0.000,0.000,0.000,0.000
2025-12-03 15:57:21,TOTAL,17.514,0.025,806.310,1902.679
2025-12-03 15:57:22,mlx5_0,0.000,0.000,0.000,0.000
2025-12-03 15:57:22,mlx5_1,0.000,0.000,197.682,472.450
2025-12-03 15:57:22,mlx5_2,0.000,0.000,0.000,0.000
2025-12-03 15:57:22,mlx5_3,0.000,0.000,202.995,477.803
2025-12-03 15:57:22,mlx5_4,0.000,0.000,0.000,0.000
2025-12-03 15:57:22,mlx5_5,0.000,0.000,203.073,476.629
2025-12-03 15:57:22,mlx5_6,0.000,0.000,0.000,0.000
2025-12-03 15:57:22,mlx5_7,0.000,0.000,0.000,0.000
2025-12-03 15:57:22,mlx5_8,0.000,0.000,202.560,475.797
2025-12-03 15:57:22,mlx5_9,0.000,0.000,0.000,0.000
2025-12-03 15:57:22,TOTAL,0.000,0.000,806.310,1902.679
2025-12-03 15:57:23,mlx5_0,0.000,0.000,0.000,0.000
2025-12-03 15:57:23,mlx5_1,0.000,0.000,197.682,472.450
2025-12-03 15:57:23,mlx5_2,0.000,0.000,0.000,0.000
2025-12-03 15:57:23,mlx5_3,0.000,0.000,202.995,477.803
2025-12-03 15:57:23,mlx5_4,0.000,0.000,0.000,0.000
2025-12-03 15:57:23,mlx5_5,0.000,0.000,203.073,476.629
2025-12-03 15:57:23,mlx5_6,0.000,0.000,0.000,0.000
2025-12-03 15:57:23,mlx5_7,0.000,0.000,0.000,0.000
2025-12-03 15:57:23,mlx5_8,0.000,0.000,202.560,475.797
2025-12-03 15:57:23,mlx5_9,0.000,0.000,0.000,0.000
2025-12-03 15:57:23,TOTAL,0.000,0.000,806.310,1902.679
2025-12-03 15:57:24,mlx5_0,0.000,0.000,0.000,0.000
2025-12-03 15:57:24,mlx5_1,0.000,0.000,197.682,472.450
2025-12-03 15:57:24,mlx5_2,0.000,0.000,0.000,0.000
2025-12-03 15:57:24,mlx5_3,0.000,0.000,202.995,477.803
2025-12-03 15:57:24,mlx5_4,0.000,0.000,0.000,0.000
2025-12-03 15:57:24,mlx5_5,0.000,0.000,203.073,476.629
2025-12-03 15:57:24,mlx5_6,0.000,0.000,0.000,0.000
2025-12-03 15:57:24,mlx5_7,0.000,0.000,0.000,0.000
2025-12-03 15:57:24,mlx5_8,0.000,0.000,202.560,475.797
2025-12-03 15:57:24,mlx5_9,0.000,0.000,0.000,0.000
2025-12-03 15:57:24,TOTAL,0.000,0.000,806.310,1902.679
2025-12-03 15:57:25,mlx5_0,0.000,0.000,0.000,0.000
2025-12-03 15:57:25,mlx5_1,6.639,0.009,198.516,472.451
2025-12-03 15:57:25,mlx5_2,0.000,0.000,0.000,0.000
2025-12-03 15:57:25,mlx5_3,10.210,0.015,204.277,477.805
2025-12-03 15:57:25,mlx5_4,0.000,0.000,0.000,0.000
2025-12-03 15:57:25,mlx5_5,10.153,0.015,204.348,476.631
2025-12-03 15:57:25,mlx5_6,0.000,0.000,0.000,0.000
2025-12-03 15:57:25,mlx5_7,0.000,0.000,0.000,0.000
2025-12-03 15:57:25,mlx5_8,10.224,0.014,203.844,475.799
2025-12-03 15:57:25,mlx5_9,0.000,0.000,0.000,0.000
2025-12-03 15:57:25,TOTAL,37.225,0.053,810.985,1902.686
2025-12-03 15:57:26,mlx5_0,0.000,0.000,0.000,0.000
2025-12-03 15:57:26,mlx5_1,0.000,0.000,198.516,472.451
2025-12-03 15:57:26,mlx5_2,0.000,0.000,0.000,0.000
2025-12-03 15:57:26,mlx5_3,0.000,0.000,204.277,477.805
2025-12-03 15:57:26,mlx5_4,0.000,0.000,0.000,0.000
2025-12-03 15:57:26,mlx5_5,0.000,0.000,204.348,476.631
2025-12-03 15:57:26,mlx5_6,0.000,0.000,0.000,0.000
2025-12-03 15:57:26,mlx5_7,0.000,0.000,0.000,0.000
2025-12-03 15:57:26,mlx5_8,0.000,0.000,203.844,475.799
2025-12-03 15:57:26,mlx5_9,0.000,0.000,0.000,0.000
2025-12-03 15:57:26,TOTAL,0.000,0.000,810.985,1902.686
2025-12-03 15:57:27,mlx5_0,0.000,0.000,0.000,0.000
2025-12-03 15:57:27,mlx5_1,0.000,0.000,198.516,472.451
2025-12-03 15:57:27,mlx5_2,0.000,0.000,0.000,0.000
2025-12-03 15:57:27,mlx5_3,0.000,0.000,204.277,477.805
2025-12-03 15:57:27,mlx5_4,0.000,0.000,0.000,0.000
2025-12-03 15:57:27,mlx5_5,0.000,0.000,204.348,476.631
2025-12-03 15:57:27,mlx5_6,0.000,0.000,0.000,0.000
2025-12-03 15:57:27,mlx5_7,0.000,0.000,0.000,0.000
2025-12-03 15:57:27,mlx5_8,0.000,0.000,203.844,475.799
2025-12-03 15:57:27,mlx5_9,0.000,0.000,0.000,0.000
2025-12-03 15:57:27,TOTAL,0.000,0.000,810.985,1902.686
2025-12-03 15:57:28,mlx5_0,0.000,0.000,0.000,0.000
2025-12-03 15:57:28,mlx5_1,0.000,0.000,198.516,472.451
2025-12-03 15:57:28,mlx5_2,0.000,0.000,0.000,0.000
2025-12-03 15:57:28,mlx5_3,0.000,0.000,204.277,477.805
2025-12-03 15:57:28,mlx5_4,0.000,0.000,0.000,0.000
2025-12-03 15:57:28,mlx5_5,0.000,0.000,204.348,476.631
2025-12-03 15:57:28,mlx5_6,0.000,0.000,0.000,0.000
2025-12-03 15:57:28,mlx5_7,0.000,0.000,0.000,0.000
2025-12-03 15:57:28,mlx5_8,0.000,0.000,203.844,475.799
2025-12-03 15:57:28,mlx5_9,0.000,0.000,0.000,0.000
2025-12-03 15:57:28,TOTAL,0.000,0.000,810.985,1902.686
2025-12-03 15:57:29,mlx5_0,0.000,0.000,0.000,0.000
2025-12-03 15:57:29,mlx5_1,0.000,0.000,198.516,472.451
2025-12-03 15:57:29,mlx5_2,0.000,0.000,0.000,0.000
2025-12-03 15:57:29,mlx5_3,0.000,0.000,204.277,477.805
2025-12-03 15:57:29,mlx5_4,0.000,0.000,0.000,0.000
2025-12-03 15:57:29,mlx5_5,0.000,0.000,204.348,476.631
2025-12-03 15:57:29,mlx5_6,0.000,0.000,0.000,0.000
2025-12-03 15:57:29,mlx5_7,0.000,0.000,0.000,0.000
2025-12-03 15:57:29,mlx5_8,0.000,0.000,203.844,475.799
2025-12-03 15:57:29,mlx5_9,0.000,0.000,0.000,0.000
2025-12-03 15:57:29,TOTAL,0.000,0.000,810.985,1902.686
2025-12-03 15:57:30,mlx5_0,0.000,0.000,0.000,0.000
2025-12-03 15:57:30,mlx5_1,5.408,37.656,199.195,477.181
2025-12-03 15:57:30,mlx5_2,0.000,0.000,0.000,0.000
2025-12-03 15:57:30,mlx5_3,10.713,63.150,205.623,485.736
2025-12-03 15:57:30,mlx5_4,0.000,0.000,0.000,0.000
2025-12-03 15:57:30,mlx5_5,10.765,62.951,205.700,484.538
2025-12-03 15:57:30,mlx5_6,0.000,0.000,0.000,0.000
2025-12-03 15:57:30,mlx5_7,0.000,0.000,0.000,0.000
2025-12-03 15:57:30,mlx5_8,10.774,62.835,205.197,483.691
2025-12-03 15:57:30,mlx5_9,0.000,0.000,0.000,0.000
2025-12-03 15:57:30,TOTAL,37.661,226.592,815.715,1931.146
2025-12-03 15:57:31,mlx5_0,0.000,0.000,0.000,0.000
2025-12-03 15:57:31,mlx5_1,0.000,0.000,199.195,477.181
2025-12-03 15:57:31,mlx5_2,0.000,0.000,0.000,0.000
2025-12-03 15:57:31,mlx5_3,0.000,0.000,205.623,485.736
2025-12-03 15:57:31,mlx5_4,0.000,0.000,0.000,0.000
2025-12-03 15:57:31,mlx5_5,0.000,0.000,205.700,484.538
2025-12-03 15:57:31,mlx5_6,0.000,0.000,0.000,0.000
2025-12-03 15:57:31,mlx5_7,0.000,0.000,0.000,0.000
2025-12-03 15:57:31,mlx5_8,0.000,0.000,205.197,483.691
2025-12-03 15:57:31,mlx5_9,0.000,0.000,0.000,0.000
2025-12-03 15:57:31,TOTAL,0.000,0.000,815.715,1931.146
2025-12-03 15:57:32,mlx5_0,0.000,0.000,0.000,0.000
2025-12-03 15:57:32,mlx5_1,0.000,0.000,199.195,477.181
2025-12-03 15:57:32,mlx5_2,0.000,0.000,0.000,0.000
2025-12-03 15:57:32,mlx5_3,0.000,0.000,205.623,485.736
2025-12-03 15:57:32,mlx5_4,0.000,0.000,0.000,0.000
2025-12-03 15:57:32,mlx5_5,0.000,0.000,205.700,484.538
2025-12-03 15:57:32,mlx5_6,0.000,0.000,0.000,0.000
2025-12-03 15:57:32,mlx5_7,0.000,0.000,0.000,0.000
2025-12-03 15:57:32,mlx5_8,0.000,0.000,205.197,483.691
2025-12-03 15:57:32,mlx5_9,0.000,0.000,0.000,0.000
2025-12-03 15:57:32,TOTAL,0.000,0.000,815.715,1931.146
2025-12-03 15:57:33,mlx5_0,0.000,0.000,0.000,0.000
2025-12-03 15:57:33,mlx5_1,0.000,0.000,199.195,477.181
2025-12-03 15:57:33,mlx5_2,0.000,0.000,0.000,0.000
2025-12-03 15:57:33,mlx5_3,0.000,0.000,205.623,485.736
2025-12-03 15:57:33,mlx5_4,0.000,0.000,0.000,0.000
2025-12-03 15:57:33,mlx5_5,0.000,0.000,205.700,484.538
2025-12-03 15:57:33,mlx5_6,0.000,0.000,0.000,0.000
2025-12-03 15:57:33,mlx5_7,0.000,0.000,0.000,0.000
2025-12-03 15:57:33,mlx5_8,0.000,0.000,205.197,483.691
2025-12-03 15:57:33,mlx5_9,0.000,0.000,0.000,0.000
2025-12-03 15:57:33,TOTAL,0.000,0.000,815.715,1931.146
2025-12-03 15:57:34,mlx5_0,0.000,0.000,0.000,0.000
2025-12-03 15:57:34,mlx5_1,5.865,0.008,199.932,477.182
2025-12-03 15:57:34,mlx5_2,0.000,0.000,0.000,0.000
2025-12-03 15:57:34,mlx5_3,9.689,0.014,206.840,485.738
2025-12-03 15:57:34,mlx5_4,0.000,0.000,0.000,0.000
2025-12-03 15:57:34,mlx5_5,9.677,0.014,206.915,484.539
2025-12-03 15:57:34,mlx5_6,0.000,0.000,0.000,0.000
2025-12-03 15:57:34,mlx5_7,0.000,0.000,0.000,0.000
2025-12-03 15:57:34,mlx5_8,9.667,0.013,206.411,483.692
2025-12-03 15:57:34,mlx5_9,0.000,0.000,0.000,0.000
2025-12-03 15:57:34,TOTAL,34.898,0.049,820.098,1931.152
2025-12-03 15:57:35,mlx5_0,0.000,0.000,0.000,0.000
2025-12-03 15:57:35,mlx5_1,0.000,0.000,199.932,477.182
2025-12-03 15:57:35,mlx5_2,0.000,0.000,0.000,0.000
2025-12-03 15:57:35,mlx5_3,0.000,0.000,206.840,485.738
2025-12-03 15:57:35,mlx5_4,0.000,0.000,0.000,0.000
2025-12-03 15:57:35,mlx5_5,0.000,0.000,206.915,484.539
2025-12-03 15:57:35,mlx5_6,0.000,0.000,0.000,0.000
2025-12-03 15:57:35,mlx5_7,0.000,0.000,0.000,0.000
2025-12-03 15:57:35,mlx5_8,0.000,0.000,206.411,483.692
2025-12-03 15:57:35,mlx5_9,0.000,0.000,0.000,0.000
2025-12-03 15:57:35,TOTAL,0.000,0.000,820.098,1931.152
2025-12-03 15:57:36,mlx5_0,0.000,0.000,0.000,0.000
2025-12-03 15:57:36,mlx5_1,0.000,0.000,199.932,477.182
2025-12-03 15:57:36,mlx5_2,0.000,0.000,0.000,0.000
2025-12-03 15:57:36,mlx5_3,0.000,0.000,206.840,485.738
2025-12-03 15:57:36,mlx5_4,0.000,0.000,0.000,0.000
2025-12-03 15:57:36,mlx5_5,0.000,0.000,206.915,484.539
2025-12-03 15:57:36,mlx5_6,0.000,0.000,0.000,0.000
2025-12-03 15:57:36,mlx5_7,0.000,0.000,0.000,0.000
2025-12-03 15:57:36,mlx5_8,0.000,0.000,206.411,483.692
2025-12-03 15:57:36,mlx5_9,0.000,0.000,0.000,0.000
2025-12-03 15:57:36,TOTAL,0.000,0.000,820.098,1931.152
2025-12-03 15:57:37,mlx5_0,0.000,0.000,0.000,0.000
2025-12-03 15:57:37,mlx5_1,6.634,0.009,200.765,477.183
2025-12-03 15:57:37,mlx5_2,0.000,0.000,0.000,0.000
2025-12-03 15:57:37,mlx5_3,10.329,0.015,208.137,485.740
2025-12-03 15:57:37,mlx5_4,0.000,0.000,0.000,0.000
2025-12-03 15:57:37,mlx5_5,10.144,0.015,208.190,484.541
2025-12-03 15:57:37,mlx5_6,0.000,0.000,0.000,0.000
2025-12-03 15:57:37,mlx5_7,0.000,0.000,0.000,0.000
2025-12-03 15:57:37,mlx5_8,10.116,0.014,207.682,483.694
2025-12-03 15:57:37,mlx5_9,0.000,0.000,0.000,0.000
2025-12-03 15:57:37,TOTAL,37.224,0.053,824.774,1931.159
2025-12-03 15:57:38,mlx5_0,0.000,0.000,0.000,0.000
2025-12-03 15:57:38,mlx5_1,0.000,0.000,200.765,477.183
2025-12-03 15:57:38,mlx5_2,0.000,0.000,0.000,0.000
2025-12-03 15:57:38,mlx5_3,0.000,0.000,208.137,485.740
2025-12-03 15:57:38,mlx5_4,0.000,0.000,0.000,0.000
2025-12-03 15:57:38,mlx5_5,0.000,0.000,208.190,484.541
2025-12-03 15:57:38,mlx5_6,0.000,0.000,0.000,0.000
2025-12-03 15:57:38,mlx5_7,0.000,0.000,0.000,0.000
2025-12-03 15:57:38,mlx5_8,0.000,0.000,207.682,483.694
2025-12-03 15:57:38,mlx5_9,0.000,0.000,0.000,0.000
2025-12-03 15:57:38,TOTAL,0.000,0.000,824.774,1931.159
2025-12-03 15:57:39,mlx5_0,0.000,0.000,0.000,0.000
2025-12-03 15:57:39,mlx5_1,0.000,0.000,200.765,477.183
2025-12-03 15:57:39,mlx5_2,0.000,0.000,0.000,0.000
2025-12-03 15:57:39,mlx5_3,0.000,0.000,208.137,485.740
2025-12-03 15:57:39,mlx5_4,0.000,0.000,0.000,0.000
2025-12-03 15:57:39,mlx5_5,0.000,0.000,208.190,484.541
2025-12-03 15:57:39,mlx5_6,0.000,0.000,0.000,0.000
2025-12-03 15:57:39,mlx5_7,0.000,0.000,0.000,0.000
2025-12-03 15:57:39,mlx5_8,0.000,0.000,207.682,483.694
2025-12-03 15:57:39,mlx5_9,0.000,0.000,0.000,0.000
2025-12-03 15:57:39,TOTAL,0.000,0.000,824.774,1931.159
2025-12-03 15:57:40,mlx5_0,0.000,0.000,0.000,0.000
2025-12-03 15:57:40,mlx5_1,0.000,0.000,200.765,477.183
2025-12-03 15:57:40,mlx5_2,0.000,0.000,0.000,0.000
2025-12-03 15:57:40,mlx5_3,0.000,0.000,208.137,485.740
2025-12-03 15:57:40,mlx5_4,0.000,0.000,0.000,0.000
2025-12-03 15:57:40,mlx5_5,0.000,0.000,208.190,484.541
2025-12-03 15:57:40,mlx5_6,0.000,0.000,0.000,0.000
2025-12-03 15:57:40,mlx5_7,0.000,0.000,0.000,0.000
2025-12-03 15:57:40,mlx5_8,0.000,0.000,207.682,483.694
2025-12-03 15:57:40,mlx5_9,0.000,0.000,0.000,0.000
2025-12-03 15:57:40,TOTAL,0.000,0.000,824.774,1931.159
2025-12-03 15:57:41,mlx5_0,0.000,0.000,0.000,0.000
2025-12-03 15:57:41,mlx5_1,6.486,0.009,201.580,477.184
2025-12-03 15:57:41,mlx5_2,0.000,0.000,0.000,0.000
2025-12-03 15:57:41,mlx5_3,10.287,0.015,209.429,485.742
2025-12-03 15:57:41,mlx5_4,0.000,0.000,0.000,0.000
2025-12-03 15:57:41,mlx5_5,10.341,0.015,209.488,484.543
2025-12-03 15:57:41,mlx5_6,0.000,0.000,0.000,0.000
2025-12-03 15:57:41,mlx5_7,0.000,0.000,0.000,0.000
2025-12-03 15:57:41,mlx5_8,10.109,0.014,208.952,483.696
2025-12-03 15:57:41,mlx5_9,0.000,0.000,0.000,0.000
2025-12-03 15:57:41,TOTAL,37.223,0.053,829.449,1931.165
2025-12-03 15:57:42,mlx5_0,0.000,0.000,0.000,0.000
2025-12-03 15:57:42,mlx5_1,0.000,0.000,201.580,477.184
2025-12-03 15:57:42,mlx5_2,0.000,0.000,0.000,0.000
2025-12-03 15:57:42,mlx5_3,0.000,0.000,209.429,485.742
2025-12-03 15:57:42,mlx5_4,0.000,0.000,0.000,0.000
2025-12-03 15:57:42,mlx5_5,0.000,0.000,209.488,484.543
2025-12-03 15:57:42,mlx5_6,0.000,0.000,0.000,0.000
2025-12-03 15:57:42,mlx5_7,0.000,0.000,0.000,0.000
2025-12-03 15:57:42,mlx5_8,0.000,0.000,208.952,483.696
2025-12-03 15:57:42,mlx5_9,0.000,0.000,0.000,0.000
2025-12-03 15:57:42,TOTAL,0.000,0.000,829.449,1931.165
2025-12-03 15:57:43,mlx5_0,0.000,0.000,0.000,0.000
2025-12-03 15:57:43,mlx5_1,0.000,0.000,201.580,477.184
2025-12-03 15:57:43,mlx5_2,0.000,0.000,0.000,0.000
2025-12-03 15:57:43,mlx5_3,0.000,0.000,209.429,485.742
2025-12-03 15:57:43,mlx5_4,0.000,0.000,0.000,0.000
2025-12-03 15:57:43,mlx5_5,0.000,0.000,209.488,484.543
2025-12-03 15:57:43,mlx5_6,0.000,0.000,0.000,0.000
2025-12-03 15:57:43,mlx5_7,0.000,0.000,0.000,0.000
2025-12-03 15:57:43,mlx5_8,0.000,0.000,208.952,483.696
2025-12-03 15:57:43,mlx5_9,0.000,0.000,0.000,0.000
2025-12-03 15:57:43,TOTAL,0.000,0.000,829.449,1931.165
2025-12-03 15:57:44,mlx5_0,0.000,0.000,0.000,0.000
2025-12-03 15:57:44,mlx5_1,0.000,0.000,201.580,477.184
2025-12-03 15:57:44,mlx5_2,0.000,0.000,0.000,0.000
2025-12-03 15:57:44,mlx5_3,0.000,0.000,209.429,485.742
2025-12-03 15:57:44,mlx5_4,0.000,0.000,0.000,0.000
2025-12-03 15:57:44,mlx5_5,0.000,0.000,209.488,484.543
2025-12-03 15:57:44,mlx5_6,0.000,0.000,0.000,0.000
2025-12-03 15:57:44,mlx5_7,0.000,0.000,0.000,0.000
2025-12-03 15:57:44,mlx5_8,0.000,0.000,208.952,483.696
2025-12-03 15:57:44,mlx5_9,0.000,0.000,0.000,0.000
2025-12-03 15:57:44,TOTAL,0.000,0.000,829.449,1931.165
2025-12-03 15:57:45,mlx5_0,0.000,0.000,0.000,0.000
2025-12-03 15:57:45,mlx5_1,6.435,0.009,202.388,477.185
2025-12-03 15:57:45,mlx5_2,0.000,0.000,0.000,0.000
2025-12-03 15:57:45,mlx5_3,10.389,0.015,210.734,485.744
2025-12-03 15:57:45,mlx5_4,0.000,0.000,0.000,0.000
2025-12-03 15:57:45,mlx5_5,10.223,0.015,210.772,484.545
2025-12-03 15:57:45,mlx5_6,0.000,0.000,0.000,0.000
2025-12-03 15:57:45,mlx5_7,0.000,0.000,0.000,0.000
2025-12-03 15:57:45,mlx5_8,10.179,0.014,210.230,483.698
2025-12-03 15:57:45,mlx5_9,0.000,0.000,0.000,0.000
2025-12-03 15:57:45,TOTAL,37.226,0.053,834.125,1931.172
2025-12-03 15:57:46,mlx5_0,0.000,0.000,0.000,0.000
2025-12-03 15:57:46,mlx5_1,0.000,0.000,202.388,477.185
2025-12-03 15:57:46,mlx5_2,0.000,0.000,0.000,0.000
2025-12-03 15:57:46,mlx5_3,0.000,0.000,210.734,485.744
2025-12-03 15:57:46,mlx5_4,0.000,0.000,0.000,0.000
2025-12-03 15:57:46,mlx5_5,0.000,0.000,210.772,484.545
2025-12-03 15:57:46,mlx5_6,0.000,0.000,0.000,0.000
2025-12-03 15:57:46,mlx5_7,0.000,0.000,0.000,0.000
2025-12-03 15:57:46,mlx5_8,0.000,0.000,210.230,483.698
2025-12-03 15:57:46,mlx5_9,0.000,0.000,0.000,0.000
2025-12-03 15:57:46,TOTAL,0.000,0.000,834.125,1931.172
2025-12-03 15:57:47,mlx5_0,0.000,0.000,0.000,0.000
2025-12-03 15:57:47,mlx5_1,0.000,0.000,202.388,477.185
2025-12-03 15:57:47,mlx5_2,0.000,0.000,0.000,0.000
2025-12-03 15:57:47,mlx5_3,0.000,0.000,210.734,485.744
2025-12-03 15:57:47,mlx5_4,0.000,0.000,0.000,0.000
2025-12-03 15:57:47,mlx5_5,0.000,0.000,210.772,484.545
2025-12-03 15:57:47,mlx5_6,0.000,0.000,0.000,0.000
2025-12-03 15:57:47,mlx5_7,0.000,0.000,0.000,0.000
2025-12-03 15:57:47,mlx5_8,0.000,0.000,210.230,483.698
2025-12-03 15:57:47,mlx5_9,0.000,0.000,0.000,0.000
2025-12-03 15:57:47,TOTAL,0.000,0.000,834.125,1931.172
2025-12-03 15:57:48,mlx5_0,0.000,0.000,0.000,0.000
2025-12-03 15:57:48,mlx5_1,0.000,0.000,202.388,477.185
2025-12-03 15:57:48,mlx5_2,0.000,0.000,0.000,0.000
2025-12-03 15:57:48,mlx5_3,0.000,0.000,210.734,485.744
2025-12-03 15:57:48,mlx5_4,0.000,0.000,0.000,0.000
2025-12-03 15:57:48,mlx5_5,0.000,0.000,210.772,484.545
2025-12-03 15:57:48,mlx5_6,0.000,0.000,0.000,0.000
2025-12-03 15:57:48,mlx5_7,0.000,0.000,0.000,0.000
2025-12-03 15:57:48,mlx5_8,0.000,0.000,210.230,483.698
2025-12-03 15:57:48,mlx5_9,0.000,0.000,0.000,0.000
2025-12-03 15:57:48,TOTAL,0.000,0.000,834.125,1931.172
2025-12-03 15:57:49,mlx5_0,0.000,0.000,0.000,0.000
2025-12-03 15:57:49,mlx5_1,6.832,0.009,203.246,477.187
2025-12-03 15:57:49,mlx5_2,0.000,0.000,0.000,0.000
2025-12-03 15:57:49,mlx5_3,10.060,0.015,211.998,485.746
2025-12-03 15:57:49,mlx5_4,0.000,0.000,0.000,0.000
2025-12-03 15:57:49,mlx5_5,9.950,0.014,212.022,484.547
2025-12-03 15:57:49,mlx5_6,0.000,0.000,0.000,0.000
2025-12-03 15:57:49,mlx5_7,0.000,0.000,0.000,0.000
2025-12-03 15:57:49,mlx5_8,10.091,0.014,211.498,483.699
2025-12-03 15:57:49,mlx5_9,0.000,0.000,0.000,0.000
2025-12-03 15:57:49,TOTAL,36.932,0.053,838.764,1931.178
2025-12-03 15:57:50,mlx5_0,0.000,0.000,0.000,0.000
2025-12-03 15:57:50,mlx5_1,0.071,0.000,203.255,477.187
2025-12-03 15:57:50,mlx5_2,0.000,0.000,0.000,0.000
2025-12-03 15:57:50,mlx5_3,0.081,0.000,212.008,485.746
2025-12-03 15:57:50,mlx5_4,0.000,0.000,0.000,0.000
2025-12-03 15:57:50,mlx5_5,0.064,0.000,212.030,484.547
2025-12-03 15:57:50,mlx5_6,0.000,0.000,0.000,0.000
2025-12-03 15:57:50,mlx5_7,0.000,0.000,0.000,0.000
2025-12-03 15:57:50,mlx5_8,0.076,0.000,211.507,483.699
2025-12-03 15:57:50,mlx5_9,0.000,0.000,0.000,0.000
2025-12-03 15:57:50,TOTAL,0.293,0.001,838.800,1931.179
2025-12-03 15:57:51,mlx5_0,0.000,0.000,0.000,0.000
2025-12-03 15:57:51,mlx5_1,0.000,0.000,203.255,477.187
2025-12-03 15:57:51,mlx5_2,0.000,0.000,0.000,0.000
2025-12-03 15:57:51,mlx5_3,0.000,0.000,212.008,485.746
2025-12-03 15:57:51,mlx5_4,0.000,0.000,0.000,0.000
2025-12-03 15:57:51,mlx5_5,0.000,0.000,212.030,484.547
2025-12-03 15:57:51,mlx5_6,0.000,0.000,0.000,0.000
2025-12-03 15:57:51,mlx5_7,0.000,0.000,0.000,0.000
2025-12-03 15:57:51,mlx5_8,0.000,0.000,211.507,483.699
2025-12-03 15:57:51,mlx5_9,0.000,0.000,0.000,0.000
2025-12-03 15:57:51,TOTAL,0.000,0.000,838.800,1931.179
2025-12-03 15:57:52,mlx5_0,0.000,0.000,0.000,0.000
2025-12-03 15:57:52,mlx5_1,0.000,0.000,203.255,477.187
2025-12-03 15:57:52,mlx5_2,0.000,0.000,0.000,0.000
2025-12-03 15:57:52,mlx5_3,0.000,0.000,212.008,485.746
2025-12-03 15:57:52,mlx5_4,0.000,0.000,0.000,0.000
2025-12-03 15:57:52,mlx5_5,0.000,0.000,212.030,484.547
2025-12-03 15:57:52,mlx5_6,0.000,0.000,0.000,0.000
2025-12-03 15:57:52,mlx5_7,0.000,0.000,0.000,0.000
2025-12-03 15:57:52,mlx5_8,0.000,0.000,211.507,483.699
2025-12-03 15:57:52,mlx5_9,0.000,0.000,0.000,0.000
2025-12-03 15:57:52,TOTAL,0.000,0.000,838.800,1931.179
2025-12-03 15:57:53,mlx5_0,0.000,0.000,0.000,0.000
2025-12-03 15:57:53,mlx5_1,0.000,0.000,203.255,477.187
2025-12-03 15:57:53,mlx5_2,0.000,0.000,0.000,0.000
2025-12-03 15:57:53,mlx5_3,0.000,0.000,212.008,485.746
2025-12-03 15:57:53,mlx5_4,0.000,0.000,0.000,0.000
2025-12-03 15:57:53,mlx5_5,0.000,0.000,212.030,484.547
2025-12-03 15:57:53,mlx5_6,0.000,0.000,0.000,0.000
2025-12-03 15:57:53,mlx5_7,0.000,0.000,0.000,0.000
2025-12-03 15:57:53,mlx5_8,0.000,0.000,211.507,483.699
2025-12-03 15:57:53,mlx5_9,0.000,0.000,0.000,0.000
2025-12-03 15:57:53,TOTAL,0.000,0.000,838.800,1931.179
2025-12-03 15:57:54,mlx5_0,0.000,0.000,0.000,0.000
2025-12-03 15:57:54,mlx5_1,7.031,30.926,204.137,481.069
2025-12-03 15:57:54,mlx5_2,0.000,0.000,0.000,0.000
2025-12-03 15:57:54,mlx5_3,10.164,50.623,213.284,492.100
2025-12-03 15:57:54,mlx5_4,0.000,0.000,0.000,0.000
2025-12-03 15:57:54,mlx5_5,10.292,50.807,213.322,490.924
2025-12-03 15:57:54,mlx5_6,0.000,0.000,0.000,0.000
2025-12-03 15:57:54,mlx5_7,0.000,0.000,0.000,0.000
2025-12-03 15:57:54,mlx5_8,10.107,50.836,212.776,490.081
2025-12-03 15:57:54,mlx5_9,0.000,0.000,0.000,0.000
2025-12-03 15:57:54,TOTAL,37.595,183.192,843.519,1954.174
2025-12-03 15:57:55,mlx5_0,0.000,0.000,0.000,0.000
2025-12-03 15:57:55,mlx5_1,0.015,7.616,204.139,482.026
2025-12-03 15:57:55,mlx5_2,0.000,0.000,0.000,0.000
2025-12-03 15:57:55,mlx5_3,0.022,12.295,213.287,493.645
2025-12-03 15:57:55,mlx5_4,0.000,0.000,0.000,0.000
2025-12-03 15:57:55,mlx5_5,0.024,11.908,213.325,492.421
2025-12-03 15:57:55,mlx5_6,0.000,0.000,0.000,0.000
2025-12-03 15:57:55,mlx5_7,0.000,0.000,0.000,0.000
2025-12-03 15:57:55,mlx5_8,0.023,11.677,212.779,491.548
2025-12-03 15:57:55,mlx5_9,0.000,0.000,0.000,0.000
2025-12-03 15:57:55,TOTAL,0.083,43.497,843.530,1959.641
2025-12-03 15:57:56,mlx5_0,0.000,0.000,0.000,0.000
2025-12-03 15:57:56,mlx5_1,0.000,0.000,204.139,482.026
2025-12-03 15:57:56,mlx5_2,0.000,0.000,0.000,0.000
2025-12-03 15:57:56,mlx5_3,0.000,0.000,213.287,493.645
2025-12-03 15:57:56,mlx5_4,0.000,0.000,0.000,0.000
2025-12-03 15:57:56,mlx5_5,0.000,0.000,213.325,492.421
2025-12-03 15:57:56,mlx5_6,0.000,0.000,0.000,0.000
2025-12-03 15:57:56,mlx5_7,0.000,0.000,0.000,0.000
2025-12-03 15:57:56,mlx5_8,0.000,0.000,212.779,491.548
2025-12-03 15:57:56,mlx5_9,0.000,0.000,0.000,0.000
2025-12-03 15:57:56,TOTAL,0.000,0.000,843.530,1959.641
2025-12-03 15:57:57,mlx5_0,0.000,0.000,0.000,0.000
2025-12-03 15:57:57,mlx5_1,0.000,0.000,204.139,482.026
2025-12-03 15:57:57,mlx5_2,0.000,0.000,0.000,0.000
2025-12-03 15:57:57,mlx5_3,0.000,0.000,213.287,493.645
2025-12-03 15:57:57,mlx5_4,0.000,0.000,0.000,0.000
2025-12-03 15:57:57,mlx5_5,0.000,0.000,213.325,492.421
2025-12-03 15:57:57,mlx5_6,0.000,0.000,0.000,0.000
2025-12-03 15:57:57,mlx5_7,0.000,0.000,0.000,0.000
2025-12-03 15:57:57,mlx5_8,0.000,0.000,212.779,491.548
2025-12-03 15:57:57,mlx5_9,0.000,0.000,0.000,0.000
2025-12-03 15:57:57,TOTAL,0.000,0.000,843.530,1959.641
2025-12-03 15:57:58,mlx5_0,0.000,0.000,0.000,0.000
2025-12-03 15:57:58,mlx5_1,4.587,0.006,204.715,482.027
2025-12-03 15:57:58,mlx5_2,0.000,0.000,0.000,0.000
2025-12-03 15:57:58,mlx5_3,7.713,0.011,214.255,493.647
2025-12-03 15:57:58,mlx5_4,0.000,0.000,0.000,0.000
2025-12-03 15:57:58,mlx5_5,7.414,0.011,214.256,492.423
2025-12-03 15:57:58,mlx5_6,0.000,0.000,0.000,0.000
2025-12-03 15:57:58,mlx5_7,0.000,0.000,0.000,0.000
2025-12-03 15:57:58,mlx5_8,7.841,0.011,213.763,491.550
2025-12-03 15:57:58,mlx5_9,0.000,0.000,0.000,0.000
2025-12-03 15:57:58,TOTAL,27.553,0.039,846.989,1959.645
2025-12-03 15:57:59,mlx5_0,0.000,0.000,0.000,0.000
2025-12-03 15:57:59,mlx5_1,1.865,0.003,204.949,482.027
2025-12-03 15:57:59,mlx5_2,0.000,0.000,0.000,0.000
2025-12-03 15:57:59,mlx5_3,2.881,0.005,214.617,493.647
2025-12-03 15:57:59,mlx5_4,0.000,0.000,0.000,0.000
2025-12-03 15:57:59,mlx5_5,2.752,0.004,214.602,492.423
2025-12-03 15:57:59,mlx5_6,0.000,0.000,0.000,0.000
2025-12-03 15:57:59,mlx5_7,0.000,0.000,0.000,0.000
2025-12-03 15:57:59,mlx5_8,2.907,0.004,214.128,491.550
2025-12-03 15:57:59,mlx5_9,0.000,0.000,0.000,0.000
2025-12-03 15:57:59,TOTAL,10.404,0.016,848.297,1959.648
2025-12-03 15:58:00,mlx5_0,0.000,0.000,0.000,0.000
2025-12-03 15:58:00,mlx5_1,0.000,0.000,204.949,482.027
2025-12-03 15:58:00,mlx5_2,0.000,0.000,0.000,0.000
2025-12-03 15:58:00,mlx5_3,0.000,0.000,214.617,493.647
2025-12-03 15:58:00,mlx5_4,0.000,0.000,0.000,0.000
2025-12-03 15:58:00,mlx5_5,0.000,0.000,214.602,492.423
2025-12-03 15:58:00,mlx5_6,0.000,0.000,0.000,0.000
2025-12-03 15:58:00,mlx5_7,0.000,0.000,0.000,0.000
2025-12-03 15:58:00,mlx5_8,0.000,0.000,214.128,491.550
2025-12-03 15:58:00,mlx5_9,0.000,0.000,0.000,0.000
2025-12-03 15:58:00,TOTAL,0.000,0.000,848.297,1959.648
2025-12-03 15:58:01,mlx5_0,0.000,0.000,0.000,0.000
2025-12-03 15:58:01,mlx5_1,0.000,0.000,204.949,482.027
2025-12-03 15:58:01,mlx5_2,0.000,0.000,0.000,0.000
2025-12-03 15:58:01,mlx5_3,0.000,0.000,214.617,493.647
2025-12-03 15:58:01,mlx5_4,0.000,0.000,0.000,0.000
2025-12-03 15:58:01,mlx5_5,0.000,0.000,214.602,492.423
2025-12-03 15:58:01,mlx5_6,0.000,0.000,0.000,0.000
2025-12-03 15:58:01,mlx5_7,0.000,0.000,0.000,0.000
2025-12-03 15:58:01,mlx5_8,0.000,0.000,214.128,491.550
2025-12-03 15:58:01,mlx5_9,0.000,0.000,0.000,0.000
2025-12-03 15:58:01,TOTAL,0.000,0.000,848.297,1959.648
2025-12-03 15:58:02,mlx5_0,0.000,0.000,0.000,0.000
2025-12-03 15:58:02,mlx5_1,6.382,0.009,205.751,482.028
2025-12-03 15:58:02,mlx5_2,0.000,0.000,0.000,0.000
2025-12-03 15:58:02,mlx5_3,10.522,0.015,215.939,493.649
2025-12-03 15:58:02,mlx5_4,0.000,0.000,0.000,0.000
2025-12-03 15:58:02,mlx5_5,9.836,0.014,215.837,492.425
2025-12-03 15:58:02,mlx5_6,0.000,0.000,0.000,0.000
2025-12-03 15:58:02,mlx5_7,0.000,0.000,0.000,0.000
2025-12-03 15:58:02,mlx5_8,10.483,0.015,215.445,491.552
2025-12-03 15:58:02,mlx5_9,0.000,0.000,0.000,0.000
2025-12-03 15:58:02,TOTAL,37.223,0.053,852.972,1959.654
2025-12-03 15:58:03,mlx5_0,0.000,0.000,0.000,0.000
2025-12-03 15:58:03,mlx5_1,0.000,0.000,205.751,482.028
2025-12-03 15:58:03,mlx5_2,0.000,0.000,0.000,0.000
2025-12-03 15:58:03,mlx5_3,0.000,0.000,215.939,493.649
2025-12-03 15:58:03,mlx5_4,0.000,0.000,0.000,0.000
2025-12-03 15:58:03,mlx5_5,0.000,0.000,215.837,492.425
2025-12-03 15:58:03,mlx5_6,0.000,0.000,0.000,0.000
2025-12-03 15:58:03,mlx5_7,0.000,0.000,0.000,0.000
2025-12-03 15:58:03,mlx5_8,0.000,0.000,215.445,491.552
2025-12-03 15:58:03,mlx5_9,0.000,0.000,0.000,0.000
2025-12-03 15:58:03,TOTAL,0.000,0.000,852.972,1959.654
2025-12-03 15:58:04,mlx5_0,0.000,0.000,0.000,0.000
2025-12-03 15:58:04,mlx5_1,0.000,0.000,205.751,482.028
2025-12-03 15:58:04,mlx5_2,0.000,0.000,0.000,0.000
2025-12-03 15:58:04,mlx5_3,0.000,0.000,215.939,493.649
2025-12-03 15:58:04,mlx5_4,0.000,0.000,0.000,0.000
2025-12-03 15:58:04,mlx5_5,0.000,0.000,215.837,492.425
2025-12-03 15:58:04,mlx5_6,0.000,0.000,0.000,0.000
2025-12-03 15:58:04,mlx5_7,0.000,0.000,0.000,0.000
2025-12-03 15:58:04,mlx5_8,0.000,0.000,215.445,491.552
2025-12-03 15:58:04,mlx5_9,0.000,0.000,0.000,0.000
2025-12-03 15:58:04,TOTAL,0.000,0.000,852.972,1959.654
2025-12-03 15:58:05,mlx5_0,0.000,0.000,0.000,0.000
2025-12-03 15:58:05,mlx5_1,5.459,0.008,206.437,482.029
2025-12-03 15:58:05,mlx5_2,0.000,0.000,0.000,0.000
2025-12-03 15:58:05,mlx5_3,10.095,0.015,217.207,493.651
2025-12-03 15:58:05,mlx5_4,0.000,0.000,0.000,0.000
2025-12-03 15:58:05,mlx5_5,9.558,0.014,217.038,492.427
2025-12-03 15:58:05,mlx5_6,0.000,0.000,0.000,0.000
2025-12-03 15:58:05,mlx5_7,0.000,0.000,0.000,0.000
2025-12-03 15:58:05,mlx5_8,10.070,0.014,216.710,491.554
2025-12-03 15:58:05,mlx5_9,0.000,0.000,0.000,0.000
2025-12-03 15:58:05,TOTAL,35.182,0.050,857.392,1959.661
2025-12-03 15:58:06,mlx5_0,0.000,0.000,0.000,0.000
2025-12-03 15:58:06,mlx5_1,0.358,0.000,206.482,482.029
2025-12-03 15:58:06,mlx5_2,0.000,0.000,0.000,0.000
2025-12-03 15:58:06,mlx5_3,0.560,0.001,217.277,493.651
2025-12-03 15:58:06,mlx5_4,0.000,0.000,0.000,0.000
2025-12-03 15:58:06,mlx5_5,0.535,0.001,217.105,492.427
2025-12-03 15:58:06,mlx5_6,0.000,0.000,0.000,0.000
2025-12-03 15:58:06,mlx5_7,0.000,0.000,0.000,0.000
2025-12-03 15:58:06,mlx5_8,0.586,0.001,216.784,491.554
2025-12-03 15:58:06,mlx5_9,0.000,0.000,0.000,0.000
2025-12-03 15:58:06,TOTAL,2.038,0.003,857.648,1959.661
2025-12-03 15:58:07,mlx5_0,0.000,0.000,0.000,0.000
2025-12-03 15:58:07,mlx5_1,0.000,0.000,206.482,482.029
2025-12-03 15:58:07,mlx5_2,0.000,0.000,0.000,0.000
2025-12-03 15:58:07,mlx5_3,0.000,0.000,217.277,493.651
2025-12-03 15:58:07,mlx5_4,0.000,0.000,0.000,0.000
2025-12-03 15:58:07,mlx5_5,0.000,0.000,217.105,492.427
2025-12-03 15:58:07,mlx5_6,0.000,0.000,0.000,0.000
2025-12-03 15:58:07,mlx5_7,0.000,0.000,0.000,0.000
2025-12-03 15:58:07,mlx5_8,0.000,0.000,216.784,491.554
2025-12-03 15:58:07,mlx5_9,0.000,0.000,0.000,0.000
2025-12-03 15:58:07,TOTAL,0.000,0.000,857.648,1959.661
2025-12-03 15:58:08,mlx5_0,0.000,0.000,0.000,0.000
2025-12-03 15:58:08,mlx5_1,0.000,0.000,206.482,482.029
2025-12-03 15:58:08,mlx5_2,0.000,0.000,0.000,0.000
2025-12-03 15:58:08,mlx5_3,0.000,0.000,217.277,493.651
2025-12-03 15:58:08,mlx5_4,0.000,0.000,0.000,0.000
2025-12-03 15:58:08,mlx5_5,0.000,0.000,217.105,492.427
2025-12-03 15:58:08,mlx5_6,0.000,0.000,0.000,0.000
2025-12-03 15:58:08,mlx5_7,0.000,0.000,0.000,0.000
2025-12-03 15:58:08,mlx5_8,0.000,0.000,216.784,491.554
2025-12-03 15:58:08,mlx5_9,0.000,0.000,0.000,0.000
2025-12-03 15:58:08,TOTAL,0.000,0.000,857.648,1959.661
2025-12-03 15:58:09,mlx5_0,0.000,0.000,0.000,0.000
2025-12-03 15:58:09,mlx5_1,5.968,0.008,207.232,482.030
2025-12-03 15:58:09,mlx5_2,0.000,0.000,0.000,0.000
2025-12-03 15:58:09,mlx5_3,10.393,0.015,218.583,493.653
2025-12-03 15:58:09,mlx5_4,0.000,0.000,0.000,0.000
2025-12-03 15:58:09,mlx5_5,9.966,0.015,218.357,492.429
2025-12-03 15:58:09,mlx5_6,0.000,0.000,0.000,0.000
2025-12-03 15:58:09,mlx5_7,0.000,0.000,0.000,0.000
2025-12-03 15:58:09,mlx5_8,10.459,0.015,218.098,491.556
2025-12-03 15:58:09,mlx5_9,0.000,0.000,0.000,0.000
2025-12-03 15:58:09,TOTAL,36.785,0.052,862.268,1959.667
2025-12-03 15:58:10,mlx5_0,0.000,0.000,0.000,0.000
2025-12-03 15:58:10,mlx5_1,0.000,0.000,207.232,482.030
2025-12-03 15:58:10,mlx5_2,0.000,0.000,0.000,0.000
2025-12-03 15:58:10,mlx5_3,0.149,0.000,218.601,493.653
2025-12-03 15:58:10,mlx5_4,0.000,0.000,0.000,0.000
2025-12-03 15:58:10,mlx5_5,0.144,0.000,218.375,492.429
2025-12-03 15:58:10,mlx5_6,0.000,0.000,0.000,0.000
2025-12-03 15:58:10,mlx5_7,0.000,0.000,0.000,0.000
2025-12-03 15:58:10,mlx5_8,0.144,0.000,218.116,491.556
2025-12-03 15:58:10,mlx5_9,0.000,0.000,0.000,0.000
2025-12-03 15:58:10,TOTAL,0.437,0.001,862.323,1959.668
2025-12-03 15:58:11,mlx5_0,0.000,0.000,0.000,0.000
2025-12-03 15:58:11,mlx5_1,0.000,0.000,207.232,482.030
2025-12-03 15:58:11,mlx5_2,0.000,0.000,0.000,0.000
2025-12-03 15:58:11,mlx5_3,0.000,0.000,218.601,493.653
2025-12-03 15:58:11,mlx5_4,0.000,0.000,0.000,0.000
2025-12-03 15:58:11,mlx5_5,0.000,0.000,218.375,492.429
2025-12-03 15:58:11,mlx5_6,0.000,0.000,0.000,0.000
2025-12-03 15:58:11,mlx5_7,0.000,0.000,0.000,0.000
2025-12-03 15:58:11,mlx5_8,0.000,0.000,218.116,491.556
2025-12-03 15:58:11,mlx5_9,0.000,0.000,0.000,0.000
2025-12-03 15:58:11,TOTAL,0.000,0.000,862.323,1959.668
2025-12-03 15:58:12,mlx5_0,0.000,0.000,0.000,0.000
2025-12-03 15:58:12,mlx5_1,0.000,0.000,207.232,482.030
2025-12-03 15:58:12,mlx5_2,0.000,0.000,0.000,0.000
2025-12-03 15:58:12,mlx5_3,0.000,0.000,218.601,493.653
2025-12-03 15:58:12,mlx5_4,0.000,0.000,0.000,0.000
2025-12-03 15:58:12,mlx5_5,0.000,0.000,218.375,492.429
2025-12-03 15:58:12,mlx5_6,0.000,0.000,0.000,0.000
2025-12-03 15:58:12,mlx5_7,0.000,0.000,0.000,0.000
2025-12-03 15:58:12,mlx5_8,0.000,0.000,218.116,491.556
2025-12-03 15:58:12,mlx5_9,0.000,0.000,0.000,0.000
2025-12-03 15:58:12,TOTAL,0.000,0.000,862.323,1959.668
2025-12-03 15:58:13,mlx5_0,0.000,0.000,0.000,0.000
2025-12-03 15:58:13,mlx5_1,0.000,0.000,207.232,482.030
2025-12-03 15:58:13,mlx5_2,0.000,0.000,0.000,0.000
2025-12-03 15:58:13,mlx5_3,0.000,0.000,218.601,493.653
2025-12-03 15:58:13,mlx5_4,0.000,0.000,0.000,0.000
2025-12-03 15:58:13,mlx5_5,0.000,0.000,218.375,492.429
2025-12-03 15:58:13,mlx5_6,0.000,0.000,0.000,0.000
2025-12-03 15:58:13,mlx5_7,0.000,0.000,0.000,0.000
2025-12-03 15:58:13,mlx5_8,0.000,0.000,218.116,491.556
2025-12-03 15:58:13,mlx5_9,0.000,0.000,0.000,0.000
2025-12-03 15:58:13,TOTAL,0.000,0.000,862.323,1959.668
2025-12-03 15:58:14,mlx5_0,0.000,0.000,0.000,0.000
2025-12-03 15:58:14,mlx5_1,7.268,0.010,208.144,482.031
2025-12-03 15:58:14,mlx5_2,0.000,0.000,0.000,0.000
2025-12-03 15:58:14,mlx5_3,10.187,0.015,219.881,493.655
2025-12-03 15:58:14,mlx5_4,0.000,0.000,0.000,0.000
2025-12-03 15:58:14,mlx5_5,9.582,0.014,219.579,492.430
2025-12-03 15:58:14,mlx5_6,0.000,0.000,0.000,0.000
2025-12-03 15:58:14,mlx5_7,0.000,0.000,0.000,0.000
2025-12-03 15:58:14,mlx5_8,10.186,0.014,219.395,491.557
2025-12-03 15:58:14,mlx5_9,0.000,0.000,0.000,0.000
2025-12-03 15:58:14,TOTAL,37.223,0.053,866.999,1959.674
2025-12-03 15:58:15,mlx5_0,0.000,0.000,0.000,0.000
2025-12-03 15:58:15,mlx5_1,0.000,0.000,208.144,482.031
2025-12-03 15:58:15,mlx5_2,0.000,0.000,0.000,0.000
2025-12-03 15:58:15,mlx5_3,0.000,0.000,219.881,493.655
2025-12-03 15:58:15,mlx5_4,0.000,0.000,0.000,0.000
2025-12-03 15:58:15,mlx5_5,0.000,0.000,219.579,492.430
2025-12-03 15:58:15,mlx5_6,0.000,0.000,0.000,0.000
2025-12-03 15:58:15,mlx5_7,0.000,0.000,0.000,0.000
2025-12-03 15:58:15,mlx5_8,0.000,0.000,219.395,491.557
2025-12-03 15:58:15,mlx5_9,0.000,0.000,0.000,0.000
2025-12-03 15:58:15,TOTAL,0.000,0.000,866.999,1959.674
2025-12-03 15:58:16,mlx5_0,0.000,0.000,0.000,0.000
2025-12-03 15:58:16,mlx5_1,0.000,0.000,208.144,482.031
2025-12-03 15:58:16,mlx5_2,0.000,0.000,0.000,0.000
2025-12-03 15:58:16,mlx5_3,0.000,0.000,219.881,493.655
2025-12-03 15:58:16,mlx5_4,0.000,0.000,0.000,0.000
2025-12-03 15:58:16,mlx5_5,0.000,0.000,219.579,492.430
2025-12-03 15:58:16,mlx5_6,0.000,0.000,0.000,0.000
2025-12-03 15:58:16,mlx5_7,0.000,0.000,0.000,0.000
2025-12-03 15:58:16,mlx5_8,0.000,0.000,219.395,491.557
2025-12-03 15:58:16,mlx5_9,0.000,0.000,0.000,0.000
2025-12-03 15:58:16,TOTAL,0.000,0.000,866.999,1959.674
2025-12-03 15:58:17,mlx5_0,0.000,0.000,0.000,0.000
2025-12-03 15:58:17,mlx5_1,0.000,0.000,208.144,482.031
2025-12-03 15:58:17,mlx5_2,0.000,0.000,0.000,0.000
2025-12-03 15:58:17,mlx5_3,0.000,0.000,219.881,493.655
2025-12-03 15:58:17,mlx5_4,0.000,0.000,0.000,0.000
2025-12-03 15:58:17,mlx5_5,0.000,0.000,219.579,492.430
2025-12-03 15:58:17,mlx5_6,0.000,0.000,0.000,0.000
2025-12-03 15:58:17,mlx5_7,0.000,0.000,0.000,0.000
2025-12-03 15:58:17,mlx5_8,0.000,0.000,219.395,491.557
2025-12-03 15:58:17,mlx5_9,0.000,0.000,0.000,0.000
2025-12-03 15:58:17,TOTAL,0.000,0.000,866.999,1959.674
2025-12-03 15:58:18,mlx5_0,0.000,0.000,0.000,0.000
2025-12-03 15:58:18,mlx5_1,6.007,1.152,208.899,482.176
2025-12-03 15:58:18,mlx5_2,0.000,0.000,0.000,0.000
2025-12-03 15:58:18,mlx5_3,8.886,2.833,220.997,494.011
2025-12-03 15:58:18,mlx5_4,0.000,0.000,0.000,0.000
2025-12-03 15:58:18,mlx5_5,8.687,2.670,220.670,492.766
2025-12-03 15:58:18,mlx5_6,0.000,0.000,0.000,0.000
2025-12-03 15:58:18,mlx5_7,0.000,0.000,0.000,0.000
2025-12-03 15:58:18,mlx5_8,8.991,2.983,220.525,491.932
2025-12-03 15:58:18,mlx5_9,0.000,0.000,0.000,0.000
2025-12-03 15:58:18,TOTAL,32.571,9.637,871.091,1960.885
2025-12-03 15:58:19,mlx5_0,0.000,0.000,0.000,0.000
2025-12-03 15:58:19,mlx5_1,0.996,35.106,209.024,486.587
2025-12-03 15:58:19,mlx5_2,0.000,0.000,0.000,0.000
2025-12-03 15:58:19,mlx5_3,1.490,61.826,221.184,501.780
2025-12-03 15:58:19,mlx5_4,0.000,0.000,0.000,0.000
2025-12-03 15:58:19,mlx5_5,1.271,58.585,220.830,500.128
2025-12-03 15:58:19,mlx5_6,0.000,0.000,0.000,0.000
2025-12-03 15:58:19,mlx5_7,0.000,0.000,0.000,0.000
2025-12-03 15:58:19,mlx5_8,1.342,61.339,220.693,499.640
2025-12-03 15:58:19,mlx5_9,0.000,0.000,0.000,0.000
2025-12-03 15:58:19,TOTAL,5.098,216.856,871.731,1988.135
2025-12-03 15:58:20,mlx5_0,0.000,0.000,0.000,0.000
2025-12-03 15:58:20,mlx5_1,0.000,0.000,209.024,486.587
2025-12-03 15:58:20,mlx5_2,0.000,0.000,0.000,0.000
2025-12-03 15:58:20,mlx5_3,0.000,0.000,221.184,501.780
2025-12-03 15:58:20,mlx5_4,0.000,0.000,0.000,0.000
2025-12-03 15:58:20,mlx5_5,0.000,0.000,220.830,500.128
2025-12-03 15:58:20,mlx5_6,0.000,0.000,0.000,0.000
2025-12-03 15:58:20,mlx5_7,0.000,0.000,0.000,0.000
2025-12-03 15:58:20,mlx5_8,0.000,0.000,220.693,499.640
2025-12-03 15:58:20,mlx5_9,0.000,0.000,0.000,0.000
2025-12-03 15:58:20,TOTAL,0.000,0.000,871.731,1988.135
2025-12-03 15:58:21,mlx5_0,0.000,0.000,0.000,0.000
2025-12-03 15:58:21,mlx5_1,0.000,0.000,209.024,486.587
2025-12-03 15:58:21,mlx5_2,0.000,0.000,0.000,0.000
2025-12-03 15:58:21,mlx5_3,0.000,0.000,221.184,501.780
2025-12-03 15:58:21,mlx5_4,0.000,0.000,0.000,0.000
2025-12-03 15:58:21,mlx5_5,0.000,0.000,220.830,500.128
2025-12-03 15:58:21,mlx5_6,0.000,0.000,0.000,0.000
2025-12-03 15:58:21,mlx5_7,0.000,0.000,0.000,0.000
2025-12-03 15:58:21,mlx5_8,0.000,0.000,220.693,499.640
2025-12-03 15:58:21,mlx5_9,0.000,0.000,0.000,0.000
2025-12-03 15:58:21,TOTAL,0.000,0.000,871.731,1988.135
2025-12-03 15:58:22,mlx5_0,0.000,0.000,0.000,0.000
2025-12-03 15:58:22,mlx5_1,0.000,0.000,209.024,486.587
2025-12-03 15:58:22,mlx5_2,0.000,0.000,0.000,0.000
2025-12-03 15:58:22,mlx5_3,0.000,0.000,221.184,501.780
2025-12-03 15:58:22,mlx5_4,0.000,0.000,0.000,0.000
2025-12-03 15:58:22,mlx5_5,0.000,0.000,220.830,500.128
2025-12-03 15:58:22,mlx5_6,0.000,0.000,0.000,0.000
2025-12-03 15:58:22,mlx5_7,0.000,0.000,0.000,0.000
2025-12-03 15:58:22,mlx5_8,0.000,0.000,220.693,499.640
2025-12-03 15:58:22,mlx5_9,0.000,0.000,0.000,0.000
2025-12-03 15:58:22,TOTAL,0.000,0.000,871.731,1988.135
2025-12-03 15:58:23,mlx5_0,0.000,0.000,0.000,0.000
2025-12-03 15:58:23,mlx5_1,5.805,0.008,209.753,486.589
2025-12-03 15:58:23,mlx5_2,0.000,0.000,0.000,0.000
2025-12-03 15:58:23,mlx5_3,11.049,0.016,222.571,501.782
2025-12-03 15:58:23,mlx5_4,0.000,0.000,0.000,0.000
2025-12-03 15:58:23,mlx5_5,10.292,0.015,222.121,500.130
2025-12-03 15:58:23,mlx5_6,0.000,0.000,0.000,0.000
2025-12-03 15:58:23,mlx5_7,0.000,0.000,0.000,0.000
2025-12-03 15:58:23,mlx5_8,10.835,0.015,222.053,499.642
2025-12-03 15:58:23,mlx5_9,0.000,0.000,0.000,0.000
2025-12-03 15:58:23,TOTAL,37.981,0.055,876.498,1988.142
2025-12-03 15:58:24,mlx5_0,0.000,0.000,0.000,0.000
2025-12-03 15:58:24,mlx5_1,0.000,0.000,209.753,486.589
2025-12-03 15:58:24,mlx5_2,0.000,0.000,0.000,0.000
2025-12-03 15:58:24,mlx5_3,0.000,0.000,222.571,501.782
2025-12-03 15:58:24,mlx5_4,0.000,0.000,0.000,0.000
2025-12-03 15:58:24,mlx5_5,0.000,0.000,222.121,500.130
2025-12-03 15:58:24,mlx5_6,0.000,0.000,0.000,0.000
2025-12-03 15:58:24,mlx5_7,0.000,0.000,0.000,0.000
2025-12-03 15:58:24,mlx5_8,0.000,0.000,222.053,499.642
2025-12-03 15:58:24,mlx5_9,0.000,0.000,0.000,0.000
2025-12-03 15:58:24,TOTAL,0.000,0.000,876.498,1988.142
2025-12-03 15:58:25,mlx5_0,0.000,0.000,0.000,0.000
2025-12-03 15:58:25,mlx5_1,0.000,0.000,209.753,486.589
2025-12-03 15:58:25,mlx5_2,0.000,0.000,0.000,0.000
2025-12-03 15:58:25,mlx5_3,0.000,0.000,222.571,501.782
2025-12-03 15:58:25,mlx5_4,0.000,0.000,0.000,0.000
2025-12-03 15:58:25,mlx5_5,0.000,0.000,222.121,500.130
2025-12-03 15:58:25,mlx5_6,0.000,0.000,0.000,0.000
2025-12-03 15:58:25,mlx5_7,0.000,0.000,0.000,0.000
2025-12-03 15:58:25,mlx5_8,0.000,0.000,222.053,499.642
2025-12-03 15:58:25,mlx5_9,0.000,0.000,0.000,0.000
2025-12-03 15:58:25,TOTAL,0.000,0.000,876.498,1988.142
2025-12-03 15:58:26,mlx5_0,0.000,0.000,0.000,0.000
2025-12-03 15:58:26,mlx5_1,9.321,0.013,210.924,486.590
2025-12-03 15:58:26,mlx5_2,0.000,0.000,0.000,0.000
2025-12-03 15:58:26,mlx5_3,9.261,0.014,223.735,501.784
2025-12-03 15:58:26,mlx5_4,0.000,0.000,0.000,0.000
2025-12-03 15:58:26,mlx5_5,9.351,0.014,223.296,500.131
2025-12-03 15:58:26,mlx5_6,0.000,0.000,0.000,0.000
2025-12-03 15:58:26,mlx5_7,0.000,0.000,0.000,0.000
2025-12-03 15:58:26,mlx5_8,9.281,0.013,223.219,499.644
2025-12-03 15:58:26,mlx5_9,0.000,0.000,0.000,0.000
2025-12-03 15:58:26,TOTAL,37.214,0.053,881.173,1988.149
2025-12-03 15:58:27,mlx5_0,0.000,0.000,0.000,0.000
2025-12-03 15:58:27,mlx5_1,0.000,0.000,210.924,486.590
2025-12-03 15:58:27,mlx5_2,0.000,0.000,0.000,0.000
2025-12-03 15:58:27,mlx5_3,0.000,0.000,223.735,501.784
2025-12-03 15:58:27,mlx5_4,0.000,0.000,0.000,0.000
2025-12-03 15:58:27,mlx5_5,0.000,0.000,223.296,500.131
2025-12-03 15:58:27,mlx5_6,0.000,0.000,0.000,0.000
2025-12-03 15:58:27,mlx5_7,0.000,0.000,0.000,0.000
2025-12-03 15:58:27,mlx5_8,0.000,0.000,223.219,499.644
2025-12-03 15:58:27,mlx5_9,0.000,0.000,0.000,0.000
2025-12-03 15:58:27,TOTAL,0.000,0.000,881.173,1988.149
2025-12-03 15:58:28,mlx5_0,0.000,0.000,0.000,0.000
2025-12-03 15:58:28,mlx5_1,0.000,0.000,210.924,486.590
2025-12-03 15:58:28,mlx5_2,0.000,0.000,0.000,0.000
2025-12-03 15:58:28,mlx5_3,0.000,0.000,223.735,501.784
2025-12-03 15:58:28,mlx5_4,0.000,0.000,0.000,0.000
2025-12-03 15:58:28,mlx5_5,0.000,0.000,223.296,500.131
2025-12-03 15:58:28,mlx5_6,0.000,0.000,0.000,0.000
2025-12-03 15:58:28,mlx5_7,0.000,0.000,0.000,0.000
2025-12-03 15:58:28,mlx5_8,0.000,0.000,223.219,499.644
2025-12-03 15:58:28,mlx5_9,0.000,0.000,0.000,0.000
2025-12-03 15:58:28,TOTAL,0.000,0.000,881.173,1988.149
2025-12-03 15:58:29,mlx5_0,0.000,0.000,0.000,0.000
2025-12-03 15:58:29,mlx5_1,0.000,0.000,210.924,486.590
2025-12-03 15:58:29,mlx5_2,0.000,0.000,0.000,0.000
2025-12-03 15:58:29,mlx5_3,0.000,0.000,223.735,501.784
2025-12-03 15:58:29,mlx5_4,0.000,0.000,0.000,0.000
2025-12-03 15:58:29,mlx5_5,0.000,0.000,223.296,500.131
2025-12-03 15:58:29,mlx5_6,0.000,0.000,0.000,0.000
2025-12-03 15:58:29,mlx5_7,0.000,0.000,0.000,0.000
2025-12-03 15:58:29,mlx5_8,0.000,0.000,223.219,499.644
2025-12-03 15:58:29,mlx5_9,0.000,0.000,0.000,0.000
2025-12-03 15:58:29,TOTAL,0.000,0.000,881.173,1988.149
2025-12-03 15:58:30,mlx5_0,0.000,0.000,0.000,0.000
2025-12-03 15:58:30,mlx5_1,9.181,0.013,212.077,486.592
2025-12-03 15:58:30,mlx5_2,0.000,0.000,0.000,0.000
2025-12-03 15:58:30,mlx5_3,9.318,0.014,224.905,501.786
2025-12-03 15:58:30,mlx5_4,0.000,0.000,0.000,0.000
2025-12-03 15:58:30,mlx5_5,9.330,0.014,224.468,500.133
2025-12-03 15:58:30,mlx5_6,0.000,0.000,0.000,0.000
2025-12-03 15:58:30,mlx5_7,0.000,0.000,0.000,0.000
2025-12-03 15:58:30,mlx5_8,9.393,0.013,224.399,499.645
2025-12-03 15:58:30,mlx5_9,0.000,0.000,0.000,0.000
2025-12-03 15:58:30,TOTAL,37.222,0.053,885.849,1988.156
2025-12-03 15:58:31,mlx5_0,0.000,0.000,0.000,0.000
2025-12-03 15:58:31,mlx5_1,0.000,0.000,212.077,486.592
2025-12-03 15:58:31,mlx5_2,0.000,0.000,0.000,0.000
2025-12-03 15:58:31,mlx5_3,0.000,0.000,224.905,501.786
2025-12-03 15:58:31,mlx5_4,0.000,0.000,0.000,0.000
2025-12-03 15:58:31,mlx5_5,0.000,0.000,224.468,500.133
2025-12-03 15:58:31,mlx5_6,0.000,0.000,0.000,0.000
2025-12-03 15:58:31,mlx5_7,0.000,0.000,0.000,0.000
2025-12-03 15:58:31,mlx5_8,0.000,0.000,224.399,499.645
2025-12-03 15:58:31,mlx5_9,0.000,0.000,0.000,0.000
2025-12-03 15:58:31,TOTAL,0.000,0.000,885.849,1988.156
2025-12-03 15:58:32,mlx5_0,0.000,0.000,0.000,0.000
2025-12-03 15:58:32,mlx5_1,0.000,0.000,212.077,486.592
2025-12-03 15:58:32,mlx5_2,0.000,0.000,0.000,0.000
2025-12-03 15:58:32,mlx5_3,0.000,0.000,224.905,501.786
2025-12-03 15:58:32,mlx5_4,0.000,0.000,0.000,0.000
2025-12-03 15:58:32,mlx5_5,0.000,0.000,224.468,500.133
2025-12-03 15:58:32,mlx5_6,0.000,0.000,0.000,0.000
2025-12-03 15:58:32,mlx5_7,0.000,0.000,0.000,0.000
2025-12-03 15:58:32,mlx5_8,0.000,0.000,224.399,499.645
2025-12-03 15:58:32,mlx5_9,0.000,0.000,0.000,0.000
2025-12-03 15:58:32,TOTAL,0.000,0.000,885.849,1988.156
2025-12-03 15:58:33,mlx5_0,0.000,0.000,0.000,0.000
2025-12-03 15:58:33,mlx5_1,0.000,0.000,212.077,486.592
2025-12-03 15:58:33,mlx5_2,0.000,0.000,0.000,0.000
2025-12-03 15:58:33,mlx5_3,0.000,0.000,224.905,501.786
2025-12-03 15:58:33,mlx5_4,0.000,0.000,0.000,0.000
2025-12-03 15:58:33,mlx5_5,0.000,0.000,224.468,500.133
2025-12-03 15:58:33,mlx5_6,0.000,0.000,0.000,0.000
2025-12-03 15:58:33,mlx5_7,0.000,0.000,0.000,0.000
2025-12-03 15:58:33,mlx5_8,0.000,0.000,224.399,499.645
2025-12-03 15:58:33,mlx5_9,0.000,0.000,0.000,0.000
2025-12-03 15:58:33,TOTAL,0.000,0.000,885.849,1988.156
2025-12-03 15:58:34,mlx5_0,0.000,0.000,0.000,0.000
2025-12-03 15:58:34,mlx5_1,9.297,0.013,213.245,486.593
2025-12-03 15:58:34,mlx5_2,0.000,0.000,0.000,0.000
2025-12-03 15:58:34,mlx5_3,9.367,0.014,226.082,501.787
2025-12-03 15:58:34,mlx5_4,0.000,0.000,0.000,0.000
2025-12-03 15:58:34,mlx5_5,9.304,0.014,225.637,500.135
2025-12-03 15:58:34,mlx5_6,0.000,0.000,0.000,0.000
2025-12-03 15:58:34,mlx5_7,0.000,0.000,0.000,0.000
2025-12-03 15:58:34,mlx5_8,9.242,0.013,225.560,499.647
2025-12-03 15:58:34,mlx5_9,0.000,0.000,0.000,0.000
2025-12-03 15:58:34,TOTAL,37.211,0.053,890.524,1988.162
2025-12-03 15:58:35,mlx5_0,0.000,0.000,0.000,0.000
2025-12-03 15:58:35,mlx5_1,0.000,0.000,213.245,486.593
2025-12-03 15:58:35,mlx5_2,0.000,0.000,0.000,0.000
2025-12-03 15:58:35,mlx5_3,0.000,0.000,226.082,501.787
2025-12-03 15:58:35,mlx5_4,0.000,0.000,0.000,0.000
2025-12-03 15:58:35,mlx5_5,0.000,0.000,225.637,500.135
2025-12-03 15:58:35,mlx5_6,0.000,0.000,0.000,0.000
2025-12-03 15:58:35,mlx5_7,0.000,0.000,0.000,0.000
2025-12-03 15:58:35,mlx5_8,0.000,0.000,225.560,499.647
2025-12-03 15:58:35,mlx5_9,0.000,0.000,0.000,0.000
2025-12-03 15:58:35,TOTAL,0.000,0.000,890.524,1988.162
2025-12-03 15:58:36,mlx5_0,0.000,0.000,0.000,0.000
2025-12-03 15:58:36,mlx5_1,0.000,0.000,213.245,486.593
2025-12-03 15:58:36,mlx5_2,0.000,0.000,0.000,0.000
2025-12-03 15:58:36,mlx5_3,0.000,0.000,226.082,501.787
2025-12-03 15:58:36,mlx5_4,0.000,0.000,0.000,0.000
2025-12-03 15:58:36,mlx5_5,0.000,0.000,225.637,500.135
2025-12-03 15:58:36,mlx5_6,0.000,0.000,0.000,0.000
2025-12-03 15:58:36,mlx5_7,0.000,0.000,0.000,0.000
2025-12-03 15:58:36,mlx5_8,0.000,0.000,225.560,499.647
2025-12-03 15:58:36,mlx5_9,0.000,0.000,0.000,0.000
2025-12-03 15:58:36,TOTAL,0.000,0.000,890.524,1988.162
2025-12-03 15:58:37,mlx5_0,0.000,0.000,0.000,0.000
2025-12-03 15:58:37,mlx5_1,0.000,0.000,213.245,486.593
2025-12-03 15:58:37,mlx5_2,0.000,0.000,0.000,0.000
2025-12-03 15:58:37,mlx5_3,0.000,0.000,226.082,501.787
2025-12-03 15:58:37,mlx5_4,0.000,0.000,0.000,0.000
2025-12-03 15:58:37,mlx5_5,0.000,0.000,225.637,500.135
2025-12-03 15:58:37,mlx5_6,0.000,0.000,0.000,0.000
2025-12-03 15:58:37,mlx5_7,0.000,0.000,0.000,0.000
2025-12-03 15:58:37,mlx5_8,0.000,0.000,225.560,499.647
2025-12-03 15:58:37,mlx5_9,0.000,0.000,0.000,0.000
2025-12-03 15:58:37,TOTAL,0.000,0.000,890.524,1988.162
2025-12-03 15:58:38,mlx5_0,0.000,0.000,0.000,0.000
2025-12-03 15:58:38,mlx5_1,9.243,0.013,214.407,486.595
2025-12-03 15:58:38,mlx5_2,0.000,0.000,0.000,0.000
2025-12-03 15:58:38,mlx5_3,9.378,0.014,227.260,501.789
2025-12-03 15:58:38,mlx5_4,0.000,0.000,0.000,0.000
2025-12-03 15:58:38,mlx5_5,9.319,0.014,226.808,500.136
2025-12-03 15:58:38,mlx5_6,0.000,0.000,0.000,0.000
2025-12-03 15:58:38,mlx5_7,0.000,0.000,0.000,0.000
2025-12-03 15:58:38,mlx5_8,9.272,0.013,226.725,499.649
2025-12-03 15:58:38,mlx5_9,0.000,0.000,0.000,0.000
2025-12-03 15:58:38,TOTAL,37.212,0.053,895.200,1988.169
2025-12-03 15:58:39,mlx5_0,0.000,0.000,0.000,0.000
2025-12-03 15:58:39,mlx5_1,0.000,0.000,214.407,486.595
2025-12-03 15:58:39,mlx5_2,0.000,0.000,0.000,0.000
2025-12-03 15:58:39,mlx5_3,0.000,0.000,227.260,501.789
2025-12-03 15:58:39,mlx5_4,0.000,0.000,0.000,0.000
2025-12-03 15:58:39,mlx5_5,0.000,0.000,226.808,500.136
2025-12-03 15:58:39,mlx5_6,0.000,0.000,0.000,0.000
2025-12-03 15:58:39,mlx5_7,0.000,0.000,0.000,0.000
2025-12-03 15:58:39,mlx5_8,0.000,0.000,226.725,499.649
2025-12-03 15:58:39,mlx5_9,0.000,0.000,0.000,0.000
2025-12-03 15:58:39,TOTAL,0.000,0.000,895.200,1988.169
2025-12-03 15:58:40,mlx5_0,0.000,0.000,0.000,0.000
2025-12-03 15:58:40,mlx5_1,0.000,0.000,214.407,486.595
2025-12-03 15:58:40,mlx5_2,0.000,0.000,0.000,0.000
2025-12-03 15:58:40,mlx5_3,0.000,0.000,227.260,501.789
2025-12-03 15:58:40,mlx5_4,0.000,0.000,0.000,0.000
2025-12-03 15:58:40,mlx5_5,0.000,0.000,226.808,500.136
2025-12-03 15:58:40,mlx5_6,0.000,0.000,0.000,0.000
2025-12-03 15:58:40,mlx5_7,0.000,0.000,0.000,0.000
2025-12-03 15:58:40,mlx5_8,0.000,0.000,226.725,499.649
2025-12-03 15:58:40,mlx5_9,0.000,0.000,0.000,0.000
2025-12-03 15:58:40,TOTAL,0.000,0.000,895.200,1988.169
2025-12-03 15:58:41,mlx5_0,0.000,0.000,0.000,0.000
2025-12-03 15:58:41,mlx5_1,0.000,0.000,214.407,486.595
2025-12-03 15:58:41,mlx5_2,0.000,0.000,0.000,0.000
2025-12-03 15:58:41,mlx5_3,0.000,0.000,227.260,501.789
2025-12-03 15:58:41,mlx5_4,0.000,0.000,0.000,0.000
2025-12-03 15:58:41,mlx5_5,0.000,0.000,226.808,500.136
2025-12-03 15:58:41,mlx5_6,0.000,0.000,0.000,0.000
2025-12-03 15:58:41,mlx5_7,0.000,0.000,0.000,0.000
2025-12-03 15:58:41,mlx5_8,0.000,0.000,226.725,499.649
2025-12-03 15:58:41,mlx5_9,0.000,0.000,0.000,0.000
2025-12-03 15:58:41,TOTAL,0.000,0.000,895.200,1988.169
2025-12-03 15:58:42,mlx5_0,0.000,0.000,0.000,0.000
2025-12-03 15:58:42,mlx5_1,0.000,0.000,214.407,486.595
2025-12-03 15:58:42,mlx5_2,0.000,0.000,0.000,0.000
2025-12-03 15:58:42,mlx5_3,0.000,0.000,227.260,501.789
2025-12-03 15:58:42,mlx5_4,0.000,0.000,0.000,0.000
2025-12-03 15:58:42,mlx5_5,0.000,0.000,226.808,500.136
2025-12-03 15:58:42,mlx5_6,0.000,0.000,0.000,0.000
2025-12-03 15:58:42,mlx5_7,0.000,0.000,0.000,0.000
2025-12-03 15:58:42,mlx5_8,0.014,0.000,226.727,499.649
2025-12-03 15:58:42,mlx5_9,0.000,0.000,0.000,0.000
2025-12-03 15:58:42,TOTAL,0.014,0.000,895.202,1988.169
2025-12-03 15:58:43,mlx5_0,0.000,0.000,0.000,0.000
2025-12-03 15:58:43,mlx5_1,9.592,57.102,215.612,493.773
2025-12-03 15:58:43,mlx5_2,0.000,0.000,0.000,0.000
2025-12-03 15:58:43,mlx5_3,9.434,56.556,228.446,508.899
2025-12-03 15:58:43,mlx5_4,0.000,0.000,0.000,0.000
2025-12-03 15:58:43,mlx5_5,9.385,56.651,227.988,507.258
2025-12-03 15:58:43,mlx5_6,0.000,0.000,0.000,0.000
2025-12-03 15:58:43,mlx5_7,0.000,0.000,0.000,0.000
2025-12-03 15:58:43,mlx5_8,9.328,56.129,227.899,506.705
2025-12-03 15:58:43,mlx5_9,0.000,0.000,0.000,0.000
2025-12-03 15:58:43,TOTAL,37.740,226.438,899.946,2016.634
2025-12-03 15:58:44,mlx5_0,0.000,0.000,0.000,0.000
2025-12-03 15:58:44,mlx5_1,0.000,0.000,215.612,493.773
2025-12-03 15:58:44,mlx5_2,0.000,0.000,0.000,0.000
2025-12-03 15:58:44,mlx5_3,0.000,0.000,228.446,508.899
2025-12-03 15:58:44,mlx5_4,0.000,0.000,0.000,0.000
2025-12-03 15:58:44,mlx5_5,0.000,0.000,227.988,507.258
2025-12-03 15:58:44,mlx5_6,0.000,0.000,0.000,0.000
2025-12-03 15:58:44,mlx5_7,0.000,0.000,0.000,0.000
2025-12-03 15:58:44,mlx5_8,0.000,0.000,227.899,506.705
2025-12-03 15:58:44,mlx5_9,0.000,0.000,0.000,0.000
2025-12-03 15:58:44,TOTAL,0.000,0.000,899.946,2016.634
2025-12-03 15:58:45,mlx5_0,0.000,0.000,0.000,0.000
2025-12-03 15:58:45,mlx5_1,0.000,0.000,215.612,493.773
2025-12-03 15:58:45,mlx5_2,0.000,0.000,0.000,0.000
2025-12-03 15:58:45,mlx5_3,0.000,0.000,228.446,508.899
2025-12-03 15:58:45,mlx5_4,0.000,0.000,0.000,0.000
2025-12-03 15:58:45,mlx5_5,0.000,0.000,227.988,507.258
2025-12-03 15:58:45,mlx5_6,0.000,0.000,0.000,0.000
2025-12-03 15:58:45,mlx5_7,0.000,0.000,0.000,0.000
2025-12-03 15:58:45,mlx5_8,0.000,0.000,227.899,506.705
2025-12-03 15:58:45,mlx5_9,0.000,0.000,0.000,0.000
2025-12-03 15:58:45,TOTAL,0.000,0.000,899.946,2016.634
2025-12-03 15:58:46,mlx5_0,0.000,0.000,0.000,0.000
2025-12-03 15:58:46,mlx5_1,0.000,0.000,215.612,493.773
2025-12-03 15:58:46,mlx5_2,0.000,0.000,0.000,0.000
2025-12-03 15:58:46,mlx5_3,0.000,0.000,228.446,508.899
2025-12-03 15:58:46,mlx5_4,0.000,0.000,0.000,0.000
2025-12-03 15:58:46,mlx5_5,0.000,0.000,227.988,507.258
2025-12-03 15:58:46,mlx5_6,0.000,0.000,0.000,0.000
2025-12-03 15:58:46,mlx5_7,0.000,0.000,0.000,0.000
2025-12-03 15:58:46,mlx5_8,0.000,0.000,227.899,506.705
2025-12-03 15:58:46,mlx5_9,0.000,0.000,0.000,0.000
2025-12-03 15:58:46,TOTAL,0.000,0.000,899.946,2016.634
2025-12-03 15:58:47,mlx5_0,0.000,0.000,0.000,0.000
2025-12-03 15:58:47,mlx5_1,8.922,0.012,216.733,493.775
2025-12-03 15:58:47,mlx5_2,0.000,0.000,0.000,0.000
2025-12-03 15:58:47,mlx5_3,8.927,0.013,229.567,508.900
2025-12-03 15:58:47,mlx5_4,0.000,0.000,0.000,0.000
2025-12-03 15:58:47,mlx5_5,8.899,0.013,229.105,507.260
2025-12-03 15:58:47,mlx5_6,0.000,0.000,0.000,0.000
2025-12-03 15:58:47,mlx5_7,0.000,0.000,0.000,0.000
2025-12-03 15:58:47,mlx5_8,8.876,0.012,229.014,506.706
2025-12-03 15:58:47,mlx5_9,0.000,0.000,0.000,0.000
2025-12-03 15:58:47,TOTAL,35.625,0.051,904.420,2016.641
2025-12-03 15:58:48,mlx5_0,0.000,0.000,0.000,0.000
2025-12-03 15:58:48,mlx5_1,0.000,0.000,216.733,493.775
2025-12-03 15:58:48,mlx5_2,0.000,0.000,0.000,0.000
2025-12-03 15:58:48,mlx5_3,0.000,0.000,229.567,508.900
2025-12-03 15:58:48,mlx5_4,0.000,0.000,0.000,0.000
2025-12-03 15:58:48,mlx5_5,0.000,0.000,229.105,507.260
2025-12-03 15:58:48,mlx5_6,0.000,0.000,0.000,0.000
2025-12-03 15:58:48,mlx5_7,0.000,0.000,0.000,0.000
2025-12-03 15:58:48,mlx5_8,0.000,0.000,229.014,506.706
2025-12-03 15:58:48,mlx5_9,0.000,0.000,0.000,0.000
2025-12-03 15:58:48,TOTAL,0.000,0.000,904.420,2016.641
2025-12-03 15:58:49,mlx5_0,0.000,0.000,0.000,0.000
2025-12-03 15:58:49,mlx5_1,0.000,0.000,216.733,493.775
2025-12-03 15:58:49,mlx5_2,0.000,0.000,0.000,0.000
2025-12-03 15:58:49,mlx5_3,0.000,0.000,229.567,508.900
2025-12-03 15:58:49,mlx5_4,0.000,0.000,0.000,0.000
2025-12-03 15:58:49,mlx5_5,0.000,0.000,229.105,507.260
2025-12-03 15:58:49,mlx5_6,0.000,0.000,0.000,0.000
2025-12-03 15:58:49,mlx5_7,0.000,0.000,0.000,0.000
2025-12-03 15:58:49,mlx5_8,0.000,0.000,229.014,506.706
2025-12-03 15:58:49,mlx5_9,0.000,0.000,0.000,0.000
2025-12-03 15:58:49,TOTAL,0.000,0.000,904.420,2016.641
2025-12-03 15:58:50,mlx5_0,0.000,0.000,0.000,0.000
2025-12-03 15:58:50,mlx5_1,6.831,0.009,217.591,493.776
2025-12-03 15:58:50,mlx5_2,0.000,0.000,0.000,0.000
2025-12-03 15:58:50,mlx5_3,6.829,0.010,230.425,508.902
2025-12-03 15:58:50,mlx5_4,0.000,0.000,0.000,0.000
2025-12-03 15:58:50,mlx5_5,6.827,0.010,229.962,507.261
2025-12-03 15:58:50,mlx5_6,0.000,0.000,0.000,0.000
2025-12-03 15:58:50,mlx5_7,0.000,0.000,0.000,0.000
2025-12-03 15:58:50,mlx5_8,6.802,0.010,229.868,506.707
2025-12-03 15:58:50,mlx5_9,0.000,0.000,0.000,0.000
2025-12-03 15:58:50,TOTAL,27.289,0.039,907.846,2016.646
2025-12-03 15:58:51,mlx5_0,0.000,0.000,0.000,0.000
2025-12-03 15:58:51,mlx5_1,2.570,0.004,217.914,493.776
2025-12-03 15:58:51,mlx5_2,0.000,0.000,0.000,0.000
2025-12-03 15:58:51,mlx5_3,2.531,0.004,230.743,508.902
2025-12-03 15:58:51,mlx5_4,0.000,0.000,0.000,0.000
2025-12-03 15:58:51,mlx5_5,2.442,0.004,230.269,507.261
2025-12-03 15:58:51,mlx5_6,0.000,0.000,0.000,0.000
2025-12-03 15:58:51,mlx5_7,0.000,0.000,0.000,0.000
2025-12-03 15:58:51,mlx5_8,2.399,0.003,230.170,506.708
2025-12-03 15:58:51,mlx5_9,0.000,0.000,0.000,0.000
2025-12-03 15:58:51,TOTAL,9.943,0.014,909.096,2016.647
2025-12-03 15:58:52,mlx5_0,0.000,0.000,0.000,0.000
2025-12-03 15:58:52,mlx5_1,0.000,0.000,217.914,493.776
2025-12-03 15:58:52,mlx5_2,0.000,0.000,0.000,0.000
2025-12-03 15:58:52,mlx5_3,0.000,0.000,230.743,508.902
2025-12-03 15:58:52,mlx5_4,0.000,0.000,0.000,0.000
2025-12-03 15:58:52,mlx5_5,0.000,0.000,230.269,507.261
2025-12-03 15:58:52,mlx5_6,0.000,0.000,0.000,0.000
2025-12-03 15:58:52,mlx5_7,0.000,0.000,0.000,0.000
2025-12-03 15:58:52,mlx5_8,0.000,0.000,230.170,506.708
2025-12-03 15:58:52,mlx5_9,0.000,0.000,0.000,0.000
2025-12-03 15:58:52,TOTAL,0.000,0.000,909.096,2016.647
2025-12-03 15:58:53,mlx5_0,0.000,0.000,0.000,0.000
2025-12-03 15:58:53,mlx5_1,0.000,0.000,217.914,493.776
2025-12-03 15:58:53,mlx5_2,0.000,0.000,0.000,0.000
2025-12-03 15:58:53,mlx5_3,0.000,0.000,230.743,508.902
2025-12-03 15:58:53,mlx5_4,0.000,0.000,0.000,0.000
2025-12-03 15:58:53,mlx5_5,0.000,0.000,230.269,507.261
2025-12-03 15:58:53,mlx5_6,0.000,0.000,0.000,0.000
2025-12-03 15:58:53,mlx5_7,0.000,0.000,0.000,0.000
2025-12-03 15:58:53,mlx5_8,0.000,0.000,230.170,506.708
2025-12-03 15:58:53,mlx5_9,0.000,0.000,0.000,0.000
2025-12-03 15:58:53,TOTAL,0.000,0.000,909.096,2016.647
2025-12-03 15:58:54,mlx5_0,0.000,0.000,0.000,0.000
2025-12-03 15:58:54,mlx5_1,9.454,0.013,219.101,493.778
2025-12-03 15:58:54,mlx5_2,0.000,0.000,0.000,0.000
2025-12-03 15:58:54,mlx5_3,9.227,0.014,231.902,508.904
2025-12-03 15:58:54,mlx5_4,0.000,0.000,0.000,0.000
2025-12-03 15:58:54,mlx5_5,9.340,0.014,231.442,507.263
2025-12-03 15:58:54,mlx5_6,0.000,0.000,0.000,0.000
2025-12-03 15:58:54,mlx5_7,0.000,0.000,0.000,0.000
2025-12-03 15:58:54,mlx5_8,9.204,0.013,231.326,506.709
2025-12-03 15:58:54,mlx5_9,0.000,0.000,0.000,0.000
2025-12-03 15:58:54,TOTAL,37.226,0.054,913.771,2016.654
2025-12-03 15:58:55,mlx5_0,0.000,0.000,0.000,0.000
2025-12-03 15:58:55,mlx5_1,0.000,0.000,219.101,493.778
2025-12-03 15:58:55,mlx5_2,0.000,0.000,0.000,0.000
2025-12-03 15:58:55,mlx5_3,0.000,0.000,231.902,508.904
2025-12-03 15:58:55,mlx5_4,0.000,0.000,0.000,0.000
2025-12-03 15:58:55,mlx5_5,0.000,0.000,231.442,507.263
2025-12-03 15:58:55,mlx5_6,0.000,0.000,0.000,0.000
2025-12-03 15:58:55,mlx5_7,0.000,0.000,0.000,0.000
2025-12-03 15:58:55,mlx5_8,0.000,0.000,231.326,506.709
2025-12-03 15:58:55,mlx5_9,0.000,0.000,0.000,0.000
2025-12-03 15:58:55,TOTAL,0.000,0.000,913.771,2016.654
2025-12-03 15:58:56,mlx5_0,0.000,0.000,0.000,0.000
2025-12-03 15:58:56,mlx5_1,0.000,0.000,219.101,493.778
2025-12-03 15:58:56,mlx5_2,0.000,0.000,0.000,0.000
2025-12-03 15:58:56,mlx5_3,0.000,0.000,231.902,508.904
2025-12-03 15:58:56,mlx5_4,0.000,0.000,0.000,0.000
2025-12-03 15:58:56,mlx5_5,0.000,0.000,231.442,507.263
2025-12-03 15:58:56,mlx5_6,0.000,0.000,0.000,0.000
2025-12-03 15:58:56,mlx5_7,0.000,0.000,0.000,0.000
2025-12-03 15:58:56,mlx5_8,0.000,0.000,231.326,506.709
2025-12-03 15:58:56,mlx5_9,0.000,0.000,0.000,0.000
2025-12-03 15:58:56,TOTAL,0.000,0.000,913.771,2016.654
2025-12-03 15:58:57,mlx5_0,0.000,0.000,0.000,0.000
2025-12-03 15:58:57,mlx5_1,0.000,0.000,219.101,493.778
2025-12-03 15:58:57,mlx5_2,0.000,0.000,0.000,0.000
2025-12-03 15:58:57,mlx5_3,0.000,0.000,231.902,508.904
2025-12-03 15:58:57,mlx5_4,0.000,0.000,0.000,0.000
2025-12-03 15:58:57,mlx5_5,0.000,0.000,231.442,507.263
2025-12-03 15:58:57,mlx5_6,0.000,0.000,0.000,0.000
2025-12-03 15:58:57,mlx5_7,0.000,0.000,0.000,0.000
2025-12-03 15:58:57,mlx5_8,0.000,0.000,231.326,506.709
2025-12-03 15:58:57,mlx5_9,0.000,0.000,0.000,0.000
2025-12-03 15:58:57,TOTAL,0.000,0.000,913.771,2016.654
2025-12-03 15:58:58,mlx5_0,0.000,0.000,0.000,0.000
2025-12-03 15:58:58,mlx5_1,9.431,0.013,220.286,493.780
2025-12-03 15:58:58,mlx5_2,0.000,0.000,0.000,0.000
2025-12-03 15:58:58,mlx5_3,9.245,0.014,233.063,508.906
2025-12-03 15:58:58,mlx5_4,0.000,0.000,0.000,0.000
2025-12-03 15:58:58,mlx5_5,9.309,0.014,232.612,507.265
2025-12-03 15:58:58,mlx5_6,0.000,0.000,0.000,0.000
2025-12-03 15:58:58,mlx5_7,0.000,0.000,0.000,0.000
2025-12-03 15:58:58,mlx5_8,9.235,0.013,232.486,506.711
2025-12-03 15:58:58,mlx5_9,0.000,0.000,0.000,0.000
2025-12-03 15:58:58,TOTAL,37.220,0.053,918.447,2016.661
2025-12-03 15:58:59,mlx5_0,0.000,0.000,0.000,0.000
2025-12-03 15:58:59,mlx5_1,0.000,0.000,220.286,493.780
2025-12-03 15:58:59,mlx5_2,0.000,0.000,0.000,0.000
2025-12-03 15:58:59,mlx5_3,0.000,0.000,233.063,508.906
2025-12-03 15:58:59,mlx5_4,0.000,0.000,0.000,0.000
2025-12-03 15:58:59,mlx5_5,0.000,0.000,232.612,507.265
2025-12-03 15:58:59,mlx5_6,0.000,0.000,0.000,0.000
2025-12-03 15:58:59,mlx5_7,0.000,0.000,0.000,0.000
2025-12-03 15:58:59,mlx5_8,0.000,0.000,232.486,506.711
2025-12-03 15:58:59,mlx5_9,0.000,0.000,0.000,0.000
2025-12-03 15:58:59,TOTAL,0.000,0.000,918.447,2016.661
2025-12-03 15:59:00,mlx5_0,0.000,0.000,0.000,0.000
2025-12-03 15:59:00,mlx5_1,0.000,0.000,220.286,493.780
2025-12-03 15:59:00,mlx5_2,0.000,0.000,0.000,0.000
2025-12-03 15:59:00,mlx5_3,0.000,0.000,233.063,508.906
2025-12-03 15:59:00,mlx5_4,0.000,0.000,0.000,0.000
2025-12-03 15:59:00,mlx5_5,0.000,0.000,232.612,507.265
2025-12-03 15:59:00,mlx5_6,0.000,0.000,0.000,0.000
2025-12-03 15:59:00,mlx5_7,0.000,0.000,0.000,0.000
2025-12-03 15:59:00,mlx5_8,0.000,0.000,232.486,506.711
2025-12-03 15:59:00,mlx5_9,0.000,0.000,0.000,0.000
2025-12-03 15:59:00,TOTAL,0.000,0.000,918.447,2016.661
2025-12-03 15:59:01,mlx5_0,0.000,0.000,0.000,0.000
2025-12-03 15:59:01,mlx5_1,0.000,0.000,220.286,493.780
2025-12-03 15:59:01,mlx5_2,0.000,0.000,0.000,0.000
2025-12-03 15:59:01,mlx5_3,0.000,0.000,233.063,508.906
2025-12-03 15:59:01,mlx5_4,0.000,0.000,0.000,0.000
2025-12-03 15:59:01,mlx5_5,0.000,0.000,232.612,507.265
2025-12-03 15:59:01,mlx5_6,0.000,0.000,0.000,0.000
2025-12-03 15:59:01,mlx5_7,0.000,0.000,0.000,0.000
2025-12-03 15:59:01,mlx5_8,0.000,0.000,232.486,506.711
2025-12-03 15:59:01,mlx5_9,0.000,0.000,0.000,0.000
2025-12-03 15:59:01,TOTAL,0.000,0.000,918.447,2016.661
2025-12-03 15:59:02,mlx5_0,0.000,0.000,0.000,0.000
2025-12-03 15:59:02,mlx5_1,9.331,0.013,221.458,493.781
2025-12-03 15:59:02,mlx5_2,0.000,0.000,0.000,0.000
2025-12-03 15:59:02,mlx5_3,9.316,0.014,234.233,508.907
2025-12-03 15:59:02,mlx5_4,0.000,0.000,0.000,0.000
2025-12-03 15:59:02,mlx5_5,9.399,0.014,233.792,507.266
2025-12-03 15:59:02,mlx5_6,0.000,0.000,0.000,0.000
2025-12-03 15:59:02,mlx5_7,0.000,0.000,0.000,0.000
2025-12-03 15:59:02,mlx5_8,9.179,0.013,233.639,506.713
2025-12-03 15:59:02,mlx5_9,0.000,0.000,0.000,0.000
2025-12-03 15:59:02,TOTAL,37.225,0.053,923.122,2016.668
2025-12-03 15:59:03,mlx5_0,0.000,0.000,0.000,0.000
2025-12-03 15:59:03,mlx5_1,0.000,0.000,221.458,493.781
2025-12-03 15:59:03,mlx5_2,0.000,0.000,0.000,0.000
2025-12-03 15:59:03,mlx5_3,0.000,0.000,234.233,508.907
2025-12-03 15:59:03,mlx5_4,0.000,0.000,0.000,0.000
2025-12-03 15:59:03,mlx5_5,0.000,0.000,233.792,507.266
2025-12-03 15:59:03,mlx5_6,0.000,0.000,0.000,0.000
2025-12-03 15:59:03,mlx5_7,0.000,0.000,0.000,0.000
2025-12-03 15:59:03,mlx5_8,0.000,0.000,233.639,506.713
2025-12-03 15:59:03,mlx5_9,0.000,0.000,0.000,0.000
2025-12-03 15:59:03,TOTAL,0.000,0.000,923.122,2016.668
2025-12-03 15:59:04,mlx5_0,0.000,0.000,0.000,0.000
2025-12-03 15:59:04,mlx5_1,0.000,0.000,221.458,493.781
2025-12-03 15:59:04,mlx5_2,0.000,0.000,0.000,0.000
2025-12-03 15:59:04,mlx5_3,0.000,0.000,234.233,508.907
2025-12-03 15:59:04,mlx5_4,0.000,0.000,0.000,0.000
2025-12-03 15:59:04,mlx5_5,0.000,0.000,233.792,507.266
2025-12-03 15:59:04,mlx5_6,0.000,0.000,0.000,0.000
2025-12-03 15:59:04,mlx5_7,0.000,0.000,0.000,0.000
2025-12-03 15:59:04,mlx5_8,0.000,0.000,233.639,506.713
2025-12-03 15:59:04,mlx5_9,0.000,0.000,0.000,0.000
2025-12-03 15:59:04,TOTAL,0.000,0.000,923.122,2016.668
2025-12-03 15:59:05,mlx5_0,0.000,0.000,0.000,0.000
2025-12-03 15:59:05,mlx5_1,0.000,0.000,221.458,493.781
2025-12-03 15:59:05,mlx5_2,0.000,0.000,0.000,0.000
2025-12-03 15:59:05,mlx5_3,0.000,0.000,234.233,508.907
2025-12-03 15:59:05,mlx5_4,0.000,0.000,0.000,0.000
2025-12-03 15:59:05,mlx5_5,0.000,0.000,233.792,507.266
2025-12-03 15:59:05,mlx5_6,0.000,0.000,0.000,0.000
2025-12-03 15:59:05,mlx5_7,0.000,0.000,0.000,0.000
2025-12-03 15:59:05,mlx5_8,0.000,0.000,233.639,506.713
2025-12-03 15:59:05,mlx5_9,0.000,0.000,0.000,0.000
2025-12-03 15:59:05,TOTAL,0.000,0.000,923.122,2016.668
2025-12-03 15:59:06,mlx5_0,0.000,0.000,0.000,0.000
2025-12-03 15:59:06,mlx5_1,0.000,0.000,221.458,493.781
2025-12-03 15:59:06,mlx5_2,0.000,0.000,0.000,0.000
2025-12-03 15:59:06,mlx5_3,0.000,0.000,234.233,508.907
2025-12-03 15:59:06,mlx5_4,0.000,0.000,0.000,0.000
2025-12-03 15:59:06,mlx5_5,0.000,0.000,233.792,507.266
2025-12-03 15:59:06,mlx5_6,0.000,0.000,0.000,0.000
2025-12-03 15:59:06,mlx5_7,0.000,0.000,0.000,0.000
2025-12-03 15:59:06,mlx5_8,0.000,0.000,233.639,506.713
2025-12-03 15:59:06,mlx5_9,0.000,0.000,0.000,0.000
2025-12-03 15:59:06,TOTAL,0.000,0.000,923.122,2016.668
2025-12-03 15:59:07,mlx5_0,0.000,0.000,0.000,0.000
2025-12-03 15:59:07,mlx5_1,9.683,57.413,222.674,500.992
2025-12-03 15:59:07,mlx5_2,0.000,0.000,0.000,0.000
2025-12-03 15:59:07,mlx5_3,9.197,56.919,235.388,516.056
2025-12-03 15:59:07,mlx5_4,0.000,0.000,0.000,0.000
2025-12-03 15:59:07,mlx5_5,9.411,56.345,234.974,514.343
2025-12-03 15:59:07,mlx5_6,0.000,0.000,0.000,0.000
2025-12-03 15:59:07,mlx5_7,0.000,0.000,0.000,0.000
2025-12-03 15:59:07,mlx5_8,9.485,55.939,234.830,513.739
2025-12-03 15:59:07,mlx5_9,0.000,0.000,0.000,0.000
2025-12-03 15:59:07,TOTAL,37.776,226.617,927.867,2045.130
2025-12-03 15:59:08,mlx5_0,0.000,0.000,0.000,0.000
2025-12-03 15:59:08,mlx5_1,0.000,0.000,222.674,500.992
2025-12-03 15:59:08,mlx5_2,0.000,0.000,0.000,0.000
2025-12-03 15:59:08,mlx5_3,0.000,0.000,235.388,516.056
2025-12-03 15:59:08,mlx5_4,0.000,0.000,0.000,0.000
2025-12-03 15:59:08,mlx5_5,0.000,0.000,234.974,514.343
2025-12-03 15:59:08,mlx5_6,0.000,0.000,0.000,0.000
2025-12-03 15:59:08,mlx5_7,0.000,0.000,0.000,0.000
2025-12-03 15:59:08,mlx5_8,0.000,0.000,234.830,513.739
2025-12-03 15:59:08,mlx5_9,0.000,0.000,0.000,0.000
2025-12-03 15:59:08,TOTAL,0.000,0.000,927.867,2045.130
2025-12-03 15:59:09,mlx5_0,0.000,0.000,0.000,0.000
2025-12-03 15:59:09,mlx5_1,0.000,0.000,222.674,500.992
2025-12-03 15:59:09,mlx5_2,0.000,0.000,0.000,0.000
2025-12-03 15:59:09,mlx5_3,0.000,0.000,235.388,516.056
2025-12-03 15:59:09,mlx5_4,0.000,0.000,0.000,0.000
2025-12-03 15:59:09,mlx5_5,0.000,0.000,234.974,514.343
2025-12-03 15:59:09,mlx5_6,0.000,0.000,0.000,0.000
2025-12-03 15:59:09,mlx5_7,0.000,0.000,0.000,0.000
2025-12-03 15:59:09,mlx5_8,0.000,0.000,234.830,513.739
2025-12-03 15:59:09,mlx5_9,0.000,0.000,0.000,0.000
2025-12-03 15:59:09,TOTAL,0.000,0.000,927.867,2045.130
2025-12-03 15:59:10,mlx5_0,0.000,0.000,0.000,0.000
2025-12-03 15:59:10,mlx5_1,0.000,0.000,222.674,500.992
2025-12-03 15:59:10,mlx5_2,0.000,0.000,0.000,0.000
2025-12-03 15:59:10,mlx5_3,0.000,0.000,235.388,516.056
2025-12-03 15:59:10,mlx5_4,0.000,0.000,0.000,0.000
2025-12-03 15:59:10,mlx5_5,0.000,0.000,234.974,514.343
2025-12-03 15:59:10,mlx5_6,0.000,0.000,0.000,0.000
2025-12-03 15:59:10,mlx5_7,0.000,0.000,0.000,0.000
2025-12-03 15:59:10,mlx5_8,0.000,0.000,234.830,513.739
2025-12-03 15:59:10,mlx5_9,0.000,0.000,0.000,0.000
2025-12-03 15:59:10,TOTAL,0.000,0.000,927.867,2045.130
2025-12-03 15:59:11,mlx5_0,0.000,0.000,0.000,0.000
2025-12-03 15:59:11,mlx5_1,1.830,0.002,222.904,500.993
2025-12-03 15:59:11,mlx5_2,0.000,0.000,0.000,0.000
2025-12-03 15:59:11,mlx5_3,1.911,0.003,235.628,516.057
2025-12-03 15:59:11,mlx5_4,0.000,0.000,0.000,0.000
2025-12-03 15:59:11,mlx5_5,1.964,0.003,235.221,514.344
2025-12-03 15:59:11,mlx5_6,0.000,0.000,0.000,0.000
2025-12-03 15:59:11,mlx5_7,0.000,0.000,0.000,0.000
2025-12-03 15:59:11,mlx5_8,2.058,0.003,235.089,513.739
2025-12-03 15:59:11,mlx5_9,0.000,0.000,0.000,0.000
2025-12-03 15:59:11,TOTAL,7.763,0.011,928.842,2045.132
2025-12-03 15:59:12,mlx5_0,0.000,0.000,0.000,0.000
2025-12-03 15:59:12,mlx5_1,7.751,0.011,223.878,500.994
2025-12-03 15:59:12,mlx5_2,0.000,0.000,0.000,0.000
2025-12-03 15:59:12,mlx5_3,7.478,0.011,236.568,516.058
2025-12-03 15:59:12,mlx5_4,0.000,0.000,0.000,0.000
2025-12-03 15:59:12,mlx5_5,7.571,0.011,236.173,514.345
2025-12-03 15:59:12,mlx5_6,0.000,0.000,0.000,0.000
2025-12-03 15:59:12,mlx5_7,0.000,0.000,0.000,0.000
2025-12-03 15:59:12,mlx5_8,7.359,0.010,236.014,513.740
2025-12-03 15:59:12,mlx5_9,0.000,0.000,0.000,0.000
2025-12-03 15:59:12,TOTAL,30.159,0.044,932.634,2045.137
2025-12-03 15:59:13,mlx5_0,0.000,0.000,0.000,0.000
2025-12-03 15:59:13,mlx5_1,0.000,0.000,223.878,500.994
2025-12-03 15:59:13,mlx5_2,0.000,0.000,0.000,0.000
2025-12-03 15:59:13,mlx5_3,0.000,0.000,236.568,516.058
2025-12-03 15:59:13,mlx5_4,0.000,0.000,0.000,0.000
2025-12-03 15:59:13,mlx5_5,0.000,0.000,236.173,514.345
2025-12-03 15:59:13,mlx5_6,0.000,0.000,0.000,0.000
2025-12-03 15:59:13,mlx5_7,0.000,0.000,0.000,0.000
2025-12-03 15:59:13,mlx5_8,0.000,0.000,236.014,513.740
2025-12-03 15:59:13,mlx5_9,0.000,0.000,0.000,0.000
2025-12-03 15:59:13,TOTAL,0.000,0.000,932.634,2045.137
2025-12-03 15:59:14,mlx5_0,0.000,0.000,0.000,0.000
2025-12-03 15:59:14,mlx5_1,0.000,0.000,223.878,500.994
2025-12-03 15:59:14,mlx5_2,0.000,0.000,0.000,0.000
2025-12-03 15:59:14,mlx5_3,0.000,0.000,236.568,516.058
2025-12-03 15:59:14,mlx5_4,0.000,0.000,0.000,0.000
2025-12-03 15:59:14,mlx5_5,0.000,0.000,236.173,514.345
2025-12-03 15:59:14,mlx5_6,0.000,0.000,0.000,0.000
2025-12-03 15:59:14,mlx5_7,0.000,0.000,0.000,0.000
2025-12-03 15:59:14,mlx5_8,0.000,0.000,236.014,513.740
2025-12-03 15:59:14,mlx5_9,0.000,0.000,0.000,0.000
2025-12-03 15:59:14,TOTAL,0.000,0.000,932.634,2045.137
2025-12-03 15:59:15,mlx5_0,0.000,0.000,0.000,0.000
2025-12-03 15:59:15,mlx5_1,9.357,0.013,225.054,500.995
2025-12-03 15:59:15,mlx5_2,0.000,0.000,0.000,0.000
2025-12-03 15:59:15,mlx5_3,9.276,0.014,237.734,516.060
2025-12-03 15:59:15,mlx5_4,0.000,0.000,0.000,0.000
2025-12-03 15:59:15,mlx5_5,9.208,0.013,237.330,514.347
2025-12-03 15:59:15,mlx5_6,0.000,0.000,0.000,0.000
2025-12-03 15:59:15,mlx5_7,0.000,0.000,0.000,0.000
2025-12-03 15:59:15,mlx5_8,9.382,0.013,237.192,513.742
2025-12-03 15:59:15,mlx5_9,0.000,0.000,0.000,0.000
2025-12-03 15:59:15,TOTAL,37.223,0.053,937.309,2045.144
2025-12-03 15:59:16,mlx5_0,0.000,0.000,0.000,0.000
2025-12-03 15:59:16,mlx5_1,0.000,0.000,225.054,500.995
2025-12-03 15:59:16,mlx5_2,0.000,0.000,0.000,0.000
2025-12-03 15:59:16,mlx5_3,0.000,0.000,237.734,516.060
2025-12-03 15:59:16,mlx5_4,0.000,0.000,0.000,0.000
2025-12-03 15:59:16,mlx5_5,0.000,0.000,237.330,514.347
2025-12-03 15:59:16,mlx5_6,0.000,0.000,0.000,0.000
2025-12-03 15:59:16,mlx5_7,0.000,0.000,0.000,0.000
2025-12-03 15:59:16,mlx5_8,0.000,0.000,237.192,513.742
2025-12-03 15:59:16,mlx5_9,0.000,0.000,0.000,0.000
2025-12-03 15:59:16,TOTAL,0.000,0.000,937.309,2045.144
2025-12-03 15:59:17,mlx5_0,0.000,0.000,0.000,0.000
2025-12-03 15:59:17,mlx5_1,0.000,0.000,225.054,500.995
2025-12-03 15:59:17,mlx5_2,0.000,0.000,0.000,0.000
2025-12-03 15:59:17,mlx5_3,0.000,0.000,237.734,516.060
2025-12-03 15:59:17,mlx5_4,0.000,0.000,0.000,0.000
2025-12-03 15:59:17,mlx5_5,0.000,0.000,237.330,514.347
2025-12-03 15:59:17,mlx5_6,0.000,0.000,0.000,0.000
2025-12-03 15:59:17,mlx5_7,0.000,0.000,0.000,0.000
2025-12-03 15:59:17,mlx5_8,0.000,0.000,237.192,513.742
2025-12-03 15:59:17,mlx5_9,0.000,0.000,0.000,0.000
2025-12-03 15:59:17,TOTAL,0.000,0.000,937.309,2045.144
2025-12-03 15:59:18,mlx5_0,0.000,0.000,0.000,0.000
2025-12-03 15:59:18,mlx5_1,9.346,0.013,226.228,500.997
2025-12-03 15:59:18,mlx5_2,0.000,0.000,0.000,0.000
2025-12-03 15:59:18,mlx5_3,9.319,0.014,238.904,516.061
2025-12-03 15:59:18,mlx5_4,0.000,0.000,0.000,0.000
2025-12-03 15:59:18,mlx5_5,9.318,0.014,238.500,514.348
2025-12-03 15:59:18,mlx5_6,0.000,0.000,0.000,0.000
2025-12-03 15:59:18,mlx5_7,0.000,0.000,0.000,0.000
2025-12-03 15:59:18,mlx5_8,9.234,0.013,238.352,513.744
2025-12-03 15:59:18,mlx5_9,0.000,0.000,0.000,0.000
2025-12-03 15:59:18,TOTAL,37.216,0.053,941.985,2045.150
2025-12-03 15:59:19,mlx5_0,0.000,0.000,0.000,0.000
2025-12-03 15:59:19,mlx5_1,0.000,0.000,226.228,500.997
2025-12-03 15:59:19,mlx5_2,0.000,0.000,0.000,0.000
2025-12-03 15:59:19,mlx5_3,0.000,0.000,238.904,516.061
2025-12-03 15:59:19,mlx5_4,0.000,0.000,0.000,0.000
2025-12-03 15:59:19,mlx5_5,0.000,0.000,238.500,514.348
2025-12-03 15:59:19,mlx5_6,0.000,0.000,0.000,0.000
2025-12-03 15:59:19,mlx5_7,0.000,0.000,0.000,0.000
2025-12-03 15:59:19,mlx5_8,0.000,0.000,238.352,513.744
2025-12-03 15:59:19,mlx5_9,0.000,0.000,0.000,0.000
2025-12-03 15:59:19,TOTAL,0.000,0.000,941.985,2045.150
2025-12-03 15:59:20,mlx5_0,0.000,0.000,0.000,0.000
2025-12-03 15:59:20,mlx5_1,0.000,0.000,226.228,500.997
2025-12-03 15:59:20,mlx5_2,0.000,0.000,0.000,0.000
2025-12-03 15:59:20,mlx5_3,0.000,0.000,238.904,516.061
2025-12-03 15:59:20,mlx5_4,0.000,0.000,0.000,0.000
2025-12-03 15:59:20,mlx5_5,0.000,0.000,238.500,514.348
2025-12-03 15:59:20,mlx5_6,0.000,0.000,0.000,0.000
2025-12-03 15:59:20,mlx5_7,0.000,0.000,0.000,0.000
2025-12-03 15:59:20,mlx5_8,0.000,0.000,238.352,513.744
2025-12-03 15:59:20,mlx5_9,0.000,0.000,0.000,0.000
2025-12-03 15:59:20,TOTAL,0.000,0.000,941.985,2045.150
2025-12-03 15:59:21,mlx5_0,0.000,0.000,0.000,0.000
2025-12-03 15:59:21,mlx5_1,0.000,0.000,226.228,500.997
2025-12-03 15:59:21,mlx5_2,0.000,0.000,0.000,0.000
2025-12-03 15:59:21,mlx5_3,0.000,0.000,238.904,516.061
2025-12-03 15:59:21,mlx5_4,0.000,0.000,0.000,0.000
2025-12-03 15:59:21,mlx5_5,0.000,0.000,238.500,514.348
2025-12-03 15:59:21,mlx5_6,0.000,0.000,0.000,0.000
2025-12-03 15:59:21,mlx5_7,0.000,0.000,0.000,0.000
2025-12-03 15:59:21,mlx5_8,0.000,0.000,238.352,513.744
2025-12-03 15:59:21,mlx5_9,0.000,0.000,0.000,0.000
2025-12-03 15:59:21,TOTAL,0.000,0.000,941.985,2045.150
2025-12-03 15:59:22,mlx5_0,0.000,0.000,0.000,0.000
2025-12-03 15:59:22,mlx5_1,9.308,0.013,227.397,500.999
2025-12-03 15:59:22,mlx5_2,0.000,0.000,0.000,0.000
2025-12-03 15:59:22,mlx5_3,9.318,0.014,240.075,516.063
2025-12-03 15:59:22,mlx5_4,0.000,0.000,0.000,0.000
2025-12-03 15:59:22,mlx5_5,9.242,0.014,239.661,514.350
2025-12-03 15:59:22,mlx5_6,0.000,0.000,0.000,0.000
2025-12-03 15:59:22,mlx5_7,0.000,0.000,0.000,0.000
2025-12-03 15:59:22,mlx5_8,9.352,0.013,239.527,513.745
2025-12-03 15:59:22,mlx5_9,0.000,0.000,0.000,0.000
2025-12-03 15:59:22,TOTAL,37.220,0.053,946.660,2045.157
2025-12-03 15:59:23,mlx5_0,0.000,0.000,0.000,0.000
2025-12-03 15:59:23,mlx5_1,0.000,0.000,227.397,500.999
2025-12-03 15:59:23,mlx5_2,0.000,0.000,0.000,0.000
2025-12-03 15:59:23,mlx5_3,0.000,0.000,240.075,516.063
2025-12-03 15:59:23,mlx5_4,0.000,0.000,0.000,0.000
2025-12-03 15:59:23,mlx5_5,0.000,0.000,239.661,514.350
2025-12-03 15:59:23,mlx5_6,0.000,0.000,0.000,0.000
2025-12-03 15:59:23,mlx5_7,0.000,0.000,0.000,0.000
2025-12-03 15:59:23,mlx5_8,0.000,0.000,239.527,513.745
2025-12-03 15:59:23,mlx5_9,0.000,0.000,0.000,0.000
2025-12-03 15:59:23,TOTAL,0.000,0.000,946.660,2045.157
2025-12-03 15:59:24,mlx5_0,0.000,0.000,0.000,0.000
2025-12-03 15:59:24,mlx5_1,0.000,0.000,227.397,500.999
2025-12-03 15:59:24,mlx5_2,0.000,0.000,0.000,0.000
2025-12-03 15:59:24,mlx5_3,0.000,0.000,240.075,516.063
2025-12-03 15:59:24,mlx5_4,0.000,0.000,0.000,0.000
2025-12-03 15:59:24,mlx5_5,0.000,0.000,239.661,514.350
2025-12-03 15:59:24,mlx5_6,0.000,0.000,0.000,0.000
2025-12-03 15:59:24,mlx5_7,0.000,0.000,0.000,0.000
2025-12-03 15:59:24,mlx5_8,0.000,0.000,239.527,513.745
2025-12-03 15:59:24,mlx5_9,0.000,0.000,0.000,0.000
2025-12-03 15:59:24,TOTAL,0.000,0.000,946.660,2045.157
2025-12-03 15:59:25,mlx5_0,0.000,0.000,0.000,0.000
2025-12-03 15:59:25,mlx5_1,0.000,0.000,227.397,500.999
2025-12-03 15:59:25,mlx5_2,0.000,0.000,0.000,0.000
2025-12-03 15:59:25,mlx5_3,0.000,0.000,240.075,516.063
2025-12-03 15:59:25,mlx5_4,0.000,0.000,0.000,0.000
2025-12-03 15:59:25,mlx5_5,0.000,0.000,239.661,514.350
2025-12-03 15:59:25,mlx5_6,0.000,0.000,0.000,0.000
2025-12-03 15:59:25,mlx5_7,0.000,0.000,0.000,0.000
2025-12-03 15:59:25,mlx5_8,0.000,0.000,239.527,513.745
2025-12-03 15:59:25,mlx5_9,0.000,0.000,0.000,0.000
2025-12-03 15:59:25,TOTAL,0.000,0.000,946.660,2045.157
2025-12-03 15:59:26,mlx5_0,0.000,0.000,0.000,0.000
2025-12-03 15:59:26,mlx5_1,8.179,0.011,228.424,501.000
2025-12-03 15:59:26,mlx5_2,0.000,0.000,0.000,0.000
2025-12-03 15:59:26,mlx5_3,7.921,0.011,241.069,516.065
2025-12-03 15:59:26,mlx5_4,0.000,0.000,0.000,0.000
2025-12-03 15:59:26,mlx5_5,7.882,0.011,240.650,514.352
2025-12-03 15:59:26,mlx5_6,0.000,0.000,0.000,0.000
2025-12-03 15:59:26,mlx5_7,0.000,0.000,0.000,0.000
2025-12-03 15:59:26,mlx5_8,7.952,0.011,240.525,513.747
2025-12-03 15:59:26,mlx5_9,0.000,0.000,0.000,0.000
2025-12-03 15:59:26,TOTAL,31.935,0.044,950.668,2045.163
2025-12-03 15:59:27,mlx5_0,0.000,0.000,0.000,0.000
2025-12-03 15:59:27,mlx5_1,1.197,0.002,228.574,501.000
2025-12-03 15:59:27,mlx5_2,0.000,0.000,0.000,0.000
2025-12-03 15:59:27,mlx5_3,1.368,0.002,241.241,516.065
2025-12-03 15:59:27,mlx5_4,0.000,0.000,0.000,0.000
2025-12-03 15:59:27,mlx5_5,1.399,0.002,240.826,514.352
2025-12-03 15:59:27,mlx5_6,0.000,0.000,0.000,0.000
2025-12-03 15:59:27,mlx5_7,0.000,0.000,0.000,0.000
2025-12-03 15:59:27,mlx5_8,1.343,0.002,240.694,513.747
2025-12-03 15:59:27,mlx5_9,0.000,0.000,0.000,0.000
2025-12-03 15:59:27,TOTAL,5.306,0.009,951.335,2045.164
2025-12-03 15:59:28,mlx5_0,0.000,0.000,0.000,0.000
2025-12-03 15:59:28,mlx5_1,0.000,0.000,228.574,501.000
2025-12-03 15:59:28,mlx5_2,0.000,0.000,0.000,0.000
2025-12-03 15:59:28,mlx5_3,0.000,0.000,241.241,516.065
2025-12-03 15:59:28,mlx5_4,0.000,0.000,0.000,0.000
2025-12-03 15:59:28,mlx5_5,0.000,0.000,240.826,514.352
2025-12-03 15:59:28,mlx5_6,0.000,0.000,0.000,0.000
2025-12-03 15:59:28,mlx5_7,0.000,0.000,0.000,0.000
2025-12-03 15:59:28,mlx5_8,0.000,0.000,240.694,513.747
2025-12-03 15:59:28,mlx5_9,0.000,0.000,0.000,0.000
2025-12-03 15:59:28,TOTAL,0.000,0.000,951.335,2045.164
2025-12-03 15:59:29,mlx5_0,0.000,0.000,0.000,0.000
2025-12-03 15:59:29,mlx5_1,0.000,0.000,228.574,501.000
2025-12-03 15:59:29,mlx5_2,0.000,0.000,0.000,0.000
2025-12-03 15:59:29,mlx5_3,0.000,0.000,241.241,516.065
2025-12-03 15:59:29,mlx5_4,0.000,0.000,0.000,0.000
2025-12-03 15:59:29,mlx5_5,0.000,0.000,240.826,514.352
2025-12-03 15:59:29,mlx5_6,0.000,0.000,0.000,0.000
2025-12-03 15:59:29,mlx5_7,0.000,0.000,0.000,0.000
2025-12-03 15:59:29,mlx5_8,0.000,0.000,240.694,513.747
2025-12-03 15:59:29,mlx5_9,0.000,0.000,0.000,0.000
2025-12-03 15:59:29,TOTAL,0.000,0.000,951.335,2045.164
2025-12-03 15:59:30,mlx5_0,0.000,0.000,0.000,0.000
2025-12-03 15:59:30,mlx5_1,0.000,0.000,228.574,501.000
2025-12-03 15:59:30,mlx5_2,0.000,0.000,0.000,0.000
2025-12-03 15:59:30,mlx5_3,0.000,0.000,241.241,516.065
2025-12-03 15:59:30,mlx5_4,0.000,0.000,0.000,0.000
2025-12-03 15:59:30,mlx5_5,0.000,0.000,240.826,514.352
2025-12-03 15:59:30,mlx5_6,0.000,0.000,0.000,0.000
2025-12-03 15:59:30,mlx5_7,0.000,0.000,0.000,0.000
2025-12-03 15:59:30,mlx5_8,0.000,0.000,240.694,513.747
2025-12-03 15:59:30,mlx5_9,0.000,0.000,0.000,0.000
2025-12-03 15:59:30,TOTAL,0.000,0.000,951.335,2045.164
2025-12-03 15:59:31,mlx5_0,0.000,0.000,0.000,0.000
2025-12-03 15:59:31,mlx5_1,9.330,57.333,229.746,508.198
2025-12-03 15:59:31,mlx5_2,0.000,0.000,0.000,0.000
2025-12-03 15:59:31,mlx5_3,9.595,56.343,242.446,523.139
2025-12-03 15:59:31,mlx5_4,0.000,0.000,0.000,0.000
2025-12-03 15:59:31,mlx5_5,9.321,56.824,241.997,521.486
2025-12-03 15:59:31,mlx5_6,0.000,0.000,0.000,0.000
2025-12-03 15:59:31,mlx5_7,0.000,0.000,0.000,0.000
2025-12-03 15:59:31,mlx5_8,9.512,56.191,241.888,520.802
2025-12-03 15:59:31,mlx5_9,0.000,0.000,0.000,0.000
2025-12-03 15:59:31,TOTAL,37.758,226.690,956.076,2073.625
2025-12-03 15:59:32,mlx5_0,0.000,0.000,0.000,0.000
2025-12-03 15:59:32,mlx5_1,0.000,0.023,229.746,508.201
2025-12-03 15:59:32,mlx5_2,0.000,0.000,0.000,0.000
2025-12-03 15:59:32,mlx5_3,0.000,0.000,242.446,523.139
2025-12-03 15:59:32,mlx5_4,0.000,0.000,0.000,0.000
2025-12-03 15:59:32,mlx5_5,0.000,0.000,241.997,521.486
2025-12-03 15:59:32,mlx5_6,0.000,0.000,0.000,0.000
2025-12-03 15:59:32,mlx5_7,0.000,0.000,0.000,0.000
2025-12-03 15:59:32,mlx5_8,0.000,0.000,241.888,520.802
2025-12-03 15:59:32,mlx5_9,0.000,0.000,0.000,0.000
2025-12-03 15:59:32,TOTAL,0.000,0.023,956.076,2073.628
2025-12-03 15:59:33,mlx5_0,0.000,0.000,0.000,0.000
2025-12-03 15:59:33,mlx5_1,0.000,0.000,229.746,508.201
2025-12-03 15:59:33,mlx5_2,0.000,0.000,0.000,0.000
2025-12-03 15:59:33,mlx5_3,0.000,0.000,242.446,523.139
2025-12-03 15:59:33,mlx5_4,0.000,0.000,0.000,0.000
2025-12-03 15:59:33,mlx5_5,0.000,0.000,241.997,521.486
2025-12-03 15:59:33,mlx5_6,0.000,0.000,0.000,0.000
2025-12-03 15:59:33,mlx5_7,0.000,0.000,0.000,0.000
2025-12-03 15:59:33,mlx5_8,0.000,0.000,241.888,520.802
2025-12-03 15:59:33,mlx5_9,0.000,0.000,0.000,0.000
2025-12-03 15:59:33,TOTAL,0.000,0.000,956.076,2073.628
2025-12-03 15:59:34,mlx5_0,0.000,0.000,0.000,0.000
2025-12-03 15:59:34,mlx5_1,0.000,0.000,229.746,508.201
2025-12-03 15:59:34,mlx5_2,0.000,0.000,0.000,0.000
2025-12-03 15:59:34,mlx5_3,0.000,0.000,242.446,523.139
2025-12-03 15:59:34,mlx5_4,0.000,0.000,0.000,0.000
2025-12-03 15:59:34,mlx5_5,0.000,0.000,241.997,521.486
2025-12-03 15:59:34,mlx5_6,0.000,0.000,0.000,0.000
2025-12-03 15:59:34,mlx5_7,0.000,0.000,0.000,0.000
2025-12-03 15:59:34,mlx5_8,0.000,0.000,241.888,520.802
2025-12-03 15:59:34,mlx5_9,0.000,0.000,0.000,0.000
2025-12-03 15:59:34,TOTAL,0.000,0.000,956.076,2073.628
2025-12-03 15:59:35,mlx5_0,0.000,0.000,0.000,0.000
2025-12-03 15:59:35,mlx5_1,0.000,0.000,229.746,508.201
2025-12-03 15:59:35,mlx5_2,0.000,0.000,0.000,0.000
2025-12-03 15:59:35,mlx5_3,0.000,0.000,242.446,523.139
2025-12-03 15:59:35,mlx5_4,0.000,0.000,0.000,0.000
2025-12-03 15:59:35,mlx5_5,0.000,0.000,241.997,521.486
2025-12-03 15:59:35,mlx5_6,0.000,0.000,0.000,0.000
2025-12-03 15:59:35,mlx5_7,0.000,0.000,0.000,0.000
2025-12-03 15:59:35,mlx5_8,0.000,0.000,241.888,520.802
2025-12-03 15:59:35,mlx5_9,0.000,0.000,0.000,0.000
2025-12-03 15:59:35,TOTAL,0.000,0.000,956.076,2073.628
2025-12-03 15:59:36,mlx5_0,0.000,0.000,0.000,0.000
2025-12-03 15:59:36,mlx5_1,9.577,0.013,230.948,508.203
2025-12-03 15:59:36,mlx5_2,0.000,0.000,0.000,0.000
2025-12-03 15:59:36,mlx5_3,9.533,0.014,243.642,523.141
2025-12-03 15:59:36,mlx5_4,0.000,0.000,0.000,0.000
2025-12-03 15:59:36,mlx5_5,9.440,0.014,243.182,521.488
2025-12-03 15:59:36,mlx5_6,0.000,0.000,0.000,0.000
2025-12-03 15:59:36,mlx5_7,0.000,0.000,0.000,0.000
2025-12-03 15:59:36,mlx5_8,9.424,0.013,243.071,520.803
2025-12-03 15:59:36,mlx5_9,0.000,0.000,0.000,0.000
2025-12-03 15:59:36,TOTAL,37.974,0.054,960.843,2073.635
2025-12-03 15:59:37,mlx5_0,0.000,0.000,0.000,0.000
2025-12-03 15:59:37,mlx5_1,0.000,0.000,230.948,508.203
2025-12-03 15:59:37,mlx5_2,0.000,0.000,0.000,0.000
2025-12-03 15:59:37,mlx5_3,0.000,0.000,243.642,523.141
2025-12-03 15:59:37,mlx5_4,0.000,0.000,0.000,0.000
2025-12-03 15:59:37,mlx5_5,0.000,0.000,243.182,521.488
2025-12-03 15:59:37,mlx5_6,0.000,0.000,0.000,0.000
2025-12-03 15:59:37,mlx5_7,0.000,0.000,0.000,0.000
2025-12-03 15:59:37,mlx5_8,0.000,0.000,243.071,520.803
2025-12-03 15:59:37,mlx5_9,0.000,0.000,0.000,0.000
2025-12-03 15:59:37,TOTAL,0.000,0.000,960.843,2073.635
2025-12-03 15:59:38,mlx5_0,0.000,0.000,0.000,0.000
2025-12-03 15:59:38,mlx5_1,0.000,0.000,230.948,508.203
2025-12-03 15:59:38,mlx5_2,0.000,0.000,0.000,0.000
2025-12-03 15:59:38,mlx5_3,0.000,0.000,243.642,523.141
2025-12-03 15:59:38,mlx5_4,0.000,0.000,0.000,0.000
2025-12-03 15:59:38,mlx5_5,0.000,0.000,243.182,521.488
2025-12-03 15:59:38,mlx5_6,0.000,0.000,0.000,0.000
2025-12-03 15:59:38,mlx5_7,0.000,0.000,0.000,0.000
2025-12-03 15:59:38,mlx5_8,0.000,0.000,243.071,520.803
2025-12-03 15:59:38,mlx5_9,0.000,0.000,0.000,0.000
2025-12-03 15:59:38,TOTAL,0.000,0.000,960.843,2073.635
2025-12-03 15:59:39,mlx5_0,0.000,0.000,0.000,0.000
2025-12-03 15:59:39,mlx5_1,9.333,0.013,232.119,508.205
2025-12-03 15:59:39,mlx5_2,0.000,0.000,0.000,0.000
2025-12-03 15:59:39,mlx5_3,9.278,0.014,244.807,523.142
2025-12-03 15:59:39,mlx5_4,0.000,0.000,0.000,0.000
2025-12-03 15:59:39,mlx5_5,9.257,0.014,244.344,521.490
2025-12-03 15:59:39,mlx5_6,0.000,0.000,0.000,0.000
2025-12-03 15:59:39,mlx5_7,0.000,0.000,0.000,0.000
2025-12-03 15:59:39,mlx5_8,9.376,0.013,244.248,520.805
2025-12-03 15:59:39,mlx5_9,0.000,0.000,0.000,0.000
2025-12-03 15:59:39,TOTAL,37.244,0.053,965.518,2073.641
2025-12-03 15:59:40,mlx5_0,0.000,0.000,0.000,0.000
2025-12-03 15:59:40,mlx5_1,0.000,0.000,232.119,508.205
2025-12-03 15:59:40,mlx5_2,0.000,0.000,0.000,0.000
2025-12-03 15:59:40,mlx5_3,0.000,0.000,244.807,523.142
2025-12-03 15:59:40,mlx5_4,0.000,0.000,0.000,0.000
2025-12-03 15:59:40,mlx5_5,0.000,0.000,244.344,521.490
2025-12-03 15:59:40,mlx5_6,0.000,0.000,0.000,0.000
2025-12-03 15:59:40,mlx5_7,0.000,0.000,0.000,0.000
2025-12-03 15:59:40,mlx5_8,0.000,0.000,244.248,520.805
2025-12-03 15:59:40,mlx5_9,0.000,0.000,0.000,0.000
2025-12-03 15:59:40,TOTAL,0.000,0.000,965.518,2073.641
2025-12-03 15:59:41,mlx5_0,0.000,0.000,0.000,0.000
2025-12-03 15:59:41,mlx5_1,0.000,0.000,232.119,508.205
2025-12-03 15:59:41,mlx5_2,0.000,0.000,0.000,0.000
2025-12-03 15:59:41,mlx5_3,0.000,0.000,244.807,523.142
2025-12-03 15:59:41,mlx5_4,0.000,0.000,0.000,0.000
2025-12-03 15:59:41,mlx5_5,0.000,0.000,244.344,521.490
2025-12-03 15:59:41,mlx5_6,0.000,0.000,0.000,0.000
2025-12-03 15:59:41,mlx5_7,0.000,0.000,0.000,0.000
2025-12-03 15:59:41,mlx5_8,0.000,0.000,244.248,520.805
2025-12-03 15:59:41,mlx5_9,0.000,0.000,0.000,0.000
2025-12-03 15:59:41,TOTAL,0.000,0.000,965.518,2073.641
2025-12-03 15:59:42,mlx5_0,0.000,0.000,0.000,0.000
2025-12-03 15:59:42,mlx5_1,0.000,0.000,232.119,508.205
2025-12-03 15:59:42,mlx5_2,0.000,0.000,0.000,0.000
2025-12-03 15:59:42,mlx5_3,0.000,0.000,244.807,523.142
2025-12-03 15:59:42,mlx5_4,0.000,0.000,0.000,0.000
2025-12-03 15:59:42,mlx5_5,0.000,0.000,244.344,521.490
2025-12-03 15:59:42,mlx5_6,0.000,0.000,0.000,0.000
2025-12-03 15:59:42,mlx5_7,0.000,0.000,0.000,0.000
2025-12-03 15:59:42,mlx5_8,0.000,0.000,244.248,520.805
2025-12-03 15:59:42,mlx5_9,0.000,0.000,0.000,0.000
2025-12-03 15:59:42,TOTAL,0.000,0.000,965.518,2073.641
2025-12-03 15:59:43,mlx5_0,0.000,0.000,0.000,0.000
2025-12-03 15:59:43,mlx5_1,9.456,0.013,233.307,508.206
2025-12-03 15:59:43,mlx5_2,0.000,0.000,0.000,0.000
2025-12-03 15:59:43,mlx5_3,9.274,0.014,245.972,523.144
2025-12-03 15:59:43,mlx5_4,0.000,0.000,0.000,0.000
2025-12-03 15:59:43,mlx5_5,9.137,0.013,245.492,521.491
2025-12-03 15:59:43,mlx5_6,0.000,0.000,0.000,0.000
2025-12-03 15:59:43,mlx5_7,0.000,0.000,0.000,0.000
2025-12-03 15:59:43,mlx5_8,9.346,0.013,245.422,520.807
2025-12-03 15:59:43,mlx5_9,0.000,0.000,0.000,0.000
2025-12-03 15:59:43,TOTAL,37.213,0.053,970.194,2073.648
2025-12-03 15:59:45,mlx5_0,0.000,0.000,0.000,0.000
2025-12-03 15:59:45,mlx5_1,0.000,0.000,233.307,508.206
2025-12-03 15:59:45,mlx5_2,0.000,0.000,0.000,0.000
2025-12-03 15:59:45,mlx5_3,0.000,0.000,245.972,523.144
2025-12-03 15:59:45,mlx5_4,0.000,0.000,0.000,0.000
2025-12-03 15:59:45,mlx5_5,0.000,0.000,245.492,521.491
2025-12-03 15:59:45,mlx5_6,0.000,0.000,0.000,0.000
2025-12-03 15:59:45,mlx5_7,0.000,0.000,0.000,0.000
2025-12-03 15:59:45,mlx5_8,0.000,0.000,245.422,520.807
2025-12-03 15:59:45,mlx5_9,0.000,0.000,0.000,0.000
2025-12-03 15:59:45,TOTAL,0.000,0.000,970.194,2073.648
2025-12-03 15:59:46,mlx5_0,0.000,0.000,0.000,0.000
2025-12-03 15:59:46,mlx5_1,0.000,0.000,233.307,508.206
2025-12-03 15:59:46,mlx5_2,0.000,0.000,0.000,0.000
2025-12-03 15:59:46,mlx5_3,0.000,0.000,245.972,523.144
2025-12-03 15:59:46,mlx5_4,0.000,0.000,0.000,0.000
2025-12-03 15:59:46,mlx5_5,0.000,0.000,245.492,521.491
2025-12-03 15:59:46,mlx5_6,0.000,0.000,0.000,0.000
2025-12-03 15:59:46,mlx5_7,0.000,0.000,0.000,0.000
2025-12-03 15:59:46,mlx5_8,0.000,0.000,245.422,520.807
2025-12-03 15:59:46,mlx5_9,0.000,0.000,0.000,0.000
2025-12-03 15:59:46,TOTAL,0.000,0.000,970.194,2073.648
2025-12-03 15:59:47,mlx5_0,0.000,0.000,0.000,0.000
2025-12-03 15:59:47,mlx5_1,7.518,0.010,234.252,508.208
2025-12-03 15:59:47,mlx5_2,0.000,0.000,0.000,0.000
2025-12-03 15:59:47,mlx5_3,7.366,0.011,246.897,523.145
2025-12-03 15:59:47,mlx5_4,0.000,0.000,0.000,0.000
2025-12-03 15:59:47,mlx5_5,7.388,0.011,246.420,521.493
2025-12-03 15:59:47,mlx5_6,0.000,0.000,0.000,0.000
2025-12-03 15:59:47,mlx5_7,0.000,0.000,0.000,0.000
2025-12-03 15:59:47,mlx5_8,7.460,0.010,246.359,520.808
2025-12-03 15:59:47,mlx5_9,0.000,0.000,0.000,0.000
2025-12-03 15:59:47,TOTAL,29.732,0.042,973.928,2073.653
2025-12-03 15:59:48,mlx5_0,0.000,0.000,0.000,0.000
2025-12-03 15:59:48,mlx5_1,1.923,0.003,234.493,508.208
2025-12-03 15:59:48,mlx5_2,0.000,0.000,0.000,0.000
2025-12-03 15:59:48,mlx5_3,1.924,0.003,247.139,523.146
2025-12-03 15:59:48,mlx5_4,0.000,0.000,0.000,0.000
2025-12-03 15:59:48,mlx5_5,1.811,0.003,246.647,521.493
2025-12-03 15:59:48,mlx5_6,0.000,0.000,0.000,0.000
2025-12-03 15:59:48,mlx5_7,0.000,0.000,0.000,0.000
2025-12-03 15:59:48,mlx5_8,1.834,0.003,246.590,520.808
2025-12-03 15:59:48,mlx5_9,0.000,0.000,0.000,0.000
2025-12-03 15:59:48,TOTAL,7.493,0.011,974.869,2073.655
2025-12-03 15:59:49,mlx5_0,0.000,0.000,0.000,0.000
2025-12-03 15:59:49,mlx5_1,0.000,0.000,234.493,508.208
2025-12-03 15:59:49,mlx5_2,0.000,0.000,0.000,0.000
2025-12-03 15:59:49,mlx5_3,0.000,0.000,247.139,523.146
2025-12-03 15:59:49,mlx5_4,0.000,0.000,0.000,0.000
2025-12-03 15:59:49,mlx5_5,0.000,0.000,246.647,521.493
2025-12-03 15:59:49,mlx5_6,0.000,0.000,0.000,0.000
2025-12-03 15:59:49,mlx5_7,0.000,0.000,0.000,0.000
2025-12-03 15:59:49,mlx5_8,0.000,0.000,246.590,520.808
2025-12-03 15:59:49,mlx5_9,0.000,0.000,0.000,0.000
2025-12-03 15:59:49,TOTAL,0.000,0.000,974.869,2073.655
2025-12-03 15:59:50,mlx5_0,0.000,0.000,0.000,0.000
2025-12-03 15:59:50,mlx5_1,0.000,0.000,234.493,508.208
2025-12-03 15:59:50,mlx5_2,0.000,0.000,0.000,0.000
2025-12-03 15:59:50,mlx5_3,0.000,0.000,247.139,523.146
2025-12-03 15:59:50,mlx5_4,0.000,0.000,0.000,0.000
2025-12-03 15:59:50,mlx5_5,0.000,0.000,246.647,521.493
2025-12-03 15:59:50,mlx5_6,0.000,0.000,0.000,0.000
2025-12-03 15:59:50,mlx5_7,0.000,0.000,0.000,0.000
2025-12-03 15:59:50,mlx5_8,0.000,0.000,246.590,520.808
2025-12-03 15:59:50,mlx5_9,0.000,0.000,0.000,0.000
2025-12-03 15:59:50,TOTAL,0.000,0.000,974.869,2073.655
2025-12-03 15:59:51,mlx5_0,0.000,0.000,0.000,0.000
2025-12-03 15:59:51,mlx5_1,2.394,0.003,234.794,508.208
2025-12-03 15:59:51,mlx5_2,0.000,0.000,0.000,0.000
2025-12-03 15:59:51,mlx5_3,2.332,0.004,247.432,523.146
2025-12-03 15:59:51,mlx5_4,0.000,0.000,0.000,0.000
2025-12-03 15:59:51,mlx5_5,2.492,0.004,246.960,521.493
2025-12-03 15:59:51,mlx5_6,0.000,0.000,0.000,0.000
2025-12-03 15:59:51,mlx5_7,0.000,0.000,0.000,0.000
2025-12-03 15:59:51,mlx5_8,2.458,0.004,246.898,520.809
2025-12-03 15:59:51,mlx5_9,0.000,0.000,0.000,0.000
2025-12-03 15:59:51,TOTAL,9.676,0.014,976.084,2073.657
2025-12-03 15:59:52,mlx5_0,0.000,0.000,0.000,0.000
2025-12-03 15:59:52,mlx5_1,6.938,0.009,235.665,508.209
2025-12-03 15:59:52,mlx5_2,0.000,0.000,0.000,0.000
2025-12-03 15:59:52,mlx5_3,6.919,0.010,248.300,523.147
2025-12-03 15:59:52,mlx5_4,0.000,0.000,0.000,0.000
2025-12-03 15:59:52,mlx5_5,6.828,0.010,247.817,521.495
2025-12-03 15:59:52,mlx5_6,0.000,0.000,0.000,0.000
2025-12-03 15:59:52,mlx5_7,0.000,0.000,0.000,0.000
2025-12-03 15:59:52,mlx5_8,6.884,0.009,247.762,520.810
2025-12-03 15:59:52,mlx5_9,0.000,0.000,0.000,0.000
2025-12-03 15:59:52,TOTAL,27.569,0.039,979.545,2073.661
2025-12-03 15:59:53,mlx5_0,0.000,0.000,0.000,0.000
2025-12-03 15:59:53,mlx5_1,0.000,0.000,235.665,508.209
2025-12-03 15:59:53,mlx5_2,0.000,0.000,0.000,0.000
2025-12-03 15:59:53,mlx5_3,0.000,0.000,248.300,523.147
2025-12-03 15:59:53,mlx5_4,0.000,0.000,0.000,0.000
2025-12-03 15:59:53,mlx5_5,0.000,0.000,247.817,521.495
2025-12-03 15:59:53,mlx5_6,0.000,0.000,0.000,0.000
2025-12-03 15:59:53,mlx5_7,0.000,0.000,0.000,0.000
2025-12-03 15:59:53,mlx5_8,0.000,0.000,247.762,520.810
2025-12-03 15:59:53,mlx5_9,0.000,0.000,0.000,0.000
2025-12-03 15:59:53,TOTAL,0.000,0.000,979.545,2073.661
2025-12-03 15:59:54,mlx5_0,0.000,0.000,0.000,0.000
2025-12-03 15:59:54,mlx5_1,0.000,0.000,235.665,508.209
2025-12-03 15:59:54,mlx5_2,0.000,0.000,0.000,0.000
2025-12-03 15:59:54,mlx5_3,0.000,0.000,248.300,523.147
2025-12-03 15:59:54,mlx5_4,0.000,0.000,0.000,0.000
2025-12-03 15:59:54,mlx5_5,0.000,0.000,247.817,521.495
2025-12-03 15:59:54,mlx5_6,0.000,0.000,0.000,0.000
2025-12-03 15:59:54,mlx5_7,0.000,0.000,0.000,0.000
2025-12-03 15:59:54,mlx5_8,0.000,0.000,247.762,520.810
2025-12-03 15:59:54,mlx5_9,0.000,0.000,0.000,0.000
2025-12-03 15:59:54,TOTAL,0.000,0.000,979.545,2073.661
2025-12-03 15:59:55,mlx5_0,0.000,0.000,0.000,0.000
2025-12-03 15:59:55,mlx5_1,0.000,0.000,235.665,508.209
2025-12-03 15:59:55,mlx5_2,0.000,0.000,0.000,0.000
2025-12-03 15:59:55,mlx5_3,0.000,0.000,248.300,523.147
2025-12-03 15:59:55,mlx5_4,0.000,0.000,0.000,0.000
2025-12-03 15:59:55,mlx5_5,0.000,0.000,247.817,521.495
2025-12-03 15:59:55,mlx5_6,0.000,0.000,0.000,0.000
2025-12-03 15:59:55,mlx5_7,0.000,0.000,0.000,0.000
2025-12-03 15:59:55,mlx5_8,0.000,0.000,247.762,520.810
2025-12-03 15:59:55,mlx5_9,0.000,0.000,0.000,0.000
2025-12-03 15:59:55,TOTAL,0.000,0.000,979.545,2073.661
2025-12-03 15:59:56,mlx5_0,0.000,0.000,0.000,0.000
2025-12-03 15:59:56,mlx5_1,9.228,30.636,236.824,512.057
2025-12-03 15:59:56,mlx5_2,0.000,0.000,0.000,0.000
2025-12-03 15:59:56,mlx5_3,9.168,30.362,249.452,526.961
2025-12-03 15:59:56,mlx5_4,0.000,0.000,0.000,0.000
2025-12-03 15:59:56,mlx5_5,9.593,30.348,249.022,525.307
2025-12-03 15:59:56,mlx5_6,0.000,0.000,0.000,0.000
2025-12-03 15:59:56,mlx5_7,0.000,0.000,0.000,0.000
2025-12-03 15:59:56,mlx5_8,9.463,30.726,248.951,524.669
2025-12-03 15:59:56,mlx5_9,0.000,0.000,0.000,0.000
2025-12-03 15:59:56,TOTAL,37.453,122.072,984.249,2088.994
2025-12-03 15:59:57,mlx5_0,0.000,0.000,0.000,0.000
2025-12-03 15:59:57,mlx5_1,0.082,26.555,236.834,515.395
2025-12-03 15:59:57,mlx5_2,0.000,0.000,0.000,0.000
2025-12-03 15:59:57,mlx5_3,0.063,26.356,249.460,530.274
2025-12-03 15:59:57,mlx5_4,0.000,0.000,0.000,0.000
2025-12-03 15:59:57,mlx5_5,0.063,25.963,249.030,528.570
2025-12-03 15:59:57,mlx5_6,0.000,0.000,0.000,0.000
2025-12-03 15:59:57,mlx5_7,0.000,0.000,0.000,0.000
2025-12-03 15:59:57,mlx5_8,0.076,25.610,248.961,527.888
2025-12-03 15:59:57,mlx5_9,0.000,0.000,0.000,0.000
2025-12-03 15:59:57,TOTAL,0.283,104.484,984.284,2102.126
2025-12-03 15:59:58,mlx5_0,0.000,0.000,0.000,0.000
2025-12-03 15:59:58,mlx5_1,0.000,0.000,236.834,515.395
2025-12-03 15:59:58,mlx5_2,0.000,0.000,0.000,0.000
2025-12-03 15:59:58,mlx5_3,0.000,0.000,249.460,530.274
2025-12-03 15:59:58,mlx5_4,0.000,0.000,0.000,0.000
2025-12-03 15:59:58,mlx5_5,0.000,0.000,249.030,528.570
2025-12-03 15:59:58,mlx5_6,0.000,0.000,0.000,0.000
2025-12-03 15:59:58,mlx5_7,0.000,0.000,0.000,0.000
2025-12-03 15:59:58,mlx5_8,0.000,0.000,248.961,527.888
2025-12-03 15:59:58,mlx5_9,0.000,0.000,0.000,0.000
2025-12-03 15:59:58,TOTAL,0.000,0.000,984.284,2102.126
2025-12-03 15:59:59,mlx5_0,0.000,0.000,0.000,0.000
2025-12-03 15:59:59,mlx5_1,0.000,0.000,236.834,515.395
2025-12-03 15:59:59,mlx5_2,0.000,0.000,0.000,0.000
2025-12-03 15:59:59,mlx5_3,0.000,0.000,249.460,530.274
2025-12-03 15:59:59,mlx5_4,0.000,0.000,0.000,0.000
2025-12-03 15:59:59,mlx5_5,0.000,0.000,249.030,528.570
2025-12-03 15:59:59,mlx5_6,0.000,0.000,0.000,0.000
2025-12-03 15:59:59,mlx5_7,0.000,0.000,0.000,0.000
2025-12-03 15:59:59,mlx5_8,0.000,0.000,248.961,527.888
2025-12-03 15:59:59,mlx5_9,0.000,0.000,0.000,0.000
2025-12-03 15:59:59,TOTAL,0.000,0.000,984.284,2102.126
2025-12-03 16:00:00,mlx5_0,0.000,0.000,0.000,0.000
2025-12-03 16:00:00,mlx5_1,0.000,0.000,236.834,515.395
2025-12-03 16:00:00,mlx5_2,0.000,0.000,0.000,0.000
2025-12-03 16:00:00,mlx5_3,0.000,0.000,249.460,530.274
2025-12-03 16:00:00,mlx5_4,0.000,0.000,0.000,0.000
2025-12-03 16:00:00,mlx5_5,0.000,0.000,249.030,528.570
2025-12-03 16:00:00,mlx5_6,0.000,0.000,0.000,0.000
2025-12-03 16:00:00,mlx5_7,0.000,0.000,0.000,0.000
2025-12-03 16:00:00,mlx5_8,0.000,0.000,248.961,527.888
2025-12-03 16:00:00,mlx5_9,0.000,0.000,0.000,0.000
2025-12-03 16:00:00,TOTAL,0.000,0.000,984.284,2102.126
2025-12-03 16:00:01,mlx5_0,0.000,0.000,0.000,0.000
2025-12-03 16:00:01,mlx5_1,6.289,0.009,237.623,515.396
2025-12-03 16:00:01,mlx5_2,0.000,0.000,0.000,0.000
2025-12-03 16:00:01,mlx5_3,6.331,0.009,250.254,530.275
2025-12-03 16:00:01,mlx5_4,0.000,0.000,0.000,0.000
2025-12-03 16:00:01,mlx5_5,6.258,0.009,249.815,528.571
2025-12-03 16:00:01,mlx5_6,0.000,0.000,0.000,0.000
2025-12-03 16:00:01,mlx5_7,0.000,0.000,0.000,0.000
2025-12-03 16:00:01,mlx5_8,6.427,0.009,249.767,527.889
2025-12-03 16:00:01,mlx5_9,0.000,0.000,0.000,0.000
2025-12-03 16:00:01,TOTAL,25.306,0.036,987.460,2102.131
2025-12-03 16:00:02,mlx5_0,0.000,0.000,0.000,0.000
2025-12-03 16:00:02,mlx5_1,2.681,0.004,237.960,515.397
2025-12-03 16:00:02,mlx5_2,0.000,0.000,0.000,0.000
2025-12-03 16:00:02,mlx5_3,2.612,0.004,250.583,530.275
2025-12-03 16:00:02,mlx5_4,0.000,0.000,0.000,0.000
2025-12-03 16:00:02,mlx5_5,2.510,0.004,250.131,528.571
2025-12-03 16:00:02,mlx5_6,0.000,0.000,0.000,0.000
2025-12-03 16:00:02,mlx5_7,0.000,0.000,0.000,0.000
2025-12-03 16:00:02,mlx5_8,2.534,0.004,250.086,527.889
2025-12-03 16:00:02,mlx5_9,0.000,0.000,0.000,0.000
2025-12-03 16:00:02,TOTAL,10.337,0.016,988.759,2102.133
2025-12-03 16:00:03,mlx5_0,0.000,0.000,0.000,0.000
2025-12-03 16:00:03,mlx5_1,0.000,0.000,237.960,515.397
2025-12-03 16:00:03,mlx5_2,0.000,0.000,0.000,0.000
2025-12-03 16:00:03,mlx5_3,0.000,0.000,250.583,530.275
2025-12-03 16:00:03,mlx5_4,0.000,0.000,0.000,0.000
2025-12-03 16:00:03,mlx5_5,0.000,0.000,250.131,528.571
2025-12-03 16:00:03,mlx5_6,0.000,0.000,0.000,0.000
2025-12-03 16:00:03,mlx5_7,0.000,0.000,0.000,0.000
2025-12-03 16:00:03,mlx5_8,0.000,0.000,250.086,527.889
2025-12-03 16:00:03,mlx5_9,0.000,0.000,0.000,0.000
2025-12-03 16:00:03,TOTAL,0.000,0.000,988.759,2102.133
2025-12-03 16:00:04,mlx5_0,0.000,0.000,0.000,0.000
2025-12-03 16:00:04,mlx5_1,3.035,0.004,238.341,515.397
2025-12-03 16:00:04,mlx5_2,0.000,0.000,0.000,0.000
2025-12-03 16:00:04,mlx5_3,2.941,0.004,250.952,530.276
2025-12-03 16:00:04,mlx5_4,0.000,0.000,0.000,0.000
2025-12-03 16:00:04,mlx5_5,3.042,0.004,250.512,528.572
2025-12-03 16:00:04,mlx5_6,0.000,0.000,0.000,0.000
2025-12-03 16:00:04,mlx5_7,0.000,0.000,0.000,0.000
2025-12-03 16:00:04,mlx5_8,3.127,0.004,250.478,527.890
2025-12-03 16:00:04,mlx5_9,0.000,0.000,0.000,0.000
2025-12-03 16:00:04,TOTAL,12.145,0.017,990.283,2102.135
2025-12-03 16:00:05,mlx5_0,0.000,0.000,0.000,0.000
2025-12-03 16:00:05,mlx5_1,6.480,0.009,239.155,515.398
2025-12-03 16:00:05,mlx5_2,0.000,0.000,0.000,0.000
2025-12-03 16:00:05,mlx5_3,6.295,0.009,251.743,530.277
2025-12-03 16:00:05,mlx5_4,0.000,0.000,0.000,0.000
2025-12-03 16:00:05,mlx5_5,6.152,0.009,251.285,528.573
2025-12-03 16:00:05,mlx5_6,0.000,0.000,0.000,0.000
2025-12-03 16:00:05,mlx5_7,0.000,0.000,0.000,0.000
2025-12-03 16:00:05,mlx5_8,6.154,0.009,251.251,527.891
2025-12-03 16:00:05,mlx5_9,0.000,0.000,0.000,0.000
2025-12-03 16:00:05,TOTAL,25.080,0.036,993.434,2102.139
2025-12-03 16:00:06,mlx5_0,0.000,0.000,0.000,0.000
2025-12-03 16:00:06,mlx5_1,0.000,0.000,239.155,515.398
2025-12-03 16:00:06,mlx5_2,0.000,0.000,0.000,0.000
2025-12-03 16:00:06,mlx5_3,0.000,0.000,251.743,530.277
2025-12-03 16:00:06,mlx5_4,0.000,0.000,0.000,0.000
2025-12-03 16:00:06,mlx5_5,0.000,0.000,251.285,528.573
2025-12-03 16:00:06,mlx5_6,0.000,0.000,0.000,0.000
2025-12-03 16:00:06,mlx5_7,0.000,0.000,0.000,0.000
2025-12-03 16:00:06,mlx5_8,0.000,0.000,251.251,527.891
2025-12-03 16:00:06,mlx5_9,0.000,0.000,0.000,0.000
2025-12-03 16:00:06,TOTAL,0.000,0.000,993.434,2102.139
2025-12-03 16:00:07,mlx5_0,0.000,0.000,0.000,0.000
2025-12-03 16:00:07,mlx5_1,0.000,0.000,239.155,515.398
2025-12-03 16:00:07,mlx5_2,0.000,0.000,0.000,0.000
2025-12-03 16:00:07,mlx5_3,0.000,0.000,251.743,530.277
2025-12-03 16:00:07,mlx5_4,0.000,0.000,0.000,0.000
2025-12-03 16:00:07,mlx5_5,0.000,0.000,251.285,528.573
2025-12-03 16:00:07,mlx5_6,0.000,0.000,0.000,0.000
2025-12-03 16:00:07,mlx5_7,0.000,0.000,0.000,0.000
2025-12-03 16:00:07,mlx5_8,0.000,0.000,251.251,527.891
2025-12-03 16:00:07,mlx5_9,0.000,0.000,0.000,0.000
2025-12-03 16:00:07,TOTAL,0.000,0.000,993.434,2102.139
2025-12-03 16:00:08,mlx5_0,0.000,0.000,0.000,0.000
2025-12-03 16:00:08,mlx5_1,9.208,0.013,240.312,515.400
2025-12-03 16:00:08,mlx5_2,0.000,0.000,0.000,0.000
2025-12-03 16:00:08,mlx5_3,9.368,0.014,252.919,530.279
2025-12-03 16:00:08,mlx5_4,0.000,0.000,0.000,0.000
2025-12-03 16:00:08,mlx5_5,9.233,0.014,252.445,528.575
2025-12-03 16:00:08,mlx5_6,0.000,0.000,0.000,0.000
2025-12-03 16:00:08,mlx5_7,0.000,0.000,0.000,0.000
2025-12-03 16:00:08,mlx5_8,9.415,0.013,252.434,527.893
2025-12-03 16:00:08,mlx5_9,0.000,0.000,0.000,0.000
2025-12-03 16:00:08,TOTAL,37.225,0.053,998.110,2102.146
2025-12-03 16:00:09,mlx5_0,0.000,0.000,0.000,0.000
2025-12-03 16:00:09,mlx5_1,0.000,0.000,240.312,515.400
2025-12-03 16:00:09,mlx5_2,0.000,0.000,0.000,0.000
2025-12-03 16:00:09,mlx5_3,0.000,0.000,252.919,530.279
2025-12-03 16:00:09,mlx5_4,0.000,0.000,0.000,0.000
2025-12-03 16:00:09,mlx5_5,0.000,0.000,252.445,528.575
2025-12-03 16:00:09,mlx5_6,0.000,0.000,0.000,0.000
2025-12-03 16:00:09,mlx5_7,0.000,0.000,0.000,0.000
2025-12-03 16:00:09,mlx5_8,0.000,0.000,252.434,527.893
2025-12-03 16:00:09,mlx5_9,0.000,0.000,0.000,0.000
2025-12-03 16:00:09,TOTAL,0.000,0.000,998.110,2102.146
2025-12-03 16:00:10,mlx5_0,0.000,0.000,0.000,0.000
2025-12-03 16:00:10,mlx5_1,0.000,0.000,240.312,515.400
2025-12-03 16:00:10,mlx5_2,0.000,0.000,0.000,0.000
2025-12-03 16:00:10,mlx5_3,0.000,0.000,252.919,530.279
2025-12-03 16:00:10,mlx5_4,0.000,0.000,0.000,0.000
2025-12-03 16:00:10,mlx5_5,0.000,0.000,252.445,528.575
2025-12-03 16:00:10,mlx5_6,0.000,0.000,0.000,0.000
2025-12-03 16:00:10,mlx5_7,0.000,0.000,0.000,0.000
2025-12-03 16:00:10,mlx5_8,0.000,0.000,252.434,527.893
2025-12-03 16:00:10,mlx5_9,0.000,0.000,0.000,0.000
2025-12-03 16:00:10,TOTAL,0.000,0.000,998.110,2102.146
2025-12-03 16:00:11,mlx5_0,0.000,0.000,0.000,0.000
2025-12-03 16:00:11,mlx5_1,0.000,0.000,240.312,515.400
2025-12-03 16:00:11,mlx5_2,0.000,0.000,0.000,0.000
2025-12-03 16:00:11,mlx5_3,0.000,0.000,252.919,530.279
2025-12-03 16:00:11,mlx5_4,0.000,0.000,0.000,0.000
2025-12-03 16:00:11,mlx5_5,0.000,0.000,252.445,528.575
2025-12-03 16:00:11,mlx5_6,0.000,0.000,0.000,0.000
2025-12-03 16:00:11,mlx5_7,0.000,0.000,0.000,0.000
2025-12-03 16:00:11,mlx5_8,0.000,0.000,252.434,527.893
2025-12-03 16:00:11,mlx5_9,0.000,0.000,0.000,0.000
2025-12-03 16:00:11,TOTAL,0.000,0.000,998.110,2102.146
2025-12-03 16:00:12,mlx5_0,0.000,0.000,0.000,0.000
2025-12-03 16:00:12,mlx5_1,9.216,0.013,241.469,515.401
2025-12-03 16:00:12,mlx5_2,0.000,0.000,0.000,0.000
2025-12-03 16:00:12,mlx5_3,9.278,0.014,254.085,530.280
2025-12-03 16:00:12,mlx5_4,0.000,0.000,0.000,0.000
2025-12-03 16:00:12,mlx5_5,9.374,0.014,253.622,528.576
2025-12-03 16:00:12,mlx5_6,0.000,0.000,0.000,0.000
2025-12-03 16:00:12,mlx5_7,0.000,0.000,0.000,0.000
2025-12-03 16:00:12,mlx5_8,9.356,0.013,253.609,527.894
2025-12-03 16:00:12,mlx5_9,0.000,0.000,0.000,0.000
2025-12-03 16:00:12,TOTAL,37.225,0.053,1002.785,2102.153
2025-12-03 16:00:13,mlx5_0,0.000,0.000,0.000,0.000
2025-12-03 16:00:13,mlx5_1,0.000,0.000,241.469,515.401
2025-12-03 16:00:13,mlx5_2,0.000,0.000,0.000,0.000
2025-12-03 16:00:13,mlx5_3,0.000,0.000,254.085,530.280
2025-12-03 16:00:13,mlx5_4,0.000,0.000,0.000,0.000
2025-12-03 16:00:13,mlx5_5,0.000,0.000,253.622,528.576
2025-12-03 16:00:13,mlx5_6,0.000,0.000,0.000,0.000
2025-12-03 16:00:13,mlx5_7,0.000,0.000,0.000,0.000
2025-12-03 16:00:13,mlx5_8,0.000,0.000,253.609,527.894
2025-12-03 16:00:13,mlx5_9,0.000,0.000,0.000,0.000
2025-12-03 16:00:13,TOTAL,0.000,0.000,1002.785,2102.153
2025-12-03 16:00:14,mlx5_0,0.000,0.000,0.000,0.000
2025-12-03 16:00:14,mlx5_1,0.000,0.000,241.469,515.401
2025-12-03 16:00:14,mlx5_2,0.000,0.000,0.000,0.000
2025-12-03 16:00:14,mlx5_3,0.000,0.000,254.085,530.280
2025-12-03 16:00:14,mlx5_4,0.000,0.000,0.000,0.000
2025-12-03 16:00:14,mlx5_5,0.000,0.000,253.622,528.576
2025-12-03 16:00:14,mlx5_6,0.000,0.000,0.000,0.000
2025-12-03 16:00:14,mlx5_7,0.000,0.000,0.000,0.000
2025-12-03 16:00:14,mlx5_8,0.000,0.000,253.609,527.894
2025-12-03 16:00:14,mlx5_9,0.000,0.000,0.000,0.000
2025-12-03 16:00:14,TOTAL,0.000,0.000,1002.785,2102.153
2025-12-03 16:00:15,mlx5_0,0.000,0.000,0.000,0.000
2025-12-03 16:00:15,mlx5_1,0.000,0.000,241.469,515.401
2025-12-03 16:00:15,mlx5_2,0.000,0.000,0.000,0.000
2025-12-03 16:00:15,mlx5_3,0.000,0.000,254.085,530.280
2025-12-03 16:00:15,mlx5_4,0.000,0.000,0.000,0.000
2025-12-03 16:00:15,mlx5_5,0.000,0.000,253.622,528.576
2025-12-03 16:00:15,mlx5_6,0.000,0.000,0.000,0.000
2025-12-03 16:00:15,mlx5_7,0.000,0.000,0.000,0.000
2025-12-03 16:00:15,mlx5_8,0.000,0.000,253.609,527.894
2025-12-03 16:00:15,mlx5_9,0.000,0.000,0.000,0.000
2025-12-03 16:00:15,TOTAL,0.000,0.000,1002.785,2102.153
2025-12-03 16:00:16,mlx5_0,0.000,0.000,0.000,0.000
2025-12-03 16:00:16,mlx5_1,9.254,0.013,242.632,515.403
2025-12-03 16:00:16,mlx5_2,0.000,0.000,0.000,0.000
2025-12-03 16:00:16,mlx5_3,9.194,0.014,255.240,530.282
2025-12-03 16:00:16,mlx5_4,0.000,0.000,0.000,0.000
2025-12-03 16:00:16,mlx5_5,9.304,0.014,254.791,528.578
2025-12-03 16:00:16,mlx5_6,0.000,0.000,0.000,0.000
2025-12-03 16:00:16,mlx5_7,0.000,0.000,0.000,0.000
2025-12-03 16:00:16,mlx5_8,9.467,0.013,254.798,527.896
2025-12-03 16:00:16,mlx5_9,0.000,0.000,0.000,0.000
2025-12-03 16:00:16,TOTAL,37.218,0.053,1007.461,2102.159
2025-12-03 16:00:17,mlx5_0,0.000,0.000,0.000,0.000
2025-12-03 16:00:17,mlx5_1,0.000,0.000,242.632,515.403
2025-12-03 16:00:17,mlx5_2,0.000,0.000,0.000,0.000
2025-12-03 16:00:17,mlx5_3,0.000,0.000,255.240,530.282
2025-12-03 16:00:17,mlx5_4,0.000,0.000,0.000,0.000
2025-12-03 16:00:17,mlx5_5,0.000,0.000,254.791,528.578
2025-12-03 16:00:17,mlx5_6,0.000,0.000,0.000,0.000
2025-12-03 16:00:17,mlx5_7,0.000,0.000,0.000,0.000
2025-12-03 16:00:17,mlx5_8,0.000,0.000,254.798,527.896
2025-12-03 16:00:17,mlx5_9,0.000,0.000,0.000,0.000
2025-12-03 16:00:17,TOTAL,0.000,0.000,1007.461,2102.159
2025-12-03 16:00:18,mlx5_0,0.000,0.000,0.000,0.000
2025-12-03 16:00:18,mlx5_1,0.000,0.000,242.632,515.403
2025-12-03 16:00:18,mlx5_2,0.000,0.000,0.000,0.000
2025-12-03 16:00:18,mlx5_3,0.000,0.000,255.240,530.282
2025-12-03 16:00:18,mlx5_4,0.000,0.000,0.000,0.000
2025-12-03 16:00:18,mlx5_5,0.000,0.000,254.791,528.578
2025-12-03 16:00:18,mlx5_6,0.000,0.000,0.000,0.000
2025-12-03 16:00:18,mlx5_7,0.000,0.000,0.000,0.000
2025-12-03 16:00:18,mlx5_8,0.000,0.000,254.798,527.896
2025-12-03 16:00:18,mlx5_9,0.000,0.000,0.000,0.000
2025-12-03 16:00:18,TOTAL,0.000,0.000,1007.461,2102.159
2025-12-03 16:00:19,mlx5_0,0.000,0.000,0.000,0.000
2025-12-03 16:00:19,mlx5_1,0.000,0.000,242.632,515.403
2025-12-03 16:00:19,mlx5_2,0.000,0.000,0.000,0.000
2025-12-03 16:00:19,mlx5_3,0.000,0.000,255.240,530.282
2025-12-03 16:00:19,mlx5_4,0.000,0.000,0.000,0.000
2025-12-03 16:00:19,mlx5_5,0.000,0.000,254.791,528.578
2025-12-03 16:00:19,mlx5_6,0.000,0.000,0.000,0.000
2025-12-03 16:00:19,mlx5_7,0.000,0.000,0.000,0.000
2025-12-03 16:00:19,mlx5_8,0.000,0.000,254.798,527.896
2025-12-03 16:00:19,mlx5_9,0.000,0.000,0.000,0.000
2025-12-03 16:00:19,TOTAL,0.000,0.000,1007.461,2102.159
2025-12-03 16:00:20,mlx5_0,0.000,0.000,0.000,0.000
2025-12-03 16:00:20,mlx5_1,9.352,0.013,243.807,515.405
2025-12-03 16:00:20,mlx5_2,0.000,0.000,0.000,0.000
2025-12-03 16:00:20,mlx5_3,9.420,0.014,256.423,530.284
2025-12-03 16:00:20,mlx5_4,0.000,0.000,0.000,0.000
2025-12-03 16:00:20,mlx5_5,9.303,0.014,255.960,528.580
2025-12-03 16:00:20,mlx5_6,0.000,0.000,0.000,0.000
2025-12-03 16:00:20,mlx5_7,0.000,0.000,0.000,0.000
2025-12-03 16:00:20,mlx5_8,9.140,0.013,255.946,527.898
2025-12-03 16:00:20,mlx5_9,0.000,0.000,0.000,0.000
2025-12-03 16:00:20,TOTAL,37.216,0.052,1012.136,2102.166
2025-12-03 16:00:21,mlx5_0,0.000,0.000,0.000,0.000
2025-12-03 16:00:21,mlx5_1,0.000,0.000,243.807,515.405
2025-12-03 16:00:21,mlx5_2,0.000,0.000,0.000,0.000
2025-12-03 16:00:21,mlx5_3,0.000,0.000,256.423,530.284
2025-12-03 16:00:21,mlx5_4,0.000,0.000,0.000,0.000
2025-12-03 16:00:21,mlx5_5,0.000,0.000,255.960,528.580
2025-12-03 16:00:21,mlx5_6,0.000,0.000,0.000,0.000
2025-12-03 16:00:21,mlx5_7,0.000,0.000,0.000,0.000
2025-12-03 16:00:21,mlx5_8,0.000,0.000,255.946,527.898
2025-12-03 16:00:21,mlx5_9,0.000,0.000,0.000,0.000
2025-12-03 16:00:21,TOTAL,0.000,0.000,1012.136,2102.166
2025-12-03 16:00:22,mlx5_0,0.000,0.000,0.000,0.000
2025-12-03 16:00:22,mlx5_1,0.000,0.000,243.807,515.405
2025-12-03 16:00:22,mlx5_2,0.000,0.000,0.000,0.000
2025-12-03 16:00:22,mlx5_3,0.000,0.000,256.423,530.284
2025-12-03 16:00:22,mlx5_4,0.000,0.000,0.000,0.000
2025-12-03 16:00:22,mlx5_5,0.000,0.000,255.960,528.580
2025-12-03 16:00:22,mlx5_6,0.000,0.000,0.000,0.000
2025-12-03 16:00:22,mlx5_7,0.000,0.000,0.000,0.000
2025-12-03 16:00:22,mlx5_8,0.000,0.000,255.946,527.898
2025-12-03 16:00:22,mlx5_9,0.000,0.000,0.000,0.000
2025-12-03 16:00:22,TOTAL,0.000,0.000,1012.136,2102.166
2025-12-03 16:00:23,mlx5_0,0.000,0.000,0.000,0.000
2025-12-03 16:00:23,mlx5_1,0.000,0.000,243.807,515.405
2025-12-03 16:00:23,mlx5_2,0.000,0.000,0.000,0.000
2025-12-03 16:00:23,mlx5_3,0.000,0.000,256.423,530.284
2025-12-03 16:00:23,mlx5_4,0.000,0.000,0.000,0.000
2025-12-03 16:00:23,mlx5_5,0.000,0.000,255.960,528.580
2025-12-03 16:00:23,mlx5_6,0.000,0.000,0.000,0.000
2025-12-03 16:00:23,mlx5_7,0.000,0.000,0.000,0.000
2025-12-03 16:00:23,mlx5_8,0.000,0.000,255.946,527.898
2025-12-03 16:00:23,mlx5_9,0.000,0.000,0.000,0.000
2025-12-03 16:00:23,TOTAL,0.000,0.000,1012.136,2102.166
2025-12-03 16:00:24,mlx5_0,0.000,0.000,0.000,0.000
2025-12-03 16:00:24,mlx5_1,0.000,0.000,243.807,515.405
2025-12-03 16:00:24,mlx5_2,0.000,0.000,0.000,0.000
2025-12-03 16:00:24,mlx5_3,0.000,0.000,256.423,530.284
2025-12-03 16:00:24,mlx5_4,0.000,0.000,0.000,0.000
2025-12-03 16:00:24,mlx5_5,0.000,0.000,255.960,528.580
2025-12-03 16:00:24,mlx5_6,0.000,0.000,0.000,0.000
2025-12-03 16:00:24,mlx5_7,0.000,0.000,0.000,0.000
2025-12-03 16:00:24,mlx5_8,0.000,0.000,255.946,527.898
2025-12-03 16:00:24,mlx5_9,0.000,0.000,0.000,0.000
2025-12-03 16:00:24,TOTAL,0.000,0.000,1012.136,2102.166
2025-12-03 16:00:25,mlx5_0,0.000,0.000,0.000,0.000
2025-12-03 16:00:25,mlx5_1,9.641,57.058,245.018,522.571
2025-12-03 16:00:25,mlx5_2,0.000,0.000,0.000,0.000
2025-12-03 16:00:25,mlx5_3,9.314,56.332,257.593,537.359
2025-12-03 16:00:25,mlx5_4,0.000,0.000,0.000,0.000
2025-12-03 16:00:25,mlx5_5,9.366,56.313,257.136,535.653
2025-12-03 16:00:25,mlx5_6,0.000,0.000,0.000,0.000
2025-12-03 16:00:25,mlx5_7,0.000,0.000,0.000,0.000
2025-12-03 16:00:25,mlx5_8,9.475,56.381,257.137,534.979
2025-12-03 16:00:25,mlx5_9,0.000,0.000,0.000,0.000
2025-12-03 16:00:25,TOTAL,37.796,226.085,1016.883,2130.563
2025-12-03 16:00:26,mlx5_0,0.000,0.000,0.000,0.000
2025-12-03 16:00:26,mlx5_1,0.000,0.219,245.018,522.599
2025-12-03 16:00:26,mlx5_2,0.000,0.000,0.000,0.000
2025-12-03 16:00:26,mlx5_3,0.000,0.182,257.593,537.382
2025-12-03 16:00:26,mlx5_4,0.000,0.000,0.000,0.000
2025-12-03 16:00:26,mlx5_5,0.000,0.102,257.136,535.666
2025-12-03 16:00:26,mlx5_6,0.000,0.000,0.000,0.000
2025-12-03 16:00:26,mlx5_7,0.000,0.000,0.000,0.000
2025-12-03 16:00:26,mlx5_8,0.000,0.040,257.137,534.984
2025-12-03 16:00:26,mlx5_9,0.000,0.000,0.000,0.000
2025-12-03 16:00:26,TOTAL,0.001,0.543,1016.883,2130.632
2025-12-03 16:00:27,mlx5_0,0.000,0.000,0.000,0.000
2025-12-03 16:00:27,mlx5_1,0.000,0.000,245.018,522.599
2025-12-03 16:00:27,mlx5_2,0.000,0.000,0.000,0.000
2025-12-03 16:00:27,mlx5_3,0.000,0.000,257.593,537.382
2025-12-03 16:00:27,mlx5_4,0.000,0.000,0.000,0.000
2025-12-03 16:00:27,mlx5_5,0.000,0.000,257.136,535.666
2025-12-03 16:00:27,mlx5_6,0.000,0.000,0.000,0.000
2025-12-03 16:00:27,mlx5_7,0.000,0.000,0.000,0.000
2025-12-03 16:00:27,mlx5_8,0.000,0.000,257.137,534.984
2025-12-03 16:00:27,mlx5_9,0.000,0.000,0.000,0.000
2025-12-03 16:00:27,TOTAL,0.000,0.000,1016.883,2130.632
2025-12-03 16:00:28,mlx5_0,0.000,0.000,0.000,0.000
2025-12-03 16:00:28,mlx5_1,0.000,0.000,245.018,522.599
2025-12-03 16:00:28,mlx5_2,0.000,0.000,0.000,0.000
2025-12-03 16:00:28,mlx5_3,0.000,0.000,257.593,537.382
2025-12-03 16:00:28,mlx5_4,0.000,0.000,0.000,0.000
2025-12-03 16:00:28,mlx5_5,0.000,0.000,257.136,535.666
2025-12-03 16:00:28,mlx5_6,0.000,0.000,0.000,0.000
2025-12-03 16:00:28,mlx5_7,0.000,0.000,0.000,0.000
2025-12-03 16:00:28,mlx5_8,0.000,0.000,257.137,534.984
2025-12-03 16:00:28,mlx5_9,0.000,0.000,0.000,0.000
2025-12-03 16:00:28,TOTAL,0.000,0.000,1016.884,2130.632
2025-12-03 16:00:29,mlx5_0,0.000,0.000,0.000,0.000
2025-12-03 16:00:29,mlx5_1,9.571,0.013,246.220,522.600
2025-12-03 16:00:29,mlx5_2,0.000,0.000,0.000,0.000
2025-12-03 16:00:29,mlx5_3,9.500,0.014,258.786,537.384
2025-12-03 16:00:29,mlx5_4,0.000,0.000,0.000,0.000
2025-12-03 16:00:29,mlx5_5,9.427,0.014,258.321,535.668
2025-12-03 16:00:29,mlx5_6,0.000,0.000,0.000,0.000
2025-12-03 16:00:29,mlx5_7,0.000,0.000,0.000,0.000
2025-12-03 16:00:29,mlx5_8,9.444,0.013,258.323,534.986
2025-12-03 16:00:29,mlx5_9,0.000,0.000,0.000,0.000
2025-12-03 16:00:29,TOTAL,37.943,0.054,1021.650,2130.638
2025-12-03 16:00:30,mlx5_0,0.000,0.000,0.000,0.000
2025-12-03 16:00:30,mlx5_1,0.000,0.000,246.220,522.600
2025-12-03 16:00:30,mlx5_2,0.000,0.000,0.000,0.000
2025-12-03 16:00:30,mlx5_3,0.000,0.000,258.786,537.384
2025-12-03 16:00:30,mlx5_4,0.000,0.000,0.000,0.000
2025-12-03 16:00:30,mlx5_5,0.000,0.000,258.321,535.668
2025-12-03 16:00:30,mlx5_6,0.000,0.000,0.000,0.000
2025-12-03 16:00:30,mlx5_7,0.000,0.000,0.000,0.000
2025-12-03 16:00:30,mlx5_8,0.000,0.000,258.323,534.986
2025-12-03 16:00:30,mlx5_9,0.000,0.000,0.000,0.000
2025-12-03 16:00:30,TOTAL,0.000,0.000,1021.650,2130.638
2025-12-03 16:00:31,mlx5_0,0.000,0.000,0.000,0.000
2025-12-03 16:00:31,mlx5_1,0.000,0.000,246.220,522.600
2025-12-03 16:00:31,mlx5_2,0.000,0.000,0.000,0.000
2025-12-03 16:00:31,mlx5_3,0.000,0.000,258.786,537.384
2025-12-03 16:00:31,mlx5_4,0.000,0.000,0.000,0.000
2025-12-03 16:00:31,mlx5_5,0.000,0.000,258.321,535.668
2025-12-03 16:00:31,mlx5_6,0.000,0.000,0.000,0.000
2025-12-03 16:00:31,mlx5_7,0.000,0.000,0.000,0.000
2025-12-03 16:00:31,mlx5_8,0.000,0.000,258.323,534.986
2025-12-03 16:00:31,mlx5_9,0.000,0.000,0.000,0.000
2025-12-03 16:00:31,TOTAL,0.000,0.000,1021.650,2130.638
2025-12-03 16:00:32,mlx5_0,0.000,0.000,0.000,0.000
2025-12-03 16:00:32,mlx5_1,5.650,0.008,246.929,522.601
2025-12-03 16:00:32,mlx5_2,0.000,0.000,0.000,0.000
2025-12-03 16:00:32,mlx5_3,5.550,0.008,259.483,537.385
2025-12-03 16:00:32,mlx5_4,0.000,0.000,0.000,0.000
2025-12-03 16:00:32,mlx5_5,5.501,0.008,259.011,535.669
2025-12-03 16:00:32,mlx5_6,0.000,0.000,0.000,0.000
2025-12-03 16:00:32,mlx5_7,0.000,0.000,0.000,0.000
2025-12-03 16:00:32,mlx5_8,5.584,0.008,259.024,534.987
2025-12-03 16:00:32,mlx5_9,0.000,0.000,0.000,0.000
2025-12-03 16:00:32,TOTAL,22.284,0.032,1024.447,2130.642
2025-12-03 16:00:33,mlx5_0,0.000,0.000,0.000,0.000
2025-12-03 16:00:33,mlx5_1,3.761,0.005,247.402,522.602
2025-12-03 16:00:33,mlx5_2,0.000,0.000,0.000,0.000
2025-12-03 16:00:33,mlx5_3,3.746,0.006,259.954,537.386
2025-12-03 16:00:33,mlx5_4,0.000,0.000,0.000,0.000
2025-12-03 16:00:33,mlx5_5,3.752,0.006,259.483,535.669
2025-12-03 16:00:33,mlx5_6,0.000,0.000,0.000,0.000
2025-12-03 16:00:33,mlx5_7,0.000,0.000,0.000,0.000
2025-12-03 16:00:33,mlx5_8,3.695,0.005,259.488,534.988
2025-12-03 16:00:33,mlx5_9,0.000,0.000,0.000,0.000
2025-12-03 16:00:33,TOTAL,14.953,0.022,1026.326,2130.645
2025-12-03 16:00:34,mlx5_0,0.000,0.000,0.000,0.000
2025-12-03 16:00:34,mlx5_1,0.000,0.000,247.402,522.602
2025-12-03 16:00:34,mlx5_2,0.000,0.000,0.000,0.000
2025-12-03 16:00:34,mlx5_3,0.000,0.000,259.954,537.386
2025-12-03 16:00:34,mlx5_4,0.000,0.000,0.000,0.000
2025-12-03 16:00:34,mlx5_5,0.000,0.000,259.483,535.669
2025-12-03 16:00:34,mlx5_6,0.000,0.000,0.000,0.000
2025-12-03 16:00:34,mlx5_7,0.000,0.000,0.000,0.000
2025-12-03 16:00:34,mlx5_8,0.000,0.000,259.488,534.988
2025-12-03 16:00:34,mlx5_9,0.000,0.000,0.000,0.000
2025-12-03 16:00:34,TOTAL,0.000,0.000,1026.326,2130.645
2025-12-03 16:00:35,mlx5_0,0.000,0.000,0.000,0.000
2025-12-03 16:00:35,mlx5_1,0.000,0.000,247.402,522.602
2025-12-03 16:00:35,mlx5_2,0.000,0.000,0.000,0.000
2025-12-03 16:00:35,mlx5_3,0.000,0.000,259.954,537.386
2025-12-03 16:00:35,mlx5_4,0.000,0.000,0.000,0.000
2025-12-03 16:00:35,mlx5_5,0.000,0.000,259.483,535.669
2025-12-03 16:00:35,mlx5_6,0.000,0.000,0.000,0.000
2025-12-03 16:00:35,mlx5_7,0.000,0.000,0.000,0.000
2025-12-03 16:00:35,mlx5_8,0.000,0.000,259.488,534.988
2025-12-03 16:00:35,mlx5_9,0.000,0.000,0.000,0.000
2025-12-03 16:00:35,TOTAL,0.000,0.000,1026.326,2130.645
2025-12-03 16:00:36,mlx5_0,0.000,0.000,0.000,0.000
2025-12-03 16:00:36,mlx5_1,9.451,0.013,248.589,522.604
2025-12-03 16:00:36,mlx5_2,0.000,0.000,0.000,0.000
2025-12-03 16:00:36,mlx5_3,9.185,0.014,261.107,537.388
2025-12-03 16:00:36,mlx5_4,0.000,0.000,0.000,0.000
2025-12-03 16:00:36,mlx5_5,9.247,0.014,260.644,535.671
2025-12-03 16:00:36,mlx5_6,0.000,0.000,0.000,0.000
2025-12-03 16:00:36,mlx5_7,0.000,0.000,0.000,0.000
2025-12-03 16:00:36,mlx5_8,9.340,0.013,260.661,534.989
2025-12-03 16:00:36,mlx5_9,0.000,0.000,0.000,0.000
2025-12-03 16:00:36,TOTAL,37.223,0.053,1031.001,2130.652
2025-12-03 16:00:37,mlx5_0,0.000,0.000,0.000,0.000
2025-12-03 16:00:37,mlx5_1,0.000,0.000,248.589,522.604
2025-12-03 16:00:37,mlx5_2,0.000,0.000,0.000,0.000
2025-12-03 16:00:37,mlx5_3,0.000,0.000,261.107,537.388
2025-12-03 16:00:37,mlx5_4,0.000,0.000,0.000,0.000
2025-12-03 16:00:37,mlx5_5,0.000,0.000,260.644,535.671
2025-12-03 16:00:37,mlx5_6,0.000,0.000,0.000,0.000
2025-12-03 16:00:37,mlx5_7,0.000,0.000,0.000,0.000
2025-12-03 16:00:37,mlx5_8,0.000,0.000,260.661,534.989
2025-12-03 16:00:37,mlx5_9,0.000,0.000,0.000,0.000
2025-12-03 16:00:37,TOTAL,0.000,0.000,1031.001,2130.652
2025-12-03 16:00:38,mlx5_0,0.000,0.000,0.000,0.000
2025-12-03 16:00:38,mlx5_1,0.000,0.000,248.589,522.604
2025-12-03 16:00:38,mlx5_2,0.000,0.000,0.000,0.000
2025-12-03 16:00:38,mlx5_3,0.000,0.000,261.107,537.388
2025-12-03 16:00:38,mlx5_4,0.000,0.000,0.000,0.000
2025-12-03 16:00:38,mlx5_5,0.000,0.000,260.644,535.671
2025-12-03 16:00:38,mlx5_6,0.000,0.000,0.000,0.000
2025-12-03 16:00:38,mlx5_7,0.000,0.000,0.000,0.000
2025-12-03 16:00:38,mlx5_8,0.000,0.000,260.661,534.989
2025-12-03 16:00:38,mlx5_9,0.000,0.000,0.000,0.000
2025-12-03 16:00:38,TOTAL,0.000,0.000,1031.001,2130.652
2025-12-03 16:00:39,mlx5_0,0.000,0.000,0.000,0.000
2025-12-03 16:00:39,mlx5_1,0.000,0.000,248.589,522.604
2025-12-03 16:00:39,mlx5_2,0.000,0.000,0.000,0.000
2025-12-03 16:00:39,mlx5_3,0.000,0.000,261.107,537.388
2025-12-03 16:00:39,mlx5_4,0.000,0.000,0.000,0.000
2025-12-03 16:00:39,mlx5_5,0.000,0.000,260.644,535.671
2025-12-03 16:00:39,mlx5_6,0.000,0.000,0.000,0.000
2025-12-03 16:00:39,mlx5_7,0.000,0.000,0.000,0.000
2025-12-03 16:00:39,mlx5_8,0.000,0.000,260.661,534.989
2025-12-03 16:00:39,mlx5_9,0.000,0.000,0.000,0.000
2025-12-03 16:00:39,TOTAL,0.000,0.000,1031.001,2130.652
2025-12-03 16:00:40,mlx5_0,0.000,0.000,0.000,0.000
2025-12-03 16:00:40,mlx5_1,9.419,0.013,249.772,522.605
2025-12-03 16:00:40,mlx5_2,0.000,0.000,0.000,0.000
2025-12-03 16:00:40,mlx5_3,9.150,0.014,262.257,537.389
2025-12-03 16:00:40,mlx5_4,0.000,0.000,0.000,0.000
2025-12-03 16:00:40,mlx5_5,9.324,0.014,261.815,535.673
2025-12-03 16:00:40,mlx5_6,0.000,0.000,0.000,0.000
2025-12-03 16:00:40,mlx5_7,0.000,0.000,0.000,0.000
2025-12-03 16:00:40,mlx5_8,9.328,0.013,261.833,534.991
2025-12-03 16:00:40,mlx5_9,0.000,0.000,0.000,0.000
2025-12-03 16:00:40,TOTAL,37.221,0.053,1035.677,2130.658
2025-12-03 16:00:41,mlx5_0,0.000,0.000,0.000,0.000
2025-12-03 16:00:41,mlx5_1,0.000,0.000,249.772,522.605
2025-12-03 16:00:41,mlx5_2,0.000,0.000,0.000,0.000
2025-12-03 16:00:41,mlx5_3,0.000,0.000,262.257,537.389
2025-12-03 16:00:41,mlx5_4,0.000,0.000,0.000,0.000
2025-12-03 16:00:41,mlx5_5,0.000,0.000,261.815,535.673
2025-12-03 16:00:41,mlx5_6,0.000,0.000,0.000,0.000
2025-12-03 16:00:41,mlx5_7,0.000,0.000,0.000,0.000
2025-12-03 16:00:41,mlx5_8,0.000,0.000,261.833,534.991
2025-12-03 16:00:41,mlx5_9,0.000,0.000,0.000,0.000
2025-12-03 16:00:41,TOTAL,0.000,0.000,1035.677,2130.658
2025-12-03 16:00:42,mlx5_0,0.000,0.000,0.000,0.000
2025-12-03 16:00:42,mlx5_1,0.000,0.000,249.772,522.605
2025-12-03 16:00:42,mlx5_2,0.000,0.000,0.000,0.000
2025-12-03 16:00:42,mlx5_3,0.000,0.000,262.257,537.389
2025-12-03 16:00:42,mlx5_4,0.000,0.000,0.000,0.000
2025-12-03 16:00:42,mlx5_5,0.000,0.000,261.815,535.673
2025-12-03 16:00:42,mlx5_6,0.000,0.000,0.000,0.000
2025-12-03 16:00:42,mlx5_7,0.000,0.000,0.000,0.000
2025-12-03 16:00:42,mlx5_8,0.000,0.000,261.833,534.991
2025-12-03 16:00:42,mlx5_9,0.000,0.000,0.000,0.000
2025-12-03 16:00:42,TOTAL,0.000,0.000,1035.677,2130.658
2025-12-03 16:00:43,mlx5_0,0.000,0.000,0.000,0.000
2025-12-03 16:00:43,mlx5_1,0.000,0.000,249.772,522.605
2025-12-03 16:00:43,mlx5_2,0.000,0.000,0.000,0.000
2025-12-03 16:00:43,mlx5_3,0.000,0.000,262.257,537.389
2025-12-03 16:00:43,mlx5_4,0.000,0.000,0.000,0.000
2025-12-03 16:00:43,mlx5_5,0.000,0.000,261.815,535.673
2025-12-03 16:00:43,mlx5_6,0.000,0.000,0.000,0.000
2025-12-03 16:00:43,mlx5_7,0.000,0.000,0.000,0.000
2025-12-03 16:00:43,mlx5_8,0.000,0.000,261.833,534.991
2025-12-03 16:00:43,mlx5_9,0.000,0.000,0.000,0.000
2025-12-03 16:00:43,TOTAL,0.000,0.000,1035.677,2130.658
2025-12-03 16:00:44,mlx5_0,0.000,0.000,0.000,0.000
2025-12-03 16:00:44,mlx5_1,3.798,0.005,250.249,522.606
2025-12-03 16:00:44,mlx5_2,0.000,0.000,0.000,0.000
2025-12-03 16:00:44,mlx5_3,3.884,0.006,262.744,537.390
2025-12-03 16:00:44,mlx5_4,0.000,0.000,0.000,0.000
2025-12-03 16:00:44,mlx5_5,3.793,0.005,262.292,535.673
2025-12-03 16:00:44,mlx5_6,0.000,0.000,0.000,0.000
2025-12-03 16:00:44,mlx5_7,0.000,0.000,0.000,0.000
2025-12-03 16:00:44,mlx5_8,3.824,0.005,262.313,534.992
2025-12-03 16:00:44,mlx5_9,0.000,0.000,0.000,0.000
2025-12-03 16:00:44,TOTAL,15.298,0.021,1037.598,2130.661
2025-12-03 16:00:45,mlx5_0,0.000,0.000,0.000,0.000
2025-12-03 16:00:45,mlx5_1,5.628,0.008,250.956,522.607
2025-12-03 16:00:45,mlx5_2,0.000,0.000,0.000,0.000
2025-12-03 16:00:45,mlx5_3,5.478,0.008,263.433,537.391
2025-12-03 16:00:45,mlx5_4,0.000,0.000,0.000,0.000
2025-12-03 16:00:45,mlx5_5,5.427,0.008,262.974,535.675
2025-12-03 16:00:45,mlx5_6,0.000,0.000,0.000,0.000
2025-12-03 16:00:45,mlx5_7,0.000,0.000,0.000,0.000
2025-12-03 16:00:45,mlx5_8,5.384,0.008,262.990,534.993
2025-12-03 16:00:45,mlx5_9,0.000,0.000,0.000,0.000
2025-12-03 16:00:45,TOTAL,21.917,0.032,1040.352,2130.665
2025-12-03 16:00:46,mlx5_0,0.000,0.000,0.000,0.000
2025-12-03 16:00:46,mlx5_1,0.000,0.000,250.956,522.607
2025-12-03 16:00:46,mlx5_2,0.000,0.000,0.000,0.000
2025-12-03 16:00:46,mlx5_3,0.000,0.000,263.433,537.391
2025-12-03 16:00:46,mlx5_4,0.000,0.000,0.000,0.000
2025-12-03 16:00:46,mlx5_5,0.000,0.000,262.974,535.675
2025-12-03 16:00:46,mlx5_6,0.000,0.000,0.000,0.000
2025-12-03 16:00:46,mlx5_7,0.000,0.000,0.000,0.000
2025-12-03 16:00:46,mlx5_8,0.000,0.000,262.990,534.993
2025-12-03 16:00:46,mlx5_9,0.000,0.000,0.000,0.000
2025-12-03 16:00:46,TOTAL,0.000,0.000,1040.352,2130.665
2025-12-03 16:00:47,mlx5_0,0.000,0.000,0.000,0.000
2025-12-03 16:00:47,mlx5_1,0.000,0.000,250.956,522.607
2025-12-03 16:00:47,mlx5_2,0.000,0.000,0.000,0.000
2025-12-03 16:00:47,mlx5_3,0.000,0.000,263.433,537.391
2025-12-03 16:00:47,mlx5_4,0.000,0.000,0.000,0.000
2025-12-03 16:00:47,mlx5_5,0.000,0.000,262.974,535.675
2025-12-03 16:00:47,mlx5_6,0.000,0.000,0.000,0.000
2025-12-03 16:00:47,mlx5_7,0.000,0.000,0.000,0.000
2025-12-03 16:00:47,mlx5_8,0.000,0.000,262.990,534.993
2025-12-03 16:00:47,mlx5_9,0.000,0.000,0.000,0.000
2025-12-03 16:00:47,TOTAL,0.000,0.000,1040.352,2130.665
2025-12-03 16:00:48,mlx5_0,0.000,0.000,0.000,0.000
2025-12-03 16:00:48,mlx5_1,0.000,0.000,250.956,522.607
2025-12-03 16:00:48,mlx5_2,0.000,0.000,0.000,0.000
2025-12-03 16:00:48,mlx5_3,0.000,0.000,263.433,537.391
2025-12-03 16:00:48,mlx5_4,0.000,0.000,0.000,0.000
2025-12-03 16:00:48,mlx5_5,0.000,0.000,262.974,535.675
2025-12-03 16:00:48,mlx5_6,0.000,0.000,0.000,0.000
2025-12-03 16:00:48,mlx5_7,0.000,0.000,0.000,0.000
2025-12-03 16:00:48,mlx5_8,0.000,0.000,262.990,534.993
2025-12-03 16:00:48,mlx5_9,0.000,0.000,0.000,0.000
2025-12-03 16:00:48,TOTAL,0.000,0.000,1040.352,2130.665
2025-12-03 16:00:49,mlx5_0,0.000,0.000,0.000,0.000
2025-12-03 16:00:49,mlx5_1,9.527,20.478,252.153,525.179
2025-12-03 16:00:49,mlx5_2,0.000,0.000,0.000,0.000
2025-12-03 16:00:49,mlx5_3,9.193,20.592,264.587,539.978
2025-12-03 16:00:49,mlx5_4,0.000,0.000,0.000,0.000
2025-12-03 16:00:49,mlx5_5,9.358,20.737,264.149,538.279
2025-12-03 16:00:49,mlx5_6,0.000,0.000,0.000,0.000
2025-12-03 16:00:49,mlx5_7,0.000,0.000,0.000,0.000
2025-12-03 16:00:49,mlx5_8,9.338,20.942,264.163,537.623
2025-12-03 16:00:49,mlx5_9,0.000,0.000,0.000,0.000
2025-12-03 16:00:49,TOTAL,37.416,82.750,1045.052,2141.059
2025-12-03 16:00:50,mlx5_0,0.000,0.000,0.000,0.000
2025-12-03 16:00:50,mlx5_1,0.128,36.597,252.169,529.783
2025-12-03 16:00:50,mlx5_2,0.000,0.000,0.000,0.000
2025-12-03 16:00:50,mlx5_3,0.086,35.950,264.598,544.500
2025-12-03 16:00:50,mlx5_4,0.000,0.000,0.000,0.000
2025-12-03 16:00:50,mlx5_5,0.086,35.889,264.160,542.794
2025-12-03 16:00:50,mlx5_6,0.000,0.000,0.000,0.000
2025-12-03 16:00:50,mlx5_7,0.000,0.000,0.000,0.000
2025-12-03 16:00:50,mlx5_8,0.113,35.195,264.177,542.051
2025-12-03 16:00:50,mlx5_9,0.000,0.000,0.000,0.000
2025-12-03 16:00:50,TOTAL,0.412,143.631,1045.104,2159.128
2025-12-03 16:00:51,mlx5_0,0.000,0.000,0.000,0.000
2025-12-03 16:00:51,mlx5_1,0.000,0.000,252.169,529.783
2025-12-03 16:00:51,mlx5_2,0.000,0.000,0.000,0.000
2025-12-03 16:00:51,mlx5_3,0.000,0.000,264.598,544.500
2025-12-03 16:00:51,mlx5_4,0.000,0.000,0.000,0.000
2025-12-03 16:00:51,mlx5_5,0.000,0.000,264.160,542.794
2025-12-03 16:00:51,mlx5_6,0.000,0.000,0.000,0.000
2025-12-03 16:00:51,mlx5_7,0.000,0.000,0.000,0.000
2025-12-03 16:00:51,mlx5_8,0.000,0.000,264.177,542.051
2025-12-03 16:00:51,mlx5_9,0.000,0.000,0.000,0.000
2025-12-03 16:00:51,TOTAL,0.000,0.000,1045.104,2159.128
2025-12-03 16:00:52,mlx5_0,0.000,0.000,0.000,0.000
2025-12-03 16:00:52,mlx5_1,0.000,0.000,252.169,529.783
2025-12-03 16:00:52,mlx5_2,0.000,0.000,0.000,0.000
2025-12-03 16:00:52,mlx5_3,0.000,0.000,264.598,544.500
2025-12-03 16:00:52,mlx5_4,0.000,0.000,0.000,0.000
2025-12-03 16:00:52,mlx5_5,0.000,0.000,264.160,542.794
2025-12-03 16:00:52,mlx5_6,0.000,0.000,0.000,0.000
2025-12-03 16:00:52,mlx5_7,0.000,0.000,0.000,0.000
2025-12-03 16:00:52,mlx5_8,0.000,0.000,264.177,542.051
2025-12-03 16:00:52,mlx5_9,0.000,0.000,0.000,0.000
2025-12-03 16:00:52,TOTAL,0.000,0.000,1045.104,2159.128
2025-12-03 16:00:53,mlx5_0,0.000,0.000,0.000,0.000
2025-12-03 16:00:53,mlx5_1,8.395,0.011,253.223,529.785
2025-12-03 16:00:53,mlx5_2,0.000,0.000,0.000,0.000
2025-12-03 16:00:53,mlx5_3,8.450,0.012,265.660,544.501
2025-12-03 16:00:53,mlx5_4,0.000,0.000,0.000,0.000
2025-12-03 16:00:53,mlx5_5,8.287,0.012,265.201,542.796
2025-12-03 16:00:53,mlx5_6,0.000,0.000,0.000,0.000
2025-12-03 16:00:53,mlx5_7,0.000,0.000,0.000,0.000
2025-12-03 16:00:53,mlx5_8,8.285,0.011,265.218,542.052
2025-12-03 16:00:53,mlx5_9,0.000,0.000,0.000,0.000
2025-12-03 16:00:53,TOTAL,33.417,0.047,1049.302,2159.134
2025-12-03 16:00:54,mlx5_0,0.000,0.000,0.000,0.000
2025-12-03 16:00:54,mlx5_1,1.183,0.002,253.372,529.785
2025-12-03 16:00:54,mlx5_2,0.000,0.000,0.000,0.000
2025-12-03 16:00:54,mlx5_3,1.150,0.002,265.804,544.502
2025-12-03 16:00:54,mlx5_4,0.000,0.000,0.000,0.000
2025-12-03 16:00:54,mlx5_5,1.174,0.002,265.348,542.796
2025-12-03 16:00:54,mlx5_6,0.000,0.000,0.000,0.000
2025-12-03 16:00:54,mlx5_7,0.000,0.000,0.000,0.000
2025-12-03 16:00:54,mlx5_8,1.020,0.002,265.346,542.052
2025-12-03 16:00:54,mlx5_9,0.000,0.000,0.000,0.000
2025-12-03 16:00:54,TOTAL,4.528,0.008,1049.871,2159.135
2025-12-03 16:00:55,mlx5_0,0.000,0.000,0.000,0.000
2025-12-03 16:00:55,mlx5_1,0.000,0.000,253.372,529.785
2025-12-03 16:00:55,mlx5_2,0.000,0.000,0.000,0.000
2025-12-03 16:00:55,mlx5_3,0.000,0.000,265.804,544.502
2025-12-03 16:00:55,mlx5_4,0.000,0.000,0.000,0.000
2025-12-03 16:00:55,mlx5_5,0.000,0.000,265.348,542.796
2025-12-03 16:00:55,mlx5_6,0.000,0.000,0.000,0.000
2025-12-03 16:00:55,mlx5_7,0.000,0.000,0.000,0.000
2025-12-03 16:00:55,mlx5_8,0.000,0.000,265.346,542.052
2025-12-03 16:00:55,mlx5_9,0.000,0.000,0.000,0.000
2025-12-03 16:00:55,TOTAL,0.000,0.000,1049.871,2159.135
2025-12-03 16:00:56,mlx5_0,0.000,0.000,0.000,0.000
2025-12-03 16:00:56,mlx5_1,0.000,0.000,253.372,529.785
2025-12-03 16:00:56,mlx5_2,0.000,0.000,0.000,0.000
2025-12-03 16:00:56,mlx5_3,0.000,0.000,265.804,544.502
2025-12-03 16:00:56,mlx5_4,0.000,0.000,0.000,0.000
2025-12-03 16:00:56,mlx5_5,0.000,0.000,265.348,542.796
2025-12-03 16:00:56,mlx5_6,0.000,0.000,0.000,0.000
2025-12-03 16:00:56,mlx5_7,0.000,0.000,0.000,0.000
2025-12-03 16:00:56,mlx5_8,0.000,0.000,265.346,542.052
2025-12-03 16:00:56,mlx5_9,0.000,0.000,0.000,0.000
2025-12-03 16:00:56,TOTAL,0.000,0.000,1049.871,2159.135
2025-12-03 16:00:57,mlx5_0,0.000,0.000,0.000,0.000
2025-12-03 16:00:57,mlx5_1,0.869,0.001,253.481,529.785
2025-12-03 16:00:57,mlx5_2,0.000,0.000,0.000,0.000
2025-12-03 16:00:57,mlx5_3,1.056,0.002,265.937,544.502
2025-12-03 16:00:57,mlx5_4,0.000,0.000,0.000,0.000
2025-12-03 16:00:57,mlx5_5,1.054,0.002,265.481,542.796
2025-12-03 16:00:57,mlx5_6,0.000,0.000,0.000,0.000
2025-12-03 16:00:57,mlx5_7,0.000,0.000,0.000,0.000
2025-12-03 16:00:57,mlx5_8,1.043,0.002,265.477,542.053
2025-12-03 16:00:57,mlx5_9,0.000,0.000,0.000,0.000
2025-12-03 16:00:57,TOTAL,4.022,0.006,1050.376,2159.135
2025-12-03 16:00:58,mlx5_0,0.000,0.000,0.000,0.000
2025-12-03 16:00:58,mlx5_1,0.000,0.000,253.481,529.785
2025-12-03 16:00:58,mlx5_2,0.000,0.000,0.000,0.000
2025-12-03 16:00:58,mlx5_3,0.000,0.000,265.937,544.502
2025-12-03 16:00:58,mlx5_4,0.000,0.000,0.000,0.000
2025-12-03 16:00:58,mlx5_5,0.000,0.000,265.481,542.796
2025-12-03 16:00:58,mlx5_6,0.000,0.000,0.000,0.000
2025-12-03 16:00:58,mlx5_7,0.000,0.000,0.000,0.000
2025-12-03 16:00:58,mlx5_8,0.000,0.000,265.477,542.053
2025-12-03 16:00:58,mlx5_9,0.000,0.000,0.000,0.000
2025-12-03 16:00:58,TOTAL,0.000,0.000,1050.376,2159.135
2025-12-03 16:00:59,mlx5_0,0.000,0.000,0.000,0.000
2025-12-03 16:00:59,mlx5_1,0.000,0.000,253.481,529.785
2025-12-03 16:00:59,mlx5_2,0.000,0.000,0.000,0.000
2025-12-03 16:00:59,mlx5_3,0.000,0.000,265.937,544.502
2025-12-03 16:00:59,mlx5_4,0.000,0.000,0.000,0.000
2025-12-03 16:00:59,mlx5_5,0.000,0.000,265.481,542.796
2025-12-03 16:00:59,mlx5_6,0.000,0.000,0.000,0.000
2025-12-03 16:00:59,mlx5_7,0.000,0.000,0.000,0.000
2025-12-03 16:00:59,mlx5_8,0.000,0.000,265.477,542.053
2025-12-03 16:00:59,mlx5_9,0.000,0.000,0.000,0.000
2025-12-03 16:00:59,TOTAL,0.000,0.000,1050.376,2159.135
2025-12-03 16:01:00,mlx5_0,0.000,0.000,0.000,0.000
2025-12-03 16:01:00,mlx5_1,0.318,0.000,253.521,529.785
2025-12-03 16:01:00,mlx5_2,0.000,0.000,0.000,0.000
2025-12-03 16:01:00,mlx5_3,0.399,0.001,265.987,544.502
2025-12-03 16:01:00,mlx5_4,0.000,0.000,0.000,0.000
2025-12-03 16:01:00,mlx5_5,0.409,0.001,265.532,542.796
2025-12-03 16:01:00,mlx5_6,0.000,0.000,0.000,0.000
2025-12-03 16:01:00,mlx5_7,0.000,0.000,0.000,0.000
2025-12-03 16:01:00,mlx5_8,0.426,0.001,265.530,542.053
2025-12-03 16:01:00,mlx5_9,0.000,0.000,0.000,0.000
2025-12-03 16:01:00,TOTAL,1.552,0.002,1050.571,2159.136
2025-12-03 16:01:01,mlx5_0,0.000,0.000,0.000,0.000
2025-12-03 16:01:01,mlx5_1,0.820,0.001,253.624,529.785
2025-12-03 16:01:01,mlx5_2,0.000,0.000,0.000,0.000
2025-12-03 16:01:01,mlx5_3,1.947,0.003,266.232,544.502
2025-12-03 16:01:01,mlx5_4,0.000,0.000,0.000,0.000
2025-12-03 16:01:01,mlx5_5,1.886,0.003,265.769,542.796
2025-12-03 16:01:01,mlx5_6,0.000,0.000,0.000,0.000
2025-12-03 16:01:01,mlx5_7,0.000,0.000,0.000,0.000
2025-12-03 16:01:01,mlx5_8,1.891,0.003,265.768,542.053
2025-12-03 16:01:01,mlx5_9,0.000,0.000,0.000,0.000
2025-12-03 16:01:01,TOTAL,6.545,0.009,1051.393,2159.137
2025-12-03 16:01:02,mlx5_0,0.000,0.000,0.000,0.000
2025-12-03 16:01:02,mlx5_1,0.000,0.000,253.624,529.785
2025-12-03 16:01:02,mlx5_2,0.000,0.000,0.000,0.000
2025-12-03 16:01:02,mlx5_3,0.000,0.000,266.232,544.502
2025-12-03 16:01:02,mlx5_4,0.000,0.000,0.000,0.000
2025-12-03 16:01:02,mlx5_5,0.000,0.000,265.769,542.796
2025-12-03 16:01:02,mlx5_6,0.000,0.000,0.000,0.000
2025-12-03 16:01:02,mlx5_7,0.000,0.000,0.000,0.000
2025-12-03 16:01:02,mlx5_8,0.000,0.000,265.768,542.053
2025-12-03 16:01:02,mlx5_9,0.000,0.000,0.000,0.000
2025-12-03 16:01:02,TOTAL,0.000,0.000,1051.393,2159.137
2025-12-03 16:01:03,mlx5_0,0.000,0.000,0.000,0.000
2025-12-03 16:01:03,mlx5_1,0.000,0.000,253.624,529.785
2025-12-03 16:01:03,mlx5_2,0.000,0.000,0.000,0.000
2025-12-03 16:01:03,mlx5_3,0.000,0.000,266.232,544.502
2025-12-03 16:01:03,mlx5_4,0.000,0.000,0.000,0.000
2025-12-03 16:01:03,mlx5_5,0.000,0.000,265.769,542.796
2025-12-03 16:01:03,mlx5_6,0.000,0.000,0.000,0.000
2025-12-03 16:01:03,mlx5_7,0.000,0.000,0.000,0.000
2025-12-03 16:01:03,mlx5_8,0.000,0.000,265.768,542.053
2025-12-03 16:01:03,mlx5_9,0.000,0.000,0.000,0.000
2025-12-03 16:01:03,TOTAL,0.000,0.000,1051.393,2159.137
2025-12-03 16:01:04,mlx5_0,0.000,0.000,0.000,0.000
2025-12-03 16:01:04,mlx5_1,0.326,0.001,253.665,529.785
2025-12-03 16:01:04,mlx5_2,0.000,0.000,0.000,0.000
2025-12-03 16:01:04,mlx5_3,0.576,0.001,266.304,544.503
2025-12-03 16:01:04,mlx5_4,0.000,0.000,0.000,0.000
2025-12-03 16:01:04,mlx5_5,0.599,0.001,265.845,542.797
2025-12-03 16:01:04,mlx5_6,0.000,0.000,0.000,0.000
2025-12-03 16:01:04,mlx5_7,0.000,0.000,0.000,0.000
2025-12-03 16:01:04,mlx5_8,0.647,0.001,265.849,542.053
2025-12-03 16:01:04,mlx5_9,0.000,0.000,0.000,0.000
2025-12-03 16:01:04,TOTAL,2.147,0.004,1051.663,2159.137
2025-12-03 16:01:05,mlx5_0,0.000,0.000,0.000,0.000
2025-12-03 16:01:05,mlx5_1,0.000,0.000,253.665,529.785
2025-12-03 16:01:05,mlx5_2,0.000,0.000,0.000,0.000
2025-12-03 16:01:05,mlx5_3,0.000,0.000,266.304,544.503
2025-12-03 16:01:05,mlx5_4,0.000,0.000,0.000,0.000
2025-12-03 16:01:05,mlx5_5,0.000,0.000,265.845,542.797
2025-12-03 16:01:05,mlx5_6,0.000,0.000,0.000,0.000
2025-12-03 16:01:05,mlx5_7,0.000,0.000,0.000,0.000
2025-12-03 16:01:05,mlx5_8,0.000,0.000,265.849,542.053
2025-12-03 16:01:05,mlx5_9,0.000,0.000,0.000,0.000
2025-12-03 16:01:05,TOTAL,0.000,0.000,1051.663,2159.137
2025-12-03 16:01:06,mlx5_0,0.000,0.000,0.000,0.000
2025-12-03 16:01:06,mlx5_1,0.000,0.000,253.665,529.785
2025-12-03 16:01:06,mlx5_2,0.000,0.000,0.000,0.000
2025-12-03 16:01:06,mlx5_3,0.000,0.000,266.304,544.503
2025-12-03 16:01:06,mlx5_4,0.000,0.000,0.000,0.000
2025-12-03 16:01:06,mlx5_5,0.000,0.000,265.845,542.797
2025-12-03 16:01:06,mlx5_6,0.000,0.000,0.000,0.000
2025-12-03 16:01:06,mlx5_7,0.000,0.000,0.000,0.000
2025-12-03 16:01:06,mlx5_8,0.000,0.000,265.849,542.053
2025-12-03 16:01:06,mlx5_9,0.000,0.000,0.000,0.000
2025-12-03 16:01:06,TOTAL,0.000,0.000,1051.663,2159.137
2025-12-03 16:01:07,mlx5_0,0.000,0.000,0.000,0.000
2025-12-03 16:01:07,mlx5_1,0.000,0.000,253.665,529.785
2025-12-03 16:01:07,mlx5_2,0.000,0.000,0.000,0.000
2025-12-03 16:01:07,mlx5_3,0.000,0.000,266.304,544.503
2025-12-03 16:01:07,mlx5_4,0.000,0.000,0.000,0.000
2025-12-03 16:01:07,mlx5_5,0.000,0.000,265.845,542.797
2025-12-03 16:01:07,mlx5_6,0.000,0.000,0.000,0.000
2025-12-03 16:01:07,mlx5_7,0.000,0.000,0.000,0.000
2025-12-03 16:01:07,mlx5_8,0.000,0.000,265.849,542.053
2025-12-03 16:01:07,mlx5_9,0.000,0.000,0.000,0.000
2025-12-03 16:01:07,TOTAL,0.000,0.000,1051.663,2159.137
2025-12-03 16:01:08,mlx5_0,0.000,0.000,0.000,0.000
2025-12-03 16:01:08,mlx5_1,0.000,0.000,253.665,529.785
2025-12-03 16:01:08,mlx5_2,0.000,0.000,0.000,0.000
2025-12-03 16:01:08,mlx5_3,0.000,0.000,266.304,544.503
2025-12-03 16:01:08,mlx5_4,0.000,0.000,0.000,0.000
2025-12-03 16:01:08,mlx5_5,0.000,0.000,265.845,542.797
2025-12-03 16:01:08,mlx5_6,0.000,0.000,0.000,0.000
2025-12-03 16:01:08,mlx5_7,0.000,0.000,0.000,0.000
2025-12-03 16:01:08,mlx5_8,0.000,0.000,265.849,542.053
2025-12-03 16:01:08,mlx5_9,0.000,0.000,0.000,0.000
2025-12-03 16:01:08,TOTAL,0.000,0.000,1051.663,2159.137
2025-12-03 16:01:09,mlx5_0,0.000,0.000,0.000,0.000
2025-12-03 16:01:09,mlx5_1,0.000,0.000,253.665,529.785
2025-12-03 16:01:09,mlx5_2,0.000,0.000,0.000,0.000
2025-12-03 16:01:09,mlx5_3,0.000,0.000,266.304,544.503
2025-12-03 16:01:09,mlx5_4,0.000,0.000,0.000,0.000
2025-12-03 16:01:09,mlx5_5,0.000,0.000,265.845,542.797
2025-12-03 16:01:09,mlx5_6,0.000,0.000,0.000,0.000
2025-12-03 16:01:09,mlx5_7,0.000,0.000,0.000,0.000
2025-12-03 16:01:09,mlx5_8,0.000,0.000,265.849,542.053
2025-12-03 16:01:09,mlx5_9,0.000,0.000,0.000,0.000
2025-12-03 16:01:09,TOTAL,0.000,0.000,1051.663,2159.137
2025-12-03 16:01:10,mlx5_0,0.000,0.000,0.000,0.000
2025-12-03 16:01:10,mlx5_1,0.000,0.000,253.665,529.785
2025-12-03 16:01:10,mlx5_2,0.000,0.000,0.000,0.000
2025-12-03 16:01:10,mlx5_3,0.000,0.000,266.304,544.503
2025-12-03 16:01:10,mlx5_4,0.000,0.000,0.000,0.000
2025-12-03 16:01:10,mlx5_5,0.000,0.000,265.845,542.797
2025-12-03 16:01:10,mlx5_6,0.000,0.000,0.000,0.000
2025-12-03 16:01:10,mlx5_7,0.000,0.000,0.000,0.000
2025-12-03 16:01:10,mlx5_8,0.000,0.000,265.849,542.053
2025-12-03 16:01:10,mlx5_9,0.000,0.000,0.000,0.000
2025-12-03 16:01:10,TOTAL,0.000,0.000,1051.663,2159.137
2025-12-03 16:01:11,mlx5_0,0.000,0.000,0.000,0.000
2025-12-03 16:01:11,mlx5_1,0.000,0.000,253.665,529.785
2025-12-03 16:01:11,mlx5_2,0.000,0.000,0.000,0.000
2025-12-03 16:01:11,mlx5_3,0.000,0.000,266.304,544.503
2025-12-03 16:01:11,mlx5_4,0.000,0.000,0.000,0.000
2025-12-03 16:01:11,mlx5_5,0.000,0.000,265.845,542.797
2025-12-03 16:01:11,mlx5_6,0.000,0.000,0.000,0.000
2025-12-03 16:01:11,mlx5_7,0.000,0.000,0.000,0.000
2025-12-03 16:01:11,mlx5_8,0.000,0.000,265.849,542.053
2025-12-03 16:01:11,mlx5_9,0.000,0.000,0.000,0.000
2025-12-03 16:01:11,TOTAL,0.000,0.000,1051.663,2159.137
2025-12-03 16:01:12,mlx5_0,0.000,0.000,0.000,0.000
2025-12-03 16:01:12,mlx5_1,0.000,0.000,253.665,529.785
2025-12-03 16:01:12,mlx5_2,0.000,0.000,0.000,0.000
2025-12-03 16:01:12,mlx5_3,0.000,0.000,266.304,544.503
2025-12-03 16:01:12,mlx5_4,0.000,0.000,0.000,0.000
2025-12-03 16:01:12,mlx5_5,0.000,0.000,265.845,542.797
2025-12-03 16:01:12,mlx5_6,0.000,0.000,0.000,0.000
2025-12-03 16:01:12,mlx5_7,0.000,0.000,0.000,0.000
2025-12-03 16:01:12,mlx5_8,0.000,0.000,265.849,542.053
2025-12-03 16:01:12,mlx5_9,0.000,0.000,0.000,0.000
2025-12-03 16:01:12,TOTAL,0.000,0.000,1051.663,2159.137
2025-12-03 16:01:13,mlx5_0,0.000,0.000,0.000,0.000
2025-12-03 16:01:13,mlx5_1,0.000,0.000,253.665,529.785
2025-12-03 16:01:13,mlx5_2,0.000,0.000,0.000,0.000
2025-12-03 16:01:13,mlx5_3,0.000,0.000,266.304,544.503
2025-12-03 16:01:13,mlx5_4,0.000,0.000,0.000,0.000
2025-12-03 16:01:13,mlx5_5,0.000,0.000,265.845,542.797
2025-12-03 16:01:13,mlx5_6,0.000,0.000,0.000,0.000
2025-12-03 16:01:13,mlx5_7,0.000,0.000,0.000,0.000
2025-12-03 16:01:13,mlx5_8,0.000,0.000,265.849,542.053
2025-12-03 16:01:13,mlx5_9,0.000,0.000,0.000,0.000
2025-12-03 16:01:13,TOTAL,0.000,0.000,1051.663,2159.137
2025-12-03 16:01:14,mlx5_0,0.000,0.000,0.000,0.000
2025-12-03 16:01:14,mlx5_1,0.000,0.000,253.665,529.785
2025-12-03 16:01:14,mlx5_2,0.000,0.000,0.000,0.000
2025-12-03 16:01:14,mlx5_3,0.000,0.000,266.304,544.503
2025-12-03 16:01:14,mlx5_4,0.000,0.000,0.000,0.000
2025-12-03 16:01:14,mlx5_5,0.000,0.000,265.845,542.797
2025-12-03 16:01:14,mlx5_6,0.000,0.000,0.000,0.000
2025-12-03 16:01:14,mlx5_7,0.000,0.000,0.000,0.000
2025-12-03 16:01:14,mlx5_8,0.000,0.000,265.849,542.053
2025-12-03 16:01:14,mlx5_9,0.000,0.000,0.000,0.000
2025-12-03 16:01:14,TOTAL,0.000,0.000,1051.663,2159.137
2025-12-03 16:01:15,mlx5_0,0.000,0.000,0.000,0.000
2025-12-03 16:01:15,mlx5_1,0.000,0.000,253.665,529.785
2025-12-03 16:01:15,mlx5_2,0.000,0.000,0.000,0.000
2025-12-03 16:01:15,mlx5_3,0.000,0.000,266.304,544.503
2025-12-03 16:01:15,mlx5_4,0.000,0.000,0.000,0.000
2025-12-03 16:01:15,mlx5_5,0.000,0.000,265.845,542.797
2025-12-03 16:01:15,mlx5_6,0.000,0.000,0.000,0.000
2025-12-03 16:01:15,mlx5_7,0.000,0.000,0.000,0.000
2025-12-03 16:01:15,mlx5_8,0.000,0.000,265.849,542.053
2025-12-03 16:01:15,mlx5_9,0.000,0.000,0.000,0.000
2025-12-03 16:01:15,TOTAL,0.000,0.000,1051.663,2159.137
2025-12-03 16:01:16,mlx5_0,0.000,0.000,0.000,0.000
2025-12-03 16:01:16,mlx5_1,0.000,0.000,253.665,529.785
2025-12-03 16:01:16,mlx5_2,0.000,0.000,0.000,0.000
2025-12-03 16:01:16,mlx5_3,0.000,0.000,266.304,544.503
2025-12-03 16:01:16,mlx5_4,0.000,0.000,0.000,0.000
2025-12-03 16:01:16,mlx5_5,0.000,0.000,265.845,542.797
2025-12-03 16:01:16,mlx5_6,0.000,0.000,0.000,0.000
2025-12-03 16:01:16,mlx5_7,0.000,0.000,0.000,0.000
2025-12-03 16:01:16,mlx5_8,0.000,0.000,265.849,542.053
2025-12-03 16:01:16,mlx5_9,0.000,0.000,0.000,0.000
2025-12-03 16:01:16,TOTAL,0.000,0.000,1051.663,2159.137
2025-12-03 16:01:17,mlx5_0,0.000,0.000,0.000,0.000
2025-12-03 16:01:17,mlx5_1,0.000,0.000,253.665,529.785
2025-12-03 16:01:17,mlx5_2,0.000,0.000,0.000,0.000
2025-12-03 16:01:17,mlx5_3,0.000,0.000,266.304,544.503
2025-12-03 16:01:17,mlx5_4,0.000,0.000,0.000,0.000
2025-12-03 16:01:17,mlx5_5,0.000,0.000,265.845,542.797
2025-12-03 16:01:17,mlx5_6,0.000,0.000,0.000,0.000
2025-12-03 16:01:17,mlx5_7,0.000,0.000,0.000,0.000
2025-12-03 16:01:17,mlx5_8,0.000,0.000,265.849,542.053
2025-12-03 16:01:17,mlx5_9,0.000,0.000,0.000,0.000
2025-12-03 16:01:17,TOTAL,0.000,0.000,1051.663,2159.137
2025-12-03 16:01:18,mlx5_0,0.000,0.000,0.000,0.000
2025-12-03 16:01:18,mlx5_1,0.000,0.000,253.665,529.785
2025-12-03 16:01:18,mlx5_2,0.000,0.000,0.000,0.000
2025-12-03 16:01:18,mlx5_3,0.000,0.000,266.304,544.503
2025-12-03 16:01:18,mlx5_4,0.000,0.000,0.000,0.000
2025-12-03 16:01:18,mlx5_5,0.000,0.000,265.845,542.797
2025-12-03 16:01:18,mlx5_6,0.000,0.000,0.000,0.000
2025-12-03 16:01:18,mlx5_7,0.000,0.000,0.000,0.000
2025-12-03 16:01:18,mlx5_8,0.000,0.000,265.849,542.053
2025-12-03 16:01:18,mlx5_9,0.000,0.000,0.000,0.000
2025-12-03 16:01:18,TOTAL,0.000,0.000,1051.663,2159.137
2025-12-03 16:01:19,mlx5_0,0.000,0.000,0.000,0.000
2025-12-03 16:01:19,mlx5_1,0.000,0.000,253.665,529.785
2025-12-03 16:01:19,mlx5_2,0.000,0.000,0.000,0.000
2025-12-03 16:01:19,mlx5_3,0.000,0.000,266.304,544.503
2025-12-03 16:01:19,mlx5_4,0.000,0.000,0.000,0.000
2025-12-03 16:01:19,mlx5_5,0.000,0.000,265.845,542.797
2025-12-03 16:01:19,mlx5_6,0.000,0.000,0.000,0.000
2025-12-03 16:01:19,mlx5_7,0.000,0.000,0.000,0.000
2025-12-03 16:01:19,mlx5_8,0.000,0.000,265.849,542.053
2025-12-03 16:01:19,mlx5_9,0.000,0.000,0.000,0.000
2025-12-03 16:01:19,TOTAL,0.000,0.000,1051.663,2159.137
2025-12-03 16:01:20,mlx5_0,0.000,0.000,0.000,0.000
2025-12-03 16:01:20,mlx5_1,0.000,0.000,253.665,529.785
2025-12-03 16:01:20,mlx5_2,0.000,0.000,0.000,0.000
2025-12-03 16:01:20,mlx5_3,0.000,0.000,266.304,544.503
2025-12-03 16:01:20,mlx5_4,0.000,0.000,0.000,0.000
2025-12-03 16:01:20,mlx5_5,0.000,0.000,265.845,542.797
2025-12-03 16:01:20,mlx5_6,0.000,0.000,0.000,0.000
2025-12-03 16:01:20,mlx5_7,0.000,0.000,0.000,0.000
2025-12-03 16:01:20,mlx5_8,0.000,0.000,265.849,542.053
2025-12-03 16:01:20,mlx5_9,0.000,0.000,0.000,0.000
2025-12-03 16:01:20,TOTAL,0.000,0.000,1051.663,2159.137
2025-12-03 16:01:21,mlx5_0,0.000,0.000,0.000,0.000
2025-12-03 16:01:21,mlx5_1,0.000,0.000,253.665,529.785
2025-12-03 16:01:21,mlx5_2,0.000,0.000,0.000,0.000
2025-12-03 16:01:21,mlx5_3,0.000,0.000,266.304,544.503
2025-12-03 16:01:21,mlx5_4,0.000,0.000,0.000,0.000
2025-12-03 16:01:21,mlx5_5,0.000,0.000,265.845,542.797
2025-12-03 16:01:21,mlx5_6,0.000,0.000,0.000,0.000
2025-12-03 16:01:21,mlx5_7,0.000,0.000,0.000,0.000
2025-12-03 16:01:21,mlx5_8,0.000,0.000,265.849,542.053
2025-12-03 16:01:21,mlx5_9,0.000,0.000,0.000,0.000
2025-12-03 16:01:21,TOTAL,0.000,0.000,1051.663,2159.137
2025-12-03 16:01:22,mlx5_0,0.000,0.000,0.000,0.000
2025-12-03 16:01:22,mlx5_1,0.000,0.000,253.665,529.785
2025-12-03 16:01:22,mlx5_2,0.000,0.000,0.000,0.000
2025-12-03 16:01:22,mlx5_3,0.000,0.000,266.304,544.503
2025-12-03 16:01:22,mlx5_4,0.000,0.000,0.000,0.000
2025-12-03 16:01:22,mlx5_5,0.000,0.000,265.845,542.797
2025-12-03 16:01:22,mlx5_6,0.000,0.000,0.000,0.000
2025-12-03 16:01:22,mlx5_7,0.000,0.000,0.000,0.000
2025-12-03 16:01:22,mlx5_8,0.000,0.000,265.849,542.053
2025-12-03 16:01:22,mlx5_9,0.000,0.000,0.000,0.000
2025-12-03 16:01:22,TOTAL,0.000,0.000,1051.663,2159.137
2025-12-03 16:01:23,mlx5_0,0.000,0.000,0.000,0.000
2025-12-03 16:01:23,mlx5_1,0.000,0.000,253.665,529.785
2025-12-03 16:01:23,mlx5_2,0.000,0.000,0.000,0.000
2025-12-03 16:01:23,mlx5_3,0.000,0.000,266.304,544.503
2025-12-03 16:01:23,mlx5_4,0.000,0.000,0.000,0.000
2025-12-03 16:01:23,mlx5_5,0.000,0.000,265.845,542.797
2025-12-03 16:01:23,mlx5_6,0.000,0.000,0.000,0.000
2025-12-03 16:01:23,mlx5_7,0.000,0.000,0.000,0.000
2025-12-03 16:01:23,mlx5_8,0.000,0.000,265.849,542.053
2025-12-03 16:01:23,mlx5_9,0.000,0.000,0.000,0.000
2025-12-03 16:01:23,TOTAL,0.000,0.000,1051.663,2159.137
2025-12-03 16:01:24,mlx5_0,0.000,0.000,0.000,0.000
2025-12-03 16:01:24,mlx5_1,0.000,0.000,253.665,529.785
2025-12-03 16:01:24,mlx5_2,0.000,0.000,0.000,0.000
2025-12-03 16:01:24,mlx5_3,0.000,0.000,266.304,544.503
2025-12-03 16:01:24,mlx5_4,0.000,0.000,0.000,0.000
2025-12-03 16:01:24,mlx5_5,0.000,0.000,265.845,542.797
2025-12-03 16:01:24,mlx5_6,0.000,0.000,0.000,0.000
2025-12-03 16:01:24,mlx5_7,0.000,0.000,0.000,0.000
2025-12-03 16:01:24,mlx5_8,0.000,0.000,265.849,542.053
2025-12-03 16:01:24,mlx5_9,0.000,0.000,0.000,0.000
2025-12-03 16:01:24,TOTAL,0.000,0.000,1051.663,2159.137
2025-12-03 16:01:25,mlx5_0,0.000,0.000,0.000,0.000
2025-12-03 16:01:25,mlx5_1,0.000,0.000,253.665,529.785
2025-12-03 16:01:25,mlx5_2,0.000,0.000,0.000,0.000
2025-12-03 16:01:25,mlx5_3,0.000,0.000,266.304,544.503
2025-12-03 16:01:25,mlx5_4,0.000,0.000,0.000,0.000
2025-12-03 16:01:25,mlx5_5,0.000,0.000,265.845,542.797
2025-12-03 16:01:25,mlx5_6,0.000,0.000,0.000,0.000
2025-12-03 16:01:25,mlx5_7,0.000,0.000,0.000,0.000
2025-12-03 16:01:25,mlx5_8,0.000,0.000,265.849,542.053
2025-12-03 16:01:25,mlx5_9,0.000,0.000,0.000,0.000
2025-12-03 16:01:25,TOTAL,0.000,0.000,1051.663,2159.137
2025-12-03 16:01:26,mlx5_0,0.000,0.000,0.000,0.000
2025-12-03 16:01:26,mlx5_1,0.000,0.000,253.665,529.785
2025-12-03 16:01:26,mlx5_2,0.000,0.000,0.000,0.000
2025-12-03 16:01:26,mlx5_3,0.000,0.000,266.304,544.503
2025-12-03 16:01:26,mlx5_4,0.000,0.000,0.000,0.000
2025-12-03 16:01:26,mlx5_5,0.000,0.000,265.845,542.797
2025-12-03 16:01:26,mlx5_6,0.000,0.000,0.000,0.000
2025-12-03 16:01:26,mlx5_7,0.000,0.000,0.000,0.000
2025-12-03 16:01:26,mlx5_8,0.000,0.000,265.849,542.053
2025-12-03 16:01:26,mlx5_9,0.000,0.000,0.000,0.000
2025-12-03 16:01:26,TOTAL,0.000,0.000,1051.663,2159.137
2025-12-03 16:01:27,mlx5_0,0.000,0.000,0.000,0.000
2025-12-03 16:01:27,mlx5_1,0.000,0.000,253.665,529.785
2025-12-03 16:01:27,mlx5_2,0.000,0.000,0.000,0.000
2025-12-03 16:01:27,mlx5_3,0.000,0.000,266.304,544.503
2025-12-03 16:01:27,mlx5_4,0.000,0.000,0.000,0.000
2025-12-03 16:01:27,mlx5_5,0.000,0.000,265.845,542.797
2025-12-03 16:01:27,mlx5_6,0.000,0.000,0.000,0.000
2025-12-03 16:01:27,mlx5_7,0.000,0.000,0.000,0.000
2025-12-03 16:01:27,mlx5_8,0.000,0.000,265.849,542.053
2025-12-03 16:01:27,mlx5_9,0.000,0.000,0.000,0.000
2025-12-03 16:01:27,TOTAL,0.000,0.000,1051.663,2159.137
2025-12-03 16:01:28,mlx5_0,0.000,0.000,0.000,0.000
2025-12-03 16:01:28,mlx5_1,0.000,0.000,253.665,529.785
2025-12-03 16:01:28,mlx5_2,0.000,0.000,0.000,0.000
2025-12-03 16:01:28,mlx5_3,0.000,0.000,266.304,544.503
2025-12-03 16:01:28,mlx5_4,0.000,0.000,0.000,0.000
2025-12-03 16:01:28,mlx5_5,0.000,0.000,265.845,542.797
2025-12-03 16:01:28,mlx5_6,0.000,0.000,0.000,0.000
2025-12-03 16:01:28,mlx5_7,0.000,0.000,0.000,0.000
2025-12-03 16:01:28,mlx5_8,0.000,0.000,265.849,542.053
2025-12-03 16:01:28,mlx5_9,0.000,0.000,0.000,0.000
2025-12-03 16:01:28,TOTAL,0.000,0.000,1051.663,2159.137
2025-12-03 16:01:29,mlx5_0,0.000,0.000,0.000,0.000
2025-12-03 16:01:29,mlx5_1,0.000,0.000,253.665,529.785
2025-12-03 16:01:29,mlx5_2,0.000,0.000,0.000,0.000
2025-12-03 16:01:29,mlx5_3,0.000,0.000,266.304,544.503
2025-12-03 16:01:29,mlx5_4,0.000,0.000,0.000,0.000
2025-12-03 16:01:29,mlx5_5,0.000,0.000,265.845,542.797
2025-12-03 16:01:29,mlx5_6,0.000,0.000,0.000,0.000
2025-12-03 16:01:29,mlx5_7,0.000,0.000,0.000,0.000
2025-12-03 16:01:29,mlx5_8,0.000,0.000,265.849,542.053
2025-12-03 16:01:29,mlx5_9,0.000,0.000,0.000,0.000
2025-12-03 16:01:29,TOTAL,0.000,0.000,1051.663,2159.137
2025-12-03 16:01:30,mlx5_0,0.000,0.000,0.000,0.000
2025-12-03 16:01:30,mlx5_1,0.000,0.000,253.665,529.785
2025-12-03 16:01:30,mlx5_2,0.000,0.000,0.000,0.000
2025-12-03 16:01:30,mlx5_3,0.000,0.000,266.304,544.503
2025-12-03 16:01:30,mlx5_4,0.000,0.000,0.000,0.000
2025-12-03 16:01:30,mlx5_5,0.000,0.000,265.845,542.797
2025-12-03 16:01:30,mlx5_6,0.000,0.000,0.000,0.000
2025-12-03 16:01:30,mlx5_7,0.000,0.000,0.000,0.000
2025-12-03 16:01:30,mlx5_8,0.000,0.000,265.849,542.053
2025-12-03 16:01:30,mlx5_9,0.000,0.000,0.000,0.000
2025-12-03 16:01:30,TOTAL,0.000,0.000,1051.663,2159.137
2025-12-03 16:01:31,mlx5_0,0.000,0.000,0.000,0.000
2025-12-03 16:01:31,mlx5_1,0.000,0.000,253.665,529.785
2025-12-03 16:01:31,mlx5_2,0.000,0.000,0.000,0.000
2025-12-03 16:01:31,mlx5_3,0.000,0.000,266.304,544.503
2025-12-03 16:01:31,mlx5_4,0.000,0.000,0.000,0.000
2025-12-03 16:01:31,mlx5_5,0.000,0.000,265.845,542.797
2025-12-03 16:01:31,mlx5_6,0.000,0.000,0.000,0.000
2025-12-03 16:01:31,mlx5_7,0.000,0.000,0.000,0.000
2025-12-03 16:01:31,mlx5_8,0.000,0.000,265.849,542.053
2025-12-03 16:01:31,mlx5_9,0.000,0.000,0.000,0.000
2025-12-03 16:01:31,TOTAL,0.000,0.000,1051.663,2159.137
2025-12-03 16:01:32,mlx5_0,0.000,0.000,0.000,0.000
2025-12-03 16:01:32,mlx5_1,0.000,0.000,253.665,529.785
2025-12-03 16:01:32,mlx5_2,0.000,0.000,0.000,0.000
2025-12-03 16:01:32,mlx5_3,0.000,0.000,266.304,544.503
2025-12-03 16:01:32,mlx5_4,0.000,0.000,0.000,0.000
2025-12-03 16:01:32,mlx5_5,0.000,0.000,265.845,542.797
2025-12-03 16:01:32,mlx5_6,0.000,0.000,0.000,0.000
2025-12-03 16:01:32,mlx5_7,0.000,0.000,0.000,0.000
2025-12-03 16:01:32,mlx5_8,0.000,0.000,265.849,542.053
2025-12-03 16:01:32,mlx5_9,0.000,0.000,0.000,0.000
2025-12-03 16:01:32,TOTAL,0.000,0.000,1051.663,2159.137
2025-12-03 16:01:33,mlx5_0,0.000,0.000,0.000,0.000
2025-12-03 16:01:33,mlx5_1,0.000,0.000,253.665,529.785
2025-12-03 16:01:33,mlx5_2,0.000,0.000,0.000,0.000
2025-12-03 16:01:33,mlx5_3,0.000,0.000,266.304,544.503
2025-12-03 16:01:33,mlx5_4,0.000,0.000,0.000,0.000
2025-12-03 16:01:33,mlx5_5,0.000,0.000,265.845,542.797
2025-12-03 16:01:33,mlx5_6,0.000,0.000,0.000,0.000
2025-12-03 16:01:33,mlx5_7,0.000,0.000,0.000,0.000
2025-12-03 16:01:33,mlx5_8,0.000,0.000,265.849,542.053
2025-12-03 16:01:33,mlx5_9,0.000,0.000,0.000,0.000
2025-12-03 16:01:33,TOTAL,0.000,0.000,1051.663,2159.137
2025-12-03 16:01:34,mlx5_0,0.000,0.000,0.000,0.000
2025-12-03 16:01:34,mlx5_1,0.000,0.000,253.665,529.785
2025-12-03 16:01:34,mlx5_2,0.000,0.000,0.000,0.000
2025-12-03 16:01:34,mlx5_3,0.000,0.000,266.304,544.503
2025-12-03 16:01:34,mlx5_4,0.000,0.000,0.000,0.000
2025-12-03 16:01:34,mlx5_5,0.000,0.000,265.845,542.797
2025-12-03 16:01:34,mlx5_6,0.000,0.000,0.000,0.000
2025-12-03 16:01:34,mlx5_7,0.000,0.000,0.000,0.000
2025-12-03 16:01:34,mlx5_8,0.000,0.000,265.849,542.053
2025-12-03 16:01:34,mlx5_9,0.000,0.000,0.000,0.000
2025-12-03 16:01:34,TOTAL,0.000,0.000,1051.663,2159.137
2025-12-03 16:01:35,mlx5_0,0.000,0.000,0.000,0.000
2025-12-03 16:01:35,mlx5_1,0.000,0.000,253.665,529.785
2025-12-03 16:01:35,mlx5_2,0.000,0.000,0.000,0.000
2025-12-03 16:01:35,mlx5_3,0.000,0.000,266.304,544.503
2025-12-03 16:01:35,mlx5_4,0.000,0.000,0.000,0.000
2025-12-03 16:01:35,mlx5_5,0.000,0.000,265.845,542.797
2025-12-03 16:01:35,mlx5_6,0.000,0.000,0.000,0.000
2025-12-03 16:01:35,mlx5_7,0.000,0.000,0.000,0.000
2025-12-03 16:01:35,mlx5_8,0.000,0.000,265.849,542.053
2025-12-03 16:01:35,mlx5_9,0.000,0.000,0.000,0.000
2025-12-03 16:01:35,TOTAL,0.000,0.000,1051.663,2159.137
2025-12-03 16:01:36,mlx5_0,0.000,0.000,0.000,0.000
2025-12-03 16:01:36,mlx5_1,0.000,0.000,253.665,529.785
2025-12-03 16:01:36,mlx5_2,0.000,0.000,0.000,0.000
2025-12-03 16:01:36,mlx5_3,0.000,0.000,266.304,544.503
2025-12-03 16:01:36,mlx5_4,0.000,0.000,0.000,0.000
2025-12-03 16:01:36,mlx5_5,0.000,0.000,265.845,542.797
2025-12-03 16:01:36,mlx5_6,0.000,0.000,0.000,0.000
2025-12-03 16:01:36,mlx5_7,0.000,0.000,0.000,0.000
2025-12-03 16:01:36,mlx5_8,0.000,0.000,265.849,542.053
2025-12-03 16:01:36,mlx5_9,0.000,0.000,0.000,0.000
2025-12-03 16:01:36,TOTAL,0.000,0.000,1051.663,2159.137
2025-12-03 16:01:37,mlx5_0,0.000,0.000,0.000,0.000
2025-12-03 16:01:37,mlx5_1,0.000,0.000,253.665,529.785
2025-12-03 16:01:37,mlx5_2,0.000,0.000,0.000,0.000
2025-12-03 16:01:37,mlx5_3,0.000,0.000,266.304,544.503
2025-12-03 16:01:37,mlx5_4,0.000,0.000,0.000,0.000
2025-12-03 16:01:37,mlx5_5,0.000,0.000,265.845,542.797
2025-12-03 16:01:37,mlx5_6,0.000,0.000,0.000,0.000
2025-12-03 16:01:37,mlx5_7,0.000,0.000,0.000,0.000
2025-12-03 16:01:37,mlx5_8,0.000,0.000,265.849,542.053
2025-12-03 16:01:37,mlx5_9,0.000,0.000,0.000,0.000
2025-12-03 16:01:37,TOTAL,0.000,0.000,1051.663,2159.137
2025-12-03 16:01:38,mlx5_0,0.000,0.000,0.000,0.000
2025-12-03 16:01:38,mlx5_1,0.000,0.000,253.665,529.785
2025-12-03 16:01:38,mlx5_2,0.000,0.000,0.000,0.000
2025-12-03 16:01:38,mlx5_3,0.000,0.000,266.304,544.503
2025-12-03 16:01:38,mlx5_4,0.000,0.000,0.000,0.000
2025-12-03 16:01:38,mlx5_5,0.000,0.000,265.845,542.797
2025-12-03 16:01:38,mlx5_6,0.000,0.000,0.000,0.000
2025-12-03 16:01:38,mlx5_7,0.000,0.000,0.000,0.000
2025-12-03 16:01:38,mlx5_8,0.000,0.000,265.849,542.053
2025-12-03 16:01:38,mlx5_9,0.000,0.000,0.000,0.000
2025-12-03 16:01:38,TOTAL,0.000,0.000,1051.663,2159.137
2025-12-03 16:01:39,mlx5_0,0.000,0.000,0.000,0.000
2025-12-03 16:01:39,mlx5_1,0.000,0.000,253.665,529.785
2025-12-03 16:01:39,mlx5_2,0.000,0.000,0.000,0.000
2025-12-03 16:01:39,mlx5_3,0.000,0.000,266.304,544.503
2025-12-03 16:01:39,mlx5_4,0.000,0.000,0.000,0.000
2025-12-03 16:01:39,mlx5_5,0.000,0.000,265.845,542.797
2025-12-03 16:01:39,mlx5_6,0.000,0.000,0.000,0.000
2025-12-03 16:01:39,mlx5_7,0.000,0.000,0.000,0.000
2025-12-03 16:01:39,mlx5_8,0.000,0.000,265.849,542.053
2025-12-03 16:01:39,mlx5_9,0.000,0.000,0.000,0.000
2025-12-03 16:01:39,TOTAL,0.000,0.000,1051.663,2159.137
2025-12-03 16:01:40,mlx5_0,0.000,0.000,0.000,0.000
2025-12-03 16:01:40,mlx5_1,0.000,0.000,253.665,529.785
2025-12-03 16:01:40,mlx5_2,0.000,0.000,0.000,0.000
2025-12-03 16:01:40,mlx5_3,0.000,0.000,266.304,544.503
2025-12-03 16:01:40,mlx5_4,0.000,0.000,0.000,0.000
2025-12-03 16:01:40,mlx5_5,0.000,0.000,265.845,542.797
2025-12-03 16:01:40,mlx5_6,0.000,0.000,0.000,0.000
2025-12-03 16:01:40,mlx5_7,0.000,0.000,0.000,0.000
2025-12-03 16:01:40,mlx5_8,0.000,0.000,265.849,542.053
2025-12-03 16:01:40,mlx5_9,0.000,0.000,0.000,0.000
2025-12-03 16:01:40,TOTAL,0.000,0.000,1051.663,2159.137
2025-12-03 16:01:41,mlx5_0,0.000,0.000,0.000,0.000
2025-12-03 16:01:41,mlx5_1,0.000,0.000,253.665,529.785
2025-12-03 16:01:41,mlx5_2,0.000,0.000,0.000,0.000
2025-12-03 16:01:41,mlx5_3,0.000,0.000,266.304,544.503
2025-12-03 16:01:41,mlx5_4,0.000,0.000,0.000,0.000
2025-12-03 16:01:41,mlx5_5,0.000,0.000,265.845,542.797
2025-12-03 16:01:41,mlx5_6,0.000,0.000,0.000,0.000
2025-12-03 16:01:41,mlx5_7,0.000,0.000,0.000,0.000
2025-12-03 16:01:41,mlx5_8,0.000,0.000,265.849,542.053
2025-12-03 16:01:41,mlx5_9,0.000,0.000,0.000,0.000
2025-12-03 16:01:41,TOTAL,0.000,0.000,1051.663,2159.137
2025-12-03 16:01:42,mlx5_0,0.000,0.000,0.000,0.000
2025-12-03 16:01:42,mlx5_1,0.000,0.000,253.665,529.785
2025-12-03 16:01:42,mlx5_2,0.000,0.000,0.000,0.000
2025-12-03 16:01:42,mlx5_3,0.000,0.000,266.304,544.503
2025-12-03 16:01:42,mlx5_4,0.000,0.000,0.000,0.000
2025-12-03 16:01:42,mlx5_5,0.000,0.000,265.845,542.797
2025-12-03 16:01:42,mlx5_6,0.000,0.000,0.000,0.000
2025-12-03 16:01:42,mlx5_7,0.000,0.000,0.000,0.000
2025-12-03 16:01:42,mlx5_8,0.000,0.000,265.849,542.053
2025-12-03 16:01:42,mlx5_9,0.000,0.000,0.000,0.000
2025-12-03 16:01:42,TOTAL,0.000,0.000,1051.663,2159.137
2025-12-03 16:01:43,mlx5_0,0.000,0.000,0.000,0.000
2025-12-03 16:01:43,mlx5_1,0.000,0.000,253.665,529.785
2025-12-03 16:01:43,mlx5_2,0.000,0.000,0.000,0.000
2025-12-03 16:01:43,mlx5_3,0.000,0.000,266.304,544.503
2025-12-03 16:01:43,mlx5_4,0.000,0.000,0.000,0.000
2025-12-03 16:01:43,mlx5_5,0.000,0.000,265.845,542.797
2025-12-03 16:01:43,mlx5_6,0.000,0.000,0.000,0.000
2025-12-03 16:01:43,mlx5_7,0.000,0.000,0.000,0.000
2025-12-03 16:01:43,mlx5_8,0.000,0.000,265.849,542.053
2025-12-03 16:01:43,mlx5_9,0.000,0.000,0.000,0.000
2025-12-03 16:01:43,TOTAL,0.000,0.000,1051.663,2159.137
2025-12-03 16:01:44,mlx5_0,0.000,0.000,0.000,0.000
2025-12-03 16:01:44,mlx5_1,0.000,0.000,253.665,529.785
2025-12-03 16:01:44,mlx5_2,0.000,0.000,0.000,0.000
2025-12-03 16:01:44,mlx5_3,0.000,0.000,266.304,544.503
2025-12-03 16:01:44,mlx5_4,0.000,0.000,0.000,0.000
2025-12-03 16:01:44,mlx5_5,0.000,0.000,265.845,542.797
2025-12-03 16:01:44,mlx5_6,0.000,0.000,0.000,0.000
2025-12-03 16:01:44,mlx5_7,0.000,0.000,0.000,0.000
2025-12-03 16:01:44,mlx5_8,0.000,0.000,265.849,542.053
2025-12-03 16:01:44,mlx5_9,0.000,0.000,0.000,0.000
2025-12-03 16:01:44,TOTAL,0.000,0.000,1051.663,2159.137
2025-12-03 16:01:45,mlx5_0,0.000,0.000,0.000,0.000
2025-12-03 16:01:45,mlx5_1,0.000,0.000,253.665,529.785
2025-12-03 16:01:45,mlx5_2,0.000,0.000,0.000,0.000
2025-12-03 16:01:45,mlx5_3,0.000,0.000,266.304,544.503
2025-12-03 16:01:45,mlx5_4,0.000,0.000,0.000,0.000
2025-12-03 16:01:45,mlx5_5,0.000,0.000,265.845,542.797
2025-12-03 16:01:45,mlx5_6,0.000,0.000,0.000,0.000
2025-12-03 16:01:45,mlx5_7,0.000,0.000,0.000,0.000
2025-12-03 16:01:45,mlx5_8,0.000,0.000,265.849,542.053
2025-12-03 16:01:45,mlx5_9,0.000,0.000,0.000,0.000
2025-12-03 16:01:45,TOTAL,0.000,0.000,1051.663,2159.137
2025-12-03 16:01:46,mlx5_0,0.000,0.000,0.000,0.000
2025-12-03 16:01:46,mlx5_1,0.000,0.000,253.665,529.785
2025-12-03 16:01:46,mlx5_2,0.000,0.000,0.000,0.000
2025-12-03 16:01:46,mlx5_3,0.000,0.000,266.304,544.503
2025-12-03 16:01:46,mlx5_4,0.000,0.000,0.000,0.000
2025-12-03 16:01:46,mlx5_5,0.000,0.000,265.845,542.797
2025-12-03 16:01:46,mlx5_6,0.000,0.000,0.000,0.000
2025-12-03 16:01:46,mlx5_7,0.000,0.000,0.000,0.000
2025-12-03 16:01:46,mlx5_8,0.000,0.000,265.849,542.053
2025-12-03 16:01:46,mlx5_9,0.000,0.000,0.000,0.000
2025-12-03 16:01:46,TOTAL,0.000,0.000,1051.663,2159.137
2025-12-03 16:01:47,mlx5_0,0.000,0.000,0.000,0.000
2025-12-03 16:01:47,mlx5_1,0.000,0.000,253.665,529.785
2025-12-03 16:01:47,mlx5_2,0.000,0.000,0.000,0.000
2025-12-03 16:01:47,mlx5_3,0.000,0.000,266.304,544.503
2025-12-03 16:01:47,mlx5_4,0.000,0.000,0.000,0.000
2025-12-03 16:01:47,mlx5_5,0.000,0.000,265.845,542.797
2025-12-03 16:01:47,mlx5_6,0.000,0.000,0.000,0.000
2025-12-03 16:01:47,mlx5_7,0.000,0.000,0.000,0.000
2025-12-03 16:01:47,mlx5_8,0.000,0.000,265.849,542.053
2025-12-03 16:01:47,mlx5_9,0.000,0.000,0.000,0.000
2025-12-03 16:01:47,TOTAL,0.000,0.000,1051.663,2159.137
2025-12-03 16:01:48,mlx5_0,0.000,0.000,0.000,0.000
2025-12-03 16:01:48,mlx5_1,0.000,0.000,253.665,529.785
2025-12-03 16:01:48,mlx5_2,0.000,0.000,0.000,0.000
2025-12-03 16:01:48,mlx5_3,0.000,0.000,266.304,544.503
2025-12-03 16:01:48,mlx5_4,0.000,0.000,0.000,0.000
2025-12-03 16:01:48,mlx5_5,0.000,0.000,265.845,542.797
2025-12-03 16:01:48,mlx5_6,0.000,0.000,0.000,0.000
2025-12-03 16:01:48,mlx5_7,0.000,0.000,0.000,0.000
2025-12-03 16:01:48,mlx5_8,0.000,0.000,265.849,542.053
2025-12-03 16:01:48,mlx5_9,0.000,0.000,0.000,0.000
2025-12-03 16:01:48,TOTAL,0.000,0.000,1051.663,2159.137
2025-12-03 16:01:49,mlx5_0,0.000,0.000,0.000,0.000
2025-12-03 16:01:49,mlx5_1,0.000,0.000,253.665,529.785
2025-12-03 16:01:49,mlx5_2,0.000,0.000,0.000,0.000
2025-12-03 16:01:49,mlx5_3,0.000,0.000,266.304,544.503
2025-12-03 16:01:49,mlx5_4,0.000,0.000,0.000,0.000
2025-12-03 16:01:49,mlx5_5,0.000,0.000,265.845,542.797
2025-12-03 16:01:49,mlx5_6,0.000,0.000,0.000,0.000
2025-12-03 16:01:49,mlx5_7,0.000,0.000,0.000,0.000
2025-12-03 16:01:49,mlx5_8,0.000,0.000,265.849,542.053
2025-12-03 16:01:49,mlx5_9,0.000,0.000,0.000,0.000
2025-12-03 16:01:49,TOTAL,0.000,0.000,1051.663,2159.137
2025-12-03 16:01:50,mlx5_0,0.000,0.000,0.000,0.000
2025-12-03 16:01:50,mlx5_1,0.000,0.000,253.665,529.785
2025-12-03 16:01:50,mlx5_2,0.000,0.000,0.000,0.000
2025-12-03 16:01:50,mlx5_3,0.000,0.000,266.304,544.503
2025-12-03 16:01:50,mlx5_4,0.000,0.000,0.000,0.000
2025-12-03 16:01:50,mlx5_5,0.000,0.000,265.845,542.797
2025-12-03 16:01:50,mlx5_6,0.000,0.000,0.000,0.000
2025-12-03 16:01:50,mlx5_7,0.000,0.000,0.000,0.000
2025-12-03 16:01:50,mlx5_8,0.000,0.000,265.849,542.053
2025-12-03 16:01:50,mlx5_9,0.000,0.000,0.000,0.000
2025-12-03 16:01:50,TOTAL,0.000,0.000,1051.663,2159.137
2025-12-03 16:01:51,mlx5_0,0.000,0.000,0.000,0.000
2025-12-03 16:01:51,mlx5_1,0.000,0.000,253.665,529.785
2025-12-03 16:01:51,mlx5_2,0.000,0.000,0.000,0.000
2025-12-03 16:01:51,mlx5_3,0.000,0.000,266.304,544.503
2025-12-03 16:01:51,mlx5_4,0.000,0.000,0.000,0.000
2025-12-03 16:01:51,mlx5_5,0.000,0.000,265.845,542.797
2025-12-03 16:01:51,mlx5_6,0.000,0.000,0.000,0.000
2025-12-03 16:01:51,mlx5_7,0.000,0.000,0.000,0.000
2025-12-03 16:01:51,mlx5_8,0.000,0.000,265.849,542.053
2025-12-03 16:01:51,mlx5_9,0.000,0.000,0.000,0.000
2025-12-03 16:01:51,TOTAL,0.000,0.000,1051.663,2159.137
2025-12-03 16:01:52,mlx5_0,0.000,0.000,0.000,0.000
2025-12-03 16:01:52,mlx5_1,0.000,0.000,253.665,529.785
2025-12-03 16:01:52,mlx5_2,0.000,0.000,0.000,0.000
2025-12-03 16:01:52,mlx5_3,0.000,0.000,266.304,544.503
2025-12-03 16:01:52,mlx5_4,0.000,0.000,0.000,0.000
2025-12-03 16:01:52,mlx5_5,0.000,0.000,265.845,542.797
2025-12-03 16:01:52,mlx5_6,0.000,0.000,0.000,0.000
2025-12-03 16:01:52,mlx5_7,0.000,0.000,0.000,0.000
2025-12-03 16:01:52,mlx5_8,0.000,0.000,265.849,542.053
2025-12-03 16:01:52,mlx5_9,0.000,0.000,0.000,0.000
2025-12-03 16:01:52,TOTAL,0.000,0.000,1051.663,2159.137
2025-12-03 16:01:53,mlx5_0,0.000,0.000,0.000,0.000
2025-12-03 16:01:53,mlx5_1,0.000,0.000,253.665,529.785
2025-12-03 16:01:53,mlx5_2,0.000,0.000,0.000,0.000
2025-12-03 16:01:53,mlx5_3,0.000,0.000,266.304,544.503
2025-12-03 16:01:53,mlx5_4,0.000,0.000,0.000,0.000
2025-12-03 16:01:53,mlx5_5,0.000,0.000,265.845,542.797
2025-12-03 16:01:53,mlx5_6,0.000,0.000,0.000,0.000
2025-12-03 16:01:53,mlx5_7,0.000,0.000,0.000,0.000
2025-12-03 16:01:53,mlx5_8,0.000,0.000,265.849,542.053
2025-12-03 16:01:53,mlx5_9,0.000,0.000,0.000,0.000
2025-12-03 16:01:53,TOTAL,0.000,0.000,1051.663,2159.137
2025-12-03 16:01:54,mlx5_0,0.000,0.000,0.000,0.000
2025-12-03 16:01:54,mlx5_1,0.000,0.000,253.665,529.785
2025-12-03 16:01:54,mlx5_2,0.000,0.000,0.000,0.000
2025-12-03 16:01:54,mlx5_3,0.000,0.000,266.304,544.503
2025-12-03 16:01:54,mlx5_4,0.000,0.000,0.000,0.000
2025-12-03 16:01:54,mlx5_5,0.000,0.000,265.845,542.797
2025-12-03 16:01:54,mlx5_6,0.000,0.000,0.000,0.000
2025-12-03 16:01:54,mlx5_7,0.000,0.000,0.000,0.000
2025-12-03 16:01:54,mlx5_8,0.000,0.000,265.849,542.053
2025-12-03 16:01:54,mlx5_9,0.000,0.000,0.000,0.000
2025-12-03 16:01:54,TOTAL,0.000,0.000,1051.663,2159.137
2025-12-03 16:01:55,mlx5_0,0.000,0.000,0.000,0.000
2025-12-03 16:01:55,mlx5_1,0.000,0.000,253.665,529.785
2025-12-03 16:01:55,mlx5_2,0.000,0.000,0.000,0.000
2025-12-03 16:01:55,mlx5_3,0.000,0.000,266.304,544.503
2025-12-03 16:01:55,mlx5_4,0.000,0.000,0.000,0.000
2025-12-03 16:01:55,mlx5_5,0.000,0.000,265.845,542.797
2025-12-03 16:01:55,mlx5_6,0.000,0.000,0.000,0.000
2025-12-03 16:01:55,mlx5_7,0.000,0.000,0.000,0.000
2025-12-03 16:01:55,mlx5_8,0.000,0.000,265.849,542.053
2025-12-03 16:01:55,mlx5_9,0.000,0.000,0.000,0.000
2025-12-03 16:01:55,TOTAL,0.000,0.000,1051.663,2159.137
2025-12-03 16:01:56,mlx5_0,0.000,0.000,0.000,0.000
2025-12-03 16:01:56,mlx5_1,0.000,0.000,253.665,529.785
2025-12-03 16:01:56,mlx5_2,0.000,0.000,0.000,0.000
2025-12-03 16:01:56,mlx5_3,0.000,0.000,266.304,544.503
2025-12-03 16:01:56,mlx5_4,0.000,0.000,0.000,0.000
2025-12-03 16:01:56,mlx5_5,0.000,0.000,265.845,542.797
2025-12-03 16:01:56,mlx5_6,0.000,0.000,0.000,0.000
2025-12-03 16:01:56,mlx5_7,0.000,0.000,0.000,0.000
2025-12-03 16:01:56,mlx5_8,0.000,0.000,265.849,542.053
2025-12-03 16:01:56,mlx5_9,0.000,0.000,0.000,0.000
2025-12-03 16:01:56,TOTAL,0.000,0.000,1051.663,2159.137
2025-12-03 16:01:57,mlx5_0,0.000,0.000,0.000,0.000
2025-12-03 16:01:57,mlx5_1,0.000,0.000,253.665,529.785
2025-12-03 16:01:57,mlx5_2,0.000,0.000,0.000,0.000
2025-12-03 16:01:57,mlx5_3,0.000,0.000,266.304,544.503
2025-12-03 16:01:57,mlx5_4,0.000,0.000,0.000,0.000
2025-12-03 16:01:57,mlx5_5,0.000,0.000,265.845,542.797
2025-12-03 16:01:57,mlx5_6,0.000,0.000,0.000,0.000
2025-12-03 16:01:57,mlx5_7,0.000,0.000,0.000,0.000
2025-12-03 16:01:57,mlx5_8,0.000,0.000,265.849,542.053
2025-12-03 16:01:57,mlx5_9,0.000,0.000,0.000,0.000
2025-12-03 16:01:57,TOTAL,0.000,0.000,1051.663,2159.137
2025-12-03 16:01:58,mlx5_0,0.000,0.000,0.000,0.000
2025-12-03 16:01:58,mlx5_1,0.000,0.000,253.665,529.785
2025-12-03 16:01:58,mlx5_2,0.000,0.000,0.000,0.000
2025-12-03 16:01:58,mlx5_3,0.000,0.000,266.304,544.503
2025-12-03 16:01:58,mlx5_4,0.000,0.000,0.000,0.000
2025-12-03 16:01:58,mlx5_5,0.000,0.000,265.845,542.797
2025-12-03 16:01:58,mlx5_6,0.000,0.000,0.000,0.000
2025-12-03 16:01:58,mlx5_7,0.000,0.000,0.000,0.000
2025-12-03 16:01:58,mlx5_8,0.000,0.000,265.849,542.053
2025-12-03 16:01:58,mlx5_9,0.000,0.000,0.000,0.000
2025-12-03 16:01:58,TOTAL,0.000,0.000,1051.663,2159.137
2025-12-03 16:01:59,mlx5_0,0.000,0.000,0.000,0.000
2025-12-03 16:01:59,mlx5_1,0.000,0.000,253.665,529.785
2025-12-03 16:01:59,mlx5_2,0.000,0.000,0.000,0.000
2025-12-03 16:01:59,mlx5_3,0.000,0.000,266.304,544.503
2025-12-03 16:01:59,mlx5_4,0.000,0.000,0.000,0.000
2025-12-03 16:01:59,mlx5_5,0.000,0.000,265.845,542.797
2025-12-03 16:01:59,mlx5_6,0.000,0.000,0.000,0.000
2025-12-03 16:01:59,mlx5_7,0.000,0.000,0.000,0.000
2025-12-03 16:01:59,mlx5_8,0.000,0.000,265.849,542.053
2025-12-03 16:01:59,mlx5_9,0.000,0.000,0.000,0.000
2025-12-03 16:01:59,TOTAL,0.000,0.000,1051.663,2159.137
2025-12-03 16:02:00,mlx5_0,0.000,0.000,0.000,0.000
2025-12-03 16:02:00,mlx5_1,0.000,0.000,253.665,529.785
2025-12-03 16:02:00,mlx5_2,0.000,0.000,0.000,0.000
2025-12-03 16:02:00,mlx5_3,0.000,0.000,266.304,544.503
2025-12-03 16:02:00,mlx5_4,0.000,0.000,0.000,0.000
2025-12-03 16:02:00,mlx5_5,0.000,0.000,265.845,542.797
2025-12-03 16:02:00,mlx5_6,0.000,0.000,0.000,0.000
2025-12-03 16:02:00,mlx5_7,0.000,0.000,0.000,0.000
2025-12-03 16:02:00,mlx5_8,0.000,0.000,265.849,542.053
2025-12-03 16:02:00,mlx5_9,0.000,0.000,0.000,0.000
2025-12-03 16:02:00,TOTAL,0.000,0.000,1051.663,2159.137
2025-12-03 16:02:01,mlx5_0,0.000,0.000,0.000,0.000
2025-12-03 16:02:01,mlx5_1,0.000,0.000,253.665,529.785
2025-12-03 16:02:01,mlx5_2,0.000,0.000,0.000,0.000
2025-12-03 16:02:01,mlx5_3,0.000,0.000,266.304,544.503
2025-12-03 16:02:01,mlx5_4,0.000,0.000,0.000,0.000
2025-12-03 16:02:01,mlx5_5,0.000,0.000,265.845,542.797
2025-12-03 16:02:01,mlx5_6,0.000,0.000,0.000,0.000
2025-12-03 16:02:01,mlx5_7,0.000,0.000,0.000,0.000
2025-12-03 16:02:01,mlx5_8,0.000,0.000,265.849,542.053
2025-12-03 16:02:01,mlx5_9,0.000,0.000,0.000,0.000
2025-12-03 16:02:01,TOTAL,0.000,0.000,1051.663,2159.137
2025-12-03 16:02:02,mlx5_0,0.000,0.000,0.000,0.000
2025-12-03 16:02:02,mlx5_1,3.400,0.005,254.092,529.786
2025-12-03 16:02:02,mlx5_2,0.000,0.000,0.000,0.000
2025-12-03 16:02:02,mlx5_3,5.090,0.008,266.943,544.503
2025-12-03 16:02:02,mlx5_4,0.000,0.000,0.000,0.000
2025-12-03 16:02:02,mlx5_5,5.165,0.008,266.493,542.798
2025-12-03 16:02:02,mlx5_6,0.000,0.000,0.000,0.000
2025-12-03 16:02:02,mlx5_7,0.000,0.000,0.000,0.000
2025-12-03 16:02:02,mlx5_8,5.185,0.008,266.500,542.054
2025-12-03 16:02:02,mlx5_9,0.000,0.000,0.000,0.000
2025-12-03 16:02:02,TOTAL,18.839,0.028,1054.027,2159.141
2025-12-03 16:02:03,mlx5_0,0.000,0.000,0.000,0.000
2025-12-03 16:02:03,mlx5_1,0.000,0.000,254.092,529.786
2025-12-03 16:02:03,mlx5_2,0.000,0.000,0.000,0.000
2025-12-03 16:02:03,mlx5_3,0.000,0.000,266.943,544.503
2025-12-03 16:02:03,mlx5_4,0.000,0.000,0.000,0.000
2025-12-03 16:02:03,mlx5_5,0.000,0.000,266.493,542.798
2025-12-03 16:02:03,mlx5_6,0.000,0.000,0.000,0.000
2025-12-03 16:02:03,mlx5_7,0.000,0.000,0.000,0.000
2025-12-03 16:02:03,mlx5_8,0.000,0.000,266.500,542.054
2025-12-03 16:02:03,mlx5_9,0.000,0.000,0.000,0.000
2025-12-03 16:02:03,TOTAL,0.000,0.000,1054.027,2159.141
2025-12-03 16:02:04,mlx5_0,0.000,0.000,0.000,0.000
2025-12-03 16:02:04,mlx5_1,0.000,0.000,254.092,529.786
2025-12-03 16:02:04,mlx5_2,0.000,0.000,0.000,0.000
2025-12-03 16:02:04,mlx5_3,0.000,0.000,266.943,544.503
2025-12-03 16:02:04,mlx5_4,0.000,0.000,0.000,0.000
2025-12-03 16:02:04,mlx5_5,0.000,0.000,266.493,542.798
2025-12-03 16:02:04,mlx5_6,0.000,0.000,0.000,0.000
2025-12-03 16:02:04,mlx5_7,0.000,0.000,0.000,0.000
2025-12-03 16:02:04,mlx5_8,0.000,0.000,266.500,542.054
2025-12-03 16:02:04,mlx5_9,0.000,0.000,0.000,0.000
2025-12-03 16:02:04,TOTAL,0.000,0.000,1054.027,2159.141
2025-12-03 16:02:05,mlx5_0,0.000,0.000,0.000,0.000
2025-12-03 16:02:05,mlx5_1,0.000,0.000,254.092,529.786
2025-12-03 16:02:05,mlx5_2,0.000,0.000,0.000,0.000
2025-12-03 16:02:05,mlx5_3,0.000,0.000,266.943,544.503
2025-12-03 16:02:05,mlx5_4,0.000,0.000,0.000,0.000
2025-12-03 16:02:05,mlx5_5,0.000,0.000,266.493,542.798
2025-12-03 16:02:05,mlx5_6,0.000,0.000,0.000,0.000
2025-12-03 16:02:05,mlx5_7,0.000,0.000,0.000,0.000
2025-12-03 16:02:05,mlx5_8,0.000,0.000,266.500,542.054
2025-12-03 16:02:05,mlx5_9,0.000,0.000,0.000,0.000
2025-12-03 16:02:05,TOTAL,0.000,0.000,1054.027,2159.141
2025-12-03 16:02:06,mlx5_0,0.000,0.000,0.000,0.000
2025-12-03 16:02:06,mlx5_1,0.000,0.000,254.092,529.786
2025-12-03 16:02:06,mlx5_2,0.000,0.000,0.000,0.000
2025-12-03 16:02:06,mlx5_3,0.000,0.000,266.943,544.503
2025-12-03 16:02:06,mlx5_4,0.000,0.000,0.000,0.000
2025-12-03 16:02:06,mlx5_5,0.000,0.000,266.493,542.798
2025-12-03 16:02:06,mlx5_6,0.000,0.000,0.000,0.000
2025-12-03 16:02:06,mlx5_7,0.000,0.000,0.000,0.000
2025-12-03 16:02:06,mlx5_8,0.000,0.000,266.500,542.054
2025-12-03 16:02:06,mlx5_9,0.000,0.000,0.000,0.000
2025-12-03 16:02:06,TOTAL,0.000,0.000,1054.027,2159.141
2025-12-03 16:02:07,mlx5_0,0.000,0.000,0.000,0.000
2025-12-03 16:02:07,mlx5_1,0.000,0.000,254.092,529.786
2025-12-03 16:02:07,mlx5_2,0.000,0.000,0.000,0.000
2025-12-03 16:02:07,mlx5_3,0.000,0.000,266.943,544.503
2025-12-03 16:02:07,mlx5_4,0.000,0.000,0.000,0.000
2025-12-03 16:02:07,mlx5_5,0.000,0.000,266.493,542.798
2025-12-03 16:02:07,mlx5_6,0.000,0.000,0.000,0.000
2025-12-03 16:02:07,mlx5_7,0.000,0.000,0.000,0.000
2025-12-03 16:02:07,mlx5_8,0.000,0.000,266.500,542.054
2025-12-03 16:02:07,mlx5_9,0.000,0.000,0.000,0.000
2025-12-03 16:02:07,TOTAL,0.000,0.000,1054.027,2159.141
2025-12-03 16:02:08,mlx5_0,0.000,0.000,0.000,0.000
2025-12-03 16:02:08,mlx5_1,0.000,0.000,254.092,529.786
2025-12-03 16:02:08,mlx5_2,0.000,0.000,0.000,0.000
2025-12-03 16:02:08,mlx5_3,0.000,0.000,266.943,544.503
2025-12-03 16:02:08,mlx5_4,0.000,0.000,0.000,0.000
2025-12-03 16:02:08,mlx5_5,0.000,0.000,266.493,542.798
2025-12-03 16:02:08,mlx5_6,0.000,0.000,0.000,0.000
2025-12-03 16:02:08,mlx5_7,0.000,0.000,0.000,0.000
2025-12-03 16:02:08,mlx5_8,0.000,0.000,266.500,542.054
2025-12-03 16:02:08,mlx5_9,0.000,0.000,0.000,0.000
2025-12-03 16:02:08,TOTAL,0.000,0.000,1054.027,2159.141
2025-12-03 16:02:09,mlx5_0,0.000,0.000,0.000,0.000
2025-12-03 16:02:09,mlx5_1,0.000,0.000,254.092,529.786
2025-12-03 16:02:09,mlx5_2,0.000,0.000,0.000,0.000
2025-12-03 16:02:09,mlx5_3,0.000,0.000,266.943,544.503
2025-12-03 16:02:09,mlx5_4,0.000,0.000,0.000,0.000
2025-12-03 16:02:09,mlx5_5,0.000,0.000,266.493,542.798
2025-12-03 16:02:09,mlx5_6,0.000,0.000,0.000,0.000
2025-12-03 16:02:09,mlx5_7,0.000,0.000,0.000,0.000
2025-12-03 16:02:09,mlx5_8,0.000,0.000,266.500,542.054
2025-12-03 16:02:09,mlx5_9,0.000,0.000,0.000,0.000
2025-12-03 16:02:09,TOTAL,0.000,0.000,1054.027,2159.141
2025-12-03 16:02:10,mlx5_0,0.000,0.000,0.000,0.000
2025-12-03 16:02:10,mlx5_1,12.408,0.017,255.651,529.788
2025-12-03 16:02:10,mlx5_2,0.000,0.000,0.000,0.000
2025-12-03 16:02:10,mlx5_3,17.906,0.026,269.192,544.507
2025-12-03 16:02:10,mlx5_4,0.000,0.000,0.000,0.000
2025-12-03 16:02:10,mlx5_5,17.835,0.026,268.733,542.801
2025-12-03 16:02:10,mlx5_6,0.000,0.000,0.000,0.000
2025-12-03 16:02:10,mlx5_7,0.000,0.000,0.000,0.000
2025-12-03 16:02:10,mlx5_8,17.703,0.024,268.724,542.057
2025-12-03 16:02:10,mlx5_9,0.000,0.000,0.000,0.000
2025-12-03 16:02:10,TOTAL,65.852,0.093,1062.300,2159.153
2025-12-03 16:02:11,mlx5_0,0.000,0.000,0.000,0.000
2025-12-03 16:02:11,mlx5_1,2.130,0.003,255.918,529.788
2025-12-03 16:02:11,mlx5_2,0.000,0.000,0.000,0.000
2025-12-03 16:02:11,mlx5_3,3.589,0.005,269.643,544.507
2025-12-03 16:02:11,mlx5_4,0.000,0.000,0.000,0.000
2025-12-03 16:02:11,mlx5_5,3.398,0.005,269.160,542.801
2025-12-03 16:02:11,mlx5_6,0.000,0.000,0.000,0.000
2025-12-03 16:02:11,mlx5_7,0.000,0.000,0.000,0.000
2025-12-03 16:02:11,mlx5_8,3.615,0.005,269.178,542.058
2025-12-03 16:02:11,mlx5_9,0.000,0.000,0.000,0.000
2025-12-03 16:02:11,TOTAL,12.732,0.017,1063.898,2159.155
2025-12-03 16:02:12,mlx5_0,0.000,0.000,0.000,0.000
2025-12-03 16:02:12,mlx5_1,0.000,0.000,255.918,529.788
2025-12-03 16:02:12,mlx5_2,0.000,0.000,0.000,0.000
2025-12-03 16:02:12,mlx5_3,0.000,0.000,269.643,544.507
2025-12-03 16:02:12,mlx5_4,0.000,0.000,0.000,0.000
2025-12-03 16:02:12,mlx5_5,0.000,0.000,269.160,542.801
2025-12-03 16:02:12,mlx5_6,0.000,0.000,0.000,0.000
2025-12-03 16:02:12,mlx5_7,0.000,0.000,0.000,0.000
2025-12-03 16:02:12,mlx5_8,0.000,0.000,269.178,542.058
2025-12-03 16:02:12,mlx5_9,0.000,0.000,0.000,0.000
2025-12-03 16:02:12,TOTAL,0.000,0.000,1063.898,2159.155
2025-12-03 16:02:13,mlx5_0,0.000,0.000,0.000,0.000
2025-12-03 16:02:13,mlx5_1,0.000,0.000,255.918,529.788
2025-12-03 16:02:13,mlx5_2,0.000,0.000,0.000,0.000
2025-12-03 16:02:13,mlx5_3,0.000,0.000,269.643,544.507
2025-12-03 16:02:13,mlx5_4,0.000,0.000,0.000,0.000
2025-12-03 16:02:13,mlx5_5,0.000,0.000,269.160,542.801
2025-12-03 16:02:13,mlx5_6,0.000,0.000,0.000,0.000
2025-12-03 16:02:13,mlx5_7,0.000,0.000,0.000,0.000
2025-12-03 16:02:13,mlx5_8,0.000,0.000,269.178,542.058
2025-12-03 16:02:13,mlx5_9,0.000,0.000,0.000,0.000
2025-12-03 16:02:13,TOTAL,0.000,0.000,1063.898,2159.155
2025-12-03 16:02:14,mlx5_0,0.000,0.000,0.000,0.000
2025-12-03 16:02:14,mlx5_1,1.690,0.002,256.130,529.789
2025-12-03 16:02:14,mlx5_2,0.000,0.000,0.000,0.000
2025-12-03 16:02:14,mlx5_3,1.573,0.002,269.840,544.508
2025-12-03 16:02:14,mlx5_4,0.000,0.000,0.000,0.000
2025-12-03 16:02:14,mlx5_5,1.597,0.002,269.360,542.802
2025-12-03 16:02:14,mlx5_6,0.000,0.000,0.000,0.000
2025-12-03 16:02:14,mlx5_7,0.000,0.000,0.000,0.000
2025-12-03 16:02:14,mlx5_8,1.605,0.002,269.379,542.058
2025-12-03 16:02:14,mlx5_9,0.000,0.000,0.000,0.000
2025-12-03 16:02:14,TOTAL,6.465,0.009,1064.710,2159.156
2025-12-03 16:02:15,mlx5_0,0.000,0.000,0.000,0.000
2025-12-03 16:02:15,mlx5_1,7.867,0.011,257.119,529.790
2025-12-03 16:02:15,mlx5_2,0.000,0.000,0.000,0.000
2025-12-03 16:02:15,mlx5_3,7.663,0.011,270.803,544.509
2025-12-03 16:02:15,mlx5_4,0.000,0.000,0.000,0.000
2025-12-03 16:02:15,mlx5_5,7.663,0.011,270.323,542.803
2025-12-03 16:02:15,mlx5_6,0.000,0.000,0.000,0.000
2025-12-03 16:02:15,mlx5_7,0.000,0.000,0.000,0.000
2025-12-03 16:02:15,mlx5_8,7.557,0.011,270.329,542.059
2025-12-03 16:02:15,mlx5_9,0.000,0.000,0.000,0.000
2025-12-03 16:02:15,TOTAL,30.750,0.044,1068.574,2159.162
2025-12-03 16:02:16,mlx5_0,0.000,0.000,0.000,0.000
2025-12-03 16:02:16,mlx5_1,0.000,0.000,257.119,529.790
2025-12-03 16:02:16,mlx5_2,0.000,0.000,0.000,0.000
2025-12-03 16:02:16,mlx5_3,0.000,0.000,270.803,544.509
2025-12-03 16:02:16,mlx5_4,0.000,0.000,0.000,0.000
2025-12-03 16:02:16,mlx5_5,0.000,0.000,270.323,542.803
2025-12-03 16:02:16,mlx5_6,0.000,0.000,0.000,0.000
2025-12-03 16:02:16,mlx5_7,0.000,0.000,0.000,0.000
2025-12-03 16:02:16,mlx5_8,0.000,0.000,270.329,542.059
2025-12-03 16:02:16,mlx5_9,0.000,0.000,0.000,0.000
2025-12-03 16:02:16,TOTAL,0.000,0.000,1068.574,2159.162
2025-12-03 16:02:17,mlx5_0,0.000,0.000,0.000,0.000
2025-12-03 16:02:17,mlx5_1,0.000,0.000,257.119,529.790
2025-12-03 16:02:17,mlx5_2,0.000,0.000,0.000,0.000
2025-12-03 16:02:17,mlx5_3,0.000,0.000,270.803,544.509
2025-12-03 16:02:17,mlx5_4,0.000,0.000,0.000,0.000
2025-12-03 16:02:17,mlx5_5,0.000,0.000,270.323,542.803
2025-12-03 16:02:17,mlx5_6,0.000,0.000,0.000,0.000
2025-12-03 16:02:17,mlx5_7,0.000,0.000,0.000,0.000
2025-12-03 16:02:17,mlx5_8,0.000,0.000,270.329,542.059
2025-12-03 16:02:17,mlx5_9,0.000,0.000,0.000,0.000
2025-12-03 16:02:17,TOTAL,0.000,0.000,1068.574,2159.162
2025-12-03 16:02:18,mlx5_0,0.000,0.000,0.000,0.000
2025-12-03 16:02:18,mlx5_1,0.000,0.000,257.119,529.790
2025-12-03 16:02:18,mlx5_2,0.000,0.000,0.000,0.000
2025-12-03 16:02:18,mlx5_3,0.000,0.000,270.803,544.509
2025-12-03 16:02:18,mlx5_4,0.000,0.000,0.000,0.000
2025-12-03 16:02:18,mlx5_5,0.000,0.000,270.323,542.803
2025-12-03 16:02:18,mlx5_6,0.000,0.000,0.000,0.000
2025-12-03 16:02:18,mlx5_7,0.000,0.000,0.000,0.000
2025-12-03 16:02:18,mlx5_8,0.000,0.000,270.329,542.059
2025-12-03 16:02:18,mlx5_9,0.000,0.000,0.000,0.000
2025-12-03 16:02:18,TOTAL,0.000,0.000,1068.574,2159.162
2025-12-03 16:02:19,mlx5_0,0.000,0.000,0.000,0.000
2025-12-03 16:02:19,mlx5_1,9.382,6.706,258.297,530.632
2025-12-03 16:02:19,mlx5_2,0.000,0.000,0.000,0.000
2025-12-03 16:02:19,mlx5_3,9.176,6.486,271.956,545.324
2025-12-03 16:02:19,mlx5_4,0.000,0.000,0.000,0.000
2025-12-03 16:02:19,mlx5_5,9.210,6.652,271.480,543.639
2025-12-03 16:02:19,mlx5_6,0.000,0.000,0.000,0.000
2025-12-03 16:02:19,mlx5_7,0.000,0.000,0.000,0.000
2025-12-03 16:02:19,mlx5_8,9.399,6.524,271.509,542.879
2025-12-03 16:02:19,mlx5_9,0.000,0.000,0.000,0.000
2025-12-03 16:02:19,TOTAL,37.166,26.368,1073.242,2162.474
2025-12-03 16:02:20,mlx5_0,0.000,0.000,0.000,0.000
2025-12-03 16:02:20,mlx5_1,0.164,50.268,258.318,536.951
2025-12-03 16:02:20,mlx5_2,0.000,0.000,0.000,0.000
2025-12-03 16:02:20,mlx5_3,0.109,50.101,271.969,551.621
2025-12-03 16:02:20,mlx5_4,0.000,0.000,0.000,0.000
2025-12-03 16:02:20,mlx5_5,0.112,50.082,271.494,549.934
2025-12-03 16:02:20,mlx5_6,0.000,0.000,0.000,0.000
2025-12-03 16:02:20,mlx5_7,0.000,0.000,0.000,0.000
2025-12-03 16:02:20,mlx5_8,0.172,49.642,271.531,549.119
2025-12-03 16:02:20,mlx5_9,0.000,0.000,0.000,0.000
2025-12-03 16:02:20,TOTAL,0.557,200.094,1073.312,2187.624
2025-12-03 16:02:21,mlx5_0,0.000,0.000,0.000,0.000
2025-12-03 16:02:21,mlx5_1,0.000,0.000,258.318,536.951
2025-12-03 16:02:21,mlx5_2,0.000,0.000,0.000,0.000
2025-12-03 16:02:21,mlx5_3,0.000,0.000,271.969,551.621
2025-12-03 16:02:21,mlx5_4,0.000,0.000,0.000,0.000
2025-12-03 16:02:21,mlx5_5,0.000,0.000,271.494,549.934
2025-12-03 16:02:21,mlx5_6,0.000,0.000,0.000,0.000
2025-12-03 16:02:21,mlx5_7,0.000,0.000,0.000,0.000
2025-12-03 16:02:21,mlx5_8,0.000,0.000,271.531,549.119
2025-12-03 16:02:21,mlx5_9,0.000,0.000,0.000,0.000
2025-12-03 16:02:21,TOTAL,0.000,0.000,1073.312,2187.624
2025-12-03 16:02:22,mlx5_0,0.000,0.000,0.000,0.000
2025-12-03 16:02:22,mlx5_1,0.000,0.000,258.318,536.951
2025-12-03 16:02:22,mlx5_2,0.000,0.000,0.000,0.000
2025-12-03 16:02:22,mlx5_3,0.000,0.000,271.969,551.621
2025-12-03 16:02:22,mlx5_4,0.000,0.000,0.000,0.000
2025-12-03 16:02:22,mlx5_5,0.000,0.000,271.494,549.934
2025-12-03 16:02:22,mlx5_6,0.000,0.000,0.000,0.000
2025-12-03 16:02:22,mlx5_7,0.000,0.000,0.000,0.000
2025-12-03 16:02:22,mlx5_8,0.000,0.000,271.531,549.119
2025-12-03 16:02:22,mlx5_9,0.000,0.000,0.000,0.000
2025-12-03 16:02:22,TOTAL,0.000,0.000,1073.312,2187.624
2025-12-03 16:02:23,mlx5_0,0.000,0.000,0.000,0.000
2025-12-03 16:02:23,mlx5_1,0.000,0.000,258.318,536.951
2025-12-03 16:02:23,mlx5_2,0.000,0.000,0.000,0.000
2025-12-03 16:02:23,mlx5_3,0.000,0.000,271.969,551.621
2025-12-03 16:02:23,mlx5_4,0.000,0.000,0.000,0.000
2025-12-03 16:02:23,mlx5_5,0.000,0.000,271.494,549.934
2025-12-03 16:02:23,mlx5_6,0.000,0.000,0.000,0.000
2025-12-03 16:02:23,mlx5_7,0.000,0.000,0.000,0.000
2025-12-03 16:02:23,mlx5_8,0.000,0.000,271.531,549.119
2025-12-03 16:02:23,mlx5_9,0.000,0.000,0.000,0.000
2025-12-03 16:02:23,TOTAL,0.000,0.000,1073.312,2187.624
2025-12-03 16:02:24,mlx5_0,0.000,0.000,0.000,0.000
2025-12-03 16:02:24,mlx5_1,8.917,0.012,259.438,536.952
2025-12-03 16:02:24,mlx5_2,0.000,0.000,0.000,0.000
2025-12-03 16:02:24,mlx5_3,8.898,0.013,273.087,551.623
2025-12-03 16:02:24,mlx5_4,0.000,0.000,0.000,0.000
2025-12-03 16:02:24,mlx5_5,8.914,0.013,272.614,549.935
2025-12-03 16:02:24,mlx5_6,0.000,0.000,0.000,0.000
2025-12-03 16:02:24,mlx5_7,0.000,0.000,0.000,0.000
2025-12-03 16:02:24,mlx5_8,8.899,0.012,272.648,549.120
2025-12-03 16:02:24,mlx5_9,0.000,0.000,0.000,0.000
2025-12-03 16:02:24,TOTAL,35.628,0.051,1077.787,2187.631
2025-12-03 16:02:25,mlx5_0,0.000,0.000,0.000,0.000
2025-12-03 16:02:25,mlx5_1,0.000,0.000,259.438,536.952
2025-12-03 16:02:25,mlx5_2,0.000,0.000,0.000,0.000
2025-12-03 16:02:25,mlx5_3,0.000,0.000,273.087,551.623
2025-12-03 16:02:25,mlx5_4,0.000,0.000,0.000,0.000
2025-12-03 16:02:25,mlx5_5,0.000,0.000,272.614,549.935
2025-12-03 16:02:25,mlx5_6,0.000,0.000,0.000,0.000
2025-12-03 16:02:25,mlx5_7,0.000,0.000,0.000,0.000
2025-12-03 16:02:25,mlx5_8,0.000,0.000,272.648,549.120
2025-12-03 16:02:25,mlx5_9,0.000,0.000,0.000,0.000
2025-12-03 16:02:25,TOTAL,0.000,0.000,1077.787,2187.631
2025-12-03 16:02:26,mlx5_0,0.000,0.000,0.000,0.000
2025-12-03 16:02:26,mlx5_1,0.000,0.000,259.438,536.952
2025-12-03 16:02:26,mlx5_2,0.000,0.000,0.000,0.000
2025-12-03 16:02:26,mlx5_3,0.000,0.000,273.087,551.623
2025-12-03 16:02:26,mlx5_4,0.000,0.000,0.000,0.000
2025-12-03 16:02:26,mlx5_5,0.000,0.000,272.614,549.935
2025-12-03 16:02:26,mlx5_6,0.000,0.000,0.000,0.000
2025-12-03 16:02:26,mlx5_7,0.000,0.000,0.000,0.000
2025-12-03 16:02:26,mlx5_8,0.000,0.000,272.648,549.120
2025-12-03 16:02:26,mlx5_9,0.000,0.000,0.000,0.000
2025-12-03 16:02:26,TOTAL,0.000,0.000,1077.787,2187.631
2025-12-03 16:02:27,mlx5_0,0.000,0.000,0.000,0.000
2025-12-03 16:02:27,mlx5_1,9.466,0.013,260.627,536.954
2025-12-03 16:02:27,mlx5_2,0.000,0.000,0.000,0.000
2025-12-03 16:02:27,mlx5_3,9.300,0.014,274.255,551.625
2025-12-03 16:02:27,mlx5_4,0.000,0.000,0.000,0.000
2025-12-03 16:02:27,mlx5_5,9.356,0.014,273.789,549.937
2025-12-03 16:02:27,mlx5_6,0.000,0.000,0.000,0.000
2025-12-03 16:02:27,mlx5_7,0.000,0.000,0.000,0.000
2025-12-03 16:02:27,mlx5_8,9.105,0.013,273.792,549.122
2025-12-03 16:02:27,mlx5_9,0.000,0.000,0.000,0.000
2025-12-03 16:02:27,TOTAL,37.228,0.053,1082.462,2187.637
2025-12-03 16:02:28,mlx5_0,0.000,0.000,0.000,0.000
2025-12-03 16:02:28,mlx5_1,0.000,0.000,260.627,536.954
2025-12-03 16:02:28,mlx5_2,0.000,0.000,0.000,0.000
2025-12-03 16:02:28,mlx5_3,0.000,0.000,274.255,551.625
2025-12-03 16:02:28,mlx5_4,0.000,0.000,0.000,0.000
2025-12-03 16:02:28,mlx5_5,0.000,0.000,273.789,549.937
2025-12-03 16:02:28,mlx5_6,0.000,0.000,0.000,0.000
2025-12-03 16:02:28,mlx5_7,0.000,0.000,0.000,0.000
2025-12-03 16:02:28,mlx5_8,0.000,0.000,273.792,549.122
2025-12-03 16:02:28,mlx5_9,0.000,0.000,0.000,0.000
2025-12-03 16:02:28,TOTAL,0.000,0.000,1082.462,2187.637
2025-12-03 16:02:29,mlx5_0,0.000,0.000,0.000,0.000
2025-12-03 16:02:29,mlx5_1,0.000,0.000,260.627,536.954
2025-12-03 16:02:29,mlx5_2,0.000,0.000,0.000,0.000
2025-12-03 16:02:29,mlx5_3,0.000,0.000,274.255,551.625
2025-12-03 16:02:29,mlx5_4,0.000,0.000,0.000,0.000
2025-12-03 16:02:29,mlx5_5,0.000,0.000,273.789,549.937
2025-12-03 16:02:29,mlx5_6,0.000,0.000,0.000,0.000
2025-12-03 16:02:29,mlx5_7,0.000,0.000,0.000,0.000
2025-12-03 16:02:29,mlx5_8,0.000,0.000,273.792,549.122
2025-12-03 16:02:29,mlx5_9,0.000,0.000,0.000,0.000
2025-12-03 16:02:29,TOTAL,0.000,0.000,1082.462,2187.637
2025-12-03 16:02:30,mlx5_0,0.000,0.000,0.000,0.000
2025-12-03 16:02:30,mlx5_1,0.000,0.000,260.627,536.954
2025-12-03 16:02:30,mlx5_2,0.000,0.000,0.000,0.000
2025-12-03 16:02:30,mlx5_3,0.000,0.000,274.255,551.625
2025-12-03 16:02:30,mlx5_4,0.000,0.000,0.000,0.000
2025-12-03 16:02:30,mlx5_5,0.000,0.000,273.789,549.937
2025-12-03 16:02:30,mlx5_6,0.000,0.000,0.000,0.000
2025-12-03 16:02:30,mlx5_7,0.000,0.000,0.000,0.000
2025-12-03 16:02:30,mlx5_8,0.000,0.000,273.792,549.122
2025-12-03 16:02:30,mlx5_9,0.000,0.000,0.000,0.000
2025-12-03 16:02:30,TOTAL,0.000,0.000,1082.462,2187.637
2025-12-03 16:02:31,mlx5_0,0.000,0.000,0.000,0.000
2025-12-03 16:02:31,mlx5_1,9.438,0.013,261.812,536.956
2025-12-03 16:02:31,mlx5_2,0.000,0.000,0.000,0.000
2025-12-03 16:02:31,mlx5_3,9.212,0.014,275.412,551.626
2025-12-03 16:02:31,mlx5_4,0.000,0.000,0.000,0.000
2025-12-03 16:02:31,mlx5_5,9.349,0.014,274.963,549.939
2025-12-03 16:02:31,mlx5_6,0.000,0.000,0.000,0.000
2025-12-03 16:02:31,mlx5_7,0.000,0.000,0.000,0.000
2025-12-03 16:02:31,mlx5_8,9.226,0.013,274.951,549.123
2025-12-03 16:02:31,mlx5_9,0.000,0.000,0.000,0.000
2025-12-03 16:02:31,TOTAL,37.225,0.053,1087.138,2187.644
2025-12-03 16:02:32,mlx5_0,0.000,0.000,0.000,0.000
2025-12-03 16:02:32,mlx5_1,0.000,0.000,261.812,536.956
2025-12-03 16:02:32,mlx5_2,0.000,0.000,0.000,0.000
2025-12-03 16:02:32,mlx5_3,0.000,0.000,275.412,551.626
2025-12-03 16:02:32,mlx5_4,0.000,0.000,0.000,0.000
2025-12-03 16:02:32,mlx5_5,0.000,0.000,274.963,549.939
2025-12-03 16:02:32,mlx5_6,0.000,0.000,0.000,0.000
2025-12-03 16:02:32,mlx5_7,0.000,0.000,0.000,0.000
2025-12-03 16:02:32,mlx5_8,0.000,0.000,274.951,549.123
2025-12-03 16:02:32,mlx5_9,0.000,0.000,0.000,0.000
2025-12-03 16:02:32,TOTAL,0.000,0.000,1087.138,2187.644
2025-12-03 16:02:33,mlx5_0,0.000,0.000,0.000,0.000
2025-12-03 16:02:33,mlx5_1,0.000,0.000,261.812,536.956
2025-12-03 16:02:33,mlx5_2,0.000,0.000,0.000,0.000
2025-12-03 16:02:33,mlx5_3,0.000,0.000,275.412,551.626
2025-12-03 16:02:33,mlx5_4,0.000,0.000,0.000,0.000
2025-12-03 16:02:33,mlx5_5,0.000,0.000,274.963,549.939
2025-12-03 16:02:33,mlx5_6,0.000,0.000,0.000,0.000
2025-12-03 16:02:33,mlx5_7,0.000,0.000,0.000,0.000
2025-12-03 16:02:33,mlx5_8,0.000,0.000,274.951,549.123
2025-12-03 16:02:33,mlx5_9,0.000,0.000,0.000,0.000
2025-12-03 16:02:33,TOTAL,0.000,0.000,1087.138,2187.644
2025-12-03 16:02:34,mlx5_0,0.000,0.000,0.000,0.000
2025-12-03 16:02:34,mlx5_1,0.000,0.000,261.812,536.956
2025-12-03 16:02:34,mlx5_2,0.000,0.000,0.000,0.000
2025-12-03 16:02:34,mlx5_3,0.000,0.000,275.412,551.626
2025-12-03 16:02:34,mlx5_4,0.000,0.000,0.000,0.000
2025-12-03 16:02:34,mlx5_5,0.000,0.000,274.963,549.939
2025-12-03 16:02:34,mlx5_6,0.000,0.000,0.000,0.000
2025-12-03 16:02:34,mlx5_7,0.000,0.000,0.000,0.000
2025-12-03 16:02:34,mlx5_8,0.000,0.000,274.951,549.123
2025-12-03 16:02:34,mlx5_9,0.000,0.000,0.000,0.000
2025-12-03 16:02:34,TOTAL,0.000,0.000,1087.138,2187.644
2025-12-03 16:02:35,mlx5_0,0.000,0.000,0.000,0.000
2025-12-03 16:02:35,mlx5_1,9.383,0.013,262.991,536.957
2025-12-03 16:02:35,mlx5_2,0.000,0.000,0.000,0.000
2025-12-03 16:02:35,mlx5_3,9.182,0.014,276.565,551.628
2025-12-03 16:02:35,mlx5_4,0.000,0.000,0.000,0.000
2025-12-03 16:02:35,mlx5_5,9.412,0.014,276.145,549.940
2025-12-03 16:02:35,mlx5_6,0.000,0.000,0.000,0.000
2025-12-03 16:02:35,mlx5_7,0.000,0.000,0.000,0.000
2025-12-03 16:02:35,mlx5_8,9.248,0.013,276.112,549.125
2025-12-03 16:02:35,mlx5_9,0.000,0.000,0.000,0.000
2025-12-03 16:02:35,TOTAL,37.225,0.053,1091.813,2187.651
2025-12-03 16:02:36,mlx5_0,0.000,0.000,0.000,0.000
2025-12-03 16:02:36,mlx5_1,0.000,0.000,262.991,536.957
2025-12-03 16:02:36,mlx5_2,0.000,0.000,0.000,0.000
2025-12-03 16:02:36,mlx5_3,0.000,0.000,276.565,551.628
2025-12-03 16:02:36,mlx5_4,0.000,0.000,0.000,0.000
2025-12-03 16:02:36,mlx5_5,0.000,0.000,276.145,549.940
2025-12-03 16:02:36,mlx5_6,0.000,0.000,0.000,0.000
2025-12-03 16:02:36,mlx5_7,0.000,0.000,0.000,0.000
2025-12-03 16:02:36,mlx5_8,0.000,0.000,276.112,549.125
2025-12-03 16:02:36,mlx5_9,0.000,0.000,0.000,0.000
2025-12-03 16:02:36,TOTAL,0.000,0.000,1091.813,2187.651
2025-12-03 16:02:37,mlx5_0,0.000,0.000,0.000,0.000
2025-12-03 16:02:37,mlx5_1,0.000,0.000,262.991,536.957
2025-12-03 16:02:37,mlx5_2,0.000,0.000,0.000,0.000
2025-12-03 16:02:37,mlx5_3,0.000,0.000,276.565,551.628
2025-12-03 16:02:37,mlx5_4,0.000,0.000,0.000,0.000
2025-12-03 16:02:37,mlx5_5,0.000,0.000,276.145,549.940
2025-12-03 16:02:37,mlx5_6,0.000,0.000,0.000,0.000
2025-12-03 16:02:37,mlx5_7,0.000,0.000,0.000,0.000
2025-12-03 16:02:37,mlx5_8,0.000,0.000,276.112,549.125
2025-12-03 16:02:37,mlx5_9,0.000,0.000,0.000,0.000
2025-12-03 16:02:37,TOTAL,0.000,0.000,1091.813,2187.651
2025-12-03 16:02:38,mlx5_0,0.000,0.000,0.000,0.000
2025-12-03 16:02:38,mlx5_1,0.000,0.000,262.991,536.957
2025-12-03 16:02:38,mlx5_2,0.000,0.000,0.000,0.000
2025-12-03 16:02:38,mlx5_3,0.000,0.000,276.565,551.628
2025-12-03 16:02:38,mlx5_4,0.000,0.000,0.000,0.000
2025-12-03 16:02:38,mlx5_5,0.000,0.000,276.145,549.940
2025-12-03 16:02:38,mlx5_6,0.000,0.000,0.000,0.000
2025-12-03 16:02:38,mlx5_7,0.000,0.000,0.000,0.000
2025-12-03 16:02:38,mlx5_8,0.000,0.000,276.112,549.125
2025-12-03 16:02:38,mlx5_9,0.000,0.000,0.000,0.000
2025-12-03 16:02:38,TOTAL,0.000,0.000,1091.813,2187.651
2025-12-03 16:02:39,mlx5_0,0.000,0.000,0.000,0.000
2025-12-03 16:02:39,mlx5_1,9.341,0.013,264.164,536.959
2025-12-03 16:02:39,mlx5_2,0.000,0.000,0.000,0.000
2025-12-03 16:02:39,mlx5_3,9.309,0.014,277.734,551.630
2025-12-03 16:02:39,mlx5_4,0.000,0.000,0.000,0.000
2025-12-03 16:02:39,mlx5_5,9.286,0.014,277.311,549.942
2025-12-03 16:02:39,mlx5_6,0.000,0.000,0.000,0.000
2025-12-03 16:02:39,mlx5_7,0.000,0.000,0.000,0.000
2025-12-03 16:02:39,mlx5_8,9.287,0.013,277.279,549.127
2025-12-03 16:02:39,mlx5_9,0.000,0.000,0.000,0.000
2025-12-03 16:02:39,TOTAL,37.223,0.053,1096.488,2187.657
2025-12-03 16:02:40,mlx5_0,0.000,0.000,0.000,0.000
2025-12-03 16:02:40,mlx5_1,0.000,0.000,264.164,536.959
2025-12-03 16:02:40,mlx5_2,0.000,0.000,0.000,0.000
2025-12-03 16:02:40,mlx5_3,0.000,0.000,277.734,551.630
2025-12-03 16:02:40,mlx5_4,0.000,0.000,0.000,0.000
2025-12-03 16:02:40,mlx5_5,0.000,0.000,277.311,549.942
2025-12-03 16:02:40,mlx5_6,0.000,0.000,0.000,0.000
2025-12-03 16:02:40,mlx5_7,0.000,0.000,0.000,0.000
2025-12-03 16:02:40,mlx5_8,0.000,0.000,277.279,549.127
2025-12-03 16:02:40,mlx5_9,0.000,0.000,0.000,0.000
2025-12-03 16:02:40,TOTAL,0.000,0.000,1096.488,2187.657
2025-12-03 16:02:41,mlx5_0,0.000,0.000,0.000,0.000
2025-12-03 16:02:41,mlx5_1,0.000,0.000,264.164,536.959
2025-12-03 16:02:41,mlx5_2,0.000,0.000,0.000,0.000
2025-12-03 16:02:41,mlx5_3,0.000,0.000,277.734,551.630
2025-12-03 16:02:41,mlx5_4,0.000,0.000,0.000,0.000
2025-12-03 16:02:41,mlx5_5,0.000,0.000,277.311,549.942
2025-12-03 16:02:41,mlx5_6,0.000,0.000,0.000,0.000
2025-12-03 16:02:41,mlx5_7,0.000,0.000,0.000,0.000
2025-12-03 16:02:41,mlx5_8,0.000,0.000,277.279,549.127
2025-12-03 16:02:41,mlx5_9,0.000,0.000,0.000,0.000
2025-12-03 16:02:41,TOTAL,0.000,0.000,1096.488,2187.657
2025-12-03 16:02:42,mlx5_0,0.000,0.000,0.000,0.000
2025-12-03 16:02:42,mlx5_1,0.000,0.000,264.164,536.959
2025-12-03 16:02:42,mlx5_2,0.000,0.000,0.000,0.000
2025-12-03 16:02:42,mlx5_3,0.000,0.000,277.734,551.630
2025-12-03 16:02:42,mlx5_4,0.000,0.000,0.000,0.000
2025-12-03 16:02:42,mlx5_5,0.000,0.000,277.311,549.942
2025-12-03 16:02:42,mlx5_6,0.000,0.000,0.000,0.000
2025-12-03 16:02:42,mlx5_7,0.000,0.000,0.000,0.000
2025-12-03 16:02:42,mlx5_8,0.000,0.000,277.279,549.127
2025-12-03 16:02:42,mlx5_9,0.000,0.000,0.000,0.000
2025-12-03 16:02:42,TOTAL,0.000,0.000,1096.488,2187.657
2025-12-03 16:02:43,mlx5_0,0.000,0.000,0.000,0.000
2025-12-03 16:02:43,mlx5_1,0.000,0.000,264.164,536.959
2025-12-03 16:02:43,mlx5_2,0.000,0.000,0.000,0.000
2025-12-03 16:02:43,mlx5_3,0.000,0.000,277.734,551.630
2025-12-03 16:02:43,mlx5_4,0.000,0.000,0.000,0.000
2025-12-03 16:02:43,mlx5_5,0.000,0.000,277.311,549.942
2025-12-03 16:02:43,mlx5_6,0.000,0.000,0.000,0.000
2025-12-03 16:02:43,mlx5_7,0.000,0.000,0.000,0.000
2025-12-03 16:02:43,mlx5_8,0.000,0.000,277.279,549.127
2025-12-03 16:02:43,mlx5_9,0.000,0.000,0.000,0.000
2025-12-03 16:02:43,TOTAL,0.000,0.000,1096.488,2187.657
2025-12-03 16:02:44,mlx5_0,0.000,0.000,0.000,0.000
2025-12-03 16:02:44,mlx5_1,9.675,56.782,265.379,544.091
2025-12-03 16:02:44,mlx5_2,0.000,0.000,0.000,0.000
2025-12-03 16:02:44,mlx5_3,9.370,56.667,278.911,558.747
2025-12-03 16:02:44,mlx5_4,0.000,0.000,0.000,0.000
2025-12-03 16:02:44,mlx5_5,9.370,56.791,278.488,557.075
2025-12-03 16:02:44,mlx5_6,0.000,0.000,0.000,0.000
2025-12-03 16:02:44,mlx5_7,0.000,0.000,0.000,0.000
2025-12-03 16:02:44,mlx5_8,9.382,56.359,278.457,556.205
2025-12-03 16:02:44,mlx5_9,0.000,0.000,0.000,0.000
2025-12-03 16:02:44,TOTAL,37.797,226.599,1101.236,2216.119
2025-12-03 16:02:45,mlx5_0,0.000,0.000,0.000,0.000
2025-12-03 16:02:45,mlx5_1,0.000,0.000,265.379,544.091
2025-12-03 16:02:45,mlx5_2,0.000,0.000,0.000,0.000
2025-12-03 16:02:45,mlx5_3,0.000,0.000,278.911,558.747
2025-12-03 16:02:45,mlx5_4,0.000,0.000,0.000,0.000
2025-12-03 16:02:45,mlx5_5,0.000,0.000,278.488,557.075
2025-12-03 16:02:45,mlx5_6,0.000,0.000,0.000,0.000
2025-12-03 16:02:45,mlx5_7,0.000,0.000,0.000,0.000
2025-12-03 16:02:45,mlx5_8,0.000,0.000,278.457,556.205
2025-12-03 16:02:45,mlx5_9,0.000,0.000,0.000,0.000
2025-12-03 16:02:45,TOTAL,0.000,0.000,1101.236,2216.119
2025-12-03 16:02:46,mlx5_0,0.000,0.000,0.000,0.000
2025-12-03 16:02:46,mlx5_1,0.000,0.000,265.379,544.091
2025-12-03 16:02:46,mlx5_2,0.000,0.000,0.000,0.000
2025-12-03 16:02:46,mlx5_3,0.000,0.000,278.911,558.747
2025-12-03 16:02:46,mlx5_4,0.000,0.000,0.000,0.000
2025-12-03 16:02:46,mlx5_5,0.000,0.000,278.488,557.075
2025-12-03 16:02:46,mlx5_6,0.000,0.000,0.000,0.000
2025-12-03 16:02:46,mlx5_7,0.000,0.000,0.000,0.000
2025-12-03 16:02:46,mlx5_8,0.000,0.000,278.457,556.205
2025-12-03 16:02:46,mlx5_9,0.000,0.000,0.000,0.000
2025-12-03 16:02:46,TOTAL,0.000,0.000,1101.236,2216.119
2025-12-03 16:02:47,mlx5_0,0.000,0.000,0.000,0.000
2025-12-03 16:02:47,mlx5_1,0.000,0.000,265.379,544.091
2025-12-03 16:02:47,mlx5_2,0.000,0.000,0.000,0.000
2025-12-03 16:02:47,mlx5_3,0.000,0.000,278.911,558.747
2025-12-03 16:02:47,mlx5_4,0.000,0.000,0.000,0.000
2025-12-03 16:02:47,mlx5_5,0.000,0.000,278.488,557.075
2025-12-03 16:02:47,mlx5_6,0.000,0.000,0.000,0.000
2025-12-03 16:02:47,mlx5_7,0.000,0.000,0.000,0.000
2025-12-03 16:02:47,mlx5_8,0.000,0.000,278.457,556.205
2025-12-03 16:02:47,mlx5_9,0.000,0.000,0.000,0.000
2025-12-03 16:02:47,TOTAL,0.000,0.000,1101.236,2216.119
2025-12-03 16:02:48,mlx5_0,0.000,0.000,0.000,0.000
2025-12-03 16:02:48,mlx5_1,9.552,0.013,266.579,544.092
2025-12-03 16:02:48,mlx5_2,0.000,0.000,0.000,0.000
2025-12-03 16:02:48,mlx5_3,9.565,0.014,280.113,558.749
2025-12-03 16:02:48,mlx5_4,0.000,0.000,0.000,0.000
2025-12-03 16:02:48,mlx5_5,9.411,0.014,279.670,557.077
2025-12-03 16:02:48,mlx5_6,0.000,0.000,0.000,0.000
2025-12-03 16:02:48,mlx5_7,0.000,0.000,0.000,0.000
2025-12-03 16:02:48,mlx5_8,9.418,0.013,279.640,556.207
2025-12-03 16:02:48,mlx5_9,0.000,0.000,0.000,0.000
2025-12-03 16:02:48,TOTAL,37.947,0.055,1106.003,2216.125
2025-12-03 16:02:49,mlx5_0,0.000,0.000,0.000,0.000
2025-12-03 16:02:49,mlx5_1,0.000,0.000,266.579,544.092
2025-12-03 16:02:49,mlx5_2,0.000,0.000,0.000,0.000
2025-12-03 16:02:49,mlx5_3,0.000,0.000,280.113,558.749
2025-12-03 16:02:49,mlx5_4,0.000,0.000,0.000,0.000
2025-12-03 16:02:49,mlx5_5,0.000,0.000,279.670,557.077
2025-12-03 16:02:49,mlx5_6,0.000,0.000,0.000,0.000
2025-12-03 16:02:49,mlx5_7,0.000,0.000,0.000,0.000
2025-12-03 16:02:49,mlx5_8,0.000,0.000,279.640,556.207
2025-12-03 16:02:49,mlx5_9,0.000,0.000,0.000,0.000
2025-12-03 16:02:49,TOTAL,0.000,0.000,1106.003,2216.125
2025-12-03 16:02:50,mlx5_0,0.000,0.000,0.000,0.000
2025-12-03 16:02:50,mlx5_1,0.000,0.000,266.579,544.092
2025-12-03 16:02:50,mlx5_2,0.000,0.000,0.000,0.000
2025-12-03 16:02:50,mlx5_3,0.000,0.000,280.113,558.749
2025-12-03 16:02:50,mlx5_4,0.000,0.000,0.000,0.000
2025-12-03 16:02:50,mlx5_5,0.000,0.000,279.670,557.077
2025-12-03 16:02:50,mlx5_6,0.000,0.000,0.000,0.000
2025-12-03 16:02:50,mlx5_7,0.000,0.000,0.000,0.000
2025-12-03 16:02:50,mlx5_8,0.000,0.000,279.640,556.207
2025-12-03 16:02:50,mlx5_9,0.000,0.000,0.000,0.000
2025-12-03 16:02:50,TOTAL,0.000,0.000,1106.003,2216.125
2025-12-03 16:02:51,mlx5_0,0.000,0.000,0.000,0.000
2025-12-03 16:02:51,mlx5_1,0.000,0.000,266.579,544.092
2025-12-03 16:02:51,mlx5_2,0.000,0.000,0.000,0.000
2025-12-03 16:02:51,mlx5_3,0.000,0.000,280.113,558.749
2025-12-03 16:02:51,mlx5_4,0.000,0.000,0.000,0.000
2025-12-03 16:02:51,mlx5_5,0.000,0.000,279.670,557.077
2025-12-03 16:02:51,mlx5_6,0.000,0.000,0.000,0.000
2025-12-03 16:02:51,mlx5_7,0.000,0.000,0.000,0.000
2025-12-03 16:02:51,mlx5_8,0.000,0.000,279.640,556.207
2025-12-03 16:02:51,mlx5_9,0.000,0.000,0.000,0.000
2025-12-03 16:02:51,TOTAL,0.000,0.000,1106.003,2216.125
2025-12-03 16:02:52,mlx5_0,0.000,0.000,0.000,0.000
2025-12-03 16:02:52,mlx5_1,9.393,0.013,267.759,544.094
2025-12-03 16:02:52,mlx5_2,0.000,0.000,0.000,0.000
2025-12-03 16:02:52,mlx5_3,9.352,0.014,281.288,558.751
2025-12-03 16:02:52,mlx5_4,0.000,0.000,0.000,0.000
2025-12-03 16:02:52,mlx5_5,9.271,0.014,280.835,557.079
2025-12-03 16:02:52,mlx5_6,0.000,0.000,0.000,0.000
2025-12-03 16:02:52,mlx5_7,0.000,0.000,0.000,0.000
2025-12-03 16:02:52,mlx5_8,9.194,0.013,280.796,556.209
2025-12-03 16:02:52,mlx5_9,0.000,0.000,0.000,0.000
2025-12-03 16:02:52,TOTAL,37.210,0.053,1110.678,2216.132
2025-12-03 16:02:53,mlx5_0,0.000,0.000,0.000,0.000
2025-12-03 16:02:53,mlx5_1,0.000,0.000,267.759,544.094
2025-12-03 16:02:53,mlx5_2,0.000,0.000,0.000,0.000
2025-12-03 16:02:53,mlx5_3,0.000,0.000,281.288,558.751
2025-12-03 16:02:53,mlx5_4,0.000,0.000,0.000,0.000
2025-12-03 16:02:53,mlx5_5,0.000,0.000,280.835,557.079
2025-12-03 16:02:53,mlx5_6,0.000,0.000,0.000,0.000
2025-12-03 16:02:53,mlx5_7,0.000,0.000,0.000,0.000
2025-12-03 16:02:53,mlx5_8,0.000,0.000,280.796,556.209
2025-12-03 16:02:53,mlx5_9,0.000,0.000,0.000,0.000
2025-12-03 16:02:53,TOTAL,0.000,0.000,1110.678,2216.132
2025-12-03 16:02:54,mlx5_0,0.000,0.000,0.000,0.000
2025-12-03 16:02:54,mlx5_1,0.000,0.000,267.759,544.094
2025-12-03 16:02:54,mlx5_2,0.000,0.000,0.000,0.000
2025-12-03 16:02:54,mlx5_3,0.000,0.000,281.288,558.751
2025-12-03 16:02:54,mlx5_4,0.000,0.000,0.000,0.000
2025-12-03 16:02:54,mlx5_5,0.000,0.000,280.835,557.079
2025-12-03 16:02:54,mlx5_6,0.000,0.000,0.000,0.000
2025-12-03 16:02:54,mlx5_7,0.000,0.000,0.000,0.000
2025-12-03 16:02:54,mlx5_8,0.000,0.000,280.796,556.209
2025-12-03 16:02:54,mlx5_9,0.000,0.000,0.000,0.000
2025-12-03 16:02:54,TOTAL,0.000,0.000,1110.678,2216.132
2025-12-03 16:02:55,mlx5_0,0.000,0.000,0.000,0.000
2025-12-03 16:02:55,mlx5_1,9.392,0.013,268.939,544.096
2025-12-03 16:02:55,mlx5_2,0.000,0.000,0.000,0.000
2025-12-03 16:02:55,mlx5_3,9.280,0.014,282.454,558.752
2025-12-03 16:02:55,mlx5_4,0.000,0.000,0.000,0.000
2025-12-03 16:02:55,mlx5_5,9.300,0.014,282.003,557.080
2025-12-03 16:02:55,mlx5_6,0.000,0.000,0.000,0.000
2025-12-03 16:02:55,mlx5_7,0.000,0.000,0.000,0.000
2025-12-03 16:02:55,mlx5_8,9.253,0.013,281.958,556.210
2025-12-03 16:02:55,mlx5_9,0.000,0.000,0.000,0.000
2025-12-03 16:02:55,TOTAL,37.224,0.053,1115.354,2216.139
2025-12-03 16:02:56,mlx5_0,0.000,0.000,0.000,0.000
2025-12-03 16:02:56,mlx5_1,0.000,0.000,268.939,544.096
2025-12-03 16:02:56,mlx5_2,0.000,0.000,0.000,0.000
2025-12-03 16:02:56,mlx5_3,0.000,0.000,282.454,558.752
2025-12-03 16:02:56,mlx5_4,0.000,0.000,0.000,0.000
2025-12-03 16:02:56,mlx5_5,0.000,0.000,282.003,557.080
2025-12-03 16:02:56,mlx5_6,0.000,0.000,0.000,0.000
2025-12-03 16:02:56,mlx5_7,0.000,0.000,0.000,0.000
2025-12-03 16:02:56,mlx5_8,0.000,0.000,281.958,556.210
2025-12-03 16:02:56,mlx5_9,0.000,0.000,0.000,0.000
2025-12-03 16:02:56,TOTAL,0.000,0.000,1115.354,2216.139
2025-12-03 16:02:57,mlx5_0,0.000,0.000,0.000,0.000
2025-12-03 16:02:57,mlx5_1,0.000,0.000,268.939,544.096
2025-12-03 16:02:57,mlx5_2,0.000,0.000,0.000,0.000
2025-12-03 16:02:57,mlx5_3,0.000,0.000,282.454,558.752
2025-12-03 16:02:57,mlx5_4,0.000,0.000,0.000,0.000
2025-12-03 16:02:57,mlx5_5,0.000,0.000,282.003,557.080
2025-12-03 16:02:57,mlx5_6,0.000,0.000,0.000,0.000
2025-12-03 16:02:57,mlx5_7,0.000,0.000,0.000,0.000
2025-12-03 16:02:57,mlx5_8,0.000,0.000,281.958,556.210
2025-12-03 16:02:57,mlx5_9,0.000,0.000,0.000,0.000
2025-12-03 16:02:57,TOTAL,0.000,0.000,1115.354,2216.139
2025-12-03 16:02:58,mlx5_0,0.000,0.000,0.000,0.000
2025-12-03 16:02:58,mlx5_1,0.000,0.000,268.939,544.096
2025-12-03 16:02:58,mlx5_2,0.000,0.000,0.000,0.000
2025-12-03 16:02:58,mlx5_3,0.000,0.000,282.454,558.752
2025-12-03 16:02:58,mlx5_4,0.000,0.000,0.000,0.000
2025-12-03 16:02:58,mlx5_5,0.000,0.000,282.003,557.080
2025-12-03 16:02:58,mlx5_6,0.000,0.000,0.000,0.000
2025-12-03 16:02:58,mlx5_7,0.000,0.000,0.000,0.000
2025-12-03 16:02:58,mlx5_8,0.000,0.000,281.958,556.210
2025-12-03 16:02:58,mlx5_9,0.000,0.000,0.000,0.000
2025-12-03 16:02:58,TOTAL,0.000,0.000,1115.354,2216.139
2025-12-03 16:02:59,mlx5_0,0.000,0.000,0.000,0.000
2025-12-03 16:02:59,mlx5_1,9.328,0.013,270.110,544.097
2025-12-03 16:02:59,mlx5_2,0.000,0.000,0.000,0.000
2025-12-03 16:02:59,mlx5_3,9.249,0.014,283.615,558.754
2025-12-03 16:02:59,mlx5_4,0.000,0.000,0.000,0.000
2025-12-03 16:02:59,mlx5_5,9.380,0.014,283.181,557.082
2025-12-03 16:02:59,mlx5_6,0.000,0.000,0.000,0.000
2025-12-03 16:02:59,mlx5_7,0.000,0.000,0.000,0.000
2025-12-03 16:02:59,mlx5_8,9.268,0.013,283.122,556.212
2025-12-03 16:02:59,mlx5_9,0.000,0.000,0.000,0.000
2025-12-03 16:02:59,TOTAL,37.225,0.054,1120.029,2216.146
2025-12-03 16:03:00,mlx5_0,0.000,0.000,0.000,0.000
2025-12-03 16:03:00,mlx5_1,0.000,0.000,270.110,544.097
2025-12-03 16:03:00,mlx5_2,0.000,0.000,0.000,0.000
2025-12-03 16:03:00,mlx5_3,0.000,0.000,283.615,558.754
2025-12-03 16:03:00,mlx5_4,0.000,0.000,0.000,0.000
2025-12-03 16:03:00,mlx5_5,0.000,0.000,283.181,557.082
2025-12-03 16:03:00,mlx5_6,0.000,0.000,0.000,0.000
2025-12-03 16:03:00,mlx5_7,0.000,0.000,0.000,0.000
2025-12-03 16:03:00,mlx5_8,0.000,0.000,283.122,556.212
2025-12-03 16:03:00,mlx5_9,0.000,0.000,0.000,0.000
2025-12-03 16:03:00,TOTAL,0.000,0.000,1120.029,2216.146
2025-12-03 16:03:01,mlx5_0,0.000,0.000,0.000,0.000
2025-12-03 16:03:01,mlx5_1,0.000,0.000,270.110,544.097
2025-12-03 16:03:01,mlx5_2,0.000,0.000,0.000,0.000
2025-12-03 16:03:01,mlx5_3,0.000,0.000,283.615,558.754
2025-12-03 16:03:01,mlx5_4,0.000,0.000,0.000,0.000
2025-12-03 16:03:01,mlx5_5,0.000,0.000,283.181,557.082
2025-12-03 16:03:01,mlx5_6,0.000,0.000,0.000,0.000
2025-12-03 16:03:01,mlx5_7,0.000,0.000,0.000,0.000
2025-12-03 16:03:01,mlx5_8,0.000,0.000,283.122,556.212
2025-12-03 16:03:01,mlx5_9,0.000,0.000,0.000,0.000
2025-12-03 16:03:01,TOTAL,0.000,0.000,1120.029,2216.146
2025-12-03 16:03:02,mlx5_0,0.000,0.000,0.000,0.000
2025-12-03 16:03:02,mlx5_1,0.000,0.000,270.110,544.097
2025-12-03 16:03:02,mlx5_2,0.000,0.000,0.000,0.000
2025-12-03 16:03:02,mlx5_3,0.000,0.000,283.615,558.754
2025-12-03 16:03:02,mlx5_4,0.000,0.000,0.000,0.000
2025-12-03 16:03:02,mlx5_5,0.000,0.000,283.181,557.082
2025-12-03 16:03:02,mlx5_6,0.000,0.000,0.000,0.000
2025-12-03 16:03:02,mlx5_7,0.000,0.000,0.000,0.000
2025-12-03 16:03:02,mlx5_8,0.000,0.000,283.122,556.212
2025-12-03 16:03:02,mlx5_9,0.000,0.000,0.000,0.000
2025-12-03 16:03:02,TOTAL,0.000,0.000,1120.029,2216.146
2025-12-03 16:03:03,mlx5_0,0.000,0.000,0.000,0.000
2025-12-03 16:03:03,mlx5_1,9.014,0.012,271.243,544.099
2025-12-03 16:03:03,mlx5_2,0.000,0.000,0.000,0.000
2025-12-03 16:03:03,mlx5_3,9.083,0.013,284.756,558.756
2025-12-03 16:03:03,mlx5_4,0.000,0.000,0.000,0.000
2025-12-03 16:03:03,mlx5_5,9.239,0.014,284.342,557.084
2025-12-03 16:03:03,mlx5_6,0.000,0.000,0.000,0.000
2025-12-03 16:03:03,mlx5_7,0.000,0.000,0.000,0.000
2025-12-03 16:03:03,mlx5_8,9.199,0.013,284.277,556.214
2025-12-03 16:03:03,mlx5_9,0.000,0.000,0.000,0.000
2025-12-03 16:03:03,TOTAL,36.535,0.052,1124.618,2216.152
2025-12-03 16:03:04,mlx5_0,0.000,0.000,0.000,0.000
2025-12-03 16:03:04,mlx5_1,0.303,0.000,271.281,544.099
2025-12-03 16:03:04,mlx5_2,0.000,0.000,0.000,0.000
2025-12-03 16:03:04,mlx5_3,0.208,0.000,284.782,558.756
2025-12-03 16:03:04,mlx5_4,0.000,0.000,0.000,0.000
2025-12-03 16:03:04,mlx5_5,0.064,0.000,284.350,557.084
2025-12-03 16:03:04,mlx5_6,0.000,0.000,0.000,0.000
2025-12-03 16:03:04,mlx5_7,0.000,0.000,0.000,0.000
2025-12-03 16:03:04,mlx5_8,0.115,0.000,284.292,556.214
2025-12-03 16:03:04,mlx5_9,0.000,0.000,0.000,0.000
2025-12-03 16:03:04,TOTAL,0.690,0.001,1124.704,2216.152
2025-12-03 16:03:05,mlx5_0,0.000,0.000,0.000,0.000
2025-12-03 16:03:05,mlx5_1,0.000,0.000,271.281,544.099
2025-12-03 16:03:05,mlx5_2,0.000,0.000,0.000,0.000
2025-12-03 16:03:05,mlx5_3,0.000,0.000,284.782,558.756
2025-12-03 16:03:05,mlx5_4,0.000,0.000,0.000,0.000
2025-12-03 16:03:05,mlx5_5,0.000,0.000,284.350,557.084
2025-12-03 16:03:05,mlx5_6,0.000,0.000,0.000,0.000
2025-12-03 16:03:05,mlx5_7,0.000,0.000,0.000,0.000
2025-12-03 16:03:05,mlx5_8,0.000,0.000,284.292,556.214
2025-12-03 16:03:05,mlx5_9,0.000,0.000,0.000,0.000
2025-12-03 16:03:05,TOTAL,0.000,0.000,1124.704,2216.152
2025-12-03 16:03:06,mlx5_0,0.000,0.000,0.000,0.000
2025-12-03 16:03:06,mlx5_1,0.000,0.000,271.281,544.099
2025-12-03 16:03:06,mlx5_2,0.000,0.000,0.000,0.000
2025-12-03 16:03:06,mlx5_3,0.000,0.000,284.782,558.756
2025-12-03 16:03:06,mlx5_4,0.000,0.000,0.000,0.000
2025-12-03 16:03:06,mlx5_5,0.000,0.000,284.350,557.084
2025-12-03 16:03:06,mlx5_6,0.000,0.000,0.000,0.000
2025-12-03 16:03:06,mlx5_7,0.000,0.000,0.000,0.000
2025-12-03 16:03:06,mlx5_8,0.000,0.000,284.292,556.214
2025-12-03 16:03:06,mlx5_9,0.000,0.000,0.000,0.000
2025-12-03 16:03:06,TOTAL,0.000,0.000,1124.704,2216.152
2025-12-03 16:03:07,mlx5_0,0.000,0.000,0.000,0.000
2025-12-03 16:03:07,mlx5_1,0.000,0.000,271.281,544.099
2025-12-03 16:03:07,mlx5_2,0.000,0.000,0.000,0.000
2025-12-03 16:03:07,mlx5_3,0.000,0.000,284.782,558.756
2025-12-03 16:03:07,mlx5_4,0.000,0.000,0.000,0.000
2025-12-03 16:03:07,mlx5_5,0.000,0.000,284.350,557.084
2025-12-03 16:03:07,mlx5_6,0.000,0.000,0.000,0.000
2025-12-03 16:03:07,mlx5_7,0.000,0.000,0.000,0.000
2025-12-03 16:03:07,mlx5_8,0.000,0.000,284.292,556.214
2025-12-03 16:03:07,mlx5_9,0.000,0.000,0.000,0.000
2025-12-03 16:03:07,TOTAL,0.000,0.000,1124.704,2216.152
2025-12-03 16:03:09,mlx5_0,0.000,0.000,0.000,0.000
2025-12-03 16:03:09,mlx5_1,9.422,57.043,272.464,551.264
2025-12-03 16:03:09,mlx5_2,0.000,0.000,0.000,0.000
2025-12-03 16:03:09,mlx5_3,9.357,56.567,285.958,565.861
2025-12-03 16:03:09,mlx5_4,0.000,0.000,0.000,0.000
2025-12-03 16:03:09,mlx5_5,9.431,56.664,285.534,564.201
2025-12-03 16:03:09,mlx5_6,0.000,0.000,0.000,0.000
2025-12-03 16:03:09,mlx5_7,0.000,0.000,0.000,0.000
2025-12-03 16:03:09,mlx5_8,9.503,56.346,285.485,563.291
2025-12-03 16:03:09,mlx5_9,0.000,0.000,0.000,0.000
2025-12-03 16:03:09,TOTAL,37.713,226.620,1129.441,2244.617
2025-12-03 16:03:10,mlx5_0,0.000,0.000,0.000,0.000
2025-12-03 16:03:10,mlx5_1,0.000,0.000,272.464,551.264
2025-12-03 16:03:10,mlx5_2,0.000,0.000,0.000,0.000
2025-12-03 16:03:10,mlx5_3,0.000,0.000,285.958,565.861
2025-12-03 16:03:10,mlx5_4,0.000,0.000,0.000,0.000
2025-12-03 16:03:10,mlx5_5,0.000,0.000,285.534,564.201
2025-12-03 16:03:10,mlx5_6,0.000,0.000,0.000,0.000
2025-12-03 16:03:10,mlx5_7,0.000,0.000,0.000,0.000
2025-12-03 16:03:10,mlx5_8,0.000,0.000,285.485,563.291
2025-12-03 16:03:10,mlx5_9,0.000,0.000,0.000,0.000
2025-12-03 16:03:10,TOTAL,0.000,0.000,1129.441,2244.617
2025-12-03 16:03:11,mlx5_0,0.000,0.000,0.000,0.000
2025-12-03 16:03:11,mlx5_1,0.000,0.000,272.464,551.264
2025-12-03 16:03:11,mlx5_2,0.000,0.000,0.000,0.000
2025-12-03 16:03:11,mlx5_3,0.000,0.000,285.958,565.861
2025-12-03 16:03:11,mlx5_4,0.000,0.000,0.000,0.000
2025-12-03 16:03:11,mlx5_5,0.000,0.000,285.534,564.201
2025-12-03 16:03:11,mlx5_6,0.000,0.000,0.000,0.000
2025-12-03 16:03:11,mlx5_7,0.000,0.000,0.000,0.000
2025-12-03 16:03:11,mlx5_8,0.000,0.000,285.485,563.291
2025-12-03 16:03:11,mlx5_9,0.000,0.000,0.000,0.000
2025-12-03 16:03:11,TOTAL,0.000,0.000,1129.441,2244.617
2025-12-03 16:03:12,mlx5_0,0.000,0.000,0.000,0.000
2025-12-03 16:03:12,mlx5_1,0.000,0.000,272.464,551.264
2025-12-03 16:03:12,mlx5_2,0.000,0.000,0.000,0.000
2025-12-03 16:03:12,mlx5_3,0.000,0.000,285.958,565.861
2025-12-03 16:03:12,mlx5_4,0.000,0.000,0.000,0.000
2025-12-03 16:03:12,mlx5_5,0.000,0.000,285.534,564.201
2025-12-03 16:03:12,mlx5_6,0.000,0.000,0.000,0.000
2025-12-03 16:03:12,mlx5_7,0.000,0.000,0.000,0.000
2025-12-03 16:03:12,mlx5_8,0.000,0.000,285.485,563.291
2025-12-03 16:03:12,mlx5_9,0.000,0.000,0.000,0.000
2025-12-03 16:03:12,TOTAL,0.000,0.000,1129.441,2244.617
2025-12-03 16:03:13,mlx5_0,0.000,0.000,0.000,0.000
2025-12-03 16:03:13,mlx5_1,0.000,0.000,272.464,551.264
2025-12-03 16:03:13,mlx5_2,0.000,0.000,0.000,0.000
2025-12-03 16:03:13,mlx5_3,0.000,0.000,285.958,565.861
2025-12-03 16:03:13,mlx5_4,0.000,0.000,0.000,0.000
2025-12-03 16:03:13,mlx5_5,0.000,0.000,285.534,564.201
2025-12-03 16:03:13,mlx5_6,0.000,0.000,0.000,0.000
2025-12-03 16:03:13,mlx5_7,0.000,0.000,0.000,0.000
2025-12-03 16:03:13,mlx5_8,0.000,0.000,285.485,563.291
2025-12-03 16:03:13,mlx5_9,0.000,0.000,0.000,0.000
2025-12-03 16:03:13,TOTAL,0.000,0.000,1129.441,2244.617
2025-12-03 16:03:14,mlx5_0,0.000,0.000,0.000,0.000
2025-12-03 16:03:14,mlx5_1,9.528,0.013,273.661,551.265
2025-12-03 16:03:14,mlx5_2,0.000,0.000,0.000,0.000
2025-12-03 16:03:14,mlx5_3,9.522,0.014,287.154,565.863
2025-12-03 16:03:14,mlx5_4,0.000,0.000,0.000,0.000
2025-12-03 16:03:14,mlx5_5,9.455,0.014,286.722,564.203
2025-12-03 16:03:14,mlx5_6,0.000,0.000,0.000,0.000
2025-12-03 16:03:14,mlx5_7,0.000,0.000,0.000,0.000
2025-12-03 16:03:14,mlx5_8,9.447,0.013,286.672,563.293
2025-12-03 16:03:14,mlx5_9,0.000,0.000,0.000,0.000
2025-12-03 16:03:14,TOTAL,37.952,0.055,1134.208,2244.623
2025-12-03 16:03:15,mlx5_0,0.000,0.000,0.000,0.000
2025-12-03 16:03:15,mlx5_1,0.000,0.000,273.661,551.265
2025-12-03 16:03:15,mlx5_2,0.000,0.000,0.000,0.000
2025-12-03 16:03:15,mlx5_3,0.000,0.000,287.154,565.863
2025-12-03 16:03:15,mlx5_4,0.000,0.000,0.000,0.000
2025-12-03 16:03:15,mlx5_5,0.000,0.000,286.722,564.203
2025-12-03 16:03:15,mlx5_6,0.000,0.000,0.000,0.000
2025-12-03 16:03:15,mlx5_7,0.000,0.000,0.000,0.000
2025-12-03 16:03:15,mlx5_8,0.000,0.000,286.672,563.293
2025-12-03 16:03:15,mlx5_9,0.000,0.000,0.000,0.000
2025-12-03 16:03:15,TOTAL,0.000,0.000,1134.208,2244.623
2025-12-03 16:03:16,mlx5_0,0.000,0.000,0.000,0.000
2025-12-03 16:03:16,mlx5_1,0.000,0.000,273.661,551.265
2025-12-03 16:03:16,mlx5_2,0.000,0.000,0.000,0.000
2025-12-03 16:03:16,mlx5_3,0.000,0.000,287.154,565.863
2025-12-03 16:03:16,mlx5_4,0.000,0.000,0.000,0.000
2025-12-03 16:03:16,mlx5_5,0.000,0.000,286.722,564.203
2025-12-03 16:03:16,mlx5_6,0.000,0.000,0.000,0.000
2025-12-03 16:03:16,mlx5_7,0.000,0.000,0.000,0.000
2025-12-03 16:03:16,mlx5_8,0.000,0.000,286.672,563.293
2025-12-03 16:03:16,mlx5_9,0.000,0.000,0.000,0.000
2025-12-03 16:03:16,TOTAL,0.000,0.000,1134.208,2244.623
2025-12-03 16:03:17,mlx5_0,0.000,0.000,0.000,0.000
2025-12-03 16:03:17,mlx5_1,9.280,0.013,274.826,551.267
2025-12-03 16:03:17,mlx5_2,0.000,0.000,0.000,0.000
2025-12-03 16:03:17,mlx5_3,9.204,0.014,288.310,565.864
2025-12-03 16:03:17,mlx5_4,0.000,0.000,0.000,0.000
2025-12-03 16:03:17,mlx5_5,9.329,0.014,287.894,564.205
2025-12-03 16:03:17,mlx5_6,0.000,0.000,0.000,0.000
2025-12-03 16:03:17,mlx5_7,0.000,0.000,0.000,0.000
2025-12-03 16:03:17,mlx5_8,9.410,0.013,287.854,563.294
2025-12-03 16:03:17,mlx5_9,0.000,0.000,0.000,0.000
2025-12-03 16:03:17,TOTAL,37.224,0.053,1138.884,2244.630
2025-12-03 16:03:18,mlx5_0,0.000,0.000,0.000,0.000
2025-12-03 16:03:18,mlx5_1,0.000,0.000,274.826,551.267
2025-12-03 16:03:18,mlx5_2,0.000,0.000,0.000,0.000
2025-12-03 16:03:18,mlx5_3,0.000,0.000,288.310,565.864
2025-12-03 16:03:18,mlx5_4,0.000,0.000,0.000,0.000
2025-12-03 16:03:18,mlx5_5,0.000,0.000,287.894,564.205
2025-12-03 16:03:18,mlx5_6,0.000,0.000,0.000,0.000
2025-12-03 16:03:18,mlx5_7,0.000,0.000,0.000,0.000
2025-12-03 16:03:18,mlx5_8,0.000,0.000,287.854,563.294
2025-12-03 16:03:18,mlx5_9,0.000,0.000,0.000,0.000
2025-12-03 16:03:18,TOTAL,0.000,0.000,1138.884,2244.630
2025-12-03 16:03:19,mlx5_0,0.000,0.000,0.000,0.000
2025-12-03 16:03:19,mlx5_1,0.000,0.000,274.826,551.267
2025-12-03 16:03:19,mlx5_2,0.000,0.000,0.000,0.000
2025-12-03 16:03:19,mlx5_3,0.000,0.000,288.310,565.864
2025-12-03 16:03:19,mlx5_4,0.000,0.000,0.000,0.000
2025-12-03 16:03:19,mlx5_5,0.000,0.000,287.894,564.205
2025-12-03 16:03:19,mlx5_6,0.000,0.000,0.000,0.000
2025-12-03 16:03:19,mlx5_7,0.000,0.000,0.000,0.000
2025-12-03 16:03:19,mlx5_8,0.000,0.000,287.854,563.294
2025-12-03 16:03:19,mlx5_9,0.000,0.000,0.000,0.000
2025-12-03 16:03:19,TOTAL,0.000,0.000,1138.884,2244.630
2025-12-03 16:03:20,mlx5_0,0.000,0.000,0.000,0.000
2025-12-03 16:03:20,mlx5_1,5.659,0.008,275.536,551.268
2025-12-03 16:03:20,mlx5_2,0.000,0.000,0.000,0.000
2025-12-03 16:03:20,mlx5_3,5.598,0.008,289.012,565.865
2025-12-03 16:03:20,mlx5_4,0.000,0.000,0.000,0.000
2025-12-03 16:03:20,mlx5_5,5.712,0.008,288.611,564.206
2025-12-03 16:03:20,mlx5_6,0.000,0.000,0.000,0.000
2025-12-03 16:03:20,mlx5_7,0.000,0.000,0.000,0.000
2025-12-03 16:03:20,mlx5_8,5.866,0.008,288.590,563.295
2025-12-03 16:03:20,mlx5_9,0.000,0.000,0.000,0.000
2025-12-03 16:03:20,TOTAL,22.834,0.032,1141.749,2244.634
2025-12-03 16:03:21,mlx5_0,0.000,0.000,0.000,0.000
2025-12-03 16:03:21,mlx5_1,3.701,0.005,276.002,551.269
2025-12-03 16:03:21,mlx5_2,0.000,0.000,0.000,0.000
2025-12-03 16:03:21,mlx5_3,3.682,0.005,289.475,565.866
2025-12-03 16:03:21,mlx5_4,0.000,0.000,0.000,0.000
2025-12-03 16:03:21,mlx5_5,3.560,0.005,289.058,564.206
2025-12-03 16:03:21,mlx5_6,0.000,0.000,0.000,0.000
2025-12-03 16:03:21,mlx5_7,0.000,0.000,0.000,0.000
2025-12-03 16:03:21,mlx5_8,3.457,0.005,289.024,563.296
2025-12-03 16:03:21,mlx5_9,0.000,0.000,0.000,0.000
2025-12-03 16:03:21,TOTAL,14.401,0.021,1143.559,2244.637
2025-12-03 16:03:22,mlx5_0,0.000,0.000,0.000,0.000
2025-12-03 16:03:22,mlx5_1,0.000,0.000,276.002,551.269
2025-12-03 16:03:22,mlx5_2,0.000,0.000,0.000,0.000
2025-12-03 16:03:22,mlx5_3,0.000,0.000,289.475,565.866
2025-12-03 16:03:22,mlx5_4,0.000,0.000,0.000,0.000
2025-12-03 16:03:22,mlx5_5,0.000,0.000,289.058,564.206
2025-12-03 16:03:22,mlx5_6,0.000,0.000,0.000,0.000
2025-12-03 16:03:22,mlx5_7,0.000,0.000,0.000,0.000
2025-12-03 16:03:22,mlx5_8,0.000,0.000,289.024,563.296
2025-12-03 16:03:22,mlx5_9,0.000,0.000,0.000,0.000
2025-12-03 16:03:22,TOTAL,0.000,0.000,1143.559,2244.637
2025-12-03 16:03:23,mlx5_0,0.000,0.000,0.000,0.000
2025-12-03 16:03:23,mlx5_1,0.000,0.000,276.002,551.269
2025-12-03 16:03:23,mlx5_2,0.000,0.000,0.000,0.000
2025-12-03 16:03:23,mlx5_3,0.000,0.000,289.475,565.866
2025-12-03 16:03:23,mlx5_4,0.000,0.000,0.000,0.000
2025-12-03 16:03:23,mlx5_5,0.000,0.000,289.058,564.206
2025-12-03 16:03:23,mlx5_6,0.000,0.000,0.000,0.000
2025-12-03 16:03:23,mlx5_7,0.000,0.000,0.000,0.000
2025-12-03 16:03:23,mlx5_8,0.000,0.000,289.024,563.296
2025-12-03 16:03:23,mlx5_9,0.000,0.000,0.000,0.000
2025-12-03 16:03:23,TOTAL,0.000,0.000,1143.559,2244.637
2025-12-03 16:03:24,mlx5_0,0.000,0.000,0.000,0.000
2025-12-03 16:03:24,mlx5_1,9.255,0.013,277.164,551.270
2025-12-03 16:03:24,mlx5_2,0.000,0.000,0.000,0.000
2025-12-03 16:03:24,mlx5_3,9.202,0.014,290.630,565.868
2025-12-03 16:03:24,mlx5_4,0.000,0.000,0.000,0.000
2025-12-03 16:03:24,mlx5_5,8.960,0.013,290.183,564.208
2025-12-03 16:03:24,mlx5_6,0.000,0.000,0.000,0.000
2025-12-03 16:03:24,mlx5_7,0.000,0.000,0.000,0.000
2025-12-03 16:03:24,mlx5_8,9.159,0.013,290.175,563.298
2025-12-03 16:03:24,mlx5_9,0.000,0.000,0.000,0.000
2025-12-03 16:03:24,TOTAL,36.575,0.053,1148.152,2244.643
2025-12-03 16:03:25,mlx5_0,0.000,0.000,0.000,0.000
2025-12-03 16:03:25,mlx5_1,0.132,0.000,277.180,551.270
2025-12-03 16:03:25,mlx5_2,0.000,0.000,0.000,0.000
2025-12-03 16:03:25,mlx5_3,0.184,0.000,290.654,565.868
2025-12-03 16:03:25,mlx5_4,0.000,0.000,0.000,0.000
2025-12-03 16:03:25,mlx5_5,0.162,0.000,290.204,564.208
2025-12-03 16:03:25,mlx5_6,0.000,0.000,0.000,0.000
2025-12-03 16:03:25,mlx5_7,0.000,0.000,0.000,0.000
2025-12-03 16:03:25,mlx5_8,0.176,0.000,290.197,563.298
2025-12-03 16:03:25,mlx5_9,0.000,0.000,0.000,0.000
2025-12-03 16:03:25,TOTAL,0.654,0.001,1148.234,2244.644
2025-12-03 16:03:26,mlx5_0,0.000,0.000,0.000,0.000
2025-12-03 16:03:26,mlx5_1,0.000,0.000,277.180,551.270
2025-12-03 16:03:26,mlx5_2,0.000,0.000,0.000,0.000
2025-12-03 16:03:26,mlx5_3,0.000,0.000,290.654,565.868
2025-12-03 16:03:26,mlx5_4,0.000,0.000,0.000,0.000
2025-12-03 16:03:26,mlx5_5,0.000,0.000,290.204,564.208
2025-12-03 16:03:26,mlx5_6,0.000,0.000,0.000,0.000
2025-12-03 16:03:26,mlx5_7,0.000,0.000,0.000,0.000
2025-12-03 16:03:26,mlx5_8,0.000,0.000,290.197,563.298
2025-12-03 16:03:26,mlx5_9,0.000,0.000,0.000,0.000
2025-12-03 16:03:26,TOTAL,0.000,0.000,1148.234,2244.644
2025-12-03 16:03:27,mlx5_0,0.000,0.000,0.000,0.000
2025-12-03 16:03:27,mlx5_1,0.000,0.000,277.180,551.270
2025-12-03 16:03:27,mlx5_2,0.000,0.000,0.000,0.000
2025-12-03 16:03:27,mlx5_3,0.000,0.000,290.654,565.868
2025-12-03 16:03:27,mlx5_4,0.000,0.000,0.000,0.000
2025-12-03 16:03:27,mlx5_5,0.000,0.000,290.204,564.208
2025-12-03 16:03:27,mlx5_6,0.000,0.000,0.000,0.000
2025-12-03 16:03:27,mlx5_7,0.000,0.000,0.000,0.000
2025-12-03 16:03:27,mlx5_8,0.000,0.000,290.197,563.298
2025-12-03 16:03:27,mlx5_9,0.000,0.000,0.000,0.000
2025-12-03 16:03:27,TOTAL,0.000,0.000,1148.234,2244.644
2025-12-03 16:03:28,mlx5_0,0.000,0.000,0.000,0.000
2025-12-03 16:03:28,mlx5_1,0.000,0.000,277.180,551.270
2025-12-03 16:03:28,mlx5_2,0.000,0.000,0.000,0.000
2025-12-03 16:03:28,mlx5_3,0.000,0.000,290.654,565.868
2025-12-03 16:03:28,mlx5_4,0.000,0.000,0.000,0.000
2025-12-03 16:03:28,mlx5_5,0.000,0.000,290.204,564.208
2025-12-03 16:03:28,mlx5_6,0.000,0.000,0.000,0.000
2025-12-03 16:03:28,mlx5_7,0.000,0.000,0.000,0.000
2025-12-03 16:03:28,mlx5_8,0.000,0.000,290.197,563.298
2025-12-03 16:03:28,mlx5_9,0.000,0.000,0.000,0.000
2025-12-03 16:03:28,TOTAL,0.001,0.000,1148.235,2244.644
2025-12-03 16:03:29,mlx5_0,0.000,0.000,0.000,0.000
2025-12-03 16:03:29,mlx5_1,9.392,0.013,278.360,551.272
2025-12-03 16:03:29,mlx5_2,0.000,0.000,0.000,0.000
2025-12-03 16:03:29,mlx5_3,9.291,0.014,291.821,565.870
2025-12-03 16:03:29,mlx5_4,0.000,0.000,0.000,0.000
2025-12-03 16:03:29,mlx5_5,9.237,0.014,291.364,564.210
2025-12-03 16:03:29,mlx5_6,0.000,0.000,0.000,0.000
2025-12-03 16:03:29,mlx5_7,0.000,0.000,0.000,0.000
2025-12-03 16:03:29,mlx5_8,9.294,0.013,291.364,563.299
2025-12-03 16:03:29,mlx5_9,0.000,0.000,0.000,0.000
2025-12-03 16:03:29,TOTAL,37.215,0.053,1152.910,2244.650
2025-12-03 16:03:30,mlx5_0,0.000,0.000,0.000,0.000
2025-12-03 16:03:30,mlx5_1,0.000,0.000,278.360,551.272
2025-12-03 16:03:30,mlx5_2,0.000,0.000,0.000,0.000
2025-12-03 16:03:30,mlx5_3,0.000,0.000,291.821,565.870
2025-12-03 16:03:30,mlx5_4,0.000,0.000,0.000,0.000
2025-12-03 16:03:30,mlx5_5,0.000,0.000,291.364,564.210
2025-12-03 16:03:30,mlx5_6,0.000,0.000,0.000,0.000
2025-12-03 16:03:30,mlx5_7,0.000,0.000,0.000,0.000
2025-12-03 16:03:30,mlx5_8,0.000,0.000,291.364,563.299
2025-12-03 16:03:30,mlx5_9,0.000,0.000,0.000,0.000
2025-12-03 16:03:30,TOTAL,0.000,0.000,1152.910,2244.650
2025-12-03 16:03:31,mlx5_0,0.000,0.000,0.000,0.000
2025-12-03 16:03:31,mlx5_1,0.000,0.000,278.360,551.272
2025-12-03 16:03:31,mlx5_2,0.000,0.000,0.000,0.000
2025-12-03 16:03:31,mlx5_3,0.000,0.000,291.821,565.870
2025-12-03 16:03:31,mlx5_4,0.000,0.000,0.000,0.000
2025-12-03 16:03:31,mlx5_5,0.000,0.000,291.364,564.210
2025-12-03 16:03:31,mlx5_6,0.000,0.000,0.000,0.000
2025-12-03 16:03:31,mlx5_7,0.000,0.000,0.000,0.000
2025-12-03 16:03:31,mlx5_8,0.000,0.000,291.364,563.299
2025-12-03 16:03:31,mlx5_9,0.000,0.000,0.000,0.000
2025-12-03 16:03:31,TOTAL,0.000,0.000,1152.910,2244.650
2025-12-03 16:03:32,mlx5_0,0.000,0.000,0.000,0.000
2025-12-03 16:03:32,mlx5_1,0.000,0.000,278.360,551.272
2025-12-03 16:03:32,mlx5_2,0.000,0.000,0.000,0.000
2025-12-03 16:03:32,mlx5_3,0.000,0.000,291.821,565.870
2025-12-03 16:03:32,mlx5_4,0.000,0.000,0.000,0.000
2025-12-03 16:03:32,mlx5_5,0.000,0.000,291.364,564.210
2025-12-03 16:03:32,mlx5_6,0.000,0.000,0.000,0.000
2025-12-03 16:03:32,mlx5_7,0.000,0.000,0.000,0.000
2025-12-03 16:03:32,mlx5_8,0.000,0.000,291.364,563.299
2025-12-03 16:03:32,mlx5_9,0.000,0.000,0.000,0.000
2025-12-03 16:03:32,TOTAL,0.000,0.000,1152.910,2244.650
2025-12-03 16:03:33,mlx5_0,0.000,0.000,0.000,0.000
2025-12-03 16:03:33,mlx5_1,9.336,0.013,279.533,551.273
2025-12-03 16:03:33,mlx5_2,0.000,0.000,0.000,0.000
2025-12-03 16:03:33,mlx5_3,9.247,0.014,292.983,565.871
2025-12-03 16:03:33,mlx5_4,0.000,0.000,0.000,0.000
2025-12-03 16:03:33,mlx5_5,9.249,0.014,292.526,564.211
2025-12-03 16:03:33,mlx5_6,0.000,0.000,0.000,0.000
2025-12-03 16:03:33,mlx5_7,0.000,0.000,0.000,0.000
2025-12-03 16:03:33,mlx5_8,9.386,0.013,292.544,563.301
2025-12-03 16:03:33,mlx5_9,0.000,0.000,0.000,0.000
2025-12-03 16:03:33,TOTAL,37.217,0.053,1157.585,2244.657
2025-12-03 16:03:34,mlx5_0,0.000,0.000,0.000,0.000
2025-12-03 16:03:34,mlx5_1,0.000,0.000,279.533,551.273
2025-12-03 16:03:34,mlx5_2,0.000,0.000,0.000,0.000
2025-12-03 16:03:34,mlx5_3,0.000,0.000,292.983,565.871
2025-12-03 16:03:34,mlx5_4,0.000,0.000,0.000,0.000
2025-12-03 16:03:34,mlx5_5,0.000,0.000,292.526,564.211
2025-12-03 16:03:34,mlx5_6,0.000,0.000,0.000,0.000
2025-12-03 16:03:34,mlx5_7,0.000,0.000,0.000,0.000
2025-12-03 16:03:34,mlx5_8,0.000,0.000,292.544,563.301
2025-12-03 16:03:34,mlx5_9,0.000,0.000,0.000,0.000
2025-12-03 16:03:34,TOTAL,0.000,0.000,1157.585,2244.657
2025-12-03 16:03:35,mlx5_0,0.000,0.000,0.000,0.000
2025-12-03 16:03:35,mlx5_1,0.000,0.000,279.533,551.273
2025-12-03 16:03:35,mlx5_2,0.000,0.000,0.000,0.000
2025-12-03 16:03:35,mlx5_3,0.000,0.000,292.983,565.871
2025-12-03 16:03:35,mlx5_4,0.000,0.000,0.000,0.000
2025-12-03 16:03:35,mlx5_5,0.000,0.000,292.526,564.211
2025-12-03 16:03:35,mlx5_6,0.000,0.000,0.000,0.000
2025-12-03 16:03:35,mlx5_7,0.000,0.000,0.000,0.000
2025-12-03 16:03:35,mlx5_8,0.000,0.000,292.544,563.301
2025-12-03 16:03:35,mlx5_9,0.000,0.000,0.000,0.000
2025-12-03 16:03:35,TOTAL,0.000,0.000,1157.585,2244.657
2025-12-03 16:03:36,mlx5_0,0.000,0.000,0.000,0.000
2025-12-03 16:03:36,mlx5_1,0.000,0.000,279.533,551.273
2025-12-03 16:03:36,mlx5_2,0.000,0.000,0.000,0.000
2025-12-03 16:03:36,mlx5_3,0.000,0.000,292.983,565.871
2025-12-03 16:03:36,mlx5_4,0.000,0.000,0.000,0.000
2025-12-03 16:03:36,mlx5_5,0.000,0.000,292.526,564.211
2025-12-03 16:03:36,mlx5_6,0.000,0.000,0.000,0.000
2025-12-03 16:03:36,mlx5_7,0.000,0.000,0.000,0.000
2025-12-03 16:03:36,mlx5_8,0.000,0.000,292.544,563.301
2025-12-03 16:03:36,mlx5_9,0.000,0.000,0.000,0.000
2025-12-03 16:03:36,TOTAL,0.000,0.000,1157.585,2244.657
2025-12-03 16:03:37,mlx5_0,0.000,0.000,0.000,0.000
2025-12-03 16:03:37,mlx5_1,7.186,0.010,280.435,551.275
2025-12-03 16:03:37,mlx5_2,0.000,0.000,0.000,0.000
2025-12-03 16:03:37,mlx5_3,7.270,0.011,293.895,565.873
2025-12-03 16:03:37,mlx5_4,0.000,0.000,0.000,0.000
2025-12-03 16:03:37,mlx5_5,7.072,0.010,293.414,564.213
2025-12-03 16:03:37,mlx5_6,0.000,0.000,0.000,0.000
2025-12-03 16:03:37,mlx5_7,0.000,0.000,0.000,0.000
2025-12-03 16:03:37,mlx5_8,7.132,0.010,293.439,563.302
2025-12-03 16:03:37,mlx5_9,0.000,0.000,0.000,0.000
2025-12-03 16:03:37,TOTAL,28.660,0.041,1161.183,2244.662
2025-12-03 16:03:38,mlx5_0,0.000,0.000,0.000,0.000
2025-12-03 16:03:38,mlx5_1,0.000,0.000,280.435,551.275
2025-12-03 16:03:38,mlx5_2,0.000,0.000,0.000,0.000
2025-12-03 16:03:38,mlx5_3,0.000,0.000,293.895,565.873
2025-12-03 16:03:38,mlx5_4,0.000,0.000,0.000,0.000
2025-12-03 16:03:38,mlx5_5,0.000,0.000,293.414,564.213
2025-12-03 16:03:38,mlx5_6,0.000,0.000,0.000,0.000
2025-12-03 16:03:38,mlx5_7,0.000,0.000,0.000,0.000
2025-12-03 16:03:38,mlx5_8,0.000,0.000,293.439,563.302
2025-12-03 16:03:38,mlx5_9,0.000,0.000,0.000,0.000
2025-12-03 16:03:38,TOTAL,0.000,0.000,1161.183,2244.662
2025-12-03 16:03:39,mlx5_0,0.000,0.000,0.000,0.000
2025-12-03 16:03:39,mlx5_1,0.000,0.000,280.435,551.275
2025-12-03 16:03:39,mlx5_2,0.000,0.000,0.000,0.000
2025-12-03 16:03:39,mlx5_3,0.000,0.000,293.895,565.873
2025-12-03 16:03:39,mlx5_4,0.000,0.000,0.000,0.000
2025-12-03 16:03:39,mlx5_5,0.000,0.000,293.414,564.213
2025-12-03 16:03:39,mlx5_6,0.000,0.000,0.000,0.000
2025-12-03 16:03:39,mlx5_7,0.000,0.000,0.000,0.000
2025-12-03 16:03:39,mlx5_8,0.000,0.000,293.439,563.302
2025-12-03 16:03:39,mlx5_9,0.000,0.000,0.000,0.000
2025-12-03 16:03:39,TOTAL,0.000,0.000,1161.183,2244.662
2025-12-03 16:03:40,mlx5_0,0.000,0.000,0.000,0.000
2025-12-03 16:03:40,mlx5_1,0.000,0.000,280.435,551.275
2025-12-03 16:03:40,mlx5_2,0.000,0.000,0.000,0.000
2025-12-03 16:03:40,mlx5_3,0.000,0.000,293.895,565.873
2025-12-03 16:03:40,mlx5_4,0.000,0.000,0.000,0.000
2025-12-03 16:03:40,mlx5_5,0.000,0.000,293.414,564.213
2025-12-03 16:03:40,mlx5_6,0.000,0.000,0.000,0.000
2025-12-03 16:03:40,mlx5_7,0.000,0.000,0.000,0.000
2025-12-03 16:03:40,mlx5_8,0.000,0.000,293.439,563.302
2025-12-03 16:03:40,mlx5_9,0.000,0.000,0.000,0.000
2025-12-03 16:03:40,TOTAL,0.000,0.000,1161.183,2244.662
2025-12-03 16:03:41,mlx5_0,0.000,0.000,0.000,0.000
2025-12-03 16:03:41,mlx5_1,0.000,0.000,280.435,551.275
2025-12-03 16:03:41,mlx5_2,0.000,0.000,0.000,0.000
2025-12-03 16:03:41,mlx5_3,0.000,0.000,293.895,565.873
2025-12-03 16:03:41,mlx5_4,0.000,0.000,0.000,0.000
2025-12-03 16:03:41,mlx5_5,0.000,0.000,293.414,564.213
2025-12-03 16:03:41,mlx5_6,0.000,0.000,0.000,0.000
2025-12-03 16:03:41,mlx5_7,0.000,0.000,0.000,0.000
2025-12-03 16:03:41,mlx5_8,0.000,0.000,293.439,563.302
2025-12-03 16:03:41,mlx5_9,0.000,0.000,0.000,0.000
2025-12-03 16:03:41,TOTAL,0.000,0.000,1161.183,2244.662
2025-12-03 16:03:42,mlx5_0,0.000,0.000,0.000,0.000
2025-12-03 16:03:42,mlx5_1,0.000,0.000,280.435,551.275
2025-12-03 16:03:42,mlx5_2,0.000,0.000,0.000,0.000
2025-12-03 16:03:42,mlx5_3,0.000,0.000,293.895,565.873
2025-12-03 16:03:42,mlx5_4,0.000,0.000,0.000,0.000
2025-12-03 16:03:42,mlx5_5,0.000,0.000,293.414,564.213
2025-12-03 16:03:42,mlx5_6,0.000,0.000,0.000,0.000
2025-12-03 16:03:42,mlx5_7,0.000,0.000,0.000,0.000
2025-12-03 16:03:42,mlx5_8,0.000,0.000,293.439,563.302
2025-12-03 16:03:42,mlx5_9,0.000,0.000,0.000,0.000
2025-12-03 16:03:42,TOTAL,0.000,0.000,1161.183,2244.662
2025-12-03 16:03:43,mlx5_0,0.000,0.000,0.000,0.000
2025-12-03 16:03:43,mlx5_1,0.000,0.000,280.435,551.275
2025-12-03 16:03:43,mlx5_2,0.000,0.000,0.000,0.000
2025-12-03 16:03:43,mlx5_3,0.000,0.000,293.895,565.873
2025-12-03 16:03:43,mlx5_4,0.000,0.000,0.000,0.000
2025-12-03 16:03:43,mlx5_5,0.000,0.000,293.414,564.213
2025-12-03 16:03:43,mlx5_6,0.000,0.000,0.000,0.000
2025-12-03 16:03:43,mlx5_7,0.000,0.000,0.000,0.000
2025-12-03 16:03:43,mlx5_8,0.000,0.000,293.439,563.302
2025-12-03 16:03:43,mlx5_9,0.000,0.000,0.000,0.000
2025-12-03 16:03:43,TOTAL,0.000,0.000,1161.183,2244.662
2025-12-03 16:03:44,mlx5_0,0.000,0.000,0.000,0.000
2025-12-03 16:03:44,mlx5_1,0.000,0.000,280.435,551.275
2025-12-03 16:03:44,mlx5_2,0.000,0.000,0.000,0.000
2025-12-03 16:03:44,mlx5_3,0.000,0.000,293.895,565.873
2025-12-03 16:03:44,mlx5_4,0.000,0.000,0.000,0.000
2025-12-03 16:03:44,mlx5_5,0.000,0.000,293.414,564.213
2025-12-03 16:03:44,mlx5_6,0.000,0.000,0.000,0.000
2025-12-03 16:03:44,mlx5_7,0.000,0.000,0.000,0.000
2025-12-03 16:03:44,mlx5_8,0.000,0.000,293.439,563.302
2025-12-03 16:03:44,mlx5_9,0.000,0.000,0.000,0.000
2025-12-03 16:03:44,TOTAL,0.000,0.000,1161.183,2244.662
2025-12-03 16:03:45,mlx5_0,0.000,0.000,0.000,0.000
2025-12-03 16:03:45,mlx5_1,0.000,0.000,280.435,551.275
2025-12-03 16:03:45,mlx5_2,0.000,0.000,0.000,0.000
2025-12-03 16:03:45,mlx5_3,0.000,0.000,293.895,565.873
2025-12-03 16:03:45,mlx5_4,0.000,0.000,0.000,0.000
2025-12-03 16:03:45,mlx5_5,0.000,0.000,293.414,564.213
2025-12-03 16:03:45,mlx5_6,0.000,0.000,0.000,0.000
2025-12-03 16:03:45,mlx5_7,0.000,0.000,0.000,0.000
2025-12-03 16:03:45,mlx5_8,0.000,0.000,293.439,563.302
2025-12-03 16:03:45,mlx5_9,0.000,0.000,0.000,0.000
2025-12-03 16:03:45,TOTAL,0.000,0.000,1161.183,2244.662
2025-12-03 16:03:46,mlx5_0,0.000,0.000,0.000,0.000
2025-12-03 16:03:46,mlx5_1,0.000,0.000,280.435,551.275
2025-12-03 16:03:46,mlx5_2,0.000,0.000,0.000,0.000
2025-12-03 16:03:46,mlx5_3,0.000,0.000,293.895,565.873
2025-12-03 16:03:46,mlx5_4,0.000,0.000,0.000,0.000
2025-12-03 16:03:46,mlx5_5,0.000,0.000,293.414,564.213
2025-12-03 16:03:46,mlx5_6,0.000,0.000,0.000,0.000
2025-12-03 16:03:46,mlx5_7,0.000,0.000,0.000,0.000
2025-12-03 16:03:46,mlx5_8,0.000,0.000,293.439,563.302
2025-12-03 16:03:46,mlx5_9,0.000,0.000,0.000,0.000
2025-12-03 16:03:46,TOTAL,0.000,0.000,1161.183,2244.662
2025-12-03 16:03:47,mlx5_0,0.000,0.000,0.000,0.000
2025-12-03 16:03:47,mlx5_1,0.000,0.000,280.435,551.275
2025-12-03 16:03:47,mlx5_2,0.000,0.000,0.000,0.000
2025-12-03 16:03:47,mlx5_3,0.000,0.000,293.895,565.873
2025-12-03 16:03:47,mlx5_4,0.000,0.000,0.000,0.000
2025-12-03 16:03:47,mlx5_5,0.000,0.000,293.414,564.213
2025-12-03 16:03:47,mlx5_6,0.000,0.000,0.000,0.000
2025-12-03 16:03:47,mlx5_7,0.000,0.000,0.000,0.000
2025-12-03 16:03:47,mlx5_8,0.000,0.000,293.439,563.302
2025-12-03 16:03:47,mlx5_9,0.000,0.000,0.000,0.000
2025-12-03 16:03:47,TOTAL,0.000,0.000,1161.183,2244.662
2025-12-03 16:03:48,mlx5_0,0.000,0.000,0.000,0.000
2025-12-03 16:03:48,mlx5_1,0.000,0.000,280.435,551.275
2025-12-03 16:03:48,mlx5_2,0.000,0.000,0.000,0.000
2025-12-03 16:03:48,mlx5_3,0.000,0.000,293.895,565.873
2025-12-03 16:03:48,mlx5_4,0.000,0.000,0.000,0.000
2025-12-03 16:03:48,mlx5_5,0.000,0.000,293.414,564.213
2025-12-03 16:03:48,mlx5_6,0.000,0.000,0.000,0.000
2025-12-03 16:03:48,mlx5_7,0.000,0.000,0.000,0.000
2025-12-03 16:03:48,mlx5_8,0.000,0.000,293.439,563.302
2025-12-03 16:03:48,mlx5_9,0.000,0.000,0.000,0.000
2025-12-03 16:03:48,TOTAL,0.000,0.000,1161.183,2244.662
2025-12-03 16:03:49,mlx5_0,0.000,0.000,0.000,0.000
2025-12-03 16:03:49,mlx5_1,0.000,0.000,280.435,551.275
2025-12-03 16:03:49,mlx5_2,0.000,0.000,0.000,0.000
2025-12-03 16:03:49,mlx5_3,0.000,0.000,293.895,565.873
2025-12-03 16:03:49,mlx5_4,0.000,0.000,0.000,0.000
2025-12-03 16:03:49,mlx5_5,0.000,0.000,293.414,564.213
2025-12-03 16:03:49,mlx5_6,0.000,0.000,0.000,0.000
2025-12-03 16:03:49,mlx5_7,0.000,0.000,0.000,0.000
2025-12-03 16:03:49,mlx5_8,0.000,0.000,293.439,563.302
2025-12-03 16:03:49,mlx5_9,0.000,0.000,0.000,0.000
2025-12-03 16:03:49,TOTAL,0.000,0.000,1161.183,2244.662
2025-12-03 16:03:50,mlx5_0,0.000,0.000,0.000,0.000
2025-12-03 16:03:50,mlx5_1,0.000,0.000,280.435,551.275
2025-12-03 16:03:50,mlx5_2,0.000,0.000,0.000,0.000
2025-12-03 16:03:50,mlx5_3,0.000,0.000,293.895,565.873
2025-12-03 16:03:50,mlx5_4,0.000,0.000,0.000,0.000
2025-12-03 16:03:50,mlx5_5,0.000,0.000,293.414,564.213
2025-12-03 16:03:50,mlx5_6,0.000,0.000,0.000,0.000
2025-12-03 16:03:50,mlx5_7,0.000,0.000,0.000,0.000
2025-12-03 16:03:50,mlx5_8,0.000,0.000,293.439,563.302
2025-12-03 16:03:50,mlx5_9,0.000,0.000,0.000,0.000
2025-12-03 16:03:50,TOTAL,0.000,0.000,1161.183,2244.662
2025-12-03 16:03:51,mlx5_0,0.000,0.000,0.000,0.000
2025-12-03 16:03:51,mlx5_1,0.000,0.000,280.435,551.275
2025-12-03 16:03:51,mlx5_2,0.000,0.000,0.000,0.000
2025-12-03 16:03:51,mlx5_3,0.000,0.000,293.895,565.873
2025-12-03 16:03:51,mlx5_4,0.000,0.000,0.000,0.000
2025-12-03 16:03:51,mlx5_5,0.000,0.000,293.414,564.213
2025-12-03 16:03:51,mlx5_6,0.000,0.000,0.000,0.000
2025-12-03 16:03:51,mlx5_7,0.000,0.000,0.000,0.000
2025-12-03 16:03:51,mlx5_8,0.000,0.000,293.439,563.302
2025-12-03 16:03:51,mlx5_9,0.000,0.000,0.000,0.000
2025-12-03 16:03:51,TOTAL,0.000,0.000,1161.183,2244.662
2025-12-03 16:03:52,mlx5_0,0.000,0.000,0.000,0.000
2025-12-03 16:03:52,mlx5_1,0.000,0.000,280.435,551.275
2025-12-03 16:03:52,mlx5_2,0.000,0.000,0.000,0.000
2025-12-03 16:03:52,mlx5_3,0.000,0.000,293.895,565.873
2025-12-03 16:03:52,mlx5_4,0.000,0.000,0.000,0.000
2025-12-03 16:03:52,mlx5_5,0.000,0.000,293.414,564.213
2025-12-03 16:03:52,mlx5_6,0.000,0.000,0.000,0.000
2025-12-03 16:03:52,mlx5_7,0.000,0.000,0.000,0.000
2025-12-03 16:03:52,mlx5_8,0.000,0.000,293.439,563.302
2025-12-03 16:03:52,mlx5_9,0.000,0.000,0.000,0.000
2025-12-03 16:03:52,TOTAL,0.000,0.000,1161.183,2244.662
2025-12-03 16:03:53,mlx5_0,0.000,0.000,0.000,0.000
2025-12-03 16:03:53,mlx5_1,0.000,0.000,280.435,551.275
2025-12-03 16:03:53,mlx5_2,0.000,0.000,0.000,0.000
2025-12-03 16:03:53,mlx5_3,0.000,0.000,293.895,565.873
2025-12-03 16:03:53,mlx5_4,0.000,0.000,0.000,0.000
2025-12-03 16:03:53,mlx5_5,0.000,0.000,293.414,564.213
2025-12-03 16:03:53,mlx5_6,0.000,0.000,0.000,0.000
2025-12-03 16:03:53,mlx5_7,0.000,0.000,0.000,0.000
2025-12-03 16:03:53,mlx5_8,0.000,0.000,293.439,563.302
2025-12-03 16:03:53,mlx5_9,0.000,0.000,0.000,0.000
2025-12-03 16:03:53,TOTAL,0.000,0.000,1161.183,2244.662
2025-12-03 16:03:54,mlx5_0,0.000,0.000,0.000,0.000
2025-12-03 16:03:54,mlx5_1,0.000,0.000,280.435,551.275
2025-12-03 16:03:54,mlx5_2,0.000,0.000,0.000,0.000
2025-12-03 16:03:54,mlx5_3,0.000,0.000,293.895,565.873
2025-12-03 16:03:54,mlx5_4,0.000,0.000,0.000,0.000
2025-12-03 16:03:54,mlx5_5,0.000,0.000,293.414,564.213
2025-12-03 16:03:54,mlx5_6,0.000,0.000,0.000,0.000
2025-12-03 16:03:54,mlx5_7,0.000,0.000,0.000,0.000
2025-12-03 16:03:54,mlx5_8,0.000,0.000,293.439,563.302
2025-12-03 16:03:54,mlx5_9,0.000,0.000,0.000,0.000
2025-12-03 16:03:54,TOTAL,0.000,0.000,1161.183,2244.662
2025-12-03 16:03:55,mlx5_0,0.000,0.000,0.000,0.000
2025-12-03 16:03:55,mlx5_1,0.000,0.000,280.435,551.275
2025-12-03 16:03:55,mlx5_2,0.000,0.000,0.000,0.000
2025-12-03 16:03:55,mlx5_3,0.000,0.000,293.895,565.873
2025-12-03 16:03:55,mlx5_4,0.000,0.000,0.000,0.000
2025-12-03 16:03:55,mlx5_5,0.000,0.000,293.414,564.213
2025-12-03 16:03:55,mlx5_6,0.000,0.000,0.000,0.000
2025-12-03 16:03:55,mlx5_7,0.000,0.000,0.000,0.000
2025-12-03 16:03:55,mlx5_8,0.000,0.000,293.439,563.302
2025-12-03 16:03:55,mlx5_9,0.000,0.000,0.000,0.000
2025-12-03 16:03:55,TOTAL,0.000,0.000,1161.183,2244.662
2025-12-03 16:03:56,mlx5_0,0.000,0.000,0.000,0.000
2025-12-03 16:03:56,mlx5_1,0.000,0.000,280.435,551.275
2025-12-03 16:03:56,mlx5_2,0.000,0.000,0.000,0.000
2025-12-03 16:03:56,mlx5_3,0.000,0.000,293.895,565.873
2025-12-03 16:03:56,mlx5_4,0.000,0.000,0.000,0.000
2025-12-03 16:03:56,mlx5_5,0.000,0.000,293.414,564.213
2025-12-03 16:03:56,mlx5_6,0.000,0.000,0.000,0.000
2025-12-03 16:03:56,mlx5_7,0.000,0.000,0.000,0.000
2025-12-03 16:03:56,mlx5_8,0.000,0.000,293.439,563.302
2025-12-03 16:03:56,mlx5_9,0.000,0.000,0.000,0.000
2025-12-03 16:03:56,TOTAL,0.000,0.000,1161.183,2244.662
2025-12-03 16:03:57,mlx5_0,0.000,0.000,0.000,0.000
2025-12-03 16:03:57,mlx5_1,0.000,0.000,280.435,551.275
2025-12-03 16:03:57,mlx5_2,0.000,0.000,0.000,0.000
2025-12-03 16:03:57,mlx5_3,0.000,0.000,293.895,565.873
2025-12-03 16:03:57,mlx5_4,0.000,0.000,0.000,0.000
2025-12-03 16:03:57,mlx5_5,0.000,0.000,293.414,564.213
2025-12-03 16:03:57,mlx5_6,0.000,0.000,0.000,0.000
2025-12-03 16:03:57,mlx5_7,0.000,0.000,0.000,0.000
2025-12-03 16:03:57,mlx5_8,0.000,0.000,293.439,563.302
2025-12-03 16:03:57,mlx5_9,0.000,0.000,0.000,0.000
2025-12-03 16:03:57,TOTAL,0.000,0.000,1161.183,2244.662
2025-12-03 16:03:58,mlx5_0,0.000,0.000,0.000,0.000
2025-12-03 16:03:58,mlx5_1,0.013,5.857,280.437,552.010
2025-12-03 16:03:58,mlx5_2,0.000,0.000,0.000,0.000
2025-12-03 16:03:58,mlx5_3,0.011,6.014,293.897,566.628
2025-12-03 16:03:58,mlx5_4,0.000,0.000,0.000,0.000
2025-12-03 16:03:58,mlx5_5,0.011,6.024,293.415,564.969
2025-12-03 16:03:58,mlx5_6,0.000,0.000,0.000,0.000
2025-12-03 16:03:58,mlx5_7,0.000,0.000,0.000,0.000
2025-12-03 16:03:58,mlx5_8,0.013,5.972,293.440,564.052
2025-12-03 16:03:58,mlx5_9,0.000,0.000,0.000,0.000
2025-12-03 16:03:58,TOTAL,0.049,23.867,1161.190,2247.660
2025-12-03 16:03:59,mlx5_0,0.000,0.000,0.000,0.000
2025-12-03 16:03:59,mlx5_1,0.336,109.446,280.479,565.766
2025-12-03 16:03:59,mlx5_2,0.000,0.000,0.000,0.000
2025-12-03 16:03:59,mlx5_3,0.249,107.620,293.928,580.154
2025-12-03 16:03:59,mlx5_4,0.000,0.000,0.000,0.000
2025-12-03 16:03:59,mlx5_5,0.252,107.916,293.447,578.533
2025-12-03 16:03:59,mlx5_6,0.000,0.000,0.000,0.000
2025-12-03 16:03:59,mlx5_7,0.000,0.000,0.000,0.000
2025-12-03 16:03:59,mlx5_8,0.294,107.045,293.477,577.506
2025-12-03 16:03:59,mlx5_9,0.000,0.000,0.000,0.000
2025-12-03 16:03:59,TOTAL,1.130,432.026,1161.332,2301.960
2025-12-03 16:04:00,mlx5_0,0.000,0.000,0.000,0.000
2025-12-03 16:04:00,mlx5_1,0.253,68.316,280.511,574.337
2025-12-03 16:04:00,mlx5_2,0.000,0.000,0.000,0.000
2025-12-03 16:04:00,mlx5_3,0.222,67.884,293.956,588.671
2025-12-03 16:04:00,mlx5_4,0.000,0.000,0.000,0.000
2025-12-03 16:04:00,mlx5_5,0.233,67.961,293.476,587.060
2025-12-03 16:04:00,mlx5_6,0.000,0.000,0.000,0.000
2025-12-03 16:04:00,mlx5_7,0.000,0.000,0.000,0.000
2025-12-03 16:04:00,mlx5_8,0.248,67.907,293.509,586.026
2025-12-03 16:04:00,mlx5_9,0.000,0.000,0.000,0.000
2025-12-03 16:04:00,TOTAL,0.957,272.068,1161.452,2336.095
2025-12-03 16:04:01,mlx5_0,0.000,0.000,0.000,0.000
2025-12-03 16:04:01,mlx5_1,0.154,46.667,280.530,580.204
2025-12-03 16:04:01,mlx5_2,0.000,0.000,0.000,0.000
2025-12-03 16:04:01,mlx5_3,0.117,46.002,293.970,594.455
2025-12-03 16:04:01,mlx5_4,0.000,0.000,0.000,0.000
2025-12-03 16:04:01,mlx5_5,0.121,45.997,293.491,592.842
2025-12-03 16:04:01,mlx5_6,0.000,0.000,0.000,0.000
2025-12-03 16:04:01,mlx5_7,0.000,0.000,0.000,0.000
2025-12-03 16:04:01,mlx5_8,0.149,45.557,293.527,591.754
2025-12-03 16:04:01,mlx5_9,0.000,0.000,0.000,0.000
2025-12-03 16:04:01,TOTAL,0.540,184.224,1161.520,2359.255
2025-12-03 16:04:02,mlx5_0,0.000,0.000,0.000,0.000
2025-12-03 16:04:02,mlx5_1,0.596,183.080,280.605,603.206
2025-12-03 16:04:02,mlx5_2,0.000,0.000,0.000,0.000
2025-12-03 16:04:02,mlx5_3,0.463,181.854,294.029,617.302
2025-12-03 16:04:02,mlx5_4,0.000,0.000,0.000,0.000
2025-12-03 16:04:02,mlx5_5,0.459,181.760,293.549,615.678
2025-12-03 16:04:02,mlx5_6,0.000,0.000,0.000,0.000
2025-12-03 16:04:02,mlx5_7,0.000,0.000,0.000,0.000
2025-12-03 16:04:02,mlx5_8,0.548,180.391,293.596,614.417
2025-12-03 16:04:02,mlx5_9,0.000,0.000,0.000,0.000
2025-12-03 16:04:02,TOTAL,2.066,727.085,1161.779,2450.604
2025-12-03 16:04:03,mlx5_0,0.000,0.000,0.000,0.000
2025-12-03 16:04:03,mlx5_1,0.485,157.802,280.666,623.034
2025-12-03 16:04:03,mlx5_2,0.000,0.000,0.000,0.000
2025-12-03 16:04:03,mlx5_3,0.364,156.477,294.074,636.963
2025-12-03 16:04:03,mlx5_4,0.000,0.000,0.000,0.000
2025-12-03 16:04:03,mlx5_5,0.375,156.185,293.596,635.303
2025-12-03 16:04:03,mlx5_6,0.000,0.000,0.000,0.000
2025-12-03 16:04:03,mlx5_7,0.000,0.000,0.000,0.000
2025-12-03 16:04:03,mlx5_8,0.439,155.451,293.651,633.950
2025-12-03 16:04:03,mlx5_9,0.000,0.000,0.000,0.000
2025-12-03 16:04:03,TOTAL,1.664,625.915,1161.988,2529.249
2025-12-03 16:04:04,mlx5_0,0.000,0.000,0.000,0.000
2025-12-03 16:04:04,mlx5_1,0.582,186.261,280.739,646.465
2025-12-03 16:04:04,mlx5_2,0.000,0.000,0.000,0.000
2025-12-03 16:04:04,mlx5_3,0.457,183.506,294.132,660.048
2025-12-03 16:04:04,mlx5_4,0.000,0.000,0.000,0.000
2025-12-03 16:04:04,mlx5_5,0.467,184.549,293.655,658.519
2025-12-03 16:04:04,mlx5_6,0.000,0.000,0.000,0.000
2025-12-03 16:04:04,mlx5_7,0.000,0.000,0.000,0.000
2025-12-03 16:04:04,mlx5_8,0.525,182.841,293.717,656.951
2025-12-03 16:04:04,mlx5_9,0.000,0.000,0.000,0.000
2025-12-03 16:04:04,TOTAL,2.030,737.156,1162.244,2621.983
2025-12-03 16:04:05,mlx5_0,0.000,0.000,0.000,0.000
2025-12-03 16:04:05,mlx5_1,0.194,67.132,280.764,654.903
2025-12-03 16:04:05,mlx5_2,0.000,0.000,0.000,0.000
2025-12-03 16:04:05,mlx5_3,0.134,66.343,294.149,668.387
2025-12-03 16:04:05,mlx5_4,0.000,0.000,0.000,0.000
2025-12-03 16:04:05,mlx5_5,0.138,66.672,293.672,666.899
2025-12-03 16:04:05,mlx5_6,0.000,0.000,0.000,0.000
2025-12-03 16:04:05,mlx5_7,0.000,0.000,0.000,0.000
2025-12-03 16:04:05,mlx5_8,0.164,66.075,293.738,665.256
2025-12-03 16:04:05,mlx5_9,0.000,0.000,0.000,0.000
2025-12-03 16:04:05,TOTAL,0.631,266.222,1162.323,2655.446
2025-12-03 16:04:06,mlx5_0,0.000,0.000,0.000,0.000
2025-12-03 16:04:06,mlx5_1,0.559,187.250,280.834,678.444
2025-12-03 16:04:06,mlx5_2,0.000,0.000,0.000,0.000
2025-12-03 16:04:06,mlx5_3,0.440,185.500,294.204,691.708
2025-12-03 16:04:06,mlx5_4,0.000,0.000,0.000,0.000
2025-12-03 16:04:06,mlx5_5,0.452,185.973,293.729,690.279
2025-12-03 16:04:06,mlx5_6,0.000,0.000,0.000,0.000
2025-12-03 16:04:06,mlx5_7,0.000,0.000,0.000,0.000
2025-12-03 16:04:06,mlx5_8,0.519,184.966,293.803,688.509
2025-12-03 16:04:06,mlx5_9,0.000,0.000,0.000,0.000
2025-12-03 16:04:06,TOTAL,1.970,743.689,1162.571,2748.940
2025-12-03 16:04:07,mlx5_0,0.000,0.000,0.000,0.000
2025-12-03 16:04:07,mlx5_1,0.122,44.085,280.849,683.986
2025-12-03 16:04:07,mlx5_2,0.000,0.000,0.000,0.000
2025-12-03 16:04:07,mlx5_3,0.092,43.769,294.216,697.210
2025-12-03 16:04:07,mlx5_4,0.000,0.000,0.000,0.000
2025-12-03 16:04:07,mlx5_5,0.092,43.924,293.741,695.800
2025-12-03 16:04:07,mlx5_6,0.000,0.000,0.000,0.000
2025-12-03 16:04:07,mlx5_7,0.000,0.000,0.000,0.000
2025-12-03 16:04:07,mlx5_8,0.106,43.594,293.817,693.989
2025-12-03 16:04:07,mlx5_9,0.000,0.000,0.000,0.000
2025-12-03 16:04:07,TOTAL,0.412,175.373,1162.622,2770.985
2025-12-03 16:04:08,mlx5_0,0.000,0.000,0.000,0.000
2025-12-03 16:04:08,mlx5_1,0.576,173.410,280.922,705.800
2025-12-03 16:04:08,mlx5_2,0.000,0.000,0.000,0.000
2025-12-03 16:04:08,mlx5_3,0.434,172.203,294.270,718.872
2025-12-03 16:04:08,mlx5_4,0.000,0.000,0.000,0.000
2025-12-03 16:04:08,mlx5_5,0.426,171.637,293.794,717.391
2025-12-03 16:04:08,mlx5_6,0.000,0.000,0.000,0.000
2025-12-03 16:04:08,mlx5_7,0.000,0.000,0.000,0.000
2025-12-03 16:04:08,mlx5_8,0.521,172.009,293.882,715.627
2025-12-03 16:04:08,mlx5_9,0.000,0.000,0.000,0.000
2025-12-03 16:04:08,TOTAL,1.957,689.259,1162.869,2857.689
2025-12-03 16:04:09,mlx5_0,0.000,0.000,0.000,0.000
2025-12-03 16:04:09,mlx5_1,0.430,149.162,280.976,724.556
2025-12-03 16:04:09,mlx5_2,0.000,0.000,0.000,0.000
2025-12-03 16:04:09,mlx5_3,0.338,148.034,294.313,737.486
2025-12-03 16:04:09,mlx5_4,0.000,0.000,0.000,0.000
2025-12-03 16:04:09,mlx5_5,0.334,147.964,293.836,735.997
2025-12-03 16:04:09,mlx5_6,0.000,0.000,0.000,0.000
2025-12-03 16:04:09,mlx5_7,0.000,0.000,0.000,0.000
2025-12-03 16:04:09,mlx5_8,0.404,146.881,293.933,734.096
2025-12-03 16:04:09,mlx5_9,0.000,0.000,0.000,0.000
2025-12-03 16:04:09,TOTAL,1.506,592.042,1163.058,2932.135
2025-12-03 16:04:10,mlx5_0,0.000,0.000,0.000,0.000
2025-12-03 16:04:10,mlx5_1,0.359,114.120,281.021,738.898
2025-12-03 16:04:10,mlx5_2,0.000,0.000,0.000,0.000
2025-12-03 16:04:10,mlx5_3,0.257,112.592,294.345,751.636
2025-12-03 16:04:10,mlx5_4,0.000,0.000,0.000,0.000
2025-12-03 16:04:10,mlx5_5,0.267,112.918,293.870,750.188
2025-12-03 16:04:10,mlx5_6,0.000,0.000,0.000,0.000
2025-12-03 16:04:10,mlx5_7,0.000,0.000,0.000,0.000
2025-12-03 16:04:10,mlx5_8,0.317,112.315,293.973,748.212
2025-12-03 16:04:10,mlx5_9,0.000,0.000,0.000,0.000
2025-12-03 16:04:10,TOTAL,1.201,451.944,1163.209,2988.934
2025-12-03 16:04:11,mlx5_0,0.000,0.000,0.000,0.000
2025-12-03 16:04:11,mlx5_1,0.494,159.570,281.083,758.955
2025-12-03 16:04:11,mlx5_2,0.000,0.000,0.000,0.000
2025-12-03 16:04:11,mlx5_3,0.384,157.523,294.393,771.436
2025-12-03 16:04:11,mlx5_4,0.000,0.000,0.000,0.000
2025-12-03 16:04:11,mlx5_5,0.382,157.711,293.918,770.011
2025-12-03 16:04:11,mlx5_6,0.000,0.000,0.000,0.000
2025-12-03 16:04:11,mlx5_7,0.000,0.000,0.000,0.000
2025-12-03 16:04:11,mlx5_8,0.457,156.704,294.030,767.908
2025-12-03 16:04:11,mlx5_9,0.000,0.000,0.000,0.000
2025-12-03 16:04:11,TOTAL,1.716,631.508,1163.425,3068.309
2025-12-03 16:04:12,mlx5_0,0.000,0.000,0.000,0.000
2025-12-03 16:04:12,mlx5_1,0.584,180.639,281.156,781.657
2025-12-03 16:04:12,mlx5_2,0.000,0.000,0.000,0.000
2025-12-03 16:04:12,mlx5_3,0.454,178.846,294.450,793.912
2025-12-03 16:04:12,mlx5_4,0.000,0.000,0.000,0.000
2025-12-03 16:04:12,mlx5_5,0.434,178.495,293.972,792.443
2025-12-03 16:04:12,mlx5_6,0.000,0.000,0.000,0.000
2025-12-03 16:04:12,mlx5_7,0.000,0.000,0.000,0.000
2025-12-03 16:04:12,mlx5_8,0.514,177.578,294.095,790.225
2025-12-03 16:04:12,mlx5_9,0.000,0.000,0.000,0.000
2025-12-03 16:04:12,TOTAL,1.985,715.559,1163.674,3158.238
2025-12-03 16:04:13,mlx5_0,0.000,0.000,0.000,0.000
2025-12-03 16:04:13,mlx5_1,0.406,121.240,281.207,796.898
2025-12-03 16:04:13,mlx5_2,0.000,0.000,0.000,0.000
2025-12-03 16:04:13,mlx5_3,0.323,120.132,294.491,809.015
2025-12-03 16:04:13,mlx5_4,0.000,0.000,0.000,0.000
2025-12-03 16:04:13,mlx5_5,0.310,119.725,294.011,807.494
2025-12-03 16:04:13,mlx5_6,0.000,0.000,0.000,0.000
2025-12-03 16:04:13,mlx5_7,0.000,0.000,0.000,0.000
2025-12-03 16:04:13,mlx5_8,0.351,119.248,294.139,805.216
2025-12-03 16:04:13,mlx5_9,0.000,0.000,0.000,0.000
2025-12-03 16:04:13,TOTAL,1.390,480.345,1163.849,3218.624
2025-12-03 16:04:14,mlx5_0,0.000,0.000,0.000,0.000
2025-12-03 16:04:14,mlx5_1,0.483,144.132,281.268,814.977
2025-12-03 16:04:14,mlx5_2,0.000,0.000,0.000,0.000
2025-12-03 16:04:14,mlx5_3,0.354,141.502,294.536,826.763
2025-12-03 16:04:14,mlx5_4,0.000,0.000,0.000,0.000
2025-12-03 16:04:14,mlx5_5,0.366,142.659,294.057,825.388
2025-12-03 16:04:14,mlx5_6,0.000,0.000,0.000,0.000
2025-12-03 16:04:14,mlx5_7,0.000,0.000,0.000,0.000
2025-12-03 16:04:14,mlx5_8,0.446,142.393,294.195,823.077
2025-12-03 16:04:14,mlx5_9,0.000,0.000,0.000,0.000
2025-12-03 16:04:14,TOTAL,1.650,570.686,1164.056,3290.206
2025-12-03 16:04:15,mlx5_0,0.000,0.000,0.000,0.000
2025-12-03 16:04:15,mlx5_1,0.583,179.261,281.341,837.530
2025-12-03 16:04:15,mlx5_2,0.000,0.000,0.000,0.000
2025-12-03 16:04:15,mlx5_3,0.446,177.132,294.592,849.049
2025-12-03 16:04:15,mlx5_4,0.000,0.000,0.000,0.000
2025-12-03 16:04:15,mlx5_5,0.471,177.296,294.117,847.694
2025-12-03 16:04:15,mlx5_6,0.000,0.000,0.000,0.000
2025-12-03 16:04:15,mlx5_7,0.000,0.000,0.000,0.000
2025-12-03 16:04:15,mlx5_8,0.537,176.256,294.262,845.252
2025-12-03 16:04:15,mlx5_9,0.000,0.000,0.000,0.000
2025-12-03 16:04:15,TOTAL,2.036,709.945,1164.312,3379.525
2025-12-03 16:04:16,mlx5_0,0.000,0.000,0.000,0.000
2025-12-03 16:04:16,mlx5_1,0.428,137.317,281.395,854.790
2025-12-03 16:04:16,mlx5_2,0.000,0.000,0.000,0.000
2025-12-03 16:04:16,mlx5_3,0.326,135.415,294.633,866.069
2025-12-03 16:04:16,mlx5_4,0.000,0.000,0.000,0.000
2025-12-03 16:04:16,mlx5_5,0.340,135.740,294.159,864.756
2025-12-03 16:04:16,mlx5_6,0.000,0.000,0.000,0.000
2025-12-03 16:04:16,mlx5_7,0.000,0.000,0.000,0.000
2025-12-03 16:04:16,mlx5_8,0.383,134.747,294.311,862.189
2025-12-03 16:04:16,mlx5_9,0.000,0.000,0.000,0.000
2025-12-03 16:04:16,TOTAL,1.477,543.220,1164.498,3447.804
2025-12-03 16:04:17,mlx5_0,0.000,0.000,0.000,0.000
2025-12-03 16:04:17,mlx5_1,0.000,0.000,281.395,854.790
2025-12-03 16:04:17,mlx5_2,0.000,0.000,0.000,0.000
2025-12-03 16:04:17,mlx5_3,0.000,0.000,294.633,866.069
2025-12-03 16:04:17,mlx5_4,0.000,0.000,0.000,0.000
2025-12-03 16:04:17,mlx5_5,0.000,0.000,294.159,864.756
2025-12-03 16:04:17,mlx5_6,0.000,0.000,0.000,0.000
2025-12-03 16:04:17,mlx5_7,0.000,0.000,0.000,0.000
2025-12-03 16:04:17,mlx5_8,0.000,0.000,294.311,862.189
2025-12-03 16:04:17,mlx5_9,0.000,0.000,0.000,0.000
2025-12-03 16:04:17,TOTAL,0.000,0.000,1164.498,3447.804
2025-12-03 16:04:18,mlx5_0,0.000,0.000,0.000,0.000
2025-12-03 16:04:18,mlx5_1,0.000,0.000,281.395,854.790
2025-12-03 16:04:18,mlx5_2,0.000,0.000,0.000,0.000
2025-12-03 16:04:18,mlx5_3,0.000,0.000,294.633,866.069
2025-12-03 16:04:18,mlx5_4,0.000,0.000,0.000,0.000
2025-12-03 16:04:18,mlx5_5,0.000,0.000,294.159,864.756
2025-12-03 16:04:18,mlx5_6,0.000,0.000,0.000,0.000
2025-12-03 16:04:18,mlx5_7,0.000,0.000,0.000,0.000
2025-12-03 16:04:18,mlx5_8,0.000,0.000,294.311,862.189
2025-12-03 16:04:18,mlx5_9,0.000,0.000,0.000,0.000
2025-12-03 16:04:18,TOTAL,0.000,0.000,1164.498,3447.804
2025-12-03 16:04:19,mlx5_0,0.000,0.000,0.000,0.000
2025-12-03 16:04:19,mlx5_1,0.000,0.000,281.395,854.790
2025-12-03 16:04:19,mlx5_2,0.000,0.000,0.000,0.000
2025-12-03 16:04:19,mlx5_3,0.000,0.000,294.633,866.069
2025-12-03 16:04:19,mlx5_4,0.000,0.000,0.000,0.000
2025-12-03 16:04:19,mlx5_5,0.000,0.000,294.159,864.756
2025-12-03 16:04:19,mlx5_6,0.000,0.000,0.000,0.000
2025-12-03 16:04:19,mlx5_7,0.000,0.000,0.000,0.000
2025-12-03 16:04:19,mlx5_8,0.000,0.000,294.311,862.189
2025-12-03 16:04:19,mlx5_9,0.000,0.000,0.000,0.000
2025-12-03 16:04:19,TOTAL,0.000,0.000,1164.498,3447.804
2025-12-03 16:04:20,mlx5_0,0.000,0.000,0.000,0.000
2025-12-03 16:04:20,mlx5_1,0.000,0.000,281.395,854.790
2025-12-03 16:04:20,mlx5_2,0.000,0.000,0.000,0.000
2025-12-03 16:04:20,mlx5_3,0.000,0.000,294.633,866.069
2025-12-03 16:04:20,mlx5_4,0.000,0.000,0.000,0.000
2025-12-03 16:04:20,mlx5_5,0.000,0.000,294.159,864.756
2025-12-03 16:04:20,mlx5_6,0.000,0.000,0.000,0.000
2025-12-03 16:04:20,mlx5_7,0.000,0.000,0.000,0.000
2025-12-03 16:04:20,mlx5_8,0.000,0.000,294.311,862.189
2025-12-03 16:04:20,mlx5_9,0.000,0.000,0.000,0.000
2025-12-03 16:04:20,TOTAL,0.000,0.000,1164.498,3447.804
2025-12-03 16:04:21,mlx5_0,0.000,0.000,0.000,0.000
2025-12-03 16:04:21,mlx5_1,0.000,0.000,281.395,854.790
2025-12-03 16:04:21,mlx5_2,0.000,0.000,0.000,0.000
2025-12-03 16:04:21,mlx5_3,0.000,0.000,294.633,866.069
2025-12-03 16:04:21,mlx5_4,0.000,0.000,0.000,0.000
2025-12-03 16:04:21,mlx5_5,0.000,0.000,294.159,864.756
2025-12-03 16:04:21,mlx5_6,0.000,0.000,0.000,0.000
2025-12-03 16:04:21,mlx5_7,0.000,0.000,0.000,0.000
2025-12-03 16:04:21,mlx5_8,0.000,0.000,294.311,862.189
2025-12-03 16:04:21,mlx5_9,0.000,0.000,0.000,0.000
2025-12-03 16:04:21,TOTAL,0.000,0.000,1164.498,3447.804
2025-12-03 16:04:22,mlx5_0,0.000,0.000,0.000,0.000
2025-12-03 16:04:22,mlx5_1,0.000,0.000,281.395,854.790
2025-12-03 16:04:22,mlx5_2,0.000,0.000,0.000,0.000
2025-12-03 16:04:22,mlx5_3,0.000,0.000,294.633,866.069
2025-12-03 16:04:22,mlx5_4,0.000,0.000,0.000,0.000
2025-12-03 16:04:22,mlx5_5,0.000,0.000,294.159,864.756
2025-12-03 16:04:22,mlx5_6,0.000,0.000,0.000,0.000
2025-12-03 16:04:22,mlx5_7,0.000,0.000,0.000,0.000
2025-12-03 16:04:22,mlx5_8,0.000,0.000,294.311,862.189
2025-12-03 16:04:22,mlx5_9,0.000,0.000,0.000,0.000
2025-12-03 16:04:22,TOTAL,0.000,0.000,1164.498,3447.804
2025-12-03 16:04:23,mlx5_0,0.000,0.000,0.000,0.000
2025-12-03 16:04:23,mlx5_1,0.000,0.000,281.395,854.790
2025-12-03 16:04:23,mlx5_2,0.000,0.000,0.000,0.000
2025-12-03 16:04:23,mlx5_3,0.000,0.000,294.633,866.069
2025-12-03 16:04:23,mlx5_4,0.000,0.000,0.000,0.000
2025-12-03 16:04:23,mlx5_5,0.000,0.000,294.159,864.756
2025-12-03 16:04:23,mlx5_6,0.000,0.000,0.000,0.000
2025-12-03 16:04:23,mlx5_7,0.000,0.000,0.000,0.000
2025-12-03 16:04:23,mlx5_8,0.000,0.000,294.311,862.189
2025-12-03 16:04:23,mlx5_9,0.000,0.000,0.000,0.000
2025-12-03 16:04:23,TOTAL,0.000,0.000,1164.498,3447.804
2025-12-03 16:04:24,mlx5_0,0.000,0.000,0.000,0.000
2025-12-03 16:04:24,mlx5_1,0.000,0.000,281.395,854.790
2025-12-03 16:04:24,mlx5_2,0.000,0.000,0.000,0.000
2025-12-03 16:04:24,mlx5_3,0.000,0.000,294.633,866.069
2025-12-03 16:04:24,mlx5_4,0.000,0.000,0.000,0.000
2025-12-03 16:04:24,mlx5_5,0.000,0.000,294.159,864.756
2025-12-03 16:04:24,mlx5_6,0.000,0.000,0.000,0.000
2025-12-03 16:04:24,mlx5_7,0.000,0.000,0.000,0.000
2025-12-03 16:04:24,mlx5_8,0.000,0.000,294.311,862.189
2025-12-03 16:04:24,mlx5_9,0.000,0.000,0.000,0.000
2025-12-03 16:04:24,TOTAL,0.000,0.000,1164.498,3447.804
2025-12-03 16:04:25,mlx5_0,0.000,0.000,0.000,0.000
2025-12-03 16:04:25,mlx5_1,0.000,0.000,281.395,854.790
2025-12-03 16:04:25,mlx5_2,0.000,0.000,0.000,0.000
2025-12-03 16:04:25,mlx5_3,0.000,0.000,294.633,866.069
2025-12-03 16:04:25,mlx5_4,0.000,0.000,0.000,0.000
2025-12-03 16:04:25,mlx5_5,0.000,0.000,294.159,864.756
2025-12-03 16:04:25,mlx5_6,0.000,0.000,0.000,0.000
2025-12-03 16:04:25,mlx5_7,0.000,0.000,0.000,0.000
2025-12-03 16:04:25,mlx5_8,0.000,0.000,294.311,862.189
2025-12-03 16:04:25,mlx5_9,0.000,0.000,0.000,0.000
2025-12-03 16:04:25,TOTAL,0.000,0.000,1164.498,3447.804
2025-12-03 16:04:26,mlx5_0,0.000,0.000,0.000,0.000
2025-12-03 16:04:26,mlx5_1,0.000,0.000,281.395,854.790
2025-12-03 16:04:26,mlx5_2,0.000,0.000,0.000,0.000
2025-12-03 16:04:26,mlx5_3,0.000,0.000,294.633,866.069
2025-12-03 16:04:26,mlx5_4,0.000,0.000,0.000,0.000
2025-12-03 16:04:26,mlx5_5,0.000,0.000,294.159,864.756
2025-12-03 16:04:26,mlx5_6,0.000,0.000,0.000,0.000
2025-12-03 16:04:26,mlx5_7,0.000,0.000,0.000,0.000
2025-12-03 16:04:26,mlx5_8,0.000,0.000,294.311,862.189
2025-12-03 16:04:26,mlx5_9,0.000,0.000,0.000,0.000
2025-12-03 16:04:26,TOTAL,0.000,0.000,1164.498,3447.804
2025-12-03 16:04:27,mlx5_0,0.000,0.000,0.000,0.000
2025-12-03 16:04:27,mlx5_1,0.000,0.000,281.395,854.790
2025-12-03 16:04:27,mlx5_2,0.000,0.000,0.000,0.000
2025-12-03 16:04:27,mlx5_3,0.000,0.000,294.633,866.069
2025-12-03 16:04:27,mlx5_4,0.000,0.000,0.000,0.000
2025-12-03 16:04:27,mlx5_5,0.000,0.000,294.159,864.756
2025-12-03 16:04:27,mlx5_6,0.000,0.000,0.000,0.000
2025-12-03 16:04:27,mlx5_7,0.000,0.000,0.000,0.000
2025-12-03 16:04:27,mlx5_8,0.000,0.000,294.311,862.189
2025-12-03 16:04:27,mlx5_9,0.000,0.000,0.000,0.000
2025-12-03 16:04:27,TOTAL,0.000,0.000,1164.498,3447.804
2025-12-03 16:04:28,mlx5_0,0.000,0.000,0.000,0.000
2025-12-03 16:04:28,mlx5_1,0.000,0.000,281.395,854.790
2025-12-03 16:04:28,mlx5_2,0.000,0.000,0.000,0.000
2025-12-03 16:04:28,mlx5_3,0.000,0.000,294.633,866.069
2025-12-03 16:04:28,mlx5_4,0.000,0.000,0.000,0.000
2025-12-03 16:04:28,mlx5_5,0.000,0.000,294.159,864.756
2025-12-03 16:04:28,mlx5_6,0.000,0.000,0.000,0.000
2025-12-03 16:04:28,mlx5_7,0.000,0.000,0.000,0.000
2025-12-03 16:04:28,mlx5_8,0.000,0.000,294.311,862.189
2025-12-03 16:04:28,mlx5_9,0.000,0.000,0.000,0.000
2025-12-03 16:04:28,TOTAL,0.000,0.000,1164.498,3447.804
2025-12-03 16:04:29,mlx5_0,0.000,0.000,0.000,0.000
2025-12-03 16:04:29,mlx5_1,0.000,0.000,281.395,854.790
2025-12-03 16:04:29,mlx5_2,0.000,0.000,0.000,0.000
2025-12-03 16:04:29,mlx5_3,0.000,0.000,294.633,866.069
2025-12-03 16:04:29,mlx5_4,0.000,0.000,0.000,0.000
2025-12-03 16:04:29,mlx5_5,0.000,0.000,294.159,864.756
2025-12-03 16:04:29,mlx5_6,0.000,0.000,0.000,0.000
2025-12-03 16:04:29,mlx5_7,0.000,0.000,0.000,0.000
2025-12-03 16:04:29,mlx5_8,0.000,0.000,294.311,862.189
2025-12-03 16:04:29,mlx5_9,0.000,0.000,0.000,0.000
2025-12-03 16:04:29,TOTAL,0.000,0.000,1164.498,3447.804
2025-12-03 16:04:30,mlx5_0,0.000,0.000,0.000,0.000
2025-12-03 16:04:30,mlx5_1,0.000,0.000,281.395,854.790
2025-12-03 16:04:30,mlx5_2,0.000,0.000,0.000,0.000
2025-12-03 16:04:30,mlx5_3,0.000,0.000,294.633,866.069
2025-12-03 16:04:30,mlx5_4,0.000,0.000,0.000,0.000
2025-12-03 16:04:30,mlx5_5,0.000,0.000,294.159,864.756
2025-12-03 16:04:30,mlx5_6,0.000,0.000,0.000,0.000
2025-12-03 16:04:30,mlx5_7,0.000,0.000,0.000,0.000
2025-12-03 16:04:30,mlx5_8,0.000,0.000,294.311,862.189
2025-12-03 16:04:30,mlx5_9,0.000,0.000,0.000,0.000
2025-12-03 16:04:30,TOTAL,0.000,0.000,1164.498,3447.804
2025-12-03 16:04:31,mlx5_0,0.000,0.000,0.000,0.000
2025-12-03 16:04:31,mlx5_1,0.000,0.000,281.395,854.790
2025-12-03 16:04:31,mlx5_2,0.000,0.000,0.000,0.000
2025-12-03 16:04:31,mlx5_3,0.000,0.000,294.633,866.069
2025-12-03 16:04:31,mlx5_4,0.000,0.000,0.000,0.000
2025-12-03 16:04:31,mlx5_5,0.000,0.000,294.159,864.756
2025-12-03 16:04:31,mlx5_6,0.000,0.000,0.000,0.000
2025-12-03 16:04:31,mlx5_7,0.000,0.000,0.000,0.000
2025-12-03 16:04:31,mlx5_8,0.000,0.000,294.311,862.189
2025-12-03 16:04:31,mlx5_9,0.000,0.000,0.000,0.000
2025-12-03 16:04:31,TOTAL,0.000,0.000,1164.498,3447.804
2025-12-03 16:04:32,mlx5_0,0.000,0.000,0.000,0.000
2025-12-03 16:04:32,mlx5_1,0.000,0.000,281.395,854.790
2025-12-03 16:04:32,mlx5_2,0.000,0.000,0.000,0.000
2025-12-03 16:04:32,mlx5_3,0.000,0.000,294.633,866.069
2025-12-03 16:04:32,mlx5_4,0.000,0.000,0.000,0.000
2025-12-03 16:04:32,mlx5_5,0.000,0.000,294.159,864.756
2025-12-03 16:04:32,mlx5_6,0.000,0.000,0.000,0.000
2025-12-03 16:04:32,mlx5_7,0.000,0.000,0.000,0.000
2025-12-03 16:04:32,mlx5_8,0.000,0.000,294.311,862.189
2025-12-03 16:04:32,mlx5_9,0.000,0.000,0.000,0.000
2025-12-03 16:04:32,TOTAL,0.000,0.000,1164.498,3447.804
2025-12-03 16:04:33,mlx5_0,0.000,0.000,0.000,0.000
2025-12-03 16:04:33,mlx5_1,0.000,0.000,281.395,854.790
2025-12-03 16:04:33,mlx5_2,0.000,0.000,0.000,0.000
2025-12-03 16:04:33,mlx5_3,0.000,0.000,294.633,866.069
2025-12-03 16:04:33,mlx5_4,0.000,0.000,0.000,0.000
2025-12-03 16:04:33,mlx5_5,0.000,0.000,294.159,864.756
2025-12-03 16:04:33,mlx5_6,0.000,0.000,0.000,0.000
2025-12-03 16:04:33,mlx5_7,0.000,0.000,0.000,0.000
2025-12-03 16:04:33,mlx5_8,0.000,0.000,294.311,862.189
2025-12-03 16:04:33,mlx5_9,0.000,0.000,0.000,0.000
2025-12-03 16:04:33,TOTAL,0.000,0.000,1164.498,3447.804
2025-12-03 16:04:34,mlx5_0,0.000,0.000,0.000,0.000
2025-12-03 16:04:34,mlx5_1,0.000,0.000,281.395,854.790
2025-12-03 16:04:34,mlx5_2,0.000,0.000,0.000,0.000
2025-12-03 16:04:34,mlx5_3,0.000,0.000,294.633,866.069
2025-12-03 16:04:34,mlx5_4,0.000,0.000,0.000,0.000
2025-12-03 16:04:34,mlx5_5,0.000,0.000,294.159,864.756
2025-12-03 16:04:34,mlx5_6,0.000,0.000,0.000,0.000
2025-12-03 16:04:34,mlx5_7,0.000,0.000,0.000,0.000
2025-12-03 16:04:34,mlx5_8,0.000,0.000,294.311,862.189
2025-12-03 16:04:34,mlx5_9,0.000,0.000,0.000,0.000
2025-12-03 16:04:34,TOTAL,0.000,0.000,1164.498,3447.804
2025-12-03 16:04:35,mlx5_0,0.000,0.000,0.000,0.000
2025-12-03 16:04:35,mlx5_1,0.000,0.000,281.395,854.790
2025-12-03 16:04:35,mlx5_2,0.000,0.000,0.000,0.000
2025-12-03 16:04:35,mlx5_3,0.000,0.000,294.633,866.069
2025-12-03 16:04:35,mlx5_4,0.000,0.000,0.000,0.000
2025-12-03 16:04:35,mlx5_5,0.000,0.000,294.159,864.756
2025-12-03 16:04:35,mlx5_6,0.000,0.000,0.000,0.000
2025-12-03 16:04:35,mlx5_7,0.000,0.000,0.000,0.000
2025-12-03 16:04:35,mlx5_8,0.000,0.000,294.311,862.189
2025-12-03 16:04:35,mlx5_9,0.000,0.000,0.000,0.000
2025-12-03 16:04:35,TOTAL,0.000,0.000,1164.498,3447.804
2025-12-03 16:04:36,mlx5_0,0.000,0.000,0.000,0.000
2025-12-03 16:04:36,mlx5_1,0.000,0.000,281.395,854.790
2025-12-03 16:04:36,mlx5_2,0.000,0.000,0.000,0.000
2025-12-03 16:04:36,mlx5_3,0.000,0.000,294.633,866.069
2025-12-03 16:04:36,mlx5_4,0.000,0.000,0.000,0.000
2025-12-03 16:04:36,mlx5_5,0.000,0.000,294.159,864.756
2025-12-03 16:04:36,mlx5_6,0.000,0.000,0.000,0.000
2025-12-03 16:04:36,mlx5_7,0.000,0.000,0.000,0.000
2025-12-03 16:04:36,mlx5_8,0.000,0.000,294.311,862.189
2025-12-03 16:04:36,mlx5_9,0.000,0.000,0.000,0.000
2025-12-03 16:04:36,TOTAL,0.000,0.000,1164.498,3447.804
2025-12-03 16:04:37,mlx5_0,0.000,0.000,0.000,0.000
2025-12-03 16:04:37,mlx5_1,0.000,0.000,281.395,854.790
2025-12-03 16:04:37,mlx5_2,0.000,0.000,0.000,0.000
2025-12-03 16:04:37,mlx5_3,0.000,0.000,294.633,866.069
2025-12-03 16:04:37,mlx5_4,0.000,0.000,0.000,0.000
2025-12-03 16:04:37,mlx5_5,0.000,0.000,294.159,864.756
2025-12-03 16:04:37,mlx5_6,0.000,0.000,0.000,0.000
2025-12-03 16:04:37,mlx5_7,0.000,0.000,0.000,0.000
2025-12-03 16:04:37,mlx5_8,0.000,0.000,294.311,862.189
2025-12-03 16:04:37,mlx5_9,0.000,0.000,0.000,0.000
2025-12-03 16:04:37,TOTAL,0.000,0.000,1164.498,3447.804
2025-12-03 16:04:38,mlx5_0,0.000,0.000,0.000,0.000
2025-12-03 16:04:38,mlx5_1,0.000,0.000,281.395,854.790
2025-12-03 16:04:38,mlx5_2,0.000,0.000,0.000,0.000
2025-12-03 16:04:38,mlx5_3,0.000,0.000,294.633,866.069
2025-12-03 16:04:38,mlx5_4,0.000,0.000,0.000,0.000
2025-12-03 16:04:38,mlx5_5,0.000,0.000,294.159,864.756
2025-12-03 16:04:38,mlx5_6,0.000,0.000,0.000,0.000
2025-12-03 16:04:38,mlx5_7,0.000,0.000,0.000,0.000
2025-12-03 16:04:38,mlx5_8,0.000,0.000,294.311,862.189
2025-12-03 16:04:38,mlx5_9,0.000,0.000,0.000,0.000
2025-12-03 16:04:38,TOTAL,0.000,0.000,1164.498,3447.804
2025-12-03 16:04:39,mlx5_0,0.000,0.000,0.000,0.000
2025-12-03 16:04:39,mlx5_1,0.000,0.000,281.395,854.790
2025-12-03 16:04:39,mlx5_2,0.000,0.000,0.000,0.000
2025-12-03 16:04:39,mlx5_3,0.000,0.000,294.633,866.069
2025-12-03 16:04:39,mlx5_4,0.000,0.000,0.000,0.000
2025-12-03 16:04:39,mlx5_5,0.000,0.000,294.159,864.756
2025-12-03 16:04:39,mlx5_6,0.000,0.000,0.000,0.000
2025-12-03 16:04:39,mlx5_7,0.000,0.000,0.000,0.000
2025-12-03 16:04:39,mlx5_8,0.000,0.000,294.311,862.189
2025-12-03 16:04:39,mlx5_9,0.000,0.000,0.000,0.000
2025-12-03 16:04:39,TOTAL,0.000,0.000,1164.498,3447.804
2025-12-03 16:04:40,mlx5_0,0.000,0.000,0.000,0.000
2025-12-03 16:04:40,mlx5_1,0.216,71.685,281.422,863.796
2025-12-03 16:04:40,mlx5_2,0.000,0.000,0.000,0.000
2025-12-03 16:04:40,mlx5_3,0.176,71.039,294.655,874.995
2025-12-03 16:04:40,mlx5_4,0.000,0.000,0.000,0.000
2025-12-03 16:04:40,mlx5_5,0.179,71.327,294.182,873.717
2025-12-03 16:04:40,mlx5_6,0.000,0.000,0.000,0.000
2025-12-03 16:04:40,mlx5_7,0.000,0.000,0.000,0.000
2025-12-03 16:04:40,mlx5_8,0.205,70.884,294.336,871.095
2025-12-03 16:04:40,mlx5_9,0.000,0.000,0.000,0.000
2025-12-03 16:04:40,TOTAL,0.776,284.936,1164.595,3483.603
2025-12-03 16:04:41,mlx5_0,0.000,0.000,0.000,0.000
2025-12-03 16:04:41,mlx5_1,0.128,43.474,281.438,869.262
2025-12-03 16:04:41,mlx5_2,0.000,0.000,0.000,0.000
2025-12-03 16:04:41,mlx5_3,0.096,42.727,294.667,880.366
2025-12-03 16:04:41,mlx5_4,0.000,0.000,0.000,0.000
2025-12-03 16:04:41,mlx5_5,0.099,42.664,294.194,879.081
2025-12-03 16:04:41,mlx5_6,0.000,0.000,0.000,0.000
2025-12-03 16:04:41,mlx5_7,0.000,0.000,0.000,0.000
2025-12-03 16:04:41,mlx5_8,0.113,42.133,294.351,876.391
2025-12-03 16:04:41,mlx5_9,0.000,0.000,0.000,0.000
2025-12-03 16:04:41,TOTAL,0.435,170.998,1164.650,3505.099
2025-12-03 16:04:42,mlx5_0,0.000,0.000,0.000,0.000
2025-12-03 16:04:42,mlx5_1,0.371,114.997,281.485,883.702
2025-12-03 16:04:42,mlx5_2,0.000,0.000,0.000,0.000
2025-12-03 16:04:42,mlx5_3,0.297,113.940,294.704,894.674
2025-12-03 16:04:42,mlx5_4,0.000,0.000,0.000,0.000
2025-12-03 16:04:42,mlx5_5,0.299,113.395,294.232,893.320
2025-12-03 16:04:42,mlx5_6,0.000,0.000,0.000,0.000
2025-12-03 16:04:42,mlx5_7,0.000,0.000,0.000,0.000
2025-12-03 16:04:42,mlx5_8,0.345,113.923,294.394,890.697
2025-12-03 16:04:42,mlx5_9,0.000,0.000,0.000,0.000
2025-12-03 16:04:42,TOTAL,1.313,456.256,1164.815,3562.393
2025-12-03 16:04:43,mlx5_0,0.000,0.000,0.000,0.000
2025-12-03 16:04:43,mlx5_1,0.189,59.231,281.509,891.147
2025-12-03 16:04:43,mlx5_2,0.000,0.000,0.000,0.000
2025-12-03 16:04:43,mlx5_3,0.145,58.548,294.722,902.032
2025-12-03 16:04:43,mlx5_4,0.000,0.000,0.000,0.000
2025-12-03 16:04:43,mlx5_5,0.159,59.113,294.252,900.750
2025-12-03 16:04:43,mlx5_6,0.000,0.000,0.000,0.000
2025-12-03 16:04:43,mlx5_7,0.000,0.000,0.000,0.000
2025-12-03 16:04:43,mlx5_8,0.172,58.522,294.416,898.052
2025-12-03 16:04:43,mlx5_9,0.000,0.000,0.000,0.000
2025-12-03 16:04:43,TOTAL,0.666,235.414,1164.898,3591.981
2025-12-03 16:04:44,mlx5_0,0.000,0.000,0.000,0.000
2025-12-03 16:04:44,mlx5_1,0.540,171.043,281.577,912.645
2025-12-03 16:04:44,mlx5_2,0.000,0.000,0.000,0.000
2025-12-03 16:04:44,mlx5_3,0.414,169.476,294.774,923.334
2025-12-03 16:04:44,mlx5_4,0.000,0.000,0.000,0.000
2025-12-03 16:04:44,mlx5_5,0.410,168.214,294.303,921.893
2025-12-03 16:04:44,mlx5_6,0.000,0.000,0.000,0.000
2025-12-03 16:04:44,mlx5_7,0.000,0.000,0.000,0.000
2025-12-03 16:04:44,mlx5_8,0.484,167.554,294.476,919.112
2025-12-03 16:04:44,mlx5_9,0.000,0.000,0.000,0.000
2025-12-03 16:04:44,TOTAL,1.847,676.287,1165.130,3676.984
2025-12-03 16:04:45,mlx5_0,0.000,0.000,0.000,0.000
2025-12-03 16:04:45,mlx5_1,0.558,176.453,281.647,934.811
2025-12-03 16:04:45,mlx5_2,0.000,0.000,0.000,0.000
2025-12-03 16:04:45,mlx5_3,0.422,174.437,294.827,945.247
2025-12-03 16:04:45,mlx5_4,0.000,0.000,0.000,0.000
2025-12-03 16:04:45,mlx5_5,0.413,175.214,294.355,943.903
2025-12-03 16:04:45,mlx5_6,0.000,0.000,0.000,0.000
2025-12-03 16:04:45,mlx5_7,0.000,0.000,0.000,0.000
2025-12-03 16:04:45,mlx5_8,0.511,174.572,294.541,941.042
2025-12-03 16:04:45,mlx5_9,0.000,0.000,0.000,0.000
2025-12-03 16:04:45,TOTAL,1.904,700.676,1165.370,3765.004
2025-12-03 16:04:46,mlx5_0,0.000,0.000,0.000,0.000
2025-12-03 16:04:46,mlx5_1,0.519,168.974,281.712,956.045
2025-12-03 16:04:46,mlx5_2,0.000,0.000,0.000,0.000
2025-12-03 16:04:46,mlx5_3,0.396,166.543,294.877,966.175
2025-12-03 16:04:46,mlx5_4,0.000,0.000,0.000,0.000
2025-12-03 16:04:46,mlx5_5,0.395,166.527,294.405,964.830
2025-12-03 16:04:46,mlx5_6,0.000,0.000,0.000,0.000
2025-12-03 16:04:46,mlx5_7,0.000,0.000,0.000,0.000
2025-12-03 16:04:46,mlx5_8,0.452,165.377,294.597,961.824
2025-12-03 16:04:46,mlx5_9,0.000,0.000,0.000,0.000
2025-12-03 16:04:46,TOTAL,1.763,667.421,1165.591,3848.874
2025-12-03 16:04:47,mlx5_0,0.000,0.000,0.000,0.000
2025-12-03 16:04:47,mlx5_1,0.200,73.575,281.737,965.290
2025-12-03 16:04:47,mlx5_2,0.000,0.000,0.000,0.000
2025-12-03 16:04:47,mlx5_3,0.160,73.114,294.897,975.363
2025-12-03 16:04:47,mlx5_4,0.000,0.000,0.000,0.000
2025-12-03 16:04:47,mlx5_5,0.167,73.745,294.426,974.096
2025-12-03 16:04:47,mlx5_6,0.000,0.000,0.000,0.000
2025-12-03 16:04:47,mlx5_7,0.000,0.000,0.000,0.000
2025-12-03 16:04:47,mlx5_8,0.196,73.304,294.622,971.035
2025-12-03 16:04:47,mlx5_9,0.000,0.000,0.000,0.000
2025-12-03 16:04:47,TOTAL,0.723,293.738,1165.682,3885.784
2025-12-03 16:04:48,mlx5_0,0.000,0.000,0.000,0.000
2025-12-03 16:04:48,mlx5_1,0.473,156.018,281.797,984.915
2025-12-03 16:04:48,mlx5_2,0.000,0.000,0.000,0.000
2025-12-03 16:04:48,mlx5_3,0.381,154.283,294.945,994.769
2025-12-03 16:04:48,mlx5_4,0.000,0.000,0.000,0.000
2025-12-03 16:04:48,mlx5_5,0.371,154.239,294.472,993.497
2025-12-03 16:04:48,mlx5_6,0.000,0.000,0.000,0.000
2025-12-03 16:04:48,mlx5_7,0.000,0.000,0.000,0.000
2025-12-03 16:04:48,mlx5_8,0.410,152.398,294.673,990.204
2025-12-03 16:04:48,mlx5_9,0.000,0.000,0.000,0.000
2025-12-03 16:04:48,TOTAL,1.635,616.937,1165.888,3963.384
2025-12-03 16:04:49,mlx5_0,0.000,0.000,0.000,0.000
2025-12-03 16:04:49,mlx5_1,0.157,49.041,281.816,991.078
2025-12-03 16:04:49,mlx5_2,0.000,0.000,0.000,0.000
2025-12-03 16:04:49,mlx5_3,0.120,48.766,294.960,1000.897
2025-12-03 16:04:49,mlx5_4,0.000,0.000,0.000,0.000
2025-12-03 16:04:49,mlx5_5,0.122,49.171,294.488,999.676
2025-12-03 16:04:49,mlx5_6,0.000,0.000,0.000,0.000
2025-12-03 16:04:49,mlx5_7,0.000,0.000,0.000,0.000
2025-12-03 16:04:49,mlx5_8,0.150,49.521,294.692,996.428
2025-12-03 16:04:49,mlx5_9,0.000,0.000,0.000,0.000
2025-12-03 16:04:49,TOTAL,0.549,196.500,1165.957,3988.080
2025-12-03 16:04:50,mlx5_0,0.000,0.000,0.000,0.000
2025-12-03 16:04:50,mlx5_1,0.630,195.705,281.896,1015.682
2025-12-03 16:04:50,mlx5_2,0.000,0.000,0.000,0.000
2025-12-03 16:04:50,mlx5_3,0.480,193.170,295.020,1025.183
2025-12-03 16:04:50,mlx5_4,0.000,0.000,0.000,0.000
2025-12-03 16:04:50,mlx5_5,0.484,193.332,294.549,1023.982
2025-12-03 16:04:50,mlx5_6,0.000,0.000,0.000,0.000
2025-12-03 16:04:50,mlx5_7,0.000,0.000,0.000,0.000
2025-12-03 16:04:50,mlx5_8,0.551,192.031,294.762,1020.570
2025-12-03 16:04:50,mlx5_9,0.000,0.000,0.000,0.000
2025-12-03 16:04:50,TOTAL,2.146,774.239,1166.226,4085.417
2025-12-03 16:04:51,mlx5_0,0.000,0.000,0.000,0.000
2025-12-03 16:04:51,mlx5_1,0.326,100.358,281.937,1028.295
2025-12-03 16:04:51,mlx5_2,0.000,0.000,0.000,0.000
2025-12-03 16:04:51,mlx5_3,0.267,99.013,295.054,1037.626
2025-12-03 16:04:51,mlx5_4,0.000,0.000,0.000,0.000
2025-12-03 16:04:51,mlx5_5,0.258,98.967,294.581,1036.420
2025-12-03 16:04:51,mlx5_6,0.000,0.000,0.000,0.000
2025-12-03 16:04:51,mlx5_7,0.000,0.000,0.000,0.000
2025-12-03 16:04:51,mlx5_8,0.291,98.383,294.798,1032.934
2025-12-03 16:04:51,mlx5_9,0.000,0.000,0.000,0.000
2025-12-03 16:04:51,TOTAL,1.142,396.720,1166.370,4135.275
2025-12-03 16:04:52,mlx5_0,0.000,0.000,0.000,0.000
2025-12-03 16:04:52,mlx5_1,0.002,1.068,281.937,1028.429
2025-12-03 16:04:52,mlx5_2,0.000,0.000,0.000,0.000
2025-12-03 16:04:52,mlx5_3,0.002,1.309,295.054,1037.791
2025-12-03 16:04:52,mlx5_4,0.000,0.000,0.000,0.000
2025-12-03 16:04:52,mlx5_5,0.002,1.251,294.581,1036.577
2025-12-03 16:04:52,mlx5_6,0.000,0.000,0.000,0.000
2025-12-03 16:04:52,mlx5_7,0.000,0.000,0.000,0.000
2025-12-03 16:04:52,mlx5_8,0.002,1.350,294.798,1033.104
2025-12-03 16:04:52,mlx5_9,0.000,0.000,0.000,0.000
2025-12-03 16:04:52,TOTAL,0.009,4.979,1166.371,4135.901
2025-12-03 16:04:53,mlx5_0,0.000,0.000,0.000,0.000
2025-12-03 16:04:53,mlx5_1,0.005,2.752,281.938,1028.775
2025-12-03 16:04:53,mlx5_2,0.000,0.000,0.000,0.000
2025-12-03 16:04:53,mlx5_3,0.005,3.075,295.055,1038.177
2025-12-03 16:04:53,mlx5_4,0.000,0.000,0.000,0.000
2025-12-03 16:04:53,mlx5_5,0.005,3.008,294.582,1036.955
2025-12-03 16:04:53,mlx5_6,0.000,0.000,0.000,0.000
2025-12-03 16:04:53,mlx5_7,0.000,0.000,0.000,0.000
2025-12-03 16:04:53,mlx5_8,0.005,2.966,294.799,1033.477
2025-12-03 16:04:53,mlx5_9,0.000,0.000,0.000,0.000
2025-12-03 16:04:53,TOTAL,0.020,11.801,1166.374,4137.383
2025-12-03 16:04:54,mlx5_0,0.000,0.000,0.000,0.000
2025-12-03 16:04:54,mlx5_1,0.000,0.000,281.938,1028.775
2025-12-03 16:04:54,mlx5_2,0.000,0.000,0.000,0.000
2025-12-03 16:04:54,mlx5_3,0.000,0.000,295.055,1038.177
2025-12-03 16:04:54,mlx5_4,0.000,0.000,0.000,0.000
2025-12-03 16:04:54,mlx5_5,0.000,0.000,294.582,1036.955
2025-12-03 16:04:54,mlx5_6,0.000,0.000,0.000,0.000
2025-12-03 16:04:54,mlx5_7,0.000,0.000,0.000,0.000
2025-12-03 16:04:54,mlx5_8,0.000,0.000,294.799,1033.477
2025-12-03 16:04:54,mlx5_9,0.000,0.000,0.000,0.000
2025-12-03 16:04:54,TOTAL,0.000,0.000,1166.374,4137.383
2025-12-03 16:04:55,mlx5_0,0.000,0.000,0.000,0.000
2025-12-03 16:04:55,mlx5_1,0.002,1.066,281.938,1028.909
2025-12-03 16:04:55,mlx5_2,0.000,0.000,0.000,0.000
2025-12-03 16:04:55,mlx5_3,0.003,1.594,295.055,1038.377
2025-12-03 16:04:55,mlx5_4,0.000,0.000,0.000,0.000
2025-12-03 16:04:55,mlx5_5,0.003,1.581,294.582,1037.154
2025-12-03 16:04:55,mlx5_6,0.000,0.000,0.000,0.000
2025-12-03 16:04:55,mlx5_7,0.000,0.000,0.000,0.000
2025-12-03 16:04:55,mlx5_8,0.003,1.529,294.799,1033.669
2025-12-03 16:04:55,mlx5_9,0.000,0.000,0.000,0.000
2025-12-03 16:04:55,TOTAL,0.010,5.770,1166.375,4138.108
2025-12-03 16:04:56,mlx5_0,0.000,0.000,0.000,0.000
2025-12-03 16:04:56,mlx5_1,0.000,0.000,281.938,1028.909
2025-12-03 16:04:56,mlx5_2,0.000,0.000,0.000,0.000
2025-12-03 16:04:56,mlx5_3,0.000,0.000,295.055,1038.377
2025-12-03 16:04:56,mlx5_4,0.000,0.000,0.000,0.000
2025-12-03 16:04:56,mlx5_5,0.000,0.000,294.582,1037.154
2025-12-03 16:04:56,mlx5_6,0.000,0.000,0.000,0.000
2025-12-03 16:04:56,mlx5_7,0.000,0.000,0.000,0.000
2025-12-03 16:04:56,mlx5_8,0.000,0.000,294.799,1033.669
2025-12-03 16:04:56,mlx5_9,0.000,0.000,0.000,0.000
2025-12-03 16:04:56,TOTAL,0.000,0.000,1166.375,4138.108
2025-12-03 16:04:57,mlx5_0,0.000,0.000,0.000,0.000
2025-12-03 16:04:57,mlx5_1,0.000,0.000,281.938,1028.909
2025-12-03 16:04:57,mlx5_2,0.000,0.000,0.000,0.000
2025-12-03 16:04:57,mlx5_3,0.000,0.000,295.055,1038.377
2025-12-03 16:04:57,mlx5_4,0.000,0.000,0.000,0.000
2025-12-03 16:04:57,mlx5_5,0.000,0.000,294.582,1037.154
2025-12-03 16:04:57,mlx5_6,0.000,0.000,0.000,0.000
2025-12-03 16:04:57,mlx5_7,0.000,0.000,0.000,0.000
2025-12-03 16:04:57,mlx5_8,0.000,0.000,294.799,1033.669
2025-12-03 16:04:57,mlx5_9,0.000,0.000,0.000,0.000
2025-12-03 16:04:57,TOTAL,0.000,0.000,1166.375,4138.108
2025-12-03 16:04:58,mlx5_0,0.000,0.000,0.000,0.000
2025-12-03 16:04:58,mlx5_1,0.000,0.000,281.938,1028.909
2025-12-03 16:04:58,mlx5_2,0.000,0.000,0.000,0.000
2025-12-03 16:04:58,mlx5_3,0.000,0.000,295.055,1038.377
2025-12-03 16:04:58,mlx5_4,0.000,0.000,0.000,0.000
2025-12-03 16:04:58,mlx5_5,0.000,0.000,294.582,1037.154
2025-12-03 16:04:58,mlx5_6,0.000,0.000,0.000,0.000
2025-12-03 16:04:58,mlx5_7,0.000,0.000,0.000,0.000
2025-12-03 16:04:58,mlx5_8,0.000,0.000,294.799,1033.669
2025-12-03 16:04:58,mlx5_9,0.000,0.000,0.000,0.000
2025-12-03 16:04:58,TOTAL,0.000,0.000,1166.375,4138.108
2025-12-03 16:04:59,mlx5_0,0.000,0.000,0.000,0.000
2025-12-03 16:04:59,mlx5_1,0.000,0.000,281.938,1028.909
2025-12-03 16:04:59,mlx5_2,0.000,0.000,0.000,0.000
2025-12-03 16:04:59,mlx5_3,0.000,0.000,295.055,1038.377
2025-12-03 16:04:59,mlx5_4,0.000,0.000,0.000,0.000
2025-12-03 16:04:59,mlx5_5,0.000,0.000,294.582,1037.154
2025-12-03 16:04:59,mlx5_6,0.000,0.000,0.000,0.000
2025-12-03 16:04:59,mlx5_7,0.000,0.000,0.000,0.000
2025-12-03 16:04:59,mlx5_8,0.000,0.000,294.799,1033.669
2025-12-03 16:04:59,mlx5_9,0.000,0.000,0.000,0.000
2025-12-03 16:04:59,TOTAL,0.000,0.000,1166.375,4138.108
2025-12-03 16:05:00,mlx5_0,0.000,0.000,0.000,0.000
2025-12-03 16:05:00,mlx5_1,0.000,0.000,281.938,1028.909
2025-12-03 16:05:00,mlx5_2,0.000,0.000,0.000,0.000
2025-12-03 16:05:00,mlx5_3,0.000,0.000,295.055,1038.377
2025-12-03 16:05:00,mlx5_4,0.000,0.000,0.000,0.000
2025-12-03 16:05:00,mlx5_5,0.000,0.000,294.582,1037.154
2025-12-03 16:05:00,mlx5_6,0.000,0.000,0.000,0.000
2025-12-03 16:05:00,mlx5_7,0.000,0.000,0.000,0.000
2025-12-03 16:05:00,mlx5_8,0.000,0.000,294.799,1033.669
2025-12-03 16:05:00,mlx5_9,0.000,0.000,0.000,0.000
2025-12-03 16:05:00,TOTAL,0.000,0.000,1166.375,4138.108
2025-12-03 16:05:01,mlx5_0,0.000,0.000,0.000,0.000
2025-12-03 16:05:01,mlx5_1,0.000,0.000,281.938,1028.909
2025-12-03 16:05:01,mlx5_2,0.000,0.000,0.000,0.000
2025-12-03 16:05:01,mlx5_3,0.000,0.000,295.055,1038.377
2025-12-03 16:05:01,mlx5_4,0.000,0.000,0.000,0.000
2025-12-03 16:05:01,mlx5_5,0.000,0.000,294.582,1037.154
2025-12-03 16:05:01,mlx5_6,0.000,0.000,0.000,0.000
2025-12-03 16:05:01,mlx5_7,0.000,0.000,0.000,0.000
2025-12-03 16:05:01,mlx5_8,0.000,0.000,294.799,1033.669
2025-12-03 16:05:01,mlx5_9,0.000,0.000,0.000,0.000
2025-12-03 16:05:01,TOTAL,0.000,0.000,1166.375,4138.108
2025-12-03 16:05:02,mlx5_0,0.000,0.000,0.000,0.000
2025-12-03 16:05:02,mlx5_1,0.000,0.000,281.938,1028.909
2025-12-03 16:05:02,mlx5_2,0.000,0.000,0.000,0.000
2025-12-03 16:05:02,mlx5_3,0.000,0.000,295.055,1038.377
2025-12-03 16:05:02,mlx5_4,0.000,0.000,0.000,0.000
2025-12-03 16:05:02,mlx5_5,0.000,0.000,294.582,1037.154
2025-12-03 16:05:02,mlx5_6,0.000,0.000,0.000,0.000
2025-12-03 16:05:02,mlx5_7,0.000,0.000,0.000,0.000
2025-12-03 16:05:02,mlx5_8,0.000,0.000,294.799,1033.669
2025-12-03 16:05:02,mlx5_9,0.000,0.000,0.000,0.000
2025-12-03 16:05:02,TOTAL,0.000,0.000,1166.375,4138.108
2025-12-03 16:05:03,mlx5_0,0.000,0.000,0.000,0.000
2025-12-03 16:05:03,mlx5_1,0.000,0.000,281.938,1028.909
2025-12-03 16:05:03,mlx5_2,0.000,0.000,0.000,0.000
2025-12-03 16:05:03,mlx5_3,0.000,0.000,295.055,1038.377
2025-12-03 16:05:03,mlx5_4,0.000,0.000,0.000,0.000
2025-12-03 16:05:03,mlx5_5,0.000,0.000,294.582,1037.154
2025-12-03 16:05:03,mlx5_6,0.000,0.000,0.000,0.000
2025-12-03 16:05:03,mlx5_7,0.000,0.000,0.000,0.000
2025-12-03 16:05:03,mlx5_8,0.000,0.000,294.799,1033.669
2025-12-03 16:05:03,mlx5_9,0.000,0.000,0.000,0.000
2025-12-03 16:05:03,TOTAL,0.000,0.000,1166.375,4138.108
2025-12-03 16:05:04,mlx5_0,0.000,0.000,0.000,0.000
2025-12-03 16:05:04,mlx5_1,0.000,0.000,281.938,1028.909
2025-12-03 16:05:04,mlx5_2,0.000,0.000,0.000,0.000
2025-12-03 16:05:04,mlx5_3,0.000,0.000,295.055,1038.377
2025-12-03 16:05:04,mlx5_4,0.000,0.000,0.000,0.000
2025-12-03 16:05:04,mlx5_5,0.000,0.000,294.582,1037.154
2025-12-03 16:05:04,mlx5_6,0.000,0.000,0.000,0.000
2025-12-03 16:05:04,mlx5_7,0.000,0.000,0.000,0.000
2025-12-03 16:05:04,mlx5_8,0.000,0.000,294.799,1033.669
2025-12-03 16:05:04,mlx5_9,0.000,0.000,0.000,0.000
2025-12-03 16:05:04,TOTAL,0.000,0.000,1166.375,4138.108
2025-12-03 16:05:05,mlx5_0,0.000,0.000,0.000,0.000
2025-12-03 16:05:05,mlx5_1,0.000,0.000,281.938,1028.909
2025-12-03 16:05:05,mlx5_2,0.000,0.000,0.000,0.000
2025-12-03 16:05:05,mlx5_3,0.000,0.000,295.055,1038.377
2025-12-03 16:05:05,mlx5_4,0.000,0.000,0.000,0.000
2025-12-03 16:05:05,mlx5_5,0.000,0.000,294.582,1037.154
2025-12-03 16:05:05,mlx5_6,0.000,0.000,0.000,0.000
2025-12-03 16:05:05,mlx5_7,0.000,0.000,0.000,0.000
2025-12-03 16:05:05,mlx5_8,0.000,0.000,294.799,1033.669
2025-12-03 16:05:05,mlx5_9,0.000,0.000,0.000,0.000
2025-12-03 16:05:05,TOTAL,0.000,0.000,1166.375,4138.108
2025-12-03 16:05:06,mlx5_0,0.000,0.000,0.000,0.000
2025-12-03 16:05:06,mlx5_1,0.000,0.000,281.938,1028.909
2025-12-03 16:05:06,mlx5_2,0.000,0.000,0.000,0.000
2025-12-03 16:05:06,mlx5_3,0.000,0.000,295.055,1038.377
2025-12-03 16:05:06,mlx5_4,0.000,0.000,0.000,0.000
2025-12-03 16:05:06,mlx5_5,0.000,0.000,294.582,1037.154
2025-12-03 16:05:06,mlx5_6,0.000,0.000,0.000,0.000
2025-12-03 16:05:06,mlx5_7,0.000,0.000,0.000,0.000
2025-12-03 16:05:06,mlx5_8,0.000,0.000,294.799,1033.669
2025-12-03 16:05:06,mlx5_9,0.000,0.000,0.000,0.000
2025-12-03 16:05:06,TOTAL,0.000,0.000,1166.375,4138.108
2025-12-03 16:05:07,mlx5_0,0.000,0.000,0.000,0.000
2025-12-03 16:05:07,mlx5_1,0.000,0.000,281.938,1028.909
2025-12-03 16:05:07,mlx5_2,0.000,0.000,0.000,0.000
2025-12-03 16:05:07,mlx5_3,0.000,0.000,295.055,1038.377
2025-12-03 16:05:07,mlx5_4,0.000,0.000,0.000,0.000
2025-12-03 16:05:07,mlx5_5,0.000,0.000,294.582,1037.154
2025-12-03 16:05:07,mlx5_6,0.000,0.000,0.000,0.000
2025-12-03 16:05:07,mlx5_7,0.000,0.000,0.000,0.000
2025-12-03 16:05:07,mlx5_8,0.000,0.000,294.799,1033.669
2025-12-03 16:05:07,mlx5_9,0.000,0.000,0.000,0.000
2025-12-03 16:05:07,TOTAL,0.000,0.000,1166.375,4138.108
2025-12-03 16:05:08,mlx5_0,0.000,0.000,0.000,0.000
2025-12-03 16:05:08,mlx5_1,0.000,0.000,281.938,1028.909
2025-12-03 16:05:08,mlx5_2,0.000,0.000,0.000,0.000
2025-12-03 16:05:08,mlx5_3,0.000,0.000,295.055,1038.377
2025-12-03 16:05:08,mlx5_4,0.000,0.000,0.000,0.000
2025-12-03 16:05:08,mlx5_5,0.000,0.000,294.582,1037.154
2025-12-03 16:05:08,mlx5_6,0.000,0.000,0.000,0.000
2025-12-03 16:05:08,mlx5_7,0.000,0.000,0.000,0.000
2025-12-03 16:05:08,mlx5_8,0.000,0.000,294.799,1033.669
2025-12-03 16:05:08,mlx5_9,0.000,0.000,0.000,0.000
2025-12-03 16:05:08,TOTAL,0.000,0.000,1166.375,4138.108
2025-12-03 16:05:09,mlx5_0,0.000,0.000,0.000,0.000
2025-12-03 16:05:09,mlx5_1,0.000,0.000,281.938,1028.909
2025-12-03 16:05:09,mlx5_2,0.000,0.000,0.000,0.000
2025-12-03 16:05:09,mlx5_3,0.000,0.000,295.055,1038.377
2025-12-03 16:05:09,mlx5_4,0.000,0.000,0.000,0.000
2025-12-03 16:05:09,mlx5_5,0.000,0.000,294.582,1037.154
2025-12-03 16:05:09,mlx5_6,0.000,0.000,0.000,0.000
2025-12-03 16:05:09,mlx5_7,0.000,0.000,0.000,0.000
2025-12-03 16:05:09,mlx5_8,0.000,0.000,294.799,1033.669
2025-12-03 16:05:09,mlx5_9,0.000,0.000,0.000,0.000
2025-12-03 16:05:09,TOTAL,0.000,0.000,1166.375,4138.108
2025-12-03 16:05:10,mlx5_0,0.000,0.000,0.000,0.000
2025-12-03 16:05:10,mlx5_1,0.000,0.000,281.938,1028.909
2025-12-03 16:05:10,mlx5_2,0.000,0.000,0.000,0.000
2025-12-03 16:05:10,mlx5_3,0.000,0.000,295.055,1038.377
2025-12-03 16:05:10,mlx5_4,0.000,0.000,0.000,0.000
2025-12-03 16:05:10,mlx5_5,0.000,0.000,294.582,1037.154
2025-12-03 16:05:10,mlx5_6,0.000,0.000,0.000,0.000
2025-12-03 16:05:10,mlx5_7,0.000,0.000,0.000,0.000
2025-12-03 16:05:10,mlx5_8,0.000,0.000,294.799,1033.669
2025-12-03 16:05:10,mlx5_9,0.000,0.000,0.000,0.000
2025-12-03 16:05:10,TOTAL,0.000,0.000,1166.375,4138.108
2025-12-03 16:05:11,mlx5_0,0.000,0.000,0.000,0.000
2025-12-03 16:05:11,mlx5_1,0.000,0.000,281.938,1028.909
2025-12-03 16:05:11,mlx5_2,0.000,0.000,0.000,0.000
2025-12-03 16:05:11,mlx5_3,0.000,0.000,295.055,1038.377
2025-12-03 16:05:11,mlx5_4,0.000,0.000,0.000,0.000
2025-12-03 16:05:11,mlx5_5,0.000,0.000,294.582,1037.154
2025-12-03 16:05:11,mlx5_6,0.000,0.000,0.000,0.000
2025-12-03 16:05:11,mlx5_7,0.000,0.000,0.000,0.000
2025-12-03 16:05:11,mlx5_8,0.000,0.000,294.799,1033.669
2025-12-03 16:05:11,mlx5_9,0.000,0.000,0.000,0.000
2025-12-03 16:05:11,TOTAL,0.000,0.000,1166.375,4138.108
2025-12-03 16:05:12,mlx5_0,0.000,0.000,0.000,0.000
2025-12-03 16:05:12,mlx5_1,0.000,0.000,281.938,1028.909
2025-12-03 16:05:12,mlx5_2,0.000,0.000,0.000,0.000
2025-12-03 16:05:12,mlx5_3,0.000,0.000,295.055,1038.377
2025-12-03 16:05:12,mlx5_4,0.000,0.000,0.000,0.000
2025-12-03 16:05:12,mlx5_5,0.000,0.000,294.582,1037.154
2025-12-03 16:05:12,mlx5_6,0.000,0.000,0.000,0.000
2025-12-03 16:05:12,mlx5_7,0.000,0.000,0.000,0.000
2025-12-03 16:05:12,mlx5_8,0.000,0.000,294.799,1033.669
2025-12-03 16:05:12,mlx5_9,0.000,0.000,0.000,0.000
2025-12-03 16:05:12,TOTAL,0.000,0.000,1166.375,4138.108
2025-12-03 16:05:13,mlx5_0,0.000,0.000,0.000,0.000
2025-12-03 16:05:13,mlx5_1,0.000,0.000,281.938,1028.909
2025-12-03 16:05:13,mlx5_2,0.000,0.000,0.000,0.000
2025-12-03 16:05:13,mlx5_3,0.000,0.000,295.055,1038.377
2025-12-03 16:05:13,mlx5_4,0.000,0.000,0.000,0.000
2025-12-03 16:05:13,mlx5_5,0.000,0.000,294.582,1037.154
2025-12-03 16:05:13,mlx5_6,0.000,0.000,0.000,0.000
2025-12-03 16:05:13,mlx5_7,0.000,0.000,0.000,0.000
2025-12-03 16:05:13,mlx5_8,0.000,0.000,294.799,1033.669
2025-12-03 16:05:13,mlx5_9,0.000,0.000,0.000,0.000
2025-12-03 16:05:13,TOTAL,0.000,0.000,1166.375,4138.108
2025-12-03 16:05:14,mlx5_0,0.000,0.000,0.000,0.000
2025-12-03 16:05:14,mlx5_1,0.000,0.000,281.938,1028.909
2025-12-03 16:05:14,mlx5_2,0.000,0.000,0.000,0.000
2025-12-03 16:05:14,mlx5_3,0.000,0.000,295.055,1038.377
2025-12-03 16:05:14,mlx5_4,0.000,0.000,0.000,0.000
2025-12-03 16:05:14,mlx5_5,0.000,0.000,294.582,1037.154
2025-12-03 16:05:14,mlx5_6,0.000,0.000,0.000,0.000
2025-12-03 16:05:14,mlx5_7,0.000,0.000,0.000,0.000
2025-12-03 16:05:14,mlx5_8,0.000,0.000,294.799,1033.669
2025-12-03 16:05:14,mlx5_9,0.000,0.000,0.000,0.000
2025-12-03 16:05:14,TOTAL,0.000,0.000,1166.375,4138.108
2025-12-03 16:05:15,mlx5_0,0.000,0.000,0.000,0.000
2025-12-03 16:05:15,mlx5_1,0.000,0.000,281.938,1028.909
2025-12-03 16:05:15,mlx5_2,0.000,0.000,0.000,0.000
2025-12-03 16:05:15,mlx5_3,0.000,0.000,295.055,1038.377
2025-12-03 16:05:15,mlx5_4,0.000,0.000,0.000,0.000
2025-12-03 16:05:15,mlx5_5,0.000,0.000,294.582,1037.154
2025-12-03 16:05:15,mlx5_6,0.000,0.000,0.000,0.000
2025-12-03 16:05:15,mlx5_7,0.000,0.000,0.000,0.000
2025-12-03 16:05:15,mlx5_8,0.000,0.000,294.799,1033.669
2025-12-03 16:05:15,mlx5_9,0.000,0.000,0.000,0.000
2025-12-03 16:05:15,TOTAL,0.000,0.000,1166.375,4138.108
2025-12-03 16:05:16,mlx5_0,0.000,0.000,0.000,0.000
2025-12-03 16:05:16,mlx5_1,0.000,0.000,281.938,1028.909
2025-12-03 16:05:16,mlx5_2,0.000,0.000,0.000,0.000
2025-12-03 16:05:16,mlx5_3,0.000,0.000,295.055,1038.377
2025-12-03 16:05:16,mlx5_4,0.000,0.000,0.000,0.000
2025-12-03 16:05:16,mlx5_5,0.000,0.000,294.582,1037.154
2025-12-03 16:05:16,mlx5_6,0.000,0.000,0.000,0.000
2025-12-03 16:05:16,mlx5_7,0.000,0.000,0.000,0.000
2025-12-03 16:05:16,mlx5_8,0.000,0.000,294.799,1033.669
2025-12-03 16:05:16,mlx5_9,0.000,0.000,0.000,0.000
2025-12-03 16:05:16,TOTAL,0.000,0.000,1166.375,4138.108
2025-12-03 16:05:17,mlx5_0,0.000,0.000,0.000,0.000
2025-12-03 16:05:17,mlx5_1,0.000,0.000,281.938,1028.909
2025-12-03 16:05:17,mlx5_2,0.000,0.000,0.000,0.000
2025-12-03 16:05:17,mlx5_3,0.000,0.000,295.055,1038.377
2025-12-03 16:05:17,mlx5_4,0.000,0.000,0.000,0.000
2025-12-03 16:05:17,mlx5_5,0.000,0.000,294.582,1037.154
2025-12-03 16:05:17,mlx5_6,0.000,0.000,0.000,0.000
2025-12-03 16:05:17,mlx5_7,0.000,0.000,0.000,0.000
2025-12-03 16:05:17,mlx5_8,0.000,0.000,294.799,1033.669
2025-12-03 16:05:17,mlx5_9,0.000,0.000,0.000,0.000
2025-12-03 16:05:17,TOTAL,0.000,0.000,1166.375,4138.108
2025-12-03 16:05:18,mlx5_0,0.000,0.000,0.000,0.000
2025-12-03 16:05:18,mlx5_1,0.000,0.000,281.938,1028.909
2025-12-03 16:05:18,mlx5_2,0.000,0.000,0.000,0.000
2025-12-03 16:05:18,mlx5_3,0.000,0.000,295.055,1038.377
2025-12-03 16:05:18,mlx5_4,0.000,0.000,0.000,0.000
2025-12-03 16:05:18,mlx5_5,0.000,0.000,294.582,1037.154
2025-12-03 16:05:18,mlx5_6,0.000,0.000,0.000,0.000
2025-12-03 16:05:18,mlx5_7,0.000,0.000,0.000,0.000
2025-12-03 16:05:18,mlx5_8,0.000,0.000,294.799,1033.669
2025-12-03 16:05:18,mlx5_9,0.000,0.000,0.000,0.000
2025-12-03 16:05:18,TOTAL,0.000,0.000,1166.375,4138.108
2025-12-03 16:05:19,mlx5_0,0.000,0.000,0.000,0.000
2025-12-03 16:05:19,mlx5_1,0.000,0.000,281.938,1028.909
2025-12-03 16:05:19,mlx5_2,0.000,0.000,0.000,0.000
2025-12-03 16:05:19,mlx5_3,0.000,0.000,295.055,1038.377
2025-12-03 16:05:19,mlx5_4,0.000,0.000,0.000,0.000
2025-12-03 16:05:19,mlx5_5,0.000,0.000,294.582,1037.154
2025-12-03 16:05:19,mlx5_6,0.000,0.000,0.000,0.000
2025-12-03 16:05:19,mlx5_7,0.000,0.000,0.000,0.000
2025-12-03 16:05:19,mlx5_8,0.000,0.000,294.799,1033.669
2025-12-03 16:05:19,mlx5_9,0.000,0.000,0.000,0.000
2025-12-03 16:05:19,TOTAL,0.000,0.000,1166.375,4138.108
2025-12-03 16:05:20,mlx5_0,0.000,0.000,0.000,0.000
2025-12-03 16:05:20,mlx5_1,0.000,0.000,281.938,1028.909
2025-12-03 16:05:20,mlx5_2,0.000,0.000,0.000,0.000
2025-12-03 16:05:20,mlx5_3,0.000,0.000,295.055,1038.377
2025-12-03 16:05:20,mlx5_4,0.000,0.000,0.000,0.000
2025-12-03 16:05:20,mlx5_5,0.000,0.000,294.582,1037.154
2025-12-03 16:05:20,mlx5_6,0.000,0.000,0.000,0.000
2025-12-03 16:05:20,mlx5_7,0.000,0.000,0.000,0.000
2025-12-03 16:05:20,mlx5_8,0.000,0.000,294.799,1033.669
2025-12-03 16:05:20,mlx5_9,0.000,0.000,0.000,0.000
2025-12-03 16:05:20,TOTAL,0.000,0.000,1166.375,4138.108
2025-12-03 16:05:21,mlx5_0,0.000,0.000,0.000,0.000
2025-12-03 16:05:21,mlx5_1,0.000,0.000,281.938,1028.909
2025-12-03 16:05:21,mlx5_2,0.000,0.000,0.000,0.000
2025-12-03 16:05:21,mlx5_3,0.000,0.000,295.055,1038.377
2025-12-03 16:05:21,mlx5_4,0.000,0.000,0.000,0.000
2025-12-03 16:05:21,mlx5_5,0.000,0.000,294.582,1037.154
2025-12-03 16:05:21,mlx5_6,0.000,0.000,0.000,0.000
2025-12-03 16:05:21,mlx5_7,0.000,0.000,0.000,0.000
2025-12-03 16:05:21,mlx5_8,0.000,0.000,294.799,1033.669
2025-12-03 16:05:21,mlx5_9,0.000,0.000,0.000,0.000
2025-12-03 16:05:21,TOTAL,0.000,0.000,1166.375,4138.108
2025-12-03 16:05:22,mlx5_0,0.000,0.000,0.000,0.000
2025-12-03 16:05:22,mlx5_1,0.000,0.000,281.938,1028.909
2025-12-03 16:05:22,mlx5_2,0.000,0.000,0.000,0.000
2025-12-03 16:05:22,mlx5_3,0.000,0.000,295.055,1038.377
2025-12-03 16:05:22,mlx5_4,0.000,0.000,0.000,0.000
2025-12-03 16:05:22,mlx5_5,0.000,0.000,294.582,1037.154
2025-12-03 16:05:22,mlx5_6,0.000,0.000,0.000,0.000
2025-12-03 16:05:22,mlx5_7,0.000,0.000,0.000,0.000
2025-12-03 16:05:22,mlx5_8,0.000,0.000,294.799,1033.669
2025-12-03 16:05:22,mlx5_9,0.000,0.000,0.000,0.000
2025-12-03 16:05:22,TOTAL,0.000,0.000,1166.375,4138.108
2025-12-03 16:05:23,mlx5_0,0.000,0.000,0.000,0.000
2025-12-03 16:05:23,mlx5_1,0.000,0.000,281.938,1028.909
2025-12-03 16:05:23,mlx5_2,0.000,0.000,0.000,0.000
2025-12-03 16:05:23,mlx5_3,0.000,0.000,295.055,1038.377
2025-12-03 16:05:23,mlx5_4,0.000,0.000,0.000,0.000
2025-12-03 16:05:23,mlx5_5,0.000,0.000,294.582,1037.154
2025-12-03 16:05:23,mlx5_6,0.000,0.000,0.000,0.000
2025-12-03 16:05:23,mlx5_7,0.000,0.000,0.000,0.000
2025-12-03 16:05:23,mlx5_8,0.000,0.000,294.799,1033.669
2025-12-03 16:05:23,mlx5_9,0.000,0.000,0.000,0.000
2025-12-03 16:05:23,TOTAL,0.000,0.000,1166.375,4138.108
2025-12-03 16:05:24,mlx5_0,0.000,0.000,0.000,0.000
2025-12-03 16:05:24,mlx5_1,0.000,0.000,281.938,1028.909
2025-12-03 16:05:24,mlx5_2,0.000,0.000,0.000,0.000
2025-12-03 16:05:24,mlx5_3,0.000,0.000,295.055,1038.377
2025-12-03 16:05:24,mlx5_4,0.000,0.000,0.000,0.000
2025-12-03 16:05:24,mlx5_5,0.000,0.000,294.582,1037.154
2025-12-03 16:05:24,mlx5_6,0.000,0.000,0.000,0.000
2025-12-03 16:05:24,mlx5_7,0.000,0.000,0.000,0.000
2025-12-03 16:05:24,mlx5_8,0.000,0.000,294.799,1033.669
2025-12-03 16:05:24,mlx5_9,0.000,0.000,0.000,0.000
2025-12-03 16:05:24,TOTAL,0.000,0.000,1166.375,4138.108
2025-12-03 16:05:25,mlx5_0,0.000,0.000,0.000,0.000
2025-12-03 16:05:25,mlx5_1,0.000,0.000,281.938,1028.909
2025-12-03 16:05:25,mlx5_2,0.000,0.000,0.000,0.000
2025-12-03 16:05:25,mlx5_3,0.000,0.000,295.055,1038.377
2025-12-03 16:05:25,mlx5_4,0.000,0.000,0.000,0.000
2025-12-03 16:05:25,mlx5_5,0.000,0.000,294.582,1037.154
2025-12-03 16:05:25,mlx5_6,0.000,0.000,0.000,0.000
2025-12-03 16:05:25,mlx5_7,0.000,0.000,0.000,0.000
2025-12-03 16:05:25,mlx5_8,0.000,0.000,294.799,1033.669
2025-12-03 16:05:25,mlx5_9,0.000,0.000,0.000,0.000
2025-12-03 16:05:25,TOTAL,0.000,0.000,1166.375,4138.108
2025-12-03 16:05:26,mlx5_0,0.000,0.000,0.000,0.000
2025-12-03 16:05:26,mlx5_1,0.000,0.000,281.938,1028.909
2025-12-03 16:05:26,mlx5_2,0.000,0.000,0.000,0.000
2025-12-03 16:05:26,mlx5_3,0.000,0.000,295.055,1038.377
2025-12-03 16:05:26,mlx5_4,0.000,0.000,0.000,0.000
2025-12-03 16:05:26,mlx5_5,0.000,0.000,294.582,1037.154
2025-12-03 16:05:26,mlx5_6,0.000,0.000,0.000,0.000
2025-12-03 16:05:26,mlx5_7,0.000,0.000,0.000,0.000
2025-12-03 16:05:26,mlx5_8,0.000,0.000,294.799,1033.669
2025-12-03 16:05:26,mlx5_9,0.000,0.000,0.000,0.000
2025-12-03 16:05:26,TOTAL,0.000,0.000,1166.375,4138.108
2025-12-03 16:05:27,mlx5_0,0.000,0.000,0.000,0.000
2025-12-03 16:05:27,mlx5_1,0.000,0.000,281.938,1028.909
2025-12-03 16:05:27,mlx5_2,0.000,0.000,0.000,0.000
2025-12-03 16:05:27,mlx5_3,0.000,0.000,295.055,1038.377
2025-12-03 16:05:27,mlx5_4,0.000,0.000,0.000,0.000
2025-12-03 16:05:27,mlx5_5,0.000,0.000,294.582,1037.154
2025-12-03 16:05:27,mlx5_6,0.000,0.000,0.000,0.000
2025-12-03 16:05:27,mlx5_7,0.000,0.000,0.000,0.000
2025-12-03 16:05:27,mlx5_8,0.000,0.000,294.799,1033.669
2025-12-03 16:05:27,mlx5_9,0.000,0.000,0.000,0.000
2025-12-03 16:05:27,TOTAL,0.000,0.000,1166.375,4138.108
2025-12-03 16:05:28,mlx5_0,0.000,0.000,0.000,0.000
2025-12-03 16:05:28,mlx5_1,0.000,0.000,281.938,1028.909
2025-12-03 16:05:28,mlx5_2,0.000,0.000,0.000,0.000
2025-12-03 16:05:28,mlx5_3,0.000,0.000,295.055,1038.377
2025-12-03 16:05:28,mlx5_4,0.000,0.000,0.000,0.000
2025-12-03 16:05:28,mlx5_5,0.000,0.000,294.582,1037.154
2025-12-03 16:05:28,mlx5_6,0.000,0.000,0.000,0.000
2025-12-03 16:05:28,mlx5_7,0.000,0.000,0.000,0.000
2025-12-03 16:05:28,mlx5_8,0.000,0.000,294.799,1033.669
2025-12-03 16:05:28,mlx5_9,0.000,0.000,0.000,0.000
2025-12-03 16:05:28,TOTAL,0.000,0.000,1166.375,4138.108
2025-12-03 16:05:29,mlx5_0,0.000,0.000,0.000,0.000
2025-12-03 16:05:29,mlx5_1,0.000,0.000,281.938,1028.909
2025-12-03 16:05:29,mlx5_2,0.000,0.000,0.000,0.000
2025-12-03 16:05:29,mlx5_3,0.000,0.000,295.055,1038.377
2025-12-03 16:05:29,mlx5_4,0.000,0.000,0.000,0.000
2025-12-03 16:05:29,mlx5_5,0.000,0.000,294.582,1037.154
2025-12-03 16:05:29,mlx5_6,0.000,0.000,0.000,0.000
2025-12-03 16:05:29,mlx5_7,0.000,0.000,0.000,0.000
2025-12-03 16:05:29,mlx5_8,0.000,0.000,294.799,1033.669
2025-12-03 16:05:29,mlx5_9,0.000,0.000,0.000,0.000
2025-12-03 16:05:29,TOTAL,0.000,0.000,1166.375,4138.108
2025-12-03 16:05:30,mlx5_0,0.000,0.000,0.000,0.000
2025-12-03 16:05:30,mlx5_1,0.000,0.000,281.938,1028.909
2025-12-03 16:05:30,mlx5_2,0.000,0.000,0.000,0.000
2025-12-03 16:05:30,mlx5_3,0.000,0.000,295.055,1038.377
2025-12-03 16:05:30,mlx5_4,0.000,0.000,0.000,0.000
2025-12-03 16:05:30,mlx5_5,0.000,0.000,294.582,1037.154
2025-12-03 16:05:30,mlx5_6,0.000,0.000,0.000,0.000
2025-12-03 16:05:30,mlx5_7,0.000,0.000,0.000,0.000
2025-12-03 16:05:30,mlx5_8,0.000,0.000,294.799,1033.669
2025-12-03 16:05:30,mlx5_9,0.000,0.000,0.000,0.000
2025-12-03 16:05:30,TOTAL,0.000,0.000,1166.375,4138.108
2025-12-03 16:05:31,mlx5_0,0.000,0.000,0.000,0.000
2025-12-03 16:05:31,mlx5_1,0.000,0.000,281.938,1028.909
2025-12-03 16:05:31,mlx5_2,0.000,0.000,0.000,0.000
2025-12-03 16:05:31,mlx5_3,0.000,0.000,295.055,1038.377
2025-12-03 16:05:31,mlx5_4,0.000,0.000,0.000,0.000
2025-12-03 16:05:31,mlx5_5,0.000,0.000,294.582,1037.154
2025-12-03 16:05:31,mlx5_6,0.000,0.000,0.000,0.000
2025-12-03 16:05:31,mlx5_7,0.000,0.000,0.000,0.000
2025-12-03 16:05:31,mlx5_8,0.000,0.000,294.799,1033.669
2025-12-03 16:05:31,mlx5_9,0.000,0.000,0.000,0.000
2025-12-03 16:05:31,TOTAL,0.000,0.000,1166.375,4138.108
2025-12-03 16:05:32,mlx5_0,0.000,0.000,0.000,0.000
2025-12-03 16:05:32,mlx5_1,0.000,0.000,281.938,1028.909
2025-12-03 16:05:32,mlx5_2,0.000,0.000,0.000,0.000
2025-12-03 16:05:32,mlx5_3,0.000,0.000,295.055,1038.377
2025-12-03 16:05:32,mlx5_4,0.000,0.000,0.000,0.000
2025-12-03 16:05:32,mlx5_5,0.000,0.000,294.582,1037.154
2025-12-03 16:05:32,mlx5_6,0.000,0.000,0.000,0.000
2025-12-03 16:05:32,mlx5_7,0.000,0.000,0.000,0.000
2025-12-03 16:05:32,mlx5_8,0.000,0.000,294.799,1033.669
2025-12-03 16:05:32,mlx5_9,0.000,0.000,0.000,0.000
2025-12-03 16:05:32,TOTAL,0.000,0.000,1166.375,4138.108
2025-12-03 16:05:33,mlx5_0,0.000,0.000,0.000,0.000
2025-12-03 16:05:33,mlx5_1,0.000,0.000,281.938,1028.909
2025-12-03 16:05:33,mlx5_2,0.000,0.000,0.000,0.000
2025-12-03 16:05:33,mlx5_3,0.000,0.000,295.055,1038.377
2025-12-03 16:05:33,mlx5_4,0.000,0.000,0.000,0.000
2025-12-03 16:05:33,mlx5_5,0.000,0.000,294.582,1037.154
2025-12-03 16:05:33,mlx5_6,0.000,0.000,0.000,0.000
2025-12-03 16:05:33,mlx5_7,0.000,0.000,0.000,0.000
2025-12-03 16:05:33,mlx5_8,0.000,0.000,294.799,1033.669
2025-12-03 16:05:33,mlx5_9,0.000,0.000,0.000,0.000
2025-12-03 16:05:33,TOTAL,0.000,0.000,1166.375,4138.108
2025-12-03 16:05:34,mlx5_0,0.000,0.000,0.000,0.000
2025-12-03 16:05:34,mlx5_1,0.000,0.000,281.938,1028.909
2025-12-03 16:05:34,mlx5_2,0.000,0.000,0.000,0.000
2025-12-03 16:05:34,mlx5_3,0.000,0.000,295.055,1038.377
2025-12-03 16:05:34,mlx5_4,0.000,0.000,0.000,0.000
2025-12-03 16:05:34,mlx5_5,0.000,0.000,294.582,1037.154
2025-12-03 16:05:34,mlx5_6,0.000,0.000,0.000,0.000
2025-12-03 16:05:34,mlx5_7,0.000,0.000,0.000,0.000
2025-12-03 16:05:34,mlx5_8,0.000,0.000,294.799,1033.669
2025-12-03 16:05:34,mlx5_9,0.000,0.000,0.000,0.000
2025-12-03 16:05:34,TOTAL,0.000,0.000,1166.375,4138.108
2025-12-03 16:05:35,mlx5_0,0.000,0.000,0.000,0.000
2025-12-03 16:05:35,mlx5_1,0.000,0.000,281.938,1028.909
2025-12-03 16:05:35,mlx5_2,0.000,0.000,0.000,0.000
2025-12-03 16:05:35,mlx5_3,0.000,0.000,295.055,1038.377
2025-12-03 16:05:35,mlx5_4,0.000,0.000,0.000,0.000
2025-12-03 16:05:35,mlx5_5,0.000,0.000,294.582,1037.154
2025-12-03 16:05:35,mlx5_6,0.000,0.000,0.000,0.000
2025-12-03 16:05:35,mlx5_7,0.000,0.000,0.000,0.000
2025-12-03 16:05:35,mlx5_8,0.000,0.000,294.799,1033.669
2025-12-03 16:05:35,mlx5_9,0.000,0.000,0.000,0.000
2025-12-03 16:05:35,TOTAL,0.000,0.000,1166.375,4138.108
2025-12-03 16:05:36,mlx5_0,0.000,0.000,0.000,0.000
2025-12-03 16:05:36,mlx5_1,0.000,0.000,281.938,1028.909
2025-12-03 16:05:36,mlx5_2,0.000,0.000,0.000,0.000
2025-12-03 16:05:36,mlx5_3,0.000,0.000,295.055,1038.377
2025-12-03 16:05:36,mlx5_4,0.000,0.000,0.000,0.000
2025-12-03 16:05:36,mlx5_5,0.000,0.000,294.582,1037.154
2025-12-03 16:05:36,mlx5_6,0.000,0.000,0.000,0.000
2025-12-03 16:05:36,mlx5_7,0.000,0.000,0.000,0.000
2025-12-03 16:05:36,mlx5_8,0.000,0.000,294.799,1033.669
2025-12-03 16:05:36,mlx5_9,0.000,0.000,0.000,0.000
2025-12-03 16:05:36,TOTAL,0.000,0.000,1166.375,4138.108
2025-12-03 16:05:37,mlx5_0,0.000,0.000,0.000,0.000
2025-12-03 16:05:37,mlx5_1,0.000,0.000,281.938,1028.909
2025-12-03 16:05:37,mlx5_2,0.000,0.000,0.000,0.000
2025-12-03 16:05:37,mlx5_3,0.000,0.000,295.055,1038.377
2025-12-03 16:05:37,mlx5_4,0.000,0.000,0.000,0.000
2025-12-03 16:05:37,mlx5_5,0.000,0.000,294.582,1037.154
2025-12-03 16:05:37,mlx5_6,0.000,0.000,0.000,0.000
2025-12-03 16:05:37,mlx5_7,0.000,0.000,0.000,0.000
2025-12-03 16:05:37,mlx5_8,0.000,0.000,294.799,1033.669
2025-12-03 16:05:37,mlx5_9,0.000,0.000,0.000,0.000
2025-12-03 16:05:37,TOTAL,0.000,0.000,1166.375,4138.108
2025-12-03 16:05:38,mlx5_0,0.000,0.000,0.000,0.000
2025-12-03 16:05:38,mlx5_1,0.000,0.000,281.938,1028.909
2025-12-03 16:05:38,mlx5_2,0.000,0.000,0.000,0.000
2025-12-03 16:05:38,mlx5_3,0.000,0.000,295.055,1038.377
2025-12-03 16:05:38,mlx5_4,0.000,0.000,0.000,0.000
2025-12-03 16:05:38,mlx5_5,0.000,0.000,294.582,1037.154
2025-12-03 16:05:38,mlx5_6,0.000,0.000,0.000,0.000
2025-12-03 16:05:38,mlx5_7,0.000,0.000,0.000,0.000
2025-12-03 16:05:38,mlx5_8,0.000,0.000,294.799,1033.669
2025-12-03 16:05:38,mlx5_9,0.000,0.000,0.000,0.000
2025-12-03 16:05:38,TOTAL,0.000,0.000,1166.375,4138.108
2025-12-03 16:05:39,mlx5_0,0.000,0.000,0.000,0.000
2025-12-03 16:05:39,mlx5_1,0.000,0.000,281.938,1028.909
2025-12-03 16:05:39,mlx5_2,0.000,0.000,0.000,0.000
2025-12-03 16:05:39,mlx5_3,0.000,0.000,295.055,1038.377
2025-12-03 16:05:39,mlx5_4,0.000,0.000,0.000,0.000
2025-12-03 16:05:39,mlx5_5,0.000,0.000,294.582,1037.154
2025-12-03 16:05:39,mlx5_6,0.000,0.000,0.000,0.000
2025-12-03 16:05:39,mlx5_7,0.000,0.000,0.000,0.000
2025-12-03 16:05:39,mlx5_8,0.000,0.000,294.799,1033.669
2025-12-03 16:05:39,mlx5_9,0.000,0.000,0.000,0.000
2025-12-03 16:05:39,TOTAL,0.000,0.000,1166.375,4138.108
2025-12-03 16:05:40,mlx5_0,0.000,0.000,0.000,0.000
2025-12-03 16:05:40,mlx5_1,0.000,0.000,281.938,1028.909
2025-12-03 16:05:40,mlx5_2,0.000,0.000,0.000,0.000
2025-12-03 16:05:40,mlx5_3,0.000,0.000,295.055,1038.377
2025-12-03 16:05:40,mlx5_4,0.000,0.000,0.000,0.000
2025-12-03 16:05:40,mlx5_5,0.000,0.000,294.582,1037.154
2025-12-03 16:05:40,mlx5_6,0.000,0.000,0.000,0.000
2025-12-03 16:05:40,mlx5_7,0.000,0.000,0.000,0.000
2025-12-03 16:05:40,mlx5_8,0.000,0.000,294.799,1033.669
2025-12-03 16:05:40,mlx5_9,0.000,0.000,0.000,0.000
2025-12-03 16:05:40,TOTAL,0.000,0.000,1166.375,4138.108
2025-12-03 16:05:41,mlx5_0,0.000,0.000,0.000,0.000
2025-12-03 16:05:41,mlx5_1,0.000,0.000,281.938,1028.909
2025-12-03 16:05:41,mlx5_2,0.000,0.000,0.000,0.000
2025-12-03 16:05:41,mlx5_3,0.000,0.000,295.055,1038.377
2025-12-03 16:05:41,mlx5_4,0.000,0.000,0.000,0.000
2025-12-03 16:05:41,mlx5_5,0.000,0.000,294.582,1037.154
2025-12-03 16:05:41,mlx5_6,0.000,0.000,0.000,0.000
2025-12-03 16:05:41,mlx5_7,0.000,0.000,0.000,0.000
2025-12-03 16:05:41,mlx5_8,0.000,0.000,294.799,1033.669
2025-12-03 16:05:41,mlx5_9,0.000,0.000,0.000,0.000
2025-12-03 16:05:41,TOTAL,0.000,0.000,1166.375,4138.108
2025-12-03 16:05:42,mlx5_0,0.000,0.000,0.000,0.000
2025-12-03 16:05:42,mlx5_1,0.000,0.000,281.938,1028.909
2025-12-03 16:05:42,mlx5_2,0.000,0.000,0.000,0.000
2025-12-03 16:05:42,mlx5_3,0.000,0.000,295.055,1038.377
2025-12-03 16:05:42,mlx5_4,0.000,0.000,0.000,0.000
2025-12-03 16:05:42,mlx5_5,0.000,0.000,294.582,1037.154
2025-12-03 16:05:42,mlx5_6,0.000,0.000,0.000,0.000
2025-12-03 16:05:42,mlx5_7,0.000,0.000,0.000,0.000
2025-12-03 16:05:42,mlx5_8,0.000,0.000,294.799,1033.669
2025-12-03 16:05:42,mlx5_9,0.000,0.000,0.000,0.000
2025-12-03 16:05:42,TOTAL,0.000,0.000,1166.375,4138.108
2025-12-03 16:05:43,mlx5_0,0.000,0.000,0.000,0.000
2025-12-03 16:05:43,mlx5_1,0.000,0.000,281.938,1028.909
2025-12-03 16:05:43,mlx5_2,0.000,0.000,0.000,0.000
2025-12-03 16:05:43,mlx5_3,0.000,0.000,295.055,1038.377
2025-12-03 16:05:43,mlx5_4,0.000,0.000,0.000,0.000
2025-12-03 16:05:43,mlx5_5,0.000,0.000,294.582,1037.154
2025-12-03 16:05:43,mlx5_6,0.000,0.000,0.000,0.000
2025-12-03 16:05:43,mlx5_7,0.000,0.000,0.000,0.000
2025-12-03 16:05:43,mlx5_8,0.000,0.000,294.799,1033.669
2025-12-03 16:05:43,mlx5_9,0.000,0.000,0.000,0.000
2025-12-03 16:05:43,TOTAL,0.000,0.000,1166.375,4138.108
2025-12-03 16:05:44,mlx5_0,0.000,0.000,0.000,0.000
2025-12-03 16:05:44,mlx5_1,0.000,0.000,281.938,1028.909
2025-12-03 16:05:44,mlx5_2,0.000,0.000,0.000,0.000
2025-12-03 16:05:44,mlx5_3,0.000,0.000,295.055,1038.377
2025-12-03 16:05:44,mlx5_4,0.000,0.000,0.000,0.000
2025-12-03 16:05:44,mlx5_5,0.000,0.000,294.582,1037.154
2025-12-03 16:05:44,mlx5_6,0.000,0.000,0.000,0.000
2025-12-03 16:05:44,mlx5_7,0.000,0.000,0.000,0.000
2025-12-03 16:05:44,mlx5_8,0.000,0.000,294.799,1033.669
2025-12-03 16:05:44,mlx5_9,0.000,0.000,0.000,0.000
2025-12-03 16:05:44,TOTAL,0.000,0.000,1166.375,4138.108
2025-12-03 16:05:45,mlx5_0,0.000,0.000,0.000,0.000
2025-12-03 16:05:45,mlx5_1,0.000,0.000,281.938,1028.909
2025-12-03 16:05:45,mlx5_2,0.000,0.000,0.000,0.000
2025-12-03 16:05:45,mlx5_3,0.000,0.000,295.055,1038.377
2025-12-03 16:05:45,mlx5_4,0.000,0.000,0.000,0.000
2025-12-03 16:05:45,mlx5_5,0.000,0.000,294.582,1037.154
2025-12-03 16:05:45,mlx5_6,0.000,0.000,0.000,0.000
2025-12-03 16:05:45,mlx5_7,0.000,0.000,0.000,0.000
2025-12-03 16:05:45,mlx5_8,0.000,0.000,294.799,1033.669
2025-12-03 16:05:45,mlx5_9,0.000,0.000,0.000,0.000
2025-12-03 16:05:45,TOTAL,0.000,0.000,1166.375,4138.108
2025-12-03 16:05:46,mlx5_0,0.000,0.000,0.000,0.000
2025-12-03 16:05:46,mlx5_1,0.000,0.000,281.938,1028.909
2025-12-03 16:05:46,mlx5_2,0.000,0.000,0.000,0.000
2025-12-03 16:05:46,mlx5_3,0.000,0.000,295.055,1038.377
2025-12-03 16:05:46,mlx5_4,0.000,0.000,0.000,0.000
2025-12-03 16:05:46,mlx5_5,0.000,0.000,294.582,1037.154
2025-12-03 16:05:46,mlx5_6,0.000,0.000,0.000,0.000
2025-12-03 16:05:46,mlx5_7,0.000,0.000,0.000,0.000
2025-12-03 16:05:46,mlx5_8,0.000,0.000,294.799,1033.669
2025-12-03 16:05:46,mlx5_9,0.000,0.000,0.000,0.000
2025-12-03 16:05:46,TOTAL,0.000,0.000,1166.375,4138.108
2025-12-03 16:05:47,mlx5_0,0.000,0.000,0.000,0.000
2025-12-03 16:05:47,mlx5_1,0.000,0.000,281.938,1028.909
2025-12-03 16:05:47,mlx5_2,0.000,0.000,0.000,0.000
2025-12-03 16:05:47,mlx5_3,0.000,0.000,295.055,1038.377
2025-12-03 16:05:47,mlx5_4,0.000,0.000,0.000,0.000
2025-12-03 16:05:47,mlx5_5,0.000,0.000,294.582,1037.154
2025-12-03 16:05:47,mlx5_6,0.000,0.000,0.000,0.000
2025-12-03 16:05:47,mlx5_7,0.000,0.000,0.000,0.000
2025-12-03 16:05:47,mlx5_8,0.000,0.000,294.799,1033.669
2025-12-03 16:05:47,mlx5_9,0.000,0.000,0.000,0.000
2025-12-03 16:05:47,TOTAL,0.000,0.000,1166.375,4138.108
2025-12-03 16:05:48,mlx5_0,0.000,0.000,0.000,0.000
2025-12-03 16:05:48,mlx5_1,0.000,0.000,281.938,1028.909
2025-12-03 16:05:48,mlx5_2,0.000,0.000,0.000,0.000
2025-12-03 16:05:48,mlx5_3,0.000,0.000,295.055,1038.377
2025-12-03 16:05:48,mlx5_4,0.000,0.000,0.000,0.000
2025-12-03 16:05:48,mlx5_5,0.000,0.000,294.582,1037.154
2025-12-03 16:05:48,mlx5_6,0.000,0.000,0.000,0.000
2025-12-03 16:05:48,mlx5_7,0.000,0.000,0.000,0.000
2025-12-03 16:05:48,mlx5_8,0.000,0.000,294.799,1033.669
2025-12-03 16:05:48,mlx5_9,0.000,0.000,0.000,0.000
2025-12-03 16:05:48,TOTAL,0.000,0.000,1166.375,4138.108
2025-12-03 16:05:49,mlx5_0,0.000,0.000,0.000,0.000
2025-12-03 16:05:49,mlx5_1,0.000,0.000,281.938,1028.909
2025-12-03 16:05:49,mlx5_2,0.000,0.000,0.000,0.000
2025-12-03 16:05:49,mlx5_3,0.000,0.000,295.055,1038.377
2025-12-03 16:05:49,mlx5_4,0.000,0.000,0.000,0.000
2025-12-03 16:05:49,mlx5_5,0.000,0.000,294.582,1037.154
2025-12-03 16:05:49,mlx5_6,0.000,0.000,0.000,0.000
2025-12-03 16:05:49,mlx5_7,0.000,0.000,0.000,0.000
2025-12-03 16:05:49,mlx5_8,0.000,0.000,294.799,1033.669
2025-12-03 16:05:49,mlx5_9,0.000,0.000,0.000,0.000
2025-12-03 16:05:49,TOTAL,0.000,0.000,1166.375,4138.108
2025-12-03 16:05:50,mlx5_0,0.000,0.000,0.000,0.000
2025-12-03 16:05:50,mlx5_1,0.000,0.000,281.938,1028.909
2025-12-03 16:05:50,mlx5_2,0.000,0.000,0.000,0.000
2025-12-03 16:05:50,mlx5_3,0.000,0.000,295.055,1038.377
2025-12-03 16:05:50,mlx5_4,0.000,0.000,0.000,0.000
2025-12-03 16:05:50,mlx5_5,0.000,0.000,294.582,1037.154
2025-12-03 16:05:50,mlx5_6,0.000,0.000,0.000,0.000
2025-12-03 16:05:50,mlx5_7,0.000,0.000,0.000,0.000
2025-12-03 16:05:50,mlx5_8,0.000,0.000,294.799,1033.669
2025-12-03 16:05:50,mlx5_9,0.000,0.000,0.000,0.000
2025-12-03 16:05:50,TOTAL,0.000,0.000,1166.375,4138.108
2025-12-03 16:05:51,mlx5_0,0.000,0.000,0.000,0.000
2025-12-03 16:05:51,mlx5_1,0.000,0.000,281.938,1028.909
2025-12-03 16:05:51,mlx5_2,0.000,0.000,0.000,0.000
2025-12-03 16:05:51,mlx5_3,0.000,0.000,295.055,1038.377
2025-12-03 16:05:51,mlx5_4,0.000,0.000,0.000,0.000
2025-12-03 16:05:51,mlx5_5,0.000,0.000,294.582,1037.154
2025-12-03 16:05:51,mlx5_6,0.000,0.000,0.000,0.000
2025-12-03 16:05:51,mlx5_7,0.000,0.000,0.000,0.000
2025-12-03 16:05:51,mlx5_8,0.000,0.000,294.799,1033.669
2025-12-03 16:05:51,mlx5_9,0.000,0.000,0.000,0.000
2025-12-03 16:05:51,TOTAL,0.000,0.000,1166.375,4138.108
2025-12-03 16:05:52,mlx5_0,0.000,0.000,0.000,0.000
2025-12-03 16:05:52,mlx5_1,0.000,0.000,281.938,1028.909
2025-12-03 16:05:52,mlx5_2,0.000,0.000,0.000,0.000
2025-12-03 16:05:52,mlx5_3,0.000,0.000,295.055,1038.377
2025-12-03 16:05:52,mlx5_4,0.000,0.000,0.000,0.000
2025-12-03 16:05:52,mlx5_5,0.000,0.000,294.582,1037.154
2025-12-03 16:05:52,mlx5_6,0.000,0.000,0.000,0.000
2025-12-03 16:05:52,mlx5_7,0.000,0.000,0.000,0.000
2025-12-03 16:05:52,mlx5_8,0.000,0.000,294.799,1033.669
2025-12-03 16:05:52,mlx5_9,0.000,0.000,0.000,0.000
2025-12-03 16:05:52,TOTAL,0.000,0.000,1166.375,4138.108
2025-12-03 16:05:53,mlx5_0,0.000,0.000,0.000,0.000
2025-12-03 16:05:53,mlx5_1,0.000,0.000,281.938,1028.909
2025-12-03 16:05:53,mlx5_2,0.000,0.000,0.000,0.000
2025-12-03 16:05:53,mlx5_3,0.000,0.000,295.055,1038.377
2025-12-03 16:05:53,mlx5_4,0.000,0.000,0.000,0.000
2025-12-03 16:05:53,mlx5_5,0.000,0.000,294.582,1037.154
2025-12-03 16:05:53,mlx5_6,0.000,0.000,0.000,0.000
2025-12-03 16:05:53,mlx5_7,0.000,0.000,0.000,0.000
2025-12-03 16:05:53,mlx5_8,0.000,0.000,294.799,1033.669
2025-12-03 16:05:53,mlx5_9,0.000,0.000,0.000,0.000
2025-12-03 16:05:53,TOTAL,0.000,0.000,1166.375,4138.108
2025-12-03 16:05:54,mlx5_0,0.000,0.000,0.000,0.000
2025-12-03 16:05:54,mlx5_1,0.000,0.000,281.938,1028.909
2025-12-03 16:05:54,mlx5_2,0.000,0.000,0.000,0.000
2025-12-03 16:05:54,mlx5_3,0.000,0.000,295.055,1038.377
2025-12-03 16:05:54,mlx5_4,0.000,0.000,0.000,0.000
2025-12-03 16:05:54,mlx5_5,0.000,0.000,294.582,1037.154
2025-12-03 16:05:54,mlx5_6,0.000,0.000,0.000,0.000
2025-12-03 16:05:54,mlx5_7,0.000,0.000,0.000,0.000
2025-12-03 16:05:54,mlx5_8,0.000,0.000,294.799,1033.669
2025-12-03 16:05:54,mlx5_9,0.000,0.000,0.000,0.000
2025-12-03 16:05:54,TOTAL,0.000,0.000,1166.375,4138.108
2025-12-03 16:05:55,mlx5_0,0.000,0.000,0.000,0.000
2025-12-03 16:05:55,mlx5_1,0.000,0.000,281.938,1028.909
2025-12-03 16:05:55,mlx5_2,0.000,0.000,0.000,0.000
2025-12-03 16:05:55,mlx5_3,0.000,0.017,295.055,1038.379
2025-12-03 16:05:55,mlx5_4,0.000,0.000,0.000,0.000
2025-12-03 16:05:55,mlx5_5,0.000,0.022,294.582,1037.156
2025-12-03 16:05:55,mlx5_6,0.000,0.000,0.000,0.000
2025-12-03 16:05:55,mlx5_7,0.000,0.000,0.000,0.000
2025-12-03 16:05:55,mlx5_8,0.000,0.034,294.799,1033.673
2025-12-03 16:05:55,mlx5_9,0.000,0.000,0.000,0.000
2025-12-03 16:05:55,TOTAL,0.000,0.073,1166.375,4138.117
2025-12-03 16:05:56,mlx5_0,0.000,0.000,0.000,0.000
2025-12-03 16:05:56,mlx5_1,0.000,0.000,281.938,1028.909
2025-12-03 16:05:56,mlx5_2,0.000,0.000,0.000,0.000
2025-12-03 16:05:56,mlx5_3,0.000,0.000,295.055,1038.379
2025-12-03 16:05:56,mlx5_4,0.000,0.000,0.000,0.000
2025-12-03 16:05:56,mlx5_5,0.000,0.000,294.582,1037.156
2025-12-03 16:05:56,mlx5_6,0.000,0.000,0.000,0.000
2025-12-03 16:05:56,mlx5_7,0.000,0.000,0.000,0.000
2025-12-03 16:05:56,mlx5_8,0.000,0.000,294.799,1033.673
2025-12-03 16:05:56,mlx5_9,0.000,0.000,0.000,0.000
2025-12-03 16:05:56,TOTAL,0.000,0.000,1166.375,4138.117
2025-12-03 16:05:57,mlx5_0,0.000,0.000,0.000,0.000
2025-12-03 16:05:57,mlx5_1,0.000,0.000,281.938,1028.909
2025-12-03 16:05:57,mlx5_2,0.000,0.000,0.000,0.000
2025-12-03 16:05:57,mlx5_3,0.000,0.000,295.055,1038.379
2025-12-03 16:05:57,mlx5_4,0.000,0.000,0.000,0.000
2025-12-03 16:05:57,mlx5_5,0.000,0.000,294.582,1037.156
2025-12-03 16:05:57,mlx5_6,0.000,0.000,0.000,0.000
2025-12-03 16:05:57,mlx5_7,0.000,0.000,0.000,0.000
2025-12-03 16:05:57,mlx5_8,0.000,0.000,294.799,1033.673
2025-12-03 16:05:57,mlx5_9,0.000,0.000,0.000,0.000
2025-12-03 16:05:57,TOTAL,0.000,0.000,1166.375,4138.117
2025-12-03 16:05:58,mlx5_0,0.000,0.000,0.000,0.000
2025-12-03 16:05:58,mlx5_1,0.000,0.000,281.938,1028.909
2025-12-03 16:05:58,mlx5_2,0.000,0.000,0.000,0.000
2025-12-03 16:05:58,mlx5_3,0.000,0.000,295.055,1038.379
2025-12-03 16:05:58,mlx5_4,0.000,0.000,0.000,0.000
2025-12-03 16:05:58,mlx5_5,0.000,0.000,294.582,1037.156
2025-12-03 16:05:58,mlx5_6,0.000,0.000,0.000,0.000
2025-12-03 16:05:58,mlx5_7,0.000,0.000,0.000,0.000
2025-12-03 16:05:58,mlx5_8,0.000,0.000,294.799,1033.673
2025-12-03 16:05:58,mlx5_9,0.000,0.000,0.000,0.000
2025-12-03 16:05:58,TOTAL,0.000,0.000,1166.375,4138.117
2025-12-03 16:05:59,mlx5_0,0.000,0.000,0.000,0.000
2025-12-03 16:05:59,mlx5_1,0.000,0.000,281.938,1028.909
2025-12-03 16:05:59,mlx5_2,0.000,0.000,0.000,0.000
2025-12-03 16:05:59,mlx5_3,0.000,0.000,295.055,1038.379
2025-12-03 16:05:59,mlx5_4,0.000,0.000,0.000,0.000
2025-12-03 16:05:59,mlx5_5,0.000,0.000,294.582,1037.156
2025-12-03 16:05:59,mlx5_6,0.000,0.000,0.000,0.000
2025-12-03 16:05:59,mlx5_7,0.000,0.000,0.000,0.000
2025-12-03 16:05:59,mlx5_8,0.000,0.000,294.799,1033.673
2025-12-03 16:05:59,mlx5_9,0.000,0.000,0.000,0.000
2025-12-03 16:05:59,TOTAL,0.000,0.000,1166.375,4138.117
2025-12-03 16:06:00,mlx5_0,0.000,0.000,0.000,0.000
2025-12-03 16:06:00,mlx5_1,0.000,0.000,281.938,1028.909
2025-12-03 16:06:00,mlx5_2,0.000,0.000,0.000,0.000
2025-12-03 16:06:00,mlx5_3,0.000,0.000,295.055,1038.379
2025-12-03 16:06:00,mlx5_4,0.000,0.000,0.000,0.000
2025-12-03 16:06:00,mlx5_5,0.000,0.000,294.582,1037.156
2025-12-03 16:06:00,mlx5_6,0.000,0.000,0.000,0.000
2025-12-03 16:06:00,mlx5_7,0.000,0.000,0.000,0.000
2025-12-03 16:06:00,mlx5_8,0.000,0.000,294.799,1033.673
2025-12-03 16:06:00,mlx5_9,0.000,0.000,0.000,0.000
2025-12-03 16:06:00,TOTAL,0.000,0.000,1166.375,4138.117
2025-12-03 16:06:01,mlx5_0,0.000,0.000,0.000,0.000
2025-12-03 16:06:01,mlx5_1,0.000,0.000,281.938,1028.909
2025-12-03 16:06:01,mlx5_2,0.000,0.000,0.000,0.000
2025-12-03 16:06:01,mlx5_3,0.000,0.000,295.055,1038.379
2025-12-03 16:06:01,mlx5_4,0.000,0.000,0.000,0.000
2025-12-03 16:06:01,mlx5_5,0.000,0.000,294.582,1037.156
2025-12-03 16:06:01,mlx5_6,0.000,0.000,0.000,0.000
2025-12-03 16:06:01,mlx5_7,0.000,0.000,0.000,0.000
2025-12-03 16:06:01,mlx5_8,0.000,0.000,294.799,1033.673
2025-12-03 16:06:01,mlx5_9,0.000,0.000,0.000,0.000
2025-12-03 16:06:01,TOTAL,0.000,0.000,1166.375,4138.117
2025-12-03 16:06:02,mlx5_0,0.000,0.000,0.000,0.000
2025-12-03 16:06:02,mlx5_1,0.000,0.000,281.938,1028.909
2025-12-03 16:06:02,mlx5_2,0.000,0.000,0.000,0.000
2025-12-03 16:06:02,mlx5_3,0.000,0.000,295.055,1038.379
2025-12-03 16:06:02,mlx5_4,0.000,0.000,0.000,0.000
2025-12-03 16:06:02,mlx5_5,0.000,0.000,294.582,1037.156
2025-12-03 16:06:02,mlx5_6,0.000,0.000,0.000,0.000
2025-12-03 16:06:02,mlx5_7,0.000,0.000,0.000,0.000
2025-12-03 16:06:02,mlx5_8,0.000,0.000,294.799,1033.673
2025-12-03 16:06:02,mlx5_9,0.000,0.000,0.000,0.000
2025-12-03 16:06:02,TOTAL,0.000,0.000,1166.375,4138.117
2025-12-03 16:06:03,mlx5_0,0.000,0.000,0.000,0.000
2025-12-03 16:06:03,mlx5_1,0.000,0.000,281.938,1028.909
2025-12-03 16:06:03,mlx5_2,0.000,0.000,0.000,0.000
2025-12-03 16:06:03,mlx5_3,0.000,0.000,295.055,1038.379
2025-12-03 16:06:03,mlx5_4,0.000,0.000,0.000,0.000
2025-12-03 16:06:03,mlx5_5,0.000,0.000,294.582,1037.156
2025-12-03 16:06:03,mlx5_6,0.000,0.000,0.000,0.000
2025-12-03 16:06:03,mlx5_7,0.000,0.000,0.000,0.000
2025-12-03 16:06:03,mlx5_8,0.000,0.000,294.799,1033.673
2025-12-03 16:06:03,mlx5_9,0.000,0.000,0.000,0.000
2025-12-03 16:06:03,TOTAL,0.000,0.000,1166.375,4138.117
2025-12-03 16:06:04,mlx5_0,0.000,0.000,0.000,0.000
2025-12-03 16:06:04,mlx5_1,0.000,0.000,281.938,1028.909
2025-12-03 16:06:04,mlx5_2,0.000,0.000,0.000,0.000
2025-12-03 16:06:04,mlx5_3,0.000,0.000,295.055,1038.379
2025-12-03 16:06:04,mlx5_4,0.000,0.000,0.000,0.000
2025-12-03 16:06:04,mlx5_5,0.000,0.000,294.582,1037.156
2025-12-03 16:06:04,mlx5_6,0.000,0.000,0.000,0.000
2025-12-03 16:06:04,mlx5_7,0.000,0.000,0.000,0.000
2025-12-03 16:06:04,mlx5_8,0.000,0.000,294.799,1033.673
2025-12-03 16:06:04,mlx5_9,0.000,0.000,0.000,0.000
2025-12-03 16:06:04,TOTAL,0.000,0.000,1166.375,4138.117
2025-12-03 16:06:05,mlx5_0,0.000,0.000,0.000,0.000
2025-12-03 16:06:05,mlx5_1,0.000,0.000,281.938,1028.909
2025-12-03 16:06:05,mlx5_2,0.000,0.000,0.000,0.000
2025-12-03 16:06:05,mlx5_3,0.000,0.000,295.055,1038.379
2025-12-03 16:06:05,mlx5_4,0.000,0.000,0.000,0.000
2025-12-03 16:06:05,mlx5_5,0.000,0.000,294.582,1037.156
2025-12-03 16:06:05,mlx5_6,0.000,0.000,0.000,0.000
2025-12-03 16:06:05,mlx5_7,0.000,0.000,0.000,0.000
2025-12-03 16:06:05,mlx5_8,0.000,0.000,294.799,1033.673
2025-12-03 16:06:05,mlx5_9,0.000,0.000,0.000,0.000
2025-12-03 16:06:05,TOTAL,0.000,0.000,1166.375,4138.117
2025-12-03 16:06:06,mlx5_0,0.000,0.000,0.000,0.000
2025-12-03 16:06:06,mlx5_1,0.000,0.000,281.938,1028.909
2025-12-03 16:06:06,mlx5_2,0.000,0.000,0.000,0.000
2025-12-03 16:06:06,mlx5_3,0.000,0.000,295.055,1038.379
2025-12-03 16:06:06,mlx5_4,0.000,0.000,0.000,0.000
2025-12-03 16:06:06,mlx5_5,0.000,0.000,294.582,1037.156
2025-12-03 16:06:06,mlx5_6,0.000,0.000,0.000,0.000
2025-12-03 16:06:06,mlx5_7,0.000,0.000,0.000,0.000
2025-12-03 16:06:06,mlx5_8,0.000,0.000,294.799,1033.673
2025-12-03 16:06:06,mlx5_9,0.000,0.000,0.000,0.000
2025-12-03 16:06:06,TOTAL,0.000,0.000,1166.375,4138.117
2025-12-03 16:06:07,mlx5_0,0.000,0.000,0.000,0.000
2025-12-03 16:06:07,mlx5_1,0.000,0.000,281.938,1028.909
2025-12-03 16:06:07,mlx5_2,0.000,0.000,0.000,0.000
2025-12-03 16:06:07,mlx5_3,0.000,0.000,295.055,1038.379
2025-12-03 16:06:07,mlx5_4,0.000,0.000,0.000,0.000
2025-12-03 16:06:07,mlx5_5,0.000,0.000,294.582,1037.156
2025-12-03 16:06:07,mlx5_6,0.000,0.000,0.000,0.000
2025-12-03 16:06:07,mlx5_7,0.000,0.000,0.000,0.000
2025-12-03 16:06:07,mlx5_8,0.000,0.000,294.799,1033.673
2025-12-03 16:06:07,mlx5_9,0.000,0.000,0.000,0.000
2025-12-03 16:06:07,TOTAL,0.000,0.000,1166.375,4138.117
2025-12-03 16:06:08,mlx5_0,0.000,0.000,0.000,0.000
2025-12-03 16:06:08,mlx5_1,0.000,0.000,281.938,1028.909
2025-12-03 16:06:08,mlx5_2,0.000,0.000,0.000,0.000
2025-12-03 16:06:08,mlx5_3,0.000,0.000,295.055,1038.379
2025-12-03 16:06:08,mlx5_4,0.000,0.000,0.000,0.000
2025-12-03 16:06:08,mlx5_5,0.000,0.000,294.582,1037.156
2025-12-03 16:06:08,mlx5_6,0.000,0.000,0.000,0.000
2025-12-03 16:06:08,mlx5_7,0.000,0.000,0.000,0.000
2025-12-03 16:06:08,mlx5_8,0.000,0.000,294.799,1033.673
2025-12-03 16:06:08,mlx5_9,0.000,0.000,0.000,0.000
2025-12-03 16:06:08,TOTAL,0.000,0.000,1166.375,4138.117
2025-12-03 16:06:09,mlx5_0,0.000,0.000,0.000,0.000
2025-12-03 16:06:09,mlx5_1,0.000,0.000,281.938,1028.909
2025-12-03 16:06:09,mlx5_2,0.000,0.000,0.000,0.000
2025-12-03 16:06:09,mlx5_3,0.000,0.000,295.055,1038.379
2025-12-03 16:06:09,mlx5_4,0.000,0.000,0.000,0.000
2025-12-03 16:06:09,mlx5_5,0.000,0.000,294.582,1037.156
2025-12-03 16:06:09,mlx5_6,0.000,0.000,0.000,0.000
2025-12-03 16:06:09,mlx5_7,0.000,0.000,0.000,0.000
2025-12-03 16:06:09,mlx5_8,0.000,0.000,294.799,1033.673
2025-12-03 16:06:09,mlx5_9,0.000,0.000,0.000,0.000
2025-12-03 16:06:09,TOTAL,0.000,0.000,1166.375,4138.117
2025-12-03 16:06:10,mlx5_0,0.000,0.000,0.000,0.000
2025-12-03 16:06:10,mlx5_1,0.000,0.000,281.938,1028.909
2025-12-03 16:06:10,mlx5_2,0.000,0.000,0.000,0.000
2025-12-03 16:06:10,mlx5_3,0.000,0.000,295.055,1038.379
2025-12-03 16:06:10,mlx5_4,0.000,0.000,0.000,0.000
2025-12-03 16:06:10,mlx5_5,0.000,0.000,294.582,1037.156
2025-12-03 16:06:10,mlx5_6,0.000,0.000,0.000,0.000
2025-12-03 16:06:10,mlx5_7,0.000,0.000,0.000,0.000
2025-12-03 16:06:10,mlx5_8,0.000,0.000,294.799,1033.673
2025-12-03 16:06:10,mlx5_9,0.000,0.000,0.000,0.000
2025-12-03 16:06:10,TOTAL,0.000,0.000,1166.375,4138.117
2025-12-03 16:06:11,mlx5_0,0.000,0.000,0.000,0.000
2025-12-03 16:06:11,mlx5_1,0.000,0.000,281.938,1028.909
2025-12-03 16:06:11,mlx5_2,0.000,0.000,0.000,0.000
2025-12-03 16:06:11,mlx5_3,0.000,0.000,295.055,1038.379
2025-12-03 16:06:11,mlx5_4,0.000,0.000,0.000,0.000
2025-12-03 16:06:11,mlx5_5,0.000,0.000,294.582,1037.156
2025-12-03 16:06:11,mlx5_6,0.000,0.000,0.000,0.000
2025-12-03 16:06:11,mlx5_7,0.000,0.000,0.000,0.000
2025-12-03 16:06:11,mlx5_8,0.000,0.000,294.799,1033.673
2025-12-03 16:06:11,mlx5_9,0.000,0.000,0.000,0.000
2025-12-03 16:06:11,TOTAL,0.000,0.000,1166.375,4138.117
2025-12-03 16:06:12,mlx5_0,0.000,0.000,0.000,0.000
2025-12-03 16:06:12,mlx5_1,0.000,0.000,281.938,1028.909
2025-12-03 16:06:12,mlx5_2,0.000,0.000,0.000,0.000
2025-12-03 16:06:12,mlx5_3,0.000,0.000,295.055,1038.379
2025-12-03 16:06:12,mlx5_4,0.000,0.000,0.000,0.000
2025-12-03 16:06:12,mlx5_5,0.000,0.000,294.582,1037.156
2025-12-03 16:06:12,mlx5_6,0.000,0.000,0.000,0.000
2025-12-03 16:06:12,mlx5_7,0.000,0.000,0.000,0.000
2025-12-03 16:06:12,mlx5_8,0.000,0.000,294.799,1033.673
2025-12-03 16:06:12,mlx5_9,0.000,0.000,0.000,0.000
2025-12-03 16:06:12,TOTAL,0.000,0.000,1166.375,4138.117
2025-12-03 16:06:13,mlx5_0,0.000,0.000,0.000,0.000
2025-12-03 16:06:13,mlx5_1,0.000,0.000,281.938,1028.909
2025-12-03 16:06:13,mlx5_2,0.000,0.000,0.000,0.000
2025-12-03 16:06:13,mlx5_3,0.000,0.000,295.055,1038.379
2025-12-03 16:06:13,mlx5_4,0.000,0.000,0.000,0.000
2025-12-03 16:06:13,mlx5_5,0.000,0.000,294.582,1037.156
2025-12-03 16:06:13,mlx5_6,0.000,0.000,0.000,0.000
2025-12-03 16:06:13,mlx5_7,0.000,0.000,0.000,0.000
2025-12-03 16:06:13,mlx5_8,0.000,0.000,294.799,1033.673
2025-12-03 16:06:13,mlx5_9,0.000,0.000,0.000,0.000
2025-12-03 16:06:13,TOTAL,0.000,0.000,1166.375,4138.117
2025-12-03 16:06:14,mlx5_0,0.000,0.000,0.000,0.000
2025-12-03 16:06:14,mlx5_1,0.000,0.000,281.938,1028.909
2025-12-03 16:06:14,mlx5_2,0.000,0.000,0.000,0.000
2025-12-03 16:06:14,mlx5_3,0.000,0.000,295.055,1038.379
2025-12-03 16:06:14,mlx5_4,0.000,0.000,0.000,0.000
2025-12-03 16:06:14,mlx5_5,0.000,0.000,294.582,1037.156
2025-12-03 16:06:14,mlx5_6,0.000,0.000,0.000,0.000
2025-12-03 16:06:14,mlx5_7,0.000,0.000,0.000,0.000
2025-12-03 16:06:14,mlx5_8,0.000,0.000,294.799,1033.673
2025-12-03 16:06:14,mlx5_9,0.000,0.000,0.000,0.000
2025-12-03 16:06:14,TOTAL,0.000,0.000,1166.375,4138.117
2025-12-03 16:06:15,mlx5_0,0.000,0.000,0.000,0.000
2025-12-03 16:06:15,mlx5_1,0.000,0.000,281.938,1028.909
2025-12-03 16:06:15,mlx5_2,0.000,0.000,0.000,0.000
2025-12-03 16:06:15,mlx5_3,0.000,0.000,295.055,1038.379
2025-12-03 16:06:15,mlx5_4,0.000,0.000,0.000,0.000
2025-12-03 16:06:15,mlx5_5,0.000,0.000,294.582,1037.156
2025-12-03 16:06:15,mlx5_6,0.000,0.000,0.000,0.000
2025-12-03 16:06:15,mlx5_7,0.000,0.000,0.000,0.000
2025-12-03 16:06:15,mlx5_8,0.000,0.000,294.799,1033.673
2025-12-03 16:06:15,mlx5_9,0.000,0.000,0.000,0.000
2025-12-03 16:06:15,TOTAL,0.000,0.000,1166.375,4138.117
2025-12-03 16:06:16,mlx5_0,0.000,0.000,0.000,0.000
2025-12-03 16:06:16,mlx5_1,0.000,0.000,281.938,1028.909
2025-12-03 16:06:16,mlx5_2,0.000,0.000,0.000,0.000
2025-12-03 16:06:16,mlx5_3,0.000,0.000,295.055,1038.379
2025-12-03 16:06:16,mlx5_4,0.000,0.000,0.000,0.000
2025-12-03 16:06:16,mlx5_5,0.000,0.000,294.582,1037.156
2025-12-03 16:06:16,mlx5_6,0.000,0.000,0.000,0.000
2025-12-03 16:06:16,mlx5_7,0.000,0.000,0.000,0.000
2025-12-03 16:06:16,mlx5_8,0.000,0.000,294.799,1033.673
2025-12-03 16:06:16,mlx5_9,0.000,0.000,0.000,0.000
2025-12-03 16:06:16,TOTAL,0.000,0.000,1166.375,4138.117
2025-12-03 16:06:17,mlx5_0,0.000,0.000,0.000,0.000
2025-12-03 16:06:17,mlx5_1,0.000,0.000,281.938,1028.909
2025-12-03 16:06:17,mlx5_2,0.000,0.000,0.000,0.000
2025-12-03 16:06:17,mlx5_3,0.000,0.000,295.055,1038.379
2025-12-03 16:06:17,mlx5_4,0.000,0.000,0.000,0.000
2025-12-03 16:06:17,mlx5_5,0.000,0.000,294.582,1037.156
2025-12-03 16:06:17,mlx5_6,0.000,0.000,0.000,0.000
2025-12-03 16:06:17,mlx5_7,0.000,0.000,0.000,0.000
2025-12-03 16:06:17,mlx5_8,0.000,0.000,294.799,1033.673
2025-12-03 16:06:17,mlx5_9,0.000,0.000,0.000,0.000
2025-12-03 16:06:17,TOTAL,0.000,0.000,1166.375,4138.117
2025-12-03 16:06:18,mlx5_0,0.000,0.000,0.000,0.000
2025-12-03 16:06:18,mlx5_1,0.000,0.000,281.938,1028.909
2025-12-03 16:06:18,mlx5_2,0.000,0.000,0.000,0.000
2025-12-03 16:06:18,mlx5_3,0.000,0.000,295.055,1038.379
2025-12-03 16:06:18,mlx5_4,0.000,0.000,0.000,0.000
2025-12-03 16:06:18,mlx5_5,0.000,0.000,294.582,1037.156
2025-12-03 16:06:18,mlx5_6,0.000,0.000,0.000,0.000
2025-12-03 16:06:18,mlx5_7,0.000,0.000,0.000,0.000
2025-12-03 16:06:18,mlx5_8,0.000,0.000,294.799,1033.673
2025-12-03 16:06:18,mlx5_9,0.000,0.000,0.000,0.000
2025-12-03 16:06:18,TOTAL,0.000,0.000,1166.375,4138.117
2025-12-03 16:06:19,mlx5_0,0.000,0.000,0.000,0.000
2025-12-03 16:06:19,mlx5_1,0.000,0.000,281.938,1028.909
2025-12-03 16:06:19,mlx5_2,0.000,0.000,0.000,0.000
2025-12-03 16:06:19,mlx5_3,0.000,0.000,295.055,1038.379
2025-12-03 16:06:19,mlx5_4,0.000,0.000,0.000,0.000
2025-12-03 16:06:19,mlx5_5,0.000,0.000,294.582,1037.156
2025-12-03 16:06:19,mlx5_6,0.000,0.000,0.000,0.000
2025-12-03 16:06:19,mlx5_7,0.000,0.000,0.000,0.000
2025-12-03 16:06:19,mlx5_8,0.000,0.000,294.799,1033.673
2025-12-03 16:06:19,mlx5_9,0.000,0.000,0.000,0.000
2025-12-03 16:06:19,TOTAL,0.000,0.000,1166.375,4138.117
2025-12-03 16:06:20,mlx5_0,0.000,0.000,0.000,0.000
2025-12-03 16:06:20,mlx5_1,0.060,22.813,281.945,1031.774
2025-12-03 16:06:20,mlx5_2,0.000,0.000,0.000,0.000
2025-12-03 16:06:20,mlx5_3,0.067,28.708,295.064,1041.985
2025-12-03 16:06:20,mlx5_4,0.000,0.000,0.000,0.000
2025-12-03 16:06:20,mlx5_5,0.076,28.940,294.592,1040.791
2025-12-03 16:06:20,mlx5_6,0.000,0.000,0.000,0.000
2025-12-03 16:06:20,mlx5_7,0.000,0.000,0.000,0.000
2025-12-03 16:06:20,mlx5_8,0.088,28.905,294.811,1037.303
2025-12-03 16:06:20,mlx5_9,0.000,0.000,0.000,0.000
2025-12-03 16:06:20,TOTAL,0.292,109.366,1166.411,4151.853
2025-12-03 16:06:21,mlx5_0,0.000,0.000,0.000,0.000
2025-12-03 16:06:21,mlx5_1,0.365,148.755,281.991,1050.473
2025-12-03 16:06:21,mlx5_2,0.000,0.000,0.000,0.000
2025-12-03 16:06:21,mlx5_3,0.377,171.560,295.111,1063.551
2025-12-03 16:06:21,mlx5_4,0.000,0.000,0.000,0.000
2025-12-03 16:06:21,mlx5_5,0.382,170.731,294.640,1062.253
2025-12-03 16:06:21,mlx5_6,0.000,0.000,0.000,0.000
2025-12-03 16:06:21,mlx5_7,0.000,0.000,0.000,0.000
2025-12-03 16:06:21,mlx5_8,0.488,169.775,294.872,1058.645
2025-12-03 16:06:21,mlx5_9,0.000,0.000,0.000,0.000
2025-12-03 16:06:21,TOTAL,1.612,660.821,1166.614,4234.921
2025-12-03 16:06:22,mlx5_0,0.000,0.000,0.000,0.000
2025-12-03 16:06:22,mlx5_1,0.514,166.573,282.056,1071.416
2025-12-03 16:06:22,mlx5_2,0.000,0.000,0.000,0.000
2025-12-03 16:06:22,mlx5_3,0.387,163.821,295.160,1084.148
2025-12-03 16:06:22,mlx5_4,0.000,0.000,0.000,0.000
2025-12-03 16:06:22,mlx5_5,0.393,164.116,294.689,1082.887
2025-12-03 16:06:22,mlx5_6,0.000,0.000,0.000,0.000
2025-12-03 16:06:22,mlx5_7,0.000,0.000,0.000,0.000
2025-12-03 16:06:22,mlx5_8,0.463,163.252,294.930,1079.170
2025-12-03 16:06:22,mlx5_9,0.000,0.000,0.000,0.000
2025-12-03 16:06:22,TOTAL,1.757,657.762,1166.835,4317.620
2025-12-03 16:06:23,mlx5_0,0.000,0.000,0.000,0.000
2025-12-03 16:06:23,mlx5_1,0.649,195.203,282.137,1095.959
2025-12-03 16:06:23,mlx5_2,0.000,0.000,0.000,0.000
2025-12-03 16:06:23,mlx5_3,0.497,192.757,295.222,1108.383
2025-12-03 16:06:23,mlx5_4,0.000,0.000,0.000,0.000
2025-12-03 16:06:23,mlx5_5,0.496,192.226,294.752,1107.055
2025-12-03 16:06:23,mlx5_6,0.000,0.000,0.000,0.000
2025-12-03 16:06:23,mlx5_7,0.000,0.000,0.000,0.000
2025-12-03 16:06:23,mlx5_8,0.604,191.834,295.006,1103.290
2025-12-03 16:06:23,mlx5_9,0.000,0.000,0.000,0.000
2025-12-03 16:06:23,TOTAL,2.246,772.021,1167.117,4414.687
2025-12-03 16:06:24,mlx5_0,0.000,0.000,0.000,0.000
2025-12-03 16:06:24,mlx5_1,0.212,67.760,282.164,1104.479
2025-12-03 16:06:24,mlx5_2,0.000,0.000,0.000,0.000
2025-12-03 16:06:24,mlx5_3,0.173,67.233,295.244,1116.837
2025-12-03 16:06:24,mlx5_4,0.000,0.000,0.000,0.000
2025-12-03 16:06:24,mlx5_5,0.159,67.087,294.772,1115.491
2025-12-03 16:06:24,mlx5_6,0.000,0.000,0.000,0.000
2025-12-03 16:06:24,mlx5_7,0.000,0.000,0.000,0.000
2025-12-03 16:06:24,mlx5_8,0.191,66.426,295.030,1111.642
2025-12-03 16:06:24,mlx5_9,0.000,0.000,0.000,0.000
2025-12-03 16:06:24,TOTAL,0.736,268.506,1167.210,4448.450
2025-12-03 16:06:25,mlx5_0,0.000,0.000,0.000,0.000
2025-12-03 16:06:25,mlx5_1,0.006,2.899,282.165,1104.844
2025-12-03 16:06:25,mlx5_2,0.000,0.000,0.000,0.000
2025-12-03 16:06:25,mlx5_3,0.005,2.880,295.245,1117.199
2025-12-03 16:06:25,mlx5_4,0.000,0.000,0.000,0.000
2025-12-03 16:06:25,mlx5_5,0.005,2.684,294.772,1115.829
2025-12-03 16:06:25,mlx5_6,0.000,0.000,0.000,0.000
2025-12-03 16:06:25,mlx5_7,0.000,0.000,0.000,0.000
2025-12-03 16:06:25,mlx5_8,0.005,2.674,295.031,1111.978
2025-12-03 16:06:25,mlx5_9,0.000,0.000,0.000,0.000
2025-12-03 16:06:25,TOTAL,0.021,11.137,1167.213,4449.850
2025-12-03 16:06:26,mlx5_0,0.000,0.000,0.000,0.000
2025-12-03 16:06:26,mlx5_1,0.000,0.000,282.165,1104.844
2025-12-03 16:06:26,mlx5_2,0.000,0.000,0.000,0.000
2025-12-03 16:06:26,mlx5_3,0.000,0.000,295.245,1117.199
2025-12-03 16:06:26,mlx5_4,0.000,0.000,0.000,0.000
2025-12-03 16:06:26,mlx5_5,0.000,0.000,294.772,1115.829
2025-12-03 16:06:26,mlx5_6,0.000,0.000,0.000,0.000
2025-12-03 16:06:26,mlx5_7,0.000,0.000,0.000,0.000
2025-12-03 16:06:26,mlx5_8,0.000,0.000,295.031,1111.978
2025-12-03 16:06:26,mlx5_9,0.000,0.000,0.000,0.000
2025-12-03 16:06:26,TOTAL,0.000,0.000,1167.213,4449.850
2025-12-03 16:06:27,mlx5_0,0.000,0.000,0.000,0.000
2025-12-03 16:06:27,mlx5_1,0.000,0.000,282.165,1104.844
2025-12-03 16:06:27,mlx5_2,0.000,0.000,0.000,0.000
2025-12-03 16:06:27,mlx5_3,0.000,0.000,295.245,1117.199
2025-12-03 16:06:27,mlx5_4,0.000,0.000,0.000,0.000
2025-12-03 16:06:27,mlx5_5,0.000,0.000,294.772,1115.829
2025-12-03 16:06:27,mlx5_6,0.000,0.000,0.000,0.000
2025-12-03 16:06:27,mlx5_7,0.000,0.000,0.000,0.000
2025-12-03 16:06:27,mlx5_8,0.000,0.000,295.031,1111.978
2025-12-03 16:06:27,mlx5_9,0.000,0.000,0.000,0.000
2025-12-03 16:06:27,TOTAL,0.000,0.000,1167.213,4449.850
2025-12-03 16:06:28,mlx5_0,0.000,0.000,0.000,0.000
2025-12-03 16:06:28,mlx5_1,0.286,99.419,282.201,1117.324
2025-12-03 16:06:28,mlx5_2,0.000,0.000,0.000,0.000
2025-12-03 16:06:28,mlx5_3,0.255,102.938,295.277,1130.121
2025-12-03 16:06:28,mlx5_4,0.000,0.000,0.000,0.000
2025-12-03 16:06:28,mlx5_5,0.245,102.397,294.803,1128.682
2025-12-03 16:06:28,mlx5_6,0.000,0.000,0.000,0.000
2025-12-03 16:06:28,mlx5_7,0.000,0.000,0.000,0.000
2025-12-03 16:06:28,mlx5_8,0.301,102.135,295.069,1124.799
2025-12-03 16:06:28,mlx5_9,0.000,0.000,0.000,0.000
2025-12-03 16:06:28,TOTAL,1.087,406.890,1167.349,4500.926
2025-12-03 16:06:29,mlx5_0,0.000,0.000,0.000,0.000
2025-12-03 16:06:29,mlx5_1,0.460,156.445,282.259,1136.995
2025-12-03 16:06:29,mlx5_2,0.000,0.000,0.000,0.000
2025-12-03 16:06:29,mlx5_3,0.396,161.522,295.326,1150.431
2025-12-03 16:06:29,mlx5_4,0.000,0.000,0.000,0.000
2025-12-03 16:06:29,mlx5_5,0.409,161.989,294.854,1149.051
2025-12-03 16:06:29,mlx5_6,0.000,0.000,0.000,0.000
2025-12-03 16:06:29,mlx5_7,0.000,0.000,0.000,0.000
2025-12-03 16:06:29,mlx5_8,0.484,160.687,295.129,1145.004
2025-12-03 16:06:29,mlx5_9,0.000,0.000,0.000,0.000
2025-12-03 16:06:29,TOTAL,1.748,640.642,1167.569,4581.482
2025-12-03 16:06:31,mlx5_0,0.000,0.000,0.000,0.000
2025-12-03 16:06:31,mlx5_1,0.382,135.110,282.307,1153.982
2025-12-03 16:06:31,mlx5_2,0.000,0.000,0.000,0.000
2025-12-03 16:06:31,mlx5_3,0.325,139.380,295.367,1167.955
2025-12-03 16:06:31,mlx5_4,0.000,0.000,0.000,0.000
2025-12-03 16:06:31,mlx5_5,0.339,139.311,294.897,1166.566
2025-12-03 16:06:31,mlx5_6,0.000,0.000,0.000,0.000
2025-12-03 16:06:31,mlx5_7,0.000,0.000,0.000,0.000
2025-12-03 16:06:31,mlx5_8,0.390,138.897,295.178,1162.467
2025-12-03 16:06:31,mlx5_9,0.000,0.000,0.000,0.000
2025-12-03 16:06:31,TOTAL,1.436,552.698,1167.749,4650.971
2025-12-03 16:06:32,mlx5_0,0.000,0.000,0.000,0.000
2025-12-03 16:06:32,mlx5_1,0.000,0.000,282.307,1153.982
2025-12-03 16:06:32,mlx5_2,0.000,0.000,0.000,0.000
2025-12-03 16:06:32,mlx5_3,0.000,0.000,295.367,1167.955
2025-12-03 16:06:32,mlx5_4,0.000,0.000,0.000,0.000
2025-12-03 16:06:32,mlx5_5,0.000,0.000,294.897,1166.566
2025-12-03 16:06:32,mlx5_6,0.000,0.000,0.000,0.000
2025-12-03 16:06:32,mlx5_7,0.000,0.000,0.000,0.000
2025-12-03 16:06:32,mlx5_8,0.000,0.000,295.178,1162.467
2025-12-03 16:06:32,mlx5_9,0.000,0.000,0.000,0.000
2025-12-03 16:06:32,TOTAL,0.000,0.000,1167.749,4650.971
2025-12-03 16:06:33,mlx5_0,0.000,0.000,0.000,0.000
2025-12-03 16:06:33,mlx5_1,0.000,0.000,282.307,1153.982
2025-12-03 16:06:33,mlx5_2,0.000,0.000,0.000,0.000
2025-12-03 16:06:33,mlx5_3,0.000,0.000,295.367,1167.955
2025-12-03 16:06:33,mlx5_4,0.000,0.000,0.000,0.000
2025-12-03 16:06:33,mlx5_5,0.000,0.000,294.897,1166.566
2025-12-03 16:06:33,mlx5_6,0.000,0.000,0.000,0.000
2025-12-03 16:06:33,mlx5_7,0.000,0.000,0.000,0.000
2025-12-03 16:06:33,mlx5_8,0.000,0.000,295.178,1162.467
2025-12-03 16:06:33,mlx5_9,0.000,0.000,0.000,0.000
2025-12-03 16:06:33,TOTAL,0.000,0.000,1167.749,4650.971
2025-12-03 16:06:34,mlx5_0,0.000,0.000,0.000,0.000
2025-12-03 16:06:34,mlx5_1,0.000,0.000,282.307,1153.982
2025-12-03 16:06:34,mlx5_2,0.000,0.000,0.000,0.000
2025-12-03 16:06:34,mlx5_3,0.000,0.000,295.367,1167.955
2025-12-03 16:06:34,mlx5_4,0.000,0.000,0.000,0.000
2025-12-03 16:06:34,mlx5_5,0.000,0.000,294.897,1166.566
2025-12-03 16:06:34,mlx5_6,0.000,0.000,0.000,0.000
2025-12-03 16:06:34,mlx5_7,0.000,0.000,0.000,0.000
2025-12-03 16:06:34,mlx5_8,0.000,0.000,295.178,1162.467
2025-12-03 16:06:34,mlx5_9,0.000,0.000,0.000,0.000
2025-12-03 16:06:34,TOTAL,0.000,0.000,1167.749,4650.971
2025-12-03 16:06:35,mlx5_0,0.000,0.000,0.000,0.000
2025-12-03 16:06:35,mlx5_1,0.000,0.000,282.307,1153.982
2025-12-03 16:06:35,mlx5_2,0.000,0.000,0.000,0.000
2025-12-03 16:06:35,mlx5_3,0.000,0.000,295.367,1167.955
2025-12-03 16:06:35,mlx5_4,0.000,0.000,0.000,0.000
2025-12-03 16:06:35,mlx5_5,0.000,0.000,294.897,1166.566
2025-12-03 16:06:35,mlx5_6,0.000,0.000,0.000,0.000
2025-12-03 16:06:35,mlx5_7,0.000,0.000,0.000,0.000
2025-12-03 16:06:35,mlx5_8,0.000,0.000,295.178,1162.467
2025-12-03 16:06:35,mlx5_9,0.000,0.000,0.000,0.000
2025-12-03 16:06:35,TOTAL,0.000,0.000,1167.749,4650.971
2025-12-03 16:06:36,mlx5_0,0.000,0.000,0.000,0.000
2025-12-03 16:06:36,mlx5_1,0.000,0.000,282.307,1153.982
2025-12-03 16:06:36,mlx5_2,0.000,0.000,0.000,0.000
2025-12-03 16:06:36,mlx5_3,0.000,0.000,295.367,1167.955
2025-12-03 16:06:36,mlx5_4,0.000,0.000,0.000,0.000
2025-12-03 16:06:36,mlx5_5,0.000,0.000,294.897,1166.566
2025-12-03 16:06:36,mlx5_6,0.000,0.000,0.000,0.000
2025-12-03 16:06:36,mlx5_7,0.000,0.000,0.000,0.000
2025-12-03 16:06:36,mlx5_8,0.000,0.000,295.178,1162.467
2025-12-03 16:06:36,mlx5_9,0.000,0.000,0.000,0.000
2025-12-03 16:06:36,TOTAL,0.000,0.000,1167.749,4650.971
