timestamp,device,tx_gbps,rx_gbps,tx_total_gb,rx_total_gb
2025-11-15 05:32:14,mlx5_0,0.000,0.000,0.000,0.000
2025-11-15 05:32:14,mlx5_1,0.002,0.000,0.001,0.000
2025-11-15 05:32:14,mlx5_2,0.001,0.000,0.000,0.000
2025-11-15 05:32:14,mlx5_3,0.000,0.000,0.000,0.000
2025-11-15 05:32:14,mlx5_4,0.000,0.000,0.000,0.000
2025-11-15 05:32:14,mlx5_5,0.000,0.000,0.000,0.000
2025-11-15 05:32:14,mlx5_6,0.000,0.000,0.000,0.000
2025-11-15 05:32:14,mlx5_7,0.000,0.000,0.000,0.000
2025-11-15 05:32:14,mlx5_8,0.000,0.000,0.000,0.000
2025-11-15 05:32:14,mlx5_9,0.000,0.000,0.000,0.000
2025-11-15 05:32:14,TOTAL,0.003,0.000,0.001,0.000
2025-11-15 05:32:15,mlx5_0,0.000,0.000,0.000,0.000
2025-11-15 05:32:15,mlx5_1,0.000,0.000,0.001,0.000
2025-11-15 05:32:15,mlx5_2,0.000,0.000,0.000,0.000
2025-11-15 05:32:15,mlx5_3,0.000,0.000,0.000,0.000
2025-11-15 05:32:15,mlx5_4,0.000,0.000,0.000,0.000
2025-11-15 05:32:15,mlx5_5,0.000,0.000,0.000,0.000
2025-11-15 05:32:15,mlx5_6,0.000,0.000,0.000,0.000
2025-11-15 05:32:15,mlx5_7,0.000,0.000,0.000,0.000
2025-11-15 05:32:15,mlx5_8,0.000,0.000,0.000,0.000
2025-11-15 05:32:15,mlx5_9,0.000,0.000,0.000,0.000
2025-11-15 05:32:15,TOTAL,0.000,0.000,0.001,0.000
2025-11-15 05:32:16,mlx5_0,0.000,0.000,0.000,0.000
2025-11-15 05:32:16,mlx5_1,0.000,0.000,0.001,0.000
2025-11-15 05:32:16,mlx5_2,0.000,0.000,0.000,0.000
2025-11-15 05:32:16,mlx5_3,0.000,0.000,0.000,0.000
2025-11-15 05:32:16,mlx5_4,0.000,0.000,0.000,0.000
2025-11-15 05:32:16,mlx5_5,0.000,0.000,0.000,0.000
2025-11-15 05:32:16,mlx5_6,0.000,0.000,0.000,0.000
2025-11-15 05:32:16,mlx5_7,0.000,0.000,0.000,0.000
2025-11-15 05:32:16,mlx5_8,0.000,0.000,0.000,0.000
2025-11-15 05:32:16,mlx5_9,0.000,0.000,0.000,0.000
2025-11-15 05:32:16,TOTAL,0.000,0.000,0.001,0.000
2025-11-15 05:32:17,mlx5_0,0.000,0.000,0.000,0.000
2025-11-15 05:32:17,mlx5_1,0.000,0.000,0.001,0.000
2025-11-15 05:32:17,mlx5_2,0.000,0.000,0.000,0.000
2025-11-15 05:32:17,mlx5_3,0.000,0.000,0.000,0.000
2025-11-15 05:32:17,mlx5_4,0.000,0.000,0.000,0.000
2025-11-15 05:32:17,mlx5_5,0.000,0.000,0.000,0.000
2025-11-15 05:32:17,mlx5_6,0.000,0.000,0.000,0.000
2025-11-15 05:32:17,mlx5_7,0.000,0.000,0.000,0.000
2025-11-15 05:32:17,mlx5_8,0.000,0.000,0.000,0.000
2025-11-15 05:32:17,mlx5_9,0.000,0.000,0.000,0.000
2025-11-15 05:32:17,TOTAL,0.000,0.000,0.001,0.000
2025-11-15 05:32:18,mlx5_0,0.000,0.000,0.000,0.000
2025-11-15 05:32:18,mlx5_1,0.000,0.000,0.001,0.000
2025-11-15 05:32:18,mlx5_2,0.000,0.000,0.000,0.000
2025-11-15 05:32:18,mlx5_3,0.000,0.000,0.000,0.000
2025-11-15 05:32:18,mlx5_4,0.000,0.000,0.000,0.000
2025-11-15 05:32:18,mlx5_5,0.000,0.000,0.000,0.000
2025-11-15 05:32:18,mlx5_6,0.000,0.000,0.000,0.000
2025-11-15 05:32:18,mlx5_7,0.000,0.000,0.000,0.000
2025-11-15 05:32:18,mlx5_8,0.000,0.000,0.000,0.000
2025-11-15 05:32:18,mlx5_9,0.000,0.000,0.000,0.000
2025-11-15 05:32:18,TOTAL,0.000,0.000,0.001,0.000
2025-11-15 05:32:19,mlx5_0,0.000,0.000,0.000,0.000
2025-11-15 05:32:19,mlx5_1,0.000,0.000,0.001,0.000
2025-11-15 05:32:19,mlx5_2,0.000,0.000,0.000,0.000
2025-11-15 05:32:19,mlx5_3,0.000,0.000,0.000,0.000
2025-11-15 05:32:19,mlx5_4,0.000,0.000,0.000,0.000
2025-11-15 05:32:19,mlx5_5,0.000,0.000,0.000,0.000
2025-11-15 05:32:19,mlx5_6,0.000,0.000,0.000,0.000
2025-11-15 05:32:19,mlx5_7,0.000,0.000,0.000,0.000
2025-11-15 05:32:19,mlx5_8,0.000,0.000,0.000,0.000
2025-11-15 05:32:19,mlx5_9,0.000,0.000,0.000,0.000
2025-11-15 05:32:19,TOTAL,0.000,0.000,0.001,0.000
2025-11-15 05:32:20,mlx5_0,0.000,0.000,0.000,0.000
2025-11-15 05:32:20,mlx5_1,0.000,0.000,0.001,0.000
2025-11-15 05:32:20,mlx5_2,0.000,0.000,0.000,0.000
2025-11-15 05:32:20,mlx5_3,0.000,0.000,0.000,0.000
2025-11-15 05:32:20,mlx5_4,0.000,0.000,0.000,0.000
2025-11-15 05:32:20,mlx5_5,0.000,0.000,0.000,0.000
2025-11-15 05:32:20,mlx5_6,0.000,0.000,0.000,0.000
2025-11-15 05:32:20,mlx5_7,0.000,0.000,0.000,0.000
2025-11-15 05:32:20,mlx5_8,0.000,0.000,0.000,0.000
2025-11-15 05:32:20,mlx5_9,0.000,0.000,0.000,0.000
2025-11-15 05:32:20,TOTAL,0.000,0.000,0.001,0.000
2025-11-15 05:32:21,mlx5_0,0.000,0.000,0.000,0.000
2025-11-15 05:32:21,mlx5_1,0.000,0.000,0.001,0.000
2025-11-15 05:32:21,mlx5_2,0.000,0.000,0.000,0.000
2025-11-15 05:32:21,mlx5_3,0.000,0.000,0.000,0.000
2025-11-15 05:32:21,mlx5_4,0.000,0.000,0.000,0.000
2025-11-15 05:32:21,mlx5_5,0.000,0.000,0.000,0.000
2025-11-15 05:32:21,mlx5_6,0.000,0.000,0.000,0.000
2025-11-15 05:32:21,mlx5_7,0.000,0.000,0.000,0.000
2025-11-15 05:32:21,mlx5_8,0.000,0.000,0.000,0.000
2025-11-15 05:32:21,mlx5_9,0.000,0.000,0.000,0.000
2025-11-15 05:32:21,TOTAL,0.000,0.000,0.001,0.000
2025-11-15 05:32:22,mlx5_0,0.000,0.000,0.000,0.000
2025-11-15 05:32:22,mlx5_1,0.000,0.000,0.001,0.000
2025-11-15 05:32:22,mlx5_2,0.000,0.000,0.000,0.000
2025-11-15 05:32:22,mlx5_3,0.000,0.000,0.000,0.000
2025-11-15 05:32:22,mlx5_4,0.000,0.000,0.000,0.000
2025-11-15 05:32:22,mlx5_5,0.000,0.000,0.000,0.000
2025-11-15 05:32:22,mlx5_6,0.000,0.000,0.000,0.000
2025-11-15 05:32:22,mlx5_7,0.000,0.000,0.000,0.000
2025-11-15 05:32:22,mlx5_8,0.000,0.000,0.000,0.000
2025-11-15 05:32:22,mlx5_9,0.000,0.000,0.000,0.000
2025-11-15 05:32:22,TOTAL,0.000,0.000,0.001,0.000
2025-11-15 05:32:23,mlx5_0,0.000,0.000,0.000,0.000
2025-11-15 05:32:23,mlx5_1,0.000,0.000,0.001,0.000
2025-11-15 05:32:23,mlx5_2,0.000,0.000,0.000,0.000
2025-11-15 05:32:23,mlx5_3,0.000,0.000,0.000,0.000
2025-11-15 05:32:23,mlx5_4,0.000,0.000,0.000,0.000
2025-11-15 05:32:23,mlx5_5,0.000,0.000,0.000,0.000
2025-11-15 05:32:23,mlx5_6,0.000,0.000,0.000,0.000
2025-11-15 05:32:23,mlx5_7,0.000,0.000,0.000,0.000
2025-11-15 05:32:23,mlx5_8,0.000,0.000,0.000,0.000
2025-11-15 05:32:23,mlx5_9,0.000,0.000,0.000,0.000
2025-11-15 05:32:23,TOTAL,0.000,0.000,0.001,0.000
2025-11-15 05:32:24,mlx5_0,0.000,0.000,0.000,0.000
2025-11-15 05:32:24,mlx5_1,0.000,0.000,0.001,0.000
2025-11-15 05:32:24,mlx5_2,0.000,0.000,0.000,0.000
2025-11-15 05:32:24,mlx5_3,0.000,0.000,0.000,0.000
2025-11-15 05:32:24,mlx5_4,0.000,0.000,0.000,0.000
2025-11-15 05:32:24,mlx5_5,0.000,0.000,0.000,0.000
2025-11-15 05:32:24,mlx5_6,0.000,0.000,0.000,0.000
2025-11-15 05:32:24,mlx5_7,0.000,0.000,0.000,0.000
2025-11-15 05:32:24,mlx5_8,0.000,0.000,0.000,0.000
2025-11-15 05:32:24,mlx5_9,0.000,0.000,0.000,0.000
2025-11-15 05:32:24,TOTAL,0.000,0.000,0.001,0.000
2025-11-15 05:32:25,mlx5_0,0.000,0.000,0.000,0.000
2025-11-15 05:32:25,mlx5_1,0.000,0.000,0.001,0.000
2025-11-15 05:32:25,mlx5_2,0.000,0.000,0.000,0.000
2025-11-15 05:32:25,mlx5_3,0.000,0.000,0.000,0.000
2025-11-15 05:32:25,mlx5_4,0.000,0.000,0.000,0.000
2025-11-15 05:32:25,mlx5_5,0.000,0.000,0.000,0.000
2025-11-15 05:32:25,mlx5_6,0.000,0.000,0.000,0.000
2025-11-15 05:32:25,mlx5_7,0.000,0.000,0.000,0.000
2025-11-15 05:32:25,mlx5_8,0.000,0.000,0.000,0.000
2025-11-15 05:32:25,mlx5_9,0.000,0.000,0.000,0.000
2025-11-15 05:32:25,TOTAL,0.000,0.000,0.001,0.000
2025-11-15 05:32:26,mlx5_0,0.000,0.000,0.000,0.000
2025-11-15 05:32:26,mlx5_1,0.769,0.002,0.097,0.000
2025-11-15 05:32:26,mlx5_2,0.868,0.002,0.109,0.000
2025-11-15 05:32:26,mlx5_3,0.000,0.000,0.000,0.000
2025-11-15 05:32:26,mlx5_4,0.000,0.000,0.000,0.000
2025-11-15 05:32:26,mlx5_5,0.000,0.000,0.000,0.000
2025-11-15 05:32:26,mlx5_6,0.000,0.000,0.000,0.000
2025-11-15 05:32:26,mlx5_7,0.000,0.000,0.000,0.000
2025-11-15 05:32:26,mlx5_8,0.000,0.000,0.000,0.000
2025-11-15 05:32:26,mlx5_9,0.642,0.002,0.081,0.000
2025-11-15 05:32:26,TOTAL,2.279,0.005,0.287,0.001
2025-11-15 05:32:27,mlx5_0,0.000,0.000,0.000,0.000
2025-11-15 05:32:27,mlx5_1,0.000,0.000,0.097,0.000
2025-11-15 05:32:27,mlx5_2,0.000,0.000,0.109,0.000
2025-11-15 05:32:27,mlx5_3,0.000,0.000,0.000,0.000
2025-11-15 05:32:27,mlx5_4,0.000,0.000,0.000,0.000
2025-11-15 05:32:27,mlx5_5,0.000,0.000,0.000,0.000
2025-11-15 05:32:27,mlx5_6,0.000,0.000,0.000,0.000
2025-11-15 05:32:27,mlx5_7,0.000,0.000,0.000,0.000
2025-11-15 05:32:27,mlx5_8,0.000,0.000,0.000,0.000
2025-11-15 05:32:27,mlx5_9,0.000,0.000,0.081,0.000
2025-11-15 05:32:27,TOTAL,0.000,0.000,0.287,0.001
2025-11-15 05:32:28,mlx5_0,0.000,0.000,0.000,0.000
2025-11-15 05:32:28,mlx5_1,0.000,0.000,0.097,0.000
2025-11-15 05:32:28,mlx5_2,0.000,0.000,0.109,0.000
2025-11-15 05:32:28,mlx5_3,0.000,0.000,0.000,0.000
2025-11-15 05:32:28,mlx5_4,0.000,0.000,0.000,0.000
2025-11-15 05:32:28,mlx5_5,0.000,0.000,0.000,0.000
2025-11-15 05:32:28,mlx5_6,0.000,0.000,0.000,0.000
2025-11-15 05:32:28,mlx5_7,0.000,0.000,0.000,0.000
2025-11-15 05:32:28,mlx5_8,0.000,0.000,0.000,0.000
2025-11-15 05:32:28,mlx5_9,0.000,0.000,0.081,0.000
2025-11-15 05:32:28,TOTAL,0.000,0.000,0.287,0.001
2025-11-15 05:32:29,mlx5_0,0.000,0.000,0.000,0.000
2025-11-15 05:32:29,mlx5_1,0.000,0.000,0.097,0.000
2025-11-15 05:32:29,mlx5_2,0.000,0.000,0.109,0.000
2025-11-15 05:32:29,mlx5_3,0.000,0.000,0.000,0.000
2025-11-15 05:32:29,mlx5_4,0.000,0.000,0.000,0.000
2025-11-15 05:32:29,mlx5_5,0.000,0.000,0.000,0.000
2025-11-15 05:32:29,mlx5_6,0.000,0.000,0.000,0.000
2025-11-15 05:32:29,mlx5_7,0.000,0.000,0.000,0.000
2025-11-15 05:32:29,mlx5_8,0.000,0.000,0.000,0.000
2025-11-15 05:32:29,mlx5_9,0.000,0.000,0.081,0.000
2025-11-15 05:32:29,TOTAL,0.000,0.000,0.287,0.001
2025-11-15 05:32:30,mlx5_0,0.000,0.000,0.000,0.000
2025-11-15 05:32:30,mlx5_1,0.000,0.000,0.097,0.000
2025-11-15 05:32:30,mlx5_2,0.000,0.000,0.109,0.000
2025-11-15 05:32:30,mlx5_3,0.000,0.000,0.000,0.000
2025-11-15 05:32:30,mlx5_4,0.000,0.000,0.000,0.000
2025-11-15 05:32:30,mlx5_5,0.000,0.000,0.000,0.000
2025-11-15 05:32:30,mlx5_6,0.000,0.000,0.000,0.000
2025-11-15 05:32:30,mlx5_7,0.000,0.000,0.000,0.000
2025-11-15 05:32:30,mlx5_8,0.000,0.000,0.000,0.000
2025-11-15 05:32:30,mlx5_9,0.000,0.000,0.081,0.000
2025-11-15 05:32:30,TOTAL,0.000,0.000,0.287,0.001
2025-11-15 05:32:31,mlx5_0,0.000,0.000,0.000,0.000
2025-11-15 05:32:31,mlx5_1,0.000,0.000,0.097,0.000
2025-11-15 05:32:31,mlx5_2,0.000,0.000,0.109,0.000
2025-11-15 05:32:31,mlx5_3,0.000,0.000,0.000,0.000
2025-11-15 05:32:31,mlx5_4,0.000,0.000,0.000,0.000
2025-11-15 05:32:31,mlx5_5,0.000,0.000,0.000,0.000
2025-11-15 05:32:31,mlx5_6,0.000,0.000,0.000,0.000
2025-11-15 05:32:31,mlx5_7,0.000,0.000,0.000,0.000
2025-11-15 05:32:31,mlx5_8,0.000,0.000,0.000,0.000
2025-11-15 05:32:31,mlx5_9,0.000,0.000,0.081,0.000
2025-11-15 05:32:31,TOTAL,0.000,0.000,0.287,0.001
2025-11-15 05:32:32,mlx5_0,0.000,0.000,0.000,0.000
2025-11-15 05:32:32,mlx5_1,0.165,0.040,0.118,0.005
2025-11-15 05:32:32,mlx5_2,0.134,0.063,0.126,0.008
2025-11-15 05:32:32,mlx5_3,0.000,0.000,0.000,0.000
2025-11-15 05:32:32,mlx5_4,0.000,0.000,0.000,0.000
2025-11-15 05:32:32,mlx5_5,0.000,0.000,0.000,0.000
2025-11-15 05:32:32,mlx5_6,0.000,0.000,0.000,0.000
2025-11-15 05:32:32,mlx5_7,0.000,0.000,0.000,0.000
2025-11-15 05:32:32,mlx5_8,0.000,0.000,0.000,0.000
2025-11-15 05:32:32,mlx5_9,0.157,0.069,0.100,0.009
2025-11-15 05:32:32,TOTAL,0.456,0.172,0.345,0.022
2025-11-15 05:32:33,mlx5_0,0.000,0.000,0.000,0.000
2025-11-15 05:32:33,mlx5_1,2.921,0.007,0.484,0.006
2025-11-15 05:32:33,mlx5_2,3.052,0.007,0.509,0.009
2025-11-15 05:32:33,mlx5_3,0.000,0.000,0.000,0.000
2025-11-15 05:32:33,mlx5_4,0.000,0.000,0.000,0.000
2025-11-15 05:32:33,mlx5_5,0.000,0.000,0.000,0.000
2025-11-15 05:32:33,mlx5_6,0.000,0.000,0.000,0.000
2025-11-15 05:32:33,mlx5_7,0.000,0.000,0.000,0.000
2025-11-15 05:32:33,mlx5_8,0.000,0.000,0.000,0.000
2025-11-15 05:32:33,mlx5_9,2.695,0.006,0.438,0.010
2025-11-15 05:32:33,TOTAL,8.667,0.020,1.431,0.025
2025-11-15 05:32:34,mlx5_0,0.000,0.000,0.000,0.000
2025-11-15 05:32:34,mlx5_1,0.000,0.000,0.484,0.006
2025-11-15 05:32:34,mlx5_2,0.000,0.000,0.509,0.009
2025-11-15 05:32:34,mlx5_3,0.000,0.000,0.000,0.000
2025-11-15 05:32:34,mlx5_4,0.000,0.000,0.000,0.000
2025-11-15 05:32:34,mlx5_5,0.000,0.000,0.000,0.000
2025-11-15 05:32:34,mlx5_6,0.000,0.000,0.000,0.000
2025-11-15 05:32:34,mlx5_7,0.000,0.000,0.000,0.000
2025-11-15 05:32:34,mlx5_8,0.000,0.000,0.000,0.000
2025-11-15 05:32:34,mlx5_9,0.000,0.000,0.438,0.010
2025-11-15 05:32:34,TOTAL,0.000,0.000,1.431,0.025
2025-11-15 05:32:35,mlx5_0,0.000,0.000,0.000,0.000
2025-11-15 05:32:35,mlx5_1,0.000,0.000,0.484,0.006
2025-11-15 05:32:35,mlx5_2,0.000,0.000,0.509,0.009
2025-11-15 05:32:35,mlx5_3,0.000,0.000,0.000,0.000
2025-11-15 05:32:35,mlx5_4,0.000,0.000,0.000,0.000
2025-11-15 05:32:35,mlx5_5,0.000,0.000,0.000,0.000
2025-11-15 05:32:35,mlx5_6,0.000,0.000,0.000,0.000
2025-11-15 05:32:35,mlx5_7,0.000,0.000,0.000,0.000
2025-11-15 05:32:35,mlx5_8,0.000,0.000,0.000,0.000
2025-11-15 05:32:35,mlx5_9,0.000,0.000,0.438,0.010
2025-11-15 05:32:35,TOTAL,0.000,0.000,1.431,0.025
2025-11-15 05:32:36,mlx5_0,0.000,0.000,0.000,0.000
2025-11-15 05:32:36,mlx5_1,0.000,0.000,0.484,0.006
2025-11-15 05:32:36,mlx5_2,0.000,0.000,0.509,0.009
2025-11-15 05:32:36,mlx5_3,0.000,0.000,0.000,0.000
2025-11-15 05:32:36,mlx5_4,0.000,0.000,0.000,0.000
2025-11-15 05:32:36,mlx5_5,0.000,0.000,0.000,0.000
2025-11-15 05:32:36,mlx5_6,0.000,0.000,0.000,0.000
2025-11-15 05:32:36,mlx5_7,0.000,0.000,0.000,0.000
2025-11-15 05:32:36,mlx5_8,0.000,0.000,0.000,0.000
2025-11-15 05:32:36,mlx5_9,0.000,0.000,0.438,0.010
2025-11-15 05:32:36,TOTAL,0.000,0.000,1.431,0.025
2025-11-15 05:32:37,mlx5_0,0.000,0.000,0.000,0.000
2025-11-15 05:32:37,mlx5_1,0.000,0.000,0.484,0.006
2025-11-15 05:32:37,mlx5_2,0.000,0.000,0.509,0.009
2025-11-15 05:32:37,mlx5_3,0.000,0.000,0.000,0.000
2025-11-15 05:32:37,mlx5_4,0.000,0.000,0.000,0.000
2025-11-15 05:32:37,mlx5_5,0.000,0.000,0.000,0.000
2025-11-15 05:32:37,mlx5_6,0.000,0.000,0.000,0.000
2025-11-15 05:32:37,mlx5_7,0.000,0.000,0.000,0.000
2025-11-15 05:32:37,mlx5_8,0.000,0.000,0.000,0.000
2025-11-15 05:32:37,mlx5_9,0.000,0.000,0.438,0.010
2025-11-15 05:32:37,TOTAL,0.000,0.000,1.431,0.025
2025-11-15 05:32:38,mlx5_0,0.000,0.000,0.000,0.000
2025-11-15 05:32:38,mlx5_1,0.000,0.000,0.484,0.006
2025-11-15 05:32:38,mlx5_2,0.000,0.000,0.509,0.009
2025-11-15 05:32:38,mlx5_3,0.000,0.000,0.000,0.000
2025-11-15 05:32:38,mlx5_4,0.000,0.000,0.000,0.000
2025-11-15 05:32:38,mlx5_5,0.000,0.000,0.000,0.000
2025-11-15 05:32:38,mlx5_6,0.000,0.000,0.000,0.000
2025-11-15 05:32:38,mlx5_7,0.000,0.000,0.000,0.000
2025-11-15 05:32:38,mlx5_8,0.000,0.000,0.000,0.000
2025-11-15 05:32:38,mlx5_9,0.000,0.000,0.438,0.010
2025-11-15 05:32:38,TOTAL,0.000,0.000,1.431,0.025
2025-11-15 05:32:39,mlx5_0,0.000,0.000,0.000,0.000
2025-11-15 05:32:39,mlx5_1,0.000,0.000,0.484,0.006
2025-11-15 05:32:39,mlx5_2,0.000,0.000,0.509,0.009
2025-11-15 05:32:39,mlx5_3,0.000,0.000,0.000,0.000
2025-11-15 05:32:39,mlx5_4,0.000,0.000,0.000,0.000
2025-11-15 05:32:39,mlx5_5,0.000,0.000,0.000,0.000
2025-11-15 05:32:39,mlx5_6,0.000,0.000,0.000,0.000
2025-11-15 05:32:39,mlx5_7,0.000,0.000,0.000,0.000
2025-11-15 05:32:39,mlx5_8,0.000,0.000,0.000,0.000
2025-11-15 05:32:39,mlx5_9,0.000,0.000,0.438,0.010
2025-11-15 05:32:39,TOTAL,0.000,0.000,1.431,0.025
2025-11-15 05:32:40,mlx5_0,0.000,0.000,0.000,0.000
2025-11-15 05:32:40,mlx5_1,0.000,0.000,0.484,0.006
2025-11-15 05:32:40,mlx5_2,0.000,0.000,0.509,0.009
2025-11-15 05:32:40,mlx5_3,0.000,0.000,0.000,0.000
2025-11-15 05:32:40,mlx5_4,0.000,0.000,0.000,0.000
2025-11-15 05:32:40,mlx5_5,0.000,0.000,0.000,0.000
2025-11-15 05:32:40,mlx5_6,0.000,0.000,0.000,0.000
2025-11-15 05:32:40,mlx5_7,0.000,0.000,0.000,0.000
2025-11-15 05:32:40,mlx5_8,0.000,0.000,0.000,0.000
2025-11-15 05:32:40,mlx5_9,0.000,0.000,0.438,0.010
2025-11-15 05:32:40,TOTAL,0.000,0.000,1.431,0.025
2025-11-15 05:32:41,mlx5_0,0.000,0.000,0.000,0.000
2025-11-15 05:32:41,mlx5_1,0.000,0.000,0.484,0.006
2025-11-15 05:32:41,mlx5_2,0.000,0.000,0.509,0.009
2025-11-15 05:32:41,mlx5_3,0.000,0.000,0.000,0.000
2025-11-15 05:32:41,mlx5_4,0.000,0.000,0.000,0.000
2025-11-15 05:32:41,mlx5_5,0.000,0.000,0.000,0.000
2025-11-15 05:32:41,mlx5_6,0.000,0.000,0.000,0.000
2025-11-15 05:32:41,mlx5_7,0.000,0.000,0.000,0.000
2025-11-15 05:32:41,mlx5_8,0.000,0.000,0.000,0.000
2025-11-15 05:32:41,mlx5_9,0.000,0.000,0.438,0.010
2025-11-15 05:32:41,TOTAL,0.000,0.000,1.431,0.025
2025-11-15 05:32:42,mlx5_0,0.000,0.000,0.000,0.000
2025-11-15 05:32:42,mlx5_1,0.000,0.000,0.484,0.006
2025-11-15 05:32:42,mlx5_2,0.000,0.000,0.509,0.009
2025-11-15 05:32:42,mlx5_3,0.000,0.000,0.000,0.000
2025-11-15 05:32:42,mlx5_4,0.000,0.000,0.000,0.000
2025-11-15 05:32:42,mlx5_5,0.000,0.000,0.000,0.000
2025-11-15 05:32:42,mlx5_6,0.000,0.000,0.000,0.000
2025-11-15 05:32:42,mlx5_7,0.000,0.000,0.000,0.000
2025-11-15 05:32:42,mlx5_8,0.000,0.000,0.000,0.000
2025-11-15 05:32:42,mlx5_9,0.000,0.000,0.438,0.010
2025-11-15 05:32:42,TOTAL,0.000,0.000,1.431,0.025
2025-11-15 05:32:43,mlx5_0,0.000,0.000,0.000,0.000
2025-11-15 05:32:43,mlx5_1,0.000,0.000,0.484,0.006
2025-11-15 05:32:43,mlx5_2,0.000,0.000,0.509,0.009
2025-11-15 05:32:43,mlx5_3,0.000,0.000,0.000,0.000
2025-11-15 05:32:43,mlx5_4,0.000,0.000,0.000,0.000
2025-11-15 05:32:43,mlx5_5,0.000,0.000,0.000,0.000
2025-11-15 05:32:43,mlx5_6,0.000,0.000,0.000,0.000
2025-11-15 05:32:43,mlx5_7,0.000,0.000,0.000,0.000
2025-11-15 05:32:43,mlx5_8,0.000,0.000,0.000,0.000
2025-11-15 05:32:43,mlx5_9,0.000,0.000,0.438,0.010
2025-11-15 05:32:43,TOTAL,0.000,0.000,1.431,0.025
2025-11-15 05:32:44,mlx5_0,0.000,0.000,0.000,0.000
2025-11-15 05:32:44,mlx5_1,0.005,3.019,0.485,0.385
2025-11-15 05:32:44,mlx5_2,0.005,2.996,0.509,0.385
2025-11-15 05:32:44,mlx5_3,0.000,0.000,0.000,0.000
2025-11-15 05:32:44,mlx5_4,0.000,0.000,0.000,0.000
2025-11-15 05:32:44,mlx5_5,0.000,0.000,0.000,0.000
2025-11-15 05:32:44,mlx5_6,0.000,0.000,0.000,0.000
2025-11-15 05:32:44,mlx5_7,0.000,0.000,0.000,0.000
2025-11-15 05:32:44,mlx5_8,0.000,0.000,0.000,0.000
2025-11-15 05:32:44,mlx5_9,0.005,2.946,0.439,0.379
2025-11-15 05:32:44,TOTAL,0.014,8.961,1.433,1.149
2025-11-15 05:32:45,mlx5_0,0.000,0.000,0.000,0.000
2025-11-15 05:32:45,mlx5_1,0.000,0.000,0.485,0.385
2025-11-15 05:32:45,mlx5_2,0.000,0.000,0.509,0.385
2025-11-15 05:32:45,mlx5_3,0.000,0.000,0.000,0.000
2025-11-15 05:32:45,mlx5_4,0.000,0.000,0.000,0.000
2025-11-15 05:32:45,mlx5_5,0.000,0.000,0.000,0.000
2025-11-15 05:32:45,mlx5_6,0.000,0.000,0.000,0.000
2025-11-15 05:32:45,mlx5_7,0.000,0.000,0.000,0.000
2025-11-15 05:32:45,mlx5_8,0.000,0.000,0.000,0.000
2025-11-15 05:32:45,mlx5_9,0.000,0.000,0.439,0.379
2025-11-15 05:32:45,TOTAL,0.000,0.000,1.433,1.149
2025-11-15 05:32:46,mlx5_0,0.000,0.000,0.000,0.000
2025-11-15 05:32:46,mlx5_1,0.000,0.000,0.485,0.385
2025-11-15 05:32:46,mlx5_2,0.000,0.000,0.509,0.385
2025-11-15 05:32:46,mlx5_3,0.000,0.000,0.000,0.000
2025-11-15 05:32:46,mlx5_4,0.000,0.000,0.000,0.000
2025-11-15 05:32:46,mlx5_5,0.000,0.000,0.000,0.000
2025-11-15 05:32:46,mlx5_6,0.000,0.000,0.000,0.000
2025-11-15 05:32:46,mlx5_7,0.000,0.000,0.000,0.000
2025-11-15 05:32:46,mlx5_8,0.000,0.000,0.000,0.000
2025-11-15 05:32:46,mlx5_9,0.000,0.000,0.439,0.379
2025-11-15 05:32:46,TOTAL,0.000,0.000,1.433,1.149
2025-11-15 05:32:47,mlx5_0,0.000,0.000,0.000,0.000
2025-11-15 05:32:47,mlx5_1,0.000,0.000,0.485,0.385
2025-11-15 05:32:47,mlx5_2,0.000,0.000,0.509,0.385
2025-11-15 05:32:47,mlx5_3,0.000,0.000,0.000,0.000
2025-11-15 05:32:47,mlx5_4,0.000,0.000,0.000,0.000
2025-11-15 05:32:47,mlx5_5,0.000,0.000,0.000,0.000
2025-11-15 05:32:47,mlx5_6,0.000,0.000,0.000,0.000
2025-11-15 05:32:47,mlx5_7,0.000,0.000,0.000,0.000
2025-11-15 05:32:47,mlx5_8,0.000,0.000,0.000,0.000
2025-11-15 05:32:47,mlx5_9,0.000,0.000,0.439,0.379
2025-11-15 05:32:47,TOTAL,0.000,0.000,1.433,1.149
2025-11-15 05:32:48,mlx5_0,0.000,0.000,0.000,0.000
2025-11-15 05:32:48,mlx5_1,0.000,0.000,0.485,0.385
2025-11-15 05:32:48,mlx5_2,0.000,0.000,0.509,0.385
2025-11-15 05:32:48,mlx5_3,0.000,0.000,0.000,0.000
2025-11-15 05:32:48,mlx5_4,0.000,0.000,0.000,0.000
2025-11-15 05:32:48,mlx5_5,0.000,0.000,0.000,0.000
2025-11-15 05:32:48,mlx5_6,0.000,0.000,0.000,0.000
2025-11-15 05:32:48,mlx5_7,0.000,0.000,0.000,0.000
2025-11-15 05:32:48,mlx5_8,0.000,0.000,0.000,0.000
2025-11-15 05:32:48,mlx5_9,0.000,0.000,0.439,0.379
2025-11-15 05:32:48,TOTAL,0.000,0.000,1.433,1.149
2025-11-15 05:32:49,mlx5_0,0.000,0.000,0.000,0.000
2025-11-15 05:32:49,mlx5_1,0.000,0.000,0.485,0.385
2025-11-15 05:32:49,mlx5_2,0.000,0.000,0.509,0.385
2025-11-15 05:32:49,mlx5_3,0.000,0.000,0.000,0.000
2025-11-15 05:32:49,mlx5_4,0.000,0.000,0.000,0.000
2025-11-15 05:32:49,mlx5_5,0.000,0.000,0.000,0.000
2025-11-15 05:32:49,mlx5_6,0.000,0.000,0.000,0.000
2025-11-15 05:32:49,mlx5_7,0.000,0.000,0.000,0.000
2025-11-15 05:32:49,mlx5_8,0.000,0.000,0.000,0.000
2025-11-15 05:32:49,mlx5_9,0.000,0.000,0.439,0.379
2025-11-15 05:32:49,TOTAL,0.000,0.000,1.433,1.149
2025-11-15 05:32:50,mlx5_0,0.000,0.000,0.000,0.000
2025-11-15 05:32:50,mlx5_1,0.000,0.000,0.485,0.385
2025-11-15 05:32:50,mlx5_2,0.000,0.000,0.509,0.385
2025-11-15 05:32:50,mlx5_3,0.000,0.000,0.000,0.000
2025-11-15 05:32:50,mlx5_4,0.000,0.000,0.000,0.000
2025-11-15 05:32:50,mlx5_5,0.000,0.000,0.000,0.000
2025-11-15 05:32:50,mlx5_6,0.000,0.000,0.000,0.000
2025-11-15 05:32:50,mlx5_7,0.000,0.000,0.000,0.000
2025-11-15 05:32:50,mlx5_8,0.000,0.000,0.000,0.000
2025-11-15 05:32:50,mlx5_9,0.000,0.000,0.439,0.379
2025-11-15 05:32:50,TOTAL,0.000,0.000,1.433,1.149
2025-11-15 05:32:51,mlx5_0,0.000,0.000,0.000,0.000
2025-11-15 05:32:51,mlx5_1,0.000,0.000,0.485,0.385
2025-11-15 05:32:51,mlx5_2,0.000,0.000,0.509,0.385
2025-11-15 05:32:51,mlx5_3,0.000,0.000,0.000,0.000
2025-11-15 05:32:51,mlx5_4,0.000,0.000,0.000,0.000
2025-11-15 05:32:51,mlx5_5,0.000,0.000,0.000,0.000
2025-11-15 05:32:51,mlx5_6,0.000,0.000,0.000,0.000
2025-11-15 05:32:51,mlx5_7,0.000,0.000,0.000,0.000
2025-11-15 05:32:51,mlx5_8,0.000,0.000,0.000,0.000
2025-11-15 05:32:51,mlx5_9,0.000,0.000,0.439,0.379
2025-11-15 05:32:51,TOTAL,0.000,0.000,1.433,1.149
2025-11-15 05:32:52,mlx5_0,0.000,0.000,0.000,0.000
2025-11-15 05:32:52,mlx5_1,0.000,0.000,0.485,0.385
2025-11-15 05:32:52,mlx5_2,0.000,0.000,0.509,0.385
2025-11-15 05:32:52,mlx5_3,0.000,0.000,0.000,0.000
2025-11-15 05:32:52,mlx5_4,0.000,0.000,0.000,0.000
2025-11-15 05:32:52,mlx5_5,0.000,0.000,0.000,0.000
2025-11-15 05:32:52,mlx5_6,0.000,0.000,0.000,0.000
2025-11-15 05:32:52,mlx5_7,0.000,0.000,0.000,0.000
2025-11-15 05:32:52,mlx5_8,0.000,0.000,0.000,0.000
2025-11-15 05:32:52,mlx5_9,0.000,0.000,0.439,0.379
2025-11-15 05:32:52,TOTAL,0.000,0.000,1.433,1.149
2025-11-15 05:32:53,mlx5_0,0.000,0.000,0.000,0.000
2025-11-15 05:32:53,mlx5_1,0.000,0.000,0.485,0.385
2025-11-15 05:32:53,mlx5_2,0.000,0.000,0.509,0.385
2025-11-15 05:32:53,mlx5_3,0.000,0.000,0.000,0.000
2025-11-15 05:32:53,mlx5_4,0.000,0.000,0.000,0.000
2025-11-15 05:32:53,mlx5_5,0.000,0.000,0.000,0.000
2025-11-15 05:32:53,mlx5_6,0.000,0.000,0.000,0.000
2025-11-15 05:32:53,mlx5_7,0.000,0.000,0.000,0.000
2025-11-15 05:32:53,mlx5_8,0.000,0.000,0.000,0.000
2025-11-15 05:32:53,mlx5_9,0.000,0.000,0.439,0.379
2025-11-15 05:32:53,TOTAL,0.000,0.000,1.433,1.149
2025-11-15 05:32:54,mlx5_0,0.000,0.000,0.000,0.000
2025-11-15 05:32:54,mlx5_1,0.000,0.000,0.485,0.385
2025-11-15 05:32:54,mlx5_2,0.000,0.000,0.509,0.385
2025-11-15 05:32:54,mlx5_3,0.000,0.000,0.000,0.000
2025-11-15 05:32:54,mlx5_4,0.000,0.000,0.000,0.000
2025-11-15 05:32:54,mlx5_5,0.000,0.000,0.000,0.000
2025-11-15 05:32:54,mlx5_6,0.000,0.000,0.000,0.000
2025-11-15 05:32:54,mlx5_7,0.000,0.000,0.000,0.000
2025-11-15 05:32:54,mlx5_8,0.000,0.000,0.000,0.000
2025-11-15 05:32:54,mlx5_9,0.000,0.000,0.439,0.379
2025-11-15 05:32:54,TOTAL,0.000,0.000,1.433,1.149
2025-11-15 05:32:55,mlx5_0,0.000,0.000,0.000,0.000
2025-11-15 05:32:55,mlx5_1,0.000,0.000,0.485,0.385
2025-11-15 05:32:55,mlx5_2,0.000,0.000,0.509,0.385
2025-11-15 05:32:55,mlx5_3,0.000,0.000,0.000,0.000
2025-11-15 05:32:55,mlx5_4,0.000,0.000,0.000,0.000
2025-11-15 05:32:55,mlx5_5,0.000,0.000,0.000,0.000
2025-11-15 05:32:55,mlx5_6,0.000,0.000,0.000,0.000
2025-11-15 05:32:55,mlx5_7,0.000,0.000,0.000,0.000
2025-11-15 05:32:55,mlx5_8,0.000,0.000,0.000,0.000
2025-11-15 05:32:55,mlx5_9,0.000,0.000,0.439,0.379
2025-11-15 05:32:55,TOTAL,0.000,0.000,1.433,1.149
2025-11-15 05:32:56,mlx5_0,0.000,0.000,0.000,0.000
2025-11-15 05:32:56,mlx5_1,5.122,1.064,1.128,0.518
2025-11-15 05:32:56,mlx5_2,5.107,1.059,1.150,0.518
2025-11-15 05:32:56,mlx5_3,0.000,0.000,0.000,0.000
2025-11-15 05:32:56,mlx5_4,0.000,0.000,0.000,0.000
2025-11-15 05:32:56,mlx5_5,0.000,0.000,0.000,0.000
2025-11-15 05:32:56,mlx5_6,0.000,0.000,0.000,0.000
2025-11-15 05:32:56,mlx5_7,0.000,0.000,0.000,0.000
2025-11-15 05:32:56,mlx5_8,0.000,0.000,0.000,0.000
2025-11-15 05:32:56,mlx5_9,5.139,1.016,1.084,0.507
2025-11-15 05:32:56,TOTAL,15.368,3.139,3.361,1.543
2025-11-15 05:32:58,mlx5_0,0.000,0.000,0.000,0.000
2025-11-15 05:32:58,mlx5_1,9.937,0.018,2.377,0.521
2025-11-15 05:32:58,mlx5_2,10.198,0.018,2.432,0.520
2025-11-15 05:32:58,mlx5_3,0.000,0.000,0.000,0.000
2025-11-15 05:32:58,mlx5_4,0.000,0.000,0.000,0.000
2025-11-15 05:32:58,mlx5_5,0.000,0.000,0.000,0.000
2025-11-15 05:32:58,mlx5_6,0.000,0.000,0.000,0.000
2025-11-15 05:32:58,mlx5_7,0.000,0.000,0.000,0.000
2025-11-15 05:32:58,mlx5_8,0.000,0.000,0.000,0.000
2025-11-15 05:32:58,mlx5_9,9.952,0.018,2.335,0.509
2025-11-15 05:32:58,TOTAL,30.087,0.054,7.145,1.550
2025-11-15 05:32:59,mlx5_0,0.000,0.000,0.000,0.000
2025-11-15 05:32:59,mlx5_1,15.211,0.023,4.286,0.524
2025-11-15 05:32:59,mlx5_2,15.211,0.023,4.341,0.523
2025-11-15 05:32:59,mlx5_3,0.000,0.000,0.000,0.000
2025-11-15 05:32:59,mlx5_4,0.000,0.000,0.000,0.000
2025-11-15 05:32:59,mlx5_5,0.000,0.000,0.000,0.000
2025-11-15 05:32:59,mlx5_6,0.000,0.000,0.000,0.000
2025-11-15 05:32:59,mlx5_7,0.000,0.000,0.000,0.000
2025-11-15 05:32:59,mlx5_8,0.000,0.000,0.000,0.000
2025-11-15 05:32:59,mlx5_9,15.076,0.023,4.227,0.512
2025-11-15 05:32:59,TOTAL,45.498,0.069,12.854,1.559
2025-11-15 05:33:00,mlx5_0,0.000,0.000,0.000,0.000
2025-11-15 05:33:00,mlx5_1,0.000,0.000,4.286,0.524
2025-11-15 05:33:00,mlx5_2,0.000,0.000,4.341,0.523
2025-11-15 05:33:00,mlx5_3,0.000,0.000,0.000,0.000
2025-11-15 05:33:00,mlx5_4,0.000,0.000,0.000,0.000
2025-11-15 05:33:00,mlx5_5,0.000,0.000,0.000,0.000
2025-11-15 05:33:00,mlx5_6,0.000,0.000,0.000,0.000
2025-11-15 05:33:00,mlx5_7,0.000,0.000,0.000,0.000
2025-11-15 05:33:00,mlx5_8,0.000,0.000,0.000,0.000
2025-11-15 05:33:00,mlx5_9,0.000,0.000,4.227,0.512
2025-11-15 05:33:00,TOTAL,0.000,0.000,12.854,1.559
2025-11-15 05:33:01,mlx5_0,0.000,0.000,0.000,0.000
2025-11-15 05:33:01,mlx5_1,0.000,0.000,4.286,0.524
2025-11-15 05:33:01,mlx5_2,0.000,0.000,4.341,0.523
2025-11-15 05:33:01,mlx5_3,0.000,0.000,0.000,0.000
2025-11-15 05:33:01,mlx5_4,0.000,0.000,0.000,0.000
2025-11-15 05:33:01,mlx5_5,0.000,0.000,0.000,0.000
2025-11-15 05:33:01,mlx5_6,0.000,0.000,0.000,0.000
2025-11-15 05:33:01,mlx5_7,0.000,0.000,0.000,0.000
2025-11-15 05:33:01,mlx5_8,0.000,0.000,0.000,0.000
2025-11-15 05:33:01,mlx5_9,0.000,0.000,4.227,0.512
2025-11-15 05:33:01,TOTAL,0.000,0.000,12.854,1.559
2025-11-15 05:33:02,mlx5_0,0.000,0.000,0.000,0.000
2025-11-15 05:33:02,mlx5_1,0.000,0.000,4.286,0.524
2025-11-15 05:33:02,mlx5_2,0.000,0.000,4.341,0.523
2025-11-15 05:33:02,mlx5_3,0.000,0.000,0.000,0.000
2025-11-15 05:33:02,mlx5_4,0.000,0.000,0.000,0.000
2025-11-15 05:33:02,mlx5_5,0.000,0.000,0.000,0.000
2025-11-15 05:33:02,mlx5_6,0.000,0.000,0.000,0.000
2025-11-15 05:33:02,mlx5_7,0.000,0.000,0.000,0.000
2025-11-15 05:33:02,mlx5_8,0.000,0.000,0.000,0.000
2025-11-15 05:33:02,mlx5_9,0.000,0.000,4.227,0.512
2025-11-15 05:33:02,TOTAL,0.000,0.000,12.854,1.559
2025-11-15 05:33:03,mlx5_0,0.000,0.000,0.000,0.000
2025-11-15 05:33:03,mlx5_1,0.000,0.000,4.286,0.524
2025-11-15 05:33:03,mlx5_2,0.000,0.000,4.341,0.523
2025-11-15 05:33:03,mlx5_3,0.000,0.000,0.000,0.000
2025-11-15 05:33:03,mlx5_4,0.000,0.000,0.000,0.000
2025-11-15 05:33:03,mlx5_5,0.000,0.000,0.000,0.000
2025-11-15 05:33:03,mlx5_6,0.000,0.000,0.000,0.000
2025-11-15 05:33:03,mlx5_7,0.000,0.000,0.000,0.000
2025-11-15 05:33:03,mlx5_8,0.000,0.000,0.000,0.000
2025-11-15 05:33:03,mlx5_9,0.000,0.000,4.227,0.512
2025-11-15 05:33:03,TOTAL,0.000,0.000,12.854,1.559
2025-11-15 05:33:04,mlx5_0,0.000,0.000,0.000,0.000
2025-11-15 05:33:04,mlx5_1,0.000,0.000,4.286,0.524
2025-11-15 05:33:04,mlx5_2,0.000,0.000,4.341,0.523
2025-11-15 05:33:04,mlx5_3,0.000,0.000,0.000,0.000
2025-11-15 05:33:04,mlx5_4,0.000,0.000,0.000,0.000
2025-11-15 05:33:04,mlx5_5,0.000,0.000,0.000,0.000
2025-11-15 05:33:04,mlx5_6,0.000,0.000,0.000,0.000
2025-11-15 05:33:04,mlx5_7,0.000,0.000,0.000,0.000
2025-11-15 05:33:04,mlx5_8,0.000,0.000,0.000,0.000
2025-11-15 05:33:04,mlx5_9,0.000,0.000,4.227,0.512
2025-11-15 05:33:04,TOTAL,0.000,0.000,12.854,1.559
2025-11-15 05:33:05,mlx5_0,0.000,0.000,0.000,0.000
2025-11-15 05:33:05,mlx5_1,0.000,0.000,4.286,0.524
2025-11-15 05:33:05,mlx5_2,0.000,0.000,4.341,0.523
2025-11-15 05:33:05,mlx5_3,0.000,0.000,0.000,0.000
2025-11-15 05:33:05,mlx5_4,0.000,0.000,0.000,0.000
2025-11-15 05:33:05,mlx5_5,0.000,0.000,0.000,0.000
2025-11-15 05:33:05,mlx5_6,0.000,0.000,0.000,0.000
2025-11-15 05:33:05,mlx5_7,0.000,0.000,0.000,0.000
2025-11-15 05:33:05,mlx5_8,0.000,0.000,0.000,0.000
2025-11-15 05:33:05,mlx5_9,0.000,0.000,4.227,0.512
2025-11-15 05:33:05,TOTAL,0.000,0.000,12.854,1.559
2025-11-15 05:33:06,mlx5_0,0.000,0.000,0.000,0.000
2025-11-15 05:33:06,mlx5_1,0.000,0.000,4.286,0.524
2025-11-15 05:33:06,mlx5_2,0.000,0.000,4.341,0.523
2025-11-15 05:33:06,mlx5_3,0.000,0.000,0.000,0.000
2025-11-15 05:33:06,mlx5_4,0.000,0.000,0.000,0.000
2025-11-15 05:33:06,mlx5_5,0.000,0.000,0.000,0.000
2025-11-15 05:33:06,mlx5_6,0.000,0.000,0.000,0.000
2025-11-15 05:33:06,mlx5_7,0.000,0.000,0.000,0.000
2025-11-15 05:33:06,mlx5_8,0.000,0.000,0.000,0.000
2025-11-15 05:33:06,mlx5_9,0.000,0.000,4.227,0.512
2025-11-15 05:33:06,TOTAL,0.000,0.000,12.854,1.559
2025-11-15 05:33:07,mlx5_0,0.000,0.000,0.000,0.000
2025-11-15 05:33:07,mlx5_1,0.000,0.000,4.286,0.524
2025-11-15 05:33:07,mlx5_2,0.000,0.000,4.341,0.523
2025-11-15 05:33:07,mlx5_3,0.000,0.000,0.000,0.000
2025-11-15 05:33:07,mlx5_4,0.000,0.000,0.000,0.000
2025-11-15 05:33:07,mlx5_5,0.000,0.000,0.000,0.000
2025-11-15 05:33:07,mlx5_6,0.000,0.000,0.000,0.000
2025-11-15 05:33:07,mlx5_7,0.000,0.000,0.000,0.000
2025-11-15 05:33:07,mlx5_8,0.000,0.000,0.000,0.000
2025-11-15 05:33:07,mlx5_9,0.000,0.000,4.227,0.512
2025-11-15 05:33:07,TOTAL,0.000,0.000,12.854,1.559
2025-11-15 05:33:08,mlx5_0,0.000,0.000,0.000,0.000
2025-11-15 05:33:08,mlx5_1,0.000,0.000,4.286,0.524
2025-11-15 05:33:08,mlx5_2,0.000,0.000,4.341,0.523
2025-11-15 05:33:08,mlx5_3,0.000,0.000,0.000,0.000
2025-11-15 05:33:08,mlx5_4,0.000,0.000,0.000,0.000
2025-11-15 05:33:08,mlx5_5,0.000,0.000,0.000,0.000
2025-11-15 05:33:08,mlx5_6,0.000,0.000,0.000,0.000
2025-11-15 05:33:08,mlx5_7,0.000,0.000,0.000,0.000
2025-11-15 05:33:08,mlx5_8,0.000,0.000,0.000,0.000
2025-11-15 05:33:08,mlx5_9,0.000,0.000,4.227,0.512
2025-11-15 05:33:08,TOTAL,0.000,0.000,12.854,1.559
2025-11-15 05:33:09,mlx5_0,0.000,0.000,0.000,0.000
2025-11-15 05:33:09,mlx5_1,0.000,0.000,4.286,0.524
2025-11-15 05:33:09,mlx5_2,0.000,0.000,4.341,0.523
2025-11-15 05:33:09,mlx5_3,0.000,0.000,0.000,0.000
2025-11-15 05:33:09,mlx5_4,0.000,0.000,0.000,0.000
2025-11-15 05:33:09,mlx5_5,0.000,0.000,0.000,0.000
2025-11-15 05:33:09,mlx5_6,0.000,0.000,0.000,0.000
2025-11-15 05:33:09,mlx5_7,0.000,0.000,0.000,0.000
2025-11-15 05:33:09,mlx5_8,0.000,0.000,0.000,0.000
2025-11-15 05:33:09,mlx5_9,0.000,0.000,4.227,0.512
2025-11-15 05:33:09,TOTAL,0.000,0.000,12.854,1.559
2025-11-15 05:33:10,mlx5_0,0.000,0.000,0.000,0.000
2025-11-15 05:33:10,mlx5_1,0.009,6.560,4.287,1.347
2025-11-15 05:33:10,mlx5_2,0.009,6.971,4.343,1.398
2025-11-15 05:33:10,mlx5_3,0.000,0.000,0.000,0.000
2025-11-15 05:33:10,mlx5_4,0.000,0.000,0.000,0.000
2025-11-15 05:33:10,mlx5_5,0.000,0.000,0.000,0.000
2025-11-15 05:33:10,mlx5_6,0.000,0.000,0.000,0.000
2025-11-15 05:33:10,mlx5_7,0.000,0.000,0.000,0.000
2025-11-15 05:33:10,mlx5_8,0.000,0.000,0.000,0.000
2025-11-15 05:33:10,mlx5_9,0.009,6.769,4.228,1.361
2025-11-15 05:33:10,TOTAL,0.028,20.300,12.858,4.106
2025-11-15 05:33:11,mlx5_0,0.000,0.000,0.000,0.000
2025-11-15 05:33:11,mlx5_1,0.030,22.883,4.291,4.219
2025-11-15 05:33:11,mlx5_2,0.031,23.346,4.346,4.329
2025-11-15 05:33:11,mlx5_3,0.000,0.000,0.000,0.000
2025-11-15 05:33:11,mlx5_4,0.000,0.000,0.000,0.000
2025-11-15 05:33:11,mlx5_5,0.000,0.000,0.000,0.000
2025-11-15 05:33:11,mlx5_6,0.000,0.000,0.000,0.000
2025-11-15 05:33:11,mlx5_7,0.000,0.000,0.000,0.000
2025-11-15 05:33:11,mlx5_8,0.000,0.000,0.000,0.000
2025-11-15 05:33:11,mlx5_9,0.030,23.088,4.232,4.260
2025-11-15 05:33:11,TOTAL,0.091,69.317,12.869,12.808
2025-11-15 05:33:12,mlx5_0,0.000,0.000,0.000,0.000
2025-11-15 05:33:12,mlx5_1,0.000,0.000,4.291,4.219
2025-11-15 05:33:12,mlx5_2,0.000,0.000,4.346,4.329
2025-11-15 05:33:12,mlx5_3,0.000,0.000,0.000,0.000
2025-11-15 05:33:12,mlx5_4,0.000,0.000,0.000,0.000
2025-11-15 05:33:12,mlx5_5,0.000,0.000,0.000,0.000
2025-11-15 05:33:12,mlx5_6,0.000,0.000,0.000,0.000
2025-11-15 05:33:12,mlx5_7,0.000,0.000,0.000,0.000
2025-11-15 05:33:12,mlx5_8,0.000,0.000,0.000,0.000
2025-11-15 05:33:12,mlx5_9,0.000,0.000,4.232,4.260
2025-11-15 05:33:12,TOTAL,0.000,0.000,12.869,12.808
2025-11-15 05:33:13,mlx5_0,0.000,0.000,0.000,0.000
2025-11-15 05:33:13,mlx5_1,0.000,0.000,4.291,4.219
2025-11-15 05:33:13,mlx5_2,0.000,0.000,4.346,4.329
2025-11-15 05:33:13,mlx5_3,0.000,0.000,0.000,0.000
2025-11-15 05:33:13,mlx5_4,0.000,0.000,0.000,0.000
2025-11-15 05:33:13,mlx5_5,0.000,0.000,0.000,0.000
2025-11-15 05:33:13,mlx5_6,0.000,0.000,0.000,0.000
2025-11-15 05:33:13,mlx5_7,0.000,0.000,0.000,0.000
2025-11-15 05:33:13,mlx5_8,0.000,0.000,0.000,0.000
2025-11-15 05:33:13,mlx5_9,0.000,0.000,4.232,4.260
2025-11-15 05:33:13,TOTAL,0.000,0.000,12.869,12.808
2025-11-15 05:33:14,mlx5_0,0.000,0.000,0.000,0.000
2025-11-15 05:33:14,mlx5_1,0.000,0.000,4.291,4.219
2025-11-15 05:33:14,mlx5_2,0.000,0.000,4.346,4.329
2025-11-15 05:33:14,mlx5_3,0.000,0.000,0.000,0.000
2025-11-15 05:33:14,mlx5_4,0.000,0.000,0.000,0.000
2025-11-15 05:33:14,mlx5_5,0.000,0.000,0.000,0.000
2025-11-15 05:33:14,mlx5_6,0.000,0.000,0.000,0.000
2025-11-15 05:33:14,mlx5_7,0.000,0.000,0.000,0.000
2025-11-15 05:33:14,mlx5_8,0.000,0.000,0.000,0.000
2025-11-15 05:33:14,mlx5_9,0.000,0.000,4.232,4.260
2025-11-15 05:33:14,TOTAL,0.000,0.000,12.869,12.808
2025-11-15 05:33:15,mlx5_0,0.000,0.000,0.000,0.000
2025-11-15 05:33:15,mlx5_1,0.000,0.000,4.291,4.219
2025-11-15 05:33:15,mlx5_2,0.000,0.000,4.346,4.329
2025-11-15 05:33:15,mlx5_3,0.000,0.000,0.000,0.000
2025-11-15 05:33:15,mlx5_4,0.000,0.000,0.000,0.000
2025-11-15 05:33:15,mlx5_5,0.000,0.000,0.000,0.000
2025-11-15 05:33:15,mlx5_6,0.000,0.000,0.000,0.000
2025-11-15 05:33:15,mlx5_7,0.000,0.000,0.000,0.000
2025-11-15 05:33:15,mlx5_8,0.000,0.000,0.000,0.000
2025-11-15 05:33:15,mlx5_9,0.000,0.000,4.232,4.260
2025-11-15 05:33:15,TOTAL,0.000,0.000,12.869,12.808
2025-11-15 05:33:16,mlx5_0,0.000,0.000,0.000,0.000
2025-11-15 05:33:16,mlx5_1,0.000,0.000,4.291,4.219
2025-11-15 05:33:16,mlx5_2,0.000,0.000,4.346,4.329
2025-11-15 05:33:16,mlx5_3,0.000,0.000,0.000,0.000
2025-11-15 05:33:16,mlx5_4,0.000,0.000,0.000,0.000
2025-11-15 05:33:16,mlx5_5,0.000,0.000,0.000,0.000
2025-11-15 05:33:16,mlx5_6,0.000,0.000,0.000,0.000
2025-11-15 05:33:16,mlx5_7,0.000,0.000,0.000,0.000
2025-11-15 05:33:16,mlx5_8,0.000,0.000,0.000,0.000
2025-11-15 05:33:16,mlx5_9,0.000,0.000,4.232,4.260
2025-11-15 05:33:16,TOTAL,0.000,0.000,12.869,12.808
2025-11-15 05:33:17,mlx5_0,0.000,0.000,0.000,0.000
2025-11-15 05:33:17,mlx5_1,0.000,0.000,4.291,4.219
2025-11-15 05:33:17,mlx5_2,0.000,0.000,4.346,4.329
2025-11-15 05:33:17,mlx5_3,0.000,0.000,0.000,0.000
2025-11-15 05:33:17,mlx5_4,0.000,0.000,0.000,0.000
2025-11-15 05:33:17,mlx5_5,0.000,0.000,0.000,0.000
2025-11-15 05:33:17,mlx5_6,0.000,0.000,0.000,0.000
2025-11-15 05:33:17,mlx5_7,0.000,0.000,0.000,0.000
2025-11-15 05:33:17,mlx5_8,0.000,0.000,0.000,0.000
2025-11-15 05:33:17,mlx5_9,0.000,0.000,4.232,4.260
2025-11-15 05:33:17,TOTAL,0.000,0.000,12.869,12.808
2025-11-15 05:33:18,mlx5_0,0.000,0.000,0.000,0.000
2025-11-15 05:33:18,mlx5_1,0.000,0.000,4.291,4.219
2025-11-15 05:33:18,mlx5_2,0.000,0.000,4.346,4.329
2025-11-15 05:33:18,mlx5_3,0.000,0.000,0.000,0.000
2025-11-15 05:33:18,mlx5_4,0.000,0.000,0.000,0.000
2025-11-15 05:33:18,mlx5_5,0.000,0.000,0.000,0.000
2025-11-15 05:33:18,mlx5_6,0.000,0.000,0.000,0.000
2025-11-15 05:33:18,mlx5_7,0.000,0.000,0.000,0.000
2025-11-15 05:33:18,mlx5_8,0.000,0.000,0.000,0.000
2025-11-15 05:33:18,mlx5_9,0.000,0.000,4.232,4.260
2025-11-15 05:33:18,TOTAL,0.000,0.000,12.869,12.808
2025-11-15 05:33:19,mlx5_0,0.000,0.000,0.000,0.000
2025-11-15 05:33:19,mlx5_1,0.000,0.000,4.291,4.219
2025-11-15 05:33:19,mlx5_2,0.000,0.000,4.346,4.329
2025-11-15 05:33:19,mlx5_3,0.000,0.000,0.000,0.000
2025-11-15 05:33:19,mlx5_4,0.000,0.000,0.000,0.000
2025-11-15 05:33:19,mlx5_5,0.000,0.000,0.000,0.000
2025-11-15 05:33:19,mlx5_6,0.000,0.000,0.000,0.000
2025-11-15 05:33:19,mlx5_7,0.000,0.000,0.000,0.000
2025-11-15 05:33:19,mlx5_8,0.000,0.000,0.000,0.000
2025-11-15 05:33:19,mlx5_9,0.000,0.000,4.232,4.260
2025-11-15 05:33:19,TOTAL,0.000,0.000,12.869,12.808
2025-11-15 05:33:20,mlx5_0,0.000,0.000,0.000,0.000
2025-11-15 05:33:20,mlx5_1,0.000,0.000,4.291,4.219
2025-11-15 05:33:20,mlx5_2,0.000,0.000,4.346,4.329
2025-11-15 05:33:20,mlx5_3,0.000,0.000,0.000,0.000
2025-11-15 05:33:20,mlx5_4,0.000,0.000,0.000,0.000
2025-11-15 05:33:20,mlx5_5,0.000,0.000,0.000,0.000
2025-11-15 05:33:20,mlx5_6,0.000,0.000,0.000,0.000
2025-11-15 05:33:20,mlx5_7,0.000,0.000,0.000,0.000
2025-11-15 05:33:20,mlx5_8,0.000,0.000,0.000,0.000
2025-11-15 05:33:20,mlx5_9,0.000,0.000,4.232,4.260
2025-11-15 05:33:20,TOTAL,0.000,0.000,12.869,12.808
2025-11-15 05:33:21,mlx5_0,0.000,0.000,0.000,0.000
2025-11-15 05:33:21,mlx5_1,0.000,0.000,4.291,4.219
2025-11-15 05:33:21,mlx5_2,0.000,0.000,4.346,4.329
2025-11-15 05:33:21,mlx5_3,0.000,0.000,0.000,0.000
2025-11-15 05:33:21,mlx5_4,0.000,0.000,0.000,0.000
2025-11-15 05:33:21,mlx5_5,0.000,0.000,0.000,0.000
2025-11-15 05:33:21,mlx5_6,0.000,0.000,0.000,0.000
2025-11-15 05:33:21,mlx5_7,0.000,0.000,0.000,0.000
2025-11-15 05:33:21,mlx5_8,0.000,0.000,0.000,0.000
2025-11-15 05:33:21,mlx5_9,0.000,0.000,4.232,4.260
2025-11-15 05:33:21,TOTAL,0.000,0.000,12.869,12.808
2025-11-15 05:33:22,mlx5_0,0.000,0.000,0.000,0.000
2025-11-15 05:33:22,mlx5_1,0.000,0.000,4.291,4.219
2025-11-15 05:33:22,mlx5_2,0.000,0.000,4.346,4.329
2025-11-15 05:33:22,mlx5_3,0.000,0.000,0.000,0.000
2025-11-15 05:33:22,mlx5_4,0.000,0.000,0.000,0.000
2025-11-15 05:33:22,mlx5_5,0.000,0.000,0.000,0.000
2025-11-15 05:33:22,mlx5_6,0.000,0.000,0.000,0.000
2025-11-15 05:33:22,mlx5_7,0.000,0.000,0.000,0.000
2025-11-15 05:33:22,mlx5_8,0.000,0.000,0.000,0.000
2025-11-15 05:33:22,mlx5_9,0.000,0.000,4.232,4.260
2025-11-15 05:33:22,TOTAL,0.000,0.000,12.869,12.808
2025-11-15 05:33:23,mlx5_0,0.000,0.000,0.000,0.000
2025-11-15 05:33:23,mlx5_1,0.000,0.000,4.291,4.219
2025-11-15 05:33:23,mlx5_2,0.000,0.000,4.346,4.329
2025-11-15 05:33:23,mlx5_3,0.000,0.000,0.000,0.000
2025-11-15 05:33:23,mlx5_4,0.000,0.000,0.000,0.000
2025-11-15 05:33:23,mlx5_5,0.000,0.000,0.000,0.000
2025-11-15 05:33:23,mlx5_6,0.000,0.000,0.000,0.000
2025-11-15 05:33:23,mlx5_7,0.000,0.000,0.000,0.000
2025-11-15 05:33:23,mlx5_8,0.000,0.000,0.000,0.000
2025-11-15 05:33:23,mlx5_9,0.000,0.000,4.232,4.260
2025-11-15 05:33:23,TOTAL,0.000,0.000,12.869,12.808
2025-11-15 05:33:24,mlx5_0,0.000,0.000,0.000,0.000
2025-11-15 05:33:24,mlx5_1,14.278,5.519,6.083,4.912
2025-11-15 05:33:24,mlx5_2,14.487,5.516,6.164,5.021
2025-11-15 05:33:24,mlx5_3,0.000,0.000,0.000,0.000
2025-11-15 05:33:24,mlx5_4,0.000,0.000,0.000,0.000
2025-11-15 05:33:24,mlx5_5,0.000,0.000,0.000,0.000
2025-11-15 05:33:24,mlx5_6,0.000,0.000,0.000,0.000
2025-11-15 05:33:24,mlx5_7,0.000,0.000,0.000,0.000
2025-11-15 05:33:24,mlx5_8,0.000,0.000,0.000,0.000
2025-11-15 05:33:24,mlx5_9,14.428,5.599,6.043,4.962
2025-11-15 05:33:24,TOTAL,43.194,16.634,18.289,14.895
2025-11-15 05:33:25,mlx5_0,0.000,0.000,0.000,0.000
2025-11-15 05:33:25,mlx5_1,12.342,0.017,7.632,4.914
2025-11-15 05:33:25,mlx5_2,12.347,0.017,7.714,5.023
2025-11-15 05:33:25,mlx5_3,0.000,0.000,0.000,0.000
2025-11-15 05:33:25,mlx5_4,0.000,0.000,0.000,0.000
2025-11-15 05:33:25,mlx5_5,0.000,0.000,0.000,0.000
2025-11-15 05:33:25,mlx5_6,0.000,0.000,0.000,0.000
2025-11-15 05:33:25,mlx5_7,0.000,0.000,0.000,0.000
2025-11-15 05:33:25,mlx5_8,0.000,0.000,0.000,0.000
2025-11-15 05:33:25,mlx5_9,12.577,0.017,7.621,4.964
2025-11-15 05:33:25,TOTAL,37.266,0.051,22.966,14.902
2025-11-15 05:33:26,mlx5_0,0.000,0.000,0.000,0.000
2025-11-15 05:33:26,mlx5_1,9.502,0.013,8.824,4.916
2025-11-15 05:33:26,mlx5_2,9.625,0.013,8.922,5.025
2025-11-15 05:33:26,mlx5_3,0.000,0.000,0.000,0.000
2025-11-15 05:33:26,mlx5_4,0.000,0.000,0.000,0.000
2025-11-15 05:33:26,mlx5_5,0.000,0.000,0.000,0.000
2025-11-15 05:33:26,mlx5_6,0.000,0.000,0.000,0.000
2025-11-15 05:33:26,mlx5_7,0.000,0.000,0.000,0.000
2025-11-15 05:33:26,mlx5_8,0.000,0.000,0.000,0.000
2025-11-15 05:33:26,mlx5_9,9.559,0.013,8.821,4.966
2025-11-15 05:33:26,TOTAL,28.686,0.040,26.566,14.906
2025-11-15 05:33:27,mlx5_0,0.000,0.000,0.000,0.000
2025-11-15 05:33:27,mlx5_1,3.219,0.005,9.228,4.916
2025-11-15 05:33:27,mlx5_2,3.126,0.005,9.314,5.025
2025-11-15 05:33:27,mlx5_3,0.000,0.000,0.000,0.000
2025-11-15 05:33:27,mlx5_4,0.000,0.000,0.000,0.000
2025-11-15 05:33:27,mlx5_5,0.000,0.000,0.000,0.000
2025-11-15 05:33:27,mlx5_6,0.000,0.000,0.000,0.000
2025-11-15 05:33:27,mlx5_7,0.000,0.000,0.000,0.000
2025-11-15 05:33:27,mlx5_8,0.000,0.000,0.000,0.000
2025-11-15 05:33:27,mlx5_9,3.003,0.005,9.198,4.967
2025-11-15 05:33:27,TOTAL,9.348,0.015,27.740,14.908
2025-11-15 05:33:28,mlx5_0,0.000,0.000,0.000,0.000
2025-11-15 05:33:28,mlx5_1,11.466,0.015,10.669,4.918
2025-11-15 05:33:28,mlx5_2,11.430,0.015,10.750,5.027
2025-11-15 05:33:28,mlx5_3,0.000,0.000,0.000,0.000
2025-11-15 05:33:28,mlx5_4,0.000,0.000,0.000,0.000
2025-11-15 05:33:28,mlx5_5,0.000,0.000,0.000,0.000
2025-11-15 05:33:28,mlx5_6,0.000,0.000,0.000,0.000
2025-11-15 05:33:28,mlx5_7,0.000,0.000,0.000,0.000
2025-11-15 05:33:28,mlx5_8,0.000,0.000,0.000,0.000
2025-11-15 05:33:28,mlx5_9,11.384,0.015,10.628,4.969
2025-11-15 05:33:28,TOTAL,34.280,0.044,32.046,14.914
2025-11-15 05:33:29,mlx5_0,0.000,0.000,0.000,0.000
2025-11-15 05:33:29,mlx5_1,12.732,0.018,12.266,4.920
2025-11-15 05:33:29,mlx5_2,12.953,0.018,12.376,5.029
2025-11-15 05:33:29,mlx5_3,0.000,0.000,0.000,0.000
2025-11-15 05:33:29,mlx5_4,0.000,0.000,0.000,0.000
2025-11-15 05:33:29,mlx5_5,0.000,0.000,0.000,0.000
2025-11-15 05:33:29,mlx5_6,0.000,0.000,0.000,0.000
2025-11-15 05:33:29,mlx5_7,0.000,0.000,0.000,0.000
2025-11-15 05:33:29,mlx5_8,0.000,0.000,0.000,0.000
2025-11-15 05:33:29,mlx5_9,12.820,0.018,12.237,4.971
2025-11-15 05:33:29,TOTAL,38.505,0.053,36.879,14.921
2025-11-15 05:33:30,mlx5_0,0.000,0.000,0.000,0.000
2025-11-15 05:33:30,mlx5_1,12.011,0.016,13.774,4.923
2025-11-15 05:33:30,mlx5_2,12.164,0.017,13.902,5.031
2025-11-15 05:33:30,mlx5_3,0.000,0.000,0.000,0.000
2025-11-15 05:33:30,mlx5_4,0.000,0.000,0.000,0.000
2025-11-15 05:33:30,mlx5_5,0.000,0.000,0.000,0.000
2025-11-15 05:33:30,mlx5_6,0.000,0.000,0.000,0.000
2025-11-15 05:33:30,mlx5_7,0.000,0.000,0.000,0.000
2025-11-15 05:33:30,mlx5_8,0.000,0.000,0.000,0.000
2025-11-15 05:33:30,mlx5_9,12.001,0.016,13.743,4.973
2025-11-15 05:33:30,TOTAL,36.176,0.049,41.419,14.927
2025-11-15 05:33:31,mlx5_0,0.000,0.000,0.000,0.000
2025-11-15 05:33:31,mlx5_1,12.648,0.017,15.361,4.925
2025-11-15 05:33:31,mlx5_2,12.987,0.018,15.532,5.034
2025-11-15 05:33:31,mlx5_3,0.000,0.000,0.000,0.000
2025-11-15 05:33:31,mlx5_4,0.000,0.000,0.000,0.000
2025-11-15 05:33:31,mlx5_5,0.000,0.000,0.000,0.000
2025-11-15 05:33:31,mlx5_6,0.000,0.000,0.000,0.000
2025-11-15 05:33:31,mlx5_7,0.000,0.000,0.000,0.000
2025-11-15 05:33:31,mlx5_8,0.000,0.000,0.000,0.000
2025-11-15 05:33:31,mlx5_9,12.872,0.018,15.358,4.975
2025-11-15 05:33:31,TOTAL,38.507,0.053,46.251,14.933
2025-11-15 05:33:32,mlx5_0,0.000,0.000,0.000,0.000
2025-11-15 05:33:32,mlx5_1,8.832,0.012,16.469,4.926
2025-11-15 05:33:32,mlx5_2,8.995,0.012,16.661,5.035
2025-11-15 05:33:32,mlx5_3,0.000,0.000,0.000,0.000
2025-11-15 05:33:32,mlx5_4,0.000,0.000,0.000,0.000
2025-11-15 05:33:32,mlx5_5,0.000,0.000,0.000,0.000
2025-11-15 05:33:32,mlx5_6,0.000,0.000,0.000,0.000
2025-11-15 05:33:32,mlx5_7,0.000,0.000,0.000,0.000
2025-11-15 05:33:32,mlx5_8,0.000,0.000,0.000,0.000
2025-11-15 05:33:32,mlx5_9,9.067,0.013,16.496,4.977
2025-11-15 05:33:32,TOTAL,26.893,0.037,49.626,14.938
2025-11-15 05:33:33,mlx5_0,0.000,0.000,0.000,0.000
2025-11-15 05:33:33,mlx5_1,15.126,0.020,18.368,4.929
2025-11-15 05:33:33,mlx5_2,15.323,0.021,18.584,5.038
2025-11-15 05:33:33,mlx5_3,0.000,0.000,0.000,0.000
2025-11-15 05:33:33,mlx5_4,0.000,0.000,0.000,0.000
2025-11-15 05:33:33,mlx5_5,0.000,0.000,0.000,0.000
2025-11-15 05:33:33,mlx5_6,0.000,0.000,0.000,0.000
2025-11-15 05:33:33,mlx5_7,0.000,0.000,0.000,0.000
2025-11-15 05:33:33,mlx5_8,0.000,0.000,0.000,0.000
2025-11-15 05:33:33,mlx5_9,15.110,0.020,18.393,4.979
2025-11-15 05:33:33,TOTAL,45.558,0.061,55.346,14.946
2025-11-15 05:33:34,mlx5_0,0.000,0.000,0.000,0.000
2025-11-15 05:33:34,mlx5_1,3.918,0.006,18.860,4.930
2025-11-15 05:33:34,mlx5_2,3.854,0.006,19.068,5.039
2025-11-15 05:33:34,mlx5_3,0.000,0.000,0.000,0.000
2025-11-15 05:33:34,mlx5_4,0.000,0.000,0.000,0.000
2025-11-15 05:33:34,mlx5_5,0.000,0.000,0.000,0.000
2025-11-15 05:33:34,mlx5_6,0.000,0.000,0.000,0.000
2025-11-15 05:33:34,mlx5_7,0.000,0.000,0.000,0.000
2025-11-15 05:33:34,mlx5_8,0.000,0.000,0.000,0.000
2025-11-15 05:33:34,mlx5_9,3.935,0.006,18.887,4.980
2025-11-15 05:33:34,TOTAL,11.707,0.018,56.815,14.948
2025-11-15 05:33:35,mlx5_0,0.000,0.000,0.000,0.000
2025-11-15 05:33:35,mlx5_1,9.274,0.012,20.025,4.931
2025-11-15 05:33:35,mlx5_2,9.330,0.012,20.240,5.040
2025-11-15 05:33:35,mlx5_3,0.000,0.000,0.000,0.000
2025-11-15 05:33:35,mlx5_4,0.000,0.000,0.000,0.000
2025-11-15 05:33:35,mlx5_5,0.000,0.000,0.000,0.000
2025-11-15 05:33:35,mlx5_6,0.000,0.000,0.000,0.000
2025-11-15 05:33:35,mlx5_7,0.000,0.000,0.000,0.000
2025-11-15 05:33:35,mlx5_8,0.000,0.000,0.000,0.000
2025-11-15 05:33:35,mlx5_9,9.144,0.012,20.035,4.981
2025-11-15 05:33:35,TOTAL,27.749,0.036,60.300,14.953
2025-11-15 05:33:36,mlx5_0,0.000,0.000,0.000,0.000
2025-11-15 05:33:36,mlx5_1,11.916,0.016,21.519,4.933
2025-11-15 05:33:36,mlx5_2,12.085,0.017,21.755,5.042
2025-11-15 05:33:36,mlx5_3,0.000,0.000,0.000,0.000
2025-11-15 05:33:36,mlx5_4,0.000,0.000,0.000,0.000
2025-11-15 05:33:36,mlx5_5,0.000,0.000,0.000,0.000
2025-11-15 05:33:36,mlx5_6,0.000,0.000,0.000,0.000
2025-11-15 05:33:36,mlx5_7,0.000,0.000,0.000,0.000
2025-11-15 05:33:36,mlx5_8,0.000,0.000,0.000,0.000
2025-11-15 05:33:36,mlx5_9,12.032,0.017,21.544,4.984
2025-11-15 05:33:36,TOTAL,36.033,0.050,64.819,14.959
2025-11-15 05:33:37,mlx5_0,0.000,0.000,0.000,0.000
2025-11-15 05:33:37,mlx5_1,12.947,0.017,23.144,4.935
2025-11-15 05:33:37,mlx5_2,12.776,0.017,23.359,5.044
2025-11-15 05:33:37,mlx5_3,0.000,0.000,0.000,0.000
2025-11-15 05:33:37,mlx5_4,0.000,0.000,0.000,0.000
2025-11-15 05:33:37,mlx5_5,0.000,0.000,0.000,0.000
2025-11-15 05:33:37,mlx5_6,0.000,0.000,0.000,0.000
2025-11-15 05:33:37,mlx5_7,0.000,0.000,0.000,0.000
2025-11-15 05:33:37,mlx5_8,0.000,0.000,0.000,0.000
2025-11-15 05:33:37,mlx5_9,12.782,0.018,23.148,4.986
2025-11-15 05:33:37,TOTAL,38.505,0.052,69.651,14.965
2025-11-15 05:33:38,mlx5_0,0.000,0.000,0.000,0.000
2025-11-15 05:33:38,mlx5_1,11.862,0.016,24.633,4.937
2025-11-15 05:33:38,mlx5_2,12.066,0.017,24.873,5.046
2025-11-15 05:33:38,mlx5_3,0.000,0.000,0.000,0.000
2025-11-15 05:33:38,mlx5_4,0.000,0.000,0.000,0.000
2025-11-15 05:33:38,mlx5_5,0.000,0.000,0.000,0.000
2025-11-15 05:33:38,mlx5_6,0.000,0.000,0.000,0.000
2025-11-15 05:33:38,mlx5_7,0.000,0.000,0.000,0.000
2025-11-15 05:33:38,mlx5_8,0.000,0.000,0.000,0.000
2025-11-15 05:33:38,mlx5_9,11.993,0.017,24.654,4.988
2025-11-15 05:33:38,TOTAL,35.921,0.050,74.159,14.972
2025-11-15 05:33:39,mlx5_0,0.000,0.000,0.000,0.000
2025-11-15 05:33:39,mlx5_1,12.863,0.018,26.246,4.940
2025-11-15 05:33:39,mlx5_2,12.674,0.018,26.462,5.049
2025-11-15 05:33:39,mlx5_3,0.000,0.000,0.000,0.000
2025-11-15 05:33:39,mlx5_4,0.000,0.000,0.000,0.000
2025-11-15 05:33:39,mlx5_5,0.000,0.000,0.000,0.000
2025-11-15 05:33:39,mlx5_6,0.000,0.000,0.000,0.000
2025-11-15 05:33:39,mlx5_7,0.000,0.000,0.000,0.000
2025-11-15 05:33:39,mlx5_8,0.000,0.000,0.000,0.000
2025-11-15 05:33:39,mlx5_9,12.907,0.018,26.272,4.990
2025-11-15 05:33:39,TOTAL,38.444,0.053,78.980,14.978
2025-11-15 05:33:40,mlx5_0,0.000,0.000,0.000,0.000
2025-11-15 05:33:40,mlx5_1,3.756,0.006,26.717,4.940
2025-11-15 05:33:40,mlx5_2,3.829,0.006,26.943,5.049
2025-11-15 05:33:40,mlx5_3,0.000,0.000,0.000,0.000
2025-11-15 05:33:40,mlx5_4,0.000,0.000,0.000,0.000
2025-11-15 05:33:40,mlx5_5,0.000,0.000,0.000,0.000
2025-11-15 05:33:40,mlx5_6,0.000,0.000,0.000,0.000
2025-11-15 05:33:40,mlx5_7,0.000,0.000,0.000,0.000
2025-11-15 05:33:40,mlx5_8,0.000,0.000,0.000,0.000
2025-11-15 05:33:40,mlx5_9,3.820,0.006,26.751,4.991
2025-11-15 05:33:40,TOTAL,11.405,0.018,80.411,14.980
2025-11-15 05:33:41,mlx5_0,0.000,0.000,0.000,0.000
2025-11-15 05:33:41,mlx5_1,13.625,0.018,28.431,4.943
2025-11-15 05:33:41,mlx5_2,13.711,0.019,28.668,5.052
2025-11-15 05:33:41,mlx5_3,0.000,0.000,0.000,0.000
2025-11-15 05:33:41,mlx5_4,0.000,0.000,0.000,0.000
2025-11-15 05:33:41,mlx5_5,0.000,0.000,0.000,0.000
2025-11-15 05:33:41,mlx5_6,0.000,0.000,0.000,0.000
2025-11-15 05:33:41,mlx5_7,0.000,0.000,0.000,0.000
2025-11-15 05:33:41,mlx5_8,0.000,0.000,0.000,0.000
2025-11-15 05:33:41,mlx5_9,13.570,0.018,28.459,4.993
2025-11-15 05:33:41,TOTAL,40.906,0.055,85.558,14.987
2025-11-15 05:33:42,mlx5_0,0.000,0.000,0.000,0.000
2025-11-15 05:33:42,mlx5_1,7.106,0.009,29.324,4.944
2025-11-15 05:33:42,mlx5_2,7.000,0.009,29.547,5.053
2025-11-15 05:33:42,mlx5_3,0.000,0.000,0.000,0.000
2025-11-15 05:33:42,mlx5_4,0.000,0.000,0.000,0.000
2025-11-15 05:33:42,mlx5_5,0.000,0.000,0.000,0.000
2025-11-15 05:33:42,mlx5_6,0.000,0.000,0.000,0.000
2025-11-15 05:33:42,mlx5_7,0.000,0.000,0.000,0.000
2025-11-15 05:33:42,mlx5_8,0.000,0.000,0.000,0.000
2025-11-15 05:33:42,mlx5_9,7.004,0.009,29.338,4.994
2025-11-15 05:33:42,TOTAL,21.110,0.027,88.208,14.991
2025-11-15 05:33:43,mlx5_0,0.000,0.000,0.000,0.000
2025-11-15 05:33:43,mlx5_1,12.783,0.017,30.928,4.946
2025-11-15 05:33:43,mlx5_2,12.748,0.018,31.147,5.055
2025-11-15 05:33:43,mlx5_3,0.000,0.000,0.000,0.000
2025-11-15 05:33:43,mlx5_4,0.000,0.000,0.000,0.000
2025-11-15 05:33:43,mlx5_5,0.000,0.000,0.000,0.000
2025-11-15 05:33:43,mlx5_6,0.000,0.000,0.000,0.000
2025-11-15 05:33:43,mlx5_7,0.000,0.000,0.000,0.000
2025-11-15 05:33:43,mlx5_8,0.000,0.000,0.000,0.000
2025-11-15 05:33:43,mlx5_9,12.976,0.018,30.967,4.996
2025-11-15 05:33:43,TOTAL,38.507,0.053,93.041,14.997
2025-11-15 05:33:44,mlx5_0,0.000,0.000,0.000,0.000
2025-11-15 05:33:44,mlx5_1,11.977,0.016,32.431,4.948
2025-11-15 05:33:44,mlx5_2,12.073,0.016,32.662,5.057
2025-11-15 05:33:44,mlx5_3,0.000,0.000,0.000,0.000
2025-11-15 05:33:44,mlx5_4,0.000,0.000,0.000,0.000
2025-11-15 05:33:44,mlx5_5,0.000,0.000,0.000,0.000
2025-11-15 05:33:44,mlx5_6,0.000,0.000,0.000,0.000
2025-11-15 05:33:44,mlx5_7,0.000,0.000,0.000,0.000
2025-11-15 05:33:44,mlx5_8,0.000,0.000,0.000,0.000
2025-11-15 05:33:44,mlx5_9,12.126,0.016,32.488,4.999
2025-11-15 05:33:44,TOTAL,36.175,0.049,97.581,15.004
2025-11-15 05:33:45,mlx5_0,0.000,0.000,0.000,0.000
2025-11-15 05:33:45,mlx5_1,12.695,0.017,34.024,4.950
2025-11-15 05:33:45,mlx5_2,12.907,0.018,34.281,5.059
2025-11-15 05:33:45,mlx5_3,0.000,0.000,0.000,0.000
2025-11-15 05:33:45,mlx5_4,0.000,0.000,0.000,0.000
2025-11-15 05:33:45,mlx5_5,0.000,0.000,0.000,0.000
2025-11-15 05:33:45,mlx5_6,0.000,0.000,0.000,0.000
2025-11-15 05:33:45,mlx5_7,0.000,0.000,0.000,0.000
2025-11-15 05:33:45,mlx5_8,0.000,0.000,0.000,0.000
2025-11-15 05:33:45,mlx5_9,12.904,0.018,34.108,5.001
2025-11-15 05:33:45,TOTAL,38.507,0.053,102.413,15.010
2025-11-15 05:33:46,mlx5_0,0.000,0.000,0.000,0.000
2025-11-15 05:33:46,mlx5_1,12.070,0.016,35.539,4.952
2025-11-15 05:33:46,mlx5_2,11.987,0.017,35.786,5.061
2025-11-15 05:33:46,mlx5_3,0.000,0.000,0.000,0.000
2025-11-15 05:33:46,mlx5_4,0.000,0.000,0.000,0.000
2025-11-15 05:33:46,mlx5_5,0.000,0.000,0.000,0.000
2025-11-15 05:33:46,mlx5_6,0.000,0.000,0.000,0.000
2025-11-15 05:33:46,mlx5_7,0.000,0.000,0.000,0.000
2025-11-15 05:33:46,mlx5_8,0.000,0.000,0.000,0.000
2025-11-15 05:33:46,mlx5_9,12.119,0.017,35.629,5.003
2025-11-15 05:33:46,TOTAL,36.177,0.050,106.953,15.017
2025-11-15 05:33:47,mlx5_0,0.000,0.000,0.000,0.000
2025-11-15 05:33:47,mlx5_1,5.786,0.009,36.265,4.953
2025-11-15 05:33:47,mlx5_2,5.845,0.009,36.519,5.063
2025-11-15 05:33:47,mlx5_3,0.000,0.000,0.000,0.000
2025-11-15 05:33:47,mlx5_4,0.000,0.000,0.000,0.000
2025-11-15 05:33:47,mlx5_5,0.000,0.000,0.000,0.000
2025-11-15 05:33:47,mlx5_6,0.000,0.000,0.000,0.000
2025-11-15 05:33:47,mlx5_7,0.000,0.000,0.000,0.000
2025-11-15 05:33:47,mlx5_8,0.000,0.000,0.000,0.000
2025-11-15 05:33:47,mlx5_9,5.853,0.009,36.363,5.004
2025-11-15 05:33:47,TOTAL,17.485,0.026,109.147,15.020
2025-11-15 05:33:48,mlx5_0,0.000,0.000,0.000,0.000
2025-11-15 05:33:48,mlx5_1,7.016,0.009,37.145,4.954
2025-11-15 05:33:48,mlx5_2,7.044,0.009,37.403,5.064
2025-11-15 05:33:48,mlx5_3,0.000,0.000,0.000,0.000
2025-11-15 05:33:48,mlx5_4,0.000,0.000,0.000,0.000
2025-11-15 05:33:48,mlx5_5,0.000,0.000,0.000,0.000
2025-11-15 05:33:48,mlx5_6,0.000,0.000,0.000,0.000
2025-11-15 05:33:48,mlx5_7,0.000,0.000,0.000,0.000
2025-11-15 05:33:48,mlx5_8,0.000,0.000,0.000,0.000
2025-11-15 05:33:48,mlx5_9,6.962,0.009,37.237,5.005
2025-11-15 05:33:48,TOTAL,21.022,0.027,111.785,15.023
2025-11-15 05:33:49,mlx5_0,0.000,0.000,0.000,0.000
2025-11-15 05:33:49,mlx5_1,12.151,0.016,38.670,4.956
2025-11-15 05:33:49,mlx5_2,12.078,0.017,38.919,5.066
2025-11-15 05:33:49,mlx5_3,0.000,0.000,0.000,0.000
2025-11-15 05:33:49,mlx5_4,0.000,0.000,0.000,0.000
2025-11-15 05:33:49,mlx5_5,0.000,0.000,0.000,0.000
2025-11-15 05:33:49,mlx5_6,0.000,0.000,0.000,0.000
2025-11-15 05:33:49,mlx5_7,0.000,0.000,0.000,0.000
2025-11-15 05:33:49,mlx5_8,0.000,0.000,0.000,0.000
2025-11-15 05:33:49,mlx5_9,11.959,0.016,38.737,5.007
2025-11-15 05:33:49,TOTAL,36.188,0.049,116.325,15.029
2025-11-15 05:33:50,mlx5_0,0.000,0.000,0.000,0.000
2025-11-15 05:33:50,mlx5_1,12.738,0.017,40.268,4.959
2025-11-15 05:33:50,mlx5_2,12.954,0.017,40.544,5.068
2025-11-15 05:33:50,mlx5_3,0.000,0.000,0.000,0.000
2025-11-15 05:33:50,mlx5_4,0.000,0.000,0.000,0.000
2025-11-15 05:33:50,mlx5_5,0.000,0.000,0.000,0.000
2025-11-15 05:33:50,mlx5_6,0.000,0.000,0.000,0.000
2025-11-15 05:33:50,mlx5_7,0.000,0.000,0.000,0.000
2025-11-15 05:33:50,mlx5_8,0.000,0.000,0.000,0.000
2025-11-15 05:33:50,mlx5_9,12.809,0.017,40.345,5.009
2025-11-15 05:33:50,TOTAL,38.501,0.052,121.157,15.036
2025-11-15 05:33:51,mlx5_0,0.000,0.000,0.000,0.000
2025-11-15 05:33:51,mlx5_1,0.000,0.000,40.268,4.959
2025-11-15 05:33:51,mlx5_2,0.000,0.000,40.544,5.068
2025-11-15 05:33:51,mlx5_3,0.000,0.000,0.000,0.000
2025-11-15 05:33:51,mlx5_4,0.000,0.000,0.000,0.000
2025-11-15 05:33:51,mlx5_5,0.000,0.000,0.000,0.000
2025-11-15 05:33:51,mlx5_6,0.000,0.000,0.000,0.000
2025-11-15 05:33:51,mlx5_7,0.000,0.000,0.000,0.000
2025-11-15 05:33:51,mlx5_8,0.000,0.000,0.000,0.000
2025-11-15 05:33:51,mlx5_9,0.000,0.000,40.345,5.009
2025-11-15 05:33:51,TOTAL,0.000,0.000,121.157,15.036
2025-11-15 05:33:52,mlx5_0,0.000,0.000,0.000,0.000
2025-11-15 05:33:52,mlx5_1,0.000,0.000,40.268,4.959
2025-11-15 05:33:52,mlx5_2,0.000,0.000,40.544,5.068
2025-11-15 05:33:52,mlx5_3,0.000,0.000,0.000,0.000
2025-11-15 05:33:52,mlx5_4,0.000,0.000,0.000,0.000
2025-11-15 05:33:52,mlx5_5,0.000,0.000,0.000,0.000
2025-11-15 05:33:52,mlx5_6,0.000,0.000,0.000,0.000
2025-11-15 05:33:52,mlx5_7,0.000,0.000,0.000,0.000
2025-11-15 05:33:52,mlx5_8,0.000,0.000,0.000,0.000
2025-11-15 05:33:52,mlx5_9,0.000,0.000,40.345,5.009
2025-11-15 05:33:52,TOTAL,0.000,0.000,121.157,15.036
2025-11-15 05:33:53,mlx5_0,0.000,0.000,0.000,0.000
2025-11-15 05:33:53,mlx5_1,0.000,0.000,40.268,4.959
2025-11-15 05:33:53,mlx5_2,0.000,0.000,40.544,5.068
2025-11-15 05:33:53,mlx5_3,0.000,0.000,0.000,0.000
2025-11-15 05:33:53,mlx5_4,0.000,0.000,0.000,0.000
2025-11-15 05:33:53,mlx5_5,0.000,0.000,0.000,0.000
2025-11-15 05:33:53,mlx5_6,0.000,0.000,0.000,0.000
2025-11-15 05:33:53,mlx5_7,0.000,0.000,0.000,0.000
2025-11-15 05:33:53,mlx5_8,0.000,0.000,0.000,0.000
2025-11-15 05:33:53,mlx5_9,0.000,0.000,40.345,5.009
2025-11-15 05:33:53,TOTAL,0.000,0.000,121.157,15.036
2025-11-15 05:33:54,mlx5_0,0.000,0.000,0.000,0.000
2025-11-15 05:33:54,mlx5_1,0.000,0.000,40.268,4.959
2025-11-15 05:33:54,mlx5_2,0.000,0.000,40.544,5.068
2025-11-15 05:33:54,mlx5_3,0.000,0.000,0.000,0.000
2025-11-15 05:33:54,mlx5_4,0.000,0.000,0.000,0.000
2025-11-15 05:33:54,mlx5_5,0.000,0.000,0.000,0.000
2025-11-15 05:33:54,mlx5_6,0.000,0.000,0.000,0.000
2025-11-15 05:33:54,mlx5_7,0.000,0.000,0.000,0.000
2025-11-15 05:33:54,mlx5_8,0.000,0.000,0.000,0.000
2025-11-15 05:33:54,mlx5_9,0.000,0.000,40.345,5.009
2025-11-15 05:33:54,TOTAL,0.000,0.000,121.157,15.036
2025-11-15 05:33:55,mlx5_0,0.000,0.000,0.000,0.000
2025-11-15 05:33:55,mlx5_1,0.000,0.000,40.268,4.959
2025-11-15 05:33:55,mlx5_2,0.000,0.000,40.544,5.068
2025-11-15 05:33:55,mlx5_3,0.000,0.000,0.000,0.000
2025-11-15 05:33:55,mlx5_4,0.000,0.000,0.000,0.000
2025-11-15 05:33:55,mlx5_5,0.000,0.000,0.000,0.000
2025-11-15 05:33:55,mlx5_6,0.000,0.000,0.000,0.000
2025-11-15 05:33:55,mlx5_7,0.000,0.000,0.000,0.000
2025-11-15 05:33:55,mlx5_8,0.000,0.000,0.000,0.000
2025-11-15 05:33:55,mlx5_9,0.000,0.000,40.345,5.009
2025-11-15 05:33:55,TOTAL,0.000,0.000,121.157,15.036
2025-11-15 05:33:56,mlx5_0,0.000,0.000,0.000,0.000
2025-11-15 05:33:56,mlx5_1,0.000,0.000,40.268,4.959
2025-11-15 05:33:56,mlx5_2,0.000,0.000,40.544,5.068
2025-11-15 05:33:56,mlx5_3,0.000,0.000,0.000,0.000
2025-11-15 05:33:56,mlx5_4,0.000,0.000,0.000,0.000
2025-11-15 05:33:56,mlx5_5,0.000,0.000,0.000,0.000
2025-11-15 05:33:56,mlx5_6,0.000,0.000,0.000,0.000
2025-11-15 05:33:56,mlx5_7,0.000,0.000,0.000,0.000
2025-11-15 05:33:56,mlx5_8,0.000,0.000,0.000,0.000
2025-11-15 05:33:56,mlx5_9,0.000,0.000,40.345,5.009
2025-11-15 05:33:56,TOTAL,0.000,0.000,121.157,15.036
2025-11-15 05:33:57,mlx5_0,0.000,0.000,0.000,0.000
2025-11-15 05:33:57,mlx5_1,0.000,0.000,40.268,4.959
2025-11-15 05:33:57,mlx5_2,0.000,0.000,40.544,5.068
2025-11-15 05:33:57,mlx5_3,0.000,0.000,0.000,0.000
2025-11-15 05:33:57,mlx5_4,0.000,0.000,0.000,0.000
2025-11-15 05:33:57,mlx5_5,0.000,0.000,0.000,0.000
2025-11-15 05:33:57,mlx5_6,0.000,0.000,0.000,0.000
2025-11-15 05:33:57,mlx5_7,0.000,0.000,0.000,0.000
2025-11-15 05:33:57,mlx5_8,0.000,0.000,0.000,0.000
2025-11-15 05:33:57,mlx5_9,0.000,0.000,40.345,5.009
2025-11-15 05:33:57,TOTAL,0.000,0.000,121.157,15.036
2025-11-15 05:33:58,mlx5_0,0.000,0.000,0.000,0.000
2025-11-15 05:33:58,mlx5_1,0.000,0.000,40.268,4.959
2025-11-15 05:33:58,mlx5_2,0.000,0.000,40.544,5.068
2025-11-15 05:33:58,mlx5_3,0.000,0.000,0.000,0.000
2025-11-15 05:33:58,mlx5_4,0.000,0.000,0.000,0.000
2025-11-15 05:33:58,mlx5_5,0.000,0.000,0.000,0.000
2025-11-15 05:33:58,mlx5_6,0.000,0.000,0.000,0.000
2025-11-15 05:33:58,mlx5_7,0.000,0.000,0.000,0.000
2025-11-15 05:33:58,mlx5_8,0.000,0.000,0.000,0.000
2025-11-15 05:33:58,mlx5_9,0.000,0.000,40.345,5.009
2025-11-15 05:33:58,TOTAL,0.000,0.000,121.157,15.036
2025-11-15 05:33:59,mlx5_0,0.000,0.000,0.000,0.000
2025-11-15 05:33:59,mlx5_1,0.000,0.000,40.268,4.959
2025-11-15 05:33:59,mlx5_2,0.000,0.000,40.544,5.068
2025-11-15 05:33:59,mlx5_3,0.000,0.000,0.000,0.000
2025-11-15 05:33:59,mlx5_4,0.000,0.000,0.000,0.000
2025-11-15 05:33:59,mlx5_5,0.000,0.000,0.000,0.000
2025-11-15 05:33:59,mlx5_6,0.000,0.000,0.000,0.000
2025-11-15 05:33:59,mlx5_7,0.000,0.000,0.000,0.000
2025-11-15 05:33:59,mlx5_8,0.000,0.000,0.000,0.000
2025-11-15 05:33:59,mlx5_9,0.000,0.000,40.345,5.009
2025-11-15 05:33:59,TOTAL,0.000,0.000,121.157,15.036
2025-11-15 05:34:00,mlx5_0,0.000,0.000,0.000,0.000
2025-11-15 05:34:00,mlx5_1,0.000,0.000,40.268,4.959
2025-11-15 05:34:00,mlx5_2,0.000,0.000,40.544,5.068
2025-11-15 05:34:00,mlx5_3,0.000,0.000,0.000,0.000
2025-11-15 05:34:00,mlx5_4,0.000,0.000,0.000,0.000
2025-11-15 05:34:00,mlx5_5,0.000,0.000,0.000,0.000
2025-11-15 05:34:00,mlx5_6,0.000,0.000,0.000,0.000
2025-11-15 05:34:00,mlx5_7,0.000,0.000,0.000,0.000
2025-11-15 05:34:00,mlx5_8,0.000,0.000,0.000,0.000
2025-11-15 05:34:00,mlx5_9,0.000,0.000,40.345,5.009
2025-11-15 05:34:00,TOTAL,0.000,0.000,121.157,15.036
2025-11-15 05:34:01,mlx5_0,0.000,0.000,0.000,0.000
2025-11-15 05:34:01,mlx5_1,0.012,8.853,40.270,6.069
2025-11-15 05:34:01,mlx5_2,0.012,9.203,40.546,6.223
2025-11-15 05:34:01,mlx5_3,0.000,0.000,0.000,0.000
2025-11-15 05:34:01,mlx5_4,0.000,0.000,0.000,0.000
2025-11-15 05:34:01,mlx5_5,0.000,0.000,0.000,0.000
2025-11-15 05:34:01,mlx5_6,0.000,0.000,0.000,0.000
2025-11-15 05:34:01,mlx5_7,0.000,0.000,0.000,0.000
2025-11-15 05:34:01,mlx5_8,0.000,0.000,0.000,0.000
2025-11-15 05:34:01,mlx5_9,0.012,8.983,40.346,6.137
2025-11-15 05:34:01,TOTAL,0.036,27.039,121.162,18.429
2025-11-15 05:34:02,mlx5_0,0.000,0.000,0.000,0.000
2025-11-15 05:34:02,mlx5_1,0.059,43.697,40.277,11.554
2025-11-15 05:34:02,mlx5_2,0.061,45.185,40.554,11.894
2025-11-15 05:34:02,mlx5_3,0.000,0.000,0.000,0.000
2025-11-15 05:34:02,mlx5_4,0.000,0.000,0.000,0.000
2025-11-15 05:34:02,mlx5_5,0.000,0.000,0.000,0.000
2025-11-15 05:34:02,mlx5_6,0.000,0.000,0.000,0.000
2025-11-15 05:34:02,mlx5_7,0.000,0.000,0.000,0.000
2025-11-15 05:34:02,mlx5_8,0.000,0.000,0.000,0.000
2025-11-15 05:34:02,mlx5_9,0.060,44.334,40.354,11.701
2025-11-15 05:34:02,TOTAL,0.180,133.217,121.185,35.149
2025-11-15 05:34:03,mlx5_0,0.000,0.000,0.000,0.000
2025-11-15 05:34:03,mlx5_1,0.074,56.637,40.287,18.663
2025-11-15 05:34:03,mlx5_2,0.076,58.854,40.563,19.281
2025-11-15 05:34:03,mlx5_3,0.000,0.000,0.000,0.000
2025-11-15 05:34:03,mlx5_4,0.000,0.000,0.000,0.000
2025-11-15 05:34:03,mlx5_5,0.000,0.000,0.000,0.000
2025-11-15 05:34:03,mlx5_6,0.000,0.000,0.000,0.000
2025-11-15 05:34:03,mlx5_7,0.000,0.000,0.000,0.000
2025-11-15 05:34:03,mlx5_8,0.000,0.000,0.000,0.000
2025-11-15 05:34:03,mlx5_9,0.075,57.217,40.363,18.883
2025-11-15 05:34:03,TOTAL,0.225,172.708,121.213,56.827
2025-11-15 05:34:04,mlx5_0,0.000,0.000,0.000,0.000
2025-11-15 05:34:04,mlx5_1,0.076,58.852,40.296,26.050
2025-11-15 05:34:04,mlx5_2,0.079,60.298,40.573,26.849
2025-11-15 05:34:04,mlx5_3,0.000,0.000,0.000,0.000
2025-11-15 05:34:04,mlx5_4,0.000,0.000,0.000,0.000
2025-11-15 05:34:04,mlx5_5,0.000,0.000,0.000,0.000
2025-11-15 05:34:04,mlx5_6,0.000,0.000,0.000,0.000
2025-11-15 05:34:04,mlx5_7,0.000,0.000,0.000,0.000
2025-11-15 05:34:04,mlx5_8,0.000,0.000,0.000,0.000
2025-11-15 05:34:04,mlx5_9,0.078,59.381,40.373,26.336
2025-11-15 05:34:04,TOTAL,0.232,178.531,121.242,79.235
2025-11-15 05:34:05,mlx5_0,0.000,0.000,0.000,0.000
2025-11-15 05:34:05,mlx5_1,0.064,50.156,40.304,32.347
2025-11-15 05:34:05,mlx5_2,0.066,51.612,40.581,33.329
2025-11-15 05:34:05,mlx5_3,0.000,0.000,0.000,0.000
2025-11-15 05:34:05,mlx5_4,0.000,0.000,0.000,0.000
2025-11-15 05:34:05,mlx5_5,0.000,0.000,0.000,0.000
2025-11-15 05:34:05,mlx5_6,0.000,0.000,0.000,0.000
2025-11-15 05:34:05,mlx5_7,0.000,0.000,0.000,0.000
2025-11-15 05:34:05,mlx5_8,0.000,0.000,0.000,0.000
2025-11-15 05:34:05,mlx5_9,0.065,50.711,40.381,32.703
2025-11-15 05:34:05,TOTAL,0.196,152.479,121.267,98.378
2025-11-15 05:34:06,mlx5_0,0.000,0.000,0.000,0.000
2025-11-15 05:34:06,mlx5_1,0.062,47.803,40.312,38.348
2025-11-15 05:34:06,mlx5_2,0.064,49.498,40.589,39.544
2025-11-15 05:34:06,mlx5_3,0.000,0.000,0.000,0.000
2025-11-15 05:34:06,mlx5_4,0.000,0.000,0.000,0.000
2025-11-15 05:34:06,mlx5_5,0.000,0.000,0.000,0.000
2025-11-15 05:34:06,mlx5_6,0.000,0.000,0.000,0.000
2025-11-15 05:34:06,mlx5_7,0.000,0.000,0.000,0.000
2025-11-15 05:34:06,mlx5_8,0.000,0.000,0.000,0.000
2025-11-15 05:34:06,mlx5_9,0.063,48.493,40.389,38.791
2025-11-15 05:34:06,TOTAL,0.190,145.794,121.290,116.683
2025-11-15 05:34:07,mlx5_0,0.000,0.000,0.000,0.000
2025-11-15 05:34:07,mlx5_1,0.017,13.679,40.314,40.065
2025-11-15 05:34:07,mlx5_2,0.018,13.986,40.591,41.299
2025-11-15 05:34:07,mlx5_3,0.000,0.000,0.000,0.000
2025-11-15 05:34:07,mlx5_4,0.000,0.000,0.000,0.000
2025-11-15 05:34:07,mlx5_5,0.000,0.000,0.000,0.000
2025-11-15 05:34:07,mlx5_6,0.000,0.000,0.000,0.000
2025-11-15 05:34:07,mlx5_7,0.000,0.000,0.000,0.000
2025-11-15 05:34:07,mlx5_8,0.000,0.000,0.000,0.000
2025-11-15 05:34:07,mlx5_9,0.017,13.455,40.391,40.479
2025-11-15 05:34:07,TOTAL,0.052,41.120,121.297,121.842
2025-11-15 05:34:08,mlx5_0,0.000,0.000,0.000,0.000
2025-11-15 05:34:08,mlx5_1,0.000,0.000,40.314,40.065
2025-11-15 05:34:08,mlx5_2,0.000,0.000,40.591,41.299
2025-11-15 05:34:08,mlx5_3,0.000,0.000,0.000,0.000
2025-11-15 05:34:08,mlx5_4,0.000,0.000,0.000,0.000
2025-11-15 05:34:08,mlx5_5,0.000,0.000,0.000,0.000
2025-11-15 05:34:08,mlx5_6,0.000,0.000,0.000,0.000
2025-11-15 05:34:08,mlx5_7,0.000,0.000,0.000,0.000
2025-11-15 05:34:08,mlx5_8,0.000,0.000,0.000,0.000
2025-11-15 05:34:08,mlx5_9,0.000,0.000,40.391,40.479
2025-11-15 05:34:08,TOTAL,0.000,0.000,121.297,121.842
2025-11-15 05:34:09,mlx5_0,0.000,0.000,0.000,0.000
2025-11-15 05:34:09,mlx5_1,0.000,0.000,40.314,40.065
2025-11-15 05:34:09,mlx5_2,0.000,0.000,40.591,41.299
2025-11-15 05:34:09,mlx5_3,0.000,0.000,0.000,0.000
2025-11-15 05:34:09,mlx5_4,0.000,0.000,0.000,0.000
2025-11-15 05:34:09,mlx5_5,0.000,0.000,0.000,0.000
2025-11-15 05:34:09,mlx5_6,0.000,0.000,0.000,0.000
2025-11-15 05:34:09,mlx5_7,0.000,0.000,0.000,0.000
2025-11-15 05:34:09,mlx5_8,0.000,0.000,0.000,0.000
2025-11-15 05:34:09,mlx5_9,0.000,0.000,40.391,40.479
2025-11-15 05:34:09,TOTAL,0.000,0.000,121.297,121.842
2025-11-15 05:34:10,mlx5_0,0.000,0.000,0.000,0.000
2025-11-15 05:34:10,mlx5_1,0.000,0.000,40.314,40.065
2025-11-15 05:34:10,mlx5_2,0.000,0.000,40.591,41.299
2025-11-15 05:34:10,mlx5_3,0.000,0.000,0.000,0.000
2025-11-15 05:34:10,mlx5_4,0.000,0.000,0.000,0.000
2025-11-15 05:34:10,mlx5_5,0.000,0.000,0.000,0.000
2025-11-15 05:34:10,mlx5_6,0.000,0.000,0.000,0.000
2025-11-15 05:34:10,mlx5_7,0.000,0.000,0.000,0.000
2025-11-15 05:34:10,mlx5_8,0.000,0.000,0.000,0.000
2025-11-15 05:34:10,mlx5_9,0.000,0.000,40.391,40.479
2025-11-15 05:34:10,TOTAL,0.000,0.000,121.297,121.842
2025-11-15 05:34:11,mlx5_0,0.000,0.000,0.000,0.000
2025-11-15 05:34:11,mlx5_1,0.000,0.000,40.314,40.065
2025-11-15 05:34:11,mlx5_2,0.000,0.000,40.591,41.299
2025-11-15 05:34:11,mlx5_3,0.000,0.000,0.000,0.000
2025-11-15 05:34:11,mlx5_4,0.000,0.000,0.000,0.000
2025-11-15 05:34:11,mlx5_5,0.000,0.000,0.000,0.000
2025-11-15 05:34:11,mlx5_6,0.000,0.000,0.000,0.000
2025-11-15 05:34:11,mlx5_7,0.000,0.000,0.000,0.000
2025-11-15 05:34:11,mlx5_8,0.000,0.000,0.000,0.000
2025-11-15 05:34:11,mlx5_9,0.000,0.000,40.391,40.479
2025-11-15 05:34:11,TOTAL,0.000,0.000,121.297,121.842
2025-11-15 05:34:12,mlx5_0,0.000,0.000,0.000,0.000
2025-11-15 05:34:12,mlx5_1,0.000,0.000,40.314,40.065
2025-11-15 05:34:12,mlx5_2,0.000,0.000,40.591,41.299
2025-11-15 05:34:12,mlx5_3,0.000,0.000,0.000,0.000
2025-11-15 05:34:12,mlx5_4,0.000,0.000,0.000,0.000
2025-11-15 05:34:12,mlx5_5,0.000,0.000,0.000,0.000
2025-11-15 05:34:12,mlx5_6,0.000,0.000,0.000,0.000
2025-11-15 05:34:12,mlx5_7,0.000,0.000,0.000,0.000
2025-11-15 05:34:12,mlx5_8,0.000,0.000,0.000,0.000
2025-11-15 05:34:12,mlx5_9,0.000,0.000,40.391,40.479
2025-11-15 05:34:12,TOTAL,0.000,0.000,121.297,121.842
2025-11-15 05:34:13,mlx5_0,0.000,0.000,0.000,0.000
2025-11-15 05:34:13,mlx5_1,0.000,0.000,40.314,40.065
2025-11-15 05:34:13,mlx5_2,0.000,0.000,40.591,41.299
2025-11-15 05:34:13,mlx5_3,0.000,0.000,0.000,0.000
2025-11-15 05:34:13,mlx5_4,0.000,0.000,0.000,0.000
2025-11-15 05:34:13,mlx5_5,0.000,0.000,0.000,0.000
2025-11-15 05:34:13,mlx5_6,0.000,0.000,0.000,0.000
2025-11-15 05:34:13,mlx5_7,0.000,0.000,0.000,0.000
2025-11-15 05:34:13,mlx5_8,0.000,0.000,0.000,0.000
2025-11-15 05:34:13,mlx5_9,0.000,0.000,40.391,40.479
2025-11-15 05:34:13,TOTAL,0.000,0.000,121.297,121.842
2025-11-15 05:34:14,mlx5_0,0.000,0.000,0.000,0.000
2025-11-15 05:34:14,mlx5_1,0.000,0.000,40.314,40.065
2025-11-15 05:34:14,mlx5_2,0.000,0.000,40.591,41.299
2025-11-15 05:34:14,mlx5_3,0.000,0.000,0.000,0.000
2025-11-15 05:34:14,mlx5_4,0.000,0.000,0.000,0.000
2025-11-15 05:34:14,mlx5_5,0.000,0.000,0.000,0.000
2025-11-15 05:34:14,mlx5_6,0.000,0.000,0.000,0.000
2025-11-15 05:34:14,mlx5_7,0.000,0.000,0.000,0.000
2025-11-15 05:34:14,mlx5_8,0.000,0.000,0.000,0.000
2025-11-15 05:34:14,mlx5_9,0.000,0.000,40.391,40.479
2025-11-15 05:34:14,TOTAL,0.000,0.000,121.297,121.842
2025-11-15 05:34:15,mlx5_0,0.000,0.000,0.000,0.000
2025-11-15 05:34:15,mlx5_1,0.000,0.000,40.314,40.065
2025-11-15 05:34:15,mlx5_2,0.000,0.000,40.591,41.299
2025-11-15 05:34:15,mlx5_3,0.000,0.000,0.000,0.000
2025-11-15 05:34:15,mlx5_4,0.000,0.000,0.000,0.000
2025-11-15 05:34:15,mlx5_5,0.000,0.000,0.000,0.000
2025-11-15 05:34:15,mlx5_6,0.000,0.000,0.000,0.000
2025-11-15 05:34:15,mlx5_7,0.000,0.000,0.000,0.000
2025-11-15 05:34:15,mlx5_8,0.000,0.000,0.000,0.000
2025-11-15 05:34:15,mlx5_9,0.000,0.000,40.391,40.479
2025-11-15 05:34:15,TOTAL,0.000,0.000,121.297,121.842
2025-11-15 05:34:16,mlx5_0,0.000,0.000,0.000,0.000
2025-11-15 05:34:16,mlx5_1,0.000,0.000,40.314,40.065
2025-11-15 05:34:16,mlx5_2,0.000,0.000,40.591,41.299
2025-11-15 05:34:16,mlx5_3,0.000,0.000,0.000,0.000
2025-11-15 05:34:16,mlx5_4,0.000,0.000,0.000,0.000
2025-11-15 05:34:16,mlx5_5,0.000,0.000,0.000,0.000
2025-11-15 05:34:16,mlx5_6,0.000,0.000,0.000,0.000
2025-11-15 05:34:16,mlx5_7,0.000,0.000,0.000,0.000
2025-11-15 05:34:16,mlx5_8,0.000,0.000,0.000,0.000
2025-11-15 05:34:16,mlx5_9,0.000,0.000,40.391,40.479
2025-11-15 05:34:16,TOTAL,0.000,0.000,121.297,121.842
2025-11-15 05:34:17,mlx5_0,0.000,0.000,0.000,0.000
2025-11-15 05:34:17,mlx5_1,0.000,0.000,40.314,40.065
2025-11-15 05:34:17,mlx5_2,0.000,0.000,40.591,41.299
2025-11-15 05:34:17,mlx5_3,0.000,0.000,0.000,0.000
2025-11-15 05:34:17,mlx5_4,0.000,0.000,0.000,0.000
2025-11-15 05:34:17,mlx5_5,0.000,0.000,0.000,0.000
2025-11-15 05:34:17,mlx5_6,0.000,0.000,0.000,0.000
2025-11-15 05:34:17,mlx5_7,0.000,0.000,0.000,0.000
2025-11-15 05:34:17,mlx5_8,0.000,0.000,0.000,0.000
2025-11-15 05:34:17,mlx5_9,0.000,0.000,40.391,40.479
2025-11-15 05:34:17,TOTAL,0.000,0.000,121.297,121.842
2025-11-15 05:34:18,mlx5_0,0.000,0.000,0.000,0.000
2025-11-15 05:34:18,mlx5_1,0.000,0.000,40.314,40.065
2025-11-15 05:34:18,mlx5_2,0.000,0.000,40.591,41.299
2025-11-15 05:34:18,mlx5_3,0.000,0.000,0.000,0.000
2025-11-15 05:34:18,mlx5_4,0.000,0.000,0.000,0.000
2025-11-15 05:34:18,mlx5_5,0.000,0.000,0.000,0.000
2025-11-15 05:34:18,mlx5_6,0.000,0.000,0.000,0.000
2025-11-15 05:34:18,mlx5_7,0.000,0.000,0.000,0.000
2025-11-15 05:34:18,mlx5_8,0.000,0.000,0.000,0.000
2025-11-15 05:34:18,mlx5_9,0.000,0.000,40.391,40.479
2025-11-15 05:34:18,TOTAL,0.000,0.000,121.297,121.842
2025-11-15 05:34:19,mlx5_0,0.000,0.000,0.000,0.000
2025-11-15 05:34:19,mlx5_1,0.000,0.000,40.314,40.065
2025-11-15 05:34:19,mlx5_2,0.000,0.000,40.591,41.299
2025-11-15 05:34:19,mlx5_3,0.000,0.000,0.000,0.000
2025-11-15 05:34:19,mlx5_4,0.000,0.000,0.000,0.000
2025-11-15 05:34:19,mlx5_5,0.000,0.000,0.000,0.000
2025-11-15 05:34:19,mlx5_6,0.000,0.000,0.000,0.000
2025-11-15 05:34:19,mlx5_7,0.000,0.000,0.000,0.000
2025-11-15 05:34:19,mlx5_8,0.000,0.000,0.000,0.000
2025-11-15 05:34:19,mlx5_9,0.000,0.000,40.391,40.479
2025-11-15 05:34:19,TOTAL,0.000,0.000,121.297,121.842
2025-11-15 05:34:20,mlx5_0,0.000,0.000,0.000,0.000
2025-11-15 05:34:20,mlx5_1,0.000,0.000,40.314,40.065
2025-11-15 05:34:20,mlx5_2,0.000,0.000,40.591,41.299
2025-11-15 05:34:20,mlx5_3,0.000,0.000,0.000,0.000
2025-11-15 05:34:20,mlx5_4,0.000,0.000,0.000,0.000
2025-11-15 05:34:20,mlx5_5,0.000,0.000,0.000,0.000
2025-11-15 05:34:20,mlx5_6,0.000,0.000,0.000,0.000
2025-11-15 05:34:20,mlx5_7,0.000,0.000,0.000,0.000
2025-11-15 05:34:20,mlx5_8,0.000,0.000,0.000,0.000
2025-11-15 05:34:20,mlx5_9,0.000,0.000,40.391,40.479
2025-11-15 05:34:20,TOTAL,0.000,0.000,121.297,121.842
2025-11-15 05:34:21,mlx5_0,0.000,0.000,0.000,0.000
2025-11-15 05:34:21,mlx5_1,0.002,0.002,40.314,40.065
2025-11-15 05:34:21,mlx5_2,0.002,0.002,40.592,41.299
2025-11-15 05:34:21,mlx5_3,0.000,0.000,0.000,0.000
2025-11-15 05:34:21,mlx5_4,0.000,0.000,0.000,0.000
2025-11-15 05:34:21,mlx5_5,0.000,0.000,0.000,0.000
2025-11-15 05:34:21,mlx5_6,0.000,0.000,0.000,0.000
2025-11-15 05:34:21,mlx5_7,0.000,0.000,0.000,0.000
2025-11-15 05:34:21,mlx5_8,0.000,0.000,0.000,0.000
2025-11-15 05:34:21,mlx5_9,0.002,0.002,40.391,40.479
2025-11-15 05:34:21,TOTAL,0.005,0.005,121.297,121.843
2025-11-15 05:34:22,mlx5_0,0.000,0.000,0.000,0.000
2025-11-15 05:34:22,mlx5_1,0.000,0.000,40.314,40.065
2025-11-15 05:34:22,mlx5_2,0.000,0.000,40.592,41.299
2025-11-15 05:34:22,mlx5_3,0.000,0.000,0.000,0.000
2025-11-15 05:34:22,mlx5_4,0.000,0.000,0.000,0.000
2025-11-15 05:34:22,mlx5_5,0.000,0.000,0.000,0.000
2025-11-15 05:34:22,mlx5_6,0.000,0.000,0.000,0.000
2025-11-15 05:34:22,mlx5_7,0.000,0.000,0.000,0.000
2025-11-15 05:34:22,mlx5_8,0.000,0.000,0.000,0.000
2025-11-15 05:34:22,mlx5_9,0.000,0.000,40.391,40.479
2025-11-15 05:34:22,TOTAL,0.000,0.000,121.297,121.843
2025-11-15 05:34:23,mlx5_0,0.000,0.000,0.000,0.000
2025-11-15 05:34:23,mlx5_1,12.391,0.017,41.869,40.067
2025-11-15 05:34:23,mlx5_2,12.375,0.017,42.144,41.301
2025-11-15 05:34:23,mlx5_3,0.000,0.000,0.000,0.000
2025-11-15 05:34:23,mlx5_4,0.000,0.000,0.000,0.000
2025-11-15 05:34:23,mlx5_5,0.000,0.000,0.000,0.000
2025-11-15 05:34:23,mlx5_6,0.000,0.000,0.000,0.000
2025-11-15 05:34:23,mlx5_7,0.000,0.000,0.000,0.000
2025-11-15 05:34:23,mlx5_8,0.000,0.000,0.000,0.000
2025-11-15 05:34:23,mlx5_9,12.508,0.017,41.961,40.481
2025-11-15 05:34:23,TOTAL,37.274,0.051,125.974,121.849
2025-11-15 05:34:24,mlx5_0,0.000,0.000,0.000,0.000
2025-11-15 05:34:24,mlx5_1,8.428,0.012,42.926,40.068
2025-11-15 05:34:24,mlx5_2,8.351,0.012,43.191,41.302
2025-11-15 05:34:24,mlx5_3,0.000,0.000,0.000,0.000
2025-11-15 05:34:24,mlx5_4,0.000,0.000,0.000,0.000
2025-11-15 05:34:24,mlx5_5,0.000,0.000,0.000,0.000
2025-11-15 05:34:24,mlx5_6,0.000,0.000,0.000,0.000
2025-11-15 05:34:24,mlx5_7,0.000,0.000,0.000,0.000
2025-11-15 05:34:24,mlx5_8,0.000,0.000,0.000,0.000
2025-11-15 05:34:24,mlx5_9,8.474,0.012,43.023,40.483
2025-11-15 05:34:24,TOTAL,25.253,0.035,129.141,121.854
2025-11-15 05:34:25,mlx5_0,0.000,0.000,0.000,0.000
2025-11-15 05:34:25,mlx5_1,4.016,0.005,43.430,40.069
2025-11-15 05:34:25,mlx5_2,4.030,0.005,43.697,41.303
2025-11-15 05:34:25,mlx5_3,0.000,0.000,0.000,0.000
2025-11-15 05:34:25,mlx5_4,0.000,0.000,0.000,0.000
2025-11-15 05:34:25,mlx5_5,0.000,0.000,0.000,0.000
2025-11-15 05:34:25,mlx5_6,0.000,0.000,0.000,0.000
2025-11-15 05:34:25,mlx5_7,0.000,0.000,0.000,0.000
2025-11-15 05:34:25,mlx5_8,0.000,0.000,0.000,0.000
2025-11-15 05:34:25,mlx5_9,3.990,0.005,43.524,40.483
2025-11-15 05:34:25,TOTAL,12.036,0.016,130.651,121.856
2025-11-15 05:34:26,mlx5_0,0.000,0.000,0.000,0.000
2025-11-15 05:34:26,mlx5_1,8.113,0.011,44.448,40.070
2025-11-15 05:34:26,mlx5_2,8.138,0.011,44.719,41.304
2025-11-15 05:34:26,mlx5_3,0.000,0.000,0.000,0.000
2025-11-15 05:34:26,mlx5_4,0.000,0.000,0.000,0.000
2025-11-15 05:34:26,mlx5_5,0.000,0.000,0.000,0.000
2025-11-15 05:34:26,mlx5_6,0.000,0.000,0.000,0.000
2025-11-15 05:34:26,mlx5_7,0.000,0.000,0.000,0.000
2025-11-15 05:34:26,mlx5_8,0.000,0.000,0.000,0.000
2025-11-15 05:34:26,mlx5_9,8.208,0.011,44.554,40.485
2025-11-15 05:34:26,TOTAL,24.460,0.034,133.721,121.860
2025-11-15 05:34:27,mlx5_0,0.000,0.000,0.000,0.000
2025-11-15 05:34:27,mlx5_1,4.266,0.006,44.984,40.071
2025-11-15 05:34:27,mlx5_2,4.312,0.006,45.260,41.305
2025-11-15 05:34:27,mlx5_3,0.000,0.000,0.000,0.000
2025-11-15 05:34:27,mlx5_4,0.000,0.000,0.000,0.000
2025-11-15 05:34:27,mlx5_5,0.000,0.000,0.000,0.000
2025-11-15 05:34:27,mlx5_6,0.000,0.000,0.000,0.000
2025-11-15 05:34:27,mlx5_7,0.000,0.000,0.000,0.000
2025-11-15 05:34:27,mlx5_8,0.000,0.000,0.000,0.000
2025-11-15 05:34:27,mlx5_9,4.226,0.006,45.085,40.486
2025-11-15 05:34:27,TOTAL,12.803,0.017,135.328,121.862
2025-11-15 05:34:28,mlx5_0,0.000,0.000,0.000,0.000
2025-11-15 05:34:28,mlx5_1,0.000,0.000,44.984,40.071
2025-11-15 05:34:28,mlx5_2,0.000,0.000,45.260,41.305
2025-11-15 05:34:28,mlx5_3,0.000,0.000,0.000,0.000
2025-11-15 05:34:28,mlx5_4,0.000,0.000,0.000,0.000
2025-11-15 05:34:28,mlx5_5,0.000,0.000,0.000,0.000
2025-11-15 05:34:28,mlx5_6,0.000,0.000,0.000,0.000
2025-11-15 05:34:28,mlx5_7,0.000,0.000,0.000,0.000
2025-11-15 05:34:28,mlx5_8,0.000,0.000,0.000,0.000
2025-11-15 05:34:28,mlx5_9,0.000,0.000,45.085,40.486
2025-11-15 05:34:28,TOTAL,0.000,0.000,135.328,121.862
2025-11-15 05:34:29,mlx5_0,0.000,0.000,0.000,0.000
2025-11-15 05:34:29,mlx5_1,12.442,0.017,46.544,40.073
2025-11-15 05:34:29,mlx5_2,12.547,0.017,46.833,41.307
2025-11-15 05:34:29,mlx5_3,0.000,0.000,0.000,0.000
2025-11-15 05:34:29,mlx5_4,0.000,0.000,0.000,0.000
2025-11-15 05:34:29,mlx5_5,0.000,0.000,0.000,0.000
2025-11-15 05:34:29,mlx5_6,0.000,0.000,0.000,0.000
2025-11-15 05:34:29,mlx5_7,0.000,0.000,0.000,0.000
2025-11-15 05:34:29,mlx5_8,0.000,0.000,0.000,0.000
2025-11-15 05:34:29,mlx5_9,12.304,0.017,46.628,40.488
2025-11-15 05:34:29,TOTAL,37.294,0.051,140.005,121.868
2025-11-15 05:34:30,mlx5_0,0.000,0.000,0.000,0.000
2025-11-15 05:34:30,mlx5_1,0.000,0.000,46.544,40.073
2025-11-15 05:34:30,mlx5_2,0.000,0.000,46.833,41.307
2025-11-15 05:34:30,mlx5_3,0.000,0.000,0.000,0.000
2025-11-15 05:34:30,mlx5_4,0.000,0.000,0.000,0.000
2025-11-15 05:34:30,mlx5_5,0.000,0.000,0.000,0.000
2025-11-15 05:34:30,mlx5_6,0.000,0.000,0.000,0.000
2025-11-15 05:34:30,mlx5_7,0.000,0.000,0.000,0.000
2025-11-15 05:34:30,mlx5_8,0.000,0.000,0.000,0.000
2025-11-15 05:34:30,mlx5_9,0.000,0.000,46.628,40.488
2025-11-15 05:34:30,TOTAL,0.000,0.000,140.005,121.868
2025-11-15 05:34:31,mlx5_0,0.000,0.000,0.000,0.000
2025-11-15 05:34:31,mlx5_1,11.345,0.017,47.968,40.075
2025-11-15 05:34:31,mlx5_2,11.469,0.017,48.272,41.309
2025-11-15 05:34:31,mlx5_3,0.000,0.000,0.000,0.000
2025-11-15 05:34:31,mlx5_4,0.000,0.000,0.000,0.000
2025-11-15 05:34:31,mlx5_5,0.000,0.000,0.000,0.000
2025-11-15 05:34:31,mlx5_6,0.000,0.000,0.000,0.000
2025-11-15 05:34:31,mlx5_7,0.000,0.000,0.000,0.000
2025-11-15 05:34:31,mlx5_8,0.000,0.000,0.000,0.000
2025-11-15 05:34:31,mlx5_9,11.332,0.017,48.050,40.490
2025-11-15 05:34:31,TOTAL,34.146,0.050,144.290,121.875
2025-11-15 05:34:32,mlx5_0,0.000,0.000,0.000,0.000
2025-11-15 05:34:32,mlx5_1,0.070,52.578,47.976,46.676
2025-11-15 05:34:32,mlx5_2,0.072,53.826,48.281,48.066
2025-11-15 05:34:32,mlx5_3,0.000,0.000,0.000,0.000
2025-11-15 05:34:32,mlx5_4,0.000,0.000,0.000,0.000
2025-11-15 05:34:32,mlx5_5,0.000,0.000,0.000,0.000
2025-11-15 05:34:32,mlx5_6,0.000,0.000,0.000,0.000
2025-11-15 05:34:32,mlx5_7,0.000,0.000,0.000,0.000
2025-11-15 05:34:32,mlx5_8,0.000,0.000,0.000,0.000
2025-11-15 05:34:32,mlx5_9,0.072,53.038,48.059,47.148
2025-11-15 05:34:32,TOTAL,0.214,159.442,144.317,141.890
2025-11-15 05:34:33,mlx5_0,0.000,0.000,0.000,0.000
2025-11-15 05:34:33,mlx5_1,0.002,0.002,47.977,46.676
2025-11-15 05:34:33,mlx5_2,0.002,0.002,48.282,48.066
2025-11-15 05:34:33,mlx5_3,0.000,0.000,0.000,0.000
2025-11-15 05:34:33,mlx5_4,0.000,0.000,0.000,0.000
2025-11-15 05:34:33,mlx5_5,0.000,0.000,0.000,0.000
2025-11-15 05:34:33,mlx5_6,0.000,0.000,0.000,0.000
2025-11-15 05:34:33,mlx5_7,0.000,0.000,0.000,0.000
2025-11-15 05:34:33,mlx5_8,0.000,0.000,0.000,0.000
2025-11-15 05:34:33,mlx5_9,0.002,0.002,48.059,47.148
2025-11-15 05:34:33,TOTAL,0.005,0.005,144.317,141.890
2025-11-15 05:34:34,mlx5_0,0.000,0.000,0.000,0.000
2025-11-15 05:34:34,mlx5_1,12.415,0.017,49.536,46.678
2025-11-15 05:34:34,mlx5_2,12.547,0.017,49.857,48.069
2025-11-15 05:34:34,mlx5_3,0.000,0.000,0.000,0.000
2025-11-15 05:34:34,mlx5_4,0.000,0.000,0.000,0.000
2025-11-15 05:34:34,mlx5_5,0.000,0.000,0.000,0.000
2025-11-15 05:34:34,mlx5_6,0.000,0.000,0.000,0.000
2025-11-15 05:34:34,mlx5_7,0.000,0.000,0.000,0.000
2025-11-15 05:34:34,mlx5_8,0.000,0.000,0.000,0.000
2025-11-15 05:34:34,mlx5_9,12.276,0.017,49.601,47.150
2025-11-15 05:34:34,TOTAL,37.237,0.051,148.994,141.897
2025-11-15 05:34:35,mlx5_0,0.000,0.000,0.000,0.000
2025-11-15 05:34:35,mlx5_1,0.000,0.000,49.536,46.678
2025-11-15 05:34:35,mlx5_2,0.000,0.000,49.857,48.069
2025-11-15 05:34:35,mlx5_3,0.000,0.000,0.000,0.000
2025-11-15 05:34:35,mlx5_4,0.000,0.000,0.000,0.000
2025-11-15 05:34:35,mlx5_5,0.000,0.000,0.000,0.000
2025-11-15 05:34:35,mlx5_6,0.000,0.000,0.000,0.000
2025-11-15 05:34:35,mlx5_7,0.000,0.000,0.000,0.000
2025-11-15 05:34:35,mlx5_8,0.000,0.000,0.000,0.000
2025-11-15 05:34:35,mlx5_9,0.000,0.000,49.601,47.150
2025-11-15 05:34:35,TOTAL,0.000,0.000,148.994,141.897
2025-11-15 05:34:36,mlx5_0,0.000,0.000,0.000,0.000
2025-11-15 05:34:36,mlx5_1,12.317,0.017,51.081,46.680
2025-11-15 05:34:36,mlx5_2,12.629,0.017,51.442,48.071
2025-11-15 05:34:36,mlx5_3,0.000,0.000,0.000,0.000
2025-11-15 05:34:36,mlx5_4,0.000,0.000,0.000,0.000
2025-11-15 05:34:36,mlx5_5,0.000,0.000,0.000,0.000
2025-11-15 05:34:36,mlx5_6,0.000,0.000,0.000,0.000
2025-11-15 05:34:36,mlx5_7,0.000,0.000,0.000,0.000
2025-11-15 05:34:36,mlx5_8,0.000,0.000,0.000,0.000
2025-11-15 05:34:36,mlx5_9,12.330,0.017,51.148,47.152
2025-11-15 05:34:36,TOTAL,37.277,0.051,153.671,141.903
2025-11-15 05:34:37,mlx5_0,0.000,0.000,0.000,0.000
2025-11-15 05:34:37,mlx5_1,0.000,0.000,51.081,46.680
2025-11-15 05:34:37,mlx5_2,0.000,0.000,51.442,48.071
2025-11-15 05:34:37,mlx5_3,0.000,0.000,0.000,0.000
2025-11-15 05:34:37,mlx5_4,0.000,0.000,0.000,0.000
2025-11-15 05:34:37,mlx5_5,0.000,0.000,0.000,0.000
2025-11-15 05:34:37,mlx5_6,0.000,0.000,0.000,0.000
2025-11-15 05:34:37,mlx5_7,0.000,0.000,0.000,0.000
2025-11-15 05:34:37,mlx5_8,0.000,0.000,0.000,0.000
2025-11-15 05:34:37,mlx5_9,0.000,0.000,51.148,47.152
2025-11-15 05:34:37,TOTAL,0.000,0.000,153.671,141.903
2025-11-15 05:34:38,mlx5_0,0.000,0.000,0.000,0.000
2025-11-15 05:34:38,mlx5_1,12.374,0.017,52.634,46.682
2025-11-15 05:34:38,mlx5_2,12.419,0.017,53.000,48.073
2025-11-15 05:34:38,mlx5_3,0.000,0.000,0.000,0.000
2025-11-15 05:34:38,mlx5_4,0.000,0.000,0.000,0.000
2025-11-15 05:34:38,mlx5_5,0.000,0.000,0.000,0.000
2025-11-15 05:34:38,mlx5_6,0.000,0.000,0.000,0.000
2025-11-15 05:34:38,mlx5_7,0.000,0.000,0.000,0.000
2025-11-15 05:34:38,mlx5_8,0.000,0.000,0.000,0.000
2025-11-15 05:34:38,mlx5_9,12.480,0.017,52.714,47.154
2025-11-15 05:34:38,TOTAL,37.273,0.051,158.348,141.909
2025-11-15 05:34:39,mlx5_0,0.000,0.000,0.000,0.000
2025-11-15 05:34:39,mlx5_1,0.000,0.000,52.634,46.682
2025-11-15 05:34:39,mlx5_2,0.000,0.000,53.000,48.073
2025-11-15 05:34:39,mlx5_3,0.000,0.000,0.000,0.000
2025-11-15 05:34:39,mlx5_4,0.000,0.000,0.000,0.000
2025-11-15 05:34:39,mlx5_5,0.000,0.000,0.000,0.000
2025-11-15 05:34:39,mlx5_6,0.000,0.000,0.000,0.000
2025-11-15 05:34:39,mlx5_7,0.000,0.000,0.000,0.000
2025-11-15 05:34:39,mlx5_8,0.000,0.000,0.000,0.000
2025-11-15 05:34:39,mlx5_9,0.000,0.000,52.714,47.154
2025-11-15 05:34:39,TOTAL,0.000,0.000,158.348,141.909
2025-11-15 05:34:40,mlx5_0,0.000,0.000,0.000,0.000
2025-11-15 05:34:40,mlx5_1,12.371,0.019,54.186,46.684
2025-11-15 05:34:40,mlx5_2,12.453,0.019,54.563,48.075
2025-11-15 05:34:40,mlx5_3,0.000,0.000,0.000,0.000
2025-11-15 05:34:40,mlx5_4,0.000,0.000,0.000,0.000
2025-11-15 05:34:40,mlx5_5,0.000,0.000,0.000,0.000
2025-11-15 05:34:40,mlx5_6,0.000,0.000,0.000,0.000
2025-11-15 05:34:40,mlx5_7,0.000,0.000,0.000,0.000
2025-11-15 05:34:40,mlx5_8,0.000,0.000,0.000,0.000
2025-11-15 05:34:40,mlx5_9,12.455,0.019,54.277,47.157
2025-11-15 05:34:40,TOTAL,37.278,0.056,163.026,141.916
2025-11-15 05:34:41,mlx5_0,0.000,0.000,0.000,0.000
2025-11-15 05:34:41,mlx5_1,0.000,0.000,54.186,46.684
2025-11-15 05:34:41,mlx5_2,0.000,0.000,54.563,48.075
2025-11-15 05:34:41,mlx5_3,0.000,0.000,0.000,0.000
2025-11-15 05:34:41,mlx5_4,0.000,0.000,0.000,0.000
2025-11-15 05:34:41,mlx5_5,0.000,0.000,0.000,0.000
2025-11-15 05:34:41,mlx5_6,0.000,0.000,0.000,0.000
2025-11-15 05:34:41,mlx5_7,0.000,0.000,0.000,0.000
2025-11-15 05:34:41,mlx5_8,0.000,0.000,0.000,0.000
2025-11-15 05:34:41,mlx5_9,0.000,0.000,54.277,47.157
2025-11-15 05:34:41,TOTAL,0.000,0.000,163.026,141.916
2025-11-15 05:34:42,mlx5_0,0.000,0.000,0.000,0.000
2025-11-15 05:34:42,mlx5_1,0.000,0.000,54.186,46.684
2025-11-15 05:34:42,mlx5_2,0.000,0.000,54.563,48.075
2025-11-15 05:34:42,mlx5_3,0.000,0.000,0.000,0.000
2025-11-15 05:34:42,mlx5_4,0.000,0.000,0.000,0.000
2025-11-15 05:34:42,mlx5_5,0.000,0.000,0.000,0.000
2025-11-15 05:34:42,mlx5_6,0.000,0.000,0.000,0.000
2025-11-15 05:34:42,mlx5_7,0.000,0.000,0.000,0.000
2025-11-15 05:34:42,mlx5_8,0.000,0.000,0.000,0.000
2025-11-15 05:34:42,mlx5_9,0.000,0.000,54.277,47.157
2025-11-15 05:34:42,TOTAL,0.000,0.000,163.026,141.916
2025-11-15 05:34:43,mlx5_0,0.000,0.000,0.000,0.000
2025-11-15 05:34:43,mlx5_1,12.042,0.016,55.697,46.686
2025-11-15 05:34:43,mlx5_2,12.272,0.017,56.103,48.077
2025-11-15 05:34:43,mlx5_3,0.000,0.000,0.000,0.000
2025-11-15 05:34:43,mlx5_4,0.000,0.000,0.000,0.000
2025-11-15 05:34:43,mlx5_5,0.000,0.000,0.000,0.000
2025-11-15 05:34:43,mlx5_6,0.000,0.000,0.000,0.000
2025-11-15 05:34:43,mlx5_7,0.000,0.000,0.000,0.000
2025-11-15 05:34:43,mlx5_8,0.000,0.000,0.000,0.000
2025-11-15 05:34:43,mlx5_9,12.157,0.017,55.802,47.159
2025-11-15 05:34:43,TOTAL,36.471,0.050,167.602,141.923
2025-11-15 05:34:44,mlx5_0,0.000,0.000,0.000,0.000
2025-11-15 05:34:44,mlx5_1,12.398,0.017,57.253,46.689
2025-11-15 05:34:44,mlx5_2,12.488,0.017,57.670,48.079
2025-11-15 05:34:44,mlx5_3,0.000,0.000,0.000,0.000
2025-11-15 05:34:44,mlx5_4,0.000,0.000,0.000,0.000
2025-11-15 05:34:44,mlx5_5,0.000,0.000,0.000,0.000
2025-11-15 05:34:44,mlx5_6,0.000,0.000,0.000,0.000
2025-11-15 05:34:44,mlx5_7,0.000,0.000,0.000,0.000
2025-11-15 05:34:44,mlx5_8,0.000,0.000,0.000,0.000
2025-11-15 05:34:44,mlx5_9,12.384,0.017,57.356,47.161
2025-11-15 05:34:44,TOTAL,37.270,0.051,172.279,141.929
2025-11-15 05:34:45,mlx5_0,0.000,0.000,0.000,0.000
2025-11-15 05:34:45,mlx5_1,0.000,0.000,57.253,46.689
2025-11-15 05:34:45,mlx5_2,0.000,0.000,57.670,48.079
2025-11-15 05:34:45,mlx5_3,0.000,0.000,0.000,0.000
2025-11-15 05:34:45,mlx5_4,0.000,0.000,0.000,0.000
2025-11-15 05:34:45,mlx5_5,0.000,0.000,0.000,0.000
2025-11-15 05:34:45,mlx5_6,0.000,0.000,0.000,0.000
2025-11-15 05:34:45,mlx5_7,0.000,0.000,0.000,0.000
2025-11-15 05:34:45,mlx5_8,0.000,0.000,0.000,0.000
2025-11-15 05:34:45,mlx5_9,0.000,0.000,57.356,47.161
2025-11-15 05:34:45,TOTAL,0.000,0.000,172.279,141.929
2025-11-15 05:34:46,mlx5_0,0.000,0.000,0.000,0.000
2025-11-15 05:34:46,mlx5_1,12.400,0.017,58.808,46.691
2025-11-15 05:34:46,mlx5_2,12.372,0.017,59.221,48.082
2025-11-15 05:34:46,mlx5_3,0.000,0.000,0.000,0.000
2025-11-15 05:34:46,mlx5_4,0.000,0.000,0.000,0.000
2025-11-15 05:34:46,mlx5_5,0.000,0.000,0.000,0.000
2025-11-15 05:34:46,mlx5_6,0.000,0.000,0.000,0.000
2025-11-15 05:34:46,mlx5_7,0.000,0.000,0.000,0.000
2025-11-15 05:34:46,mlx5_8,0.000,0.000,0.000,0.000
2025-11-15 05:34:46,mlx5_9,12.520,0.017,58.926,47.163
2025-11-15 05:34:46,TOTAL,37.292,0.051,176.956,141.935
2025-11-15 05:34:47,mlx5_0,0.000,0.000,0.000,0.000
2025-11-15 05:34:47,mlx5_1,0.000,0.000,58.808,46.691
2025-11-15 05:34:47,mlx5_2,0.000,0.000,59.221,48.082
2025-11-15 05:34:47,mlx5_3,0.000,0.000,0.000,0.000
2025-11-15 05:34:47,mlx5_4,0.000,0.000,0.000,0.000
2025-11-15 05:34:47,mlx5_5,0.000,0.000,0.000,0.000
2025-11-15 05:34:47,mlx5_6,0.000,0.000,0.000,0.000
2025-11-15 05:34:47,mlx5_7,0.000,0.000,0.000,0.000
2025-11-15 05:34:47,mlx5_8,0.000,0.000,0.000,0.000
2025-11-15 05:34:47,mlx5_9,0.000,0.000,58.926,47.163
2025-11-15 05:34:47,TOTAL,0.000,0.000,176.956,141.935
2025-11-15 05:34:48,mlx5_0,0.000,0.000,0.000,0.000
2025-11-15 05:34:48,mlx5_1,12.402,0.017,60.364,46.693
2025-11-15 05:34:48,mlx5_2,12.481,0.017,60.788,48.084
2025-11-15 05:34:48,mlx5_3,0.000,0.000,0.000,0.000
2025-11-15 05:34:48,mlx5_4,0.000,0.000,0.000,0.000
2025-11-15 05:34:48,mlx5_5,0.000,0.000,0.000,0.000
2025-11-15 05:34:48,mlx5_6,0.000,0.000,0.000,0.000
2025-11-15 05:34:48,mlx5_7,0.000,0.000,0.000,0.000
2025-11-15 05:34:48,mlx5_8,0.000,0.000,0.000,0.000
2025-11-15 05:34:48,mlx5_9,12.388,0.017,60.481,47.165
2025-11-15 05:34:48,TOTAL,37.271,0.051,181.633,141.942
2025-11-15 05:34:49,mlx5_0,0.000,0.000,0.000,0.000
2025-11-15 05:34:49,mlx5_1,0.000,0.000,60.364,46.693
2025-11-15 05:34:49,mlx5_2,0.000,0.000,60.788,48.084
2025-11-15 05:34:49,mlx5_3,0.000,0.000,0.000,0.000
2025-11-15 05:34:49,mlx5_4,0.000,0.000,0.000,0.000
2025-11-15 05:34:49,mlx5_5,0.000,0.000,0.000,0.000
2025-11-15 05:34:49,mlx5_6,0.000,0.000,0.000,0.000
2025-11-15 05:34:49,mlx5_7,0.000,0.000,0.000,0.000
2025-11-15 05:34:49,mlx5_8,0.000,0.000,0.000,0.000
2025-11-15 05:34:49,mlx5_9,0.000,0.000,60.481,47.165
2025-11-15 05:34:49,TOTAL,0.000,0.000,181.633,141.942
2025-11-15 05:34:50,mlx5_0,0.000,0.000,0.000,0.000
2025-11-15 05:34:50,mlx5_1,12.100,0.016,61.883,46.695
2025-11-15 05:34:50,mlx5_2,12.006,0.016,62.294,48.086
2025-11-15 05:34:50,mlx5_3,0.000,0.000,0.000,0.000
2025-11-15 05:34:50,mlx5_4,0.000,0.000,0.000,0.000
2025-11-15 05:34:50,mlx5_5,0.000,0.000,0.000,0.000
2025-11-15 05:34:50,mlx5_6,0.000,0.000,0.000,0.000
2025-11-15 05:34:50,mlx5_7,0.000,0.000,0.000,0.000
2025-11-15 05:34:50,mlx5_8,0.000,0.000,0.000,0.000
2025-11-15 05:34:50,mlx5_9,12.088,0.017,61.998,47.167
2025-11-15 05:34:50,TOTAL,36.194,0.050,186.175,141.948
2025-11-15 05:34:51,mlx5_0,0.000,0.000,0.000,0.000
2025-11-15 05:34:51,mlx5_1,0.355,0.002,61.927,46.695
2025-11-15 05:34:51,mlx5_2,0.403,0.002,62.345,48.086
2025-11-15 05:34:51,mlx5_3,0.000,0.000,0.000,0.000
2025-11-15 05:34:51,mlx5_4,0.000,0.000,0.000,0.000
2025-11-15 05:34:51,mlx5_5,0.000,0.000,0.000,0.000
2025-11-15 05:34:51,mlx5_6,0.000,0.000,0.000,0.000
2025-11-15 05:34:51,mlx5_7,0.000,0.000,0.000,0.000
2025-11-15 05:34:51,mlx5_8,0.000,0.000,0.000,0.000
2025-11-15 05:34:51,mlx5_9,0.324,0.002,62.038,47.168
2025-11-15 05:34:51,TOTAL,1.082,0.006,186.310,141.949
2025-11-15 05:34:52,mlx5_0,0.000,0.000,0.000,0.000
2025-11-15 05:34:52,mlx5_1,0.000,0.000,61.927,46.695
2025-11-15 05:34:52,mlx5_2,0.000,0.000,62.345,48.086
2025-11-15 05:34:52,mlx5_3,0.000,0.000,0.000,0.000
2025-11-15 05:34:52,mlx5_4,0.000,0.000,0.000,0.000
2025-11-15 05:34:52,mlx5_5,0.000,0.000,0.000,0.000
2025-11-15 05:34:52,mlx5_6,0.000,0.000,0.000,0.000
2025-11-15 05:34:52,mlx5_7,0.000,0.000,0.000,0.000
2025-11-15 05:34:52,mlx5_8,0.000,0.000,0.000,0.000
2025-11-15 05:34:52,mlx5_9,0.000,0.000,62.038,47.168
2025-11-15 05:34:52,TOTAL,0.000,0.000,186.310,141.949
2025-11-15 05:34:53,mlx5_0,0.000,0.000,0.000,0.000
2025-11-15 05:34:53,mlx5_1,12.204,0.017,63.459,46.697
2025-11-15 05:34:53,mlx5_2,12.194,0.017,63.875,48.088
2025-11-15 05:34:53,mlx5_3,0.000,0.000,0.000,0.000
2025-11-15 05:34:53,mlx5_4,0.000,0.000,0.000,0.000
2025-11-15 05:34:53,mlx5_5,0.000,0.000,0.000,0.000
2025-11-15 05:34:53,mlx5_6,0.000,0.000,0.000,0.000
2025-11-15 05:34:53,mlx5_7,0.000,0.000,0.000,0.000
2025-11-15 05:34:53,mlx5_8,0.000,0.000,0.000,0.000
2025-11-15 05:34:53,mlx5_9,12.072,0.017,63.553,47.170
2025-11-15 05:34:53,TOTAL,36.470,0.050,190.887,141.955
2025-11-15 05:34:54,mlx5_0,0.000,0.000,0.000,0.000
2025-11-15 05:34:54,mlx5_1,4.603,0.007,64.036,46.698
2025-11-15 05:34:54,mlx5_2,4.661,0.007,64.460,48.089
2025-11-15 05:34:54,mlx5_3,0.000,0.000,0.000,0.000
2025-11-15 05:34:54,mlx5_4,0.000,0.000,0.000,0.000
2025-11-15 05:34:54,mlx5_5,0.000,0.000,0.000,0.000
2025-11-15 05:34:54,mlx5_6,0.000,0.000,0.000,0.000
2025-11-15 05:34:54,mlx5_7,0.000,0.000,0.000,0.000
2025-11-15 05:34:54,mlx5_8,0.000,0.000,0.000,0.000
2025-11-15 05:34:54,mlx5_9,4.623,0.007,64.133,47.171
2025-11-15 05:34:54,TOTAL,13.888,0.020,192.628,141.958
2025-11-15 05:34:55,mlx5_0,0.000,0.000,0.000,0.000
2025-11-15 05:34:55,mlx5_1,7.845,0.010,65.021,46.699
2025-11-15 05:34:55,mlx5_2,7.857,0.010,65.446,48.090
2025-11-15 05:34:55,mlx5_3,0.000,0.000,0.000,0.000
2025-11-15 05:34:55,mlx5_4,0.000,0.000,0.000,0.000
2025-11-15 05:34:55,mlx5_5,0.000,0.000,0.000,0.000
2025-11-15 05:34:55,mlx5_6,0.000,0.000,0.000,0.000
2025-11-15 05:34:55,mlx5_7,0.000,0.000,0.000,0.000
2025-11-15 05:34:55,mlx5_8,0.000,0.000,0.000,0.000
2025-11-15 05:34:55,mlx5_9,7.679,0.010,65.097,47.172
2025-11-15 05:34:55,TOTAL,23.380,0.030,195.564,141.961
2025-11-15 05:34:56,mlx5_0,0.000,0.000,0.000,0.000
2025-11-15 05:34:56,mlx5_1,12.398,0.017,66.577,46.701
2025-11-15 05:34:56,mlx5_2,12.407,0.017,67.003,48.092
2025-11-15 05:34:56,mlx5_3,0.000,0.000,0.000,0.000
2025-11-15 05:34:56,mlx5_4,0.000,0.000,0.000,0.000
2025-11-15 05:34:56,mlx5_5,0.000,0.000,0.000,0.000
2025-11-15 05:34:56,mlx5_6,0.000,0.000,0.000,0.000
2025-11-15 05:34:56,mlx5_7,0.000,0.000,0.000,0.000
2025-11-15 05:34:56,mlx5_8,0.000,0.000,0.000,0.000
2025-11-15 05:34:56,mlx5_9,12.462,0.017,66.661,47.174
2025-11-15 05:34:56,TOTAL,37.267,0.051,200.241,141.968
2025-11-15 05:34:57,mlx5_0,0.000,0.000,0.000,0.000
2025-11-15 05:34:57,mlx5_1,0.000,0.000,66.577,46.701
2025-11-15 05:34:57,mlx5_2,0.000,0.000,67.003,48.092
2025-11-15 05:34:57,mlx5_3,0.000,0.000,0.000,0.000
2025-11-15 05:34:57,mlx5_4,0.000,0.000,0.000,0.000
2025-11-15 05:34:57,mlx5_5,0.000,0.000,0.000,0.000
2025-11-15 05:34:57,mlx5_6,0.000,0.000,0.000,0.000
2025-11-15 05:34:57,mlx5_7,0.000,0.000,0.000,0.000
2025-11-15 05:34:57,mlx5_8,0.000,0.000,0.000,0.000
2025-11-15 05:34:57,mlx5_9,0.000,0.000,66.661,47.174
2025-11-15 05:34:57,TOTAL,0.000,0.000,200.241,141.968
2025-11-15 05:34:58,mlx5_0,0.000,0.000,0.000,0.000
2025-11-15 05:34:58,mlx5_1,12.117,0.016,68.096,46.703
2025-11-15 05:34:58,mlx5_2,12.245,0.017,68.538,48.094
2025-11-15 05:34:58,mlx5_3,0.000,0.000,0.000,0.000
2025-11-15 05:34:58,mlx5_4,0.000,0.000,0.000,0.000
2025-11-15 05:34:58,mlx5_5,0.000,0.000,0.000,0.000
2025-11-15 05:34:58,mlx5_6,0.000,0.000,0.000,0.000
2025-11-15 05:34:58,mlx5_7,0.000,0.000,0.000,0.000
2025-11-15 05:34:58,mlx5_8,0.000,0.000,0.000,0.000
2025-11-15 05:34:58,mlx5_9,12.149,0.017,68.184,47.176
2025-11-15 05:34:58,TOTAL,36.512,0.049,204.818,141.974
2025-11-15 05:34:59,mlx5_0,0.000,0.000,0.000,0.000
2025-11-15 05:34:59,mlx5_1,0.291,0.000,68.132,46.704
2025-11-15 05:34:59,mlx5_2,0.254,0.000,68.570,48.094
2025-11-15 05:34:59,mlx5_3,0.000,0.000,0.000,0.000
2025-11-15 05:34:59,mlx5_4,0.000,0.000,0.000,0.000
2025-11-15 05:34:59,mlx5_5,0.000,0.000,0.000,0.000
2025-11-15 05:34:59,mlx5_6,0.000,0.000,0.000,0.000
2025-11-15 05:34:59,mlx5_7,0.000,0.000,0.000,0.000
2025-11-15 05:34:59,mlx5_8,0.000,0.000,0.000,0.000
2025-11-15 05:34:59,mlx5_9,0.250,0.000,68.215,47.176
2025-11-15 05:34:59,TOTAL,0.794,0.001,204.918,141.974
2025-11-15 05:35:00,mlx5_0,0.000,0.000,0.000,0.000
2025-11-15 05:35:00,mlx5_1,0.000,0.000,68.132,46.704
2025-11-15 05:35:00,mlx5_2,0.000,0.000,68.570,48.094
2025-11-15 05:35:00,mlx5_3,0.000,0.000,0.000,0.000
2025-11-15 05:35:00,mlx5_4,0.000,0.000,0.000,0.000
2025-11-15 05:35:00,mlx5_5,0.000,0.000,0.000,0.000
2025-11-15 05:35:00,mlx5_6,0.000,0.000,0.000,0.000
2025-11-15 05:35:00,mlx5_7,0.000,0.000,0.000,0.000
2025-11-15 05:35:00,mlx5_8,0.000,0.000,0.000,0.000
2025-11-15 05:35:00,mlx5_9,0.000,0.000,68.215,47.176
2025-11-15 05:35:00,TOTAL,0.000,0.000,204.918,141.974
2025-11-15 05:35:01,mlx5_0,0.000,0.000,0.000,0.000
2025-11-15 05:35:01,mlx5_1,12.452,0.018,69.695,46.706
2025-11-15 05:35:01,mlx5_2,12.436,0.018,70.130,48.097
2025-11-15 05:35:01,mlx5_3,0.000,0.000,0.000,0.000
2025-11-15 05:35:01,mlx5_4,0.000,0.000,0.000,0.000
2025-11-15 05:35:01,mlx5_5,0.000,0.000,0.000,0.000
2025-11-15 05:35:01,mlx5_6,0.000,0.000,0.000,0.000
2025-11-15 05:35:01,mlx5_7,0.000,0.000,0.000,0.000
2025-11-15 05:35:01,mlx5_8,0.000,0.000,0.000,0.000
2025-11-15 05:35:01,mlx5_9,12.391,0.019,69.770,47.178
2025-11-15 05:35:01,TOTAL,37.278,0.056,209.595,141.981
2025-11-15 05:35:02,mlx5_0,0.000,0.000,0.000,0.000
2025-11-15 05:35:02,mlx5_1,0.000,0.000,69.695,46.706
2025-11-15 05:35:02,mlx5_2,0.000,0.000,70.130,48.097
2025-11-15 05:35:02,mlx5_3,0.000,0.000,0.000,0.000
2025-11-15 05:35:02,mlx5_4,0.000,0.000,0.000,0.000
2025-11-15 05:35:02,mlx5_5,0.000,0.000,0.000,0.000
2025-11-15 05:35:02,mlx5_6,0.000,0.000,0.000,0.000
2025-11-15 05:35:02,mlx5_7,0.000,0.000,0.000,0.000
2025-11-15 05:35:02,mlx5_8,0.000,0.000,0.000,0.000
2025-11-15 05:35:02,mlx5_9,0.000,0.000,69.770,47.178
2025-11-15 05:35:02,TOTAL,0.000,0.000,209.595,141.981
2025-11-15 05:35:03,mlx5_0,0.000,0.000,0.000,0.000
2025-11-15 05:35:03,mlx5_1,13.109,0.018,71.340,46.708
2025-11-15 05:35:03,mlx5_2,12.775,0.018,71.733,48.099
2025-11-15 05:35:03,mlx5_3,0.000,0.000,0.000,0.000
2025-11-15 05:35:03,mlx5_4,0.000,0.000,0.000,0.000
2025-11-15 05:35:03,mlx5_5,0.000,0.000,0.000,0.000
2025-11-15 05:35:03,mlx5_6,0.000,0.000,0.000,0.000
2025-11-15 05:35:03,mlx5_7,0.000,0.000,0.000,0.000
2025-11-15 05:35:03,mlx5_8,0.000,0.000,0.000,0.000
2025-11-15 05:35:03,mlx5_9,12.917,0.018,71.391,47.181
2025-11-15 05:35:03,TOTAL,38.801,0.053,214.464,141.988
2025-11-15 05:35:04,mlx5_0,0.000,0.000,0.000,0.000
2025-11-15 05:35:04,mlx5_1,0.000,0.000,71.340,46.708
2025-11-15 05:35:04,mlx5_2,0.000,0.000,71.733,48.099
2025-11-15 05:35:04,mlx5_3,0.000,0.000,0.000,0.000
2025-11-15 05:35:04,mlx5_4,0.000,0.000,0.000,0.000
2025-11-15 05:35:04,mlx5_5,0.000,0.000,0.000,0.000
2025-11-15 05:35:04,mlx5_6,0.000,0.000,0.000,0.000
2025-11-15 05:35:04,mlx5_7,0.000,0.000,0.000,0.000
2025-11-15 05:35:04,mlx5_8,0.000,0.000,0.000,0.000
2025-11-15 05:35:04,mlx5_9,0.000,0.000,71.391,47.181
2025-11-15 05:35:04,TOTAL,0.000,0.000,214.464,141.988
2025-11-15 05:35:05,mlx5_0,0.000,0.000,0.000,0.000
2025-11-15 05:35:05,mlx5_1,12.513,0.017,72.910,46.710
2025-11-15 05:35:05,mlx5_2,12.514,0.017,73.303,48.101
2025-11-15 05:35:05,mlx5_3,0.000,0.000,0.000,0.000
2025-11-15 05:35:05,mlx5_4,0.000,0.000,0.000,0.000
2025-11-15 05:35:05,mlx5_5,0.000,0.000,0.000,0.000
2025-11-15 05:35:05,mlx5_6,0.000,0.000,0.000,0.000
2025-11-15 05:35:05,mlx5_7,0.000,0.000,0.000,0.000
2025-11-15 05:35:05,mlx5_8,0.000,0.000,0.000,0.000
2025-11-15 05:35:05,mlx5_9,12.245,0.017,72.927,47.183
2025-11-15 05:35:05,TOTAL,37.272,0.051,219.141,141.994
2025-11-15 05:35:06,mlx5_0,0.000,0.000,0.000,0.000
2025-11-15 05:35:06,mlx5_1,6.624,0.009,73.741,46.711
2025-11-15 05:35:06,mlx5_2,6.740,0.010,74.149,48.102
2025-11-15 05:35:06,mlx5_3,0.000,0.000,0.000,0.000
2025-11-15 05:35:06,mlx5_4,0.000,0.000,0.000,0.000
2025-11-15 05:35:06,mlx5_5,0.000,0.000,0.000,0.000
2025-11-15 05:35:06,mlx5_6,0.000,0.000,0.000,0.000
2025-11-15 05:35:06,mlx5_7,0.000,0.000,0.000,0.000
2025-11-15 05:35:06,mlx5_8,0.000,0.000,0.000,0.000
2025-11-15 05:35:06,mlx5_9,6.744,0.010,73.774,47.184
2025-11-15 05:35:06,TOTAL,20.109,0.028,221.664,141.998
2025-11-15 05:35:07,mlx5_0,0.000,0.000,0.000,0.000
2025-11-15 05:35:07,mlx5_1,5.769,0.007,74.465,46.712
2025-11-15 05:35:07,mlx5_2,5.734,0.007,74.869,48.103
2025-11-15 05:35:07,mlx5_3,0.000,0.000,0.000,0.000
2025-11-15 05:35:07,mlx5_4,0.000,0.000,0.000,0.000
2025-11-15 05:35:07,mlx5_5,0.000,0.000,0.000,0.000
2025-11-15 05:35:07,mlx5_6,0.000,0.000,0.000,0.000
2025-11-15 05:35:07,mlx5_7,0.000,0.000,0.000,0.000
2025-11-15 05:35:07,mlx5_8,0.000,0.000,0.000,0.000
2025-11-15 05:35:07,mlx5_9,5.665,0.007,74.484,47.185
2025-11-15 05:35:07,TOTAL,17.169,0.022,223.818,142.000
2025-11-15 05:35:08,mlx5_0,0.000,0.000,0.000,0.000
2025-11-15 05:35:08,mlx5_1,3.110,0.005,74.855,46.713
2025-11-15 05:35:08,mlx5_2,3.051,0.005,75.251,48.104
2025-11-15 05:35:08,mlx5_3,0.000,0.000,0.000,0.000
2025-11-15 05:35:08,mlx5_4,0.000,0.000,0.000,0.000
2025-11-15 05:35:08,mlx5_5,0.000,0.000,0.000,0.000
2025-11-15 05:35:08,mlx5_6,0.000,0.000,0.000,0.000
2025-11-15 05:35:08,mlx5_7,0.000,0.000,0.000,0.000
2025-11-15 05:35:08,mlx5_8,0.000,0.000,0.000,0.000
2025-11-15 05:35:08,mlx5_9,3.312,0.005,74.900,47.186
2025-11-15 05:35:08,TOTAL,9.473,0.015,225.006,142.002
2025-11-15 05:35:09,mlx5_0,0.000,0.000,0.000,0.000
2025-11-15 05:35:09,mlx5_1,9.133,0.012,76.003,46.714
2025-11-15 05:35:09,mlx5_2,9.429,0.012,76.437,48.105
2025-11-15 05:35:09,mlx5_3,0.000,0.000,0.000,0.000
2025-11-15 05:35:09,mlx5_4,0.000,0.000,0.000,0.000
2025-11-15 05:35:09,mlx5_5,0.000,0.000,0.000,0.000
2025-11-15 05:35:09,mlx5_6,0.000,0.000,0.000,0.000
2025-11-15 05:35:09,mlx5_7,0.000,0.000,0.000,0.000
2025-11-15 05:35:09,mlx5_8,0.000,0.000,0.000,0.000
2025-11-15 05:35:09,mlx5_9,9.188,0.012,76.055,47.187
2025-11-15 05:35:09,TOTAL,27.749,0.036,228.495,142.007
2025-11-15 05:35:10,mlx5_0,0.000,0.000,0.000,0.000
2025-11-15 05:35:10,mlx5_1,0.000,0.000,76.003,46.714
2025-11-15 05:35:10,mlx5_2,0.000,0.000,76.437,48.105
2025-11-15 05:35:10,mlx5_3,0.000,0.000,0.000,0.000
2025-11-15 05:35:10,mlx5_4,0.000,0.000,0.000,0.000
2025-11-15 05:35:10,mlx5_5,0.000,0.000,0.000,0.000
2025-11-15 05:35:10,mlx5_6,0.000,0.000,0.000,0.000
2025-11-15 05:35:10,mlx5_7,0.000,0.000,0.000,0.000
2025-11-15 05:35:10,mlx5_8,0.000,0.000,0.000,0.000
2025-11-15 05:35:10,mlx5_9,0.000,0.000,76.055,47.187
2025-11-15 05:35:10,TOTAL,0.000,0.000,228.495,142.007
2025-11-15 05:35:11,mlx5_0,0.000,0.000,0.000,0.000
2025-11-15 05:35:11,mlx5_1,12.342,0.018,77.552,46.717
2025-11-15 05:35:11,mlx5_2,12.559,0.019,78.012,48.108
2025-11-15 05:35:11,mlx5_3,0.000,0.000,0.000,0.000
2025-11-15 05:35:11,mlx5_4,0.000,0.000,0.000,0.000
2025-11-15 05:35:11,mlx5_5,0.000,0.000,0.000,0.000
2025-11-15 05:35:11,mlx5_6,0.000,0.000,0.000,0.000
2025-11-15 05:35:11,mlx5_7,0.000,0.000,0.000,0.000
2025-11-15 05:35:11,mlx5_8,0.000,0.000,0.000,0.000
2025-11-15 05:35:11,mlx5_9,12.377,0.019,77.608,47.189
2025-11-15 05:35:11,TOTAL,37.278,0.056,233.172,142.014
2025-11-15 05:35:12,mlx5_0,0.000,0.000,0.000,0.000
2025-11-15 05:35:12,mlx5_1,0.000,0.000,77.552,46.717
2025-11-15 05:35:12,mlx5_2,0.000,0.000,78.012,48.108
2025-11-15 05:35:12,mlx5_3,0.000,0.000,0.000,0.000
2025-11-15 05:35:12,mlx5_4,0.000,0.000,0.000,0.000
2025-11-15 05:35:12,mlx5_5,0.000,0.000,0.000,0.000
2025-11-15 05:35:12,mlx5_6,0.000,0.000,0.000,0.000
2025-11-15 05:35:12,mlx5_7,0.000,0.000,0.000,0.000
2025-11-15 05:35:12,mlx5_8,0.000,0.000,0.000,0.000
2025-11-15 05:35:12,mlx5_9,0.000,0.000,77.608,47.189
2025-11-15 05:35:12,TOTAL,0.000,0.000,233.172,142.014
2025-11-15 05:35:13,mlx5_0,0.000,0.000,0.000,0.000
2025-11-15 05:35:13,mlx5_1,4.629,0.007,78.132,46.717
2025-11-15 05:35:13,mlx5_2,4.611,0.007,78.591,48.109
2025-11-15 05:35:13,mlx5_3,0.000,0.000,0.000,0.000
2025-11-15 05:35:13,mlx5_4,0.000,0.000,0.000,0.000
2025-11-15 05:35:13,mlx5_5,0.000,0.000,0.000,0.000
2025-11-15 05:35:13,mlx5_6,0.000,0.000,0.000,0.000
2025-11-15 05:35:13,mlx5_7,0.000,0.000,0.000,0.000
2025-11-15 05:35:13,mlx5_8,0.000,0.000,0.000,0.000
2025-11-15 05:35:13,mlx5_9,4.698,0.007,78.197,47.190
2025-11-15 05:35:13,TOTAL,13.938,0.020,234.920,142.016
2025-11-15 05:35:14,mlx5_0,0.000,0.000,0.000,0.000
2025-11-15 05:35:14,mlx5_1,7.480,0.010,79.071,46.719
2025-11-15 05:35:14,mlx5_2,7.455,0.010,79.526,48.110
2025-11-15 05:35:14,mlx5_3,0.000,0.000,0.000,0.000
2025-11-15 05:35:14,mlx5_4,0.000,0.000,0.000,0.000
2025-11-15 05:35:14,mlx5_5,0.000,0.000,0.000,0.000
2025-11-15 05:35:14,mlx5_6,0.000,0.000,0.000,0.000
2025-11-15 05:35:14,mlx5_7,0.000,0.000,0.000,0.000
2025-11-15 05:35:14,mlx5_8,0.000,0.000,0.000,0.000
2025-11-15 05:35:14,mlx5_9,7.600,0.010,79.151,47.191
2025-11-15 05:35:14,TOTAL,22.536,0.029,237.749,142.020
2025-11-15 05:35:15,mlx5_0,0.000,0.000,0.000,0.000
2025-11-15 05:35:15,mlx5_1,12.531,0.017,80.644,46.721
2025-11-15 05:35:15,mlx5_2,12.376,0.017,81.080,48.112
2025-11-15 05:35:15,mlx5_3,0.000,0.000,0.000,0.000
2025-11-15 05:35:15,mlx5_4,0.000,0.000,0.000,0.000
2025-11-15 05:35:15,mlx5_5,0.000,0.000,0.000,0.000
2025-11-15 05:35:15,mlx5_6,0.000,0.000,0.000,0.000
2025-11-15 05:35:15,mlx5_7,0.000,0.000,0.000,0.000
2025-11-15 05:35:15,mlx5_8,0.000,0.000,0.000,0.000
2025-11-15 05:35:15,mlx5_9,12.356,0.017,80.702,47.194
2025-11-15 05:35:15,TOTAL,37.263,0.051,242.426,142.026
2025-11-15 05:35:16,mlx5_0,0.000,0.000,0.000,0.000
2025-11-15 05:35:16,mlx5_1,0.000,0.000,80.644,46.721
2025-11-15 05:35:16,mlx5_2,0.000,0.000,81.080,48.112
2025-11-15 05:35:16,mlx5_3,0.000,0.000,0.000,0.000
2025-11-15 05:35:16,mlx5_4,0.000,0.000,0.000,0.000
2025-11-15 05:35:16,mlx5_5,0.000,0.000,0.000,0.000
2025-11-15 05:35:16,mlx5_6,0.000,0.000,0.000,0.000
2025-11-15 05:35:16,mlx5_7,0.000,0.000,0.000,0.000
2025-11-15 05:35:16,mlx5_8,0.000,0.000,0.000,0.000
2025-11-15 05:35:16,mlx5_9,0.000,0.000,80.702,47.194
2025-11-15 05:35:16,TOTAL,0.000,0.000,242.426,142.026
2025-11-15 05:35:17,mlx5_0,0.000,0.000,0.000,0.000
2025-11-15 05:35:17,mlx5_1,12.350,0.017,82.194,46.723
2025-11-15 05:35:17,mlx5_2,12.520,0.017,82.651,48.114
2025-11-15 05:35:17,mlx5_3,0.000,0.000,0.000,0.000
2025-11-15 05:35:17,mlx5_4,0.000,0.000,0.000,0.000
2025-11-15 05:35:17,mlx5_5,0.000,0.000,0.000,0.000
2025-11-15 05:35:17,mlx5_6,0.000,0.000,0.000,0.000
2025-11-15 05:35:17,mlx5_7,0.000,0.000,0.000,0.000
2025-11-15 05:35:17,mlx5_8,0.000,0.000,0.000,0.000
2025-11-15 05:35:17,mlx5_9,12.402,0.017,82.258,47.196
2025-11-15 05:35:17,TOTAL,37.272,0.051,247.102,142.033
2025-11-15 05:35:18,mlx5_0,0.000,0.000,0.000,0.000
2025-11-15 05:35:18,mlx5_1,0.000,0.000,82.194,46.723
2025-11-15 05:35:18,mlx5_2,0.000,0.000,82.651,48.114
2025-11-15 05:35:18,mlx5_3,0.000,0.000,0.000,0.000
2025-11-15 05:35:18,mlx5_4,0.000,0.000,0.000,0.000
2025-11-15 05:35:18,mlx5_5,0.000,0.000,0.000,0.000
2025-11-15 05:35:18,mlx5_6,0.000,0.000,0.000,0.000
2025-11-15 05:35:18,mlx5_7,0.000,0.000,0.000,0.000
2025-11-15 05:35:18,mlx5_8,0.000,0.000,0.000,0.000
2025-11-15 05:35:18,mlx5_9,0.000,0.000,82.258,47.196
2025-11-15 05:35:18,TOTAL,0.000,0.000,247.102,142.033
2025-11-15 05:35:19,mlx5_0,0.000,0.000,0.000,0.000
2025-11-15 05:35:19,mlx5_1,12.362,0.017,83.745,46.725
2025-11-15 05:35:19,mlx5_2,12.597,0.017,84.231,48.116
2025-11-15 05:35:19,mlx5_3,0.000,0.000,0.000,0.000
2025-11-15 05:35:19,mlx5_4,0.000,0.000,0.000,0.000
2025-11-15 05:35:19,mlx5_5,0.000,0.000,0.000,0.000
2025-11-15 05:35:19,mlx5_6,0.000,0.000,0.000,0.000
2025-11-15 05:35:19,mlx5_7,0.000,0.000,0.000,0.000
2025-11-15 05:35:19,mlx5_8,0.000,0.000,0.000,0.000
2025-11-15 05:35:19,mlx5_9,12.314,0.017,83.803,47.198
2025-11-15 05:35:19,TOTAL,37.273,0.050,251.779,142.039
2025-11-15 05:35:20,mlx5_0,0.000,0.000,0.000,0.000
2025-11-15 05:35:20,mlx5_1,0.000,0.000,83.745,46.725
2025-11-15 05:35:20,mlx5_2,0.000,0.000,84.231,48.116
2025-11-15 05:35:20,mlx5_3,0.000,0.000,0.000,0.000
2025-11-15 05:35:20,mlx5_4,0.000,0.000,0.000,0.000
2025-11-15 05:35:20,mlx5_5,0.000,0.000,0.000,0.000
2025-11-15 05:35:20,mlx5_6,0.000,0.000,0.000,0.000
2025-11-15 05:35:20,mlx5_7,0.000,0.000,0.000,0.000
2025-11-15 05:35:20,mlx5_8,0.000,0.000,0.000,0.000
2025-11-15 05:35:20,mlx5_9,0.000,0.000,83.803,47.198
2025-11-15 05:35:20,TOTAL,0.000,0.000,251.779,142.039
2025-11-15 05:35:21,mlx5_0,0.000,0.000,0.000,0.000
2025-11-15 05:35:21,mlx5_1,12.436,0.018,85.305,46.727
2025-11-15 05:35:21,mlx5_2,12.406,0.018,85.788,48.118
2025-11-15 05:35:21,mlx5_3,0.000,0.000,0.000,0.000
2025-11-15 05:35:21,mlx5_4,0.000,0.000,0.000,0.000
2025-11-15 05:35:21,mlx5_5,0.000,0.000,0.000,0.000
2025-11-15 05:35:21,mlx5_6,0.000,0.000,0.000,0.000
2025-11-15 05:35:21,mlx5_7,0.000,0.000,0.000,0.000
2025-11-15 05:35:21,mlx5_8,0.000,0.000,0.000,0.000
2025-11-15 05:35:21,mlx5_9,12.434,0.018,85.363,47.200
2025-11-15 05:35:21,TOTAL,37.276,0.054,256.457,142.046
2025-11-15 05:35:22,mlx5_0,0.000,0.000,0.000,0.000
2025-11-15 05:35:22,mlx5_1,0.001,0.001,85.305,46.727
2025-11-15 05:35:22,mlx5_2,0.000,0.000,85.788,48.118
2025-11-15 05:35:22,mlx5_3,0.000,0.000,0.000,0.000
2025-11-15 05:35:22,mlx5_4,0.000,0.000,0.000,0.000
2025-11-15 05:35:22,mlx5_5,0.000,0.000,0.000,0.000
2025-11-15 05:35:22,mlx5_6,0.000,0.000,0.000,0.000
2025-11-15 05:35:22,mlx5_7,0.000,0.000,0.000,0.000
2025-11-15 05:35:22,mlx5_8,0.000,0.000,0.000,0.000
2025-11-15 05:35:22,mlx5_9,0.001,0.001,85.363,47.200
2025-11-15 05:35:22,TOTAL,0.001,0.002,256.457,142.046
2025-11-15 05:35:23,mlx5_0,0.000,0.000,0.000,0.000
2025-11-15 05:35:23,mlx5_1,0.000,0.000,85.305,46.727
2025-11-15 05:35:23,mlx5_2,0.000,0.000,85.788,48.118
2025-11-15 05:35:23,mlx5_3,0.000,0.000,0.000,0.000
2025-11-15 05:35:23,mlx5_4,0.000,0.000,0.000,0.000
2025-11-15 05:35:23,mlx5_5,0.000,0.000,0.000,0.000
2025-11-15 05:35:23,mlx5_6,0.000,0.000,0.000,0.000
2025-11-15 05:35:23,mlx5_7,0.000,0.000,0.000,0.000
2025-11-15 05:35:23,mlx5_8,0.000,0.000,0.000,0.000
2025-11-15 05:35:23,mlx5_9,0.000,0.000,85.363,47.200
2025-11-15 05:35:23,TOTAL,0.000,0.000,256.457,142.046
2025-11-15 05:35:24,mlx5_0,0.000,0.000,0.000,0.000
2025-11-15 05:35:24,mlx5_1,12.067,0.016,86.819,46.729
2025-11-15 05:35:24,mlx5_2,12.191,0.017,87.318,48.121
2025-11-15 05:35:24,mlx5_3,0.000,0.000,0.000,0.000
2025-11-15 05:35:24,mlx5_4,0.000,0.000,0.000,0.000
2025-11-15 05:35:24,mlx5_5,0.000,0.000,0.000,0.000
2025-11-15 05:35:24,mlx5_6,0.000,0.000,0.000,0.000
2025-11-15 05:35:24,mlx5_7,0.000,0.000,0.000,0.000
2025-11-15 05:35:24,mlx5_8,0.000,0.000,0.000,0.000
2025-11-15 05:35:24,mlx5_9,12.213,0.016,86.896,47.202
2025-11-15 05:35:24,TOTAL,36.470,0.049,261.033,142.052
2025-11-15 05:35:25,mlx5_0,0.000,0.000,0.000,0.000
2025-11-15 05:35:25,mlx5_1,12.420,0.017,88.378,46.731
2025-11-15 05:35:25,mlx5_2,12.416,0.017,88.876,48.123
2025-11-15 05:35:25,mlx5_3,0.000,0.000,0.000,0.000
2025-11-15 05:35:25,mlx5_4,0.000,0.000,0.000,0.000
2025-11-15 05:35:25,mlx5_5,0.000,0.000,0.000,0.000
2025-11-15 05:35:25,mlx5_6,0.000,0.000,0.000,0.000
2025-11-15 05:35:25,mlx5_7,0.000,0.000,0.000,0.000
2025-11-15 05:35:25,mlx5_8,0.000,0.000,0.000,0.000
2025-11-15 05:35:25,mlx5_9,12.434,0.017,88.456,47.204
2025-11-15 05:35:25,TOTAL,37.269,0.051,265.710,142.059
2025-11-15 05:35:26,mlx5_0,0.000,0.000,0.000,0.000
2025-11-15 05:35:26,mlx5_1,0.000,0.000,88.378,46.731
2025-11-15 05:35:26,mlx5_2,0.000,0.000,88.876,48.123
2025-11-15 05:35:26,mlx5_3,0.000,0.000,0.000,0.000
2025-11-15 05:35:26,mlx5_4,0.000,0.000,0.000,0.000
2025-11-15 05:35:26,mlx5_5,0.000,0.000,0.000,0.000
2025-11-15 05:35:26,mlx5_6,0.000,0.000,0.000,0.000
2025-11-15 05:35:26,mlx5_7,0.000,0.000,0.000,0.000
2025-11-15 05:35:26,mlx5_8,0.000,0.000,0.000,0.000
2025-11-15 05:35:26,mlx5_9,0.000,0.000,88.456,47.204
2025-11-15 05:35:26,TOTAL,0.000,0.000,265.710,142.059
2025-11-15 05:35:27,mlx5_0,0.000,0.000,0.000,0.000
2025-11-15 05:35:27,mlx5_1,12.290,0.017,89.919,46.734
2025-11-15 05:35:27,mlx5_2,12.502,0.017,90.444,48.125
2025-11-15 05:35:27,mlx5_3,0.000,0.000,0.000,0.000
2025-11-15 05:35:27,mlx5_4,0.000,0.000,0.000,0.000
2025-11-15 05:35:27,mlx5_5,0.000,0.000,0.000,0.000
2025-11-15 05:35:27,mlx5_6,0.000,0.000,0.000,0.000
2025-11-15 05:35:27,mlx5_7,0.000,0.000,0.000,0.000
2025-11-15 05:35:27,mlx5_8,0.000,0.000,0.000,0.000
2025-11-15 05:35:27,mlx5_9,12.508,0.017,90.024,47.207
2025-11-15 05:35:27,TOTAL,37.300,0.050,270.387,142.065
2025-11-15 05:35:28,mlx5_0,0.000,0.000,0.000,0.000
2025-11-15 05:35:28,mlx5_1,0.000,0.000,89.919,46.734
2025-11-15 05:35:28,mlx5_2,0.000,0.000,90.444,48.125
2025-11-15 05:35:28,mlx5_3,0.000,0.000,0.000,0.000
2025-11-15 05:35:28,mlx5_4,0.000,0.000,0.000,0.000
2025-11-15 05:35:28,mlx5_5,0.000,0.000,0.000,0.000
2025-11-15 05:35:28,mlx5_6,0.000,0.000,0.000,0.000
2025-11-15 05:35:28,mlx5_7,0.000,0.000,0.000,0.000
2025-11-15 05:35:28,mlx5_8,0.000,0.000,0.000,0.000
2025-11-15 05:35:28,mlx5_9,0.000,0.000,90.024,47.207
2025-11-15 05:35:28,TOTAL,0.000,0.000,270.387,142.065
2025-11-15 05:35:29,mlx5_0,0.000,0.000,0.000,0.000
2025-11-15 05:35:29,mlx5_1,12.277,0.017,91.459,46.736
2025-11-15 05:35:29,mlx5_2,12.526,0.017,92.015,48.127
2025-11-15 05:35:29,mlx5_3,0.000,0.000,0.000,0.000
2025-11-15 05:35:29,mlx5_4,0.000,0.000,0.000,0.000
2025-11-15 05:35:29,mlx5_5,0.000,0.000,0.000,0.000
2025-11-15 05:35:29,mlx5_6,0.000,0.000,0.000,0.000
2025-11-15 05:35:29,mlx5_7,0.000,0.000,0.000,0.000
2025-11-15 05:35:29,mlx5_8,0.000,0.000,0.000,0.000
2025-11-15 05:35:29,mlx5_9,12.473,0.017,91.589,47.209
2025-11-15 05:35:29,TOTAL,37.276,0.051,275.064,142.071
2025-11-15 05:35:30,mlx5_0,0.000,0.000,0.000,0.000
2025-11-15 05:35:30,mlx5_1,0.000,0.000,91.459,46.736
2025-11-15 05:35:30,mlx5_2,0.000,0.000,92.015,48.127
2025-11-15 05:35:30,mlx5_3,0.000,0.000,0.000,0.000
2025-11-15 05:35:30,mlx5_4,0.000,0.000,0.000,0.000
2025-11-15 05:35:30,mlx5_5,0.000,0.000,0.000,0.000
2025-11-15 05:35:30,mlx5_6,0.000,0.000,0.000,0.000
2025-11-15 05:35:30,mlx5_7,0.000,0.000,0.000,0.000
2025-11-15 05:35:30,mlx5_8,0.000,0.000,0.000,0.000
2025-11-15 05:35:30,mlx5_9,0.000,0.000,91.589,47.209
2025-11-15 05:35:30,TOTAL,0.000,0.000,275.064,142.071
2025-11-15 05:35:31,mlx5_0,0.000,0.000,0.000,0.000
2025-11-15 05:35:31,mlx5_1,0.000,0.000,91.459,46.736
2025-11-15 05:35:31,mlx5_2,0.000,0.000,92.015,48.127
2025-11-15 05:35:31,mlx5_3,0.000,0.000,0.000,0.000
2025-11-15 05:35:31,mlx5_4,0.000,0.000,0.000,0.000
2025-11-15 05:35:31,mlx5_5,0.000,0.000,0.000,0.000
2025-11-15 05:35:31,mlx5_6,0.000,0.000,0.000,0.000
2025-11-15 05:35:31,mlx5_7,0.000,0.000,0.000,0.000
2025-11-15 05:35:31,mlx5_8,0.000,0.000,0.000,0.000
2025-11-15 05:35:31,mlx5_9,0.000,0.000,91.589,47.209
2025-11-15 05:35:31,TOTAL,0.000,0.000,275.064,142.071
2025-11-15 05:35:32,mlx5_0,0.000,0.000,0.000,0.000
2025-11-15 05:35:32,mlx5_1,12.383,0.019,93.014,46.738
2025-11-15 05:35:32,mlx5_2,12.457,0.019,93.579,48.129
2025-11-15 05:35:32,mlx5_3,0.000,0.000,0.000,0.000
2025-11-15 05:35:32,mlx5_4,0.000,0.000,0.000,0.000
2025-11-15 05:35:32,mlx5_5,0.000,0.000,0.000,0.000
2025-11-15 05:35:32,mlx5_6,0.000,0.000,0.000,0.000
2025-11-15 05:35:32,mlx5_7,0.000,0.000,0.000,0.000
2025-11-15 05:35:32,mlx5_8,0.000,0.000,0.000,0.000
2025-11-15 05:35:32,mlx5_9,12.415,0.019,93.148,47.211
2025-11-15 05:35:32,TOTAL,37.256,0.056,279.742,142.078
2025-11-15 05:35:33,mlx5_0,0.000,0.000,0.000,0.000
2025-11-15 05:35:33,mlx5_1,0.000,0.000,93.014,46.738
2025-11-15 05:35:33,mlx5_2,0.000,0.000,93.579,48.129
2025-11-15 05:35:33,mlx5_3,0.000,0.000,0.000,0.000
2025-11-15 05:35:33,mlx5_4,0.000,0.000,0.000,0.000
2025-11-15 05:35:33,mlx5_5,0.000,0.000,0.000,0.000
2025-11-15 05:35:33,mlx5_6,0.000,0.000,0.000,0.000
2025-11-15 05:35:33,mlx5_7,0.000,0.000,0.000,0.000
2025-11-15 05:35:33,mlx5_8,0.000,0.000,0.000,0.000
2025-11-15 05:35:33,mlx5_9,0.000,0.000,93.148,47.211
2025-11-15 05:35:33,TOTAL,0.000,0.000,279.742,142.078
2025-11-15 05:35:34,mlx5_0,0.000,0.000,0.000,0.000
2025-11-15 05:35:34,mlx5_1,12.867,0.017,94.629,46.740
2025-11-15 05:35:34,mlx5_2,13.018,0.018,95.213,48.131
2025-11-15 05:35:34,mlx5_3,0.000,0.000,0.000,0.000
2025-11-15 05:35:34,mlx5_4,0.000,0.000,0.000,0.000
2025-11-15 05:35:34,mlx5_5,0.000,0.000,0.000,0.000
2025-11-15 05:35:34,mlx5_6,0.000,0.000,0.000,0.000
2025-11-15 05:35:34,mlx5_7,0.000,0.000,0.000,0.000
2025-11-15 05:35:34,mlx5_8,0.000,0.000,0.000,0.000
2025-11-15 05:35:34,mlx5_9,12.917,0.018,94.769,47.213
2025-11-15 05:35:34,TOTAL,38.803,0.053,284.610,142.085
2025-11-15 05:35:35,mlx5_0,0.000,0.000,0.000,0.000
2025-11-15 05:35:35,mlx5_1,3.061,0.005,95.012,46.741
2025-11-15 05:35:35,mlx5_2,2.983,0.005,95.587,48.132
2025-11-15 05:35:35,mlx5_3,0.000,0.000,0.000,0.000
2025-11-15 05:35:35,mlx5_4,0.000,0.000,0.000,0.000
2025-11-15 05:35:35,mlx5_5,0.000,0.000,0.000,0.000
2025-11-15 05:35:35,mlx5_6,0.000,0.000,0.000,0.000
2025-11-15 05:35:35,mlx5_7,0.000,0.000,0.000,0.000
2025-11-15 05:35:35,mlx5_8,0.000,0.000,0.000,0.000
2025-11-15 05:35:35,mlx5_9,3.266,0.005,95.178,47.214
2025-11-15 05:35:35,TOTAL,9.309,0.015,285.778,142.087
2025-11-15 05:35:36,mlx5_0,0.000,0.000,0.000,0.000
2025-11-15 05:35:36,mlx5_1,9.283,0.012,96.180,46.742
2025-11-15 05:35:36,mlx5_2,9.365,0.012,96.765,48.134
2025-11-15 05:35:36,mlx5_3,0.000,0.000,0.000,0.000
2025-11-15 05:35:36,mlx5_4,0.000,0.000,0.000,0.000
2025-11-15 05:35:36,mlx5_5,0.000,0.000,0.000,0.000
2025-11-15 05:35:36,mlx5_6,0.000,0.000,0.000,0.000
2025-11-15 05:35:36,mlx5_7,0.000,0.000,0.000,0.000
2025-11-15 05:35:36,mlx5_8,0.000,0.000,0.000,0.000
2025-11-15 05:35:36,mlx5_9,9.251,0.012,96.342,47.215
2025-11-15 05:35:36,TOTAL,27.899,0.036,289.287,142.091
2025-11-15 05:35:37,mlx5_0,0.000,0.000,0.000,0.000
2025-11-15 05:35:37,mlx5_1,9.539,0.013,97.377,46.744
2025-11-15 05:35:37,mlx5_2,9.634,0.013,97.974,48.135
2025-11-15 05:35:37,mlx5_3,0.000,0.000,0.000,0.000
2025-11-15 05:35:37,mlx5_4,0.000,0.000,0.000,0.000
2025-11-15 05:35:37,mlx5_5,0.000,0.000,0.000,0.000
2025-11-15 05:35:37,mlx5_6,0.000,0.000,0.000,0.000
2025-11-15 05:35:37,mlx5_7,0.000,0.000,0.000,0.000
2025-11-15 05:35:37,mlx5_8,0.000,0.000,0.000,0.000
2025-11-15 05:35:37,mlx5_9,9.525,0.013,97.537,47.217
2025-11-15 05:35:37,TOTAL,28.697,0.039,292.889,142.096
2025-11-15 05:35:38,mlx5_0,0.000,0.000,0.000,0.000
2025-11-15 05:35:38,mlx5_1,2.796,0.004,97.728,46.744
2025-11-15 05:35:38,mlx5_2,2.973,0.004,98.347,48.136
2025-11-15 05:35:38,mlx5_3,0.000,0.000,0.000,0.000
2025-11-15 05:35:38,mlx5_4,0.000,0.000,0.000,0.000
2025-11-15 05:35:38,mlx5_5,0.000,0.000,0.000,0.000
2025-11-15 05:35:38,mlx5_6,0.000,0.000,0.000,0.000
2025-11-15 05:35:38,mlx5_7,0.000,0.000,0.000,0.000
2025-11-15 05:35:38,mlx5_8,0.000,0.000,0.000,0.000
2025-11-15 05:35:38,mlx5_9,2.799,0.004,97.889,47.217
2025-11-15 05:35:38,TOTAL,8.567,0.011,293.964,142.097
2025-11-15 05:35:39,mlx5_0,0.000,0.000,0.000,0.000
2025-11-15 05:35:39,mlx5_1,3.448,0.005,98.161,46.745
2025-11-15 05:35:39,mlx5_2,3.516,0.005,98.788,48.136
2025-11-15 05:35:39,mlx5_3,0.000,0.000,0.000,0.000
2025-11-15 05:35:39,mlx5_4,0.000,0.000,0.000,0.000
2025-11-15 05:35:39,mlx5_5,0.000,0.000,0.000,0.000
2025-11-15 05:35:39,mlx5_6,0.000,0.000,0.000,0.000
2025-11-15 05:35:39,mlx5_7,0.000,0.000,0.000,0.000
2025-11-15 05:35:39,mlx5_8,0.000,0.000,0.000,0.000
2025-11-15 05:35:39,mlx5_9,3.487,0.006,98.326,47.218
2025-11-15 05:35:39,TOTAL,10.451,0.016,295.276,142.100
2025-11-15 05:35:40,mlx5_0,0.000,0.000,0.000,0.000
2025-11-15 05:35:40,mlx5_1,8.924,0.011,99.281,46.746
2025-11-15 05:35:40,mlx5_2,9.052,0.012,99.925,48.138
2025-11-15 05:35:40,mlx5_3,0.000,0.000,0.000,0.000
2025-11-15 05:35:40,mlx5_4,0.000,0.000,0.000,0.000
2025-11-15 05:35:40,mlx5_5,0.000,0.000,0.000,0.000
2025-11-15 05:35:40,mlx5_6,0.000,0.000,0.000,0.000
2025-11-15 05:35:40,mlx5_7,0.000,0.000,0.000,0.000
2025-11-15 05:35:40,mlx5_8,0.000,0.000,0.000,0.000
2025-11-15 05:35:40,mlx5_9,8.836,0.012,99.436,47.220
2025-11-15 05:35:40,TOTAL,26.812,0.035,298.641,142.104
2025-11-15 05:35:41,mlx5_0,0.000,0.000,0.000,0.000
2025-11-15 05:35:41,mlx5_1,0.000,0.000,99.281,46.746
2025-11-15 05:35:41,mlx5_2,0.000,0.000,99.925,48.138
2025-11-15 05:35:41,mlx5_3,0.000,0.000,0.000,0.000
2025-11-15 05:35:41,mlx5_4,0.000,0.000,0.000,0.000
2025-11-15 05:35:41,mlx5_5,0.000,0.000,0.000,0.000
2025-11-15 05:35:41,mlx5_6,0.000,0.000,0.000,0.000
2025-11-15 05:35:41,mlx5_7,0.000,0.000,0.000,0.000
2025-11-15 05:35:41,mlx5_8,0.000,0.000,0.000,0.000
2025-11-15 05:35:41,mlx5_9,0.000,0.000,99.436,47.220
2025-11-15 05:35:41,TOTAL,0.000,0.000,298.641,142.104
2025-11-15 05:35:42,mlx5_0,0.000,0.000,0.000,0.000
2025-11-15 05:35:42,mlx5_1,12.351,0.018,100.831,46.749
2025-11-15 05:35:42,mlx5_2,12.530,0.019,101.497,48.140
2025-11-15 05:35:42,mlx5_3,0.000,0.000,0.000,0.000
2025-11-15 05:35:42,mlx5_4,0.000,0.000,0.000,0.000
2025-11-15 05:35:42,mlx5_5,0.000,0.000,0.000,0.000
2025-11-15 05:35:42,mlx5_6,0.000,0.000,0.000,0.000
2025-11-15 05:35:42,mlx5_7,0.000,0.000,0.000,0.000
2025-11-15 05:35:42,mlx5_8,0.000,0.000,0.000,0.000
2025-11-15 05:35:42,mlx5_9,12.398,0.019,100.991,47.222
2025-11-15 05:35:42,TOTAL,37.279,0.056,303.319,142.111
2025-11-15 05:35:43,mlx5_0,0.000,0.000,0.000,0.000
2025-11-15 05:35:43,mlx5_1,0.000,0.000,100.831,46.749
2025-11-15 05:35:43,mlx5_2,0.000,0.000,101.497,48.140
2025-11-15 05:35:43,mlx5_3,0.000,0.000,0.000,0.000
2025-11-15 05:35:43,mlx5_4,0.000,0.000,0.000,0.000
2025-11-15 05:35:43,mlx5_5,0.000,0.000,0.000,0.000
2025-11-15 05:35:43,mlx5_6,0.000,0.000,0.000,0.000
2025-11-15 05:35:43,mlx5_7,0.000,0.000,0.000,0.000
2025-11-15 05:35:43,mlx5_8,0.000,0.000,0.000,0.000
2025-11-15 05:35:43,mlx5_9,0.000,0.000,100.991,47.222
2025-11-15 05:35:43,TOTAL,0.000,0.000,303.319,142.111
2025-11-15 05:35:44,mlx5_0,0.000,0.000,0.000,0.000
2025-11-15 05:35:44,mlx5_1,10.774,0.014,102.182,46.751
2025-11-15 05:35:44,mlx5_2,10.699,0.015,102.839,48.142
2025-11-15 05:35:44,mlx5_3,0.000,0.000,0.000,0.000
2025-11-15 05:35:44,mlx5_4,0.000,0.000,0.000,0.000
2025-11-15 05:35:44,mlx5_5,0.000,0.000,0.000,0.000
2025-11-15 05:35:44,mlx5_6,0.000,0.000,0.000,0.000
2025-11-15 05:35:44,mlx5_7,0.000,0.000,0.000,0.000
2025-11-15 05:35:44,mlx5_8,0.000,0.000,0.000,0.000
2025-11-15 05:35:44,mlx5_9,10.925,0.015,102.362,47.224
2025-11-15 05:35:44,TOTAL,32.398,0.044,307.384,142.116
2025-11-15 05:35:45,mlx5_0,0.000,0.000,0.000,0.000
2025-11-15 05:35:45,mlx5_1,1.340,0.002,102.351,46.751
2025-11-15 05:35:45,mlx5_2,1.420,0.002,103.017,48.142
2025-11-15 05:35:45,mlx5_3,0.000,0.000,0.000,0.000
2025-11-15 05:35:45,mlx5_4,0.000,0.000,0.000,0.000
2025-11-15 05:35:45,mlx5_5,0.000,0.000,0.000,0.000
2025-11-15 05:35:45,mlx5_6,0.000,0.000,0.000,0.000
2025-11-15 05:35:45,mlx5_7,0.000,0.000,0.000,0.000
2025-11-15 05:35:45,mlx5_8,0.000,0.000,0.000,0.000
2025-11-15 05:35:45,mlx5_9,1.313,0.002,102.527,47.224
2025-11-15 05:35:45,TOTAL,4.074,0.006,307.895,142.117
2025-11-15 05:35:46,mlx5_0,0.000,0.000,0.000,0.000
2025-11-15 05:35:46,mlx5_1,12.294,0.017,103.893,46.753
2025-11-15 05:35:46,mlx5_2,12.547,0.017,104.592,48.144
2025-11-15 05:35:46,mlx5_3,0.000,0.000,0.000,0.000
2025-11-15 05:35:46,mlx5_4,0.000,0.000,0.000,0.000
2025-11-15 05:35:46,mlx5_5,0.000,0.000,0.000,0.000
2025-11-15 05:35:46,mlx5_6,0.000,0.000,0.000,0.000
2025-11-15 05:35:46,mlx5_7,0.000,0.000,0.000,0.000
2025-11-15 05:35:46,mlx5_8,0.000,0.000,0.000,0.000
2025-11-15 05:35:46,mlx5_9,12.429,0.017,104.087,47.226
2025-11-15 05:35:46,TOTAL,37.269,0.050,312.572,142.123
2025-11-15 05:35:47,mlx5_0,0.000,0.000,0.000,0.000
2025-11-15 05:35:47,mlx5_1,0.000,0.000,103.893,46.753
2025-11-15 05:35:47,mlx5_2,0.000,0.000,104.592,48.144
2025-11-15 05:35:47,mlx5_3,0.000,0.000,0.000,0.000
2025-11-15 05:35:47,mlx5_4,0.000,0.000,0.000,0.000
2025-11-15 05:35:47,mlx5_5,0.000,0.000,0.000,0.000
2025-11-15 05:35:47,mlx5_6,0.000,0.000,0.000,0.000
2025-11-15 05:35:47,mlx5_7,0.000,0.000,0.000,0.000
2025-11-15 05:35:47,mlx5_8,0.000,0.000,0.000,0.000
2025-11-15 05:35:47,mlx5_9,0.000,0.000,104.087,47.226
2025-11-15 05:35:47,TOTAL,0.000,0.000,312.572,142.123
2025-11-15 05:35:48,mlx5_0,0.000,0.000,0.000,0.000
2025-11-15 05:35:48,mlx5_1,12.245,0.017,105.429,46.755
2025-11-15 05:35:48,mlx5_2,12.585,0.017,106.170,48.147
2025-11-15 05:35:48,mlx5_3,0.000,0.000,0.000,0.000
2025-11-15 05:35:48,mlx5_4,0.000,0.000,0.000,0.000
2025-11-15 05:35:48,mlx5_5,0.000,0.000,0.000,0.000
2025-11-15 05:35:48,mlx5_6,0.000,0.000,0.000,0.000
2025-11-15 05:35:48,mlx5_7,0.000,0.000,0.000,0.000
2025-11-15 05:35:48,mlx5_8,0.000,0.000,0.000,0.000
2025-11-15 05:35:48,mlx5_9,12.466,0.017,105.650,47.228
2025-11-15 05:35:48,TOTAL,37.297,0.051,317.249,142.130
2025-11-15 05:35:49,mlx5_0,0.000,0.000,0.000,0.000
2025-11-15 05:35:49,mlx5_1,0.000,0.000,105.429,46.755
2025-11-15 05:35:49,mlx5_2,0.000,0.000,106.170,48.147
2025-11-15 05:35:49,mlx5_3,0.000,0.000,0.000,0.000
2025-11-15 05:35:49,mlx5_4,0.000,0.000,0.000,0.000
2025-11-15 05:35:49,mlx5_5,0.000,0.000,0.000,0.000
2025-11-15 05:35:49,mlx5_6,0.000,0.000,0.000,0.000
2025-11-15 05:35:49,mlx5_7,0.000,0.000,0.000,0.000
2025-11-15 05:35:49,mlx5_8,0.000,0.000,0.000,0.000
2025-11-15 05:35:49,mlx5_9,0.000,0.000,105.650,47.228
2025-11-15 05:35:49,TOTAL,0.000,0.000,317.249,142.130
2025-11-15 05:35:50,mlx5_0,0.000,0.000,0.000,0.000
2025-11-15 05:35:50,mlx5_1,12.457,0.017,106.992,46.757
2025-11-15 05:35:50,mlx5_2,12.476,0.017,107.735,48.149
2025-11-15 05:35:50,mlx5_3,0.000,0.000,0.000,0.000
2025-11-15 05:35:50,mlx5_4,0.000,0.000,0.000,0.000
2025-11-15 05:35:50,mlx5_5,0.000,0.000,0.000,0.000
2025-11-15 05:35:50,mlx5_6,0.000,0.000,0.000,0.000
2025-11-15 05:35:50,mlx5_7,0.000,0.000,0.000,0.000
2025-11-15 05:35:50,mlx5_8,0.000,0.000,0.000,0.000
2025-11-15 05:35:50,mlx5_9,12.343,0.017,107.198,47.230
2025-11-15 05:35:50,TOTAL,37.276,0.050,321.926,142.136
2025-11-15 05:35:51,mlx5_0,0.000,0.000,0.000,0.000
2025-11-15 05:35:51,mlx5_1,0.000,0.000,106.992,46.757
2025-11-15 05:35:51,mlx5_2,0.000,0.000,107.735,48.149
2025-11-15 05:35:51,mlx5_3,0.000,0.000,0.000,0.000
2025-11-15 05:35:51,mlx5_4,0.000,0.000,0.000,0.000
2025-11-15 05:35:51,mlx5_5,0.000,0.000,0.000,0.000
2025-11-15 05:35:51,mlx5_6,0.000,0.000,0.000,0.000
2025-11-15 05:35:51,mlx5_7,0.000,0.000,0.000,0.000
2025-11-15 05:35:51,mlx5_8,0.000,0.000,0.000,0.000
2025-11-15 05:35:51,mlx5_9,0.000,0.000,107.198,47.230
2025-11-15 05:35:51,TOTAL,0.000,0.000,321.926,142.136
2025-11-15 05:35:52,mlx5_0,0.000,0.000,0.000,0.000
2025-11-15 05:35:52,mlx5_1,4.985,0.007,107.617,46.758
2025-11-15 05:35:52,mlx5_2,5.074,0.007,108.372,48.150
2025-11-15 05:35:52,mlx5_3,0.000,0.000,0.000,0.000
2025-11-15 05:35:52,mlx5_4,0.000,0.000,0.000,0.000
2025-11-15 05:35:52,mlx5_5,0.000,0.000,0.000,0.000
2025-11-15 05:35:52,mlx5_6,0.000,0.000,0.000,0.000
2025-11-15 05:35:52,mlx5_7,0.000,0.000,0.000,0.000
2025-11-15 05:35:52,mlx5_8,0.000,0.000,0.000,0.000
2025-11-15 05:35:52,mlx5_9,5.079,0.008,107.836,47.231
2025-11-15 05:35:52,TOTAL,15.138,0.022,323.825,142.139
2025-11-15 05:35:53,mlx5_0,0.000,0.000,0.000,0.000
2025-11-15 05:35:53,mlx5_1,7.394,0.011,108.545,46.759
2025-11-15 05:35:53,mlx5_2,7.406,0.011,109.302,48.151
2025-11-15 05:35:53,mlx5_3,0.000,0.000,0.000,0.000
2025-11-15 05:35:53,mlx5_4,0.000,0.000,0.000,0.000
2025-11-15 05:35:53,mlx5_5,0.000,0.000,0.000,0.000
2025-11-15 05:35:53,mlx5_6,0.000,0.000,0.000,0.000
2025-11-15 05:35:53,mlx5_7,0.000,0.000,0.000,0.000
2025-11-15 05:35:53,mlx5_8,0.000,0.000,0.000,0.000
2025-11-15 05:35:53,mlx5_9,7.333,0.011,108.756,47.233
2025-11-15 05:35:53,TOTAL,22.133,0.033,326.603,142.143
2025-11-15 05:35:54,mlx5_0,0.000,0.000,0.000,0.000
2025-11-15 05:35:54,mlx5_1,0.000,0.000,108.545,46.759
2025-11-15 05:35:54,mlx5_2,0.000,0.000,109.302,48.151
2025-11-15 05:35:54,mlx5_3,0.000,0.000,0.000,0.000
2025-11-15 05:35:54,mlx5_4,0.000,0.000,0.000,0.000
2025-11-15 05:35:54,mlx5_5,0.000,0.000,0.000,0.000
2025-11-15 05:35:54,mlx5_6,0.000,0.000,0.000,0.000
2025-11-15 05:35:54,mlx5_7,0.000,0.000,0.000,0.000
2025-11-15 05:35:54,mlx5_8,0.000,0.000,0.000,0.000
2025-11-15 05:35:54,mlx5_9,0.000,0.000,108.756,47.233
2025-11-15 05:35:54,TOTAL,0.000,0.000,326.603,142.143
2025-11-15 05:35:55,mlx5_0,0.000,0.000,0.000,0.000
2025-11-15 05:35:55,mlx5_1,12.209,0.016,110.077,46.761
2025-11-15 05:35:55,mlx5_2,12.080,0.017,110.817,48.153
2025-11-15 05:35:55,mlx5_3,0.000,0.000,0.000,0.000
2025-11-15 05:35:55,mlx5_4,0.000,0.000,0.000,0.000
2025-11-15 05:35:55,mlx5_5,0.000,0.000,0.000,0.000
2025-11-15 05:35:55,mlx5_6,0.000,0.000,0.000,0.000
2025-11-15 05:35:55,mlx5_7,0.000,0.000,0.000,0.000
2025-11-15 05:35:55,mlx5_8,0.000,0.000,0.000,0.000
2025-11-15 05:35:55,mlx5_9,12.184,0.017,110.285,47.235
2025-11-15 05:35:55,TOTAL,36.473,0.050,331.180,142.149
2025-11-15 05:35:56,mlx5_0,0.000,0.000,0.000,0.000
2025-11-15 05:35:56,mlx5_1,12.462,0.017,111.641,46.763
2025-11-15 05:35:56,mlx5_2,12.423,0.017,112.376,48.155
2025-11-15 05:35:56,mlx5_3,0.000,0.000,0.000,0.000
2025-11-15 05:35:56,mlx5_4,0.000,0.000,0.000,0.000
2025-11-15 05:35:56,mlx5_5,0.000,0.000,0.000,0.000
2025-11-15 05:35:56,mlx5_6,0.000,0.000,0.000,0.000
2025-11-15 05:35:56,mlx5_7,0.000,0.000,0.000,0.000
2025-11-15 05:35:56,mlx5_8,0.000,0.000,0.000,0.000
2025-11-15 05:35:56,mlx5_9,12.395,0.017,111.840,47.237
2025-11-15 05:35:56,TOTAL,37.279,0.051,335.856,142.156
2025-11-15 05:35:57,mlx5_0,0.000,0.000,0.000,0.000
2025-11-15 05:35:57,mlx5_1,0.000,0.000,111.641,46.763
2025-11-15 05:35:57,mlx5_2,0.000,0.000,112.376,48.155
2025-11-15 05:35:57,mlx5_3,0.000,0.000,0.000,0.000
2025-11-15 05:35:57,mlx5_4,0.000,0.000,0.000,0.000
2025-11-15 05:35:57,mlx5_5,0.000,0.000,0.000,0.000
2025-11-15 05:35:57,mlx5_6,0.000,0.000,0.000,0.000
2025-11-15 05:35:57,mlx5_7,0.000,0.000,0.000,0.000
2025-11-15 05:35:57,mlx5_8,0.000,0.000,0.000,0.000
2025-11-15 05:35:57,mlx5_9,0.000,0.000,111.840,47.237
2025-11-15 05:35:57,TOTAL,0.000,0.000,335.856,142.156
2025-11-15 05:35:58,mlx5_0,0.000,0.000,0.000,0.000
2025-11-15 05:35:58,mlx5_1,12.469,0.017,113.205,46.766
2025-11-15 05:35:58,mlx5_2,12.460,0.017,113.939,48.157
2025-11-15 05:35:58,mlx5_3,0.000,0.000,0.000,0.000
2025-11-15 05:35:58,mlx5_4,0.000,0.000,0.000,0.000
2025-11-15 05:35:58,mlx5_5,0.000,0.000,0.000,0.000
2025-11-15 05:35:58,mlx5_6,0.000,0.000,0.000,0.000
2025-11-15 05:35:58,mlx5_7,0.000,0.000,0.000,0.000
2025-11-15 05:35:58,mlx5_8,0.000,0.000,0.000,0.000
2025-11-15 05:35:58,mlx5_9,12.343,0.017,113.389,47.239
2025-11-15 05:35:58,TOTAL,37.273,0.051,340.533,142.162
2025-11-15 05:35:59,mlx5_0,0.000,0.000,0.000,0.000
2025-11-15 05:35:59,mlx5_1,0.000,0.000,113.205,46.766
2025-11-15 05:35:59,mlx5_2,0.000,0.000,113.939,48.157
2025-11-15 05:35:59,mlx5_3,0.000,0.000,0.000,0.000
2025-11-15 05:35:59,mlx5_4,0.000,0.000,0.000,0.000
2025-11-15 05:35:59,mlx5_5,0.000,0.000,0.000,0.000
2025-11-15 05:35:59,mlx5_6,0.000,0.000,0.000,0.000
2025-11-15 05:35:59,mlx5_7,0.000,0.000,0.000,0.000
2025-11-15 05:35:59,mlx5_8,0.000,0.000,0.000,0.000
2025-11-15 05:35:59,mlx5_9,0.000,0.000,113.389,47.239
2025-11-15 05:35:59,TOTAL,0.000,0.000,340.533,142.162
2025-11-15 05:36:00,mlx5_0,0.000,0.000,0.000,0.000
2025-11-15 05:36:00,mlx5_1,9.098,0.012,114.347,46.767
2025-11-15 05:36:00,mlx5_2,9.211,0.013,115.095,48.159
2025-11-15 05:36:00,mlx5_3,0.000,0.000,0.000,0.000
2025-11-15 05:36:00,mlx5_4,0.000,0.000,0.000,0.000
2025-11-15 05:36:00,mlx5_5,0.000,0.000,0.000,0.000
2025-11-15 05:36:00,mlx5_6,0.000,0.000,0.000,0.000
2025-11-15 05:36:00,mlx5_7,0.000,0.000,0.000,0.000
2025-11-15 05:36:00,mlx5_8,0.000,0.000,0.000,0.000
2025-11-15 05:36:00,mlx5_9,9.284,0.013,114.554,47.241
2025-11-15 05:36:00,TOTAL,27.593,0.038,343.996,142.167
2025-11-15 05:36:01,mlx5_0,0.000,0.000,0.000,0.000
2025-11-15 05:36:01,mlx5_1,3.248,0.004,114.754,46.768
2025-11-15 05:36:01,mlx5_2,3.209,0.004,115.498,48.159
2025-11-15 05:36:01,mlx5_3,0.000,0.000,0.000,0.000
2025-11-15 05:36:01,mlx5_4,0.000,0.000,0.000,0.000
2025-11-15 05:36:01,mlx5_5,0.000,0.000,0.000,0.000
2025-11-15 05:36:01,mlx5_6,0.000,0.000,0.000,0.000
2025-11-15 05:36:01,mlx5_7,0.000,0.000,0.000,0.000
2025-11-15 05:36:01,mlx5_8,0.000,0.000,0.000,0.000
2025-11-15 05:36:01,mlx5_9,3.223,0.004,114.958,47.241
2025-11-15 05:36:01,TOTAL,9.680,0.013,345.210,142.168
2025-11-15 05:36:02,mlx5_0,0.000,0.000,0.000,0.000
2025-11-15 05:36:02,mlx5_1,0.000,0.000,114.754,46.768
2025-11-15 05:36:02,mlx5_2,0.000,0.000,115.498,48.159
2025-11-15 05:36:02,mlx5_3,0.000,0.000,0.000,0.000
2025-11-15 05:36:02,mlx5_4,0.000,0.000,0.000,0.000
2025-11-15 05:36:02,mlx5_5,0.000,0.000,0.000,0.000
2025-11-15 05:36:02,mlx5_6,0.000,0.000,0.000,0.000
2025-11-15 05:36:02,mlx5_7,0.000,0.000,0.000,0.000
2025-11-15 05:36:02,mlx5_8,0.000,0.000,0.000,0.000
2025-11-15 05:36:02,mlx5_9,0.000,0.000,114.958,47.241
2025-11-15 05:36:02,TOTAL,0.000,0.000,345.210,142.168
2025-11-15 05:36:03,mlx5_0,0.000,0.000,0.000,0.000
2025-11-15 05:36:03,mlx5_1,12.364,0.018,116.306,46.770
2025-11-15 05:36:03,mlx5_2,12.538,0.019,117.071,48.162
2025-11-15 05:36:03,mlx5_3,0.000,0.000,0.000,0.000
2025-11-15 05:36:03,mlx5_4,0.000,0.000,0.000,0.000
2025-11-15 05:36:03,mlx5_5,0.000,0.000,0.000,0.000
2025-11-15 05:36:03,mlx5_6,0.000,0.000,0.000,0.000
2025-11-15 05:36:03,mlx5_7,0.000,0.000,0.000,0.000
2025-11-15 05:36:03,mlx5_8,0.000,0.000,0.000,0.000
2025-11-15 05:36:03,mlx5_9,12.371,0.019,116.511,47.243
2025-11-15 05:36:03,TOTAL,37.274,0.055,349.888,142.175
2025-11-15 05:36:04,mlx5_0,0.000,0.000,0.000,0.000
2025-11-15 05:36:04,mlx5_1,0.000,0.000,116.306,46.770
2025-11-15 05:36:04,mlx5_2,0.000,0.000,117.071,48.162
2025-11-15 05:36:04,mlx5_3,0.000,0.000,0.000,0.000
2025-11-15 05:36:04,mlx5_4,0.000,0.000,0.000,0.000
2025-11-15 05:36:04,mlx5_5,0.000,0.000,0.000,0.000
2025-11-15 05:36:04,mlx5_6,0.000,0.000,0.000,0.000
2025-11-15 05:36:04,mlx5_7,0.000,0.000,0.000,0.000
2025-11-15 05:36:04,mlx5_8,0.000,0.000,0.000,0.000
2025-11-15 05:36:04,mlx5_9,0.000,0.000,116.511,47.244
2025-11-15 05:36:04,TOTAL,0.000,0.000,349.888,142.175
2025-11-15 05:36:05,mlx5_0,0.000,0.000,0.000,0.000
2025-11-15 05:36:05,mlx5_1,12.901,0.017,117.925,46.772
2025-11-15 05:36:05,mlx5_2,13.099,0.018,118.715,48.164
2025-11-15 05:36:05,mlx5_3,0.000,0.000,0.000,0.000
2025-11-15 05:36:05,mlx5_4,0.000,0.000,0.000,0.000
2025-11-15 05:36:05,mlx5_5,0.000,0.000,0.000,0.000
2025-11-15 05:36:05,mlx5_6,0.000,0.000,0.000,0.000
2025-11-15 05:36:05,mlx5_7,0.000,0.000,0.000,0.000
2025-11-15 05:36:05,mlx5_8,0.000,0.000,0.000,0.000
2025-11-15 05:36:05,mlx5_9,12.802,0.018,118.117,47.246
2025-11-15 05:36:05,TOTAL,38.802,0.053,354.757,142.182
2025-11-15 05:36:06,mlx5_0,0.000,0.000,0.000,0.000
2025-11-15 05:36:06,mlx5_1,0.000,0.000,117.925,46.772
2025-11-15 05:36:06,mlx5_2,0.000,0.000,118.715,48.164
2025-11-15 05:36:06,mlx5_3,0.000,0.000,0.000,0.000
2025-11-15 05:36:06,mlx5_4,0.000,0.000,0.000,0.000
2025-11-15 05:36:06,mlx5_5,0.000,0.000,0.000,0.000
2025-11-15 05:36:06,mlx5_6,0.000,0.000,0.000,0.000
2025-11-15 05:36:06,mlx5_7,0.000,0.000,0.000,0.000
2025-11-15 05:36:06,mlx5_8,0.000,0.000,0.000,0.000
2025-11-15 05:36:06,mlx5_9,0.000,0.000,118.117,47.246
2025-11-15 05:36:06,TOTAL,0.000,0.000,354.757,142.182
2025-11-15 05:36:07,mlx5_0,0.000,0.000,0.000,0.000
2025-11-15 05:36:07,mlx5_1,12.228,0.017,119.459,46.774
2025-11-15 05:36:07,mlx5_2,12.464,0.017,120.279,48.166
2025-11-15 05:36:07,mlx5_3,0.000,0.000,0.000,0.000
2025-11-15 05:36:07,mlx5_4,0.000,0.000,0.000,0.000
2025-11-15 05:36:07,mlx5_5,0.000,0.000,0.000,0.000
2025-11-15 05:36:07,mlx5_6,0.000,0.000,0.000,0.000
2025-11-15 05:36:07,mlx5_7,0.000,0.000,0.000,0.000
2025-11-15 05:36:07,mlx5_8,0.000,0.000,0.000,0.000
2025-11-15 05:36:07,mlx5_9,12.578,0.017,119.695,47.248
2025-11-15 05:36:07,TOTAL,37.271,0.050,359.433,142.188
2025-11-15 05:36:08,mlx5_0,0.000,0.000,0.000,0.000
2025-11-15 05:36:08,mlx5_1,1.322,0.003,119.625,46.775
2025-11-15 05:36:08,mlx5_2,1.251,0.003,120.436,48.166
2025-11-15 05:36:08,mlx5_3,0.000,0.000,0.000,0.000
2025-11-15 05:36:08,mlx5_4,0.000,0.000,0.000,0.000
2025-11-15 05:36:08,mlx5_5,0.000,0.000,0.000,0.000
2025-11-15 05:36:08,mlx5_6,0.000,0.000,0.000,0.000
2025-11-15 05:36:08,mlx5_7,0.000,0.000,0.000,0.000
2025-11-15 05:36:08,mlx5_8,0.000,0.000,0.000,0.000
2025-11-15 05:36:08,mlx5_9,1.451,0.003,119.877,47.248
2025-11-15 05:36:08,TOTAL,4.024,0.009,359.939,142.189
2025-11-15 05:36:09,mlx5_0,0.000,0.000,0.000,0.000
2025-11-15 05:36:09,mlx5_1,11.118,0.014,121.027,46.776
2025-11-15 05:36:09,mlx5_2,11.049,0.014,121.829,48.168
2025-11-15 05:36:09,mlx5_3,0.000,0.000,0.000,0.000
2025-11-15 05:36:09,mlx5_4,0.000,0.000,0.000,0.000
2025-11-15 05:36:09,mlx5_5,0.000,0.000,0.000,0.000
2025-11-15 05:36:09,mlx5_6,0.000,0.000,0.000,0.000
2025-11-15 05:36:09,mlx5_7,0.000,0.000,0.000,0.000
2025-11-15 05:36:09,mlx5_8,0.000,0.000,0.000,0.000
2025-11-15 05:36:09,mlx5_9,10.921,0.014,121.254,47.250
2025-11-15 05:36:09,TOTAL,33.088,0.042,364.110,142.195
2025-11-15 05:36:10,mlx5_0,0.000,0.000,0.000,0.000
2025-11-15 05:36:10,mlx5_1,0.000,0.000,121.027,46.776
2025-11-15 05:36:10,mlx5_2,0.000,0.000,121.829,48.168
2025-11-15 05:36:10,mlx5_3,0.000,0.000,0.000,0.000
2025-11-15 05:36:10,mlx5_4,0.000,0.000,0.000,0.000
2025-11-15 05:36:10,mlx5_5,0.000,0.000,0.000,0.000
2025-11-15 05:36:10,mlx5_6,0.000,0.000,0.000,0.000
2025-11-15 05:36:10,mlx5_7,0.000,0.000,0.000,0.000
2025-11-15 05:36:10,mlx5_8,0.000,0.000,0.000,0.000
2025-11-15 05:36:10,mlx5_9,0.000,0.000,121.254,47.250
2025-11-15 05:36:10,TOTAL,0.000,0.000,364.110,142.195
2025-11-15 05:36:11,mlx5_0,0.000,0.000,0.000,0.000
2025-11-15 05:36:11,mlx5_1,12.336,0.017,122.575,46.778
2025-11-15 05:36:11,mlx5_2,12.452,0.017,123.392,48.170
2025-11-15 05:36:11,mlx5_3,0.000,0.000,0.000,0.000
2025-11-15 05:36:11,mlx5_4,0.000,0.000,0.000,0.000
2025-11-15 05:36:11,mlx5_5,0.000,0.000,0.000,0.000
2025-11-15 05:36:11,mlx5_6,0.000,0.000,0.000,0.000
2025-11-15 05:36:11,mlx5_7,0.000,0.000,0.000,0.000
2025-11-15 05:36:11,mlx5_8,0.000,0.000,0.000,0.000
2025-11-15 05:36:11,mlx5_9,12.482,0.017,122.821,47.252
2025-11-15 05:36:11,TOTAL,37.269,0.051,368.787,142.201
2025-11-15 05:36:12,mlx5_0,0.000,0.000,0.000,0.000
2025-11-15 05:36:12,mlx5_1,0.000,0.000,122.575,46.778
2025-11-15 05:36:12,mlx5_2,0.000,0.000,123.392,48.170
2025-11-15 05:36:12,mlx5_3,0.000,0.000,0.000,0.000
2025-11-15 05:36:12,mlx5_4,0.000,0.000,0.000,0.000
2025-11-15 05:36:12,mlx5_5,0.000,0.000,0.000,0.000
2025-11-15 05:36:12,mlx5_6,0.000,0.000,0.000,0.000
2025-11-15 05:36:12,mlx5_7,0.000,0.000,0.000,0.000
2025-11-15 05:36:12,mlx5_8,0.000,0.000,0.000,0.000
2025-11-15 05:36:12,mlx5_9,0.000,0.000,122.821,47.252
2025-11-15 05:36:12,TOTAL,0.000,0.000,368.787,142.201
2025-11-15 05:36:13,mlx5_0,0.000,0.000,0.000,0.000
2025-11-15 05:36:13,mlx5_1,7.234,0.010,123.482,46.780
2025-11-15 05:36:13,mlx5_2,7.364,0.010,124.315,48.172
2025-11-15 05:36:13,mlx5_3,0.000,0.000,0.000,0.000
2025-11-15 05:36:13,mlx5_4,0.000,0.000,0.000,0.000
2025-11-15 05:36:13,mlx5_5,0.000,0.000,0.000,0.000
2025-11-15 05:36:13,mlx5_6,0.000,0.000,0.000,0.000
2025-11-15 05:36:13,mlx5_7,0.000,0.000,0.000,0.000
2025-11-15 05:36:13,mlx5_8,0.000,0.000,0.000,0.000
2025-11-15 05:36:13,mlx5_9,7.333,0.010,123.740,47.253
2025-11-15 05:36:13,TOTAL,21.931,0.031,371.537,142.205
2025-11-15 05:36:14,mlx5_0,0.000,0.000,0.000,0.000
2025-11-15 05:36:14,mlx5_1,5.132,0.008,124.126,46.781
2025-11-15 05:36:14,mlx5_2,5.224,0.008,124.970,48.173
2025-11-15 05:36:14,mlx5_3,0.000,0.000,0.000,0.000
2025-11-15 05:36:14,mlx5_4,0.000,0.000,0.000,0.000
2025-11-15 05:36:14,mlx5_5,0.000,0.000,0.000,0.000
2025-11-15 05:36:14,mlx5_6,0.000,0.000,0.000,0.000
2025-11-15 05:36:14,mlx5_7,0.000,0.000,0.000,0.000
2025-11-15 05:36:14,mlx5_8,0.000,0.000,0.000,0.000
2025-11-15 05:36:14,mlx5_9,5.008,0.008,124.369,47.254
2025-11-15 05:36:14,TOTAL,15.364,0.025,373.465,142.208
2025-11-15 05:36:15,mlx5_0,0.000,0.000,0.000,0.000
2025-11-15 05:36:15,mlx5_1,5.742,0.008,124.846,46.782
2025-11-15 05:36:15,mlx5_2,5.879,0.008,125.708,48.174
2025-11-15 05:36:15,mlx5_3,0.000,0.000,0.000,0.000
2025-11-15 05:36:15,mlx5_4,0.000,0.000,0.000,0.000
2025-11-15 05:36:15,mlx5_5,0.000,0.000,0.000,0.000
2025-11-15 05:36:15,mlx5_6,0.000,0.000,0.000,0.000
2025-11-15 05:36:15,mlx5_7,0.000,0.000,0.000,0.000
2025-11-15 05:36:15,mlx5_8,0.000,0.000,0.000,0.000
2025-11-15 05:36:15,mlx5_9,5.870,0.008,125.105,47.255
2025-11-15 05:36:15,TOTAL,17.491,0.025,375.658,142.211
2025-11-15 05:36:16,mlx5_0,0.000,0.000,0.000,0.000
2025-11-15 05:36:16,mlx5_1,6.323,0.008,125.640,46.783
2025-11-15 05:36:16,mlx5_2,6.360,0.008,126.506,48.175
2025-11-15 05:36:16,mlx5_3,0.000,0.000,0.000,0.000
2025-11-15 05:36:16,mlx5_4,0.000,0.000,0.000,0.000
2025-11-15 05:36:16,mlx5_5,0.000,0.000,0.000,0.000
2025-11-15 05:36:16,mlx5_6,0.000,0.000,0.000,0.000
2025-11-15 05:36:16,mlx5_7,0.000,0.000,0.000,0.000
2025-11-15 05:36:16,mlx5_8,0.000,0.000,0.000,0.000
2025-11-15 05:36:16,mlx5_9,6.299,0.008,125.896,47.257
2025-11-15 05:36:16,TOTAL,18.983,0.025,378.041,142.214
2025-11-15 05:36:17,mlx5_0,0.000,0.000,0.000,0.000
2025-11-15 05:36:17,mlx5_1,12.565,0.017,127.215,46.785
2025-11-15 05:36:17,mlx5_2,12.368,0.017,128.057,48.177
2025-11-15 05:36:17,mlx5_3,0.000,0.000,0.000,0.000
2025-11-15 05:36:17,mlx5_4,0.000,0.000,0.000,0.000
2025-11-15 05:36:17,mlx5_5,0.000,0.000,0.000,0.000
2025-11-15 05:36:17,mlx5_6,0.000,0.000,0.000,0.000
2025-11-15 05:36:17,mlx5_7,0.000,0.000,0.000,0.000
2025-11-15 05:36:17,mlx5_8,0.000,0.000,0.000,0.000
2025-11-15 05:36:17,mlx5_9,12.364,0.017,127.446,47.259
2025-11-15 05:36:17,TOTAL,37.297,0.051,382.718,142.220
2025-11-15 05:36:18,mlx5_0,0.000,0.000,0.000,0.000
2025-11-15 05:36:18,mlx5_1,0.000,0.000,127.215,46.785
2025-11-15 05:36:18,mlx5_2,0.000,0.000,128.057,48.177
2025-11-15 05:36:18,mlx5_3,0.000,0.000,0.000,0.000
2025-11-15 05:36:18,mlx5_4,0.000,0.000,0.000,0.000
2025-11-15 05:36:18,mlx5_5,0.000,0.000,0.000,0.000
2025-11-15 05:36:18,mlx5_6,0.000,0.000,0.000,0.000
2025-11-15 05:36:18,mlx5_7,0.000,0.000,0.000,0.000
2025-11-15 05:36:18,mlx5_8,0.000,0.000,0.000,0.000
2025-11-15 05:36:18,mlx5_9,0.000,0.000,127.446,47.259
2025-11-15 05:36:18,TOTAL,0.000,0.000,382.718,142.220
2025-11-15 05:36:19,mlx5_0,0.000,0.000,0.000,0.000
2025-11-15 05:36:19,mlx5_1,12.386,0.017,128.768,46.787
2025-11-15 05:36:19,mlx5_2,12.442,0.017,129.617,48.179
2025-11-15 05:36:19,mlx5_3,0.000,0.000,0.000,0.000
2025-11-15 05:36:19,mlx5_4,0.000,0.000,0.000,0.000
2025-11-15 05:36:19,mlx5_5,0.000,0.000,0.000,0.000
2025-11-15 05:36:19,mlx5_6,0.000,0.000,0.000,0.000
2025-11-15 05:36:19,mlx5_7,0.000,0.000,0.000,0.000
2025-11-15 05:36:19,mlx5_8,0.000,0.000,0.000,0.000
2025-11-15 05:36:19,mlx5_9,12.476,0.017,129.010,47.261
2025-11-15 05:36:19,TOTAL,37.304,0.051,387.395,142.227
2025-11-15 05:36:20,mlx5_0,0.000,0.000,0.000,0.000
2025-11-15 05:36:20,mlx5_1,0.000,0.000,128.768,46.787
2025-11-15 05:36:20,mlx5_2,0.000,0.000,129.617,48.179
2025-11-15 05:36:20,mlx5_3,0.000,0.000,0.000,0.000
2025-11-15 05:36:20,mlx5_4,0.000,0.000,0.000,0.000
2025-11-15 05:36:20,mlx5_5,0.000,0.000,0.000,0.000
2025-11-15 05:36:20,mlx5_6,0.000,0.000,0.000,0.000
2025-11-15 05:36:20,mlx5_7,0.000,0.000,0.000,0.000
2025-11-15 05:36:20,mlx5_8,0.000,0.000,0.000,0.000
2025-11-15 05:36:20,mlx5_9,0.000,0.000,129.010,47.261
2025-11-15 05:36:20,TOTAL,0.000,0.000,387.395,142.227
2025-11-15 05:36:21,mlx5_0,0.000,0.000,0.000,0.000
2025-11-15 05:36:21,mlx5_1,10.179,0.014,130.045,46.789
2025-11-15 05:36:21,mlx5_2,10.153,0.014,130.891,48.181
2025-11-15 05:36:21,mlx5_3,0.000,0.000,0.000,0.000
2025-11-15 05:36:21,mlx5_4,0.000,0.000,0.000,0.000
2025-11-15 05:36:21,mlx5_5,0.000,0.000,0.000,0.000
2025-11-15 05:36:21,mlx5_6,0.000,0.000,0.000,0.000
2025-11-15 05:36:21,mlx5_7,0.000,0.000,0.000,0.000
2025-11-15 05:36:21,mlx5_8,0.000,0.000,0.000,0.000
2025-11-15 05:36:21,mlx5_9,10.242,0.014,130.295,47.263
2025-11-15 05:36:21,TOTAL,30.574,0.042,391.232,142.232
2025-11-15 05:36:22,mlx5_0,0.000,0.000,0.000,0.000
2025-11-15 05:36:22,mlx5_1,2.278,0.003,130.331,46.789
2025-11-15 05:36:22,mlx5_2,2.196,0.003,131.167,48.181
2025-11-15 05:36:22,mlx5_3,0.000,0.000,0.000,0.000
2025-11-15 05:36:22,mlx5_4,0.000,0.000,0.000,0.000
2025-11-15 05:36:22,mlx5_5,0.000,0.000,0.000,0.000
2025-11-15 05:36:22,mlx5_6,0.000,0.000,0.000,0.000
2025-11-15 05:36:22,mlx5_7,0.000,0.000,0.000,0.000
2025-11-15 05:36:22,mlx5_8,0.000,0.000,0.000,0.000
2025-11-15 05:36:22,mlx5_9,2.219,0.003,130.574,47.263
2025-11-15 05:36:22,TOTAL,6.694,0.009,392.072,142.233
2025-11-15 05:36:23,mlx5_0,0.000,0.000,0.000,0.000
2025-11-15 05:36:23,mlx5_1,0.000,0.000,130.331,46.789
2025-11-15 05:36:23,mlx5_2,0.000,0.000,131.167,48.181
2025-11-15 05:36:23,mlx5_3,0.000,0.000,0.000,0.000
2025-11-15 05:36:23,mlx5_4,0.000,0.000,0.000,0.000
2025-11-15 05:36:23,mlx5_5,0.000,0.000,0.000,0.000
2025-11-15 05:36:23,mlx5_6,0.000,0.000,0.000,0.000
2025-11-15 05:36:23,mlx5_7,0.000,0.000,0.000,0.000
2025-11-15 05:36:23,mlx5_8,0.000,0.000,0.000,0.000
2025-11-15 05:36:23,mlx5_9,0.000,0.000,130.574,47.263
2025-11-15 05:36:23,TOTAL,0.000,0.000,392.072,142.233
2025-11-15 05:36:24,mlx5_0,0.000,0.000,0.000,0.000
2025-11-15 05:36:24,mlx5_1,12.502,0.018,131.900,46.791
2025-11-15 05:36:24,mlx5_2,12.449,0.018,132.729,48.183
2025-11-15 05:36:24,mlx5_3,0.000,0.000,0.000,0.000
2025-11-15 05:36:24,mlx5_4,0.000,0.000,0.000,0.000
2025-11-15 05:36:24,mlx5_5,0.000,0.000,0.000,0.000
2025-11-15 05:36:24,mlx5_6,0.000,0.000,0.000,0.000
2025-11-15 05:36:24,mlx5_7,0.000,0.000,0.000,0.000
2025-11-15 05:36:24,mlx5_8,0.000,0.000,0.000,0.000
2025-11-15 05:36:24,mlx5_9,12.327,0.019,132.121,47.265
2025-11-15 05:36:24,TOTAL,37.278,0.055,396.749,142.240
2025-11-15 05:36:25,mlx5_0,0.000,0.000,0.000,0.000
2025-11-15 05:36:25,mlx5_1,0.000,0.000,131.900,46.791
2025-11-15 05:36:25,mlx5_2,0.000,0.000,132.729,48.183
2025-11-15 05:36:25,mlx5_3,0.000,0.000,0.000,0.000
2025-11-15 05:36:25,mlx5_4,0.000,0.000,0.000,0.000
2025-11-15 05:36:25,mlx5_5,0.000,0.000,0.000,0.000
2025-11-15 05:36:25,mlx5_6,0.000,0.000,0.000,0.000
2025-11-15 05:36:25,mlx5_7,0.000,0.000,0.000,0.000
2025-11-15 05:36:25,mlx5_8,0.000,0.000,0.000,0.000
2025-11-15 05:36:25,mlx5_9,0.000,0.000,132.121,47.265
2025-11-15 05:36:25,TOTAL,0.000,0.000,396.749,142.240
2025-11-15 05:36:26,mlx5_0,0.000,0.000,0.000,0.000
2025-11-15 05:36:26,mlx5_1,12.195,0.016,133.430,46.793
2025-11-15 05:36:26,mlx5_2,12.147,0.017,134.253,48.186
2025-11-15 05:36:26,mlx5_3,0.000,0.000,0.000,0.000
2025-11-15 05:36:26,mlx5_4,0.000,0.000,0.000,0.000
2025-11-15 05:36:26,mlx5_5,0.000,0.000,0.000,0.000
2025-11-15 05:36:26,mlx5_6,0.000,0.000,0.000,0.000
2025-11-15 05:36:26,mlx5_7,0.000,0.000,0.000,0.000
2025-11-15 05:36:26,mlx5_8,0.000,0.000,0.000,0.000
2025-11-15 05:36:26,mlx5_9,12.126,0.017,133.642,47.267
2025-11-15 05:36:26,TOTAL,36.468,0.050,401.326,142.246
2025-11-15 05:36:27,mlx5_0,0.000,0.000,0.000,0.000
2025-11-15 05:36:27,mlx5_1,1.997,0.004,133.681,46.794
2025-11-15 05:36:27,mlx5_2,1.895,0.003,134.491,48.186
2025-11-15 05:36:27,mlx5_3,0.000,0.000,0.000,0.000
2025-11-15 05:36:27,mlx5_4,0.000,0.000,0.000,0.000
2025-11-15 05:36:27,mlx5_5,0.000,0.000,0.000,0.000
2025-11-15 05:36:27,mlx5_6,0.000,0.000,0.000,0.000
2025-11-15 05:36:27,mlx5_7,0.000,0.000,0.000,0.000
2025-11-15 05:36:27,mlx5_8,0.000,0.000,0.000,0.000
2025-11-15 05:36:27,mlx5_9,2.038,0.004,133.898,47.268
2025-11-15 05:36:27,TOTAL,5.929,0.011,402.070,142.248
2025-11-15 05:36:28,mlx5_0,0.000,0.000,0.000,0.000
2025-11-15 05:36:28,mlx5_1,10.524,0.013,135.003,46.796
2025-11-15 05:36:28,mlx5_2,10.412,0.013,135.799,48.188
2025-11-15 05:36:28,mlx5_3,0.000,0.000,0.000,0.000
2025-11-15 05:36:28,mlx5_4,0.000,0.000,0.000,0.000
2025-11-15 05:36:28,mlx5_5,0.000,0.000,0.000,0.000
2025-11-15 05:36:28,mlx5_6,0.000,0.000,0.000,0.000
2025-11-15 05:36:28,mlx5_7,0.000,0.000,0.000,0.000
2025-11-15 05:36:28,mlx5_8,0.000,0.000,0.000,0.000
2025-11-15 05:36:28,mlx5_9,10.363,0.013,135.200,47.269
2025-11-15 05:36:28,TOTAL,31.300,0.040,406.003,142.253
2025-11-15 05:36:29,mlx5_0,0.000,0.000,0.000,0.000
2025-11-15 05:36:29,mlx5_1,3.214,0.005,135.407,46.796
2025-11-15 05:36:29,mlx5_2,3.335,0.005,136.218,48.188
2025-11-15 05:36:29,mlx5_3,0.000,0.000,0.000,0.000
2025-11-15 05:36:29,mlx5_4,0.000,0.000,0.000,0.000
2025-11-15 05:36:29,mlx5_5,0.000,0.000,0.000,0.000
2025-11-15 05:36:29,mlx5_6,0.000,0.000,0.000,0.000
2025-11-15 05:36:29,mlx5_7,0.000,0.000,0.000,0.000
2025-11-15 05:36:29,mlx5_8,0.000,0.000,0.000,0.000
2025-11-15 05:36:29,mlx5_9,3.452,0.005,135.634,47.270
2025-11-15 05:36:29,TOTAL,10.002,0.015,407.258,142.254
2025-11-15 05:36:30,mlx5_0,0.000,0.000,0.000,0.000
2025-11-15 05:36:30,mlx5_1,9.143,0.012,136.554,46.798
2025-11-15 05:36:30,mlx5_2,9.029,0.012,137.351,48.190
2025-11-15 05:36:30,mlx5_3,0.000,0.000,0.000,0.000
2025-11-15 05:36:30,mlx5_4,0.000,0.000,0.000,0.000
2025-11-15 05:36:30,mlx5_5,0.000,0.000,0.000,0.000
2025-11-15 05:36:30,mlx5_6,0.000,0.000,0.000,0.000
2025-11-15 05:36:30,mlx5_7,0.000,0.000,0.000,0.000
2025-11-15 05:36:30,mlx5_8,0.000,0.000,0.000,0.000
2025-11-15 05:36:30,mlx5_9,9.093,0.012,136.775,47.272
2025-11-15 05:36:30,TOTAL,27.265,0.035,410.680,142.259
2025-11-15 05:36:31,mlx5_0,0.000,0.000,0.000,0.000
2025-11-15 05:36:31,mlx5_1,0.000,0.000,136.554,46.798
2025-11-15 05:36:31,mlx5_2,0.000,0.000,137.351,48.190
2025-11-15 05:36:31,mlx5_3,0.000,0.000,0.000,0.000
2025-11-15 05:36:31,mlx5_4,0.000,0.000,0.000,0.000
2025-11-15 05:36:31,mlx5_5,0.000,0.000,0.000,0.000
2025-11-15 05:36:31,mlx5_6,0.000,0.000,0.000,0.000
2025-11-15 05:36:31,mlx5_7,0.000,0.000,0.000,0.000
2025-11-15 05:36:31,mlx5_8,0.000,0.000,0.000,0.000
2025-11-15 05:36:31,mlx5_9,0.000,0.000,136.775,47.272
2025-11-15 05:36:31,TOTAL,0.000,0.000,410.680,142.259
2025-11-15 05:36:32,mlx5_0,0.000,0.000,0.000,0.000
2025-11-15 05:36:32,mlx5_1,12.564,0.019,138.131,46.800
2025-11-15 05:36:32,mlx5_2,12.206,0.018,138.882,48.192
2025-11-15 05:36:32,mlx5_3,0.000,0.000,0.000,0.000
2025-11-15 05:36:32,mlx5_4,0.000,0.000,0.000,0.000
2025-11-15 05:36:32,mlx5_5,0.000,0.000,0.000,0.000
2025-11-15 05:36:32,mlx5_6,0.000,0.000,0.000,0.000
2025-11-15 05:36:32,mlx5_7,0.000,0.000,0.000,0.000
2025-11-15 05:36:32,mlx5_8,0.000,0.000,0.000,0.000
2025-11-15 05:36:32,mlx5_9,12.509,0.019,138.344,47.274
2025-11-15 05:36:32,TOTAL,37.280,0.056,415.357,142.266
2025-11-15 05:36:33,mlx5_0,0.000,0.000,0.000,0.000
2025-11-15 05:36:33,mlx5_1,0.000,0.000,138.131,46.800
2025-11-15 05:36:33,mlx5_2,0.000,0.000,138.882,48.192
2025-11-15 05:36:33,mlx5_3,0.000,0.000,0.000,0.000
2025-11-15 05:36:33,mlx5_4,0.000,0.000,0.000,0.000
2025-11-15 05:36:33,mlx5_5,0.000,0.000,0.000,0.000
2025-11-15 05:36:33,mlx5_6,0.000,0.000,0.000,0.000
2025-11-15 05:36:33,mlx5_7,0.000,0.000,0.000,0.000
2025-11-15 05:36:33,mlx5_8,0.000,0.000,0.000,0.000
2025-11-15 05:36:33,mlx5_9,0.000,0.000,138.344,47.274
2025-11-15 05:36:33,TOTAL,0.000,0.000,415.357,142.266
2025-11-15 05:36:34,mlx5_0,0.000,0.000,0.000,0.000
2025-11-15 05:36:34,mlx5_1,0.000,0.000,138.131,46.800
2025-11-15 05:36:34,mlx5_2,0.000,0.000,138.882,48.192
2025-11-15 05:36:34,mlx5_3,0.000,0.000,0.000,0.000
2025-11-15 05:36:34,mlx5_4,0.000,0.000,0.000,0.000
2025-11-15 05:36:34,mlx5_5,0.000,0.000,0.000,0.000
2025-11-15 05:36:34,mlx5_6,0.000,0.000,0.000,0.000
2025-11-15 05:36:34,mlx5_7,0.000,0.000,0.000,0.000
2025-11-15 05:36:34,mlx5_8,0.000,0.000,0.000,0.000
2025-11-15 05:36:34,mlx5_9,0.000,0.000,138.344,47.274
2025-11-15 05:36:34,TOTAL,0.000,0.000,415.357,142.266
2025-11-15 05:36:35,mlx5_0,0.000,0.000,0.000,0.000
2025-11-15 05:36:35,mlx5_1,13.078,0.018,139.772,46.802
2025-11-15 05:36:35,mlx5_2,12.858,0.018,140.496,48.194
2025-11-15 05:36:35,mlx5_3,0.000,0.000,0.000,0.000
2025-11-15 05:36:35,mlx5_4,0.000,0.000,0.000,0.000
2025-11-15 05:36:35,mlx5_5,0.000,0.000,0.000,0.000
2025-11-15 05:36:35,mlx5_6,0.000,0.000,0.000,0.000
2025-11-15 05:36:35,mlx5_7,0.000,0.000,0.000,0.000
2025-11-15 05:36:35,mlx5_8,0.000,0.000,0.000,0.000
2025-11-15 05:36:35,mlx5_9,12.858,0.018,139.958,47.276
2025-11-15 05:36:35,TOTAL,38.794,0.053,420.226,142.272
2025-11-15 05:36:36,mlx5_0,0.000,0.000,0.000,0.000
2025-11-15 05:36:36,mlx5_1,12.391,0.017,141.327,46.804
2025-11-15 05:36:36,mlx5_2,12.460,0.017,142.060,48.196
2025-11-15 05:36:36,mlx5_3,0.000,0.000,0.000,0.000
2025-11-15 05:36:36,mlx5_4,0.000,0.000,0.000,0.000
2025-11-15 05:36:36,mlx5_5,0.000,0.000,0.000,0.000
2025-11-15 05:36:36,mlx5_6,0.000,0.000,0.000,0.000
2025-11-15 05:36:36,mlx5_7,0.000,0.000,0.000,0.000
2025-11-15 05:36:36,mlx5_8,0.000,0.000,0.000,0.000
2025-11-15 05:36:36,mlx5_9,12.415,0.017,141.516,47.278
2025-11-15 05:36:36,TOTAL,37.266,0.051,424.903,142.279
2025-11-15 05:36:37,mlx5_0,0.000,0.000,0.000,0.000
2025-11-15 05:36:37,mlx5_1,0.000,0.000,141.327,46.804
2025-11-15 05:36:37,mlx5_2,0.000,0.000,142.060,48.196
2025-11-15 05:36:37,mlx5_3,0.000,0.000,0.000,0.000
2025-11-15 05:36:37,mlx5_4,0.000,0.000,0.000,0.000
2025-11-15 05:36:37,mlx5_5,0.000,0.000,0.000,0.000
2025-11-15 05:36:37,mlx5_6,0.000,0.000,0.000,0.000
2025-11-15 05:36:37,mlx5_7,0.000,0.000,0.000,0.000
2025-11-15 05:36:37,mlx5_8,0.000,0.000,0.000,0.000
2025-11-15 05:36:37,mlx5_9,0.000,0.000,141.516,47.278
2025-11-15 05:36:37,TOTAL,0.000,0.000,424.903,142.279
2025-11-15 05:36:38,mlx5_0,0.000,0.000,0.000,0.000
2025-11-15 05:36:38,mlx5_1,12.475,0.017,142.892,46.806
2025-11-15 05:36:38,mlx5_2,12.333,0.017,143.607,48.198
2025-11-15 05:36:38,mlx5_3,0.000,0.000,0.000,0.000
2025-11-15 05:36:38,mlx5_4,0.000,0.000,0.000,0.000
2025-11-15 05:36:38,mlx5_5,0.000,0.000,0.000,0.000
2025-11-15 05:36:38,mlx5_6,0.000,0.000,0.000,0.000
2025-11-15 05:36:38,mlx5_7,0.000,0.000,0.000,0.000
2025-11-15 05:36:38,mlx5_8,0.000,0.000,0.000,0.000
2025-11-15 05:36:38,mlx5_9,12.481,0.017,143.081,47.280
2025-11-15 05:36:38,TOTAL,37.289,0.050,429.580,142.285
2025-11-15 05:36:39,mlx5_0,0.000,0.000,0.000,0.000
2025-11-15 05:36:39,mlx5_1,0.000,0.000,142.892,46.806
2025-11-15 05:36:39,mlx5_2,0.000,0.000,143.607,48.198
2025-11-15 05:36:39,mlx5_3,0.000,0.000,0.000,0.000
2025-11-15 05:36:39,mlx5_4,0.000,0.000,0.000,0.000
2025-11-15 05:36:39,mlx5_5,0.000,0.000,0.000,0.000
2025-11-15 05:36:39,mlx5_6,0.000,0.000,0.000,0.000
2025-11-15 05:36:39,mlx5_7,0.000,0.000,0.000,0.000
2025-11-15 05:36:39,mlx5_8,0.000,0.000,0.000,0.000
2025-11-15 05:36:39,mlx5_9,0.000,0.000,143.081,47.280
2025-11-15 05:36:39,TOTAL,0.000,0.000,429.580,142.285
2025-11-15 05:36:40,mlx5_0,0.000,0.000,0.000,0.000
2025-11-15 05:36:40,mlx5_1,12.424,0.017,144.451,46.808
2025-11-15 05:36:40,mlx5_2,12.359,0.017,145.157,48.201
2025-11-15 05:36:40,mlx5_3,0.000,0.000,0.000,0.000
2025-11-15 05:36:40,mlx5_4,0.000,0.000,0.000,0.000
2025-11-15 05:36:40,mlx5_5,0.000,0.000,0.000,0.000
2025-11-15 05:36:40,mlx5_6,0.000,0.000,0.000,0.000
2025-11-15 05:36:40,mlx5_7,0.000,0.000,0.000,0.000
2025-11-15 05:36:40,mlx5_8,0.000,0.000,0.000,0.000
2025-11-15 05:36:40,mlx5_9,12.489,0.017,144.649,47.282
2025-11-15 05:36:40,TOTAL,37.272,0.051,434.257,142.292
2025-11-15 05:36:41,mlx5_0,0.000,0.000,0.000,0.000
2025-11-15 05:36:41,mlx5_1,0.000,0.000,144.451,46.808
2025-11-15 05:36:41,mlx5_2,0.000,0.000,145.157,48.201
2025-11-15 05:36:41,mlx5_3,0.000,0.000,0.000,0.000
2025-11-15 05:36:41,mlx5_4,0.000,0.000,0.000,0.000
2025-11-15 05:36:41,mlx5_5,0.000,0.000,0.000,0.000
2025-11-15 05:36:41,mlx5_6,0.000,0.000,0.000,0.000
2025-11-15 05:36:41,mlx5_7,0.000,0.000,0.000,0.000
2025-11-15 05:36:41,mlx5_8,0.000,0.000,0.000,0.000
2025-11-15 05:36:41,mlx5_9,0.000,0.000,144.649,47.282
2025-11-15 05:36:41,TOTAL,0.000,0.000,434.257,142.292
2025-11-15 05:36:42,mlx5_0,0.000,0.000,0.000,0.000
2025-11-15 05:36:42,mlx5_1,12.300,0.018,145.994,46.811
2025-11-15 05:36:42,mlx5_2,12.497,0.019,146.725,48.203
2025-11-15 05:36:42,mlx5_3,0.000,0.000,0.000,0.000
2025-11-15 05:36:42,mlx5_4,0.000,0.000,0.000,0.000
2025-11-15 05:36:42,mlx5_5,0.000,0.000,0.000,0.000
2025-11-15 05:36:42,mlx5_6,0.000,0.000,0.000,0.000
2025-11-15 05:36:42,mlx5_7,0.000,0.000,0.000,0.000
2025-11-15 05:36:42,mlx5_8,0.000,0.000,0.000,0.000
2025-11-15 05:36:42,mlx5_9,12.481,0.019,146.215,47.285
2025-11-15 05:36:42,TOTAL,37.278,0.055,438.934,142.298
2025-11-15 05:36:43,mlx5_0,0.000,0.000,0.000,0.000
2025-11-15 05:36:43,mlx5_1,0.000,0.000,145.994,46.811
2025-11-15 05:36:43,mlx5_2,0.000,0.000,146.725,48.203
2025-11-15 05:36:43,mlx5_3,0.000,0.000,0.000,0.000
2025-11-15 05:36:43,mlx5_4,0.000,0.000,0.000,0.000
2025-11-15 05:36:43,mlx5_5,0.000,0.000,0.000,0.000
2025-11-15 05:36:43,mlx5_6,0.000,0.000,0.000,0.000
2025-11-15 05:36:43,mlx5_7,0.000,0.000,0.000,0.000
2025-11-15 05:36:43,mlx5_8,0.000,0.000,0.000,0.000
2025-11-15 05:36:43,mlx5_9,0.000,0.000,146.215,47.285
2025-11-15 05:36:43,TOTAL,0.000,0.000,438.934,142.298
2025-11-15 05:36:44,mlx5_0,0.000,0.000,0.000,0.000
2025-11-15 05:36:44,mlx5_1,0.000,0.000,145.994,46.811
2025-11-15 05:36:44,mlx5_2,0.000,0.000,146.725,48.203
2025-11-15 05:36:44,mlx5_3,0.000,0.000,0.000,0.000
2025-11-15 05:36:44,mlx5_4,0.000,0.000,0.000,0.000
2025-11-15 05:36:44,mlx5_5,0.000,0.000,0.000,0.000
2025-11-15 05:36:44,mlx5_6,0.000,0.000,0.000,0.000
2025-11-15 05:36:44,mlx5_7,0.000,0.000,0.000,0.000
2025-11-15 05:36:44,mlx5_8,0.000,0.000,0.000,0.000
2025-11-15 05:36:44,mlx5_9,0.000,0.000,146.215,47.285
2025-11-15 05:36:44,TOTAL,0.000,0.000,438.934,142.298
2025-11-15 05:36:45,mlx5_0,0.000,0.000,0.000,0.000
2025-11-15 05:36:45,mlx5_1,12.239,0.017,147.530,46.813
2025-11-15 05:36:45,mlx5_2,12.126,0.017,148.247,48.205
2025-11-15 05:36:45,mlx5_3,0.000,0.000,0.000,0.000
2025-11-15 05:36:45,mlx5_4,0.000,0.000,0.000,0.000
2025-11-15 05:36:45,mlx5_5,0.000,0.000,0.000,0.000
2025-11-15 05:36:45,mlx5_6,0.000,0.000,0.000,0.000
2025-11-15 05:36:45,mlx5_7,0.000,0.000,0.000,0.000
2025-11-15 05:36:45,mlx5_8,0.000,0.000,0.000,0.000
2025-11-15 05:36:45,mlx5_9,12.112,0.017,147.734,47.287
2025-11-15 05:36:45,TOTAL,36.476,0.050,443.511,142.305
2025-11-15 05:36:46,mlx5_0,0.000,0.000,0.000,0.000
2025-11-15 05:36:46,mlx5_1,7.874,0.011,148.518,46.814
2025-11-15 05:36:46,mlx5_2,7.859,0.011,149.233,48.206
2025-11-15 05:36:46,mlx5_3,0.000,0.000,0.000,0.000
2025-11-15 05:36:46,mlx5_4,0.000,0.000,0.000,0.000
2025-11-15 05:36:46,mlx5_5,0.000,0.000,0.000,0.000
2025-11-15 05:36:46,mlx5_6,0.000,0.000,0.000,0.000
2025-11-15 05:36:46,mlx5_7,0.000,0.000,0.000,0.000
2025-11-15 05:36:46,mlx5_8,0.000,0.000,0.000,0.000
2025-11-15 05:36:46,mlx5_9,7.832,0.011,148.717,47.288
2025-11-15 05:36:46,TOTAL,23.565,0.033,446.468,142.309
2025-11-15 05:36:47,mlx5_0,0.000,0.000,0.000,0.000
2025-11-15 05:36:47,mlx5_1,4.514,0.006,149.085,46.815
2025-11-15 05:36:47,mlx5_2,4.482,0.006,149.796,48.207
2025-11-15 05:36:47,mlx5_3,0.000,0.000,0.000,0.000
2025-11-15 05:36:47,mlx5_4,0.000,0.000,0.000,0.000
2025-11-15 05:36:47,mlx5_5,0.000,0.000,0.000,0.000
2025-11-15 05:36:47,mlx5_6,0.000,0.000,0.000,0.000
2025-11-15 05:36:47,mlx5_7,0.000,0.000,0.000,0.000
2025-11-15 05:36:47,mlx5_8,0.000,0.000,0.000,0.000
2025-11-15 05:36:47,mlx5_9,4.700,0.006,149.307,47.289
2025-11-15 05:36:47,TOTAL,13.697,0.018,448.188,142.311
2025-11-15 05:36:48,mlx5_0,0.000,0.000,0.000,0.000
2025-11-15 05:36:48,mlx5_1,12.396,0.017,150.640,46.817
2025-11-15 05:36:48,mlx5_2,12.503,0.017,151.365,48.209
2025-11-15 05:36:48,mlx5_3,0.000,0.000,0.000,0.000
2025-11-15 05:36:48,mlx5_4,0.000,0.000,0.000,0.000
2025-11-15 05:36:48,mlx5_5,0.000,0.000,0.000,0.000
2025-11-15 05:36:48,mlx5_6,0.000,0.000,0.000,0.000
2025-11-15 05:36:48,mlx5_7,0.000,0.000,0.000,0.000
2025-11-15 05:36:48,mlx5_8,0.000,0.000,0.000,0.000
2025-11-15 05:36:48,mlx5_9,12.369,0.017,150.859,47.291
2025-11-15 05:36:48,TOTAL,37.269,0.051,452.864,142.317
2025-11-15 05:36:49,mlx5_0,0.000,0.000,0.000,0.000
2025-11-15 05:36:49,mlx5_1,0.000,0.000,150.640,46.817
2025-11-15 05:36:49,mlx5_2,0.000,0.000,151.365,48.209
2025-11-15 05:36:49,mlx5_3,0.000,0.000,0.000,0.000
2025-11-15 05:36:49,mlx5_4,0.000,0.000,0.000,0.000
2025-11-15 05:36:49,mlx5_5,0.000,0.000,0.000,0.000
2025-11-15 05:36:49,mlx5_6,0.000,0.000,0.000,0.000
2025-11-15 05:36:49,mlx5_7,0.000,0.000,0.000,0.000
2025-11-15 05:36:49,mlx5_8,0.000,0.000,0.000,0.000
2025-11-15 05:36:49,mlx5_9,0.000,0.000,150.859,47.291
2025-11-15 05:36:49,TOTAL,0.000,0.000,452.864,142.317
2025-11-15 05:36:50,mlx5_0,0.000,0.000,0.000,0.000
2025-11-15 05:36:50,mlx5_1,12.411,0.017,152.197,46.819
2025-11-15 05:36:50,mlx5_2,12.395,0.017,152.920,48.211
2025-11-15 05:36:50,mlx5_3,0.000,0.000,0.000,0.000
2025-11-15 05:36:50,mlx5_4,0.000,0.000,0.000,0.000
2025-11-15 05:36:50,mlx5_5,0.000,0.000,0.000,0.000
2025-11-15 05:36:50,mlx5_6,0.000,0.000,0.000,0.000
2025-11-15 05:36:50,mlx5_7,0.000,0.000,0.000,0.000
2025-11-15 05:36:50,mlx5_8,0.000,0.000,0.000,0.000
2025-11-15 05:36:50,mlx5_9,12.465,0.017,152.424,47.293
2025-11-15 05:36:50,TOTAL,37.271,0.050,457.541,142.324
2025-11-15 05:36:51,mlx5_0,0.000,0.000,0.000,0.000
2025-11-15 05:36:51,mlx5_1,0.000,0.000,152.197,46.819
2025-11-15 05:36:51,mlx5_2,0.000,0.000,152.920,48.211
2025-11-15 05:36:51,mlx5_3,0.000,0.000,0.000,0.000
2025-11-15 05:36:51,mlx5_4,0.000,0.000,0.000,0.000
2025-11-15 05:36:51,mlx5_5,0.000,0.000,0.000,0.000
2025-11-15 05:36:51,mlx5_6,0.000,0.000,0.000,0.000
2025-11-15 05:36:51,mlx5_7,0.000,0.000,0.000,0.000
2025-11-15 05:36:51,mlx5_8,0.000,0.000,0.000,0.000
2025-11-15 05:36:51,mlx5_9,0.000,0.000,152.424,47.293
2025-11-15 05:36:51,TOTAL,0.000,0.000,457.541,142.324
2025-11-15 05:36:52,mlx5_0,0.000,0.000,0.000,0.000
2025-11-15 05:36:52,mlx5_1,5.568,0.008,152.896,46.820
2025-11-15 05:36:52,mlx5_2,5.775,0.008,153.645,48.212
2025-11-15 05:36:52,mlx5_3,0.000,0.000,0.000,0.000
2025-11-15 05:36:52,mlx5_4,0.000,0.000,0.000,0.000
2025-11-15 05:36:52,mlx5_5,0.000,0.000,0.000,0.000
2025-11-15 05:36:52,mlx5_6,0.000,0.000,0.000,0.000
2025-11-15 05:36:52,mlx5_7,0.000,0.000,0.000,0.000
2025-11-15 05:36:52,mlx5_8,0.000,0.000,0.000,0.000
2025-11-15 05:36:52,mlx5_9,5.727,0.008,153.142,47.294
2025-11-15 05:36:52,TOTAL,17.071,0.024,459.683,142.327
2025-11-15 05:36:53,mlx5_0,0.000,0.000,0.000,0.000
2025-11-15 05:36:53,mlx5_1,6.760,0.010,153.745,46.821
2025-11-15 05:36:53,mlx5_2,6.731,0.010,154.490,48.214
2025-11-15 05:36:53,mlx5_3,0.000,0.000,0.000,0.000
2025-11-15 05:36:53,mlx5_4,0.000,0.000,0.000,0.000
2025-11-15 05:36:53,mlx5_5,0.000,0.000,0.000,0.000
2025-11-15 05:36:53,mlx5_6,0.000,0.000,0.000,0.000
2025-11-15 05:36:53,mlx5_7,0.000,0.000,0.000,0.000
2025-11-15 05:36:53,mlx5_8,0.000,0.000,0.000,0.000
2025-11-15 05:36:53,mlx5_9,6.712,0.010,153.985,47.296
2025-11-15 05:36:53,TOTAL,20.202,0.031,462.219,142.331
2025-11-15 05:36:54,mlx5_0,0.000,0.000,0.000,0.000
2025-11-15 05:36:54,mlx5_1,0.000,0.000,153.745,46.821
2025-11-15 05:36:54,mlx5_2,0.000,0.000,154.490,48.214
2025-11-15 05:36:54,mlx5_3,0.000,0.000,0.000,0.000
2025-11-15 05:36:54,mlx5_4,0.000,0.000,0.000,0.000
2025-11-15 05:36:54,mlx5_5,0.000,0.000,0.000,0.000
2025-11-15 05:36:54,mlx5_6,0.000,0.000,0.000,0.000
2025-11-15 05:36:54,mlx5_7,0.000,0.000,0.000,0.000
2025-11-15 05:36:54,mlx5_8,0.000,0.000,0.000,0.000
2025-11-15 05:36:54,mlx5_9,0.000,0.000,153.985,47.296
2025-11-15 05:36:54,TOTAL,0.000,0.000,462.219,142.331
2025-11-15 05:36:55,mlx5_0,0.000,0.000,0.000,0.000
2025-11-15 05:36:55,mlx5_1,12.202,0.017,155.276,46.823
2025-11-15 05:36:55,mlx5_2,12.219,0.017,156.023,48.216
2025-11-15 05:36:55,mlx5_3,0.000,0.000,0.000,0.000
2025-11-15 05:36:55,mlx5_4,0.000,0.000,0.000,0.000
2025-11-15 05:36:55,mlx5_5,0.000,0.000,0.000,0.000
2025-11-15 05:36:55,mlx5_6,0.000,0.000,0.000,0.000
2025-11-15 05:36:55,mlx5_7,0.000,0.000,0.000,0.000
2025-11-15 05:36:55,mlx5_8,0.000,0.000,0.000,0.000
2025-11-15 05:36:55,mlx5_9,12.052,0.017,155.497,47.298
2025-11-15 05:36:55,TOTAL,36.473,0.050,466.795,142.337
2025-11-15 05:36:56,mlx5_0,0.000,0.000,0.000,0.000
2025-11-15 05:36:56,mlx5_1,0.000,0.000,155.276,46.823
2025-11-15 05:36:56,mlx5_2,0.001,0.000,156.023,48.216
2025-11-15 05:36:56,mlx5_3,0.000,0.000,0.000,0.000
2025-11-15 05:36:56,mlx5_4,0.000,0.000,0.000,0.000
2025-11-15 05:36:56,mlx5_5,0.000,0.000,0.000,0.000
2025-11-15 05:36:56,mlx5_6,0.000,0.000,0.000,0.000
2025-11-15 05:36:56,mlx5_7,0.000,0.000,0.000,0.000
2025-11-15 05:36:56,mlx5_8,0.000,0.000,0.000,0.000
2025-11-15 05:36:56,mlx5_9,0.000,0.000,155.497,47.298
2025-11-15 05:36:56,TOTAL,0.001,0.001,466.796,142.337
2025-11-15 05:36:57,mlx5_0,0.000,0.000,0.000,0.000
2025-11-15 05:36:57,mlx5_1,12.422,0.017,156.836,46.826
2025-11-15 05:36:57,mlx5_2,12.383,0.017,157.579,48.218
2025-11-15 05:36:57,mlx5_3,0.000,0.000,0.000,0.000
2025-11-15 05:36:57,mlx5_4,0.000,0.000,0.000,0.000
2025-11-15 05:36:57,mlx5_5,0.000,0.000,0.000,0.000
2025-11-15 05:36:57,mlx5_6,0.000,0.000,0.000,0.000
2025-11-15 05:36:57,mlx5_7,0.000,0.000,0.000,0.000
2025-11-15 05:36:57,mlx5_8,0.000,0.000,0.000,0.000
2025-11-15 05:36:57,mlx5_9,12.416,0.017,157.057,47.300
2025-11-15 05:36:57,TOTAL,37.221,0.050,471.472,142.343
2025-11-15 05:36:58,mlx5_0,0.000,0.000,0.000,0.000
2025-11-15 05:36:58,mlx5_1,11.263,0.015,158.250,46.827
2025-11-15 05:36:58,mlx5_2,11.383,0.016,159.007,48.220
2025-11-15 05:36:58,mlx5_3,0.000,0.000,0.000,0.000
2025-11-15 05:36:58,mlx5_4,0.000,0.000,0.000,0.000
2025-11-15 05:36:58,mlx5_5,0.000,0.000,0.000,0.000
2025-11-15 05:36:58,mlx5_6,0.000,0.000,0.000,0.000
2025-11-15 05:36:58,mlx5_7,0.000,0.000,0.000,0.000
2025-11-15 05:36:58,mlx5_8,0.000,0.000,0.000,0.000
2025-11-15 05:36:58,mlx5_9,11.412,0.016,158.489,47.302
2025-11-15 05:36:58,TOTAL,34.058,0.046,475.747,142.349
2025-11-15 05:36:59,mlx5_0,0.000,0.000,0.000,0.000
2025-11-15 05:36:59,mlx5_1,1.130,0.002,158.392,46.828
2025-11-15 05:36:59,mlx5_2,1.114,0.001,159.147,48.220
2025-11-15 05:36:59,mlx5_3,0.000,0.000,0.000,0.000
2025-11-15 05:36:59,mlx5_4,0.000,0.000,0.000,0.000
2025-11-15 05:36:59,mlx5_5,0.000,0.000,0.000,0.000
2025-11-15 05:36:59,mlx5_6,0.000,0.000,0.000,0.000
2025-11-15 05:36:59,mlx5_7,0.000,0.000,0.000,0.000
2025-11-15 05:36:59,mlx5_8,0.000,0.000,0.000,0.000
2025-11-15 05:36:59,mlx5_9,0.960,0.001,158.610,47.302
2025-11-15 05:36:59,TOTAL,3.204,0.004,476.149,142.350
2025-11-15 05:37:00,mlx5_0,0.000,0.000,0.000,0.000
2025-11-15 05:37:00,mlx5_1,8.932,0.012,159.513,46.829
2025-11-15 05:37:00,mlx5_2,9.009,0.012,160.278,48.222
2025-11-15 05:37:00,mlx5_3,0.000,0.000,0.000,0.000
2025-11-15 05:37:00,mlx5_4,0.000,0.000,0.000,0.000
2025-11-15 05:37:00,mlx5_5,0.000,0.000,0.000,0.000
2025-11-15 05:37:00,mlx5_6,0.000,0.000,0.000,0.000
2025-11-15 05:37:00,mlx5_7,0.000,0.000,0.000,0.000
2025-11-15 05:37:00,mlx5_8,0.000,0.000,0.000,0.000
2025-11-15 05:37:00,mlx5_9,9.035,0.013,159.744,47.304
2025-11-15 05:37:00,TOTAL,26.976,0.037,479.535,142.354
2025-11-15 05:37:01,mlx5_0,0.000,0.000,0.000,0.000
2025-11-15 05:37:01,mlx5_1,3.468,0.005,159.948,46.830
2025-11-15 05:37:01,mlx5_2,3.403,0.004,160.705,48.222
2025-11-15 05:37:01,mlx5_3,0.000,0.000,0.000,0.000
2025-11-15 05:37:01,mlx5_4,0.000,0.000,0.000,0.000
2025-11-15 05:37:01,mlx5_5,0.000,0.000,0.000,0.000
2025-11-15 05:37:01,mlx5_6,0.000,0.000,0.000,0.000
2025-11-15 05:37:01,mlx5_7,0.000,0.000,0.000,0.000
2025-11-15 05:37:01,mlx5_8,0.000,0.000,0.000,0.000
2025-11-15 05:37:01,mlx5_9,3.420,0.004,160.173,47.304
2025-11-15 05:37:01,TOTAL,10.291,0.013,480.826,142.356
2025-11-15 05:37:02,mlx5_0,0.000,0.000,0.000,0.000
2025-11-15 05:37:02,mlx5_1,0.000,0.000,159.948,46.830
2025-11-15 05:37:02,mlx5_2,0.000,0.000,160.705,48.222
2025-11-15 05:37:02,mlx5_3,0.000,0.000,0.000,0.000
2025-11-15 05:37:02,mlx5_4,0.000,0.000,0.000,0.000
2025-11-15 05:37:02,mlx5_5,0.000,0.000,0.000,0.000
2025-11-15 05:37:02,mlx5_6,0.000,0.000,0.000,0.000
2025-11-15 05:37:02,mlx5_7,0.000,0.000,0.000,0.000
2025-11-15 05:37:02,mlx5_8,0.000,0.000,0.000,0.000
2025-11-15 05:37:02,mlx5_9,0.000,0.000,160.173,47.304
2025-11-15 05:37:02,TOTAL,0.000,0.000,480.826,142.356
2025-11-15 05:37:03,mlx5_0,0.000,0.000,0.000,0.000
2025-11-15 05:37:03,mlx5_1,12.459,0.018,161.511,46.832
2025-11-15 05:37:03,mlx5_2,12.410,0.019,162.262,48.225
2025-11-15 05:37:03,mlx5_3,0.000,0.000,0.000,0.000
2025-11-15 05:37:03,mlx5_4,0.000,0.000,0.000,0.000
2025-11-15 05:37:03,mlx5_5,0.000,0.000,0.000,0.000
2025-11-15 05:37:03,mlx5_6,0.000,0.000,0.000,0.000
2025-11-15 05:37:03,mlx5_7,0.000,0.000,0.000,0.000
2025-11-15 05:37:03,mlx5_8,0.000,0.000,0.000,0.000
2025-11-15 05:37:03,mlx5_9,12.410,0.019,161.730,47.306
2025-11-15 05:37:03,TOTAL,37.278,0.055,485.504,142.363
2025-11-15 05:37:04,mlx5_0,0.000,0.000,0.000,0.000
2025-11-15 05:37:04,mlx5_1,0.000,0.000,161.511,46.832
2025-11-15 05:37:04,mlx5_2,0.000,0.000,162.262,48.225
2025-11-15 05:37:04,mlx5_3,0.000,0.000,0.000,0.000
2025-11-15 05:37:04,mlx5_4,0.000,0.000,0.000,0.000
2025-11-15 05:37:04,mlx5_5,0.000,0.000,0.000,0.000
2025-11-15 05:37:04,mlx5_6,0.000,0.000,0.000,0.000
2025-11-15 05:37:04,mlx5_7,0.000,0.000,0.000,0.000
2025-11-15 05:37:04,mlx5_8,0.000,0.000,0.000,0.000
2025-11-15 05:37:04,mlx5_9,0.000,0.000,161.730,47.306
2025-11-15 05:37:04,TOTAL,0.000,0.000,485.504,142.363
2025-11-15 05:37:05,mlx5_0,0.000,0.000,0.000,0.000
2025-11-15 05:37:05,mlx5_1,8.119,0.011,162.530,46.833
2025-11-15 05:37:05,mlx5_2,8.132,0.011,163.283,48.226
2025-11-15 05:37:05,mlx5_3,0.000,0.000,0.000,0.000
2025-11-15 05:37:05,mlx5_4,0.000,0.000,0.000,0.000
2025-11-15 05:37:05,mlx5_5,0.000,0.000,0.000,0.000
2025-11-15 05:37:05,mlx5_6,0.000,0.000,0.000,0.000
2025-11-15 05:37:05,mlx5_7,0.000,0.000,0.000,0.000
2025-11-15 05:37:05,mlx5_8,0.000,0.000,0.000,0.000
2025-11-15 05:37:05,mlx5_9,8.206,0.011,162.760,47.308
2025-11-15 05:37:05,TOTAL,24.457,0.034,488.572,142.367
2025-11-15 05:37:06,mlx5_0,0.000,0.000,0.000,0.000
2025-11-15 05:37:06,mlx5_1,4.778,0.006,163.130,46.834
2025-11-15 05:37:06,mlx5_2,4.876,0.006,163.895,48.227
2025-11-15 05:37:06,mlx5_3,0.000,0.000,0.000,0.000
2025-11-15 05:37:06,mlx5_4,0.000,0.000,0.000,0.000
2025-11-15 05:37:06,mlx5_5,0.000,0.000,0.000,0.000
2025-11-15 05:37:06,mlx5_6,0.000,0.000,0.000,0.000
2025-11-15 05:37:06,mlx5_7,0.000,0.000,0.000,0.000
2025-11-15 05:37:06,mlx5_8,0.000,0.000,0.000,0.000
2025-11-15 05:37:06,mlx5_9,4.685,0.006,163.348,47.309
2025-11-15 05:37:06,TOTAL,14.339,0.019,490.372,142.370
2025-11-15 05:37:07,mlx5_0,0.000,0.000,0.000,0.000
2025-11-15 05:37:07,mlx5_1,12.386,0.017,164.683,46.836
2025-11-15 05:37:07,mlx5_2,12.432,0.017,165.454,48.229
2025-11-15 05:37:07,mlx5_3,0.000,0.000,0.000,0.000
2025-11-15 05:37:07,mlx5_4,0.000,0.000,0.000,0.000
2025-11-15 05:37:07,mlx5_5,0.000,0.000,0.000,0.000
2025-11-15 05:37:07,mlx5_6,0.000,0.000,0.000,0.000
2025-11-15 05:37:07,mlx5_7,0.000,0.000,0.000,0.000
2025-11-15 05:37:07,mlx5_8,0.000,0.000,0.000,0.000
2025-11-15 05:37:07,mlx5_9,12.479,0.017,164.913,47.311
2025-11-15 05:37:07,TOTAL,37.297,0.050,495.049,142.376
2025-11-15 05:37:08,mlx5_0,0.000,0.000,0.000,0.000
2025-11-15 05:37:08,mlx5_1,1.070,0.002,164.817,46.837
2025-11-15 05:37:08,mlx5_2,1.109,0.002,165.593,48.229
2025-11-15 05:37:08,mlx5_3,0.000,0.000,0.000,0.000
2025-11-15 05:37:08,mlx5_4,0.000,0.000,0.000,0.000
2025-11-15 05:37:08,mlx5_5,0.000,0.000,0.000,0.000
2025-11-15 05:37:08,mlx5_6,0.000,0.000,0.000,0.000
2025-11-15 05:37:08,mlx5_7,0.000,0.000,0.000,0.000
2025-11-15 05:37:08,mlx5_8,0.000,0.000,0.000,0.000
2025-11-15 05:37:08,mlx5_9,1.232,0.003,165.067,47.311
2025-11-15 05:37:08,TOTAL,3.411,0.007,495.477,142.377
2025-11-15 05:37:09,mlx5_0,0.000,0.000,0.000,0.000
2025-11-15 05:37:09,mlx5_1,11.347,0.014,166.243,46.838
2025-11-15 05:37:09,mlx5_2,11.338,0.014,167.018,48.231
2025-11-15 05:37:09,mlx5_3,0.000,0.000,0.000,0.000
2025-11-15 05:37:09,mlx5_4,0.000,0.000,0.000,0.000
2025-11-15 05:37:09,mlx5_5,0.000,0.000,0.000,0.000
2025-11-15 05:37:09,mlx5_6,0.000,0.000,0.000,0.000
2025-11-15 05:37:09,mlx5_7,0.000,0.000,0.000,0.000
2025-11-15 05:37:09,mlx5_8,0.000,0.000,0.000,0.000
2025-11-15 05:37:09,mlx5_9,11.125,0.014,166.465,47.313
2025-11-15 05:37:09,TOTAL,33.810,0.043,499.726,142.382
2025-11-15 05:37:10,mlx5_0,0.000,0.000,0.000,0.000
2025-11-15 05:37:10,mlx5_1,0.000,0.000,166.243,46.838
2025-11-15 05:37:10,mlx5_2,0.000,0.000,167.018,48.231
2025-11-15 05:37:10,mlx5_3,0.000,0.000,0.000,0.000
2025-11-15 05:37:10,mlx5_4,0.000,0.000,0.000,0.000
2025-11-15 05:37:10,mlx5_5,0.000,0.000,0.000,0.000
2025-11-15 05:37:10,mlx5_6,0.000,0.000,0.000,0.000
2025-11-15 05:37:10,mlx5_7,0.000,0.000,0.000,0.000
2025-11-15 05:37:10,mlx5_8,0.000,0.000,0.000,0.000
2025-11-15 05:37:10,mlx5_9,0.000,0.000,166.465,47.313
2025-11-15 05:37:10,TOTAL,0.000,0.000,499.726,142.382
2025-11-15 05:37:11,mlx5_0,0.000,0.000,0.000,0.000
2025-11-15 05:37:11,mlx5_1,12.294,0.017,167.786,46.841
2025-11-15 05:37:11,mlx5_2,12.447,0.017,168.579,48.233
2025-11-15 05:37:11,mlx5_3,0.000,0.000,0.000,0.000
2025-11-15 05:37:11,mlx5_4,0.000,0.000,0.000,0.000
2025-11-15 05:37:11,mlx5_5,0.000,0.000,0.000,0.000
2025-11-15 05:37:11,mlx5_6,0.000,0.000,0.000,0.000
2025-11-15 05:37:11,mlx5_7,0.000,0.000,0.000,0.000
2025-11-15 05:37:11,mlx5_8,0.000,0.000,0.000,0.000
2025-11-15 05:37:11,mlx5_9,12.535,0.017,168.038,47.315
2025-11-15 05:37:11,TOTAL,37.276,0.051,504.403,142.389
2025-11-15 05:37:12,mlx5_0,0.000,0.000,0.000,0.000
2025-11-15 05:37:12,mlx5_1,0.000,0.000,167.786,46.841
2025-11-15 05:37:12,mlx5_2,0.000,0.000,168.579,48.233
2025-11-15 05:37:12,mlx5_3,0.000,0.000,0.000,0.000
2025-11-15 05:37:12,mlx5_4,0.000,0.000,0.000,0.000
2025-11-15 05:37:12,mlx5_5,0.000,0.000,0.000,0.000
2025-11-15 05:37:12,mlx5_6,0.000,0.000,0.000,0.000
2025-11-15 05:37:12,mlx5_7,0.000,0.000,0.000,0.000
2025-11-15 05:37:12,mlx5_8,0.000,0.000,0.000,0.000
2025-11-15 05:37:12,mlx5_9,0.000,0.000,168.038,47.315
2025-11-15 05:37:12,TOTAL,0.000,0.000,504.403,142.389
2025-11-15 05:37:14,mlx5_0,0.000,0.000,0.000,0.000
2025-11-15 05:37:14,mlx5_1,12.366,0.018,169.337,46.843
2025-11-15 05:37:14,mlx5_2,12.519,0.018,170.150,48.235
2025-11-15 05:37:14,mlx5_3,0.000,0.000,0.000,0.000
2025-11-15 05:37:14,mlx5_4,0.000,0.000,0.000,0.000
2025-11-15 05:37:14,mlx5_5,0.000,0.000,0.000,0.000
2025-11-15 05:37:14,mlx5_6,0.000,0.000,0.000,0.000
2025-11-15 05:37:14,mlx5_7,0.000,0.000,0.000,0.000
2025-11-15 05:37:14,mlx5_8,0.000,0.000,0.000,0.000
2025-11-15 05:37:14,mlx5_9,12.392,0.019,169.593,47.317
2025-11-15 05:37:14,TOTAL,37.277,0.055,509.080,142.396
2025-11-15 05:37:15,mlx5_0,0.000,0.000,0.000,0.000
2025-11-15 05:37:15,mlx5_1,0.000,0.000,169.337,46.843
2025-11-15 05:37:15,mlx5_2,0.000,0.000,170.150,48.235
2025-11-15 05:37:15,mlx5_3,0.000,0.000,0.000,0.000
2025-11-15 05:37:15,mlx5_4,0.000,0.000,0.000,0.000
2025-11-15 05:37:15,mlx5_5,0.000,0.000,0.000,0.000
2025-11-15 05:37:15,mlx5_6,0.000,0.000,0.000,0.000
2025-11-15 05:37:15,mlx5_7,0.000,0.000,0.000,0.000
2025-11-15 05:37:15,mlx5_8,0.000,0.000,0.000,0.000
2025-11-15 05:37:15,mlx5_9,0.000,0.000,169.593,47.317
2025-11-15 05:37:15,TOTAL,0.000,0.000,509.080,142.396
2025-11-15 05:37:16,mlx5_0,0.000,0.000,0.000,0.000
2025-11-15 05:37:16,mlx5_1,0.000,0.000,169.337,46.843
2025-11-15 05:37:16,mlx5_2,0.000,0.000,170.150,48.235
2025-11-15 05:37:16,mlx5_3,0.000,0.000,0.000,0.000
2025-11-15 05:37:16,mlx5_4,0.000,0.000,0.000,0.000
2025-11-15 05:37:16,mlx5_5,0.000,0.000,0.000,0.000
2025-11-15 05:37:16,mlx5_6,0.000,0.000,0.000,0.000
2025-11-15 05:37:16,mlx5_7,0.000,0.000,0.000,0.000
2025-11-15 05:37:16,mlx5_8,0.000,0.000,0.000,0.000
2025-11-15 05:37:16,mlx5_9,0.000,0.000,169.593,47.317
2025-11-15 05:37:16,TOTAL,0.000,0.000,509.080,142.396
2025-11-15 05:37:17,mlx5_0,0.000,0.000,0.000,0.000
2025-11-15 05:37:17,mlx5_1,12.249,0.016,170.874,46.845
2025-11-15 05:37:17,mlx5_2,12.182,0.017,171.678,48.237
2025-11-15 05:37:17,mlx5_3,0.000,0.000,0.000,0.000
2025-11-15 05:37:17,mlx5_4,0.000,0.000,0.000,0.000
2025-11-15 05:37:17,mlx5_5,0.000,0.000,0.000,0.000
2025-11-15 05:37:17,mlx5_6,0.000,0.000,0.000,0.000
2025-11-15 05:37:17,mlx5_7,0.000,0.000,0.000,0.000
2025-11-15 05:37:17,mlx5_8,0.000,0.000,0.000,0.000
2025-11-15 05:37:17,mlx5_9,12.045,0.016,171.104,47.319
2025-11-15 05:37:17,TOTAL,36.476,0.050,513.657,142.402
2025-11-15 05:37:18,mlx5_0,0.000,0.000,0.000,0.000
2025-11-15 05:37:18,mlx5_1,12.350,0.016,172.424,46.847
2025-11-15 05:37:18,mlx5_2,12.613,0.017,173.261,48.240
2025-11-15 05:37:18,mlx5_3,0.000,0.000,0.000,0.000
2025-11-15 05:37:18,mlx5_4,0.000,0.000,0.000,0.000
2025-11-15 05:37:18,mlx5_5,0.000,0.000,0.000,0.000
2025-11-15 05:37:18,mlx5_6,0.000,0.000,0.000,0.000
2025-11-15 05:37:18,mlx5_7,0.000,0.000,0.000,0.000
2025-11-15 05:37:18,mlx5_8,0.000,0.000,0.000,0.000
2025-11-15 05:37:18,mlx5_9,12.302,0.016,172.648,47.321
2025-11-15 05:37:18,TOTAL,37.265,0.050,518.334,142.408
2025-11-15 05:37:19,mlx5_0,0.000,0.000,0.000,0.000
2025-11-15 05:37:19,mlx5_1,0.000,0.000,172.424,46.847
2025-11-15 05:37:19,mlx5_2,0.000,0.000,173.261,48.240
2025-11-15 05:37:19,mlx5_3,0.000,0.000,0.000,0.000
2025-11-15 05:37:19,mlx5_4,0.000,0.000,0.000,0.000
2025-11-15 05:37:19,mlx5_5,0.000,0.000,0.000,0.000
2025-11-15 05:37:19,mlx5_6,0.000,0.000,0.000,0.000
2025-11-15 05:37:19,mlx5_7,0.000,0.000,0.000,0.000
2025-11-15 05:37:19,mlx5_8,0.000,0.000,0.000,0.000
2025-11-15 05:37:19,mlx5_9,0.000,0.000,172.648,47.321
2025-11-15 05:37:19,TOTAL,0.000,0.000,518.334,142.408
2025-11-15 05:37:20,mlx5_0,0.000,0.000,0.000,0.000
2025-11-15 05:37:20,mlx5_1,12.504,0.017,173.993,46.849
2025-11-15 05:37:20,mlx5_2,12.551,0.017,174.836,48.242
2025-11-15 05:37:20,mlx5_3,0.000,0.000,0.000,0.000
2025-11-15 05:37:20,mlx5_4,0.000,0.000,0.000,0.000
2025-11-15 05:37:20,mlx5_5,0.000,0.000,0.000,0.000
2025-11-15 05:37:20,mlx5_6,0.000,0.000,0.000,0.000
2025-11-15 05:37:20,mlx5_7,0.000,0.000,0.000,0.000
2025-11-15 05:37:20,mlx5_8,0.000,0.000,0.000,0.000
2025-11-15 05:37:20,mlx5_9,12.215,0.017,174.181,47.324
2025-11-15 05:37:20,TOTAL,37.270,0.050,523.011,142.414
2025-11-15 05:37:21,mlx5_0,0.000,0.000,0.000,0.000
2025-11-15 05:37:21,mlx5_1,0.000,0.000,173.993,46.849
2025-11-15 05:37:21,mlx5_2,0.000,0.000,174.836,48.242
2025-11-15 05:37:21,mlx5_3,0.000,0.000,0.000,0.000
2025-11-15 05:37:21,mlx5_4,0.000,0.000,0.000,0.000
2025-11-15 05:37:21,mlx5_5,0.000,0.000,0.000,0.000
2025-11-15 05:37:21,mlx5_6,0.000,0.000,0.000,0.000
2025-11-15 05:37:21,mlx5_7,0.000,0.000,0.000,0.000
2025-11-15 05:37:21,mlx5_8,0.000,0.000,0.000,0.000
2025-11-15 05:37:21,mlx5_9,0.000,0.000,174.181,47.324
2025-11-15 05:37:21,TOTAL,0.000,0.000,523.011,142.414
2025-11-15 05:37:22,mlx5_0,0.000,0.000,0.000,0.000
2025-11-15 05:37:22,mlx5_1,12.389,0.017,175.548,46.851
2025-11-15 05:37:22,mlx5_2,12.449,0.017,176.398,48.244
2025-11-15 05:37:22,mlx5_3,0.000,0.000,0.000,0.000
2025-11-15 05:37:22,mlx5_4,0.000,0.000,0.000,0.000
2025-11-15 05:37:22,mlx5_5,0.000,0.000,0.000,0.000
2025-11-15 05:37:22,mlx5_6,0.000,0.000,0.000,0.000
2025-11-15 05:37:22,mlx5_7,0.000,0.000,0.000,0.000
2025-11-15 05:37:22,mlx5_8,0.000,0.000,0.000,0.000
2025-11-15 05:37:22,mlx5_9,12.435,0.017,175.741,47.326
2025-11-15 05:37:22,TOTAL,37.273,0.050,527.687,142.421
2025-11-15 05:37:23,mlx5_0,0.000,0.000,0.000,0.000
2025-11-15 05:37:23,mlx5_1,0.000,0.000,175.548,46.851
2025-11-15 05:37:23,mlx5_2,0.000,0.000,176.398,48.244
2025-11-15 05:37:23,mlx5_3,0.000,0.000,0.000,0.000
2025-11-15 05:37:23,mlx5_4,0.000,0.000,0.000,0.000
2025-11-15 05:37:23,mlx5_5,0.000,0.000,0.000,0.000
2025-11-15 05:37:23,mlx5_6,0.000,0.000,0.000,0.000
2025-11-15 05:37:23,mlx5_7,0.000,0.000,0.000,0.000
2025-11-15 05:37:23,mlx5_8,0.000,0.000,0.000,0.000
2025-11-15 05:37:23,mlx5_9,0.000,0.000,175.741,47.326
2025-11-15 05:37:23,TOTAL,0.000,0.000,527.687,142.421
2025-11-15 05:37:24,mlx5_0,0.000,0.000,0.000,0.000
2025-11-15 05:37:24,mlx5_1,8.935,0.012,176.669,46.853
2025-11-15 05:37:24,mlx5_2,8.892,0.012,177.514,48.245
2025-11-15 05:37:24,mlx5_3,0.000,0.000,0.000,0.000
2025-11-15 05:37:24,mlx5_4,0.000,0.000,0.000,0.000
2025-11-15 05:37:24,mlx5_5,0.000,0.000,0.000,0.000
2025-11-15 05:37:24,mlx5_6,0.000,0.000,0.000,0.000
2025-11-15 05:37:24,mlx5_7,0.000,0.000,0.000,0.000
2025-11-15 05:37:24,mlx5_8,0.000,0.000,0.000,0.000
2025-11-15 05:37:24,mlx5_9,8.895,0.012,176.857,47.327
2025-11-15 05:37:24,TOTAL,26.722,0.037,531.040,142.425
2025-11-15 05:37:25,mlx5_0,0.000,0.000,0.000,0.000
2025-11-15 05:37:25,mlx5_1,3.547,0.006,177.114,46.853
2025-11-15 05:37:25,mlx5_2,3.585,0.006,177.964,48.246
2025-11-15 05:37:25,mlx5_3,0.000,0.000,0.000,0.000
2025-11-15 05:37:25,mlx5_4,0.000,0.000,0.000,0.000
2025-11-15 05:37:25,mlx5_5,0.000,0.000,0.000,0.000
2025-11-15 05:37:25,mlx5_6,0.000,0.000,0.000,0.000
2025-11-15 05:37:25,mlx5_7,0.000,0.000,0.000,0.000
2025-11-15 05:37:25,mlx5_8,0.000,0.000,0.000,0.000
2025-11-15 05:37:25,mlx5_9,3.419,0.006,177.287,47.328
2025-11-15 05:37:25,TOTAL,10.552,0.019,532.365,142.428
2025-11-15 05:37:26,mlx5_0,0.000,0.000,0.000,0.000
2025-11-15 05:37:26,mlx5_1,0.000,0.000,177.114,46.853
2025-11-15 05:37:26,mlx5_2,0.000,0.000,177.964,48.246
2025-11-15 05:37:26,mlx5_3,0.000,0.000,0.000,0.000
2025-11-15 05:37:26,mlx5_4,0.000,0.000,0.000,0.000
2025-11-15 05:37:26,mlx5_5,0.000,0.000,0.000,0.000
2025-11-15 05:37:26,mlx5_6,0.000,0.000,0.000,0.000
2025-11-15 05:37:26,mlx5_7,0.000,0.000,0.000,0.000
2025-11-15 05:37:26,mlx5_8,0.000,0.000,0.000,0.000
2025-11-15 05:37:26,mlx5_9,0.000,0.000,177.287,47.328
2025-11-15 05:37:26,TOTAL,0.000,0.000,532.365,142.428
2025-11-15 05:37:27,mlx5_0,0.000,0.000,0.000,0.000
2025-11-15 05:37:27,mlx5_1,12.146,0.016,178.638,46.856
2025-11-15 05:37:27,mlx5_2,12.186,0.017,179.493,48.248
2025-11-15 05:37:27,mlx5_3,0.000,0.000,0.000,0.000
2025-11-15 05:37:27,mlx5_4,0.000,0.000,0.000,0.000
2025-11-15 05:37:27,mlx5_5,0.000,0.000,0.000,0.000
2025-11-15 05:37:27,mlx5_6,0.000,0.000,0.000,0.000
2025-11-15 05:37:27,mlx5_7,0.000,0.000,0.000,0.000
2025-11-15 05:37:27,mlx5_8,0.000,0.000,0.000,0.000
2025-11-15 05:37:27,mlx5_9,12.139,0.017,178.810,47.330
2025-11-15 05:37:27,TOTAL,36.471,0.050,536.941,142.434
2025-11-15 05:37:28,mlx5_0,0.000,0.000,0.000,0.000
2025-11-15 05:37:28,mlx5_1,10.933,0.015,180.010,46.857
2025-11-15 05:37:28,mlx5_2,10.905,0.015,180.862,48.250
2025-11-15 05:37:28,mlx5_3,0.000,0.000,0.000,0.000
2025-11-15 05:37:28,mlx5_4,0.000,0.000,0.000,0.000
2025-11-15 05:37:28,mlx5_5,0.000,0.000,0.000,0.000
2025-11-15 05:37:28,mlx5_6,0.000,0.000,0.000,0.000
2025-11-15 05:37:28,mlx5_7,0.000,0.000,0.000,0.000
2025-11-15 05:37:28,mlx5_8,0.000,0.000,0.000,0.000
2025-11-15 05:37:28,mlx5_9,11.068,0.015,180.199,47.332
2025-11-15 05:37:28,TOTAL,32.906,0.045,541.071,142.439
2025-11-15 05:37:29,mlx5_0,0.000,0.000,0.000,0.000
2025-11-15 05:37:29,mlx5_1,1.502,0.002,180.199,46.858
2025-11-15 05:37:29,mlx5_2,1.452,0.002,181.044,48.250
2025-11-15 05:37:29,mlx5_3,0.000,0.000,0.000,0.000
2025-11-15 05:37:29,mlx5_4,0.000,0.000,0.000,0.000
2025-11-15 05:37:29,mlx5_5,0.000,0.000,0.000,0.000
2025-11-15 05:37:29,mlx5_6,0.000,0.000,0.000,0.000
2025-11-15 05:37:29,mlx5_7,0.000,0.000,0.000,0.000
2025-11-15 05:37:29,mlx5_8,0.000,0.000,0.000,0.000
2025-11-15 05:37:29,mlx5_9,1.403,0.002,180.375,47.332
2025-11-15 05:37:29,TOTAL,4.358,0.006,541.618,142.440
2025-11-15 05:37:30,mlx5_0,0.000,0.000,0.000,0.000
2025-11-15 05:37:30,mlx5_1,12.370,0.017,181.751,46.860
2025-11-15 05:37:30,mlx5_2,12.437,0.017,182.605,48.252
2025-11-15 05:37:30,mlx5_3,0.000,0.000,0.000,0.000
2025-11-15 05:37:30,mlx5_4,0.000,0.000,0.000,0.000
2025-11-15 05:37:30,mlx5_5,0.000,0.000,0.000,0.000
2025-11-15 05:37:30,mlx5_6,0.000,0.000,0.000,0.000
2025-11-15 05:37:30,mlx5_7,0.000,0.000,0.000,0.000
2025-11-15 05:37:30,mlx5_8,0.000,0.000,0.000,0.000
2025-11-15 05:37:30,mlx5_9,12.467,0.017,181.939,47.334
2025-11-15 05:37:30,TOTAL,37.273,0.050,546.295,142.446
2025-11-15 05:37:31,mlx5_0,0.000,0.000,0.000,0.000
2025-11-15 05:37:31,mlx5_1,0.000,0.000,181.751,46.860
2025-11-15 05:37:31,mlx5_2,0.000,0.000,182.605,48.252
2025-11-15 05:37:31,mlx5_3,0.000,0.000,0.000,0.000
2025-11-15 05:37:31,mlx5_4,0.000,0.000,0.000,0.000
2025-11-15 05:37:31,mlx5_5,0.000,0.000,0.000,0.000
2025-11-15 05:37:31,mlx5_6,0.000,0.000,0.000,0.000
2025-11-15 05:37:31,mlx5_7,0.000,0.000,0.000,0.000
2025-11-15 05:37:31,mlx5_8,0.000,0.000,0.000,0.000
2025-11-15 05:37:31,mlx5_9,0.000,0.000,181.939,47.334
2025-11-15 05:37:31,TOTAL,0.000,0.000,546.295,142.446
2025-11-15 05:37:32,mlx5_0,0.000,0.000,0.000,0.000
2025-11-15 05:37:32,mlx5_1,11.613,0.016,183.208,46.862
2025-11-15 05:37:32,mlx5_2,11.589,0.016,184.059,48.254
2025-11-15 05:37:32,mlx5_3,0.000,0.000,0.000,0.000
2025-11-15 05:37:32,mlx5_4,0.000,0.000,0.000,0.000
2025-11-15 05:37:32,mlx5_5,0.000,0.000,0.000,0.000
2025-11-15 05:37:32,mlx5_6,0.000,0.000,0.000,0.000
2025-11-15 05:37:32,mlx5_7,0.000,0.000,0.000,0.000
2025-11-15 05:37:32,mlx5_8,0.000,0.000,0.000,0.000
2025-11-15 05:37:32,mlx5_9,11.734,0.016,183.412,47.336
2025-11-15 05:37:32,TOTAL,34.936,0.047,550.679,142.452
2025-11-15 05:37:33,mlx5_0,0.000,0.000,0.000,0.000
2025-11-15 05:37:33,mlx5_1,0.834,0.001,183.313,46.862
2025-11-15 05:37:33,mlx5_2,0.787,0.001,184.158,48.255
2025-11-15 05:37:33,mlx5_3,0.000,0.000,0.000,0.000
2025-11-15 05:37:33,mlx5_4,0.000,0.000,0.000,0.000
2025-11-15 05:37:33,mlx5_5,0.000,0.000,0.000,0.000
2025-11-15 05:37:33,mlx5_6,0.000,0.000,0.000,0.000
2025-11-15 05:37:33,mlx5_7,0.000,0.000,0.000,0.000
2025-11-15 05:37:33,mlx5_8,0.000,0.000,0.000,0.000
2025-11-15 05:37:33,mlx5_9,0.714,0.001,183.501,47.336
2025-11-15 05:37:33,TOTAL,2.335,0.003,550.972,142.453
2025-11-15 05:37:34,mlx5_0,0.000,0.000,0.000,0.000
2025-11-15 05:37:34,mlx5_1,0.000,0.000,183.313,46.862
2025-11-15 05:37:34,mlx5_2,0.000,0.000,184.158,48.255
2025-11-15 05:37:34,mlx5_3,0.000,0.000,0.000,0.000
2025-11-15 05:37:34,mlx5_4,0.000,0.000,0.000,0.000
2025-11-15 05:37:34,mlx5_5,0.000,0.000,0.000,0.000
2025-11-15 05:37:34,mlx5_6,0.000,0.000,0.000,0.000
2025-11-15 05:37:34,mlx5_7,0.000,0.000,0.000,0.000
2025-11-15 05:37:34,mlx5_8,0.000,0.000,0.000,0.000
2025-11-15 05:37:34,mlx5_9,0.000,0.000,183.501,47.336
2025-11-15 05:37:34,TOTAL,0.000,0.000,550.972,142.453
2025-11-15 05:37:35,mlx5_0,0.000,0.000,0.000,0.000
2025-11-15 05:37:35,mlx5_1,12.285,0.018,184.854,46.864
2025-11-15 05:37:35,mlx5_2,12.523,0.019,185.728,48.257
2025-11-15 05:37:35,mlx5_3,0.000,0.000,0.000,0.000
2025-11-15 05:37:35,mlx5_4,0.000,0.000,0.000,0.000
2025-11-15 05:37:35,mlx5_5,0.000,0.000,0.000,0.000
2025-11-15 05:37:35,mlx5_6,0.000,0.000,0.000,0.000
2025-11-15 05:37:35,mlx5_7,0.000,0.000,0.000,0.000
2025-11-15 05:37:35,mlx5_8,0.000,0.000,0.000,0.000
2025-11-15 05:37:35,mlx5_9,12.491,0.019,185.068,47.339
2025-11-15 05:37:35,TOTAL,37.299,0.056,555.650,142.460
2025-11-15 05:37:36,mlx5_0,0.000,0.000,0.000,0.000
2025-11-15 05:37:36,mlx5_1,0.000,0.000,184.854,46.864
2025-11-15 05:37:36,mlx5_2,0.000,0.000,185.728,48.257
2025-11-15 05:37:36,mlx5_3,0.000,0.000,0.000,0.000
2025-11-15 05:37:36,mlx5_4,0.000,0.000,0.000,0.000
2025-11-15 05:37:36,mlx5_5,0.000,0.000,0.000,0.000
2025-11-15 05:37:36,mlx5_6,0.000,0.000,0.000,0.000
2025-11-15 05:37:36,mlx5_7,0.000,0.000,0.000,0.000
2025-11-15 05:37:36,mlx5_8,0.000,0.000,0.000,0.000
2025-11-15 05:37:36,mlx5_9,0.000,0.000,185.068,47.339
2025-11-15 05:37:36,TOTAL,0.000,0.000,555.650,142.460
2025-11-15 05:37:37,mlx5_0,0.000,0.000,0.000,0.000
2025-11-15 05:37:37,mlx5_1,12.781,0.017,186.457,46.866
2025-11-15 05:37:37,mlx5_2,13.010,0.018,187.361,48.259
2025-11-15 05:37:37,mlx5_3,0.000,0.000,0.000,0.000
2025-11-15 05:37:37,mlx5_4,0.000,0.000,0.000,0.000
2025-11-15 05:37:37,mlx5_5,0.000,0.000,0.000,0.000
2025-11-15 05:37:37,mlx5_6,0.000,0.000,0.000,0.000
2025-11-15 05:37:37,mlx5_7,0.000,0.000,0.000,0.000
2025-11-15 05:37:37,mlx5_8,0.000,0.000,0.000,0.000
2025-11-15 05:37:37,mlx5_9,13.009,0.018,186.700,47.341
2025-11-15 05:37:37,TOTAL,38.800,0.053,560.518,142.466
2025-11-15 05:37:38,mlx5_0,0.000,0.000,0.000,0.000
2025-11-15 05:37:38,mlx5_1,0.000,0.000,186.457,46.866
2025-11-15 05:37:38,mlx5_2,0.000,0.000,187.361,48.259
2025-11-15 05:37:38,mlx5_3,0.000,0.000,0.000,0.000
2025-11-15 05:37:38,mlx5_4,0.000,0.000,0.000,0.000
2025-11-15 05:37:38,mlx5_5,0.000,0.000,0.000,0.000
2025-11-15 05:37:38,mlx5_6,0.000,0.000,0.000,0.000
2025-11-15 05:37:38,mlx5_7,0.000,0.000,0.000,0.000
2025-11-15 05:37:38,mlx5_8,0.000,0.000,0.000,0.000
2025-11-15 05:37:38,mlx5_9,0.000,0.000,186.700,47.341
2025-11-15 05:37:38,TOTAL,0.000,0.000,560.518,142.466
2025-11-15 05:37:39,mlx5_0,0.000,0.000,0.000,0.000
2025-11-15 05:37:39,mlx5_1,12.382,0.017,188.011,46.868
2025-11-15 05:37:39,mlx5_2,12.413,0.017,188.919,48.261
2025-11-15 05:37:39,mlx5_3,0.000,0.000,0.000,0.000
2025-11-15 05:37:39,mlx5_4,0.000,0.000,0.000,0.000
2025-11-15 05:37:39,mlx5_5,0.000,0.000,0.000,0.000
2025-11-15 05:37:39,mlx5_6,0.000,0.000,0.000,0.000
2025-11-15 05:37:39,mlx5_7,0.000,0.000,0.000,0.000
2025-11-15 05:37:39,mlx5_8,0.000,0.000,0.000,0.000
2025-11-15 05:37:39,mlx5_9,12.476,0.017,188.266,47.343
2025-11-15 05:37:39,TOTAL,37.271,0.050,565.195,142.473
2025-11-15 05:37:40,mlx5_0,0.000,0.000,0.000,0.000
2025-11-15 05:37:40,mlx5_1,5.151,0.007,188.658,46.869
2025-11-15 05:37:40,mlx5_2,5.085,0.007,189.557,48.262
2025-11-15 05:37:40,mlx5_3,0.000,0.000,0.000,0.000
2025-11-15 05:37:40,mlx5_4,0.000,0.000,0.000,0.000
2025-11-15 05:37:40,mlx5_5,0.000,0.000,0.000,0.000
2025-11-15 05:37:40,mlx5_6,0.000,0.000,0.000,0.000
2025-11-15 05:37:40,mlx5_7,0.000,0.000,0.000,0.000
2025-11-15 05:37:40,mlx5_8,0.000,0.000,0.000,0.000
2025-11-15 05:37:40,mlx5_9,5.130,0.007,188.909,47.344
2025-11-15 05:37:40,TOTAL,15.366,0.022,567.124,142.476
2025-11-15 05:37:41,mlx5_0,0.000,0.000,0.000,0.000
2025-11-15 05:37:41,mlx5_1,7.344,0.009,189.579,46.870
2025-11-15 05:37:41,mlx5_2,7.401,0.009,190.486,48.263
2025-11-15 05:37:41,mlx5_3,0.000,0.000,0.000,0.000
2025-11-15 05:37:41,mlx5_4,0.000,0.000,0.000,0.000
2025-11-15 05:37:41,mlx5_5,0.000,0.000,0.000,0.000
2025-11-15 05:37:41,mlx5_6,0.000,0.000,0.000,0.000
2025-11-15 05:37:41,mlx5_7,0.000,0.000,0.000,0.000
2025-11-15 05:37:41,mlx5_8,0.000,0.000,0.000,0.000
2025-11-15 05:37:41,mlx5_9,7.151,0.009,189.807,47.345
2025-11-15 05:37:41,TOTAL,21.896,0.028,569.872,142.479
2025-11-15 05:37:42,mlx5_0,0.000,0.000,0.000,0.000
2025-11-15 05:37:42,mlx5_1,0.000,0.000,189.579,46.870
2025-11-15 05:37:42,mlx5_2,0.000,0.000,190.486,48.263
2025-11-15 05:37:42,mlx5_3,0.000,0.000,0.000,0.000
2025-11-15 05:37:42,mlx5_4,0.000,0.000,0.000,0.000
2025-11-15 05:37:42,mlx5_5,0.000,0.000,0.000,0.000
2025-11-15 05:37:42,mlx5_6,0.000,0.000,0.000,0.000
2025-11-15 05:37:42,mlx5_7,0.000,0.000,0.000,0.000
2025-11-15 05:37:42,mlx5_8,0.000,0.000,0.000,0.000
2025-11-15 05:37:42,mlx5_9,0.000,0.000,189.807,47.345
2025-11-15 05:37:42,TOTAL,0.000,0.000,569.872,142.479
2025-11-15 05:37:43,mlx5_0,0.000,0.000,0.000,0.000
2025-11-15 05:37:43,mlx5_1,12.501,0.017,191.148,46.873
2025-11-15 05:37:43,mlx5_2,12.321,0.017,192.032,48.266
2025-11-15 05:37:43,mlx5_3,0.000,0.000,0.000,0.000
2025-11-15 05:37:43,mlx5_4,0.000,0.000,0.000,0.000
2025-11-15 05:37:43,mlx5_5,0.000,0.000,0.000,0.000
2025-11-15 05:37:43,mlx5_6,0.000,0.000,0.000,0.000
2025-11-15 05:37:43,mlx5_7,0.000,0.000,0.000,0.000
2025-11-15 05:37:43,mlx5_8,0.000,0.000,0.000,0.000
2025-11-15 05:37:43,mlx5_9,12.451,0.017,191.369,47.347
2025-11-15 05:37:43,TOTAL,37.273,0.050,574.549,142.485
2025-11-15 05:37:44,mlx5_0,0.000,0.000,0.000,0.000
2025-11-15 05:37:44,mlx5_1,0.000,0.000,191.148,46.873
2025-11-15 05:37:44,mlx5_2,0.000,0.000,192.032,48.266
2025-11-15 05:37:44,mlx5_3,0.000,0.000,0.000,0.000
2025-11-15 05:37:44,mlx5_4,0.000,0.000,0.000,0.000
2025-11-15 05:37:44,mlx5_5,0.000,0.000,0.000,0.000
2025-11-15 05:37:44,mlx5_6,0.000,0.000,0.000,0.000
2025-11-15 05:37:44,mlx5_7,0.000,0.000,0.000,0.000
2025-11-15 05:37:44,mlx5_8,0.000,0.000,0.000,0.000
2025-11-15 05:37:44,mlx5_9,0.000,0.000,191.369,47.347
2025-11-15 05:37:44,TOTAL,0.000,0.000,574.549,142.485
2025-11-15 05:37:45,mlx5_0,0.000,0.000,0.000,0.000
2025-11-15 05:37:45,mlx5_1,12.339,0.017,192.695,46.875
2025-11-15 05:37:45,mlx5_2,12.387,0.017,193.585,48.268
2025-11-15 05:37:45,mlx5_3,0.000,0.000,0.000,0.000
2025-11-15 05:37:45,mlx5_4,0.000,0.000,0.000,0.000
2025-11-15 05:37:45,mlx5_5,0.000,0.000,0.000,0.000
2025-11-15 05:37:45,mlx5_6,0.000,0.000,0.000,0.000
2025-11-15 05:37:45,mlx5_7,0.000,0.000,0.000,0.000
2025-11-15 05:37:45,mlx5_8,0.000,0.000,0.000,0.000
2025-11-15 05:37:45,mlx5_9,12.582,0.017,192.946,47.349
2025-11-15 05:37:45,TOTAL,37.308,0.050,579.226,142.492
2025-11-15 05:37:46,mlx5_0,0.000,0.000,0.000,0.000
2025-11-15 05:37:46,mlx5_1,3.602,0.005,193.147,46.875
2025-11-15 05:37:46,mlx5_2,3.619,0.005,194.039,48.268
2025-11-15 05:37:46,mlx5_3,0.000,0.000,0.000,0.000
2025-11-15 05:37:46,mlx5_4,0.000,0.000,0.000,0.000
2025-11-15 05:37:46,mlx5_5,0.000,0.000,0.000,0.000
2025-11-15 05:37:46,mlx5_6,0.000,0.000,0.000,0.000
2025-11-15 05:37:46,mlx5_7,0.000,0.000,0.000,0.000
2025-11-15 05:37:46,mlx5_8,0.000,0.000,0.000,0.000
2025-11-15 05:37:46,mlx5_9,3.631,0.005,193.402,47.350
2025-11-15 05:37:46,TOTAL,10.852,0.015,580.588,142.494
2025-11-15 05:37:47,mlx5_0,0.000,0.000,0.000,0.000
2025-11-15 05:37:47,mlx5_1,1.580,0.002,193.345,46.876
2025-11-15 05:37:47,mlx5_2,1.552,0.002,194.233,48.269
2025-11-15 05:37:47,mlx5_3,0.000,0.000,0.000,0.000
2025-11-15 05:37:47,mlx5_4,0.000,0.000,0.000,0.000
2025-11-15 05:37:47,mlx5_5,0.000,0.000,0.000,0.000
2025-11-15 05:37:47,mlx5_6,0.000,0.000,0.000,0.000
2025-11-15 05:37:47,mlx5_7,0.000,0.000,0.000,0.000
2025-11-15 05:37:47,mlx5_8,0.000,0.000,0.000,0.000
2025-11-15 05:37:47,mlx5_9,1.526,0.002,193.593,47.350
2025-11-15 05:37:47,TOTAL,4.657,0.006,581.172,142.494
2025-11-15 05:37:48,mlx5_0,0.000,0.000,0.000,0.000
2025-11-15 05:37:48,mlx5_1,0.000,0.000,193.345,46.876
2025-11-15 05:37:48,mlx5_2,0.000,0.000,194.233,48.269
2025-11-15 05:37:48,mlx5_3,0.000,0.000,0.000,0.000
2025-11-15 05:37:48,mlx5_4,0.000,0.000,0.000,0.000
2025-11-15 05:37:48,mlx5_5,0.000,0.000,0.000,0.000
2025-11-15 05:37:48,mlx5_6,0.000,0.000,0.000,0.000
2025-11-15 05:37:48,mlx5_7,0.000,0.000,0.000,0.000
2025-11-15 05:37:48,mlx5_8,0.000,0.000,0.000,0.000
2025-11-15 05:37:48,mlx5_9,0.000,0.000,193.593,47.350
2025-11-15 05:37:48,TOTAL,0.000,0.000,581.172,142.494
2025-11-15 05:37:49,mlx5_0,0.000,0.000,0.000,0.000
2025-11-15 05:37:49,mlx5_1,0.000,0.000,193.345,46.876
2025-11-15 05:37:49,mlx5_2,0.000,0.000,194.233,48.269
2025-11-15 05:37:49,mlx5_3,0.000,0.000,0.000,0.000
2025-11-15 05:37:49,mlx5_4,0.000,0.000,0.000,0.000
2025-11-15 05:37:49,mlx5_5,0.000,0.000,0.000,0.000
2025-11-15 05:37:49,mlx5_6,0.000,0.000,0.000,0.000
2025-11-15 05:37:49,mlx5_7,0.000,0.000,0.000,0.000
2025-11-15 05:37:49,mlx5_8,0.000,0.000,0.000,0.000
2025-11-15 05:37:49,mlx5_9,0.000,0.000,193.593,47.350
2025-11-15 05:37:49,TOTAL,0.000,0.000,581.172,142.494
2025-11-15 05:37:50,mlx5_0,0.000,0.000,0.000,0.000
2025-11-15 05:37:50,mlx5_1,0.000,0.000,193.345,46.876
2025-11-15 05:37:50,mlx5_2,0.000,0.000,194.233,48.269
2025-11-15 05:37:50,mlx5_3,0.000,0.000,0.000,0.000
2025-11-15 05:37:50,mlx5_4,0.000,0.000,0.000,0.000
2025-11-15 05:37:50,mlx5_5,0.000,0.000,0.000,0.000
2025-11-15 05:37:50,mlx5_6,0.000,0.000,0.000,0.000
2025-11-15 05:37:50,mlx5_7,0.000,0.000,0.000,0.000
2025-11-15 05:37:50,mlx5_8,0.000,0.000,0.000,0.000
2025-11-15 05:37:50,mlx5_9,0.000,0.000,193.593,47.350
2025-11-15 05:37:50,TOTAL,0.000,0.000,581.172,142.494
2025-11-15 05:37:51,mlx5_0,0.000,0.000,0.000,0.000
2025-11-15 05:37:51,mlx5_1,0.000,0.000,193.345,46.876
2025-11-15 05:37:51,mlx5_2,0.000,0.000,194.233,48.269
2025-11-15 05:37:51,mlx5_3,0.000,0.000,0.000,0.000
2025-11-15 05:37:51,mlx5_4,0.000,0.000,0.000,0.000
2025-11-15 05:37:51,mlx5_5,0.000,0.000,0.000,0.000
2025-11-15 05:37:51,mlx5_6,0.000,0.000,0.000,0.000
2025-11-15 05:37:51,mlx5_7,0.000,0.000,0.000,0.000
2025-11-15 05:37:51,mlx5_8,0.000,0.000,0.000,0.000
2025-11-15 05:37:51,mlx5_9,0.000,0.000,193.593,47.350
2025-11-15 05:37:51,TOTAL,0.000,0.000,581.172,142.494
2025-11-15 05:37:52,mlx5_0,0.000,0.000,0.000,0.000
2025-11-15 05:37:52,mlx5_1,0.000,0.000,193.345,46.876
2025-11-15 05:37:52,mlx5_2,0.000,0.000,194.233,48.269
2025-11-15 05:37:52,mlx5_3,0.000,0.000,0.000,0.000
2025-11-15 05:37:52,mlx5_4,0.000,0.000,0.000,0.000
2025-11-15 05:37:52,mlx5_5,0.000,0.000,0.000,0.000
2025-11-15 05:37:52,mlx5_6,0.000,0.000,0.000,0.000
2025-11-15 05:37:52,mlx5_7,0.000,0.000,0.000,0.000
2025-11-15 05:37:52,mlx5_8,0.000,0.000,0.000,0.000
2025-11-15 05:37:52,mlx5_9,0.000,0.000,193.593,47.350
2025-11-15 05:37:52,TOTAL,0.000,0.000,581.172,142.494
2025-11-15 05:37:53,mlx5_0,0.000,0.000,0.000,0.000
2025-11-15 05:37:53,mlx5_1,0.000,0.000,193.345,46.876
2025-11-15 05:37:53,mlx5_2,0.000,0.000,194.233,48.269
2025-11-15 05:37:53,mlx5_3,0.000,0.000,0.000,0.000
2025-11-15 05:37:53,mlx5_4,0.000,0.000,0.000,0.000
2025-11-15 05:37:53,mlx5_5,0.000,0.000,0.000,0.000
2025-11-15 05:37:53,mlx5_6,0.000,0.000,0.000,0.000
2025-11-15 05:37:53,mlx5_7,0.000,0.000,0.000,0.000
2025-11-15 05:37:53,mlx5_8,0.000,0.000,0.000,0.000
2025-11-15 05:37:53,mlx5_9,0.000,0.000,193.593,47.350
2025-11-15 05:37:53,TOTAL,0.000,0.000,581.172,142.494
2025-11-15 05:37:54,mlx5_0,0.000,0.000,0.000,0.000
2025-11-15 05:37:54,mlx5_1,0.000,0.000,193.345,46.876
2025-11-15 05:37:54,mlx5_2,0.000,0.000,194.233,48.269
2025-11-15 05:37:54,mlx5_3,0.000,0.000,0.000,0.000
2025-11-15 05:37:54,mlx5_4,0.000,0.000,0.000,0.000
2025-11-15 05:37:54,mlx5_5,0.000,0.000,0.000,0.000
2025-11-15 05:37:54,mlx5_6,0.000,0.000,0.000,0.000
2025-11-15 05:37:54,mlx5_7,0.000,0.000,0.000,0.000
2025-11-15 05:37:54,mlx5_8,0.000,0.000,0.000,0.000
2025-11-15 05:37:54,mlx5_9,0.000,0.000,193.593,47.350
2025-11-15 05:37:54,TOTAL,0.000,0.000,581.172,142.494
2025-11-15 05:37:55,mlx5_0,0.000,0.000,0.000,0.000
2025-11-15 05:37:55,mlx5_1,0.000,0.000,193.345,46.876
2025-11-15 05:37:55,mlx5_2,0.000,0.000,194.233,48.269
2025-11-15 05:37:55,mlx5_3,0.000,0.000,0.000,0.000
2025-11-15 05:37:55,mlx5_4,0.000,0.000,0.000,0.000
2025-11-15 05:37:55,mlx5_5,0.000,0.000,0.000,0.000
2025-11-15 05:37:55,mlx5_6,0.000,0.000,0.000,0.000
2025-11-15 05:37:55,mlx5_7,0.000,0.000,0.000,0.000
2025-11-15 05:37:55,mlx5_8,0.000,0.000,0.000,0.000
2025-11-15 05:37:55,mlx5_9,0.000,0.000,193.593,47.350
2025-11-15 05:37:55,TOTAL,0.000,0.000,581.172,142.494
2025-11-15 05:37:56,mlx5_0,0.000,0.000,0.000,0.000
2025-11-15 05:37:56,mlx5_1,0.000,0.000,193.345,46.876
2025-11-15 05:37:56,mlx5_2,0.000,0.000,194.233,48.269
2025-11-15 05:37:56,mlx5_3,0.000,0.000,0.000,0.000
2025-11-15 05:37:56,mlx5_4,0.000,0.000,0.000,0.000
2025-11-15 05:37:56,mlx5_5,0.000,0.000,0.000,0.000
2025-11-15 05:37:56,mlx5_6,0.000,0.000,0.000,0.000
2025-11-15 05:37:56,mlx5_7,0.000,0.000,0.000,0.000
2025-11-15 05:37:56,mlx5_8,0.000,0.000,0.000,0.000
2025-11-15 05:37:56,mlx5_9,0.000,0.000,193.593,47.350
2025-11-15 05:37:56,TOTAL,0.000,0.000,581.172,142.494
2025-11-15 05:37:57,mlx5_0,0.000,0.000,0.000,0.000
2025-11-15 05:37:57,mlx5_1,0.000,0.000,193.345,46.876
2025-11-15 05:37:57,mlx5_2,0.000,0.000,194.233,48.269
2025-11-15 05:37:57,mlx5_3,0.000,0.000,0.000,0.000
2025-11-15 05:37:57,mlx5_4,0.000,0.000,0.000,0.000
2025-11-15 05:37:57,mlx5_5,0.000,0.000,0.000,0.000
2025-11-15 05:37:57,mlx5_6,0.000,0.000,0.000,0.000
2025-11-15 05:37:57,mlx5_7,0.000,0.000,0.000,0.000
2025-11-15 05:37:57,mlx5_8,0.000,0.000,0.000,0.000
2025-11-15 05:37:57,mlx5_9,0.000,0.000,193.593,47.350
2025-11-15 05:37:57,TOTAL,0.000,0.000,581.172,142.494
2025-11-15 05:37:58,mlx5_0,0.000,0.000,0.000,0.000
2025-11-15 05:37:58,mlx5_1,0.000,0.000,193.345,46.876
2025-11-15 05:37:58,mlx5_2,0.000,0.000,194.233,48.269
2025-11-15 05:37:58,mlx5_3,0.000,0.000,0.000,0.000
2025-11-15 05:37:58,mlx5_4,0.000,0.000,0.000,0.000
2025-11-15 05:37:58,mlx5_5,0.000,0.000,0.000,0.000
2025-11-15 05:37:58,mlx5_6,0.000,0.000,0.000,0.000
2025-11-15 05:37:58,mlx5_7,0.000,0.000,0.000,0.000
2025-11-15 05:37:58,mlx5_8,0.000,0.000,0.000,0.000
2025-11-15 05:37:58,mlx5_9,0.000,0.000,193.593,47.350
2025-11-15 05:37:58,TOTAL,0.000,0.000,581.172,142.494
2025-11-15 05:37:59,mlx5_0,0.000,0.000,0.000,0.000
2025-11-15 05:37:59,mlx5_1,0.000,0.000,193.345,46.876
2025-11-15 05:37:59,mlx5_2,0.000,0.000,194.233,48.269
2025-11-15 05:37:59,mlx5_3,0.000,0.000,0.000,0.000
2025-11-15 05:37:59,mlx5_4,0.000,0.000,0.000,0.000
2025-11-15 05:37:59,mlx5_5,0.000,0.000,0.000,0.000
2025-11-15 05:37:59,mlx5_6,0.000,0.000,0.000,0.000
2025-11-15 05:37:59,mlx5_7,0.000,0.000,0.000,0.000
2025-11-15 05:37:59,mlx5_8,0.000,0.000,0.000,0.000
2025-11-15 05:37:59,mlx5_9,0.000,0.000,193.593,47.350
2025-11-15 05:37:59,TOTAL,0.000,0.000,581.172,142.494
2025-11-15 05:38:00,mlx5_0,0.000,0.000,0.000,0.000
2025-11-15 05:38:00,mlx5_1,0.000,0.000,193.345,46.876
2025-11-15 05:38:00,mlx5_2,0.000,0.000,194.233,48.269
2025-11-15 05:38:00,mlx5_3,0.000,0.000,0.000,0.000
2025-11-15 05:38:00,mlx5_4,0.000,0.000,0.000,0.000
2025-11-15 05:38:00,mlx5_5,0.000,0.000,0.000,0.000
2025-11-15 05:38:00,mlx5_6,0.000,0.000,0.000,0.000
2025-11-15 05:38:00,mlx5_7,0.000,0.000,0.000,0.000
2025-11-15 05:38:00,mlx5_8,0.000,0.000,0.000,0.000
2025-11-15 05:38:00,mlx5_9,0.000,0.000,193.593,47.350
2025-11-15 05:38:00,TOTAL,0.000,0.000,581.172,142.494
2025-11-15 05:38:01,mlx5_0,0.000,0.000,0.000,0.000
2025-11-15 05:38:01,mlx5_1,0.019,9.311,193.347,48.044
2025-11-15 05:38:01,mlx5_2,0.020,9.828,194.236,49.502
2025-11-15 05:38:01,mlx5_3,0.000,0.000,0.000,0.000
2025-11-15 05:38:01,mlx5_4,0.000,0.000,0.000,0.000
2025-11-15 05:38:01,mlx5_5,0.000,0.000,0.000,0.000
2025-11-15 05:38:01,mlx5_6,0.000,0.000,0.000,0.000
2025-11-15 05:38:01,mlx5_7,0.000,0.000,0.000,0.000
2025-11-15 05:38:01,mlx5_8,0.000,0.000,0.000,0.000
2025-11-15 05:38:01,mlx5_9,0.020,9.571,193.596,48.551
2025-11-15 05:38:01,TOTAL,0.058,28.710,581.179,146.096
2025-11-15 05:38:02,mlx5_0,0.000,0.000,0.000,0.000
2025-11-15 05:38:02,mlx5_1,0.053,39.475,193.354,53.005
2025-11-15 05:38:02,mlx5_2,0.054,40.663,194.243,54.612
2025-11-15 05:38:02,mlx5_3,0.000,0.000,0.000,0.000
2025-11-15 05:38:02,mlx5_4,0.000,0.000,0.000,0.000
2025-11-15 05:38:02,mlx5_5,0.000,0.000,0.000,0.000
2025-11-15 05:38:02,mlx5_6,0.000,0.000,0.000,0.000
2025-11-15 05:38:02,mlx5_7,0.000,0.000,0.000,0.000
2025-11-15 05:38:02,mlx5_8,0.000,0.000,0.000,0.000
2025-11-15 05:38:02,mlx5_9,0.055,40.131,193.603,53.595
2025-11-15 05:38:02,TOTAL,0.162,120.269,581.199,161.211
2025-11-15 05:38:03,mlx5_0,0.000,0.000,0.000,0.000
2025-11-15 05:38:03,mlx5_1,0.056,42.542,193.361,58.342
2025-11-15 05:38:03,mlx5_2,0.058,43.618,194.250,60.084
2025-11-15 05:38:03,mlx5_3,0.000,0.000,0.000,0.000
2025-11-15 05:38:03,mlx5_4,0.000,0.000,0.000,0.000
2025-11-15 05:38:03,mlx5_5,0.000,0.000,0.000,0.000
2025-11-15 05:38:03,mlx5_6,0.000,0.000,0.000,0.000
2025-11-15 05:38:03,mlx5_7,0.000,0.000,0.000,0.000
2025-11-15 05:38:03,mlx5_8,0.000,0.000,0.000,0.000
2025-11-15 05:38:03,mlx5_9,0.057,43.162,193.610,59.009
2025-11-15 05:38:03,TOTAL,0.171,129.321,581.221,177.434
2025-11-15 05:38:04,mlx5_0,0.000,0.000,0.000,0.000
2025-11-15 05:38:04,mlx5_1,0.062,42.170,193.369,63.634
2025-11-15 05:38:04,mlx5_2,0.063,43.040,194.258,65.485
2025-11-15 05:38:04,mlx5_3,0.000,0.000,0.000,0.000
2025-11-15 05:38:04,mlx5_4,0.000,0.000,0.000,0.000
2025-11-15 05:38:04,mlx5_5,0.000,0.000,0.000,0.000
2025-11-15 05:38:04,mlx5_6,0.000,0.000,0.000,0.000
2025-11-15 05:38:04,mlx5_7,0.000,0.000,0.000,0.000
2025-11-15 05:38:04,mlx5_8,0.000,0.000,0.000,0.000
2025-11-15 05:38:04,mlx5_9,0.064,42.101,193.618,64.293
2025-11-15 05:38:04,TOTAL,0.189,127.311,581.245,193.412
2025-11-15 05:38:05,mlx5_0,0.000,0.000,0.000,0.000
2025-11-15 05:38:05,mlx5_1,0.070,52.273,193.378,70.196
2025-11-15 05:38:05,mlx5_2,0.072,53.954,194.267,72.258
2025-11-15 05:38:05,mlx5_3,0.000,0.000,0.000,0.000
2025-11-15 05:38:05,mlx5_4,0.000,0.000,0.000,0.000
2025-11-15 05:38:05,mlx5_5,0.000,0.000,0.000,0.000
2025-11-15 05:38:05,mlx5_6,0.000,0.000,0.000,0.000
2025-11-15 05:38:05,mlx5_7,0.000,0.000,0.000,0.000
2025-11-15 05:38:05,mlx5_8,0.000,0.000,0.000,0.000
2025-11-15 05:38:05,mlx5_9,0.072,53.716,193.627,71.036
2025-11-15 05:38:05,TOTAL,0.214,159.942,581.271,213.490
2025-11-15 05:38:06,mlx5_0,0.000,0.000,0.000,0.000
2025-11-15 05:38:06,mlx5_1,0.075,56.359,193.387,77.271
2025-11-15 05:38:06,mlx5_2,0.076,57.882,194.276,79.524
2025-11-15 05:38:06,mlx5_3,0.000,0.000,0.000,0.000
2025-11-15 05:38:06,mlx5_4,0.000,0.000,0.000,0.000
2025-11-15 05:38:06,mlx5_5,0.000,0.000,0.000,0.000
2025-11-15 05:38:06,mlx5_6,0.000,0.000,0.000,0.000
2025-11-15 05:38:06,mlx5_7,0.000,0.000,0.000,0.000
2025-11-15 05:38:06,mlx5_8,0.000,0.000,0.000,0.000
2025-11-15 05:38:06,mlx5_9,0.077,57.114,193.637,78.205
2025-11-15 05:38:06,TOTAL,0.227,171.355,581.300,235.000
2025-11-15 05:38:07,mlx5_0,0.000,0.000,0.000,0.000
2025-11-15 05:38:07,mlx5_1,0.069,52.438,193.396,83.853
2025-11-15 05:38:07,mlx5_2,0.071,54.732,194.285,86.395
2025-11-15 05:38:07,mlx5_3,0.000,0.000,0.000,0.000
2025-11-15 05:38:07,mlx5_4,0.000,0.000,0.000,0.000
2025-11-15 05:38:07,mlx5_5,0.000,0.000,0.000,0.000
2025-11-15 05:38:07,mlx5_6,0.000,0.000,0.000,0.000
2025-11-15 05:38:07,mlx5_7,0.000,0.000,0.000,0.000
2025-11-15 05:38:07,mlx5_8,0.000,0.000,0.000,0.000
2025-11-15 05:38:07,mlx5_9,0.072,53.413,193.646,84.910
2025-11-15 05:38:07,TOTAL,0.212,160.584,581.327,255.158
2025-11-15 05:38:08,mlx5_0,0.000,0.000,0.000,0.000
2025-11-15 05:38:08,mlx5_1,0.075,56.582,193.405,90.954
2025-11-15 05:38:08,mlx5_2,0.076,57.935,194.295,93.665
2025-11-15 05:38:08,mlx5_3,0.000,0.000,0.000,0.000
2025-11-15 05:38:08,mlx5_4,0.000,0.000,0.000,0.000
2025-11-15 05:38:08,mlx5_5,0.000,0.000,0.000,0.000
2025-11-15 05:38:08,mlx5_6,0.000,0.000,0.000,0.000
2025-11-15 05:38:08,mlx5_7,0.000,0.000,0.000,0.000
2025-11-15 05:38:08,mlx5_8,0.000,0.000,0.000,0.000
2025-11-15 05:38:08,mlx5_9,0.076,56.847,193.655,92.045
2025-11-15 05:38:08,TOTAL,0.227,171.364,581.355,276.664
2025-11-15 05:38:09,mlx5_0,0.000,0.000,0.000,0.000
2025-11-15 05:38:09,mlx5_1,0.073,54.901,193.414,97.844
2025-11-15 05:38:09,mlx5_2,0.075,56.834,194.304,100.798
2025-11-15 05:38:09,mlx5_3,0.000,0.000,0.000,0.000
2025-11-15 05:38:09,mlx5_4,0.000,0.000,0.000,0.000
2025-11-15 05:38:09,mlx5_5,0.000,0.000,0.000,0.000
2025-11-15 05:38:09,mlx5_6,0.000,0.000,0.000,0.000
2025-11-15 05:38:09,mlx5_7,0.000,0.000,0.000,0.000
2025-11-15 05:38:09,mlx5_8,0.000,0.000,0.000,0.000
2025-11-15 05:38:09,mlx5_9,0.075,55.558,193.665,99.017
2025-11-15 05:38:09,TOTAL,0.222,167.293,581.383,297.660
2025-11-15 05:38:10,mlx5_0,0.000,0.000,0.000,0.000
2025-11-15 05:38:10,mlx5_1,0.074,56.109,193.423,104.886
2025-11-15 05:38:10,mlx5_2,0.076,58.106,194.314,108.090
2025-11-15 05:38:10,mlx5_3,0.000,0.000,0.000,0.000
2025-11-15 05:38:10,mlx5_4,0.000,0.000,0.000,0.000
2025-11-15 05:38:10,mlx5_5,0.000,0.000,0.000,0.000
2025-11-15 05:38:10,mlx5_6,0.000,0.000,0.000,0.000
2025-11-15 05:38:10,mlx5_7,0.000,0.000,0.000,0.000
2025-11-15 05:38:10,mlx5_8,0.000,0.000,0.000,0.000
2025-11-15 05:38:10,mlx5_9,0.075,56.935,193.674,106.163
2025-11-15 05:38:10,TOTAL,0.226,171.151,581.411,319.139
2025-11-15 05:38:11,mlx5_0,0.000,0.000,0.000,0.000
2025-11-15 05:38:11,mlx5_1,0.072,55.070,193.432,111.797
2025-11-15 05:38:11,mlx5_2,0.073,56.398,194.323,115.168
2025-11-15 05:38:11,mlx5_3,0.000,0.000,0.000,0.000
2025-11-15 05:38:11,mlx5_4,0.000,0.000,0.000,0.000
2025-11-15 05:38:11,mlx5_5,0.000,0.000,0.000,0.000
2025-11-15 05:38:11,mlx5_6,0.000,0.000,0.000,0.000
2025-11-15 05:38:11,mlx5_7,0.000,0.000,0.000,0.000
2025-11-15 05:38:11,mlx5_8,0.000,0.000,0.000,0.000
2025-11-15 05:38:11,mlx5_9,0.073,55.168,193.683,113.086
2025-11-15 05:38:11,TOTAL,0.218,166.635,581.439,340.052
2025-11-15 05:38:12,mlx5_0,0.000,0.000,0.000,0.000
2025-11-15 05:38:12,mlx5_1,0.059,46.417,193.440,117.623
2025-11-15 05:38:12,mlx5_2,0.061,47.837,194.331,121.172
2025-11-15 05:38:12,mlx5_3,0.000,0.000,0.000,0.000
2025-11-15 05:38:12,mlx5_4,0.000,0.000,0.000,0.000
2025-11-15 05:38:12,mlx5_5,0.000,0.000,0.000,0.000
2025-11-15 05:38:12,mlx5_6,0.000,0.000,0.000,0.000
2025-11-15 05:38:12,mlx5_7,0.000,0.000,0.000,0.000
2025-11-15 05:38:12,mlx5_8,0.000,0.000,0.000,0.000
2025-11-15 05:38:12,mlx5_9,0.061,47.319,193.691,119.024
2025-11-15 05:38:12,TOTAL,0.181,141.572,581.461,357.819
2025-11-15 05:38:13,mlx5_0,0.000,0.000,0.000,0.000
2025-11-15 05:38:13,mlx5_1,0.052,40.509,193.446,122.706
2025-11-15 05:38:13,mlx5_2,0.053,41.798,194.338,126.417
2025-11-15 05:38:13,mlx5_3,0.000,0.000,0.000,0.000
2025-11-15 05:38:13,mlx5_4,0.000,0.000,0.000,0.000
2025-11-15 05:38:13,mlx5_5,0.000,0.000,0.000,0.000
2025-11-15 05:38:13,mlx5_6,0.000,0.000,0.000,0.000
2025-11-15 05:38:13,mlx5_7,0.000,0.000,0.000,0.000
2025-11-15 05:38:13,mlx5_8,0.000,0.000,0.000,0.000
2025-11-15 05:38:13,mlx5_9,0.053,40.824,193.697,124.147
2025-11-15 05:38:13,TOTAL,0.158,123.131,581.481,373.270
2025-11-15 05:38:14,mlx5_0,0.000,0.000,0.000,0.000
2025-11-15 05:38:14,mlx5_1,0.055,41.862,193.453,127.959
2025-11-15 05:38:14,mlx5_2,0.057,42.895,194.345,131.799
2025-11-15 05:38:14,mlx5_3,0.000,0.000,0.000,0.000
2025-11-15 05:38:14,mlx5_4,0.000,0.000,0.000,0.000
2025-11-15 05:38:14,mlx5_5,0.000,0.000,0.000,0.000
2025-11-15 05:38:14,mlx5_6,0.000,0.000,0.000,0.000
2025-11-15 05:38:14,mlx5_7,0.000,0.000,0.000,0.000
2025-11-15 05:38:14,mlx5_8,0.000,0.000,0.000,0.000
2025-11-15 05:38:14,mlx5_9,0.056,42.379,193.704,129.465
2025-11-15 05:38:14,TOTAL,0.169,127.135,581.502,389.223
2025-11-15 05:38:15,mlx5_0,0.000,0.000,0.000,0.000
2025-11-15 05:38:15,mlx5_1,0.075,56.738,193.463,135.074
2025-11-15 05:38:15,mlx5_2,0.077,58.346,194.354,139.116
2025-11-15 05:38:15,mlx5_3,0.000,0.000,0.000,0.000
2025-11-15 05:38:15,mlx5_4,0.000,0.000,0.000,0.000
2025-11-15 05:38:15,mlx5_5,0.000,0.000,0.000,0.000
2025-11-15 05:38:15,mlx5_6,0.000,0.000,0.000,0.000
2025-11-15 05:38:15,mlx5_7,0.000,0.000,0.000,0.000
2025-11-15 05:38:15,mlx5_8,0.000,0.000,0.000,0.000
2025-11-15 05:38:15,mlx5_9,0.078,57.289,193.714,136.649
2025-11-15 05:38:15,TOTAL,0.230,172.372,581.531,410.840
2025-11-15 05:38:16,mlx5_0,0.000,0.000,0.000,0.000
2025-11-15 05:38:16,mlx5_1,0.075,56.139,193.472,142.120
2025-11-15 05:38:16,mlx5_2,0.077,58.154,194.364,146.416
2025-11-15 05:38:16,mlx5_3,0.000,0.000,0.000,0.000
2025-11-15 05:38:16,mlx5_4,0.000,0.000,0.000,0.000
2025-11-15 05:38:16,mlx5_5,0.000,0.000,0.000,0.000
2025-11-15 05:38:16,mlx5_6,0.000,0.000,0.000,0.000
2025-11-15 05:38:16,mlx5_7,0.000,0.000,0.000,0.000
2025-11-15 05:38:16,mlx5_8,0.000,0.000,0.000,0.000
2025-11-15 05:38:16,mlx5_9,0.077,57.176,193.724,143.826
2025-11-15 05:38:16,TOTAL,0.229,171.469,581.560,432.362
2025-11-15 05:38:17,mlx5_0,0.000,0.000,0.000,0.000
2025-11-15 05:38:17,mlx5_1,0.067,51.322,193.481,148.563
2025-11-15 05:38:17,mlx5_2,0.069,52.446,194.373,153.000
2025-11-15 05:38:17,mlx5_3,0.000,0.000,0.000,0.000
2025-11-15 05:38:17,mlx5_4,0.000,0.000,0.000,0.000
2025-11-15 05:38:17,mlx5_5,0.000,0.000,0.000,0.000
2025-11-15 05:38:17,mlx5_6,0.000,0.000,0.000,0.000
2025-11-15 05:38:17,mlx5_7,0.000,0.000,0.000,0.000
2025-11-15 05:38:17,mlx5_8,0.000,0.000,0.000,0.000
2025-11-15 05:38:17,mlx5_9,0.069,51.549,193.733,150.297
2025-11-15 05:38:17,TOTAL,0.206,155.317,581.586,451.860
2025-11-15 05:38:18,mlx5_0,0.000,0.000,0.000,0.000
2025-11-15 05:38:18,mlx5_1,0.069,52.806,193.489,155.192
2025-11-15 05:38:18,mlx5_2,0.070,53.920,194.382,159.768
2025-11-15 05:38:18,mlx5_3,0.000,0.000,0.000,0.000
2025-11-15 05:38:18,mlx5_4,0.000,0.000,0.000,0.000
2025-11-15 05:38:18,mlx5_5,0.000,0.000,0.000,0.000
2025-11-15 05:38:18,mlx5_6,0.000,0.000,0.000,0.000
2025-11-15 05:38:18,mlx5_7,0.000,0.000,0.000,0.000
2025-11-15 05:38:18,mlx5_8,0.000,0.000,0.000,0.000
2025-11-15 05:38:18,mlx5_9,0.070,53.263,193.741,156.983
2025-11-15 05:38:18,TOTAL,0.209,159.990,581.612,471.942
2025-11-15 05:38:19,mlx5_0,0.000,0.000,0.000,0.000
2025-11-15 05:38:19,mlx5_1,0.066,50.293,193.498,161.506
2025-11-15 05:38:19,mlx5_2,0.068,51.306,194.390,166.209
2025-11-15 05:38:19,mlx5_3,0.000,0.000,0.000,0.000
2025-11-15 05:38:19,mlx5_4,0.000,0.000,0.000,0.000
2025-11-15 05:38:19,mlx5_5,0.000,0.000,0.000,0.000
2025-11-15 05:38:19,mlx5_6,0.000,0.000,0.000,0.000
2025-11-15 05:38:19,mlx5_7,0.000,0.000,0.000,0.000
2025-11-15 05:38:19,mlx5_8,0.000,0.000,0.000,0.000
2025-11-15 05:38:19,mlx5_9,0.068,50.616,193.750,163.338
2025-11-15 05:38:19,TOTAL,0.203,152.215,581.638,491.053
2025-11-15 05:38:20,mlx5_0,0.000,0.000,0.000,0.000
2025-11-15 05:38:20,mlx5_1,0.057,44.321,193.505,167.068
2025-11-15 05:38:20,mlx5_2,0.058,45.352,194.397,171.901
2025-11-15 05:38:20,mlx5_3,0.000,0.000,0.000,0.000
2025-11-15 05:38:20,mlx5_4,0.000,0.000,0.000,0.000
2025-11-15 05:38:20,mlx5_5,0.000,0.000,0.000,0.000
2025-11-15 05:38:20,mlx5_6,0.000,0.000,0.000,0.000
2025-11-15 05:38:20,mlx5_7,0.000,0.000,0.000,0.000
2025-11-15 05:38:20,mlx5_8,0.000,0.000,0.000,0.000
2025-11-15 05:38:20,mlx5_9,0.058,44.319,193.757,168.900
2025-11-15 05:38:20,TOTAL,0.173,133.992,581.659,507.869
2025-11-15 05:38:21,mlx5_0,0.000,0.000,0.000,0.000
2025-11-15 05:38:21,mlx5_1,0.046,34.973,193.510,171.457
2025-11-15 05:38:21,mlx5_2,0.047,35.816,194.403,176.396
2025-11-15 05:38:21,mlx5_3,0.000,0.000,0.000,0.000
2025-11-15 05:38:21,mlx5_4,0.000,0.000,0.000,0.000
2025-11-15 05:38:21,mlx5_5,0.000,0.000,0.000,0.000
2025-11-15 05:38:21,mlx5_6,0.000,0.000,0.000,0.000
2025-11-15 05:38:21,mlx5_7,0.000,0.000,0.000,0.000
2025-11-15 05:38:21,mlx5_8,0.000,0.000,0.000,0.000
2025-11-15 05:38:21,mlx5_9,0.048,35.657,193.763,173.375
2025-11-15 05:38:21,TOTAL,0.141,106.445,581.677,521.228
2025-11-15 05:38:22,mlx5_0,0.000,0.000,0.000,0.000
2025-11-15 05:38:22,mlx5_1,0.067,50.653,193.519,177.814
2025-11-15 05:38:22,mlx5_2,0.068,51.470,194.412,182.855
2025-11-15 05:38:22,mlx5_3,0.000,0.000,0.000,0.000
2025-11-15 05:38:22,mlx5_4,0.000,0.000,0.000,0.000
2025-11-15 05:38:22,mlx5_5,0.000,0.000,0.000,0.000
2025-11-15 05:38:22,mlx5_6,0.000,0.000,0.000,0.000
2025-11-15 05:38:22,mlx5_7,0.000,0.000,0.000,0.000
2025-11-15 05:38:22,mlx5_8,0.000,0.000,0.000,0.000
2025-11-15 05:38:22,mlx5_9,0.068,51.300,193.772,179.813
2025-11-15 05:38:22,TOTAL,0.202,153.423,581.702,540.482
2025-11-15 05:38:23,mlx5_0,0.000,0.000,0.000,0.000
2025-11-15 05:38:23,mlx5_1,0.069,52.551,193.528,184.409
2025-11-15 05:38:23,mlx5_2,0.071,53.898,194.421,189.619
2025-11-15 05:38:23,mlx5_3,0.000,0.000,0.000,0.000
2025-11-15 05:38:23,mlx5_4,0.000,0.000,0.000,0.000
2025-11-15 05:38:23,mlx5_5,0.000,0.000,0.000,0.000
2025-11-15 05:38:23,mlx5_6,0.000,0.000,0.000,0.000
2025-11-15 05:38:23,mlx5_7,0.000,0.000,0.000,0.000
2025-11-15 05:38:23,mlx5_8,0.000,0.000,0.000,0.000
2025-11-15 05:38:23,mlx5_9,0.070,52.649,193.780,186.420
2025-11-15 05:38:23,TOTAL,0.209,159.097,581.729,560.449
2025-11-15 05:38:24,mlx5_0,0.000,0.000,0.000,0.000
2025-11-15 05:38:24,mlx5_1,0.067,51.255,193.536,190.842
2025-11-15 05:38:24,mlx5_2,0.068,51.782,194.429,196.118
2025-11-15 05:38:24,mlx5_3,0.000,0.000,0.000,0.000
2025-11-15 05:38:24,mlx5_4,0.000,0.000,0.000,0.000
2025-11-15 05:38:24,mlx5_5,0.000,0.000,0.000,0.000
2025-11-15 05:38:24,mlx5_6,0.000,0.000,0.000,0.000
2025-11-15 05:38:24,mlx5_7,0.000,0.000,0.000,0.000
2025-11-15 05:38:24,mlx5_8,0.000,0.000,0.000,0.000
2025-11-15 05:38:24,mlx5_9,0.068,51.404,193.789,192.872
2025-11-15 05:38:24,TOTAL,0.204,154.440,581.754,579.831
2025-11-15 05:38:25,mlx5_0,0.000,0.000,0.000,0.000
2025-11-15 05:38:25,mlx5_1,0.015,12.187,193.538,192.371
2025-11-15 05:38:25,mlx5_2,0.015,12.537,194.431,197.691
2025-11-15 05:38:25,mlx5_3,0.000,0.000,0.000,0.000
2025-11-15 05:38:25,mlx5_4,0.000,0.000,0.000,0.000
2025-11-15 05:38:25,mlx5_5,0.000,0.000,0.000,0.000
2025-11-15 05:38:25,mlx5_6,0.000,0.000,0.000,0.000
2025-11-15 05:38:25,mlx5_7,0.000,0.000,0.000,0.000
2025-11-15 05:38:25,mlx5_8,0.000,0.000,0.000,0.000
2025-11-15 05:38:25,mlx5_9,0.015,12.278,193.791,194.412
2025-11-15 05:38:25,TOTAL,0.046,37.002,581.760,584.475
2025-11-15 05:38:26,mlx5_0,0.000,0.000,0.000,0.000
2025-11-15 05:38:26,mlx5_1,0.000,0.000,193.538,192.371
2025-11-15 05:38:26,mlx5_2,0.000,0.000,194.431,197.691
2025-11-15 05:38:26,mlx5_3,0.000,0.000,0.000,0.000
2025-11-15 05:38:26,mlx5_4,0.000,0.000,0.000,0.000
2025-11-15 05:38:26,mlx5_5,0.000,0.000,0.000,0.000
2025-11-15 05:38:26,mlx5_6,0.000,0.000,0.000,0.000
2025-11-15 05:38:26,mlx5_7,0.000,0.000,0.000,0.000
2025-11-15 05:38:26,mlx5_8,0.000,0.000,0.000,0.000
2025-11-15 05:38:26,mlx5_9,0.000,0.000,193.791,194.412
2025-11-15 05:38:26,TOTAL,0.000,0.000,581.760,584.475
2025-11-15 05:38:27,mlx5_0,0.000,0.000,0.000,0.000
2025-11-15 05:38:27,mlx5_1,0.000,0.000,193.538,192.371
2025-11-15 05:38:27,mlx5_2,0.000,0.000,194.431,197.691
2025-11-15 05:38:27,mlx5_3,0.000,0.000,0.000,0.000
2025-11-15 05:38:27,mlx5_4,0.000,0.000,0.000,0.000
2025-11-15 05:38:27,mlx5_5,0.000,0.000,0.000,0.000
2025-11-15 05:38:27,mlx5_6,0.000,0.000,0.000,0.000
2025-11-15 05:38:27,mlx5_7,0.000,0.000,0.000,0.000
2025-11-15 05:38:27,mlx5_8,0.000,0.000,0.000,0.000
2025-11-15 05:38:27,mlx5_9,0.000,0.000,193.791,194.412
2025-11-15 05:38:27,TOTAL,0.000,0.000,581.760,584.475
2025-11-15 05:38:28,mlx5_0,0.000,0.000,0.000,0.000
2025-11-15 05:38:28,mlx5_1,0.000,0.000,193.538,192.371
2025-11-15 05:38:28,mlx5_2,0.000,0.000,194.431,197.691
2025-11-15 05:38:28,mlx5_3,0.000,0.000,0.000,0.000
2025-11-15 05:38:28,mlx5_4,0.000,0.000,0.000,0.000
2025-11-15 05:38:28,mlx5_5,0.000,0.000,0.000,0.000
2025-11-15 05:38:28,mlx5_6,0.000,0.000,0.000,0.000
2025-11-15 05:38:28,mlx5_7,0.000,0.000,0.000,0.000
2025-11-15 05:38:28,mlx5_8,0.000,0.000,0.000,0.000
2025-11-15 05:38:28,mlx5_9,0.000,0.000,193.791,194.412
2025-11-15 05:38:28,TOTAL,0.000,0.000,581.760,584.475
2025-11-15 05:38:29,mlx5_0,0.000,0.000,0.000,0.000
2025-11-15 05:38:29,mlx5_1,0.000,0.000,193.538,192.371
2025-11-15 05:38:29,mlx5_2,0.000,0.000,194.431,197.691
2025-11-15 05:38:29,mlx5_3,0.000,0.000,0.000,0.000
2025-11-15 05:38:29,mlx5_4,0.000,0.000,0.000,0.000
2025-11-15 05:38:29,mlx5_5,0.000,0.000,0.000,0.000
2025-11-15 05:38:29,mlx5_6,0.000,0.000,0.000,0.000
2025-11-15 05:38:29,mlx5_7,0.000,0.000,0.000,0.000
2025-11-15 05:38:29,mlx5_8,0.000,0.000,0.000,0.000
2025-11-15 05:38:29,mlx5_9,0.000,0.000,193.791,194.412
2025-11-15 05:38:29,TOTAL,0.000,0.000,581.760,584.475
2025-11-15 05:38:30,mlx5_0,0.000,0.000,0.000,0.000
2025-11-15 05:38:30,mlx5_1,0.000,0.000,193.538,192.371
2025-11-15 05:38:30,mlx5_2,0.000,0.000,194.431,197.691
2025-11-15 05:38:30,mlx5_3,0.000,0.000,0.000,0.000
2025-11-15 05:38:30,mlx5_4,0.000,0.000,0.000,0.000
2025-11-15 05:38:30,mlx5_5,0.000,0.000,0.000,0.000
2025-11-15 05:38:30,mlx5_6,0.000,0.000,0.000,0.000
2025-11-15 05:38:30,mlx5_7,0.000,0.000,0.000,0.000
2025-11-15 05:38:30,mlx5_8,0.000,0.000,0.000,0.000
2025-11-15 05:38:30,mlx5_9,0.000,0.000,193.791,194.412
2025-11-15 05:38:30,TOTAL,0.000,0.000,581.760,584.475
2025-11-15 05:38:31,mlx5_0,0.000,0.000,0.000,0.000
2025-11-15 05:38:31,mlx5_1,0.000,0.000,193.538,192.371
2025-11-15 05:38:31,mlx5_2,0.000,0.000,194.431,197.691
2025-11-15 05:38:31,mlx5_3,0.000,0.000,0.000,0.000
2025-11-15 05:38:31,mlx5_4,0.000,0.000,0.000,0.000
2025-11-15 05:38:31,mlx5_5,0.000,0.000,0.000,0.000
2025-11-15 05:38:31,mlx5_6,0.000,0.000,0.000,0.000
2025-11-15 05:38:31,mlx5_7,0.000,0.000,0.000,0.000
2025-11-15 05:38:31,mlx5_8,0.000,0.000,0.000,0.000
2025-11-15 05:38:31,mlx5_9,0.000,0.000,193.791,194.412
2025-11-15 05:38:31,TOTAL,0.000,0.000,581.760,584.475
2025-11-15 05:38:32,mlx5_0,0.000,0.000,0.000,0.000
2025-11-15 05:38:32,mlx5_1,0.000,0.000,193.538,192.371
2025-11-15 05:38:32,mlx5_2,0.000,0.000,194.431,197.691
2025-11-15 05:38:32,mlx5_3,0.000,0.000,0.000,0.000
2025-11-15 05:38:32,mlx5_4,0.000,0.000,0.000,0.000
2025-11-15 05:38:32,mlx5_5,0.000,0.000,0.000,0.000
2025-11-15 05:38:32,mlx5_6,0.000,0.000,0.000,0.000
2025-11-15 05:38:32,mlx5_7,0.000,0.000,0.000,0.000
2025-11-15 05:38:32,mlx5_8,0.000,0.000,0.000,0.000
2025-11-15 05:38:32,mlx5_9,0.000,0.000,193.791,194.412
2025-11-15 05:38:32,TOTAL,0.000,0.000,581.760,584.475
2025-11-15 05:38:33,mlx5_0,0.000,0.000,0.000,0.000
2025-11-15 05:38:33,mlx5_1,0.000,0.000,193.538,192.371
2025-11-15 05:38:33,mlx5_2,0.000,0.000,194.431,197.691
2025-11-15 05:38:33,mlx5_3,0.000,0.000,0.000,0.000
2025-11-15 05:38:33,mlx5_4,0.000,0.000,0.000,0.000
2025-11-15 05:38:33,mlx5_5,0.000,0.000,0.000,0.000
2025-11-15 05:38:33,mlx5_6,0.000,0.000,0.000,0.000
2025-11-15 05:38:33,mlx5_7,0.000,0.000,0.000,0.000
2025-11-15 05:38:33,mlx5_8,0.000,0.000,0.000,0.000
2025-11-15 05:38:33,mlx5_9,0.000,0.000,193.791,194.412
2025-11-15 05:38:33,TOTAL,0.000,0.000,581.760,584.475
2025-11-15 05:38:34,mlx5_0,0.000,0.000,0.000,0.000
2025-11-15 05:38:34,mlx5_1,0.000,0.000,193.538,192.371
2025-11-15 05:38:34,mlx5_2,0.000,0.000,194.431,197.691
2025-11-15 05:38:34,mlx5_3,0.000,0.000,0.000,0.000
2025-11-15 05:38:34,mlx5_4,0.000,0.000,0.000,0.000
2025-11-15 05:38:34,mlx5_5,0.000,0.000,0.000,0.000
2025-11-15 05:38:34,mlx5_6,0.000,0.000,0.000,0.000
2025-11-15 05:38:34,mlx5_7,0.000,0.000,0.000,0.000
2025-11-15 05:38:34,mlx5_8,0.000,0.000,0.000,0.000
2025-11-15 05:38:34,mlx5_9,0.000,0.000,193.791,194.412
2025-11-15 05:38:34,TOTAL,0.000,0.000,581.760,584.475
2025-11-15 05:38:35,mlx5_0,0.000,0.000,0.000,0.000
2025-11-15 05:38:35,mlx5_1,0.000,0.000,193.538,192.371
2025-11-15 05:38:35,mlx5_2,0.000,0.000,194.431,197.691
2025-11-15 05:38:35,mlx5_3,0.000,0.000,0.000,0.000
2025-11-15 05:38:35,mlx5_4,0.000,0.000,0.000,0.000
2025-11-15 05:38:35,mlx5_5,0.000,0.000,0.000,0.000
2025-11-15 05:38:35,mlx5_6,0.000,0.000,0.000,0.000
2025-11-15 05:38:35,mlx5_7,0.000,0.000,0.000,0.000
2025-11-15 05:38:35,mlx5_8,0.000,0.000,0.000,0.000
2025-11-15 05:38:35,mlx5_9,0.000,0.000,193.791,194.412
2025-11-15 05:38:35,TOTAL,0.000,0.000,581.760,584.475
2025-11-15 05:38:36,mlx5_0,0.000,0.000,0.000,0.000
2025-11-15 05:38:36,mlx5_1,0.000,0.000,193.538,192.371
2025-11-15 05:38:36,mlx5_2,0.000,0.000,194.431,197.691
2025-11-15 05:38:36,mlx5_3,0.000,0.000,0.000,0.000
2025-11-15 05:38:36,mlx5_4,0.000,0.000,0.000,0.000
2025-11-15 05:38:36,mlx5_5,0.000,0.000,0.000,0.000
2025-11-15 05:38:36,mlx5_6,0.000,0.000,0.000,0.000
2025-11-15 05:38:36,mlx5_7,0.000,0.000,0.000,0.000
2025-11-15 05:38:36,mlx5_8,0.000,0.000,0.000,0.000
2025-11-15 05:38:36,mlx5_9,0.000,0.000,193.791,194.412
2025-11-15 05:38:36,TOTAL,0.000,0.000,581.760,584.475
2025-11-15 05:38:37,mlx5_0,0.000,0.000,0.000,0.000
2025-11-15 05:38:37,mlx5_1,0.000,0.000,193.538,192.371
2025-11-15 05:38:37,mlx5_2,0.000,0.000,194.431,197.691
2025-11-15 05:38:37,mlx5_3,0.000,0.000,0.000,0.000
2025-11-15 05:38:37,mlx5_4,0.000,0.000,0.000,0.000
2025-11-15 05:38:37,mlx5_5,0.000,0.000,0.000,0.000
2025-11-15 05:38:37,mlx5_6,0.000,0.000,0.000,0.000
2025-11-15 05:38:37,mlx5_7,0.000,0.000,0.000,0.000
2025-11-15 05:38:37,mlx5_8,0.000,0.000,0.000,0.000
2025-11-15 05:38:37,mlx5_9,0.000,0.000,193.791,194.412
2025-11-15 05:38:37,TOTAL,0.000,0.000,581.760,584.475
2025-11-15 05:38:38,mlx5_0,0.000,0.000,0.000,0.000
2025-11-15 05:38:38,mlx5_1,0.000,0.000,193.538,192.371
2025-11-15 05:38:38,mlx5_2,0.000,0.000,194.431,197.691
2025-11-15 05:38:38,mlx5_3,0.000,0.000,0.000,0.000
2025-11-15 05:38:38,mlx5_4,0.000,0.000,0.000,0.000
2025-11-15 05:38:38,mlx5_5,0.000,0.000,0.000,0.000
2025-11-15 05:38:38,mlx5_6,0.000,0.000,0.000,0.000
2025-11-15 05:38:38,mlx5_7,0.000,0.000,0.000,0.000
2025-11-15 05:38:38,mlx5_8,0.000,0.000,0.000,0.000
2025-11-15 05:38:38,mlx5_9,0.000,0.000,193.791,194.412
2025-11-15 05:38:38,TOTAL,0.000,0.000,581.760,584.475
2025-11-15 05:38:39,mlx5_0,0.000,0.000,0.000,0.000
2025-11-15 05:38:39,mlx5_1,0.000,0.000,193.538,192.371
2025-11-15 05:38:39,mlx5_2,0.000,0.000,194.431,197.691
2025-11-15 05:38:39,mlx5_3,0.000,0.000,0.000,0.000
2025-11-15 05:38:39,mlx5_4,0.000,0.000,0.000,0.000
2025-11-15 05:38:39,mlx5_5,0.000,0.000,0.000,0.000
2025-11-15 05:38:39,mlx5_6,0.000,0.000,0.000,0.000
2025-11-15 05:38:39,mlx5_7,0.000,0.000,0.000,0.000
2025-11-15 05:38:39,mlx5_8,0.000,0.000,0.000,0.000
2025-11-15 05:38:39,mlx5_9,0.000,0.000,193.791,194.412
2025-11-15 05:38:39,TOTAL,0.000,0.000,581.760,584.475
2025-11-15 05:38:40,mlx5_0,0.000,0.000,0.000,0.000
2025-11-15 05:38:40,mlx5_1,0.000,0.000,193.538,192.371
2025-11-15 05:38:40,mlx5_2,0.000,0.000,194.431,197.691
2025-11-15 05:38:40,mlx5_3,0.000,0.000,0.000,0.000
2025-11-15 05:38:40,mlx5_4,0.000,0.000,0.000,0.000
2025-11-15 05:38:40,mlx5_5,0.000,0.000,0.000,0.000
2025-11-15 05:38:40,mlx5_6,0.000,0.000,0.000,0.000
2025-11-15 05:38:40,mlx5_7,0.000,0.000,0.000,0.000
2025-11-15 05:38:40,mlx5_8,0.000,0.000,0.000,0.000
2025-11-15 05:38:40,mlx5_9,0.000,0.000,193.791,194.412
2025-11-15 05:38:40,TOTAL,0.000,0.000,581.760,584.475
2025-11-15 05:38:41,mlx5_0,0.000,0.000,0.000,0.000
2025-11-15 05:38:41,mlx5_1,0.000,0.000,193.538,192.371
2025-11-15 05:38:41,mlx5_2,0.000,0.000,194.431,197.691
2025-11-15 05:38:41,mlx5_3,0.000,0.000,0.000,0.000
2025-11-15 05:38:41,mlx5_4,0.000,0.000,0.000,0.000
2025-11-15 05:38:41,mlx5_5,0.000,0.000,0.000,0.000
2025-11-15 05:38:41,mlx5_6,0.000,0.000,0.000,0.000
2025-11-15 05:38:41,mlx5_7,0.000,0.000,0.000,0.000
2025-11-15 05:38:41,mlx5_8,0.000,0.000,0.000,0.000
2025-11-15 05:38:41,mlx5_9,0.000,0.000,193.791,194.412
2025-11-15 05:38:41,TOTAL,0.000,0.000,581.760,584.475
2025-11-15 05:38:42,mlx5_0,0.000,0.000,0.000,0.000
2025-11-15 05:38:42,mlx5_1,0.000,0.000,193.538,192.371
2025-11-15 05:38:42,mlx5_2,0.000,0.000,194.431,197.691
2025-11-15 05:38:42,mlx5_3,0.000,0.000,0.000,0.000
2025-11-15 05:38:42,mlx5_4,0.000,0.000,0.000,0.000
2025-11-15 05:38:42,mlx5_5,0.000,0.000,0.000,0.000
2025-11-15 05:38:42,mlx5_6,0.000,0.000,0.000,0.000
2025-11-15 05:38:42,mlx5_7,0.000,0.000,0.000,0.000
2025-11-15 05:38:42,mlx5_8,0.000,0.000,0.000,0.000
2025-11-15 05:38:42,mlx5_9,0.000,0.000,193.791,194.412
2025-11-15 05:38:42,TOTAL,0.000,0.000,581.760,584.475
2025-11-15 05:38:43,mlx5_0,0.000,0.000,0.000,0.000
2025-11-15 05:38:43,mlx5_1,0.004,0.004,193.538,192.372
2025-11-15 05:38:43,mlx5_2,0.004,0.004,194.432,197.692
2025-11-15 05:38:43,mlx5_3,0.000,0.000,0.000,0.000
2025-11-15 05:38:43,mlx5_4,0.000,0.000,0.000,0.000
2025-11-15 05:38:43,mlx5_5,0.000,0.000,0.000,0.000
2025-11-15 05:38:43,mlx5_6,0.000,0.000,0.000,0.000
2025-11-15 05:38:43,mlx5_7,0.000,0.000,0.000,0.000
2025-11-15 05:38:43,mlx5_8,0.000,0.000,0.000,0.000
2025-11-15 05:38:43,mlx5_9,0.004,0.004,193.791,194.413
2025-11-15 05:38:43,TOTAL,0.011,0.012,581.761,584.476
2025-11-15 05:38:44,mlx5_0,0.000,0.000,0.000,0.000
2025-11-15 05:38:44,mlx5_1,0.005,0.005,193.539,192.372
2025-11-15 05:38:44,mlx5_2,0.005,0.005,194.432,197.692
2025-11-15 05:38:44,mlx5_3,0.000,0.000,0.000,0.000
2025-11-15 05:38:44,mlx5_4,0.000,0.000,0.000,0.000
2025-11-15 05:38:44,mlx5_5,0.000,0.000,0.000,0.000
2025-11-15 05:38:44,mlx5_6,0.000,0.000,0.000,0.000
2025-11-15 05:38:44,mlx5_7,0.000,0.000,0.000,0.000
2025-11-15 05:38:44,mlx5_8,0.000,0.000,0.000,0.000
2025-11-15 05:38:44,mlx5_9,0.005,0.005,193.792,194.413
2025-11-15 05:38:44,TOTAL,0.014,0.014,581.763,584.478
2025-11-15 05:38:45,mlx5_0,0.000,0.000,0.000,0.000
2025-11-15 05:38:45,mlx5_1,0.000,0.000,193.539,192.372
2025-11-15 05:38:45,mlx5_2,0.000,0.000,194.432,197.692
2025-11-15 05:38:45,mlx5_3,0.000,0.000,0.000,0.000
2025-11-15 05:38:45,mlx5_4,0.000,0.000,0.000,0.000
2025-11-15 05:38:45,mlx5_5,0.000,0.000,0.000,0.000
2025-11-15 05:38:45,mlx5_6,0.000,0.000,0.000,0.000
2025-11-15 05:38:45,mlx5_7,0.000,0.000,0.000,0.000
2025-11-15 05:38:45,mlx5_8,0.000,0.000,0.000,0.000
2025-11-15 05:38:45,mlx5_9,0.000,0.000,193.792,194.413
2025-11-15 05:38:45,TOTAL,0.000,0.000,581.763,584.478
2025-11-15 05:38:46,mlx5_0,0.000,0.000,0.000,0.000
2025-11-15 05:38:46,mlx5_1,0.000,0.000,193.539,192.372
2025-11-15 05:38:46,mlx5_2,0.000,0.000,194.432,197.692
2025-11-15 05:38:46,mlx5_3,0.000,0.000,0.000,0.000
2025-11-15 05:38:46,mlx5_4,0.000,0.000,0.000,0.000
2025-11-15 05:38:46,mlx5_5,0.000,0.000,0.000,0.000
2025-11-15 05:38:46,mlx5_6,0.000,0.000,0.000,0.000
2025-11-15 05:38:46,mlx5_7,0.000,0.000,0.000,0.000
2025-11-15 05:38:46,mlx5_8,0.000,0.000,0.000,0.000
2025-11-15 05:38:46,mlx5_9,0.000,0.000,193.792,194.413
2025-11-15 05:38:46,TOTAL,0.000,0.000,581.763,584.478
2025-11-15 05:38:47,mlx5_0,0.000,0.000,0.000,0.000
2025-11-15 05:38:47,mlx5_1,12.449,0.017,195.101,192.374
2025-11-15 05:38:47,mlx5_2,12.407,0.017,195.989,197.694
2025-11-15 05:38:47,mlx5_3,0.000,0.000,0.000,0.000
2025-11-15 05:38:47,mlx5_4,0.000,0.000,0.000,0.000
2025-11-15 05:38:47,mlx5_5,0.000,0.000,0.000,0.000
2025-11-15 05:38:47,mlx5_6,0.000,0.000,0.000,0.000
2025-11-15 05:38:47,mlx5_7,0.000,0.000,0.000,0.000
2025-11-15 05:38:47,mlx5_8,0.000,0.000,0.000,0.000
2025-11-15 05:38:47,mlx5_9,12.417,0.017,195.350,194.416
2025-11-15 05:38:47,TOTAL,37.272,0.051,586.440,584.484
2025-11-15 05:38:48,mlx5_0,0.000,0.000,0.000,0.000
2025-11-15 05:38:48,mlx5_1,0.000,0.000,195.101,192.374
2025-11-15 05:38:48,mlx5_2,0.000,0.000,195.989,197.694
2025-11-15 05:38:48,mlx5_3,0.000,0.000,0.000,0.000
2025-11-15 05:38:48,mlx5_4,0.000,0.000,0.000,0.000
2025-11-15 05:38:48,mlx5_5,0.000,0.000,0.000,0.000
2025-11-15 05:38:48,mlx5_6,0.000,0.000,0.000,0.000
2025-11-15 05:38:48,mlx5_7,0.000,0.000,0.000,0.000
2025-11-15 05:38:48,mlx5_8,0.000,0.000,0.000,0.000
2025-11-15 05:38:48,mlx5_9,0.000,0.000,195.350,194.416
2025-11-15 05:38:48,TOTAL,0.000,0.000,586.440,584.484
2025-11-15 05:38:49,mlx5_0,0.000,0.000,0.000,0.000
2025-11-15 05:38:49,mlx5_1,0.000,0.000,195.101,192.374
2025-11-15 05:38:49,mlx5_2,0.000,0.000,195.989,197.694
2025-11-15 05:38:49,mlx5_3,0.000,0.000,0.000,0.000
2025-11-15 05:38:49,mlx5_4,0.000,0.000,0.000,0.000
2025-11-15 05:38:49,mlx5_5,0.000,0.000,0.000,0.000
2025-11-15 05:38:49,mlx5_6,0.000,0.000,0.000,0.000
2025-11-15 05:38:49,mlx5_7,0.000,0.000,0.000,0.000
2025-11-15 05:38:49,mlx5_8,0.000,0.000,0.000,0.000
2025-11-15 05:38:49,mlx5_9,0.000,0.000,195.350,194.416
2025-11-15 05:38:49,TOTAL,0.000,0.000,586.440,584.484
2025-11-15 05:38:50,mlx5_0,0.000,0.000,0.000,0.000
2025-11-15 05:38:50,mlx5_1,12.424,0.017,196.660,192.377
2025-11-15 05:38:50,mlx5_2,12.483,0.017,197.556,197.696
2025-11-15 05:38:50,mlx5_3,0.000,0.000,0.000,0.000
2025-11-15 05:38:50,mlx5_4,0.000,0.000,0.000,0.000
2025-11-15 05:38:50,mlx5_5,0.000,0.000,0.000,0.000
2025-11-15 05:38:50,mlx5_6,0.000,0.000,0.000,0.000
2025-11-15 05:38:50,mlx5_7,0.000,0.000,0.000,0.000
2025-11-15 05:38:50,mlx5_8,0.000,0.000,0.000,0.000
2025-11-15 05:38:50,mlx5_9,12.361,0.017,196.901,194.418
2025-11-15 05:38:50,TOTAL,37.268,0.051,591.117,584.491
2025-11-15 05:38:51,mlx5_0,0.000,0.000,0.000,0.000
2025-11-15 05:38:51,mlx5_1,0.000,0.000,196.660,192.377
2025-11-15 05:38:51,mlx5_2,0.000,0.000,197.556,197.696
2025-11-15 05:38:51,mlx5_3,0.000,0.000,0.000,0.000
2025-11-15 05:38:51,mlx5_4,0.000,0.000,0.000,0.000
2025-11-15 05:38:51,mlx5_5,0.000,0.000,0.000,0.000
2025-11-15 05:38:51,mlx5_6,0.000,0.000,0.000,0.000
2025-11-15 05:38:51,mlx5_7,0.000,0.000,0.000,0.000
2025-11-15 05:38:51,mlx5_8,0.000,0.000,0.000,0.000
2025-11-15 05:38:51,mlx5_9,0.000,0.000,196.901,194.418
2025-11-15 05:38:51,TOTAL,0.000,0.000,591.117,584.491
2025-11-15 05:38:52,mlx5_0,0.000,0.000,0.000,0.000
2025-11-15 05:38:52,mlx5_1,0.000,0.000,196.660,192.377
2025-11-15 05:38:52,mlx5_2,0.000,0.000,197.556,197.696
2025-11-15 05:38:52,mlx5_3,0.000,0.000,0.000,0.000
2025-11-15 05:38:52,mlx5_4,0.000,0.000,0.000,0.000
2025-11-15 05:38:52,mlx5_5,0.000,0.000,0.000,0.000
2025-11-15 05:38:52,mlx5_6,0.000,0.000,0.000,0.000
2025-11-15 05:38:52,mlx5_7,0.000,0.000,0.000,0.000
2025-11-15 05:38:52,mlx5_8,0.000,0.000,0.000,0.000
2025-11-15 05:38:52,mlx5_9,0.000,0.000,196.901,194.418
2025-11-15 05:38:52,TOTAL,0.000,0.000,591.117,584.491
2025-11-15 05:38:53,mlx5_0,0.000,0.000,0.000,0.000
2025-11-15 05:38:53,mlx5_1,0.000,0.000,196.660,192.377
2025-11-15 05:38:53,mlx5_2,0.000,0.000,197.556,197.696
2025-11-15 05:38:53,mlx5_3,0.000,0.000,0.000,0.000
2025-11-15 05:38:53,mlx5_4,0.000,0.000,0.000,0.000
2025-11-15 05:38:53,mlx5_5,0.000,0.000,0.000,0.000
2025-11-15 05:38:53,mlx5_6,0.000,0.000,0.000,0.000
2025-11-15 05:38:53,mlx5_7,0.000,0.000,0.000,0.000
2025-11-15 05:38:53,mlx5_8,0.000,0.000,0.000,0.000
2025-11-15 05:38:53,mlx5_9,0.000,0.000,196.901,194.418
2025-11-15 05:38:53,TOTAL,0.000,0.000,591.117,584.491
2025-11-15 05:38:54,mlx5_0,0.000,0.000,0.000,0.000
2025-11-15 05:38:54,mlx5_1,12.477,0.017,198.226,192.379
2025-11-15 05:38:54,mlx5_2,12.421,0.017,199.114,197.699
2025-11-15 05:38:54,mlx5_3,0.000,0.000,0.000,0.000
2025-11-15 05:38:54,mlx5_4,0.000,0.000,0.000,0.000
2025-11-15 05:38:54,mlx5_5,0.000,0.000,0.000,0.000
2025-11-15 05:38:54,mlx5_6,0.000,0.000,0.000,0.000
2025-11-15 05:38:54,mlx5_7,0.000,0.000,0.000,0.000
2025-11-15 05:38:54,mlx5_8,0.000,0.000,0.000,0.000
2025-11-15 05:38:54,mlx5_9,12.376,0.017,198.454,194.420
2025-11-15 05:38:54,TOTAL,37.274,0.051,595.794,584.497
2025-11-15 05:38:55,mlx5_0,0.000,0.000,0.000,0.000
2025-11-15 05:38:55,mlx5_1,0.000,0.000,198.226,192.379
2025-11-15 05:38:55,mlx5_2,0.000,0.000,199.114,197.699
2025-11-15 05:38:55,mlx5_3,0.000,0.000,0.000,0.000
2025-11-15 05:38:55,mlx5_4,0.000,0.000,0.000,0.000
2025-11-15 05:38:55,mlx5_5,0.000,0.000,0.000,0.000
2025-11-15 05:38:55,mlx5_6,0.000,0.000,0.000,0.000
2025-11-15 05:38:55,mlx5_7,0.000,0.000,0.000,0.000
2025-11-15 05:38:55,mlx5_8,0.000,0.000,0.000,0.000
2025-11-15 05:38:55,mlx5_9,0.000,0.000,198.454,194.420
2025-11-15 05:38:55,TOTAL,0.000,0.000,595.794,584.497
2025-11-15 05:38:56,mlx5_0,0.000,0.000,0.000,0.000
2025-11-15 05:38:56,mlx5_1,0.000,0.000,198.226,192.379
2025-11-15 05:38:56,mlx5_2,0.000,0.000,199.114,197.699
2025-11-15 05:38:56,mlx5_3,0.000,0.000,0.000,0.000
2025-11-15 05:38:56,mlx5_4,0.000,0.000,0.000,0.000
2025-11-15 05:38:56,mlx5_5,0.000,0.000,0.000,0.000
2025-11-15 05:38:56,mlx5_6,0.000,0.000,0.000,0.000
2025-11-15 05:38:56,mlx5_7,0.000,0.000,0.000,0.000
2025-11-15 05:38:56,mlx5_8,0.000,0.000,0.000,0.000
2025-11-15 05:38:56,mlx5_9,0.000,0.000,198.454,194.420
2025-11-15 05:38:56,TOTAL,0.000,0.000,595.794,584.497
2025-11-15 05:38:57,mlx5_0,0.000,0.000,0.000,0.000
2025-11-15 05:38:57,mlx5_1,0.000,0.000,198.226,192.379
2025-11-15 05:38:57,mlx5_2,0.000,0.000,199.114,197.699
2025-11-15 05:38:57,mlx5_3,0.000,0.000,0.000,0.000
2025-11-15 05:38:57,mlx5_4,0.000,0.000,0.000,0.000
2025-11-15 05:38:57,mlx5_5,0.000,0.000,0.000,0.000
2025-11-15 05:38:57,mlx5_6,0.000,0.000,0.000,0.000
2025-11-15 05:38:57,mlx5_7,0.000,0.000,0.000,0.000
2025-11-15 05:38:57,mlx5_8,0.000,0.000,0.000,0.000
2025-11-15 05:38:57,mlx5_9,0.000,0.000,198.454,194.420
2025-11-15 05:38:57,TOTAL,0.000,0.000,595.794,584.497
2025-11-15 05:38:58,mlx5_0,0.000,0.000,0.000,0.000
2025-11-15 05:38:58,mlx5_1,12.312,0.017,199.771,192.381
2025-11-15 05:38:58,mlx5_2,12.434,0.017,200.674,197.701
2025-11-15 05:38:58,mlx5_3,0.000,0.000,0.000,0.000
2025-11-15 05:38:58,mlx5_4,0.000,0.000,0.000,0.000
2025-11-15 05:38:58,mlx5_5,0.000,0.000,0.000,0.000
2025-11-15 05:38:58,mlx5_6,0.000,0.000,0.000,0.000
2025-11-15 05:38:58,mlx5_7,0.000,0.000,0.000,0.000
2025-11-15 05:38:58,mlx5_8,0.000,0.000,0.000,0.000
2025-11-15 05:38:58,mlx5_9,12.523,0.017,200.026,194.422
2025-11-15 05:38:58,TOTAL,37.269,0.051,600.471,584.503
2025-11-15 05:38:59,mlx5_0,0.000,0.000,0.000,0.000
2025-11-15 05:38:59,mlx5_1,0.000,0.000,199.771,192.381
2025-11-15 05:38:59,mlx5_2,0.000,0.000,200.674,197.701
2025-11-15 05:38:59,mlx5_3,0.000,0.000,0.000,0.000
2025-11-15 05:38:59,mlx5_4,0.000,0.000,0.000,0.000
2025-11-15 05:38:59,mlx5_5,0.000,0.000,0.000,0.000
2025-11-15 05:38:59,mlx5_6,0.000,0.000,0.000,0.000
2025-11-15 05:38:59,mlx5_7,0.000,0.000,0.000,0.000
2025-11-15 05:38:59,mlx5_8,0.000,0.000,0.000,0.000
2025-11-15 05:38:59,mlx5_9,0.000,0.000,200.026,194.422
2025-11-15 05:38:59,TOTAL,0.000,0.000,600.471,584.503
2025-11-15 05:39:00,mlx5_0,0.000,0.000,0.000,0.000
2025-11-15 05:39:00,mlx5_1,0.000,0.000,199.771,192.381
2025-11-15 05:39:00,mlx5_2,0.000,0.000,200.674,197.701
2025-11-15 05:39:00,mlx5_3,0.000,0.000,0.000,0.000
2025-11-15 05:39:00,mlx5_4,0.000,0.000,0.000,0.000
2025-11-15 05:39:00,mlx5_5,0.000,0.000,0.000,0.000
2025-11-15 05:39:00,mlx5_6,0.000,0.000,0.000,0.000
2025-11-15 05:39:00,mlx5_7,0.000,0.000,0.000,0.000
2025-11-15 05:39:00,mlx5_8,0.000,0.000,0.000,0.000
2025-11-15 05:39:00,mlx5_9,0.000,0.000,200.026,194.422
2025-11-15 05:39:00,TOTAL,0.000,0.000,600.471,584.503
2025-11-15 05:39:01,mlx5_0,0.000,0.000,0.000,0.000
2025-11-15 05:39:01,mlx5_1,0.000,0.000,199.771,192.381
2025-11-15 05:39:01,mlx5_2,0.000,0.000,200.674,197.701
2025-11-15 05:39:01,mlx5_3,0.000,0.000,0.000,0.000
2025-11-15 05:39:01,mlx5_4,0.000,0.000,0.000,0.000
2025-11-15 05:39:01,mlx5_5,0.000,0.000,0.000,0.000
2025-11-15 05:39:01,mlx5_6,0.000,0.000,0.000,0.000
2025-11-15 05:39:01,mlx5_7,0.000,0.000,0.000,0.000
2025-11-15 05:39:01,mlx5_8,0.000,0.000,0.000,0.000
2025-11-15 05:39:01,mlx5_9,0.000,0.000,200.026,194.422
2025-11-15 05:39:01,TOTAL,0.000,0.000,600.471,584.503
2025-11-15 05:39:02,mlx5_0,0.000,0.000,0.000,0.000
2025-11-15 05:39:02,mlx5_1,12.433,0.017,201.331,192.383
2025-11-15 05:39:02,mlx5_2,12.422,0.017,202.233,197.703
2025-11-15 05:39:02,mlx5_3,0.000,0.000,0.000,0.000
2025-11-15 05:39:02,mlx5_4,0.000,0.000,0.000,0.000
2025-11-15 05:39:02,mlx5_5,0.000,0.000,0.000,0.000
2025-11-15 05:39:02,mlx5_6,0.000,0.000,0.000,0.000
2025-11-15 05:39:02,mlx5_7,0.000,0.000,0.000,0.000
2025-11-15 05:39:02,mlx5_8,0.000,0.000,0.000,0.000
2025-11-15 05:39:02,mlx5_9,12.416,0.017,201.584,194.424
2025-11-15 05:39:02,TOTAL,37.271,0.051,605.148,584.510
2025-11-15 05:39:03,mlx5_0,0.000,0.000,0.000,0.000
2025-11-15 05:39:03,mlx5_1,0.000,0.000,201.331,192.383
2025-11-15 05:39:03,mlx5_2,0.000,0.000,202.233,197.703
2025-11-15 05:39:03,mlx5_3,0.000,0.000,0.000,0.000
2025-11-15 05:39:03,mlx5_4,0.000,0.000,0.000,0.000
2025-11-15 05:39:03,mlx5_5,0.000,0.000,0.000,0.000
2025-11-15 05:39:03,mlx5_6,0.000,0.000,0.000,0.000
2025-11-15 05:39:03,mlx5_7,0.000,0.000,0.000,0.000
2025-11-15 05:39:03,mlx5_8,0.000,0.000,0.000,0.000
2025-11-15 05:39:03,mlx5_9,0.000,0.000,201.584,194.424
2025-11-15 05:39:03,TOTAL,0.000,0.000,605.148,584.510
2025-11-15 05:39:04,mlx5_0,0.000,0.000,0.000,0.000
2025-11-15 05:39:04,mlx5_1,0.000,0.000,201.331,192.383
2025-11-15 05:39:04,mlx5_2,0.000,0.000,202.233,197.703
2025-11-15 05:39:04,mlx5_3,0.000,0.000,0.000,0.000
2025-11-15 05:39:04,mlx5_4,0.000,0.000,0.000,0.000
2025-11-15 05:39:04,mlx5_5,0.000,0.000,0.000,0.000
2025-11-15 05:39:04,mlx5_6,0.000,0.000,0.000,0.000
2025-11-15 05:39:04,mlx5_7,0.000,0.000,0.000,0.000
2025-11-15 05:39:04,mlx5_8,0.000,0.000,0.000,0.000
2025-11-15 05:39:04,mlx5_9,0.000,0.000,201.584,194.424
2025-11-15 05:39:04,TOTAL,0.000,0.000,605.148,584.510
2025-11-15 05:39:05,mlx5_0,0.000,0.000,0.000,0.000
2025-11-15 05:39:05,mlx5_1,0.000,0.000,201.331,192.383
2025-11-15 05:39:05,mlx5_2,0.000,0.000,202.233,197.703
2025-11-15 05:39:05,mlx5_3,0.000,0.000,0.000,0.000
2025-11-15 05:39:05,mlx5_4,0.000,0.000,0.000,0.000
2025-11-15 05:39:05,mlx5_5,0.000,0.000,0.000,0.000
2025-11-15 05:39:05,mlx5_6,0.000,0.000,0.000,0.000
2025-11-15 05:39:05,mlx5_7,0.000,0.000,0.000,0.000
2025-11-15 05:39:05,mlx5_8,0.000,0.000,0.000,0.000
2025-11-15 05:39:05,mlx5_9,0.000,0.000,201.584,194.424
2025-11-15 05:39:05,TOTAL,0.000,0.000,605.148,584.510
2025-11-15 05:39:06,mlx5_0,0.000,0.000,0.000,0.000
2025-11-15 05:39:06,mlx5_1,0.000,0.000,201.331,192.383
2025-11-15 05:39:06,mlx5_2,0.000,0.000,202.233,197.703
2025-11-15 05:39:06,mlx5_3,0.000,0.000,0.000,0.000
2025-11-15 05:39:06,mlx5_4,0.000,0.000,0.000,0.000
2025-11-15 05:39:06,mlx5_5,0.000,0.000,0.000,0.000
2025-11-15 05:39:06,mlx5_6,0.000,0.000,0.000,0.000
2025-11-15 05:39:06,mlx5_7,0.000,0.000,0.000,0.000
2025-11-15 05:39:06,mlx5_8,0.000,0.000,0.000,0.000
2025-11-15 05:39:06,mlx5_9,0.000,0.000,201.584,194.424
2025-11-15 05:39:06,TOTAL,0.000,0.000,605.148,584.510
2025-11-15 05:39:07,mlx5_0,0.000,0.000,0.000,0.000
2025-11-15 05:39:07,mlx5_1,12.327,0.017,202.876,192.385
2025-11-15 05:39:07,mlx5_2,12.256,0.017,203.770,197.705
2025-11-15 05:39:07,mlx5_3,0.000,0.000,0.000,0.000
2025-11-15 05:39:07,mlx5_4,0.000,0.000,0.000,0.000
2025-11-15 05:39:07,mlx5_5,0.000,0.000,0.000,0.000
2025-11-15 05:39:07,mlx5_6,0.000,0.000,0.000,0.000
2025-11-15 05:39:07,mlx5_7,0.000,0.000,0.000,0.000
2025-11-15 05:39:07,mlx5_8,0.000,0.000,0.000,0.000
2025-11-15 05:39:07,mlx5_9,12.720,0.017,203.178,194.426
2025-11-15 05:39:07,TOTAL,37.303,0.051,609.825,584.516
2025-11-15 05:39:08,mlx5_0,0.000,0.000,0.000,0.000
2025-11-15 05:39:08,mlx5_1,1.788,0.003,203.101,192.385
2025-11-15 05:39:08,mlx5_2,1.798,0.003,203.995,197.705
2025-11-15 05:39:08,mlx5_3,0.000,0.000,0.000,0.000
2025-11-15 05:39:08,mlx5_4,0.000,0.000,0.000,0.000
2025-11-15 05:39:08,mlx5_5,0.000,0.000,0.000,0.000
2025-11-15 05:39:08,mlx5_6,0.000,0.000,0.000,0.000
2025-11-15 05:39:08,mlx5_7,0.000,0.000,0.000,0.000
2025-11-15 05:39:08,mlx5_8,0.000,0.000,0.000,0.000
2025-11-15 05:39:08,mlx5_9,1.801,0.002,203.404,194.426
2025-11-15 05:39:08,TOTAL,5.387,0.008,610.501,584.517
2025-11-15 05:39:09,mlx5_0,0.000,0.000,0.000,0.000
2025-11-15 05:39:09,mlx5_1,0.045,28.285,203.106,195.935
2025-11-15 05:39:09,mlx5_2,0.046,28.873,204.001,201.329
2025-11-15 05:39:09,mlx5_3,0.000,0.000,0.000,0.000
2025-11-15 05:39:09,mlx5_4,0.000,0.000,0.000,0.000
2025-11-15 05:39:09,mlx5_5,0.000,0.000,0.000,0.000
2025-11-15 05:39:09,mlx5_6,0.000,0.000,0.000,0.000
2025-11-15 05:39:09,mlx5_7,0.000,0.000,0.000,0.000
2025-11-15 05:39:09,mlx5_8,0.000,0.000,0.000,0.000
2025-11-15 05:39:09,mlx5_9,0.046,28.631,203.410,198.019
2025-11-15 05:39:09,TOTAL,0.136,85.790,610.518,595.283
2025-11-15 05:39:10,mlx5_0,0.000,0.000,0.000,0.000
2025-11-15 05:39:10,mlx5_1,0.061,47.317,203.114,201.875
2025-11-15 05:39:10,mlx5_2,0.063,48.632,204.009,207.434
2025-11-15 05:39:10,mlx5_3,0.000,0.000,0.000,0.000
2025-11-15 05:39:10,mlx5_4,0.000,0.000,0.000,0.000
2025-11-15 05:39:10,mlx5_5,0.000,0.000,0.000,0.000
2025-11-15 05:39:10,mlx5_6,0.000,0.000,0.000,0.000
2025-11-15 05:39:10,mlx5_7,0.000,0.000,0.000,0.000
2025-11-15 05:39:10,mlx5_8,0.000,0.000,0.000,0.000
2025-11-15 05:39:10,mlx5_9,0.062,47.517,203.418,203.985
2025-11-15 05:39:10,TOTAL,0.186,143.467,610.541,613.293
2025-11-15 05:39:11,mlx5_0,0.000,0.000,0.000,0.000
2025-11-15 05:39:11,mlx5_1,0.008,0.009,203.115,201.876
2025-11-15 05:39:11,mlx5_2,0.009,0.009,204.010,207.435
2025-11-15 05:39:11,mlx5_3,0.000,0.000,0.000,0.000
2025-11-15 05:39:11,mlx5_4,0.000,0.000,0.000,0.000
2025-11-15 05:39:11,mlx5_5,0.000,0.000,0.000,0.000
2025-11-15 05:39:11,mlx5_6,0.000,0.000,0.000,0.000
2025-11-15 05:39:11,mlx5_7,0.000,0.000,0.000,0.000
2025-11-15 05:39:11,mlx5_8,0.000,0.000,0.000,0.000
2025-11-15 05:39:11,mlx5_9,0.008,0.009,203.419,203.986
2025-11-15 05:39:11,TOTAL,0.025,0.026,610.544,613.296
2025-11-15 05:39:12,mlx5_0,0.000,0.000,0.000,0.000
2025-11-15 05:39:12,mlx5_1,0.000,0.000,203.115,201.876
2025-11-15 05:39:12,mlx5_2,0.000,0.000,204.010,207.435
2025-11-15 05:39:12,mlx5_3,0.000,0.000,0.000,0.000
2025-11-15 05:39:12,mlx5_4,0.000,0.000,0.000,0.000
2025-11-15 05:39:12,mlx5_5,0.000,0.000,0.000,0.000
2025-11-15 05:39:12,mlx5_6,0.000,0.000,0.000,0.000
2025-11-15 05:39:12,mlx5_7,0.000,0.000,0.000,0.000
2025-11-15 05:39:12,mlx5_8,0.000,0.000,0.000,0.000
2025-11-15 05:39:12,mlx5_9,0.000,0.000,203.419,203.986
2025-11-15 05:39:12,TOTAL,0.000,0.000,610.544,613.296
2025-11-15 05:39:13,mlx5_0,0.000,0.000,0.000,0.000
2025-11-15 05:39:13,mlx5_1,0.000,0.000,203.115,201.876
2025-11-15 05:39:13,mlx5_2,0.000,0.000,204.010,207.435
2025-11-15 05:39:13,mlx5_3,0.000,0.000,0.000,0.000
2025-11-15 05:39:13,mlx5_4,0.000,0.000,0.000,0.000
2025-11-15 05:39:13,mlx5_5,0.000,0.000,0.000,0.000
2025-11-15 05:39:13,mlx5_6,0.000,0.000,0.000,0.000
2025-11-15 05:39:13,mlx5_7,0.000,0.000,0.000,0.000
2025-11-15 05:39:13,mlx5_8,0.000,0.000,0.000,0.000
2025-11-15 05:39:13,mlx5_9,0.000,0.000,203.419,203.986
2025-11-15 05:39:13,TOTAL,0.000,0.000,610.544,613.296
2025-11-15 05:39:14,mlx5_0,0.000,0.000,0.000,0.000
2025-11-15 05:39:14,mlx5_1,12.392,0.017,204.670,201.878
2025-11-15 05:39:14,mlx5_2,12.469,0.017,205.575,207.437
2025-11-15 05:39:14,mlx5_3,0.000,0.000,0.000,0.000
2025-11-15 05:39:14,mlx5_4,0.000,0.000,0.000,0.000
2025-11-15 05:39:14,mlx5_5,0.000,0.000,0.000,0.000
2025-11-15 05:39:14,mlx5_6,0.000,0.000,0.000,0.000
2025-11-15 05:39:14,mlx5_7,0.000,0.000,0.000,0.000
2025-11-15 05:39:14,mlx5_8,0.000,0.000,0.000,0.000
2025-11-15 05:39:14,mlx5_9,12.412,0.017,204.976,203.988
2025-11-15 05:39:14,TOTAL,37.273,0.051,615.221,613.303
2025-11-15 05:39:15,mlx5_0,0.000,0.000,0.000,0.000
2025-11-15 05:39:15,mlx5_1,0.000,0.000,204.670,201.878
2025-11-15 05:39:15,mlx5_2,0.000,0.000,205.575,207.437
2025-11-15 05:39:15,mlx5_3,0.000,0.000,0.000,0.000
2025-11-15 05:39:15,mlx5_4,0.000,0.000,0.000,0.000
2025-11-15 05:39:15,mlx5_5,0.000,0.000,0.000,0.000
2025-11-15 05:39:15,mlx5_6,0.000,0.000,0.000,0.000
2025-11-15 05:39:15,mlx5_7,0.000,0.000,0.000,0.000
2025-11-15 05:39:15,mlx5_8,0.000,0.000,0.000,0.000
2025-11-15 05:39:15,mlx5_9,0.000,0.000,204.976,203.988
2025-11-15 05:39:15,TOTAL,0.000,0.000,615.221,613.303
2025-11-15 05:39:16,mlx5_0,0.000,0.000,0.000,0.000
2025-11-15 05:39:16,mlx5_1,0.000,0.000,204.670,201.878
2025-11-15 05:39:16,mlx5_2,0.000,0.000,205.575,207.437
2025-11-15 05:39:16,mlx5_3,0.000,0.000,0.000,0.000
2025-11-15 05:39:16,mlx5_4,0.000,0.000,0.000,0.000
2025-11-15 05:39:16,mlx5_5,0.000,0.000,0.000,0.000
2025-11-15 05:39:16,mlx5_6,0.000,0.000,0.000,0.000
2025-11-15 05:39:16,mlx5_7,0.000,0.000,0.000,0.000
2025-11-15 05:39:16,mlx5_8,0.000,0.000,0.000,0.000
2025-11-15 05:39:16,mlx5_9,0.000,0.000,204.976,203.988
2025-11-15 05:39:16,TOTAL,0.000,0.000,615.221,613.303
2025-11-15 05:39:17,mlx5_0,0.000,0.000,0.000,0.000
2025-11-15 05:39:17,mlx5_1,9.301,0.013,205.837,201.880
2025-11-15 05:39:17,mlx5_2,9.379,0.013,206.752,207.438
2025-11-15 05:39:17,mlx5_3,0.000,0.000,0.000,0.000
2025-11-15 05:39:17,mlx5_4,0.000,0.000,0.000,0.000
2025-11-15 05:39:17,mlx5_5,0.000,0.000,0.000,0.000
2025-11-15 05:39:17,mlx5_6,0.000,0.000,0.000,0.000
2025-11-15 05:39:17,mlx5_7,0.000,0.000,0.000,0.000
2025-11-15 05:39:17,mlx5_8,0.000,0.000,0.000,0.000
2025-11-15 05:39:17,mlx5_9,9.390,0.013,206.155,203.989
2025-11-15 05:39:17,TOTAL,28.069,0.038,618.744,613.307
2025-11-15 05:39:18,mlx5_0,0.000,0.000,0.000,0.000
2025-11-15 05:39:18,mlx5_1,3.160,0.004,206.234,201.880
2025-11-15 05:39:18,mlx5_2,3.063,0.004,207.136,207.439
2025-11-15 05:39:18,mlx5_3,0.000,0.000,0.000,0.000
2025-11-15 05:39:18,mlx5_4,0.000,0.000,0.000,0.000
2025-11-15 05:39:18,mlx5_5,0.000,0.000,0.000,0.000
2025-11-15 05:39:18,mlx5_6,0.000,0.000,0.000,0.000
2025-11-15 05:39:18,mlx5_7,0.000,0.000,0.000,0.000
2025-11-15 05:39:18,mlx5_8,0.000,0.000,0.000,0.000
2025-11-15 05:39:18,mlx5_9,2.974,0.004,206.528,203.990
2025-11-15 05:39:18,TOTAL,9.196,0.012,619.898,613.309
2025-11-15 05:39:19,mlx5_0,0.000,0.000,0.000,0.000
2025-11-15 05:39:19,mlx5_1,0.000,0.000,206.234,201.880
2025-11-15 05:39:19,mlx5_2,0.000,0.000,207.136,207.439
2025-11-15 05:39:19,mlx5_3,0.000,0.000,0.000,0.000
2025-11-15 05:39:19,mlx5_4,0.000,0.000,0.000,0.000
2025-11-15 05:39:19,mlx5_5,0.000,0.000,0.000,0.000
2025-11-15 05:39:19,mlx5_6,0.000,0.000,0.000,0.000
2025-11-15 05:39:19,mlx5_7,0.000,0.000,0.000,0.000
2025-11-15 05:39:19,mlx5_8,0.000,0.000,0.000,0.000
2025-11-15 05:39:19,mlx5_9,0.000,0.000,206.528,203.990
2025-11-15 05:39:19,TOTAL,0.000,0.000,619.898,613.309
2025-11-15 05:39:20,mlx5_0,0.000,0.000,0.000,0.000
2025-11-15 05:39:20,mlx5_1,0.000,0.000,206.234,201.880
2025-11-15 05:39:20,mlx5_2,0.000,0.000,207.136,207.439
2025-11-15 05:39:20,mlx5_3,0.000,0.000,0.000,0.000
2025-11-15 05:39:20,mlx5_4,0.000,0.000,0.000,0.000
2025-11-15 05:39:20,mlx5_5,0.000,0.000,0.000,0.000
2025-11-15 05:39:20,mlx5_6,0.000,0.000,0.000,0.000
2025-11-15 05:39:20,mlx5_7,0.000,0.000,0.000,0.000
2025-11-15 05:39:20,mlx5_8,0.000,0.000,0.000,0.000
2025-11-15 05:39:20,mlx5_9,0.000,0.000,206.528,203.990
2025-11-15 05:39:20,TOTAL,0.000,0.000,619.898,613.309
2025-11-15 05:39:21,mlx5_0,0.000,0.000,0.000,0.000
2025-11-15 05:39:21,mlx5_1,12.415,0.017,207.792,201.882
2025-11-15 05:39:21,mlx5_2,12.395,0.017,208.691,207.441
2025-11-15 05:39:21,mlx5_3,0.000,0.000,0.000,0.000
2025-11-15 05:39:21,mlx5_4,0.000,0.000,0.000,0.000
2025-11-15 05:39:21,mlx5_5,0.000,0.000,0.000,0.000
2025-11-15 05:39:21,mlx5_6,0.000,0.000,0.000,0.000
2025-11-15 05:39:21,mlx5_7,0.000,0.000,0.000,0.000
2025-11-15 05:39:21,mlx5_8,0.000,0.000,0.000,0.000
2025-11-15 05:39:21,mlx5_9,12.461,0.017,208.092,203.992
2025-11-15 05:39:21,TOTAL,37.271,0.051,624.575,613.315
2025-11-15 05:39:22,mlx5_0,0.000,0.000,0.000,0.000
2025-11-15 05:39:22,mlx5_1,0.000,0.000,207.792,201.882
2025-11-15 05:39:22,mlx5_2,0.000,0.000,208.691,207.441
2025-11-15 05:39:22,mlx5_3,0.000,0.000,0.000,0.000
2025-11-15 05:39:22,mlx5_4,0.000,0.000,0.000,0.000
2025-11-15 05:39:22,mlx5_5,0.000,0.000,0.000,0.000
2025-11-15 05:39:22,mlx5_6,0.000,0.000,0.000,0.000
2025-11-15 05:39:22,mlx5_7,0.000,0.000,0.000,0.000
2025-11-15 05:39:22,mlx5_8,0.000,0.000,0.000,0.000
2025-11-15 05:39:22,mlx5_9,0.000,0.000,208.092,203.992
2025-11-15 05:39:22,TOTAL,0.000,0.000,624.575,613.315
2025-11-15 05:39:23,mlx5_0,0.000,0.000,0.000,0.000
2025-11-15 05:39:23,mlx5_1,0.000,0.000,207.792,201.882
2025-11-15 05:39:23,mlx5_2,0.000,0.000,208.691,207.441
2025-11-15 05:39:23,mlx5_3,0.000,0.000,0.000,0.000
2025-11-15 05:39:23,mlx5_4,0.000,0.000,0.000,0.000
2025-11-15 05:39:23,mlx5_5,0.000,0.000,0.000,0.000
2025-11-15 05:39:23,mlx5_6,0.000,0.000,0.000,0.000
2025-11-15 05:39:23,mlx5_7,0.000,0.000,0.000,0.000
2025-11-15 05:39:23,mlx5_8,0.000,0.000,0.000,0.000
2025-11-15 05:39:23,mlx5_9,0.000,0.000,208.092,203.992
2025-11-15 05:39:23,TOTAL,0.000,0.000,624.575,613.315
2025-11-15 05:39:24,mlx5_0,0.000,0.000,0.000,0.000
2025-11-15 05:39:24,mlx5_1,0.000,0.000,207.792,201.882
2025-11-15 05:39:24,mlx5_2,0.000,0.000,208.691,207.441
2025-11-15 05:39:24,mlx5_3,0.000,0.000,0.000,0.000
2025-11-15 05:39:24,mlx5_4,0.000,0.000,0.000,0.000
2025-11-15 05:39:24,mlx5_5,0.000,0.000,0.000,0.000
2025-11-15 05:39:24,mlx5_6,0.000,0.000,0.000,0.000
2025-11-15 05:39:24,mlx5_7,0.000,0.000,0.000,0.000
2025-11-15 05:39:24,mlx5_8,0.000,0.000,0.000,0.000
2025-11-15 05:39:24,mlx5_9,0.000,0.000,208.092,203.992
2025-11-15 05:39:24,TOTAL,0.000,0.000,624.575,613.315
2025-11-15 05:39:25,mlx5_0,0.000,0.000,0.000,0.000
2025-11-15 05:39:25,mlx5_1,12.275,0.017,209.331,201.884
2025-11-15 05:39:25,mlx5_2,12.475,0.017,210.255,207.443
2025-11-15 05:39:25,mlx5_3,0.000,0.000,0.000,0.000
2025-11-15 05:39:25,mlx5_4,0.000,0.000,0.000,0.000
2025-11-15 05:39:25,mlx5_5,0.000,0.000,0.000,0.000
2025-11-15 05:39:25,mlx5_6,0.000,0.000,0.000,0.000
2025-11-15 05:39:25,mlx5_7,0.000,0.000,0.000,0.000
2025-11-15 05:39:25,mlx5_8,0.000,0.000,0.000,0.000
2025-11-15 05:39:25,mlx5_9,12.558,0.017,209.666,203.994
2025-11-15 05:39:25,TOTAL,37.308,0.051,629.252,613.322
2025-11-15 05:39:26,mlx5_0,0.000,0.000,0.000,0.000
2025-11-15 05:39:26,mlx5_1,0.000,0.000,209.331,201.884
2025-11-15 05:39:26,mlx5_2,0.000,0.000,210.255,207.443
2025-11-15 05:39:26,mlx5_3,0.000,0.000,0.000,0.000
2025-11-15 05:39:26,mlx5_4,0.000,0.000,0.000,0.000
2025-11-15 05:39:26,mlx5_5,0.000,0.000,0.000,0.000
2025-11-15 05:39:26,mlx5_6,0.000,0.000,0.000,0.000
2025-11-15 05:39:26,mlx5_7,0.000,0.000,0.000,0.000
2025-11-15 05:39:26,mlx5_8,0.000,0.000,0.000,0.000
2025-11-15 05:39:26,mlx5_9,0.000,0.000,209.666,203.994
2025-11-15 05:39:26,TOTAL,0.000,0.000,629.252,613.322
2025-11-15 05:39:27,mlx5_0,0.000,0.000,0.000,0.000
2025-11-15 05:39:27,mlx5_1,0.000,0.000,209.331,201.884
2025-11-15 05:39:27,mlx5_2,0.000,0.000,210.255,207.443
2025-11-15 05:39:27,mlx5_3,0.000,0.000,0.000,0.000
2025-11-15 05:39:27,mlx5_4,0.000,0.000,0.000,0.000
2025-11-15 05:39:27,mlx5_5,0.000,0.000,0.000,0.000
2025-11-15 05:39:27,mlx5_6,0.000,0.000,0.000,0.000
2025-11-15 05:39:27,mlx5_7,0.000,0.000,0.000,0.000
2025-11-15 05:39:27,mlx5_8,0.000,0.000,0.000,0.000
2025-11-15 05:39:27,mlx5_9,0.000,0.000,209.666,203.994
2025-11-15 05:39:27,TOTAL,0.000,0.000,629.252,613.322
2025-11-15 05:39:28,mlx5_0,0.000,0.000,0.000,0.000
2025-11-15 05:39:28,mlx5_1,0.000,0.000,209.331,201.884
2025-11-15 05:39:28,mlx5_2,0.000,0.000,210.255,207.443
2025-11-15 05:39:28,mlx5_3,0.000,0.000,0.000,0.000
2025-11-15 05:39:28,mlx5_4,0.000,0.000,0.000,0.000
2025-11-15 05:39:28,mlx5_5,0.000,0.000,0.000,0.000
2025-11-15 05:39:28,mlx5_6,0.000,0.000,0.000,0.000
2025-11-15 05:39:28,mlx5_7,0.000,0.000,0.000,0.000
2025-11-15 05:39:28,mlx5_8,0.000,0.000,0.000,0.000
2025-11-15 05:39:28,mlx5_9,0.000,0.000,209.666,203.994
2025-11-15 05:39:28,TOTAL,0.000,0.000,629.252,613.322
2025-11-15 05:39:29,mlx5_0,0.000,0.000,0.000,0.000
2025-11-15 05:39:29,mlx5_1,7.427,0.010,210.263,201.886
2025-11-15 05:39:29,mlx5_2,7.447,0.011,211.190,207.445
2025-11-15 05:39:29,mlx5_3,0.000,0.000,0.000,0.000
2025-11-15 05:39:29,mlx5_4,0.000,0.000,0.000,0.000
2025-11-15 05:39:29,mlx5_5,0.000,0.000,0.000,0.000
2025-11-15 05:39:29,mlx5_6,0.000,0.000,0.000,0.000
2025-11-15 05:39:29,mlx5_7,0.000,0.000,0.000,0.000
2025-11-15 05:39:29,mlx5_8,0.000,0.000,0.000,0.000
2025-11-15 05:39:29,mlx5_9,7.525,0.011,210.610,203.995
2025-11-15 05:39:29,TOTAL,22.399,0.031,632.062,613.325
2025-11-15 05:39:30,mlx5_0,0.000,0.000,0.000,0.000
2025-11-15 05:39:30,mlx5_1,4.935,0.007,210.882,201.886
2025-11-15 05:39:30,mlx5_2,5.081,0.007,211.827,207.445
2025-11-15 05:39:30,mlx5_3,0.000,0.000,0.000,0.000
2025-11-15 05:39:30,mlx5_4,0.000,0.000,0.000,0.000
2025-11-15 05:39:30,mlx5_5,0.000,0.000,0.000,0.000
2025-11-15 05:39:30,mlx5_6,0.000,0.000,0.000,0.000
2025-11-15 05:39:30,mlx5_7,0.000,0.000,0.000,0.000
2025-11-15 05:39:30,mlx5_8,0.000,0.000,0.000,0.000
2025-11-15 05:39:30,mlx5_9,4.852,0.006,211.219,203.996
2025-11-15 05:39:30,TOTAL,14.869,0.019,633.929,613.328
2025-11-15 05:39:31,mlx5_0,0.000,0.000,0.000,0.000
2025-11-15 05:39:31,mlx5_1,0.000,0.000,210.882,201.886
2025-11-15 05:39:31,mlx5_2,0.000,0.000,211.827,207.445
2025-11-15 05:39:31,mlx5_3,0.000,0.000,0.000,0.000
2025-11-15 05:39:31,mlx5_4,0.000,0.000,0.000,0.000
2025-11-15 05:39:31,mlx5_5,0.000,0.000,0.000,0.000
2025-11-15 05:39:31,mlx5_6,0.000,0.000,0.000,0.000
2025-11-15 05:39:31,mlx5_7,0.000,0.000,0.000,0.000
2025-11-15 05:39:31,mlx5_8,0.000,0.000,0.000,0.000
2025-11-15 05:39:31,mlx5_9,0.000,0.000,211.219,203.996
2025-11-15 05:39:31,TOTAL,0.000,0.000,633.929,613.328
2025-11-15 05:39:32,mlx5_0,0.000,0.000,0.000,0.000
2025-11-15 05:39:32,mlx5_1,0.000,0.000,210.882,201.886
2025-11-15 05:39:32,mlx5_2,0.000,0.000,211.827,207.445
2025-11-15 05:39:32,mlx5_3,0.000,0.000,0.000,0.000
2025-11-15 05:39:32,mlx5_4,0.000,0.000,0.000,0.000
2025-11-15 05:39:32,mlx5_5,0.000,0.000,0.000,0.000
2025-11-15 05:39:32,mlx5_6,0.000,0.000,0.000,0.000
2025-11-15 05:39:32,mlx5_7,0.000,0.000,0.000,0.000
2025-11-15 05:39:32,mlx5_8,0.000,0.000,0.000,0.000
2025-11-15 05:39:32,mlx5_9,0.000,0.000,211.219,203.996
2025-11-15 05:39:32,TOTAL,0.000,0.000,633.929,613.328
2025-11-15 05:39:33,mlx5_0,0.000,0.000,0.000,0.000
2025-11-15 05:39:33,mlx5_1,0.000,0.000,210.882,201.886
2025-11-15 05:39:33,mlx5_2,0.000,0.000,211.827,207.445
2025-11-15 05:39:33,mlx5_3,0.000,0.000,0.000,0.000
2025-11-15 05:39:33,mlx5_4,0.000,0.000,0.000,0.000
2025-11-15 05:39:33,mlx5_5,0.000,0.000,0.000,0.000
2025-11-15 05:39:33,mlx5_6,0.000,0.000,0.000,0.000
2025-11-15 05:39:33,mlx5_7,0.000,0.000,0.000,0.000
2025-11-15 05:39:33,mlx5_8,0.000,0.000,0.000,0.000
2025-11-15 05:39:33,mlx5_9,0.000,0.000,211.219,203.996
2025-11-15 05:39:33,TOTAL,0.000,0.000,633.929,613.328
2025-11-15 05:39:34,mlx5_0,0.000,0.000,0.000,0.000
2025-11-15 05:39:34,mlx5_1,12.407,0.022,212.439,201.889
2025-11-15 05:39:34,mlx5_2,12.510,0.022,213.397,207.448
2025-11-15 05:39:34,mlx5_3,0.000,0.000,0.000,0.000
2025-11-15 05:39:34,mlx5_4,0.000,0.000,0.000,0.000
2025-11-15 05:39:34,mlx5_5,0.000,0.000,0.000,0.000
2025-11-15 05:39:34,mlx5_6,0.000,0.000,0.000,0.000
2025-11-15 05:39:34,mlx5_7,0.000,0.000,0.000,0.000
2025-11-15 05:39:34,mlx5_8,0.000,0.000,0.000,0.000
2025-11-15 05:39:34,mlx5_9,12.372,0.022,212.772,203.999
2025-11-15 05:39:34,TOTAL,37.289,0.065,638.607,613.336
2025-11-15 05:39:35,mlx5_0,0.000,0.000,0.000,0.000
2025-11-15 05:39:35,mlx5_1,0.004,0.004,212.439,201.890
2025-11-15 05:39:35,mlx5_2,0.004,0.004,213.398,207.449
2025-11-15 05:39:35,mlx5_3,0.000,0.000,0.000,0.000
2025-11-15 05:39:35,mlx5_4,0.000,0.000,0.000,0.000
2025-11-15 05:39:35,mlx5_5,0.000,0.000,0.000,0.000
2025-11-15 05:39:35,mlx5_6,0.000,0.000,0.000,0.000
2025-11-15 05:39:35,mlx5_7,0.000,0.000,0.000,0.000
2025-11-15 05:39:35,mlx5_8,0.000,0.000,0.000,0.000
2025-11-15 05:39:35,mlx5_9,0.004,0.004,212.772,203.999
2025-11-15 05:39:35,TOTAL,0.011,0.011,638.609,613.338
2025-11-15 05:39:36,mlx5_0,0.000,0.000,0.000,0.000
2025-11-15 05:39:36,mlx5_1,0.000,0.000,212.439,201.890
2025-11-15 05:39:36,mlx5_2,0.000,0.000,213.398,207.449
2025-11-15 05:39:36,mlx5_3,0.000,0.000,0.000,0.000
2025-11-15 05:39:36,mlx5_4,0.000,0.000,0.000,0.000
2025-11-15 05:39:36,mlx5_5,0.000,0.000,0.000,0.000
2025-11-15 05:39:36,mlx5_6,0.000,0.000,0.000,0.000
2025-11-15 05:39:36,mlx5_7,0.000,0.000,0.000,0.000
2025-11-15 05:39:36,mlx5_8,0.000,0.000,0.000,0.000
2025-11-15 05:39:36,mlx5_9,0.000,0.000,212.772,203.999
2025-11-15 05:39:36,TOTAL,0.000,0.000,638.609,613.338
2025-11-15 05:39:37,mlx5_0,0.000,0.000,0.000,0.000
2025-11-15 05:39:37,mlx5_1,0.000,0.000,212.439,201.890
2025-11-15 05:39:37,mlx5_2,0.000,0.000,213.398,207.449
2025-11-15 05:39:37,mlx5_3,0.000,0.000,0.000,0.000
2025-11-15 05:39:37,mlx5_4,0.000,0.000,0.000,0.000
2025-11-15 05:39:37,mlx5_5,0.000,0.000,0.000,0.000
2025-11-15 05:39:37,mlx5_6,0.000,0.000,0.000,0.000
2025-11-15 05:39:37,mlx5_7,0.000,0.000,0.000,0.000
2025-11-15 05:39:37,mlx5_8,0.000,0.000,0.000,0.000
2025-11-15 05:39:37,mlx5_9,0.000,0.000,212.772,203.999
2025-11-15 05:39:37,TOTAL,0.000,0.000,638.609,613.338
2025-11-15 05:39:38,mlx5_0,0.000,0.000,0.000,0.000
2025-11-15 05:39:38,mlx5_1,7.927,0.011,213.434,201.891
2025-11-15 05:39:38,mlx5_2,7.756,0.011,214.371,207.450
2025-11-15 05:39:38,mlx5_3,0.000,0.000,0.000,0.000
2025-11-15 05:39:38,mlx5_4,0.000,0.000,0.000,0.000
2025-11-15 05:39:38,mlx5_5,0.000,0.000,0.000,0.000
2025-11-15 05:39:38,mlx5_6,0.000,0.000,0.000,0.000
2025-11-15 05:39:38,mlx5_7,0.000,0.000,0.000,0.000
2025-11-15 05:39:38,mlx5_8,0.000,0.000,0.000,0.000
2025-11-15 05:39:38,mlx5_9,7.967,0.011,213.772,204.001
2025-11-15 05:39:38,TOTAL,23.650,0.033,641.577,613.342
2025-11-15 05:39:39,mlx5_0,0.000,0.000,0.000,0.000
2025-11-15 05:39:39,mlx5_1,3.966,0.005,213.932,201.892
2025-11-15 05:39:39,mlx5_2,4.135,0.005,214.890,207.451
2025-11-15 05:39:39,mlx5_3,0.000,0.000,0.000,0.000
2025-11-15 05:39:39,mlx5_4,0.000,0.000,0.000,0.000
2025-11-15 05:39:39,mlx5_5,0.000,0.000,0.000,0.000
2025-11-15 05:39:39,mlx5_6,0.000,0.000,0.000,0.000
2025-11-15 05:39:39,mlx5_7,0.000,0.000,0.000,0.000
2025-11-15 05:39:39,mlx5_8,0.000,0.000,0.000,0.000
2025-11-15 05:39:39,mlx5_9,3.916,0.005,214.263,204.002
2025-11-15 05:39:39,TOTAL,12.018,0.016,643.085,613.344
2025-11-15 05:39:40,mlx5_0,0.000,0.000,0.000,0.000
2025-11-15 05:39:40,mlx5_1,0.000,0.000,213.932,201.892
2025-11-15 05:39:40,mlx5_2,0.000,0.000,214.890,207.451
2025-11-15 05:39:40,mlx5_3,0.000,0.000,0.000,0.000
2025-11-15 05:39:40,mlx5_4,0.000,0.000,0.000,0.000
2025-11-15 05:39:40,mlx5_5,0.000,0.000,0.000,0.000
2025-11-15 05:39:40,mlx5_6,0.000,0.000,0.000,0.000
2025-11-15 05:39:40,mlx5_7,0.000,0.000,0.000,0.000
2025-11-15 05:39:40,mlx5_8,0.000,0.000,0.000,0.000
2025-11-15 05:39:40,mlx5_9,0.000,0.000,214.263,204.002
2025-11-15 05:39:40,TOTAL,0.000,0.000,643.085,613.344
2025-11-15 05:39:41,mlx5_0,0.000,0.000,0.000,0.000
2025-11-15 05:39:41,mlx5_1,0.000,0.000,213.932,201.892
2025-11-15 05:39:41,mlx5_2,0.000,0.000,214.890,207.451
2025-11-15 05:39:41,mlx5_3,0.000,0.000,0.000,0.000
2025-11-15 05:39:41,mlx5_4,0.000,0.000,0.000,0.000
2025-11-15 05:39:41,mlx5_5,0.000,0.000,0.000,0.000
2025-11-15 05:39:41,mlx5_6,0.000,0.000,0.000,0.000
2025-11-15 05:39:41,mlx5_7,0.000,0.000,0.000,0.000
2025-11-15 05:39:41,mlx5_8,0.000,0.000,0.000,0.000
2025-11-15 05:39:41,mlx5_9,0.000,0.000,214.263,204.002
2025-11-15 05:39:41,TOTAL,0.000,0.000,643.085,613.344
2025-11-15 05:39:42,mlx5_0,0.000,0.000,0.000,0.000
2025-11-15 05:39:42,mlx5_1,12.389,0.017,215.485,201.894
2025-11-15 05:39:42,mlx5_2,12.445,0.017,216.451,207.453
2025-11-15 05:39:42,mlx5_3,0.000,0.000,0.000,0.000
2025-11-15 05:39:42,mlx5_4,0.000,0.000,0.000,0.000
2025-11-15 05:39:42,mlx5_5,0.000,0.000,0.000,0.000
2025-11-15 05:39:42,mlx5_6,0.000,0.000,0.000,0.000
2025-11-15 05:39:42,mlx5_7,0.000,0.000,0.000,0.000
2025-11-15 05:39:42,mlx5_8,0.000,0.000,0.000,0.000
2025-11-15 05:39:42,mlx5_9,12.461,0.017,215.826,204.004
2025-11-15 05:39:42,TOTAL,37.296,0.051,647.762,613.350
2025-11-15 05:39:43,mlx5_0,0.000,0.000,0.000,0.000
2025-11-15 05:39:43,mlx5_1,0.000,0.000,215.485,201.894
2025-11-15 05:39:43,mlx5_2,0.000,0.000,216.451,207.453
2025-11-15 05:39:43,mlx5_3,0.000,0.000,0.000,0.000
2025-11-15 05:39:43,mlx5_4,0.000,0.000,0.000,0.000
2025-11-15 05:39:43,mlx5_5,0.000,0.000,0.000,0.000
2025-11-15 05:39:43,mlx5_6,0.000,0.000,0.000,0.000
2025-11-15 05:39:43,mlx5_7,0.000,0.000,0.000,0.000
2025-11-15 05:39:43,mlx5_8,0.000,0.000,0.000,0.000
2025-11-15 05:39:43,mlx5_9,0.000,0.000,215.826,204.004
2025-11-15 05:39:43,TOTAL,0.000,0.000,647.762,613.350
2025-11-15 05:39:44,mlx5_0,0.000,0.000,0.000,0.000
2025-11-15 05:39:44,mlx5_1,0.000,0.000,215.485,201.894
2025-11-15 05:39:44,mlx5_2,0.000,0.000,216.451,207.453
2025-11-15 05:39:44,mlx5_3,0.000,0.000,0.000,0.000
2025-11-15 05:39:44,mlx5_4,0.000,0.000,0.000,0.000
2025-11-15 05:39:44,mlx5_5,0.000,0.000,0.000,0.000
2025-11-15 05:39:44,mlx5_6,0.000,0.000,0.000,0.000
2025-11-15 05:39:44,mlx5_7,0.000,0.000,0.000,0.000
2025-11-15 05:39:44,mlx5_8,0.000,0.000,0.000,0.000
2025-11-15 05:39:44,mlx5_9,0.000,0.000,215.826,204.004
2025-11-15 05:39:44,TOTAL,0.000,0.000,647.762,613.350
2025-11-15 05:39:45,mlx5_0,0.000,0.000,0.000,0.000
2025-11-15 05:39:45,mlx5_1,8.778,0.012,216.587,201.895
2025-11-15 05:39:45,mlx5_2,8.657,0.012,217.537,207.454
2025-11-15 05:39:45,mlx5_3,0.000,0.000,0.000,0.000
2025-11-15 05:39:45,mlx5_4,0.000,0.000,0.000,0.000
2025-11-15 05:39:45,mlx5_5,0.000,0.000,0.000,0.000
2025-11-15 05:39:45,mlx5_6,0.000,0.000,0.000,0.000
2025-11-15 05:39:45,mlx5_7,0.000,0.000,0.000,0.000
2025-11-15 05:39:45,mlx5_8,0.000,0.000,0.000,0.000
2025-11-15 05:39:45,mlx5_9,8.846,0.012,216.936,204.005
2025-11-15 05:39:45,TOTAL,26.281,0.036,651.059,613.355
2025-11-15 05:39:46,mlx5_0,0.000,0.000,0.000,0.000
2025-11-15 05:39:46,mlx5_1,3.650,0.005,217.045,201.896
2025-11-15 05:39:46,mlx5_2,3.673,0.005,217.998,207.455
2025-11-15 05:39:46,mlx5_3,0.000,0.000,0.000,0.000
2025-11-15 05:39:46,mlx5_4,0.000,0.000,0.000,0.000
2025-11-15 05:39:46,mlx5_5,0.000,0.000,0.000,0.000
2025-11-15 05:39:46,mlx5_6,0.000,0.000,0.000,0.000
2025-11-15 05:39:46,mlx5_7,0.000,0.000,0.000,0.000
2025-11-15 05:39:46,mlx5_8,0.000,0.000,0.000,0.000
2025-11-15 05:39:46,mlx5_9,3.667,0.005,217.396,204.006
2025-11-15 05:39:46,TOTAL,10.990,0.014,652.439,613.356
2025-11-15 05:39:47,mlx5_0,0.000,0.000,0.000,0.000
2025-11-15 05:39:47,mlx5_1,0.000,0.000,217.045,201.896
2025-11-15 05:39:47,mlx5_2,0.000,0.000,217.998,207.455
2025-11-15 05:39:47,mlx5_3,0.000,0.000,0.000,0.000
2025-11-15 05:39:47,mlx5_4,0.000,0.000,0.000,0.000
2025-11-15 05:39:47,mlx5_5,0.000,0.000,0.000,0.000
2025-11-15 05:39:47,mlx5_6,0.000,0.000,0.000,0.000
2025-11-15 05:39:47,mlx5_7,0.000,0.000,0.000,0.000
2025-11-15 05:39:47,mlx5_8,0.000,0.000,0.000,0.000
2025-11-15 05:39:47,mlx5_9,0.000,0.000,217.396,204.006
2025-11-15 05:39:47,TOTAL,0.000,0.000,652.439,613.356
2025-11-15 05:39:48,mlx5_0,0.000,0.000,0.000,0.000
2025-11-15 05:39:48,mlx5_1,0.000,0.000,217.045,201.896
2025-11-15 05:39:48,mlx5_2,0.000,0.000,217.998,207.455
2025-11-15 05:39:48,mlx5_3,0.000,0.000,0.000,0.000
2025-11-15 05:39:48,mlx5_4,0.000,0.000,0.000,0.000
2025-11-15 05:39:48,mlx5_5,0.000,0.000,0.000,0.000
2025-11-15 05:39:48,mlx5_6,0.000,0.000,0.000,0.000
2025-11-15 05:39:48,mlx5_7,0.000,0.000,0.000,0.000
2025-11-15 05:39:48,mlx5_8,0.000,0.000,0.000,0.000
2025-11-15 05:39:48,mlx5_9,0.000,0.000,217.396,204.006
2025-11-15 05:39:48,TOTAL,0.000,0.000,652.439,613.356
2025-11-15 05:39:49,mlx5_0,0.000,0.000,0.000,0.000
2025-11-15 05:39:49,mlx5_1,9.208,0.013,218.200,201.897
2025-11-15 05:39:49,mlx5_2,9.340,0.013,219.170,207.456
2025-11-15 05:39:49,mlx5_3,0.000,0.000,0.000,0.000
2025-11-15 05:39:49,mlx5_4,0.000,0.000,0.000,0.000
2025-11-15 05:39:49,mlx5_5,0.000,0.000,0.000,0.000
2025-11-15 05:39:49,mlx5_6,0.000,0.000,0.000,0.000
2025-11-15 05:39:49,mlx5_7,0.000,0.000,0.000,0.000
2025-11-15 05:39:49,mlx5_8,0.000,0.000,0.000,0.000
2025-11-15 05:39:49,mlx5_9,9.396,0.013,218.575,204.007
2025-11-15 05:39:49,TOTAL,27.944,0.038,655.945,613.361
2025-11-15 05:39:50,mlx5_0,0.000,0.000,0.000,0.000
2025-11-15 05:39:50,mlx5_1,3.166,0.004,218.598,201.898
2025-11-15 05:39:50,mlx5_2,3.112,0.004,219.560,207.457
2025-11-15 05:39:50,mlx5_3,0.000,0.000,0.000,0.000
2025-11-15 05:39:50,mlx5_4,0.000,0.000,0.000,0.000
2025-11-15 05:39:50,mlx5_5,0.000,0.000,0.000,0.000
2025-11-15 05:39:50,mlx5_6,0.000,0.000,0.000,0.000
2025-11-15 05:39:50,mlx5_7,0.000,0.000,0.000,0.000
2025-11-15 05:39:50,mlx5_8,0.000,0.000,0.000,0.000
2025-11-15 05:39:50,mlx5_9,3.049,0.004,218.958,204.008
2025-11-15 05:39:50,TOTAL,9.328,0.012,657.116,613.363
2025-11-15 05:39:51,mlx5_0,0.000,0.000,0.000,0.000
2025-11-15 05:39:51,mlx5_1,0.000,0.000,218.598,201.898
2025-11-15 05:39:51,mlx5_2,0.000,0.000,219.560,207.457
2025-11-15 05:39:51,mlx5_3,0.000,0.000,0.000,0.000
2025-11-15 05:39:51,mlx5_4,0.000,0.000,0.000,0.000
2025-11-15 05:39:51,mlx5_5,0.000,0.000,0.000,0.000
2025-11-15 05:39:51,mlx5_6,0.000,0.000,0.000,0.000
2025-11-15 05:39:51,mlx5_7,0.000,0.000,0.000,0.000
2025-11-15 05:39:51,mlx5_8,0.000,0.000,0.000,0.000
2025-11-15 05:39:51,mlx5_9,0.000,0.000,218.958,204.008
2025-11-15 05:39:51,TOTAL,0.000,0.000,657.116,613.363
2025-11-15 05:39:52,mlx5_0,0.000,0.000,0.000,0.000
2025-11-15 05:39:52,mlx5_1,0.000,0.000,218.598,201.898
2025-11-15 05:39:52,mlx5_2,0.000,0.000,219.560,207.457
2025-11-15 05:39:52,mlx5_3,0.000,0.000,0.000,0.000
2025-11-15 05:39:52,mlx5_4,0.000,0.000,0.000,0.000
2025-11-15 05:39:52,mlx5_5,0.000,0.000,0.000,0.000
2025-11-15 05:39:52,mlx5_6,0.000,0.000,0.000,0.000
2025-11-15 05:39:52,mlx5_7,0.000,0.000,0.000,0.000
2025-11-15 05:39:52,mlx5_8,0.000,0.000,0.000,0.000
2025-11-15 05:39:52,mlx5_9,0.000,0.000,218.958,204.008
2025-11-15 05:39:52,TOTAL,0.000,0.000,657.116,613.363
2025-11-15 05:39:53,mlx5_0,0.000,0.000,0.000,0.000
2025-11-15 05:39:53,mlx5_1,0.000,0.000,218.598,201.898
2025-11-15 05:39:53,mlx5_2,0.000,0.000,219.560,207.457
2025-11-15 05:39:53,mlx5_3,0.000,0.000,0.000,0.000
2025-11-15 05:39:53,mlx5_4,0.000,0.000,0.000,0.000
2025-11-15 05:39:53,mlx5_5,0.000,0.000,0.000,0.000
2025-11-15 05:39:53,mlx5_6,0.000,0.000,0.000,0.000
2025-11-15 05:39:53,mlx5_7,0.000,0.000,0.000,0.000
2025-11-15 05:39:53,mlx5_8,0.000,0.000,0.000,0.000
2025-11-15 05:39:53,mlx5_9,0.000,0.000,218.958,204.008
2025-11-15 05:39:53,TOTAL,0.000,0.000,657.116,613.363
2025-11-15 05:39:54,mlx5_0,0.000,0.000,0.000,0.000
2025-11-15 05:39:54,mlx5_1,12.396,0.017,220.153,201.900
2025-11-15 05:39:54,mlx5_2,12.387,0.017,221.115,207.459
2025-11-15 05:39:54,mlx5_3,0.000,0.000,0.000,0.000
2025-11-15 05:39:54,mlx5_4,0.000,0.000,0.000,0.000
2025-11-15 05:39:54,mlx5_5,0.000,0.000,0.000,0.000
2025-11-15 05:39:54,mlx5_6,0.000,0.000,0.000,0.000
2025-11-15 05:39:54,mlx5_7,0.000,0.000,0.000,0.000
2025-11-15 05:39:54,mlx5_8,0.000,0.000,0.000,0.000
2025-11-15 05:39:54,mlx5_9,12.482,0.017,220.524,204.010
2025-11-15 05:39:54,TOTAL,37.264,0.051,661.793,613.369
2025-11-15 05:39:55,mlx5_0,0.000,0.000,0.000,0.000
2025-11-15 05:39:55,mlx5_1,0.000,0.000,220.153,201.900
2025-11-15 05:39:55,mlx5_2,0.000,0.000,221.115,207.459
2025-11-15 05:39:55,mlx5_3,0.000,0.000,0.000,0.000
2025-11-15 05:39:55,mlx5_4,0.000,0.000,0.000,0.000
2025-11-15 05:39:55,mlx5_5,0.000,0.000,0.000,0.000
2025-11-15 05:39:55,mlx5_6,0.000,0.000,0.000,0.000
2025-11-15 05:39:55,mlx5_7,0.000,0.000,0.000,0.000
2025-11-15 05:39:55,mlx5_8,0.000,0.000,0.000,0.000
2025-11-15 05:39:55,mlx5_9,0.000,0.000,220.524,204.010
2025-11-15 05:39:55,TOTAL,0.000,0.000,661.793,613.369
2025-11-15 05:39:56,mlx5_0,0.000,0.000,0.000,0.000
2025-11-15 05:39:56,mlx5_1,0.000,0.000,220.153,201.900
2025-11-15 05:39:56,mlx5_2,0.000,0.000,221.115,207.459
2025-11-15 05:39:56,mlx5_3,0.000,0.000,0.000,0.000
2025-11-15 05:39:56,mlx5_4,0.000,0.000,0.000,0.000
2025-11-15 05:39:56,mlx5_5,0.000,0.000,0.000,0.000
2025-11-15 05:39:56,mlx5_6,0.000,0.000,0.000,0.000
2025-11-15 05:39:56,mlx5_7,0.000,0.000,0.000,0.000
2025-11-15 05:39:56,mlx5_8,0.000,0.000,0.000,0.000
2025-11-15 05:39:56,mlx5_9,0.000,0.000,220.524,204.010
2025-11-15 05:39:56,TOTAL,0.000,0.000,661.793,613.369
2025-11-15 05:39:57,mlx5_0,0.000,0.000,0.000,0.000
2025-11-15 05:39:57,mlx5_1,0.000,0.000,220.153,201.900
2025-11-15 05:39:57,mlx5_2,0.000,0.000,221.115,207.459
2025-11-15 05:39:57,mlx5_3,0.000,0.000,0.000,0.000
2025-11-15 05:39:57,mlx5_4,0.000,0.000,0.000,0.000
2025-11-15 05:39:57,mlx5_5,0.000,0.000,0.000,0.000
2025-11-15 05:39:57,mlx5_6,0.000,0.000,0.000,0.000
2025-11-15 05:39:57,mlx5_7,0.000,0.000,0.000,0.000
2025-11-15 05:39:57,mlx5_8,0.000,0.000,0.000,0.000
2025-11-15 05:39:57,mlx5_9,0.000,0.000,220.524,204.010
2025-11-15 05:39:57,TOTAL,0.000,0.000,661.793,613.369
2025-11-15 05:39:58,mlx5_0,0.000,0.000,0.000,0.000
2025-11-15 05:39:58,mlx5_1,11.149,0.015,221.552,201.902
2025-11-15 05:39:58,mlx5_2,11.260,0.015,222.527,207.461
2025-11-15 05:39:58,mlx5_3,0.000,0.000,0.000,0.000
2025-11-15 05:39:58,mlx5_4,0.000,0.000,0.000,0.000
2025-11-15 05:39:58,mlx5_5,0.000,0.000,0.000,0.000
2025-11-15 05:39:58,mlx5_6,0.000,0.000,0.000,0.000
2025-11-15 05:39:58,mlx5_7,0.000,0.000,0.000,0.000
2025-11-15 05:39:58,mlx5_8,0.000,0.000,0.000,0.000
2025-11-15 05:39:58,mlx5_9,11.321,0.016,221.945,204.012
2025-11-15 05:39:58,TOTAL,33.731,0.046,666.024,613.375
2025-11-15 05:39:59,mlx5_0,0.000,0.000,0.000,0.000
2025-11-15 05:39:59,mlx5_1,1.218,0.010,221.705,201.903
2025-11-15 05:39:59,mlx5_2,1.223,0.010,222.681,207.462
2025-11-15 05:39:59,mlx5_3,0.000,0.000,0.000,0.000
2025-11-15 05:39:59,mlx5_4,0.000,0.000,0.000,0.000
2025-11-15 05:39:59,mlx5_5,0.000,0.000,0.000,0.000
2025-11-15 05:39:59,mlx5_6,0.000,0.000,0.000,0.000
2025-11-15 05:39:59,mlx5_7,0.000,0.000,0.000,0.000
2025-11-15 05:39:59,mlx5_8,0.000,0.000,0.000,0.000
2025-11-15 05:39:59,mlx5_9,1.137,0.010,222.087,204.013
2025-11-15 05:39:59,TOTAL,3.578,0.030,666.473,613.379
2025-11-15 05:40:00,mlx5_0,0.000,0.000,0.000,0.000
2025-11-15 05:40:00,mlx5_1,0.000,0.000,221.705,201.903
2025-11-15 05:40:00,mlx5_2,0.000,0.000,222.681,207.462
2025-11-15 05:40:00,mlx5_3,0.000,0.000,0.000,0.000
2025-11-15 05:40:00,mlx5_4,0.000,0.000,0.000,0.000
2025-11-15 05:40:00,mlx5_5,0.000,0.000,0.000,0.000
2025-11-15 05:40:00,mlx5_6,0.000,0.000,0.000,0.000
2025-11-15 05:40:00,mlx5_7,0.000,0.000,0.000,0.000
2025-11-15 05:40:00,mlx5_8,0.000,0.000,0.000,0.000
2025-11-15 05:40:00,mlx5_9,0.000,0.000,222.087,204.013
2025-11-15 05:40:00,TOTAL,0.000,0.000,666.473,613.379
2025-11-15 05:40:01,mlx5_0,0.000,0.000,0.000,0.000
2025-11-15 05:40:01,mlx5_1,0.000,0.000,221.705,201.903
2025-11-15 05:40:01,mlx5_2,0.000,0.000,222.681,207.462
2025-11-15 05:40:01,mlx5_3,0.000,0.000,0.000,0.000
2025-11-15 05:40:01,mlx5_4,0.000,0.000,0.000,0.000
2025-11-15 05:40:01,mlx5_5,0.000,0.000,0.000,0.000
2025-11-15 05:40:01,mlx5_6,0.000,0.000,0.000,0.000
2025-11-15 05:40:01,mlx5_7,0.000,0.000,0.000,0.000
2025-11-15 05:40:01,mlx5_8,0.000,0.000,0.000,0.000
2025-11-15 05:40:01,mlx5_9,0.000,0.000,222.087,204.013
2025-11-15 05:40:01,TOTAL,0.000,0.000,666.473,613.379
2025-11-15 05:40:02,mlx5_0,0.000,0.000,0.000,0.000
2025-11-15 05:40:02,mlx5_1,0.000,0.000,221.705,201.903
2025-11-15 05:40:02,mlx5_2,0.000,0.000,222.681,207.462
2025-11-15 05:40:02,mlx5_3,0.000,0.000,0.000,0.000
2025-11-15 05:40:02,mlx5_4,0.000,0.000,0.000,0.000
2025-11-15 05:40:02,mlx5_5,0.000,0.000,0.000,0.000
2025-11-15 05:40:02,mlx5_6,0.000,0.000,0.000,0.000
2025-11-15 05:40:02,mlx5_7,0.000,0.000,0.000,0.000
2025-11-15 05:40:02,mlx5_8,0.000,0.000,0.000,0.000
2025-11-15 05:40:02,mlx5_9,0.000,0.000,222.087,204.013
2025-11-15 05:40:02,TOTAL,0.000,0.000,666.473,613.379
2025-11-15 05:40:03,mlx5_0,0.000,0.000,0.000,0.000
2025-11-15 05:40:03,mlx5_1,12.666,0.017,223.294,201.905
2025-11-15 05:40:03,mlx5_2,12.609,0.017,224.263,207.464
2025-11-15 05:40:03,mlx5_3,0.000,0.000,0.000,0.000
2025-11-15 05:40:03,mlx5_4,0.000,0.000,0.000,0.000
2025-11-15 05:40:03,mlx5_5,0.000,0.000,0.000,0.000
2025-11-15 05:40:03,mlx5_6,0.000,0.000,0.000,0.000
2025-11-15 05:40:03,mlx5_7,0.000,0.000,0.000,0.000
2025-11-15 05:40:03,mlx5_8,0.000,0.000,0.000,0.000
2025-11-15 05:40:03,mlx5_9,12.726,0.017,223.684,204.015
2025-11-15 05:40:03,TOTAL,38.002,0.052,671.241,613.385
2025-11-15 05:40:04,mlx5_0,0.000,0.000,0.000,0.000
2025-11-15 05:40:04,mlx5_1,0.000,0.000,223.294,201.905
2025-11-15 05:40:04,mlx5_2,0.000,0.000,224.263,207.464
2025-11-15 05:40:04,mlx5_3,0.000,0.000,0.000,0.000
2025-11-15 05:40:04,mlx5_4,0.000,0.000,0.000,0.000
2025-11-15 05:40:04,mlx5_5,0.000,0.000,0.000,0.000
2025-11-15 05:40:04,mlx5_6,0.000,0.000,0.000,0.000
2025-11-15 05:40:04,mlx5_7,0.000,0.000,0.000,0.000
2025-11-15 05:40:04,mlx5_8,0.000,0.000,0.000,0.000
2025-11-15 05:40:04,mlx5_9,0.000,0.000,223.684,204.015
2025-11-15 05:40:04,TOTAL,0.000,0.000,671.241,613.385
2025-11-15 05:40:05,mlx5_0,0.000,0.000,0.000,0.000
2025-11-15 05:40:05,mlx5_1,0.000,0.000,223.294,201.905
2025-11-15 05:40:05,mlx5_2,0.000,0.000,224.263,207.464
2025-11-15 05:40:05,mlx5_3,0.000,0.000,0.000,0.000
2025-11-15 05:40:05,mlx5_4,0.000,0.000,0.000,0.000
2025-11-15 05:40:05,mlx5_5,0.000,0.000,0.000,0.000
2025-11-15 05:40:05,mlx5_6,0.000,0.000,0.000,0.000
2025-11-15 05:40:05,mlx5_7,0.000,0.000,0.000,0.000
2025-11-15 05:40:05,mlx5_8,0.000,0.000,0.000,0.000
2025-11-15 05:40:05,mlx5_9,0.000,0.000,223.684,204.015
2025-11-15 05:40:05,TOTAL,0.000,0.000,671.241,613.385
2025-11-15 05:40:06,mlx5_0,0.000,0.000,0.000,0.000
2025-11-15 05:40:06,mlx5_1,12.484,0.017,224.861,201.907
2025-11-15 05:40:06,mlx5_2,12.478,0.017,225.829,207.467
2025-11-15 05:40:06,mlx5_3,0.000,0.000,0.000,0.000
2025-11-15 05:40:06,mlx5_4,0.000,0.000,0.000,0.000
2025-11-15 05:40:06,mlx5_5,0.000,0.000,0.000,0.000
2025-11-15 05:40:06,mlx5_6,0.000,0.000,0.000,0.000
2025-11-15 05:40:06,mlx5_7,0.000,0.000,0.000,0.000
2025-11-15 05:40:06,mlx5_8,0.000,0.000,0.000,0.000
2025-11-15 05:40:06,mlx5_9,12.309,0.017,225.229,204.018
2025-11-15 05:40:06,TOTAL,37.271,0.051,675.918,613.392
2025-11-15 05:40:07,mlx5_0,0.000,0.000,0.000,0.000
2025-11-15 05:40:07,mlx5_1,0.000,0.000,224.861,201.907
2025-11-15 05:40:07,mlx5_2,0.000,0.000,225.829,207.467
2025-11-15 05:40:07,mlx5_3,0.000,0.000,0.000,0.000
2025-11-15 05:40:07,mlx5_4,0.000,0.000,0.000,0.000
2025-11-15 05:40:07,mlx5_5,0.000,0.000,0.000,0.000
2025-11-15 05:40:07,mlx5_6,0.000,0.000,0.000,0.000
2025-11-15 05:40:07,mlx5_7,0.000,0.000,0.000,0.000
2025-11-15 05:40:07,mlx5_8,0.000,0.000,0.000,0.000
2025-11-15 05:40:07,mlx5_9,0.000,0.000,225.229,204.018
2025-11-15 05:40:07,TOTAL,0.000,0.000,675.918,613.392
2025-11-15 05:40:08,mlx5_0,0.000,0.000,0.000,0.000
2025-11-15 05:40:08,mlx5_1,0.000,0.000,224.861,201.907
2025-11-15 05:40:08,mlx5_2,0.000,0.000,225.829,207.467
2025-11-15 05:40:08,mlx5_3,0.000,0.000,0.000,0.000
2025-11-15 05:40:08,mlx5_4,0.000,0.000,0.000,0.000
2025-11-15 05:40:08,mlx5_5,0.000,0.000,0.000,0.000
2025-11-15 05:40:08,mlx5_6,0.000,0.000,0.000,0.000
2025-11-15 05:40:08,mlx5_7,0.000,0.000,0.000,0.000
2025-11-15 05:40:08,mlx5_8,0.000,0.000,0.000,0.000
2025-11-15 05:40:08,mlx5_9,0.000,0.000,225.229,204.018
2025-11-15 05:40:08,TOTAL,0.000,0.000,675.918,613.392
2025-11-15 05:40:09,mlx5_0,0.000,0.000,0.000,0.000
2025-11-15 05:40:09,mlx5_1,0.000,0.000,224.861,201.907
2025-11-15 05:40:09,mlx5_2,0.000,0.000,225.829,207.467
2025-11-15 05:40:09,mlx5_3,0.000,0.000,0.000,0.000
2025-11-15 05:40:09,mlx5_4,0.000,0.000,0.000,0.000
2025-11-15 05:40:09,mlx5_5,0.000,0.000,0.000,0.000
2025-11-15 05:40:09,mlx5_6,0.000,0.000,0.000,0.000
2025-11-15 05:40:09,mlx5_7,0.000,0.000,0.000,0.000
2025-11-15 05:40:09,mlx5_8,0.000,0.000,0.000,0.000
2025-11-15 05:40:09,mlx5_9,0.000,0.000,225.229,204.018
2025-11-15 05:40:09,TOTAL,0.000,0.000,675.918,613.392
2025-11-15 05:40:10,mlx5_0,0.000,0.000,0.000,0.000
2025-11-15 05:40:10,mlx5_1,12.467,0.017,226.426,201.909
2025-11-15 05:40:10,mlx5_2,12.361,0.017,227.381,207.469
2025-11-15 05:40:10,mlx5_3,0.000,0.000,0.000,0.000
2025-11-15 05:40:10,mlx5_4,0.000,0.000,0.000,0.000
2025-11-15 05:40:10,mlx5_5,0.000,0.000,0.000,0.000
2025-11-15 05:40:10,mlx5_6,0.000,0.000,0.000,0.000
2025-11-15 05:40:10,mlx5_7,0.000,0.000,0.000,0.000
2025-11-15 05:40:10,mlx5_8,0.000,0.000,0.000,0.000
2025-11-15 05:40:10,mlx5_9,12.420,0.017,226.788,204.020
2025-11-15 05:40:10,TOTAL,37.249,0.051,680.595,613.398
2025-11-15 05:40:11,mlx5_0,0.000,0.000,0.000,0.000
2025-11-15 05:40:11,mlx5_1,0.000,0.000,226.426,201.909
2025-11-15 05:40:11,mlx5_2,0.000,0.000,227.381,207.469
2025-11-15 05:40:11,mlx5_3,0.000,0.000,0.000,0.000
2025-11-15 05:40:11,mlx5_4,0.000,0.000,0.000,0.000
2025-11-15 05:40:11,mlx5_5,0.000,0.000,0.000,0.000
2025-11-15 05:40:11,mlx5_6,0.000,0.000,0.000,0.000
2025-11-15 05:40:11,mlx5_7,0.000,0.000,0.000,0.000
2025-11-15 05:40:11,mlx5_8,0.000,0.000,0.000,0.000
2025-11-15 05:40:11,mlx5_9,0.000,0.000,226.788,204.020
2025-11-15 05:40:11,TOTAL,0.000,0.000,680.595,613.398
2025-11-15 05:40:12,mlx5_0,0.000,0.000,0.000,0.000
2025-11-15 05:40:12,mlx5_1,0.000,0.000,226.426,201.909
2025-11-15 05:40:12,mlx5_2,0.000,0.000,227.381,207.469
2025-11-15 05:40:12,mlx5_3,0.000,0.000,0.000,0.000
2025-11-15 05:40:12,mlx5_4,0.000,0.000,0.000,0.000
2025-11-15 05:40:12,mlx5_5,0.000,0.000,0.000,0.000
2025-11-15 05:40:12,mlx5_6,0.000,0.000,0.000,0.000
2025-11-15 05:40:12,mlx5_7,0.000,0.000,0.000,0.000
2025-11-15 05:40:12,mlx5_8,0.000,0.000,0.000,0.000
2025-11-15 05:40:12,mlx5_9,0.000,0.000,226.788,204.020
2025-11-15 05:40:12,TOTAL,0.000,0.000,680.595,613.398
2025-11-15 05:40:13,mlx5_0,0.000,0.000,0.000,0.000
2025-11-15 05:40:13,mlx5_1,1.342,0.003,226.594,201.910
2025-11-15 05:40:13,mlx5_2,1.332,0.003,227.548,207.469
2025-11-15 05:40:13,mlx5_3,0.000,0.000,0.000,0.000
2025-11-15 05:40:13,mlx5_4,0.000,0.000,0.000,0.000
2025-11-15 05:40:13,mlx5_5,0.000,0.000,0.000,0.000
2025-11-15 05:40:13,mlx5_6,0.000,0.000,0.000,0.000
2025-11-15 05:40:13,mlx5_7,0.000,0.000,0.000,0.000
2025-11-15 05:40:13,mlx5_8,0.000,0.000,0.000,0.000
2025-11-15 05:40:13,mlx5_9,1.455,0.003,226.971,204.020
2025-11-15 05:40:13,TOTAL,4.129,0.008,681.113,613.399
2025-11-15 05:40:14,mlx5_0,0.000,0.000,0.000,0.000
2025-11-15 05:40:14,mlx5_1,11.106,0.014,227.988,201.912
2025-11-15 05:40:14,mlx5_2,11.092,0.014,228.939,207.471
2025-11-15 05:40:14,mlx5_3,0.000,0.000,0.000,0.000
2025-11-15 05:40:14,mlx5_4,0.000,0.000,0.000,0.000
2025-11-15 05:40:14,mlx5_5,0.000,0.000,0.000,0.000
2025-11-15 05:40:14,mlx5_6,0.000,0.000,0.000,0.000
2025-11-15 05:40:14,mlx5_7,0.000,0.000,0.000,0.000
2025-11-15 05:40:14,mlx5_8,0.000,0.000,0.000,0.000
2025-11-15 05:40:14,mlx5_9,10.955,0.014,228.345,204.022
2025-11-15 05:40:14,TOTAL,33.153,0.042,685.272,613.404
2025-11-15 05:40:15,mlx5_0,0.000,0.000,0.000,0.000
2025-11-15 05:40:15,mlx5_1,0.000,0.000,227.988,201.912
2025-11-15 05:40:15,mlx5_2,0.000,0.000,228.939,207.471
2025-11-15 05:40:15,mlx5_3,0.000,0.000,0.000,0.000
2025-11-15 05:40:15,mlx5_4,0.000,0.000,0.000,0.000
2025-11-15 05:40:15,mlx5_5,0.000,0.000,0.000,0.000
2025-11-15 05:40:15,mlx5_6,0.000,0.000,0.000,0.000
2025-11-15 05:40:15,mlx5_7,0.000,0.000,0.000,0.000
2025-11-15 05:40:15,mlx5_8,0.000,0.000,0.000,0.000
2025-11-15 05:40:15,mlx5_9,0.000,0.000,228.345,204.022
2025-11-15 05:40:15,TOTAL,0.000,0.000,685.272,613.404
2025-11-15 05:40:16,mlx5_0,0.000,0.000,0.000,0.000
2025-11-15 05:40:16,mlx5_1,0.000,0.000,227.988,201.912
2025-11-15 05:40:16,mlx5_2,0.000,0.000,228.939,207.471
2025-11-15 05:40:16,mlx5_3,0.000,0.000,0.000,0.000
2025-11-15 05:40:16,mlx5_4,0.000,0.000,0.000,0.000
2025-11-15 05:40:16,mlx5_5,0.000,0.000,0.000,0.000
2025-11-15 05:40:16,mlx5_6,0.000,0.000,0.000,0.000
2025-11-15 05:40:16,mlx5_7,0.000,0.000,0.000,0.000
2025-11-15 05:40:16,mlx5_8,0.000,0.000,0.000,0.000
2025-11-15 05:40:16,mlx5_9,0.000,0.000,228.345,204.022
2025-11-15 05:40:16,TOTAL,0.000,0.000,685.272,613.404
2025-11-15 05:40:17,mlx5_0,0.000,0.000,0.000,0.000
2025-11-15 05:40:17,mlx5_1,0.000,0.000,227.988,201.912
2025-11-15 05:40:17,mlx5_2,0.000,0.000,228.939,207.471
2025-11-15 05:40:17,mlx5_3,0.000,0.000,0.000,0.000
2025-11-15 05:40:17,mlx5_4,0.000,0.000,0.000,0.000
2025-11-15 05:40:17,mlx5_5,0.000,0.000,0.000,0.000
2025-11-15 05:40:17,mlx5_6,0.000,0.000,0.000,0.000
2025-11-15 05:40:17,mlx5_7,0.000,0.000,0.000,0.000
2025-11-15 05:40:17,mlx5_8,0.000,0.000,0.000,0.000
2025-11-15 05:40:17,mlx5_9,0.000,0.000,228.345,204.022
2025-11-15 05:40:17,TOTAL,0.000,0.000,685.272,613.404
2025-11-15 05:40:18,mlx5_0,0.000,0.000,0.000,0.000
2025-11-15 05:40:18,mlx5_1,12.412,0.017,229.546,201.914
2025-11-15 05:40:18,mlx5_2,12.508,0.017,230.510,207.473
2025-11-15 05:40:18,mlx5_3,0.000,0.000,0.000,0.000
2025-11-15 05:40:18,mlx5_4,0.000,0.000,0.000,0.000
2025-11-15 05:40:18,mlx5_5,0.000,0.000,0.000,0.000
2025-11-15 05:40:18,mlx5_6,0.000,0.000,0.000,0.000
2025-11-15 05:40:18,mlx5_7,0.000,0.000,0.000,0.000
2025-11-15 05:40:18,mlx5_8,0.000,0.000,0.000,0.000
2025-11-15 05:40:18,mlx5_9,12.328,0.017,229.893,204.024
2025-11-15 05:40:18,TOTAL,37.248,0.051,689.949,613.411
2025-11-15 05:40:19,mlx5_0,0.000,0.000,0.000,0.000
2025-11-15 05:40:19,mlx5_1,0.000,0.000,229.546,201.914
2025-11-15 05:40:19,mlx5_2,0.000,0.000,230.510,207.473
2025-11-15 05:40:19,mlx5_3,0.000,0.000,0.000,0.000
2025-11-15 05:40:19,mlx5_4,0.000,0.000,0.000,0.000
2025-11-15 05:40:19,mlx5_5,0.000,0.000,0.000,0.000
2025-11-15 05:40:19,mlx5_6,0.000,0.000,0.000,0.000
2025-11-15 05:40:19,mlx5_7,0.000,0.000,0.000,0.000
2025-11-15 05:40:19,mlx5_8,0.000,0.000,0.000,0.000
2025-11-15 05:40:19,mlx5_9,0.000,0.000,229.893,204.024
2025-11-15 05:40:19,TOTAL,0.000,0.000,689.949,613.411
2025-11-15 05:40:20,mlx5_0,0.000,0.000,0.000,0.000
2025-11-15 05:40:20,mlx5_1,0.000,0.000,229.546,201.914
2025-11-15 05:40:20,mlx5_2,0.000,0.000,230.510,207.473
2025-11-15 05:40:20,mlx5_3,0.000,0.000,0.000,0.000
2025-11-15 05:40:20,mlx5_4,0.000,0.000,0.000,0.000
2025-11-15 05:40:20,mlx5_5,0.000,0.000,0.000,0.000
2025-11-15 05:40:20,mlx5_6,0.000,0.000,0.000,0.000
2025-11-15 05:40:20,mlx5_7,0.000,0.000,0.000,0.000
2025-11-15 05:40:20,mlx5_8,0.000,0.000,0.000,0.000
2025-11-15 05:40:20,mlx5_9,0.000,0.000,229.893,204.024
2025-11-15 05:40:20,TOTAL,0.000,0.000,689.949,613.411
2025-11-15 05:40:21,mlx5_0,0.000,0.000,0.000,0.000
2025-11-15 05:40:21,mlx5_1,0.000,0.000,229.546,201.914
2025-11-15 05:40:21,mlx5_2,0.000,0.000,230.510,207.473
2025-11-15 05:40:21,mlx5_3,0.000,0.000,0.000,0.000
2025-11-15 05:40:21,mlx5_4,0.000,0.000,0.000,0.000
2025-11-15 05:40:21,mlx5_5,0.000,0.000,0.000,0.000
2025-11-15 05:40:21,mlx5_6,0.000,0.000,0.000,0.000
2025-11-15 05:40:21,mlx5_7,0.000,0.000,0.000,0.000
2025-11-15 05:40:21,mlx5_8,0.000,0.000,0.000,0.000
2025-11-15 05:40:21,mlx5_9,0.000,0.000,229.893,204.024
2025-11-15 05:40:21,TOTAL,0.000,0.000,689.949,613.411
2025-11-15 05:40:22,mlx5_0,0.000,0.000,0.000,0.000
2025-11-15 05:40:22,mlx5_1,5.508,0.008,230.237,201.915
2025-11-15 05:40:22,mlx5_2,5.552,0.008,231.206,207.474
2025-11-15 05:40:22,mlx5_3,0.000,0.000,0.000,0.000
2025-11-15 05:40:22,mlx5_4,0.000,0.000,0.000,0.000
2025-11-15 05:40:22,mlx5_5,0.000,0.000,0.000,0.000
2025-11-15 05:40:22,mlx5_6,0.000,0.000,0.000,0.000
2025-11-15 05:40:22,mlx5_7,0.000,0.000,0.000,0.000
2025-11-15 05:40:22,mlx5_8,0.000,0.000,0.000,0.000
2025-11-15 05:40:22,mlx5_9,5.718,0.008,230.610,204.025
2025-11-15 05:40:22,TOTAL,16.777,0.025,692.054,613.414
2025-11-15 05:40:23,mlx5_0,0.000,0.000,0.000,0.000
2025-11-15 05:40:23,mlx5_1,6.873,0.017,231.100,201.917
2025-11-15 05:40:23,mlx5_2,6.884,0.017,232.070,207.476
2025-11-15 05:40:23,mlx5_3,0.000,0.000,0.000,0.000
2025-11-15 05:40:23,mlx5_4,0.000,0.000,0.000,0.000
2025-11-15 05:40:23,mlx5_5,0.000,0.000,0.000,0.000
2025-11-15 05:40:23,mlx5_6,0.000,0.000,0.000,0.000
2025-11-15 05:40:23,mlx5_7,0.000,0.000,0.000,0.000
2025-11-15 05:40:23,mlx5_8,0.000,0.000,0.000,0.000
2025-11-15 05:40:23,mlx5_9,6.762,0.017,231.459,204.027
2025-11-15 05:40:23,TOTAL,20.519,0.052,694.629,613.420
2025-11-15 05:40:24,mlx5_0,0.000,0.000,0.000,0.000
2025-11-15 05:40:24,mlx5_1,0.000,0.000,231.100,201.917
2025-11-15 05:40:24,mlx5_2,0.000,0.000,232.070,207.476
2025-11-15 05:40:24,mlx5_3,0.000,0.000,0.000,0.000
2025-11-15 05:40:24,mlx5_4,0.000,0.000,0.000,0.000
2025-11-15 05:40:24,mlx5_5,0.000,0.000,0.000,0.000
2025-11-15 05:40:24,mlx5_6,0.000,0.000,0.000,0.000
2025-11-15 05:40:24,mlx5_7,0.000,0.000,0.000,0.000
2025-11-15 05:40:24,mlx5_8,0.000,0.000,0.000,0.000
2025-11-15 05:40:24,mlx5_9,0.000,0.000,231.459,204.027
2025-11-15 05:40:24,TOTAL,0.000,0.000,694.629,613.420
2025-11-15 05:40:25,mlx5_0,0.000,0.000,0.000,0.000
2025-11-15 05:40:25,mlx5_1,0.000,0.000,231.100,201.917
2025-11-15 05:40:25,mlx5_2,0.000,0.000,232.070,207.476
2025-11-15 05:40:25,mlx5_3,0.000,0.000,0.000,0.000
2025-11-15 05:40:25,mlx5_4,0.000,0.000,0.000,0.000
2025-11-15 05:40:25,mlx5_5,0.000,0.000,0.000,0.000
2025-11-15 05:40:25,mlx5_6,0.000,0.000,0.000,0.000
2025-11-15 05:40:25,mlx5_7,0.000,0.000,0.000,0.000
2025-11-15 05:40:25,mlx5_8,0.000,0.000,0.000,0.000
2025-11-15 05:40:25,mlx5_9,0.000,0.000,231.459,204.027
2025-11-15 05:40:25,TOTAL,0.000,0.000,694.629,613.420
2025-11-15 05:40:26,mlx5_0,0.000,0.000,0.000,0.000
2025-11-15 05:40:26,mlx5_1,0.000,0.000,231.100,201.917
2025-11-15 05:40:26,mlx5_2,0.000,0.000,232.070,207.476
2025-11-15 05:40:26,mlx5_3,0.000,0.000,0.000,0.000
2025-11-15 05:40:26,mlx5_4,0.000,0.000,0.000,0.000
2025-11-15 05:40:26,mlx5_5,0.000,0.000,0.000,0.000
2025-11-15 05:40:26,mlx5_6,0.000,0.000,0.000,0.000
2025-11-15 05:40:26,mlx5_7,0.000,0.000,0.000,0.000
2025-11-15 05:40:26,mlx5_8,0.000,0.000,0.000,0.000
2025-11-15 05:40:26,mlx5_9,0.000,0.000,231.459,204.027
2025-11-15 05:40:26,TOTAL,0.000,0.000,694.629,613.420
2025-11-15 05:40:27,mlx5_0,0.000,0.000,0.000,0.000
2025-11-15 05:40:27,mlx5_1,12.706,0.017,232.694,201.919
2025-11-15 05:40:27,mlx5_2,12.573,0.017,233.648,207.478
2025-11-15 05:40:27,mlx5_3,0.000,0.000,0.000,0.000
2025-11-15 05:40:27,mlx5_4,0.000,0.000,0.000,0.000
2025-11-15 05:40:27,mlx5_5,0.000,0.000,0.000,0.000
2025-11-15 05:40:27,mlx5_6,0.000,0.000,0.000,0.000
2025-11-15 05:40:27,mlx5_7,0.000,0.000,0.000,0.000
2025-11-15 05:40:27,mlx5_8,0.000,0.000,0.000,0.000
2025-11-15 05:40:27,mlx5_9,12.716,0.017,233.055,204.029
2025-11-15 05:40:27,TOTAL,37.994,0.052,699.397,613.427
2025-11-15 05:40:28,mlx5_0,0.000,0.000,0.000,0.000
2025-11-15 05:40:28,mlx5_1,0.000,0.000,232.694,201.919
2025-11-15 05:40:28,mlx5_2,0.000,0.000,233.648,207.478
2025-11-15 05:40:28,mlx5_3,0.000,0.000,0.000,0.000
2025-11-15 05:40:28,mlx5_4,0.000,0.000,0.000,0.000
2025-11-15 05:40:28,mlx5_5,0.000,0.000,0.000,0.000
2025-11-15 05:40:28,mlx5_6,0.000,0.000,0.000,0.000
2025-11-15 05:40:28,mlx5_7,0.000,0.000,0.000,0.000
2025-11-15 05:40:28,mlx5_8,0.000,0.000,0.000,0.000
2025-11-15 05:40:28,mlx5_9,0.000,0.000,233.055,204.029
2025-11-15 05:40:28,TOTAL,0.000,0.000,699.397,613.427
2025-11-15 05:40:29,mlx5_0,0.000,0.000,0.000,0.000
2025-11-15 05:40:29,mlx5_1,0.000,0.000,232.694,201.919
2025-11-15 05:40:29,mlx5_2,0.000,0.000,233.648,207.478
2025-11-15 05:40:29,mlx5_3,0.000,0.000,0.000,0.000
2025-11-15 05:40:29,mlx5_4,0.000,0.000,0.000,0.000
2025-11-15 05:40:29,mlx5_5,0.000,0.000,0.000,0.000
2025-11-15 05:40:29,mlx5_6,0.000,0.000,0.000,0.000
2025-11-15 05:40:29,mlx5_7,0.000,0.000,0.000,0.000
2025-11-15 05:40:29,mlx5_8,0.000,0.000,0.000,0.000
2025-11-15 05:40:29,mlx5_9,0.000,0.000,233.055,204.029
2025-11-15 05:40:29,TOTAL,0.000,0.000,699.397,613.427
2025-11-15 05:40:30,mlx5_0,0.000,0.000,0.000,0.000
2025-11-15 05:40:30,mlx5_1,8.916,0.012,233.813,201.921
2025-11-15 05:40:30,mlx5_2,8.857,0.012,234.760,207.480
2025-11-15 05:40:30,mlx5_3,0.000,0.000,0.000,0.000
2025-11-15 05:40:30,mlx5_4,0.000,0.000,0.000,0.000
2025-11-15 05:40:30,mlx5_5,0.000,0.000,0.000,0.000
2025-11-15 05:40:30,mlx5_6,0.000,0.000,0.000,0.000
2025-11-15 05:40:30,mlx5_7,0.000,0.000,0.000,0.000
2025-11-15 05:40:30,mlx5_8,0.000,0.000,0.000,0.000
2025-11-15 05:40:30,mlx5_9,8.937,0.012,234.176,204.031
2025-11-15 05:40:30,TOTAL,26.709,0.037,702.748,613.431
2025-11-15 05:40:31,mlx5_0,0.000,0.000,0.000,0.000
2025-11-15 05:40:31,mlx5_1,3.583,0.005,234.262,201.921
2025-11-15 05:40:31,mlx5_2,3.480,0.005,235.196,207.480
2025-11-15 05:40:31,mlx5_3,0.000,0.000,0.000,0.000
2025-11-15 05:40:31,mlx5_4,0.000,0.000,0.000,0.000
2025-11-15 05:40:31,mlx5_5,0.000,0.000,0.000,0.000
2025-11-15 05:40:31,mlx5_6,0.000,0.000,0.000,0.000
2025-11-15 05:40:31,mlx5_7,0.000,0.000,0.000,0.000
2025-11-15 05:40:31,mlx5_8,0.000,0.000,0.000,0.000
2025-11-15 05:40:31,mlx5_9,3.507,0.005,234.616,204.031
2025-11-15 05:40:31,TOTAL,10.570,0.014,704.074,613.433
2025-11-15 05:40:32,mlx5_0,0.000,0.000,0.000,0.000
2025-11-15 05:40:32,mlx5_1,0.000,0.000,234.262,201.921
2025-11-15 05:40:32,mlx5_2,0.000,0.000,235.196,207.480
2025-11-15 05:40:32,mlx5_3,0.000,0.000,0.000,0.000
2025-11-15 05:40:32,mlx5_4,0.000,0.000,0.000,0.000
2025-11-15 05:40:32,mlx5_5,0.000,0.000,0.000,0.000
2025-11-15 05:40:32,mlx5_6,0.000,0.000,0.000,0.000
2025-11-15 05:40:32,mlx5_7,0.000,0.000,0.000,0.000
2025-11-15 05:40:32,mlx5_8,0.000,0.000,0.000,0.000
2025-11-15 05:40:32,mlx5_9,0.000,0.000,234.616,204.031
2025-11-15 05:40:32,TOTAL,0.000,0.000,704.074,613.433
2025-11-15 05:40:33,mlx5_0,0.000,0.000,0.000,0.000
2025-11-15 05:40:33,mlx5_1,0.000,0.000,234.262,201.921
2025-11-15 05:40:33,mlx5_2,0.000,0.000,235.196,207.480
2025-11-15 05:40:33,mlx5_3,0.000,0.000,0.000,0.000
2025-11-15 05:40:33,mlx5_4,0.000,0.000,0.000,0.000
2025-11-15 05:40:33,mlx5_5,0.000,0.000,0.000,0.000
2025-11-15 05:40:33,mlx5_6,0.000,0.000,0.000,0.000
2025-11-15 05:40:33,mlx5_7,0.000,0.000,0.000,0.000
2025-11-15 05:40:33,mlx5_8,0.000,0.000,0.000,0.000
2025-11-15 05:40:33,mlx5_9,0.000,0.000,234.616,204.031
2025-11-15 05:40:33,TOTAL,0.000,0.000,704.074,613.433
2025-11-15 05:40:34,mlx5_0,0.000,0.000,0.000,0.000
2025-11-15 05:40:34,mlx5_1,12.447,0.017,235.824,201.923
2025-11-15 05:40:34,mlx5_2,12.463,0.017,236.760,207.483
2025-11-15 05:40:34,mlx5_3,0.000,0.000,0.000,0.000
2025-11-15 05:40:34,mlx5_4,0.000,0.000,0.000,0.000
2025-11-15 05:40:34,mlx5_5,0.000,0.000,0.000,0.000
2025-11-15 05:40:34,mlx5_6,0.000,0.000,0.000,0.000
2025-11-15 05:40:34,mlx5_7,0.000,0.000,0.000,0.000
2025-11-15 05:40:34,mlx5_8,0.000,0.000,0.000,0.000
2025-11-15 05:40:34,mlx5_9,12.365,0.017,236.167,204.033
2025-11-15 05:40:34,TOTAL,37.275,0.050,708.751,613.439
2025-11-15 05:40:35,mlx5_0,0.000,0.000,0.000,0.000
2025-11-15 05:40:35,mlx5_1,0.000,0.000,235.824,201.923
2025-11-15 05:40:35,mlx5_2,0.000,0.000,236.760,207.483
2025-11-15 05:40:35,mlx5_3,0.000,0.000,0.000,0.000
2025-11-15 05:40:35,mlx5_4,0.000,0.000,0.000,0.000
2025-11-15 05:40:35,mlx5_5,0.000,0.000,0.000,0.000
2025-11-15 05:40:35,mlx5_6,0.000,0.000,0.000,0.000
2025-11-15 05:40:35,mlx5_7,0.000,0.000,0.000,0.000
2025-11-15 05:40:35,mlx5_8,0.000,0.000,0.000,0.000
2025-11-15 05:40:35,mlx5_9,0.000,0.000,236.167,204.033
2025-11-15 05:40:35,TOTAL,0.000,0.000,708.751,613.439
2025-11-15 05:40:36,mlx5_0,0.000,0.000,0.000,0.000
2025-11-15 05:40:36,mlx5_1,0.000,0.000,235.824,201.923
2025-11-15 05:40:36,mlx5_2,0.000,0.000,236.760,207.483
2025-11-15 05:40:36,mlx5_3,0.000,0.000,0.000,0.000
2025-11-15 05:40:36,mlx5_4,0.000,0.000,0.000,0.000
2025-11-15 05:40:36,mlx5_5,0.000,0.000,0.000,0.000
2025-11-15 05:40:36,mlx5_6,0.000,0.000,0.000,0.000
2025-11-15 05:40:36,mlx5_7,0.000,0.000,0.000,0.000
2025-11-15 05:40:36,mlx5_8,0.000,0.000,0.000,0.000
2025-11-15 05:40:36,mlx5_9,0.000,0.000,236.167,204.033
2025-11-15 05:40:36,TOTAL,0.000,0.000,708.751,613.439
2025-11-15 05:40:37,mlx5_0,0.000,0.000,0.000,0.000
2025-11-15 05:40:37,mlx5_1,0.000,0.000,235.824,201.923
2025-11-15 05:40:37,mlx5_2,0.000,0.000,236.760,207.483
2025-11-15 05:40:37,mlx5_3,0.000,0.000,0.000,0.000
2025-11-15 05:40:37,mlx5_4,0.000,0.000,0.000,0.000
2025-11-15 05:40:37,mlx5_5,0.000,0.000,0.000,0.000
2025-11-15 05:40:37,mlx5_6,0.000,0.000,0.000,0.000
2025-11-15 05:40:37,mlx5_7,0.000,0.000,0.000,0.000
2025-11-15 05:40:37,mlx5_8,0.000,0.000,0.000,0.000
2025-11-15 05:40:37,mlx5_9,0.000,0.000,236.167,204.033
2025-11-15 05:40:37,TOTAL,0.000,0.000,708.751,613.439
2025-11-15 05:40:38,mlx5_0,0.000,0.000,0.000,0.000
2025-11-15 05:40:38,mlx5_1,12.480,0.017,237.390,201.925
2025-11-15 05:40:38,mlx5_2,12.432,0.017,238.320,207.485
2025-11-15 05:40:38,mlx5_3,0.000,0.000,0.000,0.000
2025-11-15 05:40:38,mlx5_4,0.000,0.000,0.000,0.000
2025-11-15 05:40:38,mlx5_5,0.000,0.000,0.000,0.000
2025-11-15 05:40:38,mlx5_6,0.000,0.000,0.000,0.000
2025-11-15 05:40:38,mlx5_7,0.000,0.000,0.000,0.000
2025-11-15 05:40:38,mlx5_8,0.000,0.000,0.000,0.000
2025-11-15 05:40:38,mlx5_9,12.365,0.017,237.719,204.036
2025-11-15 05:40:38,TOTAL,37.277,0.050,713.428,613.446
2025-11-15 05:40:39,mlx5_0,0.000,0.000,0.000,0.000
2025-11-15 05:40:39,mlx5_1,0.000,0.000,237.390,201.925
2025-11-15 05:40:39,mlx5_2,0.000,0.000,238.320,207.485
2025-11-15 05:40:39,mlx5_3,0.000,0.000,0.000,0.000
2025-11-15 05:40:39,mlx5_4,0.000,0.000,0.000,0.000
2025-11-15 05:40:39,mlx5_5,0.000,0.000,0.000,0.000
2025-11-15 05:40:39,mlx5_6,0.000,0.000,0.000,0.000
2025-11-15 05:40:39,mlx5_7,0.000,0.000,0.000,0.000
2025-11-15 05:40:39,mlx5_8,0.000,0.000,0.000,0.000
2025-11-15 05:40:39,mlx5_9,0.000,0.000,237.719,204.036
2025-11-15 05:40:39,TOTAL,0.000,0.000,713.428,613.446
2025-11-15 05:40:40,mlx5_0,0.000,0.000,0.000,0.000
2025-11-15 05:40:40,mlx5_1,0.000,0.000,237.390,201.925
2025-11-15 05:40:40,mlx5_2,0.000,0.000,238.320,207.485
2025-11-15 05:40:40,mlx5_3,0.000,0.000,0.000,0.000
2025-11-15 05:40:40,mlx5_4,0.000,0.000,0.000,0.000
2025-11-15 05:40:40,mlx5_5,0.000,0.000,0.000,0.000
2025-11-15 05:40:40,mlx5_6,0.000,0.000,0.000,0.000
2025-11-15 05:40:40,mlx5_7,0.000,0.000,0.000,0.000
2025-11-15 05:40:40,mlx5_8,0.000,0.000,0.000,0.000
2025-11-15 05:40:40,mlx5_9,0.000,0.000,237.719,204.036
2025-11-15 05:40:40,TOTAL,0.000,0.000,713.428,613.446
2025-11-15 05:40:41,mlx5_0,0.000,0.000,0.000,0.000
2025-11-15 05:40:41,mlx5_1,0.000,0.000,237.390,201.925
2025-11-15 05:40:41,mlx5_2,0.000,0.000,238.320,207.485
2025-11-15 05:40:41,mlx5_3,0.000,0.000,0.000,0.000
2025-11-15 05:40:41,mlx5_4,0.000,0.000,0.000,0.000
2025-11-15 05:40:41,mlx5_5,0.000,0.000,0.000,0.000
2025-11-15 05:40:41,mlx5_6,0.000,0.000,0.000,0.000
2025-11-15 05:40:41,mlx5_7,0.000,0.000,0.000,0.000
2025-11-15 05:40:41,mlx5_8,0.000,0.000,0.000,0.000
2025-11-15 05:40:41,mlx5_9,0.000,0.000,237.719,204.036
2025-11-15 05:40:41,TOTAL,0.000,0.000,713.428,613.446
2025-11-15 05:40:42,mlx5_0,0.000,0.000,0.000,0.000
2025-11-15 05:40:42,mlx5_1,12.349,0.017,238.939,201.927
2025-11-15 05:40:42,mlx5_2,12.401,0.017,239.876,207.487
2025-11-15 05:40:42,mlx5_3,0.000,0.000,0.000,0.000
2025-11-15 05:40:42,mlx5_4,0.000,0.000,0.000,0.000
2025-11-15 05:40:42,mlx5_5,0.000,0.000,0.000,0.000
2025-11-15 05:40:42,mlx5_6,0.000,0.000,0.000,0.000
2025-11-15 05:40:42,mlx5_7,0.000,0.000,0.000,0.000
2025-11-15 05:40:42,mlx5_8,0.000,0.000,0.000,0.000
2025-11-15 05:40:42,mlx5_9,12.524,0.017,239.290,204.038
2025-11-15 05:40:42,TOTAL,37.274,0.050,718.105,613.452
2025-11-15 05:40:43,mlx5_0,0.000,0.000,0.000,0.000
2025-11-15 05:40:43,mlx5_1,0.000,0.000,238.939,201.927
2025-11-15 05:40:43,mlx5_2,0.000,0.000,239.876,207.487
2025-11-15 05:40:43,mlx5_3,0.000,0.000,0.000,0.000
2025-11-15 05:40:43,mlx5_4,0.000,0.000,0.000,0.000
2025-11-15 05:40:43,mlx5_5,0.000,0.000,0.000,0.000
2025-11-15 05:40:43,mlx5_6,0.000,0.000,0.000,0.000
2025-11-15 05:40:43,mlx5_7,0.000,0.000,0.000,0.000
2025-11-15 05:40:43,mlx5_8,0.000,0.000,0.000,0.000
2025-11-15 05:40:43,mlx5_9,0.000,0.000,239.290,204.038
2025-11-15 05:40:43,TOTAL,0.000,0.000,718.105,613.452
2025-11-15 05:40:44,mlx5_0,0.000,0.000,0.000,0.000
2025-11-15 05:40:44,mlx5_1,0.000,0.000,238.939,201.927
2025-11-15 05:40:44,mlx5_2,0.000,0.000,239.876,207.487
2025-11-15 05:40:44,mlx5_3,0.000,0.000,0.000,0.000
2025-11-15 05:40:44,mlx5_4,0.000,0.000,0.000,0.000
2025-11-15 05:40:44,mlx5_5,0.000,0.000,0.000,0.000
2025-11-15 05:40:44,mlx5_6,0.000,0.000,0.000,0.000
2025-11-15 05:40:44,mlx5_7,0.000,0.000,0.000,0.000
2025-11-15 05:40:44,mlx5_8,0.000,0.000,0.000,0.000
2025-11-15 05:40:44,mlx5_9,0.000,0.000,239.290,204.038
2025-11-15 05:40:44,TOTAL,0.000,0.000,718.105,613.452
2025-11-15 05:40:45,mlx5_0,0.000,0.000,0.000,0.000
2025-11-15 05:40:45,mlx5_1,0.000,0.000,238.939,201.927
2025-11-15 05:40:45,mlx5_2,0.000,0.000,239.876,207.487
2025-11-15 05:40:45,mlx5_3,0.000,0.000,0.000,0.000
2025-11-15 05:40:45,mlx5_4,0.000,0.000,0.000,0.000
2025-11-15 05:40:45,mlx5_5,0.000,0.000,0.000,0.000
2025-11-15 05:40:45,mlx5_6,0.000,0.000,0.000,0.000
2025-11-15 05:40:45,mlx5_7,0.000,0.000,0.000,0.000
2025-11-15 05:40:45,mlx5_8,0.000,0.000,0.000,0.000
2025-11-15 05:40:45,mlx5_9,0.000,0.000,239.290,204.038
2025-11-15 05:40:45,TOTAL,0.000,0.000,718.105,613.452
2025-11-15 05:40:46,mlx5_0,0.000,0.000,0.000,0.000
2025-11-15 05:40:46,mlx5_1,1.560,0.003,239.135,201.928
2025-11-15 05:40:46,mlx5_2,1.462,0.003,240.059,207.487
2025-11-15 05:40:46,mlx5_3,0.000,0.000,0.000,0.000
2025-11-15 05:40:46,mlx5_4,0.000,0.000,0.000,0.000
2025-11-15 05:40:46,mlx5_5,0.000,0.000,0.000,0.000
2025-11-15 05:40:46,mlx5_6,0.000,0.000,0.000,0.000
2025-11-15 05:40:46,mlx5_7,0.000,0.000,0.000,0.000
2025-11-15 05:40:46,mlx5_8,0.000,0.000,0.000,0.000
2025-11-15 05:40:46,mlx5_9,1.768,0.003,239.512,204.038
2025-11-15 05:40:46,TOTAL,4.790,0.009,718.706,613.453
2025-11-15 05:40:47,mlx5_0,0.000,0.000,0.000,0.000
2025-11-15 05:40:47,mlx5_1,10.831,0.022,240.496,201.931
2025-11-15 05:40:47,mlx5_2,10.879,0.022,241.426,207.490
2025-11-15 05:40:47,mlx5_3,0.000,0.000,0.000,0.000
2025-11-15 05:40:47,mlx5_4,0.000,0.000,0.000,0.000
2025-11-15 05:40:47,mlx5_5,0.000,0.000,0.000,0.000
2025-11-15 05:40:47,mlx5_6,0.000,0.000,0.000,0.000
2025-11-15 05:40:47,mlx5_7,0.000,0.000,0.000,0.000
2025-11-15 05:40:47,mlx5_8,0.000,0.000,0.000,0.000
2025-11-15 05:40:47,mlx5_9,10.748,0.022,240.862,204.041
2025-11-15 05:40:47,TOTAL,32.458,0.067,722.785,613.461
2025-11-15 05:40:48,mlx5_0,0.000,0.000,0.000,0.000
2025-11-15 05:40:48,mlx5_1,0.000,0.000,240.496,201.931
2025-11-15 05:40:48,mlx5_2,0.000,0.000,241.426,207.490
2025-11-15 05:40:48,mlx5_3,0.000,0.000,0.000,0.000
2025-11-15 05:40:48,mlx5_4,0.000,0.000,0.000,0.000
2025-11-15 05:40:48,mlx5_5,0.000,0.000,0.000,0.000
2025-11-15 05:40:48,mlx5_6,0.000,0.000,0.000,0.000
2025-11-15 05:40:48,mlx5_7,0.000,0.000,0.000,0.000
2025-11-15 05:40:48,mlx5_8,0.000,0.000,0.000,0.000
2025-11-15 05:40:48,mlx5_9,0.000,0.000,240.862,204.041
2025-11-15 05:40:48,TOTAL,0.000,0.000,722.785,613.461
2025-11-15 05:40:49,mlx5_0,0.000,0.000,0.000,0.000
2025-11-15 05:40:49,mlx5_1,0.000,0.000,240.496,201.931
2025-11-15 05:40:49,mlx5_2,0.000,0.000,241.426,207.490
2025-11-15 05:40:49,mlx5_3,0.000,0.000,0.000,0.000
2025-11-15 05:40:49,mlx5_4,0.000,0.000,0.000,0.000
2025-11-15 05:40:49,mlx5_5,0.000,0.000,0.000,0.000
2025-11-15 05:40:49,mlx5_6,0.000,0.000,0.000,0.000
2025-11-15 05:40:49,mlx5_7,0.000,0.000,0.000,0.000
2025-11-15 05:40:49,mlx5_8,0.000,0.000,0.000,0.000
2025-11-15 05:40:49,mlx5_9,0.000,0.000,240.862,204.041
2025-11-15 05:40:49,TOTAL,0.000,0.000,722.785,613.461
2025-11-15 05:40:50,mlx5_0,0.000,0.000,0.000,0.000
2025-11-15 05:40:50,mlx5_1,0.000,0.000,240.496,201.931
2025-11-15 05:40:50,mlx5_2,0.000,0.000,241.426,207.490
2025-11-15 05:40:50,mlx5_3,0.000,0.000,0.000,0.000
2025-11-15 05:40:50,mlx5_4,0.000,0.000,0.000,0.000
2025-11-15 05:40:50,mlx5_5,0.000,0.000,0.000,0.000
2025-11-15 05:40:50,mlx5_6,0.000,0.000,0.000,0.000
2025-11-15 05:40:50,mlx5_7,0.000,0.000,0.000,0.000
2025-11-15 05:40:50,mlx5_8,0.000,0.000,0.000,0.000
2025-11-15 05:40:50,mlx5_9,0.000,0.000,240.862,204.041
2025-11-15 05:40:50,TOTAL,0.000,0.000,722.785,613.461
2025-11-15 05:40:51,mlx5_0,0.000,0.000,0.000,0.000
2025-11-15 05:40:51,mlx5_1,8.325,0.011,241.541,201.932
2025-11-15 05:40:51,mlx5_2,8.445,0.012,242.486,207.492
2025-11-15 05:40:51,mlx5_3,0.000,0.000,0.000,0.000
2025-11-15 05:40:51,mlx5_4,0.000,0.000,0.000,0.000
2025-11-15 05:40:51,mlx5_5,0.000,0.000,0.000,0.000
2025-11-15 05:40:51,mlx5_6,0.000,0.000,0.000,0.000
2025-11-15 05:40:51,mlx5_7,0.000,0.000,0.000,0.000
2025-11-15 05:40:51,mlx5_8,0.000,0.000,0.000,0.000
2025-11-15 05:40:51,mlx5_9,8.426,0.012,241.920,204.042
2025-11-15 05:40:51,TOTAL,25.196,0.035,725.947,613.466
2025-11-15 05:40:52,mlx5_0,0.000,0.000,0.000,0.000
2025-11-15 05:40:52,mlx5_1,3.522,0.005,241.983,201.933
2025-11-15 05:40:52,mlx5_2,3.525,0.005,242.928,207.492
2025-11-15 05:40:52,mlx5_3,0.000,0.000,0.000,0.000
2025-11-15 05:40:52,mlx5_4,0.000,0.000,0.000,0.000
2025-11-15 05:40:52,mlx5_5,0.000,0.000,0.000,0.000
2025-11-15 05:40:52,mlx5_6,0.000,0.000,0.000,0.000
2025-11-15 05:40:52,mlx5_7,0.000,0.000,0.000,0.000
2025-11-15 05:40:52,mlx5_8,0.000,0.000,0.000,0.000
2025-11-15 05:40:52,mlx5_9,3.423,0.005,242.349,204.043
2025-11-15 05:40:52,TOTAL,10.470,0.014,727.261,613.468
2025-11-15 05:40:53,mlx5_0,0.000,0.000,0.000,0.000
2025-11-15 05:40:53,mlx5_1,0.000,0.000,241.983,201.933
2025-11-15 05:40:53,mlx5_2,0.000,0.000,242.928,207.492
2025-11-15 05:40:53,mlx5_3,0.000,0.000,0.000,0.000
2025-11-15 05:40:53,mlx5_4,0.000,0.000,0.000,0.000
2025-11-15 05:40:53,mlx5_5,0.000,0.000,0.000,0.000
2025-11-15 05:40:53,mlx5_6,0.000,0.000,0.000,0.000
2025-11-15 05:40:53,mlx5_7,0.000,0.000,0.000,0.000
2025-11-15 05:40:53,mlx5_8,0.000,0.000,0.000,0.000
2025-11-15 05:40:53,mlx5_9,0.000,0.000,242.349,204.043
2025-11-15 05:40:53,TOTAL,0.000,0.000,727.261,613.468
2025-11-15 05:40:54,mlx5_0,0.000,0.000,0.000,0.000
2025-11-15 05:40:54,mlx5_1,3.338,0.005,242.402,201.933
2025-11-15 05:40:54,mlx5_2,3.493,0.005,243.367,207.493
2025-11-15 05:40:54,mlx5_3,0.000,0.000,0.000,0.000
2025-11-15 05:40:54,mlx5_4,0.000,0.000,0.000,0.000
2025-11-15 05:40:54,mlx5_5,0.000,0.000,0.000,0.000
2025-11-15 05:40:54,mlx5_6,0.000,0.000,0.000,0.000
2025-11-15 05:40:54,mlx5_7,0.000,0.000,0.000,0.000
2025-11-15 05:40:54,mlx5_8,0.000,0.000,0.000,0.000
2025-11-15 05:40:54,mlx5_9,3.554,0.005,242.795,204.044
2025-11-15 05:40:54,TOTAL,10.385,0.016,728.563,613.470
2025-11-15 05:40:55,mlx5_0,0.000,0.000,0.000,0.000
2025-11-15 05:40:55,mlx5_1,9.014,0.012,243.533,201.935
2025-11-15 05:40:55,mlx5_2,9.121,0.012,244.511,207.494
2025-11-15 05:40:55,mlx5_3,0.000,0.000,0.000,0.000
2025-11-15 05:40:55,mlx5_4,0.000,0.000,0.000,0.000
2025-11-15 05:40:55,mlx5_5,0.000,0.000,0.000,0.000
2025-11-15 05:40:55,mlx5_6,0.000,0.000,0.000,0.000
2025-11-15 05:40:55,mlx5_7,0.000,0.000,0.000,0.000
2025-11-15 05:40:55,mlx5_8,0.000,0.000,0.000,0.000
2025-11-15 05:40:55,mlx5_9,8.754,0.011,243.894,204.045
2025-11-15 05:40:55,TOTAL,26.889,0.035,731.938,613.474
2025-11-15 05:40:56,mlx5_0,0.000,0.000,0.000,0.000
2025-11-15 05:40:56,mlx5_1,0.000,0.000,243.533,201.935
2025-11-15 05:40:56,mlx5_2,0.000,0.000,244.511,207.494
2025-11-15 05:40:56,mlx5_3,0.000,0.000,0.000,0.000
2025-11-15 05:40:56,mlx5_4,0.000,0.000,0.000,0.000
2025-11-15 05:40:56,mlx5_5,0.000,0.000,0.000,0.000
2025-11-15 05:40:56,mlx5_6,0.000,0.000,0.000,0.000
2025-11-15 05:40:56,mlx5_7,0.000,0.000,0.000,0.000
2025-11-15 05:40:56,mlx5_8,0.000,0.000,0.000,0.000
2025-11-15 05:40:56,mlx5_9,0.000,0.000,243.894,204.045
2025-11-15 05:40:56,TOTAL,0.000,0.000,731.938,613.474
2025-11-15 05:40:57,mlx5_0,0.000,0.000,0.000,0.000
2025-11-15 05:40:57,mlx5_1,0.000,0.000,243.533,201.935
2025-11-15 05:40:57,mlx5_2,0.000,0.000,244.511,207.494
2025-11-15 05:40:57,mlx5_3,0.000,0.000,0.000,0.000
2025-11-15 05:40:57,mlx5_4,0.000,0.000,0.000,0.000
2025-11-15 05:40:57,mlx5_5,0.000,0.000,0.000,0.000
2025-11-15 05:40:57,mlx5_6,0.000,0.000,0.000,0.000
2025-11-15 05:40:57,mlx5_7,0.000,0.000,0.000,0.000
2025-11-15 05:40:57,mlx5_8,0.000,0.000,0.000,0.000
2025-11-15 05:40:57,mlx5_9,0.000,0.000,243.894,204.045
2025-11-15 05:40:57,TOTAL,0.000,0.000,731.938,613.474
2025-11-15 05:40:58,mlx5_0,0.000,0.000,0.000,0.000
2025-11-15 05:40:58,mlx5_1,12.381,0.017,245.086,201.937
2025-11-15 05:40:58,mlx5_2,12.417,0.017,246.069,207.496
2025-11-15 05:40:58,mlx5_3,0.000,0.000,0.000,0.000
2025-11-15 05:40:58,mlx5_4,0.000,0.000,0.000,0.000
2025-11-15 05:40:58,mlx5_5,0.000,0.000,0.000,0.000
2025-11-15 05:40:58,mlx5_6,0.000,0.000,0.000,0.000
2025-11-15 05:40:58,mlx5_7,0.000,0.000,0.000,0.000
2025-11-15 05:40:58,mlx5_8,0.000,0.000,0.000,0.000
2025-11-15 05:40:58,mlx5_9,12.477,0.017,245.459,204.047
2025-11-15 05:40:58,TOTAL,37.275,0.051,736.615,613.480
2025-11-15 05:40:59,mlx5_0,0.000,0.000,0.000,0.000
2025-11-15 05:40:59,mlx5_1,0.000,0.000,245.086,201.937
2025-11-15 05:40:59,mlx5_2,0.000,0.000,246.069,207.496
2025-11-15 05:40:59,mlx5_3,0.000,0.000,0.000,0.000
2025-11-15 05:40:59,mlx5_4,0.000,0.000,0.000,0.000
2025-11-15 05:40:59,mlx5_5,0.000,0.000,0.000,0.000
2025-11-15 05:40:59,mlx5_6,0.000,0.000,0.000,0.000
2025-11-15 05:40:59,mlx5_7,0.000,0.000,0.000,0.000
2025-11-15 05:40:59,mlx5_8,0.000,0.000,0.000,0.000
2025-11-15 05:40:59,mlx5_9,0.000,0.000,245.459,204.047
2025-11-15 05:40:59,TOTAL,0.000,0.000,736.615,613.480
2025-11-15 05:41:00,mlx5_0,0.000,0.000,0.000,0.000
2025-11-15 05:41:00,mlx5_1,0.000,0.000,245.086,201.937
2025-11-15 05:41:00,mlx5_2,0.000,0.000,246.069,207.496
2025-11-15 05:41:00,mlx5_3,0.000,0.000,0.000,0.000
2025-11-15 05:41:00,mlx5_4,0.000,0.000,0.000,0.000
2025-11-15 05:41:00,mlx5_5,0.000,0.000,0.000,0.000
2025-11-15 05:41:00,mlx5_6,0.000,0.000,0.000,0.000
2025-11-15 05:41:00,mlx5_7,0.000,0.000,0.000,0.000
2025-11-15 05:41:00,mlx5_8,0.000,0.000,0.000,0.000
2025-11-15 05:41:00,mlx5_9,0.000,0.000,245.459,204.047
2025-11-15 05:41:00,TOTAL,0.000,0.000,736.615,613.480
2025-11-15 05:41:01,mlx5_0,0.000,0.000,0.000,0.000
2025-11-15 05:41:01,mlx5_1,0.000,0.000,245.086,201.937
2025-11-15 05:41:01,mlx5_2,0.000,0.000,246.069,207.496
2025-11-15 05:41:01,mlx5_3,0.000,0.000,0.000,0.000
2025-11-15 05:41:01,mlx5_4,0.000,0.000,0.000,0.000
2025-11-15 05:41:01,mlx5_5,0.000,0.000,0.000,0.000
2025-11-15 05:41:01,mlx5_6,0.000,0.000,0.000,0.000
2025-11-15 05:41:01,mlx5_7,0.000,0.000,0.000,0.000
2025-11-15 05:41:01,mlx5_8,0.000,0.000,0.000,0.000
2025-11-15 05:41:01,mlx5_9,0.000,0.000,245.459,204.047
2025-11-15 05:41:01,TOTAL,0.000,0.000,736.615,613.480
2025-11-15 05:41:02,mlx5_0,0.000,0.000,0.000,0.000
2025-11-15 05:41:02,mlx5_1,12.586,0.017,246.665,201.939
2025-11-15 05:41:02,mlx5_2,12.533,0.017,247.642,207.498
2025-11-15 05:41:02,mlx5_3,0.000,0.000,0.000,0.000
2025-11-15 05:41:02,mlx5_4,0.000,0.000,0.000,0.000
2025-11-15 05:41:02,mlx5_5,0.000,0.000,0.000,0.000
2025-11-15 05:41:02,mlx5_6,0.000,0.000,0.000,0.000
2025-11-15 05:41:02,mlx5_7,0.000,0.000,0.000,0.000
2025-11-15 05:41:02,mlx5_8,0.000,0.000,0.000,0.000
2025-11-15 05:41:02,mlx5_9,12.154,0.017,246.984,204.049
2025-11-15 05:41:02,TOTAL,37.274,0.051,741.292,613.487
2025-11-15 05:41:03,mlx5_0,0.000,0.000,0.000,0.000
2025-11-15 05:41:03,mlx5_1,0.000,0.000,246.665,201.939
2025-11-15 05:41:03,mlx5_2,0.000,0.000,247.642,207.498
2025-11-15 05:41:03,mlx5_3,0.000,0.000,0.000,0.000
2025-11-15 05:41:03,mlx5_4,0.000,0.000,0.000,0.000
2025-11-15 05:41:03,mlx5_5,0.000,0.000,0.000,0.000
2025-11-15 05:41:03,mlx5_6,0.000,0.000,0.000,0.000
2025-11-15 05:41:03,mlx5_7,0.000,0.000,0.000,0.000
2025-11-15 05:41:03,mlx5_8,0.000,0.000,0.000,0.000
2025-11-15 05:41:03,mlx5_9,0.000,0.000,246.984,204.049
2025-11-15 05:41:03,TOTAL,0.000,0.000,741.292,613.487
2025-11-15 05:41:04,mlx5_0,0.000,0.000,0.000,0.000
2025-11-15 05:41:04,mlx5_1,0.000,0.000,246.665,201.939
2025-11-15 05:41:04,mlx5_2,0.000,0.000,247.642,207.498
2025-11-15 05:41:04,mlx5_3,0.000,0.000,0.000,0.000
2025-11-15 05:41:04,mlx5_4,0.000,0.000,0.000,0.000
2025-11-15 05:41:04,mlx5_5,0.000,0.000,0.000,0.000
2025-11-15 05:41:04,mlx5_6,0.000,0.000,0.000,0.000
2025-11-15 05:41:04,mlx5_7,0.000,0.000,0.000,0.000
2025-11-15 05:41:04,mlx5_8,0.000,0.000,0.000,0.000
2025-11-15 05:41:04,mlx5_9,0.000,0.000,246.984,204.049
2025-11-15 05:41:04,TOTAL,0.000,0.000,741.292,613.487
2025-11-15 05:41:05,mlx5_0,0.000,0.000,0.000,0.000
2025-11-15 05:41:05,mlx5_1,0.000,0.000,246.665,201.939
2025-11-15 05:41:05,mlx5_2,0.000,0.000,247.642,207.498
2025-11-15 05:41:05,mlx5_3,0.000,0.000,0.000,0.000
2025-11-15 05:41:05,mlx5_4,0.000,0.000,0.000,0.000
2025-11-15 05:41:05,mlx5_5,0.000,0.000,0.000,0.000
2025-11-15 05:41:05,mlx5_6,0.000,0.000,0.000,0.000
2025-11-15 05:41:05,mlx5_7,0.000,0.000,0.000,0.000
2025-11-15 05:41:05,mlx5_8,0.000,0.000,0.000,0.000
2025-11-15 05:41:05,mlx5_9,0.000,0.000,246.984,204.049
2025-11-15 05:41:05,TOTAL,0.000,0.000,741.292,613.487
2025-11-15 05:41:06,mlx5_0,0.000,0.000,0.000,0.000
2025-11-15 05:41:06,mlx5_1,12.427,0.017,248.225,201.941
2025-11-15 05:41:06,mlx5_2,12.373,0.017,249.195,207.501
2025-11-15 05:41:06,mlx5_3,0.000,0.000,0.000,0.000
2025-11-15 05:41:06,mlx5_4,0.000,0.000,0.000,0.000
2025-11-15 05:41:06,mlx5_5,0.000,0.000,0.000,0.000
2025-11-15 05:41:06,mlx5_6,0.000,0.000,0.000,0.000
2025-11-15 05:41:06,mlx5_7,0.000,0.000,0.000,0.000
2025-11-15 05:41:06,mlx5_8,0.000,0.000,0.000,0.000
2025-11-15 05:41:06,mlx5_9,12.465,0.017,248.549,204.051
2025-11-15 05:41:06,TOTAL,37.265,0.050,745.968,613.493
2025-11-15 05:41:07,mlx5_0,0.000,0.000,0.000,0.000
2025-11-15 05:41:07,mlx5_1,0.000,0.000,248.225,201.941
2025-11-15 05:41:07,mlx5_2,0.000,0.000,249.195,207.501
2025-11-15 05:41:07,mlx5_3,0.000,0.000,0.000,0.000
2025-11-15 05:41:07,mlx5_4,0.000,0.000,0.000,0.000
2025-11-15 05:41:07,mlx5_5,0.000,0.000,0.000,0.000
2025-11-15 05:41:07,mlx5_6,0.000,0.000,0.000,0.000
2025-11-15 05:41:07,mlx5_7,0.000,0.000,0.000,0.000
2025-11-15 05:41:07,mlx5_8,0.000,0.000,0.000,0.000
2025-11-15 05:41:07,mlx5_9,0.000,0.000,248.549,204.051
2025-11-15 05:41:07,TOTAL,0.000,0.000,745.968,613.493
2025-11-15 05:41:08,mlx5_0,0.000,0.000,0.000,0.000
2025-11-15 05:41:08,mlx5_1,0.000,0.000,248.225,201.941
2025-11-15 05:41:08,mlx5_2,0.000,0.000,249.195,207.501
2025-11-15 05:41:08,mlx5_3,0.000,0.000,0.000,0.000
2025-11-15 05:41:08,mlx5_4,0.000,0.000,0.000,0.000
2025-11-15 05:41:08,mlx5_5,0.000,0.000,0.000,0.000
2025-11-15 05:41:08,mlx5_6,0.000,0.000,0.000,0.000
2025-11-15 05:41:08,mlx5_7,0.000,0.000,0.000,0.000
2025-11-15 05:41:08,mlx5_8,0.000,0.000,0.000,0.000
2025-11-15 05:41:08,mlx5_9,0.000,0.000,248.549,204.051
2025-11-15 05:41:08,TOTAL,0.000,0.000,745.968,613.493
2025-11-15 05:41:09,mlx5_0,0.000,0.000,0.000,0.000
2025-11-15 05:41:09,mlx5_1,0.000,0.000,248.225,201.941
2025-11-15 05:41:09,mlx5_2,0.000,0.000,249.195,207.501
2025-11-15 05:41:09,mlx5_3,0.000,0.000,0.000,0.000
2025-11-15 05:41:09,mlx5_4,0.000,0.000,0.000,0.000
2025-11-15 05:41:09,mlx5_5,0.000,0.000,0.000,0.000
2025-11-15 05:41:09,mlx5_6,0.000,0.000,0.000,0.000
2025-11-15 05:41:09,mlx5_7,0.000,0.000,0.000,0.000
2025-11-15 05:41:09,mlx5_8,0.000,0.000,0.000,0.000
2025-11-15 05:41:09,mlx5_9,0.000,0.000,248.549,204.051
2025-11-15 05:41:09,TOTAL,0.000,0.000,745.968,613.493
2025-11-15 05:41:10,mlx5_0,0.000,0.000,0.000,0.000
2025-11-15 05:41:10,mlx5_1,0.902,0.002,248.338,201.941
2025-11-15 05:41:10,mlx5_2,0.987,0.002,249.318,207.501
2025-11-15 05:41:10,mlx5_3,0.000,0.000,0.000,0.000
2025-11-15 05:41:10,mlx5_4,0.000,0.000,0.000,0.000
2025-11-15 05:41:10,mlx5_5,0.000,0.000,0.000,0.000
2025-11-15 05:41:10,mlx5_6,0.000,0.000,0.000,0.000
2025-11-15 05:41:10,mlx5_7,0.000,0.000,0.000,0.000
2025-11-15 05:41:10,mlx5_8,0.000,0.000,0.000,0.000
2025-11-15 05:41:10,mlx5_9,0.990,0.002,248.673,204.052
2025-11-15 05:41:10,TOTAL,2.879,0.007,746.330,613.494
2025-11-15 05:41:11,mlx5_0,0.000,0.000,0.000,0.000
2025-11-15 05:41:11,mlx5_1,11.518,0.023,249.784,201.944
2025-11-15 05:41:11,mlx5_2,11.405,0.023,250.750,207.504
2025-11-15 05:41:11,mlx5_3,0.000,0.000,0.000,0.000
2025-11-15 05:41:11,mlx5_4,0.000,0.000,0.000,0.000
2025-11-15 05:41:11,mlx5_5,0.000,0.000,0.000,0.000
2025-11-15 05:41:11,mlx5_6,0.000,0.000,0.000,0.000
2025-11-15 05:41:11,mlx5_7,0.000,0.000,0.000,0.000
2025-11-15 05:41:11,mlx5_8,0.000,0.000,0.000,0.000
2025-11-15 05:41:11,mlx5_9,11.481,0.023,250.114,204.055
2025-11-15 05:41:11,TOTAL,34.404,0.070,750.649,613.503
2025-11-15 05:41:12,mlx5_0,0.000,0.000,0.000,0.000
2025-11-15 05:41:12,mlx5_1,0.000,0.000,249.784,201.944
2025-11-15 05:41:12,mlx5_2,0.000,0.000,250.750,207.504
2025-11-15 05:41:12,mlx5_3,0.000,0.000,0.000,0.000
2025-11-15 05:41:12,mlx5_4,0.000,0.000,0.000,0.000
2025-11-15 05:41:12,mlx5_5,0.000,0.000,0.000,0.000
2025-11-15 05:41:12,mlx5_6,0.000,0.000,0.000,0.000
2025-11-15 05:41:12,mlx5_7,0.000,0.000,0.000,0.000
2025-11-15 05:41:12,mlx5_8,0.000,0.000,0.000,0.000
2025-11-15 05:41:12,mlx5_9,0.000,0.000,250.114,204.055
2025-11-15 05:41:12,TOTAL,0.000,0.000,750.649,613.503
2025-11-15 05:41:13,mlx5_0,0.000,0.000,0.000,0.000
2025-11-15 05:41:13,mlx5_1,0.000,0.000,249.784,201.944
2025-11-15 05:41:13,mlx5_2,0.000,0.000,250.750,207.504
2025-11-15 05:41:13,mlx5_3,0.000,0.000,0.000,0.000
2025-11-15 05:41:13,mlx5_4,0.000,0.000,0.000,0.000
2025-11-15 05:41:13,mlx5_5,0.000,0.000,0.000,0.000
2025-11-15 05:41:13,mlx5_6,0.000,0.000,0.000,0.000
2025-11-15 05:41:13,mlx5_7,0.000,0.000,0.000,0.000
2025-11-15 05:41:13,mlx5_8,0.000,0.000,0.000,0.000
2025-11-15 05:41:13,mlx5_9,0.000,0.000,250.114,204.055
2025-11-15 05:41:13,TOTAL,0.000,0.000,750.649,613.503
2025-11-15 05:41:14,mlx5_0,0.000,0.000,0.000,0.000
2025-11-15 05:41:14,mlx5_1,0.000,0.000,249.784,201.944
2025-11-15 05:41:14,mlx5_2,0.000,0.000,250.750,207.504
2025-11-15 05:41:14,mlx5_3,0.000,0.000,0.000,0.000
2025-11-15 05:41:14,mlx5_4,0.000,0.000,0.000,0.000
2025-11-15 05:41:14,mlx5_5,0.000,0.000,0.000,0.000
2025-11-15 05:41:14,mlx5_6,0.000,0.000,0.000,0.000
2025-11-15 05:41:14,mlx5_7,0.000,0.000,0.000,0.000
2025-11-15 05:41:14,mlx5_8,0.000,0.000,0.000,0.000
2025-11-15 05:41:14,mlx5_9,0.000,0.000,250.114,204.055
2025-11-15 05:41:14,TOTAL,0.000,0.000,750.649,613.503
2025-11-15 05:41:15,mlx5_0,0.000,0.000,0.000,0.000
2025-11-15 05:41:15,mlx5_1,0.179,0.001,249.807,201.944
2025-11-15 05:41:15,mlx5_2,0.211,0.001,250.777,207.504
2025-11-15 05:41:15,mlx5_3,0.000,0.000,0.000,0.000
2025-11-15 05:41:15,mlx5_4,0.000,0.000,0.000,0.000
2025-11-15 05:41:15,mlx5_5,0.000,0.000,0.000,0.000
2025-11-15 05:41:15,mlx5_6,0.000,0.000,0.000,0.000
2025-11-15 05:41:15,mlx5_7,0.000,0.000,0.000,0.000
2025-11-15 05:41:15,mlx5_8,0.000,0.000,0.000,0.000
2025-11-15 05:41:15,mlx5_9,0.236,0.001,250.144,204.055
2025-11-15 05:41:15,TOTAL,0.626,0.002,750.727,613.503
2025-11-15 05:41:16,mlx5_0,0.000,0.000,0.000,0.000
2025-11-15 05:41:16,mlx5_1,12.489,0.017,251.376,201.946
2025-11-15 05:41:16,mlx5_2,12.378,0.017,252.332,207.506
2025-11-15 05:41:16,mlx5_3,0.000,0.000,0.000,0.000
2025-11-15 05:41:16,mlx5_4,0.000,0.000,0.000,0.000
2025-11-15 05:41:16,mlx5_5,0.000,0.000,0.000,0.000
2025-11-15 05:41:16,mlx5_6,0.000,0.000,0.000,0.000
2025-11-15 05:41:16,mlx5_7,0.000,0.000,0.000,0.000
2025-11-15 05:41:16,mlx5_8,0.000,0.000,0.000,0.000
2025-11-15 05:41:16,mlx5_9,12.457,0.017,251.709,204.057
2025-11-15 05:41:16,TOTAL,37.323,0.050,755.417,613.509
2025-11-15 05:41:17,mlx5_0,0.000,0.000,0.000,0.000
2025-11-15 05:41:17,mlx5_1,0.000,0.000,251.376,201.946
2025-11-15 05:41:17,mlx5_2,0.000,0.000,252.332,207.506
2025-11-15 05:41:17,mlx5_3,0.000,0.000,0.000,0.000
2025-11-15 05:41:17,mlx5_4,0.000,0.000,0.000,0.000
2025-11-15 05:41:17,mlx5_5,0.000,0.000,0.000,0.000
2025-11-15 05:41:17,mlx5_6,0.000,0.000,0.000,0.000
2025-11-15 05:41:17,mlx5_7,0.000,0.000,0.000,0.000
2025-11-15 05:41:17,mlx5_8,0.000,0.000,0.000,0.000
2025-11-15 05:41:17,mlx5_9,0.000,0.000,251.709,204.057
2025-11-15 05:41:17,TOTAL,0.000,0.000,755.417,613.509
2025-11-15 05:41:18,mlx5_0,0.000,0.000,0.000,0.000
2025-11-15 05:41:18,mlx5_1,0.000,0.000,251.376,201.946
2025-11-15 05:41:18,mlx5_2,0.000,0.000,252.332,207.506
2025-11-15 05:41:18,mlx5_3,0.000,0.000,0.000,0.000
2025-11-15 05:41:18,mlx5_4,0.000,0.000,0.000,0.000
2025-11-15 05:41:18,mlx5_5,0.000,0.000,0.000,0.000
2025-11-15 05:41:18,mlx5_6,0.000,0.000,0.000,0.000
2025-11-15 05:41:18,mlx5_7,0.000,0.000,0.000,0.000
2025-11-15 05:41:18,mlx5_8,0.000,0.000,0.000,0.000
2025-11-15 05:41:18,mlx5_9,0.000,0.000,251.709,204.057
2025-11-15 05:41:18,TOTAL,0.000,0.000,755.417,613.509
2025-11-15 05:41:19,mlx5_0,0.000,0.000,0.000,0.000
2025-11-15 05:41:19,mlx5_1,12.383,0.017,252.930,201.948
2025-11-15 05:41:19,mlx5_2,12.468,0.017,253.896,207.508
2025-11-15 05:41:19,mlx5_3,0.000,0.000,0.000,0.000
2025-11-15 05:41:19,mlx5_4,0.000,0.000,0.000,0.000
2025-11-15 05:41:19,mlx5_5,0.000,0.000,0.000,0.000
2025-11-15 05:41:19,mlx5_6,0.000,0.000,0.000,0.000
2025-11-15 05:41:19,mlx5_7,0.000,0.000,0.000,0.000
2025-11-15 05:41:19,mlx5_8,0.000,0.000,0.000,0.000
2025-11-15 05:41:19,mlx5_9,12.422,0.017,253.268,204.059
2025-11-15 05:41:19,TOTAL,37.274,0.051,760.094,613.515
2025-11-15 05:41:20,mlx5_0,0.000,0.000,0.000,0.000
2025-11-15 05:41:20,mlx5_1,0.000,0.000,252.930,201.948
2025-11-15 05:41:20,mlx5_2,0.000,0.000,253.896,207.508
2025-11-15 05:41:20,mlx5_3,0.000,0.000,0.000,0.000
2025-11-15 05:41:20,mlx5_4,0.000,0.000,0.000,0.000
2025-11-15 05:41:20,mlx5_5,0.000,0.000,0.000,0.000
2025-11-15 05:41:20,mlx5_6,0.000,0.000,0.000,0.000
2025-11-15 05:41:20,mlx5_7,0.000,0.000,0.000,0.000
2025-11-15 05:41:20,mlx5_8,0.000,0.000,0.000,0.000
2025-11-15 05:41:20,mlx5_9,0.000,0.000,253.268,204.059
2025-11-15 05:41:20,TOTAL,0.000,0.000,760.094,613.515
2025-11-15 05:41:21,mlx5_0,0.000,0.000,0.000,0.000
2025-11-15 05:41:21,mlx5_1,0.000,0.000,252.930,201.948
2025-11-15 05:41:21,mlx5_2,0.000,0.000,253.896,207.508
2025-11-15 05:41:21,mlx5_3,0.000,0.000,0.000,0.000
2025-11-15 05:41:21,mlx5_4,0.000,0.000,0.000,0.000
2025-11-15 05:41:21,mlx5_5,0.000,0.000,0.000,0.000
2025-11-15 05:41:21,mlx5_6,0.000,0.000,0.000,0.000
2025-11-15 05:41:21,mlx5_7,0.000,0.000,0.000,0.000
2025-11-15 05:41:21,mlx5_8,0.000,0.000,0.000,0.000
2025-11-15 05:41:21,mlx5_9,0.000,0.000,253.268,204.059
2025-11-15 05:41:21,TOTAL,0.000,0.000,760.094,613.515
2025-11-15 05:41:22,mlx5_0,0.000,0.000,0.000,0.000
2025-11-15 05:41:22,mlx5_1,11.716,0.016,254.398,201.950
2025-11-15 05:41:22,mlx5_2,12.020,0.016,255.403,207.510
2025-11-15 05:41:22,mlx5_3,0.000,0.000,0.000,0.000
2025-11-15 05:41:22,mlx5_4,0.000,0.000,0.000,0.000
2025-11-15 05:41:22,mlx5_5,0.000,0.000,0.000,0.000
2025-11-15 05:41:22,mlx5_6,0.000,0.000,0.000,0.000
2025-11-15 05:41:22,mlx5_7,0.000,0.000,0.000,0.000
2025-11-15 05:41:22,mlx5_8,0.000,0.000,0.000,0.000
2025-11-15 05:41:22,mlx5_9,11.677,0.016,254.732,204.061
2025-11-15 05:41:22,TOTAL,35.412,0.048,764.533,613.521
2025-11-15 05:41:23,mlx5_0,0.000,0.000,0.000,0.000
2025-11-15 05:41:23,mlx5_1,0.590,0.001,254.472,201.951
2025-11-15 05:41:23,mlx5_2,0.633,0.001,255.483,207.510
2025-11-15 05:41:23,mlx5_3,0.000,0.000,0.000,0.000
2025-11-15 05:41:23,mlx5_4,0.000,0.000,0.000,0.000
2025-11-15 05:41:23,mlx5_5,0.000,0.000,0.000,0.000
2025-11-15 05:41:23,mlx5_6,0.000,0.000,0.000,0.000
2025-11-15 05:41:23,mlx5_7,0.000,0.000,0.000,0.000
2025-11-15 05:41:23,mlx5_8,0.000,0.000,0.000,0.000
2025-11-15 05:41:23,mlx5_9,0.670,0.001,254.816,204.061
2025-11-15 05:41:23,TOTAL,1.892,0.002,764.771,613.522
2025-11-15 05:41:24,mlx5_0,0.000,0.000,0.000,0.000
2025-11-15 05:41:24,mlx5_1,0.000,0.000,254.472,201.951
2025-11-15 05:41:24,mlx5_2,0.000,0.000,255.483,207.510
2025-11-15 05:41:24,mlx5_3,0.000,0.000,0.000,0.000
2025-11-15 05:41:24,mlx5_4,0.000,0.000,0.000,0.000
2025-11-15 05:41:24,mlx5_5,0.000,0.000,0.000,0.000
2025-11-15 05:41:24,mlx5_6,0.000,0.000,0.000,0.000
2025-11-15 05:41:24,mlx5_7,0.000,0.000,0.000,0.000
2025-11-15 05:41:24,mlx5_8,0.000,0.000,0.000,0.000
2025-11-15 05:41:24,mlx5_9,0.000,0.000,254.816,204.061
2025-11-15 05:41:24,TOTAL,0.000,0.000,764.771,613.522
2025-11-15 05:41:25,mlx5_0,0.000,0.000,0.000,0.000
2025-11-15 05:41:25,mlx5_1,0.000,0.000,254.472,201.951
2025-11-15 05:41:25,mlx5_2,0.000,0.000,255.483,207.510
2025-11-15 05:41:25,mlx5_3,0.000,0.000,0.000,0.000
2025-11-15 05:41:25,mlx5_4,0.000,0.000,0.000,0.000
2025-11-15 05:41:25,mlx5_5,0.000,0.000,0.000,0.000
2025-11-15 05:41:25,mlx5_6,0.000,0.000,0.000,0.000
2025-11-15 05:41:25,mlx5_7,0.000,0.000,0.000,0.000
2025-11-15 05:41:25,mlx5_8,0.000,0.000,0.000,0.000
2025-11-15 05:41:25,mlx5_9,0.000,0.000,254.816,204.061
2025-11-15 05:41:25,TOTAL,0.000,0.000,764.771,613.522
2025-11-15 05:41:26,mlx5_0,0.000,0.000,0.000,0.000
2025-11-15 05:41:26,mlx5_1,12.341,0.017,256.021,201.953
2025-11-15 05:41:26,mlx5_2,12.407,0.017,257.040,207.512
2025-11-15 05:41:26,mlx5_3,0.000,0.000,0.000,0.000
2025-11-15 05:41:26,mlx5_4,0.000,0.000,0.000,0.000
2025-11-15 05:41:26,mlx5_5,0.000,0.000,0.000,0.000
2025-11-15 05:41:26,mlx5_6,0.000,0.000,0.000,0.000
2025-11-15 05:41:26,mlx5_7,0.000,0.000,0.000,0.000
2025-11-15 05:41:26,mlx5_8,0.000,0.000,0.000,0.000
2025-11-15 05:41:26,mlx5_9,12.522,0.017,256.387,204.063
2025-11-15 05:41:26,TOTAL,37.270,0.051,769.448,613.528
2025-11-15 05:41:27,mlx5_0,0.000,0.000,0.000,0.000
2025-11-15 05:41:27,mlx5_1,0.000,0.000,256.021,201.953
2025-11-15 05:41:27,mlx5_2,0.000,0.000,257.040,207.512
2025-11-15 05:41:27,mlx5_3,0.000,0.000,0.000,0.000
2025-11-15 05:41:27,mlx5_4,0.000,0.000,0.000,0.000
2025-11-15 05:41:27,mlx5_5,0.000,0.000,0.000,0.000
2025-11-15 05:41:27,mlx5_6,0.000,0.000,0.000,0.000
2025-11-15 05:41:27,mlx5_7,0.000,0.000,0.000,0.000
2025-11-15 05:41:27,mlx5_8,0.000,0.000,0.000,0.000
2025-11-15 05:41:27,mlx5_9,0.000,0.000,256.387,204.063
2025-11-15 05:41:27,TOTAL,0.000,0.000,769.448,613.528
2025-11-15 05:41:28,mlx5_0,0.000,0.000,0.000,0.000
2025-11-15 05:41:28,mlx5_1,0.000,0.000,256.021,201.953
2025-11-15 05:41:28,mlx5_2,0.000,0.000,257.040,207.512
2025-11-15 05:41:28,mlx5_3,0.000,0.000,0.000,0.000
2025-11-15 05:41:28,mlx5_4,0.000,0.000,0.000,0.000
2025-11-15 05:41:28,mlx5_5,0.000,0.000,0.000,0.000
2025-11-15 05:41:28,mlx5_6,0.000,0.000,0.000,0.000
2025-11-15 05:41:28,mlx5_7,0.000,0.000,0.000,0.000
2025-11-15 05:41:28,mlx5_8,0.000,0.000,0.000,0.000
2025-11-15 05:41:28,mlx5_9,0.000,0.000,256.387,204.063
2025-11-15 05:41:28,TOTAL,0.000,0.000,769.448,613.528
2025-11-15 05:41:29,mlx5_0,0.000,0.000,0.000,0.000
2025-11-15 05:41:29,mlx5_1,0.000,0.000,256.021,201.953
2025-11-15 05:41:29,mlx5_2,0.000,0.000,257.040,207.512
2025-11-15 05:41:29,mlx5_3,0.000,0.000,0.000,0.000
2025-11-15 05:41:29,mlx5_4,0.000,0.000,0.000,0.000
2025-11-15 05:41:29,mlx5_5,0.000,0.000,0.000,0.000
2025-11-15 05:41:29,mlx5_6,0.000,0.000,0.000,0.000
2025-11-15 05:41:29,mlx5_7,0.000,0.000,0.000,0.000
2025-11-15 05:41:29,mlx5_8,0.000,0.000,0.000,0.000
2025-11-15 05:41:29,mlx5_9,0.000,0.000,256.387,204.063
2025-11-15 05:41:29,TOTAL,0.000,0.000,769.448,613.528
2025-11-15 05:41:30,mlx5_0,0.000,0.000,0.000,0.000
2025-11-15 05:41:30,mlx5_1,12.360,0.017,257.572,201.955
2025-11-15 05:41:30,mlx5_2,12.453,0.017,258.603,207.514
2025-11-15 05:41:30,mlx5_3,0.000,0.000,0.000,0.000
2025-11-15 05:41:30,mlx5_4,0.000,0.000,0.000,0.000
2025-11-15 05:41:30,mlx5_5,0.000,0.000,0.000,0.000
2025-11-15 05:41:30,mlx5_6,0.000,0.000,0.000,0.000
2025-11-15 05:41:30,mlx5_7,0.000,0.000,0.000,0.000
2025-11-15 05:41:30,mlx5_8,0.000,0.000,0.000,0.000
2025-11-15 05:41:30,mlx5_9,12.451,0.017,257.950,204.065
2025-11-15 05:41:30,TOTAL,37.264,0.050,774.124,613.534
2025-11-15 05:41:31,mlx5_0,0.000,0.000,0.000,0.000
2025-11-15 05:41:31,mlx5_1,0.000,0.000,257.572,201.955
2025-11-15 05:41:31,mlx5_2,0.000,0.000,258.603,207.514
2025-11-15 05:41:31,mlx5_3,0.000,0.000,0.000,0.000
2025-11-15 05:41:31,mlx5_4,0.000,0.000,0.000,0.000
2025-11-15 05:41:31,mlx5_5,0.000,0.000,0.000,0.000
2025-11-15 05:41:31,mlx5_6,0.000,0.000,0.000,0.000
2025-11-15 05:41:31,mlx5_7,0.000,0.000,0.000,0.000
2025-11-15 05:41:31,mlx5_8,0.000,0.000,0.000,0.000
2025-11-15 05:41:31,mlx5_9,0.000,0.000,257.950,204.065
2025-11-15 05:41:31,TOTAL,0.000,0.000,774.124,613.534
2025-11-15 05:41:32,mlx5_0,0.000,0.000,0.000,0.000
2025-11-15 05:41:32,mlx5_1,0.000,0.000,257.572,201.955
2025-11-15 05:41:32,mlx5_2,0.000,0.000,258.603,207.514
2025-11-15 05:41:32,mlx5_3,0.000,0.000,0.000,0.000
2025-11-15 05:41:32,mlx5_4,0.000,0.000,0.000,0.000
2025-11-15 05:41:32,mlx5_5,0.000,0.000,0.000,0.000
2025-11-15 05:41:32,mlx5_6,0.000,0.000,0.000,0.000
2025-11-15 05:41:32,mlx5_7,0.000,0.000,0.000,0.000
2025-11-15 05:41:32,mlx5_8,0.000,0.000,0.000,0.000
2025-11-15 05:41:32,mlx5_9,0.000,0.000,257.950,204.065
2025-11-15 05:41:32,TOTAL,0.000,0.000,774.124,613.534
2025-11-15 05:41:33,mlx5_0,0.000,0.000,0.000,0.000
2025-11-15 05:41:33,mlx5_1,0.000,0.000,257.572,201.955
2025-11-15 05:41:33,mlx5_2,0.000,0.000,258.603,207.514
2025-11-15 05:41:33,mlx5_3,0.000,0.000,0.000,0.000
2025-11-15 05:41:33,mlx5_4,0.000,0.000,0.000,0.000
2025-11-15 05:41:33,mlx5_5,0.000,0.000,0.000,0.000
2025-11-15 05:41:33,mlx5_6,0.000,0.000,0.000,0.000
2025-11-15 05:41:33,mlx5_7,0.000,0.000,0.000,0.000
2025-11-15 05:41:33,mlx5_8,0.000,0.000,0.000,0.000
2025-11-15 05:41:33,mlx5_9,0.000,0.000,257.950,204.065
2025-11-15 05:41:33,TOTAL,0.000,0.000,774.124,613.534
2025-11-15 05:41:35,mlx5_0,0.000,0.000,0.000,0.000
2025-11-15 05:41:35,mlx5_1,3.916,0.006,258.064,201.955
2025-11-15 05:41:35,mlx5_2,3.998,0.006,259.104,207.515
2025-11-15 05:41:35,mlx5_3,0.000,0.000,0.000,0.000
2025-11-15 05:41:35,mlx5_4,0.000,0.000,0.000,0.000
2025-11-15 05:41:35,mlx5_5,0.000,0.000,0.000,0.000
2025-11-15 05:41:35,mlx5_6,0.000,0.000,0.000,0.000
2025-11-15 05:41:35,mlx5_7,0.000,0.000,0.000,0.000
2025-11-15 05:41:35,mlx5_8,0.000,0.000,0.000,0.000
2025-11-15 05:41:35,mlx5_9,3.941,0.006,258.444,204.066
2025-11-15 05:41:35,TOTAL,11.856,0.018,775.612,613.537
2025-11-15 05:41:36,mlx5_0,0.000,0.000,0.000,0.000
2025-11-15 05:41:36,mlx5_1,8.593,0.020,259.142,201.958
2025-11-15 05:41:36,mlx5_2,8.468,0.020,260.167,207.518
2025-11-15 05:41:36,mlx5_3,0.000,0.000,0.000,0.000
2025-11-15 05:41:36,mlx5_4,0.000,0.000,0.000,0.000
2025-11-15 05:41:36,mlx5_5,0.000,0.000,0.000,0.000
2025-11-15 05:41:36,mlx5_6,0.000,0.000,0.000,0.000
2025-11-15 05:41:36,mlx5_7,0.000,0.000,0.000,0.000
2025-11-15 05:41:36,mlx5_8,0.000,0.000,0.000,0.000
2025-11-15 05:41:36,mlx5_9,8.378,0.020,259.496,204.068
2025-11-15 05:41:36,TOTAL,25.438,0.059,778.805,613.544
2025-11-15 05:41:37,mlx5_0,0.000,0.000,0.000,0.000
2025-11-15 05:41:37,mlx5_1,0.000,0.000,259.142,201.958
2025-11-15 05:41:37,mlx5_2,0.000,0.000,260.167,207.518
2025-11-15 05:41:37,mlx5_3,0.000,0.000,0.000,0.000
2025-11-15 05:41:37,mlx5_4,0.000,0.000,0.000,0.000
2025-11-15 05:41:37,mlx5_5,0.000,0.000,0.000,0.000
2025-11-15 05:41:37,mlx5_6,0.000,0.000,0.000,0.000
2025-11-15 05:41:37,mlx5_7,0.000,0.000,0.000,0.000
2025-11-15 05:41:37,mlx5_8,0.000,0.000,0.000,0.000
2025-11-15 05:41:37,mlx5_9,0.000,0.000,259.496,204.068
2025-11-15 05:41:37,TOTAL,0.000,0.000,778.805,613.544
2025-11-15 05:41:38,mlx5_0,0.000,0.000,0.000,0.000
2025-11-15 05:41:38,mlx5_1,0.000,0.000,259.142,201.958
2025-11-15 05:41:38,mlx5_2,0.000,0.000,260.167,207.518
2025-11-15 05:41:38,mlx5_3,0.000,0.000,0.000,0.000
2025-11-15 05:41:38,mlx5_4,0.000,0.000,0.000,0.000
2025-11-15 05:41:38,mlx5_5,0.000,0.000,0.000,0.000
2025-11-15 05:41:38,mlx5_6,0.000,0.000,0.000,0.000
2025-11-15 05:41:38,mlx5_7,0.000,0.000,0.000,0.000
2025-11-15 05:41:38,mlx5_8,0.000,0.000,0.000,0.000
2025-11-15 05:41:38,mlx5_9,0.000,0.000,259.496,204.068
2025-11-15 05:41:38,TOTAL,0.000,0.000,778.805,613.544
2025-11-15 05:41:39,mlx5_0,0.000,0.000,0.000,0.000
2025-11-15 05:41:39,mlx5_1,0.000,0.000,259.142,201.958
2025-11-15 05:41:39,mlx5_2,0.000,0.000,260.167,207.518
2025-11-15 05:41:39,mlx5_3,0.000,0.000,0.000,0.000
2025-11-15 05:41:39,mlx5_4,0.000,0.000,0.000,0.000
2025-11-15 05:41:39,mlx5_5,0.000,0.000,0.000,0.000
2025-11-15 05:41:39,mlx5_6,0.000,0.000,0.000,0.000
2025-11-15 05:41:39,mlx5_7,0.000,0.000,0.000,0.000
2025-11-15 05:41:39,mlx5_8,0.000,0.000,0.000,0.000
2025-11-15 05:41:39,mlx5_9,0.000,0.000,259.496,204.068
2025-11-15 05:41:39,TOTAL,0.000,0.000,778.805,613.544
2025-11-15 05:41:40,mlx5_0,0.000,0.000,0.000,0.000
2025-11-15 05:41:40,mlx5_1,0.000,0.000,259.142,201.958
2025-11-15 05:41:40,mlx5_2,0.000,0.000,260.167,207.518
2025-11-15 05:41:40,mlx5_3,0.000,0.000,0.000,0.000
2025-11-15 05:41:40,mlx5_4,0.000,0.000,0.000,0.000
2025-11-15 05:41:40,mlx5_5,0.000,0.000,0.000,0.000
2025-11-15 05:41:40,mlx5_6,0.000,0.000,0.000,0.000
2025-11-15 05:41:40,mlx5_7,0.000,0.000,0.000,0.000
2025-11-15 05:41:40,mlx5_8,0.000,0.000,0.000,0.000
2025-11-15 05:41:40,mlx5_9,0.000,0.000,259.496,204.068
2025-11-15 05:41:40,TOTAL,0.000,0.000,778.805,613.544
2025-11-15 05:41:41,mlx5_0,0.000,0.000,0.000,0.000
2025-11-15 05:41:41,mlx5_1,12.734,0.017,260.740,201.960
2025-11-15 05:41:41,mlx5_2,12.655,0.017,261.755,207.520
2025-11-15 05:41:41,mlx5_3,0.000,0.000,0.000,0.000
2025-11-15 05:41:41,mlx5_4,0.000,0.000,0.000,0.000
2025-11-15 05:41:41,mlx5_5,0.000,0.000,0.000,0.000
2025-11-15 05:41:41,mlx5_6,0.000,0.000,0.000,0.000
2025-11-15 05:41:41,mlx5_7,0.000,0.000,0.000,0.000
2025-11-15 05:41:41,mlx5_8,0.000,0.000,0.000,0.000
2025-11-15 05:41:41,mlx5_9,12.611,0.017,261.078,204.071
2025-11-15 05:41:41,TOTAL,38.001,0.052,783.573,613.550
2025-11-15 05:41:42,mlx5_0,0.000,0.000,0.000,0.000
2025-11-15 05:41:42,mlx5_1,0.000,0.000,260.740,201.960
2025-11-15 05:41:42,mlx5_2,0.000,0.000,261.755,207.520
2025-11-15 05:41:42,mlx5_3,0.000,0.000,0.000,0.000
2025-11-15 05:41:42,mlx5_4,0.000,0.000,0.000,0.000
2025-11-15 05:41:42,mlx5_5,0.000,0.000,0.000,0.000
2025-11-15 05:41:42,mlx5_6,0.000,0.000,0.000,0.000
2025-11-15 05:41:42,mlx5_7,0.000,0.000,0.000,0.000
2025-11-15 05:41:42,mlx5_8,0.000,0.000,0.000,0.000
2025-11-15 05:41:42,mlx5_9,0.000,0.000,261.078,204.071
2025-11-15 05:41:42,TOTAL,0.000,0.000,783.573,613.550
2025-11-15 05:41:43,mlx5_0,0.000,0.000,0.000,0.000
2025-11-15 05:41:43,mlx5_1,0.000,0.000,260.740,201.960
2025-11-15 05:41:43,mlx5_2,0.000,0.000,261.755,207.520
2025-11-15 05:41:43,mlx5_3,0.000,0.000,0.000,0.000
2025-11-15 05:41:43,mlx5_4,0.000,0.000,0.000,0.000
2025-11-15 05:41:43,mlx5_5,0.000,0.000,0.000,0.000
2025-11-15 05:41:43,mlx5_6,0.000,0.000,0.000,0.000
2025-11-15 05:41:43,mlx5_7,0.000,0.000,0.000,0.000
2025-11-15 05:41:43,mlx5_8,0.000,0.000,0.000,0.000
2025-11-15 05:41:43,mlx5_9,0.000,0.000,261.078,204.071
2025-11-15 05:41:43,TOTAL,0.000,0.000,783.573,613.550
2025-11-15 05:41:44,mlx5_0,0.000,0.000,0.000,0.000
2025-11-15 05:41:44,mlx5_1,12.387,0.017,262.294,201.962
2025-11-15 05:41:44,mlx5_2,12.424,0.017,263.314,207.522
2025-11-15 05:41:44,mlx5_3,0.000,0.000,0.000,0.000
2025-11-15 05:41:44,mlx5_4,0.000,0.000,0.000,0.000
2025-11-15 05:41:44,mlx5_5,0.000,0.000,0.000,0.000
2025-11-15 05:41:44,mlx5_6,0.000,0.000,0.000,0.000
2025-11-15 05:41:44,mlx5_7,0.000,0.000,0.000,0.000
2025-11-15 05:41:44,mlx5_8,0.000,0.000,0.000,0.000
2025-11-15 05:41:44,mlx5_9,12.461,0.017,262.642,204.073
2025-11-15 05:41:44,TOTAL,37.272,0.051,788.250,613.557
2025-11-15 05:41:45,mlx5_0,0.000,0.000,0.000,0.000
2025-11-15 05:41:45,mlx5_1,0.000,0.000,262.294,201.962
2025-11-15 05:41:45,mlx5_2,0.000,0.000,263.314,207.522
2025-11-15 05:41:45,mlx5_3,0.000,0.000,0.000,0.000
2025-11-15 05:41:45,mlx5_4,0.000,0.000,0.000,0.000
2025-11-15 05:41:45,mlx5_5,0.000,0.000,0.000,0.000
2025-11-15 05:41:45,mlx5_6,0.000,0.000,0.000,0.000
2025-11-15 05:41:45,mlx5_7,0.000,0.000,0.000,0.000
2025-11-15 05:41:45,mlx5_8,0.000,0.000,0.000,0.000
2025-11-15 05:41:45,mlx5_9,0.000,0.000,262.642,204.073
2025-11-15 05:41:45,TOTAL,0.000,0.000,788.250,613.557
2025-11-15 05:41:46,mlx5_0,0.000,0.000,0.000,0.000
2025-11-15 05:41:46,mlx5_1,0.000,0.000,262.294,201.962
2025-11-15 05:41:46,mlx5_2,0.000,0.000,263.314,207.522
2025-11-15 05:41:46,mlx5_3,0.000,0.000,0.000,0.000
2025-11-15 05:41:46,mlx5_4,0.000,0.000,0.000,0.000
2025-11-15 05:41:46,mlx5_5,0.000,0.000,0.000,0.000
2025-11-15 05:41:46,mlx5_6,0.000,0.000,0.000,0.000
2025-11-15 05:41:46,mlx5_7,0.000,0.000,0.000,0.000
2025-11-15 05:41:46,mlx5_8,0.000,0.000,0.000,0.000
2025-11-15 05:41:46,mlx5_9,0.000,0.000,262.642,204.073
2025-11-15 05:41:46,TOTAL,0.000,0.000,788.250,613.557
2025-11-15 05:41:47,mlx5_0,0.000,0.000,0.000,0.000
2025-11-15 05:41:47,mlx5_1,11.010,0.015,263.676,201.964
2025-11-15 05:41:47,mlx5_2,10.879,0.015,264.679,207.524
2025-11-15 05:41:47,mlx5_3,0.000,0.000,0.000,0.000
2025-11-15 05:41:47,mlx5_4,0.000,0.000,0.000,0.000
2025-11-15 05:41:47,mlx5_5,0.000,0.000,0.000,0.000
2025-11-15 05:41:47,mlx5_6,0.000,0.000,0.000,0.000
2025-11-15 05:41:47,mlx5_7,0.000,0.000,0.000,0.000
2025-11-15 05:41:47,mlx5_8,0.000,0.000,0.000,0.000
2025-11-15 05:41:47,mlx5_9,11.016,0.015,264.024,204.075
2025-11-15 05:41:47,TOTAL,32.905,0.045,792.379,613.562
2025-11-15 05:41:48,mlx5_0,0.000,0.000,0.000,0.000
2025-11-15 05:41:48,mlx5_1,1.491,0.002,263.863,201.964
2025-11-15 05:41:48,mlx5_2,1.458,0.002,264.862,207.524
2025-11-15 05:41:48,mlx5_3,0.000,0.000,0.000,0.000
2025-11-15 05:41:48,mlx5_4,0.000,0.000,0.000,0.000
2025-11-15 05:41:48,mlx5_5,0.000,0.000,0.000,0.000
2025-11-15 05:41:48,mlx5_6,0.000,0.000,0.000,0.000
2025-11-15 05:41:48,mlx5_7,0.000,0.000,0.000,0.000
2025-11-15 05:41:48,mlx5_8,0.000,0.000,0.000,0.000
2025-11-15 05:41:48,mlx5_9,1.418,0.002,264.202,204.075
2025-11-15 05:41:48,TOTAL,4.366,0.006,792.927,613.563
2025-11-15 05:41:49,mlx5_0,0.000,0.000,0.000,0.000
2025-11-15 05:41:49,mlx5_1,0.000,0.000,263.863,201.964
2025-11-15 05:41:49,mlx5_2,0.000,0.000,264.862,207.524
2025-11-15 05:41:49,mlx5_3,0.000,0.000,0.000,0.000
2025-11-15 05:41:49,mlx5_4,0.000,0.000,0.000,0.000
2025-11-15 05:41:49,mlx5_5,0.000,0.000,0.000,0.000
2025-11-15 05:41:49,mlx5_6,0.000,0.000,0.000,0.000
2025-11-15 05:41:49,mlx5_7,0.000,0.000,0.000,0.000
2025-11-15 05:41:49,mlx5_8,0.000,0.000,0.000,0.000
2025-11-15 05:41:49,mlx5_9,0.000,0.000,264.202,204.075
2025-11-15 05:41:49,TOTAL,0.000,0.000,792.927,613.563
2025-11-15 05:41:50,mlx5_0,0.000,0.000,0.000,0.000
2025-11-15 05:41:50,mlx5_1,0.000,0.000,263.863,201.964
2025-11-15 05:41:50,mlx5_2,0.000,0.000,264.862,207.524
2025-11-15 05:41:50,mlx5_3,0.000,0.000,0.000,0.000
2025-11-15 05:41:50,mlx5_4,0.000,0.000,0.000,0.000
2025-11-15 05:41:50,mlx5_5,0.000,0.000,0.000,0.000
2025-11-15 05:41:50,mlx5_6,0.000,0.000,0.000,0.000
2025-11-15 05:41:50,mlx5_7,0.000,0.000,0.000,0.000
2025-11-15 05:41:50,mlx5_8,0.000,0.000,0.000,0.000
2025-11-15 05:41:50,mlx5_9,0.000,0.000,264.202,204.075
2025-11-15 05:41:50,TOTAL,0.000,0.000,792.927,613.563
2025-11-15 05:41:51,mlx5_0,0.000,0.000,0.000,0.000
2025-11-15 05:41:51,mlx5_1,12.409,0.017,265.420,201.966
2025-11-15 05:41:51,mlx5_2,12.525,0.017,266.434,207.526
2025-11-15 05:41:51,mlx5_3,0.000,0.000,0.000,0.000
2025-11-15 05:41:51,mlx5_4,0.000,0.000,0.000,0.000
2025-11-15 05:41:51,mlx5_5,0.000,0.000,0.000,0.000
2025-11-15 05:41:51,mlx5_6,0.000,0.000,0.000,0.000
2025-11-15 05:41:51,mlx5_7,0.000,0.000,0.000,0.000
2025-11-15 05:41:51,mlx5_8,0.000,0.000,0.000,0.000
2025-11-15 05:41:51,mlx5_9,12.338,0.017,265.750,204.077
2025-11-15 05:41:51,TOTAL,37.273,0.050,797.604,613.569
2025-11-15 05:41:52,mlx5_0,0.000,0.000,0.000,0.000
2025-11-15 05:41:52,mlx5_1,0.000,0.000,265.420,201.966
2025-11-15 05:41:52,mlx5_2,0.000,0.000,266.434,207.526
2025-11-15 05:41:52,mlx5_3,0.000,0.000,0.000,0.000
2025-11-15 05:41:52,mlx5_4,0.000,0.000,0.000,0.000
2025-11-15 05:41:52,mlx5_5,0.000,0.000,0.000,0.000
2025-11-15 05:41:52,mlx5_6,0.000,0.000,0.000,0.000
2025-11-15 05:41:52,mlx5_7,0.000,0.000,0.000,0.000
2025-11-15 05:41:52,mlx5_8,0.000,0.000,0.000,0.000
2025-11-15 05:41:52,mlx5_9,0.000,0.000,265.750,204.077
2025-11-15 05:41:52,TOTAL,0.000,0.000,797.604,613.569
2025-11-15 05:41:53,mlx5_0,0.000,0.000,0.000,0.000
2025-11-15 05:41:53,mlx5_1,0.000,0.000,265.420,201.966
2025-11-15 05:41:53,mlx5_2,0.000,0.000,266.434,207.526
2025-11-15 05:41:53,mlx5_3,0.000,0.000,0.000,0.000
2025-11-15 05:41:53,mlx5_4,0.000,0.000,0.000,0.000
2025-11-15 05:41:53,mlx5_5,0.000,0.000,0.000,0.000
2025-11-15 05:41:53,mlx5_6,0.000,0.000,0.000,0.000
2025-11-15 05:41:53,mlx5_7,0.000,0.000,0.000,0.000
2025-11-15 05:41:53,mlx5_8,0.000,0.000,0.000,0.000
2025-11-15 05:41:53,mlx5_9,0.000,0.000,265.750,204.077
2025-11-15 05:41:53,TOTAL,0.000,0.000,797.604,613.569
2025-11-15 05:41:54,mlx5_0,0.000,0.000,0.000,0.000
2025-11-15 05:41:54,mlx5_1,0.000,0.000,265.420,201.966
2025-11-15 05:41:54,mlx5_2,0.000,0.000,266.434,207.526
2025-11-15 05:41:54,mlx5_3,0.000,0.000,0.000,0.000
2025-11-15 05:41:54,mlx5_4,0.000,0.000,0.000,0.000
2025-11-15 05:41:54,mlx5_5,0.000,0.000,0.000,0.000
2025-11-15 05:41:54,mlx5_6,0.000,0.000,0.000,0.000
2025-11-15 05:41:54,mlx5_7,0.000,0.000,0.000,0.000
2025-11-15 05:41:54,mlx5_8,0.000,0.000,0.000,0.000
2025-11-15 05:41:54,mlx5_9,0.000,0.000,265.750,204.077
2025-11-15 05:41:54,TOTAL,0.000,0.000,797.604,613.569
2025-11-15 05:41:55,mlx5_0,0.000,0.000,0.000,0.000
2025-11-15 05:41:55,mlx5_1,12.500,0.017,266.988,201.968
2025-11-15 05:41:55,mlx5_2,12.400,0.017,267.989,207.528
2025-11-15 05:41:55,mlx5_3,0.000,0.000,0.000,0.000
2025-11-15 05:41:55,mlx5_4,0.000,0.000,0.000,0.000
2025-11-15 05:41:55,mlx5_5,0.000,0.000,0.000,0.000
2025-11-15 05:41:55,mlx5_6,0.000,0.000,0.000,0.000
2025-11-15 05:41:55,mlx5_7,0.000,0.000,0.000,0.000
2025-11-15 05:41:55,mlx5_8,0.000,0.000,0.000,0.000
2025-11-15 05:41:55,mlx5_9,12.374,0.017,267.303,204.079
2025-11-15 05:41:55,TOTAL,37.274,0.051,802.280,613.576
2025-11-15 05:41:56,mlx5_0,0.000,0.000,0.000,0.000
2025-11-15 05:41:56,mlx5_1,0.000,0.000,266.988,201.968
2025-11-15 05:41:56,mlx5_2,0.000,0.000,267.989,207.528
2025-11-15 05:41:56,mlx5_3,0.000,0.000,0.000,0.000
2025-11-15 05:41:56,mlx5_4,0.000,0.000,0.000,0.000
2025-11-15 05:41:56,mlx5_5,0.000,0.000,0.000,0.000
2025-11-15 05:41:56,mlx5_6,0.000,0.000,0.000,0.000
2025-11-15 05:41:56,mlx5_7,0.000,0.000,0.000,0.000
2025-11-15 05:41:56,mlx5_8,0.000,0.000,0.000,0.000
2025-11-15 05:41:56,mlx5_9,0.000,0.000,267.303,204.079
2025-11-15 05:41:56,TOTAL,0.000,0.000,802.280,613.576
2025-11-15 05:41:57,mlx5_0,0.000,0.000,0.000,0.000
2025-11-15 05:41:57,mlx5_1,0.000,0.000,266.988,201.968
2025-11-15 05:41:57,mlx5_2,0.000,0.000,267.989,207.528
2025-11-15 05:41:57,mlx5_3,0.000,0.000,0.000,0.000
2025-11-15 05:41:57,mlx5_4,0.000,0.000,0.000,0.000
2025-11-15 05:41:57,mlx5_5,0.000,0.000,0.000,0.000
2025-11-15 05:41:57,mlx5_6,0.000,0.000,0.000,0.000
2025-11-15 05:41:57,mlx5_7,0.000,0.000,0.000,0.000
2025-11-15 05:41:57,mlx5_8,0.000,0.000,0.000,0.000
2025-11-15 05:41:57,mlx5_9,0.000,0.000,267.303,204.079
2025-11-15 05:41:57,TOTAL,0.000,0.000,802.280,613.576
2025-11-15 05:41:58,mlx5_0,0.000,0.000,0.000,0.000
2025-11-15 05:41:58,mlx5_1,0.000,0.000,266.988,201.968
2025-11-15 05:41:58,mlx5_2,0.000,0.000,267.989,207.528
2025-11-15 05:41:58,mlx5_3,0.000,0.000,0.000,0.000
2025-11-15 05:41:58,mlx5_4,0.000,0.000,0.000,0.000
2025-11-15 05:41:58,mlx5_5,0.000,0.000,0.000,0.000
2025-11-15 05:41:58,mlx5_6,0.000,0.000,0.000,0.000
2025-11-15 05:41:58,mlx5_7,0.000,0.000,0.000,0.000
2025-11-15 05:41:58,mlx5_8,0.000,0.000,0.000,0.000
2025-11-15 05:41:58,mlx5_9,0.000,0.000,267.303,204.079
2025-11-15 05:41:58,TOTAL,0.000,0.000,802.280,613.576
2025-11-15 05:41:59,mlx5_0,0.000,0.000,0.000,0.000
2025-11-15 05:41:59,mlx5_1,6.453,0.009,267.798,201.970
2025-11-15 05:41:59,mlx5_2,6.536,0.009,268.810,207.529
2025-11-15 05:41:59,mlx5_3,0.000,0.000,0.000,0.000
2025-11-15 05:41:59,mlx5_4,0.000,0.000,0.000,0.000
2025-11-15 05:41:59,mlx5_5,0.000,0.000,0.000,0.000
2025-11-15 05:41:59,mlx5_6,0.000,0.000,0.000,0.000
2025-11-15 05:41:59,mlx5_7,0.000,0.000,0.000,0.000
2025-11-15 05:41:59,mlx5_8,0.000,0.000,0.000,0.000
2025-11-15 05:41:59,mlx5_9,6.494,0.009,268.118,204.080
2025-11-15 05:41:59,TOTAL,19.482,0.027,804.725,613.579
2025-11-15 05:42:00,mlx5_0,0.000,0.000,0.000,0.000
2025-11-15 05:42:00,mlx5_1,5.942,0.008,268.544,201.971
2025-11-15 05:42:00,mlx5_2,5.855,0.008,269.544,207.530
2025-11-15 05:42:00,mlx5_3,0.000,0.000,0.000,0.000
2025-11-15 05:42:00,mlx5_4,0.000,0.000,0.000,0.000
2025-11-15 05:42:00,mlx5_5,0.000,0.000,0.000,0.000
2025-11-15 05:42:00,mlx5_6,0.000,0.000,0.000,0.000
2025-11-15 05:42:00,mlx5_7,0.000,0.000,0.000,0.000
2025-11-15 05:42:00,mlx5_8,0.000,0.000,0.000,0.000
2025-11-15 05:42:00,mlx5_9,5.987,0.008,268.869,204.081
2025-11-15 05:42:00,TOTAL,17.784,0.023,806.957,613.582
2025-11-15 05:42:01,mlx5_0,0.000,0.000,0.000,0.000
2025-11-15 05:42:01,mlx5_1,0.000,0.000,268.544,201.971
2025-11-15 05:42:01,mlx5_2,0.000,0.000,269.544,207.530
2025-11-15 05:42:01,mlx5_3,0.000,0.000,0.000,0.000
2025-11-15 05:42:01,mlx5_4,0.000,0.000,0.000,0.000
2025-11-15 05:42:01,mlx5_5,0.000,0.000,0.000,0.000
2025-11-15 05:42:01,mlx5_6,0.000,0.000,0.000,0.000
2025-11-15 05:42:01,mlx5_7,0.000,0.000,0.000,0.000
2025-11-15 05:42:01,mlx5_8,0.000,0.000,0.000,0.000
2025-11-15 05:42:01,mlx5_9,0.000,0.000,268.869,204.081
2025-11-15 05:42:01,TOTAL,0.000,0.000,806.957,613.582
2025-11-15 05:42:02,mlx5_0,0.000,0.000,0.000,0.000
2025-11-15 05:42:02,mlx5_1,0.000,0.000,268.544,201.971
2025-11-15 05:42:02,mlx5_2,0.000,0.000,269.544,207.530
2025-11-15 05:42:02,mlx5_3,0.000,0.000,0.000,0.000
2025-11-15 05:42:02,mlx5_4,0.000,0.000,0.000,0.000
2025-11-15 05:42:02,mlx5_5,0.000,0.000,0.000,0.000
2025-11-15 05:42:02,mlx5_6,0.000,0.000,0.000,0.000
2025-11-15 05:42:02,mlx5_7,0.000,0.000,0.000,0.000
2025-11-15 05:42:02,mlx5_8,0.000,0.000,0.000,0.000
2025-11-15 05:42:02,mlx5_9,0.000,0.000,268.869,204.081
2025-11-15 05:42:02,TOTAL,0.000,0.000,806.957,613.582
2025-11-15 05:42:03,mlx5_0,0.000,0.000,0.000,0.000
2025-11-15 05:42:03,mlx5_1,0.000,0.000,268.544,201.971
2025-11-15 05:42:03,mlx5_2,0.000,0.000,269.544,207.530
2025-11-15 05:42:03,mlx5_3,0.000,0.000,0.000,0.000
2025-11-15 05:42:03,mlx5_4,0.000,0.000,0.000,0.000
2025-11-15 05:42:03,mlx5_5,0.000,0.000,0.000,0.000
2025-11-15 05:42:03,mlx5_6,0.000,0.000,0.000,0.000
2025-11-15 05:42:03,mlx5_7,0.000,0.000,0.000,0.000
2025-11-15 05:42:03,mlx5_8,0.000,0.000,0.000,0.000
2025-11-15 05:42:03,mlx5_9,0.000,0.000,268.869,204.081
2025-11-15 05:42:03,TOTAL,0.000,0.000,806.957,613.582
2025-11-15 05:42:04,mlx5_0,0.000,0.000,0.000,0.000
2025-11-15 05:42:04,mlx5_1,12.460,0.019,270.107,201.973
2025-11-15 05:42:04,mlx5_2,12.469,0.019,271.109,207.533
2025-11-15 05:42:04,mlx5_3,0.000,0.000,0.000,0.000
2025-11-15 05:42:04,mlx5_4,0.000,0.000,0.000,0.000
2025-11-15 05:42:04,mlx5_5,0.000,0.000,0.000,0.000
2025-11-15 05:42:04,mlx5_6,0.000,0.000,0.000,0.000
2025-11-15 05:42:04,mlx5_7,0.000,0.000,0.000,0.000
2025-11-15 05:42:04,mlx5_8,0.000,0.000,0.000,0.000
2025-11-15 05:42:04,mlx5_9,12.353,0.019,270.419,204.084
2025-11-15 05:42:04,TOTAL,37.282,0.058,811.635,613.589
2025-11-15 05:42:05,mlx5_0,0.000,0.000,0.000,0.000
2025-11-15 05:42:05,mlx5_1,0.006,0.006,270.108,201.974
2025-11-15 05:42:05,mlx5_2,0.006,0.006,271.110,207.534
2025-11-15 05:42:05,mlx5_3,0.000,0.000,0.000,0.000
2025-11-15 05:42:05,mlx5_4,0.000,0.000,0.000,0.000
2025-11-15 05:42:05,mlx5_5,0.000,0.000,0.000,0.000
2025-11-15 05:42:05,mlx5_6,0.000,0.000,0.000,0.000
2025-11-15 05:42:05,mlx5_7,0.000,0.000,0.000,0.000
2025-11-15 05:42:05,mlx5_8,0.000,0.000,0.000,0.000
2025-11-15 05:42:05,mlx5_9,0.006,0.006,270.420,204.084
2025-11-15 05:42:05,TOTAL,0.018,0.018,811.637,613.592
2025-11-15 05:42:06,mlx5_0,0.000,0.000,0.000,0.000
2025-11-15 05:42:06,mlx5_1,0.000,0.000,270.108,201.974
2025-11-15 05:42:06,mlx5_2,0.000,0.000,271.110,207.534
2025-11-15 05:42:06,mlx5_3,0.000,0.000,0.000,0.000
2025-11-15 05:42:06,mlx5_4,0.000,0.000,0.000,0.000
2025-11-15 05:42:06,mlx5_5,0.000,0.000,0.000,0.000
2025-11-15 05:42:06,mlx5_6,0.000,0.000,0.000,0.000
2025-11-15 05:42:06,mlx5_7,0.000,0.000,0.000,0.000
2025-11-15 05:42:06,mlx5_8,0.000,0.000,0.000,0.000
2025-11-15 05:42:06,mlx5_9,0.000,0.000,270.420,204.084
2025-11-15 05:42:06,TOTAL,0.000,0.000,811.637,613.592
2025-11-15 05:42:07,mlx5_0,0.000,0.000,0.000,0.000
2025-11-15 05:42:07,mlx5_1,0.000,0.000,270.108,201.974
2025-11-15 05:42:07,mlx5_2,0.000,0.000,271.110,207.534
2025-11-15 05:42:07,mlx5_3,0.000,0.000,0.000,0.000
2025-11-15 05:42:07,mlx5_4,0.000,0.000,0.000,0.000
2025-11-15 05:42:07,mlx5_5,0.000,0.000,0.000,0.000
2025-11-15 05:42:07,mlx5_6,0.000,0.000,0.000,0.000
2025-11-15 05:42:07,mlx5_7,0.000,0.000,0.000,0.000
2025-11-15 05:42:07,mlx5_8,0.000,0.000,0.000,0.000
2025-11-15 05:42:07,mlx5_9,0.000,0.000,270.420,204.084
2025-11-15 05:42:07,TOTAL,0.000,0.000,811.637,613.592
2025-11-15 05:42:08,mlx5_0,0.000,0.000,0.000,0.000
2025-11-15 05:42:08,mlx5_1,9.663,0.013,271.320,201.975
2025-11-15 05:42:08,mlx5_2,9.418,0.013,272.291,207.535
2025-11-15 05:42:08,mlx5_3,0.000,0.000,0.000,0.000
2025-11-15 05:42:08,mlx5_4,0.000,0.000,0.000,0.000
2025-11-15 05:42:08,mlx5_5,0.000,0.000,0.000,0.000
2025-11-15 05:42:08,mlx5_6,0.000,0.000,0.000,0.000
2025-11-15 05:42:08,mlx5_7,0.000,0.000,0.000,0.000
2025-11-15 05:42:08,mlx5_8,0.000,0.000,0.000,0.000
2025-11-15 05:42:08,mlx5_9,9.531,0.013,271.616,204.086
2025-11-15 05:42:08,TOTAL,28.613,0.039,815.227,613.597
2025-11-15 05:42:09,mlx5_0,0.000,0.000,0.000,0.000
2025-11-15 05:42:09,mlx5_1,2.045,0.003,271.577,201.976
2025-11-15 05:42:09,mlx5_2,2.187,0.003,272.566,207.536
2025-11-15 05:42:09,mlx5_3,0.000,0.000,0.000,0.000
2025-11-15 05:42:09,mlx5_4,0.000,0.000,0.000,0.000
2025-11-15 05:42:09,mlx5_5,0.000,0.000,0.000,0.000
2025-11-15 05:42:09,mlx5_6,0.000,0.000,0.000,0.000
2025-11-15 05:42:09,mlx5_7,0.000,0.000,0.000,0.000
2025-11-15 05:42:09,mlx5_8,0.000,0.000,0.000,0.000
2025-11-15 05:42:09,mlx5_9,2.099,0.003,271.879,204.086
2025-11-15 05:42:09,TOTAL,6.332,0.008,816.022,613.598
2025-11-15 05:42:10,mlx5_0,0.000,0.000,0.000,0.000
2025-11-15 05:42:10,mlx5_1,0.000,0.000,271.577,201.976
2025-11-15 05:42:10,mlx5_2,0.000,0.000,272.566,207.536
2025-11-15 05:42:10,mlx5_3,0.000,0.000,0.000,0.000
2025-11-15 05:42:10,mlx5_4,0.000,0.000,0.000,0.000
2025-11-15 05:42:10,mlx5_5,0.000,0.000,0.000,0.000
2025-11-15 05:42:10,mlx5_6,0.000,0.000,0.000,0.000
2025-11-15 05:42:10,mlx5_7,0.000,0.000,0.000,0.000
2025-11-15 05:42:10,mlx5_8,0.000,0.000,0.000,0.000
2025-11-15 05:42:10,mlx5_9,0.000,0.000,271.879,204.086
2025-11-15 05:42:10,TOTAL,0.000,0.000,816.022,613.598
2025-11-15 05:42:11,mlx5_0,0.000,0.000,0.000,0.000
2025-11-15 05:42:11,mlx5_1,0.000,0.000,271.577,201.976
2025-11-15 05:42:11,mlx5_2,0.000,0.000,272.566,207.536
2025-11-15 05:42:11,mlx5_3,0.000,0.000,0.000,0.000
2025-11-15 05:42:11,mlx5_4,0.000,0.000,0.000,0.000
2025-11-15 05:42:11,mlx5_5,0.000,0.000,0.000,0.000
2025-11-15 05:42:11,mlx5_6,0.000,0.000,0.000,0.000
2025-11-15 05:42:11,mlx5_7,0.000,0.000,0.000,0.000
2025-11-15 05:42:11,mlx5_8,0.000,0.000,0.000,0.000
2025-11-15 05:42:11,mlx5_9,0.000,0.000,271.879,204.086
2025-11-15 05:42:11,TOTAL,0.000,0.000,816.022,613.598
2025-11-15 05:42:12,mlx5_0,0.000,0.000,0.000,0.000
2025-11-15 05:42:12,mlx5_1,12.332,0.017,273.125,201.978
2025-11-15 05:42:12,mlx5_2,12.408,0.017,274.124,207.538
2025-11-15 05:42:12,mlx5_3,0.000,0.000,0.000,0.000
2025-11-15 05:42:12,mlx5_4,0.000,0.000,0.000,0.000
2025-11-15 05:42:12,mlx5_5,0.000,0.000,0.000,0.000
2025-11-15 05:42:12,mlx5_6,0.000,0.000,0.000,0.000
2025-11-15 05:42:12,mlx5_7,0.000,0.000,0.000,0.000
2025-11-15 05:42:12,mlx5_8,0.000,0.000,0.000,0.000
2025-11-15 05:42:12,mlx5_9,12.512,0.017,273.450,204.088
2025-11-15 05:42:12,TOTAL,37.252,0.050,820.699,613.604
2025-11-15 05:42:13,mlx5_0,0.000,0.000,0.000,0.000
2025-11-15 05:42:13,mlx5_1,0.000,0.000,273.125,201.978
2025-11-15 05:42:13,mlx5_2,0.000,0.000,274.124,207.538
2025-11-15 05:42:13,mlx5_3,0.000,0.000,0.000,0.000
2025-11-15 05:42:13,mlx5_4,0.000,0.000,0.000,0.000
2025-11-15 05:42:13,mlx5_5,0.000,0.000,0.000,0.000
2025-11-15 05:42:13,mlx5_6,0.000,0.000,0.000,0.000
2025-11-15 05:42:13,mlx5_7,0.000,0.000,0.000,0.000
2025-11-15 05:42:13,mlx5_8,0.000,0.000,0.000,0.000
2025-11-15 05:42:13,mlx5_9,0.000,0.000,273.450,204.088
2025-11-15 05:42:13,TOTAL,0.000,0.000,820.699,613.604
2025-11-15 05:42:14,mlx5_0,0.000,0.000,0.000,0.000
2025-11-15 05:42:14,mlx5_1,0.000,0.000,273.125,201.978
2025-11-15 05:42:14,mlx5_2,0.000,0.000,274.124,207.538
2025-11-15 05:42:14,mlx5_3,0.000,0.000,0.000,0.000
2025-11-15 05:42:14,mlx5_4,0.000,0.000,0.000,0.000
2025-11-15 05:42:14,mlx5_5,0.000,0.000,0.000,0.000
2025-11-15 05:42:14,mlx5_6,0.000,0.000,0.000,0.000
2025-11-15 05:42:14,mlx5_7,0.000,0.000,0.000,0.000
2025-11-15 05:42:14,mlx5_8,0.000,0.000,0.000,0.000
2025-11-15 05:42:14,mlx5_9,0.000,0.000,273.450,204.088
2025-11-15 05:42:14,TOTAL,0.000,0.000,820.699,613.604
2025-11-15 05:42:15,mlx5_0,0.000,0.000,0.000,0.000
2025-11-15 05:42:15,mlx5_1,8.803,0.012,274.230,201.979
2025-11-15 05:42:15,mlx5_2,8.761,0.012,275.223,207.539
2025-11-15 05:42:15,mlx5_3,0.000,0.000,0.000,0.000
2025-11-15 05:42:15,mlx5_4,0.000,0.000,0.000,0.000
2025-11-15 05:42:15,mlx5_5,0.000,0.000,0.000,0.000
2025-11-15 05:42:15,mlx5_6,0.000,0.000,0.000,0.000
2025-11-15 05:42:15,mlx5_7,0.000,0.000,0.000,0.000
2025-11-15 05:42:15,mlx5_8,0.000,0.000,0.000,0.000
2025-11-15 05:42:15,mlx5_9,8.773,0.012,274.550,204.090
2025-11-15 05:42:15,TOTAL,26.337,0.036,824.003,613.608
2025-11-15 05:42:16,mlx5_0,0.000,0.000,0.000,0.000
2025-11-15 05:42:16,mlx5_1,3.647,0.005,274.687,201.980
2025-11-15 05:42:16,mlx5_2,3.656,0.005,275.681,207.540
2025-11-15 05:42:16,mlx5_3,0.000,0.000,0.000,0.000
2025-11-15 05:42:16,mlx5_4,0.000,0.000,0.000,0.000
2025-11-15 05:42:16,mlx5_5,0.000,0.000,0.000,0.000
2025-11-15 05:42:16,mlx5_6,0.000,0.000,0.000,0.000
2025-11-15 05:42:16,mlx5_7,0.000,0.000,0.000,0.000
2025-11-15 05:42:16,mlx5_8,0.000,0.000,0.000,0.000
2025-11-15 05:42:16,mlx5_9,3.641,0.005,275.007,204.090
2025-11-15 05:42:16,TOTAL,10.944,0.014,825.376,613.610
2025-11-15 05:42:17,mlx5_0,0.000,0.000,0.000,0.000
2025-11-15 05:42:17,mlx5_1,0.000,0.000,274.687,201.980
2025-11-15 05:42:17,mlx5_2,0.000,0.000,275.681,207.540
2025-11-15 05:42:17,mlx5_3,0.000,0.000,0.000,0.000
2025-11-15 05:42:17,mlx5_4,0.000,0.000,0.000,0.000
2025-11-15 05:42:17,mlx5_5,0.000,0.000,0.000,0.000
2025-11-15 05:42:17,mlx5_6,0.000,0.000,0.000,0.000
2025-11-15 05:42:17,mlx5_7,0.000,0.000,0.000,0.000
2025-11-15 05:42:17,mlx5_8,0.000,0.000,0.000,0.000
2025-11-15 05:42:17,mlx5_9,0.000,0.000,275.007,204.090
2025-11-15 05:42:17,TOTAL,0.000,0.000,825.376,613.610
2025-11-15 05:42:18,mlx5_0,0.000,0.000,0.000,0.000
2025-11-15 05:42:18,mlx5_1,0.000,0.000,274.687,201.980
2025-11-15 05:42:18,mlx5_2,0.000,0.000,275.681,207.540
2025-11-15 05:42:18,mlx5_3,0.000,0.000,0.000,0.000
2025-11-15 05:42:18,mlx5_4,0.000,0.000,0.000,0.000
2025-11-15 05:42:18,mlx5_5,0.000,0.000,0.000,0.000
2025-11-15 05:42:18,mlx5_6,0.000,0.000,0.000,0.000
2025-11-15 05:42:18,mlx5_7,0.000,0.000,0.000,0.000
2025-11-15 05:42:18,mlx5_8,0.000,0.000,0.000,0.000
2025-11-15 05:42:18,mlx5_9,0.000,0.000,275.007,204.090
2025-11-15 05:42:18,TOTAL,0.000,0.000,825.376,613.610
2025-11-15 05:42:19,mlx5_0,0.000,0.000,0.000,0.000
2025-11-15 05:42:19,mlx5_1,8.422,0.012,275.744,201.981
2025-11-15 05:42:19,mlx5_2,8.572,0.012,276.757,207.541
2025-11-15 05:42:19,mlx5_3,0.000,0.000,0.000,0.000
2025-11-15 05:42:19,mlx5_4,0.000,0.000,0.000,0.000
2025-11-15 05:42:19,mlx5_5,0.000,0.000,0.000,0.000
2025-11-15 05:42:19,mlx5_6,0.000,0.000,0.000,0.000
2025-11-15 05:42:19,mlx5_7,0.000,0.000,0.000,0.000
2025-11-15 05:42:19,mlx5_8,0.000,0.000,0.000,0.000
2025-11-15 05:42:19,mlx5_9,8.542,0.012,276.079,204.092
2025-11-15 05:42:19,TOTAL,25.536,0.035,828.580,613.615
2025-11-15 05:42:20,mlx5_0,0.000,0.000,0.000,0.000
2025-11-15 05:42:20,mlx5_1,3.939,0.005,276.238,201.982
2025-11-15 05:42:20,mlx5_2,3.948,0.005,277.253,207.542
2025-11-15 05:42:20,mlx5_3,0.000,0.000,0.000,0.000
2025-11-15 05:42:20,mlx5_4,0.000,0.000,0.000,0.000
2025-11-15 05:42:20,mlx5_5,0.000,0.000,0.000,0.000
2025-11-15 05:42:20,mlx5_6,0.000,0.000,0.000,0.000
2025-11-15 05:42:20,mlx5_7,0.000,0.000,0.000,0.000
2025-11-15 05:42:20,mlx5_8,0.000,0.000,0.000,0.000
2025-11-15 05:42:20,mlx5_9,3.847,0.005,276.562,204.093
2025-11-15 05:42:20,TOTAL,11.733,0.015,830.053,613.617
2025-11-15 05:42:21,mlx5_0,0.000,0.000,0.000,0.000
2025-11-15 05:42:21,mlx5_1,0.000,0.000,276.238,201.982
2025-11-15 05:42:21,mlx5_2,0.000,0.000,277.253,207.542
2025-11-15 05:42:21,mlx5_3,0.000,0.000,0.000,0.000
2025-11-15 05:42:21,mlx5_4,0.000,0.000,0.000,0.000
2025-11-15 05:42:21,mlx5_5,0.000,0.000,0.000,0.000
2025-11-15 05:42:21,mlx5_6,0.000,0.000,0.000,0.000
2025-11-15 05:42:21,mlx5_7,0.000,0.000,0.000,0.000
2025-11-15 05:42:21,mlx5_8,0.000,0.000,0.000,0.000
2025-11-15 05:42:21,mlx5_9,0.000,0.000,276.562,204.093
2025-11-15 05:42:21,TOTAL,0.000,0.000,830.053,613.617
2025-11-15 05:42:22,mlx5_0,0.000,0.000,0.000,0.000
2025-11-15 05:42:22,mlx5_1,0.000,0.000,276.238,201.982
2025-11-15 05:42:22,mlx5_2,0.000,0.000,277.253,207.542
2025-11-15 05:42:22,mlx5_3,0.000,0.000,0.000,0.000
2025-11-15 05:42:22,mlx5_4,0.000,0.000,0.000,0.000
2025-11-15 05:42:22,mlx5_5,0.000,0.000,0.000,0.000
2025-11-15 05:42:22,mlx5_6,0.000,0.000,0.000,0.000
2025-11-15 05:42:22,mlx5_7,0.000,0.000,0.000,0.000
2025-11-15 05:42:22,mlx5_8,0.000,0.000,0.000,0.000
2025-11-15 05:42:22,mlx5_9,0.000,0.000,276.562,204.093
2025-11-15 05:42:22,TOTAL,0.000,0.000,830.053,613.617
2025-11-15 05:42:23,mlx5_0,0.000,0.000,0.000,0.000
2025-11-15 05:42:23,mlx5_1,0.000,0.000,276.238,201.982
2025-11-15 05:42:23,mlx5_2,0.000,0.000,277.253,207.542
2025-11-15 05:42:23,mlx5_3,0.000,0.000,0.000,0.000
2025-11-15 05:42:23,mlx5_4,0.000,0.000,0.000,0.000
2025-11-15 05:42:23,mlx5_5,0.000,0.000,0.000,0.000
2025-11-15 05:42:23,mlx5_6,0.000,0.000,0.000,0.000
2025-11-15 05:42:23,mlx5_7,0.000,0.000,0.000,0.000
2025-11-15 05:42:23,mlx5_8,0.000,0.000,0.000,0.000
2025-11-15 05:42:23,mlx5_9,0.000,0.000,276.562,204.093
2025-11-15 05:42:23,TOTAL,0.000,0.000,830.053,613.617
2025-11-15 05:42:24,mlx5_0,0.000,0.000,0.000,0.000
2025-11-15 05:42:24,mlx5_1,12.367,0.017,277.790,201.984
2025-11-15 05:42:24,mlx5_2,12.422,0.017,278.811,207.544
2025-11-15 05:42:24,mlx5_3,0.000,0.000,0.000,0.000
2025-11-15 05:42:24,mlx5_4,0.000,0.000,0.000,0.000
2025-11-15 05:42:24,mlx5_5,0.000,0.000,0.000,0.000
2025-11-15 05:42:24,mlx5_6,0.000,0.000,0.000,0.000
2025-11-15 05:42:24,mlx5_7,0.000,0.000,0.000,0.000
2025-11-15 05:42:24,mlx5_8,0.000,0.000,0.000,0.000
2025-11-15 05:42:24,mlx5_9,12.483,0.017,278.128,204.095
2025-11-15 05:42:24,TOTAL,37.272,0.050,834.730,613.623
2025-11-15 05:42:25,mlx5_0,0.000,0.000,0.000,0.000
2025-11-15 05:42:25,mlx5_1,0.000,0.000,277.790,201.984
2025-11-15 05:42:25,mlx5_2,0.000,0.000,278.811,207.544
2025-11-15 05:42:25,mlx5_3,0.000,0.000,0.000,0.000
2025-11-15 05:42:25,mlx5_4,0.000,0.000,0.000,0.000
2025-11-15 05:42:25,mlx5_5,0.000,0.000,0.000,0.000
2025-11-15 05:42:25,mlx5_6,0.000,0.000,0.000,0.000
2025-11-15 05:42:25,mlx5_7,0.000,0.000,0.000,0.000
2025-11-15 05:42:25,mlx5_8,0.000,0.000,0.000,0.000
2025-11-15 05:42:25,mlx5_9,0.000,0.000,278.128,204.095
2025-11-15 05:42:25,TOTAL,0.000,0.000,834.730,613.623
2025-11-15 05:42:26,mlx5_0,0.000,0.000,0.000,0.000
2025-11-15 05:42:26,mlx5_1,0.000,0.000,277.790,201.984
2025-11-15 05:42:26,mlx5_2,0.000,0.000,278.811,207.544
2025-11-15 05:42:26,mlx5_3,0.000,0.000,0.000,0.000
2025-11-15 05:42:26,mlx5_4,0.000,0.000,0.000,0.000
2025-11-15 05:42:26,mlx5_5,0.000,0.000,0.000,0.000
2025-11-15 05:42:26,mlx5_6,0.000,0.000,0.000,0.000
2025-11-15 05:42:26,mlx5_7,0.000,0.000,0.000,0.000
2025-11-15 05:42:26,mlx5_8,0.000,0.000,0.000,0.000
2025-11-15 05:42:26,mlx5_9,0.000,0.000,278.128,204.095
2025-11-15 05:42:26,TOTAL,0.000,0.000,834.730,613.623
2025-11-15 05:42:27,mlx5_0,0.000,0.000,0.000,0.000
2025-11-15 05:42:27,mlx5_1,0.000,0.000,277.790,201.984
2025-11-15 05:42:27,mlx5_2,0.000,0.000,278.811,207.544
2025-11-15 05:42:27,mlx5_3,0.000,0.000,0.000,0.000
2025-11-15 05:42:27,mlx5_4,0.000,0.000,0.000,0.000
2025-11-15 05:42:27,mlx5_5,0.000,0.000,0.000,0.000
2025-11-15 05:42:27,mlx5_6,0.000,0.000,0.000,0.000
2025-11-15 05:42:27,mlx5_7,0.000,0.000,0.000,0.000
2025-11-15 05:42:27,mlx5_8,0.000,0.000,0.000,0.000
2025-11-15 05:42:27,mlx5_9,0.000,0.000,278.128,204.095
2025-11-15 05:42:27,TOTAL,0.000,0.000,834.730,613.623
2025-11-15 05:42:28,mlx5_0,0.000,0.000,0.000,0.000
2025-11-15 05:42:28,mlx5_1,7.084,0.010,278.679,201.985
2025-11-15 05:42:28,mlx5_2,7.187,0.010,279.713,207.545
2025-11-15 05:42:28,mlx5_3,0.000,0.000,0.000,0.000
2025-11-15 05:42:28,mlx5_4,0.000,0.000,0.000,0.000
2025-11-15 05:42:28,mlx5_5,0.000,0.000,0.000,0.000
2025-11-15 05:42:28,mlx5_6,0.000,0.000,0.000,0.000
2025-11-15 05:42:28,mlx5_7,0.000,0.000,0.000,0.000
2025-11-15 05:42:28,mlx5_8,0.000,0.000,0.000,0.000
2025-11-15 05:42:28,mlx5_9,7.216,0.010,279.034,204.096
2025-11-15 05:42:28,TOTAL,21.488,0.030,837.426,613.627
2025-11-15 05:42:29,mlx5_0,0.000,0.000,0.000,0.000
2025-11-15 05:42:29,mlx5_1,5.279,0.015,279.341,201.987
2025-11-15 05:42:29,mlx5_2,5.320,0.015,280.381,207.547
2025-11-15 05:42:29,mlx5_3,0.000,0.000,0.000,0.000
2025-11-15 05:42:29,mlx5_4,0.000,0.000,0.000,0.000
2025-11-15 05:42:29,mlx5_5,0.000,0.000,0.000,0.000
2025-11-15 05:42:29,mlx5_6,0.000,0.000,0.000,0.000
2025-11-15 05:42:29,mlx5_7,0.000,0.000,0.000,0.000
2025-11-15 05:42:29,mlx5_8,0.000,0.000,0.000,0.000
2025-11-15 05:42:29,mlx5_9,5.207,0.015,279.687,204.098
2025-11-15 05:42:29,TOTAL,15.807,0.046,839.410,613.632
2025-11-15 05:42:30,mlx5_0,0.000,0.000,0.000,0.000
2025-11-15 05:42:30,mlx5_1,0.000,0.000,279.341,201.987
2025-11-15 05:42:30,mlx5_2,0.000,0.000,280.381,207.547
2025-11-15 05:42:30,mlx5_3,0.000,0.000,0.000,0.000
2025-11-15 05:42:30,mlx5_4,0.000,0.000,0.000,0.000
2025-11-15 05:42:30,mlx5_5,0.000,0.000,0.000,0.000
2025-11-15 05:42:30,mlx5_6,0.000,0.000,0.000,0.000
2025-11-15 05:42:30,mlx5_7,0.000,0.000,0.000,0.000
2025-11-15 05:42:30,mlx5_8,0.000,0.000,0.000,0.000
2025-11-15 05:42:30,mlx5_9,0.000,0.000,279.687,204.098
2025-11-15 05:42:30,TOTAL,0.000,0.000,839.410,613.632
2025-11-15 05:42:31,mlx5_0,0.000,0.000,0.000,0.000
2025-11-15 05:42:31,mlx5_1,0.000,0.000,279.341,201.987
2025-11-15 05:42:31,mlx5_2,0.000,0.000,280.381,207.547
2025-11-15 05:42:31,mlx5_3,0.000,0.000,0.000,0.000
2025-11-15 05:42:31,mlx5_4,0.000,0.000,0.000,0.000
2025-11-15 05:42:31,mlx5_5,0.000,0.000,0.000,0.000
2025-11-15 05:42:31,mlx5_6,0.000,0.000,0.000,0.000
2025-11-15 05:42:31,mlx5_7,0.000,0.000,0.000,0.000
2025-11-15 05:42:31,mlx5_8,0.000,0.000,0.000,0.000
2025-11-15 05:42:31,mlx5_9,0.000,0.000,279.687,204.098
2025-11-15 05:42:31,TOTAL,0.000,0.000,839.410,613.632
2025-11-15 05:42:32,mlx5_0,0.000,0.000,0.000,0.000
2025-11-15 05:42:32,mlx5_1,0.000,0.000,279.341,201.987
2025-11-15 05:42:32,mlx5_2,0.000,0.000,280.381,207.547
2025-11-15 05:42:32,mlx5_3,0.000,0.000,0.000,0.000
2025-11-15 05:42:32,mlx5_4,0.000,0.000,0.000,0.000
2025-11-15 05:42:32,mlx5_5,0.000,0.000,0.000,0.000
2025-11-15 05:42:32,mlx5_6,0.000,0.000,0.000,0.000
2025-11-15 05:42:32,mlx5_7,0.000,0.000,0.000,0.000
2025-11-15 05:42:32,mlx5_8,0.000,0.000,0.000,0.000
2025-11-15 05:42:32,mlx5_9,0.000,0.000,279.687,204.098
2025-11-15 05:42:32,TOTAL,0.000,0.000,839.410,613.632
2025-11-15 05:42:33,mlx5_0,0.000,0.000,0.000,0.000
2025-11-15 05:42:33,mlx5_1,12.616,0.017,280.924,201.989
2025-11-15 05:42:33,mlx5_2,12.634,0.017,281.966,207.549
2025-11-15 05:42:33,mlx5_3,0.000,0.000,0.000,0.000
2025-11-15 05:42:33,mlx5_4,0.000,0.000,0.000,0.000
2025-11-15 05:42:33,mlx5_5,0.000,0.000,0.000,0.000
2025-11-15 05:42:33,mlx5_6,0.000,0.000,0.000,0.000
2025-11-15 05:42:33,mlx5_7,0.000,0.000,0.000,0.000
2025-11-15 05:42:33,mlx5_8,0.000,0.000,0.000,0.000
2025-11-15 05:42:33,mlx5_9,12.753,0.017,281.288,204.100
2025-11-15 05:42:33,TOTAL,38.003,0.052,844.178,613.639
2025-11-15 05:42:34,mlx5_0,0.000,0.000,0.000,0.000
2025-11-15 05:42:34,mlx5_1,0.000,0.000,280.924,201.989
2025-11-15 05:42:34,mlx5_2,0.000,0.000,281.966,207.549
2025-11-15 05:42:34,mlx5_3,0.000,0.000,0.000,0.000
2025-11-15 05:42:34,mlx5_4,0.000,0.000,0.000,0.000
2025-11-15 05:42:34,mlx5_5,0.000,0.000,0.000,0.000
2025-11-15 05:42:34,mlx5_6,0.000,0.000,0.000,0.000
2025-11-15 05:42:34,mlx5_7,0.000,0.000,0.000,0.000
2025-11-15 05:42:34,mlx5_8,0.000,0.000,0.000,0.000
2025-11-15 05:42:34,mlx5_9,0.000,0.000,281.288,204.100
2025-11-15 05:42:34,TOTAL,0.000,0.000,844.178,613.639
2025-11-15 05:42:35,mlx5_0,0.000,0.000,0.000,0.000
2025-11-15 05:42:35,mlx5_1,0.000,0.000,280.924,201.989
2025-11-15 05:42:35,mlx5_2,0.000,0.000,281.966,207.549
2025-11-15 05:42:35,mlx5_3,0.000,0.000,0.000,0.000
2025-11-15 05:42:35,mlx5_4,0.000,0.000,0.000,0.000
2025-11-15 05:42:35,mlx5_5,0.000,0.000,0.000,0.000
2025-11-15 05:42:35,mlx5_6,0.000,0.000,0.000,0.000
2025-11-15 05:42:35,mlx5_7,0.000,0.000,0.000,0.000
2025-11-15 05:42:35,mlx5_8,0.000,0.000,0.000,0.000
2025-11-15 05:42:35,mlx5_9,0.000,0.000,281.288,204.100
2025-11-15 05:42:35,TOTAL,0.000,0.000,844.178,613.639
2025-11-15 05:42:36,mlx5_0,0.000,0.000,0.000,0.000
2025-11-15 05:42:36,mlx5_1,12.487,0.017,282.491,201.992
2025-11-15 05:42:36,mlx5_2,12.283,0.017,283.507,207.551
2025-11-15 05:42:36,mlx5_3,0.000,0.000,0.000,0.000
2025-11-15 05:42:36,mlx5_4,0.000,0.000,0.000,0.000
2025-11-15 05:42:36,mlx5_5,0.000,0.000,0.000,0.000
2025-11-15 05:42:36,mlx5_6,0.000,0.000,0.000,0.000
2025-11-15 05:42:36,mlx5_7,0.000,0.000,0.000,0.000
2025-11-15 05:42:36,mlx5_8,0.000,0.000,0.000,0.000
2025-11-15 05:42:36,mlx5_9,12.503,0.017,282.856,204.102
2025-11-15 05:42:36,TOTAL,37.273,0.050,848.855,613.645
2025-11-15 05:42:37,mlx5_0,0.000,0.000,0.000,0.000
2025-11-15 05:42:37,mlx5_1,0.000,0.000,282.491,201.992
2025-11-15 05:42:37,mlx5_2,0.000,0.000,283.507,207.551
2025-11-15 05:42:37,mlx5_3,0.000,0.000,0.000,0.000
2025-11-15 05:42:37,mlx5_4,0.000,0.000,0.000,0.000
2025-11-15 05:42:37,mlx5_5,0.000,0.000,0.000,0.000
2025-11-15 05:42:37,mlx5_6,0.000,0.000,0.000,0.000
2025-11-15 05:42:37,mlx5_7,0.000,0.000,0.000,0.000
2025-11-15 05:42:37,mlx5_8,0.000,0.000,0.000,0.000
2025-11-15 05:42:37,mlx5_9,0.000,0.000,282.856,204.102
2025-11-15 05:42:37,TOTAL,0.000,0.000,848.855,613.645
2025-11-15 05:42:38,mlx5_0,0.000,0.000,0.000,0.000
2025-11-15 05:42:38,mlx5_1,0.000,0.000,282.491,201.992
2025-11-15 05:42:38,mlx5_2,0.000,0.000,283.507,207.551
2025-11-15 05:42:38,mlx5_3,0.000,0.000,0.000,0.000
2025-11-15 05:42:38,mlx5_4,0.000,0.000,0.000,0.000
2025-11-15 05:42:38,mlx5_5,0.000,0.000,0.000,0.000
2025-11-15 05:42:38,mlx5_6,0.000,0.000,0.000,0.000
2025-11-15 05:42:38,mlx5_7,0.000,0.000,0.000,0.000
2025-11-15 05:42:38,mlx5_8,0.000,0.000,0.000,0.000
2025-11-15 05:42:38,mlx5_9,0.000,0.000,282.856,204.102
2025-11-15 05:42:38,TOTAL,0.000,0.000,848.855,613.645
2025-11-15 05:42:39,mlx5_0,0.000,0.000,0.000,0.000
2025-11-15 05:42:39,mlx5_1,0.000,0.000,282.491,201.992
2025-11-15 05:42:39,mlx5_2,0.000,0.000,283.507,207.551
2025-11-15 05:42:39,mlx5_3,0.000,0.000,0.000,0.000
2025-11-15 05:42:39,mlx5_4,0.000,0.000,0.000,0.000
2025-11-15 05:42:39,mlx5_5,0.000,0.000,0.000,0.000
2025-11-15 05:42:39,mlx5_6,0.000,0.000,0.000,0.000
2025-11-15 05:42:39,mlx5_7,0.000,0.000,0.000,0.000
2025-11-15 05:42:39,mlx5_8,0.000,0.000,0.000,0.000
2025-11-15 05:42:39,mlx5_9,0.000,0.000,282.856,204.102
2025-11-15 05:42:39,TOTAL,0.000,0.000,848.855,613.645
2025-11-15 05:42:40,mlx5_0,0.000,0.000,0.000,0.000
2025-11-15 05:42:40,mlx5_1,12.524,0.017,284.062,201.994
2025-11-15 05:42:40,mlx5_2,12.285,0.017,285.048,207.554
2025-11-15 05:42:40,mlx5_3,0.000,0.000,0.000,0.000
2025-11-15 05:42:40,mlx5_4,0.000,0.000,0.000,0.000
2025-11-15 05:42:40,mlx5_5,0.000,0.000,0.000,0.000
2025-11-15 05:42:40,mlx5_6,0.000,0.000,0.000,0.000
2025-11-15 05:42:40,mlx5_7,0.000,0.000,0.000,0.000
2025-11-15 05:42:40,mlx5_8,0.000,0.000,0.000,0.000
2025-11-15 05:42:40,mlx5_9,12.470,0.017,284.421,204.104
2025-11-15 05:42:40,TOTAL,37.279,0.051,853.532,613.652
2025-11-15 05:42:41,mlx5_0,0.000,0.000,0.000,0.000
2025-11-15 05:42:41,mlx5_1,0.000,0.000,284.062,201.994
2025-11-15 05:42:41,mlx5_2,0.000,0.000,285.048,207.554
2025-11-15 05:42:41,mlx5_3,0.000,0.000,0.000,0.000
2025-11-15 05:42:41,mlx5_4,0.000,0.000,0.000,0.000
2025-11-15 05:42:41,mlx5_5,0.000,0.000,0.000,0.000
2025-11-15 05:42:41,mlx5_6,0.000,0.000,0.000,0.000
2025-11-15 05:42:41,mlx5_7,0.000,0.000,0.000,0.000
2025-11-15 05:42:41,mlx5_8,0.000,0.000,0.000,0.000
2025-11-15 05:42:41,mlx5_9,0.000,0.000,284.421,204.104
2025-11-15 05:42:41,TOTAL,0.000,0.000,853.532,613.652
2025-11-15 05:42:42,mlx5_0,0.000,0.000,0.000,0.000
2025-11-15 05:42:42,mlx5_1,0.000,0.000,284.062,201.994
2025-11-15 05:42:42,mlx5_2,0.000,0.000,285.048,207.554
2025-11-15 05:42:42,mlx5_3,0.000,0.000,0.000,0.000
2025-11-15 05:42:42,mlx5_4,0.000,0.000,0.000,0.000
2025-11-15 05:42:42,mlx5_5,0.000,0.000,0.000,0.000
2025-11-15 05:42:42,mlx5_6,0.000,0.000,0.000,0.000
2025-11-15 05:42:42,mlx5_7,0.000,0.000,0.000,0.000
2025-11-15 05:42:42,mlx5_8,0.000,0.000,0.000,0.000
2025-11-15 05:42:42,mlx5_9,0.000,0.000,284.421,204.104
2025-11-15 05:42:42,TOTAL,0.000,0.000,853.532,613.652
2025-11-15 05:42:43,mlx5_0,0.000,0.000,0.000,0.000
2025-11-15 05:42:43,mlx5_1,0.000,0.000,284.062,201.994
2025-11-15 05:42:43,mlx5_2,0.000,0.000,285.048,207.554
2025-11-15 05:42:43,mlx5_3,0.000,0.000,0.000,0.000
2025-11-15 05:42:43,mlx5_4,0.000,0.000,0.000,0.000
2025-11-15 05:42:43,mlx5_5,0.000,0.000,0.000,0.000
2025-11-15 05:42:43,mlx5_6,0.000,0.000,0.000,0.000
2025-11-15 05:42:43,mlx5_7,0.000,0.000,0.000,0.000
2025-11-15 05:42:43,mlx5_8,0.000,0.000,0.000,0.000
2025-11-15 05:42:43,mlx5_9,0.000,0.000,284.421,204.104
2025-11-15 05:42:43,TOTAL,0.000,0.000,853.532,613.652
2025-11-15 05:42:44,mlx5_0,0.000,0.000,0.000,0.000
2025-11-15 05:42:44,mlx5_1,12.434,0.017,285.623,201.996
2025-11-15 05:42:44,mlx5_2,12.418,0.017,286.607,207.556
2025-11-15 05:42:44,mlx5_3,0.000,0.000,0.000,0.000
2025-11-15 05:42:44,mlx5_4,0.000,0.000,0.000,0.000
2025-11-15 05:42:44,mlx5_5,0.000,0.000,0.000,0.000
2025-11-15 05:42:44,mlx5_6,0.000,0.000,0.000,0.000
2025-11-15 05:42:44,mlx5_7,0.000,0.000,0.000,0.000
2025-11-15 05:42:44,mlx5_8,0.000,0.000,0.000,0.000
2025-11-15 05:42:44,mlx5_9,12.419,0.017,285.979,204.106
2025-11-15 05:42:44,TOTAL,37.271,0.050,858.209,613.658
2025-11-15 05:42:45,mlx5_0,0.000,0.000,0.000,0.000
2025-11-15 05:42:45,mlx5_1,0.000,0.000,285.623,201.996
2025-11-15 05:42:45,mlx5_2,0.000,0.000,286.607,207.556
2025-11-15 05:42:45,mlx5_3,0.000,0.000,0.000,0.000
2025-11-15 05:42:45,mlx5_4,0.000,0.000,0.000,0.000
2025-11-15 05:42:45,mlx5_5,0.000,0.000,0.000,0.000
2025-11-15 05:42:45,mlx5_6,0.000,0.000,0.000,0.000
2025-11-15 05:42:45,mlx5_7,0.000,0.000,0.000,0.000
2025-11-15 05:42:45,mlx5_8,0.000,0.000,0.000,0.000
2025-11-15 05:42:45,mlx5_9,0.000,0.000,285.979,204.106
2025-11-15 05:42:45,TOTAL,0.000,0.000,858.209,613.658
2025-11-15 05:42:46,mlx5_0,0.000,0.000,0.000,0.000
2025-11-15 05:42:46,mlx5_1,0.000,0.000,285.623,201.996
2025-11-15 05:42:46,mlx5_2,0.000,0.000,286.607,207.556
2025-11-15 05:42:46,mlx5_3,0.000,0.000,0.000,0.000
2025-11-15 05:42:46,mlx5_4,0.000,0.000,0.000,0.000
2025-11-15 05:42:46,mlx5_5,0.000,0.000,0.000,0.000
2025-11-15 05:42:46,mlx5_6,0.000,0.000,0.000,0.000
2025-11-15 05:42:46,mlx5_7,0.000,0.000,0.000,0.000
2025-11-15 05:42:46,mlx5_8,0.000,0.000,0.000,0.000
2025-11-15 05:42:46,mlx5_9,0.000,0.000,285.979,204.106
2025-11-15 05:42:46,TOTAL,0.000,0.000,858.209,613.658
2025-11-15 05:42:47,mlx5_0,0.000,0.000,0.000,0.000
2025-11-15 05:42:47,mlx5_1,0.000,0.000,285.623,201.996
2025-11-15 05:42:47,mlx5_2,0.000,0.000,286.607,207.556
2025-11-15 05:42:47,mlx5_3,0.000,0.000,0.000,0.000
2025-11-15 05:42:47,mlx5_4,0.000,0.000,0.000,0.000
2025-11-15 05:42:47,mlx5_5,0.000,0.000,0.000,0.000
2025-11-15 05:42:47,mlx5_6,0.000,0.000,0.000,0.000
2025-11-15 05:42:47,mlx5_7,0.000,0.000,0.000,0.000
2025-11-15 05:42:47,mlx5_8,0.000,0.000,0.000,0.000
2025-11-15 05:42:47,mlx5_9,0.000,0.000,285.979,204.106
2025-11-15 05:42:47,TOTAL,0.000,0.000,858.209,613.658
2025-11-15 05:42:48,mlx5_0,0.000,0.000,0.000,0.000
2025-11-15 05:42:48,mlx5_1,12.502,0.017,287.192,201.998
2025-11-15 05:42:48,mlx5_2,12.347,0.017,288.156,207.558
2025-11-15 05:42:48,mlx5_3,0.000,0.000,0.000,0.000
2025-11-15 05:42:48,mlx5_4,0.000,0.000,0.000,0.000
2025-11-15 05:42:48,mlx5_5,0.000,0.000,0.000,0.000
2025-11-15 05:42:48,mlx5_6,0.000,0.000,0.000,0.000
2025-11-15 05:42:48,mlx5_7,0.000,0.000,0.000,0.000
2025-11-15 05:42:48,mlx5_8,0.000,0.000,0.000,0.000
2025-11-15 05:42:48,mlx5_9,12.421,0.017,287.538,204.109
2025-11-15 05:42:48,TOTAL,37.269,0.050,862.885,613.664
2025-11-15 05:42:49,mlx5_0,0.000,0.000,0.000,0.000
2025-11-15 05:42:49,mlx5_1,0.000,0.000,287.192,201.998
2025-11-15 05:42:49,mlx5_2,0.000,0.000,288.156,207.558
2025-11-15 05:42:49,mlx5_3,0.000,0.000,0.000,0.000
2025-11-15 05:42:49,mlx5_4,0.000,0.000,0.000,0.000
2025-11-15 05:42:49,mlx5_5,0.000,0.000,0.000,0.000
2025-11-15 05:42:49,mlx5_6,0.000,0.000,0.000,0.000
2025-11-15 05:42:49,mlx5_7,0.000,0.000,0.000,0.000
2025-11-15 05:42:49,mlx5_8,0.000,0.000,0.000,0.000
2025-11-15 05:42:49,mlx5_9,0.000,0.000,287.538,204.109
2025-11-15 05:42:49,TOTAL,0.000,0.000,862.885,613.664
2025-11-15 05:42:50,mlx5_0,0.000,0.000,0.000,0.000
2025-11-15 05:42:50,mlx5_1,0.000,0.000,287.192,201.998
2025-11-15 05:42:50,mlx5_2,0.000,0.000,288.156,207.558
2025-11-15 05:42:50,mlx5_3,0.000,0.000,0.000,0.000
2025-11-15 05:42:50,mlx5_4,0.000,0.000,0.000,0.000
2025-11-15 05:42:50,mlx5_5,0.000,0.000,0.000,0.000
2025-11-15 05:42:50,mlx5_6,0.000,0.000,0.000,0.000
2025-11-15 05:42:50,mlx5_7,0.000,0.000,0.000,0.000
2025-11-15 05:42:50,mlx5_8,0.000,0.000,0.000,0.000
2025-11-15 05:42:50,mlx5_9,0.000,0.000,287.538,204.109
2025-11-15 05:42:50,TOTAL,0.000,0.000,862.885,613.664
2025-11-15 05:42:51,mlx5_0,0.000,0.000,0.000,0.000
2025-11-15 05:42:51,mlx5_1,0.000,0.000,287.192,201.998
2025-11-15 05:42:51,mlx5_2,0.000,0.000,288.156,207.558
2025-11-15 05:42:51,mlx5_3,0.000,0.000,0.000,0.000
2025-11-15 05:42:51,mlx5_4,0.000,0.000,0.000,0.000
2025-11-15 05:42:51,mlx5_5,0.000,0.000,0.000,0.000
2025-11-15 05:42:51,mlx5_6,0.000,0.000,0.000,0.000
2025-11-15 05:42:51,mlx5_7,0.000,0.000,0.000,0.000
2025-11-15 05:42:51,mlx5_8,0.000,0.000,0.000,0.000
2025-11-15 05:42:51,mlx5_9,0.000,0.000,287.538,204.109
2025-11-15 05:42:51,TOTAL,0.000,0.000,862.885,613.664
2025-11-15 05:42:52,mlx5_0,0.000,0.000,0.000,0.000
2025-11-15 05:42:52,mlx5_1,0.000,0.000,287.192,201.998
2025-11-15 05:42:52,mlx5_2,0.000,0.000,288.156,207.558
2025-11-15 05:42:52,mlx5_3,0.000,0.000,0.000,0.000
2025-11-15 05:42:52,mlx5_4,0.000,0.000,0.000,0.000
2025-11-15 05:42:52,mlx5_5,0.000,0.000,0.000,0.000
2025-11-15 05:42:52,mlx5_6,0.000,0.000,0.000,0.000
2025-11-15 05:42:52,mlx5_7,0.000,0.000,0.000,0.000
2025-11-15 05:42:52,mlx5_8,0.000,0.000,0.000,0.000
2025-11-15 05:42:52,mlx5_9,0.000,0.000,287.538,204.109
2025-11-15 05:42:52,TOTAL,0.000,0.000,862.885,613.664
2025-11-15 05:42:53,mlx5_0,0.000,0.000,0.000,0.000
2025-11-15 05:42:53,mlx5_1,12.459,0.024,288.755,202.001
2025-11-15 05:42:53,mlx5_2,12.360,0.024,289.707,207.561
2025-11-15 05:42:53,mlx5_3,0.000,0.000,0.000,0.000
2025-11-15 05:42:53,mlx5_4,0.000,0.000,0.000,0.000
2025-11-15 05:42:53,mlx5_5,0.000,0.000,0.000,0.000
2025-11-15 05:42:53,mlx5_6,0.000,0.000,0.000,0.000
2025-11-15 05:42:53,mlx5_7,0.000,0.000,0.000,0.000
2025-11-15 05:42:53,mlx5_8,0.000,0.000,0.000,0.000
2025-11-15 05:42:53,mlx5_9,12.475,0.025,289.103,204.112
2025-11-15 05:42:53,TOTAL,37.294,0.073,867.565,613.673
2025-11-15 05:42:54,mlx5_0,0.000,0.000,0.000,0.000
2025-11-15 05:42:54,mlx5_1,0.001,0.001,288.755,202.001
2025-11-15 05:42:54,mlx5_2,0.001,0.001,289.707,207.561
2025-11-15 05:42:54,mlx5_3,0.000,0.000,0.000,0.000
2025-11-15 05:42:54,mlx5_4,0.000,0.000,0.000,0.000
2025-11-15 05:42:54,mlx5_5,0.000,0.000,0.000,0.000
2025-11-15 05:42:54,mlx5_6,0.000,0.000,0.000,0.000
2025-11-15 05:42:54,mlx5_7,0.000,0.000,0.000,0.000
2025-11-15 05:42:54,mlx5_8,0.000,0.000,0.000,0.000
2025-11-15 05:42:54,mlx5_9,0.001,0.001,289.103,204.112
2025-11-15 05:42:54,TOTAL,0.003,0.003,867.566,613.674
2025-11-15 05:42:55,mlx5_0,0.000,0.000,0.000,0.000
2025-11-15 05:42:55,mlx5_1,0.000,0.000,288.755,202.001
2025-11-15 05:42:55,mlx5_2,0.000,0.000,289.707,207.561
2025-11-15 05:42:55,mlx5_3,0.000,0.000,0.000,0.000
2025-11-15 05:42:55,mlx5_4,0.000,0.000,0.000,0.000
2025-11-15 05:42:55,mlx5_5,0.000,0.000,0.000,0.000
2025-11-15 05:42:55,mlx5_6,0.000,0.000,0.000,0.000
2025-11-15 05:42:55,mlx5_7,0.000,0.000,0.000,0.000
2025-11-15 05:42:55,mlx5_8,0.000,0.000,0.000,0.000
2025-11-15 05:42:55,mlx5_9,0.000,0.000,289.103,204.112
2025-11-15 05:42:55,TOTAL,0.000,0.000,867.566,613.674
2025-11-15 05:42:56,mlx5_0,0.000,0.000,0.000,0.000
2025-11-15 05:42:56,mlx5_1,0.000,0.000,288.755,202.001
2025-11-15 05:42:56,mlx5_2,0.000,0.000,289.707,207.561
2025-11-15 05:42:56,mlx5_3,0.000,0.000,0.000,0.000
2025-11-15 05:42:56,mlx5_4,0.000,0.000,0.000,0.000
2025-11-15 05:42:56,mlx5_5,0.000,0.000,0.000,0.000
2025-11-15 05:42:56,mlx5_6,0.000,0.000,0.000,0.000
2025-11-15 05:42:56,mlx5_7,0.000,0.000,0.000,0.000
2025-11-15 05:42:56,mlx5_8,0.000,0.000,0.000,0.000
2025-11-15 05:42:56,mlx5_9,0.000,0.000,289.103,204.112
2025-11-15 05:42:56,TOTAL,0.000,0.000,867.566,613.674
2025-11-15 05:42:57,mlx5_0,0.000,0.000,0.000,0.000
2025-11-15 05:42:57,mlx5_1,2.411,0.004,289.058,202.002
2025-11-15 05:42:57,mlx5_2,2.458,0.004,290.016,207.562
2025-11-15 05:42:57,mlx5_3,0.000,0.000,0.000,0.000
2025-11-15 05:42:57,mlx5_4,0.000,0.000,0.000,0.000
2025-11-15 05:42:57,mlx5_5,0.000,0.000,0.000,0.000
2025-11-15 05:42:57,mlx5_6,0.000,0.000,0.000,0.000
2025-11-15 05:42:57,mlx5_7,0.000,0.000,0.000,0.000
2025-11-15 05:42:57,mlx5_8,0.000,0.000,0.000,0.000
2025-11-15 05:42:57,mlx5_9,2.567,0.004,289.425,204.112
2025-11-15 05:42:57,TOTAL,7.436,0.013,868.499,613.675
2025-11-15 05:42:58,mlx5_0,0.000,0.000,0.000,0.000
2025-11-15 05:42:58,mlx5_1,10.324,0.013,290.354,202.003
2025-11-15 05:42:58,mlx5_2,10.183,0.013,291.294,207.563
2025-11-15 05:42:58,mlx5_3,0.000,0.000,0.000,0.000
2025-11-15 05:42:58,mlx5_4,0.000,0.000,0.000,0.000
2025-11-15 05:42:58,mlx5_5,0.000,0.000,0.000,0.000
2025-11-15 05:42:58,mlx5_6,0.000,0.000,0.000,0.000
2025-11-15 05:42:58,mlx5_7,0.000,0.000,0.000,0.000
2025-11-15 05:42:58,mlx5_8,0.000,0.000,0.000,0.000
2025-11-15 05:42:58,mlx5_9,10.047,0.013,290.686,204.114
2025-11-15 05:42:58,TOTAL,30.554,0.039,872.334,613.680
2025-11-15 05:42:59,mlx5_0,0.000,0.000,0.000,0.000
2025-11-15 05:42:59,mlx5_1,0.000,0.000,290.354,202.003
2025-11-15 05:42:59,mlx5_2,0.000,0.000,291.294,207.563
2025-11-15 05:42:59,mlx5_3,0.000,0.000,0.000,0.000
2025-11-15 05:42:59,mlx5_4,0.000,0.000,0.000,0.000
2025-11-15 05:42:59,mlx5_5,0.000,0.000,0.000,0.000
2025-11-15 05:42:59,mlx5_6,0.000,0.000,0.000,0.000
2025-11-15 05:42:59,mlx5_7,0.000,0.000,0.000,0.000
2025-11-15 05:42:59,mlx5_8,0.000,0.000,0.000,0.000
2025-11-15 05:42:59,mlx5_9,0.000,0.000,290.686,204.114
2025-11-15 05:42:59,TOTAL,0.000,0.000,872.334,613.680
2025-11-15 05:43:00,mlx5_0,0.000,0.000,0.000,0.000
2025-11-15 05:43:00,mlx5_1,0.000,0.000,290.354,202.003
2025-11-15 05:43:00,mlx5_2,0.000,0.000,291.294,207.563
2025-11-15 05:43:00,mlx5_3,0.000,0.000,0.000,0.000
2025-11-15 05:43:00,mlx5_4,0.000,0.000,0.000,0.000
2025-11-15 05:43:00,mlx5_5,0.000,0.000,0.000,0.000
2025-11-15 05:43:00,mlx5_6,0.000,0.000,0.000,0.000
2025-11-15 05:43:00,mlx5_7,0.000,0.000,0.000,0.000
2025-11-15 05:43:00,mlx5_8,0.000,0.000,0.000,0.000
2025-11-15 05:43:00,mlx5_9,0.000,0.000,290.686,204.114
2025-11-15 05:43:00,TOTAL,0.000,0.000,872.334,613.680
2025-11-15 05:43:01,mlx5_0,0.000,0.000,0.000,0.000
2025-11-15 05:43:01,mlx5_1,12.477,0.017,291.919,202.005
2025-11-15 05:43:01,mlx5_2,12.370,0.017,292.846,207.565
2025-11-15 05:43:01,mlx5_3,0.000,0.000,0.000,0.000
2025-11-15 05:43:01,mlx5_4,0.000,0.000,0.000,0.000
2025-11-15 05:43:01,mlx5_5,0.000,0.000,0.000,0.000
2025-11-15 05:43:01,mlx5_6,0.000,0.000,0.000,0.000
2025-11-15 05:43:01,mlx5_7,0.000,0.000,0.000,0.000
2025-11-15 05:43:01,mlx5_8,0.000,0.000,0.000,0.000
2025-11-15 05:43:01,mlx5_9,12.426,0.017,292.246,204.116
2025-11-15 05:43:01,TOTAL,37.273,0.051,877.011,613.687
2025-11-15 05:43:02,mlx5_0,0.000,0.000,0.000,0.000
2025-11-15 05:43:02,mlx5_1,0.000,0.000,291.919,202.005
2025-11-15 05:43:02,mlx5_2,0.000,0.000,292.846,207.565
2025-11-15 05:43:02,mlx5_3,0.000,0.000,0.000,0.000
2025-11-15 05:43:02,mlx5_4,0.000,0.000,0.000,0.000
2025-11-15 05:43:02,mlx5_5,0.000,0.000,0.000,0.000
2025-11-15 05:43:02,mlx5_6,0.000,0.000,0.000,0.000
2025-11-15 05:43:02,mlx5_7,0.000,0.000,0.000,0.000
2025-11-15 05:43:02,mlx5_8,0.000,0.000,0.000,0.000
2025-11-15 05:43:02,mlx5_9,0.000,0.000,292.246,204.116
2025-11-15 05:43:02,TOTAL,0.000,0.000,877.011,613.687
2025-11-15 05:43:03,mlx5_0,0.000,0.000,0.000,0.000
2025-11-15 05:43:03,mlx5_1,0.000,0.000,291.919,202.005
2025-11-15 05:43:03,mlx5_2,0.000,0.000,292.846,207.565
2025-11-15 05:43:03,mlx5_3,0.000,0.000,0.000,0.000
2025-11-15 05:43:03,mlx5_4,0.000,0.000,0.000,0.000
2025-11-15 05:43:03,mlx5_5,0.000,0.000,0.000,0.000
2025-11-15 05:43:03,mlx5_6,0.000,0.000,0.000,0.000
2025-11-15 05:43:03,mlx5_7,0.000,0.000,0.000,0.000
2025-11-15 05:43:03,mlx5_8,0.000,0.000,0.000,0.000
2025-11-15 05:43:03,mlx5_9,0.000,0.000,292.246,204.116
2025-11-15 05:43:03,TOTAL,0.000,0.000,877.011,613.687
2025-11-15 05:43:04,mlx5_0,0.000,0.000,0.000,0.000
2025-11-15 05:43:04,mlx5_1,7.793,0.011,292.896,202.007
2025-11-15 05:43:04,mlx5_2,7.956,0.011,293.844,207.567
2025-11-15 05:43:04,mlx5_3,0.000,0.000,0.000,0.000
2025-11-15 05:43:04,mlx5_4,0.000,0.000,0.000,0.000
2025-11-15 05:43:04,mlx5_5,0.000,0.000,0.000,0.000
2025-11-15 05:43:04,mlx5_6,0.000,0.000,0.000,0.000
2025-11-15 05:43:04,mlx5_7,0.000,0.000,0.000,0.000
2025-11-15 05:43:04,mlx5_8,0.000,0.000,0.000,0.000
2025-11-15 05:43:04,mlx5_9,7.785,0.011,293.222,204.117
2025-11-15 05:43:04,TOTAL,23.533,0.033,879.962,613.691
2025-11-15 05:43:05,mlx5_0,0.000,0.000,0.000,0.000
2025-11-15 05:43:05,mlx5_1,4.576,0.006,293.471,202.008
2025-11-15 05:43:05,mlx5_2,4.649,0.006,294.427,207.567
2025-11-15 05:43:05,mlx5_3,0.000,0.000,0.000,0.000
2025-11-15 05:43:05,mlx5_4,0.000,0.000,0.000,0.000
2025-11-15 05:43:05,mlx5_5,0.000,0.000,0.000,0.000
2025-11-15 05:43:05,mlx5_6,0.000,0.000,0.000,0.000
2025-11-15 05:43:05,mlx5_7,0.000,0.000,0.000,0.000
2025-11-15 05:43:05,mlx5_8,0.000,0.000,0.000,0.000
2025-11-15 05:43:05,mlx5_9,4.529,0.006,293.790,204.118
2025-11-15 05:43:05,TOTAL,13.755,0.018,881.688,613.693
2025-11-15 05:43:06,mlx5_0,0.000,0.000,0.000,0.000
2025-11-15 05:43:06,mlx5_1,0.000,0.000,293.471,202.008
2025-11-15 05:43:06,mlx5_2,0.000,0.000,294.427,207.567
2025-11-15 05:43:06,mlx5_3,0.000,0.000,0.000,0.000
2025-11-15 05:43:06,mlx5_4,0.000,0.000,0.000,0.000
2025-11-15 05:43:06,mlx5_5,0.000,0.000,0.000,0.000
2025-11-15 05:43:06,mlx5_6,0.000,0.000,0.000,0.000
2025-11-15 05:43:06,mlx5_7,0.000,0.000,0.000,0.000
2025-11-15 05:43:06,mlx5_8,0.000,0.000,0.000,0.000
2025-11-15 05:43:06,mlx5_9,0.000,0.000,293.790,204.118
2025-11-15 05:43:06,TOTAL,0.000,0.000,881.688,613.693
2025-11-15 05:43:07,mlx5_0,0.000,0.000,0.000,0.000
2025-11-15 05:43:07,mlx5_1,0.000,0.000,293.471,202.008
2025-11-15 05:43:07,mlx5_2,0.000,0.000,294.427,207.567
2025-11-15 05:43:07,mlx5_3,0.000,0.000,0.000,0.000
2025-11-15 05:43:07,mlx5_4,0.000,0.000,0.000,0.000
2025-11-15 05:43:07,mlx5_5,0.000,0.000,0.000,0.000
2025-11-15 05:43:07,mlx5_6,0.000,0.000,0.000,0.000
2025-11-15 05:43:07,mlx5_7,0.000,0.000,0.000,0.000
2025-11-15 05:43:07,mlx5_8,0.000,0.000,0.000,0.000
2025-11-15 05:43:07,mlx5_9,0.000,0.000,293.790,204.118
2025-11-15 05:43:07,TOTAL,0.000,0.000,881.688,613.693
2025-11-15 05:43:08,mlx5_0,0.000,0.000,0.000,0.000
2025-11-15 05:43:08,mlx5_1,9.393,0.013,294.649,202.009
2025-11-15 05:43:08,mlx5_2,9.348,0.013,295.600,207.569
2025-11-15 05:43:08,mlx5_3,0.000,0.000,0.000,0.000
2025-11-15 05:43:08,mlx5_4,0.000,0.000,0.000,0.000
2025-11-15 05:43:08,mlx5_5,0.000,0.000,0.000,0.000
2025-11-15 05:43:08,mlx5_6,0.000,0.000,0.000,0.000
2025-11-15 05:43:08,mlx5_7,0.000,0.000,0.000,0.000
2025-11-15 05:43:08,mlx5_8,0.000,0.000,0.000,0.000
2025-11-15 05:43:08,mlx5_9,9.603,0.013,294.995,204.120
2025-11-15 05:43:08,TOTAL,28.343,0.039,885.244,613.698
2025-11-15 05:43:09,mlx5_0,0.000,0.000,0.000,0.000
2025-11-15 05:43:09,mlx5_1,3.013,0.004,295.027,202.010
2025-11-15 05:43:09,mlx5_2,2.984,0.004,295.974,207.570
2025-11-15 05:43:09,mlx5_3,0.000,0.000,0.000,0.000
2025-11-15 05:43:09,mlx5_4,0.000,0.000,0.000,0.000
2025-11-15 05:43:09,mlx5_5,0.000,0.000,0.000,0.000
2025-11-15 05:43:09,mlx5_6,0.000,0.000,0.000,0.000
2025-11-15 05:43:09,mlx5_7,0.000,0.000,0.000,0.000
2025-11-15 05:43:09,mlx5_8,0.000,0.000,0.000,0.000
2025-11-15 05:43:09,mlx5_9,2.938,0.004,295.363,204.120
2025-11-15 05:43:09,TOTAL,8.935,0.012,886.365,613.699
2025-11-15 05:43:10,mlx5_0,0.000,0.000,0.000,0.000
2025-11-15 05:43:10,mlx5_1,0.000,0.000,295.027,202.010
2025-11-15 05:43:10,mlx5_2,0.000,0.000,295.974,207.570
2025-11-15 05:43:10,mlx5_3,0.000,0.000,0.000,0.000
2025-11-15 05:43:10,mlx5_4,0.000,0.000,0.000,0.000
2025-11-15 05:43:10,mlx5_5,0.000,0.000,0.000,0.000
2025-11-15 05:43:10,mlx5_6,0.000,0.000,0.000,0.000
2025-11-15 05:43:10,mlx5_7,0.000,0.000,0.000,0.000
2025-11-15 05:43:10,mlx5_8,0.000,0.000,0.000,0.000
2025-11-15 05:43:10,mlx5_9,0.000,0.000,295.363,204.120
2025-11-15 05:43:10,TOTAL,0.000,0.000,886.365,613.699
2025-11-15 05:43:11,mlx5_0,0.000,0.000,0.000,0.000
2025-11-15 05:43:11,mlx5_1,0.000,0.000,295.027,202.010
2025-11-15 05:43:11,mlx5_2,0.000,0.000,295.974,207.570
2025-11-15 05:43:11,mlx5_3,0.000,0.000,0.000,0.000
2025-11-15 05:43:11,mlx5_4,0.000,0.000,0.000,0.000
2025-11-15 05:43:11,mlx5_5,0.000,0.000,0.000,0.000
2025-11-15 05:43:11,mlx5_6,0.000,0.000,0.000,0.000
2025-11-15 05:43:11,mlx5_7,0.000,0.000,0.000,0.000
2025-11-15 05:43:11,mlx5_8,0.000,0.000,0.000,0.000
2025-11-15 05:43:11,mlx5_9,0.000,0.000,295.363,204.120
2025-11-15 05:43:11,TOTAL,0.000,0.000,886.365,613.699
2025-11-15 05:43:12,mlx5_0,0.000,0.000,0.000,0.000
2025-11-15 05:43:12,mlx5_1,0.111,0.000,295.041,202.010
2025-11-15 05:43:12,mlx5_2,0.043,0.000,295.980,207.570
2025-11-15 05:43:12,mlx5_3,0.000,0.000,0.000,0.000
2025-11-15 05:43:12,mlx5_4,0.000,0.000,0.000,0.000
2025-11-15 05:43:12,mlx5_5,0.000,0.000,0.000,0.000
2025-11-15 05:43:12,mlx5_6,0.000,0.000,0.000,0.000
2025-11-15 05:43:12,mlx5_7,0.000,0.000,0.000,0.000
2025-11-15 05:43:12,mlx5_8,0.000,0.000,0.000,0.000
2025-11-15 05:43:12,mlx5_9,0.113,0.001,295.378,204.120
2025-11-15 05:43:12,TOTAL,0.267,0.001,886.398,613.700
2025-11-15 05:43:13,mlx5_0,0.000,0.000,0.000,0.000
2025-11-15 05:43:13,mlx5_1,12.278,0.016,296.583,202.012
2025-11-15 05:43:13,mlx5_2,12.412,0.017,297.538,207.572
2025-11-15 05:43:13,mlx5_3,0.000,0.000,0.000,0.000
2025-11-15 05:43:13,mlx5_4,0.000,0.000,0.000,0.000
2025-11-15 05:43:13,mlx5_5,0.000,0.000,0.000,0.000
2025-11-15 05:43:13,mlx5_6,0.000,0.000,0.000,0.000
2025-11-15 05:43:13,mlx5_7,0.000,0.000,0.000,0.000
2025-11-15 05:43:13,mlx5_8,0.000,0.000,0.000,0.000
2025-11-15 05:43:13,mlx5_9,12.285,0.016,296.920,204.122
2025-11-15 05:43:13,TOTAL,36.975,0.049,891.042,613.706
2025-11-15 05:43:14,mlx5_0,0.000,0.000,0.000,0.000
2025-11-15 05:43:14,mlx5_1,0.000,0.000,296.583,202.012
2025-11-15 05:43:14,mlx5_2,0.000,0.000,297.538,207.572
2025-11-15 05:43:14,mlx5_3,0.000,0.000,0.000,0.000
2025-11-15 05:43:14,mlx5_4,0.000,0.000,0.000,0.000
2025-11-15 05:43:14,mlx5_5,0.000,0.000,0.000,0.000
2025-11-15 05:43:14,mlx5_6,0.000,0.000,0.000,0.000
2025-11-15 05:43:14,mlx5_7,0.000,0.000,0.000,0.000
2025-11-15 05:43:14,mlx5_8,0.000,0.000,0.000,0.000
2025-11-15 05:43:14,mlx5_9,0.000,0.000,296.920,204.122
2025-11-15 05:43:14,TOTAL,0.000,0.000,891.042,613.706
2025-11-15 05:43:15,mlx5_0,0.000,0.000,0.000,0.000
2025-11-15 05:43:15,mlx5_1,0.000,0.000,296.583,202.012
2025-11-15 05:43:15,mlx5_2,0.000,0.000,297.538,207.572
2025-11-15 05:43:15,mlx5_3,0.000,0.000,0.000,0.000
2025-11-15 05:43:15,mlx5_4,0.000,0.000,0.000,0.000
2025-11-15 05:43:15,mlx5_5,0.000,0.000,0.000,0.000
2025-11-15 05:43:15,mlx5_6,0.000,0.000,0.000,0.000
2025-11-15 05:43:15,mlx5_7,0.000,0.000,0.000,0.000
2025-11-15 05:43:15,mlx5_8,0.000,0.000,0.000,0.000
2025-11-15 05:43:15,mlx5_9,0.000,0.000,296.920,204.122
2025-11-15 05:43:15,TOTAL,0.000,0.000,891.042,613.706
2025-11-15 05:43:16,mlx5_0,0.000,0.000,0.000,0.000
2025-11-15 05:43:16,mlx5_1,0.000,0.000,296.583,202.012
2025-11-15 05:43:16,mlx5_2,0.000,0.000,297.538,207.572
2025-11-15 05:43:16,mlx5_3,0.000,0.000,0.000,0.000
2025-11-15 05:43:16,mlx5_4,0.000,0.000,0.000,0.000
2025-11-15 05:43:16,mlx5_5,0.000,0.000,0.000,0.000
2025-11-15 05:43:16,mlx5_6,0.000,0.000,0.000,0.000
2025-11-15 05:43:16,mlx5_7,0.000,0.000,0.000,0.000
2025-11-15 05:43:16,mlx5_8,0.000,0.000,0.000,0.000
2025-11-15 05:43:16,mlx5_9,0.000,0.000,296.920,204.122
2025-11-15 05:43:16,TOTAL,0.000,0.000,891.042,613.706
2025-11-15 05:43:17,mlx5_0,0.000,0.000,0.000,0.000
2025-11-15 05:43:17,mlx5_1,12.322,0.019,298.129,202.014
2025-11-15 05:43:17,mlx5_2,12.562,0.019,299.115,207.574
2025-11-15 05:43:17,mlx5_3,0.000,0.000,0.000,0.000
2025-11-15 05:43:17,mlx5_4,0.000,0.000,0.000,0.000
2025-11-15 05:43:17,mlx5_5,0.000,0.000,0.000,0.000
2025-11-15 05:43:17,mlx5_6,0.000,0.000,0.000,0.000
2025-11-15 05:43:17,mlx5_7,0.000,0.000,0.000,0.000
2025-11-15 05:43:17,mlx5_8,0.000,0.000,0.000,0.000
2025-11-15 05:43:17,mlx5_9,12.396,0.019,298.476,204.125
2025-11-15 05:43:17,TOTAL,37.280,0.057,895.719,613.713
2025-11-15 05:43:18,mlx5_0,0.000,0.000,0.000,0.000
2025-11-15 05:43:18,mlx5_1,0.006,0.006,298.130,202.015
2025-11-15 05:43:18,mlx5_2,0.006,0.006,299.115,207.575
2025-11-15 05:43:18,mlx5_3,0.000,0.000,0.000,0.000
2025-11-15 05:43:18,mlx5_4,0.000,0.000,0.000,0.000
2025-11-15 05:43:18,mlx5_5,0.000,0.000,0.000,0.000
2025-11-15 05:43:18,mlx5_6,0.000,0.000,0.000,0.000
2025-11-15 05:43:18,mlx5_7,0.000,0.000,0.000,0.000
2025-11-15 05:43:18,mlx5_8,0.000,0.000,0.000,0.000
2025-11-15 05:43:18,mlx5_9,0.006,0.006,298.477,204.126
2025-11-15 05:43:18,TOTAL,0.019,0.019,895.722,613.715
2025-11-15 05:43:19,mlx5_0,0.000,0.000,0.000,0.000
2025-11-15 05:43:19,mlx5_1,0.000,0.000,298.130,202.015
2025-11-15 05:43:19,mlx5_2,0.000,0.000,299.115,207.575
2025-11-15 05:43:19,mlx5_3,0.000,0.000,0.000,0.000
2025-11-15 05:43:19,mlx5_4,0.000,0.000,0.000,0.000
2025-11-15 05:43:19,mlx5_5,0.000,0.000,0.000,0.000
2025-11-15 05:43:19,mlx5_6,0.000,0.000,0.000,0.000
2025-11-15 05:43:19,mlx5_7,0.000,0.000,0.000,0.000
2025-11-15 05:43:19,mlx5_8,0.000,0.000,0.000,0.000
2025-11-15 05:43:19,mlx5_9,0.000,0.000,298.477,204.126
2025-11-15 05:43:19,TOTAL,0.000,0.000,895.722,613.715
2025-11-15 05:43:20,mlx5_0,0.000,0.000,0.000,0.000
2025-11-15 05:43:20,mlx5_1,0.000,0.000,298.130,202.015
2025-11-15 05:43:20,mlx5_2,0.000,0.000,299.115,207.575
2025-11-15 05:43:20,mlx5_3,0.000,0.000,0.000,0.000
2025-11-15 05:43:20,mlx5_4,0.000,0.000,0.000,0.000
2025-11-15 05:43:20,mlx5_5,0.000,0.000,0.000,0.000
2025-11-15 05:43:20,mlx5_6,0.000,0.000,0.000,0.000
2025-11-15 05:43:20,mlx5_7,0.000,0.000,0.000,0.000
2025-11-15 05:43:20,mlx5_8,0.000,0.000,0.000,0.000
2025-11-15 05:43:20,mlx5_9,0.000,0.000,298.477,204.126
2025-11-15 05:43:20,TOTAL,0.000,0.000,895.722,613.715
2025-11-15 05:43:21,mlx5_0,0.000,0.000,0.000,0.000
2025-11-15 05:43:21,mlx5_1,0.000,0.000,298.130,202.015
2025-11-15 05:43:21,mlx5_2,0.000,0.000,299.115,207.575
2025-11-15 05:43:21,mlx5_3,0.000,0.000,0.000,0.000
2025-11-15 05:43:21,mlx5_4,0.000,0.000,0.000,0.000
2025-11-15 05:43:21,mlx5_5,0.000,0.000,0.000,0.000
2025-11-15 05:43:21,mlx5_6,0.000,0.000,0.000,0.000
2025-11-15 05:43:21,mlx5_7,0.000,0.000,0.000,0.000
2025-11-15 05:43:21,mlx5_8,0.000,0.000,0.000,0.000
2025-11-15 05:43:21,mlx5_9,0.000,0.000,298.477,204.126
2025-11-15 05:43:21,TOTAL,0.000,0.000,895.722,613.715
2025-11-15 05:43:22,mlx5_0,0.000,0.000,0.000,0.000
2025-11-15 05:43:22,mlx5_1,11.887,0.016,299.621,202.017
2025-11-15 05:43:22,mlx5_2,11.845,0.016,300.602,207.577
2025-11-15 05:43:22,mlx5_3,0.000,0.000,0.000,0.000
2025-11-15 05:43:22,mlx5_4,0.000,0.000,0.000,0.000
2025-11-15 05:43:22,mlx5_5,0.000,0.000,0.000,0.000
2025-11-15 05:43:22,mlx5_6,0.000,0.000,0.000,0.000
2025-11-15 05:43:22,mlx5_7,0.000,0.000,0.000,0.000
2025-11-15 05:43:22,mlx5_8,0.000,0.000,0.000,0.000
2025-11-15 05:43:22,mlx5_9,11.942,0.016,299.975,204.128
2025-11-15 05:43:22,TOTAL,35.674,0.048,900.198,613.721
2025-11-15 05:43:23,mlx5_0,0.000,0.000,0.000,0.000
2025-11-15 05:43:23,mlx5_1,0.000,0.000,299.621,202.017
2025-11-15 05:43:23,mlx5_2,0.000,0.000,300.602,207.577
2025-11-15 05:43:23,mlx5_3,0.000,0.000,0.000,0.000
2025-11-15 05:43:23,mlx5_4,0.000,0.000,0.000,0.000
2025-11-15 05:43:23,mlx5_5,0.000,0.000,0.000,0.000
2025-11-15 05:43:23,mlx5_6,0.000,0.000,0.000,0.000
2025-11-15 05:43:23,mlx5_7,0.000,0.000,0.000,0.000
2025-11-15 05:43:23,mlx5_8,0.000,0.000,0.000,0.000
2025-11-15 05:43:23,mlx5_9,0.000,0.000,299.975,204.128
2025-11-15 05:43:23,TOTAL,0.000,0.000,900.198,613.721
2025-11-15 05:43:24,mlx5_0,0.000,0.000,0.000,0.000
2025-11-15 05:43:24,mlx5_1,0.000,0.000,299.621,202.017
2025-11-15 05:43:24,mlx5_2,0.000,0.000,300.602,207.577
2025-11-15 05:43:24,mlx5_3,0.000,0.000,0.000,0.000
2025-11-15 05:43:24,mlx5_4,0.000,0.000,0.000,0.000
2025-11-15 05:43:24,mlx5_5,0.000,0.000,0.000,0.000
2025-11-15 05:43:24,mlx5_6,0.000,0.000,0.000,0.000
2025-11-15 05:43:24,mlx5_7,0.000,0.000,0.000,0.000
2025-11-15 05:43:24,mlx5_8,0.000,0.000,0.000,0.000
2025-11-15 05:43:24,mlx5_9,0.000,0.000,299.975,204.128
2025-11-15 05:43:24,TOTAL,0.000,0.000,900.198,613.721
2025-11-15 05:43:25,mlx5_0,0.000,0.000,0.000,0.000
2025-11-15 05:43:25,mlx5_1,12.261,0.017,301.160,202.019
2025-11-15 05:43:25,mlx5_2,12.465,0.017,302.166,207.579
2025-11-15 05:43:25,mlx5_3,0.000,0.000,0.000,0.000
2025-11-15 05:43:25,mlx5_4,0.000,0.000,0.000,0.000
2025-11-15 05:43:25,mlx5_5,0.000,0.000,0.000,0.000
2025-11-15 05:43:25,mlx5_6,0.000,0.000,0.000,0.000
2025-11-15 05:43:25,mlx5_7,0.000,0.000,0.000,0.000
2025-11-15 05:43:25,mlx5_8,0.000,0.000,0.000,0.000
2025-11-15 05:43:25,mlx5_9,12.548,0.017,301.549,204.130
2025-11-15 05:43:25,TOTAL,37.274,0.050,904.875,613.728
2025-11-15 05:43:26,mlx5_0,0.000,0.000,0.000,0.000
2025-11-15 05:43:26,mlx5_1,0.000,0.000,301.160,202.019
2025-11-15 05:43:26,mlx5_2,0.000,0.000,302.166,207.579
2025-11-15 05:43:26,mlx5_3,0.000,0.000,0.000,0.000
2025-11-15 05:43:26,mlx5_4,0.000,0.000,0.000,0.000
2025-11-15 05:43:26,mlx5_5,0.000,0.000,0.000,0.000
2025-11-15 05:43:26,mlx5_6,0.000,0.000,0.000,0.000
2025-11-15 05:43:26,mlx5_7,0.000,0.000,0.000,0.000
2025-11-15 05:43:26,mlx5_8,0.000,0.000,0.000,0.000
2025-11-15 05:43:26,mlx5_9,0.000,0.000,301.549,204.130
2025-11-15 05:43:26,TOTAL,0.000,0.000,904.875,613.728
2025-11-15 05:43:27,mlx5_0,0.000,0.000,0.000,0.000
2025-11-15 05:43:27,mlx5_1,0.000,0.000,301.160,202.019
2025-11-15 05:43:27,mlx5_2,0.000,0.000,302.166,207.579
2025-11-15 05:43:27,mlx5_3,0.000,0.000,0.000,0.000
2025-11-15 05:43:27,mlx5_4,0.000,0.000,0.000,0.000
2025-11-15 05:43:27,mlx5_5,0.000,0.000,0.000,0.000
2025-11-15 05:43:27,mlx5_6,0.000,0.000,0.000,0.000
2025-11-15 05:43:27,mlx5_7,0.000,0.000,0.000,0.000
2025-11-15 05:43:27,mlx5_8,0.000,0.000,0.000,0.000
2025-11-15 05:43:27,mlx5_9,0.000,0.000,301.549,204.130
2025-11-15 05:43:27,TOTAL,0.000,0.000,904.875,613.728
2025-11-15 05:43:28,mlx5_0,0.000,0.000,0.000,0.000
2025-11-15 05:43:28,mlx5_1,0.000,0.000,301.160,202.019
2025-11-15 05:43:28,mlx5_2,0.000,0.000,302.166,207.579
2025-11-15 05:43:28,mlx5_3,0.000,0.000,0.000,0.000
2025-11-15 05:43:28,mlx5_4,0.000,0.000,0.000,0.000
2025-11-15 05:43:28,mlx5_5,0.000,0.000,0.000,0.000
2025-11-15 05:43:28,mlx5_6,0.000,0.000,0.000,0.000
2025-11-15 05:43:28,mlx5_7,0.000,0.000,0.000,0.000
2025-11-15 05:43:28,mlx5_8,0.000,0.000,0.000,0.000
2025-11-15 05:43:28,mlx5_9,0.000,0.000,301.549,204.130
2025-11-15 05:43:28,TOTAL,0.000,0.000,904.875,613.728
2025-11-15 05:43:29,mlx5_0,0.000,0.000,0.000,0.000
2025-11-15 05:43:29,mlx5_1,12.379,0.017,302.714,202.021
2025-11-15 05:43:29,mlx5_2,12.533,0.017,303.740,207.581
2025-11-15 05:43:29,mlx5_3,0.000,0.000,0.000,0.000
2025-11-15 05:43:29,mlx5_4,0.000,0.000,0.000,0.000
2025-11-15 05:43:29,mlx5_5,0.000,0.000,0.000,0.000
2025-11-15 05:43:29,mlx5_6,0.000,0.000,0.000,0.000
2025-11-15 05:43:29,mlx5_7,0.000,0.000,0.000,0.000
2025-11-15 05:43:29,mlx5_8,0.000,0.000,0.000,0.000
2025-11-15 05:43:29,mlx5_9,12.330,0.017,303.098,204.132
2025-11-15 05:43:29,TOTAL,37.241,0.050,909.551,613.734
2025-11-15 05:43:30,mlx5_0,0.000,0.000,0.000,0.000
2025-11-15 05:43:30,mlx5_1,0.000,0.000,302.714,202.021
2025-11-15 05:43:30,mlx5_2,0.000,0.000,303.740,207.581
2025-11-15 05:43:30,mlx5_3,0.000,0.000,0.000,0.000
2025-11-15 05:43:30,mlx5_4,0.000,0.000,0.000,0.000
2025-11-15 05:43:30,mlx5_5,0.000,0.000,0.000,0.000
2025-11-15 05:43:30,mlx5_6,0.000,0.000,0.000,0.000
2025-11-15 05:43:30,mlx5_7,0.000,0.000,0.000,0.000
2025-11-15 05:43:30,mlx5_8,0.000,0.000,0.000,0.000
2025-11-15 05:43:30,mlx5_9,0.000,0.000,303.098,204.132
2025-11-15 05:43:30,TOTAL,0.000,0.000,909.551,613.734
2025-11-15 05:43:31,mlx5_0,0.000,0.000,0.000,0.000
2025-11-15 05:43:31,mlx5_1,0.000,0.000,302.714,202.021
2025-11-15 05:43:31,mlx5_2,0.000,0.000,303.740,207.581
2025-11-15 05:43:31,mlx5_3,0.000,0.000,0.000,0.000
2025-11-15 05:43:31,mlx5_4,0.000,0.000,0.000,0.000
2025-11-15 05:43:31,mlx5_5,0.000,0.000,0.000,0.000
2025-11-15 05:43:31,mlx5_6,0.000,0.000,0.000,0.000
2025-11-15 05:43:31,mlx5_7,0.000,0.000,0.000,0.000
2025-11-15 05:43:31,mlx5_8,0.000,0.000,0.000,0.000
2025-11-15 05:43:31,mlx5_9,0.000,0.000,303.098,204.132
2025-11-15 05:43:31,TOTAL,0.000,0.000,909.551,613.734
2025-11-15 05:43:32,mlx5_0,0.000,0.000,0.000,0.000
2025-11-15 05:43:32,mlx5_1,3.241,0.005,303.121,202.022
2025-11-15 05:43:32,mlx5_2,3.335,0.005,304.158,207.582
2025-11-15 05:43:32,mlx5_3,0.000,0.000,0.000,0.000
2025-11-15 05:43:32,mlx5_4,0.000,0.000,0.000,0.000
2025-11-15 05:43:32,mlx5_5,0.000,0.000,0.000,0.000
2025-11-15 05:43:32,mlx5_6,0.000,0.000,0.000,0.000
2025-11-15 05:43:32,mlx5_7,0.000,0.000,0.000,0.000
2025-11-15 05:43:32,mlx5_8,0.000,0.000,0.000,0.000
2025-11-15 05:43:32,mlx5_9,3.401,0.005,303.525,204.132
2025-11-15 05:43:32,TOTAL,9.976,0.015,910.803,613.736
2025-11-15 05:43:33,mlx5_0,0.000,0.000,0.000,0.000
2025-11-15 05:43:33,mlx5_1,9.177,0.012,304.273,202.023
2025-11-15 05:43:33,mlx5_2,9.079,0.012,305.298,207.583
2025-11-15 05:43:33,mlx5_3,0.000,0.000,0.000,0.000
2025-11-15 05:43:33,mlx5_4,0.000,0.000,0.000,0.000
2025-11-15 05:43:33,mlx5_5,0.000,0.000,0.000,0.000
2025-11-15 05:43:33,mlx5_6,0.000,0.000,0.000,0.000
2025-11-15 05:43:33,mlx5_7,0.000,0.000,0.000,0.000
2025-11-15 05:43:33,mlx5_8,0.000,0.000,0.000,0.000
2025-11-15 05:43:33,mlx5_9,9.012,0.012,304.657,204.134
2025-11-15 05:43:33,TOTAL,27.268,0.035,914.228,613.740
2025-11-15 05:43:34,mlx5_0,0.000,0.000,0.000,0.000
2025-11-15 05:43:34,mlx5_1,0.000,0.000,304.273,202.023
2025-11-15 05:43:34,mlx5_2,0.000,0.000,305.298,207.583
2025-11-15 05:43:34,mlx5_3,0.000,0.000,0.000,0.000
2025-11-15 05:43:34,mlx5_4,0.000,0.000,0.000,0.000
2025-11-15 05:43:34,mlx5_5,0.000,0.000,0.000,0.000
2025-11-15 05:43:34,mlx5_6,0.000,0.000,0.000,0.000
2025-11-15 05:43:34,mlx5_7,0.000,0.000,0.000,0.000
2025-11-15 05:43:34,mlx5_8,0.000,0.000,0.000,0.000
2025-11-15 05:43:34,mlx5_9,0.000,0.000,304.657,204.134
2025-11-15 05:43:34,TOTAL,0.000,0.000,914.228,613.740
2025-11-15 05:43:35,mlx5_0,0.000,0.000,0.000,0.000
2025-11-15 05:43:35,mlx5_1,0.000,0.000,304.273,202.023
2025-11-15 05:43:35,mlx5_2,0.000,0.000,305.298,207.583
2025-11-15 05:43:35,mlx5_3,0.000,0.000,0.000,0.000
2025-11-15 05:43:35,mlx5_4,0.000,0.000,0.000,0.000
2025-11-15 05:43:35,mlx5_5,0.000,0.000,0.000,0.000
2025-11-15 05:43:35,mlx5_6,0.000,0.000,0.000,0.000
2025-11-15 05:43:35,mlx5_7,0.000,0.000,0.000,0.000
2025-11-15 05:43:35,mlx5_8,0.000,0.000,0.000,0.000
2025-11-15 05:43:35,mlx5_9,0.000,0.000,304.657,204.134
2025-11-15 05:43:35,TOTAL,0.000,0.000,914.228,613.740
2025-11-15 05:43:36,mlx5_0,0.000,0.000,0.000,0.000
2025-11-15 05:43:36,mlx5_1,0.000,0.000,304.273,202.023
2025-11-15 05:43:36,mlx5_2,0.000,0.000,305.298,207.583
2025-11-15 05:43:36,mlx5_3,0.000,0.000,0.000,0.000
2025-11-15 05:43:36,mlx5_4,0.000,0.000,0.000,0.000
2025-11-15 05:43:36,mlx5_5,0.000,0.000,0.000,0.000
2025-11-15 05:43:36,mlx5_6,0.000,0.000,0.000,0.000
2025-11-15 05:43:36,mlx5_7,0.000,0.000,0.000,0.000
2025-11-15 05:43:36,mlx5_8,0.000,0.000,0.000,0.000
2025-11-15 05:43:36,mlx5_9,0.000,0.000,304.657,204.134
2025-11-15 05:43:36,TOTAL,0.000,0.000,914.228,613.740
2025-11-15 05:43:37,mlx5_0,0.000,0.000,0.000,0.000
2025-11-15 05:43:37,mlx5_1,12.382,0.017,305.827,202.025
2025-11-15 05:43:37,mlx5_2,12.376,0.017,306.851,207.585
2025-11-15 05:43:37,mlx5_3,0.000,0.000,0.000,0.000
2025-11-15 05:43:37,mlx5_4,0.000,0.000,0.000,0.000
2025-11-15 05:43:37,mlx5_5,0.000,0.000,0.000,0.000
2025-11-15 05:43:37,mlx5_6,0.000,0.000,0.000,0.000
2025-11-15 05:43:37,mlx5_7,0.000,0.000,0.000,0.000
2025-11-15 05:43:37,mlx5_8,0.000,0.000,0.000,0.000
2025-11-15 05:43:37,mlx5_9,12.510,0.017,306.226,204.136
2025-11-15 05:43:37,TOTAL,37.267,0.050,918.905,613.747
2025-11-15 05:43:38,mlx5_0,0.000,0.000,0.000,0.000
2025-11-15 05:43:38,mlx5_1,0.000,0.000,305.827,202.025
2025-11-15 05:43:38,mlx5_2,0.000,0.000,306.851,207.585
2025-11-15 05:43:38,mlx5_3,0.000,0.000,0.000,0.000
2025-11-15 05:43:38,mlx5_4,0.000,0.000,0.000,0.000
2025-11-15 05:43:38,mlx5_5,0.000,0.000,0.000,0.000
2025-11-15 05:43:38,mlx5_6,0.000,0.000,0.000,0.000
2025-11-15 05:43:38,mlx5_7,0.000,0.000,0.000,0.000
2025-11-15 05:43:38,mlx5_8,0.000,0.000,0.000,0.000
2025-11-15 05:43:38,mlx5_9,0.000,0.000,306.226,204.136
2025-11-15 05:43:38,TOTAL,0.000,0.000,918.905,613.747
2025-11-15 05:43:39,mlx5_0,0.000,0.000,0.000,0.000
2025-11-15 05:43:39,mlx5_1,0.000,0.000,305.827,202.025
2025-11-15 05:43:39,mlx5_2,0.000,0.000,306.851,207.585
2025-11-15 05:43:39,mlx5_3,0.000,0.000,0.000,0.000
2025-11-15 05:43:39,mlx5_4,0.000,0.000,0.000,0.000
2025-11-15 05:43:39,mlx5_5,0.000,0.000,0.000,0.000
2025-11-15 05:43:39,mlx5_6,0.000,0.000,0.000,0.000
2025-11-15 05:43:39,mlx5_7,0.000,0.000,0.000,0.000
2025-11-15 05:43:39,mlx5_8,0.000,0.000,0.000,0.000
2025-11-15 05:43:39,mlx5_9,0.000,0.000,306.226,204.136
2025-11-15 05:43:39,TOTAL,0.000,0.000,918.905,613.747
2025-11-15 05:43:40,mlx5_0,0.000,0.000,0.000,0.000
2025-11-15 05:43:40,mlx5_1,0.000,0.000,305.827,202.025
2025-11-15 05:43:40,mlx5_2,0.000,0.000,306.851,207.585
2025-11-15 05:43:40,mlx5_3,0.000,0.000,0.000,0.000
2025-11-15 05:43:40,mlx5_4,0.000,0.000,0.000,0.000
2025-11-15 05:43:40,mlx5_5,0.000,0.000,0.000,0.000
2025-11-15 05:43:40,mlx5_6,0.000,0.000,0.000,0.000
2025-11-15 05:43:40,mlx5_7,0.000,0.000,0.000,0.000
2025-11-15 05:43:40,mlx5_8,0.000,0.000,0.000,0.000
2025-11-15 05:43:40,mlx5_9,0.000,0.000,306.226,204.136
2025-11-15 05:43:40,TOTAL,0.000,0.000,918.905,613.747
2025-11-15 05:43:41,mlx5_0,0.000,0.000,0.000,0.000
2025-11-15 05:43:41,mlx5_1,12.144,0.017,307.351,202.027
2025-11-15 05:43:41,mlx5_2,12.170,0.017,308.378,207.588
2025-11-15 05:43:41,mlx5_3,0.000,0.000,0.000,0.000
2025-11-15 05:43:41,mlx5_4,0.000,0.000,0.000,0.000
2025-11-15 05:43:41,mlx5_5,0.000,0.000,0.000,0.000
2025-11-15 05:43:41,mlx5_6,0.000,0.000,0.000,0.000
2025-11-15 05:43:41,mlx5_7,0.000,0.000,0.000,0.000
2025-11-15 05:43:41,mlx5_8,0.000,0.000,0.000,0.000
2025-11-15 05:43:41,mlx5_9,12.025,0.017,307.735,204.138
2025-11-15 05:43:41,TOTAL,36.339,0.050,923.465,613.753
2025-11-15 05:43:42,mlx5_0,0.000,0.000,0.000,0.000
2025-11-15 05:43:42,mlx5_1,0.322,0.015,307.391,202.029
2025-11-15 05:43:42,mlx5_2,0.354,0.016,308.423,207.589
2025-11-15 05:43:42,mlx5_3,0.000,0.000,0.000,0.000
2025-11-15 05:43:42,mlx5_4,0.000,0.000,0.000,0.000
2025-11-15 05:43:42,mlx5_5,0.000,0.000,0.000,0.000
2025-11-15 05:43:42,mlx5_6,0.000,0.000,0.000,0.000
2025-11-15 05:43:42,mlx5_7,0.000,0.000,0.000,0.000
2025-11-15 05:43:42,mlx5_8,0.000,0.000,0.000,0.000
2025-11-15 05:43:42,mlx5_9,0.287,0.015,307.771,204.140
2025-11-15 05:43:42,TOTAL,0.962,0.046,923.586,613.759
2025-11-15 05:43:43,mlx5_0,0.000,0.000,0.000,0.000
2025-11-15 05:43:43,mlx5_1,0.000,0.000,307.391,202.029
2025-11-15 05:43:43,mlx5_2,0.000,0.000,308.423,207.589
2025-11-15 05:43:43,mlx5_3,0.000,0.000,0.000,0.000
2025-11-15 05:43:43,mlx5_4,0.000,0.000,0.000,0.000
2025-11-15 05:43:43,mlx5_5,0.000,0.000,0.000,0.000
2025-11-15 05:43:43,mlx5_6,0.000,0.000,0.000,0.000
2025-11-15 05:43:43,mlx5_7,0.000,0.000,0.000,0.000
2025-11-15 05:43:43,mlx5_8,0.000,0.000,0.000,0.000
2025-11-15 05:43:43,mlx5_9,0.000,0.000,307.771,204.140
2025-11-15 05:43:43,TOTAL,0.000,0.000,923.586,613.759
2025-11-15 05:43:44,mlx5_0,0.000,0.000,0.000,0.000
2025-11-15 05:43:44,mlx5_1,0.000,0.000,307.391,202.029
2025-11-15 05:43:44,mlx5_2,0.000,0.000,308.423,207.589
2025-11-15 05:43:44,mlx5_3,0.000,0.000,0.000,0.000
2025-11-15 05:43:44,mlx5_4,0.000,0.000,0.000,0.000
2025-11-15 05:43:44,mlx5_5,0.000,0.000,0.000,0.000
2025-11-15 05:43:44,mlx5_6,0.000,0.000,0.000,0.000
2025-11-15 05:43:44,mlx5_7,0.000,0.000,0.000,0.000
2025-11-15 05:43:44,mlx5_8,0.000,0.000,0.000,0.000
2025-11-15 05:43:44,mlx5_9,0.000,0.000,307.771,204.140
2025-11-15 05:43:44,TOTAL,0.000,0.000,923.586,613.759
2025-11-15 05:43:45,mlx5_0,0.000,0.000,0.000,0.000
2025-11-15 05:43:45,mlx5_1,0.000,0.000,307.391,202.029
2025-11-15 05:43:45,mlx5_2,0.000,0.000,308.423,207.589
2025-11-15 05:43:45,mlx5_3,0.000,0.000,0.000,0.000
2025-11-15 05:43:45,mlx5_4,0.000,0.000,0.000,0.000
2025-11-15 05:43:45,mlx5_5,0.000,0.000,0.000,0.000
2025-11-15 05:43:45,mlx5_6,0.000,0.000,0.000,0.000
2025-11-15 05:43:45,mlx5_7,0.000,0.000,0.000,0.000
2025-11-15 05:43:45,mlx5_8,0.000,0.000,0.000,0.000
2025-11-15 05:43:45,mlx5_9,0.000,0.000,307.771,204.140
2025-11-15 05:43:45,TOTAL,0.000,0.000,923.586,613.759
2025-11-15 05:43:46,mlx5_0,0.000,0.000,0.000,0.000
2025-11-15 05:43:46,mlx5_1,12.475,0.017,308.957,202.032
2025-11-15 05:43:46,mlx5_2,12.633,0.017,310.008,207.592
2025-11-15 05:43:46,mlx5_3,0.000,0.000,0.000,0.000
2025-11-15 05:43:46,mlx5_4,0.000,0.000,0.000,0.000
2025-11-15 05:43:46,mlx5_5,0.000,0.000,0.000,0.000
2025-11-15 05:43:46,mlx5_6,0.000,0.000,0.000,0.000
2025-11-15 05:43:46,mlx5_7,0.000,0.000,0.000,0.000
2025-11-15 05:43:46,mlx5_8,0.000,0.000,0.000,0.000
2025-11-15 05:43:46,mlx5_9,12.679,0.017,309.362,204.142
2025-11-15 05:43:46,TOTAL,37.786,0.052,928.327,613.765
2025-11-15 05:43:47,mlx5_0,0.000,0.000,0.000,0.000
2025-11-15 05:43:47,mlx5_1,0.076,0.000,308.966,202.032
2025-11-15 05:43:47,mlx5_2,0.073,0.000,310.017,207.592
2025-11-15 05:43:47,mlx5_3,0.000,0.000,0.000,0.000
2025-11-15 05:43:47,mlx5_4,0.000,0.000,0.000,0.000
2025-11-15 05:43:47,mlx5_5,0.000,0.000,0.000,0.000
2025-11-15 05:43:47,mlx5_6,0.000,0.000,0.000,0.000
2025-11-15 05:43:47,mlx5_7,0.000,0.000,0.000,0.000
2025-11-15 05:43:47,mlx5_8,0.000,0.000,0.000,0.000
2025-11-15 05:43:47,mlx5_9,0.064,0.000,309.370,204.142
2025-11-15 05:43:47,TOTAL,0.214,0.000,928.354,613.765
2025-11-15 05:43:48,mlx5_0,0.000,0.000,0.000,0.000
2025-11-15 05:43:48,mlx5_1,0.000,0.000,308.966,202.032
2025-11-15 05:43:48,mlx5_2,0.000,0.000,310.017,207.592
2025-11-15 05:43:48,mlx5_3,0.000,0.000,0.000,0.000
2025-11-15 05:43:48,mlx5_4,0.000,0.000,0.000,0.000
2025-11-15 05:43:48,mlx5_5,0.000,0.000,0.000,0.000
2025-11-15 05:43:48,mlx5_6,0.000,0.000,0.000,0.000
2025-11-15 05:43:48,mlx5_7,0.000,0.000,0.000,0.000
2025-11-15 05:43:48,mlx5_8,0.000,0.000,0.000,0.000
2025-11-15 05:43:48,mlx5_9,0.000,0.000,309.370,204.142
2025-11-15 05:43:48,TOTAL,0.000,0.000,928.354,613.765
2025-11-15 05:43:49,mlx5_0,0.000,0.000,0.000,0.000
2025-11-15 05:43:49,mlx5_1,8.381,0.012,310.017,202.033
2025-11-15 05:43:49,mlx5_2,8.196,0.011,311.045,207.593
2025-11-15 05:43:49,mlx5_3,0.000,0.000,0.000,0.000
2025-11-15 05:43:49,mlx5_4,0.000,0.000,0.000,0.000
2025-11-15 05:43:49,mlx5_5,0.000,0.000,0.000,0.000
2025-11-15 05:43:49,mlx5_6,0.000,0.000,0.000,0.000
2025-11-15 05:43:49,mlx5_7,0.000,0.000,0.000,0.000
2025-11-15 05:43:49,mlx5_8,0.000,0.000,0.000,0.000
2025-11-15 05:43:49,mlx5_9,8.475,0.012,310.433,204.144
2025-11-15 05:43:49,TOTAL,25.052,0.035,931.495,613.770
2025-11-15 05:43:50,mlx5_0,0.000,0.000,0.000,0.000
2025-11-15 05:43:50,mlx5_1,4.092,0.005,310.531,202.034
2025-11-15 05:43:50,mlx5_2,4.180,0.005,311.569,207.594
2025-11-15 05:43:50,mlx5_3,0.000,0.000,0.000,0.000
2025-11-15 05:43:50,mlx5_4,0.000,0.000,0.000,0.000
2025-11-15 05:43:50,mlx5_5,0.000,0.000,0.000,0.000
2025-11-15 05:43:50,mlx5_6,0.000,0.000,0.000,0.000
2025-11-15 05:43:50,mlx5_7,0.000,0.000,0.000,0.000
2025-11-15 05:43:50,mlx5_8,0.000,0.000,0.000,0.000
2025-11-15 05:43:50,mlx5_9,3.968,0.005,310.931,204.144
2025-11-15 05:43:50,TOTAL,12.239,0.016,933.031,613.772
2025-11-15 05:43:51,mlx5_0,0.000,0.000,0.000,0.000
2025-11-15 05:43:51,mlx5_1,0.000,0.000,310.531,202.034
2025-11-15 05:43:51,mlx5_2,0.000,0.000,311.569,207.594
2025-11-15 05:43:51,mlx5_3,0.000,0.000,0.000,0.000
2025-11-15 05:43:51,mlx5_4,0.000,0.000,0.000,0.000
2025-11-15 05:43:51,mlx5_5,0.000,0.000,0.000,0.000
2025-11-15 05:43:51,mlx5_6,0.000,0.000,0.000,0.000
2025-11-15 05:43:51,mlx5_7,0.000,0.000,0.000,0.000
2025-11-15 05:43:51,mlx5_8,0.000,0.000,0.000,0.000
2025-11-15 05:43:51,mlx5_9,0.000,0.000,310.931,204.144
2025-11-15 05:43:51,TOTAL,0.000,0.000,933.031,613.772
2025-11-15 05:43:52,mlx5_0,0.000,0.000,0.000,0.000
2025-11-15 05:43:52,mlx5_1,0.000,0.000,310.531,202.034
2025-11-15 05:43:52,mlx5_2,0.000,0.000,311.569,207.594
2025-11-15 05:43:52,mlx5_3,0.000,0.000,0.000,0.000
2025-11-15 05:43:52,mlx5_4,0.000,0.000,0.000,0.000
2025-11-15 05:43:52,mlx5_5,0.000,0.000,0.000,0.000
2025-11-15 05:43:52,mlx5_6,0.000,0.000,0.000,0.000
2025-11-15 05:43:52,mlx5_7,0.000,0.000,0.000,0.000
2025-11-15 05:43:52,mlx5_8,0.000,0.000,0.000,0.000
2025-11-15 05:43:52,mlx5_9,0.000,0.000,310.931,204.144
2025-11-15 05:43:52,TOTAL,0.000,0.000,933.031,613.772
2025-11-15 05:43:53,mlx5_0,0.000,0.000,0.000,0.000
2025-11-15 05:43:53,mlx5_1,12.378,0.017,312.084,202.036
2025-11-15 05:43:53,mlx5_2,12.495,0.017,313.137,207.596
2025-11-15 05:43:53,mlx5_3,0.000,0.000,0.000,0.000
2025-11-15 05:43:53,mlx5_4,0.000,0.000,0.000,0.000
2025-11-15 05:43:53,mlx5_5,0.000,0.000,0.000,0.000
2025-11-15 05:43:53,mlx5_6,0.000,0.000,0.000,0.000
2025-11-15 05:43:53,mlx5_7,0.000,0.000,0.000,0.000
2025-11-15 05:43:53,mlx5_8,0.000,0.000,0.000,0.000
2025-11-15 05:43:53,mlx5_9,12.401,0.017,312.487,204.146
2025-11-15 05:43:53,TOTAL,37.273,0.051,937.708,613.778
2025-11-15 05:43:54,mlx5_0,0.000,0.000,0.000,0.000
2025-11-15 05:43:54,mlx5_1,0.000,0.000,312.084,202.036
2025-11-15 05:43:54,mlx5_2,0.000,0.000,313.137,207.596
2025-11-15 05:43:54,mlx5_3,0.000,0.000,0.000,0.000
2025-11-15 05:43:54,mlx5_4,0.000,0.000,0.000,0.000
2025-11-15 05:43:54,mlx5_5,0.000,0.000,0.000,0.000
2025-11-15 05:43:54,mlx5_6,0.000,0.000,0.000,0.000
2025-11-15 05:43:54,mlx5_7,0.000,0.000,0.000,0.000
2025-11-15 05:43:54,mlx5_8,0.000,0.000,0.000,0.000
2025-11-15 05:43:54,mlx5_9,0.000,0.000,312.487,204.146
2025-11-15 05:43:54,TOTAL,0.000,0.000,937.708,613.778
2025-11-15 05:43:55,mlx5_0,0.000,0.000,0.000,0.000
2025-11-15 05:43:55,mlx5_1,0.000,0.000,312.084,202.036
2025-11-15 05:43:55,mlx5_2,0.000,0.000,313.137,207.596
2025-11-15 05:43:55,mlx5_3,0.000,0.000,0.000,0.000
2025-11-15 05:43:55,mlx5_4,0.000,0.000,0.000,0.000
2025-11-15 05:43:55,mlx5_5,0.000,0.000,0.000,0.000
2025-11-15 05:43:55,mlx5_6,0.000,0.000,0.000,0.000
2025-11-15 05:43:55,mlx5_7,0.000,0.000,0.000,0.000
2025-11-15 05:43:55,mlx5_8,0.000,0.000,0.000,0.000
2025-11-15 05:43:55,mlx5_9,0.000,0.000,312.487,204.146
2025-11-15 05:43:55,TOTAL,0.000,0.000,937.708,613.778
2025-11-15 05:43:56,mlx5_0,0.000,0.000,0.000,0.000
2025-11-15 05:43:56,mlx5_1,0.000,0.000,312.084,202.036
2025-11-15 05:43:56,mlx5_2,0.000,0.000,313.137,207.596
2025-11-15 05:43:56,mlx5_3,0.000,0.000,0.000,0.000
2025-11-15 05:43:56,mlx5_4,0.000,0.000,0.000,0.000
2025-11-15 05:43:56,mlx5_5,0.000,0.000,0.000,0.000
2025-11-15 05:43:56,mlx5_6,0.000,0.000,0.000,0.000
2025-11-15 05:43:56,mlx5_7,0.000,0.000,0.000,0.000
2025-11-15 05:43:56,mlx5_8,0.000,0.000,0.000,0.000
2025-11-15 05:43:56,mlx5_9,0.000,0.000,312.487,204.146
2025-11-15 05:43:56,TOTAL,0.000,0.000,937.708,613.778
2025-11-15 05:43:57,mlx5_0,0.000,0.000,0.000,0.000
2025-11-15 05:43:57,mlx5_1,12.473,0.017,313.649,202.038
2025-11-15 05:43:57,mlx5_2,12.372,0.017,314.690,207.598
2025-11-15 05:43:57,mlx5_3,0.000,0.000,0.000,0.000
2025-11-15 05:43:57,mlx5_4,0.000,0.000,0.000,0.000
2025-11-15 05:43:57,mlx5_5,0.000,0.000,0.000,0.000
2025-11-15 05:43:57,mlx5_6,0.000,0.000,0.000,0.000
2025-11-15 05:43:57,mlx5_7,0.000,0.000,0.000,0.000
2025-11-15 05:43:57,mlx5_8,0.000,0.000,0.000,0.000
2025-11-15 05:43:57,mlx5_9,12.430,0.017,314.046,204.149
2025-11-15 05:43:57,TOTAL,37.274,0.051,942.385,613.784
2025-11-15 05:43:58,mlx5_0,0.000,0.000,0.000,0.000
2025-11-15 05:43:58,mlx5_1,0.000,0.000,313.649,202.038
2025-11-15 05:43:58,mlx5_2,0.000,0.000,314.690,207.598
2025-11-15 05:43:58,mlx5_3,0.000,0.000,0.000,0.000
2025-11-15 05:43:58,mlx5_4,0.000,0.000,0.000,0.000
2025-11-15 05:43:58,mlx5_5,0.000,0.000,0.000,0.000
2025-11-15 05:43:58,mlx5_6,0.000,0.000,0.000,0.000
2025-11-15 05:43:58,mlx5_7,0.000,0.000,0.000,0.000
2025-11-15 05:43:58,mlx5_8,0.000,0.000,0.000,0.000
2025-11-15 05:43:58,mlx5_9,0.000,0.000,314.046,204.149
2025-11-15 05:43:58,TOTAL,0.000,0.000,942.385,613.784
2025-11-15 05:43:59,mlx5_0,0.000,0.000,0.000,0.000
2025-11-15 05:43:59,mlx5_1,0.000,0.000,313.649,202.038
2025-11-15 05:43:59,mlx5_2,0.000,0.000,314.690,207.598
2025-11-15 05:43:59,mlx5_3,0.000,0.000,0.000,0.000
2025-11-15 05:43:59,mlx5_4,0.000,0.000,0.000,0.000
2025-11-15 05:43:59,mlx5_5,0.000,0.000,0.000,0.000
2025-11-15 05:43:59,mlx5_6,0.000,0.000,0.000,0.000
2025-11-15 05:43:59,mlx5_7,0.000,0.000,0.000,0.000
2025-11-15 05:43:59,mlx5_8,0.000,0.000,0.000,0.000
2025-11-15 05:43:59,mlx5_9,0.000,0.000,314.046,204.149
2025-11-15 05:43:59,TOTAL,0.000,0.000,942.385,613.784
2025-11-15 05:44:00,mlx5_0,0.000,0.000,0.000,0.000
2025-11-15 05:44:00,mlx5_1,0.000,0.000,313.649,202.038
2025-11-15 05:44:00,mlx5_2,0.000,0.000,314.690,207.598
2025-11-15 05:44:00,mlx5_3,0.000,0.000,0.000,0.000
2025-11-15 05:44:00,mlx5_4,0.000,0.000,0.000,0.000
2025-11-15 05:44:00,mlx5_5,0.000,0.000,0.000,0.000
2025-11-15 05:44:00,mlx5_6,0.000,0.000,0.000,0.000
2025-11-15 05:44:00,mlx5_7,0.000,0.000,0.000,0.000
2025-11-15 05:44:00,mlx5_8,0.000,0.000,0.000,0.000
2025-11-15 05:44:00,mlx5_9,0.000,0.000,314.046,204.149
2025-11-15 05:44:00,TOTAL,0.000,0.000,942.385,613.784
2025-11-15 05:44:01,mlx5_0,0.000,0.000,0.000,0.000
2025-11-15 05:44:01,mlx5_1,12.380,0.017,315.202,202.040
2025-11-15 05:44:01,mlx5_2,12.435,0.017,316.250,207.600
2025-11-15 05:44:01,mlx5_3,0.000,0.000,0.000,0.000
2025-11-15 05:44:01,mlx5_4,0.000,0.000,0.000,0.000
2025-11-15 05:44:01,mlx5_5,0.000,0.000,0.000,0.000
2025-11-15 05:44:01,mlx5_6,0.000,0.000,0.000,0.000
2025-11-15 05:44:01,mlx5_7,0.000,0.000,0.000,0.000
2025-11-15 05:44:01,mlx5_8,0.000,0.000,0.000,0.000
2025-11-15 05:44:01,mlx5_9,12.462,0.017,315.610,204.151
2025-11-15 05:44:01,TOTAL,37.276,0.051,947.062,613.791
2025-11-15 05:44:02,mlx5_0,0.000,0.000,0.000,0.000
2025-11-15 05:44:02,mlx5_1,0.000,0.000,315.202,202.040
2025-11-15 05:44:02,mlx5_2,0.000,0.000,316.250,207.600
2025-11-15 05:44:02,mlx5_3,0.000,0.000,0.000,0.000
2025-11-15 05:44:02,mlx5_4,0.000,0.000,0.000,0.000
2025-11-15 05:44:02,mlx5_5,0.000,0.000,0.000,0.000
2025-11-15 05:44:02,mlx5_6,0.000,0.000,0.000,0.000
2025-11-15 05:44:02,mlx5_7,0.000,0.000,0.000,0.000
2025-11-15 05:44:02,mlx5_8,0.000,0.000,0.000,0.000
2025-11-15 05:44:02,mlx5_9,0.000,0.000,315.610,204.151
2025-11-15 05:44:02,TOTAL,0.000,0.000,947.062,613.791
2025-11-15 05:44:03,mlx5_0,0.000,0.000,0.000,0.000
2025-11-15 05:44:03,mlx5_1,0.000,0.000,315.202,202.040
2025-11-15 05:44:03,mlx5_2,0.000,0.000,316.250,207.600
2025-11-15 05:44:03,mlx5_3,0.000,0.000,0.000,0.000
2025-11-15 05:44:03,mlx5_4,0.000,0.000,0.000,0.000
2025-11-15 05:44:03,mlx5_5,0.000,0.000,0.000,0.000
2025-11-15 05:44:03,mlx5_6,0.000,0.000,0.000,0.000
2025-11-15 05:44:03,mlx5_7,0.000,0.000,0.000,0.000
2025-11-15 05:44:03,mlx5_8,0.000,0.000,0.000,0.000
2025-11-15 05:44:03,mlx5_9,0.000,0.000,315.610,204.151
2025-11-15 05:44:03,TOTAL,0.000,0.000,947.062,613.791
2025-11-15 05:44:04,mlx5_0,0.000,0.000,0.000,0.000
2025-11-15 05:44:04,mlx5_1,0.000,0.000,315.202,202.040
2025-11-15 05:44:04,mlx5_2,0.000,0.000,316.250,207.600
2025-11-15 05:44:04,mlx5_3,0.000,0.000,0.000,0.000
2025-11-15 05:44:04,mlx5_4,0.000,0.000,0.000,0.000
2025-11-15 05:44:04,mlx5_5,0.000,0.000,0.000,0.000
2025-11-15 05:44:04,mlx5_6,0.000,0.000,0.000,0.000
2025-11-15 05:44:04,mlx5_7,0.000,0.000,0.000,0.000
2025-11-15 05:44:04,mlx5_8,0.000,0.000,0.000,0.000
2025-11-15 05:44:04,mlx5_9,0.000,0.000,315.610,204.151
2025-11-15 05:44:04,TOTAL,0.000,0.000,947.062,613.791
2025-11-15 05:44:05,mlx5_0,0.000,0.000,0.000,0.000
2025-11-15 05:44:05,mlx5_1,8.216,0.011,316.235,202.041
2025-11-15 05:44:05,mlx5_2,8.262,0.012,317.289,207.602
2025-11-15 05:44:05,mlx5_3,0.000,0.000,0.000,0.000
2025-11-15 05:44:05,mlx5_4,0.000,0.000,0.000,0.000
2025-11-15 05:44:05,mlx5_5,0.000,0.000,0.000,0.000
2025-11-15 05:44:05,mlx5_6,0.000,0.000,0.000,0.000
2025-11-15 05:44:05,mlx5_7,0.000,0.000,0.000,0.000
2025-11-15 05:44:05,mlx5_8,0.000,0.000,0.000,0.000
2025-11-15 05:44:05,mlx5_9,8.345,0.012,316.659,204.152
2025-11-15 05:44:05,TOTAL,24.823,0.035,950.183,613.795
2025-11-15 05:44:06,mlx5_0,0.000,0.000,0.000,0.000
2025-11-15 05:44:06,mlx5_1,4.165,13.400,316.758,203.724
2025-11-15 05:44:06,mlx5_2,4.204,13.843,317.816,209.339
2025-11-15 05:44:06,mlx5_3,0.000,0.000,0.000,0.000
2025-11-15 05:44:06,mlx5_4,0.000,0.000,0.000,0.000
2025-11-15 05:44:06,mlx5_5,0.000,0.000,0.000,0.000
2025-11-15 05:44:06,mlx5_6,0.000,0.000,0.000,0.000
2025-11-15 05:44:06,mlx5_7,0.000,0.000,0.000,0.000
2025-11-15 05:44:06,mlx5_8,0.000,0.000,0.000,0.000
2025-11-15 05:44:06,mlx5_9,4.102,13.414,317.174,205.836
2025-11-15 05:44:06,TOTAL,12.471,40.656,951.749,618.899
2025-11-15 05:44:07,mlx5_0,0.000,0.000,0.000,0.000
2025-11-15 05:44:07,mlx5_1,0.000,0.000,316.758,203.724
2025-11-15 05:44:07,mlx5_2,0.000,0.000,317.816,209.339
2025-11-15 05:44:07,mlx5_3,0.000,0.000,0.000,0.000
2025-11-15 05:44:07,mlx5_4,0.000,0.000,0.000,0.000
2025-11-15 05:44:07,mlx5_5,0.000,0.000,0.000,0.000
2025-11-15 05:44:07,mlx5_6,0.000,0.000,0.000,0.000
2025-11-15 05:44:07,mlx5_7,0.000,0.000,0.000,0.000
2025-11-15 05:44:07,mlx5_8,0.000,0.000,0.000,0.000
2025-11-15 05:44:07,mlx5_9,0.000,0.000,317.174,205.836
2025-11-15 05:44:07,TOTAL,0.000,0.000,951.749,618.899
2025-11-15 05:44:08,mlx5_0,0.000,0.000,0.000,0.000
2025-11-15 05:44:08,mlx5_1,0.000,0.000,316.758,203.724
2025-11-15 05:44:08,mlx5_2,0.000,0.000,317.816,209.339
2025-11-15 05:44:08,mlx5_3,0.000,0.000,0.000,0.000
2025-11-15 05:44:08,mlx5_4,0.000,0.000,0.000,0.000
2025-11-15 05:44:08,mlx5_5,0.000,0.000,0.000,0.000
2025-11-15 05:44:08,mlx5_6,0.000,0.000,0.000,0.000
2025-11-15 05:44:08,mlx5_7,0.000,0.000,0.000,0.000
2025-11-15 05:44:08,mlx5_8,0.000,0.000,0.000,0.000
2025-11-15 05:44:08,mlx5_9,0.000,0.000,317.174,205.836
2025-11-15 05:44:08,TOTAL,0.000,0.000,951.749,618.899
2025-11-15 05:44:09,mlx5_0,0.000,0.000,0.000,0.000
2025-11-15 05:44:09,mlx5_1,0.000,0.000,316.758,203.724
2025-11-15 05:44:09,mlx5_2,0.000,0.000,317.816,209.339
2025-11-15 05:44:09,mlx5_3,0.000,0.000,0.000,0.000
2025-11-15 05:44:09,mlx5_4,0.000,0.000,0.000,0.000
2025-11-15 05:44:09,mlx5_5,0.000,0.000,0.000,0.000
2025-11-15 05:44:09,mlx5_6,0.000,0.000,0.000,0.000
2025-11-15 05:44:09,mlx5_7,0.000,0.000,0.000,0.000
2025-11-15 05:44:09,mlx5_8,0.000,0.000,0.000,0.000
2025-11-15 05:44:09,mlx5_9,0.000,0.000,317.174,205.836
2025-11-15 05:44:09,TOTAL,0.000,0.000,951.749,618.899
2025-11-15 05:44:10,mlx5_0,0.000,0.000,0.000,0.000
2025-11-15 05:44:10,mlx5_1,0.000,0.000,316.758,203.724
2025-11-15 05:44:10,mlx5_2,0.000,0.000,317.816,209.339
2025-11-15 05:44:10,mlx5_3,0.000,0.000,0.000,0.000
2025-11-15 05:44:10,mlx5_4,0.000,0.000,0.000,0.000
2025-11-15 05:44:10,mlx5_5,0.000,0.000,0.000,0.000
2025-11-15 05:44:10,mlx5_6,0.000,0.000,0.000,0.000
2025-11-15 05:44:10,mlx5_7,0.000,0.000,0.000,0.000
2025-11-15 05:44:10,mlx5_8,0.000,0.000,0.000,0.000
2025-11-15 05:44:10,mlx5_9,0.000,0.000,317.174,205.836
2025-11-15 05:44:10,TOTAL,0.000,0.000,951.749,618.899
2025-11-15 05:44:11,mlx5_0,0.000,0.000,0.000,0.000
2025-11-15 05:44:11,mlx5_1,12.789,0.017,318.362,203.726
2025-11-15 05:44:11,mlx5_2,12.480,0.017,319.381,209.342
2025-11-15 05:44:11,mlx5_3,0.000,0.000,0.000,0.000
2025-11-15 05:44:11,mlx5_4,0.000,0.000,0.000,0.000
2025-11-15 05:44:11,mlx5_5,0.000,0.000,0.000,0.000
2025-11-15 05:44:11,mlx5_6,0.000,0.000,0.000,0.000
2025-11-15 05:44:11,mlx5_7,0.000,0.000,0.000,0.000
2025-11-15 05:44:11,mlx5_8,0.000,0.000,0.000,0.000
2025-11-15 05:44:11,mlx5_9,12.753,0.017,318.774,205.838
2025-11-15 05:44:11,TOTAL,38.023,0.052,956.517,618.906
2025-11-15 05:44:12,mlx5_0,0.000,0.000,0.000,0.000
2025-11-15 05:44:12,mlx5_1,0.000,0.000,318.362,203.726
2025-11-15 05:44:12,mlx5_2,0.000,0.000,319.381,209.342
2025-11-15 05:44:12,mlx5_3,0.000,0.000,0.000,0.000
2025-11-15 05:44:12,mlx5_4,0.000,0.000,0.000,0.000
2025-11-15 05:44:12,mlx5_5,0.000,0.000,0.000,0.000
2025-11-15 05:44:12,mlx5_6,0.000,0.000,0.000,0.000
2025-11-15 05:44:12,mlx5_7,0.000,0.000,0.000,0.000
2025-11-15 05:44:12,mlx5_8,0.000,0.000,0.000,0.000
2025-11-15 05:44:12,mlx5_9,0.000,0.000,318.774,205.838
2025-11-15 05:44:12,TOTAL,0.000,0.000,956.517,618.906
2025-11-15 05:44:13,mlx5_0,0.000,0.000,0.000,0.000
2025-11-15 05:44:13,mlx5_1,0.000,0.000,318.362,203.726
2025-11-15 05:44:13,mlx5_2,0.000,0.000,319.381,209.342
2025-11-15 05:44:13,mlx5_3,0.000,0.000,0.000,0.000
2025-11-15 05:44:13,mlx5_4,0.000,0.000,0.000,0.000
2025-11-15 05:44:13,mlx5_5,0.000,0.000,0.000,0.000
2025-11-15 05:44:13,mlx5_6,0.000,0.000,0.000,0.000
2025-11-15 05:44:13,mlx5_7,0.000,0.000,0.000,0.000
2025-11-15 05:44:13,mlx5_8,0.000,0.000,0.000,0.000
2025-11-15 05:44:13,mlx5_9,0.000,0.000,318.774,205.838
2025-11-15 05:44:13,TOTAL,0.000,0.000,956.517,618.906
2025-11-15 05:44:14,mlx5_0,0.000,0.000,0.000,0.000
2025-11-15 05:44:14,mlx5_1,12.293,0.017,319.904,203.728
2025-11-15 05:44:14,mlx5_2,12.473,0.017,320.946,209.344
2025-11-15 05:44:14,mlx5_3,0.000,0.000,0.000,0.000
2025-11-15 05:44:14,mlx5_4,0.000,0.000,0.000,0.000
2025-11-15 05:44:14,mlx5_5,0.000,0.000,0.000,0.000
2025-11-15 05:44:14,mlx5_6,0.000,0.000,0.000,0.000
2025-11-15 05:44:14,mlx5_7,0.000,0.000,0.000,0.000
2025-11-15 05:44:14,mlx5_8,0.000,0.000,0.000,0.000
2025-11-15 05:44:14,mlx5_9,12.508,0.017,320.343,205.840
2025-11-15 05:44:14,TOTAL,37.274,0.051,961.194,618.912
2025-11-15 05:44:15,mlx5_0,0.000,0.000,0.000,0.000
2025-11-15 05:44:15,mlx5_1,0.000,0.000,319.904,203.728
2025-11-15 05:44:15,mlx5_2,0.000,0.000,320.946,209.344
2025-11-15 05:44:15,mlx5_3,0.000,0.000,0.000,0.000
2025-11-15 05:44:15,mlx5_4,0.000,0.000,0.000,0.000
2025-11-15 05:44:15,mlx5_5,0.000,0.000,0.000,0.000
2025-11-15 05:44:15,mlx5_6,0.000,0.000,0.000,0.000
2025-11-15 05:44:15,mlx5_7,0.000,0.000,0.000,0.000
2025-11-15 05:44:15,mlx5_8,0.000,0.000,0.000,0.000
2025-11-15 05:44:15,mlx5_9,0.000,0.000,320.343,205.840
2025-11-15 05:44:15,TOTAL,0.000,0.000,961.194,618.912
2025-11-15 05:44:16,mlx5_0,0.000,0.000,0.000,0.000
2025-11-15 05:44:16,mlx5_1,0.000,0.000,319.904,203.728
2025-11-15 05:44:16,mlx5_2,0.000,0.000,320.946,209.344
2025-11-15 05:44:16,mlx5_3,0.000,0.000,0.000,0.000
2025-11-15 05:44:16,mlx5_4,0.000,0.000,0.000,0.000
2025-11-15 05:44:16,mlx5_5,0.000,0.000,0.000,0.000
2025-11-15 05:44:16,mlx5_6,0.000,0.000,0.000,0.000
2025-11-15 05:44:16,mlx5_7,0.000,0.000,0.000,0.000
2025-11-15 05:44:16,mlx5_8,0.000,0.000,0.000,0.000
2025-11-15 05:44:16,mlx5_9,0.000,0.000,320.343,205.840
2025-11-15 05:44:16,TOTAL,0.000,0.000,961.194,618.912
2025-11-15 05:44:17,mlx5_0,0.000,0.000,0.000,0.000
2025-11-15 05:44:17,mlx5_1,6.992,0.010,320.782,203.729
2025-11-15 05:44:17,mlx5_2,7.217,0.010,321.852,209.345
2025-11-15 05:44:17,mlx5_3,0.000,0.000,0.000,0.000
2025-11-15 05:44:17,mlx5_4,0.000,0.000,0.000,0.000
2025-11-15 05:44:17,mlx5_5,0.000,0.000,0.000,0.000
2025-11-15 05:44:17,mlx5_6,0.000,0.000,0.000,0.000
2025-11-15 05:44:17,mlx5_7,0.000,0.000,0.000,0.000
2025-11-15 05:44:17,mlx5_8,0.000,0.000,0.000,0.000
2025-11-15 05:44:17,mlx5_9,7.227,0.010,321.250,205.842
2025-11-15 05:44:17,TOTAL,21.436,0.030,963.884,618.916
2025-11-15 05:44:18,mlx5_0,0.000,0.000,0.000,0.000
2025-11-15 05:44:18,mlx5_1,5.211,0.007,321.436,203.730
2025-11-15 05:44:18,mlx5_2,5.274,0.007,322.514,209.346
2025-11-15 05:44:18,mlx5_3,0.000,0.000,0.000,0.000
2025-11-15 05:44:18,mlx5_4,0.000,0.000,0.000,0.000
2025-11-15 05:44:18,mlx5_5,0.000,0.000,0.000,0.000
2025-11-15 05:44:18,mlx5_6,0.000,0.000,0.000,0.000
2025-11-15 05:44:18,mlx5_7,0.000,0.000,0.000,0.000
2025-11-15 05:44:18,mlx5_8,0.000,0.000,0.000,0.000
2025-11-15 05:44:18,mlx5_9,5.345,0.007,321.921,205.843
2025-11-15 05:44:18,TOTAL,15.830,0.021,965.871,618.918
2025-11-15 05:44:19,mlx5_0,0.000,0.000,0.000,0.000
2025-11-15 05:44:19,mlx5_1,0.000,0.000,321.436,203.730
2025-11-15 05:44:19,mlx5_2,0.000,0.000,322.514,209.346
2025-11-15 05:44:19,mlx5_3,0.000,0.000,0.000,0.000
2025-11-15 05:44:19,mlx5_4,0.000,0.000,0.000,0.000
2025-11-15 05:44:19,mlx5_5,0.000,0.000,0.000,0.000
2025-11-15 05:44:19,mlx5_6,0.000,0.000,0.000,0.000
2025-11-15 05:44:19,mlx5_7,0.000,0.000,0.000,0.000
2025-11-15 05:44:19,mlx5_8,0.000,0.000,0.000,0.000
2025-11-15 05:44:19,mlx5_9,0.000,0.000,321.921,205.843
2025-11-15 05:44:19,TOTAL,0.000,0.000,965.871,618.918
2025-11-15 05:44:20,mlx5_0,0.000,0.000,0.000,0.000
2025-11-15 05:44:20,mlx5_1,0.000,0.000,321.436,203.730
2025-11-15 05:44:20,mlx5_2,0.000,0.000,322.514,209.346
2025-11-15 05:44:20,mlx5_3,0.000,0.000,0.000,0.000
2025-11-15 05:44:20,mlx5_4,0.000,0.000,0.000,0.000
2025-11-15 05:44:20,mlx5_5,0.000,0.000,0.000,0.000
2025-11-15 05:44:20,mlx5_6,0.000,0.000,0.000,0.000
2025-11-15 05:44:20,mlx5_7,0.000,0.000,0.000,0.000
2025-11-15 05:44:20,mlx5_8,0.000,0.000,0.000,0.000
2025-11-15 05:44:20,mlx5_9,0.000,0.000,321.921,205.843
2025-11-15 05:44:20,TOTAL,0.000,0.000,965.871,618.918
2025-11-15 05:44:21,mlx5_0,0.000,0.000,0.000,0.000
2025-11-15 05:44:21,mlx5_1,11.791,0.016,322.915,203.732
2025-11-15 05:44:21,mlx5_2,11.847,0.016,324.001,209.348
2025-11-15 05:44:21,mlx5_3,0.000,0.000,0.000,0.000
2025-11-15 05:44:21,mlx5_4,0.000,0.000,0.000,0.000
2025-11-15 05:44:21,mlx5_5,0.000,0.000,0.000,0.000
2025-11-15 05:44:21,mlx5_6,0.000,0.000,0.000,0.000
2025-11-15 05:44:21,mlx5_7,0.000,0.000,0.000,0.000
2025-11-15 05:44:21,mlx5_8,0.000,0.000,0.000,0.000
2025-11-15 05:44:21,mlx5_9,11.916,0.016,323.416,205.845
2025-11-15 05:44:21,TOTAL,35.554,0.048,970.332,618.924
2025-11-15 05:44:22,mlx5_0,0.000,0.000,0.000,0.000
2025-11-15 05:44:22,mlx5_1,0.611,0.001,322.992,203.732
2025-11-15 05:44:22,mlx5_2,0.584,0.001,324.074,209.348
2025-11-15 05:44:22,mlx5_3,0.000,0.000,0.000,0.000
2025-11-15 05:44:22,mlx5_4,0.000,0.000,0.000,0.000
2025-11-15 05:44:22,mlx5_5,0.000,0.000,0.000,0.000
2025-11-15 05:44:22,mlx5_6,0.000,0.000,0.000,0.000
2025-11-15 05:44:22,mlx5_7,0.000,0.000,0.000,0.000
2025-11-15 05:44:22,mlx5_8,0.000,0.000,0.000,0.000
2025-11-15 05:44:22,mlx5_9,0.526,0.001,323.482,205.845
2025-11-15 05:44:22,TOTAL,1.721,0.002,970.548,618.925
2025-11-15 05:44:23,mlx5_0,0.000,0.000,0.000,0.000
2025-11-15 05:44:23,mlx5_1,0.000,0.000,322.992,203.732
2025-11-15 05:44:23,mlx5_2,0.000,0.000,324.074,209.348
2025-11-15 05:44:23,mlx5_3,0.000,0.000,0.000,0.000
2025-11-15 05:44:23,mlx5_4,0.000,0.000,0.000,0.000
2025-11-15 05:44:23,mlx5_5,0.000,0.000,0.000,0.000
2025-11-15 05:44:23,mlx5_6,0.000,0.000,0.000,0.000
2025-11-15 05:44:23,mlx5_7,0.000,0.000,0.000,0.000
2025-11-15 05:44:23,mlx5_8,0.000,0.000,0.000,0.000
2025-11-15 05:44:23,mlx5_9,0.000,0.000,323.482,205.845
2025-11-15 05:44:23,TOTAL,0.000,0.000,970.548,618.925
2025-11-15 05:44:24,mlx5_0,0.000,0.000,0.000,0.000
2025-11-15 05:44:24,mlx5_1,0.000,0.000,322.992,203.732
2025-11-15 05:44:24,mlx5_2,0.000,0.000,324.074,209.348
2025-11-15 05:44:24,mlx5_3,0.000,0.000,0.000,0.000
2025-11-15 05:44:24,mlx5_4,0.000,0.000,0.000,0.000
2025-11-15 05:44:24,mlx5_5,0.000,0.000,0.000,0.000
2025-11-15 05:44:24,mlx5_6,0.000,0.000,0.000,0.000
2025-11-15 05:44:24,mlx5_7,0.000,0.000,0.000,0.000
2025-11-15 05:44:24,mlx5_8,0.000,0.000,0.000,0.000
2025-11-15 05:44:24,mlx5_9,0.000,0.000,323.482,205.845
2025-11-15 05:44:24,TOTAL,0.000,0.000,970.548,618.925
2025-11-15 05:44:25,mlx5_0,0.000,0.000,0.000,0.000
2025-11-15 05:44:25,mlx5_1,8.716,0.012,324.086,203.734
2025-11-15 05:44:25,mlx5_2,8.942,0.012,325.196,209.349
2025-11-15 05:44:25,mlx5_3,0.000,0.000,0.000,0.000
2025-11-15 05:44:25,mlx5_4,0.000,0.000,0.000,0.000
2025-11-15 05:44:25,mlx5_5,0.000,0.000,0.000,0.000
2025-11-15 05:44:25,mlx5_6,0.000,0.000,0.000,0.000
2025-11-15 05:44:25,mlx5_7,0.000,0.000,0.000,0.000
2025-11-15 05:44:25,mlx5_8,0.000,0.000,0.000,0.000
2025-11-15 05:44:25,mlx5_9,8.989,0.012,324.610,205.846
2025-11-15 05:44:25,TOTAL,26.647,0.036,973.891,618.929
2025-11-15 05:44:26,mlx5_0,0.000,0.000,0.000,0.000
2025-11-15 05:44:26,mlx5_1,3.636,0.005,324.542,203.734
2025-11-15 05:44:26,mlx5_2,3.515,0.005,325.637,209.350
2025-11-15 05:44:26,mlx5_3,0.000,0.000,0.000,0.000
2025-11-15 05:44:26,mlx5_4,0.000,0.000,0.000,0.000
2025-11-15 05:44:26,mlx5_5,0.000,0.000,0.000,0.000
2025-11-15 05:44:26,mlx5_6,0.000,0.000,0.000,0.000
2025-11-15 05:44:26,mlx5_7,0.000,0.000,0.000,0.000
2025-11-15 05:44:26,mlx5_8,0.000,0.000,0.000,0.000
2025-11-15 05:44:26,mlx5_9,3.474,0.005,325.046,205.847
2025-11-15 05:44:26,TOTAL,10.625,0.014,975.225,618.931
2025-11-15 05:44:27,mlx5_0,0.000,0.000,0.000,0.000
2025-11-15 05:44:27,mlx5_1,0.000,0.000,324.542,203.734
2025-11-15 05:44:27,mlx5_2,0.000,0.000,325.637,209.350
2025-11-15 05:44:27,mlx5_3,0.000,0.000,0.000,0.000
2025-11-15 05:44:27,mlx5_4,0.000,0.000,0.000,0.000
2025-11-15 05:44:27,mlx5_5,0.000,0.000,0.000,0.000
2025-11-15 05:44:27,mlx5_6,0.000,0.000,0.000,0.000
2025-11-15 05:44:27,mlx5_7,0.000,0.000,0.000,0.000
2025-11-15 05:44:27,mlx5_8,0.000,0.000,0.000,0.000
2025-11-15 05:44:27,mlx5_9,0.000,0.000,325.046,205.847
2025-11-15 05:44:27,TOTAL,0.000,0.000,975.225,618.931
2025-11-15 05:44:28,mlx5_0,0.000,0.000,0.000,0.000
2025-11-15 05:44:28,mlx5_1,0.000,0.000,324.542,203.734
2025-11-15 05:44:28,mlx5_2,0.000,0.000,325.637,209.350
2025-11-15 05:44:28,mlx5_3,0.000,0.000,0.000,0.000
2025-11-15 05:44:28,mlx5_4,0.000,0.000,0.000,0.000
2025-11-15 05:44:28,mlx5_5,0.000,0.000,0.000,0.000
2025-11-15 05:44:28,mlx5_6,0.000,0.000,0.000,0.000
2025-11-15 05:44:28,mlx5_7,0.000,0.000,0.000,0.000
2025-11-15 05:44:28,mlx5_8,0.000,0.000,0.000,0.000
2025-11-15 05:44:28,mlx5_9,0.000,0.000,325.046,205.847
2025-11-15 05:44:28,TOTAL,0.000,0.000,975.225,618.931
2025-11-15 05:44:29,mlx5_0,0.000,0.000,0.000,0.000
2025-11-15 05:44:29,mlx5_1,0.000,0.000,324.542,203.734
2025-11-15 05:44:29,mlx5_2,0.000,0.000,325.637,209.350
2025-11-15 05:44:29,mlx5_3,0.000,0.000,0.000,0.000
2025-11-15 05:44:29,mlx5_4,0.000,0.000,0.000,0.000
2025-11-15 05:44:29,mlx5_5,0.000,0.000,0.000,0.000
2025-11-15 05:44:29,mlx5_6,0.000,0.000,0.000,0.000
2025-11-15 05:44:29,mlx5_7,0.000,0.000,0.000,0.000
2025-11-15 05:44:29,mlx5_8,0.000,0.000,0.000,0.000
2025-11-15 05:44:29,mlx5_9,0.000,0.000,325.046,205.847
2025-11-15 05:44:29,TOTAL,0.000,0.000,975.225,618.931
2025-11-15 05:44:30,mlx5_0,0.000,0.000,0.000,0.000
2025-11-15 05:44:30,mlx5_1,12.433,26.359,326.102,207.042
2025-11-15 05:44:30,mlx5_2,12.486,26.628,327.204,212.691
2025-11-15 05:44:30,mlx5_3,0.000,0.000,0.000,0.000
2025-11-15 05:44:30,mlx5_4,0.000,0.000,0.000,0.000
2025-11-15 05:44:30,mlx5_5,0.000,0.000,0.000,0.000
2025-11-15 05:44:30,mlx5_6,0.000,0.000,0.000,0.000
2025-11-15 05:44:30,mlx5_7,0.000,0.000,0.000,0.000
2025-11-15 05:44:30,mlx5_8,0.000,0.000,0.000,0.000
2025-11-15 05:44:30,mlx5_9,12.476,26.493,326.611,209.171
2025-11-15 05:44:30,TOTAL,37.395,79.480,979.917,628.904
2025-11-15 05:44:31,mlx5_0,0.000,0.000,0.000,0.000
2025-11-15 05:44:31,mlx5_1,0.017,10.773,326.104,208.394
2025-11-15 05:44:31,mlx5_2,0.017,10.955,327.206,214.067
2025-11-15 05:44:31,mlx5_3,0.000,0.000,0.000,0.000
2025-11-15 05:44:31,mlx5_4,0.000,0.000,0.000,0.000
2025-11-15 05:44:31,mlx5_5,0.000,0.000,0.000,0.000
2025-11-15 05:44:31,mlx5_6,0.000,0.000,0.000,0.000
2025-11-15 05:44:31,mlx5_7,0.000,0.000,0.000,0.000
2025-11-15 05:44:31,mlx5_8,0.000,0.000,0.000,0.000
2025-11-15 05:44:31,mlx5_9,0.017,10.578,326.613,210.499
2025-11-15 05:44:31,TOTAL,0.050,32.306,979.923,632.960
2025-11-15 05:44:32,mlx5_0,0.000,0.000,0.000,0.000
2025-11-15 05:44:32,mlx5_1,0.000,0.000,326.104,208.394
2025-11-15 05:44:32,mlx5_2,0.000,0.000,327.206,214.067
2025-11-15 05:44:32,mlx5_3,0.000,0.000,0.000,0.000
2025-11-15 05:44:32,mlx5_4,0.000,0.000,0.000,0.000
2025-11-15 05:44:32,mlx5_5,0.000,0.000,0.000,0.000
2025-11-15 05:44:32,mlx5_6,0.000,0.000,0.000,0.000
2025-11-15 05:44:32,mlx5_7,0.000,0.000,0.000,0.000
2025-11-15 05:44:32,mlx5_8,0.000,0.000,0.000,0.000
2025-11-15 05:44:32,mlx5_9,0.000,0.000,326.613,210.499
2025-11-15 05:44:32,TOTAL,0.000,0.000,979.923,632.960
2025-11-15 05:44:33,mlx5_0,0.000,0.000,0.000,0.000
2025-11-15 05:44:33,mlx5_1,0.000,0.000,326.104,208.394
2025-11-15 05:44:33,mlx5_2,0.000,0.000,327.206,214.067
2025-11-15 05:44:33,mlx5_3,0.000,0.000,0.000,0.000
2025-11-15 05:44:33,mlx5_4,0.000,0.000,0.000,0.000
2025-11-15 05:44:33,mlx5_5,0.000,0.000,0.000,0.000
2025-11-15 05:44:33,mlx5_6,0.000,0.000,0.000,0.000
2025-11-15 05:44:33,mlx5_7,0.000,0.000,0.000,0.000
2025-11-15 05:44:33,mlx5_8,0.000,0.000,0.000,0.000
2025-11-15 05:44:33,mlx5_9,0.000,0.000,326.613,210.499
2025-11-15 05:44:33,TOTAL,0.000,0.000,979.923,632.960
2025-11-15 05:44:34,mlx5_0,0.000,0.000,0.000,0.000
2025-11-15 05:44:34,mlx5_1,0.000,0.000,326.104,208.394
2025-11-15 05:44:34,mlx5_2,0.000,0.000,327.206,214.067
2025-11-15 05:44:34,mlx5_3,0.000,0.000,0.000,0.000
2025-11-15 05:44:34,mlx5_4,0.000,0.000,0.000,0.000
2025-11-15 05:44:34,mlx5_5,0.000,0.000,0.000,0.000
2025-11-15 05:44:34,mlx5_6,0.000,0.000,0.000,0.000
2025-11-15 05:44:34,mlx5_7,0.000,0.000,0.000,0.000
2025-11-15 05:44:34,mlx5_8,0.000,0.000,0.000,0.000
2025-11-15 05:44:34,mlx5_9,0.000,0.000,326.613,210.499
2025-11-15 05:44:34,TOTAL,0.000,0.000,979.923,632.960
2025-11-15 05:44:35,mlx5_0,0.000,0.000,0.000,0.000
2025-11-15 05:44:35,mlx5_1,0.000,0.000,326.104,208.394
2025-11-15 05:44:35,mlx5_2,0.000,0.000,327.206,214.067
2025-11-15 05:44:35,mlx5_3,0.000,0.000,0.000,0.000
2025-11-15 05:44:35,mlx5_4,0.000,0.000,0.000,0.000
2025-11-15 05:44:35,mlx5_5,0.000,0.000,0.000,0.000
2025-11-15 05:44:35,mlx5_6,0.000,0.000,0.000,0.000
2025-11-15 05:44:35,mlx5_7,0.000,0.000,0.000,0.000
2025-11-15 05:44:35,mlx5_8,0.000,0.000,0.000,0.000
2025-11-15 05:44:35,mlx5_9,0.000,0.000,326.613,210.499
2025-11-15 05:44:35,TOTAL,0.000,0.000,979.923,632.960
2025-11-15 05:44:36,mlx5_0,0.000,0.000,0.000,0.000
2025-11-15 05:44:36,mlx5_1,11.797,0.016,327.584,208.396
2025-11-15 05:44:36,mlx5_2,12.009,0.016,328.713,214.069
2025-11-15 05:44:36,mlx5_3,0.000,0.000,0.000,0.000
2025-11-15 05:44:36,mlx5_4,0.000,0.000,0.000,0.000
2025-11-15 05:44:36,mlx5_5,0.000,0.000,0.000,0.000
2025-11-15 05:44:36,mlx5_6,0.000,0.000,0.000,0.000
2025-11-15 05:44:36,mlx5_7,0.000,0.000,0.000,0.000
2025-11-15 05:44:36,mlx5_8,0.000,0.000,0.000,0.000
2025-11-15 05:44:36,mlx5_9,11.867,0.016,328.102,210.501
2025-11-15 05:44:36,TOTAL,35.674,0.049,984.399,632.966
2025-11-15 05:44:37,mlx5_0,0.000,0.000,0.000,0.000
2025-11-15 05:44:37,mlx5_1,0.000,0.000,327.584,208.396
2025-11-15 05:44:37,mlx5_2,0.000,0.000,328.713,214.069
2025-11-15 05:44:37,mlx5_3,0.000,0.000,0.000,0.000
2025-11-15 05:44:37,mlx5_4,0.000,0.000,0.000,0.000
2025-11-15 05:44:37,mlx5_5,0.000,0.000,0.000,0.000
2025-11-15 05:44:37,mlx5_6,0.000,0.000,0.000,0.000
2025-11-15 05:44:37,mlx5_7,0.000,0.000,0.000,0.000
2025-11-15 05:44:37,mlx5_8,0.000,0.000,0.000,0.000
2025-11-15 05:44:37,mlx5_9,0.000,0.000,328.102,210.501
2025-11-15 05:44:37,TOTAL,0.000,0.000,984.399,632.966
2025-11-15 05:44:38,mlx5_0,0.000,0.000,0.000,0.000
2025-11-15 05:44:38,mlx5_1,0.000,0.000,327.584,208.396
2025-11-15 05:44:38,mlx5_2,0.000,0.000,328.713,214.069
2025-11-15 05:44:38,mlx5_3,0.000,0.000,0.000,0.000
2025-11-15 05:44:38,mlx5_4,0.000,0.000,0.000,0.000
2025-11-15 05:44:38,mlx5_5,0.000,0.000,0.000,0.000
2025-11-15 05:44:38,mlx5_6,0.000,0.000,0.000,0.000
2025-11-15 05:44:38,mlx5_7,0.000,0.000,0.000,0.000
2025-11-15 05:44:38,mlx5_8,0.000,0.000,0.000,0.000
2025-11-15 05:44:38,mlx5_9,0.000,0.000,328.102,210.501
2025-11-15 05:44:38,TOTAL,0.000,0.000,984.399,632.966
2025-11-15 05:44:39,mlx5_0,0.000,0.000,0.000,0.000
2025-11-15 05:44:39,mlx5_1,12.243,0.017,329.121,208.399
2025-11-15 05:44:39,mlx5_2,12.565,0.017,330.289,214.071
2025-11-15 05:44:39,mlx5_3,0.000,0.000,0.000,0.000
2025-11-15 05:44:39,mlx5_4,0.000,0.000,0.000,0.000
2025-11-15 05:44:39,mlx5_5,0.000,0.000,0.000,0.000
2025-11-15 05:44:39,mlx5_6,0.000,0.000,0.000,0.000
2025-11-15 05:44:39,mlx5_7,0.000,0.000,0.000,0.000
2025-11-15 05:44:39,mlx5_8,0.000,0.000,0.000,0.000
2025-11-15 05:44:39,mlx5_9,12.461,0.017,329.666,210.503
2025-11-15 05:44:39,TOTAL,37.269,0.051,989.076,632.973
2025-11-15 05:44:40,mlx5_0,0.000,0.000,0.000,0.000
2025-11-15 05:44:40,mlx5_1,0.000,0.000,329.121,208.399
2025-11-15 05:44:40,mlx5_2,0.000,0.000,330.289,214.071
2025-11-15 05:44:40,mlx5_3,0.000,0.000,0.000,0.000
2025-11-15 05:44:40,mlx5_4,0.000,0.000,0.000,0.000
2025-11-15 05:44:40,mlx5_5,0.000,0.000,0.000,0.000
2025-11-15 05:44:40,mlx5_6,0.000,0.000,0.000,0.000
2025-11-15 05:44:40,mlx5_7,0.000,0.000,0.000,0.000
2025-11-15 05:44:40,mlx5_8,0.000,0.000,0.000,0.000
2025-11-15 05:44:40,mlx5_9,0.000,0.000,329.666,210.503
2025-11-15 05:44:40,TOTAL,0.000,0.000,989.076,632.973
2025-11-15 05:44:41,mlx5_0,0.000,0.000,0.000,0.000
2025-11-15 05:44:41,mlx5_1,0.000,0.000,329.121,208.399
2025-11-15 05:44:41,mlx5_2,0.000,0.000,330.289,214.071
2025-11-15 05:44:41,mlx5_3,0.000,0.000,0.000,0.000
2025-11-15 05:44:41,mlx5_4,0.000,0.000,0.000,0.000
2025-11-15 05:44:41,mlx5_5,0.000,0.000,0.000,0.000
2025-11-15 05:44:41,mlx5_6,0.000,0.000,0.000,0.000
2025-11-15 05:44:41,mlx5_7,0.000,0.000,0.000,0.000
2025-11-15 05:44:41,mlx5_8,0.000,0.000,0.000,0.000
2025-11-15 05:44:41,mlx5_9,0.000,0.000,329.666,210.503
2025-11-15 05:44:41,TOTAL,0.000,0.000,989.076,632.973
2025-11-15 05:44:42,mlx5_0,0.000,0.000,0.000,0.000
2025-11-15 05:44:42,mlx5_1,12.299,0.017,330.664,208.401
2025-11-15 05:44:42,mlx5_2,12.376,0.017,331.842,214.073
2025-11-15 05:44:42,mlx5_3,0.000,0.000,0.000,0.000
2025-11-15 05:44:42,mlx5_4,0.000,0.000,0.000,0.000
2025-11-15 05:44:42,mlx5_5,0.000,0.000,0.000,0.000
2025-11-15 05:44:42,mlx5_6,0.000,0.000,0.000,0.000
2025-11-15 05:44:42,mlx5_7,0.000,0.000,0.000,0.000
2025-11-15 05:44:42,mlx5_8,0.000,0.000,0.000,0.000
2025-11-15 05:44:42,mlx5_9,12.346,0.017,331.215,210.505
2025-11-15 05:44:42,TOTAL,37.021,0.050,993.721,632.979
2025-11-15 05:44:43,mlx5_0,0.000,0.000,0.000,0.000
2025-11-15 05:44:43,mlx5_1,0.117,0.000,330.679,208.401
2025-11-15 05:44:43,mlx5_2,0.137,0.000,331.859,214.073
2025-11-15 05:44:43,mlx5_3,0.000,0.000,0.000,0.000
2025-11-15 05:44:43,mlx5_4,0.000,0.000,0.000,0.000
2025-11-15 05:44:43,mlx5_5,0.000,0.000,0.000,0.000
2025-11-15 05:44:43,mlx5_6,0.000,0.000,0.000,0.000
2025-11-15 05:44:43,mlx5_7,0.000,0.000,0.000,0.000
2025-11-15 05:44:43,mlx5_8,0.000,0.000,0.000,0.000
2025-11-15 05:44:43,mlx5_9,0.000,0.000,331.215,210.505
2025-11-15 05:44:43,TOTAL,0.254,0.000,993.753,632.979
2025-11-15 05:44:44,mlx5_0,0.000,0.000,0.000,0.000
2025-11-15 05:44:44,mlx5_1,0.000,0.000,330.679,208.401
2025-11-15 05:44:44,mlx5_2,0.000,0.000,331.859,214.073
2025-11-15 05:44:44,mlx5_3,0.000,0.000,0.000,0.000
2025-11-15 05:44:44,mlx5_4,0.000,0.000,0.000,0.000
2025-11-15 05:44:44,mlx5_5,0.000,0.000,0.000,0.000
2025-11-15 05:44:44,mlx5_6,0.000,0.000,0.000,0.000
2025-11-15 05:44:44,mlx5_7,0.000,0.000,0.000,0.000
2025-11-15 05:44:44,mlx5_8,0.000,0.000,0.000,0.000
2025-11-15 05:44:44,mlx5_9,0.000,0.000,331.215,210.505
2025-11-15 05:44:44,TOTAL,0.000,0.000,993.753,632.979
2025-11-15 05:44:45,mlx5_0,0.000,0.000,0.000,0.000
2025-11-15 05:44:45,mlx5_1,0.000,0.000,330.679,208.401
2025-11-15 05:44:45,mlx5_2,0.000,0.000,331.859,214.073
2025-11-15 05:44:45,mlx5_3,0.000,0.000,0.000,0.000
2025-11-15 05:44:45,mlx5_4,0.000,0.000,0.000,0.000
2025-11-15 05:44:45,mlx5_5,0.000,0.000,0.000,0.000
2025-11-15 05:44:45,mlx5_6,0.000,0.000,0.000,0.000
2025-11-15 05:44:45,mlx5_7,0.000,0.000,0.000,0.000
2025-11-15 05:44:45,mlx5_8,0.000,0.000,0.000,0.000
2025-11-15 05:44:45,mlx5_9,0.000,0.000,331.215,210.505
2025-11-15 05:44:45,TOTAL,0.000,0.000,993.753,632.979
2025-11-15 05:44:46,mlx5_0,0.000,0.000,0.000,0.000
2025-11-15 05:44:46,mlx5_1,12.378,0.017,332.232,208.403
2025-11-15 05:44:46,mlx5_2,12.532,0.017,333.432,214.075
2025-11-15 05:44:46,mlx5_3,0.000,0.000,0.000,0.000
2025-11-15 05:44:46,mlx5_4,0.000,0.000,0.000,0.000
2025-11-15 05:44:46,mlx5_5,0.000,0.000,0.000,0.000
2025-11-15 05:44:46,mlx5_6,0.000,0.000,0.000,0.000
2025-11-15 05:44:46,mlx5_7,0.000,0.000,0.000,0.000
2025-11-15 05:44:46,mlx5_8,0.000,0.000,0.000,0.000
2025-11-15 05:44:46,mlx5_9,12.365,0.017,332.767,210.508
2025-11-15 05:44:46,TOTAL,37.275,0.051,998.430,632.986
2025-11-15 05:44:47,mlx5_0,0.000,0.000,0.000,0.000
2025-11-15 05:44:47,mlx5_1,0.000,0.000,332.232,208.403
2025-11-15 05:44:47,mlx5_2,0.000,0.000,333.432,214.075
2025-11-15 05:44:47,mlx5_3,0.000,0.000,0.000,0.000
2025-11-15 05:44:47,mlx5_4,0.000,0.000,0.000,0.000
2025-11-15 05:44:47,mlx5_5,0.000,0.000,0.000,0.000
2025-11-15 05:44:47,mlx5_6,0.000,0.000,0.000,0.000
2025-11-15 05:44:47,mlx5_7,0.000,0.000,0.000,0.000
2025-11-15 05:44:47,mlx5_8,0.000,0.000,0.000,0.000
2025-11-15 05:44:47,mlx5_9,0.000,0.000,332.767,210.508
2025-11-15 05:44:47,TOTAL,0.000,0.000,998.430,632.986
2025-11-15 05:44:48,mlx5_0,0.000,0.000,0.000,0.000
2025-11-15 05:44:48,mlx5_1,0.000,0.000,332.232,208.403
2025-11-15 05:44:48,mlx5_2,0.000,0.000,333.432,214.075
2025-11-15 05:44:48,mlx5_3,0.000,0.000,0.000,0.000
2025-11-15 05:44:48,mlx5_4,0.000,0.000,0.000,0.000
2025-11-15 05:44:48,mlx5_5,0.000,0.000,0.000,0.000
2025-11-15 05:44:48,mlx5_6,0.000,0.000,0.000,0.000
2025-11-15 05:44:48,mlx5_7,0.000,0.000,0.000,0.000
2025-11-15 05:44:48,mlx5_8,0.000,0.000,0.000,0.000
2025-11-15 05:44:48,mlx5_9,0.000,0.000,332.767,210.508
2025-11-15 05:44:48,TOTAL,0.000,0.000,998.430,632.986
2025-11-15 05:44:49,mlx5_0,0.000,0.000,0.000,0.000
2025-11-15 05:44:49,mlx5_1,0.000,0.000,332.232,208.403
2025-11-15 05:44:49,mlx5_2,0.000,0.000,333.432,214.075
2025-11-15 05:44:49,mlx5_3,0.000,0.000,0.000,0.000
2025-11-15 05:44:49,mlx5_4,0.000,0.000,0.000,0.000
2025-11-15 05:44:49,mlx5_5,0.000,0.000,0.000,0.000
2025-11-15 05:44:49,mlx5_6,0.000,0.000,0.000,0.000
2025-11-15 05:44:49,mlx5_7,0.000,0.000,0.000,0.000
2025-11-15 05:44:49,mlx5_8,0.000,0.000,0.000,0.000
2025-11-15 05:44:49,mlx5_9,0.000,0.000,332.767,210.508
2025-11-15 05:44:49,TOTAL,0.000,0.000,998.430,632.986
2025-11-15 05:44:50,mlx5_0,0.000,0.000,0.000,0.000
2025-11-15 05:44:50,mlx5_1,12.326,0.017,333.777,208.405
2025-11-15 05:44:50,mlx5_2,12.582,0.017,335.009,214.077
2025-11-15 05:44:50,mlx5_3,0.000,0.000,0.000,0.000
2025-11-15 05:44:50,mlx5_4,0.000,0.000,0.000,0.000
2025-11-15 05:44:50,mlx5_5,0.000,0.000,0.000,0.000
2025-11-15 05:44:50,mlx5_6,0.000,0.000,0.000,0.000
2025-11-15 05:44:50,mlx5_7,0.000,0.000,0.000,0.000
2025-11-15 05:44:50,mlx5_8,0.000,0.000,0.000,0.000
2025-11-15 05:44:50,mlx5_9,12.399,0.017,334.321,210.510
2025-11-15 05:44:50,TOTAL,37.307,0.051,1003.107,632.992
2025-11-15 05:44:51,mlx5_0,0.000,0.000,0.000,0.000
2025-11-15 05:44:51,mlx5_1,0.000,0.000,333.777,208.405
2025-11-15 05:44:51,mlx5_2,0.000,0.000,335.009,214.077
2025-11-15 05:44:51,mlx5_3,0.000,0.000,0.000,0.000
2025-11-15 05:44:51,mlx5_4,0.000,0.000,0.000,0.000
2025-11-15 05:44:51,mlx5_5,0.000,0.000,0.000,0.000
2025-11-15 05:44:51,mlx5_6,0.000,0.000,0.000,0.000
2025-11-15 05:44:51,mlx5_7,0.000,0.000,0.000,0.000
2025-11-15 05:44:51,mlx5_8,0.000,0.000,0.000,0.000
2025-11-15 05:44:51,mlx5_9,0.000,0.000,334.321,210.510
2025-11-15 05:44:51,TOTAL,0.000,0.000,1003.107,632.992
2025-11-15 05:44:52,mlx5_0,0.000,0.000,0.000,0.000
2025-11-15 05:44:52,mlx5_1,0.000,0.000,333.777,208.405
2025-11-15 05:44:52,mlx5_2,0.000,0.000,335.009,214.077
2025-11-15 05:44:52,mlx5_3,0.000,0.000,0.000,0.000
2025-11-15 05:44:52,mlx5_4,0.000,0.000,0.000,0.000
2025-11-15 05:44:52,mlx5_5,0.000,0.000,0.000,0.000
2025-11-15 05:44:52,mlx5_6,0.000,0.000,0.000,0.000
2025-11-15 05:44:52,mlx5_7,0.000,0.000,0.000,0.000
2025-11-15 05:44:52,mlx5_8,0.000,0.000,0.000,0.000
2025-11-15 05:44:52,mlx5_9,0.000,0.000,334.321,210.510
2025-11-15 05:44:52,TOTAL,0.000,0.000,1003.107,632.992
2025-11-15 05:44:53,mlx5_0,0.000,0.000,0.000,0.000
2025-11-15 05:44:53,mlx5_1,0.000,0.000,333.777,208.405
2025-11-15 05:44:53,mlx5_2,0.000,0.000,335.009,214.077
2025-11-15 05:44:53,mlx5_3,0.000,0.000,0.000,0.000
2025-11-15 05:44:53,mlx5_4,0.000,0.000,0.000,0.000
2025-11-15 05:44:53,mlx5_5,0.000,0.000,0.000,0.000
2025-11-15 05:44:53,mlx5_6,0.000,0.000,0.000,0.000
2025-11-15 05:44:53,mlx5_7,0.000,0.000,0.000,0.000
2025-11-15 05:44:53,mlx5_8,0.000,0.000,0.000,0.000
2025-11-15 05:44:53,mlx5_9,0.000,0.000,334.321,210.510
2025-11-15 05:44:53,TOTAL,0.000,0.000,1003.107,632.992
2025-11-15 05:44:54,mlx5_0,0.000,0.000,0.000,0.000
2025-11-15 05:44:54,mlx5_1,8.752,0.012,334.875,208.406
2025-11-15 05:44:54,mlx5_2,8.858,0.012,336.121,214.079
2025-11-15 05:44:54,mlx5_3,0.000,0.000,0.000,0.000
2025-11-15 05:44:54,mlx5_4,0.000,0.000,0.000,0.000
2025-11-15 05:44:54,mlx5_5,0.000,0.000,0.000,0.000
2025-11-15 05:44:54,mlx5_6,0.000,0.000,0.000,0.000
2025-11-15 05:44:54,mlx5_7,0.000,0.000,0.000,0.000
2025-11-15 05:44:54,mlx5_8,0.000,0.000,0.000,0.000
2025-11-15 05:44:54,mlx5_9,8.819,0.012,335.428,210.511
2025-11-15 05:44:54,TOTAL,26.429,0.037,1006.423,632.996
2025-11-15 05:44:55,mlx5_0,0.000,0.000,0.000,0.000
2025-11-15 05:44:55,mlx5_1,3.614,0.005,335.329,208.407
2025-11-15 05:44:55,mlx5_2,3.680,0.005,336.582,214.080
2025-11-15 05:44:55,mlx5_3,0.000,0.000,0.000,0.000
2025-11-15 05:44:55,mlx5_4,0.000,0.000,0.000,0.000
2025-11-15 05:44:55,mlx5_5,0.000,0.000,0.000,0.000
2025-11-15 05:44:55,mlx5_6,0.000,0.000,0.000,0.000
2025-11-15 05:44:55,mlx5_7,0.000,0.000,0.000,0.000
2025-11-15 05:44:55,mlx5_8,0.000,0.000,0.000,0.000
2025-11-15 05:44:55,mlx5_9,3.547,0.005,335.873,210.512
2025-11-15 05:44:55,TOTAL,10.841,0.014,1007.784,632.998
2025-11-15 05:44:56,mlx5_0,0.000,0.000,0.000,0.000
2025-11-15 05:44:56,mlx5_1,0.000,0.000,335.329,208.407
2025-11-15 05:44:56,mlx5_2,0.000,0.000,336.582,214.080
2025-11-15 05:44:56,mlx5_3,0.000,0.000,0.000,0.000
2025-11-15 05:44:56,mlx5_4,0.000,0.000,0.000,0.000
2025-11-15 05:44:56,mlx5_5,0.000,0.000,0.000,0.000
2025-11-15 05:44:56,mlx5_6,0.000,0.000,0.000,0.000
2025-11-15 05:44:56,mlx5_7,0.000,0.000,0.000,0.000
2025-11-15 05:44:56,mlx5_8,0.000,0.000,0.000,0.000
2025-11-15 05:44:56,mlx5_9,0.000,0.000,335.873,210.512
2025-11-15 05:44:56,TOTAL,0.000,0.000,1007.784,632.998
2025-11-15 05:44:57,mlx5_0,0.000,0.000,0.000,0.000
2025-11-15 05:44:57,mlx5_1,0.000,0.000,335.329,208.407
2025-11-15 05:44:57,mlx5_2,0.000,0.000,336.582,214.080
2025-11-15 05:44:57,mlx5_3,0.000,0.000,0.000,0.000
2025-11-15 05:44:57,mlx5_4,0.000,0.000,0.000,0.000
2025-11-15 05:44:57,mlx5_5,0.000,0.000,0.000,0.000
2025-11-15 05:44:57,mlx5_6,0.000,0.000,0.000,0.000
2025-11-15 05:44:57,mlx5_7,0.000,0.000,0.000,0.000
2025-11-15 05:44:57,mlx5_8,0.000,0.000,0.000,0.000
2025-11-15 05:44:57,mlx5_9,0.000,0.000,335.873,210.512
2025-11-15 05:44:57,TOTAL,0.000,0.000,1007.784,632.998
2025-11-15 05:44:58,mlx5_0,0.000,0.000,0.000,0.000
2025-11-15 05:44:58,mlx5_1,0.000,0.000,335.329,208.407
2025-11-15 05:44:58,mlx5_2,0.000,0.000,336.582,214.080
2025-11-15 05:44:58,mlx5_3,0.000,0.000,0.000,0.000
2025-11-15 05:44:58,mlx5_4,0.000,0.000,0.000,0.000
2025-11-15 05:44:58,mlx5_5,0.000,0.000,0.000,0.000
2025-11-15 05:44:58,mlx5_6,0.000,0.000,0.000,0.000
2025-11-15 05:44:58,mlx5_7,0.000,0.000,0.000,0.000
2025-11-15 05:44:58,mlx5_8,0.000,0.000,0.000,0.000
2025-11-15 05:44:58,mlx5_9,0.000,0.000,335.873,210.512
2025-11-15 05:44:58,TOTAL,0.000,0.000,1007.784,632.998
2025-11-15 05:44:59,mlx5_0,0.000,0.000,0.000,0.000
2025-11-15 05:44:59,mlx5_1,12.476,7.996,336.894,209.410
2025-11-15 05:44:59,mlx5_2,12.495,7.779,338.150,215.056
2025-11-15 05:44:59,mlx5_3,0.000,0.000,0.000,0.000
2025-11-15 05:44:59,mlx5_4,0.000,0.000,0.000,0.000
2025-11-15 05:44:59,mlx5_5,0.000,0.000,0.000,0.000
2025-11-15 05:44:59,mlx5_6,0.000,0.000,0.000,0.000
2025-11-15 05:44:59,mlx5_7,0.000,0.000,0.000,0.000
2025-11-15 05:44:59,mlx5_8,0.000,0.000,0.000,0.000
2025-11-15 05:44:59,mlx5_9,12.348,8.018,337.422,211.518
2025-11-15 05:44:59,TOTAL,37.319,23.792,1012.466,635.984
2025-11-15 05:45:00,mlx5_0,0.000,0.000,0.000,0.000
2025-11-15 05:45:00,mlx5_1,0.043,29.916,336.900,213.166
2025-11-15 05:45:00,mlx5_2,0.044,30.346,338.156,218.865
2025-11-15 05:45:00,mlx5_3,0.000,0.000,0.000,0.000
2025-11-15 05:45:00,mlx5_4,0.000,0.000,0.000,0.000
2025-11-15 05:45:00,mlx5_5,0.000,0.000,0.000,0.000
2025-11-15 05:45:00,mlx5_6,0.000,0.000,0.000,0.000
2025-11-15 05:45:00,mlx5_7,0.000,0.000,0.000,0.000
2025-11-15 05:45:00,mlx5_8,0.000,0.000,0.000,0.000
2025-11-15 05:45:00,mlx5_9,0.044,29.935,337.428,215.276
2025-11-15 05:45:00,TOTAL,0.131,90.197,1012.483,647.307
2025-11-15 05:45:01,mlx5_0,0.000,0.000,0.000,0.000
2025-11-15 05:45:01,mlx5_1,0.000,0.000,336.900,213.166
2025-11-15 05:45:01,mlx5_2,0.000,0.000,338.156,218.865
2025-11-15 05:45:01,mlx5_3,0.000,0.000,0.000,0.000
2025-11-15 05:45:01,mlx5_4,0.000,0.000,0.000,0.000
2025-11-15 05:45:01,mlx5_5,0.000,0.000,0.000,0.000
2025-11-15 05:45:01,mlx5_6,0.000,0.000,0.000,0.000
2025-11-15 05:45:01,mlx5_7,0.000,0.000,0.000,0.000
2025-11-15 05:45:01,mlx5_8,0.000,0.000,0.000,0.000
2025-11-15 05:45:01,mlx5_9,0.000,0.000,337.428,215.276
2025-11-15 05:45:01,TOTAL,0.000,0.000,1012.483,647.307
2025-11-15 05:45:02,mlx5_0,0.000,0.000,0.000,0.000
2025-11-15 05:45:02,mlx5_1,0.000,0.000,336.900,213.166
2025-11-15 05:45:02,mlx5_2,0.000,0.000,338.156,218.865
2025-11-15 05:45:02,mlx5_3,0.000,0.000,0.000,0.000
2025-11-15 05:45:02,mlx5_4,0.000,0.000,0.000,0.000
2025-11-15 05:45:02,mlx5_5,0.000,0.000,0.000,0.000
2025-11-15 05:45:02,mlx5_6,0.000,0.000,0.000,0.000
2025-11-15 05:45:02,mlx5_7,0.000,0.000,0.000,0.000
2025-11-15 05:45:02,mlx5_8,0.000,0.000,0.000,0.000
2025-11-15 05:45:02,mlx5_9,0.000,0.000,337.428,215.276
2025-11-15 05:45:02,TOTAL,0.000,0.000,1012.483,647.307
2025-11-15 05:45:03,mlx5_0,0.000,0.000,0.000,0.000
2025-11-15 05:45:03,mlx5_1,0.000,0.000,336.900,213.166
2025-11-15 05:45:03,mlx5_2,0.000,0.000,338.156,218.865
2025-11-15 05:45:03,mlx5_3,0.000,0.000,0.000,0.000
2025-11-15 05:45:03,mlx5_4,0.000,0.000,0.000,0.000
2025-11-15 05:45:03,mlx5_5,0.000,0.000,0.000,0.000
2025-11-15 05:45:03,mlx5_6,0.000,0.000,0.000,0.000
2025-11-15 05:45:03,mlx5_7,0.000,0.000,0.000,0.000
2025-11-15 05:45:03,mlx5_8,0.000,0.000,0.000,0.000
2025-11-15 05:45:03,mlx5_9,0.000,0.000,337.428,215.276
2025-11-15 05:45:03,TOTAL,0.000,0.000,1012.483,647.307
2025-11-15 05:45:04,mlx5_0,0.000,0.000,0.000,0.000
2025-11-15 05:45:04,mlx5_1,12.707,0.017,338.494,213.168
2025-11-15 05:45:04,mlx5_2,12.629,0.017,339.740,218.867
2025-11-15 05:45:04,mlx5_3,0.000,0.000,0.000,0.000
2025-11-15 05:45:04,mlx5_4,0.000,0.000,0.000,0.000
2025-11-15 05:45:04,mlx5_5,0.000,0.000,0.000,0.000
2025-11-15 05:45:04,mlx5_6,0.000,0.000,0.000,0.000
2025-11-15 05:45:04,mlx5_7,0.000,0.000,0.000,0.000
2025-11-15 05:45:04,mlx5_8,0.000,0.000,0.000,0.000
2025-11-15 05:45:04,mlx5_9,12.671,0.017,339.017,215.278
2025-11-15 05:45:04,TOTAL,38.006,0.052,1017.251,647.314
2025-11-15 05:45:05,mlx5_0,0.000,0.000,0.000,0.000
2025-11-15 05:45:05,mlx5_1,0.000,0.000,338.494,213.168
2025-11-15 05:45:05,mlx5_2,0.000,0.000,339.740,218.867
2025-11-15 05:45:05,mlx5_3,0.000,0.000,0.000,0.000
2025-11-15 05:45:05,mlx5_4,0.000,0.000,0.000,0.000
2025-11-15 05:45:05,mlx5_5,0.000,0.000,0.000,0.000
2025-11-15 05:45:05,mlx5_6,0.000,0.000,0.000,0.000
2025-11-15 05:45:05,mlx5_7,0.000,0.000,0.000,0.000
2025-11-15 05:45:05,mlx5_8,0.000,0.000,0.000,0.000
2025-11-15 05:45:05,mlx5_9,0.000,0.000,339.017,215.278
2025-11-15 05:45:05,TOTAL,0.000,0.000,1017.251,647.314
2025-11-15 05:45:06,mlx5_0,0.000,0.000,0.000,0.000
2025-11-15 05:45:06,mlx5_1,0.000,0.000,338.494,213.168
2025-11-15 05:45:06,mlx5_2,0.000,0.000,339.740,218.867
2025-11-15 05:45:06,mlx5_3,0.000,0.000,0.000,0.000
2025-11-15 05:45:06,mlx5_4,0.000,0.000,0.000,0.000
2025-11-15 05:45:06,mlx5_5,0.000,0.000,0.000,0.000
2025-11-15 05:45:06,mlx5_6,0.000,0.000,0.000,0.000
2025-11-15 05:45:06,mlx5_7,0.000,0.000,0.000,0.000
2025-11-15 05:45:06,mlx5_8,0.000,0.000,0.000,0.000
2025-11-15 05:45:06,mlx5_9,0.000,0.000,339.017,215.278
2025-11-15 05:45:06,TOTAL,0.000,0.000,1017.251,647.314
2025-11-15 05:45:07,mlx5_0,0.000,0.000,0.000,0.000
2025-11-15 05:45:07,mlx5_1,12.021,0.016,340.002,213.170
2025-11-15 05:45:07,mlx5_2,11.900,0.016,341.233,218.869
2025-11-15 05:45:07,mlx5_3,0.000,0.000,0.000,0.000
2025-11-15 05:45:07,mlx5_4,0.000,0.000,0.000,0.000
2025-11-15 05:45:07,mlx5_5,0.000,0.000,0.000,0.000
2025-11-15 05:45:07,mlx5_6,0.000,0.000,0.000,0.000
2025-11-15 05:45:07,mlx5_7,0.000,0.000,0.000,0.000
2025-11-15 05:45:07,mlx5_8,0.000,0.000,0.000,0.000
2025-11-15 05:45:07,mlx5_9,12.137,0.016,340.539,215.280
2025-11-15 05:45:07,TOTAL,36.058,0.049,1021.774,647.320
2025-11-15 05:45:08,mlx5_0,0.000,0.000,0.000,0.000
2025-11-15 05:45:08,mlx5_1,0.433,0.001,340.056,213.170
2025-11-15 05:45:08,mlx5_2,0.399,0.001,341.283,218.870
2025-11-15 05:45:08,mlx5_3,0.000,0.000,0.000,0.000
2025-11-15 05:45:08,mlx5_4,0.000,0.000,0.000,0.000
2025-11-15 05:45:08,mlx5_5,0.000,0.000,0.000,0.000
2025-11-15 05:45:08,mlx5_6,0.000,0.000,0.000,0.000
2025-11-15 05:45:08,mlx5_7,0.000,0.000,0.000,0.000
2025-11-15 05:45:08,mlx5_8,0.000,0.000,0.000,0.000
2025-11-15 05:45:08,mlx5_9,0.397,0.001,340.589,215.280
2025-11-15 05:45:08,TOTAL,1.229,0.002,1021.928,647.320
2025-11-15 05:45:09,mlx5_0,0.000,0.000,0.000,0.000
2025-11-15 05:45:09,mlx5_1,0.000,0.000,340.056,213.170
2025-11-15 05:45:09,mlx5_2,0.000,0.000,341.283,218.870
2025-11-15 05:45:09,mlx5_3,0.000,0.000,0.000,0.000
2025-11-15 05:45:09,mlx5_4,0.000,0.000,0.000,0.000
2025-11-15 05:45:09,mlx5_5,0.000,0.000,0.000,0.000
2025-11-15 05:45:09,mlx5_6,0.000,0.000,0.000,0.000
2025-11-15 05:45:09,mlx5_7,0.000,0.000,0.000,0.000
2025-11-15 05:45:09,mlx5_8,0.000,0.000,0.000,0.000
2025-11-15 05:45:09,mlx5_9,0.000,0.000,340.589,215.280
2025-11-15 05:45:09,TOTAL,0.000,0.000,1021.928,647.320
2025-11-15 05:45:10,mlx5_0,0.000,0.000,0.000,0.000
2025-11-15 05:45:10,mlx5_1,0.000,0.000,340.056,213.170
2025-11-15 05:45:10,mlx5_2,0.000,0.000,341.283,218.870
2025-11-15 05:45:10,mlx5_3,0.000,0.000,0.000,0.000
2025-11-15 05:45:10,mlx5_4,0.000,0.000,0.000,0.000
2025-11-15 05:45:10,mlx5_5,0.000,0.000,0.000,0.000
2025-11-15 05:45:10,mlx5_6,0.000,0.000,0.000,0.000
2025-11-15 05:45:10,mlx5_7,0.000,0.000,0.000,0.000
2025-11-15 05:45:10,mlx5_8,0.000,0.000,0.000,0.000
2025-11-15 05:45:10,mlx5_9,0.000,0.000,340.589,215.280
2025-11-15 05:45:10,TOTAL,0.000,0.000,1021.928,647.320
2025-11-15 05:45:11,mlx5_0,0.000,0.000,0.000,0.000
2025-11-15 05:45:11,mlx5_1,12.413,0.017,341.613,213.172
2025-11-15 05:45:11,mlx5_2,12.560,0.017,342.859,218.872
2025-11-15 05:45:11,mlx5_3,0.000,0.000,0.000,0.000
2025-11-15 05:45:11,mlx5_4,0.000,0.000,0.000,0.000
2025-11-15 05:45:11,mlx5_5,0.000,0.000,0.000,0.000
2025-11-15 05:45:11,mlx5_6,0.000,0.000,0.000,0.000
2025-11-15 05:45:11,mlx5_7,0.000,0.000,0.000,0.000
2025-11-15 05:45:11,mlx5_8,0.000,0.000,0.000,0.000
2025-11-15 05:45:11,mlx5_9,12.300,0.017,342.133,215.282
2025-11-15 05:45:11,TOTAL,37.272,0.051,1026.605,647.326
2025-11-15 05:45:12,mlx5_0,0.000,0.000,0.000,0.000
2025-11-15 05:45:12,mlx5_1,0.000,0.000,341.613,213.172
2025-11-15 05:45:12,mlx5_2,0.000,0.000,342.859,218.872
2025-11-15 05:45:12,mlx5_3,0.000,0.000,0.000,0.000
2025-11-15 05:45:12,mlx5_4,0.000,0.000,0.000,0.000
2025-11-15 05:45:12,mlx5_5,0.000,0.000,0.000,0.000
2025-11-15 05:45:12,mlx5_6,0.000,0.000,0.000,0.000
2025-11-15 05:45:12,mlx5_7,0.000,0.000,0.000,0.000
2025-11-15 05:45:12,mlx5_8,0.000,0.000,0.000,0.000
2025-11-15 05:45:12,mlx5_9,0.000,0.000,342.133,215.282
2025-11-15 05:45:12,TOTAL,0.000,0.000,1026.605,647.326
2025-11-15 05:45:13,mlx5_0,0.000,0.000,0.000,0.000
2025-11-15 05:45:13,mlx5_1,0.000,0.000,341.613,213.172
2025-11-15 05:45:13,mlx5_2,0.000,0.000,342.859,218.872
2025-11-15 05:45:13,mlx5_3,0.000,0.000,0.000,0.000
2025-11-15 05:45:13,mlx5_4,0.000,0.000,0.000,0.000
2025-11-15 05:45:13,mlx5_5,0.000,0.000,0.000,0.000
2025-11-15 05:45:13,mlx5_6,0.000,0.000,0.000,0.000
2025-11-15 05:45:13,mlx5_7,0.000,0.000,0.000,0.000
2025-11-15 05:45:13,mlx5_8,0.000,0.000,0.000,0.000
2025-11-15 05:45:13,mlx5_9,0.000,0.000,342.133,215.282
2025-11-15 05:45:13,TOTAL,0.000,0.000,1026.605,647.326
2025-11-15 05:45:14,mlx5_0,0.000,0.000,0.000,0.000
2025-11-15 05:45:14,mlx5_1,0.000,0.000,341.613,213.172
2025-11-15 05:45:14,mlx5_2,0.000,0.000,342.859,218.872
2025-11-15 05:45:14,mlx5_3,0.000,0.000,0.000,0.000
2025-11-15 05:45:14,mlx5_4,0.000,0.000,0.000,0.000
2025-11-15 05:45:14,mlx5_5,0.000,0.000,0.000,0.000
2025-11-15 05:45:14,mlx5_6,0.000,0.000,0.000,0.000
2025-11-15 05:45:14,mlx5_7,0.000,0.000,0.000,0.000
2025-11-15 05:45:14,mlx5_8,0.000,0.000,0.000,0.000
2025-11-15 05:45:14,mlx5_9,0.000,0.000,342.133,215.282
2025-11-15 05:45:14,TOTAL,0.000,0.000,1026.605,647.326
2025-11-15 05:45:15,mlx5_0,0.000,0.000,0.000,0.000
2025-11-15 05:45:15,mlx5_1,12.259,0.017,343.152,213.174
2025-11-15 05:45:15,mlx5_2,12.539,0.017,344.432,218.874
2025-11-15 05:45:15,mlx5_3,0.000,0.000,0.000,0.000
2025-11-15 05:45:15,mlx5_4,0.000,0.000,0.000,0.000
2025-11-15 05:45:15,mlx5_5,0.000,0.000,0.000,0.000
2025-11-15 05:45:15,mlx5_6,0.000,0.000,0.000,0.000
2025-11-15 05:45:15,mlx5_7,0.000,0.000,0.000,0.000
2025-11-15 05:45:15,mlx5_8,0.000,0.000,0.000,0.000
2025-11-15 05:45:15,mlx5_9,12.477,0.017,343.698,215.284
2025-11-15 05:45:15,TOTAL,37.275,0.051,1031.282,647.333
2025-11-15 05:45:16,mlx5_0,0.000,0.000,0.000,0.000
2025-11-15 05:45:16,mlx5_1,0.000,0.000,343.152,213.174
2025-11-15 05:45:16,mlx5_2,0.000,0.000,344.432,218.874
2025-11-15 05:45:16,mlx5_3,0.000,0.000,0.000,0.000
2025-11-15 05:45:16,mlx5_4,0.000,0.000,0.000,0.000
2025-11-15 05:45:16,mlx5_5,0.000,0.000,0.000,0.000
2025-11-15 05:45:16,mlx5_6,0.000,0.000,0.000,0.000
2025-11-15 05:45:16,mlx5_7,0.000,0.000,0.000,0.000
2025-11-15 05:45:16,mlx5_8,0.000,0.000,0.000,0.000
2025-11-15 05:45:16,mlx5_9,0.000,0.000,343.698,215.284
2025-11-15 05:45:16,TOTAL,0.000,0.000,1031.282,647.333
2025-11-15 05:45:17,mlx5_0,0.000,0.000,0.000,0.000
2025-11-15 05:45:17,mlx5_1,0.000,0.000,343.152,213.174
2025-11-15 05:45:17,mlx5_2,0.000,0.000,344.432,218.874
2025-11-15 05:45:17,mlx5_3,0.000,0.000,0.000,0.000
2025-11-15 05:45:17,mlx5_4,0.000,0.000,0.000,0.000
2025-11-15 05:45:17,mlx5_5,0.000,0.000,0.000,0.000
2025-11-15 05:45:17,mlx5_6,0.000,0.000,0.000,0.000
2025-11-15 05:45:17,mlx5_7,0.000,0.000,0.000,0.000
2025-11-15 05:45:17,mlx5_8,0.000,0.000,0.000,0.000
2025-11-15 05:45:17,mlx5_9,0.000,0.000,343.698,215.284
2025-11-15 05:45:17,TOTAL,0.000,0.000,1031.282,647.333
2025-11-15 05:45:18,mlx5_0,0.000,0.000,0.000,0.000
2025-11-15 05:45:18,mlx5_1,0.000,0.000,343.152,213.174
2025-11-15 05:45:18,mlx5_2,0.000,0.000,344.432,218.874
2025-11-15 05:45:18,mlx5_3,0.000,0.000,0.000,0.000
2025-11-15 05:45:18,mlx5_4,0.000,0.000,0.000,0.000
2025-11-15 05:45:18,mlx5_5,0.000,0.000,0.000,0.000
2025-11-15 05:45:18,mlx5_6,0.000,0.000,0.000,0.000
2025-11-15 05:45:18,mlx5_7,0.000,0.000,0.000,0.000
2025-11-15 05:45:18,mlx5_8,0.000,0.000,0.000,0.000
2025-11-15 05:45:18,mlx5_9,0.000,0.000,343.698,215.284
2025-11-15 05:45:18,TOTAL,0.000,0.000,1031.282,647.333
2025-11-15 05:45:19,mlx5_0,0.000,0.000,0.000,0.000
2025-11-15 05:45:19,mlx5_1,11.324,0.015,344.572,213.176
2025-11-15 05:45:19,mlx5_2,11.556,0.016,345.882,218.876
2025-11-15 05:45:19,mlx5_3,0.000,0.000,0.000,0.000
2025-11-15 05:45:19,mlx5_4,0.000,0.000,0.000,0.000
2025-11-15 05:45:19,mlx5_5,0.000,0.000,0.000,0.000
2025-11-15 05:45:19,mlx5_6,0.000,0.000,0.000,0.000
2025-11-15 05:45:19,mlx5_7,0.000,0.000,0.000,0.000
2025-11-15 05:45:19,mlx5_8,0.000,0.000,0.000,0.000
2025-11-15 05:45:19,mlx5_9,11.336,0.016,345.121,215.286
2025-11-15 05:45:19,TOTAL,34.216,0.046,1035.575,647.339
2025-11-15 05:45:20,mlx5_0,0.000,0.000,0.000,0.000
2025-11-15 05:45:20,mlx5_1,0.996,0.001,344.697,213.177
2025-11-15 05:45:20,mlx5_2,0.963,0.001,346.003,218.876
2025-11-15 05:45:20,mlx5_3,0.000,0.000,0.000,0.000
2025-11-15 05:45:20,mlx5_4,0.000,0.000,0.000,0.000
2025-11-15 05:45:20,mlx5_5,0.000,0.000,0.000,0.000
2025-11-15 05:45:20,mlx5_6,0.000,0.000,0.000,0.000
2025-11-15 05:45:20,mlx5_7,0.000,0.000,0.000,0.000
2025-11-15 05:45:20,mlx5_8,0.000,0.000,0.000,0.000
2025-11-15 05:45:20,mlx5_9,1.097,0.001,345.258,215.287
2025-11-15 05:45:20,TOTAL,3.057,0.004,1035.959,647.339
2025-11-15 05:45:21,mlx5_0,0.000,0.000,0.000,0.000
2025-11-15 05:45:21,mlx5_1,0.000,0.000,344.697,213.177
2025-11-15 05:45:21,mlx5_2,0.000,0.000,346.003,218.876
2025-11-15 05:45:21,mlx5_3,0.000,0.000,0.000,0.000
2025-11-15 05:45:21,mlx5_4,0.000,0.000,0.000,0.000
2025-11-15 05:45:21,mlx5_5,0.000,0.000,0.000,0.000
2025-11-15 05:45:21,mlx5_6,0.000,0.000,0.000,0.000
2025-11-15 05:45:21,mlx5_7,0.000,0.000,0.000,0.000
2025-11-15 05:45:21,mlx5_8,0.000,0.000,0.000,0.000
2025-11-15 05:45:21,mlx5_9,0.000,0.000,345.258,215.287
2025-11-15 05:45:21,TOTAL,0.000,0.000,1035.959,647.339
2025-11-15 05:45:22,mlx5_0,0.000,0.000,0.000,0.000
2025-11-15 05:45:22,mlx5_1,0.000,0.000,344.697,213.177
2025-11-15 05:45:22,mlx5_2,0.000,0.000,346.003,218.876
2025-11-15 05:45:22,mlx5_3,0.000,0.000,0.000,0.000
2025-11-15 05:45:22,mlx5_4,0.000,0.000,0.000,0.000
2025-11-15 05:45:22,mlx5_5,0.000,0.000,0.000,0.000
2025-11-15 05:45:22,mlx5_6,0.000,0.000,0.000,0.000
2025-11-15 05:45:22,mlx5_7,0.000,0.000,0.000,0.000
2025-11-15 05:45:22,mlx5_8,0.000,0.000,0.000,0.000
2025-11-15 05:45:22,mlx5_9,0.000,0.000,345.258,215.287
2025-11-15 05:45:22,TOTAL,0.000,0.000,1035.959,647.339
2025-11-15 05:45:23,mlx5_0,0.000,0.000,0.000,0.000
2025-11-15 05:45:23,mlx5_1,0.000,0.000,344.697,213.177
2025-11-15 05:45:23,mlx5_2,0.000,0.000,346.003,218.876
2025-11-15 05:45:23,mlx5_3,0.000,0.000,0.000,0.000
2025-11-15 05:45:23,mlx5_4,0.000,0.000,0.000,0.000
2025-11-15 05:45:23,mlx5_5,0.000,0.000,0.000,0.000
2025-11-15 05:45:23,mlx5_6,0.000,0.000,0.000,0.000
2025-11-15 05:45:23,mlx5_7,0.000,0.000,0.000,0.000
2025-11-15 05:45:23,mlx5_8,0.000,0.000,0.000,0.000
2025-11-15 05:45:23,mlx5_9,0.000,0.000,345.258,215.287
2025-11-15 05:45:23,TOTAL,0.000,0.000,1035.959,647.339
2025-11-15 05:45:24,mlx5_0,0.000,0.000,0.000,0.000
2025-11-15 05:45:24,mlx5_1,12.443,16.087,346.259,215.195
2025-11-15 05:45:24,mlx5_2,12.474,16.610,347.568,220.960
2025-11-15 05:45:24,mlx5_3,0.000,0.000,0.000,0.000
2025-11-15 05:45:24,mlx5_4,0.000,0.000,0.000,0.000
2025-11-15 05:45:24,mlx5_5,0.000,0.000,0.000,0.000
2025-11-15 05:45:24,mlx5_6,0.000,0.000,0.000,0.000
2025-11-15 05:45:24,mlx5_7,0.000,0.000,0.000,0.000
2025-11-15 05:45:24,mlx5_8,0.000,0.000,0.000,0.000
2025-11-15 05:45:24,mlx5_9,12.435,16.333,346.819,217.336
2025-11-15 05:45:24,TOTAL,37.351,49.030,1040.646,653.491
2025-11-15 05:45:25,mlx5_0,0.000,0.000,0.000,0.000
2025-11-15 05:45:25,mlx5_1,0.049,35.216,346.265,219.616
2025-11-15 05:45:25,mlx5_2,0.050,35.450,347.575,225.410
2025-11-15 05:45:25,mlx5_3,0.000,0.000,0.000,0.000
2025-11-15 05:45:25,mlx5_4,0.000,0.000,0.000,0.000
2025-11-15 05:45:25,mlx5_5,0.000,0.000,0.000,0.000
2025-11-15 05:45:25,mlx5_6,0.000,0.000,0.000,0.000
2025-11-15 05:45:25,mlx5_7,0.000,0.000,0.000,0.000
2025-11-15 05:45:25,mlx5_8,0.000,0.000,0.000,0.000
2025-11-15 05:45:25,mlx5_9,0.050,35.129,346.825,221.746
2025-11-15 05:45:25,TOTAL,0.150,105.795,1040.664,666.771
2025-11-15 05:45:26,mlx5_0,0.000,0.000,0.000,0.000
2025-11-15 05:45:26,mlx5_1,0.000,0.000,346.265,219.616
2025-11-15 05:45:26,mlx5_2,0.000,0.000,347.575,225.410
2025-11-15 05:45:26,mlx5_3,0.000,0.000,0.000,0.000
2025-11-15 05:45:26,mlx5_4,0.000,0.000,0.000,0.000
2025-11-15 05:45:26,mlx5_5,0.000,0.000,0.000,0.000
2025-11-15 05:45:26,mlx5_6,0.000,0.000,0.000,0.000
2025-11-15 05:45:26,mlx5_7,0.000,0.000,0.000,0.000
2025-11-15 05:45:26,mlx5_8,0.000,0.000,0.000,0.000
2025-11-15 05:45:26,mlx5_9,0.000,0.000,346.825,221.746
2025-11-15 05:45:26,TOTAL,0.000,0.000,1040.664,666.771
2025-11-15 05:45:27,mlx5_0,0.000,0.000,0.000,0.000
2025-11-15 05:45:27,mlx5_1,0.000,0.000,346.265,219.616
2025-11-15 05:45:27,mlx5_2,0.000,0.000,347.575,225.410
2025-11-15 05:45:27,mlx5_3,0.000,0.000,0.000,0.000
2025-11-15 05:45:27,mlx5_4,0.000,0.000,0.000,0.000
2025-11-15 05:45:27,mlx5_5,0.000,0.000,0.000,0.000
2025-11-15 05:45:27,mlx5_6,0.000,0.000,0.000,0.000
2025-11-15 05:45:27,mlx5_7,0.000,0.000,0.000,0.000
2025-11-15 05:45:27,mlx5_8,0.000,0.000,0.000,0.000
2025-11-15 05:45:27,mlx5_9,0.000,0.000,346.825,221.746
2025-11-15 05:45:27,TOTAL,0.000,0.000,1040.664,666.771
2025-11-15 05:45:28,mlx5_0,0.000,0.000,0.000,0.000
2025-11-15 05:45:28,mlx5_1,0.000,0.000,346.265,219.616
2025-11-15 05:45:28,mlx5_2,0.000,0.000,347.575,225.410
2025-11-15 05:45:28,mlx5_3,0.000,0.000,0.000,0.000
2025-11-15 05:45:28,mlx5_4,0.000,0.000,0.000,0.000
2025-11-15 05:45:28,mlx5_5,0.000,0.000,0.000,0.000
2025-11-15 05:45:28,mlx5_6,0.000,0.000,0.000,0.000
2025-11-15 05:45:28,mlx5_7,0.000,0.000,0.000,0.000
2025-11-15 05:45:28,mlx5_8,0.000,0.000,0.000,0.000
2025-11-15 05:45:28,mlx5_9,0.000,0.000,346.825,221.746
2025-11-15 05:45:28,TOTAL,0.000,0.000,1040.664,666.771
2025-11-15 05:45:29,mlx5_0,0.000,0.000,0.000,0.000
2025-11-15 05:45:29,mlx5_1,12.600,0.017,347.846,219.618
2025-11-15 05:45:29,mlx5_2,12.726,0.017,349.172,225.412
2025-11-15 05:45:29,mlx5_3,0.000,0.000,0.000,0.000
2025-11-15 05:45:29,mlx5_4,0.000,0.000,0.000,0.000
2025-11-15 05:45:29,mlx5_5,0.000,0.000,0.000,0.000
2025-11-15 05:45:29,mlx5_6,0.000,0.000,0.000,0.000
2025-11-15 05:45:29,mlx5_7,0.000,0.000,0.000,0.000
2025-11-15 05:45:29,mlx5_8,0.000,0.000,0.000,0.000
2025-11-15 05:45:29,mlx5_9,12.673,0.017,348.415,221.748
2025-11-15 05:45:29,TOTAL,37.999,0.051,1045.433,666.778
2025-11-15 05:45:30,mlx5_0,0.000,0.000,0.000,0.000
2025-11-15 05:45:30,mlx5_1,0.000,0.000,347.846,219.618
2025-11-15 05:45:30,mlx5_2,0.000,0.000,349.172,225.412
2025-11-15 05:45:30,mlx5_3,0.000,0.000,0.000,0.000
2025-11-15 05:45:30,mlx5_4,0.000,0.000,0.000,0.000
2025-11-15 05:45:30,mlx5_5,0.000,0.000,0.000,0.000
2025-11-15 05:45:30,mlx5_6,0.000,0.000,0.000,0.000
2025-11-15 05:45:30,mlx5_7,0.000,0.000,0.000,0.000
2025-11-15 05:45:30,mlx5_8,0.000,0.000,0.000,0.000
2025-11-15 05:45:30,mlx5_9,0.000,0.000,348.415,221.748
2025-11-15 05:45:30,TOTAL,0.000,0.000,1045.433,666.778
2025-11-15 05:45:31,mlx5_0,0.000,0.000,0.000,0.000
2025-11-15 05:45:31,mlx5_1,0.000,0.000,347.846,219.618
2025-11-15 05:45:31,mlx5_2,0.000,0.000,349.172,225.412
2025-11-15 05:45:31,mlx5_3,0.000,0.000,0.000,0.000
2025-11-15 05:45:31,mlx5_4,0.000,0.000,0.000,0.000
2025-11-15 05:45:31,mlx5_5,0.000,0.000,0.000,0.000
2025-11-15 05:45:31,mlx5_6,0.000,0.000,0.000,0.000
2025-11-15 05:45:31,mlx5_7,0.000,0.000,0.000,0.000
2025-11-15 05:45:31,mlx5_8,0.000,0.000,0.000,0.000
2025-11-15 05:45:31,mlx5_9,0.000,0.000,348.415,221.748
2025-11-15 05:45:31,TOTAL,0.000,0.000,1045.433,666.778
2025-11-15 05:45:32,mlx5_0,0.000,0.000,0.000,0.000
2025-11-15 05:45:32,mlx5_1,9.358,0.013,349.020,219.619
2025-11-15 05:45:32,mlx5_2,9.628,0.013,350.380,225.414
2025-11-15 05:45:32,mlx5_3,0.000,0.000,0.000,0.000
2025-11-15 05:45:32,mlx5_4,0.000,0.000,0.000,0.000
2025-11-15 05:45:32,mlx5_5,0.000,0.000,0.000,0.000
2025-11-15 05:45:32,mlx5_6,0.000,0.000,0.000,0.000
2025-11-15 05:45:32,mlx5_7,0.000,0.000,0.000,0.000
2025-11-15 05:45:32,mlx5_8,0.000,0.000,0.000,0.000
2025-11-15 05:45:32,mlx5_9,9.555,0.013,349.614,221.750
2025-11-15 05:45:32,TOTAL,28.541,0.039,1049.014,666.783
2025-11-15 05:45:33,mlx5_0,0.000,0.000,0.000,0.000
2025-11-15 05:45:33,mlx5_1,2.846,0.004,349.377,219.620
2025-11-15 05:45:33,mlx5_2,2.834,0.004,350.735,225.414
2025-11-15 05:45:33,mlx5_3,0.000,0.000,0.000,0.000
2025-11-15 05:45:33,mlx5_4,0.000,0.000,0.000,0.000
2025-11-15 05:45:33,mlx5_5,0.000,0.000,0.000,0.000
2025-11-15 05:45:33,mlx5_6,0.000,0.000,0.000,0.000
2025-11-15 05:45:33,mlx5_7,0.000,0.000,0.000,0.000
2025-11-15 05:45:33,mlx5_8,0.000,0.000,0.000,0.000
2025-11-15 05:45:33,mlx5_9,3.053,0.004,349.997,221.750
2025-11-15 05:45:33,TOTAL,8.733,0.011,1050.110,666.784
2025-11-15 05:45:34,mlx5_0,0.000,0.000,0.000,0.000
2025-11-15 05:45:34,mlx5_1,0.000,0.000,349.377,219.620
2025-11-15 05:45:34,mlx5_2,0.000,0.000,350.735,225.414
2025-11-15 05:45:34,mlx5_3,0.000,0.000,0.000,0.000
2025-11-15 05:45:34,mlx5_4,0.000,0.000,0.000,0.000
2025-11-15 05:45:34,mlx5_5,0.000,0.000,0.000,0.000
2025-11-15 05:45:34,mlx5_6,0.000,0.000,0.000,0.000
2025-11-15 05:45:34,mlx5_7,0.000,0.000,0.000,0.000
2025-11-15 05:45:34,mlx5_8,0.000,0.000,0.000,0.000
2025-11-15 05:45:34,mlx5_9,0.000,0.000,349.997,221.750
2025-11-15 05:45:34,TOTAL,0.000,0.000,1050.110,666.784
2025-11-15 05:45:35,mlx5_0,0.000,0.000,0.000,0.000
2025-11-15 05:45:35,mlx5_1,0.000,0.000,349.377,219.620
2025-11-15 05:45:35,mlx5_2,0.000,0.000,350.735,225.414
2025-11-15 05:45:35,mlx5_3,0.000,0.000,0.000,0.000
2025-11-15 05:45:35,mlx5_4,0.000,0.000,0.000,0.000
2025-11-15 05:45:35,mlx5_5,0.000,0.000,0.000,0.000
2025-11-15 05:45:35,mlx5_6,0.000,0.000,0.000,0.000
2025-11-15 05:45:35,mlx5_7,0.000,0.000,0.000,0.000
2025-11-15 05:45:35,mlx5_8,0.000,0.000,0.000,0.000
2025-11-15 05:45:35,mlx5_9,0.000,0.000,349.997,221.750
2025-11-15 05:45:35,TOTAL,0.000,0.000,1050.110,666.784
2025-11-15 05:45:36,mlx5_0,0.000,0.000,0.000,0.000
2025-11-15 05:45:36,mlx5_1,12.395,0.017,350.932,219.622
2025-11-15 05:45:36,mlx5_2,12.494,0.017,352.303,225.417
2025-11-15 05:45:36,mlx5_3,0.000,0.000,0.000,0.000
2025-11-15 05:45:36,mlx5_4,0.000,0.000,0.000,0.000
2025-11-15 05:45:36,mlx5_5,0.000,0.000,0.000,0.000
2025-11-15 05:45:36,mlx5_6,0.000,0.000,0.000,0.000
2025-11-15 05:45:36,mlx5_7,0.000,0.000,0.000,0.000
2025-11-15 05:45:36,mlx5_8,0.000,0.000,0.000,0.000
2025-11-15 05:45:36,mlx5_9,12.389,0.017,351.551,221.752
2025-11-15 05:45:36,TOTAL,37.278,0.050,1054.786,666.791
2025-11-15 05:45:37,mlx5_0,0.000,0.000,0.000,0.000
2025-11-15 05:45:37,mlx5_1,0.000,0.000,350.932,219.622
2025-11-15 05:45:37,mlx5_2,0.000,0.000,352.303,225.417
2025-11-15 05:45:37,mlx5_3,0.000,0.000,0.000,0.000
2025-11-15 05:45:37,mlx5_4,0.000,0.000,0.000,0.000
2025-11-15 05:45:37,mlx5_5,0.000,0.000,0.000,0.000
2025-11-15 05:45:37,mlx5_6,0.000,0.000,0.000,0.000
2025-11-15 05:45:37,mlx5_7,0.000,0.000,0.000,0.000
2025-11-15 05:45:37,mlx5_8,0.000,0.000,0.000,0.000
2025-11-15 05:45:37,mlx5_9,0.000,0.000,351.551,221.752
2025-11-15 05:45:37,TOTAL,0.000,0.000,1054.786,666.791
2025-11-15 05:45:38,mlx5_0,0.000,0.000,0.000,0.000
2025-11-15 05:45:38,mlx5_1,0.000,0.000,350.932,219.622
2025-11-15 05:45:38,mlx5_2,0.000,0.000,352.303,225.417
2025-11-15 05:45:38,mlx5_3,0.000,0.000,0.000,0.000
2025-11-15 05:45:38,mlx5_4,0.000,0.000,0.000,0.000
2025-11-15 05:45:38,mlx5_5,0.000,0.000,0.000,0.000
2025-11-15 05:45:38,mlx5_6,0.000,0.000,0.000,0.000
2025-11-15 05:45:38,mlx5_7,0.000,0.000,0.000,0.000
2025-11-15 05:45:38,mlx5_8,0.000,0.000,0.000,0.000
2025-11-15 05:45:38,mlx5_9,0.000,0.000,351.551,221.752
2025-11-15 05:45:38,TOTAL,0.000,0.000,1054.786,666.791
2025-11-15 05:45:39,mlx5_0,0.000,0.000,0.000,0.000
2025-11-15 05:45:39,mlx5_1,0.000,0.000,350.932,219.622
2025-11-15 05:45:39,mlx5_2,0.000,0.000,352.303,225.417
2025-11-15 05:45:39,mlx5_3,0.000,0.000,0.000,0.000
2025-11-15 05:45:39,mlx5_4,0.000,0.000,0.000,0.000
2025-11-15 05:45:39,mlx5_5,0.000,0.000,0.000,0.000
2025-11-15 05:45:39,mlx5_6,0.000,0.000,0.000,0.000
2025-11-15 05:45:39,mlx5_7,0.000,0.000,0.000,0.000
2025-11-15 05:45:39,mlx5_8,0.000,0.000,0.000,0.000
2025-11-15 05:45:39,mlx5_9,0.000,0.000,351.551,221.752
2025-11-15 05:45:39,TOTAL,0.000,0.000,1054.786,666.791
2025-11-15 05:45:40,mlx5_0,0.000,0.000,0.000,0.000
2025-11-15 05:45:40,mlx5_1,12.257,0.017,352.470,219.624
2025-11-15 05:45:40,mlx5_2,12.344,0.017,353.852,225.419
2025-11-15 05:45:40,mlx5_3,0.000,0.000,0.000,0.000
2025-11-15 05:45:40,mlx5_4,0.000,0.000,0.000,0.000
2025-11-15 05:45:40,mlx5_5,0.000,0.000,0.000,0.000
2025-11-15 05:45:40,mlx5_6,0.000,0.000,0.000,0.000
2025-11-15 05:45:40,mlx5_7,0.000,0.000,0.000,0.000
2025-11-15 05:45:40,mlx5_8,0.000,0.000,0.000,0.000
2025-11-15 05:45:40,mlx5_9,12.669,0.017,353.141,221.754
2025-11-15 05:45:40,TOTAL,37.269,0.050,1059.463,666.797
2025-11-15 05:45:41,mlx5_0,0.000,0.000,0.000,0.000
2025-11-15 05:45:41,mlx5_1,0.000,0.000,352.470,219.624
2025-11-15 05:45:41,mlx5_2,0.000,0.000,353.852,225.419
2025-11-15 05:45:41,mlx5_3,0.000,0.000,0.000,0.000
2025-11-15 05:45:41,mlx5_4,0.000,0.000,0.000,0.000
2025-11-15 05:45:41,mlx5_5,0.000,0.000,0.000,0.000
2025-11-15 05:45:41,mlx5_6,0.000,0.000,0.000,0.000
2025-11-15 05:45:41,mlx5_7,0.000,0.000,0.000,0.000
2025-11-15 05:45:41,mlx5_8,0.000,0.000,0.000,0.000
2025-11-15 05:45:41,mlx5_9,0.000,0.000,353.141,221.754
2025-11-15 05:45:41,TOTAL,0.000,0.000,1059.463,666.797
2025-11-15 05:45:42,mlx5_0,0.000,0.000,0.000,0.000
2025-11-15 05:45:42,mlx5_1,0.000,0.000,352.470,219.624
2025-11-15 05:45:42,mlx5_2,0.000,0.000,353.852,225.419
2025-11-15 05:45:42,mlx5_3,0.000,0.000,0.000,0.000
2025-11-15 05:45:42,mlx5_4,0.000,0.000,0.000,0.000
2025-11-15 05:45:42,mlx5_5,0.000,0.000,0.000,0.000
2025-11-15 05:45:42,mlx5_6,0.000,0.000,0.000,0.000
2025-11-15 05:45:42,mlx5_7,0.000,0.000,0.000,0.000
2025-11-15 05:45:42,mlx5_8,0.000,0.000,0.000,0.000
2025-11-15 05:45:42,mlx5_9,0.000,0.000,353.141,221.754
2025-11-15 05:45:42,TOTAL,0.000,0.000,1059.463,666.797
2025-11-15 05:45:43,mlx5_0,0.000,0.000,0.000,0.000
2025-11-15 05:45:43,mlx5_1,0.000,0.000,352.470,219.624
2025-11-15 05:45:43,mlx5_2,0.000,0.000,353.852,225.419
2025-11-15 05:45:43,mlx5_3,0.000,0.000,0.000,0.000
2025-11-15 05:45:43,mlx5_4,0.000,0.000,0.000,0.000
2025-11-15 05:45:43,mlx5_5,0.000,0.000,0.000,0.000
2025-11-15 05:45:43,mlx5_6,0.000,0.000,0.000,0.000
2025-11-15 05:45:43,mlx5_7,0.000,0.000,0.000,0.000
2025-11-15 05:45:43,mlx5_8,0.000,0.000,0.000,0.000
2025-11-15 05:45:43,mlx5_9,0.000,0.000,353.141,221.754
2025-11-15 05:45:43,TOTAL,0.000,0.000,1059.463,666.797
2025-11-15 05:45:44,mlx5_0,0.000,0.000,0.000,0.000
2025-11-15 05:45:44,mlx5_1,11.205,0.015,353.876,219.626
2025-11-15 05:45:44,mlx5_2,11.354,0.015,355.276,225.421
2025-11-15 05:45:44,mlx5_3,0.000,0.000,0.000,0.000
2025-11-15 05:45:44,mlx5_4,0.000,0.000,0.000,0.000
2025-11-15 05:45:44,mlx5_5,0.000,0.000,0.000,0.000
2025-11-15 05:45:44,mlx5_6,0.000,0.000,0.000,0.000
2025-11-15 05:45:44,mlx5_7,0.000,0.000,0.000,0.000
2025-11-15 05:45:44,mlx5_8,0.000,0.000,0.000,0.000
2025-11-15 05:45:44,mlx5_9,11.256,0.015,354.553,221.756
2025-11-15 05:45:44,TOTAL,33.815,0.046,1063.706,666.803
2025-11-15 05:45:45,mlx5_0,0.000,0.000,0.000,0.000
2025-11-15 05:45:45,mlx5_1,1.160,0.002,354.022,219.626
2025-11-15 05:45:45,mlx5_2,1.177,0.002,355.424,225.421
2025-11-15 05:45:45,mlx5_3,0.000,0.000,0.000,0.000
2025-11-15 05:45:45,mlx5_4,0.000,0.000,0.000,0.000
2025-11-15 05:45:45,mlx5_5,0.000,0.000,0.000,0.000
2025-11-15 05:45:45,mlx5_6,0.000,0.000,0.000,0.000
2025-11-15 05:45:45,mlx5_7,0.000,0.000,0.000,0.000
2025-11-15 05:45:45,mlx5_8,0.000,0.000,0.000,0.000
2025-11-15 05:45:45,mlx5_9,1.125,0.001,354.695,221.756
2025-11-15 05:45:45,TOTAL,3.461,0.005,1064.140,666.803
2025-11-15 05:45:46,mlx5_0,0.000,0.000,0.000,0.000
2025-11-15 05:45:46,mlx5_1,0.000,0.000,354.022,219.626
2025-11-15 05:45:46,mlx5_2,0.000,0.000,355.424,225.421
2025-11-15 05:45:46,mlx5_3,0.000,0.000,0.000,0.000
2025-11-15 05:45:46,mlx5_4,0.000,0.000,0.000,0.000
2025-11-15 05:45:46,mlx5_5,0.000,0.000,0.000,0.000
2025-11-15 05:45:46,mlx5_6,0.000,0.000,0.000,0.000
2025-11-15 05:45:46,mlx5_7,0.000,0.000,0.000,0.000
2025-11-15 05:45:46,mlx5_8,0.000,0.000,0.000,0.000
2025-11-15 05:45:46,mlx5_9,0.000,0.000,354.695,221.756
2025-11-15 05:45:46,TOTAL,0.000,0.000,1064.140,666.803
2025-11-15 05:45:47,mlx5_0,0.000,0.000,0.000,0.000
2025-11-15 05:45:47,mlx5_1,0.000,0.000,354.022,219.626
2025-11-15 05:45:47,mlx5_2,0.000,0.000,355.424,225.421
2025-11-15 05:45:47,mlx5_3,0.000,0.000,0.000,0.000
2025-11-15 05:45:47,mlx5_4,0.000,0.000,0.000,0.000
2025-11-15 05:45:47,mlx5_5,0.000,0.000,0.000,0.000
2025-11-15 05:45:47,mlx5_6,0.000,0.000,0.000,0.000
2025-11-15 05:45:47,mlx5_7,0.000,0.000,0.000,0.000
2025-11-15 05:45:47,mlx5_8,0.000,0.000,0.000,0.000
2025-11-15 05:45:47,mlx5_9,0.000,0.000,354.695,221.756
2025-11-15 05:45:47,TOTAL,0.000,0.000,1064.140,666.803
2025-11-15 05:45:48,mlx5_0,0.000,0.000,0.000,0.000
2025-11-15 05:45:48,mlx5_1,0.000,0.000,354.022,219.626
2025-11-15 05:45:48,mlx5_2,0.000,0.000,355.424,225.421
2025-11-15 05:45:48,mlx5_3,0.000,0.000,0.000,0.000
2025-11-15 05:45:48,mlx5_4,0.000,0.000,0.000,0.000
2025-11-15 05:45:48,mlx5_5,0.000,0.000,0.000,0.000
2025-11-15 05:45:48,mlx5_6,0.000,0.000,0.000,0.000
2025-11-15 05:45:48,mlx5_7,0.000,0.000,0.000,0.000
2025-11-15 05:45:48,mlx5_8,0.000,0.000,0.000,0.000
2025-11-15 05:45:48,mlx5_9,0.000,0.000,354.695,221.756
2025-11-15 05:45:48,TOTAL,0.000,0.000,1064.140,666.803
2025-11-15 05:45:49,mlx5_0,0.000,0.000,0.000,0.000
2025-11-15 05:45:49,mlx5_1,12.428,19.091,355.580,222.020
2025-11-15 05:45:49,mlx5_2,12.425,19.443,356.982,227.859
2025-11-15 05:45:49,mlx5_3,0.000,0.000,0.000,0.000
2025-11-15 05:45:49,mlx5_4,0.000,0.000,0.000,0.000
2025-11-15 05:45:49,mlx5_5,0.000,0.000,0.000,0.000
2025-11-15 05:45:49,mlx5_6,0.000,0.000,0.000,0.000
2025-11-15 05:45:49,mlx5_7,0.000,0.000,0.000,0.000
2025-11-15 05:45:49,mlx5_8,0.000,0.000,0.000,0.000
2025-11-15 05:45:49,mlx5_9,12.538,19.343,356.267,224.182
2025-11-15 05:45:49,TOTAL,37.390,57.876,1068.829,674.060
2025-11-15 05:45:50,mlx5_0,0.000,0.000,0.000,0.000
2025-11-15 05:45:50,mlx5_1,0.045,32.345,355.586,226.079
2025-11-15 05:45:50,mlx5_2,0.046,32.715,356.988,231.965
2025-11-15 05:45:50,mlx5_3,0.000,0.000,0.000,0.000
2025-11-15 05:45:50,mlx5_4,0.000,0.000,0.000,0.000
2025-11-15 05:45:50,mlx5_5,0.000,0.000,0.000,0.000
2025-11-15 05:45:50,mlx5_6,0.000,0.000,0.000,0.000
2025-11-15 05:45:50,mlx5_7,0.000,0.000,0.000,0.000
2025-11-15 05:45:50,mlx5_8,0.000,0.000,0.000,0.000
2025-11-15 05:45:50,mlx5_9,0.046,32.389,356.272,228.247
2025-11-15 05:45:50,TOTAL,0.137,97.448,1068.846,686.291
2025-11-15 05:45:51,mlx5_0,0.000,0.000,0.000,0.000
2025-11-15 05:45:51,mlx5_1,0.000,0.000,355.586,226.079
2025-11-15 05:45:51,mlx5_2,0.000,0.000,356.988,231.965
2025-11-15 05:45:51,mlx5_3,0.000,0.000,0.000,0.000
2025-11-15 05:45:51,mlx5_4,0.000,0.000,0.000,0.000
2025-11-15 05:45:51,mlx5_5,0.000,0.000,0.000,0.000
2025-11-15 05:45:51,mlx5_6,0.000,0.000,0.000,0.000
2025-11-15 05:45:51,mlx5_7,0.000,0.000,0.000,0.000
2025-11-15 05:45:51,mlx5_8,0.000,0.000,0.000,0.000
2025-11-15 05:45:51,mlx5_9,0.000,0.000,356.272,228.247
2025-11-15 05:45:51,TOTAL,0.000,0.000,1068.846,686.291
2025-11-15 05:45:52,mlx5_0,0.000,0.000,0.000,0.000
2025-11-15 05:45:52,mlx5_1,0.000,0.000,355.586,226.079
2025-11-15 05:45:52,mlx5_2,0.000,0.000,356.988,231.965
2025-11-15 05:45:52,mlx5_3,0.000,0.000,0.000,0.000
2025-11-15 05:45:52,mlx5_4,0.000,0.000,0.000,0.000
2025-11-15 05:45:52,mlx5_5,0.000,0.000,0.000,0.000
2025-11-15 05:45:52,mlx5_6,0.000,0.000,0.000,0.000
2025-11-15 05:45:52,mlx5_7,0.000,0.000,0.000,0.000
2025-11-15 05:45:52,mlx5_8,0.000,0.000,0.000,0.000
2025-11-15 05:45:52,mlx5_9,0.000,0.000,356.272,228.247
2025-11-15 05:45:52,TOTAL,0.000,0.000,1068.846,686.291
2025-11-15 05:45:53,mlx5_0,0.000,0.000,0.000,0.000
2025-11-15 05:45:53,mlx5_1,0.000,0.000,355.586,226.079
2025-11-15 05:45:53,mlx5_2,0.000,0.000,356.988,231.965
2025-11-15 05:45:53,mlx5_3,0.000,0.000,0.000,0.000
2025-11-15 05:45:53,mlx5_4,0.000,0.000,0.000,0.000
2025-11-15 05:45:53,mlx5_5,0.000,0.000,0.000,0.000
2025-11-15 05:45:53,mlx5_6,0.000,0.000,0.000,0.000
2025-11-15 05:45:53,mlx5_7,0.000,0.000,0.000,0.000
2025-11-15 05:45:53,mlx5_8,0.000,0.000,0.000,0.000
2025-11-15 05:45:53,mlx5_9,0.000,0.000,356.272,228.247
2025-11-15 05:45:53,TOTAL,0.000,0.000,1068.846,686.291
2025-11-15 05:45:55,mlx5_0,0.000,0.000,0.000,0.000
2025-11-15 05:45:55,mlx5_1,9.906,0.014,356.827,226.081
2025-11-15 05:45:55,mlx5_2,9.823,0.014,358.219,231.966
2025-11-15 05:45:55,mlx5_3,0.000,0.000,0.000,0.000
2025-11-15 05:45:55,mlx5_4,0.000,0.000,0.000,0.000
2025-11-15 05:45:55,mlx5_5,0.000,0.000,0.000,0.000
2025-11-15 05:45:55,mlx5_6,0.000,0.000,0.000,0.000
2025-11-15 05:45:55,mlx5_7,0.000,0.000,0.000,0.000
2025-11-15 05:45:55,mlx5_8,0.000,0.000,0.000,0.000
2025-11-15 05:45:55,mlx5_9,9.897,0.014,357.513,228.249
2025-11-15 05:45:55,TOTAL,29.626,0.041,1072.560,686.296
2025-11-15 05:45:56,mlx5_0,0.000,0.000,0.000,0.000
2025-11-15 05:45:56,mlx5_1,2.738,0.004,357.171,226.082
2025-11-15 05:45:56,mlx5_2,2.883,0.004,358.581,231.967
2025-11-15 05:45:56,mlx5_3,0.000,0.000,0.000,0.000
2025-11-15 05:45:56,mlx5_4,0.000,0.000,0.000,0.000
2025-11-15 05:45:56,mlx5_5,0.000,0.000,0.000,0.000
2025-11-15 05:45:56,mlx5_6,0.000,0.000,0.000,0.000
2025-11-15 05:45:56,mlx5_7,0.000,0.000,0.000,0.000
2025-11-15 05:45:56,mlx5_8,0.000,0.000,0.000,0.000
2025-11-15 05:45:56,mlx5_9,2.782,0.004,357.862,228.249
2025-11-15 05:45:56,TOTAL,8.403,0.011,1073.614,686.298
2025-11-15 05:45:57,mlx5_0,0.000,0.000,0.000,0.000
2025-11-15 05:45:57,mlx5_1,0.000,0.000,357.171,226.082
2025-11-15 05:45:57,mlx5_2,0.000,0.000,358.581,231.967
2025-11-15 05:45:57,mlx5_3,0.000,0.000,0.000,0.000
2025-11-15 05:45:57,mlx5_4,0.000,0.000,0.000,0.000
2025-11-15 05:45:57,mlx5_5,0.000,0.000,0.000,0.000
2025-11-15 05:45:57,mlx5_6,0.000,0.000,0.000,0.000
2025-11-15 05:45:57,mlx5_7,0.000,0.000,0.000,0.000
2025-11-15 05:45:57,mlx5_8,0.000,0.000,0.000,0.000
2025-11-15 05:45:57,mlx5_9,0.000,0.000,357.862,228.249
2025-11-15 05:45:57,TOTAL,0.000,0.000,1073.614,686.298
2025-11-15 05:45:58,mlx5_0,0.000,0.000,0.000,0.000
2025-11-15 05:45:58,mlx5_1,0.767,0.002,357.267,226.082
2025-11-15 05:45:58,mlx5_2,0.742,0.002,358.674,231.967
2025-11-15 05:45:58,mlx5_3,0.000,0.000,0.000,0.000
2025-11-15 05:45:58,mlx5_4,0.000,0.000,0.000,0.000
2025-11-15 05:45:58,mlx5_5,0.000,0.000,0.000,0.000
2025-11-15 05:45:58,mlx5_6,0.000,0.000,0.000,0.000
2025-11-15 05:45:58,mlx5_7,0.000,0.000,0.000,0.000
2025-11-15 05:45:58,mlx5_8,0.000,0.000,0.000,0.000
2025-11-15 05:45:58,mlx5_9,0.806,0.002,357.963,228.249
2025-11-15 05:45:58,TOTAL,2.314,0.005,1073.905,686.298
2025-11-15 05:45:59,mlx5_0,0.000,0.000,0.000,0.000
2025-11-15 05:45:59,mlx5_1,11.663,0.015,358.731,226.084
2025-11-15 05:45:59,mlx5_2,11.675,0.015,360.139,231.969
2025-11-15 05:45:59,mlx5_3,0.000,0.000,0.000,0.000
2025-11-15 05:45:59,mlx5_4,0.000,0.000,0.000,0.000
2025-11-15 05:45:59,mlx5_5,0.000,0.000,0.000,0.000
2025-11-15 05:45:59,mlx5_6,0.000,0.000,0.000,0.000
2025-11-15 05:45:59,mlx5_7,0.000,0.000,0.000,0.000
2025-11-15 05:45:59,mlx5_8,0.000,0.000,0.000,0.000
2025-11-15 05:45:59,mlx5_9,11.606,0.015,359.420,228.251
2025-11-15 05:45:59,TOTAL,34.944,0.045,1078.291,686.304
2025-11-15 05:46:00,mlx5_0,0.000,0.000,0.000,0.000
2025-11-15 05:46:00,mlx5_1,0.000,0.000,358.731,226.084
2025-11-15 05:46:00,mlx5_2,0.000,0.000,360.139,231.969
2025-11-15 05:46:00,mlx5_3,0.000,0.000,0.000,0.000
2025-11-15 05:46:00,mlx5_4,0.000,0.000,0.000,0.000
2025-11-15 05:46:00,mlx5_5,0.000,0.000,0.000,0.000
2025-11-15 05:46:00,mlx5_6,0.000,0.000,0.000,0.000
2025-11-15 05:46:00,mlx5_7,0.000,0.000,0.000,0.000
2025-11-15 05:46:00,mlx5_8,0.000,0.000,0.000,0.000
2025-11-15 05:46:00,mlx5_9,0.000,0.000,359.420,228.251
2025-11-15 05:46:00,TOTAL,0.000,0.000,1078.291,686.304
2025-11-15 05:46:01,mlx5_0,0.000,0.000,0.000,0.000
2025-11-15 05:46:01,mlx5_1,0.000,0.000,358.731,226.084
2025-11-15 05:46:01,mlx5_2,0.000,0.000,360.139,231.969
2025-11-15 05:46:01,mlx5_3,0.000,0.000,0.000,0.000
2025-11-15 05:46:01,mlx5_4,0.000,0.000,0.000,0.000
2025-11-15 05:46:01,mlx5_5,0.000,0.000,0.000,0.000
2025-11-15 05:46:01,mlx5_6,0.000,0.000,0.000,0.000
2025-11-15 05:46:01,mlx5_7,0.000,0.000,0.000,0.000
2025-11-15 05:46:01,mlx5_8,0.000,0.000,0.000,0.000
2025-11-15 05:46:01,mlx5_9,0.000,0.000,359.420,228.251
2025-11-15 05:46:01,TOTAL,0.000,0.000,1078.291,686.304
2025-11-15 05:46:02,mlx5_0,0.000,0.000,0.000,0.000
2025-11-15 05:46:02,mlx5_1,12.319,0.017,360.277,226.086
2025-11-15 05:46:02,mlx5_2,12.459,0.017,361.703,231.971
2025-11-15 05:46:02,mlx5_3,0.000,0.000,0.000,0.000
2025-11-15 05:46:02,mlx5_4,0.000,0.000,0.000,0.000
2025-11-15 05:46:02,mlx5_5,0.000,0.000,0.000,0.000
2025-11-15 05:46:02,mlx5_6,0.000,0.000,0.000,0.000
2025-11-15 05:46:02,mlx5_7,0.000,0.000,0.000,0.000
2025-11-15 05:46:02,mlx5_8,0.000,0.000,0.000,0.000
2025-11-15 05:46:02,mlx5_9,12.401,0.017,360.976,228.253
2025-11-15 05:46:02,TOTAL,37.180,0.050,1082.956,686.310
2025-11-15 05:46:03,mlx5_0,0.000,0.000,0.000,0.000
2025-11-15 05:46:03,mlx5_1,0.056,0.000,360.284,226.086
2025-11-15 05:46:03,mlx5_2,0.000,0.000,361.703,231.971
2025-11-15 05:46:03,mlx5_3,0.000,0.000,0.000,0.000
2025-11-15 05:46:03,mlx5_4,0.000,0.000,0.000,0.000
2025-11-15 05:46:03,mlx5_5,0.000,0.000,0.000,0.000
2025-11-15 05:46:03,mlx5_6,0.000,0.000,0.000,0.000
2025-11-15 05:46:03,mlx5_7,0.000,0.000,0.000,0.000
2025-11-15 05:46:03,mlx5_8,0.000,0.000,0.000,0.000
2025-11-15 05:46:03,mlx5_9,0.039,0.000,360.981,228.253
2025-11-15 05:46:03,TOTAL,0.095,0.000,1082.968,686.310
2025-11-15 05:46:04,mlx5_0,0.000,0.000,0.000,0.000
2025-11-15 05:46:04,mlx5_1,0.000,0.000,360.284,226.086
2025-11-15 05:46:04,mlx5_2,0.000,0.000,361.703,231.971
2025-11-15 05:46:04,mlx5_3,0.000,0.000,0.000,0.000
2025-11-15 05:46:04,mlx5_4,0.000,0.000,0.000,0.000
2025-11-15 05:46:04,mlx5_5,0.000,0.000,0.000,0.000
2025-11-15 05:46:04,mlx5_6,0.000,0.000,0.000,0.000
2025-11-15 05:46:04,mlx5_7,0.000,0.000,0.000,0.000
2025-11-15 05:46:04,mlx5_8,0.000,0.000,0.000,0.000
2025-11-15 05:46:04,mlx5_9,0.000,0.000,360.981,228.253
2025-11-15 05:46:04,TOTAL,0.000,0.000,1082.968,686.310
2025-11-15 05:46:05,mlx5_0,0.000,0.000,0.000,0.000
2025-11-15 05:46:05,mlx5_1,0.000,0.000,360.284,226.086
2025-11-15 05:46:05,mlx5_2,0.000,0.000,361.703,231.971
2025-11-15 05:46:05,mlx5_3,0.000,0.000,0.000,0.000
2025-11-15 05:46:05,mlx5_4,0.000,0.000,0.000,0.000
2025-11-15 05:46:05,mlx5_5,0.000,0.000,0.000,0.000
2025-11-15 05:46:05,mlx5_6,0.000,0.000,0.000,0.000
2025-11-15 05:46:05,mlx5_7,0.000,0.000,0.000,0.000
2025-11-15 05:46:05,mlx5_8,0.000,0.000,0.000,0.000
2025-11-15 05:46:05,mlx5_9,0.000,0.000,360.981,228.253
2025-11-15 05:46:05,TOTAL,0.000,0.000,1082.968,686.310
2025-11-15 05:46:06,mlx5_0,0.000,0.000,0.000,0.000
2025-11-15 05:46:06,mlx5_1,12.511,0.017,361.854,226.088
2025-11-15 05:46:06,mlx5_2,12.394,0.017,363.258,231.973
2025-11-15 05:46:06,mlx5_3,0.000,0.000,0.000,0.000
2025-11-15 05:46:06,mlx5_4,0.000,0.000,0.000,0.000
2025-11-15 05:46:06,mlx5_5,0.000,0.000,0.000,0.000
2025-11-15 05:46:06,mlx5_6,0.000,0.000,0.000,0.000
2025-11-15 05:46:06,mlx5_7,0.000,0.000,0.000,0.000
2025-11-15 05:46:06,mlx5_8,0.000,0.000,0.000,0.000
2025-11-15 05:46:06,mlx5_9,12.373,0.017,362.533,228.255
2025-11-15 05:46:06,TOTAL,37.277,0.050,1087.645,686.317
2025-11-15 05:46:07,mlx5_0,0.000,0.000,0.000,0.000
2025-11-15 05:46:07,mlx5_1,0.000,0.000,361.854,226.088
2025-11-15 05:46:07,mlx5_2,0.000,0.000,363.258,231.973
2025-11-15 05:46:07,mlx5_3,0.000,0.000,0.000,0.000
2025-11-15 05:46:07,mlx5_4,0.000,0.000,0.000,0.000
2025-11-15 05:46:07,mlx5_5,0.000,0.000,0.000,0.000
2025-11-15 05:46:07,mlx5_6,0.000,0.000,0.000,0.000
2025-11-15 05:46:07,mlx5_7,0.000,0.000,0.000,0.000
2025-11-15 05:46:07,mlx5_8,0.000,0.000,0.000,0.000
2025-11-15 05:46:07,mlx5_9,0.000,0.000,362.533,228.255
2025-11-15 05:46:07,TOTAL,0.000,0.000,1087.645,686.317
2025-11-15 05:46:08,mlx5_0,0.000,0.000,0.000,0.000
2025-11-15 05:46:08,mlx5_1,0.000,0.000,361.854,226.088
2025-11-15 05:46:08,mlx5_2,0.000,0.000,363.258,231.973
2025-11-15 05:46:08,mlx5_3,0.000,0.000,0.000,0.000
2025-11-15 05:46:08,mlx5_4,0.000,0.000,0.000,0.000
2025-11-15 05:46:08,mlx5_5,0.000,0.000,0.000,0.000
2025-11-15 05:46:08,mlx5_6,0.000,0.000,0.000,0.000
2025-11-15 05:46:08,mlx5_7,0.000,0.000,0.000,0.000
2025-11-15 05:46:08,mlx5_8,0.000,0.000,0.000,0.000
2025-11-15 05:46:08,mlx5_9,0.000,0.000,362.533,228.255
2025-11-15 05:46:08,TOTAL,0.000,0.000,1087.645,686.317
2025-11-15 05:46:09,mlx5_0,0.000,0.000,0.000,0.000
2025-11-15 05:46:09,mlx5_1,0.000,0.000,361.854,226.088
2025-11-15 05:46:09,mlx5_2,0.000,0.000,363.258,231.973
2025-11-15 05:46:09,mlx5_3,0.000,0.000,0.000,0.000
2025-11-15 05:46:09,mlx5_4,0.000,0.000,0.000,0.000
2025-11-15 05:46:09,mlx5_5,0.000,0.000,0.000,0.000
2025-11-15 05:46:09,mlx5_6,0.000,0.000,0.000,0.000
2025-11-15 05:46:09,mlx5_7,0.000,0.000,0.000,0.000
2025-11-15 05:46:09,mlx5_8,0.000,0.000,0.000,0.000
2025-11-15 05:46:09,mlx5_9,0.000,0.000,362.533,228.255
2025-11-15 05:46:09,TOTAL,0.000,0.000,1087.645,686.317
2025-11-15 05:46:10,mlx5_0,0.000,0.000,0.000,0.000
2025-11-15 05:46:10,mlx5_1,8.845,0.012,362.964,226.089
2025-11-15 05:46:10,mlx5_2,8.953,0.012,364.381,231.975
2025-11-15 05:46:10,mlx5_3,0.000,0.000,0.000,0.000
2025-11-15 05:46:10,mlx5_4,0.000,0.000,0.000,0.000
2025-11-15 05:46:10,mlx5_5,0.000,0.000,0.000,0.000
2025-11-15 05:46:10,mlx5_6,0.000,0.000,0.000,0.000
2025-11-15 05:46:10,mlx5_7,0.000,0.000,0.000,0.000
2025-11-15 05:46:10,mlx5_8,0.000,0.000,0.000,0.000
2025-11-15 05:46:10,mlx5_9,8.875,0.012,363.647,228.257
2025-11-15 05:46:10,TOTAL,26.673,0.036,1090.992,686.321
2025-11-15 05:46:11,mlx5_0,0.000,0.000,0.000,0.000
2025-11-15 05:46:11,mlx5_1,3.494,0.005,363.402,226.090
2025-11-15 05:46:11,mlx5_2,3.597,0.005,364.832,231.975
2025-11-15 05:46:11,mlx5_3,0.000,0.000,0.000,0.000
2025-11-15 05:46:11,mlx5_4,0.000,0.000,0.000,0.000
2025-11-15 05:46:11,mlx5_5,0.000,0.000,0.000,0.000
2025-11-15 05:46:11,mlx5_6,0.000,0.000,0.000,0.000
2025-11-15 05:46:11,mlx5_7,0.000,0.000,0.000,0.000
2025-11-15 05:46:11,mlx5_8,0.000,0.000,0.000,0.000
2025-11-15 05:46:11,mlx5_9,3.515,0.005,364.088,228.257
2025-11-15 05:46:11,TOTAL,10.606,0.014,1092.322,686.323
2025-11-15 05:46:12,mlx5_0,0.000,0.000,0.000,0.000
2025-11-15 05:46:12,mlx5_1,0.000,0.000,363.402,226.090
2025-11-15 05:46:12,mlx5_2,0.000,0.000,364.832,231.975
2025-11-15 05:46:12,mlx5_3,0.000,0.000,0.000,0.000
2025-11-15 05:46:12,mlx5_4,0.000,0.000,0.000,0.000
2025-11-15 05:46:12,mlx5_5,0.000,0.000,0.000,0.000
2025-11-15 05:46:12,mlx5_6,0.000,0.000,0.000,0.000
2025-11-15 05:46:12,mlx5_7,0.000,0.000,0.000,0.000
2025-11-15 05:46:12,mlx5_8,0.000,0.000,0.000,0.000
2025-11-15 05:46:12,mlx5_9,0.000,0.000,364.088,228.257
2025-11-15 05:46:12,TOTAL,0.000,0.000,1092.322,686.323
2025-11-15 05:46:13,mlx5_0,0.000,0.000,0.000,0.000
2025-11-15 05:46:13,mlx5_1,0.000,0.000,363.402,226.090
2025-11-15 05:46:13,mlx5_2,0.000,0.000,364.832,231.975
2025-11-15 05:46:13,mlx5_3,0.000,0.000,0.000,0.000
2025-11-15 05:46:13,mlx5_4,0.000,0.000,0.000,0.000
2025-11-15 05:46:13,mlx5_5,0.000,0.000,0.000,0.000
2025-11-15 05:46:13,mlx5_6,0.000,0.000,0.000,0.000
2025-11-15 05:46:13,mlx5_7,0.000,0.000,0.000,0.000
2025-11-15 05:46:13,mlx5_8,0.000,0.000,0.000,0.000
2025-11-15 05:46:13,mlx5_9,0.000,0.000,364.088,228.257
2025-11-15 05:46:13,TOTAL,0.000,0.000,1092.322,686.323
2025-11-15 05:46:14,mlx5_0,0.000,0.000,0.000,0.000
2025-11-15 05:46:14,mlx5_1,0.000,0.000,363.402,226.090
2025-11-15 05:46:14,mlx5_2,0.000,0.000,364.832,231.975
2025-11-15 05:46:14,mlx5_3,0.000,0.000,0.000,0.000
2025-11-15 05:46:14,mlx5_4,0.000,0.000,0.000,0.000
2025-11-15 05:46:14,mlx5_5,0.000,0.000,0.000,0.000
2025-11-15 05:46:14,mlx5_6,0.000,0.000,0.000,0.000
2025-11-15 05:46:14,mlx5_7,0.000,0.000,0.000,0.000
2025-11-15 05:46:14,mlx5_8,0.000,0.000,0.000,0.000
2025-11-15 05:46:14,mlx5_9,0.000,0.000,364.088,228.257
2025-11-15 05:46:14,TOTAL,0.000,0.000,1092.322,686.323
2025-11-15 05:46:15,mlx5_0,0.000,0.000,0.000,0.000
2025-11-15 05:46:15,mlx5_1,12.387,0.160,364.956,226.110
2025-11-15 05:46:15,mlx5_2,12.324,0.162,366.378,231.996
2025-11-15 05:46:15,mlx5_3,0.000,0.000,0.000,0.000
2025-11-15 05:46:15,mlx5_4,0.000,0.000,0.000,0.000
2025-11-15 05:46:15,mlx5_5,0.000,0.000,0.000,0.000
2025-11-15 05:46:15,mlx5_6,0.000,0.000,0.000,0.000
2025-11-15 05:46:15,mlx5_7,0.000,0.000,0.000,0.000
2025-11-15 05:46:15,mlx5_8,0.000,0.000,0.000,0.000
2025-11-15 05:46:15,mlx5_9,12.593,0.133,365.668,228.274
2025-11-15 05:46:15,TOTAL,37.304,0.455,1097.002,686.380
2025-11-15 05:46:16,mlx5_0,0.000,0.000,0.000,0.000
2025-11-15 05:46:16,mlx5_1,0.005,0.024,364.957,226.113
2025-11-15 05:46:16,mlx5_2,0.005,0.022,366.379,231.999
2025-11-15 05:46:16,mlx5_3,0.000,0.000,0.000,0.000
2025-11-15 05:46:16,mlx5_4,0.000,0.000,0.000,0.000
2025-11-15 05:46:16,mlx5_5,0.000,0.000,0.000,0.000
2025-11-15 05:46:16,mlx5_6,0.000,0.000,0.000,0.000
2025-11-15 05:46:16,mlx5_7,0.000,0.000,0.000,0.000
2025-11-15 05:46:16,mlx5_8,0.000,0.000,0.000,0.000
2025-11-15 05:46:16,mlx5_9,0.005,0.015,365.668,228.276
2025-11-15 05:46:16,TOTAL,0.014,0.061,1097.004,686.388
2025-11-15 05:46:17,mlx5_0,0.000,0.000,0.000,0.000
2025-11-15 05:46:17,mlx5_1,0.000,0.000,364.957,226.113
2025-11-15 05:46:17,mlx5_2,0.000,0.000,366.379,231.999
2025-11-15 05:46:17,mlx5_3,0.000,0.000,0.000,0.000
2025-11-15 05:46:17,mlx5_4,0.000,0.000,0.000,0.000
2025-11-15 05:46:17,mlx5_5,0.000,0.000,0.000,0.000
2025-11-15 05:46:17,mlx5_6,0.000,0.000,0.000,0.000
2025-11-15 05:46:17,mlx5_7,0.000,0.000,0.000,0.000
2025-11-15 05:46:17,mlx5_8,0.000,0.000,0.000,0.000
2025-11-15 05:46:17,mlx5_9,0.000,0.000,365.668,228.276
2025-11-15 05:46:17,TOTAL,0.000,0.000,1097.004,686.388
2025-11-15 05:46:18,mlx5_0,0.000,0.000,0.000,0.000
2025-11-15 05:46:18,mlx5_1,0.000,0.000,364.957,226.113
2025-11-15 05:46:18,mlx5_2,0.000,0.000,366.379,231.999
2025-11-15 05:46:18,mlx5_3,0.000,0.000,0.000,0.000
2025-11-15 05:46:18,mlx5_4,0.000,0.000,0.000,0.000
2025-11-15 05:46:18,mlx5_5,0.000,0.000,0.000,0.000
2025-11-15 05:46:18,mlx5_6,0.000,0.000,0.000,0.000
2025-11-15 05:46:18,mlx5_7,0.000,0.000,0.000,0.000
2025-11-15 05:46:18,mlx5_8,0.000,0.000,0.000,0.000
2025-11-15 05:46:18,mlx5_9,0.000,0.000,365.668,228.276
2025-11-15 05:46:18,TOTAL,0.000,0.000,1097.004,686.388
2025-11-15 05:46:19,mlx5_0,0.000,0.000,0.000,0.000
2025-11-15 05:46:19,mlx5_1,0.000,0.000,364.957,226.113
2025-11-15 05:46:19,mlx5_2,0.000,0.000,366.379,231.999
2025-11-15 05:46:19,mlx5_3,0.000,0.000,0.000,0.000
2025-11-15 05:46:19,mlx5_4,0.000,0.000,0.000,0.000
2025-11-15 05:46:19,mlx5_5,0.000,0.000,0.000,0.000
2025-11-15 05:46:19,mlx5_6,0.000,0.000,0.000,0.000
2025-11-15 05:46:19,mlx5_7,0.000,0.000,0.000,0.000
2025-11-15 05:46:19,mlx5_8,0.000,0.000,0.000,0.000
2025-11-15 05:46:19,mlx5_9,0.000,0.000,365.668,228.276
2025-11-15 05:46:19,TOTAL,0.000,0.000,1097.004,686.388
2025-11-15 05:46:20,mlx5_0,0.000,0.000,0.000,0.000
2025-11-15 05:46:20,mlx5_1,11.866,0.016,366.445,226.115
2025-11-15 05:46:20,mlx5_2,12.012,0.016,367.886,232.001
2025-11-15 05:46:20,mlx5_3,0.000,0.000,0.000,0.000
2025-11-15 05:46:20,mlx5_4,0.000,0.000,0.000,0.000
2025-11-15 05:46:20,mlx5_5,0.000,0.000,0.000,0.000
2025-11-15 05:46:20,mlx5_6,0.000,0.000,0.000,0.000
2025-11-15 05:46:20,mlx5_7,0.000,0.000,0.000,0.000
2025-11-15 05:46:20,mlx5_8,0.000,0.000,0.000,0.000
2025-11-15 05:46:20,mlx5_9,11.798,0.016,367.149,228.278
2025-11-15 05:46:20,TOTAL,35.676,0.049,1101.480,686.394
2025-11-15 05:46:21,mlx5_0,0.000,0.000,0.000,0.000
2025-11-15 05:46:21,mlx5_1,0.000,0.000,366.445,226.115
2025-11-15 05:46:21,mlx5_2,0.000,0.000,367.886,232.001
2025-11-15 05:46:21,mlx5_3,0.000,0.000,0.000,0.000
2025-11-15 05:46:21,mlx5_4,0.000,0.000,0.000,0.000
2025-11-15 05:46:21,mlx5_5,0.000,0.000,0.000,0.000
2025-11-15 05:46:21,mlx5_6,0.000,0.000,0.000,0.000
2025-11-15 05:46:21,mlx5_7,0.000,0.000,0.000,0.000
2025-11-15 05:46:21,mlx5_8,0.000,0.000,0.000,0.000
2025-11-15 05:46:21,mlx5_9,0.000,0.000,367.149,228.278
2025-11-15 05:46:21,TOTAL,0.000,0.000,1101.480,686.394
2025-11-15 05:46:22,mlx5_0,0.000,0.000,0.000,0.000
2025-11-15 05:46:22,mlx5_1,0.000,0.000,366.445,226.115
2025-11-15 05:46:22,mlx5_2,0.000,0.000,367.886,232.001
2025-11-15 05:46:22,mlx5_3,0.000,0.000,0.000,0.000
2025-11-15 05:46:22,mlx5_4,0.000,0.000,0.000,0.000
2025-11-15 05:46:22,mlx5_5,0.000,0.000,0.000,0.000
2025-11-15 05:46:22,mlx5_6,0.000,0.000,0.000,0.000
2025-11-15 05:46:22,mlx5_7,0.000,0.000,0.000,0.000
2025-11-15 05:46:22,mlx5_8,0.000,0.000,0.000,0.000
2025-11-15 05:46:22,mlx5_9,0.000,0.000,367.149,228.278
2025-11-15 05:46:22,TOTAL,0.000,0.000,1101.480,686.394
2025-11-15 05:46:23,mlx5_0,0.000,0.000,0.000,0.000
2025-11-15 05:46:23,mlx5_1,7.204,0.010,367.349,226.116
2025-11-15 05:46:23,mlx5_2,7.279,0.010,368.799,232.002
2025-11-15 05:46:23,mlx5_3,0.000,0.000,0.000,0.000
2025-11-15 05:46:23,mlx5_4,0.000,0.000,0.000,0.000
2025-11-15 05:46:23,mlx5_5,0.000,0.000,0.000,0.000
2025-11-15 05:46:23,mlx5_6,0.000,0.000,0.000,0.000
2025-11-15 05:46:23,mlx5_7,0.000,0.000,0.000,0.000
2025-11-15 05:46:23,mlx5_8,0.000,0.000,0.000,0.000
2025-11-15 05:46:23,mlx5_9,7.213,0.010,368.054,228.279
2025-11-15 05:46:23,TOTAL,21.696,0.031,1104.202,686.397
2025-11-15 05:46:24,mlx5_0,0.000,0.000,0.000,0.000
2025-11-15 05:46:24,mlx5_1,5.222,0.007,368.005,226.117
2025-11-15 05:46:24,mlx5_2,5.132,0.007,369.443,232.003
2025-11-15 05:46:24,mlx5_3,0.000,0.000,0.000,0.000
2025-11-15 05:46:24,mlx5_4,0.000,0.000,0.000,0.000
2025-11-15 05:46:24,mlx5_5,0.000,0.000,0.000,0.000
2025-11-15 05:46:24,mlx5_6,0.000,0.000,0.000,0.000
2025-11-15 05:46:24,mlx5_7,0.000,0.000,0.000,0.000
2025-11-15 05:46:24,mlx5_8,0.000,0.000,0.000,0.000
2025-11-15 05:46:24,mlx5_9,5.222,0.007,368.709,228.280
2025-11-15 05:46:24,TOTAL,15.576,0.020,1106.157,686.400
2025-11-15 05:46:25,mlx5_0,0.000,0.000,0.000,0.000
2025-11-15 05:46:25,mlx5_1,0.000,0.000,368.005,226.117
2025-11-15 05:46:25,mlx5_2,0.000,0.000,369.443,232.003
2025-11-15 05:46:25,mlx5_3,0.000,0.000,0.000,0.000
2025-11-15 05:46:25,mlx5_4,0.000,0.000,0.000,0.000
2025-11-15 05:46:25,mlx5_5,0.000,0.000,0.000,0.000
2025-11-15 05:46:25,mlx5_6,0.000,0.000,0.000,0.000
2025-11-15 05:46:25,mlx5_7,0.000,0.000,0.000,0.000
2025-11-15 05:46:25,mlx5_8,0.000,0.000,0.000,0.000
2025-11-15 05:46:25,mlx5_9,0.000,0.000,368.709,228.280
2025-11-15 05:46:25,TOTAL,0.000,0.000,1106.157,686.400
2025-11-15 05:46:26,mlx5_0,0.000,0.000,0.000,0.000
2025-11-15 05:46:26,mlx5_1,0.000,0.000,368.005,226.117
2025-11-15 05:46:26,mlx5_2,0.000,0.000,369.443,232.003
2025-11-15 05:46:26,mlx5_3,0.000,0.000,0.000,0.000
2025-11-15 05:46:26,mlx5_4,0.000,0.000,0.000,0.000
2025-11-15 05:46:26,mlx5_5,0.000,0.000,0.000,0.000
2025-11-15 05:46:26,mlx5_6,0.000,0.000,0.000,0.000
2025-11-15 05:46:26,mlx5_7,0.000,0.000,0.000,0.000
2025-11-15 05:46:26,mlx5_8,0.000,0.000,0.000,0.000
2025-11-15 05:46:26,mlx5_9,0.000,0.000,368.709,228.280
2025-11-15 05:46:26,TOTAL,0.000,0.000,1106.157,686.400
2025-11-15 05:46:27,mlx5_0,0.000,0.000,0.000,0.000
2025-11-15 05:46:27,mlx5_1,12.333,0.017,369.552,226.119
2025-11-15 05:46:27,mlx5_2,12.525,0.017,371.015,232.005
2025-11-15 05:46:27,mlx5_3,0.000,0.000,0.000,0.000
2025-11-15 05:46:27,mlx5_4,0.000,0.000,0.000,0.000
2025-11-15 05:46:27,mlx5_5,0.000,0.000,0.000,0.000
2025-11-15 05:46:27,mlx5_6,0.000,0.000,0.000,0.000
2025-11-15 05:46:27,mlx5_7,0.000,0.000,0.000,0.000
2025-11-15 05:46:27,mlx5_8,0.000,0.000,0.000,0.000
2025-11-15 05:46:27,mlx5_9,12.417,0.017,370.267,228.282
2025-11-15 05:46:27,TOTAL,37.275,0.050,1110.834,686.406
2025-11-15 05:46:28,mlx5_0,0.000,0.000,0.000,0.000
2025-11-15 05:46:28,mlx5_1,0.000,0.000,369.552,226.119
2025-11-15 05:46:28,mlx5_2,0.000,0.000,371.015,232.005
2025-11-15 05:46:28,mlx5_3,0.000,0.000,0.000,0.000
2025-11-15 05:46:28,mlx5_4,0.000,0.000,0.000,0.000
2025-11-15 05:46:28,mlx5_5,0.000,0.000,0.000,0.000
2025-11-15 05:46:28,mlx5_6,0.000,0.000,0.000,0.000
2025-11-15 05:46:28,mlx5_7,0.000,0.000,0.000,0.000
2025-11-15 05:46:28,mlx5_8,0.000,0.000,0.000,0.000
2025-11-15 05:46:28,mlx5_9,0.000,0.000,370.267,228.282
2025-11-15 05:46:28,TOTAL,0.000,0.000,1110.834,686.406
2025-11-15 05:46:29,mlx5_0,0.000,0.000,0.000,0.000
2025-11-15 05:46:29,mlx5_1,0.000,0.000,369.552,226.119
2025-11-15 05:46:29,mlx5_2,0.000,0.000,371.015,232.005
2025-11-15 05:46:29,mlx5_3,0.000,0.000,0.000,0.000
2025-11-15 05:46:29,mlx5_4,0.000,0.000,0.000,0.000
2025-11-15 05:46:29,mlx5_5,0.000,0.000,0.000,0.000
2025-11-15 05:46:29,mlx5_6,0.000,0.000,0.000,0.000
2025-11-15 05:46:29,mlx5_7,0.000,0.000,0.000,0.000
2025-11-15 05:46:29,mlx5_8,0.000,0.000,0.000,0.000
2025-11-15 05:46:29,mlx5_9,0.000,0.000,370.267,228.282
2025-11-15 05:46:29,TOTAL,0.000,0.000,1110.834,686.406
2025-11-15 05:46:30,mlx5_0,0.000,0.000,0.000,0.000
2025-11-15 05:46:30,mlx5_1,0.000,0.000,369.552,226.119
2025-11-15 05:46:30,mlx5_2,0.000,0.000,371.015,232.005
2025-11-15 05:46:30,mlx5_3,0.000,0.000,0.000,0.000
2025-11-15 05:46:30,mlx5_4,0.000,0.000,0.000,0.000
2025-11-15 05:46:30,mlx5_5,0.000,0.000,0.000,0.000
2025-11-15 05:46:30,mlx5_6,0.000,0.000,0.000,0.000
2025-11-15 05:46:30,mlx5_7,0.000,0.000,0.000,0.000
2025-11-15 05:46:30,mlx5_8,0.000,0.000,0.000,0.000
2025-11-15 05:46:30,mlx5_9,0.000,0.000,370.267,228.282
2025-11-15 05:46:30,TOTAL,0.000,0.000,1110.834,686.406
2025-11-15 05:46:31,mlx5_0,0.000,0.000,0.000,0.000
2025-11-15 05:46:31,mlx5_1,12.396,0.017,371.108,226.121
2025-11-15 05:46:31,mlx5_2,12.587,0.017,372.594,232.007
2025-11-15 05:46:31,mlx5_3,0.000,0.000,0.000,0.000
2025-11-15 05:46:31,mlx5_4,0.000,0.000,0.000,0.000
2025-11-15 05:46:31,mlx5_5,0.000,0.000,0.000,0.000
2025-11-15 05:46:31,mlx5_6,0.000,0.000,0.000,0.000
2025-11-15 05:46:31,mlx5_7,0.000,0.000,0.000,0.000
2025-11-15 05:46:31,mlx5_8,0.000,0.000,0.000,0.000
2025-11-15 05:46:31,mlx5_9,12.285,0.017,371.809,228.284
2025-11-15 05:46:31,TOTAL,37.267,0.051,1115.511,686.413
2025-11-15 05:46:32,mlx5_0,0.000,0.000,0.000,0.000
2025-11-15 05:46:32,mlx5_1,0.000,0.000,371.108,226.121
2025-11-15 05:46:32,mlx5_2,0.000,0.000,372.594,232.007
2025-11-15 05:46:32,mlx5_3,0.000,0.000,0.000,0.000
2025-11-15 05:46:32,mlx5_4,0.000,0.000,0.000,0.000
2025-11-15 05:46:32,mlx5_5,0.000,0.000,0.000,0.000
2025-11-15 05:46:32,mlx5_6,0.000,0.000,0.000,0.000
2025-11-15 05:46:32,mlx5_7,0.000,0.000,0.000,0.000
2025-11-15 05:46:32,mlx5_8,0.000,0.000,0.000,0.000
2025-11-15 05:46:32,mlx5_9,0.000,0.000,371.809,228.284
2025-11-15 05:46:32,TOTAL,0.000,0.000,1115.511,686.413
2025-11-15 05:46:33,mlx5_0,0.000,0.000,0.000,0.000
2025-11-15 05:46:33,mlx5_1,0.000,0.000,371.108,226.121
2025-11-15 05:46:33,mlx5_2,0.000,0.000,372.594,232.007
2025-11-15 05:46:33,mlx5_3,0.000,0.000,0.000,0.000
2025-11-15 05:46:33,mlx5_4,0.000,0.000,0.000,0.000
2025-11-15 05:46:33,mlx5_5,0.000,0.000,0.000,0.000
2025-11-15 05:46:33,mlx5_6,0.000,0.000,0.000,0.000
2025-11-15 05:46:33,mlx5_7,0.000,0.000,0.000,0.000
2025-11-15 05:46:33,mlx5_8,0.000,0.000,0.000,0.000
2025-11-15 05:46:33,mlx5_9,0.000,0.000,371.809,228.284
2025-11-15 05:46:33,TOTAL,0.000,0.000,1115.511,686.413
2025-11-15 05:46:34,mlx5_0,0.000,0.000,0.000,0.000
2025-11-15 05:46:34,mlx5_1,0.000,0.000,371.108,226.121
2025-11-15 05:46:34,mlx5_2,0.000,0.000,372.594,232.007
2025-11-15 05:46:34,mlx5_3,0.000,0.000,0.000,0.000
2025-11-15 05:46:34,mlx5_4,0.000,0.000,0.000,0.000
2025-11-15 05:46:34,mlx5_5,0.000,0.000,0.000,0.000
2025-11-15 05:46:34,mlx5_6,0.000,0.000,0.000,0.000
2025-11-15 05:46:34,mlx5_7,0.000,0.000,0.000,0.000
2025-11-15 05:46:34,mlx5_8,0.000,0.000,0.000,0.000
2025-11-15 05:46:34,mlx5_9,0.000,0.000,371.809,228.284
2025-11-15 05:46:34,TOTAL,0.000,0.000,1115.511,686.413
2025-11-15 05:46:35,mlx5_0,0.000,0.000,0.000,0.000
2025-11-15 05:46:35,mlx5_1,12.416,0.017,372.665,226.124
2025-11-15 05:46:35,mlx5_2,12.464,0.017,374.158,232.009
2025-11-15 05:46:35,mlx5_3,0.000,0.000,0.000,0.000
2025-11-15 05:46:35,mlx5_4,0.000,0.000,0.000,0.000
2025-11-15 05:46:35,mlx5_5,0.000,0.000,0.000,0.000
2025-11-15 05:46:35,mlx5_6,0.000,0.000,0.000,0.000
2025-11-15 05:46:35,mlx5_7,0.000,0.000,0.000,0.000
2025-11-15 05:46:35,mlx5_8,0.000,0.000,0.000,0.000
2025-11-15 05:46:35,mlx5_9,12.399,0.017,373.364,228.286
2025-11-15 05:46:35,TOTAL,37.280,0.051,1120.187,686.419
2025-11-15 05:46:36,mlx5_0,0.000,0.000,0.000,0.000
2025-11-15 05:46:36,mlx5_1,0.000,0.000,372.665,226.124
2025-11-15 05:46:36,mlx5_2,0.000,0.000,374.158,232.009
2025-11-15 05:46:36,mlx5_3,0.000,0.000,0.000,0.000
2025-11-15 05:46:36,mlx5_4,0.000,0.000,0.000,0.000
2025-11-15 05:46:36,mlx5_5,0.000,0.000,0.000,0.000
2025-11-15 05:46:36,mlx5_6,0.000,0.000,0.000,0.000
2025-11-15 05:46:36,mlx5_7,0.000,0.000,0.000,0.000
2025-11-15 05:46:36,mlx5_8,0.000,0.000,0.000,0.000
2025-11-15 05:46:36,mlx5_9,0.000,0.000,373.364,228.286
2025-11-15 05:46:36,TOTAL,0.000,0.000,1120.187,686.419
2025-11-15 05:46:37,mlx5_0,0.000,0.000,0.000,0.000
2025-11-15 05:46:37,mlx5_1,0.000,0.000,372.665,226.124
2025-11-15 05:46:37,mlx5_2,0.000,0.000,374.158,232.009
2025-11-15 05:46:37,mlx5_3,0.000,0.000,0.000,0.000
2025-11-15 05:46:37,mlx5_4,0.000,0.000,0.000,0.000
2025-11-15 05:46:37,mlx5_5,0.000,0.000,0.000,0.000
2025-11-15 05:46:37,mlx5_6,0.000,0.000,0.000,0.000
2025-11-15 05:46:37,mlx5_7,0.000,0.000,0.000,0.000
2025-11-15 05:46:37,mlx5_8,0.000,0.000,0.000,0.000
2025-11-15 05:46:37,mlx5_9,0.000,0.000,373.364,228.286
2025-11-15 05:46:37,TOTAL,0.000,0.000,1120.187,686.419
2025-11-15 05:46:38,mlx5_0,0.000,0.000,0.000,0.000
2025-11-15 05:46:38,mlx5_1,0.000,0.000,372.665,226.124
2025-11-15 05:46:38,mlx5_2,0.000,0.000,374.158,232.009
2025-11-15 05:46:38,mlx5_3,0.000,0.000,0.000,0.000
2025-11-15 05:46:38,mlx5_4,0.000,0.000,0.000,0.000
2025-11-15 05:46:38,mlx5_5,0.000,0.000,0.000,0.000
2025-11-15 05:46:38,mlx5_6,0.000,0.000,0.000,0.000
2025-11-15 05:46:38,mlx5_7,0.000,0.000,0.000,0.000
2025-11-15 05:46:38,mlx5_8,0.000,0.000,0.000,0.000
2025-11-15 05:46:38,mlx5_9,0.000,0.000,373.364,228.286
2025-11-15 05:46:38,TOTAL,0.000,0.000,1120.187,686.419
2025-11-15 05:46:39,mlx5_0,0.000,0.000,0.000,0.000
2025-11-15 05:46:39,mlx5_1,0.620,0.001,372.743,226.124
2025-11-15 05:46:39,mlx5_2,0.573,0.001,374.230,232.009
2025-11-15 05:46:39,mlx5_3,0.000,0.000,0.000,0.000
2025-11-15 05:46:39,mlx5_4,0.000,0.000,0.000,0.000
2025-11-15 05:46:39,mlx5_5,0.000,0.000,0.000,0.000
2025-11-15 05:46:39,mlx5_6,0.000,0.000,0.000,0.000
2025-11-15 05:46:39,mlx5_7,0.000,0.000,0.000,0.000
2025-11-15 05:46:39,mlx5_8,0.000,0.000,0.000,0.000
2025-11-15 05:46:39,mlx5_9,0.693,0.002,373.451,228.287
2025-11-15 05:46:39,TOTAL,1.886,0.005,1120.424,686.420
2025-11-15 05:46:40,mlx5_0,0.000,0.000,0.000,0.000
2025-11-15 05:46:40,mlx5_1,11.965,21.039,374.247,228.768
2025-11-15 05:46:40,mlx5_2,11.754,21.104,375.707,234.661
2025-11-15 05:46:40,mlx5_3,0.000,0.000,0.000,0.000
2025-11-15 05:46:40,mlx5_4,0.000,0.000,0.000,0.000
2025-11-15 05:46:40,mlx5_5,0.000,0.000,0.000,0.000
2025-11-15 05:46:40,mlx5_6,0.000,0.000,0.000,0.000
2025-11-15 05:46:40,mlx5_7,0.000,0.000,0.000,0.000
2025-11-15 05:46:40,mlx5_8,0.000,0.000,0.000,0.000
2025-11-15 05:46:40,mlx5_9,11.719,20.978,374.924,230.923
2025-11-15 05:46:40,TOTAL,35.438,63.121,1124.877,694.352
2025-11-15 05:46:41,mlx5_0,0.000,0.000,0.000,0.000
2025-11-15 05:46:41,mlx5_1,0.054,39.739,374.253,233.751
2025-11-15 05:46:41,mlx5_2,0.054,39.867,375.714,239.661
2025-11-15 05:46:41,mlx5_3,0.000,0.000,0.000,0.000
2025-11-15 05:46:41,mlx5_4,0.000,0.000,0.000,0.000
2025-11-15 05:46:41,mlx5_5,0.000,0.000,0.000,0.000
2025-11-15 05:46:41,mlx5_6,0.000,0.000,0.000,0.000
2025-11-15 05:46:41,mlx5_7,0.000,0.000,0.000,0.000
2025-11-15 05:46:41,mlx5_8,0.000,0.000,0.000,0.000
2025-11-15 05:46:41,mlx5_9,0.054,39.739,374.931,235.906
2025-11-15 05:46:41,TOTAL,0.162,119.345,1124.898,709.319
2025-11-15 05:46:42,mlx5_0,0.000,0.000,0.000,0.000
2025-11-15 05:46:42,mlx5_1,0.000,0.000,374.253,233.751
2025-11-15 05:46:42,mlx5_2,0.000,0.000,375.714,239.661
2025-11-15 05:46:42,mlx5_3,0.000,0.000,0.000,0.000
2025-11-15 05:46:42,mlx5_4,0.000,0.000,0.000,0.000
2025-11-15 05:46:42,mlx5_5,0.000,0.000,0.000,0.000
2025-11-15 05:46:42,mlx5_6,0.000,0.000,0.000,0.000
2025-11-15 05:46:42,mlx5_7,0.000,0.000,0.000,0.000
2025-11-15 05:46:42,mlx5_8,0.000,0.000,0.000,0.000
2025-11-15 05:46:42,mlx5_9,0.000,0.000,374.931,235.906
2025-11-15 05:46:42,TOTAL,0.000,0.000,1124.898,709.319
2025-11-15 05:46:43,mlx5_0,0.000,0.000,0.000,0.000
2025-11-15 05:46:43,mlx5_1,0.000,0.000,374.253,233.751
2025-11-15 05:46:43,mlx5_2,0.000,0.000,375.714,239.661
2025-11-15 05:46:43,mlx5_3,0.000,0.000,0.000,0.000
2025-11-15 05:46:43,mlx5_4,0.000,0.000,0.000,0.000
2025-11-15 05:46:43,mlx5_5,0.000,0.000,0.000,0.000
2025-11-15 05:46:43,mlx5_6,0.000,0.000,0.000,0.000
2025-11-15 05:46:43,mlx5_7,0.000,0.000,0.000,0.000
2025-11-15 05:46:43,mlx5_8,0.000,0.000,0.000,0.000
2025-11-15 05:46:43,mlx5_9,0.000,0.000,374.931,235.906
2025-11-15 05:46:43,TOTAL,0.000,0.000,1124.898,709.319
2025-11-15 05:46:44,mlx5_0,0.000,0.000,0.000,0.000
2025-11-15 05:46:44,mlx5_1,0.000,0.000,374.253,233.751
2025-11-15 05:46:44,mlx5_2,0.000,0.000,375.714,239.661
2025-11-15 05:46:44,mlx5_3,0.000,0.000,0.000,0.000
2025-11-15 05:46:44,mlx5_4,0.000,0.000,0.000,0.000
2025-11-15 05:46:44,mlx5_5,0.000,0.000,0.000,0.000
2025-11-15 05:46:44,mlx5_6,0.000,0.000,0.000,0.000
2025-11-15 05:46:44,mlx5_7,0.000,0.000,0.000,0.000
2025-11-15 05:46:44,mlx5_8,0.000,0.000,0.000,0.000
2025-11-15 05:46:44,mlx5_9,0.000,0.000,374.931,235.906
2025-11-15 05:46:44,TOTAL,0.000,0.000,1124.898,709.319
2025-11-15 05:46:45,mlx5_0,0.000,0.000,0.000,0.000
2025-11-15 05:46:45,mlx5_1,1.751,0.003,374.473,233.752
2025-11-15 05:46:45,mlx5_2,1.762,0.003,375.935,239.661
2025-11-15 05:46:45,mlx5_3,0.000,0.000,0.000,0.000
2025-11-15 05:46:45,mlx5_4,0.000,0.000,0.000,0.000
2025-11-15 05:46:45,mlx5_5,0.000,0.000,0.000,0.000
2025-11-15 05:46:45,mlx5_6,0.000,0.000,0.000,0.000
2025-11-15 05:46:45,mlx5_7,0.000,0.000,0.000,0.000
2025-11-15 05:46:45,mlx5_8,0.000,0.000,0.000,0.000
2025-11-15 05:46:45,mlx5_9,1.840,0.003,375.162,235.907
2025-11-15 05:46:45,TOTAL,5.353,0.009,1125.569,709.320
2025-11-15 05:46:46,mlx5_0,0.000,0.000,0.000,0.000
2025-11-15 05:46:46,mlx5_1,10.977,0.015,375.852,233.753
2025-11-15 05:46:46,mlx5_2,10.889,0.014,377.302,239.663
2025-11-15 05:46:46,mlx5_3,0.000,0.000,0.000,0.000
2025-11-15 05:46:46,mlx5_4,0.000,0.000,0.000,0.000
2025-11-15 05:46:46,mlx5_5,0.000,0.000,0.000,0.000
2025-11-15 05:46:46,mlx5_6,0.000,0.000,0.000,0.000
2025-11-15 05:46:46,mlx5_7,0.000,0.000,0.000,0.000
2025-11-15 05:46:46,mlx5_8,0.000,0.000,0.000,0.000
2025-11-15 05:46:46,mlx5_9,10.751,0.014,376.512,235.909
2025-11-15 05:46:46,TOTAL,32.617,0.043,1129.666,709.325
2025-11-15 05:46:47,mlx5_0,0.000,0.000,0.000,0.000
2025-11-15 05:46:47,mlx5_1,0.000,0.000,375.852,233.753
2025-11-15 05:46:47,mlx5_2,0.000,0.000,377.302,239.663
2025-11-15 05:46:47,mlx5_3,0.000,0.000,0.000,0.000
2025-11-15 05:46:47,mlx5_4,0.000,0.000,0.000,0.000
2025-11-15 05:46:47,mlx5_5,0.000,0.000,0.000,0.000
2025-11-15 05:46:47,mlx5_6,0.000,0.000,0.000,0.000
2025-11-15 05:46:47,mlx5_7,0.000,0.000,0.000,0.000
2025-11-15 05:46:47,mlx5_8,0.000,0.000,0.000,0.000
2025-11-15 05:46:47,mlx5_9,0.000,0.000,376.512,235.909
2025-11-15 05:46:47,TOTAL,0.000,0.000,1129.666,709.325
2025-11-15 05:46:48,mlx5_0,0.000,0.000,0.000,0.000
2025-11-15 05:46:48,mlx5_1,0.000,0.000,375.852,233.753
2025-11-15 05:46:48,mlx5_2,0.000,0.000,377.302,239.663
2025-11-15 05:46:48,mlx5_3,0.000,0.000,0.000,0.000
2025-11-15 05:46:48,mlx5_4,0.000,0.000,0.000,0.000
2025-11-15 05:46:48,mlx5_5,0.000,0.000,0.000,0.000
2025-11-15 05:46:48,mlx5_6,0.000,0.000,0.000,0.000
2025-11-15 05:46:48,mlx5_7,0.000,0.000,0.000,0.000
2025-11-15 05:46:48,mlx5_8,0.000,0.000,0.000,0.000
2025-11-15 05:46:48,mlx5_9,0.000,0.000,376.512,235.909
2025-11-15 05:46:48,TOTAL,0.000,0.000,1129.666,709.325
2025-11-15 05:46:49,mlx5_0,0.000,0.000,0.000,0.000
2025-11-15 05:46:49,mlx5_1,12.550,0.017,377.426,233.756
2025-11-15 05:46:49,mlx5_2,12.450,0.017,378.864,239.665
2025-11-15 05:46:49,mlx5_3,0.000,0.000,0.000,0.000
2025-11-15 05:46:49,mlx5_4,0.000,0.000,0.000,0.000
2025-11-15 05:46:49,mlx5_5,0.000,0.000,0.000,0.000
2025-11-15 05:46:49,mlx5_6,0.000,0.000,0.000,0.000
2025-11-15 05:46:49,mlx5_7,0.000,0.000,0.000,0.000
2025-11-15 05:46:49,mlx5_8,0.000,0.000,0.000,0.000
2025-11-15 05:46:49,mlx5_9,12.278,0.017,378.052,235.911
2025-11-15 05:46:49,TOTAL,37.278,0.051,1134.343,709.332
2025-11-15 05:46:50,mlx5_0,0.000,0.000,0.000,0.000
2025-11-15 05:46:50,mlx5_1,0.000,0.000,377.426,233.756
2025-11-15 05:46:50,mlx5_2,0.000,0.000,378.864,239.665
2025-11-15 05:46:50,mlx5_3,0.000,0.000,0.000,0.000
2025-11-15 05:46:50,mlx5_4,0.000,0.000,0.000,0.000
2025-11-15 05:46:50,mlx5_5,0.000,0.000,0.000,0.000
2025-11-15 05:46:50,mlx5_6,0.000,0.000,0.000,0.000
2025-11-15 05:46:50,mlx5_7,0.000,0.000,0.000,0.000
2025-11-15 05:46:50,mlx5_8,0.000,0.000,0.000,0.000
2025-11-15 05:46:50,mlx5_9,0.000,0.000,378.052,235.911
2025-11-15 05:46:50,TOTAL,0.000,0.000,1134.343,709.332
2025-11-15 05:46:51,mlx5_0,0.000,0.000,0.000,0.000
2025-11-15 05:46:51,mlx5_1,0.000,0.000,377.426,233.756
2025-11-15 05:46:51,mlx5_2,0.000,0.000,378.864,239.665
2025-11-15 05:46:51,mlx5_3,0.000,0.000,0.000,0.000
2025-11-15 05:46:51,mlx5_4,0.000,0.000,0.000,0.000
2025-11-15 05:46:51,mlx5_5,0.000,0.000,0.000,0.000
2025-11-15 05:46:51,mlx5_6,0.000,0.000,0.000,0.000
2025-11-15 05:46:51,mlx5_7,0.000,0.000,0.000,0.000
2025-11-15 05:46:51,mlx5_8,0.000,0.000,0.000,0.000
2025-11-15 05:46:51,mlx5_9,0.000,0.000,378.052,235.911
2025-11-15 05:46:51,TOTAL,0.000,0.000,1134.343,709.332
2025-11-15 05:46:52,mlx5_0,0.000,0.000,0.000,0.000
2025-11-15 05:46:52,mlx5_1,11.455,0.016,378.863,233.758
2025-11-15 05:46:52,mlx5_2,11.273,0.015,380.279,239.667
2025-11-15 05:46:52,mlx5_3,0.000,0.000,0.000,0.000
2025-11-15 05:46:52,mlx5_4,0.000,0.000,0.000,0.000
2025-11-15 05:46:52,mlx5_5,0.000,0.000,0.000,0.000
2025-11-15 05:46:52,mlx5_6,0.000,0.000,0.000,0.000
2025-11-15 05:46:52,mlx5_7,0.000,0.000,0.000,0.000
2025-11-15 05:46:52,mlx5_8,0.000,0.000,0.000,0.000
2025-11-15 05:46:52,mlx5_9,11.200,0.015,379.458,235.913
2025-11-15 05:46:52,TOTAL,33.928,0.046,1138.600,709.337
2025-11-15 05:46:53,mlx5_0,0.000,0.000,0.000,0.000
2025-11-15 05:46:53,mlx5_1,1.137,0.002,379.006,233.758
2025-11-15 05:46:53,mlx5_2,1.129,0.002,380.421,239.667
2025-11-15 05:46:53,mlx5_3,0.000,0.000,0.000,0.000
2025-11-15 05:46:53,mlx5_4,0.000,0.000,0.000,0.000
2025-11-15 05:46:53,mlx5_5,0.000,0.000,0.000,0.000
2025-11-15 05:46:53,mlx5_6,0.000,0.000,0.000,0.000
2025-11-15 05:46:53,mlx5_7,0.000,0.000,0.000,0.000
2025-11-15 05:46:53,mlx5_8,0.000,0.000,0.000,0.000
2025-11-15 05:46:53,mlx5_9,1.082,0.001,379.593,235.913
2025-11-15 05:46:53,TOTAL,3.348,0.005,1139.020,709.338
2025-11-15 05:46:54,mlx5_0,0.000,0.000,0.000,0.000
2025-11-15 05:46:54,mlx5_1,0.000,0.000,379.006,233.758
2025-11-15 05:46:54,mlx5_2,0.000,0.000,380.421,239.667
2025-11-15 05:46:54,mlx5_3,0.000,0.000,0.000,0.000
2025-11-15 05:46:54,mlx5_4,0.000,0.000,0.000,0.000
2025-11-15 05:46:54,mlx5_5,0.000,0.000,0.000,0.000
2025-11-15 05:46:54,mlx5_6,0.000,0.000,0.000,0.000
2025-11-15 05:46:54,mlx5_7,0.000,0.000,0.000,0.000
2025-11-15 05:46:54,mlx5_8,0.000,0.000,0.000,0.000
2025-11-15 05:46:54,mlx5_9,0.000,0.000,379.593,235.913
2025-11-15 05:46:54,TOTAL,0.000,0.000,1139.020,709.338
2025-11-15 05:46:55,mlx5_0,0.000,0.000,0.000,0.000
2025-11-15 05:46:55,mlx5_1,0.000,0.000,379.006,233.758
2025-11-15 05:46:55,mlx5_2,0.000,0.000,380.421,239.667
2025-11-15 05:46:55,mlx5_3,0.000,0.000,0.000,0.000
2025-11-15 05:46:55,mlx5_4,0.000,0.000,0.000,0.000
2025-11-15 05:46:55,mlx5_5,0.000,0.000,0.000,0.000
2025-11-15 05:46:55,mlx5_6,0.000,0.000,0.000,0.000
2025-11-15 05:46:55,mlx5_7,0.000,0.000,0.000,0.000
2025-11-15 05:46:55,mlx5_8,0.000,0.000,0.000,0.000
2025-11-15 05:46:55,mlx5_9,0.000,0.000,379.593,235.913
2025-11-15 05:46:55,TOTAL,0.000,0.000,1139.020,709.338
2025-11-15 05:46:56,mlx5_0,0.000,0.000,0.000,0.000
2025-11-15 05:46:56,mlx5_1,12.586,0.017,380.585,233.760
2025-11-15 05:46:56,mlx5_2,12.459,0.017,381.983,239.670
2025-11-15 05:46:56,mlx5_3,0.000,0.000,0.000,0.000
2025-11-15 05:46:56,mlx5_4,0.000,0.000,0.000,0.000
2025-11-15 05:46:56,mlx5_5,0.000,0.000,0.000,0.000
2025-11-15 05:46:56,mlx5_6,0.000,0.000,0.000,0.000
2025-11-15 05:46:56,mlx5_7,0.000,0.000,0.000,0.000
2025-11-15 05:46:56,mlx5_8,0.000,0.000,0.000,0.000
2025-11-15 05:46:56,mlx5_9,12.246,0.017,381.129,235.915
2025-11-15 05:46:56,TOTAL,37.291,0.051,1143.697,709.344
2025-11-15 05:46:57,mlx5_0,0.000,0.000,0.000,0.000
2025-11-15 05:46:57,mlx5_1,0.000,0.000,380.585,233.760
2025-11-15 05:46:57,mlx5_2,0.000,0.000,381.983,239.670
2025-11-15 05:46:57,mlx5_3,0.000,0.000,0.000,0.000
2025-11-15 05:46:57,mlx5_4,0.000,0.000,0.000,0.000
2025-11-15 05:46:57,mlx5_5,0.000,0.000,0.000,0.000
2025-11-15 05:46:57,mlx5_6,0.000,0.000,0.000,0.000
2025-11-15 05:46:57,mlx5_7,0.000,0.000,0.000,0.000
2025-11-15 05:46:57,mlx5_8,0.000,0.000,0.000,0.000
2025-11-15 05:46:57,mlx5_9,0.000,0.000,381.129,235.915
2025-11-15 05:46:57,TOTAL,0.000,0.000,1143.697,709.344
2025-11-15 05:46:58,mlx5_0,0.000,0.000,0.000,0.000
2025-11-15 05:46:58,mlx5_1,0.000,0.000,380.585,233.760
2025-11-15 05:46:58,mlx5_2,0.000,0.000,381.983,239.670
2025-11-15 05:46:58,mlx5_3,0.000,0.000,0.000,0.000
2025-11-15 05:46:58,mlx5_4,0.000,0.000,0.000,0.000
2025-11-15 05:46:58,mlx5_5,0.000,0.000,0.000,0.000
2025-11-15 05:46:58,mlx5_6,0.000,0.000,0.000,0.000
2025-11-15 05:46:58,mlx5_7,0.000,0.000,0.000,0.000
2025-11-15 05:46:58,mlx5_8,0.000,0.000,0.000,0.000
2025-11-15 05:46:58,mlx5_9,0.000,0.000,381.129,235.915
2025-11-15 05:46:58,TOTAL,0.000,0.000,1143.697,709.344
2025-11-15 05:46:59,mlx5_0,0.000,0.000,0.000,0.000
2025-11-15 05:46:59,mlx5_1,0.000,0.000,380.585,233.760
2025-11-15 05:46:59,mlx5_2,0.000,0.000,381.983,239.670
2025-11-15 05:46:59,mlx5_3,0.000,0.000,0.000,0.000
2025-11-15 05:46:59,mlx5_4,0.000,0.000,0.000,0.000
2025-11-15 05:46:59,mlx5_5,0.000,0.000,0.000,0.000
2025-11-15 05:46:59,mlx5_6,0.000,0.000,0.000,0.000
2025-11-15 05:46:59,mlx5_7,0.000,0.000,0.000,0.000
2025-11-15 05:46:59,mlx5_8,0.000,0.000,0.000,0.000
2025-11-15 05:46:59,mlx5_9,0.000,0.000,381.129,235.915
2025-11-15 05:46:59,TOTAL,0.000,0.000,1143.697,709.344
2025-11-15 05:47:00,mlx5_0,0.000,0.000,0.000,0.000
2025-11-15 05:47:00,mlx5_1,12.382,0.017,382.138,233.762
2025-11-15 05:47:00,mlx5_2,12.287,0.017,383.525,239.672
2025-11-15 05:47:00,mlx5_3,0.000,0.000,0.000,0.000
2025-11-15 05:47:00,mlx5_4,0.000,0.000,0.000,0.000
2025-11-15 05:47:00,mlx5_5,0.000,0.000,0.000,0.000
2025-11-15 05:47:00,mlx5_6,0.000,0.000,0.000,0.000
2025-11-15 05:47:00,mlx5_7,0.000,0.000,0.000,0.000
2025-11-15 05:47:00,mlx5_8,0.000,0.000,0.000,0.000
2025-11-15 05:47:00,mlx5_9,12.246,0.017,382.665,235.917
2025-11-15 05:47:00,TOTAL,36.915,0.050,1148.328,709.351
2025-11-15 05:47:01,mlx5_0,0.000,0.000,0.000,0.000
2025-11-15 05:47:01,mlx5_1,0.108,0.000,382.152,233.762
2025-11-15 05:47:01,mlx5_2,0.132,0.000,383.541,239.672
2025-11-15 05:47:01,mlx5_3,0.000,0.000,0.000,0.000
2025-11-15 05:47:01,mlx5_4,0.000,0.000,0.000,0.000
2025-11-15 05:47:01,mlx5_5,0.000,0.000,0.000,0.000
2025-11-15 05:47:01,mlx5_6,0.000,0.000,0.000,0.000
2025-11-15 05:47:01,mlx5_7,0.000,0.000,0.000,0.000
2025-11-15 05:47:01,mlx5_8,0.000,0.000,0.000,0.000
2025-11-15 05:47:01,mlx5_9,0.124,0.000,382.681,235.917
2025-11-15 05:47:01,TOTAL,0.364,0.001,1148.374,709.351
2025-11-15 05:47:02,mlx5_0,0.000,0.000,0.000,0.000
2025-11-15 05:47:02,mlx5_1,0.000,0.000,382.152,233.762
2025-11-15 05:47:02,mlx5_2,0.000,0.000,383.541,239.672
2025-11-15 05:47:02,mlx5_3,0.000,0.000,0.000,0.000
2025-11-15 05:47:02,mlx5_4,0.000,0.000,0.000,0.000
2025-11-15 05:47:02,mlx5_5,0.000,0.000,0.000,0.000
2025-11-15 05:47:02,mlx5_6,0.000,0.000,0.000,0.000
2025-11-15 05:47:02,mlx5_7,0.000,0.000,0.000,0.000
2025-11-15 05:47:02,mlx5_8,0.000,0.000,0.000,0.000
2025-11-15 05:47:02,mlx5_9,0.000,0.000,382.681,235.917
2025-11-15 05:47:02,TOTAL,0.000,0.000,1148.374,709.351
2025-11-15 05:47:03,mlx5_0,0.000,0.000,0.000,0.000
2025-11-15 05:47:03,mlx5_1,0.000,0.000,382.152,233.762
2025-11-15 05:47:03,mlx5_2,0.000,0.000,383.541,239.672
2025-11-15 05:47:03,mlx5_3,0.000,0.000,0.000,0.000
2025-11-15 05:47:03,mlx5_4,0.000,0.000,0.000,0.000
2025-11-15 05:47:03,mlx5_5,0.000,0.000,0.000,0.000
2025-11-15 05:47:03,mlx5_6,0.000,0.000,0.000,0.000
2025-11-15 05:47:03,mlx5_7,0.000,0.000,0.000,0.000
2025-11-15 05:47:03,mlx5_8,0.000,0.000,0.000,0.000
2025-11-15 05:47:03,mlx5_9,0.000,0.000,382.681,235.917
2025-11-15 05:47:03,TOTAL,0.000,0.000,1148.374,709.351
2025-11-15 05:47:04,mlx5_0,0.000,0.000,0.000,0.000
2025-11-15 05:47:04,mlx5_1,0.000,0.000,382.152,233.762
2025-11-15 05:47:04,mlx5_2,0.000,0.000,383.541,239.672
2025-11-15 05:47:04,mlx5_3,0.000,0.000,0.000,0.000
2025-11-15 05:47:04,mlx5_4,0.000,0.000,0.000,0.000
2025-11-15 05:47:04,mlx5_5,0.000,0.000,0.000,0.000
2025-11-15 05:47:04,mlx5_6,0.000,0.000,0.000,0.000
2025-11-15 05:47:04,mlx5_7,0.000,0.000,0.000,0.000
2025-11-15 05:47:04,mlx5_8,0.000,0.000,0.000,0.000
2025-11-15 05:47:04,mlx5_9,0.000,0.000,382.681,235.917
2025-11-15 05:47:04,TOTAL,0.000,0.000,1148.374,709.351
2025-11-15 05:47:05,mlx5_0,0.000,0.000,0.000,0.000
2025-11-15 05:47:05,mlx5_1,12.415,0.017,383.709,233.764
2025-11-15 05:47:05,mlx5_2,12.537,0.017,385.114,239.674
2025-11-15 05:47:05,mlx5_3,0.000,0.000,0.000,0.000
2025-11-15 05:47:05,mlx5_4,0.000,0.000,0.000,0.000
2025-11-15 05:47:05,mlx5_5,0.000,0.000,0.000,0.000
2025-11-15 05:47:05,mlx5_6,0.000,0.000,0.000,0.000
2025-11-15 05:47:05,mlx5_7,0.000,0.000,0.000,0.000
2025-11-15 05:47:05,mlx5_8,0.000,0.000,0.000,0.000
2025-11-15 05:47:05,mlx5_9,12.325,0.017,384.227,235.919
2025-11-15 05:47:05,TOTAL,37.277,0.051,1153.051,709.357
2025-11-15 05:47:06,mlx5_0,0.000,0.000,0.000,0.000
2025-11-15 05:47:06,mlx5_1,0.000,0.000,383.709,233.764
2025-11-15 05:47:06,mlx5_2,0.000,0.000,385.114,239.674
2025-11-15 05:47:06,mlx5_3,0.000,0.000,0.000,0.000
2025-11-15 05:47:06,mlx5_4,0.000,0.000,0.000,0.000
2025-11-15 05:47:06,mlx5_5,0.000,0.000,0.000,0.000
2025-11-15 05:47:06,mlx5_6,0.000,0.000,0.000,0.000
2025-11-15 05:47:06,mlx5_7,0.000,0.000,0.000,0.000
2025-11-15 05:47:06,mlx5_8,0.000,0.000,0.000,0.000
2025-11-15 05:47:06,mlx5_9,0.000,0.000,384.227,235.919
2025-11-15 05:47:06,TOTAL,0.000,0.000,1153.051,709.357
2025-11-15 05:47:07,mlx5_0,0.000,0.000,0.000,0.000
2025-11-15 05:47:07,mlx5_1,0.000,0.000,383.709,233.764
2025-11-15 05:47:07,mlx5_2,0.000,0.000,385.114,239.674
2025-11-15 05:47:07,mlx5_3,0.000,0.000,0.000,0.000
2025-11-15 05:47:07,mlx5_4,0.000,0.000,0.000,0.000
2025-11-15 05:47:07,mlx5_5,0.000,0.000,0.000,0.000
2025-11-15 05:47:07,mlx5_6,0.000,0.000,0.000,0.000
2025-11-15 05:47:07,mlx5_7,0.000,0.000,0.000,0.000
2025-11-15 05:47:07,mlx5_8,0.000,0.000,0.000,0.000
2025-11-15 05:47:07,mlx5_9,0.000,0.000,384.227,235.919
2025-11-15 05:47:07,TOTAL,0.000,0.000,1153.051,709.357
2025-11-15 05:47:08,mlx5_0,0.000,0.000,0.000,0.000
2025-11-15 05:47:08,mlx5_1,9.571,0.013,384.909,233.766
2025-11-15 05:47:08,mlx5_2,9.486,0.013,386.304,239.675
2025-11-15 05:47:08,mlx5_3,0.000,0.000,0.000,0.000
2025-11-15 05:47:08,mlx5_4,0.000,0.000,0.000,0.000
2025-11-15 05:47:08,mlx5_5,0.000,0.000,0.000,0.000
2025-11-15 05:47:08,mlx5_6,0.000,0.000,0.000,0.000
2025-11-15 05:47:08,mlx5_7,0.000,0.000,0.000,0.000
2025-11-15 05:47:08,mlx5_8,0.000,0.000,0.000,0.000
2025-11-15 05:47:08,mlx5_9,9.638,0.013,385.436,235.921
2025-11-15 05:47:08,TOTAL,28.695,0.039,1156.649,709.362
2025-11-15 05:47:09,mlx5_0,0.000,0.000,0.000,0.000
2025-11-15 05:47:09,mlx5_1,0.000,0.000,384.909,233.766
2025-11-15 05:47:09,mlx5_2,0.005,0.000,386.304,239.675
2025-11-15 05:47:09,mlx5_3,0.000,0.000,0.000,0.000
2025-11-15 05:47:09,mlx5_4,0.000,0.000,0.000,0.000
2025-11-15 05:47:09,mlx5_5,0.000,0.000,0.000,0.000
2025-11-15 05:47:09,mlx5_6,0.000,0.000,0.000,0.000
2025-11-15 05:47:09,mlx5_7,0.000,0.000,0.000,0.000
2025-11-15 05:47:09,mlx5_8,0.000,0.000,0.000,0.000
2025-11-15 05:47:09,mlx5_9,0.000,0.000,385.436,235.921
2025-11-15 05:47:09,TOTAL,0.005,0.000,1156.650,709.362
2025-11-15 05:47:10,mlx5_0,0.000,0.000,0.000,0.000
2025-11-15 05:47:10,mlx5_1,0.000,0.000,384.909,233.766
2025-11-15 05:47:10,mlx5_2,0.000,0.000,386.304,239.675
2025-11-15 05:47:10,mlx5_3,0.000,0.000,0.000,0.000
2025-11-15 05:47:10,mlx5_4,0.000,0.000,0.000,0.000
2025-11-15 05:47:10,mlx5_5,0.000,0.000,0.000,0.000
2025-11-15 05:47:10,mlx5_6,0.000,0.000,0.000,0.000
2025-11-15 05:47:10,mlx5_7,0.000,0.000,0.000,0.000
2025-11-15 05:47:10,mlx5_8,0.000,0.000,0.000,0.000
2025-11-15 05:47:10,mlx5_9,0.000,0.000,385.436,235.921
2025-11-15 05:47:10,TOTAL,0.000,0.000,1156.650,709.362
2025-11-15 05:47:11,mlx5_0,0.000,0.000,0.000,0.000
2025-11-15 05:47:11,mlx5_1,0.000,0.000,384.909,233.766
2025-11-15 05:47:11,mlx5_2,0.000,0.000,386.304,239.675
2025-11-15 05:47:11,mlx5_3,0.000,0.000,0.000,0.000
2025-11-15 05:47:11,mlx5_4,0.000,0.000,0.000,0.000
2025-11-15 05:47:11,mlx5_5,0.000,0.000,0.000,0.000
2025-11-15 05:47:11,mlx5_6,0.000,0.000,0.000,0.000
2025-11-15 05:47:11,mlx5_7,0.000,0.000,0.000,0.000
2025-11-15 05:47:11,mlx5_8,0.000,0.000,0.000,0.000
2025-11-15 05:47:11,mlx5_9,0.000,0.000,385.436,235.921
2025-11-15 05:47:11,TOTAL,0.000,0.000,1156.650,709.362
2025-11-15 05:47:12,mlx5_0,0.000,0.000,0.000,0.000
2025-11-15 05:47:12,mlx5_1,0.000,0.000,384.909,233.766
2025-11-15 05:47:12,mlx5_2,0.000,0.000,386.304,239.675
2025-11-15 05:47:12,mlx5_3,0.000,0.000,0.000,0.000
2025-11-15 05:47:12,mlx5_4,0.000,0.000,0.000,0.000
2025-11-15 05:47:12,mlx5_5,0.000,0.000,0.000,0.000
2025-11-15 05:47:12,mlx5_6,0.000,0.000,0.000,0.000
2025-11-15 05:47:12,mlx5_7,0.000,0.000,0.000,0.000
2025-11-15 05:47:12,mlx5_8,0.000,0.000,0.000,0.000
2025-11-15 05:47:12,mlx5_9,0.000,0.000,385.436,235.921
2025-11-15 05:47:12,TOTAL,0.000,0.000,1156.650,709.362
2025-11-15 05:47:13,mlx5_0,0.000,0.000,0.000,0.000
2025-11-15 05:47:13,mlx5_1,0.000,0.000,384.909,233.766
2025-11-15 05:47:13,mlx5_2,0.000,0.000,386.304,239.675
2025-11-15 05:47:13,mlx5_3,0.000,0.000,0.000,0.000
2025-11-15 05:47:13,mlx5_4,0.000,0.000,0.000,0.000
2025-11-15 05:47:13,mlx5_5,0.000,0.000,0.000,0.000
2025-11-15 05:47:13,mlx5_6,0.000,0.000,0.000,0.000
2025-11-15 05:47:13,mlx5_7,0.000,0.000,0.000,0.000
2025-11-15 05:47:13,mlx5_8,0.000,0.000,0.000,0.000
2025-11-15 05:47:13,mlx5_9,0.000,0.000,385.436,235.921
2025-11-15 05:47:13,TOTAL,0.000,0.000,1156.650,709.362
2025-11-15 05:47:14,mlx5_0,0.000,0.000,0.000,0.000
2025-11-15 05:47:14,mlx5_1,0.000,0.000,384.909,233.766
2025-11-15 05:47:14,mlx5_2,0.000,0.000,386.304,239.675
2025-11-15 05:47:14,mlx5_3,0.000,0.000,0.000,0.000
2025-11-15 05:47:14,mlx5_4,0.000,0.000,0.000,0.000
2025-11-15 05:47:14,mlx5_5,0.000,0.000,0.000,0.000
2025-11-15 05:47:14,mlx5_6,0.000,0.000,0.000,0.000
2025-11-15 05:47:14,mlx5_7,0.000,0.000,0.000,0.000
2025-11-15 05:47:14,mlx5_8,0.000,0.000,0.000,0.000
2025-11-15 05:47:14,mlx5_9,0.000,0.000,385.436,235.921
2025-11-15 05:47:14,TOTAL,0.000,0.000,1156.650,709.362
2025-11-15 05:47:15,mlx5_0,0.000,0.000,0.000,0.000
2025-11-15 05:47:15,mlx5_1,0.000,0.000,384.909,233.766
2025-11-15 05:47:15,mlx5_2,0.000,0.000,386.304,239.675
2025-11-15 05:47:15,mlx5_3,0.000,0.000,0.000,0.000
2025-11-15 05:47:15,mlx5_4,0.000,0.000,0.000,0.000
2025-11-15 05:47:15,mlx5_5,0.000,0.000,0.000,0.000
2025-11-15 05:47:15,mlx5_6,0.000,0.000,0.000,0.000
2025-11-15 05:47:15,mlx5_7,0.000,0.000,0.000,0.000
2025-11-15 05:47:15,mlx5_8,0.000,0.000,0.000,0.000
2025-11-15 05:47:15,mlx5_9,0.000,0.000,385.436,235.921
2025-11-15 05:47:15,TOTAL,0.000,0.000,1156.650,709.362
2025-11-15 05:47:16,mlx5_0,0.000,0.000,0.000,0.000
2025-11-15 05:47:16,mlx5_1,0.000,0.000,384.909,233.766
2025-11-15 05:47:16,mlx5_2,0.000,0.000,386.304,239.675
2025-11-15 05:47:16,mlx5_3,0.000,0.000,0.000,0.000
2025-11-15 05:47:16,mlx5_4,0.000,0.000,0.000,0.000
2025-11-15 05:47:16,mlx5_5,0.000,0.000,0.000,0.000
2025-11-15 05:47:16,mlx5_6,0.000,0.000,0.000,0.000
2025-11-15 05:47:16,mlx5_7,0.000,0.000,0.000,0.000
2025-11-15 05:47:16,mlx5_8,0.000,0.000,0.000,0.000
2025-11-15 05:47:16,mlx5_9,0.000,0.000,385.436,235.921
2025-11-15 05:47:16,TOTAL,0.000,0.000,1156.650,709.362
2025-11-15 05:47:17,mlx5_0,0.000,0.000,0.000,0.000
2025-11-15 05:47:17,mlx5_1,0.000,0.000,384.909,233.766
2025-11-15 05:47:17,mlx5_2,0.000,0.000,386.304,239.675
2025-11-15 05:47:17,mlx5_3,0.000,0.000,0.000,0.000
2025-11-15 05:47:17,mlx5_4,0.000,0.000,0.000,0.000
2025-11-15 05:47:17,mlx5_5,0.000,0.000,0.000,0.000
2025-11-15 05:47:17,mlx5_6,0.000,0.000,0.000,0.000
2025-11-15 05:47:17,mlx5_7,0.000,0.000,0.000,0.000
2025-11-15 05:47:17,mlx5_8,0.000,0.000,0.000,0.000
2025-11-15 05:47:17,mlx5_9,0.000,0.000,385.436,235.921
2025-11-15 05:47:17,TOTAL,0.000,0.000,1156.650,709.362
2025-11-15 05:47:18,mlx5_0,0.000,0.000,0.000,0.000
2025-11-15 05:47:18,mlx5_1,0.000,0.000,384.909,233.766
2025-11-15 05:47:18,mlx5_2,0.000,0.000,386.304,239.675
2025-11-15 05:47:18,mlx5_3,0.000,0.000,0.000,0.000
2025-11-15 05:47:18,mlx5_4,0.000,0.000,0.000,0.000
2025-11-15 05:47:18,mlx5_5,0.000,0.000,0.000,0.000
2025-11-15 05:47:18,mlx5_6,0.000,0.000,0.000,0.000
2025-11-15 05:47:18,mlx5_7,0.000,0.000,0.000,0.000
2025-11-15 05:47:18,mlx5_8,0.000,0.000,0.000,0.000
2025-11-15 05:47:18,mlx5_9,0.000,0.000,385.436,235.921
2025-11-15 05:47:18,TOTAL,0.000,0.000,1156.650,709.362
2025-11-15 05:47:19,mlx5_0,0.000,0.000,0.000,0.000
2025-11-15 05:47:19,mlx5_1,0.000,0.000,384.909,233.766
2025-11-15 05:47:19,mlx5_2,0.000,0.000,386.304,239.675
2025-11-15 05:47:19,mlx5_3,0.000,0.000,0.000,0.000
2025-11-15 05:47:19,mlx5_4,0.000,0.000,0.000,0.000
2025-11-15 05:47:19,mlx5_5,0.000,0.000,0.000,0.000
2025-11-15 05:47:19,mlx5_6,0.000,0.000,0.000,0.000
2025-11-15 05:47:19,mlx5_7,0.000,0.000,0.000,0.000
2025-11-15 05:47:19,mlx5_8,0.000,0.000,0.000,0.000
2025-11-15 05:47:19,mlx5_9,0.000,0.000,385.436,235.921
2025-11-15 05:47:19,TOTAL,0.000,0.000,1156.650,709.362
2025-11-15 05:47:20,mlx5_0,0.000,0.000,0.000,0.000
2025-11-15 05:47:20,mlx5_1,0.000,0.000,384.909,233.766
2025-11-15 05:47:20,mlx5_2,0.000,0.000,386.304,239.675
2025-11-15 05:47:20,mlx5_3,0.000,0.000,0.000,0.000
2025-11-15 05:47:20,mlx5_4,0.000,0.000,0.000,0.000
2025-11-15 05:47:20,mlx5_5,0.000,0.000,0.000,0.000
2025-11-15 05:47:20,mlx5_6,0.000,0.000,0.000,0.000
2025-11-15 05:47:20,mlx5_7,0.000,0.000,0.000,0.000
2025-11-15 05:47:20,mlx5_8,0.000,0.000,0.000,0.000
2025-11-15 05:47:20,mlx5_9,0.000,0.000,385.436,235.921
2025-11-15 05:47:20,TOTAL,0.000,0.000,1156.650,709.362
2025-11-15 05:47:21,mlx5_0,0.000,0.000,0.000,0.000
2025-11-15 05:47:21,mlx5_1,0.000,0.000,384.909,233.766
2025-11-15 05:47:21,mlx5_2,0.000,0.000,386.304,239.675
2025-11-15 05:47:21,mlx5_3,0.000,0.000,0.000,0.000
2025-11-15 05:47:21,mlx5_4,0.000,0.000,0.000,0.000
2025-11-15 05:47:21,mlx5_5,0.000,0.000,0.000,0.000
2025-11-15 05:47:21,mlx5_6,0.000,0.000,0.000,0.000
2025-11-15 05:47:21,mlx5_7,0.000,0.000,0.000,0.000
2025-11-15 05:47:21,mlx5_8,0.000,0.000,0.000,0.000
2025-11-15 05:47:21,mlx5_9,0.000,0.000,385.436,235.921
2025-11-15 05:47:21,TOTAL,0.000,0.000,1156.650,709.362
2025-11-15 05:47:22,mlx5_0,0.000,0.000,0.000,0.000
2025-11-15 05:47:22,mlx5_1,0.000,0.000,384.909,233.766
2025-11-15 05:47:22,mlx5_2,0.000,0.000,386.304,239.675
2025-11-15 05:47:22,mlx5_3,0.000,0.000,0.000,0.000
2025-11-15 05:47:22,mlx5_4,0.000,0.000,0.000,0.000
2025-11-15 05:47:22,mlx5_5,0.000,0.000,0.000,0.000
2025-11-15 05:47:22,mlx5_6,0.000,0.000,0.000,0.000
2025-11-15 05:47:22,mlx5_7,0.000,0.000,0.000,0.000
2025-11-15 05:47:22,mlx5_8,0.000,0.000,0.000,0.000
2025-11-15 05:47:22,mlx5_9,0.000,0.000,385.436,235.921
2025-11-15 05:47:22,TOTAL,0.000,0.000,1156.650,709.362
2025-11-15 05:47:23,mlx5_0,0.000,0.000,0.000,0.000
2025-11-15 05:47:23,mlx5_1,0.000,0.000,384.909,233.766
2025-11-15 05:47:23,mlx5_2,0.000,0.000,386.304,239.675
2025-11-15 05:47:23,mlx5_3,0.000,0.000,0.000,0.000
2025-11-15 05:47:23,mlx5_4,0.000,0.000,0.000,0.000
2025-11-15 05:47:23,mlx5_5,0.000,0.000,0.000,0.000
2025-11-15 05:47:23,mlx5_6,0.000,0.000,0.000,0.000
2025-11-15 05:47:23,mlx5_7,0.000,0.000,0.000,0.000
2025-11-15 05:47:23,mlx5_8,0.000,0.000,0.000,0.000
2025-11-15 05:47:23,mlx5_9,0.000,0.000,385.436,235.921
2025-11-15 05:47:23,TOTAL,0.000,0.000,1156.650,709.362
2025-11-15 05:47:24,mlx5_0,0.000,0.000,0.000,0.000
2025-11-15 05:47:24,mlx5_1,0.000,0.000,384.909,233.766
2025-11-15 05:47:24,mlx5_2,0.000,0.000,386.304,239.675
2025-11-15 05:47:24,mlx5_3,0.000,0.000,0.000,0.000
2025-11-15 05:47:24,mlx5_4,0.000,0.000,0.000,0.000
2025-11-15 05:47:24,mlx5_5,0.000,0.000,0.000,0.000
2025-11-15 05:47:24,mlx5_6,0.000,0.000,0.000,0.000
2025-11-15 05:47:24,mlx5_7,0.000,0.000,0.000,0.000
2025-11-15 05:47:24,mlx5_8,0.000,0.000,0.000,0.000
2025-11-15 05:47:24,mlx5_9,0.000,0.000,385.436,235.921
2025-11-15 05:47:24,TOTAL,0.000,0.000,1156.650,709.362
2025-11-15 05:47:25,mlx5_0,0.000,0.000,0.000,0.000
2025-11-15 05:47:25,mlx5_1,0.000,0.000,384.909,233.766
2025-11-15 05:47:25,mlx5_2,0.000,0.000,386.304,239.675
2025-11-15 05:47:25,mlx5_3,0.000,0.000,0.000,0.000
2025-11-15 05:47:25,mlx5_4,0.000,0.000,0.000,0.000
2025-11-15 05:47:25,mlx5_5,0.000,0.000,0.000,0.000
2025-11-15 05:47:25,mlx5_6,0.000,0.000,0.000,0.000
2025-11-15 05:47:25,mlx5_7,0.000,0.000,0.000,0.000
2025-11-15 05:47:25,mlx5_8,0.000,0.000,0.000,0.000
2025-11-15 05:47:25,mlx5_9,0.000,0.000,385.436,235.921
2025-11-15 05:47:25,TOTAL,0.000,0.000,1156.650,709.362
2025-11-15 05:47:26,mlx5_0,0.000,0.000,0.000,0.000
2025-11-15 05:47:26,mlx5_1,0.000,0.000,384.909,233.766
2025-11-15 05:47:26,mlx5_2,0.000,0.000,386.304,239.675
2025-11-15 05:47:26,mlx5_3,0.000,0.000,0.000,0.000
2025-11-15 05:47:26,mlx5_4,0.000,0.000,0.000,0.000
2025-11-15 05:47:26,mlx5_5,0.000,0.000,0.000,0.000
2025-11-15 05:47:26,mlx5_6,0.000,0.000,0.000,0.000
2025-11-15 05:47:26,mlx5_7,0.000,0.000,0.000,0.000
2025-11-15 05:47:26,mlx5_8,0.000,0.000,0.000,0.000
2025-11-15 05:47:26,mlx5_9,0.000,0.000,385.436,235.921
2025-11-15 05:47:26,TOTAL,0.000,0.000,1156.650,709.362
2025-11-15 05:47:27,mlx5_0,0.000,0.000,0.000,0.000
2025-11-15 05:47:27,mlx5_1,0.029,11.824,384.913,235.250
2025-11-15 05:47:27,mlx5_2,0.029,12.256,386.308,241.213
2025-11-15 05:47:27,mlx5_3,0.000,0.000,0.000,0.000
2025-11-15 05:47:27,mlx5_4,0.000,0.000,0.000,0.000
2025-11-15 05:47:27,mlx5_5,0.000,0.000,0.000,0.000
2025-11-15 05:47:27,mlx5_6,0.000,0.000,0.000,0.000
2025-11-15 05:47:27,mlx5_7,0.000,0.000,0.000,0.000
2025-11-15 05:47:27,mlx5_8,0.000,0.000,0.000,0.000
2025-11-15 05:47:27,mlx5_9,0.029,12.180,385.440,237.449
2025-11-15 05:47:27,TOTAL,0.087,36.260,1156.661,713.912
2025-11-15 05:47:28,mlx5_0,0.000,0.000,0.000,0.000
2025-11-15 05:47:28,mlx5_1,0.061,44.530,384.921,240.839
2025-11-15 05:47:28,mlx5_2,0.062,45.020,386.316,246.864
2025-11-15 05:47:28,mlx5_3,0.000,0.000,0.000,0.000
2025-11-15 05:47:28,mlx5_4,0.000,0.000,0.000,0.000
2025-11-15 05:47:28,mlx5_5,0.000,0.000,0.000,0.000
2025-11-15 05:47:28,mlx5_6,0.000,0.000,0.000,0.000
2025-11-15 05:47:28,mlx5_7,0.000,0.000,0.000,0.000
2025-11-15 05:47:28,mlx5_8,0.000,0.000,0.000,0.000
2025-11-15 05:47:28,mlx5_9,0.063,44.672,385.448,243.056
2025-11-15 05:47:28,TOTAL,0.186,134.222,1156.684,730.759
2025-11-15 05:47:29,mlx5_0,0.000,0.000,0.000,0.000
2025-11-15 05:47:29,mlx5_1,0.026,19.650,384.924,243.305
2025-11-15 05:47:29,mlx5_2,0.026,20.143,386.319,249.392
2025-11-15 05:47:29,mlx5_3,0.000,0.000,0.000,0.000
2025-11-15 05:47:29,mlx5_4,0.000,0.000,0.000,0.000
2025-11-15 05:47:29,mlx5_5,0.000,0.000,0.000,0.000
2025-11-15 05:47:29,mlx5_6,0.000,0.000,0.000,0.000
2025-11-15 05:47:29,mlx5_7,0.000,0.000,0.000,0.000
2025-11-15 05:47:29,mlx5_8,0.000,0.000,0.000,0.000
2025-11-15 05:47:29,mlx5_9,0.026,19.591,385.451,245.515
2025-11-15 05:47:29,TOTAL,0.078,59.384,1156.694,738.213
2025-11-15 05:47:30,mlx5_0,0.000,0.000,0.000,0.000
2025-11-15 05:47:30,mlx5_1,0.032,0.145,384.928,243.323
2025-11-15 05:47:30,mlx5_2,0.033,0.157,386.323,249.412
2025-11-15 05:47:30,mlx5_3,0.000,0.000,0.000,0.000
2025-11-15 05:47:30,mlx5_4,0.000,0.000,0.000,0.000
2025-11-15 05:47:30,mlx5_5,0.000,0.000,0.000,0.000
2025-11-15 05:47:30,mlx5_6,0.000,0.000,0.000,0.000
2025-11-15 05:47:30,mlx5_7,0.000,0.000,0.000,0.000
2025-11-15 05:47:30,mlx5_8,0.000,0.000,0.000,0.000
2025-11-15 05:47:30,mlx5_9,0.034,0.163,385.455,245.536
2025-11-15 05:47:30,TOTAL,0.099,0.465,1156.706,738.271
2025-11-15 05:47:31,mlx5_0,0.000,0.000,0.000,0.000
2025-11-15 05:47:31,mlx5_1,0.330,27.017,384.969,246.714
2025-11-15 05:47:31,mlx5_2,0.353,27.878,386.368,252.911
2025-11-15 05:47:31,mlx5_3,0.000,0.000,0.000,0.000
2025-11-15 05:47:31,mlx5_4,0.000,0.000,0.000,0.000
2025-11-15 05:47:31,mlx5_5,0.000,0.000,0.000,0.000
2025-11-15 05:47:31,mlx5_6,0.000,0.000,0.000,0.000
2025-11-15 05:47:31,mlx5_7,0.000,0.000,0.000,0.000
2025-11-15 05:47:31,mlx5_8,0.000,0.000,0.000,0.000
2025-11-15 05:47:31,mlx5_9,0.341,27.475,385.498,248.984
2025-11-15 05:47:31,TOTAL,1.025,82.371,1156.835,748.609
2025-11-15 05:47:32,mlx5_0,0.000,0.000,0.000,0.000
2025-11-15 05:47:32,mlx5_1,0.088,51.428,384.980,253.168
2025-11-15 05:47:32,mlx5_2,0.090,52.899,386.379,259.550
2025-11-15 05:47:32,mlx5_3,0.000,0.000,0.000,0.000
2025-11-15 05:47:32,mlx5_4,0.000,0.000,0.000,0.000
2025-11-15 05:47:32,mlx5_5,0.000,0.000,0.000,0.000
2025-11-15 05:47:32,mlx5_6,0.000,0.000,0.000,0.000
2025-11-15 05:47:32,mlx5_7,0.000,0.000,0.000,0.000
2025-11-15 05:47:32,mlx5_8,0.000,0.000,0.000,0.000
2025-11-15 05:47:32,mlx5_9,0.091,52.220,385.509,255.538
2025-11-15 05:47:32,TOTAL,0.269,156.547,1156.869,768.256
2025-11-15 05:47:33,mlx5_0,0.000,0.000,0.000,0.000
2025-11-15 05:47:33,mlx5_1,0.314,26.780,385.020,256.529
2025-11-15 05:47:33,mlx5_2,0.333,26.922,386.421,262.928
2025-11-15 05:47:33,mlx5_3,0.000,0.000,0.000,0.000
2025-11-15 05:47:33,mlx5_4,0.000,0.000,0.000,0.000
2025-11-15 05:47:33,mlx5_5,0.000,0.000,0.000,0.000
2025-11-15 05:47:33,mlx5_6,0.000,0.000,0.000,0.000
2025-11-15 05:47:33,mlx5_7,0.000,0.000,0.000,0.000
2025-11-15 05:47:33,mlx5_8,0.000,0.000,0.000,0.000
2025-11-15 05:47:33,mlx5_9,0.324,27.332,385.550,258.968
2025-11-15 05:47:33,TOTAL,0.970,81.035,1156.991,778.425
2025-11-15 05:47:34,mlx5_0,0.000,0.000,0.000,0.000
2025-11-15 05:47:34,mlx5_1,0.096,49.637,385.032,262.759
2025-11-15 05:47:34,mlx5_2,0.098,50.329,386.433,269.245
2025-11-15 05:47:34,mlx5_3,0.000,0.000,0.000,0.000
2025-11-15 05:47:34,mlx5_4,0.000,0.000,0.000,0.000
2025-11-15 05:47:34,mlx5_5,0.000,0.000,0.000,0.000
2025-11-15 05:47:34,mlx5_6,0.000,0.000,0.000,0.000
2025-11-15 05:47:34,mlx5_7,0.000,0.000,0.000,0.000
2025-11-15 05:47:34,mlx5_8,0.000,0.000,0.000,0.000
2025-11-15 05:47:34,mlx5_9,0.097,49.785,385.562,265.216
2025-11-15 05:47:34,TOTAL,0.291,149.750,1157.027,797.219
2025-11-15 05:47:35,mlx5_0,0.000,0.000,0.000,0.000
2025-11-15 05:47:35,mlx5_1,0.304,28.764,385.070,266.369
2025-11-15 05:47:35,mlx5_2,0.323,29.796,386.474,272.984
2025-11-15 05:47:35,mlx5_3,0.000,0.000,0.000,0.000
2025-11-15 05:47:35,mlx5_4,0.000,0.000,0.000,0.000
2025-11-15 05:47:35,mlx5_5,0.000,0.000,0.000,0.000
2025-11-15 05:47:35,mlx5_6,0.000,0.000,0.000,0.000
2025-11-15 05:47:35,mlx5_7,0.000,0.000,0.000,0.000
2025-11-15 05:47:35,mlx5_8,0.000,0.000,0.000,0.000
2025-11-15 05:47:35,mlx5_9,0.314,29.695,385.602,268.942
2025-11-15 05:47:35,TOTAL,0.941,88.255,1157.145,808.295
2025-11-15 05:47:36,mlx5_0,0.000,0.000,0.000,0.000
2025-11-15 05:47:36,mlx5_1,0.060,46.959,385.078,272.263
2025-11-15 05:47:36,mlx5_2,0.061,47.842,386.481,278.989
2025-11-15 05:47:36,mlx5_3,0.000,0.000,0.000,0.000
2025-11-15 05:47:36,mlx5_4,0.000,0.000,0.000,0.000
2025-11-15 05:47:36,mlx5_5,0.000,0.000,0.000,0.000
2025-11-15 05:47:36,mlx5_6,0.000,0.000,0.000,0.000
2025-11-15 05:47:36,mlx5_7,0.000,0.000,0.000,0.000
2025-11-15 05:47:36,mlx5_8,0.000,0.000,0.000,0.000
2025-11-15 05:47:36,mlx5_9,0.061,47.263,385.609,274.875
2025-11-15 05:47:36,TOTAL,0.182,142.063,1157.168,826.127
2025-11-15 05:47:37,mlx5_0,0.000,0.000,0.000,0.000
2025-11-15 05:47:37,mlx5_1,0.299,7.735,385.115,273.233
2025-11-15 05:47:37,mlx5_2,0.321,8.339,386.522,280.036
2025-11-15 05:47:37,mlx5_3,0.000,0.000,0.000,0.000
2025-11-15 05:47:37,mlx5_4,0.000,0.000,0.000,0.000
2025-11-15 05:47:37,mlx5_5,0.000,0.000,0.000,0.000
2025-11-15 05:47:37,mlx5_6,0.000,0.000,0.000,0.000
2025-11-15 05:47:37,mlx5_7,0.000,0.000,0.000,0.000
2025-11-15 05:47:37,mlx5_8,0.000,0.000,0.000,0.000
2025-11-15 05:47:37,mlx5_9,0.311,8.168,385.648,275.900
2025-11-15 05:47:37,TOTAL,0.932,24.241,1157.285,829.168
2025-11-15 05:47:38,mlx5_0,0.000,0.000,0.000,0.000
2025-11-15 05:47:38,mlx5_1,0.079,51.524,385.125,279.700
2025-11-15 05:47:38,mlx5_2,0.080,52.735,386.532,286.654
2025-11-15 05:47:38,mlx5_3,0.000,0.000,0.000,0.000
2025-11-15 05:47:38,mlx5_4,0.000,0.000,0.000,0.000
2025-11-15 05:47:38,mlx5_5,0.000,0.000,0.000,0.000
2025-11-15 05:47:38,mlx5_6,0.000,0.000,0.000,0.000
2025-11-15 05:47:38,mlx5_7,0.000,0.000,0.000,0.000
2025-11-15 05:47:38,mlx5_8,0.000,0.000,0.000,0.000
2025-11-15 05:47:38,mlx5_9,0.080,52.117,385.658,282.440
2025-11-15 05:47:38,TOTAL,0.240,156.375,1157.315,848.794
2025-11-15 05:47:39,mlx5_0,0.000,0.000,0.000,0.000
2025-11-15 05:47:39,mlx5_1,0.279,30.881,385.160,283.575
2025-11-15 05:47:39,mlx5_2,0.295,32.372,386.569,290.716
2025-11-15 05:47:39,mlx5_3,0.000,0.000,0.000,0.000
2025-11-15 05:47:39,mlx5_4,0.000,0.000,0.000,0.000
2025-11-15 05:47:39,mlx5_5,0.000,0.000,0.000,0.000
2025-11-15 05:47:39,mlx5_6,0.000,0.000,0.000,0.000
2025-11-15 05:47:39,mlx5_7,0.000,0.000,0.000,0.000
2025-11-15 05:47:39,mlx5_8,0.000,0.000,0.000,0.000
2025-11-15 05:47:39,mlx5_9,0.288,31.094,385.695,286.343
2025-11-15 05:47:39,TOTAL,0.863,94.347,1157.423,860.634
2025-11-15 05:47:40,mlx5_0,0.000,0.000,0.000,0.000
2025-11-15 05:47:40,mlx5_1,0.118,48.797,385.175,289.699
2025-11-15 05:47:40,mlx5_2,0.123,50.377,386.584,297.039
2025-11-15 05:47:40,mlx5_3,0.000,0.000,0.000,0.000
2025-11-15 05:47:40,mlx5_4,0.000,0.000,0.000,0.000
2025-11-15 05:47:40,mlx5_5,0.000,0.000,0.000,0.000
2025-11-15 05:47:40,mlx5_6,0.000,0.000,0.000,0.000
2025-11-15 05:47:40,mlx5_7,0.000,0.000,0.000,0.000
2025-11-15 05:47:40,mlx5_8,0.000,0.000,0.000,0.000
2025-11-15 05:47:40,mlx5_9,0.120,49.426,385.710,292.546
2025-11-15 05:47:40,TOTAL,0.362,148.600,1157.469,879.283
2025-11-15 05:47:41,mlx5_0,0.000,0.000,0.000,0.000
2025-11-15 05:47:41,mlx5_1,0.267,33.893,385.208,293.953
2025-11-15 05:47:41,mlx5_2,0.278,35.684,386.619,301.517
2025-11-15 05:47:41,mlx5_3,0.000,0.000,0.000,0.000
2025-11-15 05:47:41,mlx5_4,0.000,0.000,0.000,0.000
2025-11-15 05:47:41,mlx5_5,0.000,0.000,0.000,0.000
2025-11-15 05:47:41,mlx5_6,0.000,0.000,0.000,0.000
2025-11-15 05:47:41,mlx5_7,0.000,0.000,0.000,0.000
2025-11-15 05:47:41,mlx5_8,0.000,0.000,0.000,0.000
2025-11-15 05:47:41,mlx5_9,0.275,35.727,385.744,297.029
2025-11-15 05:47:41,TOTAL,0.820,105.305,1157.572,892.499
2025-11-15 05:47:42,mlx5_0,0.000,0.000,0.000,0.000
2025-11-15 05:47:42,mlx5_1,0.182,44.786,385.231,299.574
2025-11-15 05:47:42,mlx5_2,0.190,46.627,386.643,307.369
2025-11-15 05:47:42,mlx5_3,0.000,0.000,0.000,0.000
2025-11-15 05:47:42,mlx5_4,0.000,0.000,0.000,0.000
2025-11-15 05:47:42,mlx5_5,0.000,0.000,0.000,0.000
2025-11-15 05:47:42,mlx5_6,0.000,0.000,0.000,0.000
2025-11-15 05:47:42,mlx5_7,0.000,0.000,0.000,0.000
2025-11-15 05:47:42,mlx5_8,0.000,0.000,0.000,0.000
2025-11-15 05:47:42,mlx5_9,0.187,45.963,385.768,302.798
2025-11-15 05:47:42,TOTAL,0.559,137.375,1157.642,909.741
2025-11-15 05:47:43,mlx5_0,0.000,0.000,0.000,0.000
2025-11-15 05:47:43,mlx5_1,0.228,38.760,385.260,304.438
2025-11-15 05:47:43,mlx5_2,0.240,41.036,386.673,312.519
2025-11-15 05:47:43,mlx5_3,0.000,0.000,0.000,0.000
2025-11-15 05:47:43,mlx5_4,0.000,0.000,0.000,0.000
2025-11-15 05:47:43,mlx5_5,0.000,0.000,0.000,0.000
2025-11-15 05:47:43,mlx5_6,0.000,0.000,0.000,0.000
2025-11-15 05:47:43,mlx5_7,0.000,0.000,0.000,0.000
2025-11-15 05:47:43,mlx5_8,0.000,0.000,0.000,0.000
2025-11-15 05:47:43,mlx5_9,0.235,39.490,385.797,307.754
2025-11-15 05:47:43,TOTAL,0.703,119.287,1157.730,924.710
2025-11-15 05:47:44,mlx5_0,0.000,0.000,0.000,0.000
2025-11-15 05:47:44,mlx5_1,0.191,43.309,385.284,309.873
2025-11-15 05:47:44,mlx5_2,0.199,45.555,386.698,318.236
2025-11-15 05:47:44,mlx5_3,0.000,0.000,0.000,0.000
2025-11-15 05:47:44,mlx5_4,0.000,0.000,0.000,0.000
2025-11-15 05:47:44,mlx5_5,0.000,0.000,0.000,0.000
2025-11-15 05:47:44,mlx5_6,0.000,0.000,0.000,0.000
2025-11-15 05:47:44,mlx5_7,0.000,0.000,0.000,0.000
2025-11-15 05:47:44,mlx5_8,0.000,0.000,0.000,0.000
2025-11-15 05:47:44,mlx5_9,0.194,44.217,385.822,313.303
2025-11-15 05:47:44,TOTAL,0.584,133.081,1157.803,941.412
2025-11-15 05:47:45,mlx5_0,0.000,0.000,0.000,0.000
2025-11-15 05:47:45,mlx5_1,0.206,39.285,385.310,314.803
2025-11-15 05:47:45,mlx5_2,0.215,40.310,386.725,323.295
2025-11-15 05:47:45,mlx5_3,0.000,0.000,0.000,0.000
2025-11-15 05:47:45,mlx5_4,0.000,0.000,0.000,0.000
2025-11-15 05:47:45,mlx5_5,0.000,0.000,0.000,0.000
2025-11-15 05:47:45,mlx5_6,0.000,0.000,0.000,0.000
2025-11-15 05:47:45,mlx5_7,0.000,0.000,0.000,0.000
2025-11-15 05:47:45,mlx5_8,0.000,0.000,0.000,0.000
2025-11-15 05:47:45,mlx5_9,0.213,40.072,385.848,318.332
2025-11-15 05:47:45,TOTAL,0.634,119.667,1157.883,956.430
2025-11-15 05:47:46,mlx5_0,0.000,0.000,0.000,0.000
2025-11-15 05:47:46,mlx5_1,0.118,35.748,385.325,319.290
2025-11-15 05:47:46,mlx5_2,0.124,37.472,386.740,327.998
2025-11-15 05:47:46,mlx5_3,0.000,0.000,0.000,0.000
2025-11-15 05:47:46,mlx5_4,0.000,0.000,0.000,0.000
2025-11-15 05:47:46,mlx5_5,0.000,0.000,0.000,0.000
2025-11-15 05:47:46,mlx5_6,0.000,0.000,0.000,0.000
2025-11-15 05:47:46,mlx5_7,0.000,0.000,0.000,0.000
2025-11-15 05:47:46,mlx5_8,0.000,0.000,0.000,0.000
2025-11-15 05:47:46,mlx5_9,0.121,36.675,385.863,322.935
2025-11-15 05:47:46,TOTAL,0.362,109.895,1157.929,970.222
2025-11-15 05:47:47,mlx5_0,0.000,0.000,0.000,0.000
2025-11-15 05:47:47,mlx5_1,0.023,19.042,385.328,321.679
2025-11-15 05:47:47,mlx5_2,0.024,19.413,386.743,330.434
2025-11-15 05:47:47,mlx5_3,0.000,0.000,0.000,0.000
2025-11-15 05:47:47,mlx5_4,0.000,0.000,0.000,0.000
2025-11-15 05:47:47,mlx5_5,0.000,0.000,0.000,0.000
2025-11-15 05:47:47,mlx5_6,0.000,0.000,0.000,0.000
2025-11-15 05:47:47,mlx5_7,0.000,0.000,0.000,0.000
2025-11-15 05:47:47,mlx5_8,0.000,0.000,0.000,0.000
2025-11-15 05:47:47,mlx5_9,0.024,19.153,385.866,325.338
2025-11-15 05:47:47,TOTAL,0.071,57.609,1157.937,977.452
2025-11-15 05:47:48,mlx5_0,0.000,0.000,0.000,0.000
2025-11-15 05:47:48,mlx5_1,0.221,2.033,385.355,321.935
2025-11-15 05:47:48,mlx5_2,0.239,2.216,386.773,330.712
2025-11-15 05:47:48,mlx5_3,0.000,0.000,0.000,0.000
2025-11-15 05:47:48,mlx5_4,0.000,0.000,0.000,0.000
2025-11-15 05:47:48,mlx5_5,0.000,0.000,0.000,0.000
2025-11-15 05:47:48,mlx5_6,0.000,0.000,0.000,0.000
2025-11-15 05:47:48,mlx5_7,0.000,0.000,0.000,0.000
2025-11-15 05:47:48,mlx5_8,0.000,0.000,0.000,0.000
2025-11-15 05:47:48,mlx5_9,0.232,2.133,385.896,325.606
2025-11-15 05:47:48,TOTAL,0.692,6.382,1158.024,978.253
2025-11-15 05:47:49,mlx5_0,0.000,0.000,0.000,0.000
2025-11-15 05:47:49,mlx5_1,0.215,40.597,385.382,327.030
2025-11-15 05:47:49,mlx5_2,0.228,41.923,386.802,335.974
2025-11-15 05:47:49,mlx5_3,0.000,0.000,0.000,0.000
2025-11-15 05:47:49,mlx5_4,0.000,0.000,0.000,0.000
2025-11-15 05:47:49,mlx5_5,0.000,0.000,0.000,0.000
2025-11-15 05:47:49,mlx5_6,0.000,0.000,0.000,0.000
2025-11-15 05:47:49,mlx5_7,0.000,0.000,0.000,0.000
2025-11-15 05:47:49,mlx5_8,0.000,0.000,0.000,0.000
2025-11-15 05:47:49,mlx5_9,0.222,41.641,385.923,330.833
2025-11-15 05:47:49,TOTAL,0.665,124.162,1158.108,993.837
2025-11-15 05:47:50,mlx5_0,0.000,0.000,0.000,0.000
2025-11-15 05:47:50,mlx5_1,0.220,43.091,385.410,332.439
2025-11-15 05:47:50,mlx5_2,0.228,43.382,386.831,341.419
2025-11-15 05:47:50,mlx5_3,0.000,0.000,0.000,0.000
2025-11-15 05:47:50,mlx5_4,0.000,0.000,0.000,0.000
2025-11-15 05:47:50,mlx5_5,0.000,0.000,0.000,0.000
2025-11-15 05:47:50,mlx5_6,0.000,0.000,0.000,0.000
2025-11-15 05:47:50,mlx5_7,0.000,0.000,0.000,0.000
2025-11-15 05:47:50,mlx5_8,0.000,0.000,0.000,0.000
2025-11-15 05:47:50,mlx5_9,0.226,42.778,385.952,336.202
2025-11-15 05:47:50,TOTAL,0.675,129.252,1158.192,1010.060
2025-11-15 05:47:51,mlx5_0,0.000,0.000,0.000,0.000
2025-11-15 05:47:51,mlx5_1,0.226,48.089,385.438,338.474
2025-11-15 05:47:51,mlx5_2,0.236,49.493,386.860,347.631
2025-11-15 05:47:51,mlx5_3,0.000,0.000,0.000,0.000
2025-11-15 05:47:51,mlx5_4,0.000,0.000,0.000,0.000
2025-11-15 05:47:51,mlx5_5,0.000,0.000,0.000,0.000
2025-11-15 05:47:51,mlx5_6,0.000,0.000,0.000,0.000
2025-11-15 05:47:51,mlx5_7,0.000,0.000,0.000,0.000
2025-11-15 05:47:51,mlx5_8,0.000,0.000,0.000,0.000
2025-11-15 05:47:51,mlx5_9,0.232,49.181,385.981,342.374
2025-11-15 05:47:51,TOTAL,0.693,146.764,1158.279,1028.479
2025-11-15 05:47:52,mlx5_0,0.000,0.000,0.000,0.000
2025-11-15 05:47:52,mlx5_1,0.254,40.757,385.470,343.589
2025-11-15 05:47:52,mlx5_2,0.266,43.873,386.894,353.137
2025-11-15 05:47:52,mlx5_3,0.000,0.000,0.000,0.000
2025-11-15 05:47:52,mlx5_4,0.000,0.000,0.000,0.000
2025-11-15 05:47:52,mlx5_5,0.000,0.000,0.000,0.000
2025-11-15 05:47:52,mlx5_6,0.000,0.000,0.000,0.000
2025-11-15 05:47:52,mlx5_7,0.000,0.000,0.000,0.000
2025-11-15 05:47:52,mlx5_8,0.000,0.000,0.000,0.000
2025-11-15 05:47:52,mlx5_9,0.262,42.745,386.014,347.739
2025-11-15 05:47:52,TOTAL,0.781,127.375,1158.377,1044.464
2025-11-15 05:47:53,mlx5_0,0.000,0.000,0.000,0.000
2025-11-15 05:47:53,mlx5_1,0.201,47.717,385.495,349.578
2025-11-15 05:47:53,mlx5_2,0.209,48.987,386.920,359.285
2025-11-15 05:47:53,mlx5_3,0.000,0.000,0.000,0.000
2025-11-15 05:47:53,mlx5_4,0.000,0.000,0.000,0.000
2025-11-15 05:47:53,mlx5_5,0.000,0.000,0.000,0.000
2025-11-15 05:47:53,mlx5_6,0.000,0.000,0.000,0.000
2025-11-15 05:47:53,mlx5_7,0.000,0.000,0.000,0.000
2025-11-15 05:47:53,mlx5_8,0.000,0.000,0.000,0.000
2025-11-15 05:47:53,mlx5_9,0.207,49.556,386.040,353.958
2025-11-15 05:47:53,TOTAL,0.617,146.261,1158.455,1062.820
2025-11-15 05:47:54,mlx5_0,0.000,0.000,0.000,0.000
2025-11-15 05:47:54,mlx5_1,0.281,38.093,385.531,354.358
2025-11-15 05:47:54,mlx5_2,0.296,40.061,386.957,364.312
2025-11-15 05:47:54,mlx5_3,0.000,0.000,0.000,0.000
2025-11-15 05:47:54,mlx5_4,0.000,0.000,0.000,0.000
2025-11-15 05:47:54,mlx5_5,0.000,0.000,0.000,0.000
2025-11-15 05:47:54,mlx5_6,0.000,0.000,0.000,0.000
2025-11-15 05:47:54,mlx5_7,0.000,0.000,0.000,0.000
2025-11-15 05:47:54,mlx5_8,0.000,0.000,0.000,0.000
2025-11-15 05:47:54,mlx5_9,0.291,39.716,386.076,358.942
2025-11-15 05:47:54,TOTAL,0.868,117.870,1158.564,1077.613
2025-11-15 05:47:55,mlx5_0,0.000,0.000,0.000,0.000
2025-11-15 05:47:55,mlx5_1,0.156,52.462,385.550,360.942
2025-11-15 05:47:55,mlx5_2,0.162,53.355,386.977,371.008
2025-11-15 05:47:55,mlx5_3,0.000,0.000,0.000,0.000
2025-11-15 05:47:55,mlx5_4,0.000,0.000,0.000,0.000
2025-11-15 05:47:55,mlx5_5,0.000,0.000,0.000,0.000
2025-11-15 05:47:55,mlx5_6,0.000,0.000,0.000,0.000
2025-11-15 05:47:55,mlx5_7,0.000,0.000,0.000,0.000
2025-11-15 05:47:55,mlx5_8,0.000,0.000,0.000,0.000
2025-11-15 05:47:55,mlx5_9,0.159,52.234,386.096,365.498
2025-11-15 05:47:55,TOTAL,0.477,158.051,1158.624,1097.448
2025-11-15 05:47:56,mlx5_0,0.000,0.000,0.000,0.000
2025-11-15 05:47:56,mlx5_1,0.242,32.950,385.581,365.077
2025-11-15 05:47:56,mlx5_2,0.251,34.873,387.009,375.385
2025-11-15 05:47:56,mlx5_3,0.000,0.000,0.000,0.000
2025-11-15 05:47:56,mlx5_4,0.000,0.000,0.000,0.000
2025-11-15 05:47:56,mlx5_5,0.000,0.000,0.000,0.000
2025-11-15 05:47:56,mlx5_6,0.000,0.000,0.000,0.000
2025-11-15 05:47:56,mlx5_7,0.000,0.000,0.000,0.000
2025-11-15 05:47:56,mlx5_8,0.000,0.000,0.000,0.000
2025-11-15 05:47:56,mlx5_9,0.247,34.153,386.127,369.784
2025-11-15 05:47:56,TOTAL,0.741,101.977,1158.716,1110.246
2025-11-15 05:47:57,mlx5_0,0.000,0.000,0.000,0.000
2025-11-15 05:47:57,mlx5_1,0.048,38.423,385.587,369.899
2025-11-15 05:47:57,mlx5_2,0.049,39.265,387.015,380.313
2025-11-15 05:47:57,mlx5_3,0.000,0.000,0.000,0.000
2025-11-15 05:47:57,mlx5_4,0.000,0.000,0.000,0.000
2025-11-15 05:47:57,mlx5_5,0.000,0.000,0.000,0.000
2025-11-15 05:47:57,mlx5_6,0.000,0.000,0.000,0.000
2025-11-15 05:47:57,mlx5_7,0.000,0.000,0.000,0.000
2025-11-15 05:47:57,mlx5_8,0.000,0.000,0.000,0.000
2025-11-15 05:47:57,mlx5_9,0.049,38.730,386.133,374.645
2025-11-15 05:47:57,TOTAL,0.145,116.418,1158.735,1124.857
2025-11-15 05:47:58,mlx5_0,0.000,0.000,0.000,0.000
2025-11-15 05:47:58,mlx5_1,0.143,8.631,385.605,370.983
2025-11-15 05:47:58,mlx5_2,0.153,9.054,387.034,381.449
2025-11-15 05:47:58,mlx5_3,0.000,0.000,0.000,0.000
2025-11-15 05:47:58,mlx5_4,0.000,0.000,0.000,0.000
2025-11-15 05:47:58,mlx5_5,0.000,0.000,0.000,0.000
2025-11-15 05:47:58,mlx5_6,0.000,0.000,0.000,0.000
2025-11-15 05:47:58,mlx5_7,0.000,0.000,0.000,0.000
2025-11-15 05:47:58,mlx5_8,0.000,0.000,0.000,0.000
2025-11-15 05:47:58,mlx5_9,0.149,8.884,386.152,375.760
2025-11-15 05:47:58,TOTAL,0.445,26.569,1158.791,1128.191
2025-11-15 05:47:59,mlx5_0,0.000,0.000,0.000,0.000
2025-11-15 05:47:59,mlx5_1,0.098,58.687,385.617,378.348
2025-11-15 05:47:59,mlx5_2,0.101,59.845,387.047,388.960
2025-11-15 05:47:59,mlx5_3,0.000,0.000,0.000,0.000
2025-11-15 05:47:59,mlx5_4,0.000,0.000,0.000,0.000
2025-11-15 05:47:59,mlx5_5,0.000,0.000,0.000,0.000
2025-11-15 05:47:59,mlx5_6,0.000,0.000,0.000,0.000
2025-11-15 05:47:59,mlx5_7,0.000,0.000,0.000,0.000
2025-11-15 05:47:59,mlx5_8,0.000,0.000,0.000,0.000
2025-11-15 05:47:59,mlx5_9,0.099,59.107,386.164,383.178
2025-11-15 05:47:59,TOTAL,0.299,177.639,1158.828,1150.485
2025-11-15 05:48:00,mlx5_0,0.000,0.000,0.000,0.000
2025-11-15 05:48:00,mlx5_1,0.207,33.478,385.643,382.550
2025-11-15 05:48:00,mlx5_2,0.219,35.011,387.074,393.354
2025-11-15 05:48:00,mlx5_3,0.000,0.000,0.000,0.000
2025-11-15 05:48:00,mlx5_4,0.000,0.000,0.000,0.000
2025-11-15 05:48:00,mlx5_5,0.000,0.000,0.000,0.000
2025-11-15 05:48:00,mlx5_6,0.000,0.000,0.000,0.000
2025-11-15 05:48:00,mlx5_7,0.000,0.000,0.000,0.000
2025-11-15 05:48:00,mlx5_8,0.000,0.000,0.000,0.000
2025-11-15 05:48:00,mlx5_9,0.214,33.636,386.191,387.399
2025-11-15 05:48:00,TOTAL,0.640,102.125,1158.908,1163.302
2025-11-15 05:48:01,mlx5_0,0.000,0.000,0.000,0.000
2025-11-15 05:48:01,mlx5_1,0.068,51.526,385.651,389.016
2025-11-15 05:48:01,mlx5_2,0.070,52.939,387.083,399.997
2025-11-15 05:48:01,mlx5_3,0.000,0.000,0.000,0.000
2025-11-15 05:48:01,mlx5_4,0.000,0.000,0.000,0.000
2025-11-15 05:48:01,mlx5_5,0.000,0.000,0.000,0.000
2025-11-15 05:48:01,mlx5_6,0.000,0.000,0.000,0.000
2025-11-15 05:48:01,mlx5_7,0.000,0.000,0.000,0.000
2025-11-15 05:48:01,mlx5_8,0.000,0.000,0.000,0.000
2025-11-15 05:48:01,mlx5_9,0.069,51.948,386.200,393.919
2025-11-15 05:48:01,TOTAL,0.206,156.413,1158.934,1182.932
2025-11-15 05:48:02,mlx5_0,0.000,0.000,0.000,0.000
2025-11-15 05:48:02,mlx5_1,0.112,40.649,385.665,394.118
2025-11-15 05:48:02,mlx5_2,0.115,41.213,387.097,405.170
2025-11-15 05:48:02,mlx5_3,0.000,0.000,0.000,0.000
2025-11-15 05:48:02,mlx5_4,0.000,0.000,0.000,0.000
2025-11-15 05:48:02,mlx5_5,0.000,0.000,0.000,0.000
2025-11-15 05:48:02,mlx5_6,0.000,0.000,0.000,0.000
2025-11-15 05:48:02,mlx5_7,0.000,0.000,0.000,0.000
2025-11-15 05:48:02,mlx5_8,0.000,0.000,0.000,0.000
2025-11-15 05:48:02,mlx5_9,0.114,40.521,386.214,399.004
2025-11-15 05:48:02,TOTAL,0.340,122.382,1158.977,1198.291
2025-11-15 05:48:03,mlx5_0,0.000,0.000,0.000,0.000
2025-11-15 05:48:03,mlx5_1,0.077,52.509,385.675,400.707
2025-11-15 05:48:03,mlx5_2,0.079,53.464,387.107,411.879
2025-11-15 05:48:03,mlx5_3,0.000,0.000,0.000,0.000
2025-11-15 05:48:03,mlx5_4,0.000,0.000,0.000,0.000
2025-11-15 05:48:03,mlx5_5,0.000,0.000,0.000,0.000
2025-11-15 05:48:03,mlx5_6,0.000,0.000,0.000,0.000
2025-11-15 05:48:03,mlx5_7,0.000,0.000,0.000,0.000
2025-11-15 05:48:03,mlx5_8,0.000,0.000,0.000,0.000
2025-11-15 05:48:03,mlx5_9,0.079,52.986,386.224,405.653
2025-11-15 05:48:03,TOTAL,0.235,158.959,1159.006,1218.239
2025-11-15 05:48:04,mlx5_0,0.000,0.000,0.000,0.000
2025-11-15 05:48:04,mlx5_1,0.173,40.478,385.697,405.787
2025-11-15 05:48:04,mlx5_2,0.180,43.199,387.130,417.301
2025-11-15 05:48:04,mlx5_3,0.000,0.000,0.000,0.000
2025-11-15 05:48:04,mlx5_4,0.000,0.000,0.000,0.000
2025-11-15 05:48:04,mlx5_5,0.000,0.000,0.000,0.000
2025-11-15 05:48:04,mlx5_6,0.000,0.000,0.000,0.000
2025-11-15 05:48:04,mlx5_7,0.000,0.000,0.000,0.000
2025-11-15 05:48:04,mlx5_8,0.000,0.000,0.000,0.000
2025-11-15 05:48:04,mlx5_9,0.177,41.333,386.246,410.841
2025-11-15 05:48:04,TOTAL,0.530,125.010,1159.073,1233.929
2025-11-15 05:48:05,mlx5_0,0.000,0.000,0.000,0.000
2025-11-15 05:48:05,mlx5_1,0.222,44.764,385.725,411.405
2025-11-15 05:48:05,mlx5_2,0.231,46.421,387.159,423.127
2025-11-15 05:48:05,mlx5_3,0.000,0.000,0.000,0.000
2025-11-15 05:48:05,mlx5_4,0.000,0.000,0.000,0.000
2025-11-15 05:48:05,mlx5_5,0.000,0.000,0.000,0.000
2025-11-15 05:48:05,mlx5_6,0.000,0.000,0.000,0.000
2025-11-15 05:48:05,mlx5_7,0.000,0.000,0.000,0.000
2025-11-15 05:48:05,mlx5_8,0.000,0.000,0.000,0.000
2025-11-15 05:48:05,mlx5_9,0.228,44.900,386.275,416.476
2025-11-15 05:48:05,TOTAL,0.680,136.085,1159.158,1251.008
2025-11-15 05:48:06,mlx5_0,0.000,0.000,0.000,0.000
2025-11-15 05:48:06,mlx5_1,0.258,32.632,385.757,415.501
2025-11-15 05:48:06,mlx5_2,0.274,34.410,387.193,427.445
2025-11-15 05:48:06,mlx5_3,0.000,0.000,0.000,0.000
2025-11-15 05:48:06,mlx5_4,0.000,0.000,0.000,0.000
2025-11-15 05:48:06,mlx5_5,0.000,0.000,0.000,0.000
2025-11-15 05:48:06,mlx5_6,0.000,0.000,0.000,0.000
2025-11-15 05:48:06,mlx5_7,0.000,0.000,0.000,0.000
2025-11-15 05:48:06,mlx5_8,0.000,0.000,0.000,0.000
2025-11-15 05:48:06,mlx5_9,0.267,33.862,386.308,420.725
2025-11-15 05:48:06,TOTAL,0.798,100.904,1159.259,1263.671
2025-11-15 05:48:07,mlx5_0,0.000,0.000,0.000,0.000
2025-11-15 05:48:07,mlx5_1,0.039,28.645,385.762,419.095
2025-11-15 05:48:07,mlx5_2,0.041,29.770,387.198,431.181
2025-11-15 05:48:07,mlx5_3,0.000,0.000,0.000,0.000
2025-11-15 05:48:07,mlx5_4,0.000,0.000,0.000,0.000
2025-11-15 05:48:07,mlx5_5,0.000,0.000,0.000,0.000
2025-11-15 05:48:07,mlx5_6,0.000,0.000,0.000,0.000
2025-11-15 05:48:07,mlx5_7,0.000,0.000,0.000,0.000
2025-11-15 05:48:07,mlx5_8,0.000,0.000,0.000,0.000
2025-11-15 05:48:07,mlx5_9,0.040,28.879,386.313,424.350
2025-11-15 05:48:07,TOTAL,0.119,87.293,1159.273,1274.626
2025-11-15 05:48:08,mlx5_0,0.000,0.000,0.000,0.000
2025-11-15 05:48:08,mlx5_1,0.066,45.125,385.770,424.759
2025-11-15 05:48:08,mlx5_2,0.068,46.675,387.207,437.039
2025-11-15 05:48:08,mlx5_3,0.000,0.000,0.000,0.000
2025-11-15 05:48:08,mlx5_4,0.000,0.000,0.000,0.000
2025-11-15 05:48:08,mlx5_5,0.000,0.000,0.000,0.000
2025-11-15 05:48:08,mlx5_6,0.000,0.000,0.000,0.000
2025-11-15 05:48:08,mlx5_7,0.000,0.000,0.000,0.000
2025-11-15 05:48:08,mlx5_8,0.000,0.000,0.000,0.000
2025-11-15 05:48:08,mlx5_9,0.068,46.071,386.322,430.132
2025-11-15 05:48:08,TOTAL,0.201,137.871,1159.299,1291.929
2025-11-15 05:48:09,mlx5_0,0.000,0.000,0.000,0.000
2025-11-15 05:48:09,mlx5_1,0.039,30.252,385.775,428.556
2025-11-15 05:48:09,mlx5_2,0.040,31.131,387.212,440.946
2025-11-15 05:48:09,mlx5_3,0.000,0.000,0.000,0.000
2025-11-15 05:48:09,mlx5_4,0.000,0.000,0.000,0.000
2025-11-15 05:48:09,mlx5_5,0.000,0.000,0.000,0.000
2025-11-15 05:48:09,mlx5_6,0.000,0.000,0.000,0.000
2025-11-15 05:48:09,mlx5_7,0.000,0.000,0.000,0.000
2025-11-15 05:48:09,mlx5_8,0.000,0.000,0.000,0.000
2025-11-15 05:48:09,mlx5_9,0.040,30.494,386.327,433.959
2025-11-15 05:48:09,TOTAL,0.118,91.877,1159.314,1303.461
2025-11-15 05:48:10,mlx5_0,0.000,0.000,0.000,0.000
2025-11-15 05:48:10,mlx5_1,0.000,0.000,385.775,428.556
2025-11-15 05:48:10,mlx5_2,0.000,0.000,387.212,440.946
2025-11-15 05:48:10,mlx5_3,0.000,0.000,0.000,0.000
2025-11-15 05:48:10,mlx5_4,0.000,0.000,0.000,0.000
2025-11-15 05:48:10,mlx5_5,0.000,0.000,0.000,0.000
2025-11-15 05:48:10,mlx5_6,0.000,0.000,0.000,0.000
2025-11-15 05:48:10,mlx5_7,0.000,0.000,0.000,0.000
2025-11-15 05:48:10,mlx5_8,0.000,0.000,0.000,0.000
2025-11-15 05:48:10,mlx5_9,0.000,0.000,386.327,433.959
2025-11-15 05:48:10,TOTAL,0.000,0.000,1159.314,1303.461
2025-11-15 05:48:11,mlx5_0,0.000,0.000,0.000,0.000
2025-11-15 05:48:11,mlx5_1,0.000,0.000,385.775,428.556
2025-11-15 05:48:11,mlx5_2,0.000,0.000,387.212,440.946
2025-11-15 05:48:11,mlx5_3,0.000,0.000,0.000,0.000
2025-11-15 05:48:11,mlx5_4,0.000,0.000,0.000,0.000
2025-11-15 05:48:11,mlx5_5,0.000,0.000,0.000,0.000
2025-11-15 05:48:11,mlx5_6,0.000,0.000,0.000,0.000
2025-11-15 05:48:11,mlx5_7,0.000,0.000,0.000,0.000
2025-11-15 05:48:11,mlx5_8,0.000,0.000,0.000,0.000
2025-11-15 05:48:11,mlx5_9,0.000,0.000,386.327,433.959
2025-11-15 05:48:11,TOTAL,0.000,0.000,1159.314,1303.461
2025-11-15 05:48:12,mlx5_0,0.000,0.000,0.000,0.000
2025-11-15 05:48:12,mlx5_1,0.000,0.000,385.775,428.556
2025-11-15 05:48:12,mlx5_2,0.000,0.000,387.212,440.946
2025-11-15 05:48:12,mlx5_3,0.000,0.000,0.000,0.000
2025-11-15 05:48:12,mlx5_4,0.000,0.000,0.000,0.000
2025-11-15 05:48:12,mlx5_5,0.000,0.000,0.000,0.000
2025-11-15 05:48:12,mlx5_6,0.000,0.000,0.000,0.000
2025-11-15 05:48:12,mlx5_7,0.000,0.000,0.000,0.000
2025-11-15 05:48:12,mlx5_8,0.000,0.000,0.000,0.000
2025-11-15 05:48:12,mlx5_9,0.000,0.000,386.327,433.959
2025-11-15 05:48:12,TOTAL,0.000,0.000,1159.314,1303.461
2025-11-15 05:48:13,mlx5_0,0.000,0.000,0.000,0.000
2025-11-15 05:48:13,mlx5_1,0.000,0.000,385.775,428.556
2025-11-15 05:48:13,mlx5_2,0.000,0.000,387.212,440.946
2025-11-15 05:48:13,mlx5_3,0.000,0.000,0.000,0.000
2025-11-15 05:48:13,mlx5_4,0.000,0.000,0.000,0.000
2025-11-15 05:48:13,mlx5_5,0.000,0.000,0.000,0.000
2025-11-15 05:48:13,mlx5_6,0.000,0.000,0.000,0.000
2025-11-15 05:48:13,mlx5_7,0.000,0.000,0.000,0.000
2025-11-15 05:48:13,mlx5_8,0.000,0.000,0.000,0.000
2025-11-15 05:48:13,mlx5_9,0.000,0.000,386.327,433.959
2025-11-15 05:48:13,TOTAL,0.000,0.000,1159.314,1303.461
