timestamp,device,tx_gbps,rx_gbps,tx_total_gb,rx_total_gb
2025-11-22 17:23:04,mlx5_0,0.000,0.000,0.000,0.000
2025-11-22 17:23:04,mlx5_1,0.003,0.000,0.001,0.000
2025-11-22 17:23:04,mlx5_2,0.000,0.000,0.000,0.000
2025-11-22 17:23:04,mlx5_3,0.000,0.000,0.000,0.000
2025-11-22 17:23:04,mlx5_4,0.000,0.000,0.000,0.000
2025-11-22 17:23:04,mlx5_5,0.000,0.000,0.000,0.000
2025-11-22 17:23:04,mlx5_6,0.000,0.000,0.000,0.000
2025-11-22 17:23:04,mlx5_7,0.000,0.000,0.000,0.000
2025-11-22 17:23:04,mlx5_8,0.000,0.000,0.000,0.000
2025-11-22 17:23:04,mlx5_9,0.000,0.000,0.000,0.000
2025-11-22 17:23:04,TOTAL,0.003,0.000,0.001,0.000
2025-11-22 17:23:05,mlx5_0,0.000,0.000,0.000,0.000
2025-11-22 17:23:05,mlx5_1,0.000,0.000,0.001,0.000
2025-11-22 17:23:05,mlx5_2,0.000,0.000,0.000,0.000
2025-11-22 17:23:05,mlx5_3,0.000,0.000,0.000,0.000
2025-11-22 17:23:05,mlx5_4,0.000,0.000,0.000,0.000
2025-11-22 17:23:05,mlx5_5,0.000,0.000,0.000,0.000
2025-11-22 17:23:05,mlx5_6,0.000,0.000,0.000,0.000
2025-11-22 17:23:05,mlx5_7,0.000,0.000,0.000,0.000
2025-11-22 17:23:05,mlx5_8,0.000,0.000,0.000,0.000
2025-11-22 17:23:05,mlx5_9,0.000,0.000,0.000,0.000
2025-11-22 17:23:05,TOTAL,0.000,0.000,0.001,0.000
2025-11-22 17:23:06,mlx5_0,0.000,0.000,0.000,0.000
2025-11-22 17:23:06,mlx5_1,0.000,0.000,0.001,0.000
2025-11-22 17:23:06,mlx5_2,0.000,0.000,0.000,0.000
2025-11-22 17:23:06,mlx5_3,0.000,0.000,0.000,0.000
2025-11-22 17:23:06,mlx5_4,0.000,0.000,0.000,0.000
2025-11-22 17:23:06,mlx5_5,0.000,0.000,0.000,0.000
2025-11-22 17:23:06,mlx5_6,0.000,0.000,0.000,0.000
2025-11-22 17:23:06,mlx5_7,0.000,0.000,0.000,0.000
2025-11-22 17:23:06,mlx5_8,0.000,0.000,0.000,0.000
2025-11-22 17:23:06,mlx5_9,0.000,0.000,0.000,0.000
2025-11-22 17:23:06,TOTAL,0.000,0.000,0.001,0.000
2025-11-22 17:23:07,mlx5_0,0.000,0.000,0.000,0.000
2025-11-22 17:23:07,mlx5_1,0.000,0.000,0.001,0.000
2025-11-22 17:23:07,mlx5_2,0.000,0.000,0.000,0.000
2025-11-22 17:23:07,mlx5_3,0.000,0.000,0.000,0.000
2025-11-22 17:23:07,mlx5_4,0.000,0.000,0.000,0.000
2025-11-22 17:23:07,mlx5_5,0.000,0.000,0.000,0.000
2025-11-22 17:23:07,mlx5_6,0.000,0.000,0.000,0.000
2025-11-22 17:23:07,mlx5_7,0.000,0.000,0.000,0.000
2025-11-22 17:23:07,mlx5_8,0.000,0.000,0.000,0.000
2025-11-22 17:23:07,mlx5_9,0.000,0.000,0.000,0.000
2025-11-22 17:23:07,TOTAL,0.000,0.000,0.001,0.000
2025-11-22 17:23:08,mlx5_0,0.000,0.000,0.000,0.000
2025-11-22 17:23:08,mlx5_1,0.000,0.000,0.001,0.000
2025-11-22 17:23:08,mlx5_2,0.000,0.000,0.000,0.000
2025-11-22 17:23:08,mlx5_3,0.000,0.000,0.000,0.000
2025-11-22 17:23:08,mlx5_4,0.000,0.000,0.000,0.000
2025-11-22 17:23:08,mlx5_5,0.000,0.000,0.000,0.000
2025-11-22 17:23:08,mlx5_6,0.000,0.000,0.000,0.000
2025-11-22 17:23:08,mlx5_7,0.000,0.000,0.000,0.000
2025-11-22 17:23:08,mlx5_8,0.000,0.000,0.000,0.000
2025-11-22 17:23:08,mlx5_9,0.000,0.000,0.000,0.000
2025-11-22 17:23:08,TOTAL,0.000,0.000,0.001,0.000
2025-11-22 17:23:09,mlx5_0,0.000,0.000,0.000,0.000
2025-11-22 17:23:09,mlx5_1,0.000,0.000,0.001,0.000
2025-11-22 17:23:09,mlx5_2,0.000,0.000,0.000,0.000
2025-11-22 17:23:09,mlx5_3,0.000,0.000,0.000,0.000
2025-11-22 17:23:09,mlx5_4,0.000,0.000,0.000,0.000
2025-11-22 17:23:09,mlx5_5,0.000,0.000,0.000,0.000
2025-11-22 17:23:09,mlx5_6,0.000,0.000,0.000,0.000
2025-11-22 17:23:09,mlx5_7,0.000,0.000,0.000,0.000
2025-11-22 17:23:09,mlx5_8,0.000,0.000,0.000,0.000
2025-11-22 17:23:09,mlx5_9,0.000,0.000,0.000,0.000
2025-11-22 17:23:09,TOTAL,0.000,0.000,0.001,0.000
2025-11-22 17:23:10,mlx5_0,0.000,0.000,0.000,0.000
2025-11-22 17:23:10,mlx5_1,0.000,0.000,0.001,0.000
2025-11-22 17:23:10,mlx5_2,0.000,0.000,0.000,0.000
2025-11-22 17:23:10,mlx5_3,0.000,0.000,0.000,0.000
2025-11-22 17:23:10,mlx5_4,0.000,0.000,0.000,0.000
2025-11-22 17:23:10,mlx5_5,0.000,0.000,0.000,0.000
2025-11-22 17:23:10,mlx5_6,0.000,0.000,0.000,0.000
2025-11-22 17:23:10,mlx5_7,0.000,0.000,0.000,0.000
2025-11-22 17:23:10,mlx5_8,0.000,0.000,0.000,0.000
2025-11-22 17:23:10,mlx5_9,0.000,0.000,0.000,0.000
2025-11-22 17:23:10,TOTAL,0.000,0.000,0.001,0.000
2025-11-22 17:23:11,mlx5_0,0.000,0.000,0.000,0.000
2025-11-22 17:23:11,mlx5_1,0.000,0.000,0.001,0.000
2025-11-22 17:23:11,mlx5_2,0.000,0.000,0.000,0.000
2025-11-22 17:23:11,mlx5_3,0.000,0.000,0.000,0.000
2025-11-22 17:23:11,mlx5_4,0.000,0.000,0.000,0.000
2025-11-22 17:23:11,mlx5_5,0.000,0.000,0.000,0.000
2025-11-22 17:23:11,mlx5_6,0.000,0.000,0.000,0.000
2025-11-22 17:23:11,mlx5_7,0.000,0.000,0.000,0.000
2025-11-22 17:23:11,mlx5_8,0.000,0.000,0.000,0.000
2025-11-22 17:23:11,mlx5_9,0.000,0.000,0.000,0.000
2025-11-22 17:23:11,TOTAL,0.000,0.000,0.001,0.000
2025-11-22 17:23:12,mlx5_0,0.000,0.000,0.000,0.000
2025-11-22 17:23:12,mlx5_1,0.000,0.000,0.001,0.000
2025-11-22 17:23:12,mlx5_2,0.000,0.000,0.000,0.000
2025-11-22 17:23:12,mlx5_3,0.000,0.000,0.000,0.000
2025-11-22 17:23:12,mlx5_4,0.000,0.000,0.000,0.000
2025-11-22 17:23:12,mlx5_5,0.000,0.000,0.000,0.000
2025-11-22 17:23:12,mlx5_6,0.000,0.000,0.000,0.000
2025-11-22 17:23:12,mlx5_7,0.000,0.000,0.000,0.000
2025-11-22 17:23:12,mlx5_8,0.000,0.000,0.000,0.000
2025-11-22 17:23:12,mlx5_9,0.000,0.000,0.000,0.000
2025-11-22 17:23:12,TOTAL,0.000,0.000,0.001,0.000
2025-11-22 17:23:13,mlx5_0,0.000,0.000,0.000,0.000
2025-11-22 17:23:13,mlx5_1,0.000,0.000,0.001,0.000
2025-11-22 17:23:13,mlx5_2,0.000,0.000,0.000,0.000
2025-11-22 17:23:13,mlx5_3,0.000,0.000,0.000,0.000
2025-11-22 17:23:13,mlx5_4,0.000,0.000,0.000,0.000
2025-11-22 17:23:13,mlx5_5,0.000,0.000,0.000,0.000
2025-11-22 17:23:13,mlx5_6,0.000,0.000,0.000,0.000
2025-11-22 17:23:13,mlx5_7,0.000,0.000,0.000,0.000
2025-11-22 17:23:13,mlx5_8,0.000,0.000,0.000,0.000
2025-11-22 17:23:13,mlx5_9,0.000,0.000,0.000,0.000
2025-11-22 17:23:13,TOTAL,0.000,0.000,0.001,0.000
2025-11-22 17:23:14,mlx5_0,0.000,0.000,0.000,0.000
2025-11-22 17:23:14,mlx5_1,0.000,0.000,0.001,0.000
2025-11-22 17:23:14,mlx5_2,0.000,0.000,0.000,0.000
2025-11-22 17:23:14,mlx5_3,0.000,0.000,0.000,0.000
2025-11-22 17:23:14,mlx5_4,0.000,0.000,0.000,0.000
2025-11-22 17:23:14,mlx5_5,0.000,0.000,0.000,0.000
2025-11-22 17:23:14,mlx5_6,0.000,0.000,0.000,0.000
2025-11-22 17:23:14,mlx5_7,0.000,0.000,0.000,0.000
2025-11-22 17:23:14,mlx5_8,0.000,0.000,0.000,0.000
2025-11-22 17:23:14,mlx5_9,0.000,0.000,0.000,0.000
2025-11-22 17:23:14,TOTAL,0.000,0.000,0.001,0.000
2025-11-22 17:23:15,mlx5_0,0.000,0.000,0.000,0.000
2025-11-22 17:23:15,mlx5_1,0.000,0.000,0.001,0.000
2025-11-22 17:23:15,mlx5_2,0.000,0.000,0.000,0.000
2025-11-22 17:23:15,mlx5_3,0.000,0.000,0.000,0.000
2025-11-22 17:23:15,mlx5_4,0.000,0.000,0.000,0.000
2025-11-22 17:23:15,mlx5_5,0.000,0.000,0.000,0.000
2025-11-22 17:23:15,mlx5_6,0.000,0.000,0.000,0.000
2025-11-22 17:23:15,mlx5_7,0.000,0.000,0.000,0.000
2025-11-22 17:23:15,mlx5_8,0.000,0.000,0.000,0.000
2025-11-22 17:23:15,mlx5_9,0.000,0.000,0.000,0.000
2025-11-22 17:23:15,TOTAL,0.000,0.000,0.001,0.000
2025-11-22 17:23:16,mlx5_0,0.000,0.000,0.000,0.000
2025-11-22 17:23:16,mlx5_1,0.000,0.000,0.001,0.000
2025-11-22 17:23:16,mlx5_2,0.000,0.000,0.000,0.000
2025-11-22 17:23:16,mlx5_3,0.000,0.000,0.000,0.000
2025-11-22 17:23:16,mlx5_4,0.000,0.000,0.000,0.000
2025-11-22 17:23:16,mlx5_5,0.000,0.000,0.000,0.000
2025-11-22 17:23:16,mlx5_6,0.000,0.000,0.000,0.000
2025-11-22 17:23:16,mlx5_7,0.000,0.000,0.000,0.000
2025-11-22 17:23:16,mlx5_8,0.000,0.000,0.000,0.000
2025-11-22 17:23:16,mlx5_9,0.000,0.000,0.000,0.000
2025-11-22 17:23:16,TOTAL,0.000,0.000,0.001,0.000
2025-11-22 17:23:17,mlx5_0,0.000,0.000,0.000,0.000
2025-11-22 17:23:17,mlx5_1,0.549,0.002,0.070,0.000
2025-11-22 17:23:17,mlx5_2,0.000,0.000,0.000,0.000
2025-11-22 17:23:17,mlx5_3,0.665,0.002,0.083,0.000
2025-11-22 17:23:17,mlx5_4,0.000,0.000,0.000,0.000
2025-11-22 17:23:17,mlx5_5,0.793,0.002,0.100,0.000
2025-11-22 17:23:17,mlx5_6,0.000,0.000,0.000,0.000
2025-11-22 17:23:17,mlx5_7,0.000,0.000,0.000,0.000
2025-11-22 17:23:17,mlx5_8,0.615,0.002,0.077,0.000
2025-11-22 17:23:17,mlx5_9,0.000,0.000,0.000,0.000
2025-11-22 17:23:17,TOTAL,2.622,0.006,0.330,0.001
2025-11-22 17:23:18,mlx5_0,0.000,0.000,0.000,0.000
2025-11-22 17:23:18,mlx5_1,0.000,0.000,0.070,0.000
2025-11-22 17:23:18,mlx5_2,0.000,0.000,0.000,0.000
2025-11-22 17:23:18,mlx5_3,0.000,0.000,0.083,0.000
2025-11-22 17:23:18,mlx5_4,0.000,0.000,0.000,0.000
2025-11-22 17:23:18,mlx5_5,0.000,0.000,0.100,0.000
2025-11-22 17:23:18,mlx5_6,0.000,0.000,0.000,0.000
2025-11-22 17:23:18,mlx5_7,0.000,0.000,0.000,0.000
2025-11-22 17:23:18,mlx5_8,0.000,0.000,0.077,0.000
2025-11-22 17:23:18,mlx5_9,0.000,0.000,0.000,0.000
2025-11-22 17:23:18,TOTAL,0.000,0.000,0.330,0.001
2025-11-22 17:23:19,mlx5_0,0.000,0.000,0.000,0.000
2025-11-22 17:23:19,mlx5_1,0.000,0.000,0.070,0.000
2025-11-22 17:23:19,mlx5_2,0.000,0.000,0.000,0.000
2025-11-22 17:23:19,mlx5_3,0.000,0.000,0.083,0.000
2025-11-22 17:23:19,mlx5_4,0.000,0.000,0.000,0.000
2025-11-22 17:23:19,mlx5_5,0.000,0.000,0.100,0.000
2025-11-22 17:23:19,mlx5_6,0.000,0.000,0.000,0.000
2025-11-22 17:23:19,mlx5_7,0.000,0.000,0.000,0.000
2025-11-22 17:23:19,mlx5_8,0.000,0.000,0.077,0.000
2025-11-22 17:23:19,mlx5_9,0.000,0.000,0.000,0.000
2025-11-22 17:23:19,TOTAL,0.000,0.000,0.330,0.001
2025-11-22 17:23:20,mlx5_0,0.000,0.000,0.000,0.000
2025-11-22 17:23:20,mlx5_1,0.000,0.000,0.070,0.000
2025-11-22 17:23:20,mlx5_2,0.000,0.000,0.000,0.000
2025-11-22 17:23:20,mlx5_3,0.000,0.000,0.083,0.000
2025-11-22 17:23:20,mlx5_4,0.000,0.000,0.000,0.000
2025-11-22 17:23:20,mlx5_5,0.000,0.000,0.100,0.000
2025-11-22 17:23:20,mlx5_6,0.000,0.000,0.000,0.000
2025-11-22 17:23:20,mlx5_7,0.000,0.000,0.000,0.000
2025-11-22 17:23:20,mlx5_8,0.000,0.000,0.077,0.000
2025-11-22 17:23:20,mlx5_9,0.000,0.000,0.000,0.000
2025-11-22 17:23:20,TOTAL,0.000,0.000,0.330,0.001
2025-11-22 17:23:21,mlx5_0,0.000,0.000,0.000,0.000
2025-11-22 17:23:21,mlx5_1,0.000,0.000,0.070,0.000
2025-11-22 17:23:21,mlx5_2,0.000,0.000,0.000,0.000
2025-11-22 17:23:21,mlx5_3,0.000,0.000,0.083,0.000
2025-11-22 17:23:21,mlx5_4,0.000,0.000,0.000,0.000
2025-11-22 17:23:21,mlx5_5,0.000,0.000,0.100,0.000
2025-11-22 17:23:21,mlx5_6,0.000,0.000,0.000,0.000
2025-11-22 17:23:21,mlx5_7,0.000,0.000,0.000,0.000
2025-11-22 17:23:21,mlx5_8,0.000,0.000,0.077,0.000
2025-11-22 17:23:21,mlx5_9,0.000,0.000,0.000,0.000
2025-11-22 17:23:21,TOTAL,0.000,0.000,0.330,0.001
2025-11-22 17:23:22,mlx5_0,0.000,0.000,0.000,0.000
2025-11-22 17:23:22,mlx5_1,0.000,0.000,0.070,0.000
2025-11-22 17:23:22,mlx5_2,0.000,0.000,0.000,0.000
2025-11-22 17:23:22,mlx5_3,0.000,0.000,0.083,0.000
2025-11-22 17:23:22,mlx5_4,0.000,0.000,0.000,0.000
2025-11-22 17:23:22,mlx5_5,0.000,0.000,0.100,0.000
2025-11-22 17:23:22,mlx5_6,0.000,0.000,0.000,0.000
2025-11-22 17:23:22,mlx5_7,0.000,0.000,0.000,0.000
2025-11-22 17:23:22,mlx5_8,0.000,0.000,0.077,0.000
2025-11-22 17:23:22,mlx5_9,0.000,0.000,0.000,0.000
2025-11-22 17:23:22,TOTAL,0.000,0.000,0.330,0.001
2025-11-22 17:23:23,mlx5_0,0.000,0.000,0.000,0.000
2025-11-22 17:23:23,mlx5_1,0.000,0.000,0.070,0.000
2025-11-22 17:23:23,mlx5_2,0.000,0.000,0.000,0.000
2025-11-22 17:23:23,mlx5_3,0.000,0.000,0.083,0.000
2025-11-22 17:23:23,mlx5_4,0.000,0.000,0.000,0.000
2025-11-22 17:23:23,mlx5_5,0.000,0.000,0.100,0.000
2025-11-22 17:23:23,mlx5_6,0.000,0.000,0.000,0.000
2025-11-22 17:23:23,mlx5_7,0.000,0.000,0.000,0.000
2025-11-22 17:23:23,mlx5_8,0.000,0.000,0.077,0.000
2025-11-22 17:23:23,mlx5_9,0.000,0.000,0.000,0.000
2025-11-22 17:23:23,TOTAL,0.000,0.000,0.330,0.001
2025-11-22 17:23:24,mlx5_0,0.000,0.000,0.000,0.000
2025-11-22 17:23:24,mlx5_1,0.262,0.001,0.103,0.000
2025-11-22 17:23:24,mlx5_2,0.000,0.000,0.000,0.000
2025-11-22 17:23:24,mlx5_3,0.186,0.001,0.107,0.000
2025-11-22 17:23:24,mlx5_4,0.000,0.000,0.000,0.000
2025-11-22 17:23:24,mlx5_5,0.254,0.001,0.131,0.000
2025-11-22 17:23:24,mlx5_6,0.000,0.000,0.000,0.000
2025-11-22 17:23:24,mlx5_7,0.000,0.000,0.000,0.000
2025-11-22 17:23:24,mlx5_8,0.211,0.001,0.104,0.000
2025-11-22 17:23:24,mlx5_9,0.000,0.000,0.000,0.000
2025-11-22 17:23:24,TOTAL,0.913,0.003,0.445,0.001
2025-11-22 17:23:25,mlx5_0,0.000,0.000,0.000,0.000
2025-11-22 17:23:25,mlx5_1,0.000,0.000,0.103,0.000
2025-11-22 17:23:25,mlx5_2,0.000,0.000,0.000,0.000
2025-11-22 17:23:25,mlx5_3,0.000,0.000,0.107,0.000
2025-11-22 17:23:25,mlx5_4,0.000,0.000,0.000,0.000
2025-11-22 17:23:25,mlx5_5,0.000,0.000,0.131,0.000
2025-11-22 17:23:25,mlx5_6,0.000,0.000,0.000,0.000
2025-11-22 17:23:25,mlx5_7,0.000,0.000,0.000,0.000
2025-11-22 17:23:25,mlx5_8,0.000,0.000,0.104,0.000
2025-11-22 17:23:25,mlx5_9,0.000,0.000,0.000,0.000
2025-11-22 17:23:25,TOTAL,0.000,0.000,0.445,0.001
2025-11-22 17:23:26,mlx5_0,0.000,0.000,0.000,0.000
2025-11-22 17:23:26,mlx5_1,1.709,0.004,0.318,0.001
2025-11-22 17:23:26,mlx5_2,0.000,0.000,0.000,0.000
2025-11-22 17:23:26,mlx5_3,1.844,0.004,0.338,0.001
2025-11-22 17:23:26,mlx5_4,0.000,0.000,0.000,0.000
2025-11-22 17:23:26,mlx5_5,1.711,0.004,0.346,0.001
2025-11-22 17:23:26,mlx5_6,0.000,0.000,0.000,0.000
2025-11-22 17:23:26,mlx5_7,0.000,0.000,0.000,0.000
2025-11-22 17:23:26,mlx5_8,1.977,0.004,0.352,0.001
2025-11-22 17:23:26,mlx5_9,0.000,0.000,0.000,0.000
2025-11-22 17:23:26,TOTAL,7.240,0.017,1.354,0.004
2025-11-22 17:23:27,mlx5_0,0.000,0.000,0.000,0.000
2025-11-22 17:23:27,mlx5_1,0.397,0.001,0.368,0.001
2025-11-22 17:23:27,mlx5_2,0.000,0.000,0.000,0.000
2025-11-22 17:23:27,mlx5_3,0.321,0.001,0.379,0.001
2025-11-22 17:23:27,mlx5_4,0.000,0.000,0.000,0.000
2025-11-22 17:23:27,mlx5_5,0.361,0.001,0.392,0.001
2025-11-22 17:23:27,mlx5_6,0.000,0.000,0.000,0.000
2025-11-22 17:23:27,mlx5_7,0.000,0.000,0.000,0.000
2025-11-22 17:23:27,mlx5_8,0.333,0.001,0.394,0.001
2025-11-22 17:23:27,mlx5_9,0.000,0.000,0.000,0.000
2025-11-22 17:23:27,TOTAL,1.411,0.003,1.532,0.004
2025-11-22 17:23:28,mlx5_0,0.000,0.000,0.000,0.000
2025-11-22 17:23:28,mlx5_1,0.000,0.000,0.368,0.001
2025-11-22 17:23:28,mlx5_2,0.000,0.000,0.000,0.000
2025-11-22 17:23:28,mlx5_3,0.000,0.000,0.379,0.001
2025-11-22 17:23:28,mlx5_4,0.000,0.000,0.000,0.000
2025-11-22 17:23:28,mlx5_5,0.000,0.000,0.392,0.001
2025-11-22 17:23:28,mlx5_6,0.000,0.000,0.000,0.000
2025-11-22 17:23:28,mlx5_7,0.000,0.000,0.000,0.000
2025-11-22 17:23:28,mlx5_8,0.000,0.000,0.394,0.001
2025-11-22 17:23:28,mlx5_9,0.000,0.000,0.000,0.000
2025-11-22 17:23:28,TOTAL,0.000,0.000,1.532,0.004
2025-11-22 17:23:29,mlx5_0,0.000,0.000,0.000,0.000
2025-11-22 17:23:29,mlx5_1,0.000,0.000,0.368,0.001
2025-11-22 17:23:29,mlx5_2,0.000,0.000,0.000,0.000
2025-11-22 17:23:29,mlx5_3,0.000,0.000,0.379,0.001
2025-11-22 17:23:29,mlx5_4,0.000,0.000,0.000,0.000
2025-11-22 17:23:29,mlx5_5,0.000,0.000,0.392,0.001
2025-11-22 17:23:29,mlx5_6,0.000,0.000,0.000,0.000
2025-11-22 17:23:29,mlx5_7,0.000,0.000,0.000,0.000
2025-11-22 17:23:29,mlx5_8,0.000,0.000,0.394,0.001
2025-11-22 17:23:29,mlx5_9,0.000,0.000,0.000,0.000
2025-11-22 17:23:29,TOTAL,0.000,0.000,1.532,0.004
2025-11-22 17:23:30,mlx5_0,0.000,0.000,0.000,0.000
2025-11-22 17:23:30,mlx5_1,0.000,0.000,0.368,0.001
2025-11-22 17:23:30,mlx5_2,0.000,0.000,0.000,0.000
2025-11-22 17:23:30,mlx5_3,0.000,0.000,0.379,0.001
2025-11-22 17:23:30,mlx5_4,0.000,0.000,0.000,0.000
2025-11-22 17:23:30,mlx5_5,0.000,0.000,0.392,0.001
2025-11-22 17:23:30,mlx5_6,0.000,0.000,0.000,0.000
2025-11-22 17:23:30,mlx5_7,0.000,0.000,0.000,0.000
2025-11-22 17:23:30,mlx5_8,0.000,0.000,0.394,0.001
2025-11-22 17:23:30,mlx5_9,0.000,0.000,0.000,0.000
2025-11-22 17:23:30,TOTAL,0.000,0.000,1.532,0.004
2025-11-22 17:23:31,mlx5_0,0.000,0.000,0.000,0.000
2025-11-22 17:23:31,mlx5_1,0.000,0.000,0.368,0.001
2025-11-22 17:23:31,mlx5_2,0.000,0.000,0.000,0.000
2025-11-22 17:23:31,mlx5_3,0.000,0.000,0.379,0.001
2025-11-22 17:23:31,mlx5_4,0.000,0.000,0.000,0.000
2025-11-22 17:23:31,mlx5_5,0.000,0.000,0.392,0.001
2025-11-22 17:23:31,mlx5_6,0.000,0.000,0.000,0.000
2025-11-22 17:23:31,mlx5_7,0.000,0.000,0.000,0.000
2025-11-22 17:23:31,mlx5_8,0.000,0.000,0.394,0.001
2025-11-22 17:23:31,mlx5_9,0.000,0.000,0.000,0.000
2025-11-22 17:23:31,TOTAL,0.000,0.000,1.532,0.004
2025-11-22 17:23:32,mlx5_0,0.000,0.000,0.000,0.000
2025-11-22 17:23:32,mlx5_1,0.000,0.000,0.368,0.001
2025-11-22 17:23:32,mlx5_2,0.000,0.000,0.000,0.000
2025-11-22 17:23:32,mlx5_3,0.000,0.000,0.379,0.001
2025-11-22 17:23:32,mlx5_4,0.000,0.000,0.000,0.000
2025-11-22 17:23:32,mlx5_5,0.000,0.000,0.392,0.001
2025-11-22 17:23:32,mlx5_6,0.000,0.000,0.000,0.000
2025-11-22 17:23:32,mlx5_7,0.000,0.000,0.000,0.000
2025-11-22 17:23:32,mlx5_8,0.000,0.000,0.394,0.001
2025-11-22 17:23:32,mlx5_9,0.000,0.000,0.000,0.000
2025-11-22 17:23:32,TOTAL,0.000,0.000,1.532,0.004
2025-11-22 17:23:33,mlx5_0,0.000,0.000,0.000,0.000
2025-11-22 17:23:33,mlx5_1,0.000,0.000,0.368,0.001
2025-11-22 17:23:33,mlx5_2,0.000,0.000,0.000,0.000
2025-11-22 17:23:33,mlx5_3,0.000,0.000,0.379,0.001
2025-11-22 17:23:33,mlx5_4,0.000,0.000,0.000,0.000
2025-11-22 17:23:33,mlx5_5,0.000,0.000,0.392,0.001
2025-11-22 17:23:33,mlx5_6,0.000,0.000,0.000,0.000
2025-11-22 17:23:33,mlx5_7,0.000,0.000,0.000,0.000
2025-11-22 17:23:33,mlx5_8,0.000,0.000,0.394,0.001
2025-11-22 17:23:33,mlx5_9,0.000,0.000,0.000,0.000
2025-11-22 17:23:33,TOTAL,0.000,0.000,1.532,0.004
2025-11-22 17:23:34,mlx5_0,0.000,0.000,0.000,0.000
2025-11-22 17:23:34,mlx5_1,0.000,0.000,0.368,0.001
2025-11-22 17:23:34,mlx5_2,0.000,0.000,0.000,0.000
2025-11-22 17:23:34,mlx5_3,0.000,0.000,0.379,0.001
2025-11-22 17:23:34,mlx5_4,0.000,0.000,0.000,0.000
2025-11-22 17:23:34,mlx5_5,0.000,0.000,0.392,0.001
2025-11-22 17:23:34,mlx5_6,0.000,0.000,0.000,0.000
2025-11-22 17:23:34,mlx5_7,0.000,0.000,0.000,0.000
2025-11-22 17:23:34,mlx5_8,0.000,0.000,0.394,0.001
2025-11-22 17:23:34,mlx5_9,0.000,0.000,0.000,0.000
2025-11-22 17:23:34,TOTAL,0.000,0.000,1.532,0.004
2025-11-22 17:23:35,mlx5_0,0.000,0.000,0.000,0.000
2025-11-22 17:23:35,mlx5_1,0.000,0.000,0.368,0.001
2025-11-22 17:23:35,mlx5_2,0.000,0.000,0.000,0.000
2025-11-22 17:23:35,mlx5_3,0.000,0.000,0.379,0.001
2025-11-22 17:23:35,mlx5_4,0.000,0.000,0.000,0.000
2025-11-22 17:23:35,mlx5_5,0.000,0.000,0.392,0.001
2025-11-22 17:23:35,mlx5_6,0.000,0.000,0.000,0.000
2025-11-22 17:23:35,mlx5_7,0.000,0.000,0.000,0.000
2025-11-22 17:23:35,mlx5_8,0.000,0.000,0.394,0.001
2025-11-22 17:23:35,mlx5_9,0.000,0.000,0.000,0.000
2025-11-22 17:23:35,TOTAL,0.000,0.000,1.532,0.004
2025-11-22 17:23:36,mlx5_0,0.000,0.000,0.000,0.000
2025-11-22 17:23:36,mlx5_1,0.000,0.000,0.368,0.001
2025-11-22 17:23:36,mlx5_2,0.000,0.000,0.000,0.000
2025-11-22 17:23:36,mlx5_3,0.000,0.000,0.379,0.001
2025-11-22 17:23:36,mlx5_4,0.000,0.000,0.000,0.000
2025-11-22 17:23:36,mlx5_5,0.000,0.000,0.392,0.001
2025-11-22 17:23:36,mlx5_6,0.000,0.000,0.000,0.000
2025-11-22 17:23:36,mlx5_7,0.000,0.000,0.000,0.000
2025-11-22 17:23:36,mlx5_8,0.000,0.000,0.394,0.001
2025-11-22 17:23:36,mlx5_9,0.000,0.000,0.000,0.000
2025-11-22 17:23:36,TOTAL,0.000,0.000,1.532,0.004
2025-11-22 17:23:37,mlx5_0,0.000,0.000,0.000,0.000
2025-11-22 17:23:37,mlx5_1,0.000,0.000,0.368,0.001
2025-11-22 17:23:37,mlx5_2,0.000,0.000,0.000,0.000
2025-11-22 17:23:37,mlx5_3,0.000,0.000,0.379,0.001
2025-11-22 17:23:37,mlx5_4,0.000,0.000,0.000,0.000
2025-11-22 17:23:37,mlx5_5,0.000,0.000,0.392,0.001
2025-11-22 17:23:37,mlx5_6,0.000,0.000,0.000,0.000
2025-11-22 17:23:37,mlx5_7,0.000,0.000,0.000,0.000
2025-11-22 17:23:37,mlx5_8,0.000,0.000,0.394,0.001
2025-11-22 17:23:37,mlx5_9,0.000,0.000,0.000,0.000
2025-11-22 17:23:37,TOTAL,0.000,0.000,1.532,0.004
2025-11-22 17:23:38,mlx5_0,0.000,0.000,0.000,0.000
2025-11-22 17:23:38,mlx5_1,0.004,2.316,0.368,0.292
2025-11-22 17:23:38,mlx5_2,0.000,0.000,0.000,0.000
2025-11-22 17:23:38,mlx5_3,0.004,2.297,0.379,0.290
2025-11-22 17:23:38,mlx5_4,0.000,0.000,0.000,0.000
2025-11-22 17:23:38,mlx5_5,0.004,2.233,0.392,0.282
2025-11-22 17:23:38,mlx5_6,0.000,0.000,0.000,0.000
2025-11-22 17:23:38,mlx5_7,0.000,0.000,0.000,0.000
2025-11-22 17:23:38,mlx5_8,0.004,2.278,0.394,0.287
2025-11-22 17:23:38,mlx5_9,0.000,0.000,0.000,0.000
2025-11-22 17:23:38,TOTAL,0.016,9.124,1.534,1.150
2025-11-22 17:23:39,mlx5_0,0.000,0.000,0.000,0.000
2025-11-22 17:23:39,mlx5_1,0.000,0.000,0.368,0.292
2025-11-22 17:23:39,mlx5_2,0.000,0.000,0.000,0.000
2025-11-22 17:23:39,mlx5_3,0.000,0.000,0.379,0.290
2025-11-22 17:23:39,mlx5_4,0.000,0.000,0.000,0.000
2025-11-22 17:23:39,mlx5_5,0.000,0.000,0.392,0.282
2025-11-22 17:23:39,mlx5_6,0.000,0.000,0.000,0.000
2025-11-22 17:23:39,mlx5_7,0.000,0.000,0.000,0.000
2025-11-22 17:23:39,mlx5_8,0.000,0.000,0.394,0.287
2025-11-22 17:23:39,mlx5_9,0.000,0.000,0.000,0.000
2025-11-22 17:23:39,TOTAL,0.000,0.000,1.534,1.150
2025-11-22 17:23:40,mlx5_0,0.000,0.000,0.000,0.000
2025-11-22 17:23:40,mlx5_1,0.000,0.000,0.368,0.292
2025-11-22 17:23:40,mlx5_2,0.000,0.000,0.000,0.000
2025-11-22 17:23:40,mlx5_3,0.000,0.000,0.379,0.290
2025-11-22 17:23:40,mlx5_4,0.000,0.000,0.000,0.000
2025-11-22 17:23:40,mlx5_5,0.000,0.000,0.392,0.282
2025-11-22 17:23:40,mlx5_6,0.000,0.000,0.000,0.000
2025-11-22 17:23:40,mlx5_7,0.000,0.000,0.000,0.000
2025-11-22 17:23:40,mlx5_8,0.000,0.000,0.394,0.287
2025-11-22 17:23:40,mlx5_9,0.000,0.000,0.000,0.000
2025-11-22 17:23:40,TOTAL,0.000,0.000,1.534,1.150
2025-11-22 17:23:41,mlx5_0,0.000,0.000,0.000,0.000
2025-11-22 17:23:41,mlx5_1,0.000,0.000,0.368,0.292
2025-11-22 17:23:41,mlx5_2,0.000,0.000,0.000,0.000
2025-11-22 17:23:41,mlx5_3,0.000,0.000,0.379,0.290
2025-11-22 17:23:41,mlx5_4,0.000,0.000,0.000,0.000
2025-11-22 17:23:41,mlx5_5,0.000,0.000,0.392,0.282
2025-11-22 17:23:41,mlx5_6,0.000,0.000,0.000,0.000
2025-11-22 17:23:41,mlx5_7,0.000,0.000,0.000,0.000
2025-11-22 17:23:41,mlx5_8,0.000,0.000,0.394,0.287
2025-11-22 17:23:41,mlx5_9,0.000,0.000,0.000,0.000
2025-11-22 17:23:41,TOTAL,0.000,0.000,1.534,1.150
2025-11-22 17:23:42,mlx5_0,0.000,0.000,0.000,0.000
2025-11-22 17:23:42,mlx5_1,0.000,0.000,0.368,0.292
2025-11-22 17:23:42,mlx5_2,0.000,0.000,0.000,0.000
2025-11-22 17:23:42,mlx5_3,0.000,0.000,0.379,0.290
2025-11-22 17:23:42,mlx5_4,0.000,0.000,0.000,0.000
2025-11-22 17:23:42,mlx5_5,0.000,0.000,0.392,0.282
2025-11-22 17:23:42,mlx5_6,0.000,0.000,0.000,0.000
2025-11-22 17:23:42,mlx5_7,0.000,0.000,0.000,0.000
2025-11-22 17:23:42,mlx5_8,0.000,0.000,0.394,0.287
2025-11-22 17:23:42,mlx5_9,0.000,0.000,0.000,0.000
2025-11-22 17:23:42,TOTAL,0.000,0.000,1.534,1.150
2025-11-22 17:23:43,mlx5_0,0.000,0.000,0.000,0.000
2025-11-22 17:23:43,mlx5_1,0.000,0.000,0.368,0.292
2025-11-22 17:23:43,mlx5_2,0.000,0.000,0.000,0.000
2025-11-22 17:23:43,mlx5_3,0.000,0.000,0.379,0.290
2025-11-22 17:23:43,mlx5_4,0.000,0.000,0.000,0.000
2025-11-22 17:23:43,mlx5_5,0.000,0.000,0.392,0.282
2025-11-22 17:23:43,mlx5_6,0.000,0.000,0.000,0.000
2025-11-22 17:23:43,mlx5_7,0.000,0.000,0.000,0.000
2025-11-22 17:23:43,mlx5_8,0.000,0.000,0.394,0.287
2025-11-22 17:23:43,mlx5_9,0.000,0.000,0.000,0.000
2025-11-22 17:23:43,TOTAL,0.000,0.000,1.534,1.150
2025-11-22 17:23:44,mlx5_0,0.000,0.000,0.000,0.000
2025-11-22 17:23:44,mlx5_1,0.000,0.000,0.368,0.292
2025-11-22 17:23:44,mlx5_2,0.000,0.000,0.000,0.000
2025-11-22 17:23:44,mlx5_3,0.000,0.000,0.379,0.290
2025-11-22 17:23:44,mlx5_4,0.000,0.000,0.000,0.000
2025-11-22 17:23:44,mlx5_5,0.000,0.000,0.392,0.282
2025-11-22 17:23:44,mlx5_6,0.000,0.000,0.000,0.000
2025-11-22 17:23:44,mlx5_7,0.000,0.000,0.000,0.000
2025-11-22 17:23:44,mlx5_8,0.000,0.000,0.394,0.287
2025-11-22 17:23:44,mlx5_9,0.000,0.000,0.000,0.000
2025-11-22 17:23:44,TOTAL,0.000,0.000,1.534,1.150
2025-11-22 17:23:45,mlx5_0,0.000,0.000,0.000,0.000
2025-11-22 17:23:45,mlx5_1,0.000,0.000,0.368,0.292
2025-11-22 17:23:45,mlx5_2,0.000,0.000,0.000,0.000
2025-11-22 17:23:45,mlx5_3,0.000,0.000,0.379,0.290
2025-11-22 17:23:45,mlx5_4,0.000,0.000,0.000,0.000
2025-11-22 17:23:45,mlx5_5,0.000,0.000,0.392,0.282
2025-11-22 17:23:45,mlx5_6,0.000,0.000,0.000,0.000
2025-11-22 17:23:45,mlx5_7,0.000,0.000,0.000,0.000
2025-11-22 17:23:45,mlx5_8,0.000,0.000,0.394,0.287
2025-11-22 17:23:45,mlx5_9,0.000,0.000,0.000,0.000
2025-11-22 17:23:45,TOTAL,0.000,0.000,1.534,1.150
2025-11-22 17:23:46,mlx5_0,0.000,0.000,0.000,0.000
2025-11-22 17:23:46,mlx5_1,0.000,0.000,0.368,0.292
2025-11-22 17:23:46,mlx5_2,0.000,0.000,0.000,0.000
2025-11-22 17:23:46,mlx5_3,0.000,0.000,0.379,0.290
2025-11-22 17:23:46,mlx5_4,0.000,0.000,0.000,0.000
2025-11-22 17:23:46,mlx5_5,0.000,0.000,0.392,0.282
2025-11-22 17:23:46,mlx5_6,0.000,0.000,0.000,0.000
2025-11-22 17:23:46,mlx5_7,0.000,0.000,0.000,0.000
2025-11-22 17:23:46,mlx5_8,0.000,0.000,0.394,0.287
2025-11-22 17:23:46,mlx5_9,0.000,0.000,0.000,0.000
2025-11-22 17:23:46,TOTAL,0.000,0.000,1.534,1.150
2025-11-22 17:23:47,mlx5_0,0.000,0.000,0.000,0.000
2025-11-22 17:23:47,mlx5_1,0.000,0.000,0.368,0.292
2025-11-22 17:23:47,mlx5_2,0.000,0.000,0.000,0.000
2025-11-22 17:23:47,mlx5_3,0.000,0.000,0.379,0.290
2025-11-22 17:23:47,mlx5_4,0.000,0.000,0.000,0.000
2025-11-22 17:23:47,mlx5_5,0.000,0.000,0.392,0.282
2025-11-22 17:23:47,mlx5_6,0.000,0.000,0.000,0.000
2025-11-22 17:23:47,mlx5_7,0.000,0.000,0.000,0.000
2025-11-22 17:23:47,mlx5_8,0.000,0.000,0.394,0.287
2025-11-22 17:23:47,mlx5_9,0.000,0.000,0.000,0.000
2025-11-22 17:23:47,TOTAL,0.000,0.000,1.534,1.150
2025-11-22 17:23:48,mlx5_0,0.000,0.000,0.000,0.000
2025-11-22 17:23:48,mlx5_1,0.000,0.000,0.368,0.292
2025-11-22 17:23:48,mlx5_2,0.000,0.000,0.000,0.000
2025-11-22 17:23:48,mlx5_3,0.000,0.000,0.379,0.290
2025-11-22 17:23:48,mlx5_4,0.000,0.000,0.000,0.000
2025-11-22 17:23:48,mlx5_5,0.000,0.000,0.392,0.282
2025-11-22 17:23:48,mlx5_6,0.000,0.000,0.000,0.000
2025-11-22 17:23:48,mlx5_7,0.000,0.000,0.000,0.000
2025-11-22 17:23:48,mlx5_8,0.000,0.000,0.394,0.287
2025-11-22 17:23:48,mlx5_9,0.000,0.000,0.000,0.000
2025-11-22 17:23:48,TOTAL,0.000,0.000,1.534,1.150
2025-11-22 17:23:49,mlx5_0,0.000,0.000,0.000,0.000
2025-11-22 17:23:49,mlx5_1,0.000,0.000,0.368,0.292
2025-11-22 17:23:49,mlx5_2,0.000,0.000,0.000,0.000
2025-11-22 17:23:49,mlx5_3,0.000,0.000,0.379,0.290
2025-11-22 17:23:49,mlx5_4,0.000,0.000,0.000,0.000
2025-11-22 17:23:49,mlx5_5,0.000,0.000,0.392,0.282
2025-11-22 17:23:49,mlx5_6,0.000,0.000,0.000,0.000
2025-11-22 17:23:49,mlx5_7,0.000,0.000,0.000,0.000
2025-11-22 17:23:49,mlx5_8,0.000,0.000,0.394,0.287
2025-11-22 17:23:49,mlx5_9,0.000,0.000,0.000,0.000
2025-11-22 17:23:49,TOTAL,0.000,0.000,1.534,1.150
2025-11-22 17:23:50,mlx5_0,0.000,0.000,0.000,0.000
2025-11-22 17:23:50,mlx5_1,1.087,0.002,0.505,0.292
2025-11-22 17:23:50,mlx5_2,0.000,0.000,0.000,0.000
2025-11-22 17:23:50,mlx5_3,1.157,0.002,0.525,0.290
2025-11-22 17:23:50,mlx5_4,0.000,0.000,0.000,0.000
2025-11-22 17:23:50,mlx5_5,1.137,0.002,0.535,0.282
2025-11-22 17:23:50,mlx5_6,0.000,0.000,0.000,0.000
2025-11-22 17:23:50,mlx5_7,0.000,0.000,0.000,0.000
2025-11-22 17:23:50,mlx5_8,1.166,0.002,0.541,0.287
2025-11-22 17:23:50,mlx5_9,0.000,0.000,0.000,0.000
2025-11-22 17:23:50,TOTAL,4.547,0.008,2.105,1.151
2025-11-22 17:23:51,mlx5_0,0.000,0.000,0.000,0.000
2025-11-22 17:23:51,mlx5_1,8.958,0.013,1.630,0.294
2025-11-22 17:23:51,mlx5_2,0.000,0.000,0.000,0.000
2025-11-22 17:23:51,mlx5_3,9.062,0.013,1.663,0.291
2025-11-22 17:23:51,mlx5_4,0.000,0.000,0.000,0.000
2025-11-22 17:23:51,mlx5_5,9.053,0.013,1.673,0.283
2025-11-22 17:23:51,mlx5_6,0.000,0.000,0.000,0.000
2025-11-22 17:23:51,mlx5_7,0.000,0.000,0.000,0.000
2025-11-22 17:23:51,mlx5_8,9.273,0.013,1.706,0.289
2025-11-22 17:23:51,mlx5_9,0.000,0.000,0.000,0.000
2025-11-22 17:23:51,TOTAL,36.346,0.053,6.672,1.158
2025-11-22 17:23:52,mlx5_0,0.000,0.000,0.000,0.000
2025-11-22 17:23:52,mlx5_1,12.459,0.018,3.196,0.296
2025-11-22 17:23:52,mlx5_2,0.000,0.000,0.000,0.000
2025-11-22 17:23:52,mlx5_3,12.440,0.019,3.226,0.294
2025-11-22 17:23:52,mlx5_4,0.000,0.000,0.000,0.000
2025-11-22 17:23:52,mlx5_5,12.499,0.019,3.243,0.286
2025-11-22 17:23:52,mlx5_6,0.000,0.000,0.000,0.000
2025-11-22 17:23:52,mlx5_7,0.000,0.000,0.000,0.000
2025-11-22 17:23:52,mlx5_8,12.588,0.019,3.288,0.291
2025-11-22 17:23:52,mlx5_9,0.000,0.000,0.000,0.000
2025-11-22 17:23:52,TOTAL,49.986,0.074,12.953,1.167
2025-11-22 17:23:53,mlx5_0,0.000,0.000,0.000,0.000
2025-11-22 17:23:53,mlx5_1,0.000,0.000,3.196,0.296
2025-11-22 17:23:53,mlx5_2,0.000,0.000,0.000,0.000
2025-11-22 17:23:53,mlx5_3,0.000,0.000,3.226,0.294
2025-11-22 17:23:53,mlx5_4,0.000,0.000,0.000,0.000
2025-11-22 17:23:53,mlx5_5,0.000,0.000,3.243,0.286
2025-11-22 17:23:53,mlx5_6,0.000,0.000,0.000,0.000
2025-11-22 17:23:53,mlx5_7,0.000,0.000,0.000,0.000
2025-11-22 17:23:53,mlx5_8,0.000,0.000,3.288,0.291
2025-11-22 17:23:53,mlx5_9,0.000,0.000,0.000,0.000
2025-11-22 17:23:53,TOTAL,0.000,0.000,12.953,1.167
2025-11-22 17:23:54,mlx5_0,0.000,0.000,0.000,0.000
2025-11-22 17:23:54,mlx5_1,0.000,0.000,3.196,0.296
2025-11-22 17:23:54,mlx5_2,0.000,0.000,0.000,0.000
2025-11-22 17:23:54,mlx5_3,0.000,0.000,3.226,0.294
2025-11-22 17:23:54,mlx5_4,0.000,0.000,0.000,0.000
2025-11-22 17:23:54,mlx5_5,0.000,0.000,3.243,0.286
2025-11-22 17:23:54,mlx5_6,0.000,0.000,0.000,0.000
2025-11-22 17:23:54,mlx5_7,0.000,0.000,0.000,0.000
2025-11-22 17:23:54,mlx5_8,0.000,0.000,3.288,0.291
2025-11-22 17:23:54,mlx5_9,0.000,0.000,0.000,0.000
2025-11-22 17:23:54,TOTAL,0.000,0.000,12.953,1.167
2025-11-22 17:23:55,mlx5_0,0.000,0.000,0.000,0.000
2025-11-22 17:23:55,mlx5_1,0.000,0.000,3.196,0.296
2025-11-22 17:23:55,mlx5_2,0.000,0.000,0.000,0.000
2025-11-22 17:23:55,mlx5_3,0.000,0.000,3.226,0.294
2025-11-22 17:23:55,mlx5_4,0.000,0.000,0.000,0.000
2025-11-22 17:23:55,mlx5_5,0.000,0.000,3.243,0.286
2025-11-22 17:23:55,mlx5_6,0.000,0.000,0.000,0.000
2025-11-22 17:23:55,mlx5_7,0.000,0.000,0.000,0.000
2025-11-22 17:23:55,mlx5_8,0.000,0.000,3.288,0.291
2025-11-22 17:23:55,mlx5_9,0.000,0.000,0.000,0.000
2025-11-22 17:23:55,TOTAL,0.000,0.000,12.953,1.167
2025-11-22 17:23:56,mlx5_0,0.000,0.000,0.000,0.000
2025-11-22 17:23:56,mlx5_1,0.000,0.000,3.196,0.296
2025-11-22 17:23:56,mlx5_2,0.000,0.000,0.000,0.000
2025-11-22 17:23:56,mlx5_3,0.000,0.000,3.226,0.294
2025-11-22 17:23:56,mlx5_4,0.000,0.000,0.000,0.000
2025-11-22 17:23:56,mlx5_5,0.000,0.000,3.243,0.286
2025-11-22 17:23:56,mlx5_6,0.000,0.000,0.000,0.000
2025-11-22 17:23:56,mlx5_7,0.000,0.000,0.000,0.000
2025-11-22 17:23:56,mlx5_8,0.000,0.000,3.288,0.291
2025-11-22 17:23:56,mlx5_9,0.000,0.000,0.000,0.000
2025-11-22 17:23:56,TOTAL,0.000,0.000,12.953,1.167
2025-11-22 17:23:57,mlx5_0,0.000,0.000,0.000,0.000
2025-11-22 17:23:57,mlx5_1,0.000,0.000,3.196,0.296
2025-11-22 17:23:57,mlx5_2,0.000,0.000,0.000,0.000
2025-11-22 17:23:57,mlx5_3,0.000,0.000,3.226,0.294
2025-11-22 17:23:57,mlx5_4,0.000,0.000,0.000,0.000
2025-11-22 17:23:57,mlx5_5,0.000,0.000,3.243,0.286
2025-11-22 17:23:57,mlx5_6,0.000,0.000,0.000,0.000
2025-11-22 17:23:57,mlx5_7,0.000,0.000,0.000,0.000
2025-11-22 17:23:57,mlx5_8,0.000,0.000,3.288,0.291
2025-11-22 17:23:57,mlx5_9,0.000,0.000,0.000,0.000
2025-11-22 17:23:57,TOTAL,0.000,0.000,12.953,1.167
2025-11-22 17:23:58,mlx5_0,0.000,0.000,0.000,0.000
2025-11-22 17:23:58,mlx5_1,0.000,0.000,3.196,0.296
2025-11-22 17:23:58,mlx5_2,0.000,0.000,0.000,0.000
2025-11-22 17:23:58,mlx5_3,0.000,0.000,3.226,0.294
2025-11-22 17:23:58,mlx5_4,0.000,0.000,0.000,0.000
2025-11-22 17:23:58,mlx5_5,0.000,0.000,3.243,0.286
2025-11-22 17:23:58,mlx5_6,0.000,0.000,0.000,0.000
2025-11-22 17:23:58,mlx5_7,0.000,0.000,0.000,0.000
2025-11-22 17:23:58,mlx5_8,0.000,0.000,3.288,0.291
2025-11-22 17:23:58,mlx5_9,0.000,0.000,0.000,0.000
2025-11-22 17:23:58,TOTAL,0.000,0.000,12.953,1.167
2025-11-22 17:23:59,mlx5_0,0.000,0.000,0.000,0.000
2025-11-22 17:23:59,mlx5_1,0.000,0.000,3.196,0.296
2025-11-22 17:23:59,mlx5_2,0.000,0.000,0.000,0.000
2025-11-22 17:23:59,mlx5_3,0.000,0.000,3.226,0.294
2025-11-22 17:23:59,mlx5_4,0.000,0.000,0.000,0.000
2025-11-22 17:23:59,mlx5_5,0.000,0.000,3.243,0.286
2025-11-22 17:23:59,mlx5_6,0.000,0.000,0.000,0.000
2025-11-22 17:23:59,mlx5_7,0.000,0.000,0.000,0.000
2025-11-22 17:23:59,mlx5_8,0.000,0.000,3.288,0.291
2025-11-22 17:23:59,mlx5_9,0.000,0.000,0.000,0.000
2025-11-22 17:23:59,TOTAL,0.000,0.000,12.953,1.167
2025-11-22 17:24:00,mlx5_0,0.000,0.000,0.000,0.000
2025-11-22 17:24:00,mlx5_1,0.000,0.000,3.196,0.296
2025-11-22 17:24:00,mlx5_2,0.000,0.000,0.000,0.000
2025-11-22 17:24:00,mlx5_3,0.000,0.000,3.226,0.294
2025-11-22 17:24:00,mlx5_4,0.000,0.000,0.000,0.000
2025-11-22 17:24:00,mlx5_5,0.000,0.000,3.243,0.286
2025-11-22 17:24:00,mlx5_6,0.000,0.000,0.000,0.000
2025-11-22 17:24:00,mlx5_7,0.000,0.000,0.000,0.000
2025-11-22 17:24:00,mlx5_8,0.000,0.000,3.288,0.291
2025-11-22 17:24:00,mlx5_9,0.000,0.000,0.000,0.000
2025-11-22 17:24:00,TOTAL,0.000,0.000,12.953,1.167
2025-11-22 17:24:01,mlx5_0,0.000,0.000,0.000,0.000
2025-11-22 17:24:01,mlx5_1,0.000,0.000,3.196,0.296
2025-11-22 17:24:01,mlx5_2,0.000,0.000,0.000,0.000
2025-11-22 17:24:01,mlx5_3,0.000,0.000,3.226,0.294
2025-11-22 17:24:01,mlx5_4,0.000,0.000,0.000,0.000
2025-11-22 17:24:01,mlx5_5,0.000,0.000,3.243,0.286
2025-11-22 17:24:01,mlx5_6,0.000,0.000,0.000,0.000
2025-11-22 17:24:01,mlx5_7,0.000,0.000,0.000,0.000
2025-11-22 17:24:01,mlx5_8,0.000,0.000,3.288,0.291
2025-11-22 17:24:01,mlx5_9,0.000,0.000,0.000,0.000
2025-11-22 17:24:01,TOTAL,0.000,0.000,12.953,1.167
2025-11-22 17:24:02,mlx5_0,0.000,0.000,0.000,0.000
2025-11-22 17:24:02,mlx5_1,0.000,0.000,3.196,0.296
2025-11-22 17:24:02,mlx5_2,0.000,0.000,0.000,0.000
2025-11-22 17:24:02,mlx5_3,0.000,0.000,3.226,0.294
2025-11-22 17:24:02,mlx5_4,0.000,0.000,0.000,0.000
2025-11-22 17:24:02,mlx5_5,0.000,0.000,3.243,0.286
2025-11-22 17:24:02,mlx5_6,0.000,0.000,0.000,0.000
2025-11-22 17:24:02,mlx5_7,0.000,0.000,0.000,0.000
2025-11-22 17:24:02,mlx5_8,0.000,0.000,3.288,0.291
2025-11-22 17:24:02,mlx5_9,0.000,0.000,0.000,0.000
2025-11-22 17:24:02,TOTAL,0.000,0.000,12.953,1.167
2025-11-22 17:24:03,mlx5_0,0.000,0.000,0.000,0.000
2025-11-22 17:24:03,mlx5_1,0.000,0.000,3.196,0.296
2025-11-22 17:24:03,mlx5_2,0.000,0.000,0.000,0.000
2025-11-22 17:24:03,mlx5_3,0.000,0.000,3.226,0.294
2025-11-22 17:24:03,mlx5_4,0.000,0.000,0.000,0.000
2025-11-22 17:24:03,mlx5_5,0.000,0.000,3.243,0.286
2025-11-22 17:24:03,mlx5_6,0.000,0.000,0.000,0.000
2025-11-22 17:24:03,mlx5_7,0.000,0.000,0.000,0.000
2025-11-22 17:24:03,mlx5_8,0.000,0.000,3.288,0.291
2025-11-22 17:24:03,mlx5_9,0.000,0.000,0.000,0.000
2025-11-22 17:24:03,TOTAL,0.000,0.000,12.953,1.167
2025-11-22 17:24:04,mlx5_0,0.000,0.000,0.000,0.000
2025-11-22 17:24:04,mlx5_1,0.000,0.000,3.196,0.296
2025-11-22 17:24:04,mlx5_2,0.000,0.000,0.000,0.000
2025-11-22 17:24:04,mlx5_3,0.000,0.000,3.226,0.294
2025-11-22 17:24:04,mlx5_4,0.000,0.000,0.000,0.000
2025-11-22 17:24:04,mlx5_5,0.000,0.000,3.243,0.286
2025-11-22 17:24:04,mlx5_6,0.000,0.000,0.000,0.000
2025-11-22 17:24:04,mlx5_7,0.000,0.000,0.000,0.000
2025-11-22 17:24:04,mlx5_8,0.000,0.000,3.288,0.291
2025-11-22 17:24:04,mlx5_9,0.000,0.000,0.000,0.000
2025-11-22 17:24:04,TOTAL,0.000,0.000,12.953,1.167
2025-11-22 17:24:05,mlx5_0,0.000,0.000,0.000,0.000
2025-11-22 17:24:05,mlx5_1,0.040,23.247,3.201,3.215
2025-11-22 17:24:05,mlx5_2,0.000,0.000,0.000,0.000
2025-11-22 17:24:05,mlx5_3,0.043,24.113,3.232,3.321
2025-11-22 17:24:05,mlx5_4,0.000,0.000,0.000,0.000
2025-11-22 17:24:05,mlx5_5,0.040,23.205,3.248,3.199
2025-11-22 17:24:05,mlx5_6,0.000,0.000,0.000,0.000
2025-11-22 17:24:05,mlx5_7,0.000,0.000,0.000,0.000
2025-11-22 17:24:05,mlx5_8,0.042,24.704,3.293,3.393
2025-11-22 17:24:05,mlx5_9,0.000,0.000,0.000,0.000
2025-11-22 17:24:05,TOTAL,0.166,95.269,12.974,13.127
2025-11-22 17:24:06,mlx5_0,0.000,0.000,0.000,0.000
2025-11-22 17:24:06,mlx5_1,0.000,0.000,3.201,3.215
2025-11-22 17:24:06,mlx5_2,0.000,0.000,0.000,0.000
2025-11-22 17:24:06,mlx5_3,0.000,0.000,3.232,3.321
2025-11-22 17:24:06,mlx5_4,0.000,0.000,0.000,0.000
2025-11-22 17:24:06,mlx5_5,0.000,0.000,3.248,3.199
2025-11-22 17:24:06,mlx5_6,0.000,0.000,0.000,0.000
2025-11-22 17:24:06,mlx5_7,0.000,0.000,0.000,0.000
2025-11-22 17:24:06,mlx5_8,0.000,0.000,3.293,3.393
2025-11-22 17:24:06,mlx5_9,0.000,0.000,0.000,0.000
2025-11-22 17:24:06,TOTAL,0.000,0.000,12.974,13.127
2025-11-22 17:24:07,mlx5_0,0.000,0.000,0.000,0.000
2025-11-22 17:24:07,mlx5_1,0.000,0.000,3.201,3.215
2025-11-22 17:24:07,mlx5_2,0.000,0.000,0.000,0.000
2025-11-22 17:24:07,mlx5_3,0.000,0.000,3.232,3.321
2025-11-22 17:24:07,mlx5_4,0.000,0.000,0.000,0.000
2025-11-22 17:24:07,mlx5_5,0.000,0.000,3.248,3.199
2025-11-22 17:24:07,mlx5_6,0.000,0.000,0.000,0.000
2025-11-22 17:24:07,mlx5_7,0.000,0.000,0.000,0.000
2025-11-22 17:24:07,mlx5_8,0.000,0.000,3.293,3.393
2025-11-22 17:24:07,mlx5_9,0.000,0.000,0.000,0.000
2025-11-22 17:24:07,TOTAL,0.000,0.000,12.974,13.127
2025-11-22 17:24:08,mlx5_0,0.000,0.000,0.000,0.000
2025-11-22 17:24:08,mlx5_1,0.000,0.000,3.201,3.215
2025-11-22 17:24:08,mlx5_2,0.000,0.000,0.000,0.000
2025-11-22 17:24:08,mlx5_3,0.000,0.000,3.232,3.321
2025-11-22 17:24:08,mlx5_4,0.000,0.000,0.000,0.000
2025-11-22 17:24:08,mlx5_5,0.000,0.000,3.248,3.199
2025-11-22 17:24:08,mlx5_6,0.000,0.000,0.000,0.000
2025-11-22 17:24:08,mlx5_7,0.000,0.000,0.000,0.000
2025-11-22 17:24:08,mlx5_8,0.000,0.000,3.293,3.393
2025-11-22 17:24:08,mlx5_9,0.000,0.000,0.000,0.000
2025-11-22 17:24:08,TOTAL,0.000,0.000,12.974,13.127
2025-11-22 17:24:09,mlx5_0,0.000,0.000,0.000,0.000
2025-11-22 17:24:09,mlx5_1,0.000,0.000,3.201,3.215
2025-11-22 17:24:09,mlx5_2,0.000,0.000,0.000,0.000
2025-11-22 17:24:09,mlx5_3,0.000,0.000,3.232,3.321
2025-11-22 17:24:09,mlx5_4,0.000,0.000,0.000,0.000
2025-11-22 17:24:09,mlx5_5,0.000,0.000,3.248,3.199
2025-11-22 17:24:09,mlx5_6,0.000,0.000,0.000,0.000
2025-11-22 17:24:09,mlx5_7,0.000,0.000,0.000,0.000
2025-11-22 17:24:09,mlx5_8,0.000,0.000,3.293,3.393
2025-11-22 17:24:09,mlx5_9,0.000,0.000,0.000,0.000
2025-11-22 17:24:09,TOTAL,0.000,0.000,12.974,13.127
2025-11-22 17:24:10,mlx5_0,0.000,0.000,0.000,0.000
2025-11-22 17:24:10,mlx5_1,0.000,0.000,3.201,3.215
2025-11-22 17:24:10,mlx5_2,0.000,0.000,0.000,0.000
2025-11-22 17:24:10,mlx5_3,0.000,0.000,3.232,3.321
2025-11-22 17:24:10,mlx5_4,0.000,0.000,0.000,0.000
2025-11-22 17:24:10,mlx5_5,0.000,0.000,3.248,3.199
2025-11-22 17:24:10,mlx5_6,0.000,0.000,0.000,0.000
2025-11-22 17:24:10,mlx5_7,0.000,0.000,0.000,0.000
2025-11-22 17:24:10,mlx5_8,0.000,0.000,3.293,3.393
2025-11-22 17:24:10,mlx5_9,0.000,0.000,0.000,0.000
2025-11-22 17:24:10,TOTAL,0.000,0.000,12.974,13.127
2025-11-22 17:24:11,mlx5_0,0.000,0.000,0.000,0.000
2025-11-22 17:24:11,mlx5_1,0.000,0.000,3.201,3.215
2025-11-22 17:24:11,mlx5_2,0.000,0.000,0.000,0.000
2025-11-22 17:24:11,mlx5_3,0.000,0.000,3.232,3.321
2025-11-22 17:24:11,mlx5_4,0.000,0.000,0.000,0.000
2025-11-22 17:24:11,mlx5_5,0.000,0.000,3.248,3.199
2025-11-22 17:24:11,mlx5_6,0.000,0.000,0.000,0.000
2025-11-22 17:24:11,mlx5_7,0.000,0.000,0.000,0.000
2025-11-22 17:24:11,mlx5_8,0.000,0.000,3.293,3.393
2025-11-22 17:24:11,mlx5_9,0.000,0.000,0.000,0.000
2025-11-22 17:24:11,TOTAL,0.000,0.000,12.974,13.127
2025-11-22 17:24:12,mlx5_0,0.000,0.000,0.000,0.000
2025-11-22 17:24:12,mlx5_1,0.000,0.000,3.201,3.215
2025-11-22 17:24:12,mlx5_2,0.000,0.000,0.000,0.000
2025-11-22 17:24:12,mlx5_3,0.000,0.000,3.232,3.321
2025-11-22 17:24:12,mlx5_4,0.000,0.000,0.000,0.000
2025-11-22 17:24:12,mlx5_5,0.000,0.000,3.248,3.199
2025-11-22 17:24:12,mlx5_6,0.000,0.000,0.000,0.000
2025-11-22 17:24:12,mlx5_7,0.000,0.000,0.000,0.000
2025-11-22 17:24:12,mlx5_8,0.000,0.000,3.293,3.393
2025-11-22 17:24:12,mlx5_9,0.000,0.000,0.000,0.000
2025-11-22 17:24:12,TOTAL,0.000,0.000,12.974,13.127
2025-11-22 17:24:13,mlx5_0,0.000,0.000,0.000,0.000
2025-11-22 17:24:13,mlx5_1,0.000,0.000,3.201,3.215
2025-11-22 17:24:13,mlx5_2,0.000,0.000,0.000,0.000
2025-11-22 17:24:13,mlx5_3,0.000,0.000,3.232,3.321
2025-11-22 17:24:13,mlx5_4,0.000,0.000,0.000,0.000
2025-11-22 17:24:13,mlx5_5,0.000,0.000,3.248,3.199
2025-11-22 17:24:13,mlx5_6,0.000,0.000,0.000,0.000
2025-11-22 17:24:13,mlx5_7,0.000,0.000,0.000,0.000
2025-11-22 17:24:13,mlx5_8,0.000,0.000,3.293,3.393
2025-11-22 17:24:13,mlx5_9,0.000,0.000,0.000,0.000
2025-11-22 17:24:13,TOTAL,0.000,0.000,12.974,13.127
2025-11-22 17:24:14,mlx5_0,0.000,0.000,0.000,0.000
2025-11-22 17:24:14,mlx5_1,0.000,0.000,3.201,3.215
2025-11-22 17:24:14,mlx5_2,0.000,0.000,0.000,0.000
2025-11-22 17:24:14,mlx5_3,0.000,0.000,3.232,3.321
2025-11-22 17:24:14,mlx5_4,0.000,0.000,0.000,0.000
2025-11-22 17:24:14,mlx5_5,0.000,0.000,3.248,3.199
2025-11-22 17:24:14,mlx5_6,0.000,0.000,0.000,0.000
2025-11-22 17:24:14,mlx5_7,0.000,0.000,0.000,0.000
2025-11-22 17:24:14,mlx5_8,0.000,0.000,3.293,3.393
2025-11-22 17:24:14,mlx5_9,0.000,0.000,0.000,0.000
2025-11-22 17:24:14,TOTAL,0.000,0.000,12.974,13.127
2025-11-22 17:24:15,mlx5_0,0.000,0.000,0.000,0.000
2025-11-22 17:24:15,mlx5_1,0.000,0.000,3.201,3.215
2025-11-22 17:24:15,mlx5_2,0.000,0.000,0.000,0.000
2025-11-22 17:24:15,mlx5_3,0.000,0.000,3.232,3.321
2025-11-22 17:24:15,mlx5_4,0.000,0.000,0.000,0.000
2025-11-22 17:24:15,mlx5_5,0.000,0.000,3.248,3.199
2025-11-22 17:24:15,mlx5_6,0.000,0.000,0.000,0.000
2025-11-22 17:24:15,mlx5_7,0.000,0.000,0.000,0.000
2025-11-22 17:24:15,mlx5_8,0.000,0.000,3.293,3.393
2025-11-22 17:24:15,mlx5_9,0.000,0.000,0.000,0.000
2025-11-22 17:24:15,TOTAL,0.000,0.000,12.974,13.127
2025-11-22 17:24:16,mlx5_0,0.000,0.000,0.000,0.000
2025-11-22 17:24:16,mlx5_1,0.000,0.000,3.201,3.215
2025-11-22 17:24:16,mlx5_2,0.000,0.000,0.000,0.000
2025-11-22 17:24:16,mlx5_3,0.000,0.000,3.232,3.321
2025-11-22 17:24:16,mlx5_4,0.000,0.000,0.000,0.000
2025-11-22 17:24:16,mlx5_5,0.000,0.000,3.248,3.199
2025-11-22 17:24:16,mlx5_6,0.000,0.000,0.000,0.000
2025-11-22 17:24:16,mlx5_7,0.000,0.000,0.000,0.000
2025-11-22 17:24:16,mlx5_8,0.000,0.000,3.293,3.393
2025-11-22 17:24:16,mlx5_9,0.000,0.000,0.000,0.000
2025-11-22 17:24:16,TOTAL,0.000,0.000,12.974,13.127
2025-11-22 17:24:17,mlx5_0,0.000,0.000,0.000,0.000
2025-11-22 17:24:17,mlx5_1,0.000,0.000,3.201,3.215
2025-11-22 17:24:17,mlx5_2,0.000,0.000,0.000,0.000
2025-11-22 17:24:17,mlx5_3,0.000,0.000,3.232,3.321
2025-11-22 17:24:17,mlx5_4,0.000,0.000,0.000,0.000
2025-11-22 17:24:17,mlx5_5,0.000,0.000,3.248,3.199
2025-11-22 17:24:17,mlx5_6,0.000,0.000,0.000,0.000
2025-11-22 17:24:17,mlx5_7,0.000,0.000,0.000,0.000
2025-11-22 17:24:17,mlx5_8,0.000,0.000,3.293,3.393
2025-11-22 17:24:17,mlx5_9,0.000,0.000,0.000,0.000
2025-11-22 17:24:17,TOTAL,0.000,0.000,12.974,13.127
2025-11-22 17:24:18,mlx5_0,0.000,0.000,0.000,0.000
2025-11-22 17:24:18,mlx5_1,0.000,0.000,3.201,3.215
2025-11-22 17:24:18,mlx5_2,0.000,0.000,0.000,0.000
2025-11-22 17:24:18,mlx5_3,0.000,0.000,3.232,3.321
2025-11-22 17:24:18,mlx5_4,0.000,0.000,0.000,0.000
2025-11-22 17:24:18,mlx5_5,0.000,0.000,3.248,3.199
2025-11-22 17:24:18,mlx5_6,0.000,0.000,0.000,0.000
2025-11-22 17:24:18,mlx5_7,0.000,0.000,0.000,0.000
2025-11-22 17:24:18,mlx5_8,0.000,0.000,3.293,3.393
2025-11-22 17:24:18,mlx5_9,0.000,0.000,0.000,0.000
2025-11-22 17:24:18,TOTAL,0.000,0.000,12.974,13.127
2025-11-22 17:24:19,mlx5_0,0.000,0.000,0.000,0.000
2025-11-22 17:24:19,mlx5_1,0.001,0.545,3.201,3.283
2025-11-22 17:24:19,mlx5_2,0.000,0.000,0.000,0.000
2025-11-22 17:24:19,mlx5_3,0.001,0.533,3.232,3.388
2025-11-22 17:24:19,mlx5_4,0.000,0.000,0.000,0.000
2025-11-22 17:24:19,mlx5_5,0.001,0.599,3.248,3.274
2025-11-22 17:24:19,mlx5_6,0.000,0.000,0.000,0.000
2025-11-22 17:24:19,mlx5_7,0.000,0.000,0.000,0.000
2025-11-22 17:24:19,mlx5_8,0.001,0.657,3.293,3.475
2025-11-22 17:24:19,mlx5_9,0.000,0.000,0.000,0.000
2025-11-22 17:24:19,TOTAL,0.005,2.333,12.974,13.421
2025-11-22 17:24:20,mlx5_0,0.000,0.000,0.000,0.000
2025-11-22 17:24:20,mlx5_1,10.701,9.813,4.546,4.516
2025-11-22 17:24:20,mlx5_2,0.000,0.000,0.000,0.000
2025-11-22 17:24:20,mlx5_3,10.918,9.743,4.604,4.612
2025-11-22 17:24:20,mlx5_4,0.000,0.000,0.000,0.000
2025-11-22 17:24:20,mlx5_5,10.749,9.879,4.599,4.516
2025-11-22 17:24:20,mlx5_6,0.000,0.000,0.000,0.000
2025-11-22 17:24:20,mlx5_7,0.000,0.000,0.000,0.000
2025-11-22 17:24:20,mlx5_8,10.794,10.297,4.650,4.769
2025-11-22 17:24:20,mlx5_9,0.000,0.000,0.000,0.000
2025-11-22 17:24:20,TOTAL,43.161,39.732,18.398,18.414
2025-11-22 17:24:21,mlx5_0,0.000,0.000,0.000,0.000
2025-11-22 17:24:21,mlx5_1,5.922,0.583,5.289,4.589
2025-11-22 17:24:21,mlx5_2,0.000,0.000,0.000,0.000
2025-11-22 17:24:21,mlx5_3,6.315,0.533,5.397,4.679
2025-11-22 17:24:21,mlx5_4,0.000,0.000,0.000,0.000
2025-11-22 17:24:21,mlx5_5,5.984,0.578,5.351,4.588
2025-11-22 17:24:21,mlx5_6,0.000,0.000,0.000,0.000
2025-11-22 17:24:21,mlx5_7,0.000,0.000,0.000,0.000
2025-11-22 17:24:21,mlx5_8,6.498,0.714,5.466,4.859
2025-11-22 17:24:21,mlx5_9,0.000,0.000,0.000,0.000
2025-11-22 17:24:21,TOTAL,24.720,2.408,21.502,18.716
2025-11-22 17:24:22,mlx5_0,0.000,0.000,0.000,0.000
2025-11-22 17:24:22,mlx5_1,12.064,1.014,6.805,4.717
2025-11-22 17:24:22,mlx5_2,0.000,0.000,0.000,0.000
2025-11-22 17:24:22,mlx5_3,12.201,1.280,6.930,4.840
2025-11-22 17:24:22,mlx5_4,0.000,0.000,0.000,0.000
2025-11-22 17:24:22,mlx5_5,12.090,1.281,6.869,4.749
2025-11-22 17:24:22,mlx5_6,0.000,0.000,0.000,0.000
2025-11-22 17:24:22,mlx5_7,0.000,0.000,0.000,0.000
2025-11-22 17:24:22,mlx5_8,12.294,1.119,7.010,5.000
2025-11-22 17:24:22,mlx5_9,0.000,0.000,0.000,0.000
2025-11-22 17:24:22,TOTAL,48.649,4.694,27.615,19.306
2025-11-22 17:24:23,mlx5_0,0.000,0.000,0.000,0.000
2025-11-22 17:24:23,mlx5_1,8.800,0.535,7.911,4.784
2025-11-22 17:24:23,mlx5_2,0.000,0.000,0.000,0.000
2025-11-22 17:24:23,mlx5_3,9.220,0.638,8.088,4.920
2025-11-22 17:24:23,mlx5_4,0.000,0.000,0.000,0.000
2025-11-22 17:24:23,mlx5_5,9.066,0.657,8.008,4.832
2025-11-22 17:24:23,mlx5_6,0.000,0.000,0.000,0.000
2025-11-22 17:24:23,mlx5_7,0.000,0.000,0.000,0.000
2025-11-22 17:24:23,mlx5_8,9.052,0.552,8.147,5.069
2025-11-22 17:24:23,mlx5_9,0.000,0.000,0.000,0.000
2025-11-22 17:24:23,TOTAL,36.138,2.382,32.155,19.605
2025-11-22 17:24:24,mlx5_0,0.000,0.000,0.000,0.000
2025-11-22 17:24:24,mlx5_1,9.640,0.515,9.122,4.849
2025-11-22 17:24:24,mlx5_2,0.000,0.000,0.000,0.000
2025-11-22 17:24:24,mlx5_3,9.621,0.604,9.297,4.996
2025-11-22 17:24:24,mlx5_4,0.000,0.000,0.000,0.000
2025-11-22 17:24:24,mlx5_5,9.556,0.586,9.209,4.906
2025-11-22 17:24:24,mlx5_6,0.000,0.000,0.000,0.000
2025-11-22 17:24:24,mlx5_7,0.000,0.000,0.000,0.000
2025-11-22 17:24:24,mlx5_8,9.637,0.680,9.358,5.154
2025-11-22 17:24:24,mlx5_9,0.000,0.000,0.000,0.000
2025-11-22 17:24:24,TOTAL,38.455,2.385,36.987,19.905
2025-11-22 17:24:25,mlx5_0,0.000,0.000,0.000,0.000
2025-11-22 17:24:25,mlx5_1,9.153,0.496,10.271,4.911
2025-11-22 17:24:25,mlx5_2,0.000,0.000,0.000,0.000
2025-11-22 17:24:25,mlx5_3,8.846,0.681,10.408,5.082
2025-11-22 17:24:25,mlx5_4,0.000,0.000,0.000,0.000
2025-11-22 17:24:25,mlx5_5,9.030,0.645,10.343,4.987
2025-11-22 17:24:25,mlx5_6,0.000,0.000,0.000,0.000
2025-11-22 17:24:25,mlx5_7,0.000,0.000,0.000,0.000
2025-11-22 17:24:25,mlx5_8,9.129,0.563,10.505,5.225
2025-11-22 17:24:25,mlx5_9,0.000,0.000,0.000,0.000
2025-11-22 17:24:25,TOTAL,36.159,2.384,41.526,20.204
2025-11-22 17:24:26,mlx5_0,0.000,0.000,0.000,0.000
2025-11-22 17:24:26,mlx5_1,9.591,0.600,11.476,4.986
2025-11-22 17:24:26,mlx5_2,0.000,0.000,0.000,0.000
2025-11-22 17:24:26,mlx5_3,9.506,0.524,11.602,5.148
2025-11-22 17:24:26,mlx5_4,0.000,0.000,0.000,0.000
2025-11-22 17:24:26,mlx5_5,9.671,0.594,11.558,5.061
2025-11-22 17:24:26,mlx5_6,0.000,0.000,0.000,0.000
2025-11-22 17:24:26,mlx5_7,0.000,0.000,0.000,0.000
2025-11-22 17:24:26,mlx5_8,9.684,0.666,11.722,5.309
2025-11-22 17:24:26,mlx5_9,0.000,0.000,0.000,0.000
2025-11-22 17:24:26,TOTAL,38.452,2.385,46.358,20.504
2025-11-22 17:24:27,mlx5_0,0.000,0.000,0.000,0.000
2025-11-22 17:24:27,mlx5_1,8.774,0.012,12.578,4.988
2025-11-22 17:24:27,mlx5_2,0.000,0.000,0.000,0.000
2025-11-22 17:24:27,mlx5_3,9.174,0.012,12.755,5.149
2025-11-22 17:24:27,mlx5_4,0.000,0.000,0.000,0.000
2025-11-22 17:24:27,mlx5_5,9.021,0.012,12.692,5.063
2025-11-22 17:24:27,mlx5_6,0.000,0.000,0.000,0.000
2025-11-22 17:24:27,mlx5_7,0.000,0.000,0.000,0.000
2025-11-22 17:24:27,mlx5_8,9.162,0.012,12.873,5.310
2025-11-22 17:24:27,mlx5_9,0.000,0.000,0.000,0.000
2025-11-22 17:24:27,TOTAL,36.131,0.047,50.897,20.510
2025-11-22 17:24:28,mlx5_0,0.000,0.000,0.000,0.000
2025-11-22 17:24:28,mlx5_1,9.298,0.546,13.747,5.056
2025-11-22 17:24:28,mlx5_2,0.000,0.000,0.000,0.000
2025-11-22 17:24:28,mlx5_3,9.285,0.697,13.921,5.237
2025-11-22 17:24:28,mlx5_4,0.000,0.000,0.000,0.000
2025-11-22 17:24:28,mlx5_5,9.223,0.464,13.850,5.121
2025-11-22 17:24:28,mlx5_6,0.000,0.000,0.000,0.000
2025-11-22 17:24:28,mlx5_7,0.000,0.000,0.000,0.000
2025-11-22 17:24:28,mlx5_8,9.414,0.676,14.055,5.395
2025-11-22 17:24:28,mlx5_9,0.000,0.000,0.000,0.000
2025-11-22 17:24:28,TOTAL,37.219,2.383,55.574,20.809
2025-11-22 17:24:29,mlx5_0,0.000,0.000,0.000,0.000
2025-11-22 17:24:29,mlx5_1,9.485,0.599,14.938,5.132
2025-11-22 17:24:29,mlx5_2,0.000,0.000,0.000,0.000
2025-11-22 17:24:29,mlx5_3,9.902,0.536,15.165,5.304
2025-11-22 17:24:29,mlx5_4,0.000,0.000,0.000,0.000
2025-11-22 17:24:29,mlx5_5,9.346,0.574,15.025,5.193
2025-11-22 17:24:29,mlx5_6,0.000,0.000,0.000,0.000
2025-11-22 17:24:29,mlx5_7,0.000,0.000,0.000,0.000
2025-11-22 17:24:29,mlx5_8,9.724,0.676,15.277,5.480
2025-11-22 17:24:29,mlx5_9,0.000,0.000,0.000,0.000
2025-11-22 17:24:29,TOTAL,38.457,2.385,60.406,21.109
2025-11-22 17:24:30,mlx5_0,0.000,0.000,0.000,0.000
2025-11-22 17:24:30,mlx5_1,8.989,0.494,16.068,5.194
2025-11-22 17:24:30,mlx5_2,0.000,0.000,0.000,0.000
2025-11-22 17:24:30,mlx5_3,9.023,0.710,16.299,5.393
2025-11-22 17:24:30,mlx5_4,0.000,0.000,0.000,0.000
2025-11-22 17:24:30,mlx5_5,8.921,0.533,16.146,5.260
2025-11-22 17:24:30,mlx5_6,0.000,0.000,0.000,0.000
2025-11-22 17:24:30,mlx5_7,0.000,0.000,0.000,0.000
2025-11-22 17:24:30,mlx5_8,8.942,0.645,16.401,5.561
2025-11-22 17:24:30,mlx5_9,0.000,0.000,0.000,0.000
2025-11-22 17:24:30,TOTAL,35.875,2.382,64.913,21.408
2025-11-22 17:24:31,mlx5_0,0.000,0.000,0.000,0.000
2025-11-22 17:24:31,mlx5_1,9.434,0.636,17.253,5.274
2025-11-22 17:24:31,mlx5_2,0.000,0.000,0.000,0.000
2025-11-22 17:24:31,mlx5_3,9.416,0.518,17.482,5.458
2025-11-22 17:24:31,mlx5_4,0.000,0.000,0.000,0.000
2025-11-22 17:24:31,mlx5_5,9.497,0.540,17.339,5.328
2025-11-22 17:24:31,mlx5_6,0.000,0.000,0.000,0.000
2025-11-22 17:24:31,mlx5_7,0.000,0.000,0.000,0.000
2025-11-22 17:24:31,mlx5_8,9.946,0.693,17.650,5.648
2025-11-22 17:24:31,mlx5_9,0.000,0.000,0.000,0.000
2025-11-22 17:24:31,TOTAL,38.293,2.386,69.724,21.708
2025-11-22 17:24:32,mlx5_0,0.000,0.000,0.000,0.000
2025-11-22 17:24:32,mlx5_1,8.948,0.702,18.377,5.362
2025-11-22 17:24:32,mlx5_2,0.000,0.000,0.000,0.000
2025-11-22 17:24:32,mlx5_3,9.000,0.534,18.613,5.525
2025-11-22 17:24:32,mlx5_4,0.000,0.000,0.000,0.000
2025-11-22 17:24:32,mlx5_5,8.841,0.732,18.450,5.420
2025-11-22 17:24:32,mlx5_6,0.000,0.000,0.000,0.000
2025-11-22 17:24:32,mlx5_7,0.000,0.000,0.000,0.000
2025-11-22 17:24:32,mlx5_8,9.343,0.414,18.824,5.700
2025-11-22 17:24:32,mlx5_9,0.000,0.000,0.000,0.000
2025-11-22 17:24:32,TOTAL,36.131,2.382,74.264,22.007
2025-11-22 17:24:33,mlx5_0,0.000,0.000,0.000,0.000
2025-11-22 17:24:33,mlx5_1,9.768,0.529,19.605,5.428
2025-11-22 17:24:33,mlx5_2,0.000,0.000,0.000,0.000
2025-11-22 17:24:33,mlx5_3,9.734,0.637,19.836,5.605
2025-11-22 17:24:33,mlx5_4,0.000,0.000,0.000,0.000
2025-11-22 17:24:33,mlx5_5,9.378,0.600,19.628,5.495
2025-11-22 17:24:33,mlx5_6,0.000,0.000,0.000,0.000
2025-11-22 17:24:33,mlx5_7,0.000,0.000,0.000,0.000
2025-11-22 17:24:33,mlx5_8,9.576,0.618,20.027,5.778
2025-11-22 17:24:33,mlx5_9,0.000,0.000,0.000,0.000
2025-11-22 17:24:33,TOTAL,38.456,2.384,79.096,22.307
2025-11-22 17:24:34,mlx5_0,0.000,0.000,0.000,0.000
2025-11-22 17:24:34,mlx5_1,8.858,0.012,20.718,5.430
2025-11-22 17:24:34,mlx5_2,0.000,0.000,0.000,0.000
2025-11-22 17:24:34,mlx5_3,9.243,0.012,20.997,5.607
2025-11-22 17:24:34,mlx5_4,0.000,0.000,0.000,0.000
2025-11-22 17:24:34,mlx5_5,8.862,0.012,20.742,5.497
2025-11-22 17:24:34,mlx5_6,0.000,0.000,0.000,0.000
2025-11-22 17:24:34,mlx5_7,0.000,0.000,0.000,0.000
2025-11-22 17:24:34,mlx5_8,9.160,0.012,21.178,5.779
2025-11-22 17:24:34,mlx5_9,0.000,0.000,0.000,0.000
2025-11-22 17:24:34,TOTAL,36.124,0.048,83.635,22.313
2025-11-22 17:24:35,mlx5_0,0.000,0.000,0.000,0.000
2025-11-22 17:24:35,mlx5_1,9.184,0.495,21.872,5.492
2025-11-22 17:24:35,mlx5_2,0.000,0.000,0.000,0.000
2025-11-22 17:24:35,mlx5_3,9.019,0.710,22.131,5.696
2025-11-22 17:24:35,mlx5_4,0.000,0.000,0.000,0.000
2025-11-22 17:24:35,mlx5_5,9.474,0.608,21.932,5.573
2025-11-22 17:24:35,mlx5_6,0.000,0.000,0.000,0.000
2025-11-22 17:24:35,mlx5_7,0.000,0.000,0.000,0.000
2025-11-22 17:24:35,mlx5_8,9.541,0.570,22.377,5.851
2025-11-22 17:24:35,mlx5_9,0.000,0.000,0.000,0.000
2025-11-22 17:24:35,TOTAL,37.218,2.383,88.312,22.612
2025-11-22 17:24:36,mlx5_0,0.000,0.000,0.000,0.000
2025-11-22 17:24:36,mlx5_1,9.546,0.615,23.071,5.569
2025-11-22 17:24:36,mlx5_2,0.000,0.000,0.000,0.000
2025-11-22 17:24:36,mlx5_3,9.743,0.637,23.355,5.776
2025-11-22 17:24:36,mlx5_4,0.000,0.000,0.000,0.000
2025-11-22 17:24:36,mlx5_5,9.606,0.586,23.139,5.647
2025-11-22 17:24:36,mlx5_6,0.000,0.000,0.000,0.000
2025-11-22 17:24:36,mlx5_7,0.000,0.000,0.000,0.000
2025-11-22 17:24:36,mlx5_8,9.561,0.555,23.578,5.921
2025-11-22 17:24:36,mlx5_9,0.000,0.000,0.000,0.000
2025-11-22 17:24:36,TOTAL,38.456,2.393,93.143,22.913
2025-11-22 17:24:37,mlx5_0,0.000,0.000,0.000,0.000
2025-11-22 17:24:37,mlx5_1,8.894,0.567,24.189,5.641
2025-11-22 17:24:37,mlx5_2,0.000,0.000,0.000,0.000
2025-11-22 17:24:37,mlx5_3,9.077,0.641,24.495,5.857
2025-11-22 17:24:37,mlx5_4,0.000,0.000,0.000,0.000
2025-11-22 17:24:37,mlx5_5,8.996,0.586,24.269,5.720
2025-11-22 17:24:37,mlx5_6,0.000,0.000,0.000,0.000
2025-11-22 17:24:37,mlx5_7,0.000,0.000,0.000,0.000
2025-11-22 17:24:37,mlx5_8,9.164,0.587,24.730,5.994
2025-11-22 17:24:37,mlx5_9,0.000,0.000,0.000,0.000
2025-11-22 17:24:37,TOTAL,36.131,2.381,97.683,23.212
2025-11-22 17:24:38,mlx5_0,0.000,0.000,0.000,0.000
2025-11-22 17:24:38,mlx5_1,9.504,0.661,25.383,5.724
2025-11-22 17:24:38,mlx5_2,0.000,0.000,0.000,0.000
2025-11-22 17:24:38,mlx5_3,9.561,0.538,25.697,5.924
2025-11-22 17:24:38,mlx5_4,0.000,0.000,0.000,0.000
2025-11-22 17:24:38,mlx5_5,9.457,0.582,25.457,5.794
2025-11-22 17:24:38,mlx5_6,0.000,0.000,0.000,0.000
2025-11-22 17:24:38,mlx5_7,0.000,0.000,0.000,0.000
2025-11-22 17:24:38,mlx5_8,9.933,0.604,25.978,6.070
2025-11-22 17:24:38,mlx5_9,0.000,0.000,0.000,0.000
2025-11-22 17:24:38,TOTAL,38.455,2.385,102.515,23.512
2025-11-22 17:24:39,mlx5_0,0.000,0.000,0.000,0.000
2025-11-22 17:24:39,mlx5_1,9.082,0.429,26.524,5.778
2025-11-22 17:24:39,mlx5_2,0.000,0.000,0.000,0.000
2025-11-22 17:24:39,mlx5_3,9.069,0.688,26.836,6.011
2025-11-22 17:24:39,mlx5_4,0.000,0.000,0.000,0.000
2025-11-22 17:24:39,mlx5_5,8.855,0.714,26.570,5.883
2025-11-22 17:24:39,mlx5_6,0.000,0.000,0.000,0.000
2025-11-22 17:24:39,mlx5_7,0.000,0.000,0.000,0.000
2025-11-22 17:24:39,mlx5_8,9.125,0.551,27.125,6.140
2025-11-22 17:24:39,mlx5_9,0.000,0.000,0.000,0.000
2025-11-22 17:24:39,TOTAL,36.130,2.382,107.055,23.811
2025-11-22 17:24:40,mlx5_0,0.000,0.000,0.000,0.000
2025-11-22 17:24:40,mlx5_1,9.618,0.499,27.733,5.840
2025-11-22 17:24:40,mlx5_2,0.000,0.000,0.000,0.000
2025-11-22 17:24:40,mlx5_3,9.508,0.773,28.031,6.108
2025-11-22 17:24:40,mlx5_4,0.000,0.000,0.000,0.000
2025-11-22 17:24:40,mlx5_5,9.614,0.587,27.778,5.957
2025-11-22 17:24:40,mlx5_6,0.000,0.000,0.000,0.000
2025-11-22 17:24:40,mlx5_7,0.000,0.000,0.000,0.000
2025-11-22 17:24:40,mlx5_8,9.713,0.527,28.345,6.206
2025-11-22 17:24:40,mlx5_9,0.000,0.000,0.000,0.000
2025-11-22 17:24:40,TOTAL,38.454,2.385,111.887,24.111
2025-11-22 17:24:41,mlx5_0,0.000,0.000,0.000,0.000
2025-11-22 17:24:41,mlx5_1,8.875,0.012,28.848,5.842
2025-11-22 17:24:41,mlx5_2,0.000,0.000,0.000,0.000
2025-11-22 17:24:41,mlx5_3,9.108,0.012,29.175,6.109
2025-11-22 17:24:41,mlx5_4,0.000,0.000,0.000,0.000
2025-11-22 17:24:41,mlx5_5,9.115,0.012,28.923,5.959
2025-11-22 17:24:41,mlx5_6,0.000,0.000,0.000,0.000
2025-11-22 17:24:41,mlx5_7,0.000,0.000,0.000,0.000
2025-11-22 17:24:41,mlx5_8,9.030,0.012,29.480,6.207
2025-11-22 17:24:41,mlx5_9,0.000,0.000,0.000,0.000
2025-11-22 17:24:41,TOTAL,36.127,0.048,116.426,24.117
2025-11-22 17:24:42,mlx5_0,0.000,0.000,0.000,0.000
2025-11-22 17:24:42,mlx5_1,0.000,0.000,28.848,5.842
2025-11-22 17:24:42,mlx5_2,0.000,0.000,0.000,0.000
2025-11-22 17:24:42,mlx5_3,0.000,0.000,29.175,6.109
2025-11-22 17:24:42,mlx5_4,0.000,0.000,0.000,0.000
2025-11-22 17:24:42,mlx5_5,0.000,0.000,28.923,5.959
2025-11-22 17:24:42,mlx5_6,0.000,0.000,0.000,0.000
2025-11-22 17:24:42,mlx5_7,0.000,0.000,0.000,0.000
2025-11-22 17:24:42,mlx5_8,0.000,0.000,29.480,6.207
2025-11-22 17:24:42,mlx5_9,0.000,0.000,0.000,0.000
2025-11-22 17:24:42,TOTAL,0.000,0.000,116.426,24.117
2025-11-22 17:24:43,mlx5_0,0.000,0.000,0.000,0.000
2025-11-22 17:24:43,mlx5_1,0.000,0.000,28.848,5.842
2025-11-22 17:24:43,mlx5_2,0.000,0.000,0.000,0.000
2025-11-22 17:24:43,mlx5_3,0.000,0.000,29.175,6.109
2025-11-22 17:24:43,mlx5_4,0.000,0.000,0.000,0.000
2025-11-22 17:24:43,mlx5_5,0.000,0.000,28.923,5.959
2025-11-22 17:24:43,mlx5_6,0.000,0.000,0.000,0.000
2025-11-22 17:24:43,mlx5_7,0.000,0.000,0.000,0.000
2025-11-22 17:24:43,mlx5_8,0.000,0.000,29.480,6.207
2025-11-22 17:24:43,mlx5_9,0.000,0.000,0.000,0.000
2025-11-22 17:24:43,TOTAL,0.000,0.000,116.426,24.117
2025-11-22 17:24:44,mlx5_0,0.000,0.000,0.000,0.000
2025-11-22 17:24:44,mlx5_1,9.319,0.012,30.018,5.843
2025-11-22 17:24:44,mlx5_2,0.000,0.000,0.000,0.000
2025-11-22 17:24:44,mlx5_3,9.690,0.012,30.392,6.111
2025-11-22 17:24:44,mlx5_4,0.000,0.000,0.000,0.000
2025-11-22 17:24:44,mlx5_5,9.610,0.012,30.130,5.960
2025-11-22 17:24:44,mlx5_6,0.000,0.000,0.000,0.000
2025-11-22 17:24:44,mlx5_7,0.000,0.000,0.000,0.000
2025-11-22 17:24:44,mlx5_8,9.844,0.013,30.716,6.209
2025-11-22 17:24:44,mlx5_9,0.000,0.000,0.000,0.000
2025-11-22 17:24:44,TOTAL,38.463,0.050,121.257,24.123
2025-11-22 17:24:45,mlx5_0,0.000,0.000,0.000,0.000
2025-11-22 17:24:45,mlx5_1,0.000,0.000,30.018,5.843
2025-11-22 17:24:45,mlx5_2,0.000,0.000,0.000,0.000
2025-11-22 17:24:45,mlx5_3,0.000,0.000,30.392,6.111
2025-11-22 17:24:45,mlx5_4,0.000,0.000,0.000,0.000
2025-11-22 17:24:45,mlx5_5,0.000,0.000,30.130,5.960
2025-11-22 17:24:45,mlx5_6,0.000,0.000,0.000,0.000
2025-11-22 17:24:45,mlx5_7,0.000,0.000,0.000,0.000
2025-11-22 17:24:45,mlx5_8,0.000,0.000,30.716,6.209
2025-11-22 17:24:45,mlx5_9,0.000,0.000,0.000,0.000
2025-11-22 17:24:45,TOTAL,0.000,0.000,121.257,24.123
2025-11-22 17:24:46,mlx5_0,0.000,0.000,0.000,0.000
2025-11-22 17:24:46,mlx5_1,0.000,0.000,30.018,5.843
2025-11-22 17:24:46,mlx5_2,0.000,0.000,0.000,0.000
2025-11-22 17:24:46,mlx5_3,0.000,0.000,30.392,6.111
2025-11-22 17:24:46,mlx5_4,0.000,0.000,0.000,0.000
2025-11-22 17:24:46,mlx5_5,0.000,0.000,30.130,5.960
2025-11-22 17:24:46,mlx5_6,0.000,0.000,0.000,0.000
2025-11-22 17:24:46,mlx5_7,0.000,0.000,0.000,0.000
2025-11-22 17:24:46,mlx5_8,0.000,0.000,30.716,6.209
2025-11-22 17:24:46,mlx5_9,0.000,0.000,0.000,0.000
2025-11-22 17:24:46,TOTAL,0.000,0.000,121.257,24.123
2025-11-22 17:24:47,mlx5_0,0.000,0.000,0.000,0.000
2025-11-22 17:24:47,mlx5_1,0.000,0.000,30.018,5.843
2025-11-22 17:24:47,mlx5_2,0.000,0.000,0.000,0.000
2025-11-22 17:24:47,mlx5_3,0.000,0.000,30.392,6.111
2025-11-22 17:24:47,mlx5_4,0.000,0.000,0.000,0.000
2025-11-22 17:24:47,mlx5_5,0.000,0.000,30.130,5.960
2025-11-22 17:24:47,mlx5_6,0.000,0.000,0.000,0.000
2025-11-22 17:24:47,mlx5_7,0.000,0.000,0.000,0.000
2025-11-22 17:24:47,mlx5_8,0.000,0.000,30.716,6.209
2025-11-22 17:24:47,mlx5_9,0.000,0.000,0.000,0.000
2025-11-22 17:24:47,TOTAL,0.000,0.000,121.257,24.123
2025-11-22 17:24:48,mlx5_0,0.000,0.000,0.000,0.000
2025-11-22 17:24:48,mlx5_1,0.000,0.000,30.018,5.843
2025-11-22 17:24:48,mlx5_2,0.000,0.000,0.000,0.000
2025-11-22 17:24:48,mlx5_3,0.000,0.000,30.392,6.111
2025-11-22 17:24:48,mlx5_4,0.000,0.000,0.000,0.000
2025-11-22 17:24:48,mlx5_5,0.000,0.000,30.130,5.960
2025-11-22 17:24:48,mlx5_6,0.000,0.000,0.000,0.000
2025-11-22 17:24:48,mlx5_7,0.000,0.000,0.000,0.000
2025-11-22 17:24:48,mlx5_8,0.000,0.000,30.716,6.209
2025-11-22 17:24:48,mlx5_9,0.000,0.000,0.000,0.000
2025-11-22 17:24:48,TOTAL,0.000,0.000,121.257,24.123
2025-11-22 17:24:49,mlx5_0,0.000,0.000,0.000,0.000
2025-11-22 17:24:49,mlx5_1,0.000,0.000,30.018,5.843
2025-11-22 17:24:49,mlx5_2,0.000,0.000,0.000,0.000
2025-11-22 17:24:49,mlx5_3,0.000,0.000,30.392,6.111
2025-11-22 17:24:49,mlx5_4,0.000,0.000,0.000,0.000
2025-11-22 17:24:49,mlx5_5,0.000,0.000,30.130,5.960
2025-11-22 17:24:49,mlx5_6,0.000,0.000,0.000,0.000
2025-11-22 17:24:49,mlx5_7,0.000,0.000,0.000,0.000
2025-11-22 17:24:49,mlx5_8,0.000,0.000,30.716,6.209
2025-11-22 17:24:49,mlx5_9,0.000,0.000,0.000,0.000
2025-11-22 17:24:49,TOTAL,0.000,0.000,121.257,24.123
2025-11-22 17:24:50,mlx5_0,0.000,0.000,0.000,0.000
2025-11-22 17:24:50,mlx5_1,0.000,0.000,30.018,5.843
2025-11-22 17:24:50,mlx5_2,0.000,0.000,0.000,0.000
2025-11-22 17:24:50,mlx5_3,0.000,0.000,30.392,6.111
2025-11-22 17:24:50,mlx5_4,0.000,0.000,0.000,0.000
2025-11-22 17:24:50,mlx5_5,0.000,0.000,30.130,5.960
2025-11-22 17:24:50,mlx5_6,0.000,0.000,0.000,0.000
2025-11-22 17:24:50,mlx5_7,0.000,0.000,0.000,0.000
2025-11-22 17:24:50,mlx5_8,0.000,0.000,30.716,6.209
2025-11-22 17:24:50,mlx5_9,0.000,0.000,0.000,0.000
2025-11-22 17:24:50,TOTAL,0.000,0.000,121.257,24.123
2025-11-22 17:24:51,mlx5_0,0.000,0.000,0.000,0.000
2025-11-22 17:24:51,mlx5_1,0.000,0.000,30.018,5.843
2025-11-22 17:24:51,mlx5_2,0.000,0.000,0.000,0.000
2025-11-22 17:24:51,mlx5_3,0.000,0.000,30.392,6.111
2025-11-22 17:24:51,mlx5_4,0.000,0.000,0.000,0.000
2025-11-22 17:24:51,mlx5_5,0.000,0.000,30.130,5.960
2025-11-22 17:24:51,mlx5_6,0.000,0.000,0.000,0.000
2025-11-22 17:24:51,mlx5_7,0.000,0.000,0.000,0.000
2025-11-22 17:24:51,mlx5_8,0.000,0.000,30.716,6.209
2025-11-22 17:24:51,mlx5_9,0.000,0.000,0.000,0.000
2025-11-22 17:24:51,TOTAL,0.000,0.000,121.257,24.123
2025-11-22 17:24:52,mlx5_0,0.000,0.000,0.000,0.000
2025-11-22 17:24:52,mlx5_1,0.000,0.000,30.018,5.843
2025-11-22 17:24:52,mlx5_2,0.000,0.000,0.000,0.000
2025-11-22 17:24:52,mlx5_3,0.000,0.000,30.392,6.111
2025-11-22 17:24:52,mlx5_4,0.000,0.000,0.000,0.000
2025-11-22 17:24:52,mlx5_5,0.000,0.000,30.130,5.960
2025-11-22 17:24:52,mlx5_6,0.000,0.000,0.000,0.000
2025-11-22 17:24:52,mlx5_7,0.000,0.000,0.000,0.000
2025-11-22 17:24:52,mlx5_8,0.000,0.000,30.716,6.209
2025-11-22 17:24:52,mlx5_9,0.000,0.000,0.000,0.000
2025-11-22 17:24:52,TOTAL,0.000,0.000,121.257,24.123
2025-11-22 17:24:53,mlx5_0,0.000,0.000,0.000,0.000
2025-11-22 17:24:53,mlx5_1,0.000,0.000,30.018,5.843
2025-11-22 17:24:53,mlx5_2,0.000,0.000,0.000,0.000
2025-11-22 17:24:53,mlx5_3,0.000,0.000,30.392,6.111
2025-11-22 17:24:53,mlx5_4,0.000,0.000,0.000,0.000
2025-11-22 17:24:53,mlx5_5,0.000,0.000,30.130,5.960
2025-11-22 17:24:53,mlx5_6,0.000,0.000,0.000,0.000
2025-11-22 17:24:53,mlx5_7,0.000,0.000,0.000,0.000
2025-11-22 17:24:53,mlx5_8,0.000,0.000,30.716,6.209
2025-11-22 17:24:53,mlx5_9,0.000,0.000,0.000,0.000
2025-11-22 17:24:53,TOTAL,0.000,0.000,121.257,24.123
2025-11-22 17:24:54,mlx5_0,0.000,0.000,0.000,0.000
2025-11-22 17:24:54,mlx5_1,0.000,0.000,30.018,5.843
2025-11-22 17:24:54,mlx5_2,0.000,0.000,0.000,0.000
2025-11-22 17:24:54,mlx5_3,0.000,0.000,30.392,6.111
2025-11-22 17:24:54,mlx5_4,0.000,0.000,0.000,0.000
2025-11-22 17:24:54,mlx5_5,0.000,0.000,30.130,5.960
2025-11-22 17:24:54,mlx5_6,0.000,0.000,0.000,0.000
2025-11-22 17:24:54,mlx5_7,0.000,0.000,0.000,0.000
2025-11-22 17:24:54,mlx5_8,0.000,0.000,30.716,6.209
2025-11-22 17:24:54,mlx5_9,0.000,0.000,0.000,0.000
2025-11-22 17:24:54,TOTAL,0.000,0.000,121.257,24.123
2025-11-22 17:24:55,mlx5_0,0.000,0.000,0.000,0.000
2025-11-22 17:24:55,mlx5_1,0.000,0.000,30.018,5.843
2025-11-22 17:24:55,mlx5_2,0.000,0.000,0.000,0.000
2025-11-22 17:24:55,mlx5_3,0.000,0.000,30.392,6.111
2025-11-22 17:24:55,mlx5_4,0.000,0.000,0.000,0.000
2025-11-22 17:24:55,mlx5_5,0.000,0.000,30.130,5.960
2025-11-22 17:24:55,mlx5_6,0.000,0.000,0.000,0.000
2025-11-22 17:24:55,mlx5_7,0.000,0.000,0.000,0.000
2025-11-22 17:24:55,mlx5_8,0.000,0.000,30.716,6.209
2025-11-22 17:24:55,mlx5_9,0.000,0.000,0.000,0.000
2025-11-22 17:24:55,TOTAL,0.000,0.000,121.257,24.123
2025-11-22 17:24:56,mlx5_0,0.000,0.000,0.000,0.000
2025-11-22 17:24:56,mlx5_1,0.000,0.000,30.018,5.843
2025-11-22 17:24:56,mlx5_2,0.000,0.000,0.000,0.000
2025-11-22 17:24:56,mlx5_3,0.000,0.000,30.392,6.111
2025-11-22 17:24:56,mlx5_4,0.000,0.000,0.000,0.000
2025-11-22 17:24:56,mlx5_5,0.000,0.000,30.130,5.960
2025-11-22 17:24:56,mlx5_6,0.000,0.000,0.000,0.000
2025-11-22 17:24:56,mlx5_7,0.000,0.000,0.000,0.000
2025-11-22 17:24:56,mlx5_8,0.000,0.000,30.716,6.209
2025-11-22 17:24:56,mlx5_9,0.000,0.000,0.000,0.000
2025-11-22 17:24:56,TOTAL,0.000,0.000,121.257,24.123
2025-11-22 17:24:57,mlx5_0,0.000,0.000,0.000,0.000
2025-11-22 17:24:57,mlx5_1,0.038,21.902,30.023,8.593
2025-11-22 17:24:57,mlx5_2,0.000,0.000,0.000,0.000
2025-11-22 17:24:57,mlx5_3,0.042,23.248,30.398,9.029
2025-11-22 17:24:57,mlx5_4,0.000,0.000,0.000,0.000
2025-11-22 17:24:57,mlx5_5,0.040,22.405,30.135,8.773
2025-11-22 17:24:57,mlx5_6,0.000,0.000,0.000,0.000
2025-11-22 17:24:57,mlx5_7,0.000,0.000,0.000,0.000
2025-11-22 17:24:57,mlx5_8,0.040,23.720,30.721,9.187
2025-11-22 17:24:57,mlx5_9,0.000,0.000,0.000,0.000
2025-11-22 17:24:57,TOTAL,0.159,91.275,121.277,35.581
2025-11-22 17:24:58,mlx5_0,0.000,0.000,0.000,0.000
2025-11-22 17:24:58,mlx5_1,0.191,108.588,30.047,22.230
2025-11-22 17:24:58,mlx5_2,0.000,0.000,0.000,0.000
2025-11-22 17:24:58,mlx5_3,0.211,114.670,30.424,23.430
2025-11-22 17:24:58,mlx5_4,0.000,0.000,0.000,0.000
2025-11-22 17:24:58,mlx5_5,0.206,111.719,30.161,22.803
2025-11-22 17:24:58,mlx5_6,0.000,0.000,0.000,0.000
2025-11-22 17:24:58,mlx5_7,0.000,0.000,0.000,0.000
2025-11-22 17:24:58,mlx5_8,0.215,118.934,30.748,24.123
2025-11-22 17:24:58,mlx5_9,0.000,0.000,0.000,0.000
2025-11-22 17:24:58,TOTAL,0.823,453.912,121.381,92.584
2025-11-22 17:24:59,mlx5_0,0.000,0.000,0.000,0.000
2025-11-22 17:24:59,mlx5_1,0.175,98.594,30.069,34.626
2025-11-22 17:24:59,mlx5_2,0.000,0.000,0.000,0.000
2025-11-22 17:24:59,mlx5_3,0.205,104.425,30.450,36.559
2025-11-22 17:24:59,mlx5_4,0.000,0.000,0.000,0.000
2025-11-22 17:24:59,mlx5_5,0.195,101.658,30.186,35.585
2025-11-22 17:24:59,mlx5_6,0.000,0.000,0.000,0.000
2025-11-22 17:24:59,mlx5_7,0.000,0.000,0.000,0.000
2025-11-22 17:24:59,mlx5_8,0.197,107.148,30.773,37.595
2025-11-22 17:24:59,mlx5_9,0.000,0.000,0.000,0.000
2025-11-22 17:24:59,TOTAL,0.772,411.825,121.478,144.365
2025-11-22 17:25:00,mlx5_0,0.000,0.000,0.000,0.000
2025-11-22 17:25:00,mlx5_1,0.000,0.000,30.069,34.626
2025-11-22 17:25:00,mlx5_2,0.000,0.000,0.000,0.000
2025-11-22 17:25:00,mlx5_3,0.000,0.000,30.450,36.559
2025-11-22 17:25:00,mlx5_4,0.000,0.000,0.000,0.000
2025-11-22 17:25:00,mlx5_5,0.000,0.000,30.186,35.585
2025-11-22 17:25:00,mlx5_6,0.000,0.000,0.000,0.000
2025-11-22 17:25:00,mlx5_7,0.000,0.000,0.000,0.000
2025-11-22 17:25:00,mlx5_8,0.000,0.000,30.773,37.595
2025-11-22 17:25:00,mlx5_9,0.000,0.000,0.000,0.000
2025-11-22 17:25:00,TOTAL,0.000,0.000,121.478,144.365
2025-11-22 17:25:01,mlx5_0,0.000,0.000,0.000,0.000
2025-11-22 17:25:01,mlx5_1,0.000,0.000,30.069,34.626
2025-11-22 17:25:01,mlx5_2,0.000,0.000,0.000,0.000
2025-11-22 17:25:01,mlx5_3,0.000,0.000,30.450,36.559
2025-11-22 17:25:01,mlx5_4,0.000,0.000,0.000,0.000
2025-11-22 17:25:01,mlx5_5,0.000,0.000,30.186,35.585
2025-11-22 17:25:01,mlx5_6,0.000,0.000,0.000,0.000
2025-11-22 17:25:01,mlx5_7,0.000,0.000,0.000,0.000
2025-11-22 17:25:01,mlx5_8,0.000,0.000,30.773,37.595
2025-11-22 17:25:01,mlx5_9,0.000,0.000,0.000,0.000
2025-11-22 17:25:01,TOTAL,0.000,0.000,121.478,144.365
2025-11-22 17:25:02,mlx5_0,0.000,0.000,0.000,0.000
2025-11-22 17:25:02,mlx5_1,0.000,0.000,30.069,34.626
2025-11-22 17:25:02,mlx5_2,0.000,0.000,0.000,0.000
2025-11-22 17:25:02,mlx5_3,0.000,0.000,30.450,36.559
2025-11-22 17:25:02,mlx5_4,0.000,0.000,0.000,0.000
2025-11-22 17:25:02,mlx5_5,0.000,0.000,30.186,35.585
2025-11-22 17:25:02,mlx5_6,0.000,0.000,0.000,0.000
2025-11-22 17:25:02,mlx5_7,0.000,0.000,0.000,0.000
2025-11-22 17:25:02,mlx5_8,0.000,0.000,30.773,37.595
2025-11-22 17:25:02,mlx5_9,0.000,0.000,0.000,0.000
2025-11-22 17:25:02,TOTAL,0.000,0.000,121.478,144.365
2025-11-22 17:25:03,mlx5_0,0.000,0.000,0.000,0.000
2025-11-22 17:25:03,mlx5_1,0.000,0.000,30.069,34.626
2025-11-22 17:25:03,mlx5_2,0.000,0.000,0.000,0.000
2025-11-22 17:25:03,mlx5_3,0.000,0.000,30.450,36.559
2025-11-22 17:25:03,mlx5_4,0.000,0.000,0.000,0.000
2025-11-22 17:25:03,mlx5_5,0.000,0.000,30.186,35.585
2025-11-22 17:25:03,mlx5_6,0.000,0.000,0.000,0.000
2025-11-22 17:25:03,mlx5_7,0.000,0.000,0.000,0.000
2025-11-22 17:25:03,mlx5_8,0.000,0.000,30.773,37.595
2025-11-22 17:25:03,mlx5_9,0.000,0.000,0.000,0.000
2025-11-22 17:25:03,TOTAL,0.000,0.000,121.478,144.365
2025-11-22 17:25:04,mlx5_0,0.000,0.000,0.000,0.000
2025-11-22 17:25:04,mlx5_1,0.000,0.000,30.069,34.626
2025-11-22 17:25:04,mlx5_2,0.000,0.000,0.000,0.000
2025-11-22 17:25:04,mlx5_3,0.000,0.000,30.450,36.559
2025-11-22 17:25:04,mlx5_4,0.000,0.000,0.000,0.000
2025-11-22 17:25:04,mlx5_5,0.000,0.000,30.186,35.585
2025-11-22 17:25:04,mlx5_6,0.000,0.000,0.000,0.000
2025-11-22 17:25:04,mlx5_7,0.000,0.000,0.000,0.000
2025-11-22 17:25:04,mlx5_8,0.000,0.000,30.773,37.595
2025-11-22 17:25:04,mlx5_9,0.000,0.000,0.000,0.000
2025-11-22 17:25:04,TOTAL,0.000,0.000,121.478,144.365
2025-11-22 17:25:05,mlx5_0,0.000,0.000,0.000,0.000
2025-11-22 17:25:05,mlx5_1,0.000,0.000,30.069,34.626
2025-11-22 17:25:05,mlx5_2,0.000,0.000,0.000,0.000
2025-11-22 17:25:05,mlx5_3,0.000,0.000,30.450,36.559
2025-11-22 17:25:05,mlx5_4,0.000,0.000,0.000,0.000
2025-11-22 17:25:05,mlx5_5,0.000,0.000,30.186,35.585
2025-11-22 17:25:05,mlx5_6,0.000,0.000,0.000,0.000
2025-11-22 17:25:05,mlx5_7,0.000,0.000,0.000,0.000
2025-11-22 17:25:05,mlx5_8,0.000,0.000,30.773,37.595
2025-11-22 17:25:05,mlx5_9,0.000,0.000,0.000,0.000
2025-11-22 17:25:05,TOTAL,0.000,0.000,121.478,144.365
2025-11-22 17:25:06,mlx5_0,0.000,0.000,0.000,0.000
2025-11-22 17:25:06,mlx5_1,0.000,0.000,30.069,34.626
2025-11-22 17:25:06,mlx5_2,0.000,0.000,0.000,0.000
2025-11-22 17:25:06,mlx5_3,0.000,0.000,30.450,36.559
2025-11-22 17:25:06,mlx5_4,0.000,0.000,0.000,0.000
2025-11-22 17:25:06,mlx5_5,0.000,0.000,30.186,35.585
2025-11-22 17:25:06,mlx5_6,0.000,0.000,0.000,0.000
2025-11-22 17:25:06,mlx5_7,0.000,0.000,0.000,0.000
2025-11-22 17:25:06,mlx5_8,0.000,0.000,30.773,37.595
2025-11-22 17:25:06,mlx5_9,0.000,0.000,0.000,0.000
2025-11-22 17:25:06,TOTAL,0.000,0.000,121.478,144.365
2025-11-22 17:25:07,mlx5_0,0.000,0.000,0.000,0.000
2025-11-22 17:25:07,mlx5_1,0.000,0.000,30.069,34.626
2025-11-22 17:25:07,mlx5_2,0.000,0.000,0.000,0.000
2025-11-22 17:25:07,mlx5_3,0.000,0.000,30.450,36.559
2025-11-22 17:25:07,mlx5_4,0.000,0.000,0.000,0.000
2025-11-22 17:25:07,mlx5_5,0.000,0.000,30.186,35.585
2025-11-22 17:25:07,mlx5_6,0.000,0.000,0.000,0.000
2025-11-22 17:25:07,mlx5_7,0.000,0.000,0.000,0.000
2025-11-22 17:25:07,mlx5_8,0.000,0.000,30.773,37.595
2025-11-22 17:25:07,mlx5_9,0.000,0.000,0.000,0.000
2025-11-22 17:25:07,TOTAL,0.000,0.000,121.478,144.365
2025-11-22 17:25:08,mlx5_0,0.000,0.000,0.000,0.000
2025-11-22 17:25:08,mlx5_1,0.000,0.000,30.069,34.626
2025-11-22 17:25:08,mlx5_2,0.000,0.000,0.000,0.000
2025-11-22 17:25:08,mlx5_3,0.000,0.000,30.450,36.559
2025-11-22 17:25:08,mlx5_4,0.000,0.000,0.000,0.000
2025-11-22 17:25:08,mlx5_5,0.000,0.000,30.186,35.585
2025-11-22 17:25:08,mlx5_6,0.000,0.000,0.000,0.000
2025-11-22 17:25:08,mlx5_7,0.000,0.000,0.000,0.000
2025-11-22 17:25:08,mlx5_8,0.000,0.000,30.773,37.595
2025-11-22 17:25:08,mlx5_9,0.000,0.000,0.000,0.000
2025-11-22 17:25:08,TOTAL,0.000,0.000,121.478,144.365
2025-11-22 17:25:09,mlx5_0,0.000,0.000,0.000,0.000
2025-11-22 17:25:09,mlx5_1,0.000,0.000,30.069,34.626
2025-11-22 17:25:09,mlx5_2,0.000,0.000,0.000,0.000
2025-11-22 17:25:09,mlx5_3,0.000,0.000,30.450,36.559
2025-11-22 17:25:09,mlx5_4,0.000,0.000,0.000,0.000
2025-11-22 17:25:09,mlx5_5,0.000,0.000,30.186,35.585
2025-11-22 17:25:09,mlx5_6,0.000,0.000,0.000,0.000
2025-11-22 17:25:09,mlx5_7,0.000,0.000,0.000,0.000
2025-11-22 17:25:09,mlx5_8,0.000,0.000,30.773,37.595
2025-11-22 17:25:09,mlx5_9,0.000,0.000,0.000,0.000
2025-11-22 17:25:09,TOTAL,0.000,0.000,121.478,144.365
2025-11-22 17:25:10,mlx5_0,0.000,0.000,0.000,0.000
2025-11-22 17:25:10,mlx5_1,0.000,0.000,30.069,34.626
2025-11-22 17:25:10,mlx5_2,0.000,0.000,0.000,0.000
2025-11-22 17:25:10,mlx5_3,0.000,0.000,30.450,36.559
2025-11-22 17:25:10,mlx5_4,0.000,0.000,0.000,0.000
2025-11-22 17:25:10,mlx5_5,0.000,0.000,30.186,35.585
2025-11-22 17:25:10,mlx5_6,0.000,0.000,0.000,0.000
2025-11-22 17:25:10,mlx5_7,0.000,0.000,0.000,0.000
2025-11-22 17:25:10,mlx5_8,0.000,0.000,30.773,37.595
2025-11-22 17:25:10,mlx5_9,0.000,0.000,0.000,0.000
2025-11-22 17:25:10,TOTAL,0.000,0.000,121.478,144.365
2025-11-22 17:25:11,mlx5_0,0.000,0.000,0.000,0.000
2025-11-22 17:25:11,mlx5_1,0.000,0.000,30.069,34.626
2025-11-22 17:25:11,mlx5_2,0.000,0.000,0.000,0.000
2025-11-22 17:25:11,mlx5_3,0.000,0.000,30.450,36.559
2025-11-22 17:25:11,mlx5_4,0.000,0.000,0.000,0.000
2025-11-22 17:25:11,mlx5_5,0.000,0.000,30.186,35.585
2025-11-22 17:25:11,mlx5_6,0.000,0.000,0.000,0.000
2025-11-22 17:25:11,mlx5_7,0.000,0.000,0.000,0.000
2025-11-22 17:25:11,mlx5_8,0.000,0.000,30.773,37.595
2025-11-22 17:25:11,mlx5_9,0.000,0.000,0.000,0.000
2025-11-22 17:25:11,TOTAL,0.000,0.000,121.478,144.365
2025-11-22 17:25:12,mlx5_0,0.000,0.000,0.000,0.000
2025-11-22 17:25:12,mlx5_1,0.000,0.000,30.069,34.626
2025-11-22 17:25:12,mlx5_2,0.000,0.000,0.000,0.000
2025-11-22 17:25:12,mlx5_3,0.000,0.000,30.450,36.559
2025-11-22 17:25:12,mlx5_4,0.000,0.000,0.000,0.000
2025-11-22 17:25:12,mlx5_5,0.000,0.000,30.186,35.585
2025-11-22 17:25:12,mlx5_6,0.000,0.000,0.000,0.000
2025-11-22 17:25:12,mlx5_7,0.000,0.000,0.000,0.000
2025-11-22 17:25:12,mlx5_8,0.000,0.000,30.773,37.595
2025-11-22 17:25:12,mlx5_9,0.000,0.000,0.000,0.000
2025-11-22 17:25:12,TOTAL,0.000,0.000,121.478,144.365
2025-11-22 17:25:13,mlx5_0,0.000,0.000,0.000,0.000
2025-11-22 17:25:13,mlx5_1,0.000,0.000,30.069,34.626
2025-11-22 17:25:13,mlx5_2,0.000,0.000,0.000,0.000
2025-11-22 17:25:13,mlx5_3,0.000,0.000,30.450,36.559
2025-11-22 17:25:13,mlx5_4,0.000,0.000,0.000,0.000
2025-11-22 17:25:13,mlx5_5,0.000,0.000,30.186,35.585
2025-11-22 17:25:13,mlx5_6,0.000,0.000,0.000,0.000
2025-11-22 17:25:13,mlx5_7,0.000,0.000,0.000,0.000
2025-11-22 17:25:13,mlx5_8,0.000,0.000,30.773,37.595
2025-11-22 17:25:13,mlx5_9,0.000,0.000,0.000,0.000
2025-11-22 17:25:13,TOTAL,0.000,0.000,121.478,144.365
2025-11-22 17:25:14,mlx5_0,0.000,0.000,0.000,0.000
2025-11-22 17:25:14,mlx5_1,0.000,0.000,30.069,34.626
2025-11-22 17:25:14,mlx5_2,0.000,0.000,0.000,0.000
2025-11-22 17:25:14,mlx5_3,0.000,0.000,30.450,36.559
2025-11-22 17:25:14,mlx5_4,0.000,0.000,0.000,0.000
2025-11-22 17:25:14,mlx5_5,0.000,0.000,30.186,35.585
2025-11-22 17:25:14,mlx5_6,0.000,0.000,0.000,0.000
2025-11-22 17:25:14,mlx5_7,0.000,0.000,0.000,0.000
2025-11-22 17:25:14,mlx5_8,0.000,0.000,30.773,37.595
2025-11-22 17:25:14,mlx5_9,0.000,0.000,0.000,0.000
2025-11-22 17:25:14,TOTAL,0.000,0.000,121.478,144.365
2025-11-22 17:25:15,mlx5_0,0.000,0.000,0.000,0.000
2025-11-22 17:25:15,mlx5_1,0.000,0.000,30.069,34.626
2025-11-22 17:25:15,mlx5_2,0.000,0.000,0.000,0.000
2025-11-22 17:25:15,mlx5_3,0.000,0.000,30.450,36.559
2025-11-22 17:25:15,mlx5_4,0.000,0.000,0.000,0.000
2025-11-22 17:25:15,mlx5_5,0.000,0.000,30.186,35.585
2025-11-22 17:25:15,mlx5_6,0.000,0.000,0.000,0.000
2025-11-22 17:25:15,mlx5_7,0.000,0.000,0.000,0.000
2025-11-22 17:25:15,mlx5_8,0.000,0.000,30.773,37.595
2025-11-22 17:25:15,mlx5_9,0.000,0.000,0.000,0.000
2025-11-22 17:25:15,TOTAL,0.000,0.000,121.478,144.365
2025-11-22 17:25:16,mlx5_0,0.000,0.000,0.000,0.000
2025-11-22 17:25:16,mlx5_1,0.019,10.505,30.071,35.946
2025-11-22 17:25:16,mlx5_2,0.000,0.000,0.000,0.000
2025-11-22 17:25:16,mlx5_3,0.021,11.351,30.453,37.985
2025-11-22 17:25:16,mlx5_4,0.000,0.000,0.000,0.000
2025-11-22 17:25:16,mlx5_5,0.020,10.811,30.188,36.942
2025-11-22 17:25:16,mlx5_6,0.000,0.000,0.000,0.000
2025-11-22 17:25:16,mlx5_7,0.000,0.000,0.000,0.000
2025-11-22 17:25:16,mlx5_8,0.022,11.720,30.776,39.067
2025-11-22 17:25:16,mlx5_9,0.000,0.000,0.000,0.000
2025-11-22 17:25:16,TOTAL,0.081,44.386,121.488,149.940
2025-11-22 17:25:17,mlx5_0,0.000,0.000,0.000,0.000
2025-11-22 17:25:17,mlx5_1,0.000,0.000,30.071,35.946
2025-11-22 17:25:17,mlx5_2,0.000,0.000,0.000,0.000
2025-11-22 17:25:17,mlx5_3,0.000,0.000,30.453,37.985
2025-11-22 17:25:17,mlx5_4,0.000,0.000,0.000,0.000
2025-11-22 17:25:17,mlx5_5,0.000,0.000,30.188,36.942
2025-11-22 17:25:17,mlx5_6,0.000,0.000,0.000,0.000
2025-11-22 17:25:17,mlx5_7,0.000,0.000,0.000,0.000
2025-11-22 17:25:17,mlx5_8,0.000,0.000,30.776,39.067
2025-11-22 17:25:17,mlx5_9,0.000,0.000,0.000,0.000
2025-11-22 17:25:17,TOTAL,0.000,0.000,121.488,149.940
2025-11-22 17:25:18,mlx5_0,0.000,0.000,0.000,0.000
2025-11-22 17:25:18,mlx5_1,9.158,0.012,31.222,35.947
2025-11-22 17:25:18,mlx5_2,0.000,0.000,0.000,0.000
2025-11-22 17:25:18,mlx5_3,9.356,0.012,31.628,37.987
2025-11-22 17:25:18,mlx5_4,0.000,0.000,0.000,0.000
2025-11-22 17:25:18,mlx5_5,9.433,0.012,31.373,36.944
2025-11-22 17:25:18,mlx5_6,0.000,0.000,0.000,0.000
2025-11-22 17:25:18,mlx5_7,0.000,0.000,0.000,0.000
2025-11-22 17:25:18,mlx5_8,9.280,0.012,31.941,39.068
2025-11-22 17:25:18,mlx5_9,0.000,0.000,0.000,0.000
2025-11-22 17:25:18,TOTAL,37.226,0.048,126.164,149.946
2025-11-22 17:25:19,mlx5_0,0.000,0.000,0.000,0.000
2025-11-22 17:25:19,mlx5_1,8.565,0.011,32.298,35.949
2025-11-22 17:25:19,mlx5_2,0.000,0.000,0.000,0.000
2025-11-22 17:25:19,mlx5_3,8.958,0.011,32.754,37.988
2025-11-22 17:25:19,mlx5_4,0.000,0.000,0.000,0.000
2025-11-22 17:25:19,mlx5_5,8.982,0.011,32.502,36.945
2025-11-22 17:25:19,mlx5_6,0.000,0.000,0.000,0.000
2025-11-22 17:25:19,mlx5_7,0.000,0.000,0.000,0.000
2025-11-22 17:25:19,mlx5_8,8.955,0.011,33.067,39.070
2025-11-22 17:25:19,mlx5_9,0.000,0.000,0.000,0.000
2025-11-22 17:25:19,TOTAL,35.460,0.045,130.620,149.952
2025-11-22 17:25:20,mlx5_0,0.000,0.000,0.000,0.000
2025-11-22 17:25:20,mlx5_1,0.447,0.001,32.354,35.949
2025-11-22 17:25:20,mlx5_2,0.000,0.000,0.000,0.000
2025-11-22 17:25:20,mlx5_3,0.416,0.001,32.806,37.988
2025-11-22 17:25:20,mlx5_4,0.000,0.000,0.000,0.000
2025-11-22 17:25:20,mlx5_5,0.325,0.001,32.542,36.945
2025-11-22 17:25:20,mlx5_6,0.000,0.000,0.000,0.000
2025-11-22 17:25:20,mlx5_7,0.000,0.000,0.000,0.000
2025-11-22 17:25:20,mlx5_8,0.564,0.001,33.137,39.070
2025-11-22 17:25:20,mlx5_9,0.000,0.000,0.000,0.000
2025-11-22 17:25:20,TOTAL,1.752,0.003,130.840,149.952
2025-11-22 17:25:21,mlx5_0,0.000,0.000,0.000,0.000
2025-11-22 17:25:21,mlx5_1,9.204,0.012,33.511,35.950
2025-11-22 17:25:21,mlx5_2,0.000,0.000,0.000,0.000
2025-11-22 17:25:21,mlx5_3,9.416,0.012,33.989,37.990
2025-11-22 17:25:21,mlx5_4,0.000,0.000,0.000,0.000
2025-11-22 17:25:21,mlx5_5,9.258,0.012,33.706,36.947
2025-11-22 17:25:21,mlx5_6,0.000,0.000,0.000,0.000
2025-11-22 17:25:21,mlx5_7,0.000,0.000,0.000,0.000
2025-11-22 17:25:21,mlx5_8,9.332,0.012,34.310,39.071
2025-11-22 17:25:21,mlx5_9,0.000,0.000,0.000,0.000
2025-11-22 17:25:21,TOTAL,37.210,0.048,135.516,149.958
2025-11-22 17:25:22,mlx5_0,0.000,0.000,0.000,0.000
2025-11-22 17:25:22,mlx5_1,0.000,0.000,33.511,35.950
2025-11-22 17:25:22,mlx5_2,0.000,0.000,0.000,0.000
2025-11-22 17:25:22,mlx5_3,0.000,0.000,33.989,37.990
2025-11-22 17:25:22,mlx5_4,0.000,0.000,0.000,0.000
2025-11-22 17:25:22,mlx5_5,0.000,0.000,33.706,36.947
2025-11-22 17:25:22,mlx5_6,0.000,0.000,0.000,0.000
2025-11-22 17:25:22,mlx5_7,0.000,0.000,0.000,0.000
2025-11-22 17:25:22,mlx5_8,0.000,0.000,34.310,39.071
2025-11-22 17:25:22,mlx5_9,0.000,0.000,0.000,0.000
2025-11-22 17:25:22,TOTAL,0.000,0.000,135.516,149.958
2025-11-22 17:25:23,mlx5_0,0.000,0.000,0.000,0.000
2025-11-22 17:25:23,mlx5_1,0.000,0.000,33.511,35.950
2025-11-22 17:25:23,mlx5_2,0.000,0.000,0.000,0.000
2025-11-22 17:25:23,mlx5_3,0.000,0.000,33.989,37.990
2025-11-22 17:25:23,mlx5_4,0.000,0.000,0.000,0.000
2025-11-22 17:25:23,mlx5_5,0.000,0.000,33.706,36.947
2025-11-22 17:25:23,mlx5_6,0.000,0.000,0.000,0.000
2025-11-22 17:25:23,mlx5_7,0.000,0.000,0.000,0.000
2025-11-22 17:25:23,mlx5_8,0.000,0.000,34.310,39.071
2025-11-22 17:25:23,mlx5_9,0.000,0.000,0.000,0.000
2025-11-22 17:25:23,TOTAL,0.000,0.000,135.516,149.958
2025-11-22 17:25:24,mlx5_0,0.000,0.000,0.000,0.000
2025-11-22 17:25:24,mlx5_1,9.456,0.012,34.699,35.952
2025-11-22 17:25:24,mlx5_2,0.000,0.000,0.000,0.000
2025-11-22 17:25:24,mlx5_3,9.165,0.012,35.140,37.991
2025-11-22 17:25:24,mlx5_4,0.000,0.000,0.000,0.000
2025-11-22 17:25:24,mlx5_5,8.946,0.012,34.830,36.948
2025-11-22 17:25:24,mlx5_6,0.000,0.000,0.000,0.000
2025-11-22 17:25:24,mlx5_7,0.000,0.000,0.000,0.000
2025-11-22 17:25:24,mlx5_8,9.658,0.012,35.523,39.073
2025-11-22 17:25:24,mlx5_9,0.000,0.000,0.000,0.000
2025-11-22 17:25:24,TOTAL,37.226,0.048,140.192,149.964
2025-11-22 17:25:25,mlx5_0,0.000,0.000,0.000,0.000
2025-11-22 17:25:25,mlx5_1,0.000,0.000,34.699,35.952
2025-11-22 17:25:25,mlx5_2,0.000,0.000,0.000,0.000
2025-11-22 17:25:25,mlx5_3,0.000,0.000,35.140,37.991
2025-11-22 17:25:25,mlx5_4,0.000,0.000,0.000,0.000
2025-11-22 17:25:25,mlx5_5,0.000,0.000,34.830,36.948
2025-11-22 17:25:25,mlx5_6,0.000,0.000,0.000,0.000
2025-11-22 17:25:25,mlx5_7,0.000,0.000,0.000,0.000
2025-11-22 17:25:25,mlx5_8,0.000,0.000,35.523,39.073
2025-11-22 17:25:25,mlx5_9,0.000,0.000,0.000,0.000
2025-11-22 17:25:25,TOTAL,0.000,0.000,140.192,149.964
2025-11-22 17:25:26,mlx5_0,0.000,0.000,0.000,0.000
2025-11-22 17:25:26,mlx5_1,8.379,4.517,35.751,36.519
2025-11-22 17:25:26,mlx5_2,0.000,0.000,0.000,0.000
2025-11-22 17:25:26,mlx5_3,8.554,4.958,36.215,38.614
2025-11-22 17:25:26,mlx5_4,0.000,0.000,0.000,0.000
2025-11-22 17:25:26,mlx5_5,8.658,4.948,35.917,37.570
2025-11-22 17:25:26,mlx5_6,0.000,0.000,0.000,0.000
2025-11-22 17:25:26,mlx5_7,0.000,0.000,0.000,0.000
2025-11-22 17:25:26,mlx5_8,8.546,5.482,36.597,39.762
2025-11-22 17:25:26,mlx5_9,0.000,0.000,0.000,0.000
2025-11-22 17:25:26,TOTAL,34.137,19.905,144.480,152.465
2025-11-22 17:25:27,mlx5_0,0.000,0.000,0.000,0.000
2025-11-22 17:25:27,mlx5_1,0.107,61.021,35.764,44.193
2025-11-22 17:25:27,mlx5_2,0.000,0.000,0.000,0.000
2025-11-22 17:25:27,mlx5_3,0.121,64.272,36.230,46.697
2025-11-22 17:25:27,mlx5_4,0.000,0.000,0.000,0.000
2025-11-22 17:25:27,mlx5_5,0.111,61.026,35.931,45.244
2025-11-22 17:25:27,mlx5_6,0.000,0.000,0.000,0.000
2025-11-22 17:25:27,mlx5_7,0.000,0.000,0.000,0.000
2025-11-22 17:25:27,mlx5_8,0.123,65.947,36.612,48.055
2025-11-22 17:25:27,mlx5_9,0.000,0.000,0.000,0.000
2025-11-22 17:25:27,TOTAL,0.462,252.266,144.538,184.189
2025-11-22 17:25:29,mlx5_0,0.000,0.000,0.000,0.000
2025-11-22 17:25:29,mlx5_1,9.149,0.012,36.914,44.195
2025-11-22 17:25:29,mlx5_2,0.000,0.000,0.000,0.000
2025-11-22 17:25:29,mlx5_3,9.396,0.012,37.410,46.698
2025-11-22 17:25:29,mlx5_4,0.000,0.000,0.000,0.000
2025-11-22 17:25:29,mlx5_5,9.124,0.012,37.077,45.246
2025-11-22 17:25:29,mlx5_6,0.000,0.000,0.000,0.000
2025-11-22 17:25:29,mlx5_7,0.000,0.000,0.000,0.000
2025-11-22 17:25:29,mlx5_8,9.559,0.012,37.813,48.057
2025-11-22 17:25:29,mlx5_9,0.000,0.000,0.000,0.000
2025-11-22 17:25:29,TOTAL,37.228,0.048,149.214,184.195
2025-11-22 17:25:30,mlx5_0,0.000,0.000,0.000,0.000
2025-11-22 17:25:30,mlx5_1,0.000,0.000,36.914,44.195
2025-11-22 17:25:30,mlx5_2,0.000,0.000,0.000,0.000
2025-11-22 17:25:30,mlx5_3,0.000,0.000,37.410,46.698
2025-11-22 17:25:30,mlx5_4,0.000,0.000,0.000,0.000
2025-11-22 17:25:30,mlx5_5,0.000,0.000,37.077,45.246
2025-11-22 17:25:30,mlx5_6,0.000,0.000,0.000,0.000
2025-11-22 17:25:30,mlx5_7,0.000,0.000,0.000,0.000
2025-11-22 17:25:30,mlx5_8,0.000,0.000,37.813,48.057
2025-11-22 17:25:30,mlx5_9,0.000,0.000,0.000,0.000
2025-11-22 17:25:30,TOTAL,0.000,0.000,149.214,184.195
2025-11-22 17:25:31,mlx5_0,0.000,0.000,0.000,0.000
2025-11-22 17:25:31,mlx5_1,9.127,0.012,38.060,44.196
2025-11-22 17:25:31,mlx5_2,0.000,0.000,0.000,0.000
2025-11-22 17:25:31,mlx5_3,9.358,0.012,38.586,46.700
2025-11-22 17:25:31,mlx5_4,0.000,0.000,0.000,0.000
2025-11-22 17:25:31,mlx5_5,9.284,0.012,38.243,45.247
2025-11-22 17:25:31,mlx5_6,0.000,0.000,0.000,0.000
2025-11-22 17:25:31,mlx5_7,0.000,0.000,0.000,0.000
2025-11-22 17:25:31,mlx5_8,9.457,0.012,39.001,48.058
2025-11-22 17:25:31,mlx5_9,0.000,0.000,0.000,0.000
2025-11-22 17:25:31,TOTAL,37.225,0.048,153.890,184.202
2025-11-22 17:25:32,mlx5_0,0.000,0.000,0.000,0.000
2025-11-22 17:25:32,mlx5_1,0.000,0.000,38.060,44.196
2025-11-22 17:25:32,mlx5_2,0.000,0.000,0.000,0.000
2025-11-22 17:25:32,mlx5_3,0.000,0.000,38.586,46.700
2025-11-22 17:25:32,mlx5_4,0.000,0.000,0.000,0.000
2025-11-22 17:25:32,mlx5_5,0.000,0.000,38.243,45.247
2025-11-22 17:25:32,mlx5_6,0.000,0.000,0.000,0.000
2025-11-22 17:25:32,mlx5_7,0.000,0.000,0.000,0.000
2025-11-22 17:25:32,mlx5_8,0.000,0.000,39.001,48.058
2025-11-22 17:25:32,mlx5_9,0.000,0.000,0.000,0.000
2025-11-22 17:25:32,TOTAL,0.000,0.000,153.890,184.202
2025-11-22 17:25:33,mlx5_0,0.000,0.000,0.000,0.000
2025-11-22 17:25:33,mlx5_1,9.288,0.012,39.227,44.198
2025-11-22 17:25:33,mlx5_2,0.000,0.000,0.000,0.000
2025-11-22 17:25:33,mlx5_3,9.480,0.012,39.777,46.701
2025-11-22 17:25:33,mlx5_4,0.000,0.000,0.000,0.000
2025-11-22 17:25:33,mlx5_5,9.203,0.012,39.399,45.249
2025-11-22 17:25:33,mlx5_6,0.000,0.000,0.000,0.000
2025-11-22 17:25:33,mlx5_7,0.000,0.000,0.000,0.000
2025-11-22 17:25:33,mlx5_8,9.251,0.012,40.163,48.060
2025-11-22 17:25:33,mlx5_9,0.000,0.000,0.000,0.000
2025-11-22 17:25:33,TOTAL,37.222,0.048,158.566,184.208
2025-11-22 17:25:34,mlx5_0,0.000,0.000,0.000,0.000
2025-11-22 17:25:34,mlx5_1,0.000,0.000,39.227,44.198
2025-11-22 17:25:34,mlx5_2,0.000,0.000,0.000,0.000
2025-11-22 17:25:34,mlx5_3,0.000,0.000,39.777,46.701
2025-11-22 17:25:34,mlx5_4,0.000,0.000,0.000,0.000
2025-11-22 17:25:34,mlx5_5,0.000,0.000,39.399,45.249
2025-11-22 17:25:34,mlx5_6,0.000,0.000,0.000,0.000
2025-11-22 17:25:34,mlx5_7,0.000,0.000,0.000,0.000
2025-11-22 17:25:34,mlx5_8,0.000,0.000,40.163,48.060
2025-11-22 17:25:34,mlx5_9,0.000,0.000,0.000,0.000
2025-11-22 17:25:34,TOTAL,0.000,0.000,158.566,184.208
2025-11-22 17:25:35,mlx5_0,0.000,0.000,0.000,0.000
2025-11-22 17:25:35,mlx5_1,9.114,8.003,40.372,45.203
2025-11-22 17:25:35,mlx5_2,0.000,0.000,0.000,0.000
2025-11-22 17:25:35,mlx5_3,9.504,8.250,40.971,47.738
2025-11-22 17:25:35,mlx5_4,0.000,0.000,0.000,0.000
2025-11-22 17:25:35,mlx5_5,9.299,8.713,40.568,46.344
2025-11-22 17:25:35,mlx5_6,0.000,0.000,0.000,0.000
2025-11-22 17:25:35,mlx5_7,0.000,0.000,0.000,0.000
2025-11-22 17:25:35,mlx5_8,9.365,8.943,41.339,49.183
2025-11-22 17:25:35,mlx5_9,0.000,0.000,0.000,0.000
2025-11-22 17:25:35,TOTAL,37.283,33.909,163.249,188.467
2025-11-22 17:25:36,mlx5_0,0.000,0.000,0.000,0.000
2025-11-22 17:25:36,mlx5_1,0.005,2.740,40.372,45.547
2025-11-22 17:25:36,mlx5_2,0.000,0.000,0.000,0.000
2025-11-22 17:25:36,mlx5_3,0.005,2.802,40.971,48.090
2025-11-22 17:25:36,mlx5_4,0.000,0.000,0.000,0.000
2025-11-22 17:25:36,mlx5_5,0.004,2.332,40.568,46.637
2025-11-22 17:25:36,mlx5_6,0.000,0.000,0.000,0.000
2025-11-22 17:25:36,mlx5_7,0.000,0.000,0.000,0.000
2025-11-22 17:25:36,mlx5_8,0.004,2.616,41.340,49.512
2025-11-22 17:25:36,mlx5_9,0.000,0.000,0.000,0.000
2025-11-22 17:25:36,TOTAL,0.017,10.490,163.252,189.786
2025-11-22 17:25:37,mlx5_0,0.000,0.000,0.000,0.000
2025-11-22 17:25:37,mlx5_1,0.000,0.000,40.372,45.547
2025-11-22 17:25:37,mlx5_2,0.000,0.000,0.000,0.000
2025-11-22 17:25:37,mlx5_3,0.000,0.000,40.971,48.090
2025-11-22 17:25:37,mlx5_4,0.000,0.000,0.000,0.000
2025-11-22 17:25:37,mlx5_5,0.000,0.000,40.568,46.637
2025-11-22 17:25:37,mlx5_6,0.000,0.000,0.000,0.000
2025-11-22 17:25:37,mlx5_7,0.000,0.000,0.000,0.000
2025-11-22 17:25:37,mlx5_8,0.000,0.000,41.340,49.512
2025-11-22 17:25:37,mlx5_9,0.000,0.000,0.000,0.000
2025-11-22 17:25:37,TOTAL,0.000,0.000,163.252,189.786
2025-11-22 17:25:38,mlx5_0,0.000,0.000,0.000,0.000
2025-11-22 17:25:38,mlx5_1,9.048,0.012,41.509,45.549
2025-11-22 17:25:38,mlx5_2,0.000,0.000,0.000,0.000
2025-11-22 17:25:38,mlx5_3,9.135,0.012,42.119,48.091
2025-11-22 17:25:38,mlx5_4,0.000,0.000,0.000,0.000
2025-11-22 17:25:38,mlx5_5,9.157,0.012,41.718,46.638
2025-11-22 17:25:38,mlx5_6,0.000,0.000,0.000,0.000
2025-11-22 17:25:38,mlx5_7,0.000,0.000,0.000,0.000
2025-11-22 17:25:38,mlx5_8,9.088,0.012,42.481,49.514
2025-11-22 17:25:38,mlx5_9,0.000,0.000,0.000,0.000
2025-11-22 17:25:38,TOTAL,36.428,0.048,167.827,189.792
2025-11-22 17:25:39,mlx5_0,0.000,0.000,0.000,0.000
2025-11-22 17:25:39,mlx5_1,9.221,0.012,42.667,45.551
2025-11-22 17:25:39,mlx5_2,0.000,0.000,0.000,0.000
2025-11-22 17:25:39,mlx5_3,9.340,0.012,43.292,48.093
2025-11-22 17:25:39,mlx5_4,0.000,0.000,0.000,0.000
2025-11-22 17:25:39,mlx5_5,9.188,0.012,42.873,46.640
2025-11-22 17:25:39,mlx5_6,0.000,0.000,0.000,0.000
2025-11-22 17:25:39,mlx5_7,0.000,0.000,0.000,0.000
2025-11-22 17:25:39,mlx5_8,9.468,0.012,43.671,49.515
2025-11-22 17:25:39,mlx5_9,0.000,0.000,0.000,0.000
2025-11-22 17:25:39,TOTAL,37.217,0.048,172.503,189.798
2025-11-22 17:25:40,mlx5_0,0.000,0.000,0.000,0.000
2025-11-22 17:25:40,mlx5_1,0.000,0.000,42.667,45.551
2025-11-22 17:25:40,mlx5_2,0.000,0.000,0.000,0.000
2025-11-22 17:25:40,mlx5_3,0.000,0.000,43.292,48.093
2025-11-22 17:25:40,mlx5_4,0.000,0.000,0.000,0.000
2025-11-22 17:25:40,mlx5_5,0.000,0.000,42.873,46.640
2025-11-22 17:25:40,mlx5_6,0.000,0.000,0.000,0.000
2025-11-22 17:25:40,mlx5_7,0.000,0.000,0.000,0.000
2025-11-22 17:25:40,mlx5_8,0.000,0.000,43.671,49.515
2025-11-22 17:25:40,mlx5_9,0.000,0.000,0.000,0.000
2025-11-22 17:25:40,TOTAL,0.000,0.000,172.503,189.798
2025-11-22 17:25:41,mlx5_0,0.000,0.000,0.000,0.000
2025-11-22 17:25:41,mlx5_1,9.135,0.012,43.815,45.552
2025-11-22 17:25:41,mlx5_2,0.000,0.000,0.000,0.000
2025-11-22 17:25:41,mlx5_3,9.304,0.012,44.461,48.094
2025-11-22 17:25:41,mlx5_4,0.000,0.000,0.000,0.000
2025-11-22 17:25:41,mlx5_5,9.388,0.012,44.053,46.641
2025-11-22 17:25:41,mlx5_6,0.000,0.000,0.000,0.000
2025-11-22 17:25:41,mlx5_7,0.000,0.000,0.000,0.000
2025-11-22 17:25:41,mlx5_8,9.380,0.012,44.850,49.517
2025-11-22 17:25:41,mlx5_9,0.000,0.000,0.000,0.000
2025-11-22 17:25:41,TOTAL,37.206,0.048,177.179,189.804
2025-11-22 17:25:42,mlx5_0,0.000,0.000,0.000,0.000
2025-11-22 17:25:42,mlx5_1,0.000,0.000,43.815,45.552
2025-11-22 17:25:42,mlx5_2,0.000,0.000,0.000,0.000
2025-11-22 17:25:42,mlx5_3,0.000,0.000,44.461,48.094
2025-11-22 17:25:42,mlx5_4,0.000,0.000,0.000,0.000
2025-11-22 17:25:42,mlx5_5,0.000,0.000,44.053,46.641
2025-11-22 17:25:42,mlx5_6,0.000,0.000,0.000,0.000
2025-11-22 17:25:42,mlx5_7,0.000,0.000,0.000,0.000
2025-11-22 17:25:42,mlx5_8,0.000,0.000,44.850,49.517
2025-11-22 17:25:42,mlx5_9,0.000,0.000,0.000,0.000
2025-11-22 17:25:42,TOTAL,0.000,0.000,177.179,189.804
2025-11-22 17:25:43,mlx5_0,0.000,0.000,0.000,0.000
2025-11-22 17:25:43,mlx5_1,9.123,0.012,44.961,45.554
2025-11-22 17:25:43,mlx5_2,0.000,0.000,0.000,0.000
2025-11-22 17:25:43,mlx5_3,9.406,0.012,45.643,48.096
2025-11-22 17:25:43,mlx5_4,0.000,0.000,0.000,0.000
2025-11-22 17:25:43,mlx5_5,9.202,0.012,45.208,46.643
2025-11-22 17:25:43,mlx5_6,0.000,0.000,0.000,0.000
2025-11-22 17:25:43,mlx5_7,0.000,0.000,0.000,0.000
2025-11-22 17:25:43,mlx5_8,9.498,0.012,46.043,49.518
2025-11-22 17:25:43,mlx5_9,0.000,0.000,0.000,0.000
2025-11-22 17:25:43,TOTAL,37.229,0.048,181.855,189.810
2025-11-22 17:25:44,mlx5_0,0.000,0.000,0.000,0.000
2025-11-22 17:25:44,mlx5_1,0.000,0.000,44.961,45.554
2025-11-22 17:25:44,mlx5_2,0.000,0.000,0.000,0.000
2025-11-22 17:25:44,mlx5_3,0.000,0.000,45.643,48.096
2025-11-22 17:25:44,mlx5_4,0.000,0.000,0.000,0.000
2025-11-22 17:25:44,mlx5_5,0.000,0.000,45.208,46.643
2025-11-22 17:25:44,mlx5_6,0.000,0.000,0.000,0.000
2025-11-22 17:25:44,mlx5_7,0.000,0.000,0.000,0.000
2025-11-22 17:25:44,mlx5_8,0.000,0.000,46.043,49.518
2025-11-22 17:25:44,mlx5_9,0.000,0.000,0.000,0.000
2025-11-22 17:25:44,TOTAL,0.000,0.000,181.855,189.810
2025-11-22 17:25:45,mlx5_0,0.000,0.000,0.000,0.000
2025-11-22 17:25:45,mlx5_1,4.896,0.006,45.576,45.554
2025-11-22 17:25:45,mlx5_2,0.000,0.000,0.000,0.000
2025-11-22 17:25:45,mlx5_3,5.196,0.007,46.295,48.097
2025-11-22 17:25:45,mlx5_4,0.000,0.000,0.000,0.000
2025-11-22 17:25:45,mlx5_5,5.266,0.007,45.870,46.644
2025-11-22 17:25:45,mlx5_6,0.000,0.000,0.000,0.000
2025-11-22 17:25:45,mlx5_7,0.000,0.000,0.000,0.000
2025-11-22 17:25:45,mlx5_8,5.584,0.007,46.744,49.519
2025-11-22 17:25:45,mlx5_9,0.000,0.000,0.000,0.000
2025-11-22 17:25:45,TOTAL,20.942,0.026,184.484,189.814
2025-11-22 17:25:46,mlx5_0,0.000,0.000,0.000,0.000
2025-11-22 17:25:46,mlx5_1,4.163,10.760,46.099,46.906
2025-11-22 17:25:46,mlx5_2,0.000,0.000,0.000,0.000
2025-11-22 17:25:46,mlx5_3,4.353,11.122,46.842,49.494
2025-11-22 17:25:46,mlx5_4,0.000,0.000,0.000,0.000
2025-11-22 17:25:46,mlx5_5,4.014,11.236,46.374,48.055
2025-11-22 17:25:46,mlx5_6,0.000,0.000,0.000,0.000
2025-11-22 17:25:46,mlx5_7,0.000,0.000,0.000,0.000
2025-11-22 17:25:46,mlx5_8,3.835,11.258,47.226,50.934
2025-11-22 17:25:46,mlx5_9,0.000,0.000,0.000,0.000
2025-11-22 17:25:46,TOTAL,16.366,44.376,186.541,195.390
2025-11-22 17:25:47,mlx5_0,0.000,0.000,0.000,0.000
2025-11-22 17:25:47,mlx5_1,0.000,0.000,46.099,46.906
2025-11-22 17:25:47,mlx5_2,0.000,0.000,0.000,0.000
2025-11-22 17:25:47,mlx5_3,0.000,0.000,46.842,49.494
2025-11-22 17:25:47,mlx5_4,0.000,0.000,0.000,0.000
2025-11-22 17:25:47,mlx5_5,0.000,0.000,46.374,48.055
2025-11-22 17:25:47,mlx5_6,0.000,0.000,0.000,0.000
2025-11-22 17:25:47,mlx5_7,0.000,0.000,0.000,0.000
2025-11-22 17:25:47,mlx5_8,0.000,0.000,47.226,50.934
2025-11-22 17:25:47,mlx5_9,0.000,0.000,0.000,0.000
2025-11-22 17:25:47,TOTAL,0.000,0.000,186.541,195.390
2025-11-22 17:25:48,mlx5_0,0.000,0.000,0.000,0.000
2025-11-22 17:25:48,mlx5_1,8.945,0.012,47.223,46.908
2025-11-22 17:25:48,mlx5_2,0.000,0.000,0.000,0.000
2025-11-22 17:25:48,mlx5_3,9.241,0.012,48.003,49.496
2025-11-22 17:25:48,mlx5_4,0.000,0.000,0.000,0.000
2025-11-22 17:25:48,mlx5_5,8.868,0.012,47.488,48.057
2025-11-22 17:25:48,mlx5_6,0.000,0.000,0.000,0.000
2025-11-22 17:25:48,mlx5_7,0.000,0.000,0.000,0.000
2025-11-22 17:25:48,mlx5_8,9.375,0.012,48.403,50.935
2025-11-22 17:25:48,mlx5_9,0.000,0.000,0.000,0.000
2025-11-22 17:25:48,TOTAL,36.429,0.048,191.117,195.396
2025-11-22 17:25:49,mlx5_0,0.000,0.000,0.000,0.000
2025-11-22 17:25:49,mlx5_1,9.293,0.012,48.389,46.909
2025-11-22 17:25:49,mlx5_2,0.000,0.000,0.000,0.000
2025-11-22 17:25:49,mlx5_3,9.274,0.012,49.167,49.497
2025-11-22 17:25:49,mlx5_4,0.000,0.000,0.000,0.000
2025-11-22 17:25:49,mlx5_5,9.142,0.012,48.636,48.058
2025-11-22 17:25:49,mlx5_6,0.000,0.000,0.000,0.000
2025-11-22 17:25:49,mlx5_7,0.000,0.000,0.000,0.000
2025-11-22 17:25:49,mlx5_8,9.534,0.012,49.600,50.937
2025-11-22 17:25:49,mlx5_9,0.000,0.000,0.000,0.000
2025-11-22 17:25:49,TOTAL,37.242,0.048,195.793,195.402
2025-11-22 17:25:50,mlx5_0,0.000,0.000,0.000,0.000
2025-11-22 17:25:50,mlx5_1,0.000,0.000,48.389,46.909
2025-11-22 17:25:50,mlx5_2,0.000,0.000,0.000,0.000
2025-11-22 17:25:50,mlx5_3,0.000,0.000,49.167,49.497
2025-11-22 17:25:50,mlx5_4,0.000,0.000,0.000,0.000
2025-11-22 17:25:50,mlx5_5,0.000,0.000,48.636,48.058
2025-11-22 17:25:50,mlx5_6,0.000,0.000,0.000,0.000
2025-11-22 17:25:50,mlx5_7,0.000,0.000,0.000,0.000
2025-11-22 17:25:50,mlx5_8,0.000,0.000,49.600,50.937
2025-11-22 17:25:50,mlx5_9,0.000,0.000,0.000,0.000
2025-11-22 17:25:50,TOTAL,0.000,0.000,195.793,195.402
2025-11-22 17:25:51,mlx5_0,0.000,0.000,0.000,0.000
2025-11-22 17:25:51,mlx5_1,9.278,0.012,49.554,46.911
2025-11-22 17:25:51,mlx5_2,0.000,0.000,0.000,0.000
2025-11-22 17:25:51,mlx5_3,9.262,0.012,50.330,49.499
2025-11-22 17:25:51,mlx5_4,0.000,0.000,0.000,0.000
2025-11-22 17:25:51,mlx5_5,9.327,0.012,49.806,48.060
2025-11-22 17:25:51,mlx5_6,0.000,0.000,0.000,0.000
2025-11-22 17:25:51,mlx5_7,0.000,0.000,0.000,0.000
2025-11-22 17:25:51,mlx5_8,9.387,0.012,50.779,50.938
2025-11-22 17:25:51,mlx5_9,0.000,0.000,0.000,0.000
2025-11-22 17:25:51,TOTAL,37.253,0.049,200.469,195.408
2025-11-22 17:25:52,mlx5_0,0.000,0.000,0.000,0.000
2025-11-22 17:25:52,mlx5_1,0.000,0.000,49.554,46.911
2025-11-22 17:25:52,mlx5_2,0.000,0.000,0.000,0.000
2025-11-22 17:25:52,mlx5_3,0.000,0.000,50.330,49.499
2025-11-22 17:25:52,mlx5_4,0.000,0.000,0.000,0.000
2025-11-22 17:25:52,mlx5_5,0.000,0.000,49.806,48.060
2025-11-22 17:25:52,mlx5_6,0.000,0.000,0.000,0.000
2025-11-22 17:25:52,mlx5_7,0.000,0.000,0.000,0.000
2025-11-22 17:25:52,mlx5_8,0.000,0.000,50.779,50.938
2025-11-22 17:25:52,mlx5_9,0.000,0.000,0.000,0.000
2025-11-22 17:25:52,TOTAL,0.000,0.000,200.469,195.408
2025-11-22 17:25:53,mlx5_0,0.000,0.000,0.000,0.000
2025-11-22 17:25:53,mlx5_1,9.339,0.012,50.727,46.912
2025-11-22 17:25:53,mlx5_2,0.000,0.000,0.000,0.000
2025-11-22 17:25:53,mlx5_3,9.183,0.012,51.483,49.500
2025-11-22 17:25:53,mlx5_4,0.000,0.000,0.000,0.000
2025-11-22 17:25:53,mlx5_5,9.267,0.012,50.970,48.061
2025-11-22 17:25:53,mlx5_6,0.000,0.000,0.000,0.000
2025-11-22 17:25:53,mlx5_7,0.000,0.000,0.000,0.000
2025-11-22 17:25:53,mlx5_8,9.438,0.012,51.964,50.940
2025-11-22 17:25:53,mlx5_9,0.000,0.000,0.000,0.000
2025-11-22 17:25:53,TOTAL,37.226,0.048,205.145,195.414
2025-11-22 17:25:54,mlx5_0,0.000,0.000,0.000,0.000
2025-11-22 17:25:54,mlx5_1,0.000,0.000,50.727,46.912
2025-11-22 17:25:54,mlx5_2,0.000,0.000,0.000,0.000
2025-11-22 17:25:54,mlx5_3,0.000,0.000,51.483,49.500
2025-11-22 17:25:54,mlx5_4,0.000,0.000,0.000,0.000
2025-11-22 17:25:54,mlx5_5,0.000,0.000,50.970,48.061
2025-11-22 17:25:54,mlx5_6,0.000,0.000,0.000,0.000
2025-11-22 17:25:54,mlx5_7,0.000,0.000,0.000,0.000
2025-11-22 17:25:54,mlx5_8,0.000,0.000,51.964,50.940
2025-11-22 17:25:54,mlx5_9,0.000,0.000,0.000,0.000
2025-11-22 17:25:54,TOTAL,0.000,0.000,205.145,195.414
2025-11-22 17:25:55,mlx5_0,0.000,0.000,0.000,0.000
2025-11-22 17:25:55,mlx5_1,0.000,0.000,50.727,46.912
2025-11-22 17:25:55,mlx5_2,0.000,0.000,0.000,0.000
2025-11-22 17:25:55,mlx5_3,0.000,0.000,51.483,49.500
2025-11-22 17:25:55,mlx5_4,0.000,0.000,0.000,0.000
2025-11-22 17:25:55,mlx5_5,0.000,0.000,50.970,48.061
2025-11-22 17:25:55,mlx5_6,0.000,0.000,0.000,0.000
2025-11-22 17:25:55,mlx5_7,0.000,0.000,0.000,0.000
2025-11-22 17:25:55,mlx5_8,0.000,0.000,51.964,50.940
2025-11-22 17:25:55,mlx5_9,0.000,0.000,0.000,0.000
2025-11-22 17:25:55,TOTAL,0.000,0.000,205.145,195.414
2025-11-22 17:25:56,mlx5_0,0.000,0.000,0.000,0.000
2025-11-22 17:25:56,mlx5_1,9.327,10.725,51.899,48.260
2025-11-22 17:25:56,mlx5_2,0.000,0.000,0.000,0.000
2025-11-22 17:25:56,mlx5_3,9.268,11.024,52.648,50.885
2025-11-22 17:25:56,mlx5_4,0.000,0.000,0.000,0.000
2025-11-22 17:25:56,mlx5_5,9.247,10.824,52.132,49.421
2025-11-22 17:25:56,mlx5_6,0.000,0.000,0.000,0.000
2025-11-22 17:25:56,mlx5_7,0.000,0.000,0.000,0.000
2025-11-22 17:25:56,mlx5_8,9.453,11.828,53.152,52.426
2025-11-22 17:25:56,mlx5_9,0.000,0.000,0.000,0.000
2025-11-22 17:25:56,TOTAL,37.295,44.401,209.830,200.993
2025-11-22 17:25:57,mlx5_0,0.000,0.000,0.000,0.000
2025-11-22 17:25:57,mlx5_1,0.000,0.000,51.899,48.260
2025-11-22 17:25:57,mlx5_2,0.000,0.000,0.000,0.000
2025-11-22 17:25:57,mlx5_3,0.000,0.000,52.648,50.885
2025-11-22 17:25:57,mlx5_4,0.000,0.000,0.000,0.000
2025-11-22 17:25:57,mlx5_5,0.000,0.000,52.132,49.421
2025-11-22 17:25:57,mlx5_6,0.000,0.000,0.000,0.000
2025-11-22 17:25:57,mlx5_7,0.000,0.000,0.000,0.000
2025-11-22 17:25:57,mlx5_8,0.000,0.000,53.152,52.426
2025-11-22 17:25:57,mlx5_9,0.000,0.000,0.000,0.000
2025-11-22 17:25:57,TOTAL,0.000,0.000,209.830,200.993
2025-11-22 17:25:58,mlx5_0,0.000,0.000,0.000,0.000
2025-11-22 17:25:58,mlx5_1,9.640,0.013,53.110,48.262
2025-11-22 17:25:58,mlx5_2,0.000,0.000,0.000,0.000
2025-11-22 17:25:58,mlx5_3,9.941,0.013,53.896,50.887
2025-11-22 17:25:58,mlx5_4,0.000,0.000,0.000,0.000
2025-11-22 17:25:58,mlx5_5,9.386,0.013,53.311,49.423
2025-11-22 17:25:58,mlx5_6,0.000,0.000,0.000,0.000
2025-11-22 17:25:58,mlx5_7,0.000,0.000,0.000,0.000
2025-11-22 17:25:58,mlx5_8,9.790,0.013,54.382,52.428
2025-11-22 17:25:58,mlx5_9,0.000,0.000,0.000,0.000
2025-11-22 17:25:58,TOTAL,38.756,0.051,214.699,200.999
2025-11-22 17:25:59,mlx5_0,0.000,0.000,0.000,0.000
2025-11-22 17:25:59,mlx5_1,0.000,0.000,53.110,48.262
2025-11-22 17:25:59,mlx5_2,0.000,0.000,0.000,0.000
2025-11-22 17:25:59,mlx5_3,0.000,0.000,53.896,50.887
2025-11-22 17:25:59,mlx5_4,0.000,0.000,0.000,0.000
2025-11-22 17:25:59,mlx5_5,0.000,0.000,53.311,49.423
2025-11-22 17:25:59,mlx5_6,0.000,0.000,0.000,0.000
2025-11-22 17:25:59,mlx5_7,0.000,0.000,0.000,0.000
2025-11-22 17:25:59,mlx5_8,0.000,0.000,54.382,52.428
2025-11-22 17:25:59,mlx5_9,0.000,0.000,0.000,0.000
2025-11-22 17:25:59,TOTAL,0.000,0.000,214.699,200.999
2025-11-22 17:26:00,mlx5_0,0.000,0.000,0.000,0.000
2025-11-22 17:26:00,mlx5_1,9.164,0.012,54.261,48.263
2025-11-22 17:26:00,mlx5_2,0.000,0.000,0.000,0.000
2025-11-22 17:26:00,mlx5_3,9.217,0.012,55.054,50.888
2025-11-22 17:26:00,mlx5_4,0.000,0.000,0.000,0.000
2025-11-22 17:26:00,mlx5_5,9.214,0.012,54.469,49.424
2025-11-22 17:26:00,mlx5_6,0.000,0.000,0.000,0.000
2025-11-22 17:26:00,mlx5_7,0.000,0.000,0.000,0.000
2025-11-22 17:26:00,mlx5_8,9.621,0.012,55.590,52.429
2025-11-22 17:26:00,mlx5_9,0.000,0.000,0.000,0.000
2025-11-22 17:26:00,TOTAL,37.215,0.048,219.375,201.005
2025-11-22 17:26:01,mlx5_0,0.000,0.000,0.000,0.000
2025-11-22 17:26:01,mlx5_1,9.248,0.012,55.423,48.265
2025-11-22 17:26:01,mlx5_2,0.000,0.000,0.000,0.000
2025-11-22 17:26:01,mlx5_3,9.205,0.012,56.211,50.890
2025-11-22 17:26:01,mlx5_4,0.000,0.000,0.000,0.000
2025-11-22 17:26:01,mlx5_5,9.308,0.012,55.638,49.426
2025-11-22 17:26:01,mlx5_6,0.000,0.000,0.000,0.000
2025-11-22 17:26:01,mlx5_7,0.000,0.000,0.000,0.000
2025-11-22 17:26:01,mlx5_8,9.456,0.012,56.778,52.431
2025-11-22 17:26:01,mlx5_9,0.000,0.000,0.000,0.000
2025-11-22 17:26:01,TOTAL,37.218,0.048,224.050,201.011
2025-11-22 17:26:02,mlx5_0,0.000,0.000,0.000,0.000
2025-11-22 17:26:02,mlx5_1,0.000,0.000,55.423,48.265
2025-11-22 17:26:02,mlx5_2,0.000,0.000,0.000,0.000
2025-11-22 17:26:02,mlx5_3,0.000,0.000,56.211,50.890
2025-11-22 17:26:02,mlx5_4,0.000,0.000,0.000,0.000
2025-11-22 17:26:02,mlx5_5,0.000,0.000,55.638,49.426
2025-11-22 17:26:02,mlx5_6,0.000,0.000,0.000,0.000
2025-11-22 17:26:02,mlx5_7,0.000,0.000,0.000,0.000
2025-11-22 17:26:02,mlx5_8,0.000,0.000,56.778,52.431
2025-11-22 17:26:02,mlx5_9,0.000,0.000,0.000,0.000
2025-11-22 17:26:02,TOTAL,0.000,0.000,224.050,201.011
2025-11-22 17:26:03,mlx5_0,0.000,0.000,0.000,0.000
2025-11-22 17:26:03,mlx5_1,9.097,0.012,56.566,48.266
2025-11-22 17:26:03,mlx5_2,0.000,0.000,0.000,0.000
2025-11-22 17:26:03,mlx5_3,9.246,0.012,57.372,50.891
2025-11-22 17:26:03,mlx5_4,0.000,0.000,0.000,0.000
2025-11-22 17:26:03,mlx5_5,9.403,0.012,56.819,49.427
2025-11-22 17:26:03,mlx5_6,0.000,0.000,0.000,0.000
2025-11-22 17:26:03,mlx5_7,0.000,0.000,0.000,0.000
2025-11-22 17:26:03,mlx5_8,9.481,0.012,57.969,52.432
2025-11-22 17:26:03,mlx5_9,0.000,0.000,0.000,0.000
2025-11-22 17:26:03,TOTAL,37.227,0.048,228.726,201.017
2025-11-22 17:26:04,mlx5_0,0.000,0.000,0.000,0.000
2025-11-22 17:26:04,mlx5_1,0.000,0.000,56.566,48.266
2025-11-22 17:26:04,mlx5_2,0.000,0.000,0.000,0.000
2025-11-22 17:26:04,mlx5_3,0.000,0.000,57.372,50.891
2025-11-22 17:26:04,mlx5_4,0.000,0.000,0.000,0.000
2025-11-22 17:26:04,mlx5_5,0.000,0.000,56.819,49.427
2025-11-22 17:26:04,mlx5_6,0.000,0.000,0.000,0.000
2025-11-22 17:26:04,mlx5_7,0.000,0.000,0.000,0.000
2025-11-22 17:26:04,mlx5_8,0.000,0.000,57.969,52.432
2025-11-22 17:26:04,mlx5_9,0.000,0.000,0.000,0.000
2025-11-22 17:26:04,TOTAL,0.000,0.000,228.726,201.017
2025-11-22 17:26:05,mlx5_0,0.000,0.000,0.000,0.000
2025-11-22 17:26:05,mlx5_1,0.000,0.000,56.566,48.266
2025-11-22 17:26:05,mlx5_2,0.000,0.000,0.000,0.000
2025-11-22 17:26:05,mlx5_3,0.000,0.000,57.372,50.891
2025-11-22 17:26:05,mlx5_4,0.000,0.000,0.000,0.000
2025-11-22 17:26:05,mlx5_5,0.000,0.000,56.819,49.427
2025-11-22 17:26:05,mlx5_6,0.000,0.000,0.000,0.000
2025-11-22 17:26:05,mlx5_7,0.000,0.000,0.000,0.000
2025-11-22 17:26:05,mlx5_8,0.000,0.000,57.969,52.432
2025-11-22 17:26:05,mlx5_9,0.000,0.000,0.000,0.000
2025-11-22 17:26:05,TOTAL,0.000,0.000,228.726,201.017
2025-11-22 17:26:06,mlx5_0,0.000,0.000,0.000,0.000
2025-11-22 17:26:06,mlx5_1,9.105,10.865,57.709,49.631
2025-11-22 17:26:06,mlx5_2,0.000,0.000,0.000,0.000
2025-11-22 17:26:06,mlx5_3,9.279,11.223,58.538,52.301
2025-11-22 17:26:06,mlx5_4,0.000,0.000,0.000,0.000
2025-11-22 17:26:06,mlx5_5,9.291,10.949,57.986,50.803
2025-11-22 17:26:06,mlx5_6,0.000,0.000,0.000,0.000
2025-11-22 17:26:06,mlx5_7,0.000,0.000,0.000,0.000
2025-11-22 17:26:06,mlx5_8,9.632,11.380,59.179,53.862
2025-11-22 17:26:06,mlx5_9,0.000,0.000,0.000,0.000
2025-11-22 17:26:06,TOTAL,37.307,44.416,233.412,206.596
2025-11-22 17:26:07,mlx5_0,0.000,0.000,0.000,0.000
2025-11-22 17:26:07,mlx5_1,0.000,0.000,57.709,49.631
2025-11-22 17:26:07,mlx5_2,0.000,0.000,0.000,0.000
2025-11-22 17:26:07,mlx5_3,0.000,0.000,58.538,52.301
2025-11-22 17:26:07,mlx5_4,0.000,0.000,0.000,0.000
2025-11-22 17:26:07,mlx5_5,0.000,0.000,57.986,50.803
2025-11-22 17:26:07,mlx5_6,0.000,0.000,0.000,0.000
2025-11-22 17:26:07,mlx5_7,0.000,0.000,0.000,0.000
2025-11-22 17:26:07,mlx5_8,0.000,0.000,59.179,53.862
2025-11-22 17:26:07,mlx5_9,0.000,0.000,0.000,0.000
2025-11-22 17:26:07,TOTAL,0.000,0.000,233.412,206.596
2025-11-22 17:26:08,mlx5_0,0.000,0.000,0.000,0.000
2025-11-22 17:26:08,mlx5_1,9.219,0.012,58.867,49.632
2025-11-22 17:26:08,mlx5_2,0.000,0.000,0.000,0.000
2025-11-22 17:26:08,mlx5_3,8.999,0.012,59.668,52.303
2025-11-22 17:26:08,mlx5_4,0.000,0.000,0.000,0.000
2025-11-22 17:26:08,mlx5_5,8.959,0.012,59.112,50.804
2025-11-22 17:26:08,mlx5_6,0.000,0.000,0.000,0.000
2025-11-22 17:26:08,mlx5_7,0.000,0.000,0.000,0.000
2025-11-22 17:26:08,mlx5_8,9.248,0.012,60.341,53.863
2025-11-22 17:26:08,mlx5_9,0.000,0.000,0.000,0.000
2025-11-22 17:26:08,TOTAL,36.426,0.048,237.988,206.602
2025-11-22 17:26:09,mlx5_0,0.000,0.000,0.000,0.000
2025-11-22 17:26:09,mlx5_1,0.820,0.001,58.970,49.632
2025-11-22 17:26:09,mlx5_2,0.000,0.000,0.000,0.000
2025-11-22 17:26:09,mlx5_3,0.904,0.001,59.782,52.303
2025-11-22 17:26:09,mlx5_4,0.000,0.000,0.000,0.000
2025-11-22 17:26:09,mlx5_5,1.004,0.001,59.238,50.804
2025-11-22 17:26:09,mlx5_6,0.000,0.000,0.000,0.000
2025-11-22 17:26:09,mlx5_7,0.000,0.000,0.000,0.000
2025-11-22 17:26:09,mlx5_8,1.082,0.001,60.477,53.863
2025-11-22 17:26:09,mlx5_9,0.000,0.000,0.000,0.000
2025-11-22 17:26:09,TOTAL,3.810,0.005,238.467,206.603
2025-11-22 17:26:10,mlx5_0,0.000,0.000,0.000,0.000
2025-11-22 17:26:10,mlx5_1,8.373,0.011,60.023,49.634
2025-11-22 17:26:10,mlx5_2,0.000,0.000,0.000,0.000
2025-11-22 17:26:10,mlx5_3,8.337,0.011,60.829,52.304
2025-11-22 17:26:10,mlx5_4,0.000,0.000,0.000,0.000
2025-11-22 17:26:10,mlx5_5,8.276,0.011,60.278,50.806
2025-11-22 17:26:10,mlx5_6,0.000,0.000,0.000,0.000
2025-11-22 17:26:10,mlx5_7,0.000,0.000,0.000,0.000
2025-11-22 17:26:10,mlx5_8,8.409,0.011,61.534,53.865
2025-11-22 17:26:10,mlx5_9,0.000,0.000,0.000,0.000
2025-11-22 17:26:10,TOTAL,33.395,0.043,242.664,206.608
2025-11-22 17:26:11,mlx5_0,0.000,0.000,0.000,0.000
2025-11-22 17:26:11,mlx5_1,9.362,0.012,61.199,49.635
2025-11-22 17:26:11,mlx5_2,0.000,0.000,0.000,0.000
2025-11-22 17:26:11,mlx5_3,9.186,0.012,61.984,52.305
2025-11-22 17:26:11,mlx5_4,0.000,0.000,0.000,0.000
2025-11-22 17:26:11,mlx5_5,9.322,0.012,61.449,50.807
2025-11-22 17:26:11,mlx5_6,0.000,0.000,0.000,0.000
2025-11-22 17:26:11,mlx5_7,0.000,0.000,0.000,0.000
2025-11-22 17:26:11,mlx5_8,9.347,0.012,62.708,53.866
2025-11-22 17:26:11,mlx5_9,0.000,0.000,0.000,0.000
2025-11-22 17:26:11,TOTAL,37.217,0.048,247.340,206.614
2025-11-22 17:26:12,mlx5_0,0.000,0.000,0.000,0.000
2025-11-22 17:26:12,mlx5_1,0.000,0.000,61.199,49.635
2025-11-22 17:26:12,mlx5_2,0.000,0.000,0.000,0.000
2025-11-22 17:26:12,mlx5_3,0.000,0.000,61.984,52.305
2025-11-22 17:26:12,mlx5_4,0.000,0.000,0.000,0.000
2025-11-22 17:26:12,mlx5_5,0.000,0.000,61.449,50.807
2025-11-22 17:26:12,mlx5_6,0.000,0.000,0.000,0.000
2025-11-22 17:26:12,mlx5_7,0.000,0.000,0.000,0.000
2025-11-22 17:26:12,mlx5_8,0.000,0.000,62.708,53.866
2025-11-22 17:26:12,mlx5_9,0.000,0.000,0.000,0.000
2025-11-22 17:26:12,TOTAL,0.000,0.000,247.340,206.614
2025-11-22 17:26:13,mlx5_0,0.000,0.000,0.000,0.000
2025-11-22 17:26:13,mlx5_1,8.976,0.012,62.326,49.637
2025-11-22 17:26:13,mlx5_2,0.000,0.000,0.000,0.000
2025-11-22 17:26:13,mlx5_3,9.432,0.012,63.168,52.307
2025-11-22 17:26:13,mlx5_4,0.000,0.000,0.000,0.000
2025-11-22 17:26:13,mlx5_5,9.302,0.012,62.618,50.809
2025-11-22 17:26:13,mlx5_6,0.000,0.000,0.000,0.000
2025-11-22 17:26:13,mlx5_7,0.000,0.000,0.000,0.000
2025-11-22 17:26:13,mlx5_8,9.518,0.012,63.903,53.868
2025-11-22 17:26:13,mlx5_9,0.000,0.000,0.000,0.000
2025-11-22 17:26:13,TOTAL,37.227,0.048,252.016,206.620
2025-11-22 17:26:14,mlx5_0,0.000,0.000,0.000,0.000
2025-11-22 17:26:14,mlx5_1,0.000,0.000,62.326,49.637
2025-11-22 17:26:14,mlx5_2,0.000,0.000,0.000,0.000
2025-11-22 17:26:14,mlx5_3,0.000,0.000,63.168,52.307
2025-11-22 17:26:14,mlx5_4,0.000,0.000,0.000,0.000
2025-11-22 17:26:14,mlx5_5,0.000,0.000,62.618,50.809
2025-11-22 17:26:14,mlx5_6,0.000,0.000,0.000,0.000
2025-11-22 17:26:14,mlx5_7,0.000,0.000,0.000,0.000
2025-11-22 17:26:14,mlx5_8,0.000,0.000,63.903,53.868
2025-11-22 17:26:14,mlx5_9,0.000,0.000,0.000,0.000
2025-11-22 17:26:14,TOTAL,0.000,0.000,252.016,206.620
2025-11-22 17:26:15,mlx5_0,0.000,0.000,0.000,0.000
2025-11-22 17:26:15,mlx5_1,0.000,0.000,62.326,49.637
2025-11-22 17:26:15,mlx5_2,0.000,0.000,0.000,0.000
2025-11-22 17:26:15,mlx5_3,0.000,0.000,63.168,52.307
2025-11-22 17:26:15,mlx5_4,0.000,0.000,0.000,0.000
2025-11-22 17:26:15,mlx5_5,0.000,0.000,62.618,50.809
2025-11-22 17:26:15,mlx5_6,0.000,0.000,0.000,0.000
2025-11-22 17:26:15,mlx5_7,0.000,0.000,0.000,0.000
2025-11-22 17:26:15,mlx5_8,0.000,0.000,63.903,53.868
2025-11-22 17:26:15,mlx5_9,0.000,0.000,0.000,0.000
2025-11-22 17:26:15,TOTAL,0.000,0.000,252.016,206.620
2025-11-22 17:26:16,mlx5_0,0.000,0.000,0.000,0.000
2025-11-22 17:26:16,mlx5_1,9.255,10.670,63.489,50.977
2025-11-22 17:26:16,mlx5_2,0.000,0.000,0.000,0.000
2025-11-22 17:26:16,mlx5_3,9.506,11.144,64.362,53.707
2025-11-22 17:26:16,mlx5_4,0.000,0.000,0.000,0.000
2025-11-22 17:26:16,mlx5_5,9.257,11.048,63.780,52.196
2025-11-22 17:26:16,mlx5_6,0.000,0.000,0.000,0.000
2025-11-22 17:26:16,mlx5_7,0.000,0.000,0.000,0.000
2025-11-22 17:26:16,mlx5_8,9.285,11.547,65.070,55.319
2025-11-22 17:26:16,mlx5_9,0.000,0.000,0.000,0.000
2025-11-22 17:26:16,TOTAL,37.303,44.409,256.702,212.199
2025-11-22 17:26:17,mlx5_0,0.000,0.000,0.000,0.000
2025-11-22 17:26:17,mlx5_1,0.000,0.000,63.489,50.977
2025-11-22 17:26:17,mlx5_2,0.000,0.000,0.000,0.000
2025-11-22 17:26:17,mlx5_3,0.000,0.000,64.362,53.707
2025-11-22 17:26:17,mlx5_4,0.000,0.000,0.000,0.000
2025-11-22 17:26:17,mlx5_5,0.000,0.000,63.780,52.196
2025-11-22 17:26:17,mlx5_6,0.000,0.000,0.000,0.000
2025-11-22 17:26:17,mlx5_7,0.000,0.000,0.000,0.000
2025-11-22 17:26:17,mlx5_8,0.000,0.000,65.070,55.319
2025-11-22 17:26:17,mlx5_9,0.000,0.000,0.000,0.000
2025-11-22 17:26:17,TOTAL,0.000,0.000,256.702,212.199
2025-11-22 17:26:18,mlx5_0,0.000,0.000,0.000,0.000
2025-11-22 17:26:18,mlx5_1,8.912,0.012,64.609,50.979
2025-11-22 17:26:18,mlx5_2,0.000,0.000,0.000,0.000
2025-11-22 17:26:18,mlx5_3,9.141,0.012,65.511,53.708
2025-11-22 17:26:18,mlx5_4,0.000,0.000,0.000,0.000
2025-11-22 17:26:18,mlx5_5,9.211,0.012,64.938,52.198
2025-11-22 17:26:18,mlx5_6,0.000,0.000,0.000,0.000
2025-11-22 17:26:18,mlx5_7,0.000,0.000,0.000,0.000
2025-11-22 17:26:18,mlx5_8,9.160,0.012,66.221,55.320
2025-11-22 17:26:18,mlx5_9,0.000,0.000,0.000,0.000
2025-11-22 17:26:18,TOTAL,36.425,0.048,261.278,212.205
2025-11-22 17:26:19,mlx5_0,0.000,0.000,0.000,0.000
2025-11-22 17:26:19,mlx5_1,0.357,0.000,64.654,50.979
2025-11-22 17:26:19,mlx5_2,0.000,0.000,0.000,0.000
2025-11-22 17:26:19,mlx5_3,0.394,0.001,65.560,53.709
2025-11-22 17:26:19,mlx5_4,0.000,0.000,0.000,0.000
2025-11-22 17:26:19,mlx5_5,0.435,0.001,64.992,52.198
2025-11-22 17:26:19,mlx5_6,0.000,0.000,0.000,0.000
2025-11-22 17:26:19,mlx5_7,0.000,0.000,0.000,0.000
2025-11-22 17:26:19,mlx5_8,0.542,0.001,66.289,55.320
2025-11-22 17:26:19,mlx5_9,0.000,0.000,0.000,0.000
2025-11-22 17:26:19,TOTAL,1.729,0.002,261.495,212.205
2025-11-22 17:26:20,mlx5_0,0.000,0.000,0.000,0.000
2025-11-22 17:26:20,mlx5_1,9.069,0.012,65.794,50.980
2025-11-22 17:26:20,mlx5_2,0.000,0.000,0.000,0.000
2025-11-22 17:26:20,mlx5_3,8.826,0.011,66.670,53.710
2025-11-22 17:26:20,mlx5_4,0.000,0.000,0.000,0.000
2025-11-22 17:26:20,mlx5_5,8.843,0.011,66.104,52.199
2025-11-22 17:26:20,mlx5_6,0.000,0.000,0.000,0.000
2025-11-22 17:26:20,mlx5_7,0.000,0.000,0.000,0.000
2025-11-22 17:26:20,mlx5_8,8.785,0.011,67.393,55.322
2025-11-22 17:26:20,mlx5_9,0.000,0.000,0.000,0.000
2025-11-22 17:26:20,TOTAL,35.523,0.046,265.960,212.211
2025-11-22 17:26:21,mlx5_0,0.000,0.000,0.000,0.000
2025-11-22 17:26:21,mlx5_1,2.643,0.004,66.126,50.981
2025-11-22 17:26:21,mlx5_2,0.000,0.000,0.000,0.000
2025-11-22 17:26:21,mlx5_3,2.769,0.003,67.018,53.710
2025-11-22 17:26:21,mlx5_4,0.000,0.000,0.000,0.000
2025-11-22 17:26:21,mlx5_5,2.844,0.004,66.461,52.200
2025-11-22 17:26:21,mlx5_6,0.000,0.000,0.000,0.000
2025-11-22 17:26:21,mlx5_7,0.000,0.000,0.000,0.000
2025-11-22 17:26:21,mlx5_8,3.003,0.004,67.770,55.322
2025-11-22 17:26:21,mlx5_9,0.000,0.000,0.000,0.000
2025-11-22 17:26:21,TOTAL,11.259,0.015,267.375,212.213
2025-11-22 17:26:22,mlx5_0,0.000,0.000,0.000,0.000
2025-11-22 17:26:22,mlx5_1,6.611,0.008,66.956,50.982
2025-11-22 17:26:22,mlx5_2,0.000,0.000,0.000,0.000
2025-11-22 17:26:22,mlx5_3,6.699,0.008,67.859,53.711
2025-11-22 17:26:22,mlx5_4,0.000,0.000,0.000,0.000
2025-11-22 17:26:22,mlx5_5,6.343,0.008,67.258,52.201
2025-11-22 17:26:22,mlx5_6,0.000,0.000,0.000,0.000
2025-11-22 17:26:22,mlx5_7,0.000,0.000,0.000,0.000
2025-11-22 17:26:22,mlx5_8,6.300,0.008,68.562,55.323
2025-11-22 17:26:22,mlx5_9,0.000,0.000,0.000,0.000
2025-11-22 17:26:22,TOTAL,25.952,0.033,270.636,212.217
2025-11-22 17:26:23,mlx5_0,0.000,0.000,0.000,0.000
2025-11-22 17:26:23,mlx5_1,0.783,0.001,67.055,50.982
2025-11-22 17:26:23,mlx5_2,0.000,0.000,0.000,0.000
2025-11-22 17:26:23,mlx5_3,1.018,0.001,67.987,53.712
2025-11-22 17:26:23,mlx5_4,0.000,0.000,0.000,0.000
2025-11-22 17:26:23,mlx5_5,0.951,0.001,67.378,52.201
2025-11-22 17:26:23,mlx5_6,0.000,0.000,0.000,0.000
2025-11-22 17:26:23,mlx5_7,0.000,0.000,0.000,0.000
2025-11-22 17:26:23,mlx5_8,1.121,0.002,68.703,55.323
2025-11-22 17:26:23,mlx5_9,0.000,0.000,0.000,0.000
2025-11-22 17:26:23,TOTAL,3.873,0.005,271.123,212.218
2025-11-22 17:26:24,mlx5_0,0.000,0.000,0.000,0.000
2025-11-22 17:26:24,mlx5_1,8.285,0.011,68.096,50.983
2025-11-22 17:26:24,mlx5_2,0.000,0.000,0.000,0.000
2025-11-22 17:26:24,mlx5_3,8.337,0.011,69.035,53.713
2025-11-22 17:26:24,mlx5_4,0.000,0.000,0.000,0.000
2025-11-22 17:26:24,mlx5_5,8.215,0.010,68.410,52.202
2025-11-22 17:26:24,mlx5_6,0.000,0.000,0.000,0.000
2025-11-22 17:26:24,mlx5_7,0.000,0.000,0.000,0.000
2025-11-22 17:26:24,mlx5_8,8.497,0.011,69.771,55.325
2025-11-22 17:26:24,mlx5_9,0.000,0.000,0.000,0.000
2025-11-22 17:26:24,TOTAL,33.334,0.043,275.312,212.223
2025-11-22 17:26:25,mlx5_0,0.000,0.000,0.000,0.000
2025-11-22 17:26:25,mlx5_1,0.000,0.000,68.096,50.983
2025-11-22 17:26:25,mlx5_2,0.000,0.000,0.000,0.000
2025-11-22 17:26:25,mlx5_3,0.000,0.000,69.035,53.713
2025-11-22 17:26:25,mlx5_4,0.000,0.000,0.000,0.000
2025-11-22 17:26:25,mlx5_5,0.000,0.000,68.410,52.202
2025-11-22 17:26:25,mlx5_6,0.000,0.000,0.000,0.000
2025-11-22 17:26:25,mlx5_7,0.000,0.000,0.000,0.000
2025-11-22 17:26:25,mlx5_8,0.000,0.000,69.771,55.325
2025-11-22 17:26:25,mlx5_9,0.000,0.000,0.000,0.000
2025-11-22 17:26:25,TOTAL,0.000,0.000,275.312,212.223
2025-11-22 17:26:26,mlx5_0,0.000,0.000,0.000,0.000
2025-11-22 17:26:26,mlx5_1,9.150,10.380,69.245,52.286
2025-11-22 17:26:26,mlx5_2,0.000,0.000,0.000,0.000
2025-11-22 17:26:26,mlx5_3,9.484,11.320,70.226,55.134
2025-11-22 17:26:26,mlx5_4,0.000,0.000,0.000,0.000
2025-11-22 17:26:26,mlx5_5,9.222,11.318,69.568,53.623
2025-11-22 17:26:26,mlx5_6,0.000,0.000,0.000,0.000
2025-11-22 17:26:26,mlx5_7,0.000,0.000,0.000,0.000
2025-11-22 17:26:26,mlx5_8,9.475,11.421,70.960,56.758
2025-11-22 17:26:26,mlx5_9,0.000,0.000,0.000,0.000
2025-11-22 17:26:26,TOTAL,37.331,44.439,279.998,217.802
2025-11-22 17:26:27,mlx5_0,0.000,0.000,0.000,0.000
2025-11-22 17:26:27,mlx5_1,0.000,0.000,69.245,52.286
2025-11-22 17:26:27,mlx5_2,0.000,0.000,0.000,0.000
2025-11-22 17:26:27,mlx5_3,0.000,0.000,70.226,55.134
2025-11-22 17:26:27,mlx5_4,0.000,0.000,0.000,0.000
2025-11-22 17:26:27,mlx5_5,0.000,0.000,69.568,53.623
2025-11-22 17:26:27,mlx5_6,0.000,0.000,0.000,0.000
2025-11-22 17:26:27,mlx5_7,0.000,0.000,0.000,0.000
2025-11-22 17:26:27,mlx5_8,0.000,0.000,70.960,56.758
2025-11-22 17:26:27,mlx5_9,0.000,0.000,0.000,0.000
2025-11-22 17:26:27,TOTAL,0.000,0.000,279.998,217.802
2025-11-22 17:26:28,mlx5_0,0.000,0.000,0.000,0.000
2025-11-22 17:26:28,mlx5_1,9.478,0.013,70.435,52.288
2025-11-22 17:26:28,mlx5_2,0.000,0.000,0.000,0.000
2025-11-22 17:26:28,mlx5_3,9.837,0.013,71.461,55.136
2025-11-22 17:26:28,mlx5_4,0.000,0.000,0.000,0.000
2025-11-22 17:26:28,mlx5_5,9.507,0.013,70.762,53.625
2025-11-22 17:26:28,mlx5_6,0.000,0.000,0.000,0.000
2025-11-22 17:26:28,mlx5_7,0.000,0.000,0.000,0.000
2025-11-22 17:26:28,mlx5_8,9.932,0.013,72.208,56.760
2025-11-22 17:26:28,mlx5_9,0.000,0.000,0.000,0.000
2025-11-22 17:26:28,TOTAL,38.755,0.052,284.867,217.809
2025-11-22 17:26:29,mlx5_0,0.000,0.000,0.000,0.000
2025-11-22 17:26:29,mlx5_1,0.000,0.000,70.435,52.288
2025-11-22 17:26:29,mlx5_2,0.000,0.000,0.000,0.000
2025-11-22 17:26:29,mlx5_3,0.000,0.000,71.461,55.136
2025-11-22 17:26:29,mlx5_4,0.000,0.000,0.000,0.000
2025-11-22 17:26:29,mlx5_5,0.000,0.000,70.762,53.625
2025-11-22 17:26:29,mlx5_6,0.000,0.000,0.000,0.000
2025-11-22 17:26:29,mlx5_7,0.000,0.000,0.000,0.000
2025-11-22 17:26:29,mlx5_8,0.000,0.000,72.208,56.760
2025-11-22 17:26:29,mlx5_9,0.000,0.000,0.000,0.000
2025-11-22 17:26:29,TOTAL,0.000,0.000,284.867,217.809
2025-11-22 17:26:30,mlx5_0,0.000,0.000,0.000,0.000
2025-11-22 17:26:30,mlx5_1,9.218,0.012,71.593,52.289
2025-11-22 17:26:30,mlx5_2,0.000,0.000,0.000,0.000
2025-11-22 17:26:30,mlx5_3,9.269,0.012,72.626,55.137
2025-11-22 17:26:30,mlx5_4,0.000,0.000,0.000,0.000
2025-11-22 17:26:30,mlx5_5,9.119,0.012,71.908,53.626
2025-11-22 17:26:30,mlx5_6,0.000,0.000,0.000,0.000
2025-11-22 17:26:30,mlx5_7,0.000,0.000,0.000,0.000
2025-11-22 17:26:30,mlx5_8,9.616,0.012,73.416,56.762
2025-11-22 17:26:30,mlx5_9,0.000,0.000,0.000,0.000
2025-11-22 17:26:30,TOTAL,37.221,0.048,289.542,217.815
2025-11-22 17:26:31,mlx5_0,0.000,0.000,0.000,0.000
2025-11-22 17:26:31,mlx5_1,9.148,0.012,72.742,52.291
2025-11-22 17:26:31,mlx5_2,0.000,0.000,0.000,0.000
2025-11-22 17:26:31,mlx5_3,9.428,0.012,73.810,55.139
2025-11-22 17:26:31,mlx5_4,0.000,0.000,0.000,0.000
2025-11-22 17:26:31,mlx5_5,9.208,0.012,73.064,53.628
2025-11-22 17:26:31,mlx5_6,0.000,0.000,0.000,0.000
2025-11-22 17:26:31,mlx5_7,0.000,0.000,0.000,0.000
2025-11-22 17:26:31,mlx5_8,9.450,0.012,74.603,56.763
2025-11-22 17:26:31,mlx5_9,0.000,0.000,0.000,0.000
2025-11-22 17:26:31,TOTAL,37.234,0.048,294.218,217.821
2025-11-22 17:26:32,mlx5_0,0.000,0.000,0.000,0.000
2025-11-22 17:26:32,mlx5_1,0.000,0.000,72.742,52.291
2025-11-22 17:26:32,mlx5_2,0.000,0.000,0.000,0.000
2025-11-22 17:26:32,mlx5_3,0.000,0.000,73.810,55.139
2025-11-22 17:26:32,mlx5_4,0.000,0.000,0.000,0.000
2025-11-22 17:26:32,mlx5_5,0.000,0.000,73.064,53.628
2025-11-22 17:26:32,mlx5_6,0.000,0.000,0.000,0.000
2025-11-22 17:26:32,mlx5_7,0.000,0.000,0.000,0.000
2025-11-22 17:26:32,mlx5_8,0.000,0.000,74.603,56.763
2025-11-22 17:26:32,mlx5_9,0.000,0.000,0.000,0.000
2025-11-22 17:26:32,TOTAL,0.000,0.000,294.218,217.821
2025-11-22 17:26:33,mlx5_0,0.000,0.000,0.000,0.000
2025-11-22 17:26:33,mlx5_1,0.000,0.000,72.742,52.291
2025-11-22 17:26:33,mlx5_2,0.000,0.000,0.000,0.000
2025-11-22 17:26:33,mlx5_3,0.000,0.000,73.810,55.139
2025-11-22 17:26:33,mlx5_4,0.000,0.000,0.000,0.000
2025-11-22 17:26:33,mlx5_5,0.000,0.000,73.064,53.628
2025-11-22 17:26:33,mlx5_6,0.000,0.000,0.000,0.000
2025-11-22 17:26:33,mlx5_7,0.000,0.000,0.000,0.000
2025-11-22 17:26:33,mlx5_8,0.000,0.000,74.603,56.763
2025-11-22 17:26:33,mlx5_9,0.000,0.000,0.000,0.000
2025-11-22 17:26:33,TOTAL,0.000,0.000,294.218,217.821
2025-11-22 17:26:34,mlx5_0,0.000,0.000,0.000,0.000
2025-11-22 17:26:34,mlx5_1,9.115,0.012,73.887,52.292
2025-11-22 17:26:34,mlx5_2,0.000,0.000,0.000,0.000
2025-11-22 17:26:34,mlx5_3,9.227,0.012,74.969,55.140
2025-11-22 17:26:34,mlx5_4,0.000,0.000,0.000,0.000
2025-11-22 17:26:34,mlx5_5,9.367,0.012,74.241,53.629
2025-11-22 17:26:34,mlx5_6,0.000,0.000,0.000,0.000
2025-11-22 17:26:34,mlx5_7,0.000,0.000,0.000,0.000
2025-11-22 17:26:34,mlx5_8,9.519,0.012,75.798,56.765
2025-11-22 17:26:34,mlx5_9,0.000,0.000,0.000,0.000
2025-11-22 17:26:34,TOTAL,37.227,0.048,298.894,217.827
2025-11-22 17:26:35,mlx5_0,0.000,0.000,0.000,0.000
2025-11-22 17:26:35,mlx5_1,0.000,0.000,73.887,52.292
2025-11-22 17:26:35,mlx5_2,0.000,0.000,0.000,0.000
2025-11-22 17:26:35,mlx5_3,0.000,0.000,74.969,55.140
2025-11-22 17:26:35,mlx5_4,0.000,0.000,0.000,0.000
2025-11-22 17:26:35,mlx5_5,0.000,0.000,74.241,53.629
2025-11-22 17:26:35,mlx5_6,0.000,0.000,0.000,0.000
2025-11-22 17:26:35,mlx5_7,0.000,0.000,0.000,0.000
2025-11-22 17:26:35,mlx5_8,0.000,0.000,75.798,56.765
2025-11-22 17:26:35,mlx5_9,0.000,0.000,0.000,0.000
2025-11-22 17:26:35,TOTAL,0.000,0.000,298.894,217.827
2025-11-22 17:26:36,mlx5_0,0.000,0.000,0.000,0.000
2025-11-22 17:26:36,mlx5_1,9.136,10.881,75.035,53.660
2025-11-22 17:26:36,mlx5_2,0.000,0.000,0.000,0.000
2025-11-22 17:26:36,mlx5_3,9.515,11.274,76.164,56.557
2025-11-22 17:26:36,mlx5_4,0.000,0.000,0.000,0.000
2025-11-22 17:26:36,mlx5_5,9.256,10.834,75.404,54.991
2025-11-22 17:26:36,mlx5_6,0.000,0.000,0.000,0.000
2025-11-22 17:26:36,mlx5_7,0.000,0.000,0.000,0.000
2025-11-22 17:26:36,mlx5_8,9.383,11.406,76.977,58.198
2025-11-22 17:26:36,mlx5_9,0.000,0.000,0.000,0.000
2025-11-22 17:26:36,TOTAL,37.290,44.394,303.580,223.405
2025-11-22 17:26:37,mlx5_0,0.000,0.000,0.000,0.000
2025-11-22 17:26:37,mlx5_1,0.000,0.000,75.035,53.660
2025-11-22 17:26:37,mlx5_2,0.000,0.000,0.000,0.000
2025-11-22 17:26:37,mlx5_3,0.000,0.000,76.164,56.557
2025-11-22 17:26:37,mlx5_4,0.000,0.000,0.000,0.000
2025-11-22 17:26:37,mlx5_5,0.000,0.000,75.404,54.991
2025-11-22 17:26:37,mlx5_6,0.000,0.000,0.000,0.000
2025-11-22 17:26:37,mlx5_7,0.000,0.000,0.000,0.000
2025-11-22 17:26:37,mlx5_8,0.000,0.000,76.977,58.198
2025-11-22 17:26:37,mlx5_9,0.000,0.000,0.000,0.000
2025-11-22 17:26:37,TOTAL,0.000,0.000,303.580,223.405
2025-11-22 17:26:38,mlx5_0,0.000,0.000,0.000,0.000
2025-11-22 17:26:38,mlx5_1,9.036,0.012,76.170,53.661
2025-11-22 17:26:38,mlx5_2,0.000,0.000,0.000,0.000
2025-11-22 17:26:38,mlx5_3,9.135,0.012,77.312,56.558
2025-11-22 17:26:38,mlx5_4,0.000,0.000,0.000,0.000
2025-11-22 17:26:38,mlx5_5,8.930,0.012,76.525,54.992
2025-11-22 17:26:38,mlx5_6,0.000,0.000,0.000,0.000
2025-11-22 17:26:38,mlx5_7,0.000,0.000,0.000,0.000
2025-11-22 17:26:38,mlx5_8,9.328,0.012,78.149,58.200
2025-11-22 17:26:38,mlx5_9,0.000,0.000,0.000,0.000
2025-11-22 17:26:38,TOTAL,36.429,0.048,308.156,223.411
2025-11-22 17:26:39,mlx5_0,0.000,0.000,0.000,0.000
2025-11-22 17:26:39,mlx5_1,0.000,0.000,76.170,53.661
2025-11-22 17:26:39,mlx5_2,0.000,0.000,0.000,0.000
2025-11-22 17:26:39,mlx5_3,0.000,0.000,77.312,56.558
2025-11-22 17:26:39,mlx5_4,0.000,0.000,0.000,0.000
2025-11-22 17:26:39,mlx5_5,0.000,0.000,76.525,54.992
2025-11-22 17:26:39,mlx5_6,0.000,0.000,0.000,0.000
2025-11-22 17:26:39,mlx5_7,0.000,0.000,0.000,0.000
2025-11-22 17:26:39,mlx5_8,0.000,0.000,78.149,58.200
2025-11-22 17:26:39,mlx5_9,0.000,0.000,0.000,0.000
2025-11-22 17:26:39,TOTAL,0.000,0.000,308.156,223.411
2025-11-22 17:26:40,mlx5_0,0.000,0.000,0.000,0.000
2025-11-22 17:26:40,mlx5_1,9.401,0.012,77.350,53.663
2025-11-22 17:26:40,mlx5_2,0.000,0.000,0.000,0.000
2025-11-22 17:26:40,mlx5_3,9.132,0.012,78.458,56.560
2025-11-22 17:26:40,mlx5_4,0.000,0.000,0.000,0.000
2025-11-22 17:26:40,mlx5_5,9.196,0.012,77.680,54.994
2025-11-22 17:26:40,mlx5_6,0.000,0.000,0.000,0.000
2025-11-22 17:26:40,mlx5_7,0.000,0.000,0.000,0.000
2025-11-22 17:26:40,mlx5_8,9.516,0.012,79.344,58.201
2025-11-22 17:26:40,mlx5_9,0.000,0.000,0.000,0.000
2025-11-22 17:26:40,TOTAL,37.245,0.048,312.832,223.417
2025-11-22 17:26:41,mlx5_0,0.000,0.000,0.000,0.000
2025-11-22 17:26:41,mlx5_1,0.006,0.000,77.351,53.663
2025-11-22 17:26:41,mlx5_2,0.000,0.000,0.000,0.000
2025-11-22 17:26:41,mlx5_3,0.180,0.000,78.481,56.560
2025-11-22 17:26:41,mlx5_4,0.000,0.000,0.000,0.000
2025-11-22 17:26:41,mlx5_5,0.214,0.000,77.707,54.994
2025-11-22 17:26:41,mlx5_6,0.000,0.000,0.000,0.000
2025-11-22 17:26:41,mlx5_7,0.000,0.000,0.000,0.000
2025-11-22 17:26:41,mlx5_8,0.339,0.000,79.386,58.201
2025-11-22 17:26:41,mlx5_9,0.000,0.000,0.000,0.000
2025-11-22 17:26:41,TOTAL,0.739,0.001,312.925,223.417
2025-11-22 17:26:42,mlx5_0,0.000,0.000,0.000,0.000
2025-11-22 17:26:42,mlx5_1,9.270,0.012,78.516,53.664
2025-11-22 17:26:42,mlx5_2,0.000,0.000,0.000,0.000
2025-11-22 17:26:42,mlx5_3,9.039,0.011,79.617,56.561
2025-11-22 17:26:42,mlx5_4,0.000,0.000,0.000,0.000
2025-11-22 17:26:42,mlx5_5,8.968,0.011,78.834,54.995
2025-11-22 17:26:42,mlx5_6,0.000,0.000,0.000,0.000
2025-11-22 17:26:42,mlx5_7,0.000,0.000,0.000,0.000
2025-11-22 17:26:42,mlx5_8,9.183,0.012,80.541,58.203
2025-11-22 17:26:42,mlx5_9,0.000,0.000,0.000,0.000
2025-11-22 17:26:42,TOTAL,36.460,0.046,317.508,223.423
2025-11-22 17:26:43,mlx5_0,0.000,0.000,0.000,0.000
2025-11-22 17:26:43,mlx5_1,0.000,0.000,78.516,53.664
2025-11-22 17:26:43,mlx5_2,0.000,0.000,0.000,0.000
2025-11-22 17:26:43,mlx5_3,0.000,0.000,79.617,56.561
2025-11-22 17:26:43,mlx5_4,0.000,0.000,0.000,0.000
2025-11-22 17:26:43,mlx5_5,0.000,0.000,78.834,54.995
2025-11-22 17:26:43,mlx5_6,0.000,0.000,0.000,0.000
2025-11-22 17:26:43,mlx5_7,0.000,0.000,0.000,0.000
2025-11-22 17:26:43,mlx5_8,0.000,0.000,80.541,58.203
2025-11-22 17:26:43,mlx5_9,0.000,0.000,0.000,0.000
2025-11-22 17:26:43,TOTAL,0.000,0.000,317.508,223.423
2025-11-22 17:26:44,mlx5_0,0.000,0.000,0.000,0.000
2025-11-22 17:26:44,mlx5_1,9.222,0.012,79.675,53.666
2025-11-22 17:26:44,mlx5_2,0.000,0.000,0.000,0.000
2025-11-22 17:26:44,mlx5_3,9.342,0.012,80.791,56.563
2025-11-22 17:26:44,mlx5_4,0.000,0.000,0.000,0.000
2025-11-22 17:26:44,mlx5_5,9.316,0.012,80.004,54.997
2025-11-22 17:26:44,mlx5_6,0.000,0.000,0.000,0.000
2025-11-22 17:26:44,mlx5_7,0.000,0.000,0.000,0.000
2025-11-22 17:26:44,mlx5_8,9.346,0.012,81.715,58.204
2025-11-22 17:26:44,mlx5_9,0.000,0.000,0.000,0.000
2025-11-22 17:26:44,TOTAL,37.225,0.048,322.184,223.429
2025-11-22 17:26:45,mlx5_0,0.000,0.000,0.000,0.000
2025-11-22 17:26:45,mlx5_1,0.000,0.000,79.675,53.666
2025-11-22 17:26:45,mlx5_2,0.000,0.000,0.000,0.000
2025-11-22 17:26:45,mlx5_3,0.000,0.000,80.791,56.563
2025-11-22 17:26:45,mlx5_4,0.000,0.000,0.000,0.000
2025-11-22 17:26:45,mlx5_5,0.000,0.000,80.004,54.997
2025-11-22 17:26:45,mlx5_6,0.000,0.000,0.000,0.000
2025-11-22 17:26:45,mlx5_7,0.000,0.000,0.000,0.000
2025-11-22 17:26:45,mlx5_8,0.000,0.000,81.715,58.204
2025-11-22 17:26:45,mlx5_9,0.000,0.000,0.000,0.000
2025-11-22 17:26:45,TOTAL,0.000,0.000,322.184,223.429
2025-11-22 17:26:46,mlx5_0,0.000,0.000,0.000,0.000
2025-11-22 17:26:46,mlx5_1,9.174,10.591,80.827,54.996
2025-11-22 17:26:46,mlx5_2,0.000,0.000,0.000,0.000
2025-11-22 17:26:46,mlx5_3,9.387,11.432,81.970,57.999
2025-11-22 17:26:46,mlx5_4,0.000,0.000,0.000,0.000
2025-11-22 17:26:46,mlx5_5,9.199,11.143,81.160,56.397
2025-11-22 17:26:46,mlx5_6,0.000,0.000,0.000,0.000
2025-11-22 17:26:46,mlx5_7,0.000,0.000,0.000,0.000
2025-11-22 17:26:46,mlx5_8,9.538,11.237,82.913,59.616
2025-11-22 17:26:46,mlx5_9,0.000,0.000,0.000,0.000
2025-11-22 17:26:46,TOTAL,37.297,44.404,326.870,229.008
2025-11-22 17:26:47,mlx5_0,0.000,0.000,0.000,0.000
2025-11-22 17:26:47,mlx5_1,0.000,0.000,80.827,54.996
2025-11-22 17:26:47,mlx5_2,0.000,0.000,0.000,0.000
2025-11-22 17:26:47,mlx5_3,0.000,0.000,81.970,57.999
2025-11-22 17:26:47,mlx5_4,0.000,0.000,0.000,0.000
2025-11-22 17:26:47,mlx5_5,0.000,0.000,81.160,56.397
2025-11-22 17:26:47,mlx5_6,0.000,0.000,0.000,0.000
2025-11-22 17:26:47,mlx5_7,0.000,0.000,0.000,0.000
2025-11-22 17:26:47,mlx5_8,0.000,0.000,82.913,59.616
2025-11-22 17:26:47,mlx5_9,0.000,0.000,0.000,0.000
2025-11-22 17:26:47,TOTAL,0.000,0.000,326.870,229.008
2025-11-22 17:26:48,mlx5_0,0.000,0.000,0.000,0.000
2025-11-22 17:26:48,mlx5_1,8.843,0.012,81.938,54.998
2025-11-22 17:26:48,mlx5_2,0.000,0.000,0.000,0.000
2025-11-22 17:26:48,mlx5_3,9.166,0.012,83.121,58.001
2025-11-22 17:26:48,mlx5_4,0.000,0.000,0.000,0.000
2025-11-22 17:26:48,mlx5_5,9.108,0.012,82.304,56.398
2025-11-22 17:26:48,mlx5_6,0.000,0.000,0.000,0.000
2025-11-22 17:26:48,mlx5_7,0.000,0.000,0.000,0.000
2025-11-22 17:26:48,mlx5_8,9.302,0.012,84.082,59.618
2025-11-22 17:26:48,mlx5_9,0.000,0.000,0.000,0.000
2025-11-22 17:26:48,TOTAL,36.419,0.048,331.446,229.014
2025-11-22 17:26:49,mlx5_0,0.000,0.000,0.000,0.000
2025-11-22 17:26:49,mlx5_1,0.000,0.000,81.938,54.998
2025-11-22 17:26:49,mlx5_2,0.000,0.000,0.000,0.000
2025-11-22 17:26:49,mlx5_3,0.000,0.000,83.121,58.001
2025-11-22 17:26:49,mlx5_4,0.000,0.000,0.000,0.000
2025-11-22 17:26:49,mlx5_5,0.000,0.000,82.304,56.398
2025-11-22 17:26:49,mlx5_6,0.000,0.000,0.000,0.000
2025-11-22 17:26:49,mlx5_7,0.000,0.000,0.000,0.000
2025-11-22 17:26:49,mlx5_8,0.000,0.000,84.082,59.618
2025-11-22 17:26:49,mlx5_9,0.000,0.000,0.000,0.000
2025-11-22 17:26:49,TOTAL,0.000,0.000,331.446,229.014
2025-11-22 17:26:50,mlx5_0,0.000,0.000,0.000,0.000
2025-11-22 17:26:50,mlx5_1,9.210,0.012,83.096,54.999
2025-11-22 17:26:50,mlx5_2,0.000,0.000,0.000,0.000
2025-11-22 17:26:50,mlx5_3,9.229,0.012,84.281,58.002
2025-11-22 17:26:50,mlx5_4,0.000,0.000,0.000,0.000
2025-11-22 17:26:50,mlx5_5,9.301,0.012,83.473,56.400
2025-11-22 17:26:50,mlx5_6,0.000,0.000,0.000,0.000
2025-11-22 17:26:50,mlx5_7,0.000,0.000,0.000,0.000
2025-11-22 17:26:50,mlx5_8,9.474,0.012,85.272,59.619
2025-11-22 17:26:50,mlx5_9,0.000,0.000,0.000,0.000
2025-11-22 17:26:50,TOTAL,37.214,0.048,336.122,229.020
2025-11-22 17:26:51,mlx5_0,0.000,0.000,0.000,0.000
2025-11-22 17:26:51,mlx5_1,0.000,0.000,83.096,54.999
2025-11-22 17:26:51,mlx5_2,0.000,0.000,0.000,0.000
2025-11-22 17:26:51,mlx5_3,0.000,0.000,84.281,58.002
2025-11-22 17:26:51,mlx5_4,0.000,0.000,0.000,0.000
2025-11-22 17:26:51,mlx5_5,0.000,0.000,83.473,56.400
2025-11-22 17:26:51,mlx5_6,0.000,0.000,0.000,0.000
2025-11-22 17:26:51,mlx5_7,0.000,0.000,0.000,0.000
2025-11-22 17:26:51,mlx5_8,0.000,0.000,85.272,59.619
2025-11-22 17:26:51,mlx5_9,0.000,0.000,0.000,0.000
2025-11-22 17:26:51,TOTAL,0.000,0.000,336.122,229.020
2025-11-22 17:26:52,mlx5_0,0.000,0.000,0.000,0.000
2025-11-22 17:26:52,mlx5_1,9.126,0.012,84.241,55.001
2025-11-22 17:26:52,mlx5_2,0.000,0.000,0.000,0.000
2025-11-22 17:26:52,mlx5_3,9.527,0.012,85.477,58.004
2025-11-22 17:26:52,mlx5_4,0.000,0.000,0.000,0.000
2025-11-22 17:26:52,mlx5_5,9.168,0.012,84.624,56.401
2025-11-22 17:26:52,mlx5_6,0.000,0.000,0.000,0.000
2025-11-22 17:26:52,mlx5_7,0.000,0.000,0.000,0.000
2025-11-22 17:26:52,mlx5_8,9.438,0.012,86.456,59.621
2025-11-22 17:26:52,mlx5_9,0.000,0.000,0.000,0.000
2025-11-22 17:26:52,TOTAL,37.260,0.048,340.798,229.026
2025-11-22 17:26:53,mlx5_0,0.000,0.000,0.000,0.000
2025-11-22 17:26:53,mlx5_1,0.000,0.000,84.241,55.001
2025-11-22 17:26:53,mlx5_2,0.000,0.000,0.000,0.000
2025-11-22 17:26:53,mlx5_3,0.000,0.000,85.477,58.004
2025-11-22 17:26:53,mlx5_4,0.000,0.000,0.000,0.000
2025-11-22 17:26:53,mlx5_5,0.000,0.000,84.624,56.401
2025-11-22 17:26:53,mlx5_6,0.000,0.000,0.000,0.000
2025-11-22 17:26:53,mlx5_7,0.000,0.000,0.000,0.000
2025-11-22 17:26:53,mlx5_8,0.000,0.000,86.456,59.621
2025-11-22 17:26:53,mlx5_9,0.000,0.000,0.000,0.000
2025-11-22 17:26:53,TOTAL,0.000,0.000,340.798,229.026
2025-11-22 17:26:54,mlx5_0,0.000,0.000,0.000,0.000
2025-11-22 17:26:54,mlx5_1,9.226,0.012,85.400,55.002
2025-11-22 17:26:54,mlx5_2,0.000,0.000,0.000,0.000
2025-11-22 17:26:54,mlx5_3,9.426,0.012,86.661,58.005
2025-11-22 17:26:54,mlx5_4,0.000,0.000,0.000,0.000
2025-11-22 17:26:54,mlx5_5,9.357,0.012,85.799,56.403
2025-11-22 17:26:54,mlx5_6,0.000,0.000,0.000,0.000
2025-11-22 17:26:54,mlx5_7,0.000,0.000,0.000,0.000
2025-11-22 17:26:54,mlx5_8,9.217,0.012,87.614,59.622
2025-11-22 17:26:54,mlx5_9,0.000,0.000,0.000,0.000
2025-11-22 17:26:54,TOTAL,37.226,0.047,345.474,229.032
2025-11-22 17:26:55,mlx5_0,0.000,0.000,0.000,0.000
2025-11-22 17:26:55,mlx5_1,0.000,0.000,85.400,55.002
2025-11-22 17:26:55,mlx5_2,0.000,0.000,0.000,0.000
2025-11-22 17:26:55,mlx5_3,0.000,0.000,86.661,58.005
2025-11-22 17:26:55,mlx5_4,0.000,0.000,0.000,0.000
2025-11-22 17:26:55,mlx5_5,0.000,0.000,85.799,56.403
2025-11-22 17:26:55,mlx5_6,0.000,0.000,0.000,0.000
2025-11-22 17:26:55,mlx5_7,0.000,0.000,0.000,0.000
2025-11-22 17:26:55,mlx5_8,0.000,0.000,87.614,59.622
2025-11-22 17:26:55,mlx5_9,0.000,0.000,0.000,0.000
2025-11-22 17:26:55,TOTAL,0.000,0.000,345.474,229.032
2025-11-22 17:26:56,mlx5_0,0.000,0.000,0.000,0.000
2025-11-22 17:26:56,mlx5_1,7.319,0.009,86.319,55.004
2025-11-22 17:26:56,mlx5_2,0.000,0.000,0.000,0.000
2025-11-22 17:26:56,mlx5_3,7.566,0.009,87.611,58.006
2025-11-22 17:26:56,mlx5_4,0.000,0.000,0.000,0.000
2025-11-22 17:26:56,mlx5_5,7.883,0.010,86.789,56.404
2025-11-22 17:26:56,mlx5_6,0.000,0.000,0.000,0.000
2025-11-22 17:26:56,mlx5_7,0.000,0.000,0.000,0.000
2025-11-22 17:26:56,mlx5_8,7.924,0.010,88.609,59.623
2025-11-22 17:26:56,mlx5_9,0.000,0.000,0.000,0.000
2025-11-22 17:26:56,TOTAL,30.692,0.038,349.329,229.037
2025-11-22 17:26:57,mlx5_0,0.000,0.000,0.000,0.000
2025-11-22 17:26:57,mlx5_1,1.916,10.615,86.560,56.338
2025-11-22 17:26:57,mlx5_2,0.000,0.000,0.000,0.000
2025-11-22 17:26:57,mlx5_3,1.780,11.179,87.835,59.412
2025-11-22 17:26:57,mlx5_4,0.000,0.000,0.000,0.000
2025-11-22 17:26:57,mlx5_5,1.436,10.842,86.970,57.767
2025-11-22 17:26:57,mlx5_6,0.000,0.000,0.000,0.000
2025-11-22 17:26:57,mlx5_7,0.000,0.000,0.000,0.000
2025-11-22 17:26:57,mlx5_8,1.476,11.701,88.795,61.094
2025-11-22 17:26:57,mlx5_9,0.000,0.000,0.000,0.000
2025-11-22 17:26:57,TOTAL,6.608,44.336,350.160,234.611
2025-11-22 17:26:58,mlx5_0,0.000,0.000,0.000,0.000
2025-11-22 17:26:58,mlx5_1,9.604,0.013,87.767,56.340
2025-11-22 17:26:58,mlx5_2,0.000,0.000,0.000,0.000
2025-11-22 17:26:58,mlx5_3,9.685,0.012,89.052,59.413
2025-11-22 17:26:58,mlx5_4,0.000,0.000,0.000,0.000
2025-11-22 17:26:58,mlx5_5,9.538,0.013,88.168,57.768
2025-11-22 17:26:58,mlx5_6,0.000,0.000,0.000,0.000
2025-11-22 17:26:58,mlx5_7,0.000,0.000,0.000,0.000
2025-11-22 17:26:58,mlx5_8,9.916,0.013,90.041,61.096
2025-11-22 17:26:58,mlx5_9,0.000,0.000,0.000,0.000
2025-11-22 17:26:58,TOTAL,38.743,0.051,355.028,234.617
2025-11-22 17:26:59,mlx5_0,0.000,0.000,0.000,0.000
2025-11-22 17:26:59,mlx5_1,0.000,0.000,87.767,56.340
2025-11-22 17:26:59,mlx5_2,0.000,0.000,0.000,0.000
2025-11-22 17:26:59,mlx5_3,0.000,0.000,89.052,59.413
2025-11-22 17:26:59,mlx5_4,0.000,0.000,0.000,0.000
2025-11-22 17:26:59,mlx5_5,0.000,0.000,88.168,57.768
2025-11-22 17:26:59,mlx5_6,0.000,0.000,0.000,0.000
2025-11-22 17:26:59,mlx5_7,0.000,0.000,0.000,0.000
2025-11-22 17:26:59,mlx5_8,0.000,0.000,90.041,61.096
2025-11-22 17:26:59,mlx5_9,0.000,0.000,0.000,0.000
2025-11-22 17:26:59,TOTAL,0.000,0.000,355.028,234.617
2025-11-22 17:27:00,mlx5_0,0.000,0.000,0.000,0.000
2025-11-22 17:27:00,mlx5_1,9.099,0.012,88.910,56.341
2025-11-22 17:27:00,mlx5_2,0.000,0.000,0.000,0.000
2025-11-22 17:27:00,mlx5_3,9.440,0.012,90.238,59.415
2025-11-22 17:27:00,mlx5_4,0.000,0.000,0.000,0.000
2025-11-22 17:27:00,mlx5_5,9.312,0.012,89.338,57.770
2025-11-22 17:27:00,mlx5_6,0.000,0.000,0.000,0.000
2025-11-22 17:27:00,mlx5_7,0.000,0.000,0.000,0.000
2025-11-22 17:27:00,mlx5_8,9.369,0.012,91.218,61.098
2025-11-22 17:27:00,mlx5_9,0.000,0.000,0.000,0.000
2025-11-22 17:27:00,TOTAL,37.220,0.048,359.704,234.623
2025-11-22 17:27:01,mlx5_0,0.000,0.000,0.000,0.000
2025-11-22 17:27:01,mlx5_1,0.000,0.000,88.910,56.341
2025-11-22 17:27:01,mlx5_2,0.000,0.000,0.000,0.000
2025-11-22 17:27:01,mlx5_3,0.000,0.000,90.238,59.415
2025-11-22 17:27:01,mlx5_4,0.000,0.000,0.000,0.000
2025-11-22 17:27:01,mlx5_5,0.000,0.000,89.338,57.770
2025-11-22 17:27:01,mlx5_6,0.000,0.000,0.000,0.000
2025-11-22 17:27:01,mlx5_7,0.000,0.000,0.000,0.000
2025-11-22 17:27:01,mlx5_8,0.000,0.000,91.218,61.098
2025-11-22 17:27:01,mlx5_9,0.000,0.000,0.000,0.000
2025-11-22 17:27:01,TOTAL,0.000,0.000,359.704,234.623
2025-11-22 17:27:02,mlx5_0,0.000,0.000,0.000,0.000
2025-11-22 17:27:02,mlx5_1,9.100,0.012,90.053,56.343
2025-11-22 17:27:02,mlx5_2,0.000,0.000,0.000,0.000
2025-11-22 17:27:02,mlx5_3,9.361,0.012,91.414,59.416
2025-11-22 17:27:02,mlx5_4,0.000,0.000,0.000,0.000
2025-11-22 17:27:02,mlx5_5,9.171,0.012,90.490,57.771
2025-11-22 17:27:02,mlx5_6,0.000,0.000,0.000,0.000
2025-11-22 17:27:02,mlx5_7,0.000,0.000,0.000,0.000
2025-11-22 17:27:02,mlx5_8,9.593,0.012,92.423,61.099
2025-11-22 17:27:02,mlx5_9,0.000,0.000,0.000,0.000
2025-11-22 17:27:02,TOTAL,37.225,0.048,364.379,234.629
2025-11-22 17:27:03,mlx5_0,0.000,0.000,0.000,0.000
2025-11-22 17:27:03,mlx5_1,0.000,0.000,90.053,56.343
2025-11-22 17:27:03,mlx5_2,0.000,0.000,0.000,0.000
2025-11-22 17:27:03,mlx5_3,0.000,0.000,91.414,59.416
2025-11-22 17:27:03,mlx5_4,0.000,0.000,0.000,0.000
2025-11-22 17:27:03,mlx5_5,0.000,0.000,90.490,57.771
2025-11-22 17:27:03,mlx5_6,0.000,0.000,0.000,0.000
2025-11-22 17:27:03,mlx5_7,0.000,0.000,0.000,0.000
2025-11-22 17:27:03,mlx5_8,0.000,0.000,92.423,61.099
2025-11-22 17:27:03,mlx5_9,0.000,0.000,0.000,0.000
2025-11-22 17:27:03,TOTAL,0.000,0.000,364.379,234.629
2025-11-22 17:27:04,mlx5_0,0.000,0.000,0.000,0.000
2025-11-22 17:27:04,mlx5_1,9.253,0.012,91.215,56.344
2025-11-22 17:27:04,mlx5_2,0.000,0.000,0.000,0.000
2025-11-22 17:27:04,mlx5_3,9.304,0.012,92.582,59.418
2025-11-22 17:27:04,mlx5_4,0.000,0.000,0.000,0.000
2025-11-22 17:27:04,mlx5_5,9.365,0.012,91.666,57.773
2025-11-22 17:27:04,mlx5_6,0.000,0.000,0.000,0.000
2025-11-22 17:27:04,mlx5_7,0.000,0.000,0.000,0.000
2025-11-22 17:27:04,mlx5_8,9.307,0.012,93.592,61.101
2025-11-22 17:27:04,mlx5_9,0.000,0.000,0.000,0.000
2025-11-22 17:27:04,TOTAL,37.229,0.048,369.055,234.635
2025-11-22 17:27:05,mlx5_0,0.000,0.000,0.000,0.000
2025-11-22 17:27:05,mlx5_1,0.000,0.000,91.215,56.344
2025-11-22 17:27:05,mlx5_2,0.000,0.000,0.000,0.000
2025-11-22 17:27:05,mlx5_3,0.000,0.000,92.582,59.418
2025-11-22 17:27:05,mlx5_4,0.000,0.000,0.000,0.000
2025-11-22 17:27:05,mlx5_5,0.000,0.000,91.666,57.773
2025-11-22 17:27:05,mlx5_6,0.000,0.000,0.000,0.000
2025-11-22 17:27:05,mlx5_7,0.000,0.000,0.000,0.000
2025-11-22 17:27:05,mlx5_8,0.000,0.000,93.592,61.101
2025-11-22 17:27:05,mlx5_9,0.000,0.000,0.000,0.000
2025-11-22 17:27:05,TOTAL,0.000,0.000,369.055,234.635
2025-11-22 17:27:06,mlx5_0,0.000,0.000,0.000,0.000
2025-11-22 17:27:06,mlx5_1,0.000,0.000,91.215,56.344
2025-11-22 17:27:06,mlx5_2,0.000,0.000,0.000,0.000
2025-11-22 17:27:06,mlx5_3,0.000,0.000,92.582,59.418
2025-11-22 17:27:06,mlx5_4,0.000,0.000,0.000,0.000
2025-11-22 17:27:06,mlx5_5,0.000,0.000,91.666,57.773
2025-11-22 17:27:06,mlx5_6,0.000,0.000,0.000,0.000
2025-11-22 17:27:06,mlx5_7,0.000,0.000,0.000,0.000
2025-11-22 17:27:06,mlx5_8,0.000,0.000,93.592,61.101
2025-11-22 17:27:06,mlx5_9,0.000,0.000,0.000,0.000
2025-11-22 17:27:06,TOTAL,0.000,0.000,369.055,234.635
2025-11-22 17:27:07,mlx5_0,0.000,0.000,0.000,0.000
2025-11-22 17:27:07,mlx5_1,9.236,10.656,92.375,57.683
2025-11-22 17:27:07,mlx5_2,0.000,0.000,0.000,0.000
2025-11-22 17:27:07,mlx5_3,9.385,11.445,93.761,60.855
2025-11-22 17:27:07,mlx5_4,0.000,0.000,0.000,0.000
2025-11-22 17:27:07,mlx5_5,9.396,10.793,92.847,59.129
2025-11-22 17:27:07,mlx5_6,0.000,0.000,0.000,0.000
2025-11-22 17:27:07,mlx5_7,0.000,0.000,0.000,0.000
2025-11-22 17:27:07,mlx5_8,9.285,11.517,94.758,62.547
2025-11-22 17:27:07,mlx5_9,0.000,0.000,0.000,0.000
2025-11-22 17:27:07,TOTAL,37.303,44.411,373.741,240.214
2025-11-22 17:27:08,mlx5_0,0.000,0.000,0.000,0.000
2025-11-22 17:27:08,mlx5_1,7.722,0.010,93.345,57.684
2025-11-22 17:27:08,mlx5_2,0.000,0.000,0.000,0.000
2025-11-22 17:27:08,mlx5_3,8.017,0.010,94.768,60.857
2025-11-22 17:27:08,mlx5_4,0.000,0.000,0.000,0.000
2025-11-22 17:27:08,mlx5_5,7.967,0.010,93.848,59.130
2025-11-22 17:27:08,mlx5_6,0.000,0.000,0.000,0.000
2025-11-22 17:27:08,mlx5_7,0.000,0.000,0.000,0.000
2025-11-22 17:27:08,mlx5_8,8.110,0.010,95.777,62.549
2025-11-22 17:27:08,mlx5_9,0.000,0.000,0.000,0.000
2025-11-22 17:27:08,TOTAL,31.816,0.040,377.739,240.219
2025-11-22 17:27:09,mlx5_0,0.000,0.000,0.000,0.000
2025-11-22 17:27:09,mlx5_1,1.376,0.002,93.518,57.684
2025-11-22 17:27:09,mlx5_2,0.000,0.000,0.000,0.000
2025-11-22 17:27:09,mlx5_3,1.153,0.002,94.913,60.857
2025-11-22 17:27:09,mlx5_4,0.000,0.000,0.000,0.000
2025-11-22 17:27:09,mlx5_5,1.146,0.002,93.992,59.130
2025-11-22 17:27:09,mlx5_6,0.000,0.000,0.000,0.000
2025-11-22 17:27:09,mlx5_7,0.000,0.000,0.000,0.000
2025-11-22 17:27:09,mlx5_8,0.923,0.002,95.893,62.549
2025-11-22 17:27:09,mlx5_9,0.000,0.000,0.000,0.000
2025-11-22 17:27:09,TOTAL,4.599,0.008,378.317,240.220
2025-11-22 17:27:10,mlx5_0,0.000,0.000,0.000,0.000
2025-11-22 17:27:10,mlx5_1,9.280,0.012,94.684,57.686
2025-11-22 17:27:10,mlx5_2,0.000,0.000,0.000,0.000
2025-11-22 17:27:10,mlx5_3,9.127,0.012,96.060,60.858
2025-11-22 17:27:10,mlx5_4,0.000,0.000,0.000,0.000
2025-11-22 17:27:10,mlx5_5,9.403,0.012,95.173,59.132
2025-11-22 17:27:10,mlx5_6,0.000,0.000,0.000,0.000
2025-11-22 17:27:10,mlx5_7,0.000,0.000,0.000,0.000
2025-11-22 17:27:10,mlx5_8,9.407,0.012,97.075,62.550
2025-11-22 17:27:10,mlx5_9,0.000,0.000,0.000,0.000
2025-11-22 17:27:10,TOTAL,37.217,0.048,382.993,240.226
2025-11-22 17:27:11,mlx5_0,0.000,0.000,0.000,0.000
2025-11-22 17:27:11,mlx5_1,0.000,0.000,94.684,57.686
2025-11-22 17:27:11,mlx5_2,0.000,0.000,0.000,0.000
2025-11-22 17:27:11,mlx5_3,0.000,0.000,96.060,60.858
2025-11-22 17:27:11,mlx5_4,0.000,0.000,0.000,0.000
2025-11-22 17:27:11,mlx5_5,0.000,0.000,95.173,59.132
2025-11-22 17:27:11,mlx5_6,0.000,0.000,0.000,0.000
2025-11-22 17:27:11,mlx5_7,0.000,0.000,0.000,0.000
2025-11-22 17:27:11,mlx5_8,0.000,0.000,97.075,62.550
2025-11-22 17:27:11,mlx5_9,0.000,0.000,0.000,0.000
2025-11-22 17:27:11,TOTAL,0.000,0.000,382.993,240.226
2025-11-22 17:27:12,mlx5_0,0.000,0.000,0.000,0.000
2025-11-22 17:27:12,mlx5_1,9.068,0.012,95.823,57.687
2025-11-22 17:27:12,mlx5_2,0.000,0.000,0.000,0.000
2025-11-22 17:27:12,mlx5_3,9.334,0.012,97.233,60.860
2025-11-22 17:27:12,mlx5_4,0.000,0.000,0.000,0.000
2025-11-22 17:27:12,mlx5_5,9.304,0.012,96.342,59.133
2025-11-22 17:27:12,mlx5_6,0.000,0.000,0.000,0.000
2025-11-22 17:27:12,mlx5_7,0.000,0.000,0.000,0.000
2025-11-22 17:27:12,mlx5_8,9.518,0.013,98.271,62.552
2025-11-22 17:27:12,mlx5_9,0.000,0.000,0.000,0.000
2025-11-22 17:27:12,TOTAL,37.224,0.048,387.669,240.232
2025-11-22 17:27:13,mlx5_0,0.000,0.000,0.000,0.000
2025-11-22 17:27:13,mlx5_1,0.000,0.000,95.823,57.687
2025-11-22 17:27:13,mlx5_2,0.000,0.000,0.000,0.000
2025-11-22 17:27:13,mlx5_3,0.000,0.000,97.233,60.860
2025-11-22 17:27:13,mlx5_4,0.000,0.000,0.000,0.000
2025-11-22 17:27:13,mlx5_5,0.000,0.000,96.342,59.133
2025-11-22 17:27:13,mlx5_6,0.000,0.000,0.000,0.000
2025-11-22 17:27:13,mlx5_7,0.000,0.000,0.000,0.000
2025-11-22 17:27:13,mlx5_8,0.000,0.000,98.271,62.552
2025-11-22 17:27:13,mlx5_9,0.000,0.000,0.000,0.000
2025-11-22 17:27:13,TOTAL,0.000,0.000,387.669,240.232
2025-11-22 17:27:14,mlx5_0,0.000,0.000,0.000,0.000
2025-11-22 17:27:14,mlx5_1,9.231,0.012,96.983,57.689
2025-11-22 17:27:14,mlx5_2,0.000,0.000,0.000,0.000
2025-11-22 17:27:14,mlx5_3,9.347,0.012,98.407,60.861
2025-11-22 17:27:14,mlx5_4,0.000,0.000,0.000,0.000
2025-11-22 17:27:14,mlx5_5,9.263,0.012,97.505,59.135
2025-11-22 17:27:14,mlx5_6,0.000,0.000,0.000,0.000
2025-11-22 17:27:14,mlx5_7,0.000,0.000,0.000,0.000
2025-11-22 17:27:14,mlx5_8,9.385,0.012,99.450,62.553
2025-11-22 17:27:14,mlx5_9,0.000,0.000,0.000,0.000
2025-11-22 17:27:14,TOTAL,37.226,0.048,392.345,240.238
2025-11-22 17:27:15,mlx5_0,0.000,0.000,0.000,0.000
2025-11-22 17:27:15,mlx5_1,0.000,0.000,96.983,57.689
2025-11-22 17:27:15,mlx5_2,0.000,0.000,0.000,0.000
2025-11-22 17:27:15,mlx5_3,0.000,0.000,98.407,60.861
2025-11-22 17:27:15,mlx5_4,0.000,0.000,0.000,0.000
2025-11-22 17:27:15,mlx5_5,0.000,0.000,97.505,59.135
2025-11-22 17:27:15,mlx5_6,0.000,0.000,0.000,0.000
2025-11-22 17:27:15,mlx5_7,0.000,0.000,0.000,0.000
2025-11-22 17:27:15,mlx5_8,0.000,0.000,99.450,62.553
2025-11-22 17:27:15,mlx5_9,0.000,0.000,0.000,0.000
2025-11-22 17:27:15,TOTAL,0.000,0.000,392.345,240.238
2025-11-22 17:27:16,mlx5_0,0.000,0.000,0.000,0.000
2025-11-22 17:27:16,mlx5_1,0.000,0.000,96.983,57.689
2025-11-22 17:27:16,mlx5_2,0.000,0.000,0.000,0.000
2025-11-22 17:27:16,mlx5_3,0.000,0.000,98.407,60.861
2025-11-22 17:27:16,mlx5_4,0.000,0.000,0.000,0.000
2025-11-22 17:27:16,mlx5_5,0.000,0.000,97.505,59.135
2025-11-22 17:27:16,mlx5_6,0.000,0.000,0.000,0.000
2025-11-22 17:27:16,mlx5_7,0.000,0.000,0.000,0.000
2025-11-22 17:27:16,mlx5_8,0.000,0.000,99.450,62.553
2025-11-22 17:27:16,mlx5_9,0.000,0.000,0.000,0.000
2025-11-22 17:27:16,TOTAL,0.000,0.000,392.345,240.238
2025-11-22 17:27:17,mlx5_0,0.000,0.000,0.000,0.000
2025-11-22 17:27:17,mlx5_1,9.188,10.627,98.137,59.023
2025-11-22 17:27:17,mlx5_2,0.000,0.000,0.000,0.000
2025-11-22 17:27:17,mlx5_3,9.295,11.174,99.574,62.265
2025-11-22 17:27:17,mlx5_4,0.000,0.000,0.000,0.000
2025-11-22 17:27:17,mlx5_5,9.306,10.979,98.674,60.514
2025-11-22 17:27:17,mlx5_6,0.000,0.000,0.000,0.000
2025-11-22 17:27:17,mlx5_7,0.000,0.000,0.000,0.000
2025-11-22 17:27:17,mlx5_8,9.520,11.638,100.645,64.015
2025-11-22 17:27:17,mlx5_9,0.000,0.000,0.000,0.000
2025-11-22 17:27:17,TOTAL,37.309,44.417,397.031,245.817
2025-11-22 17:27:18,mlx5_0,0.000,0.000,0.000,0.000
2025-11-22 17:27:18,mlx5_1,0.000,0.000,98.137,59.023
2025-11-22 17:27:18,mlx5_2,0.000,0.000,0.000,0.000
2025-11-22 17:27:18,mlx5_3,0.000,0.000,99.574,62.265
2025-11-22 17:27:18,mlx5_4,0.000,0.000,0.000,0.000
2025-11-22 17:27:18,mlx5_5,0.000,0.000,98.674,60.514
2025-11-22 17:27:18,mlx5_6,0.000,0.000,0.000,0.000
2025-11-22 17:27:18,mlx5_7,0.000,0.000,0.000,0.000
2025-11-22 17:27:18,mlx5_8,0.000,0.000,100.645,64.015
2025-11-22 17:27:18,mlx5_9,0.000,0.000,0.000,0.000
2025-11-22 17:27:18,TOTAL,0.000,0.000,397.031,245.817
2025-11-22 17:27:19,mlx5_0,0.000,0.000,0.000,0.000
2025-11-22 17:27:19,mlx5_1,8.920,0.012,99.257,59.025
2025-11-22 17:27:19,mlx5_2,0.000,0.000,0.000,0.000
2025-11-22 17:27:19,mlx5_3,9.142,0.012,100.722,62.266
2025-11-22 17:27:19,mlx5_4,0.000,0.000,0.000,0.000
2025-11-22 17:27:19,mlx5_5,9.063,0.012,99.812,60.515
2025-11-22 17:27:19,mlx5_6,0.000,0.000,0.000,0.000
2025-11-22 17:27:19,mlx5_7,0.000,0.000,0.000,0.000
2025-11-22 17:27:19,mlx5_8,9.308,0.012,101.814,64.017
2025-11-22 17:27:19,mlx5_9,0.000,0.000,0.000,0.000
2025-11-22 17:27:19,TOTAL,36.433,0.048,401.606,245.823
2025-11-22 17:27:20,mlx5_0,0.000,0.000,0.000,0.000
2025-11-22 17:27:20,mlx5_1,6.200,0.008,100.036,59.026
2025-11-22 17:27:20,mlx5_2,0.000,0.000,0.000,0.000
2025-11-22 17:27:20,mlx5_3,6.199,0.008,101.501,62.267
2025-11-22 17:27:20,mlx5_4,0.000,0.000,0.000,0.000
2025-11-22 17:27:20,mlx5_5,6.184,0.008,100.589,60.516
2025-11-22 17:27:20,mlx5_6,0.000,0.000,0.000,0.000
2025-11-22 17:27:20,mlx5_7,0.000,0.000,0.000,0.000
2025-11-22 17:27:20,mlx5_8,6.398,0.008,102.618,64.018
2025-11-22 17:27:20,mlx5_9,0.000,0.000,0.000,0.000
2025-11-22 17:27:20,TOTAL,24.981,0.031,404.745,245.827
2025-11-22 17:27:21,mlx5_0,0.000,0.000,0.000,0.000
2025-11-22 17:27:21,mlx5_1,3.072,0.004,100.422,59.026
2025-11-22 17:27:21,mlx5_2,0.000,0.000,0.000,0.000
2025-11-22 17:27:21,mlx5_3,3.207,0.004,101.904,62.268
2025-11-22 17:27:21,mlx5_4,0.000,0.000,0.000,0.000
2025-11-22 17:27:21,mlx5_5,3.050,0.004,100.972,60.517
2025-11-22 17:27:21,mlx5_6,0.000,0.000,0.000,0.000
2025-11-22 17:27:21,mlx5_7,0.000,0.000,0.000,0.000
2025-11-22 17:27:21,mlx5_8,2.922,0.004,102.985,64.018
2025-11-22 17:27:21,mlx5_9,0.000,0.000,0.000,0.000
2025-11-22 17:27:21,TOTAL,12.251,0.017,406.283,245.829
2025-11-22 17:27:22,mlx5_0,0.000,0.000,0.000,0.000
2025-11-22 17:27:22,mlx5_1,9.383,0.012,101.601,59.028
2025-11-22 17:27:22,mlx5_2,0.000,0.000,0.000,0.000
2025-11-22 17:27:22,mlx5_3,9.166,0.011,103.056,62.269
2025-11-22 17:27:22,mlx5_4,0.000,0.000,0.000,0.000
2025-11-22 17:27:22,mlx5_5,9.252,0.012,102.135,60.518
2025-11-22 17:27:22,mlx5_6,0.000,0.000,0.000,0.000
2025-11-22 17:27:22,mlx5_7,0.000,0.000,0.000,0.000
2025-11-22 17:27:22,mlx5_8,9.413,0.012,104.168,64.020
2025-11-22 17:27:22,mlx5_9,0.000,0.000,0.000,0.000
2025-11-22 17:27:22,TOTAL,37.214,0.047,410.959,245.835
2025-11-22 17:27:23,mlx5_0,0.000,0.000,0.000,0.000
2025-11-22 17:27:23,mlx5_1,0.000,0.000,101.601,59.028
2025-11-22 17:27:23,mlx5_2,0.000,0.000,0.000,0.000
2025-11-22 17:27:23,mlx5_3,0.000,0.000,103.056,62.269
2025-11-22 17:27:23,mlx5_4,0.000,0.000,0.000,0.000
2025-11-22 17:27:23,mlx5_5,0.000,0.000,102.135,60.518
2025-11-22 17:27:23,mlx5_6,0.000,0.000,0.000,0.000
2025-11-22 17:27:23,mlx5_7,0.000,0.000,0.000,0.000
2025-11-22 17:27:23,mlx5_8,0.000,0.000,104.168,64.020
2025-11-22 17:27:23,mlx5_9,0.000,0.000,0.000,0.000
2025-11-22 17:27:23,TOTAL,0.000,0.000,410.959,245.835
2025-11-22 17:27:24,mlx5_0,0.000,0.000,0.000,0.000
2025-11-22 17:27:24,mlx5_1,0.000,0.000,101.601,59.028
2025-11-22 17:27:24,mlx5_2,0.000,0.000,0.000,0.000
2025-11-22 17:27:24,mlx5_3,0.000,0.000,103.056,62.269
2025-11-22 17:27:24,mlx5_4,0.000,0.000,0.000,0.000
2025-11-22 17:27:24,mlx5_5,0.000,0.000,102.135,60.518
2025-11-22 17:27:24,mlx5_6,0.000,0.000,0.000,0.000
2025-11-22 17:27:24,mlx5_7,0.000,0.000,0.000,0.000
2025-11-22 17:27:24,mlx5_8,0.000,0.000,104.168,64.020
2025-11-22 17:27:24,mlx5_9,0.000,0.000,0.000,0.000
2025-11-22 17:27:24,TOTAL,0.000,0.000,410.959,245.835
2025-11-22 17:27:25,mlx5_0,0.000,0.000,0.000,0.000
2025-11-22 17:27:25,mlx5_1,9.142,10.197,102.749,60.309
2025-11-22 17:27:25,mlx5_2,0.000,0.000,0.000,0.000
2025-11-22 17:27:25,mlx5_3,9.525,11.383,104.252,63.699
2025-11-22 17:27:25,mlx5_4,0.000,0.000,0.000,0.000
2025-11-22 17:27:25,mlx5_5,9.036,10.855,103.270,61.882
2025-11-22 17:27:25,mlx5_6,0.000,0.000,0.000,0.000
2025-11-22 17:27:25,mlx5_7,0.000,0.000,0.000,0.000
2025-11-22 17:27:25,mlx5_8,9.604,11.979,105.374,65.524
2025-11-22 17:27:25,mlx5_9,0.000,0.000,0.000,0.000
2025-11-22 17:27:25,TOTAL,37.306,44.414,415.646,251.414
2025-11-22 17:27:26,mlx5_0,0.000,0.000,0.000,0.000
2025-11-22 17:27:26,mlx5_1,0.000,0.000,102.749,60.309
2025-11-22 17:27:26,mlx5_2,0.000,0.000,0.000,0.000
2025-11-22 17:27:26,mlx5_3,0.000,0.000,104.252,63.699
2025-11-22 17:27:26,mlx5_4,0.000,0.000,0.000,0.000
2025-11-22 17:27:26,mlx5_5,0.000,0.000,103.270,61.882
2025-11-22 17:27:26,mlx5_6,0.000,0.000,0.000,0.000
2025-11-22 17:27:26,mlx5_7,0.000,0.000,0.000,0.000
2025-11-22 17:27:26,mlx5_8,0.000,0.000,105.374,65.524
2025-11-22 17:27:26,mlx5_9,0.000,0.000,0.000,0.000
2025-11-22 17:27:26,TOTAL,0.000,0.000,415.646,251.414
2025-11-22 17:27:27,mlx5_0,0.000,0.000,0.000,0.000
2025-11-22 17:27:27,mlx5_1,9.764,0.013,103.976,60.310
2025-11-22 17:27:27,mlx5_2,0.000,0.000,0.000,0.000
2025-11-22 17:27:27,mlx5_3,9.718,0.012,105.473,63.701
2025-11-22 17:27:27,mlx5_4,0.000,0.000,0.000,0.000
2025-11-22 17:27:27,mlx5_5,9.460,0.012,104.458,61.883
2025-11-22 17:27:27,mlx5_6,0.000,0.000,0.000,0.000
2025-11-22 17:27:27,mlx5_7,0.000,0.000,0.000,0.000
2025-11-22 17:27:27,mlx5_8,9.802,0.013,106.606,65.526
2025-11-22 17:27:27,mlx5_9,0.000,0.000,0.000,0.000
2025-11-22 17:27:27,TOTAL,38.744,0.051,420.513,251.420
2025-11-22 17:27:28,mlx5_0,0.000,0.000,0.000,0.000
2025-11-22 17:27:28,mlx5_1,0.000,0.000,103.976,60.310
2025-11-22 17:27:28,mlx5_2,0.000,0.000,0.000,0.000
2025-11-22 17:27:28,mlx5_3,0.000,0.000,105.473,63.701
2025-11-22 17:27:28,mlx5_4,0.000,0.000,0.000,0.000
2025-11-22 17:27:28,mlx5_5,0.000,0.000,104.458,61.883
2025-11-22 17:27:28,mlx5_6,0.000,0.000,0.000,0.000
2025-11-22 17:27:28,mlx5_7,0.000,0.000,0.000,0.000
2025-11-22 17:27:28,mlx5_8,0.000,0.000,106.606,65.526
2025-11-22 17:27:28,mlx5_9,0.000,0.000,0.000,0.000
2025-11-22 17:27:28,TOTAL,0.000,0.000,420.513,251.420
2025-11-22 17:27:29,mlx5_0,0.000,0.000,0.000,0.000
2025-11-22 17:27:29,mlx5_1,9.090,0.012,105.117,60.312
2025-11-22 17:27:29,mlx5_2,0.000,0.000,0.000,0.000
2025-11-22 17:27:29,mlx5_3,9.418,0.012,106.655,63.702
2025-11-22 17:27:29,mlx5_4,0.000,0.000,0.000,0.000
2025-11-22 17:27:29,mlx5_5,9.175,0.012,105.610,61.885
2025-11-22 17:27:29,mlx5_6,0.000,0.000,0.000,0.000
2025-11-22 17:27:29,mlx5_7,0.000,0.000,0.000,0.000
2025-11-22 17:27:29,mlx5_8,9.571,0.012,107.807,65.528
2025-11-22 17:27:29,mlx5_9,0.000,0.000,0.000,0.000
2025-11-22 17:27:29,TOTAL,37.254,0.048,425.189,251.426
2025-11-22 17:27:30,mlx5_0,0.000,0.000,0.000,0.000
2025-11-22 17:27:30,mlx5_1,9.311,0.012,106.287,60.313
2025-11-22 17:27:30,mlx5_2,0.000,0.000,0.000,0.000
2025-11-22 17:27:30,mlx5_3,9.285,0.012,107.822,63.704
2025-11-22 17:27:30,mlx5_4,0.000,0.000,0.000,0.000
2025-11-22 17:27:30,mlx5_5,9.292,0.012,106.778,61.886
2025-11-22 17:27:30,mlx5_6,0.000,0.000,0.000,0.000
2025-11-22 17:27:30,mlx5_7,0.000,0.000,0.000,0.000
2025-11-22 17:27:30,mlx5_8,9.328,0.012,108.979,65.529
2025-11-22 17:27:30,mlx5_9,0.000,0.000,0.000,0.000
2025-11-22 17:27:30,TOTAL,37.215,0.047,429.865,251.432
2025-11-22 17:27:31,mlx5_0,0.000,0.000,0.000,0.000
2025-11-22 17:27:31,mlx5_1,0.000,0.000,106.287,60.313
2025-11-22 17:27:31,mlx5_2,0.000,0.000,0.000,0.000
2025-11-22 17:27:31,mlx5_3,0.000,0.000,107.822,63.704
2025-11-22 17:27:31,mlx5_4,0.000,0.000,0.000,0.000
2025-11-22 17:27:31,mlx5_5,0.000,0.000,106.778,61.886
2025-11-22 17:27:31,mlx5_6,0.000,0.000,0.000,0.000
2025-11-22 17:27:31,mlx5_7,0.000,0.000,0.000,0.000
2025-11-22 17:27:31,mlx5_8,0.000,0.000,108.979,65.529
2025-11-22 17:27:31,mlx5_9,0.000,0.000,0.000,0.000
2025-11-22 17:27:31,TOTAL,0.000,0.000,429.865,251.432
2025-11-22 17:27:32,mlx5_0,0.000,0.000,0.000,0.000
2025-11-22 17:27:32,mlx5_1,9.169,0.012,107.439,60.315
2025-11-22 17:27:32,mlx5_2,0.000,0.000,0.000,0.000
2025-11-22 17:27:32,mlx5_3,9.224,0.012,108.981,63.705
2025-11-22 17:27:32,mlx5_4,0.000,0.000,0.000,0.000
2025-11-22 17:27:32,mlx5_5,9.335,0.012,107.950,61.888
2025-11-22 17:27:32,mlx5_6,0.000,0.000,0.000,0.000
2025-11-22 17:27:32,mlx5_7,0.000,0.000,0.000,0.000
2025-11-22 17:27:32,mlx5_8,9.493,0.012,110.172,65.531
2025-11-22 17:27:32,mlx5_9,0.000,0.000,0.000,0.000
2025-11-22 17:27:32,TOTAL,37.222,0.048,434.541,251.438
2025-11-22 17:27:33,mlx5_0,0.000,0.000,0.000,0.000
2025-11-22 17:27:33,mlx5_1,0.000,0.000,107.439,60.315
2025-11-22 17:27:33,mlx5_2,0.000,0.000,0.000,0.000
2025-11-22 17:27:33,mlx5_3,0.000,0.000,108.981,63.705
2025-11-22 17:27:33,mlx5_4,0.000,0.000,0.000,0.000
2025-11-22 17:27:33,mlx5_5,0.000,0.000,107.950,61.888
2025-11-22 17:27:33,mlx5_6,0.000,0.000,0.000,0.000
2025-11-22 17:27:33,mlx5_7,0.000,0.000,0.000,0.000
2025-11-22 17:27:33,mlx5_8,0.000,0.000,110.172,65.531
2025-11-22 17:27:33,mlx5_9,0.000,0.000,0.000,0.000
2025-11-22 17:27:33,TOTAL,0.000,0.000,434.541,251.438
2025-11-22 17:27:34,mlx5_0,0.000,0.000,0.000,0.000
2025-11-22 17:27:34,mlx5_1,0.000,0.000,107.439,60.315
2025-11-22 17:27:34,mlx5_2,0.000,0.000,0.000,0.000
2025-11-22 17:27:34,mlx5_3,0.000,0.000,108.981,63.705
2025-11-22 17:27:34,mlx5_4,0.000,0.000,0.000,0.000
2025-11-22 17:27:34,mlx5_5,0.000,0.000,107.950,61.888
2025-11-22 17:27:34,mlx5_6,0.000,0.000,0.000,0.000
2025-11-22 17:27:34,mlx5_7,0.000,0.000,0.000,0.000
2025-11-22 17:27:34,mlx5_8,0.000,0.000,110.172,65.531
2025-11-22 17:27:34,mlx5_9,0.000,0.000,0.000,0.000
2025-11-22 17:27:34,TOTAL,0.000,0.000,434.541,251.438
2025-11-22 17:27:35,mlx5_0,0.000,0.000,0.000,0.000
2025-11-22 17:27:35,mlx5_1,9.196,10.715,108.594,61.661
2025-11-22 17:27:35,mlx5_2,0.000,0.000,0.000,0.000
2025-11-22 17:27:35,mlx5_3,9.271,11.291,110.146,65.124
2025-11-22 17:27:35,mlx5_4,0.000,0.000,0.000,0.000
2025-11-22 17:27:35,mlx5_5,9.353,10.909,109.125,63.258
2025-11-22 17:27:35,mlx5_6,0.000,0.000,0.000,0.000
2025-11-22 17:27:35,mlx5_7,0.000,0.000,0.000,0.000
2025-11-22 17:27:35,mlx5_8,9.477,11.488,111.362,66.974
2025-11-22 17:27:35,mlx5_9,0.000,0.000,0.000,0.000
2025-11-22 17:27:35,TOTAL,37.297,44.402,439.227,257.017
2025-11-22 17:27:36,mlx5_0,0.000,0.000,0.000,0.000
2025-11-22 17:27:36,mlx5_1,0.000,0.000,108.594,61.661
2025-11-22 17:27:36,mlx5_2,0.000,0.000,0.000,0.000
2025-11-22 17:27:36,mlx5_3,0.000,0.000,110.146,65.124
2025-11-22 17:27:36,mlx5_4,0.000,0.000,0.000,0.000
2025-11-22 17:27:36,mlx5_5,0.000,0.000,109.125,63.258
2025-11-22 17:27:36,mlx5_6,0.000,0.000,0.000,0.000
2025-11-22 17:27:36,mlx5_7,0.000,0.000,0.000,0.000
2025-11-22 17:27:36,mlx5_8,0.000,0.000,111.362,66.974
2025-11-22 17:27:36,mlx5_9,0.000,0.000,0.000,0.000
2025-11-22 17:27:36,TOTAL,0.000,0.000,439.227,257.017
2025-11-22 17:27:37,mlx5_0,0.000,0.000,0.000,0.000
2025-11-22 17:27:37,mlx5_1,8.900,0.012,109.712,61.663
2025-11-22 17:27:37,mlx5_2,0.000,0.000,0.000,0.000
2025-11-22 17:27:37,mlx5_3,8.906,0.012,111.264,65.125
2025-11-22 17:27:37,mlx5_4,0.000,0.000,0.000,0.000
2025-11-22 17:27:37,mlx5_5,9.184,0.012,110.279,63.260
2025-11-22 17:27:37,mlx5_6,0.000,0.000,0.000,0.000
2025-11-22 17:27:37,mlx5_7,0.000,0.000,0.000,0.000
2025-11-22 17:27:37,mlx5_8,9.431,0.012,112.547,66.975
2025-11-22 17:27:37,mlx5_9,0.000,0.000,0.000,0.000
2025-11-22 17:27:37,TOTAL,36.420,0.047,443.803,257.023
2025-11-22 17:27:38,mlx5_0,0.000,0.000,0.000,0.000
2025-11-22 17:27:38,mlx5_1,0.000,0.000,109.712,61.663
2025-11-22 17:27:38,mlx5_2,0.000,0.000,0.000,0.000
2025-11-22 17:27:38,mlx5_3,0.000,0.000,111.264,65.125
2025-11-22 17:27:38,mlx5_4,0.000,0.000,0.000,0.000
2025-11-22 17:27:38,mlx5_5,0.000,0.000,110.279,63.260
2025-11-22 17:27:38,mlx5_6,0.000,0.000,0.000,0.000
2025-11-22 17:27:38,mlx5_7,0.000,0.000,0.000,0.000
2025-11-22 17:27:38,mlx5_8,0.000,0.000,112.547,66.975
2025-11-22 17:27:38,mlx5_9,0.000,0.000,0.000,0.000
2025-11-22 17:27:38,TOTAL,0.000,0.000,443.803,257.023
2025-11-22 17:27:39,mlx5_0,0.000,0.000,0.000,0.000
2025-11-22 17:27:39,mlx5_1,9.311,0.012,110.882,61.664
2025-11-22 17:27:39,mlx5_2,0.000,0.000,0.000,0.000
2025-11-22 17:27:39,mlx5_3,9.251,0.012,112.426,65.127
2025-11-22 17:27:39,mlx5_4,0.000,0.000,0.000,0.000
2025-11-22 17:27:39,mlx5_5,9.295,0.012,111.447,63.261
2025-11-22 17:27:39,mlx5_6,0.000,0.000,0.000,0.000
2025-11-22 17:27:39,mlx5_7,0.000,0.000,0.000,0.000
2025-11-22 17:27:39,mlx5_8,9.366,0.012,113.724,66.977
2025-11-22 17:27:39,mlx5_9,0.000,0.000,0.000,0.000
2025-11-22 17:27:39,TOTAL,37.223,0.048,448.479,257.029
2025-11-22 17:27:40,mlx5_0,0.000,0.000,0.000,0.000
2025-11-22 17:27:40,mlx5_1,9.149,0.012,112.031,61.666
2025-11-22 17:27:40,mlx5_2,0.000,0.000,0.000,0.000
2025-11-22 17:27:40,mlx5_3,9.379,0.012,113.605,65.128
2025-11-22 17:27:40,mlx5_4,0.000,0.000,0.000,0.000
2025-11-22 17:27:40,mlx5_5,9.100,0.012,112.590,63.263
2025-11-22 17:27:40,mlx5_6,0.000,0.000,0.000,0.000
2025-11-22 17:27:40,mlx5_7,0.000,0.000,0.000,0.000
2025-11-22 17:27:40,mlx5_8,9.589,0.012,114.929,66.979
2025-11-22 17:27:40,mlx5_9,0.000,0.000,0.000,0.000
2025-11-22 17:27:40,TOTAL,37.216,0.048,453.154,257.035
2025-11-22 17:27:41,mlx5_0,0.000,0.000,0.000,0.000
2025-11-22 17:27:41,mlx5_1,0.000,0.000,112.031,61.666
2025-11-22 17:27:41,mlx5_2,0.000,0.000,0.000,0.000
2025-11-22 17:27:41,mlx5_3,0.000,0.000,113.605,65.128
2025-11-22 17:27:41,mlx5_4,0.000,0.000,0.000,0.000
2025-11-22 17:27:41,mlx5_5,0.000,0.000,112.590,63.263
2025-11-22 17:27:41,mlx5_6,0.000,0.000,0.000,0.000
2025-11-22 17:27:41,mlx5_7,0.000,0.000,0.000,0.000
2025-11-22 17:27:41,mlx5_8,0.000,0.000,114.929,66.979
2025-11-22 17:27:41,mlx5_9,0.000,0.000,0.000,0.000
2025-11-22 17:27:41,TOTAL,0.000,0.000,453.154,257.035
2025-11-22 17:27:42,mlx5_0,0.000,0.000,0.000,0.000
2025-11-22 17:27:42,mlx5_1,9.088,0.012,113.173,61.667
2025-11-22 17:27:42,mlx5_2,0.000,0.000,0.000,0.000
2025-11-22 17:27:42,mlx5_3,9.496,0.012,114.798,65.130
2025-11-22 17:27:42,mlx5_4,0.000,0.000,0.000,0.000
2025-11-22 17:27:42,mlx5_5,9.256,0.012,113.753,63.264
2025-11-22 17:27:42,mlx5_6,0.000,0.000,0.000,0.000
2025-11-22 17:27:42,mlx5_7,0.000,0.000,0.000,0.000
2025-11-22 17:27:42,mlx5_8,9.388,0.012,116.108,66.980
2025-11-22 17:27:42,mlx5_9,0.000,0.000,0.000,0.000
2025-11-22 17:27:42,TOTAL,37.228,0.047,457.830,257.041
2025-11-22 17:27:43,mlx5_0,0.000,0.000,0.000,0.000
2025-11-22 17:27:43,mlx5_1,0.000,0.000,113.173,61.667
2025-11-22 17:27:43,mlx5_2,0.000,0.000,0.000,0.000
2025-11-22 17:27:43,mlx5_3,0.000,0.000,114.798,65.130
2025-11-22 17:27:43,mlx5_4,0.000,0.000,0.000,0.000
2025-11-22 17:27:43,mlx5_5,0.000,0.000,113.753,63.264
2025-11-22 17:27:43,mlx5_6,0.000,0.000,0.000,0.000
2025-11-22 17:27:43,mlx5_7,0.000,0.000,0.000,0.000
2025-11-22 17:27:43,mlx5_8,0.000,0.000,116.108,66.980
2025-11-22 17:27:43,mlx5_9,0.000,0.000,0.000,0.000
2025-11-22 17:27:43,TOTAL,0.000,0.000,457.830,257.041
2025-11-22 17:27:44,mlx5_0,0.000,0.000,0.000,0.000
2025-11-22 17:27:44,mlx5_1,0.000,0.000,113.173,61.667
2025-11-22 17:27:44,mlx5_2,0.000,0.000,0.000,0.000
2025-11-22 17:27:44,mlx5_3,0.000,0.000,114.798,65.130
2025-11-22 17:27:44,mlx5_4,0.000,0.000,0.000,0.000
2025-11-22 17:27:44,mlx5_5,0.000,0.000,113.753,63.264
2025-11-22 17:27:44,mlx5_6,0.000,0.000,0.000,0.000
2025-11-22 17:27:44,mlx5_7,0.000,0.000,0.000,0.000
2025-11-22 17:27:44,mlx5_8,0.000,0.000,116.108,66.980
2025-11-22 17:27:44,mlx5_9,0.000,0.000,0.000,0.000
2025-11-22 17:27:44,TOTAL,0.000,0.000,457.830,257.041
2025-11-22 17:27:45,mlx5_0,0.000,0.000,0.000,0.000
2025-11-22 17:27:45,mlx5_1,9.208,10.937,114.329,63.041
2025-11-22 17:27:45,mlx5_2,0.000,0.000,0.000,0.000
2025-11-22 17:27:45,mlx5_3,9.314,10.983,115.967,66.509
2025-11-22 17:27:45,mlx5_4,0.000,0.000,0.000,0.000
2025-11-22 17:27:45,mlx5_5,9.315,11.004,114.923,64.646
2025-11-22 17:27:45,mlx5_6,0.000,0.000,0.000,0.000
2025-11-22 17:27:45,mlx5_7,0.000,0.000,0.000,0.000
2025-11-22 17:27:45,mlx5_8,9.467,11.492,117.297,68.424
2025-11-22 17:27:45,mlx5_9,0.000,0.000,0.000,0.000
2025-11-22 17:27:45,TOTAL,37.304,44.416,462.516,262.620
2025-11-22 17:27:46,mlx5_0,0.000,0.000,0.000,0.000
2025-11-22 17:27:46,mlx5_1,0.000,0.000,114.329,63.041
2025-11-22 17:27:46,mlx5_2,0.000,0.000,0.000,0.000
2025-11-22 17:27:46,mlx5_3,0.000,0.000,115.967,66.509
2025-11-22 17:27:46,mlx5_4,0.000,0.000,0.000,0.000
2025-11-22 17:27:46,mlx5_5,0.000,0.000,114.923,64.646
2025-11-22 17:27:46,mlx5_6,0.000,0.000,0.000,0.000
2025-11-22 17:27:46,mlx5_7,0.000,0.000,0.000,0.000
2025-11-22 17:27:46,mlx5_8,0.000,0.000,117.297,68.424
2025-11-22 17:27:46,mlx5_9,0.000,0.000,0.000,0.000
2025-11-22 17:27:46,TOTAL,0.000,0.000,462.516,262.620
2025-11-22 17:27:47,mlx5_0,0.000,0.000,0.000,0.000
2025-11-22 17:27:47,mlx5_1,8.797,0.012,115.434,63.042
2025-11-22 17:27:47,mlx5_2,0.000,0.000,0.000,0.000
2025-11-22 17:27:47,mlx5_3,9.416,0.012,117.150,66.511
2025-11-22 17:27:47,mlx5_4,0.000,0.000,0.000,0.000
2025-11-22 17:27:47,mlx5_5,9.237,0.012,116.083,64.648
2025-11-22 17:27:47,mlx5_6,0.000,0.000,0.000,0.000
2025-11-22 17:27:47,mlx5_7,0.000,0.000,0.000,0.000
2025-11-22 17:27:47,mlx5_8,8.974,0.012,118.424,68.425
2025-11-22 17:27:47,mlx5_9,0.000,0.000,0.000,0.000
2025-11-22 17:27:47,TOTAL,36.424,0.048,467.092,262.626
2025-11-22 17:27:48,mlx5_0,0.000,0.000,0.000,0.000
2025-11-22 17:27:48,mlx5_1,0.000,0.000,115.434,63.042
2025-11-22 17:27:48,mlx5_2,0.000,0.000,0.000,0.000
2025-11-22 17:27:48,mlx5_3,0.000,0.000,117.150,66.511
2025-11-22 17:27:48,mlx5_4,0.000,0.000,0.000,0.000
2025-11-22 17:27:48,mlx5_5,0.000,0.000,116.083,64.648
2025-11-22 17:27:48,mlx5_6,0.000,0.000,0.000,0.000
2025-11-22 17:27:48,mlx5_7,0.000,0.000,0.000,0.000
2025-11-22 17:27:48,mlx5_8,0.000,0.000,118.424,68.425
2025-11-22 17:27:48,mlx5_9,0.000,0.000,0.000,0.000
2025-11-22 17:27:48,TOTAL,0.000,0.000,467.092,262.626
2025-11-22 17:27:49,mlx5_0,0.000,0.000,0.000,0.000
2025-11-22 17:27:49,mlx5_1,9.247,0.012,116.596,63.044
2025-11-22 17:27:49,mlx5_2,0.000,0.000,0.000,0.000
2025-11-22 17:27:49,mlx5_3,9.314,0.012,118.320,66.512
2025-11-22 17:27:49,mlx5_4,0.000,0.000,0.000,0.000
2025-11-22 17:27:49,mlx5_5,9.208,0.012,117.240,64.649
2025-11-22 17:27:49,mlx5_6,0.000,0.000,0.000,0.000
2025-11-22 17:27:49,mlx5_7,0.000,0.000,0.000,0.000
2025-11-22 17:27:49,mlx5_8,9.455,0.012,119.612,68.427
2025-11-22 17:27:49,mlx5_9,0.000,0.000,0.000,0.000
2025-11-22 17:27:49,TOTAL,37.224,0.048,471.768,262.632
2025-11-22 17:27:50,mlx5_0,0.000,0.000,0.000,0.000
2025-11-22 17:27:50,mlx5_1,0.186,0.001,116.619,63.044
2025-11-22 17:27:50,mlx5_2,0.000,0.000,0.000,0.000
2025-11-22 17:27:50,mlx5_3,0.204,0.000,118.346,66.512
2025-11-22 17:27:50,mlx5_4,0.000,0.000,0.000,0.000
2025-11-22 17:27:50,mlx5_5,0.185,0.001,117.263,64.649
2025-11-22 17:27:50,mlx5_6,0.000,0.000,0.000,0.000
2025-11-22 17:27:50,mlx5_7,0.000,0.000,0.000,0.000
2025-11-22 17:27:50,mlx5_8,0.219,0.001,119.639,68.427
2025-11-22 17:27:50,mlx5_9,0.000,0.000,0.000,0.000
2025-11-22 17:27:50,TOTAL,0.794,0.002,471.867,262.632
2025-11-22 17:27:51,mlx5_0,0.000,0.000,0.000,0.000
2025-11-22 17:27:51,mlx5_1,8.925,0.011,117.741,63.045
2025-11-22 17:27:51,mlx5_2,0.000,0.000,0.000,0.000
2025-11-22 17:27:51,mlx5_3,9.274,0.012,119.511,66.514
2025-11-22 17:27:51,mlx5_4,0.000,0.000,0.000,0.000
2025-11-22 17:27:51,mlx5_5,8.894,0.011,118.380,64.651
2025-11-22 17:27:51,mlx5_6,0.000,0.000,0.000,0.000
2025-11-22 17:27:51,mlx5_7,0.000,0.000,0.000,0.000
2025-11-22 17:27:51,mlx5_8,9.328,0.012,120.812,68.428
2025-11-22 17:27:51,mlx5_9,0.000,0.000,0.000,0.000
2025-11-22 17:27:51,TOTAL,36.421,0.046,476.444,262.638
2025-11-22 17:27:52,mlx5_0,0.000,0.000,0.000,0.000
2025-11-22 17:27:52,mlx5_1,0.000,0.000,117.741,63.045
2025-11-22 17:27:52,mlx5_2,0.000,0.000,0.000,0.000
2025-11-22 17:27:52,mlx5_3,0.000,0.000,119.511,66.514
2025-11-22 17:27:52,mlx5_4,0.000,0.000,0.000,0.000
2025-11-22 17:27:52,mlx5_5,0.056,0.000,118.387,64.651
2025-11-22 17:27:52,mlx5_6,0.000,0.000,0.000,0.000
2025-11-22 17:27:52,mlx5_7,0.000,0.000,0.000,0.000
2025-11-22 17:27:52,mlx5_8,0.214,0.000,120.838,68.428
2025-11-22 17:27:52,mlx5_9,0.000,0.000,0.000,0.000
2025-11-22 17:27:52,TOTAL,0.270,0.001,476.478,262.638
2025-11-22 17:27:53,mlx5_0,0.000,0.000,0.000,0.000
2025-11-22 17:27:53,mlx5_1,9.078,0.012,118.882,63.047
2025-11-22 17:27:53,mlx5_2,0.000,0.000,0.000,0.000
2025-11-22 17:27:53,mlx5_3,9.318,0.012,120.683,66.515
2025-11-22 17:27:53,mlx5_4,0.000,0.000,0.000,0.000
2025-11-22 17:27:53,mlx5_5,9.257,0.012,119.551,64.652
2025-11-22 17:27:53,mlx5_6,0.000,0.000,0.000,0.000
2025-11-22 17:27:53,mlx5_7,0.000,0.000,0.000,0.000
2025-11-22 17:27:53,mlx5_8,9.271,0.012,122.004,68.430
2025-11-22 17:27:53,mlx5_9,0.000,0.000,0.000,0.000
2025-11-22 17:27:53,TOTAL,36.924,0.047,481.120,262.644
2025-11-22 17:27:54,mlx5_0,0.000,0.000,0.000,0.000
2025-11-22 17:27:54,mlx5_1,0.000,0.000,118.882,63.047
2025-11-22 17:27:54,mlx5_2,0.000,0.000,0.000,0.000
2025-11-22 17:27:54,mlx5_3,0.000,0.000,120.683,66.515
2025-11-22 17:27:54,mlx5_4,0.000,0.000,0.000,0.000
2025-11-22 17:27:54,mlx5_5,0.000,0.000,119.551,64.652
2025-11-22 17:27:54,mlx5_6,0.000,0.000,0.000,0.000
2025-11-22 17:27:54,mlx5_7,0.000,0.000,0.000,0.000
2025-11-22 17:27:54,mlx5_8,0.000,0.000,122.004,68.430
2025-11-22 17:27:54,mlx5_9,0.000,0.000,0.000,0.000
2025-11-22 17:27:54,TOTAL,0.000,0.000,481.120,262.644
2025-11-22 17:27:55,mlx5_0,0.000,0.000,0.000,0.000
2025-11-22 17:27:55,mlx5_1,9.264,10.486,120.046,64.364
2025-11-22 17:27:55,mlx5_2,0.000,0.000,0.000,0.000
2025-11-22 17:27:55,mlx5_3,9.274,11.270,121.848,67.931
2025-11-22 17:27:55,mlx5_4,0.000,0.000,0.000,0.000
2025-11-22 17:27:55,mlx5_5,9.420,11.054,120.735,66.041
2025-11-22 17:27:55,mlx5_6,0.000,0.000,0.000,0.000
2025-11-22 17:27:55,mlx5_7,0.000,0.000,0.000,0.000
2025-11-22 17:27:55,mlx5_8,9.346,11.602,123.178,69.887
2025-11-22 17:27:55,mlx5_9,0.000,0.000,0.000,0.000
2025-11-22 17:27:55,TOTAL,37.304,44.412,485.806,268.223
2025-11-22 17:27:56,mlx5_0,0.000,0.000,0.000,0.000
2025-11-22 17:27:56,mlx5_1,0.000,0.000,120.046,64.364
2025-11-22 17:27:56,mlx5_2,0.000,0.000,0.000,0.000
2025-11-22 17:27:56,mlx5_3,0.000,0.000,121.848,67.931
2025-11-22 17:27:56,mlx5_4,0.000,0.000,0.000,0.000
2025-11-22 17:27:56,mlx5_5,0.000,0.000,120.735,66.041
2025-11-22 17:27:56,mlx5_6,0.000,0.000,0.000,0.000
2025-11-22 17:27:56,mlx5_7,0.000,0.000,0.000,0.000
2025-11-22 17:27:56,mlx5_8,0.000,0.000,123.178,69.887
2025-11-22 17:27:56,mlx5_9,0.000,0.000,0.000,0.000
2025-11-22 17:27:56,TOTAL,0.000,0.000,485.806,268.223
2025-11-22 17:27:57,mlx5_0,0.000,0.000,0.000,0.000
2025-11-22 17:27:57,mlx5_1,9.534,0.013,121.243,64.366
2025-11-22 17:27:57,mlx5_2,0.000,0.000,0.000,0.000
2025-11-22 17:27:57,mlx5_3,9.668,0.013,123.062,67.932
2025-11-22 17:27:57,mlx5_4,0.000,0.000,0.000,0.000
2025-11-22 17:27:57,mlx5_5,9.642,0.013,121.946,66.042
2025-11-22 17:27:57,mlx5_6,0.000,0.000,0.000,0.000
2025-11-22 17:27:57,mlx5_7,0.000,0.000,0.000,0.000
2025-11-22 17:27:57,mlx5_8,9.912,0.013,124.423,69.889
2025-11-22 17:27:57,mlx5_9,0.000,0.000,0.000,0.000
2025-11-22 17:27:57,TOTAL,38.755,0.050,490.674,268.229
2025-11-22 17:27:58,mlx5_0,0.000,0.000,0.000,0.000
2025-11-22 17:27:58,mlx5_1,0.000,0.000,121.243,64.366
2025-11-22 17:27:58,mlx5_2,0.000,0.000,0.000,0.000
2025-11-22 17:27:58,mlx5_3,0.000,0.000,123.062,67.932
2025-11-22 17:27:58,mlx5_4,0.000,0.000,0.000,0.000
2025-11-22 17:27:58,mlx5_5,0.000,0.000,121.946,66.042
2025-11-22 17:27:58,mlx5_6,0.000,0.000,0.000,0.000
2025-11-22 17:27:58,mlx5_7,0.000,0.000,0.000,0.000
2025-11-22 17:27:58,mlx5_8,0.000,0.000,124.423,69.889
2025-11-22 17:27:58,mlx5_9,0.000,0.000,0.000,0.000
2025-11-22 17:27:58,TOTAL,0.000,0.000,490.674,268.229
2025-11-22 17:27:59,mlx5_0,0.000,0.000,0.000,0.000
2025-11-22 17:27:59,mlx5_1,9.341,0.012,122.417,64.367
2025-11-22 17:27:59,mlx5_2,0.000,0.000,0.000,0.000
2025-11-22 17:27:59,mlx5_3,9.218,0.012,124.220,67.934
2025-11-22 17:27:59,mlx5_4,0.000,0.000,0.000,0.000
2025-11-22 17:27:59,mlx5_5,9.072,0.012,123.085,66.044
2025-11-22 17:27:59,mlx5_6,0.000,0.000,0.000,0.000
2025-11-22 17:27:59,mlx5_7,0.000,0.000,0.000,0.000
2025-11-22 17:27:59,mlx5_8,9.592,0.012,125.628,69.890
2025-11-22 17:27:59,mlx5_9,0.000,0.000,0.000,0.000
2025-11-22 17:27:59,TOTAL,37.223,0.047,495.350,268.235
2025-11-22 17:28:00,mlx5_0,0.000,0.000,0.000,0.000
2025-11-22 17:28:00,mlx5_1,9.275,0.012,123.582,64.369
2025-11-22 17:28:00,mlx5_2,0.000,0.000,0.000,0.000
2025-11-22 17:28:00,mlx5_3,9.367,0.012,125.397,67.935
2025-11-22 17:28:00,mlx5_4,0.000,0.000,0.000,0.000
2025-11-22 17:28:00,mlx5_5,9.146,0.012,124.235,66.045
2025-11-22 17:28:00,mlx5_6,0.000,0.000,0.000,0.000
2025-11-22 17:28:00,mlx5_7,0.000,0.000,0.000,0.000
2025-11-22 17:28:00,mlx5_8,9.424,0.012,126.812,69.892
2025-11-22 17:28:00,mlx5_9,0.000,0.000,0.000,0.000
2025-11-22 17:28:00,TOTAL,37.212,0.047,500.026,268.241
2025-11-22 17:28:01,mlx5_0,0.000,0.000,0.000,0.000
2025-11-22 17:28:01,mlx5_1,0.000,0.000,123.582,64.369
2025-11-22 17:28:01,mlx5_2,0.000,0.000,0.000,0.000
2025-11-22 17:28:01,mlx5_3,0.000,0.000,125.397,67.935
2025-11-22 17:28:01,mlx5_4,0.000,0.000,0.000,0.000
2025-11-22 17:28:01,mlx5_5,0.000,0.000,124.235,66.045
2025-11-22 17:28:01,mlx5_6,0.000,0.000,0.000,0.000
2025-11-22 17:28:01,mlx5_7,0.000,0.000,0.000,0.000
2025-11-22 17:28:01,mlx5_8,0.000,0.000,126.812,69.892
2025-11-22 17:28:01,mlx5_9,0.000,0.000,0.000,0.000
2025-11-22 17:28:01,TOTAL,0.000,0.000,500.026,268.241
2025-11-22 17:28:02,mlx5_0,0.000,0.000,0.000,0.000
2025-11-22 17:28:02,mlx5_1,0.000,0.000,123.582,64.369
2025-11-22 17:28:02,mlx5_2,0.000,0.000,0.000,0.000
2025-11-22 17:28:02,mlx5_3,0.000,0.000,125.397,67.935
2025-11-22 17:28:02,mlx5_4,0.000,0.000,0.000,0.000
2025-11-22 17:28:02,mlx5_5,0.000,0.000,124.235,66.045
2025-11-22 17:28:02,mlx5_6,0.000,0.000,0.000,0.000
2025-11-22 17:28:02,mlx5_7,0.000,0.000,0.000,0.000
2025-11-22 17:28:02,mlx5_8,0.000,0.000,126.812,69.892
2025-11-22 17:28:02,mlx5_9,0.000,0.000,0.000,0.000
2025-11-22 17:28:02,TOTAL,0.000,0.000,500.026,268.241
2025-11-22 17:28:03,mlx5_0,0.000,0.000,0.000,0.000
2025-11-22 17:28:03,mlx5_1,9.264,0.012,124.746,64.370
2025-11-22 17:28:03,mlx5_2,0.000,0.000,0.000,0.000
2025-11-22 17:28:03,mlx5_3,9.407,0.012,126.579,67.937
2025-11-22 17:28:03,mlx5_4,0.000,0.000,0.000,0.000
2025-11-22 17:28:03,mlx5_5,9.256,0.012,125.398,66.047
2025-11-22 17:28:03,mlx5_6,0.000,0.000,0.000,0.000
2025-11-22 17:28:03,mlx5_7,0.000,0.000,0.000,0.000
2025-11-22 17:28:03,mlx5_8,9.278,0.012,127.978,69.893
2025-11-22 17:28:03,mlx5_9,0.000,0.000,0.000,0.000
2025-11-22 17:28:03,TOTAL,37.205,0.048,504.701,268.247
2025-11-22 17:28:04,mlx5_0,0.000,0.000,0.000,0.000
2025-11-22 17:28:04,mlx5_1,0.000,0.000,124.746,64.370
2025-11-22 17:28:04,mlx5_2,0.000,0.000,0.000,0.000
2025-11-22 17:28:04,mlx5_3,0.000,0.000,126.579,67.937
2025-11-22 17:28:04,mlx5_4,0.000,0.000,0.000,0.000
2025-11-22 17:28:04,mlx5_5,0.000,0.000,125.398,66.047
2025-11-22 17:28:04,mlx5_6,0.000,0.000,0.000,0.000
2025-11-22 17:28:04,mlx5_7,0.000,0.000,0.000,0.000
2025-11-22 17:28:04,mlx5_8,0.000,0.000,127.978,69.893
2025-11-22 17:28:04,mlx5_9,0.000,0.000,0.000,0.000
2025-11-22 17:28:04,TOTAL,0.000,0.000,504.701,268.247
2025-11-22 17:28:05,mlx5_0,0.000,0.000,0.000,0.000
2025-11-22 17:28:05,mlx5_1,9.329,10.722,125.918,65.717
2025-11-22 17:28:05,mlx5_2,0.000,0.000,0.000,0.000
2025-11-22 17:28:05,mlx5_3,9.341,10.924,127.753,69.309
2025-11-22 17:28:05,mlx5_4,0.000,0.000,0.000,0.000
2025-11-22 17:28:05,mlx5_5,9.187,10.945,126.552,67.422
2025-11-22 17:28:05,mlx5_6,0.000,0.000,0.000,0.000
2025-11-22 17:28:05,mlx5_7,0.000,0.000,0.000,0.000
2025-11-22 17:28:05,mlx5_8,9.441,11.810,129.164,71.377
2025-11-22 17:28:05,mlx5_9,0.000,0.000,0.000,0.000
2025-11-22 17:28:05,TOTAL,37.298,44.402,509.388,273.826
2025-11-22 17:28:06,mlx5_0,0.000,0.000,0.000,0.000
2025-11-22 17:28:06,mlx5_1,0.000,0.000,125.918,65.717
2025-11-22 17:28:06,mlx5_2,0.000,0.000,0.000,0.000
2025-11-22 17:28:06,mlx5_3,0.000,0.000,127.753,69.309
2025-11-22 17:28:06,mlx5_4,0.000,0.000,0.000,0.000
2025-11-22 17:28:06,mlx5_5,0.000,0.000,126.552,67.422
2025-11-22 17:28:06,mlx5_6,0.000,0.000,0.000,0.000
2025-11-22 17:28:06,mlx5_7,0.000,0.000,0.000,0.000
2025-11-22 17:28:06,mlx5_8,0.000,0.000,129.164,71.377
2025-11-22 17:28:06,mlx5_9,0.000,0.000,0.000,0.000
2025-11-22 17:28:06,TOTAL,0.000,0.000,509.388,273.826
2025-11-22 17:28:07,mlx5_0,0.000,0.000,0.000,0.000
2025-11-22 17:28:07,mlx5_1,8.802,0.012,127.024,65.719
2025-11-22 17:28:07,mlx5_2,0.000,0.000,0.000,0.000
2025-11-22 17:28:07,mlx5_3,9.123,0.012,128.899,69.311
2025-11-22 17:28:07,mlx5_4,0.000,0.000,0.000,0.000
2025-11-22 17:28:07,mlx5_5,9.241,0.012,127.713,67.423
2025-11-22 17:28:07,mlx5_6,0.000,0.000,0.000,0.000
2025-11-22 17:28:07,mlx5_7,0.000,0.000,0.000,0.000
2025-11-22 17:28:07,mlx5_8,9.265,0.012,130.328,71.379
2025-11-22 17:28:07,mlx5_9,0.000,0.000,0.000,0.000
2025-11-22 17:28:07,TOTAL,36.431,0.048,513.963,273.832
2025-11-22 17:28:08,mlx5_0,0.000,0.000,0.000,0.000
2025-11-22 17:28:08,mlx5_1,0.000,0.000,127.024,65.719
2025-11-22 17:28:08,mlx5_2,0.000,0.000,0.000,0.000
2025-11-22 17:28:08,mlx5_3,0.000,0.000,128.899,69.311
2025-11-22 17:28:08,mlx5_4,0.000,0.000,0.000,0.000
2025-11-22 17:28:08,mlx5_5,0.000,0.000,127.713,67.423
2025-11-22 17:28:08,mlx5_6,0.000,0.000,0.000,0.000
2025-11-22 17:28:08,mlx5_7,0.000,0.000,0.000,0.000
2025-11-22 17:28:08,mlx5_8,0.000,0.000,130.328,71.379
2025-11-22 17:28:08,mlx5_9,0.000,0.000,0.000,0.000
2025-11-22 17:28:08,TOTAL,0.000,0.000,513.963,273.832
2025-11-22 17:28:09,mlx5_0,0.000,0.000,0.000,0.000
2025-11-22 17:28:09,mlx5_1,9.323,0.012,128.195,65.720
2025-11-22 17:28:09,mlx5_2,0.000,0.000,0.000,0.000
2025-11-22 17:28:09,mlx5_3,9.278,0.012,130.064,69.312
2025-11-22 17:28:09,mlx5_4,0.000,0.000,0.000,0.000
2025-11-22 17:28:09,mlx5_5,9.307,0.012,128.882,67.425
2025-11-22 17:28:09,mlx5_6,0.000,0.000,0.000,0.000
2025-11-22 17:28:09,mlx5_7,0.000,0.000,0.000,0.000
2025-11-22 17:28:09,mlx5_8,9.305,0.012,131.497,71.380
2025-11-22 17:28:09,mlx5_9,0.000,0.000,0.000,0.000
2025-11-22 17:28:09,TOTAL,37.213,0.048,518.639,273.838
2025-11-22 17:28:10,mlx5_0,0.000,0.000,0.000,0.000
2025-11-22 17:28:10,mlx5_1,9.152,0.012,129.345,65.722
2025-11-22 17:28:10,mlx5_2,0.000,0.000,0.000,0.000
2025-11-22 17:28:10,mlx5_3,9.513,0.012,131.260,69.314
2025-11-22 17:28:10,mlx5_4,0.000,0.000,0.000,0.000
2025-11-22 17:28:10,mlx5_5,9.011,0.012,130.014,67.426
2025-11-22 17:28:10,mlx5_6,0.000,0.000,0.000,0.000
2025-11-22 17:28:10,mlx5_7,0.000,0.000,0.000,0.000
2025-11-22 17:28:10,mlx5_8,9.539,0.012,132.696,71.382
2025-11-22 17:28:10,mlx5_9,0.000,0.000,0.000,0.000
2025-11-22 17:28:10,TOTAL,37.215,0.048,523.315,273.844
2025-11-22 17:28:11,mlx5_0,0.000,0.000,0.000,0.000
2025-11-22 17:28:11,mlx5_1,0.000,0.000,129.345,65.722
2025-11-22 17:28:11,mlx5_2,0.000,0.000,0.000,0.000
2025-11-22 17:28:11,mlx5_3,0.000,0.000,131.260,69.314
2025-11-22 17:28:11,mlx5_4,0.000,0.000,0.000,0.000
2025-11-22 17:28:11,mlx5_5,0.000,0.000,130.014,67.426
2025-11-22 17:28:11,mlx5_6,0.000,0.000,0.000,0.000
2025-11-22 17:28:11,mlx5_7,0.000,0.000,0.000,0.000
2025-11-22 17:28:11,mlx5_8,0.000,0.000,132.696,71.382
2025-11-22 17:28:11,mlx5_9,0.000,0.000,0.000,0.000
2025-11-22 17:28:11,TOTAL,0.000,0.000,523.315,273.844
2025-11-22 17:28:12,mlx5_0,0.000,0.000,0.000,0.000
2025-11-22 17:28:12,mlx5_1,0.000,0.000,129.345,65.722
2025-11-22 17:28:12,mlx5_2,0.000,0.000,0.000,0.000
2025-11-22 17:28:12,mlx5_3,0.000,0.000,131.260,69.314
2025-11-22 17:28:12,mlx5_4,0.000,0.000,0.000,0.000
2025-11-22 17:28:12,mlx5_5,0.000,0.000,130.014,67.426
2025-11-22 17:28:12,mlx5_6,0.000,0.000,0.000,0.000
2025-11-22 17:28:12,mlx5_7,0.000,0.000,0.000,0.000
2025-11-22 17:28:12,mlx5_8,0.000,0.000,132.696,71.382
2025-11-22 17:28:12,mlx5_9,0.000,0.000,0.000,0.000
2025-11-22 17:28:12,TOTAL,0.000,0.000,523.315,273.844
2025-11-22 17:28:13,mlx5_0,0.000,0.000,0.000,0.000
2025-11-22 17:28:13,mlx5_1,9.329,0.012,130.517,65.723
2025-11-22 17:28:13,mlx5_2,0.000,0.000,0.000,0.000
2025-11-22 17:28:13,mlx5_3,9.154,0.012,132.409,69.315
2025-11-22 17:28:13,mlx5_4,0.000,0.000,0.000,0.000
2025-11-22 17:28:13,mlx5_5,9.295,0.012,131.182,67.428
2025-11-22 17:28:13,mlx5_6,0.000,0.000,0.000,0.000
2025-11-22 17:28:13,mlx5_7,0.000,0.000,0.000,0.000
2025-11-22 17:28:13,mlx5_8,9.466,0.012,133.884,71.383
2025-11-22 17:28:13,mlx5_9,0.000,0.000,0.000,0.000
2025-11-22 17:28:13,TOTAL,37.245,0.048,527.991,273.850
2025-11-22 17:28:14,mlx5_0,0.000,0.000,0.000,0.000
2025-11-22 17:28:14,mlx5_1,0.000,0.000,130.517,65.723
2025-11-22 17:28:14,mlx5_2,0.000,0.000,0.000,0.000
2025-11-22 17:28:14,mlx5_3,0.000,0.000,132.409,69.315
2025-11-22 17:28:14,mlx5_4,0.000,0.000,0.000,0.000
2025-11-22 17:28:14,mlx5_5,0.000,0.000,131.182,67.428
2025-11-22 17:28:14,mlx5_6,0.000,0.000,0.000,0.000
2025-11-22 17:28:14,mlx5_7,0.000,0.000,0.000,0.000
2025-11-22 17:28:14,mlx5_8,0.000,0.000,133.884,71.383
2025-11-22 17:28:14,mlx5_9,0.000,0.000,0.000,0.000
2025-11-22 17:28:14,TOTAL,0.000,0.000,527.991,273.850
2025-11-22 17:28:15,mlx5_0,0.000,0.000,0.000,0.000
2025-11-22 17:28:15,mlx5_1,9.109,10.689,131.661,67.066
2025-11-22 17:28:15,mlx5_2,0.000,0.000,0.000,0.000
2025-11-22 17:28:15,mlx5_3,9.371,10.979,133.586,70.694
2025-11-22 17:28:15,mlx5_4,0.000,0.000,0.000,0.000
2025-11-22 17:28:15,mlx5_5,9.171,11.001,132.334,68.810
2025-11-22 17:28:15,mlx5_6,0.000,0.000,0.000,0.000
2025-11-22 17:28:15,mlx5_7,0.000,0.000,0.000,0.000
2025-11-22 17:28:15,mlx5_8,9.649,11.738,135.096,72.858
2025-11-22 17:28:15,mlx5_9,0.000,0.000,0.000,0.000
2025-11-22 17:28:15,TOTAL,37.300,44.407,532.677,279.428
2025-11-22 17:28:16,mlx5_0,0.000,0.000,0.000,0.000
2025-11-22 17:28:16,mlx5_1,0.000,0.000,131.661,67.066
2025-11-22 17:28:16,mlx5_2,0.000,0.000,0.000,0.000
2025-11-22 17:28:16,mlx5_3,0.000,0.000,133.586,70.694
2025-11-22 17:28:16,mlx5_4,0.000,0.000,0.000,0.000
2025-11-22 17:28:16,mlx5_5,0.000,0.000,132.334,68.810
2025-11-22 17:28:16,mlx5_6,0.000,0.000,0.000,0.000
2025-11-22 17:28:16,mlx5_7,0.000,0.000,0.000,0.000
2025-11-22 17:28:16,mlx5_8,0.000,0.000,135.096,72.858
2025-11-22 17:28:16,mlx5_9,0.000,0.000,0.000,0.000
2025-11-22 17:28:16,TOTAL,0.000,0.000,532.677,279.428
2025-11-22 17:28:17,mlx5_0,0.000,0.000,0.000,0.000
2025-11-22 17:28:17,mlx5_1,9.105,0.012,132.804,67.068
2025-11-22 17:28:17,mlx5_2,0.000,0.000,0.000,0.000
2025-11-22 17:28:17,mlx5_3,9.021,0.012,134.719,70.696
2025-11-22 17:28:17,mlx5_4,0.000,0.000,0.000,0.000
2025-11-22 17:28:17,mlx5_5,8.984,0.012,133.462,68.811
2025-11-22 17:28:17,mlx5_6,0.000,0.000,0.000,0.000
2025-11-22 17:28:17,mlx5_7,0.000,0.000,0.000,0.000
2025-11-22 17:28:17,mlx5_8,9.330,0.012,136.268,72.859
2025-11-22 17:28:17,mlx5_9,0.000,0.000,0.000,0.000
2025-11-22 17:28:17,TOTAL,36.440,0.048,537.253,279.434
2025-11-22 17:28:18,mlx5_0,0.000,0.000,0.000,0.000
2025-11-22 17:28:18,mlx5_1,0.000,0.000,132.804,67.068
2025-11-22 17:28:18,mlx5_2,0.000,0.000,0.000,0.000
2025-11-22 17:28:18,mlx5_3,0.000,0.000,134.719,70.696
2025-11-22 17:28:18,mlx5_4,0.000,0.000,0.000,0.000
2025-11-22 17:28:18,mlx5_5,0.000,0.000,133.462,68.811
2025-11-22 17:28:18,mlx5_6,0.000,0.000,0.000,0.000
2025-11-22 17:28:18,mlx5_7,0.000,0.000,0.000,0.000
2025-11-22 17:28:18,mlx5_8,0.000,0.000,136.268,72.859
2025-11-22 17:28:18,mlx5_9,0.000,0.000,0.000,0.000
2025-11-22 17:28:18,TOTAL,0.000,0.000,537.253,279.434
2025-11-22 17:28:19,mlx5_0,0.000,0.000,0.000,0.000
2025-11-22 17:28:19,mlx5_1,9.072,0.012,133.945,67.069
2025-11-22 17:28:19,mlx5_2,0.000,0.000,0.000,0.000
2025-11-22 17:28:19,mlx5_3,9.489,0.012,135.911,70.697
2025-11-22 17:28:19,mlx5_4,0.000,0.000,0.000,0.000
2025-11-22 17:28:19,mlx5_5,9.116,0.012,134.607,68.813
2025-11-22 17:28:19,mlx5_6,0.000,0.000,0.000,0.000
2025-11-22 17:28:19,mlx5_7,0.000,0.000,0.000,0.000
2025-11-22 17:28:19,mlx5_8,9.531,0.013,137.466,72.861
2025-11-22 17:28:19,mlx5_9,0.000,0.000,0.000,0.000
2025-11-22 17:28:19,TOTAL,37.208,0.049,541.929,279.441
2025-11-22 17:28:20,mlx5_0,0.000,0.000,0.000,0.000
2025-11-22 17:28:20,mlx5_1,0.000,0.000,133.945,67.069
2025-11-22 17:28:20,mlx5_2,0.000,0.000,0.000,0.000
2025-11-22 17:28:20,mlx5_3,0.000,0.000,135.911,70.698
2025-11-22 17:28:20,mlx5_4,0.000,0.000,0.000,0.000
2025-11-22 17:28:20,mlx5_5,0.000,0.000,134.607,68.813
2025-11-22 17:28:20,mlx5_6,0.000,0.000,0.000,0.000
2025-11-22 17:28:20,mlx5_7,0.000,0.000,0.000,0.000
2025-11-22 17:28:20,mlx5_8,0.000,0.000,137.466,72.861
2025-11-22 17:28:20,mlx5_9,0.000,0.000,0.000,0.000
2025-11-22 17:28:20,TOTAL,0.001,0.001,541.929,279.441
2025-11-22 17:28:21,mlx5_0,0.000,0.000,0.000,0.000
2025-11-22 17:28:21,mlx5_1,9.213,0.012,135.102,67.071
2025-11-22 17:28:21,mlx5_2,0.000,0.000,0.000,0.000
2025-11-22 17:28:21,mlx5_3,9.467,0.012,137.101,70.699
2025-11-22 17:28:21,mlx5_4,0.000,0.000,0.000,0.000
2025-11-22 17:28:21,mlx5_5,9.165,0.012,135.759,68.814
2025-11-22 17:28:21,mlx5_6,0.000,0.000,0.000,0.000
2025-11-22 17:28:21,mlx5_7,0.000,0.000,0.000,0.000
2025-11-22 17:28:21,mlx5_8,9.366,0.012,138.643,72.863
2025-11-22 17:28:21,mlx5_9,0.000,0.000,0.000,0.000
2025-11-22 17:28:21,TOTAL,37.211,0.048,546.605,279.447
2025-11-22 17:28:22,mlx5_0,0.000,0.000,0.000,0.000
2025-11-22 17:28:22,mlx5_1,0.000,0.000,135.102,67.071
2025-11-22 17:28:22,mlx5_2,0.000,0.000,0.000,0.000
2025-11-22 17:28:22,mlx5_3,0.000,0.000,137.101,70.699
2025-11-22 17:28:22,mlx5_4,0.000,0.000,0.000,0.000
2025-11-22 17:28:22,mlx5_5,0.000,0.000,135.759,68.814
2025-11-22 17:28:22,mlx5_6,0.000,0.000,0.000,0.000
2025-11-22 17:28:22,mlx5_7,0.000,0.000,0.000,0.000
2025-11-22 17:28:22,mlx5_8,0.000,0.000,138.643,72.863
2025-11-22 17:28:22,mlx5_9,0.000,0.000,0.000,0.000
2025-11-22 17:28:22,TOTAL,0.000,0.000,546.605,279.447
2025-11-22 17:28:23,mlx5_0,0.000,0.000,0.000,0.000
2025-11-22 17:28:23,mlx5_1,9.115,0.012,136.247,67.072
2025-11-22 17:28:23,mlx5_2,0.000,0.000,0.000,0.000
2025-11-22 17:28:23,mlx5_3,9.450,0.012,138.288,70.701
2025-11-22 17:28:23,mlx5_4,0.000,0.000,0.000,0.000
2025-11-22 17:28:23,mlx5_5,9.114,0.012,136.904,68.816
2025-11-22 17:28:23,mlx5_6,0.000,0.000,0.000,0.000
2025-11-22 17:28:23,mlx5_7,0.000,0.000,0.000,0.000
2025-11-22 17:28:23,mlx5_8,9.544,0.012,139.842,72.864
2025-11-22 17:28:23,mlx5_9,0.000,0.000,0.000,0.000
2025-11-22 17:28:23,TOTAL,37.223,0.048,551.281,279.453
2025-11-22 17:28:24,mlx5_0,0.000,0.000,0.000,0.000
2025-11-22 17:28:24,mlx5_1,0.000,0.000,136.247,67.072
2025-11-22 17:28:24,mlx5_2,0.000,0.000,0.000,0.000
2025-11-22 17:28:24,mlx5_3,0.000,0.000,138.288,70.701
2025-11-22 17:28:24,mlx5_4,0.000,0.000,0.000,0.000
2025-11-22 17:28:24,mlx5_5,0.000,0.000,136.904,68.816
2025-11-22 17:28:24,mlx5_6,0.000,0.000,0.000,0.000
2025-11-22 17:28:24,mlx5_7,0.000,0.000,0.000,0.000
2025-11-22 17:28:24,mlx5_8,0.000,0.000,139.842,72.864
2025-11-22 17:28:24,mlx5_9,0.000,0.000,0.000,0.000
2025-11-22 17:28:24,TOTAL,0.000,0.000,551.281,279.453
2025-11-22 17:28:25,mlx5_0,0.000,0.000,0.000,0.000
2025-11-22 17:28:25,mlx5_1,9.315,10.601,137.417,68.404
2025-11-22 17:28:25,mlx5_2,0.000,0.000,0.000,0.000
2025-11-22 17:28:25,mlx5_3,9.239,11.356,139.449,72.127
2025-11-22 17:28:25,mlx5_4,0.000,0.000,0.000,0.000
2025-11-22 17:28:25,mlx5_5,9.118,10.950,138.049,70.191
2025-11-22 17:28:25,mlx5_6,0.000,0.000,0.000,0.000
2025-11-22 17:28:25,mlx5_7,0.000,0.000,0.000,0.000
2025-11-22 17:28:25,mlx5_8,9.635,11.505,141.052,74.309
2025-11-22 17:28:25,mlx5_9,0.000,0.000,0.000,0.000
2025-11-22 17:28:25,TOTAL,37.307,44.411,555.967,285.031
2025-11-22 17:28:26,mlx5_0,0.000,0.000,0.000,0.000
2025-11-22 17:28:26,mlx5_1,0.000,0.000,137.417,68.404
2025-11-22 17:28:26,mlx5_2,0.000,0.000,0.000,0.000
2025-11-22 17:28:26,mlx5_3,0.000,0.000,139.449,72.127
2025-11-22 17:28:26,mlx5_4,0.000,0.000,0.000,0.000
2025-11-22 17:28:26,mlx5_5,0.000,0.000,138.049,70.191
2025-11-22 17:28:26,mlx5_6,0.000,0.000,0.000,0.000
2025-11-22 17:28:26,mlx5_7,0.000,0.000,0.000,0.000
2025-11-22 17:28:26,mlx5_8,0.000,0.000,141.052,74.309
2025-11-22 17:28:26,mlx5_9,0.000,0.000,0.000,0.000
2025-11-22 17:28:26,TOTAL,0.000,0.000,555.967,285.031
2025-11-22 17:28:27,mlx5_0,0.000,0.000,0.000,0.000
2025-11-22 17:28:27,mlx5_1,9.554,0.013,138.618,68.405
2025-11-22 17:28:27,mlx5_2,0.000,0.000,0.000,0.000
2025-11-22 17:28:27,mlx5_3,9.976,0.013,140.702,72.129
2025-11-22 17:28:27,mlx5_4,0.000,0.000,0.000,0.000
2025-11-22 17:28:27,mlx5_5,9.461,0.013,139.238,70.193
2025-11-22 17:28:27,mlx5_6,0.000,0.000,0.000,0.000
2025-11-22 17:28:27,mlx5_7,0.000,0.000,0.000,0.000
2025-11-22 17:28:27,mlx5_8,9.754,0.013,142.277,74.311
2025-11-22 17:28:27,mlx5_9,0.000,0.000,0.000,0.000
2025-11-22 17:28:27,TOTAL,38.746,0.051,560.835,285.038
2025-11-22 17:28:28,mlx5_0,0.000,0.000,0.000,0.000
2025-11-22 17:28:28,mlx5_1,0.000,0.000,138.618,68.405
2025-11-22 17:28:28,mlx5_2,0.000,0.000,0.000,0.000
2025-11-22 17:28:28,mlx5_3,0.000,0.000,140.702,72.129
2025-11-22 17:28:28,mlx5_4,0.000,0.000,0.000,0.000
2025-11-22 17:28:28,mlx5_5,0.000,0.000,139.238,70.193
2025-11-22 17:28:28,mlx5_6,0.000,0.000,0.000,0.000
2025-11-22 17:28:28,mlx5_7,0.000,0.000,0.000,0.000
2025-11-22 17:28:28,mlx5_8,0.000,0.000,142.277,74.311
2025-11-22 17:28:28,mlx5_9,0.000,0.000,0.000,0.000
2025-11-22 17:28:28,TOTAL,0.000,0.000,560.835,285.038
2025-11-22 17:28:29,mlx5_0,0.000,0.000,0.000,0.000
2025-11-22 17:28:29,mlx5_1,9.167,0.012,139.769,68.407
2025-11-22 17:28:29,mlx5_2,0.000,0.000,0.000,0.000
2025-11-22 17:28:29,mlx5_3,9.363,0.012,141.878,72.130
2025-11-22 17:28:29,mlx5_4,0.000,0.000,0.000,0.000
2025-11-22 17:28:29,mlx5_5,9.343,0.012,140.411,70.194
2025-11-22 17:28:29,mlx5_6,0.000,0.000,0.000,0.000
2025-11-22 17:28:29,mlx5_7,0.000,0.000,0.000,0.000
2025-11-22 17:28:29,mlx5_8,9.357,0.012,143.453,74.312
2025-11-22 17:28:29,mlx5_9,0.000,0.000,0.000,0.000
2025-11-22 17:28:29,TOTAL,37.231,0.048,565.511,285.044
2025-11-22 17:28:30,mlx5_0,0.000,0.000,0.000,0.000
2025-11-22 17:28:30,mlx5_1,0.000,0.000,139.769,68.407
2025-11-22 17:28:30,mlx5_2,0.000,0.000,0.000,0.000
2025-11-22 17:28:30,mlx5_3,0.000,0.000,141.878,72.130
2025-11-22 17:28:30,mlx5_4,0.000,0.000,0.000,0.000
2025-11-22 17:28:30,mlx5_5,0.000,0.000,140.411,70.194
2025-11-22 17:28:30,mlx5_6,0.000,0.000,0.000,0.000
2025-11-22 17:28:30,mlx5_7,0.000,0.000,0.000,0.000
2025-11-22 17:28:30,mlx5_8,0.000,0.000,143.453,74.312
2025-11-22 17:28:30,mlx5_9,0.000,0.000,0.000,0.000
2025-11-22 17:28:30,TOTAL,0.000,0.000,565.511,285.044
2025-11-22 17:28:31,mlx5_0,0.000,0.000,0.000,0.000
2025-11-22 17:28:31,mlx5_1,9.051,0.012,140.906,68.408
2025-11-22 17:28:31,mlx5_2,0.000,0.000,0.000,0.000
2025-11-22 17:28:31,mlx5_3,9.482,0.012,143.070,72.132
2025-11-22 17:28:31,mlx5_4,0.000,0.000,0.000,0.000
2025-11-22 17:28:31,mlx5_5,9.152,0.012,141.561,70.196
2025-11-22 17:28:31,mlx5_6,0.000,0.000,0.000,0.000
2025-11-22 17:28:31,mlx5_7,0.000,0.000,0.000,0.000
2025-11-22 17:28:31,mlx5_8,9.528,0.012,144.650,74.314
2025-11-22 17:28:31,mlx5_9,0.000,0.000,0.000,0.000
2025-11-22 17:28:31,TOTAL,37.214,0.048,570.187,285.050
2025-11-22 17:28:32,mlx5_0,0.000,0.000,0.000,0.000
2025-11-22 17:28:32,mlx5_1,0.000,0.000,140.906,68.408
2025-11-22 17:28:32,mlx5_2,0.000,0.000,0.000,0.000
2025-11-22 17:28:32,mlx5_3,0.000,0.000,143.070,72.132
2025-11-22 17:28:32,mlx5_4,0.000,0.000,0.000,0.000
2025-11-22 17:28:32,mlx5_5,0.000,0.000,141.561,70.196
2025-11-22 17:28:32,mlx5_6,0.000,0.000,0.000,0.000
2025-11-22 17:28:32,mlx5_7,0.000,0.000,0.000,0.000
2025-11-22 17:28:32,mlx5_8,0.000,0.000,144.650,74.314
2025-11-22 17:28:32,mlx5_9,0.000,0.000,0.000,0.000
2025-11-22 17:28:32,TOTAL,0.000,0.000,570.187,285.050
2025-11-22 17:28:33,mlx5_0,0.000,0.000,0.000,0.000
2025-11-22 17:28:33,mlx5_1,9.034,0.012,142.040,68.410
2025-11-22 17:28:33,mlx5_2,0.000,0.000,0.000,0.000
2025-11-22 17:28:33,mlx5_3,9.292,0.012,144.236,72.133
2025-11-22 17:28:33,mlx5_4,0.000,0.000,0.000,0.000
2025-11-22 17:28:33,mlx5_5,9.285,0.012,142.727,70.197
2025-11-22 17:28:33,mlx5_6,0.000,0.000,0.000,0.000
2025-11-22 17:28:33,mlx5_7,0.000,0.000,0.000,0.000
2025-11-22 17:28:33,mlx5_8,9.646,0.012,145.860,74.316
2025-11-22 17:28:33,mlx5_9,0.000,0.000,0.000,0.000
2025-11-22 17:28:33,TOTAL,37.258,0.048,574.863,285.056
2025-11-22 17:28:34,mlx5_0,0.000,0.000,0.000,0.000
2025-11-22 17:28:34,mlx5_1,0.000,0.000,142.040,68.410
2025-11-22 17:28:34,mlx5_2,0.000,0.000,0.000,0.000
2025-11-22 17:28:34,mlx5_3,0.000,0.000,144.236,72.133
2025-11-22 17:28:34,mlx5_4,0.000,0.000,0.000,0.000
2025-11-22 17:28:34,mlx5_5,0.000,0.000,142.727,70.197
2025-11-22 17:28:34,mlx5_6,0.000,0.000,0.000,0.000
2025-11-22 17:28:34,mlx5_7,0.000,0.000,0.000,0.000
2025-11-22 17:28:34,mlx5_8,0.000,0.000,145.860,74.316
2025-11-22 17:28:34,mlx5_9,0.000,0.000,0.000,0.000
2025-11-22 17:28:34,TOTAL,0.000,0.000,574.863,285.056
2025-11-22 17:28:35,mlx5_0,0.000,0.000,0.000,0.000
2025-11-22 17:28:35,mlx5_1,9.255,0.012,143.203,68.411
2025-11-22 17:28:35,mlx5_2,0.000,0.000,0.000,0.000
2025-11-22 17:28:35,mlx5_3,9.178,0.012,145.389,72.134
2025-11-22 17:28:35,mlx5_4,0.000,0.000,0.000,0.000
2025-11-22 17:28:35,mlx5_5,9.147,0.012,143.876,70.199
2025-11-22 17:28:35,mlx5_6,0.000,0.000,0.000,0.000
2025-11-22 17:28:35,mlx5_7,0.000,0.000,0.000,0.000
2025-11-22 17:28:35,mlx5_8,9.633,0.012,147.071,74.317
2025-11-22 17:28:35,mlx5_9,0.000,0.000,0.000,0.000
2025-11-22 17:28:35,TOTAL,37.213,0.048,579.539,285.062
2025-11-22 17:28:36,mlx5_0,0.000,0.000,0.000,0.000
2025-11-22 17:28:36,mlx5_1,0.000,0.000,143.203,68.411
2025-11-22 17:28:36,mlx5_2,0.000,0.000,0.000,0.000
2025-11-22 17:28:36,mlx5_3,0.000,0.000,145.389,72.134
2025-11-22 17:28:36,mlx5_4,0.000,0.000,0.000,0.000
2025-11-22 17:28:36,mlx5_5,0.000,0.000,143.876,70.199
2025-11-22 17:28:36,mlx5_6,0.000,0.000,0.000,0.000
2025-11-22 17:28:36,mlx5_7,0.000,0.000,0.000,0.000
2025-11-22 17:28:36,mlx5_8,0.000,0.000,147.071,74.317
2025-11-22 17:28:36,mlx5_9,0.000,0.000,0.000,0.000
2025-11-22 17:28:36,TOTAL,0.000,0.000,579.539,285.062
2025-11-22 17:28:37,mlx5_0,0.000,0.000,0.000,0.000
2025-11-22 17:28:37,mlx5_1,3.851,0.006,143.687,68.412
2025-11-22 17:28:37,mlx5_2,0.000,0.000,0.000,0.000
2025-11-22 17:28:37,mlx5_3,3.891,0.006,145.878,72.135
2025-11-22 17:28:37,mlx5_4,0.000,0.000,0.000,0.000
2025-11-22 17:28:37,mlx5_5,3.742,0.005,144.346,70.199
2025-11-22 17:28:37,mlx5_6,0.000,0.000,0.000,0.000
2025-11-22 17:28:37,mlx5_7,0.000,0.000,0.000,0.000
2025-11-22 17:28:37,mlx5_8,4.004,0.006,147.574,74.318
2025-11-22 17:28:37,mlx5_9,0.000,0.000,0.000,0.000
2025-11-22 17:28:37,TOTAL,15.488,0.022,581.485,285.065
2025-11-22 17:28:38,mlx5_0,0.000,0.000,0.000,0.000
2025-11-22 17:28:38,mlx5_1,0.000,0.000,143.687,68.412
2025-11-22 17:28:38,mlx5_2,0.000,0.000,0.000,0.000
2025-11-22 17:28:38,mlx5_3,0.000,0.000,145.878,72.135
2025-11-22 17:28:38,mlx5_4,0.000,0.000,0.000,0.000
2025-11-22 17:28:38,mlx5_5,0.000,0.000,144.346,70.199
2025-11-22 17:28:38,mlx5_6,0.000,0.000,0.000,0.000
2025-11-22 17:28:38,mlx5_7,0.000,0.000,0.000,0.000
2025-11-22 17:28:38,mlx5_8,0.000,0.000,147.574,74.318
2025-11-22 17:28:38,mlx5_9,0.000,0.000,0.000,0.000
2025-11-22 17:28:38,TOTAL,0.000,0.000,581.485,285.065
2025-11-22 17:28:39,mlx5_0,0.000,0.000,0.000,0.000
2025-11-22 17:28:39,mlx5_1,0.000,0.000,143.687,68.412
2025-11-22 17:28:39,mlx5_2,0.000,0.000,0.000,0.000
2025-11-22 17:28:39,mlx5_3,0.000,0.000,145.878,72.135
2025-11-22 17:28:39,mlx5_4,0.000,0.000,0.000,0.000
2025-11-22 17:28:39,mlx5_5,0.000,0.000,144.346,70.199
2025-11-22 17:28:39,mlx5_6,0.000,0.000,0.000,0.000
2025-11-22 17:28:39,mlx5_7,0.000,0.000,0.000,0.000
2025-11-22 17:28:39,mlx5_8,0.000,0.000,147.574,74.318
2025-11-22 17:28:39,mlx5_9,0.000,0.000,0.000,0.000
2025-11-22 17:28:39,TOTAL,0.000,0.000,581.485,285.065
2025-11-22 17:28:40,mlx5_0,0.000,0.000,0.000,0.000
2025-11-22 17:28:40,mlx5_1,0.000,0.000,143.687,68.412
2025-11-22 17:28:40,mlx5_2,0.000,0.000,0.000,0.000
2025-11-22 17:28:40,mlx5_3,0.000,0.000,145.878,72.135
2025-11-22 17:28:40,mlx5_4,0.000,0.000,0.000,0.000
2025-11-22 17:28:40,mlx5_5,0.000,0.000,144.346,70.199
2025-11-22 17:28:40,mlx5_6,0.000,0.000,0.000,0.000
2025-11-22 17:28:40,mlx5_7,0.000,0.000,0.000,0.000
2025-11-22 17:28:40,mlx5_8,0.000,0.000,147.574,74.318
2025-11-22 17:28:40,mlx5_9,0.000,0.000,0.000,0.000
2025-11-22 17:28:40,TOTAL,0.000,0.000,581.485,285.065
2025-11-22 17:28:41,mlx5_0,0.000,0.000,0.000,0.000
2025-11-22 17:28:41,mlx5_1,0.000,0.000,143.687,68.412
2025-11-22 17:28:41,mlx5_2,0.000,0.000,0.000,0.000
2025-11-22 17:28:41,mlx5_3,0.000,0.000,145.878,72.135
2025-11-22 17:28:41,mlx5_4,0.000,0.000,0.000,0.000
2025-11-22 17:28:41,mlx5_5,0.000,0.000,144.346,70.199
2025-11-22 17:28:41,mlx5_6,0.000,0.000,0.000,0.000
2025-11-22 17:28:41,mlx5_7,0.000,0.000,0.000,0.000
2025-11-22 17:28:41,mlx5_8,0.000,0.000,147.574,74.318
2025-11-22 17:28:41,mlx5_9,0.000,0.000,0.000,0.000
2025-11-22 17:28:41,TOTAL,0.000,0.000,581.485,285.065
2025-11-22 17:28:42,mlx5_0,0.000,0.000,0.000,0.000
2025-11-22 17:28:42,mlx5_1,0.000,0.000,143.687,68.412
2025-11-22 17:28:42,mlx5_2,0.000,0.000,0.000,0.000
2025-11-22 17:28:42,mlx5_3,0.000,0.000,145.878,72.135
2025-11-22 17:28:42,mlx5_4,0.000,0.000,0.000,0.000
2025-11-22 17:28:42,mlx5_5,0.000,0.000,144.346,70.199
2025-11-22 17:28:42,mlx5_6,0.000,0.000,0.000,0.000
2025-11-22 17:28:42,mlx5_7,0.000,0.000,0.000,0.000
2025-11-22 17:28:42,mlx5_8,0.000,0.000,147.574,74.318
2025-11-22 17:28:42,mlx5_9,0.000,0.000,0.000,0.000
2025-11-22 17:28:42,TOTAL,0.000,0.000,581.485,285.065
2025-11-22 17:28:43,mlx5_0,0.000,0.000,0.000,0.000
2025-11-22 17:28:43,mlx5_1,0.000,0.000,143.687,68.412
2025-11-22 17:28:43,mlx5_2,0.000,0.000,0.000,0.000
2025-11-22 17:28:43,mlx5_3,0.000,0.000,145.878,72.135
2025-11-22 17:28:43,mlx5_4,0.000,0.000,0.000,0.000
2025-11-22 17:28:43,mlx5_5,0.000,0.000,144.346,70.199
2025-11-22 17:28:43,mlx5_6,0.000,0.000,0.000,0.000
2025-11-22 17:28:43,mlx5_7,0.000,0.000,0.000,0.000
2025-11-22 17:28:43,mlx5_8,0.000,0.000,147.574,74.318
2025-11-22 17:28:43,mlx5_9,0.000,0.000,0.000,0.000
2025-11-22 17:28:43,TOTAL,0.000,0.000,581.485,285.065
2025-11-22 17:28:44,mlx5_0,0.000,0.000,0.000,0.000
2025-11-22 17:28:44,mlx5_1,0.000,0.000,143.687,68.412
2025-11-22 17:28:44,mlx5_2,0.000,0.000,0.000,0.000
2025-11-22 17:28:44,mlx5_3,0.000,0.000,145.878,72.135
2025-11-22 17:28:44,mlx5_4,0.000,0.000,0.000,0.000
2025-11-22 17:28:44,mlx5_5,0.000,0.000,144.346,70.199
2025-11-22 17:28:44,mlx5_6,0.000,0.000,0.000,0.000
2025-11-22 17:28:44,mlx5_7,0.000,0.000,0.000,0.000
2025-11-22 17:28:44,mlx5_8,0.000,0.000,147.574,74.318
2025-11-22 17:28:44,mlx5_9,0.000,0.000,0.000,0.000
2025-11-22 17:28:44,TOTAL,0.000,0.000,581.485,285.065
2025-11-22 17:28:45,mlx5_0,0.000,0.000,0.000,0.000
2025-11-22 17:28:45,mlx5_1,0.000,0.000,143.687,68.412
2025-11-22 17:28:45,mlx5_2,0.000,0.000,0.000,0.000
2025-11-22 17:28:45,mlx5_3,0.000,0.000,145.878,72.135
2025-11-22 17:28:45,mlx5_4,0.000,0.000,0.000,0.000
2025-11-22 17:28:45,mlx5_5,0.000,0.000,144.346,70.199
2025-11-22 17:28:45,mlx5_6,0.000,0.000,0.000,0.000
2025-11-22 17:28:45,mlx5_7,0.000,0.000,0.000,0.000
2025-11-22 17:28:45,mlx5_8,0.000,0.000,147.574,74.318
2025-11-22 17:28:45,mlx5_9,0.000,0.000,0.000,0.000
2025-11-22 17:28:45,TOTAL,0.000,0.000,581.485,285.065
2025-11-22 17:28:46,mlx5_0,0.000,0.000,0.000,0.000
2025-11-22 17:28:46,mlx5_1,0.000,0.000,143.687,68.412
2025-11-22 17:28:46,mlx5_2,0.000,0.000,0.000,0.000
2025-11-22 17:28:46,mlx5_3,0.000,0.000,145.878,72.135
2025-11-22 17:28:46,mlx5_4,0.000,0.000,0.000,0.000
2025-11-22 17:28:46,mlx5_5,0.000,0.000,144.346,70.199
2025-11-22 17:28:46,mlx5_6,0.000,0.000,0.000,0.000
2025-11-22 17:28:46,mlx5_7,0.000,0.000,0.000,0.000
2025-11-22 17:28:46,mlx5_8,0.000,0.000,147.574,74.318
2025-11-22 17:28:46,mlx5_9,0.000,0.000,0.000,0.000
2025-11-22 17:28:46,TOTAL,0.000,0.000,581.485,285.065
2025-11-22 17:28:47,mlx5_0,0.000,0.000,0.000,0.000
2025-11-22 17:28:47,mlx5_1,0.000,0.000,143.687,68.412
2025-11-22 17:28:47,mlx5_2,0.000,0.000,0.000,0.000
2025-11-22 17:28:47,mlx5_3,0.000,0.000,145.878,72.135
2025-11-22 17:28:47,mlx5_4,0.000,0.000,0.000,0.000
2025-11-22 17:28:47,mlx5_5,0.000,0.000,144.346,70.199
2025-11-22 17:28:47,mlx5_6,0.000,0.000,0.000,0.000
2025-11-22 17:28:47,mlx5_7,0.000,0.000,0.000,0.000
2025-11-22 17:28:47,mlx5_8,0.000,0.000,147.574,74.318
2025-11-22 17:28:47,mlx5_9,0.000,0.000,0.000,0.000
2025-11-22 17:28:47,TOTAL,0.000,0.000,581.485,285.065
2025-11-22 17:28:48,mlx5_0,0.000,0.000,0.000,0.000
2025-11-22 17:28:48,mlx5_1,0.000,0.000,143.687,68.412
2025-11-22 17:28:48,mlx5_2,0.000,0.000,0.000,0.000
2025-11-22 17:28:48,mlx5_3,0.000,0.000,145.878,72.135
2025-11-22 17:28:48,mlx5_4,0.000,0.000,0.000,0.000
2025-11-22 17:28:48,mlx5_5,0.000,0.000,144.346,70.199
2025-11-22 17:28:48,mlx5_6,0.000,0.000,0.000,0.000
2025-11-22 17:28:48,mlx5_7,0.000,0.000,0.000,0.000
2025-11-22 17:28:48,mlx5_8,0.000,0.000,147.574,74.318
2025-11-22 17:28:48,mlx5_9,0.000,0.000,0.000,0.000
2025-11-22 17:28:48,TOTAL,0.000,0.000,581.485,285.065
2025-11-22 17:28:50,mlx5_0,0.000,0.000,0.000,0.000
2025-11-22 17:28:50,mlx5_1,0.000,0.000,143.687,68.412
2025-11-22 17:28:50,mlx5_2,0.000,0.000,0.000,0.000
2025-11-22 17:28:50,mlx5_3,0.000,0.000,145.878,72.135
2025-11-22 17:28:50,mlx5_4,0.000,0.000,0.000,0.000
2025-11-22 17:28:50,mlx5_5,0.000,0.000,144.346,70.199
2025-11-22 17:28:50,mlx5_6,0.000,0.000,0.000,0.000
2025-11-22 17:28:50,mlx5_7,0.000,0.000,0.000,0.000
2025-11-22 17:28:50,mlx5_8,0.000,0.000,147.574,74.318
2025-11-22 17:28:50,mlx5_9,0.000,0.000,0.000,0.000
2025-11-22 17:28:50,TOTAL,0.000,0.000,581.485,285.065
2025-11-22 17:28:51,mlx5_0,0.000,0.000,0.000,0.000
2025-11-22 17:28:51,mlx5_1,0.000,0.000,143.687,68.412
2025-11-22 17:28:51,mlx5_2,0.000,0.000,0.000,0.000
2025-11-22 17:28:51,mlx5_3,0.000,0.000,145.878,72.135
2025-11-22 17:28:51,mlx5_4,0.000,0.000,0.000,0.000
2025-11-22 17:28:51,mlx5_5,0.000,0.000,144.346,70.199
2025-11-22 17:28:51,mlx5_6,0.000,0.000,0.000,0.000
2025-11-22 17:28:51,mlx5_7,0.000,0.000,0.000,0.000
2025-11-22 17:28:51,mlx5_8,0.000,0.000,147.574,74.318
2025-11-22 17:28:51,mlx5_9,0.000,0.000,0.000,0.000
2025-11-22 17:28:51,TOTAL,0.000,0.000,581.485,285.065
2025-11-22 17:28:52,mlx5_0,0.000,0.000,0.000,0.000
2025-11-22 17:28:52,mlx5_1,0.000,0.000,143.687,68.412
2025-11-22 17:28:52,mlx5_2,0.000,0.000,0.000,0.000
2025-11-22 17:28:52,mlx5_3,0.000,0.000,145.878,72.135
2025-11-22 17:28:52,mlx5_4,0.000,0.000,0.000,0.000
2025-11-22 17:28:52,mlx5_5,0.000,0.000,144.346,70.199
2025-11-22 17:28:52,mlx5_6,0.000,0.000,0.000,0.000
2025-11-22 17:28:52,mlx5_7,0.000,0.000,0.000,0.000
2025-11-22 17:28:52,mlx5_8,0.000,0.000,147.574,74.318
2025-11-22 17:28:52,mlx5_9,0.000,0.000,0.000,0.000
2025-11-22 17:28:52,TOTAL,0.000,0.000,581.485,285.065
2025-11-22 17:28:53,mlx5_0,0.000,0.000,0.000,0.000
2025-11-22 17:28:53,mlx5_1,0.000,0.000,143.687,68.412
2025-11-22 17:28:53,mlx5_2,0.000,0.000,0.000,0.000
2025-11-22 17:28:53,mlx5_3,0.000,0.000,145.878,72.135
2025-11-22 17:28:53,mlx5_4,0.000,0.000,0.000,0.000
2025-11-22 17:28:53,mlx5_5,0.000,0.000,144.346,70.199
2025-11-22 17:28:53,mlx5_6,0.000,0.000,0.000,0.000
2025-11-22 17:28:53,mlx5_7,0.000,0.000,0.000,0.000
2025-11-22 17:28:53,mlx5_8,0.000,0.000,147.574,74.318
2025-11-22 17:28:53,mlx5_9,0.000,0.000,0.000,0.000
2025-11-22 17:28:53,TOTAL,0.000,0.000,581.485,285.065
2025-11-22 17:28:54,mlx5_0,0.000,0.000,0.000,0.000
2025-11-22 17:28:54,mlx5_1,0.009,5.091,143.688,69.052
2025-11-22 17:28:54,mlx5_2,0.000,0.000,0.000,0.000
2025-11-22 17:28:54,mlx5_3,0.009,5.324,145.879,72.804
2025-11-22 17:28:54,mlx5_4,0.000,0.000,0.000,0.000
2025-11-22 17:28:54,mlx5_5,0.009,5.169,144.347,70.849
2025-11-22 17:28:54,mlx5_6,0.000,0.000,0.000,0.000
2025-11-22 17:28:54,mlx5_7,0.000,0.000,0.000,0.000
2025-11-22 17:28:54,mlx5_8,0.010,5.972,147.575,75.068
2025-11-22 17:28:54,mlx5_9,0.000,0.000,0.000,0.000
2025-11-22 17:28:54,TOTAL,0.038,21.555,581.489,287.773
2025-11-22 17:28:55,mlx5_0,0.000,0.000,0.000,0.000
2025-11-22 17:28:55,mlx5_1,0.131,74.570,143.704,78.424
2025-11-22 17:28:55,mlx5_2,0.000,0.000,0.000,0.000
2025-11-22 17:28:55,mlx5_3,0.149,78.912,145.898,82.722
2025-11-22 17:28:55,mlx5_4,0.000,0.000,0.000,0.000
2025-11-22 17:28:55,mlx5_5,0.139,76.323,144.365,80.442
2025-11-22 17:28:55,mlx5_6,0.000,0.000,0.000,0.000
2025-11-22 17:28:55,mlx5_7,0.000,0.000,0.000,0.000
2025-11-22 17:28:55,mlx5_8,0.152,81.452,147.594,85.306
2025-11-22 17:28:55,mlx5_9,0.000,0.000,0.000,0.000
2025-11-22 17:28:55,TOTAL,0.571,311.256,581.561,326.894
2025-11-22 17:28:56,mlx5_0,0.000,0.000,0.000,0.000
2025-11-22 17:28:56,mlx5_1,0.169,91.540,143.726,89.928
2025-11-22 17:28:56,mlx5_2,0.000,0.000,0.000,0.000
2025-11-22 17:28:56,mlx5_3,0.214,98.554,145.925,95.108
2025-11-22 17:28:56,mlx5_4,0.000,0.000,0.000,0.000
2025-11-22 17:28:56,mlx5_5,0.196,94.806,144.389,92.356
2025-11-22 17:28:56,mlx5_6,0.000,0.000,0.000,0.000
2025-11-22 17:28:56,mlx5_7,0.000,0.000,0.000,0.000
2025-11-22 17:28:56,mlx5_8,0.231,101.454,147.623,98.056
2025-11-22 17:28:56,mlx5_9,0.000,0.000,0.000,0.000
2025-11-22 17:28:56,TOTAL,0.809,386.353,581.663,375.449
2025-11-22 17:28:57,mlx5_0,0.000,0.000,0.000,0.000
2025-11-22 17:28:57,mlx5_1,0.261,145.867,143.758,108.260
2025-11-22 17:28:57,mlx5_2,0.000,0.000,0.000,0.000
2025-11-22 17:28:57,mlx5_3,0.322,155.084,145.965,114.597
2025-11-22 17:28:57,mlx5_4,0.000,0.000,0.000,0.000
2025-11-22 17:28:57,mlx5_5,0.289,149.149,144.426,111.100
2025-11-22 17:28:57,mlx5_6,0.000,0.000,0.000,0.000
2025-11-22 17:28:57,mlx5_7,0.000,0.000,0.000,0.000
2025-11-22 17:28:57,mlx5_8,0.309,159.787,147.662,118.136
2025-11-22 17:28:57,mlx5_9,0.000,0.000,0.000,0.000
2025-11-22 17:28:57,TOTAL,1.180,609.887,581.811,452.093
2025-11-22 17:28:58,mlx5_0,0.000,0.000,0.000,0.000
2025-11-22 17:28:58,mlx5_1,0.246,139.294,143.789,125.763
2025-11-22 17:28:58,mlx5_2,0.000,0.000,0.000,0.000
2025-11-22 17:28:58,mlx5_3,0.293,146.893,146.002,133.055
2025-11-22 17:28:58,mlx5_4,0.000,0.000,0.000,0.000
2025-11-22 17:28:58,mlx5_5,0.266,143.664,144.459,129.152
2025-11-22 17:28:58,mlx5_6,0.000,0.000,0.000,0.000
2025-11-22 17:28:58,mlx5_7,0.000,0.000,0.000,0.000
2025-11-22 17:28:58,mlx5_8,0.295,152.434,147.699,137.290
2025-11-22 17:28:58,mlx5_9,0.000,0.000,0.000,0.000
2025-11-22 17:28:58,TOTAL,1.099,582.285,581.949,525.261
2025-11-22 17:28:59,mlx5_0,0.000,0.000,0.000,0.000
2025-11-22 17:28:59,mlx5_1,0.235,131.869,143.819,142.336
2025-11-22 17:28:59,mlx5_2,0.000,0.000,0.000,0.000
2025-11-22 17:28:59,mlx5_3,0.268,140.564,146.035,150.721
2025-11-22 17:28:59,mlx5_4,0.000,0.000,0.000,0.000
2025-11-22 17:28:59,mlx5_5,0.249,135.743,144.490,146.212
2025-11-22 17:28:59,mlx5_6,0.000,0.000,0.000,0.000
2025-11-22 17:28:59,mlx5_7,0.000,0.000,0.000,0.000
2025-11-22 17:28:59,mlx5_8,0.270,146.780,147.733,155.737
2025-11-22 17:28:59,mlx5_9,0.000,0.000,0.000,0.000
2025-11-22 17:28:59,TOTAL,1.022,554.956,582.078,595.006
2025-11-22 17:29:00,mlx5_0,0.000,0.000,0.000,0.000
2025-11-22 17:29:00,mlx5_1,0.209,118.638,143.845,157.248
2025-11-22 17:29:00,mlx5_2,0.000,0.000,0.000,0.000
2025-11-22 17:29:00,mlx5_3,0.239,124.973,146.065,166.430
2025-11-22 17:29:00,mlx5_4,0.000,0.000,0.000,0.000
2025-11-22 17:29:00,mlx5_5,0.226,122.282,144.519,161.583
2025-11-22 17:29:00,mlx5_6,0.000,0.000,0.000,0.000
2025-11-22 17:29:00,mlx5_7,0.000,0.000,0.000,0.000
2025-11-22 17:29:00,mlx5_8,0.244,130.522,147.764,172.144
2025-11-22 17:29:00,mlx5_9,0.000,0.000,0.000,0.000
2025-11-22 17:29:00,TOTAL,0.918,496.416,582.193,657.404
2025-11-22 17:29:01,mlx5_0,0.000,0.000,0.000,0.000
2025-11-22 17:29:01,mlx5_1,0.222,125.393,143.873,173.001
2025-11-22 17:29:01,mlx5_2,0.000,0.000,0.000,0.000
2025-11-22 17:29:01,mlx5_3,0.262,132.371,146.098,183.059
2025-11-22 17:29:01,mlx5_4,0.000,0.000,0.000,0.000
2025-11-22 17:29:01,mlx5_5,0.234,127.459,144.548,177.595
2025-11-22 17:29:01,mlx5_6,0.000,0.000,0.000,0.000
2025-11-22 17:29:01,mlx5_7,0.000,0.000,0.000,0.000
2025-11-22 17:29:01,mlx5_8,0.264,138.490,147.797,189.541
2025-11-22 17:29:01,mlx5_9,0.000,0.000,0.000,0.000
2025-11-22 17:29:01,TOTAL,0.983,523.712,582.316,723.196
2025-11-22 17:29:02,mlx5_0,0.000,0.000,0.000,0.000
2025-11-22 17:29:02,mlx5_1,0.250,141.995,143.905,190.847
2025-11-22 17:29:02,mlx5_2,0.000,0.000,0.000,0.000
2025-11-22 17:29:02,mlx5_3,0.278,151.513,146.133,202.102
2025-11-22 17:29:02,mlx5_4,0.000,0.000,0.000,0.000
2025-11-22 17:29:02,mlx5_5,0.267,145.375,144.582,195.866
2025-11-22 17:29:02,mlx5_6,0.000,0.000,0.000,0.000
2025-11-22 17:29:02,mlx5_7,0.000,0.000,0.000,0.000
2025-11-22 17:29:02,mlx5_8,0.280,156.179,147.832,209.171
2025-11-22 17:29:02,mlx5_9,0.000,0.000,0.000,0.000
2025-11-22 17:29:02,TOTAL,1.074,595.062,582.451,797.987
2025-11-22 17:29:03,mlx5_0,0.000,0.000,0.000,0.000
2025-11-22 17:29:03,mlx5_1,0.200,114.717,143.930,205.269
2025-11-22 17:29:03,mlx5_2,0.000,0.000,0.000,0.000
2025-11-22 17:29:03,mlx5_3,0.229,122.839,146.162,217.545
2025-11-22 17:29:03,mlx5_4,0.000,0.000,0.000,0.000
2025-11-22 17:29:03,mlx5_5,0.218,117.400,144.609,210.625
2025-11-22 17:29:03,mlx5_6,0.000,0.000,0.000,0.000
2025-11-22 17:29:03,mlx5_7,0.000,0.000,0.000,0.000
2025-11-22 17:29:03,mlx5_8,0.241,126.379,147.862,225.058
2025-11-22 17:29:03,mlx5_9,0.000,0.000,0.000,0.000
2025-11-22 17:29:03,TOTAL,0.888,481.335,582.563,858.497
2025-11-22 17:29:04,mlx5_0,0.000,0.000,0.000,0.000
2025-11-22 17:29:04,mlx5_1,0.093,53.245,143.941,211.956
2025-11-22 17:29:04,mlx5_2,0.000,0.000,0.000,0.000
2025-11-22 17:29:04,mlx5_3,0.123,56.471,146.178,224.637
2025-11-22 17:29:04,mlx5_4,0.000,0.000,0.000,0.000
2025-11-22 17:29:04,mlx5_5,0.111,55.107,144.623,217.546
2025-11-22 17:29:04,mlx5_6,0.000,0.000,0.000,0.000
2025-11-22 17:29:04,mlx5_7,0.000,0.000,0.000,0.000
2025-11-22 17:29:04,mlx5_8,0.121,58.686,147.877,232.429
2025-11-22 17:29:04,mlx5_9,0.000,0.000,0.000,0.000
2025-11-22 17:29:04,TOTAL,0.448,223.508,582.619,886.569
2025-11-22 17:29:05,mlx5_0,0.000,0.000,0.000,0.000
2025-11-22 17:29:05,mlx5_1,0.000,0.000,143.941,211.956
2025-11-22 17:29:05,mlx5_2,0.000,0.000,0.000,0.000
2025-11-22 17:29:05,mlx5_3,0.000,0.000,146.178,224.637
2025-11-22 17:29:05,mlx5_4,0.000,0.000,0.000,0.000
2025-11-22 17:29:05,mlx5_5,0.000,0.000,144.623,217.546
2025-11-22 17:29:05,mlx5_6,0.000,0.000,0.000,0.000
2025-11-22 17:29:05,mlx5_7,0.000,0.000,0.000,0.000
2025-11-22 17:29:05,mlx5_8,0.000,0.000,147.877,232.429
2025-11-22 17:29:05,mlx5_9,0.000,0.000,0.000,0.000
2025-11-22 17:29:05,TOTAL,0.000,0.000,582.619,886.569
2025-11-22 17:29:06,mlx5_0,0.000,0.000,0.000,0.000
2025-11-22 17:29:06,mlx5_1,0.000,0.000,143.941,211.956
2025-11-22 17:29:06,mlx5_2,0.000,0.000,0.000,0.000
2025-11-22 17:29:06,mlx5_3,0.000,0.000,146.178,224.637
2025-11-22 17:29:06,mlx5_4,0.000,0.000,0.000,0.000
2025-11-22 17:29:06,mlx5_5,0.000,0.000,144.623,217.546
2025-11-22 17:29:06,mlx5_6,0.000,0.000,0.000,0.000
2025-11-22 17:29:06,mlx5_7,0.000,0.000,0.000,0.000
2025-11-22 17:29:06,mlx5_8,0.000,0.000,147.877,232.429
2025-11-22 17:29:06,mlx5_9,0.000,0.000,0.000,0.000
2025-11-22 17:29:06,TOTAL,0.000,0.000,582.619,886.569
2025-11-22 17:29:07,mlx5_0,0.000,0.000,0.000,0.000
2025-11-22 17:29:07,mlx5_1,0.000,0.000,143.941,211.956
2025-11-22 17:29:07,mlx5_2,0.000,0.000,0.000,0.000
2025-11-22 17:29:07,mlx5_3,0.000,0.000,146.178,224.637
2025-11-22 17:29:07,mlx5_4,0.000,0.000,0.000,0.000
2025-11-22 17:29:07,mlx5_5,0.000,0.000,144.623,217.546
2025-11-22 17:29:07,mlx5_6,0.000,0.000,0.000,0.000
2025-11-22 17:29:07,mlx5_7,0.000,0.000,0.000,0.000
2025-11-22 17:29:07,mlx5_8,0.000,0.000,147.877,232.429
2025-11-22 17:29:07,mlx5_9,0.000,0.000,0.000,0.000
2025-11-22 17:29:07,TOTAL,0.000,0.000,582.619,886.569
2025-11-22 17:29:08,mlx5_0,0.000,0.000,0.000,0.000
2025-11-22 17:29:08,mlx5_1,0.000,0.000,143.941,211.956
2025-11-22 17:29:08,mlx5_2,0.000,0.000,0.000,0.000
2025-11-22 17:29:08,mlx5_3,0.000,0.000,146.178,224.637
2025-11-22 17:29:08,mlx5_4,0.000,0.000,0.000,0.000
2025-11-22 17:29:08,mlx5_5,0.000,0.000,144.623,217.546
2025-11-22 17:29:08,mlx5_6,0.000,0.000,0.000,0.000
2025-11-22 17:29:08,mlx5_7,0.000,0.000,0.000,0.000
2025-11-22 17:29:08,mlx5_8,0.000,0.000,147.877,232.429
2025-11-22 17:29:08,mlx5_9,0.000,0.000,0.000,0.000
2025-11-22 17:29:08,TOTAL,0.000,0.000,582.619,886.569
2025-11-22 17:29:09,mlx5_0,0.000,0.000,0.000,0.000
2025-11-22 17:29:09,mlx5_1,0.000,0.000,143.941,211.956
2025-11-22 17:29:09,mlx5_2,0.000,0.000,0.000,0.000
2025-11-22 17:29:09,mlx5_3,0.000,0.000,146.178,224.637
2025-11-22 17:29:09,mlx5_4,0.000,0.000,0.000,0.000
2025-11-22 17:29:09,mlx5_5,0.000,0.000,144.623,217.546
2025-11-22 17:29:09,mlx5_6,0.000,0.000,0.000,0.000
2025-11-22 17:29:09,mlx5_7,0.000,0.000,0.000,0.000
2025-11-22 17:29:09,mlx5_8,0.000,0.000,147.877,232.429
2025-11-22 17:29:09,mlx5_9,0.000,0.000,0.000,0.000
2025-11-22 17:29:09,TOTAL,0.000,0.000,582.619,886.569
2025-11-22 17:29:10,mlx5_0,0.000,0.000,0.000,0.000
2025-11-22 17:29:10,mlx5_1,0.000,0.000,143.941,211.956
2025-11-22 17:29:10,mlx5_2,0.000,0.000,0.000,0.000
2025-11-22 17:29:10,mlx5_3,0.000,0.000,146.178,224.637
2025-11-22 17:29:10,mlx5_4,0.000,0.000,0.000,0.000
2025-11-22 17:29:10,mlx5_5,0.000,0.000,144.623,217.546
2025-11-22 17:29:10,mlx5_6,0.000,0.000,0.000,0.000
2025-11-22 17:29:10,mlx5_7,0.000,0.000,0.000,0.000
2025-11-22 17:29:10,mlx5_8,0.000,0.000,147.877,232.429
2025-11-22 17:29:10,mlx5_9,0.000,0.000,0.000,0.000
2025-11-22 17:29:10,TOTAL,0.000,0.000,582.619,886.569
2025-11-22 17:29:11,mlx5_0,0.000,0.000,0.000,0.000
2025-11-22 17:29:11,mlx5_1,0.000,0.000,143.941,211.956
2025-11-22 17:29:11,mlx5_2,0.000,0.000,0.000,0.000
2025-11-22 17:29:11,mlx5_3,0.000,0.000,146.178,224.637
2025-11-22 17:29:11,mlx5_4,0.000,0.000,0.000,0.000
2025-11-22 17:29:11,mlx5_5,0.000,0.000,144.623,217.546
2025-11-22 17:29:11,mlx5_6,0.000,0.000,0.000,0.000
2025-11-22 17:29:11,mlx5_7,0.000,0.000,0.000,0.000
2025-11-22 17:29:11,mlx5_8,0.000,0.000,147.877,232.429
2025-11-22 17:29:11,mlx5_9,0.000,0.000,0.000,0.000
2025-11-22 17:29:11,TOTAL,0.000,0.000,582.619,886.569
2025-11-22 17:29:12,mlx5_0,0.000,0.000,0.000,0.000
2025-11-22 17:29:12,mlx5_1,0.000,0.000,143.941,211.956
2025-11-22 17:29:12,mlx5_2,0.000,0.000,0.000,0.000
2025-11-22 17:29:12,mlx5_3,0.000,0.000,146.178,224.637
2025-11-22 17:29:12,mlx5_4,0.000,0.000,0.000,0.000
2025-11-22 17:29:12,mlx5_5,0.000,0.000,144.623,217.546
2025-11-22 17:29:12,mlx5_6,0.000,0.000,0.000,0.000
2025-11-22 17:29:12,mlx5_7,0.000,0.000,0.000,0.000
2025-11-22 17:29:12,mlx5_8,0.000,0.000,147.877,232.429
2025-11-22 17:29:12,mlx5_9,0.000,0.000,0.000,0.000
2025-11-22 17:29:12,TOTAL,0.000,0.000,582.619,886.569
2025-11-22 17:29:13,mlx5_0,0.000,0.000,0.000,0.000
2025-11-22 17:29:13,mlx5_1,0.000,0.000,143.941,211.956
2025-11-22 17:29:13,mlx5_2,0.000,0.000,0.000,0.000
2025-11-22 17:29:13,mlx5_3,0.000,0.000,146.178,224.637
2025-11-22 17:29:13,mlx5_4,0.000,0.000,0.000,0.000
2025-11-22 17:29:13,mlx5_5,0.000,0.000,144.623,217.546
2025-11-22 17:29:13,mlx5_6,0.000,0.000,0.000,0.000
2025-11-22 17:29:13,mlx5_7,0.000,0.000,0.000,0.000
2025-11-22 17:29:13,mlx5_8,0.000,0.000,147.877,232.429
2025-11-22 17:29:13,mlx5_9,0.000,0.000,0.000,0.000
2025-11-22 17:29:13,TOTAL,0.000,0.000,582.619,886.569
2025-11-22 17:29:14,mlx5_0,0.000,0.000,0.000,0.000
2025-11-22 17:29:14,mlx5_1,0.000,0.000,143.941,211.956
2025-11-22 17:29:14,mlx5_2,0.000,0.000,0.000,0.000
2025-11-22 17:29:14,mlx5_3,0.000,0.000,146.178,224.637
2025-11-22 17:29:14,mlx5_4,0.000,0.000,0.000,0.000
2025-11-22 17:29:14,mlx5_5,0.000,0.000,144.623,217.546
2025-11-22 17:29:14,mlx5_6,0.000,0.000,0.000,0.000
2025-11-22 17:29:14,mlx5_7,0.000,0.000,0.000,0.000
2025-11-22 17:29:14,mlx5_8,0.000,0.000,147.877,232.429
2025-11-22 17:29:14,mlx5_9,0.000,0.000,0.000,0.000
2025-11-22 17:29:14,TOTAL,0.000,0.000,582.619,886.569
2025-11-22 17:29:15,mlx5_0,0.000,0.000,0.000,0.000
2025-11-22 17:29:15,mlx5_1,0.000,0.000,143.941,211.956
2025-11-22 17:29:15,mlx5_2,0.000,0.000,0.000,0.000
2025-11-22 17:29:15,mlx5_3,0.000,0.000,146.178,224.637
2025-11-22 17:29:15,mlx5_4,0.000,0.000,0.000,0.000
2025-11-22 17:29:15,mlx5_5,0.000,0.000,144.623,217.546
2025-11-22 17:29:15,mlx5_6,0.000,0.000,0.000,0.000
2025-11-22 17:29:15,mlx5_7,0.000,0.000,0.000,0.000
2025-11-22 17:29:15,mlx5_8,0.000,0.000,147.877,232.429
2025-11-22 17:29:15,mlx5_9,0.000,0.000,0.000,0.000
2025-11-22 17:29:15,TOTAL,0.000,0.000,582.619,886.569
2025-11-22 17:29:16,mlx5_0,0.000,0.000,0.000,0.000
2025-11-22 17:29:16,mlx5_1,0.000,0.000,143.941,211.956
2025-11-22 17:29:16,mlx5_2,0.000,0.000,0.000,0.000
2025-11-22 17:29:16,mlx5_3,0.000,0.000,146.178,224.637
2025-11-22 17:29:16,mlx5_4,0.000,0.000,0.000,0.000
2025-11-22 17:29:16,mlx5_5,0.000,0.000,144.623,217.546
2025-11-22 17:29:16,mlx5_6,0.000,0.000,0.000,0.000
2025-11-22 17:29:16,mlx5_7,0.000,0.000,0.000,0.000
2025-11-22 17:29:16,mlx5_8,0.000,0.000,147.877,232.429
2025-11-22 17:29:16,mlx5_9,0.000,0.000,0.000,0.000
2025-11-22 17:29:16,TOTAL,0.000,0.000,582.619,886.569
2025-11-22 17:29:17,mlx5_0,0.000,0.000,0.000,0.000
2025-11-22 17:29:17,mlx5_1,0.000,0.000,143.941,211.956
2025-11-22 17:29:17,mlx5_2,0.000,0.000,0.000,0.000
2025-11-22 17:29:17,mlx5_3,0.000,0.000,146.178,224.637
2025-11-22 17:29:17,mlx5_4,0.000,0.000,0.000,0.000
2025-11-22 17:29:17,mlx5_5,0.000,0.000,144.623,217.546
2025-11-22 17:29:17,mlx5_6,0.000,0.000,0.000,0.000
2025-11-22 17:29:17,mlx5_7,0.000,0.000,0.000,0.000
2025-11-22 17:29:17,mlx5_8,0.000,0.000,147.877,232.429
2025-11-22 17:29:17,mlx5_9,0.000,0.000,0.000,0.000
2025-11-22 17:29:17,TOTAL,0.000,0.000,582.619,886.569
2025-11-22 17:29:18,mlx5_0,0.000,0.000,0.000,0.000
2025-11-22 17:29:18,mlx5_1,0.000,0.000,143.941,211.956
2025-11-22 17:29:18,mlx5_2,0.000,0.000,0.000,0.000
2025-11-22 17:29:18,mlx5_3,0.000,0.000,146.178,224.637
2025-11-22 17:29:18,mlx5_4,0.000,0.000,0.000,0.000
2025-11-22 17:29:18,mlx5_5,0.000,0.000,144.623,217.546
2025-11-22 17:29:18,mlx5_6,0.000,0.000,0.000,0.000
2025-11-22 17:29:18,mlx5_7,0.000,0.000,0.000,0.000
2025-11-22 17:29:18,mlx5_8,0.000,0.000,147.877,232.429
2025-11-22 17:29:18,mlx5_9,0.000,0.000,0.000,0.000
2025-11-22 17:29:18,TOTAL,0.000,0.000,582.619,886.569
2025-11-22 17:29:19,mlx5_0,0.000,0.000,0.000,0.000
2025-11-22 17:29:19,mlx5_1,0.000,0.000,143.941,211.956
2025-11-22 17:29:19,mlx5_2,0.000,0.000,0.000,0.000
2025-11-22 17:29:19,mlx5_3,0.000,0.000,146.178,224.637
2025-11-22 17:29:19,mlx5_4,0.000,0.000,0.000,0.000
2025-11-22 17:29:19,mlx5_5,0.000,0.000,144.623,217.546
2025-11-22 17:29:19,mlx5_6,0.000,0.000,0.000,0.000
2025-11-22 17:29:19,mlx5_7,0.000,0.000,0.000,0.000
2025-11-22 17:29:19,mlx5_8,0.000,0.000,147.877,232.429
2025-11-22 17:29:19,mlx5_9,0.000,0.000,0.000,0.000
2025-11-22 17:29:19,TOTAL,0.000,0.000,582.619,886.569
2025-11-22 17:29:20,mlx5_0,0.000,0.000,0.000,0.000
2025-11-22 17:29:20,mlx5_1,0.000,0.000,143.941,211.956
2025-11-22 17:29:20,mlx5_2,0.000,0.000,0.000,0.000
2025-11-22 17:29:20,mlx5_3,0.000,0.000,146.178,224.637
2025-11-22 17:29:20,mlx5_4,0.000,0.000,0.000,0.000
2025-11-22 17:29:20,mlx5_5,0.000,0.000,144.623,217.546
2025-11-22 17:29:20,mlx5_6,0.000,0.000,0.000,0.000
2025-11-22 17:29:20,mlx5_7,0.000,0.000,0.000,0.000
2025-11-22 17:29:20,mlx5_8,0.000,0.000,147.877,232.429
2025-11-22 17:29:20,mlx5_9,0.000,0.000,0.000,0.000
2025-11-22 17:29:20,TOTAL,0.000,0.000,582.619,886.569
2025-11-22 17:29:21,mlx5_0,0.000,0.000,0.000,0.000
2025-11-22 17:29:21,mlx5_1,0.000,0.000,143.941,211.956
2025-11-22 17:29:21,mlx5_2,0.000,0.000,0.000,0.000
2025-11-22 17:29:21,mlx5_3,0.000,0.000,146.178,224.637
2025-11-22 17:29:21,mlx5_4,0.000,0.000,0.000,0.000
2025-11-22 17:29:21,mlx5_5,0.000,0.000,144.623,217.546
2025-11-22 17:29:21,mlx5_6,0.000,0.000,0.000,0.000
2025-11-22 17:29:21,mlx5_7,0.000,0.000,0.000,0.000
2025-11-22 17:29:21,mlx5_8,0.000,0.000,147.877,232.429
2025-11-22 17:29:21,mlx5_9,0.000,0.000,0.000,0.000
2025-11-22 17:29:21,TOTAL,0.000,0.000,582.619,886.569
2025-11-22 17:29:22,mlx5_0,0.000,0.000,0.000,0.000
2025-11-22 17:29:22,mlx5_1,0.000,0.000,143.941,211.956
2025-11-22 17:29:22,mlx5_2,0.000,0.000,0.000,0.000
2025-11-22 17:29:22,mlx5_3,0.000,0.000,146.178,224.637
2025-11-22 17:29:22,mlx5_4,0.000,0.000,0.000,0.000
2025-11-22 17:29:22,mlx5_5,0.000,0.000,144.623,217.546
2025-11-22 17:29:22,mlx5_6,0.000,0.000,0.000,0.000
2025-11-22 17:29:22,mlx5_7,0.000,0.000,0.000,0.000
2025-11-22 17:29:22,mlx5_8,0.000,0.000,147.877,232.429
2025-11-22 17:29:22,mlx5_9,0.000,0.000,0.000,0.000
2025-11-22 17:29:22,TOTAL,0.000,0.000,582.619,886.569
2025-11-22 17:29:23,mlx5_0,0.000,0.000,0.000,0.000
2025-11-22 17:29:23,mlx5_1,0.000,0.000,143.941,211.956
2025-11-22 17:29:23,mlx5_2,0.000,0.000,0.000,0.000
2025-11-22 17:29:23,mlx5_3,0.000,0.000,146.178,224.637
2025-11-22 17:29:23,mlx5_4,0.000,0.000,0.000,0.000
2025-11-22 17:29:23,mlx5_5,0.000,0.000,144.623,217.546
2025-11-22 17:29:23,mlx5_6,0.000,0.000,0.000,0.000
2025-11-22 17:29:23,mlx5_7,0.000,0.000,0.000,0.000
2025-11-22 17:29:23,mlx5_8,0.000,0.000,147.877,232.429
2025-11-22 17:29:23,mlx5_9,0.000,0.000,0.000,0.000
2025-11-22 17:29:23,TOTAL,0.000,0.000,582.619,886.569
2025-11-22 17:29:24,mlx5_0,0.000,0.000,0.000,0.000
2025-11-22 17:29:24,mlx5_1,0.000,0.000,143.941,211.956
2025-11-22 17:29:24,mlx5_2,0.000,0.000,0.000,0.000
2025-11-22 17:29:24,mlx5_3,0.000,0.000,146.178,224.637
2025-11-22 17:29:24,mlx5_4,0.000,0.000,0.000,0.000
2025-11-22 17:29:24,mlx5_5,0.000,0.000,144.623,217.546
2025-11-22 17:29:24,mlx5_6,0.000,0.000,0.000,0.000
2025-11-22 17:29:24,mlx5_7,0.000,0.000,0.000,0.000
2025-11-22 17:29:24,mlx5_8,0.000,0.000,147.877,232.429
2025-11-22 17:29:24,mlx5_9,0.000,0.000,0.000,0.000
2025-11-22 17:29:24,TOTAL,0.000,0.000,582.619,886.569
2025-11-22 17:29:25,mlx5_0,0.000,0.000,0.000,0.000
2025-11-22 17:29:25,mlx5_1,0.057,32.691,143.948,216.060
2025-11-22 17:29:25,mlx5_2,0.000,0.000,0.000,0.000
2025-11-22 17:29:25,mlx5_3,0.066,35.737,146.186,229.123
2025-11-22 17:29:25,mlx5_4,0.000,0.000,0.000,0.000
2025-11-22 17:29:25,mlx5_5,0.062,34.074,144.631,221.824
2025-11-22 17:29:25,mlx5_6,0.000,0.000,0.000,0.000
2025-11-22 17:29:25,mlx5_7,0.000,0.000,0.000,0.000
2025-11-22 17:29:25,mlx5_8,0.065,37.347,147.886,237.118
2025-11-22 17:29:25,mlx5_9,0.000,0.000,0.000,0.000
2025-11-22 17:29:25,TOTAL,0.249,139.848,582.651,904.125
2025-11-22 17:29:26,mlx5_0,0.000,0.000,0.000,0.000
2025-11-22 17:29:26,mlx5_1,0.040,20.998,143.954,218.700
2025-11-22 17:29:26,mlx5_2,0.000,0.000,0.000,0.000
2025-11-22 17:29:26,mlx5_3,0.046,22.149,146.192,231.907
2025-11-22 17:29:26,mlx5_4,0.000,0.000,0.000,0.000
2025-11-22 17:29:26,mlx5_5,0.040,21.149,144.636,224.482
2025-11-22 17:29:26,mlx5_6,0.000,0.000,0.000,0.000
2025-11-22 17:29:26,mlx5_7,0.000,0.000,0.000,0.000
2025-11-22 17:29:26,mlx5_8,0.051,22.409,147.892,239.934
2025-11-22 17:29:26,mlx5_9,0.000,0.000,0.000,0.000
2025-11-22 17:29:26,TOTAL,0.178,86.706,582.673,915.023
2025-11-22 17:29:27,mlx5_0,0.000,0.000,0.000,0.000
2025-11-22 17:29:27,mlx5_1,0.000,0.000,143.954,218.700
2025-11-22 17:29:27,mlx5_2,0.000,0.000,0.000,0.000
2025-11-22 17:29:27,mlx5_3,0.000,0.000,146.192,231.907
2025-11-22 17:29:27,mlx5_4,0.000,0.000,0.000,0.000
2025-11-22 17:29:27,mlx5_5,0.000,0.000,144.636,224.482
2025-11-22 17:29:27,mlx5_6,0.000,0.000,0.000,0.000
2025-11-22 17:29:27,mlx5_7,0.000,0.000,0.000,0.000
2025-11-22 17:29:27,mlx5_8,0.000,0.000,147.892,239.934
2025-11-22 17:29:27,mlx5_9,0.000,0.000,0.000,0.000
2025-11-22 17:29:27,TOTAL,0.000,0.000,582.673,915.023
2025-11-22 17:29:28,mlx5_0,0.000,0.000,0.000,0.000
2025-11-22 17:29:28,mlx5_1,0.000,0.000,143.954,218.700
2025-11-22 17:29:28,mlx5_2,0.000,0.000,0.000,0.000
2025-11-22 17:29:28,mlx5_3,0.000,0.000,146.192,231.907
2025-11-22 17:29:28,mlx5_4,0.000,0.000,0.000,0.000
2025-11-22 17:29:28,mlx5_5,0.000,0.000,144.636,224.482
2025-11-22 17:29:28,mlx5_6,0.000,0.000,0.000,0.000
2025-11-22 17:29:28,mlx5_7,0.000,0.000,0.000,0.000
2025-11-22 17:29:28,mlx5_8,0.000,0.000,147.892,239.934
2025-11-22 17:29:28,mlx5_9,0.000,0.000,0.000,0.000
2025-11-22 17:29:28,TOTAL,0.000,0.000,582.673,915.023
2025-11-22 17:29:29,mlx5_0,0.000,0.000,0.000,0.000
2025-11-22 17:29:29,mlx5_1,9.052,0.012,145.090,218.701
2025-11-22 17:29:29,mlx5_2,0.000,0.000,0.000,0.000
2025-11-22 17:29:29,mlx5_3,9.219,0.012,147.350,231.909
2025-11-22 17:29:29,mlx5_4,0.000,0.000,0.000,0.000
2025-11-22 17:29:29,mlx5_5,9.396,0.012,145.816,224.484
2025-11-22 17:29:29,mlx5_6,0.000,0.000,0.000,0.000
2025-11-22 17:29:29,mlx5_7,0.000,0.000,0.000,0.000
2025-11-22 17:29:29,mlx5_8,9.559,0.012,149.093,239.936
2025-11-22 17:29:29,mlx5_9,0.000,0.000,0.000,0.000
2025-11-22 17:29:29,TOTAL,37.226,0.048,587.349,915.029
2025-11-22 17:29:30,mlx5_0,0.000,0.000,0.000,0.000
2025-11-22 17:29:30,mlx5_1,0.000,0.000,145.090,218.701
2025-11-22 17:29:30,mlx5_2,0.000,0.000,0.000,0.000
2025-11-22 17:29:30,mlx5_3,0.000,0.000,147.350,231.909
2025-11-22 17:29:30,mlx5_4,0.000,0.000,0.000,0.000
2025-11-22 17:29:30,mlx5_5,0.000,0.000,145.816,224.484
2025-11-22 17:29:30,mlx5_6,0.000,0.000,0.000,0.000
2025-11-22 17:29:30,mlx5_7,0.000,0.000,0.000,0.000
2025-11-22 17:29:30,mlx5_8,0.000,0.000,149.093,239.936
2025-11-22 17:29:30,mlx5_9,0.000,0.000,0.000,0.000
2025-11-22 17:29:30,TOTAL,0.000,0.000,587.349,915.029
2025-11-22 17:29:31,mlx5_0,0.000,0.000,0.000,0.000
2025-11-22 17:29:31,mlx5_1,0.000,0.000,145.090,218.701
2025-11-22 17:29:31,mlx5_2,0.000,0.000,0.000,0.000
2025-11-22 17:29:31,mlx5_3,0.000,0.000,147.350,231.909
2025-11-22 17:29:31,mlx5_4,0.000,0.000,0.000,0.000
2025-11-22 17:29:31,mlx5_5,0.000,0.000,145.816,224.484
2025-11-22 17:29:31,mlx5_6,0.000,0.000,0.000,0.000
2025-11-22 17:29:31,mlx5_7,0.000,0.000,0.000,0.000
2025-11-22 17:29:31,mlx5_8,0.000,0.000,149.093,239.936
2025-11-22 17:29:31,mlx5_9,0.000,0.000,0.000,0.000
2025-11-22 17:29:31,TOTAL,0.000,0.000,587.349,915.029
2025-11-22 17:29:32,mlx5_0,0.000,0.000,0.000,0.000
2025-11-22 17:29:32,mlx5_1,9.251,0.012,146.253,218.703
2025-11-22 17:29:32,mlx5_2,0.000,0.000,0.000,0.000
2025-11-22 17:29:32,mlx5_3,9.342,0.012,148.523,231.910
2025-11-22 17:29:32,mlx5_4,0.000,0.000,0.000,0.000
2025-11-22 17:29:32,mlx5_5,9.266,0.012,146.980,224.485
2025-11-22 17:29:32,mlx5_6,0.000,0.000,0.000,0.000
2025-11-22 17:29:32,mlx5_7,0.000,0.000,0.000,0.000
2025-11-22 17:29:32,mlx5_8,9.356,0.012,150.268,239.937
2025-11-22 17:29:32,mlx5_9,0.000,0.000,0.000,0.000
2025-11-22 17:29:32,TOTAL,37.215,0.048,592.025,915.035
2025-11-22 17:29:33,mlx5_0,0.000,0.000,0.000,0.000
2025-11-22 17:29:33,mlx5_1,0.000,0.000,146.253,218.703
2025-11-22 17:29:33,mlx5_2,0.000,0.000,0.000,0.000
2025-11-22 17:29:33,mlx5_3,0.000,0.000,148.523,231.910
2025-11-22 17:29:33,mlx5_4,0.000,0.000,0.000,0.000
2025-11-22 17:29:33,mlx5_5,0.000,0.000,146.980,224.485
2025-11-22 17:29:33,mlx5_6,0.000,0.000,0.000,0.000
2025-11-22 17:29:33,mlx5_7,0.000,0.000,0.000,0.000
2025-11-22 17:29:33,mlx5_8,0.000,0.000,150.268,239.937
2025-11-22 17:29:33,mlx5_9,0.000,0.000,0.000,0.000
2025-11-22 17:29:33,TOTAL,0.000,0.000,592.025,915.035
2025-11-22 17:29:34,mlx5_0,0.000,0.000,0.000,0.000
2025-11-22 17:29:34,mlx5_1,0.000,0.000,146.253,218.703
2025-11-22 17:29:34,mlx5_2,0.000,0.000,0.000,0.000
2025-11-22 17:29:34,mlx5_3,0.000,0.000,148.523,231.910
2025-11-22 17:29:34,mlx5_4,0.000,0.000,0.000,0.000
2025-11-22 17:29:34,mlx5_5,0.000,0.000,146.980,224.485
2025-11-22 17:29:34,mlx5_6,0.000,0.000,0.000,0.000
2025-11-22 17:29:34,mlx5_7,0.000,0.000,0.000,0.000
2025-11-22 17:29:34,mlx5_8,0.000,0.000,150.268,239.937
2025-11-22 17:29:34,mlx5_9,0.000,0.000,0.000,0.000
2025-11-22 17:29:34,TOTAL,0.000,0.000,592.025,915.035
2025-11-22 17:29:35,mlx5_0,0.000,0.000,0.000,0.000
2025-11-22 17:29:35,mlx5_1,0.000,0.000,146.253,218.703
2025-11-22 17:29:35,mlx5_2,0.000,0.000,0.000,0.000
2025-11-22 17:29:35,mlx5_3,0.000,0.000,148.523,231.910
2025-11-22 17:29:35,mlx5_4,0.000,0.000,0.000,0.000
2025-11-22 17:29:35,mlx5_5,0.000,0.000,146.980,224.485
2025-11-22 17:29:35,mlx5_6,0.000,0.000,0.000,0.000
2025-11-22 17:29:35,mlx5_7,0.000,0.000,0.000,0.000
2025-11-22 17:29:35,mlx5_8,0.000,0.000,150.268,239.937
2025-11-22 17:29:35,mlx5_9,0.000,0.000,0.000,0.000
2025-11-22 17:29:35,TOTAL,0.000,0.000,592.025,915.035
2025-11-22 17:29:36,mlx5_0,0.000,0.000,0.000,0.000
2025-11-22 17:29:36,mlx5_1,9.348,0.012,147.427,218.704
2025-11-22 17:29:36,mlx5_2,0.000,0.000,0.000,0.000
2025-11-22 17:29:36,mlx5_3,9.267,0.012,149.687,231.912
2025-11-22 17:29:36,mlx5_4,0.000,0.000,0.000,0.000
2025-11-22 17:29:36,mlx5_5,9.150,0.012,148.129,224.487
2025-11-22 17:29:36,mlx5_6,0.000,0.000,0.000,0.000
2025-11-22 17:29:36,mlx5_7,0.000,0.000,0.000,0.000
2025-11-22 17:29:36,mlx5_8,9.476,0.012,151.458,239.939
2025-11-22 17:29:36,mlx5_9,0.000,0.000,0.000,0.000
2025-11-22 17:29:36,TOTAL,37.241,0.048,596.701,915.041
2025-11-22 17:29:37,mlx5_0,0.000,0.000,0.000,0.000
2025-11-22 17:29:37,mlx5_1,0.000,0.000,147.427,218.704
2025-11-22 17:29:37,mlx5_2,0.000,0.000,0.000,0.000
2025-11-22 17:29:37,mlx5_3,0.000,0.000,149.687,231.912
2025-11-22 17:29:37,mlx5_4,0.000,0.000,0.000,0.000
2025-11-22 17:29:37,mlx5_5,0.000,0.000,148.129,224.487
2025-11-22 17:29:37,mlx5_6,0.000,0.000,0.000,0.000
2025-11-22 17:29:37,mlx5_7,0.000,0.000,0.000,0.000
2025-11-22 17:29:37,mlx5_8,0.000,0.000,151.458,239.939
2025-11-22 17:29:37,mlx5_9,0.000,0.000,0.000,0.000
2025-11-22 17:29:37,TOTAL,0.000,0.000,596.701,915.041
2025-11-22 17:29:38,mlx5_0,0.000,0.000,0.000,0.000
2025-11-22 17:29:38,mlx5_1,0.000,0.000,147.427,218.704
2025-11-22 17:29:38,mlx5_2,0.000,0.000,0.000,0.000
2025-11-22 17:29:38,mlx5_3,0.000,0.000,149.687,231.912
2025-11-22 17:29:38,mlx5_4,0.000,0.000,0.000,0.000
2025-11-22 17:29:38,mlx5_5,0.000,0.000,148.129,224.487
2025-11-22 17:29:38,mlx5_6,0.000,0.000,0.000,0.000
2025-11-22 17:29:38,mlx5_7,0.000,0.000,0.000,0.000
2025-11-22 17:29:38,mlx5_8,0.000,0.000,151.458,239.939
2025-11-22 17:29:38,mlx5_9,0.000,0.000,0.000,0.000
2025-11-22 17:29:38,TOTAL,0.000,0.000,596.701,915.041
2025-11-22 17:29:39,mlx5_0,0.000,0.000,0.000,0.000
2025-11-22 17:29:39,mlx5_1,0.000,0.000,147.427,218.704
2025-11-22 17:29:39,mlx5_2,0.000,0.000,0.000,0.000
2025-11-22 17:29:39,mlx5_3,0.000,0.000,149.687,231.912
2025-11-22 17:29:39,mlx5_4,0.000,0.000,0.000,0.000
2025-11-22 17:29:39,mlx5_5,0.000,0.000,148.129,224.487
2025-11-22 17:29:39,mlx5_6,0.000,0.000,0.000,0.000
2025-11-22 17:29:39,mlx5_7,0.000,0.000,0.000,0.000
2025-11-22 17:29:39,mlx5_8,0.000,0.000,151.458,239.939
2025-11-22 17:29:39,mlx5_9,0.000,0.000,0.000,0.000
2025-11-22 17:29:39,TOTAL,0.000,0.000,596.701,915.041
2025-11-22 17:29:40,mlx5_0,0.000,0.000,0.000,0.000
2025-11-22 17:29:40,mlx5_1,9.142,0.012,148.575,218.706
2025-11-22 17:29:40,mlx5_2,0.000,0.000,0.000,0.000
2025-11-22 17:29:40,mlx5_3,9.381,0.012,150.865,231.913
2025-11-22 17:29:40,mlx5_4,0.000,0.000,0.000,0.000
2025-11-22 17:29:40,mlx5_5,9.105,0.012,149.273,224.488
2025-11-22 17:29:40,mlx5_6,0.000,0.000,0.000,0.000
2025-11-22 17:29:40,mlx5_7,0.000,0.000,0.000,0.000
2025-11-22 17:29:40,mlx5_8,9.599,0.012,152.664,239.940
2025-11-22 17:29:40,mlx5_9,0.000,0.000,0.000,0.000
2025-11-22 17:29:40,TOTAL,37.227,0.048,601.377,915.047
2025-11-22 17:29:41,mlx5_0,0.000,0.000,0.000,0.000
2025-11-22 17:29:41,mlx5_1,0.000,0.000,148.575,218.706
2025-11-22 17:29:41,mlx5_2,0.000,0.000,0.000,0.000
2025-11-22 17:29:41,mlx5_3,0.000,0.000,150.865,231.913
2025-11-22 17:29:41,mlx5_4,0.000,0.000,0.000,0.000
2025-11-22 17:29:41,mlx5_5,0.000,0.000,149.273,224.488
2025-11-22 17:29:41,mlx5_6,0.000,0.000,0.000,0.000
2025-11-22 17:29:41,mlx5_7,0.000,0.000,0.000,0.000
2025-11-22 17:29:41,mlx5_8,0.000,0.000,152.664,239.940
2025-11-22 17:29:41,mlx5_9,0.000,0.000,0.000,0.000
2025-11-22 17:29:41,TOTAL,0.000,0.000,601.377,915.047
2025-11-22 17:29:42,mlx5_0,0.000,0.000,0.000,0.000
2025-11-22 17:29:42,mlx5_1,0.000,0.000,148.575,218.706
2025-11-22 17:29:42,mlx5_2,0.000,0.000,0.000,0.000
2025-11-22 17:29:42,mlx5_3,0.000,0.000,150.865,231.913
2025-11-22 17:29:42,mlx5_4,0.000,0.000,0.000,0.000
2025-11-22 17:29:42,mlx5_5,0.000,0.000,149.273,224.488
2025-11-22 17:29:42,mlx5_6,0.000,0.000,0.000,0.000
2025-11-22 17:29:42,mlx5_7,0.000,0.000,0.000,0.000
2025-11-22 17:29:42,mlx5_8,0.000,0.000,152.664,239.940
2025-11-22 17:29:42,mlx5_9,0.000,0.000,0.000,0.000
2025-11-22 17:29:42,TOTAL,0.000,0.000,601.377,915.047
2025-11-22 17:29:43,mlx5_0,0.000,0.000,0.000,0.000
2025-11-22 17:29:43,mlx5_1,0.000,0.000,148.575,218.706
2025-11-22 17:29:43,mlx5_2,0.000,0.000,0.000,0.000
2025-11-22 17:29:43,mlx5_3,0.000,0.000,150.865,231.913
2025-11-22 17:29:43,mlx5_4,0.000,0.000,0.000,0.000
2025-11-22 17:29:43,mlx5_5,0.000,0.000,149.273,224.488
2025-11-22 17:29:43,mlx5_6,0.000,0.000,0.000,0.000
2025-11-22 17:29:43,mlx5_7,0.000,0.000,0.000,0.000
2025-11-22 17:29:43,mlx5_8,0.000,0.000,152.664,239.940
2025-11-22 17:29:43,mlx5_9,0.000,0.000,0.000,0.000
2025-11-22 17:29:43,TOTAL,0.000,0.000,601.377,915.047
2025-11-22 17:29:44,mlx5_0,0.000,0.000,0.000,0.000
2025-11-22 17:29:44,mlx5_1,9.301,0.012,149.743,218.707
2025-11-22 17:29:44,mlx5_2,0.000,0.000,0.000,0.000
2025-11-22 17:29:44,mlx5_3,9.222,0.012,152.024,231.915
2025-11-22 17:29:44,mlx5_4,0.000,0.000,0.000,0.000
2025-11-22 17:29:44,mlx5_5,9.349,0.012,150.447,224.490
2025-11-22 17:29:44,mlx5_6,0.000,0.000,0.000,0.000
2025-11-22 17:29:44,mlx5_7,0.000,0.000,0.000,0.000
2025-11-22 17:29:44,mlx5_8,9.354,0.012,153.839,239.942
2025-11-22 17:29:44,mlx5_9,0.000,0.000,0.000,0.000
2025-11-22 17:29:44,TOTAL,37.225,0.049,606.053,915.053
2025-11-22 17:29:45,mlx5_0,0.000,0.000,0.000,0.000
2025-11-22 17:29:45,mlx5_1,0.000,0.000,149.743,218.707
2025-11-22 17:29:45,mlx5_2,0.000,0.000,0.000,0.000
2025-11-22 17:29:45,mlx5_3,0.000,0.000,152.024,231.915
2025-11-22 17:29:45,mlx5_4,0.000,0.000,0.000,0.000
2025-11-22 17:29:45,mlx5_5,0.000,0.000,150.447,224.490
2025-11-22 17:29:45,mlx5_6,0.000,0.000,0.000,0.000
2025-11-22 17:29:45,mlx5_7,0.000,0.000,0.000,0.000
2025-11-22 17:29:45,mlx5_8,0.000,0.000,153.839,239.942
2025-11-22 17:29:45,mlx5_9,0.000,0.000,0.000,0.000
2025-11-22 17:29:45,TOTAL,0.000,0.000,606.053,915.053
2025-11-22 17:29:46,mlx5_0,0.000,0.000,0.000,0.000
2025-11-22 17:29:46,mlx5_1,0.000,0.000,149.743,218.707
2025-11-22 17:29:46,mlx5_2,0.000,0.000,0.000,0.000
2025-11-22 17:29:46,mlx5_3,0.000,0.000,152.024,231.915
2025-11-22 17:29:46,mlx5_4,0.000,0.000,0.000,0.000
2025-11-22 17:29:46,mlx5_5,0.000,0.000,150.447,224.490
2025-11-22 17:29:46,mlx5_6,0.000,0.000,0.000,0.000
2025-11-22 17:29:46,mlx5_7,0.000,0.000,0.000,0.000
2025-11-22 17:29:46,mlx5_8,0.000,0.000,153.839,239.942
2025-11-22 17:29:46,mlx5_9,0.000,0.000,0.000,0.000
2025-11-22 17:29:46,TOTAL,0.000,0.000,606.053,915.053
2025-11-22 17:29:47,mlx5_0,0.000,0.000,0.000,0.000
2025-11-22 17:29:47,mlx5_1,0.000,0.000,149.743,218.707
2025-11-22 17:29:47,mlx5_2,0.000,0.000,0.000,0.000
2025-11-22 17:29:47,mlx5_3,0.000,0.000,152.024,231.915
2025-11-22 17:29:47,mlx5_4,0.000,0.000,0.000,0.000
2025-11-22 17:29:47,mlx5_5,0.000,0.000,150.447,224.490
2025-11-22 17:29:47,mlx5_6,0.000,0.000,0.000,0.000
2025-11-22 17:29:47,mlx5_7,0.000,0.000,0.000,0.000
2025-11-22 17:29:47,mlx5_8,0.000,0.000,153.839,239.942
2025-11-22 17:29:47,mlx5_9,0.000,0.000,0.000,0.000
2025-11-22 17:29:47,TOTAL,0.000,0.000,606.053,915.053
2025-11-22 17:29:48,mlx5_0,0.000,0.000,0.000,0.000
2025-11-22 17:29:48,mlx5_1,0.000,0.000,149.743,218.707
2025-11-22 17:29:48,mlx5_2,0.000,0.000,0.000,0.000
2025-11-22 17:29:48,mlx5_3,0.000,0.000,152.024,231.915
2025-11-22 17:29:48,mlx5_4,0.000,0.000,0.000,0.000
2025-11-22 17:29:48,mlx5_5,0.000,0.000,150.447,224.490
2025-11-22 17:29:48,mlx5_6,0.000,0.000,0.000,0.000
2025-11-22 17:29:48,mlx5_7,0.000,0.000,0.000,0.000
2025-11-22 17:29:48,mlx5_8,0.000,0.000,153.839,239.942
2025-11-22 17:29:48,mlx5_9,0.000,0.000,0.000,0.000
2025-11-22 17:29:48,TOTAL,0.000,0.000,606.053,915.053
2025-11-22 17:29:49,mlx5_0,0.000,0.000,0.000,0.000
2025-11-22 17:29:49,mlx5_1,9.139,0.012,150.891,218.709
2025-11-22 17:29:49,mlx5_2,0.000,0.000,0.000,0.000
2025-11-22 17:29:49,mlx5_3,9.255,0.012,153.186,231.916
2025-11-22 17:29:49,mlx5_4,0.000,0.000,0.000,0.000
2025-11-22 17:29:49,mlx5_5,9.343,0.012,151.621,224.491
2025-11-22 17:29:49,mlx5_6,0.000,0.000,0.000,0.000
2025-11-22 17:29:49,mlx5_7,0.000,0.000,0.000,0.000
2025-11-22 17:29:49,mlx5_8,9.491,0.012,155.031,239.944
2025-11-22 17:29:49,mlx5_9,0.000,0.000,0.000,0.000
2025-11-22 17:29:49,TOTAL,37.228,0.048,610.729,915.059
2025-11-22 17:29:50,mlx5_0,0.000,0.000,0.000,0.000
2025-11-22 17:29:50,mlx5_1,1.279,0.002,151.052,218.709
2025-11-22 17:29:50,mlx5_2,0.000,0.000,0.000,0.000
2025-11-22 17:29:50,mlx5_3,1.375,0.002,153.359,231.916
2025-11-22 17:29:50,mlx5_4,0.000,0.000,0.000,0.000
2025-11-22 17:29:50,mlx5_5,1.351,0.002,151.791,224.491
2025-11-22 17:29:50,mlx5_6,0.000,0.000,0.000,0.000
2025-11-22 17:29:50,mlx5_7,0.000,0.000,0.000,0.000
2025-11-22 17:29:50,mlx5_8,1.374,0.002,155.203,239.944
2025-11-22 17:29:50,mlx5_9,0.000,0.000,0.000,0.000
2025-11-22 17:29:50,TOTAL,5.379,0.007,611.404,915.060
2025-11-22 17:29:51,mlx5_0,0.000,0.000,0.000,0.000
2025-11-22 17:29:51,mlx5_1,0.091,52.041,151.063,225.248
2025-11-22 17:29:51,mlx5_2,0.000,0.000,0.000,0.000
2025-11-22 17:29:51,mlx5_3,0.099,55.629,153.371,238.906
2025-11-22 17:29:51,mlx5_4,0.000,0.000,0.000,0.000
2025-11-22 17:29:51,mlx5_5,0.095,53.246,151.803,231.182
2025-11-22 17:29:51,mlx5_6,0.000,0.000,0.000,0.000
2025-11-22 17:29:51,mlx5_7,0.000,0.000,0.000,0.000
2025-11-22 17:29:51,mlx5_8,0.098,57.094,155.216,247.118
2025-11-22 17:29:51,mlx5_9,0.000,0.000,0.000,0.000
2025-11-22 17:29:51,TOTAL,0.383,218.010,611.453,942.454
2025-11-22 17:29:52,mlx5_0,0.000,0.000,0.000,0.000
2025-11-22 17:29:52,mlx5_1,0.193,110.926,151.087,239.184
2025-11-22 17:29:52,mlx5_2,0.000,0.000,0.000,0.000
2025-11-22 17:29:52,mlx5_3,0.229,117.136,153.400,253.622
2025-11-22 17:29:52,mlx5_4,0.000,0.000,0.000,0.000
2025-11-22 17:29:52,mlx5_5,0.228,114.319,151.831,245.544
2025-11-22 17:29:52,mlx5_6,0.000,0.000,0.000,0.000
2025-11-22 17:29:52,mlx5_7,0.000,0.000,0.000,0.000
2025-11-22 17:29:52,mlx5_8,0.236,122.110,155.245,262.459
2025-11-22 17:29:52,mlx5_9,0.000,0.000,0.000,0.000
2025-11-22 17:29:52,TOTAL,0.887,464.490,611.564,1000.808
2025-11-22 17:29:53,mlx5_0,0.000,0.000,0.000,0.000
2025-11-22 17:29:53,mlx5_1,0.000,0.000,151.087,239.184
2025-11-22 17:29:53,mlx5_2,0.000,0.000,0.000,0.000
2025-11-22 17:29:53,mlx5_3,0.000,0.000,153.400,253.622
2025-11-22 17:29:53,mlx5_4,0.000,0.000,0.000,0.000
2025-11-22 17:29:53,mlx5_5,0.000,0.000,151.831,245.544
2025-11-22 17:29:53,mlx5_6,0.000,0.000,0.000,0.000
2025-11-22 17:29:53,mlx5_7,0.000,0.000,0.000,0.000
2025-11-22 17:29:53,mlx5_8,0.000,0.000,155.245,262.459
2025-11-22 17:29:53,mlx5_9,0.000,0.000,0.000,0.000
2025-11-22 17:29:53,TOTAL,0.000,0.000,611.564,1000.808
2025-11-22 17:29:54,mlx5_0,0.000,0.000,0.000,0.000
2025-11-22 17:29:54,mlx5_1,0.000,0.000,151.087,239.184
2025-11-22 17:29:54,mlx5_2,0.000,0.000,0.000,0.000
2025-11-22 17:29:54,mlx5_3,0.000,0.000,153.400,253.622
2025-11-22 17:29:54,mlx5_4,0.000,0.000,0.000,0.000
2025-11-22 17:29:54,mlx5_5,0.000,0.000,151.831,245.544
2025-11-22 17:29:54,mlx5_6,0.000,0.000,0.000,0.000
2025-11-22 17:29:54,mlx5_7,0.000,0.000,0.000,0.000
2025-11-22 17:29:54,mlx5_8,0.000,0.000,155.245,262.459
2025-11-22 17:29:54,mlx5_9,0.000,0.000,0.000,0.000
2025-11-22 17:29:54,TOTAL,0.000,0.000,611.564,1000.808
2025-11-22 17:29:55,mlx5_0,0.000,0.000,0.000,0.000
2025-11-22 17:29:55,mlx5_1,9.204,0.012,152.244,239.185
2025-11-22 17:29:55,mlx5_2,0.000,0.000,0.000,0.000
2025-11-22 17:29:55,mlx5_3,9.342,0.012,154.574,253.624
2025-11-22 17:29:55,mlx5_4,0.000,0.000,0.000,0.000
2025-11-22 17:29:55,mlx5_5,9.312,0.012,153.001,245.545
2025-11-22 17:29:55,mlx5_6,0.000,0.000,0.000,0.000
2025-11-22 17:29:55,mlx5_7,0.000,0.000,0.000,0.000
2025-11-22 17:29:55,mlx5_8,9.365,0.012,156.422,262.460
2025-11-22 17:29:55,mlx5_9,0.000,0.000,0.000,0.000
2025-11-22 17:29:55,TOTAL,37.224,0.048,616.240,1000.814
2025-11-22 17:29:56,mlx5_0,0.000,0.000,0.000,0.000
2025-11-22 17:29:56,mlx5_1,0.000,0.000,152.244,239.185
2025-11-22 17:29:56,mlx5_2,0.000,0.000,0.000,0.000
2025-11-22 17:29:56,mlx5_3,0.000,0.000,154.574,253.624
2025-11-22 17:29:56,mlx5_4,0.000,0.000,0.000,0.000
2025-11-22 17:29:56,mlx5_5,0.000,0.000,153.001,245.545
2025-11-22 17:29:56,mlx5_6,0.000,0.000,0.000,0.000
2025-11-22 17:29:56,mlx5_7,0.000,0.000,0.000,0.000
2025-11-22 17:29:56,mlx5_8,0.000,0.000,156.422,262.460
2025-11-22 17:29:56,mlx5_9,0.000,0.000,0.000,0.000
2025-11-22 17:29:56,TOTAL,0.000,0.000,616.240,1000.814
2025-11-22 17:29:57,mlx5_0,0.000,0.000,0.000,0.000
2025-11-22 17:29:57,mlx5_1,0.000,0.000,152.244,239.185
2025-11-22 17:29:57,mlx5_2,0.000,0.000,0.000,0.000
2025-11-22 17:29:57,mlx5_3,0.000,0.000,154.574,253.624
2025-11-22 17:29:57,mlx5_4,0.000,0.000,0.000,0.000
2025-11-22 17:29:57,mlx5_5,0.000,0.000,153.001,245.545
2025-11-22 17:29:57,mlx5_6,0.000,0.000,0.000,0.000
2025-11-22 17:29:57,mlx5_7,0.000,0.000,0.000,0.000
2025-11-22 17:29:57,mlx5_8,0.000,0.000,156.422,262.460
2025-11-22 17:29:57,mlx5_9,0.000,0.000,0.000,0.000
2025-11-22 17:29:57,TOTAL,0.000,0.000,616.240,1000.814
2025-11-22 17:29:58,mlx5_0,0.000,0.000,0.000,0.000
2025-11-22 17:29:58,mlx5_1,0.000,0.000,152.244,239.185
2025-11-22 17:29:58,mlx5_2,0.000,0.000,0.000,0.000
2025-11-22 17:29:58,mlx5_3,0.000,0.000,154.574,253.624
2025-11-22 17:29:58,mlx5_4,0.000,0.000,0.000,0.000
2025-11-22 17:29:58,mlx5_5,0.000,0.000,153.001,245.545
2025-11-22 17:29:58,mlx5_6,0.000,0.000,0.000,0.000
2025-11-22 17:29:58,mlx5_7,0.000,0.000,0.000,0.000
2025-11-22 17:29:58,mlx5_8,0.000,0.000,156.422,262.460
2025-11-22 17:29:58,mlx5_9,0.000,0.000,0.000,0.000
2025-11-22 17:29:58,TOTAL,0.000,0.000,616.240,1000.814
2025-11-22 17:29:59,mlx5_0,0.000,0.000,0.000,0.000
2025-11-22 17:29:59,mlx5_1,9.155,0.012,153.394,239.187
2025-11-22 17:29:59,mlx5_2,0.000,0.000,0.000,0.000
2025-11-22 17:29:59,mlx5_3,9.254,0.012,155.736,253.625
2025-11-22 17:29:59,mlx5_4,0.000,0.000,0.000,0.000
2025-11-22 17:29:59,mlx5_5,9.261,0.012,154.164,245.547
2025-11-22 17:29:59,mlx5_6,0.000,0.000,0.000,0.000
2025-11-22 17:29:59,mlx5_7,0.000,0.000,0.000,0.000
2025-11-22 17:29:59,mlx5_8,9.554,0.012,157.622,262.462
2025-11-22 17:29:59,mlx5_9,0.000,0.000,0.000,0.000
2025-11-22 17:29:59,TOTAL,37.225,0.048,620.916,1000.820
2025-11-22 17:30:00,mlx5_0,0.000,0.000,0.000,0.000
2025-11-22 17:30:00,mlx5_1,0.000,0.000,153.394,239.187
2025-11-22 17:30:00,mlx5_2,0.000,0.000,0.000,0.000
2025-11-22 17:30:00,mlx5_3,0.000,0.000,155.736,253.625
2025-11-22 17:30:00,mlx5_4,0.000,0.000,0.000,0.000
2025-11-22 17:30:00,mlx5_5,0.000,0.000,154.164,245.547
2025-11-22 17:30:00,mlx5_6,0.000,0.000,0.000,0.000
2025-11-22 17:30:00,mlx5_7,0.000,0.000,0.000,0.000
2025-11-22 17:30:00,mlx5_8,0.000,0.000,157.622,262.462
2025-11-22 17:30:00,mlx5_9,0.000,0.000,0.000,0.000
2025-11-22 17:30:00,TOTAL,0.000,0.000,620.916,1000.820
2025-11-22 17:30:01,mlx5_0,0.000,0.000,0.000,0.000
2025-11-22 17:30:01,mlx5_1,0.000,0.000,153.394,239.187
2025-11-22 17:30:01,mlx5_2,0.000,0.000,0.000,0.000
2025-11-22 17:30:01,mlx5_3,0.000,0.000,155.736,253.625
2025-11-22 17:30:01,mlx5_4,0.000,0.000,0.000,0.000
2025-11-22 17:30:01,mlx5_5,0.000,0.000,154.164,245.547
2025-11-22 17:30:01,mlx5_6,0.000,0.000,0.000,0.000
2025-11-22 17:30:01,mlx5_7,0.000,0.000,0.000,0.000
2025-11-22 17:30:01,mlx5_8,0.000,0.000,157.622,262.462
2025-11-22 17:30:01,mlx5_9,0.000,0.000,0.000,0.000
2025-11-22 17:30:01,TOTAL,0.000,0.000,620.916,1000.820
2025-11-22 17:30:02,mlx5_0,0.000,0.000,0.000,0.000
2025-11-22 17:30:02,mlx5_1,9.140,0.012,154.542,239.188
2025-11-22 17:30:02,mlx5_2,0.000,0.000,0.000,0.000
2025-11-22 17:30:02,mlx5_3,9.432,0.012,156.921,253.627
2025-11-22 17:30:02,mlx5_4,0.000,0.000,0.000,0.000
2025-11-22 17:30:02,mlx5_5,9.312,0.012,155.334,245.548
2025-11-22 17:30:02,mlx5_6,0.000,0.000,0.000,0.000
2025-11-22 17:30:02,mlx5_7,0.000,0.000,0.000,0.000
2025-11-22 17:30:02,mlx5_8,9.340,0.012,158.795,262.463
2025-11-22 17:30:02,mlx5_9,0.000,0.000,0.000,0.000
2025-11-22 17:30:02,TOTAL,37.224,0.048,625.591,1000.826
2025-11-22 17:30:03,mlx5_0,0.000,0.000,0.000,0.000
2025-11-22 17:30:03,mlx5_1,0.000,0.000,154.542,239.188
2025-11-22 17:30:03,mlx5_2,0.000,0.000,0.000,0.000
2025-11-22 17:30:03,mlx5_3,0.000,0.000,156.921,253.627
2025-11-22 17:30:03,mlx5_4,0.000,0.000,0.000,0.000
2025-11-22 17:30:03,mlx5_5,0.000,0.000,155.334,245.548
2025-11-22 17:30:03,mlx5_6,0.000,0.000,0.000,0.000
2025-11-22 17:30:03,mlx5_7,0.000,0.000,0.000,0.000
2025-11-22 17:30:03,mlx5_8,0.000,0.000,158.795,262.463
2025-11-22 17:30:03,mlx5_9,0.000,0.000,0.000,0.000
2025-11-22 17:30:03,TOTAL,0.000,0.000,625.591,1000.826
2025-11-22 17:30:04,mlx5_0,0.000,0.000,0.000,0.000
2025-11-22 17:30:04,mlx5_1,0.000,0.000,154.542,239.188
2025-11-22 17:30:04,mlx5_2,0.000,0.000,0.000,0.000
2025-11-22 17:30:04,mlx5_3,0.000,0.000,156.921,253.627
2025-11-22 17:30:04,mlx5_4,0.000,0.000,0.000,0.000
2025-11-22 17:30:04,mlx5_5,0.000,0.000,155.334,245.548
2025-11-22 17:30:04,mlx5_6,0.000,0.000,0.000,0.000
2025-11-22 17:30:04,mlx5_7,0.000,0.000,0.000,0.000
2025-11-22 17:30:04,mlx5_8,0.000,0.000,158.795,262.463
2025-11-22 17:30:04,mlx5_9,0.000,0.000,0.000,0.000
2025-11-22 17:30:04,TOTAL,0.000,0.000,625.591,1000.826
2025-11-22 17:30:05,mlx5_0,0.000,0.000,0.000,0.000
2025-11-22 17:30:05,mlx5_1,0.000,0.000,154.542,239.188
2025-11-22 17:30:05,mlx5_2,0.000,0.000,0.000,0.000
2025-11-22 17:30:05,mlx5_3,0.000,0.000,156.921,253.627
2025-11-22 17:30:05,mlx5_4,0.000,0.000,0.000,0.000
2025-11-22 17:30:05,mlx5_5,0.000,0.000,155.334,245.548
2025-11-22 17:30:05,mlx5_6,0.000,0.000,0.000,0.000
2025-11-22 17:30:05,mlx5_7,0.000,0.000,0.000,0.000
2025-11-22 17:30:05,mlx5_8,0.000,0.000,158.795,262.463
2025-11-22 17:30:05,mlx5_9,0.000,0.000,0.000,0.000
2025-11-22 17:30:05,TOTAL,0.000,0.000,625.591,1000.826
2025-11-22 17:30:06,mlx5_0,0.000,0.000,0.000,0.000
2025-11-22 17:30:06,mlx5_1,8.016,0.010,155.549,239.189
2025-11-22 17:30:06,mlx5_2,0.000,0.000,0.000,0.000
2025-11-22 17:30:06,mlx5_3,8.132,0.010,157.942,253.628
2025-11-22 17:30:06,mlx5_4,0.000,0.000,0.000,0.000
2025-11-22 17:30:06,mlx5_5,8.093,0.010,156.350,245.549
2025-11-22 17:30:06,mlx5_6,0.000,0.000,0.000,0.000
2025-11-22 17:30:06,mlx5_7,0.000,0.000,0.000,0.000
2025-11-22 17:30:06,mlx5_8,8.455,0.011,159.857,262.465
2025-11-22 17:30:06,mlx5_9,0.000,0.000,0.000,0.000
2025-11-22 17:30:06,TOTAL,32.696,0.041,629.698,1000.831
2025-11-22 17:30:07,mlx5_0,0.000,0.000,0.000,0.000
2025-11-22 17:30:07,mlx5_1,1.317,0.002,155.714,239.190
2025-11-22 17:30:07,mlx5_2,0.000,0.000,0.000,0.000
2025-11-22 17:30:07,mlx5_3,1.151,0.002,158.087,253.628
2025-11-22 17:30:07,mlx5_4,0.000,0.000,0.000,0.000
2025-11-22 17:30:07,mlx5_5,1.080,0.002,156.486,245.550
2025-11-22 17:30:07,mlx5_6,0.000,0.000,0.000,0.000
2025-11-22 17:30:07,mlx5_7,0.000,0.000,0.000,0.000
2025-11-22 17:30:07,mlx5_8,0.980,0.001,159.980,262.465
2025-11-22 17:30:07,mlx5_9,0.000,0.000,0.000,0.000
2025-11-22 17:30:07,TOTAL,4.527,0.007,630.267,1000.832
2025-11-22 17:30:08,mlx5_0,0.000,0.000,0.000,0.000
2025-11-22 17:30:08,mlx5_1,0.000,0.000,155.714,239.190
2025-11-22 17:30:08,mlx5_2,0.000,0.000,0.000,0.000
2025-11-22 17:30:08,mlx5_3,0.000,0.000,158.087,253.628
2025-11-22 17:30:08,mlx5_4,0.000,0.000,0.000,0.000
2025-11-22 17:30:08,mlx5_5,0.000,0.000,156.486,245.550
2025-11-22 17:30:08,mlx5_6,0.000,0.000,0.000,0.000
2025-11-22 17:30:08,mlx5_7,0.000,0.000,0.000,0.000
2025-11-22 17:30:08,mlx5_8,0.000,0.000,159.980,262.465
2025-11-22 17:30:08,mlx5_9,0.000,0.000,0.000,0.000
2025-11-22 17:30:08,TOTAL,0.000,0.000,630.267,1000.832
2025-11-22 17:30:09,mlx5_0,0.000,0.000,0.000,0.000
2025-11-22 17:30:09,mlx5_1,0.000,0.000,155.714,239.190
2025-11-22 17:30:09,mlx5_2,0.000,0.000,0.000,0.000
2025-11-22 17:30:09,mlx5_3,0.000,0.000,158.087,253.628
2025-11-22 17:30:09,mlx5_4,0.000,0.000,0.000,0.000
2025-11-22 17:30:09,mlx5_5,0.000,0.000,156.486,245.550
2025-11-22 17:30:09,mlx5_6,0.000,0.000,0.000,0.000
2025-11-22 17:30:09,mlx5_7,0.000,0.000,0.000,0.000
2025-11-22 17:30:09,mlx5_8,0.000,0.000,159.980,262.465
2025-11-22 17:30:09,mlx5_9,0.000,0.000,0.000,0.000
2025-11-22 17:30:09,TOTAL,0.000,0.000,630.267,1000.832
2025-11-22 17:30:10,mlx5_0,0.000,0.000,0.000,0.000
2025-11-22 17:30:10,mlx5_1,0.000,0.000,155.714,239.190
2025-11-22 17:30:10,mlx5_2,0.000,0.000,0.000,0.000
2025-11-22 17:30:10,mlx5_3,0.000,0.000,158.087,253.628
2025-11-22 17:30:10,mlx5_4,0.000,0.000,0.000,0.000
2025-11-22 17:30:10,mlx5_5,0.000,0.000,156.486,245.550
2025-11-22 17:30:10,mlx5_6,0.000,0.000,0.000,0.000
2025-11-22 17:30:10,mlx5_7,0.000,0.000,0.000,0.000
2025-11-22 17:30:10,mlx5_8,0.000,0.000,159.980,262.465
2025-11-22 17:30:10,mlx5_9,0.000,0.000,0.000,0.000
2025-11-22 17:30:10,TOTAL,0.000,0.000,630.267,1000.832
2025-11-22 17:30:11,mlx5_0,0.000,0.000,0.000,0.000
2025-11-22 17:30:11,mlx5_1,9.369,0.012,156.891,239.191
2025-11-22 17:30:11,mlx5_2,0.000,0.000,0.000,0.000
2025-11-22 17:30:11,mlx5_3,9.285,0.012,159.253,253.630
2025-11-22 17:30:11,mlx5_4,0.000,0.000,0.000,0.000
2025-11-22 17:30:11,mlx5_5,9.141,0.012,157.634,245.551
2025-11-22 17:30:11,mlx5_6,0.000,0.000,0.000,0.000
2025-11-22 17:30:11,mlx5_7,0.000,0.000,0.000,0.000
2025-11-22 17:30:11,mlx5_8,9.433,0.012,161.165,262.466
2025-11-22 17:30:11,mlx5_9,0.000,0.000,0.000,0.000
2025-11-22 17:30:11,TOTAL,37.228,0.048,634.943,1000.838
2025-11-22 17:30:12,mlx5_0,0.000,0.000,0.000,0.000
2025-11-22 17:30:12,mlx5_1,0.000,0.000,156.891,239.191
2025-11-22 17:30:12,mlx5_2,0.000,0.000,0.000,0.000
2025-11-22 17:30:12,mlx5_3,0.000,0.000,159.253,253.630
2025-11-22 17:30:12,mlx5_4,0.000,0.000,0.000,0.000
2025-11-22 17:30:12,mlx5_5,0.000,0.000,157.634,245.551
2025-11-22 17:30:12,mlx5_6,0.000,0.000,0.000,0.000
2025-11-22 17:30:12,mlx5_7,0.000,0.000,0.000,0.000
2025-11-22 17:30:12,mlx5_8,0.000,0.000,161.165,262.466
2025-11-22 17:30:12,mlx5_9,0.000,0.000,0.000,0.000
2025-11-22 17:30:12,TOTAL,0.000,0.000,634.943,1000.838
2025-11-22 17:30:13,mlx5_0,0.000,0.000,0.000,0.000
2025-11-22 17:30:13,mlx5_1,0.000,0.000,156.891,239.191
2025-11-22 17:30:13,mlx5_2,0.000,0.000,0.000,0.000
2025-11-22 17:30:13,mlx5_3,0.000,0.000,159.253,253.630
2025-11-22 17:30:13,mlx5_4,0.000,0.000,0.000,0.000
2025-11-22 17:30:13,mlx5_5,0.000,0.000,157.634,245.551
2025-11-22 17:30:13,mlx5_6,0.000,0.000,0.000,0.000
2025-11-22 17:30:13,mlx5_7,0.000,0.000,0.000,0.000
2025-11-22 17:30:13,mlx5_8,0.000,0.000,161.165,262.466
2025-11-22 17:30:13,mlx5_9,0.000,0.000,0.000,0.000
2025-11-22 17:30:13,TOTAL,0.000,0.000,634.943,1000.838
2025-11-22 17:30:14,mlx5_0,0.000,0.000,0.000,0.000
2025-11-22 17:30:14,mlx5_1,0.000,0.000,156.891,239.191
2025-11-22 17:30:14,mlx5_2,0.000,0.000,0.000,0.000
2025-11-22 17:30:14,mlx5_3,0.000,0.000,159.253,253.630
2025-11-22 17:30:14,mlx5_4,0.000,0.000,0.000,0.000
2025-11-22 17:30:14,mlx5_5,0.000,0.000,157.634,245.551
2025-11-22 17:30:14,mlx5_6,0.000,0.000,0.000,0.000
2025-11-22 17:30:14,mlx5_7,0.000,0.000,0.000,0.000
2025-11-22 17:30:14,mlx5_8,0.000,0.000,161.165,262.466
2025-11-22 17:30:14,mlx5_9,0.000,0.000,0.000,0.000
2025-11-22 17:30:14,TOTAL,0.000,0.000,634.943,1000.838
2025-11-22 17:30:15,mlx5_0,0.000,0.000,0.000,0.000
2025-11-22 17:30:15,mlx5_1,0.000,0.000,156.891,239.191
2025-11-22 17:30:15,mlx5_2,0.000,0.000,0.000,0.000
2025-11-22 17:30:15,mlx5_3,0.000,0.000,159.253,253.630
2025-11-22 17:30:15,mlx5_4,0.000,0.000,0.000,0.000
2025-11-22 17:30:15,mlx5_5,0.000,0.000,157.634,245.551
2025-11-22 17:30:15,mlx5_6,0.000,0.000,0.000,0.000
2025-11-22 17:30:15,mlx5_7,0.000,0.000,0.000,0.000
2025-11-22 17:30:15,mlx5_8,0.000,0.000,161.165,262.466
2025-11-22 17:30:15,mlx5_9,0.000,0.000,0.000,0.000
2025-11-22 17:30:15,TOTAL,0.000,0.000,634.943,1000.838
2025-11-22 17:30:16,mlx5_0,0.000,0.000,0.000,0.000
2025-11-22 17:30:16,mlx5_1,9.282,54.394,158.057,246.023
2025-11-22 17:30:16,mlx5_2,0.000,0.000,0.000,0.000
2025-11-22 17:30:16,mlx5_3,9.538,57.683,160.451,260.875
2025-11-22 17:30:16,mlx5_4,0.000,0.000,0.000,0.000
2025-11-22 17:30:16,mlx5_5,9.191,54.824,158.789,252.437
2025-11-22 17:30:16,mlx5_6,0.000,0.000,0.000,0.000
2025-11-22 17:30:16,mlx5_7,0.000,0.000,0.000,0.000
2025-11-22 17:30:16,mlx5_8,9.615,59.672,162.373,269.961
2025-11-22 17:30:16,mlx5_9,0.000,0.000,0.000,0.000
2025-11-22 17:30:16,TOTAL,37.626,226.574,639.669,1029.297
2025-11-22 17:30:17,mlx5_0,0.000,0.000,0.000,0.000
2025-11-22 17:30:17,mlx5_1,0.000,0.000,158.057,246.023
2025-11-22 17:30:17,mlx5_2,0.000,0.000,0.000,0.000
2025-11-22 17:30:17,mlx5_3,0.000,0.000,160.451,260.875
2025-11-22 17:30:17,mlx5_4,0.000,0.000,0.000,0.000
2025-11-22 17:30:17,mlx5_5,0.000,0.000,158.789,252.437
2025-11-22 17:30:17,mlx5_6,0.000,0.000,0.000,0.000
2025-11-22 17:30:17,mlx5_7,0.000,0.000,0.000,0.000
2025-11-22 17:30:17,mlx5_8,0.000,0.000,162.373,269.961
2025-11-22 17:30:17,mlx5_9,0.000,0.000,0.000,0.000
2025-11-22 17:30:17,TOTAL,0.000,0.000,639.669,1029.297
2025-11-22 17:30:18,mlx5_0,0.000,0.000,0.000,0.000
2025-11-22 17:30:18,mlx5_1,0.000,0.000,158.057,246.023
2025-11-22 17:30:18,mlx5_2,0.000,0.000,0.000,0.000
2025-11-22 17:30:18,mlx5_3,0.000,0.000,160.451,260.875
2025-11-22 17:30:18,mlx5_4,0.000,0.000,0.000,0.000
2025-11-22 17:30:18,mlx5_5,0.000,0.000,158.789,252.437
2025-11-22 17:30:18,mlx5_6,0.000,0.000,0.000,0.000
2025-11-22 17:30:18,mlx5_7,0.000,0.000,0.000,0.000
2025-11-22 17:30:18,mlx5_8,0.000,0.000,162.373,269.961
2025-11-22 17:30:18,mlx5_9,0.000,0.000,0.000,0.000
2025-11-22 17:30:18,TOTAL,0.000,0.000,639.669,1029.297
2025-11-22 17:30:19,mlx5_0,0.000,0.000,0.000,0.000
2025-11-22 17:30:19,mlx5_1,0.000,0.000,158.057,246.023
2025-11-22 17:30:19,mlx5_2,0.000,0.000,0.000,0.000
2025-11-22 17:30:19,mlx5_3,0.000,0.000,160.451,260.875
2025-11-22 17:30:19,mlx5_4,0.000,0.000,0.000,0.000
2025-11-22 17:30:19,mlx5_5,0.000,0.000,158.789,252.437
2025-11-22 17:30:19,mlx5_6,0.000,0.000,0.000,0.000
2025-11-22 17:30:19,mlx5_7,0.000,0.000,0.000,0.000
2025-11-22 17:30:19,mlx5_8,0.000,0.000,162.373,269.961
2025-11-22 17:30:19,mlx5_9,0.000,0.000,0.000,0.000
2025-11-22 17:30:19,TOTAL,0.000,0.000,639.669,1029.297
2025-11-22 17:30:20,mlx5_0,0.000,0.000,0.000,0.000
2025-11-22 17:30:20,mlx5_1,8.740,0.012,159.155,246.025
2025-11-22 17:30:20,mlx5_2,0.000,0.000,0.000,0.000
2025-11-22 17:30:20,mlx5_3,8.939,0.012,161.574,260.876
2025-11-22 17:30:20,mlx5_4,0.000,0.000,0.000,0.000
2025-11-22 17:30:20,mlx5_5,8.793,0.012,159.893,252.439
2025-11-22 17:30:20,mlx5_6,0.000,0.000,0.000,0.000
2025-11-22 17:30:20,mlx5_7,0.000,0.000,0.000,0.000
2025-11-22 17:30:20,mlx5_8,9.154,0.012,163.523,269.963
2025-11-22 17:30:20,mlx5_9,0.000,0.000,0.000,0.000
2025-11-22 17:30:20,TOTAL,35.626,0.047,644.144,1029.303
2025-11-22 17:30:21,mlx5_0,0.000,0.000,0.000,0.000
2025-11-22 17:30:21,mlx5_1,0.000,0.000,159.155,246.025
2025-11-22 17:30:21,mlx5_2,0.000,0.000,0.000,0.000
2025-11-22 17:30:21,mlx5_3,0.000,0.000,161.574,260.876
2025-11-22 17:30:21,mlx5_4,0.000,0.000,0.000,0.000
2025-11-22 17:30:21,mlx5_5,0.000,0.000,159.893,252.439
2025-11-22 17:30:21,mlx5_6,0.000,0.000,0.000,0.000
2025-11-22 17:30:21,mlx5_7,0.000,0.000,0.000,0.000
2025-11-22 17:30:21,mlx5_8,0.000,0.000,163.523,269.963
2025-11-22 17:30:21,mlx5_9,0.000,0.000,0.000,0.000
2025-11-22 17:30:21,TOTAL,0.000,0.000,644.144,1029.303
2025-11-22 17:30:22,mlx5_0,0.000,0.000,0.000,0.000
2025-11-22 17:30:22,mlx5_1,0.000,0.000,159.155,246.025
2025-11-22 17:30:22,mlx5_2,0.000,0.000,0.000,0.000
2025-11-22 17:30:22,mlx5_3,0.000,0.000,161.574,260.876
2025-11-22 17:30:22,mlx5_4,0.000,0.000,0.000,0.000
2025-11-22 17:30:22,mlx5_5,0.000,0.000,159.893,252.439
2025-11-22 17:30:22,mlx5_6,0.000,0.000,0.000,0.000
2025-11-22 17:30:22,mlx5_7,0.000,0.000,0.000,0.000
2025-11-22 17:30:22,mlx5_8,0.000,0.000,163.523,269.963
2025-11-22 17:30:22,mlx5_9,0.000,0.000,0.000,0.000
2025-11-22 17:30:22,TOTAL,0.000,0.000,644.144,1029.303
2025-11-22 17:30:23,mlx5_0,0.000,0.000,0.000,0.000
2025-11-22 17:30:23,mlx5_1,9.198,0.012,160.310,246.026
2025-11-22 17:30:23,mlx5_2,0.000,0.000,0.000,0.000
2025-11-22 17:30:23,mlx5_3,9.246,0.012,162.735,260.878
2025-11-22 17:30:23,mlx5_4,0.000,0.000,0.000,0.000
2025-11-22 17:30:23,mlx5_5,9.422,0.012,161.077,252.440
2025-11-22 17:30:23,mlx5_6,0.000,0.000,0.000,0.000
2025-11-22 17:30:23,mlx5_7,0.000,0.000,0.000,0.000
2025-11-22 17:30:23,mlx5_8,9.354,0.013,164.698,269.964
2025-11-22 17:30:23,mlx5_9,0.000,0.000,0.000,0.000
2025-11-22 17:30:23,TOTAL,37.220,0.049,648.820,1029.309
2025-11-22 17:30:24,mlx5_0,0.000,0.000,0.000,0.000
2025-11-22 17:30:24,mlx5_1,0.000,0.000,160.310,246.026
2025-11-22 17:30:24,mlx5_2,0.000,0.000,0.000,0.000
2025-11-22 17:30:24,mlx5_3,0.000,0.000,162.735,260.878
2025-11-22 17:30:24,mlx5_4,0.000,0.000,0.000,0.000
2025-11-22 17:30:24,mlx5_5,0.000,0.000,161.077,252.440
2025-11-22 17:30:24,mlx5_6,0.000,0.000,0.000,0.000
2025-11-22 17:30:24,mlx5_7,0.000,0.000,0.000,0.000
2025-11-22 17:30:24,mlx5_8,0.000,0.000,164.698,269.964
2025-11-22 17:30:24,mlx5_9,0.000,0.000,0.000,0.000
2025-11-22 17:30:24,TOTAL,0.000,0.000,648.820,1029.309
2025-11-22 17:30:25,mlx5_0,0.000,0.000,0.000,0.000
2025-11-22 17:30:25,mlx5_1,0.000,0.000,160.310,246.026
2025-11-22 17:30:25,mlx5_2,0.000,0.000,0.000,0.000
2025-11-22 17:30:25,mlx5_3,0.000,0.000,162.735,260.878
2025-11-22 17:30:25,mlx5_4,0.000,0.000,0.000,0.000
2025-11-22 17:30:25,mlx5_5,0.000,0.000,161.077,252.440
2025-11-22 17:30:25,mlx5_6,0.000,0.000,0.000,0.000
2025-11-22 17:30:25,mlx5_7,0.000,0.000,0.000,0.000
2025-11-22 17:30:25,mlx5_8,0.000,0.000,164.698,269.964
2025-11-22 17:30:25,mlx5_9,0.000,0.000,0.000,0.000
2025-11-22 17:30:25,TOTAL,0.000,0.000,648.820,1029.309
2025-11-22 17:30:26,mlx5_0,0.000,0.000,0.000,0.000
2025-11-22 17:30:26,mlx5_1,0.000,0.000,160.310,246.026
2025-11-22 17:30:26,mlx5_2,0.000,0.000,0.000,0.000
2025-11-22 17:30:26,mlx5_3,0.000,0.000,162.735,260.878
2025-11-22 17:30:26,mlx5_4,0.000,0.000,0.000,0.000
2025-11-22 17:30:26,mlx5_5,0.000,0.000,161.077,252.440
2025-11-22 17:30:26,mlx5_6,0.000,0.000,0.000,0.000
2025-11-22 17:30:26,mlx5_7,0.000,0.000,0.000,0.000
2025-11-22 17:30:26,mlx5_8,0.000,0.000,164.698,269.964
2025-11-22 17:30:26,mlx5_9,0.000,0.000,0.000,0.000
2025-11-22 17:30:26,TOTAL,0.000,0.000,648.820,1029.309
2025-11-22 17:30:27,mlx5_0,0.000,0.000,0.000,0.000
2025-11-22 17:30:27,mlx5_1,9.133,0.012,161.457,246.028
2025-11-22 17:30:27,mlx5_2,0.000,0.000,0.000,0.000
2025-11-22 17:30:27,mlx5_3,9.282,0.012,163.901,260.879
2025-11-22 17:30:27,mlx5_4,0.000,0.000,0.000,0.000
2025-11-22 17:30:27,mlx5_5,9.293,0.012,162.244,252.442
2025-11-22 17:30:27,mlx5_6,0.000,0.000,0.000,0.000
2025-11-22 17:30:27,mlx5_7,0.000,0.000,0.000,0.000
2025-11-22 17:30:27,mlx5_8,9.520,0.012,165.894,269.966
2025-11-22 17:30:27,mlx5_9,0.000,0.000,0.000,0.000
2025-11-22 17:30:27,TOTAL,37.227,0.048,653.496,1029.315
2025-11-22 17:30:28,mlx5_0,0.000,0.000,0.000,0.000
2025-11-22 17:30:28,mlx5_1,0.000,0.000,161.457,246.028
2025-11-22 17:30:28,mlx5_2,0.000,0.000,0.000,0.000
2025-11-22 17:30:28,mlx5_3,0.000,0.000,163.901,260.879
2025-11-22 17:30:28,mlx5_4,0.000,0.000,0.000,0.000
2025-11-22 17:30:28,mlx5_5,0.000,0.000,162.244,252.442
2025-11-22 17:30:28,mlx5_6,0.000,0.000,0.000,0.000
2025-11-22 17:30:28,mlx5_7,0.000,0.000,0.000,0.000
2025-11-22 17:30:28,mlx5_8,0.000,0.000,165.894,269.966
2025-11-22 17:30:28,mlx5_9,0.000,0.000,0.000,0.000
2025-11-22 17:30:28,TOTAL,0.000,0.000,653.496,1029.315
2025-11-22 17:30:29,mlx5_0,0.000,0.000,0.000,0.000
2025-11-22 17:30:29,mlx5_1,0.000,0.000,161.457,246.028
2025-11-22 17:30:29,mlx5_2,0.000,0.000,0.000,0.000
2025-11-22 17:30:29,mlx5_3,0.000,0.000,163.901,260.879
2025-11-22 17:30:29,mlx5_4,0.000,0.000,0.000,0.000
2025-11-22 17:30:29,mlx5_5,0.000,0.000,162.244,252.442
2025-11-22 17:30:29,mlx5_6,0.000,0.000,0.000,0.000
2025-11-22 17:30:29,mlx5_7,0.000,0.000,0.000,0.000
2025-11-22 17:30:29,mlx5_8,0.000,0.000,165.894,269.966
2025-11-22 17:30:29,mlx5_9,0.000,0.000,0.000,0.000
2025-11-22 17:30:29,TOTAL,0.000,0.000,653.496,1029.315
2025-11-22 17:30:30,mlx5_0,0.000,0.000,0.000,0.000
2025-11-22 17:30:30,mlx5_1,0.000,0.000,161.457,246.028
2025-11-22 17:30:30,mlx5_2,0.000,0.000,0.000,0.000
2025-11-22 17:30:30,mlx5_3,0.000,0.000,163.901,260.879
2025-11-22 17:30:30,mlx5_4,0.000,0.000,0.000,0.000
2025-11-22 17:30:30,mlx5_5,0.000,0.000,162.244,252.442
2025-11-22 17:30:30,mlx5_6,0.000,0.000,0.000,0.000
2025-11-22 17:30:30,mlx5_7,0.000,0.000,0.000,0.000
2025-11-22 17:30:30,mlx5_8,0.000,0.000,165.894,269.966
2025-11-22 17:30:30,mlx5_9,0.000,0.000,0.000,0.000
2025-11-22 17:30:30,TOTAL,0.000,0.000,653.496,1029.315
2025-11-22 17:30:31,mlx5_0,0.000,0.000,0.000,0.000
2025-11-22 17:30:31,mlx5_1,9.047,0.012,162.594,246.029
2025-11-22 17:30:31,mlx5_2,0.000,0.000,0.000,0.000
2025-11-22 17:30:31,mlx5_3,9.252,0.012,165.063,260.881
2025-11-22 17:30:31,mlx5_4,0.000,0.000,0.000,0.000
2025-11-22 17:30:31,mlx5_5,9.393,0.012,163.424,252.443
2025-11-22 17:30:31,mlx5_6,0.000,0.000,0.000,0.000
2025-11-22 17:30:31,mlx5_7,0.000,0.000,0.000,0.000
2025-11-22 17:30:31,mlx5_8,9.535,0.013,167.091,269.968
2025-11-22 17:30:31,mlx5_9,0.000,0.000,0.000,0.000
2025-11-22 17:30:31,TOTAL,37.226,0.048,658.172,1029.321
2025-11-22 17:30:32,mlx5_0,0.000,0.000,0.000,0.000
2025-11-22 17:30:32,mlx5_1,0.000,0.000,162.594,246.029
2025-11-22 17:30:32,mlx5_2,0.000,0.000,0.000,0.000
2025-11-22 17:30:32,mlx5_3,0.000,0.000,165.063,260.881
2025-11-22 17:30:32,mlx5_4,0.000,0.000,0.000,0.000
2025-11-22 17:30:32,mlx5_5,0.000,0.000,163.424,252.443
2025-11-22 17:30:32,mlx5_6,0.000,0.000,0.000,0.000
2025-11-22 17:30:32,mlx5_7,0.000,0.000,0.000,0.000
2025-11-22 17:30:32,mlx5_8,0.000,0.000,167.091,269.968
2025-11-22 17:30:32,mlx5_9,0.000,0.000,0.000,0.000
2025-11-22 17:30:32,TOTAL,0.000,0.000,658.172,1029.321
2025-11-22 17:30:33,mlx5_0,0.000,0.000,0.000,0.000
2025-11-22 17:30:33,mlx5_1,0.000,0.000,162.594,246.029
2025-11-22 17:30:33,mlx5_2,0.000,0.000,0.000,0.000
2025-11-22 17:30:33,mlx5_3,0.000,0.000,165.063,260.881
2025-11-22 17:30:33,mlx5_4,0.000,0.000,0.000,0.000
2025-11-22 17:30:33,mlx5_5,0.000,0.000,163.424,252.443
2025-11-22 17:30:33,mlx5_6,0.000,0.000,0.000,0.000
2025-11-22 17:30:33,mlx5_7,0.000,0.000,0.000,0.000
2025-11-22 17:30:33,mlx5_8,0.000,0.000,167.091,269.968
2025-11-22 17:30:33,mlx5_9,0.000,0.000,0.000,0.000
2025-11-22 17:30:33,TOTAL,0.000,0.000,658.172,1029.321
2025-11-22 17:30:34,mlx5_0,0.000,0.000,0.000,0.000
2025-11-22 17:30:34,mlx5_1,0.000,0.000,162.594,246.029
2025-11-22 17:30:34,mlx5_2,0.000,0.000,0.000,0.000
2025-11-22 17:30:34,mlx5_3,0.000,0.000,165.063,260.881
2025-11-22 17:30:34,mlx5_4,0.000,0.000,0.000,0.000
2025-11-22 17:30:34,mlx5_5,0.000,0.000,163.424,252.443
2025-11-22 17:30:34,mlx5_6,0.000,0.000,0.000,0.000
2025-11-22 17:30:34,mlx5_7,0.000,0.000,0.000,0.000
2025-11-22 17:30:34,mlx5_8,0.000,0.000,167.091,269.968
2025-11-22 17:30:34,mlx5_9,0.000,0.000,0.000,0.000
2025-11-22 17:30:34,TOTAL,0.000,0.000,658.172,1029.321
2025-11-22 17:30:35,mlx5_0,0.000,0.000,0.000,0.000
2025-11-22 17:30:35,mlx5_1,9.036,0.012,163.730,246.031
2025-11-22 17:30:35,mlx5_2,0.000,0.000,0.000,0.000
2025-11-22 17:30:35,mlx5_3,9.416,0.012,166.248,260.882
2025-11-22 17:30:35,mlx5_4,0.000,0.000,0.000,0.000
2025-11-22 17:30:35,mlx5_5,9.334,0.012,164.598,252.445
2025-11-22 17:30:35,mlx5_6,0.000,0.000,0.000,0.000
2025-11-22 17:30:35,mlx5_7,0.000,0.000,0.000,0.000
2025-11-22 17:30:35,mlx5_8,9.396,0.012,168.273,269.969
2025-11-22 17:30:35,mlx5_9,0.000,0.000,0.000,0.000
2025-11-22 17:30:35,TOTAL,37.184,0.048,662.848,1029.327
2025-11-22 17:30:36,mlx5_0,0.000,0.000,0.000,0.000
2025-11-22 17:30:36,mlx5_1,0.000,0.000,163.730,246.031
2025-11-22 17:30:36,mlx5_2,0.000,0.000,0.000,0.000
2025-11-22 17:30:36,mlx5_3,0.000,0.000,166.248,260.882
2025-11-22 17:30:36,mlx5_4,0.000,0.000,0.000,0.000
2025-11-22 17:30:36,mlx5_5,0.000,0.000,164.598,252.445
2025-11-22 17:30:36,mlx5_6,0.000,0.000,0.000,0.000
2025-11-22 17:30:36,mlx5_7,0.000,0.000,0.000,0.000
2025-11-22 17:30:36,mlx5_8,0.000,0.000,168.273,269.969
2025-11-22 17:30:36,mlx5_9,0.000,0.000,0.000,0.000
2025-11-22 17:30:36,TOTAL,0.000,0.000,662.848,1029.327
2025-11-22 17:30:37,mlx5_0,0.000,0.000,0.000,0.000
2025-11-22 17:30:37,mlx5_1,0.000,0.000,163.730,246.031
2025-11-22 17:30:37,mlx5_2,0.000,0.000,0.000,0.000
2025-11-22 17:30:37,mlx5_3,0.000,0.000,166.248,260.882
2025-11-22 17:30:37,mlx5_4,0.000,0.000,0.000,0.000
2025-11-22 17:30:37,mlx5_5,0.000,0.000,164.598,252.445
2025-11-22 17:30:37,mlx5_6,0.000,0.000,0.000,0.000
2025-11-22 17:30:37,mlx5_7,0.000,0.000,0.000,0.000
2025-11-22 17:30:37,mlx5_8,0.000,0.000,168.273,269.969
2025-11-22 17:30:37,mlx5_9,0.000,0.000,0.000,0.000
2025-11-22 17:30:37,TOTAL,0.000,0.000,662.848,1029.327
2025-11-22 17:30:38,mlx5_0,0.000,0.000,0.000,0.000
2025-11-22 17:30:38,mlx5_1,0.000,0.000,163.730,246.031
2025-11-22 17:30:38,mlx5_2,0.000,0.000,0.000,0.000
2025-11-22 17:30:38,mlx5_3,0.000,0.000,166.248,260.882
2025-11-22 17:30:38,mlx5_4,0.000,0.000,0.000,0.000
2025-11-22 17:30:38,mlx5_5,0.000,0.000,164.598,252.445
2025-11-22 17:30:38,mlx5_6,0.000,0.000,0.000,0.000
2025-11-22 17:30:38,mlx5_7,0.000,0.000,0.000,0.000
2025-11-22 17:30:38,mlx5_8,0.000,0.000,168.273,269.969
2025-11-22 17:30:38,mlx5_9,0.000,0.000,0.000,0.000
2025-11-22 17:30:38,TOTAL,0.000,0.000,662.848,1029.327
2025-11-22 17:30:39,mlx5_0,0.000,0.000,0.000,0.000
2025-11-22 17:30:39,mlx5_1,0.000,0.000,163.730,246.031
2025-11-22 17:30:39,mlx5_2,0.000,0.000,0.000,0.000
2025-11-22 17:30:39,mlx5_3,0.000,0.000,166.248,260.882
2025-11-22 17:30:39,mlx5_4,0.000,0.000,0.000,0.000
2025-11-22 17:30:39,mlx5_5,0.000,0.000,164.598,252.445
2025-11-22 17:30:39,mlx5_6,0.000,0.000,0.000,0.000
2025-11-22 17:30:39,mlx5_7,0.000,0.000,0.000,0.000
2025-11-22 17:30:39,mlx5_8,0.000,0.000,168.273,269.969
2025-11-22 17:30:39,mlx5_9,0.000,0.000,0.000,0.000
2025-11-22 17:30:39,TOTAL,0.000,0.000,662.848,1029.327
2025-11-22 17:30:40,mlx5_0,0.000,0.000,0.000,0.000
2025-11-22 17:30:40,mlx5_1,9.161,54.310,164.881,252.853
2025-11-22 17:30:40,mlx5_2,0.000,0.000,0.000,0.000
2025-11-22 17:30:40,mlx5_3,9.627,57.474,167.457,268.102
2025-11-22 17:30:40,mlx5_4,0.000,0.000,0.000,0.000
2025-11-22 17:30:40,mlx5_5,9.304,55.021,165.767,259.356
2025-11-22 17:30:40,mlx5_6,0.000,0.000,0.000,0.000
2025-11-22 17:30:40,mlx5_7,0.000,0.000,0.000,0.000
2025-11-22 17:30:40,mlx5_8,9.536,59.751,169.471,277.474
2025-11-22 17:30:40,mlx5_9,0.000,0.000,0.000,0.000
2025-11-22 17:30:40,TOTAL,37.627,226.557,667.574,1057.785
2025-11-22 17:30:41,mlx5_0,0.000,0.000,0.000,0.000
2025-11-22 17:30:41,mlx5_1,0.000,0.000,164.881,252.853
2025-11-22 17:30:41,mlx5_2,0.000,0.000,0.000,0.000
2025-11-22 17:30:41,mlx5_3,0.000,0.000,167.457,268.102
2025-11-22 17:30:41,mlx5_4,0.000,0.000,0.000,0.000
2025-11-22 17:30:41,mlx5_5,0.000,0.000,165.767,259.356
2025-11-22 17:30:41,mlx5_6,0.000,0.000,0.000,0.000
2025-11-22 17:30:41,mlx5_7,0.000,0.000,0.000,0.000
2025-11-22 17:30:41,mlx5_8,0.000,0.000,169.471,277.474
2025-11-22 17:30:41,mlx5_9,0.000,0.000,0.000,0.000
2025-11-22 17:30:41,TOTAL,0.000,0.000,667.574,1057.785
2025-11-22 17:30:42,mlx5_0,0.000,0.000,0.000,0.000
2025-11-22 17:30:42,mlx5_1,0.000,0.000,164.881,252.853
2025-11-22 17:30:42,mlx5_2,0.000,0.000,0.000,0.000
2025-11-22 17:30:42,mlx5_3,0.000,0.000,167.457,268.102
2025-11-22 17:30:42,mlx5_4,0.000,0.000,0.000,0.000
2025-11-22 17:30:42,mlx5_5,0.000,0.000,165.767,259.356
2025-11-22 17:30:42,mlx5_6,0.000,0.000,0.000,0.000
2025-11-22 17:30:42,mlx5_7,0.000,0.000,0.000,0.000
2025-11-22 17:30:42,mlx5_8,0.000,0.000,169.471,277.474
2025-11-22 17:30:42,mlx5_9,0.000,0.000,0.000,0.000
2025-11-22 17:30:42,TOTAL,0.000,0.000,667.574,1057.785
2025-11-22 17:30:43,mlx5_0,0.000,0.000,0.000,0.000
2025-11-22 17:30:43,mlx5_1,0.000,0.000,164.881,252.853
2025-11-22 17:30:43,mlx5_2,0.000,0.000,0.000,0.000
2025-11-22 17:30:43,mlx5_3,0.000,0.000,167.457,268.102
2025-11-22 17:30:43,mlx5_4,0.000,0.000,0.000,0.000
2025-11-22 17:30:43,mlx5_5,0.000,0.000,165.767,259.356
2025-11-22 17:30:43,mlx5_6,0.000,0.000,0.000,0.000
2025-11-22 17:30:43,mlx5_7,0.000,0.000,0.000,0.000
2025-11-22 17:30:43,mlx5_8,0.000,0.000,169.471,277.474
2025-11-22 17:30:43,mlx5_9,0.000,0.000,0.000,0.000
2025-11-22 17:30:43,TOTAL,0.000,0.000,667.574,1057.785
2025-11-22 17:30:44,mlx5_0,0.000,0.000,0.000,0.000
2025-11-22 17:30:44,mlx5_1,9.433,0.012,166.065,252.854
2025-11-22 17:30:44,mlx5_2,0.000,0.000,0.000,0.000
2025-11-22 17:30:44,mlx5_3,9.578,0.012,168.660,268.103
2025-11-22 17:30:44,mlx5_4,0.000,0.000,0.000,0.000
2025-11-22 17:30:44,mlx5_5,9.394,0.012,166.947,259.357
2025-11-22 17:30:44,mlx5_6,0.000,0.000,0.000,0.000
2025-11-22 17:30:44,mlx5_7,0.000,0.000,0.000,0.000
2025-11-22 17:30:44,mlx5_8,9.551,0.013,170.670,277.476
2025-11-22 17:30:44,mlx5_9,0.000,0.000,0.000,0.000
2025-11-22 17:30:44,TOTAL,37.956,0.050,672.342,1057.791
2025-11-22 17:30:45,mlx5_0,0.000,0.000,0.000,0.000
2025-11-22 17:30:45,mlx5_1,0.000,0.000,166.065,252.854
2025-11-22 17:30:45,mlx5_2,0.000,0.000,0.000,0.000
2025-11-22 17:30:45,mlx5_3,0.000,0.000,168.660,268.103
2025-11-22 17:30:45,mlx5_4,0.000,0.000,0.000,0.000
2025-11-22 17:30:45,mlx5_5,0.000,0.000,166.947,259.357
2025-11-22 17:30:45,mlx5_6,0.000,0.000,0.000,0.000
2025-11-22 17:30:45,mlx5_7,0.000,0.000,0.000,0.000
2025-11-22 17:30:45,mlx5_8,0.000,0.000,170.670,277.476
2025-11-22 17:30:45,mlx5_9,0.000,0.000,0.000,0.000
2025-11-22 17:30:45,TOTAL,0.000,0.000,672.342,1057.791
2025-11-22 17:30:46,mlx5_0,0.000,0.000,0.000,0.000
2025-11-22 17:30:46,mlx5_1,0.000,0.000,166.065,252.854
2025-11-22 17:30:46,mlx5_2,0.000,0.000,0.000,0.000
2025-11-22 17:30:46,mlx5_3,0.000,0.000,168.660,268.103
2025-11-22 17:30:46,mlx5_4,0.000,0.000,0.000,0.000
2025-11-22 17:30:46,mlx5_5,0.000,0.000,166.947,259.357
2025-11-22 17:30:46,mlx5_6,0.000,0.000,0.000,0.000
2025-11-22 17:30:46,mlx5_7,0.000,0.000,0.000,0.000
2025-11-22 17:30:46,mlx5_8,0.000,0.000,170.670,277.476
2025-11-22 17:30:46,mlx5_9,0.000,0.000,0.000,0.000
2025-11-22 17:30:46,TOTAL,0.000,0.000,672.342,1057.791
2025-11-22 17:30:47,mlx5_0,0.000,0.000,0.000,0.000
2025-11-22 17:30:47,mlx5_1,9.034,0.012,167.200,252.856
2025-11-22 17:30:47,mlx5_2,0.000,0.000,0.000,0.000
2025-11-22 17:30:47,mlx5_3,9.429,0.012,169.844,268.105
2025-11-22 17:30:47,mlx5_4,0.000,0.000,0.000,0.000
2025-11-22 17:30:47,mlx5_5,9.165,0.012,168.098,259.359
2025-11-22 17:30:47,mlx5_6,0.000,0.000,0.000,0.000
2025-11-22 17:30:47,mlx5_7,0.000,0.000,0.000,0.000
2025-11-22 17:30:47,mlx5_8,9.598,0.012,171.876,277.478
2025-11-22 17:30:47,mlx5_9,0.000,0.000,0.000,0.000
2025-11-22 17:30:47,TOTAL,37.226,0.048,677.018,1057.797
2025-11-22 17:30:48,mlx5_0,0.000,0.000,0.000,0.000
2025-11-22 17:30:48,mlx5_1,0.000,0.000,167.200,252.856
2025-11-22 17:30:48,mlx5_2,0.000,0.000,0.000,0.000
2025-11-22 17:30:48,mlx5_3,0.000,0.000,169.844,268.105
2025-11-22 17:30:48,mlx5_4,0.000,0.000,0.000,0.000
2025-11-22 17:30:48,mlx5_5,0.000,0.000,168.098,259.359
2025-11-22 17:30:48,mlx5_6,0.000,0.000,0.000,0.000
2025-11-22 17:30:48,mlx5_7,0.000,0.000,0.000,0.000
2025-11-22 17:30:48,mlx5_8,0.000,0.000,171.876,277.478
2025-11-22 17:30:48,mlx5_9,0.000,0.000,0.000,0.000
2025-11-22 17:30:48,TOTAL,0.000,0.000,677.018,1057.797
2025-11-22 17:30:49,mlx5_0,0.000,0.000,0.000,0.000
2025-11-22 17:30:49,mlx5_1,0.000,0.000,167.200,252.856
2025-11-22 17:30:49,mlx5_2,0.000,0.000,0.000,0.000
2025-11-22 17:30:49,mlx5_3,0.000,0.000,169.844,268.105
2025-11-22 17:30:49,mlx5_4,0.000,0.000,0.000,0.000
2025-11-22 17:30:49,mlx5_5,0.000,0.000,168.098,259.359
2025-11-22 17:30:49,mlx5_6,0.000,0.000,0.000,0.000
2025-11-22 17:30:49,mlx5_7,0.000,0.000,0.000,0.000
2025-11-22 17:30:49,mlx5_8,0.000,0.000,171.876,277.478
2025-11-22 17:30:49,mlx5_9,0.000,0.000,0.000,0.000
2025-11-22 17:30:49,TOTAL,0.000,0.000,677.018,1057.797
2025-11-22 17:30:50,mlx5_0,0.000,0.000,0.000,0.000
2025-11-22 17:30:50,mlx5_1,0.000,0.000,167.200,252.856
2025-11-22 17:30:50,mlx5_2,0.000,0.000,0.000,0.000
2025-11-22 17:30:50,mlx5_3,0.000,0.000,169.844,268.105
2025-11-22 17:30:50,mlx5_4,0.000,0.000,0.000,0.000
2025-11-22 17:30:50,mlx5_5,0.000,0.000,168.098,259.359
2025-11-22 17:30:50,mlx5_6,0.000,0.000,0.000,0.000
2025-11-22 17:30:50,mlx5_7,0.000,0.000,0.000,0.000
2025-11-22 17:30:50,mlx5_8,0.000,0.000,171.876,277.478
2025-11-22 17:30:50,mlx5_9,0.000,0.000,0.000,0.000
2025-11-22 17:30:50,TOTAL,0.000,0.000,677.018,1057.797
2025-11-22 17:30:51,mlx5_0,0.000,0.000,0.000,0.000
2025-11-22 17:30:51,mlx5_1,9.236,0.012,168.360,252.857
2025-11-22 17:30:51,mlx5_2,0.000,0.000,0.000,0.000
2025-11-22 17:30:51,mlx5_3,9.359,0.012,171.019,268.106
2025-11-22 17:30:51,mlx5_4,0.000,0.000,0.000,0.000
2025-11-22 17:30:51,mlx5_5,9.204,0.012,169.253,259.360
2025-11-22 17:30:51,mlx5_6,0.000,0.000,0.000,0.000
2025-11-22 17:30:51,mlx5_7,0.000,0.000,0.000,0.000
2025-11-22 17:30:51,mlx5_8,9.443,0.013,173.061,277.479
2025-11-22 17:30:51,mlx5_9,0.000,0.000,0.000,0.000
2025-11-22 17:30:51,TOTAL,37.242,0.049,681.694,1057.803
2025-11-22 17:30:52,mlx5_0,0.000,0.000,0.000,0.000
2025-11-22 17:30:52,mlx5_1,0.000,0.000,168.360,252.857
2025-11-22 17:30:52,mlx5_2,0.000,0.000,0.000,0.000
2025-11-22 17:30:52,mlx5_3,0.000,0.000,171.019,268.106
2025-11-22 17:30:52,mlx5_4,0.000,0.000,0.000,0.000
2025-11-22 17:30:52,mlx5_5,0.000,0.000,169.253,259.360
2025-11-22 17:30:52,mlx5_6,0.000,0.000,0.000,0.000
2025-11-22 17:30:52,mlx5_7,0.000,0.000,0.000,0.000
2025-11-22 17:30:52,mlx5_8,0.000,0.000,173.061,277.479
2025-11-22 17:30:52,mlx5_9,0.000,0.000,0.000,0.000
2025-11-22 17:30:52,TOTAL,0.000,0.000,681.694,1057.803
2025-11-22 17:30:53,mlx5_0,0.000,0.000,0.000,0.000
2025-11-22 17:30:53,mlx5_1,0.000,0.000,168.360,252.857
2025-11-22 17:30:53,mlx5_2,0.000,0.000,0.000,0.000
2025-11-22 17:30:53,mlx5_3,0.000,0.000,171.019,268.106
2025-11-22 17:30:53,mlx5_4,0.000,0.000,0.000,0.000
2025-11-22 17:30:53,mlx5_5,0.000,0.000,169.253,259.360
2025-11-22 17:30:53,mlx5_6,0.000,0.000,0.000,0.000
2025-11-22 17:30:53,mlx5_7,0.000,0.000,0.000,0.000
2025-11-22 17:30:53,mlx5_8,0.000,0.000,173.061,277.479
2025-11-22 17:30:53,mlx5_9,0.000,0.000,0.000,0.000
2025-11-22 17:30:53,TOTAL,0.000,0.000,681.694,1057.803
2025-11-22 17:30:54,mlx5_0,0.000,0.000,0.000,0.000
2025-11-22 17:30:54,mlx5_1,0.000,0.000,168.360,252.857
2025-11-22 17:30:54,mlx5_2,0.000,0.000,0.000,0.000
2025-11-22 17:30:54,mlx5_3,0.000,0.000,171.019,268.106
2025-11-22 17:30:54,mlx5_4,0.000,0.000,0.000,0.000
2025-11-22 17:30:54,mlx5_5,0.000,0.000,169.253,259.360
2025-11-22 17:30:54,mlx5_6,0.000,0.000,0.000,0.000
2025-11-22 17:30:54,mlx5_7,0.000,0.000,0.000,0.000
2025-11-22 17:30:54,mlx5_8,0.000,0.000,173.061,277.479
2025-11-22 17:30:54,mlx5_9,0.000,0.000,0.000,0.000
2025-11-22 17:30:54,TOTAL,0.000,0.000,681.694,1057.803
2025-11-22 17:30:55,mlx5_0,0.000,0.000,0.000,0.000
2025-11-22 17:30:55,mlx5_1,9.254,0.012,169.522,252.859
2025-11-22 17:30:55,mlx5_2,0.000,0.000,0.000,0.000
2025-11-22 17:30:55,mlx5_3,9.422,0.012,172.203,268.108
2025-11-22 17:30:55,mlx5_4,0.000,0.000,0.000,0.000
2025-11-22 17:30:55,mlx5_5,9.106,0.012,170.397,259.362
2025-11-22 17:30:55,mlx5_6,0.000,0.000,0.000,0.000
2025-11-22 17:30:55,mlx5_7,0.000,0.000,0.000,0.000
2025-11-22 17:30:55,mlx5_8,9.446,0.012,174.248,277.481
2025-11-22 17:30:55,mlx5_9,0.000,0.000,0.000,0.000
2025-11-22 17:30:55,TOTAL,37.227,0.048,686.370,1057.809
2025-11-22 17:30:56,mlx5_0,0.000,0.000,0.000,0.000
2025-11-22 17:30:56,mlx5_1,0.000,0.000,169.522,252.859
2025-11-22 17:30:56,mlx5_2,0.000,0.000,0.000,0.000
2025-11-22 17:30:56,mlx5_3,0.000,0.000,172.203,268.108
2025-11-22 17:30:56,mlx5_4,0.000,0.000,0.000,0.000
2025-11-22 17:30:56,mlx5_5,0.000,0.000,170.397,259.362
2025-11-22 17:30:56,mlx5_6,0.000,0.000,0.000,0.000
2025-11-22 17:30:56,mlx5_7,0.000,0.000,0.000,0.000
2025-11-22 17:30:56,mlx5_8,0.000,0.000,174.248,277.481
2025-11-22 17:30:56,mlx5_9,0.000,0.000,0.000,0.000
2025-11-22 17:30:56,TOTAL,0.000,0.000,686.370,1057.809
2025-11-22 17:30:57,mlx5_0,0.000,0.000,0.000,0.000
2025-11-22 17:30:57,mlx5_1,0.000,0.000,169.522,252.859
2025-11-22 17:30:57,mlx5_2,0.000,0.000,0.000,0.000
2025-11-22 17:30:57,mlx5_3,0.000,0.000,172.203,268.108
2025-11-22 17:30:57,mlx5_4,0.000,0.000,0.000,0.000
2025-11-22 17:30:57,mlx5_5,0.000,0.000,170.397,259.362
2025-11-22 17:30:57,mlx5_6,0.000,0.000,0.000,0.000
2025-11-22 17:30:57,mlx5_7,0.000,0.000,0.000,0.000
2025-11-22 17:30:57,mlx5_8,0.000,0.000,174.248,277.481
2025-11-22 17:30:57,mlx5_9,0.000,0.000,0.000,0.000
2025-11-22 17:30:57,TOTAL,0.000,0.000,686.370,1057.809
2025-11-22 17:30:58,mlx5_0,0.000,0.000,0.000,0.000
2025-11-22 17:30:58,mlx5_1,0.000,0.000,169.522,252.859
2025-11-22 17:30:58,mlx5_2,0.000,0.000,0.000,0.000
2025-11-22 17:30:58,mlx5_3,0.000,0.000,172.203,268.108
2025-11-22 17:30:58,mlx5_4,0.000,0.000,0.000,0.000
2025-11-22 17:30:58,mlx5_5,0.000,0.000,170.397,259.362
2025-11-22 17:30:58,mlx5_6,0.000,0.000,0.000,0.000
2025-11-22 17:30:58,mlx5_7,0.000,0.000,0.000,0.000
2025-11-22 17:30:58,mlx5_8,0.000,0.000,174.248,277.481
2025-11-22 17:30:58,mlx5_9,0.000,0.000,0.000,0.000
2025-11-22 17:30:58,TOTAL,0.000,0.000,686.370,1057.809
2025-11-22 17:30:59,mlx5_0,0.000,0.000,0.000,0.000
2025-11-22 17:30:59,mlx5_1,9.324,0.012,170.693,252.860
2025-11-22 17:30:59,mlx5_2,0.000,0.000,0.000,0.000
2025-11-22 17:30:59,mlx5_3,9.412,0.012,173.385,268.109
2025-11-22 17:30:59,mlx5_4,0.000,0.000,0.000,0.000
2025-11-22 17:30:59,mlx5_5,9.044,0.012,171.533,259.363
2025-11-22 17:30:59,mlx5_6,0.000,0.000,0.000,0.000
2025-11-22 17:30:59,mlx5_7,0.000,0.000,0.000,0.000
2025-11-22 17:30:59,mlx5_8,9.449,0.012,175.435,277.482
2025-11-22 17:30:59,mlx5_9,0.000,0.000,0.000,0.000
2025-11-22 17:30:59,TOTAL,37.230,0.048,691.046,1057.815
2025-11-22 17:31:00,mlx5_0,0.000,0.000,0.000,0.000
2025-11-22 17:31:00,mlx5_1,0.000,0.000,170.693,252.860
2025-11-22 17:31:00,mlx5_2,0.000,0.000,0.000,0.000
2025-11-22 17:31:00,mlx5_3,0.000,0.000,173.385,268.109
2025-11-22 17:31:00,mlx5_4,0.000,0.000,0.000,0.000
2025-11-22 17:31:00,mlx5_5,0.000,0.000,171.533,259.363
2025-11-22 17:31:00,mlx5_6,0.000,0.000,0.000,0.000
2025-11-22 17:31:00,mlx5_7,0.000,0.000,0.000,0.000
2025-11-22 17:31:00,mlx5_8,0.000,0.000,175.435,277.482
2025-11-22 17:31:00,mlx5_9,0.000,0.000,0.000,0.000
2025-11-22 17:31:00,TOTAL,0.000,0.000,691.046,1057.815
2025-11-22 17:31:01,mlx5_0,0.000,0.000,0.000,0.000
2025-11-22 17:31:01,mlx5_1,0.000,0.000,170.693,252.860
2025-11-22 17:31:01,mlx5_2,0.000,0.000,0.000,0.000
2025-11-22 17:31:01,mlx5_3,0.000,0.000,173.385,268.109
2025-11-22 17:31:01,mlx5_4,0.000,0.000,0.000,0.000
2025-11-22 17:31:01,mlx5_5,0.000,0.000,171.533,259.363
2025-11-22 17:31:01,mlx5_6,0.000,0.000,0.000,0.000
2025-11-22 17:31:01,mlx5_7,0.000,0.000,0.000,0.000
2025-11-22 17:31:01,mlx5_8,0.000,0.000,175.435,277.482
2025-11-22 17:31:01,mlx5_9,0.000,0.000,0.000,0.000
2025-11-22 17:31:01,TOTAL,0.000,0.000,691.046,1057.815
2025-11-22 17:31:02,mlx5_0,0.000,0.000,0.000,0.000
2025-11-22 17:31:02,mlx5_1,0.000,0.000,170.693,252.860
2025-11-22 17:31:02,mlx5_2,0.000,0.000,0.000,0.000
2025-11-22 17:31:02,mlx5_3,0.000,0.000,173.385,268.109
2025-11-22 17:31:02,mlx5_4,0.000,0.000,0.000,0.000
2025-11-22 17:31:02,mlx5_5,0.000,0.000,171.533,259.363
2025-11-22 17:31:02,mlx5_6,0.000,0.000,0.000,0.000
2025-11-22 17:31:02,mlx5_7,0.000,0.000,0.000,0.000
2025-11-22 17:31:02,mlx5_8,0.000,0.000,175.435,277.482
2025-11-22 17:31:02,mlx5_9,0.000,0.000,0.000,0.000
2025-11-22 17:31:02,TOTAL,0.000,0.000,691.046,1057.815
2025-11-22 17:31:03,mlx5_0,0.000,0.000,0.000,0.000
2025-11-22 17:31:03,mlx5_1,0.000,0.000,170.693,252.860
2025-11-22 17:31:03,mlx5_2,0.000,0.000,0.000,0.000
2025-11-22 17:31:03,mlx5_3,0.000,0.000,173.385,268.109
2025-11-22 17:31:03,mlx5_4,0.000,0.000,0.000,0.000
2025-11-22 17:31:03,mlx5_5,0.000,0.000,171.533,259.363
2025-11-22 17:31:03,mlx5_6,0.000,0.000,0.000,0.000
2025-11-22 17:31:03,mlx5_7,0.000,0.000,0.000,0.000
2025-11-22 17:31:03,mlx5_8,0.000,0.000,175.435,277.482
2025-11-22 17:31:03,mlx5_9,0.000,0.000,0.000,0.000
2025-11-22 17:31:03,TOTAL,0.000,0.000,691.046,1057.815
2025-11-22 17:31:04,mlx5_0,0.000,0.000,0.000,0.000
2025-11-22 17:31:04,mlx5_1,9.361,54.015,171.868,259.639
2025-11-22 17:31:04,mlx5_2,0.000,0.000,0.000,0.000
2025-11-22 17:31:04,mlx5_3,9.348,57.250,174.558,275.294
2025-11-22 17:31:04,mlx5_4,0.000,0.000,0.000,0.000
2025-11-22 17:31:04,mlx5_5,9.331,55.436,172.704,266.321
2025-11-22 17:31:04,mlx5_6,0.000,0.000,0.000,0.000
2025-11-22 17:31:04,mlx5_7,0.000,0.000,0.000,0.000
2025-11-22 17:31:04,mlx5_8,9.637,60.060,176.644,285.020
2025-11-22 17:31:04,mlx5_9,0.000,0.000,0.000,0.000
2025-11-22 17:31:04,TOTAL,37.677,226.760,695.774,1086.275
2025-11-22 17:31:05,mlx5_0,0.000,0.000,0.000,0.000
2025-11-22 17:31:05,mlx5_1,0.000,0.000,171.868,259.639
2025-11-22 17:31:05,mlx5_2,0.000,0.000,0.000,0.000
2025-11-22 17:31:05,mlx5_3,0.000,0.000,174.558,275.294
2025-11-22 17:31:05,mlx5_4,0.000,0.000,0.000,0.000
2025-11-22 17:31:05,mlx5_5,0.000,0.000,172.704,266.321
2025-11-22 17:31:05,mlx5_6,0.000,0.000,0.000,0.000
2025-11-22 17:31:05,mlx5_7,0.000,0.000,0.000,0.000
2025-11-22 17:31:05,mlx5_8,0.000,0.000,176.644,285.020
2025-11-22 17:31:05,mlx5_9,0.000,0.000,0.000,0.000
2025-11-22 17:31:05,TOTAL,0.000,0.000,695.774,1086.275
2025-11-22 17:31:06,mlx5_0,0.000,0.000,0.000,0.000
2025-11-22 17:31:06,mlx5_1,0.000,0.000,171.868,259.639
2025-11-22 17:31:06,mlx5_2,0.000,0.000,0.000,0.000
2025-11-22 17:31:06,mlx5_3,0.000,0.000,174.558,275.294
2025-11-22 17:31:06,mlx5_4,0.000,0.000,0.000,0.000
2025-11-22 17:31:06,mlx5_5,0.000,0.000,172.704,266.321
2025-11-22 17:31:06,mlx5_6,0.000,0.000,0.000,0.000
2025-11-22 17:31:06,mlx5_7,0.000,0.000,0.000,0.000
2025-11-22 17:31:06,mlx5_8,0.000,0.000,176.644,285.020
2025-11-22 17:31:06,mlx5_9,0.000,0.000,0.000,0.000
2025-11-22 17:31:06,TOTAL,0.000,0.000,695.774,1086.275
2025-11-22 17:31:07,mlx5_0,0.000,0.000,0.000,0.000
2025-11-22 17:31:07,mlx5_1,0.000,0.000,171.868,259.639
2025-11-22 17:31:07,mlx5_2,0.000,0.000,0.000,0.000
2025-11-22 17:31:07,mlx5_3,0.000,0.000,174.558,275.294
2025-11-22 17:31:07,mlx5_4,0.000,0.000,0.000,0.000
2025-11-22 17:31:07,mlx5_5,0.000,0.000,172.704,266.321
2025-11-22 17:31:07,mlx5_6,0.000,0.000,0.000,0.000
2025-11-22 17:31:07,mlx5_7,0.000,0.000,0.000,0.000
2025-11-22 17:31:07,mlx5_8,0.000,0.000,176.644,285.020
2025-11-22 17:31:07,mlx5_9,0.000,0.000,0.000,0.000
2025-11-22 17:31:07,TOTAL,0.000,0.000,695.774,1086.275
2025-11-22 17:31:08,mlx5_0,0.000,0.000,0.000,0.000
2025-11-22 17:31:08,mlx5_1,9.410,0.012,173.050,259.641
2025-11-22 17:31:08,mlx5_2,0.000,0.000,0.000,0.000
2025-11-22 17:31:08,mlx5_3,9.633,0.012,175.768,275.296
2025-11-22 17:31:08,mlx5_4,0.000,0.000,0.000,0.000
2025-11-22 17:31:08,mlx5_5,9.190,0.012,173.859,266.322
2025-11-22 17:31:08,mlx5_6,0.000,0.000,0.000,0.000
2025-11-22 17:31:08,mlx5_7,0.000,0.000,0.000,0.000
2025-11-22 17:31:08,mlx5_8,9.719,0.013,177.865,285.022
2025-11-22 17:31:08,mlx5_9,0.000,0.000,0.000,0.000
2025-11-22 17:31:08,TOTAL,37.952,0.049,700.542,1086.281
2025-11-22 17:31:09,mlx5_0,0.000,0.000,0.000,0.000
2025-11-22 17:31:09,mlx5_1,0.000,0.000,173.050,259.641
2025-11-22 17:31:09,mlx5_2,0.000,0.000,0.000,0.000
2025-11-22 17:31:09,mlx5_3,0.000,0.000,175.768,275.296
2025-11-22 17:31:09,mlx5_4,0.000,0.000,0.000,0.000
2025-11-22 17:31:09,mlx5_5,0.000,0.000,173.859,266.322
2025-11-22 17:31:09,mlx5_6,0.000,0.000,0.000,0.000
2025-11-22 17:31:09,mlx5_7,0.000,0.000,0.000,0.000
2025-11-22 17:31:09,mlx5_8,0.000,0.000,177.865,285.022
2025-11-22 17:31:09,mlx5_9,0.000,0.000,0.000,0.000
2025-11-22 17:31:09,TOTAL,0.000,0.000,700.542,1086.281
2025-11-22 17:31:10,mlx5_0,0.000,0.000,0.000,0.000
2025-11-22 17:31:10,mlx5_1,0.000,0.000,173.050,259.641
2025-11-22 17:31:10,mlx5_2,0.000,0.000,0.000,0.000
2025-11-22 17:31:10,mlx5_3,0.000,0.000,175.768,275.296
2025-11-22 17:31:10,mlx5_4,0.000,0.000,0.000,0.000
2025-11-22 17:31:10,mlx5_5,0.000,0.000,173.859,266.322
2025-11-22 17:31:10,mlx5_6,0.000,0.000,0.000,0.000
2025-11-22 17:31:10,mlx5_7,0.000,0.000,0.000,0.000
2025-11-22 17:31:10,mlx5_8,0.000,0.000,177.865,285.022
2025-11-22 17:31:10,mlx5_9,0.000,0.000,0.000,0.000
2025-11-22 17:31:10,TOTAL,0.000,0.000,700.542,1086.281
2025-11-22 17:31:11,mlx5_0,0.000,0.000,0.000,0.000
2025-11-22 17:31:11,mlx5_1,9.205,0.012,174.206,259.642
2025-11-22 17:31:11,mlx5_2,0.000,0.000,0.000,0.000
2025-11-22 17:31:11,mlx5_3,9.249,0.012,176.930,275.297
2025-11-22 17:31:11,mlx5_4,0.000,0.000,0.000,0.000
2025-11-22 17:31:11,mlx5_5,9.276,0.012,175.024,266.324
2025-11-22 17:31:11,mlx5_6,0.000,0.000,0.000,0.000
2025-11-22 17:31:11,mlx5_7,0.000,0.000,0.000,0.000
2025-11-22 17:31:11,mlx5_8,9.494,0.012,179.058,285.023
2025-11-22 17:31:11,mlx5_9,0.000,0.000,0.000,0.000
2025-11-22 17:31:11,TOTAL,37.225,0.048,705.218,1086.287
2025-11-22 17:31:12,mlx5_0,0.000,0.000,0.000,0.000
2025-11-22 17:31:12,mlx5_1,0.000,0.000,174.206,259.642
2025-11-22 17:31:12,mlx5_2,0.000,0.000,0.000,0.000
2025-11-22 17:31:12,mlx5_3,0.000,0.000,176.930,275.297
2025-11-22 17:31:12,mlx5_4,0.000,0.000,0.000,0.000
2025-11-22 17:31:12,mlx5_5,0.000,0.000,175.024,266.324
2025-11-22 17:31:12,mlx5_6,0.000,0.000,0.000,0.000
2025-11-22 17:31:12,mlx5_7,0.000,0.000,0.000,0.000
2025-11-22 17:31:12,mlx5_8,0.000,0.000,179.058,285.023
2025-11-22 17:31:12,mlx5_9,0.000,0.000,0.000,0.000
2025-11-22 17:31:12,TOTAL,0.000,0.000,705.218,1086.287
2025-11-22 17:31:13,mlx5_0,0.000,0.000,0.000,0.000
2025-11-22 17:31:13,mlx5_1,0.000,0.000,174.206,259.642
2025-11-22 17:31:13,mlx5_2,0.000,0.000,0.000,0.000
2025-11-22 17:31:13,mlx5_3,0.000,0.000,176.930,275.297
2025-11-22 17:31:13,mlx5_4,0.000,0.000,0.000,0.000
2025-11-22 17:31:13,mlx5_5,0.000,0.000,175.024,266.324
2025-11-22 17:31:13,mlx5_6,0.000,0.000,0.000,0.000
2025-11-22 17:31:13,mlx5_7,0.000,0.000,0.000,0.000
2025-11-22 17:31:13,mlx5_8,0.000,0.000,179.058,285.023
2025-11-22 17:31:13,mlx5_9,0.000,0.000,0.000,0.000
2025-11-22 17:31:13,TOTAL,0.000,0.000,705.218,1086.287
2025-11-22 17:31:14,mlx5_0,0.000,0.000,0.000,0.000
2025-11-22 17:31:14,mlx5_1,0.000,0.000,174.206,259.642
2025-11-22 17:31:14,mlx5_2,0.000,0.000,0.000,0.000
2025-11-22 17:31:14,mlx5_3,0.000,0.000,176.930,275.297
2025-11-22 17:31:14,mlx5_4,0.000,0.000,0.000,0.000
2025-11-22 17:31:14,mlx5_5,0.000,0.000,175.024,266.324
2025-11-22 17:31:14,mlx5_6,0.000,0.000,0.000,0.000
2025-11-22 17:31:14,mlx5_7,0.000,0.000,0.000,0.000
2025-11-22 17:31:14,mlx5_8,0.000,0.000,179.058,285.023
2025-11-22 17:31:14,mlx5_9,0.000,0.000,0.000,0.000
2025-11-22 17:31:14,TOTAL,0.000,0.000,705.218,1086.287
2025-11-22 17:31:15,mlx5_0,0.000,0.000,0.000,0.000
2025-11-22 17:31:15,mlx5_1,9.250,0.012,175.368,259.644
2025-11-22 17:31:15,mlx5_2,0.000,0.000,0.000,0.000
2025-11-22 17:31:15,mlx5_3,9.194,0.012,178.085,275.299
2025-11-22 17:31:15,mlx5_4,0.000,0.000,0.000,0.000
2025-11-22 17:31:15,mlx5_5,9.302,0.012,176.192,266.325
2025-11-22 17:31:15,mlx5_6,0.000,0.000,0.000,0.000
2025-11-22 17:31:15,mlx5_7,0.000,0.000,0.000,0.000
2025-11-22 17:31:15,mlx5_8,9.480,0.012,180.248,285.025
2025-11-22 17:31:15,mlx5_9,0.000,0.000,0.000,0.000
2025-11-22 17:31:15,TOTAL,37.226,0.048,709.894,1086.293
2025-11-22 17:31:16,mlx5_0,0.000,0.000,0.000,0.000
2025-11-22 17:31:16,mlx5_1,0.000,0.000,175.368,259.644
2025-11-22 17:31:16,mlx5_2,0.000,0.000,0.000,0.000
2025-11-22 17:31:16,mlx5_3,0.000,0.000,178.085,275.299
2025-11-22 17:31:16,mlx5_4,0.000,0.000,0.000,0.000
2025-11-22 17:31:16,mlx5_5,0.000,0.000,176.192,266.325
2025-11-22 17:31:16,mlx5_6,0.000,0.000,0.000,0.000
2025-11-22 17:31:16,mlx5_7,0.000,0.000,0.000,0.000
2025-11-22 17:31:16,mlx5_8,0.000,0.000,180.248,285.025
2025-11-22 17:31:16,mlx5_9,0.000,0.000,0.000,0.000
2025-11-22 17:31:16,TOTAL,0.000,0.000,709.894,1086.293
2025-11-22 17:31:17,mlx5_0,0.000,0.000,0.000,0.000
2025-11-22 17:31:17,mlx5_1,0.000,0.000,175.368,259.644
2025-11-22 17:31:17,mlx5_2,0.000,0.000,0.000,0.000
2025-11-22 17:31:17,mlx5_3,0.000,0.000,178.085,275.299
2025-11-22 17:31:17,mlx5_4,0.000,0.000,0.000,0.000
2025-11-22 17:31:17,mlx5_5,0.000,0.000,176.192,266.325
2025-11-22 17:31:17,mlx5_6,0.000,0.000,0.000,0.000
2025-11-22 17:31:17,mlx5_7,0.000,0.000,0.000,0.000
2025-11-22 17:31:17,mlx5_8,0.000,0.000,180.248,285.025
2025-11-22 17:31:17,mlx5_9,0.000,0.000,0.000,0.000
2025-11-22 17:31:17,TOTAL,0.000,0.000,709.894,1086.293
2025-11-22 17:31:18,mlx5_0,0.000,0.000,0.000,0.000
2025-11-22 17:31:18,mlx5_1,0.000,0.000,175.368,259.644
2025-11-22 17:31:18,mlx5_2,0.000,0.000,0.000,0.000
2025-11-22 17:31:18,mlx5_3,0.000,0.000,178.085,275.299
2025-11-22 17:31:18,mlx5_4,0.000,0.000,0.000,0.000
2025-11-22 17:31:18,mlx5_5,0.000,0.000,176.192,266.325
2025-11-22 17:31:18,mlx5_6,0.000,0.000,0.000,0.000
2025-11-22 17:31:18,mlx5_7,0.000,0.000,0.000,0.000
2025-11-22 17:31:18,mlx5_8,0.000,0.000,180.248,285.025
2025-11-22 17:31:18,mlx5_9,0.000,0.000,0.000,0.000
2025-11-22 17:31:18,TOTAL,0.000,0.000,709.894,1086.293
2025-11-22 17:31:19,mlx5_0,0.000,0.000,0.000,0.000
2025-11-22 17:31:19,mlx5_1,9.250,0.012,176.530,259.645
2025-11-22 17:31:19,mlx5_2,0.000,0.000,0.000,0.000
2025-11-22 17:31:19,mlx5_3,9.353,0.012,179.260,275.300
2025-11-22 17:31:19,mlx5_4,0.000,0.000,0.000,0.000
2025-11-22 17:31:19,mlx5_5,9.179,0.012,177.345,266.327
2025-11-22 17:31:19,mlx5_6,0.000,0.000,0.000,0.000
2025-11-22 17:31:19,mlx5_7,0.000,0.000,0.000,0.000
2025-11-22 17:31:19,mlx5_8,9.445,0.012,181.435,285.026
2025-11-22 17:31:19,mlx5_9,0.000,0.000,0.000,0.000
2025-11-22 17:31:19,TOTAL,37.227,0.048,714.570,1086.299
2025-11-22 17:31:20,mlx5_0,0.000,0.000,0.000,0.000
2025-11-22 17:31:20,mlx5_1,0.000,0.000,176.530,259.645
2025-11-22 17:31:20,mlx5_2,0.000,0.000,0.000,0.000
2025-11-22 17:31:20,mlx5_3,0.000,0.000,179.260,275.300
2025-11-22 17:31:20,mlx5_4,0.000,0.000,0.000,0.000
2025-11-22 17:31:20,mlx5_5,0.000,0.000,177.345,266.327
2025-11-22 17:31:20,mlx5_6,0.000,0.000,0.000,0.000
2025-11-22 17:31:20,mlx5_7,0.000,0.000,0.000,0.000
2025-11-22 17:31:20,mlx5_8,0.000,0.000,181.435,285.026
2025-11-22 17:31:20,mlx5_9,0.000,0.000,0.000,0.000
2025-11-22 17:31:20,TOTAL,0.000,0.000,714.570,1086.299
2025-11-22 17:31:21,mlx5_0,0.000,0.000,0.000,0.000
2025-11-22 17:31:21,mlx5_1,0.000,0.000,176.530,259.645
2025-11-22 17:31:21,mlx5_2,0.000,0.000,0.000,0.000
2025-11-22 17:31:21,mlx5_3,0.000,0.000,179.260,275.300
2025-11-22 17:31:21,mlx5_4,0.000,0.000,0.000,0.000
2025-11-22 17:31:21,mlx5_5,0.000,0.000,177.345,266.327
2025-11-22 17:31:21,mlx5_6,0.000,0.000,0.000,0.000
2025-11-22 17:31:21,mlx5_7,0.000,0.000,0.000,0.000
2025-11-22 17:31:21,mlx5_8,0.000,0.000,181.435,285.026
2025-11-22 17:31:21,mlx5_9,0.000,0.000,0.000,0.000
2025-11-22 17:31:21,TOTAL,0.000,0.000,714.570,1086.299
2025-11-22 17:31:22,mlx5_0,0.000,0.000,0.000,0.000
2025-11-22 17:31:22,mlx5_1,0.000,0.000,176.530,259.645
2025-11-22 17:31:22,mlx5_2,0.000,0.000,0.000,0.000
2025-11-22 17:31:22,mlx5_3,0.000,0.000,179.260,275.300
2025-11-22 17:31:22,mlx5_4,0.000,0.000,0.000,0.000
2025-11-22 17:31:22,mlx5_5,0.000,0.000,177.345,266.327
2025-11-22 17:31:22,mlx5_6,0.000,0.000,0.000,0.000
2025-11-22 17:31:22,mlx5_7,0.000,0.000,0.000,0.000
2025-11-22 17:31:22,mlx5_8,0.000,0.000,181.435,285.026
2025-11-22 17:31:22,mlx5_9,0.000,0.000,0.000,0.000
2025-11-22 17:31:22,TOTAL,0.000,0.000,714.570,1086.299
2025-11-22 17:31:23,mlx5_0,0.000,0.000,0.000,0.000
2025-11-22 17:31:23,mlx5_1,9.280,0.012,177.696,259.647
2025-11-22 17:31:23,mlx5_2,0.000,0.000,0.000,0.000
2025-11-22 17:31:23,mlx5_3,9.225,0.012,180.419,275.302
2025-11-22 17:31:23,mlx5_4,0.000,0.000,0.000,0.000
2025-11-22 17:31:23,mlx5_5,9.175,0.012,178.498,266.328
2025-11-22 17:31:23,mlx5_6,0.000,0.000,0.000,0.000
2025-11-22 17:31:23,mlx5_7,0.000,0.000,0.000,0.000
2025-11-22 17:31:23,mlx5_8,9.532,0.012,182.633,285.028
2025-11-22 17:31:23,mlx5_9,0.000,0.000,0.000,0.000
2025-11-22 17:31:23,TOTAL,37.212,0.048,719.246,1086.305
2025-11-22 17:31:24,mlx5_0,0.000,0.000,0.000,0.000
2025-11-22 17:31:24,mlx5_1,0.000,0.000,177.696,259.647
2025-11-22 17:31:24,mlx5_2,0.000,0.000,0.000,0.000
2025-11-22 17:31:24,mlx5_3,0.000,0.000,180.419,275.302
2025-11-22 17:31:24,mlx5_4,0.000,0.000,0.000,0.000
2025-11-22 17:31:24,mlx5_5,0.000,0.000,178.498,266.328
2025-11-22 17:31:24,mlx5_6,0.000,0.000,0.000,0.000
2025-11-22 17:31:24,mlx5_7,0.000,0.000,0.000,0.000
2025-11-22 17:31:24,mlx5_8,0.000,0.000,182.633,285.028
2025-11-22 17:31:24,mlx5_9,0.000,0.000,0.000,0.000
2025-11-22 17:31:24,TOTAL,0.000,0.000,719.246,1086.305
2025-11-22 17:31:25,mlx5_0,0.000,0.000,0.000,0.000
2025-11-22 17:31:25,mlx5_1,0.000,0.000,177.696,259.647
2025-11-22 17:31:25,mlx5_2,0.000,0.000,0.000,0.000
2025-11-22 17:31:25,mlx5_3,0.000,0.000,180.419,275.302
2025-11-22 17:31:25,mlx5_4,0.000,0.000,0.000,0.000
2025-11-22 17:31:25,mlx5_5,0.000,0.000,178.498,266.328
2025-11-22 17:31:25,mlx5_6,0.000,0.000,0.000,0.000
2025-11-22 17:31:25,mlx5_7,0.000,0.000,0.000,0.000
2025-11-22 17:31:25,mlx5_8,0.000,0.000,182.633,285.028
2025-11-22 17:31:25,mlx5_9,0.000,0.000,0.000,0.000
2025-11-22 17:31:25,TOTAL,0.000,0.000,719.246,1086.305
2025-11-22 17:31:26,mlx5_0,0.000,0.000,0.000,0.000
2025-11-22 17:31:26,mlx5_1,0.000,0.000,177.696,259.647
2025-11-22 17:31:26,mlx5_2,0.000,0.000,0.000,0.000
2025-11-22 17:31:26,mlx5_3,0.000,0.000,180.419,275.302
2025-11-22 17:31:26,mlx5_4,0.000,0.000,0.000,0.000
2025-11-22 17:31:26,mlx5_5,0.000,0.000,178.498,266.328
2025-11-22 17:31:26,mlx5_6,0.000,0.000,0.000,0.000
2025-11-22 17:31:26,mlx5_7,0.000,0.000,0.000,0.000
2025-11-22 17:31:26,mlx5_8,0.000,0.000,182.633,285.028
2025-11-22 17:31:26,mlx5_9,0.000,0.000,0.000,0.000
2025-11-22 17:31:26,TOTAL,0.000,0.000,719.246,1086.305
2025-11-22 17:31:27,mlx5_0,0.000,0.000,0.000,0.000
2025-11-22 17:31:27,mlx5_1,0.000,0.000,177.696,259.647
2025-11-22 17:31:27,mlx5_2,0.000,0.000,0.000,0.000
2025-11-22 17:31:27,mlx5_3,0.000,0.000,180.419,275.302
2025-11-22 17:31:27,mlx5_4,0.000,0.000,0.000,0.000
2025-11-22 17:31:27,mlx5_5,0.000,0.000,178.498,266.328
2025-11-22 17:31:27,mlx5_6,0.000,0.000,0.000,0.000
2025-11-22 17:31:27,mlx5_7,0.000,0.000,0.000,0.000
2025-11-22 17:31:27,mlx5_8,0.000,0.000,182.633,285.028
2025-11-22 17:31:27,mlx5_9,0.000,0.000,0.000,0.000
2025-11-22 17:31:27,TOTAL,0.000,0.000,719.246,1086.305
2025-11-22 17:31:28,mlx5_0,0.000,0.000,0.000,0.000
2025-11-22 17:31:28,mlx5_1,9.198,54.167,178.852,266.450
2025-11-22 17:31:28,mlx5_2,0.000,0.000,0.000,0.000
2025-11-22 17:31:28,mlx5_3,9.523,57.139,181.615,282.478
2025-11-22 17:31:28,mlx5_4,0.000,0.000,0.000,0.000
2025-11-22 17:31:28,mlx5_5,9.256,55.345,179.661,273.280
2025-11-22 17:31:28,mlx5_6,0.000,0.000,0.000,0.000
2025-11-22 17:31:28,mlx5_7,0.000,0.000,0.000,0.000
2025-11-22 17:31:28,mlx5_8,9.675,59.937,183.848,292.556
2025-11-22 17:31:28,mlx5_9,0.000,0.000,0.000,0.000
2025-11-22 17:31:28,TOTAL,37.651,226.588,723.975,1114.764
2025-11-22 17:31:29,mlx5_0,0.000,0.000,0.000,0.000
2025-11-22 17:31:29,mlx5_1,0.000,0.000,178.852,266.450
2025-11-22 17:31:29,mlx5_2,0.000,0.000,0.000,0.000
2025-11-22 17:31:29,mlx5_3,0.000,0.000,181.615,282.478
2025-11-22 17:31:29,mlx5_4,0.000,0.000,0.000,0.000
2025-11-22 17:31:29,mlx5_5,0.000,0.000,179.661,273.280
2025-11-22 17:31:29,mlx5_6,0.000,0.000,0.000,0.000
2025-11-22 17:31:29,mlx5_7,0.000,0.000,0.000,0.000
2025-11-22 17:31:29,mlx5_8,0.000,0.000,183.848,292.556
2025-11-22 17:31:29,mlx5_9,0.000,0.000,0.000,0.000
2025-11-22 17:31:29,TOTAL,0.000,0.000,723.975,1114.764
2025-11-22 17:31:30,mlx5_0,0.000,0.000,0.000,0.000
2025-11-22 17:31:30,mlx5_1,0.000,0.000,178.852,266.450
2025-11-22 17:31:30,mlx5_2,0.000,0.000,0.000,0.000
2025-11-22 17:31:30,mlx5_3,0.000,0.000,181.615,282.478
2025-11-22 17:31:30,mlx5_4,0.000,0.000,0.000,0.000
2025-11-22 17:31:30,mlx5_5,0.000,0.000,179.661,273.280
2025-11-22 17:31:30,mlx5_6,0.000,0.000,0.000,0.000
2025-11-22 17:31:30,mlx5_7,0.000,0.000,0.000,0.000
2025-11-22 17:31:30,mlx5_8,0.000,0.000,183.848,292.556
2025-11-22 17:31:30,mlx5_9,0.000,0.000,0.000,0.000
2025-11-22 17:31:30,TOTAL,0.000,0.000,723.975,1114.764
2025-11-22 17:31:31,mlx5_0,0.000,0.000,0.000,0.000
2025-11-22 17:31:31,mlx5_1,0.000,0.000,178.852,266.450
2025-11-22 17:31:31,mlx5_2,0.000,0.000,0.000,0.000
2025-11-22 17:31:31,mlx5_3,0.000,0.000,181.615,282.478
2025-11-22 17:31:31,mlx5_4,0.000,0.000,0.000,0.000
2025-11-22 17:31:31,mlx5_5,0.000,0.000,179.661,273.280
2025-11-22 17:31:31,mlx5_6,0.000,0.000,0.000,0.000
2025-11-22 17:31:31,mlx5_7,0.000,0.000,0.000,0.000
2025-11-22 17:31:31,mlx5_8,0.000,0.000,183.848,292.556
2025-11-22 17:31:31,mlx5_9,0.000,0.000,0.000,0.000
2025-11-22 17:31:31,TOTAL,0.000,0.000,723.975,1114.764
2025-11-22 17:31:32,mlx5_0,0.000,0.000,0.000,0.000
2025-11-22 17:31:32,mlx5_1,8.808,0.012,179.958,266.452
2025-11-22 17:31:32,mlx5_2,0.000,0.000,0.000,0.000
2025-11-22 17:31:32,mlx5_3,9.009,0.012,182.747,282.480
2025-11-22 17:31:32,mlx5_4,0.000,0.000,0.000,0.000
2025-11-22 17:31:32,mlx5_5,8.790,0.011,180.765,273.281
2025-11-22 17:31:32,mlx5_6,0.000,0.000,0.000,0.000
2025-11-22 17:31:32,mlx5_7,0.000,0.000,0.000,0.000
2025-11-22 17:31:32,mlx5_8,9.013,0.012,184.980,292.557
2025-11-22 17:31:32,mlx5_9,0.000,0.000,0.000,0.000
2025-11-22 17:31:32,TOTAL,35.619,0.047,728.450,1114.770
2025-11-22 17:31:33,mlx5_0,0.000,0.000,0.000,0.000
2025-11-22 17:31:33,mlx5_1,0.000,0.000,179.958,266.452
2025-11-22 17:31:33,mlx5_2,0.000,0.000,0.000,0.000
2025-11-22 17:31:33,mlx5_3,0.000,0.000,182.747,282.480
2025-11-22 17:31:33,mlx5_4,0.000,0.000,0.000,0.000
2025-11-22 17:31:33,mlx5_5,0.000,0.000,180.765,273.281
2025-11-22 17:31:33,mlx5_6,0.000,0.000,0.000,0.000
2025-11-22 17:31:33,mlx5_7,0.000,0.000,0.000,0.000
2025-11-22 17:31:33,mlx5_8,0.000,0.000,184.980,292.557
2025-11-22 17:31:33,mlx5_9,0.000,0.000,0.000,0.000
2025-11-22 17:31:33,TOTAL,0.000,0.000,728.450,1114.770
2025-11-22 17:31:34,mlx5_0,0.000,0.000,0.000,0.000
2025-11-22 17:31:34,mlx5_1,0.000,0.000,179.958,266.452
2025-11-22 17:31:34,mlx5_2,0.000,0.000,0.000,0.000
2025-11-22 17:31:34,mlx5_3,0.000,0.000,182.747,282.480
2025-11-22 17:31:34,mlx5_4,0.000,0.000,0.000,0.000
2025-11-22 17:31:34,mlx5_5,0.000,0.000,180.765,273.281
2025-11-22 17:31:34,mlx5_6,0.000,0.000,0.000,0.000
2025-11-22 17:31:34,mlx5_7,0.000,0.000,0.000,0.000
2025-11-22 17:31:34,mlx5_8,0.000,0.000,184.980,292.557
2025-11-22 17:31:34,mlx5_9,0.000,0.000,0.000,0.000
2025-11-22 17:31:34,TOTAL,0.000,0.000,728.450,1114.770
2025-11-22 17:31:35,mlx5_0,0.000,0.000,0.000,0.000
2025-11-22 17:31:35,mlx5_1,9.019,0.012,181.091,266.453
2025-11-22 17:31:35,mlx5_2,0.000,0.000,0.000,0.000
2025-11-22 17:31:35,mlx5_3,9.360,0.012,183.922,282.481
2025-11-22 17:31:35,mlx5_4,0.000,0.000,0.000,0.000
2025-11-22 17:31:35,mlx5_5,9.360,0.012,181.941,273.282
2025-11-22 17:31:35,mlx5_6,0.000,0.000,0.000,0.000
2025-11-22 17:31:35,mlx5_7,0.000,0.000,0.000,0.000
2025-11-22 17:31:35,mlx5_8,9.362,0.012,186.156,292.559
2025-11-22 17:31:35,mlx5_9,0.000,0.000,0.000,0.000
2025-11-22 17:31:35,TOTAL,37.102,0.047,733.111,1114.776
2025-11-22 17:31:36,mlx5_0,0.000,0.000,0.000,0.000
2025-11-22 17:31:36,mlx5_1,0.090,0.000,181.103,266.453
2025-11-22 17:31:36,mlx5_2,0.000,0.000,0.000,0.000
2025-11-22 17:31:36,mlx5_3,0.031,0.000,183.926,282.481
2025-11-22 17:31:36,mlx5_4,0.000,0.000,0.000,0.000
2025-11-22 17:31:36,mlx5_5,0.001,0.000,181.941,273.282
2025-11-22 17:31:36,mlx5_6,0.000,0.000,0.000,0.000
2025-11-22 17:31:36,mlx5_7,0.000,0.000,0.000,0.000
2025-11-22 17:31:36,mlx5_8,0.001,0.000,186.156,292.559
2025-11-22 17:31:36,mlx5_9,0.000,0.000,0.000,0.000
2025-11-22 17:31:36,TOTAL,0.122,0.001,733.126,1114.776
2025-11-22 17:31:37,mlx5_0,0.000,0.000,0.000,0.000
2025-11-22 17:31:37,mlx5_1,0.000,0.000,181.103,266.453
2025-11-22 17:31:37,mlx5_2,0.000,0.000,0.000,0.000
2025-11-22 17:31:37,mlx5_3,0.000,0.000,183.926,282.481
2025-11-22 17:31:37,mlx5_4,0.000,0.000,0.000,0.000
2025-11-22 17:31:37,mlx5_5,0.000,0.000,181.941,273.282
2025-11-22 17:31:37,mlx5_6,0.000,0.000,0.000,0.000
2025-11-22 17:31:37,mlx5_7,0.000,0.000,0.000,0.000
2025-11-22 17:31:37,mlx5_8,0.000,0.000,186.156,292.559
2025-11-22 17:31:37,mlx5_9,0.000,0.000,0.000,0.000
2025-11-22 17:31:37,TOTAL,0.000,0.000,733.126,1114.776
2025-11-22 17:31:38,mlx5_0,0.000,0.000,0.000,0.000
2025-11-22 17:31:38,mlx5_1,0.000,0.000,181.103,266.453
2025-11-22 17:31:38,mlx5_2,0.000,0.000,0.000,0.000
2025-11-22 17:31:38,mlx5_3,0.000,0.000,183.926,282.481
2025-11-22 17:31:38,mlx5_4,0.000,0.000,0.000,0.000
2025-11-22 17:31:38,mlx5_5,0.000,0.000,181.941,273.282
2025-11-22 17:31:38,mlx5_6,0.000,0.000,0.000,0.000
2025-11-22 17:31:38,mlx5_7,0.000,0.000,0.000,0.000
2025-11-22 17:31:38,mlx5_8,0.000,0.000,186.156,292.559
2025-11-22 17:31:38,mlx5_9,0.000,0.000,0.000,0.000
2025-11-22 17:31:38,TOTAL,0.000,0.000,733.126,1114.776
2025-11-22 17:31:39,mlx5_0,0.000,0.000,0.000,0.000
2025-11-22 17:31:39,mlx5_1,9.149,0.012,182.252,266.455
2025-11-22 17:31:39,mlx5_2,0.000,0.000,0.000,0.000
2025-11-22 17:31:39,mlx5_3,9.447,0.012,185.113,282.483
2025-11-22 17:31:39,mlx5_4,0.000,0.000,0.000,0.000
2025-11-22 17:31:39,mlx5_5,9.189,0.012,183.095,273.284
2025-11-22 17:31:39,mlx5_6,0.000,0.000,0.000,0.000
2025-11-22 17:31:39,mlx5_7,0.000,0.000,0.000,0.000
2025-11-22 17:31:39,mlx5_8,9.447,0.012,187.343,292.560
2025-11-22 17:31:39,mlx5_9,0.000,0.000,0.000,0.000
2025-11-22 17:31:39,TOTAL,37.232,0.048,737.802,1114.782
2025-11-22 17:31:40,mlx5_0,0.000,0.000,0.000,0.000
2025-11-22 17:31:40,mlx5_1,0.000,0.000,182.252,266.455
2025-11-22 17:31:40,mlx5_2,0.000,0.000,0.000,0.000
2025-11-22 17:31:40,mlx5_3,0.000,0.000,185.113,282.483
2025-11-22 17:31:40,mlx5_4,0.000,0.000,0.000,0.000
2025-11-22 17:31:40,mlx5_5,0.000,0.000,183.095,273.284
2025-11-22 17:31:40,mlx5_6,0.000,0.000,0.000,0.000
2025-11-22 17:31:40,mlx5_7,0.000,0.000,0.000,0.000
2025-11-22 17:31:40,mlx5_8,0.000,0.000,187.343,292.560
2025-11-22 17:31:40,mlx5_9,0.000,0.000,0.000,0.000
2025-11-22 17:31:40,TOTAL,0.000,0.000,737.802,1114.782
2025-11-22 17:31:41,mlx5_0,0.000,0.000,0.000,0.000
2025-11-22 17:31:41,mlx5_1,0.000,0.000,182.252,266.455
2025-11-22 17:31:41,mlx5_2,0.000,0.000,0.000,0.000
2025-11-22 17:31:41,mlx5_3,0.000,0.000,185.113,282.483
2025-11-22 17:31:41,mlx5_4,0.000,0.000,0.000,0.000
2025-11-22 17:31:41,mlx5_5,0.000,0.000,183.095,273.284
2025-11-22 17:31:41,mlx5_6,0.000,0.000,0.000,0.000
2025-11-22 17:31:41,mlx5_7,0.000,0.000,0.000,0.000
2025-11-22 17:31:41,mlx5_8,0.000,0.000,187.343,292.560
2025-11-22 17:31:41,mlx5_9,0.000,0.000,0.000,0.000
2025-11-22 17:31:41,TOTAL,0.000,0.000,737.802,1114.782
2025-11-22 17:31:42,mlx5_0,0.000,0.000,0.000,0.000
2025-11-22 17:31:42,mlx5_1,0.000,0.000,182.252,266.455
2025-11-22 17:31:42,mlx5_2,0.000,0.000,0.000,0.000
2025-11-22 17:31:42,mlx5_3,0.000,0.000,185.113,282.483
2025-11-22 17:31:42,mlx5_4,0.000,0.000,0.000,0.000
2025-11-22 17:31:42,mlx5_5,0.000,0.000,183.095,273.284
2025-11-22 17:31:42,mlx5_6,0.000,0.000,0.000,0.000
2025-11-22 17:31:42,mlx5_7,0.000,0.000,0.000,0.000
2025-11-22 17:31:42,mlx5_8,0.000,0.000,187.343,292.560
2025-11-22 17:31:42,mlx5_9,0.000,0.000,0.000,0.000
2025-11-22 17:31:42,TOTAL,0.000,0.000,737.802,1114.782
2025-11-22 17:31:43,mlx5_0,0.000,0.000,0.000,0.000
2025-11-22 17:31:43,mlx5_1,9.136,0.012,183.399,266.456
2025-11-22 17:31:43,mlx5_2,0.000,0.000,0.000,0.000
2025-11-22 17:31:43,mlx5_3,9.436,0.012,186.298,282.484
2025-11-22 17:31:43,mlx5_4,0.000,0.000,0.000,0.000
2025-11-22 17:31:43,mlx5_5,9.166,0.012,184.246,273.285
2025-11-22 17:31:43,mlx5_6,0.000,0.000,0.000,0.000
2025-11-22 17:31:43,mlx5_7,0.000,0.000,0.000,0.000
2025-11-22 17:31:43,mlx5_8,9.491,0.012,188.535,292.562
2025-11-22 17:31:43,mlx5_9,0.000,0.000,0.000,0.000
2025-11-22 17:31:43,TOTAL,37.229,0.048,742.478,1114.788
2025-11-22 17:31:44,mlx5_0,0.000,0.000,0.000,0.000
2025-11-22 17:31:44,mlx5_1,0.000,0.000,183.399,266.456
2025-11-22 17:31:44,mlx5_2,0.000,0.000,0.000,0.000
2025-11-22 17:31:44,mlx5_3,0.000,0.000,186.298,282.484
2025-11-22 17:31:44,mlx5_4,0.000,0.000,0.000,0.000
2025-11-22 17:31:44,mlx5_5,0.000,0.000,184.246,273.285
2025-11-22 17:31:44,mlx5_6,0.000,0.000,0.000,0.000
2025-11-22 17:31:44,mlx5_7,0.000,0.000,0.000,0.000
2025-11-22 17:31:44,mlx5_8,0.000,0.000,188.535,292.562
2025-11-22 17:31:44,mlx5_9,0.000,0.000,0.000,0.000
2025-11-22 17:31:44,TOTAL,0.000,0.000,742.478,1114.788
2025-11-22 17:31:45,mlx5_0,0.000,0.000,0.000,0.000
2025-11-22 17:31:45,mlx5_1,0.000,0.000,183.399,266.456
2025-11-22 17:31:45,mlx5_2,0.000,0.000,0.000,0.000
2025-11-22 17:31:45,mlx5_3,0.000,0.000,186.298,282.484
2025-11-22 17:31:45,mlx5_4,0.000,0.000,0.000,0.000
2025-11-22 17:31:45,mlx5_5,0.000,0.000,184.246,273.285
2025-11-22 17:31:45,mlx5_6,0.000,0.000,0.000,0.000
2025-11-22 17:31:45,mlx5_7,0.000,0.000,0.000,0.000
2025-11-22 17:31:45,mlx5_8,0.000,0.000,188.535,292.562
2025-11-22 17:31:45,mlx5_9,0.000,0.000,0.000,0.000
2025-11-22 17:31:45,TOTAL,0.000,0.000,742.478,1114.788
2025-11-22 17:31:46,mlx5_0,0.000,0.000,0.000,0.000
2025-11-22 17:31:46,mlx5_1,0.000,0.000,183.399,266.456
2025-11-22 17:31:46,mlx5_2,0.000,0.000,0.000,0.000
2025-11-22 17:31:46,mlx5_3,0.000,0.000,186.298,282.484
2025-11-22 17:31:46,mlx5_4,0.000,0.000,0.000,0.000
2025-11-22 17:31:46,mlx5_5,0.000,0.000,184.246,273.285
2025-11-22 17:31:46,mlx5_6,0.000,0.000,0.000,0.000
2025-11-22 17:31:46,mlx5_7,0.000,0.000,0.000,0.000
2025-11-22 17:31:46,mlx5_8,0.000,0.000,188.535,292.562
2025-11-22 17:31:46,mlx5_9,0.000,0.000,0.000,0.000
2025-11-22 17:31:46,TOTAL,0.000,0.000,742.478,1114.788
2025-11-22 17:31:47,mlx5_0,0.000,0.000,0.000,0.000
2025-11-22 17:31:47,mlx5_1,9.116,0.012,184.544,266.458
2025-11-22 17:31:47,mlx5_2,0.000,0.000,0.000,0.000
2025-11-22 17:31:47,mlx5_3,9.344,0.012,187.472,282.486
2025-11-22 17:31:47,mlx5_4,0.000,0.000,0.000,0.000
2025-11-22 17:31:47,mlx5_5,9.502,0.012,185.440,273.287
2025-11-22 17:31:47,mlx5_6,0.000,0.000,0.000,0.000
2025-11-22 17:31:47,mlx5_7,0.000,0.000,0.000,0.000
2025-11-22 17:31:47,mlx5_8,9.251,0.012,189.697,292.563
2025-11-22 17:31:47,mlx5_9,0.000,0.000,0.000,0.000
2025-11-22 17:31:47,TOTAL,37.213,0.048,747.154,1114.794
2025-11-22 17:31:48,mlx5_0,0.000,0.000,0.000,0.000
2025-11-22 17:31:48,mlx5_1,0.000,0.000,184.544,266.458
2025-11-22 17:31:48,mlx5_2,0.000,0.000,0.000,0.000
2025-11-22 17:31:48,mlx5_3,0.000,0.000,187.472,282.486
2025-11-22 17:31:48,mlx5_4,0.000,0.000,0.000,0.000
2025-11-22 17:31:48,mlx5_5,0.000,0.000,185.440,273.287
2025-11-22 17:31:48,mlx5_6,0.000,0.000,0.000,0.000
2025-11-22 17:31:48,mlx5_7,0.000,0.000,0.000,0.000
2025-11-22 17:31:48,mlx5_8,0.000,0.000,189.697,292.563
2025-11-22 17:31:48,mlx5_9,0.000,0.000,0.000,0.000
2025-11-22 17:31:48,TOTAL,0.000,0.000,747.154,1114.794
2025-11-22 17:31:49,mlx5_0,0.000,0.000,0.000,0.000
2025-11-22 17:31:49,mlx5_1,0.000,0.000,184.544,266.458
2025-11-22 17:31:49,mlx5_2,0.000,0.000,0.000,0.000
2025-11-22 17:31:49,mlx5_3,0.000,0.000,187.472,282.486
2025-11-22 17:31:49,mlx5_4,0.000,0.000,0.000,0.000
2025-11-22 17:31:49,mlx5_5,0.000,0.000,185.440,273.287
2025-11-22 17:31:49,mlx5_6,0.000,0.000,0.000,0.000
2025-11-22 17:31:49,mlx5_7,0.000,0.000,0.000,0.000
2025-11-22 17:31:49,mlx5_8,0.000,0.000,189.697,292.563
2025-11-22 17:31:49,mlx5_9,0.000,0.000,0.000,0.000
2025-11-22 17:31:49,TOTAL,0.000,0.000,747.154,1114.794
2025-11-22 17:31:50,mlx5_0,0.000,0.000,0.000,0.000
2025-11-22 17:31:50,mlx5_1,0.000,0.000,184.544,266.458
2025-11-22 17:31:50,mlx5_2,0.000,0.000,0.000,0.000
2025-11-22 17:31:50,mlx5_3,0.000,0.000,187.472,282.486
2025-11-22 17:31:50,mlx5_4,0.000,0.000,0.000,0.000
2025-11-22 17:31:50,mlx5_5,0.000,0.000,185.440,273.287
2025-11-22 17:31:50,mlx5_6,0.000,0.000,0.000,0.000
2025-11-22 17:31:50,mlx5_7,0.000,0.000,0.000,0.000
2025-11-22 17:31:50,mlx5_8,0.000,0.000,189.697,292.563
2025-11-22 17:31:50,mlx5_9,0.000,0.000,0.000,0.000
2025-11-22 17:31:50,TOTAL,0.000,0.000,747.154,1114.794
2025-11-22 17:31:51,mlx5_0,0.000,0.000,0.000,0.000
2025-11-22 17:31:51,mlx5_1,0.000,0.000,184.544,266.458
2025-11-22 17:31:51,mlx5_2,0.000,0.000,0.000,0.000
2025-11-22 17:31:51,mlx5_3,0.000,0.000,187.472,282.486
2025-11-22 17:31:51,mlx5_4,0.000,0.000,0.000,0.000
2025-11-22 17:31:51,mlx5_5,0.000,0.000,185.440,273.287
2025-11-22 17:31:51,mlx5_6,0.000,0.000,0.000,0.000
2025-11-22 17:31:51,mlx5_7,0.000,0.000,0.000,0.000
2025-11-22 17:31:51,mlx5_8,0.000,0.000,189.697,292.563
2025-11-22 17:31:51,mlx5_9,0.000,0.000,0.000,0.000
2025-11-22 17:31:51,TOTAL,0.001,0.000,747.154,1114.794
2025-11-22 17:31:52,mlx5_0,0.000,0.000,0.000,0.000
2025-11-22 17:31:52,mlx5_1,9.182,54.898,185.698,273.354
2025-11-22 17:31:52,mlx5_2,0.000,0.000,0.000,0.000
2025-11-22 17:31:52,mlx5_3,9.468,56.737,188.662,289.613
2025-11-22 17:31:52,mlx5_4,0.000,0.000,0.000,0.000
2025-11-22 17:31:52,mlx5_5,9.397,55.840,186.621,280.302
2025-11-22 17:31:52,mlx5_6,0.000,0.000,0.000,0.000
2025-11-22 17:31:52,mlx5_7,0.000,0.000,0.000,0.000
2025-11-22 17:31:52,mlx5_8,9.591,59.060,190.902,299.983
2025-11-22 17:31:52,mlx5_9,0.000,0.000,0.000,0.000
2025-11-22 17:31:52,TOTAL,37.638,226.535,751.882,1143.253
2025-11-22 17:31:53,mlx5_0,0.000,0.000,0.000,0.000
2025-11-22 17:31:53,mlx5_1,0.000,0.000,185.698,273.354
2025-11-22 17:31:53,mlx5_2,0.000,0.000,0.000,0.000
2025-11-22 17:31:53,mlx5_3,0.000,0.000,188.662,289.613
2025-11-22 17:31:53,mlx5_4,0.000,0.000,0.000,0.000
2025-11-22 17:31:53,mlx5_5,0.000,0.000,186.621,280.302
2025-11-22 17:31:53,mlx5_6,0.000,0.000,0.000,0.000
2025-11-22 17:31:53,mlx5_7,0.000,0.000,0.000,0.000
2025-11-22 17:31:53,mlx5_8,0.000,0.000,190.902,299.983
2025-11-22 17:31:53,mlx5_9,0.000,0.000,0.000,0.000
2025-11-22 17:31:53,TOTAL,0.000,0.000,751.882,1143.253
2025-11-22 17:31:54,mlx5_0,0.000,0.000,0.000,0.000
2025-11-22 17:31:54,mlx5_1,0.000,0.000,185.698,273.354
2025-11-22 17:31:54,mlx5_2,0.000,0.000,0.000,0.000
2025-11-22 17:31:54,mlx5_3,0.000,0.000,188.662,289.613
2025-11-22 17:31:54,mlx5_4,0.000,0.000,0.000,0.000
2025-11-22 17:31:54,mlx5_5,0.000,0.000,186.621,280.302
2025-11-22 17:31:54,mlx5_6,0.000,0.000,0.000,0.000
2025-11-22 17:31:54,mlx5_7,0.000,0.000,0.000,0.000
2025-11-22 17:31:54,mlx5_8,0.000,0.000,190.902,299.983
2025-11-22 17:31:54,mlx5_9,0.000,0.000,0.000,0.000
2025-11-22 17:31:54,TOTAL,0.000,0.000,751.882,1143.253
2025-11-22 17:31:55,mlx5_0,0.000,0.000,0.000,0.000
2025-11-22 17:31:55,mlx5_1,0.000,0.000,185.698,273.354
2025-11-22 17:31:55,mlx5_2,0.000,0.000,0.000,0.000
2025-11-22 17:31:55,mlx5_3,0.000,0.000,188.662,289.613
2025-11-22 17:31:55,mlx5_4,0.000,0.000,0.000,0.000
2025-11-22 17:31:55,mlx5_5,0.000,0.000,186.621,280.302
2025-11-22 17:31:55,mlx5_6,0.000,0.000,0.000,0.000
2025-11-22 17:31:55,mlx5_7,0.000,0.000,0.000,0.000
2025-11-22 17:31:55,mlx5_8,0.000,0.000,190.902,299.983
2025-11-22 17:31:55,mlx5_9,0.000,0.000,0.000,0.000
2025-11-22 17:31:55,TOTAL,0.000,0.000,751.882,1143.253
2025-11-22 17:31:56,mlx5_0,0.000,0.000,0.000,0.000
2025-11-22 17:31:56,mlx5_1,0.000,0.000,185.698,273.354
2025-11-22 17:31:56,mlx5_2,0.000,0.000,0.000,0.000
2025-11-22 17:31:56,mlx5_3,0.000,0.000,188.662,289.613
2025-11-22 17:31:56,mlx5_4,0.000,0.000,0.000,0.000
2025-11-22 17:31:56,mlx5_5,0.000,0.000,186.621,280.302
2025-11-22 17:31:56,mlx5_6,0.000,0.000,0.000,0.000
2025-11-22 17:31:56,mlx5_7,0.000,0.000,0.000,0.000
2025-11-22 17:31:56,mlx5_8,0.000,0.000,190.902,299.983
2025-11-22 17:31:56,mlx5_9,0.000,0.000,0.000,0.000
2025-11-22 17:31:56,TOTAL,0.000,0.000,751.882,1143.253
2025-11-22 17:31:57,mlx5_0,0.000,0.000,0.000,0.000
2025-11-22 17:31:57,mlx5_1,9.361,0.012,186.874,273.356
2025-11-22 17:31:57,mlx5_2,0.000,0.000,0.000,0.000
2025-11-22 17:31:57,mlx5_3,9.306,0.012,189.830,289.615
2025-11-22 17:31:57,mlx5_4,0.000,0.000,0.000,0.000
2025-11-22 17:31:57,mlx5_5,9.465,0.012,187.809,280.303
2025-11-22 17:31:57,mlx5_6,0.000,0.000,0.000,0.000
2025-11-22 17:31:57,mlx5_7,0.000,0.000,0.000,0.000
2025-11-22 17:31:57,mlx5_8,9.827,0.013,192.136,299.985
2025-11-22 17:31:57,mlx5_9,0.000,0.000,0.000,0.000
2025-11-22 17:31:57,TOTAL,37.959,0.049,756.650,1143.259
2025-11-22 17:31:58,mlx5_0,0.000,0.000,0.000,0.000
2025-11-22 17:31:58,mlx5_1,0.000,0.000,186.874,273.356
2025-11-22 17:31:58,mlx5_2,0.000,0.000,0.000,0.000
2025-11-22 17:31:58,mlx5_3,0.000,0.000,189.830,289.615
2025-11-22 17:31:58,mlx5_4,0.000,0.000,0.000,0.000
2025-11-22 17:31:58,mlx5_5,0.000,0.000,187.809,280.303
2025-11-22 17:31:58,mlx5_6,0.000,0.000,0.000,0.000
2025-11-22 17:31:58,mlx5_7,0.000,0.000,0.000,0.000
2025-11-22 17:31:58,mlx5_8,0.000,0.000,192.136,299.985
2025-11-22 17:31:58,mlx5_9,0.000,0.000,0.000,0.000
2025-11-22 17:31:58,TOTAL,0.000,0.000,756.650,1143.259
2025-11-22 17:31:59,mlx5_0,0.000,0.000,0.000,0.000
2025-11-22 17:31:59,mlx5_1,0.000,0.000,186.874,273.356
2025-11-22 17:31:59,mlx5_2,0.000,0.000,0.000,0.000
2025-11-22 17:31:59,mlx5_3,0.000,0.000,189.830,289.615
2025-11-22 17:31:59,mlx5_4,0.000,0.000,0.000,0.000
2025-11-22 17:31:59,mlx5_5,0.000,0.000,187.809,280.303
2025-11-22 17:31:59,mlx5_6,0.000,0.000,0.000,0.000
2025-11-22 17:31:59,mlx5_7,0.000,0.000,0.000,0.000
2025-11-22 17:31:59,mlx5_8,0.000,0.000,192.136,299.985
2025-11-22 17:31:59,mlx5_9,0.000,0.000,0.000,0.000
2025-11-22 17:31:59,TOTAL,0.000,0.000,756.650,1143.259
2025-11-22 17:32:00,mlx5_0,0.000,0.000,0.000,0.000
2025-11-22 17:32:00,mlx5_1,9.006,0.012,188.005,273.357
2025-11-22 17:32:00,mlx5_2,0.000,0.000,0.000,0.000
2025-11-22 17:32:00,mlx5_3,9.089,0.012,190.972,289.616
2025-11-22 17:32:00,mlx5_4,0.000,0.000,0.000,0.000
2025-11-22 17:32:00,mlx5_5,9.462,0.012,188.998,280.305
2025-11-22 17:32:00,mlx5_6,0.000,0.000,0.000,0.000
2025-11-22 17:32:00,mlx5_7,0.000,0.000,0.000,0.000
2025-11-22 17:32:00,mlx5_8,9.672,0.012,193.351,299.986
2025-11-22 17:32:00,mlx5_9,0.000,0.000,0.000,0.000
2025-11-22 17:32:00,TOTAL,37.229,0.048,761.326,1143.265
2025-11-22 17:32:01,mlx5_0,0.000,0.000,0.000,0.000
2025-11-22 17:32:01,mlx5_1,0.000,0.000,188.005,273.357
2025-11-22 17:32:01,mlx5_2,0.000,0.000,0.000,0.000
2025-11-22 17:32:01,mlx5_3,0.000,0.000,190.972,289.616
2025-11-22 17:32:01,mlx5_4,0.000,0.000,0.000,0.000
2025-11-22 17:32:01,mlx5_5,0.000,0.000,188.998,280.305
2025-11-22 17:32:01,mlx5_6,0.000,0.000,0.000,0.000
2025-11-22 17:32:01,mlx5_7,0.000,0.000,0.000,0.000
2025-11-22 17:32:01,mlx5_8,0.000,0.000,193.351,299.986
2025-11-22 17:32:01,mlx5_9,0.000,0.000,0.000,0.000
2025-11-22 17:32:01,TOTAL,0.000,0.000,761.326,1143.265
2025-11-22 17:32:02,mlx5_0,0.000,0.000,0.000,0.000
2025-11-22 17:32:02,mlx5_1,0.000,0.000,188.005,273.357
2025-11-22 17:32:02,mlx5_2,0.000,0.000,0.000,0.000
2025-11-22 17:32:02,mlx5_3,0.000,0.000,190.972,289.616
2025-11-22 17:32:02,mlx5_4,0.000,0.000,0.000,0.000
2025-11-22 17:32:02,mlx5_5,0.000,0.000,188.998,280.305
2025-11-22 17:32:02,mlx5_6,0.000,0.000,0.000,0.000
2025-11-22 17:32:02,mlx5_7,0.000,0.000,0.000,0.000
2025-11-22 17:32:02,mlx5_8,0.000,0.000,193.351,299.986
2025-11-22 17:32:02,mlx5_9,0.000,0.000,0.000,0.000
2025-11-22 17:32:02,TOTAL,0.000,0.000,761.326,1143.265
2025-11-22 17:32:03,mlx5_0,0.000,0.000,0.000,0.000
2025-11-22 17:32:03,mlx5_1,9.243,0.012,189.166,273.359
2025-11-22 17:32:03,mlx5_2,0.000,0.000,0.000,0.000
2025-11-22 17:32:03,mlx5_3,9.305,0.012,192.141,289.618
2025-11-22 17:32:03,mlx5_4,0.000,0.000,0.000,0.000
2025-11-22 17:32:03,mlx5_5,9.244,0.012,190.159,280.306
2025-11-22 17:32:03,mlx5_6,0.000,0.000,0.000,0.000
2025-11-22 17:32:03,mlx5_7,0.000,0.000,0.000,0.000
2025-11-22 17:32:03,mlx5_8,9.434,0.012,194.536,299.988
2025-11-22 17:32:03,mlx5_9,0.000,0.000,0.000,0.000
2025-11-22 17:32:03,TOTAL,37.225,0.047,766.002,1143.271
2025-11-22 17:32:04,mlx5_0,0.000,0.000,0.000,0.000
2025-11-22 17:32:04,mlx5_1,0.000,0.000,189.166,273.359
2025-11-22 17:32:04,mlx5_2,0.000,0.000,0.000,0.000
2025-11-22 17:32:04,mlx5_3,0.000,0.000,192.141,289.618
2025-11-22 17:32:04,mlx5_4,0.000,0.000,0.000,0.000
2025-11-22 17:32:04,mlx5_5,0.000,0.000,190.159,280.306
2025-11-22 17:32:04,mlx5_6,0.000,0.000,0.000,0.000
2025-11-22 17:32:04,mlx5_7,0.000,0.000,0.000,0.000
2025-11-22 17:32:04,mlx5_8,0.000,0.000,194.536,299.988
2025-11-22 17:32:04,mlx5_9,0.000,0.000,0.000,0.000
2025-11-22 17:32:04,TOTAL,0.000,0.000,766.002,1143.271
2025-11-22 17:32:05,mlx5_0,0.000,0.000,0.000,0.000
2025-11-22 17:32:05,mlx5_1,0.000,0.000,189.166,273.359
2025-11-22 17:32:05,mlx5_2,0.000,0.000,0.000,0.000
2025-11-22 17:32:05,mlx5_3,0.000,0.000,192.141,289.618
2025-11-22 17:32:05,mlx5_4,0.000,0.000,0.000,0.000
2025-11-22 17:32:05,mlx5_5,0.000,0.000,190.159,280.306
2025-11-22 17:32:05,mlx5_6,0.000,0.000,0.000,0.000
2025-11-22 17:32:05,mlx5_7,0.000,0.000,0.000,0.000
2025-11-22 17:32:05,mlx5_8,0.000,0.000,194.536,299.988
2025-11-22 17:32:05,mlx5_9,0.000,0.000,0.000,0.000
2025-11-22 17:32:05,TOTAL,0.000,0.000,766.002,1143.271
2025-11-22 17:32:06,mlx5_0,0.000,0.000,0.000,0.000
2025-11-22 17:32:06,mlx5_1,0.000,0.000,189.166,273.359
2025-11-22 17:32:06,mlx5_2,0.000,0.000,0.000,0.000
2025-11-22 17:32:06,mlx5_3,0.000,0.000,192.141,289.618
2025-11-22 17:32:06,mlx5_4,0.000,0.000,0.000,0.000
2025-11-22 17:32:06,mlx5_5,0.000,0.000,190.159,280.306
2025-11-22 17:32:06,mlx5_6,0.000,0.000,0.000,0.000
2025-11-22 17:32:06,mlx5_7,0.000,0.000,0.000,0.000
2025-11-22 17:32:06,mlx5_8,0.000,0.000,194.536,299.988
2025-11-22 17:32:06,mlx5_9,0.000,0.000,0.000,0.000
2025-11-22 17:32:06,TOTAL,0.000,0.000,766.002,1143.271
2025-11-22 17:32:07,mlx5_0,0.000,0.000,0.000,0.000
2025-11-22 17:32:07,mlx5_1,8.978,0.012,190.293,273.360
2025-11-22 17:32:07,mlx5_2,0.000,0.000,0.000,0.000
2025-11-22 17:32:07,mlx5_3,9.491,0.012,193.333,289.619
2025-11-22 17:32:07,mlx5_4,0.000,0.000,0.000,0.000
2025-11-22 17:32:07,mlx5_5,9.472,0.012,191.349,280.308
2025-11-22 17:32:07,mlx5_6,0.000,0.000,0.000,0.000
2025-11-22 17:32:07,mlx5_7,0.000,0.000,0.000,0.000
2025-11-22 17:32:07,mlx5_8,9.286,0.012,195.702,299.989
2025-11-22 17:32:07,mlx5_9,0.000,0.000,0.000,0.000
2025-11-22 17:32:07,TOTAL,37.227,0.048,770.677,1143.277
2025-11-22 17:32:08,mlx5_0,0.000,0.000,0.000,0.000
2025-11-22 17:32:08,mlx5_1,0.000,0.000,190.293,273.360
2025-11-22 17:32:08,mlx5_2,0.000,0.000,0.000,0.000
2025-11-22 17:32:08,mlx5_3,0.000,0.000,193.333,289.619
2025-11-22 17:32:08,mlx5_4,0.000,0.000,0.000,0.000
2025-11-22 17:32:08,mlx5_5,0.000,0.000,191.349,280.308
2025-11-22 17:32:08,mlx5_6,0.000,0.000,0.000,0.000
2025-11-22 17:32:08,mlx5_7,0.000,0.000,0.000,0.000
2025-11-22 17:32:08,mlx5_8,0.000,0.000,195.702,299.989
2025-11-22 17:32:08,mlx5_9,0.000,0.000,0.000,0.000
2025-11-22 17:32:08,TOTAL,0.000,0.000,770.677,1143.277
2025-11-22 17:32:09,mlx5_0,0.000,0.000,0.000,0.000
2025-11-22 17:32:09,mlx5_1,0.000,0.000,190.293,273.360
2025-11-22 17:32:09,mlx5_2,0.000,0.000,0.000,0.000
2025-11-22 17:32:09,mlx5_3,0.000,0.000,193.333,289.619
2025-11-22 17:32:09,mlx5_4,0.000,0.000,0.000,0.000
2025-11-22 17:32:09,mlx5_5,0.000,0.000,191.349,280.308
2025-11-22 17:32:09,mlx5_6,0.000,0.000,0.000,0.000
2025-11-22 17:32:09,mlx5_7,0.000,0.000,0.000,0.000
2025-11-22 17:32:09,mlx5_8,0.000,0.000,195.702,299.989
2025-11-22 17:32:09,mlx5_9,0.000,0.000,0.000,0.000
2025-11-22 17:32:09,TOTAL,0.000,0.000,770.677,1143.277
2025-11-22 17:32:10,mlx5_0,0.000,0.000,0.000,0.000
2025-11-22 17:32:10,mlx5_1,0.000,0.000,190.293,273.360
2025-11-22 17:32:10,mlx5_2,0.000,0.000,0.000,0.000
2025-11-22 17:32:10,mlx5_3,0.000,0.000,193.333,289.619
2025-11-22 17:32:10,mlx5_4,0.000,0.000,0.000,0.000
2025-11-22 17:32:10,mlx5_5,0.000,0.000,191.349,280.308
2025-11-22 17:32:10,mlx5_6,0.000,0.000,0.000,0.000
2025-11-22 17:32:10,mlx5_7,0.000,0.000,0.000,0.000
2025-11-22 17:32:10,mlx5_8,0.000,0.000,195.702,299.989
2025-11-22 17:32:10,mlx5_9,0.000,0.000,0.000,0.000
2025-11-22 17:32:10,TOTAL,0.000,0.000,770.677,1143.277
2025-11-22 17:32:11,mlx5_0,0.000,0.000,0.000,0.000
2025-11-22 17:32:11,mlx5_1,9.121,0.012,191.439,273.362
2025-11-22 17:32:11,mlx5_2,0.000,0.000,0.000,0.000
2025-11-22 17:32:11,mlx5_3,9.404,0.012,194.514,289.621
2025-11-22 17:32:11,mlx5_4,0.000,0.000,0.000,0.000
2025-11-22 17:32:11,mlx5_5,9.235,0.012,192.509,280.309
2025-11-22 17:32:11,mlx5_6,0.000,0.000,0.000,0.000
2025-11-22 17:32:11,mlx5_7,0.000,0.000,0.000,0.000
2025-11-22 17:32:11,mlx5_8,9.469,0.012,196.892,299.991
2025-11-22 17:32:11,mlx5_9,0.000,0.000,0.000,0.000
2025-11-22 17:32:11,TOTAL,37.229,0.048,775.353,1143.283
2025-11-22 17:32:12,mlx5_0,0.000,0.000,0.000,0.000
2025-11-22 17:32:12,mlx5_1,0.000,0.000,191.439,273.362
2025-11-22 17:32:12,mlx5_2,0.000,0.000,0.000,0.000
2025-11-22 17:32:12,mlx5_3,0.000,0.000,194.514,289.621
2025-11-22 17:32:12,mlx5_4,0.000,0.000,0.000,0.000
2025-11-22 17:32:12,mlx5_5,0.000,0.000,192.509,280.309
2025-11-22 17:32:12,mlx5_6,0.000,0.000,0.000,0.000
2025-11-22 17:32:12,mlx5_7,0.000,0.000,0.000,0.000
2025-11-22 17:32:12,mlx5_8,0.000,0.000,196.892,299.991
2025-11-22 17:32:12,mlx5_9,0.000,0.000,0.000,0.000
2025-11-22 17:32:12,TOTAL,0.000,0.000,775.353,1143.283
2025-11-22 17:32:13,mlx5_0,0.000,0.000,0.000,0.000
2025-11-22 17:32:13,mlx5_1,0.000,0.000,191.439,273.362
2025-11-22 17:32:13,mlx5_2,0.000,0.000,0.000,0.000
2025-11-22 17:32:13,mlx5_3,0.000,0.000,194.514,289.621
2025-11-22 17:32:13,mlx5_4,0.000,0.000,0.000,0.000
2025-11-22 17:32:13,mlx5_5,0.000,0.000,192.509,280.309
2025-11-22 17:32:13,mlx5_6,0.000,0.000,0.000,0.000
2025-11-22 17:32:13,mlx5_7,0.000,0.000,0.000,0.000
2025-11-22 17:32:13,mlx5_8,0.000,0.000,196.892,299.991
2025-11-22 17:32:13,mlx5_9,0.000,0.000,0.000,0.000
2025-11-22 17:32:13,TOTAL,0.000,0.000,775.353,1143.283
2025-11-22 17:32:15,mlx5_0,0.000,0.000,0.000,0.000
2025-11-22 17:32:15,mlx5_1,0.000,0.000,191.439,273.362
2025-11-22 17:32:15,mlx5_2,0.000,0.000,0.000,0.000
2025-11-22 17:32:15,mlx5_3,0.000,0.000,194.514,289.621
2025-11-22 17:32:15,mlx5_4,0.000,0.000,0.000,0.000
2025-11-22 17:32:15,mlx5_5,0.000,0.000,192.509,280.309
2025-11-22 17:32:15,mlx5_6,0.000,0.000,0.000,0.000
2025-11-22 17:32:15,mlx5_7,0.000,0.000,0.000,0.000
2025-11-22 17:32:15,mlx5_8,0.000,0.000,196.892,299.991
2025-11-22 17:32:15,mlx5_9,0.000,0.000,0.000,0.000
2025-11-22 17:32:15,TOTAL,0.000,0.000,775.353,1143.283
2025-11-22 17:32:16,mlx5_0,0.000,0.000,0.000,0.000
2025-11-22 17:32:16,mlx5_1,9.248,0.012,192.601,273.363
2025-11-22 17:32:16,mlx5_2,0.000,0.000,0.000,0.000
2025-11-22 17:32:16,mlx5_3,9.345,0.012,195.688,289.622
2025-11-22 17:32:16,mlx5_4,0.000,0.000,0.000,0.000
2025-11-22 17:32:16,mlx5_5,9.301,0.012,193.677,280.311
2025-11-22 17:32:16,mlx5_6,0.000,0.000,0.000,0.000
2025-11-22 17:32:16,mlx5_7,0.000,0.000,0.000,0.000
2025-11-22 17:32:16,mlx5_8,9.329,0.088,198.063,300.002
2025-11-22 17:32:16,mlx5_9,0.000,0.000,0.000,0.000
2025-11-22 17:32:16,TOTAL,37.224,0.123,780.029,1143.299
2025-11-22 17:32:17,mlx5_0,0.000,0.000,0.000,0.000
2025-11-22 17:32:17,mlx5_1,0.097,54.475,192.613,280.212
2025-11-22 17:32:17,mlx5_2,0.000,0.000,0.000,0.000
2025-11-22 17:32:17,mlx5_3,0.111,56.949,195.702,296.782
2025-11-22 17:32:17,mlx5_4,0.000,0.000,0.000,0.000
2025-11-22 17:32:17,mlx5_5,0.103,55.348,193.690,287.269
2025-11-22 17:32:17,mlx5_6,0.000,0.000,0.000,0.000
2025-11-22 17:32:17,mlx5_7,0.000,0.000,0.000,0.000
2025-11-22 17:32:17,mlx5_8,0.113,59.493,198.078,307.481
2025-11-22 17:32:17,mlx5_9,0.000,0.000,0.000,0.000
2025-11-22 17:32:17,TOTAL,0.424,226.265,780.082,1171.743
2025-11-22 17:32:18,mlx5_0,0.000,0.000,0.000,0.000
2025-11-22 17:32:18,mlx5_1,0.000,0.000,192.613,280.212
2025-11-22 17:32:18,mlx5_2,0.000,0.000,0.000,0.000
2025-11-22 17:32:18,mlx5_3,0.000,0.000,195.702,296.782
2025-11-22 17:32:18,mlx5_4,0.000,0.000,0.000,0.000
2025-11-22 17:32:18,mlx5_5,0.000,0.000,193.690,287.269
2025-11-22 17:32:18,mlx5_6,0.000,0.000,0.000,0.000
2025-11-22 17:32:18,mlx5_7,0.000,0.000,0.000,0.000
2025-11-22 17:32:18,mlx5_8,0.000,0.000,198.078,307.481
2025-11-22 17:32:18,mlx5_9,0.000,0.000,0.000,0.000
2025-11-22 17:32:18,TOTAL,0.000,0.000,780.082,1171.743
2025-11-22 17:32:19,mlx5_0,0.000,0.000,0.000,0.000
2025-11-22 17:32:19,mlx5_1,0.000,0.000,192.613,280.212
2025-11-22 17:32:19,mlx5_2,0.000,0.000,0.000,0.000
2025-11-22 17:32:19,mlx5_3,0.000,0.000,195.702,296.782
2025-11-22 17:32:19,mlx5_4,0.000,0.000,0.000,0.000
2025-11-22 17:32:19,mlx5_5,0.000,0.000,193.690,287.269
2025-11-22 17:32:19,mlx5_6,0.000,0.000,0.000,0.000
2025-11-22 17:32:19,mlx5_7,0.000,0.000,0.000,0.000
2025-11-22 17:32:19,mlx5_8,0.000,0.000,198.078,307.481
2025-11-22 17:32:19,mlx5_9,0.000,0.000,0.000,0.000
2025-11-22 17:32:19,TOTAL,0.000,0.000,780.082,1171.743
2025-11-22 17:32:20,mlx5_0,0.000,0.000,0.000,0.000
2025-11-22 17:32:20,mlx5_1,0.000,0.000,192.613,280.212
2025-11-22 17:32:20,mlx5_2,0.000,0.000,0.000,0.000
2025-11-22 17:32:20,mlx5_3,0.000,0.000,195.702,296.782
2025-11-22 17:32:20,mlx5_4,0.000,0.000,0.000,0.000
2025-11-22 17:32:20,mlx5_5,0.000,0.000,193.690,287.269
2025-11-22 17:32:20,mlx5_6,0.000,0.000,0.000,0.000
2025-11-22 17:32:20,mlx5_7,0.000,0.000,0.000,0.000
2025-11-22 17:32:20,mlx5_8,0.000,0.000,198.078,307.481
2025-11-22 17:32:20,mlx5_9,0.000,0.000,0.000,0.000
2025-11-22 17:32:20,TOTAL,0.000,0.000,780.082,1171.743
2025-11-22 17:32:21,mlx5_0,0.000,0.000,0.000,0.000
2025-11-22 17:32:21,mlx5_1,0.000,0.000,192.613,280.212
2025-11-22 17:32:21,mlx5_2,0.000,0.000,0.000,0.000
2025-11-22 17:32:21,mlx5_3,0.000,0.000,195.702,296.782
2025-11-22 17:32:21,mlx5_4,0.000,0.000,0.000,0.000
2025-11-22 17:32:21,mlx5_5,0.000,0.000,193.690,287.269
2025-11-22 17:32:21,mlx5_6,0.000,0.000,0.000,0.000
2025-11-22 17:32:21,mlx5_7,0.000,0.000,0.000,0.000
2025-11-22 17:32:21,mlx5_8,0.000,0.000,198.078,307.481
2025-11-22 17:32:21,mlx5_9,0.000,0.000,0.000,0.000
2025-11-22 17:32:21,TOTAL,0.000,0.000,780.082,1171.743
2025-11-22 17:32:22,mlx5_0,0.000,0.000,0.000,0.000
2025-11-22 17:32:22,mlx5_1,9.231,0.012,193.772,280.213
2025-11-22 17:32:22,mlx5_2,0.000,0.000,0.000,0.000
2025-11-22 17:32:22,mlx5_3,9.434,0.012,196.887,296.783
2025-11-22 17:32:22,mlx5_4,0.000,0.000,0.000,0.000
2025-11-22 17:32:22,mlx5_5,9.528,0.012,194.887,287.270
2025-11-22 17:32:22,mlx5_6,0.000,0.000,0.000,0.000
2025-11-22 17:32:22,mlx5_7,0.000,0.000,0.000,0.000
2025-11-22 17:32:22,mlx5_8,9.758,0.013,199.303,307.482
2025-11-22 17:32:22,mlx5_9,0.000,0.000,0.000,0.000
2025-11-22 17:32:22,TOTAL,37.951,0.050,784.850,1171.749
2025-11-22 17:32:23,mlx5_0,0.000,0.000,0.000,0.000
2025-11-22 17:32:23,mlx5_1,0.000,0.000,193.772,280.213
2025-11-22 17:32:23,mlx5_2,0.000,0.000,0.000,0.000
2025-11-22 17:32:23,mlx5_3,0.000,0.000,196.887,296.783
2025-11-22 17:32:23,mlx5_4,0.000,0.000,0.000,0.000
2025-11-22 17:32:23,mlx5_5,0.000,0.000,194.887,287.270
2025-11-22 17:32:23,mlx5_6,0.000,0.000,0.000,0.000
2025-11-22 17:32:23,mlx5_7,0.000,0.000,0.000,0.000
2025-11-22 17:32:23,mlx5_8,0.000,0.000,199.303,307.482
2025-11-22 17:32:23,mlx5_9,0.000,0.000,0.000,0.000
2025-11-22 17:32:23,TOTAL,0.000,0.000,784.850,1171.749
2025-11-22 17:32:24,mlx5_0,0.000,0.000,0.000,0.000
2025-11-22 17:32:24,mlx5_1,0.000,0.000,193.772,280.213
2025-11-22 17:32:24,mlx5_2,0.000,0.000,0.000,0.000
2025-11-22 17:32:24,mlx5_3,0.000,0.000,196.887,296.783
2025-11-22 17:32:24,mlx5_4,0.000,0.000,0.000,0.000
2025-11-22 17:32:24,mlx5_5,0.000,0.000,194.887,287.270
2025-11-22 17:32:24,mlx5_6,0.000,0.000,0.000,0.000
2025-11-22 17:32:24,mlx5_7,0.000,0.000,0.000,0.000
2025-11-22 17:32:24,mlx5_8,0.000,0.000,199.303,307.482
2025-11-22 17:32:24,mlx5_9,0.000,0.000,0.000,0.000
2025-11-22 17:32:24,TOTAL,0.000,0.000,784.850,1171.749
2025-11-22 17:32:25,mlx5_0,0.000,0.000,0.000,0.000
2025-11-22 17:32:25,mlx5_1,9.266,0.012,194.936,280.215
2025-11-22 17:32:25,mlx5_2,0.000,0.000,0.000,0.000
2025-11-22 17:32:25,mlx5_3,9.236,0.012,198.047,296.785
2025-11-22 17:32:25,mlx5_4,0.000,0.000,0.000,0.000
2025-11-22 17:32:25,mlx5_5,9.380,0.012,196.065,287.272
2025-11-22 17:32:25,mlx5_6,0.000,0.000,0.000,0.000
2025-11-22 17:32:25,mlx5_7,0.000,0.000,0.000,0.000
2025-11-22 17:32:25,mlx5_8,9.347,0.012,200.477,307.484
2025-11-22 17:32:25,mlx5_9,0.000,0.000,0.000,0.000
2025-11-22 17:32:25,TOTAL,37.228,0.048,789.526,1171.755
2025-11-22 17:32:26,mlx5_0,0.000,0.000,0.000,0.000
2025-11-22 17:32:26,mlx5_1,0.000,0.000,194.936,280.215
2025-11-22 17:32:26,mlx5_2,0.000,0.000,0.000,0.000
2025-11-22 17:32:26,mlx5_3,0.000,0.000,198.047,296.785
2025-11-22 17:32:26,mlx5_4,0.000,0.000,0.000,0.000
2025-11-22 17:32:26,mlx5_5,0.000,0.000,196.065,287.272
2025-11-22 17:32:26,mlx5_6,0.000,0.000,0.000,0.000
2025-11-22 17:32:26,mlx5_7,0.000,0.000,0.000,0.000
2025-11-22 17:32:26,mlx5_8,0.000,0.000,200.477,307.484
2025-11-22 17:32:26,mlx5_9,0.000,0.000,0.000,0.000
2025-11-22 17:32:26,TOTAL,0.000,0.000,789.526,1171.755
2025-11-22 17:32:27,mlx5_0,0.000,0.000,0.000,0.000
2025-11-22 17:32:27,mlx5_1,0.000,0.000,194.936,280.215
2025-11-22 17:32:27,mlx5_2,0.000,0.000,0.000,0.000
2025-11-22 17:32:27,mlx5_3,0.000,0.000,198.047,296.785
2025-11-22 17:32:27,mlx5_4,0.000,0.000,0.000,0.000
2025-11-22 17:32:27,mlx5_5,0.000,0.000,196.065,287.272
2025-11-22 17:32:27,mlx5_6,0.000,0.000,0.000,0.000
2025-11-22 17:32:27,mlx5_7,0.000,0.000,0.000,0.000
2025-11-22 17:32:27,mlx5_8,0.000,0.000,200.477,307.484
2025-11-22 17:32:27,mlx5_9,0.000,0.000,0.000,0.000
2025-11-22 17:32:27,TOTAL,0.000,0.000,789.526,1171.755
2025-11-22 17:32:28,mlx5_0,0.000,0.000,0.000,0.000
2025-11-22 17:32:28,mlx5_1,9.174,0.012,196.088,280.216
2025-11-22 17:32:28,mlx5_2,0.000,0.000,0.000,0.000
2025-11-22 17:32:28,mlx5_3,9.312,0.012,199.217,296.786
2025-11-22 17:32:28,mlx5_4,0.000,0.000,0.000,0.000
2025-11-22 17:32:28,mlx5_5,9.288,0.012,197.232,287.273
2025-11-22 17:32:28,mlx5_6,0.000,0.000,0.000,0.000
2025-11-22 17:32:28,mlx5_7,0.000,0.000,0.000,0.000
2025-11-22 17:32:28,mlx5_8,9.456,0.012,201.665,307.486
2025-11-22 17:32:28,mlx5_9,0.000,0.000,0.000,0.000
2025-11-22 17:32:28,TOTAL,37.230,0.048,794.202,1171.761
2025-11-22 17:32:29,mlx5_0,0.000,0.000,0.000,0.000
2025-11-22 17:32:29,mlx5_1,0.000,0.000,196.088,280.216
2025-11-22 17:32:29,mlx5_2,0.000,0.000,0.000,0.000
2025-11-22 17:32:29,mlx5_3,0.000,0.000,199.217,296.786
2025-11-22 17:32:29,mlx5_4,0.000,0.000,0.000,0.000
2025-11-22 17:32:29,mlx5_5,0.000,0.000,197.232,287.273
2025-11-22 17:32:29,mlx5_6,0.000,0.000,0.000,0.000
2025-11-22 17:32:29,mlx5_7,0.000,0.000,0.000,0.000
2025-11-22 17:32:29,mlx5_8,0.000,0.000,201.665,307.486
2025-11-22 17:32:29,mlx5_9,0.000,0.000,0.000,0.000
2025-11-22 17:32:29,TOTAL,0.000,0.000,794.202,1171.761
2025-11-22 17:32:30,mlx5_0,0.000,0.000,0.000,0.000
2025-11-22 17:32:30,mlx5_1,0.000,0.000,196.088,280.216
2025-11-22 17:32:30,mlx5_2,0.000,0.000,0.000,0.000
2025-11-22 17:32:30,mlx5_3,0.000,0.000,199.217,296.786
2025-11-22 17:32:30,mlx5_4,0.000,0.000,0.000,0.000
2025-11-22 17:32:30,mlx5_5,0.000,0.000,197.232,287.273
2025-11-22 17:32:30,mlx5_6,0.000,0.000,0.000,0.000
2025-11-22 17:32:30,mlx5_7,0.000,0.000,0.000,0.000
2025-11-22 17:32:30,mlx5_8,0.000,0.000,201.665,307.486
2025-11-22 17:32:30,mlx5_9,0.000,0.000,0.000,0.000
2025-11-22 17:32:30,TOTAL,0.000,0.000,794.202,1171.761
2025-11-22 17:32:31,mlx5_0,0.000,0.000,0.000,0.000
2025-11-22 17:32:31,mlx5_1,0.000,0.000,196.088,280.216
2025-11-22 17:32:31,mlx5_2,0.000,0.000,0.000,0.000
2025-11-22 17:32:31,mlx5_3,0.000,0.000,199.217,296.786
2025-11-22 17:32:31,mlx5_4,0.000,0.000,0.000,0.000
2025-11-22 17:32:31,mlx5_5,0.000,0.000,197.232,287.273
2025-11-22 17:32:31,mlx5_6,0.000,0.000,0.000,0.000
2025-11-22 17:32:31,mlx5_7,0.000,0.000,0.000,0.000
2025-11-22 17:32:31,mlx5_8,0.000,0.000,201.665,307.486
2025-11-22 17:32:31,mlx5_9,0.000,0.000,0.000,0.000
2025-11-22 17:32:31,TOTAL,0.000,0.000,794.202,1171.761
2025-11-22 17:32:32,mlx5_0,0.000,0.000,0.000,0.000
2025-11-22 17:32:32,mlx5_1,9.076,0.012,197.229,280.218
2025-11-22 17:32:32,mlx5_2,0.000,0.000,0.000,0.000
2025-11-22 17:32:32,mlx5_3,9.353,0.012,200.391,296.788
2025-11-22 17:32:32,mlx5_4,0.000,0.000,0.000,0.000
2025-11-22 17:32:32,mlx5_5,9.258,0.012,198.395,287.275
2025-11-22 17:32:32,mlx5_6,0.000,0.000,0.000,0.000
2025-11-22 17:32:32,mlx5_7,0.000,0.000,0.000,0.000
2025-11-22 17:32:32,mlx5_8,9.536,0.012,202.863,307.487
2025-11-22 17:32:32,mlx5_9,0.000,0.000,0.000,0.000
2025-11-22 17:32:32,TOTAL,37.224,0.048,798.878,1171.767
2025-11-22 17:32:33,mlx5_0,0.000,0.000,0.000,0.000
2025-11-22 17:32:33,mlx5_1,0.000,0.000,197.229,280.218
2025-11-22 17:32:33,mlx5_2,0.000,0.000,0.000,0.000
2025-11-22 17:32:33,mlx5_3,0.000,0.000,200.391,296.788
2025-11-22 17:32:33,mlx5_4,0.000,0.000,0.000,0.000
2025-11-22 17:32:33,mlx5_5,0.000,0.000,198.395,287.275
2025-11-22 17:32:33,mlx5_6,0.000,0.000,0.000,0.000
2025-11-22 17:32:33,mlx5_7,0.000,0.000,0.000,0.000
2025-11-22 17:32:33,mlx5_8,0.000,0.000,202.863,307.487
2025-11-22 17:32:33,mlx5_9,0.000,0.000,0.000,0.000
2025-11-22 17:32:33,TOTAL,0.000,0.000,798.878,1171.767
2025-11-22 17:32:34,mlx5_0,0.000,0.000,0.000,0.000
2025-11-22 17:32:34,mlx5_1,0.000,0.000,197.229,280.218
2025-11-22 17:32:34,mlx5_2,0.000,0.000,0.000,0.000
2025-11-22 17:32:34,mlx5_3,0.000,0.000,200.391,296.788
2025-11-22 17:32:34,mlx5_4,0.000,0.000,0.000,0.000
2025-11-22 17:32:34,mlx5_5,0.000,0.000,198.395,287.275
2025-11-22 17:32:34,mlx5_6,0.000,0.000,0.000,0.000
2025-11-22 17:32:34,mlx5_7,0.000,0.000,0.000,0.000
2025-11-22 17:32:34,mlx5_8,0.000,0.000,202.863,307.487
2025-11-22 17:32:34,mlx5_9,0.000,0.000,0.000,0.000
2025-11-22 17:32:34,TOTAL,0.000,0.000,798.878,1171.767
2025-11-22 17:32:35,mlx5_0,0.000,0.000,0.000,0.000
2025-11-22 17:32:35,mlx5_1,0.000,0.000,197.229,280.218
2025-11-22 17:32:35,mlx5_2,0.000,0.000,0.000,0.000
2025-11-22 17:32:35,mlx5_3,0.000,0.000,200.391,296.788
2025-11-22 17:32:35,mlx5_4,0.000,0.000,0.000,0.000
2025-11-22 17:32:35,mlx5_5,0.000,0.000,198.395,287.275
2025-11-22 17:32:35,mlx5_6,0.000,0.000,0.000,0.000
2025-11-22 17:32:35,mlx5_7,0.000,0.000,0.000,0.000
2025-11-22 17:32:35,mlx5_8,0.000,0.000,202.863,307.487
2025-11-22 17:32:35,mlx5_9,0.000,0.000,0.000,0.000
2025-11-22 17:32:35,TOTAL,0.000,0.000,798.878,1171.767
2025-11-22 17:32:36,mlx5_0,0.000,0.000,0.000,0.000
2025-11-22 17:32:36,mlx5_1,9.124,0.012,198.375,280.219
2025-11-22 17:32:36,mlx5_2,0.000,0.000,0.000,0.000
2025-11-22 17:32:36,mlx5_3,9.175,0.012,201.544,296.789
2025-11-22 17:32:36,mlx5_4,0.000,0.000,0.000,0.000
2025-11-22 17:32:36,mlx5_5,9.428,0.012,199.579,287.276
2025-11-22 17:32:36,mlx5_6,0.000,0.000,0.000,0.000
2025-11-22 17:32:36,mlx5_7,0.000,0.000,0.000,0.000
2025-11-22 17:32:36,mlx5_8,9.495,0.012,204.056,307.489
2025-11-22 17:32:36,mlx5_9,0.000,0.000,0.000,0.000
2025-11-22 17:32:36,TOTAL,37.222,0.048,803.553,1171.773
2025-11-22 17:32:37,mlx5_0,0.000,0.000,0.000,0.000
2025-11-22 17:32:37,mlx5_1,0.000,0.000,198.375,280.219
2025-11-22 17:32:37,mlx5_2,0.000,0.000,0.000,0.000
2025-11-22 17:32:37,mlx5_3,0.000,0.000,201.544,296.789
2025-11-22 17:32:37,mlx5_4,0.000,0.000,0.000,0.000
2025-11-22 17:32:37,mlx5_5,0.000,0.000,199.579,287.276
2025-11-22 17:32:37,mlx5_6,0.000,0.000,0.000,0.000
2025-11-22 17:32:37,mlx5_7,0.000,0.000,0.000,0.000
2025-11-22 17:32:37,mlx5_8,0.000,0.000,204.056,307.489
2025-11-22 17:32:37,mlx5_9,0.000,0.000,0.000,0.000
2025-11-22 17:32:37,TOTAL,0.000,0.000,803.553,1171.773
2025-11-22 17:32:38,mlx5_0,0.000,0.000,0.000,0.000
2025-11-22 17:32:38,mlx5_1,0.000,0.000,198.375,280.219
2025-11-22 17:32:38,mlx5_2,0.000,0.000,0.000,0.000
2025-11-22 17:32:38,mlx5_3,0.000,0.000,201.544,296.789
2025-11-22 17:32:38,mlx5_4,0.000,0.000,0.000,0.000
2025-11-22 17:32:38,mlx5_5,0.000,0.000,199.579,287.276
2025-11-22 17:32:38,mlx5_6,0.000,0.000,0.000,0.000
2025-11-22 17:32:38,mlx5_7,0.000,0.000,0.000,0.000
2025-11-22 17:32:38,mlx5_8,0.000,0.000,204.056,307.489
2025-11-22 17:32:38,mlx5_9,0.000,0.000,0.000,0.000
2025-11-22 17:32:38,TOTAL,0.000,0.000,803.553,1171.773
2025-11-22 17:32:39,mlx5_0,0.000,0.000,0.000,0.000
2025-11-22 17:32:39,mlx5_1,0.000,0.000,198.375,280.219
2025-11-22 17:32:39,mlx5_2,0.000,0.000,0.000,0.000
2025-11-22 17:32:39,mlx5_3,0.000,0.000,201.544,296.789
2025-11-22 17:32:39,mlx5_4,0.000,0.000,0.000,0.000
2025-11-22 17:32:39,mlx5_5,0.000,0.000,199.579,287.276
2025-11-22 17:32:39,mlx5_6,0.000,0.000,0.000,0.000
2025-11-22 17:32:39,mlx5_7,0.000,0.000,0.000,0.000
2025-11-22 17:32:39,mlx5_8,0.000,0.000,204.056,307.489
2025-11-22 17:32:39,mlx5_9,0.000,0.000,0.000,0.000
2025-11-22 17:32:39,TOTAL,0.000,0.000,803.553,1171.773
2025-11-22 17:32:40,mlx5_0,0.000,0.000,0.000,0.000
2025-11-22 17:32:40,mlx5_1,9.151,0.012,199.525,280.221
2025-11-22 17:32:40,mlx5_2,0.000,0.000,0.000,0.000
2025-11-22 17:32:40,mlx5_3,9.255,0.012,202.708,296.791
2025-11-22 17:32:40,mlx5_4,0.000,0.000,0.000,0.000
2025-11-22 17:32:40,mlx5_5,9.350,0.012,200.755,287.278
2025-11-22 17:32:40,mlx5_6,0.000,0.000,0.000,0.000
2025-11-22 17:32:40,mlx5_7,0.000,0.000,0.000,0.000
2025-11-22 17:32:40,mlx5_8,9.428,0.012,205.241,307.490
2025-11-22 17:32:40,mlx5_9,0.000,0.000,0.000,0.000
2025-11-22 17:32:40,TOTAL,37.184,0.048,808.229,1171.779
2025-11-22 17:32:41,mlx5_0,0.000,0.000,0.000,0.000
2025-11-22 17:32:41,mlx5_1,0.000,0.000,199.525,280.221
2025-11-22 17:32:41,mlx5_2,0.000,0.000,0.000,0.000
2025-11-22 17:32:41,mlx5_3,0.000,0.000,202.708,296.791
2025-11-22 17:32:41,mlx5_4,0.000,0.000,0.000,0.000
2025-11-22 17:32:41,mlx5_5,0.000,0.000,200.755,287.278
2025-11-22 17:32:41,mlx5_6,0.000,0.000,0.000,0.000
2025-11-22 17:32:41,mlx5_7,0.000,0.000,0.000,0.000
2025-11-22 17:32:41,mlx5_8,0.000,0.000,205.241,307.490
2025-11-22 17:32:41,mlx5_9,0.000,0.000,0.000,0.000
2025-11-22 17:32:41,TOTAL,0.000,0.000,808.229,1171.779
2025-11-22 17:32:42,mlx5_0,0.000,0.000,0.000,0.000
2025-11-22 17:32:42,mlx5_1,0.000,0.000,199.525,280.221
2025-11-22 17:32:42,mlx5_2,0.000,0.000,0.000,0.000
2025-11-22 17:32:42,mlx5_3,0.000,0.000,202.708,296.791
2025-11-22 17:32:42,mlx5_4,0.000,0.000,0.000,0.000
2025-11-22 17:32:42,mlx5_5,0.000,0.000,200.755,287.278
2025-11-22 17:32:42,mlx5_6,0.000,0.000,0.000,0.000
2025-11-22 17:32:42,mlx5_7,0.000,0.000,0.000,0.000
2025-11-22 17:32:42,mlx5_8,0.000,0.000,205.241,307.490
2025-11-22 17:32:42,mlx5_9,0.000,0.000,0.000,0.000
2025-11-22 17:32:42,TOTAL,0.000,0.000,808.229,1171.779
2025-11-22 17:32:43,mlx5_0,0.000,0.000,0.000,0.000
2025-11-22 17:32:43,mlx5_1,0.000,0.000,199.525,280.221
2025-11-22 17:32:43,mlx5_2,0.000,0.000,0.000,0.000
2025-11-22 17:32:43,mlx5_3,0.000,0.000,202.708,296.791
2025-11-22 17:32:43,mlx5_4,0.000,0.000,0.000,0.000
2025-11-22 17:32:43,mlx5_5,0.000,0.000,200.755,287.278
2025-11-22 17:32:43,mlx5_6,0.000,0.000,0.000,0.000
2025-11-22 17:32:43,mlx5_7,0.000,0.000,0.000,0.000
2025-11-22 17:32:43,mlx5_8,0.000,0.000,205.241,307.490
2025-11-22 17:32:43,mlx5_9,0.000,0.000,0.000,0.000
2025-11-22 17:32:43,TOTAL,0.000,0.000,808.229,1171.779
2025-11-22 17:32:44,mlx5_0,0.000,0.000,0.000,0.000
2025-11-22 17:32:44,mlx5_1,0.000,0.000,199.525,280.221
2025-11-22 17:32:44,mlx5_2,0.000,0.000,0.000,0.000
2025-11-22 17:32:44,mlx5_3,0.000,0.000,202.708,296.791
2025-11-22 17:32:44,mlx5_4,0.000,0.000,0.000,0.000
2025-11-22 17:32:44,mlx5_5,0.000,0.000,200.755,287.278
2025-11-22 17:32:44,mlx5_6,0.000,0.000,0.000,0.000
2025-11-22 17:32:44,mlx5_7,0.000,0.000,0.000,0.000
2025-11-22 17:32:44,mlx5_8,0.000,0.000,205.241,307.490
2025-11-22 17:32:44,mlx5_9,0.000,0.000,0.000,0.000
2025-11-22 17:32:44,TOTAL,0.000,0.000,808.229,1171.779
2025-11-22 17:32:45,mlx5_0,0.000,0.000,0.000,0.000
2025-11-22 17:32:45,mlx5_1,9.225,30.146,200.684,284.007
2025-11-22 17:32:45,mlx5_2,0.000,0.000,0.000,0.000
2025-11-22 17:32:45,mlx5_3,9.441,32.646,203.894,300.891
2025-11-22 17:32:45,mlx5_4,0.000,0.000,0.000,0.000
2025-11-22 17:32:45,mlx5_5,9.327,31.536,201.926,291.239
2025-11-22 17:32:45,mlx5_6,0.000,0.000,0.000,0.000
2025-11-22 17:32:45,mlx5_7,0.000,0.000,0.000,0.000
2025-11-22 17:32:45,mlx5_8,9.482,33.219,206.432,311.663
2025-11-22 17:32:45,mlx5_9,0.000,0.000,0.000,0.000
2025-11-22 17:32:45,TOTAL,37.475,127.547,812.936,1187.799
2025-11-22 17:32:46,mlx5_0,0.000,0.000,0.000,0.000
2025-11-22 17:32:46,mlx5_1,0.042,23.963,200.689,287.018
2025-11-22 17:32:46,mlx5_2,0.000,0.000,0.000,0.000
2025-11-22 17:32:46,mlx5_3,0.046,24.987,203.899,304.030
2025-11-22 17:32:46,mlx5_4,0.000,0.000,0.000,0.000
2025-11-22 17:32:46,mlx5_5,0.042,23.957,201.932,294.249
2025-11-22 17:32:46,mlx5_6,0.000,0.000,0.000,0.000
2025-11-22 17:32:46,mlx5_7,0.000,0.000,0.000,0.000
2025-11-22 17:32:46,mlx5_8,0.046,26.104,206.438,314.942
2025-11-22 17:32:46,mlx5_9,0.000,0.000,0.000,0.000
2025-11-22 17:32:46,TOTAL,0.176,99.011,812.958,1200.240
2025-11-22 17:32:47,mlx5_0,0.000,0.000,0.000,0.000
2025-11-22 17:32:47,mlx5_1,0.000,0.000,200.689,287.018
2025-11-22 17:32:47,mlx5_2,0.000,0.000,0.000,0.000
2025-11-22 17:32:47,mlx5_3,0.000,0.000,203.899,304.030
2025-11-22 17:32:47,mlx5_4,0.000,0.000,0.000,0.000
2025-11-22 17:32:47,mlx5_5,0.000,0.000,201.932,294.249
2025-11-22 17:32:47,mlx5_6,0.000,0.000,0.000,0.000
2025-11-22 17:32:47,mlx5_7,0.000,0.000,0.000,0.000
2025-11-22 17:32:47,mlx5_8,0.000,0.000,206.438,314.942
2025-11-22 17:32:47,mlx5_9,0.000,0.000,0.000,0.000
2025-11-22 17:32:47,TOTAL,0.000,0.000,812.958,1200.240
2025-11-22 17:32:48,mlx5_0,0.000,0.000,0.000,0.000
2025-11-22 17:32:48,mlx5_1,0.000,0.000,200.689,287.018
2025-11-22 17:32:48,mlx5_2,0.000,0.000,0.000,0.000
2025-11-22 17:32:48,mlx5_3,0.000,0.000,203.899,304.030
2025-11-22 17:32:48,mlx5_4,0.000,0.000,0.000,0.000
2025-11-22 17:32:48,mlx5_5,0.000,0.000,201.932,294.249
2025-11-22 17:32:48,mlx5_6,0.000,0.000,0.000,0.000
2025-11-22 17:32:48,mlx5_7,0.000,0.000,0.000,0.000
2025-11-22 17:32:48,mlx5_8,0.000,0.000,206.438,314.942
2025-11-22 17:32:48,mlx5_9,0.000,0.000,0.000,0.000
2025-11-22 17:32:48,TOTAL,0.000,0.000,812.958,1200.240
2025-11-22 17:32:49,mlx5_0,0.000,0.000,0.000,0.000
2025-11-22 17:32:49,mlx5_1,8.501,0.011,201.758,287.019
2025-11-22 17:32:49,mlx5_2,0.000,0.000,0.000,0.000
2025-11-22 17:32:49,mlx5_3,8.790,0.011,205.004,304.032
2025-11-22 17:32:49,mlx5_4,0.000,0.000,0.000,0.000
2025-11-22 17:32:49,mlx5_5,8.682,0.011,203.023,294.250
2025-11-22 17:32:49,mlx5_6,0.000,0.000,0.000,0.000
2025-11-22 17:32:49,mlx5_7,0.000,0.000,0.000,0.000
2025-11-22 17:32:49,mlx5_8,8.909,0.012,207.558,314.944
2025-11-22 17:32:49,mlx5_9,0.000,0.000,0.000,0.000
2025-11-22 17:32:49,TOTAL,34.882,0.045,817.342,1200.246
2025-11-22 17:32:50,mlx5_0,0.000,0.000,0.000,0.000
2025-11-22 17:32:50,mlx5_1,0.000,0.000,201.758,287.019
2025-11-22 17:32:50,mlx5_2,0.000,0.000,0.000,0.000
2025-11-22 17:32:50,mlx5_3,0.000,0.000,205.004,304.032
2025-11-22 17:32:50,mlx5_4,0.000,0.000,0.000,0.000
2025-11-22 17:32:50,mlx5_5,0.000,0.000,203.023,294.250
2025-11-22 17:32:50,mlx5_6,0.000,0.000,0.000,0.000
2025-11-22 17:32:50,mlx5_7,0.000,0.000,0.000,0.000
2025-11-22 17:32:50,mlx5_8,0.000,0.000,207.558,314.944
2025-11-22 17:32:50,mlx5_9,0.000,0.000,0.000,0.000
2025-11-22 17:32:50,TOTAL,0.000,0.000,817.342,1200.246
2025-11-22 17:32:51,mlx5_0,0.000,0.000,0.000,0.000
2025-11-22 17:32:51,mlx5_1,0.000,0.000,201.758,287.019
2025-11-22 17:32:51,mlx5_2,0.000,0.000,0.000,0.000
2025-11-22 17:32:51,mlx5_3,0.000,0.000,205.004,304.032
2025-11-22 17:32:51,mlx5_4,0.000,0.000,0.000,0.000
2025-11-22 17:32:51,mlx5_5,0.000,0.000,203.023,294.250
2025-11-22 17:32:51,mlx5_6,0.000,0.000,0.000,0.000
2025-11-22 17:32:51,mlx5_7,0.000,0.000,0.000,0.000
2025-11-22 17:32:51,mlx5_8,0.000,0.000,207.558,314.944
2025-11-22 17:32:51,mlx5_9,0.000,0.000,0.000,0.000
2025-11-22 17:32:51,TOTAL,0.000,0.000,817.342,1200.246
2025-11-22 17:32:52,mlx5_0,0.000,0.000,0.000,0.000
2025-11-22 17:32:52,mlx5_1,0.000,0.000,201.758,287.019
2025-11-22 17:32:52,mlx5_2,0.000,0.000,0.000,0.000
2025-11-22 17:32:52,mlx5_3,0.000,0.000,205.004,304.032
2025-11-22 17:32:52,mlx5_4,0.000,0.000,0.000,0.000
2025-11-22 17:32:52,mlx5_5,0.000,0.000,203.023,294.250
2025-11-22 17:32:52,mlx5_6,0.000,0.000,0.000,0.000
2025-11-22 17:32:52,mlx5_7,0.000,0.000,0.000,0.000
2025-11-22 17:32:52,mlx5_8,0.000,0.000,207.558,314.944
2025-11-22 17:32:52,mlx5_9,0.000,0.000,0.000,0.000
2025-11-22 17:32:52,TOTAL,0.000,0.000,817.342,1200.246
2025-11-22 17:32:53,mlx5_0,0.000,0.000,0.000,0.000
2025-11-22 17:32:53,mlx5_1,9.293,0.012,202.925,287.021
2025-11-22 17:32:53,mlx5_2,0.000,0.000,0.000,0.000
2025-11-22 17:32:53,mlx5_3,9.262,0.012,206.167,304.033
2025-11-22 17:32:53,mlx5_4,0.000,0.000,0.000,0.000
2025-11-22 17:32:53,mlx5_5,9.399,0.012,204.203,294.252
2025-11-22 17:32:53,mlx5_6,0.000,0.000,0.000,0.000
2025-11-22 17:32:53,mlx5_7,0.000,0.000,0.000,0.000
2025-11-22 17:32:53,mlx5_8,9.274,0.012,208.723,314.945
2025-11-22 17:32:53,mlx5_9,0.000,0.000,0.000,0.000
2025-11-22 17:32:53,TOTAL,37.228,0.047,822.018,1200.252
2025-11-22 17:32:54,mlx5_0,0.000,0.000,0.000,0.000
2025-11-22 17:32:54,mlx5_1,0.000,0.000,202.925,287.021
2025-11-22 17:32:54,mlx5_2,0.000,0.000,0.000,0.000
2025-11-22 17:32:54,mlx5_3,0.000,0.000,206.167,304.033
2025-11-22 17:32:54,mlx5_4,0.000,0.000,0.000,0.000
2025-11-22 17:32:54,mlx5_5,0.000,0.000,204.203,294.252
2025-11-22 17:32:54,mlx5_6,0.000,0.000,0.000,0.000
2025-11-22 17:32:54,mlx5_7,0.000,0.000,0.000,0.000
2025-11-22 17:32:54,mlx5_8,0.000,0.000,208.723,314.945
2025-11-22 17:32:54,mlx5_9,0.000,0.000,0.000,0.000
2025-11-22 17:32:54,TOTAL,0.000,0.000,822.018,1200.252
2025-11-22 17:32:55,mlx5_0,0.000,0.000,0.000,0.000
2025-11-22 17:32:55,mlx5_1,0.000,0.000,202.925,287.021
2025-11-22 17:32:55,mlx5_2,0.000,0.000,0.000,0.000
2025-11-22 17:32:55,mlx5_3,0.000,0.000,206.167,304.033
2025-11-22 17:32:55,mlx5_4,0.000,0.000,0.000,0.000
2025-11-22 17:32:55,mlx5_5,0.000,0.000,204.203,294.252
2025-11-22 17:32:55,mlx5_6,0.000,0.000,0.000,0.000
2025-11-22 17:32:55,mlx5_7,0.000,0.000,0.000,0.000
2025-11-22 17:32:55,mlx5_8,0.000,0.000,208.723,314.945
2025-11-22 17:32:55,mlx5_9,0.000,0.000,0.000,0.000
2025-11-22 17:32:55,TOTAL,0.000,0.000,822.018,1200.252
2025-11-22 17:32:56,mlx5_0,0.000,0.000,0.000,0.000
2025-11-22 17:32:56,mlx5_1,9.157,0.012,204.075,287.022
2025-11-22 17:32:56,mlx5_2,0.000,0.000,0.000,0.000
2025-11-22 17:32:56,mlx5_3,9.428,0.012,207.352,304.035
2025-11-22 17:32:56,mlx5_4,0.000,0.000,0.000,0.000
2025-11-22 17:32:56,mlx5_5,9.370,0.012,205.380,294.253
2025-11-22 17:32:56,mlx5_6,0.000,0.000,0.000,0.000
2025-11-22 17:32:56,mlx5_7,0.000,0.000,0.000,0.000
2025-11-22 17:32:56,mlx5_8,9.265,0.012,209.886,314.947
2025-11-22 17:32:56,mlx5_9,0.000,0.000,0.000,0.000
2025-11-22 17:32:56,TOTAL,37.220,0.048,826.694,1200.258
2025-11-22 17:32:57,mlx5_0,0.000,0.000,0.000,0.000
2025-11-22 17:32:57,mlx5_1,0.000,0.000,204.075,287.022
2025-11-22 17:32:57,mlx5_2,0.000,0.000,0.000,0.000
2025-11-22 17:32:57,mlx5_3,0.000,0.000,207.352,304.035
2025-11-22 17:32:57,mlx5_4,0.000,0.000,0.000,0.000
2025-11-22 17:32:57,mlx5_5,0.000,0.000,205.380,294.253
2025-11-22 17:32:57,mlx5_6,0.000,0.000,0.000,0.000
2025-11-22 17:32:57,mlx5_7,0.000,0.000,0.000,0.000
2025-11-22 17:32:57,mlx5_8,0.000,0.000,209.886,314.947
2025-11-22 17:32:57,mlx5_9,0.000,0.000,0.000,0.000
2025-11-22 17:32:57,TOTAL,0.000,0.000,826.694,1200.258
2025-11-22 17:32:58,mlx5_0,0.000,0.000,0.000,0.000
2025-11-22 17:32:58,mlx5_1,0.000,0.000,204.075,287.022
2025-11-22 17:32:58,mlx5_2,0.000,0.000,0.000,0.000
2025-11-22 17:32:58,mlx5_3,0.000,0.000,207.352,304.035
2025-11-22 17:32:58,mlx5_4,0.000,0.000,0.000,0.000
2025-11-22 17:32:58,mlx5_5,0.000,0.000,205.380,294.253
2025-11-22 17:32:58,mlx5_6,0.000,0.000,0.000,0.000
2025-11-22 17:32:58,mlx5_7,0.000,0.000,0.000,0.000
2025-11-22 17:32:58,mlx5_8,0.000,0.000,209.886,314.947
2025-11-22 17:32:58,mlx5_9,0.000,0.000,0.000,0.000
2025-11-22 17:32:58,TOTAL,0.000,0.000,826.694,1200.258
2025-11-22 17:32:59,mlx5_0,0.000,0.000,0.000,0.000
2025-11-22 17:32:59,mlx5_1,0.000,0.000,204.075,287.022
2025-11-22 17:32:59,mlx5_2,0.000,0.000,0.000,0.000
2025-11-22 17:32:59,mlx5_3,0.000,0.000,207.352,304.035
2025-11-22 17:32:59,mlx5_4,0.000,0.000,0.000,0.000
2025-11-22 17:32:59,mlx5_5,0.000,0.000,205.380,294.253
2025-11-22 17:32:59,mlx5_6,0.000,0.000,0.000,0.000
2025-11-22 17:32:59,mlx5_7,0.000,0.000,0.000,0.000
2025-11-22 17:32:59,mlx5_8,0.000,0.000,209.886,314.947
2025-11-22 17:32:59,mlx5_9,0.000,0.000,0.000,0.000
2025-11-22 17:32:59,TOTAL,0.000,0.000,826.694,1200.258
2025-11-22 17:33:00,mlx5_0,0.000,0.000,0.000,0.000
2025-11-22 17:33:00,mlx5_1,9.369,0.012,205.253,287.024
2025-11-22 17:33:00,mlx5_2,0.000,0.000,0.000,0.000
2025-11-22 17:33:00,mlx5_3,9.237,0.012,208.512,304.036
2025-11-22 17:33:00,mlx5_4,0.000,0.000,0.000,0.000
2025-11-22 17:33:00,mlx5_5,9.114,0.012,206.525,294.255
2025-11-22 17:33:00,mlx5_6,0.000,0.000,0.000,0.000
2025-11-22 17:33:00,mlx5_7,0.000,0.000,0.000,0.000
2025-11-22 17:33:00,mlx5_8,9.495,0.012,211.080,314.948
2025-11-22 17:33:00,mlx5_9,0.000,0.000,0.000,0.000
2025-11-22 17:33:00,TOTAL,37.214,0.047,831.370,1200.264
2025-11-22 17:33:01,mlx5_0,0.000,0.000,0.000,0.000
2025-11-22 17:33:01,mlx5_1,0.000,0.000,205.253,287.024
2025-11-22 17:33:01,mlx5_2,0.000,0.000,0.000,0.000
2025-11-22 17:33:01,mlx5_3,0.000,0.000,208.512,304.036
2025-11-22 17:33:01,mlx5_4,0.000,0.000,0.000,0.000
2025-11-22 17:33:01,mlx5_5,0.000,0.000,206.525,294.255
2025-11-22 17:33:01,mlx5_6,0.000,0.000,0.000,0.000
2025-11-22 17:33:01,mlx5_7,0.000,0.000,0.000,0.000
2025-11-22 17:33:01,mlx5_8,0.000,0.000,211.080,314.948
2025-11-22 17:33:01,mlx5_9,0.000,0.000,0.000,0.000
2025-11-22 17:33:01,TOTAL,0.000,0.000,831.370,1200.264
2025-11-22 17:33:02,mlx5_0,0.000,0.000,0.000,0.000
2025-11-22 17:33:02,mlx5_1,0.000,0.000,205.253,287.024
2025-11-22 17:33:02,mlx5_2,0.000,0.000,0.000,0.000
2025-11-22 17:33:02,mlx5_3,0.000,0.000,208.512,304.036
2025-11-22 17:33:02,mlx5_4,0.000,0.000,0.000,0.000
2025-11-22 17:33:02,mlx5_5,0.000,0.000,206.525,294.255
2025-11-22 17:33:02,mlx5_6,0.000,0.000,0.000,0.000
2025-11-22 17:33:02,mlx5_7,0.000,0.000,0.000,0.000
2025-11-22 17:33:02,mlx5_8,0.000,0.000,211.080,314.948
2025-11-22 17:33:02,mlx5_9,0.000,0.000,0.000,0.000
2025-11-22 17:33:02,TOTAL,0.000,0.000,831.370,1200.264
2025-11-22 17:33:03,mlx5_0,0.000,0.000,0.000,0.000
2025-11-22 17:33:03,mlx5_1,0.000,0.000,205.253,287.024
2025-11-22 17:33:03,mlx5_2,0.000,0.000,0.000,0.000
2025-11-22 17:33:03,mlx5_3,0.000,0.000,208.512,304.036
2025-11-22 17:33:03,mlx5_4,0.000,0.000,0.000,0.000
2025-11-22 17:33:03,mlx5_5,0.000,0.000,206.525,294.255
2025-11-22 17:33:03,mlx5_6,0.000,0.000,0.000,0.000
2025-11-22 17:33:03,mlx5_7,0.000,0.000,0.000,0.000
2025-11-22 17:33:03,mlx5_8,0.000,0.000,211.080,314.948
2025-11-22 17:33:03,mlx5_9,0.000,0.000,0.000,0.000
2025-11-22 17:33:03,TOTAL,0.000,0.000,831.370,1200.264
2025-11-22 17:33:04,mlx5_0,0.000,0.000,0.000,0.000
2025-11-22 17:33:04,mlx5_1,0.000,0.000,205.253,287.024
2025-11-22 17:33:04,mlx5_2,0.000,0.000,0.000,0.000
2025-11-22 17:33:04,mlx5_3,0.000,0.000,208.512,304.036
2025-11-22 17:33:04,mlx5_4,0.000,0.000,0.000,0.000
2025-11-22 17:33:04,mlx5_5,0.000,0.000,206.525,294.255
2025-11-22 17:33:04,mlx5_6,0.000,0.000,0.000,0.000
2025-11-22 17:33:04,mlx5_7,0.000,0.000,0.000,0.000
2025-11-22 17:33:04,mlx5_8,0.000,0.000,211.080,314.948
2025-11-22 17:33:04,mlx5_9,0.000,0.000,0.000,0.000
2025-11-22 17:33:04,TOTAL,0.000,0.000,831.370,1200.264
2025-11-22 17:33:05,mlx5_0,0.000,0.000,0.000,0.000
2025-11-22 17:33:05,mlx5_1,9.331,0.012,206.425,287.025
2025-11-22 17:33:05,mlx5_2,0.000,0.000,0.000,0.000
2025-11-22 17:33:05,mlx5_3,9.248,0.012,209.674,304.038
2025-11-22 17:33:05,mlx5_4,0.000,0.000,0.000,0.000
2025-11-22 17:33:05,mlx5_5,9.349,0.012,207.700,294.256
2025-11-22 17:33:05,mlx5_6,0.000,0.000,0.000,0.000
2025-11-22 17:33:05,mlx5_7,0.000,0.000,0.000,0.000
2025-11-22 17:33:05,mlx5_8,9.299,0.012,212.247,314.950
2025-11-22 17:33:05,mlx5_9,0.000,0.000,0.000,0.000
2025-11-22 17:33:05,TOTAL,37.228,0.048,836.046,1200.270
2025-11-22 17:33:06,mlx5_0,0.000,0.000,0.000,0.000
2025-11-22 17:33:06,mlx5_1,0.000,0.000,206.425,287.025
2025-11-22 17:33:06,mlx5_2,0.000,0.000,0.000,0.000
2025-11-22 17:33:06,mlx5_3,0.000,0.000,209.674,304.038
2025-11-22 17:33:06,mlx5_4,0.000,0.000,0.000,0.000
2025-11-22 17:33:06,mlx5_5,0.000,0.000,207.700,294.256
2025-11-22 17:33:06,mlx5_6,0.000,0.000,0.000,0.000
2025-11-22 17:33:06,mlx5_7,0.000,0.000,0.000,0.000
2025-11-22 17:33:06,mlx5_8,0.000,0.000,212.247,314.950
2025-11-22 17:33:06,mlx5_9,0.000,0.000,0.000,0.000
2025-11-22 17:33:06,TOTAL,0.000,0.000,836.046,1200.270
2025-11-22 17:33:07,mlx5_0,0.000,0.000,0.000,0.000
2025-11-22 17:33:07,mlx5_1,0.000,0.000,206.425,287.025
2025-11-22 17:33:07,mlx5_2,0.000,0.000,0.000,0.000
2025-11-22 17:33:07,mlx5_3,0.000,0.000,209.674,304.038
2025-11-22 17:33:07,mlx5_4,0.000,0.000,0.000,0.000
2025-11-22 17:33:07,mlx5_5,0.000,0.000,207.700,294.256
2025-11-22 17:33:07,mlx5_6,0.000,0.000,0.000,0.000
2025-11-22 17:33:07,mlx5_7,0.000,0.000,0.000,0.000
2025-11-22 17:33:07,mlx5_8,0.000,0.000,212.247,314.950
2025-11-22 17:33:07,mlx5_9,0.000,0.000,0.000,0.000
2025-11-22 17:33:07,TOTAL,0.000,0.000,836.046,1200.270
2025-11-22 17:33:08,mlx5_0,0.000,0.000,0.000,0.000
2025-11-22 17:33:08,mlx5_1,0.000,0.000,206.425,287.025
2025-11-22 17:33:08,mlx5_2,0.000,0.000,0.000,0.000
2025-11-22 17:33:08,mlx5_3,0.000,0.000,209.674,304.038
2025-11-22 17:33:08,mlx5_4,0.000,0.000,0.000,0.000
2025-11-22 17:33:08,mlx5_5,0.000,0.000,207.700,294.256
2025-11-22 17:33:08,mlx5_6,0.000,0.000,0.000,0.000
2025-11-22 17:33:08,mlx5_7,0.000,0.000,0.000,0.000
2025-11-22 17:33:08,mlx5_8,0.000,0.000,212.247,314.950
2025-11-22 17:33:08,mlx5_9,0.000,0.000,0.000,0.000
2025-11-22 17:33:08,TOTAL,0.000,0.000,836.046,1200.270
2025-11-22 17:33:09,mlx5_0,0.000,0.000,0.000,0.000
2025-11-22 17:33:09,mlx5_1,9.336,4.135,207.597,287.545
2025-11-22 17:33:09,mlx5_2,0.000,0.000,0.000,0.000
2025-11-22 17:33:09,mlx5_3,9.292,4.987,210.841,304.664
2025-11-22 17:33:09,mlx5_4,0.000,0.000,0.000,0.000
2025-11-22 17:33:09,mlx5_5,9.263,4.651,208.863,294.841
2025-11-22 17:33:09,mlx5_6,0.000,0.000,0.000,0.000
2025-11-22 17:33:09,mlx5_7,0.000,0.000,0.000,0.000
2025-11-22 17:33:09,mlx5_8,9.371,5.093,213.424,315.590
2025-11-22 17:33:09,mlx5_9,0.000,0.000,0.000,0.000
2025-11-22 17:33:09,TOTAL,37.262,18.867,840.726,1202.639
2025-11-22 17:33:10,mlx5_0,0.000,0.000,0.000,0.000
2025-11-22 17:33:10,mlx5_1,0.087,49.454,207.608,293.758
2025-11-22 17:33:10,mlx5_2,0.000,0.000,0.000,0.000
2025-11-22 17:33:10,mlx5_3,0.107,53.144,210.854,311.341
2025-11-22 17:33:10,mlx5_4,0.000,0.000,0.000,0.000
2025-11-22 17:33:10,mlx5_5,0.099,50.716,208.876,301.212
2025-11-22 17:33:10,mlx5_6,0.000,0.000,0.000,0.000
2025-11-22 17:33:10,mlx5_7,0.000,0.000,0.000,0.000
2025-11-22 17:33:10,mlx5_8,0.112,54.336,213.439,322.416
2025-11-22 17:33:10,mlx5_9,0.000,0.000,0.000,0.000
2025-11-22 17:33:10,TOTAL,0.405,207.650,840.777,1228.728
2025-11-22 17:33:11,mlx5_0,0.000,0.000,0.000,0.000
2025-11-22 17:33:11,mlx5_1,0.000,0.000,207.608,293.758
2025-11-22 17:33:11,mlx5_2,0.000,0.000,0.000,0.000
2025-11-22 17:33:11,mlx5_3,0.000,0.000,210.854,311.341
2025-11-22 17:33:11,mlx5_4,0.000,0.000,0.000,0.000
2025-11-22 17:33:11,mlx5_5,0.000,0.000,208.876,301.212
2025-11-22 17:33:11,mlx5_6,0.000,0.000,0.000,0.000
2025-11-22 17:33:11,mlx5_7,0.000,0.000,0.000,0.000
2025-11-22 17:33:11,mlx5_8,0.000,0.000,213.439,322.416
2025-11-22 17:33:11,mlx5_9,0.000,0.000,0.000,0.000
2025-11-22 17:33:11,TOTAL,0.000,0.000,840.777,1228.728
2025-11-22 17:33:12,mlx5_0,0.000,0.000,0.000,0.000
2025-11-22 17:33:12,mlx5_1,0.000,0.000,207.608,293.758
2025-11-22 17:33:12,mlx5_2,0.000,0.000,0.000,0.000
2025-11-22 17:33:12,mlx5_3,0.000,0.000,210.854,311.341
2025-11-22 17:33:12,mlx5_4,0.000,0.000,0.000,0.000
2025-11-22 17:33:12,mlx5_5,0.000,0.000,208.876,301.212
2025-11-22 17:33:12,mlx5_6,0.000,0.000,0.000,0.000
2025-11-22 17:33:12,mlx5_7,0.000,0.000,0.000,0.000
2025-11-22 17:33:12,mlx5_8,0.000,0.000,213.439,322.416
2025-11-22 17:33:12,mlx5_9,0.000,0.000,0.000,0.000
2025-11-22 17:33:12,TOTAL,0.000,0.000,840.777,1228.728
2025-11-22 17:33:13,mlx5_0,0.000,0.000,0.000,0.000
2025-11-22 17:33:13,mlx5_1,9.539,0.012,208.806,293.760
2025-11-22 17:33:13,mlx5_2,0.000,0.000,0.000,0.000
2025-11-22 17:33:13,mlx5_3,9.531,0.012,212.051,311.343
2025-11-22 17:33:13,mlx5_4,0.000,0.000,0.000,0.000
2025-11-22 17:33:13,mlx5_5,9.328,0.012,210.047,301.214
2025-11-22 17:33:13,mlx5_6,0.000,0.000,0.000,0.000
2025-11-22 17:33:13,mlx5_7,0.000,0.000,0.000,0.000
2025-11-22 17:33:13,mlx5_8,9.559,0.012,214.639,322.418
2025-11-22 17:33:13,mlx5_9,0.000,0.000,0.000,0.000
2025-11-22 17:33:13,TOTAL,37.956,0.049,845.544,1228.734
2025-11-22 17:33:14,mlx5_0,0.000,0.000,0.000,0.000
2025-11-22 17:33:14,mlx5_1,0.000,0.000,208.806,293.760
2025-11-22 17:33:14,mlx5_2,0.000,0.000,0.000,0.000
2025-11-22 17:33:14,mlx5_3,0.000,0.000,212.051,311.343
2025-11-22 17:33:14,mlx5_4,0.000,0.000,0.000,0.000
2025-11-22 17:33:14,mlx5_5,0.000,0.000,210.047,301.214
2025-11-22 17:33:14,mlx5_6,0.000,0.000,0.000,0.000
2025-11-22 17:33:14,mlx5_7,0.000,0.000,0.000,0.000
2025-11-22 17:33:14,mlx5_8,0.000,0.000,214.639,322.418
2025-11-22 17:33:14,mlx5_9,0.000,0.000,0.000,0.000
2025-11-22 17:33:14,TOTAL,0.001,0.001,845.544,1228.735
2025-11-22 17:33:15,mlx5_0,0.000,0.000,0.000,0.000
2025-11-22 17:33:15,mlx5_1,0.000,0.000,208.806,293.760
2025-11-22 17:33:15,mlx5_2,0.000,0.000,0.000,0.000
2025-11-22 17:33:15,mlx5_3,0.000,0.000,212.051,311.343
2025-11-22 17:33:15,mlx5_4,0.000,0.000,0.000,0.000
2025-11-22 17:33:15,mlx5_5,0.000,0.000,210.047,301.214
2025-11-22 17:33:15,mlx5_6,0.000,0.000,0.000,0.000
2025-11-22 17:33:15,mlx5_7,0.000,0.000,0.000,0.000
2025-11-22 17:33:15,mlx5_8,0.000,0.000,214.639,322.418
2025-11-22 17:33:15,mlx5_9,0.000,0.000,0.000,0.000
2025-11-22 17:33:15,TOTAL,0.000,0.000,845.544,1228.735
2025-11-22 17:33:16,mlx5_0,0.000,0.000,0.000,0.000
2025-11-22 17:33:16,mlx5_1,0.000,0.000,208.806,293.760
2025-11-22 17:33:16,mlx5_2,0.000,0.000,0.000,0.000
2025-11-22 17:33:16,mlx5_3,0.000,0.000,212.051,311.343
2025-11-22 17:33:16,mlx5_4,0.000,0.000,0.000,0.000
2025-11-22 17:33:16,mlx5_5,0.000,0.000,210.047,301.214
2025-11-22 17:33:16,mlx5_6,0.000,0.000,0.000,0.000
2025-11-22 17:33:16,mlx5_7,0.000,0.000,0.000,0.000
2025-11-22 17:33:16,mlx5_8,0.000,0.000,214.639,322.418
2025-11-22 17:33:16,mlx5_9,0.000,0.000,0.000,0.000
2025-11-22 17:33:16,TOTAL,0.000,0.000,845.544,1228.735
2025-11-22 17:33:17,mlx5_0,0.000,0.000,0.000,0.000
2025-11-22 17:33:17,mlx5_1,9.116,0.012,209.951,293.761
2025-11-22 17:33:17,mlx5_2,0.000,0.000,0.000,0.000
2025-11-22 17:33:17,mlx5_3,9.413,0.012,213.234,311.344
2025-11-22 17:33:17,mlx5_4,0.000,0.000,0.000,0.000
2025-11-22 17:33:17,mlx5_5,9.294,0.012,211.215,301.216
2025-11-22 17:33:17,mlx5_6,0.000,0.000,0.000,0.000
2025-11-22 17:33:17,mlx5_7,0.000,0.000,0.000,0.000
2025-11-22 17:33:17,mlx5_8,9.401,0.012,215.820,322.420
2025-11-22 17:33:17,mlx5_9,0.000,0.000,0.000,0.000
2025-11-22 17:33:17,TOTAL,37.224,0.048,850.220,1228.741
2025-11-22 17:33:18,mlx5_0,0.000,0.000,0.000,0.000
2025-11-22 17:33:18,mlx5_1,0.000,0.000,209.951,293.761
2025-11-22 17:33:18,mlx5_2,0.000,0.000,0.000,0.000
2025-11-22 17:33:18,mlx5_3,0.000,0.000,213.234,311.344
2025-11-22 17:33:18,mlx5_4,0.000,0.000,0.000,0.000
2025-11-22 17:33:18,mlx5_5,0.000,0.000,211.215,301.216
2025-11-22 17:33:18,mlx5_6,0.000,0.000,0.000,0.000
2025-11-22 17:33:18,mlx5_7,0.000,0.000,0.000,0.000
2025-11-22 17:33:18,mlx5_8,0.000,0.000,215.820,322.420
2025-11-22 17:33:18,mlx5_9,0.000,0.000,0.000,0.000
2025-11-22 17:33:18,TOTAL,0.000,0.000,850.220,1228.741
2025-11-22 17:33:19,mlx5_0,0.000,0.000,0.000,0.000
2025-11-22 17:33:19,mlx5_1,0.000,0.000,209.951,293.761
2025-11-22 17:33:19,mlx5_2,0.000,0.000,0.000,0.000
2025-11-22 17:33:19,mlx5_3,0.000,0.000,213.234,311.344
2025-11-22 17:33:19,mlx5_4,0.000,0.000,0.000,0.000
2025-11-22 17:33:19,mlx5_5,0.000,0.000,211.215,301.216
2025-11-22 17:33:19,mlx5_6,0.000,0.000,0.000,0.000
2025-11-22 17:33:19,mlx5_7,0.000,0.000,0.000,0.000
2025-11-22 17:33:19,mlx5_8,0.000,0.000,215.820,322.420
2025-11-22 17:33:19,mlx5_9,0.000,0.000,0.000,0.000
2025-11-22 17:33:19,TOTAL,0.000,0.000,850.220,1228.741
2025-11-22 17:33:20,mlx5_0,0.000,0.000,0.000,0.000
2025-11-22 17:33:20,mlx5_1,0.000,0.000,209.951,293.761
2025-11-22 17:33:20,mlx5_2,0.000,0.000,0.000,0.000
2025-11-22 17:33:20,mlx5_3,0.000,0.000,213.234,311.344
2025-11-22 17:33:20,mlx5_4,0.000,0.000,0.000,0.000
2025-11-22 17:33:20,mlx5_5,0.000,0.000,211.215,301.216
2025-11-22 17:33:20,mlx5_6,0.000,0.000,0.000,0.000
2025-11-22 17:33:20,mlx5_7,0.000,0.000,0.000,0.000
2025-11-22 17:33:20,mlx5_8,0.000,0.000,215.820,322.420
2025-11-22 17:33:20,mlx5_9,0.000,0.000,0.000,0.000
2025-11-22 17:33:20,TOTAL,0.001,0.001,850.220,1228.741
2025-11-22 17:33:21,mlx5_0,0.000,0.000,0.000,0.000
2025-11-22 17:33:21,mlx5_1,9.124,0.012,211.098,293.763
2025-11-22 17:33:21,mlx5_2,0.000,0.000,0.000,0.000
2025-11-22 17:33:21,mlx5_3,9.307,0.012,214.403,311.346
2025-11-22 17:33:21,mlx5_4,0.000,0.000,0.000,0.000
2025-11-22 17:33:21,mlx5_5,9.373,0.012,212.393,301.217
2025-11-22 17:33:21,mlx5_6,0.000,0.000,0.000,0.000
2025-11-22 17:33:21,mlx5_7,0.000,0.000,0.000,0.000
2025-11-22 17:33:21,mlx5_8,9.408,0.012,217.002,322.421
2025-11-22 17:33:21,mlx5_9,0.000,0.000,0.000,0.000
2025-11-22 17:33:21,TOTAL,37.213,0.048,854.896,1228.747
2025-11-22 17:33:22,mlx5_0,0.000,0.000,0.000,0.000
2025-11-22 17:33:22,mlx5_1,0.000,0.000,211.098,293.763
2025-11-22 17:33:22,mlx5_2,0.000,0.000,0.000,0.000
2025-11-22 17:33:22,mlx5_3,0.000,0.000,214.403,311.346
2025-11-22 17:33:22,mlx5_4,0.000,0.000,0.000,0.000
2025-11-22 17:33:22,mlx5_5,0.000,0.000,212.393,301.217
2025-11-22 17:33:22,mlx5_6,0.000,0.000,0.000,0.000
2025-11-22 17:33:22,mlx5_7,0.000,0.000,0.000,0.000
2025-11-22 17:33:22,mlx5_8,0.000,0.000,217.002,322.421
2025-11-22 17:33:22,mlx5_9,0.000,0.000,0.000,0.000
2025-11-22 17:33:22,TOTAL,0.000,0.000,854.896,1228.747
2025-11-22 17:33:23,mlx5_0,0.000,0.000,0.000,0.000
2025-11-22 17:33:23,mlx5_1,0.000,0.000,211.098,293.763
2025-11-22 17:33:23,mlx5_2,0.000,0.000,0.000,0.000
2025-11-22 17:33:23,mlx5_3,0.000,0.000,214.403,311.346
2025-11-22 17:33:23,mlx5_4,0.000,0.000,0.000,0.000
2025-11-22 17:33:23,mlx5_5,0.000,0.000,212.393,301.217
2025-11-22 17:33:23,mlx5_6,0.000,0.000,0.000,0.000
2025-11-22 17:33:23,mlx5_7,0.000,0.000,0.000,0.000
2025-11-22 17:33:23,mlx5_8,0.000,0.000,217.002,322.421
2025-11-22 17:33:23,mlx5_9,0.000,0.000,0.000,0.000
2025-11-22 17:33:23,TOTAL,0.000,0.000,854.896,1228.747
2025-11-22 17:33:24,mlx5_0,0.000,0.000,0.000,0.000
2025-11-22 17:33:24,mlx5_1,0.000,0.000,211.098,293.763
2025-11-22 17:33:24,mlx5_2,0.000,0.000,0.000,0.000
2025-11-22 17:33:24,mlx5_3,0.000,0.000,214.403,311.346
2025-11-22 17:33:24,mlx5_4,0.000,0.000,0.000,0.000
2025-11-22 17:33:24,mlx5_5,0.000,0.000,212.393,301.217
2025-11-22 17:33:24,mlx5_6,0.000,0.000,0.000,0.000
2025-11-22 17:33:24,mlx5_7,0.000,0.000,0.000,0.000
2025-11-22 17:33:24,mlx5_8,0.000,0.000,217.002,322.421
2025-11-22 17:33:24,mlx5_9,0.000,0.000,0.000,0.000
2025-11-22 17:33:24,TOTAL,0.000,0.000,854.896,1228.747
2025-11-22 17:33:25,mlx5_0,0.000,0.000,0.000,0.000
2025-11-22 17:33:25,mlx5_1,9.208,0.012,212.255,293.764
2025-11-22 17:33:25,mlx5_2,0.000,0.000,0.000,0.000
2025-11-22 17:33:25,mlx5_3,9.376,0.012,215.581,311.347
2025-11-22 17:33:25,mlx5_4,0.000,0.000,0.000,0.000
2025-11-22 17:33:25,mlx5_5,9.304,0.012,213.561,301.219
2025-11-22 17:33:25,mlx5_6,0.000,0.000,0.000,0.000
2025-11-22 17:33:25,mlx5_7,0.000,0.000,0.000,0.000
2025-11-22 17:33:25,mlx5_8,9.329,0.012,218.174,322.423
2025-11-22 17:33:25,mlx5_9,0.000,0.000,0.000,0.000
2025-11-22 17:33:25,TOTAL,37.218,0.048,859.572,1228.753
2025-11-22 17:33:26,mlx5_0,0.000,0.000,0.000,0.000
2025-11-22 17:33:26,mlx5_1,0.000,0.000,212.255,293.764
2025-11-22 17:33:26,mlx5_2,0.000,0.000,0.000,0.000
2025-11-22 17:33:26,mlx5_3,0.000,0.000,215.581,311.347
2025-11-22 17:33:26,mlx5_4,0.000,0.000,0.000,0.000
2025-11-22 17:33:26,mlx5_5,0.000,0.000,213.561,301.219
2025-11-22 17:33:26,mlx5_6,0.000,0.000,0.000,0.000
2025-11-22 17:33:26,mlx5_7,0.000,0.000,0.000,0.000
2025-11-22 17:33:26,mlx5_8,0.000,0.000,218.174,322.423
2025-11-22 17:33:26,mlx5_9,0.000,0.000,0.000,0.000
2025-11-22 17:33:26,TOTAL,0.000,0.000,859.572,1228.753
2025-11-22 17:33:27,mlx5_0,0.000,0.000,0.000,0.000
2025-11-22 17:33:27,mlx5_1,0.000,0.000,212.255,293.764
2025-11-22 17:33:27,mlx5_2,0.000,0.000,0.000,0.000
2025-11-22 17:33:27,mlx5_3,0.000,0.000,215.581,311.347
2025-11-22 17:33:27,mlx5_4,0.000,0.000,0.000,0.000
2025-11-22 17:33:27,mlx5_5,0.000,0.000,213.561,301.219
2025-11-22 17:33:27,mlx5_6,0.000,0.000,0.000,0.000
2025-11-22 17:33:27,mlx5_7,0.000,0.000,0.000,0.000
2025-11-22 17:33:27,mlx5_8,0.000,0.000,218.174,322.423
2025-11-22 17:33:27,mlx5_9,0.000,0.000,0.000,0.000
2025-11-22 17:33:27,TOTAL,0.000,0.000,859.572,1228.753
2025-11-22 17:33:28,mlx5_0,0.000,0.000,0.000,0.000
2025-11-22 17:33:28,mlx5_1,0.000,0.000,212.255,293.764
2025-11-22 17:33:28,mlx5_2,0.000,0.000,0.000,0.000
2025-11-22 17:33:28,mlx5_3,0.000,0.000,215.581,311.347
2025-11-22 17:33:28,mlx5_4,0.000,0.000,0.000,0.000
2025-11-22 17:33:28,mlx5_5,0.000,0.000,213.561,301.219
2025-11-22 17:33:28,mlx5_6,0.000,0.000,0.000,0.000
2025-11-22 17:33:28,mlx5_7,0.000,0.000,0.000,0.000
2025-11-22 17:33:28,mlx5_8,0.000,0.000,218.174,322.423
2025-11-22 17:33:28,mlx5_9,0.000,0.000,0.000,0.000
2025-11-22 17:33:28,TOTAL,0.000,0.000,859.572,1228.753
2025-11-22 17:33:29,mlx5_0,0.000,0.000,0.000,0.000
2025-11-22 17:33:29,mlx5_1,9.246,0.012,213.417,293.766
2025-11-22 17:33:29,mlx5_2,0.000,0.000,0.000,0.000
2025-11-22 17:33:29,mlx5_3,9.436,0.012,216.767,311.349
2025-11-22 17:33:29,mlx5_4,0.000,0.000,0.000,0.000
2025-11-22 17:33:29,mlx5_5,9.259,0.012,214.725,301.220
2025-11-22 17:33:29,mlx5_6,0.000,0.000,0.000,0.000
2025-11-22 17:33:29,mlx5_7,0.000,0.000,0.000,0.000
2025-11-22 17:33:29,mlx5_8,9.278,0.012,219.340,322.424
2025-11-22 17:33:29,mlx5_9,0.000,0.000,0.000,0.000
2025-11-22 17:33:29,TOTAL,37.219,0.048,864.248,1228.759
2025-11-22 17:33:30,mlx5_0,0.000,0.000,0.000,0.000
2025-11-22 17:33:30,mlx5_1,0.000,0.000,213.417,293.766
2025-11-22 17:33:30,mlx5_2,0.000,0.000,0.000,0.000
2025-11-22 17:33:30,mlx5_3,0.000,0.000,216.767,311.349
2025-11-22 17:33:30,mlx5_4,0.000,0.000,0.000,0.000
2025-11-22 17:33:30,mlx5_5,0.000,0.000,214.725,301.220
2025-11-22 17:33:30,mlx5_6,0.000,0.000,0.000,0.000
2025-11-22 17:33:30,mlx5_7,0.000,0.000,0.000,0.000
2025-11-22 17:33:30,mlx5_8,0.000,0.000,219.340,322.424
2025-11-22 17:33:30,mlx5_9,0.000,0.000,0.000,0.000
2025-11-22 17:33:30,TOTAL,0.000,0.000,864.248,1228.759
2025-11-22 17:33:31,mlx5_0,0.000,0.000,0.000,0.000
2025-11-22 17:33:31,mlx5_1,0.000,0.000,213.417,293.766
2025-11-22 17:33:31,mlx5_2,0.000,0.000,0.000,0.000
2025-11-22 17:33:31,mlx5_3,0.000,0.000,216.767,311.349
2025-11-22 17:33:31,mlx5_4,0.000,0.000,0.000,0.000
2025-11-22 17:33:31,mlx5_5,0.000,0.000,214.725,301.220
2025-11-22 17:33:31,mlx5_6,0.000,0.000,0.000,0.000
2025-11-22 17:33:31,mlx5_7,0.000,0.000,0.000,0.000
2025-11-22 17:33:31,mlx5_8,0.000,0.000,219.340,322.424
2025-11-22 17:33:31,mlx5_9,0.000,0.000,0.000,0.000
2025-11-22 17:33:31,TOTAL,0.000,0.000,864.248,1228.759
2025-11-22 17:33:32,mlx5_0,0.000,0.000,0.000,0.000
2025-11-22 17:33:32,mlx5_1,0.000,0.000,213.417,293.766
2025-11-22 17:33:32,mlx5_2,0.000,0.000,0.000,0.000
2025-11-22 17:33:32,mlx5_3,0.000,0.000,216.767,311.349
2025-11-22 17:33:32,mlx5_4,0.000,0.000,0.000,0.000
2025-11-22 17:33:32,mlx5_5,0.000,0.000,214.725,301.220
2025-11-22 17:33:32,mlx5_6,0.000,0.000,0.000,0.000
2025-11-22 17:33:32,mlx5_7,0.000,0.000,0.000,0.000
2025-11-22 17:33:32,mlx5_8,0.000,0.000,219.340,322.424
2025-11-22 17:33:32,mlx5_9,0.000,0.000,0.000,0.000
2025-11-22 17:33:32,TOTAL,0.000,0.000,864.248,1228.759
2025-11-22 17:33:33,mlx5_0,0.000,0.000,0.000,0.000
2025-11-22 17:33:33,mlx5_1,0.000,0.000,213.417,293.766
2025-11-22 17:33:33,mlx5_2,0.000,0.000,0.000,0.000
2025-11-22 17:33:33,mlx5_3,0.000,0.000,216.767,311.349
2025-11-22 17:33:33,mlx5_4,0.000,0.000,0.000,0.000
2025-11-22 17:33:33,mlx5_5,0.000,0.000,214.725,301.220
2025-11-22 17:33:33,mlx5_6,0.000,0.000,0.000,0.000
2025-11-22 17:33:33,mlx5_7,0.000,0.000,0.000,0.000
2025-11-22 17:33:33,mlx5_8,0.000,0.000,219.340,322.424
2025-11-22 17:33:33,mlx5_9,0.000,0.000,0.000,0.000
2025-11-22 17:33:33,TOTAL,0.000,0.000,864.248,1228.759
2025-11-22 17:33:34,mlx5_0,0.000,0.000,0.000,0.000
2025-11-22 17:33:34,mlx5_1,9.300,53.535,214.585,300.491
2025-11-22 17:33:34,mlx5_2,0.000,0.000,0.000,0.000
2025-11-22 17:33:34,mlx5_3,9.519,57.603,217.963,318.584
2025-11-22 17:33:34,mlx5_4,0.000,0.000,0.000,0.000
2025-11-22 17:33:34,mlx5_5,9.247,55.194,215.886,308.153
2025-11-22 17:33:34,mlx5_6,0.000,0.000,0.000,0.000
2025-11-22 17:33:34,mlx5_7,0.000,0.000,0.000,0.000
2025-11-22 17:33:34,mlx5_8,9.603,60.234,220.546,329.990
2025-11-22 17:33:34,mlx5_9,0.000,0.000,0.000,0.000
2025-11-22 17:33:34,TOTAL,37.669,226.566,868.980,1257.218
2025-11-22 17:33:35,mlx5_0,0.000,0.000,0.000,0.000
2025-11-22 17:33:35,mlx5_1,0.000,0.000,214.585,300.491
2025-11-22 17:33:35,mlx5_2,0.000,0.000,0.000,0.000
2025-11-22 17:33:35,mlx5_3,0.000,0.000,217.963,318.584
2025-11-22 17:33:35,mlx5_4,0.000,0.000,0.000,0.000
2025-11-22 17:33:35,mlx5_5,0.000,0.000,215.886,308.153
2025-11-22 17:33:35,mlx5_6,0.000,0.000,0.000,0.000
2025-11-22 17:33:35,mlx5_7,0.000,0.000,0.000,0.000
2025-11-22 17:33:35,mlx5_8,0.000,0.000,220.546,329.990
2025-11-22 17:33:35,mlx5_9,0.000,0.000,0.000,0.000
2025-11-22 17:33:35,TOTAL,0.000,0.000,868.980,1257.218
2025-11-22 17:33:36,mlx5_0,0.000,0.000,0.000,0.000
2025-11-22 17:33:36,mlx5_1,0.000,0.000,214.585,300.491
2025-11-22 17:33:36,mlx5_2,0.000,0.000,0.000,0.000
2025-11-22 17:33:36,mlx5_3,0.000,0.000,217.963,318.584
2025-11-22 17:33:36,mlx5_4,0.000,0.000,0.000,0.000
2025-11-22 17:33:36,mlx5_5,0.000,0.000,215.886,308.153
2025-11-22 17:33:36,mlx5_6,0.000,0.000,0.000,0.000
2025-11-22 17:33:36,mlx5_7,0.000,0.000,0.000,0.000
2025-11-22 17:33:36,mlx5_8,0.000,0.000,220.546,329.990
2025-11-22 17:33:36,mlx5_9,0.000,0.000,0.000,0.000
2025-11-22 17:33:36,TOTAL,0.000,0.000,868.980,1257.218
2025-11-22 17:33:37,mlx5_0,0.000,0.000,0.000,0.000
2025-11-22 17:33:37,mlx5_1,0.000,0.000,214.585,300.491
2025-11-22 17:33:37,mlx5_2,0.000,0.000,0.000,0.000
2025-11-22 17:33:37,mlx5_3,0.000,0.000,217.963,318.584
2025-11-22 17:33:37,mlx5_4,0.000,0.000,0.000,0.000
2025-11-22 17:33:37,mlx5_5,0.000,0.000,215.886,308.153
2025-11-22 17:33:37,mlx5_6,0.000,0.000,0.000,0.000
2025-11-22 17:33:37,mlx5_7,0.000,0.000,0.000,0.000
2025-11-22 17:33:37,mlx5_8,0.000,0.000,220.546,329.990
2025-11-22 17:33:37,mlx5_9,0.000,0.000,0.000,0.000
2025-11-22 17:33:37,TOTAL,0.000,0.000,868.980,1257.218
2025-11-22 17:33:38,mlx5_0,0.000,0.000,0.000,0.000
2025-11-22 17:33:38,mlx5_1,9.364,0.012,215.761,300.492
2025-11-22 17:33:38,mlx5_2,0.000,0.000,0.000,0.000
2025-11-22 17:33:38,mlx5_3,9.466,0.012,219.152,318.586
2025-11-22 17:33:38,mlx5_4,0.000,0.000,0.000,0.000
2025-11-22 17:33:38,mlx5_5,9.598,0.012,217.092,308.155
2025-11-22 17:33:38,mlx5_6,0.000,0.000,0.000,0.000
2025-11-22 17:33:38,mlx5_7,0.000,0.000,0.000,0.000
2025-11-22 17:33:38,mlx5_8,9.518,0.012,221.742,329.992
2025-11-22 17:33:38,mlx5_9,0.000,0.000,0.000,0.000
2025-11-22 17:33:38,TOTAL,37.946,0.049,873.747,1257.225
2025-11-22 17:33:39,mlx5_0,0.000,0.000,0.000,0.000
2025-11-22 17:33:39,mlx5_1,0.000,0.000,215.761,300.492
2025-11-22 17:33:39,mlx5_2,0.000,0.000,0.000,0.000
2025-11-22 17:33:39,mlx5_3,0.000,0.000,219.152,318.586
2025-11-22 17:33:39,mlx5_4,0.000,0.000,0.000,0.000
2025-11-22 17:33:39,mlx5_5,0.000,0.000,217.092,308.155
2025-11-22 17:33:39,mlx5_6,0.000,0.000,0.000,0.000
2025-11-22 17:33:39,mlx5_7,0.000,0.000,0.000,0.000
2025-11-22 17:33:39,mlx5_8,0.000,0.000,221.742,329.992
2025-11-22 17:33:39,mlx5_9,0.000,0.000,0.000,0.000
2025-11-22 17:33:39,TOTAL,0.000,0.000,873.747,1257.225
2025-11-22 17:33:40,mlx5_0,0.000,0.000,0.000,0.000
2025-11-22 17:33:40,mlx5_1,0.000,0.000,215.761,300.492
2025-11-22 17:33:40,mlx5_2,0.000,0.000,0.000,0.000
2025-11-22 17:33:40,mlx5_3,0.000,0.000,219.152,318.586
2025-11-22 17:33:40,mlx5_4,0.000,0.000,0.000,0.000
2025-11-22 17:33:40,mlx5_5,0.000,0.000,217.092,308.155
2025-11-22 17:33:40,mlx5_6,0.000,0.000,0.000,0.000
2025-11-22 17:33:40,mlx5_7,0.000,0.000,0.000,0.000
2025-11-22 17:33:40,mlx5_8,0.000,0.000,221.742,329.992
2025-11-22 17:33:40,mlx5_9,0.000,0.000,0.000,0.000
2025-11-22 17:33:40,TOTAL,0.000,0.000,873.747,1257.225
2025-11-22 17:33:41,mlx5_0,0.000,0.000,0.000,0.000
2025-11-22 17:33:41,mlx5_1,9.139,0.012,216.909,300.494
2025-11-22 17:33:41,mlx5_2,0.000,0.000,0.000,0.000
2025-11-22 17:33:41,mlx5_3,9.336,0.012,220.324,318.587
2025-11-22 17:33:41,mlx5_4,0.000,0.000,0.000,0.000
2025-11-22 17:33:41,mlx5_5,9.123,0.012,218.238,308.156
2025-11-22 17:33:41,mlx5_6,0.000,0.000,0.000,0.000
2025-11-22 17:33:41,mlx5_7,0.000,0.000,0.000,0.000
2025-11-22 17:33:41,mlx5_8,9.630,0.012,222.952,329.993
2025-11-22 17:33:41,mlx5_9,0.000,0.000,0.000,0.000
2025-11-22 17:33:41,TOTAL,37.228,0.048,878.423,1257.231
2025-11-22 17:33:42,mlx5_0,0.000,0.000,0.000,0.000
2025-11-22 17:33:42,mlx5_1,0.000,0.000,216.909,300.494
2025-11-22 17:33:42,mlx5_2,0.000,0.000,0.000,0.000
2025-11-22 17:33:42,mlx5_3,0.000,0.000,220.324,318.587
2025-11-22 17:33:42,mlx5_4,0.000,0.000,0.000,0.000
2025-11-22 17:33:42,mlx5_5,0.000,0.000,218.238,308.156
2025-11-22 17:33:42,mlx5_6,0.000,0.000,0.000,0.000
2025-11-22 17:33:42,mlx5_7,0.000,0.000,0.000,0.000
2025-11-22 17:33:42,mlx5_8,0.000,0.000,222.952,329.993
2025-11-22 17:33:42,mlx5_9,0.000,0.000,0.000,0.000
2025-11-22 17:33:42,TOTAL,0.000,0.000,878.423,1257.231
2025-11-22 17:33:43,mlx5_0,0.000,0.000,0.000,0.000
2025-11-22 17:33:43,mlx5_1,0.000,0.000,216.909,300.494
2025-11-22 17:33:43,mlx5_2,0.000,0.000,0.000,0.000
2025-11-22 17:33:43,mlx5_3,0.000,0.000,220.324,318.587
2025-11-22 17:33:43,mlx5_4,0.000,0.000,0.000,0.000
2025-11-22 17:33:43,mlx5_5,0.000,0.000,218.238,308.156
2025-11-22 17:33:43,mlx5_6,0.000,0.000,0.000,0.000
2025-11-22 17:33:43,mlx5_7,0.000,0.000,0.000,0.000
2025-11-22 17:33:43,mlx5_8,0.000,0.000,222.952,329.993
2025-11-22 17:33:43,mlx5_9,0.000,0.000,0.000,0.000
2025-11-22 17:33:43,TOTAL,0.000,0.000,878.423,1257.231
2025-11-22 17:33:44,mlx5_0,0.000,0.000,0.000,0.000
2025-11-22 17:33:44,mlx5_1,0.000,0.000,216.909,300.494
2025-11-22 17:33:44,mlx5_2,0.000,0.000,0.000,0.000
2025-11-22 17:33:44,mlx5_3,0.000,0.000,220.324,318.587
2025-11-22 17:33:44,mlx5_4,0.000,0.000,0.000,0.000
2025-11-22 17:33:44,mlx5_5,0.000,0.000,218.238,308.156
2025-11-22 17:33:44,mlx5_6,0.000,0.000,0.000,0.000
2025-11-22 17:33:44,mlx5_7,0.000,0.000,0.000,0.000
2025-11-22 17:33:44,mlx5_8,0.000,0.000,222.952,329.993
2025-11-22 17:33:44,mlx5_9,0.000,0.000,0.000,0.000
2025-11-22 17:33:44,TOTAL,0.000,0.000,878.423,1257.231
2025-11-22 17:33:45,mlx5_0,0.000,0.000,0.000,0.000
2025-11-22 17:33:45,mlx5_1,9.287,0.012,218.076,300.495
2025-11-22 17:33:45,mlx5_2,0.000,0.000,0.000,0.000
2025-11-22 17:33:45,mlx5_3,9.224,0.012,221.483,318.589
2025-11-22 17:33:45,mlx5_4,0.000,0.000,0.000,0.000
2025-11-22 17:33:45,mlx5_5,9.249,0.012,219.400,308.158
2025-11-22 17:33:45,mlx5_6,0.000,0.000,0.000,0.000
2025-11-22 17:33:45,mlx5_7,0.000,0.000,0.000,0.000
2025-11-22 17:33:45,mlx5_8,9.463,0.012,224.140,329.995
2025-11-22 17:33:45,mlx5_9,0.000,0.000,0.000,0.000
2025-11-22 17:33:45,TOTAL,37.223,0.048,883.099,1257.237
2025-11-22 17:33:46,mlx5_0,0.000,0.000,0.000,0.000
2025-11-22 17:33:46,mlx5_1,0.000,0.000,218.076,300.495
2025-11-22 17:33:46,mlx5_2,0.000,0.000,0.000,0.000
2025-11-22 17:33:46,mlx5_3,0.000,0.000,221.483,318.589
2025-11-22 17:33:46,mlx5_4,0.000,0.000,0.000,0.000
2025-11-22 17:33:46,mlx5_5,0.000,0.000,219.400,308.158
2025-11-22 17:33:46,mlx5_6,0.000,0.000,0.000,0.000
2025-11-22 17:33:46,mlx5_7,0.000,0.000,0.000,0.000
2025-11-22 17:33:46,mlx5_8,0.000,0.000,224.140,329.995
2025-11-22 17:33:46,mlx5_9,0.000,0.000,0.000,0.000
2025-11-22 17:33:46,TOTAL,0.000,0.000,883.099,1257.237
2025-11-22 17:33:47,mlx5_0,0.000,0.000,0.000,0.000
2025-11-22 17:33:47,mlx5_1,0.000,0.000,218.076,300.495
2025-11-22 17:33:47,mlx5_2,0.000,0.000,0.000,0.000
2025-11-22 17:33:47,mlx5_3,0.000,0.000,221.483,318.589
2025-11-22 17:33:47,mlx5_4,0.000,0.000,0.000,0.000
2025-11-22 17:33:47,mlx5_5,0.000,0.000,219.400,308.158
2025-11-22 17:33:47,mlx5_6,0.000,0.000,0.000,0.000
2025-11-22 17:33:47,mlx5_7,0.000,0.000,0.000,0.000
2025-11-22 17:33:47,mlx5_8,0.000,0.000,224.140,329.995
2025-11-22 17:33:47,mlx5_9,0.000,0.000,0.000,0.000
2025-11-22 17:33:47,TOTAL,0.000,0.000,883.099,1257.237
2025-11-22 17:33:48,mlx5_0,0.000,0.000,0.000,0.000
2025-11-22 17:33:48,mlx5_1,0.000,0.000,218.076,300.495
2025-11-22 17:33:48,mlx5_2,0.000,0.000,0.000,0.000
2025-11-22 17:33:48,mlx5_3,0.000,0.000,221.483,318.589
2025-11-22 17:33:48,mlx5_4,0.000,0.000,0.000,0.000
2025-11-22 17:33:48,mlx5_5,0.000,0.000,219.400,308.158
2025-11-22 17:33:48,mlx5_6,0.000,0.000,0.000,0.000
2025-11-22 17:33:48,mlx5_7,0.000,0.000,0.000,0.000
2025-11-22 17:33:48,mlx5_8,0.000,0.000,224.140,329.995
2025-11-22 17:33:48,mlx5_9,0.000,0.000,0.000,0.000
2025-11-22 17:33:48,TOTAL,0.000,0.000,883.099,1257.237
2025-11-22 17:33:49,mlx5_0,0.000,0.000,0.000,0.000
2025-11-22 17:33:49,mlx5_1,9.213,0.012,219.233,300.497
2025-11-22 17:33:49,mlx5_2,0.000,0.000,0.000,0.000
2025-11-22 17:33:49,mlx5_3,9.272,0.012,222.648,318.590
2025-11-22 17:33:49,mlx5_4,0.000,0.000,0.000,0.000
2025-11-22 17:33:49,mlx5_5,9.294,0.012,220.567,308.159
2025-11-22 17:33:49,mlx5_6,0.000,0.000,0.000,0.000
2025-11-22 17:33:49,mlx5_7,0.000,0.000,0.000,0.000
2025-11-22 17:33:49,mlx5_8,9.451,0.012,225.327,329.997
2025-11-22 17:33:49,mlx5_9,0.000,0.000,0.000,0.000
2025-11-22 17:33:49,TOTAL,37.229,0.048,887.775,1257.243
2025-11-22 17:33:50,mlx5_0,0.000,0.000,0.000,0.000
2025-11-22 17:33:50,mlx5_1,0.000,0.000,219.233,300.497
2025-11-22 17:33:50,mlx5_2,0.000,0.000,0.000,0.000
2025-11-22 17:33:50,mlx5_3,0.000,0.000,222.648,318.590
2025-11-22 17:33:50,mlx5_4,0.000,0.000,0.000,0.000
2025-11-22 17:33:50,mlx5_5,0.000,0.000,220.567,308.159
2025-11-22 17:33:50,mlx5_6,0.000,0.000,0.000,0.000
2025-11-22 17:33:50,mlx5_7,0.000,0.000,0.000,0.000
2025-11-22 17:33:50,mlx5_8,0.000,0.000,225.327,329.997
2025-11-22 17:33:50,mlx5_9,0.000,0.000,0.000,0.000
2025-11-22 17:33:50,TOTAL,0.000,0.000,887.775,1257.243
2025-11-22 17:33:51,mlx5_0,0.000,0.000,0.000,0.000
2025-11-22 17:33:51,mlx5_1,0.000,0.000,219.233,300.497
2025-11-22 17:33:51,mlx5_2,0.000,0.000,0.000,0.000
2025-11-22 17:33:51,mlx5_3,0.000,0.000,222.648,318.590
2025-11-22 17:33:51,mlx5_4,0.000,0.000,0.000,0.000
2025-11-22 17:33:51,mlx5_5,0.000,0.000,220.567,308.159
2025-11-22 17:33:51,mlx5_6,0.000,0.000,0.000,0.000
2025-11-22 17:33:51,mlx5_7,0.000,0.000,0.000,0.000
2025-11-22 17:33:51,mlx5_8,0.000,0.000,225.327,329.997
2025-11-22 17:33:51,mlx5_9,0.000,0.000,0.000,0.000
2025-11-22 17:33:51,TOTAL,0.000,0.000,887.775,1257.243
2025-11-22 17:33:52,mlx5_0,0.000,0.000,0.000,0.000
2025-11-22 17:33:52,mlx5_1,0.000,0.000,219.233,300.497
2025-11-22 17:33:52,mlx5_2,0.000,0.000,0.000,0.000
2025-11-22 17:33:52,mlx5_3,0.000,0.000,222.648,318.590
2025-11-22 17:33:52,mlx5_4,0.000,0.000,0.000,0.000
2025-11-22 17:33:52,mlx5_5,0.000,0.000,220.567,308.159
2025-11-22 17:33:52,mlx5_6,0.000,0.000,0.000,0.000
2025-11-22 17:33:52,mlx5_7,0.000,0.000,0.000,0.000
2025-11-22 17:33:52,mlx5_8,0.000,0.000,225.327,329.997
2025-11-22 17:33:52,mlx5_9,0.000,0.000,0.000,0.000
2025-11-22 17:33:52,TOTAL,0.000,0.000,887.775,1257.243
2025-11-22 17:33:53,mlx5_0,0.000,0.000,0.000,0.000
2025-11-22 17:33:53,mlx5_1,9.131,0.012,220.379,300.498
2025-11-22 17:33:53,mlx5_2,0.000,0.000,0.000,0.000
2025-11-22 17:33:53,mlx5_3,9.291,0.012,223.814,318.592
2025-11-22 17:33:53,mlx5_4,0.000,0.000,0.000,0.000
2025-11-22 17:33:53,mlx5_5,9.481,0.012,221.758,308.161
2025-11-22 17:33:53,mlx5_6,0.000,0.000,0.000,0.000
2025-11-22 17:33:53,mlx5_7,0.000,0.000,0.000,0.000
2025-11-22 17:33:53,mlx5_8,9.344,0.012,226.500,329.998
2025-11-22 17:33:53,mlx5_9,0.000,0.000,0.000,0.000
2025-11-22 17:33:53,TOTAL,37.247,0.048,892.451,1257.249
2025-11-22 17:33:54,mlx5_0,0.000,0.000,0.000,0.000
2025-11-22 17:33:54,mlx5_1,0.000,0.000,220.379,300.498
2025-11-22 17:33:54,mlx5_2,0.000,0.000,0.000,0.000
2025-11-22 17:33:54,mlx5_3,0.000,0.000,223.814,318.592
2025-11-22 17:33:54,mlx5_4,0.000,0.000,0.000,0.000
2025-11-22 17:33:54,mlx5_5,0.000,0.000,221.758,308.161
2025-11-22 17:33:54,mlx5_6,0.000,0.000,0.000,0.000
2025-11-22 17:33:54,mlx5_7,0.000,0.000,0.000,0.000
2025-11-22 17:33:54,mlx5_8,0.000,0.000,226.500,329.998
2025-11-22 17:33:54,mlx5_9,0.000,0.000,0.000,0.000
2025-11-22 17:33:54,TOTAL,0.000,0.000,892.451,1257.249
2025-11-22 17:33:55,mlx5_0,0.000,0.000,0.000,0.000
2025-11-22 17:33:55,mlx5_1,0.000,0.000,220.379,300.498
2025-11-22 17:33:55,mlx5_2,0.000,0.000,0.000,0.000
2025-11-22 17:33:55,mlx5_3,0.000,0.000,223.814,318.592
2025-11-22 17:33:55,mlx5_4,0.000,0.000,0.000,0.000
2025-11-22 17:33:55,mlx5_5,0.000,0.000,221.758,308.161
2025-11-22 17:33:55,mlx5_6,0.000,0.000,0.000,0.000
2025-11-22 17:33:55,mlx5_7,0.000,0.000,0.000,0.000
2025-11-22 17:33:55,mlx5_8,0.000,0.000,226.500,329.998
2025-11-22 17:33:55,mlx5_9,0.000,0.000,0.000,0.000
2025-11-22 17:33:55,TOTAL,0.000,0.000,892.451,1257.249
2025-11-22 17:33:56,mlx5_0,0.000,0.000,0.000,0.000
2025-11-22 17:33:56,mlx5_1,0.000,0.000,220.379,300.498
2025-11-22 17:33:56,mlx5_2,0.000,0.000,0.000,0.000
2025-11-22 17:33:56,mlx5_3,0.000,0.000,223.814,318.592
2025-11-22 17:33:56,mlx5_4,0.000,0.000,0.000,0.000
2025-11-22 17:33:56,mlx5_5,0.000,0.000,221.758,308.161
2025-11-22 17:33:56,mlx5_6,0.000,0.000,0.000,0.000
2025-11-22 17:33:56,mlx5_7,0.000,0.000,0.000,0.000
2025-11-22 17:33:56,mlx5_8,0.000,0.000,226.500,329.998
2025-11-22 17:33:56,mlx5_9,0.000,0.000,0.000,0.000
2025-11-22 17:33:56,TOTAL,0.000,0.000,892.451,1257.249
2025-11-22 17:33:57,mlx5_0,0.000,0.000,0.000,0.000
2025-11-22 17:33:57,mlx5_1,0.000,0.000,220.379,300.498
2025-11-22 17:33:57,mlx5_2,0.000,0.000,0.000,0.000
2025-11-22 17:33:57,mlx5_3,0.000,0.000,223.814,318.592
2025-11-22 17:33:57,mlx5_4,0.000,0.000,0.000,0.000
2025-11-22 17:33:57,mlx5_5,0.000,0.000,221.758,308.161
2025-11-22 17:33:57,mlx5_6,0.000,0.000,0.000,0.000
2025-11-22 17:33:57,mlx5_7,0.000,0.000,0.000,0.000
2025-11-22 17:33:57,mlx5_8,0.000,0.000,226.500,329.998
2025-11-22 17:33:57,mlx5_9,0.000,0.000,0.000,0.000
2025-11-22 17:33:57,TOTAL,0.000,0.000,892.451,1257.249
2025-11-22 17:33:58,mlx5_0,0.000,0.000,0.000,0.000
2025-11-22 17:33:58,mlx5_1,9.270,54.075,221.544,307.291
2025-11-22 17:33:58,mlx5_2,0.000,0.000,0.000,0.000
2025-11-22 17:33:58,mlx5_3,9.478,57.506,225.005,325.816
2025-11-22 17:33:58,mlx5_4,0.000,0.000,0.000,0.000
2025-11-22 17:33:58,mlx5_5,9.264,54.887,222.921,315.055
2025-11-22 17:33:58,mlx5_6,0.000,0.000,0.000,0.000
2025-11-22 17:33:58,mlx5_7,0.000,0.000,0.000,0.000
2025-11-22 17:33:58,mlx5_8,9.616,60.085,227.708,337.546
2025-11-22 17:33:58,mlx5_9,0.000,0.000,0.000,0.000
2025-11-22 17:33:58,TOTAL,37.627,226.552,897.178,1285.708
2025-11-22 17:33:59,mlx5_0,0.000,0.000,0.000,0.000
2025-11-22 17:33:59,mlx5_1,0.000,0.000,221.544,307.291
2025-11-22 17:33:59,mlx5_2,0.000,0.000,0.000,0.000
2025-11-22 17:33:59,mlx5_3,0.000,0.000,225.005,325.816
2025-11-22 17:33:59,mlx5_4,0.000,0.000,0.000,0.000
2025-11-22 17:33:59,mlx5_5,0.000,0.000,222.921,315.055
2025-11-22 17:33:59,mlx5_6,0.000,0.000,0.000,0.000
2025-11-22 17:33:59,mlx5_7,0.000,0.000,0.000,0.000
2025-11-22 17:33:59,mlx5_8,0.000,0.000,227.708,337.546
2025-11-22 17:33:59,mlx5_9,0.000,0.000,0.000,0.000
2025-11-22 17:33:59,TOTAL,0.000,0.000,897.178,1285.708
2025-11-22 17:34:00,mlx5_0,0.000,0.000,0.000,0.000
2025-11-22 17:34:00,mlx5_1,0.000,0.000,221.544,307.291
2025-11-22 17:34:00,mlx5_2,0.000,0.000,0.000,0.000
2025-11-22 17:34:00,mlx5_3,0.000,0.000,225.005,325.816
2025-11-22 17:34:00,mlx5_4,0.000,0.000,0.000,0.000
2025-11-22 17:34:00,mlx5_5,0.000,0.000,222.921,315.055
2025-11-22 17:34:00,mlx5_6,0.000,0.000,0.000,0.000
2025-11-22 17:34:00,mlx5_7,0.000,0.000,0.000,0.000
2025-11-22 17:34:00,mlx5_8,0.000,0.000,227.708,337.546
2025-11-22 17:34:00,mlx5_9,0.000,0.000,0.000,0.000
2025-11-22 17:34:00,TOTAL,0.000,0.000,897.178,1285.708
2025-11-22 17:34:01,mlx5_0,0.000,0.000,0.000,0.000
2025-11-22 17:34:01,mlx5_1,0.000,0.000,221.544,307.291
2025-11-22 17:34:01,mlx5_2,0.000,0.000,0.000,0.000
2025-11-22 17:34:01,mlx5_3,0.000,0.000,225.005,325.816
2025-11-22 17:34:01,mlx5_4,0.000,0.000,0.000,0.000
2025-11-22 17:34:01,mlx5_5,0.000,0.000,222.921,315.055
2025-11-22 17:34:01,mlx5_6,0.000,0.000,0.000,0.000
2025-11-22 17:34:01,mlx5_7,0.000,0.000,0.000,0.000
2025-11-22 17:34:01,mlx5_8,0.000,0.000,227.708,337.546
2025-11-22 17:34:01,mlx5_9,0.000,0.000,0.000,0.000
2025-11-22 17:34:01,TOTAL,0.000,0.000,897.178,1285.708
2025-11-22 17:34:02,mlx5_0,0.000,0.000,0.000,0.000
2025-11-22 17:34:02,mlx5_1,8.885,0.012,222.660,307.292
2025-11-22 17:34:02,mlx5_2,0.000,0.000,0.000,0.000
2025-11-22 17:34:02,mlx5_3,8.832,0.011,226.114,325.817
2025-11-22 17:34:02,mlx5_4,0.000,0.000,0.000,0.000
2025-11-22 17:34:02,mlx5_5,8.681,0.011,224.012,315.057
2025-11-22 17:34:02,mlx5_6,0.000,0.000,0.000,0.000
2025-11-22 17:34:02,mlx5_7,0.000,0.000,0.000,0.000
2025-11-22 17:34:02,mlx5_8,9.225,0.012,228.867,337.547
2025-11-22 17:34:02,mlx5_9,0.000,0.000,0.000,0.000
2025-11-22 17:34:02,TOTAL,35.624,0.046,901.653,1285.714
2025-11-22 17:34:03,mlx5_0,0.000,0.000,0.000,0.000
2025-11-22 17:34:03,mlx5_1,0.000,0.000,222.660,307.292
2025-11-22 17:34:03,mlx5_2,0.000,0.000,0.000,0.000
2025-11-22 17:34:03,mlx5_3,0.000,0.000,226.114,325.817
2025-11-22 17:34:03,mlx5_4,0.000,0.000,0.000,0.000
2025-11-22 17:34:03,mlx5_5,0.000,0.000,224.012,315.057
2025-11-22 17:34:03,mlx5_6,0.000,0.000,0.000,0.000
2025-11-22 17:34:03,mlx5_7,0.000,0.000,0.000,0.000
2025-11-22 17:34:03,mlx5_8,0.000,0.000,228.867,337.547
2025-11-22 17:34:03,mlx5_9,0.000,0.000,0.000,0.000
2025-11-22 17:34:03,TOTAL,0.000,0.000,901.653,1285.714
2025-11-22 17:34:04,mlx5_0,0.000,0.000,0.000,0.000
2025-11-22 17:34:04,mlx5_1,0.000,0.000,222.660,307.292
2025-11-22 17:34:04,mlx5_2,0.000,0.000,0.000,0.000
2025-11-22 17:34:04,mlx5_3,0.000,0.000,226.114,325.817
2025-11-22 17:34:04,mlx5_4,0.000,0.000,0.000,0.000
2025-11-22 17:34:04,mlx5_5,0.000,0.000,224.012,315.057
2025-11-22 17:34:04,mlx5_6,0.000,0.000,0.000,0.000
2025-11-22 17:34:04,mlx5_7,0.000,0.000,0.000,0.000
2025-11-22 17:34:04,mlx5_8,0.000,0.000,228.867,337.547
2025-11-22 17:34:04,mlx5_9,0.000,0.000,0.000,0.000
2025-11-22 17:34:04,TOTAL,0.000,0.000,901.653,1285.714
2025-11-22 17:34:05,mlx5_0,0.000,0.000,0.000,0.000
2025-11-22 17:34:05,mlx5_1,8.734,0.011,223.757,307.294
2025-11-22 17:34:05,mlx5_2,0.000,0.000,0.000,0.000
2025-11-22 17:34:05,mlx5_3,9.036,0.011,227.249,325.819
2025-11-22 17:34:05,mlx5_4,0.000,0.000,0.000,0.000
2025-11-22 17:34:05,mlx5_5,8.963,0.011,225.138,315.058
2025-11-22 17:34:05,mlx5_6,0.000,0.000,0.000,0.000
2025-11-22 17:34:05,mlx5_7,0.000,0.000,0.000,0.000
2025-11-22 17:34:05,mlx5_8,9.158,0.012,230.017,337.549
2025-11-22 17:34:05,mlx5_9,0.000,0.000,0.000,0.000
2025-11-22 17:34:05,TOTAL,35.891,0.045,906.161,1285.720
2025-11-22 17:34:06,mlx5_0,0.000,0.000,0.000,0.000
2025-11-22 17:34:06,mlx5_1,0.465,0.001,223.815,307.294
2025-11-22 17:34:06,mlx5_2,0.000,0.000,0.000,0.000
2025-11-22 17:34:06,mlx5_3,0.388,0.001,227.298,325.819
2025-11-22 17:34:06,mlx5_4,0.000,0.000,0.000,0.000
2025-11-22 17:34:06,mlx5_5,0.322,0.001,225.178,315.058
2025-11-22 17:34:06,mlx5_6,0.000,0.000,0.000,0.000
2025-11-22 17:34:06,mlx5_7,0.000,0.000,0.000,0.000
2025-11-22 17:34:06,mlx5_8,0.159,0.000,230.037,337.549
2025-11-22 17:34:06,mlx5_9,0.000,0.000,0.000,0.000
2025-11-22 17:34:06,TOTAL,1.334,0.003,906.329,1285.720
2025-11-22 17:34:07,mlx5_0,0.000,0.000,0.000,0.000
2025-11-22 17:34:07,mlx5_1,0.000,0.000,223.815,307.294
2025-11-22 17:34:07,mlx5_2,0.000,0.000,0.000,0.000
2025-11-22 17:34:07,mlx5_3,0.000,0.000,227.298,325.819
2025-11-22 17:34:07,mlx5_4,0.000,0.000,0.000,0.000
2025-11-22 17:34:07,mlx5_5,0.000,0.000,225.178,315.058
2025-11-22 17:34:07,mlx5_6,0.000,0.000,0.000,0.000
2025-11-22 17:34:07,mlx5_7,0.000,0.000,0.000,0.000
2025-11-22 17:34:07,mlx5_8,0.000,0.000,230.037,337.549
2025-11-22 17:34:07,mlx5_9,0.000,0.000,0.000,0.000
2025-11-22 17:34:07,TOTAL,0.000,0.000,906.329,1285.720
2025-11-22 17:34:08,mlx5_0,0.000,0.000,0.000,0.000
2025-11-22 17:34:08,mlx5_1,0.000,0.000,223.815,307.294
2025-11-22 17:34:08,mlx5_2,0.000,0.000,0.000,0.000
2025-11-22 17:34:08,mlx5_3,0.000,0.000,227.298,325.819
2025-11-22 17:34:08,mlx5_4,0.000,0.000,0.000,0.000
2025-11-22 17:34:08,mlx5_5,0.000,0.000,225.178,315.058
2025-11-22 17:34:08,mlx5_6,0.000,0.000,0.000,0.000
2025-11-22 17:34:08,mlx5_7,0.000,0.000,0.000,0.000
2025-11-22 17:34:08,mlx5_8,0.000,0.000,230.037,337.549
2025-11-22 17:34:08,mlx5_9,0.000,0.000,0.000,0.000
2025-11-22 17:34:08,TOTAL,0.000,0.000,906.329,1285.720
2025-11-22 17:34:09,mlx5_0,0.000,0.000,0.000,0.000
2025-11-22 17:34:09,mlx5_1,9.141,0.012,224.964,307.295
2025-11-22 17:34:09,mlx5_2,0.000,0.000,0.000,0.000
2025-11-22 17:34:09,mlx5_3,9.289,0.012,228.465,325.820
2025-11-22 17:34:09,mlx5_4,0.000,0.000,0.000,0.000
2025-11-22 17:34:09,mlx5_5,9.340,0.012,226.351,315.060
2025-11-22 17:34:09,mlx5_6,0.000,0.000,0.000,0.000
2025-11-22 17:34:09,mlx5_7,0.000,0.000,0.000,0.000
2025-11-22 17:34:09,mlx5_8,9.453,0.012,231.225,337.550
2025-11-22 17:34:09,mlx5_9,0.000,0.000,0.000,0.000
2025-11-22 17:34:09,TOTAL,37.223,0.048,911.005,1285.726
2025-11-22 17:34:10,mlx5_0,0.000,0.000,0.000,0.000
2025-11-22 17:34:10,mlx5_1,0.000,0.000,224.964,307.295
2025-11-22 17:34:10,mlx5_2,0.000,0.000,0.000,0.000
2025-11-22 17:34:10,mlx5_3,0.000,0.000,228.465,325.820
2025-11-22 17:34:10,mlx5_4,0.000,0.000,0.000,0.000
2025-11-22 17:34:10,mlx5_5,0.000,0.000,226.351,315.060
2025-11-22 17:34:10,mlx5_6,0.000,0.000,0.000,0.000
2025-11-22 17:34:10,mlx5_7,0.000,0.000,0.000,0.000
2025-11-22 17:34:10,mlx5_8,0.000,0.000,231.225,337.550
2025-11-22 17:34:10,mlx5_9,0.000,0.000,0.000,0.000
2025-11-22 17:34:10,TOTAL,0.000,0.000,911.005,1285.726
2025-11-22 17:34:11,mlx5_0,0.000,0.000,0.000,0.000
2025-11-22 17:34:11,mlx5_1,0.000,0.000,224.964,307.295
2025-11-22 17:34:11,mlx5_2,0.000,0.000,0.000,0.000
2025-11-22 17:34:11,mlx5_3,0.000,0.000,228.465,325.820
2025-11-22 17:34:11,mlx5_4,0.000,0.000,0.000,0.000
2025-11-22 17:34:11,mlx5_5,0.000,0.000,226.351,315.060
2025-11-22 17:34:11,mlx5_6,0.000,0.000,0.000,0.000
2025-11-22 17:34:11,mlx5_7,0.000,0.000,0.000,0.000
2025-11-22 17:34:11,mlx5_8,0.000,0.000,231.225,337.550
2025-11-22 17:34:11,mlx5_9,0.000,0.000,0.000,0.000
2025-11-22 17:34:11,TOTAL,0.000,0.000,911.005,1285.726
2025-11-22 17:34:12,mlx5_0,0.000,0.000,0.000,0.000
2025-11-22 17:34:12,mlx5_1,0.000,0.000,224.964,307.295
2025-11-22 17:34:12,mlx5_2,0.000,0.000,0.000,0.000
2025-11-22 17:34:12,mlx5_3,0.000,0.000,228.465,325.820
2025-11-22 17:34:12,mlx5_4,0.000,0.000,0.000,0.000
2025-11-22 17:34:12,mlx5_5,0.000,0.000,226.351,315.060
2025-11-22 17:34:12,mlx5_6,0.000,0.000,0.000,0.000
2025-11-22 17:34:12,mlx5_7,0.000,0.000,0.000,0.000
2025-11-22 17:34:12,mlx5_8,0.000,0.000,231.225,337.550
2025-11-22 17:34:12,mlx5_9,0.000,0.000,0.000,0.000
2025-11-22 17:34:12,TOTAL,0.000,0.000,911.005,1285.726
2025-11-22 17:34:13,mlx5_0,0.000,0.000,0.000,0.000
2025-11-22 17:34:13,mlx5_1,9.264,0.012,226.127,307.297
2025-11-22 17:34:13,mlx5_2,0.000,0.000,0.000,0.000
2025-11-22 17:34:13,mlx5_3,9.308,0.012,229.634,325.822
2025-11-22 17:34:13,mlx5_4,0.000,0.000,0.000,0.000
2025-11-22 17:34:13,mlx5_5,9.129,0.012,227.498,315.061
2025-11-22 17:34:13,mlx5_6,0.000,0.000,0.000,0.000
2025-11-22 17:34:13,mlx5_7,0.000,0.000,0.000,0.000
2025-11-22 17:34:13,mlx5_8,9.522,0.012,232.421,337.552
2025-11-22 17:34:13,mlx5_9,0.000,0.000,0.000,0.000
2025-11-22 17:34:13,TOTAL,37.224,0.048,915.680,1285.732
2025-11-22 17:34:14,mlx5_0,0.000,0.000,0.000,0.000
2025-11-22 17:34:14,mlx5_1,0.000,0.000,226.127,307.297
2025-11-22 17:34:14,mlx5_2,0.000,0.000,0.000,0.000
2025-11-22 17:34:14,mlx5_3,0.000,0.000,229.634,325.822
2025-11-22 17:34:14,mlx5_4,0.000,0.000,0.000,0.000
2025-11-22 17:34:14,mlx5_5,0.000,0.000,227.498,315.061
2025-11-22 17:34:14,mlx5_6,0.000,0.000,0.000,0.000
2025-11-22 17:34:14,mlx5_7,0.000,0.000,0.000,0.000
2025-11-22 17:34:14,mlx5_8,0.000,0.000,232.421,337.552
2025-11-22 17:34:14,mlx5_9,0.000,0.000,0.000,0.000
2025-11-22 17:34:14,TOTAL,0.000,0.000,915.680,1285.732
2025-11-22 17:34:15,mlx5_0,0.000,0.000,0.000,0.000
2025-11-22 17:34:15,mlx5_1,0.000,0.000,226.127,307.297
2025-11-22 17:34:15,mlx5_2,0.000,0.000,0.000,0.000
2025-11-22 17:34:15,mlx5_3,0.000,0.000,229.634,325.822
2025-11-22 17:34:15,mlx5_4,0.000,0.000,0.000,0.000
2025-11-22 17:34:15,mlx5_5,0.000,0.000,227.498,315.061
2025-11-22 17:34:15,mlx5_6,0.000,0.000,0.000,0.000
2025-11-22 17:34:15,mlx5_7,0.000,0.000,0.000,0.000
2025-11-22 17:34:15,mlx5_8,0.000,0.000,232.421,337.552
2025-11-22 17:34:15,mlx5_9,0.000,0.000,0.000,0.000
2025-11-22 17:34:15,TOTAL,0.000,0.000,915.680,1285.732
2025-11-22 17:34:16,mlx5_0,0.000,0.000,0.000,0.000
2025-11-22 17:34:16,mlx5_1,0.000,0.000,226.127,307.297
2025-11-22 17:34:16,mlx5_2,0.000,0.000,0.000,0.000
2025-11-22 17:34:16,mlx5_3,0.000,0.000,229.634,325.822
2025-11-22 17:34:16,mlx5_4,0.000,0.000,0.000,0.000
2025-11-22 17:34:16,mlx5_5,0.000,0.000,227.498,315.061
2025-11-22 17:34:16,mlx5_6,0.000,0.000,0.000,0.000
2025-11-22 17:34:16,mlx5_7,0.000,0.000,0.000,0.000
2025-11-22 17:34:16,mlx5_8,0.000,0.000,232.421,337.552
2025-11-22 17:34:16,mlx5_9,0.000,0.000,0.000,0.000
2025-11-22 17:34:16,TOTAL,0.000,0.000,915.680,1285.732
2025-11-22 17:34:17,mlx5_0,0.000,0.000,0.000,0.000
2025-11-22 17:34:17,mlx5_1,9.294,0.012,227.295,307.298
2025-11-22 17:34:17,mlx5_2,0.000,0.000,0.000,0.000
2025-11-22 17:34:17,mlx5_3,9.371,0.012,230.811,325.823
2025-11-22 17:34:17,mlx5_4,0.000,0.000,0.000,0.000
2025-11-22 17:34:17,mlx5_5,9.258,0.012,228.661,315.063
2025-11-22 17:34:17,mlx5_6,0.000,0.000,0.000,0.000
2025-11-22 17:34:17,mlx5_7,0.000,0.000,0.000,0.000
2025-11-22 17:34:17,mlx5_8,9.307,0.012,233.590,337.554
2025-11-22 17:34:17,mlx5_9,0.000,0.000,0.000,0.000
2025-11-22 17:34:17,TOTAL,37.230,0.048,920.356,1285.738
2025-11-22 17:34:18,mlx5_0,0.000,0.000,0.000,0.000
2025-11-22 17:34:18,mlx5_1,0.000,0.000,227.295,307.298
2025-11-22 17:34:18,mlx5_2,0.000,0.000,0.000,0.000
2025-11-22 17:34:18,mlx5_3,0.000,0.000,230.811,325.823
2025-11-22 17:34:18,mlx5_4,0.000,0.000,0.000,0.000
2025-11-22 17:34:18,mlx5_5,0.000,0.000,228.661,315.063
2025-11-22 17:34:18,mlx5_6,0.000,0.000,0.000,0.000
2025-11-22 17:34:18,mlx5_7,0.000,0.000,0.000,0.000
2025-11-22 17:34:18,mlx5_8,0.000,0.000,233.590,337.554
2025-11-22 17:34:18,mlx5_9,0.000,0.000,0.000,0.000
2025-11-22 17:34:18,TOTAL,0.000,0.000,920.356,1285.738
2025-11-22 17:34:19,mlx5_0,0.000,0.000,0.000,0.000
2025-11-22 17:34:19,mlx5_1,0.000,0.000,227.295,307.298
2025-11-22 17:34:19,mlx5_2,0.000,0.000,0.000,0.000
2025-11-22 17:34:19,mlx5_3,0.000,0.000,230.811,325.823
2025-11-22 17:34:19,mlx5_4,0.000,0.000,0.000,0.000
2025-11-22 17:34:19,mlx5_5,0.000,0.000,228.661,315.063
2025-11-22 17:34:19,mlx5_6,0.000,0.000,0.000,0.000
2025-11-22 17:34:19,mlx5_7,0.000,0.000,0.000,0.000
2025-11-22 17:34:19,mlx5_8,0.000,0.000,233.590,337.554
2025-11-22 17:34:19,mlx5_9,0.000,0.000,0.000,0.000
2025-11-22 17:34:19,TOTAL,0.000,0.000,920.356,1285.738
2025-11-22 17:34:20,mlx5_0,0.000,0.000,0.000,0.000
2025-11-22 17:34:20,mlx5_1,0.000,0.000,227.295,307.299
2025-11-22 17:34:20,mlx5_2,0.000,0.000,0.000,0.000
2025-11-22 17:34:20,mlx5_3,0.000,0.000,230.811,325.823
2025-11-22 17:34:20,mlx5_4,0.000,0.000,0.000,0.000
2025-11-22 17:34:20,mlx5_5,0.000,0.000,228.661,315.063
2025-11-22 17:34:20,mlx5_6,0.000,0.000,0.000,0.000
2025-11-22 17:34:20,mlx5_7,0.000,0.000,0.000,0.000
2025-11-22 17:34:20,mlx5_8,0.000,0.000,233.590,337.554
2025-11-22 17:34:20,mlx5_9,0.000,0.000,0.000,0.000
2025-11-22 17:34:20,TOTAL,0.000,0.000,920.356,1285.738
2025-11-22 17:34:21,mlx5_0,0.000,0.000,0.000,0.000
2025-11-22 17:34:21,mlx5_1,0.000,0.000,227.295,307.299
2025-11-22 17:34:21,mlx5_2,0.000,0.000,0.000,0.000
2025-11-22 17:34:21,mlx5_3,0.000,0.000,230.811,325.823
2025-11-22 17:34:21,mlx5_4,0.000,0.000,0.000,0.000
2025-11-22 17:34:21,mlx5_5,0.000,0.000,228.661,315.063
2025-11-22 17:34:21,mlx5_6,0.000,0.000,0.000,0.000
2025-11-22 17:34:21,mlx5_7,0.000,0.000,0.000,0.000
2025-11-22 17:34:21,mlx5_8,0.000,0.000,233.590,337.554
2025-11-22 17:34:21,mlx5_9,0.000,0.000,0.000,0.000
2025-11-22 17:34:21,TOTAL,0.000,0.000,920.357,1285.738
2025-11-22 17:34:22,mlx5_0,0.000,0.000,0.000,0.000
2025-11-22 17:34:22,mlx5_1,9.226,54.562,228.454,314.152
2025-11-22 17:34:22,mlx5_2,0.000,0.000,0.000,0.000
2025-11-22 17:34:22,mlx5_3,9.467,57.494,232.000,333.045
2025-11-22 17:34:22,mlx5_4,0.000,0.000,0.000,0.000
2025-11-22 17:34:22,mlx5_5,9.306,55.624,229.830,322.050
2025-11-22 17:34:22,mlx5_6,0.000,0.000,0.000,0.000
2025-11-22 17:34:22,mlx5_7,0.000,0.000,0.000,0.000
2025-11-22 17:34:22,mlx5_8,9.627,58.880,234.799,344.950
2025-11-22 17:34:22,mlx5_9,0.000,0.000,0.000,0.000
2025-11-22 17:34:22,TOTAL,37.626,226.561,925.083,1314.196
2025-11-22 17:34:23,mlx5_0,0.000,0.000,0.000,0.000
2025-11-22 17:34:23,mlx5_1,0.000,0.000,228.454,314.152
2025-11-22 17:34:23,mlx5_2,0.000,0.000,0.000,0.000
2025-11-22 17:34:23,mlx5_3,0.000,0.000,232.000,333.045
2025-11-22 17:34:23,mlx5_4,0.000,0.000,0.000,0.000
2025-11-22 17:34:23,mlx5_5,0.000,0.000,229.830,322.050
2025-11-22 17:34:23,mlx5_6,0.000,0.000,0.000,0.000
2025-11-22 17:34:23,mlx5_7,0.000,0.000,0.000,0.000
2025-11-22 17:34:23,mlx5_8,0.000,0.000,234.799,344.950
2025-11-22 17:34:23,mlx5_9,0.000,0.000,0.000,0.000
2025-11-22 17:34:23,TOTAL,0.000,0.000,925.083,1314.196
2025-11-22 17:34:24,mlx5_0,0.000,0.000,0.000,0.000
2025-11-22 17:34:24,mlx5_1,0.000,0.000,228.454,314.152
2025-11-22 17:34:24,mlx5_2,0.000,0.000,0.000,0.000
2025-11-22 17:34:24,mlx5_3,0.000,0.000,232.000,333.045
2025-11-22 17:34:24,mlx5_4,0.000,0.000,0.000,0.000
2025-11-22 17:34:24,mlx5_5,0.000,0.000,229.830,322.050
2025-11-22 17:34:24,mlx5_6,0.000,0.000,0.000,0.000
2025-11-22 17:34:24,mlx5_7,0.000,0.000,0.000,0.000
2025-11-22 17:34:24,mlx5_8,0.000,0.000,234.799,344.950
2025-11-22 17:34:24,mlx5_9,0.000,0.000,0.000,0.000
2025-11-22 17:34:24,TOTAL,0.000,0.000,925.083,1314.196
2025-11-22 17:34:25,mlx5_0,0.000,0.000,0.000,0.000
2025-11-22 17:34:25,mlx5_1,0.000,0.000,228.454,314.152
2025-11-22 17:34:25,mlx5_2,0.000,0.000,0.000,0.000
2025-11-22 17:34:25,mlx5_3,0.000,0.000,232.000,333.045
2025-11-22 17:34:25,mlx5_4,0.000,0.000,0.000,0.000
2025-11-22 17:34:25,mlx5_5,0.000,0.000,229.830,322.050
2025-11-22 17:34:25,mlx5_6,0.000,0.000,0.000,0.000
2025-11-22 17:34:25,mlx5_7,0.000,0.000,0.000,0.000
2025-11-22 17:34:25,mlx5_8,0.000,0.000,234.799,344.950
2025-11-22 17:34:25,mlx5_9,0.000,0.000,0.000,0.000
2025-11-22 17:34:25,TOTAL,0.000,0.000,925.083,1314.196
2025-11-22 17:34:26,mlx5_0,0.000,0.000,0.000,0.000
2025-11-22 17:34:26,mlx5_1,4.003,0.005,228.956,314.153
2025-11-22 17:34:26,mlx5_2,0.000,0.000,0.000,0.000
2025-11-22 17:34:26,mlx5_3,4.212,0.006,232.529,333.046
2025-11-22 17:34:26,mlx5_4,0.000,0.000,0.000,0.000
2025-11-22 17:34:26,mlx5_5,4.375,0.006,230.379,322.050
2025-11-22 17:34:26,mlx5_6,0.000,0.000,0.000,0.000
2025-11-22 17:34:26,mlx5_7,0.000,0.000,0.000,0.000
2025-11-22 17:34:26,mlx5_8,4.568,0.006,235.373,344.950
2025-11-22 17:34:26,mlx5_9,0.000,0.000,0.000,0.000
2025-11-22 17:34:26,TOTAL,17.157,0.023,927.238,1314.199
2025-11-22 17:34:27,mlx5_0,0.000,0.000,0.000,0.000
2025-11-22 17:34:27,mlx5_1,5.360,0.007,229.630,314.154
2025-11-22 17:34:27,mlx5_2,0.000,0.000,0.000,0.000
2025-11-22 17:34:27,mlx5_3,5.300,0.007,233.196,333.047
2025-11-22 17:34:27,mlx5_4,0.000,0.000,0.000,0.000
2025-11-22 17:34:27,mlx5_5,5.190,0.007,231.032,322.051
2025-11-22 17:34:27,mlx5_6,0.000,0.000,0.000,0.000
2025-11-22 17:34:27,mlx5_7,0.000,0.000,0.000,0.000
2025-11-22 17:34:27,mlx5_8,4.927,0.006,235.992,344.951
2025-11-22 17:34:27,mlx5_9,0.000,0.000,0.000,0.000
2025-11-22 17:34:27,TOTAL,20.777,0.027,929.850,1314.203
2025-11-22 17:34:28,mlx5_0,0.000,0.000,0.000,0.000
2025-11-22 17:34:28,mlx5_1,0.000,0.000,229.630,314.154
2025-11-22 17:34:28,mlx5_2,0.000,0.000,0.000,0.000
2025-11-22 17:34:28,mlx5_3,0.000,0.000,233.196,333.047
2025-11-22 17:34:28,mlx5_4,0.000,0.000,0.000,0.000
2025-11-22 17:34:28,mlx5_5,0.000,0.000,231.032,322.051
2025-11-22 17:34:28,mlx5_6,0.000,0.000,0.000,0.000
2025-11-22 17:34:28,mlx5_7,0.000,0.000,0.000,0.000
2025-11-22 17:34:28,mlx5_8,0.000,0.000,235.992,344.951
2025-11-22 17:34:28,mlx5_9,0.000,0.000,0.000,0.000
2025-11-22 17:34:28,TOTAL,0.000,0.000,929.850,1314.203
2025-11-22 17:34:29,mlx5_0,0.000,0.000,0.000,0.000
2025-11-22 17:34:29,mlx5_1,0.000,0.000,229.630,314.154
2025-11-22 17:34:29,mlx5_2,0.000,0.000,0.000,0.000
2025-11-22 17:34:29,mlx5_3,0.000,0.000,233.196,333.047
2025-11-22 17:34:29,mlx5_4,0.000,0.000,0.000,0.000
2025-11-22 17:34:29,mlx5_5,0.000,0.000,231.032,322.051
2025-11-22 17:34:29,mlx5_6,0.000,0.000,0.000,0.000
2025-11-22 17:34:29,mlx5_7,0.000,0.000,0.000,0.000
2025-11-22 17:34:29,mlx5_8,0.000,0.000,235.992,344.951
2025-11-22 17:34:29,mlx5_9,0.000,0.000,0.000,0.000
2025-11-22 17:34:29,TOTAL,0.000,0.000,929.850,1314.203
2025-11-22 17:34:30,mlx5_0,0.000,0.000,0.000,0.000
2025-11-22 17:34:30,mlx5_1,9.186,0.012,230.784,314.155
2025-11-22 17:34:30,mlx5_2,0.000,0.000,0.000,0.000
2025-11-22 17:34:30,mlx5_3,9.241,0.012,234.356,333.048
2025-11-22 17:34:30,mlx5_4,0.000,0.000,0.000,0.000
2025-11-22 17:34:30,mlx5_5,9.205,0.012,232.188,322.053
2025-11-22 17:34:30,mlx5_6,0.000,0.000,0.000,0.000
2025-11-22 17:34:30,mlx5_7,0.000,0.000,0.000,0.000
2025-11-22 17:34:30,mlx5_8,9.596,0.012,237.198,344.953
2025-11-22 17:34:30,mlx5_9,0.000,0.000,0.000,0.000
2025-11-22 17:34:30,TOTAL,37.228,0.048,934.526,1314.209
2025-11-22 17:34:31,mlx5_0,0.000,0.000,0.000,0.000
2025-11-22 17:34:31,mlx5_1,0.000,0.000,230.784,314.155
2025-11-22 17:34:31,mlx5_2,0.000,0.000,0.000,0.000
2025-11-22 17:34:31,mlx5_3,0.000,0.000,234.356,333.048
2025-11-22 17:34:31,mlx5_4,0.000,0.000,0.000,0.000
2025-11-22 17:34:31,mlx5_5,0.000,0.000,232.188,322.053
2025-11-22 17:34:31,mlx5_6,0.000,0.000,0.000,0.000
2025-11-22 17:34:31,mlx5_7,0.000,0.000,0.000,0.000
2025-11-22 17:34:31,mlx5_8,0.000,0.000,237.198,344.953
2025-11-22 17:34:31,mlx5_9,0.000,0.000,0.000,0.000
2025-11-22 17:34:31,TOTAL,0.000,0.000,934.526,1314.209
2025-11-22 17:34:32,mlx5_0,0.000,0.000,0.000,0.000
2025-11-22 17:34:32,mlx5_1,0.000,0.000,230.784,314.155
2025-11-22 17:34:32,mlx5_2,0.000,0.000,0.000,0.000
2025-11-22 17:34:32,mlx5_3,0.000,0.000,234.356,333.048
2025-11-22 17:34:32,mlx5_4,0.000,0.000,0.000,0.000
2025-11-22 17:34:32,mlx5_5,0.000,0.000,232.188,322.053
2025-11-22 17:34:32,mlx5_6,0.000,0.000,0.000,0.000
2025-11-22 17:34:32,mlx5_7,0.000,0.000,0.000,0.000
2025-11-22 17:34:32,mlx5_8,0.000,0.000,237.198,344.953
2025-11-22 17:34:32,mlx5_9,0.000,0.000,0.000,0.000
2025-11-22 17:34:32,TOTAL,0.000,0.000,934.526,1314.209
2025-11-22 17:34:33,mlx5_0,0.000,0.000,0.000,0.000
2025-11-22 17:34:33,mlx5_1,9.264,0.012,231.948,314.157
2025-11-22 17:34:33,mlx5_2,0.000,0.000,0.000,0.000
2025-11-22 17:34:33,mlx5_3,9.514,0.012,235.552,333.050
2025-11-22 17:34:33,mlx5_4,0.000,0.000,0.000,0.000
2025-11-22 17:34:33,mlx5_5,9.043,0.012,233.324,322.054
2025-11-22 17:34:33,mlx5_6,0.000,0.000,0.000,0.000
2025-11-22 17:34:33,mlx5_7,0.000,0.000,0.000,0.000
2025-11-22 17:34:33,mlx5_8,9.406,0.012,238.379,344.954
2025-11-22 17:34:33,mlx5_9,0.000,0.000,0.000,0.000
2025-11-22 17:34:33,TOTAL,37.228,0.048,939.202,1314.215
2025-11-22 17:34:34,mlx5_0,0.000,0.000,0.000,0.000
2025-11-22 17:34:34,mlx5_1,0.000,0.000,231.948,314.157
2025-11-22 17:34:34,mlx5_2,0.000,0.000,0.000,0.000
2025-11-22 17:34:34,mlx5_3,0.000,0.000,235.552,333.050
2025-11-22 17:34:34,mlx5_4,0.000,0.000,0.000,0.000
2025-11-22 17:34:34,mlx5_5,0.000,0.000,233.324,322.054
2025-11-22 17:34:34,mlx5_6,0.000,0.000,0.000,0.000
2025-11-22 17:34:34,mlx5_7,0.000,0.000,0.000,0.000
2025-11-22 17:34:34,mlx5_8,0.000,0.000,238.379,344.954
2025-11-22 17:34:34,mlx5_9,0.000,0.000,0.000,0.000
2025-11-22 17:34:34,TOTAL,0.000,0.000,939.202,1314.215
2025-11-22 17:34:35,mlx5_0,0.000,0.000,0.000,0.000
2025-11-22 17:34:35,mlx5_1,0.000,0.000,231.948,314.157
2025-11-22 17:34:35,mlx5_2,0.000,0.000,0.000,0.000
2025-11-22 17:34:35,mlx5_3,0.000,0.000,235.552,333.050
2025-11-22 17:34:35,mlx5_4,0.000,0.000,0.000,0.000
2025-11-22 17:34:35,mlx5_5,0.000,0.000,233.324,322.054
2025-11-22 17:34:35,mlx5_6,0.000,0.000,0.000,0.000
2025-11-22 17:34:35,mlx5_7,0.000,0.000,0.000,0.000
2025-11-22 17:34:35,mlx5_8,0.000,0.000,238.379,344.954
2025-11-22 17:34:35,mlx5_9,0.000,0.000,0.000,0.000
2025-11-22 17:34:35,TOTAL,0.000,0.000,939.202,1314.215
2025-11-22 17:34:36,mlx5_0,0.000,0.000,0.000,0.000
2025-11-22 17:34:36,mlx5_1,0.000,0.000,231.948,314.157
2025-11-22 17:34:36,mlx5_2,0.000,0.000,0.000,0.000
2025-11-22 17:34:36,mlx5_3,0.000,0.000,235.552,333.050
2025-11-22 17:34:36,mlx5_4,0.000,0.000,0.000,0.000
2025-11-22 17:34:36,mlx5_5,0.000,0.000,233.324,322.054
2025-11-22 17:34:36,mlx5_6,0.000,0.000,0.000,0.000
2025-11-22 17:34:36,mlx5_7,0.000,0.000,0.000,0.000
2025-11-22 17:34:36,mlx5_8,0.000,0.000,238.379,344.954
2025-11-22 17:34:36,mlx5_9,0.000,0.000,0.000,0.000
2025-11-22 17:34:36,TOTAL,0.000,0.000,939.202,1314.215
2025-11-22 17:34:37,mlx5_0,0.000,0.000,0.000,0.000
2025-11-22 17:34:37,mlx5_1,9.240,0.012,233.108,314.158
2025-11-22 17:34:37,mlx5_2,0.000,0.000,0.000,0.000
2025-11-22 17:34:37,mlx5_3,9.184,0.012,236.705,333.051
2025-11-22 17:34:37,mlx5_4,0.000,0.000,0.000,0.000
2025-11-22 17:34:37,mlx5_5,9.239,0.012,234.484,322.056
2025-11-22 17:34:37,mlx5_6,0.000,0.000,0.000,0.000
2025-11-22 17:34:37,mlx5_7,0.000,0.000,0.000,0.000
2025-11-22 17:34:37,mlx5_8,9.568,0.012,239.581,344.956
2025-11-22 17:34:37,mlx5_9,0.000,0.000,0.000,0.000
2025-11-22 17:34:37,TOTAL,37.231,0.048,943.878,1314.221
2025-11-22 17:34:38,mlx5_0,0.000,0.000,0.000,0.000
2025-11-22 17:34:38,mlx5_1,0.000,0.000,233.108,314.158
2025-11-22 17:34:38,mlx5_2,0.000,0.000,0.000,0.000
2025-11-22 17:34:38,mlx5_3,0.000,0.000,236.705,333.051
2025-11-22 17:34:38,mlx5_4,0.000,0.000,0.000,0.000
2025-11-22 17:34:38,mlx5_5,0.000,0.000,234.484,322.056
2025-11-22 17:34:38,mlx5_6,0.000,0.000,0.000,0.000
2025-11-22 17:34:38,mlx5_7,0.000,0.000,0.000,0.000
2025-11-22 17:34:38,mlx5_8,0.000,0.000,239.581,344.956
2025-11-22 17:34:38,mlx5_9,0.000,0.000,0.000,0.000
2025-11-22 17:34:38,TOTAL,0.000,0.000,943.878,1314.221
2025-11-22 17:34:39,mlx5_0,0.000,0.000,0.000,0.000
2025-11-22 17:34:39,mlx5_1,0.000,0.000,233.108,314.158
2025-11-22 17:34:39,mlx5_2,0.000,0.000,0.000,0.000
2025-11-22 17:34:39,mlx5_3,0.000,0.000,236.705,333.051
2025-11-22 17:34:39,mlx5_4,0.000,0.000,0.000,0.000
2025-11-22 17:34:39,mlx5_5,0.000,0.000,234.484,322.056
2025-11-22 17:34:39,mlx5_6,0.000,0.000,0.000,0.000
2025-11-22 17:34:39,mlx5_7,0.000,0.000,0.000,0.000
2025-11-22 17:34:39,mlx5_8,0.000,0.000,239.581,344.956
2025-11-22 17:34:39,mlx5_9,0.000,0.000,0.000,0.000
2025-11-22 17:34:39,TOTAL,0.000,0.000,943.878,1314.221
2025-11-22 17:34:40,mlx5_0,0.000,0.000,0.000,0.000
2025-11-22 17:34:40,mlx5_1,0.000,0.000,233.108,314.158
2025-11-22 17:34:40,mlx5_2,0.000,0.000,0.000,0.000
2025-11-22 17:34:40,mlx5_3,0.000,0.000,236.705,333.051
2025-11-22 17:34:40,mlx5_4,0.000,0.000,0.000,0.000
2025-11-22 17:34:40,mlx5_5,0.000,0.000,234.484,322.056
2025-11-22 17:34:40,mlx5_6,0.000,0.000,0.000,0.000
2025-11-22 17:34:40,mlx5_7,0.000,0.000,0.000,0.000
2025-11-22 17:34:40,mlx5_8,0.000,0.000,239.581,344.956
2025-11-22 17:34:40,mlx5_9,0.000,0.000,0.000,0.000
2025-11-22 17:34:40,TOTAL,0.000,0.000,943.878,1314.221
2025-11-22 17:34:41,mlx5_0,0.000,0.000,0.000,0.000
2025-11-22 17:34:41,mlx5_1,9.166,0.012,234.260,314.160
2025-11-22 17:34:41,mlx5_2,0.000,0.000,0.000,0.000
2025-11-22 17:34:41,mlx5_3,9.283,0.012,237.871,333.053
2025-11-22 17:34:41,mlx5_4,0.000,0.000,0.000,0.000
2025-11-22 17:34:41,mlx5_5,9.334,0.012,235.657,322.057
2025-11-22 17:34:41,mlx5_6,0.000,0.000,0.000,0.000
2025-11-22 17:34:41,mlx5_7,0.000,0.000,0.000,0.000
2025-11-22 17:34:41,mlx5_8,9.443,0.012,240.767,344.957
2025-11-22 17:34:41,mlx5_9,0.000,0.000,0.000,0.000
2025-11-22 17:34:41,TOTAL,37.226,0.048,948.554,1314.227
2025-11-22 17:34:42,mlx5_0,0.000,0.000,0.000,0.000
2025-11-22 17:34:42,mlx5_1,0.000,0.000,234.260,314.160
2025-11-22 17:34:42,mlx5_2,0.000,0.000,0.000,0.000
2025-11-22 17:34:42,mlx5_3,0.000,0.000,237.871,333.053
2025-11-22 17:34:42,mlx5_4,0.000,0.000,0.000,0.000
2025-11-22 17:34:42,mlx5_5,0.000,0.000,235.657,322.057
2025-11-22 17:34:42,mlx5_6,0.000,0.000,0.000,0.000
2025-11-22 17:34:42,mlx5_7,0.000,0.000,0.000,0.000
2025-11-22 17:34:42,mlx5_8,0.000,0.000,240.767,344.957
2025-11-22 17:34:42,mlx5_9,0.000,0.000,0.000,0.000
2025-11-22 17:34:42,TOTAL,0.000,0.000,948.554,1314.227
2025-11-22 17:34:43,mlx5_0,0.000,0.000,0.000,0.000
2025-11-22 17:34:43,mlx5_1,0.000,0.000,234.260,314.160
2025-11-22 17:34:43,mlx5_2,0.000,0.000,0.000,0.000
2025-11-22 17:34:43,mlx5_3,0.000,0.000,237.871,333.053
2025-11-22 17:34:43,mlx5_4,0.000,0.000,0.000,0.000
2025-11-22 17:34:43,mlx5_5,0.000,0.000,235.657,322.057
2025-11-22 17:34:43,mlx5_6,0.000,0.000,0.000,0.000
2025-11-22 17:34:43,mlx5_7,0.000,0.000,0.000,0.000
2025-11-22 17:34:43,mlx5_8,0.000,0.000,240.767,344.957
2025-11-22 17:34:43,mlx5_9,0.000,0.000,0.000,0.000
2025-11-22 17:34:43,TOTAL,0.000,0.000,948.554,1314.227
2025-11-22 17:34:44,mlx5_0,0.000,0.000,0.000,0.000
2025-11-22 17:34:44,mlx5_1,0.000,0.000,234.260,314.160
2025-11-22 17:34:44,mlx5_2,0.000,0.000,0.000,0.000
2025-11-22 17:34:44,mlx5_3,0.000,0.000,237.871,333.053
2025-11-22 17:34:44,mlx5_4,0.000,0.000,0.000,0.000
2025-11-22 17:34:44,mlx5_5,0.000,0.000,235.657,322.057
2025-11-22 17:34:44,mlx5_6,0.000,0.000,0.000,0.000
2025-11-22 17:34:44,mlx5_7,0.000,0.000,0.000,0.000
2025-11-22 17:34:44,mlx5_8,0.000,0.000,240.767,344.957
2025-11-22 17:34:44,mlx5_9,0.000,0.000,0.000,0.000
2025-11-22 17:34:44,TOTAL,0.000,0.000,948.554,1314.227
2025-11-22 17:34:45,mlx5_0,0.000,0.000,0.000,0.000
2025-11-22 17:34:45,mlx5_1,0.000,0.000,234.260,314.160
2025-11-22 17:34:45,mlx5_2,0.000,0.000,0.000,0.000
2025-11-22 17:34:45,mlx5_3,0.000,0.000,237.871,333.053
2025-11-22 17:34:45,mlx5_4,0.000,0.000,0.000,0.000
2025-11-22 17:34:45,mlx5_5,0.000,0.000,235.657,322.057
2025-11-22 17:34:45,mlx5_6,0.000,0.000,0.000,0.000
2025-11-22 17:34:45,mlx5_7,0.000,0.000,0.000,0.000
2025-11-22 17:34:45,mlx5_8,0.000,0.000,240.767,344.957
2025-11-22 17:34:45,mlx5_9,0.000,0.000,0.000,0.000
2025-11-22 17:34:45,TOTAL,0.000,0.000,948.554,1314.227
2025-11-22 17:34:46,mlx5_0,0.000,0.000,0.000,0.000
2025-11-22 17:34:46,mlx5_1,9.374,54.136,235.437,320.959
2025-11-22 17:34:46,mlx5_2,0.000,0.000,0.000,0.000
2025-11-22 17:34:46,mlx5_3,9.326,57.545,239.042,340.280
2025-11-22 17:34:46,mlx5_4,0.000,0.000,0.000,0.000
2025-11-22 17:34:46,mlx5_5,9.370,55.869,236.833,329.074
2025-11-22 17:34:46,mlx5_6,0.000,0.000,0.000,0.000
2025-11-22 17:34:46,mlx5_7,0.000,0.000,0.000,0.000
2025-11-22 17:34:46,mlx5_8,9.571,59.043,241.969,352.373
2025-11-22 17:34:46,mlx5_9,0.000,0.000,0.000,0.000
2025-11-22 17:34:46,TOTAL,37.640,226.593,953.282,1342.687
2025-11-22 17:34:47,mlx5_0,0.000,0.000,0.000,0.000
2025-11-22 17:34:47,mlx5_1,0.000,0.000,235.437,320.959
2025-11-22 17:34:47,mlx5_2,0.000,0.000,0.000,0.000
2025-11-22 17:34:47,mlx5_3,0.000,0.000,239.042,340.280
2025-11-22 17:34:47,mlx5_4,0.000,0.000,0.000,0.000
2025-11-22 17:34:47,mlx5_5,0.000,0.000,236.833,329.074
2025-11-22 17:34:47,mlx5_6,0.000,0.000,0.000,0.000
2025-11-22 17:34:47,mlx5_7,0.000,0.000,0.000,0.000
2025-11-22 17:34:47,mlx5_8,0.000,0.000,241.969,352.373
2025-11-22 17:34:47,mlx5_9,0.000,0.000,0.000,0.000
2025-11-22 17:34:47,TOTAL,0.000,0.000,953.282,1342.687
2025-11-22 17:34:48,mlx5_0,0.000,0.000,0.000,0.000
2025-11-22 17:34:48,mlx5_1,0.000,0.000,235.437,320.959
2025-11-22 17:34:48,mlx5_2,0.000,0.000,0.000,0.000
2025-11-22 17:34:48,mlx5_3,0.000,0.000,239.042,340.280
2025-11-22 17:34:48,mlx5_4,0.000,0.000,0.000,0.000
2025-11-22 17:34:48,mlx5_5,0.000,0.000,236.833,329.074
2025-11-22 17:34:48,mlx5_6,0.000,0.000,0.000,0.000
2025-11-22 17:34:48,mlx5_7,0.000,0.000,0.000,0.000
2025-11-22 17:34:48,mlx5_8,0.000,0.000,241.969,352.373
2025-11-22 17:34:48,mlx5_9,0.000,0.000,0.000,0.000
2025-11-22 17:34:48,TOTAL,0.000,0.000,953.282,1342.687
2025-11-22 17:34:49,mlx5_0,0.000,0.000,0.000,0.000
2025-11-22 17:34:49,mlx5_1,0.000,0.000,235.437,320.959
2025-11-22 17:34:49,mlx5_2,0.000,0.000,0.000,0.000
2025-11-22 17:34:49,mlx5_3,0.000,0.000,239.042,340.280
2025-11-22 17:34:49,mlx5_4,0.000,0.000,0.000,0.000
2025-11-22 17:34:49,mlx5_5,0.000,0.000,236.833,329.074
2025-11-22 17:34:49,mlx5_6,0.000,0.000,0.000,0.000
2025-11-22 17:34:49,mlx5_7,0.000,0.000,0.000,0.000
2025-11-22 17:34:49,mlx5_8,0.000,0.000,241.969,352.373
2025-11-22 17:34:49,mlx5_9,0.000,0.000,0.000,0.000
2025-11-22 17:34:49,TOTAL,0.000,0.000,953.282,1342.687
2025-11-22 17:34:50,mlx5_0,0.000,0.000,0.000,0.000
2025-11-22 17:34:50,mlx5_1,3.305,0.004,235.852,320.960
2025-11-22 17:34:50,mlx5_2,0.000,0.000,0.000,0.000
2025-11-22 17:34:50,mlx5_3,3.413,0.004,239.471,340.281
2025-11-22 17:34:50,mlx5_4,0.000,0.000,0.000,0.000
2025-11-22 17:34:50,mlx5_5,3.471,0.005,237.269,329.075
2025-11-22 17:34:50,mlx5_6,0.000,0.000,0.000,0.000
2025-11-22 17:34:50,mlx5_7,0.000,0.000,0.000,0.000
2025-11-22 17:34:50,mlx5_8,3.938,0.005,242.463,352.374
2025-11-22 17:34:50,mlx5_9,0.000,0.000,0.000,0.000
2025-11-22 17:34:50,TOTAL,14.127,0.018,955.055,1342.689
2025-11-22 17:34:51,mlx5_0,0.000,0.000,0.000,0.000
2025-11-22 17:34:51,mlx5_1,6.007,0.008,236.607,320.961
2025-11-22 17:34:51,mlx5_2,0.000,0.000,0.000,0.000
2025-11-22 17:34:51,mlx5_3,6.210,0.008,240.251,340.282
2025-11-22 17:34:51,mlx5_4,0.000,0.000,0.000,0.000
2025-11-22 17:34:51,mlx5_5,5.898,0.008,238.011,329.076
2025-11-22 17:34:51,mlx5_6,0.000,0.000,0.000,0.000
2025-11-22 17:34:51,mlx5_7,0.000,0.000,0.000,0.000
2025-11-22 17:34:51,mlx5_8,5.702,0.008,243.180,352.375
2025-11-22 17:34:51,mlx5_9,0.000,0.000,0.000,0.000
2025-11-22 17:34:51,TOTAL,23.817,0.032,958.049,1342.693
2025-11-22 17:34:52,mlx5_0,0.000,0.000,0.000,0.000
2025-11-22 17:34:52,mlx5_1,0.000,0.000,236.607,320.961
2025-11-22 17:34:52,mlx5_2,0.000,0.000,0.000,0.000
2025-11-22 17:34:52,mlx5_3,0.000,0.000,240.251,340.282
2025-11-22 17:34:52,mlx5_4,0.000,0.000,0.000,0.000
2025-11-22 17:34:52,mlx5_5,0.000,0.000,238.011,329.076
2025-11-22 17:34:52,mlx5_6,0.000,0.000,0.000,0.000
2025-11-22 17:34:52,mlx5_7,0.000,0.000,0.000,0.000
2025-11-22 17:34:52,mlx5_8,0.000,0.000,243.180,352.375
2025-11-22 17:34:52,mlx5_9,0.000,0.000,0.000,0.000
2025-11-22 17:34:52,TOTAL,0.000,0.000,958.049,1342.693
2025-11-22 17:34:53,mlx5_0,0.000,0.000,0.000,0.000
2025-11-22 17:34:53,mlx5_1,0.000,0.000,236.607,320.961
2025-11-22 17:34:53,mlx5_2,0.000,0.000,0.000,0.000
2025-11-22 17:34:53,mlx5_3,0.000,0.000,240.251,340.282
2025-11-22 17:34:53,mlx5_4,0.000,0.000,0.000,0.000
2025-11-22 17:34:53,mlx5_5,0.000,0.000,238.011,329.076
2025-11-22 17:34:53,mlx5_6,0.000,0.000,0.000,0.000
2025-11-22 17:34:53,mlx5_7,0.000,0.000,0.000,0.000
2025-11-22 17:34:53,mlx5_8,0.000,0.000,243.180,352.375
2025-11-22 17:34:53,mlx5_9,0.000,0.000,0.000,0.000
2025-11-22 17:34:53,TOTAL,0.000,0.000,958.049,1342.693
2025-11-22 17:34:54,mlx5_0,0.000,0.000,0.000,0.000
2025-11-22 17:34:54,mlx5_1,9.142,0.012,237.755,320.962
2025-11-22 17:34:54,mlx5_2,0.000,0.000,0.000,0.000
2025-11-22 17:34:54,mlx5_3,9.406,0.012,241.433,340.283
2025-11-22 17:34:54,mlx5_4,0.000,0.000,0.000,0.000
2025-11-22 17:34:54,mlx5_5,9.159,0.012,239.161,329.077
2025-11-22 17:34:54,mlx5_6,0.000,0.000,0.000,0.000
2025-11-22 17:34:54,mlx5_7,0.000,0.000,0.000,0.000
2025-11-22 17:34:54,mlx5_8,9.518,0.012,244.376,352.376
2025-11-22 17:34:54,mlx5_9,0.000,0.000,0.000,0.000
2025-11-22 17:34:54,TOTAL,37.226,0.048,962.725,1342.699
2025-11-22 17:34:55,mlx5_0,0.000,0.000,0.000,0.000
2025-11-22 17:34:55,mlx5_1,0.000,0.000,237.755,320.962
2025-11-22 17:34:55,mlx5_2,0.000,0.000,0.000,0.000
2025-11-22 17:34:55,mlx5_3,0.000,0.000,241.433,340.283
2025-11-22 17:34:55,mlx5_4,0.000,0.000,0.000,0.000
2025-11-22 17:34:55,mlx5_5,0.000,0.000,239.161,329.077
2025-11-22 17:34:55,mlx5_6,0.000,0.000,0.000,0.000
2025-11-22 17:34:55,mlx5_7,0.000,0.000,0.000,0.000
2025-11-22 17:34:55,mlx5_8,0.000,0.000,244.376,352.376
2025-11-22 17:34:55,mlx5_9,0.000,0.000,0.000,0.000
2025-11-22 17:34:55,TOTAL,0.000,0.000,962.725,1342.699
2025-11-22 17:34:56,mlx5_0,0.000,0.000,0.000,0.000
2025-11-22 17:34:56,mlx5_1,0.000,0.000,237.755,320.962
2025-11-22 17:34:56,mlx5_2,0.000,0.000,0.000,0.000
2025-11-22 17:34:56,mlx5_3,0.000,0.000,241.433,340.283
2025-11-22 17:34:56,mlx5_4,0.000,0.000,0.000,0.000
2025-11-22 17:34:56,mlx5_5,0.000,0.000,239.161,329.077
2025-11-22 17:34:56,mlx5_6,0.000,0.000,0.000,0.000
2025-11-22 17:34:56,mlx5_7,0.000,0.000,0.000,0.000
2025-11-22 17:34:56,mlx5_8,0.000,0.000,244.376,352.376
2025-11-22 17:34:56,mlx5_9,0.000,0.000,0.000,0.000
2025-11-22 17:34:56,TOTAL,0.000,0.000,962.725,1342.699
2025-11-22 17:34:57,mlx5_0,0.000,0.000,0.000,0.000
2025-11-22 17:34:57,mlx5_1,9.349,0.012,238.930,320.964
2025-11-22 17:34:57,mlx5_2,0.000,0.000,0.000,0.000
2025-11-22 17:34:57,mlx5_3,9.493,0.012,242.625,340.285
2025-11-22 17:34:57,mlx5_4,0.000,0.000,0.000,0.000
2025-11-22 17:34:57,mlx5_5,8.996,0.012,240.291,329.079
2025-11-22 17:34:57,mlx5_6,0.000,0.000,0.000,0.000
2025-11-22 17:34:57,mlx5_7,0.000,0.000,0.000,0.000
2025-11-22 17:34:57,mlx5_8,9.388,0.012,245.555,352.378
2025-11-22 17:34:57,mlx5_9,0.000,0.000,0.000,0.000
2025-11-22 17:34:57,TOTAL,37.227,0.048,967.401,1342.705
2025-11-22 17:34:58,mlx5_0,0.000,0.000,0.000,0.000
2025-11-22 17:34:58,mlx5_1,0.000,0.000,238.930,320.964
2025-11-22 17:34:58,mlx5_2,0.000,0.000,0.000,0.000
2025-11-22 17:34:58,mlx5_3,0.000,0.000,242.625,340.285
2025-11-22 17:34:58,mlx5_4,0.000,0.000,0.000,0.000
2025-11-22 17:34:58,mlx5_5,0.000,0.000,240.291,329.079
2025-11-22 17:34:58,mlx5_6,0.000,0.000,0.000,0.000
2025-11-22 17:34:58,mlx5_7,0.000,0.000,0.000,0.000
2025-11-22 17:34:58,mlx5_8,0.000,0.000,245.555,352.378
2025-11-22 17:34:58,mlx5_9,0.000,0.000,0.000,0.000
2025-11-22 17:34:58,TOTAL,0.000,0.000,967.401,1342.705
2025-11-22 17:34:59,mlx5_0,0.000,0.000,0.000,0.000
2025-11-22 17:34:59,mlx5_1,0.000,0.000,238.930,320.964
2025-11-22 17:34:59,mlx5_2,0.000,0.000,0.000,0.000
2025-11-22 17:34:59,mlx5_3,0.000,0.000,242.625,340.285
2025-11-22 17:34:59,mlx5_4,0.000,0.000,0.000,0.000
2025-11-22 17:34:59,mlx5_5,0.000,0.000,240.291,329.079
2025-11-22 17:34:59,mlx5_6,0.000,0.000,0.000,0.000
2025-11-22 17:34:59,mlx5_7,0.000,0.000,0.000,0.000
2025-11-22 17:34:59,mlx5_8,0.000,0.000,245.555,352.378
2025-11-22 17:34:59,mlx5_9,0.000,0.000,0.000,0.000
2025-11-22 17:34:59,TOTAL,0.000,0.000,967.401,1342.705
2025-11-22 17:35:00,mlx5_0,0.000,0.000,0.000,0.000
2025-11-22 17:35:00,mlx5_1,0.000,0.000,238.930,320.964
2025-11-22 17:35:00,mlx5_2,0.000,0.000,0.000,0.000
2025-11-22 17:35:00,mlx5_3,0.000,0.000,242.625,340.285
2025-11-22 17:35:00,mlx5_4,0.000,0.000,0.000,0.000
2025-11-22 17:35:00,mlx5_5,0.000,0.000,240.291,329.079
2025-11-22 17:35:00,mlx5_6,0.000,0.000,0.000,0.000
2025-11-22 17:35:00,mlx5_7,0.000,0.000,0.000,0.000
2025-11-22 17:35:00,mlx5_8,0.000,0.000,245.555,352.378
2025-11-22 17:35:00,mlx5_9,0.000,0.000,0.000,0.000
2025-11-22 17:35:00,TOTAL,0.000,0.000,967.401,1342.705
2025-11-22 17:35:01,mlx5_0,0.000,0.000,0.000,0.000
2025-11-22 17:35:01,mlx5_1,9.247,0.012,240.091,320.965
2025-11-22 17:35:01,mlx5_2,0.000,0.000,0.000,0.000
2025-11-22 17:35:01,mlx5_3,9.297,0.012,243.793,340.286
2025-11-22 17:35:01,mlx5_4,0.000,0.000,0.000,0.000
2025-11-22 17:35:01,mlx5_5,9.326,0.012,241.463,329.080
2025-11-22 17:35:01,mlx5_6,0.000,0.000,0.000,0.000
2025-11-22 17:35:01,mlx5_7,0.000,0.000,0.000,0.000
2025-11-22 17:35:01,mlx5_8,9.351,0.012,246.730,352.379
2025-11-22 17:35:01,mlx5_9,0.000,0.000,0.000,0.000
2025-11-22 17:35:01,TOTAL,37.221,0.048,972.077,1342.711
2025-11-22 17:35:02,mlx5_0,0.000,0.000,0.000,0.000
2025-11-22 17:35:02,mlx5_1,0.000,0.000,240.091,320.965
2025-11-22 17:35:02,mlx5_2,0.000,0.000,0.000,0.000
2025-11-22 17:35:02,mlx5_3,0.000,0.000,243.793,340.286
2025-11-22 17:35:02,mlx5_4,0.000,0.000,0.000,0.000
2025-11-22 17:35:02,mlx5_5,0.000,0.000,241.463,329.080
2025-11-22 17:35:02,mlx5_6,0.000,0.000,0.000,0.000
2025-11-22 17:35:02,mlx5_7,0.000,0.000,0.000,0.000
2025-11-22 17:35:02,mlx5_8,0.000,0.000,246.730,352.379
2025-11-22 17:35:02,mlx5_9,0.000,0.000,0.000,0.000
2025-11-22 17:35:02,TOTAL,0.000,0.000,972.077,1342.711
2025-11-22 17:35:03,mlx5_0,0.000,0.000,0.000,0.000
2025-11-22 17:35:03,mlx5_1,0.000,0.000,240.091,320.965
2025-11-22 17:35:03,mlx5_2,0.000,0.000,0.000,0.000
2025-11-22 17:35:03,mlx5_3,0.000,0.000,243.793,340.286
2025-11-22 17:35:03,mlx5_4,0.000,0.000,0.000,0.000
2025-11-22 17:35:03,mlx5_5,0.000,0.000,241.463,329.080
2025-11-22 17:35:03,mlx5_6,0.000,0.000,0.000,0.000
2025-11-22 17:35:03,mlx5_7,0.000,0.000,0.000,0.000
2025-11-22 17:35:03,mlx5_8,0.000,0.000,246.730,352.379
2025-11-22 17:35:03,mlx5_9,0.000,0.000,0.000,0.000
2025-11-22 17:35:03,TOTAL,0.000,0.000,972.077,1342.711
2025-11-22 17:35:04,mlx5_0,0.000,0.000,0.000,0.000
2025-11-22 17:35:04,mlx5_1,0.000,0.000,240.091,320.965
2025-11-22 17:35:04,mlx5_2,0.000,0.000,0.000,0.000
2025-11-22 17:35:04,mlx5_3,0.000,0.000,243.793,340.286
2025-11-22 17:35:04,mlx5_4,0.000,0.000,0.000,0.000
2025-11-22 17:35:04,mlx5_5,0.000,0.000,241.463,329.080
2025-11-22 17:35:04,mlx5_6,0.000,0.000,0.000,0.000
2025-11-22 17:35:04,mlx5_7,0.000,0.000,0.000,0.000
2025-11-22 17:35:04,mlx5_8,0.000,0.000,246.730,352.379
2025-11-22 17:35:04,mlx5_9,0.000,0.000,0.000,0.000
2025-11-22 17:35:04,TOTAL,0.000,0.000,972.077,1342.711
2025-11-22 17:35:05,mlx5_0,0.000,0.000,0.000,0.000
2025-11-22 17:35:05,mlx5_1,9.250,0.012,241.253,320.967
2025-11-22 17:35:05,mlx5_2,0.000,0.000,0.000,0.000
2025-11-22 17:35:05,mlx5_3,9.375,0.012,244.971,340.288
2025-11-22 17:35:05,mlx5_4,0.000,0.000,0.000,0.000
2025-11-22 17:35:05,mlx5_5,9.192,0.012,242.617,329.082
2025-11-22 17:35:05,mlx5_6,0.000,0.000,0.000,0.000
2025-11-22 17:35:05,mlx5_7,0.000,0.000,0.000,0.000
2025-11-22 17:35:05,mlx5_8,9.408,0.012,247.912,352.381
2025-11-22 17:35:05,mlx5_9,0.000,0.000,0.000,0.000
2025-11-22 17:35:05,TOTAL,37.225,0.048,976.753,1342.717
2025-11-22 17:35:06,mlx5_0,0.000,0.000,0.000,0.000
2025-11-22 17:35:06,mlx5_1,0.000,0.000,241.253,320.967
2025-11-22 17:35:06,mlx5_2,0.000,0.000,0.000,0.000
2025-11-22 17:35:06,mlx5_3,0.000,0.000,244.971,340.288
2025-11-22 17:35:06,mlx5_4,0.000,0.000,0.000,0.000
2025-11-22 17:35:06,mlx5_5,0.000,0.000,242.617,329.082
2025-11-22 17:35:06,mlx5_6,0.000,0.000,0.000,0.000
2025-11-22 17:35:06,mlx5_7,0.000,0.000,0.000,0.000
2025-11-22 17:35:06,mlx5_8,0.000,0.000,247.912,352.381
2025-11-22 17:35:06,mlx5_9,0.000,0.000,0.000,0.000
2025-11-22 17:35:06,TOTAL,0.000,0.000,976.753,1342.717
2025-11-22 17:35:07,mlx5_0,0.000,0.000,0.000,0.000
2025-11-22 17:35:07,mlx5_1,0.000,0.000,241.253,320.967
2025-11-22 17:35:07,mlx5_2,0.000,0.000,0.000,0.000
2025-11-22 17:35:07,mlx5_3,0.000,0.000,244.971,340.288
2025-11-22 17:35:07,mlx5_4,0.000,0.000,0.000,0.000
2025-11-22 17:35:07,mlx5_5,0.000,0.000,242.617,329.082
2025-11-22 17:35:07,mlx5_6,0.000,0.000,0.000,0.000
2025-11-22 17:35:07,mlx5_7,0.000,0.000,0.000,0.000
2025-11-22 17:35:07,mlx5_8,0.000,0.000,247.912,352.381
2025-11-22 17:35:07,mlx5_9,0.000,0.000,0.000,0.000
2025-11-22 17:35:07,TOTAL,0.000,0.000,976.753,1342.717
2025-11-22 17:35:08,mlx5_0,0.000,0.000,0.000,0.000
2025-11-22 17:35:08,mlx5_1,0.000,0.000,241.253,320.967
2025-11-22 17:35:08,mlx5_2,0.000,0.000,0.000,0.000
2025-11-22 17:35:08,mlx5_3,0.000,0.000,244.971,340.288
2025-11-22 17:35:08,mlx5_4,0.000,0.000,0.000,0.000
2025-11-22 17:35:08,mlx5_5,0.000,0.000,242.617,329.082
2025-11-22 17:35:08,mlx5_6,0.000,0.000,0.000,0.000
2025-11-22 17:35:08,mlx5_7,0.000,0.000,0.000,0.000
2025-11-22 17:35:08,mlx5_8,0.000,0.000,247.912,352.381
2025-11-22 17:35:08,mlx5_9,0.000,0.000,0.000,0.000
2025-11-22 17:35:08,TOTAL,0.000,0.000,976.753,1342.717
2025-11-22 17:35:09,mlx5_0,0.000,0.000,0.000,0.000
2025-11-22 17:35:09,mlx5_1,9.225,0.371,242.412,321.013
2025-11-22 17:35:09,mlx5_2,0.000,0.000,0.000,0.000
2025-11-22 17:35:09,mlx5_3,9.295,0.527,246.139,340.354
2025-11-22 17:35:09,mlx5_4,0.000,0.000,0.000,0.000
2025-11-22 17:35:09,mlx5_5,9.147,0.473,243.766,329.141
2025-11-22 17:35:09,mlx5_6,0.000,0.000,0.000,0.000
2025-11-22 17:35:09,mlx5_7,0.000,0.000,0.000,0.000
2025-11-22 17:35:09,mlx5_8,9.558,0.672,249.112,352.465
2025-11-22 17:35:09,mlx5_9,0.000,0.000,0.000,0.000
2025-11-22 17:35:09,TOTAL,37.225,2.042,981.429,1342.974
2025-11-22 17:35:10,mlx5_0,0.000,0.000,0.000,0.000
2025-11-22 17:35:10,mlx5_1,0.093,53.227,242.424,327.701
2025-11-22 17:35:10,mlx5_2,0.000,0.000,0.000,0.000
2025-11-22 17:35:10,mlx5_3,0.101,56.622,246.151,347.468
2025-11-22 17:35:10,mlx5_4,0.000,0.000,0.000,0.000
2025-11-22 17:35:10,mlx5_5,0.099,55.160,243.779,336.072
2025-11-22 17:35:10,mlx5_6,0.000,0.000,0.000,0.000
2025-11-22 17:35:10,mlx5_7,0.000,0.000,0.000,0.000
2025-11-22 17:35:10,mlx5_8,0.105,59.440,249.125,359.934
2025-11-22 17:35:10,mlx5_9,0.000,0.000,0.000,0.000
2025-11-22 17:35:10,TOTAL,0.398,224.449,981.479,1371.175
2025-11-22 17:35:11,mlx5_0,0.000,0.000,0.000,0.000
2025-11-22 17:35:11,mlx5_1,0.000,0.000,242.424,327.701
2025-11-22 17:35:11,mlx5_2,0.000,0.000,0.000,0.000
2025-11-22 17:35:11,mlx5_3,0.000,0.000,246.151,347.468
2025-11-22 17:35:11,mlx5_4,0.000,0.000,0.000,0.000
2025-11-22 17:35:11,mlx5_5,0.000,0.000,243.779,336.072
2025-11-22 17:35:11,mlx5_6,0.000,0.000,0.000,0.000
2025-11-22 17:35:11,mlx5_7,0.000,0.000,0.000,0.000
2025-11-22 17:35:11,mlx5_8,0.000,0.000,249.125,359.934
2025-11-22 17:35:11,mlx5_9,0.000,0.000,0.000,0.000
2025-11-22 17:35:11,TOTAL,0.000,0.000,981.479,1371.175
2025-11-22 17:35:12,mlx5_0,0.000,0.000,0.000,0.000
2025-11-22 17:35:12,mlx5_1,0.000,0.000,242.424,327.701
2025-11-22 17:35:12,mlx5_2,0.000,0.000,0.000,0.000
2025-11-22 17:35:12,mlx5_3,0.000,0.000,246.151,347.468
2025-11-22 17:35:12,mlx5_4,0.000,0.000,0.000,0.000
2025-11-22 17:35:12,mlx5_5,0.000,0.000,243.779,336.072
2025-11-22 17:35:12,mlx5_6,0.000,0.000,0.000,0.000
2025-11-22 17:35:12,mlx5_7,0.000,0.000,0.000,0.000
2025-11-22 17:35:12,mlx5_8,0.000,0.000,249.125,359.934
2025-11-22 17:35:12,mlx5_9,0.000,0.000,0.000,0.000
2025-11-22 17:35:12,TOTAL,0.000,0.000,981.479,1371.175
2025-11-22 17:35:13,mlx5_0,0.000,0.000,0.000,0.000
2025-11-22 17:35:13,mlx5_1,0.000,0.000,242.424,327.701
2025-11-22 17:35:13,mlx5_2,0.000,0.000,0.000,0.000
2025-11-22 17:35:13,mlx5_3,0.000,0.000,246.151,347.468
2025-11-22 17:35:13,mlx5_4,0.000,0.000,0.000,0.000
2025-11-22 17:35:13,mlx5_5,0.000,0.000,243.779,336.072
2025-11-22 17:35:13,mlx5_6,0.000,0.000,0.000,0.000
2025-11-22 17:35:13,mlx5_7,0.000,0.000,0.000,0.000
2025-11-22 17:35:13,mlx5_8,0.000,0.000,249.125,359.934
2025-11-22 17:35:13,mlx5_9,0.000,0.000,0.000,0.000
2025-11-22 17:35:13,TOTAL,0.000,0.000,981.479,1371.175
2025-11-22 17:35:14,mlx5_0,0.000,0.000,0.000,0.000
2025-11-22 17:35:14,mlx5_1,0.000,0.000,242.424,327.701
2025-11-22 17:35:14,mlx5_2,0.000,0.000,0.000,0.000
2025-11-22 17:35:14,mlx5_3,0.000,0.000,246.151,347.468
2025-11-22 17:35:14,mlx5_4,0.000,0.000,0.000,0.000
2025-11-22 17:35:14,mlx5_5,0.000,0.000,243.779,336.072
2025-11-22 17:35:14,mlx5_6,0.000,0.000,0.000,0.000
2025-11-22 17:35:14,mlx5_7,0.000,0.000,0.000,0.000
2025-11-22 17:35:14,mlx5_8,0.000,0.000,249.125,359.934
2025-11-22 17:35:14,mlx5_9,0.000,0.000,0.000,0.000
2025-11-22 17:35:14,TOTAL,0.000,0.000,981.479,1371.175
2025-11-22 17:35:15,mlx5_0,0.000,0.000,0.000,0.000
2025-11-22 17:35:15,mlx5_1,8.679,0.011,243.514,327.703
2025-11-22 17:35:15,mlx5_2,0.000,0.000,0.000,0.000
2025-11-22 17:35:15,mlx5_3,8.935,0.011,247.274,347.470
2025-11-22 17:35:15,mlx5_4,0.000,0.000,0.000,0.000
2025-11-22 17:35:15,mlx5_5,8.964,0.012,244.905,336.073
2025-11-22 17:35:15,mlx5_6,0.000,0.000,0.000,0.000
2025-11-22 17:35:15,mlx5_7,0.000,0.000,0.000,0.000
2025-11-22 17:35:15,mlx5_8,9.050,0.012,250.262,359.935
2025-11-22 17:35:15,mlx5_9,0.000,0.000,0.000,0.000
2025-11-22 17:35:15,TOTAL,35.629,0.046,985.954,1371.181
2025-11-22 17:35:16,mlx5_0,0.000,0.000,0.000,0.000
2025-11-22 17:35:16,mlx5_1,0.000,0.000,243.514,327.703
2025-11-22 17:35:16,mlx5_2,0.000,0.000,0.000,0.000
2025-11-22 17:35:16,mlx5_3,0.000,0.000,247.274,347.470
2025-11-22 17:35:16,mlx5_4,0.000,0.000,0.000,0.000
2025-11-22 17:35:16,mlx5_5,0.000,0.000,244.905,336.073
2025-11-22 17:35:16,mlx5_6,0.000,0.000,0.000,0.000
2025-11-22 17:35:16,mlx5_7,0.000,0.000,0.000,0.000
2025-11-22 17:35:16,mlx5_8,0.000,0.000,250.262,359.935
2025-11-22 17:35:16,mlx5_9,0.000,0.000,0.000,0.000
2025-11-22 17:35:16,TOTAL,0.000,0.000,985.954,1371.181
2025-11-22 17:35:17,mlx5_0,0.000,0.000,0.000,0.000
2025-11-22 17:35:17,mlx5_1,0.000,0.000,243.514,327.703
2025-11-22 17:35:17,mlx5_2,0.000,0.000,0.000,0.000
2025-11-22 17:35:17,mlx5_3,0.000,0.000,247.274,347.470
2025-11-22 17:35:17,mlx5_4,0.000,0.000,0.000,0.000
2025-11-22 17:35:17,mlx5_5,0.000,0.000,244.905,336.073
2025-11-22 17:35:17,mlx5_6,0.000,0.000,0.000,0.000
2025-11-22 17:35:17,mlx5_7,0.000,0.000,0.000,0.000
2025-11-22 17:35:17,mlx5_8,0.000,0.000,250.262,359.935
2025-11-22 17:35:17,mlx5_9,0.000,0.000,0.000,0.000
2025-11-22 17:35:17,TOTAL,0.000,0.000,985.954,1371.181
2025-11-22 17:35:18,mlx5_0,0.000,0.000,0.000,0.000
2025-11-22 17:35:18,mlx5_1,9.072,0.012,244.652,327.704
2025-11-22 17:35:18,mlx5_2,0.000,0.000,0.000,0.000
2025-11-22 17:35:18,mlx5_3,9.372,0.012,248.450,347.471
2025-11-22 17:35:18,mlx5_4,0.000,0.000,0.000,0.000
2025-11-22 17:35:18,mlx5_5,9.452,0.012,246.091,336.075
2025-11-22 17:35:18,mlx5_6,0.000,0.000,0.000,0.000
2025-11-22 17:35:18,mlx5_7,0.000,0.000,0.000,0.000
2025-11-22 17:35:18,mlx5_8,9.354,0.012,251.436,359.937
2025-11-22 17:35:18,mlx5_9,0.000,0.000,0.000,0.000
2025-11-22 17:35:18,TOTAL,37.250,0.048,990.630,1371.187
2025-11-22 17:35:19,mlx5_0,0.000,0.000,0.000,0.000
2025-11-22 17:35:19,mlx5_1,0.000,0.000,244.652,327.704
2025-11-22 17:35:19,mlx5_2,0.000,0.000,0.000,0.000
2025-11-22 17:35:19,mlx5_3,0.000,0.000,248.450,347.471
2025-11-22 17:35:19,mlx5_4,0.000,0.000,0.000,0.000
2025-11-22 17:35:19,mlx5_5,0.000,0.000,246.091,336.075
2025-11-22 17:35:19,mlx5_6,0.000,0.000,0.000,0.000
2025-11-22 17:35:19,mlx5_7,0.000,0.000,0.000,0.000
2025-11-22 17:35:19,mlx5_8,0.000,0.000,251.436,359.937
2025-11-22 17:35:19,mlx5_9,0.000,0.000,0.000,0.000
2025-11-22 17:35:19,TOTAL,0.000,0.000,990.630,1371.187
2025-11-22 17:35:20,mlx5_0,0.000,0.000,0.000,0.000
2025-11-22 17:35:20,mlx5_1,0.000,0.000,244.652,327.704
2025-11-22 17:35:20,mlx5_2,0.000,0.000,0.000,0.000
2025-11-22 17:35:20,mlx5_3,0.000,0.000,248.450,347.471
2025-11-22 17:35:20,mlx5_4,0.000,0.000,0.000,0.000
2025-11-22 17:35:20,mlx5_5,0.000,0.000,246.091,336.075
2025-11-22 17:35:20,mlx5_6,0.000,0.000,0.000,0.000
2025-11-22 17:35:20,mlx5_7,0.000,0.000,0.000,0.000
2025-11-22 17:35:20,mlx5_8,0.000,0.000,251.436,359.937
2025-11-22 17:35:20,mlx5_9,0.000,0.000,0.000,0.000
2025-11-22 17:35:20,TOTAL,0.000,0.000,990.630,1371.187
2025-11-22 17:35:21,mlx5_0,0.000,0.000,0.000,0.000
2025-11-22 17:35:21,mlx5_1,9.170,0.012,245.805,327.706
2025-11-22 17:35:21,mlx5_2,0.000,0.000,0.000,0.000
2025-11-22 17:35:21,mlx5_3,9.350,0.012,249.625,347.473
2025-11-22 17:35:21,mlx5_4,0.000,0.000,0.000,0.000
2025-11-22 17:35:21,mlx5_5,9.198,0.012,247.247,336.076
2025-11-22 17:35:21,mlx5_6,0.000,0.000,0.000,0.000
2025-11-22 17:35:21,mlx5_7,0.000,0.000,0.000,0.000
2025-11-22 17:35:21,mlx5_8,9.501,0.013,252.630,359.938
2025-11-22 17:35:21,mlx5_9,0.000,0.000,0.000,0.000
2025-11-22 17:35:21,TOTAL,37.220,0.049,995.306,1371.193
2025-11-22 17:35:22,mlx5_0,0.000,0.000,0.000,0.000
2025-11-22 17:35:22,mlx5_1,0.000,0.000,245.805,327.706
2025-11-22 17:35:22,mlx5_2,0.000,0.000,0.000,0.000
2025-11-22 17:35:22,mlx5_3,0.000,0.000,249.625,347.473
2025-11-22 17:35:22,mlx5_4,0.000,0.000,0.000,0.000
2025-11-22 17:35:22,mlx5_5,0.000,0.000,247.247,336.076
2025-11-22 17:35:22,mlx5_6,0.000,0.000,0.000,0.000
2025-11-22 17:35:22,mlx5_7,0.000,0.000,0.000,0.000
2025-11-22 17:35:22,mlx5_8,0.000,0.000,252.630,359.938
2025-11-22 17:35:22,mlx5_9,0.000,0.000,0.000,0.000
2025-11-22 17:35:22,TOTAL,0.000,0.000,995.306,1371.193
2025-11-22 17:35:23,mlx5_0,0.000,0.000,0.000,0.000
2025-11-22 17:35:23,mlx5_1,0.000,0.000,245.805,327.706
2025-11-22 17:35:23,mlx5_2,0.000,0.000,0.000,0.000
2025-11-22 17:35:23,mlx5_3,0.000,0.000,249.625,347.473
2025-11-22 17:35:23,mlx5_4,0.000,0.000,0.000,0.000
2025-11-22 17:35:23,mlx5_5,0.000,0.000,247.247,336.076
2025-11-22 17:35:23,mlx5_6,0.000,0.000,0.000,0.000
2025-11-22 17:35:23,mlx5_7,0.000,0.000,0.000,0.000
2025-11-22 17:35:23,mlx5_8,0.000,0.000,252.630,359.938
2025-11-22 17:35:23,mlx5_9,0.000,0.000,0.000,0.000
2025-11-22 17:35:23,TOTAL,0.000,0.000,995.306,1371.193
2025-11-22 17:35:24,mlx5_0,0.000,0.000,0.000,0.000
2025-11-22 17:35:24,mlx5_1,0.000,0.000,245.805,327.706
2025-11-22 17:35:24,mlx5_2,0.000,0.000,0.000,0.000
2025-11-22 17:35:24,mlx5_3,0.000,0.000,249.625,347.473
2025-11-22 17:35:24,mlx5_4,0.000,0.000,0.000,0.000
2025-11-22 17:35:24,mlx5_5,0.000,0.000,247.247,336.076
2025-11-22 17:35:24,mlx5_6,0.000,0.000,0.000,0.000
2025-11-22 17:35:24,mlx5_7,0.000,0.000,0.000,0.000
2025-11-22 17:35:24,mlx5_8,0.000,0.000,252.630,359.938
2025-11-22 17:35:24,mlx5_9,0.000,0.000,0.000,0.000
2025-11-22 17:35:24,TOTAL,0.000,0.000,995.306,1371.193
2025-11-22 17:35:25,mlx5_0,0.000,0.000,0.000,0.000
2025-11-22 17:35:25,mlx5_1,9.343,0.012,246.978,327.707
2025-11-22 17:35:25,mlx5_2,0.000,0.000,0.000,0.000
2025-11-22 17:35:25,mlx5_3,9.391,0.012,250.804,347.474
2025-11-22 17:35:25,mlx5_4,0.000,0.000,0.000,0.000
2025-11-22 17:35:25,mlx5_5,9.182,0.012,248.400,336.078
2025-11-22 17:35:25,mlx5_6,0.000,0.000,0.000,0.000
2025-11-22 17:35:25,mlx5_7,0.000,0.000,0.000,0.000
2025-11-22 17:35:25,mlx5_8,9.315,0.012,253.800,359.940
2025-11-22 17:35:25,mlx5_9,0.000,0.000,0.000,0.000
2025-11-22 17:35:25,TOTAL,37.231,0.048,999.982,1371.199
2025-11-22 17:35:26,mlx5_0,0.000,0.000,0.000,0.000
2025-11-22 17:35:26,mlx5_1,0.000,0.000,246.978,327.707
2025-11-22 17:35:26,mlx5_2,0.000,0.000,0.000,0.000
2025-11-22 17:35:26,mlx5_3,0.000,0.000,250.804,347.474
2025-11-22 17:35:26,mlx5_4,0.000,0.000,0.000,0.000
2025-11-22 17:35:26,mlx5_5,0.000,0.000,248.400,336.078
2025-11-22 17:35:26,mlx5_6,0.000,0.000,0.000,0.000
2025-11-22 17:35:26,mlx5_7,0.000,0.000,0.000,0.000
2025-11-22 17:35:26,mlx5_8,0.000,0.000,253.800,359.940
2025-11-22 17:35:26,mlx5_9,0.000,0.000,0.000,0.000
2025-11-22 17:35:26,TOTAL,0.000,0.000,999.982,1371.199
2025-11-22 17:35:27,mlx5_0,0.000,0.000,0.000,0.000
2025-11-22 17:35:27,mlx5_1,0.000,0.000,246.978,327.707
2025-11-22 17:35:27,mlx5_2,0.000,0.000,0.000,0.000
2025-11-22 17:35:27,mlx5_3,0.000,0.000,250.804,347.474
2025-11-22 17:35:27,mlx5_4,0.000,0.000,0.000,0.000
2025-11-22 17:35:27,mlx5_5,0.000,0.000,248.400,336.078
2025-11-22 17:35:27,mlx5_6,0.000,0.000,0.000,0.000
2025-11-22 17:35:27,mlx5_7,0.000,0.000,0.000,0.000
2025-11-22 17:35:27,mlx5_8,0.000,0.000,253.800,359.940
2025-11-22 17:35:27,mlx5_9,0.000,0.000,0.000,0.000
2025-11-22 17:35:27,TOTAL,0.000,0.000,999.982,1371.199
2025-11-22 17:35:28,mlx5_0,0.000,0.000,0.000,0.000
2025-11-22 17:35:28,mlx5_1,0.000,0.000,246.978,327.707
2025-11-22 17:35:28,mlx5_2,0.000,0.000,0.000,0.000
2025-11-22 17:35:28,mlx5_3,0.000,0.000,250.804,347.474
2025-11-22 17:35:28,mlx5_4,0.000,0.000,0.000,0.000
2025-11-22 17:35:28,mlx5_5,0.000,0.000,248.400,336.078
2025-11-22 17:35:28,mlx5_6,0.000,0.000,0.000,0.000
2025-11-22 17:35:28,mlx5_7,0.000,0.000,0.000,0.000
2025-11-22 17:35:28,mlx5_8,0.000,0.000,253.800,359.940
2025-11-22 17:35:28,mlx5_9,0.000,0.000,0.000,0.000
2025-11-22 17:35:28,TOTAL,0.000,0.000,999.982,1371.199
2025-11-22 17:35:29,mlx5_0,0.000,0.000,0.000,0.000
2025-11-22 17:35:29,mlx5_1,9.394,0.012,248.158,327.709
2025-11-22 17:35:29,mlx5_2,0.000,0.000,0.000,0.000
2025-11-22 17:35:29,mlx5_3,9.342,0.012,251.978,347.476
2025-11-22 17:35:29,mlx5_4,0.000,0.000,0.000,0.000
2025-11-22 17:35:29,mlx5_5,9.229,0.012,249.559,336.079
2025-11-22 17:35:29,mlx5_6,0.000,0.000,0.000,0.000
2025-11-22 17:35:29,mlx5_7,0.000,0.000,0.000,0.000
2025-11-22 17:35:29,mlx5_8,9.254,0.012,254.962,359.941
2025-11-22 17:35:29,mlx5_9,0.000,0.000,0.000,0.000
2025-11-22 17:35:29,TOTAL,37.219,0.048,1004.658,1371.205
2025-11-22 17:35:30,mlx5_0,0.000,0.000,0.000,0.000
2025-11-22 17:35:30,mlx5_1,0.000,0.000,248.158,327.709
2025-11-22 17:35:30,mlx5_2,0.000,0.000,0.000,0.000
2025-11-22 17:35:30,mlx5_3,0.000,0.000,251.978,347.476
2025-11-22 17:35:30,mlx5_4,0.000,0.000,0.000,0.000
2025-11-22 17:35:30,mlx5_5,0.000,0.000,249.559,336.079
2025-11-22 17:35:30,mlx5_6,0.000,0.000,0.000,0.000
2025-11-22 17:35:30,mlx5_7,0.000,0.000,0.000,0.000
2025-11-22 17:35:30,mlx5_8,0.000,0.000,254.962,359.941
2025-11-22 17:35:30,mlx5_9,0.000,0.000,0.000,0.000
2025-11-22 17:35:30,TOTAL,0.000,0.000,1004.658,1371.205
2025-11-22 17:35:31,mlx5_0,0.000,0.000,0.000,0.000
2025-11-22 17:35:31,mlx5_1,0.000,0.000,248.158,327.709
2025-11-22 17:35:31,mlx5_2,0.000,0.000,0.000,0.000
2025-11-22 17:35:31,mlx5_3,0.000,0.000,251.978,347.476
2025-11-22 17:35:31,mlx5_4,0.000,0.000,0.000,0.000
2025-11-22 17:35:31,mlx5_5,0.000,0.000,249.559,336.079
2025-11-22 17:35:31,mlx5_6,0.000,0.000,0.000,0.000
2025-11-22 17:35:31,mlx5_7,0.000,0.000,0.000,0.000
2025-11-22 17:35:31,mlx5_8,0.000,0.000,254.962,359.941
2025-11-22 17:35:31,mlx5_9,0.000,0.000,0.000,0.000
2025-11-22 17:35:31,TOTAL,0.000,0.000,1004.658,1371.205
2025-11-22 17:35:32,mlx5_0,0.000,0.000,0.000,0.000
2025-11-22 17:35:32,mlx5_1,0.000,0.000,248.158,327.709
2025-11-22 17:35:32,mlx5_2,0.000,0.000,0.000,0.000
2025-11-22 17:35:32,mlx5_3,0.000,0.000,251.978,347.476
2025-11-22 17:35:32,mlx5_4,0.000,0.000,0.000,0.000
2025-11-22 17:35:32,mlx5_5,0.000,0.000,249.559,336.079
2025-11-22 17:35:32,mlx5_6,0.000,0.000,0.000,0.000
2025-11-22 17:35:32,mlx5_7,0.000,0.000,0.000,0.000
2025-11-22 17:35:32,mlx5_8,0.000,0.000,254.962,359.941
2025-11-22 17:35:32,mlx5_9,0.000,0.000,0.000,0.000
2025-11-22 17:35:32,TOTAL,0.000,0.000,1004.658,1371.205
2025-11-22 17:35:33,mlx5_0,0.000,0.000,0.000,0.000
2025-11-22 17:35:33,mlx5_1,9.200,0.012,249.314,327.710
2025-11-22 17:35:33,mlx5_2,0.000,0.000,0.000,0.000
2025-11-22 17:35:33,mlx5_3,9.410,0.012,253.160,347.477
2025-11-22 17:35:33,mlx5_4,0.000,0.000,0.000,0.000
2025-11-22 17:35:33,mlx5_5,9.281,0.012,250.725,336.081
2025-11-22 17:35:33,mlx5_6,0.000,0.000,0.000,0.000
2025-11-22 17:35:33,mlx5_7,0.000,0.000,0.000,0.000
2025-11-22 17:35:33,mlx5_8,9.334,0.012,256.135,359.943
2025-11-22 17:35:33,mlx5_9,0.000,0.000,0.000,0.000
2025-11-22 17:35:33,TOTAL,37.225,0.048,1009.334,1371.211
2025-11-22 17:35:34,mlx5_0,0.000,0.000,0.000,0.000
2025-11-22 17:35:34,mlx5_1,0.000,0.000,249.314,327.710
2025-11-22 17:35:34,mlx5_2,0.000,0.000,0.000,0.000
2025-11-22 17:35:34,mlx5_3,0.000,0.000,253.160,347.477
2025-11-22 17:35:34,mlx5_4,0.000,0.000,0.000,0.000
2025-11-22 17:35:34,mlx5_5,0.000,0.000,250.725,336.081
2025-11-22 17:35:34,mlx5_6,0.000,0.000,0.000,0.000
2025-11-22 17:35:34,mlx5_7,0.000,0.000,0.000,0.000
2025-11-22 17:35:34,mlx5_8,0.000,0.000,256.135,359.943
2025-11-22 17:35:34,mlx5_9,0.000,0.000,0.000,0.000
2025-11-22 17:35:34,TOTAL,0.000,0.000,1009.334,1371.211
2025-11-22 17:35:36,mlx5_0,0.000,0.000,0.000,0.000
2025-11-22 17:35:36,mlx5_1,0.000,0.000,249.314,327.710
2025-11-22 17:35:36,mlx5_2,0.000,0.000,0.000,0.000
2025-11-22 17:35:36,mlx5_3,0.000,0.000,253.160,347.477
2025-11-22 17:35:36,mlx5_4,0.000,0.000,0.000,0.000
2025-11-22 17:35:36,mlx5_5,0.000,0.000,250.725,336.081
2025-11-22 17:35:36,mlx5_6,0.000,0.000,0.000,0.000
2025-11-22 17:35:36,mlx5_7,0.000,0.000,0.000,0.000
2025-11-22 17:35:36,mlx5_8,0.000,0.000,256.135,359.943
2025-11-22 17:35:36,mlx5_9,0.000,0.000,0.000,0.000
2025-11-22 17:35:36,TOTAL,0.000,0.000,1009.334,1371.211
2025-11-22 17:35:37,mlx5_0,0.000,0.000,0.000,0.000
2025-11-22 17:35:37,mlx5_1,0.000,0.000,249.314,327.710
2025-11-22 17:35:37,mlx5_2,0.000,0.000,0.000,0.000
2025-11-22 17:35:37,mlx5_3,0.000,0.000,253.160,347.477
2025-11-22 17:35:37,mlx5_4,0.000,0.000,0.000,0.000
2025-11-22 17:35:37,mlx5_5,0.000,0.000,250.725,336.081
2025-11-22 17:35:37,mlx5_6,0.000,0.000,0.000,0.000
2025-11-22 17:35:37,mlx5_7,0.000,0.000,0.000,0.000
2025-11-22 17:35:37,mlx5_8,0.000,0.000,256.135,359.943
2025-11-22 17:35:37,mlx5_9,0.000,0.000,0.000,0.000
2025-11-22 17:35:37,TOTAL,0.000,0.000,1009.334,1371.211
2025-11-22 17:35:38,mlx5_0,0.000,0.000,0.000,0.000
2025-11-22 17:35:38,mlx5_1,0.000,0.000,249.314,327.710
2025-11-22 17:35:38,mlx5_2,0.000,0.000,0.000,0.000
2025-11-22 17:35:38,mlx5_3,0.000,0.000,253.160,347.477
2025-11-22 17:35:38,mlx5_4,0.000,0.000,0.000,0.000
2025-11-22 17:35:38,mlx5_5,0.000,0.000,250.725,336.081
2025-11-22 17:35:38,mlx5_6,0.000,0.000,0.000,0.000
2025-11-22 17:35:38,mlx5_7,0.000,0.000,0.000,0.000
2025-11-22 17:35:38,mlx5_8,0.000,0.000,256.135,359.943
2025-11-22 17:35:38,mlx5_9,0.000,0.000,0.000,0.000
2025-11-22 17:35:38,TOTAL,0.000,0.000,1009.334,1371.211
2025-11-22 17:35:39,mlx5_0,0.000,0.000,0.000,0.000
2025-11-22 17:35:39,mlx5_1,9.053,50.877,250.450,334.096
2025-11-22 17:35:39,mlx5_2,0.000,0.000,0.000,0.000
2025-11-22 17:35:39,mlx5_3,9.549,54.570,254.358,354.327
2025-11-22 17:35:39,mlx5_4,0.000,0.000,0.000,0.000
2025-11-22 17:35:39,mlx5_5,9.299,51.916,251.892,342.597
2025-11-22 17:35:39,mlx5_6,0.000,0.000,0.000,0.000
2025-11-22 17:35:39,mlx5_7,0.000,0.000,0.000,0.000
2025-11-22 17:35:39,mlx5_8,9.747,56.768,257.358,367.068
2025-11-22 17:35:39,mlx5_9,0.000,0.000,0.000,0.000
2025-11-22 17:35:39,TOTAL,37.649,214.131,1014.059,1398.087
2025-11-22 17:35:40,mlx5_0,0.000,0.000,0.000,0.000
2025-11-22 17:35:40,mlx5_1,0.005,3.201,250.451,334.498
2025-11-22 17:35:40,mlx5_2,0.000,0.000,0.000,0.000
2025-11-22 17:35:40,mlx5_3,0.005,3.308,254.359,354.742
2025-11-22 17:35:40,mlx5_4,0.000,0.000,0.000,0.000
2025-11-22 17:35:40,mlx5_5,0.005,3.001,251.893,342.974
2025-11-22 17:35:40,mlx5_6,0.000,0.000,0.000,0.000
2025-11-22 17:35:40,mlx5_7,0.000,0.000,0.000,0.000
2025-11-22 17:35:40,mlx5_8,0.005,3.097,257.359,367.457
2025-11-22 17:35:40,mlx5_9,0.000,0.000,0.000,0.000
2025-11-22 17:35:40,TOTAL,0.019,12.607,1014.061,1399.671
2025-11-22 17:35:41,mlx5_0,0.000,0.000,0.000,0.000
2025-11-22 17:35:41,mlx5_1,0.000,0.000,250.451,334.498
2025-11-22 17:35:41,mlx5_2,0.000,0.000,0.000,0.000
2025-11-22 17:35:41,mlx5_3,0.000,0.000,254.359,354.742
2025-11-22 17:35:41,mlx5_4,0.000,0.000,0.000,0.000
2025-11-22 17:35:41,mlx5_5,0.000,0.000,251.893,342.974
2025-11-22 17:35:41,mlx5_6,0.000,0.000,0.000,0.000
2025-11-22 17:35:41,mlx5_7,0.000,0.000,0.000,0.000
2025-11-22 17:35:41,mlx5_8,0.000,0.000,257.359,367.457
2025-11-22 17:35:41,mlx5_9,0.000,0.000,0.000,0.000
2025-11-22 17:35:41,TOTAL,0.000,0.000,1014.061,1399.671
2025-11-22 17:35:42,mlx5_0,0.000,0.000,0.000,0.000
2025-11-22 17:35:42,mlx5_1,0.000,0.000,250.451,334.498
2025-11-22 17:35:42,mlx5_2,0.000,0.000,0.000,0.000
2025-11-22 17:35:42,mlx5_3,0.000,0.000,254.359,354.742
2025-11-22 17:35:42,mlx5_4,0.000,0.000,0.000,0.000
2025-11-22 17:35:42,mlx5_5,0.000,0.000,251.893,342.974
2025-11-22 17:35:42,mlx5_6,0.000,0.000,0.000,0.000
2025-11-22 17:35:42,mlx5_7,0.000,0.000,0.000,0.000
2025-11-22 17:35:42,mlx5_8,0.000,0.000,257.359,367.457
2025-11-22 17:35:42,mlx5_9,0.000,0.000,0.000,0.000
2025-11-22 17:35:42,TOTAL,0.000,0.000,1014.061,1399.671
2025-11-22 17:35:43,mlx5_0,0.000,0.000,0.000,0.000
2025-11-22 17:35:43,mlx5_1,9.284,0.012,251.616,334.500
2025-11-22 17:35:43,mlx5_2,0.000,0.000,0.000,0.000
2025-11-22 17:35:43,mlx5_3,9.450,0.012,255.545,354.744
2025-11-22 17:35:43,mlx5_4,0.000,0.000,0.000,0.000
2025-11-22 17:35:43,mlx5_5,9.518,0.012,253.088,342.976
2025-11-22 17:35:43,mlx5_6,0.000,0.000,0.000,0.000
2025-11-22 17:35:43,mlx5_7,0.000,0.000,0.000,0.000
2025-11-22 17:35:43,mlx5_8,9.731,0.013,258.580,367.459
2025-11-22 17:35:43,mlx5_9,0.000,0.000,0.000,0.000
2025-11-22 17:35:43,TOTAL,37.983,0.049,1018.829,1399.678
2025-11-22 17:35:44,mlx5_0,0.000,0.000,0.000,0.000
2025-11-22 17:35:44,mlx5_1,0.000,0.000,251.616,334.500
2025-11-22 17:35:44,mlx5_2,0.000,0.000,0.000,0.000
2025-11-22 17:35:44,mlx5_3,0.000,0.000,255.545,354.744
2025-11-22 17:35:44,mlx5_4,0.000,0.000,0.000,0.000
2025-11-22 17:35:44,mlx5_5,0.000,0.000,253.088,342.976
2025-11-22 17:35:44,mlx5_6,0.000,0.000,0.000,0.000
2025-11-22 17:35:44,mlx5_7,0.000,0.000,0.000,0.000
2025-11-22 17:35:44,mlx5_8,0.000,0.000,258.580,367.459
2025-11-22 17:35:44,mlx5_9,0.000,0.000,0.000,0.000
2025-11-22 17:35:44,TOTAL,0.000,0.000,1018.829,1399.678
2025-11-22 17:35:45,mlx5_0,0.000,0.000,0.000,0.000
2025-11-22 17:35:45,mlx5_1,0.000,0.000,251.616,334.500
2025-11-22 17:35:45,mlx5_2,0.000,0.000,0.000,0.000
2025-11-22 17:35:45,mlx5_3,0.000,0.000,255.545,354.744
2025-11-22 17:35:45,mlx5_4,0.000,0.000,0.000,0.000
2025-11-22 17:35:45,mlx5_5,0.000,0.000,253.088,342.976
2025-11-22 17:35:45,mlx5_6,0.000,0.000,0.000,0.000
2025-11-22 17:35:45,mlx5_7,0.000,0.000,0.000,0.000
2025-11-22 17:35:45,mlx5_8,0.000,0.000,258.580,367.459
2025-11-22 17:35:45,mlx5_9,0.000,0.000,0.000,0.000
2025-11-22 17:35:45,TOTAL,0.000,0.000,1018.829,1399.678
2025-11-22 17:35:46,mlx5_0,0.000,0.000,0.000,0.000
2025-11-22 17:35:46,mlx5_1,9.248,0.012,252.778,334.501
2025-11-22 17:35:46,mlx5_2,0.000,0.000,0.000,0.000
2025-11-22 17:35:46,mlx5_3,9.242,0.012,256.706,354.745
2025-11-22 17:35:46,mlx5_4,0.000,0.000,0.000,0.000
2025-11-22 17:35:46,mlx5_5,9.272,0.012,254.252,342.977
2025-11-22 17:35:46,mlx5_6,0.000,0.000,0.000,0.000
2025-11-22 17:35:46,mlx5_7,0.000,0.000,0.000,0.000
2025-11-22 17:35:46,mlx5_8,9.462,0.012,259.769,367.460
2025-11-22 17:35:46,mlx5_9,0.000,0.000,0.000,0.000
2025-11-22 17:35:46,TOTAL,37.224,0.048,1023.505,1399.684
2025-11-22 17:35:47,mlx5_0,0.000,0.000,0.000,0.000
2025-11-22 17:35:47,mlx5_1,0.000,0.000,252.778,334.501
2025-11-22 17:35:47,mlx5_2,0.000,0.000,0.000,0.000
2025-11-22 17:35:47,mlx5_3,0.000,0.000,256.706,354.745
2025-11-22 17:35:47,mlx5_4,0.000,0.000,0.000,0.000
2025-11-22 17:35:47,mlx5_5,0.000,0.000,254.252,342.977
2025-11-22 17:35:47,mlx5_6,0.000,0.000,0.000,0.000
2025-11-22 17:35:47,mlx5_7,0.000,0.000,0.000,0.000
2025-11-22 17:35:47,mlx5_8,0.000,0.000,259.769,367.460
2025-11-22 17:35:47,mlx5_9,0.000,0.000,0.000,0.000
2025-11-22 17:35:47,TOTAL,0.000,0.000,1023.505,1399.684
2025-11-22 17:35:48,mlx5_0,0.000,0.000,0.000,0.000
2025-11-22 17:35:48,mlx5_1,0.000,0.000,252.778,334.501
2025-11-22 17:35:48,mlx5_2,0.000,0.000,0.000,0.000
2025-11-22 17:35:48,mlx5_3,0.000,0.000,256.706,354.745
2025-11-22 17:35:48,mlx5_4,0.000,0.000,0.000,0.000
2025-11-22 17:35:48,mlx5_5,0.000,0.000,254.252,342.977
2025-11-22 17:35:48,mlx5_6,0.000,0.000,0.000,0.000
2025-11-22 17:35:48,mlx5_7,0.000,0.000,0.000,0.000
2025-11-22 17:35:48,mlx5_8,0.000,0.000,259.769,367.460
2025-11-22 17:35:48,mlx5_9,0.000,0.000,0.000,0.000
2025-11-22 17:35:48,TOTAL,0.000,0.000,1023.505,1399.684
2025-11-22 17:35:49,mlx5_0,0.000,0.000,0.000,0.000
2025-11-22 17:35:49,mlx5_1,0.000,0.000,252.778,334.501
2025-11-22 17:35:49,mlx5_2,0.000,0.000,0.000,0.000
2025-11-22 17:35:49,mlx5_3,0.000,0.000,256.706,354.745
2025-11-22 17:35:49,mlx5_4,0.000,0.000,0.000,0.000
2025-11-22 17:35:49,mlx5_5,0.000,0.000,254.252,342.977
2025-11-22 17:35:49,mlx5_6,0.000,0.000,0.000,0.000
2025-11-22 17:35:49,mlx5_7,0.000,0.000,0.000,0.000
2025-11-22 17:35:49,mlx5_8,0.000,0.000,259.769,367.460
2025-11-22 17:35:49,mlx5_9,0.000,0.000,0.000,0.000
2025-11-22 17:35:49,TOTAL,0.000,0.000,1023.505,1399.684
2025-11-22 17:35:50,mlx5_0,0.000,0.000,0.000,0.000
2025-11-22 17:35:50,mlx5_1,8.977,0.012,253.906,334.503
2025-11-22 17:35:50,mlx5_2,0.000,0.000,0.000,0.000
2025-11-22 17:35:50,mlx5_3,9.424,0.012,257.890,354.747
2025-11-22 17:35:50,mlx5_4,0.000,0.000,0.000,0.000
2025-11-22 17:35:50,mlx5_5,9.211,0.012,255.410,342.978
2025-11-22 17:35:50,mlx5_6,0.000,0.000,0.000,0.000
2025-11-22 17:35:50,mlx5_7,0.000,0.000,0.000,0.000
2025-11-22 17:35:50,mlx5_8,9.604,0.012,260.975,367.462
2025-11-22 17:35:50,mlx5_9,0.000,0.000,0.000,0.000
2025-11-22 17:35:50,TOTAL,37.216,0.048,1028.181,1399.690
2025-11-22 17:35:51,mlx5_0,0.000,0.000,0.000,0.000
2025-11-22 17:35:51,mlx5_1,0.000,0.000,253.906,334.503
2025-11-22 17:35:51,mlx5_2,0.000,0.000,0.000,0.000
2025-11-22 17:35:51,mlx5_3,0.000,0.000,257.890,354.747
2025-11-22 17:35:51,mlx5_4,0.000,0.000,0.000,0.000
2025-11-22 17:35:51,mlx5_5,0.000,0.000,255.410,342.978
2025-11-22 17:35:51,mlx5_6,0.000,0.000,0.000,0.000
2025-11-22 17:35:51,mlx5_7,0.000,0.000,0.000,0.000
2025-11-22 17:35:51,mlx5_8,0.000,0.000,260.975,367.462
2025-11-22 17:35:51,mlx5_9,0.000,0.000,0.000,0.000
2025-11-22 17:35:51,TOTAL,0.000,0.000,1028.181,1399.690
2025-11-22 17:35:52,mlx5_0,0.000,0.000,0.000,0.000
2025-11-22 17:35:52,mlx5_1,0.000,0.000,253.906,334.503
2025-11-22 17:35:52,mlx5_2,0.000,0.000,0.000,0.000
2025-11-22 17:35:52,mlx5_3,0.000,0.000,257.890,354.747
2025-11-22 17:35:52,mlx5_4,0.000,0.000,0.000,0.000
2025-11-22 17:35:52,mlx5_5,0.000,0.000,255.410,342.978
2025-11-22 17:35:52,mlx5_6,0.000,0.000,0.000,0.000
2025-11-22 17:35:52,mlx5_7,0.000,0.000,0.000,0.000
2025-11-22 17:35:52,mlx5_8,0.000,0.000,260.975,367.462
2025-11-22 17:35:52,mlx5_9,0.000,0.000,0.000,0.000
2025-11-22 17:35:52,TOTAL,0.000,0.000,1028.181,1399.690
2025-11-22 17:35:53,mlx5_0,0.000,0.000,0.000,0.000
2025-11-22 17:35:53,mlx5_1,0.000,0.000,253.906,334.503
2025-11-22 17:35:53,mlx5_2,0.000,0.000,0.000,0.000
2025-11-22 17:35:53,mlx5_3,0.000,0.000,257.890,354.747
2025-11-22 17:35:53,mlx5_4,0.000,0.000,0.000,0.000
2025-11-22 17:35:53,mlx5_5,0.000,0.000,255.410,342.978
2025-11-22 17:35:53,mlx5_6,0.000,0.000,0.000,0.000
2025-11-22 17:35:53,mlx5_7,0.000,0.000,0.000,0.000
2025-11-22 17:35:53,mlx5_8,0.000,0.000,260.975,367.462
2025-11-22 17:35:53,mlx5_9,0.000,0.000,0.000,0.000
2025-11-22 17:35:53,TOTAL,0.000,0.000,1028.181,1399.690
2025-11-22 17:35:54,mlx5_0,0.000,0.000,0.000,0.000
2025-11-22 17:35:54,mlx5_1,9.225,0.012,255.064,334.504
2025-11-22 17:35:54,mlx5_2,0.000,0.000,0.000,0.000
2025-11-22 17:35:54,mlx5_3,9.308,0.012,259.059,354.748
2025-11-22 17:35:54,mlx5_4,0.000,0.000,0.000,0.000
2025-11-22 17:35:54,mlx5_5,9.103,0.012,256.553,342.980
2025-11-22 17:35:54,mlx5_6,0.000,0.000,0.000,0.000
2025-11-22 17:35:54,mlx5_7,0.000,0.000,0.000,0.000
2025-11-22 17:35:54,mlx5_8,9.592,0.012,262.180,367.463
2025-11-22 17:35:54,mlx5_9,0.000,0.000,0.000,0.000
2025-11-22 17:35:54,TOTAL,37.227,0.048,1032.857,1399.696
2025-11-22 17:35:55,mlx5_0,0.000,0.000,0.000,0.000
2025-11-22 17:35:55,mlx5_1,0.000,0.000,255.064,334.504
2025-11-22 17:35:55,mlx5_2,0.000,0.000,0.000,0.000
2025-11-22 17:35:55,mlx5_3,0.000,0.000,259.059,354.748
2025-11-22 17:35:55,mlx5_4,0.000,0.000,0.000,0.000
2025-11-22 17:35:55,mlx5_5,0.000,0.000,256.553,342.980
2025-11-22 17:35:55,mlx5_6,0.000,0.000,0.000,0.000
2025-11-22 17:35:55,mlx5_7,0.000,0.000,0.000,0.000
2025-11-22 17:35:55,mlx5_8,0.000,0.000,262.180,367.463
2025-11-22 17:35:55,mlx5_9,0.000,0.000,0.000,0.000
2025-11-22 17:35:55,TOTAL,0.000,0.000,1032.857,1399.696
2025-11-22 17:35:56,mlx5_0,0.000,0.000,0.000,0.000
2025-11-22 17:35:56,mlx5_1,0.000,0.000,255.064,334.504
2025-11-22 17:35:56,mlx5_2,0.000,0.000,0.000,0.000
2025-11-22 17:35:56,mlx5_3,0.000,0.000,259.059,354.748
2025-11-22 17:35:56,mlx5_4,0.000,0.000,0.000,0.000
2025-11-22 17:35:56,mlx5_5,0.000,0.000,256.553,342.980
2025-11-22 17:35:56,mlx5_6,0.000,0.000,0.000,0.000
2025-11-22 17:35:56,mlx5_7,0.000,0.000,0.000,0.000
2025-11-22 17:35:56,mlx5_8,0.000,0.000,262.180,367.463
2025-11-22 17:35:56,mlx5_9,0.000,0.000,0.000,0.000
2025-11-22 17:35:56,TOTAL,0.000,0.000,1032.857,1399.696
2025-11-22 17:35:57,mlx5_0,0.000,0.000,0.000,0.000
2025-11-22 17:35:57,mlx5_1,0.000,0.000,255.064,334.504
2025-11-22 17:35:57,mlx5_2,0.000,0.000,0.000,0.000
2025-11-22 17:35:57,mlx5_3,0.000,0.000,259.059,354.748
2025-11-22 17:35:57,mlx5_4,0.000,0.000,0.000,0.000
2025-11-22 17:35:57,mlx5_5,0.000,0.000,256.553,342.980
2025-11-22 17:35:57,mlx5_6,0.000,0.000,0.000,0.000
2025-11-22 17:35:57,mlx5_7,0.000,0.000,0.000,0.000
2025-11-22 17:35:57,mlx5_8,0.000,0.000,262.180,367.463
2025-11-22 17:35:57,mlx5_9,0.000,0.000,0.000,0.000
2025-11-22 17:35:57,TOTAL,0.000,0.000,1032.857,1399.696
2025-11-22 17:35:58,mlx5_0,0.000,0.000,0.000,0.000
2025-11-22 17:35:58,mlx5_1,7.743,0.010,256.037,334.505
2025-11-22 17:35:58,mlx5_2,0.000,0.000,0.000,0.000
2025-11-22 17:35:58,mlx5_3,7.811,0.010,260.040,354.749
2025-11-22 17:35:58,mlx5_4,0.000,0.000,0.000,0.000
2025-11-22 17:35:58,mlx5_5,7.895,0.010,257.545,342.981
2025-11-22 17:35:58,mlx5_6,0.000,0.000,0.000,0.000
2025-11-22 17:35:58,mlx5_7,0.000,0.000,0.000,0.000
2025-11-22 17:35:58,mlx5_8,8.104,0.010,263.198,367.465
2025-11-22 17:35:58,mlx5_9,0.000,0.000,0.000,0.000
2025-11-22 17:35:58,TOTAL,31.553,0.039,1036.820,1399.701
2025-11-22 17:35:59,mlx5_0,0.000,0.000,0.000,0.000
2025-11-22 17:35:59,mlx5_1,1.631,0.002,256.242,334.506
2025-11-22 17:35:59,mlx5_2,0.000,0.000,0.000,0.000
2025-11-22 17:35:59,mlx5_3,1.476,0.002,260.225,354.750
2025-11-22 17:35:59,mlx5_4,0.000,0.000,0.000,0.000
2025-11-22 17:35:59,mlx5_5,1.407,0.002,257.721,342.981
2025-11-22 17:35:59,mlx5_6,0.000,0.000,0.000,0.000
2025-11-22 17:35:59,mlx5_7,0.000,0.000,0.000,0.000
2025-11-22 17:35:59,mlx5_8,1.164,0.002,263.344,367.465
2025-11-22 17:35:59,mlx5_9,0.000,0.000,0.000,0.000
2025-11-22 17:35:59,TOTAL,5.678,0.009,1037.533,1399.702
2025-11-22 17:36:00,mlx5_0,0.000,0.000,0.000,0.000
2025-11-22 17:36:00,mlx5_1,0.000,0.000,256.242,334.506
2025-11-22 17:36:00,mlx5_2,0.000,0.000,0.000,0.000
2025-11-22 17:36:00,mlx5_3,0.000,0.000,260.225,354.750
2025-11-22 17:36:00,mlx5_4,0.000,0.000,0.000,0.000
2025-11-22 17:36:00,mlx5_5,0.000,0.000,257.721,342.981
2025-11-22 17:36:00,mlx5_6,0.000,0.000,0.000,0.000
2025-11-22 17:36:00,mlx5_7,0.000,0.000,0.000,0.000
2025-11-22 17:36:00,mlx5_8,0.000,0.000,263.344,367.465
2025-11-22 17:36:00,mlx5_9,0.000,0.000,0.000,0.000
2025-11-22 17:36:00,TOTAL,0.000,0.000,1037.533,1399.702
2025-11-22 17:36:01,mlx5_0,0.000,0.000,0.000,0.000
2025-11-22 17:36:01,mlx5_1,0.000,0.000,256.242,334.506
2025-11-22 17:36:01,mlx5_2,0.000,0.000,0.000,0.000
2025-11-22 17:36:01,mlx5_3,0.000,0.000,260.225,354.750
2025-11-22 17:36:01,mlx5_4,0.000,0.000,0.000,0.000
2025-11-22 17:36:01,mlx5_5,0.000,0.000,257.721,342.981
2025-11-22 17:36:01,mlx5_6,0.000,0.000,0.000,0.000
2025-11-22 17:36:01,mlx5_7,0.000,0.000,0.000,0.000
2025-11-22 17:36:01,mlx5_8,0.000,0.000,263.344,367.465
2025-11-22 17:36:01,mlx5_9,0.000,0.000,0.000,0.000
2025-11-22 17:36:01,TOTAL,0.000,0.000,1037.533,1399.702
2025-11-22 17:36:02,mlx5_0,0.000,0.000,0.000,0.000
2025-11-22 17:36:02,mlx5_1,0.000,0.000,256.242,334.506
2025-11-22 17:36:02,mlx5_2,0.000,0.000,0.000,0.000
2025-11-22 17:36:02,mlx5_3,0.000,0.000,260.225,354.750
2025-11-22 17:36:02,mlx5_4,0.000,0.000,0.000,0.000
2025-11-22 17:36:02,mlx5_5,0.000,0.000,257.721,342.981
2025-11-22 17:36:02,mlx5_6,0.000,0.000,0.000,0.000
2025-11-22 17:36:02,mlx5_7,0.000,0.000,0.000,0.000
2025-11-22 17:36:02,mlx5_8,0.000,0.000,263.344,367.465
2025-11-22 17:36:02,mlx5_9,0.000,0.000,0.000,0.000
2025-11-22 17:36:02,TOTAL,0.000,0.000,1037.533,1399.702
2025-11-22 17:36:03,mlx5_0,0.000,0.000,0.000,0.000
2025-11-22 17:36:03,mlx5_1,9.233,35.230,257.402,338.931
2025-11-22 17:36:03,mlx5_2,0.000,0.000,0.000,0.000
2025-11-22 17:36:03,mlx5_3,9.573,37.184,261.428,359.421
2025-11-22 17:36:03,mlx5_4,0.000,0.000,0.000,0.000
2025-11-22 17:36:03,mlx5_5,9.305,36.439,258.890,347.559
2025-11-22 17:36:03,mlx5_6,0.000,0.000,0.000,0.000
2025-11-22 17:36:03,mlx5_7,0.000,0.000,0.000,0.000
2025-11-22 17:36:03,mlx5_8,9.379,38.744,264.522,372.332
2025-11-22 17:36:03,mlx5_9,0.000,0.000,0.000,0.000
2025-11-22 17:36:03,TOTAL,37.489,147.597,1042.242,1418.243
2025-11-22 17:36:04,mlx5_0,0.000,0.000,0.000,0.000
2025-11-22 17:36:04,mlx5_1,0.035,19.004,257.406,341.318
2025-11-22 17:36:04,mlx5_2,0.000,0.000,0.000,0.000
2025-11-22 17:36:04,mlx5_3,0.040,20.112,261.433,361.947
2025-11-22 17:36:04,mlx5_4,0.000,0.000,0.000,0.000
2025-11-22 17:36:04,mlx5_5,0.037,19.317,258.895,349.985
2025-11-22 17:36:04,mlx5_6,0.000,0.000,0.000,0.000
2025-11-22 17:36:04,mlx5_7,0.000,0.000,0.000,0.000
2025-11-22 17:36:04,mlx5_8,0.052,20.547,264.529,374.912
2025-11-22 17:36:04,mlx5_9,0.000,0.000,0.000,0.000
2025-11-22 17:36:04,TOTAL,0.164,78.980,1042.263,1428.161
2025-11-22 17:36:05,mlx5_0,0.000,0.000,0.000,0.000
2025-11-22 17:36:05,mlx5_1,0.000,0.000,257.406,341.318
2025-11-22 17:36:05,mlx5_2,0.000,0.000,0.000,0.000
2025-11-22 17:36:05,mlx5_3,0.000,0.000,261.433,361.947
2025-11-22 17:36:05,mlx5_4,0.000,0.000,0.000,0.000
2025-11-22 17:36:05,mlx5_5,0.000,0.000,258.895,349.985
2025-11-22 17:36:05,mlx5_6,0.000,0.000,0.000,0.000
2025-11-22 17:36:05,mlx5_7,0.000,0.000,0.000,0.000
2025-11-22 17:36:05,mlx5_8,0.000,0.000,264.529,374.912
2025-11-22 17:36:05,mlx5_9,0.000,0.000,0.000,0.000
2025-11-22 17:36:05,TOTAL,0.000,0.000,1042.263,1428.161
2025-11-22 17:36:06,mlx5_0,0.000,0.000,0.000,0.000
2025-11-22 17:36:06,mlx5_1,0.000,0.000,257.406,341.318
2025-11-22 17:36:06,mlx5_2,0.000,0.000,0.000,0.000
2025-11-22 17:36:06,mlx5_3,0.000,0.000,261.433,361.947
2025-11-22 17:36:06,mlx5_4,0.000,0.000,0.000,0.000
2025-11-22 17:36:06,mlx5_5,0.000,0.000,258.895,349.985
2025-11-22 17:36:06,mlx5_6,0.000,0.000,0.000,0.000
2025-11-22 17:36:06,mlx5_7,0.000,0.000,0.000,0.000
2025-11-22 17:36:06,mlx5_8,0.000,0.000,264.529,374.912
2025-11-22 17:36:06,mlx5_9,0.000,0.000,0.000,0.000
2025-11-22 17:36:06,TOTAL,0.000,0.000,1042.263,1428.161
2025-11-22 17:36:07,mlx5_0,0.000,0.000,0.000,0.000
2025-11-22 17:36:07,mlx5_1,9.392,0.012,258.585,341.319
2025-11-22 17:36:07,mlx5_2,0.000,0.000,0.000,0.000
2025-11-22 17:36:07,mlx5_3,9.660,0.012,262.645,361.948
2025-11-22 17:36:07,mlx5_4,0.000,0.000,0.000,0.000
2025-11-22 17:36:07,mlx5_5,9.280,0.012,260.060,349.986
2025-11-22 17:36:07,mlx5_6,0.000,0.000,0.000,0.000
2025-11-22 17:36:07,mlx5_7,0.000,0.000,0.000,0.000
2025-11-22 17:36:07,mlx5_8,9.651,0.013,265.740,374.914
2025-11-22 17:36:07,mlx5_9,0.000,0.000,0.000,0.000
2025-11-22 17:36:07,TOTAL,37.982,0.049,1047.030,1428.168
2025-11-22 17:36:08,mlx5_0,0.000,0.000,0.000,0.000
2025-11-22 17:36:08,mlx5_1,0.000,0.000,258.585,341.319
2025-11-22 17:36:08,mlx5_2,0.000,0.000,0.000,0.000
2025-11-22 17:36:08,mlx5_3,0.000,0.000,262.645,361.948
2025-11-22 17:36:08,mlx5_4,0.000,0.000,0.000,0.000
2025-11-22 17:36:08,mlx5_5,0.000,0.000,260.060,349.986
2025-11-22 17:36:08,mlx5_6,0.000,0.000,0.000,0.000
2025-11-22 17:36:08,mlx5_7,0.000,0.000,0.000,0.000
2025-11-22 17:36:08,mlx5_8,0.000,0.000,265.740,374.914
2025-11-22 17:36:08,mlx5_9,0.000,0.000,0.000,0.000
2025-11-22 17:36:08,TOTAL,0.000,0.000,1047.030,1428.168
2025-11-22 17:36:09,mlx5_0,0.000,0.000,0.000,0.000
2025-11-22 17:36:09,mlx5_1,0.000,0.000,258.585,341.319
2025-11-22 17:36:09,mlx5_2,0.000,0.000,0.000,0.000
2025-11-22 17:36:09,mlx5_3,0.000,0.000,262.645,361.948
2025-11-22 17:36:09,mlx5_4,0.000,0.000,0.000,0.000
2025-11-22 17:36:09,mlx5_5,0.000,0.000,260.060,349.986
2025-11-22 17:36:09,mlx5_6,0.000,0.000,0.000,0.000
2025-11-22 17:36:09,mlx5_7,0.000,0.000,0.000,0.000
2025-11-22 17:36:09,mlx5_8,0.000,0.000,265.740,374.914
2025-11-22 17:36:09,mlx5_9,0.000,0.000,0.000,0.000
2025-11-22 17:36:09,TOTAL,0.000,0.000,1047.030,1428.168
2025-11-22 17:36:10,mlx5_0,0.000,0.000,0.000,0.000
2025-11-22 17:36:10,mlx5_1,0.000,0.000,258.585,341.319
2025-11-22 17:36:10,mlx5_2,0.000,0.000,0.000,0.000
2025-11-22 17:36:10,mlx5_3,0.000,0.000,262.645,361.948
2025-11-22 17:36:10,mlx5_4,0.000,0.000,0.000,0.000
2025-11-22 17:36:10,mlx5_5,0.000,0.000,260.060,349.986
2025-11-22 17:36:10,mlx5_6,0.000,0.000,0.000,0.000
2025-11-22 17:36:10,mlx5_7,0.000,0.000,0.000,0.000
2025-11-22 17:36:10,mlx5_8,0.000,0.000,265.740,374.914
2025-11-22 17:36:10,mlx5_9,0.000,0.000,0.000,0.000
2025-11-22 17:36:10,TOTAL,0.000,0.000,1047.030,1428.168
2025-11-22 17:36:11,mlx5_0,0.000,0.000,0.000,0.000
2025-11-22 17:36:11,mlx5_1,9.183,0.012,259.738,341.321
2025-11-22 17:36:11,mlx5_2,0.000,0.000,0.000,0.000
2025-11-22 17:36:11,mlx5_3,9.260,0.012,263.809,361.950
2025-11-22 17:36:11,mlx5_4,0.000,0.000,0.000,0.000
2025-11-22 17:36:11,mlx5_5,9.197,0.012,261.215,349.988
2025-11-22 17:36:11,mlx5_6,0.000,0.000,0.000,0.000
2025-11-22 17:36:11,mlx5_7,0.000,0.000,0.000,0.000
2025-11-22 17:36:11,mlx5_8,9.578,0.012,266.944,374.915
2025-11-22 17:36:11,mlx5_9,0.000,0.000,0.000,0.000
2025-11-22 17:36:11,TOTAL,37.218,0.048,1051.706,1428.174
2025-11-22 17:36:12,mlx5_0,0.000,0.000,0.000,0.000
2025-11-22 17:36:12,mlx5_1,0.000,0.000,259.738,341.321
2025-11-22 17:36:12,mlx5_2,0.000,0.000,0.000,0.000
2025-11-22 17:36:12,mlx5_3,0.000,0.000,263.809,361.950
2025-11-22 17:36:12,mlx5_4,0.000,0.000,0.000,0.000
2025-11-22 17:36:12,mlx5_5,0.000,0.000,261.215,349.988
2025-11-22 17:36:12,mlx5_6,0.000,0.000,0.000,0.000
2025-11-22 17:36:12,mlx5_7,0.000,0.000,0.000,0.000
2025-11-22 17:36:12,mlx5_8,0.000,0.000,266.944,374.915
2025-11-22 17:36:12,mlx5_9,0.000,0.000,0.000,0.000
2025-11-22 17:36:12,TOTAL,0.000,0.000,1051.706,1428.174
2025-11-22 17:36:13,mlx5_0,0.000,0.000,0.000,0.000
2025-11-22 17:36:13,mlx5_1,0.000,0.000,259.738,341.321
2025-11-22 17:36:13,mlx5_2,0.000,0.000,0.000,0.000
2025-11-22 17:36:13,mlx5_3,0.000,0.000,263.809,361.950
2025-11-22 17:36:13,mlx5_4,0.000,0.000,0.000,0.000
2025-11-22 17:36:13,mlx5_5,0.000,0.000,261.215,349.988
2025-11-22 17:36:13,mlx5_6,0.000,0.000,0.000,0.000
2025-11-22 17:36:13,mlx5_7,0.000,0.000,0.000,0.000
2025-11-22 17:36:13,mlx5_8,0.000,0.000,266.944,374.915
2025-11-22 17:36:13,mlx5_9,0.000,0.000,0.000,0.000
2025-11-22 17:36:13,TOTAL,0.000,0.000,1051.706,1428.174
2025-11-22 17:36:14,mlx5_0,0.000,0.000,0.000,0.000
2025-11-22 17:36:14,mlx5_1,9.055,0.012,260.876,341.322
2025-11-22 17:36:14,mlx5_2,0.000,0.000,0.000,0.000
2025-11-22 17:36:14,mlx5_3,9.481,0.012,265.000,361.951
2025-11-22 17:36:14,mlx5_4,0.000,0.000,0.000,0.000
2025-11-22 17:36:14,mlx5_5,9.096,0.012,262.358,349.989
2025-11-22 17:36:14,mlx5_6,0.000,0.000,0.000,0.000
2025-11-22 17:36:14,mlx5_7,0.000,0.000,0.000,0.000
2025-11-22 17:36:14,mlx5_8,9.591,0.012,268.148,374.917
2025-11-22 17:36:14,mlx5_9,0.000,0.000,0.000,0.000
2025-11-22 17:36:14,TOTAL,37.224,0.048,1056.382,1428.180
2025-11-22 17:36:15,mlx5_0,0.000,0.000,0.000,0.000
2025-11-22 17:36:15,mlx5_1,0.000,0.000,260.876,341.322
2025-11-22 17:36:15,mlx5_2,0.000,0.000,0.000,0.000
2025-11-22 17:36:15,mlx5_3,0.000,0.000,265.000,361.951
2025-11-22 17:36:15,mlx5_4,0.000,0.000,0.000,0.000
2025-11-22 17:36:15,mlx5_5,0.000,0.000,262.358,349.989
2025-11-22 17:36:15,mlx5_6,0.000,0.000,0.000,0.000
2025-11-22 17:36:15,mlx5_7,0.000,0.000,0.000,0.000
2025-11-22 17:36:15,mlx5_8,0.000,0.000,268.148,374.917
2025-11-22 17:36:15,mlx5_9,0.000,0.000,0.000,0.000
2025-11-22 17:36:15,TOTAL,0.000,0.000,1056.382,1428.180
2025-11-22 17:36:16,mlx5_0,0.000,0.000,0.000,0.000
2025-11-22 17:36:16,mlx5_1,0.000,0.000,260.876,341.322
2025-11-22 17:36:16,mlx5_2,0.000,0.000,0.000,0.000
2025-11-22 17:36:16,mlx5_3,0.000,0.000,265.000,361.951
2025-11-22 17:36:16,mlx5_4,0.000,0.000,0.000,0.000
2025-11-22 17:36:16,mlx5_5,0.000,0.000,262.358,349.989
2025-11-22 17:36:16,mlx5_6,0.000,0.000,0.000,0.000
2025-11-22 17:36:16,mlx5_7,0.000,0.000,0.000,0.000
2025-11-22 17:36:16,mlx5_8,0.000,0.000,268.148,374.917
2025-11-22 17:36:16,mlx5_9,0.000,0.000,0.000,0.000
2025-11-22 17:36:16,TOTAL,0.000,0.000,1056.382,1428.180
2025-11-22 17:36:17,mlx5_0,0.000,0.000,0.000,0.000
2025-11-22 17:36:17,mlx5_1,0.000,0.000,260.876,341.322
2025-11-22 17:36:17,mlx5_2,0.000,0.000,0.000,0.000
2025-11-22 17:36:17,mlx5_3,0.000,0.000,265.000,361.951
2025-11-22 17:36:17,mlx5_4,0.000,0.000,0.000,0.000
2025-11-22 17:36:17,mlx5_5,0.000,0.000,262.358,349.989
2025-11-22 17:36:17,mlx5_6,0.000,0.000,0.000,0.000
2025-11-22 17:36:17,mlx5_7,0.000,0.000,0.000,0.000
2025-11-22 17:36:17,mlx5_8,0.000,0.000,268.148,374.917
2025-11-22 17:36:17,mlx5_9,0.000,0.000,0.000,0.000
2025-11-22 17:36:17,TOTAL,0.000,0.000,1056.382,1428.180
2025-11-22 17:36:18,mlx5_0,0.000,0.000,0.000,0.000
2025-11-22 17:36:18,mlx5_1,9.233,0.012,262.036,341.324
2025-11-22 17:36:18,mlx5_2,0.000,0.000,0.000,0.000
2025-11-22 17:36:18,mlx5_3,9.364,0.012,266.176,361.953
2025-11-22 17:36:18,mlx5_4,0.000,0.000,0.000,0.000
2025-11-22 17:36:18,mlx5_5,9.268,0.012,263.522,349.991
2025-11-22 17:36:18,mlx5_6,0.000,0.000,0.000,0.000
2025-11-22 17:36:18,mlx5_7,0.000,0.000,0.000,0.000
2025-11-22 17:36:18,mlx5_8,9.363,0.012,269.325,374.919
2025-11-22 17:36:18,mlx5_9,0.000,0.000,0.000,0.000
2025-11-22 17:36:18,TOTAL,37.227,0.048,1061.058,1428.186
2025-11-22 17:36:19,mlx5_0,0.000,0.000,0.000,0.000
2025-11-22 17:36:19,mlx5_1,0.000,0.000,262.036,341.324
2025-11-22 17:36:19,mlx5_2,0.000,0.000,0.000,0.000
2025-11-22 17:36:19,mlx5_3,0.000,0.000,266.176,361.953
2025-11-22 17:36:19,mlx5_4,0.000,0.000,0.000,0.000
2025-11-22 17:36:19,mlx5_5,0.000,0.000,263.522,349.991
2025-11-22 17:36:19,mlx5_6,0.000,0.000,0.000,0.000
2025-11-22 17:36:19,mlx5_7,0.000,0.000,0.000,0.000
2025-11-22 17:36:19,mlx5_8,0.000,0.000,269.325,374.919
2025-11-22 17:36:19,mlx5_9,0.000,0.000,0.000,0.000
2025-11-22 17:36:19,TOTAL,0.000,0.000,1061.058,1428.186
2025-11-22 17:36:20,mlx5_0,0.000,0.000,0.000,0.000
2025-11-22 17:36:20,mlx5_1,0.000,0.000,262.036,341.324
2025-11-22 17:36:20,mlx5_2,0.000,0.000,0.000,0.000
2025-11-22 17:36:20,mlx5_3,0.000,0.000,266.176,361.953
2025-11-22 17:36:20,mlx5_4,0.000,0.000,0.000,0.000
2025-11-22 17:36:20,mlx5_5,0.000,0.000,263.522,349.991
2025-11-22 17:36:20,mlx5_6,0.000,0.000,0.000,0.000
2025-11-22 17:36:20,mlx5_7,0.000,0.000,0.000,0.000
2025-11-22 17:36:20,mlx5_8,0.000,0.000,269.325,374.919
2025-11-22 17:36:20,mlx5_9,0.000,0.000,0.000,0.000
2025-11-22 17:36:20,TOTAL,0.000,0.000,1061.058,1428.186
2025-11-22 17:36:21,mlx5_0,0.000,0.000,0.000,0.000
2025-11-22 17:36:21,mlx5_1,0.000,0.000,262.036,341.324
2025-11-22 17:36:21,mlx5_2,0.000,0.000,0.000,0.000
2025-11-22 17:36:21,mlx5_3,0.000,0.000,266.176,361.953
2025-11-22 17:36:21,mlx5_4,0.000,0.000,0.000,0.000
2025-11-22 17:36:21,mlx5_5,0.000,0.000,263.522,349.991
2025-11-22 17:36:21,mlx5_6,0.000,0.000,0.000,0.000
2025-11-22 17:36:21,mlx5_7,0.000,0.000,0.000,0.000
2025-11-22 17:36:21,mlx5_8,0.000,0.000,269.325,374.919
2025-11-22 17:36:21,mlx5_9,0.000,0.000,0.000,0.000
2025-11-22 17:36:21,TOTAL,0.000,0.000,1061.058,1428.186
2025-11-22 17:36:22,mlx5_0,0.000,0.000,0.000,0.000
2025-11-22 17:36:22,mlx5_1,0.000,0.000,262.036,341.324
2025-11-22 17:36:22,mlx5_2,0.000,0.000,0.000,0.000
2025-11-22 17:36:22,mlx5_3,0.000,0.000,266.176,361.953
2025-11-22 17:36:22,mlx5_4,0.000,0.000,0.000,0.000
2025-11-22 17:36:22,mlx5_5,0.000,0.000,263.522,349.991
2025-11-22 17:36:22,mlx5_6,0.000,0.000,0.000,0.000
2025-11-22 17:36:22,mlx5_7,0.000,0.000,0.000,0.000
2025-11-22 17:36:22,mlx5_8,0.000,0.000,269.325,374.919
2025-11-22 17:36:22,mlx5_9,0.000,0.000,0.000,0.000
2025-11-22 17:36:22,TOTAL,0.001,0.001,1061.058,1428.186
2025-11-22 17:36:23,mlx5_0,0.000,0.000,0.000,0.000
2025-11-22 17:36:23,mlx5_1,9.285,0.012,263.202,341.325
2025-11-22 17:36:23,mlx5_2,0.000,0.000,0.000,0.000
2025-11-22 17:36:23,mlx5_3,9.221,0.012,267.334,361.954
2025-11-22 17:36:23,mlx5_4,0.000,0.000,0.000,0.000
2025-11-22 17:36:23,mlx5_5,9.388,0.012,264.701,349.992
2025-11-22 17:36:23,mlx5_6,0.000,0.000,0.000,0.000
2025-11-22 17:36:23,mlx5_7,0.000,0.000,0.000,0.000
2025-11-22 17:36:23,mlx5_8,9.335,0.012,270.497,374.920
2025-11-22 17:36:23,mlx5_9,0.000,0.000,0.000,0.000
2025-11-22 17:36:23,TOTAL,37.229,0.048,1065.734,1428.192
2025-11-22 17:36:24,mlx5_0,0.000,0.000,0.000,0.000
2025-11-22 17:36:24,mlx5_1,0.000,0.000,263.202,341.325
2025-11-22 17:36:24,mlx5_2,0.000,0.000,0.000,0.000
2025-11-22 17:36:24,mlx5_3,0.000,0.000,267.334,361.954
2025-11-22 17:36:24,mlx5_4,0.000,0.000,0.000,0.000
2025-11-22 17:36:24,mlx5_5,0.000,0.000,264.701,349.992
2025-11-22 17:36:24,mlx5_6,0.000,0.000,0.000,0.000
2025-11-22 17:36:24,mlx5_7,0.000,0.000,0.000,0.000
2025-11-22 17:36:24,mlx5_8,0.000,0.000,270.497,374.920
2025-11-22 17:36:24,mlx5_9,0.000,0.000,0.000,0.000
2025-11-22 17:36:24,TOTAL,0.000,0.000,1065.734,1428.192
2025-11-22 17:36:25,mlx5_0,0.000,0.000,0.000,0.000
2025-11-22 17:36:25,mlx5_1,0.000,0.000,263.202,341.325
2025-11-22 17:36:25,mlx5_2,0.000,0.000,0.000,0.000
2025-11-22 17:36:25,mlx5_3,0.000,0.000,267.334,361.954
2025-11-22 17:36:25,mlx5_4,0.000,0.000,0.000,0.000
2025-11-22 17:36:25,mlx5_5,0.000,0.000,264.701,349.992
2025-11-22 17:36:25,mlx5_6,0.000,0.000,0.000,0.000
2025-11-22 17:36:25,mlx5_7,0.000,0.000,0.000,0.000
2025-11-22 17:36:25,mlx5_8,0.000,0.000,270.497,374.920
2025-11-22 17:36:25,mlx5_9,0.000,0.000,0.000,0.000
2025-11-22 17:36:25,TOTAL,0.000,0.000,1065.734,1428.192
2025-11-22 17:36:26,mlx5_0,0.000,0.000,0.000,0.000
2025-11-22 17:36:26,mlx5_1,0.000,0.000,263.202,341.325
2025-11-22 17:36:26,mlx5_2,0.000,0.000,0.000,0.000
2025-11-22 17:36:26,mlx5_3,0.000,0.000,267.334,361.954
2025-11-22 17:36:26,mlx5_4,0.000,0.000,0.000,0.000
2025-11-22 17:36:26,mlx5_5,0.000,0.000,264.701,349.992
2025-11-22 17:36:26,mlx5_6,0.000,0.000,0.000,0.000
2025-11-22 17:36:26,mlx5_7,0.000,0.000,0.000,0.000
2025-11-22 17:36:26,mlx5_8,0.000,0.000,270.497,374.920
2025-11-22 17:36:26,mlx5_9,0.000,0.000,0.000,0.000
2025-11-22 17:36:26,TOTAL,0.000,0.000,1065.734,1428.192
2025-11-22 17:36:27,mlx5_0,0.000,0.000,0.000,0.000
2025-11-22 17:36:27,mlx5_1,9.106,7.405,264.345,342.255
2025-11-22 17:36:27,mlx5_2,0.000,0.000,0.000,0.000
2025-11-22 17:36:27,mlx5_3,9.318,7.592,268.503,362.907
2025-11-22 17:36:27,mlx5_4,0.000,0.000,0.000,0.000
2025-11-22 17:36:27,mlx5_5,9.331,7.526,265.872,350.937
2025-11-22 17:36:27,mlx5_6,0.000,0.000,0.000,0.000
2025-11-22 17:36:27,mlx5_7,0.000,0.000,0.000,0.000
2025-11-22 17:36:27,mlx5_8,9.561,8.327,271.697,375.965
2025-11-22 17:36:27,mlx5_9,0.000,0.000,0.000,0.000
2025-11-22 17:36:27,TOTAL,37.316,30.850,1070.417,1432.063
2025-11-22 17:36:28,mlx5_0,0.000,0.000,0.000,0.000
2025-11-22 17:36:28,mlx5_1,0.083,47.454,264.355,348.218
2025-11-22 17:36:28,mlx5_2,0.000,0.000,0.000,0.000
2025-11-22 17:36:28,mlx5_3,0.089,49.250,268.514,369.095
2025-11-22 17:36:28,mlx5_4,0.000,0.000,0.000,0.000
2025-11-22 17:36:28,mlx5_5,0.085,47.730,265.883,356.934
2025-11-22 17:36:28,mlx5_6,0.000,0.000,0.000,0.000
2025-11-22 17:36:28,mlx5_7,0.000,0.000,0.000,0.000
2025-11-22 17:36:28,mlx5_8,0.090,51.239,271.708,382.404
2025-11-22 17:36:28,mlx5_9,0.000,0.000,0.000,0.000
2025-11-22 17:36:28,TOTAL,0.347,195.674,1070.460,1456.651
2025-11-22 17:36:29,mlx5_0,0.000,0.000,0.000,0.000
2025-11-22 17:36:29,mlx5_1,0.000,0.000,264.355,348.218
2025-11-22 17:36:29,mlx5_2,0.000,0.000,0.000,0.000
2025-11-22 17:36:29,mlx5_3,0.000,0.000,268.514,369.095
2025-11-22 17:36:29,mlx5_4,0.000,0.000,0.000,0.000
2025-11-22 17:36:29,mlx5_5,0.000,0.000,265.883,356.934
2025-11-22 17:36:29,mlx5_6,0.000,0.000,0.000,0.000
2025-11-22 17:36:29,mlx5_7,0.000,0.000,0.000,0.000
2025-11-22 17:36:29,mlx5_8,0.000,0.000,271.708,382.404
2025-11-22 17:36:29,mlx5_9,0.000,0.000,0.000,0.000
2025-11-22 17:36:29,TOTAL,0.000,0.000,1070.460,1456.651
2025-11-22 17:36:30,mlx5_0,0.000,0.000,0.000,0.000
2025-11-22 17:36:30,mlx5_1,0.000,0.000,264.355,348.218
2025-11-22 17:36:30,mlx5_2,0.000,0.000,0.000,0.000
2025-11-22 17:36:30,mlx5_3,0.000,0.000,268.514,369.095
2025-11-22 17:36:30,mlx5_4,0.000,0.000,0.000,0.000
2025-11-22 17:36:30,mlx5_5,0.000,0.000,265.883,356.934
2025-11-22 17:36:30,mlx5_6,0.000,0.000,0.000,0.000
2025-11-22 17:36:30,mlx5_7,0.000,0.000,0.000,0.000
2025-11-22 17:36:30,mlx5_8,0.000,0.000,271.708,382.404
2025-11-22 17:36:30,mlx5_9,0.000,0.000,0.000,0.000
2025-11-22 17:36:30,TOTAL,0.000,0.000,1070.460,1456.651
2025-11-22 17:36:31,mlx5_0,0.000,0.000,0.000,0.000
2025-11-22 17:36:31,mlx5_1,0.000,0.000,264.355,348.218
2025-11-22 17:36:31,mlx5_2,0.000,0.000,0.000,0.000
2025-11-22 17:36:31,mlx5_3,0.000,0.000,268.514,369.095
2025-11-22 17:36:31,mlx5_4,0.000,0.000,0.000,0.000
2025-11-22 17:36:31,mlx5_5,0.000,0.000,265.883,356.934
2025-11-22 17:36:31,mlx5_6,0.000,0.000,0.000,0.000
2025-11-22 17:36:31,mlx5_7,0.000,0.000,0.000,0.000
2025-11-22 17:36:31,mlx5_8,0.000,0.000,271.708,382.404
2025-11-22 17:36:31,mlx5_9,0.000,0.000,0.000,0.000
2025-11-22 17:36:31,TOTAL,0.000,0.000,1070.460,1456.651
2025-11-22 17:36:32,mlx5_0,0.000,0.000,0.000,0.000
2025-11-22 17:36:32,mlx5_1,9.384,0.012,265.533,348.219
2025-11-22 17:36:32,mlx5_2,0.000,0.000,0.000,0.000
2025-11-22 17:36:32,mlx5_3,9.568,0.012,269.716,369.097
2025-11-22 17:36:32,mlx5_4,0.000,0.000,0.000,0.000
2025-11-22 17:36:32,mlx5_5,9.389,0.012,267.061,356.936
2025-11-22 17:36:32,mlx5_6,0.000,0.000,0.000,0.000
2025-11-22 17:36:32,mlx5_7,0.000,0.000,0.000,0.000
2025-11-22 17:36:32,mlx5_8,9.639,0.013,272.918,382.405
2025-11-22 17:36:32,mlx5_9,0.000,0.000,0.000,0.000
2025-11-22 17:36:32,TOTAL,37.981,0.049,1075.228,1456.657
2025-11-22 17:36:33,mlx5_0,0.000,0.000,0.000,0.000
2025-11-22 17:36:33,mlx5_1,0.000,0.000,265.533,348.219
2025-11-22 17:36:33,mlx5_2,0.000,0.000,0.000,0.000
2025-11-22 17:36:33,mlx5_3,0.000,0.000,269.716,369.097
2025-11-22 17:36:33,mlx5_4,0.000,0.000,0.000,0.000
2025-11-22 17:36:33,mlx5_5,0.000,0.000,267.061,356.936
2025-11-22 17:36:33,mlx5_6,0.000,0.000,0.000,0.000
2025-11-22 17:36:33,mlx5_7,0.000,0.000,0.000,0.000
2025-11-22 17:36:33,mlx5_8,0.000,0.000,272.918,382.405
2025-11-22 17:36:33,mlx5_9,0.000,0.000,0.000,0.000
2025-11-22 17:36:33,TOTAL,0.000,0.000,1075.228,1456.657
2025-11-22 17:36:34,mlx5_0,0.000,0.000,0.000,0.000
2025-11-22 17:36:34,mlx5_1,0.000,0.000,265.533,348.219
2025-11-22 17:36:34,mlx5_2,0.000,0.000,0.000,0.000
2025-11-22 17:36:34,mlx5_3,0.000,0.000,269.716,369.097
2025-11-22 17:36:34,mlx5_4,0.000,0.000,0.000,0.000
2025-11-22 17:36:34,mlx5_5,0.000,0.000,267.061,356.936
2025-11-22 17:36:34,mlx5_6,0.000,0.000,0.000,0.000
2025-11-22 17:36:34,mlx5_7,0.000,0.000,0.000,0.000
2025-11-22 17:36:34,mlx5_8,0.000,0.000,272.918,382.405
2025-11-22 17:36:34,mlx5_9,0.000,0.000,0.000,0.000
2025-11-22 17:36:34,TOTAL,0.000,0.000,1075.228,1456.657
2025-11-22 17:36:35,mlx5_0,0.000,0.000,0.000,0.000
2025-11-22 17:36:35,mlx5_1,9.343,0.012,266.706,348.221
2025-11-22 17:36:35,mlx5_2,0.000,0.000,0.000,0.000
2025-11-22 17:36:35,mlx5_3,9.462,0.012,270.903,369.098
2025-11-22 17:36:35,mlx5_4,0.000,0.000,0.000,0.000
2025-11-22 17:36:35,mlx5_5,9.138,0.012,268.208,356.937
2025-11-22 17:36:35,mlx5_6,0.000,0.000,0.000,0.000
2025-11-22 17:36:35,mlx5_7,0.000,0.000,0.000,0.000
2025-11-22 17:36:35,mlx5_8,9.307,0.012,274.086,382.407
2025-11-22 17:36:35,mlx5_9,0.000,0.000,0.000,0.000
2025-11-22 17:36:35,TOTAL,37.251,0.048,1079.904,1456.663
2025-11-22 17:36:36,mlx5_0,0.000,0.000,0.000,0.000
2025-11-22 17:36:36,mlx5_1,0.000,0.000,266.706,348.221
2025-11-22 17:36:36,mlx5_2,0.000,0.000,0.000,0.000
2025-11-22 17:36:36,mlx5_3,0.000,0.000,270.903,369.098
2025-11-22 17:36:36,mlx5_4,0.000,0.000,0.000,0.000
2025-11-22 17:36:36,mlx5_5,0.000,0.000,268.208,356.937
2025-11-22 17:36:36,mlx5_6,0.000,0.000,0.000,0.000
2025-11-22 17:36:36,mlx5_7,0.000,0.000,0.000,0.000
2025-11-22 17:36:36,mlx5_8,0.000,0.000,274.086,382.407
2025-11-22 17:36:36,mlx5_9,0.000,0.000,0.000,0.000
2025-11-22 17:36:36,TOTAL,0.000,0.000,1079.904,1456.663
2025-11-22 17:36:37,mlx5_0,0.000,0.000,0.000,0.000
2025-11-22 17:36:37,mlx5_1,0.000,0.000,266.706,348.221
2025-11-22 17:36:37,mlx5_2,0.000,0.000,0.000,0.000
2025-11-22 17:36:37,mlx5_3,0.000,0.000,270.903,369.098
2025-11-22 17:36:37,mlx5_4,0.000,0.000,0.000,0.000
2025-11-22 17:36:37,mlx5_5,0.000,0.000,268.208,356.937
2025-11-22 17:36:37,mlx5_6,0.000,0.000,0.000,0.000
2025-11-22 17:36:37,mlx5_7,0.000,0.000,0.000,0.000
2025-11-22 17:36:37,mlx5_8,0.000,0.000,274.086,382.407
2025-11-22 17:36:37,mlx5_9,0.000,0.000,0.000,0.000
2025-11-22 17:36:37,TOTAL,0.000,0.000,1079.904,1456.663
2025-11-22 17:36:38,mlx5_0,0.000,0.000,0.000,0.000
2025-11-22 17:36:38,mlx5_1,0.040,0.000,266.711,348.221
2025-11-22 17:36:38,mlx5_2,0.000,0.000,0.000,0.000
2025-11-22 17:36:38,mlx5_3,0.162,0.000,270.924,369.098
2025-11-22 17:36:38,mlx5_4,0.000,0.000,0.000,0.000
2025-11-22 17:36:38,mlx5_5,0.168,0.000,268.229,356.937
2025-11-22 17:36:38,mlx5_6,0.000,0.000,0.000,0.000
2025-11-22 17:36:38,mlx5_7,0.000,0.000,0.000,0.000
2025-11-22 17:36:38,mlx5_8,0.217,0.000,274.114,382.407
2025-11-22 17:36:38,mlx5_9,0.000,0.000,0.000,0.000
2025-11-22 17:36:38,TOTAL,0.587,0.001,1079.977,1456.664
2025-11-22 17:36:39,mlx5_0,0.000,0.000,0.000,0.000
2025-11-22 17:36:39,mlx5_1,9.101,0.012,267.855,348.222
2025-11-22 17:36:39,mlx5_2,0.000,0.000,0.000,0.000
2025-11-22 17:36:39,mlx5_3,9.239,0.011,272.085,369.100
2025-11-22 17:36:39,mlx5_4,0.000,0.000,0.000,0.000
2025-11-22 17:36:39,mlx5_5,9.021,0.011,269.363,356.939
2025-11-22 17:36:39,mlx5_6,0.000,0.000,0.000,0.000
2025-11-22 17:36:39,mlx5_7,0.000,0.000,0.000,0.000
2025-11-22 17:36:39,mlx5_8,9.248,0.012,275.276,382.408
2025-11-22 17:36:39,mlx5_9,0.000,0.000,0.000,0.000
2025-11-22 17:36:39,TOTAL,36.608,0.046,1084.580,1456.669
2025-11-22 17:36:40,mlx5_0,0.000,0.000,0.000,0.000
2025-11-22 17:36:40,mlx5_1,0.000,0.000,267.855,348.222
2025-11-22 17:36:40,mlx5_2,0.000,0.000,0.000,0.000
2025-11-22 17:36:40,mlx5_3,0.000,0.000,272.085,369.100
2025-11-22 17:36:40,mlx5_4,0.000,0.000,0.000,0.000
2025-11-22 17:36:40,mlx5_5,0.000,0.000,269.363,356.939
2025-11-22 17:36:40,mlx5_6,0.000,0.000,0.000,0.000
2025-11-22 17:36:40,mlx5_7,0.000,0.000,0.000,0.000
2025-11-22 17:36:40,mlx5_8,0.000,0.000,275.276,382.408
2025-11-22 17:36:40,mlx5_9,0.000,0.000,0.000,0.000
2025-11-22 17:36:40,TOTAL,0.000,0.000,1084.580,1456.669
2025-11-22 17:36:41,mlx5_0,0.000,0.000,0.000,0.000
2025-11-22 17:36:41,mlx5_1,0.000,0.000,267.855,348.222
2025-11-22 17:36:41,mlx5_2,0.000,0.000,0.000,0.000
2025-11-22 17:36:41,mlx5_3,0.000,0.000,272.085,369.100
2025-11-22 17:36:41,mlx5_4,0.000,0.000,0.000,0.000
2025-11-22 17:36:41,mlx5_5,0.000,0.000,269.363,356.939
2025-11-22 17:36:41,mlx5_6,0.000,0.000,0.000,0.000
2025-11-22 17:36:41,mlx5_7,0.000,0.000,0.000,0.000
2025-11-22 17:36:41,mlx5_8,0.000,0.000,275.276,382.408
2025-11-22 17:36:41,mlx5_9,0.000,0.000,0.000,0.000
2025-11-22 17:36:41,TOTAL,0.000,0.000,1084.580,1456.669
2025-11-22 17:36:42,mlx5_0,0.000,0.000,0.000,0.000
2025-11-22 17:36:42,mlx5_1,9.303,0.012,269.023,348.224
2025-11-22 17:36:42,mlx5_2,0.000,0.000,0.000,0.000
2025-11-22 17:36:42,mlx5_3,9.305,0.012,273.253,369.101
2025-11-22 17:36:42,mlx5_4,0.000,0.000,0.000,0.000
2025-11-22 17:36:42,mlx5_5,9.207,0.012,270.519,356.940
2025-11-22 17:36:42,mlx5_6,0.000,0.000,0.000,0.000
2025-11-22 17:36:42,mlx5_7,0.000,0.000,0.000,0.000
2025-11-22 17:36:42,mlx5_8,9.438,0.012,276.461,382.410
2025-11-22 17:36:42,mlx5_9,0.000,0.000,0.000,0.000
2025-11-22 17:36:42,TOTAL,37.253,0.048,1089.256,1456.675
2025-11-22 17:36:43,mlx5_0,0.000,0.000,0.000,0.000
2025-11-22 17:36:43,mlx5_1,0.000,0.000,269.023,348.224
2025-11-22 17:36:43,mlx5_2,0.000,0.000,0.000,0.000
2025-11-22 17:36:43,mlx5_3,0.000,0.000,273.253,369.101
2025-11-22 17:36:43,mlx5_4,0.000,0.000,0.000,0.000
2025-11-22 17:36:43,mlx5_5,0.000,0.000,270.519,356.940
2025-11-22 17:36:43,mlx5_6,0.000,0.000,0.000,0.000
2025-11-22 17:36:43,mlx5_7,0.000,0.000,0.000,0.000
2025-11-22 17:36:43,mlx5_8,0.000,0.000,276.461,382.410
2025-11-22 17:36:43,mlx5_9,0.000,0.000,0.000,0.000
2025-11-22 17:36:43,TOTAL,0.000,0.000,1089.256,1456.675
2025-11-22 17:36:44,mlx5_0,0.000,0.000,0.000,0.000
2025-11-22 17:36:44,mlx5_1,0.000,0.000,269.023,348.224
2025-11-22 17:36:44,mlx5_2,0.000,0.000,0.000,0.000
2025-11-22 17:36:44,mlx5_3,0.000,0.000,273.253,369.101
2025-11-22 17:36:44,mlx5_4,0.000,0.000,0.000,0.000
2025-11-22 17:36:44,mlx5_5,0.000,0.000,270.519,356.940
2025-11-22 17:36:44,mlx5_6,0.000,0.000,0.000,0.000
2025-11-22 17:36:44,mlx5_7,0.000,0.000,0.000,0.000
2025-11-22 17:36:44,mlx5_8,0.000,0.000,276.461,382.410
2025-11-22 17:36:44,mlx5_9,0.000,0.000,0.000,0.000
2025-11-22 17:36:44,TOTAL,0.000,0.000,1089.256,1456.675
2025-11-22 17:36:45,mlx5_0,0.000,0.000,0.000,0.000
2025-11-22 17:36:45,mlx5_1,0.000,0.000,269.023,348.224
2025-11-22 17:36:45,mlx5_2,0.000,0.000,0.000,0.000
2025-11-22 17:36:45,mlx5_3,0.000,0.000,273.253,369.101
2025-11-22 17:36:45,mlx5_4,0.000,0.000,0.000,0.000
2025-11-22 17:36:45,mlx5_5,0.000,0.000,270.519,356.940
2025-11-22 17:36:45,mlx5_6,0.000,0.000,0.000,0.000
2025-11-22 17:36:45,mlx5_7,0.000,0.000,0.000,0.000
2025-11-22 17:36:45,mlx5_8,0.000,0.000,276.461,382.410
2025-11-22 17:36:45,mlx5_9,0.000,0.000,0.000,0.000
2025-11-22 17:36:45,TOTAL,0.000,0.000,1089.256,1456.675
2025-11-22 17:36:46,mlx5_0,0.000,0.000,0.000,0.000
2025-11-22 17:36:46,mlx5_1,0.000,0.000,269.023,348.224
2025-11-22 17:36:46,mlx5_2,0.000,0.000,0.000,0.000
2025-11-22 17:36:46,mlx5_3,0.000,0.000,273.253,369.101
2025-11-22 17:36:46,mlx5_4,0.000,0.000,0.000,0.000
2025-11-22 17:36:46,mlx5_5,0.000,0.000,270.519,356.940
2025-11-22 17:36:46,mlx5_6,0.000,0.000,0.000,0.000
2025-11-22 17:36:46,mlx5_7,0.000,0.000,0.000,0.000
2025-11-22 17:36:46,mlx5_8,0.000,0.000,276.461,382.410
2025-11-22 17:36:46,mlx5_9,0.000,0.000,0.000,0.000
2025-11-22 17:36:46,TOTAL,0.000,0.000,1089.256,1456.675
2025-11-22 17:36:47,mlx5_0,0.000,0.000,0.000,0.000
2025-11-22 17:36:47,mlx5_1,9.060,0.012,270.161,348.225
2025-11-22 17:36:47,mlx5_2,0.000,0.000,0.000,0.000
2025-11-22 17:36:47,mlx5_3,9.298,0.012,274.421,369.103
2025-11-22 17:36:47,mlx5_4,0.000,0.000,0.000,0.000
2025-11-22 17:36:47,mlx5_5,9.412,0.012,271.702,356.942
2025-11-22 17:36:47,mlx5_6,0.000,0.000,0.000,0.000
2025-11-22 17:36:47,mlx5_7,0.000,0.000,0.000,0.000
2025-11-22 17:36:47,mlx5_8,9.444,0.012,277.648,382.411
2025-11-22 17:36:47,mlx5_9,0.000,0.000,0.000,0.000
2025-11-22 17:36:47,TOTAL,37.214,0.047,1093.932,1456.681
2025-11-22 17:36:48,mlx5_0,0.000,0.000,0.000,0.000
2025-11-22 17:36:48,mlx5_1,0.000,0.000,270.161,348.225
2025-11-22 17:36:48,mlx5_2,0.000,0.000,0.000,0.000
2025-11-22 17:36:48,mlx5_3,0.000,0.000,274.421,369.103
2025-11-22 17:36:48,mlx5_4,0.000,0.000,0.000,0.000
2025-11-22 17:36:48,mlx5_5,0.000,0.000,271.702,356.942
2025-11-22 17:36:48,mlx5_6,0.000,0.000,0.000,0.000
2025-11-22 17:36:48,mlx5_7,0.000,0.000,0.000,0.000
2025-11-22 17:36:48,mlx5_8,0.000,0.000,277.648,382.411
2025-11-22 17:36:48,mlx5_9,0.000,0.000,0.000,0.000
2025-11-22 17:36:48,TOTAL,0.000,0.000,1093.932,1456.681
2025-11-22 17:36:49,mlx5_0,0.000,0.000,0.000,0.000
2025-11-22 17:36:49,mlx5_1,0.000,0.000,270.161,348.225
2025-11-22 17:36:49,mlx5_2,0.000,0.000,0.000,0.000
2025-11-22 17:36:49,mlx5_3,0.000,0.000,274.421,369.103
2025-11-22 17:36:49,mlx5_4,0.000,0.000,0.000,0.000
2025-11-22 17:36:49,mlx5_5,0.000,0.000,271.702,356.942
2025-11-22 17:36:49,mlx5_6,0.000,0.000,0.000,0.000
2025-11-22 17:36:49,mlx5_7,0.000,0.000,0.000,0.000
2025-11-22 17:36:49,mlx5_8,0.000,0.000,277.648,382.411
2025-11-22 17:36:49,mlx5_9,0.000,0.000,0.000,0.000
2025-11-22 17:36:49,TOTAL,0.000,0.000,1093.932,1456.681
2025-11-22 17:36:50,mlx5_0,0.000,0.000,0.000,0.000
2025-11-22 17:36:50,mlx5_1,0.000,0.000,270.161,348.225
2025-11-22 17:36:50,mlx5_2,0.000,0.000,0.000,0.000
2025-11-22 17:36:50,mlx5_3,0.000,0.000,274.421,369.103
2025-11-22 17:36:50,mlx5_4,0.000,0.000,0.000,0.000
2025-11-22 17:36:50,mlx5_5,0.000,0.000,271.702,356.942
2025-11-22 17:36:50,mlx5_6,0.000,0.000,0.000,0.000
2025-11-22 17:36:50,mlx5_7,0.000,0.000,0.000,0.000
2025-11-22 17:36:50,mlx5_8,0.000,0.000,277.648,382.411
2025-11-22 17:36:50,mlx5_9,0.000,0.000,0.000,0.000
2025-11-22 17:36:50,TOTAL,0.000,0.000,1093.932,1456.681
2025-11-22 17:36:51,mlx5_0,0.000,0.000,0.000,0.000
2025-11-22 17:36:51,mlx5_1,0.000,0.000,270.161,348.225
2025-11-22 17:36:51,mlx5_2,0.000,0.000,0.000,0.000
2025-11-22 17:36:51,mlx5_3,0.000,0.000,274.421,369.103
2025-11-22 17:36:51,mlx5_4,0.000,0.000,0.000,0.000
2025-11-22 17:36:51,mlx5_5,0.000,0.000,271.702,356.942
2025-11-22 17:36:51,mlx5_6,0.000,0.000,0.000,0.000
2025-11-22 17:36:51,mlx5_7,0.000,0.000,0.000,0.000
2025-11-22 17:36:51,mlx5_8,0.000,0.000,277.648,382.411
2025-11-22 17:36:51,mlx5_9,0.000,0.000,0.000,0.000
2025-11-22 17:36:51,TOTAL,0.001,0.001,1093.932,1456.682
2025-11-22 17:36:52,mlx5_0,0.000,0.000,0.000,0.000
2025-11-22 17:36:52,mlx5_1,9.211,54.460,271.319,355.069
2025-11-22 17:36:52,mlx5_2,0.000,0.000,0.000,0.000
2025-11-22 17:36:52,mlx5_3,9.392,57.106,275.602,376.279
2025-11-22 17:36:52,mlx5_4,0.000,0.000,0.000,0.000
2025-11-22 17:36:52,mlx5_5,9.396,55.358,272.882,363.898
2025-11-22 17:36:52,mlx5_6,0.000,0.000,0.000,0.000
2025-11-22 17:36:52,mlx5_7,0.000,0.000,0.000,0.000
2025-11-22 17:36:52,mlx5_8,9.668,59.545,278.863,389.894
2025-11-22 17:36:52,mlx5_9,0.000,0.000,0.000,0.000
2025-11-22 17:36:52,TOTAL,37.667,226.468,1098.665,1485.140
2025-11-22 17:36:53,mlx5_0,0.000,0.000,0.000,0.000
2025-11-22 17:36:53,mlx5_1,0.000,0.000,271.319,355.069
2025-11-22 17:36:53,mlx5_2,0.000,0.000,0.000,0.000
2025-11-22 17:36:53,mlx5_3,0.000,0.000,275.602,376.279
2025-11-22 17:36:53,mlx5_4,0.000,0.000,0.000,0.000
2025-11-22 17:36:53,mlx5_5,0.000,0.000,272.882,363.898
2025-11-22 17:36:53,mlx5_6,0.000,0.000,0.000,0.000
2025-11-22 17:36:53,mlx5_7,0.000,0.000,0.000,0.000
2025-11-22 17:36:53,mlx5_8,0.000,0.000,278.863,389.894
2025-11-22 17:36:53,mlx5_9,0.000,0.000,0.000,0.000
2025-11-22 17:36:53,TOTAL,0.000,0.000,1098.665,1485.140
2025-11-22 17:36:54,mlx5_0,0.000,0.000,0.000,0.000
2025-11-22 17:36:54,mlx5_1,0.000,0.000,271.319,355.069
2025-11-22 17:36:54,mlx5_2,0.000,0.000,0.000,0.000
2025-11-22 17:36:54,mlx5_3,0.000,0.000,275.602,376.279
2025-11-22 17:36:54,mlx5_4,0.000,0.000,0.000,0.000
2025-11-22 17:36:54,mlx5_5,0.000,0.000,272.882,363.898
2025-11-22 17:36:54,mlx5_6,0.000,0.000,0.000,0.000
2025-11-22 17:36:54,mlx5_7,0.000,0.000,0.000,0.000
2025-11-22 17:36:54,mlx5_8,0.000,0.000,278.863,389.894
2025-11-22 17:36:54,mlx5_9,0.000,0.000,0.000,0.000
2025-11-22 17:36:54,TOTAL,0.000,0.000,1098.665,1485.140
2025-11-22 17:36:55,mlx5_0,0.000,0.000,0.000,0.000
2025-11-22 17:36:55,mlx5_1,0.000,0.000,271.319,355.069
2025-11-22 17:36:55,mlx5_2,0.000,0.000,0.000,0.000
2025-11-22 17:36:55,mlx5_3,0.000,0.000,275.602,376.279
2025-11-22 17:36:55,mlx5_4,0.000,0.000,0.000,0.000
2025-11-22 17:36:55,mlx5_5,0.000,0.000,272.882,363.898
2025-11-22 17:36:55,mlx5_6,0.000,0.000,0.000,0.000
2025-11-22 17:36:55,mlx5_7,0.000,0.000,0.000,0.000
2025-11-22 17:36:55,mlx5_8,0.000,0.000,278.863,389.894
2025-11-22 17:36:55,mlx5_9,0.000,0.000,0.000,0.000
2025-11-22 17:36:55,TOTAL,0.000,0.000,1098.665,1485.140
2025-11-22 17:36:56,mlx5_0,0.000,0.000,0.000,0.000
2025-11-22 17:36:56,mlx5_1,8.567,0.012,272.395,355.070
2025-11-22 17:36:56,mlx5_2,0.000,0.000,0.000,0.000
2025-11-22 17:36:56,mlx5_3,8.998,0.011,276.732,376.280
2025-11-22 17:36:56,mlx5_4,0.000,0.000,0.000,0.000
2025-11-22 17:36:56,mlx5_5,8.863,0.011,273.996,363.900
2025-11-22 17:36:56,mlx5_6,0.000,0.000,0.000,0.000
2025-11-22 17:36:56,mlx5_7,0.000,0.000,0.000,0.000
2025-11-22 17:36:56,mlx5_8,9.199,0.012,280.018,389.896
2025-11-22 17:36:56,mlx5_9,0.000,0.000,0.000,0.000
2025-11-22 17:36:56,TOTAL,35.628,0.046,1103.140,1485.146
2025-11-22 17:36:57,mlx5_0,0.000,0.000,0.000,0.000
2025-11-22 17:36:57,mlx5_1,0.000,0.000,272.395,355.070
2025-11-22 17:36:57,mlx5_2,0.000,0.000,0.000,0.000
2025-11-22 17:36:57,mlx5_3,0.000,0.000,276.732,376.280
2025-11-22 17:36:57,mlx5_4,0.000,0.000,0.000,0.000
2025-11-22 17:36:57,mlx5_5,0.000,0.000,273.996,363.900
2025-11-22 17:36:57,mlx5_6,0.000,0.000,0.000,0.000
2025-11-22 17:36:57,mlx5_7,0.000,0.000,0.000,0.000
2025-11-22 17:36:57,mlx5_8,0.000,0.000,280.018,389.896
2025-11-22 17:36:57,mlx5_9,0.000,0.000,0.000,0.000
2025-11-22 17:36:57,TOTAL,0.000,0.000,1103.140,1485.146
2025-11-22 17:36:58,mlx5_0,0.000,0.000,0.000,0.000
2025-11-22 17:36:58,mlx5_1,0.000,0.000,272.395,355.070
2025-11-22 17:36:58,mlx5_2,0.000,0.000,0.000,0.000
2025-11-22 17:36:58,mlx5_3,0.000,0.000,276.732,376.280
2025-11-22 17:36:58,mlx5_4,0.000,0.000,0.000,0.000
2025-11-22 17:36:58,mlx5_5,0.000,0.000,273.996,363.900
2025-11-22 17:36:58,mlx5_6,0.000,0.000,0.000,0.000
2025-11-22 17:36:58,mlx5_7,0.000,0.000,0.000,0.000
2025-11-22 17:36:58,mlx5_8,0.000,0.000,280.018,389.896
2025-11-22 17:36:58,mlx5_9,0.000,0.000,0.000,0.000
2025-11-22 17:36:58,TOTAL,0.000,0.000,1103.140,1485.146
2025-11-22 17:36:59,mlx5_0,0.000,0.000,0.000,0.000
2025-11-22 17:36:59,mlx5_1,9.282,0.012,273.559,355.072
2025-11-22 17:36:59,mlx5_2,0.000,0.000,0.000,0.000
2025-11-22 17:36:59,mlx5_3,9.273,0.012,277.895,376.282
2025-11-22 17:36:59,mlx5_4,0.000,0.000,0.000,0.000
2025-11-22 17:36:59,mlx5_5,9.223,0.012,275.153,363.901
2025-11-22 17:36:59,mlx5_6,0.000,0.000,0.000,0.000
2025-11-22 17:36:59,mlx5_7,0.000,0.000,0.000,0.000
2025-11-22 17:36:59,mlx5_8,9.486,0.012,281.208,389.897
2025-11-22 17:36:59,mlx5_9,0.000,0.000,0.000,0.000
2025-11-22 17:36:59,TOTAL,37.264,0.048,1107.816,1485.152
2025-11-22 17:37:00,mlx5_0,0.000,0.000,0.000,0.000
2025-11-22 17:37:00,mlx5_1,0.000,0.000,273.559,355.072
2025-11-22 17:37:00,mlx5_2,0.000,0.000,0.000,0.000
2025-11-22 17:37:00,mlx5_3,0.000,0.000,277.895,376.282
2025-11-22 17:37:00,mlx5_4,0.000,0.000,0.000,0.000
2025-11-22 17:37:00,mlx5_5,0.000,0.000,275.153,363.901
2025-11-22 17:37:00,mlx5_6,0.000,0.000,0.000,0.000
2025-11-22 17:37:00,mlx5_7,0.000,0.000,0.000,0.000
2025-11-22 17:37:00,mlx5_8,0.000,0.000,281.208,389.897
2025-11-22 17:37:00,mlx5_9,0.000,0.000,0.000,0.000
2025-11-22 17:37:00,TOTAL,0.000,0.000,1107.816,1485.152
2025-11-22 17:37:01,mlx5_0,0.000,0.000,0.000,0.000
2025-11-22 17:37:01,mlx5_1,0.000,0.000,273.559,355.072
2025-11-22 17:37:01,mlx5_2,0.000,0.000,0.000,0.000
2025-11-22 17:37:01,mlx5_3,0.000,0.000,277.895,376.282
2025-11-22 17:37:01,mlx5_4,0.000,0.000,0.000,0.000
2025-11-22 17:37:01,mlx5_5,0.000,0.000,275.153,363.901
2025-11-22 17:37:01,mlx5_6,0.000,0.000,0.000,0.000
2025-11-22 17:37:01,mlx5_7,0.000,0.000,0.000,0.000
2025-11-22 17:37:01,mlx5_8,0.000,0.000,281.208,389.897
2025-11-22 17:37:01,mlx5_9,0.000,0.000,0.000,0.000
2025-11-22 17:37:01,TOTAL,0.000,0.000,1107.816,1485.152
2025-11-22 17:37:02,mlx5_0,0.000,0.000,0.000,0.000
2025-11-22 17:37:02,mlx5_1,0.000,0.000,273.559,355.072
2025-11-22 17:37:02,mlx5_2,0.000,0.000,0.000,0.000
2025-11-22 17:37:02,mlx5_3,0.000,0.000,277.895,376.282
2025-11-22 17:37:02,mlx5_4,0.000,0.000,0.000,0.000
2025-11-22 17:37:02,mlx5_5,0.000,0.000,275.153,363.901
2025-11-22 17:37:02,mlx5_6,0.000,0.000,0.000,0.000
2025-11-22 17:37:02,mlx5_7,0.000,0.000,0.000,0.000
2025-11-22 17:37:02,mlx5_8,0.000,0.000,281.208,389.897
2025-11-22 17:37:02,mlx5_9,0.000,0.000,0.000,0.000
2025-11-22 17:37:02,TOTAL,0.000,0.000,1107.816,1485.152
2025-11-22 17:37:03,mlx5_0,0.000,0.000,0.000,0.000
2025-11-22 17:37:03,mlx5_1,9.213,0.012,274.717,355.073
2025-11-22 17:37:03,mlx5_2,0.000,0.000,0.000,0.000
2025-11-22 17:37:03,mlx5_3,9.327,0.012,279.067,376.283
2025-11-22 17:37:03,mlx5_4,0.000,0.000,0.000,0.000
2025-11-22 17:37:03,mlx5_5,9.339,0.012,276.326,363.903
2025-11-22 17:37:03,mlx5_6,0.000,0.000,0.000,0.000
2025-11-22 17:37:03,mlx5_7,0.000,0.000,0.000,0.000
2025-11-22 17:37:03,mlx5_8,9.348,0.012,282.383,389.899
2025-11-22 17:37:03,mlx5_9,0.000,0.000,0.000,0.000
2025-11-22 17:37:03,TOTAL,37.227,0.048,1112.492,1485.158
2025-11-22 17:37:04,mlx5_0,0.000,0.000,0.000,0.000
2025-11-22 17:37:04,mlx5_1,0.000,0.000,274.717,355.073
2025-11-22 17:37:04,mlx5_2,0.000,0.000,0.000,0.000
2025-11-22 17:37:04,mlx5_3,0.000,0.000,279.067,376.283
2025-11-22 17:37:04,mlx5_4,0.000,0.000,0.000,0.000
2025-11-22 17:37:04,mlx5_5,0.000,0.000,276.326,363.903
2025-11-22 17:37:04,mlx5_6,0.000,0.000,0.000,0.000
2025-11-22 17:37:04,mlx5_7,0.000,0.000,0.000,0.000
2025-11-22 17:37:04,mlx5_8,0.000,0.000,282.383,389.899
2025-11-22 17:37:04,mlx5_9,0.000,0.000,0.000,0.000
2025-11-22 17:37:04,TOTAL,0.000,0.000,1112.492,1485.158
2025-11-22 17:37:05,mlx5_0,0.000,0.000,0.000,0.000
2025-11-22 17:37:05,mlx5_1,0.000,0.000,274.717,355.073
2025-11-22 17:37:05,mlx5_2,0.000,0.000,0.000,0.000
2025-11-22 17:37:05,mlx5_3,0.000,0.000,279.067,376.283
2025-11-22 17:37:05,mlx5_4,0.000,0.000,0.000,0.000
2025-11-22 17:37:05,mlx5_5,0.000,0.000,276.326,363.903
2025-11-22 17:37:05,mlx5_6,0.000,0.000,0.000,0.000
2025-11-22 17:37:05,mlx5_7,0.000,0.000,0.000,0.000
2025-11-22 17:37:05,mlx5_8,0.000,0.000,282.383,389.899
2025-11-22 17:37:05,mlx5_9,0.000,0.000,0.000,0.000
2025-11-22 17:37:05,TOTAL,0.000,0.000,1112.492,1485.158
2025-11-22 17:37:06,mlx5_0,0.000,0.000,0.000,0.000
2025-11-22 17:37:06,mlx5_1,0.000,0.000,274.717,355.073
2025-11-22 17:37:06,mlx5_2,0.000,0.000,0.000,0.000
2025-11-22 17:37:06,mlx5_3,0.000,0.000,279.067,376.283
2025-11-22 17:37:06,mlx5_4,0.000,0.000,0.000,0.000
2025-11-22 17:37:06,mlx5_5,0.000,0.000,276.326,363.903
2025-11-22 17:37:06,mlx5_6,0.000,0.000,0.000,0.000
2025-11-22 17:37:06,mlx5_7,0.000,0.000,0.000,0.000
2025-11-22 17:37:06,mlx5_8,0.000,0.000,282.383,389.899
2025-11-22 17:37:06,mlx5_9,0.000,0.000,0.000,0.000
2025-11-22 17:37:06,TOTAL,0.000,0.000,1112.492,1485.158
2025-11-22 17:37:07,mlx5_0,0.000,0.000,0.000,0.000
2025-11-22 17:37:07,mlx5_1,9.293,0.012,275.884,355.075
2025-11-22 17:37:07,mlx5_2,0.000,0.000,0.000,0.000
2025-11-22 17:37:07,mlx5_3,9.306,0.012,280.236,376.285
2025-11-22 17:37:07,mlx5_4,0.000,0.000,0.000,0.000
2025-11-22 17:37:07,mlx5_5,9.204,0.012,277.482,363.904
2025-11-22 17:37:07,mlx5_6,0.000,0.000,0.000,0.000
2025-11-22 17:37:07,mlx5_7,0.000,0.000,0.000,0.000
2025-11-22 17:37:07,mlx5_8,9.419,0.012,283.566,389.900
2025-11-22 17:37:07,mlx5_9,0.000,0.000,0.000,0.000
2025-11-22 17:37:07,TOTAL,37.222,0.048,1117.168,1485.164
2025-11-22 17:37:08,mlx5_0,0.000,0.000,0.000,0.000
2025-11-22 17:37:08,mlx5_1,0.000,0.000,275.884,355.075
2025-11-22 17:37:08,mlx5_2,0.000,0.000,0.000,0.000
2025-11-22 17:37:08,mlx5_3,0.000,0.000,280.236,376.285
2025-11-22 17:37:08,mlx5_4,0.000,0.000,0.000,0.000
2025-11-22 17:37:08,mlx5_5,0.000,0.000,277.482,363.904
2025-11-22 17:37:08,mlx5_6,0.000,0.000,0.000,0.000
2025-11-22 17:37:08,mlx5_7,0.000,0.000,0.000,0.000
2025-11-22 17:37:08,mlx5_8,0.000,0.000,283.566,389.900
2025-11-22 17:37:08,mlx5_9,0.000,0.000,0.000,0.000
2025-11-22 17:37:08,TOTAL,0.000,0.000,1117.168,1485.164
2025-11-22 17:37:09,mlx5_0,0.000,0.000,0.000,0.000
2025-11-22 17:37:09,mlx5_1,0.000,0.000,275.884,355.075
2025-11-22 17:37:09,mlx5_2,0.000,0.000,0.000,0.000
2025-11-22 17:37:09,mlx5_3,0.000,0.000,280.236,376.285
2025-11-22 17:37:09,mlx5_4,0.000,0.000,0.000,0.000
2025-11-22 17:37:09,mlx5_5,0.000,0.000,277.482,363.904
2025-11-22 17:37:09,mlx5_6,0.000,0.000,0.000,0.000
2025-11-22 17:37:09,mlx5_7,0.000,0.000,0.000,0.000
2025-11-22 17:37:09,mlx5_8,0.000,0.000,283.566,389.900
2025-11-22 17:37:09,mlx5_9,0.000,0.000,0.000,0.000
2025-11-22 17:37:09,TOTAL,0.000,0.000,1117.168,1485.164
2025-11-22 17:37:10,mlx5_0,0.000,0.000,0.000,0.000
2025-11-22 17:37:10,mlx5_1,0.000,0.000,275.884,355.075
2025-11-22 17:37:10,mlx5_2,0.000,0.000,0.000,0.000
2025-11-22 17:37:10,mlx5_3,0.000,0.000,280.236,376.285
2025-11-22 17:37:10,mlx5_4,0.000,0.000,0.000,0.000
2025-11-22 17:37:10,mlx5_5,0.000,0.000,277.482,363.904
2025-11-22 17:37:10,mlx5_6,0.000,0.000,0.000,0.000
2025-11-22 17:37:10,mlx5_7,0.000,0.000,0.000,0.000
2025-11-22 17:37:10,mlx5_8,0.000,0.000,283.566,389.900
2025-11-22 17:37:10,mlx5_9,0.000,0.000,0.000,0.000
2025-11-22 17:37:10,TOTAL,0.000,0.000,1117.168,1485.164
2025-11-22 17:37:11,mlx5_0,0.000,0.000,0.000,0.000
2025-11-22 17:37:11,mlx5_1,9.279,0.012,277.050,355.076
2025-11-22 17:37:11,mlx5_2,0.000,0.000,0.000,0.000
2025-11-22 17:37:11,mlx5_3,9.277,0.012,281.401,376.286
2025-11-22 17:37:11,mlx5_4,0.000,0.000,0.000,0.000
2025-11-22 17:37:11,mlx5_5,9.254,0.012,278.645,363.906
2025-11-22 17:37:11,mlx5_6,0.000,0.000,0.000,0.000
2025-11-22 17:37:11,mlx5_7,0.000,0.000,0.000,0.000
2025-11-22 17:37:11,mlx5_8,9.415,0.012,284.748,389.902
2025-11-22 17:37:11,mlx5_9,0.000,0.000,0.000,0.000
2025-11-22 17:37:11,TOTAL,37.225,0.048,1121.844,1485.170
2025-11-22 17:37:12,mlx5_0,0.000,0.000,0.000,0.000
2025-11-22 17:37:12,mlx5_1,0.000,0.000,277.050,355.076
2025-11-22 17:37:12,mlx5_2,0.000,0.000,0.000,0.000
2025-11-22 17:37:12,mlx5_3,0.000,0.000,281.401,376.286
2025-11-22 17:37:12,mlx5_4,0.000,0.000,0.000,0.000
2025-11-22 17:37:12,mlx5_5,0.000,0.000,278.645,363.906
2025-11-22 17:37:12,mlx5_6,0.000,0.000,0.000,0.000
2025-11-22 17:37:12,mlx5_7,0.000,0.000,0.000,0.000
2025-11-22 17:37:12,mlx5_8,0.000,0.000,284.748,389.902
2025-11-22 17:37:12,mlx5_9,0.000,0.000,0.000,0.000
2025-11-22 17:37:12,TOTAL,0.000,0.000,1121.844,1485.170
2025-11-22 17:37:13,mlx5_0,0.000,0.000,0.000,0.000
2025-11-22 17:37:13,mlx5_1,0.000,0.000,277.050,355.076
2025-11-22 17:37:13,mlx5_2,0.000,0.000,0.000,0.000
2025-11-22 17:37:13,mlx5_3,0.000,0.000,281.401,376.286
2025-11-22 17:37:13,mlx5_4,0.000,0.000,0.000,0.000
2025-11-22 17:37:13,mlx5_5,0.000,0.000,278.645,363.906
2025-11-22 17:37:13,mlx5_6,0.000,0.000,0.000,0.000
2025-11-22 17:37:13,mlx5_7,0.000,0.000,0.000,0.000
2025-11-22 17:37:13,mlx5_8,0.000,0.000,284.748,389.902
2025-11-22 17:37:13,mlx5_9,0.000,0.000,0.000,0.000
2025-11-22 17:37:13,TOTAL,0.000,0.000,1121.844,1485.170
2025-11-22 17:37:14,mlx5_0,0.000,0.000,0.000,0.000
2025-11-22 17:37:14,mlx5_1,0.000,0.000,277.050,355.076
2025-11-22 17:37:14,mlx5_2,0.000,0.000,0.000,0.000
2025-11-22 17:37:14,mlx5_3,0.000,0.000,281.401,376.286
2025-11-22 17:37:14,mlx5_4,0.000,0.000,0.000,0.000
2025-11-22 17:37:14,mlx5_5,0.000,0.000,278.645,363.906
2025-11-22 17:37:14,mlx5_6,0.000,0.000,0.000,0.000
2025-11-22 17:37:14,mlx5_7,0.000,0.000,0.000,0.000
2025-11-22 17:37:14,mlx5_8,0.000,0.000,284.748,389.902
2025-11-22 17:37:14,mlx5_9,0.000,0.000,0.000,0.000
2025-11-22 17:37:14,TOTAL,0.000,0.000,1121.844,1485.170
2025-11-22 17:37:15,mlx5_0,0.000,0.000,0.000,0.000
2025-11-22 17:37:15,mlx5_1,4.280,0.006,277.587,355.077
2025-11-22 17:37:15,mlx5_2,0.000,0.000,0.000,0.000
2025-11-22 17:37:15,mlx5_3,4.515,0.006,281.968,376.287
2025-11-22 17:37:15,mlx5_4,0.000,0.000,0.000,0.000
2025-11-22 17:37:15,mlx5_5,4.611,0.006,279.224,363.906
2025-11-22 17:37:15,mlx5_6,0.000,0.000,0.000,0.000
2025-11-22 17:37:15,mlx5_7,0.000,0.000,0.000,0.000
2025-11-22 17:37:15,mlx5_8,4.877,0.006,285.361,389.902
2025-11-22 17:37:15,mlx5_9,0.000,0.000,0.000,0.000
2025-11-22 17:37:15,TOTAL,18.282,0.023,1124.141,1485.173
2025-11-22 17:37:16,mlx5_0,0.000,0.000,0.000,0.000
2025-11-22 17:37:16,mlx5_1,5.035,54.185,278.220,361.886
2025-11-22 17:37:16,mlx5_2,0.000,0.000,0.000,0.000
2025-11-22 17:37:16,mlx5_3,4.959,57.099,282.591,383.462
2025-11-22 17:37:16,mlx5_4,0.000,0.000,0.000,0.000
2025-11-22 17:37:16,mlx5_5,4.647,55.592,279.808,370.892
2025-11-22 17:37:16,mlx5_6,0.000,0.000,0.000,0.000
2025-11-22 17:37:16,mlx5_7,0.000,0.000,0.000,0.000
2025-11-22 17:37:16,mlx5_8,4.706,59.574,285.952,397.388
2025-11-22 17:37:16,mlx5_9,0.000,0.000,0.000,0.000
2025-11-22 17:37:16,TOTAL,19.346,226.450,1126.572,1513.628
2025-11-22 17:37:17,mlx5_0,0.000,0.000,0.000,0.000
2025-11-22 17:37:17,mlx5_1,0.000,0.000,278.220,361.886
2025-11-22 17:37:17,mlx5_2,0.000,0.000,0.000,0.000
2025-11-22 17:37:17,mlx5_3,0.000,0.000,282.591,383.462
2025-11-22 17:37:17,mlx5_4,0.000,0.000,0.000,0.000
2025-11-22 17:37:17,mlx5_5,0.000,0.000,279.808,370.892
2025-11-22 17:37:17,mlx5_6,0.000,0.000,0.000,0.000
2025-11-22 17:37:17,mlx5_7,0.000,0.000,0.000,0.000
2025-11-22 17:37:17,mlx5_8,0.000,0.000,285.952,397.388
2025-11-22 17:37:17,mlx5_9,0.000,0.000,0.000,0.000
2025-11-22 17:37:17,TOTAL,0.000,0.000,1126.572,1513.628
2025-11-22 17:37:18,mlx5_0,0.000,0.000,0.000,0.000
2025-11-22 17:37:18,mlx5_1,0.000,0.000,278.220,361.886
2025-11-22 17:37:18,mlx5_2,0.000,0.000,0.000,0.000
2025-11-22 17:37:18,mlx5_3,0.000,0.000,282.591,383.462
2025-11-22 17:37:18,mlx5_4,0.000,0.000,0.000,0.000
2025-11-22 17:37:18,mlx5_5,0.000,0.000,279.808,370.892
2025-11-22 17:37:18,mlx5_6,0.000,0.000,0.000,0.000
2025-11-22 17:37:18,mlx5_7,0.000,0.000,0.000,0.000
2025-11-22 17:37:18,mlx5_8,0.000,0.000,285.952,397.388
2025-11-22 17:37:18,mlx5_9,0.000,0.000,0.000,0.000
2025-11-22 17:37:18,TOTAL,0.000,0.000,1126.572,1513.628
2025-11-22 17:37:19,mlx5_0,0.000,0.000,0.000,0.000
2025-11-22 17:37:19,mlx5_1,0.000,0.000,278.220,361.886
2025-11-22 17:37:19,mlx5_2,0.000,0.000,0.000,0.000
2025-11-22 17:37:19,mlx5_3,0.000,0.000,282.591,383.462
2025-11-22 17:37:19,mlx5_4,0.000,0.000,0.000,0.000
2025-11-22 17:37:19,mlx5_5,0.000,0.000,279.808,370.892
2025-11-22 17:37:19,mlx5_6,0.000,0.000,0.000,0.000
2025-11-22 17:37:19,mlx5_7,0.000,0.000,0.000,0.000
2025-11-22 17:37:19,mlx5_8,0.000,0.000,285.952,397.388
2025-11-22 17:37:19,mlx5_9,0.000,0.000,0.000,0.000
2025-11-22 17:37:19,TOTAL,0.000,0.000,1126.572,1513.628
2025-11-22 17:37:20,mlx5_0,0.000,0.000,0.000,0.000
2025-11-22 17:37:20,mlx5_1,9.362,0.012,279.396,361.887
2025-11-22 17:37:20,mlx5_2,0.000,0.000,0.000,0.000
2025-11-22 17:37:20,mlx5_3,9.553,0.012,283.791,383.463
2025-11-22 17:37:20,mlx5_4,0.000,0.000,0.000,0.000
2025-11-22 17:37:20,mlx5_5,9.374,0.012,280.985,370.893
2025-11-22 17:37:20,mlx5_6,0.000,0.000,0.000,0.000
2025-11-22 17:37:20,mlx5_7,0.000,0.000,0.000,0.000
2025-11-22 17:37:20,mlx5_8,9.663,0.013,287.166,397.390
2025-11-22 17:37:20,mlx5_9,0.000,0.000,0.000,0.000
2025-11-22 17:37:20,TOTAL,37.952,0.050,1131.339,1513.634
2025-11-22 17:37:21,mlx5_0,0.000,0.000,0.000,0.000
2025-11-22 17:37:21,mlx5_1,0.000,0.000,279.396,361.887
2025-11-22 17:37:21,mlx5_2,0.000,0.000,0.000,0.000
2025-11-22 17:37:21,mlx5_3,0.000,0.000,283.791,383.463
2025-11-22 17:37:21,mlx5_4,0.000,0.000,0.000,0.000
2025-11-22 17:37:21,mlx5_5,0.000,0.000,280.985,370.893
2025-11-22 17:37:21,mlx5_6,0.000,0.000,0.000,0.000
2025-11-22 17:37:21,mlx5_7,0.000,0.000,0.000,0.000
2025-11-22 17:37:21,mlx5_8,0.000,0.000,287.166,397.390
2025-11-22 17:37:21,mlx5_9,0.000,0.000,0.000,0.000
2025-11-22 17:37:21,TOTAL,0.000,0.000,1131.339,1513.634
2025-11-22 17:37:22,mlx5_0,0.000,0.000,0.000,0.000
2025-11-22 17:37:22,mlx5_1,0.000,0.000,279.396,361.887
2025-11-22 17:37:22,mlx5_2,0.000,0.000,0.000,0.000
2025-11-22 17:37:22,mlx5_3,0.000,0.000,283.791,383.463
2025-11-22 17:37:22,mlx5_4,0.000,0.000,0.000,0.000
2025-11-22 17:37:22,mlx5_5,0.000,0.000,280.985,370.893
2025-11-22 17:37:22,mlx5_6,0.000,0.000,0.000,0.000
2025-11-22 17:37:22,mlx5_7,0.000,0.000,0.000,0.000
2025-11-22 17:37:22,mlx5_8,0.000,0.000,287.166,397.390
2025-11-22 17:37:22,mlx5_9,0.000,0.000,0.000,0.000
2025-11-22 17:37:22,TOTAL,0.000,0.000,1131.339,1513.634
2025-11-22 17:37:23,mlx5_0,0.000,0.000,0.000,0.000
2025-11-22 17:37:23,mlx5_1,0.663,0.001,279.479,361.887
2025-11-22 17:37:23,mlx5_2,0.000,0.000,0.000,0.000
2025-11-22 17:37:23,mlx5_3,0.839,0.001,283.897,383.464
2025-11-22 17:37:23,mlx5_4,0.000,0.000,0.000,0.000
2025-11-22 17:37:23,mlx5_5,1.001,0.001,281.111,370.894
2025-11-22 17:37:23,mlx5_6,0.000,0.000,0.000,0.000
2025-11-22 17:37:23,mlx5_7,0.000,0.000,0.000,0.000
2025-11-22 17:37:23,mlx5_8,1.292,0.002,287.329,397.390
2025-11-22 17:37:23,mlx5_9,0.000,0.000,0.000,0.000
2025-11-22 17:37:23,TOTAL,3.795,0.006,1131.816,1513.635
2025-11-22 17:37:24,mlx5_0,0.000,0.000,0.000,0.000
2025-11-22 17:37:24,mlx5_1,8.690,0.011,280.572,361.889
2025-11-22 17:37:24,mlx5_2,0.000,0.000,0.000,0.000
2025-11-22 17:37:24,mlx5_3,8.360,0.011,284.948,383.465
2025-11-22 17:37:24,mlx5_4,0.000,0.000,0.000,0.000
2025-11-22 17:37:24,mlx5_5,8.249,0.010,282.148,370.895
2025-11-22 17:37:24,mlx5_6,0.000,0.000,0.000,0.000
2025-11-22 17:37:24,mlx5_7,0.000,0.000,0.000,0.000
2025-11-22 17:37:24,mlx5_8,8.105,0.011,288.348,397.391
2025-11-22 17:37:24,mlx5_9,0.000,0.000,0.000,0.000
2025-11-22 17:37:24,TOTAL,33.403,0.043,1136.015,1513.640
2025-11-22 17:37:25,mlx5_0,0.000,0.000,0.000,0.000
2025-11-22 17:37:25,mlx5_1,0.000,0.000,280.572,361.889
2025-11-22 17:37:25,mlx5_2,0.000,0.000,0.000,0.000
2025-11-22 17:37:25,mlx5_3,0.000,0.000,284.948,383.465
2025-11-22 17:37:25,mlx5_4,0.000,0.000,0.000,0.000
2025-11-22 17:37:25,mlx5_5,0.000,0.000,282.148,370.895
2025-11-22 17:37:25,mlx5_6,0.000,0.000,0.000,0.000
2025-11-22 17:37:25,mlx5_7,0.000,0.000,0.000,0.000
2025-11-22 17:37:25,mlx5_8,0.000,0.000,288.348,397.391
2025-11-22 17:37:25,mlx5_9,0.000,0.000,0.000,0.000
2025-11-22 17:37:25,TOTAL,0.000,0.000,1136.015,1513.640
2025-11-22 17:37:26,mlx5_0,0.000,0.000,0.000,0.000
2025-11-22 17:37:26,mlx5_1,0.000,0.000,280.572,361.889
2025-11-22 17:37:26,mlx5_2,0.000,0.000,0.000,0.000
2025-11-22 17:37:26,mlx5_3,0.000,0.000,284.948,383.465
2025-11-22 17:37:26,mlx5_4,0.000,0.000,0.000,0.000
2025-11-22 17:37:26,mlx5_5,0.000,0.000,282.148,370.895
2025-11-22 17:37:26,mlx5_6,0.000,0.000,0.000,0.000
2025-11-22 17:37:26,mlx5_7,0.000,0.000,0.000,0.000
2025-11-22 17:37:26,mlx5_8,0.000,0.000,288.348,397.391
2025-11-22 17:37:26,mlx5_9,0.000,0.000,0.000,0.000
2025-11-22 17:37:26,TOTAL,0.000,0.000,1136.015,1513.640
2025-11-22 17:37:27,mlx5_0,0.000,0.000,0.000,0.000
2025-11-22 17:37:27,mlx5_1,9.080,0.012,281.712,361.890
2025-11-22 17:37:27,mlx5_2,0.000,0.000,0.000,0.000
2025-11-22 17:37:27,mlx5_3,9.429,0.012,286.132,383.466
2025-11-22 17:37:27,mlx5_4,0.000,0.000,0.000,0.000
2025-11-22 17:37:27,mlx5_5,9.337,0.012,283.321,370.896
2025-11-22 17:37:27,mlx5_6,0.000,0.000,0.000,0.000
2025-11-22 17:37:27,mlx5_7,0.000,0.000,0.000,0.000
2025-11-22 17:37:27,mlx5_8,9.383,0.012,289.526,397.393
2025-11-22 17:37:27,mlx5_9,0.000,0.000,0.000,0.000
2025-11-22 17:37:27,TOTAL,37.229,0.048,1140.691,1513.646
2025-11-22 17:37:28,mlx5_0,0.000,0.000,0.000,0.000
2025-11-22 17:37:28,mlx5_1,0.000,0.000,281.712,361.890
2025-11-22 17:37:28,mlx5_2,0.000,0.000,0.000,0.000
2025-11-22 17:37:28,mlx5_3,0.000,0.000,286.132,383.466
2025-11-22 17:37:28,mlx5_4,0.000,0.000,0.000,0.000
2025-11-22 17:37:28,mlx5_5,0.000,0.000,283.321,370.896
2025-11-22 17:37:28,mlx5_6,0.000,0.000,0.000,0.000
2025-11-22 17:37:28,mlx5_7,0.000,0.000,0.000,0.000
2025-11-22 17:37:28,mlx5_8,0.000,0.000,289.526,397.393
2025-11-22 17:37:28,mlx5_9,0.000,0.000,0.000,0.000
2025-11-22 17:37:28,TOTAL,0.000,0.000,1140.691,1513.646
2025-11-22 17:37:29,mlx5_0,0.000,0.000,0.000,0.000
2025-11-22 17:37:29,mlx5_1,0.000,0.000,281.712,361.890
2025-11-22 17:37:29,mlx5_2,0.000,0.000,0.000,0.000
2025-11-22 17:37:29,mlx5_3,0.000,0.000,286.132,383.466
2025-11-22 17:37:29,mlx5_4,0.000,0.000,0.000,0.000
2025-11-22 17:37:29,mlx5_5,0.000,0.000,283.321,370.896
2025-11-22 17:37:29,mlx5_6,0.000,0.000,0.000,0.000
2025-11-22 17:37:29,mlx5_7,0.000,0.000,0.000,0.000
2025-11-22 17:37:29,mlx5_8,0.000,0.000,289.526,397.393
2025-11-22 17:37:29,mlx5_9,0.000,0.000,0.000,0.000
2025-11-22 17:37:29,TOTAL,0.000,0.000,1140.691,1513.646
2025-11-22 17:37:30,mlx5_0,0.000,0.000,0.000,0.000
2025-11-22 17:37:30,mlx5_1,0.000,0.000,281.712,361.890
2025-11-22 17:37:30,mlx5_2,0.000,0.000,0.000,0.000
2025-11-22 17:37:30,mlx5_3,0.000,0.000,286.132,383.466
2025-11-22 17:37:30,mlx5_4,0.000,0.000,0.000,0.000
2025-11-22 17:37:30,mlx5_5,0.000,0.000,283.321,370.896
2025-11-22 17:37:30,mlx5_6,0.000,0.000,0.000,0.000
2025-11-22 17:37:30,mlx5_7,0.000,0.000,0.000,0.000
2025-11-22 17:37:30,mlx5_8,0.000,0.000,289.526,397.393
2025-11-22 17:37:30,mlx5_9,0.000,0.000,0.000,0.000
2025-11-22 17:37:30,TOTAL,0.000,0.000,1140.691,1513.646
2025-11-22 17:37:31,mlx5_0,0.000,0.000,0.000,0.000
2025-11-22 17:37:31,mlx5_1,9.262,0.012,282.876,361.892
2025-11-22 17:37:31,mlx5_2,0.000,0.000,0.000,0.000
2025-11-22 17:37:31,mlx5_3,9.295,0.012,287.300,383.468
2025-11-22 17:37:31,mlx5_4,0.000,0.000,0.000,0.000
2025-11-22 17:37:31,mlx5_5,9.264,0.012,284.485,370.898
2025-11-22 17:37:31,mlx5_6,0.000,0.000,0.000,0.000
2025-11-22 17:37:31,mlx5_7,0.000,0.000,0.000,0.000
2025-11-22 17:37:31,mlx5_8,9.393,0.012,290.706,397.395
2025-11-22 17:37:31,mlx5_9,0.000,0.000,0.000,0.000
2025-11-22 17:37:31,TOTAL,37.215,0.048,1145.367,1513.652
2025-11-22 17:37:32,mlx5_0,0.000,0.000,0.000,0.000
2025-11-22 17:37:32,mlx5_1,0.000,0.000,282.876,361.892
2025-11-22 17:37:32,mlx5_2,0.000,0.000,0.000,0.000
2025-11-22 17:37:32,mlx5_3,0.000,0.000,287.300,383.468
2025-11-22 17:37:32,mlx5_4,0.000,0.000,0.000,0.000
2025-11-22 17:37:32,mlx5_5,0.000,0.000,284.485,370.898
2025-11-22 17:37:32,mlx5_6,0.000,0.000,0.000,0.000
2025-11-22 17:37:32,mlx5_7,0.000,0.000,0.000,0.000
2025-11-22 17:37:32,mlx5_8,0.000,0.000,290.706,397.395
2025-11-22 17:37:32,mlx5_9,0.000,0.000,0.000,0.000
2025-11-22 17:37:32,TOTAL,0.000,0.000,1145.367,1513.652
2025-11-22 17:37:33,mlx5_0,0.000,0.000,0.000,0.000
2025-11-22 17:37:33,mlx5_1,0.000,0.000,282.876,361.892
2025-11-22 17:37:33,mlx5_2,0.000,0.000,0.000,0.000
2025-11-22 17:37:33,mlx5_3,0.000,0.000,287.300,383.468
2025-11-22 17:37:33,mlx5_4,0.000,0.000,0.000,0.000
2025-11-22 17:37:33,mlx5_5,0.000,0.000,284.485,370.898
2025-11-22 17:37:33,mlx5_6,0.000,0.000,0.000,0.000
2025-11-22 17:37:33,mlx5_7,0.000,0.000,0.000,0.000
2025-11-22 17:37:33,mlx5_8,0.000,0.000,290.706,397.395
2025-11-22 17:37:33,mlx5_9,0.000,0.000,0.000,0.000
2025-11-22 17:37:33,TOTAL,0.000,0.000,1145.367,1513.652
2025-11-22 17:37:34,mlx5_0,0.000,0.000,0.000,0.000
2025-11-22 17:37:34,mlx5_1,0.000,0.000,282.876,361.892
2025-11-22 17:37:34,mlx5_2,0.000,0.000,0.000,0.000
2025-11-22 17:37:34,mlx5_3,0.000,0.000,287.300,383.468
2025-11-22 17:37:34,mlx5_4,0.000,0.000,0.000,0.000
2025-11-22 17:37:34,mlx5_5,0.000,0.000,284.485,370.898
2025-11-22 17:37:34,mlx5_6,0.000,0.000,0.000,0.000
2025-11-22 17:37:34,mlx5_7,0.000,0.000,0.000,0.000
2025-11-22 17:37:34,mlx5_8,0.000,0.000,290.706,397.395
2025-11-22 17:37:34,mlx5_9,0.000,0.000,0.000,0.000
2025-11-22 17:37:34,TOTAL,0.000,0.000,1145.367,1513.652
2025-11-22 17:37:35,mlx5_0,0.000,0.000,0.000,0.000
2025-11-22 17:37:35,mlx5_1,9.085,0.012,284.017,361.893
2025-11-22 17:37:35,mlx5_2,0.000,0.000,0.000,0.000
2025-11-22 17:37:35,mlx5_3,9.299,0.012,288.468,383.469
2025-11-22 17:37:35,mlx5_4,0.000,0.000,0.000,0.000
2025-11-22 17:37:35,mlx5_5,9.451,0.012,285.672,370.899
2025-11-22 17:37:35,mlx5_6,0.000,0.000,0.000,0.000
2025-11-22 17:37:35,mlx5_7,0.000,0.000,0.000,0.000
2025-11-22 17:37:35,mlx5_8,9.394,0.012,291.886,397.396
2025-11-22 17:37:35,mlx5_9,0.000,0.000,0.000,0.000
2025-11-22 17:37:35,TOTAL,37.228,0.048,1150.043,1513.658
2025-11-22 17:37:36,mlx5_0,0.000,0.000,0.000,0.000
2025-11-22 17:37:36,mlx5_1,0.000,0.000,284.017,361.893
2025-11-22 17:37:36,mlx5_2,0.000,0.000,0.000,0.000
2025-11-22 17:37:36,mlx5_3,0.000,0.000,288.468,383.469
2025-11-22 17:37:36,mlx5_4,0.000,0.000,0.000,0.000
2025-11-22 17:37:36,mlx5_5,0.000,0.000,285.672,370.899
2025-11-22 17:37:36,mlx5_6,0.000,0.000,0.000,0.000
2025-11-22 17:37:36,mlx5_7,0.000,0.000,0.000,0.000
2025-11-22 17:37:36,mlx5_8,0.000,0.000,291.886,397.396
2025-11-22 17:37:36,mlx5_9,0.000,0.000,0.000,0.000
2025-11-22 17:37:36,TOTAL,0.000,0.000,1150.043,1513.658
2025-11-22 17:37:37,mlx5_0,0.000,0.000,0.000,0.000
2025-11-22 17:37:37,mlx5_1,0.000,0.000,284.017,361.893
2025-11-22 17:37:37,mlx5_2,0.000,0.000,0.000,0.000
2025-11-22 17:37:37,mlx5_3,0.000,0.000,288.468,383.469
2025-11-22 17:37:37,mlx5_4,0.000,0.000,0.000,0.000
2025-11-22 17:37:37,mlx5_5,0.000,0.000,285.672,370.899
2025-11-22 17:37:37,mlx5_6,0.000,0.000,0.000,0.000
2025-11-22 17:37:37,mlx5_7,0.000,0.000,0.000,0.000
2025-11-22 17:37:37,mlx5_8,0.000,0.000,291.886,397.396
2025-11-22 17:37:37,mlx5_9,0.000,0.000,0.000,0.000
2025-11-22 17:37:37,TOTAL,0.000,0.000,1150.043,1513.658
2025-11-22 17:37:38,mlx5_0,0.000,0.000,0.000,0.000
2025-11-22 17:37:38,mlx5_1,0.000,0.000,284.017,361.893
2025-11-22 17:37:38,mlx5_2,0.000,0.000,0.000,0.000
2025-11-22 17:37:38,mlx5_3,0.000,0.000,288.468,383.469
2025-11-22 17:37:38,mlx5_4,0.000,0.000,0.000,0.000
2025-11-22 17:37:38,mlx5_5,0.000,0.000,285.672,370.899
2025-11-22 17:37:38,mlx5_6,0.000,0.000,0.000,0.000
2025-11-22 17:37:38,mlx5_7,0.000,0.000,0.000,0.000
2025-11-22 17:37:38,mlx5_8,0.000,0.000,291.886,397.396
2025-11-22 17:37:38,mlx5_9,0.000,0.000,0.000,0.000
2025-11-22 17:37:38,TOTAL,0.000,0.000,1150.043,1513.658
2025-11-22 17:37:39,mlx5_0,0.000,0.000,0.000,0.000
2025-11-22 17:37:39,mlx5_1,9.171,0.012,285.169,361.895
2025-11-22 17:37:39,mlx5_2,0.000,0.000,0.000,0.000
2025-11-22 17:37:39,mlx5_3,9.421,0.012,289.652,383.471
2025-11-22 17:37:39,mlx5_4,0.000,0.000,0.000,0.000
2025-11-22 17:37:39,mlx5_5,9.131,0.012,286.819,370.901
2025-11-22 17:37:39,mlx5_6,0.000,0.000,0.000,0.000
2025-11-22 17:37:39,mlx5_7,0.000,0.000,0.000,0.000
2025-11-22 17:37:39,mlx5_8,9.485,0.012,293.078,397.398
2025-11-22 17:37:39,mlx5_9,0.000,0.000,0.000,0.000
2025-11-22 17:37:39,TOTAL,37.209,0.048,1154.719,1513.664
2025-11-22 17:37:40,mlx5_0,0.000,0.000,0.000,0.000
2025-11-22 17:37:40,mlx5_1,0.000,0.000,285.169,361.895
2025-11-22 17:37:40,mlx5_2,0.000,0.000,0.000,0.000
2025-11-22 17:37:40,mlx5_3,0.000,0.000,289.652,383.471
2025-11-22 17:37:40,mlx5_4,0.000,0.000,0.000,0.000
2025-11-22 17:37:40,mlx5_5,0.000,0.000,286.819,370.901
2025-11-22 17:37:40,mlx5_6,0.000,0.000,0.000,0.000
2025-11-22 17:37:40,mlx5_7,0.000,0.000,0.000,0.000
2025-11-22 17:37:40,mlx5_8,0.000,0.000,293.078,397.398
2025-11-22 17:37:40,mlx5_9,0.000,0.000,0.000,0.000
2025-11-22 17:37:40,TOTAL,0.000,0.000,1154.719,1513.664
2025-11-22 17:37:41,mlx5_0,0.000,0.000,0.000,0.000
2025-11-22 17:37:41,mlx5_1,0.000,0.000,285.169,361.895
2025-11-22 17:37:41,mlx5_2,0.000,0.000,0.000,0.000
2025-11-22 17:37:41,mlx5_3,0.000,0.000,289.652,383.471
2025-11-22 17:37:41,mlx5_4,0.000,0.000,0.000,0.000
2025-11-22 17:37:41,mlx5_5,0.000,0.000,286.819,370.901
2025-11-22 17:37:41,mlx5_6,0.000,0.000,0.000,0.000
2025-11-22 17:37:41,mlx5_7,0.000,0.000,0.000,0.000
2025-11-22 17:37:41,mlx5_8,0.000,0.000,293.078,397.398
2025-11-22 17:37:41,mlx5_9,0.000,0.000,0.000,0.000
2025-11-22 17:37:41,TOTAL,0.000,0.000,1154.719,1513.664
2025-11-22 17:37:42,mlx5_0,0.000,0.000,0.000,0.000
2025-11-22 17:37:42,mlx5_1,0.000,0.000,285.169,361.895
2025-11-22 17:37:42,mlx5_2,0.000,0.000,0.000,0.000
2025-11-22 17:37:42,mlx5_3,0.000,0.000,289.652,383.471
2025-11-22 17:37:42,mlx5_4,0.000,0.000,0.000,0.000
2025-11-22 17:37:42,mlx5_5,0.000,0.000,286.819,370.901
2025-11-22 17:37:42,mlx5_6,0.000,0.000,0.000,0.000
2025-11-22 17:37:42,mlx5_7,0.000,0.000,0.000,0.000
2025-11-22 17:37:42,mlx5_8,0.000,0.000,293.078,397.398
2025-11-22 17:37:42,mlx5_9,0.000,0.000,0.000,0.000
2025-11-22 17:37:42,TOTAL,0.000,0.000,1154.719,1513.664
2025-11-22 17:37:43,mlx5_0,0.000,0.000,0.000,0.000
2025-11-22 17:37:43,mlx5_1,6.987,0.009,286.046,361.896
2025-11-22 17:37:43,mlx5_2,0.000,0.000,0.000,0.000
2025-11-22 17:37:43,mlx5_3,7.142,0.009,290.548,383.472
2025-11-22 17:37:43,mlx5_4,0.000,0.000,0.000,0.000
2025-11-22 17:37:43,mlx5_5,7.103,0.009,287.711,370.902
2025-11-22 17:37:43,mlx5_6,0.000,0.000,0.000,0.000
2025-11-22 17:37:43,mlx5_7,0.000,0.000,0.000,0.000
2025-11-22 17:37:43,mlx5_8,7.436,0.010,294.012,397.399
2025-11-22 17:37:43,mlx5_9,0.000,0.000,0.000,0.000
2025-11-22 17:37:43,TOTAL,28.668,0.037,1158.317,1513.669
2025-11-22 17:37:44,mlx5_0,0.000,0.000,0.000,0.000
2025-11-22 17:37:44,mlx5_1,0.000,0.000,286.046,361.896
2025-11-22 17:37:44,mlx5_2,0.000,0.000,0.000,0.000
2025-11-22 17:37:44,mlx5_3,0.000,0.000,290.548,383.472
2025-11-22 17:37:44,mlx5_4,0.000,0.000,0.000,0.000
2025-11-22 17:37:44,mlx5_5,0.000,0.000,287.711,370.902
2025-11-22 17:37:44,mlx5_6,0.000,0.000,0.000,0.000
2025-11-22 17:37:44,mlx5_7,0.000,0.000,0.000,0.000
2025-11-22 17:37:44,mlx5_8,0.000,0.000,294.012,397.399
2025-11-22 17:37:44,mlx5_9,0.000,0.000,0.000,0.000
2025-11-22 17:37:44,TOTAL,0.000,0.000,1158.317,1513.669
2025-11-22 17:37:45,mlx5_0,0.000,0.000,0.000,0.000
2025-11-22 17:37:45,mlx5_1,0.000,0.000,286.046,361.896
2025-11-22 17:37:45,mlx5_2,0.000,0.000,0.000,0.000
2025-11-22 17:37:45,mlx5_3,0.000,0.000,290.548,383.472
2025-11-22 17:37:45,mlx5_4,0.000,0.000,0.000,0.000
2025-11-22 17:37:45,mlx5_5,0.000,0.000,287.711,370.902
2025-11-22 17:37:45,mlx5_6,0.000,0.000,0.000,0.000
2025-11-22 17:37:45,mlx5_7,0.000,0.000,0.000,0.000
2025-11-22 17:37:45,mlx5_8,0.000,0.000,294.012,397.399
2025-11-22 17:37:45,mlx5_9,0.000,0.000,0.000,0.000
2025-11-22 17:37:45,TOTAL,0.000,0.000,1158.317,1513.669
2025-11-22 17:37:46,mlx5_0,0.000,0.000,0.000,0.000
2025-11-22 17:37:46,mlx5_1,0.000,0.000,286.046,361.896
2025-11-22 17:37:46,mlx5_2,0.000,0.000,0.000,0.000
2025-11-22 17:37:46,mlx5_3,0.000,0.000,290.548,383.472
2025-11-22 17:37:46,mlx5_4,0.000,0.000,0.000,0.000
2025-11-22 17:37:46,mlx5_5,0.000,0.000,287.711,370.902
2025-11-22 17:37:46,mlx5_6,0.000,0.000,0.000,0.000
2025-11-22 17:37:46,mlx5_7,0.000,0.000,0.000,0.000
2025-11-22 17:37:46,mlx5_8,0.000,0.000,294.012,397.399
2025-11-22 17:37:46,mlx5_9,0.000,0.000,0.000,0.000
2025-11-22 17:37:46,TOTAL,0.000,0.000,1158.317,1513.669
2025-11-22 17:37:47,mlx5_0,0.000,0.000,0.000,0.000
2025-11-22 17:37:47,mlx5_1,0.000,0.000,286.046,361.896
2025-11-22 17:37:47,mlx5_2,0.000,0.000,0.000,0.000
2025-11-22 17:37:47,mlx5_3,0.000,0.000,290.548,383.472
2025-11-22 17:37:47,mlx5_4,0.000,0.000,0.000,0.000
2025-11-22 17:37:47,mlx5_5,0.000,0.000,287.711,370.902
2025-11-22 17:37:47,mlx5_6,0.000,0.000,0.000,0.000
2025-11-22 17:37:47,mlx5_7,0.000,0.000,0.000,0.000
2025-11-22 17:37:47,mlx5_8,0.000,0.000,294.012,397.399
2025-11-22 17:37:47,mlx5_9,0.000,0.000,0.000,0.000
2025-11-22 17:37:47,TOTAL,0.000,0.000,1158.317,1513.669
2025-11-22 17:37:48,mlx5_0,0.000,0.000,0.000,0.000
2025-11-22 17:37:48,mlx5_1,0.000,0.000,286.046,361.896
2025-11-22 17:37:48,mlx5_2,0.000,0.000,0.000,0.000
2025-11-22 17:37:48,mlx5_3,0.000,0.000,290.548,383.472
2025-11-22 17:37:48,mlx5_4,0.000,0.000,0.000,0.000
2025-11-22 17:37:48,mlx5_5,0.000,0.000,287.711,370.902
2025-11-22 17:37:48,mlx5_6,0.000,0.000,0.000,0.000
2025-11-22 17:37:48,mlx5_7,0.000,0.000,0.000,0.000
2025-11-22 17:37:48,mlx5_8,0.000,0.000,294.012,397.399
2025-11-22 17:37:48,mlx5_9,0.000,0.000,0.000,0.000
2025-11-22 17:37:48,TOTAL,0.000,0.000,1158.317,1513.669
2025-11-22 17:37:49,mlx5_0,0.000,0.000,0.000,0.000
2025-11-22 17:37:49,mlx5_1,0.000,0.000,286.046,361.896
2025-11-22 17:37:49,mlx5_2,0.000,0.000,0.000,0.000
2025-11-22 17:37:49,mlx5_3,0.000,0.000,290.548,383.472
2025-11-22 17:37:49,mlx5_4,0.000,0.000,0.000,0.000
2025-11-22 17:37:49,mlx5_5,0.000,0.000,287.711,370.902
2025-11-22 17:37:49,mlx5_6,0.000,0.000,0.000,0.000
2025-11-22 17:37:49,mlx5_7,0.000,0.000,0.000,0.000
2025-11-22 17:37:49,mlx5_8,0.000,0.000,294.012,397.399
2025-11-22 17:37:49,mlx5_9,0.000,0.000,0.000,0.000
2025-11-22 17:37:49,TOTAL,0.000,0.000,1158.317,1513.669
2025-11-22 17:37:50,mlx5_0,0.000,0.000,0.000,0.000
2025-11-22 17:37:50,mlx5_1,0.000,0.000,286.046,361.896
2025-11-22 17:37:50,mlx5_2,0.000,0.000,0.000,0.000
2025-11-22 17:37:50,mlx5_3,0.000,0.000,290.548,383.472
2025-11-22 17:37:50,mlx5_4,0.000,0.000,0.000,0.000
2025-11-22 17:37:50,mlx5_5,0.000,0.000,287.711,370.902
2025-11-22 17:37:50,mlx5_6,0.000,0.000,0.000,0.000
2025-11-22 17:37:50,mlx5_7,0.000,0.000,0.000,0.000
2025-11-22 17:37:50,mlx5_8,0.000,0.000,294.012,397.399
2025-11-22 17:37:50,mlx5_9,0.000,0.000,0.000,0.000
2025-11-22 17:37:50,TOTAL,0.000,0.000,1158.317,1513.669
2025-11-22 17:37:51,mlx5_0,0.000,0.000,0.000,0.000
2025-11-22 17:37:51,mlx5_1,0.000,0.000,286.046,361.896
2025-11-22 17:37:51,mlx5_2,0.000,0.000,0.000,0.000
2025-11-22 17:37:51,mlx5_3,0.000,0.000,290.548,383.472
2025-11-22 17:37:51,mlx5_4,0.000,0.000,0.000,0.000
2025-11-22 17:37:51,mlx5_5,0.000,0.000,287.711,370.902
2025-11-22 17:37:51,mlx5_6,0.000,0.000,0.000,0.000
2025-11-22 17:37:51,mlx5_7,0.000,0.000,0.000,0.000
2025-11-22 17:37:51,mlx5_8,0.000,0.000,294.012,397.399
2025-11-22 17:37:51,mlx5_9,0.000,0.000,0.000,0.000
2025-11-22 17:37:51,TOTAL,0.000,0.000,1158.317,1513.669
2025-11-22 17:37:52,mlx5_0,0.000,0.000,0.000,0.000
2025-11-22 17:37:52,mlx5_1,0.000,0.000,286.046,361.896
2025-11-22 17:37:52,mlx5_2,0.000,0.000,0.000,0.000
2025-11-22 17:37:52,mlx5_3,0.000,0.000,290.548,383.472
2025-11-22 17:37:52,mlx5_4,0.000,0.000,0.000,0.000
2025-11-22 17:37:52,mlx5_5,0.000,0.000,287.711,370.902
2025-11-22 17:37:52,mlx5_6,0.000,0.000,0.000,0.000
2025-11-22 17:37:52,mlx5_7,0.000,0.000,0.000,0.000
2025-11-22 17:37:52,mlx5_8,0.000,0.000,294.012,397.399
2025-11-22 17:37:52,mlx5_9,0.000,0.000,0.000,0.000
2025-11-22 17:37:52,TOTAL,0.000,0.000,1158.317,1513.669
2025-11-22 17:37:53,mlx5_0,0.000,0.000,0.000,0.000
2025-11-22 17:37:53,mlx5_1,0.000,0.000,286.046,361.896
2025-11-22 17:37:53,mlx5_2,0.000,0.000,0.000,0.000
2025-11-22 17:37:53,mlx5_3,0.000,0.000,290.548,383.472
2025-11-22 17:37:53,mlx5_4,0.000,0.000,0.000,0.000
2025-11-22 17:37:53,mlx5_5,0.000,0.000,287.711,370.902
2025-11-22 17:37:53,mlx5_6,0.000,0.000,0.000,0.000
2025-11-22 17:37:53,mlx5_7,0.000,0.000,0.000,0.000
2025-11-22 17:37:53,mlx5_8,0.000,0.000,294.012,397.399
2025-11-22 17:37:53,mlx5_9,0.000,0.000,0.000,0.000
2025-11-22 17:37:53,TOTAL,0.000,0.000,1158.317,1513.669
2025-11-22 17:37:54,mlx5_0,0.000,0.000,0.000,0.000
2025-11-22 17:37:54,mlx5_1,0.000,0.000,286.046,361.896
2025-11-22 17:37:54,mlx5_2,0.000,0.000,0.000,0.000
2025-11-22 17:37:54,mlx5_3,0.000,0.000,290.548,383.472
2025-11-22 17:37:54,mlx5_4,0.000,0.000,0.000,0.000
2025-11-22 17:37:54,mlx5_5,0.000,0.000,287.711,370.902
2025-11-22 17:37:54,mlx5_6,0.000,0.000,0.000,0.000
2025-11-22 17:37:54,mlx5_7,0.000,0.000,0.000,0.000
2025-11-22 17:37:54,mlx5_8,0.000,0.000,294.012,397.399
2025-11-22 17:37:54,mlx5_9,0.000,0.000,0.000,0.000
2025-11-22 17:37:54,TOTAL,0.000,0.000,1158.317,1513.669
2025-11-22 17:37:55,mlx5_0,0.000,0.000,0.000,0.000
2025-11-22 17:37:55,mlx5_1,0.000,0.000,286.046,361.896
2025-11-22 17:37:55,mlx5_2,0.000,0.000,0.000,0.000
2025-11-22 17:37:55,mlx5_3,0.000,0.000,290.548,383.472
2025-11-22 17:37:55,mlx5_4,0.000,0.000,0.000,0.000
2025-11-22 17:37:55,mlx5_5,0.000,0.000,287.711,370.902
2025-11-22 17:37:55,mlx5_6,0.000,0.000,0.000,0.000
2025-11-22 17:37:55,mlx5_7,0.000,0.000,0.000,0.000
2025-11-22 17:37:55,mlx5_8,0.000,0.000,294.012,397.399
2025-11-22 17:37:55,mlx5_9,0.000,0.000,0.000,0.000
2025-11-22 17:37:55,TOTAL,0.000,0.000,1158.317,1513.669
2025-11-22 17:37:56,mlx5_0,0.000,0.000,0.000,0.000
2025-11-22 17:37:56,mlx5_1,0.000,0.000,286.046,361.896
2025-11-22 17:37:56,mlx5_2,0.000,0.000,0.000,0.000
2025-11-22 17:37:56,mlx5_3,0.000,0.000,290.548,383.472
2025-11-22 17:37:56,mlx5_4,0.000,0.000,0.000,0.000
2025-11-22 17:37:56,mlx5_5,0.000,0.000,287.711,370.902
2025-11-22 17:37:56,mlx5_6,0.000,0.000,0.000,0.000
2025-11-22 17:37:56,mlx5_7,0.000,0.000,0.000,0.000
2025-11-22 17:37:56,mlx5_8,0.000,0.000,294.012,397.399
2025-11-22 17:37:56,mlx5_9,0.000,0.000,0.000,0.000
2025-11-22 17:37:56,TOTAL,0.000,0.000,1158.317,1513.669
2025-11-22 17:37:57,mlx5_0,0.000,0.000,0.000,0.000
2025-11-22 17:37:57,mlx5_1,0.000,0.000,286.046,361.896
2025-11-22 17:37:57,mlx5_2,0.000,0.000,0.000,0.000
2025-11-22 17:37:57,mlx5_3,0.000,0.000,290.548,383.472
2025-11-22 17:37:57,mlx5_4,0.000,0.000,0.000,0.000
2025-11-22 17:37:57,mlx5_5,0.000,0.000,287.711,370.902
2025-11-22 17:37:57,mlx5_6,0.000,0.000,0.000,0.000
2025-11-22 17:37:57,mlx5_7,0.000,0.000,0.000,0.000
2025-11-22 17:37:57,mlx5_8,0.000,0.000,294.012,397.399
2025-11-22 17:37:57,mlx5_9,0.000,0.000,0.000,0.000
2025-11-22 17:37:57,TOTAL,0.000,0.000,1158.317,1513.669
2025-11-22 17:37:58,mlx5_0,0.000,0.000,0.000,0.000
2025-11-22 17:37:58,mlx5_1,0.000,0.000,286.046,361.896
2025-11-22 17:37:58,mlx5_2,0.000,0.000,0.000,0.000
2025-11-22 17:37:58,mlx5_3,0.000,0.000,290.548,383.472
2025-11-22 17:37:58,mlx5_4,0.000,0.000,0.000,0.000
2025-11-22 17:37:58,mlx5_5,0.000,0.000,287.711,370.902
2025-11-22 17:37:58,mlx5_6,0.000,0.000,0.000,0.000
2025-11-22 17:37:58,mlx5_7,0.000,0.000,0.000,0.000
2025-11-22 17:37:58,mlx5_8,0.000,0.000,294.012,397.399
2025-11-22 17:37:58,mlx5_9,0.000,0.000,0.000,0.000
2025-11-22 17:37:58,TOTAL,0.000,0.000,1158.317,1513.669
2025-11-22 17:37:59,mlx5_0,0.000,0.000,0.000,0.000
2025-11-22 17:37:59,mlx5_1,0.000,0.000,286.046,361.896
2025-11-22 17:37:59,mlx5_2,0.000,0.000,0.000,0.000
2025-11-22 17:37:59,mlx5_3,0.000,0.000,290.548,383.472
2025-11-22 17:37:59,mlx5_4,0.000,0.000,0.000,0.000
2025-11-22 17:37:59,mlx5_5,0.000,0.000,287.711,370.902
2025-11-22 17:37:59,mlx5_6,0.000,0.000,0.000,0.000
2025-11-22 17:37:59,mlx5_7,0.000,0.000,0.000,0.000
2025-11-22 17:37:59,mlx5_8,0.000,0.000,294.012,397.399
2025-11-22 17:37:59,mlx5_9,0.000,0.000,0.000,0.000
2025-11-22 17:37:59,TOTAL,0.000,0.000,1158.317,1513.669
2025-11-22 17:38:00,mlx5_0,0.000,0.000,0.000,0.000
2025-11-22 17:38:00,mlx5_1,0.000,0.000,286.046,361.896
2025-11-22 17:38:00,mlx5_2,0.000,0.000,0.000,0.000
2025-11-22 17:38:00,mlx5_3,0.000,0.000,290.548,383.472
2025-11-22 17:38:00,mlx5_4,0.000,0.000,0.000,0.000
2025-11-22 17:38:00,mlx5_5,0.000,0.000,287.711,370.902
2025-11-22 17:38:00,mlx5_6,0.000,0.000,0.000,0.000
2025-11-22 17:38:00,mlx5_7,0.000,0.000,0.000,0.000
2025-11-22 17:38:00,mlx5_8,0.000,0.000,294.012,397.399
2025-11-22 17:38:00,mlx5_9,0.000,0.000,0.000,0.000
2025-11-22 17:38:00,TOTAL,0.000,0.000,1158.317,1513.669
2025-11-22 17:38:01,mlx5_0,0.000,0.000,0.000,0.000
2025-11-22 17:38:01,mlx5_1,0.000,0.000,286.046,361.896
2025-11-22 17:38:01,mlx5_2,0.000,0.000,0.000,0.000
2025-11-22 17:38:01,mlx5_3,0.000,0.000,290.548,383.472
2025-11-22 17:38:01,mlx5_4,0.000,0.000,0.000,0.000
2025-11-22 17:38:01,mlx5_5,0.000,0.000,287.711,370.902
2025-11-22 17:38:01,mlx5_6,0.000,0.000,0.000,0.000
2025-11-22 17:38:01,mlx5_7,0.000,0.000,0.000,0.000
2025-11-22 17:38:01,mlx5_8,0.000,0.000,294.012,397.399
2025-11-22 17:38:01,mlx5_9,0.000,0.000,0.000,0.000
2025-11-22 17:38:01,TOTAL,0.000,0.000,1158.317,1513.669
2025-11-22 17:38:02,mlx5_0,0.000,0.000,0.000,0.000
2025-11-22 17:38:02,mlx5_1,0.000,0.000,286.046,361.896
2025-11-22 17:38:02,mlx5_2,0.000,0.000,0.000,0.000
2025-11-22 17:38:02,mlx5_3,0.000,0.000,290.548,383.472
2025-11-22 17:38:02,mlx5_4,0.000,0.000,0.000,0.000
2025-11-22 17:38:02,mlx5_5,0.000,0.000,287.711,370.902
2025-11-22 17:38:02,mlx5_6,0.000,0.000,0.000,0.000
2025-11-22 17:38:02,mlx5_7,0.000,0.000,0.000,0.000
2025-11-22 17:38:02,mlx5_8,0.000,0.000,294.012,397.399
2025-11-22 17:38:02,mlx5_9,0.000,0.000,0.000,0.000
2025-11-22 17:38:02,TOTAL,0.000,0.000,1158.317,1513.669
2025-11-22 17:38:03,mlx5_0,0.000,0.000,0.000,0.000
2025-11-22 17:38:03,mlx5_1,0.000,0.000,286.046,361.896
2025-11-22 17:38:03,mlx5_2,0.000,0.000,0.000,0.000
2025-11-22 17:38:03,mlx5_3,0.000,0.000,290.548,383.472
2025-11-22 17:38:03,mlx5_4,0.000,0.000,0.000,0.000
2025-11-22 17:38:03,mlx5_5,0.000,0.000,287.711,370.902
2025-11-22 17:38:03,mlx5_6,0.000,0.000,0.000,0.000
2025-11-22 17:38:03,mlx5_7,0.000,0.000,0.000,0.000
2025-11-22 17:38:03,mlx5_8,0.000,0.000,294.012,397.399
2025-11-22 17:38:03,mlx5_9,0.000,0.000,0.000,0.000
2025-11-22 17:38:03,TOTAL,0.000,0.000,1158.317,1513.669
2025-11-22 17:38:04,mlx5_0,0.000,0.000,0.000,0.000
2025-11-22 17:38:04,mlx5_1,0.022,12.390,286.049,363.452
2025-11-22 17:38:04,mlx5_2,0.000,0.000,0.000,0.000
2025-11-22 17:38:04,mlx5_3,0.025,13.445,290.551,385.160
2025-11-22 17:38:04,mlx5_4,0.000,0.000,0.000,0.000
2025-11-22 17:38:04,mlx5_5,0.024,13.076,287.714,372.544
2025-11-22 17:38:04,mlx5_6,0.000,0.000,0.000,0.000
2025-11-22 17:38:04,mlx5_7,0.000,0.000,0.000,0.000
2025-11-22 17:38:04,mlx5_8,0.026,14.411,294.015,399.208
2025-11-22 17:38:04,mlx5_9,0.000,0.000,0.000,0.000
2025-11-22 17:38:04,TOTAL,0.097,53.323,1158.329,1520.364
2025-11-22 17:38:05,mlx5_0,0.000,0.000,0.000,0.000
2025-11-22 17:38:05,mlx5_1,0.170,96.247,286.071,375.553
2025-11-22 17:38:05,mlx5_2,0.000,0.000,0.000,0.000
2025-11-22 17:38:05,mlx5_3,0.192,102.026,290.575,397.988
2025-11-22 17:38:05,mlx5_4,0.000,0.000,0.000,0.000
2025-11-22 17:38:05,mlx5_5,0.178,98.815,287.736,384.968
2025-11-22 17:38:05,mlx5_6,0.000,0.000,0.000,0.000
2025-11-22 17:38:05,mlx5_7,0.000,0.000,0.000,0.000
2025-11-22 17:38:05,mlx5_8,0.188,105.316,294.038,412.450
2025-11-22 17:38:05,mlx5_9,0.000,0.000,0.000,0.000
2025-11-22 17:38:05,TOTAL,0.729,402.404,1158.421,1570.959
2025-11-22 17:38:06,mlx5_0,0.000,0.000,0.000,0.000
2025-11-22 17:38:06,mlx5_1,0.150,81.270,286.089,385.764
2025-11-22 17:38:06,mlx5_2,0.000,0.000,0.000,0.000
2025-11-22 17:38:06,mlx5_3,0.184,86.150,290.599,408.812
2025-11-22 17:38:06,mlx5_4,0.000,0.000,0.000,0.000
2025-11-22 17:38:06,mlx5_5,0.178,84.349,287.759,395.566
2025-11-22 17:38:06,mlx5_6,0.000,0.000,0.000,0.000
2025-11-22 17:38:06,mlx5_7,0.000,0.000,0.000,0.000
2025-11-22 17:38:06,mlx5_8,0.197,89.794,294.063,423.732
2025-11-22 17:38:06,mlx5_9,0.000,0.000,0.000,0.000
2025-11-22 17:38:06,TOTAL,0.709,341.563,1158.510,1613.873
2025-11-22 17:38:07,mlx5_0,0.000,0.000,0.000,0.000
2025-11-22 17:38:07,mlx5_1,0.129,71.709,286.106,394.772
2025-11-22 17:38:07,mlx5_2,0.000,0.000,0.000,0.000
2025-11-22 17:38:07,mlx5_3,0.139,76.435,290.616,418.414
2025-11-22 17:38:07,mlx5_4,0.000,0.000,0.000,0.000
2025-11-22 17:38:07,mlx5_5,0.134,73.148,287.775,404.755
2025-11-22 17:38:07,mlx5_6,0.000,0.000,0.000,0.000
2025-11-22 17:38:07,mlx5_7,0.000,0.000,0.000,0.000
2025-11-22 17:38:07,mlx5_8,0.151,78.486,294.082,433.592
2025-11-22 17:38:07,mlx5_9,0.000,0.000,0.000,0.000
2025-11-22 17:38:07,TOTAL,0.553,299.777,1158.579,1651.534
2025-11-22 17:38:08,mlx5_0,0.000,0.000,0.000,0.000
2025-11-22 17:38:08,mlx5_1,0.166,94.817,286.127,406.688
2025-11-22 17:38:08,mlx5_2,0.000,0.000,0.000,0.000
2025-11-22 17:38:08,mlx5_3,0.187,101.652,290.640,431.190
2025-11-22 17:38:08,mlx5_4,0.000,0.000,0.000,0.000
2025-11-22 17:38:08,mlx5_5,0.181,98.040,287.798,417.076
2025-11-22 17:38:08,mlx5_6,0.000,0.000,0.000,0.000
2025-11-22 17:38:08,mlx5_7,0.000,0.000,0.000,0.000
2025-11-22 17:38:08,mlx5_8,0.193,105.234,294.106,446.817
2025-11-22 17:38:08,mlx5_9,0.000,0.000,0.000,0.000
2025-11-22 17:38:08,TOTAL,0.727,399.741,1158.671,1701.771
2025-11-22 17:38:09,mlx5_0,0.000,0.000,0.000,0.000
2025-11-22 17:38:09,mlx5_1,0.222,129.217,286.154,422.928
2025-11-22 17:38:09,mlx5_2,0.000,0.000,0.000,0.000
2025-11-22 17:38:09,mlx5_3,0.248,136.795,290.671,448.382
2025-11-22 17:38:09,mlx5_4,0.000,0.000,0.000,0.000
2025-11-22 17:38:09,mlx5_5,0.233,133.035,287.828,433.796
2025-11-22 17:38:09,mlx5_6,0.000,0.000,0.000,0.000
2025-11-22 17:38:09,mlx5_7,0.000,0.000,0.000,0.000
2025-11-22 17:38:09,mlx5_8,0.247,141.684,294.138,464.624
2025-11-22 17:38:09,mlx5_9,0.000,0.000,0.000,0.000
2025-11-22 17:38:09,TOTAL,0.951,540.730,1158.790,1769.730
2025-11-22 17:38:10,mlx5_0,0.000,0.000,0.000,0.000
2025-11-22 17:38:10,mlx5_1,0.255,147.038,286.187,441.403
2025-11-22 17:38:10,mlx5_2,0.000,0.000,0.000,0.000
2025-11-22 17:38:10,mlx5_3,0.289,155.642,290.707,467.938
2025-11-22 17:38:10,mlx5_4,0.000,0.000,0.000,0.000
2025-11-22 17:38:10,mlx5_5,0.276,150.651,287.862,452.725
2025-11-22 17:38:10,mlx5_6,0.000,0.000,0.000,0.000
2025-11-22 17:38:10,mlx5_7,0.000,0.000,0.000,0.000
2025-11-22 17:38:10,mlx5_8,0.292,161.193,294.174,484.877
2025-11-22 17:38:10,mlx5_9,0.000,0.000,0.000,0.000
2025-11-22 17:38:10,TOTAL,1.113,614.524,1158.930,1846.943
2025-11-22 17:38:11,mlx5_0,0.000,0.000,0.000,0.000
2025-11-22 17:38:11,mlx5_1,0.230,132.362,286.215,458.041
2025-11-22 17:38:11,mlx5_2,0.000,0.000,0.000,0.000
2025-11-22 17:38:11,mlx5_3,0.249,139.932,290.738,485.527
2025-11-22 17:38:11,mlx5_4,0.000,0.000,0.000,0.000
2025-11-22 17:38:11,mlx5_5,0.242,135.339,287.893,469.737
2025-11-22 17:38:11,mlx5_6,0.000,0.000,0.000,0.000
2025-11-22 17:38:11,mlx5_7,0.000,0.000,0.000,0.000
2025-11-22 17:38:11,mlx5_8,0.259,145.766,294.207,503.200
2025-11-22 17:38:11,mlx5_9,0.000,0.000,0.000,0.000
2025-11-22 17:38:11,TOTAL,0.980,553.398,1159.053,1916.506
2025-11-22 17:38:12,mlx5_0,0.000,0.000,0.000,0.000
2025-11-22 17:38:12,mlx5_1,0.179,105.494,286.238,471.299
2025-11-22 17:38:12,mlx5_2,0.000,0.000,0.000,0.000
2025-11-22 17:38:12,mlx5_3,0.198,112.138,290.763,499.620
2025-11-22 17:38:12,mlx5_4,0.000,0.000,0.000,0.000
2025-11-22 17:38:12,mlx5_5,0.188,107.628,287.916,483.263
2025-11-22 17:38:12,mlx5_6,0.000,0.000,0.000,0.000
2025-11-22 17:38:12,mlx5_7,0.000,0.000,0.000,0.000
2025-11-22 17:38:12,mlx5_8,0.201,116.327,294.232,517.819
2025-11-22 17:38:12,mlx5_9,0.000,0.000,0.000,0.000
2025-11-22 17:38:12,TOTAL,0.766,441.588,1159.150,1972.001
2025-11-22 17:38:13,mlx5_0,0.000,0.000,0.000,0.000
2025-11-22 17:38:13,mlx5_1,0.200,114.469,286.263,485.679
2025-11-22 17:38:13,mlx5_2,0.000,0.000,0.000,0.000
2025-11-22 17:38:13,mlx5_3,0.224,121.642,290.791,514.902
2025-11-22 17:38:13,mlx5_4,0.000,0.000,0.000,0.000
2025-11-22 17:38:13,mlx5_5,0.212,117.633,287.943,498.041
2025-11-22 17:38:13,mlx5_6,0.000,0.000,0.000,0.000
2025-11-22 17:38:13,mlx5_7,0.000,0.000,0.000,0.000
2025-11-22 17:38:13,mlx5_8,0.232,127.249,294.261,533.805
2025-11-22 17:38:13,mlx5_9,0.000,0.000,0.000,0.000
2025-11-22 17:38:13,TOTAL,0.868,480.994,1159.259,2032.427
2025-11-22 17:38:14,mlx5_0,0.000,0.000,0.000,0.000
2025-11-22 17:38:14,mlx5_1,0.260,144.594,286.296,503.840
2025-11-22 17:38:14,mlx5_2,0.000,0.000,0.000,0.000
2025-11-22 17:38:14,mlx5_3,0.298,153.272,290.829,534.152
2025-11-22 17:38:14,mlx5_4,0.000,0.000,0.000,0.000
2025-11-22 17:38:14,mlx5_5,0.281,147.645,287.978,516.584
2025-11-22 17:38:14,mlx5_6,0.000,0.000,0.000,0.000
2025-11-22 17:38:14,mlx5_7,0.000,0.000,0.000,0.000
2025-11-22 17:38:14,mlx5_8,0.297,158.108,294.299,553.663
2025-11-22 17:38:14,mlx5_9,0.000,0.000,0.000,0.000
2025-11-22 17:38:14,TOTAL,1.136,603.619,1159.401,2108.239
2025-11-22 17:38:15,mlx5_0,0.000,0.000,0.000,0.000
2025-11-22 17:38:15,mlx5_1,0.251,144.925,286.327,522.053
2025-11-22 17:38:15,mlx5_2,0.000,0.000,0.000,0.000
2025-11-22 17:38:15,mlx5_3,0.288,155.737,290.865,553.723
2025-11-22 17:38:15,mlx5_4,0.000,0.000,0.000,0.000
2025-11-22 17:38:15,mlx5_5,0.272,150.412,288.012,535.487
2025-11-22 17:38:15,mlx5_6,0.000,0.000,0.000,0.000
2025-11-22 17:38:15,mlx5_7,0.000,0.000,0.000,0.000
2025-11-22 17:38:15,mlx5_8,0.287,161.904,294.335,574.009
2025-11-22 17:38:15,mlx5_9,0.000,0.000,0.000,0.000
2025-11-22 17:38:15,TOTAL,1.097,612.978,1159.539,2185.272
2025-11-22 17:38:16,mlx5_0,0.000,0.000,0.000,0.000
2025-11-22 17:38:16,mlx5_1,0.222,127.656,286.355,538.097
2025-11-22 17:38:16,mlx5_2,0.000,0.000,0.000,0.000
2025-11-22 17:38:16,mlx5_3,0.251,135.055,290.896,570.698
2025-11-22 17:38:16,mlx5_4,0.000,0.000,0.000,0.000
2025-11-22 17:38:16,mlx5_5,0.234,130.100,288.042,551.839
2025-11-22 17:38:16,mlx5_6,0.000,0.000,0.000,0.000
2025-11-22 17:38:16,mlx5_7,0.000,0.000,0.000,0.000
2025-11-22 17:38:16,mlx5_8,0.252,140.029,294.366,591.609
2025-11-22 17:38:16,mlx5_9,0.000,0.000,0.000,0.000
2025-11-22 17:38:16,TOTAL,0.959,532.840,1159.660,2252.243
2025-11-22 17:38:17,mlx5_0,0.000,0.000,0.000,0.000
2025-11-22 17:38:17,mlx5_1,0.035,20.416,286.360,540.664
2025-11-22 17:38:17,mlx5_2,0.000,0.000,0.000,0.000
2025-11-22 17:38:17,mlx5_3,0.039,21.536,290.901,573.405
2025-11-22 17:38:17,mlx5_4,0.000,0.000,0.000,0.000
2025-11-22 17:38:17,mlx5_5,0.037,21.033,288.047,554.482
2025-11-22 17:38:17,mlx5_6,0.000,0.000,0.000,0.000
2025-11-22 17:38:17,mlx5_7,0.000,0.000,0.000,0.000
2025-11-22 17:38:17,mlx5_8,0.039,22.751,294.371,594.469
2025-11-22 17:38:17,mlx5_9,0.000,0.000,0.000,0.000
2025-11-22 17:38:17,TOTAL,0.150,85.736,1159.679,2263.020
2025-11-22 17:38:18,mlx5_0,0.000,0.000,0.000,0.000
2025-11-22 17:38:18,mlx5_1,0.254,141.632,286.391,558.463
2025-11-22 17:38:18,mlx5_2,0.000,0.000,0.000,0.000
2025-11-22 17:38:18,mlx5_3,0.296,149.556,290.938,592.200
2025-11-22 17:38:18,mlx5_4,0.000,0.000,0.000,0.000
2025-11-22 17:38:18,mlx5_5,0.279,145.598,288.082,572.780
2025-11-22 17:38:18,mlx5_6,0.000,0.000,0.000,0.000
2025-11-22 17:38:18,mlx5_7,0.000,0.000,0.000,0.000
2025-11-22 17:38:18,mlx5_8,0.307,155.953,294.410,614.068
2025-11-22 17:38:18,mlx5_9,0.000,0.000,0.000,0.000
2025-11-22 17:38:18,TOTAL,1.135,592.739,1159.821,2337.511
2025-11-22 17:38:19,mlx5_0,0.000,0.000,0.000,0.000
2025-11-22 17:38:19,mlx5_1,0.226,130.421,286.420,574.853
2025-11-22 17:38:19,mlx5_2,0.000,0.000,0.000,0.000
2025-11-22 17:38:19,mlx5_3,0.252,136.453,290.970,609.349
2025-11-22 17:38:19,mlx5_4,0.000,0.000,0.000,0.000
2025-11-22 17:38:19,mlx5_5,0.248,132.733,288.113,589.461
2025-11-22 17:38:19,mlx5_6,0.000,0.000,0.000,0.000
2025-11-22 17:38:19,mlx5_7,0.000,0.000,0.000,0.000
2025-11-22 17:38:19,mlx5_8,0.259,142.983,294.442,632.037
2025-11-22 17:38:19,mlx5_9,0.000,0.000,0.000,0.000
2025-11-22 17:38:19,TOTAL,0.985,542.591,1159.945,2405.700
2025-11-22 17:38:20,mlx5_0,0.000,0.000,0.000,0.000
2025-11-22 17:38:20,mlx5_1,0.210,118.413,286.446,589.735
2025-11-22 17:38:20,mlx5_2,0.000,0.000,0.000,0.000
2025-11-22 17:38:20,mlx5_3,0.231,124.807,290.999,625.034
2025-11-22 17:38:20,mlx5_4,0.000,0.000,0.000,0.000
2025-11-22 17:38:20,mlx5_5,0.228,121.096,288.141,604.680
2025-11-22 17:38:20,mlx5_6,0.000,0.000,0.000,0.000
2025-11-22 17:38:20,mlx5_7,0.000,0.000,0.000,0.000
2025-11-22 17:38:20,mlx5_8,0.246,129.216,294.473,648.276
2025-11-22 17:38:20,mlx5_9,0.000,0.000,0.000,0.000
2025-11-22 17:38:20,TOTAL,0.915,493.531,1160.060,2467.725
2025-11-22 17:38:21,mlx5_0,0.000,0.000,0.000,0.000
2025-11-22 17:38:21,mlx5_1,0.189,109.172,286.470,603.454
2025-11-22 17:38:21,mlx5_2,0.000,0.000,0.000,0.000
2025-11-22 17:38:21,mlx5_3,0.211,115.947,291.025,639.604
2025-11-22 17:38:21,mlx5_4,0.000,0.000,0.000,0.000
2025-11-22 17:38:21,mlx5_5,0.209,111.820,288.168,618.731
2025-11-22 17:38:21,mlx5_6,0.000,0.000,0.000,0.000
2025-11-22 17:38:21,mlx5_7,0.000,0.000,0.000,0.000
2025-11-22 17:38:21,mlx5_8,0.212,118.861,294.500,663.213
2025-11-22 17:38:21,mlx5_9,0.000,0.000,0.000,0.000
2025-11-22 17:38:21,TOTAL,0.821,455.800,1160.163,2525.002
2025-11-22 17:38:22,mlx5_0,0.000,0.000,0.000,0.000
2025-11-22 17:38:22,mlx5_1,0.176,102.191,286.492,616.295
2025-11-22 17:38:22,mlx5_2,0.000,0.000,0.000,0.000
2025-11-22 17:38:22,mlx5_3,0.214,109.207,291.052,653.327
2025-11-22 17:38:22,mlx5_4,0.000,0.000,0.000,0.000
2025-11-22 17:38:22,mlx5_5,0.191,103.953,288.192,631.794
2025-11-22 17:38:22,mlx5_6,0.000,0.000,0.000,0.000
2025-11-22 17:38:22,mlx5_7,0.000,0.000,0.000,0.000
2025-11-22 17:38:22,mlx5_8,0.210,113.125,294.526,677.428
2025-11-22 17:38:22,mlx5_9,0.000,0.000,0.000,0.000
2025-11-22 17:38:22,TOTAL,0.792,428.477,1160.263,2578.845
2025-11-22 17:38:23,mlx5_0,0.000,0.000,0.000,0.000
2025-11-22 17:38:23,mlx5_1,0.218,125.849,286.520,632.114
2025-11-22 17:38:23,mlx5_2,0.000,0.000,0.000,0.000
2025-11-22 17:38:23,mlx5_3,0.244,134.822,291.083,670.274
2025-11-22 17:38:23,mlx5_4,0.000,0.000,0.000,0.000
2025-11-22 17:38:23,mlx5_5,0.235,129.759,288.221,648.105
2025-11-22 17:38:23,mlx5_6,0.000,0.000,0.000,0.000
2025-11-22 17:38:23,mlx5_7,0.000,0.000,0.000,0.000
2025-11-22 17:38:23,mlx5_8,0.244,138.550,294.557,694.844
2025-11-22 17:38:23,mlx5_9,0.000,0.000,0.000,0.000
2025-11-22 17:38:23,TOTAL,0.940,528.981,1160.381,2645.336
2025-11-22 17:38:24,mlx5_0,0.000,0.000,0.000,0.000
2025-11-22 17:38:24,mlx5_1,0.242,134.916,286.550,649.068
2025-11-22 17:38:24,mlx5_2,0.000,0.000,0.000,0.000
2025-11-22 17:38:24,mlx5_3,0.266,142.834,291.116,688.222
2025-11-22 17:38:24,mlx5_4,0.000,0.000,0.000,0.000
2025-11-22 17:38:24,mlx5_5,0.254,137.597,288.253,665.395
2025-11-22 17:38:24,mlx5_6,0.000,0.000,0.000,0.000
2025-11-22 17:38:24,mlx5_7,0.000,0.000,0.000,0.000
2025-11-22 17:38:24,mlx5_8,0.273,147.509,294.591,713.380
2025-11-22 17:38:24,mlx5_9,0.000,0.000,0.000,0.000
2025-11-22 17:38:24,TOTAL,1.035,562.855,1160.511,2716.065
2025-11-22 17:38:25,mlx5_0,0.000,0.000,0.000,0.000
2025-11-22 17:38:25,mlx5_1,0.002,1.308,286.550,649.232
2025-11-22 17:38:25,mlx5_2,0.000,0.000,0.000,0.000
2025-11-22 17:38:25,mlx5_3,0.002,1.233,291.117,688.377
2025-11-22 17:38:25,mlx5_4,0.000,0.000,0.000,0.000
2025-11-22 17:38:25,mlx5_5,0.002,1.356,288.253,665.565
2025-11-22 17:38:25,mlx5_6,0.000,0.000,0.000,0.000
2025-11-22 17:38:25,mlx5_7,0.000,0.000,0.000,0.000
2025-11-22 17:38:25,mlx5_8,0.002,1.178,294.592,713.527
2025-11-22 17:38:25,mlx5_9,0.000,0.000,0.000,0.000
2025-11-22 17:38:25,TOTAL,0.007,5.076,1160.512,2716.702
2025-11-22 17:38:26,mlx5_0,0.000,0.000,0.000,0.000
2025-11-22 17:38:26,mlx5_1,0.000,0.000,286.550,649.232
2025-11-22 17:38:26,mlx5_2,0.000,0.000,0.000,0.000
2025-11-22 17:38:26,mlx5_3,0.000,0.000,291.117,688.377
2025-11-22 17:38:26,mlx5_4,0.000,0.000,0.000,0.000
2025-11-22 17:38:26,mlx5_5,0.000,0.000,288.253,665.565
2025-11-22 17:38:26,mlx5_6,0.000,0.000,0.000,0.000
2025-11-22 17:38:26,mlx5_7,0.000,0.000,0.000,0.000
2025-11-22 17:38:26,mlx5_8,0.000,0.000,294.592,713.527
2025-11-22 17:38:26,mlx5_9,0.000,0.000,0.000,0.000
2025-11-22 17:38:26,TOTAL,0.000,0.000,1160.512,2716.702
2025-11-22 17:38:27,mlx5_0,0.000,0.000,0.000,0.000
2025-11-22 17:38:27,mlx5_1,0.000,0.000,286.550,649.232
2025-11-22 17:38:27,mlx5_2,0.000,0.000,0.000,0.000
2025-11-22 17:38:27,mlx5_3,0.000,0.000,291.117,688.377
2025-11-22 17:38:27,mlx5_4,0.000,0.000,0.000,0.000
2025-11-22 17:38:27,mlx5_5,0.000,0.000,288.253,665.565
2025-11-22 17:38:27,mlx5_6,0.000,0.000,0.000,0.000
2025-11-22 17:38:27,mlx5_7,0.000,0.000,0.000,0.000
2025-11-22 17:38:27,mlx5_8,0.000,0.000,294.592,713.527
2025-11-22 17:38:27,mlx5_9,0.000,0.000,0.000,0.000
2025-11-22 17:38:27,TOTAL,0.000,0.000,1160.512,2716.702
2025-11-22 17:38:28,mlx5_0,0.000,0.000,0.000,0.000
2025-11-22 17:38:28,mlx5_1,0.000,0.000,286.550,649.232
2025-11-22 17:38:28,mlx5_2,0.000,0.000,0.000,0.000
2025-11-22 17:38:28,mlx5_3,0.000,0.000,291.117,688.377
2025-11-22 17:38:28,mlx5_4,0.000,0.000,0.000,0.000
2025-11-22 17:38:28,mlx5_5,0.000,0.000,288.253,665.565
2025-11-22 17:38:28,mlx5_6,0.000,0.000,0.000,0.000
2025-11-22 17:38:28,mlx5_7,0.000,0.000,0.000,0.000
2025-11-22 17:38:28,mlx5_8,0.000,0.000,294.592,713.527
2025-11-22 17:38:28,mlx5_9,0.000,0.000,0.000,0.000
2025-11-22 17:38:28,TOTAL,0.000,0.000,1160.512,2716.702
2025-11-22 17:38:29,mlx5_0,0.000,0.000,0.000,0.000
2025-11-22 17:38:29,mlx5_1,0.000,0.000,286.550,649.232
2025-11-22 17:38:29,mlx5_2,0.000,0.000,0.000,0.000
2025-11-22 17:38:29,mlx5_3,0.000,0.000,291.117,688.377
2025-11-22 17:38:29,mlx5_4,0.000,0.000,0.000,0.000
2025-11-22 17:38:29,mlx5_5,0.000,0.000,288.253,665.565
2025-11-22 17:38:29,mlx5_6,0.000,0.000,0.000,0.000
2025-11-22 17:38:29,mlx5_7,0.000,0.000,0.000,0.000
2025-11-22 17:38:29,mlx5_8,0.000,0.000,294.592,713.527
2025-11-22 17:38:29,mlx5_9,0.000,0.000,0.000,0.000
2025-11-22 17:38:29,TOTAL,0.000,0.000,1160.512,2716.702
