timestamp,device,tx_gbps,rx_gbps,tx_total_gb,rx_total_gb
2025-11-23 01:28:39,mlx5_0,0.000,0.000,0.000,0.000
2025-11-23 01:28:39,mlx5_1,0.003,0.000,0.001,0.000
2025-11-23 01:28:39,mlx5_2,0.000,0.000,0.000,0.000
2025-11-23 01:28:39,mlx5_3,0.000,0.000,0.000,0.000
2025-11-23 01:28:39,mlx5_4,0.000,0.000,0.000,0.000
2025-11-23 01:28:39,mlx5_5,0.000,0.000,0.000,0.000
2025-11-23 01:28:39,mlx5_6,0.000,0.000,0.000,0.000
2025-11-23 01:28:39,mlx5_7,0.000,0.000,0.000,0.000
2025-11-23 01:28:39,mlx5_8,0.000,0.000,0.000,0.000
2025-11-23 01:28:39,mlx5_9,0.000,0.000,0.000,0.000
2025-11-23 01:28:39,TOTAL,0.004,0.000,0.001,0.000
2025-11-23 01:28:40,mlx5_0,0.000,0.000,0.000,0.000
2025-11-23 01:28:40,mlx5_1,0.000,0.000,0.001,0.000
2025-11-23 01:28:40,mlx5_2,0.000,0.000,0.000,0.000
2025-11-23 01:28:40,mlx5_3,0.000,0.000,0.000,0.000
2025-11-23 01:28:40,mlx5_4,0.000,0.000,0.000,0.000
2025-11-23 01:28:40,mlx5_5,0.000,0.000,0.000,0.000
2025-11-23 01:28:40,mlx5_6,0.000,0.000,0.000,0.000
2025-11-23 01:28:40,mlx5_7,0.000,0.000,0.000,0.000
2025-11-23 01:28:40,mlx5_8,0.000,0.000,0.000,0.000
2025-11-23 01:28:40,mlx5_9,0.000,0.000,0.000,0.000
2025-11-23 01:28:40,TOTAL,0.000,0.000,0.001,0.000
2025-11-23 01:28:41,mlx5_0,0.000,0.000,0.000,0.000
2025-11-23 01:28:41,mlx5_1,0.000,0.000,0.001,0.000
2025-11-23 01:28:41,mlx5_2,0.000,0.000,0.000,0.000
2025-11-23 01:28:41,mlx5_3,0.000,0.000,0.000,0.000
2025-11-23 01:28:41,mlx5_4,0.000,0.000,0.000,0.000
2025-11-23 01:28:41,mlx5_5,0.000,0.000,0.000,0.000
2025-11-23 01:28:41,mlx5_6,0.000,0.000,0.000,0.000
2025-11-23 01:28:41,mlx5_7,0.000,0.000,0.000,0.000
2025-11-23 01:28:41,mlx5_8,0.000,0.000,0.000,0.000
2025-11-23 01:28:41,mlx5_9,0.000,0.000,0.000,0.000
2025-11-23 01:28:41,TOTAL,0.000,0.000,0.001,0.000
2025-11-23 01:28:42,mlx5_0,0.000,0.000,0.000,0.000
2025-11-23 01:28:42,mlx5_1,0.000,0.000,0.001,0.000
2025-11-23 01:28:42,mlx5_2,0.000,0.000,0.000,0.000
2025-11-23 01:28:42,mlx5_3,0.000,0.000,0.000,0.000
2025-11-23 01:28:42,mlx5_4,0.000,0.000,0.000,0.000
2025-11-23 01:28:42,mlx5_5,0.000,0.000,0.000,0.000
2025-11-23 01:28:42,mlx5_6,0.000,0.000,0.000,0.000
2025-11-23 01:28:42,mlx5_7,0.000,0.000,0.000,0.000
2025-11-23 01:28:42,mlx5_8,0.000,0.000,0.000,0.000
2025-11-23 01:28:42,mlx5_9,0.000,0.000,0.000,0.000
2025-11-23 01:28:42,TOTAL,0.000,0.000,0.001,0.000
2025-11-23 01:28:43,mlx5_0,0.000,0.000,0.000,0.000
2025-11-23 01:28:43,mlx5_1,0.000,0.000,0.001,0.000
2025-11-23 01:28:43,mlx5_2,0.000,0.000,0.000,0.000
2025-11-23 01:28:43,mlx5_3,0.000,0.000,0.000,0.000
2025-11-23 01:28:43,mlx5_4,0.000,0.000,0.000,0.000
2025-11-23 01:28:43,mlx5_5,0.000,0.000,0.000,0.000
2025-11-23 01:28:43,mlx5_6,0.000,0.000,0.000,0.000
2025-11-23 01:28:43,mlx5_7,0.000,0.000,0.000,0.000
2025-11-23 01:28:43,mlx5_8,0.000,0.000,0.000,0.000
2025-11-23 01:28:43,mlx5_9,0.000,0.000,0.000,0.000
2025-11-23 01:28:43,TOTAL,0.000,0.000,0.001,0.000
2025-11-23 01:28:44,mlx5_0,0.000,0.000,0.000,0.000
2025-11-23 01:28:44,mlx5_1,0.000,0.000,0.001,0.000
2025-11-23 01:28:44,mlx5_2,0.000,0.000,0.000,0.000
2025-11-23 01:28:44,mlx5_3,0.000,0.000,0.000,0.000
2025-11-23 01:28:44,mlx5_4,0.000,0.000,0.000,0.000
2025-11-23 01:28:44,mlx5_5,0.000,0.000,0.000,0.000
2025-11-23 01:28:44,mlx5_6,0.000,0.000,0.000,0.000
2025-11-23 01:28:44,mlx5_7,0.000,0.000,0.000,0.000
2025-11-23 01:28:44,mlx5_8,0.000,0.000,0.000,0.000
2025-11-23 01:28:44,mlx5_9,0.000,0.000,0.000,0.000
2025-11-23 01:28:44,TOTAL,0.000,0.000,0.001,0.000
2025-11-23 01:28:45,mlx5_0,0.000,0.000,0.000,0.000
2025-11-23 01:28:45,mlx5_1,0.000,0.000,0.001,0.000
2025-11-23 01:28:45,mlx5_2,0.000,0.000,0.000,0.000
2025-11-23 01:28:45,mlx5_3,0.000,0.000,0.000,0.000
2025-11-23 01:28:45,mlx5_4,0.000,0.000,0.000,0.000
2025-11-23 01:28:45,mlx5_5,0.000,0.000,0.000,0.000
2025-11-23 01:28:45,mlx5_6,0.000,0.000,0.000,0.000
2025-11-23 01:28:45,mlx5_7,0.000,0.000,0.000,0.000
2025-11-23 01:28:45,mlx5_8,0.000,0.000,0.000,0.000
2025-11-23 01:28:45,mlx5_9,0.000,0.000,0.000,0.000
2025-11-23 01:28:45,TOTAL,0.000,0.000,0.001,0.000
2025-11-23 01:28:46,mlx5_0,0.000,0.000,0.000,0.000
2025-11-23 01:28:46,mlx5_1,0.000,0.000,0.001,0.000
2025-11-23 01:28:46,mlx5_2,0.000,0.000,0.000,0.000
2025-11-23 01:28:46,mlx5_3,0.000,0.000,0.000,0.000
2025-11-23 01:28:46,mlx5_4,0.000,0.000,0.000,0.000
2025-11-23 01:28:46,mlx5_5,0.000,0.000,0.000,0.000
2025-11-23 01:28:46,mlx5_6,0.000,0.000,0.000,0.000
2025-11-23 01:28:46,mlx5_7,0.000,0.000,0.000,0.000
2025-11-23 01:28:46,mlx5_8,0.000,0.000,0.000,0.000
2025-11-23 01:28:46,mlx5_9,0.000,0.000,0.000,0.000
2025-11-23 01:28:46,TOTAL,0.000,0.000,0.001,0.000
2025-11-23 01:28:47,mlx5_0,0.000,0.000,0.000,0.000
2025-11-23 01:28:47,mlx5_1,0.000,0.000,0.001,0.000
2025-11-23 01:28:47,mlx5_2,0.000,0.000,0.000,0.000
2025-11-23 01:28:47,mlx5_3,0.000,0.000,0.000,0.000
2025-11-23 01:28:47,mlx5_4,0.000,0.000,0.000,0.000
2025-11-23 01:28:47,mlx5_5,0.000,0.000,0.000,0.000
2025-11-23 01:28:47,mlx5_6,0.000,0.000,0.000,0.000
2025-11-23 01:28:47,mlx5_7,0.000,0.000,0.000,0.000
2025-11-23 01:28:47,mlx5_8,0.000,0.000,0.000,0.000
2025-11-23 01:28:47,mlx5_9,0.000,0.000,0.000,0.000
2025-11-23 01:28:47,TOTAL,0.000,0.000,0.001,0.000
2025-11-23 01:28:48,mlx5_0,0.000,0.000,0.000,0.000
2025-11-23 01:28:48,mlx5_1,0.000,0.000,0.001,0.000
2025-11-23 01:28:48,mlx5_2,0.000,0.000,0.000,0.000
2025-11-23 01:28:48,mlx5_3,0.000,0.000,0.000,0.000
2025-11-23 01:28:48,mlx5_4,0.000,0.000,0.000,0.000
2025-11-23 01:28:48,mlx5_5,0.000,0.000,0.000,0.000
2025-11-23 01:28:48,mlx5_6,0.000,0.000,0.000,0.000
2025-11-23 01:28:48,mlx5_7,0.000,0.000,0.000,0.000
2025-11-23 01:28:48,mlx5_8,0.000,0.000,0.000,0.000
2025-11-23 01:28:48,mlx5_9,0.000,0.000,0.000,0.000
2025-11-23 01:28:48,TOTAL,0.000,0.000,0.001,0.000
2025-11-23 01:28:49,mlx5_0,0.000,0.000,0.000,0.000
2025-11-23 01:28:49,mlx5_1,0.000,0.000,0.001,0.000
2025-11-23 01:28:49,mlx5_2,0.000,0.000,0.000,0.000
2025-11-23 01:28:49,mlx5_3,0.000,0.000,0.000,0.000
2025-11-23 01:28:49,mlx5_4,0.000,0.000,0.000,0.000
2025-11-23 01:28:49,mlx5_5,0.000,0.000,0.000,0.000
2025-11-23 01:28:49,mlx5_6,0.000,0.000,0.000,0.000
2025-11-23 01:28:49,mlx5_7,0.000,0.000,0.000,0.000
2025-11-23 01:28:49,mlx5_8,0.000,0.000,0.000,0.000
2025-11-23 01:28:49,mlx5_9,0.000,0.000,0.000,0.000
2025-11-23 01:28:49,TOTAL,0.000,0.000,0.001,0.000
2025-11-23 01:28:50,mlx5_0,0.000,0.000,0.000,0.000
2025-11-23 01:28:50,mlx5_1,0.000,0.000,0.001,0.000
2025-11-23 01:28:50,mlx5_2,0.000,0.000,0.000,0.000
2025-11-23 01:28:50,mlx5_3,0.000,0.000,0.000,0.000
2025-11-23 01:28:50,mlx5_4,0.000,0.000,0.000,0.000
2025-11-23 01:28:50,mlx5_5,0.000,0.000,0.000,0.000
2025-11-23 01:28:50,mlx5_6,0.000,0.000,0.000,0.000
2025-11-23 01:28:50,mlx5_7,0.000,0.000,0.000,0.000
2025-11-23 01:28:50,mlx5_8,0.000,0.000,0.000,0.000
2025-11-23 01:28:50,mlx5_9,0.000,0.000,0.000,0.000
2025-11-23 01:28:50,TOTAL,0.000,0.000,0.001,0.000
2025-11-23 01:28:51,mlx5_0,0.000,0.000,0.000,0.000
2025-11-23 01:28:51,mlx5_1,0.000,0.000,0.001,0.000
2025-11-23 01:28:51,mlx5_2,0.000,0.000,0.000,0.000
2025-11-23 01:28:51,mlx5_3,0.000,0.000,0.000,0.000
2025-11-23 01:28:51,mlx5_4,0.000,0.000,0.000,0.000
2025-11-23 01:28:51,mlx5_5,0.000,0.000,0.000,0.000
2025-11-23 01:28:51,mlx5_6,0.000,0.000,0.000,0.000
2025-11-23 01:28:51,mlx5_7,0.000,0.000,0.000,0.000
2025-11-23 01:28:51,mlx5_8,0.000,0.000,0.000,0.000
2025-11-23 01:28:51,mlx5_9,0.000,0.000,0.000,0.000
2025-11-23 01:28:51,TOTAL,0.000,0.000,0.001,0.000
2025-11-23 01:28:52,mlx5_0,0.000,0.000,0.000,0.000
2025-11-23 01:28:52,mlx5_1,0.000,0.000,0.001,0.000
2025-11-23 01:28:52,mlx5_2,0.000,0.000,0.000,0.000
2025-11-23 01:28:52,mlx5_3,0.000,0.000,0.000,0.000
2025-11-23 01:28:52,mlx5_4,0.000,0.000,0.000,0.000
2025-11-23 01:28:52,mlx5_5,0.000,0.000,0.000,0.000
2025-11-23 01:28:52,mlx5_6,0.000,0.000,0.000,0.000
2025-11-23 01:28:52,mlx5_7,0.000,0.000,0.000,0.000
2025-11-23 01:28:52,mlx5_8,0.000,0.000,0.000,0.000
2025-11-23 01:28:52,mlx5_9,0.000,0.000,0.000,0.000
2025-11-23 01:28:52,TOTAL,0.000,0.000,0.001,0.000
2025-11-23 01:28:53,mlx5_0,0.000,0.000,0.000,0.000
2025-11-23 01:28:53,mlx5_1,0.000,0.000,0.001,0.000
2025-11-23 01:28:53,mlx5_2,0.000,0.000,0.000,0.000
2025-11-23 01:28:53,mlx5_3,0.000,0.000,0.000,0.000
2025-11-23 01:28:53,mlx5_4,0.000,0.000,0.000,0.000
2025-11-23 01:28:53,mlx5_5,0.000,0.000,0.000,0.000
2025-11-23 01:28:53,mlx5_6,0.000,0.000,0.000,0.000
2025-11-23 01:28:53,mlx5_7,0.000,0.000,0.000,0.000
2025-11-23 01:28:53,mlx5_8,0.000,0.000,0.000,0.000
2025-11-23 01:28:53,mlx5_9,0.000,0.000,0.000,0.000
2025-11-23 01:28:53,TOTAL,0.000,0.000,0.001,0.000
2025-11-23 01:28:54,mlx5_0,0.000,0.000,0.000,0.000
2025-11-23 01:28:54,mlx5_1,0.257,0.001,0.033,0.000
2025-11-23 01:28:54,mlx5_2,0.246,0.001,0.031,0.000
2025-11-23 01:28:54,mlx5_3,0.325,0.001,0.041,0.000
2025-11-23 01:28:54,mlx5_4,0.276,0.001,0.035,0.000
2025-11-23 01:28:54,mlx5_5,0.358,0.001,0.045,0.000
2025-11-23 01:28:54,mlx5_6,0.202,0.001,0.025,0.000
2025-11-23 01:28:54,mlx5_7,0.000,0.000,0.000,0.000
2025-11-23 01:28:54,mlx5_8,0.302,0.001,0.038,0.000
2025-11-23 01:28:54,mlx5_9,0.312,0.001,0.039,0.000
2025-11-23 01:28:54,TOTAL,2.278,0.006,0.288,0.001
2025-11-23 01:28:55,mlx5_0,0.000,0.000,0.000,0.000
2025-11-23 01:28:55,mlx5_1,0.000,0.000,0.033,0.000
2025-11-23 01:28:55,mlx5_2,0.114,0.000,0.045,0.000
2025-11-23 01:28:55,mlx5_3,0.119,0.000,0.056,0.000
2025-11-23 01:28:55,mlx5_4,0.000,0.000,0.035,0.000
2025-11-23 01:28:55,mlx5_5,0.068,0.000,0.054,0.000
2025-11-23 01:28:55,mlx5_6,0.015,0.000,0.027,0.000
2025-11-23 01:28:55,mlx5_7,0.000,0.000,0.000,0.000
2025-11-23 01:28:55,mlx5_8,0.139,0.000,0.055,0.000
2025-11-23 01:28:55,mlx5_9,0.000,0.000,0.039,0.000
2025-11-23 01:28:55,TOTAL,0.455,0.001,0.345,0.001
2025-11-23 01:28:56,mlx5_0,0.000,0.000,0.000,0.000
2025-11-23 01:28:56,mlx5_1,0.000,0.000,0.033,0.000
2025-11-23 01:28:56,mlx5_2,0.000,0.000,0.045,0.000
2025-11-23 01:28:56,mlx5_3,0.000,0.000,0.056,0.000
2025-11-23 01:28:56,mlx5_4,0.000,0.000,0.035,0.000
2025-11-23 01:28:56,mlx5_5,0.000,0.000,0.054,0.000
2025-11-23 01:28:56,mlx5_6,0.000,0.000,0.027,0.000
2025-11-23 01:28:56,mlx5_7,0.000,0.000,0.000,0.000
2025-11-23 01:28:56,mlx5_8,0.000,0.000,0.055,0.000
2025-11-23 01:28:56,mlx5_9,0.000,0.000,0.039,0.000
2025-11-23 01:28:56,TOTAL,0.000,0.000,0.345,0.001
2025-11-23 01:28:57,mlx5_0,0.000,0.000,0.000,0.000
2025-11-23 01:28:57,mlx5_1,0.000,0.000,0.033,0.000
2025-11-23 01:28:57,mlx5_2,0.000,0.000,0.045,0.000
2025-11-23 01:28:57,mlx5_3,0.000,0.000,0.056,0.000
2025-11-23 01:28:57,mlx5_4,0.000,0.000,0.035,0.000
2025-11-23 01:28:57,mlx5_5,0.000,0.000,0.054,0.000
2025-11-23 01:28:57,mlx5_6,0.000,0.000,0.027,0.000
2025-11-23 01:28:57,mlx5_7,0.000,0.000,0.000,0.000
2025-11-23 01:28:57,mlx5_8,0.000,0.000,0.055,0.000
2025-11-23 01:28:57,mlx5_9,0.000,0.000,0.039,0.000
2025-11-23 01:28:57,TOTAL,0.000,0.000,0.345,0.001
2025-11-23 01:28:58,mlx5_0,0.000,0.000,0.000,0.000
2025-11-23 01:28:58,mlx5_1,0.000,0.000,0.033,0.000
2025-11-23 01:28:58,mlx5_2,0.000,0.000,0.045,0.000
2025-11-23 01:28:58,mlx5_3,0.000,0.000,0.056,0.000
2025-11-23 01:28:58,mlx5_4,0.000,0.000,0.035,0.000
2025-11-23 01:28:58,mlx5_5,0.000,0.000,0.054,0.000
2025-11-23 01:28:58,mlx5_6,0.000,0.000,0.027,0.000
2025-11-23 01:28:58,mlx5_7,0.000,0.000,0.000,0.000
2025-11-23 01:28:58,mlx5_8,0.000,0.000,0.055,0.000
2025-11-23 01:28:58,mlx5_9,0.000,0.000,0.039,0.000
2025-11-23 01:28:58,TOTAL,0.000,0.000,0.345,0.001
2025-11-23 01:28:59,mlx5_0,0.000,0.000,0.000,0.000
2025-11-23 01:28:59,mlx5_1,0.000,0.000,0.033,0.000
2025-11-23 01:28:59,mlx5_2,0.000,0.000,0.045,0.000
2025-11-23 01:28:59,mlx5_3,0.000,0.000,0.056,0.000
2025-11-23 01:28:59,mlx5_4,0.000,0.000,0.035,0.000
2025-11-23 01:28:59,mlx5_5,0.000,0.000,0.054,0.000
2025-11-23 01:28:59,mlx5_6,0.000,0.000,0.027,0.000
2025-11-23 01:28:59,mlx5_7,0.000,0.000,0.000,0.000
2025-11-23 01:28:59,mlx5_8,0.000,0.000,0.055,0.000
2025-11-23 01:28:59,mlx5_9,0.000,0.000,0.039,0.000
2025-11-23 01:28:59,TOTAL,0.000,0.000,0.345,0.001
2025-11-23 01:29:00,mlx5_0,0.000,0.000,0.000,0.000
2025-11-23 01:29:00,mlx5_1,0.000,0.000,0.033,0.000
2025-11-23 01:29:00,mlx5_2,0.000,0.000,0.045,0.000
2025-11-23 01:29:00,mlx5_3,0.000,0.000,0.056,0.000
2025-11-23 01:29:00,mlx5_4,0.000,0.000,0.035,0.000
2025-11-23 01:29:00,mlx5_5,0.000,0.000,0.054,0.000
2025-11-23 01:29:00,mlx5_6,0.000,0.000,0.027,0.000
2025-11-23 01:29:00,mlx5_7,0.000,0.000,0.000,0.000
2025-11-23 01:29:00,mlx5_8,0.000,0.000,0.055,0.000
2025-11-23 01:29:00,mlx5_9,0.000,0.000,0.039,0.000
2025-11-23 01:29:00,TOTAL,0.000,0.000,0.345,0.001
2025-11-23 01:29:01,mlx5_0,0.000,0.000,0.000,0.000
2025-11-23 01:29:01,mlx5_1,0.000,0.000,0.033,0.000
2025-11-23 01:29:01,mlx5_2,0.000,0.000,0.045,0.000
2025-11-23 01:29:01,mlx5_3,0.000,0.000,0.056,0.000
2025-11-23 01:29:01,mlx5_4,0.000,0.000,0.035,0.000
2025-11-23 01:29:01,mlx5_5,0.000,0.000,0.054,0.000
2025-11-23 01:29:01,mlx5_6,0.000,0.000,0.027,0.000
2025-11-23 01:29:01,mlx5_7,0.000,0.000,0.000,0.000
2025-11-23 01:29:01,mlx5_8,0.000,0.000,0.055,0.000
2025-11-23 01:29:01,mlx5_9,0.000,0.000,0.039,0.000
2025-11-23 01:29:01,TOTAL,0.000,0.000,0.345,0.001
2025-11-23 01:29:02,mlx5_0,0.000,0.000,0.000,0.000
2025-11-23 01:29:02,mlx5_1,0.128,0.000,0.050,0.000
2025-11-23 01:29:02,mlx5_2,0.000,0.063,0.045,0.008
2025-11-23 01:29:02,mlx5_3,0.000,0.068,0.056,0.009
2025-11-23 01:29:02,mlx5_4,0.136,0.000,0.052,0.000
2025-11-23 01:29:02,mlx5_5,0.058,0.017,0.061,0.002
2025-11-23 01:29:02,mlx5_6,0.001,0.012,0.027,0.002
2025-11-23 01:29:02,mlx5_7,0.000,0.000,0.000,0.000
2025-11-23 01:29:02,mlx5_8,0.000,0.068,0.055,0.009
2025-11-23 01:29:02,mlx5_9,0.133,0.000,0.056,0.000
2025-11-23 01:29:02,TOTAL,0.456,0.229,0.402,0.030
2025-11-23 01:29:03,mlx5_0,0.000,0.000,0.000,0.000
2025-11-23 01:29:03,mlx5_1,0.000,0.000,0.050,0.000
2025-11-23 01:29:03,mlx5_2,0.000,0.000,0.045,0.008
2025-11-23 01:29:03,mlx5_3,0.000,0.000,0.056,0.009
2025-11-23 01:29:03,mlx5_4,0.000,0.000,0.052,0.000
2025-11-23 01:29:03,mlx5_5,0.000,0.000,0.061,0.002
2025-11-23 01:29:03,mlx5_6,0.000,0.000,0.027,0.002
2025-11-23 01:29:03,mlx5_7,0.000,0.000,0.000,0.000
2025-11-23 01:29:03,mlx5_8,0.000,0.000,0.055,0.009
2025-11-23 01:29:03,mlx5_9,0.000,0.000,0.056,0.000
2025-11-23 01:29:03,TOTAL,0.000,0.000,0.402,0.030
2025-11-23 01:29:04,mlx5_0,0.000,0.000,0.000,0.000
2025-11-23 01:29:04,mlx5_1,1.124,0.003,0.191,0.000
2025-11-23 01:29:04,mlx5_2,1.132,0.003,0.187,0.008
2025-11-23 01:29:04,mlx5_3,1.069,0.003,0.190,0.009
2025-11-23 01:29:04,mlx5_4,1.149,0.003,0.196,0.000
2025-11-23 01:29:04,mlx5_5,1.108,0.003,0.200,0.003
2025-11-23 01:29:04,mlx5_6,1.047,0.003,0.159,0.002
2025-11-23 01:29:04,mlx5_7,0.000,0.000,0.000,0.000
2025-11-23 01:29:04,mlx5_8,1.090,0.003,0.192,0.009
2025-11-23 01:29:04,mlx5_9,0.939,0.003,0.174,0.000
2025-11-23 01:29:04,TOTAL,8.657,0.020,1.489,0.032
2025-11-23 01:29:05,mlx5_0,0.000,0.000,0.000,0.000
2025-11-23 01:29:05,mlx5_1,0.000,0.000,0.191,0.000
2025-11-23 01:29:05,mlx5_2,0.000,0.000,0.187,0.008
2025-11-23 01:29:05,mlx5_3,0.000,0.000,0.190,0.009
2025-11-23 01:29:05,mlx5_4,0.000,0.000,0.196,0.000
2025-11-23 01:29:05,mlx5_5,0.000,0.000,0.200,0.003
2025-11-23 01:29:05,mlx5_6,0.000,0.000,0.159,0.002
2025-11-23 01:29:05,mlx5_7,0.000,0.000,0.000,0.000
2025-11-23 01:29:05,mlx5_8,0.000,0.000,0.192,0.009
2025-11-23 01:29:05,mlx5_9,0.000,0.000,0.174,0.000
2025-11-23 01:29:05,TOTAL,0.000,0.000,1.489,0.032
2025-11-23 01:29:06,mlx5_0,0.000,0.000,0.000,0.000
2025-11-23 01:29:06,mlx5_1,0.000,0.000,0.191,0.000
2025-11-23 01:29:06,mlx5_2,0.000,0.000,0.187,0.008
2025-11-23 01:29:06,mlx5_3,0.000,0.000,0.190,0.009
2025-11-23 01:29:06,mlx5_4,0.000,0.000,0.196,0.000
2025-11-23 01:29:06,mlx5_5,0.000,0.000,0.200,0.003
2025-11-23 01:29:06,mlx5_6,0.000,0.000,0.159,0.002
2025-11-23 01:29:06,mlx5_7,0.000,0.000,0.000,0.000
2025-11-23 01:29:06,mlx5_8,0.000,0.000,0.192,0.009
2025-11-23 01:29:06,mlx5_9,0.000,0.000,0.174,0.000
2025-11-23 01:29:06,TOTAL,0.000,0.000,1.489,0.032
2025-11-23 01:29:07,mlx5_0,0.000,0.000,0.000,0.000
2025-11-23 01:29:07,mlx5_1,0.000,0.000,0.191,0.000
2025-11-23 01:29:07,mlx5_2,0.000,0.000,0.187,0.008
2025-11-23 01:29:07,mlx5_3,0.000,0.000,0.190,0.009
2025-11-23 01:29:07,mlx5_4,0.000,0.000,0.196,0.000
2025-11-23 01:29:07,mlx5_5,0.000,0.000,0.200,0.003
2025-11-23 01:29:07,mlx5_6,0.000,0.000,0.159,0.002
2025-11-23 01:29:07,mlx5_7,0.000,0.000,0.000,0.000
2025-11-23 01:29:07,mlx5_8,0.000,0.000,0.192,0.009
2025-11-23 01:29:07,mlx5_9,0.000,0.000,0.174,0.000
2025-11-23 01:29:07,TOTAL,0.000,0.000,1.489,0.032
2025-11-23 01:29:08,mlx5_0,0.000,0.000,0.000,0.000
2025-11-23 01:29:08,mlx5_1,0.000,0.000,0.191,0.000
2025-11-23 01:29:08,mlx5_2,0.000,0.000,0.187,0.008
2025-11-23 01:29:08,mlx5_3,0.000,0.000,0.190,0.009
2025-11-23 01:29:08,mlx5_4,0.000,0.000,0.196,0.000
2025-11-23 01:29:08,mlx5_5,0.000,0.000,0.200,0.003
2025-11-23 01:29:08,mlx5_6,0.000,0.000,0.159,0.002
2025-11-23 01:29:08,mlx5_7,0.000,0.000,0.000,0.000
2025-11-23 01:29:08,mlx5_8,0.000,0.000,0.192,0.009
2025-11-23 01:29:08,mlx5_9,0.000,0.000,0.174,0.000
2025-11-23 01:29:08,TOTAL,0.000,0.000,1.489,0.032
2025-11-23 01:29:09,mlx5_0,0.000,0.000,0.000,0.000
2025-11-23 01:29:09,mlx5_1,0.000,0.000,0.191,0.000
2025-11-23 01:29:09,mlx5_2,0.000,0.000,0.187,0.008
2025-11-23 01:29:09,mlx5_3,0.000,0.000,0.190,0.009
2025-11-23 01:29:09,mlx5_4,0.000,0.000,0.196,0.000
2025-11-23 01:29:09,mlx5_5,0.000,0.000,0.200,0.003
2025-11-23 01:29:09,mlx5_6,0.000,0.000,0.159,0.002
2025-11-23 01:29:09,mlx5_7,0.000,0.000,0.000,0.000
2025-11-23 01:29:09,mlx5_8,0.000,0.000,0.192,0.009
2025-11-23 01:29:09,mlx5_9,0.000,0.000,0.174,0.000
2025-11-23 01:29:09,TOTAL,0.000,0.000,1.489,0.032
2025-11-23 01:29:10,mlx5_0,0.000,0.000,0.000,0.000
2025-11-23 01:29:10,mlx5_1,0.000,0.000,0.191,0.000
2025-11-23 01:29:10,mlx5_2,0.000,0.000,0.187,0.008
2025-11-23 01:29:10,mlx5_3,0.000,0.000,0.190,0.009
2025-11-23 01:29:10,mlx5_4,0.000,0.000,0.196,0.000
2025-11-23 01:29:10,mlx5_5,0.000,0.000,0.200,0.003
2025-11-23 01:29:10,mlx5_6,0.000,0.000,0.159,0.002
2025-11-23 01:29:10,mlx5_7,0.000,0.000,0.000,0.000
2025-11-23 01:29:10,mlx5_8,0.000,0.000,0.192,0.009
2025-11-23 01:29:10,mlx5_9,0.000,0.000,0.174,0.000
2025-11-23 01:29:10,TOTAL,0.000,0.000,1.489,0.032
2025-11-23 01:29:11,mlx5_0,0.000,0.000,0.000,0.000
2025-11-23 01:29:11,mlx5_1,0.000,0.000,0.191,0.000
2025-11-23 01:29:11,mlx5_2,0.000,0.000,0.187,0.008
2025-11-23 01:29:11,mlx5_3,0.000,0.000,0.190,0.009
2025-11-23 01:29:11,mlx5_4,0.000,0.000,0.196,0.000
2025-11-23 01:29:11,mlx5_5,0.000,0.000,0.200,0.003
2025-11-23 01:29:11,mlx5_6,0.000,0.000,0.159,0.002
2025-11-23 01:29:11,mlx5_7,0.000,0.000,0.000,0.000
2025-11-23 01:29:11,mlx5_8,0.000,0.000,0.192,0.009
2025-11-23 01:29:11,mlx5_9,0.000,0.000,0.174,0.000
2025-11-23 01:29:11,TOTAL,0.000,0.000,1.489,0.032
2025-11-23 01:29:12,mlx5_0,0.000,0.000,0.000,0.000
2025-11-23 01:29:12,mlx5_1,0.000,0.000,0.191,0.000
2025-11-23 01:29:12,mlx5_2,0.000,0.000,0.187,0.008
2025-11-23 01:29:12,mlx5_3,0.000,0.000,0.190,0.009
2025-11-23 01:29:12,mlx5_4,0.000,0.000,0.196,0.000
2025-11-23 01:29:12,mlx5_5,0.000,0.000,0.200,0.003
2025-11-23 01:29:12,mlx5_6,0.000,0.000,0.159,0.002
2025-11-23 01:29:12,mlx5_7,0.000,0.000,0.000,0.000
2025-11-23 01:29:12,mlx5_8,0.000,0.000,0.192,0.009
2025-11-23 01:29:12,mlx5_9,0.000,0.000,0.174,0.000
2025-11-23 01:29:12,TOTAL,0.000,0.000,1.489,0.032
2025-11-23 01:29:13,mlx5_0,0.000,0.000,0.000,0.000
2025-11-23 01:29:13,mlx5_1,0.000,0.000,0.191,0.000
2025-11-23 01:29:13,mlx5_2,0.000,0.000,0.187,0.008
2025-11-23 01:29:13,mlx5_3,0.000,0.000,0.190,0.009
2025-11-23 01:29:13,mlx5_4,0.000,0.000,0.196,0.000
2025-11-23 01:29:13,mlx5_5,0.000,0.000,0.200,0.003
2025-11-23 01:29:13,mlx5_6,0.000,0.000,0.159,0.002
2025-11-23 01:29:13,mlx5_7,0.000,0.000,0.000,0.000
2025-11-23 01:29:13,mlx5_8,0.000,0.000,0.192,0.009
2025-11-23 01:29:13,mlx5_9,0.000,0.000,0.174,0.000
2025-11-23 01:29:13,TOTAL,0.000,0.000,1.489,0.032
2025-11-23 01:29:14,mlx5_0,0.000,0.000,0.000,0.000
2025-11-23 01:29:14,mlx5_1,0.000,0.000,0.191,0.000
2025-11-23 01:29:14,mlx5_2,0.000,0.000,0.187,0.008
2025-11-23 01:29:14,mlx5_3,0.000,0.000,0.190,0.009
2025-11-23 01:29:14,mlx5_4,0.000,0.000,0.196,0.000
2025-11-23 01:29:14,mlx5_5,0.000,0.000,0.200,0.003
2025-11-23 01:29:14,mlx5_6,0.000,0.000,0.159,0.002
2025-11-23 01:29:14,mlx5_7,0.000,0.000,0.000,0.000
2025-11-23 01:29:14,mlx5_8,0.000,0.000,0.192,0.009
2025-11-23 01:29:14,mlx5_9,0.000,0.000,0.174,0.000
2025-11-23 01:29:14,TOTAL,0.000,0.000,1.489,0.032
2025-11-23 01:29:15,mlx5_0,0.000,0.000,0.000,0.000
2025-11-23 01:29:15,mlx5_1,0.000,0.000,0.191,0.000
2025-11-23 01:29:15,mlx5_2,0.000,0.000,0.187,0.008
2025-11-23 01:29:15,mlx5_3,0.000,0.000,0.190,0.009
2025-11-23 01:29:15,mlx5_4,0.000,0.000,0.196,0.000
2025-11-23 01:29:15,mlx5_5,0.000,0.000,0.200,0.003
2025-11-23 01:29:15,mlx5_6,0.000,0.000,0.159,0.002
2025-11-23 01:29:15,mlx5_7,0.000,0.000,0.000,0.000
2025-11-23 01:29:15,mlx5_8,0.000,0.000,0.192,0.009
2025-11-23 01:29:15,mlx5_9,0.000,0.000,0.174,0.000
2025-11-23 01:29:15,TOTAL,0.000,0.000,1.489,0.032
2025-11-23 01:29:16,mlx5_0,0.000,0.000,0.000,0.000
2025-11-23 01:29:16,mlx5_1,0.000,0.000,0.191,0.000
2025-11-23 01:29:16,mlx5_2,0.000,0.000,0.187,0.008
2025-11-23 01:29:16,mlx5_3,0.000,0.000,0.190,0.009
2025-11-23 01:29:16,mlx5_4,0.000,0.000,0.196,0.000
2025-11-23 01:29:16,mlx5_5,0.000,0.000,0.200,0.003
2025-11-23 01:29:16,mlx5_6,0.000,0.000,0.159,0.002
2025-11-23 01:29:16,mlx5_7,0.000,0.000,0.000,0.000
2025-11-23 01:29:16,mlx5_8,0.000,0.000,0.192,0.009
2025-11-23 01:29:16,mlx5_9,0.000,0.000,0.174,0.000
2025-11-23 01:29:16,TOTAL,0.000,0.000,1.489,0.032
2025-11-23 01:29:17,mlx5_0,0.000,0.000,0.000,0.000
2025-11-23 01:29:17,mlx5_1,0.001,0.715,0.191,0.090
2025-11-23 01:29:17,mlx5_2,0.001,0.753,0.188,0.103
2025-11-23 01:29:17,mlx5_3,0.001,0.725,0.190,0.100
2025-11-23 01:29:17,mlx5_4,0.001,0.659,0.196,0.083
2025-11-23 01:29:17,mlx5_5,0.001,0.711,0.200,0.092
2025-11-23 01:29:17,mlx5_6,0.001,0.676,0.159,0.087
2025-11-23 01:29:17,mlx5_7,0.000,0.000,0.000,0.000
2025-11-23 01:29:17,mlx5_8,0.002,0.819,0.192,0.112
2025-11-23 01:29:17,mlx5_9,0.001,0.664,0.174,0.084
2025-11-23 01:29:17,TOTAL,0.011,5.723,1.490,0.751
2025-11-23 01:29:18,mlx5_0,0.000,0.000,0.000,0.000
2025-11-23 01:29:18,mlx5_1,0.001,0.391,0.191,0.139
2025-11-23 01:29:18,mlx5_2,0.001,0.430,0.188,0.157
2025-11-23 01:29:18,mlx5_3,0.001,0.378,0.190,0.148
2025-11-23 01:29:18,mlx5_4,0.001,0.393,0.196,0.133
2025-11-23 01:29:18,mlx5_5,0.001,0.391,0.200,0.141
2025-11-23 01:29:18,mlx5_6,0.001,0.443,0.159,0.143
2025-11-23 01:29:18,mlx5_7,0.000,0.000,0.000,0.000
2025-11-23 01:29:18,mlx5_8,0.001,0.345,0.192,0.155
2025-11-23 01:29:18,mlx5_9,0.001,0.407,0.174,0.135
2025-11-23 01:29:18,TOTAL,0.005,3.177,1.491,1.150
2025-11-23 01:29:19,mlx5_0,0.000,0.000,0.000,0.000
2025-11-23 01:29:19,mlx5_1,0.000,0.000,0.191,0.139
2025-11-23 01:29:19,mlx5_2,0.000,0.000,0.188,0.157
2025-11-23 01:29:19,mlx5_3,0.000,0.000,0.190,0.148
2025-11-23 01:29:19,mlx5_4,0.000,0.000,0.196,0.133
2025-11-23 01:29:19,mlx5_5,0.000,0.000,0.200,0.141
2025-11-23 01:29:19,mlx5_6,0.000,0.000,0.159,0.143
2025-11-23 01:29:19,mlx5_7,0.000,0.000,0.000,0.000
2025-11-23 01:29:19,mlx5_8,0.000,0.000,0.192,0.155
2025-11-23 01:29:19,mlx5_9,0.000,0.000,0.174,0.135
2025-11-23 01:29:19,TOTAL,0.000,0.000,1.491,1.150
2025-11-23 01:29:20,mlx5_0,0.000,0.000,0.000,0.000
2025-11-23 01:29:20,mlx5_1,0.000,0.000,0.191,0.139
2025-11-23 01:29:20,mlx5_2,0.000,0.000,0.188,0.157
2025-11-23 01:29:20,mlx5_3,0.000,0.000,0.190,0.148
2025-11-23 01:29:20,mlx5_4,0.000,0.000,0.196,0.133
2025-11-23 01:29:20,mlx5_5,0.000,0.000,0.200,0.141
2025-11-23 01:29:20,mlx5_6,0.000,0.000,0.159,0.143
2025-11-23 01:29:20,mlx5_7,0.000,0.000,0.000,0.000
2025-11-23 01:29:20,mlx5_8,0.000,0.000,0.192,0.155
2025-11-23 01:29:20,mlx5_9,0.000,0.000,0.174,0.135
2025-11-23 01:29:20,TOTAL,0.000,0.000,1.491,1.150
2025-11-23 01:29:21,mlx5_0,0.000,0.000,0.000,0.000
2025-11-23 01:29:21,mlx5_1,0.000,0.000,0.191,0.139
2025-11-23 01:29:21,mlx5_2,0.000,0.000,0.188,0.157
2025-11-23 01:29:21,mlx5_3,0.000,0.000,0.190,0.148
2025-11-23 01:29:21,mlx5_4,0.000,0.000,0.196,0.133
2025-11-23 01:29:21,mlx5_5,0.000,0.000,0.200,0.141
2025-11-23 01:29:21,mlx5_6,0.000,0.000,0.159,0.143
2025-11-23 01:29:21,mlx5_7,0.000,0.000,0.000,0.000
2025-11-23 01:29:21,mlx5_8,0.000,0.000,0.192,0.155
2025-11-23 01:29:21,mlx5_9,0.000,0.000,0.174,0.135
2025-11-23 01:29:21,TOTAL,0.000,0.000,1.491,1.150
2025-11-23 01:29:22,mlx5_0,0.000,0.000,0.000,0.000
2025-11-23 01:29:22,mlx5_1,0.000,0.000,0.191,0.139
2025-11-23 01:29:22,mlx5_2,0.000,0.000,0.188,0.157
2025-11-23 01:29:22,mlx5_3,0.000,0.000,0.190,0.148
2025-11-23 01:29:22,mlx5_4,0.000,0.000,0.196,0.133
2025-11-23 01:29:22,mlx5_5,0.000,0.000,0.200,0.141
2025-11-23 01:29:22,mlx5_6,0.000,0.000,0.159,0.143
2025-11-23 01:29:22,mlx5_7,0.000,0.000,0.000,0.000
2025-11-23 01:29:22,mlx5_8,0.000,0.000,0.192,0.155
2025-11-23 01:29:22,mlx5_9,0.000,0.000,0.174,0.135
2025-11-23 01:29:22,TOTAL,0.000,0.000,1.491,1.150
2025-11-23 01:29:23,mlx5_0,0.000,0.000,0.000,0.000
2025-11-23 01:29:23,mlx5_1,0.000,0.000,0.191,0.139
2025-11-23 01:29:23,mlx5_2,0.000,0.000,0.188,0.157
2025-11-23 01:29:23,mlx5_3,0.000,0.000,0.190,0.148
2025-11-23 01:29:23,mlx5_4,0.000,0.000,0.196,0.133
2025-11-23 01:29:23,mlx5_5,0.000,0.000,0.200,0.141
2025-11-23 01:29:23,mlx5_6,0.000,0.000,0.159,0.143
2025-11-23 01:29:23,mlx5_7,0.000,0.000,0.000,0.000
2025-11-23 01:29:23,mlx5_8,0.000,0.000,0.192,0.155
2025-11-23 01:29:23,mlx5_9,0.000,0.000,0.174,0.135
2025-11-23 01:29:23,TOTAL,0.000,0.000,1.491,1.150
2025-11-23 01:29:24,mlx5_0,0.000,0.000,0.000,0.000
2025-11-23 01:29:24,mlx5_1,0.000,0.000,0.191,0.139
2025-11-23 01:29:24,mlx5_2,0.000,0.000,0.188,0.157
2025-11-23 01:29:24,mlx5_3,0.000,0.000,0.190,0.148
2025-11-23 01:29:24,mlx5_4,0.000,0.000,0.196,0.133
2025-11-23 01:29:24,mlx5_5,0.000,0.000,0.200,0.141
2025-11-23 01:29:24,mlx5_6,0.000,0.000,0.159,0.143
2025-11-23 01:29:24,mlx5_7,0.000,0.000,0.000,0.000
2025-11-23 01:29:24,mlx5_8,0.000,0.000,0.192,0.155
2025-11-23 01:29:24,mlx5_9,0.000,0.000,0.174,0.135
2025-11-23 01:29:24,TOTAL,0.000,0.000,1.491,1.150
2025-11-23 01:29:25,mlx5_0,0.000,0.000,0.000,0.000
2025-11-23 01:29:25,mlx5_1,0.000,0.000,0.191,0.139
2025-11-23 01:29:25,mlx5_2,0.000,0.000,0.188,0.157
2025-11-23 01:29:25,mlx5_3,0.000,0.000,0.190,0.148
2025-11-23 01:29:25,mlx5_4,0.000,0.000,0.196,0.133
2025-11-23 01:29:25,mlx5_5,0.000,0.000,0.200,0.141
2025-11-23 01:29:25,mlx5_6,0.000,0.000,0.159,0.143
2025-11-23 01:29:25,mlx5_7,0.000,0.000,0.000,0.000
2025-11-23 01:29:25,mlx5_8,0.000,0.000,0.192,0.155
2025-11-23 01:29:25,mlx5_9,0.000,0.000,0.174,0.135
2025-11-23 01:29:25,TOTAL,0.000,0.000,1.491,1.150
2025-11-23 01:29:26,mlx5_0,0.000,0.000,0.000,0.000
2025-11-23 01:29:26,mlx5_1,0.000,0.000,0.191,0.139
2025-11-23 01:29:26,mlx5_2,0.000,0.000,0.188,0.157
2025-11-23 01:29:26,mlx5_3,0.000,0.000,0.190,0.148
2025-11-23 01:29:26,mlx5_4,0.000,0.000,0.196,0.133
2025-11-23 01:29:26,mlx5_5,0.000,0.000,0.200,0.141
2025-11-23 01:29:26,mlx5_6,0.000,0.000,0.159,0.143
2025-11-23 01:29:26,mlx5_7,0.000,0.000,0.000,0.000
2025-11-23 01:29:26,mlx5_8,0.000,0.000,0.192,0.155
2025-11-23 01:29:26,mlx5_9,0.000,0.000,0.174,0.135
2025-11-23 01:29:26,TOTAL,0.000,0.000,1.491,1.150
2025-11-23 01:29:27,mlx5_0,0.000,0.000,0.000,0.000
2025-11-23 01:29:27,mlx5_1,0.000,0.000,0.191,0.139
2025-11-23 01:29:27,mlx5_2,0.000,0.000,0.188,0.157
2025-11-23 01:29:27,mlx5_3,0.000,0.000,0.190,0.148
2025-11-23 01:29:27,mlx5_4,0.000,0.000,0.196,0.133
2025-11-23 01:29:27,mlx5_5,0.000,0.000,0.200,0.141
2025-11-23 01:29:27,mlx5_6,0.000,0.000,0.159,0.143
2025-11-23 01:29:27,mlx5_7,0.000,0.000,0.000,0.000
2025-11-23 01:29:27,mlx5_8,0.000,0.000,0.192,0.155
2025-11-23 01:29:27,mlx5_9,0.000,0.000,0.174,0.135
2025-11-23 01:29:27,TOTAL,0.000,0.000,1.491,1.150
2025-11-23 01:29:28,mlx5_0,0.000,0.000,0.000,0.000
2025-11-23 01:29:28,mlx5_1,0.000,0.000,0.191,0.139
2025-11-23 01:29:28,mlx5_2,0.000,0.000,0.188,0.157
2025-11-23 01:29:28,mlx5_3,0.000,0.000,0.190,0.148
2025-11-23 01:29:28,mlx5_4,0.000,0.000,0.196,0.133
2025-11-23 01:29:28,mlx5_5,0.000,0.000,0.200,0.141
2025-11-23 01:29:28,mlx5_6,0.000,0.000,0.159,0.143
2025-11-23 01:29:28,mlx5_7,0.000,0.000,0.000,0.000
2025-11-23 01:29:28,mlx5_8,0.000,0.000,0.192,0.155
2025-11-23 01:29:28,mlx5_9,0.000,0.000,0.174,0.135
2025-11-23 01:29:28,TOTAL,0.000,0.000,1.491,1.150
2025-11-23 01:29:29,mlx5_0,0.000,0.000,0.000,0.000
2025-11-23 01:29:29,mlx5_1,0.000,0.000,0.191,0.139
2025-11-23 01:29:29,mlx5_2,0.000,0.000,0.188,0.157
2025-11-23 01:29:29,mlx5_3,0.000,0.000,0.190,0.148
2025-11-23 01:29:29,mlx5_4,0.000,0.000,0.196,0.133
2025-11-23 01:29:29,mlx5_5,0.000,0.000,0.200,0.141
2025-11-23 01:29:29,mlx5_6,0.000,0.000,0.159,0.143
2025-11-23 01:29:29,mlx5_7,0.000,0.000,0.000,0.000
2025-11-23 01:29:29,mlx5_8,0.000,0.000,0.192,0.155
2025-11-23 01:29:29,mlx5_9,0.000,0.000,0.174,0.135
2025-11-23 01:29:29,TOTAL,0.000,0.000,1.491,1.150
2025-11-23 01:29:30,mlx5_0,0.000,0.000,0.000,0.000
2025-11-23 01:29:30,mlx5_1,0.000,0.000,0.191,0.139
2025-11-23 01:29:30,mlx5_2,0.000,0.000,0.188,0.157
2025-11-23 01:29:30,mlx5_3,0.000,0.000,0.190,0.148
2025-11-23 01:29:30,mlx5_4,0.000,0.000,0.196,0.133
2025-11-23 01:29:30,mlx5_5,0.000,0.000,0.200,0.141
2025-11-23 01:29:30,mlx5_6,0.000,0.000,0.159,0.143
2025-11-23 01:29:30,mlx5_7,0.000,0.000,0.000,0.000
2025-11-23 01:29:30,mlx5_8,0.000,0.000,0.192,0.155
2025-11-23 01:29:30,mlx5_9,0.000,0.000,0.174,0.135
2025-11-23 01:29:30,TOTAL,0.000,0.000,1.491,1.150
2025-11-23 01:29:31,mlx5_0,0.000,0.000,0.000,0.000
2025-11-23 01:29:31,mlx5_1,0.602,0.240,0.267,0.169
2025-11-23 01:29:31,mlx5_2,0.469,0.395,0.247,0.207
2025-11-23 01:29:31,mlx5_3,0.488,0.284,0.251,0.183
2025-11-23 01:29:31,mlx5_4,0.690,0.203,0.283,0.158
2025-11-23 01:29:31,mlx5_5,0.594,0.224,0.275,0.169
2025-11-23 01:29:31,mlx5_6,0.540,0.310,0.227,0.182
2025-11-23 01:29:31,mlx5_7,0.000,0.000,0.000,0.000
2025-11-23 01:29:31,mlx5_8,0.493,0.430,0.254,0.209
2025-11-23 01:29:31,mlx5_9,0.677,0.256,0.259,0.167
2025-11-23 01:29:31,TOTAL,4.553,2.343,2.062,1.444
2025-11-23 01:29:32,mlx5_0,0.000,0.000,0.000,0.000
2025-11-23 01:29:32,mlx5_1,4.621,0.007,0.847,0.170
2025-11-23 01:29:32,mlx5_2,4.375,0.007,0.796,0.207
2025-11-23 01:29:32,mlx5_3,4.512,0.006,0.818,0.184
2025-11-23 01:29:32,mlx5_4,4.602,0.007,0.861,0.159
2025-11-23 01:29:32,mlx5_5,4.454,0.006,0.835,0.170
2025-11-23 01:29:32,mlx5_6,4.540,0.006,0.797,0.182
2025-11-23 01:29:32,mlx5_7,0.000,0.000,0.000,0.000
2025-11-23 01:29:32,mlx5_8,4.459,0.007,0.815,0.210
2025-11-23 01:29:32,mlx5_9,4.782,0.007,0.860,0.168
2025-11-23 01:29:32,TOTAL,36.346,0.053,6.630,1.451
2025-11-23 01:29:33,mlx5_0,0.000,0.000,0.000,0.000
2025-11-23 01:29:33,mlx5_1,6.128,0.009,1.618,0.171
2025-11-23 01:29:33,mlx5_2,6.399,0.009,1.601,0.209
2025-11-23 01:29:33,mlx5_3,6.071,0.009,1.582,0.185
2025-11-23 01:29:33,mlx5_4,6.296,0.009,1.653,0.160
2025-11-23 01:29:33,mlx5_5,5.988,0.009,1.588,0.171
2025-11-23 01:29:33,mlx5_6,6.442,0.009,1.608,0.184
2025-11-23 01:29:33,mlx5_7,0.000,0.000,0.000,0.000
2025-11-23 01:29:33,mlx5_8,6.366,0.009,1.616,0.211
2025-11-23 01:29:33,mlx5_9,6.235,0.009,1.644,0.169
2025-11-23 01:29:33,TOTAL,49.926,0.074,12.910,1.460
2025-11-23 01:29:34,mlx5_0,0.000,0.000,0.000,0.000
2025-11-23 01:29:34,mlx5_1,0.000,0.000,1.618,0.171
2025-11-23 01:29:34,mlx5_2,0.000,0.000,1.601,0.209
2025-11-23 01:29:34,mlx5_3,0.000,0.000,1.582,0.185
2025-11-23 01:29:34,mlx5_4,0.000,0.000,1.653,0.160
2025-11-23 01:29:34,mlx5_5,0.000,0.000,1.588,0.171
2025-11-23 01:29:34,mlx5_6,0.000,0.000,1.608,0.184
2025-11-23 01:29:34,mlx5_7,0.000,0.000,0.000,0.000
2025-11-23 01:29:34,mlx5_8,0.000,0.000,1.616,0.211
2025-11-23 01:29:34,mlx5_9,0.000,0.000,1.644,0.169
2025-11-23 01:29:34,TOTAL,0.000,0.000,12.910,1.460
2025-11-23 01:29:35,mlx5_0,0.000,0.000,0.000,0.000
2025-11-23 01:29:35,mlx5_1,0.000,0.000,1.618,0.171
2025-11-23 01:29:35,mlx5_2,0.000,0.000,1.601,0.209
2025-11-23 01:29:35,mlx5_3,0.000,0.000,1.582,0.185
2025-11-23 01:29:35,mlx5_4,0.000,0.000,1.653,0.160
2025-11-23 01:29:35,mlx5_5,0.000,0.000,1.588,0.171
2025-11-23 01:29:35,mlx5_6,0.000,0.000,1.608,0.184
2025-11-23 01:29:35,mlx5_7,0.000,0.000,0.000,0.000
2025-11-23 01:29:35,mlx5_8,0.000,0.000,1.616,0.211
2025-11-23 01:29:35,mlx5_9,0.000,0.000,1.644,0.169
2025-11-23 01:29:35,TOTAL,0.000,0.000,12.910,1.460
2025-11-23 01:29:36,mlx5_0,0.000,0.000,0.000,0.000
2025-11-23 01:29:36,mlx5_1,0.000,0.000,1.618,0.171
2025-11-23 01:29:36,mlx5_2,0.000,0.000,1.601,0.209
2025-11-23 01:29:36,mlx5_3,0.000,0.000,1.582,0.185
2025-11-23 01:29:36,mlx5_4,0.000,0.000,1.653,0.160
2025-11-23 01:29:36,mlx5_5,0.000,0.000,1.588,0.171
2025-11-23 01:29:36,mlx5_6,0.000,0.000,1.608,0.184
2025-11-23 01:29:36,mlx5_7,0.000,0.000,0.000,0.000
2025-11-23 01:29:36,mlx5_8,0.000,0.000,1.616,0.211
2025-11-23 01:29:36,mlx5_9,0.000,0.000,1.644,0.169
2025-11-23 01:29:36,TOTAL,0.000,0.000,12.910,1.460
2025-11-23 01:29:37,mlx5_0,0.000,0.000,0.000,0.000
2025-11-23 01:29:37,mlx5_1,0.000,0.000,1.618,0.171
2025-11-23 01:29:37,mlx5_2,0.000,0.000,1.601,0.209
2025-11-23 01:29:37,mlx5_3,0.000,0.000,1.582,0.185
2025-11-23 01:29:37,mlx5_4,0.000,0.000,1.653,0.160
2025-11-23 01:29:37,mlx5_5,0.000,0.000,1.588,0.171
2025-11-23 01:29:37,mlx5_6,0.000,0.000,1.608,0.184
2025-11-23 01:29:37,mlx5_7,0.000,0.000,0.000,0.000
2025-11-23 01:29:37,mlx5_8,0.000,0.000,1.616,0.211
2025-11-23 01:29:37,mlx5_9,0.000,0.000,1.644,0.169
2025-11-23 01:29:37,TOTAL,0.000,0.000,12.910,1.460
2025-11-23 01:29:38,mlx5_0,0.000,0.000,0.000,0.000
2025-11-23 01:29:38,mlx5_1,0.000,0.000,1.618,0.171
2025-11-23 01:29:38,mlx5_2,0.000,0.000,1.601,0.209
2025-11-23 01:29:38,mlx5_3,0.000,0.000,1.582,0.185
2025-11-23 01:29:38,mlx5_4,0.000,0.000,1.653,0.160
2025-11-23 01:29:38,mlx5_5,0.000,0.000,1.588,0.171
2025-11-23 01:29:38,mlx5_6,0.000,0.000,1.608,0.184
2025-11-23 01:29:38,mlx5_7,0.000,0.000,0.000,0.000
2025-11-23 01:29:38,mlx5_8,0.000,0.000,1.616,0.211
2025-11-23 01:29:38,mlx5_9,0.000,0.000,1.644,0.169
2025-11-23 01:29:38,TOTAL,0.000,0.000,12.910,1.460
2025-11-23 01:29:39,mlx5_0,0.000,0.000,0.000,0.000
2025-11-23 01:29:39,mlx5_1,0.000,0.000,1.618,0.171
2025-11-23 01:29:39,mlx5_2,0.000,0.000,1.601,0.209
2025-11-23 01:29:39,mlx5_3,0.000,0.000,1.582,0.185
2025-11-23 01:29:39,mlx5_4,0.000,0.000,1.653,0.160
2025-11-23 01:29:39,mlx5_5,0.000,0.000,1.588,0.171
2025-11-23 01:29:39,mlx5_6,0.000,0.000,1.608,0.184
2025-11-23 01:29:39,mlx5_7,0.000,0.000,0.000,0.000
2025-11-23 01:29:39,mlx5_8,0.000,0.000,1.616,0.211
2025-11-23 01:29:39,mlx5_9,0.000,0.000,1.644,0.169
2025-11-23 01:29:39,TOTAL,0.000,0.000,12.910,1.460
2025-11-23 01:29:40,mlx5_0,0.000,0.000,0.000,0.000
2025-11-23 01:29:40,mlx5_1,0.000,0.000,1.618,0.171
2025-11-23 01:29:40,mlx5_2,0.000,0.000,1.601,0.209
2025-11-23 01:29:40,mlx5_3,0.000,0.000,1.582,0.185
2025-11-23 01:29:40,mlx5_4,0.000,0.000,1.653,0.160
2025-11-23 01:29:40,mlx5_5,0.000,0.000,1.588,0.171
2025-11-23 01:29:40,mlx5_6,0.000,0.000,1.608,0.184
2025-11-23 01:29:40,mlx5_7,0.000,0.000,0.000,0.000
2025-11-23 01:29:40,mlx5_8,0.000,0.000,1.616,0.211
2025-11-23 01:29:40,mlx5_9,0.000,0.000,1.644,0.169
2025-11-23 01:29:40,TOTAL,0.000,0.000,12.910,1.460
2025-11-23 01:29:41,mlx5_0,0.000,0.000,0.000,0.000
2025-11-23 01:29:41,mlx5_1,0.000,0.000,1.618,0.171
2025-11-23 01:29:41,mlx5_2,0.000,0.000,1.601,0.209
2025-11-23 01:29:41,mlx5_3,0.000,0.000,1.582,0.185
2025-11-23 01:29:41,mlx5_4,0.000,0.000,1.653,0.160
2025-11-23 01:29:41,mlx5_5,0.000,0.000,1.588,0.171
2025-11-23 01:29:41,mlx5_6,0.000,0.000,1.608,0.184
2025-11-23 01:29:41,mlx5_7,0.000,0.000,0.000,0.000
2025-11-23 01:29:41,mlx5_8,0.000,0.000,1.616,0.211
2025-11-23 01:29:41,mlx5_9,0.000,0.000,1.644,0.169
2025-11-23 01:29:41,TOTAL,0.000,0.000,12.910,1.460
2025-11-23 01:29:42,mlx5_0,0.000,0.000,0.000,0.000
2025-11-23 01:29:42,mlx5_1,0.000,0.000,1.618,0.171
2025-11-23 01:29:42,mlx5_2,0.000,0.000,1.601,0.209
2025-11-23 01:29:42,mlx5_3,0.000,0.000,1.582,0.185
2025-11-23 01:29:42,mlx5_4,0.000,0.000,1.653,0.160
2025-11-23 01:29:42,mlx5_5,0.000,0.000,1.588,0.171
2025-11-23 01:29:42,mlx5_6,0.000,0.000,1.608,0.184
2025-11-23 01:29:42,mlx5_7,0.000,0.000,0.000,0.000
2025-11-23 01:29:42,mlx5_8,0.000,0.000,1.616,0.211
2025-11-23 01:29:42,mlx5_9,0.000,0.000,1.644,0.169
2025-11-23 01:29:42,TOTAL,0.000,0.000,12.910,1.460
2025-11-23 01:29:43,mlx5_0,0.000,0.000,0.000,0.000
2025-11-23 01:29:43,mlx5_1,0.000,0.000,1.618,0.171
2025-11-23 01:29:43,mlx5_2,0.000,0.000,1.601,0.209
2025-11-23 01:29:43,mlx5_3,0.000,0.000,1.582,0.185
2025-11-23 01:29:43,mlx5_4,0.000,0.000,1.653,0.160
2025-11-23 01:29:43,mlx5_5,0.000,0.000,1.588,0.171
2025-11-23 01:29:43,mlx5_6,0.000,0.000,1.608,0.184
2025-11-23 01:29:43,mlx5_7,0.000,0.000,0.000,0.000
2025-11-23 01:29:43,mlx5_8,0.000,0.000,1.616,0.211
2025-11-23 01:29:43,mlx5_9,0.000,0.000,1.644,0.169
2025-11-23 01:29:43,TOTAL,0.000,0.000,12.910,1.460
2025-11-23 01:29:44,mlx5_0,0.000,0.000,0.000,0.000
2025-11-23 01:29:44,mlx5_1,0.000,0.000,1.618,0.171
2025-11-23 01:29:44,mlx5_2,0.000,0.000,1.601,0.209
2025-11-23 01:29:44,mlx5_3,0.000,0.000,1.582,0.185
2025-11-23 01:29:44,mlx5_4,0.000,0.000,1.653,0.160
2025-11-23 01:29:44,mlx5_5,0.000,0.000,1.588,0.171
2025-11-23 01:29:44,mlx5_6,0.000,0.000,1.608,0.184
2025-11-23 01:29:44,mlx5_7,0.000,0.000,0.000,0.000
2025-11-23 01:29:44,mlx5_8,0.000,0.000,1.616,0.211
2025-11-23 01:29:44,mlx5_9,0.000,0.000,1.644,0.169
2025-11-23 01:29:44,TOTAL,0.000,0.000,12.910,1.460
2025-11-23 01:29:45,mlx5_0,0.000,0.000,0.000,0.000
2025-11-23 01:29:45,mlx5_1,0.000,0.000,1.618,0.171
2025-11-23 01:29:45,mlx5_2,0.000,0.000,1.601,0.209
2025-11-23 01:29:45,mlx5_3,0.000,0.000,1.582,0.185
2025-11-23 01:29:45,mlx5_4,0.000,0.000,1.653,0.160
2025-11-23 01:29:45,mlx5_5,0.000,0.000,1.588,0.171
2025-11-23 01:29:45,mlx5_6,0.000,0.000,1.608,0.184
2025-11-23 01:29:45,mlx5_7,0.000,0.000,0.000,0.000
2025-11-23 01:29:45,mlx5_8,0.000,0.000,1.616,0.211
2025-11-23 01:29:45,mlx5_9,0.000,0.000,1.644,0.169
2025-11-23 01:29:45,TOTAL,0.000,0.000,12.910,1.460
2025-11-23 01:29:46,mlx5_0,0.000,0.000,0.000,0.000
2025-11-23 01:29:46,mlx5_1,0.008,4.529,1.619,0.740
2025-11-23 01:29:46,mlx5_2,0.008,4.912,1.602,0.826
2025-11-23 01:29:46,mlx5_3,0.008,4.565,1.583,0.759
2025-11-23 01:29:46,mlx5_4,0.008,5.179,1.654,0.811
2025-11-23 01:29:46,mlx5_5,0.008,4.759,1.589,0.769
2025-11-23 01:29:46,mlx5_6,0.008,5.012,1.609,0.813
2025-11-23 01:29:46,mlx5_7,0.000,0.000,0.000,0.000
2025-11-23 01:29:46,mlx5_8,0.008,4.824,1.617,0.817
2025-11-23 01:29:46,mlx5_9,0.009,5.466,1.646,0.856
2025-11-23 01:29:46,TOTAL,0.066,39.246,12.919,6.390
2025-11-23 01:29:47,mlx5_0,0.000,0.000,0.000,0.000
2025-11-23 01:29:47,mlx5_1,0.011,6.440,1.620,1.550
2025-11-23 01:29:47,mlx5_2,0.012,7.245,1.604,1.736
2025-11-23 01:29:47,mlx5_3,0.012,6.854,1.585,1.620
2025-11-23 01:29:47,mlx5_4,0.013,7.256,1.656,1.723
2025-11-23 01:29:47,mlx5_5,0.012,6.628,1.590,1.602
2025-11-23 01:29:47,mlx5_6,0.012,7.174,1.610,1.715
2025-11-23 01:29:47,mlx5_7,0.000,0.000,0.000,0.000
2025-11-23 01:29:47,mlx5_8,0.012,7.074,1.618,1.706
2025-11-23 01:29:47,mlx5_9,0.012,7.265,1.647,1.769
2025-11-23 01:29:47,TOTAL,0.096,55.938,12.931,13.420
2025-11-23 01:29:48,mlx5_0,0.000,0.000,0.000,0.000
2025-11-23 01:29:48,mlx5_1,0.000,0.000,1.620,1.550
2025-11-23 01:29:48,mlx5_2,0.000,0.000,1.604,1.736
2025-11-23 01:29:48,mlx5_3,0.000,0.000,1.585,1.620
2025-11-23 01:29:48,mlx5_4,0.000,0.000,1.656,1.723
2025-11-23 01:29:48,mlx5_5,0.000,0.000,1.590,1.602
2025-11-23 01:29:48,mlx5_6,0.000,0.000,1.610,1.715
2025-11-23 01:29:48,mlx5_7,0.000,0.000,0.000,0.000
2025-11-23 01:29:48,mlx5_8,0.000,0.000,1.618,1.706
2025-11-23 01:29:48,mlx5_9,0.000,0.000,1.647,1.769
2025-11-23 01:29:48,TOTAL,0.000,0.000,12.931,13.420
2025-11-23 01:29:49,mlx5_0,0.000,0.000,0.000,0.000
2025-11-23 01:29:49,mlx5_1,0.000,0.000,1.620,1.550
2025-11-23 01:29:49,mlx5_2,0.000,0.000,1.604,1.736
2025-11-23 01:29:49,mlx5_3,0.000,0.000,1.585,1.620
2025-11-23 01:29:49,mlx5_4,0.000,0.000,1.656,1.723
2025-11-23 01:29:49,mlx5_5,0.000,0.000,1.590,1.602
2025-11-23 01:29:49,mlx5_6,0.000,0.000,1.610,1.715
2025-11-23 01:29:49,mlx5_7,0.000,0.000,0.000,0.000
2025-11-23 01:29:49,mlx5_8,0.000,0.000,1.618,1.706
2025-11-23 01:29:49,mlx5_9,0.000,0.000,1.647,1.769
2025-11-23 01:29:49,TOTAL,0.000,0.000,12.931,13.420
2025-11-23 01:29:50,mlx5_0,0.000,0.000,0.000,0.000
2025-11-23 01:29:50,mlx5_1,0.000,0.000,1.620,1.550
2025-11-23 01:29:50,mlx5_2,0.000,0.000,1.604,1.736
2025-11-23 01:29:50,mlx5_3,0.000,0.000,1.585,1.620
2025-11-23 01:29:50,mlx5_4,0.000,0.000,1.656,1.723
2025-11-23 01:29:50,mlx5_5,0.000,0.000,1.590,1.602
2025-11-23 01:29:50,mlx5_6,0.000,0.000,1.610,1.715
2025-11-23 01:29:50,mlx5_7,0.000,0.000,0.000,0.000
2025-11-23 01:29:50,mlx5_8,0.000,0.000,1.618,1.706
2025-11-23 01:29:50,mlx5_9,0.000,0.000,1.647,1.769
2025-11-23 01:29:50,TOTAL,0.000,0.000,12.931,13.420
2025-11-23 01:29:51,mlx5_0,0.000,0.000,0.000,0.000
2025-11-23 01:29:51,mlx5_1,0.000,0.000,1.620,1.550
2025-11-23 01:29:51,mlx5_2,0.000,0.000,1.604,1.736
2025-11-23 01:29:51,mlx5_3,0.000,0.000,1.585,1.620
2025-11-23 01:29:51,mlx5_4,0.000,0.000,1.656,1.723
2025-11-23 01:29:51,mlx5_5,0.000,0.000,1.590,1.602
2025-11-23 01:29:51,mlx5_6,0.000,0.000,1.610,1.715
2025-11-23 01:29:51,mlx5_7,0.000,0.000,0.000,0.000
2025-11-23 01:29:51,mlx5_8,0.000,0.000,1.618,1.706
2025-11-23 01:29:51,mlx5_9,0.000,0.000,1.647,1.769
2025-11-23 01:29:51,TOTAL,0.000,0.000,12.931,13.420
2025-11-23 01:29:52,mlx5_0,0.000,0.000,0.000,0.000
2025-11-23 01:29:52,mlx5_1,0.000,0.000,1.620,1.550
2025-11-23 01:29:52,mlx5_2,0.000,0.000,1.604,1.736
2025-11-23 01:29:52,mlx5_3,0.000,0.000,1.585,1.620
2025-11-23 01:29:52,mlx5_4,0.000,0.000,1.656,1.723
2025-11-23 01:29:52,mlx5_5,0.000,0.000,1.590,1.602
2025-11-23 01:29:52,mlx5_6,0.000,0.000,1.610,1.715
2025-11-23 01:29:52,mlx5_7,0.000,0.000,0.000,0.000
2025-11-23 01:29:52,mlx5_8,0.000,0.000,1.618,1.706
2025-11-23 01:29:52,mlx5_9,0.000,0.000,1.647,1.769
2025-11-23 01:29:52,TOTAL,0.000,0.000,12.931,13.420
2025-11-23 01:29:53,mlx5_0,0.000,0.000,0.000,0.000
2025-11-23 01:29:53,mlx5_1,0.000,0.000,1.620,1.550
2025-11-23 01:29:53,mlx5_2,0.000,0.000,1.604,1.736
2025-11-23 01:29:53,mlx5_3,0.000,0.000,1.585,1.620
2025-11-23 01:29:53,mlx5_4,0.000,0.000,1.656,1.723
2025-11-23 01:29:53,mlx5_5,0.000,0.000,1.590,1.602
2025-11-23 01:29:53,mlx5_6,0.000,0.000,1.610,1.715
2025-11-23 01:29:53,mlx5_7,0.000,0.000,0.000,0.000
2025-11-23 01:29:53,mlx5_8,0.000,0.000,1.618,1.706
2025-11-23 01:29:53,mlx5_9,0.000,0.000,1.647,1.769
2025-11-23 01:29:53,TOTAL,0.000,0.000,12.931,13.420
2025-11-23 01:29:54,mlx5_0,0.000,0.000,0.000,0.000
2025-11-23 01:29:54,mlx5_1,0.000,0.000,1.620,1.550
2025-11-23 01:29:54,mlx5_2,0.000,0.000,1.604,1.736
2025-11-23 01:29:54,mlx5_3,0.000,0.000,1.585,1.620
2025-11-23 01:29:54,mlx5_4,0.000,0.000,1.656,1.723
2025-11-23 01:29:54,mlx5_5,0.000,0.000,1.590,1.602
2025-11-23 01:29:54,mlx5_6,0.000,0.000,1.610,1.715
2025-11-23 01:29:54,mlx5_7,0.000,0.000,0.000,0.000
2025-11-23 01:29:54,mlx5_8,0.000,0.000,1.618,1.706
2025-11-23 01:29:54,mlx5_9,0.000,0.000,1.647,1.769
2025-11-23 01:29:54,TOTAL,0.000,0.000,12.931,13.420
2025-11-23 01:29:55,mlx5_0,0.000,0.000,0.000,0.000
2025-11-23 01:29:55,mlx5_1,0.000,0.000,1.620,1.550
2025-11-23 01:29:55,mlx5_2,0.000,0.000,1.604,1.736
2025-11-23 01:29:55,mlx5_3,0.000,0.000,1.585,1.620
2025-11-23 01:29:55,mlx5_4,0.000,0.000,1.656,1.723
2025-11-23 01:29:55,mlx5_5,0.000,0.000,1.590,1.602
2025-11-23 01:29:55,mlx5_6,0.000,0.000,1.610,1.715
2025-11-23 01:29:55,mlx5_7,0.000,0.000,0.000,0.000
2025-11-23 01:29:55,mlx5_8,0.000,0.000,1.618,1.706
2025-11-23 01:29:55,mlx5_9,0.000,0.000,1.647,1.769
2025-11-23 01:29:55,TOTAL,0.000,0.000,12.931,13.420
2025-11-23 01:29:56,mlx5_0,0.000,0.000,0.000,0.000
2025-11-23 01:29:56,mlx5_1,0.000,0.000,1.620,1.550
2025-11-23 01:29:56,mlx5_2,0.000,0.000,1.604,1.736
2025-11-23 01:29:56,mlx5_3,0.000,0.000,1.585,1.620
2025-11-23 01:29:56,mlx5_4,0.000,0.000,1.656,1.723
2025-11-23 01:29:56,mlx5_5,0.000,0.000,1.590,1.602
2025-11-23 01:29:56,mlx5_6,0.000,0.000,1.610,1.715
2025-11-23 01:29:56,mlx5_7,0.000,0.000,0.000,0.000
2025-11-23 01:29:56,mlx5_8,0.000,0.000,1.618,1.706
2025-11-23 01:29:56,mlx5_9,0.000,0.000,1.647,1.769
2025-11-23 01:29:56,TOTAL,0.000,0.000,12.931,13.420
2025-11-23 01:29:57,mlx5_0,0.000,0.000,0.000,0.000
2025-11-23 01:29:57,mlx5_1,0.000,0.000,1.620,1.550
2025-11-23 01:29:57,mlx5_2,0.000,0.000,1.604,1.736
2025-11-23 01:29:57,mlx5_3,0.000,0.000,1.585,1.620
2025-11-23 01:29:57,mlx5_4,0.000,0.000,1.656,1.723
2025-11-23 01:29:57,mlx5_5,0.000,0.000,1.590,1.602
2025-11-23 01:29:57,mlx5_6,0.000,0.000,1.610,1.715
2025-11-23 01:29:57,mlx5_7,0.000,0.000,0.000,0.000
2025-11-23 01:29:57,mlx5_8,0.000,0.000,1.618,1.706
2025-11-23 01:29:57,mlx5_9,0.000,0.000,1.647,1.769
2025-11-23 01:29:57,TOTAL,0.000,0.000,12.931,13.420
2025-11-23 01:29:58,mlx5_0,0.000,0.000,0.000,0.000
2025-11-23 01:29:58,mlx5_1,0.000,0.000,1.620,1.550
2025-11-23 01:29:58,mlx5_2,0.000,0.000,1.604,1.736
2025-11-23 01:29:58,mlx5_3,0.000,0.000,1.585,1.620
2025-11-23 01:29:58,mlx5_4,0.000,0.000,1.656,1.723
2025-11-23 01:29:58,mlx5_5,0.000,0.000,1.590,1.602
2025-11-23 01:29:58,mlx5_6,0.000,0.000,1.610,1.715
2025-11-23 01:29:58,mlx5_7,0.000,0.000,0.000,0.000
2025-11-23 01:29:58,mlx5_8,0.000,0.000,1.618,1.706
2025-11-23 01:29:58,mlx5_9,0.000,0.000,1.647,1.769
2025-11-23 01:29:58,TOTAL,0.000,0.000,12.931,13.420
2025-11-23 01:29:59,mlx5_0,0.000,0.000,0.000,0.000
2025-11-23 01:29:59,mlx5_1,0.000,0.000,1.620,1.550
2025-11-23 01:29:59,mlx5_2,0.000,0.000,1.604,1.736
2025-11-23 01:29:59,mlx5_3,0.000,0.000,1.585,1.620
2025-11-23 01:29:59,mlx5_4,0.000,0.000,1.656,1.723
2025-11-23 01:29:59,mlx5_5,0.000,0.000,1.590,1.602
2025-11-23 01:29:59,mlx5_6,0.000,0.000,1.610,1.715
2025-11-23 01:29:59,mlx5_7,0.000,0.000,0.000,0.000
2025-11-23 01:29:59,mlx5_8,0.000,0.000,1.618,1.706
2025-11-23 01:29:59,mlx5_9,0.000,0.000,1.647,1.769
2025-11-23 01:29:59,TOTAL,0.000,0.000,12.931,13.420
2025-11-23 01:30:00,mlx5_0,0.000,0.000,0.000,0.000
2025-11-23 01:30:00,mlx5_1,0.001,0.274,1.621,1.584
2025-11-23 01:30:00,mlx5_2,0.001,0.288,1.604,1.772
2025-11-23 01:30:00,mlx5_3,0.001,0.242,1.585,1.650
2025-11-23 01:30:00,mlx5_4,0.001,0.323,1.656,1.763
2025-11-23 01:30:00,mlx5_5,0.001,0.266,1.590,1.635
2025-11-23 01:30:00,mlx5_6,0.001,0.399,1.610,1.765
2025-11-23 01:30:00,mlx5_7,0.000,0.000,0.000,0.000
2025-11-23 01:30:00,mlx5_8,0.001,0.234,1.618,1.736
2025-11-23 01:30:00,mlx5_9,0.001,0.309,1.647,1.808
2025-11-23 01:30:00,TOTAL,0.005,2.335,12.931,13.714
2025-11-23 01:30:01,mlx5_0,0.000,0.000,0.000,0.000
2025-11-23 01:30:01,mlx5_1,5.122,0.289,2.264,1.621
2025-11-23 01:30:01,mlx5_2,5.447,0.315,2.288,1.812
2025-11-23 01:30:01,mlx5_3,5.366,0.256,2.259,1.683
2025-11-23 01:30:01,mlx5_4,5.652,0.318,2.366,1.803
2025-11-23 01:30:01,mlx5_5,5.190,0.251,2.242,1.667
2025-11-23 01:30:01,mlx5_6,5.509,0.329,2.303,1.806
2025-11-23 01:30:01,mlx5_7,0.000,0.000,0.000,0.000
2025-11-23 01:30:01,mlx5_8,5.182,0.299,2.269,1.773
2025-11-23 01:30:01,mlx5_9,5.647,0.335,2.357,1.850
2025-11-23 01:30:01,TOTAL,43.113,2.392,18.348,14.014
2025-11-23 01:30:02,mlx5_0,0.000,0.000,0.000,0.000
2025-11-23 01:30:02,mlx5_1,4.734,5.088,2.859,2.260
2025-11-23 01:30:02,mlx5_2,4.587,6.430,2.865,2.620
2025-11-23 01:30:02,mlx5_3,4.536,5.514,2.829,2.376
2025-11-23 01:30:02,mlx5_4,4.727,6.540,2.960,2.625
2025-11-23 01:30:02,mlx5_5,4.583,5.487,2.818,2.356
2025-11-23 01:30:02,mlx5_6,4.618,6.520,2.883,2.625
2025-11-23 01:30:02,mlx5_7,0.000,0.000,0.000,0.000
2025-11-23 01:30:02,mlx5_8,4.525,5.769,2.838,2.498
2025-11-23 01:30:02,mlx5_9,4.991,6.620,2.984,2.682
2025-11-23 01:30:02,TOTAL,37.299,47.969,23.035,20.042
2025-11-23 01:30:03,mlx5_0,0.000,0.000,0.000,0.000
2025-11-23 01:30:03,mlx5_1,4.528,0.229,3.428,2.289
2025-11-23 01:30:03,mlx5_2,4.421,0.210,3.420,2.646
2025-11-23 01:30:03,mlx5_3,4.437,0.343,3.386,2.419
2025-11-23 01:30:03,mlx5_4,4.670,0.323,3.547,2.665
2025-11-23 01:30:03,mlx5_5,4.372,0.329,3.368,2.398
2025-11-23 01:30:03,mlx5_6,4.469,0.326,3.444,2.666
2025-11-23 01:30:03,mlx5_7,0.000,0.000,0.000,0.000
2025-11-23 01:30:03,mlx5_8,4.532,0.346,3.407,2.542
2025-11-23 01:30:03,mlx5_9,4.700,0.276,3.574,2.716
2025-11-23 01:30:03,TOTAL,36.130,2.382,27.575,20.341
2025-11-23 01:30:04,mlx5_0,0.000,0.000,0.000,0.000
2025-11-23 01:30:04,mlx5_1,4.345,0.243,3.974,2.319
2025-11-23 01:30:04,mlx5_2,4.689,0.288,4.009,2.683
2025-11-23 01:30:04,mlx5_3,4.458,0.328,3.947,2.460
2025-11-23 01:30:04,mlx5_4,4.503,0.313,4.113,2.705
2025-11-23 01:30:04,mlx5_5,4.427,0.318,3.924,2.438
2025-11-23 01:30:04,mlx5_6,4.701,0.280,4.035,2.702
2025-11-23 01:30:04,mlx5_7,0.000,0.000,0.000,0.000
2025-11-23 01:30:04,mlx5_8,4.405,0.317,3.961,2.581
2025-11-23 01:30:04,mlx5_9,4.603,0.294,4.153,2.753
2025-11-23 01:30:04,TOTAL,36.129,2.382,32.115,20.641
2025-11-23 01:30:05,mlx5_0,0.000,0.000,0.000,0.000
2025-11-23 01:30:05,mlx5_1,4.691,0.241,4.563,2.349
2025-11-23 01:30:05,mlx5_2,4.748,0.359,4.606,2.728
2025-11-23 01:30:05,mlx5_3,4.947,0.245,4.568,2.491
2025-11-23 01:30:05,mlx5_4,4.854,0.407,4.723,2.756
2025-11-23 01:30:05,mlx5_5,4.814,0.232,4.529,2.467
2025-11-23 01:30:05,mlx5_6,4.930,0.425,4.654,2.755
2025-11-23 01:30:05,mlx5_7,0.000,0.000,0.000,0.000
2025-11-23 01:30:05,mlx5_8,4.747,0.258,4.557,2.614
2025-11-23 01:30:05,mlx5_9,4.725,0.218,4.746,2.781
2025-11-23 01:30:05,TOTAL,38.456,2.385,36.947,20.940
2025-11-23 01:30:06,mlx5_0,0.000,0.000,0.000,0.000
2025-11-23 01:30:06,mlx5_1,4.444,0.224,5.122,2.378
2025-11-23 01:30:06,mlx5_2,4.411,0.317,5.160,2.768
2025-11-23 01:30:06,mlx5_3,4.525,0.227,5.137,2.519
2025-11-23 01:30:06,mlx5_4,4.694,0.419,5.312,2.809
2025-11-23 01:30:06,mlx5_5,4.454,0.168,5.089,2.488
2025-11-23 01:30:06,mlx5_6,4.431,0.451,5.211,2.812
2025-11-23 01:30:06,mlx5_7,0.000,0.000,0.000,0.000
2025-11-23 01:30:06,mlx5_8,4.543,0.277,5.128,2.649
2025-11-23 01:30:06,mlx5_9,4.627,0.297,5.328,2.818
2025-11-23 01:30:06,TOTAL,36.129,2.382,41.486,21.239
2025-11-23 01:30:07,mlx5_0,0.000,0.000,0.000,0.000
2025-11-23 01:30:07,mlx5_1,3.912,0.253,5.613,2.409
2025-11-23 01:30:07,mlx5_2,4.222,0.241,5.691,2.798
2025-11-23 01:30:07,mlx5_3,3.929,0.330,5.630,2.561
2025-11-23 01:30:07,mlx5_4,4.217,0.309,5.842,2.847
2025-11-23 01:30:07,mlx5_5,4.070,0.299,5.600,2.525
2025-11-23 01:30:07,mlx5_6,4.164,0.325,5.734,2.853
2025-11-23 01:30:07,mlx5_7,0.000,0.000,0.000,0.000
2025-11-23 01:30:07,mlx5_8,3.900,0.329,5.618,2.690
2025-11-23 01:30:07,mlx5_9,4.163,0.290,5.851,2.855
2025-11-23 01:30:07,TOTAL,32.576,2.377,45.580,21.538
2025-11-23 01:30:08,mlx5_0,0.000,0.000,0.000,0.000
2025-11-23 01:30:08,mlx5_1,1.035,0.001,5.743,2.410
2025-11-23 01:30:08,mlx5_2,0.974,0.001,5.813,2.798
2025-11-23 01:30:08,mlx5_3,1.044,0.001,5.762,2.561
2025-11-23 01:30:08,mlx5_4,1.044,0.001,5.973,2.848
2025-11-23 01:30:08,mlx5_5,1.100,0.001,5.738,2.526
2025-11-23 01:30:08,mlx5_6,1.132,0.001,5.877,2.853
2025-11-23 01:30:08,mlx5_7,0.000,0.000,0.000,0.000
2025-11-23 01:30:08,mlx5_8,0.988,0.001,5.742,2.690
2025-11-23 01:30:08,mlx5_9,1.063,0.001,5.984,2.855
2025-11-23 01:30:08,TOTAL,8.380,0.011,46.633,21.540
2025-11-23 01:30:09,mlx5_0,0.000,0.000,0.000,0.000
2025-11-23 01:30:09,mlx5_1,8.719,0.241,6.839,2.440
2025-11-23 01:30:09,mlx5_2,8.767,0.388,6.915,2.847
2025-11-23 01:30:09,mlx5_3,8.767,0.341,6.863,2.604
2025-11-23 01:30:09,mlx5_4,9.232,0.217,7.133,2.875
2025-11-23 01:30:09,mlx5_5,8.682,0.207,6.829,2.552
2025-11-23 01:30:09,mlx5_6,8.942,0.388,7.000,2.902
2025-11-23 01:30:09,mlx5_7,0.000,0.000,0.000,0.000
2025-11-23 01:30:09,mlx5_8,8.587,0.310,6.821,2.729
2025-11-23 01:30:09,mlx5_9,9.150,0.335,7.134,2.897
2025-11-23 01:30:09,TOTAL,70.846,2.428,55.534,21.845
2025-11-23 01:30:10,mlx5_0,0.000,0.000,0.000,0.000
2025-11-23 01:30:10,mlx5_1,4.636,0.186,7.421,2.463
2025-11-23 01:30:10,mlx5_2,4.832,0.321,7.522,2.887
2025-11-23 01:30:10,mlx5_3,4.696,0.274,7.453,2.638
2025-11-23 01:30:10,mlx5_4,4.863,0.413,7.744,2.927
2025-11-23 01:30:10,mlx5_5,4.908,0.244,7.446,2.582
2025-11-23 01:30:10,mlx5_6,4.727,0.309,7.594,2.940
2025-11-23 01:30:10,mlx5_7,0.000,0.000,0.000,0.000
2025-11-23 01:30:10,mlx5_8,4.680,0.240,7.409,2.759
2025-11-23 01:30:10,mlx5_9,5.110,0.397,7.776,2.947
2025-11-23 01:30:10,TOTAL,38.453,2.385,60.366,22.144
2025-11-23 01:30:11,mlx5_0,0.000,0.000,0.000,0.000
2025-11-23 01:30:11,mlx5_1,4.625,0.349,8.002,2.507
2025-11-23 01:30:11,mlx5_2,4.488,0.261,8.086,2.920
2025-11-23 01:30:11,mlx5_3,4.336,0.290,7.998,2.675
2025-11-23 01:30:11,mlx5_4,4.485,0.230,8.308,2.956
2025-11-23 01:30:11,mlx5_5,4.342,0.337,7.991,2.625
2025-11-23 01:30:11,mlx5_6,4.575,0.235,8.169,2.970
2025-11-23 01:30:11,mlx5_7,0.000,0.000,0.000,0.000
2025-11-23 01:30:11,mlx5_8,4.447,0.316,7.968,2.799
2025-11-23 01:30:11,mlx5_9,4.668,0.366,8.363,2.993
2025-11-23 01:30:11,TOTAL,35.966,2.383,64.885,22.444
2025-11-23 01:30:12,mlx5_0,0.000,0.000,0.000,0.000
2025-11-23 01:30:12,mlx5_1,4.658,0.234,8.587,2.537
2025-11-23 01:30:12,mlx5_2,4.849,0.289,8.695,2.956
2025-11-23 01:30:12,mlx5_3,4.735,0.152,8.593,2.694
2025-11-23 01:30:12,mlx5_4,4.842,0.453,8.916,3.013
2025-11-23 01:30:12,mlx5_5,4.842,0.160,8.600,2.645
2025-11-23 01:30:12,mlx5_6,4.757,0.517,8.767,3.035
2025-11-23 01:30:12,mlx5_7,0.000,0.000,0.000,0.000
2025-11-23 01:30:12,mlx5_8,4.962,0.150,8.592,2.818
2025-11-23 01:30:12,mlx5_9,4.812,0.430,8.967,3.047
2025-11-23 01:30:12,TOTAL,38.456,2.385,69.717,22.743
2025-11-23 01:30:13,mlx5_0,0.000,0.000,0.000,0.000
2025-11-23 01:30:13,mlx5_1,4.534,0.221,9.157,2.564
2025-11-23 01:30:13,mlx5_2,4.474,0.370,9.257,3.003
2025-11-23 01:30:13,mlx5_3,4.324,0.340,9.136,2.736
2025-11-23 01:30:13,mlx5_4,4.580,0.122,9.492,3.028
2025-11-23 01:30:13,mlx5_5,4.482,0.294,9.163,2.682
2025-11-23 01:30:13,mlx5_6,4.610,0.396,9.346,3.085
2025-11-23 01:30:13,mlx5_7,0.000,0.000,0.000,0.000
2025-11-23 01:30:13,mlx5_8,4.393,0.382,9.143,2.866
2025-11-23 01:30:13,mlx5_9,4.735,0.257,9.562,3.079
2025-11-23 01:30:13,TOTAL,36.132,2.383,74.257,23.043
2025-11-23 01:30:14,mlx5_0,0.000,0.000,0.000,0.000
2025-11-23 01:30:14,mlx5_1,4.804,0.206,9.761,2.590
2025-11-23 01:30:14,mlx5_2,4.624,0.385,9.838,3.051
2025-11-23 01:30:14,mlx5_3,4.684,0.401,9.725,2.787
2025-11-23 01:30:14,mlx5_4,4.873,0.250,10.104,3.059
2025-11-23 01:30:14,mlx5_5,4.696,0.280,9.753,2.717
2025-11-23 01:30:14,mlx5_6,4.746,0.229,9.942,3.113
2025-11-23 01:30:14,mlx5_7,0.000,0.000,0.000,0.000
2025-11-23 01:30:14,mlx5_8,4.648,0.400,9.727,2.916
2025-11-23 01:30:14,mlx5_9,5.129,0.235,10.207,3.109
2025-11-23 01:30:14,TOTAL,38.204,2.386,79.057,23.343
2025-11-23 01:30:15,mlx5_0,0.000,0.000,0.000,0.000
2025-11-23 01:30:15,mlx5_1,4.370,0.006,10.310,2.591
2025-11-23 01:30:15,mlx5_2,4.578,0.006,10.413,3.052
2025-11-23 01:30:15,mlx5_3,4.519,0.006,10.293,2.788
2025-11-23 01:30:15,mlx5_4,4.558,0.006,10.677,3.060
2025-11-23 01:30:15,mlx5_5,4.204,0.006,10.281,2.718
2025-11-23 01:30:15,mlx5_6,4.719,0.006,10.535,3.114
2025-11-23 01:30:15,mlx5_7,0.000,0.000,0.000,0.000
2025-11-23 01:30:15,mlx5_8,4.483,0.006,10.291,2.917
2025-11-23 01:30:15,mlx5_9,4.687,0.006,10.796,3.109
2025-11-23 01:30:15,TOTAL,36.118,0.048,83.596,23.349
2025-11-23 01:30:16,mlx5_0,0.000,0.000,0.000,0.000
2025-11-23 01:30:16,mlx5_1,4.708,0.165,10.902,2.612
2025-11-23 01:30:16,mlx5_2,4.555,0.425,10.986,3.105
2025-11-23 01:30:16,mlx5_3,4.884,0.097,10.906,2.800
2025-11-23 01:30:16,mlx5_4,4.456,0.418,11.237,3.113
2025-11-23 01:30:16,mlx5_5,4.724,0.156,10.875,2.737
2025-11-23 01:30:16,mlx5_6,4.406,0.607,11.089,3.191
2025-11-23 01:30:16,mlx5_7,0.000,0.000,0.000,0.000
2025-11-23 01:30:16,mlx5_8,4.695,0.207,10.881,2.943
2025-11-23 01:30:16,mlx5_9,4.790,0.308,11.398,3.148
2025-11-23 01:30:16,TOTAL,37.219,2.383,88.273,23.648
2025-11-23 01:30:17,mlx5_0,0.000,0.000,0.000,0.000
2025-11-23 01:30:17,mlx5_1,4.777,0.247,11.502,2.643
2025-11-23 01:30:17,mlx5_2,4.829,0.376,11.592,3.153
2025-11-23 01:30:17,mlx5_3,4.855,0.254,11.517,2.832
2025-11-23 01:30:17,mlx5_4,4.815,0.368,11.842,3.159
2025-11-23 01:30:17,mlx5_5,4.745,0.199,11.471,2.762
2025-11-23 01:30:17,mlx5_6,4.655,0.399,11.674,3.241
2025-11-23 01:30:17,mlx5_7,0.000,0.000,0.000,0.000
2025-11-23 01:30:17,mlx5_8,4.930,0.271,11.500,2.977
2025-11-23 01:30:17,mlx5_9,4.843,0.271,12.006,3.182
2025-11-23 01:30:17,TOTAL,38.450,2.385,93.104,23.948
2025-11-23 01:30:18,mlx5_0,0.000,0.000,0.000,0.000
2025-11-23 01:30:18,mlx5_1,4.450,0.331,12.061,2.684
2025-11-23 01:30:18,mlx5_2,4.586,0.365,12.169,3.199
2025-11-23 01:30:18,mlx5_3,4.449,0.298,12.076,2.869
2025-11-23 01:30:18,mlx5_4,4.604,0.271,12.421,3.193
2025-11-23 01:30:18,mlx5_5,4.274,0.321,12.008,2.803
2025-11-23 01:30:18,mlx5_6,4.631,0.257,12.256,3.273
2025-11-23 01:30:18,mlx5_7,0.000,0.000,0.000,0.000
2025-11-23 01:30:18,mlx5_8,4.500,0.317,12.066,3.017
2025-11-23 01:30:18,mlx5_9,4.620,0.221,12.587,3.210
2025-11-23 01:30:18,TOTAL,36.114,2.381,97.644,24.247
2025-11-23 01:30:19,mlx5_0,0.000,0.000,0.000,0.000
2025-11-23 01:30:19,mlx5_1,4.617,0.283,12.641,2.720
2025-11-23 01:30:19,mlx5_2,4.924,0.258,12.788,3.231
2025-11-23 01:30:19,mlx5_3,4.889,0.230,12.690,2.898
2025-11-23 01:30:19,mlx5_4,4.877,0.369,13.033,3.239
2025-11-23 01:30:19,mlx5_5,4.542,0.254,12.579,2.835
2025-11-23 01:30:19,mlx5_6,4.839,0.317,12.864,3.313
2025-11-23 01:30:19,mlx5_7,0.000,0.000,0.000,0.000
2025-11-23 01:30:19,mlx5_8,4.824,0.266,12.672,3.050
2025-11-23 01:30:19,mlx5_9,4.949,0.408,13.209,3.261
2025-11-23 01:30:19,TOTAL,38.460,2.386,102.476,24.547
2025-11-23 01:30:20,mlx5_0,0.000,0.000,0.000,0.000
2025-11-23 01:30:20,mlx5_1,4.372,0.253,13.191,2.752
2025-11-23 01:30:20,mlx5_2,4.588,0.362,13.364,3.276
2025-11-23 01:30:20,mlx5_3,4.527,0.264,13.259,2.931
2025-11-23 01:30:20,mlx5_4,4.563,0.293,13.607,3.276
2025-11-23 01:30:20,mlx5_5,4.382,0.230,13.129,2.863
2025-11-23 01:30:20,mlx5_6,4.600,0.360,13.442,3.358
2025-11-23 01:30:20,mlx5_7,0.000,0.000,0.000,0.000
2025-11-23 01:30:20,mlx5_8,4.475,0.269,13.234,3.084
2025-11-23 01:30:20,mlx5_9,4.625,0.353,13.790,3.306
2025-11-23 01:30:20,TOTAL,36.133,2.383,107.016,24.846
2025-11-23 01:30:21,mlx5_0,0.000,0.000,0.000,0.000
2025-11-23 01:30:21,mlx5_1,4.731,0.309,13.785,2.790
2025-11-23 01:30:21,mlx5_2,4.888,0.233,13.978,3.306
2025-11-23 01:30:21,mlx5_3,4.749,0.241,13.856,2.961
2025-11-23 01:30:21,mlx5_4,4.841,0.415,14.215,3.328
2025-11-23 01:30:21,mlx5_5,4.778,0.262,13.730,2.896
2025-11-23 01:30:21,mlx5_6,4.742,0.227,14.038,3.387
2025-11-23 01:30:21,mlx5_7,0.000,0.000,0.000,0.000
2025-11-23 01:30:21,mlx5_8,4.846,0.224,13.843,3.112
2025-11-23 01:30:21,mlx5_9,4.883,0.474,14.403,3.365
2025-11-23 01:30:21,TOTAL,38.458,2.385,111.848,25.146
2025-11-23 01:30:22,mlx5_0,0.000,0.000,0.000,0.000
2025-11-23 01:30:22,mlx5_1,4.326,0.006,14.329,2.791
2025-11-23 01:30:22,mlx5_2,4.607,0.006,14.557,3.307
2025-11-23 01:30:22,mlx5_3,4.460,0.006,14.416,2.962
2025-11-23 01:30:22,mlx5_4,4.650,0.006,14.799,3.329
2025-11-23 01:30:22,mlx5_5,4.322,0.006,14.273,2.897
2025-11-23 01:30:22,mlx5_6,4.674,0.006,14.625,3.387
2025-11-23 01:30:22,mlx5_7,0.000,0.000,0.000,0.000
2025-11-23 01:30:22,mlx5_8,4.600,0.006,14.421,3.113
2025-11-23 01:30:22,mlx5_9,4.490,0.006,14.967,3.366
2025-11-23 01:30:22,TOTAL,36.128,0.048,116.387,25.152
2025-11-23 01:30:23,mlx5_0,0.000,0.000,0.000,0.000
2025-11-23 01:30:23,mlx5_1,4.683,0.006,14.916,2.792
2025-11-23 01:30:23,mlx5_2,4.779,0.006,15.157,3.307
2025-11-23 01:30:23,mlx5_3,4.831,0.006,15.022,2.963
2025-11-23 01:30:23,mlx5_4,4.944,0.007,15.420,3.330
2025-11-23 01:30:23,mlx5_5,4.618,0.006,14.852,2.898
2025-11-23 01:30:23,mlx5_6,4.882,0.006,15.238,3.388
2025-11-23 01:30:23,mlx5_7,0.000,0.000,0.000,0.000
2025-11-23 01:30:23,mlx5_8,4.786,0.006,15.022,3.114
2025-11-23 01:30:23,mlx5_9,4.966,0.007,15.591,3.367
2025-11-23 01:30:23,TOTAL,38.488,0.051,121.219,25.158
2025-11-23 01:30:24,mlx5_0,0.000,0.000,0.000,0.000
2025-11-23 01:30:24,mlx5_1,0.000,0.000,14.916,2.792
2025-11-23 01:30:24,mlx5_2,0.000,0.000,15.157,3.307
2025-11-23 01:30:24,mlx5_3,0.000,0.000,15.022,2.963
2025-11-23 01:30:24,mlx5_4,0.000,0.000,15.420,3.330
2025-11-23 01:30:24,mlx5_5,0.000,0.000,14.852,2.898
2025-11-23 01:30:24,mlx5_6,0.000,0.000,15.238,3.388
2025-11-23 01:30:24,mlx5_7,0.000,0.000,0.000,0.000
2025-11-23 01:30:24,mlx5_8,0.000,0.000,15.022,3.114
2025-11-23 01:30:24,mlx5_9,0.000,0.000,15.591,3.367
2025-11-23 01:30:24,TOTAL,0.000,0.000,121.219,25.158
2025-11-23 01:30:25,mlx5_0,0.000,0.000,0.000,0.000
2025-11-23 01:30:25,mlx5_1,0.000,0.000,14.916,2.792
2025-11-23 01:30:25,mlx5_2,0.000,0.000,15.157,3.307
2025-11-23 01:30:25,mlx5_3,0.000,0.000,15.022,2.963
2025-11-23 01:30:25,mlx5_4,0.000,0.000,15.420,3.330
2025-11-23 01:30:25,mlx5_5,0.000,0.000,14.852,2.898
2025-11-23 01:30:25,mlx5_6,0.000,0.000,15.238,3.388
2025-11-23 01:30:25,mlx5_7,0.000,0.000,0.000,0.000
2025-11-23 01:30:25,mlx5_8,0.000,0.000,15.022,3.114
2025-11-23 01:30:25,mlx5_9,0.000,0.000,15.591,3.367
2025-11-23 01:30:25,TOTAL,0.000,0.000,121.219,25.158
2025-11-23 01:30:26,mlx5_0,0.000,0.000,0.000,0.000
2025-11-23 01:30:26,mlx5_1,0.000,0.000,14.916,2.792
2025-11-23 01:30:26,mlx5_2,0.000,0.000,15.157,3.307
2025-11-23 01:30:26,mlx5_3,0.000,0.000,15.022,2.963
2025-11-23 01:30:26,mlx5_4,0.000,0.000,15.420,3.330
2025-11-23 01:30:26,mlx5_5,0.000,0.000,14.852,2.898
2025-11-23 01:30:26,mlx5_6,0.000,0.000,15.238,3.388
2025-11-23 01:30:26,mlx5_7,0.000,0.000,0.000,0.000
2025-11-23 01:30:26,mlx5_8,0.000,0.000,15.022,3.114
2025-11-23 01:30:26,mlx5_9,0.000,0.000,15.591,3.367
2025-11-23 01:30:26,TOTAL,0.000,0.000,121.219,25.158
2025-11-23 01:30:27,mlx5_0,0.000,0.000,0.000,0.000
2025-11-23 01:30:27,mlx5_1,0.000,0.000,14.916,2.792
2025-11-23 01:30:27,mlx5_2,0.000,0.000,15.157,3.307
2025-11-23 01:30:27,mlx5_3,0.000,0.000,15.022,2.963
2025-11-23 01:30:27,mlx5_4,0.000,0.000,15.420,3.330
2025-11-23 01:30:27,mlx5_5,0.000,0.000,14.852,2.898
2025-11-23 01:30:27,mlx5_6,0.000,0.000,15.238,3.388
2025-11-23 01:30:27,mlx5_7,0.000,0.000,0.000,0.000
2025-11-23 01:30:27,mlx5_8,0.000,0.000,15.022,3.114
2025-11-23 01:30:27,mlx5_9,0.000,0.000,15.591,3.367
2025-11-23 01:30:27,TOTAL,0.000,0.000,121.219,25.158
2025-11-23 01:30:28,mlx5_0,0.000,0.000,0.000,0.000
2025-11-23 01:30:28,mlx5_1,0.000,0.000,14.916,2.792
2025-11-23 01:30:28,mlx5_2,0.000,0.000,15.157,3.307
2025-11-23 01:30:28,mlx5_3,0.000,0.000,15.022,2.963
2025-11-23 01:30:28,mlx5_4,0.000,0.000,15.420,3.330
2025-11-23 01:30:28,mlx5_5,0.000,0.000,14.852,2.898
2025-11-23 01:30:28,mlx5_6,0.000,0.000,15.238,3.388
2025-11-23 01:30:28,mlx5_7,0.000,0.000,0.000,0.000
2025-11-23 01:30:28,mlx5_8,0.000,0.000,15.022,3.114
2025-11-23 01:30:28,mlx5_9,0.000,0.000,15.591,3.367
2025-11-23 01:30:28,TOTAL,0.000,0.000,121.219,25.158
2025-11-23 01:30:29,mlx5_0,0.000,0.000,0.000,0.000
2025-11-23 01:30:29,mlx5_1,0.000,0.000,14.916,2.792
2025-11-23 01:30:29,mlx5_2,0.000,0.000,15.157,3.307
2025-11-23 01:30:29,mlx5_3,0.000,0.000,15.022,2.963
2025-11-23 01:30:29,mlx5_4,0.000,0.000,15.420,3.330
2025-11-23 01:30:29,mlx5_5,0.000,0.000,14.852,2.898
2025-11-23 01:30:29,mlx5_6,0.000,0.000,15.238,3.388
2025-11-23 01:30:29,mlx5_7,0.000,0.000,0.000,0.000
2025-11-23 01:30:29,mlx5_8,0.000,0.000,15.022,3.114
2025-11-23 01:30:29,mlx5_9,0.000,0.000,15.591,3.367
2025-11-23 01:30:29,TOTAL,0.000,0.000,121.219,25.158
2025-11-23 01:30:30,mlx5_0,0.000,0.000,0.000,0.000
2025-11-23 01:30:30,mlx5_1,0.000,0.000,14.916,2.792
2025-11-23 01:30:30,mlx5_2,0.000,0.000,15.157,3.307
2025-11-23 01:30:30,mlx5_3,0.000,0.000,15.022,2.963
2025-11-23 01:30:30,mlx5_4,0.000,0.000,15.420,3.330
2025-11-23 01:30:30,mlx5_5,0.000,0.000,14.852,2.898
2025-11-23 01:30:30,mlx5_6,0.000,0.000,15.238,3.388
2025-11-23 01:30:30,mlx5_7,0.000,0.000,0.000,0.000
2025-11-23 01:30:30,mlx5_8,0.000,0.000,15.022,3.114
2025-11-23 01:30:30,mlx5_9,0.000,0.000,15.591,3.367
2025-11-23 01:30:30,TOTAL,0.000,0.000,121.219,25.158
2025-11-23 01:30:31,mlx5_0,0.000,0.000,0.000,0.000
2025-11-23 01:30:31,mlx5_1,0.000,0.000,14.916,2.792
2025-11-23 01:30:31,mlx5_2,0.000,0.000,15.157,3.307
2025-11-23 01:30:31,mlx5_3,0.000,0.000,15.022,2.963
2025-11-23 01:30:31,mlx5_4,0.000,0.000,15.420,3.330
2025-11-23 01:30:31,mlx5_5,0.000,0.000,14.852,2.898
2025-11-23 01:30:31,mlx5_6,0.000,0.000,15.238,3.388
2025-11-23 01:30:31,mlx5_7,0.000,0.000,0.000,0.000
2025-11-23 01:30:31,mlx5_8,0.000,0.000,15.022,3.114
2025-11-23 01:30:31,mlx5_9,0.000,0.000,15.591,3.367
2025-11-23 01:30:31,TOTAL,0.000,0.000,121.219,25.158
2025-11-23 01:30:32,mlx5_0,0.000,0.000,0.000,0.000
2025-11-23 01:30:32,mlx5_1,0.000,0.000,14.916,2.792
2025-11-23 01:30:32,mlx5_2,0.000,0.000,15.157,3.307
2025-11-23 01:30:32,mlx5_3,0.000,0.000,15.022,2.963
2025-11-23 01:30:32,mlx5_4,0.000,0.000,15.420,3.330
2025-11-23 01:30:32,mlx5_5,0.000,0.000,14.852,2.898
2025-11-23 01:30:32,mlx5_6,0.000,0.000,15.238,3.388
2025-11-23 01:30:32,mlx5_7,0.000,0.000,0.000,0.000
2025-11-23 01:30:32,mlx5_8,0.000,0.000,15.022,3.114
2025-11-23 01:30:32,mlx5_9,0.000,0.000,15.591,3.367
2025-11-23 01:30:32,TOTAL,0.000,0.000,121.219,25.158
2025-11-23 01:30:33,mlx5_0,0.000,0.000,0.000,0.000
2025-11-23 01:30:33,mlx5_1,0.000,0.000,14.916,2.792
2025-11-23 01:30:33,mlx5_2,0.000,0.000,15.157,3.307
2025-11-23 01:30:33,mlx5_3,0.000,0.000,15.022,2.963
2025-11-23 01:30:33,mlx5_4,0.000,0.000,15.420,3.330
2025-11-23 01:30:33,mlx5_5,0.000,0.000,14.852,2.898
2025-11-23 01:30:33,mlx5_6,0.000,0.000,15.238,3.388
2025-11-23 01:30:33,mlx5_7,0.000,0.000,0.000,0.000
2025-11-23 01:30:33,mlx5_8,0.000,0.000,15.022,3.114
2025-11-23 01:30:33,mlx5_9,0.000,0.000,15.591,3.367
2025-11-23 01:30:33,TOTAL,0.000,0.000,121.219,25.158
2025-11-23 01:30:34,mlx5_0,0.000,0.000,0.000,0.000
2025-11-23 01:30:34,mlx5_1,0.000,0.000,14.916,2.792
2025-11-23 01:30:34,mlx5_2,0.000,0.000,15.157,3.307
2025-11-23 01:30:34,mlx5_3,0.000,0.000,15.022,2.963
2025-11-23 01:30:34,mlx5_4,0.000,0.000,15.420,3.330
2025-11-23 01:30:34,mlx5_5,0.000,0.000,14.852,2.898
2025-11-23 01:30:34,mlx5_6,0.000,0.000,15.238,3.388
2025-11-23 01:30:34,mlx5_7,0.000,0.000,0.000,0.000
2025-11-23 01:30:34,mlx5_8,0.000,0.000,15.022,3.114
2025-11-23 01:30:34,mlx5_9,0.000,0.000,15.591,3.367
2025-11-23 01:30:34,TOTAL,0.000,0.000,121.219,25.158
2025-11-23 01:30:35,mlx5_0,0.000,0.000,0.000,0.000
2025-11-23 01:30:35,mlx5_1,0.000,0.000,14.916,2.792
2025-11-23 01:30:35,mlx5_2,0.000,0.000,15.157,3.307
2025-11-23 01:30:35,mlx5_3,0.000,0.000,15.022,2.963
2025-11-23 01:30:35,mlx5_4,0.000,0.000,15.420,3.330
2025-11-23 01:30:35,mlx5_5,0.000,0.000,14.852,2.898
2025-11-23 01:30:35,mlx5_6,0.000,0.000,15.238,3.388
2025-11-23 01:30:35,mlx5_7,0.000,0.000,0.000,0.000
2025-11-23 01:30:35,mlx5_8,0.000,0.000,15.022,3.114
2025-11-23 01:30:35,mlx5_9,0.000,0.000,15.591,3.367
2025-11-23 01:30:35,TOTAL,0.000,0.000,121.219,25.158
2025-11-23 01:30:36,mlx5_0,0.000,0.000,0.000,0.000
2025-11-23 01:30:36,mlx5_1,0.045,23.653,14.922,5.762
2025-11-23 01:30:36,mlx5_2,0.047,26.202,15.163,6.598
2025-11-23 01:30:36,mlx5_3,0.050,25.140,15.029,6.120
2025-11-23 01:30:36,mlx5_4,0.053,27.840,15.426,6.826
2025-11-23 01:30:36,mlx5_5,0.049,23.833,14.859,5.891
2025-11-23 01:30:36,mlx5_6,0.050,27.312,15.244,6.818
2025-11-23 01:30:36,mlx5_7,0.000,0.000,0.000,0.000
2025-11-23 01:30:36,mlx5_8,0.049,25.308,15.028,6.292
2025-11-23 01:30:36,mlx5_9,0.053,29.370,15.598,7.055
2025-11-23 01:30:36,TOTAL,0.396,208.658,121.268,51.362
2025-11-23 01:30:37,mlx5_0,0.000,0.000,0.000,0.000
2025-11-23 01:30:37,mlx5_1,0.117,61.088,14.937,13.441
2025-11-23 01:30:37,mlx5_2,0.122,68.873,15.178,15.255
2025-11-23 01:30:37,mlx5_3,0.130,65.361,15.045,14.335
2025-11-23 01:30:37,mlx5_4,0.137,72.488,15.444,15.937
2025-11-23 01:30:37,mlx5_5,0.130,63.715,14.875,13.899
2025-11-23 01:30:37,mlx5_6,0.129,70.900,15.261,15.730
2025-11-23 01:30:37,mlx5_7,0.000,0.000,0.000,0.000
2025-11-23 01:30:37,mlx5_8,0.128,67.671,15.044,14.797
2025-11-23 01:30:37,mlx5_9,0.135,74.533,15.614,16.423
2025-11-23 01:30:37,TOTAL,1.027,544.630,121.397,119.817
2025-11-23 01:30:38,mlx5_0,0.000,0.000,0.000,0.000
2025-11-23 01:30:38,mlx5_1,0.043,23.096,14.942,16.345
2025-11-23 01:30:38,mlx5_2,0.046,25.986,15.184,18.522
2025-11-23 01:30:38,mlx5_3,0.048,24.024,15.051,17.356
2025-11-23 01:30:38,mlx5_4,0.052,27.513,15.450,19.397
2025-11-23 01:30:38,mlx5_5,0.047,23.466,14.881,16.850
2025-11-23 01:30:38,mlx5_6,0.048,26.657,15.267,19.082
2025-11-23 01:30:38,mlx5_7,0.000,0.000,0.000,0.000
2025-11-23 01:30:38,mlx5_8,0.046,24.741,15.050,17.909
2025-11-23 01:30:38,mlx5_9,0.049,27.798,15.621,19.919
2025-11-23 01:30:38,TOTAL,0.379,203.281,121.445,145.379
2025-11-23 01:30:39,mlx5_0,0.000,0.000,0.000,0.000
2025-11-23 01:30:39,mlx5_1,0.000,0.000,14.942,16.345
2025-11-23 01:30:39,mlx5_2,0.000,0.000,15.184,18.522
2025-11-23 01:30:39,mlx5_3,0.000,0.000,15.051,17.356
2025-11-23 01:30:39,mlx5_4,0.000,0.000,15.450,19.397
2025-11-23 01:30:39,mlx5_5,0.000,0.000,14.881,16.850
2025-11-23 01:30:39,mlx5_6,0.000,0.000,15.267,19.082
2025-11-23 01:30:39,mlx5_7,0.000,0.000,0.000,0.000
2025-11-23 01:30:39,mlx5_8,0.000,0.000,15.050,17.909
2025-11-23 01:30:39,mlx5_9,0.000,0.000,15.621,19.919
2025-11-23 01:30:39,TOTAL,0.000,0.000,121.445,145.379
2025-11-23 01:30:40,mlx5_0,0.000,0.000,0.000,0.000
2025-11-23 01:30:40,mlx5_1,0.000,0.000,14.942,16.345
2025-11-23 01:30:40,mlx5_2,0.000,0.000,15.184,18.522
2025-11-23 01:30:40,mlx5_3,0.000,0.000,15.051,17.356
2025-11-23 01:30:40,mlx5_4,0.000,0.000,15.450,19.397
2025-11-23 01:30:40,mlx5_5,0.000,0.000,14.881,16.850
2025-11-23 01:30:40,mlx5_6,0.000,0.000,15.267,19.082
2025-11-23 01:30:40,mlx5_7,0.000,0.000,0.000,0.000
2025-11-23 01:30:40,mlx5_8,0.000,0.000,15.050,17.909
2025-11-23 01:30:40,mlx5_9,0.000,0.000,15.621,19.919
2025-11-23 01:30:40,TOTAL,0.000,0.000,121.445,145.379
2025-11-23 01:30:41,mlx5_0,0.000,0.000,0.000,0.000
2025-11-23 01:30:41,mlx5_1,0.000,0.000,14.942,16.345
2025-11-23 01:30:41,mlx5_2,0.000,0.000,15.184,18.522
2025-11-23 01:30:41,mlx5_3,0.000,0.000,15.051,17.356
2025-11-23 01:30:41,mlx5_4,0.000,0.000,15.450,19.397
2025-11-23 01:30:41,mlx5_5,0.000,0.000,14.881,16.850
2025-11-23 01:30:41,mlx5_6,0.000,0.000,15.267,19.082
2025-11-23 01:30:41,mlx5_7,0.000,0.000,0.000,0.000
2025-11-23 01:30:41,mlx5_8,0.000,0.000,15.050,17.909
2025-11-23 01:30:41,mlx5_9,0.000,0.000,15.621,19.919
2025-11-23 01:30:41,TOTAL,0.000,0.000,121.445,145.379
2025-11-23 01:30:42,mlx5_0,0.000,0.000,0.000,0.000
2025-11-23 01:30:42,mlx5_1,0.000,0.000,14.942,16.345
2025-11-23 01:30:42,mlx5_2,0.000,0.000,15.184,18.522
2025-11-23 01:30:42,mlx5_3,0.000,0.000,15.051,17.356
2025-11-23 01:30:42,mlx5_4,0.000,0.000,15.450,19.397
2025-11-23 01:30:42,mlx5_5,0.000,0.000,14.881,16.850
2025-11-23 01:30:42,mlx5_6,0.000,0.000,15.267,19.082
2025-11-23 01:30:42,mlx5_7,0.000,0.000,0.000,0.000
2025-11-23 01:30:42,mlx5_8,0.000,0.000,15.050,17.909
2025-11-23 01:30:42,mlx5_9,0.000,0.000,15.621,19.919
2025-11-23 01:30:42,TOTAL,0.000,0.000,121.445,145.379
2025-11-23 01:30:43,mlx5_0,0.000,0.000,0.000,0.000
2025-11-23 01:30:43,mlx5_1,0.000,0.000,14.942,16.345
2025-11-23 01:30:43,mlx5_2,0.000,0.000,15.184,18.522
2025-11-23 01:30:43,mlx5_3,0.000,0.000,15.051,17.356
2025-11-23 01:30:43,mlx5_4,0.000,0.000,15.450,19.397
2025-11-23 01:30:43,mlx5_5,0.000,0.000,14.881,16.850
2025-11-23 01:30:43,mlx5_6,0.000,0.000,15.267,19.082
2025-11-23 01:30:43,mlx5_7,0.000,0.000,0.000,0.000
2025-11-23 01:30:43,mlx5_8,0.000,0.000,15.050,17.909
2025-11-23 01:30:43,mlx5_9,0.000,0.000,15.621,19.919
2025-11-23 01:30:43,TOTAL,0.000,0.000,121.445,145.379
2025-11-23 01:30:44,mlx5_0,0.000,0.000,0.000,0.000
2025-11-23 01:30:44,mlx5_1,0.000,0.000,14.942,16.345
2025-11-23 01:30:44,mlx5_2,0.000,0.000,15.184,18.522
2025-11-23 01:30:44,mlx5_3,0.000,0.000,15.051,17.356
2025-11-23 01:30:44,mlx5_4,0.000,0.000,15.450,19.397
2025-11-23 01:30:44,mlx5_5,0.000,0.000,14.881,16.850
2025-11-23 01:30:44,mlx5_6,0.000,0.000,15.267,19.082
2025-11-23 01:30:44,mlx5_7,0.000,0.000,0.000,0.000
2025-11-23 01:30:44,mlx5_8,0.000,0.000,15.050,17.909
2025-11-23 01:30:44,mlx5_9,0.000,0.000,15.621,19.919
2025-11-23 01:30:44,TOTAL,0.000,0.000,121.445,145.379
2025-11-23 01:30:45,mlx5_0,0.000,0.000,0.000,0.000
2025-11-23 01:30:45,mlx5_1,0.000,0.000,14.942,16.345
2025-11-23 01:30:45,mlx5_2,0.000,0.000,15.184,18.522
2025-11-23 01:30:45,mlx5_3,0.000,0.000,15.051,17.356
2025-11-23 01:30:45,mlx5_4,0.000,0.000,15.450,19.397
2025-11-23 01:30:45,mlx5_5,0.000,0.000,14.881,16.850
2025-11-23 01:30:45,mlx5_6,0.000,0.000,15.267,19.082
2025-11-23 01:30:45,mlx5_7,0.000,0.000,0.000,0.000
2025-11-23 01:30:45,mlx5_8,0.000,0.000,15.050,17.909
2025-11-23 01:30:45,mlx5_9,0.000,0.000,15.621,19.919
2025-11-23 01:30:45,TOTAL,0.000,0.000,121.445,145.379
2025-11-23 01:30:46,mlx5_0,0.000,0.000,0.000,0.000
2025-11-23 01:30:46,mlx5_1,0.000,0.000,14.942,16.345
2025-11-23 01:30:46,mlx5_2,0.000,0.000,15.184,18.522
2025-11-23 01:30:46,mlx5_3,0.000,0.000,15.051,17.356
2025-11-23 01:30:46,mlx5_4,0.000,0.000,15.450,19.397
2025-11-23 01:30:46,mlx5_5,0.000,0.000,14.881,16.850
2025-11-23 01:30:46,mlx5_6,0.000,0.000,15.267,19.082
2025-11-23 01:30:46,mlx5_7,0.000,0.000,0.000,0.000
2025-11-23 01:30:46,mlx5_8,0.000,0.000,15.050,17.909
2025-11-23 01:30:46,mlx5_9,0.000,0.000,15.621,19.919
2025-11-23 01:30:46,TOTAL,0.000,0.000,121.445,145.379
2025-11-23 01:30:47,mlx5_0,0.000,0.000,0.000,0.000
2025-11-23 01:30:47,mlx5_1,0.000,0.000,14.942,16.345
2025-11-23 01:30:47,mlx5_2,0.000,0.000,15.184,18.522
2025-11-23 01:30:47,mlx5_3,0.000,0.000,15.051,17.356
2025-11-23 01:30:47,mlx5_4,0.000,0.000,15.450,19.397
2025-11-23 01:30:47,mlx5_5,0.000,0.000,14.881,16.850
2025-11-23 01:30:47,mlx5_6,0.000,0.000,15.267,19.082
2025-11-23 01:30:47,mlx5_7,0.000,0.000,0.000,0.000
2025-11-23 01:30:47,mlx5_8,0.000,0.000,15.050,17.909
2025-11-23 01:30:47,mlx5_9,0.000,0.000,15.621,19.919
2025-11-23 01:30:47,TOTAL,0.000,0.000,121.445,145.379
2025-11-23 01:30:48,mlx5_0,0.000,0.000,0.000,0.000
2025-11-23 01:30:48,mlx5_1,0.000,0.000,14.942,16.345
2025-11-23 01:30:48,mlx5_2,0.000,0.000,15.184,18.522
2025-11-23 01:30:48,mlx5_3,0.000,0.000,15.051,17.356
2025-11-23 01:30:48,mlx5_4,0.000,0.000,15.450,19.397
2025-11-23 01:30:48,mlx5_5,0.000,0.000,14.881,16.850
2025-11-23 01:30:48,mlx5_6,0.000,0.000,15.267,19.082
2025-11-23 01:30:48,mlx5_7,0.000,0.000,0.000,0.000
2025-11-23 01:30:48,mlx5_8,0.000,0.000,15.050,17.909
2025-11-23 01:30:48,mlx5_9,0.000,0.000,15.621,19.919
2025-11-23 01:30:48,TOTAL,0.000,0.000,121.445,145.379
2025-11-23 01:30:49,mlx5_0,0.000,0.000,0.000,0.000
2025-11-23 01:30:49,mlx5_1,0.000,0.000,14.942,16.345
2025-11-23 01:30:49,mlx5_2,0.000,0.000,15.184,18.522
2025-11-23 01:30:49,mlx5_3,0.000,0.000,15.051,17.356
2025-11-23 01:30:49,mlx5_4,0.000,0.000,15.450,19.397
2025-11-23 01:30:49,mlx5_5,0.000,0.000,14.881,16.850
2025-11-23 01:30:49,mlx5_6,0.000,0.000,15.267,19.082
2025-11-23 01:30:49,mlx5_7,0.000,0.000,0.000,0.000
2025-11-23 01:30:49,mlx5_8,0.000,0.000,15.050,17.909
2025-11-23 01:30:49,mlx5_9,0.000,0.000,15.621,19.919
2025-11-23 01:30:49,TOTAL,0.000,0.000,121.445,145.379
2025-11-23 01:30:50,mlx5_0,0.000,0.000,0.000,0.000
2025-11-23 01:30:50,mlx5_1,0.000,0.000,14.942,16.345
2025-11-23 01:30:50,mlx5_2,0.000,0.000,15.184,18.522
2025-11-23 01:30:50,mlx5_3,0.000,0.000,15.051,17.356
2025-11-23 01:30:50,mlx5_4,0.000,0.000,15.450,19.397
2025-11-23 01:30:50,mlx5_5,0.000,0.000,14.881,16.850
2025-11-23 01:30:50,mlx5_6,0.000,0.000,15.267,19.082
2025-11-23 01:30:50,mlx5_7,0.000,0.000,0.000,0.000
2025-11-23 01:30:50,mlx5_8,0.000,0.000,15.050,17.909
2025-11-23 01:30:50,mlx5_9,0.000,0.000,15.621,19.919
2025-11-23 01:30:50,TOTAL,0.000,0.000,121.445,145.379
2025-11-23 01:30:51,mlx5_0,0.000,0.000,0.000,0.000
2025-11-23 01:30:51,mlx5_1,0.000,0.000,14.942,16.345
2025-11-23 01:30:51,mlx5_2,0.000,0.000,15.184,18.522
2025-11-23 01:30:51,mlx5_3,0.000,0.000,15.051,17.356
2025-11-23 01:30:51,mlx5_4,0.000,0.000,15.450,19.397
2025-11-23 01:30:51,mlx5_5,0.000,0.000,14.881,16.850
2025-11-23 01:30:51,mlx5_6,0.000,0.000,15.267,19.082
2025-11-23 01:30:51,mlx5_7,0.000,0.000,0.000,0.000
2025-11-23 01:30:51,mlx5_8,0.000,0.000,15.050,17.909
2025-11-23 01:30:51,mlx5_9,0.000,0.000,15.621,19.919
2025-11-23 01:30:51,TOTAL,0.000,0.000,121.445,145.379
2025-11-23 01:30:53,mlx5_0,0.000,0.000,0.000,0.000
2025-11-23 01:30:53,mlx5_1,0.000,0.000,14.942,16.345
2025-11-23 01:30:53,mlx5_2,0.000,0.000,15.184,18.522
2025-11-23 01:30:53,mlx5_3,0.000,0.000,15.051,17.356
2025-11-23 01:30:53,mlx5_4,0.000,0.000,15.450,19.397
2025-11-23 01:30:53,mlx5_5,0.000,0.000,14.881,16.850
2025-11-23 01:30:53,mlx5_6,0.000,0.000,15.267,19.082
2025-11-23 01:30:53,mlx5_7,0.000,0.000,0.000,0.000
2025-11-23 01:30:53,mlx5_8,0.000,0.000,15.050,17.909
2025-11-23 01:30:53,mlx5_9,0.000,0.000,15.621,19.919
2025-11-23 01:30:53,TOTAL,0.000,0.000,121.445,145.379
2025-11-23 01:30:54,mlx5_0,0.000,0.000,0.000,0.000
2025-11-23 01:30:54,mlx5_1,0.000,0.000,14.942,16.345
2025-11-23 01:30:54,mlx5_2,0.000,0.000,15.184,18.522
2025-11-23 01:30:54,mlx5_3,0.000,0.000,15.051,17.356
2025-11-23 01:30:54,mlx5_4,0.000,0.000,15.450,19.397
2025-11-23 01:30:54,mlx5_5,0.000,0.000,14.881,16.850
2025-11-23 01:30:54,mlx5_6,0.000,0.000,15.267,19.082
2025-11-23 01:30:54,mlx5_7,0.000,0.000,0.000,0.000
2025-11-23 01:30:54,mlx5_8,0.000,0.000,15.050,17.909
2025-11-23 01:30:54,mlx5_9,0.000,0.000,15.621,19.919
2025-11-23 01:30:54,TOTAL,0.000,0.000,121.445,145.379
2025-11-23 01:30:55,mlx5_0,0.000,0.000,0.000,0.000
2025-11-23 01:30:55,mlx5_1,0.008,4.055,14.943,16.854
2025-11-23 01:30:55,mlx5_2,0.009,4.698,15.185,19.112
2025-11-23 01:30:55,mlx5_3,0.009,4.559,15.052,17.928
2025-11-23 01:30:55,mlx5_4,0.010,4.905,15.452,20.013
2025-11-23 01:30:55,mlx5_5,0.009,4.128,14.882,17.368
2025-11-23 01:30:55,mlx5_6,0.010,5.084,15.268,19.720
2025-11-23 01:30:55,mlx5_7,0.000,0.000,0.000,0.000
2025-11-23 01:30:55,mlx5_8,0.009,4.915,15.051,18.525
2025-11-23 01:30:55,mlx5_9,0.010,5.174,15.622,20.568
2025-11-23 01:30:55,TOTAL,0.073,37.516,121.454,150.088
2025-11-23 01:30:56,mlx5_0,0.000,0.000,0.000,0.000
2025-11-23 01:30:56,mlx5_1,0.001,0.922,14.943,16.970
2025-11-23 01:30:56,mlx5_2,0.002,1.040,15.185,19.243
2025-11-23 01:30:56,mlx5_3,0.002,0.859,15.052,18.036
2025-11-23 01:30:56,mlx5_4,0.002,0.980,15.452,20.136
2025-11-23 01:30:56,mlx5_5,0.001,0.766,14.882,17.464
2025-11-23 01:30:56,mlx5_6,0.001,0.905,15.268,19.833
2025-11-23 01:30:56,mlx5_7,0.000,0.000,0.000,0.000
2025-11-23 01:30:56,mlx5_8,0.001,0.661,15.051,18.609
2025-11-23 01:30:56,mlx5_9,0.001,0.747,15.622,20.662
2025-11-23 01:30:56,TOTAL,0.012,6.882,121.456,150.952
2025-11-23 01:30:57,mlx5_0,0.000,0.000,0.000,0.000
2025-11-23 01:30:57,mlx5_1,4.565,0.006,15.517,16.970
2025-11-23 01:30:57,mlx5_2,4.636,0.006,15.768,19.243
2025-11-23 01:30:57,mlx5_3,4.702,0.006,15.643,18.037
2025-11-23 01:30:57,mlx5_4,4.613,0.006,16.031,20.136
2025-11-23 01:30:57,mlx5_5,4.655,0.006,15.467,17.465
2025-11-23 01:30:57,mlx5_6,4.733,0.006,15.863,19.834
2025-11-23 01:30:57,mlx5_7,0.000,0.000,0.000,0.000
2025-11-23 01:30:57,mlx5_8,4.459,0.006,15.612,18.609
2025-11-23 01:30:57,mlx5_9,4.850,0.006,16.231,20.663
2025-11-23 01:30:57,TOTAL,37.213,0.048,126.132,150.958
2025-11-23 01:30:58,mlx5_0,0.000,0.000,0.000,0.000
2025-11-23 01:30:58,mlx5_1,1.139,0.002,15.660,16.971
2025-11-23 01:30:58,mlx5_2,1.175,0.002,15.915,19.243
2025-11-23 01:30:58,mlx5_3,1.315,0.002,15.808,18.037
2025-11-23 01:30:58,mlx5_4,1.303,0.002,16.195,20.137
2025-11-23 01:30:58,mlx5_5,1.371,0.002,15.639,17.465
2025-11-23 01:30:58,mlx5_6,1.487,0.002,16.050,19.834
2025-11-23 01:30:58,mlx5_7,0.000,0.000,0.000,0.000
2025-11-23 01:30:58,mlx5_8,1.509,0.002,15.801,18.609
2025-11-23 01:30:58,mlx5_9,1.606,0.002,16.433,20.663
2025-11-23 01:30:58,TOTAL,10.905,0.015,127.502,150.960
2025-11-23 01:30:59,mlx5_0,0.000,0.000,0.000,0.000
2025-11-23 01:30:59,mlx5_1,3.400,0.004,16.088,16.971
2025-11-23 01:30:59,mlx5_2,3.409,0.004,16.344,19.244
2025-11-23 01:30:59,mlx5_3,3.300,0.004,16.224,18.038
2025-11-23 01:30:59,mlx5_4,3.272,0.004,16.607,20.137
2025-11-23 01:30:59,mlx5_5,3.228,0.004,16.045,17.466
2025-11-23 01:30:59,mlx5_6,3.180,0.004,16.450,19.835
2025-11-23 01:30:59,mlx5_7,0.000,0.000,0.000,0.000
2025-11-23 01:30:59,mlx5_8,3.125,0.004,16.194,18.610
2025-11-23 01:30:59,mlx5_9,3.357,0.004,16.856,20.663
2025-11-23 01:30:59,TOTAL,26.270,0.034,130.808,150.964
2025-11-23 01:31:00,mlx5_0,0.000,0.000,0.000,0.000
2025-11-23 01:31:00,mlx5_1,0.626,0.001,16.167,16.971
2025-11-23 01:31:00,mlx5_2,0.584,0.001,16.418,19.244
2025-11-23 01:31:00,mlx5_3,0.546,0.001,16.292,18.038
2025-11-23 01:31:00,mlx5_4,0.518,0.001,16.672,20.137
2025-11-23 01:31:00,mlx5_5,0.583,0.001,16.119,17.466
2025-11-23 01:31:00,mlx5_6,0.589,0.001,16.524,19.835
2025-11-23 01:31:00,mlx5_7,0.000,0.000,0.000,0.000
2025-11-23 01:31:00,mlx5_8,0.518,0.001,16.259,18.610
2025-11-23 01:31:00,mlx5_9,0.616,0.001,16.933,20.664
2025-11-23 01:31:00,TOTAL,4.580,0.006,131.383,150.965
2025-11-23 01:31:01,mlx5_0,0.000,0.000,0.000,0.000
2025-11-23 01:31:01,mlx5_1,3.854,0.005,16.651,16.972
2025-11-23 01:31:01,mlx5_2,4.201,0.006,16.946,19.245
2025-11-23 01:31:01,mlx5_3,3.983,0.005,16.793,18.038
2025-11-23 01:31:01,mlx5_4,4.086,0.005,17.186,20.138
2025-11-23 01:31:01,mlx5_5,3.863,0.005,16.604,17.466
2025-11-23 01:31:01,mlx5_6,4.183,0.005,17.050,19.836
2025-11-23 01:31:01,mlx5_7,0.000,0.000,0.000,0.000
2025-11-23 01:31:01,mlx5_8,4.130,0.005,16.779,18.611
2025-11-23 01:31:01,mlx5_9,4.307,0.006,17.475,20.664
2025-11-23 01:31:01,TOTAL,32.607,0.043,135.484,150.970
2025-11-23 01:31:02,mlx5_0,0.000,0.000,0.000,0.000
2025-11-23 01:31:02,mlx5_1,0.000,0.000,16.651,16.972
2025-11-23 01:31:02,mlx5_2,0.000,0.000,16.946,19.245
2025-11-23 01:31:02,mlx5_3,0.000,0.000,16.793,18.038
2025-11-23 01:31:02,mlx5_4,0.000,0.000,17.186,20.138
2025-11-23 01:31:02,mlx5_5,0.000,0.000,16.604,17.466
2025-11-23 01:31:02,mlx5_6,0.000,0.000,17.050,19.836
2025-11-23 01:31:02,mlx5_7,0.000,0.000,0.000,0.000
2025-11-23 01:31:02,mlx5_8,0.000,0.000,16.779,18.611
2025-11-23 01:31:02,mlx5_9,0.000,0.000,17.475,20.664
2025-11-23 01:31:02,TOTAL,0.000,0.000,135.484,150.970
2025-11-23 01:31:03,mlx5_0,0.000,0.000,0.000,0.000
2025-11-23 01:31:03,mlx5_1,4.535,0.006,17.221,16.973
2025-11-23 01:31:03,mlx5_2,4.738,0.006,17.541,19.246
2025-11-23 01:31:03,mlx5_3,4.534,0.006,17.363,18.039
2025-11-23 01:31:03,mlx5_4,4.887,0.006,17.799,20.139
2025-11-23 01:31:03,mlx5_5,4.472,0.006,17.166,17.467
2025-11-23 01:31:03,mlx5_6,4.810,0.006,17.654,19.837
2025-11-23 01:31:03,mlx5_7,0.000,0.000,0.000,0.000
2025-11-23 01:31:03,mlx5_8,4.507,0.006,17.345,18.612
2025-11-23 01:31:03,mlx5_9,4.743,0.006,18.070,20.665
2025-11-23 01:31:03,TOTAL,37.225,0.048,140.160,150.977
2025-11-23 01:31:04,mlx5_0,0.000,0.000,0.000,0.000
2025-11-23 01:31:04,mlx5_1,0.000,0.000,17.221,16.973
2025-11-23 01:31:04,mlx5_2,0.000,0.000,17.541,19.246
2025-11-23 01:31:04,mlx5_3,0.000,0.000,17.363,18.039
2025-11-23 01:31:04,mlx5_4,0.000,0.000,17.799,20.139
2025-11-23 01:31:04,mlx5_5,0.000,0.000,17.166,17.467
2025-11-23 01:31:04,mlx5_6,0.000,0.000,17.654,19.837
2025-11-23 01:31:04,mlx5_7,0.000,0.000,0.000,0.000
2025-11-23 01:31:04,mlx5_8,0.000,0.000,17.345,18.612
2025-11-23 01:31:04,mlx5_9,0.000,0.000,18.070,20.665
2025-11-23 01:31:04,TOTAL,0.000,0.000,140.160,150.977
2025-11-23 01:31:05,mlx5_0,0.000,0.000,0.000,0.000
2025-11-23 01:31:05,mlx5_1,4.063,0.006,17.731,16.973
2025-11-23 01:31:05,mlx5_2,4.366,0.006,18.090,19.246
2025-11-23 01:31:05,mlx5_3,4.193,0.006,17.890,18.040
2025-11-23 01:31:05,mlx5_4,4.488,0.006,18.363,20.140
2025-11-23 01:31:05,mlx5_5,4.071,0.005,17.678,17.468
2025-11-23 01:31:05,mlx5_6,4.199,0.006,18.182,19.837
2025-11-23 01:31:05,mlx5_7,0.000,0.000,0.000,0.000
2025-11-23 01:31:05,mlx5_8,4.240,0.006,17.878,18.612
2025-11-23 01:31:05,mlx5_9,4.468,0.006,18.632,20.666
2025-11-23 01:31:05,TOTAL,34.088,0.045,144.443,150.982
2025-11-23 01:31:06,mlx5_0,0.000,0.000,0.000,0.000
2025-11-23 01:31:06,mlx5_1,0.057,29.457,17.739,20.675
2025-11-23 01:31:06,mlx5_2,0.060,33.965,18.097,23.514
2025-11-23 01:31:06,mlx5_3,0.064,31.838,17.898,22.041
2025-11-23 01:31:06,mlx5_4,0.067,35.815,18.372,24.640
2025-11-23 01:31:06,mlx5_5,0.062,30.231,17.686,21.267
2025-11-23 01:31:06,mlx5_6,0.063,34.930,18.190,24.226
2025-11-23 01:31:06,mlx5_7,0.000,0.000,0.000,0.000
2025-11-23 01:31:06,mlx5_8,0.062,32.981,17.886,22.756
2025-11-23 01:31:06,mlx5_9,0.066,37.410,18.640,25.367
2025-11-23 01:31:06,TOTAL,0.500,266.626,144.506,184.485
2025-11-23 01:31:07,mlx5_0,0.000,0.000,0.000,0.000
2025-11-23 01:31:07,mlx5_1,0.001,0.686,17.739,20.761
2025-11-23 01:31:07,mlx5_2,0.001,0.805,18.098,23.615
2025-11-23 01:31:07,mlx5_3,0.001,0.694,17.898,22.128
2025-11-23 01:31:07,mlx5_4,0.001,0.891,18.372,24.752
2025-11-23 01:31:07,mlx5_5,0.001,0.587,17.686,21.340
2025-11-23 01:31:07,mlx5_6,0.001,0.626,18.190,24.305
2025-11-23 01:31:07,mlx5_7,0.000,0.000,0.000,0.000
2025-11-23 01:31:07,mlx5_8,0.001,0.655,17.886,22.839
2025-11-23 01:31:07,mlx5_9,0.001,0.732,18.640,25.459
2025-11-23 01:31:07,TOTAL,0.009,5.676,144.507,185.199
2025-11-23 01:31:08,mlx5_0,0.000,0.000,0.000,0.000
2025-11-23 01:31:08,mlx5_1,4.523,0.006,18.307,20.762
2025-11-23 01:31:08,mlx5_2,4.458,0.006,18.658,23.616
2025-11-23 01:31:08,mlx5_3,4.663,0.006,18.483,22.129
2025-11-23 01:31:08,mlx5_4,4.628,0.006,18.954,24.753
2025-11-23 01:31:08,mlx5_5,4.645,0.006,18.269,21.341
2025-11-23 01:31:08,mlx5_6,4.771,0.006,18.789,24.306
2025-11-23 01:31:08,mlx5_7,0.000,0.000,0.000,0.000
2025-11-23 01:31:08,mlx5_8,4.678,0.006,18.473,22.840
2025-11-23 01:31:08,mlx5_9,4.855,0.006,19.250,25.459
2025-11-23 01:31:08,TOTAL,37.221,0.049,149.183,185.205
2025-11-23 01:31:09,mlx5_0,0.000,0.000,0.000,0.000
2025-11-23 01:31:09,mlx5_1,0.000,0.000,18.307,20.762
2025-11-23 01:31:09,mlx5_2,0.000,0.000,18.658,23.616
2025-11-23 01:31:09,mlx5_3,0.000,0.000,18.483,22.129
2025-11-23 01:31:09,mlx5_4,0.000,0.000,18.954,24.753
2025-11-23 01:31:09,mlx5_5,0.000,0.000,18.269,21.341
2025-11-23 01:31:09,mlx5_6,0.000,0.000,18.789,24.306
2025-11-23 01:31:09,mlx5_7,0.000,0.000,0.000,0.000
2025-11-23 01:31:09,mlx5_8,0.000,0.000,18.473,22.840
2025-11-23 01:31:09,mlx5_9,0.000,0.000,19.250,25.459
2025-11-23 01:31:09,TOTAL,0.000,0.000,149.183,185.205
2025-11-23 01:31:10,mlx5_0,0.000,0.000,0.000,0.000
2025-11-23 01:31:10,mlx5_1,4.469,0.006,18.868,20.762
2025-11-23 01:31:10,mlx5_2,4.816,0.006,19.262,23.617
2025-11-23 01:31:10,mlx5_3,4.436,0.006,19.041,22.129
2025-11-23 01:31:10,mlx5_4,4.857,0.006,19.564,24.753
2025-11-23 01:31:10,mlx5_5,4.435,0.006,18.826,21.342
2025-11-23 01:31:10,mlx5_6,4.835,0.006,19.396,24.307
2025-11-23 01:31:10,mlx5_7,0.000,0.000,0.000,0.000
2025-11-23 01:31:10,mlx5_8,4.574,0.006,19.048,22.840
2025-11-23 01:31:10,mlx5_9,4.807,0.006,19.854,25.460
2025-11-23 01:31:10,TOTAL,37.228,0.047,153.859,185.211
2025-11-23 01:31:11,mlx5_0,0.000,0.000,0.000,0.000
2025-11-23 01:31:11,mlx5_1,0.261,0.000,18.901,20.763
2025-11-23 01:31:11,mlx5_2,0.185,0.000,19.286,23.617
2025-11-23 01:31:11,mlx5_3,0.261,0.000,19.073,22.129
2025-11-23 01:31:11,mlx5_4,0.246,0.000,19.594,24.753
2025-11-23 01:31:11,mlx5_5,0.256,0.000,18.858,21.342
2025-11-23 01:31:11,mlx5_6,0.241,0.000,19.427,24.307
2025-11-23 01:31:11,mlx5_7,0.000,0.000,0.000,0.000
2025-11-23 01:31:11,mlx5_8,0.244,0.000,19.078,22.840
2025-11-23 01:31:11,mlx5_9,0.363,0.001,19.899,25.460
2025-11-23 01:31:11,TOTAL,2.057,0.003,154.118,185.211
2025-11-23 01:31:12,mlx5_0,0.000,0.000,0.000,0.000
2025-11-23 01:31:12,mlx5_1,4.381,0.006,19.452,20.763
2025-11-23 01:31:12,mlx5_2,4.263,0.006,19.822,23.618
2025-11-23 01:31:12,mlx5_3,4.401,0.006,19.627,22.130
2025-11-23 01:31:12,mlx5_4,4.523,0.006,20.163,24.754
2025-11-23 01:31:12,mlx5_5,4.300,0.006,19.399,21.343
2025-11-23 01:31:12,mlx5_6,4.427,0.006,19.983,24.307
2025-11-23 01:31:12,mlx5_7,0.000,0.000,0.000,0.000
2025-11-23 01:31:12,mlx5_8,4.372,0.006,19.628,22.841
2025-11-23 01:31:12,mlx5_9,4.479,0.006,20.462,25.461
2025-11-23 01:31:12,TOTAL,35.147,0.046,158.535,185.217
2025-11-23 01:31:13,mlx5_0,0.000,0.000,0.000,0.000
2025-11-23 01:31:13,mlx5_1,0.000,0.000,19.452,20.763
2025-11-23 01:31:13,mlx5_2,0.000,0.000,19.822,23.618
2025-11-23 01:31:13,mlx5_3,0.000,0.000,19.627,22.130
2025-11-23 01:31:13,mlx5_4,0.000,0.000,20.163,24.754
2025-11-23 01:31:13,mlx5_5,0.000,0.000,19.399,21.343
2025-11-23 01:31:13,mlx5_6,0.000,0.000,19.983,24.307
2025-11-23 01:31:13,mlx5_7,0.000,0.000,0.000,0.000
2025-11-23 01:31:13,mlx5_8,0.000,0.000,19.628,22.841
2025-11-23 01:31:13,mlx5_9,0.000,0.000,20.462,25.461
2025-11-23 01:31:13,TOTAL,0.000,0.000,158.535,185.217
2025-11-23 01:31:14,mlx5_0,0.000,0.000,0.000,0.000
2025-11-23 01:31:14,mlx5_1,4.627,4.992,20.033,21.391
2025-11-23 01:31:14,mlx5_2,4.643,5.527,20.405,24.312
2025-11-23 01:31:14,mlx5_3,4.500,5.397,20.192,22.808
2025-11-23 01:31:14,mlx5_4,4.789,5.856,20.765,25.490
2025-11-23 01:31:14,mlx5_5,4.495,5.313,19.964,22.010
2025-11-23 01:31:14,mlx5_6,4.771,5.779,20.583,25.034
2025-11-23 01:31:14,mlx5_7,0.000,0.000,0.000,0.000
2025-11-23 01:31:14,mlx5_8,4.705,5.468,20.219,23.528
2025-11-23 01:31:14,mlx5_9,4.770,6.064,21.062,26.223
2025-11-23 01:31:14,TOTAL,37.299,44.397,163.222,190.796
2025-11-23 01:31:15,mlx5_0,0.000,0.000,0.000,0.000
2025-11-23 01:31:15,mlx5_1,0.000,0.000,20.033,21.391
2025-11-23 01:31:15,mlx5_2,0.000,0.000,20.405,24.312
2025-11-23 01:31:15,mlx5_3,0.000,0.000,20.192,22.808
2025-11-23 01:31:15,mlx5_4,0.000,0.000,20.765,25.490
2025-11-23 01:31:15,mlx5_5,0.000,0.000,19.964,22.010
2025-11-23 01:31:15,mlx5_6,0.000,0.000,20.583,25.034
2025-11-23 01:31:15,mlx5_7,0.000,0.000,0.000,0.000
2025-11-23 01:31:15,mlx5_8,0.000,0.000,20.219,23.528
2025-11-23 01:31:15,mlx5_9,0.000,0.000,21.062,26.223
2025-11-23 01:31:15,TOTAL,0.000,0.000,163.222,190.796
2025-11-23 01:31:16,mlx5_0,0.000,0.000,0.000,0.000
2025-11-23 01:31:16,mlx5_1,0.262,0.000,20.066,21.391
2025-11-23 01:31:16,mlx5_2,0.276,0.000,20.440,24.312
2025-11-23 01:31:16,mlx5_3,0.298,0.000,20.229,22.808
2025-11-23 01:31:16,mlx5_4,0.291,0.000,20.801,25.490
2025-11-23 01:31:16,mlx5_5,0.285,0.000,20.000,22.010
2025-11-23 01:31:16,mlx5_6,0.257,0.000,20.615,25.034
2025-11-23 01:31:16,mlx5_7,0.000,0.000,0.000,0.000
2025-11-23 01:31:16,mlx5_8,0.268,0.000,20.253,23.528
2025-11-23 01:31:16,mlx5_9,0.378,0.000,21.109,26.223
2025-11-23 01:31:16,TOTAL,2.314,0.003,163.513,190.796
2025-11-23 01:31:17,mlx5_0,0.000,0.000,0.000,0.000
2025-11-23 01:31:17,mlx5_1,4.096,0.006,20.581,21.391
2025-11-23 01:31:17,mlx5_2,4.263,0.006,20.976,24.313
2025-11-23 01:31:17,mlx5_3,4.279,0.006,20.767,22.809
2025-11-23 01:31:17,mlx5_4,4.315,0.006,21.344,25.491
2025-11-23 01:31:17,mlx5_5,4.165,0.005,20.523,22.011
2025-11-23 01:31:17,mlx5_6,4.343,0.006,21.161,25.034
2025-11-23 01:31:17,mlx5_7,0.000,0.000,0.000,0.000
2025-11-23 01:31:17,mlx5_8,4.196,0.006,20.780,23.529
2025-11-23 01:31:17,mlx5_9,4.426,0.006,21.666,26.224
2025-11-23 01:31:17,TOTAL,34.083,0.046,167.798,190.802
2025-11-23 01:31:18,mlx5_0,0.000,0.000,0.000,0.000
2025-11-23 01:31:18,mlx5_1,4.724,0.006,21.174,21.392
2025-11-23 01:31:18,mlx5_2,4.537,0.006,21.545,24.314
2025-11-23 01:31:18,mlx5_3,4.639,0.006,21.350,22.810
2025-11-23 01:31:18,mlx5_4,4.669,0.006,21.930,25.492
2025-11-23 01:31:18,mlx5_5,4.654,0.006,21.107,22.012
2025-11-23 01:31:18,mlx5_6,4.625,0.006,21.742,25.035
2025-11-23 01:31:18,mlx5_7,0.000,0.000,0.000,0.000
2025-11-23 01:31:18,mlx5_8,4.660,0.006,21.365,23.530
2025-11-23 01:31:18,mlx5_9,4.743,0.006,22.261,26.225
2025-11-23 01:31:18,TOTAL,37.252,0.049,172.474,190.808
2025-11-23 01:31:19,mlx5_0,0.000,0.000,0.000,0.000
2025-11-23 01:31:19,mlx5_1,0.000,0.000,21.174,21.392
2025-11-23 01:31:19,mlx5_2,0.000,0.000,21.545,24.314
2025-11-23 01:31:19,mlx5_3,0.000,0.000,21.350,22.810
2025-11-23 01:31:19,mlx5_4,0.000,0.000,21.930,25.492
2025-11-23 01:31:19,mlx5_5,0.000,0.000,21.107,22.012
2025-11-23 01:31:19,mlx5_6,0.000,0.000,21.742,25.035
2025-11-23 01:31:19,mlx5_7,0.000,0.000,0.000,0.000
2025-11-23 01:31:19,mlx5_8,0.000,0.000,21.365,23.530
2025-11-23 01:31:19,mlx5_9,0.000,0.000,22.261,26.225
2025-11-23 01:31:19,TOTAL,0.000,0.000,172.474,190.808
2025-11-23 01:31:20,mlx5_0,0.000,0.000,0.000,0.000
2025-11-23 01:31:20,mlx5_1,4.594,0.006,21.751,21.393
2025-11-23 01:31:20,mlx5_2,4.621,0.006,22.126,24.314
2025-11-23 01:31:20,mlx5_3,4.560,0.006,21.922,22.810
2025-11-23 01:31:20,mlx5_4,4.909,0.006,22.547,25.492
2025-11-23 01:31:20,mlx5_5,4.574,0.006,21.682,22.012
2025-11-23 01:31:20,mlx5_6,4.712,0.006,22.333,25.036
2025-11-23 01:31:20,mlx5_7,0.000,0.000,0.000,0.000
2025-11-23 01:31:20,mlx5_8,4.427,0.006,21.922,23.530
2025-11-23 01:31:20,mlx5_9,4.825,0.006,22.867,26.225
2025-11-23 01:31:20,TOTAL,37.222,0.048,177.150,190.814
2025-11-23 01:31:21,mlx5_0,0.000,0.000,0.000,0.000
2025-11-23 01:31:21,mlx5_1,0.000,0.000,21.751,21.393
2025-11-23 01:31:21,mlx5_2,0.000,0.000,22.126,24.314
2025-11-23 01:31:21,mlx5_3,0.000,0.000,21.922,22.810
2025-11-23 01:31:21,mlx5_4,0.000,0.000,22.547,25.492
2025-11-23 01:31:21,mlx5_5,0.000,0.000,21.682,22.012
2025-11-23 01:31:21,mlx5_6,0.000,0.000,22.333,25.036
2025-11-23 01:31:21,mlx5_7,0.000,0.000,0.000,0.000
2025-11-23 01:31:21,mlx5_8,0.000,0.000,21.922,23.530
2025-11-23 01:31:21,mlx5_9,0.000,0.000,22.867,26.225
2025-11-23 01:31:21,TOTAL,0.000,0.000,177.150,190.814
2025-11-23 01:31:22,mlx5_0,0.000,0.000,0.000,0.000
2025-11-23 01:31:22,mlx5_1,4.529,0.006,22.320,21.394
2025-11-23 01:31:22,mlx5_2,4.715,0.006,22.718,24.315
2025-11-23 01:31:22,mlx5_3,4.573,0.006,22.497,22.811
2025-11-23 01:31:22,mlx5_4,4.719,0.006,23.139,25.493
2025-11-23 01:31:22,mlx5_5,4.545,0.006,22.253,22.013
2025-11-23 01:31:22,mlx5_6,4.749,0.006,22.930,25.037
2025-11-23 01:31:22,mlx5_7,0.000,0.000,0.000,0.000
2025-11-23 01:31:22,mlx5_8,4.650,0.006,22.506,23.531
2025-11-23 01:31:22,mlx5_9,4.742,0.006,23.463,26.226
2025-11-23 01:31:22,TOTAL,37.221,0.049,181.826,190.820
2025-11-23 01:31:23,mlx5_0,0.000,0.000,0.000,0.000
2025-11-23 01:31:23,mlx5_1,0.000,0.000,22.320,21.394
2025-11-23 01:31:23,mlx5_2,0.000,0.000,22.718,24.315
2025-11-23 01:31:23,mlx5_3,0.000,0.000,22.497,22.811
2025-11-23 01:31:23,mlx5_4,0.000,0.000,23.139,25.493
2025-11-23 01:31:23,mlx5_5,0.000,0.000,22.253,22.013
2025-11-23 01:31:23,mlx5_6,0.000,0.000,22.930,25.037
2025-11-23 01:31:23,mlx5_7,0.000,0.000,0.000,0.000
2025-11-23 01:31:23,mlx5_8,0.000,0.000,22.506,23.531
2025-11-23 01:31:23,mlx5_9,0.000,0.000,23.463,26.226
2025-11-23 01:31:23,TOTAL,0.000,0.000,181.826,190.820
2025-11-23 01:31:24,mlx5_0,0.000,0.000,0.000,0.000
2025-11-23 01:31:24,mlx5_1,4.503,4.990,22.886,22.020
2025-11-23 01:31:24,mlx5_2,4.779,5.559,23.319,25.014
2025-11-23 01:31:24,mlx5_3,4.606,5.356,23.076,23.484
2025-11-23 01:31:24,mlx5_4,4.785,5.960,23.741,26.242
2025-11-23 01:31:24,mlx5_5,4.590,5.141,22.830,22.659
2025-11-23 01:31:24,mlx5_6,4.644,5.590,23.514,25.739
2025-11-23 01:31:24,mlx5_7,0.000,0.000,0.000,0.000
2025-11-23 01:31:24,mlx5_8,4.703,5.399,23.097,24.209
2025-11-23 01:31:24,mlx5_9,4.682,6.403,24.051,27.031
2025-11-23 01:31:24,TOTAL,37.293,44.398,186.512,196.399
2025-11-23 01:31:25,mlx5_0,0.000,0.000,0.000,0.000
2025-11-23 01:31:25,mlx5_1,0.000,0.000,22.886,22.020
2025-11-23 01:31:25,mlx5_2,0.000,0.000,23.319,25.014
2025-11-23 01:31:25,mlx5_3,0.000,0.000,23.076,23.484
2025-11-23 01:31:25,mlx5_4,0.000,0.000,23.741,26.242
2025-11-23 01:31:25,mlx5_5,0.000,0.000,22.830,22.659
2025-11-23 01:31:25,mlx5_6,0.000,0.000,23.514,25.739
2025-11-23 01:31:25,mlx5_7,0.000,0.000,0.000,0.000
2025-11-23 01:31:25,mlx5_8,0.000,0.000,23.097,24.209
2025-11-23 01:31:25,mlx5_9,0.000,0.000,24.051,27.031
2025-11-23 01:31:25,TOTAL,0.000,0.000,186.512,196.399
2025-11-23 01:31:26,mlx5_0,0.000,0.000,0.000,0.000
2025-11-23 01:31:26,mlx5_1,0.000,0.000,22.886,22.020
2025-11-23 01:31:26,mlx5_2,0.000,0.000,23.319,25.014
2025-11-23 01:31:26,mlx5_3,0.000,0.000,23.076,23.484
2025-11-23 01:31:26,mlx5_4,0.000,0.000,23.741,26.242
2025-11-23 01:31:26,mlx5_5,0.000,0.000,22.830,22.659
2025-11-23 01:31:26,mlx5_6,0.000,0.000,23.514,25.739
2025-11-23 01:31:26,mlx5_7,0.000,0.000,0.000,0.000
2025-11-23 01:31:26,mlx5_8,0.000,0.000,23.097,24.209
2025-11-23 01:31:26,mlx5_9,0.000,0.000,24.051,27.031
2025-11-23 01:31:26,TOTAL,0.000,0.000,186.512,196.399
2025-11-23 01:31:27,mlx5_0,0.000,0.000,0.000,0.000
2025-11-23 01:31:27,mlx5_1,4.459,0.006,23.446,22.021
2025-11-23 01:31:27,mlx5_2,4.650,0.006,23.903,25.014
2025-11-23 01:31:27,mlx5_3,4.493,0.006,23.640,23.485
2025-11-23 01:31:27,mlx5_4,4.449,0.006,24.300,26.243
2025-11-23 01:31:27,mlx5_5,4.427,0.006,23.386,22.660
2025-11-23 01:31:27,mlx5_6,4.707,0.006,24.105,25.740
2025-11-23 01:31:27,mlx5_7,0.000,0.000,0.000,0.000
2025-11-23 01:31:27,mlx5_8,4.581,0.006,23.672,24.210
2025-11-23 01:31:27,mlx5_9,4.652,0.006,24.636,27.032
2025-11-23 01:31:27,TOTAL,36.418,0.048,191.088,196.405
2025-11-23 01:31:28,mlx5_0,0.000,0.000,0.000,0.000
2025-11-23 01:31:28,mlx5_1,4.576,0.006,24.021,22.022
2025-11-23 01:31:28,mlx5_2,4.640,0.006,24.486,25.015
2025-11-23 01:31:28,mlx5_3,4.587,0.006,24.217,23.486
2025-11-23 01:31:28,mlx5_4,4.763,0.006,24.898,26.244
2025-11-23 01:31:28,mlx5_5,4.534,0.006,23.956,22.661
2025-11-23 01:31:28,mlx5_6,4.704,0.006,24.696,25.740
2025-11-23 01:31:28,mlx5_7,0.000,0.000,0.000,0.000
2025-11-23 01:31:28,mlx5_8,4.753,0.006,24.270,24.211
2025-11-23 01:31:28,mlx5_9,4.658,0.006,25.221,27.032
2025-11-23 01:31:28,TOTAL,37.214,0.049,195.764,196.411
2025-11-23 01:31:29,mlx5_0,0.000,0.000,0.000,0.000
2025-11-23 01:31:29,mlx5_1,0.000,0.000,24.021,22.022
2025-11-23 01:31:29,mlx5_2,0.000,0.000,24.486,25.015
2025-11-23 01:31:29,mlx5_3,0.000,0.000,24.217,23.486
2025-11-23 01:31:29,mlx5_4,0.000,0.000,24.898,26.244
2025-11-23 01:31:29,mlx5_5,0.000,0.000,23.956,22.661
2025-11-23 01:31:29,mlx5_6,0.000,0.000,24.696,25.740
2025-11-23 01:31:29,mlx5_7,0.000,0.000,0.000,0.000
2025-11-23 01:31:29,mlx5_8,0.000,0.000,24.270,24.211
2025-11-23 01:31:29,mlx5_9,0.000,0.000,25.221,27.032
2025-11-23 01:31:29,TOTAL,0.000,0.000,195.764,196.411
2025-11-23 01:31:30,mlx5_0,0.000,0.000,0.000,0.000
2025-11-23 01:31:30,mlx5_1,4.589,0.006,24.598,22.023
2025-11-23 01:31:30,mlx5_2,4.663,0.006,25.072,25.016
2025-11-23 01:31:30,mlx5_3,4.589,0.006,24.793,23.487
2025-11-23 01:31:30,mlx5_4,4.714,0.006,25.490,26.244
2025-11-23 01:31:30,mlx5_5,4.569,0.006,24.530,22.661
2025-11-23 01:31:30,mlx5_6,4.560,0.006,25.269,25.741
2025-11-23 01:31:30,mlx5_7,0.000,0.000,0.000,0.000
2025-11-23 01:31:30,mlx5_8,4.603,0.006,24.848,24.212
2025-11-23 01:31:30,mlx5_9,4.941,0.006,25.841,27.033
2025-11-23 01:31:30,TOTAL,37.228,0.049,200.440,196.417
2025-11-23 01:31:31,mlx5_0,0.000,0.000,0.000,0.000
2025-11-23 01:31:31,mlx5_1,0.000,0.000,24.598,22.023
2025-11-23 01:31:31,mlx5_2,0.000,0.000,25.072,25.016
2025-11-23 01:31:31,mlx5_3,0.000,0.000,24.793,23.487
2025-11-23 01:31:31,mlx5_4,0.000,0.000,25.490,26.244
2025-11-23 01:31:31,mlx5_5,0.000,0.000,24.530,22.661
2025-11-23 01:31:31,mlx5_6,0.000,0.000,25.269,25.741
2025-11-23 01:31:31,mlx5_7,0.000,0.000,0.000,0.000
2025-11-23 01:31:31,mlx5_8,0.000,0.000,24.848,24.212
2025-11-23 01:31:31,mlx5_9,0.000,0.000,25.841,27.033
2025-11-23 01:31:31,TOTAL,0.000,0.000,200.440,196.417
2025-11-23 01:31:32,mlx5_0,0.000,0.000,0.000,0.000
2025-11-23 01:31:32,mlx5_1,4.610,0.006,25.177,22.024
2025-11-23 01:31:32,mlx5_2,4.747,0.006,25.668,25.017
2025-11-23 01:31:32,mlx5_3,4.640,0.006,25.376,23.487
2025-11-23 01:31:32,mlx5_4,4.764,0.006,26.089,26.245
2025-11-23 01:31:32,mlx5_5,4.485,0.006,25.093,22.662
2025-11-23 01:31:32,mlx5_6,4.736,0.006,25.864,25.742
2025-11-23 01:31:32,mlx5_7,0.000,0.000,0.000,0.000
2025-11-23 01:31:32,mlx5_8,4.475,0.006,25.410,24.212
2025-11-23 01:31:32,mlx5_9,4.755,0.006,26.439,27.034
2025-11-23 01:31:32,TOTAL,37.211,0.049,205.116,196.423
2025-11-23 01:31:33,mlx5_0,0.000,0.000,0.000,0.000
2025-11-23 01:31:33,mlx5_1,0.000,0.000,25.177,22.024
2025-11-23 01:31:33,mlx5_2,0.000,0.000,25.668,25.017
2025-11-23 01:31:33,mlx5_3,0.000,0.000,25.376,23.487
2025-11-23 01:31:33,mlx5_4,0.000,0.000,26.089,26.245
2025-11-23 01:31:33,mlx5_5,0.000,0.000,25.093,22.662
2025-11-23 01:31:33,mlx5_6,0.000,0.000,25.864,25.742
2025-11-23 01:31:33,mlx5_7,0.000,0.000,0.000,0.000
2025-11-23 01:31:33,mlx5_8,0.000,0.000,25.410,24.212
2025-11-23 01:31:33,mlx5_9,0.000,0.000,26.439,27.034
2025-11-23 01:31:33,TOTAL,0.000,0.000,205.116,196.423
2025-11-23 01:31:34,mlx5_0,0.000,0.000,0.000,0.000
2025-11-23 01:31:34,mlx5_1,4.670,4.968,25.764,22.648
2025-11-23 01:31:34,mlx5_2,4.575,5.700,26.243,25.733
2025-11-23 01:31:34,mlx5_3,4.664,5.333,25.962,24.157
2025-11-23 01:31:34,mlx5_4,4.727,5.993,26.683,26.998
2025-11-23 01:31:34,mlx5_5,4.564,4.868,25.666,23.274
2025-11-23 01:31:34,mlx5_6,4.578,6.069,26.439,26.504
2025-11-23 01:31:34,mlx5_7,0.000,0.000,0.000,0.000
2025-11-23 01:31:34,mlx5_8,4.645,5.497,25.994,24.903
2025-11-23 01:31:34,mlx5_9,4.883,5.979,27.052,27.785
2025-11-23 01:31:34,TOTAL,37.305,44.406,209.802,202.002
2025-11-23 01:31:35,mlx5_0,0.000,0.000,0.000,0.000
2025-11-23 01:31:35,mlx5_1,0.000,0.000,25.764,22.648
2025-11-23 01:31:35,mlx5_2,0.000,0.000,26.243,25.733
2025-11-23 01:31:35,mlx5_3,0.000,0.000,25.962,24.157
2025-11-23 01:31:35,mlx5_4,0.000,0.000,26.683,26.998
2025-11-23 01:31:35,mlx5_5,0.000,0.000,25.666,23.274
2025-11-23 01:31:35,mlx5_6,0.000,0.000,26.439,26.504
2025-11-23 01:31:35,mlx5_7,0.000,0.000,0.000,0.000
2025-11-23 01:31:35,mlx5_8,0.000,0.000,25.994,24.903
2025-11-23 01:31:35,mlx5_9,0.000,0.000,27.052,27.785
2025-11-23 01:31:35,TOTAL,0.000,0.000,209.802,202.002
2025-11-23 01:31:36,mlx5_0,0.000,0.000,0.000,0.000
2025-11-23 01:31:36,mlx5_1,0.000,0.000,25.764,22.648
2025-11-23 01:31:36,mlx5_2,0.000,0.000,26.243,25.733
2025-11-23 01:31:36,mlx5_3,0.000,0.000,25.962,24.157
2025-11-23 01:31:36,mlx5_4,0.000,0.000,26.683,26.998
2025-11-23 01:31:36,mlx5_5,0.000,0.000,25.666,23.274
2025-11-23 01:31:36,mlx5_6,0.000,0.000,26.439,26.504
2025-11-23 01:31:36,mlx5_7,0.000,0.000,0.000,0.000
2025-11-23 01:31:36,mlx5_8,0.000,0.000,25.994,24.903
2025-11-23 01:31:36,mlx5_9,0.000,0.000,27.052,27.785
2025-11-23 01:31:36,TOTAL,0.000,0.000,209.802,202.002
2025-11-23 01:31:37,mlx5_0,0.000,0.000,0.000,0.000
2025-11-23 01:31:37,mlx5_1,4.627,0.006,26.345,22.648
2025-11-23 01:31:37,mlx5_2,4.738,0.007,26.838,25.734
2025-11-23 01:31:37,mlx5_3,4.913,0.006,26.579,24.158
2025-11-23 01:31:37,mlx5_4,4.897,0.007,27.298,26.999
2025-11-23 01:31:37,mlx5_5,4.881,0.006,26.280,23.274
2025-11-23 01:31:37,mlx5_6,4.912,0.006,27.056,26.505
2025-11-23 01:31:37,mlx5_7,0.000,0.000,0.000,0.000
2025-11-23 01:31:37,mlx5_8,4.952,0.006,26.616,24.904
2025-11-23 01:31:37,mlx5_9,4.835,0.007,27.660,27.786
2025-11-23 01:31:37,TOTAL,38.756,0.052,214.671,202.008
2025-11-23 01:31:38,mlx5_0,0.000,0.000,0.000,0.000
2025-11-23 01:31:38,mlx5_1,4.629,0.006,26.926,22.649
2025-11-23 01:31:38,mlx5_2,4.701,0.006,27.429,25.734
2025-11-23 01:31:38,mlx5_3,4.603,0.006,27.157,24.159
2025-11-23 01:31:38,mlx5_4,4.664,0.006,27.884,27.000
2025-11-23 01:31:38,mlx5_5,4.646,0.006,26.863,23.275
2025-11-23 01:31:38,mlx5_6,4.646,0.006,27.640,26.506
2025-11-23 01:31:38,mlx5_7,0.000,0.000,0.000,0.000
2025-11-23 01:31:38,mlx5_8,4.655,0.006,27.201,24.905
2025-11-23 01:31:38,mlx5_9,4.672,0.006,28.247,27.787
2025-11-23 01:31:38,TOTAL,37.214,0.049,219.347,202.014
2025-11-23 01:31:39,mlx5_0,0.000,0.000,0.000,0.000
2025-11-23 01:31:39,mlx5_1,0.000,0.000,26.926,22.649
2025-11-23 01:31:39,mlx5_2,0.000,0.000,27.429,25.734
2025-11-23 01:31:39,mlx5_3,0.000,0.000,27.157,24.159
2025-11-23 01:31:39,mlx5_4,0.000,0.000,27.884,27.000
2025-11-23 01:31:39,mlx5_5,0.000,0.000,26.863,23.275
2025-11-23 01:31:39,mlx5_6,0.000,0.000,27.640,26.506
2025-11-23 01:31:39,mlx5_7,0.000,0.000,0.000,0.000
2025-11-23 01:31:39,mlx5_8,0.000,0.000,27.201,24.905
2025-11-23 01:31:39,mlx5_9,0.000,0.000,28.247,27.787
2025-11-23 01:31:39,TOTAL,0.000,0.000,219.347,202.014
2025-11-23 01:31:40,mlx5_0,0.000,0.000,0.000,0.000
2025-11-23 01:31:40,mlx5_1,4.480,0.006,27.489,22.650
2025-11-23 01:31:40,mlx5_2,4.678,0.006,28.016,25.735
2025-11-23 01:31:40,mlx5_3,4.632,0.006,27.739,24.160
2025-11-23 01:31:40,mlx5_4,4.867,0.006,28.495,27.000
2025-11-23 01:31:40,mlx5_5,4.472,0.006,27.425,23.276
2025-11-23 01:31:40,mlx5_6,4.789,0.006,28.242,26.507
2025-11-23 01:31:40,mlx5_7,0.000,0.000,0.000,0.000
2025-11-23 01:31:40,mlx5_8,4.555,0.006,27.773,24.905
2025-11-23 01:31:40,mlx5_9,4.750,0.007,28.843,27.788
2025-11-23 01:31:40,TOTAL,37.223,0.048,224.022,202.020
2025-11-23 01:31:41,mlx5_0,0.000,0.000,0.000,0.000
2025-11-23 01:31:41,mlx5_1,0.000,0.000,27.489,22.650
2025-11-23 01:31:41,mlx5_2,0.000,0.000,28.016,25.735
2025-11-23 01:31:41,mlx5_3,0.000,0.000,27.739,24.160
2025-11-23 01:31:41,mlx5_4,0.000,0.000,28.495,27.000
2025-11-23 01:31:41,mlx5_5,0.000,0.000,27.425,23.276
2025-11-23 01:31:41,mlx5_6,0.000,0.000,28.242,26.507
2025-11-23 01:31:41,mlx5_7,0.000,0.000,0.000,0.000
2025-11-23 01:31:41,mlx5_8,0.000,0.000,27.773,24.905
2025-11-23 01:31:41,mlx5_9,0.000,0.000,28.843,27.788
2025-11-23 01:31:41,TOTAL,0.000,0.000,224.022,202.020
2025-11-23 01:31:42,mlx5_0,0.000,0.000,0.000,0.000
2025-11-23 01:31:42,mlx5_1,4.604,0.006,28.068,22.651
2025-11-23 01:31:42,mlx5_2,4.691,0.006,28.606,25.736
2025-11-23 01:31:42,mlx5_3,4.603,0.006,28.317,24.160
2025-11-23 01:31:42,mlx5_4,4.739,0.006,29.090,27.001
2025-11-23 01:31:42,mlx5_5,4.511,0.006,27.992,23.277
2025-11-23 01:31:42,mlx5_6,4.676,0.006,28.829,26.507
2025-11-23 01:31:42,mlx5_7,0.000,0.000,0.000,0.000
2025-11-23 01:31:42,mlx5_8,4.492,0.006,28.337,24.906
2025-11-23 01:31:42,mlx5_9,4.909,0.006,29.460,27.788
2025-11-23 01:31:42,TOTAL,37.224,0.048,228.698,202.027
2025-11-23 01:31:43,mlx5_0,0.000,0.000,0.000,0.000
2025-11-23 01:31:43,mlx5_1,0.000,0.000,28.068,22.651
2025-11-23 01:31:43,mlx5_2,0.000,0.000,28.606,25.736
2025-11-23 01:31:43,mlx5_3,0.000,0.000,28.317,24.160
2025-11-23 01:31:43,mlx5_4,0.000,0.000,29.090,27.001
2025-11-23 01:31:43,mlx5_5,0.000,0.000,27.992,23.277
2025-11-23 01:31:43,mlx5_6,0.000,0.000,28.829,26.507
2025-11-23 01:31:43,mlx5_7,0.000,0.000,0.000,0.000
2025-11-23 01:31:43,mlx5_8,0.000,0.000,28.337,24.906
2025-11-23 01:31:43,mlx5_9,0.000,0.000,29.460,27.788
2025-11-23 01:31:43,TOTAL,0.000,0.000,228.698,202.027
2025-11-23 01:31:44,mlx5_0,0.000,0.000,0.000,0.000
2025-11-23 01:31:44,mlx5_1,4.486,4.835,28.631,23.258
2025-11-23 01:31:44,mlx5_2,4.660,5.570,29.191,26.435
2025-11-23 01:31:44,mlx5_3,4.599,5.336,28.895,24.830
2025-11-23 01:31:44,mlx5_4,4.794,6.181,29.692,27.777
2025-11-23 01:31:44,mlx5_5,4.541,5.071,28.562,23.913
2025-11-23 01:31:44,mlx5_6,4.757,5.592,29.426,27.209
2025-11-23 01:31:44,mlx5_7,0.000,0.000,0.000,0.000
2025-11-23 01:31:44,mlx5_8,4.668,5.496,28.923,25.596
2025-11-23 01:31:44,mlx5_9,4.825,6.333,30.066,28.583
2025-11-23 01:31:44,TOTAL,37.331,44.414,233.385,207.602
2025-11-23 01:31:45,mlx5_0,0.000,0.000,0.000,0.000
2025-11-23 01:31:45,mlx5_1,0.000,0.000,28.631,23.258
2025-11-23 01:31:45,mlx5_2,0.000,0.024,29.191,26.438
2025-11-23 01:31:45,mlx5_3,0.000,0.000,28.895,24.830
2025-11-23 01:31:45,mlx5_4,0.000,0.000,29.692,27.777
2025-11-23 01:31:45,mlx5_5,0.000,0.000,28.562,23.913
2025-11-23 01:31:45,mlx5_6,0.000,0.000,29.426,27.209
2025-11-23 01:31:45,mlx5_7,0.000,0.000,0.000,0.000
2025-11-23 01:31:45,mlx5_8,0.000,0.000,28.923,25.596
2025-11-23 01:31:45,mlx5_9,0.000,0.000,30.066,28.583
2025-11-23 01:31:45,TOTAL,0.000,0.024,233.385,207.605
2025-11-23 01:31:46,mlx5_0,0.000,0.000,0.000,0.000
2025-11-23 01:31:46,mlx5_1,0.000,0.000,28.631,23.258
2025-11-23 01:31:46,mlx5_2,0.000,0.000,29.191,26.438
2025-11-23 01:31:46,mlx5_3,0.000,0.000,28.895,24.830
2025-11-23 01:31:46,mlx5_4,0.000,0.000,29.692,27.777
2025-11-23 01:31:46,mlx5_5,0.000,0.000,28.562,23.913
2025-11-23 01:31:46,mlx5_6,0.000,0.000,29.426,27.209
2025-11-23 01:31:46,mlx5_7,0.000,0.000,0.000,0.000
2025-11-23 01:31:46,mlx5_8,0.000,0.000,28.923,25.596
2025-11-23 01:31:46,mlx5_9,0.000,0.000,30.066,28.583
2025-11-23 01:31:46,TOTAL,0.000,0.000,233.385,207.605
2025-11-23 01:31:47,mlx5_0,0.000,0.000,0.000,0.000
2025-11-23 01:31:47,mlx5_1,4.667,0.006,29.217,23.258
2025-11-23 01:31:47,mlx5_2,4.508,0.006,29.757,26.439
2025-11-23 01:31:47,mlx5_3,4.398,0.006,29.447,24.831
2025-11-23 01:31:47,mlx5_4,4.551,0.006,30.264,27.778
2025-11-23 01:31:47,mlx5_5,4.516,0.006,29.129,23.914
2025-11-23 01:31:47,mlx5_6,4.703,0.006,30.017,27.210
2025-11-23 01:31:47,mlx5_7,0.000,0.000,0.000,0.000
2025-11-23 01:31:47,mlx5_8,4.438,0.006,29.480,25.597
2025-11-23 01:31:47,mlx5_9,4.652,0.006,30.650,28.584
2025-11-23 01:31:47,TOTAL,36.432,0.048,237.961,207.611
2025-11-23 01:31:48,mlx5_0,0.000,0.000,0.000,0.000
2025-11-23 01:31:48,mlx5_1,4.429,0.006,29.773,23.259
2025-11-23 01:31:48,mlx5_2,4.838,0.006,30.365,26.440
2025-11-23 01:31:48,mlx5_3,4.552,0.006,30.019,24.832
2025-11-23 01:31:48,mlx5_4,4.665,0.006,30.850,27.779
2025-11-23 01:31:48,mlx5_5,4.515,0.006,29.696,23.915
2025-11-23 01:31:48,mlx5_6,4.753,0.006,30.614,27.211
2025-11-23 01:31:48,mlx5_7,0.000,0.000,0.000,0.000
2025-11-23 01:31:48,mlx5_8,4.594,0.006,30.057,25.598
2025-11-23 01:31:48,mlx5_9,4.872,0.006,31.262,28.585
2025-11-23 01:31:48,TOTAL,37.219,0.049,242.637,207.617
2025-11-23 01:31:49,mlx5_0,0.000,0.000,0.000,0.000
2025-11-23 01:31:49,mlx5_1,0.000,0.000,29.773,23.259
2025-11-23 01:31:49,mlx5_2,0.000,0.000,30.365,26.440
2025-11-23 01:31:49,mlx5_3,0.000,0.000,30.019,24.832
2025-11-23 01:31:49,mlx5_4,0.000,0.000,30.850,27.779
2025-11-23 01:31:49,mlx5_5,0.000,0.000,29.696,23.915
2025-11-23 01:31:49,mlx5_6,0.000,0.000,30.614,27.211
2025-11-23 01:31:49,mlx5_7,0.000,0.000,0.000,0.000
2025-11-23 01:31:49,mlx5_8,0.000,0.000,30.057,25.598
2025-11-23 01:31:49,mlx5_9,0.000,0.000,31.262,28.585
2025-11-23 01:31:49,TOTAL,0.000,0.000,242.637,207.617
2025-11-23 01:31:50,mlx5_0,0.000,0.000,0.000,0.000
2025-11-23 01:31:50,mlx5_1,4.385,0.006,30.324,23.260
2025-11-23 01:31:50,mlx5_2,4.742,0.006,30.960,26.441
2025-11-23 01:31:50,mlx5_3,4.614,0.006,30.599,24.832
2025-11-23 01:31:50,mlx5_4,4.650,0.006,31.434,27.779
2025-11-23 01:31:50,mlx5_5,4.636,0.006,30.279,23.915
2025-11-23 01:31:50,mlx5_6,4.810,0.006,31.218,27.212
2025-11-23 01:31:50,mlx5_7,0.000,0.000,0.000,0.000
2025-11-23 01:31:50,mlx5_8,4.643,0.006,30.641,25.598
2025-11-23 01:31:50,mlx5_9,4.744,0.006,31.858,28.586
2025-11-23 01:31:50,TOTAL,37.224,0.049,247.312,207.624
2025-11-23 01:31:51,mlx5_0,0.000,0.000,0.000,0.000
2025-11-23 01:31:51,mlx5_1,0.000,0.000,30.324,23.260
2025-11-23 01:31:51,mlx5_2,0.000,0.000,30.960,26.441
2025-11-23 01:31:51,mlx5_3,0.000,0.000,30.599,24.832
2025-11-23 01:31:51,mlx5_4,0.000,0.000,31.434,27.779
2025-11-23 01:31:51,mlx5_5,0.000,0.000,30.279,23.915
2025-11-23 01:31:51,mlx5_6,0.000,0.000,31.218,27.212
2025-11-23 01:31:51,mlx5_7,0.000,0.000,0.000,0.000
2025-11-23 01:31:51,mlx5_8,0.000,0.000,30.641,25.598
2025-11-23 01:31:51,mlx5_9,0.000,0.000,31.858,28.586
2025-11-23 01:31:51,TOTAL,0.000,0.000,247.312,207.624
2025-11-23 01:31:52,mlx5_0,0.000,0.000,0.000,0.000
2025-11-23 01:31:52,mlx5_1,4.522,0.006,30.892,23.261
2025-11-23 01:31:52,mlx5_2,4.657,0.006,31.545,26.441
2025-11-23 01:31:52,mlx5_3,4.573,0.006,31.173,24.833
2025-11-23 01:31:52,mlx5_4,4.716,0.006,32.026,27.780
2025-11-23 01:31:52,mlx5_5,4.648,0.006,30.862,23.916
2025-11-23 01:31:52,mlx5_6,4.702,0.006,31.809,27.213
2025-11-23 01:31:52,mlx5_7,0.000,0.000,0.000,0.000
2025-11-23 01:31:52,mlx5_8,4.672,0.006,31.228,25.599
2025-11-23 01:31:52,mlx5_9,4.736,0.006,32.453,28.587
2025-11-23 01:31:52,TOTAL,37.226,0.049,251.988,207.630
2025-11-23 01:31:53,mlx5_0,0.000,0.000,0.000,0.000
2025-11-23 01:31:53,mlx5_1,0.000,0.000,30.892,23.261
2025-11-23 01:31:53,mlx5_2,0.000,0.000,31.545,26.441
2025-11-23 01:31:53,mlx5_3,0.000,0.000,31.173,24.833
2025-11-23 01:31:53,mlx5_4,0.000,0.000,32.026,27.780
2025-11-23 01:31:53,mlx5_5,0.000,0.000,30.862,23.916
2025-11-23 01:31:53,mlx5_6,0.000,0.000,31.809,27.213
2025-11-23 01:31:53,mlx5_7,0.000,0.000,0.000,0.000
2025-11-23 01:31:53,mlx5_8,0.000,0.000,31.228,25.599
2025-11-23 01:31:53,mlx5_9,0.000,0.000,32.453,28.587
2025-11-23 01:31:53,TOTAL,0.000,0.000,251.988,207.630
2025-11-23 01:31:54,mlx5_0,0.000,0.000,0.000,0.000
2025-11-23 01:31:54,mlx5_1,0.270,0.000,30.926,23.261
2025-11-23 01:31:54,mlx5_2,0.125,0.000,31.561,26.441
2025-11-23 01:31:54,mlx5_3,0.222,0.000,31.201,24.833
2025-11-23 01:31:54,mlx5_4,0.192,0.000,32.050,27.780
2025-11-23 01:31:54,mlx5_5,0.253,0.000,30.894,23.916
2025-11-23 01:31:54,mlx5_6,0.210,0.000,31.835,27.213
2025-11-23 01:31:54,mlx5_7,0.000,0.000,0.000,0.000
2025-11-23 01:31:54,mlx5_8,0.259,0.000,31.260,25.599
2025-11-23 01:31:54,mlx5_9,0.267,0.000,32.486,28.587
2025-11-23 01:31:54,TOTAL,1.798,0.002,252.214,207.630
2025-11-23 01:31:55,mlx5_0,0.000,0.000,0.000,0.000
2025-11-23 01:31:55,mlx5_1,4.306,4.960,31.467,23.884
2025-11-23 01:31:55,mlx5_2,4.440,5.778,32.119,27.168
2025-11-23 01:31:55,mlx5_3,4.524,5.328,31.770,25.503
2025-11-23 01:31:55,mlx5_4,4.406,5.972,32.604,28.531
2025-11-23 01:31:55,mlx5_5,4.471,5.120,31.456,24.560
2025-11-23 01:31:55,mlx5_6,4.570,5.774,32.410,27.938
2025-11-23 01:31:55,mlx5_7,0.000,0.000,0.000,0.000
2025-11-23 01:31:55,mlx5_8,4.279,5.440,31.798,26.283
2025-11-23 01:31:55,mlx5_9,4.489,6.007,33.050,29.342
2025-11-23 01:31:55,TOTAL,35.485,44.379,256.675,213.208
2025-11-23 01:31:56,mlx5_0,0.000,0.000,0.000,0.000
2025-11-23 01:31:56,mlx5_1,0.000,0.000,31.467,23.884
2025-11-23 01:31:56,mlx5_2,0.000,0.000,32.119,27.168
2025-11-23 01:31:56,mlx5_3,0.000,0.000,31.770,25.503
2025-11-23 01:31:56,mlx5_4,0.000,0.000,32.604,28.531
2025-11-23 01:31:56,mlx5_5,0.000,0.000,31.456,24.560
2025-11-23 01:31:56,mlx5_6,0.000,0.000,32.410,27.938
2025-11-23 01:31:56,mlx5_7,0.000,0.000,0.000,0.000
2025-11-23 01:31:56,mlx5_8,0.000,0.000,31.798,26.283
2025-11-23 01:31:56,mlx5_9,0.000,0.000,33.050,29.342
2025-11-23 01:31:56,TOTAL,0.000,0.000,256.675,213.208
2025-11-23 01:31:57,mlx5_0,0.000,0.000,0.000,0.000
2025-11-23 01:31:57,mlx5_1,4.478,0.006,32.030,23.885
2025-11-23 01:31:57,mlx5_2,4.438,0.006,32.677,27.169
2025-11-23 01:31:57,mlx5_3,4.459,0.006,32.330,25.504
2025-11-23 01:31:57,mlx5_4,4.734,0.006,33.199,28.532
2025-11-23 01:31:57,mlx5_5,4.400,0.006,32.009,24.560
2025-11-23 01:31:57,mlx5_6,4.548,0.006,32.981,27.939
2025-11-23 01:31:57,mlx5_7,0.000,0.000,0.000,0.000
2025-11-23 01:31:57,mlx5_8,4.561,0.006,32.371,26.284
2025-11-23 01:31:57,mlx5_9,4.814,0.006,33.655,29.342
2025-11-23 01:31:57,TOTAL,36.431,0.048,261.250,213.214
2025-11-23 01:31:58,mlx5_0,0.000,0.000,0.000,0.000
2025-11-23 01:31:58,mlx5_1,4.566,0.006,32.603,23.886
2025-11-23 01:31:58,mlx5_2,4.603,0.006,33.255,27.169
2025-11-23 01:31:58,mlx5_3,4.601,0.006,32.908,25.504
2025-11-23 01:31:58,mlx5_4,4.743,0.006,33.795,28.532
2025-11-23 01:31:58,mlx5_5,4.462,0.006,32.570,24.561
2025-11-23 01:31:58,mlx5_6,4.657,0.006,33.566,27.940
2025-11-23 01:31:58,mlx5_7,0.000,0.000,0.000,0.000
2025-11-23 01:31:58,mlx5_8,4.630,0.006,32.953,26.284
2025-11-23 01:31:58,mlx5_9,4.948,0.006,34.277,29.343
2025-11-23 01:31:58,TOTAL,37.212,0.049,265.926,213.220
2025-11-23 01:31:59,mlx5_0,0.000,0.000,0.000,0.000
2025-11-23 01:31:59,mlx5_1,0.000,0.000,32.603,23.886
2025-11-23 01:31:59,mlx5_2,0.000,0.000,33.255,27.169
2025-11-23 01:31:59,mlx5_3,0.000,0.000,32.908,25.504
2025-11-23 01:31:59,mlx5_4,0.000,0.000,33.795,28.532
2025-11-23 01:31:59,mlx5_5,0.000,0.000,32.570,24.561
2025-11-23 01:31:59,mlx5_6,0.000,0.000,33.566,27.940
2025-11-23 01:31:59,mlx5_7,0.000,0.000,0.000,0.000
2025-11-23 01:31:59,mlx5_8,0.000,0.000,32.953,26.284
2025-11-23 01:31:59,mlx5_9,0.000,0.000,34.277,29.343
2025-11-23 01:31:59,TOTAL,0.000,0.000,265.926,213.220
2025-11-23 01:32:00,mlx5_0,0.000,0.000,0.000,0.000
2025-11-23 01:32:00,mlx5_1,4.622,0.006,33.184,23.886
2025-11-23 01:32:00,mlx5_2,4.642,0.006,33.838,27.170
2025-11-23 01:32:00,mlx5_3,4.602,0.006,33.486,25.505
2025-11-23 01:32:00,mlx5_4,4.748,0.006,34.391,28.533
2025-11-23 01:32:00,mlx5_5,4.469,0.006,33.131,24.562
2025-11-23 01:32:00,mlx5_6,4.788,0.006,34.168,27.941
2025-11-23 01:32:00,mlx5_7,0.000,0.000,0.000,0.000
2025-11-23 01:32:00,mlx5_8,4.562,0.006,33.526,26.285
2025-11-23 01:32:00,mlx5_9,4.788,0.006,34.878,29.344
2025-11-23 01:32:00,TOTAL,37.220,0.048,270.602,213.227
2025-11-23 01:32:01,mlx5_0,0.000,0.000,0.000,0.000
2025-11-23 01:32:01,mlx5_1,0.000,0.000,33.184,23.886
2025-11-23 01:32:01,mlx5_2,0.000,0.000,33.838,27.170
2025-11-23 01:32:01,mlx5_3,0.000,0.000,33.486,25.505
2025-11-23 01:32:01,mlx5_4,0.000,0.000,34.391,28.533
2025-11-23 01:32:01,mlx5_5,0.000,0.000,33.131,24.562
2025-11-23 01:32:01,mlx5_6,0.000,0.000,34.168,27.941
2025-11-23 01:32:01,mlx5_7,0.000,0.000,0.000,0.000
2025-11-23 01:32:01,mlx5_8,0.000,0.000,33.526,26.285
2025-11-23 01:32:01,mlx5_9,0.000,0.000,34.878,29.344
2025-11-23 01:32:01,TOTAL,0.000,0.000,270.602,213.227
2025-11-23 01:32:02,mlx5_0,0.000,0.000,0.000,0.000
2025-11-23 01:32:02,mlx5_1,4.530,0.006,33.753,23.887
2025-11-23 01:32:02,mlx5_2,4.714,0.006,34.430,27.171
2025-11-23 01:32:02,mlx5_3,4.511,0.006,34.053,25.506
2025-11-23 01:32:02,mlx5_4,4.800,0.006,34.994,28.534
2025-11-23 01:32:02,mlx5_5,4.627,0.006,33.712,24.563
2025-11-23 01:32:02,mlx5_6,4.599,0.006,34.745,27.941
2025-11-23 01:32:02,mlx5_7,0.000,0.000,0.000,0.000
2025-11-23 01:32:02,mlx5_8,4.642,0.006,34.109,26.286
2025-11-23 01:32:02,mlx5_9,4.798,0.006,35.481,29.345
2025-11-23 01:32:02,TOTAL,37.221,0.049,275.278,213.233
2025-11-23 01:32:03,mlx5_0,0.000,0.000,0.000,0.000
2025-11-23 01:32:03,mlx5_1,0.000,0.000,33.753,23.887
2025-11-23 01:32:03,mlx5_2,0.000,0.000,34.430,27.171
2025-11-23 01:32:03,mlx5_3,0.000,0.000,34.053,25.506
2025-11-23 01:32:03,mlx5_4,0.000,0.000,34.994,28.534
2025-11-23 01:32:03,mlx5_5,0.000,0.000,33.712,24.563
2025-11-23 01:32:03,mlx5_6,0.000,0.000,34.745,27.941
2025-11-23 01:32:03,mlx5_7,0.000,0.000,0.000,0.000
2025-11-23 01:32:03,mlx5_8,0.000,0.000,34.109,26.286
2025-11-23 01:32:03,mlx5_9,0.000,0.000,35.481,29.345
2025-11-23 01:32:03,TOTAL,0.000,0.000,275.278,213.233
2025-11-23 01:32:04,mlx5_0,0.000,0.000,0.000,0.000
2025-11-23 01:32:04,mlx5_1,0.000,0.000,33.753,23.887
2025-11-23 01:32:04,mlx5_2,0.000,0.000,34.430,27.171
2025-11-23 01:32:04,mlx5_3,0.000,0.000,34.053,25.506
2025-11-23 01:32:04,mlx5_4,0.000,0.000,34.994,28.534
2025-11-23 01:32:04,mlx5_5,0.000,0.000,33.712,24.563
2025-11-23 01:32:04,mlx5_6,0.000,0.000,34.745,27.941
2025-11-23 01:32:04,mlx5_7,0.000,0.000,0.000,0.000
2025-11-23 01:32:04,mlx5_8,0.000,0.000,34.109,26.286
2025-11-23 01:32:04,mlx5_9,0.000,0.000,35.481,29.345
2025-11-23 01:32:04,TOTAL,0.000,0.000,275.278,213.233
2025-11-23 01:32:05,mlx5_0,0.000,0.000,0.000,0.000
2025-11-23 01:32:05,mlx5_1,4.599,5.022,34.331,24.518
2025-11-23 01:32:05,mlx5_2,4.504,5.480,34.996,27.859
2025-11-23 01:32:05,mlx5_3,4.649,5.129,34.637,26.150
2025-11-23 01:32:05,mlx5_4,4.761,6.256,35.593,29.320
2025-11-23 01:32:05,mlx5_5,4.535,5.139,34.282,25.208
2025-11-23 01:32:05,mlx5_6,4.705,5.700,35.337,28.658
2025-11-23 01:32:05,mlx5_7,0.000,0.000,0.000,0.000
2025-11-23 01:32:05,mlx5_8,4.743,5.455,34.705,26.971
2025-11-23 01:32:05,mlx5_9,4.805,6.223,36.085,30.127
2025-11-23 01:32:05,TOTAL,37.302,44.404,279.965,218.811
2025-11-23 01:32:06,mlx5_0,0.000,0.000,0.000,0.000
2025-11-23 01:32:06,mlx5_1,0.000,0.000,34.331,24.518
2025-11-23 01:32:06,mlx5_2,0.000,0.000,34.996,27.859
2025-11-23 01:32:06,mlx5_3,0.000,0.000,34.637,26.150
2025-11-23 01:32:06,mlx5_4,0.000,0.000,35.593,29.320
2025-11-23 01:32:06,mlx5_5,0.000,0.000,34.282,25.208
2025-11-23 01:32:06,mlx5_6,0.000,0.000,35.337,28.658
2025-11-23 01:32:06,mlx5_7,0.000,0.000,0.000,0.000
2025-11-23 01:32:06,mlx5_8,0.000,0.000,34.705,26.971
2025-11-23 01:32:06,mlx5_9,0.000,0.000,36.085,30.127
2025-11-23 01:32:06,TOTAL,0.000,0.000,279.965,218.811
2025-11-23 01:32:07,mlx5_0,0.000,0.000,0.000,0.000
2025-11-23 01:32:07,mlx5_1,4.545,0.006,34.902,24.519
2025-11-23 01:32:07,mlx5_2,4.919,0.007,35.614,27.860
2025-11-23 01:32:07,mlx5_3,4.882,0.006,35.250,26.151
2025-11-23 01:32:07,mlx5_4,4.777,0.006,36.193,29.321
2025-11-23 01:32:07,mlx5_5,4.790,0.006,34.884,25.209
2025-11-23 01:32:07,mlx5_6,4.896,0.006,35.952,28.658
2025-11-23 01:32:07,mlx5_7,0.000,0.000,0.000,0.000
2025-11-23 01:32:07,mlx5_8,5.023,0.006,35.336,26.972
2025-11-23 01:32:07,mlx5_9,4.970,0.007,36.709,30.127
2025-11-23 01:32:07,TOTAL,38.804,0.052,284.839,218.818
2025-11-23 01:32:08,mlx5_0,0.000,0.000,0.000,0.000
2025-11-23 01:32:08,mlx5_1,0.000,0.000,34.902,24.519
2025-11-23 01:32:08,mlx5_2,0.000,0.000,35.614,27.860
2025-11-23 01:32:08,mlx5_3,0.000,0.000,35.250,26.151
2025-11-23 01:32:08,mlx5_4,0.000,0.000,36.193,29.321
2025-11-23 01:32:08,mlx5_5,0.000,0.000,34.884,25.209
2025-11-23 01:32:08,mlx5_6,0.000,0.000,35.952,28.658
2025-11-23 01:32:08,mlx5_7,0.000,0.000,0.000,0.000
2025-11-23 01:32:08,mlx5_8,0.000,0.000,35.336,26.972
2025-11-23 01:32:08,mlx5_9,0.000,0.000,36.709,30.127
2025-11-23 01:32:08,TOTAL,0.001,0.001,284.839,218.818
2025-11-23 01:32:09,mlx5_0,0.000,0.000,0.000,0.000
2025-11-23 01:32:09,mlx5_1,4.499,0.006,35.467,24.520
2025-11-23 01:32:09,mlx5_2,4.624,0.006,36.195,27.861
2025-11-23 01:32:09,mlx5_3,4.502,0.006,35.816,26.152
2025-11-23 01:32:09,mlx5_4,4.723,0.006,36.786,29.322
2025-11-23 01:32:09,mlx5_5,4.629,0.006,35.465,25.210
2025-11-23 01:32:09,mlx5_6,4.700,0.006,36.542,28.659
2025-11-23 01:32:09,mlx5_7,0.000,0.000,0.000,0.000
2025-11-23 01:32:09,mlx5_8,4.687,0.006,35.925,26.973
2025-11-23 01:32:09,mlx5_9,4.854,0.006,37.319,30.128
2025-11-23 01:32:09,TOTAL,37.219,0.048,289.515,218.824
2025-11-23 01:32:10,mlx5_0,0.000,0.000,0.000,0.000
2025-11-23 01:32:10,mlx5_1,4.481,0.006,36.030,24.520
2025-11-23 01:32:10,mlx5_2,4.573,0.006,36.770,27.862
2025-11-23 01:32:10,mlx5_3,4.602,0.006,36.394,26.153
2025-11-23 01:32:10,mlx5_4,4.878,0.006,37.399,29.322
2025-11-23 01:32:10,mlx5_5,4.573,0.006,36.040,25.210
2025-11-23 01:32:10,mlx5_6,4.741,0.006,37.138,28.660
2025-11-23 01:32:10,mlx5_7,0.000,0.000,0.000,0.000
2025-11-23 01:32:10,mlx5_8,4.623,0.006,36.506,26.974
2025-11-23 01:32:10,mlx5_9,4.741,0.006,37.915,30.129
2025-11-23 01:32:10,TOTAL,37.212,0.048,294.191,218.830
2025-11-23 01:32:11,mlx5_0,0.000,0.000,0.000,0.000
2025-11-23 01:32:11,mlx5_1,0.000,0.000,36.030,24.520
2025-11-23 01:32:11,mlx5_2,0.000,0.000,36.770,27.862
2025-11-23 01:32:11,mlx5_3,0.000,0.000,36.394,26.153
2025-11-23 01:32:11,mlx5_4,0.000,0.000,37.399,29.322
2025-11-23 01:32:11,mlx5_5,0.000,0.000,36.040,25.210
2025-11-23 01:32:11,mlx5_6,0.000,0.000,37.138,28.660
2025-11-23 01:32:11,mlx5_7,0.000,0.000,0.000,0.000
2025-11-23 01:32:11,mlx5_8,0.000,0.000,36.506,26.974
2025-11-23 01:32:11,mlx5_9,0.000,0.000,37.915,30.129
2025-11-23 01:32:11,TOTAL,0.000,0.000,294.191,218.830
2025-11-23 01:32:12,mlx5_0,0.000,0.000,0.000,0.000
2025-11-23 01:32:12,mlx5_1,0.000,0.000,36.030,24.520
2025-11-23 01:32:12,mlx5_2,0.000,0.000,36.770,27.862
2025-11-23 01:32:12,mlx5_3,0.000,0.000,36.394,26.153
2025-11-23 01:32:12,mlx5_4,0.000,0.000,37.399,29.322
2025-11-23 01:32:12,mlx5_5,0.000,0.000,36.040,25.210
2025-11-23 01:32:12,mlx5_6,0.000,0.000,37.138,28.660
2025-11-23 01:32:12,mlx5_7,0.000,0.000,0.000,0.000
2025-11-23 01:32:12,mlx5_8,0.000,0.000,36.506,26.974
2025-11-23 01:32:12,mlx5_9,0.000,0.000,37.915,30.129
2025-11-23 01:32:12,TOTAL,0.000,0.000,294.191,218.830
2025-11-23 01:32:13,mlx5_0,0.000,0.000,0.000,0.000
2025-11-23 01:32:13,mlx5_1,4.546,0.006,36.602,24.521
2025-11-23 01:32:13,mlx5_2,4.688,0.006,37.359,27.862
2025-11-23 01:32:13,mlx5_3,4.580,0.006,36.970,26.153
2025-11-23 01:32:13,mlx5_4,4.832,0.006,38.006,29.323
2025-11-23 01:32:13,mlx5_5,4.411,0.006,36.594,25.211
2025-11-23 01:32:13,mlx5_6,4.731,0.006,37.732,28.661
2025-11-23 01:32:13,mlx5_7,0.000,0.000,0.000,0.000
2025-11-23 01:32:13,mlx5_8,4.574,0.006,37.081,26.974
2025-11-23 01:32:13,mlx5_9,4.836,0.006,38.523,30.130
2025-11-23 01:32:13,TOTAL,37.198,0.048,298.867,218.836
2025-11-23 01:32:14,mlx5_0,0.000,0.000,0.000,0.000
2025-11-23 01:32:14,mlx5_1,0.000,0.000,36.602,24.521
2025-11-23 01:32:14,mlx5_2,0.000,0.000,37.359,27.862
2025-11-23 01:32:14,mlx5_3,0.000,0.000,36.970,26.153
2025-11-23 01:32:14,mlx5_4,0.000,0.000,38.006,29.323
2025-11-23 01:32:14,mlx5_5,0.000,0.000,36.594,25.211
2025-11-23 01:32:14,mlx5_6,0.000,0.000,37.732,28.661
2025-11-23 01:32:14,mlx5_7,0.000,0.000,0.000,0.000
2025-11-23 01:32:14,mlx5_8,0.000,0.000,37.081,26.974
2025-11-23 01:32:14,mlx5_9,0.000,0.000,38.523,30.130
2025-11-23 01:32:14,TOTAL,0.000,0.000,298.867,218.836
2025-11-23 01:32:15,mlx5_0,0.000,0.000,0.000,0.000
2025-11-23 01:32:15,mlx5_1,4.646,4.970,37.185,25.145
2025-11-23 01:32:15,mlx5_2,4.807,5.859,37.963,28.598
2025-11-23 01:32:15,mlx5_3,4.612,5.424,37.549,26.835
2025-11-23 01:32:15,mlx5_4,4.745,5.810,38.602,30.053
2025-11-23 01:32:15,mlx5_5,4.496,5.171,37.159,25.861
2025-11-23 01:32:15,mlx5_6,4.667,5.632,38.319,29.368
2025-11-23 01:32:15,mlx5_7,0.000,0.000,0.000,0.000
2025-11-23 01:32:15,mlx5_8,4.593,5.522,37.658,27.668
2025-11-23 01:32:15,mlx5_9,4.744,6.026,39.119,30.887
2025-11-23 01:32:15,TOTAL,37.309,44.412,303.553,224.415
2025-11-23 01:32:16,mlx5_0,0.000,0.000,0.000,0.000
2025-11-23 01:32:16,mlx5_1,0.000,0.000,37.185,25.145
2025-11-23 01:32:16,mlx5_2,0.000,0.000,37.963,28.598
2025-11-23 01:32:16,mlx5_3,0.000,0.000,37.549,26.835
2025-11-23 01:32:16,mlx5_4,0.000,0.000,38.602,30.053
2025-11-23 01:32:16,mlx5_5,0.000,0.000,37.159,25.861
2025-11-23 01:32:16,mlx5_6,0.000,0.000,38.319,29.368
2025-11-23 01:32:16,mlx5_7,0.000,0.000,0.000,0.000
2025-11-23 01:32:16,mlx5_8,0.000,0.000,37.658,27.668
2025-11-23 01:32:16,mlx5_9,0.000,0.000,39.119,30.887
2025-11-23 01:32:16,TOTAL,0.000,0.000,303.553,224.415
2025-11-23 01:32:17,mlx5_0,0.000,0.000,0.000,0.000
2025-11-23 01:32:17,mlx5_1,4.466,0.006,37.746,25.146
2025-11-23 01:32:17,mlx5_2,4.646,0.006,38.546,28.599
2025-11-23 01:32:17,mlx5_3,4.484,0.006,38.112,26.836
2025-11-23 01:32:17,mlx5_4,4.643,0.006,39.186,30.054
2025-11-23 01:32:17,mlx5_5,4.436,0.006,37.716,25.861
2025-11-23 01:32:17,mlx5_6,4.663,0.006,38.904,29.369
2025-11-23 01:32:17,mlx5_7,0.000,0.000,0.000,0.000
2025-11-23 01:32:17,mlx5_8,4.510,0.006,38.224,27.669
2025-11-23 01:32:17,mlx5_9,4.578,0.006,39.694,30.888
2025-11-23 01:32:17,TOTAL,36.426,0.049,308.129,224.421
2025-11-23 01:32:18,mlx5_0,0.000,0.000,0.000,0.000
2025-11-23 01:32:18,mlx5_1,0.000,0.000,37.746,25.146
2025-11-23 01:32:18,mlx5_2,0.000,0.000,38.546,28.599
2025-11-23 01:32:18,mlx5_3,0.000,0.000,38.112,26.836
2025-11-23 01:32:18,mlx5_4,0.000,0.000,39.186,30.054
2025-11-23 01:32:18,mlx5_5,0.000,0.000,37.716,25.861
2025-11-23 01:32:18,mlx5_6,0.000,0.000,38.904,29.369
2025-11-23 01:32:18,mlx5_7,0.000,0.000,0.000,0.000
2025-11-23 01:32:18,mlx5_8,0.000,0.000,38.224,27.669
2025-11-23 01:32:18,mlx5_9,0.000,0.000,39.694,30.888
2025-11-23 01:32:18,TOTAL,0.000,0.000,308.129,224.421
2025-11-23 01:32:19,mlx5_0,0.000,0.000,0.000,0.000
2025-11-23 01:32:19,mlx5_1,4.507,0.006,38.312,25.147
2025-11-23 01:32:19,mlx5_2,4.819,0.006,39.152,28.600
2025-11-23 01:32:19,mlx5_3,4.506,0.006,38.678,26.836
2025-11-23 01:32:19,mlx5_4,4.893,0.006,39.800,30.054
2025-11-23 01:32:19,mlx5_5,4.425,0.006,38.272,25.862
2025-11-23 01:32:19,mlx5_6,4.666,0.006,39.491,29.370
2025-11-23 01:32:19,mlx5_7,0.000,0.000,0.000,0.000
2025-11-23 01:32:19,mlx5_8,4.658,0.006,38.809,27.669
2025-11-23 01:32:19,mlx5_9,4.748,0.006,40.290,30.888
2025-11-23 01:32:19,TOTAL,37.222,0.049,312.805,224.427
2025-11-23 01:32:20,mlx5_0,0.000,0.000,0.000,0.000
2025-11-23 01:32:20,mlx5_1,1.313,0.002,38.477,25.147
2025-11-23 01:32:20,mlx5_2,1.454,0.002,39.334,28.600
2025-11-23 01:32:20,mlx5_3,1.356,0.002,38.849,26.837
2025-11-23 01:32:20,mlx5_4,1.443,0.002,39.982,30.055
2025-11-23 01:32:20,mlx5_5,1.541,0.002,38.466,25.862
2025-11-23 01:32:20,mlx5_6,1.575,0.002,39.689,29.370
2025-11-23 01:32:20,mlx5_7,0.000,0.000,0.000,0.000
2025-11-23 01:32:20,mlx5_8,1.673,0.002,39.019,27.670
2025-11-23 01:32:20,mlx5_9,1.718,0.002,40.506,30.889
2025-11-23 01:32:20,TOTAL,12.074,0.016,314.322,224.429
2025-11-23 01:32:21,mlx5_0,0.000,0.000,0.000,0.000
2025-11-23 01:32:21,mlx5_1,3.175,0.004,38.877,25.148
2025-11-23 01:32:21,mlx5_2,3.131,0.004,39.729,28.601
2025-11-23 01:32:21,mlx5_3,3.241,0.004,39.257,26.837
2025-11-23 01:32:21,mlx5_4,3.255,0.004,40.391,30.055
2025-11-23 01:32:21,mlx5_5,3.020,0.004,38.846,25.863
2025-11-23 01:32:21,mlx5_6,3.118,0.004,40.081,29.370
2025-11-23 01:32:21,mlx5_7,0.000,0.000,0.000,0.000
2025-11-23 01:32:21,mlx5_8,3.012,0.004,39.398,27.670
2025-11-23 01:32:21,mlx5_9,3.149,0.004,40.902,30.889
2025-11-23 01:32:21,TOTAL,25.100,0.032,317.481,224.433
2025-11-23 01:32:22,mlx5_0,0.000,0.000,0.000,0.000
2025-11-23 01:32:22,mlx5_1,0.000,0.000,38.877,25.148
2025-11-23 01:32:22,mlx5_2,0.000,0.000,39.729,28.601
2025-11-23 01:32:22,mlx5_3,0.000,0.000,39.257,26.837
2025-11-23 01:32:22,mlx5_4,0.000,0.000,40.391,30.055
2025-11-23 01:32:22,mlx5_5,0.000,0.000,38.846,25.863
2025-11-23 01:32:22,mlx5_6,0.000,0.000,40.081,29.370
2025-11-23 01:32:22,mlx5_7,0.000,0.000,0.000,0.000
2025-11-23 01:32:22,mlx5_8,0.000,0.000,39.398,27.670
2025-11-23 01:32:22,mlx5_9,0.000,0.000,40.902,30.889
2025-11-23 01:32:22,TOTAL,0.000,0.000,317.481,224.433
2025-11-23 01:32:23,mlx5_0,0.000,0.000,0.000,0.000
2025-11-23 01:32:23,mlx5_1,4.474,0.006,39.439,25.148
2025-11-23 01:32:23,mlx5_2,4.725,0.006,40.322,28.601
2025-11-23 01:32:23,mlx5_3,4.687,0.006,39.846,26.838
2025-11-23 01:32:23,mlx5_4,4.837,0.006,40.999,30.056
2025-11-23 01:32:23,mlx5_5,4.327,0.006,39.390,25.864
2025-11-23 01:32:23,mlx5_6,4.774,0.006,40.681,29.371
2025-11-23 01:32:23,mlx5_7,0.000,0.000,0.000,0.000
2025-11-23 01:32:23,mlx5_8,4.598,0.006,39.976,27.671
2025-11-23 01:32:23,mlx5_9,4.794,0.006,41.505,30.890
2025-11-23 01:32:23,TOTAL,37.215,0.048,322.157,224.439
2025-11-23 01:32:24,mlx5_0,0.000,0.000,0.000,0.000
2025-11-23 01:32:24,mlx5_1,0.000,0.000,39.439,25.148
2025-11-23 01:32:24,mlx5_2,0.000,0.000,40.322,28.601
2025-11-23 01:32:24,mlx5_3,0.000,0.000,39.846,26.838
2025-11-23 01:32:24,mlx5_4,0.000,0.000,40.999,30.056
2025-11-23 01:32:24,mlx5_5,0.000,0.000,39.390,25.864
2025-11-23 01:32:24,mlx5_6,0.000,0.000,40.681,29.371
2025-11-23 01:32:24,mlx5_7,0.000,0.000,0.000,0.000
2025-11-23 01:32:24,mlx5_8,0.000,0.000,39.976,27.671
2025-11-23 01:32:24,mlx5_9,0.000,0.000,41.505,30.890
2025-11-23 01:32:24,TOTAL,0.000,0.000,322.157,224.439
2025-11-23 01:32:25,mlx5_0,0.000,0.000,0.000,0.000
2025-11-23 01:32:25,mlx5_1,4.616,4.973,40.019,25.773
2025-11-23 01:32:25,mlx5_2,4.622,5.652,40.902,29.311
2025-11-23 01:32:25,mlx5_3,4.459,5.364,40.405,27.511
2025-11-23 01:32:25,mlx5_4,4.904,6.047,41.615,30.815
2025-11-23 01:32:25,mlx5_5,4.453,5.028,39.949,26.495
2025-11-23 01:32:25,mlx5_6,4.768,6.037,41.279,30.129
2025-11-23 01:32:25,mlx5_7,0.000,0.000,0.000,0.000
2025-11-23 01:32:25,mlx5_8,4.440,5.387,40.534,28.347
2025-11-23 01:32:25,mlx5_9,5.065,5.947,42.141,31.637
2025-11-23 01:32:25,TOTAL,37.328,44.436,326.844,230.018
2025-11-23 01:32:26,mlx5_0,0.000,0.000,0.000,0.000
2025-11-23 01:32:26,mlx5_1,0.000,0.000,40.019,25.773
2025-11-23 01:32:26,mlx5_2,0.000,0.000,40.902,29.311
2025-11-23 01:32:26,mlx5_3,0.000,0.000,40.405,27.511
2025-11-23 01:32:26,mlx5_4,0.000,0.000,41.615,30.815
2025-11-23 01:32:26,mlx5_5,0.000,0.000,39.949,26.495
2025-11-23 01:32:26,mlx5_6,0.000,0.000,41.279,30.129
2025-11-23 01:32:26,mlx5_7,0.000,0.000,0.000,0.000
2025-11-23 01:32:26,mlx5_8,0.000,0.000,40.534,28.347
2025-11-23 01:32:26,mlx5_9,0.000,0.000,42.141,31.637
2025-11-23 01:32:26,TOTAL,0.000,0.000,326.844,230.018
2025-11-23 01:32:27,mlx5_0,0.000,0.000,0.000,0.000
2025-11-23 01:32:27,mlx5_1,4.541,0.006,40.589,25.774
2025-11-23 01:32:27,mlx5_2,4.552,0.006,41.474,29.312
2025-11-23 01:32:27,mlx5_3,4.501,0.006,40.970,27.512
2025-11-23 01:32:27,mlx5_4,4.525,0.006,42.183,30.816
2025-11-23 01:32:27,mlx5_5,4.488,0.006,40.512,26.496
2025-11-23 01:32:27,mlx5_6,4.521,0.006,41.847,30.130
2025-11-23 01:32:27,mlx5_7,0.000,0.000,0.000,0.000
2025-11-23 01:32:27,mlx5_8,4.546,0.006,41.104,28.348
2025-11-23 01:32:27,mlx5_9,4.786,0.006,42.741,31.637
2025-11-23 01:32:27,TOTAL,36.460,0.049,331.420,230.024
2025-11-23 01:32:28,mlx5_0,0.000,0.000,0.000,0.000
2025-11-23 01:32:28,mlx5_1,0.000,0.000,40.589,25.774
2025-11-23 01:32:28,mlx5_2,0.000,0.000,41.474,29.312
2025-11-23 01:32:28,mlx5_3,0.000,0.000,40.970,27.512
2025-11-23 01:32:28,mlx5_4,0.000,0.000,42.183,30.816
2025-11-23 01:32:28,mlx5_5,0.000,0.000,40.512,26.496
2025-11-23 01:32:28,mlx5_6,0.000,0.000,41.847,30.130
2025-11-23 01:32:28,mlx5_7,0.000,0.000,0.000,0.000
2025-11-23 01:32:28,mlx5_8,0.000,0.000,41.104,28.348
2025-11-23 01:32:28,mlx5_9,0.000,0.000,42.741,31.637
2025-11-23 01:32:28,TOTAL,0.000,0.000,331.420,230.024
2025-11-23 01:32:29,mlx5_0,0.000,0.000,0.000,0.000
2025-11-23 01:32:29,mlx5_1,4.597,0.006,41.166,25.774
2025-11-23 01:32:29,mlx5_2,4.826,0.006,42.080,29.313
2025-11-23 01:32:29,mlx5_3,4.503,0.006,41.536,27.513
2025-11-23 01:32:29,mlx5_4,4.844,0.006,42.791,30.817
2025-11-23 01:32:29,mlx5_5,4.531,0.006,41.081,26.496
2025-11-23 01:32:29,mlx5_6,4.593,0.006,42.424,30.131
2025-11-23 01:32:29,mlx5_7,0.000,0.000,0.000,0.000
2025-11-23 01:32:29,mlx5_8,4.527,0.006,41.673,28.349
2025-11-23 01:32:29,mlx5_9,4.801,0.006,43.344,31.638
2025-11-23 01:32:29,TOTAL,37.222,0.048,336.096,230.030
2025-11-23 01:32:30,mlx5_0,0.000,0.000,0.000,0.000
2025-11-23 01:32:30,mlx5_1,0.000,0.000,41.166,25.774
2025-11-23 01:32:30,mlx5_2,0.000,0.000,42.080,29.313
2025-11-23 01:32:30,mlx5_3,0.000,0.000,41.536,27.513
2025-11-23 01:32:30,mlx5_4,0.000,0.000,42.791,30.817
2025-11-23 01:32:30,mlx5_5,0.000,0.000,41.081,26.496
2025-11-23 01:32:30,mlx5_6,0.000,0.000,42.424,30.131
2025-11-23 01:32:30,mlx5_7,0.000,0.000,0.000,0.000
2025-11-23 01:32:30,mlx5_8,0.000,0.000,41.673,28.349
2025-11-23 01:32:30,mlx5_9,0.000,0.000,43.344,31.638
2025-11-23 01:32:30,TOTAL,0.000,0.000,336.096,230.030
2025-11-23 01:32:31,mlx5_0,0.000,0.000,0.000,0.000
2025-11-23 01:32:31,mlx5_1,4.558,0.006,41.739,25.775
2025-11-23 01:32:31,mlx5_2,4.711,0.006,42.672,29.313
2025-11-23 01:32:31,mlx5_3,4.482,0.006,42.099,27.513
2025-11-23 01:32:31,mlx5_4,4.762,0.006,43.390,30.818
2025-11-23 01:32:31,mlx5_5,4.671,0.006,41.668,26.497
2025-11-23 01:32:31,mlx5_6,4.743,0.006,43.020,30.131
2025-11-23 01:32:31,mlx5_7,0.000,0.000,0.000,0.000
2025-11-23 01:32:31,mlx5_8,4.532,0.006,42.242,28.350
2025-11-23 01:32:31,mlx5_9,4.767,0.006,43.943,31.639
2025-11-23 01:32:31,TOTAL,37.225,0.049,340.772,230.036
2025-11-23 01:32:32,mlx5_0,0.000,0.000,0.000,0.000
2025-11-23 01:32:32,mlx5_1,0.000,0.000,41.739,25.775
2025-11-23 01:32:32,mlx5_2,0.000,0.000,42.672,29.313
2025-11-23 01:32:32,mlx5_3,0.000,0.000,42.099,27.513
2025-11-23 01:32:32,mlx5_4,0.000,0.000,43.390,30.818
2025-11-23 01:32:32,mlx5_5,0.000,0.000,41.668,26.497
2025-11-23 01:32:32,mlx5_6,0.000,0.000,43.020,30.131
2025-11-23 01:32:32,mlx5_7,0.000,0.000,0.000,0.000
2025-11-23 01:32:32,mlx5_8,0.000,0.000,42.242,28.350
2025-11-23 01:32:32,mlx5_9,0.000,0.000,43.943,31.639
2025-11-23 01:32:32,TOTAL,0.000,0.000,340.772,230.036
2025-11-23 01:32:33,mlx5_0,0.000,0.000,0.000,0.000
2025-11-23 01:32:33,mlx5_1,4.467,0.006,42.300,25.776
2025-11-23 01:32:33,mlx5_2,4.542,0.006,43.242,29.314
2025-11-23 01:32:33,mlx5_3,4.706,0.006,42.690,27.514
2025-11-23 01:32:33,mlx5_4,4.768,0.006,43.989,30.818
2025-11-23 01:32:33,mlx5_5,4.597,0.006,42.245,26.498
2025-11-23 01:32:33,mlx5_6,4.753,0.006,43.617,30.132
2025-11-23 01:32:33,mlx5_7,0.000,0.000,0.000,0.000
2025-11-23 01:32:33,mlx5_8,4.644,0.006,42.825,28.350
2025-11-23 01:32:33,mlx5_9,4.746,0.006,44.539,31.640
2025-11-23 01:32:33,TOTAL,37.224,0.048,345.448,230.042
2025-11-23 01:32:34,mlx5_0,0.000,0.000,0.000,0.000
2025-11-23 01:32:34,mlx5_1,0.000,0.000,42.300,25.776
2025-11-23 01:32:34,mlx5_2,0.000,0.000,43.242,29.314
2025-11-23 01:32:34,mlx5_3,0.000,0.000,42.690,27.514
2025-11-23 01:32:34,mlx5_4,0.000,0.000,43.989,30.818
2025-11-23 01:32:34,mlx5_5,0.000,0.000,42.245,26.498
2025-11-23 01:32:34,mlx5_6,0.000,0.000,43.617,30.132
2025-11-23 01:32:34,mlx5_7,0.000,0.000,0.000,0.000
2025-11-23 01:32:34,mlx5_8,0.000,0.000,42.825,28.350
2025-11-23 01:32:34,mlx5_9,0.000,0.000,44.539,31.640
2025-11-23 01:32:34,TOTAL,0.000,0.000,345.448,230.042
2025-11-23 01:32:35,mlx5_0,0.000,0.000,0.000,0.000
2025-11-23 01:32:35,mlx5_1,3.066,0.004,42.685,25.776
2025-11-23 01:32:35,mlx5_2,3.302,0.004,43.657,29.315
2025-11-23 01:32:35,mlx5_3,3.332,0.004,43.109,27.515
2025-11-23 01:32:35,mlx5_4,3.383,0.004,44.414,30.819
2025-11-23 01:32:35,mlx5_5,3.296,0.004,42.659,26.498
2025-11-23 01:32:35,mlx5_6,3.412,0.004,44.045,30.133
2025-11-23 01:32:35,mlx5_7,0.000,0.000,0.000,0.000
2025-11-23 01:32:35,mlx5_8,3.552,0.004,43.272,28.351
2025-11-23 01:32:35,mlx5_9,3.539,0.005,44.984,31.640
2025-11-23 01:32:35,TOTAL,26.883,0.035,348.825,230.047
2025-11-23 01:32:36,mlx5_0,0.000,0.000,0.000,0.000
2025-11-23 01:32:36,mlx5_1,1.415,4.978,42.863,26.402
2025-11-23 01:32:36,mlx5_2,1.373,5.602,43.830,30.019
2025-11-23 01:32:36,mlx5_3,1.311,5.233,43.273,28.173
2025-11-23 01:32:36,mlx5_4,1.396,5.806,44.589,31.549
2025-11-23 01:32:36,mlx5_5,1.279,4.992,42.820,27.126
2025-11-23 01:32:36,mlx5_6,1.194,5.967,44.195,30.883
2025-11-23 01:32:36,mlx5_7,0.000,0.000,0.000,0.000
2025-11-23 01:32:36,mlx5_8,1.281,5.552,43.433,29.049
2025-11-23 01:32:36,mlx5_9,1.170,6.220,45.131,32.422
2025-11-23 01:32:36,TOTAL,10.421,44.350,350.135,235.621
2025-11-23 01:32:37,mlx5_0,0.000,0.000,0.000,0.000
2025-11-23 01:32:37,mlx5_1,1.820,0.003,43.091,26.402
2025-11-23 01:32:37,mlx5_2,1.656,0.002,44.038,30.019
2025-11-23 01:32:37,mlx5_3,1.758,0.002,43.494,28.173
2025-11-23 01:32:37,mlx5_4,1.787,0.002,44.814,31.549
2025-11-23 01:32:37,mlx5_5,1.776,0.002,43.043,27.126
2025-11-23 01:32:37,mlx5_6,1.865,0.003,44.430,30.883
2025-11-23 01:32:37,mlx5_7,0.000,0.000,0.000,0.000
2025-11-23 01:32:37,mlx5_8,2.010,0.003,43.685,29.049
2025-11-23 01:32:37,mlx5_9,2.246,0.003,45.413,32.423
2025-11-23 01:32:37,TOTAL,14.917,0.021,352.009,235.624
2025-11-23 01:32:38,mlx5_0,0.000,0.000,0.000,0.000
2025-11-23 01:32:38,mlx5_1,3.103,0.004,43.482,26.403
2025-11-23 01:32:38,mlx5_2,3.105,0.004,44.429,30.020
2025-11-23 01:32:38,mlx5_3,3.099,0.004,43.884,28.173
2025-11-23 01:32:38,mlx5_4,3.243,0.004,45.222,31.549
2025-11-23 01:32:38,mlx5_5,2.990,0.004,43.420,27.126
2025-11-23 01:32:38,mlx5_6,2.916,0.004,44.797,30.884
2025-11-23 01:32:38,mlx5_7,0.000,0.000,0.000,0.000
2025-11-23 01:32:38,mlx5_8,2.704,0.003,44.026,29.049
2025-11-23 01:32:38,mlx5_9,2.619,0.004,45.743,32.423
2025-11-23 01:32:38,TOTAL,23.780,0.030,355.003,235.628
2025-11-23 01:32:39,mlx5_0,0.000,0.000,0.000,0.000
2025-11-23 01:32:39,mlx5_1,4.413,0.006,44.036,26.404
2025-11-23 01:32:39,mlx5_2,4.696,0.006,45.019,30.020
2025-11-23 01:32:39,mlx5_3,4.586,0.006,44.461,28.174
2025-11-23 01:32:39,mlx5_4,4.795,0.006,45.824,31.550
2025-11-23 01:32:39,mlx5_5,4.503,0.006,43.986,27.127
2025-11-23 01:32:39,mlx5_6,4.779,0.006,45.397,30.884
2025-11-23 01:32:39,mlx5_7,0.000,0.000,0.000,0.000
2025-11-23 01:32:39,mlx5_8,4.625,0.006,44.607,29.050
2025-11-23 01:32:39,mlx5_9,4.819,0.006,46.349,32.424
2025-11-23 01:32:39,TOTAL,37.215,0.049,359.679,235.634
2025-11-23 01:32:40,mlx5_0,0.000,0.000,0.000,0.000
2025-11-23 01:32:40,mlx5_1,0.000,0.000,44.036,26.404
2025-11-23 01:32:40,mlx5_2,0.000,0.000,45.019,30.020
2025-11-23 01:32:40,mlx5_3,0.000,0.000,44.461,28.174
2025-11-23 01:32:40,mlx5_4,0.000,0.000,45.824,31.550
2025-11-23 01:32:40,mlx5_5,0.000,0.000,43.986,27.127
2025-11-23 01:32:40,mlx5_6,0.000,0.000,45.397,30.884
2025-11-23 01:32:40,mlx5_7,0.000,0.000,0.000,0.000
2025-11-23 01:32:40,mlx5_8,0.000,0.000,44.607,29.050
2025-11-23 01:32:40,mlx5_9,0.000,0.000,46.349,32.424
2025-11-23 01:32:40,TOTAL,0.000,0.000,359.679,235.634
2025-11-23 01:32:41,mlx5_0,0.000,0.000,0.000,0.000
2025-11-23 01:32:41,mlx5_1,4.451,0.006,44.595,26.404
2025-11-23 01:32:41,mlx5_2,4.669,0.006,45.605,30.021
2025-11-23 01:32:41,mlx5_3,4.536,0.006,45.030,28.175
2025-11-23 01:32:41,mlx5_4,4.881,0.006,46.437,31.551
2025-11-23 01:32:41,mlx5_5,4.691,0.006,44.574,27.128
2025-11-23 01:32:41,mlx5_6,4.718,0.006,45.990,30.885
2025-11-23 01:32:41,mlx5_7,0.000,0.000,0.000,0.000
2025-11-23 01:32:41,mlx5_8,4.657,0.006,45.191,29.051
2025-11-23 01:32:41,mlx5_9,4.652,0.006,46.932,32.425
2025-11-23 01:32:41,TOTAL,37.255,0.048,364.355,235.640
2025-11-23 01:32:42,mlx5_0,0.000,0.000,0.000,0.000
2025-11-23 01:32:42,mlx5_1,0.000,0.000,44.595,26.404
2025-11-23 01:32:42,mlx5_2,0.000,0.000,45.605,30.021
2025-11-23 01:32:42,mlx5_3,0.000,0.000,45.030,28.175
2025-11-23 01:32:42,mlx5_4,0.000,0.000,46.437,31.551
2025-11-23 01:32:42,mlx5_5,0.000,0.000,44.574,27.128
2025-11-23 01:32:42,mlx5_6,0.000,0.000,45.990,30.885
2025-11-23 01:32:42,mlx5_7,0.000,0.000,0.000,0.000
2025-11-23 01:32:42,mlx5_8,0.000,0.000,45.191,29.051
2025-11-23 01:32:42,mlx5_9,0.000,0.000,46.932,32.425
2025-11-23 01:32:42,TOTAL,0.000,0.000,364.355,235.640
2025-11-23 01:32:43,mlx5_0,0.000,0.000,0.000,0.000
2025-11-23 01:32:43,mlx5_1,4.568,0.006,45.169,26.405
2025-11-23 01:32:43,mlx5_2,4.573,0.006,46.179,30.022
2025-11-23 01:32:43,mlx5_3,4.624,0.006,45.610,28.176
2025-11-23 01:32:43,mlx5_4,4.762,0.006,47.035,31.552
2025-11-23 01:32:43,mlx5_5,4.571,0.006,45.148,27.129
2025-11-23 01:32:43,mlx5_6,4.722,0.006,46.582,30.886
2025-11-23 01:32:43,mlx5_7,0.000,0.000,0.000,0.000
2025-11-23 01:32:43,mlx5_8,4.653,0.006,45.775,29.052
2025-11-23 01:32:43,mlx5_9,4.780,0.006,47.532,32.425
2025-11-23 01:32:43,TOTAL,37.254,0.048,369.031,235.646
2025-11-23 01:32:44,mlx5_0,0.000,0.000,0.000,0.000
2025-11-23 01:32:44,mlx5_1,0.000,0.000,45.169,26.405
2025-11-23 01:32:44,mlx5_2,0.000,0.000,46.179,30.022
2025-11-23 01:32:44,mlx5_3,0.000,0.000,45.610,28.176
2025-11-23 01:32:44,mlx5_4,0.000,0.000,47.035,31.552
2025-11-23 01:32:44,mlx5_5,0.000,0.000,45.148,27.129
2025-11-23 01:32:44,mlx5_6,0.000,0.000,46.582,30.886
2025-11-23 01:32:44,mlx5_7,0.000,0.000,0.000,0.000
2025-11-23 01:32:44,mlx5_8,0.000,0.000,45.775,29.052
2025-11-23 01:32:44,mlx5_9,0.000,0.000,47.532,32.425
2025-11-23 01:32:44,TOTAL,0.000,0.000,369.031,235.646
2025-11-23 01:32:45,mlx5_0,0.000,0.000,0.000,0.000
2025-11-23 01:32:45,mlx5_1,0.000,0.000,45.169,26.405
2025-11-23 01:32:45,mlx5_2,0.000,0.000,46.179,30.022
2025-11-23 01:32:45,mlx5_3,0.000,0.000,45.610,28.176
2025-11-23 01:32:45,mlx5_4,0.000,0.000,47.035,31.552
2025-11-23 01:32:45,mlx5_5,0.000,0.000,45.148,27.129
2025-11-23 01:32:45,mlx5_6,0.000,0.000,46.582,30.886
2025-11-23 01:32:45,mlx5_7,0.000,0.000,0.000,0.000
2025-11-23 01:32:45,mlx5_8,0.000,0.000,45.775,29.052
2025-11-23 01:32:45,mlx5_9,0.000,0.000,47.532,32.425
2025-11-23 01:32:45,TOTAL,0.000,0.000,369.031,235.646
2025-11-23 01:32:46,mlx5_0,0.000,0.000,0.000,0.000
2025-11-23 01:32:46,mlx5_1,4.542,4.727,45.739,26.999
2025-11-23 01:32:46,mlx5_2,4.668,5.547,46.765,30.719
2025-11-23 01:32:46,mlx5_3,4.666,5.199,46.196,28.828
2025-11-23 01:32:46,mlx5_4,4.640,6.207,47.617,32.331
2025-11-23 01:32:46,mlx5_5,4.732,4.919,45.742,27.746
2025-11-23 01:32:46,mlx5_6,4.704,6.253,47.173,31.671
2025-11-23 01:32:46,mlx5_7,0.000,0.000,0.000,0.000
2025-11-23 01:32:46,mlx5_8,4.660,5.282,46.360,29.715
2025-11-23 01:32:46,mlx5_9,4.700,6.285,48.123,33.215
2025-11-23 01:32:46,TOTAL,37.312,44.420,373.717,241.224
2025-11-23 01:32:47,mlx5_0,0.000,0.000,0.000,0.000
2025-11-23 01:32:47,mlx5_1,0.000,0.000,45.739,26.999
2025-11-23 01:32:47,mlx5_2,0.000,0.000,46.765,30.719
2025-11-23 01:32:47,mlx5_3,0.000,0.000,46.196,28.828
2025-11-23 01:32:47,mlx5_4,0.000,0.000,47.617,32.331
2025-11-23 01:32:47,mlx5_5,0.000,0.000,45.742,27.746
2025-11-23 01:32:47,mlx5_6,0.000,0.000,47.173,31.671
2025-11-23 01:32:47,mlx5_7,0.000,0.000,0.000,0.000
2025-11-23 01:32:47,mlx5_8,0.000,0.000,46.360,29.715
2025-11-23 01:32:47,mlx5_9,0.000,0.000,48.123,33.215
2025-11-23 01:32:47,TOTAL,0.000,0.000,373.717,241.224
2025-11-23 01:32:48,mlx5_0,0.000,0.000,0.000,0.000
2025-11-23 01:32:48,mlx5_1,4.547,0.006,46.310,27.000
2025-11-23 01:32:48,mlx5_2,4.543,0.006,47.336,30.719
2025-11-23 01:32:48,mlx5_3,4.542,0.006,46.767,28.829
2025-11-23 01:32:48,mlx5_4,4.609,0.006,48.196,32.332
2025-11-23 01:32:48,mlx5_5,4.459,0.006,46.303,27.747
2025-11-23 01:32:48,mlx5_6,4.546,0.006,47.744,31.672
2025-11-23 01:32:48,mlx5_7,0.000,0.000,0.000,0.000
2025-11-23 01:32:48,mlx5_8,4.523,0.006,46.929,29.716
2025-11-23 01:32:48,mlx5_9,4.656,0.006,48.708,33.216
2025-11-23 01:32:48,TOTAL,36.425,0.049,378.293,241.230
2025-11-23 01:32:49,mlx5_0,0.000,0.000,0.000,0.000
2025-11-23 01:32:49,mlx5_1,4.513,0.006,46.877,27.000
2025-11-23 01:32:49,mlx5_2,4.609,0.006,47.915,30.720
2025-11-23 01:32:49,mlx5_3,4.463,0.006,47.328,28.830
2025-11-23 01:32:49,mlx5_4,4.903,0.006,48.813,32.333
2025-11-23 01:32:49,mlx5_5,4.543,0.006,46.873,27.748
2025-11-23 01:32:49,mlx5_6,4.689,0.006,48.333,31.673
2025-11-23 01:32:49,mlx5_7,0.000,0.000,0.000,0.000
2025-11-23 01:32:49,mlx5_8,4.533,0.006,47.498,29.716
2025-11-23 01:32:49,mlx5_9,4.962,0.006,49.331,33.216
2025-11-23 01:32:49,TOTAL,37.214,0.048,382.969,241.237
2025-11-23 01:32:50,mlx5_0,0.000,0.000,0.000,0.000
2025-11-23 01:32:50,mlx5_1,0.000,0.000,46.877,27.000
2025-11-23 01:32:50,mlx5_2,0.000,0.000,47.915,30.720
2025-11-23 01:32:50,mlx5_3,0.000,0.000,47.328,28.830
2025-11-23 01:32:50,mlx5_4,0.000,0.000,48.813,32.333
2025-11-23 01:32:50,mlx5_5,0.000,0.000,46.873,27.748
2025-11-23 01:32:50,mlx5_6,0.000,0.000,48.333,31.673
2025-11-23 01:32:50,mlx5_7,0.000,0.000,0.000,0.000
2025-11-23 01:32:50,mlx5_8,0.000,0.000,47.498,29.716
2025-11-23 01:32:50,mlx5_9,0.000,0.000,49.331,33.216
2025-11-23 01:32:50,TOTAL,0.000,0.000,382.969,241.237
2025-11-23 01:32:51,mlx5_0,0.000,0.000,0.000,0.000
2025-11-23 01:32:51,mlx5_1,4.509,0.006,47.444,27.001
2025-11-23 01:32:51,mlx5_2,4.695,0.006,48.505,30.721
2025-11-23 01:32:51,mlx5_3,4.650,0.006,47.912,28.831
2025-11-23 01:32:51,mlx5_4,4.719,0.006,49.405,32.334
2025-11-23 01:32:51,mlx5_5,4.663,0.006,47.459,27.749
2025-11-23 01:32:51,mlx5_6,4.658,0.006,48.918,31.673
2025-11-23 01:32:51,mlx5_7,0.000,0.000,0.000,0.000
2025-11-23 01:32:51,mlx5_8,4.682,0.006,48.086,29.717
2025-11-23 01:32:51,mlx5_9,4.648,0.006,49.915,33.217
2025-11-23 01:32:51,TOTAL,37.224,0.049,387.645,241.243
2025-11-23 01:32:52,mlx5_0,0.000,0.000,0.000,0.000
2025-11-23 01:32:52,mlx5_1,0.000,0.000,47.444,27.001
2025-11-23 01:32:52,mlx5_2,0.000,0.000,48.505,30.721
2025-11-23 01:32:52,mlx5_3,0.000,0.000,47.912,28.831
2025-11-23 01:32:52,mlx5_4,0.000,0.000,49.405,32.334
2025-11-23 01:32:52,mlx5_5,0.000,0.000,47.459,27.749
2025-11-23 01:32:52,mlx5_6,0.000,0.000,48.918,31.673
2025-11-23 01:32:52,mlx5_7,0.000,0.000,0.000,0.000
2025-11-23 01:32:52,mlx5_8,0.000,0.000,48.086,29.717
2025-11-23 01:32:52,mlx5_9,0.000,0.000,49.915,33.217
2025-11-23 01:32:52,TOTAL,0.000,0.000,387.645,241.243
2025-11-23 01:32:53,mlx5_0,0.000,0.000,0.000,0.000
2025-11-23 01:32:53,mlx5_1,0.000,0.000,47.444,27.001
2025-11-23 01:32:53,mlx5_2,0.000,0.000,48.505,30.721
2025-11-23 01:32:53,mlx5_3,0.000,0.000,47.912,28.831
2025-11-23 01:32:53,mlx5_4,0.000,0.000,49.405,32.334
2025-11-23 01:32:53,mlx5_5,0.000,0.000,47.459,27.749
2025-11-23 01:32:53,mlx5_6,0.000,0.000,48.918,31.673
2025-11-23 01:32:53,mlx5_7,0.000,0.000,0.000,0.000
2025-11-23 01:32:53,mlx5_8,0.000,0.000,48.086,29.717
2025-11-23 01:32:53,mlx5_9,0.000,0.000,49.915,33.217
2025-11-23 01:32:53,TOTAL,0.000,0.000,387.645,241.243
2025-11-23 01:32:54,mlx5_0,0.000,0.000,0.000,0.000
2025-11-23 01:32:54,mlx5_1,4.576,0.006,48.019,27.002
2025-11-23 01:32:54,mlx5_2,4.734,0.006,49.099,30.722
2025-11-23 01:32:54,mlx5_3,4.631,0.006,48.493,28.831
2025-11-23 01:32:54,mlx5_4,4.742,0.006,50.001,32.334
2025-11-23 01:32:54,mlx5_5,4.509,0.006,48.025,27.749
2025-11-23 01:32:54,mlx5_6,4.571,0.006,49.492,31.674
2025-11-23 01:32:54,mlx5_7,0.000,0.000,0.000,0.000
2025-11-23 01:32:54,mlx5_8,4.692,0.006,48.676,29.718
2025-11-23 01:32:54,mlx5_9,4.772,0.006,50.514,33.218
2025-11-23 01:32:54,TOTAL,37.228,0.049,392.320,241.249
2025-11-23 01:32:55,mlx5_0,0.000,0.000,0.000,0.000
2025-11-23 01:32:55,mlx5_1,0.000,0.000,48.019,27.002
2025-11-23 01:32:55,mlx5_2,0.000,0.000,49.099,30.722
2025-11-23 01:32:55,mlx5_3,0.000,0.000,48.493,28.831
2025-11-23 01:32:55,mlx5_4,0.000,0.000,50.001,32.334
2025-11-23 01:32:55,mlx5_5,0.000,0.000,48.025,27.749
2025-11-23 01:32:55,mlx5_6,0.000,0.000,49.492,31.674
2025-11-23 01:32:55,mlx5_7,0.000,0.000,0.000,0.000
2025-11-23 01:32:55,mlx5_8,0.000,0.000,48.676,29.718
2025-11-23 01:32:55,mlx5_9,0.000,0.000,50.514,33.218
2025-11-23 01:32:55,TOTAL,0.000,0.000,392.320,241.249
2025-11-23 01:32:56,mlx5_0,0.000,0.000,0.000,0.000
2025-11-23 01:32:56,mlx5_1,4.397,4.987,48.571,27.628
2025-11-23 01:32:56,mlx5_2,4.853,5.635,49.709,31.430
2025-11-23 01:32:56,mlx5_3,4.545,5.490,49.064,29.521
2025-11-23 01:32:56,mlx5_4,4.952,5.773,50.623,33.060
2025-11-23 01:32:56,mlx5_5,4.328,5.185,48.569,28.401
2025-11-23 01:32:56,mlx5_6,4.771,5.492,50.092,32.364
2025-11-23 01:32:56,mlx5_7,0.000,0.000,0.000,0.000
2025-11-23 01:32:56,mlx5_8,4.629,5.586,49.257,30.420
2025-11-23 01:32:56,mlx5_9,4.828,6.257,51.121,34.004
2025-11-23 01:32:56,TOTAL,37.303,44.406,397.007,246.827
2025-11-23 01:32:57,mlx5_0,0.000,0.000,0.000,0.000
2025-11-23 01:32:57,mlx5_1,0.000,0.000,48.571,27.628
2025-11-23 01:32:57,mlx5_2,0.000,0.000,49.709,31.430
2025-11-23 01:32:57,mlx5_3,0.000,0.000,49.064,29.521
2025-11-23 01:32:57,mlx5_4,0.000,0.000,50.623,33.060
2025-11-23 01:32:57,mlx5_5,0.000,0.000,48.569,28.401
2025-11-23 01:32:57,mlx5_6,0.000,0.000,50.092,32.364
2025-11-23 01:32:57,mlx5_7,0.000,0.000,0.000,0.000
2025-11-23 01:32:57,mlx5_8,0.000,0.000,49.257,30.420
2025-11-23 01:32:57,mlx5_9,0.000,0.000,51.121,34.004
2025-11-23 01:32:57,TOTAL,0.000,0.000,397.007,246.827
2025-11-23 01:32:58,mlx5_0,0.000,0.000,0.000,0.000
2025-11-23 01:32:58,mlx5_1,4.459,0.006,49.131,27.629
2025-11-23 01:32:58,mlx5_2,4.517,0.006,50.277,31.430
2025-11-23 01:32:58,mlx5_3,4.542,0.006,49.635,29.522
2025-11-23 01:32:58,mlx5_4,4.491,0.006,51.187,33.060
2025-11-23 01:32:58,mlx5_5,4.504,0.006,49.135,28.401
2025-11-23 01:32:58,mlx5_6,4.701,0.006,50.682,32.365
2025-11-23 01:32:58,mlx5_7,0.000,0.000,0.000,0.000
2025-11-23 01:32:58,mlx5_8,4.591,0.006,49.834,30.421
2025-11-23 01:32:58,mlx5_9,4.619,0.006,51.701,34.005
2025-11-23 01:32:58,TOTAL,36.422,0.048,401.582,246.833
2025-11-23 01:32:59,mlx5_0,0.000,0.000,0.000,0.000
2025-11-23 01:32:59,mlx5_1,0.000,0.000,49.131,27.629
2025-11-23 01:32:59,mlx5_2,0.000,0.000,50.277,31.430
2025-11-23 01:32:59,mlx5_3,0.000,0.000,49.635,29.522
2025-11-23 01:32:59,mlx5_4,0.000,0.000,51.187,33.060
2025-11-23 01:32:59,mlx5_5,0.000,0.000,49.135,28.401
2025-11-23 01:32:59,mlx5_6,0.000,0.000,50.682,32.365
2025-11-23 01:32:59,mlx5_7,0.000,0.000,0.000,0.000
2025-11-23 01:32:59,mlx5_8,0.000,0.000,49.834,30.421
2025-11-23 01:32:59,mlx5_9,0.000,0.000,51.701,34.005
2025-11-23 01:32:59,TOTAL,0.000,0.000,401.582,246.833
2025-11-23 01:33:00,mlx5_0,0.000,0.000,0.000,0.000
2025-11-23 01:33:00,mlx5_1,4.552,0.006,49.703,27.630
2025-11-23 01:33:00,mlx5_2,4.555,0.006,50.849,31.431
2025-11-23 01:33:00,mlx5_3,4.544,0.006,50.206,29.523
2025-11-23 01:33:00,mlx5_4,4.730,0.006,51.782,33.061
2025-11-23 01:33:00,mlx5_5,4.593,0.006,49.712,28.402
2025-11-23 01:33:00,mlx5_6,4.739,0.006,51.278,32.366
2025-11-23 01:33:00,mlx5_7,0.000,0.000,0.000,0.000
2025-11-23 01:33:00,mlx5_8,4.597,0.006,50.412,30.421
2025-11-23 01:33:00,mlx5_9,4.905,0.006,52.317,34.006
2025-11-23 01:33:00,TOTAL,37.213,0.048,406.258,246.840
2025-11-23 01:33:01,mlx5_0,0.000,0.000,0.000,0.000
2025-11-23 01:33:01,mlx5_1,0.000,0.000,49.703,27.630
2025-11-23 01:33:01,mlx5_2,0.000,0.000,50.849,31.431
2025-11-23 01:33:01,mlx5_3,0.000,0.000,50.206,29.523
2025-11-23 01:33:01,mlx5_4,0.000,0.000,51.782,33.061
2025-11-23 01:33:01,mlx5_5,0.000,0.000,49.712,28.402
2025-11-23 01:33:01,mlx5_6,0.000,0.000,51.278,32.366
2025-11-23 01:33:01,mlx5_7,0.000,0.000,0.000,0.000
2025-11-23 01:33:01,mlx5_8,0.000,0.000,50.412,30.421
2025-11-23 01:33:01,mlx5_9,0.000,0.000,52.317,34.006
2025-11-23 01:33:01,TOTAL,0.000,0.000,406.258,246.840
2025-11-23 01:33:02,mlx5_0,0.000,0.000,0.000,0.000
2025-11-23 01:33:02,mlx5_1,4.555,0.006,50.275,27.631
2025-11-23 01:33:02,mlx5_2,4.769,0.006,51.448,31.432
2025-11-23 01:33:02,mlx5_3,4.463,0.006,50.767,29.523
2025-11-23 01:33:02,mlx5_4,4.700,0.006,52.372,33.062
2025-11-23 01:33:02,mlx5_5,4.392,0.006,50.264,28.403
2025-11-23 01:33:02,mlx5_6,4.835,0.006,51.885,32.367
2025-11-23 01:33:02,mlx5_7,0.000,0.000,0.000,0.000
2025-11-23 01:33:02,mlx5_8,4.611,0.006,50.991,30.422
2025-11-23 01:33:02,mlx5_9,4.902,0.006,52.933,34.006
2025-11-23 01:33:02,TOTAL,37.227,0.048,410.934,246.846
2025-11-23 01:33:03,mlx5_0,0.000,0.000,0.000,0.000
2025-11-23 01:33:03,mlx5_1,0.000,0.000,50.275,27.631
2025-11-23 01:33:03,mlx5_2,0.000,0.000,51.448,31.432
2025-11-23 01:33:03,mlx5_3,0.000,0.000,50.767,29.523
2025-11-23 01:33:03,mlx5_4,0.000,0.000,52.372,33.062
2025-11-23 01:33:03,mlx5_5,0.000,0.000,50.264,28.403
2025-11-23 01:33:03,mlx5_6,0.000,0.000,51.885,32.367
2025-11-23 01:33:03,mlx5_7,0.000,0.000,0.000,0.000
2025-11-23 01:33:03,mlx5_8,0.000,0.000,50.991,30.422
2025-11-23 01:33:03,mlx5_9,0.000,0.000,52.933,34.006
2025-11-23 01:33:03,TOTAL,0.000,0.000,410.934,246.846
2025-11-23 01:33:04,mlx5_0,0.000,0.000,0.000,0.000
2025-11-23 01:33:04,mlx5_1,4.391,5.226,50.827,28.287
2025-11-23 01:33:04,mlx5_2,4.988,5.600,52.075,32.136
2025-11-23 01:33:04,mlx5_3,4.465,5.346,51.328,30.195
2025-11-23 01:33:04,mlx5_4,4.843,5.977,52.981,33.813
2025-11-23 01:33:04,mlx5_5,4.492,5.088,50.828,29.042
2025-11-23 01:33:04,mlx5_6,4.723,5.729,52.479,33.086
2025-11-23 01:33:04,mlx5_7,0.000,0.000,0.000,0.000
2025-11-23 01:33:04,mlx5_8,4.776,5.195,51.591,31.075
2025-11-23 01:33:04,mlx5_9,4.611,6.233,53.513,34.790
2025-11-23 01:33:04,TOTAL,37.289,44.394,415.620,252.424
2025-11-23 01:33:05,mlx5_0,0.000,0.000,0.000,0.000
2025-11-23 01:33:05,mlx5_1,0.000,0.000,50.827,28.287
2025-11-23 01:33:05,mlx5_2,0.000,0.000,52.075,32.136
2025-11-23 01:33:05,mlx5_3,0.000,0.000,51.328,30.195
2025-11-23 01:33:05,mlx5_4,0.000,0.000,52.981,33.813
2025-11-23 01:33:05,mlx5_5,0.000,0.000,50.828,29.042
2025-11-23 01:33:05,mlx5_6,0.000,0.000,52.479,33.086
2025-11-23 01:33:05,mlx5_7,0.000,0.000,0.000,0.000
2025-11-23 01:33:05,mlx5_8,0.000,0.000,51.591,31.075
2025-11-23 01:33:05,mlx5_9,0.000,0.000,53.513,34.790
2025-11-23 01:33:05,TOTAL,0.000,0.000,415.620,252.424
2025-11-23 01:33:06,mlx5_0,0.000,0.000,0.000,0.000
2025-11-23 01:33:06,mlx5_1,0.000,0.000,50.827,28.287
2025-11-23 01:33:06,mlx5_2,0.000,0.000,52.075,32.136
2025-11-23 01:33:06,mlx5_3,0.000,0.000,51.328,30.195
2025-11-23 01:33:06,mlx5_4,0.000,0.000,52.981,33.813
2025-11-23 01:33:06,mlx5_5,0.000,0.000,50.828,29.042
2025-11-23 01:33:06,mlx5_6,0.000,0.000,52.479,33.086
2025-11-23 01:33:06,mlx5_7,0.000,0.000,0.000,0.000
2025-11-23 01:33:06,mlx5_8,0.000,0.000,51.591,31.075
2025-11-23 01:33:06,mlx5_9,0.000,0.000,53.513,34.790
2025-11-23 01:33:06,TOTAL,0.000,0.000,415.620,252.424
2025-11-23 01:33:07,mlx5_0,0.000,0.000,0.000,0.000
2025-11-23 01:33:07,mlx5_1,4.719,0.006,51.420,28.288
2025-11-23 01:33:07,mlx5_2,4.972,0.007,52.699,32.136
2025-11-23 01:33:07,mlx5_3,4.929,0.006,51.947,30.196
2025-11-23 01:33:07,mlx5_4,4.832,0.006,53.587,33.814
2025-11-23 01:33:07,mlx5_5,4.719,0.006,51.421,29.043
2025-11-23 01:33:07,mlx5_6,4.886,0.006,53.092,33.087
2025-11-23 01:33:07,mlx5_7,0.000,0.000,0.000,0.000
2025-11-23 01:33:07,mlx5_8,4.926,0.006,52.210,31.076
2025-11-23 01:33:07,mlx5_9,4.769,0.006,54.112,34.790
2025-11-23 01:33:07,TOTAL,38.752,0.051,420.488,252.431
2025-11-23 01:33:08,mlx5_0,0.000,0.000,0.000,0.000
2025-11-23 01:33:08,mlx5_1,4.460,0.006,51.980,28.289
2025-11-23 01:33:08,mlx5_2,4.601,0.006,53.277,32.137
2025-11-23 01:33:08,mlx5_3,4.521,0.006,52.514,30.197
2025-11-23 01:33:08,mlx5_4,4.967,0.006,54.211,33.815
2025-11-23 01:33:08,mlx5_5,4.532,0.006,51.990,29.044
2025-11-23 01:33:08,mlx5_6,4.724,0.006,53.685,33.088
2025-11-23 01:33:08,mlx5_7,0.000,0.000,0.000,0.000
2025-11-23 01:33:08,mlx5_8,4.587,0.006,52.786,31.076
2025-11-23 01:33:08,mlx5_9,4.853,0.006,54.721,34.791
2025-11-23 01:33:08,TOTAL,37.244,0.048,425.164,252.437
2025-11-23 01:33:09,mlx5_0,0.000,0.000,0.000,0.000
2025-11-23 01:33:09,mlx5_1,0.000,0.000,51.980,28.289
2025-11-23 01:33:09,mlx5_2,0.000,0.000,53.277,32.137
2025-11-23 01:33:09,mlx5_3,0.000,0.000,52.514,30.197
2025-11-23 01:33:09,mlx5_4,0.000,0.000,54.211,33.815
2025-11-23 01:33:09,mlx5_5,0.000,0.000,51.990,29.044
2025-11-23 01:33:09,mlx5_6,0.000,0.000,53.685,33.088
2025-11-23 01:33:09,mlx5_7,0.000,0.000,0.000,0.000
2025-11-23 01:33:09,mlx5_8,0.000,0.000,52.786,31.076
2025-11-23 01:33:09,mlx5_9,0.000,0.000,54.721,34.791
2025-11-23 01:33:09,TOTAL,0.000,0.000,425.164,252.437
2025-11-23 01:33:10,mlx5_0,0.000,0.000,0.000,0.000
2025-11-23 01:33:10,mlx5_1,4.481,0.006,52.543,28.290
2025-11-23 01:33:10,mlx5_2,4.631,0.006,53.859,32.138
2025-11-23 01:33:10,mlx5_3,4.652,0.006,53.099,30.198
2025-11-23 01:33:10,mlx5_4,4.795,0.006,54.814,33.815
2025-11-23 01:33:10,mlx5_5,4.386,0.006,52.542,29.045
2025-11-23 01:33:10,mlx5_6,4.795,0.006,54.288,33.089
2025-11-23 01:33:10,mlx5_7,0.000,0.000,0.000,0.000
2025-11-23 01:33:10,mlx5_8,4.567,0.006,53.360,31.077
2025-11-23 01:33:10,mlx5_9,4.876,0.006,55.334,34.792
2025-11-23 01:33:10,TOTAL,37.183,0.048,429.840,252.443
2025-11-23 01:33:11,mlx5_0,0.000,0.000,0.000,0.000
2025-11-23 01:33:11,mlx5_1,0.000,0.000,52.543,28.290
2025-11-23 01:33:11,mlx5_2,0.000,0.000,53.859,32.138
2025-11-23 01:33:11,mlx5_3,0.000,0.000,53.099,30.198
2025-11-23 01:33:11,mlx5_4,0.000,0.000,54.814,33.815
2025-11-23 01:33:11,mlx5_5,0.000,0.000,52.542,29.045
2025-11-23 01:33:11,mlx5_6,0.000,0.000,54.288,33.089
2025-11-23 01:33:11,mlx5_7,0.000,0.000,0.000,0.000
2025-11-23 01:33:11,mlx5_8,0.000,0.000,53.360,31.077
2025-11-23 01:33:11,mlx5_9,0.000,0.000,55.334,34.792
2025-11-23 01:33:11,TOTAL,0.000,0.000,429.840,252.443
2025-11-23 01:33:12,mlx5_0,0.000,0.000,0.000,0.000
2025-11-23 01:33:12,mlx5_1,4.572,0.006,53.118,28.290
2025-11-23 01:33:12,mlx5_2,4.572,0.006,54.434,32.139
2025-11-23 01:33:12,mlx5_3,4.596,0.006,53.677,30.198
2025-11-23 01:33:12,mlx5_4,4.811,0.006,55.418,33.816
2025-11-23 01:33:12,mlx5_5,4.538,0.006,53.112,29.045
2025-11-23 01:33:12,mlx5_6,4.885,0.006,54.902,33.090
2025-11-23 01:33:12,mlx5_7,0.000,0.000,0.000,0.000
2025-11-23 01:33:12,mlx5_8,4.413,0.006,53.914,31.078
2025-11-23 01:33:12,mlx5_9,4.835,0.006,55.942,34.793
2025-11-23 01:33:12,TOTAL,37.223,0.048,434.516,252.449
2025-11-23 01:33:13,mlx5_0,0.000,0.000,0.000,0.000
2025-11-23 01:33:13,mlx5_1,0.000,0.000,53.118,28.290
2025-11-23 01:33:13,mlx5_2,0.000,0.000,54.434,32.139
2025-11-23 01:33:13,mlx5_3,0.000,0.000,53.677,30.198
2025-11-23 01:33:13,mlx5_4,0.000,0.000,55.418,33.816
2025-11-23 01:33:13,mlx5_5,0.000,0.000,53.112,29.045
2025-11-23 01:33:13,mlx5_6,0.000,0.000,54.902,33.090
2025-11-23 01:33:13,mlx5_7,0.000,0.000,0.000,0.000
2025-11-23 01:33:13,mlx5_8,0.000,0.000,53.914,31.078
2025-11-23 01:33:13,mlx5_9,0.000,0.000,55.942,34.793
2025-11-23 01:33:13,TOTAL,0.000,0.000,434.516,252.449
2025-11-23 01:33:14,mlx5_0,0.000,0.000,0.000,0.000
2025-11-23 01:33:14,mlx5_1,4.504,5.065,53.683,28.927
2025-11-23 01:33:14,mlx5_2,4.591,5.449,55.010,32.823
2025-11-23 01:33:14,mlx5_3,4.519,5.402,54.244,30.877
2025-11-23 01:33:14,mlx5_4,4.849,6.025,56.028,34.573
2025-11-23 01:33:14,mlx5_5,4.487,5.007,53.675,29.674
2025-11-23 01:33:14,mlx5_6,4.714,5.722,55.494,33.808
2025-11-23 01:33:14,mlx5_7,0.000,0.000,0.000,0.000
2025-11-23 01:33:14,mlx5_8,4.595,5.466,54.492,31.764
2025-11-23 01:33:14,mlx5_9,5.053,6.275,56.576,35.581
2025-11-23 01:33:14,TOTAL,37.312,44.410,439.203,258.028
2025-11-23 01:33:15,mlx5_0,0.000,0.000,0.000,0.000
2025-11-23 01:33:15,mlx5_1,0.000,0.000,53.683,28.927
2025-11-23 01:33:15,mlx5_2,0.000,0.000,55.010,32.823
2025-11-23 01:33:15,mlx5_3,0.000,0.000,54.244,30.877
2025-11-23 01:33:15,mlx5_4,0.000,0.000,56.028,34.573
2025-11-23 01:33:15,mlx5_5,0.000,0.000,53.675,29.674
2025-11-23 01:33:15,mlx5_6,0.000,0.000,55.494,33.808
2025-11-23 01:33:15,mlx5_7,0.000,0.000,0.000,0.000
2025-11-23 01:33:15,mlx5_8,0.000,0.000,54.492,31.764
2025-11-23 01:33:15,mlx5_9,0.000,0.000,56.576,35.581
2025-11-23 01:33:15,TOTAL,0.000,0.000,439.203,258.028
2025-11-23 01:33:16,mlx5_0,0.000,0.000,0.000,0.000
2025-11-23 01:33:16,mlx5_1,0.000,0.000,53.683,28.927
2025-11-23 01:33:16,mlx5_2,0.000,0.000,55.010,32.823
2025-11-23 01:33:16,mlx5_3,0.000,0.000,54.244,30.877
2025-11-23 01:33:16,mlx5_4,0.000,0.000,56.028,34.573
2025-11-23 01:33:16,mlx5_5,0.000,0.000,53.675,29.674
2025-11-23 01:33:16,mlx5_6,0.000,0.000,55.494,33.808
2025-11-23 01:33:16,mlx5_7,0.000,0.000,0.000,0.000
2025-11-23 01:33:16,mlx5_8,0.000,0.000,54.492,31.764
2025-11-23 01:33:16,mlx5_9,0.000,0.000,56.576,35.581
2025-11-23 01:33:16,TOTAL,0.000,0.000,439.203,258.028
2025-11-23 01:33:17,mlx5_0,0.000,0.000,0.000,0.000
2025-11-23 01:33:17,mlx5_1,4.522,0.006,54.251,28.927
2025-11-23 01:33:17,mlx5_2,4.593,0.006,55.587,32.824
2025-11-23 01:33:17,mlx5_3,4.325,0.006,54.788,30.878
2025-11-23 01:33:17,mlx5_4,4.635,0.006,56.610,34.574
2025-11-23 01:33:17,mlx5_5,4.409,0.006,54.229,29.675
2025-11-23 01:33:17,mlx5_6,4.718,0.006,56.087,33.809
2025-11-23 01:33:17,mlx5_7,0.000,0.000,0.000,0.000
2025-11-23 01:33:17,mlx5_8,4.457,0.006,55.052,31.765
2025-11-23 01:33:17,mlx5_9,4.768,0.006,57.175,35.582
2025-11-23 01:33:17,TOTAL,36.426,0.048,443.779,258.034
2025-11-23 01:33:18,mlx5_0,0.000,0.000,0.000,0.000
2025-11-23 01:33:18,mlx5_1,4.642,0.006,54.835,28.928
2025-11-23 01:33:18,mlx5_2,4.580,0.006,56.163,32.825
2025-11-23 01:33:18,mlx5_3,4.535,0.006,55.357,30.878
2025-11-23 01:33:18,mlx5_4,4.525,0.006,57.178,34.575
2025-11-23 01:33:18,mlx5_5,4.661,0.006,54.815,29.676
2025-11-23 01:33:18,mlx5_6,4.802,0.006,56.690,33.810
2025-11-23 01:33:18,mlx5_7,0.000,0.000,0.000,0.000
2025-11-23 01:33:18,mlx5_8,4.672,0.006,55.639,31.766
2025-11-23 01:33:18,mlx5_9,4.798,0.006,57.778,35.583
2025-11-23 01:33:18,TOTAL,37.214,0.049,448.455,258.040
2025-11-23 01:33:19,mlx5_0,0.000,0.000,0.000,0.000
2025-11-23 01:33:19,mlx5_1,0.000,0.000,54.835,28.928
2025-11-23 01:33:19,mlx5_2,0.000,0.000,56.163,32.825
2025-11-23 01:33:19,mlx5_3,0.000,0.000,55.357,30.878
2025-11-23 01:33:19,mlx5_4,0.000,0.000,57.178,34.575
2025-11-23 01:33:19,mlx5_5,0.000,0.000,54.815,29.676
2025-11-23 01:33:19,mlx5_6,0.000,0.000,56.690,33.810
2025-11-23 01:33:19,mlx5_7,0.000,0.000,0.000,0.000
2025-11-23 01:33:19,mlx5_8,0.000,0.000,55.639,31.766
2025-11-23 01:33:19,mlx5_9,0.000,0.000,57.778,35.583
2025-11-23 01:33:19,TOTAL,0.000,0.000,448.455,258.040
2025-11-23 01:33:20,mlx5_0,0.000,0.000,0.000,0.000
2025-11-23 01:33:20,mlx5_1,4.455,0.006,55.393,28.929
2025-11-23 01:33:20,mlx5_2,4.660,0.006,56.747,32.825
2025-11-23 01:33:20,mlx5_3,4.701,0.006,55.947,30.879
2025-11-23 01:33:20,mlx5_4,4.842,0.006,57.786,34.575
2025-11-23 01:33:20,mlx5_5,4.604,0.006,55.392,29.676
2025-11-23 01:33:20,mlx5_6,4.671,0.006,57.276,33.811
2025-11-23 01:33:20,mlx5_7,0.000,0.000,0.000,0.000
2025-11-23 01:33:20,mlx5_8,4.621,0.006,56.218,31.767
2025-11-23 01:33:20,mlx5_9,4.739,0.006,58.372,35.584
2025-11-23 01:33:20,TOTAL,37.293,0.049,453.131,258.046
2025-11-23 01:33:21,mlx5_0,0.000,0.000,0.000,0.000
2025-11-23 01:33:21,mlx5_1,0.000,0.000,55.393,28.929
2025-11-23 01:33:21,mlx5_2,0.000,0.000,56.747,32.825
2025-11-23 01:33:21,mlx5_3,0.000,0.000,55.947,30.879
2025-11-23 01:33:21,mlx5_4,0.000,0.000,57.786,34.575
2025-11-23 01:33:21,mlx5_5,0.000,0.000,55.392,29.676
2025-11-23 01:33:21,mlx5_6,0.000,0.000,57.276,33.811
2025-11-23 01:33:21,mlx5_7,0.000,0.000,0.000,0.000
2025-11-23 01:33:21,mlx5_8,0.000,0.000,56.218,31.767
2025-11-23 01:33:21,mlx5_9,0.000,0.000,58.372,35.584
2025-11-23 01:33:21,TOTAL,0.000,0.000,453.131,258.046
2025-11-23 01:33:22,mlx5_0,0.000,0.000,0.000,0.000
2025-11-23 01:33:22,mlx5_1,4.563,0.006,55.966,28.930
2025-11-23 01:33:22,mlx5_2,4.486,0.006,57.311,32.826
2025-11-23 01:33:22,mlx5_3,4.655,0.006,56.532,30.880
2025-11-23 01:33:22,mlx5_4,4.803,0.006,58.389,34.576
2025-11-23 01:33:22,mlx5_5,4.561,0.006,55.965,29.677
2025-11-23 01:33:22,mlx5_6,4.747,0.006,57.872,33.811
2025-11-23 01:33:22,mlx5_7,0.000,0.000,0.000,0.000
2025-11-23 01:33:22,mlx5_8,4.666,0.006,56.804,31.767
2025-11-23 01:33:22,mlx5_9,4.741,0.006,58.968,35.584
2025-11-23 01:33:22,TOTAL,37.223,0.048,457.807,258.052
2025-11-23 01:33:23,mlx5_0,0.000,0.000,0.000,0.000
2025-11-23 01:33:23,mlx5_1,0.000,0.000,55.966,28.930
2025-11-23 01:33:23,mlx5_2,0.000,0.000,57.311,32.826
2025-11-23 01:33:23,mlx5_3,0.000,0.000,56.532,30.880
2025-11-23 01:33:23,mlx5_4,0.000,0.000,58.389,34.576
2025-11-23 01:33:23,mlx5_5,0.000,0.000,55.965,29.677
2025-11-23 01:33:23,mlx5_6,0.000,0.000,57.872,33.811
2025-11-23 01:33:23,mlx5_7,0.000,0.000,0.000,0.000
2025-11-23 01:33:23,mlx5_8,0.000,0.000,56.804,31.767
2025-11-23 01:33:23,mlx5_9,0.000,0.000,58.968,35.584
2025-11-23 01:33:23,TOTAL,0.000,0.000,457.807,258.052
2025-11-23 01:33:24,mlx5_0,0.000,0.000,0.000,0.000
2025-11-23 01:33:24,mlx5_1,4.629,0.071,56.547,28.939
2025-11-23 01:33:24,mlx5_2,4.431,0.421,57.867,32.879
2025-11-23 01:33:24,mlx5_3,4.622,0.284,57.112,30.916
2025-11-23 01:33:24,mlx5_4,5.007,0.168,59.017,34.597
2025-11-23 01:33:24,mlx5_5,4.571,0.156,56.539,29.697
2025-11-23 01:33:24,mlx5_6,4.630,0.422,58.453,33.864
2025-11-23 01:33:24,mlx5_7,0.000,0.000,0.000,0.000
2025-11-23 01:33:24,mlx5_8,4.359,0.469,57.351,31.826
2025-11-23 01:33:24,mlx5_9,5.008,0.225,59.596,35.612
2025-11-23 01:33:24,TOTAL,37.257,2.216,462.483,258.330
2025-11-23 01:33:25,mlx5_0,0.000,0.000,0.000,0.000
2025-11-23 01:33:25,mlx5_1,0.010,4.891,56.549,29.553
2025-11-23 01:33:25,mlx5_2,0.010,5.290,57.868,33.543
2025-11-23 01:33:25,mlx5_3,0.010,4.991,57.113,31.543
2025-11-23 01:33:25,mlx5_4,0.011,5.779,59.019,35.323
2025-11-23 01:33:25,mlx5_5,0.010,4.727,56.540,30.291
2025-11-23 01:33:25,mlx5_6,0.010,5.440,58.455,34.548
2025-11-23 01:33:25,mlx5_7,0.000,0.000,0.000,0.000
2025-11-23 01:33:25,mlx5_8,0.010,5.256,57.353,32.487
2025-11-23 01:33:25,mlx5_9,0.011,5.815,59.598,36.343
2025-11-23 01:33:25,TOTAL,0.082,42.188,462.493,263.631
2025-11-23 01:33:26,mlx5_0,0.000,0.000,0.000,0.000
2025-11-23 01:33:26,mlx5_1,0.000,0.000,56.549,29.553
2025-11-23 01:33:26,mlx5_2,0.000,0.000,57.868,33.543
2025-11-23 01:33:26,mlx5_3,0.000,0.000,57.113,31.543
2025-11-23 01:33:26,mlx5_4,0.000,0.000,59.019,35.323
2025-11-23 01:33:26,mlx5_5,0.000,0.000,56.540,30.291
2025-11-23 01:33:26,mlx5_6,0.000,0.000,58.455,34.548
2025-11-23 01:33:26,mlx5_7,0.000,0.000,0.000,0.000
2025-11-23 01:33:26,mlx5_8,0.000,0.000,57.353,32.487
2025-11-23 01:33:26,mlx5_9,0.000,0.000,59.598,36.343
2025-11-23 01:33:26,TOTAL,0.000,0.000,462.493,263.631
2025-11-23 01:33:27,mlx5_0,0.000,0.000,0.000,0.000
2025-11-23 01:33:27,mlx5_1,4.485,0.006,57.112,29.554
2025-11-23 01:33:27,mlx5_2,4.602,0.006,58.446,33.544
2025-11-23 01:33:27,mlx5_3,4.418,0.006,57.668,31.543
2025-11-23 01:33:27,mlx5_4,4.501,0.006,59.584,35.324
2025-11-23 01:33:27,mlx5_5,4.531,0.006,57.109,30.291
2025-11-23 01:33:27,mlx5_6,4.589,0.006,59.031,34.549
2025-11-23 01:33:27,mlx5_7,0.000,0.000,0.000,0.000
2025-11-23 01:33:27,mlx5_8,4.619,0.006,57.933,32.487
2025-11-23 01:33:27,mlx5_9,4.676,0.006,60.185,36.344
2025-11-23 01:33:27,TOTAL,36.423,0.048,467.069,263.637
2025-11-23 01:33:28,mlx5_0,0.000,0.000,0.000,0.000
2025-11-23 01:33:28,mlx5_1,4.466,0.006,57.673,29.555
2025-11-23 01:33:28,mlx5_2,4.658,0.006,59.031,33.545
2025-11-23 01:33:28,mlx5_3,4.653,0.006,58.253,31.544
2025-11-23 01:33:28,mlx5_4,4.753,0.006,60.182,35.325
2025-11-23 01:33:28,mlx5_5,4.415,0.006,57.664,30.292
2025-11-23 01:33:28,mlx5_6,4.615,0.006,59.611,34.549
2025-11-23 01:33:28,mlx5_7,0.000,0.000,0.000,0.000
2025-11-23 01:33:28,mlx5_8,4.723,0.006,58.526,32.488
2025-11-23 01:33:28,mlx5_9,4.931,0.006,60.805,36.345
2025-11-23 01:33:28,TOTAL,37.213,0.049,471.745,263.643
2025-11-23 01:33:29,mlx5_0,0.000,0.000,0.000,0.000
2025-11-23 01:33:29,mlx5_1,0.000,0.000,57.673,29.555
2025-11-23 01:33:29,mlx5_2,0.000,0.000,59.031,33.545
2025-11-23 01:33:29,mlx5_3,0.000,0.000,58.253,31.544
2025-11-23 01:33:29,mlx5_4,0.000,0.000,60.182,35.325
2025-11-23 01:33:29,mlx5_5,0.000,0.000,57.664,30.292
2025-11-23 01:33:29,mlx5_6,0.000,0.000,59.611,34.549
2025-11-23 01:33:29,mlx5_7,0.000,0.000,0.000,0.000
2025-11-23 01:33:29,mlx5_8,0.000,0.000,58.526,32.488
2025-11-23 01:33:29,mlx5_9,0.000,0.000,60.805,36.345
2025-11-23 01:33:29,TOTAL,0.000,0.000,471.745,263.643
2025-11-23 01:33:30,mlx5_0,0.000,0.000,0.000,0.000
2025-11-23 01:33:30,mlx5_1,4.389,0.006,58.225,29.555
2025-11-23 01:33:30,mlx5_2,4.533,0.006,59.601,33.546
2025-11-23 01:33:30,mlx5_3,4.676,0.006,58.840,31.545
2025-11-23 01:33:30,mlx5_4,4.717,0.006,60.774,35.326
2025-11-23 01:33:30,mlx5_5,4.633,0.006,58.246,30.293
2025-11-23 01:33:30,mlx5_6,4.961,0.006,60.234,34.550
2025-11-23 01:33:30,mlx5_7,0.000,0.000,0.000,0.000
2025-11-23 01:33:30,mlx5_8,4.556,0.006,59.099,32.489
2025-11-23 01:33:30,mlx5_9,4.761,0.006,61.403,36.345
2025-11-23 01:33:30,TOTAL,37.227,0.049,476.421,263.649
2025-11-23 01:33:31,mlx5_0,0.000,0.000,0.000,0.000
2025-11-23 01:33:31,mlx5_1,0.000,0.000,58.225,29.555
2025-11-23 01:33:31,mlx5_2,0.000,0.000,59.601,33.546
2025-11-23 01:33:31,mlx5_3,0.000,0.000,58.840,31.545
2025-11-23 01:33:31,mlx5_4,0.000,0.000,60.774,35.326
2025-11-23 01:33:31,mlx5_5,0.000,0.000,58.246,30.293
2025-11-23 01:33:31,mlx5_6,0.000,0.000,60.234,34.550
2025-11-23 01:33:31,mlx5_7,0.000,0.000,0.000,0.000
2025-11-23 01:33:31,mlx5_8,0.000,0.000,59.099,32.489
2025-11-23 01:33:31,mlx5_9,0.000,0.000,61.403,36.345
2025-11-23 01:33:31,TOTAL,0.000,0.000,476.421,263.649
2025-11-23 01:33:32,mlx5_0,0.000,0.000,0.000,0.000
2025-11-23 01:33:32,mlx5_1,4.592,0.006,58.801,29.556
2025-11-23 01:33:32,mlx5_2,4.691,0.006,60.189,33.547
2025-11-23 01:33:32,mlx5_3,4.670,0.006,59.426,31.546
2025-11-23 01:33:32,mlx5_4,4.789,0.006,61.375,35.326
2025-11-23 01:33:32,mlx5_5,4.417,0.006,58.800,30.293
2025-11-23 01:33:32,mlx5_6,4.645,0.006,60.817,34.551
2025-11-23 01:33:32,mlx5_7,0.000,0.000,0.000,0.000
2025-11-23 01:33:32,mlx5_8,4.668,0.006,59.685,32.490
2025-11-23 01:33:32,mlx5_9,4.780,0.006,62.003,36.346
2025-11-23 01:33:32,TOTAL,37.251,0.048,481.097,263.655
2025-11-23 01:33:33,mlx5_0,0.000,0.000,0.000,0.000
2025-11-23 01:33:33,mlx5_1,0.000,0.000,58.801,29.556
2025-11-23 01:33:33,mlx5_2,0.000,0.000,60.189,33.547
2025-11-23 01:33:33,mlx5_3,0.000,0.000,59.426,31.546
2025-11-23 01:33:33,mlx5_4,0.000,0.000,61.375,35.326
2025-11-23 01:33:33,mlx5_5,0.000,0.000,58.800,30.293
2025-11-23 01:33:33,mlx5_6,0.000,0.000,60.817,34.551
2025-11-23 01:33:33,mlx5_7,0.000,0.000,0.000,0.000
2025-11-23 01:33:33,mlx5_8,0.000,0.000,59.685,32.490
2025-11-23 01:33:33,mlx5_9,0.000,0.000,62.003,36.346
2025-11-23 01:33:33,TOTAL,0.000,0.000,481.097,263.655
2025-11-23 01:33:34,mlx5_0,0.000,0.000,0.000,0.000
2025-11-23 01:33:34,mlx5_1,0.000,0.000,58.801,29.556
2025-11-23 01:33:34,mlx5_2,0.000,0.000,60.189,33.547
2025-11-23 01:33:34,mlx5_3,0.000,0.000,59.426,31.546
2025-11-23 01:33:34,mlx5_4,0.000,0.000,61.375,35.326
2025-11-23 01:33:34,mlx5_5,0.000,0.000,58.800,30.293
2025-11-23 01:33:34,mlx5_6,0.000,0.000,60.817,34.551
2025-11-23 01:33:34,mlx5_7,0.000,0.000,0.000,0.000
2025-11-23 01:33:34,mlx5_8,0.000,0.000,59.685,32.490
2025-11-23 01:33:34,mlx5_9,0.000,0.000,62.003,36.346
2025-11-23 01:33:34,TOTAL,0.000,0.000,481.097,263.655
2025-11-23 01:33:35,mlx5_0,0.000,0.000,0.000,0.000
2025-11-23 01:33:35,mlx5_1,4.491,5.112,59.365,30.198
2025-11-23 01:33:35,mlx5_2,4.720,5.438,60.782,34.230
2025-11-23 01:33:35,mlx5_3,4.651,5.360,60.011,32.219
2025-11-23 01:33:35,mlx5_4,4.857,5.813,61.985,36.057
2025-11-23 01:33:35,mlx5_5,4.347,5.268,59.346,30.955
2025-11-23 01:33:35,mlx5_6,4.906,5.602,61.433,35.255
2025-11-23 01:33:35,mlx5_7,0.000,0.000,0.000,0.000
2025-11-23 01:33:35,mlx5_8,4.700,5.506,60.275,33.181
2025-11-23 01:33:35,mlx5_9,4.635,6.317,62.585,37.140
2025-11-23 01:33:35,TOTAL,37.307,44.414,485.783,269.234
2025-11-23 01:33:36,mlx5_0,0.000,0.000,0.000,0.000
2025-11-23 01:33:36,mlx5_1,0.000,0.000,59.365,30.198
2025-11-23 01:33:36,mlx5_2,0.000,0.000,60.782,34.230
2025-11-23 01:33:36,mlx5_3,0.000,0.000,60.011,32.219
2025-11-23 01:33:36,mlx5_4,0.000,0.000,61.985,36.057
2025-11-23 01:33:36,mlx5_5,0.000,0.000,59.346,30.955
2025-11-23 01:33:36,mlx5_6,0.000,0.000,61.433,35.255
2025-11-23 01:33:36,mlx5_7,0.000,0.000,0.000,0.000
2025-11-23 01:33:36,mlx5_8,0.000,0.000,60.275,33.181
2025-11-23 01:33:36,mlx5_9,0.000,0.000,62.585,37.140
2025-11-23 01:33:36,TOTAL,0.000,0.000,485.783,269.234
2025-11-23 01:33:37,mlx5_0,0.000,0.000,0.000,0.000
2025-11-23 01:33:37,mlx5_1,4.685,0.006,59.954,30.199
2025-11-23 01:33:37,mlx5_2,4.886,0.006,61.396,34.230
2025-11-23 01:33:37,mlx5_3,4.635,0.006,60.593,32.220
2025-11-23 01:33:37,mlx5_4,5.192,0.007,62.637,36.057
2025-11-23 01:33:37,mlx5_5,4.606,0.006,59.925,30.956
2025-11-23 01:33:37,mlx5_6,4.974,0.007,62.058,35.255
2025-11-23 01:33:37,mlx5_7,0.000,0.000,0.000,0.000
2025-11-23 01:33:37,mlx5_8,4.835,0.006,60.882,33.182
2025-11-23 01:33:37,mlx5_9,4.940,0.007,63.206,37.141
2025-11-23 01:33:37,TOTAL,38.754,0.052,490.651,269.240
2025-11-23 01:33:38,mlx5_0,0.000,0.000,0.000,0.000
2025-11-23 01:33:38,mlx5_1,0.000,0.000,59.954,30.199
2025-11-23 01:33:38,mlx5_2,0.000,0.000,61.396,34.230
2025-11-23 01:33:38,mlx5_3,0.000,0.000,60.593,32.220
2025-11-23 01:33:38,mlx5_4,0.000,0.000,62.637,36.057
2025-11-23 01:33:38,mlx5_5,0.000,0.000,59.925,30.956
2025-11-23 01:33:38,mlx5_6,0.000,0.000,62.058,35.255
2025-11-23 01:33:38,mlx5_7,0.000,0.000,0.000,0.000
2025-11-23 01:33:38,mlx5_8,0.000,0.000,60.882,33.182
2025-11-23 01:33:38,mlx5_9,0.000,0.000,63.206,37.141
2025-11-23 01:33:38,TOTAL,0.000,0.000,490.651,269.240
2025-11-23 01:33:39,mlx5_0,0.000,0.000,0.000,0.000
2025-11-23 01:33:39,mlx5_1,4.455,0.006,60.513,30.200
2025-11-23 01:33:39,mlx5_2,4.721,0.006,61.989,34.231
2025-11-23 01:33:39,mlx5_3,4.591,0.006,61.170,32.220
2025-11-23 01:33:39,mlx5_4,4.645,0.006,63.221,36.058
2025-11-23 01:33:39,mlx5_5,4.632,0.006,60.507,30.957
2025-11-23 01:33:39,mlx5_6,4.709,0.006,62.650,35.256
2025-11-23 01:33:39,mlx5_7,0.000,0.000,0.000,0.000
2025-11-23 01:33:39,mlx5_8,4.757,0.006,61.480,33.183
2025-11-23 01:33:39,mlx5_9,4.713,0.006,63.798,37.141
2025-11-23 01:33:39,TOTAL,37.222,0.049,495.327,269.247
2025-11-23 01:33:40,mlx5_0,0.000,0.000,0.000,0.000
2025-11-23 01:33:40,mlx5_1,4.430,0.006,61.070,30.200
2025-11-23 01:33:40,mlx5_2,4.568,0.006,62.563,34.232
2025-11-23 01:33:40,mlx5_3,4.576,0.006,61.745,32.221
2025-11-23 01:33:40,mlx5_4,4.827,0.006,63.827,36.059
2025-11-23 01:33:40,mlx5_5,4.620,0.006,61.087,30.957
2025-11-23 01:33:40,mlx5_6,4.680,0.006,63.238,35.257
2025-11-23 01:33:40,mlx5_7,0.000,0.000,0.000,0.000
2025-11-23 01:33:40,mlx5_8,4.655,0.006,62.065,33.184
2025-11-23 01:33:40,mlx5_9,4.860,0.006,64.408,37.142
2025-11-23 01:33:40,TOTAL,37.215,0.048,500.003,269.253
2025-11-23 01:33:41,mlx5_0,0.000,0.000,0.000,0.000
2025-11-23 01:33:41,mlx5_1,0.000,0.000,61.070,30.200
2025-11-23 01:33:41,mlx5_2,0.000,0.000,62.563,34.232
2025-11-23 01:33:41,mlx5_3,0.000,0.000,61.745,32.221
2025-11-23 01:33:41,mlx5_4,0.000,0.000,63.827,36.059
2025-11-23 01:33:41,mlx5_5,0.000,0.000,61.087,30.957
2025-11-23 01:33:41,mlx5_6,0.000,0.000,63.238,35.257
2025-11-23 01:33:41,mlx5_7,0.000,0.000,0.000,0.000
2025-11-23 01:33:41,mlx5_8,0.000,0.000,62.065,33.184
2025-11-23 01:33:41,mlx5_9,0.000,0.000,64.408,37.142
2025-11-23 01:33:41,TOTAL,0.000,0.000,500.003,269.253
2025-11-23 01:33:42,mlx5_0,0.000,0.000,0.000,0.000
2025-11-23 01:33:42,mlx5_1,2.384,0.003,61.369,30.201
2025-11-23 01:33:42,mlx5_2,2.512,0.003,62.879,34.232
2025-11-23 01:33:42,mlx5_3,2.578,0.003,62.069,32.222
2025-11-23 01:33:42,mlx5_4,2.584,0.003,64.152,36.059
2025-11-23 01:33:42,mlx5_5,2.587,0.003,61.412,30.958
2025-11-23 01:33:42,mlx5_6,2.774,0.003,63.586,35.257
2025-11-23 01:33:42,mlx5_7,0.000,0.000,0.000,0.000
2025-11-23 01:33:42,mlx5_8,2.919,0.004,62.432,33.184
2025-11-23 01:33:42,mlx5_9,2.809,0.004,64.761,37.143
2025-11-23 01:33:42,TOTAL,21.147,0.027,502.660,269.256
2025-11-23 01:33:43,mlx5_0,0.000,0.000,0.000,0.000
2025-11-23 01:33:43,mlx5_1,2.164,0.003,61.641,30.201
2025-11-23 01:33:43,mlx5_2,2.042,0.003,63.135,34.233
2025-11-23 01:33:43,mlx5_3,2.070,0.003,62.329,32.222
2025-11-23 01:33:43,mlx5_4,2.101,0.003,64.416,36.060
2025-11-23 01:33:43,mlx5_5,1.944,0.003,61.657,30.958
2025-11-23 01:33:43,mlx5_6,1.966,0.003,63.833,35.258
2025-11-23 01:33:43,mlx5_7,0.000,0.000,0.000,0.000
2025-11-23 01:33:43,mlx5_8,1.756,0.002,62.652,33.184
2025-11-23 01:33:43,mlx5_9,2.021,0.003,65.015,37.143
2025-11-23 01:33:43,TOTAL,16.065,0.021,504.679,269.259
2025-11-23 01:33:44,mlx5_0,0.000,0.000,0.000,0.000
2025-11-23 01:33:44,mlx5_1,0.000,0.000,61.641,30.201
2025-11-23 01:33:44,mlx5_2,0.000,0.000,63.135,34.233
2025-11-23 01:33:44,mlx5_3,0.000,0.000,62.329,32.222
2025-11-23 01:33:44,mlx5_4,0.000,0.000,64.416,36.060
2025-11-23 01:33:44,mlx5_5,0.000,0.000,61.657,30.958
2025-11-23 01:33:44,mlx5_6,0.000,0.000,63.833,35.258
2025-11-23 01:33:44,mlx5_7,0.000,0.000,0.000,0.000
2025-11-23 01:33:44,mlx5_8,0.000,0.000,62.652,33.184
2025-11-23 01:33:44,mlx5_9,0.000,0.000,65.015,37.143
2025-11-23 01:33:44,TOTAL,0.000,0.000,504.679,269.259
2025-11-23 01:33:45,mlx5_0,0.000,0.000,0.000,0.000
2025-11-23 01:33:45,mlx5_1,4.623,4.914,62.222,30.818
2025-11-23 01:33:45,mlx5_2,4.569,5.819,63.709,34.964
2025-11-23 01:33:45,mlx5_3,4.597,5.119,62.906,32.865
2025-11-23 01:33:45,mlx5_4,4.797,5.959,65.019,36.808
2025-11-23 01:33:45,mlx5_5,4.566,5.038,62.230,31.591
2025-11-23 01:33:45,mlx5_6,4.679,5.844,64.421,35.992
2025-11-23 01:33:45,mlx5_7,0.000,0.000,0.000,0.000
2025-11-23 01:33:45,mlx5_8,4.514,5.574,63.219,33.885
2025-11-23 01:33:45,mlx5_9,4.961,6.146,65.638,37.915
2025-11-23 01:33:45,TOTAL,37.306,44.414,509.365,274.838
2025-11-23 01:33:46,mlx5_0,0.000,0.000,0.000,0.000
2025-11-23 01:33:46,mlx5_1,0.000,0.000,62.222,30.818
2025-11-23 01:33:46,mlx5_2,0.000,0.000,63.709,34.964
2025-11-23 01:33:46,mlx5_3,0.000,0.000,62.906,32.865
2025-11-23 01:33:46,mlx5_4,0.000,0.000,65.019,36.808
2025-11-23 01:33:46,mlx5_5,0.000,0.000,62.230,31.591
2025-11-23 01:33:46,mlx5_6,0.000,0.000,64.421,35.992
2025-11-23 01:33:46,mlx5_7,0.000,0.000,0.000,0.000
2025-11-23 01:33:46,mlx5_8,0.000,0.000,63.219,33.885
2025-11-23 01:33:46,mlx5_9,0.000,0.000,65.638,37.915
2025-11-23 01:33:46,TOTAL,0.000,0.000,509.365,274.838
2025-11-23 01:33:47,mlx5_0,0.000,0.000,0.000,0.000
2025-11-23 01:33:47,mlx5_1,4.507,0.006,62.788,30.819
2025-11-23 01:33:47,mlx5_2,4.482,0.006,64.272,34.964
2025-11-23 01:33:47,mlx5_3,4.556,0.006,63.479,32.866
2025-11-23 01:33:47,mlx5_4,4.561,0.006,65.592,36.809
2025-11-23 01:33:47,mlx5_5,4.576,0.006,62.805,31.592
2025-11-23 01:33:47,mlx5_6,4.522,0.006,64.989,35.992
2025-11-23 01:33:47,mlx5_7,0.000,0.000,0.000,0.000
2025-11-23 01:33:47,mlx5_8,4.513,0.006,63.786,33.885
2025-11-23 01:33:47,mlx5_9,4.706,0.006,66.230,37.916
2025-11-23 01:33:47,TOTAL,36.422,0.049,513.941,274.844
2025-11-23 01:33:48,mlx5_0,0.000,0.000,0.000,0.000
2025-11-23 01:33:48,mlx5_1,0.000,0.000,62.788,30.819
2025-11-23 01:33:48,mlx5_2,0.000,0.000,64.272,34.964
2025-11-23 01:33:48,mlx5_3,0.000,0.000,63.479,32.866
2025-11-23 01:33:48,mlx5_4,0.000,0.000,65.592,36.809
2025-11-23 01:33:48,mlx5_5,0.000,0.000,62.805,31.592
2025-11-23 01:33:48,mlx5_6,0.000,0.000,64.989,35.992
2025-11-23 01:33:48,mlx5_7,0.000,0.000,0.000,0.000
2025-11-23 01:33:48,mlx5_8,0.000,0.000,63.786,33.885
2025-11-23 01:33:48,mlx5_9,0.000,0.000,66.230,37.916
2025-11-23 01:33:48,TOTAL,0.000,0.000,513.941,274.844
2025-11-23 01:33:49,mlx5_0,0.000,0.000,0.000,0.000
2025-11-23 01:33:49,mlx5_1,4.540,0.006,63.359,30.820
2025-11-23 01:33:49,mlx5_2,4.618,0.006,64.852,34.965
2025-11-23 01:33:49,mlx5_3,4.575,0.006,64.053,32.866
2025-11-23 01:33:49,mlx5_4,4.738,0.006,66.187,36.810
2025-11-23 01:33:49,mlx5_5,4.552,0.006,63.377,31.592
2025-11-23 01:33:49,mlx5_6,4.655,0.006,65.574,35.993
2025-11-23 01:33:49,mlx5_7,0.000,0.000,0.000,0.000
2025-11-23 01:33:49,mlx5_8,4.786,0.006,64.388,33.886
2025-11-23 01:33:49,mlx5_9,4.758,0.006,66.827,37.917
2025-11-23 01:33:49,TOTAL,37.222,0.048,518.617,274.850
2025-11-23 01:33:50,mlx5_0,0.000,0.000,0.000,0.000
2025-11-23 01:33:50,mlx5_1,0.000,0.000,63.359,30.820
2025-11-23 01:33:50,mlx5_2,0.000,0.000,64.852,34.965
2025-11-23 01:33:50,mlx5_3,0.000,0.000,64.053,32.866
2025-11-23 01:33:50,mlx5_4,0.000,0.000,66.187,36.810
2025-11-23 01:33:50,mlx5_5,0.000,0.000,63.377,31.592
2025-11-23 01:33:50,mlx5_6,0.000,0.000,65.574,35.993
2025-11-23 01:33:50,mlx5_7,0.000,0.000,0.000,0.000
2025-11-23 01:33:50,mlx5_8,0.000,0.000,64.388,33.886
2025-11-23 01:33:50,mlx5_9,0.000,0.000,66.827,37.917
2025-11-23 01:33:50,TOTAL,0.000,0.000,518.617,274.850
2025-11-23 01:33:51,mlx5_0,0.000,0.000,0.000,0.000
2025-11-23 01:33:51,mlx5_1,4.595,0.006,63.936,30.821
2025-11-23 01:33:51,mlx5_2,4.733,0.006,65.447,34.966
2025-11-23 01:33:51,mlx5_3,4.547,0.006,64.625,32.867
2025-11-23 01:33:51,mlx5_4,4.721,0.006,66.780,36.811
2025-11-23 01:33:51,mlx5_5,4.709,0.006,63.969,31.593
2025-11-23 01:33:51,mlx5_6,4.561,0.006,66.147,35.994
2025-11-23 01:33:51,mlx5_7,0.000,0.000,0.000,0.000
2025-11-23 01:33:51,mlx5_8,4.621,0.006,64.968,33.887
2025-11-23 01:33:51,mlx5_9,4.708,0.006,67.419,37.917
2025-11-23 01:33:51,TOTAL,37.195,0.048,523.293,274.856
2025-11-23 01:33:52,mlx5_0,0.000,0.000,0.000,0.000
2025-11-23 01:33:52,mlx5_1,0.000,0.000,63.936,30.821
2025-11-23 01:33:52,mlx5_2,0.000,0.000,65.447,34.966
2025-11-23 01:33:52,mlx5_3,0.000,0.000,64.625,32.867
2025-11-23 01:33:52,mlx5_4,0.000,0.000,66.780,36.811
2025-11-23 01:33:52,mlx5_5,0.000,0.000,63.969,31.593
2025-11-23 01:33:52,mlx5_6,0.000,0.000,66.147,35.994
2025-11-23 01:33:52,mlx5_7,0.000,0.000,0.000,0.000
2025-11-23 01:33:52,mlx5_8,0.000,0.000,64.968,33.887
2025-11-23 01:33:52,mlx5_9,0.000,0.000,67.419,37.917
2025-11-23 01:33:52,TOTAL,0.000,0.000,523.293,274.856
2025-11-23 01:33:53,mlx5_0,0.000,0.000,0.000,0.000
2025-11-23 01:33:53,mlx5_1,4.455,0.006,64.496,30.822
2025-11-23 01:33:53,mlx5_2,4.705,0.006,66.038,34.967
2025-11-23 01:33:53,mlx5_3,4.686,0.006,65.214,32.868
2025-11-23 01:33:53,mlx5_4,4.626,0.006,67.362,36.811
2025-11-23 01:33:53,mlx5_5,4.582,0.006,64.545,31.594
2025-11-23 01:33:53,mlx5_6,4.667,0.006,66.734,35.995
2025-11-23 01:33:53,mlx5_7,0.000,0.000,0.000,0.000
2025-11-23 01:33:53,mlx5_8,4.674,0.006,65.556,33.888
2025-11-23 01:33:53,mlx5_9,4.821,0.006,68.025,37.918
2025-11-23 01:33:53,TOTAL,37.216,0.049,527.969,274.862
2025-11-23 01:33:54,mlx5_0,0.000,0.000,0.000,0.000
2025-11-23 01:33:54,mlx5_1,0.000,0.000,64.496,30.822
2025-11-23 01:33:54,mlx5_2,0.000,0.000,66.038,34.967
2025-11-23 01:33:54,mlx5_3,0.000,0.000,65.214,32.868
2025-11-23 01:33:54,mlx5_4,0.000,0.000,67.362,36.811
2025-11-23 01:33:54,mlx5_5,0.000,0.000,64.545,31.594
2025-11-23 01:33:54,mlx5_6,0.000,0.000,66.734,35.995
2025-11-23 01:33:54,mlx5_7,0.000,0.000,0.000,0.000
2025-11-23 01:33:54,mlx5_8,0.000,0.000,65.556,33.888
2025-11-23 01:33:54,mlx5_9,0.000,0.000,68.025,37.918
2025-11-23 01:33:54,TOTAL,0.000,0.000,527.969,274.862
2025-11-23 01:33:55,mlx5_0,0.000,0.000,0.000,0.000
2025-11-23 01:33:55,mlx5_1,4.631,4.991,65.078,31.448
2025-11-23 01:33:55,mlx5_2,4.456,5.546,66.598,35.663
2025-11-23 01:33:55,mlx5_3,4.606,5.473,65.792,33.555
2025-11-23 01:33:55,mlx5_4,4.777,5.943,67.961,37.558
2025-11-23 01:33:55,mlx5_5,4.648,5.097,65.129,32.234
2025-11-23 01:33:55,mlx5_6,4.784,5.560,67.334,36.693
2025-11-23 01:33:55,mlx5_7,0.000,0.000,0.000,0.000
2025-11-23 01:33:55,mlx5_8,4.437,5.463,66.113,34.574
2025-11-23 01:33:55,mlx5_9,4.985,6.357,68.651,38.716
2025-11-23 01:33:55,TOTAL,37.323,44.430,532.656,280.441
2025-11-23 01:33:56,mlx5_0,0.000,0.000,0.000,0.000
2025-11-23 01:33:56,mlx5_1,0.000,0.000,65.078,31.448
2025-11-23 01:33:56,mlx5_2,0.000,0.000,66.598,35.663
2025-11-23 01:33:56,mlx5_3,0.000,0.000,65.792,33.555
2025-11-23 01:33:56,mlx5_4,0.000,0.000,67.961,37.558
2025-11-23 01:33:56,mlx5_5,0.000,0.000,65.129,32.234
2025-11-23 01:33:56,mlx5_6,0.000,0.000,67.334,36.693
2025-11-23 01:33:56,mlx5_7,0.000,0.000,0.000,0.000
2025-11-23 01:33:56,mlx5_8,0.000,0.000,66.113,34.574
2025-11-23 01:33:56,mlx5_9,0.000,0.000,68.651,38.716
2025-11-23 01:33:56,TOTAL,0.000,0.000,532.656,280.441
2025-11-23 01:33:57,mlx5_0,0.000,0.000,0.000,0.000
2025-11-23 01:33:57,mlx5_1,4.502,0.006,65.643,31.449
2025-11-23 01:33:57,mlx5_2,4.505,0.006,67.164,35.664
2025-11-23 01:33:57,mlx5_3,4.355,0.006,66.339,33.556
2025-11-23 01:33:57,mlx5_4,4.707,0.006,68.553,37.558
2025-11-23 01:33:57,mlx5_5,4.411,0.006,65.683,32.235
2025-11-23 01:33:57,mlx5_6,4.734,0.006,67.929,36.694
2025-11-23 01:33:57,mlx5_7,0.000,0.000,0.000,0.000
2025-11-23 01:33:57,mlx5_8,4.486,0.006,66.676,34.574
2025-11-23 01:33:57,mlx5_9,4.728,0.006,69.245,38.717
2025-11-23 01:33:57,TOTAL,36.429,0.049,537.232,280.447
2025-11-23 01:33:58,mlx5_0,0.000,0.000,0.000,0.000
2025-11-23 01:33:58,mlx5_1,0.000,0.000,65.643,31.449
2025-11-23 01:33:58,mlx5_2,0.000,0.000,67.164,35.664
2025-11-23 01:33:58,mlx5_3,0.000,0.000,66.339,33.556
2025-11-23 01:33:58,mlx5_4,0.000,0.000,68.553,37.558
2025-11-23 01:33:58,mlx5_5,0.000,0.000,65.683,32.235
2025-11-23 01:33:58,mlx5_6,0.000,0.000,67.929,36.694
2025-11-23 01:33:58,mlx5_7,0.000,0.000,0.000,0.000
2025-11-23 01:33:58,mlx5_8,0.000,0.000,66.676,34.574
2025-11-23 01:33:58,mlx5_9,0.000,0.000,69.245,38.717
2025-11-23 01:33:58,TOTAL,0.000,0.000,537.232,280.447
2025-11-23 01:33:59,mlx5_0,0.000,0.000,0.000,0.000
2025-11-23 01:33:59,mlx5_1,4.510,0.006,66.210,31.450
2025-11-23 01:33:59,mlx5_2,4.765,0.006,67.762,35.665
2025-11-23 01:33:59,mlx5_3,4.665,0.006,66.925,33.557
2025-11-23 01:33:59,mlx5_4,4.812,0.006,69.157,37.559
2025-11-23 01:33:59,mlx5_5,4.520,0.006,66.250,32.235
2025-11-23 01:33:59,mlx5_6,4.585,0.006,68.505,36.694
2025-11-23 01:33:59,mlx5_7,0.000,0.000,0.000,0.000
2025-11-23 01:33:59,mlx5_8,4.656,0.006,67.261,34.575
2025-11-23 01:33:59,mlx5_9,4.713,0.006,69.837,38.718
2025-11-23 01:33:59,TOTAL,37.225,0.048,541.908,280.453
2025-11-23 01:34:00,mlx5_0,0.000,0.000,0.000,0.000
2025-11-23 01:34:00,mlx5_1,0.000,0.000,66.210,31.450
2025-11-23 01:34:00,mlx5_2,0.000,0.000,67.762,35.665
2025-11-23 01:34:00,mlx5_3,0.000,0.000,66.925,33.557
2025-11-23 01:34:00,mlx5_4,0.000,0.000,69.157,37.559
2025-11-23 01:34:00,mlx5_5,0.000,0.000,66.250,32.235
2025-11-23 01:34:00,mlx5_6,0.000,0.000,68.505,36.694
2025-11-23 01:34:00,mlx5_7,0.000,0.000,0.000,0.000
2025-11-23 01:34:00,mlx5_8,0.000,0.000,67.261,34.575
2025-11-23 01:34:00,mlx5_9,0.000,0.000,69.837,38.718
2025-11-23 01:34:00,TOTAL,0.000,0.000,541.908,280.453
2025-11-23 01:34:01,mlx5_0,0.000,0.000,0.000,0.000
2025-11-23 01:34:01,mlx5_1,4.664,0.006,66.796,31.450
2025-11-23 01:34:01,mlx5_2,4.609,0.006,68.341,35.665
2025-11-23 01:34:01,mlx5_3,4.490,0.006,67.489,33.557
2025-11-23 01:34:01,mlx5_4,4.845,0.006,69.766,37.560
2025-11-23 01:34:01,mlx5_5,4.559,0.006,66.823,32.236
2025-11-23 01:34:01,mlx5_6,4.674,0.006,69.092,36.695
2025-11-23 01:34:01,mlx5_7,0.000,0.000,0.000,0.000
2025-11-23 01:34:01,mlx5_8,4.579,0.006,67.836,34.576
2025-11-23 01:34:01,mlx5_9,4.802,0.006,70.440,38.719
2025-11-23 01:34:01,TOTAL,37.222,0.048,546.584,280.459
2025-11-23 01:34:02,mlx5_0,0.000,0.000,0.000,0.000
2025-11-23 01:34:02,mlx5_1,0.000,0.000,66.796,31.450
2025-11-23 01:34:02,mlx5_2,0.000,0.000,68.341,35.665
2025-11-23 01:34:02,mlx5_3,0.000,0.000,67.489,33.557
2025-11-23 01:34:02,mlx5_4,0.000,0.000,69.766,37.560
2025-11-23 01:34:02,mlx5_5,0.000,0.000,66.823,32.236
2025-11-23 01:34:02,mlx5_6,0.000,0.000,69.092,36.695
2025-11-23 01:34:02,mlx5_7,0.000,0.000,0.000,0.000
2025-11-23 01:34:02,mlx5_8,0.000,0.000,67.836,34.576
2025-11-23 01:34:02,mlx5_9,0.000,0.000,70.440,38.719
2025-11-23 01:34:02,TOTAL,0.000,0.000,546.584,280.459
2025-11-23 01:34:03,mlx5_0,0.000,0.000,0.000,0.000
2025-11-23 01:34:03,mlx5_1,4.503,0.006,67.361,31.451
2025-11-23 01:34:03,mlx5_2,4.807,0.006,68.945,35.666
2025-11-23 01:34:03,mlx5_3,4.587,0.006,68.065,33.558
2025-11-23 01:34:03,mlx5_4,4.696,0.006,70.356,37.561
2025-11-23 01:34:03,mlx5_5,4.539,0.006,67.393,32.237
2025-11-23 01:34:03,mlx5_6,4.677,0.006,69.680,36.696
2025-11-23 01:34:03,mlx5_7,0.000,0.000,0.000,0.000
2025-11-23 01:34:03,mlx5_8,4.549,0.006,68.408,34.577
2025-11-23 01:34:03,mlx5_9,4.866,0.006,71.051,38.720
2025-11-23 01:34:03,TOTAL,37.224,0.048,551.259,280.465
2025-11-23 01:34:04,mlx5_0,0.000,0.000,0.000,0.000
2025-11-23 01:34:04,mlx5_1,0.000,0.000,67.361,31.451
2025-11-23 01:34:04,mlx5_2,0.000,0.000,68.945,35.666
2025-11-23 01:34:04,mlx5_3,0.000,0.000,68.065,33.558
2025-11-23 01:34:04,mlx5_4,0.000,0.000,70.356,37.561
2025-11-23 01:34:04,mlx5_5,0.000,0.000,67.393,32.237
2025-11-23 01:34:04,mlx5_6,0.000,0.000,69.680,36.696
2025-11-23 01:34:04,mlx5_7,0.000,0.000,0.000,0.000
2025-11-23 01:34:04,mlx5_8,0.000,0.000,68.408,34.577
2025-11-23 01:34:04,mlx5_9,0.000,0.000,71.051,38.720
2025-11-23 01:34:04,TOTAL,0.000,0.000,551.259,280.465
2025-11-23 01:34:05,mlx5_0,0.000,0.000,0.000,0.000
2025-11-23 01:34:05,mlx5_1,4.508,5.266,67.928,32.113
2025-11-23 01:34:05,mlx5_2,4.790,5.395,69.547,36.344
2025-11-23 01:34:05,mlx5_3,4.597,5.462,68.643,34.244
2025-11-23 01:34:05,mlx5_4,4.844,5.638,70.964,38.269
2025-11-23 01:34:05,mlx5_5,4.471,5.167,67.955,32.886
2025-11-23 01:34:05,mlx5_6,4.775,5.908,70.280,37.438
2025-11-23 01:34:05,mlx5_7,0.000,0.000,0.000,0.000
2025-11-23 01:34:05,mlx5_8,4.551,5.247,68.980,35.236
2025-11-23 01:34:05,mlx5_9,4.759,6.311,71.649,39.513
2025-11-23 01:34:05,TOTAL,37.294,44.394,555.946,286.044
2025-11-23 01:34:06,mlx5_0,0.000,0.000,0.000,0.000
2025-11-23 01:34:06,mlx5_1,0.000,0.000,67.928,32.113
2025-11-23 01:34:06,mlx5_2,0.000,0.000,69.547,36.344
2025-11-23 01:34:06,mlx5_3,0.000,0.000,68.643,34.244
2025-11-23 01:34:06,mlx5_4,0.000,0.000,70.964,38.269
2025-11-23 01:34:06,mlx5_5,0.000,0.000,67.955,32.886
2025-11-23 01:34:06,mlx5_6,0.000,0.000,70.280,37.438
2025-11-23 01:34:06,mlx5_7,0.000,0.000,0.000,0.000
2025-11-23 01:34:06,mlx5_8,0.000,0.000,68.980,35.236
2025-11-23 01:34:06,mlx5_9,0.000,0.000,71.649,39.513
2025-11-23 01:34:06,TOTAL,0.000,0.000,555.946,286.044
2025-11-23 01:34:07,mlx5_0,0.000,0.000,0.000,0.000
2025-11-23 01:34:07,mlx5_1,0.000,0.000,67.928,32.113
2025-11-23 01:34:07,mlx5_2,0.000,0.000,69.547,36.344
2025-11-23 01:34:07,mlx5_3,0.000,0.000,68.643,34.244
2025-11-23 01:34:07,mlx5_4,0.000,0.000,70.964,38.269
2025-11-23 01:34:07,mlx5_5,0.000,0.000,67.955,32.886
2025-11-23 01:34:07,mlx5_6,0.000,0.000,70.280,37.438
2025-11-23 01:34:07,mlx5_7,0.000,0.000,0.000,0.000
2025-11-23 01:34:07,mlx5_8,0.000,0.000,68.980,35.236
2025-11-23 01:34:07,mlx5_9,0.000,0.000,71.649,39.513
2025-11-23 01:34:07,TOTAL,0.000,0.000,555.946,286.044
2025-11-23 01:34:08,mlx5_0,0.000,0.000,0.000,0.000
2025-11-23 01:34:08,mlx5_1,4.771,0.006,68.527,32.114
2025-11-23 01:34:08,mlx5_2,4.981,0.007,70.173,36.345
2025-11-23 01:34:08,mlx5_3,4.750,0.006,69.240,34.245
2025-11-23 01:34:08,mlx5_4,4.808,0.006,71.568,38.270
2025-11-23 01:34:08,mlx5_5,4.635,0.006,68.537,32.887
2025-11-23 01:34:08,mlx5_6,4.993,0.007,70.907,37.439
2025-11-23 01:34:08,mlx5_7,0.000,0.000,0.000,0.000
2025-11-23 01:34:08,mlx5_8,4.862,0.006,69.590,35.237
2025-11-23 01:34:08,mlx5_9,4.953,0.007,72.271,39.514
2025-11-23 01:34:08,TOTAL,38.753,0.052,560.814,286.050
2025-11-23 01:34:09,mlx5_0,0.000,0.000,0.000,0.000
2025-11-23 01:34:09,mlx5_1,4.417,0.006,69.082,32.115
2025-11-23 01:34:09,mlx5_2,4.735,0.006,70.768,36.346
2025-11-23 01:34:09,mlx5_3,4.395,0.006,69.792,34.246
2025-11-23 01:34:09,mlx5_4,4.943,0.006,72.189,38.271
2025-11-23 01:34:09,mlx5_5,4.525,0.006,69.106,32.888
2025-11-23 01:34:09,mlx5_6,4.826,0.006,71.513,37.440
2025-11-23 01:34:09,mlx5_7,0.000,0.000,0.000,0.000
2025-11-23 01:34:09,mlx5_8,4.648,0.006,70.174,35.237
2025-11-23 01:34:09,mlx5_9,4.725,0.006,72.865,39.514
2025-11-23 01:34:09,TOTAL,37.214,0.048,565.490,286.057
2025-11-23 01:34:11,mlx5_0,0.000,0.000,0.000,0.000
2025-11-23 01:34:11,mlx5_1,0.000,0.000,69.082,32.115
2025-11-23 01:34:11,mlx5_2,0.000,0.000,70.768,36.346
2025-11-23 01:34:11,mlx5_3,0.000,0.000,69.792,34.246
2025-11-23 01:34:11,mlx5_4,0.000,0.000,72.189,38.271
2025-11-23 01:34:11,mlx5_5,0.000,0.000,69.106,32.888
2025-11-23 01:34:11,mlx5_6,0.000,0.000,71.513,37.440
2025-11-23 01:34:11,mlx5_7,0.000,0.000,0.000,0.000
2025-11-23 01:34:11,mlx5_8,0.000,0.000,70.174,35.237
2025-11-23 01:34:11,mlx5_9,0.000,0.000,72.865,39.514
2025-11-23 01:34:11,TOTAL,0.000,0.000,565.490,286.057
2025-11-23 01:34:12,mlx5_0,0.000,0.000,0.000,0.000
2025-11-23 01:34:12,mlx5_1,4.603,0.006,69.660,32.115
2025-11-23 01:34:12,mlx5_2,4.644,0.006,71.351,36.347
2025-11-23 01:34:12,mlx5_3,4.640,0.006,70.375,34.247
2025-11-23 01:34:12,mlx5_4,4.713,0.006,72.782,38.272
2025-11-23 01:34:12,mlx5_5,4.449,0.006,69.665,32.888
2025-11-23 01:34:12,mlx5_6,4.739,0.006,72.109,37.441
2025-11-23 01:34:12,mlx5_7,0.000,0.000,0.000,0.000
2025-11-23 01:34:12,mlx5_8,4.603,0.006,70.753,35.238
2025-11-23 01:34:12,mlx5_9,4.828,0.006,73.472,39.515
2025-11-23 01:34:12,TOTAL,37.220,0.048,570.166,286.063
2025-11-23 01:34:13,mlx5_0,0.000,0.000,0.000,0.000
2025-11-23 01:34:13,mlx5_1,0.000,0.000,69.660,32.115
2025-11-23 01:34:13,mlx5_2,0.000,0.000,71.351,36.347
2025-11-23 01:34:13,mlx5_3,0.000,0.000,70.375,34.247
2025-11-23 01:34:13,mlx5_4,0.000,0.000,72.782,38.272
2025-11-23 01:34:13,mlx5_5,0.000,0.000,69.665,32.888
2025-11-23 01:34:13,mlx5_6,0.000,0.000,72.109,37.441
2025-11-23 01:34:13,mlx5_7,0.000,0.000,0.000,0.000
2025-11-23 01:34:13,mlx5_8,0.000,0.000,70.753,35.238
2025-11-23 01:34:13,mlx5_9,0.000,0.000,73.472,39.515
2025-11-23 01:34:13,TOTAL,0.000,0.000,570.166,286.063
2025-11-23 01:34:14,mlx5_0,0.000,0.000,0.000,0.000
2025-11-23 01:34:14,mlx5_1,4.677,0.006,70.248,32.116
2025-11-23 01:34:14,mlx5_2,4.555,0.006,71.923,36.347
2025-11-23 01:34:14,mlx5_3,4.666,0.006,70.961,34.248
2025-11-23 01:34:14,mlx5_4,4.692,0.006,73.371,38.272
2025-11-23 01:34:14,mlx5_5,4.713,0.006,70.257,32.889
2025-11-23 01:34:14,mlx5_6,4.613,0.006,72.688,37.441
2025-11-23 01:34:14,mlx5_7,0.000,0.000,0.000,0.000
2025-11-23 01:34:14,mlx5_8,4.586,0.006,71.329,35.239
2025-11-23 01:34:14,mlx5_9,4.725,0.006,74.065,39.516
2025-11-23 01:34:14,TOTAL,37.226,0.048,574.842,286.069
2025-11-23 01:34:15,mlx5_0,0.000,0.000,0.000,0.000
2025-11-23 01:34:15,mlx5_1,0.000,0.000,70.248,32.116
2025-11-23 01:34:15,mlx5_2,0.000,0.000,71.923,36.347
2025-11-23 01:34:15,mlx5_3,0.000,0.000,70.961,34.248
2025-11-23 01:34:15,mlx5_4,0.000,0.000,73.371,38.272
2025-11-23 01:34:15,mlx5_5,0.000,0.000,70.257,32.889
2025-11-23 01:34:15,mlx5_6,0.000,0.000,72.688,37.441
2025-11-23 01:34:15,mlx5_7,0.000,0.000,0.000,0.000
2025-11-23 01:34:15,mlx5_8,0.000,0.000,71.329,35.239
2025-11-23 01:34:15,mlx5_9,0.000,0.000,74.065,39.516
2025-11-23 01:34:15,TOTAL,0.000,0.000,574.842,286.069
2025-11-23 01:34:16,mlx5_0,0.000,0.000,0.000,0.000
2025-11-23 01:34:16,mlx5_1,0.000,0.000,70.248,32.116
2025-11-23 01:34:16,mlx5_2,0.000,0.000,71.923,36.347
2025-11-23 01:34:16,mlx5_3,0.000,0.000,70.961,34.248
2025-11-23 01:34:16,mlx5_4,0.000,0.000,73.371,38.272
2025-11-23 01:34:16,mlx5_5,0.000,0.000,70.257,32.889
2025-11-23 01:34:16,mlx5_6,0.000,0.000,72.688,37.441
2025-11-23 01:34:16,mlx5_7,0.000,0.000,0.000,0.000
2025-11-23 01:34:16,mlx5_8,0.000,0.000,71.329,35.239
2025-11-23 01:34:16,mlx5_9,0.000,0.000,74.065,39.516
2025-11-23 01:34:16,TOTAL,0.000,0.000,574.842,286.069
2025-11-23 01:34:17,mlx5_0,0.000,0.000,0.000,0.000
2025-11-23 01:34:17,mlx5_1,4.550,0.006,70.819,32.117
2025-11-23 01:34:17,mlx5_2,4.582,0.006,72.499,36.348
2025-11-23 01:34:17,mlx5_3,4.386,0.006,71.512,34.248
2025-11-23 01:34:17,mlx5_4,4.790,0.006,73.973,38.273
2025-11-23 01:34:17,mlx5_5,4.497,0.006,70.822,32.890
2025-11-23 01:34:17,mlx5_6,4.746,0.006,73.284,37.442
2025-11-23 01:34:17,mlx5_7,0.000,0.000,0.000,0.000
2025-11-23 01:34:17,mlx5_8,4.609,0.006,71.908,35.240
2025-11-23 01:34:17,mlx5_9,5.054,0.007,74.700,39.517
2025-11-23 01:34:17,TOTAL,37.213,0.048,579.518,286.075
2025-11-23 01:34:18,mlx5_0,0.000,0.000,0.000,0.000
2025-11-23 01:34:18,mlx5_1,1.833,0.003,71.050,32.117
2025-11-23 01:34:18,mlx5_2,1.932,0.003,72.742,36.348
2025-11-23 01:34:18,mlx5_3,1.952,0.003,71.757,34.249
2025-11-23 01:34:18,mlx5_4,2.062,0.003,74.232,38.273
2025-11-23 01:34:18,mlx5_5,1.805,0.003,71.049,32.890
2025-11-23 01:34:18,mlx5_6,2.049,0.003,73.542,37.443
2025-11-23 01:34:18,mlx5_7,0.000,0.000,0.000,0.000
2025-11-23 01:34:18,mlx5_8,1.890,0.003,72.146,35.240
2025-11-23 01:34:18,mlx5_9,1.958,0.003,74.946,39.517
2025-11-23 01:34:18,TOTAL,15.482,0.021,581.463,286.077
2025-11-23 01:34:19,mlx5_0,0.000,0.000,0.000,0.000
2025-11-23 01:34:19,mlx5_1,0.000,0.000,71.050,32.117
2025-11-23 01:34:19,mlx5_2,0.000,0.000,72.742,36.348
2025-11-23 01:34:19,mlx5_3,0.000,0.000,71.757,34.249
2025-11-23 01:34:19,mlx5_4,0.000,0.000,74.232,38.273
2025-11-23 01:34:19,mlx5_5,0.000,0.000,71.049,32.890
2025-11-23 01:34:19,mlx5_6,0.000,0.000,73.542,37.443
2025-11-23 01:34:19,mlx5_7,0.000,0.000,0.000,0.000
2025-11-23 01:34:19,mlx5_8,0.000,0.000,72.146,35.240
2025-11-23 01:34:19,mlx5_9,0.000,0.000,74.946,39.517
2025-11-23 01:34:19,TOTAL,0.000,0.000,581.463,286.077
2025-11-23 01:34:20,mlx5_0,0.000,0.000,0.000,0.000
2025-11-23 01:34:20,mlx5_1,0.000,0.000,71.050,32.117
2025-11-23 01:34:20,mlx5_2,0.000,0.000,72.742,36.348
2025-11-23 01:34:20,mlx5_3,0.000,0.000,71.757,34.249
2025-11-23 01:34:20,mlx5_4,0.000,0.000,74.232,38.273
2025-11-23 01:34:20,mlx5_5,0.000,0.000,71.049,32.890
2025-11-23 01:34:20,mlx5_6,0.000,0.000,73.542,37.443
2025-11-23 01:34:20,mlx5_7,0.000,0.000,0.000,0.000
2025-11-23 01:34:20,mlx5_8,0.000,0.000,72.146,35.240
2025-11-23 01:34:20,mlx5_9,0.000,0.000,74.946,39.517
2025-11-23 01:34:20,TOTAL,0.000,0.000,581.463,286.077
2025-11-23 01:34:21,mlx5_0,0.000,0.000,0.000,0.000
2025-11-23 01:34:21,mlx5_1,0.000,0.000,71.050,32.117
2025-11-23 01:34:21,mlx5_2,0.000,0.000,72.742,36.348
2025-11-23 01:34:21,mlx5_3,0.000,0.000,71.757,34.249
2025-11-23 01:34:21,mlx5_4,0.000,0.000,74.232,38.273
2025-11-23 01:34:21,mlx5_5,0.000,0.000,71.049,32.890
2025-11-23 01:34:21,mlx5_6,0.000,0.000,73.542,37.443
2025-11-23 01:34:21,mlx5_7,0.000,0.000,0.000,0.000
2025-11-23 01:34:21,mlx5_8,0.000,0.000,72.146,35.240
2025-11-23 01:34:21,mlx5_9,0.000,0.000,74.946,39.517
2025-11-23 01:34:21,TOTAL,0.000,0.000,581.463,286.077
2025-11-23 01:34:22,mlx5_0,0.000,0.000,0.000,0.000
2025-11-23 01:34:22,mlx5_1,0.000,0.000,71.050,32.117
2025-11-23 01:34:22,mlx5_2,0.000,0.000,72.742,36.348
2025-11-23 01:34:22,mlx5_3,0.000,0.000,71.757,34.249
2025-11-23 01:34:22,mlx5_4,0.000,0.000,74.232,38.273
2025-11-23 01:34:22,mlx5_5,0.000,0.000,71.049,32.890
2025-11-23 01:34:22,mlx5_6,0.000,0.000,73.542,37.443
2025-11-23 01:34:22,mlx5_7,0.000,0.000,0.000,0.000
2025-11-23 01:34:22,mlx5_8,0.000,0.000,72.146,35.240
2025-11-23 01:34:22,mlx5_9,0.000,0.000,74.946,39.517
2025-11-23 01:34:22,TOTAL,0.000,0.000,581.463,286.077
2025-11-23 01:34:23,mlx5_0,0.000,0.000,0.000,0.000
2025-11-23 01:34:23,mlx5_1,0.000,0.000,71.050,32.117
2025-11-23 01:34:23,mlx5_2,0.000,0.000,72.742,36.348
2025-11-23 01:34:23,mlx5_3,0.000,0.000,71.757,34.249
2025-11-23 01:34:23,mlx5_4,0.000,0.000,74.232,38.273
2025-11-23 01:34:23,mlx5_5,0.000,0.000,71.049,32.890
2025-11-23 01:34:23,mlx5_6,0.000,0.000,73.542,37.443
2025-11-23 01:34:23,mlx5_7,0.000,0.000,0.000,0.000
2025-11-23 01:34:23,mlx5_8,0.000,0.000,72.146,35.240
2025-11-23 01:34:23,mlx5_9,0.000,0.000,74.946,39.517
2025-11-23 01:34:23,TOTAL,0.000,0.000,581.463,286.077
2025-11-23 01:34:24,mlx5_0,0.000,0.000,0.000,0.000
2025-11-23 01:34:24,mlx5_1,0.000,0.000,71.050,32.117
2025-11-23 01:34:24,mlx5_2,0.000,0.000,72.742,36.348
2025-11-23 01:34:24,mlx5_3,0.000,0.000,71.757,34.249
2025-11-23 01:34:24,mlx5_4,0.000,0.000,74.232,38.273
2025-11-23 01:34:24,mlx5_5,0.000,0.000,71.049,32.890
2025-11-23 01:34:24,mlx5_6,0.000,0.000,73.542,37.443
2025-11-23 01:34:24,mlx5_7,0.000,0.000,0.000,0.000
2025-11-23 01:34:24,mlx5_8,0.000,0.000,72.146,35.240
2025-11-23 01:34:24,mlx5_9,0.000,0.000,74.946,39.517
2025-11-23 01:34:24,TOTAL,0.000,0.000,581.463,286.077
2025-11-23 01:34:25,mlx5_0,0.000,0.000,0.000,0.000
2025-11-23 01:34:25,mlx5_1,0.000,0.000,71.050,32.117
2025-11-23 01:34:25,mlx5_2,0.000,0.000,72.742,36.348
2025-11-23 01:34:25,mlx5_3,0.000,0.000,71.757,34.249
2025-11-23 01:34:25,mlx5_4,0.000,0.000,74.232,38.273
2025-11-23 01:34:25,mlx5_5,0.000,0.000,71.049,32.890
2025-11-23 01:34:25,mlx5_6,0.000,0.000,73.542,37.443
2025-11-23 01:34:25,mlx5_7,0.000,0.000,0.000,0.000
2025-11-23 01:34:25,mlx5_8,0.000,0.000,72.146,35.240
2025-11-23 01:34:25,mlx5_9,0.000,0.000,74.946,39.517
2025-11-23 01:34:25,TOTAL,0.000,0.000,581.463,286.077
2025-11-23 01:34:26,mlx5_0,0.000,0.000,0.000,0.000
2025-11-23 01:34:26,mlx5_1,0.000,0.000,71.050,32.117
2025-11-23 01:34:26,mlx5_2,0.000,0.000,72.742,36.348
2025-11-23 01:34:26,mlx5_3,0.000,0.000,71.757,34.249
2025-11-23 01:34:26,mlx5_4,0.000,0.000,74.232,38.273
2025-11-23 01:34:26,mlx5_5,0.000,0.000,71.049,32.890
2025-11-23 01:34:26,mlx5_6,0.000,0.000,73.542,37.443
2025-11-23 01:34:26,mlx5_7,0.000,0.000,0.000,0.000
2025-11-23 01:34:26,mlx5_8,0.000,0.000,72.146,35.240
2025-11-23 01:34:26,mlx5_9,0.000,0.000,74.946,39.517
2025-11-23 01:34:26,TOTAL,0.000,0.000,581.463,286.077
2025-11-23 01:34:27,mlx5_0,0.000,0.000,0.000,0.000
2025-11-23 01:34:27,mlx5_1,0.000,0.000,71.050,32.117
2025-11-23 01:34:27,mlx5_2,0.000,0.000,72.742,36.348
2025-11-23 01:34:27,mlx5_3,0.000,0.000,71.757,34.249
2025-11-23 01:34:27,mlx5_4,0.000,0.000,74.232,38.273
2025-11-23 01:34:27,mlx5_5,0.000,0.000,71.049,32.890
2025-11-23 01:34:27,mlx5_6,0.000,0.000,73.542,37.443
2025-11-23 01:34:27,mlx5_7,0.000,0.000,0.000,0.000
2025-11-23 01:34:27,mlx5_8,0.000,0.000,72.146,35.240
2025-11-23 01:34:27,mlx5_9,0.000,0.000,74.946,39.517
2025-11-23 01:34:27,TOTAL,0.000,0.000,581.463,286.077
2025-11-23 01:34:28,mlx5_0,0.000,0.000,0.000,0.000
2025-11-23 01:34:28,mlx5_1,0.000,0.000,71.050,32.117
2025-11-23 01:34:28,mlx5_2,0.000,0.000,72.742,36.348
2025-11-23 01:34:28,mlx5_3,0.000,0.000,71.757,34.249
2025-11-23 01:34:28,mlx5_4,0.000,0.000,74.232,38.273
2025-11-23 01:34:28,mlx5_5,0.000,0.000,71.049,32.890
2025-11-23 01:34:28,mlx5_6,0.000,0.000,73.542,37.443
2025-11-23 01:34:28,mlx5_7,0.000,0.000,0.000,0.000
2025-11-23 01:34:28,mlx5_8,0.000,0.000,72.146,35.240
2025-11-23 01:34:28,mlx5_9,0.000,0.000,74.946,39.517
2025-11-23 01:34:28,TOTAL,0.000,0.000,581.463,286.077
2025-11-23 01:34:29,mlx5_0,0.000,0.000,0.000,0.000
2025-11-23 01:34:29,mlx5_1,0.000,0.000,71.050,32.117
2025-11-23 01:34:29,mlx5_2,0.000,0.000,72.742,36.348
2025-11-23 01:34:29,mlx5_3,0.000,0.000,71.757,34.249
2025-11-23 01:34:29,mlx5_4,0.000,0.000,74.232,38.273
2025-11-23 01:34:29,mlx5_5,0.000,0.000,71.049,32.890
2025-11-23 01:34:29,mlx5_6,0.000,0.000,73.542,37.443
2025-11-23 01:34:29,mlx5_7,0.000,0.000,0.000,0.000
2025-11-23 01:34:29,mlx5_8,0.000,0.000,72.146,35.240
2025-11-23 01:34:29,mlx5_9,0.000,0.000,74.946,39.517
2025-11-23 01:34:29,TOTAL,0.000,0.000,581.463,286.077
2025-11-23 01:34:30,mlx5_0,0.000,0.000,0.000,0.000
2025-11-23 01:34:30,mlx5_1,0.000,0.000,71.050,32.117
2025-11-23 01:34:30,mlx5_2,0.000,0.000,72.742,36.348
2025-11-23 01:34:30,mlx5_3,0.000,0.000,71.757,34.249
2025-11-23 01:34:30,mlx5_4,0.000,0.000,74.232,38.273
2025-11-23 01:34:30,mlx5_5,0.000,0.000,71.049,32.890
2025-11-23 01:34:30,mlx5_6,0.000,0.000,73.542,37.443
2025-11-23 01:34:30,mlx5_7,0.000,0.000,0.000,0.000
2025-11-23 01:34:30,mlx5_8,0.000,0.000,72.146,35.240
2025-11-23 01:34:30,mlx5_9,0.000,0.000,74.946,39.517
2025-11-23 01:34:30,TOTAL,0.000,0.000,581.463,286.077
2025-11-23 01:34:31,mlx5_0,0.000,0.000,0.000,0.000
2025-11-23 01:34:31,mlx5_1,0.000,0.000,71.050,32.117
2025-11-23 01:34:31,mlx5_2,0.000,0.000,72.742,36.348
2025-11-23 01:34:31,mlx5_3,0.000,0.000,71.757,34.249
2025-11-23 01:34:31,mlx5_4,0.000,0.000,74.232,38.273
2025-11-23 01:34:31,mlx5_5,0.000,0.000,71.049,32.890
2025-11-23 01:34:31,mlx5_6,0.000,0.000,73.542,37.443
2025-11-23 01:34:31,mlx5_7,0.000,0.000,0.000,0.000
2025-11-23 01:34:31,mlx5_8,0.000,0.000,72.146,35.240
2025-11-23 01:34:31,mlx5_9,0.000,0.000,74.946,39.517
2025-11-23 01:34:31,TOTAL,0.000,0.000,581.463,286.077
2025-11-23 01:34:32,mlx5_0,0.000,0.000,0.000,0.000
2025-11-23 01:34:32,mlx5_1,0.000,0.000,71.050,32.117
2025-11-23 01:34:32,mlx5_2,0.000,0.000,72.742,36.348
2025-11-23 01:34:32,mlx5_3,0.000,0.000,71.757,34.249
2025-11-23 01:34:32,mlx5_4,0.000,0.000,74.232,38.273
2025-11-23 01:34:32,mlx5_5,0.000,0.000,71.049,32.890
2025-11-23 01:34:32,mlx5_6,0.000,0.000,73.542,37.443
2025-11-23 01:34:32,mlx5_7,0.000,0.000,0.000,0.000
2025-11-23 01:34:32,mlx5_8,0.000,0.000,72.146,35.240
2025-11-23 01:34:32,mlx5_9,0.000,0.000,74.946,39.517
2025-11-23 01:34:32,TOTAL,0.000,0.000,581.463,286.077
2025-11-23 01:34:33,mlx5_0,0.000,0.000,0.000,0.000
2025-11-23 01:34:33,mlx5_1,0.029,14.524,71.053,33.942
2025-11-23 01:34:33,mlx5_2,0.031,16.400,72.746,38.408
2025-11-23 01:34:33,mlx5_3,0.034,15.660,71.761,36.216
2025-11-23 01:34:33,mlx5_4,0.035,17.939,74.236,40.527
2025-11-23 01:34:33,mlx5_5,0.033,15.086,71.053,34.785
2025-11-23 01:34:33,mlx5_6,0.034,17.572,73.546,39.650
2025-11-23 01:34:33,mlx5_7,0.000,0.000,0.000,0.000
2025-11-23 01:34:33,mlx5_8,0.032,16.142,72.150,37.268
2025-11-23 01:34:33,mlx5_9,0.035,18.806,74.951,41.879
2025-11-23 01:34:33,TOTAL,0.263,132.128,581.496,302.675
2025-11-23 01:34:34,mlx5_0,0.000,0.000,0.000,0.000
2025-11-23 01:34:34,mlx5_1,0.068,35.988,71.062,38.467
2025-11-23 01:34:34,mlx5_2,0.076,41.458,72.755,43.621
2025-11-23 01:34:34,mlx5_3,0.078,38.721,71.771,41.084
2025-11-23 01:34:34,mlx5_4,0.083,44.065,74.247,46.067
2025-11-23 01:34:34,mlx5_5,0.076,36.606,71.062,39.388
2025-11-23 01:34:34,mlx5_6,0.080,42.256,73.556,44.963
2025-11-23 01:34:34,mlx5_7,0.000,0.000,0.000,0.000
2025-11-23 01:34:34,mlx5_8,0.076,39.270,72.159,42.205
2025-11-23 01:34:34,mlx5_9,0.081,44.648,74.961,47.493
2025-11-23 01:34:34,TOTAL,0.618,323.011,581.574,343.288
2025-11-23 01:34:35,mlx5_0,0.000,0.000,0.000,0.000
2025-11-23 01:34:35,mlx5_1,0.072,37.459,71.071,43.174
2025-11-23 01:34:35,mlx5_2,0.078,42.646,72.765,48.981
2025-11-23 01:34:35,mlx5_3,0.085,41.268,71.782,46.271
2025-11-23 01:34:35,mlx5_4,0.090,47.132,74.258,51.991
2025-11-23 01:34:35,mlx5_5,0.083,39.012,71.073,44.291
2025-11-23 01:34:35,mlx5_6,0.084,45.538,73.567,50.686
2025-11-23 01:34:35,mlx5_7,0.000,0.000,0.000,0.000
2025-11-23 01:34:35,mlx5_8,0.082,42.194,72.169,47.508
2025-11-23 01:34:35,mlx5_9,0.088,48.707,74.972,53.615
2025-11-23 01:34:35,TOTAL,0.662,343.957,581.657,386.516
2025-11-23 01:34:36,mlx5_0,0.000,0.000,0.000,0.000
2025-11-23 01:34:36,mlx5_1,0.096,51.804,71.083,49.686
2025-11-23 01:34:36,mlx5_2,0.104,59.448,72.778,56.453
2025-11-23 01:34:36,mlx5_3,0.109,55.870,71.796,53.293
2025-11-23 01:34:36,mlx5_4,0.116,62.872,74.273,59.893
2025-11-23 01:34:36,mlx5_5,0.105,53.408,71.086,51.003
2025-11-23 01:34:36,mlx5_6,0.108,60.471,73.580,58.287
2025-11-23 01:34:36,mlx5_7,0.000,0.000,0.000,0.000
2025-11-23 01:34:36,mlx5_8,0.107,57.729,72.183,54.764
2025-11-23 01:34:36,mlx5_9,0.115,65.215,74.986,61.811
2025-11-23 01:34:36,TOTAL,0.860,466.817,581.765,445.190
2025-11-23 01:34:37,mlx5_0,0.000,0.000,0.000,0.000
2025-11-23 01:34:37,mlx5_1,0.103,55.167,71.096,56.616
2025-11-23 01:34:37,mlx5_2,0.110,62.980,72.792,64.365
2025-11-23 01:34:37,mlx5_3,0.116,58.725,71.810,60.671
2025-11-23 01:34:37,mlx5_4,0.124,65.899,74.288,68.172
2025-11-23 01:34:37,mlx5_5,0.114,56.115,71.100,58.053
2025-11-23 01:34:37,mlx5_6,0.116,65.337,73.595,66.495
2025-11-23 01:34:37,mlx5_7,0.000,0.000,0.000,0.000
2025-11-23 01:34:37,mlx5_8,0.114,60.489,72.197,62.363
2025-11-23 01:34:37,mlx5_9,0.123,69.718,75.002,70.570
2025-11-23 01:34:37,TOTAL,0.920,494.430,581.881,507.305
2025-11-23 01:34:38,mlx5_0,0.000,0.000,0.000,0.000
2025-11-23 01:34:38,mlx5_1,0.103,55.296,71.109,63.566
2025-11-23 01:34:38,mlx5_2,0.112,63.172,72.806,72.305
2025-11-23 01:34:38,mlx5_3,0.118,59.746,71.825,68.180
2025-11-23 01:34:38,mlx5_4,0.126,68.165,74.304,76.739
2025-11-23 01:34:38,mlx5_5,0.117,56.956,71.115,65.212
2025-11-23 01:34:38,mlx5_6,0.116,64.709,73.609,74.628
2025-11-23 01:34:38,mlx5_7,0.000,0.000,0.000,0.000
2025-11-23 01:34:38,mlx5_8,0.114,60.856,72.212,70.012
2025-11-23 01:34:38,mlx5_9,0.125,69.761,75.018,79.338
2025-11-23 01:34:38,TOTAL,0.932,498.661,581.998,569.978
2025-11-23 01:34:39,mlx5_0,0.000,0.000,0.000,0.000
2025-11-23 01:34:39,mlx5_1,0.121,63.180,71.124,71.506
2025-11-23 01:34:39,mlx5_2,0.129,72.293,72.822,81.390
2025-11-23 01:34:39,mlx5_3,0.136,68.379,71.842,76.773
2025-11-23 01:34:39,mlx5_4,0.146,77.062,74.322,86.424
2025-11-23 01:34:39,mlx5_5,0.133,65.502,71.132,73.444
2025-11-23 01:34:39,mlx5_6,0.137,75.060,73.627,84.061
2025-11-23 01:34:39,mlx5_7,0.000,0.000,0.000,0.000
2025-11-23 01:34:39,mlx5_8,0.135,70.730,72.228,78.901
2025-11-23 01:34:39,mlx5_9,0.141,78.743,75.035,89.234
2025-11-23 01:34:39,TOTAL,1.078,570.950,582.133,641.733
2025-11-23 01:34:40,mlx5_0,0.000,0.000,0.000,0.000
2025-11-23 01:34:40,mlx5_1,0.109,57.430,71.138,78.722
2025-11-23 01:34:40,mlx5_2,0.119,66.407,72.837,89.734
2025-11-23 01:34:40,mlx5_3,0.127,62.144,71.858,84.581
2025-11-23 01:34:40,mlx5_4,0.133,69.585,74.339,95.167
2025-11-23 01:34:40,mlx5_5,0.125,59.128,71.148,80.873
2025-11-23 01:34:40,mlx5_6,0.125,67.395,73.642,92.529
2025-11-23 01:34:40,mlx5_7,0.000,0.000,0.000,0.000
2025-11-23 01:34:40,mlx5_8,0.123,64.475,72.244,87.002
2025-11-23 01:34:40,mlx5_9,0.131,72.488,75.052,98.342
2025-11-23 01:34:40,TOTAL,0.991,519.053,582.258,706.948
2025-11-23 01:34:41,mlx5_0,0.000,0.000,0.000,0.000
2025-11-23 01:34:41,mlx5_1,0.107,55.870,71.151,85.745
2025-11-23 01:34:41,mlx5_2,0.116,63.777,72.852,97.750
2025-11-23 01:34:41,mlx5_3,0.123,61.056,71.874,92.256
2025-11-23 01:34:41,mlx5_4,0.129,67.906,74.355,103.703
2025-11-23 01:34:41,mlx5_5,0.119,57.762,71.163,88.133
2025-11-23 01:34:41,mlx5_6,0.122,66.463,73.658,100.883
2025-11-23 01:34:41,mlx5_7,0.000,0.000,0.000,0.000
2025-11-23 01:34:41,mlx5_8,0.119,62.590,72.259,94.869
2025-11-23 01:34:41,mlx5_9,0.126,70.681,75.068,107.226
2025-11-23 01:34:41,TOTAL,0.960,506.105,582.378,770.564
2025-11-23 01:34:42,mlx5_0,0.000,0.000,0.000,0.000
2025-11-23 01:34:42,mlx5_1,0.122,64.003,71.167,93.792
2025-11-23 01:34:42,mlx5_2,0.132,73.146,72.868,106.947
2025-11-23 01:34:42,mlx5_3,0.138,68.376,71.891,100.853
2025-11-23 01:34:42,mlx5_4,0.147,76.934,74.374,113.376
2025-11-23 01:34:42,mlx5_5,0.137,65.667,71.180,96.390
2025-11-23 01:34:42,mlx5_6,0.138,74.562,73.675,110.257
2025-11-23 01:34:42,mlx5_7,0.000,0.000,0.000,0.000
2025-11-23 01:34:42,mlx5_8,0.133,69.765,72.276,103.641
2025-11-23 01:34:42,mlx5_9,0.144,80.445,75.086,117.340
2025-11-23 01:34:42,TOTAL,1.090,572.899,582.515,842.595
2025-11-23 01:34:43,mlx5_0,0.000,0.000,0.000,0.000
2025-11-23 01:34:43,mlx5_1,0.074,39.011,71.176,98.695
2025-11-23 01:34:43,mlx5_2,0.082,45.693,72.879,112.691
2025-11-23 01:34:43,mlx5_3,0.087,42.536,71.902,106.199
2025-11-23 01:34:43,mlx5_4,0.091,48.694,74.385,119.496
2025-11-23 01:34:43,mlx5_5,0.085,40.937,71.190,101.535
2025-11-23 01:34:43,mlx5_6,0.084,46.424,73.685,116.093
2025-11-23 01:34:43,mlx5_7,0.000,0.000,0.000,0.000
2025-11-23 01:34:43,mlx5_8,0.084,44.382,72.286,109.220
2025-11-23 01:34:43,mlx5_9,0.087,49.532,75.097,123.566
2025-11-23 01:34:43,TOTAL,0.674,357.209,582.600,887.496
2025-11-23 01:34:44,mlx5_0,0.000,0.000,0.000,0.000
2025-11-23 01:34:44,mlx5_1,0.000,0.000,71.176,98.695
2025-11-23 01:34:44,mlx5_2,0.000,0.000,72.879,112.691
2025-11-23 01:34:44,mlx5_3,0.000,0.000,71.902,106.199
2025-11-23 01:34:44,mlx5_4,0.000,0.000,74.385,119.496
2025-11-23 01:34:44,mlx5_5,0.000,0.000,71.190,101.535
2025-11-23 01:34:44,mlx5_6,0.000,0.000,73.685,116.093
2025-11-23 01:34:44,mlx5_7,0.000,0.000,0.000,0.000
2025-11-23 01:34:44,mlx5_8,0.000,0.000,72.286,109.220
2025-11-23 01:34:44,mlx5_9,0.000,0.000,75.097,123.566
2025-11-23 01:34:44,TOTAL,0.000,0.000,582.600,887.496
2025-11-23 01:34:45,mlx5_0,0.000,0.000,0.000,0.000
2025-11-23 01:34:45,mlx5_1,0.000,0.000,71.176,98.695
2025-11-23 01:34:45,mlx5_2,0.000,0.000,72.879,112.691
2025-11-23 01:34:45,mlx5_3,0.000,0.000,71.902,106.199
2025-11-23 01:34:45,mlx5_4,0.000,0.000,74.385,119.496
2025-11-23 01:34:45,mlx5_5,0.000,0.000,71.190,101.535
2025-11-23 01:34:45,mlx5_6,0.000,0.000,73.685,116.093
2025-11-23 01:34:45,mlx5_7,0.000,0.000,0.000,0.000
2025-11-23 01:34:45,mlx5_8,0.000,0.000,72.286,109.220
2025-11-23 01:34:45,mlx5_9,0.000,0.000,75.097,123.566
2025-11-23 01:34:45,TOTAL,0.000,0.000,582.600,887.496
2025-11-23 01:34:46,mlx5_0,0.000,0.000,0.000,0.000
2025-11-23 01:34:46,mlx5_1,0.000,0.000,71.176,98.695
2025-11-23 01:34:46,mlx5_2,0.000,0.000,72.879,112.691
2025-11-23 01:34:46,mlx5_3,0.000,0.000,71.902,106.199
2025-11-23 01:34:46,mlx5_4,0.000,0.000,74.385,119.496
2025-11-23 01:34:46,mlx5_5,0.000,0.000,71.190,101.535
2025-11-23 01:34:46,mlx5_6,0.000,0.000,73.685,116.093
2025-11-23 01:34:46,mlx5_7,0.000,0.000,0.000,0.000
2025-11-23 01:34:46,mlx5_8,0.000,0.000,72.286,109.220
2025-11-23 01:34:46,mlx5_9,0.000,0.000,75.097,123.566
2025-11-23 01:34:46,TOTAL,0.000,0.000,582.600,887.496
2025-11-23 01:34:47,mlx5_0,0.000,0.000,0.000,0.000
2025-11-23 01:34:47,mlx5_1,0.000,0.000,71.176,98.695
2025-11-23 01:34:47,mlx5_2,0.000,0.000,72.879,112.691
2025-11-23 01:34:47,mlx5_3,0.000,0.000,71.902,106.199
2025-11-23 01:34:47,mlx5_4,0.000,0.000,74.385,119.496
2025-11-23 01:34:47,mlx5_5,0.000,0.000,71.190,101.535
2025-11-23 01:34:47,mlx5_6,0.000,0.000,73.685,116.093
2025-11-23 01:34:47,mlx5_7,0.000,0.000,0.000,0.000
2025-11-23 01:34:47,mlx5_8,0.000,0.000,72.286,109.220
2025-11-23 01:34:47,mlx5_9,0.000,0.000,75.097,123.566
2025-11-23 01:34:47,TOTAL,0.000,0.000,582.600,887.496
2025-11-23 01:34:48,mlx5_0,0.000,0.000,0.000,0.000
2025-11-23 01:34:48,mlx5_1,0.000,0.000,71.176,98.695
2025-11-23 01:34:48,mlx5_2,0.000,0.000,72.879,112.691
2025-11-23 01:34:48,mlx5_3,0.000,0.000,71.902,106.199
2025-11-23 01:34:48,mlx5_4,0.000,0.000,74.385,119.496
2025-11-23 01:34:48,mlx5_5,0.000,0.000,71.190,101.535
2025-11-23 01:34:48,mlx5_6,0.000,0.000,73.685,116.093
2025-11-23 01:34:48,mlx5_7,0.000,0.000,0.000,0.000
2025-11-23 01:34:48,mlx5_8,0.000,0.000,72.286,109.220
2025-11-23 01:34:48,mlx5_9,0.000,0.000,75.097,123.566
2025-11-23 01:34:48,TOTAL,0.000,0.000,582.600,887.496
2025-11-23 01:34:49,mlx5_0,0.000,0.000,0.000,0.000
2025-11-23 01:34:49,mlx5_1,0.000,0.000,71.176,98.695
2025-11-23 01:34:49,mlx5_2,0.000,0.000,72.879,112.691
2025-11-23 01:34:49,mlx5_3,0.000,0.000,71.902,106.199
2025-11-23 01:34:49,mlx5_4,0.000,0.000,74.385,119.496
2025-11-23 01:34:49,mlx5_5,0.000,0.000,71.190,101.535
2025-11-23 01:34:49,mlx5_6,0.000,0.000,73.685,116.093
2025-11-23 01:34:49,mlx5_7,0.000,0.000,0.000,0.000
2025-11-23 01:34:49,mlx5_8,0.000,0.000,72.286,109.220
2025-11-23 01:34:49,mlx5_9,0.000,0.000,75.097,123.566
2025-11-23 01:34:49,TOTAL,0.000,0.000,582.600,887.496
2025-11-23 01:34:50,mlx5_0,0.000,0.000,0.000,0.000
2025-11-23 01:34:50,mlx5_1,0.000,0.000,71.176,98.695
2025-11-23 01:34:50,mlx5_2,0.000,0.000,72.879,112.691
2025-11-23 01:34:50,mlx5_3,0.000,0.000,71.902,106.199
2025-11-23 01:34:50,mlx5_4,0.000,0.000,74.385,119.496
2025-11-23 01:34:50,mlx5_5,0.000,0.000,71.190,101.535
2025-11-23 01:34:50,mlx5_6,0.000,0.000,73.685,116.093
2025-11-23 01:34:50,mlx5_7,0.000,0.000,0.000,0.000
2025-11-23 01:34:50,mlx5_8,0.000,0.000,72.286,109.220
2025-11-23 01:34:50,mlx5_9,0.000,0.000,75.097,123.566
2025-11-23 01:34:50,TOTAL,0.000,0.000,582.600,887.496
2025-11-23 01:34:51,mlx5_0,0.000,0.000,0.000,0.000
2025-11-23 01:34:51,mlx5_1,0.000,0.000,71.176,98.695
2025-11-23 01:34:51,mlx5_2,0.000,0.000,72.879,112.691
2025-11-23 01:34:51,mlx5_3,0.000,0.000,71.902,106.199
2025-11-23 01:34:51,mlx5_4,0.000,0.000,74.385,119.496
2025-11-23 01:34:51,mlx5_5,0.000,0.000,71.190,101.535
2025-11-23 01:34:51,mlx5_6,0.000,0.000,73.685,116.093
2025-11-23 01:34:51,mlx5_7,0.000,0.000,0.000,0.000
2025-11-23 01:34:51,mlx5_8,0.000,0.000,72.286,109.220
2025-11-23 01:34:51,mlx5_9,0.000,0.000,75.097,123.566
2025-11-23 01:34:51,TOTAL,0.000,0.000,582.600,887.496
2025-11-23 01:34:52,mlx5_0,0.000,0.000,0.000,0.000
2025-11-23 01:34:52,mlx5_1,0.000,0.000,71.176,98.695
2025-11-23 01:34:52,mlx5_2,0.000,0.000,72.879,112.691
2025-11-23 01:34:52,mlx5_3,0.000,0.000,71.902,106.199
2025-11-23 01:34:52,mlx5_4,0.000,0.000,74.385,119.496
2025-11-23 01:34:52,mlx5_5,0.000,0.000,71.190,101.535
2025-11-23 01:34:52,mlx5_6,0.000,0.000,73.685,116.093
2025-11-23 01:34:52,mlx5_7,0.000,0.000,0.000,0.000
2025-11-23 01:34:52,mlx5_8,0.000,0.000,72.286,109.220
2025-11-23 01:34:52,mlx5_9,0.000,0.000,75.097,123.566
2025-11-23 01:34:52,TOTAL,0.000,0.000,582.600,887.496
2025-11-23 01:34:53,mlx5_0,0.000,0.000,0.000,0.000
2025-11-23 01:34:53,mlx5_1,0.000,0.000,71.176,98.695
2025-11-23 01:34:53,mlx5_2,0.000,0.000,72.879,112.691
2025-11-23 01:34:53,mlx5_3,0.000,0.000,71.902,106.199
2025-11-23 01:34:53,mlx5_4,0.000,0.000,74.385,119.496
2025-11-23 01:34:53,mlx5_5,0.000,0.000,71.190,101.535
2025-11-23 01:34:53,mlx5_6,0.000,0.000,73.685,116.093
2025-11-23 01:34:53,mlx5_7,0.000,0.000,0.000,0.000
2025-11-23 01:34:53,mlx5_8,0.000,0.000,72.286,109.220
2025-11-23 01:34:53,mlx5_9,0.000,0.000,75.097,123.566
2025-11-23 01:34:53,TOTAL,0.000,0.000,582.600,887.496
2025-11-23 01:34:54,mlx5_0,0.000,0.000,0.000,0.000
2025-11-23 01:34:54,mlx5_1,0.000,0.000,71.176,98.695
2025-11-23 01:34:54,mlx5_2,0.000,0.000,72.879,112.691
2025-11-23 01:34:54,mlx5_3,0.000,0.000,71.902,106.199
2025-11-23 01:34:54,mlx5_4,0.000,0.000,74.385,119.496
2025-11-23 01:34:54,mlx5_5,0.000,0.000,71.190,101.535
2025-11-23 01:34:54,mlx5_6,0.000,0.000,73.685,116.093
2025-11-23 01:34:54,mlx5_7,0.000,0.000,0.000,0.000
2025-11-23 01:34:54,mlx5_8,0.000,0.000,72.286,109.220
2025-11-23 01:34:54,mlx5_9,0.000,0.000,75.097,123.566
2025-11-23 01:34:54,TOTAL,0.000,0.000,582.600,887.496
2025-11-23 01:34:55,mlx5_0,0.000,0.000,0.000,0.000
2025-11-23 01:34:55,mlx5_1,0.000,0.000,71.176,98.695
2025-11-23 01:34:55,mlx5_2,0.000,0.000,72.879,112.691
2025-11-23 01:34:55,mlx5_3,0.000,0.000,71.902,106.199
2025-11-23 01:34:55,mlx5_4,0.000,0.000,74.385,119.496
2025-11-23 01:34:55,mlx5_5,0.000,0.000,71.190,101.535
2025-11-23 01:34:55,mlx5_6,0.000,0.000,73.685,116.093
2025-11-23 01:34:55,mlx5_7,0.000,0.000,0.000,0.000
2025-11-23 01:34:55,mlx5_8,0.000,0.000,72.286,109.220
2025-11-23 01:34:55,mlx5_9,0.000,0.000,75.097,123.566
2025-11-23 01:34:55,TOTAL,0.000,0.000,582.600,887.496
2025-11-23 01:34:56,mlx5_0,0.000,0.000,0.000,0.000
2025-11-23 01:34:56,mlx5_1,0.000,0.000,71.176,98.695
2025-11-23 01:34:56,mlx5_2,0.000,0.000,72.879,112.691
2025-11-23 01:34:56,mlx5_3,0.000,0.000,71.902,106.199
2025-11-23 01:34:56,mlx5_4,0.000,0.000,74.385,119.496
2025-11-23 01:34:56,mlx5_5,0.000,0.000,71.190,101.535
2025-11-23 01:34:56,mlx5_6,0.000,0.000,73.685,116.093
2025-11-23 01:34:56,mlx5_7,0.000,0.000,0.000,0.000
2025-11-23 01:34:56,mlx5_8,0.000,0.000,72.286,109.220
2025-11-23 01:34:56,mlx5_9,0.000,0.000,75.097,123.566
2025-11-23 01:34:56,TOTAL,0.000,0.000,582.600,887.496
2025-11-23 01:34:57,mlx5_0,0.000,0.000,0.000,0.000
2025-11-23 01:34:57,mlx5_1,0.000,0.000,71.176,98.695
2025-11-23 01:34:57,mlx5_2,0.000,0.000,72.879,112.691
2025-11-23 01:34:57,mlx5_3,0.000,0.000,71.902,106.199
2025-11-23 01:34:57,mlx5_4,0.000,0.000,74.385,119.496
2025-11-23 01:34:57,mlx5_5,0.000,0.000,71.190,101.535
2025-11-23 01:34:57,mlx5_6,0.000,0.000,73.685,116.093
2025-11-23 01:34:57,mlx5_7,0.000,0.000,0.000,0.000
2025-11-23 01:34:57,mlx5_8,0.000,0.000,72.286,109.220
2025-11-23 01:34:57,mlx5_9,0.000,0.000,75.097,123.566
2025-11-23 01:34:57,TOTAL,0.000,0.000,582.600,887.496
2025-11-23 01:34:58,mlx5_0,0.000,0.000,0.000,0.000
2025-11-23 01:34:58,mlx5_1,0.000,0.000,71.176,98.695
2025-11-23 01:34:58,mlx5_2,0.000,0.000,72.879,112.691
2025-11-23 01:34:58,mlx5_3,0.000,0.000,71.902,106.199
2025-11-23 01:34:58,mlx5_4,0.000,0.000,74.385,119.496
2025-11-23 01:34:58,mlx5_5,0.000,0.000,71.190,101.535
2025-11-23 01:34:58,mlx5_6,0.000,0.000,73.685,116.093
2025-11-23 01:34:58,mlx5_7,0.000,0.000,0.000,0.000
2025-11-23 01:34:58,mlx5_8,0.000,0.000,72.286,109.220
2025-11-23 01:34:58,mlx5_9,0.000,0.000,75.097,123.566
2025-11-23 01:34:58,TOTAL,0.000,0.000,582.600,887.496
2025-11-23 01:34:59,mlx5_0,0.000,0.000,0.000,0.000
2025-11-23 01:34:59,mlx5_1,0.000,0.000,71.176,98.695
2025-11-23 01:34:59,mlx5_2,0.000,0.000,72.879,112.691
2025-11-23 01:34:59,mlx5_3,0.000,0.000,71.902,106.199
2025-11-23 01:34:59,mlx5_4,0.000,0.000,74.385,119.496
2025-11-23 01:34:59,mlx5_5,0.000,0.000,71.190,101.535
2025-11-23 01:34:59,mlx5_6,0.000,0.000,73.685,116.093
2025-11-23 01:34:59,mlx5_7,0.000,0.000,0.000,0.000
2025-11-23 01:34:59,mlx5_8,0.000,0.000,72.286,109.220
2025-11-23 01:34:59,mlx5_9,0.000,0.000,75.097,123.566
2025-11-23 01:34:59,TOTAL,0.000,0.000,582.600,887.496
2025-11-23 01:35:00,mlx5_0,0.000,0.000,0.000,0.000
2025-11-23 01:35:00,mlx5_1,0.000,0.000,71.176,98.695
2025-11-23 01:35:00,mlx5_2,0.000,0.000,72.879,112.691
2025-11-23 01:35:00,mlx5_3,0.000,0.000,71.902,106.199
2025-11-23 01:35:00,mlx5_4,0.000,0.000,74.385,119.496
2025-11-23 01:35:00,mlx5_5,0.000,0.000,71.190,101.535
2025-11-23 01:35:00,mlx5_6,0.000,0.000,73.685,116.093
2025-11-23 01:35:00,mlx5_7,0.000,0.000,0.000,0.000
2025-11-23 01:35:00,mlx5_8,0.000,0.000,72.286,109.220
2025-11-23 01:35:00,mlx5_9,0.000,0.000,75.097,123.566
2025-11-23 01:35:00,TOTAL,0.000,0.000,582.600,887.496
2025-11-23 01:35:01,mlx5_0,0.000,0.000,0.000,0.000
2025-11-23 01:35:01,mlx5_1,0.000,0.000,71.176,98.695
2025-11-23 01:35:01,mlx5_2,0.000,0.000,72.879,112.691
2025-11-23 01:35:01,mlx5_3,0.000,0.000,71.902,106.199
2025-11-23 01:35:01,mlx5_4,0.000,0.000,74.385,119.496
2025-11-23 01:35:01,mlx5_5,0.000,0.000,71.190,101.535
2025-11-23 01:35:01,mlx5_6,0.000,0.000,73.685,116.093
2025-11-23 01:35:01,mlx5_7,0.000,0.000,0.000,0.000
2025-11-23 01:35:01,mlx5_8,0.000,0.000,72.286,109.220
2025-11-23 01:35:01,mlx5_9,0.000,0.000,75.097,123.566
2025-11-23 01:35:01,TOTAL,0.000,0.000,582.600,887.496
2025-11-23 01:35:02,mlx5_0,0.000,0.000,0.000,0.000
2025-11-23 01:35:02,mlx5_1,0.000,0.000,71.176,98.695
2025-11-23 01:35:02,mlx5_2,0.000,0.000,72.879,112.691
2025-11-23 01:35:02,mlx5_3,0.000,0.000,71.902,106.199
2025-11-23 01:35:02,mlx5_4,0.000,0.000,74.385,119.496
2025-11-23 01:35:02,mlx5_5,0.000,0.000,71.190,101.535
2025-11-23 01:35:02,mlx5_6,0.000,0.000,73.685,116.093
2025-11-23 01:35:02,mlx5_7,0.000,0.000,0.000,0.000
2025-11-23 01:35:02,mlx5_8,0.000,0.000,72.286,109.220
2025-11-23 01:35:02,mlx5_9,0.000,0.000,75.097,123.566
2025-11-23 01:35:02,TOTAL,0.000,0.000,582.600,887.496
2025-11-23 01:35:03,mlx5_0,0.000,0.000,0.000,0.000
2025-11-23 01:35:03,mlx5_1,0.000,0.000,71.176,98.695
2025-11-23 01:35:03,mlx5_2,0.000,0.000,72.879,112.691
2025-11-23 01:35:03,mlx5_3,0.000,0.000,71.902,106.199
2025-11-23 01:35:03,mlx5_4,0.000,0.000,74.385,119.496
2025-11-23 01:35:03,mlx5_5,0.000,0.000,71.190,101.535
2025-11-23 01:35:03,mlx5_6,0.000,0.000,73.685,116.093
2025-11-23 01:35:03,mlx5_7,0.000,0.000,0.000,0.000
2025-11-23 01:35:03,mlx5_8,0.000,0.000,72.286,109.220
2025-11-23 01:35:03,mlx5_9,0.000,0.000,75.097,123.566
2025-11-23 01:35:03,TOTAL,0.000,0.000,582.600,887.496
2025-11-23 01:35:04,mlx5_0,0.000,0.000,0.000,0.000
2025-11-23 01:35:04,mlx5_1,0.039,20.072,71.181,101.217
2025-11-23 01:35:04,mlx5_2,0.042,22.579,72.884,115.527
2025-11-23 01:35:04,mlx5_3,0.045,21.506,71.908,108.901
2025-11-23 01:35:04,mlx5_4,0.049,24.979,74.391,122.634
2025-11-23 01:35:04,mlx5_5,0.044,20.802,71.196,104.149
2025-11-23 01:35:04,mlx5_6,0.045,23.779,73.691,119.080
2025-11-23 01:35:04,mlx5_7,0.000,0.000,0.000,0.000
2025-11-23 01:35:04,mlx5_8,0.044,22.541,72.292,112.051
2025-11-23 01:35:04,mlx5_9,0.048,25.886,75.103,126.818
2025-11-23 01:35:04,TOTAL,0.355,182.144,582.645,910.378
2025-11-23 01:35:05,mlx5_0,0.000,0.000,0.000,0.000
2025-11-23 01:35:05,mlx5_1,0.010,5.129,71.182,101.862
2025-11-23 01:35:05,mlx5_2,0.011,5.755,72.885,116.251
2025-11-23 01:35:05,mlx5_3,0.010,5.304,71.909,109.568
2025-11-23 01:35:05,mlx5_4,0.011,6.106,74.393,123.402
2025-11-23 01:35:05,mlx5_5,0.010,5.087,71.197,104.788
2025-11-23 01:35:05,mlx5_6,0.010,5.735,73.692,119.801
2025-11-23 01:35:05,mlx5_7,0.000,0.000,0.000,0.000
2025-11-23 01:35:05,mlx5_8,0.010,5.409,72.293,112.731
2025-11-23 01:35:05,mlx5_9,0.010,5.767,75.104,127.544
2025-11-23 01:35:05,TOTAL,0.084,44.292,582.655,915.947
2025-11-23 01:35:06,mlx5_0,0.000,0.000,0.000,0.000
2025-11-23 01:35:06,mlx5_1,0.000,0.000,71.182,101.862
2025-11-23 01:35:06,mlx5_2,0.000,0.000,72.885,116.251
2025-11-23 01:35:06,mlx5_3,0.000,0.000,71.909,109.568
2025-11-23 01:35:06,mlx5_4,0.000,0.000,74.393,123.402
2025-11-23 01:35:06,mlx5_5,0.000,0.000,71.197,104.788
2025-11-23 01:35:06,mlx5_6,0.000,0.000,73.692,119.801
2025-11-23 01:35:06,mlx5_7,0.000,0.000,0.000,0.000
2025-11-23 01:35:06,mlx5_8,0.000,0.000,72.293,112.731
2025-11-23 01:35:06,mlx5_9,0.000,0.000,75.104,127.544
2025-11-23 01:35:06,TOTAL,0.000,0.000,582.655,915.947
2025-11-23 01:35:07,mlx5_0,0.000,0.000,0.000,0.000
2025-11-23 01:35:07,mlx5_1,0.000,0.000,71.182,101.862
2025-11-23 01:35:07,mlx5_2,0.000,0.000,72.885,116.251
2025-11-23 01:35:07,mlx5_3,0.000,0.000,71.909,109.568
2025-11-23 01:35:07,mlx5_4,0.000,0.000,74.393,123.402
2025-11-23 01:35:07,mlx5_5,0.000,0.000,71.197,104.788
2025-11-23 01:35:07,mlx5_6,0.000,0.000,73.692,119.801
2025-11-23 01:35:07,mlx5_7,0.000,0.000,0.000,0.000
2025-11-23 01:35:07,mlx5_8,0.000,0.000,72.293,112.731
2025-11-23 01:35:07,mlx5_9,0.000,0.000,75.104,127.544
2025-11-23 01:35:07,TOTAL,0.000,0.000,582.655,915.947
2025-11-23 01:35:08,mlx5_0,0.000,0.000,0.000,0.000
2025-11-23 01:35:08,mlx5_1,4.531,0.006,71.751,101.863
2025-11-23 01:35:08,mlx5_2,4.530,0.006,73.454,116.252
2025-11-23 01:35:08,mlx5_3,4.560,0.006,72.482,109.569
2025-11-23 01:35:08,mlx5_4,4.865,0.006,75.004,123.403
2025-11-23 01:35:08,mlx5_5,4.606,0.006,71.776,104.789
2025-11-23 01:35:08,mlx5_6,4.653,0.006,74.277,119.802
2025-11-23 01:35:08,mlx5_7,0.000,0.000,0.000,0.000
2025-11-23 01:35:08,mlx5_8,4.550,0.006,72.864,112.732
2025-11-23 01:35:08,mlx5_9,4.929,0.006,75.723,127.544
2025-11-23 01:35:08,TOTAL,37.224,0.048,587.331,915.953
2025-11-23 01:35:09,mlx5_0,0.000,0.000,0.000,0.000
2025-11-23 01:35:09,mlx5_1,0.000,0.000,71.751,101.863
2025-11-23 01:35:09,mlx5_2,0.000,0.000,73.454,116.252
2025-11-23 01:35:09,mlx5_3,0.000,0.000,72.482,109.569
2025-11-23 01:35:09,mlx5_4,0.000,0.000,75.004,123.403
2025-11-23 01:35:09,mlx5_5,0.000,0.000,71.776,104.789
2025-11-23 01:35:09,mlx5_6,0.000,0.000,74.277,119.802
2025-11-23 01:35:09,mlx5_7,0.000,0.000,0.000,0.000
2025-11-23 01:35:09,mlx5_8,0.000,0.000,72.864,112.732
2025-11-23 01:35:09,mlx5_9,0.000,0.000,75.723,127.544
2025-11-23 01:35:09,TOTAL,0.000,0.000,587.331,915.953
2025-11-23 01:35:10,mlx5_0,0.000,0.000,0.000,0.000
2025-11-23 01:35:10,mlx5_1,0.000,0.000,71.751,101.863
2025-11-23 01:35:10,mlx5_2,0.000,0.000,73.454,116.252
2025-11-23 01:35:10,mlx5_3,0.000,0.000,72.482,109.569
2025-11-23 01:35:10,mlx5_4,0.000,0.000,75.004,123.403
2025-11-23 01:35:10,mlx5_5,0.000,0.000,71.776,104.789
2025-11-23 01:35:10,mlx5_6,0.000,0.000,74.277,119.802
2025-11-23 01:35:10,mlx5_7,0.000,0.000,0.000,0.000
2025-11-23 01:35:10,mlx5_8,0.000,0.000,72.864,112.732
2025-11-23 01:35:10,mlx5_9,0.000,0.000,75.723,127.544
2025-11-23 01:35:10,TOTAL,0.000,0.000,587.331,915.953
2025-11-23 01:35:11,mlx5_0,0.000,0.000,0.000,0.000
2025-11-23 01:35:11,mlx5_1,4.449,0.006,72.310,101.863
2025-11-23 01:35:11,mlx5_2,4.680,0.006,74.042,116.252
2025-11-23 01:35:11,mlx5_3,4.694,0.006,73.071,109.570
2025-11-23 01:35:11,mlx5_4,4.827,0.006,75.610,123.404
2025-11-23 01:35:11,mlx5_5,4.428,0.006,72.332,104.790
2025-11-23 01:35:11,mlx5_6,4.680,0.006,74.865,119.803
2025-11-23 01:35:11,mlx5_7,0.000,0.000,0.000,0.000
2025-11-23 01:35:11,mlx5_8,4.698,0.006,73.455,112.733
2025-11-23 01:35:11,mlx5_9,4.767,0.006,76.322,127.545
2025-11-23 01:35:11,TOTAL,37.223,0.048,592.007,915.959
2025-11-23 01:35:12,mlx5_0,0.000,0.000,0.000,0.000
2025-11-23 01:35:12,mlx5_1,0.000,0.000,72.310,101.863
2025-11-23 01:35:12,mlx5_2,0.000,0.000,74.042,116.252
2025-11-23 01:35:12,mlx5_3,0.000,0.000,73.071,109.570
2025-11-23 01:35:12,mlx5_4,0.000,0.000,75.610,123.404
2025-11-23 01:35:12,mlx5_5,0.000,0.000,72.332,104.790
2025-11-23 01:35:12,mlx5_6,0.000,0.000,74.865,119.803
2025-11-23 01:35:12,mlx5_7,0.000,0.000,0.000,0.000
2025-11-23 01:35:12,mlx5_8,0.000,0.000,73.455,112.733
2025-11-23 01:35:12,mlx5_9,0.000,0.000,76.322,127.545
2025-11-23 01:35:12,TOTAL,0.000,0.000,592.007,915.959
2025-11-23 01:35:13,mlx5_0,0.000,0.000,0.000,0.000
2025-11-23 01:35:13,mlx5_1,0.000,0.000,72.310,101.863
2025-11-23 01:35:13,mlx5_2,0.000,0.000,74.042,116.252
2025-11-23 01:35:13,mlx5_3,0.000,0.000,73.071,109.570
2025-11-23 01:35:13,mlx5_4,0.000,0.000,75.610,123.404
2025-11-23 01:35:13,mlx5_5,0.000,0.000,72.332,104.790
2025-11-23 01:35:13,mlx5_6,0.000,0.000,74.865,119.803
2025-11-23 01:35:13,mlx5_7,0.000,0.000,0.000,0.000
2025-11-23 01:35:13,mlx5_8,0.000,0.000,73.455,112.733
2025-11-23 01:35:13,mlx5_9,0.000,0.000,76.322,127.545
2025-11-23 01:35:13,TOTAL,0.000,0.000,592.007,915.959
2025-11-23 01:35:14,mlx5_0,0.000,0.000,0.000,0.000
2025-11-23 01:35:14,mlx5_1,0.000,0.000,72.310,101.863
2025-11-23 01:35:14,mlx5_2,0.000,0.000,74.042,116.252
2025-11-23 01:35:14,mlx5_3,0.000,0.000,73.071,109.570
2025-11-23 01:35:14,mlx5_4,0.000,0.000,75.610,123.404
2025-11-23 01:35:14,mlx5_5,0.000,0.000,72.332,104.790
2025-11-23 01:35:14,mlx5_6,0.000,0.000,74.865,119.803
2025-11-23 01:35:14,mlx5_7,0.000,0.000,0.000,0.000
2025-11-23 01:35:14,mlx5_8,0.000,0.000,73.455,112.733
2025-11-23 01:35:14,mlx5_9,0.000,0.000,76.322,127.545
2025-11-23 01:35:14,TOTAL,0.000,0.000,592.007,915.959
2025-11-23 01:35:15,mlx5_0,0.000,0.000,0.000,0.000
2025-11-23 01:35:15,mlx5_1,4.520,0.006,72.878,101.864
2025-11-23 01:35:15,mlx5_2,4.717,0.006,74.635,116.253
2025-11-23 01:35:15,mlx5_3,4.582,0.006,73.647,109.570
2025-11-23 01:35:15,mlx5_4,4.716,0.006,76.202,123.404
2025-11-23 01:35:15,mlx5_5,4.514,0.006,72.899,104.790
2025-11-23 01:35:15,mlx5_6,4.701,0.006,75.455,119.804
2025-11-23 01:35:15,mlx5_7,0.000,0.000,0.000,0.000
2025-11-23 01:35:15,mlx5_8,4.608,0.006,74.033,112.734
2025-11-23 01:35:15,mlx5_9,4.869,0.006,76.934,127.546
2025-11-23 01:35:15,TOTAL,37.227,0.048,596.683,915.965
2025-11-23 01:35:16,mlx5_0,0.000,0.000,0.000,0.000
2025-11-23 01:35:16,mlx5_1,0.000,0.000,72.878,101.864
2025-11-23 01:35:16,mlx5_2,0.000,0.000,74.635,116.253
2025-11-23 01:35:16,mlx5_3,0.000,0.000,73.647,109.570
2025-11-23 01:35:16,mlx5_4,0.000,0.000,76.202,123.404
2025-11-23 01:35:16,mlx5_5,0.000,0.000,72.899,104.790
2025-11-23 01:35:16,mlx5_6,0.000,0.000,75.455,119.804
2025-11-23 01:35:16,mlx5_7,0.000,0.000,0.000,0.000
2025-11-23 01:35:16,mlx5_8,0.000,0.000,74.033,112.734
2025-11-23 01:35:16,mlx5_9,0.000,0.000,76.934,127.546
2025-11-23 01:35:16,TOTAL,0.000,0.000,596.683,915.965
2025-11-23 01:35:17,mlx5_0,0.000,0.000,0.000,0.000
2025-11-23 01:35:17,mlx5_1,0.000,0.000,72.878,101.864
2025-11-23 01:35:17,mlx5_2,0.000,0.000,74.635,116.253
2025-11-23 01:35:17,mlx5_3,0.000,0.000,73.647,109.570
2025-11-23 01:35:17,mlx5_4,0.000,0.000,76.202,123.404
2025-11-23 01:35:17,mlx5_5,0.000,0.000,72.899,104.790
2025-11-23 01:35:17,mlx5_6,0.000,0.000,75.455,119.804
2025-11-23 01:35:17,mlx5_7,0.000,0.000,0.000,0.000
2025-11-23 01:35:17,mlx5_8,0.000,0.000,74.033,112.734
2025-11-23 01:35:17,mlx5_9,0.000,0.000,76.934,127.546
2025-11-23 01:35:17,TOTAL,0.000,0.000,596.683,915.965
2025-11-23 01:35:18,mlx5_0,0.000,0.000,0.000,0.000
2025-11-23 01:35:18,mlx5_1,0.000,0.000,72.878,101.864
2025-11-23 01:35:18,mlx5_2,0.000,0.000,74.635,116.253
2025-11-23 01:35:18,mlx5_3,0.000,0.000,73.647,109.570
2025-11-23 01:35:18,mlx5_4,0.000,0.000,76.202,123.404
2025-11-23 01:35:18,mlx5_5,0.000,0.000,72.899,104.790
2025-11-23 01:35:18,mlx5_6,0.000,0.000,75.455,119.804
2025-11-23 01:35:18,mlx5_7,0.000,0.000,0.000,0.000
2025-11-23 01:35:18,mlx5_8,0.000,0.000,74.033,112.734
2025-11-23 01:35:18,mlx5_9,0.000,0.000,76.934,127.546
2025-11-23 01:35:18,TOTAL,0.000,0.000,596.683,915.965
2025-11-23 01:35:19,mlx5_0,0.000,0.000,0.000,0.000
2025-11-23 01:35:19,mlx5_1,4.685,0.006,73.466,101.865
2025-11-23 01:35:19,mlx5_2,4.596,0.006,75.212,116.254
2025-11-23 01:35:19,mlx5_3,4.523,0.006,74.215,109.571
2025-11-23 01:35:19,mlx5_4,4.807,0.006,76.806,123.405
2025-11-23 01:35:19,mlx5_5,4.523,0.006,73.467,104.791
2025-11-23 01:35:19,mlx5_6,4.690,0.006,76.044,119.804
2025-11-23 01:35:19,mlx5_7,0.000,0.000,0.000,0.000
2025-11-23 01:35:19,mlx5_8,4.604,0.006,74.612,112.734
2025-11-23 01:35:19,mlx5_9,4.801,0.006,77.537,127.547
2025-11-23 01:35:19,TOTAL,37.229,0.049,601.359,915.971
2025-11-23 01:35:20,mlx5_0,0.000,0.000,0.000,0.000
2025-11-23 01:35:20,mlx5_1,0.000,0.000,73.466,101.865
2025-11-23 01:35:20,mlx5_2,0.000,0.000,75.212,116.254
2025-11-23 01:35:20,mlx5_3,0.000,0.000,74.215,109.571
2025-11-23 01:35:20,mlx5_4,0.000,0.000,76.806,123.405
2025-11-23 01:35:20,mlx5_5,0.000,0.000,73.467,104.791
2025-11-23 01:35:20,mlx5_6,0.000,0.000,76.044,119.804
2025-11-23 01:35:20,mlx5_7,0.000,0.000,0.000,0.000
2025-11-23 01:35:20,mlx5_8,0.000,0.000,74.612,112.734
2025-11-23 01:35:20,mlx5_9,0.000,0.000,77.537,127.547
2025-11-23 01:35:20,TOTAL,0.000,0.000,601.359,915.971
2025-11-23 01:35:21,mlx5_0,0.000,0.000,0.000,0.000
2025-11-23 01:35:21,mlx5_1,0.000,0.000,73.466,101.865
2025-11-23 01:35:21,mlx5_2,0.000,0.000,75.212,116.254
2025-11-23 01:35:21,mlx5_3,0.000,0.000,74.215,109.571
2025-11-23 01:35:21,mlx5_4,0.000,0.000,76.806,123.405
2025-11-23 01:35:21,mlx5_5,0.000,0.000,73.467,104.791
2025-11-23 01:35:21,mlx5_6,0.000,0.000,76.044,119.804
2025-11-23 01:35:21,mlx5_7,0.000,0.000,0.000,0.000
2025-11-23 01:35:21,mlx5_8,0.000,0.000,74.612,112.734
2025-11-23 01:35:21,mlx5_9,0.000,0.000,77.537,127.547
2025-11-23 01:35:21,TOTAL,0.000,0.000,601.359,915.971
2025-11-23 01:35:22,mlx5_0,0.000,0.000,0.000,0.000
2025-11-23 01:35:22,mlx5_1,0.000,0.000,73.466,101.865
2025-11-23 01:35:22,mlx5_2,0.000,0.000,75.212,116.254
2025-11-23 01:35:22,mlx5_3,0.000,0.000,74.215,109.571
2025-11-23 01:35:22,mlx5_4,0.000,0.000,76.806,123.405
2025-11-23 01:35:22,mlx5_5,0.000,0.000,73.467,104.791
2025-11-23 01:35:22,mlx5_6,0.000,0.000,76.044,119.804
2025-11-23 01:35:22,mlx5_7,0.000,0.000,0.000,0.000
2025-11-23 01:35:22,mlx5_8,0.000,0.000,74.612,112.734
2025-11-23 01:35:22,mlx5_9,0.000,0.000,77.537,127.547
2025-11-23 01:35:22,TOTAL,0.000,0.000,601.359,915.971
2025-11-23 01:35:23,mlx5_0,0.000,0.000,0.000,0.000
2025-11-23 01:35:23,mlx5_1,4.619,0.006,74.047,101.866
2025-11-23 01:35:23,mlx5_2,4.590,0.006,75.788,116.255
2025-11-23 01:35:23,mlx5_3,4.485,0.006,74.778,109.572
2025-11-23 01:35:23,mlx5_4,4.812,0.006,77.411,123.406
2025-11-23 01:35:23,mlx5_5,4.567,0.006,74.041,104.792
2025-11-23 01:35:23,mlx5_6,4.776,0.006,76.644,119.805
2025-11-23 01:35:23,mlx5_7,0.000,0.000,0.000,0.000
2025-11-23 01:35:23,mlx5_8,4.576,0.006,75.187,112.735
2025-11-23 01:35:23,mlx5_9,4.800,0.006,78.140,127.547
2025-11-23 01:35:23,TOTAL,37.225,0.048,606.035,915.977
2025-11-23 01:35:24,mlx5_0,0.000,0.000,0.000,0.000
2025-11-23 01:35:24,mlx5_1,0.000,0.000,74.047,101.866
2025-11-23 01:35:24,mlx5_2,0.000,0.000,75.788,116.255
2025-11-23 01:35:24,mlx5_3,0.000,0.000,74.778,109.572
2025-11-23 01:35:24,mlx5_4,0.000,0.000,77.411,123.406
2025-11-23 01:35:24,mlx5_5,0.000,0.000,74.041,104.792
2025-11-23 01:35:24,mlx5_6,0.000,0.000,76.644,119.805
2025-11-23 01:35:24,mlx5_7,0.000,0.000,0.000,0.000
2025-11-23 01:35:24,mlx5_8,0.000,0.000,75.187,112.735
2025-11-23 01:35:24,mlx5_9,0.000,0.000,78.140,127.547
2025-11-23 01:35:24,TOTAL,0.000,0.000,606.035,915.977
2025-11-23 01:35:25,mlx5_0,0.000,0.000,0.000,0.000
2025-11-23 01:35:25,mlx5_1,0.000,0.000,74.047,101.866
2025-11-23 01:35:25,mlx5_2,0.000,0.000,75.788,116.255
2025-11-23 01:35:25,mlx5_3,0.000,0.000,74.778,109.572
2025-11-23 01:35:25,mlx5_4,0.000,0.000,77.411,123.406
2025-11-23 01:35:25,mlx5_5,0.000,0.000,74.041,104.792
2025-11-23 01:35:25,mlx5_6,0.000,0.000,76.644,119.805
2025-11-23 01:35:25,mlx5_7,0.000,0.000,0.000,0.000
2025-11-23 01:35:25,mlx5_8,0.000,0.000,75.187,112.735
2025-11-23 01:35:25,mlx5_9,0.000,0.000,78.140,127.547
2025-11-23 01:35:25,TOTAL,0.000,0.000,606.035,915.977
2025-11-23 01:35:26,mlx5_0,0.000,0.000,0.000,0.000
2025-11-23 01:35:26,mlx5_1,0.000,0.000,74.047,101.866
2025-11-23 01:35:26,mlx5_2,0.000,0.000,75.788,116.255
2025-11-23 01:35:26,mlx5_3,0.000,0.000,74.778,109.572
2025-11-23 01:35:26,mlx5_4,0.000,0.000,77.411,123.406
2025-11-23 01:35:26,mlx5_5,0.000,0.000,74.041,104.792
2025-11-23 01:35:26,mlx5_6,0.000,0.000,76.644,119.805
2025-11-23 01:35:26,mlx5_7,0.000,0.000,0.000,0.000
2025-11-23 01:35:26,mlx5_8,0.000,0.000,75.187,112.735
2025-11-23 01:35:26,mlx5_9,0.000,0.000,78.140,127.547
2025-11-23 01:35:26,TOTAL,0.000,0.000,606.035,915.977
2025-11-23 01:35:27,mlx5_0,0.000,0.000,0.000,0.000
2025-11-23 01:35:27,mlx5_1,0.000,0.000,74.047,101.866
2025-11-23 01:35:27,mlx5_2,0.000,0.000,75.788,116.255
2025-11-23 01:35:27,mlx5_3,0.000,0.000,74.778,109.572
2025-11-23 01:35:27,mlx5_4,0.000,0.000,77.411,123.406
2025-11-23 01:35:27,mlx5_5,0.000,0.000,74.041,104.792
2025-11-23 01:35:27,mlx5_6,0.000,0.000,76.644,119.805
2025-11-23 01:35:27,mlx5_7,0.000,0.000,0.000,0.000
2025-11-23 01:35:27,mlx5_8,0.000,0.000,75.187,112.735
2025-11-23 01:35:27,mlx5_9,0.000,0.000,78.140,127.547
2025-11-23 01:35:27,TOTAL,0.000,0.000,606.035,915.977
2025-11-23 01:35:28,mlx5_0,0.000,0.000,0.000,0.000
2025-11-23 01:35:28,mlx5_1,4.427,0.006,74.602,101.866
2025-11-23 01:35:28,mlx5_2,4.651,0.006,76.372,116.255
2025-11-23 01:35:28,mlx5_3,4.510,0.006,75.345,109.573
2025-11-23 01:35:28,mlx5_4,4.852,0.006,78.020,123.407
2025-11-23 01:35:28,mlx5_5,4.588,0.006,74.617,104.793
2025-11-23 01:35:28,mlx5_6,4.768,0.006,77.243,119.806
2025-11-23 01:35:28,mlx5_7,0.000,0.000,0.000,0.000
2025-11-23 01:35:28,mlx5_8,4.671,0.006,75.773,112.736
2025-11-23 01:35:28,mlx5_9,4.774,0.006,78.739,127.548
2025-11-23 01:35:28,TOTAL,37.242,0.048,610.711,915.984
2025-11-23 01:35:29,mlx5_0,0.000,0.000,0.000,0.000
2025-11-23 01:35:29,mlx5_1,0.663,0.001,74.686,101.866
2025-11-23 01:35:29,mlx5_2,0.666,0.001,76.456,116.255
2025-11-23 01:35:29,mlx5_3,0.576,0.001,75.417,109.573
2025-11-23 01:35:29,mlx5_4,0.729,0.001,78.111,123.407
2025-11-23 01:35:29,mlx5_5,0.617,0.001,74.694,104.793
2025-11-23 01:35:29,mlx5_6,0.772,0.001,77.340,119.806
2025-11-23 01:35:29,mlx5_7,0.000,0.000,0.000,0.000
2025-11-23 01:35:29,mlx5_8,0.619,0.001,75.851,112.736
2025-11-23 01:35:29,mlx5_9,0.744,0.001,78.832,127.548
2025-11-23 01:35:29,TOTAL,5.385,0.007,611.387,915.984
2025-11-23 01:35:30,mlx5_0,0.000,0.000,0.000,0.000
2025-11-23 01:35:30,mlx5_1,0.044,22.349,74.691,104.673
2025-11-23 01:35:30,mlx5_2,0.046,25.384,76.462,119.443
2025-11-23 01:35:30,mlx5_3,0.050,24.032,75.423,112.591
2025-11-23 01:35:30,mlx5_4,0.053,27.656,78.118,126.880
2025-11-23 01:35:30,mlx5_5,0.049,23.075,74.700,107.690
2025-11-23 01:35:30,mlx5_6,0.051,26.729,77.346,123.163
2025-11-23 01:35:30,mlx5_7,0.000,0.000,0.000,0.000
2025-11-23 01:35:30,mlx5_8,0.049,25.295,75.857,115.913
2025-11-23 01:35:30,mlx5_9,0.052,28.385,78.839,131.113
2025-11-23 01:35:30,TOTAL,0.394,202.906,611.436,941.465
2025-11-23 01:35:31,mlx5_0,0.000,0.000,0.000,0.000
2025-11-23 01:35:31,mlx5_1,0.088,45.736,74.702,110.422
2025-11-23 01:35:31,mlx5_2,0.095,52.137,76.474,125.997
2025-11-23 01:35:31,mlx5_3,0.100,49.220,75.436,118.777
2025-11-23 01:35:31,mlx5_4,0.106,55.464,78.131,133.851
2025-11-23 01:35:31,mlx5_5,0.100,48.071,74.713,113.733
2025-11-23 01:35:31,mlx5_6,0.100,54.051,77.359,129.957
2025-11-23 01:35:31,mlx5_7,0.000,0.000,0.000,0.000
2025-11-23 01:35:31,mlx5_8,0.098,50.770,75.869,122.294
2025-11-23 01:35:31,mlx5_9,0.103,56.631,78.852,138.231
2025-11-23 01:35:31,TOTAL,0.790,412.081,611.536,993.262
2025-11-23 01:35:32,mlx5_0,0.000,0.000,0.000,0.000
2025-11-23 01:35:32,mlx5_1,0.014,7.418,74.704,111.354
2025-11-23 01:35:32,mlx5_2,0.016,8.736,76.476,127.095
2025-11-23 01:35:32,mlx5_3,0.016,7.968,75.438,119.779
2025-11-23 01:35:32,mlx5_4,0.018,9.281,78.134,135.018
2025-11-23 01:35:32,mlx5_5,0.016,7.791,74.715,114.712
2025-11-23 01:35:32,mlx5_6,0.016,8.968,77.361,131.084
2025-11-23 01:35:32,mlx5_7,0.000,0.000,0.000,0.000
2025-11-23 01:35:32,mlx5_8,0.016,8.056,75.871,123.307
2025-11-23 01:35:32,mlx5_9,0.016,9.054,78.854,139.370
2025-11-23 01:35:32,TOTAL,0.129,67.273,611.552,1001.720
2025-11-23 01:35:33,mlx5_0,0.000,0.000,0.000,0.000
2025-11-23 01:35:33,mlx5_1,0.000,0.000,74.704,111.354
2025-11-23 01:35:33,mlx5_2,0.000,0.000,76.476,127.095
2025-11-23 01:35:33,mlx5_3,0.000,0.000,75.438,119.779
2025-11-23 01:35:33,mlx5_4,0.000,0.000,78.134,135.018
2025-11-23 01:35:33,mlx5_5,0.000,0.000,74.715,114.712
2025-11-23 01:35:33,mlx5_6,0.000,0.000,77.361,131.084
2025-11-23 01:35:33,mlx5_7,0.000,0.000,0.000,0.000
2025-11-23 01:35:33,mlx5_8,0.000,0.000,75.871,123.307
2025-11-23 01:35:33,mlx5_9,0.000,0.000,78.854,139.370
2025-11-23 01:35:33,TOTAL,0.000,0.000,611.552,1001.720
2025-11-23 01:35:34,mlx5_0,0.000,0.000,0.000,0.000
2025-11-23 01:35:34,mlx5_1,0.000,0.000,74.704,111.354
2025-11-23 01:35:34,mlx5_2,0.000,0.000,76.476,127.095
2025-11-23 01:35:34,mlx5_3,0.000,0.000,75.438,119.779
2025-11-23 01:35:34,mlx5_4,0.000,0.000,78.134,135.018
2025-11-23 01:35:34,mlx5_5,0.000,0.000,74.715,114.712
2025-11-23 01:35:34,mlx5_6,0.000,0.000,77.361,131.084
2025-11-23 01:35:34,mlx5_7,0.000,0.000,0.000,0.000
2025-11-23 01:35:34,mlx5_8,0.000,0.000,75.871,123.307
2025-11-23 01:35:34,mlx5_9,0.000,0.000,78.854,139.370
2025-11-23 01:35:34,TOTAL,0.000,0.000,611.552,1001.720
2025-11-23 01:35:35,mlx5_0,0.000,0.000,0.000,0.000
2025-11-23 01:35:35,mlx5_1,4.511,0.006,75.270,111.355
2025-11-23 01:35:35,mlx5_2,4.594,0.006,77.053,127.096
2025-11-23 01:35:35,mlx5_3,4.562,0.006,76.011,119.780
2025-11-23 01:35:35,mlx5_4,4.869,0.006,78.745,135.019
2025-11-23 01:35:35,mlx5_5,4.534,0.006,75.285,114.713
2025-11-23 01:35:35,mlx5_6,4.638,0.006,77.943,131.085
2025-11-23 01:35:35,mlx5_7,0.000,0.000,0.000,0.000
2025-11-23 01:35:35,mlx5_8,4.620,0.006,76.451,123.308
2025-11-23 01:35:35,mlx5_9,4.898,0.007,79.469,139.370
2025-11-23 01:35:35,TOTAL,37.226,0.049,616.228,1001.726
2025-11-23 01:35:36,mlx5_0,0.000,0.000,0.000,0.000
2025-11-23 01:35:36,mlx5_1,0.000,0.000,75.270,111.355
2025-11-23 01:35:36,mlx5_2,0.000,0.000,77.053,127.096
2025-11-23 01:35:36,mlx5_3,0.000,0.000,76.011,119.780
2025-11-23 01:35:36,mlx5_4,0.000,0.000,78.745,135.019
2025-11-23 01:35:36,mlx5_5,0.000,0.000,75.285,114.713
2025-11-23 01:35:36,mlx5_6,0.000,0.000,77.943,131.085
2025-11-23 01:35:36,mlx5_7,0.000,0.000,0.000,0.000
2025-11-23 01:35:36,mlx5_8,0.000,0.000,76.451,123.308
2025-11-23 01:35:36,mlx5_9,0.000,0.000,79.469,139.370
2025-11-23 01:35:36,TOTAL,0.000,0.000,616.228,1001.726
2025-11-23 01:35:37,mlx5_0,0.000,0.000,0.000,0.000
2025-11-23 01:35:37,mlx5_1,0.000,0.000,75.271,111.355
2025-11-23 01:35:37,mlx5_2,0.000,0.000,77.053,127.096
2025-11-23 01:35:37,mlx5_3,0.000,0.000,76.011,119.780
2025-11-23 01:35:37,mlx5_4,0.000,0.000,78.745,135.019
2025-11-23 01:35:37,mlx5_5,0.000,0.000,75.285,114.713
2025-11-23 01:35:37,mlx5_6,0.000,0.000,77.943,131.085
2025-11-23 01:35:37,mlx5_7,0.000,0.000,0.000,0.000
2025-11-23 01:35:37,mlx5_8,0.000,0.000,76.451,123.308
2025-11-23 01:35:37,mlx5_9,0.000,0.000,79.469,139.370
2025-11-23 01:35:37,TOTAL,0.000,0.000,616.228,1001.726
2025-11-23 01:35:38,mlx5_0,0.000,0.000,0.000,0.000
2025-11-23 01:35:38,mlx5_1,4.465,0.006,75.831,111.356
2025-11-23 01:35:38,mlx5_2,4.665,0.006,77.639,127.096
2025-11-23 01:35:38,mlx5_3,4.595,0.006,76.588,119.781
2025-11-23 01:35:38,mlx5_4,4.807,0.006,79.349,135.020
2025-11-23 01:35:38,mlx5_5,4.353,0.006,75.831,114.714
2025-11-23 01:35:38,mlx5_6,4.921,0.006,78.562,131.086
2025-11-23 01:35:38,mlx5_7,0.000,0.000,0.000,0.000
2025-11-23 01:35:38,mlx5_8,4.595,0.006,77.029,123.309
2025-11-23 01:35:38,mlx5_9,4.828,0.006,80.076,139.371
2025-11-23 01:35:38,TOTAL,37.229,0.048,620.904,1001.732
2025-11-23 01:35:39,mlx5_0,0.000,0.000,0.000,0.000
2025-11-23 01:35:39,mlx5_1,0.000,0.000,75.831,111.356
2025-11-23 01:35:39,mlx5_2,0.000,0.000,77.639,127.097
2025-11-23 01:35:39,mlx5_3,0.000,0.000,76.588,119.781
2025-11-23 01:35:39,mlx5_4,0.000,0.000,79.349,135.020
2025-11-23 01:35:39,mlx5_5,0.000,0.000,75.831,114.714
2025-11-23 01:35:39,mlx5_6,0.000,0.000,78.562,131.086
2025-11-23 01:35:39,mlx5_7,0.000,0.000,0.000,0.000
2025-11-23 01:35:39,mlx5_8,0.000,0.000,77.029,123.309
2025-11-23 01:35:39,mlx5_9,0.000,0.000,80.076,139.371
2025-11-23 01:35:39,TOTAL,0.000,0.000,620.904,1001.732
2025-11-23 01:35:40,mlx5_0,0.000,0.000,0.000,0.000
2025-11-23 01:35:40,mlx5_1,0.000,0.000,75.831,111.356
2025-11-23 01:35:40,mlx5_2,0.000,0.000,77.639,127.097
2025-11-23 01:35:40,mlx5_3,0.000,0.000,76.588,119.781
2025-11-23 01:35:40,mlx5_4,0.000,0.000,79.349,135.020
2025-11-23 01:35:40,mlx5_5,0.000,0.000,75.831,114.714
2025-11-23 01:35:40,mlx5_6,0.000,0.000,78.562,131.086
2025-11-23 01:35:40,mlx5_7,0.000,0.000,0.000,0.000
2025-11-23 01:35:40,mlx5_8,0.000,0.000,77.029,123.309
2025-11-23 01:35:40,mlx5_9,0.000,0.000,80.076,139.371
2025-11-23 01:35:40,TOTAL,0.000,0.000,620.904,1001.732
2025-11-23 01:35:41,mlx5_0,0.000,0.000,0.000,0.000
2025-11-23 01:35:41,mlx5_1,0.000,0.000,75.831,111.356
2025-11-23 01:35:41,mlx5_2,0.000,0.000,77.639,127.097
2025-11-23 01:35:41,mlx5_3,0.000,0.000,76.588,119.781
2025-11-23 01:35:41,mlx5_4,0.000,0.000,79.349,135.020
2025-11-23 01:35:41,mlx5_5,0.000,0.000,75.831,114.714
2025-11-23 01:35:41,mlx5_6,0.000,0.000,78.562,131.086
2025-11-23 01:35:41,mlx5_7,0.000,0.000,0.000,0.000
2025-11-23 01:35:41,mlx5_8,0.000,0.000,77.029,123.309
2025-11-23 01:35:41,mlx5_9,0.000,0.000,80.076,139.371
2025-11-23 01:35:41,TOTAL,0.000,0.000,620.904,1001.732
2025-11-23 01:35:42,mlx5_0,0.000,0.000,0.000,0.000
2025-11-23 01:35:42,mlx5_1,4.423,0.006,76.387,111.357
2025-11-23 01:35:42,mlx5_2,4.744,0.006,78.235,127.097
2025-11-23 01:35:42,mlx5_3,4.551,0.006,77.160,119.781
2025-11-23 01:35:42,mlx5_4,4.809,0.006,79.953,135.021
2025-11-23 01:35:42,mlx5_5,4.598,0.006,76.409,114.714
2025-11-23 01:35:42,mlx5_6,4.734,0.006,79.156,131.087
2025-11-23 01:35:42,mlx5_7,0.000,0.000,0.000,0.000
2025-11-23 01:35:42,mlx5_8,4.678,0.006,77.616,123.309
2025-11-23 01:35:42,mlx5_9,4.688,0.006,80.664,139.372
2025-11-23 01:35:42,TOTAL,37.225,0.049,625.580,1001.738
2025-11-23 01:35:43,mlx5_0,0.000,0.000,0.000,0.000
2025-11-23 01:35:43,mlx5_1,0.000,0.000,76.387,111.357
2025-11-23 01:35:43,mlx5_2,0.000,0.000,78.235,127.097
2025-11-23 01:35:43,mlx5_3,0.000,0.000,77.160,119.781
2025-11-23 01:35:43,mlx5_4,0.000,0.000,79.953,135.021
2025-11-23 01:35:43,mlx5_5,0.000,0.000,76.409,114.714
2025-11-23 01:35:43,mlx5_6,0.000,0.000,79.156,131.087
2025-11-23 01:35:43,mlx5_7,0.000,0.000,0.000,0.000
2025-11-23 01:35:43,mlx5_8,0.000,0.000,77.616,123.309
2025-11-23 01:35:43,mlx5_9,0.000,0.000,80.664,139.372
2025-11-23 01:35:43,TOTAL,0.000,0.000,625.580,1001.738
2025-11-23 01:35:44,mlx5_0,0.000,0.000,0.000,0.000
2025-11-23 01:35:44,mlx5_1,0.000,0.000,76.387,111.357
2025-11-23 01:35:44,mlx5_2,0.000,0.000,78.235,127.097
2025-11-23 01:35:44,mlx5_3,0.000,0.000,77.160,119.781
2025-11-23 01:35:44,mlx5_4,0.000,0.000,79.953,135.021
2025-11-23 01:35:44,mlx5_5,0.000,0.000,76.409,114.714
2025-11-23 01:35:44,mlx5_6,0.000,0.000,79.156,131.087
2025-11-23 01:35:44,mlx5_7,0.000,0.000,0.000,0.000
2025-11-23 01:35:44,mlx5_8,0.000,0.000,77.616,123.309
2025-11-23 01:35:44,mlx5_9,0.000,0.000,80.664,139.372
2025-11-23 01:35:44,TOTAL,0.000,0.000,625.580,1001.738
2025-11-23 01:35:45,mlx5_0,0.000,0.000,0.000,0.000
2025-11-23 01:35:45,mlx5_1,0.000,0.000,76.387,111.357
2025-11-23 01:35:45,mlx5_2,0.000,0.000,78.235,127.097
2025-11-23 01:35:45,mlx5_3,0.000,0.000,77.160,119.781
2025-11-23 01:35:45,mlx5_4,0.000,0.000,79.953,135.021
2025-11-23 01:35:45,mlx5_5,0.000,0.000,76.409,114.714
2025-11-23 01:35:45,mlx5_6,0.000,0.000,79.156,131.087
2025-11-23 01:35:45,mlx5_7,0.000,0.000,0.000,0.000
2025-11-23 01:35:45,mlx5_8,0.000,0.000,77.616,123.309
2025-11-23 01:35:45,mlx5_9,0.000,0.000,80.664,139.372
2025-11-23 01:35:45,TOTAL,0.000,0.000,625.580,1001.738
2025-11-23 01:35:46,mlx5_0,0.000,0.000,0.000,0.000
2025-11-23 01:35:46,mlx5_1,4.510,0.006,76.953,111.357
2025-11-23 01:35:46,mlx5_2,4.482,0.006,78.798,127.098
2025-11-23 01:35:46,mlx5_3,4.533,0.006,77.729,119.782
2025-11-23 01:35:46,mlx5_4,4.788,0.006,80.554,135.021
2025-11-23 01:35:46,mlx5_5,4.606,0.006,76.987,114.715
2025-11-23 01:35:46,mlx5_6,4.695,0.006,79.746,131.087
2025-11-23 01:35:46,mlx5_7,0.000,0.000,0.000,0.000
2025-11-23 01:35:46,mlx5_8,4.674,0.006,78.203,123.310
2025-11-23 01:35:46,mlx5_9,4.939,0.006,81.285,139.373
2025-11-23 01:35:46,TOTAL,37.227,0.048,630.256,1001.744
2025-11-23 01:35:47,mlx5_0,0.000,0.000,0.000,0.000
2025-11-23 01:35:47,mlx5_1,0.000,0.000,76.953,111.357
2025-11-23 01:35:47,mlx5_2,0.000,0.000,78.798,127.098
2025-11-23 01:35:47,mlx5_3,0.000,0.000,77.729,119.782
2025-11-23 01:35:47,mlx5_4,0.000,0.000,80.554,135.021
2025-11-23 01:35:47,mlx5_5,0.000,0.000,76.987,114.715
2025-11-23 01:35:47,mlx5_6,0.000,0.000,79.746,131.087
2025-11-23 01:35:47,mlx5_7,0.000,0.000,0.000,0.000
2025-11-23 01:35:47,mlx5_8,0.000,0.000,78.203,123.310
2025-11-23 01:35:47,mlx5_9,0.000,0.000,81.285,139.373
2025-11-23 01:35:47,TOTAL,0.000,0.000,630.256,1001.744
2025-11-23 01:35:48,mlx5_0,0.000,0.000,0.000,0.000
2025-11-23 01:35:48,mlx5_1,0.000,0.000,76.953,111.357
2025-11-23 01:35:48,mlx5_2,0.000,0.000,78.798,127.098
2025-11-23 01:35:48,mlx5_3,0.000,0.000,77.729,119.782
2025-11-23 01:35:48,mlx5_4,0.000,0.000,80.554,135.021
2025-11-23 01:35:48,mlx5_5,0.000,0.000,76.987,114.715
2025-11-23 01:35:48,mlx5_6,0.000,0.000,79.746,131.087
2025-11-23 01:35:48,mlx5_7,0.000,0.000,0.000,0.000
2025-11-23 01:35:48,mlx5_8,0.000,0.000,78.203,123.310
2025-11-23 01:35:48,mlx5_9,0.000,0.000,81.285,139.373
2025-11-23 01:35:48,TOTAL,0.000,0.000,630.256,1001.744
2025-11-23 01:35:49,mlx5_0,0.000,0.000,0.000,0.000
2025-11-23 01:35:49,mlx5_1,0.000,0.000,76.953,111.357
2025-11-23 01:35:49,mlx5_2,0.000,0.000,78.798,127.098
2025-11-23 01:35:49,mlx5_3,0.000,0.000,77.729,119.782
2025-11-23 01:35:49,mlx5_4,0.000,0.000,80.554,135.021
2025-11-23 01:35:49,mlx5_5,0.000,0.000,76.987,114.715
2025-11-23 01:35:49,mlx5_6,0.000,0.000,79.746,131.087
2025-11-23 01:35:49,mlx5_7,0.000,0.000,0.000,0.000
2025-11-23 01:35:49,mlx5_8,0.000,0.000,78.203,123.310
2025-11-23 01:35:49,mlx5_9,0.000,0.000,81.285,139.373
2025-11-23 01:35:49,TOTAL,0.000,0.000,630.256,1001.744
2025-11-23 01:35:50,mlx5_0,0.000,0.000,0.000,0.000
2025-11-23 01:35:50,mlx5_1,4.686,0.006,77.542,111.358
2025-11-23 01:35:50,mlx5_2,4.584,0.006,79.373,127.099
2025-11-23 01:35:50,mlx5_3,4.556,0.006,78.301,119.783
2025-11-23 01:35:50,mlx5_4,4.926,0.006,81.173,135.022
2025-11-23 01:35:50,mlx5_5,4.612,0.006,77.567,114.716
2025-11-23 01:35:50,mlx5_6,4.646,0.006,80.329,131.088
2025-11-23 01:35:50,mlx5_7,0.000,0.000,0.000,0.000
2025-11-23 01:35:50,mlx5_8,4.553,0.006,78.775,123.311
2025-11-23 01:35:50,mlx5_9,4.679,0.006,81.872,139.374
2025-11-23 01:35:50,TOTAL,37.242,0.048,634.932,1001.750
2025-11-23 01:35:51,mlx5_0,0.000,0.000,0.000,0.000
2025-11-23 01:35:51,mlx5_1,0.000,0.000,77.542,111.358
2025-11-23 01:35:51,mlx5_2,0.000,0.000,79.373,127.099
2025-11-23 01:35:51,mlx5_3,0.000,0.000,78.301,119.783
2025-11-23 01:35:51,mlx5_4,0.000,0.000,81.173,135.022
2025-11-23 01:35:51,mlx5_5,0.000,0.000,77.567,114.716
2025-11-23 01:35:51,mlx5_6,0.000,0.000,80.329,131.088
2025-11-23 01:35:51,mlx5_7,0.000,0.000,0.000,0.000
2025-11-23 01:35:51,mlx5_8,0.000,0.000,78.775,123.311
2025-11-23 01:35:51,mlx5_9,0.000,0.000,81.872,139.374
2025-11-23 01:35:51,TOTAL,0.000,0.000,634.932,1001.750
2025-11-23 01:35:52,mlx5_0,0.000,0.000,0.000,0.000
2025-11-23 01:35:52,mlx5_1,0.000,0.000,77.542,111.358
2025-11-23 01:35:52,mlx5_2,0.000,0.000,79.373,127.099
2025-11-23 01:35:52,mlx5_3,0.000,0.000,78.301,119.783
2025-11-23 01:35:52,mlx5_4,0.000,0.000,81.173,135.022
2025-11-23 01:35:52,mlx5_5,0.000,0.000,77.567,114.716
2025-11-23 01:35:52,mlx5_6,0.000,0.000,80.329,131.088
2025-11-23 01:35:52,mlx5_7,0.000,0.000,0.000,0.000
2025-11-23 01:35:52,mlx5_8,0.000,0.000,78.775,123.311
2025-11-23 01:35:52,mlx5_9,0.000,0.000,81.872,139.374
2025-11-23 01:35:52,TOTAL,0.000,0.000,634.932,1001.750
2025-11-23 01:35:53,mlx5_0,0.000,0.000,0.000,0.000
2025-11-23 01:35:53,mlx5_1,0.000,0.000,77.542,111.358
2025-11-23 01:35:53,mlx5_2,0.000,0.000,79.373,127.099
2025-11-23 01:35:53,mlx5_3,0.000,0.000,78.301,119.783
2025-11-23 01:35:53,mlx5_4,0.000,0.000,81.173,135.022
2025-11-23 01:35:53,mlx5_5,0.000,0.000,77.567,114.716
2025-11-23 01:35:53,mlx5_6,0.000,0.000,80.329,131.088
2025-11-23 01:35:53,mlx5_7,0.000,0.000,0.000,0.000
2025-11-23 01:35:53,mlx5_8,0.000,0.000,78.775,123.311
2025-11-23 01:35:53,mlx5_9,0.000,0.000,81.872,139.374
2025-11-23 01:35:53,TOTAL,0.000,0.000,634.932,1001.750
2025-11-23 01:35:54,mlx5_0,0.000,0.000,0.000,0.000
2025-11-23 01:35:54,mlx5_1,0.000,0.000,77.542,111.358
2025-11-23 01:35:54,mlx5_2,0.000,0.000,79.373,127.099
2025-11-23 01:35:54,mlx5_3,0.000,0.000,78.301,119.783
2025-11-23 01:35:54,mlx5_4,0.000,0.000,81.173,135.022
2025-11-23 01:35:54,mlx5_5,0.000,0.000,77.567,114.716
2025-11-23 01:35:54,mlx5_6,0.000,0.000,80.329,131.088
2025-11-23 01:35:54,mlx5_7,0.000,0.000,0.000,0.000
2025-11-23 01:35:54,mlx5_8,0.000,0.000,78.775,123.311
2025-11-23 01:35:54,mlx5_9,0.000,0.000,81.872,139.374
2025-11-23 01:35:54,TOTAL,0.000,0.000,634.932,1001.750
2025-11-23 01:35:55,mlx5_0,0.000,0.000,0.000,0.000
2025-11-23 01:35:55,mlx5_1,4.546,24.626,78.112,114.449
2025-11-23 01:35:55,mlx5_2,4.848,27.873,79.982,130.597
2025-11-23 01:35:55,mlx5_3,4.673,26.355,78.887,123.091
2025-11-23 01:35:55,mlx5_4,4.750,30.232,81.769,138.816
2025-11-23 01:35:55,mlx5_5,4.550,25.569,78.138,117.925
2025-11-23 01:35:55,mlx5_6,4.790,28.847,80.930,134.708
2025-11-23 01:35:55,mlx5_7,0.000,0.000,0.000,0.000
2025-11-23 01:35:55,mlx5_8,4.665,26.979,79.360,126.697
2025-11-23 01:35:55,mlx5_9,4.861,30.630,82.482,143.218
2025-11-23 01:35:55,TOTAL,37.683,221.111,639.661,1029.500
2025-11-23 01:35:56,mlx5_0,0.000,0.000,0.000,0.000
2025-11-23 01:35:56,mlx5_1,0.001,0.693,78.112,114.536
2025-11-23 01:35:56,mlx5_2,0.001,0.661,79.982,130.680
2025-11-23 01:35:56,mlx5_3,0.001,0.732,78.888,123.183
2025-11-23 01:35:56,mlx5_4,0.001,0.657,81.769,138.899
2025-11-23 01:35:56,mlx5_5,0.001,0.685,78.138,118.011
2025-11-23 01:35:56,mlx5_6,0.001,0.605,80.931,134.784
2025-11-23 01:35:56,mlx5_7,0.000,0.000,0.000,0.000
2025-11-23 01:35:56,mlx5_8,0.001,0.643,79.361,126.778
2025-11-23 01:35:56,mlx5_9,0.001,0.952,82.483,143.337
2025-11-23 01:35:56,TOTAL,0.008,5.628,639.662,1030.207
2025-11-23 01:35:57,mlx5_0,0.000,0.000,0.000,0.000
2025-11-23 01:35:57,mlx5_1,0.000,0.000,78.112,114.536
2025-11-23 01:35:57,mlx5_2,0.000,0.000,79.982,130.680
2025-11-23 01:35:57,mlx5_3,0.000,0.000,78.888,123.183
2025-11-23 01:35:57,mlx5_4,0.000,0.000,81.769,138.899
2025-11-23 01:35:57,mlx5_5,0.000,0.000,78.138,118.011
2025-11-23 01:35:57,mlx5_6,0.000,0.000,80.931,134.784
2025-11-23 01:35:57,mlx5_7,0.000,0.000,0.000,0.000
2025-11-23 01:35:57,mlx5_8,0.000,0.000,79.361,126.778
2025-11-23 01:35:57,mlx5_9,0.000,0.000,82.483,143.337
2025-11-23 01:35:57,TOTAL,0.000,0.000,639.662,1030.207
2025-11-23 01:35:58,mlx5_0,0.000,0.000,0.000,0.000
2025-11-23 01:35:58,mlx5_1,0.000,0.000,78.112,114.536
2025-11-23 01:35:58,mlx5_2,0.000,0.000,79.982,130.680
2025-11-23 01:35:58,mlx5_3,0.000,0.000,78.888,123.183
2025-11-23 01:35:58,mlx5_4,0.000,0.000,81.769,138.899
2025-11-23 01:35:58,mlx5_5,0.000,0.000,78.138,118.011
2025-11-23 01:35:58,mlx5_6,0.000,0.000,80.931,134.784
2025-11-23 01:35:58,mlx5_7,0.000,0.000,0.000,0.000
2025-11-23 01:35:58,mlx5_8,0.000,0.000,79.361,126.778
2025-11-23 01:35:58,mlx5_9,0.000,0.000,82.483,143.337
2025-11-23 01:35:58,TOTAL,0.000,0.000,639.662,1030.207
2025-11-23 01:35:59,mlx5_0,0.000,0.000,0.000,0.000
2025-11-23 01:35:59,mlx5_1,4.354,0.006,78.659,114.536
2025-11-23 01:35:59,mlx5_2,4.543,0.006,80.552,130.681
2025-11-23 01:35:59,mlx5_3,4.250,0.006,79.421,123.183
2025-11-23 01:35:59,mlx5_4,4.592,0.006,82.346,138.900
2025-11-23 01:35:59,mlx5_5,4.229,0.005,78.669,118.012
2025-11-23 01:35:59,mlx5_6,4.600,0.006,81.508,134.785
2025-11-23 01:35:59,mlx5_7,0.000,0.000,0.000,0.000
2025-11-23 01:35:59,mlx5_8,4.423,0.006,79.916,126.778
2025-11-23 01:35:59,mlx5_9,4.639,0.006,83.065,143.338
2025-11-23 01:35:59,TOTAL,35.629,0.047,644.137,1030.213
2025-11-23 01:36:00,mlx5_0,0.000,0.000,0.000,0.000
2025-11-23 01:36:00,mlx5_1,0.000,0.000,78.659,114.536
2025-11-23 01:36:00,mlx5_2,0.000,0.000,80.552,130.681
2025-11-23 01:36:00,mlx5_3,0.000,0.000,79.421,123.183
2025-11-23 01:36:00,mlx5_4,0.000,0.000,82.346,138.900
2025-11-23 01:36:00,mlx5_5,0.000,0.000,78.669,118.012
2025-11-23 01:36:00,mlx5_6,0.000,0.000,81.508,134.785
2025-11-23 01:36:00,mlx5_7,0.000,0.000,0.000,0.000
2025-11-23 01:36:00,mlx5_8,0.000,0.000,79.916,126.778
2025-11-23 01:36:00,mlx5_9,0.000,0.000,83.065,143.338
2025-11-23 01:36:00,TOTAL,0.000,0.000,644.137,1030.213
2025-11-23 01:36:01,mlx5_0,0.000,0.000,0.000,0.000
2025-11-23 01:36:01,mlx5_1,0.000,0.000,78.659,114.536
2025-11-23 01:36:01,mlx5_2,0.000,0.000,80.552,130.681
2025-11-23 01:36:01,mlx5_3,0.000,0.000,79.421,123.183
2025-11-23 01:36:01,mlx5_4,0.000,0.000,82.346,138.900
2025-11-23 01:36:01,mlx5_5,0.000,0.000,78.669,118.012
2025-11-23 01:36:01,mlx5_6,0.000,0.000,81.508,134.785
2025-11-23 01:36:01,mlx5_7,0.000,0.000,0.000,0.000
2025-11-23 01:36:01,mlx5_8,0.000,0.000,79.916,126.778
2025-11-23 01:36:01,mlx5_9,0.000,0.000,83.065,143.338
2025-11-23 01:36:01,TOTAL,0.000,0.000,644.137,1030.213
2025-11-23 01:36:02,mlx5_0,0.000,0.000,0.000,0.000
2025-11-23 01:36:02,mlx5_1,4.498,0.006,79.224,114.537
2025-11-23 01:36:02,mlx5_2,4.447,0.006,81.111,130.681
2025-11-23 01:36:02,mlx5_3,4.486,0.006,79.985,123.184
2025-11-23 01:36:02,mlx5_4,4.729,0.006,82.940,138.900
2025-11-23 01:36:02,mlx5_5,4.405,0.006,79.222,118.012
2025-11-23 01:36:02,mlx5_6,4.645,0.006,82.091,134.786
2025-11-23 01:36:02,mlx5_7,0.000,0.000,0.000,0.000
2025-11-23 01:36:02,mlx5_8,4.602,0.006,80.494,126.779
2025-11-23 01:36:02,mlx5_9,4.762,0.006,83.663,143.339
2025-11-23 01:36:02,TOTAL,36.574,0.047,648.730,1030.219
2025-11-23 01:36:03,mlx5_0,0.000,0.000,0.000,0.000
2025-11-23 01:36:03,mlx5_1,0.053,0.000,79.231,114.537
2025-11-23 01:36:03,mlx5_2,0.143,0.000,81.129,130.681
2025-11-23 01:36:03,mlx5_3,0.193,0.000,80.009,123.184
2025-11-23 01:36:03,mlx5_4,0.064,0.000,82.948,138.900
2025-11-23 01:36:03,mlx5_5,0.127,0.000,79.238,118.012
2025-11-23 01:36:03,mlx5_6,0.001,0.000,82.092,134.786
2025-11-23 01:36:03,mlx5_7,0.000,0.000,0.000,0.000
2025-11-23 01:36:03,mlx5_8,0.080,0.000,80.504,126.779
2025-11-23 01:36:03,mlx5_9,0.000,0.000,83.663,143.339
2025-11-23 01:36:03,TOTAL,0.662,0.002,648.813,1030.219
2025-11-23 01:36:04,mlx5_0,0.000,0.000,0.000,0.000
2025-11-23 01:36:04,mlx5_1,0.000,0.000,79.231,114.537
2025-11-23 01:36:04,mlx5_2,0.000,0.000,81.129,130.681
2025-11-23 01:36:04,mlx5_3,0.000,0.000,80.009,123.184
2025-11-23 01:36:04,mlx5_4,0.000,0.000,82.948,138.900
2025-11-23 01:36:04,mlx5_5,0.000,0.000,79.238,118.012
2025-11-23 01:36:04,mlx5_6,0.000,0.000,82.092,134.786
2025-11-23 01:36:04,mlx5_7,0.000,0.000,0.000,0.000
2025-11-23 01:36:04,mlx5_8,0.000,0.000,80.504,126.779
2025-11-23 01:36:04,mlx5_9,0.000,0.000,83.663,143.339
2025-11-23 01:36:04,TOTAL,0.000,0.000,648.813,1030.219
2025-11-23 01:36:05,mlx5_0,0.000,0.000,0.000,0.000
2025-11-23 01:36:05,mlx5_1,0.000,0.000,79.231,114.537
2025-11-23 01:36:05,mlx5_2,0.000,0.000,81.129,130.681
2025-11-23 01:36:05,mlx5_3,0.000,0.000,80.009,123.184
2025-11-23 01:36:05,mlx5_4,0.000,0.000,82.948,138.900
2025-11-23 01:36:05,mlx5_5,0.000,0.000,79.238,118.012
2025-11-23 01:36:05,mlx5_6,0.000,0.000,82.092,134.786
2025-11-23 01:36:05,mlx5_7,0.000,0.000,0.000,0.000
2025-11-23 01:36:05,mlx5_8,0.000,0.000,80.504,126.779
2025-11-23 01:36:05,mlx5_9,0.000,0.000,83.663,143.339
2025-11-23 01:36:05,TOTAL,0.000,0.000,648.813,1030.219
2025-11-23 01:36:06,mlx5_0,0.000,0.000,0.000,0.000
2025-11-23 01:36:06,mlx5_1,4.556,0.006,79.803,114.538
2025-11-23 01:36:06,mlx5_2,4.669,0.006,81.715,130.682
2025-11-23 01:36:06,mlx5_3,4.600,0.006,80.587,123.185
2025-11-23 01:36:06,mlx5_4,4.805,0.006,83.551,138.901
2025-11-23 01:36:06,mlx5_5,4.454,0.006,79.797,118.013
2025-11-23 01:36:06,mlx5_6,4.656,0.006,82.676,134.787
2025-11-23 01:36:06,mlx5_7,0.000,0.000,0.000,0.000
2025-11-23 01:36:06,mlx5_8,4.702,0.006,81.095,126.780
2025-11-23 01:36:06,mlx5_9,4.789,0.006,84.265,143.340
2025-11-23 01:36:06,TOTAL,37.232,0.049,653.489,1030.225
2025-11-23 01:36:07,mlx5_0,0.000,0.000,0.000,0.000
2025-11-23 01:36:07,mlx5_1,0.000,0.000,79.803,114.538
2025-11-23 01:36:07,mlx5_2,0.000,0.000,81.715,130.682
2025-11-23 01:36:07,mlx5_3,0.000,0.000,80.587,123.185
2025-11-23 01:36:07,mlx5_4,0.000,0.000,83.551,138.901
2025-11-23 01:36:07,mlx5_5,0.000,0.000,79.797,118.013
2025-11-23 01:36:07,mlx5_6,0.000,0.000,82.676,134.787
2025-11-23 01:36:07,mlx5_7,0.000,0.000,0.000,0.000
2025-11-23 01:36:07,mlx5_8,0.000,0.000,81.095,126.780
2025-11-23 01:36:07,mlx5_9,0.000,0.000,84.265,143.340
2025-11-23 01:36:07,TOTAL,0.000,0.000,653.489,1030.225
2025-11-23 01:36:08,mlx5_0,0.000,0.000,0.000,0.000
2025-11-23 01:36:08,mlx5_1,0.000,0.000,79.803,114.538
2025-11-23 01:36:08,mlx5_2,0.000,0.000,81.715,130.682
2025-11-23 01:36:08,mlx5_3,0.000,0.000,80.587,123.185
2025-11-23 01:36:08,mlx5_4,0.000,0.000,83.551,138.901
2025-11-23 01:36:08,mlx5_5,0.000,0.000,79.797,118.013
2025-11-23 01:36:08,mlx5_6,0.000,0.000,82.676,134.787
2025-11-23 01:36:08,mlx5_7,0.000,0.000,0.000,0.000
2025-11-23 01:36:08,mlx5_8,0.000,0.000,81.095,126.780
2025-11-23 01:36:08,mlx5_9,0.000,0.000,84.265,143.340
2025-11-23 01:36:08,TOTAL,0.000,0.000,653.489,1030.225
2025-11-23 01:36:09,mlx5_0,0.000,0.000,0.000,0.000
2025-11-23 01:36:09,mlx5_1,0.000,0.000,79.803,114.538
2025-11-23 01:36:09,mlx5_2,0.000,0.000,81.715,130.682
2025-11-23 01:36:09,mlx5_3,0.000,0.000,80.587,123.185
2025-11-23 01:36:09,mlx5_4,0.000,0.000,83.551,138.901
2025-11-23 01:36:09,mlx5_5,0.000,0.000,79.797,118.013
2025-11-23 01:36:09,mlx5_6,0.000,0.000,82.676,134.787
2025-11-23 01:36:09,mlx5_7,0.000,0.000,0.000,0.000
2025-11-23 01:36:09,mlx5_8,0.000,0.000,81.095,126.780
2025-11-23 01:36:09,mlx5_9,0.000,0.000,84.265,143.340
2025-11-23 01:36:09,TOTAL,0.000,0.000,653.489,1030.225
2025-11-23 01:36:10,mlx5_0,0.000,0.000,0.000,0.000
2025-11-23 01:36:10,mlx5_1,4.548,0.006,80.374,114.539
2025-11-23 01:36:10,mlx5_2,4.660,0.006,82.300,130.683
2025-11-23 01:36:10,mlx5_3,4.539,0.006,81.157,123.186
2025-11-23 01:36:10,mlx5_4,4.761,0.006,84.150,138.902
2025-11-23 01:36:10,mlx5_5,4.373,0.006,80.347,118.014
2025-11-23 01:36:10,mlx5_6,4.777,0.006,83.277,134.787
2025-11-23 01:36:10,mlx5_7,0.000,0.000,0.000,0.000
2025-11-23 01:36:10,mlx5_8,4.731,0.006,81.689,126.780
2025-11-23 01:36:10,mlx5_9,4.827,0.006,84.871,143.341
2025-11-23 01:36:10,TOTAL,37.215,0.048,658.165,1030.231
2025-11-23 01:36:11,mlx5_0,0.000,0.000,0.000,0.000
2025-11-23 01:36:11,mlx5_1,0.000,0.000,80.374,114.539
2025-11-23 01:36:11,mlx5_2,0.000,0.000,82.300,130.683
2025-11-23 01:36:11,mlx5_3,0.000,0.000,81.157,123.186
2025-11-23 01:36:11,mlx5_4,0.000,0.000,84.150,138.902
2025-11-23 01:36:11,mlx5_5,0.000,0.000,80.347,118.014
2025-11-23 01:36:11,mlx5_6,0.000,0.000,83.277,134.787
2025-11-23 01:36:11,mlx5_7,0.000,0.000,0.000,0.000
2025-11-23 01:36:11,mlx5_8,0.000,0.000,81.689,126.780
2025-11-23 01:36:11,mlx5_9,0.000,0.000,84.871,143.341
2025-11-23 01:36:11,TOTAL,0.000,0.000,658.165,1030.231
2025-11-23 01:36:12,mlx5_0,0.000,0.000,0.000,0.000
2025-11-23 01:36:12,mlx5_1,0.000,0.000,80.374,114.539
2025-11-23 01:36:12,mlx5_2,0.000,0.000,82.300,130.683
2025-11-23 01:36:12,mlx5_3,0.000,0.000,81.157,123.186
2025-11-23 01:36:12,mlx5_4,0.000,0.000,84.150,138.902
2025-11-23 01:36:12,mlx5_5,0.000,0.000,80.347,118.014
2025-11-23 01:36:12,mlx5_6,0.000,0.000,83.277,134.787
2025-11-23 01:36:12,mlx5_7,0.000,0.000,0.000,0.000
2025-11-23 01:36:12,mlx5_8,0.000,0.000,81.689,126.780
2025-11-23 01:36:12,mlx5_9,0.000,0.000,84.871,143.341
2025-11-23 01:36:12,TOTAL,0.000,0.000,658.165,1030.231
2025-11-23 01:36:13,mlx5_0,0.000,0.000,0.000,0.000
2025-11-23 01:36:13,mlx5_1,0.000,0.000,80.374,114.539
2025-11-23 01:36:13,mlx5_2,0.000,0.000,82.300,130.683
2025-11-23 01:36:13,mlx5_3,0.000,0.000,81.157,123.186
2025-11-23 01:36:13,mlx5_4,0.000,0.000,84.150,138.902
2025-11-23 01:36:13,mlx5_5,0.000,0.000,80.347,118.014
2025-11-23 01:36:13,mlx5_6,0.000,0.000,83.277,134.787
2025-11-23 01:36:13,mlx5_7,0.000,0.000,0.000,0.000
2025-11-23 01:36:13,mlx5_8,0.000,0.000,81.689,126.780
2025-11-23 01:36:13,mlx5_9,0.000,0.000,84.871,143.341
2025-11-23 01:36:13,TOTAL,0.000,0.000,658.165,1030.231
2025-11-23 01:36:14,mlx5_0,0.000,0.000,0.000,0.000
2025-11-23 01:36:14,mlx5_1,0.000,0.000,80.374,114.539
2025-11-23 01:36:14,mlx5_2,0.000,0.000,82.300,130.683
2025-11-23 01:36:14,mlx5_3,0.000,0.000,81.157,123.186
2025-11-23 01:36:14,mlx5_4,0.000,0.000,84.150,138.902
2025-11-23 01:36:14,mlx5_5,0.000,0.000,80.347,118.014
2025-11-23 01:36:14,mlx5_6,0.000,0.000,83.277,134.787
2025-11-23 01:36:14,mlx5_7,0.000,0.000,0.000,0.000
2025-11-23 01:36:14,mlx5_8,0.000,0.000,81.689,126.780
2025-11-23 01:36:14,mlx5_9,0.000,0.000,84.871,143.341
2025-11-23 01:36:14,TOTAL,0.000,0.000,658.165,1030.231
2025-11-23 01:36:15,mlx5_0,0.000,0.000,0.000,0.000
2025-11-23 01:36:15,mlx5_1,4.530,0.006,80.944,114.540
2025-11-23 01:36:15,mlx5_2,4.709,0.006,82.892,130.684
2025-11-23 01:36:15,mlx5_3,4.548,0.006,81.728,123.186
2025-11-23 01:36:15,mlx5_4,4.837,0.006,84.757,138.903
2025-11-23 01:36:15,mlx5_5,4.535,0.006,80.917,118.015
2025-11-23 01:36:15,mlx5_6,4.739,0.006,83.872,134.788
2025-11-23 01:36:15,mlx5_7,0.000,0.000,0.000,0.000
2025-11-23 01:36:15,mlx5_8,4.474,0.006,82.251,126.781
2025-11-23 01:36:15,mlx5_9,4.848,0.006,85.480,143.341
2025-11-23 01:36:15,TOTAL,37.219,0.048,662.841,1030.237
2025-11-23 01:36:16,mlx5_0,0.000,0.000,0.000,0.000
2025-11-23 01:36:16,mlx5_1,0.000,0.000,80.944,114.540
2025-11-23 01:36:16,mlx5_2,0.000,0.000,82.892,130.684
2025-11-23 01:36:16,mlx5_3,0.000,0.000,81.728,123.186
2025-11-23 01:36:16,mlx5_4,0.000,0.000,84.757,138.903
2025-11-23 01:36:16,mlx5_5,0.000,0.000,80.917,118.015
2025-11-23 01:36:16,mlx5_6,0.000,0.000,83.872,134.788
2025-11-23 01:36:16,mlx5_7,0.000,0.000,0.000,0.000
2025-11-23 01:36:16,mlx5_8,0.000,0.000,82.251,126.781
2025-11-23 01:36:16,mlx5_9,0.000,0.000,85.480,143.341
2025-11-23 01:36:16,TOTAL,0.000,0.000,662.841,1030.237
2025-11-23 01:36:17,mlx5_0,0.000,0.000,0.000,0.000
2025-11-23 01:36:17,mlx5_1,0.000,0.000,80.944,114.540
2025-11-23 01:36:17,mlx5_2,0.000,0.000,82.892,130.684
2025-11-23 01:36:17,mlx5_3,0.000,0.000,81.728,123.186
2025-11-23 01:36:17,mlx5_4,0.000,0.000,84.757,138.903
2025-11-23 01:36:17,mlx5_5,0.000,0.000,80.917,118.015
2025-11-23 01:36:17,mlx5_6,0.000,0.000,83.872,134.788
2025-11-23 01:36:17,mlx5_7,0.000,0.000,0.000,0.000
2025-11-23 01:36:17,mlx5_8,0.000,0.000,82.251,126.781
2025-11-23 01:36:17,mlx5_9,0.000,0.000,85.480,143.341
2025-11-23 01:36:17,TOTAL,0.000,0.000,662.841,1030.237
2025-11-23 01:36:18,mlx5_0,0.000,0.000,0.000,0.000
2025-11-23 01:36:18,mlx5_1,0.000,0.000,80.944,114.540
2025-11-23 01:36:18,mlx5_2,0.000,0.000,82.892,130.684
2025-11-23 01:36:18,mlx5_3,0.000,0.000,81.728,123.186
2025-11-23 01:36:18,mlx5_4,0.000,0.000,84.757,138.903
2025-11-23 01:36:18,mlx5_5,0.000,0.000,80.917,118.015
2025-11-23 01:36:18,mlx5_6,0.000,0.000,83.872,134.788
2025-11-23 01:36:18,mlx5_7,0.000,0.000,0.000,0.000
2025-11-23 01:36:18,mlx5_8,0.000,0.000,82.251,126.781
2025-11-23 01:36:18,mlx5_9,0.000,0.000,85.480,143.341
2025-11-23 01:36:18,TOTAL,0.000,0.000,662.841,1030.237
2025-11-23 01:36:19,mlx5_0,0.000,0.000,0.000,0.000
2025-11-23 01:36:19,mlx5_1,4.635,12.931,81.526,116.164
2025-11-23 01:36:19,mlx5_2,4.745,14.931,83.488,132.559
2025-11-23 01:36:19,mlx5_3,4.557,13.888,82.301,124.931
2025-11-23 01:36:19,mlx5_4,4.628,15.989,85.338,140.911
2025-11-23 01:36:19,mlx5_5,4.661,13.607,81.502,119.724
2025-11-23 01:36:19,mlx5_6,4.775,15.400,84.472,136.722
2025-11-23 01:36:19,mlx5_7,0.000,0.000,0.000,0.000
2025-11-23 01:36:19,mlx5_8,4.744,14.692,82.847,128.627
2025-11-23 01:36:19,mlx5_9,4.713,16.543,86.072,145.419
2025-11-23 01:36:19,TOTAL,37.456,117.982,667.546,1045.056
2025-11-23 01:36:20,mlx5_0,0.000,0.000,0.000,0.000
2025-11-23 01:36:20,mlx5_1,0.023,12.183,81.529,117.695
2025-11-23 01:36:20,mlx5_2,0.024,13.670,83.491,134.277
2025-11-23 01:36:20,mlx5_3,0.026,13.160,82.304,126.584
2025-11-23 01:36:20,mlx5_4,0.028,14.770,85.342,142.767
2025-11-23 01:36:20,mlx5_5,0.025,12.273,81.505,121.266
2025-11-23 01:36:20,mlx5_6,0.025,13.973,84.475,138.478
2025-11-23 01:36:20,mlx5_7,0.000,0.000,0.000,0.000
2025-11-23 01:36:20,mlx5_8,0.025,13.402,82.850,130.311
2025-11-23 01:36:20,mlx5_9,0.027,15.105,86.076,147.317
2025-11-23 01:36:20,TOTAL,0.202,108.536,667.571,1058.695
2025-11-23 01:36:21,mlx5_0,0.000,0.000,0.000,0.000
2025-11-23 01:36:21,mlx5_1,0.000,0.000,81.529,117.695
2025-11-23 01:36:21,mlx5_2,0.000,0.000,83.491,134.277
2025-11-23 01:36:21,mlx5_3,0.000,0.000,82.304,126.584
2025-11-23 01:36:21,mlx5_4,0.000,0.000,85.342,142.767
2025-11-23 01:36:21,mlx5_5,0.000,0.000,81.505,121.266
2025-11-23 01:36:21,mlx5_6,0.000,0.000,84.475,138.478
2025-11-23 01:36:21,mlx5_7,0.000,0.000,0.000,0.000
2025-11-23 01:36:21,mlx5_8,0.000,0.000,82.850,130.311
2025-11-23 01:36:21,mlx5_9,0.000,0.000,86.076,147.317
2025-11-23 01:36:21,TOTAL,0.000,0.000,667.571,1058.695
2025-11-23 01:36:22,mlx5_0,0.000,0.000,0.000,0.000
2025-11-23 01:36:22,mlx5_1,0.000,0.000,81.529,117.695
2025-11-23 01:36:22,mlx5_2,0.000,0.000,83.491,134.277
2025-11-23 01:36:22,mlx5_3,0.000,0.000,82.304,126.584
2025-11-23 01:36:22,mlx5_4,0.000,0.000,85.342,142.767
2025-11-23 01:36:22,mlx5_5,0.000,0.000,81.505,121.266
2025-11-23 01:36:22,mlx5_6,0.000,0.000,84.475,138.478
2025-11-23 01:36:22,mlx5_7,0.000,0.000,0.000,0.000
2025-11-23 01:36:22,mlx5_8,0.000,0.000,82.850,130.311
2025-11-23 01:36:22,mlx5_9,0.000,0.000,86.076,147.317
2025-11-23 01:36:22,TOTAL,0.000,0.000,667.571,1058.695
2025-11-23 01:36:23,mlx5_0,0.000,0.000,0.000,0.000
2025-11-23 01:36:23,mlx5_1,4.534,0.006,82.098,117.695
2025-11-23 01:36:23,mlx5_2,4.650,0.006,84.075,134.278
2025-11-23 01:36:23,mlx5_3,4.374,0.006,82.853,126.585
2025-11-23 01:36:23,mlx5_4,4.775,0.006,85.942,142.768
2025-11-23 01:36:23,mlx5_5,4.402,0.006,82.058,121.267
2025-11-23 01:36:23,mlx5_6,4.818,0.006,85.080,138.479
2025-11-23 01:36:23,mlx5_7,0.000,0.000,0.000,0.000
2025-11-23 01:36:23,mlx5_8,4.564,0.006,83.424,130.311
2025-11-23 01:36:23,mlx5_9,4.876,0.006,86.688,147.318
2025-11-23 01:36:23,TOTAL,36.994,0.048,672.218,1058.701
2025-11-23 01:36:24,mlx5_0,0.000,0.000,0.000,0.000
2025-11-23 01:36:24,mlx5_1,0.145,0.000,82.116,117.695
2025-11-23 01:36:24,mlx5_2,0.114,0.000,84.089,134.278
2025-11-23 01:36:24,mlx5_3,0.119,0.000,82.868,126.585
2025-11-23 01:36:24,mlx5_4,0.090,0.000,85.953,142.768
2025-11-23 01:36:24,mlx5_5,0.138,0.000,82.075,121.267
2025-11-23 01:36:24,mlx5_6,0.130,0.000,85.096,138.479
2025-11-23 01:36:24,mlx5_7,0.000,0.000,0.000,0.000
2025-11-23 01:36:24,mlx5_8,0.121,0.000,83.439,130.311
2025-11-23 01:36:24,mlx5_9,0.107,0.000,86.701,147.318
2025-11-23 01:36:24,TOTAL,0.963,0.001,672.339,1058.701
2025-11-23 01:36:25,mlx5_0,0.000,0.000,0.000,0.000
2025-11-23 01:36:25,mlx5_1,0.000,0.000,82.116,117.695
2025-11-23 01:36:25,mlx5_2,0.000,0.000,84.089,134.278
2025-11-23 01:36:25,mlx5_3,0.000,0.000,82.868,126.585
2025-11-23 01:36:25,mlx5_4,0.000,0.000,85.953,142.768
2025-11-23 01:36:25,mlx5_5,0.000,0.000,82.075,121.267
2025-11-23 01:36:25,mlx5_6,0.000,0.000,85.096,138.479
2025-11-23 01:36:25,mlx5_7,0.000,0.000,0.000,0.000
2025-11-23 01:36:25,mlx5_8,0.000,0.000,83.439,130.311
2025-11-23 01:36:25,mlx5_9,0.000,0.000,86.701,147.318
2025-11-23 01:36:25,TOTAL,0.000,0.000,672.339,1058.701
2025-11-23 01:36:26,mlx5_0,0.000,0.000,0.000,0.000
2025-11-23 01:36:26,mlx5_1,0.000,0.000,82.116,117.695
2025-11-23 01:36:26,mlx5_2,0.000,0.000,84.089,134.278
2025-11-23 01:36:26,mlx5_3,0.000,0.000,82.868,126.585
2025-11-23 01:36:26,mlx5_4,0.000,0.000,85.953,142.768
2025-11-23 01:36:26,mlx5_5,0.000,0.000,82.075,121.267
2025-11-23 01:36:26,mlx5_6,0.000,0.000,85.096,138.479
2025-11-23 01:36:26,mlx5_7,0.000,0.000,0.000,0.000
2025-11-23 01:36:26,mlx5_8,0.000,0.000,83.439,130.311
2025-11-23 01:36:26,mlx5_9,0.000,0.000,86.701,147.318
2025-11-23 01:36:26,TOTAL,0.000,0.000,672.339,1058.701
2025-11-23 01:36:27,mlx5_0,0.000,0.000,0.000,0.000
2025-11-23 01:36:27,mlx5_1,4.472,0.006,82.678,117.696
2025-11-23 01:36:27,mlx5_2,4.579,0.006,84.665,134.278
2025-11-23 01:36:27,mlx5_3,4.703,0.006,83.459,126.586
2025-11-23 01:36:27,mlx5_4,4.763,0.006,86.552,142.768
2025-11-23 01:36:27,mlx5_5,4.561,0.006,82.648,121.267
2025-11-23 01:36:27,mlx5_6,4.666,0.006,85.682,138.480
2025-11-23 01:36:27,mlx5_7,0.000,0.000,0.000,0.000
2025-11-23 01:36:27,mlx5_8,4.687,0.006,84.028,130.312
2025-11-23 01:36:27,mlx5_9,4.792,0.006,87.303,147.319
2025-11-23 01:36:27,TOTAL,37.223,0.049,677.015,1058.707
2025-11-23 01:36:28,mlx5_0,0.000,0.000,0.000,0.000
2025-11-23 01:36:28,mlx5_1,0.000,0.000,82.678,117.696
2025-11-23 01:36:28,mlx5_2,0.000,0.000,84.665,134.278
2025-11-23 01:36:28,mlx5_3,0.000,0.000,83.459,126.586
2025-11-23 01:36:28,mlx5_4,0.000,0.000,86.552,142.768
2025-11-23 01:36:28,mlx5_5,0.000,0.000,82.648,121.267
2025-11-23 01:36:28,mlx5_6,0.000,0.000,85.682,138.480
2025-11-23 01:36:28,mlx5_7,0.000,0.000,0.000,0.000
2025-11-23 01:36:28,mlx5_8,0.000,0.000,84.028,130.312
2025-11-23 01:36:28,mlx5_9,0.000,0.000,87.303,147.319
2025-11-23 01:36:28,TOTAL,0.000,0.000,677.015,1058.707
2025-11-23 01:36:29,mlx5_0,0.000,0.000,0.000,0.000
2025-11-23 01:36:29,mlx5_1,0.000,0.000,82.678,117.696
2025-11-23 01:36:29,mlx5_2,0.000,0.000,84.665,134.278
2025-11-23 01:36:29,mlx5_3,0.000,0.000,83.459,126.586
2025-11-23 01:36:29,mlx5_4,0.000,0.000,86.552,142.768
2025-11-23 01:36:29,mlx5_5,0.000,0.000,82.648,121.267
2025-11-23 01:36:29,mlx5_6,0.000,0.000,85.682,138.480
2025-11-23 01:36:29,mlx5_7,0.000,0.000,0.000,0.000
2025-11-23 01:36:29,mlx5_8,0.000,0.000,84.028,130.312
2025-11-23 01:36:29,mlx5_9,0.000,0.000,87.303,147.319
2025-11-23 01:36:29,TOTAL,0.000,0.000,677.015,1058.707
2025-11-23 01:36:30,mlx5_0,0.000,0.000,0.000,0.000
2025-11-23 01:36:30,mlx5_1,4.700,0.006,83.268,117.697
2025-11-23 01:36:30,mlx5_2,4.649,0.006,85.249,134.279
2025-11-23 01:36:30,mlx5_3,4.714,0.006,84.051,126.587
2025-11-23 01:36:30,mlx5_4,4.747,0.006,87.148,142.769
2025-11-23 01:36:30,mlx5_5,4.551,0.006,83.220,121.268
2025-11-23 01:36:30,mlx5_6,4.582,0.006,86.258,138.481
2025-11-23 01:36:30,mlx5_7,0.000,0.000,0.000,0.000
2025-11-23 01:36:30,mlx5_8,4.537,0.006,84.597,130.313
2025-11-23 01:36:30,mlx5_9,4.747,0.006,87.900,147.320
2025-11-23 01:36:30,TOTAL,37.226,0.048,681.691,1058.713
2025-11-23 01:36:31,mlx5_0,0.000,0.000,0.000,0.000
2025-11-23 01:36:31,mlx5_1,0.000,0.000,83.268,117.697
2025-11-23 01:36:31,mlx5_2,0.000,0.000,85.249,134.279
2025-11-23 01:36:31,mlx5_3,0.000,0.000,84.051,126.587
2025-11-23 01:36:31,mlx5_4,0.000,0.000,87.148,142.769
2025-11-23 01:36:31,mlx5_5,0.000,0.000,83.220,121.268
2025-11-23 01:36:31,mlx5_6,0.000,0.000,86.258,138.481
2025-11-23 01:36:31,mlx5_7,0.000,0.000,0.000,0.000
2025-11-23 01:36:31,mlx5_8,0.000,0.000,84.597,130.313
2025-11-23 01:36:31,mlx5_9,0.000,0.000,87.900,147.320
2025-11-23 01:36:31,TOTAL,0.000,0.000,681.691,1058.713
2025-11-23 01:36:32,mlx5_0,0.000,0.000,0.000,0.000
2025-11-23 01:36:32,mlx5_1,0.000,0.000,83.268,117.697
2025-11-23 01:36:32,mlx5_2,0.000,0.000,85.249,134.279
2025-11-23 01:36:32,mlx5_3,0.000,0.000,84.051,126.587
2025-11-23 01:36:32,mlx5_4,0.000,0.000,87.148,142.769
2025-11-23 01:36:32,mlx5_5,0.000,0.000,83.220,121.268
2025-11-23 01:36:32,mlx5_6,0.000,0.000,86.258,138.481
2025-11-23 01:36:32,mlx5_7,0.000,0.000,0.000,0.000
2025-11-23 01:36:32,mlx5_8,0.000,0.000,84.597,130.313
2025-11-23 01:36:32,mlx5_9,0.000,0.000,87.900,147.320
2025-11-23 01:36:32,TOTAL,0.000,0.000,681.691,1058.713
2025-11-23 01:36:33,mlx5_0,0.000,0.000,0.000,0.000
2025-11-23 01:36:33,mlx5_1,0.000,0.000,83.268,117.697
2025-11-23 01:36:33,mlx5_2,0.000,0.000,85.249,134.279
2025-11-23 01:36:33,mlx5_3,0.000,0.000,84.051,126.587
2025-11-23 01:36:33,mlx5_4,0.000,0.000,87.148,142.769
2025-11-23 01:36:33,mlx5_5,0.000,0.000,83.220,121.268
2025-11-23 01:36:33,mlx5_6,0.000,0.000,86.258,138.481
2025-11-23 01:36:33,mlx5_7,0.000,0.000,0.000,0.000
2025-11-23 01:36:33,mlx5_8,0.000,0.000,84.597,130.313
2025-11-23 01:36:33,mlx5_9,0.000,0.000,87.900,147.320
2025-11-23 01:36:33,TOTAL,0.000,0.000,681.691,1058.713
2025-11-23 01:36:34,mlx5_0,0.000,0.000,0.000,0.000
2025-11-23 01:36:34,mlx5_1,4.524,0.006,83.837,117.698
2025-11-23 01:36:34,mlx5_2,4.612,0.006,85.828,134.280
2025-11-23 01:36:34,mlx5_3,4.513,0.006,84.618,126.587
2025-11-23 01:36:34,mlx5_4,4.844,0.006,87.756,142.770
2025-11-23 01:36:34,mlx5_5,4.547,0.006,83.791,121.269
2025-11-23 01:36:34,mlx5_6,4.789,0.006,86.860,138.481
2025-11-23 01:36:34,mlx5_7,0.000,0.000,0.000,0.000
2025-11-23 01:36:34,mlx5_8,4.533,0.006,85.167,130.314
2025-11-23 01:36:34,mlx5_9,4.863,0.006,88.511,147.321
2025-11-23 01:36:34,TOTAL,37.224,0.048,686.367,1058.719
2025-11-23 01:36:35,mlx5_0,0.000,0.000,0.000,0.000
2025-11-23 01:36:35,mlx5_1,0.000,0.000,83.837,117.698
2025-11-23 01:36:35,mlx5_2,0.000,0.000,85.828,134.280
2025-11-23 01:36:35,mlx5_3,0.000,0.000,84.618,126.587
2025-11-23 01:36:35,mlx5_4,0.000,0.000,87.756,142.770
2025-11-23 01:36:35,mlx5_5,0.000,0.000,83.791,121.269
2025-11-23 01:36:35,mlx5_6,0.000,0.000,86.860,138.481
2025-11-23 01:36:35,mlx5_7,0.000,0.000,0.000,0.000
2025-11-23 01:36:35,mlx5_8,0.000,0.000,85.167,130.314
2025-11-23 01:36:35,mlx5_9,0.000,0.000,88.511,147.321
2025-11-23 01:36:35,TOTAL,0.000,0.000,686.367,1058.719
2025-11-23 01:36:36,mlx5_0,0.000,0.000,0.000,0.000
2025-11-23 01:36:36,mlx5_1,0.000,0.000,83.837,117.698
2025-11-23 01:36:36,mlx5_2,0.000,0.000,85.828,134.280
2025-11-23 01:36:36,mlx5_3,0.000,0.000,84.618,126.587
2025-11-23 01:36:36,mlx5_4,0.000,0.000,87.756,142.770
2025-11-23 01:36:36,mlx5_5,0.000,0.000,83.791,121.269
2025-11-23 01:36:36,mlx5_6,0.000,0.000,86.860,138.481
2025-11-23 01:36:36,mlx5_7,0.000,0.000,0.000,0.000
2025-11-23 01:36:36,mlx5_8,0.000,0.000,85.167,130.314
2025-11-23 01:36:36,mlx5_9,0.000,0.000,88.511,147.321
2025-11-23 01:36:36,TOTAL,0.000,0.000,686.367,1058.719
2025-11-23 01:36:37,mlx5_0,0.000,0.000,0.000,0.000
2025-11-23 01:36:37,mlx5_1,0.000,0.000,83.837,117.698
2025-11-23 01:36:37,mlx5_2,0.000,0.000,85.828,134.280
2025-11-23 01:36:37,mlx5_3,0.000,0.000,84.618,126.587
2025-11-23 01:36:37,mlx5_4,0.000,0.000,87.756,142.770
2025-11-23 01:36:37,mlx5_5,0.000,0.000,83.791,121.269
2025-11-23 01:36:37,mlx5_6,0.000,0.000,86.860,138.481
2025-11-23 01:36:37,mlx5_7,0.000,0.000,0.000,0.000
2025-11-23 01:36:37,mlx5_8,0.000,0.000,85.167,130.314
2025-11-23 01:36:37,mlx5_9,0.000,0.000,88.511,147.321
2025-11-23 01:36:37,TOTAL,0.000,0.000,686.367,1058.719
2025-11-23 01:36:38,mlx5_0,0.000,0.000,0.000,0.000
2025-11-23 01:36:38,mlx5_1,0.000,0.000,83.837,117.698
2025-11-23 01:36:38,mlx5_2,0.000,0.000,85.828,134.280
2025-11-23 01:36:38,mlx5_3,0.000,0.000,84.618,126.587
2025-11-23 01:36:38,mlx5_4,0.000,0.000,87.756,142.770
2025-11-23 01:36:38,mlx5_5,0.000,0.000,83.791,121.269
2025-11-23 01:36:38,mlx5_6,0.000,0.000,86.860,138.481
2025-11-23 01:36:38,mlx5_7,0.000,0.000,0.000,0.000
2025-11-23 01:36:38,mlx5_8,0.000,0.000,85.167,130.314
2025-11-23 01:36:38,mlx5_9,0.000,0.000,88.511,147.321
2025-11-23 01:36:38,TOTAL,0.000,0.000,686.367,1058.719
2025-11-23 01:36:39,mlx5_0,0.000,0.000,0.000,0.000
2025-11-23 01:36:39,mlx5_1,4.467,0.006,84.398,117.698
2025-11-23 01:36:39,mlx5_2,4.932,0.007,86.448,134.281
2025-11-23 01:36:39,mlx5_3,4.507,0.006,85.185,126.588
2025-11-23 01:36:39,mlx5_4,4.760,0.006,88.355,142.771
2025-11-23 01:36:39,mlx5_5,4.448,0.006,84.350,121.270
2025-11-23 01:36:39,mlx5_6,4.665,0.006,87.446,138.482
2025-11-23 01:36:39,mlx5_7,0.000,0.000,0.000,0.000
2025-11-23 01:36:39,mlx5_8,4.716,0.006,85.760,130.314
2025-11-23 01:36:39,mlx5_9,4.705,0.006,89.102,147.321
2025-11-23 01:36:39,TOTAL,37.199,0.049,691.043,1058.726
2025-11-23 01:36:40,mlx5_0,0.000,0.000,0.000,0.000
2025-11-23 01:36:40,mlx5_1,0.000,0.000,84.398,117.698
2025-11-23 01:36:40,mlx5_2,0.000,0.000,86.448,134.281
2025-11-23 01:36:40,mlx5_3,0.000,0.000,85.185,126.588
2025-11-23 01:36:40,mlx5_4,0.000,0.000,88.355,142.771
2025-11-23 01:36:40,mlx5_5,0.000,0.000,84.350,121.270
2025-11-23 01:36:40,mlx5_6,0.000,0.000,87.446,138.482
2025-11-23 01:36:40,mlx5_7,0.000,0.000,0.000,0.000
2025-11-23 01:36:40,mlx5_8,0.000,0.000,85.760,130.314
2025-11-23 01:36:40,mlx5_9,0.000,0.000,89.102,147.321
2025-11-23 01:36:40,TOTAL,0.000,0.000,691.043,1058.726
2025-11-23 01:36:41,mlx5_0,0.000,0.000,0.000,0.000
2025-11-23 01:36:41,mlx5_1,0.000,0.000,84.398,117.698
2025-11-23 01:36:41,mlx5_2,0.000,0.000,86.448,134.281
2025-11-23 01:36:41,mlx5_3,0.000,0.000,85.185,126.588
2025-11-23 01:36:41,mlx5_4,0.000,0.000,88.355,142.771
2025-11-23 01:36:41,mlx5_5,0.000,0.000,84.350,121.270
2025-11-23 01:36:41,mlx5_6,0.000,0.000,87.446,138.482
2025-11-23 01:36:41,mlx5_7,0.000,0.000,0.000,0.000
2025-11-23 01:36:41,mlx5_8,0.000,0.000,85.760,130.314
2025-11-23 01:36:41,mlx5_9,0.000,0.000,89.102,147.321
2025-11-23 01:36:41,TOTAL,0.000,0.000,691.043,1058.726
2025-11-23 01:36:42,mlx5_0,0.000,0.000,0.000,0.000
2025-11-23 01:36:42,mlx5_1,0.000,0.000,84.398,117.698
2025-11-23 01:36:42,mlx5_2,0.000,0.000,86.448,134.281
2025-11-23 01:36:42,mlx5_3,0.000,0.000,85.185,126.588
2025-11-23 01:36:42,mlx5_4,0.000,0.000,88.355,142.771
2025-11-23 01:36:42,mlx5_5,0.000,0.000,84.350,121.270
2025-11-23 01:36:42,mlx5_6,0.000,0.000,87.446,138.482
2025-11-23 01:36:42,mlx5_7,0.000,0.000,0.000,0.000
2025-11-23 01:36:42,mlx5_8,0.000,0.000,85.760,130.314
2025-11-23 01:36:42,mlx5_9,0.000,0.000,89.102,147.321
2025-11-23 01:36:42,TOTAL,0.000,0.000,691.043,1058.726
2025-11-23 01:36:43,mlx5_0,0.000,0.000,0.000,0.000
2025-11-23 01:36:43,mlx5_1,4.455,7.716,84.958,118.668
2025-11-23 01:36:43,mlx5_2,4.820,8.803,87.053,135.387
2025-11-23 01:36:43,mlx5_3,4.690,8.024,85.774,127.596
2025-11-23 01:36:43,mlx5_4,4.639,9.964,88.937,144.022
2025-11-23 01:36:43,mlx5_5,4.663,8.047,84.936,122.280
2025-11-23 01:36:43,mlx5_6,4.770,9.426,88.045,139.666
2025-11-23 01:36:43,mlx5_7,0.000,0.000,0.000,0.000
2025-11-23 01:36:43,mlx5_8,4.710,8.661,86.351,131.402
2025-11-23 01:36:43,mlx5_9,4.613,10.506,89.681,148.641
2025-11-23 01:36:43,TOTAL,37.360,71.148,695.736,1067.663
2025-11-23 01:36:44,mlx5_0,0.000,0.000,0.000,0.000
2025-11-23 01:36:44,mlx5_1,0.032,17.501,84.962,120.868
2025-11-23 01:36:44,mlx5_2,0.035,19.281,87.058,137.810
2025-11-23 01:36:44,mlx5_3,0.038,18.564,85.778,129.930
2025-11-23 01:36:44,mlx5_4,0.040,21.423,88.942,146.715
2025-11-23 01:36:44,mlx5_5,0.037,17.816,84.941,124.520
2025-11-23 01:36:44,mlx5_6,0.036,20.128,88.050,142.196
2025-11-23 01:36:44,mlx5_7,0.000,0.000,0.000,0.000
2025-11-23 01:36:44,mlx5_8,0.036,18.640,86.356,133.746
2025-11-23 01:36:44,mlx5_9,0.038,21.921,89.686,151.397
2025-11-23 01:36:44,TOTAL,0.292,155.274,695.773,1087.182
2025-11-23 01:36:45,mlx5_0,0.000,0.000,0.000,0.000
2025-11-23 01:36:45,mlx5_1,0.000,0.000,84.962,120.868
2025-11-23 01:36:45,mlx5_2,0.000,0.000,87.058,137.810
2025-11-23 01:36:45,mlx5_3,0.000,0.000,85.778,129.930
2025-11-23 01:36:45,mlx5_4,0.000,0.000,88.942,146.715
2025-11-23 01:36:45,mlx5_5,0.000,0.000,84.941,124.520
2025-11-23 01:36:45,mlx5_6,0.000,0.000,88.050,142.196
2025-11-23 01:36:45,mlx5_7,0.000,0.000,0.000,0.000
2025-11-23 01:36:45,mlx5_8,0.000,0.000,86.356,133.746
2025-11-23 01:36:45,mlx5_9,0.000,0.000,89.686,151.397
2025-11-23 01:36:45,TOTAL,0.000,0.000,695.773,1087.182
2025-11-23 01:36:46,mlx5_0,0.000,0.000,0.000,0.000
2025-11-23 01:36:46,mlx5_1,0.000,0.000,84.962,120.868
2025-11-23 01:36:46,mlx5_2,0.000,0.000,87.058,137.810
2025-11-23 01:36:46,mlx5_3,0.000,0.000,85.778,129.930
2025-11-23 01:36:46,mlx5_4,0.000,0.000,88.942,146.715
2025-11-23 01:36:46,mlx5_5,0.000,0.000,84.941,124.520
2025-11-23 01:36:46,mlx5_6,0.000,0.000,88.050,142.196
2025-11-23 01:36:46,mlx5_7,0.000,0.000,0.000,0.000
2025-11-23 01:36:46,mlx5_8,0.000,0.000,86.356,133.746
2025-11-23 01:36:46,mlx5_9,0.000,0.000,89.686,151.397
2025-11-23 01:36:46,TOTAL,0.000,0.000,695.773,1087.182
2025-11-23 01:36:47,mlx5_0,0.000,0.000,0.000,0.000
2025-11-23 01:36:47,mlx5_1,0.000,0.000,84.962,120.868
2025-11-23 01:36:47,mlx5_2,0.000,0.000,87.058,137.810
2025-11-23 01:36:47,mlx5_3,0.000,0.000,85.778,129.930
2025-11-23 01:36:47,mlx5_4,0.000,0.000,88.942,146.715
2025-11-23 01:36:47,mlx5_5,0.000,0.000,84.941,124.520
2025-11-23 01:36:47,mlx5_6,0.000,0.000,88.050,142.196
2025-11-23 01:36:47,mlx5_7,0.000,0.000,0.000,0.000
2025-11-23 01:36:47,mlx5_8,0.000,0.000,86.356,133.746
2025-11-23 01:36:47,mlx5_9,0.000,0.000,89.686,151.397
2025-11-23 01:36:47,TOTAL,0.000,0.000,695.773,1087.182
2025-11-23 01:36:48,mlx5_0,0.000,0.000,0.000,0.000
2025-11-23 01:36:48,mlx5_1,4.610,0.006,85.541,120.869
2025-11-23 01:36:48,mlx5_2,4.776,0.006,87.658,137.811
2025-11-23 01:36:48,mlx5_3,4.555,0.006,86.350,129.930
2025-11-23 01:36:48,mlx5_4,5.045,0.007,89.576,146.716
2025-11-23 01:36:48,mlx5_5,4.459,0.006,85.501,124.521
2025-11-23 01:36:48,mlx5_6,4.860,0.006,88.660,142.197
2025-11-23 01:36:48,mlx5_7,0.000,0.000,0.000,0.000
2025-11-23 01:36:48,mlx5_8,4.597,0.006,86.933,133.746
2025-11-23 01:36:48,mlx5_9,5.063,0.007,90.322,151.398
2025-11-23 01:36:48,TOTAL,37.964,0.049,700.540,1087.188
2025-11-23 01:36:49,mlx5_0,0.000,0.000,0.000,0.000
2025-11-23 01:36:49,mlx5_1,0.000,0.000,85.541,120.869
2025-11-23 01:36:49,mlx5_2,0.000,0.000,87.658,137.811
2025-11-23 01:36:49,mlx5_3,0.000,0.000,86.350,129.930
2025-11-23 01:36:49,mlx5_4,0.000,0.000,89.576,146.716
2025-11-23 01:36:49,mlx5_5,0.000,0.000,85.501,124.521
2025-11-23 01:36:49,mlx5_6,0.000,0.000,88.660,142.197
2025-11-23 01:36:49,mlx5_7,0.000,0.000,0.000,0.000
2025-11-23 01:36:49,mlx5_8,0.000,0.000,86.933,133.746
2025-11-23 01:36:49,mlx5_9,0.000,0.000,90.322,151.398
2025-11-23 01:36:49,TOTAL,0.000,0.000,700.540,1087.188
2025-11-23 01:36:50,mlx5_0,0.000,0.000,0.000,0.000
2025-11-23 01:36:50,mlx5_1,0.000,0.000,85.541,120.869
2025-11-23 01:36:50,mlx5_2,0.000,0.000,87.658,137.811
2025-11-23 01:36:50,mlx5_3,0.000,0.000,86.350,129.930
2025-11-23 01:36:50,mlx5_4,0.000,0.000,89.576,146.716
2025-11-23 01:36:50,mlx5_5,0.000,0.000,85.501,124.521
2025-11-23 01:36:50,mlx5_6,0.000,0.000,88.660,142.197
2025-11-23 01:36:50,mlx5_7,0.000,0.000,0.000,0.000
2025-11-23 01:36:50,mlx5_8,0.000,0.000,86.933,133.746
2025-11-23 01:36:50,mlx5_9,0.000,0.000,90.322,151.398
2025-11-23 01:36:50,TOTAL,0.000,0.000,700.540,1087.188
2025-11-23 01:36:51,mlx5_0,0.000,0.000,0.000,0.000
2025-11-23 01:36:51,mlx5_1,4.555,0.006,86.113,120.869
2025-11-23 01:36:51,mlx5_2,4.553,0.006,88.230,137.812
2025-11-23 01:36:51,mlx5_3,4.616,0.006,86.930,129.931
2025-11-23 01:36:51,mlx5_4,4.826,0.006,90.182,146.717
2025-11-23 01:36:51,mlx5_5,4.554,0.006,86.073,124.521
2025-11-23 01:36:51,mlx5_6,4.727,0.006,89.254,142.198
2025-11-23 01:36:51,mlx5_7,0.000,0.000,0.000,0.000
2025-11-23 01:36:51,mlx5_8,4.617,0.006,87.513,133.747
2025-11-23 01:36:51,mlx5_9,4.777,0.006,90.922,151.398
2025-11-23 01:36:51,TOTAL,37.225,0.048,705.216,1087.194
2025-11-23 01:36:52,mlx5_0,0.000,0.000,0.000,0.000
2025-11-23 01:36:52,mlx5_1,0.000,0.000,86.113,120.869
2025-11-23 01:36:52,mlx5_2,0.000,0.000,88.230,137.812
2025-11-23 01:36:52,mlx5_3,0.000,0.000,86.930,129.931
2025-11-23 01:36:52,mlx5_4,0.000,0.000,90.182,146.717
2025-11-23 01:36:52,mlx5_5,0.000,0.000,86.073,124.521
2025-11-23 01:36:52,mlx5_6,0.000,0.000,89.254,142.198
2025-11-23 01:36:52,mlx5_7,0.000,0.000,0.000,0.000
2025-11-23 01:36:52,mlx5_8,0.000,0.000,87.513,133.747
2025-11-23 01:36:52,mlx5_9,0.000,0.000,90.922,151.398
2025-11-23 01:36:52,TOTAL,0.000,0.000,705.216,1087.194
2025-11-23 01:36:53,mlx5_0,0.000,0.000,0.000,0.000
2025-11-23 01:36:53,mlx5_1,0.000,0.000,86.113,120.869
2025-11-23 01:36:53,mlx5_2,0.000,0.000,88.230,137.812
2025-11-23 01:36:53,mlx5_3,0.000,0.000,86.930,129.931
2025-11-23 01:36:53,mlx5_4,0.000,0.000,90.182,146.717
2025-11-23 01:36:53,mlx5_5,0.000,0.000,86.073,124.521
2025-11-23 01:36:53,mlx5_6,0.000,0.000,89.254,142.198
2025-11-23 01:36:53,mlx5_7,0.000,0.000,0.000,0.000
2025-11-23 01:36:53,mlx5_8,0.000,0.000,87.513,133.747
2025-11-23 01:36:53,mlx5_9,0.000,0.000,90.922,151.398
2025-11-23 01:36:53,TOTAL,0.000,0.000,705.216,1087.194
2025-11-23 01:36:54,mlx5_0,0.000,0.000,0.000,0.000
2025-11-23 01:36:54,mlx5_1,0.000,0.000,86.113,120.869
2025-11-23 01:36:54,mlx5_2,0.000,0.000,88.230,137.812
2025-11-23 01:36:54,mlx5_3,0.000,0.000,86.930,129.931
2025-11-23 01:36:54,mlx5_4,0.000,0.000,90.182,146.717
2025-11-23 01:36:54,mlx5_5,0.002,0.000,86.073,124.521
2025-11-23 01:36:54,mlx5_6,0.000,0.000,89.254,142.198
2025-11-23 01:36:54,mlx5_7,0.000,0.000,0.000,0.000
2025-11-23 01:36:54,mlx5_8,0.104,0.000,87.526,133.747
2025-11-23 01:36:54,mlx5_9,0.060,0.000,90.930,151.398
2025-11-23 01:36:54,TOTAL,0.166,0.000,705.237,1087.194
2025-11-23 01:36:55,mlx5_0,0.000,0.000,0.000,0.000
2025-11-23 01:36:55,mlx5_1,4.487,0.006,86.677,120.870
2025-11-23 01:36:55,mlx5_2,4.710,0.006,88.822,137.813
2025-11-23 01:36:55,mlx5_3,4.583,0.006,87.506,129.932
2025-11-23 01:36:55,mlx5_4,4.658,0.006,90.768,146.718
2025-11-23 01:36:55,mlx5_5,4.542,0.006,86.644,124.522
2025-11-23 01:36:55,mlx5_6,4.733,0.006,89.849,142.199
2025-11-23 01:36:55,mlx5_7,0.000,0.000,0.000,0.000
2025-11-23 01:36:55,mlx5_8,4.599,0.006,88.104,133.748
2025-11-23 01:36:55,mlx5_9,4.720,0.006,91.523,151.399
2025-11-23 01:36:55,TOTAL,37.032,0.048,709.892,1087.200
2025-11-23 01:36:56,mlx5_0,0.000,0.000,0.000,0.000
2025-11-23 01:36:56,mlx5_1,0.000,0.000,86.677,120.870
2025-11-23 01:36:56,mlx5_2,0.000,0.000,88.822,137.813
2025-11-23 01:36:56,mlx5_3,0.000,0.000,87.506,129.932
2025-11-23 01:36:56,mlx5_4,0.000,0.000,90.768,146.718
2025-11-23 01:36:56,mlx5_5,0.000,0.000,86.644,124.522
2025-11-23 01:36:56,mlx5_6,0.000,0.000,89.849,142.199
2025-11-23 01:36:56,mlx5_7,0.000,0.000,0.000,0.000
2025-11-23 01:36:56,mlx5_8,0.000,0.000,88.104,133.748
2025-11-23 01:36:56,mlx5_9,0.000,0.000,91.523,151.399
2025-11-23 01:36:56,TOTAL,0.000,0.000,709.892,1087.200
2025-11-23 01:36:57,mlx5_0,0.000,0.000,0.000,0.000
2025-11-23 01:36:57,mlx5_1,0.000,0.000,86.677,120.870
2025-11-23 01:36:57,mlx5_2,0.000,0.000,88.822,137.813
2025-11-23 01:36:57,mlx5_3,0.000,0.000,87.506,129.932
2025-11-23 01:36:57,mlx5_4,0.000,0.000,90.768,146.718
2025-11-23 01:36:57,mlx5_5,0.000,0.000,86.644,124.522
2025-11-23 01:36:57,mlx5_6,0.000,0.000,89.849,142.199
2025-11-23 01:36:57,mlx5_7,0.000,0.000,0.000,0.000
2025-11-23 01:36:57,mlx5_8,0.000,0.000,88.104,133.748
2025-11-23 01:36:57,mlx5_9,0.000,0.000,91.523,151.399
2025-11-23 01:36:57,TOTAL,0.000,0.000,709.892,1087.200
2025-11-23 01:36:58,mlx5_0,0.000,0.000,0.000,0.000
2025-11-23 01:36:58,mlx5_1,4.546,0.006,87.247,120.871
2025-11-23 01:36:58,mlx5_2,4.767,0.006,89.420,137.813
2025-11-23 01:36:58,mlx5_3,4.697,0.006,88.096,129.933
2025-11-23 01:36:58,mlx5_4,4.727,0.006,91.361,146.719
2025-11-23 01:36:58,mlx5_5,4.511,0.006,87.210,124.523
2025-11-23 01:36:58,mlx5_6,4.657,0.006,90.433,142.200
2025-11-23 01:36:58,mlx5_7,0.000,0.000,0.000,0.000
2025-11-23 01:36:58,mlx5_8,4.657,0.006,88.689,133.749
2025-11-23 01:36:58,mlx5_9,4.695,0.006,92.112,151.400
2025-11-23 01:36:58,TOTAL,37.257,0.049,714.568,1087.206
2025-11-23 01:36:59,mlx5_0,0.000,0.000,0.000,0.000
2025-11-23 01:36:59,mlx5_1,0.000,0.000,87.247,120.871
2025-11-23 01:36:59,mlx5_2,0.000,0.000,89.420,137.813
2025-11-23 01:36:59,mlx5_3,0.000,0.000,88.096,129.933
2025-11-23 01:36:59,mlx5_4,0.000,0.000,91.361,146.719
2025-11-23 01:36:59,mlx5_5,0.000,0.000,87.210,124.523
2025-11-23 01:36:59,mlx5_6,0.000,0.000,90.433,142.200
2025-11-23 01:36:59,mlx5_7,0.000,0.000,0.000,0.000
2025-11-23 01:36:59,mlx5_8,0.000,0.000,88.689,133.749
2025-11-23 01:36:59,mlx5_9,0.000,0.000,92.112,151.400
2025-11-23 01:36:59,TOTAL,0.000,0.000,714.568,1087.206
2025-11-23 01:37:00,mlx5_0,0.000,0.000,0.000,0.000
2025-11-23 01:37:00,mlx5_1,0.000,0.000,87.247,120.871
2025-11-23 01:37:00,mlx5_2,0.000,0.000,89.420,137.813
2025-11-23 01:37:00,mlx5_3,0.000,0.000,88.096,129.933
2025-11-23 01:37:00,mlx5_4,0.000,0.000,91.361,146.719
2025-11-23 01:37:00,mlx5_5,0.000,0.000,87.210,124.523
2025-11-23 01:37:00,mlx5_6,0.000,0.000,90.433,142.200
2025-11-23 01:37:00,mlx5_7,0.000,0.000,0.000,0.000
2025-11-23 01:37:00,mlx5_8,0.000,0.000,88.689,133.749
2025-11-23 01:37:00,mlx5_9,0.000,0.000,92.112,151.400
2025-11-23 01:37:00,TOTAL,0.000,0.000,714.568,1087.206
2025-11-23 01:37:01,mlx5_0,0.000,0.000,0.000,0.000
2025-11-23 01:37:01,mlx5_1,0.000,0.000,87.247,120.871
2025-11-23 01:37:01,mlx5_2,0.000,0.000,89.420,137.813
2025-11-23 01:37:01,mlx5_3,0.000,0.000,88.096,129.933
2025-11-23 01:37:01,mlx5_4,0.000,0.000,91.361,146.719
2025-11-23 01:37:01,mlx5_5,0.000,0.000,87.210,124.523
2025-11-23 01:37:01,mlx5_6,0.000,0.000,90.433,142.200
2025-11-23 01:37:01,mlx5_7,0.000,0.000,0.000,0.000
2025-11-23 01:37:01,mlx5_8,0.000,0.000,88.689,133.749
2025-11-23 01:37:01,mlx5_9,0.000,0.000,92.112,151.400
2025-11-23 01:37:01,TOTAL,0.000,0.000,714.568,1087.206
2025-11-23 01:37:02,mlx5_0,0.000,0.000,0.000,0.000
2025-11-23 01:37:02,mlx5_1,0.000,0.000,87.247,120.871
2025-11-23 01:37:02,mlx5_2,0.000,0.000,89.420,137.813
2025-11-23 01:37:02,mlx5_3,0.000,0.000,88.096,129.933
2025-11-23 01:37:02,mlx5_4,0.000,0.000,91.361,146.719
2025-11-23 01:37:02,mlx5_5,0.000,0.000,87.210,124.523
2025-11-23 01:37:02,mlx5_6,0.000,0.000,90.433,142.200
2025-11-23 01:37:02,mlx5_7,0.000,0.000,0.000,0.000
2025-11-23 01:37:02,mlx5_8,0.000,0.000,88.689,133.749
2025-11-23 01:37:02,mlx5_9,0.000,0.000,92.112,151.400
2025-11-23 01:37:02,TOTAL,0.000,0.000,714.568,1087.206
2025-11-23 01:37:03,mlx5_0,0.000,0.000,0.000,0.000
2025-11-23 01:37:03,mlx5_1,4.666,0.006,87.833,120.872
2025-11-23 01:37:03,mlx5_2,4.601,0.006,89.998,137.814
2025-11-23 01:37:03,mlx5_3,4.738,0.006,88.691,129.933
2025-11-23 01:37:03,mlx5_4,4.605,0.006,91.939,146.719
2025-11-23 01:37:03,mlx5_5,4.565,0.006,87.783,124.524
2025-11-23 01:37:03,mlx5_6,4.566,0.006,91.007,142.200
2025-11-23 01:37:03,mlx5_7,0.000,0.000,0.000,0.000
2025-11-23 01:37:03,mlx5_8,4.629,0.006,89.270,133.749
2025-11-23 01:37:03,mlx5_9,4.855,0.006,92.722,151.401
2025-11-23 01:37:03,TOTAL,37.226,0.048,719.244,1087.213
2025-11-23 01:37:04,mlx5_0,0.000,0.000,0.000,0.000
2025-11-23 01:37:04,mlx5_1,0.000,0.000,87.833,120.872
2025-11-23 01:37:04,mlx5_2,0.000,0.000,89.998,137.814
2025-11-23 01:37:04,mlx5_3,0.000,0.000,88.691,129.933
2025-11-23 01:37:04,mlx5_4,0.000,0.000,91.939,146.719
2025-11-23 01:37:04,mlx5_5,0.000,0.000,87.783,124.524
2025-11-23 01:37:04,mlx5_6,0.000,0.000,91.007,142.200
2025-11-23 01:37:04,mlx5_7,0.000,0.000,0.000,0.000
2025-11-23 01:37:04,mlx5_8,0.000,0.000,89.270,133.749
2025-11-23 01:37:04,mlx5_9,0.000,0.000,92.722,151.401
2025-11-23 01:37:04,TOTAL,0.000,0.000,719.244,1087.213
2025-11-23 01:37:05,mlx5_0,0.000,0.000,0.000,0.000
2025-11-23 01:37:05,mlx5_1,0.000,0.000,87.833,120.872
2025-11-23 01:37:05,mlx5_2,0.000,0.000,89.998,137.814
2025-11-23 01:37:05,mlx5_3,0.000,0.000,88.691,129.933
2025-11-23 01:37:05,mlx5_4,0.000,0.000,91.939,146.719
2025-11-23 01:37:05,mlx5_5,0.000,0.000,87.783,124.524
2025-11-23 01:37:05,mlx5_6,0.000,0.000,91.007,142.200
2025-11-23 01:37:05,mlx5_7,0.000,0.000,0.000,0.000
2025-11-23 01:37:05,mlx5_8,0.000,0.000,89.270,133.749
2025-11-23 01:37:05,mlx5_9,0.000,0.000,92.722,151.401
2025-11-23 01:37:05,TOTAL,0.000,0.000,719.244,1087.213
2025-11-23 01:37:06,mlx5_0,0.000,0.000,0.000,0.000
2025-11-23 01:37:06,mlx5_1,0.000,0.000,87.833,120.872
2025-11-23 01:37:06,mlx5_2,0.000,0.000,89.998,137.814
2025-11-23 01:37:06,mlx5_3,0.000,0.000,88.691,129.933
2025-11-23 01:37:06,mlx5_4,0.000,0.000,91.939,146.719
2025-11-23 01:37:06,mlx5_5,0.000,0.000,87.783,124.524
2025-11-23 01:37:06,mlx5_6,0.000,0.000,91.007,142.200
2025-11-23 01:37:06,mlx5_7,0.000,0.000,0.000,0.000
2025-11-23 01:37:06,mlx5_8,0.000,0.000,89.270,133.749
2025-11-23 01:37:06,mlx5_9,0.000,0.000,92.722,151.401
2025-11-23 01:37:06,TOTAL,0.000,0.000,719.244,1087.213
2025-11-23 01:37:07,mlx5_0,0.000,0.000,0.000,0.000
2025-11-23 01:37:07,mlx5_1,4.433,7.027,88.390,121.753
2025-11-23 01:37:07,mlx5_2,4.715,7.669,90.590,138.777
2025-11-23 01:37:07,mlx5_3,4.488,7.257,89.254,130.844
2025-11-23 01:37:07,mlx5_4,4.866,8.476,92.550,147.783
2025-11-23 01:37:07,mlx5_5,4.522,7.230,88.351,125.431
2025-11-23 01:37:07,mlx5_6,4.737,7.912,91.601,143.193
2025-11-23 01:37:07,mlx5_7,0.000,0.000,0.000,0.000
2025-11-23 01:37:07,mlx5_8,4.645,7.628,89.853,134.707
2025-11-23 01:37:07,mlx5_9,4.969,8.635,93.346,152.484
2025-11-23 01:37:07,TOTAL,37.375,61.833,723.935,1094.973
2025-11-23 01:37:08,mlx5_0,0.000,0.000,0.000,0.000
2025-11-23 01:37:08,mlx5_1,0.034,18.109,88.394,124.030
2025-11-23 01:37:08,mlx5_2,0.038,20.926,90.594,141.407
2025-11-23 01:37:08,mlx5_3,0.039,19.852,89.259,133.339
2025-11-23 01:37:08,mlx5_4,0.042,22.082,92.555,150.559
2025-11-23 01:37:08,mlx5_5,0.037,18.749,88.356,127.788
2025-11-23 01:37:08,mlx5_6,0.040,21.793,91.606,145.933
2025-11-23 01:37:08,mlx5_7,0.000,0.000,0.000,0.000
2025-11-23 01:37:08,mlx5_8,0.038,20.329,89.858,137.262
2025-11-23 01:37:08,mlx5_9,0.040,22.814,93.351,155.352
2025-11-23 01:37:08,TOTAL,0.308,164.654,723.973,1115.670
2025-11-23 01:37:09,mlx5_0,0.000,0.000,0.000,0.000
2025-11-23 01:37:09,mlx5_1,0.000,0.000,88.394,124.030
2025-11-23 01:37:09,mlx5_2,0.000,0.000,90.594,141.407
2025-11-23 01:37:09,mlx5_3,0.000,0.000,89.259,133.339
2025-11-23 01:37:09,mlx5_4,0.000,0.000,92.555,150.559
2025-11-23 01:37:09,mlx5_5,0.000,0.000,88.356,127.788
2025-11-23 01:37:09,mlx5_6,0.000,0.000,91.606,145.933
2025-11-23 01:37:09,mlx5_7,0.000,0.000,0.000,0.000
2025-11-23 01:37:09,mlx5_8,0.000,0.000,89.858,137.262
2025-11-23 01:37:09,mlx5_9,0.000,0.000,93.351,155.352
2025-11-23 01:37:09,TOTAL,0.000,0.000,723.973,1115.670
2025-11-23 01:37:10,mlx5_0,0.000,0.000,0.000,0.000
2025-11-23 01:37:10,mlx5_1,0.000,0.000,88.394,124.030
2025-11-23 01:37:10,mlx5_2,0.000,0.000,90.594,141.407
2025-11-23 01:37:10,mlx5_3,0.000,0.000,89.259,133.339
2025-11-23 01:37:10,mlx5_4,0.000,0.000,92.555,150.559
2025-11-23 01:37:10,mlx5_5,0.000,0.000,88.356,127.788
2025-11-23 01:37:10,mlx5_6,0.000,0.000,91.606,145.933
2025-11-23 01:37:10,mlx5_7,0.000,0.000,0.000,0.000
2025-11-23 01:37:10,mlx5_8,0.000,0.000,89.858,137.262
2025-11-23 01:37:10,mlx5_9,0.000,0.000,93.351,155.352
2025-11-23 01:37:10,TOTAL,0.000,0.000,723.973,1115.670
2025-11-23 01:37:11,mlx5_0,0.000,0.000,0.000,0.000
2025-11-23 01:37:11,mlx5_1,0.000,0.000,88.394,124.030
2025-11-23 01:37:11,mlx5_2,0.000,0.000,90.594,141.407
2025-11-23 01:37:11,mlx5_3,0.000,0.000,89.259,133.339
2025-11-23 01:37:11,mlx5_4,0.000,0.000,92.555,150.559
2025-11-23 01:37:11,mlx5_5,0.000,0.000,88.356,127.788
2025-11-23 01:37:11,mlx5_6,0.000,0.000,91.606,145.933
2025-11-23 01:37:11,mlx5_7,0.000,0.000,0.000,0.000
2025-11-23 01:37:11,mlx5_8,0.000,0.000,89.858,137.262
2025-11-23 01:37:11,mlx5_9,0.000,0.000,93.351,155.352
2025-11-23 01:37:11,TOTAL,0.000,0.000,723.973,1115.670
2025-11-23 01:37:12,mlx5_0,0.000,0.000,0.000,0.000
2025-11-23 01:37:12,mlx5_1,4.385,0.006,88.945,124.030
2025-11-23 01:37:12,mlx5_2,4.386,0.006,91.145,141.408
2025-11-23 01:37:12,mlx5_3,4.509,0.006,89.825,133.340
2025-11-23 01:37:12,mlx5_4,4.576,0.006,93.130,150.560
2025-11-23 01:37:12,mlx5_5,4.261,0.006,88.891,127.788
2025-11-23 01:37:12,mlx5_6,4.447,0.006,92.165,145.933
2025-11-23 01:37:12,mlx5_7,0.000,0.000,0.000,0.000
2025-11-23 01:37:12,mlx5_8,4.467,0.006,90.419,137.263
2025-11-23 01:37:12,mlx5_9,4.598,0.006,93.928,155.353
2025-11-23 01:37:12,TOTAL,35.628,0.046,728.448,1115.675
2025-11-23 01:37:13,mlx5_0,0.000,0.000,0.000,0.000
2025-11-23 01:37:13,mlx5_1,0.000,0.000,88.945,124.030
2025-11-23 01:37:13,mlx5_2,0.000,0.000,91.145,141.408
2025-11-23 01:37:13,mlx5_3,0.000,0.000,89.825,133.340
2025-11-23 01:37:13,mlx5_4,0.000,0.000,93.130,150.560
2025-11-23 01:37:13,mlx5_5,0.000,0.000,88.891,127.788
2025-11-23 01:37:13,mlx5_6,0.000,0.000,92.165,145.933
2025-11-23 01:37:13,mlx5_7,0.000,0.000,0.000,0.000
2025-11-23 01:37:13,mlx5_8,0.000,0.000,90.419,137.263
2025-11-23 01:37:13,mlx5_9,0.000,0.000,93.928,155.353
2025-11-23 01:37:13,TOTAL,0.000,0.000,728.448,1115.675
2025-11-23 01:37:14,mlx5_0,0.000,0.000,0.000,0.000
2025-11-23 01:37:14,mlx5_1,0.000,0.000,88.945,124.030
2025-11-23 01:37:14,mlx5_2,0.000,0.000,91.145,141.408
2025-11-23 01:37:14,mlx5_3,0.000,0.000,89.825,133.340
2025-11-23 01:37:14,mlx5_4,0.000,0.000,93.130,150.560
2025-11-23 01:37:14,mlx5_5,0.000,0.000,88.891,127.788
2025-11-23 01:37:14,mlx5_6,0.000,0.000,92.165,145.933
2025-11-23 01:37:14,mlx5_7,0.000,0.000,0.000,0.000
2025-11-23 01:37:14,mlx5_8,0.000,0.000,90.419,137.263
2025-11-23 01:37:14,mlx5_9,0.000,0.000,93.928,155.353
2025-11-23 01:37:14,TOTAL,0.000,0.000,728.448,1115.675
2025-11-23 01:37:15,mlx5_0,0.000,0.000,0.000,0.000
2025-11-23 01:37:15,mlx5_1,4.530,0.006,89.514,124.031
2025-11-23 01:37:15,mlx5_2,4.557,0.006,91.718,141.409
2025-11-23 01:37:15,mlx5_3,4.754,0.006,90.423,133.341
2025-11-23 01:37:15,mlx5_4,4.641,0.006,93.713,150.560
2025-11-23 01:37:15,mlx5_5,4.507,0.006,89.457,127.789
2025-11-23 01:37:15,mlx5_6,4.696,0.006,92.755,145.934
2025-11-23 01:37:15,mlx5_7,0.000,0.000,0.000,0.000
2025-11-23 01:37:15,mlx5_8,4.695,0.006,91.009,137.264
2025-11-23 01:37:15,mlx5_9,4.843,0.006,94.537,155.354
2025-11-23 01:37:15,TOTAL,37.223,0.048,733.124,1115.681
2025-11-23 01:37:16,mlx5_0,0.000,0.000,0.000,0.000
2025-11-23 01:37:16,mlx5_1,0.000,0.000,89.514,124.031
2025-11-23 01:37:16,mlx5_2,0.000,0.000,91.718,141.409
2025-11-23 01:37:16,mlx5_3,0.000,0.000,90.423,133.341
2025-11-23 01:37:16,mlx5_4,0.000,0.000,93.713,150.560
2025-11-23 01:37:16,mlx5_5,0.000,0.000,89.457,127.789
2025-11-23 01:37:16,mlx5_6,0.000,0.000,92.755,145.934
2025-11-23 01:37:16,mlx5_7,0.000,0.000,0.000,0.000
2025-11-23 01:37:16,mlx5_8,0.000,0.000,91.009,137.264
2025-11-23 01:37:16,mlx5_9,0.000,0.000,94.537,155.354
2025-11-23 01:37:16,TOTAL,0.000,0.000,733.124,1115.681
2025-11-23 01:37:17,mlx5_0,0.000,0.000,0.000,0.000
2025-11-23 01:37:17,mlx5_1,0.000,0.000,89.514,124.031
2025-11-23 01:37:17,mlx5_2,0.000,0.000,91.718,141.409
2025-11-23 01:37:17,mlx5_3,0.000,0.000,90.423,133.341
2025-11-23 01:37:17,mlx5_4,0.000,0.000,93.713,150.560
2025-11-23 01:37:17,mlx5_5,0.000,0.000,89.457,127.789
2025-11-23 01:37:17,mlx5_6,0.000,0.000,92.755,145.934
2025-11-23 01:37:17,mlx5_7,0.000,0.000,0.000,0.000
2025-11-23 01:37:17,mlx5_8,0.000,0.000,91.009,137.264
2025-11-23 01:37:17,mlx5_9,0.000,0.000,94.537,155.354
2025-11-23 01:37:17,TOTAL,0.000,0.000,733.124,1115.681
2025-11-23 01:37:18,mlx5_0,0.000,0.000,0.000,0.000
2025-11-23 01:37:18,mlx5_1,0.000,0.000,89.514,124.031
2025-11-23 01:37:18,mlx5_2,0.000,0.000,91.718,141.409
2025-11-23 01:37:18,mlx5_3,0.000,0.000,90.423,133.341
2025-11-23 01:37:18,mlx5_4,0.000,0.000,93.713,150.560
2025-11-23 01:37:18,mlx5_5,0.000,0.000,89.457,127.789
2025-11-23 01:37:18,mlx5_6,0.000,0.000,92.755,145.934
2025-11-23 01:37:18,mlx5_7,0.000,0.000,0.000,0.000
2025-11-23 01:37:18,mlx5_8,0.000,0.000,91.009,137.264
2025-11-23 01:37:18,mlx5_9,0.000,0.000,94.537,155.354
2025-11-23 01:37:18,TOTAL,0.000,0.000,733.124,1115.681
2025-11-23 01:37:19,mlx5_0,0.000,0.000,0.000,0.000
2025-11-23 01:37:19,mlx5_1,4.603,0.006,90.092,124.032
2025-11-23 01:37:19,mlx5_2,4.664,0.006,92.303,141.409
2025-11-23 01:37:19,mlx5_3,4.583,0.006,90.998,133.342
2025-11-23 01:37:19,mlx5_4,4.773,0.006,94.312,150.561
2025-11-23 01:37:19,mlx5_5,4.409,0.006,90.011,127.790
2025-11-23 01:37:19,mlx5_6,4.666,0.006,93.341,145.935
2025-11-23 01:37:19,mlx5_7,0.000,0.000,0.000,0.000
2025-11-23 01:37:19,mlx5_8,4.798,0.006,91.611,137.264
2025-11-23 01:37:19,mlx5_9,4.733,0.006,95.131,155.355
2025-11-23 01:37:19,TOTAL,37.228,0.049,737.800,1115.688
2025-11-23 01:37:20,mlx5_0,0.000,0.000,0.000,0.000
2025-11-23 01:37:20,mlx5_1,0.000,0.000,90.092,124.032
2025-11-23 01:37:20,mlx5_2,0.000,0.000,92.303,141.409
2025-11-23 01:37:20,mlx5_3,0.000,0.000,90.998,133.342
2025-11-23 01:37:20,mlx5_4,0.000,0.000,94.312,150.561
2025-11-23 01:37:20,mlx5_5,0.000,0.000,90.011,127.790
2025-11-23 01:37:20,mlx5_6,0.000,0.000,93.341,145.935
2025-11-23 01:37:20,mlx5_7,0.000,0.000,0.000,0.000
2025-11-23 01:37:20,mlx5_8,0.000,0.000,91.611,137.264
2025-11-23 01:37:20,mlx5_9,0.000,0.000,95.131,155.355
2025-11-23 01:37:20,TOTAL,0.000,0.000,737.800,1115.688
2025-11-23 01:37:21,mlx5_0,0.000,0.000,0.000,0.000
2025-11-23 01:37:21,mlx5_1,0.000,0.000,90.092,124.032
2025-11-23 01:37:21,mlx5_2,0.000,0.000,92.303,141.409
2025-11-23 01:37:21,mlx5_3,0.000,0.000,90.998,133.342
2025-11-23 01:37:21,mlx5_4,0.000,0.000,94.312,150.561
2025-11-23 01:37:21,mlx5_5,0.000,0.000,90.011,127.790
2025-11-23 01:37:21,mlx5_6,0.000,0.000,93.341,145.935
2025-11-23 01:37:21,mlx5_7,0.000,0.000,0.000,0.000
2025-11-23 01:37:21,mlx5_8,0.000,0.000,91.611,137.264
2025-11-23 01:37:21,mlx5_9,0.000,0.000,95.131,155.355
2025-11-23 01:37:21,TOTAL,0.000,0.000,737.800,1115.688
2025-11-23 01:37:22,mlx5_0,0.000,0.000,0.000,0.000
2025-11-23 01:37:22,mlx5_1,0.000,0.000,90.092,124.032
2025-11-23 01:37:22,mlx5_2,0.000,0.000,92.303,141.409
2025-11-23 01:37:22,mlx5_3,0.000,0.000,90.998,133.342
2025-11-23 01:37:22,mlx5_4,0.000,0.000,94.312,150.561
2025-11-23 01:37:22,mlx5_5,0.000,0.000,90.011,127.790
2025-11-23 01:37:22,mlx5_6,0.000,0.000,93.341,145.935
2025-11-23 01:37:22,mlx5_7,0.000,0.000,0.000,0.000
2025-11-23 01:37:22,mlx5_8,0.000,0.000,91.611,137.264
2025-11-23 01:37:22,mlx5_9,0.000,0.000,95.131,155.355
2025-11-23 01:37:22,TOTAL,0.000,0.000,737.800,1115.688
2025-11-23 01:37:23,mlx5_0,0.000,0.000,0.000,0.000
2025-11-23 01:37:23,mlx5_1,4.399,0.006,90.645,124.033
2025-11-23 01:37:23,mlx5_2,4.626,0.006,92.885,141.410
2025-11-23 01:37:23,mlx5_3,4.747,0.006,91.594,133.342
2025-11-23 01:37:23,mlx5_4,4.872,0.006,94.924,150.562
2025-11-23 01:37:23,mlx5_5,4.562,0.006,90.584,127.791
2025-11-23 01:37:23,mlx5_6,4.561,0.006,93.914,145.936
2025-11-23 01:37:23,mlx5_7,0.000,0.000,0.000,0.000
2025-11-23 01:37:23,mlx5_8,4.632,0.006,92.193,137.265
2025-11-23 01:37:23,mlx5_9,4.827,0.007,95.737,155.355
2025-11-23 01:37:23,TOTAL,37.224,0.049,742.476,1115.694
2025-11-23 01:37:24,mlx5_0,0.000,0.000,0.000,0.000
2025-11-23 01:37:24,mlx5_1,0.000,0.000,90.645,124.033
2025-11-23 01:37:24,mlx5_2,0.000,0.000,92.885,141.410
2025-11-23 01:37:24,mlx5_3,0.000,0.000,91.594,133.342
2025-11-23 01:37:24,mlx5_4,0.000,0.000,94.924,150.562
2025-11-23 01:37:24,mlx5_5,0.000,0.000,90.584,127.791
2025-11-23 01:37:24,mlx5_6,0.000,0.000,93.914,145.936
2025-11-23 01:37:24,mlx5_7,0.000,0.000,0.000,0.000
2025-11-23 01:37:24,mlx5_8,0.000,0.000,92.193,137.265
2025-11-23 01:37:24,mlx5_9,0.000,0.000,95.737,155.355
2025-11-23 01:37:24,TOTAL,0.000,0.000,742.476,1115.694
2025-11-23 01:37:25,mlx5_0,0.000,0.000,0.000,0.000
2025-11-23 01:37:25,mlx5_1,0.000,0.000,90.645,124.033
2025-11-23 01:37:25,mlx5_2,0.000,0.000,92.885,141.410
2025-11-23 01:37:25,mlx5_3,0.000,0.000,91.594,133.342
2025-11-23 01:37:25,mlx5_4,0.000,0.000,94.924,150.562
2025-11-23 01:37:25,mlx5_5,0.000,0.000,90.584,127.791
2025-11-23 01:37:25,mlx5_6,0.000,0.000,93.914,145.936
2025-11-23 01:37:25,mlx5_7,0.000,0.000,0.000,0.000
2025-11-23 01:37:25,mlx5_8,0.000,0.000,92.193,137.265
2025-11-23 01:37:25,mlx5_9,0.000,0.000,95.737,155.355
2025-11-23 01:37:25,TOTAL,0.000,0.000,742.476,1115.694
2025-11-23 01:37:26,mlx5_0,0.000,0.000,0.000,0.000
2025-11-23 01:37:26,mlx5_1,0.000,0.000,90.645,124.033
2025-11-23 01:37:26,mlx5_2,0.000,0.000,92.885,141.410
2025-11-23 01:37:26,mlx5_3,0.000,0.000,91.594,133.342
2025-11-23 01:37:26,mlx5_4,0.000,0.000,94.924,150.562
2025-11-23 01:37:26,mlx5_5,0.000,0.000,90.584,127.791
2025-11-23 01:37:26,mlx5_6,0.000,0.000,93.914,145.936
2025-11-23 01:37:26,mlx5_7,0.000,0.000,0.000,0.000
2025-11-23 01:37:26,mlx5_8,0.000,0.000,92.193,137.265
2025-11-23 01:37:26,mlx5_9,0.000,0.000,95.737,155.355
2025-11-23 01:37:26,TOTAL,0.000,0.000,742.476,1115.694
2025-11-23 01:37:27,mlx5_0,0.000,0.000,0.000,0.000
2025-11-23 01:37:27,mlx5_1,4.601,0.006,91.223,124.033
2025-11-23 01:37:27,mlx5_2,4.630,0.006,93.466,141.411
2025-11-23 01:37:27,mlx5_3,4.629,0.006,92.176,133.343
2025-11-23 01:37:27,mlx5_4,4.659,0.006,95.510,150.563
2025-11-23 01:37:27,mlx5_5,4.529,0.006,91.153,127.791
2025-11-23 01:37:27,mlx5_6,4.703,0.006,94.505,145.936
2025-11-23 01:37:27,mlx5_7,0.000,0.000,0.000,0.000
2025-11-23 01:37:27,mlx5_8,4.602,0.006,92.771,137.266
2025-11-23 01:37:27,mlx5_9,4.873,0.006,96.349,155.356
2025-11-23 01:37:27,TOTAL,37.226,0.049,747.152,1115.700
2025-11-23 01:37:28,mlx5_0,0.000,0.000,0.000,0.000
2025-11-23 01:37:28,mlx5_1,0.000,0.000,91.223,124.033
2025-11-23 01:37:28,mlx5_2,0.000,0.000,93.466,141.411
2025-11-23 01:37:28,mlx5_3,0.000,0.000,92.176,133.343
2025-11-23 01:37:28,mlx5_4,0.000,0.000,95.510,150.563
2025-11-23 01:37:28,mlx5_5,0.000,0.000,91.153,127.791
2025-11-23 01:37:28,mlx5_6,0.000,0.000,94.505,145.936
2025-11-23 01:37:28,mlx5_7,0.000,0.000,0.000,0.000
2025-11-23 01:37:28,mlx5_8,0.000,0.000,92.771,137.266
2025-11-23 01:37:28,mlx5_9,0.000,0.000,96.349,155.356
2025-11-23 01:37:28,TOTAL,0.000,0.000,747.152,1115.700
2025-11-23 01:37:29,mlx5_0,0.000,0.000,0.000,0.000
2025-11-23 01:37:29,mlx5_1,0.000,0.000,91.223,124.033
2025-11-23 01:37:29,mlx5_2,0.000,0.000,93.466,141.411
2025-11-23 01:37:29,mlx5_3,0.000,0.000,92.176,133.343
2025-11-23 01:37:29,mlx5_4,0.000,0.000,95.510,150.563
2025-11-23 01:37:29,mlx5_5,0.000,0.000,91.153,127.791
2025-11-23 01:37:29,mlx5_6,0.000,0.000,94.505,145.936
2025-11-23 01:37:29,mlx5_7,0.000,0.000,0.000,0.000
2025-11-23 01:37:29,mlx5_8,0.000,0.000,92.771,137.266
2025-11-23 01:37:29,mlx5_9,0.000,0.000,96.349,155.356
2025-11-23 01:37:29,TOTAL,0.000,0.000,747.152,1115.700
2025-11-23 01:37:30,mlx5_0,0.000,0.000,0.000,0.000
2025-11-23 01:37:30,mlx5_1,0.000,0.000,91.223,124.033
2025-11-23 01:37:30,mlx5_2,0.000,0.000,93.466,141.411
2025-11-23 01:37:30,mlx5_3,0.000,0.000,92.176,133.343
2025-11-23 01:37:30,mlx5_4,0.000,0.000,95.510,150.563
2025-11-23 01:37:30,mlx5_5,0.000,0.000,91.153,127.791
2025-11-23 01:37:30,mlx5_6,0.000,0.000,94.505,145.936
2025-11-23 01:37:30,mlx5_7,0.000,0.000,0.000,0.000
2025-11-23 01:37:30,mlx5_8,0.000,0.000,92.771,137.266
2025-11-23 01:37:30,mlx5_9,0.000,0.000,96.349,155.356
2025-11-23 01:37:30,TOTAL,0.000,0.000,747.152,1115.700
2025-11-23 01:37:31,mlx5_0,0.000,0.000,0.000,0.000
2025-11-23 01:37:31,mlx5_1,4.536,2.460,91.792,124.342
2025-11-23 01:37:31,mlx5_2,4.701,2.745,94.056,141.755
2025-11-23 01:37:31,mlx5_3,4.522,2.495,92.743,133.656
2025-11-23 01:37:31,mlx5_4,4.765,2.753,96.108,150.908
2025-11-23 01:37:31,mlx5_5,4.562,2.633,91.725,128.122
2025-11-23 01:37:31,mlx5_6,4.891,2.811,95.118,146.289
2025-11-23 01:37:31,mlx5_7,0.000,0.000,0.000,0.000
2025-11-23 01:37:31,mlx5_8,4.525,3.034,93.339,137.647
2025-11-23 01:37:31,mlx5_9,4.795,3.287,96.951,155.769
2025-11-23 01:37:31,TOTAL,37.299,22.217,751.833,1118.488
2025-11-23 01:37:33,mlx5_0,0.000,0.000,0.000,0.000
2025-11-23 01:37:33,mlx5_1,0.046,22.729,91.798,127.199
2025-11-23 01:37:33,mlx5_2,0.049,26.326,94.062,145.064
2025-11-23 01:37:33,mlx5_3,0.050,24.361,92.750,136.718
2025-11-23 01:37:33,mlx5_4,0.055,28.031,96.115,154.431
2025-11-23 01:37:33,mlx5_5,0.050,23.215,91.731,131.040
2025-11-23 01:37:33,mlx5_6,0.049,26.681,95.125,149.642
2025-11-23 01:37:33,mlx5_7,0.000,0.000,0.000,0.000
2025-11-23 01:37:33,mlx5_8,0.049,24.927,93.345,140.780
2025-11-23 01:37:33,mlx5_9,0.052,27.953,96.958,159.282
2025-11-23 01:37:33,TOTAL,0.401,204.224,751.883,1144.156
2025-11-23 01:37:34,mlx5_0,0.000,0.000,0.000,0.000
2025-11-23 01:37:34,mlx5_1,0.000,0.000,91.798,127.199
2025-11-23 01:37:34,mlx5_2,0.000,0.000,94.062,145.064
2025-11-23 01:37:34,mlx5_3,0.000,0.000,92.750,136.718
2025-11-23 01:37:34,mlx5_4,0.000,0.000,96.115,154.431
2025-11-23 01:37:34,mlx5_5,0.000,0.000,91.731,131.040
2025-11-23 01:37:34,mlx5_6,0.000,0.000,95.125,149.642
2025-11-23 01:37:34,mlx5_7,0.000,0.000,0.000,0.000
2025-11-23 01:37:34,mlx5_8,0.000,0.000,93.345,140.780
2025-11-23 01:37:34,mlx5_9,0.000,0.000,96.958,159.282
2025-11-23 01:37:34,TOTAL,0.000,0.000,751.883,1144.156
2025-11-23 01:37:35,mlx5_0,0.000,0.000,0.000,0.000
2025-11-23 01:37:35,mlx5_1,0.000,0.000,91.798,127.199
2025-11-23 01:37:35,mlx5_2,0.000,0.000,94.062,145.064
2025-11-23 01:37:35,mlx5_3,0.000,0.000,92.750,136.718
2025-11-23 01:37:35,mlx5_4,0.000,0.000,96.115,154.431
2025-11-23 01:37:35,mlx5_5,0.000,0.000,91.731,131.040
2025-11-23 01:37:35,mlx5_6,0.000,0.000,95.125,149.642
2025-11-23 01:37:35,mlx5_7,0.000,0.000,0.000,0.000
2025-11-23 01:37:35,mlx5_8,0.000,0.000,93.345,140.780
2025-11-23 01:37:35,mlx5_9,0.000,0.000,96.958,159.282
2025-11-23 01:37:35,TOTAL,0.000,0.000,751.883,1144.156
2025-11-23 01:37:36,mlx5_0,0.000,0.000,0.000,0.000
2025-11-23 01:37:36,mlx5_1,0.000,0.000,91.798,127.199
2025-11-23 01:37:36,mlx5_2,0.000,0.000,94.062,145.064
2025-11-23 01:37:36,mlx5_3,0.000,0.000,92.750,136.718
2025-11-23 01:37:36,mlx5_4,0.000,0.000,96.115,154.431
2025-11-23 01:37:36,mlx5_5,0.000,0.000,91.731,131.040
2025-11-23 01:37:36,mlx5_6,0.000,0.000,95.125,149.642
2025-11-23 01:37:36,mlx5_7,0.000,0.000,0.000,0.000
2025-11-23 01:37:36,mlx5_8,0.000,0.000,93.345,140.780
2025-11-23 01:37:36,mlx5_9,0.000,0.000,96.958,159.282
2025-11-23 01:37:36,TOTAL,0.000,0.000,751.883,1144.156
2025-11-23 01:37:37,mlx5_0,0.000,0.000,0.000,0.000
2025-11-23 01:37:37,mlx5_1,4.545,0.006,92.369,127.200
2025-11-23 01:37:37,mlx5_2,4.724,0.006,94.656,145.065
2025-11-23 01:37:37,mlx5_3,4.614,0.006,93.330,136.719
2025-11-23 01:37:37,mlx5_4,4.908,0.006,96.732,154.432
2025-11-23 01:37:37,mlx5_5,4.616,0.006,92.312,131.040
2025-11-23 01:37:37,mlx5_6,4.692,0.006,95.715,149.643
2025-11-23 01:37:37,mlx5_7,0.000,0.000,0.000,0.000
2025-11-23 01:37:37,mlx5_8,4.830,0.006,93.952,140.780
2025-11-23 01:37:37,mlx5_9,4.999,0.007,97.586,159.283
2025-11-23 01:37:37,TOTAL,37.928,0.050,756.651,1144.162
2025-11-23 01:37:38,mlx5_0,0.000,0.000,0.000,0.000
2025-11-23 01:37:38,mlx5_1,0.000,0.000,92.369,127.200
2025-11-23 01:37:38,mlx5_2,0.000,0.000,94.656,145.065
2025-11-23 01:37:38,mlx5_3,0.000,0.000,93.330,136.719
2025-11-23 01:37:38,mlx5_4,0.000,0.000,96.732,154.432
2025-11-23 01:37:38,mlx5_5,0.000,0.000,92.312,131.040
2025-11-23 01:37:38,mlx5_6,0.000,0.000,95.715,149.643
2025-11-23 01:37:38,mlx5_7,0.000,0.000,0.000,0.000
2025-11-23 01:37:38,mlx5_8,0.000,0.000,93.952,140.780
2025-11-23 01:37:38,mlx5_9,0.000,0.000,97.586,159.283
2025-11-23 01:37:38,TOTAL,0.000,0.000,756.651,1144.162
2025-11-23 01:37:39,mlx5_0,0.000,0.000,0.000,0.000
2025-11-23 01:37:39,mlx5_1,0.000,0.000,92.369,127.200
2025-11-23 01:37:39,mlx5_2,0.000,0.000,94.656,145.065
2025-11-23 01:37:39,mlx5_3,0.000,0.000,93.330,136.719
2025-11-23 01:37:39,mlx5_4,0.000,0.000,96.732,154.432
2025-11-23 01:37:39,mlx5_5,0.000,0.000,92.312,131.040
2025-11-23 01:37:39,mlx5_6,0.000,0.000,95.715,149.643
2025-11-23 01:37:39,mlx5_7,0.000,0.000,0.000,0.000
2025-11-23 01:37:39,mlx5_8,0.000,0.000,93.952,140.780
2025-11-23 01:37:39,mlx5_9,0.000,0.000,97.586,159.283
2025-11-23 01:37:39,TOTAL,0.000,0.000,756.651,1144.162
2025-11-23 01:37:40,mlx5_0,0.000,0.000,0.000,0.000
2025-11-23 01:37:40,mlx5_1,0.000,0.000,92.369,127.200
2025-11-23 01:37:40,mlx5_2,0.000,0.000,94.656,145.065
2025-11-23 01:37:40,mlx5_3,0.000,0.000,93.330,136.719
2025-11-23 01:37:40,mlx5_4,0.000,0.000,96.732,154.432
2025-11-23 01:37:40,mlx5_5,0.000,0.000,92.312,131.040
2025-11-23 01:37:40,mlx5_6,0.000,0.000,95.715,149.643
2025-11-23 01:37:40,mlx5_7,0.000,0.000,0.000,0.000
2025-11-23 01:37:40,mlx5_8,0.000,0.000,93.952,140.780
2025-11-23 01:37:40,mlx5_9,0.000,0.000,97.586,159.283
2025-11-23 01:37:40,TOTAL,0.001,0.001,756.651,1144.162
2025-11-23 01:37:41,mlx5_0,0.000,0.000,0.000,0.000
2025-11-23 01:37:41,mlx5_1,4.641,0.006,92.952,127.200
2025-11-23 01:37:41,mlx5_2,4.654,0.006,95.241,145.066
2025-11-23 01:37:41,mlx5_3,4.578,0.006,93.905,136.719
2025-11-23 01:37:41,mlx5_4,4.773,0.006,97.331,154.433
2025-11-23 01:37:41,mlx5_5,4.490,0.006,92.876,131.041
2025-11-23 01:37:41,mlx5_6,4.544,0.006,96.285,149.644
2025-11-23 01:37:41,mlx5_7,0.000,0.000,0.000,0.000
2025-11-23 01:37:41,mlx5_8,4.539,0.006,94.523,140.781
2025-11-23 01:37:41,mlx5_9,5.006,0.007,98.215,159.284
2025-11-23 01:37:41,TOTAL,37.226,0.048,761.327,1144.168
2025-11-23 01:37:42,mlx5_0,0.000,0.000,0.000,0.000
2025-11-23 01:37:42,mlx5_1,0.000,0.000,92.952,127.200
2025-11-23 01:37:42,mlx5_2,0.000,0.000,95.241,145.066
2025-11-23 01:37:42,mlx5_3,0.000,0.000,93.905,136.719
2025-11-23 01:37:42,mlx5_4,0.000,0.000,97.331,154.433
2025-11-23 01:37:42,mlx5_5,0.000,0.000,92.876,131.041
2025-11-23 01:37:42,mlx5_6,0.000,0.000,96.285,149.644
2025-11-23 01:37:42,mlx5_7,0.000,0.000,0.000,0.000
2025-11-23 01:37:42,mlx5_8,0.000,0.000,94.523,140.781
2025-11-23 01:37:42,mlx5_9,0.000,0.000,98.215,159.284
2025-11-23 01:37:42,TOTAL,0.000,0.000,761.327,1144.168
2025-11-23 01:37:43,mlx5_0,0.000,0.000,0.000,0.000
2025-11-23 01:37:43,mlx5_1,0.000,0.000,92.952,127.200
2025-11-23 01:37:43,mlx5_2,0.000,0.000,95.241,145.066
2025-11-23 01:37:43,mlx5_3,0.000,0.000,93.905,136.719
2025-11-23 01:37:43,mlx5_4,0.000,0.000,97.331,154.433
2025-11-23 01:37:43,mlx5_5,0.000,0.000,92.876,131.041
2025-11-23 01:37:43,mlx5_6,0.000,0.000,96.285,149.644
2025-11-23 01:37:43,mlx5_7,0.000,0.000,0.000,0.000
2025-11-23 01:37:43,mlx5_8,0.000,0.000,94.523,140.781
2025-11-23 01:37:43,mlx5_9,0.000,0.000,98.215,159.284
2025-11-23 01:37:43,TOTAL,0.000,0.000,761.327,1144.168
2025-11-23 01:37:44,mlx5_0,0.000,0.000,0.000,0.000
2025-11-23 01:37:44,mlx5_1,4.439,0.006,93.510,127.201
2025-11-23 01:37:44,mlx5_2,4.730,0.006,95.835,145.066
2025-11-23 01:37:44,mlx5_3,4.587,0.006,94.481,136.720
2025-11-23 01:37:44,mlx5_4,4.796,0.006,97.933,154.433
2025-11-23 01:37:44,mlx5_5,4.594,0.006,93.453,131.042
2025-11-23 01:37:44,mlx5_6,4.708,0.006,96.877,149.645
2025-11-23 01:37:44,mlx5_7,0.000,0.000,0.000,0.000
2025-11-23 01:37:44,mlx5_8,4.705,0.006,95.114,140.782
2025-11-23 01:37:44,mlx5_9,4.668,0.006,98.801,159.284
2025-11-23 01:37:44,TOTAL,37.227,0.049,766.003,1144.174
2025-11-23 01:37:45,mlx5_0,0.000,0.000,0.000,0.000
2025-11-23 01:37:45,mlx5_1,0.000,0.000,93.510,127.201
2025-11-23 01:37:45,mlx5_2,0.000,0.000,95.835,145.066
2025-11-23 01:37:45,mlx5_3,0.000,0.000,94.481,136.720
2025-11-23 01:37:45,mlx5_4,0.000,0.000,97.933,154.433
2025-11-23 01:37:45,mlx5_5,0.000,0.000,93.453,131.042
2025-11-23 01:37:45,mlx5_6,0.000,0.000,96.877,149.645
2025-11-23 01:37:45,mlx5_7,0.000,0.000,0.000,0.000
2025-11-23 01:37:45,mlx5_8,0.000,0.000,95.114,140.782
2025-11-23 01:37:45,mlx5_9,0.000,0.000,98.801,159.284
2025-11-23 01:37:45,TOTAL,0.000,0.000,766.003,1144.174
2025-11-23 01:37:46,mlx5_0,0.000,0.000,0.000,0.000
2025-11-23 01:37:46,mlx5_1,0.000,0.000,93.510,127.201
2025-11-23 01:37:46,mlx5_2,0.000,0.000,95.835,145.066
2025-11-23 01:37:46,mlx5_3,0.000,0.000,94.481,136.720
2025-11-23 01:37:46,mlx5_4,0.000,0.000,97.933,154.433
2025-11-23 01:37:46,mlx5_5,0.000,0.000,93.453,131.042
2025-11-23 01:37:46,mlx5_6,0.000,0.000,96.877,149.645
2025-11-23 01:37:46,mlx5_7,0.000,0.000,0.000,0.000
2025-11-23 01:37:46,mlx5_8,0.000,0.000,95.114,140.782
2025-11-23 01:37:46,mlx5_9,0.000,0.000,98.801,159.284
2025-11-23 01:37:46,TOTAL,0.000,0.000,766.003,1144.174
2025-11-23 01:37:47,mlx5_0,0.000,0.000,0.000,0.000
2025-11-23 01:37:47,mlx5_1,0.000,0.000,93.510,127.201
2025-11-23 01:37:47,mlx5_2,0.000,0.000,95.835,145.066
2025-11-23 01:37:47,mlx5_3,0.000,0.000,94.481,136.720
2025-11-23 01:37:47,mlx5_4,0.000,0.000,97.933,154.433
2025-11-23 01:37:47,mlx5_5,0.000,0.000,93.453,131.042
2025-11-23 01:37:47,mlx5_6,0.000,0.000,96.877,149.645
2025-11-23 01:37:47,mlx5_7,0.000,0.000,0.000,0.000
2025-11-23 01:37:47,mlx5_8,0.000,0.000,95.114,140.782
2025-11-23 01:37:47,mlx5_9,0.000,0.000,98.801,159.284
2025-11-23 01:37:47,TOTAL,0.000,0.000,766.003,1144.174
2025-11-23 01:37:48,mlx5_0,0.000,0.000,0.000,0.000
2025-11-23 01:37:48,mlx5_1,4.522,0.006,94.078,127.202
2025-11-23 01:37:48,mlx5_2,4.613,0.006,96.414,145.067
2025-11-23 01:37:48,mlx5_3,4.583,0.006,95.057,136.721
2025-11-23 01:37:48,mlx5_4,4.813,0.006,98.538,154.434
2025-11-23 01:37:48,mlx5_5,4.648,0.006,94.037,131.043
2025-11-23 01:37:48,mlx5_6,4.597,0.006,97.454,149.645
2025-11-23 01:37:48,mlx5_7,0.000,0.000,0.000,0.000
2025-11-23 01:37:48,mlx5_8,4.505,0.006,95.680,140.783
2025-11-23 01:37:48,mlx5_9,4.944,0.006,99.422,159.285
2025-11-23 01:37:48,TOTAL,37.224,0.049,770.679,1144.180
2025-11-23 01:37:49,mlx5_0,0.000,0.000,0.000,0.000
2025-11-23 01:37:49,mlx5_1,0.000,0.000,94.078,127.202
2025-11-23 01:37:49,mlx5_2,0.000,0.000,96.414,145.067
2025-11-23 01:37:49,mlx5_3,0.000,0.000,95.057,136.721
2025-11-23 01:37:49,mlx5_4,0.000,0.000,98.538,154.434
2025-11-23 01:37:49,mlx5_5,0.000,0.000,94.037,131.043
2025-11-23 01:37:49,mlx5_6,0.000,0.000,97.454,149.645
2025-11-23 01:37:49,mlx5_7,0.000,0.000,0.000,0.000
2025-11-23 01:37:49,mlx5_8,0.000,0.000,95.680,140.783
2025-11-23 01:37:49,mlx5_9,0.000,0.000,99.422,159.285
2025-11-23 01:37:49,TOTAL,0.000,0.000,770.679,1144.180
2025-11-23 01:37:50,mlx5_0,0.000,0.000,0.000,0.000
2025-11-23 01:37:50,mlx5_1,0.000,0.000,94.078,127.202
2025-11-23 01:37:50,mlx5_2,0.000,0.000,96.414,145.067
2025-11-23 01:37:50,mlx5_3,0.000,0.000,95.057,136.721
2025-11-23 01:37:50,mlx5_4,0.000,0.000,98.538,154.434
2025-11-23 01:37:50,mlx5_5,0.000,0.000,94.037,131.043
2025-11-23 01:37:50,mlx5_6,0.000,0.000,97.454,149.645
2025-11-23 01:37:50,mlx5_7,0.000,0.000,0.000,0.000
2025-11-23 01:37:50,mlx5_8,0.000,0.000,95.680,140.783
2025-11-23 01:37:50,mlx5_9,0.000,0.000,99.422,159.285
2025-11-23 01:37:50,TOTAL,0.000,0.000,770.679,1144.180
2025-11-23 01:37:51,mlx5_0,0.000,0.000,0.000,0.000
2025-11-23 01:37:51,mlx5_1,0.000,0.000,94.078,127.202
2025-11-23 01:37:51,mlx5_2,0.000,0.000,96.414,145.067
2025-11-23 01:37:51,mlx5_3,0.000,0.000,95.057,136.721
2025-11-23 01:37:51,mlx5_4,0.000,0.000,98.538,154.434
2025-11-23 01:37:51,mlx5_5,0.000,0.000,94.037,131.043
2025-11-23 01:37:51,mlx5_6,0.000,0.000,97.454,149.645
2025-11-23 01:37:51,mlx5_7,0.000,0.000,0.000,0.000
2025-11-23 01:37:51,mlx5_8,0.000,0.000,95.680,140.783
2025-11-23 01:37:51,mlx5_9,0.000,0.000,99.422,159.285
2025-11-23 01:37:51,TOTAL,0.000,0.000,770.679,1144.180
2025-11-23 01:37:52,mlx5_0,0.000,0.000,0.000,0.000
2025-11-23 01:37:52,mlx5_1,4.461,0.006,94.638,127.203
2025-11-23 01:37:52,mlx5_2,4.610,0.006,96.993,145.068
2025-11-23 01:37:52,mlx5_3,4.687,0.006,95.646,136.722
2025-11-23 01:37:52,mlx5_4,4.913,0.006,99.155,154.435
2025-11-23 01:37:52,mlx5_5,4.564,0.006,94.610,131.043
2025-11-23 01:37:52,mlx5_6,4.704,0.006,98.045,149.646
2025-11-23 01:37:52,mlx5_7,0.000,0.000,0.000,0.000
2025-11-23 01:37:52,mlx5_8,4.575,0.006,96.254,140.783
2025-11-23 01:37:52,mlx5_9,4.705,0.006,100.013,159.286
2025-11-23 01:37:52,TOTAL,37.220,0.048,775.355,1144.186
2025-11-23 01:37:53,mlx5_0,0.000,0.000,0.000,0.000
2025-11-23 01:37:53,mlx5_1,0.000,0.000,94.638,127.203
2025-11-23 01:37:53,mlx5_2,0.000,0.000,96.993,145.068
2025-11-23 01:37:53,mlx5_3,0.000,0.000,95.646,136.722
2025-11-23 01:37:53,mlx5_4,0.000,0.000,99.155,154.435
2025-11-23 01:37:53,mlx5_5,0.000,0.000,94.610,131.043
2025-11-23 01:37:53,mlx5_6,0.000,0.000,98.045,149.646
2025-11-23 01:37:53,mlx5_7,0.000,0.000,0.000,0.000
2025-11-23 01:37:53,mlx5_8,0.000,0.000,96.254,140.783
2025-11-23 01:37:53,mlx5_9,0.000,0.000,100.013,159.286
2025-11-23 01:37:53,TOTAL,0.000,0.000,775.355,1144.186
2025-11-23 01:37:54,mlx5_0,0.000,0.000,0.000,0.000
2025-11-23 01:37:54,mlx5_1,0.000,0.000,94.638,127.203
2025-11-23 01:37:54,mlx5_2,0.000,0.000,96.993,145.068
2025-11-23 01:37:54,mlx5_3,0.000,0.000,95.646,136.722
2025-11-23 01:37:54,mlx5_4,0.000,0.000,99.155,154.435
2025-11-23 01:37:54,mlx5_5,0.000,0.000,94.610,131.043
2025-11-23 01:37:54,mlx5_6,0.000,0.000,98.045,149.646
2025-11-23 01:37:54,mlx5_7,0.000,0.000,0.000,0.000
2025-11-23 01:37:54,mlx5_8,0.000,0.000,96.254,140.783
2025-11-23 01:37:54,mlx5_9,0.000,0.000,100.013,159.286
2025-11-23 01:37:54,TOTAL,0.000,0.000,775.355,1144.186
2025-11-23 01:37:55,mlx5_0,0.000,0.000,0.000,0.000
2025-11-23 01:37:55,mlx5_1,0.000,0.000,94.638,127.203
2025-11-23 01:37:55,mlx5_2,0.000,0.000,96.993,145.068
2025-11-23 01:37:55,mlx5_3,0.000,0.000,95.646,136.722
2025-11-23 01:37:55,mlx5_4,0.000,0.000,99.155,154.435
2025-11-23 01:37:55,mlx5_5,0.000,0.000,94.610,131.043
2025-11-23 01:37:55,mlx5_6,0.000,0.000,98.045,149.646
2025-11-23 01:37:55,mlx5_7,0.000,0.000,0.000,0.000
2025-11-23 01:37:55,mlx5_8,0.000,0.000,96.254,140.783
2025-11-23 01:37:55,mlx5_9,0.000,0.000,100.013,159.286
2025-11-23 01:37:55,TOTAL,0.000,0.000,775.355,1144.186
2025-11-23 01:37:56,mlx5_0,0.000,0.000,0.000,0.000
2025-11-23 01:37:56,mlx5_1,4.447,9.712,95.196,128.422
2025-11-23 01:37:56,mlx5_2,4.774,11.143,97.593,146.467
2025-11-23 01:37:56,mlx5_3,4.639,10.590,96.228,138.051
2025-11-23 01:37:56,mlx5_4,4.866,11.841,99.766,155.921
2025-11-23 01:37:56,mlx5_5,4.537,10.307,95.179,132.337
2025-11-23 01:37:56,mlx5_6,4.738,11.388,98.640,151.076
2025-11-23 01:37:56,mlx5_7,0.000,0.000,0.000,0.000
2025-11-23 01:37:56,mlx5_8,4.689,10.930,96.843,142.155
2025-11-23 01:37:56,mlx5_9,4.727,12.120,100.607,160.807
2025-11-23 01:37:56,TOTAL,37.415,88.032,780.052,1155.237
2025-11-23 01:37:57,mlx5_0,0.000,0.000,0.000,0.000
2025-11-23 01:37:57,mlx5_1,0.028,15.199,95.200,130.332
2025-11-23 01:37:57,mlx5_2,0.031,17.786,97.597,148.702
2025-11-23 01:37:57,mlx5_3,0.032,16.548,96.232,140.131
2025-11-23 01:37:57,mlx5_4,0.035,18.826,99.770,158.287
2025-11-23 01:37:57,mlx5_5,0.031,15.757,95.183,134.317
2025-11-23 01:37:57,mlx5_6,0.032,18.188,98.644,153.361
2025-11-23 01:37:57,mlx5_7,0.000,0.000,0.000,0.000
2025-11-23 01:37:57,mlx5_8,0.032,17.082,96.847,144.302
2025-11-23 01:37:57,mlx5_9,0.033,19.128,100.611,163.211
2025-11-23 01:37:57,TOTAL,0.254,138.514,780.084,1172.643
2025-11-23 01:37:58,mlx5_0,0.000,0.000,0.000,0.000
2025-11-23 01:37:58,mlx5_1,0.000,0.000,95.200,130.332
2025-11-23 01:37:58,mlx5_2,0.000,0.000,97.597,148.702
2025-11-23 01:37:58,mlx5_3,0.000,0.000,96.232,140.131
2025-11-23 01:37:58,mlx5_4,0.000,0.000,99.770,158.287
2025-11-23 01:37:58,mlx5_5,0.000,0.000,95.183,134.317
2025-11-23 01:37:58,mlx5_6,0.000,0.000,98.644,153.361
2025-11-23 01:37:58,mlx5_7,0.000,0.000,0.000,0.000
2025-11-23 01:37:58,mlx5_8,0.000,0.000,96.847,144.302
2025-11-23 01:37:58,mlx5_9,0.000,0.000,100.611,163.211
2025-11-23 01:37:58,TOTAL,0.000,0.000,780.084,1172.643
2025-11-23 01:37:59,mlx5_0,0.000,0.000,0.000,0.000
2025-11-23 01:37:59,mlx5_1,0.000,0.000,95.200,130.332
2025-11-23 01:37:59,mlx5_2,0.000,0.000,97.597,148.702
2025-11-23 01:37:59,mlx5_3,0.000,0.000,96.232,140.131
2025-11-23 01:37:59,mlx5_4,0.000,0.000,99.770,158.287
2025-11-23 01:37:59,mlx5_5,0.000,0.000,95.183,134.317
2025-11-23 01:37:59,mlx5_6,0.000,0.000,98.644,153.361
2025-11-23 01:37:59,mlx5_7,0.000,0.000,0.000,0.000
2025-11-23 01:37:59,mlx5_8,0.000,0.000,96.847,144.302
2025-11-23 01:37:59,mlx5_9,0.000,0.000,100.611,163.211
2025-11-23 01:37:59,TOTAL,0.000,0.000,780.084,1172.643
2025-11-23 01:38:00,mlx5_0,0.000,0.000,0.000,0.000
2025-11-23 01:38:00,mlx5_1,0.000,0.000,95.200,130.332
2025-11-23 01:38:00,mlx5_2,0.000,0.000,97.597,148.702
2025-11-23 01:38:00,mlx5_3,0.000,0.000,96.232,140.131
2025-11-23 01:38:00,mlx5_4,0.000,0.000,99.770,158.287
2025-11-23 01:38:00,mlx5_5,0.000,0.000,95.183,134.317
2025-11-23 01:38:00,mlx5_6,0.000,0.000,98.644,153.361
2025-11-23 01:38:00,mlx5_7,0.000,0.000,0.000,0.000
2025-11-23 01:38:00,mlx5_8,0.000,0.000,96.847,144.302
2025-11-23 01:38:00,mlx5_9,0.000,0.000,100.611,163.211
2025-11-23 01:38:00,TOTAL,0.000,0.000,780.084,1172.643
2025-11-23 01:38:01,mlx5_0,0.000,0.000,0.000,0.000
2025-11-23 01:38:01,mlx5_1,4.588,0.006,95.776,130.332
2025-11-23 01:38:01,mlx5_2,4.766,0.006,98.195,148.703
2025-11-23 01:38:01,mlx5_3,4.734,0.006,96.827,140.131
2025-11-23 01:38:01,mlx5_4,4.885,0.006,100.384,158.288
2025-11-23 01:38:01,mlx5_5,4.663,0.006,95.769,134.318
2025-11-23 01:38:01,mlx5_6,4.830,0.006,99.250,153.362
2025-11-23 01:38:01,mlx5_7,0.000,0.000,0.000,0.000
2025-11-23 01:38:01,mlx5_8,4.622,0.006,97.427,144.303
2025-11-23 01:38:01,mlx5_9,4.868,0.006,101.222,163.212
2025-11-23 01:38:01,TOTAL,37.956,0.049,784.851,1172.649
2025-11-23 01:38:02,mlx5_0,0.000,0.000,0.000,0.000
2025-11-23 01:38:02,mlx5_1,0.000,0.000,95.776,130.332
2025-11-23 01:38:02,mlx5_2,0.000,0.000,98.195,148.703
2025-11-23 01:38:02,mlx5_3,0.000,0.000,96.827,140.131
2025-11-23 01:38:02,mlx5_4,0.000,0.000,100.384,158.288
2025-11-23 01:38:02,mlx5_5,0.000,0.000,95.769,134.318
2025-11-23 01:38:02,mlx5_6,0.000,0.000,99.250,153.362
2025-11-23 01:38:02,mlx5_7,0.000,0.000,0.000,0.000
2025-11-23 01:38:02,mlx5_8,0.000,0.000,97.427,144.303
2025-11-23 01:38:02,mlx5_9,0.000,0.000,101.222,163.212
2025-11-23 01:38:02,TOTAL,0.000,0.000,784.851,1172.649
2025-11-23 01:38:03,mlx5_0,0.000,0.000,0.000,0.000
2025-11-23 01:38:03,mlx5_1,0.000,0.000,95.776,130.332
2025-11-23 01:38:03,mlx5_2,0.000,0.000,98.195,148.703
2025-11-23 01:38:03,mlx5_3,0.000,0.000,96.827,140.131
2025-11-23 01:38:03,mlx5_4,0.000,0.000,100.384,158.288
2025-11-23 01:38:03,mlx5_5,0.000,0.000,95.769,134.318
2025-11-23 01:38:03,mlx5_6,0.000,0.000,99.250,153.362
2025-11-23 01:38:03,mlx5_7,0.000,0.000,0.000,0.000
2025-11-23 01:38:03,mlx5_8,0.000,0.000,97.427,144.303
2025-11-23 01:38:03,mlx5_9,0.000,0.000,101.222,163.212
2025-11-23 01:38:03,TOTAL,0.000,0.000,784.851,1172.649
2025-11-23 01:38:04,mlx5_0,0.000,0.000,0.000,0.000
2025-11-23 01:38:04,mlx5_1,4.575,0.006,96.351,130.333
2025-11-23 01:38:04,mlx5_2,4.705,0.006,98.786,148.703
2025-11-23 01:38:04,mlx5_3,4.640,0.006,97.410,140.132
2025-11-23 01:38:04,mlx5_4,4.703,0.006,100.975,158.289
2025-11-23 01:38:04,mlx5_5,4.562,0.006,96.342,134.319
2025-11-23 01:38:04,mlx5_6,4.739,0.006,99.846,153.363
2025-11-23 01:38:04,mlx5_7,0.000,0.000,0.000,0.000
2025-11-23 01:38:04,mlx5_8,4.587,0.006,98.004,144.304
2025-11-23 01:38:04,mlx5_9,4.709,0.006,101.814,163.213
2025-11-23 01:38:04,TOTAL,37.220,0.048,789.527,1172.655
2025-11-23 01:38:05,mlx5_0,0.000,0.000,0.000,0.000
2025-11-23 01:38:05,mlx5_1,0.000,0.000,96.351,130.333
2025-11-23 01:38:05,mlx5_2,0.000,0.000,98.786,148.703
2025-11-23 01:38:05,mlx5_3,0.000,0.000,97.410,140.132
2025-11-23 01:38:05,mlx5_4,0.000,0.000,100.975,158.289
2025-11-23 01:38:05,mlx5_5,0.000,0.000,96.342,134.319
2025-11-23 01:38:05,mlx5_6,0.000,0.000,99.846,153.363
2025-11-23 01:38:05,mlx5_7,0.000,0.000,0.000,0.000
2025-11-23 01:38:05,mlx5_8,0.000,0.000,98.004,144.304
2025-11-23 01:38:05,mlx5_9,0.000,0.000,101.814,163.213
2025-11-23 01:38:05,TOTAL,0.000,0.000,789.527,1172.655
2025-11-23 01:38:06,mlx5_0,0.000,0.000,0.000,0.000
2025-11-23 01:38:06,mlx5_1,0.000,0.000,96.351,130.333
2025-11-23 01:38:06,mlx5_2,0.000,0.000,98.786,148.703
2025-11-23 01:38:06,mlx5_3,0.000,0.000,97.410,140.132
2025-11-23 01:38:06,mlx5_4,0.000,0.000,100.975,158.289
2025-11-23 01:38:06,mlx5_5,0.000,0.000,96.342,134.319
2025-11-23 01:38:06,mlx5_6,0.000,0.000,99.846,153.363
2025-11-23 01:38:06,mlx5_7,0.000,0.000,0.000,0.000
2025-11-23 01:38:06,mlx5_8,0.000,0.000,98.004,144.304
2025-11-23 01:38:06,mlx5_9,0.000,0.000,101.814,163.213
2025-11-23 01:38:06,TOTAL,0.000,0.000,789.527,1172.655
2025-11-23 01:38:07,mlx5_0,0.000,0.000,0.000,0.000
2025-11-23 01:38:07,mlx5_1,0.000,0.000,96.351,130.333
2025-11-23 01:38:07,mlx5_2,0.000,0.000,98.786,148.703
2025-11-23 01:38:07,mlx5_3,0.000,0.000,97.410,140.132
2025-11-23 01:38:07,mlx5_4,0.000,0.000,100.975,158.289
2025-11-23 01:38:07,mlx5_5,0.000,0.000,96.342,134.319
2025-11-23 01:38:07,mlx5_6,0.000,0.000,99.846,153.363
2025-11-23 01:38:07,mlx5_7,0.000,0.000,0.000,0.000
2025-11-23 01:38:07,mlx5_8,0.000,0.000,98.004,144.304
2025-11-23 01:38:07,mlx5_9,0.000,0.000,101.814,163.213
2025-11-23 01:38:07,TOTAL,0.000,0.000,789.527,1172.655
2025-11-23 01:38:08,mlx5_0,0.000,0.000,0.000,0.000
2025-11-23 01:38:08,mlx5_1,4.618,0.006,96.930,130.334
2025-11-23 01:38:08,mlx5_2,4.687,0.006,99.374,148.704
2025-11-23 01:38:08,mlx5_3,4.531,0.006,97.978,140.133
2025-11-23 01:38:08,mlx5_4,4.706,0.006,101.565,158.289
2025-11-23 01:38:08,mlx5_5,4.658,0.006,96.926,134.319
2025-11-23 01:38:08,mlx5_6,4.750,0.006,100.441,153.364
2025-11-23 01:38:08,mlx5_7,0.000,0.000,0.000,0.000
2025-11-23 01:38:08,mlx5_8,4.639,0.006,98.585,144.304
2025-11-23 01:38:08,mlx5_9,4.703,0.006,102.404,163.214
2025-11-23 01:38:08,TOTAL,37.293,0.048,794.203,1172.661
2025-11-23 01:38:09,mlx5_0,0.000,0.000,0.000,0.000
2025-11-23 01:38:09,mlx5_1,0.000,0.000,96.930,130.334
2025-11-23 01:38:09,mlx5_2,0.000,0.000,99.374,148.704
2025-11-23 01:38:09,mlx5_3,0.000,0.000,97.978,140.133
2025-11-23 01:38:09,mlx5_4,0.000,0.000,101.565,158.289
2025-11-23 01:38:09,mlx5_5,0.000,0.000,96.926,134.319
2025-11-23 01:38:09,mlx5_6,0.000,0.000,100.441,153.364
2025-11-23 01:38:09,mlx5_7,0.000,0.000,0.000,0.000
2025-11-23 01:38:09,mlx5_8,0.000,0.000,98.585,144.304
2025-11-23 01:38:09,mlx5_9,0.000,0.000,102.404,163.214
2025-11-23 01:38:09,TOTAL,0.000,0.000,794.203,1172.661
2025-11-23 01:38:10,mlx5_0,0.000,0.000,0.000,0.000
2025-11-23 01:38:10,mlx5_1,0.000,0.000,96.930,130.334
2025-11-23 01:38:10,mlx5_2,0.000,0.000,99.374,148.704
2025-11-23 01:38:10,mlx5_3,0.000,0.000,97.978,140.133
2025-11-23 01:38:10,mlx5_4,0.000,0.000,101.565,158.289
2025-11-23 01:38:10,mlx5_5,0.000,0.000,96.926,134.319
2025-11-23 01:38:10,mlx5_6,0.000,0.000,100.441,153.364
2025-11-23 01:38:10,mlx5_7,0.000,0.000,0.000,0.000
2025-11-23 01:38:10,mlx5_8,0.000,0.000,98.585,144.304
2025-11-23 01:38:10,mlx5_9,0.000,0.000,102.404,163.214
2025-11-23 01:38:10,TOTAL,0.000,0.000,794.203,1172.661
2025-11-23 01:38:11,mlx5_0,0.000,0.000,0.000,0.000
2025-11-23 01:38:11,mlx5_1,0.000,0.000,96.930,130.334
2025-11-23 01:38:11,mlx5_2,0.000,0.000,99.374,148.704
2025-11-23 01:38:11,mlx5_3,0.000,0.000,97.978,140.133
2025-11-23 01:38:11,mlx5_4,0.000,0.000,101.565,158.289
2025-11-23 01:38:11,mlx5_5,0.000,0.000,96.926,134.319
2025-11-23 01:38:11,mlx5_6,0.000,0.000,100.441,153.364
2025-11-23 01:38:11,mlx5_7,0.000,0.000,0.000,0.000
2025-11-23 01:38:11,mlx5_8,0.000,0.000,98.585,144.304
2025-11-23 01:38:11,mlx5_9,0.000,0.000,102.404,163.214
2025-11-23 01:38:11,TOTAL,0.000,0.000,794.203,1172.661
2025-11-23 01:38:12,mlx5_0,0.000,0.000,0.000,0.000
2025-11-23 01:38:12,mlx5_1,4.551,0.006,97.501,130.335
2025-11-23 01:38:12,mlx5_2,4.628,0.006,99.955,148.705
2025-11-23 01:38:12,mlx5_3,4.648,0.006,98.562,140.134
2025-11-23 01:38:12,mlx5_4,4.778,0.006,102.165,158.290
2025-11-23 01:38:12,mlx5_5,4.651,0.006,97.510,134.320
2025-11-23 01:38:12,mlx5_6,4.563,0.006,101.015,153.364
2025-11-23 01:38:12,mlx5_7,0.000,0.000,0.000,0.000
2025-11-23 01:38:12,mlx5_8,4.507,0.006,99.151,144.305
2025-11-23 01:38:12,mlx5_9,4.896,0.007,103.019,163.214
2025-11-23 01:38:12,TOTAL,37.223,0.048,798.879,1172.667
2025-11-23 01:38:13,mlx5_0,0.000,0.000,0.000,0.000
2025-11-23 01:38:13,mlx5_1,0.000,0.000,97.501,130.335
2025-11-23 01:38:13,mlx5_2,0.000,0.000,99.955,148.705
2025-11-23 01:38:13,mlx5_3,0.000,0.000,98.562,140.134
2025-11-23 01:38:13,mlx5_4,0.000,0.000,102.165,158.290
2025-11-23 01:38:13,mlx5_5,0.000,0.000,97.510,134.320
2025-11-23 01:38:13,mlx5_6,0.000,0.000,101.015,153.364
2025-11-23 01:38:13,mlx5_7,0.000,0.000,0.000,0.000
2025-11-23 01:38:13,mlx5_8,0.000,0.000,99.151,144.305
2025-11-23 01:38:13,mlx5_9,0.000,0.000,103.019,163.214
2025-11-23 01:38:13,TOTAL,0.000,0.000,798.879,1172.667
2025-11-23 01:38:14,mlx5_0,0.000,0.000,0.000,0.000
2025-11-23 01:38:14,mlx5_1,0.000,0.000,97.501,130.335
2025-11-23 01:38:14,mlx5_2,0.000,0.000,99.955,148.705
2025-11-23 01:38:14,mlx5_3,0.000,0.000,98.562,140.134
2025-11-23 01:38:14,mlx5_4,0.000,0.000,102.165,158.290
2025-11-23 01:38:14,mlx5_5,0.000,0.000,97.510,134.320
2025-11-23 01:38:14,mlx5_6,0.000,0.000,101.015,153.364
2025-11-23 01:38:14,mlx5_7,0.000,0.000,0.000,0.000
2025-11-23 01:38:14,mlx5_8,0.000,0.000,99.151,144.305
2025-11-23 01:38:14,mlx5_9,0.000,0.000,103.019,163.214
2025-11-23 01:38:14,TOTAL,0.000,0.000,798.879,1172.667
2025-11-23 01:38:15,mlx5_0,0.000,0.000,0.000,0.000
2025-11-23 01:38:15,mlx5_1,0.000,0.000,97.501,130.335
2025-11-23 01:38:15,mlx5_2,0.000,0.000,99.955,148.705
2025-11-23 01:38:15,mlx5_3,0.000,0.000,98.562,140.134
2025-11-23 01:38:15,mlx5_4,0.000,0.000,102.165,158.290
2025-11-23 01:38:15,mlx5_5,0.000,0.000,97.510,134.320
2025-11-23 01:38:15,mlx5_6,0.000,0.000,101.015,153.364
2025-11-23 01:38:15,mlx5_7,0.000,0.000,0.000,0.000
2025-11-23 01:38:15,mlx5_8,0.000,0.000,99.151,144.305
2025-11-23 01:38:15,mlx5_9,0.000,0.000,103.019,163.214
2025-11-23 01:38:15,TOTAL,0.000,0.000,798.879,1172.667
2025-11-23 01:38:16,mlx5_0,0.000,0.000,0.000,0.000
2025-11-23 01:38:16,mlx5_1,4.513,0.006,98.068,130.335
2025-11-23 01:38:16,mlx5_2,4.672,0.006,100.542,148.706
2025-11-23 01:38:16,mlx5_3,4.749,0.006,99.158,140.134
2025-11-23 01:38:16,mlx5_4,4.670,0.006,102.752,158.291
2025-11-23 01:38:16,mlx5_5,4.506,0.006,98.077,134.321
2025-11-23 01:38:16,mlx5_6,4.768,0.006,101.614,153.365
2025-11-23 01:38:16,mlx5_7,0.000,0.000,0.000,0.000
2025-11-23 01:38:16,mlx5_8,4.522,0.006,99.720,144.306
2025-11-23 01:38:16,mlx5_9,4.819,0.006,103.624,163.215
2025-11-23 01:38:16,TOTAL,37.220,0.048,803.555,1172.673
2025-11-23 01:38:17,mlx5_0,0.000,0.000,0.000,0.000
2025-11-23 01:38:17,mlx5_1,0.000,0.000,98.068,130.335
2025-11-23 01:38:17,mlx5_2,0.000,0.000,100.542,148.706
2025-11-23 01:38:17,mlx5_3,0.000,0.000,99.158,140.134
2025-11-23 01:38:17,mlx5_4,0.000,0.000,102.752,158.291
2025-11-23 01:38:17,mlx5_5,0.000,0.000,98.077,134.321
2025-11-23 01:38:17,mlx5_6,0.000,0.000,101.614,153.365
2025-11-23 01:38:17,mlx5_7,0.000,0.000,0.000,0.000
2025-11-23 01:38:17,mlx5_8,0.000,0.000,99.720,144.306
2025-11-23 01:38:17,mlx5_9,0.000,0.000,103.624,163.215
2025-11-23 01:38:17,TOTAL,0.000,0.000,803.555,1172.673
2025-11-23 01:38:18,mlx5_0,0.000,0.000,0.000,0.000
2025-11-23 01:38:18,mlx5_1,0.000,0.000,98.068,130.335
2025-11-23 01:38:18,mlx5_2,0.000,0.000,100.542,148.706
2025-11-23 01:38:18,mlx5_3,0.000,0.000,99.158,140.134
2025-11-23 01:38:18,mlx5_4,0.000,0.000,102.752,158.291
2025-11-23 01:38:18,mlx5_5,0.000,0.000,98.077,134.321
2025-11-23 01:38:18,mlx5_6,0.000,0.000,101.614,153.365
2025-11-23 01:38:18,mlx5_7,0.000,0.000,0.000,0.000
2025-11-23 01:38:18,mlx5_8,0.000,0.000,99.720,144.306
2025-11-23 01:38:18,mlx5_9,0.000,0.000,103.624,163.215
2025-11-23 01:38:18,TOTAL,0.000,0.000,803.555,1172.673
2025-11-23 01:38:19,mlx5_0,0.000,0.000,0.000,0.000
2025-11-23 01:38:19,mlx5_1,0.000,0.000,98.068,130.335
2025-11-23 01:38:19,mlx5_2,0.000,0.000,100.542,148.706
2025-11-23 01:38:19,mlx5_3,0.000,0.000,99.158,140.134
2025-11-23 01:38:19,mlx5_4,0.000,0.000,102.752,158.291
2025-11-23 01:38:19,mlx5_5,0.000,0.000,98.077,134.321
2025-11-23 01:38:19,mlx5_6,0.000,0.000,101.614,153.365
2025-11-23 01:38:19,mlx5_7,0.000,0.000,0.000,0.000
2025-11-23 01:38:19,mlx5_8,0.000,0.000,99.720,144.306
2025-11-23 01:38:19,mlx5_9,0.000,0.000,103.624,163.215
2025-11-23 01:38:19,TOTAL,0.000,0.000,803.555,1172.673
2025-11-23 01:38:20,mlx5_0,0.000,0.000,0.000,0.000
2025-11-23 01:38:20,mlx5_1,4.511,0.006,98.635,130.336
2025-11-23 01:38:20,mlx5_2,4.673,0.006,101.129,148.707
2025-11-23 01:38:20,mlx5_3,4.603,0.006,99.737,140.135
2025-11-23 01:38:20,mlx5_4,4.807,0.006,103.356,158.292
2025-11-23 01:38:20,mlx5_5,4.439,0.006,98.634,134.322
2025-11-23 01:38:20,mlx5_6,4.708,0.006,102.205,153.366
2025-11-23 01:38:20,mlx5_7,0.000,0.000,0.000,0.000
2025-11-23 01:38:20,mlx5_8,4.635,0.006,100.302,144.306
2025-11-23 01:38:20,mlx5_9,4.850,0.006,104.233,163.216
2025-11-23 01:38:20,TOTAL,37.226,0.049,808.231,1172.680
2025-11-23 01:38:21,mlx5_0,0.000,0.000,0.000,0.000
2025-11-23 01:38:21,mlx5_1,0.000,0.000,98.635,130.336
2025-11-23 01:38:21,mlx5_2,0.000,0.000,101.129,148.707
2025-11-23 01:38:21,mlx5_3,0.000,0.000,99.737,140.135
2025-11-23 01:38:21,mlx5_4,0.000,0.000,103.356,158.292
2025-11-23 01:38:21,mlx5_5,0.000,0.000,98.634,134.322
2025-11-23 01:38:21,mlx5_6,0.000,0.000,102.205,153.366
2025-11-23 01:38:21,mlx5_7,0.000,0.000,0.000,0.000
2025-11-23 01:38:21,mlx5_8,0.000,0.000,100.302,144.306
2025-11-23 01:38:21,mlx5_9,0.000,0.000,104.233,163.216
2025-11-23 01:38:21,TOTAL,0.000,0.000,808.231,1172.680
2025-11-23 01:38:22,mlx5_0,0.000,0.000,0.000,0.000
2025-11-23 01:38:22,mlx5_1,0.000,0.000,98.635,130.336
2025-11-23 01:38:22,mlx5_2,0.000,0.000,101.129,148.707
2025-11-23 01:38:22,mlx5_3,0.000,0.000,99.737,140.135
2025-11-23 01:38:22,mlx5_4,0.000,0.000,103.356,158.292
2025-11-23 01:38:22,mlx5_5,0.000,0.000,98.634,134.322
2025-11-23 01:38:22,mlx5_6,0.000,0.000,102.205,153.366
2025-11-23 01:38:22,mlx5_7,0.000,0.000,0.000,0.000
2025-11-23 01:38:22,mlx5_8,0.000,0.000,100.302,144.306
2025-11-23 01:38:22,mlx5_9,0.000,0.000,104.233,163.216
2025-11-23 01:38:22,TOTAL,0.000,0.000,808.231,1172.680
2025-11-23 01:38:23,mlx5_0,0.000,0.000,0.000,0.000
2025-11-23 01:38:23,mlx5_1,0.000,0.000,98.635,130.336
2025-11-23 01:38:23,mlx5_2,0.000,0.000,101.129,148.707
2025-11-23 01:38:23,mlx5_3,0.000,0.000,99.737,140.135
2025-11-23 01:38:23,mlx5_4,0.000,0.000,103.356,158.292
2025-11-23 01:38:23,mlx5_5,0.000,0.000,98.634,134.322
2025-11-23 01:38:23,mlx5_6,0.000,0.000,102.205,153.366
2025-11-23 01:38:23,mlx5_7,0.000,0.000,0.000,0.000
2025-11-23 01:38:23,mlx5_8,0.000,0.000,100.302,144.306
2025-11-23 01:38:23,mlx5_9,0.000,0.000,104.233,163.216
2025-11-23 01:38:23,TOTAL,0.000,0.000,808.231,1172.680
2025-11-23 01:38:24,mlx5_0,0.000,0.000,0.000,0.000
2025-11-23 01:38:24,mlx5_1,0.000,0.000,98.635,130.336
2025-11-23 01:38:24,mlx5_2,0.000,0.000,101.129,148.707
2025-11-23 01:38:24,mlx5_3,0.000,0.000,99.737,140.135
2025-11-23 01:38:24,mlx5_4,0.000,0.000,103.356,158.292
2025-11-23 01:38:24,mlx5_5,0.000,0.000,98.634,134.322
2025-11-23 01:38:24,mlx5_6,0.000,0.000,102.205,153.366
2025-11-23 01:38:24,mlx5_7,0.000,0.000,0.000,0.000
2025-11-23 01:38:24,mlx5_8,0.000,0.000,100.302,144.306
2025-11-23 01:38:24,mlx5_9,0.000,0.000,104.233,163.216
2025-11-23 01:38:24,TOTAL,0.000,0.000,808.231,1172.680
2025-11-23 01:38:25,mlx5_0,0.000,0.000,0.000,0.000
2025-11-23 01:38:25,mlx5_1,4.621,21.542,99.215,133.042
2025-11-23 01:38:25,mlx5_2,4.639,25.100,101.712,151.859
2025-11-23 01:38:25,mlx5_3,4.644,23.728,100.320,143.115
2025-11-23 01:38:25,mlx5_4,4.715,26.750,103.948,161.652
2025-11-23 01:38:25,mlx5_5,4.661,22.456,99.220,137.142
2025-11-23 01:38:25,mlx5_6,4.752,25.938,102.802,156.624
2025-11-23 01:38:25,mlx5_7,0.000,0.000,0.000,0.000
2025-11-23 01:38:25,mlx5_8,4.598,24.960,100.879,147.441
2025-11-23 01:38:25,mlx5_9,4.981,27.479,104.859,166.667
2025-11-23 01:38:25,TOTAL,37.611,197.953,812.954,1197.542
2025-11-23 01:38:26,mlx5_0,0.000,0.000,0.000,0.000
2025-11-23 01:38:26,mlx5_1,0.006,3.174,99.216,133.441
2025-11-23 01:38:26,mlx5_2,0.006,3.723,101.713,152.327
2025-11-23 01:38:26,mlx5_3,0.007,3.549,100.321,143.561
2025-11-23 01:38:26,mlx5_4,0.007,3.834,103.949,162.133
2025-11-23 01:38:26,mlx5_5,0.007,3.377,99.220,137.567
2025-11-23 01:38:26,mlx5_6,0.007,3.686,102.803,157.087
2025-11-23 01:38:26,mlx5_7,0.000,0.000,0.000,0.000
2025-11-23 01:38:26,mlx5_8,0.006,3.518,100.880,147.884
2025-11-23 01:38:26,mlx5_9,0.006,3.733,104.859,167.137
2025-11-23 01:38:26,TOTAL,0.052,28.595,812.961,1201.136
2025-11-23 01:38:27,mlx5_0,0.000,0.000,0.000,0.000
2025-11-23 01:38:27,mlx5_1,0.000,0.000,99.216,133.441
2025-11-23 01:38:27,mlx5_2,0.000,0.000,101.713,152.327
2025-11-23 01:38:27,mlx5_3,0.000,0.000,100.321,143.561
2025-11-23 01:38:27,mlx5_4,0.000,0.000,103.949,162.133
2025-11-23 01:38:27,mlx5_5,0.000,0.000,99.220,137.567
2025-11-23 01:38:27,mlx5_6,0.000,0.000,102.803,157.087
2025-11-23 01:38:27,mlx5_7,0.000,0.000,0.000,0.000
2025-11-23 01:38:27,mlx5_8,0.000,0.000,100.880,147.884
2025-11-23 01:38:27,mlx5_9,0.000,0.000,104.859,167.137
2025-11-23 01:38:27,TOTAL,0.000,0.000,812.961,1201.136
2025-11-23 01:38:28,mlx5_0,0.000,0.000,0.000,0.000
2025-11-23 01:38:28,mlx5_1,0.000,0.000,99.216,133.441
2025-11-23 01:38:28,mlx5_2,0.000,0.000,101.713,152.327
2025-11-23 01:38:28,mlx5_3,0.000,0.000,100.321,143.561
2025-11-23 01:38:28,mlx5_4,0.000,0.000,103.949,162.133
2025-11-23 01:38:28,mlx5_5,0.000,0.000,99.220,137.567
2025-11-23 01:38:28,mlx5_6,0.000,0.000,102.803,157.087
2025-11-23 01:38:28,mlx5_7,0.000,0.000,0.000,0.000
2025-11-23 01:38:28,mlx5_8,0.000,0.000,100.880,147.884
2025-11-23 01:38:28,mlx5_9,0.000,0.000,104.859,167.137
2025-11-23 01:38:28,TOTAL,0.000,0.000,812.961,1201.136
2025-11-23 01:38:29,mlx5_0,0.000,0.000,0.000,0.000
2025-11-23 01:38:29,mlx5_1,4.133,0.006,99.735,133.441
2025-11-23 01:38:29,mlx5_2,4.333,0.006,102.257,152.328
2025-11-23 01:38:29,mlx5_3,4.266,0.006,100.856,143.562
2025-11-23 01:38:29,mlx5_4,4.381,0.006,104.498,162.134
2025-11-23 01:38:29,mlx5_5,4.239,0.005,99.752,137.567
2025-11-23 01:38:29,mlx5_6,4.555,0.006,103.374,157.088
2025-11-23 01:38:29,mlx5_7,0.000,0.000,0.000,0.000
2025-11-23 01:38:29,mlx5_8,4.343,0.006,101.425,147.884
2025-11-23 01:38:29,mlx5_9,4.678,0.006,105.447,167.137
2025-11-23 01:38:29,TOTAL,34.927,0.045,817.345,1201.142
2025-11-23 01:38:30,mlx5_0,0.000,0.000,0.000,0.000
2025-11-23 01:38:30,mlx5_1,0.000,0.000,99.735,133.441
2025-11-23 01:38:30,mlx5_2,0.000,0.000,102.257,152.328
2025-11-23 01:38:30,mlx5_3,0.000,0.000,100.856,143.562
2025-11-23 01:38:30,mlx5_4,0.000,0.000,104.498,162.134
2025-11-23 01:38:30,mlx5_5,0.000,0.000,99.752,137.567
2025-11-23 01:38:30,mlx5_6,0.000,0.000,103.374,157.088
2025-11-23 01:38:30,mlx5_7,0.000,0.000,0.000,0.000
2025-11-23 01:38:30,mlx5_8,0.000,0.000,101.425,147.884
2025-11-23 01:38:30,mlx5_9,0.000,0.000,105.447,167.137
2025-11-23 01:38:30,TOTAL,0.000,0.000,817.345,1201.142
2025-11-23 01:38:31,mlx5_0,0.000,0.000,0.000,0.000
2025-11-23 01:38:31,mlx5_1,0.000,0.000,99.735,133.441
2025-11-23 01:38:31,mlx5_2,0.000,0.000,102.257,152.328
2025-11-23 01:38:31,mlx5_3,0.000,0.000,100.856,143.562
2025-11-23 01:38:31,mlx5_4,0.000,0.000,104.498,162.134
2025-11-23 01:38:31,mlx5_5,0.000,0.000,99.752,137.567
2025-11-23 01:38:31,mlx5_6,0.000,0.000,103.374,157.088
2025-11-23 01:38:31,mlx5_7,0.000,0.000,0.000,0.000
2025-11-23 01:38:31,mlx5_8,0.000,0.000,101.425,147.884
2025-11-23 01:38:31,mlx5_9,0.000,0.000,105.447,167.137
2025-11-23 01:38:31,TOTAL,0.000,0.000,817.345,1201.142
2025-11-23 01:38:32,mlx5_0,0.000,0.000,0.000,0.000
2025-11-23 01:38:32,mlx5_1,4.579,0.006,100.310,133.442
2025-11-23 01:38:32,mlx5_2,4.628,0.006,102.838,152.328
2025-11-23 01:38:32,mlx5_3,4.620,0.006,101.436,143.563
2025-11-23 01:38:32,mlx5_4,4.787,0.006,105.100,162.135
2025-11-23 01:38:32,mlx5_5,4.467,0.006,100.313,137.568
2025-11-23 01:38:32,mlx5_6,4.780,0.006,103.975,157.088
2025-11-23 01:38:32,mlx5_7,0.000,0.000,0.000,0.000
2025-11-23 01:38:32,mlx5_8,4.673,0.006,102.012,147.885
2025-11-23 01:38:32,mlx5_9,4.692,0.006,106.036,167.138
2025-11-23 01:38:32,TOTAL,37.224,0.048,822.021,1201.148
2025-11-23 01:38:33,mlx5_0,0.000,0.000,0.000,0.000
2025-11-23 01:38:33,mlx5_1,0.000,0.000,100.310,133.442
2025-11-23 01:38:33,mlx5_2,0.000,0.000,102.838,152.328
2025-11-23 01:38:33,mlx5_3,0.000,0.000,101.436,143.563
2025-11-23 01:38:33,mlx5_4,0.000,0.000,105.100,162.135
2025-11-23 01:38:33,mlx5_5,0.000,0.000,100.313,137.568
2025-11-23 01:38:33,mlx5_6,0.000,0.000,103.975,157.088
2025-11-23 01:38:33,mlx5_7,0.000,0.000,0.000,0.000
2025-11-23 01:38:33,mlx5_8,0.000,0.000,102.012,147.885
2025-11-23 01:38:33,mlx5_9,0.000,0.000,106.036,167.138
2025-11-23 01:38:33,TOTAL,0.000,0.000,822.021,1201.148
2025-11-23 01:38:34,mlx5_0,0.000,0.000,0.000,0.000
2025-11-23 01:38:34,mlx5_1,0.000,0.000,100.310,133.442
2025-11-23 01:38:34,mlx5_2,0.000,0.000,102.838,152.328
2025-11-23 01:38:34,mlx5_3,0.000,0.000,101.436,143.563
2025-11-23 01:38:34,mlx5_4,0.000,0.000,105.100,162.135
2025-11-23 01:38:34,mlx5_5,0.000,0.000,100.313,137.568
2025-11-23 01:38:34,mlx5_6,0.000,0.000,103.975,157.088
2025-11-23 01:38:34,mlx5_7,0.000,0.000,0.000,0.000
2025-11-23 01:38:34,mlx5_8,0.000,0.000,102.012,147.885
2025-11-23 01:38:34,mlx5_9,0.000,0.000,106.036,167.138
2025-11-23 01:38:34,TOTAL,0.000,0.000,822.021,1201.148
2025-11-23 01:38:35,mlx5_0,0.000,0.000,0.000,0.000
2025-11-23 01:38:35,mlx5_1,0.000,0.000,100.310,133.442
2025-11-23 01:38:35,mlx5_2,0.000,0.000,102.838,152.328
2025-11-23 01:38:35,mlx5_3,0.000,0.000,101.436,143.563
2025-11-23 01:38:35,mlx5_4,0.000,0.000,105.100,162.135
2025-11-23 01:38:35,mlx5_5,0.000,0.000,100.313,137.568
2025-11-23 01:38:35,mlx5_6,0.000,0.000,103.975,157.088
2025-11-23 01:38:35,mlx5_7,0.000,0.000,0.000,0.000
2025-11-23 01:38:35,mlx5_8,0.000,0.000,102.012,147.885
2025-11-23 01:38:35,mlx5_9,0.000,0.000,106.036,167.138
2025-11-23 01:38:35,TOTAL,0.000,0.000,822.021,1201.148
2025-11-23 01:38:36,mlx5_0,0.000,0.000,0.000,0.000
2025-11-23 01:38:36,mlx5_1,4.609,0.006,100.889,133.443
2025-11-23 01:38:36,mlx5_2,4.595,0.006,103.415,152.329
2025-11-23 01:38:36,mlx5_3,4.672,0.006,102.023,143.564
2025-11-23 01:38:36,mlx5_4,4.716,0.006,105.692,162.136
2025-11-23 01:38:36,mlx5_5,4.630,0.006,100.895,137.569
2025-11-23 01:38:36,mlx5_6,4.733,0.006,104.569,157.089
2025-11-23 01:38:36,mlx5_7,0.000,0.000,0.000,0.000
2025-11-23 01:38:36,mlx5_8,4.629,0.006,102.594,147.886
2025-11-23 01:38:36,mlx5_9,4.633,0.006,106.618,167.139
2025-11-23 01:38:36,TOTAL,37.216,0.048,826.697,1201.154
2025-11-23 01:38:37,mlx5_0,0.000,0.000,0.000,0.000
2025-11-23 01:38:37,mlx5_1,0.000,0.000,100.889,133.443
2025-11-23 01:38:37,mlx5_2,0.000,0.000,103.415,152.329
2025-11-23 01:38:37,mlx5_3,0.000,0.000,102.023,143.564
2025-11-23 01:38:37,mlx5_4,0.000,0.000,105.692,162.136
2025-11-23 01:38:37,mlx5_5,0.000,0.000,100.895,137.569
2025-11-23 01:38:37,mlx5_6,0.000,0.000,104.569,157.089
2025-11-23 01:38:37,mlx5_7,0.000,0.000,0.000,0.000
2025-11-23 01:38:37,mlx5_8,0.000,0.000,102.594,147.886
2025-11-23 01:38:37,mlx5_9,0.000,0.000,106.618,167.139
2025-11-23 01:38:37,TOTAL,0.000,0.000,826.697,1201.154
2025-11-23 01:38:38,mlx5_0,0.000,0.000,0.000,0.000
2025-11-23 01:38:38,mlx5_1,0.000,0.000,100.889,133.443
2025-11-23 01:38:38,mlx5_2,0.000,0.000,103.415,152.329
2025-11-23 01:38:38,mlx5_3,0.000,0.000,102.023,143.564
2025-11-23 01:38:38,mlx5_4,0.000,0.000,105.692,162.136
2025-11-23 01:38:38,mlx5_5,0.000,0.000,100.895,137.569
2025-11-23 01:38:38,mlx5_6,0.000,0.000,104.569,157.089
2025-11-23 01:38:38,mlx5_7,0.000,0.000,0.000,0.000
2025-11-23 01:38:38,mlx5_8,0.000,0.000,102.594,147.886
2025-11-23 01:38:38,mlx5_9,0.000,0.000,106.618,167.139
2025-11-23 01:38:38,TOTAL,0.000,0.000,826.697,1201.154
2025-11-23 01:38:39,mlx5_0,0.000,0.000,0.000,0.000
2025-11-23 01:38:39,mlx5_1,0.000,0.000,100.889,133.443
2025-11-23 01:38:39,mlx5_2,0.000,0.000,103.415,152.329
2025-11-23 01:38:39,mlx5_3,0.000,0.000,102.023,143.564
2025-11-23 01:38:39,mlx5_4,0.000,0.000,105.692,162.136
2025-11-23 01:38:39,mlx5_5,0.000,0.000,100.895,137.569
2025-11-23 01:38:39,mlx5_6,0.000,0.000,104.569,157.089
2025-11-23 01:38:39,mlx5_7,0.000,0.000,0.000,0.000
2025-11-23 01:38:39,mlx5_8,0.000,0.000,102.594,147.886
2025-11-23 01:38:39,mlx5_9,0.000,0.000,106.618,167.139
2025-11-23 01:38:39,TOTAL,0.000,0.000,826.697,1201.154
2025-11-23 01:38:40,mlx5_0,0.000,0.000,0.000,0.000
2025-11-23 01:38:40,mlx5_1,4.585,0.006,101.465,133.444
2025-11-23 01:38:40,mlx5_2,4.648,0.006,103.999,152.330
2025-11-23 01:38:40,mlx5_3,4.555,0.006,102.596,143.564
2025-11-23 01:38:40,mlx5_4,4.723,0.006,106.286,162.136
2025-11-23 01:38:40,mlx5_5,4.393,0.006,101.447,137.569
2025-11-23 01:38:40,mlx5_6,4.767,0.006,105.168,157.090
2025-11-23 01:38:40,mlx5_7,0.000,0.000,0.000,0.000
2025-11-23 01:38:40,mlx5_8,4.650,0.006,103.178,147.887
2025-11-23 01:38:40,mlx5_9,4.895,0.006,107.233,167.140
2025-11-23 01:38:40,TOTAL,37.216,0.047,831.373,1201.160
2025-11-23 01:38:41,mlx5_0,0.000,0.000,0.000,0.000
2025-11-23 01:38:41,mlx5_1,0.000,0.000,101.465,133.444
2025-11-23 01:38:41,mlx5_2,0.000,0.000,103.999,152.330
2025-11-23 01:38:41,mlx5_3,0.000,0.000,102.596,143.564
2025-11-23 01:38:41,mlx5_4,0.000,0.000,106.286,162.136
2025-11-23 01:38:41,mlx5_5,0.000,0.000,101.447,137.569
2025-11-23 01:38:41,mlx5_6,0.000,0.000,105.168,157.090
2025-11-23 01:38:41,mlx5_7,0.000,0.000,0.000,0.000
2025-11-23 01:38:41,mlx5_8,0.000,0.000,103.178,147.887
2025-11-23 01:38:41,mlx5_9,0.000,0.000,107.233,167.140
2025-11-23 01:38:41,TOTAL,0.000,0.000,831.373,1201.160
2025-11-23 01:38:42,mlx5_0,0.000,0.000,0.000,0.000
2025-11-23 01:38:42,mlx5_1,0.000,0.000,101.465,133.444
2025-11-23 01:38:42,mlx5_2,0.000,0.000,103.999,152.330
2025-11-23 01:38:42,mlx5_3,0.000,0.000,102.596,143.564
2025-11-23 01:38:42,mlx5_4,0.000,0.000,106.286,162.136
2025-11-23 01:38:42,mlx5_5,0.000,0.000,101.447,137.569
2025-11-23 01:38:42,mlx5_6,0.000,0.000,105.168,157.090
2025-11-23 01:38:42,mlx5_7,0.000,0.000,0.000,0.000
2025-11-23 01:38:42,mlx5_8,0.000,0.000,103.178,147.887
2025-11-23 01:38:42,mlx5_9,0.000,0.000,107.233,167.140
2025-11-23 01:38:42,TOTAL,0.000,0.000,831.373,1201.160
2025-11-23 01:38:43,mlx5_0,0.000,0.000,0.000,0.000
2025-11-23 01:38:43,mlx5_1,0.000,0.000,101.465,133.444
2025-11-23 01:38:43,mlx5_2,0.000,0.000,103.999,152.330
2025-11-23 01:38:43,mlx5_3,0.000,0.000,102.596,143.564
2025-11-23 01:38:43,mlx5_4,0.000,0.000,106.286,162.136
2025-11-23 01:38:43,mlx5_5,0.000,0.000,101.447,137.569
2025-11-23 01:38:43,mlx5_6,0.000,0.000,105.168,157.090
2025-11-23 01:38:43,mlx5_7,0.000,0.000,0.000,0.000
2025-11-23 01:38:43,mlx5_8,0.000,0.000,103.178,147.887
2025-11-23 01:38:43,mlx5_9,0.000,0.000,107.233,167.140
2025-11-23 01:38:43,TOTAL,0.000,0.000,831.373,1201.160
2025-11-23 01:38:44,mlx5_0,0.000,0.000,0.000,0.000
2025-11-23 01:38:44,mlx5_1,0.000,0.000,101.465,133.444
2025-11-23 01:38:44,mlx5_2,0.000,0.000,103.999,152.330
2025-11-23 01:38:44,mlx5_3,0.000,0.000,102.596,143.564
2025-11-23 01:38:44,mlx5_4,0.000,0.000,106.286,162.136
2025-11-23 01:38:44,mlx5_5,0.000,0.000,101.447,137.569
2025-11-23 01:38:44,mlx5_6,0.000,0.000,105.168,157.090
2025-11-23 01:38:44,mlx5_7,0.000,0.000,0.000,0.000
2025-11-23 01:38:44,mlx5_8,0.000,0.000,103.178,147.887
2025-11-23 01:38:44,mlx5_9,0.000,0.000,107.233,167.140
2025-11-23 01:38:44,TOTAL,0.000,0.000,831.373,1201.160
2025-11-23 01:38:45,mlx5_0,0.000,0.000,0.000,0.000
2025-11-23 01:38:45,mlx5_1,4.624,0.006,102.046,133.444
2025-11-23 01:38:45,mlx5_2,4.658,0.006,104.584,152.331
2025-11-23 01:38:45,mlx5_3,4.517,0.006,103.163,143.565
2025-11-23 01:38:45,mlx5_4,4.859,0.006,106.896,162.137
2025-11-23 01:38:45,mlx5_5,4.465,0.006,102.008,137.570
2025-11-23 01:38:45,mlx5_6,4.715,0.006,105.761,157.091
2025-11-23 01:38:45,mlx5_7,0.000,0.000,0.000,0.000
2025-11-23 01:38:45,mlx5_8,4.587,0.006,103.754,147.887
2025-11-23 01:38:45,mlx5_9,4.800,0.006,107.836,167.140
2025-11-23 01:38:45,TOTAL,37.224,0.048,836.049,1201.166
2025-11-23 01:38:46,mlx5_0,0.000,0.000,0.000,0.000
2025-11-23 01:38:46,mlx5_1,0.000,0.000,102.046,133.444
2025-11-23 01:38:46,mlx5_2,0.000,0.000,104.584,152.331
2025-11-23 01:38:46,mlx5_3,0.000,0.000,103.163,143.565
2025-11-23 01:38:46,mlx5_4,0.000,0.000,106.896,162.137
2025-11-23 01:38:46,mlx5_5,0.000,0.000,102.008,137.570
2025-11-23 01:38:46,mlx5_6,0.000,0.000,105.761,157.091
2025-11-23 01:38:46,mlx5_7,0.000,0.000,0.000,0.000
2025-11-23 01:38:46,mlx5_8,0.000,0.000,103.754,147.887
2025-11-23 01:38:46,mlx5_9,0.000,0.000,107.836,167.140
2025-11-23 01:38:46,TOTAL,0.000,0.000,836.049,1201.166
2025-11-23 01:38:47,mlx5_0,0.000,0.000,0.000,0.000
2025-11-23 01:38:47,mlx5_1,0.000,0.000,102.046,133.444
2025-11-23 01:38:47,mlx5_2,0.000,0.000,104.584,152.331
2025-11-23 01:38:47,mlx5_3,0.000,0.000,103.163,143.565
2025-11-23 01:38:47,mlx5_4,0.000,0.000,106.896,162.137
2025-11-23 01:38:47,mlx5_5,0.000,0.000,102.008,137.570
2025-11-23 01:38:47,mlx5_6,0.000,0.000,105.761,157.091
2025-11-23 01:38:47,mlx5_7,0.000,0.000,0.000,0.000
2025-11-23 01:38:47,mlx5_8,0.000,0.000,103.754,147.887
2025-11-23 01:38:47,mlx5_9,0.000,0.000,107.836,167.140
2025-11-23 01:38:47,TOTAL,0.000,0.000,836.049,1201.166
2025-11-23 01:38:48,mlx5_0,0.000,0.000,0.000,0.000
2025-11-23 01:38:48,mlx5_1,0.000,0.000,102.046,133.444
2025-11-23 01:38:48,mlx5_2,0.000,0.000,104.584,152.331
2025-11-23 01:38:48,mlx5_3,0.000,0.000,103.163,143.565
2025-11-23 01:38:48,mlx5_4,0.000,0.000,106.896,162.137
2025-11-23 01:38:48,mlx5_5,0.000,0.000,102.008,137.570
2025-11-23 01:38:48,mlx5_6,0.000,0.000,105.761,157.091
2025-11-23 01:38:48,mlx5_7,0.000,0.000,0.000,0.000
2025-11-23 01:38:48,mlx5_8,0.000,0.000,103.754,147.887
2025-11-23 01:38:48,mlx5_9,0.000,0.000,107.836,167.140
2025-11-23 01:38:48,TOTAL,0.000,0.000,836.049,1201.166
2025-11-23 01:38:49,mlx5_0,0.000,0.000,0.000,0.000
2025-11-23 01:38:49,mlx5_1,4.638,6.474,102.629,134.258
2025-11-23 01:38:49,mlx5_2,4.679,7.586,105.172,153.284
2025-11-23 01:38:49,mlx5_3,4.685,7.229,103.752,144.473
2025-11-23 01:38:49,mlx5_4,4.735,7.791,107.491,163.116
2025-11-23 01:38:49,mlx5_5,4.525,6.966,102.576,138.445
2025-11-23 01:38:49,mlx5_6,4.549,7.562,106.332,158.041
2025-11-23 01:38:49,mlx5_7,0.000,0.000,0.000,0.000
2025-11-23 01:38:49,mlx5_8,4.729,7.441,104.348,148.822
2025-11-23 01:38:49,mlx5_9,4.794,8.121,108.438,168.160
2025-11-23 01:38:49,TOTAL,37.334,59.170,840.738,1208.598
2025-11-23 01:38:50,mlx5_0,0.000,0.000,0.000,0.000
2025-11-23 01:38:50,mlx5_1,0.035,18.524,102.633,136.584
2025-11-23 01:38:50,mlx5_2,0.038,21.353,105.177,155.965
2025-11-23 01:38:50,mlx5_3,0.040,20.049,103.757,146.991
2025-11-23 01:38:50,mlx5_4,0.043,22.644,107.496,165.960
2025-11-23 01:38:50,mlx5_5,0.038,18.949,102.581,140.825
2025-11-23 01:38:50,mlx5_6,0.040,22.224,106.337,160.832
2025-11-23 01:38:50,mlx5_7,0.000,0.000,0.000,0.000
2025-11-23 01:38:50,mlx5_8,0.039,20.886,104.353,151.445
2025-11-23 01:38:50,mlx5_9,0.041,22.788,108.444,171.022
2025-11-23 01:38:50,TOTAL,0.314,167.415,840.778,1229.624
2025-11-23 01:38:51,mlx5_0,0.000,0.000,0.000,0.000
2025-11-23 01:38:51,mlx5_1,0.000,0.000,102.633,136.584
2025-11-23 01:38:51,mlx5_2,0.000,0.000,105.177,155.965
2025-11-23 01:38:51,mlx5_3,0.000,0.000,103.757,146.991
2025-11-23 01:38:51,mlx5_4,0.000,0.000,107.496,165.960
2025-11-23 01:38:51,mlx5_5,0.000,0.000,102.581,140.825
2025-11-23 01:38:51,mlx5_6,0.000,0.000,106.337,160.832
2025-11-23 01:38:51,mlx5_7,0.000,0.000,0.000,0.000
2025-11-23 01:38:51,mlx5_8,0.000,0.000,104.353,151.445
2025-11-23 01:38:51,mlx5_9,0.000,0.000,108.444,171.022
2025-11-23 01:38:51,TOTAL,0.000,0.000,840.778,1229.624
2025-11-23 01:38:52,mlx5_0,0.000,0.000,0.000,0.000
2025-11-23 01:38:52,mlx5_1,0.000,0.000,102.633,136.584
2025-11-23 01:38:52,mlx5_2,0.000,0.000,105.177,155.965
2025-11-23 01:38:52,mlx5_3,0.000,0.000,103.757,146.991
2025-11-23 01:38:52,mlx5_4,0.000,0.000,107.496,165.960
2025-11-23 01:38:52,mlx5_5,0.000,0.000,102.581,140.825
2025-11-23 01:38:52,mlx5_6,0.000,0.000,106.337,160.832
2025-11-23 01:38:52,mlx5_7,0.000,0.000,0.000,0.000
2025-11-23 01:38:52,mlx5_8,0.000,0.000,104.353,151.445
2025-11-23 01:38:52,mlx5_9,0.000,0.000,108.444,171.022
2025-11-23 01:38:52,TOTAL,0.000,0.000,840.778,1229.624
2025-11-23 01:38:53,mlx5_0,0.000,0.000,0.000,0.000
2025-11-23 01:38:53,mlx5_1,2.275,0.003,102.919,136.584
2025-11-23 01:38:53,mlx5_2,2.283,0.003,105.464,155.966
2025-11-23 01:38:53,mlx5_3,2.303,0.003,104.046,146.991
2025-11-23 01:38:53,mlx5_4,2.342,0.003,107.791,165.960
2025-11-23 01:38:53,mlx5_5,2.361,0.003,102.878,140.825
2025-11-23 01:38:53,mlx5_6,2.427,0.003,106.642,160.832
2025-11-23 01:38:53,mlx5_7,0.000,0.000,0.000,0.000
2025-11-23 01:38:53,mlx5_8,2.468,0.003,104.663,151.445
2025-11-23 01:38:53,mlx5_9,2.625,0.003,108.773,171.023
2025-11-23 01:38:53,TOTAL,19.085,0.025,843.176,1229.627
2025-11-23 01:38:54,mlx5_0,0.000,0.000,0.000,0.000
2025-11-23 01:38:54,mlx5_1,2.423,0.003,103.224,136.585
2025-11-23 01:38:54,mlx5_2,2.390,0.003,105.765,155.966
2025-11-23 01:38:54,mlx5_3,2.316,0.003,104.338,146.992
2025-11-23 01:38:54,mlx5_4,2.496,0.003,108.105,165.961
2025-11-23 01:38:54,mlx5_5,2.362,0.003,103.175,140.826
2025-11-23 01:38:54,mlx5_6,2.325,0.003,106.935,160.832
2025-11-23 01:38:54,mlx5_7,0.000,0.000,0.000,0.000
2025-11-23 01:38:54,mlx5_8,2.191,0.003,104.939,151.446
2025-11-23 01:38:54,mlx5_9,2.317,0.003,109.065,171.023
2025-11-23 01:38:54,TOTAL,18.819,0.025,845.545,1229.630
2025-11-23 01:38:55,mlx5_0,0.000,0.000,0.000,0.000
2025-11-23 01:38:55,mlx5_1,0.000,0.000,103.224,136.585
2025-11-23 01:38:55,mlx5_2,0.000,0.000,105.765,155.966
2025-11-23 01:38:55,mlx5_3,0.000,0.000,104.338,146.992
2025-11-23 01:38:55,mlx5_4,0.000,0.000,108.105,165.961
2025-11-23 01:38:55,mlx5_5,0.000,0.000,103.175,140.826
2025-11-23 01:38:55,mlx5_6,0.000,0.000,106.935,160.832
2025-11-23 01:38:55,mlx5_7,0.000,0.000,0.000,0.000
2025-11-23 01:38:55,mlx5_8,0.000,0.000,104.939,151.446
2025-11-23 01:38:55,mlx5_9,0.000,0.000,109.065,171.023
2025-11-23 01:38:55,TOTAL,0.000,0.000,845.545,1229.630
2025-11-23 01:38:56,mlx5_0,0.000,0.000,0.000,0.000
2025-11-23 01:38:56,mlx5_1,0.000,0.000,103.224,136.585
2025-11-23 01:38:56,mlx5_2,0.000,0.000,105.765,155.966
2025-11-23 01:38:56,mlx5_3,0.000,0.000,104.338,146.992
2025-11-23 01:38:56,mlx5_4,0.000,0.000,108.105,165.961
2025-11-23 01:38:56,mlx5_5,0.000,0.000,103.175,140.826
2025-11-23 01:38:56,mlx5_6,0.000,0.000,106.935,160.832
2025-11-23 01:38:56,mlx5_7,0.000,0.000,0.000,0.000
2025-11-23 01:38:56,mlx5_8,0.000,0.000,104.939,151.446
2025-11-23 01:38:56,mlx5_9,0.000,0.000,109.065,171.023
2025-11-23 01:38:56,TOTAL,0.000,0.000,845.545,1229.630
2025-11-23 01:38:57,mlx5_0,0.000,0.000,0.000,0.000
2025-11-23 01:38:57,mlx5_1,4.524,0.006,103.792,136.585
2025-11-23 01:38:57,mlx5_2,4.562,0.006,106.338,155.967
2025-11-23 01:38:57,mlx5_3,4.660,0.006,104.923,146.993
2025-11-23 01:38:57,mlx5_4,4.865,0.006,108.716,165.961
2025-11-23 01:38:57,mlx5_5,4.630,0.006,103.757,140.826
2025-11-23 01:38:57,mlx5_6,4.693,0.006,107.524,160.833
2025-11-23 01:38:57,mlx5_7,0.000,0.000,0.000,0.000
2025-11-23 01:38:57,mlx5_8,4.539,0.006,105.509,151.446
2025-11-23 01:38:57,mlx5_9,4.754,0.006,109.662,171.024
2025-11-23 01:38:57,TOTAL,37.226,0.048,850.221,1229.636
2025-11-23 01:38:58,mlx5_0,0.000,0.000,0.000,0.000
2025-11-23 01:38:58,mlx5_1,0.000,0.000,103.792,136.585
2025-11-23 01:38:58,mlx5_2,0.000,0.000,106.338,155.967
2025-11-23 01:38:58,mlx5_3,0.000,0.000,104.923,146.993
2025-11-23 01:38:58,mlx5_4,0.000,0.000,108.716,165.961
2025-11-23 01:38:58,mlx5_5,0.000,0.000,103.757,140.826
2025-11-23 01:38:58,mlx5_6,0.000,0.000,107.524,160.833
2025-11-23 01:38:58,mlx5_7,0.000,0.000,0.000,0.000
2025-11-23 01:38:58,mlx5_8,0.000,0.000,105.509,151.446
2025-11-23 01:38:58,mlx5_9,0.000,0.000,109.662,171.024
2025-11-23 01:38:58,TOTAL,0.000,0.000,850.221,1229.636
2025-11-23 01:38:59,mlx5_0,0.000,0.000,0.000,0.000
2025-11-23 01:38:59,mlx5_1,0.000,0.000,103.792,136.585
2025-11-23 01:38:59,mlx5_2,0.000,0.000,106.338,155.967
2025-11-23 01:38:59,mlx5_3,0.000,0.000,104.923,146.993
2025-11-23 01:38:59,mlx5_4,0.000,0.000,108.716,165.961
2025-11-23 01:38:59,mlx5_5,0.000,0.000,103.757,140.826
2025-11-23 01:38:59,mlx5_6,0.000,0.000,107.524,160.833
2025-11-23 01:38:59,mlx5_7,0.000,0.000,0.000,0.000
2025-11-23 01:38:59,mlx5_8,0.000,0.000,105.509,151.446
2025-11-23 01:38:59,mlx5_9,0.000,0.000,109.662,171.024
2025-11-23 01:38:59,TOTAL,0.000,0.000,850.221,1229.636
2025-11-23 01:39:00,mlx5_0,0.000,0.000,0.000,0.000
2025-11-23 01:39:00,mlx5_1,4.423,0.006,104.347,136.586
2025-11-23 01:39:00,mlx5_2,4.644,0.006,106.920,155.968
2025-11-23 01:39:00,mlx5_3,4.565,0.006,105.496,146.993
2025-11-23 01:39:00,mlx5_4,4.844,0.006,109.324,165.962
2025-11-23 01:39:00,mlx5_5,4.635,0.006,104.338,140.827
2025-11-23 01:39:00,mlx5_6,4.814,0.006,108.128,160.834
2025-11-23 01:39:00,mlx5_7,0.000,0.000,0.000,0.000
2025-11-23 01:39:00,mlx5_8,4.534,0.006,106.078,151.447
2025-11-23 01:39:00,mlx5_9,4.806,0.006,110.265,171.025
2025-11-23 01:39:00,TOTAL,37.265,0.048,854.897,1229.642
2025-11-23 01:39:01,mlx5_0,0.000,0.000,0.000,0.000
2025-11-23 01:39:01,mlx5_1,0.000,0.000,104.347,136.586
2025-11-23 01:39:01,mlx5_2,0.000,0.000,106.920,155.968
2025-11-23 01:39:01,mlx5_3,0.000,0.000,105.496,146.993
2025-11-23 01:39:01,mlx5_4,0.000,0.000,109.324,165.962
2025-11-23 01:39:01,mlx5_5,0.000,0.000,104.338,140.827
2025-11-23 01:39:01,mlx5_6,0.000,0.000,108.128,160.834
2025-11-23 01:39:01,mlx5_7,0.000,0.000,0.000,0.000
2025-11-23 01:39:01,mlx5_8,0.000,0.000,106.078,151.447
2025-11-23 01:39:01,mlx5_9,0.000,0.000,110.265,171.025
2025-11-23 01:39:01,TOTAL,0.000,0.000,854.897,1229.642
2025-11-23 01:39:02,mlx5_0,0.000,0.000,0.000,0.000
2025-11-23 01:39:02,mlx5_1,0.000,0.000,104.347,136.586
2025-11-23 01:39:02,mlx5_2,0.000,0.000,106.920,155.968
2025-11-23 01:39:02,mlx5_3,0.000,0.000,105.496,146.993
2025-11-23 01:39:02,mlx5_4,0.000,0.000,109.324,165.962
2025-11-23 01:39:02,mlx5_5,0.000,0.000,104.338,140.827
2025-11-23 01:39:02,mlx5_6,0.000,0.000,108.128,160.834
2025-11-23 01:39:02,mlx5_7,0.000,0.000,0.000,0.000
2025-11-23 01:39:02,mlx5_8,0.000,0.000,106.078,151.447
2025-11-23 01:39:02,mlx5_9,0.000,0.000,110.265,171.025
2025-11-23 01:39:02,TOTAL,0.000,0.000,854.897,1229.642
2025-11-23 01:39:03,mlx5_0,0.000,0.000,0.000,0.000
2025-11-23 01:39:03,mlx5_1,0.000,0.000,104.347,136.586
2025-11-23 01:39:03,mlx5_2,0.000,0.000,106.920,155.968
2025-11-23 01:39:03,mlx5_3,0.000,0.000,105.496,146.993
2025-11-23 01:39:03,mlx5_4,0.000,0.000,109.324,165.962
2025-11-23 01:39:03,mlx5_5,0.000,0.000,104.338,140.827
2025-11-23 01:39:03,mlx5_6,0.000,0.000,108.128,160.834
2025-11-23 01:39:03,mlx5_7,0.000,0.000,0.000,0.000
2025-11-23 01:39:03,mlx5_8,0.000,0.000,106.078,151.447
2025-11-23 01:39:03,mlx5_9,0.000,0.000,110.265,171.025
2025-11-23 01:39:03,TOTAL,0.000,0.000,854.897,1229.642
2025-11-23 01:39:04,mlx5_0,0.000,0.000,0.000,0.000
2025-11-23 01:39:04,mlx5_1,4.473,0.006,104.909,136.587
2025-11-23 01:39:04,mlx5_2,4.730,0.006,107.514,155.968
2025-11-23 01:39:04,mlx5_3,4.590,0.006,106.072,146.994
2025-11-23 01:39:04,mlx5_4,4.736,0.006,109.919,165.963
2025-11-23 01:39:04,mlx5_5,4.523,0.006,104.907,140.828
2025-11-23 01:39:04,mlx5_6,4.758,0.006,108.726,160.835
2025-11-23 01:39:04,mlx5_7,0.000,0.000,0.000,0.000
2025-11-23 01:39:04,mlx5_8,4.627,0.006,106.659,151.448
2025-11-23 01:39:04,mlx5_9,4.786,0.006,110.866,171.026
2025-11-23 01:39:04,TOTAL,37.223,0.048,859.573,1229.648
2025-11-23 01:39:05,mlx5_0,0.000,0.000,0.000,0.000
2025-11-23 01:39:05,mlx5_1,0.000,0.000,104.909,136.587
2025-11-23 01:39:05,mlx5_2,0.000,0.000,107.514,155.968
2025-11-23 01:39:05,mlx5_3,0.000,0.000,106.072,146.994
2025-11-23 01:39:05,mlx5_4,0.000,0.000,109.919,165.963
2025-11-23 01:39:05,mlx5_5,0.000,0.000,104.907,140.828
2025-11-23 01:39:05,mlx5_6,0.000,0.000,108.726,160.835
2025-11-23 01:39:05,mlx5_7,0.000,0.000,0.000,0.000
2025-11-23 01:39:05,mlx5_8,0.000,0.000,106.659,151.448
2025-11-23 01:39:05,mlx5_9,0.000,0.000,110.866,171.026
2025-11-23 01:39:05,TOTAL,0.000,0.000,859.573,1229.648
2025-11-23 01:39:06,mlx5_0,0.000,0.000,0.000,0.000
2025-11-23 01:39:06,mlx5_1,0.000,0.000,104.909,136.587
2025-11-23 01:39:06,mlx5_2,0.000,0.000,107.514,155.968
2025-11-23 01:39:06,mlx5_3,0.000,0.000,106.072,146.994
2025-11-23 01:39:06,mlx5_4,0.000,0.000,109.919,165.963
2025-11-23 01:39:06,mlx5_5,0.000,0.000,104.907,140.828
2025-11-23 01:39:06,mlx5_6,0.000,0.000,108.726,160.835
2025-11-23 01:39:06,mlx5_7,0.000,0.000,0.000,0.000
2025-11-23 01:39:06,mlx5_8,0.000,0.000,106.659,151.448
2025-11-23 01:39:06,mlx5_9,0.000,0.000,110.866,171.026
2025-11-23 01:39:06,TOTAL,0.000,0.000,859.573,1229.648
2025-11-23 01:39:07,mlx5_0,0.000,0.000,0.000,0.000
2025-11-23 01:39:07,mlx5_1,0.000,0.000,104.909,136.587
2025-11-23 01:39:07,mlx5_2,0.000,0.000,107.514,155.968
2025-11-23 01:39:07,mlx5_3,0.000,0.000,106.072,146.994
2025-11-23 01:39:07,mlx5_4,0.000,0.000,109.919,165.963
2025-11-23 01:39:07,mlx5_5,0.000,0.000,104.907,140.828
2025-11-23 01:39:07,mlx5_6,0.000,0.000,108.726,160.835
2025-11-23 01:39:07,mlx5_7,0.000,0.000,0.000,0.000
2025-11-23 01:39:07,mlx5_8,0.000,0.000,106.659,151.448
2025-11-23 01:39:07,mlx5_9,0.000,0.000,110.866,171.026
2025-11-23 01:39:07,TOTAL,0.000,0.000,859.573,1229.648
2025-11-23 01:39:08,mlx5_0,0.000,0.000,0.000,0.000
2025-11-23 01:39:08,mlx5_1,0.000,0.000,104.909,136.587
2025-11-23 01:39:08,mlx5_2,0.000,0.000,107.514,155.968
2025-11-23 01:39:08,mlx5_3,0.000,0.000,106.072,146.994
2025-11-23 01:39:08,mlx5_4,0.000,0.000,109.919,165.963
2025-11-23 01:39:08,mlx5_5,0.000,0.000,104.907,140.828
2025-11-23 01:39:08,mlx5_6,0.000,0.000,108.726,160.835
2025-11-23 01:39:08,mlx5_7,0.000,0.000,0.000,0.000
2025-11-23 01:39:08,mlx5_8,0.000,0.000,106.659,151.448
2025-11-23 01:39:08,mlx5_9,0.000,0.000,110.866,171.026
2025-11-23 01:39:08,TOTAL,0.000,0.000,859.573,1229.648
2025-11-23 01:39:09,mlx5_0,0.000,0.000,0.000,0.000
2025-11-23 01:39:09,mlx5_1,4.528,0.006,105.478,136.588
2025-11-23 01:39:09,mlx5_2,4.576,0.006,108.089,155.969
2025-11-23 01:39:09,mlx5_3,4.617,0.006,106.652,146.995
2025-11-23 01:39:09,mlx5_4,4.760,0.006,110.516,165.964
2025-11-23 01:39:09,mlx5_5,4.470,0.006,105.468,140.829
2025-11-23 01:39:09,mlx5_6,4.687,0.006,109.314,160.835
2025-11-23 01:39:09,mlx5_7,0.000,0.000,0.000,0.000
2025-11-23 01:39:09,mlx5_8,4.752,0.006,107.256,151.449
2025-11-23 01:39:09,mlx5_9,4.842,0.006,111.475,171.026
2025-11-23 01:39:09,TOTAL,37.234,0.048,864.249,1229.654
2025-11-23 01:39:10,mlx5_0,0.000,0.000,0.000,0.000
2025-11-23 01:39:10,mlx5_1,0.000,0.000,105.478,136.588
2025-11-23 01:39:10,mlx5_2,0.000,0.000,108.089,155.969
2025-11-23 01:39:10,mlx5_3,0.000,0.000,106.652,146.995
2025-11-23 01:39:10,mlx5_4,0.000,0.000,110.516,165.964
2025-11-23 01:39:10,mlx5_5,0.000,0.000,105.468,140.829
2025-11-23 01:39:10,mlx5_6,0.000,0.000,109.314,160.835
2025-11-23 01:39:10,mlx5_7,0.000,0.000,0.000,0.000
2025-11-23 01:39:10,mlx5_8,0.000,0.000,107.256,151.449
2025-11-23 01:39:10,mlx5_9,0.000,0.000,111.475,171.026
2025-11-23 01:39:10,TOTAL,0.000,0.000,864.249,1229.654
2025-11-23 01:39:11,mlx5_0,0.000,0.000,0.000,0.000
2025-11-23 01:39:11,mlx5_1,0.000,0.000,105.478,136.588
2025-11-23 01:39:11,mlx5_2,0.000,0.000,108.089,155.969
2025-11-23 01:39:11,mlx5_3,0.000,0.000,106.652,146.995
2025-11-23 01:39:11,mlx5_4,0.000,0.000,110.516,165.964
2025-11-23 01:39:11,mlx5_5,0.000,0.000,105.468,140.829
2025-11-23 01:39:11,mlx5_6,0.000,0.000,109.314,160.835
2025-11-23 01:39:11,mlx5_7,0.000,0.000,0.000,0.000
2025-11-23 01:39:11,mlx5_8,0.000,0.000,107.256,151.449
2025-11-23 01:39:11,mlx5_9,0.000,0.000,111.475,171.026
2025-11-23 01:39:11,TOTAL,0.000,0.000,864.249,1229.654
2025-11-23 01:39:12,mlx5_0,0.000,0.000,0.000,0.000
2025-11-23 01:39:12,mlx5_1,0.000,0.000,105.478,136.588
2025-11-23 01:39:12,mlx5_2,0.000,0.000,108.089,155.969
2025-11-23 01:39:12,mlx5_3,0.000,0.000,106.652,146.995
2025-11-23 01:39:12,mlx5_4,0.000,0.000,110.516,165.964
2025-11-23 01:39:12,mlx5_5,0.000,0.000,105.468,140.829
2025-11-23 01:39:12,mlx5_6,0.000,0.000,109.314,160.835
2025-11-23 01:39:12,mlx5_7,0.000,0.000,0.000,0.000
2025-11-23 01:39:12,mlx5_8,0.000,0.000,107.256,151.449
2025-11-23 01:39:12,mlx5_9,0.000,0.000,111.475,171.026
2025-11-23 01:39:12,TOTAL,0.000,0.000,864.249,1229.654
2025-11-23 01:39:13,mlx5_0,0.000,0.000,0.000,0.000
2025-11-23 01:39:13,mlx5_1,0.000,0.000,105.478,136.588
2025-11-23 01:39:13,mlx5_2,0.000,0.000,108.089,155.969
2025-11-23 01:39:13,mlx5_3,0.000,0.000,106.652,146.995
2025-11-23 01:39:13,mlx5_4,0.000,0.000,110.516,165.964
2025-11-23 01:39:13,mlx5_5,0.000,0.000,105.468,140.829
2025-11-23 01:39:13,mlx5_6,0.000,0.000,109.314,160.835
2025-11-23 01:39:13,mlx5_7,0.000,0.000,0.000,0.000
2025-11-23 01:39:13,mlx5_8,0.000,0.000,107.256,151.449
2025-11-23 01:39:13,mlx5_9,0.000,0.000,111.475,171.026
2025-11-23 01:39:13,TOTAL,0.000,0.000,864.249,1229.654
2025-11-23 01:39:14,mlx5_0,0.000,0.000,0.000,0.000
2025-11-23 01:39:14,mlx5_1,4.588,24.590,106.054,139.677
2025-11-23 01:39:14,mlx5_2,4.662,28.518,108.675,159.551
2025-11-23 01:39:14,mlx5_3,4.670,27.212,107.239,150.413
2025-11-23 01:39:14,mlx5_4,4.880,30.786,111.129,169.831
2025-11-23 01:39:14,mlx5_5,4.691,26.191,106.057,144.118
2025-11-23 01:39:14,mlx5_6,4.750,29.377,109.911,164.526
2025-11-23 01:39:14,mlx5_7,0.000,0.000,0.000,0.000
2025-11-23 01:39:14,mlx5_8,4.693,28.218,107.846,154.993
2025-11-23 01:39:14,mlx5_9,4.730,31.647,112.069,175.002
2025-11-23 01:39:14,TOTAL,37.665,226.539,868.980,1258.110
2025-11-23 01:39:15,mlx5_0,0.000,0.000,0.000,0.000
2025-11-23 01:39:15,mlx5_1,0.000,0.000,106.054,139.677
2025-11-23 01:39:15,mlx5_2,0.000,0.000,108.675,159.551
2025-11-23 01:39:15,mlx5_3,0.000,0.000,107.239,150.413
2025-11-23 01:39:15,mlx5_4,0.000,0.000,111.129,169.831
2025-11-23 01:39:15,mlx5_5,0.000,0.000,106.057,144.118
2025-11-23 01:39:15,mlx5_6,0.000,0.000,109.911,164.526
2025-11-23 01:39:15,mlx5_7,0.000,0.000,0.000,0.000
2025-11-23 01:39:15,mlx5_8,0.000,0.000,107.846,154.993
2025-11-23 01:39:15,mlx5_9,0.000,0.000,112.069,175.002
2025-11-23 01:39:15,TOTAL,0.000,0.000,868.980,1258.110
2025-11-23 01:39:16,mlx5_0,0.000,0.000,0.000,0.000
2025-11-23 01:39:16,mlx5_1,0.000,0.000,106.054,139.677
2025-11-23 01:39:16,mlx5_2,0.000,0.000,108.675,159.551
2025-11-23 01:39:16,mlx5_3,0.000,0.000,107.239,150.413
2025-11-23 01:39:16,mlx5_4,0.000,0.000,111.129,169.831
2025-11-23 01:39:16,mlx5_5,0.000,0.000,106.057,144.118
2025-11-23 01:39:16,mlx5_6,0.000,0.000,109.911,164.526
2025-11-23 01:39:16,mlx5_7,0.000,0.000,0.000,0.000
2025-11-23 01:39:16,mlx5_8,0.000,0.000,107.846,154.993
2025-11-23 01:39:16,mlx5_9,0.000,0.000,112.069,175.002
2025-11-23 01:39:16,TOTAL,0.000,0.000,868.980,1258.110
2025-11-23 01:39:17,mlx5_0,0.000,0.000,0.000,0.000
2025-11-23 01:39:17,mlx5_1,0.000,0.000,106.054,139.677
2025-11-23 01:39:17,mlx5_2,0.000,0.000,108.675,159.551
2025-11-23 01:39:17,mlx5_3,0.000,0.000,107.239,150.413
2025-11-23 01:39:17,mlx5_4,0.000,0.000,111.129,169.831
2025-11-23 01:39:17,mlx5_5,0.000,0.000,106.057,144.118
2025-11-23 01:39:17,mlx5_6,0.000,0.000,109.911,164.526
2025-11-23 01:39:17,mlx5_7,0.000,0.000,0.000,0.000
2025-11-23 01:39:17,mlx5_8,0.000,0.000,107.846,154.993
2025-11-23 01:39:17,mlx5_9,0.000,0.000,112.069,175.002
2025-11-23 01:39:17,TOTAL,0.000,0.000,868.980,1258.110
2025-11-23 01:39:18,mlx5_0,0.000,0.000,0.000,0.000
2025-11-23 01:39:18,mlx5_1,4.668,0.006,106.641,139.677
2025-11-23 01:39:18,mlx5_2,4.796,0.006,109.277,159.552
2025-11-23 01:39:18,mlx5_3,4.573,0.006,107.813,150.414
2025-11-23 01:39:18,mlx5_4,4.813,0.006,111.734,169.831
2025-11-23 01:39:18,mlx5_5,4.717,0.006,106.650,144.119
2025-11-23 01:39:18,mlx5_6,4.642,0.006,110.494,164.526
2025-11-23 01:39:18,mlx5_7,0.000,0.000,0.000,0.000
2025-11-23 01:39:18,mlx5_8,4.798,0.006,108.449,154.994
2025-11-23 01:39:18,mlx5_9,4.941,0.006,112.690,175.002
2025-11-23 01:39:18,TOTAL,37.948,0.050,873.748,1258.117
2025-11-23 01:39:19,mlx5_0,0.000,0.000,0.000,0.000
2025-11-23 01:39:19,mlx5_1,0.000,0.000,106.641,139.677
2025-11-23 01:39:19,mlx5_2,0.000,0.000,109.277,159.552
2025-11-23 01:39:19,mlx5_3,0.000,0.000,107.813,150.414
2025-11-23 01:39:19,mlx5_4,0.000,0.000,111.734,169.831
2025-11-23 01:39:19,mlx5_5,0.000,0.000,106.650,144.119
2025-11-23 01:39:19,mlx5_6,0.000,0.000,110.494,164.526
2025-11-23 01:39:19,mlx5_7,0.000,0.000,0.000,0.000
2025-11-23 01:39:19,mlx5_8,0.000,0.000,108.449,154.994
2025-11-23 01:39:19,mlx5_9,0.000,0.000,112.690,175.002
2025-11-23 01:39:19,TOTAL,0.000,0.000,873.748,1258.117
2025-11-23 01:39:20,mlx5_0,0.000,0.000,0.000,0.000
2025-11-23 01:39:20,mlx5_1,0.000,0.000,106.641,139.677
2025-11-23 01:39:20,mlx5_2,0.000,0.000,109.277,159.552
2025-11-23 01:39:20,mlx5_3,0.000,0.000,107.813,150.414
2025-11-23 01:39:20,mlx5_4,0.000,0.000,111.734,169.831
2025-11-23 01:39:20,mlx5_5,0.000,0.000,106.650,144.119
2025-11-23 01:39:20,mlx5_6,0.000,0.000,110.494,164.526
2025-11-23 01:39:20,mlx5_7,0.000,0.000,0.000,0.000
2025-11-23 01:39:20,mlx5_8,0.000,0.000,108.449,154.994
2025-11-23 01:39:20,mlx5_9,0.000,0.000,112.690,175.002
2025-11-23 01:39:20,TOTAL,0.000,0.000,873.748,1258.117
2025-11-23 01:39:21,mlx5_0,0.000,0.000,0.000,0.000
2025-11-23 01:39:21,mlx5_1,4.585,0.006,107.217,139.678
2025-11-23 01:39:21,mlx5_2,4.622,0.006,109.858,159.553
2025-11-23 01:39:21,mlx5_3,4.589,0.006,108.390,150.414
2025-11-23 01:39:21,mlx5_4,4.788,0.006,112.336,169.832
2025-11-23 01:39:21,mlx5_5,4.598,0.006,107.227,144.120
2025-11-23 01:39:21,mlx5_6,4.573,0.006,111.069,164.527
2025-11-23 01:39:21,mlx5_7,0.000,0.000,0.000,0.000
2025-11-23 01:39:21,mlx5_8,4.584,0.006,109.025,154.995
2025-11-23 01:39:21,mlx5_9,4.875,0.006,113.302,175.003
2025-11-23 01:39:21,TOTAL,37.214,0.048,878.424,1258.123
2025-11-23 01:39:22,mlx5_0,0.000,0.000,0.000,0.000
2025-11-23 01:39:22,mlx5_1,0.000,0.000,107.217,139.678
2025-11-23 01:39:22,mlx5_2,0.000,0.000,109.858,159.553
2025-11-23 01:39:22,mlx5_3,0.000,0.000,108.390,150.414
2025-11-23 01:39:22,mlx5_4,0.000,0.000,112.336,169.832
2025-11-23 01:39:22,mlx5_5,0.000,0.000,107.227,144.120
2025-11-23 01:39:22,mlx5_6,0.000,0.000,111.069,164.527
2025-11-23 01:39:22,mlx5_7,0.000,0.000,0.000,0.000
2025-11-23 01:39:22,mlx5_8,0.000,0.000,109.025,154.995
2025-11-23 01:39:22,mlx5_9,0.000,0.000,113.302,175.003
2025-11-23 01:39:22,TOTAL,0.000,0.000,878.424,1258.123
2025-11-23 01:39:23,mlx5_0,0.000,0.000,0.000,0.000
2025-11-23 01:39:23,mlx5_1,0.000,0.000,107.217,139.678
2025-11-23 01:39:23,mlx5_2,0.000,0.000,109.858,159.553
2025-11-23 01:39:23,mlx5_3,0.000,0.000,108.390,150.414
2025-11-23 01:39:23,mlx5_4,0.000,0.000,112.336,169.832
2025-11-23 01:39:23,mlx5_5,0.000,0.000,107.227,144.120
2025-11-23 01:39:23,mlx5_6,0.000,0.000,111.069,164.527
2025-11-23 01:39:23,mlx5_7,0.000,0.000,0.000,0.000
2025-11-23 01:39:23,mlx5_8,0.000,0.000,109.025,154.995
2025-11-23 01:39:23,mlx5_9,0.000,0.000,113.302,175.003
2025-11-23 01:39:23,TOTAL,0.000,0.000,878.424,1258.123
2025-11-23 01:39:24,mlx5_0,0.000,0.000,0.000,0.000
2025-11-23 01:39:24,mlx5_1,0.000,0.000,107.217,139.678
2025-11-23 01:39:24,mlx5_2,0.000,0.000,109.858,159.553
2025-11-23 01:39:24,mlx5_3,0.000,0.000,108.390,150.414
2025-11-23 01:39:24,mlx5_4,0.000,0.000,112.336,169.832
2025-11-23 01:39:24,mlx5_5,0.000,0.000,107.227,144.120
2025-11-23 01:39:24,mlx5_6,0.000,0.000,111.069,164.527
2025-11-23 01:39:24,mlx5_7,0.000,0.000,0.000,0.000
2025-11-23 01:39:24,mlx5_8,0.000,0.000,109.025,154.995
2025-11-23 01:39:24,mlx5_9,0.000,0.000,113.302,175.003
2025-11-23 01:39:24,TOTAL,0.000,0.000,878.424,1258.123
2025-11-23 01:39:25,mlx5_0,0.000,0.000,0.000,0.000
2025-11-23 01:39:25,mlx5_1,4.576,0.006,107.792,139.679
2025-11-23 01:39:25,mlx5_2,4.555,0.006,110.430,159.554
2025-11-23 01:39:25,mlx5_3,4.668,0.006,108.976,150.415
2025-11-23 01:39:25,mlx5_4,4.670,0.006,112.922,169.833
2025-11-23 01:39:25,mlx5_5,4.590,0.006,107.804,144.121
2025-11-23 01:39:25,mlx5_6,4.753,0.006,111.666,164.528
2025-11-23 01:39:25,mlx5_7,0.000,0.000,0.000,0.000
2025-11-23 01:39:25,mlx5_8,4.682,0.006,109.613,154.995
2025-11-23 01:39:25,mlx5_9,4.733,0.006,113.897,175.004
2025-11-23 01:39:25,TOTAL,37.227,0.049,883.100,1258.129
2025-11-23 01:39:26,mlx5_0,0.000,0.000,0.000,0.000
2025-11-23 01:39:26,mlx5_1,0.000,0.000,107.792,139.679
2025-11-23 01:39:26,mlx5_2,0.000,0.000,110.430,159.554
2025-11-23 01:39:26,mlx5_3,0.000,0.000,108.976,150.415
2025-11-23 01:39:26,mlx5_4,0.000,0.000,112.922,169.833
2025-11-23 01:39:26,mlx5_5,0.000,0.000,107.804,144.121
2025-11-23 01:39:26,mlx5_6,0.000,0.000,111.666,164.528
2025-11-23 01:39:26,mlx5_7,0.000,0.000,0.000,0.000
2025-11-23 01:39:26,mlx5_8,0.000,0.000,109.613,154.995
2025-11-23 01:39:26,mlx5_9,0.000,0.000,113.897,175.004
2025-11-23 01:39:26,TOTAL,0.000,0.000,883.100,1258.129
2025-11-23 01:39:27,mlx5_0,0.000,0.000,0.000,0.000
2025-11-23 01:39:27,mlx5_1,0.000,0.000,107.792,139.679
2025-11-23 01:39:27,mlx5_2,0.000,0.000,110.430,159.554
2025-11-23 01:39:27,mlx5_3,0.000,0.000,108.976,150.415
2025-11-23 01:39:27,mlx5_4,0.000,0.000,112.922,169.833
2025-11-23 01:39:27,mlx5_5,0.000,0.000,107.804,144.121
2025-11-23 01:39:27,mlx5_6,0.000,0.000,111.666,164.528
2025-11-23 01:39:27,mlx5_7,0.000,0.000,0.000,0.000
2025-11-23 01:39:27,mlx5_8,0.000,0.000,109.613,154.995
2025-11-23 01:39:27,mlx5_9,0.000,0.000,113.897,175.004
2025-11-23 01:39:27,TOTAL,0.000,0.000,883.100,1258.129
2025-11-23 01:39:28,mlx5_0,0.000,0.000,0.000,0.000
2025-11-23 01:39:28,mlx5_1,0.000,0.000,107.792,139.679
2025-11-23 01:39:28,mlx5_2,0.000,0.000,110.430,159.554
2025-11-23 01:39:28,mlx5_3,0.000,0.000,108.976,150.415
2025-11-23 01:39:28,mlx5_4,0.000,0.000,112.922,169.833
2025-11-23 01:39:28,mlx5_5,0.000,0.000,107.804,144.121
2025-11-23 01:39:28,mlx5_6,0.000,0.000,111.666,164.528
2025-11-23 01:39:28,mlx5_7,0.000,0.000,0.000,0.000
2025-11-23 01:39:28,mlx5_8,0.000,0.000,109.613,154.995
2025-11-23 01:39:28,mlx5_9,0.000,0.000,113.897,175.004
2025-11-23 01:39:28,TOTAL,0.000,0.000,883.100,1258.129
2025-11-23 01:39:29,mlx5_0,0.000,0.000,0.000,0.000
2025-11-23 01:39:29,mlx5_1,4.649,0.006,108.376,139.680
2025-11-23 01:39:29,mlx5_2,4.752,0.006,111.027,159.555
2025-11-23 01:39:29,mlx5_3,4.616,0.006,109.556,150.416
2025-11-23 01:39:29,mlx5_4,4.625,0.006,113.503,169.834
2025-11-23 01:39:29,mlx5_5,4.413,0.006,108.358,144.121
2025-11-23 01:39:29,mlx5_6,4.652,0.006,112.250,164.529
2025-11-23 01:39:29,mlx5_7,0.000,0.000,0.000,0.000
2025-11-23 01:39:29,mlx5_8,4.719,0.006,110.205,154.996
2025-11-23 01:39:29,mlx5_9,4.800,0.006,114.500,175.005
2025-11-23 01:39:29,TOTAL,37.227,0.048,887.776,1258.135
2025-11-23 01:39:30,mlx5_0,0.000,0.000,0.000,0.000
2025-11-23 01:39:30,mlx5_1,0.000,0.000,108.376,139.680
2025-11-23 01:39:30,mlx5_2,0.000,0.000,111.027,159.555
2025-11-23 01:39:30,mlx5_3,0.000,0.000,109.556,150.416
2025-11-23 01:39:30,mlx5_4,0.000,0.000,113.503,169.834
2025-11-23 01:39:30,mlx5_5,0.000,0.000,108.358,144.121
2025-11-23 01:39:30,mlx5_6,0.000,0.000,112.250,164.529
2025-11-23 01:39:30,mlx5_7,0.000,0.000,0.000,0.000
2025-11-23 01:39:30,mlx5_8,0.000,0.000,110.205,154.996
2025-11-23 01:39:30,mlx5_9,0.000,0.000,114.500,175.005
2025-11-23 01:39:30,TOTAL,0.000,0.000,887.776,1258.135
2025-11-23 01:39:31,mlx5_0,0.000,0.000,0.000,0.000
2025-11-23 01:39:31,mlx5_1,0.000,0.000,108.376,139.680
2025-11-23 01:39:31,mlx5_2,0.000,0.000,111.027,159.555
2025-11-23 01:39:31,mlx5_3,0.000,0.000,109.556,150.416
2025-11-23 01:39:31,mlx5_4,0.000,0.000,113.503,169.834
2025-11-23 01:39:31,mlx5_5,0.000,0.000,108.358,144.121
2025-11-23 01:39:31,mlx5_6,0.000,0.000,112.250,164.529
2025-11-23 01:39:31,mlx5_7,0.000,0.000,0.000,0.000
2025-11-23 01:39:31,mlx5_8,0.000,0.000,110.205,154.996
2025-11-23 01:39:31,mlx5_9,0.000,0.000,114.500,175.005
2025-11-23 01:39:31,TOTAL,0.000,0.000,887.776,1258.135
2025-11-23 01:39:32,mlx5_0,0.000,0.000,0.000,0.000
2025-11-23 01:39:32,mlx5_1,0.000,0.000,108.376,139.680
2025-11-23 01:39:32,mlx5_2,0.000,0.000,111.027,159.555
2025-11-23 01:39:32,mlx5_3,0.000,0.000,109.556,150.416
2025-11-23 01:39:32,mlx5_4,0.000,0.000,113.503,169.834
2025-11-23 01:39:32,mlx5_5,0.000,0.000,108.358,144.121
2025-11-23 01:39:32,mlx5_6,0.000,0.000,112.250,164.529
2025-11-23 01:39:32,mlx5_7,0.000,0.000,0.000,0.000
2025-11-23 01:39:32,mlx5_8,0.000,0.000,110.205,154.996
2025-11-23 01:39:32,mlx5_9,0.000,0.000,114.500,175.005
2025-11-23 01:39:32,TOTAL,0.000,0.000,887.776,1258.135
2025-11-23 01:39:33,mlx5_0,0.000,0.000,0.000,0.000
2025-11-23 01:39:33,mlx5_1,4.452,0.006,108.935,139.680
2025-11-23 01:39:33,mlx5_2,4.641,0.006,111.610,159.555
2025-11-23 01:39:33,mlx5_3,4.671,0.006,110.143,150.417
2025-11-23 01:39:33,mlx5_4,4.831,0.006,114.110,169.835
2025-11-23 01:39:33,mlx5_5,4.477,0.006,108.921,144.122
2025-11-23 01:39:33,mlx5_6,4.734,0.006,112.845,164.529
2025-11-23 01:39:33,mlx5_7,0.000,0.000,0.000,0.000
2025-11-23 01:39:33,mlx5_8,4.623,0.006,110.786,154.997
2025-11-23 01:39:33,mlx5_9,4.795,0.006,115.102,175.006
2025-11-23 01:39:33,TOTAL,37.225,0.048,892.451,1258.141
2025-11-23 01:39:34,mlx5_0,0.000,0.000,0.000,0.000
2025-11-23 01:39:34,mlx5_1,0.000,0.000,108.935,139.680
2025-11-23 01:39:34,mlx5_2,0.000,0.000,111.610,159.555
2025-11-23 01:39:34,mlx5_3,0.000,0.000,110.143,150.417
2025-11-23 01:39:34,mlx5_4,0.000,0.000,114.110,169.835
2025-11-23 01:39:34,mlx5_5,0.000,0.000,108.921,144.122
2025-11-23 01:39:34,mlx5_6,0.000,0.000,112.845,164.529
2025-11-23 01:39:34,mlx5_7,0.000,0.000,0.000,0.000
2025-11-23 01:39:34,mlx5_8,0.000,0.000,110.786,154.997
2025-11-23 01:39:34,mlx5_9,0.000,0.000,115.102,175.006
2025-11-23 01:39:34,TOTAL,0.000,0.000,892.451,1258.141
2025-11-23 01:39:35,mlx5_0,0.000,0.000,0.000,0.000
2025-11-23 01:39:35,mlx5_1,0.000,0.000,108.935,139.680
2025-11-23 01:39:35,mlx5_2,0.000,0.000,111.610,159.555
2025-11-23 01:39:35,mlx5_3,0.000,0.000,110.143,150.417
2025-11-23 01:39:35,mlx5_4,0.000,0.000,114.110,169.835
2025-11-23 01:39:35,mlx5_5,0.000,0.000,108.921,144.122
2025-11-23 01:39:35,mlx5_6,0.000,0.000,112.845,164.529
2025-11-23 01:39:35,mlx5_7,0.000,0.000,0.000,0.000
2025-11-23 01:39:35,mlx5_8,0.000,0.000,110.786,154.997
2025-11-23 01:39:35,mlx5_9,0.000,0.000,115.102,175.006
2025-11-23 01:39:35,TOTAL,0.000,0.000,892.451,1258.141
2025-11-23 01:39:36,mlx5_0,0.000,0.000,0.000,0.000
2025-11-23 01:39:36,mlx5_1,0.000,0.000,108.935,139.680
2025-11-23 01:39:36,mlx5_2,0.000,0.000,111.610,159.555
2025-11-23 01:39:36,mlx5_3,0.000,0.000,110.143,150.417
2025-11-23 01:39:36,mlx5_4,0.000,0.000,114.110,169.835
2025-11-23 01:39:36,mlx5_5,0.000,0.000,108.921,144.122
2025-11-23 01:39:36,mlx5_6,0.000,0.000,112.845,164.529
2025-11-23 01:39:36,mlx5_7,0.000,0.000,0.000,0.000
2025-11-23 01:39:36,mlx5_8,0.000,0.000,110.786,154.997
2025-11-23 01:39:36,mlx5_9,0.000,0.000,115.102,175.006
2025-11-23 01:39:36,TOTAL,0.000,0.000,892.451,1258.141
2025-11-23 01:39:37,mlx5_0,0.000,0.000,0.000,0.000
2025-11-23 01:39:37,mlx5_1,0.000,0.000,108.935,139.680
2025-11-23 01:39:37,mlx5_2,0.000,0.000,111.610,159.555
2025-11-23 01:39:37,mlx5_3,0.000,0.000,110.143,150.417
2025-11-23 01:39:37,mlx5_4,0.000,0.000,114.110,169.835
2025-11-23 01:39:37,mlx5_5,0.000,0.000,108.921,144.122
2025-11-23 01:39:37,mlx5_6,0.000,0.000,112.845,164.529
2025-11-23 01:39:37,mlx5_7,0.000,0.000,0.000,0.000
2025-11-23 01:39:37,mlx5_8,0.000,0.000,110.786,154.997
2025-11-23 01:39:37,mlx5_9,0.000,0.000,115.102,175.006
2025-11-23 01:39:37,TOTAL,0.000,0.000,892.452,1258.141
2025-11-23 01:39:38,mlx5_0,0.000,0.000,0.000,0.000
2025-11-23 01:39:38,mlx5_1,4.731,25.207,109.529,142.847
2025-11-23 01:39:38,mlx5_2,4.732,28.604,112.205,163.149
2025-11-23 01:39:38,mlx5_3,4.672,27.325,110.730,153.849
2025-11-23 01:39:38,mlx5_4,4.798,30.970,114.713,173.725
2025-11-23 01:39:38,mlx5_5,4.436,25.624,109.478,147.341
2025-11-23 01:39:38,mlx5_6,4.795,29.247,113.447,168.203
2025-11-23 01:39:38,mlx5_7,0.000,0.000,0.000,0.000
2025-11-23 01:39:38,mlx5_8,4.530,28.012,111.355,158.516
2025-11-23 01:39:38,mlx5_9,4.952,31.531,115.724,178.967
2025-11-23 01:39:38,TOTAL,37.647,226.521,897.181,1286.598
2025-11-23 01:39:39,mlx5_0,0.000,0.000,0.000,0.000
2025-11-23 01:39:39,mlx5_1,0.000,0.000,109.529,142.847
2025-11-23 01:39:39,mlx5_2,0.000,0.000,112.205,163.149
2025-11-23 01:39:39,mlx5_3,0.000,0.000,110.730,153.849
2025-11-23 01:39:39,mlx5_4,0.000,0.000,114.713,173.725
2025-11-23 01:39:39,mlx5_5,0.000,0.000,109.478,147.341
2025-11-23 01:39:39,mlx5_6,0.000,0.000,113.447,168.203
2025-11-23 01:39:39,mlx5_7,0.000,0.000,0.000,0.000
2025-11-23 01:39:39,mlx5_8,0.000,0.000,111.355,158.516
2025-11-23 01:39:39,mlx5_9,0.000,0.000,115.724,178.967
2025-11-23 01:39:39,TOTAL,0.000,0.000,897.181,1286.598
2025-11-23 01:39:40,mlx5_0,0.000,0.000,0.000,0.000
2025-11-23 01:39:40,mlx5_1,0.000,0.000,109.529,142.847
2025-11-23 01:39:40,mlx5_2,0.000,0.000,112.205,163.149
2025-11-23 01:39:40,mlx5_3,0.000,0.000,110.730,153.849
2025-11-23 01:39:40,mlx5_4,0.000,0.000,114.713,173.725
2025-11-23 01:39:40,mlx5_5,0.000,0.000,109.478,147.341
2025-11-23 01:39:40,mlx5_6,0.000,0.000,113.447,168.203
2025-11-23 01:39:40,mlx5_7,0.000,0.000,0.000,0.000
2025-11-23 01:39:40,mlx5_8,0.000,0.000,111.355,158.516
2025-11-23 01:39:40,mlx5_9,0.000,0.000,115.724,178.967
2025-11-23 01:39:40,TOTAL,0.000,0.000,897.181,1286.598
2025-11-23 01:39:41,mlx5_0,0.000,0.000,0.000,0.000
2025-11-23 01:39:41,mlx5_1,0.000,0.000,109.529,142.847
2025-11-23 01:39:41,mlx5_2,0.000,0.000,112.205,163.149
2025-11-23 01:39:41,mlx5_3,0.000,0.000,110.730,153.849
2025-11-23 01:39:41,mlx5_4,0.000,0.000,114.713,173.725
2025-11-23 01:39:41,mlx5_5,0.000,0.000,109.478,147.341
2025-11-23 01:39:41,mlx5_6,0.000,0.000,113.447,168.203
2025-11-23 01:39:41,mlx5_7,0.000,0.000,0.000,0.000
2025-11-23 01:39:41,mlx5_8,0.000,0.000,111.355,158.516
2025-11-23 01:39:41,mlx5_9,0.000,0.000,115.724,178.967
2025-11-23 01:39:41,TOTAL,0.000,0.000,897.181,1286.598
2025-11-23 01:39:42,mlx5_0,0.000,0.000,0.000,0.000
2025-11-23 01:39:42,mlx5_1,4.231,0.006,110.061,142.848
2025-11-23 01:39:42,mlx5_2,4.475,0.006,112.767,163.149
2025-11-23 01:39:42,mlx5_3,4.446,0.006,111.288,153.850
2025-11-23 01:39:42,mlx5_4,4.501,0.006,115.278,173.726
2025-11-23 01:39:42,mlx5_5,4.292,0.006,110.017,147.342
2025-11-23 01:39:42,mlx5_6,4.523,0.006,114.016,168.204
2025-11-23 01:39:42,mlx5_7,0.000,0.000,0.000,0.000
2025-11-23 01:39:42,mlx5_8,4.500,0.006,111.921,158.517
2025-11-23 01:39:42,mlx5_9,4.650,0.006,116.308,178.968
2025-11-23 01:39:42,TOTAL,35.619,0.046,901.656,1286.604
2025-11-23 01:39:43,mlx5_0,0.000,0.000,0.000,0.000
2025-11-23 01:39:43,mlx5_1,0.000,0.000,110.061,142.848
2025-11-23 01:39:43,mlx5_2,0.000,0.000,112.767,163.149
2025-11-23 01:39:43,mlx5_3,0.000,0.000,111.288,153.850
2025-11-23 01:39:43,mlx5_4,0.000,0.000,115.278,173.726
2025-11-23 01:39:43,mlx5_5,0.000,0.000,110.017,147.342
2025-11-23 01:39:43,mlx5_6,0.000,0.000,114.016,168.204
2025-11-23 01:39:43,mlx5_7,0.000,0.000,0.000,0.000
2025-11-23 01:39:43,mlx5_8,0.000,0.000,111.921,158.517
2025-11-23 01:39:43,mlx5_9,0.000,0.000,116.308,178.968
2025-11-23 01:39:43,TOTAL,0.000,0.000,901.656,1286.604
2025-11-23 01:39:44,mlx5_0,0.000,0.000,0.000,0.000
2025-11-23 01:39:44,mlx5_1,0.000,0.000,110.061,142.848
2025-11-23 01:39:44,mlx5_2,0.000,0.000,112.767,163.149
2025-11-23 01:39:44,mlx5_3,0.000,0.000,111.288,153.850
2025-11-23 01:39:44,mlx5_4,0.000,0.000,115.278,173.726
2025-11-23 01:39:44,mlx5_5,0.000,0.000,110.017,147.342
2025-11-23 01:39:44,mlx5_6,0.000,0.000,114.016,168.204
2025-11-23 01:39:44,mlx5_7,0.000,0.000,0.000,0.000
2025-11-23 01:39:44,mlx5_8,0.000,0.000,111.921,158.517
2025-11-23 01:39:44,mlx5_9,0.000,0.000,116.308,178.968
2025-11-23 01:39:44,TOTAL,0.000,0.000,901.656,1286.604
2025-11-23 01:39:45,mlx5_0,0.000,0.000,0.000,0.000
2025-11-23 01:39:45,mlx5_1,0.154,0.000,110.080,142.848
2025-11-23 01:39:45,mlx5_2,0.128,0.000,112.783,163.150
2025-11-23 01:39:45,mlx5_3,0.137,0.000,111.306,153.850
2025-11-23 01:39:45,mlx5_4,0.137,0.000,115.296,173.726
2025-11-23 01:39:45,mlx5_5,0.183,0.000,110.040,147.342
2025-11-23 01:39:45,mlx5_6,0.094,0.000,114.027,168.204
2025-11-23 01:39:45,mlx5_7,0.000,0.000,0.000,0.000
2025-11-23 01:39:45,mlx5_8,0.183,0.000,111.943,158.517
2025-11-23 01:39:45,mlx5_9,0.129,0.000,116.324,178.968
2025-11-23 01:39:45,TOTAL,1.145,0.001,901.800,1286.604
2025-11-23 01:39:46,mlx5_0,0.000,0.000,0.000,0.000
2025-11-23 01:39:46,mlx5_1,4.427,0.006,110.637,142.848
2025-11-23 01:39:46,mlx5_2,4.457,0.006,113.343,163.150
2025-11-23 01:39:46,mlx5_3,4.412,0.006,111.860,153.851
2025-11-23 01:39:46,mlx5_4,4.670,0.006,115.883,173.727
2025-11-23 01:39:46,mlx5_5,4.263,0.006,110.576,147.343
2025-11-23 01:39:46,mlx5_6,4.630,0.006,114.609,168.205
2025-11-23 01:39:46,mlx5_7,0.000,0.000,0.000,0.000
2025-11-23 01:39:46,mlx5_8,4.446,0.006,112.502,158.518
2025-11-23 01:39:46,mlx5_9,4.753,0.006,116.922,178.968
2025-11-23 01:39:46,TOTAL,36.059,0.047,906.332,1286.610
2025-11-23 01:39:47,mlx5_0,0.000,0.000,0.000,0.000
2025-11-23 01:39:47,mlx5_1,0.000,0.000,110.637,142.848
2025-11-23 01:39:47,mlx5_2,0.000,0.000,113.343,163.150
2025-11-23 01:39:47,mlx5_3,0.000,0.000,111.860,153.851
2025-11-23 01:39:47,mlx5_4,0.000,0.000,115.883,173.727
2025-11-23 01:39:47,mlx5_5,0.000,0.000,110.576,147.343
2025-11-23 01:39:47,mlx5_6,0.000,0.000,114.609,168.205
2025-11-23 01:39:47,mlx5_7,0.000,0.000,0.000,0.000
2025-11-23 01:39:47,mlx5_8,0.000,0.000,112.502,158.518
2025-11-23 01:39:47,mlx5_9,0.000,0.000,116.922,178.968
2025-11-23 01:39:47,TOTAL,0.000,0.000,906.332,1286.610
2025-11-23 01:39:48,mlx5_0,0.000,0.000,0.000,0.000
2025-11-23 01:39:48,mlx5_1,0.000,0.000,110.637,142.848
2025-11-23 01:39:48,mlx5_2,0.000,0.000,113.343,163.150
2025-11-23 01:39:48,mlx5_3,0.000,0.000,111.860,153.851
2025-11-23 01:39:48,mlx5_4,0.000,0.000,115.883,173.727
2025-11-23 01:39:48,mlx5_5,0.000,0.000,110.576,147.343
2025-11-23 01:39:48,mlx5_6,0.000,0.000,114.609,168.205
2025-11-23 01:39:48,mlx5_7,0.000,0.000,0.000,0.000
2025-11-23 01:39:48,mlx5_8,0.000,0.000,112.502,158.518
2025-11-23 01:39:48,mlx5_9,0.000,0.000,116.922,178.968
2025-11-23 01:39:48,TOTAL,0.000,0.000,906.332,1286.610
2025-11-23 01:39:49,mlx5_0,0.000,0.000,0.000,0.000
2025-11-23 01:39:49,mlx5_1,4.512,0.006,111.203,142.849
2025-11-23 01:39:49,mlx5_2,4.712,0.006,113.935,163.151
2025-11-23 01:39:49,mlx5_3,4.645,0.006,112.444,153.852
2025-11-23 01:39:49,mlx5_4,4.746,0.006,116.479,173.727
2025-11-23 01:39:49,mlx5_5,4.609,0.006,111.155,147.343
2025-11-23 01:39:49,mlx5_6,4.707,0.006,115.200,168.206
2025-11-23 01:39:49,mlx5_7,0.000,0.000,0.000,0.000
2025-11-23 01:39:49,mlx5_8,4.602,0.006,113.080,158.518
2025-11-23 01:39:49,mlx5_9,4.692,0.006,117.511,178.969
2025-11-23 01:39:49,TOTAL,37.225,0.049,911.008,1286.616
2025-11-23 01:39:50,mlx5_0,0.000,0.000,0.000,0.000
2025-11-23 01:39:50,mlx5_1,0.000,0.000,111.203,142.849
2025-11-23 01:39:50,mlx5_2,0.000,0.000,113.935,163.151
2025-11-23 01:39:50,mlx5_3,0.000,0.000,112.444,153.852
2025-11-23 01:39:50,mlx5_4,0.000,0.000,116.479,173.727
2025-11-23 01:39:50,mlx5_5,0.000,0.000,111.155,147.343
2025-11-23 01:39:50,mlx5_6,0.000,0.000,115.200,168.206
2025-11-23 01:39:50,mlx5_7,0.000,0.000,0.000,0.000
2025-11-23 01:39:50,mlx5_8,0.000,0.000,113.080,158.518
2025-11-23 01:39:50,mlx5_9,0.000,0.000,117.511,178.969
2025-11-23 01:39:50,TOTAL,0.000,0.000,911.008,1286.616
2025-11-23 01:39:51,mlx5_0,0.000,0.000,0.000,0.000
2025-11-23 01:39:51,mlx5_1,0.000,0.000,111.203,142.849
2025-11-23 01:39:51,mlx5_2,0.000,0.000,113.935,163.151
2025-11-23 01:39:51,mlx5_3,0.000,0.000,112.444,153.852
2025-11-23 01:39:51,mlx5_4,0.000,0.000,116.479,173.727
2025-11-23 01:39:51,mlx5_5,0.000,0.000,111.155,147.343
2025-11-23 01:39:51,mlx5_6,0.000,0.000,115.200,168.206
2025-11-23 01:39:51,mlx5_7,0.000,0.000,0.000,0.000
2025-11-23 01:39:51,mlx5_8,0.000,0.000,113.080,158.518
2025-11-23 01:39:51,mlx5_9,0.000,0.000,117.511,178.969
2025-11-23 01:39:51,TOTAL,0.000,0.000,911.008,1286.616
2025-11-23 01:39:52,mlx5_0,0.000,0.000,0.000,0.000
2025-11-23 01:39:52,mlx5_1,0.000,0.000,111.203,142.849
2025-11-23 01:39:52,mlx5_2,0.000,0.000,113.935,163.151
2025-11-23 01:39:52,mlx5_3,0.000,0.000,112.444,153.852
2025-11-23 01:39:52,mlx5_4,0.000,0.000,116.479,173.727
2025-11-23 01:39:52,mlx5_5,0.000,0.000,111.155,147.343
2025-11-23 01:39:52,mlx5_6,0.000,0.000,115.200,168.206
2025-11-23 01:39:52,mlx5_7,0.000,0.000,0.000,0.000
2025-11-23 01:39:52,mlx5_8,0.000,0.000,113.080,158.518
2025-11-23 01:39:52,mlx5_9,0.000,0.000,117.511,178.969
2025-11-23 01:39:52,TOTAL,0.000,0.000,911.008,1286.616
2025-11-23 01:39:53,mlx5_0,0.000,0.000,0.000,0.000
2025-11-23 01:39:53,mlx5_1,4.608,0.006,111.782,142.850
2025-11-23 01:39:53,mlx5_2,4.644,0.006,114.518,163.152
2025-11-23 01:39:53,mlx5_3,4.733,0.006,113.038,153.852
2025-11-23 01:39:53,mlx5_4,4.603,0.006,117.057,173.728
2025-11-23 01:39:53,mlx5_5,4.536,0.006,111.725,147.344
2025-11-23 01:39:53,mlx5_6,4.690,0.006,115.789,168.206
2025-11-23 01:39:53,mlx5_7,0.000,0.000,0.000,0.000
2025-11-23 01:39:53,mlx5_8,4.742,0.006,113.676,158.519
2025-11-23 01:39:53,mlx5_9,4.673,0.006,118.098,178.970
2025-11-23 01:39:53,TOTAL,37.229,0.048,915.684,1286.622
2025-11-23 01:39:54,mlx5_0,0.000,0.000,0.000,0.000
2025-11-23 01:39:54,mlx5_1,0.000,0.000,111.782,142.850
2025-11-23 01:39:54,mlx5_2,0.000,0.000,114.518,163.152
2025-11-23 01:39:54,mlx5_3,0.000,0.000,113.038,153.852
2025-11-23 01:39:54,mlx5_4,0.000,0.000,117.057,173.728
2025-11-23 01:39:54,mlx5_5,0.000,0.000,111.725,147.344
2025-11-23 01:39:54,mlx5_6,0.000,0.000,115.789,168.206
2025-11-23 01:39:54,mlx5_7,0.000,0.000,0.000,0.000
2025-11-23 01:39:54,mlx5_8,0.000,0.000,113.676,158.519
2025-11-23 01:39:54,mlx5_9,0.000,0.000,118.098,178.970
2025-11-23 01:39:54,TOTAL,0.000,0.000,915.684,1286.622
2025-11-23 01:39:55,mlx5_0,0.000,0.000,0.000,0.000
2025-11-23 01:39:55,mlx5_1,0.000,0.000,111.782,142.850
2025-11-23 01:39:55,mlx5_2,0.000,0.000,114.518,163.152
2025-11-23 01:39:55,mlx5_3,0.000,0.000,113.038,153.852
2025-11-23 01:39:55,mlx5_4,0.000,0.000,117.057,173.728
2025-11-23 01:39:55,mlx5_5,0.000,0.000,111.725,147.344
2025-11-23 01:39:55,mlx5_6,0.000,0.000,115.789,168.206
2025-11-23 01:39:55,mlx5_7,0.000,0.000,0.000,0.000
2025-11-23 01:39:55,mlx5_8,0.000,0.000,113.676,158.519
2025-11-23 01:39:55,mlx5_9,0.000,0.000,118.098,178.970
2025-11-23 01:39:55,TOTAL,0.000,0.000,915.684,1286.622
2025-11-23 01:39:56,mlx5_0,0.000,0.000,0.000,0.000
2025-11-23 01:39:56,mlx5_1,0.000,0.000,111.782,142.850
2025-11-23 01:39:56,mlx5_2,0.000,0.000,114.518,163.152
2025-11-23 01:39:56,mlx5_3,0.000,0.000,113.038,153.852
2025-11-23 01:39:56,mlx5_4,0.000,0.000,117.057,173.728
2025-11-23 01:39:56,mlx5_5,0.000,0.000,111.725,147.344
2025-11-23 01:39:56,mlx5_6,0.000,0.000,115.789,168.206
2025-11-23 01:39:56,mlx5_7,0.000,0.000,0.000,0.000
2025-11-23 01:39:56,mlx5_8,0.000,0.000,113.676,158.519
2025-11-23 01:39:56,mlx5_9,0.000,0.000,118.098,178.970
2025-11-23 01:39:56,TOTAL,0.000,0.000,915.684,1286.622
2025-11-23 01:39:57,mlx5_0,0.000,0.000,0.000,0.000
2025-11-23 01:39:57,mlx5_1,4.608,0.006,112.361,142.851
2025-11-23 01:39:57,mlx5_2,4.644,0.006,115.102,163.153
2025-11-23 01:39:57,mlx5_3,4.597,0.006,113.616,153.853
2025-11-23 01:39:57,mlx5_4,4.704,0.006,117.648,173.729
2025-11-23 01:39:57,mlx5_5,4.650,0.006,112.309,147.345
2025-11-23 01:39:57,mlx5_6,4.621,0.006,116.370,168.207
2025-11-23 01:39:57,mlx5_7,0.000,0.000,0.000,0.000
2025-11-23 01:39:57,mlx5_8,4.757,0.006,114.274,158.520
2025-11-23 01:39:57,mlx5_9,4.641,0.006,118.681,178.971
2025-11-23 01:39:57,TOTAL,37.222,0.048,920.360,1286.628
2025-11-23 01:39:58,mlx5_0,0.000,0.000,0.000,0.000
2025-11-23 01:39:58,mlx5_1,0.000,0.000,112.361,142.851
2025-11-23 01:39:58,mlx5_2,0.000,0.000,115.102,163.153
2025-11-23 01:39:58,mlx5_3,0.000,0.000,113.616,153.853
2025-11-23 01:39:58,mlx5_4,0.000,0.000,117.648,173.729
2025-11-23 01:39:58,mlx5_5,0.000,0.000,112.309,147.345
2025-11-23 01:39:58,mlx5_6,0.000,0.000,116.370,168.207
2025-11-23 01:39:58,mlx5_7,0.000,0.000,0.000,0.000
2025-11-23 01:39:58,mlx5_8,0.000,0.000,114.274,158.520
2025-11-23 01:39:58,mlx5_9,0.000,0.000,118.681,178.971
2025-11-23 01:39:58,TOTAL,0.000,0.000,920.360,1286.628
2025-11-23 01:39:59,mlx5_0,0.000,0.000,0.000,0.000
2025-11-23 01:39:59,mlx5_1,0.000,0.000,112.361,142.851
2025-11-23 01:39:59,mlx5_2,0.000,0.000,115.102,163.153
2025-11-23 01:39:59,mlx5_3,0.000,0.000,113.616,153.853
2025-11-23 01:39:59,mlx5_4,0.000,0.000,117.648,173.729
2025-11-23 01:39:59,mlx5_5,0.000,0.000,112.309,147.345
2025-11-23 01:39:59,mlx5_6,0.000,0.000,116.370,168.207
2025-11-23 01:39:59,mlx5_7,0.000,0.000,0.000,0.000
2025-11-23 01:39:59,mlx5_8,0.000,0.000,114.274,158.520
2025-11-23 01:39:59,mlx5_9,0.000,0.000,118.681,178.971
2025-11-23 01:39:59,TOTAL,0.000,0.000,920.360,1286.628
2025-11-23 01:40:00,mlx5_0,0.000,0.000,0.000,0.000
2025-11-23 01:40:00,mlx5_1,0.000,0.000,112.361,142.851
2025-11-23 01:40:00,mlx5_2,0.000,0.000,115.102,163.153
2025-11-23 01:40:00,mlx5_3,0.000,0.000,113.616,153.853
2025-11-23 01:40:00,mlx5_4,0.000,0.000,117.648,173.729
2025-11-23 01:40:00,mlx5_5,0.000,0.000,112.309,147.345
2025-11-23 01:40:00,mlx5_6,0.000,0.000,116.370,168.207
2025-11-23 01:40:00,mlx5_7,0.000,0.000,0.000,0.000
2025-11-23 01:40:00,mlx5_8,0.000,0.000,114.274,158.520
2025-11-23 01:40:00,mlx5_9,0.000,0.000,118.681,178.971
2025-11-23 01:40:00,TOTAL,0.000,0.000,920.360,1286.628
2025-11-23 01:40:01,mlx5_0,0.000,0.000,0.000,0.000
2025-11-23 01:40:01,mlx5_1,0.000,0.000,112.361,142.851
2025-11-23 01:40:01,mlx5_2,0.000,0.000,115.102,163.153
2025-11-23 01:40:01,mlx5_3,0.000,0.000,113.616,153.853
2025-11-23 01:40:01,mlx5_4,0.000,0.000,117.648,173.729
2025-11-23 01:40:01,mlx5_5,0.000,0.000,112.309,147.345
2025-11-23 01:40:01,mlx5_6,0.000,0.000,116.370,168.207
2025-11-23 01:40:01,mlx5_7,0.000,0.000,0.000,0.000
2025-11-23 01:40:01,mlx5_8,0.000,0.000,114.274,158.520
2025-11-23 01:40:01,mlx5_9,0.000,0.000,118.681,178.971
2025-11-23 01:40:01,TOTAL,0.000,0.000,920.360,1286.628
2025-11-23 01:40:02,mlx5_0,0.000,0.000,0.000,0.000
2025-11-23 01:40:02,mlx5_1,4.673,25.185,112.948,146.014
2025-11-23 01:40:02,mlx5_2,4.608,28.666,115.681,166.753
2025-11-23 01:40:02,mlx5_3,4.734,26.761,114.210,157.214
2025-11-23 01:40:02,mlx5_4,4.758,30.863,118.246,177.605
2025-11-23 01:40:02,mlx5_5,4.711,25.924,112.900,150.601
2025-11-23 01:40:02,mlx5_6,4.716,29.596,116.962,171.924
2025-11-23 01:40:02,mlx5_7,0.000,0.000,0.000,0.000
2025-11-23 01:40:02,mlx5_8,4.541,28.028,114.844,162.040
2025-11-23 01:40:02,mlx5_9,4.923,31.544,119.299,182.933
2025-11-23 01:40:02,TOTAL,37.664,226.568,925.090,1315.085
2025-11-23 01:40:03,mlx5_0,0.000,0.000,0.000,0.000
2025-11-23 01:40:03,mlx5_1,0.000,0.000,112.948,146.014
2025-11-23 01:40:03,mlx5_2,0.000,0.000,115.681,166.753
2025-11-23 01:40:03,mlx5_3,0.000,0.000,114.210,157.214
2025-11-23 01:40:03,mlx5_4,0.000,0.000,118.246,177.605
2025-11-23 01:40:03,mlx5_5,0.000,0.000,112.900,150.601
2025-11-23 01:40:03,mlx5_6,0.000,0.000,116.962,171.924
2025-11-23 01:40:03,mlx5_7,0.000,0.000,0.000,0.000
2025-11-23 01:40:03,mlx5_8,0.000,0.000,114.844,162.040
2025-11-23 01:40:03,mlx5_9,0.000,0.000,119.299,182.933
2025-11-23 01:40:03,TOTAL,0.000,0.000,925.090,1315.085
2025-11-23 01:40:04,mlx5_0,0.000,0.000,0.000,0.000
2025-11-23 01:40:04,mlx5_1,0.000,0.000,112.948,146.014
2025-11-23 01:40:04,mlx5_2,0.000,0.000,115.681,166.753
2025-11-23 01:40:04,mlx5_3,0.000,0.000,114.210,157.214
2025-11-23 01:40:04,mlx5_4,0.000,0.000,118.246,177.605
2025-11-23 01:40:04,mlx5_5,0.000,0.000,112.900,150.601
2025-11-23 01:40:04,mlx5_6,0.000,0.000,116.962,171.924
2025-11-23 01:40:04,mlx5_7,0.000,0.000,0.000,0.000
2025-11-23 01:40:04,mlx5_8,0.000,0.000,114.844,162.040
2025-11-23 01:40:04,mlx5_9,0.000,0.000,119.299,182.933
2025-11-23 01:40:04,TOTAL,0.000,0.000,925.090,1315.085
2025-11-23 01:40:05,mlx5_0,0.000,0.000,0.000,0.000
2025-11-23 01:40:05,mlx5_1,0.000,0.000,112.948,146.014
2025-11-23 01:40:05,mlx5_2,0.000,0.000,115.681,166.753
2025-11-23 01:40:05,mlx5_3,0.000,0.000,114.210,157.214
2025-11-23 01:40:05,mlx5_4,0.000,0.000,118.246,177.605
2025-11-23 01:40:05,mlx5_5,0.000,0.000,112.900,150.601
2025-11-23 01:40:05,mlx5_6,0.000,0.000,116.962,171.924
2025-11-23 01:40:05,mlx5_7,0.000,0.000,0.000,0.000
2025-11-23 01:40:05,mlx5_8,0.000,0.000,114.844,162.040
2025-11-23 01:40:05,mlx5_9,0.000,0.000,119.299,182.933
2025-11-23 01:40:05,TOTAL,0.000,0.000,925.090,1315.085
2025-11-23 01:40:06,mlx5_0,0.000,0.000,0.000,0.000
2025-11-23 01:40:06,mlx5_1,4.561,0.006,113.521,146.015
2025-11-23 01:40:06,mlx5_2,4.772,0.006,116.280,166.754
2025-11-23 01:40:06,mlx5_3,4.635,0.006,114.792,157.215
2025-11-23 01:40:06,mlx5_4,4.890,0.006,118.860,177.606
2025-11-23 01:40:06,mlx5_5,4.697,0.006,113.490,150.602
2025-11-23 01:40:06,mlx5_6,4.913,0.006,117.579,171.925
2025-11-23 01:40:06,mlx5_7,0.000,0.000,0.000,0.000
2025-11-23 01:40:06,mlx5_8,4.584,0.006,115.420,162.041
2025-11-23 01:40:06,mlx5_9,4.906,0.006,119.916,182.933
2025-11-23 01:40:06,TOTAL,37.960,0.050,929.858,1315.091
2025-11-23 01:40:07,mlx5_0,0.000,0.000,0.000,0.000
2025-11-23 01:40:07,mlx5_1,0.000,0.000,113.521,146.015
2025-11-23 01:40:07,mlx5_2,0.000,0.000,116.280,166.754
2025-11-23 01:40:07,mlx5_3,0.000,0.000,114.792,157.215
2025-11-23 01:40:07,mlx5_4,0.000,0.000,118.860,177.606
2025-11-23 01:40:07,mlx5_5,0.000,0.000,113.490,150.602
2025-11-23 01:40:07,mlx5_6,0.000,0.000,117.579,171.925
2025-11-23 01:40:07,mlx5_7,0.000,0.000,0.000,0.000
2025-11-23 01:40:07,mlx5_8,0.000,0.000,115.420,162.041
2025-11-23 01:40:07,mlx5_9,0.000,0.000,119.916,182.933
2025-11-23 01:40:07,TOTAL,0.000,0.000,929.858,1315.091
2025-11-23 01:40:08,mlx5_0,0.000,0.000,0.000,0.000
2025-11-23 01:40:08,mlx5_1,0.000,0.000,113.521,146.015
2025-11-23 01:40:08,mlx5_2,0.000,0.000,116.280,166.754
2025-11-23 01:40:08,mlx5_3,0.000,0.000,114.792,157.215
2025-11-23 01:40:08,mlx5_4,0.000,0.000,118.860,177.606
2025-11-23 01:40:08,mlx5_5,0.000,0.000,113.490,150.602
2025-11-23 01:40:08,mlx5_6,0.000,0.000,117.579,171.925
2025-11-23 01:40:08,mlx5_7,0.000,0.000,0.000,0.000
2025-11-23 01:40:08,mlx5_8,0.000,0.000,115.420,162.041
2025-11-23 01:40:08,mlx5_9,0.000,0.000,119.916,182.933
2025-11-23 01:40:08,TOTAL,0.000,0.000,929.858,1315.091
2025-11-23 01:40:09,mlx5_0,0.000,0.000,0.000,0.000
2025-11-23 01:40:09,mlx5_1,0.000,0.000,113.521,146.015
2025-11-23 01:40:09,mlx5_2,0.000,0.000,116.280,166.754
2025-11-23 01:40:09,mlx5_3,0.000,0.000,114.792,157.215
2025-11-23 01:40:09,mlx5_4,0.000,0.000,118.860,177.606
2025-11-23 01:40:09,mlx5_5,0.000,0.000,113.490,150.602
2025-11-23 01:40:09,mlx5_6,0.000,0.000,117.579,171.925
2025-11-23 01:40:09,mlx5_7,0.000,0.000,0.000,0.000
2025-11-23 01:40:09,mlx5_8,0.000,0.000,115.420,162.041
2025-11-23 01:40:09,mlx5_9,0.000,0.000,119.916,182.933
2025-11-23 01:40:09,TOTAL,0.000,0.000,929.858,1315.091
2025-11-23 01:40:10,mlx5_0,0.000,0.000,0.000,0.000
2025-11-23 01:40:10,mlx5_1,4.584,0.006,114.097,146.016
2025-11-23 01:40:10,mlx5_2,4.553,0.006,116.852,166.755
2025-11-23 01:40:10,mlx5_3,4.456,0.006,115.352,157.216
2025-11-23 01:40:10,mlx5_4,4.780,0.006,119.460,177.607
2025-11-23 01:40:10,mlx5_5,4.552,0.006,114.062,150.602
2025-11-23 01:40:10,mlx5_6,4.729,0.006,118.173,171.926
2025-11-23 01:40:10,mlx5_7,0.000,0.000,0.000,0.000
2025-11-23 01:40:10,mlx5_8,4.587,0.006,115.996,162.042
2025-11-23 01:40:10,mlx5_9,4.985,0.007,120.542,182.934
2025-11-23 01:40:10,TOTAL,37.226,0.049,934.534,1315.097
2025-11-23 01:40:11,mlx5_0,0.000,0.000,0.000,0.000
2025-11-23 01:40:11,mlx5_1,0.000,0.000,114.097,146.016
2025-11-23 01:40:11,mlx5_2,0.000,0.000,116.852,166.755
2025-11-23 01:40:11,mlx5_3,0.000,0.000,115.352,157.216
2025-11-23 01:40:11,mlx5_4,0.000,0.000,119.460,177.607
2025-11-23 01:40:11,mlx5_5,0.000,0.000,114.062,150.602
2025-11-23 01:40:11,mlx5_6,0.000,0.000,118.173,171.926
2025-11-23 01:40:11,mlx5_7,0.000,0.000,0.000,0.000
2025-11-23 01:40:11,mlx5_8,0.000,0.000,115.996,162.042
2025-11-23 01:40:11,mlx5_9,0.000,0.000,120.542,182.934
2025-11-23 01:40:11,TOTAL,0.000,0.000,934.534,1315.097
2025-11-23 01:40:12,mlx5_0,0.000,0.000,0.000,0.000
2025-11-23 01:40:12,mlx5_1,0.000,0.000,114.097,146.016
2025-11-23 01:40:12,mlx5_2,0.000,0.000,116.852,166.755
2025-11-23 01:40:12,mlx5_3,0.000,0.000,115.352,157.216
2025-11-23 01:40:12,mlx5_4,0.000,0.000,119.460,177.607
2025-11-23 01:40:12,mlx5_5,0.000,0.000,114.062,150.602
2025-11-23 01:40:12,mlx5_6,0.000,0.000,118.173,171.926
2025-11-23 01:40:12,mlx5_7,0.000,0.000,0.000,0.000
2025-11-23 01:40:12,mlx5_8,0.000,0.000,115.996,162.042
2025-11-23 01:40:12,mlx5_9,0.000,0.000,120.542,182.934
2025-11-23 01:40:12,TOTAL,0.000,0.000,934.534,1315.097
2025-11-23 01:40:13,mlx5_0,0.000,0.000,0.000,0.000
2025-11-23 01:40:13,mlx5_1,4.548,0.006,114.668,146.016
2025-11-23 01:40:13,mlx5_2,4.716,0.006,117.444,166.755
2025-11-23 01:40:13,mlx5_3,4.543,0.006,115.923,157.217
2025-11-23 01:40:13,mlx5_4,4.771,0.006,120.059,177.608
2025-11-23 01:40:13,mlx5_5,4.567,0.006,114.636,150.603
2025-11-23 01:40:13,mlx5_6,4.737,0.006,118.768,171.927
2025-11-23 01:40:13,mlx5_7,0.000,0.000,0.000,0.000
2025-11-23 01:40:13,mlx5_8,4.610,0.006,116.575,162.042
2025-11-23 01:40:13,mlx5_9,4.751,0.006,121.138,182.935
2025-11-23 01:40:13,TOTAL,37.243,0.048,939.210,1315.103
2025-11-23 01:40:14,mlx5_0,0.000,0.000,0.000,0.000
2025-11-23 01:40:14,mlx5_1,0.000,0.000,114.668,146.016
2025-11-23 01:40:14,mlx5_2,0.000,0.000,117.444,166.755
2025-11-23 01:40:14,mlx5_3,0.000,0.000,115.923,157.217
2025-11-23 01:40:14,mlx5_4,0.000,0.000,120.059,177.608
2025-11-23 01:40:14,mlx5_5,0.000,0.000,114.636,150.603
2025-11-23 01:40:14,mlx5_6,0.000,0.000,118.768,171.927
2025-11-23 01:40:14,mlx5_7,0.000,0.000,0.000,0.000
2025-11-23 01:40:14,mlx5_8,0.000,0.000,116.575,162.042
2025-11-23 01:40:14,mlx5_9,0.000,0.000,121.138,182.935
2025-11-23 01:40:14,TOTAL,0.000,0.000,939.210,1315.103
2025-11-23 01:40:15,mlx5_0,0.000,0.000,0.000,0.000
2025-11-23 01:40:15,mlx5_1,0.000,0.000,114.668,146.016
2025-11-23 01:40:15,mlx5_2,0.000,0.000,117.444,166.755
2025-11-23 01:40:15,mlx5_3,0.000,0.000,115.923,157.217
2025-11-23 01:40:15,mlx5_4,0.000,0.000,120.059,177.608
2025-11-23 01:40:15,mlx5_5,0.000,0.000,114.636,150.603
2025-11-23 01:40:15,mlx5_6,0.000,0.000,118.768,171.927
2025-11-23 01:40:15,mlx5_7,0.000,0.000,0.000,0.000
2025-11-23 01:40:15,mlx5_8,0.000,0.000,116.575,162.042
2025-11-23 01:40:15,mlx5_9,0.000,0.000,121.138,182.935
2025-11-23 01:40:15,TOTAL,0.000,0.000,939.210,1315.103
2025-11-23 01:40:16,mlx5_0,0.000,0.000,0.000,0.000
2025-11-23 01:40:16,mlx5_1,0.000,0.000,114.668,146.016
2025-11-23 01:40:16,mlx5_2,0.000,0.000,117.444,166.755
2025-11-23 01:40:16,mlx5_3,0.000,0.000,115.923,157.217
2025-11-23 01:40:16,mlx5_4,0.000,0.000,120.059,177.608
2025-11-23 01:40:16,mlx5_5,0.000,0.000,114.636,150.603
2025-11-23 01:40:16,mlx5_6,0.000,0.000,118.768,171.927
2025-11-23 01:40:16,mlx5_7,0.000,0.000,0.000,0.000
2025-11-23 01:40:16,mlx5_8,0.000,0.000,116.575,162.042
2025-11-23 01:40:16,mlx5_9,0.000,0.000,121.138,182.935
2025-11-23 01:40:16,TOTAL,0.000,0.000,939.210,1315.103
2025-11-23 01:40:17,mlx5_0,0.000,0.000,0.000,0.000
2025-11-23 01:40:17,mlx5_1,4.543,0.006,115.238,146.017
2025-11-23 01:40:17,mlx5_2,4.600,0.006,118.022,166.756
2025-11-23 01:40:17,mlx5_3,4.544,0.006,116.493,157.217
2025-11-23 01:40:17,mlx5_4,4.822,0.006,120.665,177.609
2025-11-23 01:40:17,mlx5_5,4.579,0.006,115.211,150.604
2025-11-23 01:40:17,mlx5_6,4.739,0.006,119.364,171.928
2025-11-23 01:40:17,mlx5_7,0.000,0.000,0.000,0.000
2025-11-23 01:40:17,mlx5_8,4.659,0.006,117.160,162.043
2025-11-23 01:40:17,mlx5_9,4.730,0.006,121.733,182.936
2025-11-23 01:40:17,TOTAL,37.218,0.048,943.886,1315.109
2025-11-23 01:40:18,mlx5_0,0.000,0.000,0.000,0.000
2025-11-23 01:40:18,mlx5_1,0.000,0.000,115.238,146.017
2025-11-23 01:40:18,mlx5_2,0.000,0.000,118.022,166.756
2025-11-23 01:40:18,mlx5_3,0.000,0.000,116.493,157.217
2025-11-23 01:40:18,mlx5_4,0.000,0.000,120.665,177.609
2025-11-23 01:40:18,mlx5_5,0.000,0.000,115.211,150.604
2025-11-23 01:40:18,mlx5_6,0.000,0.000,119.364,171.928
2025-11-23 01:40:18,mlx5_7,0.000,0.000,0.000,0.000
2025-11-23 01:40:18,mlx5_8,0.000,0.000,117.160,162.043
2025-11-23 01:40:18,mlx5_9,0.000,0.000,121.733,182.936
2025-11-23 01:40:18,TOTAL,0.000,0.000,943.886,1315.109
2025-11-23 01:40:19,mlx5_0,0.000,0.000,0.000,0.000
2025-11-23 01:40:19,mlx5_1,0.000,0.000,115.238,146.017
2025-11-23 01:40:19,mlx5_2,0.000,0.000,118.022,166.756
2025-11-23 01:40:19,mlx5_3,0.000,0.000,116.493,157.217
2025-11-23 01:40:19,mlx5_4,0.000,0.000,120.665,177.609
2025-11-23 01:40:19,mlx5_5,0.000,0.000,115.211,150.604
2025-11-23 01:40:19,mlx5_6,0.000,0.000,119.364,171.928
2025-11-23 01:40:19,mlx5_7,0.000,0.000,0.000,0.000
2025-11-23 01:40:19,mlx5_8,0.000,0.000,117.160,162.043
2025-11-23 01:40:19,mlx5_9,0.000,0.000,121.733,182.936
2025-11-23 01:40:19,TOTAL,0.000,0.000,943.886,1315.109
2025-11-23 01:40:20,mlx5_0,0.000,0.000,0.000,0.000
2025-11-23 01:40:20,mlx5_1,0.000,0.000,115.238,146.017
2025-11-23 01:40:20,mlx5_2,0.000,0.000,118.022,166.756
2025-11-23 01:40:20,mlx5_3,0.000,0.000,116.493,157.217
2025-11-23 01:40:20,mlx5_4,0.000,0.000,120.665,177.609
2025-11-23 01:40:20,mlx5_5,0.000,0.000,115.211,150.604
2025-11-23 01:40:20,mlx5_6,0.000,0.000,119.364,171.928
2025-11-23 01:40:20,mlx5_7,0.000,0.000,0.000,0.000
2025-11-23 01:40:20,mlx5_8,0.000,0.000,117.160,162.043
2025-11-23 01:40:20,mlx5_9,0.000,0.000,121.733,182.936
2025-11-23 01:40:20,TOTAL,0.000,0.000,943.886,1315.109
2025-11-23 01:40:21,mlx5_0,0.000,0.000,0.000,0.000
2025-11-23 01:40:21,mlx5_1,4.524,0.006,115.807,146.018
2025-11-23 01:40:21,mlx5_2,4.709,0.006,118.614,166.757
2025-11-23 01:40:21,mlx5_3,4.509,0.006,117.060,157.218
2025-11-23 01:40:21,mlx5_4,4.809,0.006,121.269,177.609
2025-11-23 01:40:21,mlx5_5,4.578,0.006,115.786,150.605
2025-11-23 01:40:21,mlx5_6,4.746,0.006,119.960,171.928
2025-11-23 01:40:21,mlx5_7,0.000,0.000,0.000,0.000
2025-11-23 01:40:21,mlx5_8,4.541,0.006,117.731,162.044
2025-11-23 01:40:21,mlx5_9,4.797,0.006,122.335,182.937
2025-11-23 01:40:21,TOTAL,37.213,0.049,948.562,1315.115
2025-11-23 01:40:22,mlx5_0,0.000,0.000,0.000,0.000
2025-11-23 01:40:22,mlx5_1,0.000,0.000,115.807,146.018
2025-11-23 01:40:22,mlx5_2,0.000,0.000,118.614,166.757
2025-11-23 01:40:22,mlx5_3,0.000,0.000,117.060,157.218
2025-11-23 01:40:22,mlx5_4,0.000,0.000,121.269,177.609
2025-11-23 01:40:22,mlx5_5,0.000,0.000,115.786,150.605
2025-11-23 01:40:22,mlx5_6,0.000,0.000,119.960,171.928
2025-11-23 01:40:22,mlx5_7,0.000,0.000,0.000,0.000
2025-11-23 01:40:22,mlx5_8,0.000,0.000,117.731,162.044
2025-11-23 01:40:22,mlx5_9,0.000,0.000,122.335,182.937
2025-11-23 01:40:22,TOTAL,0.000,0.000,948.562,1315.115
2025-11-23 01:40:23,mlx5_0,0.000,0.000,0.000,0.000
2025-11-23 01:40:23,mlx5_1,0.000,0.000,115.807,146.018
2025-11-23 01:40:23,mlx5_2,0.000,0.000,118.614,166.757
2025-11-23 01:40:23,mlx5_3,0.000,0.000,117.060,157.218
2025-11-23 01:40:23,mlx5_4,0.000,0.000,121.269,177.609
2025-11-23 01:40:23,mlx5_5,0.000,0.000,115.786,150.605
2025-11-23 01:40:23,mlx5_6,0.000,0.000,119.960,171.928
2025-11-23 01:40:23,mlx5_7,0.000,0.000,0.000,0.000
2025-11-23 01:40:23,mlx5_8,0.000,0.000,117.731,162.044
2025-11-23 01:40:23,mlx5_9,0.000,0.000,122.335,182.937
2025-11-23 01:40:23,TOTAL,0.000,0.000,948.562,1315.115
2025-11-23 01:40:24,mlx5_0,0.000,0.000,0.000,0.000
2025-11-23 01:40:24,mlx5_1,0.000,0.000,115.807,146.018
2025-11-23 01:40:24,mlx5_2,0.000,0.000,118.614,166.757
2025-11-23 01:40:24,mlx5_3,0.000,0.000,117.060,157.218
2025-11-23 01:40:24,mlx5_4,0.000,0.000,121.269,177.609
2025-11-23 01:40:24,mlx5_5,0.000,0.000,115.786,150.605
2025-11-23 01:40:24,mlx5_6,0.000,0.000,119.960,171.928
2025-11-23 01:40:24,mlx5_7,0.000,0.000,0.000,0.000
2025-11-23 01:40:24,mlx5_8,0.000,0.000,117.731,162.044
2025-11-23 01:40:24,mlx5_9,0.000,0.000,122.335,182.937
2025-11-23 01:40:24,TOTAL,0.000,0.000,948.562,1315.115
2025-11-23 01:40:25,mlx5_0,0.000,0.000,0.000,0.000
2025-11-23 01:40:25,mlx5_1,0.000,0.000,115.807,146.018
2025-11-23 01:40:25,mlx5_2,0.000,0.000,118.614,166.757
2025-11-23 01:40:25,mlx5_3,0.000,0.000,117.060,157.218
2025-11-23 01:40:25,mlx5_4,0.000,0.000,121.269,177.609
2025-11-23 01:40:25,mlx5_5,0.000,0.000,115.786,150.605
2025-11-23 01:40:25,mlx5_6,0.000,0.000,119.960,171.928
2025-11-23 01:40:25,mlx5_7,0.000,0.000,0.000,0.000
2025-11-23 01:40:25,mlx5_8,0.000,0.000,117.731,162.044
2025-11-23 01:40:25,mlx5_9,0.000,0.000,122.335,182.937
2025-11-23 01:40:25,TOTAL,0.000,0.000,948.562,1315.115
2025-11-23 01:40:26,mlx5_0,0.000,0.000,0.000,0.000
2025-11-23 01:40:26,mlx5_1,4.568,24.816,116.381,149.135
2025-11-23 01:40:26,mlx5_2,4.643,28.866,119.197,170.383
2025-11-23 01:40:26,mlx5_3,4.575,27.502,117.635,160.673
2025-11-23 01:40:26,mlx5_4,4.749,30.340,121.866,181.420
2025-11-23 01:40:26,mlx5_5,4.666,25.939,116.372,153.863
2025-11-23 01:40:26,mlx5_6,4.822,29.684,120.566,175.657
2025-11-23 01:40:26,mlx5_7,0.000,0.000,0.000,0.000
2025-11-23 01:40:26,mlx5_8,4.635,28.052,118.313,165.568
2025-11-23 01:40:26,mlx5_9,5.000,31.344,122.963,186.874
2025-11-23 01:40:26,TOTAL,37.659,226.543,953.292,1343.572
2025-11-23 01:40:27,mlx5_0,0.000,0.000,0.000,0.000
2025-11-23 01:40:27,mlx5_1,0.000,0.000,116.381,149.135
2025-11-23 01:40:27,mlx5_2,0.000,0.000,119.197,170.383
2025-11-23 01:40:27,mlx5_3,0.000,0.000,117.635,160.673
2025-11-23 01:40:27,mlx5_4,0.000,0.000,121.866,181.420
2025-11-23 01:40:27,mlx5_5,0.000,0.000,116.372,153.863
2025-11-23 01:40:27,mlx5_6,0.000,0.000,120.566,175.657
2025-11-23 01:40:27,mlx5_7,0.000,0.000,0.000,0.000
2025-11-23 01:40:27,mlx5_8,0.000,0.000,118.313,165.568
2025-11-23 01:40:27,mlx5_9,0.000,0.000,122.963,186.874
2025-11-23 01:40:27,TOTAL,0.000,0.000,953.292,1343.572
2025-11-23 01:40:28,mlx5_0,0.000,0.000,0.000,0.000
2025-11-23 01:40:28,mlx5_1,0.000,0.000,116.381,149.135
2025-11-23 01:40:28,mlx5_2,0.000,0.000,119.197,170.383
2025-11-23 01:40:28,mlx5_3,0.000,0.000,117.635,160.673
2025-11-23 01:40:28,mlx5_4,0.000,0.000,121.866,181.420
2025-11-23 01:40:28,mlx5_5,0.000,0.000,116.372,153.863
2025-11-23 01:40:28,mlx5_6,0.000,0.000,120.566,175.657
2025-11-23 01:40:28,mlx5_7,0.000,0.000,0.000,0.000
2025-11-23 01:40:28,mlx5_8,0.000,0.000,118.313,165.568
2025-11-23 01:40:28,mlx5_9,0.000,0.000,122.963,186.874
2025-11-23 01:40:28,TOTAL,0.000,0.000,953.292,1343.572
2025-11-23 01:40:29,mlx5_0,0.000,0.000,0.000,0.000
2025-11-23 01:40:29,mlx5_1,0.000,0.000,116.381,149.135
2025-11-23 01:40:29,mlx5_2,0.000,0.000,119.197,170.383
2025-11-23 01:40:29,mlx5_3,0.000,0.000,117.635,160.673
2025-11-23 01:40:29,mlx5_4,0.000,0.000,121.866,181.420
2025-11-23 01:40:29,mlx5_5,0.000,0.000,116.372,153.863
2025-11-23 01:40:29,mlx5_6,0.000,0.000,120.566,175.657
2025-11-23 01:40:29,mlx5_7,0.000,0.000,0.000,0.000
2025-11-23 01:40:29,mlx5_8,0.000,0.000,118.313,165.568
2025-11-23 01:40:29,mlx5_9,0.000,0.000,122.963,186.874
2025-11-23 01:40:29,TOTAL,0.000,0.000,953.292,1343.572
2025-11-23 01:40:30,mlx5_0,0.000,0.000,0.000,0.000
2025-11-23 01:40:30,mlx5_1,0.000,0.000,116.381,149.135
2025-11-23 01:40:30,mlx5_2,0.000,0.000,119.197,170.383
2025-11-23 01:40:30,mlx5_3,0.000,0.000,117.635,160.673
2025-11-23 01:40:30,mlx5_4,0.000,0.000,121.866,181.420
2025-11-23 01:40:30,mlx5_5,0.000,0.000,116.372,153.863
2025-11-23 01:40:30,mlx5_6,0.000,0.000,120.566,175.657
2025-11-23 01:40:30,mlx5_7,0.000,0.000,0.000,0.000
2025-11-23 01:40:30,mlx5_8,0.000,0.000,118.313,165.568
2025-11-23 01:40:30,mlx5_9,0.000,0.000,122.963,186.874
2025-11-23 01:40:30,TOTAL,0.000,0.000,953.292,1343.572
2025-11-23 01:40:31,mlx5_0,0.000,0.000,0.000,0.000
2025-11-23 01:40:31,mlx5_1,4.523,0.006,116.949,149.136
2025-11-23 01:40:31,mlx5_2,4.735,0.006,119.792,170.384
2025-11-23 01:40:31,mlx5_3,4.563,0.006,118.208,160.673
2025-11-23 01:40:31,mlx5_4,4.834,0.006,122.473,181.421
2025-11-23 01:40:31,mlx5_5,4.540,0.006,116.943,153.863
2025-11-23 01:40:31,mlx5_6,5.052,0.006,121.200,175.658
2025-11-23 01:40:31,mlx5_7,0.000,0.000,0.000,0.000
2025-11-23 01:40:31,mlx5_8,4.818,0.006,118.918,165.568
2025-11-23 01:40:31,mlx5_9,4.877,0.007,123.576,186.875
2025-11-23 01:40:31,TOTAL,37.942,0.050,958.060,1343.578
2025-11-23 01:40:32,mlx5_0,0.000,0.000,0.000,0.000
2025-11-23 01:40:32,mlx5_1,0.000,0.000,116.949,149.136
2025-11-23 01:40:32,mlx5_2,0.000,0.000,119.792,170.384
2025-11-23 01:40:32,mlx5_3,0.000,0.000,118.208,160.673
2025-11-23 01:40:32,mlx5_4,0.000,0.000,122.473,181.421
2025-11-23 01:40:32,mlx5_5,0.000,0.000,116.943,153.863
2025-11-23 01:40:32,mlx5_6,0.000,0.000,121.200,175.658
2025-11-23 01:40:32,mlx5_7,0.000,0.000,0.000,0.000
2025-11-23 01:40:32,mlx5_8,0.000,0.000,118.918,165.568
2025-11-23 01:40:32,mlx5_9,0.000,0.000,123.576,186.875
2025-11-23 01:40:32,TOTAL,0.000,0.000,958.060,1343.578
2025-11-23 01:40:33,mlx5_0,0.000,0.000,0.000,0.000
2025-11-23 01:40:33,mlx5_1,0.000,0.000,116.949,149.136
2025-11-23 01:40:33,mlx5_2,0.000,0.000,119.792,170.384
2025-11-23 01:40:33,mlx5_3,0.000,0.000,118.208,160.673
2025-11-23 01:40:33,mlx5_4,0.000,0.000,122.473,181.421
2025-11-23 01:40:33,mlx5_5,0.000,0.000,116.943,153.863
2025-11-23 01:40:33,mlx5_6,0.000,0.000,121.200,175.658
2025-11-23 01:40:33,mlx5_7,0.000,0.000,0.000,0.000
2025-11-23 01:40:33,mlx5_8,0.000,0.000,118.918,165.568
2025-11-23 01:40:33,mlx5_9,0.000,0.000,123.576,186.875
2025-11-23 01:40:33,TOTAL,0.000,0.000,958.060,1343.578
2025-11-23 01:40:34,mlx5_0,0.000,0.000,0.000,0.000
2025-11-23 01:40:34,mlx5_1,4.567,0.006,117.523,149.136
2025-11-23 01:40:34,mlx5_2,4.575,0.006,120.367,170.384
2025-11-23 01:40:34,mlx5_3,4.701,0.006,118.799,160.674
2025-11-23 01:40:34,mlx5_4,4.773,0.006,123.073,181.422
2025-11-23 01:40:34,mlx5_5,4.582,0.006,117.518,153.864
2025-11-23 01:40:34,mlx5_6,4.597,0.006,121.778,175.658
2025-11-23 01:40:34,mlx5_7,0.000,0.000,0.000,0.000
2025-11-23 01:40:34,mlx5_8,4.738,0.006,119.513,165.569
2025-11-23 01:40:34,mlx5_9,4.687,0.006,124.165,186.875
2025-11-23 01:40:34,TOTAL,37.221,0.048,962.736,1343.584
2025-11-23 01:40:35,mlx5_0,0.000,0.000,0.000,0.000
2025-11-23 01:40:35,mlx5_1,0.000,0.000,117.523,149.136
2025-11-23 01:40:35,mlx5_2,0.000,0.000,120.367,170.384
2025-11-23 01:40:35,mlx5_3,0.000,0.000,118.799,160.674
2025-11-23 01:40:35,mlx5_4,0.000,0.000,123.073,181.422
2025-11-23 01:40:35,mlx5_5,0.000,0.000,117.518,153.864
2025-11-23 01:40:35,mlx5_6,0.000,0.000,121.778,175.658
2025-11-23 01:40:35,mlx5_7,0.000,0.000,0.000,0.000
2025-11-23 01:40:35,mlx5_8,0.000,0.000,119.513,165.569
2025-11-23 01:40:35,mlx5_9,0.000,0.000,124.165,186.875
2025-11-23 01:40:35,TOTAL,0.000,0.000,962.736,1343.584
2025-11-23 01:40:36,mlx5_0,0.000,0.000,0.000,0.000
2025-11-23 01:40:36,mlx5_1,0.000,0.000,117.523,149.136
2025-11-23 01:40:36,mlx5_2,0.000,0.000,120.367,170.384
2025-11-23 01:40:36,mlx5_3,0.000,0.000,118.799,160.674
2025-11-23 01:40:36,mlx5_4,0.000,0.000,123.073,181.422
2025-11-23 01:40:36,mlx5_5,0.000,0.000,117.518,153.864
2025-11-23 01:40:36,mlx5_6,0.000,0.000,121.778,175.658
2025-11-23 01:40:36,mlx5_7,0.000,0.000,0.000,0.000
2025-11-23 01:40:36,mlx5_8,0.000,0.000,119.513,165.569
2025-11-23 01:40:36,mlx5_9,0.000,0.000,124.165,186.875
2025-11-23 01:40:36,TOTAL,0.000,0.000,962.736,1343.584
2025-11-23 01:40:37,mlx5_0,0.000,0.000,0.000,0.000
2025-11-23 01:40:37,mlx5_1,4.696,0.006,118.112,149.137
2025-11-23 01:40:37,mlx5_2,4.536,0.006,120.936,170.385
2025-11-23 01:40:37,mlx5_3,4.630,0.006,119.380,160.675
2025-11-23 01:40:37,mlx5_4,4.815,0.006,123.677,181.423
2025-11-23 01:40:37,mlx5_5,4.429,0.006,118.074,153.865
2025-11-23 01:40:37,mlx5_6,4.727,0.006,122.371,175.659
2025-11-23 01:40:37,mlx5_7,0.000,0.000,0.000,0.000
2025-11-23 01:40:37,mlx5_8,4.696,0.006,120.103,165.570
2025-11-23 01:40:37,mlx5_9,4.735,0.006,124.759,186.876
2025-11-23 01:40:37,TOTAL,37.265,0.047,967.414,1343.590
2025-11-23 01:40:38,mlx5_0,0.000,0.000,0.000,0.000
2025-11-23 01:40:38,mlx5_1,0.000,0.000,118.112,149.137
2025-11-23 01:40:38,mlx5_2,0.000,0.000,120.936,170.385
2025-11-23 01:40:38,mlx5_3,0.000,0.000,119.380,160.675
2025-11-23 01:40:38,mlx5_4,0.000,0.000,123.677,181.423
2025-11-23 01:40:38,mlx5_5,0.000,0.000,118.074,153.865
2025-11-23 01:40:38,mlx5_6,0.000,0.000,122.371,175.659
2025-11-23 01:40:38,mlx5_7,0.000,0.000,0.000,0.000
2025-11-23 01:40:38,mlx5_8,0.000,0.000,120.103,165.570
2025-11-23 01:40:38,mlx5_9,0.000,0.000,124.759,186.876
2025-11-23 01:40:38,TOTAL,0.000,0.000,967.414,1343.590
2025-11-23 01:40:39,mlx5_0,0.000,0.000,0.000,0.000
2025-11-23 01:40:39,mlx5_1,0.000,0.000,118.112,149.137
2025-11-23 01:40:39,mlx5_2,0.000,0.000,120.936,170.385
2025-11-23 01:40:39,mlx5_3,0.000,0.000,119.380,160.675
2025-11-23 01:40:39,mlx5_4,0.000,0.000,123.677,181.423
2025-11-23 01:40:39,mlx5_5,0.000,0.000,118.074,153.865
2025-11-23 01:40:39,mlx5_6,0.000,0.000,122.371,175.659
2025-11-23 01:40:39,mlx5_7,0.000,0.000,0.000,0.000
2025-11-23 01:40:39,mlx5_8,0.000,0.000,120.103,165.570
2025-11-23 01:40:39,mlx5_9,0.000,0.000,124.759,186.876
2025-11-23 01:40:39,TOTAL,0.000,0.000,967.414,1343.590
2025-11-23 01:40:40,mlx5_0,0.000,0.000,0.000,0.000
2025-11-23 01:40:40,mlx5_1,0.000,0.000,118.112,149.137
2025-11-23 01:40:40,mlx5_2,0.000,0.000,120.936,170.385
2025-11-23 01:40:40,mlx5_3,0.000,0.000,119.380,160.675
2025-11-23 01:40:40,mlx5_4,0.000,0.000,123.677,181.423
2025-11-23 01:40:40,mlx5_5,0.000,0.000,118.074,153.865
2025-11-23 01:40:40,mlx5_6,0.000,0.000,122.371,175.659
2025-11-23 01:40:40,mlx5_7,0.000,0.000,0.000,0.000
2025-11-23 01:40:40,mlx5_8,0.000,0.000,120.103,165.570
2025-11-23 01:40:40,mlx5_9,0.000,0.000,124.759,186.876
2025-11-23 01:40:40,TOTAL,0.000,0.000,967.414,1343.590
2025-11-23 01:40:41,mlx5_0,0.000,0.000,0.000,0.000
2025-11-23 01:40:41,mlx5_1,4.613,0.006,118.692,149.138
2025-11-23 01:40:41,mlx5_2,4.672,0.006,121.523,170.386
2025-11-23 01:40:41,mlx5_3,4.618,0.006,119.960,160.676
2025-11-23 01:40:41,mlx5_4,4.596,0.006,124.255,181.424
2025-11-23 01:40:41,mlx5_5,4.540,0.006,118.645,153.866
2025-11-23 01:40:41,mlx5_6,4.773,0.006,122.971,175.660
2025-11-23 01:40:41,mlx5_7,0.000,0.000,0.000,0.000
2025-11-23 01:40:41,mlx5_8,4.598,0.006,120.681,165.571
2025-11-23 01:40:41,mlx5_9,4.805,0.006,125.363,186.877
2025-11-23 01:40:41,TOTAL,37.214,0.047,972.090,1343.596
2025-11-23 01:40:42,mlx5_0,0.000,0.000,0.000,0.000
2025-11-23 01:40:42,mlx5_1,0.000,0.000,118.692,149.138
2025-11-23 01:40:42,mlx5_2,0.000,0.000,121.523,170.386
2025-11-23 01:40:42,mlx5_3,0.000,0.000,119.960,160.676
2025-11-23 01:40:42,mlx5_4,0.000,0.000,124.255,181.424
2025-11-23 01:40:42,mlx5_5,0.000,0.000,118.645,153.866
2025-11-23 01:40:42,mlx5_6,0.000,0.000,122.971,175.660
2025-11-23 01:40:42,mlx5_7,0.000,0.000,0.000,0.000
2025-11-23 01:40:42,mlx5_8,0.000,0.000,120.681,165.571
2025-11-23 01:40:42,mlx5_9,0.000,0.000,125.363,186.877
2025-11-23 01:40:42,TOTAL,0.000,0.000,972.090,1343.596
2025-11-23 01:40:43,mlx5_0,0.000,0.000,0.000,0.000
2025-11-23 01:40:43,mlx5_1,0.000,0.000,118.692,149.138
2025-11-23 01:40:43,mlx5_2,0.000,0.000,121.523,170.386
2025-11-23 01:40:43,mlx5_3,0.000,0.000,119.960,160.676
2025-11-23 01:40:43,mlx5_4,0.000,0.000,124.255,181.424
2025-11-23 01:40:43,mlx5_5,0.000,0.000,118.645,153.866
2025-11-23 01:40:43,mlx5_6,0.000,0.000,122.971,175.660
2025-11-23 01:40:43,mlx5_7,0.000,0.000,0.000,0.000
2025-11-23 01:40:43,mlx5_8,0.000,0.000,120.681,165.571
2025-11-23 01:40:43,mlx5_9,0.000,0.000,125.363,186.877
2025-11-23 01:40:43,TOTAL,0.000,0.000,972.090,1343.596
2025-11-23 01:40:44,mlx5_0,0.000,0.000,0.000,0.000
2025-11-23 01:40:44,mlx5_1,0.000,0.000,118.692,149.138
2025-11-23 01:40:44,mlx5_2,0.000,0.000,121.523,170.386
2025-11-23 01:40:44,mlx5_3,0.000,0.000,119.960,160.676
2025-11-23 01:40:44,mlx5_4,0.000,0.000,124.255,181.424
2025-11-23 01:40:44,mlx5_5,0.000,0.000,118.645,153.866
2025-11-23 01:40:44,mlx5_6,0.000,0.000,122.971,175.660
2025-11-23 01:40:44,mlx5_7,0.000,0.000,0.000,0.000
2025-11-23 01:40:44,mlx5_8,0.000,0.000,120.681,165.571
2025-11-23 01:40:44,mlx5_9,0.000,0.000,125.363,186.877
2025-11-23 01:40:44,TOTAL,0.000,0.000,972.090,1343.596
2025-11-23 01:40:45,mlx5_0,0.000,0.000,0.000,0.000
2025-11-23 01:40:45,mlx5_1,4.467,0.006,119.253,149.139
2025-11-23 01:40:45,mlx5_2,4.718,0.006,122.116,170.387
2025-11-23 01:40:45,mlx5_3,4.509,0.006,120.526,160.676
2025-11-23 01:40:45,mlx5_4,4.847,0.006,124.864,181.424
2025-11-23 01:40:45,mlx5_5,4.673,0.006,119.232,153.866
2025-11-23 01:40:45,mlx5_6,4.626,0.006,123.552,175.661
2025-11-23 01:40:45,mlx5_7,0.000,0.000,0.000,0.000
2025-11-23 01:40:45,mlx5_8,4.576,0.006,121.256,165.571
2025-11-23 01:40:45,mlx5_9,4.811,0.006,125.967,186.878
2025-11-23 01:40:45,TOTAL,37.228,0.049,976.766,1343.602
2025-11-23 01:40:46,mlx5_0,0.000,0.000,0.000,0.000
2025-11-23 01:40:46,mlx5_1,0.000,0.000,119.253,149.139
2025-11-23 01:40:46,mlx5_2,0.000,0.000,122.116,170.387
2025-11-23 01:40:46,mlx5_3,0.000,0.000,120.526,160.676
2025-11-23 01:40:46,mlx5_4,0.000,0.000,124.864,181.424
2025-11-23 01:40:46,mlx5_5,0.000,0.000,119.232,153.866
2025-11-23 01:40:46,mlx5_6,0.000,0.000,123.552,175.661
2025-11-23 01:40:46,mlx5_7,0.000,0.000,0.000,0.000
2025-11-23 01:40:46,mlx5_8,0.000,0.000,121.256,165.571
2025-11-23 01:40:46,mlx5_9,0.000,0.000,125.967,186.878
2025-11-23 01:40:46,TOTAL,0.000,0.000,976.766,1343.602
2025-11-23 01:40:47,mlx5_0,0.000,0.000,0.000,0.000
2025-11-23 01:40:47,mlx5_1,0.000,0.000,119.253,149.139
2025-11-23 01:40:47,mlx5_2,0.000,0.000,122.116,170.387
2025-11-23 01:40:47,mlx5_3,0.000,0.000,120.526,160.676
2025-11-23 01:40:47,mlx5_4,0.000,0.000,124.864,181.424
2025-11-23 01:40:47,mlx5_5,0.000,0.000,119.232,153.866
2025-11-23 01:40:47,mlx5_6,0.000,0.000,123.552,175.661
2025-11-23 01:40:47,mlx5_7,0.000,0.000,0.000,0.000
2025-11-23 01:40:47,mlx5_8,0.000,0.000,121.256,165.571
2025-11-23 01:40:47,mlx5_9,0.000,0.000,125.967,186.878
2025-11-23 01:40:47,TOTAL,0.000,0.000,976.766,1343.602
2025-11-23 01:40:48,mlx5_0,0.000,0.000,0.000,0.000
2025-11-23 01:40:48,mlx5_1,0.000,0.000,119.253,149.139
2025-11-23 01:40:48,mlx5_2,0.000,0.000,122.116,170.387
2025-11-23 01:40:48,mlx5_3,0.000,0.000,120.526,160.676
2025-11-23 01:40:48,mlx5_4,0.000,0.000,124.864,181.424
2025-11-23 01:40:48,mlx5_5,0.000,0.000,119.232,153.866
2025-11-23 01:40:48,mlx5_6,0.000,0.000,123.552,175.661
2025-11-23 01:40:48,mlx5_7,0.000,0.000,0.000,0.000
2025-11-23 01:40:48,mlx5_8,0.000,0.000,121.256,165.571
2025-11-23 01:40:48,mlx5_9,0.000,0.000,125.967,186.878
2025-11-23 01:40:48,TOTAL,0.000,0.000,976.766,1343.602
2025-11-23 01:40:49,mlx5_0,0.000,0.000,0.000,0.000
2025-11-23 01:40:49,mlx5_1,0.000,0.000,119.253,149.139
2025-11-23 01:40:49,mlx5_2,0.000,0.000,122.116,170.387
2025-11-23 01:40:49,mlx5_3,0.000,0.000,120.526,160.676
2025-11-23 01:40:49,mlx5_4,0.000,0.000,124.864,181.424
2025-11-23 01:40:49,mlx5_5,0.000,0.000,119.232,153.866
2025-11-23 01:40:49,mlx5_6,0.000,0.000,123.552,175.661
2025-11-23 01:40:49,mlx5_7,0.000,0.000,0.000,0.000
2025-11-23 01:40:49,mlx5_8,0.000,0.000,121.256,165.571
2025-11-23 01:40:49,mlx5_9,0.000,0.000,125.967,186.878
2025-11-23 01:40:49,TOTAL,0.000,0.000,976.766,1343.602
2025-11-23 01:40:50,mlx5_0,0.000,0.000,0.000,0.000
2025-11-23 01:40:50,mlx5_1,4.526,25.297,119.821,152.316
2025-11-23 01:40:50,mlx5_2,4.659,28.834,122.701,174.008
2025-11-23 01:40:50,mlx5_3,4.689,27.026,121.115,164.071
2025-11-23 01:40:50,mlx5_4,4.887,30.268,125.478,185.226
2025-11-23 01:40:50,mlx5_5,4.551,26.212,119.803,157.159
2025-11-23 01:40:50,mlx5_6,4.798,29.468,124.155,179.362
2025-11-23 01:40:50,mlx5_7,0.000,0.000,0.000,0.000
2025-11-23 01:40:50,mlx5_8,4.620,28.171,121.836,169.110
2025-11-23 01:40:50,mlx5_9,4.932,31.275,126.587,190.806
2025-11-23 01:40:50,TOTAL,37.663,226.552,981.497,1372.058
2025-11-23 01:40:51,mlx5_0,0.000,0.000,0.000,0.000
2025-11-23 01:40:51,mlx5_1,0.000,0.000,119.821,152.316
2025-11-23 01:40:51,mlx5_2,0.000,0.000,122.701,174.008
2025-11-23 01:40:51,mlx5_3,0.000,0.000,121.115,164.071
2025-11-23 01:40:51,mlx5_4,0.000,0.000,125.478,185.226
2025-11-23 01:40:51,mlx5_5,0.000,0.000,119.803,157.159
2025-11-23 01:40:51,mlx5_6,0.000,0.000,124.155,179.362
2025-11-23 01:40:51,mlx5_7,0.000,0.000,0.000,0.000
2025-11-23 01:40:51,mlx5_8,0.000,0.000,121.836,169.110
2025-11-23 01:40:51,mlx5_9,0.000,0.000,126.587,190.806
2025-11-23 01:40:51,TOTAL,0.000,0.000,981.497,1372.058
2025-11-23 01:40:52,mlx5_0,0.000,0.000,0.000,0.000
2025-11-23 01:40:52,mlx5_1,0.000,0.000,119.821,152.316
2025-11-23 01:40:52,mlx5_2,0.000,0.000,122.701,174.008
2025-11-23 01:40:52,mlx5_3,0.000,0.000,121.115,164.071
2025-11-23 01:40:52,mlx5_4,0.000,0.000,125.478,185.226
2025-11-23 01:40:52,mlx5_5,0.000,0.000,119.803,157.159
2025-11-23 01:40:52,mlx5_6,0.000,0.000,124.155,179.362
2025-11-23 01:40:52,mlx5_7,0.000,0.000,0.000,0.000
2025-11-23 01:40:52,mlx5_8,0.000,0.000,121.836,169.110
2025-11-23 01:40:52,mlx5_9,0.000,0.000,126.587,190.806
2025-11-23 01:40:52,TOTAL,0.000,0.000,981.497,1372.058
2025-11-23 01:40:53,mlx5_0,0.000,0.000,0.000,0.000
2025-11-23 01:40:53,mlx5_1,0.000,0.000,119.821,152.316
2025-11-23 01:40:53,mlx5_2,0.000,0.000,122.701,174.008
2025-11-23 01:40:53,mlx5_3,0.000,0.000,121.115,164.071
2025-11-23 01:40:53,mlx5_4,0.000,0.000,125.478,185.226
2025-11-23 01:40:53,mlx5_5,0.000,0.000,119.803,157.159
2025-11-23 01:40:53,mlx5_6,0.000,0.000,124.155,179.362
2025-11-23 01:40:53,mlx5_7,0.000,0.000,0.000,0.000
2025-11-23 01:40:53,mlx5_8,0.000,0.000,121.836,169.110
2025-11-23 01:40:53,mlx5_9,0.000,0.000,126.587,190.806
2025-11-23 01:40:53,TOTAL,0.000,0.000,981.497,1372.058
2025-11-23 01:40:54,mlx5_0,0.000,0.000,0.000,0.000
2025-11-23 01:40:54,mlx5_1,0.000,0.000,119.821,152.316
2025-11-23 01:40:54,mlx5_2,0.000,0.000,122.701,174.008
2025-11-23 01:40:54,mlx5_3,0.000,0.000,121.115,164.071
2025-11-23 01:40:54,mlx5_4,0.000,0.000,125.478,185.226
2025-11-23 01:40:54,mlx5_5,0.000,0.000,119.803,157.159
2025-11-23 01:40:54,mlx5_6,0.000,0.000,124.155,179.362
2025-11-23 01:40:54,mlx5_7,0.000,0.000,0.000,0.000
2025-11-23 01:40:54,mlx5_8,0.000,0.000,121.836,169.110
2025-11-23 01:40:54,mlx5_9,0.000,0.000,126.587,190.806
2025-11-23 01:40:54,TOTAL,0.000,0.000,981.497,1372.058
2025-11-23 01:40:56,mlx5_0,0.000,0.000,0.000,0.000
2025-11-23 01:40:56,mlx5_1,4.405,0.006,120.375,152.317
2025-11-23 01:40:56,mlx5_2,4.545,0.006,123.272,174.009
2025-11-23 01:40:56,mlx5_3,4.420,0.006,121.671,164.072
2025-11-23 01:40:56,mlx5_4,4.483,0.006,126.041,185.227
2025-11-23 01:40:56,mlx5_5,4.435,0.006,120.361,157.160
2025-11-23 01:40:56,mlx5_6,4.387,0.006,124.706,179.363
2025-11-23 01:40:56,mlx5_7,0.000,0.000,0.000,0.000
2025-11-23 01:40:56,mlx5_8,4.357,0.006,122.383,169.110
2025-11-23 01:40:56,mlx5_9,4.594,0.006,127.164,190.807
2025-11-23 01:40:56,TOTAL,35.625,0.046,985.972,1372.064
2025-11-23 01:40:57,mlx5_0,0.000,0.000,0.000,0.000
2025-11-23 01:40:57,mlx5_1,0.000,0.000,120.375,152.317
2025-11-23 01:40:57,mlx5_2,0.000,0.000,123.272,174.009
2025-11-23 01:40:57,mlx5_3,0.000,0.000,121.671,164.072
2025-11-23 01:40:57,mlx5_4,0.000,0.000,126.041,185.227
2025-11-23 01:40:57,mlx5_5,0.000,0.000,120.361,157.160
2025-11-23 01:40:57,mlx5_6,0.000,0.000,124.706,179.363
2025-11-23 01:40:57,mlx5_7,0.000,0.000,0.000,0.000
2025-11-23 01:40:57,mlx5_8,0.000,0.000,122.383,169.110
2025-11-23 01:40:57,mlx5_9,0.000,0.000,127.164,190.807
2025-11-23 01:40:57,TOTAL,0.000,0.000,985.972,1372.064
2025-11-23 01:40:58,mlx5_0,0.000,0.000,0.000,0.000
2025-11-23 01:40:58,mlx5_1,0.000,0.000,120.375,152.317
2025-11-23 01:40:58,mlx5_2,0.000,0.000,123.272,174.009
2025-11-23 01:40:58,mlx5_3,0.000,0.000,121.671,164.072
2025-11-23 01:40:58,mlx5_4,0.000,0.000,126.041,185.227
2025-11-23 01:40:58,mlx5_5,0.000,0.000,120.361,157.160
2025-11-23 01:40:58,mlx5_6,0.000,0.000,124.706,179.363
2025-11-23 01:40:58,mlx5_7,0.000,0.000,0.000,0.000
2025-11-23 01:40:58,mlx5_8,0.000,0.000,122.383,169.110
2025-11-23 01:40:58,mlx5_9,0.000,0.000,127.164,190.807
2025-11-23 01:40:58,TOTAL,0.000,0.000,985.972,1372.064
2025-11-23 01:40:59,mlx5_0,0.000,0.000,0.000,0.000
2025-11-23 01:40:59,mlx5_1,4.536,0.006,120.945,152.318
2025-11-23 01:40:59,mlx5_2,4.839,0.006,123.880,174.010
2025-11-23 01:40:59,mlx5_3,4.442,0.006,122.229,164.072
2025-11-23 01:40:59,mlx5_4,4.645,0.006,126.624,185.228
2025-11-23 01:40:59,mlx5_5,4.541,0.006,120.931,157.160
2025-11-23 01:40:59,mlx5_6,4.640,0.006,125.289,179.364
2025-11-23 01:40:59,mlx5_7,0.000,0.000,0.000,0.000
2025-11-23 01:40:59,mlx5_8,4.647,0.006,122.967,169.111
2025-11-23 01:40:59,mlx5_9,4.929,0.006,127.783,190.808
2025-11-23 01:40:59,TOTAL,37.219,0.048,990.648,1372.070
2025-11-23 01:41:00,mlx5_0,0.000,0.000,0.000,0.000
2025-11-23 01:41:00,mlx5_1,0.000,0.000,120.945,152.318
2025-11-23 01:41:00,mlx5_2,0.000,0.000,123.880,174.010
2025-11-23 01:41:00,mlx5_3,0.000,0.000,122.229,164.072
2025-11-23 01:41:00,mlx5_4,0.000,0.000,126.624,185.228
2025-11-23 01:41:00,mlx5_5,0.000,0.000,120.931,157.160
2025-11-23 01:41:00,mlx5_6,0.000,0.000,125.289,179.364
2025-11-23 01:41:00,mlx5_7,0.000,0.000,0.000,0.000
2025-11-23 01:41:00,mlx5_8,0.000,0.000,122.967,169.111
2025-11-23 01:41:00,mlx5_9,0.000,0.000,127.783,190.808
2025-11-23 01:41:00,TOTAL,0.000,0.000,990.648,1372.070
2025-11-23 01:41:01,mlx5_0,0.000,0.000,0.000,0.000
2025-11-23 01:41:01,mlx5_1,0.000,0.000,120.945,152.318
2025-11-23 01:41:01,mlx5_2,0.000,0.000,123.880,174.010
2025-11-23 01:41:01,mlx5_3,0.000,0.000,122.229,164.072
2025-11-23 01:41:01,mlx5_4,0.000,0.000,126.624,185.228
2025-11-23 01:41:01,mlx5_5,0.000,0.000,120.931,157.160
2025-11-23 01:41:01,mlx5_6,0.000,0.000,125.289,179.364
2025-11-23 01:41:01,mlx5_7,0.000,0.000,0.000,0.000
2025-11-23 01:41:01,mlx5_8,0.000,0.000,122.967,169.111
2025-11-23 01:41:01,mlx5_9,0.000,0.000,127.783,190.808
2025-11-23 01:41:01,TOTAL,0.000,0.000,990.648,1372.070
2025-11-23 01:41:02,mlx5_0,0.000,0.000,0.000,0.000
2025-11-23 01:41:02,mlx5_1,4.602,0.006,121.523,152.318
2025-11-23 01:41:02,mlx5_2,4.475,0.006,124.442,174.011
2025-11-23 01:41:02,mlx5_3,4.634,0.006,122.811,164.073
2025-11-23 01:41:02,mlx5_4,4.830,0.006,127.231,185.228
2025-11-23 01:41:02,mlx5_5,4.559,0.006,121.503,157.161
2025-11-23 01:41:02,mlx5_6,4.609,0.006,125.868,179.364
2025-11-23 01:41:02,mlx5_7,0.000,0.000,0.000,0.000
2025-11-23 01:41:02,mlx5_8,4.704,0.006,123.558,169.112
2025-11-23 01:41:02,mlx5_9,4.827,0.006,128.389,190.808
2025-11-23 01:41:02,TOTAL,37.240,0.048,995.323,1372.076
2025-11-23 01:41:03,mlx5_0,0.000,0.000,0.000,0.000
2025-11-23 01:41:03,mlx5_1,0.000,0.000,121.523,152.318
2025-11-23 01:41:03,mlx5_2,0.000,0.000,124.442,174.011
2025-11-23 01:41:03,mlx5_3,0.000,0.000,122.811,164.073
2025-11-23 01:41:03,mlx5_4,0.000,0.000,127.231,185.228
2025-11-23 01:41:03,mlx5_5,0.000,0.000,121.503,157.161
2025-11-23 01:41:03,mlx5_6,0.000,0.000,125.868,179.364
2025-11-23 01:41:03,mlx5_7,0.000,0.000,0.000,0.000
2025-11-23 01:41:03,mlx5_8,0.000,0.000,123.558,169.112
2025-11-23 01:41:03,mlx5_9,0.000,0.000,128.389,190.808
2025-11-23 01:41:03,TOTAL,0.000,0.000,995.323,1372.076
2025-11-23 01:41:04,mlx5_0,0.000,0.000,0.000,0.000
2025-11-23 01:41:04,mlx5_1,0.000,0.000,121.523,152.318
2025-11-23 01:41:04,mlx5_2,0.000,0.000,124.442,174.011
2025-11-23 01:41:04,mlx5_3,0.000,0.000,122.811,164.073
2025-11-23 01:41:04,mlx5_4,0.000,0.000,127.231,185.228
2025-11-23 01:41:04,mlx5_5,0.000,0.000,121.503,157.161
2025-11-23 01:41:04,mlx5_6,0.000,0.000,125.868,179.364
2025-11-23 01:41:04,mlx5_7,0.000,0.000,0.000,0.000
2025-11-23 01:41:04,mlx5_8,0.000,0.000,123.558,169.112
2025-11-23 01:41:04,mlx5_9,0.000,0.000,128.389,190.808
2025-11-23 01:41:04,TOTAL,0.000,0.000,995.323,1372.076
2025-11-23 01:41:05,mlx5_0,0.000,0.000,0.000,0.000
2025-11-23 01:41:05,mlx5_1,0.000,0.000,121.523,152.318
2025-11-23 01:41:05,mlx5_2,0.000,0.000,124.442,174.011
2025-11-23 01:41:05,mlx5_3,0.000,0.000,122.811,164.073
2025-11-23 01:41:05,mlx5_4,0.000,0.000,127.231,185.228
2025-11-23 01:41:05,mlx5_5,0.000,0.000,121.503,157.161
2025-11-23 01:41:05,mlx5_6,0.000,0.000,125.868,179.364
2025-11-23 01:41:05,mlx5_7,0.000,0.000,0.000,0.000
2025-11-23 01:41:05,mlx5_8,0.000,0.000,123.558,169.112
2025-11-23 01:41:05,mlx5_9,0.000,0.000,128.389,190.808
2025-11-23 01:41:05,TOTAL,0.000,0.000,995.323,1372.076
2025-11-23 01:41:06,mlx5_0,0.000,0.000,0.000,0.000
2025-11-23 01:41:06,mlx5_1,4.557,0.006,122.095,152.319
2025-11-23 01:41:06,mlx5_2,4.793,0.006,125.044,174.011
2025-11-23 01:41:06,mlx5_3,4.551,0.006,123.382,164.074
2025-11-23 01:41:06,mlx5_4,4.764,0.006,127.829,185.229
2025-11-23 01:41:06,mlx5_5,4.454,0.006,122.063,157.162
2025-11-23 01:41:06,mlx5_6,4.756,0.006,126.465,179.365
2025-11-23 01:41:06,mlx5_7,0.000,0.000,0.000,0.000
2025-11-23 01:41:06,mlx5_8,4.588,0.006,124.134,169.113
2025-11-23 01:41:06,mlx5_9,4.764,0.006,128.988,190.809
2025-11-23 01:41:06,TOTAL,37.227,0.048,999.999,1372.082
2025-11-23 01:41:07,mlx5_0,0.000,0.000,0.000,0.000
2025-11-23 01:41:07,mlx5_1,0.000,0.000,122.095,152.319
2025-11-23 01:41:07,mlx5_2,0.000,0.000,125.044,174.011
2025-11-23 01:41:07,mlx5_3,0.000,0.000,123.382,164.074
2025-11-23 01:41:07,mlx5_4,0.000,0.000,127.829,185.229
2025-11-23 01:41:07,mlx5_5,0.000,0.000,122.063,157.162
2025-11-23 01:41:07,mlx5_6,0.000,0.000,126.465,179.365
2025-11-23 01:41:07,mlx5_7,0.000,0.000,0.000,0.000
2025-11-23 01:41:07,mlx5_8,0.000,0.000,124.134,169.113
2025-11-23 01:41:07,mlx5_9,0.000,0.000,128.988,190.809
2025-11-23 01:41:07,TOTAL,0.000,0.000,999.999,1372.082
2025-11-23 01:41:08,mlx5_0,0.000,0.000,0.000,0.000
2025-11-23 01:41:08,mlx5_1,0.000,0.000,122.095,152.319
2025-11-23 01:41:08,mlx5_2,0.000,0.000,125.044,174.011
2025-11-23 01:41:08,mlx5_3,0.000,0.000,123.382,164.074
2025-11-23 01:41:08,mlx5_4,0.000,0.000,127.829,185.229
2025-11-23 01:41:08,mlx5_5,0.000,0.000,122.063,157.162
2025-11-23 01:41:08,mlx5_6,0.000,0.000,126.465,179.365
2025-11-23 01:41:08,mlx5_7,0.000,0.000,0.000,0.000
2025-11-23 01:41:08,mlx5_8,0.000,0.000,124.134,169.113
2025-11-23 01:41:08,mlx5_9,0.000,0.000,128.988,190.809
2025-11-23 01:41:08,TOTAL,0.000,0.000,999.999,1372.082
2025-11-23 01:41:09,mlx5_0,0.000,0.000,0.000,0.000
2025-11-23 01:41:09,mlx5_1,0.000,0.000,122.095,152.319
2025-11-23 01:41:09,mlx5_2,0.000,0.000,125.044,174.011
2025-11-23 01:41:09,mlx5_3,0.000,0.000,123.382,164.074
2025-11-23 01:41:09,mlx5_4,0.000,0.000,127.829,185.229
2025-11-23 01:41:09,mlx5_5,0.000,0.000,122.063,157.162
2025-11-23 01:41:09,mlx5_6,0.000,0.000,126.465,179.365
2025-11-23 01:41:09,mlx5_7,0.000,0.000,0.000,0.000
2025-11-23 01:41:09,mlx5_8,0.000,0.000,124.134,169.113
2025-11-23 01:41:09,mlx5_9,0.000,0.000,128.988,190.809
2025-11-23 01:41:09,TOTAL,0.000,0.000,999.999,1372.082
2025-11-23 01:41:10,mlx5_0,0.000,0.000,0.000,0.000
2025-11-23 01:41:10,mlx5_1,4.565,0.006,122.668,152.320
2025-11-23 01:41:10,mlx5_2,4.603,0.006,125.621,174.012
2025-11-23 01:41:10,mlx5_3,4.564,0.006,123.955,164.075
2025-11-23 01:41:10,mlx5_4,4.740,0.006,128.424,185.230
2025-11-23 01:41:10,mlx5_5,4.580,0.006,122.638,157.162
2025-11-23 01:41:10,mlx5_6,4.517,0.006,127.032,179.366
2025-11-23 01:41:10,mlx5_7,0.000,0.000,0.000,0.000
2025-11-23 01:41:10,mlx5_8,4.633,0.006,124.715,169.113
2025-11-23 01:41:10,mlx5_9,5.050,0.007,129.622,190.810
2025-11-23 01:41:10,TOTAL,37.253,0.048,1004.675,1372.088
2025-11-23 01:41:11,mlx5_0,0.000,0.000,0.000,0.000
2025-11-23 01:41:11,mlx5_1,0.000,0.000,122.668,152.320
2025-11-23 01:41:11,mlx5_2,0.000,0.000,125.621,174.012
2025-11-23 01:41:11,mlx5_3,0.000,0.000,123.955,164.075
2025-11-23 01:41:11,mlx5_4,0.000,0.000,128.424,185.230
2025-11-23 01:41:11,mlx5_5,0.000,0.000,122.638,157.162
2025-11-23 01:41:11,mlx5_6,0.000,0.000,127.032,179.366
2025-11-23 01:41:11,mlx5_7,0.000,0.000,0.000,0.000
2025-11-23 01:41:11,mlx5_8,0.000,0.000,124.715,169.113
2025-11-23 01:41:11,mlx5_9,0.000,0.000,129.622,190.810
2025-11-23 01:41:11,TOTAL,0.000,0.000,1004.675,1372.088
2025-11-23 01:41:12,mlx5_0,0.000,0.000,0.000,0.000
2025-11-23 01:41:12,mlx5_1,0.000,0.000,122.668,152.320
2025-11-23 01:41:12,mlx5_2,0.000,0.000,125.621,174.012
2025-11-23 01:41:12,mlx5_3,0.000,0.000,123.955,164.075
2025-11-23 01:41:12,mlx5_4,0.000,0.000,128.424,185.230
2025-11-23 01:41:12,mlx5_5,0.000,0.000,122.638,157.162
2025-11-23 01:41:12,mlx5_6,0.000,0.000,127.032,179.366
2025-11-23 01:41:12,mlx5_7,0.000,0.000,0.000,0.000
2025-11-23 01:41:12,mlx5_8,0.000,0.000,124.715,169.113
2025-11-23 01:41:12,mlx5_9,0.000,0.000,129.622,190.810
2025-11-23 01:41:12,TOTAL,0.000,0.000,1004.675,1372.088
2025-11-23 01:41:13,mlx5_0,0.000,0.000,0.000,0.000
2025-11-23 01:41:13,mlx5_1,0.000,0.000,122.668,152.320
2025-11-23 01:41:13,mlx5_2,0.000,0.000,125.621,174.012
2025-11-23 01:41:13,mlx5_3,0.000,0.000,123.955,164.075
2025-11-23 01:41:13,mlx5_4,0.000,0.000,128.424,185.230
2025-11-23 01:41:13,mlx5_5,0.000,0.000,122.638,157.162
2025-11-23 01:41:13,mlx5_6,0.000,0.000,127.032,179.366
2025-11-23 01:41:13,mlx5_7,0.000,0.000,0.000,0.000
2025-11-23 01:41:13,mlx5_8,0.000,0.000,124.715,169.113
2025-11-23 01:41:13,mlx5_9,0.000,0.000,129.622,190.810
2025-11-23 01:41:13,TOTAL,0.000,0.000,1004.675,1372.088
2025-11-23 01:41:14,mlx5_0,0.000,0.000,0.000,0.000
2025-11-23 01:41:14,mlx5_1,0.000,0.000,122.668,152.320
2025-11-23 01:41:14,mlx5_2,0.000,0.000,125.621,174.012
2025-11-23 01:41:14,mlx5_3,0.000,0.000,123.955,164.075
2025-11-23 01:41:14,mlx5_4,0.000,0.000,128.424,185.230
2025-11-23 01:41:14,mlx5_5,0.000,0.000,122.638,157.162
2025-11-23 01:41:14,mlx5_6,0.000,0.000,127.032,179.366
2025-11-23 01:41:14,mlx5_7,0.000,0.000,0.000,0.000
2025-11-23 01:41:14,mlx5_8,0.000,0.000,124.715,169.113
2025-11-23 01:41:14,mlx5_9,0.000,0.000,129.622,190.810
2025-11-23 01:41:14,TOTAL,0.000,0.000,1004.675,1372.088
2025-11-23 01:41:15,mlx5_0,0.000,0.000,0.000,0.000
2025-11-23 01:41:15,mlx5_1,4.558,0.006,123.241,152.321
2025-11-23 01:41:15,mlx5_2,4.794,0.006,126.224,174.013
2025-11-23 01:41:15,mlx5_3,4.538,0.006,124.525,164.075
2025-11-23 01:41:15,mlx5_4,4.783,0.006,129.025,185.231
2025-11-23 01:41:15,mlx5_5,4.524,0.006,123.206,157.163
2025-11-23 01:41:15,mlx5_6,4.581,0.006,127.608,179.367
2025-11-23 01:41:15,mlx5_7,0.000,0.000,0.000,0.000
2025-11-23 01:41:15,mlx5_8,4.625,0.006,125.296,169.114
2025-11-23 01:41:15,mlx5_9,4.819,0.006,130.227,190.811
2025-11-23 01:41:15,TOTAL,37.223,0.048,1009.351,1372.094
2025-11-23 01:41:16,mlx5_0,0.000,0.000,0.000,0.000
2025-11-23 01:41:16,mlx5_1,0.000,0.000,123.241,152.321
2025-11-23 01:41:16,mlx5_2,0.000,0.000,126.224,174.013
2025-11-23 01:41:16,mlx5_3,0.000,0.000,124.525,164.075
2025-11-23 01:41:16,mlx5_4,0.000,0.000,129.025,185.231
2025-11-23 01:41:16,mlx5_5,0.000,0.000,123.206,157.163
2025-11-23 01:41:16,mlx5_6,0.000,0.000,127.608,179.367
2025-11-23 01:41:16,mlx5_7,0.000,0.000,0.000,0.000
2025-11-23 01:41:16,mlx5_8,0.000,0.000,125.296,169.114
2025-11-23 01:41:16,mlx5_9,0.000,0.000,130.227,190.811
2025-11-23 01:41:16,TOTAL,0.000,0.000,1009.351,1372.094
2025-11-23 01:41:17,mlx5_0,0.000,0.000,0.000,0.000
2025-11-23 01:41:17,mlx5_1,0.000,0.000,123.241,152.321
2025-11-23 01:41:17,mlx5_2,0.000,0.000,126.224,174.013
2025-11-23 01:41:17,mlx5_3,0.000,0.000,124.525,164.075
2025-11-23 01:41:17,mlx5_4,0.000,0.000,129.025,185.231
2025-11-23 01:41:17,mlx5_5,0.000,0.000,123.206,157.163
2025-11-23 01:41:17,mlx5_6,0.000,0.000,127.608,179.367
2025-11-23 01:41:17,mlx5_7,0.000,0.000,0.000,0.000
2025-11-23 01:41:17,mlx5_8,0.000,0.000,125.296,169.114
2025-11-23 01:41:17,mlx5_9,0.000,0.000,130.227,190.811
2025-11-23 01:41:17,TOTAL,0.000,0.000,1009.351,1372.094
2025-11-23 01:41:18,mlx5_0,0.000,0.000,0.000,0.000
2025-11-23 01:41:18,mlx5_1,0.000,0.000,123.241,152.321
2025-11-23 01:41:18,mlx5_2,0.000,0.000,126.224,174.013
2025-11-23 01:41:18,mlx5_3,0.000,0.000,124.525,164.075
2025-11-23 01:41:18,mlx5_4,0.000,0.000,129.025,185.231
2025-11-23 01:41:18,mlx5_5,0.000,0.000,123.206,157.163
2025-11-23 01:41:18,mlx5_6,0.000,0.000,127.608,179.367
2025-11-23 01:41:18,mlx5_7,0.000,0.000,0.000,0.000
2025-11-23 01:41:18,mlx5_8,0.000,0.000,125.296,169.114
2025-11-23 01:41:18,mlx5_9,0.000,0.000,130.227,190.811
2025-11-23 01:41:18,TOTAL,0.000,0.000,1009.351,1372.094
2025-11-23 01:41:19,mlx5_0,0.000,0.000,0.000,0.000
2025-11-23 01:41:19,mlx5_1,4.504,6.813,123.806,153.177
2025-11-23 01:41:19,mlx5_2,4.769,8.245,126.823,175.049
2025-11-23 01:41:19,mlx5_3,4.683,7.009,125.113,164.956
2025-11-23 01:41:19,mlx5_4,4.763,8.051,129.624,186.242
2025-11-23 01:41:19,mlx5_5,4.436,6.931,123.763,158.034
2025-11-23 01:41:19,mlx5_6,4.734,8.279,128.202,180.407
2025-11-23 01:41:19,mlx5_7,0.000,0.000,0.000,0.000
2025-11-23 01:41:19,mlx5_8,4.735,7.529,125.891,170.060
2025-11-23 01:41:19,mlx5_9,4.720,8.698,130.820,191.904
2025-11-23 01:41:19,TOTAL,37.344,61.555,1014.043,1379.827
2025-11-23 01:41:20,mlx5_0,0.000,0.000,0.000,0.000
2025-11-23 01:41:20,mlx5_1,0.035,18.676,123.811,155.524
2025-11-23 01:41:20,mlx5_2,0.037,21.031,126.828,177.692
2025-11-23 01:41:20,mlx5_3,0.039,19.787,125.118,167.443
2025-11-23 01:41:20,mlx5_4,0.041,21.877,129.629,188.991
2025-11-23 01:41:20,mlx5_5,0.039,18.795,123.768,160.396
2025-11-23 01:41:20,mlx5_6,0.039,22.039,128.207,183.176
2025-11-23 01:41:20,mlx5_7,0.000,0.000,0.000,0.000
2025-11-23 01:41:20,mlx5_8,0.039,20.251,125.896,172.605
2025-11-23 01:41:20,mlx5_9,0.040,22.444,130.825,194.724
2025-11-23 01:41:20,TOTAL,0.309,164.899,1014.082,1400.551
2025-11-23 01:41:21,mlx5_0,0.000,0.000,0.000,0.000
2025-11-23 01:41:21,mlx5_1,0.000,0.000,123.811,155.524
2025-11-23 01:41:21,mlx5_2,0.000,0.000,126.828,177.692
2025-11-23 01:41:21,mlx5_3,0.000,0.000,125.118,167.443
2025-11-23 01:41:21,mlx5_4,0.000,0.000,129.629,188.991
2025-11-23 01:41:21,mlx5_5,0.000,0.000,123.768,160.396
2025-11-23 01:41:21,mlx5_6,0.000,0.000,128.207,183.176
2025-11-23 01:41:21,mlx5_7,0.000,0.000,0.000,0.000
2025-11-23 01:41:21,mlx5_8,0.000,0.000,125.896,172.605
2025-11-23 01:41:21,mlx5_9,0.000,0.000,130.825,194.724
2025-11-23 01:41:21,TOTAL,0.000,0.000,1014.082,1400.551
2025-11-23 01:41:22,mlx5_0,0.000,0.000,0.000,0.000
2025-11-23 01:41:22,mlx5_1,0.000,0.000,123.811,155.524
2025-11-23 01:41:22,mlx5_2,0.000,0.000,126.828,177.692
2025-11-23 01:41:22,mlx5_3,0.000,0.000,125.118,167.443
2025-11-23 01:41:22,mlx5_4,0.000,0.000,129.629,188.991
2025-11-23 01:41:22,mlx5_5,0.000,0.000,123.768,160.396
2025-11-23 01:41:22,mlx5_6,0.000,0.000,128.207,183.176
2025-11-23 01:41:22,mlx5_7,0.000,0.000,0.000,0.000
2025-11-23 01:41:22,mlx5_8,0.000,0.000,125.896,172.605
2025-11-23 01:41:22,mlx5_9,0.000,0.000,130.825,194.724
2025-11-23 01:41:22,TOTAL,0.000,0.000,1014.082,1400.551
2025-11-23 01:41:23,mlx5_0,0.000,0.000,0.000,0.000
2025-11-23 01:41:23,mlx5_1,4.585,0.006,124.387,155.524
2025-11-23 01:41:23,mlx5_2,4.851,0.006,127.437,177.693
2025-11-23 01:41:23,mlx5_3,4.678,0.006,125.706,167.444
2025-11-23 01:41:23,mlx5_4,4.852,0.006,130.238,188.992
2025-11-23 01:41:23,mlx5_5,4.658,0.006,124.353,160.397
2025-11-23 01:41:23,mlx5_6,4.747,0.006,128.803,183.177
2025-11-23 01:41:23,mlx5_7,0.000,0.000,0.000,0.000
2025-11-23 01:41:23,mlx5_8,4.650,0.006,126.480,172.606
2025-11-23 01:41:23,mlx5_9,4.933,0.007,131.444,194.725
2025-11-23 01:41:23,TOTAL,37.953,0.050,1018.849,1400.557
2025-11-23 01:41:24,mlx5_0,0.000,0.000,0.000,0.000
2025-11-23 01:41:24,mlx5_1,0.000,0.000,124.387,155.524
2025-11-23 01:41:24,mlx5_2,0.000,0.000,127.437,177.693
2025-11-23 01:41:24,mlx5_3,0.000,0.000,125.706,167.444
2025-11-23 01:41:24,mlx5_4,0.000,0.000,130.238,188.992
2025-11-23 01:41:24,mlx5_5,0.000,0.000,124.353,160.397
2025-11-23 01:41:24,mlx5_6,0.000,0.000,128.803,183.177
2025-11-23 01:41:24,mlx5_7,0.000,0.000,0.000,0.000
2025-11-23 01:41:24,mlx5_8,0.000,0.000,126.480,172.606
2025-11-23 01:41:24,mlx5_9,0.000,0.000,131.444,194.725
2025-11-23 01:41:24,TOTAL,0.000,0.000,1018.849,1400.557
2025-11-23 01:41:25,mlx5_0,0.000,0.000,0.000,0.000
2025-11-23 01:41:25,mlx5_1,0.000,0.000,124.387,155.524
2025-11-23 01:41:25,mlx5_2,0.000,0.000,127.437,177.693
2025-11-23 01:41:25,mlx5_3,0.000,0.000,125.706,167.444
2025-11-23 01:41:25,mlx5_4,0.000,0.000,130.238,188.992
2025-11-23 01:41:25,mlx5_5,0.000,0.000,124.353,160.397
2025-11-23 01:41:25,mlx5_6,0.000,0.000,128.803,183.177
2025-11-23 01:41:25,mlx5_7,0.000,0.000,0.000,0.000
2025-11-23 01:41:25,mlx5_8,0.000,0.000,126.480,172.606
2025-11-23 01:41:25,mlx5_9,0.000,0.000,131.444,194.725
2025-11-23 01:41:25,TOTAL,0.000,0.000,1018.849,1400.557
2025-11-23 01:41:26,mlx5_0,0.000,0.000,0.000,0.000
2025-11-23 01:41:26,mlx5_1,0.000,0.000,124.387,155.524
2025-11-23 01:41:26,mlx5_2,0.000,0.000,127.437,177.693
2025-11-23 01:41:26,mlx5_3,0.000,0.000,125.706,167.444
2025-11-23 01:41:26,mlx5_4,0.000,0.000,130.238,188.992
2025-11-23 01:41:26,mlx5_5,0.000,0.000,124.353,160.397
2025-11-23 01:41:26,mlx5_6,0.000,0.000,128.803,183.177
2025-11-23 01:41:26,mlx5_7,0.000,0.000,0.000,0.000
2025-11-23 01:41:26,mlx5_8,0.000,0.000,126.480,172.606
2025-11-23 01:41:26,mlx5_9,0.000,0.000,131.444,194.725
2025-11-23 01:41:26,TOTAL,0.000,0.000,1018.849,1400.557
2025-11-23 01:41:27,mlx5_0,0.000,0.000,0.000,0.000
2025-11-23 01:41:27,mlx5_1,4.395,0.006,124.939,155.525
2025-11-23 01:41:27,mlx5_2,4.674,0.006,128.024,177.693
2025-11-23 01:41:27,mlx5_3,4.673,0.006,126.294,167.444
2025-11-23 01:41:27,mlx5_4,4.702,0.006,130.829,188.993
2025-11-23 01:41:27,mlx5_5,4.545,0.006,124.925,160.397
2025-11-23 01:41:27,mlx5_6,4.785,0.006,129.405,183.178
2025-11-23 01:41:27,mlx5_7,0.000,0.000,0.000,0.000
2025-11-23 01:41:27,mlx5_8,4.680,0.006,127.069,172.607
2025-11-23 01:41:27,mlx5_9,4.741,0.006,132.040,194.726
2025-11-23 01:41:27,TOTAL,37.194,0.048,1023.525,1400.563
2025-11-23 01:41:28,mlx5_0,0.000,0.000,0.000,0.000
2025-11-23 01:41:28,mlx5_1,0.000,0.000,124.939,155.525
2025-11-23 01:41:28,mlx5_2,0.000,0.000,128.024,177.693
2025-11-23 01:41:28,mlx5_3,0.000,0.000,126.294,167.444
2025-11-23 01:41:28,mlx5_4,0.000,0.000,130.829,188.993
2025-11-23 01:41:28,mlx5_5,0.000,0.000,124.925,160.397
2025-11-23 01:41:28,mlx5_6,0.000,0.000,129.405,183.178
2025-11-23 01:41:28,mlx5_7,0.000,0.000,0.000,0.000
2025-11-23 01:41:28,mlx5_8,0.000,0.000,127.069,172.607
2025-11-23 01:41:28,mlx5_9,0.000,0.000,132.040,194.726
2025-11-23 01:41:28,TOTAL,0.000,0.000,1023.525,1400.563
2025-11-23 01:41:29,mlx5_0,0.000,0.000,0.000,0.000
2025-11-23 01:41:29,mlx5_1,0.000,0.000,124.939,155.525
2025-11-23 01:41:29,mlx5_2,0.000,0.000,128.024,177.693
2025-11-23 01:41:29,mlx5_3,0.000,0.000,126.294,167.444
2025-11-23 01:41:29,mlx5_4,0.000,0.000,130.829,188.993
2025-11-23 01:41:29,mlx5_5,0.000,0.000,124.925,160.397
2025-11-23 01:41:29,mlx5_6,0.000,0.000,129.405,183.178
2025-11-23 01:41:29,mlx5_7,0.000,0.000,0.000,0.000
2025-11-23 01:41:29,mlx5_8,0.000,0.000,127.069,172.607
2025-11-23 01:41:29,mlx5_9,0.000,0.000,132.040,194.726
2025-11-23 01:41:29,TOTAL,0.000,0.000,1023.525,1400.563
2025-11-23 01:41:30,mlx5_0,0.000,0.000,0.000,0.000
2025-11-23 01:41:30,mlx5_1,4.551,0.006,125.511,155.526
2025-11-23 01:41:30,mlx5_2,4.666,0.006,128.610,177.694
2025-11-23 01:41:30,mlx5_3,4.695,0.006,126.883,167.445
2025-11-23 01:41:30,mlx5_4,4.731,0.006,131.424,188.994
2025-11-23 01:41:30,mlx5_5,4.495,0.006,125.489,160.398
2025-11-23 01:41:30,mlx5_6,4.641,0.006,129.988,183.179
2025-11-23 01:41:30,mlx5_7,0.000,0.000,0.000,0.000
2025-11-23 01:41:30,mlx5_8,4.623,0.006,127.649,172.607
2025-11-23 01:41:30,mlx5_9,4.826,0.006,132.647,194.727
2025-11-23 01:41:30,TOTAL,37.228,0.048,1028.201,1400.569
2025-11-23 01:41:31,mlx5_0,0.000,0.000,0.000,0.000
2025-11-23 01:41:31,mlx5_1,0.000,0.000,125.511,155.526
2025-11-23 01:41:31,mlx5_2,0.000,0.000,128.610,177.694
2025-11-23 01:41:31,mlx5_3,0.000,0.000,126.883,167.445
2025-11-23 01:41:31,mlx5_4,0.000,0.000,131.424,188.994
2025-11-23 01:41:31,mlx5_5,0.000,0.000,125.489,160.398
2025-11-23 01:41:31,mlx5_6,0.000,0.000,129.988,183.179
2025-11-23 01:41:31,mlx5_7,0.000,0.000,0.000,0.000
2025-11-23 01:41:31,mlx5_8,0.000,0.000,127.649,172.607
2025-11-23 01:41:31,mlx5_9,0.000,0.000,132.647,194.727
2025-11-23 01:41:31,TOTAL,0.000,0.000,1028.201,1400.569
2025-11-23 01:41:32,mlx5_0,0.000,0.000,0.000,0.000
2025-11-23 01:41:32,mlx5_1,0.000,0.000,125.511,155.526
2025-11-23 01:41:32,mlx5_2,0.000,0.000,128.610,177.694
2025-11-23 01:41:32,mlx5_3,0.000,0.000,126.883,167.445
2025-11-23 01:41:32,mlx5_4,0.000,0.000,131.424,188.994
2025-11-23 01:41:32,mlx5_5,0.000,0.000,125.489,160.398
2025-11-23 01:41:32,mlx5_6,0.000,0.000,129.988,183.179
2025-11-23 01:41:32,mlx5_7,0.000,0.000,0.000,0.000
2025-11-23 01:41:32,mlx5_8,0.000,0.000,127.649,172.607
2025-11-23 01:41:32,mlx5_9,0.000,0.000,132.647,194.727
2025-11-23 01:41:32,TOTAL,0.000,0.000,1028.201,1400.569
2025-11-23 01:41:33,mlx5_0,0.000,0.000,0.000,0.000
2025-11-23 01:41:33,mlx5_1,0.000,0.000,125.511,155.526
2025-11-23 01:41:33,mlx5_2,0.000,0.000,128.610,177.694
2025-11-23 01:41:33,mlx5_3,0.000,0.000,126.883,167.445
2025-11-23 01:41:33,mlx5_4,0.000,0.000,131.424,188.994
2025-11-23 01:41:33,mlx5_5,0.000,0.000,125.489,160.398
2025-11-23 01:41:33,mlx5_6,0.000,0.000,129.988,183.179
2025-11-23 01:41:33,mlx5_7,0.000,0.000,0.000,0.000
2025-11-23 01:41:33,mlx5_8,0.000,0.000,127.649,172.607
2025-11-23 01:41:33,mlx5_9,0.000,0.000,132.647,194.727
2025-11-23 01:41:33,TOTAL,0.000,0.000,1028.201,1400.569
2025-11-23 01:41:34,mlx5_0,0.000,0.000,0.000,0.000
2025-11-23 01:41:34,mlx5_1,4.389,0.006,126.062,155.527
2025-11-23 01:41:34,mlx5_2,4.677,0.006,129.198,177.695
2025-11-23 01:41:34,mlx5_3,4.571,0.006,127.457,167.446
2025-11-23 01:41:34,mlx5_4,4.891,0.006,132.038,188.995
2025-11-23 01:41:34,mlx5_5,4.563,0.006,126.062,160.399
2025-11-23 01:41:34,mlx5_6,4.711,0.006,130.580,183.179
2025-11-23 01:41:34,mlx5_7,0.000,0.000,0.000,0.000
2025-11-23 01:41:34,mlx5_8,4.665,0.006,128.235,172.608
2025-11-23 01:41:34,mlx5_9,4.758,0.006,133.244,194.727
2025-11-23 01:41:34,TOTAL,37.225,0.049,1032.877,1400.576
2025-11-23 01:41:35,mlx5_0,0.000,0.000,0.000,0.000
2025-11-23 01:41:35,mlx5_1,0.000,0.000,126.062,155.527
2025-11-23 01:41:35,mlx5_2,0.000,0.000,129.198,177.695
2025-11-23 01:41:35,mlx5_3,0.000,0.000,127.457,167.446
2025-11-23 01:41:35,mlx5_4,0.000,0.000,132.038,188.995
2025-11-23 01:41:35,mlx5_5,0.000,0.000,126.062,160.399
2025-11-23 01:41:35,mlx5_6,0.000,0.000,130.580,183.179
2025-11-23 01:41:35,mlx5_7,0.000,0.000,0.000,0.000
2025-11-23 01:41:35,mlx5_8,0.000,0.000,128.235,172.608
2025-11-23 01:41:35,mlx5_9,0.000,0.000,133.244,194.727
2025-11-23 01:41:35,TOTAL,0.000,0.000,1032.877,1400.576
2025-11-23 01:41:36,mlx5_0,0.000,0.000,0.000,0.000
2025-11-23 01:41:36,mlx5_1,0.000,0.000,126.062,155.527
2025-11-23 01:41:36,mlx5_2,0.000,0.000,129.198,177.695
2025-11-23 01:41:36,mlx5_3,0.000,0.000,127.457,167.446
2025-11-23 01:41:36,mlx5_4,0.000,0.000,132.038,188.995
2025-11-23 01:41:36,mlx5_5,0.000,0.000,126.062,160.399
2025-11-23 01:41:36,mlx5_6,0.000,0.000,130.580,183.179
2025-11-23 01:41:36,mlx5_7,0.000,0.000,0.000,0.000
2025-11-23 01:41:36,mlx5_8,0.000,0.000,128.235,172.608
2025-11-23 01:41:36,mlx5_9,0.000,0.000,133.244,194.727
2025-11-23 01:41:36,TOTAL,0.000,0.000,1032.877,1400.576
2025-11-23 01:41:37,mlx5_0,0.000,0.000,0.000,0.000
2025-11-23 01:41:37,mlx5_1,0.000,0.000,126.062,155.527
2025-11-23 01:41:37,mlx5_2,0.000,0.000,129.198,177.695
2025-11-23 01:41:37,mlx5_3,0.000,0.000,127.457,167.446
2025-11-23 01:41:37,mlx5_4,0.000,0.000,132.038,188.995
2025-11-23 01:41:37,mlx5_5,0.000,0.000,126.062,160.399
2025-11-23 01:41:37,mlx5_6,0.000,0.000,130.580,183.179
2025-11-23 01:41:37,mlx5_7,0.000,0.000,0.000,0.000
2025-11-23 01:41:37,mlx5_8,0.000,0.000,128.235,172.608
2025-11-23 01:41:37,mlx5_9,0.000,0.000,133.244,194.727
2025-11-23 01:41:37,TOTAL,0.000,0.000,1032.877,1400.576
2025-11-23 01:41:38,mlx5_0,0.000,0.000,0.000,0.000
2025-11-23 01:41:38,mlx5_1,0.000,0.000,126.062,155.527
2025-11-23 01:41:38,mlx5_2,0.000,0.000,129.198,177.695
2025-11-23 01:41:38,mlx5_3,0.000,0.000,127.457,167.446
2025-11-23 01:41:38,mlx5_4,0.000,0.000,132.038,188.995
2025-11-23 01:41:38,mlx5_5,0.000,0.000,126.062,160.399
2025-11-23 01:41:38,mlx5_6,0.000,0.000,130.580,183.179
2025-11-23 01:41:38,mlx5_7,0.000,0.000,0.000,0.000
2025-11-23 01:41:38,mlx5_8,0.000,0.000,128.235,172.608
2025-11-23 01:41:38,mlx5_9,0.000,0.000,133.244,194.727
2025-11-23 01:41:38,TOTAL,0.000,0.000,1032.877,1400.576
2025-11-23 01:41:39,mlx5_0,0.000,0.000,0.000,0.000
2025-11-23 01:41:39,mlx5_1,4.575,0.006,126.636,155.527
2025-11-23 01:41:39,mlx5_2,4.735,0.006,129.792,177.696
2025-11-23 01:41:39,mlx5_3,4.603,0.006,128.035,167.447
2025-11-23 01:41:39,mlx5_4,4.668,0.006,132.624,188.995
2025-11-23 01:41:39,mlx5_5,4.592,0.006,126.639,160.400
2025-11-23 01:41:39,mlx5_6,4.611,0.006,131.158,183.180
2025-11-23 01:41:39,mlx5_7,0.000,0.000,0.000,0.000
2025-11-23 01:41:39,mlx5_8,4.631,0.006,128.817,172.609
2025-11-23 01:41:39,mlx5_9,4.836,0.006,133.851,194.728
2025-11-23 01:41:39,TOTAL,37.251,0.049,1037.553,1400.582
2025-11-23 01:41:40,mlx5_0,0.000,0.000,0.000,0.000
2025-11-23 01:41:40,mlx5_1,0.000,0.000,126.636,155.527
2025-11-23 01:41:40,mlx5_2,0.000,0.000,129.792,177.696
2025-11-23 01:41:40,mlx5_3,0.000,0.000,128.035,167.447
2025-11-23 01:41:40,mlx5_4,0.000,0.000,132.624,188.995
2025-11-23 01:41:40,mlx5_5,0.000,0.000,126.639,160.400
2025-11-23 01:41:40,mlx5_6,0.000,0.000,131.158,183.180
2025-11-23 01:41:40,mlx5_7,0.000,0.000,0.000,0.000
2025-11-23 01:41:40,mlx5_8,0.000,0.000,128.817,172.609
2025-11-23 01:41:40,mlx5_9,0.000,0.000,133.851,194.728
2025-11-23 01:41:40,TOTAL,0.000,0.000,1037.553,1400.582
2025-11-23 01:41:41,mlx5_0,0.000,0.000,0.000,0.000
2025-11-23 01:41:41,mlx5_1,0.000,0.000,126.636,155.527
2025-11-23 01:41:41,mlx5_2,0.000,0.000,129.792,177.696
2025-11-23 01:41:41,mlx5_3,0.000,0.000,128.035,167.447
2025-11-23 01:41:41,mlx5_4,0.000,0.000,132.624,188.995
2025-11-23 01:41:41,mlx5_5,0.000,0.000,126.639,160.400
2025-11-23 01:41:41,mlx5_6,0.000,0.000,131.158,183.180
2025-11-23 01:41:41,mlx5_7,0.000,0.000,0.000,0.000
2025-11-23 01:41:41,mlx5_8,0.000,0.000,128.817,172.609
2025-11-23 01:41:41,mlx5_9,0.000,0.000,133.851,194.728
2025-11-23 01:41:41,TOTAL,0.000,0.000,1037.553,1400.582
2025-11-23 01:41:42,mlx5_0,0.000,0.000,0.000,0.000
2025-11-23 01:41:42,mlx5_1,0.000,0.000,126.636,155.527
2025-11-23 01:41:42,mlx5_2,0.000,0.000,129.792,177.696
2025-11-23 01:41:42,mlx5_3,0.000,0.000,128.035,167.447
2025-11-23 01:41:42,mlx5_4,0.000,0.000,132.624,188.995
2025-11-23 01:41:42,mlx5_5,0.000,0.000,126.639,160.400
2025-11-23 01:41:42,mlx5_6,0.000,0.000,131.158,183.180
2025-11-23 01:41:42,mlx5_7,0.000,0.000,0.000,0.000
2025-11-23 01:41:42,mlx5_8,0.000,0.000,128.817,172.609
2025-11-23 01:41:42,mlx5_9,0.000,0.000,133.851,194.728
2025-11-23 01:41:42,TOTAL,0.000,0.000,1037.553,1400.582
2025-11-23 01:41:43,mlx5_0,0.000,0.000,0.000,0.000
2025-11-23 01:41:43,mlx5_1,0.000,0.000,126.636,155.527
2025-11-23 01:41:43,mlx5_2,0.000,0.000,129.792,177.696
2025-11-23 01:41:43,mlx5_3,0.000,0.000,128.035,167.447
2025-11-23 01:41:43,mlx5_4,0.000,0.000,132.624,188.995
2025-11-23 01:41:43,mlx5_5,0.000,0.000,126.639,160.400
2025-11-23 01:41:43,mlx5_6,0.000,0.000,131.158,183.180
2025-11-23 01:41:43,mlx5_7,0.000,0.000,0.000,0.000
2025-11-23 01:41:43,mlx5_8,0.000,0.000,128.817,172.609
2025-11-23 01:41:43,mlx5_9,0.000,0.000,133.851,194.728
2025-11-23 01:41:43,TOTAL,0.000,0.000,1037.553,1400.582
2025-11-23 01:41:44,mlx5_0,0.000,0.000,0.000,0.000
2025-11-23 01:41:44,mlx5_1,4.681,25.074,127.225,158.679
2025-11-23 01:41:44,mlx5_2,4.627,28.221,130.374,181.243
2025-11-23 01:41:44,mlx5_3,4.620,26.816,128.616,170.817
2025-11-23 01:41:44,mlx5_4,4.936,30.817,133.244,192.869
2025-11-23 01:41:44,mlx5_5,4.522,26.004,127.207,163.668
2025-11-23 01:41:44,mlx5_6,4.781,30.186,131.759,186.974
2025-11-23 01:41:44,mlx5_7,0.000,0.000,0.000,0.000
2025-11-23 01:41:44,mlx5_8,4.600,27.387,129.395,176.051
2025-11-23 01:41:44,mlx5_9,4.864,31.885,134.463,198.736
2025-11-23 01:41:44,TOTAL,37.631,226.391,1042.283,1429.037
2025-11-23 01:41:45,mlx5_0,0.000,0.000,0.000,0.000
2025-11-23 01:41:45,mlx5_1,0.000,0.000,127.225,158.679
2025-11-23 01:41:45,mlx5_2,0.000,0.000,130.374,181.243
2025-11-23 01:41:45,mlx5_3,0.000,0.000,128.616,170.817
2025-11-23 01:41:45,mlx5_4,0.000,0.000,133.244,192.869
2025-11-23 01:41:45,mlx5_5,0.000,0.000,127.207,163.668
2025-11-23 01:41:45,mlx5_6,0.000,0.000,131.759,186.974
2025-11-23 01:41:45,mlx5_7,0.000,0.000,0.000,0.000
2025-11-23 01:41:45,mlx5_8,0.000,0.000,129.395,176.051
2025-11-23 01:41:45,mlx5_9,0.000,0.000,134.463,198.736
2025-11-23 01:41:45,TOTAL,0.000,0.000,1042.283,1429.037
2025-11-23 01:41:46,mlx5_0,0.000,0.000,0.000,0.000
2025-11-23 01:41:46,mlx5_1,0.000,0.000,127.225,158.679
2025-11-23 01:41:46,mlx5_2,0.000,0.000,130.374,181.243
2025-11-23 01:41:46,mlx5_3,0.000,0.000,128.616,170.817
2025-11-23 01:41:46,mlx5_4,0.000,0.000,133.244,192.869
2025-11-23 01:41:46,mlx5_5,0.000,0.000,127.207,163.668
2025-11-23 01:41:46,mlx5_6,0.000,0.000,131.759,186.974
2025-11-23 01:41:46,mlx5_7,0.000,0.000,0.000,0.000
2025-11-23 01:41:46,mlx5_8,0.000,0.000,129.395,176.051
2025-11-23 01:41:46,mlx5_9,0.000,0.000,134.463,198.736
2025-11-23 01:41:46,TOTAL,0.000,0.000,1042.283,1429.037
2025-11-23 01:41:47,mlx5_0,0.000,0.000,0.000,0.000
2025-11-23 01:41:47,mlx5_1,0.000,0.000,127.225,158.679
2025-11-23 01:41:47,mlx5_2,0.000,0.000,130.374,181.243
2025-11-23 01:41:47,mlx5_3,0.000,0.000,128.616,170.817
2025-11-23 01:41:47,mlx5_4,0.000,0.000,133.244,192.869
2025-11-23 01:41:47,mlx5_5,0.000,0.000,127.207,163.668
2025-11-23 01:41:47,mlx5_6,0.000,0.000,131.759,186.974
2025-11-23 01:41:47,mlx5_7,0.000,0.000,0.000,0.000
2025-11-23 01:41:47,mlx5_8,0.000,0.000,129.395,176.051
2025-11-23 01:41:47,mlx5_9,0.000,0.000,134.463,198.736
2025-11-23 01:41:47,TOTAL,0.000,0.000,1042.283,1429.037
2025-11-23 01:41:48,mlx5_0,0.000,0.000,0.000,0.000
2025-11-23 01:41:48,mlx5_1,4.438,0.006,127.782,158.680
2025-11-23 01:41:48,mlx5_2,4.817,0.006,130.979,181.244
2025-11-23 01:41:48,mlx5_3,4.678,0.006,129.203,170.818
2025-11-23 01:41:48,mlx5_4,4.993,0.006,133.871,192.870
2025-11-23 01:41:48,mlx5_5,4.541,0.006,127.778,163.669
2025-11-23 01:41:48,mlx5_6,4.808,0.006,132.363,186.975
2025-11-23 01:41:48,mlx5_7,0.000,0.000,0.000,0.000
2025-11-23 01:41:48,mlx5_8,4.775,0.006,129.994,176.052
2025-11-23 01:41:48,mlx5_9,4.905,0.007,135.079,198.737
2025-11-23 01:41:48,TOTAL,37.957,0.049,1047.050,1429.044
2025-11-23 01:41:49,mlx5_0,0.000,0.000,0.000,0.000
2025-11-23 01:41:49,mlx5_1,0.000,0.000,127.782,158.680
2025-11-23 01:41:49,mlx5_2,0.000,0.000,130.979,181.244
2025-11-23 01:41:49,mlx5_3,0.000,0.000,129.203,170.818
2025-11-23 01:41:49,mlx5_4,0.000,0.000,133.871,192.870
2025-11-23 01:41:49,mlx5_5,0.000,0.000,127.778,163.669
2025-11-23 01:41:49,mlx5_6,0.000,0.000,132.363,186.975
2025-11-23 01:41:49,mlx5_7,0.000,0.000,0.000,0.000
2025-11-23 01:41:49,mlx5_8,0.000,0.000,129.994,176.052
2025-11-23 01:41:49,mlx5_9,0.000,0.000,135.079,198.737
2025-11-23 01:41:49,TOTAL,0.000,0.000,1047.050,1429.044
2025-11-23 01:41:50,mlx5_0,0.000,0.000,0.000,0.000
2025-11-23 01:41:50,mlx5_1,0.000,0.000,127.782,158.680
2025-11-23 01:41:50,mlx5_2,0.000,0.000,130.979,181.244
2025-11-23 01:41:50,mlx5_3,0.000,0.000,129.203,170.818
2025-11-23 01:41:50,mlx5_4,0.000,0.000,133.871,192.870
2025-11-23 01:41:50,mlx5_5,0.000,0.000,127.778,163.669
2025-11-23 01:41:50,mlx5_6,0.000,0.000,132.363,186.975
2025-11-23 01:41:50,mlx5_7,0.000,0.000,0.000,0.000
2025-11-23 01:41:50,mlx5_8,0.000,0.000,129.994,176.052
2025-11-23 01:41:50,mlx5_9,0.000,0.000,135.079,198.737
2025-11-23 01:41:50,TOTAL,0.000,0.000,1047.050,1429.044
2025-11-23 01:41:51,mlx5_0,0.000,0.000,0.000,0.000
2025-11-23 01:41:51,mlx5_1,4.516,0.006,128.349,158.680
2025-11-23 01:41:51,mlx5_2,4.658,0.006,131.564,181.244
2025-11-23 01:41:51,mlx5_3,4.549,0.006,129.775,170.819
2025-11-23 01:41:51,mlx5_4,4.630,0.006,134.453,192.870
2025-11-23 01:41:51,mlx5_5,4.588,0.006,128.354,163.670
2025-11-23 01:41:51,mlx5_6,4.727,0.006,132.957,186.976
2025-11-23 01:41:51,mlx5_7,0.000,0.000,0.000,0.000
2025-11-23 01:41:51,mlx5_8,4.614,0.006,130.574,176.053
2025-11-23 01:41:51,mlx5_9,4.944,0.006,135.700,198.738
2025-11-23 01:41:51,TOTAL,37.225,0.048,1051.726,1429.050
2025-11-23 01:41:52,mlx5_0,0.000,0.000,0.000,0.000
2025-11-23 01:41:52,mlx5_1,0.000,0.000,128.349,158.680
2025-11-23 01:41:52,mlx5_2,0.000,0.000,131.564,181.244
2025-11-23 01:41:52,mlx5_3,0.000,0.000,129.775,170.819
2025-11-23 01:41:52,mlx5_4,0.000,0.000,134.453,192.870
2025-11-23 01:41:52,mlx5_5,0.000,0.000,128.354,163.670
2025-11-23 01:41:52,mlx5_6,0.000,0.000,132.957,186.976
2025-11-23 01:41:52,mlx5_7,0.000,0.000,0.000,0.000
2025-11-23 01:41:52,mlx5_8,0.000,0.000,130.574,176.053
2025-11-23 01:41:52,mlx5_9,0.000,0.000,135.700,198.738
2025-11-23 01:41:52,TOTAL,0.000,0.000,1051.726,1429.050
2025-11-23 01:41:53,mlx5_0,0.000,0.000,0.000,0.000
2025-11-23 01:41:53,mlx5_1,0.000,0.000,128.349,158.680
2025-11-23 01:41:53,mlx5_2,0.000,0.000,131.564,181.244
2025-11-23 01:41:53,mlx5_3,0.000,0.000,129.775,170.819
2025-11-23 01:41:53,mlx5_4,0.000,0.000,134.453,192.870
2025-11-23 01:41:53,mlx5_5,0.000,0.000,128.354,163.670
2025-11-23 01:41:53,mlx5_6,0.000,0.000,132.957,186.976
2025-11-23 01:41:53,mlx5_7,0.000,0.000,0.000,0.000
2025-11-23 01:41:53,mlx5_8,0.000,0.000,130.574,176.053
2025-11-23 01:41:53,mlx5_9,0.000,0.000,135.700,198.738
2025-11-23 01:41:53,TOTAL,0.000,0.000,1051.726,1429.050
2025-11-23 01:41:54,mlx5_0,0.000,0.000,0.000,0.000
2025-11-23 01:41:54,mlx5_1,0.000,0.000,128.349,158.680
2025-11-23 01:41:54,mlx5_2,0.000,0.000,131.564,181.244
2025-11-23 01:41:54,mlx5_3,0.000,0.000,129.775,170.819
2025-11-23 01:41:54,mlx5_4,0.000,0.000,134.453,192.870
2025-11-23 01:41:54,mlx5_5,0.000,0.000,128.354,163.670
2025-11-23 01:41:54,mlx5_6,0.000,0.000,132.957,186.976
2025-11-23 01:41:54,mlx5_7,0.000,0.000,0.000,0.000
2025-11-23 01:41:54,mlx5_8,0.000,0.000,130.574,176.053
2025-11-23 01:41:54,mlx5_9,0.000,0.000,135.700,198.738
2025-11-23 01:41:54,TOTAL,0.000,0.000,1051.726,1429.050
2025-11-23 01:41:55,mlx5_0,0.000,0.000,0.000,0.000
2025-11-23 01:41:55,mlx5_1,4.638,0.006,128.932,158.681
2025-11-23 01:41:55,mlx5_2,4.473,0.006,132.126,181.245
2025-11-23 01:41:55,mlx5_3,4.591,0.006,130.351,170.819
2025-11-23 01:41:55,mlx5_4,4.668,0.006,135.039,192.871
2025-11-23 01:41:55,mlx5_5,4.661,0.006,128.939,163.670
2025-11-23 01:41:55,mlx5_6,4.770,0.006,133.556,186.977
2025-11-23 01:41:55,mlx5_7,0.000,0.000,0.000,0.000
2025-11-23 01:41:55,mlx5_8,4.633,0.006,131.156,176.053
2025-11-23 01:41:55,mlx5_9,4.792,0.006,136.302,198.738
2025-11-23 01:41:55,TOTAL,37.224,0.048,1056.402,1429.056
2025-11-23 01:41:56,mlx5_0,0.000,0.000,0.000,0.000
2025-11-23 01:41:56,mlx5_1,0.000,0.000,128.932,158.681
2025-11-23 01:41:56,mlx5_2,0.000,0.000,132.126,181.245
2025-11-23 01:41:56,mlx5_3,0.000,0.000,130.351,170.819
2025-11-23 01:41:56,mlx5_4,0.000,0.000,135.039,192.871
2025-11-23 01:41:56,mlx5_5,0.000,0.000,128.939,163.670
2025-11-23 01:41:56,mlx5_6,0.000,0.000,133.556,186.977
2025-11-23 01:41:56,mlx5_7,0.000,0.000,0.000,0.000
2025-11-23 01:41:56,mlx5_8,0.000,0.000,131.156,176.053
2025-11-23 01:41:56,mlx5_9,0.000,0.000,136.302,198.738
2025-11-23 01:41:56,TOTAL,0.000,0.000,1056.402,1429.056
2025-11-23 01:41:57,mlx5_0,0.000,0.000,0.000,0.000
2025-11-23 01:41:57,mlx5_1,0.000,0.000,128.932,158.681
2025-11-23 01:41:57,mlx5_2,0.000,0.000,132.126,181.245
2025-11-23 01:41:57,mlx5_3,0.000,0.000,130.351,170.819
2025-11-23 01:41:57,mlx5_4,0.000,0.000,135.039,192.871
2025-11-23 01:41:57,mlx5_5,0.000,0.000,128.939,163.670
2025-11-23 01:41:57,mlx5_6,0.000,0.000,133.556,186.977
2025-11-23 01:41:57,mlx5_7,0.000,0.000,0.000,0.000
2025-11-23 01:41:57,mlx5_8,0.000,0.000,131.156,176.053
2025-11-23 01:41:57,mlx5_9,0.000,0.000,136.302,198.738
2025-11-23 01:41:57,TOTAL,0.000,0.000,1056.402,1429.056
2025-11-23 01:41:58,mlx5_0,0.000,0.000,0.000,0.000
2025-11-23 01:41:58,mlx5_1,0.000,0.000,128.932,158.681
2025-11-23 01:41:58,mlx5_2,0.000,0.000,132.126,181.245
2025-11-23 01:41:58,mlx5_3,0.000,0.000,130.351,170.819
2025-11-23 01:41:58,mlx5_4,0.000,0.000,135.039,192.871
2025-11-23 01:41:58,mlx5_5,0.000,0.000,128.939,163.670
2025-11-23 01:41:58,mlx5_6,0.000,0.000,133.556,186.977
2025-11-23 01:41:58,mlx5_7,0.000,0.000,0.000,0.000
2025-11-23 01:41:58,mlx5_8,0.000,0.000,131.156,176.053
2025-11-23 01:41:58,mlx5_9,0.000,0.000,136.302,198.738
2025-11-23 01:41:58,TOTAL,0.000,0.000,1056.402,1429.056
2025-11-23 01:41:59,mlx5_0,0.000,0.000,0.000,0.000
2025-11-23 01:41:59,mlx5_1,4.415,0.006,129.486,158.682
2025-11-23 01:41:59,mlx5_2,4.765,0.006,132.725,181.246
2025-11-23 01:41:59,mlx5_3,4.567,0.006,130.925,170.820
2025-11-23 01:41:59,mlx5_4,4.664,0.006,135.625,192.872
2025-11-23 01:41:59,mlx5_5,4.603,0.006,129.517,163.671
2025-11-23 01:41:59,mlx5_6,4.937,0.006,134.176,186.978
2025-11-23 01:41:59,mlx5_7,0.000,0.000,0.000,0.000
2025-11-23 01:41:59,mlx5_8,4.513,0.006,131.723,176.054
2025-11-23 01:41:59,mlx5_9,4.763,0.006,136.900,198.739
2025-11-23 01:41:59,TOTAL,37.228,0.048,1061.078,1429.062
2025-11-23 01:42:00,mlx5_0,0.000,0.000,0.000,0.000
2025-11-23 01:42:00,mlx5_1,0.000,0.000,129.486,158.682
2025-11-23 01:42:00,mlx5_2,0.000,0.000,132.725,181.246
2025-11-23 01:42:00,mlx5_3,0.000,0.000,130.925,170.820
2025-11-23 01:42:00,mlx5_4,0.000,0.000,135.625,192.872
2025-11-23 01:42:00,mlx5_5,0.000,0.000,129.517,163.671
2025-11-23 01:42:00,mlx5_6,0.000,0.000,134.176,186.978
2025-11-23 01:42:00,mlx5_7,0.000,0.000,0.000,0.000
2025-11-23 01:42:00,mlx5_8,0.000,0.000,131.723,176.054
2025-11-23 01:42:00,mlx5_9,0.000,0.000,136.900,198.739
2025-11-23 01:42:00,TOTAL,0.000,0.000,1061.078,1429.062
2025-11-23 01:42:01,mlx5_0,0.000,0.000,0.000,0.000
2025-11-23 01:42:01,mlx5_1,0.000,0.000,129.486,158.682
2025-11-23 01:42:01,mlx5_2,0.000,0.000,132.725,181.246
2025-11-23 01:42:01,mlx5_3,0.000,0.000,130.925,170.820
2025-11-23 01:42:01,mlx5_4,0.000,0.000,135.625,192.872
2025-11-23 01:42:01,mlx5_5,0.000,0.000,129.517,163.671
2025-11-23 01:42:01,mlx5_6,0.000,0.000,134.176,186.978
2025-11-23 01:42:01,mlx5_7,0.000,0.000,0.000,0.000
2025-11-23 01:42:01,mlx5_8,0.000,0.000,131.723,176.054
2025-11-23 01:42:01,mlx5_9,0.000,0.000,136.900,198.739
2025-11-23 01:42:01,TOTAL,0.000,0.000,1061.078,1429.062
2025-11-23 01:42:02,mlx5_0,0.000,0.000,0.000,0.000
2025-11-23 01:42:02,mlx5_1,0.000,0.000,129.486,158.682
2025-11-23 01:42:02,mlx5_2,0.000,0.000,132.725,181.246
2025-11-23 01:42:02,mlx5_3,0.000,0.000,130.925,170.820
2025-11-23 01:42:02,mlx5_4,0.000,0.000,135.625,192.872
2025-11-23 01:42:02,mlx5_5,0.000,0.000,129.517,163.671
2025-11-23 01:42:02,mlx5_6,0.000,0.000,134.176,186.978
2025-11-23 01:42:02,mlx5_7,0.000,0.000,0.000,0.000
2025-11-23 01:42:02,mlx5_8,0.000,0.000,131.723,176.054
2025-11-23 01:42:02,mlx5_9,0.000,0.000,136.900,198.739
2025-11-23 01:42:02,TOTAL,0.000,0.000,1061.078,1429.062
2025-11-23 01:42:03,mlx5_0,0.000,0.000,0.000,0.000
2025-11-23 01:42:03,mlx5_1,4.528,0.006,130.055,158.683
2025-11-23 01:42:03,mlx5_2,4.491,0.006,133.289,181.247
2025-11-23 01:42:03,mlx5_3,4.602,0.006,131.503,170.821
2025-11-23 01:42:03,mlx5_4,4.926,0.006,136.244,192.873
2025-11-23 01:42:03,mlx5_5,4.461,0.006,130.078,163.672
2025-11-23 01:42:03,mlx5_6,4.998,0.006,134.804,186.978
2025-11-23 01:42:03,mlx5_7,0.000,0.000,0.000,0.000
2025-11-23 01:42:03,mlx5_8,4.472,0.006,132.285,176.055
2025-11-23 01:42:03,mlx5_9,4.747,0.006,137.496,198.740
2025-11-23 01:42:03,TOTAL,37.224,0.048,1065.754,1429.068
2025-11-23 01:42:04,mlx5_0,0.000,0.000,0.000,0.000
2025-11-23 01:42:04,mlx5_1,0.000,0.000,130.055,158.683
2025-11-23 01:42:04,mlx5_2,0.000,0.000,133.289,181.247
2025-11-23 01:42:04,mlx5_3,0.000,0.000,131.503,170.821
2025-11-23 01:42:04,mlx5_4,0.000,0.000,136.244,192.873
2025-11-23 01:42:04,mlx5_5,0.000,0.000,130.078,163.672
2025-11-23 01:42:04,mlx5_6,0.000,0.000,134.804,186.978
2025-11-23 01:42:04,mlx5_7,0.000,0.000,0.000,0.000
2025-11-23 01:42:04,mlx5_8,0.000,0.000,132.285,176.055
2025-11-23 01:42:04,mlx5_9,0.000,0.000,137.496,198.740
2025-11-23 01:42:04,TOTAL,0.000,0.000,1065.754,1429.068
2025-11-23 01:42:05,mlx5_0,0.000,0.000,0.000,0.000
2025-11-23 01:42:05,mlx5_1,0.000,0.000,130.055,158.683
2025-11-23 01:42:05,mlx5_2,0.000,0.000,133.289,181.247
2025-11-23 01:42:05,mlx5_3,0.000,0.000,131.503,170.821
2025-11-23 01:42:05,mlx5_4,0.000,0.000,136.244,192.873
2025-11-23 01:42:05,mlx5_5,0.000,0.000,130.078,163.672
2025-11-23 01:42:05,mlx5_6,0.000,0.000,134.804,186.978
2025-11-23 01:42:05,mlx5_7,0.000,0.000,0.000,0.000
2025-11-23 01:42:05,mlx5_8,0.000,0.000,132.285,176.055
2025-11-23 01:42:05,mlx5_9,0.000,0.000,137.496,198.740
2025-11-23 01:42:05,TOTAL,0.000,0.000,1065.754,1429.068
2025-11-23 01:42:06,mlx5_0,0.000,0.000,0.000,0.000
2025-11-23 01:42:06,mlx5_1,0.000,0.000,130.055,158.683
2025-11-23 01:42:06,mlx5_2,0.000,0.000,133.289,181.247
2025-11-23 01:42:06,mlx5_3,0.000,0.000,131.503,170.821
2025-11-23 01:42:06,mlx5_4,0.000,0.000,136.244,192.873
2025-11-23 01:42:06,mlx5_5,0.000,0.000,130.078,163.672
2025-11-23 01:42:06,mlx5_6,0.000,0.000,134.804,186.978
2025-11-23 01:42:06,mlx5_7,0.000,0.000,0.000,0.000
2025-11-23 01:42:06,mlx5_8,0.000,0.000,132.285,176.055
2025-11-23 01:42:06,mlx5_9,0.000,0.000,137.496,198.740
2025-11-23 01:42:06,TOTAL,0.000,0.000,1065.754,1429.068
2025-11-23 01:42:07,mlx5_0,0.000,0.000,0.000,0.000
2025-11-23 01:42:07,mlx5_1,0.000,0.000,130.055,158.683
2025-11-23 01:42:07,mlx5_2,0.000,0.000,133.289,181.247
2025-11-23 01:42:07,mlx5_3,0.000,0.000,131.503,170.821
2025-11-23 01:42:07,mlx5_4,0.000,0.000,136.244,192.873
2025-11-23 01:42:07,mlx5_5,0.000,0.000,130.078,163.672
2025-11-23 01:42:07,mlx5_6,0.000,0.000,134.804,186.978
2025-11-23 01:42:07,mlx5_7,0.000,0.000,0.000,0.000
2025-11-23 01:42:07,mlx5_8,0.000,0.000,132.285,176.055
2025-11-23 01:42:07,mlx5_9,0.000,0.000,137.496,198.740
2025-11-23 01:42:07,TOTAL,0.000,0.000,1065.754,1429.068
2025-11-23 01:42:08,mlx5_0,0.000,0.000,0.000,0.000
2025-11-23 01:42:08,mlx5_1,4.541,25.407,130.626,161.875
2025-11-23 01:42:08,mlx5_2,4.628,28.762,133.870,184.860
2025-11-23 01:42:08,mlx5_3,4.670,27.174,132.090,174.235
2025-11-23 01:42:08,mlx5_4,4.923,30.572,136.862,196.714
2025-11-23 01:42:08,mlx5_5,4.621,25.791,130.658,166.912
2025-11-23 01:42:08,mlx5_6,4.714,29.072,135.396,190.631
2025-11-23 01:42:08,mlx5_7,0.000,0.000,0.000,0.000
2025-11-23 01:42:08,mlx5_8,4.784,28.062,132.886,179.581
2025-11-23 01:42:08,mlx5_9,4.760,31.655,138.094,202.717
2025-11-23 01:42:08,TOTAL,37.641,226.495,1070.483,1457.524
2025-11-23 01:42:09,mlx5_0,0.000,0.000,0.000,0.000
2025-11-23 01:42:09,mlx5_1,0.000,0.000,130.626,161.875
2025-11-23 01:42:09,mlx5_2,0.000,0.000,133.870,184.860
2025-11-23 01:42:09,mlx5_3,0.000,0.000,132.090,174.235
2025-11-23 01:42:09,mlx5_4,0.000,0.000,136.862,196.714
2025-11-23 01:42:09,mlx5_5,0.000,0.000,130.658,166.912
2025-11-23 01:42:09,mlx5_6,0.000,0.000,135.396,190.631
2025-11-23 01:42:09,mlx5_7,0.000,0.000,0.000,0.000
2025-11-23 01:42:09,mlx5_8,0.000,0.000,132.886,179.581
2025-11-23 01:42:09,mlx5_9,0.000,0.000,138.094,202.717
2025-11-23 01:42:09,TOTAL,0.000,0.000,1070.483,1457.524
2025-11-23 01:42:10,mlx5_0,0.000,0.000,0.000,0.000
2025-11-23 01:42:10,mlx5_1,0.000,0.000,130.626,161.875
2025-11-23 01:42:10,mlx5_2,0.000,0.000,133.870,184.860
2025-11-23 01:42:10,mlx5_3,0.000,0.000,132.090,174.235
2025-11-23 01:42:10,mlx5_4,0.000,0.000,136.862,196.714
2025-11-23 01:42:10,mlx5_5,0.000,0.000,130.658,166.912
2025-11-23 01:42:10,mlx5_6,0.000,0.000,135.396,190.631
2025-11-23 01:42:10,mlx5_7,0.000,0.000,0.000,0.000
2025-11-23 01:42:10,mlx5_8,0.000,0.000,132.886,179.581
2025-11-23 01:42:10,mlx5_9,0.000,0.000,138.094,202.717
2025-11-23 01:42:10,TOTAL,0.000,0.000,1070.483,1457.524
2025-11-23 01:42:11,mlx5_0,0.000,0.000,0.000,0.000
2025-11-23 01:42:11,mlx5_1,0.000,0.000,130.626,161.875
2025-11-23 01:42:11,mlx5_2,0.000,0.000,133.870,184.860
2025-11-23 01:42:11,mlx5_3,0.000,0.000,132.090,174.235
2025-11-23 01:42:11,mlx5_4,0.000,0.000,136.862,196.714
2025-11-23 01:42:11,mlx5_5,0.000,0.000,130.658,166.912
2025-11-23 01:42:11,mlx5_6,0.000,0.000,135.396,190.631
2025-11-23 01:42:11,mlx5_7,0.000,0.000,0.000,0.000
2025-11-23 01:42:11,mlx5_8,0.000,0.000,132.886,179.581
2025-11-23 01:42:11,mlx5_9,0.000,0.000,138.094,202.717
2025-11-23 01:42:11,TOTAL,0.000,0.000,1070.483,1457.524
2025-11-23 01:42:12,mlx5_0,0.000,0.000,0.000,0.000
2025-11-23 01:42:12,mlx5_1,4.528,0.006,131.195,161.876
2025-11-23 01:42:12,mlx5_2,4.791,0.006,134.472,184.861
2025-11-23 01:42:12,mlx5_3,4.680,0.006,132.678,174.236
2025-11-23 01:42:12,mlx5_4,4.925,0.006,137.481,196.715
2025-11-23 01:42:12,mlx5_5,4.731,0.006,131.253,166.913
2025-11-23 01:42:12,mlx5_6,4.725,0.006,135.990,190.632
2025-11-23 01:42:12,mlx5_7,0.000,0.000,0.000,0.000
2025-11-23 01:42:12,mlx5_8,4.772,0.006,133.485,179.581
2025-11-23 01:42:12,mlx5_9,4.796,0.006,138.697,202.718
2025-11-23 01:42:12,TOTAL,37.948,0.050,1075.250,1457.531
2025-11-23 01:42:13,mlx5_0,0.000,0.000,0.000,0.000
2025-11-23 01:42:13,mlx5_1,0.000,0.000,131.195,161.876
2025-11-23 01:42:13,mlx5_2,0.000,0.000,134.472,184.861
2025-11-23 01:42:13,mlx5_3,0.000,0.000,132.678,174.236
2025-11-23 01:42:13,mlx5_4,0.000,0.000,137.481,196.715
2025-11-23 01:42:13,mlx5_5,0.000,0.000,131.253,166.913
2025-11-23 01:42:13,mlx5_6,0.000,0.000,135.990,190.632
2025-11-23 01:42:13,mlx5_7,0.000,0.000,0.000,0.000
2025-11-23 01:42:13,mlx5_8,0.000,0.000,133.485,179.581
2025-11-23 01:42:13,mlx5_9,0.000,0.000,138.697,202.718
2025-11-23 01:42:13,TOTAL,0.000,0.000,1075.250,1457.531
2025-11-23 01:42:14,mlx5_0,0.000,0.000,0.000,0.000
2025-11-23 01:42:14,mlx5_1,0.000,0.000,131.195,161.876
2025-11-23 01:42:14,mlx5_2,0.000,0.000,134.472,184.861
2025-11-23 01:42:14,mlx5_3,0.000,0.000,132.678,174.236
2025-11-23 01:42:14,mlx5_4,0.000,0.000,137.481,196.715
2025-11-23 01:42:14,mlx5_5,0.000,0.000,131.253,166.913
2025-11-23 01:42:14,mlx5_6,0.000,0.000,135.990,190.632
2025-11-23 01:42:14,mlx5_7,0.000,0.000,0.000,0.000
2025-11-23 01:42:14,mlx5_8,0.000,0.000,133.485,179.581
2025-11-23 01:42:14,mlx5_9,0.000,0.000,138.697,202.718
2025-11-23 01:42:14,TOTAL,0.000,0.000,1075.250,1457.531
2025-11-23 01:42:15,mlx5_0,0.000,0.000,0.000,0.000
2025-11-23 01:42:15,mlx5_1,4.489,0.006,131.758,161.876
2025-11-23 01:42:15,mlx5_2,4.808,0.006,135.075,184.862
2025-11-23 01:42:15,mlx5_3,4.583,0.006,133.253,174.236
2025-11-23 01:42:15,mlx5_4,4.766,0.006,138.079,196.715
2025-11-23 01:42:15,mlx5_5,4.633,0.006,131.834,166.914
2025-11-23 01:42:15,mlx5_6,4.718,0.006,136.582,190.632
2025-11-23 01:42:15,mlx5_7,0.000,0.000,0.000,0.000
2025-11-23 01:42:15,mlx5_8,4.594,0.006,134.062,179.582
2025-11-23 01:42:15,mlx5_9,4.667,0.006,139.283,202.719
2025-11-23 01:42:15,TOTAL,37.258,0.048,1079.926,1457.537
2025-11-23 01:42:16,mlx5_0,0.000,0.000,0.000,0.000
2025-11-23 01:42:16,mlx5_1,0.000,0.000,131.758,161.876
2025-11-23 01:42:16,mlx5_2,0.000,0.000,135.075,184.862
2025-11-23 01:42:16,mlx5_3,0.000,0.000,133.253,174.236
2025-11-23 01:42:16,mlx5_4,0.000,0.000,138.079,196.715
2025-11-23 01:42:16,mlx5_5,0.000,0.000,131.834,166.914
2025-11-23 01:42:16,mlx5_6,0.000,0.000,136.582,190.632
2025-11-23 01:42:16,mlx5_7,0.000,0.000,0.000,0.000
2025-11-23 01:42:16,mlx5_8,0.000,0.000,134.062,179.582
2025-11-23 01:42:16,mlx5_9,0.000,0.000,139.283,202.719
2025-11-23 01:42:16,TOTAL,0.000,0.000,1079.926,1457.537
2025-11-23 01:42:17,mlx5_0,0.000,0.000,0.000,0.000
2025-11-23 01:42:17,mlx5_1,0.000,0.000,131.758,161.876
2025-11-23 01:42:17,mlx5_2,0.000,0.000,135.075,184.862
2025-11-23 01:42:17,mlx5_3,0.000,0.000,133.253,174.236
2025-11-23 01:42:17,mlx5_4,0.000,0.000,138.079,196.715
2025-11-23 01:42:17,mlx5_5,0.000,0.000,131.834,166.914
2025-11-23 01:42:17,mlx5_6,0.000,0.000,136.582,190.632
2025-11-23 01:42:17,mlx5_7,0.000,0.000,0.000,0.000
2025-11-23 01:42:17,mlx5_8,0.000,0.000,134.062,179.582
2025-11-23 01:42:17,mlx5_9,0.000,0.000,139.283,202.719
2025-11-23 01:42:17,TOTAL,0.000,0.000,1079.926,1457.537
2025-11-23 01:42:18,mlx5_0,0.000,0.000,0.000,0.000
2025-11-23 01:42:18,mlx5_1,0.000,0.000,131.758,161.876
2025-11-23 01:42:18,mlx5_2,0.000,0.000,135.075,184.862
2025-11-23 01:42:18,mlx5_3,0.000,0.000,133.253,174.236
2025-11-23 01:42:18,mlx5_4,0.000,0.000,138.079,196.715
2025-11-23 01:42:18,mlx5_5,0.000,0.000,131.834,166.914
2025-11-23 01:42:18,mlx5_6,0.000,0.000,136.582,190.632
2025-11-23 01:42:18,mlx5_7,0.000,0.000,0.000,0.000
2025-11-23 01:42:18,mlx5_8,0.000,0.000,134.062,179.582
2025-11-23 01:42:18,mlx5_9,0.000,0.000,139.283,202.719
2025-11-23 01:42:18,TOTAL,0.000,0.000,1079.926,1457.537
2025-11-23 01:42:19,mlx5_0,0.000,0.000,0.000,0.000
2025-11-23 01:42:19,mlx5_1,4.641,0.006,132.341,161.877
2025-11-23 01:42:19,mlx5_2,4.750,0.006,135.672,184.863
2025-11-23 01:42:19,mlx5_3,4.654,0.006,133.838,174.237
2025-11-23 01:42:19,mlx5_4,4.612,0.006,138.659,196.716
2025-11-23 01:42:19,mlx5_5,4.560,0.006,132.407,166.914
2025-11-23 01:42:19,mlx5_6,4.579,0.006,137.157,190.633
2025-11-23 01:42:19,mlx5_7,0.000,0.000,0.000,0.000
2025-11-23 01:42:19,mlx5_8,4.678,0.006,134.649,179.583
2025-11-23 01:42:19,mlx5_9,4.741,0.006,139.878,202.719
2025-11-23 01:42:19,TOTAL,37.214,0.048,1084.602,1457.543
2025-11-23 01:42:20,mlx5_0,0.000,0.000,0.000,0.000
2025-11-23 01:42:20,mlx5_1,0.000,0.000,132.341,161.877
2025-11-23 01:42:20,mlx5_2,0.000,0.000,135.672,184.863
2025-11-23 01:42:20,mlx5_3,0.000,0.000,133.838,174.237
2025-11-23 01:42:20,mlx5_4,0.000,0.000,138.659,196.716
2025-11-23 01:42:20,mlx5_5,0.000,0.000,132.407,166.914
2025-11-23 01:42:20,mlx5_6,0.000,0.000,137.157,190.633
2025-11-23 01:42:20,mlx5_7,0.000,0.000,0.000,0.000
2025-11-23 01:42:20,mlx5_8,0.000,0.000,134.649,179.583
2025-11-23 01:42:20,mlx5_9,0.000,0.000,139.878,202.719
2025-11-23 01:42:20,TOTAL,0.000,0.000,1084.602,1457.543
2025-11-23 01:42:21,mlx5_0,0.000,0.000,0.000,0.000
2025-11-23 01:42:21,mlx5_1,0.000,0.000,132.341,161.877
2025-11-23 01:42:21,mlx5_2,0.000,0.000,135.672,184.863
2025-11-23 01:42:21,mlx5_3,0.000,0.000,133.838,174.237
2025-11-23 01:42:21,mlx5_4,0.000,0.000,138.659,196.716
2025-11-23 01:42:21,mlx5_5,0.000,0.000,132.407,166.914
2025-11-23 01:42:21,mlx5_6,0.000,0.000,137.157,190.633
2025-11-23 01:42:21,mlx5_7,0.000,0.000,0.000,0.000
2025-11-23 01:42:21,mlx5_8,0.000,0.000,134.649,179.583
2025-11-23 01:42:21,mlx5_9,0.000,0.000,139.878,202.719
2025-11-23 01:42:21,TOTAL,0.000,0.000,1084.602,1457.543
2025-11-23 01:42:22,mlx5_0,0.000,0.000,0.000,0.000
2025-11-23 01:42:22,mlx5_1,0.000,0.000,132.341,161.877
2025-11-23 01:42:22,mlx5_2,0.000,0.000,135.672,184.863
2025-11-23 01:42:22,mlx5_3,0.000,0.000,133.838,174.237
2025-11-23 01:42:22,mlx5_4,0.000,0.000,138.659,196.716
2025-11-23 01:42:22,mlx5_5,0.000,0.000,132.407,166.914
2025-11-23 01:42:22,mlx5_6,0.000,0.000,137.157,190.633
2025-11-23 01:42:22,mlx5_7,0.000,0.000,0.000,0.000
2025-11-23 01:42:22,mlx5_8,0.000,0.000,134.649,179.583
2025-11-23 01:42:22,mlx5_9,0.000,0.000,139.878,202.719
2025-11-23 01:42:22,TOTAL,0.000,0.000,1084.602,1457.543
2025-11-23 01:42:23,mlx5_0,0.000,0.000,0.000,0.000
2025-11-23 01:42:23,mlx5_1,4.784,0.006,132.942,161.878
2025-11-23 01:42:23,mlx5_2,4.548,0.006,136.244,184.863
2025-11-23 01:42:23,mlx5_3,4.495,0.006,134.402,174.238
2025-11-23 01:42:23,mlx5_4,4.806,0.006,139.262,196.717
2025-11-23 01:42:23,mlx5_5,4.605,0.006,132.986,166.915
2025-11-23 01:42:23,mlx5_6,4.638,0.006,137.740,190.634
2025-11-23 01:42:23,mlx5_7,0.000,0.000,0.000,0.000
2025-11-23 01:42:23,mlx5_8,4.497,0.006,135.214,179.584
2025-11-23 01:42:23,mlx5_9,4.853,0.006,140.488,202.720
2025-11-23 01:42:23,TOTAL,37.226,0.048,1089.278,1457.549
2025-11-23 01:42:24,mlx5_0,0.000,0.000,0.000,0.000
2025-11-23 01:42:24,mlx5_1,0.000,0.000,132.942,161.878
2025-11-23 01:42:24,mlx5_2,0.000,0.000,136.244,184.863
2025-11-23 01:42:24,mlx5_3,0.000,0.000,134.402,174.238
2025-11-23 01:42:24,mlx5_4,0.000,0.000,139.262,196.717
2025-11-23 01:42:24,mlx5_5,0.000,0.000,132.986,166.915
2025-11-23 01:42:24,mlx5_6,0.000,0.000,137.740,190.634
2025-11-23 01:42:24,mlx5_7,0.000,0.000,0.000,0.000
2025-11-23 01:42:24,mlx5_8,0.000,0.000,135.214,179.584
2025-11-23 01:42:24,mlx5_9,0.000,0.000,140.488,202.720
2025-11-23 01:42:24,TOTAL,0.000,0.000,1089.278,1457.549
2025-11-23 01:42:25,mlx5_0,0.000,0.000,0.000,0.000
2025-11-23 01:42:25,mlx5_1,0.000,0.000,132.942,161.878
2025-11-23 01:42:25,mlx5_2,0.000,0.000,136.244,184.863
2025-11-23 01:42:25,mlx5_3,0.000,0.000,134.402,174.238
2025-11-23 01:42:25,mlx5_4,0.000,0.000,139.262,196.717
2025-11-23 01:42:25,mlx5_5,0.000,0.000,132.986,166.915
2025-11-23 01:42:25,mlx5_6,0.000,0.000,137.740,190.634
2025-11-23 01:42:25,mlx5_7,0.000,0.000,0.000,0.000
2025-11-23 01:42:25,mlx5_8,0.000,0.000,135.214,179.584
2025-11-23 01:42:25,mlx5_9,0.000,0.000,140.488,202.720
2025-11-23 01:42:25,TOTAL,0.000,0.000,1089.278,1457.549
2025-11-23 01:42:26,mlx5_0,0.000,0.000,0.000,0.000
2025-11-23 01:42:26,mlx5_1,0.000,0.000,132.942,161.878
2025-11-23 01:42:26,mlx5_2,0.000,0.000,136.244,184.863
2025-11-23 01:42:26,mlx5_3,0.000,0.000,134.402,174.238
2025-11-23 01:42:26,mlx5_4,0.000,0.000,139.262,196.717
2025-11-23 01:42:26,mlx5_5,0.000,0.000,132.986,166.915
2025-11-23 01:42:26,mlx5_6,0.000,0.000,137.740,190.634
2025-11-23 01:42:26,mlx5_7,0.000,0.000,0.000,0.000
2025-11-23 01:42:26,mlx5_8,0.000,0.000,135.214,179.584
2025-11-23 01:42:26,mlx5_9,0.000,0.000,140.488,202.720
2025-11-23 01:42:26,TOTAL,0.000,0.000,1089.278,1457.549
2025-11-23 01:42:27,mlx5_0,0.000,0.000,0.000,0.000
2025-11-23 01:42:27,mlx5_1,4.539,0.006,133.512,161.879
2025-11-23 01:42:27,mlx5_2,4.646,0.006,136.827,184.864
2025-11-23 01:42:27,mlx5_3,4.578,0.006,134.977,174.239
2025-11-23 01:42:27,mlx5_4,4.687,0.006,139.851,196.718
2025-11-23 01:42:27,mlx5_5,4.480,0.006,133.548,166.916
2025-11-23 01:42:27,mlx5_6,4.745,0.006,138.336,190.635
2025-11-23 01:42:27,mlx5_7,0.000,0.000,0.000,0.000
2025-11-23 01:42:27,mlx5_8,4.546,0.006,135.785,179.584
2025-11-23 01:42:27,mlx5_9,5.005,0.006,141.117,202.721
2025-11-23 01:42:27,TOTAL,37.225,0.048,1093.954,1457.555
2025-11-23 01:42:28,mlx5_0,0.000,0.000,0.000,0.000
2025-11-23 01:42:28,mlx5_1,0.000,0.000,133.512,161.879
2025-11-23 01:42:28,mlx5_2,0.000,0.000,136.827,184.864
2025-11-23 01:42:28,mlx5_3,0.000,0.000,134.977,174.239
2025-11-23 01:42:28,mlx5_4,0.000,0.000,139.851,196.718
2025-11-23 01:42:28,mlx5_5,0.000,0.000,133.548,166.916
2025-11-23 01:42:28,mlx5_6,0.000,0.000,138.336,190.635
2025-11-23 01:42:28,mlx5_7,0.000,0.000,0.000,0.000
2025-11-23 01:42:28,mlx5_8,0.000,0.000,135.785,179.584
2025-11-23 01:42:28,mlx5_9,0.000,0.000,141.117,202.721
2025-11-23 01:42:28,TOTAL,0.000,0.000,1093.954,1457.555
2025-11-23 01:42:29,mlx5_0,0.000,0.000,0.000,0.000
2025-11-23 01:42:29,mlx5_1,0.000,0.000,133.512,161.879
2025-11-23 01:42:29,mlx5_2,0.000,0.000,136.827,184.864
2025-11-23 01:42:29,mlx5_3,0.000,0.000,134.977,174.239
2025-11-23 01:42:29,mlx5_4,0.000,0.000,139.851,196.718
2025-11-23 01:42:29,mlx5_5,0.000,0.000,133.548,166.916
2025-11-23 01:42:29,mlx5_6,0.000,0.000,138.336,190.635
2025-11-23 01:42:29,mlx5_7,0.000,0.000,0.000,0.000
2025-11-23 01:42:29,mlx5_8,0.000,0.000,135.785,179.584
2025-11-23 01:42:29,mlx5_9,0.000,0.000,141.117,202.721
2025-11-23 01:42:29,TOTAL,0.000,0.000,1093.954,1457.555
2025-11-23 01:42:30,mlx5_0,0.000,0.000,0.000,0.000
2025-11-23 01:42:30,mlx5_1,0.000,0.000,133.512,161.879
2025-11-23 01:42:30,mlx5_2,0.000,0.000,136.827,184.864
2025-11-23 01:42:30,mlx5_3,0.000,0.000,134.977,174.239
2025-11-23 01:42:30,mlx5_4,0.000,0.000,139.851,196.718
2025-11-23 01:42:30,mlx5_5,0.000,0.000,133.548,166.916
2025-11-23 01:42:30,mlx5_6,0.000,0.000,138.336,190.635
2025-11-23 01:42:30,mlx5_7,0.000,0.000,0.000,0.000
2025-11-23 01:42:30,mlx5_8,0.000,0.000,135.785,179.584
2025-11-23 01:42:30,mlx5_9,0.000,0.000,141.117,202.721
2025-11-23 01:42:30,TOTAL,0.000,0.000,1093.954,1457.555
2025-11-23 01:42:31,mlx5_0,0.000,0.000,0.000,0.000
2025-11-23 01:42:31,mlx5_1,0.000,0.000,133.512,161.879
2025-11-23 01:42:31,mlx5_2,0.000,0.000,136.827,184.864
2025-11-23 01:42:31,mlx5_3,0.000,0.000,134.977,174.239
2025-11-23 01:42:31,mlx5_4,0.000,0.000,139.851,196.718
2025-11-23 01:42:31,mlx5_5,0.000,0.000,133.548,166.916
2025-11-23 01:42:31,mlx5_6,0.000,0.000,138.336,190.635
2025-11-23 01:42:31,mlx5_7,0.000,0.000,0.000,0.000
2025-11-23 01:42:31,mlx5_8,0.000,0.000,135.785,179.584
2025-11-23 01:42:31,mlx5_9,0.000,0.000,141.117,202.721
2025-11-23 01:42:31,TOTAL,0.000,0.000,1093.954,1457.555
2025-11-23 01:42:32,mlx5_0,0.000,0.000,0.000,0.000
2025-11-23 01:42:32,mlx5_1,4.564,25.082,134.085,165.029
2025-11-23 01:42:32,mlx5_2,4.781,28.752,137.428,188.476
2025-11-23 01:42:32,mlx5_3,4.582,26.769,135.553,177.601
2025-11-23 01:42:32,mlx5_4,4.895,30.712,140.466,200.575
2025-11-23 01:42:32,mlx5_5,4.607,25.973,134.127,170.178
2025-11-23 01:42:32,mlx5_6,4.819,29.611,138.941,194.354
2025-11-23 01:42:32,mlx5_7,0.000,0.000,0.000,0.000
2025-11-23 01:42:32,mlx5_8,4.608,27.803,136.364,183.077
2025-11-23 01:42:32,mlx5_9,4.798,31.844,141.719,206.721
2025-11-23 01:42:32,TOTAL,37.653,226.545,1098.684,1486.011
2025-11-23 01:42:33,mlx5_0,0.000,0.000,0.000,0.000
2025-11-23 01:42:33,mlx5_1,0.000,0.000,134.085,165.029
2025-11-23 01:42:33,mlx5_2,0.000,0.000,137.428,188.476
2025-11-23 01:42:33,mlx5_3,0.000,0.000,135.553,177.601
2025-11-23 01:42:33,mlx5_4,0.000,0.000,140.466,200.575
2025-11-23 01:42:33,mlx5_5,0.000,0.000,134.127,170.178
2025-11-23 01:42:33,mlx5_6,0.000,0.000,138.941,194.354
2025-11-23 01:42:33,mlx5_7,0.000,0.000,0.000,0.000
2025-11-23 01:42:33,mlx5_8,0.000,0.000,136.364,183.077
2025-11-23 01:42:33,mlx5_9,0.000,0.000,141.719,206.721
2025-11-23 01:42:33,TOTAL,0.000,0.000,1098.684,1486.011
2025-11-23 01:42:34,mlx5_0,0.000,0.000,0.000,0.000
2025-11-23 01:42:34,mlx5_1,0.000,0.000,134.085,165.029
2025-11-23 01:42:34,mlx5_2,0.000,0.000,137.428,188.476
2025-11-23 01:42:34,mlx5_3,0.000,0.000,135.553,177.601
2025-11-23 01:42:34,mlx5_4,0.000,0.000,140.466,200.575
2025-11-23 01:42:34,mlx5_5,0.000,0.000,134.127,170.178
2025-11-23 01:42:34,mlx5_6,0.000,0.000,138.941,194.354
2025-11-23 01:42:34,mlx5_7,0.000,0.000,0.000,0.000
2025-11-23 01:42:34,mlx5_8,0.000,0.000,136.364,183.077
2025-11-23 01:42:34,mlx5_9,0.000,0.000,141.719,206.721
2025-11-23 01:42:34,TOTAL,0.000,0.000,1098.684,1486.011
2025-11-23 01:42:35,mlx5_0,0.000,0.000,0.000,0.000
2025-11-23 01:42:35,mlx5_1,0.000,0.000,134.085,165.029
2025-11-23 01:42:35,mlx5_2,0.000,0.000,137.428,188.476
2025-11-23 01:42:35,mlx5_3,0.000,0.000,135.553,177.601
2025-11-23 01:42:35,mlx5_4,0.000,0.000,140.466,200.575
2025-11-23 01:42:35,mlx5_5,0.000,0.000,134.127,170.178
2025-11-23 01:42:35,mlx5_6,0.000,0.000,138.941,194.354
2025-11-23 01:42:35,mlx5_7,0.000,0.000,0.000,0.000
2025-11-23 01:42:35,mlx5_8,0.000,0.000,136.364,183.077
2025-11-23 01:42:35,mlx5_9,0.000,0.000,141.719,206.721
2025-11-23 01:42:35,TOTAL,0.000,0.000,1098.684,1486.011
2025-11-23 01:42:36,mlx5_0,0.000,0.000,0.000,0.000
2025-11-23 01:42:36,mlx5_1,4.439,0.006,134.643,165.030
2025-11-23 01:42:36,mlx5_2,4.481,0.006,137.991,188.476
2025-11-23 01:42:36,mlx5_3,4.402,0.006,136.106,177.602
2025-11-23 01:42:36,mlx5_4,4.587,0.006,141.042,200.576
2025-11-23 01:42:36,mlx5_5,4.288,0.006,134.666,170.179
2025-11-23 01:42:36,mlx5_6,4.546,0.006,139.512,194.355
2025-11-23 01:42:36,mlx5_7,0.000,0.000,0.000,0.000
2025-11-23 01:42:36,mlx5_8,4.346,0.006,136.910,183.077
2025-11-23 01:42:36,mlx5_9,4.542,0.006,142.290,206.722
2025-11-23 01:42:36,TOTAL,35.631,0.047,1103.159,1486.017
2025-11-23 01:42:37,mlx5_0,0.000,0.000,0.000,0.000
2025-11-23 01:42:37,mlx5_1,0.000,0.000,134.643,165.030
2025-11-23 01:42:37,mlx5_2,0.000,0.000,137.991,188.476
2025-11-23 01:42:37,mlx5_3,0.000,0.000,136.106,177.602
2025-11-23 01:42:37,mlx5_4,0.000,0.000,141.042,200.576
2025-11-23 01:42:37,mlx5_5,0.000,0.000,134.666,170.179
2025-11-23 01:42:37,mlx5_6,0.000,0.000,139.512,194.355
2025-11-23 01:42:37,mlx5_7,0.000,0.000,0.000,0.000
2025-11-23 01:42:37,mlx5_8,0.000,0.000,136.910,183.077
2025-11-23 01:42:37,mlx5_9,0.000,0.000,142.290,206.722
2025-11-23 01:42:37,TOTAL,0.000,0.000,1103.159,1486.017
2025-11-23 01:42:38,mlx5_0,0.000,0.000,0.000,0.000
2025-11-23 01:42:38,mlx5_1,0.000,0.000,134.643,165.030
2025-11-23 01:42:38,mlx5_2,0.000,0.000,137.991,188.476
2025-11-23 01:42:38,mlx5_3,0.000,0.000,136.106,177.602
2025-11-23 01:42:38,mlx5_4,0.000,0.000,141.042,200.576
2025-11-23 01:42:38,mlx5_5,0.000,0.000,134.666,170.179
2025-11-23 01:42:38,mlx5_6,0.000,0.000,139.512,194.355
2025-11-23 01:42:38,mlx5_7,0.000,0.000,0.000,0.000
2025-11-23 01:42:38,mlx5_8,0.000,0.000,136.910,183.077
2025-11-23 01:42:38,mlx5_9,0.000,0.000,142.290,206.722
2025-11-23 01:42:38,TOTAL,0.000,0.000,1103.159,1486.017
2025-11-23 01:42:39,mlx5_0,0.000,0.000,0.000,0.000
2025-11-23 01:42:39,mlx5_1,0.000,0.000,134.643,165.030
2025-11-23 01:42:39,mlx5_2,0.000,0.000,137.991,188.476
2025-11-23 01:42:39,mlx5_3,0.000,0.000,136.106,177.602
2025-11-23 01:42:39,mlx5_4,0.000,0.000,141.042,200.576
2025-11-23 01:42:39,mlx5_5,0.000,0.000,134.666,170.179
2025-11-23 01:42:39,mlx5_6,0.000,0.000,139.512,194.355
2025-11-23 01:42:39,mlx5_7,0.000,0.000,0.000,0.000
2025-11-23 01:42:39,mlx5_8,0.000,0.000,136.910,183.077
2025-11-23 01:42:39,mlx5_9,0.000,0.000,142.290,206.722
2025-11-23 01:42:39,TOTAL,0.000,0.000,1103.159,1486.017
2025-11-23 01:42:40,mlx5_0,0.000,0.000,0.000,0.000
2025-11-23 01:42:40,mlx5_1,4.468,0.006,135.204,165.031
2025-11-23 01:42:40,mlx5_2,4.618,0.006,138.571,188.477
2025-11-23 01:42:40,mlx5_3,4.775,0.006,136.706,177.603
2025-11-23 01:42:40,mlx5_4,4.709,0.006,141.634,200.577
2025-11-23 01:42:40,mlx5_5,4.458,0.006,135.226,170.180
2025-11-23 01:42:40,mlx5_6,4.661,0.006,140.098,194.356
2025-11-23 01:42:40,mlx5_7,0.000,0.000,0.000,0.000
2025-11-23 01:42:40,mlx5_8,4.767,0.006,137.509,183.078
2025-11-23 01:42:40,mlx5_9,4.758,0.006,142.888,206.723
2025-11-23 01:42:40,TOTAL,37.213,0.048,1107.835,1486.023
2025-11-23 01:42:41,mlx5_0,0.000,0.000,0.000,0.000
2025-11-23 01:42:41,mlx5_1,0.000,0.000,135.204,165.031
2025-11-23 01:42:41,mlx5_2,0.000,0.000,138.571,188.477
2025-11-23 01:42:41,mlx5_3,0.000,0.000,136.706,177.603
2025-11-23 01:42:41,mlx5_4,0.000,0.000,141.634,200.577
2025-11-23 01:42:41,mlx5_5,0.000,0.000,135.226,170.180
2025-11-23 01:42:41,mlx5_6,0.000,0.000,140.098,194.356
2025-11-23 01:42:41,mlx5_7,0.000,0.000,0.000,0.000
2025-11-23 01:42:41,mlx5_8,0.000,0.000,137.509,183.078
2025-11-23 01:42:41,mlx5_9,0.000,0.000,142.888,206.723
2025-11-23 01:42:41,TOTAL,0.000,0.000,1107.835,1486.023
2025-11-23 01:42:42,mlx5_0,0.000,0.000,0.000,0.000
2025-11-23 01:42:42,mlx5_1,0.000,0.000,135.204,165.031
2025-11-23 01:42:42,mlx5_2,0.000,0.000,138.571,188.477
2025-11-23 01:42:42,mlx5_3,0.000,0.000,136.706,177.603
2025-11-23 01:42:42,mlx5_4,0.000,0.000,141.634,200.577
2025-11-23 01:42:42,mlx5_5,0.000,0.000,135.226,170.180
2025-11-23 01:42:42,mlx5_6,0.000,0.000,140.098,194.356
2025-11-23 01:42:42,mlx5_7,0.000,0.000,0.000,0.000
2025-11-23 01:42:42,mlx5_8,0.000,0.000,137.509,183.078
2025-11-23 01:42:42,mlx5_9,0.000,0.000,142.888,206.723
2025-11-23 01:42:42,TOTAL,0.000,0.000,1107.835,1486.023
2025-11-23 01:42:43,mlx5_0,0.000,0.000,0.000,0.000
2025-11-23 01:42:43,mlx5_1,4.659,0.006,135.789,165.031
2025-11-23 01:42:43,mlx5_2,4.631,0.006,139.152,188.478
2025-11-23 01:42:43,mlx5_3,4.578,0.006,137.280,177.603
2025-11-23 01:42:43,mlx5_4,4.707,0.006,142.224,200.578
2025-11-23 01:42:43,mlx5_5,4.509,0.006,135.792,170.180
2025-11-23 01:42:43,mlx5_6,4.752,0.006,140.695,194.356
2025-11-23 01:42:43,mlx5_7,0.000,0.000,0.000,0.000
2025-11-23 01:42:43,mlx5_8,4.513,0.006,138.075,183.079
2025-11-23 01:42:43,mlx5_9,4.904,0.006,143.503,206.723
2025-11-23 01:42:43,TOTAL,37.253,0.049,1112.511,1486.029
2025-11-23 01:42:44,mlx5_0,0.000,0.000,0.000,0.000
2025-11-23 01:42:44,mlx5_1,0.000,0.000,135.789,165.031
2025-11-23 01:42:44,mlx5_2,0.000,0.000,139.152,188.478
2025-11-23 01:42:44,mlx5_3,0.000,0.000,137.280,177.603
2025-11-23 01:42:44,mlx5_4,0.000,0.000,142.224,200.578
2025-11-23 01:42:44,mlx5_5,0.000,0.000,135.792,170.180
2025-11-23 01:42:44,mlx5_6,0.000,0.000,140.695,194.356
2025-11-23 01:42:44,mlx5_7,0.000,0.000,0.000,0.000
2025-11-23 01:42:44,mlx5_8,0.000,0.000,138.075,183.079
2025-11-23 01:42:44,mlx5_9,0.000,0.000,143.503,206.723
2025-11-23 01:42:44,TOTAL,0.000,0.000,1112.511,1486.029
2025-11-23 01:42:45,mlx5_0,0.000,0.000,0.000,0.000
2025-11-23 01:42:45,mlx5_1,0.000,0.000,135.789,165.031
2025-11-23 01:42:45,mlx5_2,0.000,0.000,139.152,188.478
2025-11-23 01:42:45,mlx5_3,0.000,0.000,137.280,177.603
2025-11-23 01:42:45,mlx5_4,0.000,0.000,142.224,200.578
2025-11-23 01:42:45,mlx5_5,0.000,0.000,135.792,170.180
2025-11-23 01:42:45,mlx5_6,0.000,0.000,140.695,194.356
2025-11-23 01:42:45,mlx5_7,0.000,0.000,0.000,0.000
2025-11-23 01:42:45,mlx5_8,0.000,0.000,138.075,183.079
2025-11-23 01:42:45,mlx5_9,0.000,0.000,143.503,206.723
2025-11-23 01:42:45,TOTAL,0.000,0.000,1112.511,1486.029
2025-11-23 01:42:46,mlx5_0,0.000,0.000,0.000,0.000
2025-11-23 01:42:46,mlx5_1,0.000,0.000,135.789,165.031
2025-11-23 01:42:46,mlx5_2,0.000,0.000,139.152,188.478
2025-11-23 01:42:46,mlx5_3,0.000,0.000,137.280,177.603
2025-11-23 01:42:46,mlx5_4,0.000,0.000,142.224,200.578
2025-11-23 01:42:46,mlx5_5,0.000,0.000,135.792,170.180
2025-11-23 01:42:46,mlx5_6,0.000,0.000,140.695,194.356
2025-11-23 01:42:46,mlx5_7,0.000,0.000,0.000,0.000
2025-11-23 01:42:46,mlx5_8,0.000,0.000,138.075,183.079
2025-11-23 01:42:46,mlx5_9,0.000,0.000,143.503,206.723
2025-11-23 01:42:46,TOTAL,0.000,0.000,1112.511,1486.029
2025-11-23 01:42:47,mlx5_0,0.000,0.000,0.000,0.000
2025-11-23 01:42:47,mlx5_1,4.564,0.006,136.363,165.032
2025-11-23 01:42:47,mlx5_2,4.641,0.006,139.735,188.479
2025-11-23 01:42:47,mlx5_3,4.570,0.006,137.855,177.604
2025-11-23 01:42:47,mlx5_4,4.700,0.006,142.815,200.579
2025-11-23 01:42:47,mlx5_5,4.508,0.006,136.358,170.181
2025-11-23 01:42:47,mlx5_6,4.658,0.006,141.280,194.357
2025-11-23 01:42:47,mlx5_7,0.000,0.000,0.000,0.000
2025-11-23 01:42:47,mlx5_8,4.633,0.006,138.658,183.080
2025-11-23 01:42:47,mlx5_9,4.931,0.007,144.123,206.724
2025-11-23 01:42:47,TOTAL,37.205,0.049,1117.187,1486.035
2025-11-23 01:42:48,mlx5_0,0.000,0.000,0.000,0.000
2025-11-23 01:42:48,mlx5_1,0.000,0.000,136.363,165.032
2025-11-23 01:42:48,mlx5_2,0.000,0.000,139.735,188.479
2025-11-23 01:42:48,mlx5_3,0.000,0.000,137.855,177.604
2025-11-23 01:42:48,mlx5_4,0.000,0.000,142.815,200.579
2025-11-23 01:42:48,mlx5_5,0.000,0.000,136.358,170.181
2025-11-23 01:42:48,mlx5_6,0.000,0.000,141.280,194.357
2025-11-23 01:42:48,mlx5_7,0.000,0.000,0.000,0.000
2025-11-23 01:42:48,mlx5_8,0.000,0.000,138.658,183.080
2025-11-23 01:42:48,mlx5_9,0.000,0.000,144.123,206.724
2025-11-23 01:42:48,TOTAL,0.000,0.000,1117.187,1486.035
2025-11-23 01:42:49,mlx5_0,0.000,0.000,0.000,0.000
2025-11-23 01:42:49,mlx5_1,0.000,0.000,136.363,165.032
2025-11-23 01:42:49,mlx5_2,0.000,0.000,139.735,188.479
2025-11-23 01:42:49,mlx5_3,0.000,0.000,137.855,177.604
2025-11-23 01:42:49,mlx5_4,0.000,0.000,142.815,200.579
2025-11-23 01:42:49,mlx5_5,0.000,0.000,136.358,170.181
2025-11-23 01:42:49,mlx5_6,0.000,0.000,141.280,194.357
2025-11-23 01:42:49,mlx5_7,0.000,0.000,0.000,0.000
2025-11-23 01:42:49,mlx5_8,0.000,0.000,138.658,183.080
2025-11-23 01:42:49,mlx5_9,0.000,0.000,144.123,206.724
2025-11-23 01:42:49,TOTAL,0.000,0.000,1117.187,1486.035
2025-11-23 01:42:50,mlx5_0,0.000,0.000,0.000,0.000
2025-11-23 01:42:50,mlx5_1,0.000,0.000,136.363,165.032
2025-11-23 01:42:50,mlx5_2,0.000,0.000,139.735,188.479
2025-11-23 01:42:50,mlx5_3,0.000,0.000,137.855,177.604
2025-11-23 01:42:50,mlx5_4,0.000,0.000,142.815,200.579
2025-11-23 01:42:50,mlx5_5,0.000,0.000,136.358,170.181
2025-11-23 01:42:50,mlx5_6,0.000,0.000,141.280,194.357
2025-11-23 01:42:50,mlx5_7,0.000,0.000,0.000,0.000
2025-11-23 01:42:50,mlx5_8,0.000,0.000,138.658,183.080
2025-11-23 01:42:50,mlx5_9,0.000,0.000,144.123,206.724
2025-11-23 01:42:50,TOTAL,0.000,0.000,1117.187,1486.035
2025-11-23 01:42:51,mlx5_0,0.000,0.000,0.000,0.000
2025-11-23 01:42:51,mlx5_1,4.525,0.006,136.931,165.033
2025-11-23 01:42:51,mlx5_2,4.696,0.006,140.325,188.480
2025-11-23 01:42:51,mlx5_3,4.603,0.006,138.433,177.605
2025-11-23 01:42:51,mlx5_4,4.757,0.006,143.413,200.579
2025-11-23 01:42:51,mlx5_5,4.467,0.006,136.920,170.182
2025-11-23 01:42:51,mlx5_6,4.700,0.006,141.870,194.358
2025-11-23 01:42:51,mlx5_7,0.000,0.000,0.000,0.000
2025-11-23 01:42:51,mlx5_8,4.722,0.006,139.251,183.080
2025-11-23 01:42:51,mlx5_9,4.748,0.006,144.719,206.725
2025-11-23 01:42:51,TOTAL,37.218,0.048,1121.863,1486.041
2025-11-23 01:42:52,mlx5_0,0.000,0.000,0.000,0.000
2025-11-23 01:42:52,mlx5_1,0.000,0.000,136.931,165.033
2025-11-23 01:42:52,mlx5_2,0.000,0.000,140.325,188.480
2025-11-23 01:42:52,mlx5_3,0.000,0.000,138.433,177.605
2025-11-23 01:42:52,mlx5_4,0.000,0.000,143.413,200.579
2025-11-23 01:42:52,mlx5_5,0.000,0.000,136.920,170.182
2025-11-23 01:42:52,mlx5_6,0.000,0.000,141.870,194.358
2025-11-23 01:42:52,mlx5_7,0.000,0.000,0.000,0.000
2025-11-23 01:42:52,mlx5_8,0.000,0.000,139.251,183.080
2025-11-23 01:42:52,mlx5_9,0.000,0.000,144.719,206.725
2025-11-23 01:42:52,TOTAL,0.000,0.000,1121.863,1486.041
2025-11-23 01:42:53,mlx5_0,0.000,0.000,0.000,0.000
2025-11-23 01:42:53,mlx5_1,0.000,0.000,136.931,165.033
2025-11-23 01:42:53,mlx5_2,0.000,0.000,140.325,188.480
2025-11-23 01:42:53,mlx5_3,0.000,0.000,138.433,177.605
2025-11-23 01:42:53,mlx5_4,0.000,0.000,143.413,200.579
2025-11-23 01:42:53,mlx5_5,0.000,0.000,136.920,170.182
2025-11-23 01:42:53,mlx5_6,0.000,0.000,141.870,194.358
2025-11-23 01:42:53,mlx5_7,0.000,0.000,0.000,0.000
2025-11-23 01:42:53,mlx5_8,0.000,0.000,139.251,183.080
2025-11-23 01:42:53,mlx5_9,0.000,0.000,144.719,206.725
2025-11-23 01:42:53,TOTAL,0.000,0.000,1121.863,1486.041
2025-11-23 01:42:54,mlx5_0,0.000,0.000,0.000,0.000
2025-11-23 01:42:54,mlx5_1,0.000,0.000,136.931,165.033
2025-11-23 01:42:54,mlx5_2,0.000,0.000,140.325,188.480
2025-11-23 01:42:54,mlx5_3,0.000,0.000,138.433,177.605
2025-11-23 01:42:54,mlx5_4,0.000,0.000,143.413,200.579
2025-11-23 01:42:54,mlx5_5,0.000,0.000,136.920,170.182
2025-11-23 01:42:54,mlx5_6,0.000,0.000,141.870,194.358
2025-11-23 01:42:54,mlx5_7,0.000,0.000,0.000,0.000
2025-11-23 01:42:54,mlx5_8,0.000,0.000,139.251,183.080
2025-11-23 01:42:54,mlx5_9,0.000,0.000,144.719,206.725
2025-11-23 01:42:54,TOTAL,0.000,0.000,1121.863,1486.041
2025-11-23 01:42:55,mlx5_0,0.000,0.000,0.000,0.000
2025-11-23 01:42:55,mlx5_1,0.000,0.000,136.931,165.033
2025-11-23 01:42:55,mlx5_2,0.000,0.000,140.325,188.480
2025-11-23 01:42:55,mlx5_3,0.000,0.000,138.433,177.605
2025-11-23 01:42:55,mlx5_4,0.000,0.000,143.413,200.579
2025-11-23 01:42:55,mlx5_5,0.000,0.000,136.920,170.182
2025-11-23 01:42:55,mlx5_6,0.000,0.000,141.870,194.358
2025-11-23 01:42:55,mlx5_7,0.000,0.000,0.000,0.000
2025-11-23 01:42:55,mlx5_8,0.000,0.000,139.251,183.080
2025-11-23 01:42:55,mlx5_9,0.000,0.000,144.719,206.725
2025-11-23 01:42:55,TOTAL,0.000,0.000,1121.863,1486.041
2025-11-23 01:42:56,mlx5_0,0.000,0.000,0.000,0.000
2025-11-23 01:42:56,mlx5_1,4.774,25.026,137.531,168.177
2025-11-23 01:42:56,mlx5_2,4.540,29.148,140.896,192.142
2025-11-23 01:42:56,mlx5_3,4.555,26.739,139.005,180.964
2025-11-23 01:42:56,mlx5_4,4.905,30.581,144.029,204.421
2025-11-23 01:42:56,mlx5_5,4.631,25.933,137.501,173.440
2025-11-23 01:42:56,mlx5_6,4.723,30.130,142.464,198.143
2025-11-23 01:42:56,mlx5_7,0.000,0.000,0.000,0.000
2025-11-23 01:42:56,mlx5_8,4.564,27.974,139.824,186.595
2025-11-23 01:42:56,mlx5_9,4.960,30.970,145.342,210.616
2025-11-23 01:42:56,TOTAL,37.651,226.501,1126.593,1514.498
2025-11-23 01:42:57,mlx5_0,0.000,0.000,0.000,0.000
2025-11-23 01:42:57,mlx5_1,0.000,0.000,137.531,168.177
2025-11-23 01:42:57,mlx5_2,0.000,0.000,140.896,192.142
2025-11-23 01:42:57,mlx5_3,0.000,0.000,139.005,180.964
2025-11-23 01:42:57,mlx5_4,0.000,0.000,144.029,204.421
2025-11-23 01:42:57,mlx5_5,0.000,0.000,137.501,173.440
2025-11-23 01:42:57,mlx5_6,0.000,0.000,142.464,198.143
2025-11-23 01:42:57,mlx5_7,0.000,0.000,0.000,0.000
2025-11-23 01:42:57,mlx5_8,0.000,0.000,139.824,186.595
2025-11-23 01:42:57,mlx5_9,0.000,0.000,145.342,210.616
2025-11-23 01:42:57,TOTAL,0.000,0.000,1126.593,1514.498
2025-11-23 01:42:58,mlx5_0,0.000,0.000,0.000,0.000
2025-11-23 01:42:58,mlx5_1,0.000,0.000,137.531,168.177
2025-11-23 01:42:58,mlx5_2,0.000,0.000,140.896,192.142
2025-11-23 01:42:58,mlx5_3,0.000,0.000,139.005,180.964
2025-11-23 01:42:58,mlx5_4,0.000,0.000,144.029,204.421
2025-11-23 01:42:58,mlx5_5,0.000,0.000,137.501,173.440
2025-11-23 01:42:58,mlx5_6,0.000,0.000,142.464,198.143
2025-11-23 01:42:58,mlx5_7,0.000,0.000,0.000,0.000
2025-11-23 01:42:58,mlx5_8,0.000,0.000,139.824,186.595
2025-11-23 01:42:58,mlx5_9,0.000,0.000,145.342,210.616
2025-11-23 01:42:58,TOTAL,0.000,0.000,1126.593,1514.498
2025-11-23 01:42:59,mlx5_0,0.000,0.000,0.000,0.000
2025-11-23 01:42:59,mlx5_1,0.000,0.000,137.531,168.177
2025-11-23 01:42:59,mlx5_2,0.000,0.000,140.896,192.142
2025-11-23 01:42:59,mlx5_3,0.000,0.000,139.005,180.964
2025-11-23 01:42:59,mlx5_4,0.000,0.000,144.029,204.421
2025-11-23 01:42:59,mlx5_5,0.000,0.000,137.501,173.440
2025-11-23 01:42:59,mlx5_6,0.000,0.000,142.464,198.143
2025-11-23 01:42:59,mlx5_7,0.000,0.000,0.000,0.000
2025-11-23 01:42:59,mlx5_8,0.000,0.000,139.824,186.595
2025-11-23 01:42:59,mlx5_9,0.000,0.000,145.342,210.616
2025-11-23 01:42:59,TOTAL,0.000,0.000,1126.593,1514.498
2025-11-23 01:43:00,mlx5_0,0.000,0.000,0.000,0.000
2025-11-23 01:43:00,mlx5_1,1.767,0.002,137.753,168.177
2025-11-23 01:43:00,mlx5_2,1.815,0.002,141.124,192.142
2025-11-23 01:43:00,mlx5_3,1.786,0.002,139.230,180.964
2025-11-23 01:43:00,mlx5_4,1.807,0.002,144.256,204.422
2025-11-23 01:43:00,mlx5_5,1.778,0.002,137.725,173.440
2025-11-23 01:43:00,mlx5_6,1.803,0.002,142.690,198.144
2025-11-23 01:43:00,mlx5_7,0.000,0.000,0.000,0.000
2025-11-23 01:43:00,mlx5_8,1.924,0.002,140.066,186.595
2025-11-23 01:43:00,mlx5_9,1.836,0.002,145.573,210.616
2025-11-23 01:43:00,TOTAL,14.516,0.019,1128.416,1514.500
2025-11-23 01:43:01,mlx5_0,0.000,0.000,0.000,0.000
2025-11-23 01:43:01,mlx5_1,2.822,0.004,138.108,168.178
2025-11-23 01:43:01,mlx5_2,2.904,0.004,141.489,192.142
2025-11-23 01:43:01,mlx5_3,2.882,0.004,139.592,180.965
2025-11-23 01:43:01,mlx5_4,3.073,0.004,144.642,204.422
2025-11-23 01:43:01,mlx5_5,2.854,0.004,138.083,173.441
2025-11-23 01:43:01,mlx5_6,2.986,0.004,143.066,198.144
2025-11-23 01:43:01,mlx5_7,0.000,0.000,0.000,0.000
2025-11-23 01:43:01,mlx5_8,2.904,0.004,140.431,186.596
2025-11-23 01:43:01,mlx5_9,2.990,0.004,145.949,210.617
2025-11-23 01:43:01,TOTAL,23.415,0.031,1131.361,1514.504
2025-11-23 01:43:02,mlx5_0,0.000,0.000,0.000,0.000
2025-11-23 01:43:02,mlx5_1,0.000,0.000,138.108,168.178
2025-11-23 01:43:02,mlx5_2,0.000,0.000,141.489,192.142
2025-11-23 01:43:02,mlx5_3,0.000,0.000,139.592,180.965
2025-11-23 01:43:02,mlx5_4,0.000,0.000,144.642,204.422
2025-11-23 01:43:02,mlx5_5,0.000,0.000,138.083,173.441
2025-11-23 01:43:02,mlx5_6,0.000,0.000,143.066,198.144
2025-11-23 01:43:02,mlx5_7,0.000,0.000,0.000,0.000
2025-11-23 01:43:02,mlx5_8,0.000,0.000,140.431,186.596
2025-11-23 01:43:02,mlx5_9,0.000,0.000,145.949,210.617
2025-11-23 01:43:02,TOTAL,0.000,0.000,1131.361,1514.504
2025-11-23 01:43:03,mlx5_0,0.000,0.000,0.000,0.000
2025-11-23 01:43:03,mlx5_1,0.000,0.000,138.108,168.178
2025-11-23 01:43:03,mlx5_2,0.000,0.000,141.489,192.142
2025-11-23 01:43:03,mlx5_3,0.000,0.000,139.592,180.965
2025-11-23 01:43:03,mlx5_4,0.000,0.000,144.642,204.422
2025-11-23 01:43:03,mlx5_5,0.000,0.000,138.083,173.441
2025-11-23 01:43:03,mlx5_6,0.000,0.000,143.066,198.144
2025-11-23 01:43:03,mlx5_7,0.000,0.000,0.000,0.000
2025-11-23 01:43:03,mlx5_8,0.000,0.000,140.431,186.596
2025-11-23 01:43:03,mlx5_9,0.000,0.000,145.949,210.617
2025-11-23 01:43:03,TOTAL,0.000,0.000,1131.361,1514.504
2025-11-23 01:43:04,mlx5_0,0.000,0.000,0.000,0.000
2025-11-23 01:43:04,mlx5_1,4.491,0.006,138.672,168.178
2025-11-23 01:43:04,mlx5_2,4.709,0.006,142.081,192.143
2025-11-23 01:43:04,mlx5_3,4.725,0.006,140.186,180.966
2025-11-23 01:43:04,mlx5_4,4.601,0.006,145.220,204.423
2025-11-23 01:43:04,mlx5_5,4.614,0.006,138.663,173.441
2025-11-23 01:43:04,mlx5_6,4.685,0.006,143.654,198.145
2025-11-23 01:43:04,mlx5_7,0.000,0.000,0.000,0.000
2025-11-23 01:43:04,mlx5_8,4.661,0.006,141.017,186.596
2025-11-23 01:43:04,mlx5_9,4.736,0.006,146.544,210.617
2025-11-23 01:43:04,TOTAL,37.220,0.048,1136.037,1514.510
2025-11-23 01:43:05,mlx5_0,0.000,0.000,0.000,0.000
2025-11-23 01:43:05,mlx5_1,0.000,0.000,138.672,168.178
2025-11-23 01:43:05,mlx5_2,0.000,0.000,142.081,192.143
2025-11-23 01:43:05,mlx5_3,0.000,0.000,140.186,180.966
2025-11-23 01:43:05,mlx5_4,0.000,0.000,145.220,204.423
2025-11-23 01:43:05,mlx5_5,0.000,0.000,138.663,173.441
2025-11-23 01:43:05,mlx5_6,0.000,0.000,143.654,198.145
2025-11-23 01:43:05,mlx5_7,0.000,0.000,0.000,0.000
2025-11-23 01:43:05,mlx5_8,0.000,0.000,141.017,186.596
2025-11-23 01:43:05,mlx5_9,0.000,0.000,146.544,210.617
2025-11-23 01:43:05,TOTAL,0.000,0.000,1136.037,1514.510
2025-11-23 01:43:06,mlx5_0,0.000,0.000,0.000,0.000
2025-11-23 01:43:06,mlx5_1,0.000,0.000,138.672,168.178
2025-11-23 01:43:06,mlx5_2,0.000,0.000,142.081,192.143
2025-11-23 01:43:06,mlx5_3,0.000,0.000,140.186,180.966
2025-11-23 01:43:06,mlx5_4,0.000,0.000,145.220,204.423
2025-11-23 01:43:06,mlx5_5,0.000,0.000,138.663,173.441
2025-11-23 01:43:06,mlx5_6,0.000,0.000,143.654,198.145
2025-11-23 01:43:06,mlx5_7,0.000,0.000,0.000,0.000
2025-11-23 01:43:06,mlx5_8,0.000,0.000,141.017,186.596
2025-11-23 01:43:06,mlx5_9,0.000,0.000,146.544,210.617
2025-11-23 01:43:06,TOTAL,0.000,0.000,1136.037,1514.510
2025-11-23 01:43:07,mlx5_0,0.000,0.000,0.000,0.000
2025-11-23 01:43:07,mlx5_1,4.538,0.006,139.242,168.179
2025-11-23 01:43:07,mlx5_2,4.642,0.006,142.664,192.144
2025-11-23 01:43:07,mlx5_3,4.652,0.006,140.770,180.966
2025-11-23 01:43:07,mlx5_4,4.632,0.006,145.802,204.424
2025-11-23 01:43:07,mlx5_5,4.536,0.006,139.233,173.442
2025-11-23 01:43:07,mlx5_6,4.828,0.006,144.261,198.146
2025-11-23 01:43:07,mlx5_7,0.000,0.000,0.000,0.000
2025-11-23 01:43:07,mlx5_8,4.568,0.006,141.591,186.597
2025-11-23 01:43:07,mlx5_9,4.818,0.006,147.149,210.618
2025-11-23 01:43:07,TOTAL,37.215,0.048,1140.713,1514.516
2025-11-23 01:43:08,mlx5_0,0.000,0.000,0.000,0.000
2025-11-23 01:43:08,mlx5_1,0.000,0.000,139.242,168.179
2025-11-23 01:43:08,mlx5_2,0.000,0.000,142.664,192.144
2025-11-23 01:43:08,mlx5_3,0.000,0.000,140.770,180.967
2025-11-23 01:43:08,mlx5_4,0.000,0.000,145.802,204.424
2025-11-23 01:43:08,mlx5_5,0.000,0.000,139.233,173.442
2025-11-23 01:43:08,mlx5_6,0.000,0.000,144.261,198.146
2025-11-23 01:43:08,mlx5_7,0.000,0.000,0.000,0.000
2025-11-23 01:43:08,mlx5_8,0.000,0.000,141.591,186.597
2025-11-23 01:43:08,mlx5_9,0.000,0.000,147.149,210.618
2025-11-23 01:43:08,TOTAL,0.000,0.000,1140.713,1514.516
2025-11-23 01:43:09,mlx5_0,0.000,0.000,0.000,0.000
2025-11-23 01:43:09,mlx5_1,0.000,0.000,139.242,168.179
2025-11-23 01:43:09,mlx5_2,0.000,0.000,142.664,192.144
2025-11-23 01:43:09,mlx5_3,0.000,0.000,140.770,180.967
2025-11-23 01:43:09,mlx5_4,0.000,0.000,145.802,204.424
2025-11-23 01:43:09,mlx5_5,0.000,0.000,139.233,173.442
2025-11-23 01:43:09,mlx5_6,0.000,0.000,144.261,198.146
2025-11-23 01:43:09,mlx5_7,0.000,0.000,0.000,0.000
2025-11-23 01:43:09,mlx5_8,0.000,0.000,141.591,186.597
2025-11-23 01:43:09,mlx5_9,0.000,0.000,147.149,210.618
2025-11-23 01:43:09,TOTAL,0.000,0.000,1140.713,1514.516
2025-11-23 01:43:10,mlx5_0,0.000,0.000,0.000,0.000
2025-11-23 01:43:10,mlx5_1,0.000,0.000,139.242,168.179
2025-11-23 01:43:10,mlx5_2,0.000,0.000,142.664,192.144
2025-11-23 01:43:10,mlx5_3,0.000,0.000,140.770,180.967
2025-11-23 01:43:10,mlx5_4,0.000,0.000,145.802,204.424
2025-11-23 01:43:10,mlx5_5,0.000,0.000,139.233,173.442
2025-11-23 01:43:10,mlx5_6,0.000,0.000,144.261,198.146
2025-11-23 01:43:10,mlx5_7,0.000,0.000,0.000,0.000
2025-11-23 01:43:10,mlx5_8,0.000,0.000,141.591,186.597
2025-11-23 01:43:10,mlx5_9,0.000,0.000,147.149,210.618
2025-11-23 01:43:10,TOTAL,0.000,0.000,1140.713,1514.516
2025-11-23 01:43:11,mlx5_0,0.000,0.000,0.000,0.000
2025-11-23 01:43:11,mlx5_1,4.432,0.006,139.799,168.180
2025-11-23 01:43:11,mlx5_2,4.699,0.006,143.254,192.145
2025-11-23 01:43:11,mlx5_3,4.573,0.006,141.345,180.967
2025-11-23 01:43:11,mlx5_4,4.851,0.006,146.412,204.424
2025-11-23 01:43:11,mlx5_5,4.394,0.006,139.785,173.443
2025-11-23 01:43:11,mlx5_6,4.805,0.006,144.865,198.146
2025-11-23 01:43:11,mlx5_7,0.000,0.000,0.000,0.000
2025-11-23 01:43:11,mlx5_8,4.725,0.006,142.184,186.598
2025-11-23 01:43:11,mlx5_9,4.741,0.006,147.745,210.619
2025-11-23 01:43:11,TOTAL,37.220,0.049,1145.389,1514.522
2025-11-23 01:43:12,mlx5_0,0.000,0.000,0.000,0.000
2025-11-23 01:43:12,mlx5_1,0.000,0.000,139.799,168.180
2025-11-23 01:43:12,mlx5_2,0.000,0.000,143.254,192.145
2025-11-23 01:43:12,mlx5_3,0.000,0.000,141.345,180.967
2025-11-23 01:43:12,mlx5_4,0.000,0.000,146.412,204.424
2025-11-23 01:43:12,mlx5_5,0.000,0.000,139.785,173.443
2025-11-23 01:43:12,mlx5_6,0.000,0.000,144.865,198.146
2025-11-23 01:43:12,mlx5_7,0.000,0.000,0.000,0.000
2025-11-23 01:43:12,mlx5_8,0.000,0.000,142.184,186.598
2025-11-23 01:43:12,mlx5_9,0.000,0.000,147.745,210.619
2025-11-23 01:43:12,TOTAL,0.000,0.000,1145.389,1514.522
2025-11-23 01:43:13,mlx5_0,0.000,0.000,0.000,0.000
2025-11-23 01:43:13,mlx5_1,0.000,0.000,139.799,168.180
2025-11-23 01:43:13,mlx5_2,0.000,0.000,143.254,192.145
2025-11-23 01:43:13,mlx5_3,0.000,0.000,141.345,180.967
2025-11-23 01:43:13,mlx5_4,0.000,0.000,146.412,204.424
2025-11-23 01:43:13,mlx5_5,0.000,0.000,139.785,173.443
2025-11-23 01:43:13,mlx5_6,0.000,0.000,144.865,198.146
2025-11-23 01:43:13,mlx5_7,0.000,0.000,0.000,0.000
2025-11-23 01:43:13,mlx5_8,0.000,0.000,142.184,186.598
2025-11-23 01:43:13,mlx5_9,0.000,0.000,147.745,210.619
2025-11-23 01:43:13,TOTAL,0.000,0.000,1145.389,1514.522
2025-11-23 01:43:14,mlx5_0,0.000,0.000,0.000,0.000
2025-11-23 01:43:14,mlx5_1,0.000,0.000,139.799,168.180
2025-11-23 01:43:14,mlx5_2,0.000,0.000,143.254,192.145
2025-11-23 01:43:14,mlx5_3,0.000,0.000,141.345,180.967
2025-11-23 01:43:14,mlx5_4,0.000,0.000,146.412,204.424
2025-11-23 01:43:14,mlx5_5,0.000,0.000,139.785,173.443
2025-11-23 01:43:14,mlx5_6,0.000,0.000,144.865,198.146
2025-11-23 01:43:14,mlx5_7,0.000,0.000,0.000,0.000
2025-11-23 01:43:14,mlx5_8,0.000,0.000,142.184,186.598
2025-11-23 01:43:14,mlx5_9,0.000,0.000,147.745,210.619
2025-11-23 01:43:14,TOTAL,0.000,0.000,1145.389,1514.522
2025-11-23 01:43:15,mlx5_0,0.000,0.000,0.000,0.000
2025-11-23 01:43:15,mlx5_1,4.504,0.006,140.365,168.181
2025-11-23 01:43:15,mlx5_2,4.710,0.006,143.846,192.145
2025-11-23 01:43:15,mlx5_3,4.517,0.006,141.912,180.968
2025-11-23 01:43:15,mlx5_4,4.743,0.006,147.008,204.425
2025-11-23 01:43:15,mlx5_5,4.548,0.006,140.356,173.444
2025-11-23 01:43:15,mlx5_6,4.615,0.006,145.444,198.147
2025-11-23 01:43:15,mlx5_7,0.000,0.000,0.000,0.000
2025-11-23 01:43:15,mlx5_8,4.784,0.006,142.785,186.599
2025-11-23 01:43:15,mlx5_9,4.807,0.006,148.349,210.620
2025-11-23 01:43:15,TOTAL,37.227,0.048,1150.065,1514.529
2025-11-23 01:43:16,mlx5_0,0.000,0.000,0.000,0.000
2025-11-23 01:43:16,mlx5_1,0.000,0.000,140.365,168.181
2025-11-23 01:43:16,mlx5_2,0.000,0.000,143.846,192.145
2025-11-23 01:43:16,mlx5_3,0.000,0.000,141.912,180.968
2025-11-23 01:43:16,mlx5_4,0.000,0.000,147.008,204.425
2025-11-23 01:43:16,mlx5_5,0.000,0.000,140.356,173.444
2025-11-23 01:43:16,mlx5_6,0.000,0.000,145.444,198.147
2025-11-23 01:43:16,mlx5_7,0.000,0.000,0.000,0.000
2025-11-23 01:43:16,mlx5_8,0.000,0.000,142.785,186.599
2025-11-23 01:43:16,mlx5_9,0.000,0.000,148.349,210.620
2025-11-23 01:43:16,TOTAL,0.000,0.000,1150.065,1514.529
2025-11-23 01:43:17,mlx5_0,0.000,0.000,0.000,0.000
2025-11-23 01:43:17,mlx5_1,0.000,0.000,140.365,168.181
2025-11-23 01:43:17,mlx5_2,0.000,0.000,143.846,192.145
2025-11-23 01:43:17,mlx5_3,0.000,0.000,141.912,180.968
2025-11-23 01:43:17,mlx5_4,0.000,0.000,147.008,204.425
2025-11-23 01:43:17,mlx5_5,0.000,0.000,140.356,173.444
2025-11-23 01:43:17,mlx5_6,0.000,0.000,145.444,198.147
2025-11-23 01:43:17,mlx5_7,0.000,0.000,0.000,0.000
2025-11-23 01:43:17,mlx5_8,0.000,0.000,142.785,186.599
2025-11-23 01:43:17,mlx5_9,0.000,0.000,148.349,210.620
2025-11-23 01:43:17,TOTAL,0.000,0.000,1150.065,1514.529
2025-11-23 01:43:18,mlx5_0,0.000,0.000,0.000,0.000
2025-11-23 01:43:18,mlx5_1,0.000,0.000,140.365,168.181
2025-11-23 01:43:18,mlx5_2,0.000,0.000,143.846,192.145
2025-11-23 01:43:18,mlx5_3,0.000,0.000,141.912,180.968
2025-11-23 01:43:18,mlx5_4,0.000,0.000,147.008,204.425
2025-11-23 01:43:18,mlx5_5,0.000,0.000,140.356,173.444
2025-11-23 01:43:18,mlx5_6,0.000,0.000,145.444,198.147
2025-11-23 01:43:18,mlx5_7,0.000,0.000,0.000,0.000
2025-11-23 01:43:18,mlx5_8,0.000,0.000,142.785,186.599
2025-11-23 01:43:18,mlx5_9,0.000,0.000,148.349,210.620
2025-11-23 01:43:18,TOTAL,0.000,0.000,1150.065,1514.529
2025-11-23 01:43:19,mlx5_0,0.000,0.000,0.000,0.000
2025-11-23 01:43:19,mlx5_1,0.000,0.000,140.365,168.181
2025-11-23 01:43:19,mlx5_2,0.000,0.000,143.846,192.145
2025-11-23 01:43:19,mlx5_3,0.000,0.000,141.912,180.968
2025-11-23 01:43:19,mlx5_4,0.000,0.000,147.008,204.425
2025-11-23 01:43:19,mlx5_5,0.000,0.000,140.356,173.444
2025-11-23 01:43:19,mlx5_6,0.000,0.000,145.444,198.147
2025-11-23 01:43:19,mlx5_7,0.000,0.000,0.000,0.000
2025-11-23 01:43:19,mlx5_8,0.000,0.000,142.785,186.599
2025-11-23 01:43:19,mlx5_9,0.000,0.000,148.349,210.620
2025-11-23 01:43:19,TOTAL,0.000,0.000,1150.065,1514.529
2025-11-23 01:43:20,mlx5_0,0.000,0.000,0.000,0.000
2025-11-23 01:43:20,mlx5_1,4.536,0.006,140.935,168.181
2025-11-23 01:43:20,mlx5_2,4.674,0.006,144.433,192.146
2025-11-23 01:43:20,mlx5_3,4.548,0.006,142.483,180.969
2025-11-23 01:43:20,mlx5_4,4.839,0.006,147.615,204.426
2025-11-23 01:43:20,mlx5_5,4.460,0.006,140.917,173.444
2025-11-23 01:43:20,mlx5_6,4.650,0.006,146.029,198.148
2025-11-23 01:43:20,mlx5_7,0.000,0.000,0.000,0.000
2025-11-23 01:43:20,mlx5_8,4.639,0.006,143.368,186.599
2025-11-23 01:43:20,mlx5_9,4.870,0.006,148.961,210.621
2025-11-23 01:43:20,TOTAL,37.216,0.048,1154.741,1514.535
2025-11-23 01:43:21,mlx5_0,0.000,0.000,0.000,0.000
2025-11-23 01:43:21,mlx5_1,0.000,0.000,140.935,168.181
2025-11-23 01:43:21,mlx5_2,0.000,0.000,144.433,192.146
2025-11-23 01:43:21,mlx5_3,0.000,0.000,142.483,180.969
2025-11-23 01:43:21,mlx5_4,0.000,0.000,147.615,204.426
2025-11-23 01:43:21,mlx5_5,0.000,0.000,140.917,173.444
2025-11-23 01:43:21,mlx5_6,0.000,0.000,146.029,198.148
2025-11-23 01:43:21,mlx5_7,0.000,0.000,0.000,0.000
2025-11-23 01:43:21,mlx5_8,0.000,0.000,143.368,186.599
2025-11-23 01:43:21,mlx5_9,0.000,0.000,148.961,210.621
2025-11-23 01:43:21,TOTAL,0.000,0.000,1154.741,1514.535
2025-11-23 01:43:22,mlx5_0,0.000,0.000,0.000,0.000
2025-11-23 01:43:22,mlx5_1,0.000,0.000,140.935,168.181
2025-11-23 01:43:22,mlx5_2,0.000,0.000,144.433,192.146
2025-11-23 01:43:22,mlx5_3,0.000,0.000,142.483,180.969
2025-11-23 01:43:22,mlx5_4,0.000,0.000,147.615,204.426
2025-11-23 01:43:22,mlx5_5,0.000,0.000,140.917,173.444
2025-11-23 01:43:22,mlx5_6,0.000,0.000,146.029,198.148
2025-11-23 01:43:22,mlx5_7,0.000,0.000,0.000,0.000
2025-11-23 01:43:22,mlx5_8,0.000,0.000,143.368,186.599
2025-11-23 01:43:22,mlx5_9,0.000,0.000,148.961,210.621
2025-11-23 01:43:22,TOTAL,0.000,0.000,1154.741,1514.535
2025-11-23 01:43:23,mlx5_0,0.000,0.000,0.000,0.000
2025-11-23 01:43:23,mlx5_1,0.000,0.000,140.935,168.181
2025-11-23 01:43:23,mlx5_2,0.000,0.000,144.433,192.146
2025-11-23 01:43:23,mlx5_3,0.000,0.000,142.483,180.969
2025-11-23 01:43:23,mlx5_4,0.000,0.000,147.616,204.426
2025-11-23 01:43:23,mlx5_5,0.000,0.000,140.917,173.444
2025-11-23 01:43:23,mlx5_6,0.000,0.000,146.029,198.148
2025-11-23 01:43:23,mlx5_7,0.000,0.000,0.000,0.000
2025-11-23 01:43:23,mlx5_8,0.000,0.000,143.368,186.599
2025-11-23 01:43:23,mlx5_9,0.007,0.000,148.961,210.621
2025-11-23 01:43:23,TOTAL,0.007,0.000,1154.742,1514.535
2025-11-23 01:43:24,mlx5_0,0.000,0.000,0.000,0.000
2025-11-23 01:43:24,mlx5_1,3.508,0.005,141.376,168.182
2025-11-23 01:43:24,mlx5_2,3.582,0.005,144.883,192.147
2025-11-23 01:43:24,mlx5_3,3.497,0.005,142.923,180.969
2025-11-23 01:43:24,mlx5_4,3.597,0.005,148.068,204.427
2025-11-23 01:43:24,mlx5_5,3.531,0.004,141.361,173.445
2025-11-23 01:43:24,mlx5_6,3.611,0.005,146.483,198.148
2025-11-23 01:43:24,mlx5_7,0.000,0.000,0.000,0.000
2025-11-23 01:43:24,mlx5_8,3.662,0.005,143.828,186.600
2025-11-23 01:43:24,mlx5_9,3.626,0.005,149.417,210.621
2025-11-23 01:43:24,TOTAL,28.613,0.037,1158.339,1514.539
2025-11-23 01:43:25,mlx5_0,0.000,0.000,0.000,0.000
2025-11-23 01:43:25,mlx5_1,0.000,0.000,141.376,168.182
2025-11-23 01:43:25,mlx5_2,0.000,0.000,144.883,192.147
2025-11-23 01:43:25,mlx5_3,0.000,0.000,142.923,180.969
2025-11-23 01:43:25,mlx5_4,0.000,0.000,148.068,204.427
2025-11-23 01:43:25,mlx5_5,0.000,0.000,141.361,173.445
2025-11-23 01:43:25,mlx5_6,0.000,0.000,146.483,198.148
2025-11-23 01:43:25,mlx5_7,0.000,0.000,0.000,0.000
2025-11-23 01:43:25,mlx5_8,0.000,0.000,143.828,186.600
2025-11-23 01:43:25,mlx5_9,0.000,0.000,149.417,210.621
2025-11-23 01:43:25,TOTAL,0.000,0.000,1158.339,1514.539
2025-11-23 01:43:26,mlx5_0,0.000,0.000,0.000,0.000
2025-11-23 01:43:26,mlx5_1,0.000,0.000,141.376,168.182
2025-11-23 01:43:26,mlx5_2,0.000,0.000,144.883,192.147
2025-11-23 01:43:26,mlx5_3,0.000,0.000,142.923,180.969
2025-11-23 01:43:26,mlx5_4,0.000,0.000,148.068,204.427
2025-11-23 01:43:26,mlx5_5,0.000,0.000,141.361,173.445
2025-11-23 01:43:26,mlx5_6,0.000,0.000,146.483,198.148
2025-11-23 01:43:26,mlx5_7,0.000,0.000,0.000,0.000
2025-11-23 01:43:26,mlx5_8,0.000,0.000,143.828,186.600
2025-11-23 01:43:26,mlx5_9,0.000,0.000,149.417,210.621
2025-11-23 01:43:26,TOTAL,0.000,0.000,1158.339,1514.539
2025-11-23 01:43:27,mlx5_0,0.000,0.000,0.000,0.000
2025-11-23 01:43:27,mlx5_1,0.000,0.000,141.376,168.182
2025-11-23 01:43:27,mlx5_2,0.000,0.000,144.883,192.147
2025-11-23 01:43:27,mlx5_3,0.000,0.000,142.923,180.969
2025-11-23 01:43:27,mlx5_4,0.000,0.000,148.068,204.427
2025-11-23 01:43:27,mlx5_5,0.000,0.000,141.361,173.445
2025-11-23 01:43:27,mlx5_6,0.000,0.000,146.483,198.148
2025-11-23 01:43:27,mlx5_7,0.000,0.000,0.000,0.000
2025-11-23 01:43:27,mlx5_8,0.000,0.000,143.828,186.600
2025-11-23 01:43:27,mlx5_9,0.000,0.000,149.417,210.621
2025-11-23 01:43:27,TOTAL,0.000,0.000,1158.339,1514.539
2025-11-23 01:43:28,mlx5_0,0.000,0.000,0.000,0.000
2025-11-23 01:43:28,mlx5_1,0.000,0.000,141.376,168.182
2025-11-23 01:43:28,mlx5_2,0.000,0.000,144.883,192.147
2025-11-23 01:43:28,mlx5_3,0.000,0.000,142.923,180.969
2025-11-23 01:43:28,mlx5_4,0.000,0.000,148.068,204.427
2025-11-23 01:43:28,mlx5_5,0.000,0.000,141.361,173.445
2025-11-23 01:43:28,mlx5_6,0.000,0.000,146.483,198.148
2025-11-23 01:43:28,mlx5_7,0.000,0.000,0.000,0.000
2025-11-23 01:43:28,mlx5_8,0.000,0.000,143.828,186.600
2025-11-23 01:43:28,mlx5_9,0.000,0.000,149.417,210.621
2025-11-23 01:43:28,TOTAL,0.000,0.000,1158.339,1514.539
2025-11-23 01:43:29,mlx5_0,0.000,0.000,0.000,0.000
2025-11-23 01:43:29,mlx5_1,0.000,0.000,141.376,168.182
2025-11-23 01:43:29,mlx5_2,0.000,0.000,144.883,192.147
2025-11-23 01:43:29,mlx5_3,0.000,0.000,142.923,180.969
2025-11-23 01:43:29,mlx5_4,0.000,0.000,148.068,204.427
2025-11-23 01:43:29,mlx5_5,0.000,0.000,141.361,173.445
2025-11-23 01:43:29,mlx5_6,0.000,0.000,146.483,198.148
2025-11-23 01:43:29,mlx5_7,0.000,0.000,0.000,0.000
2025-11-23 01:43:29,mlx5_8,0.000,0.000,143.828,186.600
2025-11-23 01:43:29,mlx5_9,0.000,0.000,149.417,210.621
2025-11-23 01:43:29,TOTAL,0.000,0.000,1158.339,1514.539
2025-11-23 01:43:30,mlx5_0,0.000,0.000,0.000,0.000
2025-11-23 01:43:30,mlx5_1,0.000,0.000,141.376,168.182
2025-11-23 01:43:30,mlx5_2,0.000,0.000,144.883,192.147
2025-11-23 01:43:30,mlx5_3,0.000,0.000,142.923,180.969
2025-11-23 01:43:30,mlx5_4,0.000,0.000,148.068,204.427
2025-11-23 01:43:30,mlx5_5,0.000,0.000,141.361,173.445
2025-11-23 01:43:30,mlx5_6,0.000,0.000,146.483,198.148
2025-11-23 01:43:30,mlx5_7,0.000,0.000,0.000,0.000
2025-11-23 01:43:30,mlx5_8,0.000,0.000,143.828,186.600
2025-11-23 01:43:30,mlx5_9,0.000,0.000,149.417,210.621
2025-11-23 01:43:30,TOTAL,0.000,0.000,1158.339,1514.539
2025-11-23 01:43:31,mlx5_0,0.000,0.000,0.000,0.000
2025-11-23 01:43:31,mlx5_1,0.000,0.000,141.376,168.182
2025-11-23 01:43:31,mlx5_2,0.000,0.000,144.883,192.147
2025-11-23 01:43:31,mlx5_3,0.000,0.000,142.923,180.969
2025-11-23 01:43:31,mlx5_4,0.000,0.000,148.068,204.427
2025-11-23 01:43:31,mlx5_5,0.000,0.000,141.361,173.445
2025-11-23 01:43:31,mlx5_6,0.000,0.000,146.483,198.148
2025-11-23 01:43:31,mlx5_7,0.000,0.000,0.000,0.000
2025-11-23 01:43:31,mlx5_8,0.000,0.000,143.828,186.600
2025-11-23 01:43:31,mlx5_9,0.000,0.000,149.417,210.621
2025-11-23 01:43:31,TOTAL,0.000,0.000,1158.339,1514.539
2025-11-23 01:43:32,mlx5_0,0.000,0.000,0.000,0.000
2025-11-23 01:43:32,mlx5_1,0.000,0.000,141.376,168.182
2025-11-23 01:43:32,mlx5_2,0.000,0.000,144.883,192.147
2025-11-23 01:43:32,mlx5_3,0.000,0.000,142.923,180.969
2025-11-23 01:43:32,mlx5_4,0.000,0.000,148.068,204.427
2025-11-23 01:43:32,mlx5_5,0.000,0.000,141.361,173.445
2025-11-23 01:43:32,mlx5_6,0.000,0.000,146.483,198.148
2025-11-23 01:43:32,mlx5_7,0.000,0.000,0.000,0.000
2025-11-23 01:43:32,mlx5_8,0.000,0.000,143.828,186.600
2025-11-23 01:43:32,mlx5_9,0.000,0.000,149.417,210.621
2025-11-23 01:43:32,TOTAL,0.000,0.000,1158.339,1514.539
2025-11-23 01:43:33,mlx5_0,0.000,0.000,0.000,0.000
2025-11-23 01:43:33,mlx5_1,0.000,0.000,141.376,168.182
2025-11-23 01:43:33,mlx5_2,0.000,0.000,144.883,192.147
2025-11-23 01:43:33,mlx5_3,0.000,0.000,142.923,180.969
2025-11-23 01:43:33,mlx5_4,0.000,0.000,148.068,204.427
2025-11-23 01:43:33,mlx5_5,0.000,0.000,141.361,173.445
2025-11-23 01:43:33,mlx5_6,0.000,0.000,146.483,198.148
2025-11-23 01:43:33,mlx5_7,0.000,0.000,0.000,0.000
2025-11-23 01:43:33,mlx5_8,0.000,0.000,143.828,186.600
2025-11-23 01:43:33,mlx5_9,0.000,0.000,149.417,210.621
2025-11-23 01:43:33,TOTAL,0.000,0.000,1158.339,1514.539
2025-11-23 01:43:34,mlx5_0,0.000,0.000,0.000,0.000
2025-11-23 01:43:34,mlx5_1,0.000,0.000,141.376,168.182
2025-11-23 01:43:34,mlx5_2,0.000,0.000,144.883,192.147
2025-11-23 01:43:34,mlx5_3,0.000,0.000,142.923,180.969
2025-11-23 01:43:34,mlx5_4,0.000,0.000,148.068,204.427
2025-11-23 01:43:34,mlx5_5,0.000,0.000,141.361,173.445
2025-11-23 01:43:34,mlx5_6,0.000,0.000,146.483,198.148
2025-11-23 01:43:34,mlx5_7,0.000,0.000,0.000,0.000
2025-11-23 01:43:34,mlx5_8,0.000,0.000,143.828,186.600
2025-11-23 01:43:34,mlx5_9,0.000,0.000,149.417,210.621
2025-11-23 01:43:34,TOTAL,0.000,0.000,1158.339,1514.539
2025-11-23 01:43:35,mlx5_0,0.000,0.000,0.000,0.000
2025-11-23 01:43:35,mlx5_1,0.000,0.000,141.376,168.182
2025-11-23 01:43:35,mlx5_2,0.000,0.000,144.883,192.147
2025-11-23 01:43:35,mlx5_3,0.000,0.000,142.923,180.969
2025-11-23 01:43:35,mlx5_4,0.000,0.000,148.068,204.427
2025-11-23 01:43:35,mlx5_5,0.000,0.000,141.361,173.445
2025-11-23 01:43:35,mlx5_6,0.000,0.000,146.483,198.148
2025-11-23 01:43:35,mlx5_7,0.000,0.000,0.000,0.000
2025-11-23 01:43:35,mlx5_8,0.000,0.000,143.828,186.600
2025-11-23 01:43:35,mlx5_9,0.000,0.000,149.417,210.621
2025-11-23 01:43:35,TOTAL,0.000,0.000,1158.339,1514.539
2025-11-23 01:43:36,mlx5_0,0.000,0.000,0.000,0.000
2025-11-23 01:43:36,mlx5_1,0.000,0.000,141.376,168.182
2025-11-23 01:43:36,mlx5_2,0.000,0.000,144.883,192.147
2025-11-23 01:43:36,mlx5_3,0.000,0.000,142.923,180.969
2025-11-23 01:43:36,mlx5_4,0.000,0.000,148.068,204.427
2025-11-23 01:43:36,mlx5_5,0.000,0.000,141.361,173.445
2025-11-23 01:43:36,mlx5_6,0.000,0.000,146.483,198.148
2025-11-23 01:43:36,mlx5_7,0.000,0.000,0.000,0.000
2025-11-23 01:43:36,mlx5_8,0.000,0.000,143.828,186.600
2025-11-23 01:43:36,mlx5_9,0.000,0.000,149.417,210.621
2025-11-23 01:43:36,TOTAL,0.000,0.000,1158.339,1514.539
2025-11-23 01:43:37,mlx5_0,0.000,0.000,0.000,0.000
2025-11-23 01:43:37,mlx5_1,0.000,0.000,141.376,168.182
2025-11-23 01:43:37,mlx5_2,0.000,0.000,144.883,192.147
2025-11-23 01:43:37,mlx5_3,0.000,0.000,142.923,180.969
2025-11-23 01:43:37,mlx5_4,0.000,0.000,148.068,204.427
2025-11-23 01:43:37,mlx5_5,0.000,0.000,141.361,173.445
2025-11-23 01:43:37,mlx5_6,0.000,0.000,146.483,198.148
2025-11-23 01:43:37,mlx5_7,0.000,0.000,0.000,0.000
2025-11-23 01:43:37,mlx5_8,0.000,0.000,143.828,186.600
2025-11-23 01:43:37,mlx5_9,0.000,0.000,149.417,210.621
2025-11-23 01:43:37,TOTAL,0.000,0.000,1158.339,1514.539
2025-11-23 01:43:38,mlx5_0,0.000,0.000,0.000,0.000
2025-11-23 01:43:38,mlx5_1,0.000,0.000,141.376,168.182
2025-11-23 01:43:38,mlx5_2,0.000,0.000,144.883,192.147
2025-11-23 01:43:38,mlx5_3,0.000,0.000,142.923,180.969
2025-11-23 01:43:38,mlx5_4,0.000,0.000,148.068,204.427
2025-11-23 01:43:38,mlx5_5,0.000,0.000,141.361,173.445
2025-11-23 01:43:38,mlx5_6,0.000,0.000,146.483,198.148
2025-11-23 01:43:38,mlx5_7,0.000,0.000,0.000,0.000
2025-11-23 01:43:38,mlx5_8,0.000,0.000,143.828,186.600
2025-11-23 01:43:38,mlx5_9,0.000,0.000,149.417,210.621
2025-11-23 01:43:38,TOTAL,0.000,0.000,1158.339,1514.539
2025-11-23 01:43:39,mlx5_0,0.000,0.000,0.000,0.000
2025-11-23 01:43:39,mlx5_1,0.000,0.000,141.376,168.182
2025-11-23 01:43:39,mlx5_2,0.000,0.000,144.883,192.147
2025-11-23 01:43:39,mlx5_3,0.000,0.000,142.923,180.969
2025-11-23 01:43:39,mlx5_4,0.000,0.000,148.068,204.427
2025-11-23 01:43:39,mlx5_5,0.000,0.000,141.361,173.445
2025-11-23 01:43:39,mlx5_6,0.000,0.000,146.483,198.148
2025-11-23 01:43:39,mlx5_7,0.000,0.000,0.000,0.000
2025-11-23 01:43:39,mlx5_8,0.000,0.000,143.828,186.600
2025-11-23 01:43:39,mlx5_9,0.000,0.000,149.417,210.621
2025-11-23 01:43:39,TOTAL,0.000,0.000,1158.339,1514.539
2025-11-23 01:43:40,mlx5_0,0.000,0.000,0.000,0.000
2025-11-23 01:43:40,mlx5_1,0.000,0.000,141.376,168.182
2025-11-23 01:43:40,mlx5_2,0.000,0.000,144.883,192.147
2025-11-23 01:43:40,mlx5_3,0.000,0.000,142.923,180.969
2025-11-23 01:43:40,mlx5_4,0.000,0.000,148.068,204.427
2025-11-23 01:43:40,mlx5_5,0.000,0.000,141.361,173.445
2025-11-23 01:43:40,mlx5_6,0.000,0.000,146.483,198.148
2025-11-23 01:43:40,mlx5_7,0.000,0.000,0.000,0.000
2025-11-23 01:43:40,mlx5_8,0.000,0.000,143.828,186.600
2025-11-23 01:43:40,mlx5_9,0.000,0.000,149.417,210.621
2025-11-23 01:43:40,TOTAL,0.000,0.000,1158.339,1514.539
2025-11-23 01:43:41,mlx5_0,0.000,0.000,0.000,0.000
2025-11-23 01:43:41,mlx5_1,0.000,0.000,141.376,168.182
2025-11-23 01:43:41,mlx5_2,0.000,0.000,144.883,192.147
2025-11-23 01:43:41,mlx5_3,0.000,0.000,142.923,180.969
2025-11-23 01:43:41,mlx5_4,0.000,0.000,148.068,204.427
2025-11-23 01:43:41,mlx5_5,0.000,0.000,141.361,173.445
2025-11-23 01:43:41,mlx5_6,0.000,0.000,146.483,198.148
2025-11-23 01:43:41,mlx5_7,0.000,0.000,0.000,0.000
2025-11-23 01:43:41,mlx5_8,0.000,0.000,143.828,186.600
2025-11-23 01:43:41,mlx5_9,0.000,0.000,149.417,210.621
2025-11-23 01:43:41,TOTAL,0.000,0.000,1158.339,1514.539
2025-11-23 01:43:42,mlx5_0,0.000,0.000,0.000,0.000
2025-11-23 01:43:42,mlx5_1,0.000,0.000,141.376,168.182
2025-11-23 01:43:42,mlx5_2,0.000,0.000,144.883,192.147
2025-11-23 01:43:42,mlx5_3,0.000,0.000,142.923,180.969
2025-11-23 01:43:42,mlx5_4,0.000,0.000,148.068,204.427
2025-11-23 01:43:42,mlx5_5,0.000,0.000,141.361,173.445
2025-11-23 01:43:42,mlx5_6,0.000,0.000,146.483,198.148
2025-11-23 01:43:42,mlx5_7,0.000,0.000,0.000,0.000
2025-11-23 01:43:42,mlx5_8,0.000,0.000,143.828,186.600
2025-11-23 01:43:42,mlx5_9,0.000,0.000,149.417,210.621
2025-11-23 01:43:42,TOTAL,0.000,0.000,1158.339,1514.539
2025-11-23 01:43:43,mlx5_0,0.000,0.000,0.000,0.000
2025-11-23 01:43:43,mlx5_1,0.000,0.000,141.376,168.182
2025-11-23 01:43:43,mlx5_2,0.000,0.000,144.883,192.147
2025-11-23 01:43:43,mlx5_3,0.000,0.000,142.923,180.969
2025-11-23 01:43:43,mlx5_4,0.000,0.000,148.068,204.427
2025-11-23 01:43:43,mlx5_5,0.000,0.000,141.361,173.445
2025-11-23 01:43:43,mlx5_6,0.000,0.000,146.483,198.148
2025-11-23 01:43:43,mlx5_7,0.000,0.000,0.000,0.000
2025-11-23 01:43:43,mlx5_8,0.000,0.000,143.828,186.600
2025-11-23 01:43:43,mlx5_9,0.000,0.000,149.417,210.621
2025-11-23 01:43:43,TOTAL,0.000,0.000,1158.339,1514.539
2025-11-23 01:43:44,mlx5_0,0.000,0.000,0.000,0.000
2025-11-23 01:43:44,mlx5_1,0.000,0.000,141.376,168.182
2025-11-23 01:43:44,mlx5_2,0.000,0.000,144.883,192.147
2025-11-23 01:43:44,mlx5_3,0.000,0.000,142.923,180.969
2025-11-23 01:43:44,mlx5_4,0.000,0.000,148.068,204.427
2025-11-23 01:43:44,mlx5_5,0.000,0.000,141.361,173.445
2025-11-23 01:43:44,mlx5_6,0.000,0.000,146.483,198.148
2025-11-23 01:43:44,mlx5_7,0.000,0.000,0.000,0.000
2025-11-23 01:43:44,mlx5_8,0.000,0.000,143.828,186.600
2025-11-23 01:43:44,mlx5_9,0.000,0.000,149.417,210.621
2025-11-23 01:43:44,TOTAL,0.001,0.001,1158.339,1514.539
2025-11-23 01:43:45,mlx5_0,0.000,0.000,0.000,0.000
2025-11-23 01:43:45,mlx5_1,0.093,49.847,141.387,174.447
2025-11-23 01:43:45,mlx5_2,0.102,58.167,144.896,199.457
2025-11-23 01:43:45,mlx5_3,0.108,53.925,142.937,187.746
2025-11-23 01:43:45,mlx5_4,0.116,61.936,148.082,212.210
2025-11-23 01:43:45,mlx5_5,0.103,52.219,141.374,180.008
2025-11-23 01:43:45,mlx5_6,0.107,59.767,146.496,205.660
2025-11-23 01:43:45,mlx5_7,0.000,0.000,0.000,0.000
2025-11-23 01:43:45,mlx5_8,0.104,56.414,143.841,193.690
2025-11-23 01:43:45,mlx5_9,0.113,63.557,149.432,218.609
2025-11-23 01:43:45,TOTAL,0.847,455.832,1158.445,1571.827
2025-11-23 01:43:46,mlx5_0,0.000,0.000,0.000,0.000
2025-11-23 01:43:46,mlx5_1,0.034,17.823,141.392,176.686
2025-11-23 01:43:46,mlx5_2,0.037,20.243,144.901,202.000
2025-11-23 01:43:46,mlx5_3,0.039,19.244,142.942,190.164
2025-11-23 01:43:46,mlx5_4,0.041,21.713,148.088,214.939
2025-11-23 01:43:46,mlx5_5,0.038,18.279,141.378,182.304
2025-11-23 01:43:46,mlx5_6,0.038,21.121,146.501,208.313
2025-11-23 01:43:46,mlx5_7,0.000,0.000,0.000,0.000
2025-11-23 01:43:46,mlx5_8,0.038,20.020,143.846,196.205
2025-11-23 01:43:46,mlx5_9,0.040,22.202,149.437,221.398
2025-11-23 01:43:46,TOTAL,0.306,160.645,1158.484,1592.010
2025-11-23 01:43:47,mlx5_0,0.000,0.000,0.000,0.000
2025-11-23 01:43:47,mlx5_1,0.086,44.038,141.402,182.219
2025-11-23 01:43:47,mlx5_2,0.092,50.600,144.913,208.358
2025-11-23 01:43:47,mlx5_3,0.098,47.317,142.954,196.110
2025-11-23 01:43:47,mlx5_4,0.106,53.657,148.101,221.680
2025-11-23 01:43:47,mlx5_5,0.097,45.369,141.391,188.005
2025-11-23 01:43:47,mlx5_6,0.097,51.835,146.513,214.826
2025-11-23 01:43:47,mlx5_7,0.000,0.000,0.000,0.000
2025-11-23 01:43:47,mlx5_8,0.098,49.246,143.858,202.393
2025-11-23 01:43:47,mlx5_9,0.102,55.046,149.449,228.315
2025-11-23 01:43:47,TOTAL,0.777,397.108,1158.582,1641.905
2025-11-23 01:43:48,mlx5_0,0.000,0.000,0.000,0.000
2025-11-23 01:43:48,mlx5_1,0.103,53.098,141.415,188.890
2025-11-23 01:43:48,mlx5_2,0.112,62.523,144.927,216.213
2025-11-23 01:43:48,mlx5_3,0.118,57.504,142.969,203.334
2025-11-23 01:43:48,mlx5_4,0.127,66.463,148.117,230.031
2025-11-23 01:43:48,mlx5_5,0.115,54.760,141.405,194.885
2025-11-23 01:43:48,mlx5_6,0.118,63.682,146.528,222.827
2025-11-23 01:43:48,mlx5_7,0.000,0.000,0.000,0.000
2025-11-23 01:43:48,mlx5_8,0.115,59.232,143.873,209.835
2025-11-23 01:43:48,mlx5_9,0.125,68.479,149.465,236.918
2025-11-23 01:43:48,TOTAL,0.930,485.741,1158.698,1702.934
2025-11-23 01:43:49,mlx5_0,0.000,0.000,0.000,0.000
2025-11-23 01:43:49,mlx5_1,0.122,63.665,141.431,196.899
2025-11-23 01:43:49,mlx5_2,0.132,72.998,144.943,225.396
2025-11-23 01:43:49,mlx5_3,0.140,68.651,142.986,211.970
2025-11-23 01:43:49,mlx5_4,0.151,77.962,148.136,239.838
2025-11-23 01:43:49,mlx5_5,0.139,65.621,141.422,203.140
2025-11-23 01:43:49,mlx5_6,0.139,75.451,146.546,232.319
2025-11-23 01:43:49,mlx5_7,0.000,0.000,0.000,0.000
2025-11-23 01:43:49,mlx5_8,0.137,71.264,143.890,218.799
2025-11-23 01:43:49,mlx5_9,0.145,80.969,149.483,247.104
2025-11-23 01:43:49,TOTAL,1.105,576.581,1158.837,1775.466
2025-11-23 01:43:50,mlx5_0,0.000,0.000,0.000,0.000
2025-11-23 01:43:50,mlx5_1,0.111,58.745,141.445,204.284
2025-11-23 01:43:50,mlx5_2,0.120,66.853,144.958,233.800
2025-11-23 01:43:50,mlx5_3,0.127,62.984,143.002,219.888
2025-11-23 01:43:50,mlx5_4,0.135,71.779,148.153,248.861
2025-11-23 01:43:50,mlx5_5,0.123,60.133,141.438,210.698
2025-11-23 01:43:50,mlx5_6,0.124,68.861,146.561,240.975
2025-11-23 01:43:50,mlx5_7,0.000,0.000,0.000,0.000
2025-11-23 01:43:50,mlx5_8,0.123,65.129,143.906,226.986
2025-11-23 01:43:50,mlx5_9,0.132,73.860,149.500,256.388
2025-11-23 01:43:50,TOTAL,0.997,528.344,1158.963,1841.879
2025-11-23 01:43:51,mlx5_0,0.000,0.000,0.000,0.000
2025-11-23 01:43:51,mlx5_1,0.124,64.744,141.460,212.420
2025-11-23 01:43:51,mlx5_2,0.134,74.920,144.975,243.215
2025-11-23 01:43:51,mlx5_3,0.138,69.283,143.020,228.594
2025-11-23 01:43:51,mlx5_4,0.148,78.653,148.171,258.745
2025-11-23 01:43:51,mlx5_5,0.137,66.569,141.455,219.064
2025-11-23 01:43:51,mlx5_6,0.141,77.105,146.579,250.664
2025-11-23 01:43:51,mlx5_7,0.000,0.000,0.000,0.000
2025-11-23 01:43:51,mlx5_8,0.137,72.307,143.923,236.072
2025-11-23 01:43:51,mlx5_9,0.148,82.190,149.519,266.716
2025-11-23 01:43:51,TOTAL,1.107,585.772,1159.102,1915.489
2025-11-23 01:43:52,mlx5_0,0.000,0.000,0.000,0.000
2025-11-23 01:43:52,mlx5_1,0.096,51.064,141.472,218.837
2025-11-23 01:43:52,mlx5_2,0.102,57.986,144.988,250.502
2025-11-23 01:43:52,mlx5_3,0.106,54.240,143.033,235.410
2025-11-23 01:43:52,mlx5_4,0.113,61.293,148.186,266.447
2025-11-23 01:43:52,mlx5_5,0.104,51.865,141.468,225.582
2025-11-23 01:43:52,mlx5_6,0.108,60.291,146.593,258.241
2025-11-23 01:43:52,mlx5_7,0.000,0.000,0.000,0.000
2025-11-23 01:43:52,mlx5_8,0.104,56.149,143.936,243.129
2025-11-23 01:43:52,mlx5_9,0.110,62.619,149.532,274.586
2025-11-23 01:43:52,TOTAL,0.843,455.506,1159.208,1972.733
2025-11-23 01:43:53,mlx5_0,0.000,0.000,0.000,0.000
2025-11-23 01:43:53,mlx5_1,0.047,24.347,141.478,221.896
2025-11-23 01:43:53,mlx5_2,0.050,28.006,144.994,254.020
2025-11-23 01:43:53,mlx5_3,0.053,26.010,143.040,238.678
2025-11-23 01:43:53,mlx5_4,0.057,29.559,148.193,270.161
2025-11-23 01:43:53,mlx5_5,0.052,25.080,141.475,228.733
2025-11-23 01:43:53,mlx5_6,0.054,28.760,146.599,261.854
2025-11-23 01:43:53,mlx5_7,0.000,0.000,0.000,0.000
2025-11-23 01:43:53,mlx5_8,0.052,27.054,143.942,246.528
2025-11-23 01:43:53,mlx5_9,0.056,30.961,149.539,278.476
2025-11-23 01:43:53,TOTAL,0.421,219.777,1159.261,2000.347
2025-11-23 01:43:54,mlx5_0,0.000,0.000,0.000,0.000
2025-11-23 01:43:54,mlx5_1,0.122,65.699,141.494,230.155
2025-11-23 01:43:54,mlx5_2,0.131,74.576,145.011,263.396
2025-11-23 01:43:54,mlx5_3,0.138,69.726,143.057,247.444
2025-11-23 01:43:54,mlx5_4,0.148,80.079,148.211,280.229
2025-11-23 01:43:54,mlx5_5,0.136,66.697,141.492,237.118
2025-11-23 01:43:54,mlx5_6,0.139,78.063,146.617,271.668
2025-11-23 01:43:54,mlx5_7,0.000,0.000,0.000,0.000
2025-11-23 01:43:54,mlx5_8,0.136,73.356,143.959,255.750
2025-11-23 01:43:54,mlx5_9,0.145,82.398,149.558,288.835
2025-11-23 01:43:54,TOTAL,1.097,590.595,1159.399,2074.595
2025-11-23 01:43:55,mlx5_0,0.000,0.000,0.000,0.000
2025-11-23 01:43:55,mlx5_1,0.119,64.062,141.509,238.211
2025-11-23 01:43:55,mlx5_2,0.128,73.636,145.027,272.656
2025-11-23 01:43:55,mlx5_3,0.136,68.796,143.074,256.095
2025-11-23 01:43:55,mlx5_4,0.145,77.819,148.230,290.014
2025-11-23 01:43:55,mlx5_5,0.133,66.048,141.509,245.423
2025-11-23 01:43:55,mlx5_6,0.134,75.946,146.634,281.218
2025-11-23 01:43:55,mlx5_7,0.000,0.000,0.000,0.000
2025-11-23 01:43:55,mlx5_8,0.134,71.506,143.976,264.742
2025-11-23 01:43:55,mlx5_9,0.143,81.253,149.576,299.052
2025-11-23 01:43:55,TOTAL,1.072,579.064,1159.533,2147.412
2025-11-23 01:43:56,mlx5_0,0.000,0.000,0.000,0.000
2025-11-23 01:43:56,mlx5_1,0.130,67.782,141.525,246.722
2025-11-23 01:43:56,mlx5_2,0.138,77.207,145.044,282.349
2025-11-23 01:43:56,mlx5_3,0.149,73.312,143.093,265.300
2025-11-23 01:43:56,mlx5_4,0.158,82.499,148.249,300.373
2025-11-23 01:43:56,mlx5_5,0.147,70.321,141.527,254.252
2025-11-23 01:43:56,mlx5_6,0.148,81.242,146.652,291.419
2025-11-23 01:43:56,mlx5_7,0.000,0.000,0.000,0.000
2025-11-23 01:43:56,mlx5_8,0.145,75.851,143.994,274.265
2025-11-23 01:43:56,mlx5_9,0.155,85.945,149.595,309.843
2025-11-23 01:43:56,TOTAL,1.168,614.159,1159.680,2224.523
2025-11-23 01:43:57,mlx5_0,0.000,0.000,0.000,0.000
2025-11-23 01:43:57,mlx5_1,0.096,50.522,141.537,253.072
2025-11-23 01:43:57,mlx5_2,0.105,57.721,145.057,289.605
2025-11-23 01:43:57,mlx5_3,0.110,54.759,143.107,272.183
2025-11-23 01:43:57,mlx5_4,0.118,61.620,148.264,308.118
2025-11-23 01:43:57,mlx5_5,0.107,52.206,141.541,260.814
2025-11-23 01:43:57,mlx5_6,0.109,60.164,146.666,298.981
2025-11-23 01:43:57,mlx5_7,0.000,0.000,0.000,0.000
2025-11-23 01:43:57,mlx5_8,0.106,56.517,144.008,281.369
2025-11-23 01:43:57,mlx5_9,0.115,64.038,149.609,317.893
2025-11-23 01:43:57,TOTAL,0.865,457.547,1159.789,2282.035
2025-11-23 01:43:58,mlx5_0,0.000,0.000,0.000,0.000
2025-11-23 01:43:58,mlx5_1,0.125,65.954,141.553,261.361
2025-11-23 01:43:58,mlx5_2,0.135,75.919,145.074,299.146
2025-11-23 01:43:58,mlx5_3,0.143,71.014,143.125,281.108
2025-11-23 01:43:58,mlx5_4,0.154,80.574,148.283,318.244
2025-11-23 01:43:58,mlx5_5,0.138,66.504,141.558,269.173
2025-11-23 01:43:58,mlx5_6,0.140,78.019,146.683,308.787
2025-11-23 01:43:58,mlx5_7,0.000,0.000,0.000,0.000
2025-11-23 01:43:58,mlx5_8,0.138,73.225,144.025,290.572
2025-11-23 01:43:58,mlx5_9,0.148,82.776,149.628,328.296
2025-11-23 01:43:58,TOTAL,1.120,593.984,1159.930,2356.687
2025-11-23 01:43:59,mlx5_0,0.000,0.000,0.000,0.000
2025-11-23 01:43:59,mlx5_1,0.112,59.491,141.567,268.838
2025-11-23 01:43:59,mlx5_2,0.123,68.098,145.090,307.705
2025-11-23 01:43:59,mlx5_3,0.127,63.304,143.141,289.064
2025-11-23 01:43:59,mlx5_4,0.135,71.584,148.300,327.241
2025-11-23 01:43:59,mlx5_5,0.126,60.564,141.574,276.784
2025-11-23 01:43:59,mlx5_6,0.129,69.991,146.700,317.583
2025-11-23 01:43:59,mlx5_7,0.000,0.000,0.000,0.000
2025-11-23 01:43:59,mlx5_8,0.124,65.889,144.041,298.853
2025-11-23 01:43:59,mlx5_9,0.133,74.311,149.645,337.635
2025-11-23 01:43:59,TOTAL,1.009,533.232,1160.056,2423.702
2025-11-23 01:44:00,mlx5_0,0.000,0.000,0.000,0.000
2025-11-23 01:44:00,mlx5_1,0.120,63.899,141.582,276.868
2025-11-23 01:44:00,mlx5_2,0.130,73.541,145.106,316.947
2025-11-23 01:44:00,mlx5_3,0.138,69.697,143.158,297.823
2025-11-23 01:44:00,mlx5_4,0.149,78.141,148.319,337.061
2025-11-23 01:44:00,mlx5_5,0.135,66.450,141.591,285.135
2025-11-23 01:44:00,mlx5_6,0.137,75.766,146.717,327.104
2025-11-23 01:44:00,mlx5_7,0.000,0.000,0.000,0.000
2025-11-23 01:44:00,mlx5_8,0.135,72.041,144.058,307.906
2025-11-23 01:44:00,mlx5_9,0.144,81.192,149.663,347.839
2025-11-23 01:44:00,TOTAL,1.089,580.728,1160.193,2496.683
2025-11-23 01:44:01,mlx5_0,0.000,0.000,0.000,0.000
2025-11-23 01:44:01,mlx5_1,0.107,55.810,141.595,283.882
2025-11-23 01:44:01,mlx5_2,0.115,64.827,145.121,325.094
2025-11-23 01:44:01,mlx5_3,0.120,60.393,143.173,305.412
2025-11-23 01:44:01,mlx5_4,0.130,67.956,148.336,345.601
2025-11-23 01:44:01,mlx5_5,0.119,57.439,141.606,292.354
2025-11-23 01:44:01,mlx5_6,0.120,66.604,146.732,335.475
2025-11-23 01:44:01,mlx5_7,0.000,0.000,0.000,0.000
2025-11-23 01:44:01,mlx5_8,0.117,62.189,144.073,315.722
2025-11-23 01:44:01,mlx5_9,0.125,70.208,149.679,356.662
2025-11-23 01:44:01,TOTAL,0.954,505.425,1160.313,2560.201
2025-11-23 01:44:02,mlx5_0,0.000,0.000,0.000,0.000
2025-11-23 01:44:02,mlx5_1,0.117,61.640,141.610,291.624
2025-11-23 01:44:02,mlx5_2,0.129,71.191,145.137,334.035
2025-11-23 01:44:02,mlx5_3,0.133,66.658,143.190,313.785
2025-11-23 01:44:02,mlx5_4,0.144,76.279,148.354,355.182
2025-11-23 01:44:02,mlx5_5,0.132,63.772,141.622,300.364
2025-11-23 01:44:02,mlx5_6,0.133,73.053,146.749,344.650
2025-11-23 01:44:02,mlx5_7,0.000,0.000,0.000,0.000
2025-11-23 01:44:02,mlx5_8,0.133,69.668,144.089,324.472
2025-11-23 01:44:02,mlx5_9,0.140,78.134,149.696,366.476
2025-11-23 01:44:02,TOTAL,1.061,560.394,1160.446,2630.588
2025-11-23 01:44:03,mlx5_0,0.000,0.000,0.000,0.000
2025-11-23 01:44:03,mlx5_1,0.127,66.544,141.626,299.982
2025-11-23 01:44:03,mlx5_2,0.135,76.705,145.154,343.669
2025-11-23 01:44:03,mlx5_3,0.141,71.147,143.207,322.721
2025-11-23 01:44:03,mlx5_4,0.154,80.822,148.373,365.333
2025-11-23 01:44:03,mlx5_5,0.138,67.806,141.640,308.880
2025-11-23 01:44:03,mlx5_6,0.141,78.511,146.766,354.511
2025-11-23 01:44:03,mlx5_7,0.000,0.000,0.000,0.000
2025-11-23 01:44:03,mlx5_8,0.142,74.828,144.107,333.870
2025-11-23 01:44:03,mlx5_9,0.151,83.659,149.715,376.983
2025-11-23 01:44:03,TOTAL,1.130,600.022,1160.588,2705.949
2025-11-23 01:44:04,mlx5_0,0.000,0.000,0.000,0.000
2025-11-23 01:44:04,mlx5_1,0.019,10.091,141.628,301.250
2025-11-23 01:44:04,mlx5_2,0.021,11.758,145.156,345.147
2025-11-23 01:44:04,mlx5_3,0.020,11.023,143.210,324.106
2025-11-23 01:44:04,mlx5_4,0.022,12.196,148.376,366.866
2025-11-23 01:44:04,mlx5_5,0.020,10.458,141.642,310.194
2025-11-23 01:44:04,mlx5_6,0.021,11.928,146.769,356.010
2025-11-23 01:44:04,mlx5_7,0.000,0.000,0.000,0.000
2025-11-23 01:44:04,mlx5_8,0.020,11.263,144.110,335.286
2025-11-23 01:44:04,mlx5_9,0.022,12.711,149.718,378.581
2025-11-23 01:44:04,TOTAL,0.164,91.430,1160.609,2717.441
2025-11-23 01:44:05,mlx5_0,0.000,0.000,0.000,0.000
2025-11-23 01:44:05,mlx5_1,0.000,0.000,141.628,301.250
2025-11-23 01:44:05,mlx5_2,0.000,0.000,145.156,345.147
2025-11-23 01:44:05,mlx5_3,0.000,0.000,143.210,324.106
2025-11-23 01:44:05,mlx5_4,0.000,0.000,148.376,366.866
2025-11-23 01:44:05,mlx5_5,0.000,0.000,141.642,310.194
2025-11-23 01:44:05,mlx5_6,0.000,0.000,146.769,356.010
2025-11-23 01:44:05,mlx5_7,0.000,0.000,0.000,0.000
2025-11-23 01:44:05,mlx5_8,0.000,0.000,144.110,335.286
2025-11-23 01:44:05,mlx5_9,0.000,0.000,149.718,378.581
2025-11-23 01:44:05,TOTAL,0.000,0.000,1160.609,2717.441
2025-11-23 01:44:06,mlx5_0,0.000,0.000,0.000,0.000
2025-11-23 01:44:06,mlx5_1,0.000,0.000,141.628,301.250
2025-11-23 01:44:06,mlx5_2,0.000,0.000,145.156,345.147
2025-11-23 01:44:06,mlx5_3,0.000,0.000,143.210,324.106
2025-11-23 01:44:06,mlx5_4,0.000,0.000,148.376,366.866
2025-11-23 01:44:06,mlx5_5,0.000,0.000,141.642,310.194
2025-11-23 01:44:06,mlx5_6,0.000,0.000,146.769,356.010
2025-11-23 01:44:06,mlx5_7,0.000,0.000,0.000,0.000
2025-11-23 01:44:06,mlx5_8,0.000,0.000,144.110,335.286
2025-11-23 01:44:06,mlx5_9,0.000,0.000,149.718,378.581
2025-11-23 01:44:06,TOTAL,0.000,0.000,1160.609,2717.441
2025-11-23 01:44:07,mlx5_0,0.000,0.000,0.000,0.000
2025-11-23 01:44:07,mlx5_1,0.000,0.000,141.628,301.250
2025-11-23 01:44:07,mlx5_2,0.000,0.000,145.156,345.147
2025-11-23 01:44:07,mlx5_3,0.000,0.000,143.210,324.106
2025-11-23 01:44:07,mlx5_4,0.000,0.000,148.376,366.866
2025-11-23 01:44:07,mlx5_5,0.000,0.000,141.642,310.194
2025-11-23 01:44:07,mlx5_6,0.000,0.000,146.769,356.010
2025-11-23 01:44:07,mlx5_7,0.000,0.000,0.000,0.000
2025-11-23 01:44:07,mlx5_8,0.000,0.000,144.110,335.286
2025-11-23 01:44:07,mlx5_9,0.000,0.000,149.718,378.581
2025-11-23 01:44:07,TOTAL,0.000,0.000,1160.609,2717.441
2025-11-23 01:44:08,mlx5_0,0.000,0.000,0.000,0.000
2025-11-23 01:44:08,mlx5_1,0.000,0.000,141.628,301.250
2025-11-23 01:44:08,mlx5_2,0.000,0.000,145.156,345.147
2025-11-23 01:44:08,mlx5_3,0.000,0.000,143.210,324.106
2025-11-23 01:44:08,mlx5_4,0.000,0.000,148.376,366.866
2025-11-23 01:44:08,mlx5_5,0.000,0.000,141.642,310.194
2025-11-23 01:44:08,mlx5_6,0.000,0.000,146.769,356.010
2025-11-23 01:44:08,mlx5_7,0.000,0.000,0.000,0.000
2025-11-23 01:44:08,mlx5_8,0.000,0.000,144.110,335.286
2025-11-23 01:44:08,mlx5_9,0.000,0.000,149.718,378.581
2025-11-23 01:44:08,TOTAL,0.000,0.000,1160.609,2717.441
