timestamp,device,tx_gbps,rx_gbps,tx_total_gb,rx_total_gb
2025-11-22 14:51:19,mlx5_0,0.000,0.000,0.000,0.000
2025-11-22 14:51:19,mlx5_1,0.001,0.000,0.001,0.000
2025-11-22 14:51:19,mlx5_2,0.000,0.000,0.000,0.000
2025-11-22 14:51:19,mlx5_3,0.000,0.000,0.000,0.000
2025-11-22 14:51:19,mlx5_4,0.000,0.000,0.000,0.000
2025-11-22 14:51:19,mlx5_5,0.002,0.000,0.001,0.000
2025-11-22 14:51:19,mlx5_6,0.000,0.000,0.000,0.000
2025-11-22 14:51:19,mlx5_7,0.000,0.000,0.000,0.000
2025-11-22 14:51:19,mlx5_8,0.000,0.000,0.000,0.000
2025-11-22 14:51:19,mlx5_9,0.000,0.000,0.000,0.000
2025-11-22 14:51:19,TOTAL,0.004,0.000,0.001,0.000
2025-11-22 14:51:20,mlx5_0,0.000,0.000,0.000,0.000
2025-11-22 14:51:20,mlx5_1,0.000,0.000,0.001,0.000
2025-11-22 14:51:20,mlx5_2,0.000,0.000,0.000,0.000
2025-11-22 14:51:20,mlx5_3,0.000,0.000,0.000,0.000
2025-11-22 14:51:20,mlx5_4,0.000,0.000,0.000,0.000
2025-11-22 14:51:20,mlx5_5,0.000,0.000,0.001,0.000
2025-11-22 14:51:20,mlx5_6,0.000,0.000,0.000,0.000
2025-11-22 14:51:20,mlx5_7,0.000,0.000,0.000,0.000
2025-11-22 14:51:20,mlx5_8,0.000,0.000,0.000,0.000
2025-11-22 14:51:20,mlx5_9,0.000,0.000,0.000,0.000
2025-11-22 14:51:20,TOTAL,0.000,0.000,0.001,0.000
2025-11-22 14:51:21,mlx5_0,0.000,0.000,0.000,0.000
2025-11-22 14:51:21,mlx5_1,0.000,0.000,0.001,0.000
2025-11-22 14:51:21,mlx5_2,0.000,0.000,0.000,0.000
2025-11-22 14:51:21,mlx5_3,0.000,0.000,0.000,0.000
2025-11-22 14:51:21,mlx5_4,0.000,0.000,0.000,0.000
2025-11-22 14:51:21,mlx5_5,0.000,0.000,0.001,0.000
2025-11-22 14:51:21,mlx5_6,0.000,0.000,0.000,0.000
2025-11-22 14:51:21,mlx5_7,0.000,0.000,0.000,0.000
2025-11-22 14:51:21,mlx5_8,0.000,0.000,0.000,0.000
2025-11-22 14:51:21,mlx5_9,0.000,0.000,0.000,0.000
2025-11-22 14:51:21,TOTAL,0.000,0.000,0.001,0.000
2025-11-22 14:51:22,mlx5_0,0.000,0.000,0.000,0.000
2025-11-22 14:51:22,mlx5_1,0.000,0.000,0.001,0.000
2025-11-22 14:51:22,mlx5_2,0.000,0.000,0.000,0.000
2025-11-22 14:51:22,mlx5_3,0.000,0.000,0.000,0.000
2025-11-22 14:51:22,mlx5_4,0.000,0.000,0.000,0.000
2025-11-22 14:51:22,mlx5_5,0.000,0.000,0.001,0.000
2025-11-22 14:51:22,mlx5_6,0.000,0.000,0.000,0.000
2025-11-22 14:51:22,mlx5_7,0.000,0.000,0.000,0.000
2025-11-22 14:51:22,mlx5_8,0.000,0.000,0.000,0.000
2025-11-22 14:51:22,mlx5_9,0.000,0.000,0.000,0.000
2025-11-22 14:51:22,TOTAL,0.000,0.000,0.001,0.000
2025-11-22 14:51:23,mlx5_0,0.000,0.000,0.000,0.000
2025-11-22 14:51:23,mlx5_1,0.000,0.000,0.001,0.000
2025-11-22 14:51:23,mlx5_2,0.000,0.000,0.000,0.000
2025-11-22 14:51:23,mlx5_3,0.000,0.000,0.000,0.000
2025-11-22 14:51:23,mlx5_4,0.000,0.000,0.000,0.000
2025-11-22 14:51:23,mlx5_5,0.000,0.000,0.001,0.000
2025-11-22 14:51:23,mlx5_6,0.000,0.000,0.000,0.000
2025-11-22 14:51:23,mlx5_7,0.000,0.000,0.000,0.000
2025-11-22 14:51:23,mlx5_8,0.000,0.000,0.000,0.000
2025-11-22 14:51:23,mlx5_9,0.000,0.000,0.000,0.000
2025-11-22 14:51:23,TOTAL,0.000,0.000,0.001,0.000
2025-11-22 14:51:24,mlx5_0,0.000,0.000,0.000,0.000
2025-11-22 14:51:24,mlx5_1,0.000,0.000,0.001,0.000
2025-11-22 14:51:24,mlx5_2,0.000,0.000,0.000,0.000
2025-11-22 14:51:24,mlx5_3,0.000,0.000,0.000,0.000
2025-11-22 14:51:24,mlx5_4,0.000,0.000,0.000,0.000
2025-11-22 14:51:24,mlx5_5,0.000,0.000,0.001,0.000
2025-11-22 14:51:24,mlx5_6,0.000,0.000,0.000,0.000
2025-11-22 14:51:24,mlx5_7,0.000,0.000,0.000,0.000
2025-11-22 14:51:24,mlx5_8,0.000,0.000,0.000,0.000
2025-11-22 14:51:24,mlx5_9,0.000,0.000,0.000,0.000
2025-11-22 14:51:24,TOTAL,0.000,0.000,0.001,0.000
2025-11-22 14:51:25,mlx5_0,0.000,0.000,0.000,0.000
2025-11-22 14:51:25,mlx5_1,0.000,0.000,0.001,0.000
2025-11-22 14:51:25,mlx5_2,0.000,0.000,0.000,0.000
2025-11-22 14:51:25,mlx5_3,0.000,0.000,0.000,0.000
2025-11-22 14:51:25,mlx5_4,0.000,0.000,0.000,0.000
2025-11-22 14:51:25,mlx5_5,0.000,0.000,0.001,0.000
2025-11-22 14:51:25,mlx5_6,0.000,0.000,0.000,0.000
2025-11-22 14:51:25,mlx5_7,0.000,0.000,0.000,0.000
2025-11-22 14:51:25,mlx5_8,0.000,0.000,0.000,0.000
2025-11-22 14:51:25,mlx5_9,0.000,0.000,0.000,0.000
2025-11-22 14:51:25,TOTAL,0.000,0.000,0.001,0.000
2025-11-22 14:51:26,mlx5_0,0.000,0.000,0.000,0.000
2025-11-22 14:51:26,mlx5_1,0.000,0.000,0.001,0.000
2025-11-22 14:51:26,mlx5_2,0.000,0.000,0.000,0.000
2025-11-22 14:51:26,mlx5_3,0.000,0.000,0.000,0.000
2025-11-22 14:51:26,mlx5_4,0.000,0.000,0.000,0.000
2025-11-22 14:51:26,mlx5_5,0.000,0.000,0.001,0.000
2025-11-22 14:51:26,mlx5_6,0.000,0.000,0.000,0.000
2025-11-22 14:51:26,mlx5_7,0.000,0.000,0.000,0.000
2025-11-22 14:51:26,mlx5_8,0.000,0.000,0.000,0.000
2025-11-22 14:51:26,mlx5_9,0.000,0.000,0.000,0.000
2025-11-22 14:51:26,TOTAL,0.000,0.000,0.001,0.000
2025-11-22 14:51:27,mlx5_0,0.000,0.000,0.000,0.000
2025-11-22 14:51:27,mlx5_1,0.000,0.000,0.001,0.000
2025-11-22 14:51:27,mlx5_2,0.000,0.000,0.000,0.000
2025-11-22 14:51:27,mlx5_3,0.000,0.000,0.000,0.000
2025-11-22 14:51:27,mlx5_4,0.000,0.000,0.000,0.000
2025-11-22 14:51:27,mlx5_5,0.000,0.000,0.001,0.000
2025-11-22 14:51:27,mlx5_6,0.000,0.000,0.000,0.000
2025-11-22 14:51:27,mlx5_7,0.000,0.000,0.000,0.000
2025-11-22 14:51:27,mlx5_8,0.000,0.000,0.000,0.000
2025-11-22 14:51:27,mlx5_9,0.000,0.000,0.000,0.000
2025-11-22 14:51:27,TOTAL,0.000,0.000,0.001,0.000
2025-11-22 14:51:28,mlx5_0,0.000,0.000,0.000,0.000
2025-11-22 14:51:28,mlx5_1,0.000,0.000,0.001,0.000
2025-11-22 14:51:28,mlx5_2,0.000,0.000,0.000,0.000
2025-11-22 14:51:28,mlx5_3,0.000,0.000,0.000,0.000
2025-11-22 14:51:28,mlx5_4,0.000,0.000,0.000,0.000
2025-11-22 14:51:28,mlx5_5,0.000,0.000,0.001,0.000
2025-11-22 14:51:28,mlx5_6,0.000,0.000,0.000,0.000
2025-11-22 14:51:28,mlx5_7,0.000,0.000,0.000,0.000
2025-11-22 14:51:28,mlx5_8,0.000,0.000,0.000,0.000
2025-11-22 14:51:28,mlx5_9,0.000,0.000,0.000,0.000
2025-11-22 14:51:28,TOTAL,0.000,0.000,0.001,0.000
2025-11-22 14:51:29,mlx5_0,0.000,0.000,0.000,0.000
2025-11-22 14:51:29,mlx5_1,0.000,0.000,0.001,0.000
2025-11-22 14:51:29,mlx5_2,0.000,0.000,0.000,0.000
2025-11-22 14:51:29,mlx5_3,0.000,0.000,0.000,0.000
2025-11-22 14:51:29,mlx5_4,0.000,0.000,0.000,0.000
2025-11-22 14:51:29,mlx5_5,0.000,0.000,0.001,0.000
2025-11-22 14:51:29,mlx5_6,0.000,0.000,0.000,0.000
2025-11-22 14:51:29,mlx5_7,0.000,0.000,0.000,0.000
2025-11-22 14:51:29,mlx5_8,0.000,0.000,0.000,0.000
2025-11-22 14:51:29,mlx5_9,0.000,0.000,0.000,0.000
2025-11-22 14:51:29,TOTAL,0.000,0.000,0.001,0.000
2025-11-22 14:51:30,mlx5_0,0.000,0.000,0.000,0.000
2025-11-22 14:51:30,mlx5_1,0.000,0.000,0.001,0.000
2025-11-22 14:51:30,mlx5_2,0.000,0.000,0.000,0.000
2025-11-22 14:51:30,mlx5_3,0.000,0.000,0.000,0.000
2025-11-22 14:51:30,mlx5_4,0.000,0.000,0.000,0.000
2025-11-22 14:51:30,mlx5_5,0.000,0.000,0.001,0.000
2025-11-22 14:51:30,mlx5_6,0.000,0.000,0.000,0.000
2025-11-22 14:51:30,mlx5_7,0.000,0.000,0.000,0.000
2025-11-22 14:51:30,mlx5_8,0.000,0.000,0.000,0.000
2025-11-22 14:51:30,mlx5_9,0.000,0.000,0.000,0.000
2025-11-22 14:51:30,TOTAL,0.000,0.000,0.001,0.000
2025-11-22 14:51:31,mlx5_0,0.000,0.000,0.000,0.000
2025-11-22 14:51:31,mlx5_1,0.000,0.000,0.001,0.000
2025-11-22 14:51:31,mlx5_2,0.000,0.000,0.000,0.000
2025-11-22 14:51:31,mlx5_3,0.000,0.000,0.000,0.000
2025-11-22 14:51:31,mlx5_4,0.000,0.000,0.000,0.000
2025-11-22 14:51:31,mlx5_5,0.000,0.000,0.001,0.000
2025-11-22 14:51:31,mlx5_6,0.000,0.000,0.000,0.000
2025-11-22 14:51:31,mlx5_7,0.000,0.000,0.000,0.000
2025-11-22 14:51:31,mlx5_8,0.000,0.000,0.000,0.000
2025-11-22 14:51:31,mlx5_9,0.000,0.000,0.000,0.000
2025-11-22 14:51:31,TOTAL,0.000,0.000,0.001,0.000
2025-11-22 14:51:32,mlx5_0,0.000,0.000,0.000,0.000
2025-11-22 14:51:32,mlx5_1,0.000,0.000,0.001,0.000
2025-11-22 14:51:32,mlx5_2,0.000,0.000,0.000,0.000
2025-11-22 14:51:32,mlx5_3,0.000,0.000,0.000,0.000
2025-11-22 14:51:32,mlx5_4,0.000,0.000,0.000,0.000
2025-11-22 14:51:32,mlx5_5,0.000,0.000,0.001,0.000
2025-11-22 14:51:32,mlx5_6,0.000,0.000,0.000,0.000
2025-11-22 14:51:32,mlx5_7,0.000,0.000,0.000,0.000
2025-11-22 14:51:32,mlx5_8,0.000,0.000,0.000,0.000
2025-11-22 14:51:32,mlx5_9,0.000,0.000,0.000,0.000
2025-11-22 14:51:32,TOTAL,0.000,0.000,0.001,0.000
2025-11-22 14:51:33,mlx5_0,0.000,0.000,0.000,0.000
2025-11-22 14:51:33,mlx5_1,0.000,0.000,0.001,0.000
2025-11-22 14:51:33,mlx5_2,0.000,0.000,0.000,0.000
2025-11-22 14:51:33,mlx5_3,0.000,0.000,0.000,0.000
2025-11-22 14:51:33,mlx5_4,0.000,0.000,0.000,0.000
2025-11-22 14:51:33,mlx5_5,0.000,0.000,0.001,0.000
2025-11-22 14:51:33,mlx5_6,0.000,0.000,0.000,0.000
2025-11-22 14:51:33,mlx5_7,0.000,0.000,0.000,0.000
2025-11-22 14:51:33,mlx5_8,0.000,0.000,0.000,0.000
2025-11-22 14:51:33,mlx5_9,0.000,0.000,0.000,0.000
2025-11-22 14:51:33,TOTAL,0.000,0.000,0.001,0.000
2025-11-22 14:51:34,mlx5_0,0.000,0.000,0.000,0.000
2025-11-22 14:51:34,mlx5_1,0.000,0.000,0.001,0.000
2025-11-22 14:51:34,mlx5_2,0.000,0.000,0.000,0.000
2025-11-22 14:51:34,mlx5_3,0.000,0.000,0.000,0.000
2025-11-22 14:51:34,mlx5_4,0.000,0.000,0.000,0.000
2025-11-22 14:51:34,mlx5_5,0.000,0.000,0.001,0.000
2025-11-22 14:51:34,mlx5_6,0.000,0.000,0.000,0.000
2025-11-22 14:51:34,mlx5_7,0.000,0.000,0.000,0.000
2025-11-22 14:51:34,mlx5_8,0.000,0.000,0.000,0.000
2025-11-22 14:51:34,mlx5_9,0.000,0.000,0.000,0.000
2025-11-22 14:51:34,TOTAL,0.000,0.000,0.001,0.000
2025-11-22 14:51:35,mlx5_0,0.000,0.000,0.000,0.000
2025-11-22 14:51:35,mlx5_1,1.241,0.003,0.156,0.000
2025-11-22 14:51:35,mlx5_2,0.000,0.000,0.000,0.000
2025-11-22 14:51:35,mlx5_3,0.000,0.000,0.000,0.000
2025-11-22 14:51:35,mlx5_4,0.000,0.000,0.000,0.000
2025-11-22 14:51:35,mlx5_5,1.150,0.003,0.145,0.000
2025-11-22 14:51:35,mlx5_6,0.000,0.000,0.000,0.000
2025-11-22 14:51:35,mlx5_7,0.000,0.000,0.000,0.000
2025-11-22 14:51:35,mlx5_8,0.000,0.000,0.000,0.000
2025-11-22 14:51:35,mlx5_9,0.000,0.000,0.000,0.000
2025-11-22 14:51:35,TOTAL,2.391,0.006,0.302,0.001
2025-11-22 14:51:36,mlx5_0,0.000,0.000,0.000,0.000
2025-11-22 14:51:36,mlx5_1,0.000,0.000,0.156,0.000
2025-11-22 14:51:36,mlx5_2,0.000,0.000,0.000,0.000
2025-11-22 14:51:36,mlx5_3,0.000,0.000,0.000,0.000
2025-11-22 14:51:36,mlx5_4,0.000,0.000,0.000,0.000
2025-11-22 14:51:36,mlx5_5,0.000,0.000,0.145,0.000
2025-11-22 14:51:36,mlx5_6,0.000,0.000,0.000,0.000
2025-11-22 14:51:36,mlx5_7,0.000,0.000,0.000,0.000
2025-11-22 14:51:36,mlx5_8,0.000,0.000,0.000,0.000
2025-11-22 14:51:36,mlx5_9,0.000,0.000,0.000,0.000
2025-11-22 14:51:36,TOTAL,0.000,0.000,0.302,0.001
2025-11-22 14:51:37,mlx5_0,0.000,0.000,0.000,0.000
2025-11-22 14:51:37,mlx5_1,0.000,0.000,0.156,0.000
2025-11-22 14:51:37,mlx5_2,0.000,0.000,0.000,0.000
2025-11-22 14:51:37,mlx5_3,0.000,0.000,0.000,0.000
2025-11-22 14:51:37,mlx5_4,0.000,0.000,0.000,0.000
2025-11-22 14:51:37,mlx5_5,0.000,0.000,0.145,0.000
2025-11-22 14:51:37,mlx5_6,0.000,0.000,0.000,0.000
2025-11-22 14:51:37,mlx5_7,0.000,0.000,0.000,0.000
2025-11-22 14:51:37,mlx5_8,0.000,0.000,0.000,0.000
2025-11-22 14:51:37,mlx5_9,0.000,0.000,0.000,0.000
2025-11-22 14:51:37,TOTAL,0.000,0.000,0.302,0.001
2025-11-22 14:51:38,mlx5_0,0.000,0.000,0.000,0.000
2025-11-22 14:51:38,mlx5_1,0.000,0.000,0.156,0.000
2025-11-22 14:51:38,mlx5_2,0.000,0.000,0.000,0.000
2025-11-22 14:51:38,mlx5_3,0.000,0.000,0.000,0.000
2025-11-22 14:51:38,mlx5_4,0.000,0.000,0.000,0.000
2025-11-22 14:51:38,mlx5_5,0.000,0.000,0.145,0.000
2025-11-22 14:51:38,mlx5_6,0.000,0.000,0.000,0.000
2025-11-22 14:51:38,mlx5_7,0.000,0.000,0.000,0.000
2025-11-22 14:51:38,mlx5_8,0.000,0.000,0.000,0.000
2025-11-22 14:51:38,mlx5_9,0.000,0.000,0.000,0.000
2025-11-22 14:51:38,TOTAL,0.000,0.000,0.302,0.001
2025-11-22 14:51:39,mlx5_0,0.000,0.000,0.000,0.000
2025-11-22 14:51:39,mlx5_1,0.000,0.000,0.156,0.000
2025-11-22 14:51:39,mlx5_2,0.000,0.000,0.000,0.000
2025-11-22 14:51:39,mlx5_3,0.000,0.000,0.000,0.000
2025-11-22 14:51:39,mlx5_4,0.000,0.000,0.000,0.000
2025-11-22 14:51:39,mlx5_5,0.000,0.000,0.145,0.000
2025-11-22 14:51:39,mlx5_6,0.000,0.000,0.000,0.000
2025-11-22 14:51:39,mlx5_7,0.000,0.000,0.000,0.000
2025-11-22 14:51:39,mlx5_8,0.000,0.000,0.000,0.000
2025-11-22 14:51:39,mlx5_9,0.000,0.000,0.000,0.000
2025-11-22 14:51:39,TOTAL,0.000,0.000,0.302,0.001
2025-11-22 14:51:40,mlx5_0,0.000,0.000,0.000,0.000
2025-11-22 14:51:40,mlx5_1,0.000,0.000,0.156,0.000
2025-11-22 14:51:40,mlx5_2,0.000,0.000,0.000,0.000
2025-11-22 14:51:40,mlx5_3,0.000,0.000,0.000,0.000
2025-11-22 14:51:40,mlx5_4,0.000,0.000,0.000,0.000
2025-11-22 14:51:40,mlx5_5,0.000,0.000,0.145,0.000
2025-11-22 14:51:40,mlx5_6,0.000,0.000,0.000,0.000
2025-11-22 14:51:40,mlx5_7,0.000,0.000,0.000,0.000
2025-11-22 14:51:40,mlx5_8,0.000,0.000,0.000,0.000
2025-11-22 14:51:40,mlx5_9,0.000,0.000,0.000,0.000
2025-11-22 14:51:40,TOTAL,0.000,0.000,0.302,0.001
2025-11-22 14:51:41,mlx5_0,0.000,0.000,0.000,0.000
2025-11-22 14:51:41,mlx5_1,0.000,0.000,0.157,0.001
2025-11-22 14:51:41,mlx5_2,0.000,0.000,0.000,0.000
2025-11-22 14:51:41,mlx5_3,0.000,0.000,0.000,0.000
2025-11-22 14:51:41,mlx5_4,0.000,0.000,0.000,0.000
2025-11-22 14:51:41,mlx5_5,0.000,0.000,0.145,0.000
2025-11-22 14:51:41,mlx5_6,0.000,0.000,0.000,0.000
2025-11-22 14:51:41,mlx5_7,0.000,0.000,0.000,0.000
2025-11-22 14:51:41,mlx5_8,0.000,0.000,0.000,0.000
2025-11-22 14:51:41,mlx5_9,0.000,0.000,0.000,0.000
2025-11-22 14:51:41,TOTAL,0.000,0.000,0.302,0.001
2025-11-22 14:51:42,mlx5_0,0.000,0.000,0.000,0.000
2025-11-22 14:51:42,mlx5_1,0.000,0.000,0.157,0.001
2025-11-22 14:51:42,mlx5_2,0.000,0.000,0.000,0.000
2025-11-22 14:51:42,mlx5_3,0.000,0.000,0.000,0.000
2025-11-22 14:51:42,mlx5_4,0.000,0.000,0.000,0.000
2025-11-22 14:51:42,mlx5_5,0.000,0.000,0.145,0.000
2025-11-22 14:51:42,mlx5_6,0.000,0.000,0.000,0.000
2025-11-22 14:51:42,mlx5_7,0.000,0.000,0.000,0.000
2025-11-22 14:51:42,mlx5_8,0.000,0.000,0.000,0.000
2025-11-22 14:51:42,mlx5_9,0.000,0.000,0.000,0.000
2025-11-22 14:51:42,TOTAL,0.000,0.000,0.302,0.001
2025-11-22 14:51:43,mlx5_0,0.000,0.000,0.000,0.000
2025-11-22 14:51:43,mlx5_1,0.220,0.246,0.184,0.031
2025-11-22 14:51:43,mlx5_2,0.000,0.000,0.000,0.000
2025-11-22 14:51:43,mlx5_3,0.000,0.000,0.000,0.000
2025-11-22 14:51:43,mlx5_4,0.000,0.000,0.000,0.000
2025-11-22 14:51:43,mlx5_5,0.237,0.155,0.175,0.020
2025-11-22 14:51:43,mlx5_6,0.000,0.000,0.000,0.000
2025-11-22 14:51:43,mlx5_7,0.000,0.000,0.000,0.000
2025-11-22 14:51:43,mlx5_8,0.000,0.000,0.000,0.000
2025-11-22 14:51:43,mlx5_9,0.000,0.000,0.000,0.000
2025-11-22 14:51:43,TOTAL,0.458,0.401,0.359,0.051
2025-11-22 14:51:44,mlx5_0,0.000,0.000,0.000,0.000
2025-11-22 14:51:44,mlx5_1,0.000,0.000,0.184,0.031
2025-11-22 14:51:44,mlx5_2,0.000,0.000,0.000,0.000
2025-11-22 14:51:44,mlx5_3,0.000,0.000,0.000,0.000
2025-11-22 14:51:44,mlx5_4,0.000,0.000,0.000,0.000
2025-11-22 14:51:44,mlx5_5,0.000,0.000,0.175,0.020
2025-11-22 14:51:44,mlx5_6,0.000,0.000,0.000,0.000
2025-11-22 14:51:44,mlx5_7,0.000,0.000,0.000,0.000
2025-11-22 14:51:44,mlx5_8,0.000,0.000,0.000,0.000
2025-11-22 14:51:44,mlx5_9,0.000,0.000,0.000,0.000
2025-11-22 14:51:44,TOTAL,0.000,0.000,0.359,0.051
2025-11-22 14:51:45,mlx5_0,0.000,0.000,0.000,0.000
2025-11-22 14:51:45,mlx5_1,2.316,0.006,0.475,0.032
2025-11-22 14:51:45,mlx5_2,0.000,0.000,0.000,0.000
2025-11-22 14:51:45,mlx5_3,0.000,0.000,0.000,0.000
2025-11-22 14:51:45,mlx5_4,0.000,0.000,0.000,0.000
2025-11-22 14:51:45,mlx5_5,2.240,0.006,0.457,0.021
2025-11-22 14:51:45,mlx5_6,0.000,0.000,0.000,0.000
2025-11-22 14:51:45,mlx5_7,0.000,0.000,0.000,0.000
2025-11-22 14:51:45,mlx5_8,0.000,0.000,0.000,0.000
2025-11-22 14:51:45,mlx5_9,0.000,0.000,0.000,0.000
2025-11-22 14:51:45,TOTAL,4.556,0.012,0.932,0.053
2025-11-22 14:51:46,mlx5_0,0.000,0.000,0.000,0.000
2025-11-22 14:51:46,mlx5_1,1.940,0.004,0.719,0.033
2025-11-22 14:51:46,mlx5_2,0.000,0.000,0.000,0.000
2025-11-22 14:51:46,mlx5_3,0.000,0.000,0.000,0.000
2025-11-22 14:51:46,mlx5_4,0.000,0.000,0.000,0.000
2025-11-22 14:51:46,mlx5_5,2.154,0.004,0.727,0.021
2025-11-22 14:51:46,mlx5_6,0.000,0.000,0.000,0.000
2025-11-22 14:51:46,mlx5_7,0.000,0.000,0.000,0.000
2025-11-22 14:51:46,mlx5_8,0.000,0.000,0.000,0.000
2025-11-22 14:51:46,mlx5_9,0.000,0.000,0.000,0.000
2025-11-22 14:51:46,TOTAL,4.094,0.008,1.446,0.054
2025-11-22 14:51:47,mlx5_0,0.000,0.000,0.000,0.000
2025-11-22 14:51:47,mlx5_1,0.000,0.000,0.719,0.033
2025-11-22 14:51:47,mlx5_2,0.000,0.000,0.000,0.000
2025-11-22 14:51:47,mlx5_3,0.000,0.000,0.000,0.000
2025-11-22 14:51:47,mlx5_4,0.000,0.000,0.000,0.000
2025-11-22 14:51:47,mlx5_5,0.000,0.000,0.727,0.021
2025-11-22 14:51:47,mlx5_6,0.000,0.000,0.000,0.000
2025-11-22 14:51:47,mlx5_7,0.000,0.000,0.000,0.000
2025-11-22 14:51:47,mlx5_8,0.000,0.000,0.000,0.000
2025-11-22 14:51:47,mlx5_9,0.000,0.000,0.000,0.000
2025-11-22 14:51:47,TOTAL,0.000,0.000,1.446,0.054
2025-11-22 14:51:48,mlx5_0,0.000,0.000,0.000,0.000
2025-11-22 14:51:48,mlx5_1,0.000,0.000,0.719,0.033
2025-11-22 14:51:48,mlx5_2,0.000,0.000,0.000,0.000
2025-11-22 14:51:48,mlx5_3,0.000,0.000,0.000,0.000
2025-11-22 14:51:48,mlx5_4,0.000,0.000,0.000,0.000
2025-11-22 14:51:48,mlx5_5,0.000,0.000,0.727,0.021
2025-11-22 14:51:48,mlx5_6,0.000,0.000,0.000,0.000
2025-11-22 14:51:48,mlx5_7,0.000,0.000,0.000,0.000
2025-11-22 14:51:48,mlx5_8,0.000,0.000,0.000,0.000
2025-11-22 14:51:48,mlx5_9,0.000,0.000,0.000,0.000
2025-11-22 14:51:48,TOTAL,0.000,0.000,1.446,0.054
2025-11-22 14:51:49,mlx5_0,0.000,0.000,0.000,0.000
2025-11-22 14:51:49,mlx5_1,0.000,0.000,0.719,0.033
2025-11-22 14:51:49,mlx5_2,0.000,0.000,0.000,0.000
2025-11-22 14:51:49,mlx5_3,0.000,0.000,0.000,0.000
2025-11-22 14:51:49,mlx5_4,0.000,0.000,0.000,0.000
2025-11-22 14:51:49,mlx5_5,0.000,0.000,0.727,0.021
2025-11-22 14:51:49,mlx5_6,0.000,0.000,0.000,0.000
2025-11-22 14:51:49,mlx5_7,0.000,0.000,0.000,0.000
2025-11-22 14:51:49,mlx5_8,0.000,0.000,0.000,0.000
2025-11-22 14:51:49,mlx5_9,0.000,0.000,0.000,0.000
2025-11-22 14:51:49,TOTAL,0.000,0.000,1.446,0.054
2025-11-22 14:51:50,mlx5_0,0.000,0.000,0.000,0.000
2025-11-22 14:51:50,mlx5_1,0.000,0.000,0.719,0.033
2025-11-22 14:51:50,mlx5_2,0.000,0.000,0.000,0.000
2025-11-22 14:51:50,mlx5_3,0.000,0.000,0.000,0.000
2025-11-22 14:51:50,mlx5_4,0.000,0.000,0.000,0.000
2025-11-22 14:51:50,mlx5_5,0.000,0.000,0.727,0.021
2025-11-22 14:51:50,mlx5_6,0.000,0.000,0.000,0.000
2025-11-22 14:51:50,mlx5_7,0.000,0.000,0.000,0.000
2025-11-22 14:51:50,mlx5_8,0.000,0.000,0.000,0.000
2025-11-22 14:51:50,mlx5_9,0.000,0.000,0.000,0.000
2025-11-22 14:51:50,TOTAL,0.000,0.000,1.446,0.054
2025-11-22 14:51:51,mlx5_0,0.000,0.000,0.000,0.000
2025-11-22 14:51:51,mlx5_1,0.000,0.000,0.719,0.033
2025-11-22 14:51:51,mlx5_2,0.000,0.000,0.000,0.000
2025-11-22 14:51:51,mlx5_3,0.000,0.000,0.000,0.000
2025-11-22 14:51:51,mlx5_4,0.000,0.000,0.000,0.000
2025-11-22 14:51:51,mlx5_5,0.000,0.000,0.727,0.021
2025-11-22 14:51:51,mlx5_6,0.000,0.000,0.000,0.000
2025-11-22 14:51:51,mlx5_7,0.000,0.000,0.000,0.000
2025-11-22 14:51:51,mlx5_8,0.000,0.000,0.000,0.000
2025-11-22 14:51:51,mlx5_9,0.000,0.000,0.000,0.000
2025-11-22 14:51:51,TOTAL,0.000,0.000,1.446,0.054
2025-11-22 14:51:52,mlx5_0,0.000,0.000,0.000,0.000
2025-11-22 14:51:52,mlx5_1,0.000,0.000,0.719,0.033
2025-11-22 14:51:52,mlx5_2,0.000,0.000,0.000,0.000
2025-11-22 14:51:52,mlx5_3,0.000,0.000,0.000,0.000
2025-11-22 14:51:52,mlx5_4,0.000,0.000,0.000,0.000
2025-11-22 14:51:52,mlx5_5,0.000,0.000,0.727,0.021
2025-11-22 14:51:52,mlx5_6,0.000,0.000,0.000,0.000
2025-11-22 14:51:52,mlx5_7,0.000,0.000,0.000,0.000
2025-11-22 14:51:52,mlx5_8,0.000,0.000,0.000,0.000
2025-11-22 14:51:52,mlx5_9,0.000,0.000,0.000,0.000
2025-11-22 14:51:52,TOTAL,0.000,0.000,1.446,0.054
2025-11-22 14:51:53,mlx5_0,0.000,0.000,0.000,0.000
2025-11-22 14:51:53,mlx5_1,0.000,0.000,0.719,0.033
2025-11-22 14:51:53,mlx5_2,0.000,0.000,0.000,0.000
2025-11-22 14:51:53,mlx5_3,0.000,0.000,0.000,0.000
2025-11-22 14:51:53,mlx5_4,0.000,0.000,0.000,0.000
2025-11-22 14:51:53,mlx5_5,0.000,0.000,0.727,0.021
2025-11-22 14:51:53,mlx5_6,0.000,0.000,0.000,0.000
2025-11-22 14:51:53,mlx5_7,0.000,0.000,0.000,0.000
2025-11-22 14:51:53,mlx5_8,0.000,0.000,0.000,0.000
2025-11-22 14:51:53,mlx5_9,0.000,0.000,0.000,0.000
2025-11-22 14:51:53,TOTAL,0.000,0.000,1.446,0.054
2025-11-22 14:51:54,mlx5_0,0.000,0.000,0.000,0.000
2025-11-22 14:51:54,mlx5_1,0.000,0.000,0.719,0.033
2025-11-22 14:51:54,mlx5_2,0.000,0.000,0.000,0.000
2025-11-22 14:51:54,mlx5_3,0.000,0.000,0.000,0.000
2025-11-22 14:51:54,mlx5_4,0.000,0.000,0.000,0.000
2025-11-22 14:51:54,mlx5_5,0.000,0.000,0.727,0.021
2025-11-22 14:51:54,mlx5_6,0.000,0.000,0.000,0.000
2025-11-22 14:51:54,mlx5_7,0.000,0.000,0.000,0.000
2025-11-22 14:51:54,mlx5_8,0.000,0.000,0.000,0.000
2025-11-22 14:51:54,mlx5_9,0.000,0.000,0.000,0.000
2025-11-22 14:51:54,TOTAL,0.000,0.000,1.446,0.054
2025-11-22 14:51:55,mlx5_0,0.000,0.000,0.000,0.000
2025-11-22 14:51:55,mlx5_1,0.000,0.000,0.719,0.033
2025-11-22 14:51:55,mlx5_2,0.000,0.000,0.000,0.000
2025-11-22 14:51:55,mlx5_3,0.000,0.000,0.000,0.000
2025-11-22 14:51:55,mlx5_4,0.000,0.000,0.000,0.000
2025-11-22 14:51:55,mlx5_5,0.000,0.000,0.727,0.021
2025-11-22 14:51:55,mlx5_6,0.000,0.000,0.000,0.000
2025-11-22 14:51:55,mlx5_7,0.000,0.000,0.000,0.000
2025-11-22 14:51:55,mlx5_8,0.000,0.000,0.000,0.000
2025-11-22 14:51:55,mlx5_9,0.000,0.000,0.000,0.000
2025-11-22 14:51:55,TOTAL,0.000,0.000,1.446,0.054
2025-11-22 14:51:56,mlx5_0,0.000,0.000,0.000,0.000
2025-11-22 14:51:56,mlx5_1,0.000,0.000,0.719,0.033
2025-11-22 14:51:56,mlx5_2,0.000,0.000,0.000,0.000
2025-11-22 14:51:56,mlx5_3,0.000,0.000,0.000,0.000
2025-11-22 14:51:56,mlx5_4,0.000,0.000,0.000,0.000
2025-11-22 14:51:56,mlx5_5,0.000,0.000,0.727,0.021
2025-11-22 14:51:56,mlx5_6,0.000,0.000,0.000,0.000
2025-11-22 14:51:56,mlx5_7,0.000,0.000,0.000,0.000
2025-11-22 14:51:56,mlx5_8,0.000,0.000,0.000,0.000
2025-11-22 14:51:56,mlx5_9,0.000,0.000,0.000,0.000
2025-11-22 14:51:56,TOTAL,0.000,0.000,1.446,0.054
2025-11-22 14:51:57,mlx5_0,0.000,0.000,0.000,0.000
2025-11-22 14:51:57,mlx5_1,0.000,0.000,0.719,0.033
2025-11-22 14:51:57,mlx5_2,0.000,0.000,0.000,0.000
2025-11-22 14:51:57,mlx5_3,0.000,0.000,0.000,0.000
2025-11-22 14:51:57,mlx5_4,0.000,0.000,0.000,0.000
2025-11-22 14:51:57,mlx5_5,0.000,0.000,0.727,0.021
2025-11-22 14:51:57,mlx5_6,0.000,0.000,0.000,0.000
2025-11-22 14:51:57,mlx5_7,0.000,0.000,0.000,0.000
2025-11-22 14:51:57,mlx5_8,0.000,0.000,0.000,0.000
2025-11-22 14:51:57,mlx5_9,0.000,0.000,0.000,0.000
2025-11-22 14:51:57,TOTAL,0.000,0.000,1.446,0.054
2025-11-22 14:51:58,mlx5_0,0.000,0.000,0.000,0.000
2025-11-22 14:51:58,mlx5_1,0.000,0.000,0.719,0.033
2025-11-22 14:51:58,mlx5_2,0.000,0.000,0.000,0.000
2025-11-22 14:51:58,mlx5_3,0.000,0.000,0.000,0.000
2025-11-22 14:51:58,mlx5_4,0.000,0.000,0.000,0.000
2025-11-22 14:51:58,mlx5_5,0.000,0.000,0.727,0.021
2025-11-22 14:51:58,mlx5_6,0.000,0.000,0.000,0.000
2025-11-22 14:51:58,mlx5_7,0.000,0.000,0.000,0.000
2025-11-22 14:51:58,mlx5_8,0.000,0.000,0.000,0.000
2025-11-22 14:51:58,mlx5_9,0.000,0.000,0.000,0.000
2025-11-22 14:51:58,TOTAL,0.000,0.000,1.446,0.054
2025-11-22 14:51:59,mlx5_0,0.000,0.000,0.000,0.000
2025-11-22 14:51:59,mlx5_1,0.008,4.449,0.720,0.592
2025-11-22 14:51:59,mlx5_2,0.000,0.000,0.000,0.000
2025-11-22 14:51:59,mlx5_3,0.000,0.000,0.000,0.000
2025-11-22 14:51:59,mlx5_4,0.000,0.000,0.000,0.000
2025-11-22 14:51:59,mlx5_5,0.008,4.503,0.728,0.587
2025-11-22 14:51:59,mlx5_6,0.000,0.000,0.000,0.000
2025-11-22 14:51:59,mlx5_7,0.000,0.000,0.000,0.000
2025-11-22 14:51:59,mlx5_8,0.000,0.000,0.000,0.000
2025-11-22 14:51:59,mlx5_9,0.000,0.000,0.000,0.000
2025-11-22 14:51:59,TOTAL,0.015,8.953,1.448,1.179
2025-11-22 14:52:00,mlx5_0,0.000,0.000,0.000,0.000
2025-11-22 14:52:00,mlx5_1,0.000,0.000,0.720,0.592
2025-11-22 14:52:00,mlx5_2,0.000,0.000,0.000,0.000
2025-11-22 14:52:00,mlx5_3,0.000,0.000,0.000,0.000
2025-11-22 14:52:00,mlx5_4,0.000,0.000,0.000,0.000
2025-11-22 14:52:00,mlx5_5,0.000,0.000,0.728,0.587
2025-11-22 14:52:00,mlx5_6,0.000,0.000,0.000,0.000
2025-11-22 14:52:00,mlx5_7,0.000,0.000,0.000,0.000
2025-11-22 14:52:00,mlx5_8,0.000,0.000,0.000,0.000
2025-11-22 14:52:00,mlx5_9,0.000,0.000,0.000,0.000
2025-11-22 14:52:00,TOTAL,0.000,0.000,1.448,1.179
2025-11-22 14:52:01,mlx5_0,0.000,0.000,0.000,0.000
2025-11-22 14:52:01,mlx5_1,0.000,0.000,0.720,0.592
2025-11-22 14:52:01,mlx5_2,0.000,0.000,0.000,0.000
2025-11-22 14:52:01,mlx5_3,0.000,0.000,0.000,0.000
2025-11-22 14:52:01,mlx5_4,0.000,0.000,0.000,0.000
2025-11-22 14:52:01,mlx5_5,0.000,0.000,0.728,0.587
2025-11-22 14:52:01,mlx5_6,0.000,0.000,0.000,0.000
2025-11-22 14:52:01,mlx5_7,0.000,0.000,0.000,0.000
2025-11-22 14:52:01,mlx5_8,0.000,0.000,0.000,0.000
2025-11-22 14:52:01,mlx5_9,0.000,0.000,0.000,0.000
2025-11-22 14:52:01,TOTAL,0.000,0.000,1.448,1.179
2025-11-22 14:52:02,mlx5_0,0.000,0.000,0.000,0.000
2025-11-22 14:52:02,mlx5_1,0.000,0.000,0.720,0.592
2025-11-22 14:52:02,mlx5_2,0.000,0.000,0.000,0.000
2025-11-22 14:52:02,mlx5_3,0.000,0.000,0.000,0.000
2025-11-22 14:52:02,mlx5_4,0.000,0.000,0.000,0.000
2025-11-22 14:52:02,mlx5_5,0.000,0.000,0.728,0.587
2025-11-22 14:52:02,mlx5_6,0.000,0.000,0.000,0.000
2025-11-22 14:52:02,mlx5_7,0.000,0.000,0.000,0.000
2025-11-22 14:52:02,mlx5_8,0.000,0.000,0.000,0.000
2025-11-22 14:52:02,mlx5_9,0.000,0.000,0.000,0.000
2025-11-22 14:52:02,TOTAL,0.000,0.000,1.448,1.179
2025-11-22 14:52:03,mlx5_0,0.000,0.000,0.000,0.000
2025-11-22 14:52:03,mlx5_1,0.000,0.000,0.720,0.592
2025-11-22 14:52:03,mlx5_2,0.000,0.000,0.000,0.000
2025-11-22 14:52:03,mlx5_3,0.000,0.000,0.000,0.000
2025-11-22 14:52:03,mlx5_4,0.000,0.000,0.000,0.000
2025-11-22 14:52:03,mlx5_5,0.000,0.000,0.728,0.587
2025-11-22 14:52:03,mlx5_6,0.000,0.000,0.000,0.000
2025-11-22 14:52:03,mlx5_7,0.000,0.000,0.000,0.000
2025-11-22 14:52:03,mlx5_8,0.000,0.000,0.000,0.000
2025-11-22 14:52:03,mlx5_9,0.000,0.000,0.000,0.000
2025-11-22 14:52:03,TOTAL,0.000,0.000,1.448,1.179
2025-11-22 14:52:04,mlx5_0,0.000,0.000,0.000,0.000
2025-11-22 14:52:04,mlx5_1,0.000,0.000,0.720,0.592
2025-11-22 14:52:04,mlx5_2,0.000,0.000,0.000,0.000
2025-11-22 14:52:04,mlx5_3,0.000,0.000,0.000,0.000
2025-11-22 14:52:04,mlx5_4,0.000,0.000,0.000,0.000
2025-11-22 14:52:04,mlx5_5,0.000,0.000,0.728,0.587
2025-11-22 14:52:04,mlx5_6,0.000,0.000,0.000,0.000
2025-11-22 14:52:04,mlx5_7,0.000,0.000,0.000,0.000
2025-11-22 14:52:04,mlx5_8,0.000,0.000,0.000,0.000
2025-11-22 14:52:04,mlx5_9,0.000,0.000,0.000,0.000
2025-11-22 14:52:04,TOTAL,0.000,0.000,1.448,1.179
2025-11-22 14:52:05,mlx5_0,0.000,0.000,0.000,0.000
2025-11-22 14:52:05,mlx5_1,0.000,0.000,0.720,0.592
2025-11-22 14:52:05,mlx5_2,0.000,0.000,0.000,0.000
2025-11-22 14:52:05,mlx5_3,0.000,0.000,0.000,0.000
2025-11-22 14:52:05,mlx5_4,0.000,0.000,0.000,0.000
2025-11-22 14:52:05,mlx5_5,0.000,0.000,0.728,0.587
2025-11-22 14:52:05,mlx5_6,0.000,0.000,0.000,0.000
2025-11-22 14:52:05,mlx5_7,0.000,0.000,0.000,0.000
2025-11-22 14:52:05,mlx5_8,0.000,0.000,0.000,0.000
2025-11-22 14:52:05,mlx5_9,0.000,0.000,0.000,0.000
2025-11-22 14:52:05,TOTAL,0.000,0.000,1.448,1.179
2025-11-22 14:52:06,mlx5_0,0.000,0.000,0.000,0.000
2025-11-22 14:52:06,mlx5_1,0.000,0.000,0.720,0.592
2025-11-22 14:52:06,mlx5_2,0.000,0.000,0.000,0.000
2025-11-22 14:52:06,mlx5_3,0.000,0.000,0.000,0.000
2025-11-22 14:52:06,mlx5_4,0.000,0.000,0.000,0.000
2025-11-22 14:52:06,mlx5_5,0.000,0.000,0.728,0.587
2025-11-22 14:52:06,mlx5_6,0.000,0.000,0.000,0.000
2025-11-22 14:52:06,mlx5_7,0.000,0.000,0.000,0.000
2025-11-22 14:52:06,mlx5_8,0.000,0.000,0.000,0.000
2025-11-22 14:52:06,mlx5_9,0.000,0.000,0.000,0.000
2025-11-22 14:52:06,TOTAL,0.000,0.000,1.448,1.179
2025-11-22 14:52:07,mlx5_0,0.000,0.000,0.000,0.000
2025-11-22 14:52:07,mlx5_1,0.000,0.000,0.720,0.592
2025-11-22 14:52:07,mlx5_2,0.000,0.000,0.000,0.000
2025-11-22 14:52:07,mlx5_3,0.000,0.000,0.000,0.000
2025-11-22 14:52:07,mlx5_4,0.000,0.000,0.000,0.000
2025-11-22 14:52:07,mlx5_5,0.000,0.000,0.728,0.587
2025-11-22 14:52:07,mlx5_6,0.000,0.000,0.000,0.000
2025-11-22 14:52:07,mlx5_7,0.000,0.000,0.000,0.000
2025-11-22 14:52:07,mlx5_8,0.000,0.000,0.000,0.000
2025-11-22 14:52:07,mlx5_9,0.000,0.000,0.000,0.000
2025-11-22 14:52:07,TOTAL,0.000,0.000,1.448,1.179
2025-11-22 14:52:08,mlx5_0,0.000,0.000,0.000,0.000
2025-11-22 14:52:08,mlx5_1,0.000,0.000,0.720,0.592
2025-11-22 14:52:08,mlx5_2,0.000,0.000,0.000,0.000
2025-11-22 14:52:08,mlx5_3,0.000,0.000,0.000,0.000
2025-11-22 14:52:08,mlx5_4,0.000,0.000,0.000,0.000
2025-11-22 14:52:08,mlx5_5,0.000,0.000,0.728,0.587
2025-11-22 14:52:08,mlx5_6,0.000,0.000,0.000,0.000
2025-11-22 14:52:08,mlx5_7,0.000,0.000,0.000,0.000
2025-11-22 14:52:08,mlx5_8,0.000,0.000,0.000,0.000
2025-11-22 14:52:08,mlx5_9,0.000,0.000,0.000,0.000
2025-11-22 14:52:08,TOTAL,0.000,0.000,1.448,1.179
2025-11-22 14:52:09,mlx5_0,0.000,0.000,0.000,0.000
2025-11-22 14:52:09,mlx5_1,0.000,0.000,0.720,0.592
2025-11-22 14:52:09,mlx5_2,0.000,0.000,0.000,0.000
2025-11-22 14:52:09,mlx5_3,0.000,0.000,0.000,0.000
2025-11-22 14:52:09,mlx5_4,0.000,0.000,0.000,0.000
2025-11-22 14:52:09,mlx5_5,0.000,0.000,0.728,0.587
2025-11-22 14:52:09,mlx5_6,0.000,0.000,0.000,0.000
2025-11-22 14:52:09,mlx5_7,0.000,0.000,0.000,0.000
2025-11-22 14:52:09,mlx5_8,0.000,0.000,0.000,0.000
2025-11-22 14:52:09,mlx5_9,0.000,0.000,0.000,0.000
2025-11-22 14:52:09,TOTAL,0.000,0.000,1.448,1.179
2025-11-22 14:52:10,mlx5_0,0.000,0.000,0.000,0.000
2025-11-22 14:52:10,mlx5_1,0.000,0.000,0.720,0.592
2025-11-22 14:52:10,mlx5_2,0.000,0.000,0.000,0.000
2025-11-22 14:52:10,mlx5_3,0.000,0.000,0.000,0.000
2025-11-22 14:52:10,mlx5_4,0.000,0.000,0.000,0.000
2025-11-22 14:52:10,mlx5_5,0.000,0.000,0.728,0.587
2025-11-22 14:52:10,mlx5_6,0.000,0.000,0.000,0.000
2025-11-22 14:52:10,mlx5_7,0.000,0.000,0.000,0.000
2025-11-22 14:52:10,mlx5_8,0.000,0.000,0.000,0.000
2025-11-22 14:52:10,mlx5_9,0.000,0.000,0.000,0.000
2025-11-22 14:52:10,TOTAL,0.000,0.000,1.448,1.179
2025-11-22 14:52:11,mlx5_0,0.000,0.000,0.000,0.000
2025-11-22 14:52:11,mlx5_1,0.000,0.000,0.720,0.592
2025-11-22 14:52:11,mlx5_2,0.000,0.000,0.000,0.000
2025-11-22 14:52:11,mlx5_3,0.000,0.000,0.000,0.000
2025-11-22 14:52:11,mlx5_4,0.000,0.000,0.000,0.000
2025-11-22 14:52:11,mlx5_5,0.000,0.000,0.728,0.587
2025-11-22 14:52:11,mlx5_6,0.000,0.000,0.000,0.000
2025-11-22 14:52:11,mlx5_7,0.000,0.000,0.000,0.000
2025-11-22 14:52:11,mlx5_8,0.000,0.000,0.000,0.000
2025-11-22 14:52:11,mlx5_9,0.000,0.000,0.000,0.000
2025-11-22 14:52:11,TOTAL,0.000,0.000,1.448,1.179
2025-11-22 14:52:12,mlx5_0,0.000,0.000,0.000,0.000
2025-11-22 14:52:12,mlx5_1,0.001,0.001,0.720,0.592
2025-11-22 14:52:12,mlx5_2,0.000,0.000,0.000,0.000
2025-11-22 14:52:12,mlx5_3,0.000,0.000,0.000,0.000
2025-11-22 14:52:12,mlx5_4,0.000,0.000,0.000,0.000
2025-11-22 14:52:12,mlx5_5,0.001,0.001,0.728,0.587
2025-11-22 14:52:12,mlx5_6,0.000,0.000,0.000,0.000
2025-11-22 14:52:12,mlx5_7,0.000,0.000,0.000,0.000
2025-11-22 14:52:12,mlx5_8,0.000,0.000,0.000,0.000
2025-11-22 14:52:12,mlx5_9,0.000,0.000,0.000,0.000
2025-11-22 14:52:12,TOTAL,0.002,0.002,1.448,1.179
2025-11-22 14:52:13,mlx5_0,0.000,0.000,0.000,0.000
2025-11-22 14:52:13,mlx5_1,0.003,0.003,0.720,0.592
2025-11-22 14:52:13,mlx5_2,0.000,0.000,0.000,0.000
2025-11-22 14:52:13,mlx5_3,0.000,0.000,0.000,0.000
2025-11-22 14:52:13,mlx5_4,0.000,0.000,0.000,0.000
2025-11-22 14:52:13,mlx5_5,0.003,0.003,0.729,0.587
2025-11-22 14:52:13,mlx5_6,0.000,0.000,0.000,0.000
2025-11-22 14:52:13,mlx5_7,0.000,0.000,0.000,0.000
2025-11-22 14:52:13,mlx5_8,0.000,0.000,0.000,0.000
2025-11-22 14:52:13,mlx5_9,0.000,0.000,0.000,0.000
2025-11-22 14:52:13,TOTAL,0.006,0.006,1.449,1.180
2025-11-22 14:52:14,mlx5_0,0.000,0.000,0.000,0.000
2025-11-22 14:52:14,mlx5_1,0.000,0.000,0.720,0.592
2025-11-22 14:52:14,mlx5_2,0.000,0.000,0.000,0.000
2025-11-22 14:52:14,mlx5_3,0.000,0.000,0.000,0.000
2025-11-22 14:52:14,mlx5_4,0.000,0.000,0.000,0.000
2025-11-22 14:52:14,mlx5_5,0.000,0.000,0.729,0.587
2025-11-22 14:52:14,mlx5_6,0.000,0.000,0.000,0.000
2025-11-22 14:52:14,mlx5_7,0.000,0.000,0.000,0.000
2025-11-22 14:52:14,mlx5_8,0.000,0.000,0.000,0.000
2025-11-22 14:52:14,mlx5_9,0.000,0.000,0.000,0.000
2025-11-22 14:52:14,TOTAL,0.000,0.000,1.449,1.180
2025-11-22 14:52:15,mlx5_0,0.000,0.000,0.000,0.000
2025-11-22 14:52:15,mlx5_1,0.000,0.000,0.720,0.592
2025-11-22 14:52:15,mlx5_2,0.000,0.000,0.000,0.000
2025-11-22 14:52:15,mlx5_3,0.000,0.000,0.000,0.000
2025-11-22 14:52:15,mlx5_4,0.000,0.000,0.000,0.000
2025-11-22 14:52:15,mlx5_5,0.000,0.000,0.729,0.587
2025-11-22 14:52:15,mlx5_6,0.000,0.000,0.000,0.000
2025-11-22 14:52:15,mlx5_7,0.000,0.000,0.000,0.000
2025-11-22 14:52:15,mlx5_8,0.000,0.000,0.000,0.000
2025-11-22 14:52:15,mlx5_9,0.000,0.000,0.000,0.000
2025-11-22 14:52:15,TOTAL,0.000,0.000,1.449,1.180
2025-11-22 14:52:16,mlx5_0,0.000,0.000,0.000,0.000
2025-11-22 14:52:16,mlx5_1,0.000,0.000,0.720,0.592
2025-11-22 14:52:16,mlx5_2,0.000,0.000,0.000,0.000
2025-11-22 14:52:16,mlx5_3,0.000,0.000,0.000,0.000
2025-11-22 14:52:16,mlx5_4,0.000,0.000,0.000,0.000
2025-11-22 14:52:16,mlx5_5,0.000,0.000,0.729,0.587
2025-11-22 14:52:16,mlx5_6,0.000,0.000,0.000,0.000
2025-11-22 14:52:16,mlx5_7,0.000,0.000,0.000,0.000
2025-11-22 14:52:16,mlx5_8,0.000,0.000,0.000,0.000
2025-11-22 14:52:16,mlx5_9,0.000,0.000,0.000,0.000
2025-11-22 14:52:16,TOTAL,0.000,0.000,1.449,1.180
2025-11-22 14:52:17,mlx5_0,0.000,0.000,0.000,0.000
2025-11-22 14:52:17,mlx5_1,0.000,0.000,0.720,0.592
2025-11-22 14:52:17,mlx5_2,0.000,0.000,0.000,0.000
2025-11-22 14:52:17,mlx5_3,0.000,0.000,0.000,0.000
2025-11-22 14:52:17,mlx5_4,0.000,0.000,0.000,0.000
2025-11-22 14:52:17,mlx5_5,0.000,0.000,0.729,0.587
2025-11-22 14:52:17,mlx5_6,0.000,0.000,0.000,0.000
2025-11-22 14:52:17,mlx5_7,0.000,0.000,0.000,0.000
2025-11-22 14:52:17,mlx5_8,0.000,0.000,0.000,0.000
2025-11-22 14:52:17,mlx5_9,0.000,0.000,0.000,0.000
2025-11-22 14:52:17,TOTAL,0.000,0.000,1.449,1.180
2025-11-22 14:52:18,mlx5_0,0.000,0.000,0.000,0.000
2025-11-22 14:52:18,mlx5_1,0.000,0.000,0.720,0.592
2025-11-22 14:52:18,mlx5_2,0.000,0.000,0.000,0.000
2025-11-22 14:52:18,mlx5_3,0.000,0.000,0.000,0.000
2025-11-22 14:52:18,mlx5_4,0.000,0.000,0.000,0.000
2025-11-22 14:52:18,mlx5_5,0.000,0.000,0.729,0.587
2025-11-22 14:52:18,mlx5_6,0.000,0.000,0.000,0.000
2025-11-22 14:52:18,mlx5_7,0.000,0.000,0.000,0.000
2025-11-22 14:52:18,mlx5_8,0.000,0.000,0.000,0.000
2025-11-22 14:52:18,mlx5_9,0.000,0.000,0.000,0.000
2025-11-22 14:52:18,TOTAL,0.000,0.000,1.449,1.180
2025-11-22 14:52:19,mlx5_0,0.000,0.000,0.000,0.000
2025-11-22 14:52:19,mlx5_1,0.000,0.000,0.720,0.592
2025-11-22 14:52:19,mlx5_2,0.000,0.000,0.000,0.000
2025-11-22 14:52:19,mlx5_3,0.000,0.000,0.000,0.000
2025-11-22 14:52:19,mlx5_4,0.000,0.000,0.000,0.000
2025-11-22 14:52:19,mlx5_5,0.000,0.000,0.729,0.587
2025-11-22 14:52:19,mlx5_6,0.000,0.000,0.000,0.000
2025-11-22 14:52:19,mlx5_7,0.000,0.000,0.000,0.000
2025-11-22 14:52:19,mlx5_8,0.000,0.000,0.000,0.000
2025-11-22 14:52:19,mlx5_9,0.000,0.000,0.000,0.000
2025-11-22 14:52:19,TOTAL,0.000,0.000,1.449,1.180
2025-11-22 14:52:20,mlx5_0,0.000,0.000,0.000,0.000
2025-11-22 14:52:20,mlx5_1,0.000,0.000,0.720,0.592
2025-11-22 14:52:20,mlx5_2,0.000,0.000,0.000,0.000
2025-11-22 14:52:20,mlx5_3,0.000,0.000,0.000,0.000
2025-11-22 14:52:20,mlx5_4,0.000,0.000,0.000,0.000
2025-11-22 14:52:20,mlx5_5,0.000,0.000,0.729,0.587
2025-11-22 14:52:20,mlx5_6,0.000,0.000,0.000,0.000
2025-11-22 14:52:20,mlx5_7,0.000,0.000,0.000,0.000
2025-11-22 14:52:20,mlx5_8,0.000,0.000,0.000,0.000
2025-11-22 14:52:20,mlx5_9,0.000,0.000,0.000,0.000
2025-11-22 14:52:20,TOTAL,0.000,0.000,1.449,1.180
2025-11-22 14:52:21,mlx5_0,0.000,0.000,0.000,0.000
2025-11-22 14:52:21,mlx5_1,0.000,0.000,0.720,0.592
2025-11-22 14:52:21,mlx5_2,0.000,0.000,0.000,0.000
2025-11-22 14:52:21,mlx5_3,0.000,0.000,0.000,0.000
2025-11-22 14:52:21,mlx5_4,0.000,0.000,0.000,0.000
2025-11-22 14:52:21,mlx5_5,0.000,0.000,0.729,0.587
2025-11-22 14:52:21,mlx5_6,0.000,0.000,0.000,0.000
2025-11-22 14:52:21,mlx5_7,0.000,0.000,0.000,0.000
2025-11-22 14:52:21,mlx5_8,0.000,0.000,0.000,0.000
2025-11-22 14:52:21,mlx5_9,0.000,0.000,0.000,0.000
2025-11-22 14:52:21,TOTAL,0.000,0.000,1.449,1.180
2025-11-22 14:52:22,mlx5_0,0.000,0.000,0.000,0.000
2025-11-22 14:52:22,mlx5_1,0.000,0.000,0.720,0.592
2025-11-22 14:52:22,mlx5_2,0.000,0.000,0.000,0.000
2025-11-22 14:52:22,mlx5_3,0.000,0.000,0.000,0.000
2025-11-22 14:52:22,mlx5_4,0.000,0.000,0.000,0.000
2025-11-22 14:52:22,mlx5_5,0.000,0.000,0.729,0.587
2025-11-22 14:52:22,mlx5_6,0.000,0.000,0.000,0.000
2025-11-22 14:52:22,mlx5_7,0.000,0.000,0.000,0.000
2025-11-22 14:52:22,mlx5_8,0.000,0.000,0.000,0.000
2025-11-22 14:52:22,mlx5_9,0.000,0.000,0.000,0.000
2025-11-22 14:52:22,TOTAL,0.000,0.000,1.449,1.180
2025-11-22 14:52:23,mlx5_0,0.000,0.000,0.000,0.000
2025-11-22 14:52:23,mlx5_1,0.000,0.000,0.720,0.592
2025-11-22 14:52:23,mlx5_2,0.000,0.000,0.000,0.000
2025-11-22 14:52:23,mlx5_3,0.000,0.000,0.000,0.000
2025-11-22 14:52:23,mlx5_4,0.000,0.000,0.000,0.000
2025-11-22 14:52:23,mlx5_5,0.000,0.000,0.729,0.587
2025-11-22 14:52:23,mlx5_6,0.000,0.000,0.000,0.000
2025-11-22 14:52:23,mlx5_7,0.000,0.000,0.000,0.000
2025-11-22 14:52:23,mlx5_8,0.000,0.000,0.000,0.000
2025-11-22 14:52:23,mlx5_9,0.000,0.000,0.000,0.000
2025-11-22 14:52:23,TOTAL,0.000,0.000,1.449,1.180
2025-11-22 14:52:24,mlx5_0,0.000,0.000,0.000,0.000
2025-11-22 14:52:24,mlx5_1,0.000,0.000,0.720,0.592
2025-11-22 14:52:24,mlx5_2,0.000,0.000,0.000,0.000
2025-11-22 14:52:24,mlx5_3,0.000,0.000,0.000,0.000
2025-11-22 14:52:24,mlx5_4,0.000,0.000,0.000,0.000
2025-11-22 14:52:24,mlx5_5,0.000,0.000,0.729,0.587
2025-11-22 14:52:24,mlx5_6,0.000,0.000,0.000,0.000
2025-11-22 14:52:24,mlx5_7,0.000,0.000,0.000,0.000
2025-11-22 14:52:24,mlx5_8,0.000,0.000,0.000,0.000
2025-11-22 14:52:24,mlx5_9,0.000,0.000,0.000,0.000
2025-11-22 14:52:24,TOTAL,0.000,0.000,1.449,1.180
2025-11-22 14:52:25,mlx5_0,0.000,0.000,0.000,0.000
2025-11-22 14:52:25,mlx5_1,0.000,0.000,0.720,0.592
2025-11-22 14:52:25,mlx5_2,0.000,0.000,0.000,0.000
2025-11-22 14:52:25,mlx5_3,0.000,0.000,0.000,0.000
2025-11-22 14:52:25,mlx5_4,0.000,0.000,0.000,0.000
2025-11-22 14:52:25,mlx5_5,0.000,0.000,0.729,0.587
2025-11-22 14:52:25,mlx5_6,0.000,0.000,0.000,0.000
2025-11-22 14:52:25,mlx5_7,0.000,0.000,0.000,0.000
2025-11-22 14:52:25,mlx5_8,0.000,0.000,0.000,0.000
2025-11-22 14:52:25,mlx5_9,0.000,0.000,0.000,0.000
2025-11-22 14:52:25,TOTAL,0.000,0.000,1.449,1.180
2025-11-22 14:52:26,mlx5_0,0.000,0.000,0.000,0.000
2025-11-22 14:52:26,mlx5_1,2.249,2.231,1.003,0.872
2025-11-22 14:52:26,mlx5_2,0.000,0.000,0.000,0.000
2025-11-22 14:52:26,mlx5_3,0.000,0.000,0.000,0.000
2025-11-22 14:52:26,mlx5_4,0.000,0.000,0.000,0.000
2025-11-22 14:52:26,mlx5_5,2.304,2.336,1.018,0.881
2025-11-22 14:52:26,mlx5_6,0.000,0.000,0.000,0.000
2025-11-22 14:52:26,mlx5_7,0.000,0.000,0.000,0.000
2025-11-22 14:52:26,mlx5_8,0.000,0.000,0.000,0.000
2025-11-22 14:52:26,mlx5_9,0.000,0.000,0.000,0.000
2025-11-22 14:52:26,TOTAL,4.553,4.566,2.021,1.753
2025-11-22 14:52:27,mlx5_0,0.000,0.000,0.000,0.000
2025-11-22 14:52:27,mlx5_1,18.159,0.027,3.285,0.876
2025-11-22 14:52:27,mlx5_2,0.000,0.000,0.000,0.000
2025-11-22 14:52:27,mlx5_3,0.000,0.000,0.000,0.000
2025-11-22 14:52:27,mlx5_4,0.000,0.000,0.000,0.000
2025-11-22 14:52:27,mlx5_5,18.186,0.027,3.304,0.884
2025-11-22 14:52:27,mlx5_6,0.000,0.000,0.000,0.000
2025-11-22 14:52:27,mlx5_7,0.000,0.000,0.000,0.000
2025-11-22 14:52:27,mlx5_8,0.000,0.000,0.000,0.000
2025-11-22 14:52:27,mlx5_9,0.000,0.000,0.000,0.000
2025-11-22 14:52:27,TOTAL,36.346,0.054,6.589,1.760
2025-11-22 14:52:28,mlx5_0,0.000,0.000,0.000,0.000
2025-11-22 14:52:28,mlx5_1,15.702,0.024,5.258,0.879
2025-11-22 14:52:28,mlx5_2,0.000,0.000,0.000,0.000
2025-11-22 14:52:28,mlx5_3,0.000,0.000,0.000,0.000
2025-11-22 14:52:28,mlx5_4,0.000,0.000,0.000,0.000
2025-11-22 14:52:28,mlx5_5,16.104,0.025,5.327,0.887
2025-11-22 14:52:28,mlx5_6,0.000,0.000,0.000,0.000
2025-11-22 14:52:28,mlx5_7,0.000,0.000,0.000,0.000
2025-11-22 14:52:28,mlx5_8,0.000,0.000,0.000,0.000
2025-11-22 14:52:28,mlx5_9,0.000,0.000,0.000,0.000
2025-11-22 14:52:28,TOTAL,31.805,0.049,10.585,1.766
2025-11-22 14:52:29,mlx5_0,0.000,0.000,0.000,0.000
2025-11-22 14:52:29,mlx5_1,0.000,0.000,5.258,0.879
2025-11-22 14:52:29,mlx5_2,0.000,0.000,0.000,0.000
2025-11-22 14:52:29,mlx5_3,0.000,0.000,0.000,0.000
2025-11-22 14:52:29,mlx5_4,0.000,0.000,0.000,0.000
2025-11-22 14:52:29,mlx5_5,0.000,0.000,5.327,0.887
2025-11-22 14:52:29,mlx5_6,0.000,0.000,0.000,0.000
2025-11-22 14:52:29,mlx5_7,0.000,0.000,0.000,0.000
2025-11-22 14:52:29,mlx5_8,0.000,0.000,0.000,0.000
2025-11-22 14:52:29,mlx5_9,0.000,0.000,0.000,0.000
2025-11-22 14:52:29,TOTAL,0.000,0.000,10.585,1.766
2025-11-22 14:52:30,mlx5_0,0.000,0.000,0.000,0.000
2025-11-22 14:52:30,mlx5_1,8.819,0.013,6.366,0.880
2025-11-22 14:52:30,mlx5_2,0.000,0.000,0.000,0.000
2025-11-22 14:52:30,mlx5_3,0.000,0.000,0.000,0.000
2025-11-22 14:52:30,mlx5_4,0.000,0.000,0.000,0.000
2025-11-22 14:52:30,mlx5_5,8.967,0.013,6.454,0.889
2025-11-22 14:52:30,mlx5_6,0.000,0.000,0.000,0.000
2025-11-22 14:52:30,mlx5_7,0.000,0.000,0.000,0.000
2025-11-22 14:52:30,mlx5_8,0.000,0.000,0.000,0.000
2025-11-22 14:52:30,mlx5_9,0.000,0.000,0.000,0.000
2025-11-22 14:52:30,TOTAL,17.786,0.026,12.820,1.769
2025-11-22 14:52:31,mlx5_0,0.000,0.000,0.000,0.000
2025-11-22 14:52:31,mlx5_1,0.225,0.000,6.394,0.880
2025-11-22 14:52:31,mlx5_2,0.000,0.000,0.000,0.000
2025-11-22 14:52:31,mlx5_3,0.000,0.000,0.000,0.000
2025-11-22 14:52:31,mlx5_4,0.000,0.000,0.000,0.000
2025-11-22 14:52:31,mlx5_5,0.166,0.000,6.475,0.889
2025-11-22 14:52:31,mlx5_6,0.000,0.000,0.000,0.000
2025-11-22 14:52:31,mlx5_7,0.000,0.000,0.000,0.000
2025-11-22 14:52:31,mlx5_8,0.000,0.000,0.000,0.000
2025-11-22 14:52:31,mlx5_9,0.000,0.000,0.000,0.000
2025-11-22 14:52:31,TOTAL,0.391,0.001,12.869,1.770
2025-11-22 14:52:32,mlx5_0,0.000,0.000,0.000,0.000
2025-11-22 14:52:32,mlx5_1,0.000,0.000,6.394,0.880
2025-11-22 14:52:32,mlx5_2,0.000,0.000,0.000,0.000
2025-11-22 14:52:32,mlx5_3,0.000,0.000,0.000,0.000
2025-11-22 14:52:32,mlx5_4,0.000,0.000,0.000,0.000
2025-11-22 14:52:32,mlx5_5,0.000,0.000,6.475,0.889
2025-11-22 14:52:32,mlx5_6,0.000,0.000,0.000,0.000
2025-11-22 14:52:32,mlx5_7,0.000,0.000,0.000,0.000
2025-11-22 14:52:32,mlx5_8,0.000,0.000,0.000,0.000
2025-11-22 14:52:32,mlx5_9,0.000,0.000,0.000,0.000
2025-11-22 14:52:32,TOTAL,0.000,0.000,12.869,1.770
2025-11-22 14:52:33,mlx5_0,0.000,0.000,0.000,0.000
2025-11-22 14:52:33,mlx5_1,0.000,0.000,6.394,0.880
2025-11-22 14:52:33,mlx5_2,0.000,0.000,0.000,0.000
2025-11-22 14:52:33,mlx5_3,0.000,0.000,0.000,0.000
2025-11-22 14:52:33,mlx5_4,0.000,0.000,0.000,0.000
2025-11-22 14:52:33,mlx5_5,0.000,0.000,6.475,0.889
2025-11-22 14:52:33,mlx5_6,0.000,0.000,0.000,0.000
2025-11-22 14:52:33,mlx5_7,0.000,0.000,0.000,0.000
2025-11-22 14:52:33,mlx5_8,0.000,0.000,0.000,0.000
2025-11-22 14:52:33,mlx5_9,0.000,0.000,0.000,0.000
2025-11-22 14:52:33,TOTAL,0.000,0.000,12.869,1.770
2025-11-22 14:52:34,mlx5_0,0.000,0.000,0.000,0.000
2025-11-22 14:52:34,mlx5_1,0.000,0.000,6.394,0.880
2025-11-22 14:52:34,mlx5_2,0.000,0.000,0.000,0.000
2025-11-22 14:52:34,mlx5_3,0.000,0.000,0.000,0.000
2025-11-22 14:52:34,mlx5_4,0.000,0.000,0.000,0.000
2025-11-22 14:52:34,mlx5_5,0.000,0.000,6.475,0.889
2025-11-22 14:52:34,mlx5_6,0.000,0.000,0.000,0.000
2025-11-22 14:52:34,mlx5_7,0.000,0.000,0.000,0.000
2025-11-22 14:52:34,mlx5_8,0.000,0.000,0.000,0.000
2025-11-22 14:52:34,mlx5_9,0.000,0.000,0.000,0.000
2025-11-22 14:52:34,TOTAL,0.000,0.000,12.869,1.770
2025-11-22 14:52:35,mlx5_0,0.000,0.000,0.000,0.000
2025-11-22 14:52:35,mlx5_1,0.000,0.000,6.394,0.880
2025-11-22 14:52:35,mlx5_2,0.000,0.000,0.000,0.000
2025-11-22 14:52:35,mlx5_3,0.000,0.000,0.000,0.000
2025-11-22 14:52:35,mlx5_4,0.000,0.000,0.000,0.000
2025-11-22 14:52:35,mlx5_5,0.000,0.000,6.475,0.889
2025-11-22 14:52:35,mlx5_6,0.000,0.000,0.000,0.000
2025-11-22 14:52:35,mlx5_7,0.000,0.000,0.000,0.000
2025-11-22 14:52:35,mlx5_8,0.000,0.000,0.000,0.000
2025-11-22 14:52:35,mlx5_9,0.000,0.000,0.000,0.000
2025-11-22 14:52:35,TOTAL,0.000,0.000,12.869,1.770
2025-11-22 14:52:36,mlx5_0,0.000,0.000,0.000,0.000
2025-11-22 14:52:36,mlx5_1,0.000,0.000,6.394,0.880
2025-11-22 14:52:36,mlx5_2,0.000,0.000,0.000,0.000
2025-11-22 14:52:36,mlx5_3,0.000,0.000,0.000,0.000
2025-11-22 14:52:36,mlx5_4,0.000,0.000,0.000,0.000
2025-11-22 14:52:36,mlx5_5,0.000,0.000,6.475,0.889
2025-11-22 14:52:36,mlx5_6,0.000,0.000,0.000,0.000
2025-11-22 14:52:36,mlx5_7,0.000,0.000,0.000,0.000
2025-11-22 14:52:36,mlx5_8,0.000,0.000,0.000,0.000
2025-11-22 14:52:36,mlx5_9,0.000,0.000,0.000,0.000
2025-11-22 14:52:36,TOTAL,0.000,0.000,12.869,1.770
2025-11-22 14:52:37,mlx5_0,0.000,0.000,0.000,0.000
2025-11-22 14:52:37,mlx5_1,0.000,0.000,6.394,0.880
2025-11-22 14:52:37,mlx5_2,0.000,0.000,0.000,0.000
2025-11-22 14:52:37,mlx5_3,0.000,0.000,0.000,0.000
2025-11-22 14:52:37,mlx5_4,0.000,0.000,0.000,0.000
2025-11-22 14:52:37,mlx5_5,0.000,0.000,6.475,0.889
2025-11-22 14:52:37,mlx5_6,0.000,0.000,0.000,0.000
2025-11-22 14:52:37,mlx5_7,0.000,0.000,0.000,0.000
2025-11-22 14:52:37,mlx5_8,0.000,0.000,0.000,0.000
2025-11-22 14:52:37,mlx5_9,0.000,0.000,0.000,0.000
2025-11-22 14:52:37,TOTAL,0.000,0.000,12.869,1.770
2025-11-22 14:52:38,mlx5_0,0.000,0.000,0.000,0.000
2025-11-22 14:52:38,mlx5_1,0.000,0.000,6.394,0.880
2025-11-22 14:52:38,mlx5_2,0.000,0.000,0.000,0.000
2025-11-22 14:52:38,mlx5_3,0.000,0.000,0.000,0.000
2025-11-22 14:52:38,mlx5_4,0.000,0.000,0.000,0.000
2025-11-22 14:52:38,mlx5_5,0.000,0.000,6.475,0.889
2025-11-22 14:52:38,mlx5_6,0.000,0.000,0.000,0.000
2025-11-22 14:52:38,mlx5_7,0.000,0.000,0.000,0.000
2025-11-22 14:52:38,mlx5_8,0.000,0.000,0.000,0.000
2025-11-22 14:52:38,mlx5_9,0.000,0.000,0.000,0.000
2025-11-22 14:52:38,TOTAL,0.000,0.000,12.869,1.770
2025-11-22 14:52:39,mlx5_0,0.000,0.000,0.000,0.000
2025-11-22 14:52:39,mlx5_1,0.000,0.000,6.394,0.880
2025-11-22 14:52:39,mlx5_2,0.000,0.000,0.000,0.000
2025-11-22 14:52:39,mlx5_3,0.000,0.000,0.000,0.000
2025-11-22 14:52:39,mlx5_4,0.000,0.000,0.000,0.000
2025-11-22 14:52:39,mlx5_5,0.000,0.000,6.475,0.889
2025-11-22 14:52:39,mlx5_6,0.000,0.000,0.000,0.000
2025-11-22 14:52:39,mlx5_7,0.000,0.000,0.000,0.000
2025-11-22 14:52:39,mlx5_8,0.000,0.000,0.000,0.000
2025-11-22 14:52:39,mlx5_9,0.000,0.000,0.000,0.000
2025-11-22 14:52:39,TOTAL,0.000,0.000,12.869,1.770
2025-11-22 14:52:40,mlx5_0,0.000,0.000,0.000,0.000
2025-11-22 14:52:40,mlx5_1,0.000,0.000,6.394,0.880
2025-11-22 14:52:40,mlx5_2,0.000,0.000,0.000,0.000
2025-11-22 14:52:40,mlx5_3,0.000,0.000,0.000,0.000
2025-11-22 14:52:40,mlx5_4,0.000,0.000,0.000,0.000
2025-11-22 14:52:40,mlx5_5,0.000,0.000,6.475,0.889
2025-11-22 14:52:40,mlx5_6,0.000,0.000,0.000,0.000
2025-11-22 14:52:40,mlx5_7,0.000,0.000,0.000,0.000
2025-11-22 14:52:40,mlx5_8,0.000,0.000,0.000,0.000
2025-11-22 14:52:40,mlx5_9,0.000,0.000,0.000,0.000
2025-11-22 14:52:40,TOTAL,0.000,0.000,12.869,1.770
2025-11-22 14:52:41,mlx5_0,0.000,0.000,0.000,0.000
2025-11-22 14:52:41,mlx5_1,0.000,0.000,6.394,0.880
2025-11-22 14:52:41,mlx5_2,0.000,0.000,0.000,0.000
2025-11-22 14:52:41,mlx5_3,0.000,0.000,0.000,0.000
2025-11-22 14:52:41,mlx5_4,0.000,0.000,0.000,0.000
2025-11-22 14:52:41,mlx5_5,0.000,0.000,6.475,0.889
2025-11-22 14:52:41,mlx5_6,0.000,0.000,0.000,0.000
2025-11-22 14:52:41,mlx5_7,0.000,0.000,0.000,0.000
2025-11-22 14:52:41,mlx5_8,0.000,0.000,0.000,0.000
2025-11-22 14:52:41,mlx5_9,0.000,0.000,0.000,0.000
2025-11-22 14:52:41,TOTAL,0.000,0.000,12.869,1.770
2025-11-22 14:52:42,mlx5_0,0.000,0.000,0.000,0.000
2025-11-22 14:52:42,mlx5_1,0.000,0.000,6.394,0.880
2025-11-22 14:52:42,mlx5_2,0.000,0.000,0.000,0.000
2025-11-22 14:52:42,mlx5_3,0.000,0.000,0.000,0.000
2025-11-22 14:52:42,mlx5_4,0.000,0.000,0.000,0.000
2025-11-22 14:52:42,mlx5_5,0.000,0.000,6.475,0.889
2025-11-22 14:52:42,mlx5_6,0.000,0.000,0.000,0.000
2025-11-22 14:52:42,mlx5_7,0.000,0.000,0.000,0.000
2025-11-22 14:52:42,mlx5_8,0.000,0.000,0.000,0.000
2025-11-22 14:52:42,mlx5_9,0.000,0.000,0.000,0.000
2025-11-22 14:52:42,TOTAL,0.000,0.000,12.869,1.770
2025-11-22 14:52:43,mlx5_0,0.000,0.000,0.000,0.000
2025-11-22 14:52:43,mlx5_1,0.003,2.157,6.395,1.151
2025-11-22 14:52:43,mlx5_2,0.000,0.000,0.000,0.000
2025-11-22 14:52:43,mlx5_3,0.000,0.000,0.000,0.000
2025-11-22 14:52:43,mlx5_4,0.000,0.000,0.000,0.000
2025-11-22 14:52:43,mlx5_5,0.003,2.197,6.475,1.165
2025-11-22 14:52:43,mlx5_6,0.000,0.000,0.000,0.000
2025-11-22 14:52:43,mlx5_7,0.000,0.000,0.000,0.000
2025-11-22 14:52:43,mlx5_8,0.000,0.000,0.000,0.000
2025-11-22 14:52:43,mlx5_9,0.000,0.000,0.000,0.000
2025-11-22 14:52:43,TOTAL,0.007,4.354,12.870,2.316
2025-11-22 14:52:44,mlx5_0,0.000,0.000,0.000,0.000
2025-11-22 14:52:44,mlx5_1,0.087,44.728,6.406,6.772
2025-11-22 14:52:44,mlx5_2,0.000,0.000,0.000,0.000
2025-11-22 14:52:44,mlx5_3,0.000,0.000,0.000,0.000
2025-11-22 14:52:44,mlx5_4,0.000,0.000,0.000,0.000
2025-11-22 14:52:44,mlx5_5,0.097,45.897,6.487,6.933
2025-11-22 14:52:44,mlx5_6,0.000,0.000,0.000,0.000
2025-11-22 14:52:44,mlx5_7,0.000,0.000,0.000,0.000
2025-11-22 14:52:44,mlx5_8,0.000,0.000,0.000,0.000
2025-11-22 14:52:44,mlx5_9,0.000,0.000,0.000,0.000
2025-11-22 14:52:44,TOTAL,0.184,90.626,12.893,13.705
2025-11-22 14:52:45,mlx5_0,0.000,0.000,0.000,0.000
2025-11-22 14:52:45,mlx5_1,0.000,0.000,6.406,6.772
2025-11-22 14:52:45,mlx5_2,0.000,0.000,0.000,0.000
2025-11-22 14:52:45,mlx5_3,0.000,0.000,0.000,0.000
2025-11-22 14:52:45,mlx5_4,0.000,0.000,0.000,0.000
2025-11-22 14:52:45,mlx5_5,0.000,0.000,6.487,6.933
2025-11-22 14:52:45,mlx5_6,0.000,0.000,0.000,0.000
2025-11-22 14:52:45,mlx5_7,0.000,0.000,0.000,0.000
2025-11-22 14:52:45,mlx5_8,0.000,0.000,0.000,0.000
2025-11-22 14:52:45,mlx5_9,0.000,0.000,0.000,0.000
2025-11-22 14:52:45,TOTAL,0.000,0.000,12.893,13.705
2025-11-22 14:52:46,mlx5_0,0.000,0.000,0.000,0.000
2025-11-22 14:52:46,mlx5_1,0.000,0.000,6.406,6.772
2025-11-22 14:52:46,mlx5_2,0.000,0.000,0.000,0.000
2025-11-22 14:52:46,mlx5_3,0.000,0.000,0.000,0.000
2025-11-22 14:52:46,mlx5_4,0.000,0.000,0.000,0.000
2025-11-22 14:52:46,mlx5_5,0.000,0.000,6.487,6.933
2025-11-22 14:52:46,mlx5_6,0.000,0.000,0.000,0.000
2025-11-22 14:52:46,mlx5_7,0.000,0.000,0.000,0.000
2025-11-22 14:52:46,mlx5_8,0.000,0.000,0.000,0.000
2025-11-22 14:52:46,mlx5_9,0.000,0.000,0.000,0.000
2025-11-22 14:52:46,TOTAL,0.000,0.000,12.893,13.705
2025-11-22 14:52:47,mlx5_0,0.000,0.000,0.000,0.000
2025-11-22 14:52:47,mlx5_1,0.000,0.000,6.406,6.772
2025-11-22 14:52:47,mlx5_2,0.000,0.000,0.000,0.000
2025-11-22 14:52:47,mlx5_3,0.000,0.000,0.000,0.000
2025-11-22 14:52:47,mlx5_4,0.000,0.000,0.000,0.000
2025-11-22 14:52:47,mlx5_5,0.000,0.000,6.487,6.933
2025-11-22 14:52:47,mlx5_6,0.000,0.000,0.000,0.000
2025-11-22 14:52:47,mlx5_7,0.000,0.000,0.000,0.000
2025-11-22 14:52:47,mlx5_8,0.000,0.000,0.000,0.000
2025-11-22 14:52:47,mlx5_9,0.000,0.000,0.000,0.000
2025-11-22 14:52:47,TOTAL,0.000,0.000,12.893,13.705
2025-11-22 14:52:48,mlx5_0,0.000,0.000,0.000,0.000
2025-11-22 14:52:48,mlx5_1,0.000,0.000,6.406,6.772
2025-11-22 14:52:48,mlx5_2,0.000,0.000,0.000,0.000
2025-11-22 14:52:48,mlx5_3,0.000,0.000,0.000,0.000
2025-11-22 14:52:48,mlx5_4,0.000,0.000,0.000,0.000
2025-11-22 14:52:48,mlx5_5,0.000,0.000,6.487,6.933
2025-11-22 14:52:48,mlx5_6,0.000,0.000,0.000,0.000
2025-11-22 14:52:48,mlx5_7,0.000,0.000,0.000,0.000
2025-11-22 14:52:48,mlx5_8,0.000,0.000,0.000,0.000
2025-11-22 14:52:48,mlx5_9,0.000,0.000,0.000,0.000
2025-11-22 14:52:48,TOTAL,0.000,0.000,12.893,13.705
2025-11-22 14:52:49,mlx5_0,0.000,0.000,0.000,0.000
2025-11-22 14:52:49,mlx5_1,0.000,0.000,6.406,6.772
2025-11-22 14:52:49,mlx5_2,0.000,0.000,0.000,0.000
2025-11-22 14:52:49,mlx5_3,0.000,0.000,0.000,0.000
2025-11-22 14:52:49,mlx5_4,0.000,0.000,0.000,0.000
2025-11-22 14:52:49,mlx5_5,0.000,0.000,6.487,6.933
2025-11-22 14:52:49,mlx5_6,0.000,0.000,0.000,0.000
2025-11-22 14:52:49,mlx5_7,0.000,0.000,0.000,0.000
2025-11-22 14:52:49,mlx5_8,0.000,0.000,0.000,0.000
2025-11-22 14:52:49,mlx5_9,0.000,0.000,0.000,0.000
2025-11-22 14:52:49,TOTAL,0.000,0.000,12.893,13.705
2025-11-22 14:52:50,mlx5_0,0.000,0.000,0.000,0.000
2025-11-22 14:52:50,mlx5_1,0.000,0.000,6.406,6.772
2025-11-22 14:52:50,mlx5_2,0.000,0.000,0.000,0.000
2025-11-22 14:52:50,mlx5_3,0.000,0.000,0.000,0.000
2025-11-22 14:52:50,mlx5_4,0.000,0.000,0.000,0.000
2025-11-22 14:52:50,mlx5_5,0.000,0.000,6.487,6.933
2025-11-22 14:52:50,mlx5_6,0.000,0.000,0.000,0.000
2025-11-22 14:52:50,mlx5_7,0.000,0.000,0.000,0.000
2025-11-22 14:52:50,mlx5_8,0.000,0.000,0.000,0.000
2025-11-22 14:52:50,mlx5_9,0.000,0.000,0.000,0.000
2025-11-22 14:52:50,TOTAL,0.000,0.000,12.893,13.705
2025-11-22 14:52:51,mlx5_0,0.000,0.000,0.000,0.000
2025-11-22 14:52:51,mlx5_1,0.000,0.000,6.406,6.772
2025-11-22 14:52:51,mlx5_2,0.000,0.000,0.000,0.000
2025-11-22 14:52:51,mlx5_3,0.000,0.000,0.000,0.000
2025-11-22 14:52:51,mlx5_4,0.000,0.000,0.000,0.000
2025-11-22 14:52:51,mlx5_5,0.000,0.000,6.487,6.933
2025-11-22 14:52:51,mlx5_6,0.000,0.000,0.000,0.000
2025-11-22 14:52:51,mlx5_7,0.000,0.000,0.000,0.000
2025-11-22 14:52:51,mlx5_8,0.000,0.000,0.000,0.000
2025-11-22 14:52:51,mlx5_9,0.000,0.000,0.000,0.000
2025-11-22 14:52:51,TOTAL,0.000,0.000,12.893,13.705
2025-11-22 14:52:52,mlx5_0,0.000,0.000,0.000,0.000
2025-11-22 14:52:52,mlx5_1,0.000,0.000,6.406,6.772
2025-11-22 14:52:52,mlx5_2,0.000,0.000,0.000,0.000
2025-11-22 14:52:52,mlx5_3,0.000,0.000,0.000,0.000
2025-11-22 14:52:52,mlx5_4,0.000,0.000,0.000,0.000
2025-11-22 14:52:52,mlx5_5,0.000,0.000,6.487,6.933
2025-11-22 14:52:52,mlx5_6,0.000,0.000,0.000,0.000
2025-11-22 14:52:52,mlx5_7,0.000,0.000,0.000,0.000
2025-11-22 14:52:52,mlx5_8,0.000,0.000,0.000,0.000
2025-11-22 14:52:52,mlx5_9,0.000,0.000,0.000,0.000
2025-11-22 14:52:52,TOTAL,0.000,0.000,12.893,13.705
2025-11-22 14:52:53,mlx5_0,0.000,0.000,0.000,0.000
2025-11-22 14:52:53,mlx5_1,0.000,0.000,6.406,6.772
2025-11-22 14:52:53,mlx5_2,0.000,0.000,0.000,0.000
2025-11-22 14:52:53,mlx5_3,0.000,0.000,0.000,0.000
2025-11-22 14:52:53,mlx5_4,0.000,0.000,0.000,0.000
2025-11-22 14:52:53,mlx5_5,0.000,0.000,6.487,6.933
2025-11-22 14:52:53,mlx5_6,0.000,0.000,0.000,0.000
2025-11-22 14:52:53,mlx5_7,0.000,0.000,0.000,0.000
2025-11-22 14:52:53,mlx5_8,0.000,0.000,0.000,0.000
2025-11-22 14:52:53,mlx5_9,0.000,0.000,0.000,0.000
2025-11-22 14:52:53,TOTAL,0.000,0.000,12.893,13.705
2025-11-22 14:52:54,mlx5_0,0.000,0.000,0.000,0.000
2025-11-22 14:52:54,mlx5_1,0.000,0.000,6.406,6.772
2025-11-22 14:52:54,mlx5_2,0.000,0.000,0.000,0.000
2025-11-22 14:52:54,mlx5_3,0.000,0.000,0.000,0.000
2025-11-22 14:52:54,mlx5_4,0.000,0.000,0.000,0.000
2025-11-22 14:52:54,mlx5_5,0.000,0.000,6.487,6.933
2025-11-22 14:52:54,mlx5_6,0.000,0.000,0.000,0.000
2025-11-22 14:52:54,mlx5_7,0.000,0.000,0.000,0.000
2025-11-22 14:52:54,mlx5_8,0.000,0.000,0.000,0.000
2025-11-22 14:52:54,mlx5_9,0.000,0.000,0.000,0.000
2025-11-22 14:52:54,TOTAL,0.000,0.000,12.893,13.705
2025-11-22 14:52:55,mlx5_0,0.000,0.000,0.000,0.000
2025-11-22 14:52:55,mlx5_1,0.000,0.000,6.406,6.772
2025-11-22 14:52:55,mlx5_2,0.000,0.000,0.000,0.000
2025-11-22 14:52:55,mlx5_3,0.000,0.000,0.000,0.000
2025-11-22 14:52:55,mlx5_4,0.000,0.000,0.000,0.000
2025-11-22 14:52:55,mlx5_5,0.000,0.000,6.487,6.933
2025-11-22 14:52:55,mlx5_6,0.000,0.000,0.000,0.000
2025-11-22 14:52:55,mlx5_7,0.000,0.000,0.000,0.000
2025-11-22 14:52:55,mlx5_8,0.000,0.000,0.000,0.000
2025-11-22 14:52:55,mlx5_9,0.000,0.000,0.000,0.000
2025-11-22 14:52:55,TOTAL,0.000,0.000,12.893,13.705
2025-11-22 14:52:56,mlx5_0,0.000,0.000,0.000,0.000
2025-11-22 14:52:56,mlx5_1,0.000,0.000,6.406,6.772
2025-11-22 14:52:56,mlx5_2,0.000,0.000,0.000,0.000
2025-11-22 14:52:56,mlx5_3,0.000,0.000,0.000,0.000
2025-11-22 14:52:56,mlx5_4,0.000,0.000,0.000,0.000
2025-11-22 14:52:56,mlx5_5,0.000,0.000,6.487,6.933
2025-11-22 14:52:56,mlx5_6,0.000,0.000,0.000,0.000
2025-11-22 14:52:56,mlx5_7,0.000,0.000,0.000,0.000
2025-11-22 14:52:56,mlx5_8,0.000,0.000,0.000,0.000
2025-11-22 14:52:56,mlx5_9,0.000,0.000,0.000,0.000
2025-11-22 14:52:56,TOTAL,0.000,0.000,12.893,13.705
2025-11-22 14:52:57,mlx5_0,0.000,0.000,0.000,0.000
2025-11-22 14:52:57,mlx5_1,0.077,24.333,6.416,9.828
2025-11-22 14:52:57,mlx5_2,0.000,0.000,0.000,0.000
2025-11-22 14:52:57,mlx5_3,0.000,0.000,0.000,0.000
2025-11-22 14:52:57,mlx5_4,0.000,0.000,0.000,0.000
2025-11-22 14:52:57,mlx5_5,0.068,23.760,6.496,9.917
2025-11-22 14:52:57,mlx5_6,0.000,0.000,0.000,0.000
2025-11-22 14:52:57,mlx5_7,0.000,0.000,0.000,0.000
2025-11-22 14:52:57,mlx5_8,0.000,0.000,0.000,0.000
2025-11-22 14:52:57,mlx5_9,0.000,0.000,0.000,0.000
2025-11-22 14:52:57,TOTAL,0.145,48.093,12.912,19.746
2025-11-22 14:52:58,mlx5_0,0.000,0.000,0.000,0.000
2025-11-22 14:52:58,mlx5_1,0.059,17.576,6.423,12.037
2025-11-22 14:52:58,mlx5_2,0.000,0.000,0.000,0.000
2025-11-22 14:52:58,mlx5_3,0.000,0.000,0.000,0.000
2025-11-22 14:52:58,mlx5_4,0.000,0.000,0.000,0.000
2025-11-22 14:52:58,mlx5_5,0.060,18.481,6.504,12.239
2025-11-22 14:52:58,mlx5_6,0.000,0.000,0.000,0.000
2025-11-22 14:52:58,mlx5_7,0.000,0.000,0.000,0.000
2025-11-22 14:52:58,mlx5_8,0.000,0.000,0.000,0.000
2025-11-22 14:52:58,mlx5_9,0.000,0.000,0.000,0.000
2025-11-22 14:52:58,TOTAL,0.119,36.057,12.926,24.276
2025-11-22 14:52:59,mlx5_0,0.000,0.000,0.000,0.000
2025-11-22 14:52:59,mlx5_1,0.000,0.000,6.423,12.037
2025-11-22 14:52:59,mlx5_2,0.000,0.000,0.000,0.000
2025-11-22 14:52:59,mlx5_3,0.000,0.000,0.000,0.000
2025-11-22 14:52:59,mlx5_4,0.000,0.000,0.000,0.000
2025-11-22 14:52:59,mlx5_5,0.000,0.000,6.504,12.239
2025-11-22 14:52:59,mlx5_6,0.000,0.000,0.000,0.000
2025-11-22 14:52:59,mlx5_7,0.000,0.000,0.000,0.000
2025-11-22 14:52:59,mlx5_8,0.000,0.000,0.000,0.000
2025-11-22 14:52:59,mlx5_9,0.000,0.000,0.000,0.000
2025-11-22 14:52:59,TOTAL,0.000,0.000,12.926,24.276
2025-11-22 14:53:00,mlx5_0,0.000,0.000,0.000,0.000
2025-11-22 14:53:00,mlx5_1,0.000,0.000,6.423,12.037
2025-11-22 14:53:00,mlx5_2,0.000,0.000,0.000,0.000
2025-11-22 14:53:00,mlx5_3,0.000,0.000,0.000,0.000
2025-11-22 14:53:00,mlx5_4,0.000,0.000,0.000,0.000
2025-11-22 14:53:00,mlx5_5,0.000,0.000,6.504,12.239
2025-11-22 14:53:00,mlx5_6,0.000,0.000,0.000,0.000
2025-11-22 14:53:00,mlx5_7,0.000,0.000,0.000,0.000
2025-11-22 14:53:00,mlx5_8,0.000,0.000,0.000,0.000
2025-11-22 14:53:00,mlx5_9,0.000,0.000,0.000,0.000
2025-11-22 14:53:00,TOTAL,0.000,0.000,12.926,24.276
2025-11-22 14:53:01,mlx5_0,0.000,0.000,0.000,0.000
2025-11-22 14:53:01,mlx5_1,0.000,0.000,6.423,12.037
2025-11-22 14:53:01,mlx5_2,0.000,0.000,0.000,0.000
2025-11-22 14:53:01,mlx5_3,0.000,0.000,0.000,0.000
2025-11-22 14:53:01,mlx5_4,0.000,0.000,0.000,0.000
2025-11-22 14:53:01,mlx5_5,0.000,0.000,6.504,12.239
2025-11-22 14:53:01,mlx5_6,0.000,0.000,0.000,0.000
2025-11-22 14:53:01,mlx5_7,0.000,0.000,0.000,0.000
2025-11-22 14:53:01,mlx5_8,0.000,0.000,0.000,0.000
2025-11-22 14:53:01,mlx5_9,0.000,0.000,0.000,0.000
2025-11-22 14:53:01,TOTAL,0.000,0.000,12.926,24.276
2025-11-22 14:53:02,mlx5_0,0.000,0.000,0.000,0.000
2025-11-22 14:53:02,mlx5_1,0.000,0.000,6.423,12.037
2025-11-22 14:53:02,mlx5_2,0.000,0.000,0.000,0.000
2025-11-22 14:53:02,mlx5_3,0.000,0.000,0.000,0.000
2025-11-22 14:53:02,mlx5_4,0.000,0.000,0.000,0.000
2025-11-22 14:53:02,mlx5_5,0.000,0.000,6.504,12.239
2025-11-22 14:53:02,mlx5_6,0.000,0.000,0.000,0.000
2025-11-22 14:53:02,mlx5_7,0.000,0.000,0.000,0.000
2025-11-22 14:53:02,mlx5_8,0.000,0.000,0.000,0.000
2025-11-22 14:53:02,mlx5_9,0.000,0.000,0.000,0.000
2025-11-22 14:53:02,TOTAL,0.000,0.000,12.926,24.276
2025-11-22 14:53:03,mlx5_0,0.000,0.000,0.000,0.000
2025-11-22 14:53:03,mlx5_1,0.000,0.000,6.423,12.037
2025-11-22 14:53:03,mlx5_2,0.000,0.000,0.000,0.000
2025-11-22 14:53:03,mlx5_3,0.000,0.000,0.000,0.000
2025-11-22 14:53:03,mlx5_4,0.000,0.000,0.000,0.000
2025-11-22 14:53:03,mlx5_5,0.000,0.000,6.504,12.239
2025-11-22 14:53:03,mlx5_6,0.000,0.000,0.000,0.000
2025-11-22 14:53:03,mlx5_7,0.000,0.000,0.000,0.000
2025-11-22 14:53:03,mlx5_8,0.000,0.000,0.000,0.000
2025-11-22 14:53:03,mlx5_9,0.000,0.000,0.000,0.000
2025-11-22 14:53:03,TOTAL,0.000,0.000,12.926,24.276
2025-11-22 14:53:04,mlx5_0,0.000,0.000,0.000,0.000
2025-11-22 14:53:04,mlx5_1,0.000,0.000,6.423,12.037
2025-11-22 14:53:04,mlx5_2,0.000,0.000,0.000,0.000
2025-11-22 14:53:04,mlx5_3,0.000,0.000,0.000,0.000
2025-11-22 14:53:04,mlx5_4,0.000,0.000,0.000,0.000
2025-11-22 14:53:04,mlx5_5,0.000,0.000,6.504,12.239
2025-11-22 14:53:04,mlx5_6,0.000,0.000,0.000,0.000
2025-11-22 14:53:04,mlx5_7,0.000,0.000,0.000,0.000
2025-11-22 14:53:04,mlx5_8,0.000,0.000,0.000,0.000
2025-11-22 14:53:04,mlx5_9,0.000,0.000,0.000,0.000
2025-11-22 14:53:04,TOTAL,0.000,0.000,12.926,24.276
2025-11-22 14:53:05,mlx5_0,0.000,0.000,0.000,0.000
2025-11-22 14:53:05,mlx5_1,0.000,0.000,6.423,12.037
2025-11-22 14:53:05,mlx5_2,0.000,0.000,0.000,0.000
2025-11-22 14:53:05,mlx5_3,0.000,0.000,0.000,0.000
2025-11-22 14:53:05,mlx5_4,0.000,0.000,0.000,0.000
2025-11-22 14:53:05,mlx5_5,0.000,0.000,6.504,12.239
2025-11-22 14:53:05,mlx5_6,0.000,0.000,0.000,0.000
2025-11-22 14:53:05,mlx5_7,0.000,0.000,0.000,0.000
2025-11-22 14:53:05,mlx5_8,0.000,0.000,0.000,0.000
2025-11-22 14:53:05,mlx5_9,0.000,0.000,0.000,0.000
2025-11-22 14:53:05,TOTAL,0.000,0.000,12.926,24.276
2025-11-22 14:53:06,mlx5_0,0.000,0.000,0.000,0.000
2025-11-22 14:53:06,mlx5_1,0.000,0.000,6.423,12.037
2025-11-22 14:53:06,mlx5_2,0.000,0.000,0.000,0.000
2025-11-22 14:53:06,mlx5_3,0.000,0.000,0.000,0.000
2025-11-22 14:53:06,mlx5_4,0.000,0.000,0.000,0.000
2025-11-22 14:53:06,mlx5_5,0.000,0.000,6.504,12.239
2025-11-22 14:53:06,mlx5_6,0.000,0.000,0.000,0.000
2025-11-22 14:53:06,mlx5_7,0.000,0.000,0.000,0.000
2025-11-22 14:53:06,mlx5_8,0.000,0.000,0.000,0.000
2025-11-22 14:53:06,mlx5_9,0.000,0.000,0.000,0.000
2025-11-22 14:53:06,TOTAL,0.000,0.000,12.926,24.276
2025-11-22 14:53:07,mlx5_0,0.000,0.000,0.000,0.000
2025-11-22 14:53:07,mlx5_1,0.000,0.000,6.423,12.037
2025-11-22 14:53:07,mlx5_2,0.000,0.000,0.000,0.000
2025-11-22 14:53:07,mlx5_3,0.000,0.000,0.000,0.000
2025-11-22 14:53:07,mlx5_4,0.000,0.000,0.000,0.000
2025-11-22 14:53:07,mlx5_5,0.000,0.000,6.504,12.239
2025-11-22 14:53:07,mlx5_6,0.000,0.000,0.000,0.000
2025-11-22 14:53:07,mlx5_7,0.000,0.000,0.000,0.000
2025-11-22 14:53:07,mlx5_8,0.000,0.000,0.000,0.000
2025-11-22 14:53:07,mlx5_9,0.000,0.000,0.000,0.000
2025-11-22 14:53:07,TOTAL,0.000,0.000,12.926,24.276
2025-11-22 14:53:08,mlx5_0,0.000,0.000,0.000,0.000
2025-11-22 14:53:08,mlx5_1,0.000,0.000,6.423,12.037
2025-11-22 14:53:08,mlx5_2,0.000,0.000,0.000,0.000
2025-11-22 14:53:08,mlx5_3,0.000,0.000,0.000,0.000
2025-11-22 14:53:08,mlx5_4,0.000,0.000,0.000,0.000
2025-11-22 14:53:08,mlx5_5,0.000,0.000,6.504,12.239
2025-11-22 14:53:08,mlx5_6,0.000,0.000,0.000,0.000
2025-11-22 14:53:08,mlx5_7,0.000,0.000,0.000,0.000
2025-11-22 14:53:08,mlx5_8,0.000,0.000,0.000,0.000
2025-11-22 14:53:08,mlx5_9,0.000,0.000,0.000,0.000
2025-11-22 14:53:08,TOTAL,0.000,0.000,12.926,24.276
2025-11-22 14:53:09,mlx5_0,0.000,0.000,0.000,0.000
2025-11-22 14:53:09,mlx5_1,0.000,0.000,6.423,12.037
2025-11-22 14:53:09,mlx5_2,0.000,0.000,0.000,0.000
2025-11-22 14:53:09,mlx5_3,0.000,0.000,0.000,0.000
2025-11-22 14:53:09,mlx5_4,0.000,0.000,0.000,0.000
2025-11-22 14:53:09,mlx5_5,0.000,0.000,6.504,12.239
2025-11-22 14:53:09,mlx5_6,0.000,0.000,0.000,0.000
2025-11-22 14:53:09,mlx5_7,0.000,0.000,0.000,0.000
2025-11-22 14:53:09,mlx5_8,0.000,0.000,0.000,0.000
2025-11-22 14:53:09,mlx5_9,0.000,0.000,0.000,0.000
2025-11-22 14:53:09,TOTAL,0.000,0.000,12.926,24.276
2025-11-22 14:53:10,mlx5_0,0.000,0.000,0.000,0.000
2025-11-22 14:53:10,mlx5_1,0.000,0.000,6.423,12.037
2025-11-22 14:53:10,mlx5_2,0.000,0.000,0.000,0.000
2025-11-22 14:53:10,mlx5_3,0.000,0.000,0.000,0.000
2025-11-22 14:53:10,mlx5_4,0.000,0.000,0.000,0.000
2025-11-22 14:53:10,mlx5_5,0.000,0.000,6.504,12.239
2025-11-22 14:53:10,mlx5_6,0.000,0.000,0.000,0.000
2025-11-22 14:53:10,mlx5_7,0.000,0.000,0.000,0.000
2025-11-22 14:53:10,mlx5_8,0.000,0.000,0.000,0.000
2025-11-22 14:53:10,mlx5_9,0.000,0.000,0.000,0.000
2025-11-22 14:53:10,TOTAL,0.000,0.000,12.927,24.276
2025-11-22 14:53:11,mlx5_0,0.000,0.000,0.000,0.000
2025-11-22 14:53:11,mlx5_1,0.000,0.000,6.423,12.037
2025-11-22 14:53:11,mlx5_2,0.000,0.000,0.000,0.000
2025-11-22 14:53:11,mlx5_3,0.000,0.000,0.000,0.000
2025-11-22 14:53:11,mlx5_4,0.000,0.000,0.000,0.000
2025-11-22 14:53:11,mlx5_5,0.000,0.000,6.504,12.239
2025-11-22 14:53:11,mlx5_6,0.000,0.000,0.000,0.000
2025-11-22 14:53:11,mlx5_7,0.000,0.000,0.000,0.000
2025-11-22 14:53:11,mlx5_8,0.000,0.000,0.000,0.000
2025-11-22 14:53:11,mlx5_9,0.000,0.000,0.000,0.000
2025-11-22 14:53:11,TOTAL,0.000,0.000,12.927,24.276
2025-11-22 14:53:12,mlx5_0,0.000,0.000,0.000,0.000
2025-11-22 14:53:12,mlx5_1,0.004,1.216,6.424,12.189
2025-11-22 14:53:12,mlx5_2,0.000,0.000,0.000,0.000
2025-11-22 14:53:12,mlx5_3,0.000,0.000,0.000,0.000
2025-11-22 14:53:12,mlx5_4,0.000,0.000,0.000,0.000
2025-11-22 14:53:12,mlx5_5,0.004,1.121,6.504,12.380
2025-11-22 14:53:12,mlx5_6,0.000,0.000,0.000,0.000
2025-11-22 14:53:12,mlx5_7,0.000,0.000,0.000,0.000
2025-11-22 14:53:12,mlx5_8,0.000,0.000,0.000,0.000
2025-11-22 14:53:12,mlx5_9,0.000,0.000,0.000,0.000
2025-11-22 14:53:12,TOTAL,0.008,2.337,12.928,24.569
2025-11-22 14:53:13,mlx5_0,0.000,0.000,0.000,0.000
2025-11-22 14:53:13,mlx5_1,18.427,0.023,8.739,12.192
2025-11-22 14:53:13,mlx5_2,0.000,0.000,0.000,0.000
2025-11-22 14:53:13,mlx5_3,0.000,0.000,0.000,0.000
2025-11-22 14:53:13,mlx5_4,0.000,0.000,0.000,0.000
2025-11-22 14:53:13,mlx5_5,18.786,0.023,8.865,12.383
2025-11-22 14:53:13,mlx5_6,0.000,0.000,0.000,0.000
2025-11-22 14:53:13,mlx5_7,0.000,0.000,0.000,0.000
2025-11-22 14:53:13,mlx5_8,0.000,0.000,0.000,0.000
2025-11-22 14:53:13,mlx5_9,0.000,0.000,0.000,0.000
2025-11-22 14:53:13,TOTAL,37.213,0.046,17.604,24.575
2025-11-22 14:53:14,mlx5_0,0.000,0.000,0.000,0.000
2025-11-22 14:53:14,mlx5_1,0.000,0.000,8.739,12.192
2025-11-22 14:53:14,mlx5_2,0.000,0.000,0.000,0.000
2025-11-22 14:53:14,mlx5_3,0.000,0.000,0.000,0.000
2025-11-22 14:53:14,mlx5_4,0.000,0.000,0.000,0.000
2025-11-22 14:53:14,mlx5_5,0.000,0.000,8.865,12.383
2025-11-22 14:53:14,mlx5_6,0.000,0.000,0.000,0.000
2025-11-22 14:53:14,mlx5_7,0.000,0.000,0.000,0.000
2025-11-22 14:53:14,mlx5_8,0.000,0.000,0.000,0.000
2025-11-22 14:53:14,mlx5_9,0.000,0.000,0.000,0.000
2025-11-22 14:53:14,TOTAL,0.000,0.000,17.604,24.575
2025-11-22 14:53:15,mlx5_0,0.000,0.000,0.000,0.000
2025-11-22 14:53:15,mlx5_1,3.019,12.394,9.118,13.748
2025-11-22 14:53:15,mlx5_2,0.000,0.000,0.000,0.000
2025-11-22 14:53:15,mlx5_3,0.000,0.000,0.000,0.000
2025-11-22 14:53:15,mlx5_4,0.000,0.000,0.000,0.000
2025-11-22 14:53:15,mlx5_5,2.990,13.409,9.240,14.066
2025-11-22 14:53:15,mlx5_6,0.000,0.000,0.000,0.000
2025-11-22 14:53:15,mlx5_7,0.000,0.000,0.000,0.000
2025-11-22 14:53:15,mlx5_8,0.000,0.000,0.000,0.000
2025-11-22 14:53:15,mlx5_9,0.000,0.000,0.000,0.000
2025-11-22 14:53:15,TOTAL,6.009,25.803,18.358,27.815
2025-11-22 14:53:16,mlx5_0,0.000,0.000,0.000,0.000
2025-11-22 14:53:16,mlx5_1,0.082,11.440,9.128,15.186
2025-11-22 14:53:16,mlx5_2,0.000,0.000,0.000,0.000
2025-11-22 14:53:16,mlx5_3,0.000,0.000,0.000,0.000
2025-11-22 14:53:16,mlx5_4,0.000,0.000,0.000,0.000
2025-11-22 14:53:16,mlx5_5,0.076,10.710,9.250,15.412
2025-11-22 14:53:16,mlx5_6,0.000,0.000,0.000,0.000
2025-11-22 14:53:16,mlx5_7,0.000,0.000,0.000,0.000
2025-11-22 14:53:16,mlx5_8,0.000,0.000,0.000,0.000
2025-11-22 14:53:16,mlx5_9,0.000,0.000,0.000,0.000
2025-11-22 14:53:16,TOTAL,0.158,22.150,18.378,30.599
2025-11-22 14:53:17,mlx5_0,0.000,0.000,0.000,0.000
2025-11-22 14:53:17,mlx5_1,18.147,1.127,11.410,15.328
2025-11-22 14:53:17,mlx5_2,0.000,0.000,0.000,0.000
2025-11-22 14:53:17,mlx5_3,0.000,0.000,0.000,0.000
2025-11-22 14:53:17,mlx5_4,0.000,0.000,0.000,0.000
2025-11-22 14:53:17,mlx5_5,18.626,1.251,11.591,15.570
2025-11-22 14:53:17,mlx5_6,0.000,0.000,0.000,0.000
2025-11-22 14:53:17,mlx5_7,0.000,0.000,0.000,0.000
2025-11-22 14:53:17,mlx5_8,0.000,0.000,0.000,0.000
2025-11-22 14:53:17,mlx5_9,0.000,0.000,0.000,0.000
2025-11-22 14:53:17,TOTAL,36.773,2.378,23.002,30.898
2025-11-22 14:53:18,mlx5_0,0.000,0.000,0.000,0.000
2025-11-22 14:53:18,mlx5_1,23.451,1.215,14.355,15.481
2025-11-22 14:53:18,mlx5_2,0.000,0.000,0.000,0.000
2025-11-22 14:53:18,mlx5_3,0.000,0.000,0.000,0.000
2025-11-22 14:53:18,mlx5_4,0.000,0.000,0.000,0.000
2025-11-22 14:53:18,mlx5_5,23.804,1.179,14.581,15.718
2025-11-22 14:53:18,mlx5_6,0.000,0.000,0.000,0.000
2025-11-22 14:53:18,mlx5_7,0.000,0.000,0.000,0.000
2025-11-22 14:53:18,mlx5_8,0.000,0.000,0.000,0.000
2025-11-22 14:53:18,mlx5_9,0.000,0.000,0.000,0.000
2025-11-22 14:53:18,TOTAL,47.256,2.394,28.936,31.198
2025-11-22 14:53:19,mlx5_0,0.000,0.000,0.000,0.000
2025-11-22 14:53:19,mlx5_1,22.885,1.139,17.232,15.624
2025-11-22 14:53:19,mlx5_2,0.000,0.000,0.000,0.000
2025-11-22 14:53:19,mlx5_3,0.000,0.000,0.000,0.000
2025-11-22 14:53:19,mlx5_4,0.000,0.000,0.000,0.000
2025-11-22 14:53:19,mlx5_5,23.043,1.251,17.477,15.875
2025-11-22 14:53:19,mlx5_6,0.000,0.000,0.000,0.000
2025-11-22 14:53:19,mlx5_7,0.000,0.000,0.000,0.000
2025-11-22 14:53:19,mlx5_8,0.000,0.000,0.000,0.000
2025-11-22 14:53:19,mlx5_9,0.000,0.000,0.000,0.000
2025-11-22 14:53:19,TOTAL,45.927,2.390,34.709,31.499
2025-11-22 14:53:20,mlx5_0,0.000,0.000,0.000,0.000
2025-11-22 14:53:20,mlx5_1,25.015,1.664,20.373,15.833
2025-11-22 14:53:20,mlx5_2,0.000,0.000,0.000,0.000
2025-11-22 14:53:20,mlx5_3,0.000,0.000,0.000,0.000
2025-11-22 14:53:20,mlx5_4,0.000,0.000,0.000,0.000
2025-11-22 14:53:20,mlx5_5,25.020,2.059,20.620,16.134
2025-11-22 14:53:20,mlx5_6,0.000,0.000,0.000,0.000
2025-11-22 14:53:20,mlx5_7,0.000,0.000,0.000,0.000
2025-11-22 14:53:20,mlx5_8,0.000,0.000,0.000,0.000
2025-11-22 14:53:20,mlx5_9,0.000,0.000,0.000,0.000
2025-11-22 14:53:20,TOTAL,50.035,3.723,40.993,31.966
2025-11-22 14:53:21,mlx5_0,0.000,0.000,0.000,0.000
2025-11-22 14:53:21,mlx5_1,21.277,1.744,23.047,16.052
2025-11-22 14:53:21,mlx5_2,0.000,0.000,0.000,0.000
2025-11-22 14:53:21,mlx5_3,0.000,0.000,0.000,0.000
2025-11-22 14:53:21,mlx5_4,0.000,0.000,0.000,0.000
2025-11-22 14:53:21,mlx5_5,21.253,1.652,23.290,16.341
2025-11-22 14:53:21,mlx5_6,0.000,0.000,0.000,0.000
2025-11-22 14:53:21,mlx5_7,0.000,0.000,0.000,0.000
2025-11-22 14:53:21,mlx5_8,0.000,0.000,0.000,0.000
2025-11-22 14:53:21,mlx5_9,0.000,0.000,0.000,0.000
2025-11-22 14:53:21,TOTAL,42.529,3.396,46.337,32.393
2025-11-22 14:53:22,mlx5_0,0.000,0.000,0.000,0.000
2025-11-22 14:53:22,mlx5_1,18.074,0.022,25.316,16.055
2025-11-22 14:53:22,mlx5_2,0.000,0.000,0.000,0.000
2025-11-22 14:53:22,mlx5_3,0.000,0.000,0.000,0.000
2025-11-22 14:53:22,mlx5_4,0.000,0.000,0.000,0.000
2025-11-22 14:53:22,mlx5_5,18.084,0.022,25.561,16.344
2025-11-22 14:53:22,mlx5_6,0.000,0.000,0.000,0.000
2025-11-22 14:53:22,mlx5_7,0.000,0.000,0.000,0.000
2025-11-22 14:53:22,mlx5_8,0.000,0.000,0.000,0.000
2025-11-22 14:53:22,mlx5_9,0.000,0.000,0.000,0.000
2025-11-22 14:53:22,TOTAL,36.158,0.044,50.877,32.399
2025-11-22 14:53:23,mlx5_0,0.000,0.000,0.000,0.000
2025-11-22 14:53:23,mlx5_1,18.383,1.243,27.626,16.211
2025-11-22 14:53:23,mlx5_2,0.000,0.000,0.000,0.000
2025-11-22 14:53:23,mlx5_3,0.000,0.000,0.000,0.000
2025-11-22 14:53:23,mlx5_4,0.000,0.000,0.000,0.000
2025-11-22 14:53:23,mlx5_5,18.836,1.136,27.927,16.487
2025-11-22 14:53:23,mlx5_6,0.000,0.000,0.000,0.000
2025-11-22 14:53:23,mlx5_7,0.000,0.000,0.000,0.000
2025-11-22 14:53:23,mlx5_8,0.000,0.000,0.000,0.000
2025-11-22 14:53:23,mlx5_9,0.000,0.000,0.000,0.000
2025-11-22 14:53:23,TOTAL,37.219,2.379,55.553,32.698
2025-11-22 14:53:24,mlx5_0,0.000,0.000,0.000,0.000
2025-11-22 14:53:24,mlx5_1,19.104,1.175,30.026,16.358
2025-11-22 14:53:24,mlx5_2,0.000,0.000,0.000,0.000
2025-11-22 14:53:24,mlx5_3,0.000,0.000,0.000,0.000
2025-11-22 14:53:24,mlx5_4,0.000,0.000,0.000,0.000
2025-11-22 14:53:24,mlx5_5,19.352,1.206,30.359,16.638
2025-11-22 14:53:24,mlx5_6,0.000,0.000,0.000,0.000
2025-11-22 14:53:24,mlx5_7,0.000,0.000,0.000,0.000
2025-11-22 14:53:24,mlx5_8,0.000,0.000,0.000,0.000
2025-11-22 14:53:24,mlx5_9,0.000,0.000,0.000,0.000
2025-11-22 14:53:24,TOTAL,38.456,2.381,60.385,32.997
2025-11-22 14:53:25,mlx5_0,0.000,0.000,0.000,0.000
2025-11-22 14:53:25,mlx5_1,17.852,1.184,32.269,16.507
2025-11-22 14:53:25,mlx5_2,0.000,0.000,0.000,0.000
2025-11-22 14:53:25,mlx5_3,0.000,0.000,0.000,0.000
2025-11-22 14:53:25,mlx5_4,0.000,0.000,0.000,0.000
2025-11-22 14:53:25,mlx5_5,18.026,1.194,32.624,16.788
2025-11-22 14:53:25,mlx5_6,0.000,0.000,0.000,0.000
2025-11-22 14:53:25,mlx5_7,0.000,0.000,0.000,0.000
2025-11-22 14:53:25,mlx5_8,0.000,0.000,0.000,0.000
2025-11-22 14:53:25,mlx5_9,0.000,0.000,0.000,0.000
2025-11-22 14:53:25,TOTAL,35.878,2.379,64.893,33.296
2025-11-22 14:53:26,mlx5_0,0.000,0.000,0.000,0.000
2025-11-22 14:53:26,mlx5_1,19.184,1.242,34.678,16.663
2025-11-22 14:53:26,mlx5_2,0.000,0.000,0.000,0.000
2025-11-22 14:53:26,mlx5_3,0.000,0.000,0.000,0.000
2025-11-22 14:53:26,mlx5_4,0.000,0.000,0.000,0.000
2025-11-22 14:53:26,mlx5_5,19.130,1.141,35.026,16.932
2025-11-22 14:53:26,mlx5_6,0.000,0.000,0.000,0.000
2025-11-22 14:53:26,mlx5_7,0.000,0.000,0.000,0.000
2025-11-22 14:53:26,mlx5_8,0.000,0.000,0.000,0.000
2025-11-22 14:53:26,mlx5_9,0.000,0.000,0.000,0.000
2025-11-22 14:53:26,TOTAL,38.313,2.384,69.703,33.595
2025-11-22 14:53:27,mlx5_0,0.000,0.000,0.000,0.000
2025-11-22 14:53:27,mlx5_1,18.108,1.173,36.953,16.811
2025-11-22 14:53:27,mlx5_2,0.000,0.000,0.000,0.000
2025-11-22 14:53:27,mlx5_3,0.000,0.000,0.000,0.000
2025-11-22 14:53:27,mlx5_4,0.000,0.000,0.000,0.000
2025-11-22 14:53:27,mlx5_5,18.024,1.206,37.290,17.083
2025-11-22 14:53:27,mlx5_6,0.000,0.000,0.000,0.000
2025-11-22 14:53:27,mlx5_7,0.000,0.000,0.000,0.000
2025-11-22 14:53:27,mlx5_8,0.000,0.000,0.000,0.000
2025-11-22 14:53:27,mlx5_9,0.000,0.000,0.000,0.000
2025-11-22 14:53:27,TOTAL,36.132,2.379,74.243,33.894
2025-11-22 14:53:28,mlx5_0,0.000,0.000,0.000,0.000
2025-11-22 14:53:28,mlx5_1,19.204,1.135,39.366,16.953
2025-11-22 14:53:28,mlx5_2,0.000,0.000,0.000,0.000
2025-11-22 14:53:28,mlx5_3,0.000,0.000,0.000,0.000
2025-11-22 14:53:28,mlx5_4,0.000,0.000,0.000,0.000
2025-11-22 14:53:28,mlx5_5,19.253,1.247,39.709,17.240
2025-11-22 14:53:28,mlx5_6,0.000,0.000,0.000,0.000
2025-11-22 14:53:28,mlx5_7,0.000,0.000,0.000,0.000
2025-11-22 14:53:28,mlx5_8,0.000,0.000,0.000,0.000
2025-11-22 14:53:28,mlx5_9,0.000,0.000,0.000,0.000
2025-11-22 14:53:28,TOTAL,38.457,2.382,79.075,34.193
2025-11-22 14:53:29,mlx5_0,0.000,0.000,0.000,0.000
2025-11-22 14:53:29,mlx5_1,17.926,0.022,41.619,16.956
2025-11-22 14:53:29,mlx5_2,0.000,0.000,0.000,0.000
2025-11-22 14:53:29,mlx5_3,0.000,0.000,0.000,0.000
2025-11-22 14:53:29,mlx5_4,0.000,0.000,0.000,0.000
2025-11-22 14:53:29,mlx5_5,18.192,0.023,41.995,17.243
2025-11-22 14:53:29,mlx5_6,0.000,0.000,0.000,0.000
2025-11-22 14:53:29,mlx5_7,0.000,0.000,0.000,0.000
2025-11-22 14:53:29,mlx5_8,0.000,0.000,0.000,0.000
2025-11-22 14:53:29,mlx5_9,0.000,0.000,0.000,0.000
2025-11-22 14:53:29,TOTAL,36.118,0.045,83.614,34.199
2025-11-22 14:53:30,mlx5_0,0.000,0.000,0.000,0.000
2025-11-22 14:53:30,mlx5_1,18.395,1.256,43.930,17.114
2025-11-22 14:53:30,mlx5_2,0.000,0.000,0.000,0.000
2025-11-22 14:53:30,mlx5_3,0.000,0.000,0.000,0.000
2025-11-22 14:53:30,mlx5_4,0.000,0.000,0.000,0.000
2025-11-22 14:53:30,mlx5_5,18.821,1.123,44.360,17.384
2025-11-22 14:53:30,mlx5_6,0.000,0.000,0.000,0.000
2025-11-22 14:53:30,mlx5_7,0.000,0.000,0.000,0.000
2025-11-22 14:53:30,mlx5_8,0.000,0.000,0.000,0.000
2025-11-22 14:53:30,mlx5_9,0.000,0.000,0.000,0.000
2025-11-22 14:53:30,TOTAL,37.216,2.379,88.291,34.498
2025-11-22 14:53:31,mlx5_0,0.000,0.000,0.000,0.000
2025-11-22 14:53:31,mlx5_1,18.891,1.255,46.304,17.272
2025-11-22 14:53:31,mlx5_2,0.000,0.000,0.000,0.000
2025-11-22 14:53:31,mlx5_3,0.000,0.000,0.000,0.000
2025-11-22 14:53:31,mlx5_4,0.000,0.000,0.000,0.000
2025-11-22 14:53:31,mlx5_5,19.564,1.126,46.818,17.525
2025-11-22 14:53:31,mlx5_6,0.000,0.000,0.000,0.000
2025-11-22 14:53:31,mlx5_7,0.000,0.000,0.000,0.000
2025-11-22 14:53:31,mlx5_8,0.000,0.000,0.000,0.000
2025-11-22 14:53:31,mlx5_9,0.000,0.000,0.000,0.000
2025-11-22 14:53:31,TOTAL,38.456,2.381,93.122,34.797
2025-11-22 14:53:32,mlx5_0,0.000,0.000,0.000,0.000
2025-11-22 14:53:32,mlx5_1,17.914,1.179,48.555,17.420
2025-11-22 14:53:32,mlx5_2,0.000,0.000,0.000,0.000
2025-11-22 14:53:32,mlx5_3,0.000,0.000,0.000,0.000
2025-11-22 14:53:32,mlx5_4,0.000,0.000,0.000,0.000
2025-11-22 14:53:32,mlx5_5,18.217,1.200,49.107,17.676
2025-11-22 14:53:32,mlx5_6,0.000,0.000,0.000,0.000
2025-11-22 14:53:32,mlx5_7,0.000,0.000,0.000,0.000
2025-11-22 14:53:32,mlx5_8,0.000,0.000,0.000,0.000
2025-11-22 14:53:32,mlx5_9,0.000,0.000,0.000,0.000
2025-11-22 14:53:32,TOTAL,36.131,2.379,97.662,35.096
2025-11-22 14:53:33,mlx5_0,0.000,0.000,0.000,0.000
2025-11-22 14:53:33,mlx5_1,19.053,1.216,50.949,17.572
2025-11-22 14:53:33,mlx5_2,0.000,0.000,0.000,0.000
2025-11-22 14:53:33,mlx5_3,0.000,0.000,0.000,0.000
2025-11-22 14:53:33,mlx5_4,0.000,0.000,0.000,0.000
2025-11-22 14:53:33,mlx5_5,19.404,1.166,51.545,17.823
2025-11-22 14:53:33,mlx5_6,0.000,0.000,0.000,0.000
2025-11-22 14:53:33,mlx5_7,0.000,0.000,0.000,0.000
2025-11-22 14:53:33,mlx5_8,0.000,0.000,0.000,0.000
2025-11-22 14:53:33,mlx5_9,0.000,0.000,0.000,0.000
2025-11-22 14:53:33,TOTAL,38.457,2.382,102.494,35.395
2025-11-22 14:53:34,mlx5_0,0.000,0.000,0.000,0.000
2025-11-22 14:53:34,mlx5_1,18.042,1.250,53.216,17.729
2025-11-22 14:53:34,mlx5_2,0.000,0.000,0.000,0.000
2025-11-22 14:53:34,mlx5_3,0.000,0.000,0.000,0.000
2025-11-22 14:53:34,mlx5_4,0.000,0.000,0.000,0.000
2025-11-22 14:53:34,mlx5_5,18.091,1.129,53.818,17.964
2025-11-22 14:53:34,mlx5_6,0.000,0.000,0.000,0.000
2025-11-22 14:53:34,mlx5_7,0.000,0.000,0.000,0.000
2025-11-22 14:53:34,mlx5_8,0.000,0.000,0.000,0.000
2025-11-22 14:53:34,mlx5_9,0.000,0.000,0.000,0.000
2025-11-22 14:53:34,TOTAL,36.133,2.379,107.034,35.694
2025-11-22 14:53:35,mlx5_0,0.000,0.000,0.000,0.000
2025-11-22 14:53:35,mlx5_1,18.075,1.170,55.487,17.876
2025-11-22 14:53:35,mlx5_2,0.000,0.000,0.000,0.000
2025-11-22 14:53:35,mlx5_3,0.000,0.000,0.000,0.000
2025-11-22 14:53:35,mlx5_4,0.000,0.000,0.000,0.000
2025-11-22 14:53:35,mlx5_5,18.056,1.209,56.087,18.116
2025-11-22 14:53:35,mlx5_6,0.000,0.000,0.000,0.000
2025-11-22 14:53:35,mlx5_7,0.000,0.000,0.000,0.000
2025-11-22 14:53:35,mlx5_8,0.000,0.000,0.000,0.000
2025-11-22 14:53:35,mlx5_9,0.000,0.000,0.000,0.000
2025-11-22 14:53:35,TOTAL,36.130,2.379,111.573,35.993
2025-11-22 14:53:36,mlx5_0,0.000,0.000,0.000,0.000
2025-11-22 14:53:36,mlx5_1,19.258,0.023,57.906,17.879
2025-11-22 14:53:36,mlx5_2,0.000,0.000,0.000,0.000
2025-11-22 14:53:36,mlx5_3,0.000,0.000,0.000,0.000
2025-11-22 14:53:36,mlx5_4,0.000,0.000,0.000,0.000
2025-11-22 14:53:36,mlx5_5,19.195,0.024,58.499,18.119
2025-11-22 14:53:36,mlx5_6,0.000,0.000,0.000,0.000
2025-11-22 14:53:36,mlx5_7,0.000,0.000,0.000,0.000
2025-11-22 14:53:36,mlx5_8,0.000,0.000,0.000,0.000
2025-11-22 14:53:36,mlx5_9,0.000,0.000,0.000,0.000
2025-11-22 14:53:36,TOTAL,38.453,0.047,116.405,35.999
2025-11-22 14:53:37,mlx5_0,0.000,0.000,0.000,0.000
2025-11-22 14:53:37,mlx5_1,18.657,0.022,60.250,17.882
2025-11-22 14:53:37,mlx5_2,0.000,0.000,0.000,0.000
2025-11-22 14:53:37,mlx5_3,0.000,0.000,0.000,0.000
2025-11-22 14:53:37,mlx5_4,0.000,0.000,0.000,0.000
2025-11-22 14:53:37,mlx5_5,18.560,0.023,60.831,18.122
2025-11-22 14:53:37,mlx5_6,0.000,0.000,0.000,0.000
2025-11-22 14:53:37,mlx5_7,0.000,0.000,0.000,0.000
2025-11-22 14:53:37,mlx5_8,0.000,0.000,0.000,0.000
2025-11-22 14:53:37,mlx5_9,0.000,0.000,0.000,0.000
2025-11-22 14:53:37,TOTAL,37.218,0.045,121.081,36.004
2025-11-22 14:53:38,mlx5_0,0.000,0.000,0.000,0.000
2025-11-22 14:53:38,mlx5_1,0.000,0.000,60.250,17.882
2025-11-22 14:53:38,mlx5_2,0.000,0.000,0.000,0.000
2025-11-22 14:53:38,mlx5_3,0.000,0.000,0.000,0.000
2025-11-22 14:53:38,mlx5_4,0.000,0.000,0.000,0.000
2025-11-22 14:53:38,mlx5_5,0.000,0.000,60.831,18.122
2025-11-22 14:53:38,mlx5_6,0.000,0.000,0.000,0.000
2025-11-22 14:53:38,mlx5_7,0.000,0.000,0.000,0.000
2025-11-22 14:53:38,mlx5_8,0.000,0.000,0.000,0.000
2025-11-22 14:53:38,mlx5_9,0.000,0.000,0.000,0.000
2025-11-22 14:53:38,TOTAL,0.000,0.000,121.081,36.004
2025-11-22 14:53:39,mlx5_0,0.000,0.000,0.000,0.000
2025-11-22 14:53:39,mlx5_1,0.000,0.000,60.250,17.882
2025-11-22 14:53:39,mlx5_2,0.000,0.000,0.000,0.000
2025-11-22 14:53:39,mlx5_3,0.000,0.000,0.000,0.000
2025-11-22 14:53:39,mlx5_4,0.000,0.000,0.000,0.000
2025-11-22 14:53:39,mlx5_5,0.000,0.000,60.831,18.122
2025-11-22 14:53:39,mlx5_6,0.000,0.000,0.000,0.000
2025-11-22 14:53:39,mlx5_7,0.000,0.000,0.000,0.000
2025-11-22 14:53:39,mlx5_8,0.000,0.000,0.000,0.000
2025-11-22 14:53:39,mlx5_9,0.000,0.000,0.000,0.000
2025-11-22 14:53:39,TOTAL,0.000,0.000,121.081,36.004
2025-11-22 14:53:40,mlx5_0,0.000,0.000,0.000,0.000
2025-11-22 14:53:40,mlx5_1,0.000,0.000,60.250,17.882
2025-11-22 14:53:40,mlx5_2,0.000,0.000,0.000,0.000
2025-11-22 14:53:40,mlx5_3,0.000,0.000,0.000,0.000
2025-11-22 14:53:40,mlx5_4,0.000,0.000,0.000,0.000
2025-11-22 14:53:40,mlx5_5,0.000,0.000,60.831,18.122
2025-11-22 14:53:40,mlx5_6,0.000,0.000,0.000,0.000
2025-11-22 14:53:40,mlx5_7,0.000,0.000,0.000,0.000
2025-11-22 14:53:40,mlx5_8,0.000,0.000,0.000,0.000
2025-11-22 14:53:40,mlx5_9,0.000,0.000,0.000,0.000
2025-11-22 14:53:40,TOTAL,0.000,0.000,121.081,36.004
2025-11-22 14:53:41,mlx5_0,0.000,0.000,0.000,0.000
2025-11-22 14:53:41,mlx5_1,0.000,0.000,60.250,17.882
2025-11-22 14:53:41,mlx5_2,0.000,0.000,0.000,0.000
2025-11-22 14:53:41,mlx5_3,0.000,0.000,0.000,0.000
2025-11-22 14:53:41,mlx5_4,0.000,0.000,0.000,0.000
2025-11-22 14:53:41,mlx5_5,0.000,0.000,60.831,18.122
2025-11-22 14:53:41,mlx5_6,0.000,0.000,0.000,0.000
2025-11-22 14:53:41,mlx5_7,0.000,0.000,0.000,0.000
2025-11-22 14:53:41,mlx5_8,0.000,0.000,0.000,0.000
2025-11-22 14:53:41,mlx5_9,0.000,0.000,0.000,0.000
2025-11-22 14:53:41,TOTAL,0.000,0.000,121.081,36.004
2025-11-22 14:53:42,mlx5_0,0.000,0.000,0.000,0.000
2025-11-22 14:53:42,mlx5_1,0.000,0.000,60.250,17.882
2025-11-22 14:53:42,mlx5_2,0.000,0.000,0.000,0.000
2025-11-22 14:53:42,mlx5_3,0.000,0.000,0.000,0.000
2025-11-22 14:53:42,mlx5_4,0.000,0.000,0.000,0.000
2025-11-22 14:53:42,mlx5_5,0.000,0.000,60.831,18.122
2025-11-22 14:53:42,mlx5_6,0.000,0.000,0.000,0.000
2025-11-22 14:53:42,mlx5_7,0.000,0.000,0.000,0.000
2025-11-22 14:53:42,mlx5_8,0.000,0.000,0.000,0.000
2025-11-22 14:53:42,mlx5_9,0.000,0.000,0.000,0.000
2025-11-22 14:53:42,TOTAL,0.000,0.000,121.081,36.004
2025-11-22 14:53:44,mlx5_0,0.000,0.000,0.000,0.000
2025-11-22 14:53:44,mlx5_1,0.000,0.000,60.250,17.882
2025-11-22 14:53:44,mlx5_2,0.000,0.000,0.000,0.000
2025-11-22 14:53:44,mlx5_3,0.000,0.000,0.000,0.000
2025-11-22 14:53:44,mlx5_4,0.000,0.000,0.000,0.000
2025-11-22 14:53:44,mlx5_5,0.000,0.000,60.831,18.122
2025-11-22 14:53:44,mlx5_6,0.000,0.000,0.000,0.000
2025-11-22 14:53:44,mlx5_7,0.000,0.000,0.000,0.000
2025-11-22 14:53:44,mlx5_8,0.000,0.000,0.000,0.000
2025-11-22 14:53:44,mlx5_9,0.000,0.000,0.000,0.000
2025-11-22 14:53:44,TOTAL,0.000,0.000,121.081,36.004
2025-11-22 14:53:45,mlx5_0,0.000,0.000,0.000,0.000
2025-11-22 14:53:45,mlx5_1,0.000,0.000,60.250,17.882
2025-11-22 14:53:45,mlx5_2,0.000,0.000,0.000,0.000
2025-11-22 14:53:45,mlx5_3,0.000,0.000,0.000,0.000
2025-11-22 14:53:45,mlx5_4,0.000,0.000,0.000,0.000
2025-11-22 14:53:45,mlx5_5,0.000,0.000,60.831,18.122
2025-11-22 14:53:45,mlx5_6,0.000,0.000,0.000,0.000
2025-11-22 14:53:45,mlx5_7,0.000,0.000,0.000,0.000
2025-11-22 14:53:45,mlx5_8,0.000,0.000,0.000,0.000
2025-11-22 14:53:45,mlx5_9,0.000,0.000,0.000,0.000
2025-11-22 14:53:45,TOTAL,0.000,0.000,121.081,36.004
2025-11-22 14:53:46,mlx5_0,0.000,0.000,0.000,0.000
2025-11-22 14:53:46,mlx5_1,0.000,0.000,60.250,17.882
2025-11-22 14:53:46,mlx5_2,0.000,0.000,0.000,0.000
2025-11-22 14:53:46,mlx5_3,0.000,0.000,0.000,0.000
2025-11-22 14:53:46,mlx5_4,0.000,0.000,0.000,0.000
2025-11-22 14:53:46,mlx5_5,0.000,0.000,60.831,18.122
2025-11-22 14:53:46,mlx5_6,0.000,0.000,0.000,0.000
2025-11-22 14:53:46,mlx5_7,0.000,0.000,0.000,0.000
2025-11-22 14:53:46,mlx5_8,0.000,0.000,0.000,0.000
2025-11-22 14:53:46,mlx5_9,0.000,0.000,0.000,0.000
2025-11-22 14:53:46,TOTAL,0.000,0.000,121.081,36.004
2025-11-22 14:53:47,mlx5_0,0.000,0.000,0.000,0.000
2025-11-22 14:53:47,mlx5_1,0.000,0.000,60.250,17.882
2025-11-22 14:53:47,mlx5_2,0.000,0.000,0.000,0.000
2025-11-22 14:53:47,mlx5_3,0.000,0.000,0.000,0.000
2025-11-22 14:53:47,mlx5_4,0.000,0.000,0.000,0.000
2025-11-22 14:53:47,mlx5_5,0.000,0.000,60.831,18.122
2025-11-22 14:53:47,mlx5_6,0.000,0.000,0.000,0.000
2025-11-22 14:53:47,mlx5_7,0.000,0.000,0.000,0.000
2025-11-22 14:53:47,mlx5_8,0.000,0.000,0.000,0.000
2025-11-22 14:53:47,mlx5_9,0.000,0.000,0.000,0.000
2025-11-22 14:53:47,TOTAL,0.000,0.000,121.081,36.004
2025-11-22 14:53:48,mlx5_0,0.000,0.000,0.000,0.000
2025-11-22 14:53:48,mlx5_1,0.000,0.000,60.250,17.882
2025-11-22 14:53:48,mlx5_2,0.000,0.000,0.000,0.000
2025-11-22 14:53:48,mlx5_3,0.000,0.000,0.000,0.000
2025-11-22 14:53:48,mlx5_4,0.000,0.000,0.000,0.000
2025-11-22 14:53:48,mlx5_5,0.000,0.000,60.831,18.122
2025-11-22 14:53:48,mlx5_6,0.000,0.000,0.000,0.000
2025-11-22 14:53:48,mlx5_7,0.000,0.000,0.000,0.000
2025-11-22 14:53:48,mlx5_8,0.000,0.000,0.000,0.000
2025-11-22 14:53:48,mlx5_9,0.000,0.000,0.000,0.000
2025-11-22 14:53:48,TOTAL,0.000,0.000,121.081,36.004
2025-11-22 14:53:49,mlx5_0,0.000,0.000,0.000,0.000
2025-11-22 14:53:49,mlx5_1,0.000,0.000,60.250,17.882
2025-11-22 14:53:49,mlx5_2,0.000,0.000,0.000,0.000
2025-11-22 14:53:49,mlx5_3,0.000,0.000,0.000,0.000
2025-11-22 14:53:49,mlx5_4,0.000,0.000,0.000,0.000
2025-11-22 14:53:49,mlx5_5,0.000,0.000,60.831,18.122
2025-11-22 14:53:49,mlx5_6,0.000,0.000,0.000,0.000
2025-11-22 14:53:49,mlx5_7,0.000,0.000,0.000,0.000
2025-11-22 14:53:49,mlx5_8,0.000,0.000,0.000,0.000
2025-11-22 14:53:49,mlx5_9,0.000,0.000,0.000,0.000
2025-11-22 14:53:49,TOTAL,0.000,0.000,121.081,36.004
2025-11-22 14:53:50,mlx5_0,0.000,0.000,0.000,0.000
2025-11-22 14:53:50,mlx5_1,0.000,0.000,60.250,17.882
2025-11-22 14:53:50,mlx5_2,0.000,0.000,0.000,0.000
2025-11-22 14:53:50,mlx5_3,0.000,0.000,0.000,0.000
2025-11-22 14:53:50,mlx5_4,0.000,0.000,0.000,0.000
2025-11-22 14:53:50,mlx5_5,0.000,0.000,60.831,18.122
2025-11-22 14:53:50,mlx5_6,0.000,0.000,0.000,0.000
2025-11-22 14:53:50,mlx5_7,0.000,0.000,0.000,0.000
2025-11-22 14:53:50,mlx5_8,0.000,0.000,0.000,0.000
2025-11-22 14:53:50,mlx5_9,0.000,0.000,0.000,0.000
2025-11-22 14:53:50,TOTAL,0.000,0.000,121.081,36.004
2025-11-22 14:53:51,mlx5_0,0.000,0.000,0.000,0.000
2025-11-22 14:53:51,mlx5_1,0.000,0.000,60.250,17.882
2025-11-22 14:53:51,mlx5_2,0.000,0.000,0.000,0.000
2025-11-22 14:53:51,mlx5_3,0.000,0.000,0.000,0.000
2025-11-22 14:53:51,mlx5_4,0.000,0.000,0.000,0.000
2025-11-22 14:53:51,mlx5_5,0.000,0.000,60.831,18.122
2025-11-22 14:53:51,mlx5_6,0.000,0.000,0.000,0.000
2025-11-22 14:53:51,mlx5_7,0.000,0.000,0.000,0.000
2025-11-22 14:53:51,mlx5_8,0.000,0.000,0.000,0.000
2025-11-22 14:53:51,mlx5_9,0.000,0.000,0.000,0.000
2025-11-22 14:53:51,TOTAL,0.000,0.000,121.081,36.004
2025-11-22 14:53:52,mlx5_0,0.000,0.000,0.000,0.000
2025-11-22 14:53:52,mlx5_1,0.055,22.389,60.257,20.695
2025-11-22 14:53:52,mlx5_2,0.000,0.000,0.000,0.000
2025-11-22 14:53:52,mlx5_3,0.000,0.000,0.000,0.000
2025-11-22 14:53:52,mlx5_4,0.000,0.000,0.000,0.000
2025-11-22 14:53:52,mlx5_5,0.058,23.159,60.838,21.031
2025-11-22 14:53:52,mlx5_6,0.000,0.000,0.000,0.000
2025-11-22 14:53:52,mlx5_7,0.000,0.000,0.000,0.000
2025-11-22 14:53:52,mlx5_8,0.000,0.000,0.000,0.000
2025-11-22 14:53:52,mlx5_9,0.000,0.000,0.000,0.000
2025-11-22 14:53:52,TOTAL,0.113,45.548,121.095,41.726
2025-11-22 14:53:53,mlx5_0,0.000,0.000,0.000,0.000
2025-11-22 14:53:53,mlx5_1,0.869,146.987,60.367,39.161
2025-11-22 14:53:53,mlx5_2,0.000,0.000,0.000,0.000
2025-11-22 14:53:53,mlx5_3,0.000,0.000,0.000,0.000
2025-11-22 14:53:53,mlx5_4,0.000,0.000,0.000,0.000
2025-11-22 14:53:53,mlx5_5,0.969,152.613,60.960,40.204
2025-11-22 14:53:53,mlx5_6,0.000,0.000,0.000,0.000
2025-11-22 14:53:53,mlx5_7,0.000,0.000,0.000,0.000
2025-11-22 14:53:53,mlx5_8,0.000,0.000,0.000,0.000
2025-11-22 14:53:53,mlx5_9,0.000,0.000,0.000,0.000
2025-11-22 14:53:53,TOTAL,1.838,299.601,121.326,79.365
2025-11-22 14:53:54,mlx5_0,0.000,0.000,0.000,0.000
2025-11-22 14:53:54,mlx5_1,1.334,211.682,60.534,65.760
2025-11-22 14:53:54,mlx5_2,0.000,0.000,0.000,0.000
2025-11-22 14:53:54,mlx5_3,0.000,0.000,0.000,0.000
2025-11-22 14:53:54,mlx5_4,0.000,0.000,0.000,0.000
2025-11-22 14:53:54,mlx5_5,1.482,217.834,61.146,67.577
2025-11-22 14:53:54,mlx5_6,0.000,0.000,0.000,0.000
2025-11-22 14:53:54,mlx5_7,0.000,0.000,0.000,0.000
2025-11-22 14:53:54,mlx5_8,0.000,0.000,0.000,0.000
2025-11-22 14:53:54,mlx5_9,0.000,0.000,0.000,0.000
2025-11-22 14:53:54,TOTAL,2.816,429.516,121.680,133.337
2025-11-22 14:53:55,mlx5_0,0.000,0.000,0.000,0.000
2025-11-22 14:53:55,mlx5_1,0.523,89.404,60.600,76.994
2025-11-22 14:53:55,mlx5_2,0.000,0.000,0.000,0.000
2025-11-22 14:53:55,mlx5_3,0.000,0.000,0.000,0.000
2025-11-22 14:53:55,mlx5_4,0.000,0.000,0.000,0.000
2025-11-22 14:53:55,mlx5_5,0.575,91.774,61.218,79.109
2025-11-22 14:53:55,mlx5_6,0.000,0.000,0.000,0.000
2025-11-22 14:53:55,mlx5_7,0.000,0.000,0.000,0.000
2025-11-22 14:53:55,mlx5_8,0.000,0.000,0.000,0.000
2025-11-22 14:53:55,mlx5_9,0.000,0.000,0.000,0.000
2025-11-22 14:53:55,TOTAL,1.098,181.178,121.818,156.103
2025-11-22 14:53:56,mlx5_0,0.000,0.000,0.000,0.000
2025-11-22 14:53:56,mlx5_1,0.000,0.000,60.600,76.994
2025-11-22 14:53:56,mlx5_2,0.000,0.000,0.000,0.000
2025-11-22 14:53:56,mlx5_3,0.000,0.000,0.000,0.000
2025-11-22 14:53:56,mlx5_4,0.000,0.000,0.000,0.000
2025-11-22 14:53:56,mlx5_5,0.000,0.000,61.218,79.109
2025-11-22 14:53:56,mlx5_6,0.000,0.000,0.000,0.000
2025-11-22 14:53:56,mlx5_7,0.000,0.000,0.000,0.000
2025-11-22 14:53:56,mlx5_8,0.000,0.000,0.000,0.000
2025-11-22 14:53:56,mlx5_9,0.000,0.000,0.000,0.000
2025-11-22 14:53:56,TOTAL,0.000,0.000,121.818,156.103
2025-11-22 14:53:57,mlx5_0,0.000,0.000,0.000,0.000
2025-11-22 14:53:57,mlx5_1,0.000,0.000,60.600,76.994
2025-11-22 14:53:57,mlx5_2,0.000,0.000,0.000,0.000
2025-11-22 14:53:57,mlx5_3,0.000,0.000,0.000,0.000
2025-11-22 14:53:57,mlx5_4,0.000,0.000,0.000,0.000
2025-11-22 14:53:57,mlx5_5,0.000,0.000,61.218,79.109
2025-11-22 14:53:57,mlx5_6,0.000,0.000,0.000,0.000
2025-11-22 14:53:57,mlx5_7,0.000,0.000,0.000,0.000
2025-11-22 14:53:57,mlx5_8,0.000,0.000,0.000,0.000
2025-11-22 14:53:57,mlx5_9,0.000,0.000,0.000,0.000
2025-11-22 14:53:57,TOTAL,0.000,0.000,121.818,156.103
2025-11-22 14:53:58,mlx5_0,0.000,0.000,0.000,0.000
2025-11-22 14:53:58,mlx5_1,0.000,0.000,60.600,76.994
2025-11-22 14:53:58,mlx5_2,0.000,0.000,0.000,0.000
2025-11-22 14:53:58,mlx5_3,0.000,0.000,0.000,0.000
2025-11-22 14:53:58,mlx5_4,0.000,0.000,0.000,0.000
2025-11-22 14:53:58,mlx5_5,0.000,0.000,61.218,79.109
2025-11-22 14:53:58,mlx5_6,0.000,0.000,0.000,0.000
2025-11-22 14:53:58,mlx5_7,0.000,0.000,0.000,0.000
2025-11-22 14:53:58,mlx5_8,0.000,0.000,0.000,0.000
2025-11-22 14:53:58,mlx5_9,0.000,0.000,0.000,0.000
2025-11-22 14:53:58,TOTAL,0.000,0.000,121.818,156.103
2025-11-22 14:53:59,mlx5_0,0.000,0.000,0.000,0.000
2025-11-22 14:53:59,mlx5_1,0.000,0.000,60.600,76.994
2025-11-22 14:53:59,mlx5_2,0.000,0.000,0.000,0.000
2025-11-22 14:53:59,mlx5_3,0.000,0.000,0.000,0.000
2025-11-22 14:53:59,mlx5_4,0.000,0.000,0.000,0.000
2025-11-22 14:53:59,mlx5_5,0.000,0.000,61.218,79.109
2025-11-22 14:53:59,mlx5_6,0.000,0.000,0.000,0.000
2025-11-22 14:53:59,mlx5_7,0.000,0.000,0.000,0.000
2025-11-22 14:53:59,mlx5_8,0.000,0.000,0.000,0.000
2025-11-22 14:53:59,mlx5_9,0.000,0.000,0.000,0.000
2025-11-22 14:53:59,TOTAL,0.000,0.000,121.818,156.103
2025-11-22 14:54:00,mlx5_0,0.000,0.000,0.000,0.000
2025-11-22 14:54:00,mlx5_1,0.000,0.000,60.600,76.994
2025-11-22 14:54:00,mlx5_2,0.000,0.000,0.000,0.000
2025-11-22 14:54:00,mlx5_3,0.000,0.000,0.000,0.000
2025-11-22 14:54:00,mlx5_4,0.000,0.000,0.000,0.000
2025-11-22 14:54:00,mlx5_5,0.000,0.000,61.218,79.109
2025-11-22 14:54:00,mlx5_6,0.000,0.000,0.000,0.000
2025-11-22 14:54:00,mlx5_7,0.000,0.000,0.000,0.000
2025-11-22 14:54:00,mlx5_8,0.000,0.000,0.000,0.000
2025-11-22 14:54:00,mlx5_9,0.000,0.000,0.000,0.000
2025-11-22 14:54:00,TOTAL,0.000,0.000,121.818,156.103
2025-11-22 14:54:01,mlx5_0,0.000,0.000,0.000,0.000
2025-11-22 14:54:01,mlx5_1,0.000,0.000,60.600,76.994
2025-11-22 14:54:01,mlx5_2,0.000,0.000,0.000,0.000
2025-11-22 14:54:01,mlx5_3,0.000,0.000,0.000,0.000
2025-11-22 14:54:01,mlx5_4,0.000,0.000,0.000,0.000
2025-11-22 14:54:01,mlx5_5,0.000,0.000,61.218,79.109
2025-11-22 14:54:01,mlx5_6,0.000,0.000,0.000,0.000
2025-11-22 14:54:01,mlx5_7,0.000,0.000,0.000,0.000
2025-11-22 14:54:01,mlx5_8,0.000,0.000,0.000,0.000
2025-11-22 14:54:01,mlx5_9,0.000,0.000,0.000,0.000
2025-11-22 14:54:01,TOTAL,0.000,0.000,121.818,156.103
2025-11-22 14:54:02,mlx5_0,0.000,0.000,0.000,0.000
2025-11-22 14:54:02,mlx5_1,0.000,0.000,60.600,76.994
2025-11-22 14:54:02,mlx5_2,0.000,0.000,0.000,0.000
2025-11-22 14:54:02,mlx5_3,0.000,0.000,0.000,0.000
2025-11-22 14:54:02,mlx5_4,0.000,0.000,0.000,0.000
2025-11-22 14:54:02,mlx5_5,0.000,0.000,61.218,79.109
2025-11-22 14:54:02,mlx5_6,0.000,0.000,0.000,0.000
2025-11-22 14:54:02,mlx5_7,0.000,0.000,0.000,0.000
2025-11-22 14:54:02,mlx5_8,0.000,0.000,0.000,0.000
2025-11-22 14:54:02,mlx5_9,0.000,0.000,0.000,0.000
2025-11-22 14:54:02,TOTAL,0.000,0.000,121.818,156.103
2025-11-22 14:54:03,mlx5_0,0.000,0.000,0.000,0.000
2025-11-22 14:54:03,mlx5_1,0.000,0.000,60.600,76.994
2025-11-22 14:54:03,mlx5_2,0.000,0.000,0.000,0.000
2025-11-22 14:54:03,mlx5_3,0.000,0.000,0.000,0.000
2025-11-22 14:54:03,mlx5_4,0.000,0.000,0.000,0.000
2025-11-22 14:54:03,mlx5_5,0.000,0.000,61.218,79.109
2025-11-22 14:54:03,mlx5_6,0.000,0.000,0.000,0.000
2025-11-22 14:54:03,mlx5_7,0.000,0.000,0.000,0.000
2025-11-22 14:54:03,mlx5_8,0.000,0.000,0.000,0.000
2025-11-22 14:54:03,mlx5_9,0.000,0.000,0.000,0.000
2025-11-22 14:54:03,TOTAL,0.000,0.000,121.818,156.103
2025-11-22 14:54:04,mlx5_0,0.000,0.000,0.000,0.000
2025-11-22 14:54:04,mlx5_1,0.000,0.000,60.600,76.994
2025-11-22 14:54:04,mlx5_2,0.000,0.000,0.000,0.000
2025-11-22 14:54:04,mlx5_3,0.000,0.000,0.000,0.000
2025-11-22 14:54:04,mlx5_4,0.000,0.000,0.000,0.000
2025-11-22 14:54:04,mlx5_5,0.000,0.000,61.218,79.109
2025-11-22 14:54:04,mlx5_6,0.000,0.000,0.000,0.000
2025-11-22 14:54:04,mlx5_7,0.000,0.000,0.000,0.000
2025-11-22 14:54:04,mlx5_8,0.000,0.000,0.000,0.000
2025-11-22 14:54:04,mlx5_9,0.000,0.000,0.000,0.000
2025-11-22 14:54:04,TOTAL,0.000,0.000,121.818,156.103
2025-11-22 14:54:05,mlx5_0,0.000,0.000,0.000,0.000
2025-11-22 14:54:05,mlx5_1,0.000,0.000,60.600,76.994
2025-11-22 14:54:05,mlx5_2,0.000,0.000,0.000,0.000
2025-11-22 14:54:05,mlx5_3,0.000,0.000,0.000,0.000
2025-11-22 14:54:05,mlx5_4,0.000,0.000,0.000,0.000
2025-11-22 14:54:05,mlx5_5,0.000,0.000,61.218,79.109
2025-11-22 14:54:05,mlx5_6,0.000,0.000,0.000,0.000
2025-11-22 14:54:05,mlx5_7,0.000,0.000,0.000,0.000
2025-11-22 14:54:05,mlx5_8,0.000,0.000,0.000,0.000
2025-11-22 14:54:05,mlx5_9,0.000,0.000,0.000,0.000
2025-11-22 14:54:05,TOTAL,0.000,0.000,121.818,156.103
2025-11-22 14:54:06,mlx5_0,0.000,0.000,0.000,0.000
2025-11-22 14:54:06,mlx5_1,0.000,0.000,60.600,76.994
2025-11-22 14:54:06,mlx5_2,0.000,0.000,0.000,0.000
2025-11-22 14:54:06,mlx5_3,0.000,0.000,0.000,0.000
2025-11-22 14:54:06,mlx5_4,0.000,0.000,0.000,0.000
2025-11-22 14:54:06,mlx5_5,0.000,0.000,61.218,79.109
2025-11-22 14:54:06,mlx5_6,0.000,0.000,0.000,0.000
2025-11-22 14:54:06,mlx5_7,0.000,0.000,0.000,0.000
2025-11-22 14:54:06,mlx5_8,0.000,0.000,0.000,0.000
2025-11-22 14:54:06,mlx5_9,0.000,0.000,0.000,0.000
2025-11-22 14:54:06,TOTAL,0.000,0.000,121.818,156.103
2025-11-22 14:54:07,mlx5_0,0.000,0.000,0.000,0.000
2025-11-22 14:54:07,mlx5_1,0.000,0.000,60.600,76.994
2025-11-22 14:54:07,mlx5_2,0.000,0.000,0.000,0.000
2025-11-22 14:54:07,mlx5_3,0.000,0.000,0.000,0.000
2025-11-22 14:54:07,mlx5_4,0.000,0.000,0.000,0.000
2025-11-22 14:54:07,mlx5_5,0.000,0.000,61.218,79.109
2025-11-22 14:54:07,mlx5_6,0.000,0.000,0.000,0.000
2025-11-22 14:54:07,mlx5_7,0.000,0.000,0.000,0.000
2025-11-22 14:54:07,mlx5_8,0.000,0.000,0.000,0.000
2025-11-22 14:54:07,mlx5_9,0.000,0.000,0.000,0.000
2025-11-22 14:54:07,TOTAL,0.000,0.000,121.818,156.103
2025-11-22 14:54:08,mlx5_0,0.000,0.000,0.000,0.000
2025-11-22 14:54:08,mlx5_1,0.000,0.000,60.600,76.994
2025-11-22 14:54:08,mlx5_2,0.000,0.000,0.000,0.000
2025-11-22 14:54:08,mlx5_3,0.000,0.000,0.000,0.000
2025-11-22 14:54:08,mlx5_4,0.000,0.000,0.000,0.000
2025-11-22 14:54:08,mlx5_5,0.000,0.000,61.218,79.109
2025-11-22 14:54:08,mlx5_6,0.000,0.000,0.000,0.000
2025-11-22 14:54:08,mlx5_7,0.000,0.000,0.000,0.000
2025-11-22 14:54:08,mlx5_8,0.000,0.000,0.000,0.000
2025-11-22 14:54:08,mlx5_9,0.000,0.000,0.000,0.000
2025-11-22 14:54:08,TOTAL,0.000,0.000,121.818,156.103
2025-11-22 14:54:09,mlx5_0,0.000,0.000,0.000,0.000
2025-11-22 14:54:09,mlx5_1,0.116,22.403,60.615,79.808
2025-11-22 14:54:09,mlx5_2,0.000,0.000,0.000,0.000
2025-11-22 14:54:09,mlx5_3,0.000,0.000,0.000,0.000
2025-11-22 14:54:09,mlx5_4,0.000,0.000,0.000,0.000
2025-11-22 14:54:09,mlx5_5,0.130,23.071,61.234,82.007
2025-11-22 14:54:09,mlx5_6,0.000,0.000,0.000,0.000
2025-11-22 14:54:09,mlx5_7,0.000,0.000,0.000,0.000
2025-11-22 14:54:09,mlx5_8,0.000,0.000,0.000,0.000
2025-11-22 14:54:09,mlx5_9,0.000,0.000,0.000,0.000
2025-11-22 14:54:09,TOTAL,0.246,45.474,121.849,161.815
2025-11-22 14:54:10,mlx5_0,0.000,0.000,0.000,0.000
2025-11-22 14:54:10,mlx5_1,0.717,120.252,60.705,94.915
2025-11-22 14:54:10,mlx5_2,0.000,0.000,0.000,0.000
2025-11-22 14:54:10,mlx5_3,0.000,0.000,0.000,0.000
2025-11-22 14:54:10,mlx5_4,0.000,0.000,0.000,0.000
2025-11-22 14:54:10,mlx5_5,0.734,122.861,61.326,97.441
2025-11-22 14:54:10,mlx5_6,0.000,0.000,0.000,0.000
2025-11-22 14:54:10,mlx5_7,0.000,0.000,0.000,0.000
2025-11-22 14:54:10,mlx5_8,0.000,0.000,0.000,0.000
2025-11-22 14:54:10,mlx5_9,0.000,0.000,0.000,0.000
2025-11-22 14:54:10,TOTAL,1.451,243.114,122.031,192.356
2025-11-22 14:54:11,mlx5_0,0.000,0.000,0.000,0.000
2025-11-22 14:54:11,mlx5_1,0.949,185.429,60.824,118.205
2025-11-22 14:54:11,mlx5_2,0.000,0.000,0.000,0.000
2025-11-22 14:54:11,mlx5_3,0.000,0.000,0.000,0.000
2025-11-22 14:54:11,mlx5_4,0.000,0.000,0.000,0.000
2025-11-22 14:54:11,mlx5_5,1.088,190.436,61.463,121.360
2025-11-22 14:54:11,mlx5_6,0.000,0.000,0.000,0.000
2025-11-22 14:54:11,mlx5_7,0.000,0.000,0.000,0.000
2025-11-22 14:54:11,mlx5_8,0.000,0.000,0.000,0.000
2025-11-22 14:54:11,mlx5_9,0.000,0.000,0.000,0.000
2025-11-22 14:54:11,TOTAL,2.037,375.864,122.287,239.565
2025-11-22 14:54:12,mlx5_0,0.000,0.000,0.000,0.000
2025-11-22 14:54:12,mlx5_1,0.499,97.849,60.887,130.500
2025-11-22 14:54:12,mlx5_2,0.000,0.000,0.000,0.000
2025-11-22 14:54:12,mlx5_3,0.000,0.000,0.000,0.000
2025-11-22 14:54:12,mlx5_4,0.000,0.000,0.000,0.000
2025-11-22 14:54:12,mlx5_5,0.550,100.468,61.532,133.984
2025-11-22 14:54:12,mlx5_6,0.000,0.000,0.000,0.000
2025-11-22 14:54:12,mlx5_7,0.000,0.000,0.000,0.000
2025-11-22 14:54:12,mlx5_8,0.000,0.000,0.000,0.000
2025-11-22 14:54:12,mlx5_9,0.000,0.000,0.000,0.000
2025-11-22 14:54:12,TOTAL,1.049,198.317,122.419,264.483
2025-11-22 14:54:13,mlx5_0,0.000,0.000,0.000,0.000
2025-11-22 14:54:13,mlx5_1,0.273,44.671,60.921,136.112
2025-11-22 14:54:13,mlx5_2,0.000,0.000,0.000,0.000
2025-11-22 14:54:13,mlx5_3,0.000,0.000,0.000,0.000
2025-11-22 14:54:13,mlx5_4,0.000,0.000,0.000,0.000
2025-11-22 14:54:13,mlx5_5,0.293,45.144,61.569,139.656
2025-11-22 14:54:13,mlx5_6,0.000,0.000,0.000,0.000
2025-11-22 14:54:13,mlx5_7,0.000,0.000,0.000,0.000
2025-11-22 14:54:13,mlx5_8,0.000,0.000,0.000,0.000
2025-11-22 14:54:13,mlx5_9,0.000,0.000,0.000,0.000
2025-11-22 14:54:13,TOTAL,0.566,89.815,122.490,275.768
2025-11-22 14:54:14,mlx5_0,0.000,0.000,0.000,0.000
2025-11-22 14:54:14,mlx5_1,0.000,0.000,60.921,136.112
2025-11-22 14:54:14,mlx5_2,0.000,0.000,0.000,0.000
2025-11-22 14:54:14,mlx5_3,0.000,0.000,0.000,0.000
2025-11-22 14:54:14,mlx5_4,0.000,0.000,0.000,0.000
2025-11-22 14:54:14,mlx5_5,0.000,0.000,61.569,139.656
2025-11-22 14:54:14,mlx5_6,0.000,0.000,0.000,0.000
2025-11-22 14:54:14,mlx5_7,0.000,0.000,0.000,0.000
2025-11-22 14:54:14,mlx5_8,0.000,0.000,0.000,0.000
2025-11-22 14:54:14,mlx5_9,0.000,0.000,0.000,0.000
2025-11-22 14:54:14,TOTAL,0.000,0.000,122.490,275.768
2025-11-22 14:54:15,mlx5_0,0.000,0.000,0.000,0.000
2025-11-22 14:54:15,mlx5_1,0.000,0.000,60.921,136.112
2025-11-22 14:54:15,mlx5_2,0.000,0.000,0.000,0.000
2025-11-22 14:54:15,mlx5_3,0.000,0.000,0.000,0.000
2025-11-22 14:54:15,mlx5_4,0.000,0.000,0.000,0.000
2025-11-22 14:54:15,mlx5_5,0.000,0.000,61.569,139.656
2025-11-22 14:54:15,mlx5_6,0.000,0.000,0.000,0.000
2025-11-22 14:54:15,mlx5_7,0.000,0.000,0.000,0.000
2025-11-22 14:54:15,mlx5_8,0.000,0.000,0.000,0.000
2025-11-22 14:54:15,mlx5_9,0.000,0.000,0.000,0.000
2025-11-22 14:54:15,TOTAL,0.000,0.000,122.490,275.768
2025-11-22 14:54:16,mlx5_0,0.000,0.000,0.000,0.000
2025-11-22 14:54:16,mlx5_1,0.000,0.000,60.921,136.112
2025-11-22 14:54:16,mlx5_2,0.000,0.000,0.000,0.000
2025-11-22 14:54:16,mlx5_3,0.000,0.000,0.000,0.000
2025-11-22 14:54:16,mlx5_4,0.000,0.000,0.000,0.000
2025-11-22 14:54:16,mlx5_5,0.000,0.000,61.569,139.656
2025-11-22 14:54:16,mlx5_6,0.000,0.000,0.000,0.000
2025-11-22 14:54:16,mlx5_7,0.000,0.000,0.000,0.000
2025-11-22 14:54:16,mlx5_8,0.000,0.000,0.000,0.000
2025-11-22 14:54:16,mlx5_9,0.000,0.000,0.000,0.000
2025-11-22 14:54:16,TOTAL,0.000,0.000,122.490,275.768
2025-11-22 14:54:17,mlx5_0,0.000,0.000,0.000,0.000
2025-11-22 14:54:17,mlx5_1,0.000,0.000,60.921,136.112
2025-11-22 14:54:17,mlx5_2,0.000,0.000,0.000,0.000
2025-11-22 14:54:17,mlx5_3,0.000,0.000,0.000,0.000
2025-11-22 14:54:17,mlx5_4,0.000,0.000,0.000,0.000
2025-11-22 14:54:17,mlx5_5,0.000,0.000,61.569,139.656
2025-11-22 14:54:17,mlx5_6,0.000,0.000,0.000,0.000
2025-11-22 14:54:17,mlx5_7,0.000,0.000,0.000,0.000
2025-11-22 14:54:17,mlx5_8,0.000,0.000,0.000,0.000
2025-11-22 14:54:17,mlx5_9,0.000,0.000,0.000,0.000
2025-11-22 14:54:17,TOTAL,0.000,0.000,122.490,275.768
2025-11-22 14:54:18,mlx5_0,0.000,0.000,0.000,0.000
2025-11-22 14:54:18,mlx5_1,0.000,0.000,60.921,136.112
2025-11-22 14:54:18,mlx5_2,0.000,0.000,0.000,0.000
2025-11-22 14:54:18,mlx5_3,0.000,0.000,0.000,0.000
2025-11-22 14:54:18,mlx5_4,0.000,0.000,0.000,0.000
2025-11-22 14:54:18,mlx5_5,0.000,0.000,61.569,139.656
2025-11-22 14:54:18,mlx5_6,0.000,0.000,0.000,0.000
2025-11-22 14:54:18,mlx5_7,0.000,0.000,0.000,0.000
2025-11-22 14:54:18,mlx5_8,0.000,0.000,0.000,0.000
2025-11-22 14:54:18,mlx5_9,0.000,0.000,0.000,0.000
2025-11-22 14:54:18,TOTAL,0.000,0.000,122.490,275.768
2025-11-22 14:54:19,mlx5_0,0.000,0.000,0.000,0.000
2025-11-22 14:54:19,mlx5_1,0.000,0.000,60.921,136.112
2025-11-22 14:54:19,mlx5_2,0.000,0.000,0.000,0.000
2025-11-22 14:54:19,mlx5_3,0.000,0.000,0.000,0.000
2025-11-22 14:54:19,mlx5_4,0.000,0.000,0.000,0.000
2025-11-22 14:54:19,mlx5_5,0.000,0.000,61.569,139.656
2025-11-22 14:54:19,mlx5_6,0.000,0.000,0.000,0.000
2025-11-22 14:54:19,mlx5_7,0.000,0.000,0.000,0.000
2025-11-22 14:54:19,mlx5_8,0.000,0.000,0.000,0.000
2025-11-22 14:54:19,mlx5_9,0.000,0.000,0.000,0.000
2025-11-22 14:54:19,TOTAL,0.000,0.000,122.490,275.768
2025-11-22 14:54:20,mlx5_0,0.000,0.000,0.000,0.000
2025-11-22 14:54:20,mlx5_1,0.000,0.000,60.921,136.112
2025-11-22 14:54:20,mlx5_2,0.000,0.000,0.000,0.000
2025-11-22 14:54:20,mlx5_3,0.000,0.000,0.000,0.000
2025-11-22 14:54:20,mlx5_4,0.000,0.000,0.000,0.000
2025-11-22 14:54:20,mlx5_5,0.000,0.000,61.569,139.656
2025-11-22 14:54:20,mlx5_6,0.000,0.000,0.000,0.000
2025-11-22 14:54:20,mlx5_7,0.000,0.000,0.000,0.000
2025-11-22 14:54:20,mlx5_8,0.000,0.000,0.000,0.000
2025-11-22 14:54:20,mlx5_9,0.000,0.000,0.000,0.000
2025-11-22 14:54:20,TOTAL,0.000,0.000,122.490,275.768
2025-11-22 14:54:21,mlx5_0,0.000,0.000,0.000,0.000
2025-11-22 14:54:21,mlx5_1,0.000,0.000,60.921,136.112
2025-11-22 14:54:21,mlx5_2,0.000,0.000,0.000,0.000
2025-11-22 14:54:21,mlx5_3,0.000,0.000,0.000,0.000
2025-11-22 14:54:21,mlx5_4,0.000,0.000,0.000,0.000
2025-11-22 14:54:21,mlx5_5,0.000,0.000,61.569,139.656
2025-11-22 14:54:21,mlx5_6,0.000,0.000,0.000,0.000
2025-11-22 14:54:21,mlx5_7,0.000,0.000,0.000,0.000
2025-11-22 14:54:21,mlx5_8,0.000,0.000,0.000,0.000
2025-11-22 14:54:21,mlx5_9,0.000,0.000,0.000,0.000
2025-11-22 14:54:21,TOTAL,0.000,0.000,122.490,275.768
2025-11-22 14:54:22,mlx5_0,0.000,0.000,0.000,0.000
2025-11-22 14:54:22,mlx5_1,0.000,0.000,60.921,136.112
2025-11-22 14:54:22,mlx5_2,0.000,0.000,0.000,0.000
2025-11-22 14:54:22,mlx5_3,0.000,0.000,0.000,0.000
2025-11-22 14:54:22,mlx5_4,0.000,0.000,0.000,0.000
2025-11-22 14:54:22,mlx5_5,0.000,0.000,61.569,139.656
2025-11-22 14:54:22,mlx5_6,0.000,0.000,0.000,0.000
2025-11-22 14:54:22,mlx5_7,0.000,0.000,0.000,0.000
2025-11-22 14:54:22,mlx5_8,0.000,0.000,0.000,0.000
2025-11-22 14:54:22,mlx5_9,0.000,0.000,0.000,0.000
2025-11-22 14:54:22,TOTAL,0.000,0.000,122.490,275.768
2025-11-22 14:54:23,mlx5_0,0.000,0.000,0.000,0.000
2025-11-22 14:54:23,mlx5_1,0.000,0.000,60.921,136.112
2025-11-22 14:54:23,mlx5_2,0.000,0.000,0.000,0.000
2025-11-22 14:54:23,mlx5_3,0.000,0.000,0.000,0.000
2025-11-22 14:54:23,mlx5_4,0.000,0.000,0.000,0.000
2025-11-22 14:54:23,mlx5_5,0.000,0.000,61.569,139.656
2025-11-22 14:54:23,mlx5_6,0.000,0.000,0.000,0.000
2025-11-22 14:54:23,mlx5_7,0.000,0.000,0.000,0.000
2025-11-22 14:54:23,mlx5_8,0.000,0.000,0.000,0.000
2025-11-22 14:54:23,mlx5_9,0.000,0.000,0.000,0.000
2025-11-22 14:54:23,TOTAL,0.000,0.000,122.490,275.768
2025-11-22 14:54:24,mlx5_0,0.000,0.000,0.000,0.000
2025-11-22 14:54:24,mlx5_1,0.000,0.000,60.921,136.112
2025-11-22 14:54:24,mlx5_2,0.000,0.000,0.000,0.000
2025-11-22 14:54:24,mlx5_3,0.000,0.000,0.000,0.000
2025-11-22 14:54:24,mlx5_4,0.000,0.000,0.000,0.000
2025-11-22 14:54:24,mlx5_5,0.000,0.000,61.569,139.656
2025-11-22 14:54:24,mlx5_6,0.000,0.000,0.000,0.000
2025-11-22 14:54:24,mlx5_7,0.000,0.000,0.000,0.000
2025-11-22 14:54:24,mlx5_8,0.000,0.000,0.000,0.000
2025-11-22 14:54:24,mlx5_9,0.000,0.000,0.000,0.000
2025-11-22 14:54:24,TOTAL,0.000,0.000,122.490,275.768
2025-11-22 14:54:25,mlx5_0,0.000,0.000,0.000,0.000
2025-11-22 14:54:25,mlx5_1,0.000,0.000,60.921,136.112
2025-11-22 14:54:25,mlx5_2,0.000,0.000,0.000,0.000
2025-11-22 14:54:25,mlx5_3,0.000,0.000,0.000,0.000
2025-11-22 14:54:25,mlx5_4,0.000,0.000,0.000,0.000
2025-11-22 14:54:25,mlx5_5,0.000,0.000,61.569,139.656
2025-11-22 14:54:25,mlx5_6,0.000,0.000,0.000,0.000
2025-11-22 14:54:25,mlx5_7,0.000,0.000,0.000,0.000
2025-11-22 14:54:25,mlx5_8,0.000,0.000,0.000,0.000
2025-11-22 14:54:25,mlx5_9,0.000,0.000,0.000,0.000
2025-11-22 14:54:25,TOTAL,0.000,0.000,122.490,275.768
2025-11-22 14:54:26,mlx5_0,0.000,0.000,0.000,0.000
2025-11-22 14:54:26,mlx5_1,0.000,0.000,60.921,136.112
2025-11-22 14:54:26,mlx5_2,0.000,0.000,0.000,0.000
2025-11-22 14:54:26,mlx5_3,0.000,0.000,0.000,0.000
2025-11-22 14:54:26,mlx5_4,0.000,0.000,0.000,0.000
2025-11-22 14:54:26,mlx5_5,0.000,0.000,61.569,139.656
2025-11-22 14:54:26,mlx5_6,0.000,0.000,0.000,0.000
2025-11-22 14:54:26,mlx5_7,0.000,0.000,0.000,0.000
2025-11-22 14:54:26,mlx5_8,0.000,0.000,0.000,0.000
2025-11-22 14:54:26,mlx5_9,0.000,0.000,0.000,0.000
2025-11-22 14:54:26,TOTAL,0.000,0.000,122.490,275.768
2025-11-22 14:54:27,mlx5_0,0.000,0.000,0.000,0.000
2025-11-22 14:54:27,mlx5_1,0.000,0.000,60.921,136.112
2025-11-22 14:54:27,mlx5_2,0.000,0.000,0.000,0.000
2025-11-22 14:54:27,mlx5_3,0.000,0.000,0.000,0.000
2025-11-22 14:54:27,mlx5_4,0.000,0.000,0.000,0.000
2025-11-22 14:54:27,mlx5_5,0.000,0.000,61.569,139.656
2025-11-22 14:54:27,mlx5_6,0.000,0.000,0.000,0.000
2025-11-22 14:54:27,mlx5_7,0.000,0.000,0.000,0.000
2025-11-22 14:54:27,mlx5_8,0.000,0.000,0.000,0.000
2025-11-22 14:54:27,mlx5_9,0.000,0.000,0.000,0.000
2025-11-22 14:54:27,TOTAL,0.000,0.000,122.490,275.768
2025-11-22 14:54:28,mlx5_0,0.000,0.000,0.000,0.000
2025-11-22 14:54:28,mlx5_1,0.000,0.000,60.921,136.112
2025-11-22 14:54:28,mlx5_2,0.000,0.000,0.000,0.000
2025-11-22 14:54:28,mlx5_3,0.000,0.000,0.000,0.000
2025-11-22 14:54:28,mlx5_4,0.000,0.000,0.000,0.000
2025-11-22 14:54:28,mlx5_5,0.000,0.000,61.569,139.656
2025-11-22 14:54:28,mlx5_6,0.000,0.000,0.000,0.000
2025-11-22 14:54:28,mlx5_7,0.000,0.000,0.000,0.000
2025-11-22 14:54:28,mlx5_8,0.000,0.000,0.000,0.000
2025-11-22 14:54:28,mlx5_9,0.000,0.000,0.000,0.000
2025-11-22 14:54:28,TOTAL,0.000,0.000,122.490,275.768
2025-11-22 14:54:29,mlx5_0,0.000,0.000,0.000,0.000
2025-11-22 14:54:29,mlx5_1,0.000,0.000,60.921,136.112
2025-11-22 14:54:29,mlx5_2,0.000,0.000,0.000,0.000
2025-11-22 14:54:29,mlx5_3,0.000,0.000,0.000,0.000
2025-11-22 14:54:29,mlx5_4,0.000,0.000,0.000,0.000
2025-11-22 14:54:29,mlx5_5,0.000,0.000,61.569,139.656
2025-11-22 14:54:29,mlx5_6,0.000,0.000,0.000,0.000
2025-11-22 14:54:29,mlx5_7,0.000,0.000,0.000,0.000
2025-11-22 14:54:29,mlx5_8,0.000,0.000,0.000,0.000
2025-11-22 14:54:29,mlx5_9,0.000,0.000,0.000,0.000
2025-11-22 14:54:29,TOTAL,0.000,0.000,122.490,275.768
2025-11-22 14:54:30,mlx5_0,0.000,0.000,0.000,0.000
2025-11-22 14:54:30,mlx5_1,0.136,21.896,60.938,138.863
2025-11-22 14:54:30,mlx5_2,0.000,0.000,0.000,0.000
2025-11-22 14:54:30,mlx5_3,0.000,0.000,0.000,0.000
2025-11-22 14:54:30,mlx5_4,0.000,0.000,0.000,0.000
2025-11-22 14:54:30,mlx5_5,0.153,22.494,61.588,142.481
2025-11-22 14:54:30,mlx5_6,0.000,0.000,0.000,0.000
2025-11-22 14:54:30,mlx5_7,0.000,0.000,0.000,0.000
2025-11-22 14:54:30,mlx5_8,0.000,0.000,0.000,0.000
2025-11-22 14:54:30,mlx5_9,0.000,0.000,0.000,0.000
2025-11-22 14:54:30,TOTAL,0.289,44.390,122.526,281.344
2025-11-22 14:54:31,mlx5_0,0.000,0.000,0.000,0.000
2025-11-22 14:54:31,mlx5_1,18.592,0.022,63.273,138.865
2025-11-22 14:54:31,mlx5_2,0.000,0.000,0.000,0.000
2025-11-22 14:54:31,mlx5_3,0.000,0.000,0.000,0.000
2025-11-22 14:54:31,mlx5_4,0.000,0.000,0.000,0.000
2025-11-22 14:54:31,mlx5_5,18.637,0.023,63.929,142.484
2025-11-22 14:54:31,mlx5_6,0.000,0.000,0.000,0.000
2025-11-22 14:54:31,mlx5_7,0.000,0.000,0.000,0.000
2025-11-22 14:54:31,mlx5_8,0.000,0.000,0.000,0.000
2025-11-22 14:54:31,mlx5_9,0.000,0.000,0.000,0.000
2025-11-22 14:54:31,TOTAL,37.229,0.045,127.202,281.349
2025-11-22 14:54:32,mlx5_0,0.000,0.000,0.000,0.000
2025-11-22 14:54:32,mlx5_1,0.000,0.000,63.273,138.865
2025-11-22 14:54:32,mlx5_2,0.000,0.000,0.000,0.000
2025-11-22 14:54:32,mlx5_3,0.000,0.000,0.000,0.000
2025-11-22 14:54:32,mlx5_4,0.000,0.000,0.000,0.000
2025-11-22 14:54:32,mlx5_5,0.000,0.000,63.929,142.484
2025-11-22 14:54:32,mlx5_6,0.000,0.000,0.000,0.000
2025-11-22 14:54:32,mlx5_7,0.000,0.000,0.000,0.000
2025-11-22 14:54:32,mlx5_8,0.000,0.000,0.000,0.000
2025-11-22 14:54:32,mlx5_9,0.000,0.000,0.000,0.000
2025-11-22 14:54:32,TOTAL,0.000,0.000,127.202,281.349
2025-11-22 14:54:33,mlx5_0,0.000,0.000,0.000,0.000
2025-11-22 14:54:33,mlx5_1,18.558,0.022,65.605,138.868
2025-11-22 14:54:33,mlx5_2,0.000,0.000,0.000,0.000
2025-11-22 14:54:33,mlx5_3,0.000,0.000,0.000,0.000
2025-11-22 14:54:33,mlx5_4,0.000,0.000,0.000,0.000
2025-11-22 14:54:33,mlx5_5,18.663,0.023,66.274,142.487
2025-11-22 14:54:33,mlx5_6,0.000,0.000,0.000,0.000
2025-11-22 14:54:33,mlx5_7,0.000,0.000,0.000,0.000
2025-11-22 14:54:33,mlx5_8,0.000,0.000,0.000,0.000
2025-11-22 14:54:33,mlx5_9,0.000,0.000,0.000,0.000
2025-11-22 14:54:33,TOTAL,37.220,0.045,131.878,281.355
2025-11-22 14:54:34,mlx5_0,0.000,0.000,0.000,0.000
2025-11-22 14:54:34,mlx5_1,0.000,0.000,65.605,138.868
2025-11-22 14:54:34,mlx5_2,0.000,0.000,0.000,0.000
2025-11-22 14:54:34,mlx5_3,0.000,0.000,0.000,0.000
2025-11-22 14:54:34,mlx5_4,0.000,0.000,0.000,0.000
2025-11-22 14:54:34,mlx5_5,0.000,0.000,66.274,142.487
2025-11-22 14:54:34,mlx5_6,0.000,0.000,0.000,0.000
2025-11-22 14:54:34,mlx5_7,0.000,0.000,0.000,0.000
2025-11-22 14:54:34,mlx5_8,0.000,0.000,0.000,0.000
2025-11-22 14:54:34,mlx5_9,0.000,0.000,0.000,0.000
2025-11-22 14:54:34,TOTAL,0.000,0.000,131.878,281.355
2025-11-22 14:54:35,mlx5_0,0.000,0.000,0.000,0.000
2025-11-22 14:54:35,mlx5_1,18.519,0.022,67.930,138.871
2025-11-22 14:54:35,mlx5_2,0.000,0.000,0.000,0.000
2025-11-22 14:54:35,mlx5_3,0.000,0.000,0.000,0.000
2025-11-22 14:54:35,mlx5_4,0.000,0.000,0.000,0.000
2025-11-22 14:54:35,mlx5_5,18.713,0.023,68.624,142.490
2025-11-22 14:54:35,mlx5_6,0.000,0.000,0.000,0.000
2025-11-22 14:54:35,mlx5_7,0.000,0.000,0.000,0.000
2025-11-22 14:54:35,mlx5_8,0.000,0.000,0.000,0.000
2025-11-22 14:54:35,mlx5_9,0.000,0.000,0.000,0.000
2025-11-22 14:54:35,TOTAL,37.232,0.045,136.555,281.361
2025-11-22 14:54:36,mlx5_0,0.000,0.000,0.000,0.000
2025-11-22 14:54:36,mlx5_1,0.000,0.000,67.930,138.871
2025-11-22 14:54:36,mlx5_2,0.000,0.000,0.000,0.000
2025-11-22 14:54:36,mlx5_3,0.000,0.000,0.000,0.000
2025-11-22 14:54:36,mlx5_4,0.000,0.000,0.000,0.000
2025-11-22 14:54:36,mlx5_5,0.000,0.000,68.624,142.490
2025-11-22 14:54:36,mlx5_6,0.000,0.000,0.000,0.000
2025-11-22 14:54:36,mlx5_7,0.000,0.000,0.000,0.000
2025-11-22 14:54:36,mlx5_8,0.000,0.000,0.000,0.000
2025-11-22 14:54:36,mlx5_9,0.000,0.000,0.000,0.000
2025-11-22 14:54:36,TOTAL,0.000,0.000,136.555,281.361
2025-11-22 14:54:37,mlx5_0,0.000,0.000,0.000,0.000
2025-11-22 14:54:37,mlx5_1,18.518,0.022,70.255,138.874
2025-11-22 14:54:37,mlx5_2,0.000,0.000,0.000,0.000
2025-11-22 14:54:37,mlx5_3,0.000,0.000,0.000,0.000
2025-11-22 14:54:37,mlx5_4,0.000,0.000,0.000,0.000
2025-11-22 14:54:37,mlx5_5,18.733,0.023,70.976,142.493
2025-11-22 14:54:37,mlx5_6,0.000,0.000,0.000,0.000
2025-11-22 14:54:37,mlx5_7,0.000,0.000,0.000,0.000
2025-11-22 14:54:37,mlx5_8,0.000,0.000,0.000,0.000
2025-11-22 14:54:37,mlx5_9,0.000,0.000,0.000,0.000
2025-11-22 14:54:37,TOTAL,37.251,0.045,141.231,281.366
2025-11-22 14:54:38,mlx5_0,0.000,0.000,0.000,0.000
2025-11-22 14:54:38,mlx5_1,0.000,0.000,70.255,138.874
2025-11-22 14:54:38,mlx5_2,0.000,0.000,0.000,0.000
2025-11-22 14:54:38,mlx5_3,0.000,0.000,0.000,0.000
2025-11-22 14:54:38,mlx5_4,0.000,0.000,0.000,0.000
2025-11-22 14:54:38,mlx5_5,0.000,0.000,70.976,142.493
2025-11-22 14:54:38,mlx5_6,0.000,0.000,0.000,0.000
2025-11-22 14:54:38,mlx5_7,0.000,0.000,0.000,0.000
2025-11-22 14:54:38,mlx5_8,0.000,0.000,0.000,0.000
2025-11-22 14:54:38,mlx5_9,0.000,0.000,0.000,0.000
2025-11-22 14:54:38,TOTAL,0.000,0.000,141.231,281.366
2025-11-22 14:54:39,mlx5_0,0.000,0.000,0.000,0.000
2025-11-22 14:54:39,mlx5_1,12.318,0.015,71.802,138.876
2025-11-22 14:54:39,mlx5_2,0.000,0.000,0.000,0.000
2025-11-22 14:54:39,mlx5_3,0.000,0.000,0.000,0.000
2025-11-22 14:54:39,mlx5_4,0.000,0.000,0.000,0.000
2025-11-22 14:54:39,mlx5_5,12.839,0.016,72.588,142.495
2025-11-22 14:54:39,mlx5_6,0.000,0.000,0.000,0.000
2025-11-22 14:54:39,mlx5_7,0.000,0.000,0.000,0.000
2025-11-22 14:54:39,mlx5_8,0.000,0.000,0.000,0.000
2025-11-22 14:54:39,mlx5_9,0.000,0.000,0.000,0.000
2025-11-22 14:54:39,TOTAL,25.157,0.030,144.391,281.370
2025-11-22 14:54:40,mlx5_0,0.000,0.000,0.000,0.000
2025-11-22 14:54:40,mlx5_1,5.100,59.370,72.443,146.335
2025-11-22 14:54:40,mlx5_2,0.000,0.000,0.000,0.000
2025-11-22 14:54:40,mlx5_3,0.000,0.000,0.000,0.000
2025-11-22 14:54:40,mlx5_4,0.000,0.000,0.000,0.000
2025-11-22 14:54:40,mlx5_5,4.602,61.660,73.167,150.242
2025-11-22 14:54:40,mlx5_6,0.000,0.000,0.000,0.000
2025-11-22 14:54:40,mlx5_7,0.000,0.000,0.000,0.000
2025-11-22 14:54:40,mlx5_8,0.000,0.000,0.000,0.000
2025-11-22 14:54:40,mlx5_9,0.000,0.000,0.000,0.000
2025-11-22 14:54:40,TOTAL,9.702,121.030,145.610,296.577
2025-11-22 14:54:41,mlx5_0,0.000,0.000,0.000,0.000
2025-11-22 14:54:41,mlx5_1,0.525,74.676,72.509,155.716
2025-11-22 14:54:41,mlx5_2,0.000,0.000,0.000,0.000
2025-11-22 14:54:41,mlx5_3,0.000,0.000,0.000,0.000
2025-11-22 14:54:41,mlx5_4,0.000,0.000,0.000,0.000
2025-11-22 14:54:41,mlx5_5,0.546,76.738,73.235,159.882
2025-11-22 14:54:41,mlx5_6,0.000,0.000,0.000,0.000
2025-11-22 14:54:41,mlx5_7,0.000,0.000,0.000,0.000
2025-11-22 14:54:41,mlx5_8,0.000,0.000,0.000,0.000
2025-11-22 14:54:41,mlx5_9,0.000,0.000,0.000,0.000
2025-11-22 14:54:41,TOTAL,1.071,151.414,145.744,315.597
2025-11-22 14:54:42,mlx5_0,0.000,0.000,0.000,0.000
2025-11-22 14:54:42,mlx5_1,17.477,0.022,74.705,155.719
2025-11-22 14:54:42,mlx5_2,0.000,0.000,0.000,0.000
2025-11-22 14:54:42,mlx5_3,0.000,0.000,0.000,0.000
2025-11-22 14:54:42,mlx5_4,0.000,0.000,0.000,0.000
2025-11-22 14:54:42,mlx5_5,17.411,0.022,75.423,159.884
2025-11-22 14:54:42,mlx5_6,0.000,0.000,0.000,0.000
2025-11-22 14:54:42,mlx5_7,0.000,0.000,0.000,0.000
2025-11-22 14:54:42,mlx5_8,0.000,0.000,0.000,0.000
2025-11-22 14:54:42,mlx5_9,0.000,0.000,0.000,0.000
2025-11-22 14:54:42,TOTAL,34.889,0.044,150.128,315.603
2025-11-22 14:54:43,mlx5_0,0.000,0.000,0.000,0.000
2025-11-22 14:54:43,mlx5_1,0.000,0.000,74.705,155.719
2025-11-22 14:54:43,mlx5_2,0.000,0.000,0.000,0.000
2025-11-22 14:54:43,mlx5_3,0.000,0.000,0.000,0.000
2025-11-22 14:54:43,mlx5_4,0.000,0.000,0.000,0.000
2025-11-22 14:54:43,mlx5_5,0.000,0.000,75.423,159.884
2025-11-22 14:54:43,mlx5_6,0.000,0.000,0.000,0.000
2025-11-22 14:54:43,mlx5_7,0.000,0.000,0.000,0.000
2025-11-22 14:54:43,mlx5_8,0.000,0.000,0.000,0.000
2025-11-22 14:54:43,mlx5_9,0.000,0.000,0.000,0.000
2025-11-22 14:54:43,TOTAL,0.000,0.000,150.128,315.603
2025-11-22 14:54:44,mlx5_0,0.000,0.000,0.000,0.000
2025-11-22 14:54:44,mlx5_1,18.488,0.022,77.027,155.721
2025-11-22 14:54:44,mlx5_2,0.000,0.000,0.000,0.000
2025-11-22 14:54:44,mlx5_3,0.000,0.000,0.000,0.000
2025-11-22 14:54:44,mlx5_4,0.000,0.000,0.000,0.000
2025-11-22 14:54:44,mlx5_5,18.738,0.023,77.777,159.887
2025-11-22 14:54:44,mlx5_6,0.000,0.000,0.000,0.000
2025-11-22 14:54:44,mlx5_7,0.000,0.000,0.000,0.000
2025-11-22 14:54:44,mlx5_8,0.000,0.000,0.000,0.000
2025-11-22 14:54:44,mlx5_9,0.000,0.000,0.000,0.000
2025-11-22 14:54:44,TOTAL,37.226,0.045,154.804,315.609
2025-11-22 14:54:45,mlx5_0,0.000,0.000,0.000,0.000
2025-11-22 14:54:45,mlx5_1,0.000,0.000,77.027,155.721
2025-11-22 14:54:45,mlx5_2,0.000,0.000,0.000,0.000
2025-11-22 14:54:45,mlx5_3,0.000,0.000,0.000,0.000
2025-11-22 14:54:45,mlx5_4,0.000,0.000,0.000,0.000
2025-11-22 14:54:45,mlx5_5,0.000,0.000,77.777,159.887
2025-11-22 14:54:45,mlx5_6,0.000,0.000,0.000,0.000
2025-11-22 14:54:45,mlx5_7,0.000,0.000,0.000,0.000
2025-11-22 14:54:45,mlx5_8,0.000,0.000,0.000,0.000
2025-11-22 14:54:45,mlx5_9,0.000,0.000,0.000,0.000
2025-11-22 14:54:45,TOTAL,0.000,0.000,154.804,315.609
2025-11-22 14:54:46,mlx5_0,0.000,0.000,0.000,0.000
2025-11-22 14:54:46,mlx5_1,18.626,0.022,79.367,155.724
2025-11-22 14:54:46,mlx5_2,0.000,0.000,0.000,0.000
2025-11-22 14:54:46,mlx5_3,0.000,0.000,0.000,0.000
2025-11-22 14:54:46,mlx5_4,0.000,0.000,0.000,0.000
2025-11-22 14:54:46,mlx5_5,18.601,0.023,80.113,159.890
2025-11-22 14:54:46,mlx5_6,0.000,0.000,0.000,0.000
2025-11-22 14:54:46,mlx5_7,0.000,0.000,0.000,0.000
2025-11-22 14:54:46,mlx5_8,0.000,0.000,0.000,0.000
2025-11-22 14:54:46,mlx5_9,0.000,0.000,0.000,0.000
2025-11-22 14:54:46,TOTAL,37.227,0.045,159.480,315.614
2025-11-22 14:54:47,mlx5_0,0.000,0.000,0.000,0.000
2025-11-22 14:54:47,mlx5_1,0.000,0.000,79.367,155.724
2025-11-22 14:54:47,mlx5_2,0.000,0.000,0.000,0.000
2025-11-22 14:54:47,mlx5_3,0.000,0.000,0.000,0.000
2025-11-22 14:54:47,mlx5_4,0.000,0.000,0.000,0.000
2025-11-22 14:54:47,mlx5_5,0.000,0.000,80.113,159.890
2025-11-22 14:54:47,mlx5_6,0.000,0.000,0.000,0.000
2025-11-22 14:54:47,mlx5_7,0.000,0.000,0.000,0.000
2025-11-22 14:54:47,mlx5_8,0.000,0.000,0.000,0.000
2025-11-22 14:54:47,mlx5_9,0.000,0.000,0.000,0.000
2025-11-22 14:54:47,TOTAL,0.000,0.000,159.480,315.614
2025-11-22 14:54:48,mlx5_0,0.000,0.000,0.000,0.000
2025-11-22 14:54:48,mlx5_1,18.572,21.897,81.698,158.472
2025-11-22 14:54:48,mlx5_2,0.000,0.000,0.000,0.000
2025-11-22 14:54:48,mlx5_3,0.000,0.000,0.000,0.000
2025-11-22 14:54:48,mlx5_4,0.000,0.000,0.000,0.000
2025-11-22 14:54:48,mlx5_5,18.884,22.558,82.483,162.721
2025-11-22 14:54:48,mlx5_6,0.000,0.000,0.000,0.000
2025-11-22 14:54:48,mlx5_7,0.000,0.000,0.000,0.000
2025-11-22 14:54:48,mlx5_8,0.000,0.000,0.000,0.000
2025-11-22 14:54:48,mlx5_9,0.000,0.000,0.000,0.000
2025-11-22 14:54:48,TOTAL,37.456,44.455,164.181,321.193
2025-11-22 14:54:49,mlx5_0,0.000,0.000,0.000,0.000
2025-11-22 14:54:49,mlx5_1,0.000,0.000,81.698,158.472
2025-11-22 14:54:49,mlx5_2,0.000,0.000,0.000,0.000
2025-11-22 14:54:49,mlx5_3,0.000,0.000,0.000,0.000
2025-11-22 14:54:49,mlx5_4,0.000,0.000,0.000,0.000
2025-11-22 14:54:49,mlx5_5,0.000,0.000,82.483,162.721
2025-11-22 14:54:49,mlx5_6,0.000,0.000,0.000,0.000
2025-11-22 14:54:49,mlx5_7,0.000,0.000,0.000,0.000
2025-11-22 14:54:49,mlx5_8,0.000,0.000,0.000,0.000
2025-11-22 14:54:49,mlx5_9,0.000,0.000,0.000,0.000
2025-11-22 14:54:49,TOTAL,0.000,0.000,164.181,321.193
2025-11-22 14:54:50,mlx5_0,0.000,0.000,0.000,0.000
2025-11-22 14:54:50,mlx5_1,0.000,0.000,81.698,158.472
2025-11-22 14:54:50,mlx5_2,0.000,0.000,0.000,0.000
2025-11-22 14:54:50,mlx5_3,0.000,0.000,0.000,0.000
2025-11-22 14:54:50,mlx5_4,0.000,0.000,0.000,0.000
2025-11-22 14:54:50,mlx5_5,0.000,0.000,82.483,162.721
2025-11-22 14:54:50,mlx5_6,0.000,0.000,0.000,0.000
2025-11-22 14:54:50,mlx5_7,0.000,0.000,0.000,0.000
2025-11-22 14:54:50,mlx5_8,0.000,0.000,0.000,0.000
2025-11-22 14:54:50,mlx5_9,0.000,0.000,0.000,0.000
2025-11-22 14:54:50,TOTAL,0.000,0.000,164.181,321.193
2025-11-22 14:54:51,mlx5_0,0.000,0.000,0.000,0.000
2025-11-22 14:54:51,mlx5_1,19.202,0.024,84.110,158.475
2025-11-22 14:54:51,mlx5_2,0.000,0.000,0.000,0.000
2025-11-22 14:54:51,mlx5_3,0.000,0.000,0.000,0.000
2025-11-22 14:54:51,mlx5_4,0.000,0.000,0.000,0.000
2025-11-22 14:54:51,mlx5_5,19.552,0.024,84.939,162.724
2025-11-22 14:54:51,mlx5_6,0.000,0.000,0.000,0.000
2025-11-22 14:54:51,mlx5_7,0.000,0.000,0.000,0.000
2025-11-22 14:54:51,mlx5_8,0.000,0.000,0.000,0.000
2025-11-22 14:54:51,mlx5_9,0.000,0.000,0.000,0.000
2025-11-22 14:54:51,TOTAL,38.754,0.048,169.049,321.199
2025-11-22 14:54:52,mlx5_0,0.000,0.000,0.000,0.000
2025-11-22 14:54:52,mlx5_1,18.628,0.022,86.450,158.478
2025-11-22 14:54:52,mlx5_2,0.000,0.000,0.000,0.000
2025-11-22 14:54:52,mlx5_3,0.000,0.000,0.000,0.000
2025-11-22 14:54:52,mlx5_4,0.000,0.000,0.000,0.000
2025-11-22 14:54:52,mlx5_5,18.589,0.023,87.275,162.727
2025-11-22 14:54:52,mlx5_6,0.000,0.000,0.000,0.000
2025-11-22 14:54:52,mlx5_7,0.000,0.000,0.000,0.000
2025-11-22 14:54:52,mlx5_8,0.000,0.000,0.000,0.000
2025-11-22 14:54:52,mlx5_9,0.000,0.000,0.000,0.000
2025-11-22 14:54:52,TOTAL,37.217,0.045,173.725,321.205
2025-11-22 14:54:53,mlx5_0,0.000,0.000,0.000,0.000
2025-11-22 14:54:53,mlx5_1,0.000,0.000,86.450,158.478
2025-11-22 14:54:53,mlx5_2,0.000,0.000,0.000,0.000
2025-11-22 14:54:53,mlx5_3,0.000,0.000,0.000,0.000
2025-11-22 14:54:53,mlx5_4,0.000,0.000,0.000,0.000
2025-11-22 14:54:53,mlx5_5,0.000,0.000,87.275,162.727
2025-11-22 14:54:53,mlx5_6,0.000,0.000,0.000,0.000
2025-11-22 14:54:53,mlx5_7,0.000,0.000,0.000,0.000
2025-11-22 14:54:53,mlx5_8,0.000,0.000,0.000,0.000
2025-11-22 14:54:53,mlx5_9,0.000,0.000,0.000,0.000
2025-11-22 14:54:53,TOTAL,0.000,0.000,173.725,321.205
2025-11-22 14:54:54,mlx5_0,0.000,0.000,0.000,0.000
2025-11-22 14:54:54,mlx5_1,18.492,0.022,88.773,158.481
2025-11-22 14:54:54,mlx5_2,0.000,0.000,0.000,0.000
2025-11-22 14:54:54,mlx5_3,0.000,0.000,0.000,0.000
2025-11-22 14:54:54,mlx5_4,0.000,0.000,0.000,0.000
2025-11-22 14:54:54,mlx5_5,18.736,0.023,89.628,162.730
2025-11-22 14:54:54,mlx5_6,0.000,0.000,0.000,0.000
2025-11-22 14:54:54,mlx5_7,0.000,0.000,0.000,0.000
2025-11-22 14:54:54,mlx5_8,0.000,0.000,0.000,0.000
2025-11-22 14:54:54,mlx5_9,0.000,0.000,0.000,0.000
2025-11-22 14:54:54,TOTAL,37.229,0.045,178.401,321.211
2025-11-22 14:54:55,mlx5_0,0.000,0.000,0.000,0.000
2025-11-22 14:54:55,mlx5_1,0.000,0.000,88.773,158.481
2025-11-22 14:54:55,mlx5_2,0.000,0.000,0.000,0.000
2025-11-22 14:54:55,mlx5_3,0.000,0.000,0.000,0.000
2025-11-22 14:54:55,mlx5_4,0.000,0.000,0.000,0.000
2025-11-22 14:54:55,mlx5_5,0.000,0.000,89.628,162.730
2025-11-22 14:54:55,mlx5_6,0.000,0.000,0.000,0.000
2025-11-22 14:54:55,mlx5_7,0.000,0.000,0.000,0.000
2025-11-22 14:54:55,mlx5_8,0.000,0.000,0.000,0.000
2025-11-22 14:54:55,mlx5_9,0.000,0.000,0.000,0.000
2025-11-22 14:54:55,TOTAL,0.000,0.000,178.401,321.211
2025-11-22 14:54:56,mlx5_0,0.000,0.000,0.000,0.000
2025-11-22 14:54:56,mlx5_1,18.422,0.022,91.087,158.484
2025-11-22 14:54:56,mlx5_2,0.000,0.000,0.000,0.000
2025-11-22 14:54:56,mlx5_3,0.000,0.000,0.000,0.000
2025-11-22 14:54:56,mlx5_4,0.000,0.000,0.000,0.000
2025-11-22 14:54:56,mlx5_5,18.796,0.023,91.990,162.733
2025-11-22 14:54:56,mlx5_6,0.000,0.000,0.000,0.000
2025-11-22 14:54:56,mlx5_7,0.000,0.000,0.000,0.000
2025-11-22 14:54:56,mlx5_8,0.000,0.000,0.000,0.000
2025-11-22 14:54:56,mlx5_9,0.000,0.000,0.000,0.000
2025-11-22 14:54:56,TOTAL,37.218,0.045,183.077,321.217
2025-11-22 14:54:57,mlx5_0,0.000,0.000,0.000,0.000
2025-11-22 14:54:57,mlx5_1,0.000,0.000,91.087,158.484
2025-11-22 14:54:57,mlx5_2,0.000,0.000,0.000,0.000
2025-11-22 14:54:57,mlx5_3,0.000,0.000,0.000,0.000
2025-11-22 14:54:57,mlx5_4,0.000,0.000,0.000,0.000
2025-11-22 14:54:57,mlx5_5,0.000,0.000,91.990,162.733
2025-11-22 14:54:57,mlx5_6,0.000,0.000,0.000,0.000
2025-11-22 14:54:57,mlx5_7,0.000,0.000,0.000,0.000
2025-11-22 14:54:57,mlx5_8,0.000,0.000,0.000,0.000
2025-11-22 14:54:57,mlx5_9,0.000,0.000,0.000,0.000
2025-11-22 14:54:57,TOTAL,0.000,0.000,183.077,321.217
2025-11-22 14:54:58,mlx5_0,0.000,0.000,0.000,0.000
2025-11-22 14:54:58,mlx5_1,18.699,22.067,93.436,161.255
2025-11-22 14:54:58,mlx5_2,0.000,0.000,0.000,0.000
2025-11-22 14:54:58,mlx5_3,0.000,0.000,0.000,0.000
2025-11-22 14:54:58,mlx5_4,0.000,0.000,0.000,0.000
2025-11-22 14:54:58,mlx5_5,18.744,22.351,94.344,165.540
2025-11-22 14:54:58,mlx5_6,0.000,0.000,0.000,0.000
2025-11-22 14:54:58,mlx5_7,0.000,0.000,0.000,0.000
2025-11-22 14:54:58,mlx5_8,0.000,0.000,0.000,0.000
2025-11-22 14:54:58,mlx5_9,0.000,0.000,0.000,0.000
2025-11-22 14:54:58,TOTAL,37.442,44.418,187.780,326.796
2025-11-22 14:54:59,mlx5_0,0.000,0.000,0.000,0.000
2025-11-22 14:54:59,mlx5_1,0.000,0.000,93.436,161.255
2025-11-22 14:54:59,mlx5_2,0.000,0.000,0.000,0.000
2025-11-22 14:54:59,mlx5_3,0.000,0.000,0.000,0.000
2025-11-22 14:54:59,mlx5_4,0.000,0.000,0.000,0.000
2025-11-22 14:54:59,mlx5_5,0.000,0.000,94.344,165.540
2025-11-22 14:54:59,mlx5_6,0.000,0.000,0.000,0.000
2025-11-22 14:54:59,mlx5_7,0.000,0.000,0.000,0.000
2025-11-22 14:54:59,mlx5_8,0.000,0.000,0.000,0.000
2025-11-22 14:54:59,mlx5_9,0.000,0.000,0.000,0.000
2025-11-22 14:54:59,TOTAL,0.000,0.000,187.780,326.796
2025-11-22 14:55:00,mlx5_0,0.000,0.000,0.000,0.000
2025-11-22 14:55:00,mlx5_1,0.000,0.000,93.436,161.255
2025-11-22 14:55:00,mlx5_2,0.000,0.000,0.000,0.000
2025-11-22 14:55:00,mlx5_3,0.000,0.000,0.000,0.000
2025-11-22 14:55:00,mlx5_4,0.000,0.000,0.000,0.000
2025-11-22 14:55:00,mlx5_5,0.000,0.000,94.344,165.540
2025-11-22 14:55:00,mlx5_6,0.000,0.000,0.000,0.000
2025-11-22 14:55:00,mlx5_7,0.000,0.000,0.000,0.000
2025-11-22 14:55:00,mlx5_8,0.000,0.000,0.000,0.000
2025-11-22 14:55:00,mlx5_9,0.000,0.000,0.000,0.000
2025-11-22 14:55:00,TOTAL,0.000,0.000,187.780,326.796
2025-11-22 14:55:01,mlx5_0,0.000,0.000,0.000,0.000
2025-11-22 14:55:01,mlx5_1,18.128,0.022,95.713,161.258
2025-11-22 14:55:01,mlx5_2,0.000,0.000,0.000,0.000
2025-11-22 14:55:01,mlx5_3,0.000,0.000,0.000,0.000
2025-11-22 14:55:01,mlx5_4,0.000,0.000,0.000,0.000
2025-11-22 14:55:01,mlx5_5,18.296,0.023,96.643,165.543
2025-11-22 14:55:01,mlx5_6,0.000,0.000,0.000,0.000
2025-11-22 14:55:01,mlx5_7,0.000,0.000,0.000,0.000
2025-11-22 14:55:01,mlx5_8,0.000,0.000,0.000,0.000
2025-11-22 14:55:01,mlx5_9,0.000,0.000,0.000,0.000
2025-11-22 14:55:01,TOTAL,36.425,0.045,192.356,326.801
2025-11-22 14:55:02,mlx5_0,0.000,0.000,0.000,0.000
2025-11-22 14:55:02,mlx5_1,18.610,0.023,98.052,161.261
2025-11-22 14:55:02,mlx5_2,0.000,0.000,0.000,0.000
2025-11-22 14:55:02,mlx5_3,0.000,0.000,0.000,0.000
2025-11-22 14:55:02,mlx5_4,0.000,0.000,0.000,0.000
2025-11-22 14:55:02,mlx5_5,18.605,0.023,98.980,165.546
2025-11-22 14:55:02,mlx5_6,0.000,0.000,0.000,0.000
2025-11-22 14:55:02,mlx5_7,0.000,0.000,0.000,0.000
2025-11-22 14:55:02,mlx5_8,0.000,0.000,0.000,0.000
2025-11-22 14:55:02,mlx5_9,0.000,0.000,0.000,0.000
2025-11-22 14:55:02,TOTAL,37.214,0.045,197.032,326.807
2025-11-22 14:55:03,mlx5_0,0.000,0.000,0.000,0.000
2025-11-22 14:55:03,mlx5_1,0.000,0.000,98.052,161.261
2025-11-22 14:55:03,mlx5_2,0.000,0.000,0.000,0.000
2025-11-22 14:55:03,mlx5_3,0.000,0.000,0.000,0.000
2025-11-22 14:55:03,mlx5_4,0.000,0.000,0.000,0.000
2025-11-22 14:55:03,mlx5_5,0.000,0.000,98.980,165.546
2025-11-22 14:55:03,mlx5_6,0.000,0.000,0.000,0.000
2025-11-22 14:55:03,mlx5_7,0.000,0.000,0.000,0.000
2025-11-22 14:55:03,mlx5_8,0.000,0.000,0.000,0.000
2025-11-22 14:55:03,mlx5_9,0.000,0.000,0.000,0.000
2025-11-22 14:55:03,TOTAL,0.000,0.000,197.032,326.807
2025-11-22 14:55:04,mlx5_0,0.000,0.000,0.000,0.000
2025-11-22 14:55:04,mlx5_1,18.612,0.022,100.390,161.264
2025-11-22 14:55:04,mlx5_2,0.000,0.000,0.000,0.000
2025-11-22 14:55:04,mlx5_3,0.000,0.000,0.000,0.000
2025-11-22 14:55:04,mlx5_4,0.000,0.000,0.000,0.000
2025-11-22 14:55:04,mlx5_5,18.602,0.023,101.318,165.549
2025-11-22 14:55:04,mlx5_6,0.000,0.000,0.000,0.000
2025-11-22 14:55:04,mlx5_7,0.000,0.000,0.000,0.000
2025-11-22 14:55:04,mlx5_8,0.000,0.000,0.000,0.000
2025-11-22 14:55:04,mlx5_9,0.000,0.000,0.000,0.000
2025-11-22 14:55:04,TOTAL,37.214,0.045,201.708,326.813
2025-11-22 14:55:05,mlx5_0,0.000,0.000,0.000,0.000
2025-11-22 14:55:05,mlx5_1,0.000,0.000,100.390,161.264
2025-11-22 14:55:05,mlx5_2,0.000,0.000,0.000,0.000
2025-11-22 14:55:05,mlx5_3,0.000,0.000,0.000,0.000
2025-11-22 14:55:05,mlx5_4,0.000,0.000,0.000,0.000
2025-11-22 14:55:05,mlx5_5,0.000,0.000,101.318,165.549
2025-11-22 14:55:05,mlx5_6,0.000,0.000,0.000,0.000
2025-11-22 14:55:05,mlx5_7,0.000,0.000,0.000,0.000
2025-11-22 14:55:05,mlx5_8,0.000,0.000,0.000,0.000
2025-11-22 14:55:05,mlx5_9,0.000,0.000,0.000,0.000
2025-11-22 14:55:05,TOTAL,0.000,0.000,201.708,326.813
2025-11-22 14:55:06,mlx5_0,0.000,0.000,0.000,0.000
2025-11-22 14:55:06,mlx5_1,18.490,0.022,102.713,161.267
2025-11-22 14:55:06,mlx5_2,0.000,0.000,0.000,0.000
2025-11-22 14:55:06,mlx5_3,0.000,0.000,0.000,0.000
2025-11-22 14:55:06,mlx5_4,0.000,0.000,0.000,0.000
2025-11-22 14:55:06,mlx5_5,18.737,0.023,103.671,165.552
2025-11-22 14:55:06,mlx5_6,0.000,0.000,0.000,0.000
2025-11-22 14:55:06,mlx5_7,0.000,0.000,0.000,0.000
2025-11-22 14:55:06,mlx5_8,0.000,0.000,0.000,0.000
2025-11-22 14:55:06,mlx5_9,0.000,0.000,0.000,0.000
2025-11-22 14:55:06,TOTAL,37.227,0.045,206.384,326.818
2025-11-22 14:55:07,mlx5_0,0.000,0.000,0.000,0.000
2025-11-22 14:55:07,mlx5_1,0.000,0.000,102.713,161.267
2025-11-22 14:55:07,mlx5_2,0.000,0.000,0.000,0.000
2025-11-22 14:55:07,mlx5_3,0.000,0.000,0.000,0.000
2025-11-22 14:55:07,mlx5_4,0.000,0.000,0.000,0.000
2025-11-22 14:55:07,mlx5_5,0.000,0.000,103.671,165.552
2025-11-22 14:55:07,mlx5_6,0.000,0.000,0.000,0.000
2025-11-22 14:55:07,mlx5_7,0.000,0.000,0.000,0.000
2025-11-22 14:55:07,mlx5_8,0.000,0.000,0.000,0.000
2025-11-22 14:55:07,mlx5_9,0.000,0.000,0.000,0.000
2025-11-22 14:55:07,TOTAL,0.000,0.000,206.384,326.818
2025-11-22 14:55:08,mlx5_0,0.000,0.000,0.000,0.000
2025-11-22 14:55:08,mlx5_1,18.489,7.148,105.035,162.164
2025-11-22 14:55:08,mlx5_2,0.000,0.000,0.000,0.000
2025-11-22 14:55:08,mlx5_3,0.000,0.000,0.000,0.000
2025-11-22 14:55:08,mlx5_4,0.000,0.000,0.000,0.000
2025-11-22 14:55:08,mlx5_5,18.770,7.588,106.029,166.505
2025-11-22 14:55:08,mlx5_6,0.000,0.000,0.000,0.000
2025-11-22 14:55:08,mlx5_7,0.000,0.000,0.000,0.000
2025-11-22 14:55:08,mlx5_8,0.000,0.000,0.000,0.000
2025-11-22 14:55:08,mlx5_9,0.000,0.000,0.000,0.000
2025-11-22 14:55:08,TOTAL,37.259,14.736,211.064,328.669
2025-11-22 14:55:09,mlx5_0,0.000,0.000,0.000,0.000
2025-11-22 14:55:09,mlx5_1,0.075,14.898,105.044,164.036
2025-11-22 14:55:09,mlx5_2,0.000,0.000,0.000,0.000
2025-11-22 14:55:09,mlx5_3,0.000,0.000,0.000,0.000
2025-11-22 14:55:09,mlx5_4,0.000,0.000,0.000,0.000
2025-11-22 14:55:09,mlx5_5,0.080,14.780,106.039,168.361
2025-11-22 14:55:09,mlx5_6,0.000,0.000,0.000,0.000
2025-11-22 14:55:09,mlx5_7,0.000,0.000,0.000,0.000
2025-11-22 14:55:09,mlx5_8,0.000,0.000,0.000,0.000
2025-11-22 14:55:09,mlx5_9,0.000,0.000,0.000,0.000
2025-11-22 14:55:09,TOTAL,0.155,29.678,211.083,332.397
2025-11-22 14:55:10,mlx5_0,0.000,0.000,0.000,0.000
2025-11-22 14:55:10,mlx5_1,0.000,0.000,105.044,164.036
2025-11-22 14:55:10,mlx5_2,0.000,0.000,0.000,0.000
2025-11-22 14:55:10,mlx5_3,0.000,0.000,0.000,0.000
2025-11-22 14:55:10,mlx5_4,0.000,0.000,0.000,0.000
2025-11-22 14:55:10,mlx5_5,0.000,0.000,106.039,168.361
2025-11-22 14:55:10,mlx5_6,0.000,0.000,0.000,0.000
2025-11-22 14:55:10,mlx5_7,0.000,0.000,0.000,0.000
2025-11-22 14:55:10,mlx5_8,0.000,0.000,0.000,0.000
2025-11-22 14:55:10,mlx5_9,0.000,0.000,0.000,0.000
2025-11-22 14:55:10,TOTAL,0.000,0.000,211.083,332.397
2025-11-22 14:55:11,mlx5_0,0.000,0.000,0.000,0.000
2025-11-22 14:55:11,mlx5_1,18.112,0.023,107.320,164.039
2025-11-22 14:55:11,mlx5_2,0.000,0.000,0.000,0.000
2025-11-22 14:55:11,mlx5_3,0.000,0.000,0.000,0.000
2025-11-22 14:55:11,mlx5_4,0.000,0.000,0.000,0.000
2025-11-22 14:55:11,mlx5_5,18.311,0.023,108.339,168.364
2025-11-22 14:55:11,mlx5_6,0.000,0.000,0.000,0.000
2025-11-22 14:55:11,mlx5_7,0.000,0.000,0.000,0.000
2025-11-22 14:55:11,mlx5_8,0.000,0.000,0.000,0.000
2025-11-22 14:55:11,mlx5_9,0.000,0.000,0.000,0.000
2025-11-22 14:55:11,TOTAL,36.423,0.047,215.659,332.403
2025-11-22 14:55:12,mlx5_0,0.000,0.000,0.000,0.000
2025-11-22 14:55:12,mlx5_1,0.000,0.000,107.320,164.039
2025-11-22 14:55:12,mlx5_2,0.000,0.000,0.000,0.000
2025-11-22 14:55:12,mlx5_3,0.000,0.000,0.000,0.000
2025-11-22 14:55:12,mlx5_4,0.000,0.000,0.000,0.000
2025-11-22 14:55:12,mlx5_5,0.000,0.000,108.339,168.364
2025-11-22 14:55:12,mlx5_6,0.000,0.000,0.000,0.000
2025-11-22 14:55:12,mlx5_7,0.000,0.000,0.000,0.000
2025-11-22 14:55:12,mlx5_8,0.000,0.000,0.000,0.000
2025-11-22 14:55:12,mlx5_9,0.000,0.000,0.000,0.000
2025-11-22 14:55:12,TOTAL,0.000,0.000,215.659,332.403
2025-11-22 14:55:13,mlx5_0,0.000,0.000,0.000,0.000
2025-11-22 14:55:13,mlx5_1,18.739,0.023,109.672,164.042
2025-11-22 14:55:13,mlx5_2,0.000,0.000,0.000,0.000
2025-11-22 14:55:13,mlx5_3,0.000,0.000,0.000,0.000
2025-11-22 14:55:13,mlx5_4,0.000,0.000,0.000,0.000
2025-11-22 14:55:13,mlx5_5,18.516,0.023,110.663,168.367
2025-11-22 14:55:13,mlx5_6,0.000,0.000,0.000,0.000
2025-11-22 14:55:13,mlx5_7,0.000,0.000,0.000,0.000
2025-11-22 14:55:13,mlx5_8,0.000,0.000,0.000,0.000
2025-11-22 14:55:13,mlx5_9,0.000,0.000,0.000,0.000
2025-11-22 14:55:13,TOTAL,37.255,0.046,220.335,332.409
2025-11-22 14:55:14,mlx5_0,0.000,0.000,0.000,0.000
2025-11-22 14:55:14,mlx5_1,18.541,0.022,112.002,164.045
2025-11-22 14:55:14,mlx5_2,0.000,0.000,0.000,0.000
2025-11-22 14:55:14,mlx5_3,0.000,0.000,0.000,0.000
2025-11-22 14:55:14,mlx5_4,0.000,0.000,0.000,0.000
2025-11-22 14:55:14,mlx5_5,18.672,0.023,113.010,168.370
2025-11-22 14:55:14,mlx5_6,0.000,0.000,0.000,0.000
2025-11-22 14:55:14,mlx5_7,0.000,0.000,0.000,0.000
2025-11-22 14:55:14,mlx5_8,0.000,0.000,0.000,0.000
2025-11-22 14:55:14,mlx5_9,0.000,0.000,0.000,0.000
2025-11-22 14:55:14,TOTAL,37.213,0.045,225.011,332.415
2025-11-22 14:55:15,mlx5_0,0.000,0.000,0.000,0.000
2025-11-22 14:55:15,mlx5_1,0.000,0.000,112.002,164.045
2025-11-22 14:55:15,mlx5_2,0.000,0.000,0.000,0.000
2025-11-22 14:55:15,mlx5_3,0.000,0.000,0.000,0.000
2025-11-22 14:55:15,mlx5_4,0.000,0.000,0.000,0.000
2025-11-22 14:55:15,mlx5_5,0.000,0.000,113.010,168.370
2025-11-22 14:55:15,mlx5_6,0.000,0.000,0.000,0.000
2025-11-22 14:55:15,mlx5_7,0.000,0.000,0.000,0.000
2025-11-22 14:55:15,mlx5_8,0.000,0.000,0.000,0.000
2025-11-22 14:55:15,mlx5_9,0.000,0.000,0.000,0.000
2025-11-22 14:55:15,TOTAL,0.000,0.000,225.011,332.415
2025-11-22 14:55:16,mlx5_0,0.000,0.000,0.000,0.000
2025-11-22 14:55:16,mlx5_1,18.344,0.022,114.306,164.047
2025-11-22 14:55:16,mlx5_2,0.000,0.000,0.000,0.000
2025-11-22 14:55:16,mlx5_3,0.000,0.000,0.000,0.000
2025-11-22 14:55:16,mlx5_4,0.000,0.000,0.000,0.000
2025-11-22 14:55:16,mlx5_5,18.884,0.023,115.382,168.373
2025-11-22 14:55:16,mlx5_6,0.000,0.000,0.000,0.000
2025-11-22 14:55:16,mlx5_7,0.000,0.000,0.000,0.000
2025-11-22 14:55:16,mlx5_8,0.000,0.000,0.000,0.000
2025-11-22 14:55:16,mlx5_9,0.000,0.000,0.000,0.000
2025-11-22 14:55:16,TOTAL,37.227,0.045,229.687,332.420
2025-11-22 14:55:17,mlx5_0,0.000,0.000,0.000,0.000
2025-11-22 14:55:17,mlx5_1,0.000,0.000,114.306,164.047
2025-11-22 14:55:17,mlx5_2,0.000,0.000,0.000,0.000
2025-11-22 14:55:17,mlx5_3,0.000,0.000,0.000,0.000
2025-11-22 14:55:17,mlx5_4,0.000,0.000,0.000,0.000
2025-11-22 14:55:17,mlx5_5,0.000,0.000,115.382,168.373
2025-11-22 14:55:17,mlx5_6,0.000,0.000,0.000,0.000
2025-11-22 14:55:17,mlx5_7,0.000,0.000,0.000,0.000
2025-11-22 14:55:17,mlx5_8,0.000,0.000,0.000,0.000
2025-11-22 14:55:17,mlx5_9,0.000,0.000,0.000,0.000
2025-11-22 14:55:17,TOTAL,0.000,0.000,229.687,332.420
2025-11-22 14:55:18,mlx5_0,0.000,0.000,0.000,0.000
2025-11-22 14:55:18,mlx5_1,0.000,0.000,114.306,164.047
2025-11-22 14:55:18,mlx5_2,0.000,0.000,0.000,0.000
2025-11-22 14:55:18,mlx5_3,0.000,0.000,0.000,0.000
2025-11-22 14:55:18,mlx5_4,0.000,0.000,0.000,0.000
2025-11-22 14:55:18,mlx5_5,0.000,0.000,115.382,168.373
2025-11-22 14:55:18,mlx5_6,0.000,0.000,0.000,0.000
2025-11-22 14:55:18,mlx5_7,0.000,0.000,0.000,0.000
2025-11-22 14:55:18,mlx5_8,0.000,0.000,0.000,0.000
2025-11-22 14:55:18,mlx5_9,0.000,0.000,0.000,0.000
2025-11-22 14:55:18,TOTAL,0.000,0.000,229.687,332.420
2025-11-22 14:55:19,mlx5_0,0.000,0.000,0.000,0.000
2025-11-22 14:55:19,mlx5_1,18.555,21.879,116.637,166.796
2025-11-22 14:55:19,mlx5_2,0.000,0.000,0.000,0.000
2025-11-22 14:55:19,mlx5_3,0.000,0.000,0.000,0.000
2025-11-22 14:55:19,mlx5_4,0.000,0.000,0.000,0.000
2025-11-22 14:55:19,mlx5_5,18.771,22.539,117.740,171.204
2025-11-22 14:55:19,mlx5_6,0.000,0.000,0.000,0.000
2025-11-22 14:55:19,mlx5_7,0.000,0.000,0.000,0.000
2025-11-22 14:55:19,mlx5_8,0.000,0.000,0.000,0.000
2025-11-22 14:55:19,mlx5_9,0.000,0.000,0.000,0.000
2025-11-22 14:55:19,TOTAL,37.327,44.418,234.376,338.000
2025-11-22 14:55:20,mlx5_0,0.000,0.000,0.000,0.000
2025-11-22 14:55:20,mlx5_1,0.000,0.000,116.637,166.796
2025-11-22 14:55:20,mlx5_2,0.000,0.000,0.000,0.000
2025-11-22 14:55:20,mlx5_3,0.000,0.000,0.000,0.000
2025-11-22 14:55:20,mlx5_4,0.000,0.000,0.000,0.000
2025-11-22 14:55:20,mlx5_5,0.000,0.000,117.740,171.204
2025-11-22 14:55:20,mlx5_6,0.000,0.000,0.000,0.000
2025-11-22 14:55:20,mlx5_7,0.000,0.000,0.000,0.000
2025-11-22 14:55:20,mlx5_8,0.000,0.000,0.000,0.000
2025-11-22 14:55:20,mlx5_9,0.000,0.000,0.000,0.000
2025-11-22 14:55:20,TOTAL,0.000,0.000,234.376,338.000
2025-11-22 14:55:21,mlx5_0,0.000,0.000,0.000,0.000
2025-11-22 14:55:21,mlx5_1,19.483,0.024,119.082,166.799
2025-11-22 14:55:21,mlx5_2,0.000,0.000,0.000,0.000
2025-11-22 14:55:21,mlx5_3,0.000,0.000,0.000,0.000
2025-11-22 14:55:21,mlx5_4,0.000,0.000,0.000,0.000
2025-11-22 14:55:21,mlx5_5,19.301,0.024,120.162,171.207
2025-11-22 14:55:21,mlx5_6,0.000,0.000,0.000,0.000
2025-11-22 14:55:21,mlx5_7,0.000,0.000,0.000,0.000
2025-11-22 14:55:21,mlx5_8,0.000,0.000,0.000,0.000
2025-11-22 14:55:21,mlx5_9,0.000,0.000,0.000,0.000
2025-11-22 14:55:21,TOTAL,38.784,0.048,239.244,338.006
2025-11-22 14:55:22,mlx5_0,0.000,0.000,0.000,0.000
2025-11-22 14:55:22,mlx5_1,0.000,0.000,119.082,166.799
2025-11-22 14:55:22,mlx5_2,0.000,0.000,0.000,0.000
2025-11-22 14:55:22,mlx5_3,0.000,0.000,0.000,0.000
2025-11-22 14:55:22,mlx5_4,0.000,0.000,0.000,0.000
2025-11-22 14:55:22,mlx5_5,0.000,0.000,120.162,171.207
2025-11-22 14:55:22,mlx5_6,0.000,0.000,0.000,0.000
2025-11-22 14:55:22,mlx5_7,0.000,0.000,0.000,0.000
2025-11-22 14:55:22,mlx5_8,0.000,0.000,0.000,0.000
2025-11-22 14:55:22,mlx5_9,0.000,0.000,0.000,0.000
2025-11-22 14:55:22,TOTAL,0.000,0.000,239.244,338.006
2025-11-22 14:55:23,mlx5_0,0.000,0.000,0.000,0.000
2025-11-22 14:55:23,mlx5_1,18.504,0.022,121.407,166.802
2025-11-22 14:55:23,mlx5_2,0.000,0.000,0.000,0.000
2025-11-22 14:55:23,mlx5_3,0.000,0.000,0.000,0.000
2025-11-22 14:55:23,mlx5_4,0.000,0.000,0.000,0.000
2025-11-22 14:55:23,mlx5_5,18.710,0.023,122.513,171.210
2025-11-22 14:55:23,mlx5_6,0.000,0.000,0.000,0.000
2025-11-22 14:55:23,mlx5_7,0.000,0.000,0.000,0.000
2025-11-22 14:55:23,mlx5_8,0.000,0.000,0.000,0.000
2025-11-22 14:55:23,mlx5_9,0.000,0.000,0.000,0.000
2025-11-22 14:55:23,TOTAL,37.214,0.045,243.921,338.012
2025-11-22 14:55:24,mlx5_0,0.000,0.000,0.000,0.000
2025-11-22 14:55:24,mlx5_1,18.360,0.022,123.715,166.804
2025-11-22 14:55:24,mlx5_2,0.000,0.000,0.000,0.000
2025-11-22 14:55:24,mlx5_3,0.000,0.000,0.000,0.000
2025-11-22 14:55:24,mlx5_4,0.000,0.000,0.000,0.000
2025-11-22 14:55:24,mlx5_5,18.849,0.023,124.882,171.213
2025-11-22 14:55:24,mlx5_6,0.000,0.000,0.000,0.000
2025-11-22 14:55:24,mlx5_7,0.000,0.000,0.000,0.000
2025-11-22 14:55:24,mlx5_8,0.000,0.000,0.000,0.000
2025-11-22 14:55:24,mlx5_9,0.000,0.000,0.000,0.000
2025-11-22 14:55:24,TOTAL,37.209,0.045,248.597,338.018
2025-11-22 14:55:25,mlx5_0,0.000,0.000,0.000,0.000
2025-11-22 14:55:25,mlx5_1,0.000,0.000,123.715,166.804
2025-11-22 14:55:25,mlx5_2,0.000,0.000,0.000,0.000
2025-11-22 14:55:25,mlx5_3,0.000,0.000,0.000,0.000
2025-11-22 14:55:25,mlx5_4,0.000,0.000,0.000,0.000
2025-11-22 14:55:25,mlx5_5,0.000,0.000,124.882,171.213
2025-11-22 14:55:25,mlx5_6,0.000,0.000,0.000,0.000
2025-11-22 14:55:25,mlx5_7,0.000,0.000,0.000,0.000
2025-11-22 14:55:25,mlx5_8,0.000,0.000,0.000,0.000
2025-11-22 14:55:25,mlx5_9,0.000,0.000,0.000,0.000
2025-11-22 14:55:25,TOTAL,0.000,0.000,248.597,338.018
2025-11-22 14:55:26,mlx5_0,0.000,0.000,0.000,0.000
2025-11-22 14:55:26,mlx5_1,18.655,0.022,126.058,166.807
2025-11-22 14:55:26,mlx5_2,0.000,0.000,0.000,0.000
2025-11-22 14:55:26,mlx5_3,0.000,0.000,0.000,0.000
2025-11-22 14:55:26,mlx5_4,0.000,0.000,0.000,0.000
2025-11-22 14:55:26,mlx5_5,18.573,0.023,127.215,171.216
2025-11-22 14:55:26,mlx5_6,0.000,0.000,0.000,0.000
2025-11-22 14:55:26,mlx5_7,0.000,0.000,0.000,0.000
2025-11-22 14:55:26,mlx5_8,0.000,0.000,0.000,0.000
2025-11-22 14:55:26,mlx5_9,0.000,0.000,0.000,0.000
2025-11-22 14:55:26,TOTAL,37.228,0.045,253.273,338.023
2025-11-22 14:55:27,mlx5_0,0.000,0.000,0.000,0.000
2025-11-22 14:55:27,mlx5_1,0.000,0.000,126.058,166.807
2025-11-22 14:55:27,mlx5_2,0.000,0.000,0.000,0.000
2025-11-22 14:55:27,mlx5_3,0.000,0.000,0.000,0.000
2025-11-22 14:55:27,mlx5_4,0.000,0.000,0.000,0.000
2025-11-22 14:55:27,mlx5_5,0.000,0.000,127.215,171.216
2025-11-22 14:55:27,mlx5_6,0.000,0.000,0.000,0.000
2025-11-22 14:55:27,mlx5_7,0.000,0.000,0.000,0.000
2025-11-22 14:55:27,mlx5_8,0.000,0.000,0.000,0.000
2025-11-22 14:55:27,mlx5_9,0.000,0.000,0.000,0.000
2025-11-22 14:55:27,TOTAL,0.000,0.000,253.273,338.023
2025-11-22 14:55:28,mlx5_0,0.000,0.000,0.000,0.000
2025-11-22 14:55:28,mlx5_1,0.000,0.000,126.058,166.807
2025-11-22 14:55:28,mlx5_2,0.000,0.000,0.000,0.000
2025-11-22 14:55:28,mlx5_3,0.000,0.000,0.000,0.000
2025-11-22 14:55:28,mlx5_4,0.000,0.000,0.000,0.000
2025-11-22 14:55:28,mlx5_5,0.000,0.000,127.215,171.216
2025-11-22 14:55:28,mlx5_6,0.000,0.000,0.000,0.000
2025-11-22 14:55:28,mlx5_7,0.000,0.000,0.000,0.000
2025-11-22 14:55:28,mlx5_8,0.000,0.000,0.000,0.000
2025-11-22 14:55:28,mlx5_9,0.000,0.000,0.000,0.000
2025-11-22 14:55:28,TOTAL,0.000,0.000,253.273,338.023
2025-11-22 14:55:29,mlx5_0,0.000,0.000,0.000,0.000
2025-11-22 14:55:29,mlx5_1,18.562,22.070,128.389,169.579
2025-11-22 14:55:29,mlx5_2,0.000,0.000,0.000,0.000
2025-11-22 14:55:29,mlx5_3,0.000,0.000,0.000,0.000
2025-11-22 14:55:29,mlx5_4,0.000,0.000,0.000,0.000
2025-11-22 14:55:29,mlx5_5,18.873,22.347,129.585,174.023
2025-11-22 14:55:29,mlx5_6,0.000,0.000,0.000,0.000
2025-11-22 14:55:29,mlx5_7,0.000,0.000,0.000,0.000
2025-11-22 14:55:29,mlx5_8,0.000,0.000,0.000,0.000
2025-11-22 14:55:29,mlx5_9,0.000,0.000,0.000,0.000
2025-11-22 14:55:29,TOTAL,37.435,44.417,257.975,343.602
2025-11-22 14:55:30,mlx5_0,0.000,0.000,0.000,0.000
2025-11-22 14:55:30,mlx5_1,0.000,0.000,128.389,169.579
2025-11-22 14:55:30,mlx5_2,0.000,0.000,0.000,0.000
2025-11-22 14:55:30,mlx5_3,0.000,0.000,0.000,0.000
2025-11-22 14:55:30,mlx5_4,0.000,0.000,0.000,0.000
2025-11-22 14:55:30,mlx5_5,0.000,0.000,129.585,174.023
2025-11-22 14:55:30,mlx5_6,0.000,0.000,0.000,0.000
2025-11-22 14:55:30,mlx5_7,0.000,0.000,0.000,0.000
2025-11-22 14:55:30,mlx5_8,0.000,0.000,0.000,0.000
2025-11-22 14:55:30,mlx5_9,0.000,0.000,0.000,0.000
2025-11-22 14:55:30,TOTAL,0.000,0.000,257.975,343.602
2025-11-22 14:55:31,mlx5_0,0.000,0.000,0.000,0.000
2025-11-22 14:55:31,mlx5_1,18.190,0.022,130.675,169.582
2025-11-22 14:55:31,mlx5_2,0.000,0.000,0.000,0.000
2025-11-22 14:55:31,mlx5_3,0.000,0.000,0.000,0.000
2025-11-22 14:55:31,mlx5_4,0.000,0.000,0.000,0.000
2025-11-22 14:55:31,mlx5_5,18.229,0.023,131.876,174.026
2025-11-22 14:55:31,mlx5_6,0.000,0.000,0.000,0.000
2025-11-22 14:55:31,mlx5_7,0.000,0.000,0.000,0.000
2025-11-22 14:55:31,mlx5_8,0.000,0.000,0.000,0.000
2025-11-22 14:55:31,mlx5_9,0.000,0.000,0.000,0.000
2025-11-22 14:55:31,TOTAL,36.419,0.045,262.550,343.608
2025-11-22 14:55:32,mlx5_0,0.000,0.000,0.000,0.000
2025-11-22 14:55:32,mlx5_1,0.000,0.000,130.675,169.582
2025-11-22 14:55:32,mlx5_2,0.000,0.000,0.000,0.000
2025-11-22 14:55:32,mlx5_3,0.000,0.000,0.000,0.000
2025-11-22 14:55:32,mlx5_4,0.000,0.000,0.000,0.000
2025-11-22 14:55:32,mlx5_5,0.000,0.000,131.876,174.026
2025-11-22 14:55:32,mlx5_6,0.000,0.000,0.000,0.000
2025-11-22 14:55:32,mlx5_7,0.000,0.000,0.000,0.000
2025-11-22 14:55:32,mlx5_8,0.000,0.000,0.000,0.000
2025-11-22 14:55:32,mlx5_9,0.000,0.000,0.000,0.000
2025-11-22 14:55:32,TOTAL,0.000,0.000,262.550,343.608
2025-11-22 14:55:33,mlx5_0,0.000,0.000,0.000,0.000
2025-11-22 14:55:33,mlx5_1,18.510,0.022,133.000,169.585
2025-11-22 14:55:33,mlx5_2,0.000,0.000,0.000,0.000
2025-11-22 14:55:33,mlx5_3,0.000,0.000,0.000,0.000
2025-11-22 14:55:33,mlx5_4,0.000,0.000,0.000,0.000
2025-11-22 14:55:33,mlx5_5,18.717,0.023,134.227,174.028
2025-11-22 14:55:33,mlx5_6,0.000,0.000,0.000,0.000
2025-11-22 14:55:33,mlx5_7,0.000,0.000,0.000,0.000
2025-11-22 14:55:33,mlx5_8,0.000,0.000,0.000,0.000
2025-11-22 14:55:33,mlx5_9,0.000,0.000,0.000,0.000
2025-11-22 14:55:33,TOTAL,37.228,0.045,267.227,343.613
2025-11-22 14:55:34,mlx5_0,0.000,0.000,0.000,0.000
2025-11-22 14:55:34,mlx5_1,18.563,0.022,135.332,169.588
2025-11-22 14:55:34,mlx5_2,0.000,0.000,0.000,0.000
2025-11-22 14:55:34,mlx5_3,0.000,0.000,0.000,0.000
2025-11-22 14:55:34,mlx5_4,0.000,0.000,0.000,0.000
2025-11-22 14:55:34,mlx5_5,18.655,0.023,136.571,174.031
2025-11-22 14:55:34,mlx5_6,0.000,0.000,0.000,0.000
2025-11-22 14:55:34,mlx5_7,0.000,0.000,0.000,0.000
2025-11-22 14:55:34,mlx5_8,0.000,0.000,0.000,0.000
2025-11-22 14:55:34,mlx5_9,0.000,0.000,0.000,0.000
2025-11-22 14:55:34,TOTAL,37.218,0.045,271.903,343.619
2025-11-22 14:55:35,mlx5_0,0.000,0.000,0.000,0.000
2025-11-22 14:55:35,mlx5_1,0.000,0.000,135.332,169.588
2025-11-22 14:55:35,mlx5_2,0.000,0.000,0.000,0.000
2025-11-22 14:55:35,mlx5_3,0.000,0.000,0.000,0.000
2025-11-22 14:55:35,mlx5_4,0.000,0.000,0.000,0.000
2025-11-22 14:55:35,mlx5_5,0.000,0.000,136.571,174.031
2025-11-22 14:55:35,mlx5_6,0.000,0.000,0.000,0.000
2025-11-22 14:55:35,mlx5_7,0.000,0.000,0.000,0.000
2025-11-22 14:55:35,mlx5_8,0.000,0.000,0.000,0.000
2025-11-22 14:55:35,mlx5_9,0.000,0.000,0.000,0.000
2025-11-22 14:55:35,TOTAL,0.000,0.000,271.903,343.619
2025-11-22 14:55:36,mlx5_0,0.000,0.000,0.000,0.000
2025-11-22 14:55:36,mlx5_1,13.123,0.016,136.980,169.590
2025-11-22 14:55:36,mlx5_2,0.000,0.000,0.000,0.000
2025-11-22 14:55:36,mlx5_3,0.000,0.000,0.000,0.000
2025-11-22 14:55:36,mlx5_4,0.000,0.000,0.000,0.000
2025-11-22 14:55:36,mlx5_5,13.650,0.017,138.284,174.033
2025-11-22 14:55:36,mlx5_6,0.000,0.000,0.000,0.000
2025-11-22 14:55:36,mlx5_7,0.000,0.000,0.000,0.000
2025-11-22 14:55:36,mlx5_8,0.000,0.000,0.000,0.000
2025-11-22 14:55:36,mlx5_9,0.000,0.000,0.000,0.000
2025-11-22 14:55:36,TOTAL,26.773,0.032,275.264,343.623
2025-11-22 14:55:37,mlx5_0,0.000,0.000,0.000,0.000
2025-11-22 14:55:37,mlx5_1,5.347,0.007,137.652,169.591
2025-11-22 14:55:37,mlx5_2,0.000,0.000,0.000,0.000
2025-11-22 14:55:37,mlx5_3,0.000,0.000,0.000,0.000
2025-11-22 14:55:37,mlx5_4,0.000,0.000,0.000,0.000
2025-11-22 14:55:37,mlx5_5,5.112,0.006,138.927,174.034
2025-11-22 14:55:37,mlx5_6,0.000,0.000,0.000,0.000
2025-11-22 14:55:37,mlx5_7,0.000,0.000,0.000,0.000
2025-11-22 14:55:37,mlx5_8,0.000,0.000,0.000,0.000
2025-11-22 14:55:37,mlx5_9,0.000,0.000,0.000,0.000
2025-11-22 14:55:37,TOTAL,10.459,0.013,276.579,343.625
2025-11-22 14:55:38,mlx5_0,0.000,0.000,0.000,0.000
2025-11-22 14:55:38,mlx5_1,0.000,0.000,137.652,169.591
2025-11-22 14:55:38,mlx5_2,0.000,0.000,0.000,0.000
2025-11-22 14:55:38,mlx5_3,0.000,0.000,0.000,0.000
2025-11-22 14:55:38,mlx5_4,0.000,0.000,0.000,0.000
2025-11-22 14:55:38,mlx5_5,0.000,0.000,138.927,174.034
2025-11-22 14:55:38,mlx5_6,0.000,0.000,0.000,0.000
2025-11-22 14:55:38,mlx5_7,0.000,0.000,0.000,0.000
2025-11-22 14:55:38,mlx5_8,0.000,0.000,0.000,0.000
2025-11-22 14:55:38,mlx5_9,0.000,0.000,0.000,0.000
2025-11-22 14:55:38,TOTAL,0.000,0.000,276.579,343.625
2025-11-22 14:55:39,mlx5_0,0.000,0.000,0.000,0.000
2025-11-22 14:55:39,mlx5_1,18.624,21.845,139.991,172.334
2025-11-22 14:55:39,mlx5_2,0.000,0.000,0.000,0.000
2025-11-22 14:55:39,mlx5_3,0.000,0.000,0.000,0.000
2025-11-22 14:55:39,mlx5_4,0.000,0.000,0.000,0.000
2025-11-22 14:55:39,mlx5_5,18.808,22.572,141.289,176.869
2025-11-22 14:55:39,mlx5_6,0.000,0.000,0.000,0.000
2025-11-22 14:55:39,mlx5_7,0.000,0.000,0.000,0.000
2025-11-22 14:55:39,mlx5_8,0.000,0.000,0.000,0.000
2025-11-22 14:55:39,mlx5_9,0.000,0.000,0.000,0.000
2025-11-22 14:55:39,TOTAL,37.432,44.417,281.280,349.204
2025-11-22 14:55:40,mlx5_0,0.000,0.000,0.000,0.000
2025-11-22 14:55:40,mlx5_1,0.000,0.000,139.991,172.334
2025-11-22 14:55:40,mlx5_2,0.000,0.000,0.000,0.000
2025-11-22 14:55:40,mlx5_3,0.000,0.000,0.000,0.000
2025-11-22 14:55:40,mlx5_4,0.000,0.000,0.000,0.000
2025-11-22 14:55:40,mlx5_5,0.000,0.000,141.289,176.869
2025-11-22 14:55:40,mlx5_6,0.000,0.000,0.000,0.000
2025-11-22 14:55:40,mlx5_7,0.000,0.000,0.000,0.000
2025-11-22 14:55:40,mlx5_8,0.000,0.000,0.000,0.000
2025-11-22 14:55:40,mlx5_9,0.000,0.000,0.000,0.000
2025-11-22 14:55:40,TOTAL,0.000,0.000,281.280,349.204
2025-11-22 14:55:41,mlx5_0,0.000,0.000,0.000,0.000
2025-11-22 14:55:41,mlx5_1,18.082,0.023,142.263,172.337
2025-11-22 14:55:41,mlx5_2,0.000,0.000,0.000,0.000
2025-11-22 14:55:41,mlx5_3,0.000,0.000,0.000,0.000
2025-11-22 14:55:41,mlx5_4,0.000,0.000,0.000,0.000
2025-11-22 14:55:41,mlx5_5,18.342,0.024,143.594,176.872
2025-11-22 14:55:41,mlx5_6,0.000,0.000,0.000,0.000
2025-11-22 14:55:41,mlx5_7,0.000,0.000,0.000,0.000
2025-11-22 14:55:41,mlx5_8,0.000,0.000,0.000,0.000
2025-11-22 14:55:41,mlx5_9,0.000,0.000,0.000,0.000
2025-11-22 14:55:41,TOTAL,36.424,0.047,285.856,349.210
2025-11-22 14:55:42,mlx5_0,0.000,0.000,0.000,0.000
2025-11-22 14:55:42,mlx5_1,0.000,0.000,142.263,172.337
2025-11-22 14:55:42,mlx5_2,0.000,0.000,0.000,0.000
2025-11-22 14:55:42,mlx5_3,0.000,0.000,0.000,0.000
2025-11-22 14:55:42,mlx5_4,0.000,0.000,0.000,0.000
2025-11-22 14:55:42,mlx5_5,0.000,0.000,143.594,176.872
2025-11-22 14:55:42,mlx5_6,0.000,0.000,0.000,0.000
2025-11-22 14:55:42,mlx5_7,0.000,0.000,0.000,0.000
2025-11-22 14:55:42,mlx5_8,0.000,0.000,0.000,0.000
2025-11-22 14:55:42,mlx5_9,0.000,0.000,0.000,0.000
2025-11-22 14:55:42,TOTAL,0.000,0.000,285.856,349.210
2025-11-22 14:55:43,mlx5_0,0.000,0.000,0.000,0.000
2025-11-22 14:55:43,mlx5_1,18.384,0.022,144.570,172.340
2025-11-22 14:55:43,mlx5_2,0.000,0.000,0.000,0.000
2025-11-22 14:55:43,mlx5_3,0.000,0.000,0.000,0.000
2025-11-22 14:55:43,mlx5_4,0.000,0.000,0.000,0.000
2025-11-22 14:55:43,mlx5_5,18.880,0.023,145.963,176.875
2025-11-22 14:55:43,mlx5_6,0.000,0.000,0.000,0.000
2025-11-22 14:55:43,mlx5_7,0.000,0.000,0.000,0.000
2025-11-22 14:55:43,mlx5_8,0.000,0.000,0.000,0.000
2025-11-22 14:55:43,mlx5_9,0.000,0.000,0.000,0.000
2025-11-22 14:55:43,TOTAL,37.264,0.045,290.532,349.215
2025-11-22 14:55:44,mlx5_0,0.000,0.000,0.000,0.000
2025-11-22 14:55:44,mlx5_1,0.000,0.000,144.570,172.340
2025-11-22 14:55:44,mlx5_2,0.000,0.000,0.000,0.000
2025-11-22 14:55:44,mlx5_3,0.000,0.000,0.000,0.000
2025-11-22 14:55:44,mlx5_4,0.000,0.000,0.000,0.000
2025-11-22 14:55:44,mlx5_5,0.000,0.000,145.963,176.875
2025-11-22 14:55:44,mlx5_6,0.000,0.000,0.000,0.000
2025-11-22 14:55:44,mlx5_7,0.000,0.000,0.000,0.000
2025-11-22 14:55:44,mlx5_8,0.000,0.000,0.000,0.000
2025-11-22 14:55:44,mlx5_9,0.000,0.000,0.000,0.000
2025-11-22 14:55:44,TOTAL,0.000,0.000,290.532,349.215
2025-11-22 14:55:45,mlx5_0,0.000,0.000,0.000,0.000
2025-11-22 14:55:45,mlx5_1,18.509,0.022,146.894,172.343
2025-11-22 14:55:45,mlx5_2,0.000,0.000,0.000,0.000
2025-11-22 14:55:45,mlx5_3,0.000,0.000,0.000,0.000
2025-11-22 14:55:45,mlx5_4,0.000,0.000,0.000,0.000
2025-11-22 14:55:45,mlx5_5,18.719,0.023,148.314,176.878
2025-11-22 14:55:45,mlx5_6,0.000,0.000,0.000,0.000
2025-11-22 14:55:45,mlx5_7,0.000,0.000,0.000,0.000
2025-11-22 14:55:45,mlx5_8,0.000,0.000,0.000,0.000
2025-11-22 14:55:45,mlx5_9,0.000,0.000,0.000,0.000
2025-11-22 14:55:45,TOTAL,37.228,0.045,295.208,349.221
2025-11-22 14:55:46,mlx5_0,0.000,0.000,0.000,0.000
2025-11-22 14:55:46,mlx5_1,0.000,0.000,146.894,172.343
2025-11-22 14:55:46,mlx5_2,0.000,0.000,0.000,0.000
2025-11-22 14:55:46,mlx5_3,0.000,0.000,0.000,0.000
2025-11-22 14:55:46,mlx5_4,0.000,0.000,0.000,0.000
2025-11-22 14:55:46,mlx5_5,0.000,0.000,148.314,176.878
2025-11-22 14:55:46,mlx5_6,0.000,0.000,0.000,0.000
2025-11-22 14:55:46,mlx5_7,0.000,0.000,0.000,0.000
2025-11-22 14:55:46,mlx5_8,0.000,0.000,0.000,0.000
2025-11-22 14:55:46,mlx5_9,0.000,0.000,0.000,0.000
2025-11-22 14:55:46,TOTAL,0.000,0.000,295.208,349.221
2025-11-22 14:55:47,mlx5_0,0.000,0.000,0.000,0.000
2025-11-22 14:55:47,mlx5_1,18.449,0.022,149.212,172.346
2025-11-22 14:55:47,mlx5_2,0.000,0.000,0.000,0.000
2025-11-22 14:55:47,mlx5_3,0.000,0.000,0.000,0.000
2025-11-22 14:55:47,mlx5_4,0.000,0.000,0.000,0.000
2025-11-22 14:55:47,mlx5_5,18.773,0.023,150.672,176.881
2025-11-22 14:55:47,mlx5_6,0.000,0.000,0.000,0.000
2025-11-22 14:55:47,mlx5_7,0.000,0.000,0.000,0.000
2025-11-22 14:55:47,mlx5_8,0.000,0.000,0.000,0.000
2025-11-22 14:55:47,mlx5_9,0.000,0.000,0.000,0.000
2025-11-22 14:55:47,TOTAL,37.222,0.045,299.885,349.227
2025-11-22 14:55:48,mlx5_0,0.000,0.000,0.000,0.000
2025-11-22 14:55:48,mlx5_1,0.000,0.000,149.212,172.346
2025-11-22 14:55:48,mlx5_2,0.000,0.000,0.000,0.000
2025-11-22 14:55:48,mlx5_3,0.000,0.000,0.000,0.000
2025-11-22 14:55:48,mlx5_4,0.000,0.000,0.000,0.000
2025-11-22 14:55:48,mlx5_5,0.000,0.000,150.672,176.881
2025-11-22 14:55:48,mlx5_6,0.000,0.000,0.000,0.000
2025-11-22 14:55:48,mlx5_7,0.000,0.000,0.000,0.000
2025-11-22 14:55:48,mlx5_8,0.000,0.000,0.000,0.000
2025-11-22 14:55:48,mlx5_9,0.000,0.000,0.000,0.000
2025-11-22 14:55:48,TOTAL,0.000,0.000,299.885,349.227
2025-11-22 14:55:49,mlx5_0,0.000,0.000,0.000,0.000
2025-11-22 14:55:49,mlx5_1,18.842,21.971,151.577,175.103
2025-11-22 14:55:49,mlx5_2,0.000,0.000,0.000,0.000
2025-11-22 14:55:49,mlx5_3,0.000,0.000,0.000,0.000
2025-11-22 14:55:49,mlx5_4,0.000,0.000,0.000,0.000
2025-11-22 14:55:49,mlx5_5,18.631,22.479,153.011,179.702
2025-11-22 14:55:49,mlx5_6,0.000,0.000,0.000,0.000
2025-11-22 14:55:49,mlx5_7,0.000,0.000,0.000,0.000
2025-11-22 14:55:49,mlx5_8,0.000,0.000,0.000,0.000
2025-11-22 14:55:49,mlx5_9,0.000,0.000,0.000,0.000
2025-11-22 14:55:49,TOTAL,37.473,44.450,304.588,354.806
2025-11-22 14:55:50,mlx5_0,0.000,0.000,0.000,0.000
2025-11-22 14:55:50,mlx5_1,0.000,0.000,151.577,175.103
2025-11-22 14:55:50,mlx5_2,0.000,0.000,0.000,0.000
2025-11-22 14:55:50,mlx5_3,0.000,0.000,0.000,0.000
2025-11-22 14:55:50,mlx5_4,0.000,0.000,0.000,0.000
2025-11-22 14:55:50,mlx5_5,0.000,0.000,153.011,179.702
2025-11-22 14:55:50,mlx5_6,0.000,0.000,0.000,0.000
2025-11-22 14:55:50,mlx5_7,0.000,0.000,0.000,0.000
2025-11-22 14:55:50,mlx5_8,0.000,0.000,0.000,0.000
2025-11-22 14:55:50,mlx5_9,0.000,0.000,0.000,0.000
2025-11-22 14:55:50,TOTAL,0.000,0.000,304.588,354.806
2025-11-22 14:55:51,mlx5_0,0.000,0.000,0.000,0.000
2025-11-22 14:55:51,mlx5_1,13.829,0.017,153.314,175.106
2025-11-22 14:55:51,mlx5_2,0.000,0.000,0.000,0.000
2025-11-22 14:55:51,mlx5_3,0.000,0.000,0.000,0.000
2025-11-22 14:55:51,mlx5_4,0.000,0.000,0.000,0.000
2025-11-22 14:55:51,mlx5_5,14.426,0.018,154.823,179.705
2025-11-22 14:55:51,mlx5_6,0.000,0.000,0.000,0.000
2025-11-22 14:55:51,mlx5_7,0.000,0.000,0.000,0.000
2025-11-22 14:55:51,mlx5_8,0.000,0.000,0.000,0.000
2025-11-22 14:55:51,mlx5_9,0.000,0.000,0.000,0.000
2025-11-22 14:55:51,TOTAL,28.255,0.035,308.137,354.810
2025-11-22 14:55:52,mlx5_0,0.000,0.000,0.000,0.000
2025-11-22 14:55:52,mlx5_1,5.491,0.007,154.005,175.106
2025-11-22 14:55:52,mlx5_2,0.000,0.000,0.000,0.000
2025-11-22 14:55:52,mlx5_3,0.000,0.000,0.000,0.000
2025-11-22 14:55:52,mlx5_4,0.000,0.000,0.000,0.000
2025-11-22 14:55:52,mlx5_5,5.000,0.007,155.451,179.705
2025-11-22 14:55:52,mlx5_6,0.000,0.000,0.000,0.000
2025-11-22 14:55:52,mlx5_7,0.000,0.000,0.000,0.000
2025-11-22 14:55:52,mlx5_8,0.000,0.000,0.000,0.000
2025-11-22 14:55:52,mlx5_9,0.000,0.000,0.000,0.000
2025-11-22 14:55:52,TOTAL,10.491,0.014,309.456,354.812
2025-11-22 14:55:53,mlx5_0,0.000,0.000,0.000,0.000
2025-11-22 14:55:53,mlx5_1,18.575,0.023,156.339,175.109
2025-11-22 14:55:53,mlx5_2,0.000,0.000,0.000,0.000
2025-11-22 14:55:53,mlx5_3,0.000,0.000,0.000,0.000
2025-11-22 14:55:53,mlx5_4,0.000,0.000,0.000,0.000
2025-11-22 14:55:53,mlx5_5,18.631,0.023,157.793,179.708
2025-11-22 14:55:53,mlx5_6,0.000,0.000,0.000,0.000
2025-11-22 14:55:53,mlx5_7,0.000,0.000,0.000,0.000
2025-11-22 14:55:53,mlx5_8,0.000,0.000,0.000,0.000
2025-11-22 14:55:53,mlx5_9,0.000,0.000,0.000,0.000
2025-11-22 14:55:53,TOTAL,37.207,0.045,314.132,354.818
2025-11-22 14:55:54,mlx5_0,0.000,0.000,0.000,0.000
2025-11-22 14:55:54,mlx5_1,0.000,0.000,156.339,175.109
2025-11-22 14:55:54,mlx5_2,0.000,0.000,0.000,0.000
2025-11-22 14:55:54,mlx5_3,0.000,0.000,0.000,0.000
2025-11-22 14:55:54,mlx5_4,0.000,0.000,0.000,0.000
2025-11-22 14:55:54,mlx5_5,0.000,0.000,157.793,179.708
2025-11-22 14:55:54,mlx5_6,0.000,0.000,0.000,0.000
2025-11-22 14:55:54,mlx5_7,0.000,0.000,0.000,0.000
2025-11-22 14:55:54,mlx5_8,0.000,0.000,0.000,0.000
2025-11-22 14:55:54,mlx5_9,0.000,0.000,0.000,0.000
2025-11-22 14:55:54,TOTAL,0.000,0.000,314.132,354.818
2025-11-22 14:55:55,mlx5_0,0.000,0.000,0.000,0.000
2025-11-22 14:55:55,mlx5_1,18.490,0.022,158.662,175.112
2025-11-22 14:55:55,mlx5_2,0.000,0.000,0.000,0.000
2025-11-22 14:55:55,mlx5_3,0.000,0.000,0.000,0.000
2025-11-22 14:55:55,mlx5_4,0.000,0.000,0.000,0.000
2025-11-22 14:55:55,mlx5_5,18.736,0.023,160.147,179.711
2025-11-22 14:55:55,mlx5_6,0.000,0.000,0.000,0.000
2025-11-22 14:55:55,mlx5_7,0.000,0.000,0.000,0.000
2025-11-22 14:55:55,mlx5_8,0.000,0.000,0.000,0.000
2025-11-22 14:55:55,mlx5_9,0.000,0.000,0.000,0.000
2025-11-22 14:55:55,TOTAL,37.226,0.045,318.808,354.823
2025-11-22 14:55:56,mlx5_0,0.000,0.000,0.000,0.000
2025-11-22 14:55:56,mlx5_1,0.000,0.000,158.662,175.112
2025-11-22 14:55:56,mlx5_2,0.000,0.000,0.000,0.000
2025-11-22 14:55:56,mlx5_3,0.000,0.000,0.000,0.000
2025-11-22 14:55:56,mlx5_4,0.000,0.000,0.000,0.000
2025-11-22 14:55:56,mlx5_5,0.000,0.000,160.147,179.711
2025-11-22 14:55:56,mlx5_6,0.000,0.000,0.000,0.000
2025-11-22 14:55:56,mlx5_7,0.000,0.000,0.000,0.000
2025-11-22 14:55:56,mlx5_8,0.000,0.000,0.000,0.000
2025-11-22 14:55:56,mlx5_9,0.000,0.000,0.000,0.000
2025-11-22 14:55:56,TOTAL,0.000,0.000,318.808,354.823
2025-11-22 14:55:57,mlx5_0,0.000,0.000,0.000,0.000
2025-11-22 14:55:57,mlx5_1,18.515,0.022,160.988,175.115
2025-11-22 14:55:57,mlx5_2,0.000,0.000,0.000,0.000
2025-11-22 14:55:57,mlx5_3,0.000,0.000,0.000,0.000
2025-11-22 14:55:57,mlx5_4,0.000,0.000,0.000,0.000
2025-11-22 14:55:57,mlx5_5,18.696,0.023,162.496,179.714
2025-11-22 14:55:57,mlx5_6,0.000,0.000,0.000,0.000
2025-11-22 14:55:57,mlx5_7,0.000,0.000,0.000,0.000
2025-11-22 14:55:57,mlx5_8,0.000,0.000,0.000,0.000
2025-11-22 14:55:57,mlx5_9,0.000,0.000,0.000,0.000
2025-11-22 14:55:57,TOTAL,37.212,0.045,323.484,354.829
2025-11-22 14:55:58,mlx5_0,0.000,0.000,0.000,0.000
2025-11-22 14:55:58,mlx5_1,0.000,0.000,160.988,175.115
2025-11-22 14:55:58,mlx5_2,0.000,0.000,0.000,0.000
2025-11-22 14:55:58,mlx5_3,0.000,0.000,0.000,0.000
2025-11-22 14:55:58,mlx5_4,0.000,0.000,0.000,0.000
2025-11-22 14:55:58,mlx5_5,0.000,0.000,162.496,179.714
2025-11-22 14:55:58,mlx5_6,0.000,0.000,0.000,0.000
2025-11-22 14:55:58,mlx5_7,0.000,0.000,0.000,0.000
2025-11-22 14:55:58,mlx5_8,0.000,0.000,0.000,0.000
2025-11-22 14:55:58,mlx5_9,0.000,0.000,0.000,0.000
2025-11-22 14:55:58,TOTAL,0.000,0.000,323.484,354.829
2025-11-22 14:55:59,mlx5_0,0.000,0.000,0.000,0.000
2025-11-22 14:55:59,mlx5_1,0.000,0.000,160.988,175.115
2025-11-22 14:55:59,mlx5_2,0.000,0.000,0.000,0.000
2025-11-22 14:55:59,mlx5_3,0.000,0.000,0.000,0.000
2025-11-22 14:55:59,mlx5_4,0.000,0.000,0.000,0.000
2025-11-22 14:55:59,mlx5_5,0.000,0.000,162.496,179.714
2025-11-22 14:55:59,mlx5_6,0.000,0.000,0.000,0.000
2025-11-22 14:55:59,mlx5_7,0.000,0.000,0.000,0.000
2025-11-22 14:55:59,mlx5_8,0.000,0.000,0.000,0.000
2025-11-22 14:55:59,mlx5_9,0.000,0.000,0.000,0.000
2025-11-22 14:55:59,TOTAL,0.000,0.000,323.484,354.829
2025-11-22 14:56:00,mlx5_0,0.000,0.000,0.000,0.000
2025-11-22 14:56:00,mlx5_1,18.633,22.172,163.329,177.900
2025-11-22 14:56:00,mlx5_2,0.000,0.000,0.000,0.000
2025-11-22 14:56:00,mlx5_3,0.000,0.000,0.000,0.000
2025-11-22 14:56:00,mlx5_4,0.000,0.000,0.000,0.000
2025-11-22 14:56:00,mlx5_5,18.726,22.233,164.849,182.507
2025-11-22 14:56:00,mlx5_6,0.000,0.000,0.000,0.000
2025-11-22 14:56:00,mlx5_7,0.000,0.000,0.000,0.000
2025-11-22 14:56:00,mlx5_8,0.000,0.000,0.000,0.000
2025-11-22 14:56:00,mlx5_9,0.000,0.000,0.000,0.000
2025-11-22 14:56:00,TOTAL,37.358,44.406,328.178,360.408
2025-11-22 14:56:01,mlx5_0,0.000,0.000,0.000,0.000
2025-11-22 14:56:01,mlx5_1,0.000,0.000,163.329,177.900
2025-11-22 14:56:01,mlx5_2,0.000,0.000,0.000,0.000
2025-11-22 14:56:01,mlx5_3,0.000,0.000,0.000,0.000
2025-11-22 14:56:01,mlx5_4,0.000,0.000,0.000,0.000
2025-11-22 14:56:01,mlx5_5,0.000,0.000,164.849,182.507
2025-11-22 14:56:01,mlx5_6,0.000,0.000,0.000,0.000
2025-11-22 14:56:01,mlx5_7,0.000,0.000,0.000,0.000
2025-11-22 14:56:01,mlx5_8,0.000,0.000,0.000,0.000
2025-11-22 14:56:01,mlx5_9,0.000,0.000,0.000,0.000
2025-11-22 14:56:01,TOTAL,0.000,0.000,328.178,360.408
2025-11-22 14:56:02,mlx5_0,0.000,0.000,0.000,0.000
2025-11-22 14:56:02,mlx5_1,18.171,0.023,165.613,177.903
2025-11-22 14:56:02,mlx5_2,0.000,0.000,0.000,0.000
2025-11-22 14:56:02,mlx5_3,0.000,0.000,0.000,0.000
2025-11-22 14:56:02,mlx5_4,0.000,0.000,0.000,0.000
2025-11-22 14:56:02,mlx5_5,18.246,0.023,167.141,182.510
2025-11-22 14:56:02,mlx5_6,0.000,0.000,0.000,0.000
2025-11-22 14:56:02,mlx5_7,0.000,0.000,0.000,0.000
2025-11-22 14:56:02,mlx5_8,0.000,0.000,0.000,0.000
2025-11-22 14:56:02,mlx5_9,0.000,0.000,0.000,0.000
2025-11-22 14:56:02,TOTAL,36.417,0.045,332.754,360.414
2025-11-22 14:56:03,mlx5_0,0.000,0.000,0.000,0.000
2025-11-22 14:56:03,mlx5_1,18.419,0.022,167.927,177.906
2025-11-22 14:56:03,mlx5_2,0.000,0.000,0.000,0.000
2025-11-22 14:56:03,mlx5_3,0.000,0.000,0.000,0.000
2025-11-22 14:56:03,mlx5_4,0.000,0.000,0.000,0.000
2025-11-22 14:56:03,mlx5_5,18.800,0.023,169.503,182.513
2025-11-22 14:56:03,mlx5_6,0.000,0.000,0.000,0.000
2025-11-22 14:56:03,mlx5_7,0.000,0.000,0.000,0.000
2025-11-22 14:56:03,mlx5_8,0.000,0.000,0.000,0.000
2025-11-22 14:56:03,mlx5_9,0.000,0.000,0.000,0.000
2025-11-22 14:56:03,TOTAL,37.219,0.045,337.430,360.419
2025-11-22 14:56:04,mlx5_0,0.000,0.000,0.000,0.000
2025-11-22 14:56:04,mlx5_1,0.000,0.000,167.927,177.906
2025-11-22 14:56:04,mlx5_2,0.000,0.000,0.000,0.000
2025-11-22 14:56:04,mlx5_3,0.000,0.000,0.000,0.000
2025-11-22 14:56:04,mlx5_4,0.000,0.000,0.000,0.000
2025-11-22 14:56:04,mlx5_5,0.000,0.000,169.503,182.513
2025-11-22 14:56:04,mlx5_6,0.000,0.000,0.000,0.000
2025-11-22 14:56:04,mlx5_7,0.000,0.000,0.000,0.000
2025-11-22 14:56:04,mlx5_8,0.000,0.000,0.000,0.000
2025-11-22 14:56:04,mlx5_9,0.000,0.000,0.000,0.000
2025-11-22 14:56:04,TOTAL,0.000,0.000,337.430,360.419
2025-11-22 14:56:05,mlx5_0,0.000,0.000,0.000,0.000
2025-11-22 14:56:05,mlx5_1,18.592,0.022,170.262,177.909
2025-11-22 14:56:05,mlx5_2,0.000,0.000,0.000,0.000
2025-11-22 14:56:05,mlx5_3,0.000,0.000,0.000,0.000
2025-11-22 14:56:05,mlx5_4,0.000,0.000,0.000,0.000
2025-11-22 14:56:05,mlx5_5,18.633,0.023,171.844,182.516
2025-11-22 14:56:05,mlx5_6,0.000,0.000,0.000,0.000
2025-11-22 14:56:05,mlx5_7,0.000,0.000,0.000,0.000
2025-11-22 14:56:05,mlx5_8,0.000,0.000,0.000,0.000
2025-11-22 14:56:05,mlx5_9,0.000,0.000,0.000,0.000
2025-11-22 14:56:05,TOTAL,37.225,0.045,342.106,360.425
2025-11-22 14:56:06,mlx5_0,0.000,0.000,0.000,0.000
2025-11-22 14:56:06,mlx5_1,0.000,0.000,170.262,177.909
2025-11-22 14:56:06,mlx5_2,0.000,0.000,0.000,0.000
2025-11-22 14:56:06,mlx5_3,0.000,0.000,0.000,0.000
2025-11-22 14:56:06,mlx5_4,0.000,0.000,0.000,0.000
2025-11-22 14:56:06,mlx5_5,0.000,0.000,171.844,182.516
2025-11-22 14:56:06,mlx5_6,0.000,0.000,0.000,0.000
2025-11-22 14:56:06,mlx5_7,0.000,0.000,0.000,0.000
2025-11-22 14:56:06,mlx5_8,0.000,0.000,0.000,0.000
2025-11-22 14:56:06,mlx5_9,0.000,0.000,0.000,0.000
2025-11-22 14:56:06,TOTAL,0.000,0.000,342.106,360.425
2025-11-22 14:56:07,mlx5_0,0.000,0.000,0.000,0.000
2025-11-22 14:56:07,mlx5_1,18.844,0.022,172.630,177.912
2025-11-22 14:56:07,mlx5_2,0.000,0.000,0.000,0.000
2025-11-22 14:56:07,mlx5_3,0.000,0.000,0.000,0.000
2025-11-22 14:56:07,mlx5_4,0.000,0.000,0.000,0.000
2025-11-22 14:56:07,mlx5_5,18.370,0.023,174.152,182.519
2025-11-22 14:56:07,mlx5_6,0.000,0.000,0.000,0.000
2025-11-22 14:56:07,mlx5_7,0.000,0.000,0.000,0.000
2025-11-22 14:56:07,mlx5_8,0.000,0.000,0.000,0.000
2025-11-22 14:56:07,mlx5_9,0.000,0.000,0.000,0.000
2025-11-22 14:56:07,TOTAL,37.214,0.045,346.782,360.431
2025-11-22 14:56:08,mlx5_0,0.000,0.000,0.000,0.000
2025-11-22 14:56:08,mlx5_1,0.000,0.000,172.630,177.912
2025-11-22 14:56:08,mlx5_2,0.000,0.000,0.000,0.000
2025-11-22 14:56:08,mlx5_3,0.000,0.000,0.000,0.000
2025-11-22 14:56:08,mlx5_4,0.000,0.000,0.000,0.000
2025-11-22 14:56:08,mlx5_5,0.000,0.000,174.152,182.519
2025-11-22 14:56:08,mlx5_6,0.000,0.000,0.000,0.000
2025-11-22 14:56:08,mlx5_7,0.000,0.000,0.000,0.000
2025-11-22 14:56:08,mlx5_8,0.000,0.000,0.000,0.000
2025-11-22 14:56:08,mlx5_9,0.000,0.000,0.000,0.000
2025-11-22 14:56:08,TOTAL,0.000,0.000,346.782,360.431
2025-11-22 14:56:09,mlx5_0,0.000,0.000,0.000,0.000
2025-11-22 14:56:09,mlx5_1,0.000,0.000,172.630,177.912
2025-11-22 14:56:09,mlx5_2,0.000,0.000,0.000,0.000
2025-11-22 14:56:09,mlx5_3,0.000,0.000,0.000,0.000
2025-11-22 14:56:09,mlx5_4,0.000,0.000,0.000,0.000
2025-11-22 14:56:09,mlx5_5,0.000,0.000,174.152,182.519
2025-11-22 14:56:09,mlx5_6,0.000,0.000,0.000,0.000
2025-11-22 14:56:09,mlx5_7,0.000,0.000,0.000,0.000
2025-11-22 14:56:09,mlx5_8,0.000,0.000,0.000,0.000
2025-11-22 14:56:09,mlx5_9,0.000,0.000,0.000,0.000
2025-11-22 14:56:09,TOTAL,0.000,0.000,346.782,360.431
2025-11-22 14:56:10,mlx5_0,0.000,0.000,0.000,0.000
2025-11-22 14:56:10,mlx5_1,18.719,21.481,174.982,180.611
2025-11-22 14:56:10,mlx5_2,0.000,0.000,0.000,0.000
2025-11-22 14:56:10,mlx5_3,0.000,0.000,0.000,0.000
2025-11-22 14:56:10,mlx5_4,0.000,0.000,0.000,0.000
2025-11-22 14:56:10,mlx5_5,18.627,22.925,176.492,185.399
2025-11-22 14:56:10,mlx5_6,0.000,0.000,0.000,0.000
2025-11-22 14:56:10,mlx5_7,0.000,0.000,0.000,0.000
2025-11-22 14:56:10,mlx5_8,0.000,0.000,0.000,0.000
2025-11-22 14:56:10,mlx5_9,0.000,0.000,0.000,0.000
2025-11-22 14:56:10,TOTAL,37.346,44.406,351.474,366.010
2025-11-22 14:56:11,mlx5_0,0.000,0.000,0.000,0.000
2025-11-22 14:56:11,mlx5_1,0.000,0.000,174.982,180.611
2025-11-22 14:56:11,mlx5_2,0.000,0.000,0.000,0.000
2025-11-22 14:56:11,mlx5_3,0.000,0.000,0.000,0.000
2025-11-22 14:56:11,mlx5_4,0.000,0.000,0.000,0.000
2025-11-22 14:56:11,mlx5_5,0.000,0.000,176.492,185.399
2025-11-22 14:56:11,mlx5_6,0.000,0.000,0.000,0.000
2025-11-22 14:56:11,mlx5_7,0.000,0.000,0.000,0.000
2025-11-22 14:56:11,mlx5_8,0.000,0.000,0.000,0.000
2025-11-22 14:56:11,mlx5_9,0.000,0.000,0.000,0.000
2025-11-22 14:56:11,TOTAL,0.000,0.000,351.474,366.010
2025-11-22 14:56:12,mlx5_0,0.000,0.000,0.000,0.000
2025-11-22 14:56:12,mlx5_1,18.183,0.023,177.266,180.614
2025-11-22 14:56:12,mlx5_2,0.000,0.000,0.000,0.000
2025-11-22 14:56:12,mlx5_3,0.000,0.000,0.000,0.000
2025-11-22 14:56:12,mlx5_4,0.000,0.000,0.000,0.000
2025-11-22 14:56:12,mlx5_5,18.241,0.023,178.784,185.402
2025-11-22 14:56:12,mlx5_6,0.000,0.000,0.000,0.000
2025-11-22 14:56:12,mlx5_7,0.000,0.000,0.000,0.000
2025-11-22 14:56:12,mlx5_8,0.000,0.000,0.000,0.000
2025-11-22 14:56:12,mlx5_9,0.000,0.000,0.000,0.000
2025-11-22 14:56:12,TOTAL,36.424,0.046,356.050,366.016
2025-11-22 14:56:13,mlx5_0,0.000,0.000,0.000,0.000
2025-11-22 14:56:13,mlx5_1,0.000,0.000,177.266,180.614
2025-11-22 14:56:13,mlx5_2,0.000,0.000,0.000,0.000
2025-11-22 14:56:13,mlx5_3,0.000,0.000,0.000,0.000
2025-11-22 14:56:13,mlx5_4,0.000,0.000,0.000,0.000
2025-11-22 14:56:13,mlx5_5,0.000,0.000,178.784,185.402
2025-11-22 14:56:13,mlx5_6,0.000,0.000,0.000,0.000
2025-11-22 14:56:13,mlx5_7,0.000,0.000,0.000,0.000
2025-11-22 14:56:13,mlx5_8,0.000,0.000,0.000,0.000
2025-11-22 14:56:13,mlx5_9,0.000,0.000,0.000,0.000
2025-11-22 14:56:13,TOTAL,0.000,0.000,356.050,366.016
2025-11-22 14:56:14,mlx5_0,0.000,0.000,0.000,0.000
2025-11-22 14:56:14,mlx5_1,18.631,0.022,179.607,180.616
2025-11-22 14:56:14,mlx5_2,0.000,0.000,0.000,0.000
2025-11-22 14:56:14,mlx5_3,0.000,0.000,0.000,0.000
2025-11-22 14:56:14,mlx5_4,0.000,0.000,0.000,0.000
2025-11-22 14:56:14,mlx5_5,18.582,0.023,181.119,185.405
2025-11-22 14:56:14,mlx5_6,0.000,0.000,0.000,0.000
2025-11-22 14:56:14,mlx5_7,0.000,0.000,0.000,0.000
2025-11-22 14:56:14,mlx5_8,0.000,0.000,0.000,0.000
2025-11-22 14:56:14,mlx5_9,0.000,0.000,0.000,0.000
2025-11-22 14:56:14,TOTAL,37.213,0.045,360.726,366.022
2025-11-22 14:56:15,mlx5_0,0.000,0.000,0.000,0.000
2025-11-22 14:56:15,mlx5_1,18.511,0.022,181.933,180.619
2025-11-22 14:56:15,mlx5_2,0.000,0.000,0.000,0.000
2025-11-22 14:56:15,mlx5_3,0.000,0.000,0.000,0.000
2025-11-22 14:56:15,mlx5_4,0.000,0.000,0.000,0.000
2025-11-22 14:56:15,mlx5_5,18.707,0.023,183.469,185.408
2025-11-22 14:56:15,mlx5_6,0.000,0.000,0.000,0.000
2025-11-22 14:56:15,mlx5_7,0.000,0.000,0.000,0.000
2025-11-22 14:56:15,mlx5_8,0.000,0.000,0.000,0.000
2025-11-22 14:56:15,mlx5_9,0.000,0.000,0.000,0.000
2025-11-22 14:56:15,TOTAL,37.218,0.045,365.402,366.027
2025-11-22 14:56:16,mlx5_0,0.000,0.000,0.000,0.000
2025-11-22 14:56:16,mlx5_1,0.000,0.000,181.933,180.619
2025-11-22 14:56:16,mlx5_2,0.000,0.000,0.000,0.000
2025-11-22 14:56:16,mlx5_3,0.000,0.000,0.000,0.000
2025-11-22 14:56:16,mlx5_4,0.000,0.000,0.000,0.000
2025-11-22 14:56:16,mlx5_5,0.000,0.000,183.469,185.408
2025-11-22 14:56:16,mlx5_6,0.000,0.000,0.000,0.000
2025-11-22 14:56:16,mlx5_7,0.000,0.000,0.000,0.000
2025-11-22 14:56:16,mlx5_8,0.000,0.000,0.000,0.000
2025-11-22 14:56:16,mlx5_9,0.000,0.000,0.000,0.000
2025-11-22 14:56:16,TOTAL,0.000,0.000,365.402,366.027
2025-11-22 14:56:17,mlx5_0,0.000,0.000,0.000,0.000
2025-11-22 14:56:17,mlx5_1,0.000,0.000,181.933,180.619
2025-11-22 14:56:17,mlx5_2,0.000,0.000,0.000,0.000
2025-11-22 14:56:17,mlx5_3,0.000,0.000,0.000,0.000
2025-11-22 14:56:17,mlx5_4,0.000,0.000,0.000,0.000
2025-11-22 14:56:17,mlx5_5,0.000,0.000,183.469,185.408
2025-11-22 14:56:17,mlx5_6,0.000,0.000,0.000,0.000
2025-11-22 14:56:17,mlx5_7,0.000,0.000,0.000,0.000
2025-11-22 14:56:17,mlx5_8,0.000,0.000,0.000,0.000
2025-11-22 14:56:17,mlx5_9,0.000,0.000,0.000,0.000
2025-11-22 14:56:17,TOTAL,0.000,0.000,365.402,366.027
2025-11-22 14:56:18,mlx5_0,0.000,0.000,0.000,0.000
2025-11-22 14:56:18,mlx5_1,18.571,0.022,184.266,180.622
2025-11-22 14:56:18,mlx5_2,0.000,0.000,0.000,0.000
2025-11-22 14:56:18,mlx5_3,0.000,0.000,0.000,0.000
2025-11-22 14:56:18,mlx5_4,0.000,0.000,0.000,0.000
2025-11-22 14:56:18,mlx5_5,18.659,0.023,185.813,185.411
2025-11-22 14:56:18,mlx5_6,0.000,0.000,0.000,0.000
2025-11-22 14:56:18,mlx5_7,0.000,0.000,0.000,0.000
2025-11-22 14:56:18,mlx5_8,0.000,0.000,0.000,0.000
2025-11-22 14:56:18,mlx5_9,0.000,0.000,0.000,0.000
2025-11-22 14:56:18,TOTAL,37.230,0.045,370.079,366.033
2025-11-22 14:56:19,mlx5_0,0.000,0.000,0.000,0.000
2025-11-22 14:56:19,mlx5_1,0.000,0.000,184.266,180.622
2025-11-22 14:56:19,mlx5_2,0.000,0.000,0.000,0.000
2025-11-22 14:56:19,mlx5_3,0.000,0.000,0.000,0.000
2025-11-22 14:56:19,mlx5_4,0.000,0.000,0.000,0.000
2025-11-22 14:56:19,mlx5_5,0.000,0.000,185.813,185.411
2025-11-22 14:56:19,mlx5_6,0.000,0.000,0.000,0.000
2025-11-22 14:56:19,mlx5_7,0.000,0.000,0.000,0.000
2025-11-22 14:56:19,mlx5_8,0.000,0.000,0.000,0.000
2025-11-22 14:56:19,mlx5_9,0.000,0.000,0.000,0.000
2025-11-22 14:56:19,TOTAL,0.000,0.000,370.079,366.033
2025-11-22 14:56:20,mlx5_0,0.000,0.000,0.000,0.000
2025-11-22 14:56:20,mlx5_1,18.635,21.578,186.607,183.333
2025-11-22 14:56:20,mlx5_2,0.000,0.000,0.000,0.000
2025-11-22 14:56:20,mlx5_3,0.000,0.000,0.000,0.000
2025-11-22 14:56:20,mlx5_4,0.000,0.000,0.000,0.000
2025-11-22 14:56:20,mlx5_5,18.724,22.821,188.166,188.278
2025-11-22 14:56:20,mlx5_6,0.000,0.000,0.000,0.000
2025-11-22 14:56:20,mlx5_7,0.000,0.000,0.000,0.000
2025-11-22 14:56:20,mlx5_8,0.000,0.000,0.000,0.000
2025-11-22 14:56:20,mlx5_9,0.000,0.000,0.000,0.000
2025-11-22 14:56:20,TOTAL,37.359,44.399,374.773,371.612
2025-11-22 14:56:21,mlx5_0,0.000,0.000,0.000,0.000
2025-11-22 14:56:21,mlx5_1,0.000,0.000,186.607,183.333
2025-11-22 14:56:21,mlx5_2,0.000,0.000,0.000,0.000
2025-11-22 14:56:21,mlx5_3,0.000,0.000,0.000,0.000
2025-11-22 14:56:21,mlx5_4,0.000,0.000,0.000,0.000
2025-11-22 14:56:21,mlx5_5,0.000,0.000,188.166,188.278
2025-11-22 14:56:21,mlx5_6,0.000,0.000,0.000,0.000
2025-11-22 14:56:21,mlx5_7,0.000,0.000,0.000,0.000
2025-11-22 14:56:21,mlx5_8,0.000,0.000,0.000,0.000
2025-11-22 14:56:21,mlx5_9,0.000,0.000,0.000,0.000
2025-11-22 14:56:21,TOTAL,0.000,0.000,374.773,371.612
2025-11-22 14:56:22,mlx5_0,0.000,0.000,0.000,0.000
2025-11-22 14:56:22,mlx5_1,19.338,0.024,189.036,183.336
2025-11-22 14:56:22,mlx5_2,0.000,0.000,0.000,0.000
2025-11-22 14:56:22,mlx5_3,0.000,0.000,0.000,0.000
2025-11-22 14:56:22,mlx5_4,0.000,0.000,0.000,0.000
2025-11-22 14:56:22,mlx5_5,19.416,0.024,190.605,188.281
2025-11-22 14:56:22,mlx5_6,0.000,0.000,0.000,0.000
2025-11-22 14:56:22,mlx5_7,0.000,0.000,0.000,0.000
2025-11-22 14:56:22,mlx5_8,0.000,0.000,0.000,0.000
2025-11-22 14:56:22,mlx5_9,0.000,0.000,0.000,0.000
2025-11-22 14:56:22,TOTAL,38.754,0.048,379.641,371.618
2025-11-22 14:56:23,mlx5_0,0.000,0.000,0.000,0.000
2025-11-22 14:56:23,mlx5_1,0.000,0.000,189.036,183.336
2025-11-22 14:56:23,mlx5_2,0.000,0.000,0.000,0.000
2025-11-22 14:56:23,mlx5_3,0.000,0.000,0.000,0.000
2025-11-22 14:56:23,mlx5_4,0.000,0.000,0.000,0.000
2025-11-22 14:56:23,mlx5_5,0.000,0.000,190.605,188.281
2025-11-22 14:56:23,mlx5_6,0.000,0.000,0.000,0.000
2025-11-22 14:56:23,mlx5_7,0.000,0.000,0.000,0.000
2025-11-22 14:56:23,mlx5_8,0.000,0.000,0.000,0.000
2025-11-22 14:56:23,mlx5_9,0.000,0.000,0.000,0.000
2025-11-22 14:56:23,TOTAL,0.000,0.000,379.641,371.618
2025-11-22 14:56:24,mlx5_0,0.000,0.000,0.000,0.000
2025-11-22 14:56:24,mlx5_1,18.771,0.023,191.393,183.339
2025-11-22 14:56:24,mlx5_2,0.000,0.000,0.000,0.000
2025-11-22 14:56:24,mlx5_3,0.000,0.000,0.000,0.000
2025-11-22 14:56:24,mlx5_4,0.000,0.000,0.000,0.000
2025-11-22 14:56:24,mlx5_5,18.469,0.023,192.924,188.284
2025-11-22 14:56:24,mlx5_6,0.000,0.000,0.000,0.000
2025-11-22 14:56:24,mlx5_7,0.000,0.000,0.000,0.000
2025-11-22 14:56:24,mlx5_8,0.000,0.000,0.000,0.000
2025-11-22 14:56:24,mlx5_9,0.000,0.000,0.000,0.000
2025-11-22 14:56:24,TOTAL,37.240,0.045,384.317,371.623
2025-11-22 14:56:25,mlx5_0,0.000,0.000,0.000,0.000
2025-11-22 14:56:25,mlx5_1,0.000,0.000,191.393,183.339
2025-11-22 14:56:25,mlx5_2,0.000,0.000,0.000,0.000
2025-11-22 14:56:25,mlx5_3,0.000,0.000,0.000,0.000
2025-11-22 14:56:25,mlx5_4,0.000,0.000,0.000,0.000
2025-11-22 14:56:25,mlx5_5,0.000,0.000,192.924,188.284
2025-11-22 14:56:25,mlx5_6,0.000,0.000,0.000,0.000
2025-11-22 14:56:25,mlx5_7,0.000,0.000,0.000,0.000
2025-11-22 14:56:25,mlx5_8,0.000,0.000,0.000,0.000
2025-11-22 14:56:25,mlx5_9,0.000,0.000,0.000,0.000
2025-11-22 14:56:25,TOTAL,0.000,0.000,384.317,371.623
2025-11-22 14:56:26,mlx5_0,0.000,0.000,0.000,0.000
2025-11-22 14:56:26,mlx5_1,18.507,0.022,193.718,183.342
2025-11-22 14:56:26,mlx5_2,0.000,0.000,0.000,0.000
2025-11-22 14:56:26,mlx5_3,0.000,0.000,0.000,0.000
2025-11-22 14:56:26,mlx5_4,0.000,0.000,0.000,0.000
2025-11-22 14:56:26,mlx5_5,18.713,0.023,195.275,188.287
2025-11-22 14:56:26,mlx5_6,0.000,0.000,0.000,0.000
2025-11-22 14:56:26,mlx5_7,0.000,0.000,0.000,0.000
2025-11-22 14:56:26,mlx5_8,0.000,0.000,0.000,0.000
2025-11-22 14:56:26,mlx5_9,0.000,0.000,0.000,0.000
2025-11-22 14:56:26,TOTAL,37.219,0.045,388.993,371.629
2025-11-22 14:56:27,mlx5_0,0.000,0.000,0.000,0.000
2025-11-22 14:56:27,mlx5_1,0.000,0.000,193.718,183.342
2025-11-22 14:56:27,mlx5_2,0.000,0.000,0.000,0.000
2025-11-22 14:56:27,mlx5_3,0.000,0.000,0.000,0.000
2025-11-22 14:56:27,mlx5_4,0.000,0.000,0.000,0.000
2025-11-22 14:56:27,mlx5_5,0.000,0.000,195.275,188.287
2025-11-22 14:56:27,mlx5_6,0.000,0.000,0.000,0.000
2025-11-22 14:56:27,mlx5_7,0.000,0.000,0.000,0.000
2025-11-22 14:56:27,mlx5_8,0.000,0.000,0.000,0.000
2025-11-22 14:56:27,mlx5_9,0.000,0.000,0.000,0.000
2025-11-22 14:56:27,TOTAL,0.000,0.000,388.993,371.629
2025-11-22 14:56:28,mlx5_0,0.000,0.000,0.000,0.000
2025-11-22 14:56:28,mlx5_1,18.536,0.023,196.048,183.345
2025-11-22 14:56:28,mlx5_2,0.000,0.000,0.000,0.000
2025-11-22 14:56:28,mlx5_3,0.000,0.000,0.000,0.000
2025-11-22 14:56:28,mlx5_4,0.000,0.000,0.000,0.000
2025-11-22 14:56:28,mlx5_5,18.674,0.023,197.621,188.290
2025-11-22 14:56:28,mlx5_6,0.000,0.000,0.000,0.000
2025-11-22 14:56:28,mlx5_7,0.000,0.000,0.000,0.000
2025-11-22 14:56:28,mlx5_8,0.000,0.000,0.000,0.000
2025-11-22 14:56:28,mlx5_9,0.000,0.000,0.000,0.000
2025-11-22 14:56:28,TOTAL,37.210,0.046,393.669,371.635
2025-11-22 14:56:29,mlx5_0,0.000,0.000,0.000,0.000
2025-11-22 14:56:29,mlx5_1,0.000,0.000,196.048,183.345
2025-11-22 14:56:29,mlx5_2,0.000,0.000,0.000,0.000
2025-11-22 14:56:29,mlx5_3,0.000,0.000,0.000,0.000
2025-11-22 14:56:29,mlx5_4,0.000,0.000,0.000,0.000
2025-11-22 14:56:29,mlx5_5,0.000,0.000,197.621,188.290
2025-11-22 14:56:29,mlx5_6,0.000,0.000,0.000,0.000
2025-11-22 14:56:29,mlx5_7,0.000,0.000,0.000,0.000
2025-11-22 14:56:29,mlx5_8,0.000,0.000,0.000,0.000
2025-11-22 14:56:29,mlx5_9,0.000,0.000,0.000,0.000
2025-11-22 14:56:29,TOTAL,0.000,0.000,393.669,371.635
2025-11-22 14:56:30,mlx5_0,0.000,0.000,0.000,0.000
2025-11-22 14:56:30,mlx5_1,0.000,0.000,196.048,183.345
2025-11-22 14:56:30,mlx5_2,0.000,0.000,0.000,0.000
2025-11-22 14:56:30,mlx5_3,0.000,0.000,0.000,0.000
2025-11-22 14:56:30,mlx5_4,0.000,0.000,0.000,0.000
2025-11-22 14:56:30,mlx5_5,0.000,0.000,197.621,188.290
2025-11-22 14:56:30,mlx5_6,0.000,0.000,0.000,0.000
2025-11-22 14:56:30,mlx5_7,0.000,0.000,0.000,0.000
2025-11-22 14:56:30,mlx5_8,0.000,0.000,0.000,0.000
2025-11-22 14:56:30,mlx5_9,0.000,0.000,0.000,0.000
2025-11-22 14:56:30,TOTAL,0.000,0.000,393.669,371.635
2025-11-22 14:56:31,mlx5_0,0.000,0.000,0.000,0.000
2025-11-22 14:56:31,mlx5_1,18.597,21.857,198.384,186.091
2025-11-22 14:56:31,mlx5_2,0.000,0.000,0.000,0.000
2025-11-22 14:56:31,mlx5_3,0.000,0.000,0.000,0.000
2025-11-22 14:56:31,mlx5_4,0.000,0.000,0.000,0.000
2025-11-22 14:56:31,mlx5_5,18.791,22.548,199.982,191.123
2025-11-22 14:56:31,mlx5_6,0.000,0.000,0.000,0.000
2025-11-22 14:56:31,mlx5_7,0.000,0.000,0.000,0.000
2025-11-22 14:56:31,mlx5_8,0.000,0.000,0.000,0.000
2025-11-22 14:56:31,mlx5_9,0.000,0.000,0.000,0.000
2025-11-22 14:56:31,TOTAL,37.388,44.405,398.366,377.214
2025-11-22 14:56:32,mlx5_0,0.000,0.000,0.000,0.000
2025-11-22 14:56:32,mlx5_1,9.991,0.012,199.640,186.092
2025-11-22 14:56:32,mlx5_2,0.000,0.000,0.000,0.000
2025-11-22 14:56:32,mlx5_3,0.000,0.000,0.000,0.000
2025-11-22 14:56:32,mlx5_4,0.000,0.000,0.000,0.000
2025-11-22 14:56:32,mlx5_5,10.225,0.013,201.267,191.124
2025-11-22 14:56:32,mlx5_6,0.000,0.000,0.000,0.000
2025-11-22 14:56:32,mlx5_7,0.000,0.000,0.000,0.000
2025-11-22 14:56:32,mlx5_8,0.000,0.000,0.000,0.000
2025-11-22 14:56:32,mlx5_9,0.000,0.000,0.000,0.000
2025-11-22 14:56:32,TOTAL,20.216,0.025,400.907,377.217
2025-11-22 14:56:33,mlx5_0,0.000,0.000,0.000,0.000
2025-11-22 14:56:33,mlx5_1,8.251,0.010,200.677,186.094
2025-11-22 14:56:33,mlx5_2,0.000,0.000,0.000,0.000
2025-11-22 14:56:33,mlx5_3,0.000,0.000,0.000,0.000
2025-11-22 14:56:33,mlx5_4,0.000,0.000,0.000,0.000
2025-11-22 14:56:33,mlx5_5,7.943,0.010,202.265,191.126
2025-11-22 14:56:33,mlx5_6,0.000,0.000,0.000,0.000
2025-11-22 14:56:33,mlx5_7,0.000,0.000,0.000,0.000
2025-11-22 14:56:33,mlx5_8,0.000,0.000,0.000,0.000
2025-11-22 14:56:33,mlx5_9,0.000,0.000,0.000,0.000
2025-11-22 14:56:33,TOTAL,16.193,0.020,402.942,377.219
2025-11-22 14:56:34,mlx5_0,0.000,0.000,0.000,0.000
2025-11-22 14:56:34,mlx5_1,18.544,0.022,203.007,186.096
2025-11-22 14:56:34,mlx5_2,0.000,0.000,0.000,0.000
2025-11-22 14:56:34,mlx5_3,0.000,0.000,0.000,0.000
2025-11-22 14:56:34,mlx5_4,0.000,0.000,0.000,0.000
2025-11-22 14:56:34,mlx5_5,18.665,0.023,204.611,191.128
2025-11-22 14:56:34,mlx5_6,0.000,0.000,0.000,0.000
2025-11-22 14:56:34,mlx5_7,0.000,0.000,0.000,0.000
2025-11-22 14:56:34,mlx5_8,0.000,0.000,0.000,0.000
2025-11-22 14:56:34,mlx5_9,0.000,0.000,0.000,0.000
2025-11-22 14:56:34,TOTAL,37.209,0.045,407.618,377.225
2025-11-22 14:56:35,mlx5_0,0.000,0.000,0.000,0.000
2025-11-22 14:56:35,mlx5_1,0.000,0.000,203.007,186.096
2025-11-22 14:56:35,mlx5_2,0.000,0.000,0.000,0.000
2025-11-22 14:56:35,mlx5_3,0.000,0.000,0.000,0.000
2025-11-22 14:56:35,mlx5_4,0.000,0.000,0.000,0.000
2025-11-22 14:56:35,mlx5_5,0.000,0.000,204.611,191.128
2025-11-22 14:56:35,mlx5_6,0.000,0.000,0.000,0.000
2025-11-22 14:56:35,mlx5_7,0.000,0.000,0.000,0.000
2025-11-22 14:56:35,mlx5_8,0.000,0.000,0.000,0.000
2025-11-22 14:56:35,mlx5_9,0.000,0.000,0.000,0.000
2025-11-22 14:56:35,TOTAL,0.000,0.000,407.618,377.225
2025-11-22 14:56:36,mlx5_0,0.000,0.000,0.000,0.000
2025-11-22 14:56:36,mlx5_1,18.608,0.022,205.345,186.099
2025-11-22 14:56:36,mlx5_2,0.000,0.000,0.000,0.000
2025-11-22 14:56:36,mlx5_3,0.000,0.000,0.000,0.000
2025-11-22 14:56:36,mlx5_4,0.000,0.000,0.000,0.000
2025-11-22 14:56:36,mlx5_5,18.615,0.023,206.950,191.131
2025-11-22 14:56:36,mlx5_6,0.000,0.000,0.000,0.000
2025-11-22 14:56:36,mlx5_7,0.000,0.000,0.000,0.000
2025-11-22 14:56:36,mlx5_8,0.000,0.000,0.000,0.000
2025-11-22 14:56:36,mlx5_9,0.000,0.000,0.000,0.000
2025-11-22 14:56:36,TOTAL,37.223,0.045,412.294,377.230
2025-11-22 14:56:37,mlx5_0,0.000,0.000,0.000,0.000
2025-11-22 14:56:37,mlx5_1,0.000,0.000,205.345,186.099
2025-11-22 14:56:37,mlx5_2,0.000,0.000,0.000,0.000
2025-11-22 14:56:37,mlx5_3,0.000,0.000,0.000,0.000
2025-11-22 14:56:37,mlx5_4,0.000,0.000,0.000,0.000
2025-11-22 14:56:37,mlx5_5,0.000,0.000,206.950,191.131
2025-11-22 14:56:37,mlx5_6,0.000,0.000,0.000,0.000
2025-11-22 14:56:37,mlx5_7,0.000,0.000,0.000,0.000
2025-11-22 14:56:37,mlx5_8,0.000,0.000,0.000,0.000
2025-11-22 14:56:37,mlx5_9,0.000,0.000,0.000,0.000
2025-11-22 14:56:37,TOTAL,0.000,0.000,412.294,377.230
2025-11-22 14:56:38,mlx5_0,0.000,0.000,0.000,0.000
2025-11-22 14:56:38,mlx5_1,18.729,0.022,207.697,186.102
2025-11-22 14:56:38,mlx5_2,0.000,0.000,0.000,0.000
2025-11-22 14:56:38,mlx5_3,0.000,0.000,0.000,0.000
2025-11-22 14:56:38,mlx5_4,0.000,0.000,0.000,0.000
2025-11-22 14:56:38,mlx5_5,18.492,0.023,209.273,191.134
2025-11-22 14:56:38,mlx5_6,0.000,0.000,0.000,0.000
2025-11-22 14:56:38,mlx5_7,0.000,0.000,0.000,0.000
2025-11-22 14:56:38,mlx5_8,0.000,0.000,0.000,0.000
2025-11-22 14:56:38,mlx5_9,0.000,0.000,0.000,0.000
2025-11-22 14:56:38,TOTAL,37.221,0.045,416.970,377.236
2025-11-22 14:56:39,mlx5_0,0.000,0.000,0.000,0.000
2025-11-22 14:56:39,mlx5_1,0.000,0.000,207.697,186.102
2025-11-22 14:56:39,mlx5_2,0.000,0.000,0.000,0.000
2025-11-22 14:56:39,mlx5_3,0.000,0.000,0.000,0.000
2025-11-22 14:56:39,mlx5_4,0.000,0.000,0.000,0.000
2025-11-22 14:56:39,mlx5_5,0.000,0.000,209.273,191.134
2025-11-22 14:56:39,mlx5_6,0.000,0.000,0.000,0.000
2025-11-22 14:56:39,mlx5_7,0.000,0.000,0.000,0.000
2025-11-22 14:56:39,mlx5_8,0.000,0.000,0.000,0.000
2025-11-22 14:56:39,mlx5_9,0.000,0.000,0.000,0.000
2025-11-22 14:56:39,TOTAL,0.000,0.000,416.970,377.236
2025-11-22 14:56:40,mlx5_0,0.000,0.000,0.000,0.000
2025-11-22 14:56:40,mlx5_1,0.000,0.000,207.697,186.102
2025-11-22 14:56:40,mlx5_2,0.000,0.000,0.000,0.000
2025-11-22 14:56:40,mlx5_3,0.000,0.000,0.000,0.000
2025-11-22 14:56:40,mlx5_4,0.000,0.000,0.000,0.000
2025-11-22 14:56:40,mlx5_5,0.000,0.000,209.273,191.134
2025-11-22 14:56:40,mlx5_6,0.000,0.000,0.000,0.000
2025-11-22 14:56:40,mlx5_7,0.000,0.000,0.000,0.000
2025-11-22 14:56:40,mlx5_8,0.000,0.000,0.000,0.000
2025-11-22 14:56:40,mlx5_9,0.000,0.000,0.000,0.000
2025-11-22 14:56:40,TOTAL,0.000,0.000,416.970,377.236
2025-11-22 14:56:41,mlx5_0,0.000,0.000,0.000,0.000
2025-11-22 14:56:41,mlx5_1,18.654,22.041,210.039,188.869
2025-11-22 14:56:41,mlx5_2,0.000,0.000,0.000,0.000
2025-11-22 14:56:41,mlx5_3,0.000,0.000,0.000,0.000
2025-11-22 14:56:41,mlx5_4,0.000,0.000,0.000,0.000
2025-11-22 14:56:41,mlx5_5,18.731,22.399,211.624,193.946
2025-11-22 14:56:41,mlx5_6,0.000,0.000,0.000,0.000
2025-11-22 14:56:41,mlx5_7,0.000,0.000,0.000,0.000
2025-11-22 14:56:41,mlx5_8,0.000,0.000,0.000,0.000
2025-11-22 14:56:41,mlx5_9,0.000,0.000,0.000,0.000
2025-11-22 14:56:41,TOTAL,37.385,44.441,421.664,382.815
2025-11-22 14:56:42,mlx5_0,0.000,0.000,0.000,0.000
2025-11-22 14:56:42,mlx5_1,0.000,0.000,210.039,188.869
2025-11-22 14:56:42,mlx5_2,0.000,0.000,0.000,0.000
2025-11-22 14:56:42,mlx5_3,0.000,0.000,0.000,0.000
2025-11-22 14:56:42,mlx5_4,0.000,0.000,0.000,0.000
2025-11-22 14:56:42,mlx5_5,0.000,0.000,211.624,193.946
2025-11-22 14:56:42,mlx5_6,0.000,0.000,0.000,0.000
2025-11-22 14:56:42,mlx5_7,0.000,0.000,0.000,0.000
2025-11-22 14:56:42,mlx5_8,0.000,0.000,0.000,0.000
2025-11-22 14:56:42,mlx5_9,0.000,0.000,0.000,0.000
2025-11-22 14:56:42,TOTAL,0.000,0.000,421.664,382.815
2025-11-22 14:56:43,mlx5_0,0.000,0.000,0.000,0.000
2025-11-22 14:56:43,mlx5_1,17.399,0.021,212.225,188.872
2025-11-22 14:56:43,mlx5_2,0.000,0.000,0.000,0.000
2025-11-22 14:56:43,mlx5_3,0.000,0.000,0.000,0.000
2025-11-22 14:56:43,mlx5_4,0.000,0.000,0.000,0.000
2025-11-22 14:56:43,mlx5_5,17.492,0.021,213.822,193.949
2025-11-22 14:56:43,mlx5_6,0.000,0.000,0.000,0.000
2025-11-22 14:56:43,mlx5_7,0.000,0.000,0.000,0.000
2025-11-22 14:56:43,mlx5_8,0.000,0.000,0.000,0.000
2025-11-22 14:56:43,mlx5_9,0.000,0.000,0.000,0.000
2025-11-22 14:56:43,TOTAL,34.891,0.042,426.047,382.821
2025-11-22 14:56:44,mlx5_0,0.000,0.000,0.000,0.000
2025-11-22 14:56:44,mlx5_1,0.000,0.000,212.225,188.872
2025-11-22 14:56:44,mlx5_2,0.000,0.000,0.000,0.000
2025-11-22 14:56:44,mlx5_3,0.000,0.000,0.000,0.000
2025-11-22 14:56:44,mlx5_4,0.000,0.000,0.000,0.000
2025-11-22 14:56:44,mlx5_5,0.000,0.000,213.822,193.949
2025-11-22 14:56:44,mlx5_6,0.000,0.000,0.000,0.000
2025-11-22 14:56:44,mlx5_7,0.000,0.000,0.000,0.000
2025-11-22 14:56:44,mlx5_8,0.000,0.000,0.000,0.000
2025-11-22 14:56:44,mlx5_9,0.000,0.000,0.000,0.000
2025-11-22 14:56:44,TOTAL,0.000,0.000,426.047,382.821
2025-11-22 14:56:45,mlx5_0,0.000,0.000,0.000,0.000
2025-11-22 14:56:45,mlx5_1,18.727,0.023,214.577,188.875
2025-11-22 14:56:45,mlx5_2,0.000,0.000,0.000,0.000
2025-11-22 14:56:45,mlx5_3,0.000,0.000,0.000,0.000
2025-11-22 14:56:45,mlx5_4,0.000,0.000,0.000,0.000
2025-11-22 14:56:45,mlx5_5,18.508,0.023,216.146,193.952
2025-11-22 14:56:45,mlx5_6,0.000,0.000,0.000,0.000
2025-11-22 14:56:45,mlx5_7,0.000,0.000,0.000,0.000
2025-11-22 14:56:45,mlx5_8,0.000,0.000,0.000,0.000
2025-11-22 14:56:45,mlx5_9,0.000,0.000,0.000,0.000
2025-11-22 14:56:45,TOTAL,37.235,0.045,430.723,382.826
2025-11-22 14:56:46,mlx5_0,0.000,0.000,0.000,0.000
2025-11-22 14:56:46,mlx5_1,0.000,0.000,214.577,188.875
2025-11-22 14:56:46,mlx5_2,0.000,0.000,0.000,0.000
2025-11-22 14:56:46,mlx5_3,0.000,0.000,0.000,0.000
2025-11-22 14:56:46,mlx5_4,0.000,0.000,0.000,0.000
2025-11-22 14:56:46,mlx5_5,0.000,0.000,216.146,193.952
2025-11-22 14:56:46,mlx5_6,0.000,0.000,0.000,0.000
2025-11-22 14:56:46,mlx5_7,0.000,0.000,0.000,0.000
2025-11-22 14:56:46,mlx5_8,0.000,0.000,0.000,0.000
2025-11-22 14:56:46,mlx5_9,0.000,0.000,0.000,0.000
2025-11-22 14:56:46,TOTAL,0.000,0.000,430.723,382.826
2025-11-22 14:56:47,mlx5_0,0.000,0.000,0.000,0.000
2025-11-22 14:56:47,mlx5_1,18.451,0.022,216.896,188.877
2025-11-22 14:56:47,mlx5_2,0.000,0.000,0.000,0.000
2025-11-22 14:56:47,mlx5_3,0.000,0.000,0.000,0.000
2025-11-22 14:56:47,mlx5_4,0.000,0.000,0.000,0.000
2025-11-22 14:56:47,mlx5_5,18.762,0.023,218.504,193.955
2025-11-22 14:56:47,mlx5_6,0.000,0.000,0.000,0.000
2025-11-22 14:56:47,mlx5_7,0.000,0.000,0.000,0.000
2025-11-22 14:56:47,mlx5_8,0.000,0.000,0.000,0.000
2025-11-22 14:56:47,mlx5_9,0.000,0.000,0.000,0.000
2025-11-22 14:56:47,TOTAL,37.213,0.045,435.400,382.832
2025-11-22 14:56:48,mlx5_0,0.000,0.000,0.000,0.000
2025-11-22 14:56:48,mlx5_1,0.000,0.000,216.896,188.877
2025-11-22 14:56:48,mlx5_2,0.000,0.000,0.000,0.000
2025-11-22 14:56:48,mlx5_3,0.000,0.000,0.000,0.000
2025-11-22 14:56:48,mlx5_4,0.000,0.000,0.000,0.000
2025-11-22 14:56:48,mlx5_5,0.000,0.000,218.504,193.955
2025-11-22 14:56:48,mlx5_6,0.000,0.000,0.000,0.000
2025-11-22 14:56:48,mlx5_7,0.000,0.000,0.000,0.000
2025-11-22 14:56:48,mlx5_8,0.000,0.000,0.000,0.000
2025-11-22 14:56:48,mlx5_9,0.000,0.000,0.000,0.000
2025-11-22 14:56:48,TOTAL,0.000,0.000,435.400,382.832
2025-11-22 14:56:49,mlx5_0,0.000,0.000,0.000,0.000
2025-11-22 14:56:49,mlx5_1,18.717,21.802,219.245,191.614
2025-11-22 14:56:49,mlx5_2,0.000,0.000,0.000,0.000
2025-11-22 14:56:49,mlx5_3,0.000,0.000,0.000,0.000
2025-11-22 14:56:49,mlx5_4,0.000,0.000,0.000,0.000
2025-11-22 14:56:49,mlx5_5,18.687,22.644,220.850,196.797
2025-11-22 14:56:49,mlx5_6,0.000,0.000,0.000,0.000
2025-11-22 14:56:49,mlx5_7,0.000,0.000,0.000,0.000
2025-11-22 14:56:49,mlx5_8,0.000,0.000,0.000,0.000
2025-11-22 14:56:49,mlx5_9,0.000,0.000,0.000,0.000
2025-11-22 14:56:49,TOTAL,37.404,44.447,440.095,388.411
2025-11-22 14:56:50,mlx5_0,0.000,0.000,0.000,0.000
2025-11-22 14:56:50,mlx5_1,0.000,0.000,219.245,191.614
2025-11-22 14:56:50,mlx5_2,0.000,0.000,0.000,0.000
2025-11-22 14:56:50,mlx5_3,0.000,0.000,0.000,0.000
2025-11-22 14:56:50,mlx5_4,0.000,0.000,0.000,0.000
2025-11-22 14:56:50,mlx5_5,0.000,0.000,220.850,196.797
2025-11-22 14:56:50,mlx5_6,0.000,0.000,0.000,0.000
2025-11-22 14:56:50,mlx5_7,0.000,0.000,0.000,0.000
2025-11-22 14:56:50,mlx5_8,0.000,0.000,0.000,0.000
2025-11-22 14:56:50,mlx5_9,0.000,0.000,0.000,0.000
2025-11-22 14:56:50,TOTAL,0.000,0.000,440.095,388.411
2025-11-22 14:56:51,mlx5_0,0.000,0.000,0.000,0.000
2025-11-22 14:56:51,mlx5_1,0.000,0.000,219.245,191.614
2025-11-22 14:56:51,mlx5_2,0.000,0.000,0.000,0.000
2025-11-22 14:56:51,mlx5_3,0.000,0.000,0.000,0.000
2025-11-22 14:56:51,mlx5_4,0.000,0.000,0.000,0.000
2025-11-22 14:56:51,mlx5_5,0.000,0.000,220.850,196.797
2025-11-22 14:56:51,mlx5_6,0.000,0.000,0.000,0.000
2025-11-22 14:56:51,mlx5_7,0.000,0.000,0.000,0.000
2025-11-22 14:56:51,mlx5_8,0.000,0.000,0.000,0.000
2025-11-22 14:56:51,mlx5_9,0.000,0.000,0.000,0.000
2025-11-22 14:56:51,TOTAL,0.000,0.000,440.095,388.411
2025-11-22 14:56:52,mlx5_0,0.000,0.000,0.000,0.000
2025-11-22 14:56:52,mlx5_1,19.396,0.024,221.682,191.617
2025-11-22 14:56:52,mlx5_2,0.000,0.000,0.000,0.000
2025-11-22 14:56:52,mlx5_3,0.000,0.000,0.000,0.000
2025-11-22 14:56:52,mlx5_4,0.000,0.000,0.000,0.000
2025-11-22 14:56:52,mlx5_5,19.351,0.024,223.281,196.800
2025-11-22 14:56:52,mlx5_6,0.000,0.000,0.000,0.000
2025-11-22 14:56:52,mlx5_7,0.000,0.000,0.000,0.000
2025-11-22 14:56:52,mlx5_8,0.000,0.000,0.000,0.000
2025-11-22 14:56:52,mlx5_9,0.000,0.000,0.000,0.000
2025-11-22 14:56:52,TOTAL,38.748,0.048,444.963,388.417
2025-11-22 14:56:53,mlx5_0,0.000,0.000,0.000,0.000
2025-11-22 14:56:53,mlx5_1,18.600,0.022,224.018,191.620
2025-11-22 14:56:53,mlx5_2,0.000,0.000,0.000,0.000
2025-11-22 14:56:53,mlx5_3,0.000,0.000,0.000,0.000
2025-11-22 14:56:53,mlx5_4,0.000,0.000,0.000,0.000
2025-11-22 14:56:53,mlx5_5,18.638,0.023,225.621,196.803
2025-11-22 14:56:53,mlx5_6,0.000,0.000,0.000,0.000
2025-11-22 14:56:53,mlx5_7,0.000,0.000,0.000,0.000
2025-11-22 14:56:53,mlx5_8,0.000,0.000,0.000,0.000
2025-11-22 14:56:53,mlx5_9,0.000,0.000,0.000,0.000
2025-11-22 14:56:53,TOTAL,37.238,0.045,449.639,388.423
2025-11-22 14:56:54,mlx5_0,0.000,0.000,0.000,0.000
2025-11-22 14:56:54,mlx5_1,0.000,0.000,224.018,191.620
2025-11-22 14:56:54,mlx5_2,0.000,0.000,0.000,0.000
2025-11-22 14:56:54,mlx5_3,0.000,0.000,0.000,0.000
2025-11-22 14:56:54,mlx5_4,0.000,0.000,0.000,0.000
2025-11-22 14:56:54,mlx5_5,0.000,0.000,225.621,196.803
2025-11-22 14:56:54,mlx5_6,0.000,0.000,0.000,0.000
2025-11-22 14:56:54,mlx5_7,0.000,0.000,0.000,0.000
2025-11-22 14:56:54,mlx5_8,0.000,0.000,0.000,0.000
2025-11-22 14:56:54,mlx5_9,0.000,0.000,0.000,0.000
2025-11-22 14:56:54,TOTAL,0.000,0.000,449.639,388.423
2025-11-22 14:56:55,mlx5_0,0.000,0.000,0.000,0.000
2025-11-22 14:56:55,mlx5_1,18.447,0.022,226.335,191.623
2025-11-22 14:56:55,mlx5_2,0.000,0.000,0.000,0.000
2025-11-22 14:56:55,mlx5_3,0.000,0.000,0.000,0.000
2025-11-22 14:56:55,mlx5_4,0.000,0.000,0.000,0.000
2025-11-22 14:56:55,mlx5_5,18.783,0.023,227.980,196.806
2025-11-22 14:56:55,mlx5_6,0.000,0.000,0.000,0.000
2025-11-22 14:56:55,mlx5_7,0.000,0.000,0.000,0.000
2025-11-22 14:56:55,mlx5_8,0.000,0.000,0.000,0.000
2025-11-22 14:56:55,mlx5_9,0.000,0.000,0.000,0.000
2025-11-22 14:56:55,TOTAL,37.230,0.045,454.315,388.429
2025-11-22 14:56:56,mlx5_0,0.000,0.000,0.000,0.000
2025-11-22 14:56:56,mlx5_1,0.000,0.000,226.335,191.623
2025-11-22 14:56:56,mlx5_2,0.000,0.000,0.000,0.000
2025-11-22 14:56:56,mlx5_3,0.000,0.000,0.000,0.000
2025-11-22 14:56:56,mlx5_4,0.000,0.000,0.000,0.000
2025-11-22 14:56:56,mlx5_5,0.000,0.000,227.980,196.806
2025-11-22 14:56:56,mlx5_6,0.000,0.000,0.000,0.000
2025-11-22 14:56:56,mlx5_7,0.000,0.000,0.000,0.000
2025-11-22 14:56:56,mlx5_8,0.000,0.000,0.000,0.000
2025-11-22 14:56:56,mlx5_9,0.000,0.000,0.000,0.000
2025-11-22 14:56:56,TOTAL,0.000,0.000,454.315,388.429
2025-11-22 14:56:57,mlx5_0,0.000,0.000,0.000,0.000
2025-11-22 14:56:57,mlx5_1,18.643,0.022,228.676,191.626
2025-11-22 14:56:57,mlx5_2,0.000,0.000,0.000,0.000
2025-11-22 14:56:57,mlx5_3,0.000,0.000,0.000,0.000
2025-11-22 14:56:57,mlx5_4,0.000,0.000,0.000,0.000
2025-11-22 14:56:57,mlx5_5,18.587,0.023,230.315,196.809
2025-11-22 14:56:57,mlx5_6,0.000,0.000,0.000,0.000
2025-11-22 14:56:57,mlx5_7,0.000,0.000,0.000,0.000
2025-11-22 14:56:57,mlx5_8,0.000,0.000,0.000,0.000
2025-11-22 14:56:57,mlx5_9,0.000,0.000,0.000,0.000
2025-11-22 14:56:57,TOTAL,37.230,0.045,458.991,388.434
2025-11-22 14:56:58,mlx5_0,0.000,0.000,0.000,0.000
2025-11-22 14:56:58,mlx5_1,0.000,0.000,228.676,191.626
2025-11-22 14:56:58,mlx5_2,0.000,0.000,0.000,0.000
2025-11-22 14:56:58,mlx5_3,0.000,0.000,0.000,0.000
2025-11-22 14:56:58,mlx5_4,0.000,0.000,0.000,0.000
2025-11-22 14:56:58,mlx5_5,0.000,0.000,230.315,196.809
2025-11-22 14:56:58,mlx5_6,0.000,0.000,0.000,0.000
2025-11-22 14:56:58,mlx5_7,0.000,0.000,0.000,0.000
2025-11-22 14:56:58,mlx5_8,0.000,0.000,0.000,0.000
2025-11-22 14:56:58,mlx5_9,0.000,0.000,0.000,0.000
2025-11-22 14:56:58,TOTAL,0.000,0.000,458.991,388.434
2025-11-22 14:56:59,mlx5_0,0.000,0.000,0.000,0.000
2025-11-22 14:56:59,mlx5_1,18.667,21.704,231.021,194.353
2025-11-22 14:56:59,mlx5_2,0.000,0.000,0.000,0.000
2025-11-22 14:56:59,mlx5_3,0.000,0.000,0.000,0.000
2025-11-22 14:56:59,mlx5_4,0.000,0.000,0.000,0.000
2025-11-22 14:56:59,mlx5_5,18.770,22.701,232.673,199.661
2025-11-22 14:56:59,mlx5_6,0.000,0.000,0.000,0.000
2025-11-22 14:56:59,mlx5_7,0.000,0.000,0.000,0.000
2025-11-22 14:56:59,mlx5_8,0.000,0.000,0.000,0.000
2025-11-22 14:56:59,mlx5_9,0.000,0.000,0.000,0.000
2025-11-22 14:56:59,TOTAL,37.437,44.405,463.695,394.013
2025-11-22 14:57:00,mlx5_0,0.000,0.000,0.000,0.000
2025-11-22 14:57:00,mlx5_1,0.000,0.000,231.021,194.353
2025-11-22 14:57:00,mlx5_2,0.000,0.000,0.000,0.000
2025-11-22 14:57:00,mlx5_3,0.000,0.000,0.000,0.000
2025-11-22 14:57:00,mlx5_4,0.000,0.000,0.000,0.000
2025-11-22 14:57:00,mlx5_5,0.000,0.000,232.673,199.661
2025-11-22 14:57:00,mlx5_6,0.000,0.000,0.000,0.000
2025-11-22 14:57:00,mlx5_7,0.000,0.000,0.000,0.000
2025-11-22 14:57:00,mlx5_8,0.000,0.000,0.000,0.000
2025-11-22 14:57:00,mlx5_9,0.000,0.000,0.000,0.000
2025-11-22 14:57:00,TOTAL,0.000,0.000,463.695,394.013
2025-11-22 14:57:01,mlx5_0,0.000,0.000,0.000,0.000
2025-11-22 14:57:01,mlx5_1,0.000,0.000,231.021,194.353
2025-11-22 14:57:01,mlx5_2,0.000,0.000,0.000,0.000
2025-11-22 14:57:01,mlx5_3,0.000,0.000,0.000,0.000
2025-11-22 14:57:01,mlx5_4,0.000,0.000,0.000,0.000
2025-11-22 14:57:01,mlx5_5,0.000,0.000,232.673,199.661
2025-11-22 14:57:01,mlx5_6,0.000,0.000,0.000,0.000
2025-11-22 14:57:01,mlx5_7,0.000,0.000,0.000,0.000
2025-11-22 14:57:01,mlx5_8,0.000,0.000,0.000,0.000
2025-11-22 14:57:01,mlx5_9,0.000,0.000,0.000,0.000
2025-11-22 14:57:01,TOTAL,0.000,0.000,463.695,394.013
2025-11-22 14:57:02,mlx5_0,0.000,0.000,0.000,0.000
2025-11-22 14:57:02,mlx5_1,18.107,0.023,233.296,194.355
2025-11-22 14:57:02,mlx5_2,0.000,0.000,0.000,0.000
2025-11-22 14:57:02,mlx5_3,0.000,0.000,0.000,0.000
2025-11-22 14:57:02,mlx5_4,0.000,0.000,0.000,0.000
2025-11-22 14:57:02,mlx5_5,18.320,0.023,234.975,199.664
2025-11-22 14:57:02,mlx5_6,0.000,0.000,0.000,0.000
2025-11-22 14:57:02,mlx5_7,0.000,0.000,0.000,0.000
2025-11-22 14:57:02,mlx5_8,0.000,0.000,0.000,0.000
2025-11-22 14:57:02,mlx5_9,0.000,0.000,0.000,0.000
2025-11-22 14:57:02,TOTAL,36.427,0.045,468.270,394.019
2025-11-22 14:57:04,mlx5_0,0.000,0.000,0.000,0.000
2025-11-22 14:57:04,mlx5_1,18.511,0.022,235.622,194.358
2025-11-22 14:57:04,mlx5_2,0.000,0.000,0.000,0.000
2025-11-22 14:57:04,mlx5_3,0.000,0.000,0.000,0.000
2025-11-22 14:57:04,mlx5_4,0.000,0.000,0.000,0.000
2025-11-22 14:57:04,mlx5_5,18.705,0.023,237.325,199.667
2025-11-22 14:57:04,mlx5_6,0.000,0.000,0.000,0.000
2025-11-22 14:57:04,mlx5_7,0.000,0.000,0.000,0.000
2025-11-22 14:57:04,mlx5_8,0.000,0.000,0.000,0.000
2025-11-22 14:57:04,mlx5_9,0.000,0.000,0.000,0.000
2025-11-22 14:57:04,TOTAL,37.215,0.045,472.947,394.025
2025-11-22 14:57:05,mlx5_0,0.000,0.000,0.000,0.000
2025-11-22 14:57:05,mlx5_1,0.000,0.000,235.622,194.358
2025-11-22 14:57:05,mlx5_2,0.000,0.000,0.000,0.000
2025-11-22 14:57:05,mlx5_3,0.000,0.000,0.000,0.000
2025-11-22 14:57:05,mlx5_4,0.000,0.000,0.000,0.000
2025-11-22 14:57:05,mlx5_5,0.000,0.000,237.325,199.667
2025-11-22 14:57:05,mlx5_6,0.000,0.000,0.000,0.000
2025-11-22 14:57:05,mlx5_7,0.000,0.000,0.000,0.000
2025-11-22 14:57:05,mlx5_8,0.000,0.000,0.000,0.000
2025-11-22 14:57:05,mlx5_9,0.000,0.000,0.000,0.000
2025-11-22 14:57:05,TOTAL,0.000,0.000,472.947,394.025
2025-11-22 14:57:06,mlx5_0,0.000,0.000,0.000,0.000
2025-11-22 14:57:06,mlx5_1,18.618,0.022,237.961,194.361
2025-11-22 14:57:06,mlx5_2,0.000,0.000,0.000,0.000
2025-11-22 14:57:06,mlx5_3,0.000,0.000,0.000,0.000
2025-11-22 14:57:06,mlx5_4,0.000,0.000,0.000,0.000
2025-11-22 14:57:06,mlx5_5,18.599,0.023,239.662,199.669
2025-11-22 14:57:06,mlx5_6,0.000,0.000,0.000,0.000
2025-11-22 14:57:06,mlx5_7,0.000,0.000,0.000,0.000
2025-11-22 14:57:06,mlx5_8,0.000,0.000,0.000,0.000
2025-11-22 14:57:06,mlx5_9,0.000,0.000,0.000,0.000
2025-11-22 14:57:06,TOTAL,37.216,0.045,477.623,394.030
2025-11-22 14:57:07,mlx5_0,0.000,0.000,0.000,0.000
2025-11-22 14:57:07,mlx5_1,0.000,0.000,237.961,194.361
2025-11-22 14:57:07,mlx5_2,0.000,0.000,0.000,0.000
2025-11-22 14:57:07,mlx5_3,0.000,0.000,0.000,0.000
2025-11-22 14:57:07,mlx5_4,0.000,0.000,0.000,0.000
2025-11-22 14:57:07,mlx5_5,0.000,0.000,239.662,199.669
2025-11-22 14:57:07,mlx5_6,0.000,0.000,0.000,0.000
2025-11-22 14:57:07,mlx5_7,0.000,0.000,0.000,0.000
2025-11-22 14:57:07,mlx5_8,0.000,0.000,0.000,0.000
2025-11-22 14:57:07,mlx5_9,0.000,0.000,0.000,0.000
2025-11-22 14:57:07,TOTAL,0.000,0.000,477.623,394.030
2025-11-22 14:57:08,mlx5_0,0.000,0.000,0.000,0.000
2025-11-22 14:57:08,mlx5_1,18.513,0.022,240.287,194.364
2025-11-22 14:57:08,mlx5_2,0.000,0.000,0.000,0.000
2025-11-22 14:57:08,mlx5_3,0.000,0.000,0.000,0.000
2025-11-22 14:57:08,mlx5_4,0.000,0.000,0.000,0.000
2025-11-22 14:57:08,mlx5_5,18.706,0.023,242.012,199.672
2025-11-22 14:57:08,mlx5_6,0.000,0.000,0.000,0.000
2025-11-22 14:57:08,mlx5_7,0.000,0.000,0.000,0.000
2025-11-22 14:57:08,mlx5_8,0.000,0.000,0.000,0.000
2025-11-22 14:57:08,mlx5_9,0.000,0.000,0.000,0.000
2025-11-22 14:57:08,TOTAL,37.220,0.045,482.299,394.036
2025-11-22 14:57:09,mlx5_0,0.000,0.000,0.000,0.000
2025-11-22 14:57:09,mlx5_1,0.000,0.000,240.287,194.364
2025-11-22 14:57:09,mlx5_2,0.000,0.000,0.000,0.000
2025-11-22 14:57:09,mlx5_3,0.000,0.000,0.000,0.000
2025-11-22 14:57:09,mlx5_4,0.000,0.000,0.000,0.000
2025-11-22 14:57:09,mlx5_5,0.000,0.000,242.012,199.672
2025-11-22 14:57:09,mlx5_6,0.000,0.000,0.000,0.000
2025-11-22 14:57:09,mlx5_7,0.000,0.000,0.000,0.000
2025-11-22 14:57:09,mlx5_8,0.000,0.000,0.000,0.000
2025-11-22 14:57:09,mlx5_9,0.000,0.000,0.000,0.000
2025-11-22 14:57:09,TOTAL,0.000,0.000,482.299,394.036
2025-11-22 14:57:10,mlx5_0,0.000,0.000,0.000,0.000
2025-11-22 14:57:10,mlx5_1,18.575,21.774,242.620,197.099
2025-11-22 14:57:10,mlx5_2,0.000,0.000,0.000,0.000
2025-11-22 14:57:10,mlx5_3,0.000,0.000,0.000,0.000
2025-11-22 14:57:10,mlx5_4,0.000,0.000,0.000,0.000
2025-11-22 14:57:10,mlx5_5,18.836,22.643,244.378,202.517
2025-11-22 14:57:10,mlx5_6,0.000,0.000,0.000,0.000
2025-11-22 14:57:10,mlx5_7,0.000,0.000,0.000,0.000
2025-11-22 14:57:10,mlx5_8,0.000,0.000,0.000,0.000
2025-11-22 14:57:10,mlx5_9,0.000,0.000,0.000,0.000
2025-11-22 14:57:10,TOTAL,37.411,44.418,486.998,399.616
2025-11-22 14:57:11,mlx5_0,0.000,0.000,0.000,0.000
2025-11-22 14:57:11,mlx5_1,0.000,0.000,242.620,197.099
2025-11-22 14:57:11,mlx5_2,0.000,0.000,0.000,0.000
2025-11-22 14:57:11,mlx5_3,0.000,0.000,0.000,0.000
2025-11-22 14:57:11,mlx5_4,0.000,0.000,0.000,0.000
2025-11-22 14:57:11,mlx5_5,0.000,0.000,244.378,202.517
2025-11-22 14:57:11,mlx5_6,0.000,0.000,0.000,0.000
2025-11-22 14:57:11,mlx5_7,0.000,0.000,0.000,0.000
2025-11-22 14:57:11,mlx5_8,0.000,0.000,0.000,0.000
2025-11-22 14:57:11,mlx5_9,0.000,0.000,0.000,0.000
2025-11-22 14:57:11,TOTAL,0.000,0.000,486.998,399.616
2025-11-22 14:57:12,mlx5_0,0.000,0.000,0.000,0.000
2025-11-22 14:57:12,mlx5_1,0.000,0.000,242.620,197.099
2025-11-22 14:57:12,mlx5_2,0.000,0.000,0.000,0.000
2025-11-22 14:57:12,mlx5_3,0.000,0.000,0.000,0.000
2025-11-22 14:57:12,mlx5_4,0.000,0.000,0.000,0.000
2025-11-22 14:57:12,mlx5_5,0.000,0.000,244.378,202.517
2025-11-22 14:57:12,mlx5_6,0.000,0.000,0.000,0.000
2025-11-22 14:57:12,mlx5_7,0.000,0.000,0.000,0.000
2025-11-22 14:57:12,mlx5_8,0.000,0.000,0.000,0.000
2025-11-22 14:57:12,mlx5_9,0.000,0.000,0.000,0.000
2025-11-22 14:57:12,TOTAL,0.000,0.000,486.998,399.616
2025-11-22 14:57:13,mlx5_0,0.000,0.000,0.000,0.000
2025-11-22 14:57:13,mlx5_1,18.224,0.023,244.908,197.102
2025-11-22 14:57:13,mlx5_2,0.000,0.000,0.000,0.000
2025-11-22 14:57:13,mlx5_3,0.000,0.000,0.000,0.000
2025-11-22 14:57:13,mlx5_4,0.000,0.000,0.000,0.000
2025-11-22 14:57:13,mlx5_5,18.231,0.023,246.666,202.520
2025-11-22 14:57:13,mlx5_6,0.000,0.000,0.000,0.000
2025-11-22 14:57:13,mlx5_7,0.000,0.000,0.000,0.000
2025-11-22 14:57:13,mlx5_8,0.000,0.000,0.000,0.000
2025-11-22 14:57:13,mlx5_9,0.000,0.000,0.000,0.000
2025-11-22 14:57:13,TOTAL,36.454,0.047,491.574,399.622
2025-11-22 14:57:14,mlx5_0,0.000,0.000,0.000,0.000
2025-11-22 14:57:14,mlx5_1,18.549,0.022,247.242,197.105
2025-11-22 14:57:14,mlx5_2,0.000,0.000,0.000,0.000
2025-11-22 14:57:14,mlx5_3,0.000,0.000,0.000,0.000
2025-11-22 14:57:14,mlx5_4,0.000,0.000,0.000,0.000
2025-11-22 14:57:14,mlx5_5,18.610,0.023,249.008,202.522
2025-11-22 14:57:14,mlx5_6,0.000,0.000,0.000,0.000
2025-11-22 14:57:14,mlx5_7,0.000,0.000,0.000,0.000
2025-11-22 14:57:14,mlx5_8,0.000,0.000,0.000,0.000
2025-11-22 14:57:14,mlx5_9,0.000,0.000,0.000,0.000
2025-11-22 14:57:14,TOTAL,37.159,0.045,496.250,399.627
2025-11-22 14:57:15,mlx5_0,0.000,0.000,0.000,0.000
2025-11-22 14:57:15,mlx5_1,0.000,0.000,247.242,197.105
2025-11-22 14:57:15,mlx5_2,0.000,0.000,0.000,0.000
2025-11-22 14:57:15,mlx5_3,0.000,0.000,0.000,0.000
2025-11-22 14:57:15,mlx5_4,0.000,0.000,0.000,0.000
2025-11-22 14:57:15,mlx5_5,0.000,0.000,249.008,202.522
2025-11-22 14:57:15,mlx5_6,0.000,0.000,0.000,0.000
2025-11-22 14:57:15,mlx5_7,0.000,0.000,0.000,0.000
2025-11-22 14:57:15,mlx5_8,0.000,0.000,0.000,0.000
2025-11-22 14:57:15,mlx5_9,0.000,0.000,0.000,0.000
2025-11-22 14:57:15,TOTAL,0.000,0.000,496.250,399.627
2025-11-22 14:57:16,mlx5_0,0.000,0.000,0.000,0.000
2025-11-22 14:57:16,mlx5_1,18.715,0.022,249.593,197.108
2025-11-22 14:57:16,mlx5_2,0.000,0.000,0.000,0.000
2025-11-22 14:57:16,mlx5_3,0.000,0.000,0.000,0.000
2025-11-22 14:57:16,mlx5_4,0.000,0.000,0.000,0.000
2025-11-22 14:57:16,mlx5_5,18.509,0.023,251.333,202.525
2025-11-22 14:57:16,mlx5_6,0.000,0.000,0.000,0.000
2025-11-22 14:57:16,mlx5_7,0.000,0.000,0.000,0.000
2025-11-22 14:57:16,mlx5_8,0.000,0.000,0.000,0.000
2025-11-22 14:57:16,mlx5_9,0.000,0.000,0.000,0.000
2025-11-22 14:57:16,TOTAL,37.224,0.045,500.926,399.633
2025-11-22 14:57:17,mlx5_0,0.000,0.000,0.000,0.000
2025-11-22 14:57:17,mlx5_1,0.000,0.000,249.593,197.108
2025-11-22 14:57:17,mlx5_2,0.000,0.000,0.000,0.000
2025-11-22 14:57:17,mlx5_3,0.000,0.000,0.000,0.000
2025-11-22 14:57:17,mlx5_4,0.000,0.000,0.000,0.000
2025-11-22 14:57:17,mlx5_5,0.000,0.000,251.333,202.525
2025-11-22 14:57:17,mlx5_6,0.000,0.000,0.000,0.000
2025-11-22 14:57:17,mlx5_7,0.000,0.000,0.000,0.000
2025-11-22 14:57:17,mlx5_8,0.000,0.000,0.000,0.000
2025-11-22 14:57:17,mlx5_9,0.000,0.000,0.000,0.000
2025-11-22 14:57:17,TOTAL,0.000,0.000,500.926,399.633
2025-11-22 14:57:18,mlx5_0,0.000,0.000,0.000,0.000
2025-11-22 14:57:18,mlx5_1,18.596,0.022,251.927,197.110
2025-11-22 14:57:18,mlx5_2,0.000,0.000,0.000,0.000
2025-11-22 14:57:18,mlx5_3,0.000,0.000,0.000,0.000
2025-11-22 14:57:18,mlx5_4,0.000,0.000,0.000,0.000
2025-11-22 14:57:18,mlx5_5,18.651,0.023,253.675,202.528
2025-11-22 14:57:18,mlx5_6,0.000,0.000,0.000,0.000
2025-11-22 14:57:18,mlx5_7,0.000,0.000,0.000,0.000
2025-11-22 14:57:18,mlx5_8,0.000,0.000,0.000,0.000
2025-11-22 14:57:18,mlx5_9,0.000,0.000,0.000,0.000
2025-11-22 14:57:18,TOTAL,37.247,0.045,505.602,399.638
2025-11-22 14:57:19,mlx5_0,0.000,0.000,0.000,0.000
2025-11-22 14:57:19,mlx5_1,0.000,0.000,251.927,197.110
2025-11-22 14:57:19,mlx5_2,0.000,0.000,0.000,0.000
2025-11-22 14:57:19,mlx5_3,0.000,0.000,0.000,0.000
2025-11-22 14:57:19,mlx5_4,0.000,0.000,0.000,0.000
2025-11-22 14:57:19,mlx5_5,0.000,0.000,253.675,202.528
2025-11-22 14:57:19,mlx5_6,0.000,0.000,0.000,0.000
2025-11-22 14:57:19,mlx5_7,0.000,0.000,0.000,0.000
2025-11-22 14:57:19,mlx5_8,0.000,0.000,0.000,0.000
2025-11-22 14:57:19,mlx5_9,0.000,0.000,0.000,0.000
2025-11-22 14:57:19,TOTAL,0.000,0.000,505.602,399.638
2025-11-22 14:57:20,mlx5_0,0.000,0.000,0.000,0.000
2025-11-22 14:57:20,mlx5_1,0.000,0.000,251.927,197.110
2025-11-22 14:57:20,mlx5_2,0.000,0.000,0.000,0.000
2025-11-22 14:57:20,mlx5_3,0.000,0.000,0.000,0.000
2025-11-22 14:57:20,mlx5_4,0.000,0.000,0.000,0.000
2025-11-22 14:57:20,mlx5_5,0.000,0.000,253.675,202.528
2025-11-22 14:57:20,mlx5_6,0.000,0.000,0.000,0.000
2025-11-22 14:57:20,mlx5_7,0.000,0.000,0.000,0.000
2025-11-22 14:57:20,mlx5_8,0.000,0.000,0.000,0.000
2025-11-22 14:57:20,mlx5_9,0.000,0.000,0.000,0.000
2025-11-22 14:57:20,TOTAL,0.000,0.000,505.602,399.638
2025-11-22 14:57:21,mlx5_0,0.000,0.000,0.000,0.000
2025-11-22 14:57:21,mlx5_1,18.711,21.941,254.278,199.867
2025-11-22 14:57:21,mlx5_2,0.000,0.000,0.000,0.000
2025-11-22 14:57:21,mlx5_3,0.000,0.000,0.000,0.000
2025-11-22 14:57:21,mlx5_4,0.000,0.000,0.000,0.000
2025-11-22 14:57:21,mlx5_5,18.713,22.473,256.026,205.351
2025-11-22 14:57:21,mlx5_6,0.000,0.000,0.000,0.000
2025-11-22 14:57:21,mlx5_7,0.000,0.000,0.000,0.000
2025-11-22 14:57:21,mlx5_8,0.000,0.000,0.000,0.000
2025-11-22 14:57:21,mlx5_9,0.000,0.000,0.000,0.000
2025-11-22 14:57:21,TOTAL,37.424,44.415,510.304,405.218
2025-11-22 14:57:22,mlx5_0,0.000,0.000,0.000,0.000
2025-11-22 14:57:22,mlx5_1,0.000,0.000,254.278,199.867
2025-11-22 14:57:22,mlx5_2,0.000,0.000,0.000,0.000
2025-11-22 14:57:22,mlx5_3,0.000,0.000,0.000,0.000
2025-11-22 14:57:22,mlx5_4,0.000,0.000,0.000,0.000
2025-11-22 14:57:22,mlx5_5,0.000,0.000,256.026,205.351
2025-11-22 14:57:22,mlx5_6,0.000,0.000,0.000,0.000
2025-11-22 14:57:22,mlx5_7,0.000,0.000,0.000,0.000
2025-11-22 14:57:22,mlx5_8,0.000,0.000,0.000,0.000
2025-11-22 14:57:22,mlx5_9,0.000,0.000,0.000,0.000
2025-11-22 14:57:22,TOTAL,0.000,0.000,510.304,405.218
2025-11-22 14:57:23,mlx5_0,0.000,0.000,0.000,0.000
2025-11-22 14:57:23,mlx5_1,19.147,0.024,256.684,199.870
2025-11-22 14:57:23,mlx5_2,0.000,0.000,0.000,0.000
2025-11-22 14:57:23,mlx5_3,0.000,0.000,0.000,0.000
2025-11-22 14:57:23,mlx5_4,0.000,0.000,0.000,0.000
2025-11-22 14:57:23,mlx5_5,19.598,0.025,258.488,205.355
2025-11-22 14:57:23,mlx5_6,0.000,0.000,0.000,0.000
2025-11-22 14:57:23,mlx5_7,0.000,0.000,0.000,0.000
2025-11-22 14:57:23,mlx5_8,0.000,0.000,0.000,0.000
2025-11-22 14:57:23,mlx5_9,0.000,0.000,0.000,0.000
2025-11-22 14:57:23,TOTAL,38.745,0.049,515.172,405.224
2025-11-22 14:57:24,mlx5_0,0.000,0.000,0.000,0.000
2025-11-22 14:57:24,mlx5_1,0.000,0.000,256.684,199.870
2025-11-22 14:57:24,mlx5_2,0.000,0.000,0.000,0.000
2025-11-22 14:57:24,mlx5_3,0.000,0.000,0.000,0.000
2025-11-22 14:57:24,mlx5_4,0.000,0.000,0.000,0.000
2025-11-22 14:57:24,mlx5_5,0.000,0.000,258.488,205.355
2025-11-22 14:57:24,mlx5_6,0.000,0.000,0.000,0.000
2025-11-22 14:57:24,mlx5_7,0.000,0.000,0.000,0.000
2025-11-22 14:57:24,mlx5_8,0.000,0.000,0.000,0.000
2025-11-22 14:57:24,mlx5_9,0.000,0.000,0.000,0.000
2025-11-22 14:57:24,TOTAL,0.000,0.000,515.172,405.224
2025-11-22 14:57:25,mlx5_0,0.000,0.000,0.000,0.000
2025-11-22 14:57:25,mlx5_1,18.452,0.022,259.003,199.873
2025-11-22 14:57:25,mlx5_2,0.000,0.000,0.000,0.000
2025-11-22 14:57:25,mlx5_3,0.000,0.000,0.000,0.000
2025-11-22 14:57:25,mlx5_4,0.000,0.000,0.000,0.000
2025-11-22 14:57:25,mlx5_5,18.760,0.023,260.845,205.357
2025-11-22 14:57:25,mlx5_6,0.000,0.000,0.000,0.000
2025-11-22 14:57:25,mlx5_7,0.000,0.000,0.000,0.000
2025-11-22 14:57:25,mlx5_8,0.000,0.000,0.000,0.000
2025-11-22 14:57:25,mlx5_9,0.000,0.000,0.000,0.000
2025-11-22 14:57:25,TOTAL,37.212,0.045,519.848,405.230
2025-11-22 14:57:26,mlx5_0,0.000,0.000,0.000,0.000
2025-11-22 14:57:26,mlx5_1,18.583,0.022,261.338,199.875
2025-11-22 14:57:26,mlx5_2,0.000,0.000,0.000,0.000
2025-11-22 14:57:26,mlx5_3,0.000,0.000,0.000,0.000
2025-11-22 14:57:26,mlx5_4,0.000,0.000,0.000,0.000
2025-11-22 14:57:26,mlx5_5,18.626,0.023,263.186,205.360
2025-11-22 14:57:26,mlx5_6,0.000,0.000,0.000,0.000
2025-11-22 14:57:26,mlx5_7,0.000,0.000,0.000,0.000
2025-11-22 14:57:26,mlx5_8,0.000,0.000,0.000,0.000
2025-11-22 14:57:26,mlx5_9,0.000,0.000,0.000,0.000
2025-11-22 14:57:26,TOTAL,37.209,0.045,524.524,405.236
2025-11-22 14:57:27,mlx5_0,0.000,0.000,0.000,0.000
2025-11-22 14:57:27,mlx5_1,0.000,0.000,261.338,199.875
2025-11-22 14:57:27,mlx5_2,0.000,0.000,0.000,0.000
2025-11-22 14:57:27,mlx5_3,0.000,0.000,0.000,0.000
2025-11-22 14:57:27,mlx5_4,0.000,0.000,0.000,0.000
2025-11-22 14:57:27,mlx5_5,0.000,0.000,263.186,205.360
2025-11-22 14:57:27,mlx5_6,0.000,0.000,0.000,0.000
2025-11-22 14:57:27,mlx5_7,0.000,0.000,0.000,0.000
2025-11-22 14:57:27,mlx5_8,0.000,0.000,0.000,0.000
2025-11-22 14:57:27,mlx5_9,0.000,0.000,0.000,0.000
2025-11-22 14:57:27,TOTAL,0.000,0.000,524.524,405.236
2025-11-22 14:57:28,mlx5_0,0.000,0.000,0.000,0.000
2025-11-22 14:57:28,mlx5_1,18.452,0.022,263.656,199.878
2025-11-22 14:57:28,mlx5_2,0.000,0.000,0.000,0.000
2025-11-22 14:57:28,mlx5_3,0.000,0.000,0.000,0.000
2025-11-22 14:57:28,mlx5_4,0.000,0.000,0.000,0.000
2025-11-22 14:57:28,mlx5_5,18.770,0.023,265.544,205.363
2025-11-22 14:57:28,mlx5_6,0.000,0.000,0.000,0.000
2025-11-22 14:57:28,mlx5_7,0.000,0.000,0.000,0.000
2025-11-22 14:57:28,mlx5_8,0.000,0.000,0.000,0.000
2025-11-22 14:57:28,mlx5_9,0.000,0.000,0.000,0.000
2025-11-22 14:57:28,TOTAL,37.222,0.045,529.200,405.241
2025-11-22 14:57:29,mlx5_0,0.000,0.000,0.000,0.000
2025-11-22 14:57:29,mlx5_1,0.000,0.000,263.656,199.878
2025-11-22 14:57:29,mlx5_2,0.000,0.000,0.000,0.000
2025-11-22 14:57:29,mlx5_3,0.000,0.000,0.000,0.000
2025-11-22 14:57:29,mlx5_4,0.000,0.000,0.000,0.000
2025-11-22 14:57:29,mlx5_5,0.000,0.000,265.544,205.363
2025-11-22 14:57:29,mlx5_6,0.000,0.000,0.000,0.000
2025-11-22 14:57:29,mlx5_7,0.000,0.000,0.000,0.000
2025-11-22 14:57:29,mlx5_8,0.000,0.000,0.000,0.000
2025-11-22 14:57:29,mlx5_9,0.000,0.000,0.000,0.000
2025-11-22 14:57:29,TOTAL,0.000,0.000,529.200,405.241
2025-11-22 14:57:30,mlx5_0,0.000,0.000,0.000,0.000
2025-11-22 14:57:30,mlx5_1,0.000,0.000,263.656,199.878
2025-11-22 14:57:30,mlx5_2,0.000,0.000,0.000,0.000
2025-11-22 14:57:30,mlx5_3,0.000,0.000,0.000,0.000
2025-11-22 14:57:30,mlx5_4,0.000,0.000,0.000,0.000
2025-11-22 14:57:30,mlx5_5,0.000,0.000,265.544,205.363
2025-11-22 14:57:30,mlx5_6,0.000,0.000,0.000,0.000
2025-11-22 14:57:30,mlx5_7,0.000,0.000,0.000,0.000
2025-11-22 14:57:30,mlx5_8,0.000,0.000,0.000,0.000
2025-11-22 14:57:30,mlx5_9,0.000,0.000,0.000,0.000
2025-11-22 14:57:30,TOTAL,0.000,0.000,529.200,405.241
2025-11-22 14:57:31,mlx5_0,0.000,0.000,0.000,0.000
2025-11-22 14:57:31,mlx5_1,18.696,21.923,266.005,202.632
2025-11-22 14:57:31,mlx5_2,0.000,0.000,0.000,0.000
2025-11-22 14:57:31,mlx5_3,0.000,0.000,0.000,0.000
2025-11-22 14:57:31,mlx5_4,0.000,0.000,0.000,0.000
2025-11-22 14:57:31,mlx5_5,18.740,22.490,267.898,208.188
2025-11-22 14:57:31,mlx5_6,0.000,0.000,0.000,0.000
2025-11-22 14:57:31,mlx5_7,0.000,0.000,0.000,0.000
2025-11-22 14:57:31,mlx5_8,0.000,0.000,0.000,0.000
2025-11-22 14:57:31,mlx5_9,0.000,0.000,0.000,0.000
2025-11-22 14:57:31,TOTAL,37.436,44.412,533.903,410.821
2025-11-22 14:57:32,mlx5_0,0.000,0.000,0.000,0.000
2025-11-22 14:57:32,mlx5_1,0.000,0.000,266.005,202.632
2025-11-22 14:57:32,mlx5_2,0.000,0.000,0.000,0.000
2025-11-22 14:57:32,mlx5_3,0.000,0.000,0.000,0.000
2025-11-22 14:57:32,mlx5_4,0.000,0.000,0.000,0.000
2025-11-22 14:57:32,mlx5_5,0.000,0.000,267.898,208.188
2025-11-22 14:57:32,mlx5_6,0.000,0.000,0.000,0.000
2025-11-22 14:57:32,mlx5_7,0.000,0.000,0.000,0.000
2025-11-22 14:57:32,mlx5_8,0.000,0.000,0.000,0.000
2025-11-22 14:57:32,mlx5_9,0.000,0.000,0.000,0.000
2025-11-22 14:57:32,TOTAL,0.000,0.000,533.903,410.821
2025-11-22 14:57:33,mlx5_0,0.000,0.000,0.000,0.000
2025-11-22 14:57:33,mlx5_1,18.307,0.023,268.304,202.635
2025-11-22 14:57:33,mlx5_2,0.000,0.000,0.000,0.000
2025-11-22 14:57:33,mlx5_3,0.000,0.000,0.000,0.000
2025-11-22 14:57:33,mlx5_4,0.000,0.000,0.000,0.000
2025-11-22 14:57:33,mlx5_5,18.121,0.023,270.175,208.191
2025-11-22 14:57:33,mlx5_6,0.000,0.000,0.000,0.000
2025-11-22 14:57:33,mlx5_7,0.000,0.000,0.000,0.000
2025-11-22 14:57:33,mlx5_8,0.000,0.000,0.000,0.000
2025-11-22 14:57:33,mlx5_9,0.000,0.000,0.000,0.000
2025-11-22 14:57:33,TOTAL,36.428,0.046,538.479,410.827
2025-11-22 14:57:34,mlx5_0,0.000,0.000,0.000,0.000
2025-11-22 14:57:34,mlx5_1,0.000,0.000,268.304,202.635
2025-11-22 14:57:34,mlx5_2,0.000,0.000,0.000,0.000
2025-11-22 14:57:34,mlx5_3,0.000,0.000,0.000,0.000
2025-11-22 14:57:34,mlx5_4,0.000,0.000,0.000,0.000
2025-11-22 14:57:34,mlx5_5,0.000,0.000,270.175,208.191
2025-11-22 14:57:34,mlx5_6,0.000,0.000,0.000,0.000
2025-11-22 14:57:34,mlx5_7,0.000,0.000,0.000,0.000
2025-11-22 14:57:34,mlx5_8,0.000,0.000,0.000,0.000
2025-11-22 14:57:34,mlx5_9,0.000,0.000,0.000,0.000
2025-11-22 14:57:34,TOTAL,0.000,0.000,538.479,410.827
2025-11-22 14:57:35,mlx5_0,0.000,0.000,0.000,0.000
2025-11-22 14:57:35,mlx5_1,18.566,0.022,270.637,202.638
2025-11-22 14:57:35,mlx5_2,0.000,0.000,0.000,0.000
2025-11-22 14:57:35,mlx5_3,0.000,0.000,0.000,0.000
2025-11-22 14:57:35,mlx5_4,0.000,0.000,0.000,0.000
2025-11-22 14:57:35,mlx5_5,18.656,0.023,272.518,208.194
2025-11-22 14:57:35,mlx5_6,0.000,0.000,0.000,0.000
2025-11-22 14:57:35,mlx5_7,0.000,0.000,0.000,0.000
2025-11-22 14:57:35,mlx5_8,0.000,0.000,0.000,0.000
2025-11-22 14:57:35,mlx5_9,0.000,0.000,0.000,0.000
2025-11-22 14:57:35,TOTAL,37.222,0.045,543.155,410.832
2025-11-22 14:57:36,mlx5_0,0.000,0.000,0.000,0.000
2025-11-22 14:57:36,mlx5_1,18.391,0.022,272.948,202.641
2025-11-22 14:57:36,mlx5_2,0.000,0.000,0.000,0.000
2025-11-22 14:57:36,mlx5_3,0.000,0.000,0.000,0.000
2025-11-22 14:57:36,mlx5_4,0.000,0.000,0.000,0.000
2025-11-22 14:57:36,mlx5_5,18.818,0.023,274.883,208.197
2025-11-22 14:57:36,mlx5_6,0.000,0.000,0.000,0.000
2025-11-22 14:57:36,mlx5_7,0.000,0.000,0.000,0.000
2025-11-22 14:57:36,mlx5_8,0.000,0.000,0.000,0.000
2025-11-22 14:57:36,mlx5_9,0.000,0.000,0.000,0.000
2025-11-22 14:57:36,TOTAL,37.209,0.045,547.831,410.838
2025-11-22 14:57:37,mlx5_0,0.000,0.000,0.000,0.000
2025-11-22 14:57:37,mlx5_1,0.000,0.000,272.948,202.641
2025-11-22 14:57:37,mlx5_2,0.000,0.000,0.000,0.000
2025-11-22 14:57:37,mlx5_3,0.000,0.000,0.000,0.000
2025-11-22 14:57:37,mlx5_4,0.000,0.000,0.000,0.000
2025-11-22 14:57:37,mlx5_5,0.000,0.000,274.883,208.197
2025-11-22 14:57:37,mlx5_6,0.000,0.000,0.000,0.000
2025-11-22 14:57:37,mlx5_7,0.000,0.000,0.000,0.000
2025-11-22 14:57:37,mlx5_8,0.000,0.000,0.000,0.000
2025-11-22 14:57:37,mlx5_9,0.000,0.000,0.000,0.000
2025-11-22 14:57:37,TOTAL,0.000,0.000,547.831,410.838
2025-11-22 14:57:38,mlx5_0,0.000,0.000,0.000,0.000
2025-11-22 14:57:38,mlx5_1,12.973,0.016,274.578,202.643
2025-11-22 14:57:38,mlx5_2,0.000,0.000,0.000,0.000
2025-11-22 14:57:38,mlx5_3,0.000,0.000,0.000,0.000
2025-11-22 14:57:38,mlx5_4,0.000,0.000,0.000,0.000
2025-11-22 14:57:38,mlx5_5,13.376,0.016,276.564,208.199
2025-11-22 14:57:38,mlx5_6,0.000,0.000,0.000,0.000
2025-11-22 14:57:38,mlx5_7,0.000,0.000,0.000,0.000
2025-11-22 14:57:38,mlx5_8,0.000,0.000,0.000,0.000
2025-11-22 14:57:38,mlx5_9,0.000,0.000,0.000,0.000
2025-11-22 14:57:38,TOTAL,26.349,0.032,551.142,410.842
2025-11-22 14:57:39,mlx5_0,0.000,0.000,0.000,0.000
2025-11-22 14:57:39,mlx5_1,5.686,0.007,275.293,202.644
2025-11-22 14:57:39,mlx5_2,0.000,0.000,0.000,0.000
2025-11-22 14:57:39,mlx5_3,0.000,0.000,0.000,0.000
2025-11-22 14:57:39,mlx5_4,0.000,0.000,0.000,0.000
2025-11-22 14:57:39,mlx5_5,5.173,0.006,277.214,208.200
2025-11-22 14:57:39,mlx5_6,0.000,0.000,0.000,0.000
2025-11-22 14:57:39,mlx5_7,0.000,0.000,0.000,0.000
2025-11-22 14:57:39,mlx5_8,0.000,0.000,0.000,0.000
2025-11-22 14:57:39,mlx5_9,0.000,0.000,0.000,0.000
2025-11-22 14:57:39,TOTAL,10.858,0.013,552.507,410.844
2025-11-22 14:57:40,mlx5_0,0.000,0.000,0.000,0.000
2025-11-22 14:57:40,mlx5_1,0.000,0.000,275.293,202.644
2025-11-22 14:57:40,mlx5_2,0.000,0.000,0.000,0.000
2025-11-22 14:57:40,mlx5_3,0.000,0.000,0.000,0.000
2025-11-22 14:57:40,mlx5_4,0.000,0.000,0.000,0.000
2025-11-22 14:57:40,mlx5_5,0.000,0.000,277.214,208.200
2025-11-22 14:57:40,mlx5_6,0.000,0.000,0.000,0.000
2025-11-22 14:57:40,mlx5_7,0.000,0.000,0.000,0.000
2025-11-22 14:57:40,mlx5_8,0.000,0.000,0.000,0.000
2025-11-22 14:57:40,mlx5_9,0.000,0.000,0.000,0.000
2025-11-22 14:57:40,TOTAL,0.000,0.000,552.507,410.844
2025-11-22 14:57:41,mlx5_0,0.000,0.000,0.000,0.000
2025-11-22 14:57:41,mlx5_1,18.725,21.929,277.645,205.398
2025-11-22 14:57:41,mlx5_2,0.000,0.000,0.000,0.000
2025-11-22 14:57:41,mlx5_3,0.000,0.000,0.000,0.000
2025-11-22 14:57:41,mlx5_4,0.000,0.000,0.000,0.000
2025-11-22 14:57:41,mlx5_5,18.659,22.491,279.558,211.025
2025-11-22 14:57:41,mlx5_6,0.000,0.000,0.000,0.000
2025-11-22 14:57:41,mlx5_7,0.000,0.000,0.000,0.000
2025-11-22 14:57:41,mlx5_8,0.000,0.000,0.000,0.000
2025-11-22 14:57:41,mlx5_9,0.000,0.000,0.000,0.000
2025-11-22 14:57:41,TOTAL,37.384,44.420,557.203,416.423
2025-11-22 14:57:42,mlx5_0,0.000,0.000,0.000,0.000
2025-11-22 14:57:42,mlx5_1,0.000,0.000,277.645,205.398
2025-11-22 14:57:42,mlx5_2,0.000,0.000,0.000,0.000
2025-11-22 14:57:42,mlx5_3,0.000,0.000,0.000,0.000
2025-11-22 14:57:42,mlx5_4,0.000,0.000,0.000,0.000
2025-11-22 14:57:42,mlx5_5,0.000,0.000,279.558,211.025
2025-11-22 14:57:42,mlx5_6,0.000,0.000,0.000,0.000
2025-11-22 14:57:42,mlx5_7,0.000,0.000,0.000,0.000
2025-11-22 14:57:42,mlx5_8,0.000,0.000,0.000,0.000
2025-11-22 14:57:42,mlx5_9,0.000,0.000,0.000,0.000
2025-11-22 14:57:42,TOTAL,0.000,0.000,557.203,416.423
2025-11-22 14:57:43,mlx5_0,0.000,0.000,0.000,0.000
2025-11-22 14:57:43,mlx5_1,18.090,0.023,279.917,205.401
2025-11-22 14:57:43,mlx5_2,0.000,0.000,0.000,0.000
2025-11-22 14:57:43,mlx5_3,0.000,0.000,0.000,0.000
2025-11-22 14:57:43,mlx5_4,0.000,0.000,0.000,0.000
2025-11-22 14:57:43,mlx5_5,18.334,0.023,281.861,211.028
2025-11-22 14:57:43,mlx5_6,0.000,0.000,0.000,0.000
2025-11-22 14:57:43,mlx5_7,0.000,0.000,0.000,0.000
2025-11-22 14:57:43,mlx5_8,0.000,0.000,0.000,0.000
2025-11-22 14:57:43,mlx5_9,0.000,0.000,0.000,0.000
2025-11-22 14:57:43,TOTAL,36.424,0.046,561.778,416.428
2025-11-22 14:57:44,mlx5_0,0.000,0.000,0.000,0.000
2025-11-22 14:57:44,mlx5_1,0.000,0.000,279.917,205.401
2025-11-22 14:57:44,mlx5_2,0.000,0.000,0.000,0.000
2025-11-22 14:57:44,mlx5_3,0.000,0.000,0.000,0.000
2025-11-22 14:57:44,mlx5_4,0.000,0.000,0.000,0.000
2025-11-22 14:57:44,mlx5_5,0.000,0.000,281.861,211.028
2025-11-22 14:57:44,mlx5_6,0.000,0.000,0.000,0.000
2025-11-22 14:57:44,mlx5_7,0.000,0.000,0.000,0.000
2025-11-22 14:57:44,mlx5_8,0.000,0.000,0.000,0.000
2025-11-22 14:57:44,mlx5_9,0.000,0.000,0.000,0.000
2025-11-22 14:57:44,TOTAL,0.000,0.000,561.778,416.428
2025-11-22 14:57:45,mlx5_0,0.000,0.000,0.000,0.000
2025-11-22 14:57:45,mlx5_1,18.354,0.022,282.224,205.404
2025-11-22 14:57:45,mlx5_2,0.000,0.000,0.000,0.000
2025-11-22 14:57:45,mlx5_3,0.000,0.000,0.000,0.000
2025-11-22 14:57:45,mlx5_4,0.000,0.000,0.000,0.000
2025-11-22 14:57:45,mlx5_5,18.854,0.023,284.231,211.031
2025-11-22 14:57:45,mlx5_6,0.000,0.000,0.000,0.000
2025-11-22 14:57:45,mlx5_7,0.000,0.000,0.000,0.000
2025-11-22 14:57:45,mlx5_8,0.000,0.000,0.000,0.000
2025-11-22 14:57:45,mlx5_9,0.000,0.000,0.000,0.000
2025-11-22 14:57:45,TOTAL,37.208,0.045,566.455,416.434
2025-11-22 14:57:46,mlx5_0,0.000,0.000,0.000,0.000
2025-11-22 14:57:46,mlx5_1,0.000,0.000,282.224,205.404
2025-11-22 14:57:46,mlx5_2,0.000,0.000,0.000,0.000
2025-11-22 14:57:46,mlx5_3,0.000,0.000,0.000,0.000
2025-11-22 14:57:46,mlx5_4,0.000,0.000,0.000,0.000
2025-11-22 14:57:46,mlx5_5,0.000,0.000,284.231,211.031
2025-11-22 14:57:46,mlx5_6,0.000,0.000,0.000,0.000
2025-11-22 14:57:46,mlx5_7,0.000,0.000,0.000,0.000
2025-11-22 14:57:46,mlx5_8,0.000,0.000,0.000,0.000
2025-11-22 14:57:46,mlx5_9,0.000,0.000,0.000,0.000
2025-11-22 14:57:46,TOTAL,0.000,0.000,566.455,416.434
2025-11-22 14:57:47,mlx5_0,0.000,0.000,0.000,0.000
2025-11-22 14:57:47,mlx5_1,18.381,0.022,284.533,205.406
2025-11-22 14:57:47,mlx5_2,0.000,0.000,0.000,0.000
2025-11-22 14:57:47,mlx5_3,0.000,0.000,0.000,0.000
2025-11-22 14:57:47,mlx5_4,0.000,0.000,0.000,0.000
2025-11-22 14:57:47,mlx5_5,18.849,0.023,286.598,211.033
2025-11-22 14:57:47,mlx5_6,0.000,0.000,0.000,0.000
2025-11-22 14:57:47,mlx5_7,0.000,0.000,0.000,0.000
2025-11-22 14:57:47,mlx5_8,0.000,0.000,0.000,0.000
2025-11-22 14:57:47,mlx5_9,0.000,0.000,0.000,0.000
2025-11-22 14:57:47,TOTAL,37.230,0.045,571.131,416.440
2025-11-22 14:57:48,mlx5_0,0.000,0.000,0.000,0.000
2025-11-22 14:57:48,mlx5_1,0.000,0.000,284.533,205.406
2025-11-22 14:57:48,mlx5_2,0.000,0.000,0.000,0.000
2025-11-22 14:57:48,mlx5_3,0.000,0.000,0.000,0.000
2025-11-22 14:57:48,mlx5_4,0.000,0.000,0.000,0.000
2025-11-22 14:57:48,mlx5_5,0.000,0.000,286.598,211.033
2025-11-22 14:57:48,mlx5_6,0.000,0.000,0.000,0.000
2025-11-22 14:57:48,mlx5_7,0.000,0.000,0.000,0.000
2025-11-22 14:57:48,mlx5_8,0.000,0.000,0.000,0.000
2025-11-22 14:57:48,mlx5_9,0.000,0.000,0.000,0.000
2025-11-22 14:57:48,TOTAL,0.000,0.000,571.131,416.440
2025-11-22 14:57:49,mlx5_0,0.000,0.000,0.000,0.000
2025-11-22 14:57:49,mlx5_1,18.493,0.022,286.855,205.409
2025-11-22 14:57:49,mlx5_2,0.000,0.000,0.000,0.000
2025-11-22 14:57:49,mlx5_3,0.000,0.000,0.000,0.000
2025-11-22 14:57:49,mlx5_4,0.000,0.000,0.000,0.000
2025-11-22 14:57:49,mlx5_5,18.734,0.023,288.951,211.036
2025-11-22 14:57:49,mlx5_6,0.000,0.000,0.000,0.000
2025-11-22 14:57:49,mlx5_7,0.000,0.000,0.000,0.000
2025-11-22 14:57:49,mlx5_8,0.000,0.000,0.000,0.000
2025-11-22 14:57:49,mlx5_9,0.000,0.000,0.000,0.000
2025-11-22 14:57:49,TOTAL,37.228,0.045,575.807,416.445
2025-11-22 14:57:50,mlx5_0,0.000,0.000,0.000,0.000
2025-11-22 14:57:50,mlx5_1,0.000,0.000,286.855,205.409
2025-11-22 14:57:50,mlx5_2,0.000,0.000,0.000,0.000
2025-11-22 14:57:50,mlx5_3,0.000,0.000,0.000,0.000
2025-11-22 14:57:50,mlx5_4,0.000,0.000,0.000,0.000
2025-11-22 14:57:50,mlx5_5,0.000,0.000,288.951,211.036
2025-11-22 14:57:50,mlx5_6,0.000,0.000,0.000,0.000
2025-11-22 14:57:50,mlx5_7,0.000,0.000,0.000,0.000
2025-11-22 14:57:50,mlx5_8,0.000,0.000,0.000,0.000
2025-11-22 14:57:50,mlx5_9,0.000,0.000,0.000,0.000
2025-11-22 14:57:50,TOTAL,0.000,0.000,575.807,416.445
2025-11-22 14:57:51,mlx5_0,0.000,0.000,0.000,0.000
2025-11-22 14:57:51,mlx5_1,18.648,0.022,289.198,205.412
2025-11-22 14:57:51,mlx5_2,0.000,0.000,0.000,0.000
2025-11-22 14:57:51,mlx5_3,0.000,0.000,0.000,0.000
2025-11-22 14:57:51,mlx5_4,0.000,0.000,0.000,0.000
2025-11-22 14:57:51,mlx5_5,18.579,0.023,291.285,211.039
2025-11-22 14:57:51,mlx5_6,0.000,0.000,0.000,0.000
2025-11-22 14:57:51,mlx5_7,0.000,0.000,0.000,0.000
2025-11-22 14:57:51,mlx5_8,0.000,0.000,0.000,0.000
2025-11-22 14:57:51,mlx5_9,0.000,0.000,0.000,0.000
2025-11-22 14:57:51,TOTAL,37.228,0.045,580.483,416.451
2025-11-22 14:57:52,mlx5_0,0.000,0.000,0.000,0.000
2025-11-22 14:57:52,mlx5_1,0.000,0.000,289.198,205.412
2025-11-22 14:57:52,mlx5_2,0.000,0.000,0.000,0.000
2025-11-22 14:57:52,mlx5_3,0.000,0.000,0.000,0.000
2025-11-22 14:57:52,mlx5_4,0.000,0.000,0.000,0.000
2025-11-22 14:57:52,mlx5_5,0.000,0.000,291.285,211.039
2025-11-22 14:57:52,mlx5_6,0.000,0.000,0.000,0.000
2025-11-22 14:57:52,mlx5_7,0.000,0.000,0.000,0.000
2025-11-22 14:57:52,mlx5_8,0.000,0.000,0.000,0.000
2025-11-22 14:57:52,mlx5_9,0.000,0.000,0.000,0.000
2025-11-22 14:57:52,TOTAL,0.000,0.000,580.483,416.451
2025-11-22 14:57:53,mlx5_0,0.000,0.000,0.000,0.000
2025-11-22 14:57:53,mlx5_1,8.910,0.012,290.316,205.413
2025-11-22 14:57:53,mlx5_2,0.000,0.000,0.000,0.000
2025-11-22 14:57:53,mlx5_3,0.000,0.000,0.000,0.000
2025-11-22 14:57:53,mlx5_4,0.000,0.000,0.000,0.000
2025-11-22 14:57:53,mlx5_5,8.915,0.012,292.404,211.041
2025-11-22 14:57:53,mlx5_6,0.000,0.000,0.000,0.000
2025-11-22 14:57:53,mlx5_7,0.000,0.000,0.000,0.000
2025-11-22 14:57:53,mlx5_8,0.000,0.000,0.000,0.000
2025-11-22 14:57:53,mlx5_9,0.000,0.000,0.000,0.000
2025-11-22 14:57:53,TOTAL,17.825,0.023,582.721,416.454
2025-11-22 14:57:54,mlx5_0,0.000,0.000,0.000,0.000
2025-11-22 14:57:54,mlx5_1,0.000,0.000,290.316,205.413
2025-11-22 14:57:54,mlx5_2,0.000,0.000,0.000,0.000
2025-11-22 14:57:54,mlx5_3,0.000,0.000,0.000,0.000
2025-11-22 14:57:54,mlx5_4,0.000,0.000,0.000,0.000
2025-11-22 14:57:54,mlx5_5,0.000,0.000,292.404,211.041
2025-11-22 14:57:54,mlx5_6,0.000,0.000,0.000,0.000
2025-11-22 14:57:54,mlx5_7,0.000,0.000,0.000,0.000
2025-11-22 14:57:54,mlx5_8,0.000,0.000,0.000,0.000
2025-11-22 14:57:54,mlx5_9,0.000,0.000,0.000,0.000
2025-11-22 14:57:54,TOTAL,0.000,0.000,582.721,416.454
2025-11-22 14:57:55,mlx5_0,0.000,0.000,0.000,0.000
2025-11-22 14:57:55,mlx5_1,0.000,0.000,290.316,205.413
2025-11-22 14:57:55,mlx5_2,0.000,0.000,0.000,0.000
2025-11-22 14:57:55,mlx5_3,0.000,0.000,0.000,0.000
2025-11-22 14:57:55,mlx5_4,0.000,0.000,0.000,0.000
2025-11-22 14:57:55,mlx5_5,0.000,0.000,292.404,211.041
2025-11-22 14:57:55,mlx5_6,0.000,0.000,0.000,0.000
2025-11-22 14:57:55,mlx5_7,0.000,0.000,0.000,0.000
2025-11-22 14:57:55,mlx5_8,0.000,0.000,0.000,0.000
2025-11-22 14:57:55,mlx5_9,0.000,0.000,0.000,0.000
2025-11-22 14:57:55,TOTAL,0.000,0.000,582.721,416.454
2025-11-22 14:57:56,mlx5_0,0.000,0.000,0.000,0.000
2025-11-22 14:57:56,mlx5_1,0.000,0.000,290.316,205.413
2025-11-22 14:57:56,mlx5_2,0.000,0.000,0.000,0.000
2025-11-22 14:57:56,mlx5_3,0.000,0.000,0.000,0.000
2025-11-22 14:57:56,mlx5_4,0.000,0.000,0.000,0.000
2025-11-22 14:57:56,mlx5_5,0.000,0.000,292.404,211.041
2025-11-22 14:57:56,mlx5_6,0.000,0.000,0.000,0.000
2025-11-22 14:57:56,mlx5_7,0.000,0.000,0.000,0.000
2025-11-22 14:57:56,mlx5_8,0.000,0.000,0.000,0.000
2025-11-22 14:57:56,mlx5_9,0.000,0.000,0.000,0.000
2025-11-22 14:57:56,TOTAL,0.000,0.000,582.721,416.454
2025-11-22 14:57:57,mlx5_0,0.000,0.000,0.000,0.000
2025-11-22 14:57:57,mlx5_1,0.000,0.000,290.316,205.413
2025-11-22 14:57:57,mlx5_2,0.000,0.000,0.000,0.000
2025-11-22 14:57:57,mlx5_3,0.000,0.000,0.000,0.000
2025-11-22 14:57:57,mlx5_4,0.000,0.000,0.000,0.000
2025-11-22 14:57:57,mlx5_5,0.000,0.000,292.404,211.041
2025-11-22 14:57:57,mlx5_6,0.000,0.000,0.000,0.000
2025-11-22 14:57:57,mlx5_7,0.000,0.000,0.000,0.000
2025-11-22 14:57:57,mlx5_8,0.000,0.000,0.000,0.000
2025-11-22 14:57:57,mlx5_9,0.000,0.000,0.000,0.000
2025-11-22 14:57:57,TOTAL,0.000,0.000,582.721,416.454
2025-11-22 14:57:58,mlx5_0,0.000,0.000,0.000,0.000
2025-11-22 14:57:58,mlx5_1,0.000,0.000,290.316,205.413
2025-11-22 14:57:58,mlx5_2,0.000,0.000,0.000,0.000
2025-11-22 14:57:58,mlx5_3,0.000,0.000,0.000,0.000
2025-11-22 14:57:58,mlx5_4,0.000,0.000,0.000,0.000
2025-11-22 14:57:58,mlx5_5,0.000,0.000,292.404,211.041
2025-11-22 14:57:58,mlx5_6,0.000,0.000,0.000,0.000
2025-11-22 14:57:58,mlx5_7,0.000,0.000,0.000,0.000
2025-11-22 14:57:58,mlx5_8,0.000,0.000,0.000,0.000
2025-11-22 14:57:58,mlx5_9,0.000,0.000,0.000,0.000
2025-11-22 14:57:58,TOTAL,0.000,0.000,582.721,416.454
2025-11-22 14:57:59,mlx5_0,0.000,0.000,0.000,0.000
2025-11-22 14:57:59,mlx5_1,0.000,0.000,290.316,205.413
2025-11-22 14:57:59,mlx5_2,0.000,0.000,0.000,0.000
2025-11-22 14:57:59,mlx5_3,0.000,0.000,0.000,0.000
2025-11-22 14:57:59,mlx5_4,0.000,0.000,0.000,0.000
2025-11-22 14:57:59,mlx5_5,0.000,0.000,292.404,211.041
2025-11-22 14:57:59,mlx5_6,0.000,0.000,0.000,0.000
2025-11-22 14:57:59,mlx5_7,0.000,0.000,0.000,0.000
2025-11-22 14:57:59,mlx5_8,0.000,0.000,0.000,0.000
2025-11-22 14:57:59,mlx5_9,0.000,0.000,0.000,0.000
2025-11-22 14:57:59,TOTAL,0.000,0.000,582.721,416.454
2025-11-22 14:58:00,mlx5_0,0.000,0.000,0.000,0.000
2025-11-22 14:58:00,mlx5_1,0.000,0.000,290.316,205.413
2025-11-22 14:58:00,mlx5_2,0.000,0.000,0.000,0.000
2025-11-22 14:58:00,mlx5_3,0.000,0.000,0.000,0.000
2025-11-22 14:58:00,mlx5_4,0.000,0.000,0.000,0.000
2025-11-22 14:58:00,mlx5_5,0.000,0.000,292.404,211.041
2025-11-22 14:58:00,mlx5_6,0.000,0.000,0.000,0.000
2025-11-22 14:58:00,mlx5_7,0.000,0.000,0.000,0.000
2025-11-22 14:58:00,mlx5_8,0.000,0.000,0.000,0.000
2025-11-22 14:58:00,mlx5_9,0.000,0.000,0.000,0.000
2025-11-22 14:58:00,TOTAL,0.000,0.000,582.721,416.454
2025-11-22 14:58:01,mlx5_0,0.000,0.000,0.000,0.000
2025-11-22 14:58:01,mlx5_1,0.000,0.000,290.316,205.413
2025-11-22 14:58:01,mlx5_2,0.000,0.000,0.000,0.000
2025-11-22 14:58:01,mlx5_3,0.000,0.000,0.000,0.000
2025-11-22 14:58:01,mlx5_4,0.000,0.000,0.000,0.000
2025-11-22 14:58:01,mlx5_5,0.000,0.000,292.404,211.041
2025-11-22 14:58:01,mlx5_6,0.000,0.000,0.000,0.000
2025-11-22 14:58:01,mlx5_7,0.000,0.000,0.000,0.000
2025-11-22 14:58:01,mlx5_8,0.000,0.000,0.000,0.000
2025-11-22 14:58:01,mlx5_9,0.000,0.000,0.000,0.000
2025-11-22 14:58:01,TOTAL,0.000,0.000,582.721,416.454
2025-11-22 14:58:02,mlx5_0,0.000,0.000,0.000,0.000
2025-11-22 14:58:02,mlx5_1,0.000,0.000,290.316,205.413
2025-11-22 14:58:02,mlx5_2,0.000,0.000,0.000,0.000
2025-11-22 14:58:02,mlx5_3,0.000,0.000,0.000,0.000
2025-11-22 14:58:02,mlx5_4,0.000,0.000,0.000,0.000
2025-11-22 14:58:02,mlx5_5,0.000,0.000,292.404,211.041
2025-11-22 14:58:02,mlx5_6,0.000,0.000,0.000,0.000
2025-11-22 14:58:02,mlx5_7,0.000,0.000,0.000,0.000
2025-11-22 14:58:02,mlx5_8,0.000,0.000,0.000,0.000
2025-11-22 14:58:02,mlx5_9,0.000,0.000,0.000,0.000
2025-11-22 14:58:02,TOTAL,0.000,0.000,582.721,416.454
2025-11-22 14:58:03,mlx5_0,0.000,0.000,0.000,0.000
2025-11-22 14:58:03,mlx5_1,0.000,0.000,290.316,205.413
2025-11-22 14:58:03,mlx5_2,0.000,0.000,0.000,0.000
2025-11-22 14:58:03,mlx5_3,0.000,0.000,0.000,0.000
2025-11-22 14:58:03,mlx5_4,0.000,0.000,0.000,0.000
2025-11-22 14:58:03,mlx5_5,0.000,0.000,292.404,211.041
2025-11-22 14:58:03,mlx5_6,0.000,0.000,0.000,0.000
2025-11-22 14:58:03,mlx5_7,0.000,0.000,0.000,0.000
2025-11-22 14:58:03,mlx5_8,0.000,0.000,0.000,0.000
2025-11-22 14:58:03,mlx5_9,0.000,0.000,0.000,0.000
2025-11-22 14:58:03,TOTAL,0.000,0.000,582.721,416.454
2025-11-22 14:58:04,mlx5_0,0.000,0.000,0.000,0.000
2025-11-22 14:58:04,mlx5_1,0.000,0.000,290.316,205.413
2025-11-22 14:58:04,mlx5_2,0.000,0.000,0.000,0.000
2025-11-22 14:58:04,mlx5_3,0.000,0.000,0.000,0.000
2025-11-22 14:58:04,mlx5_4,0.000,0.000,0.000,0.000
2025-11-22 14:58:04,mlx5_5,0.000,0.000,292.404,211.041
2025-11-22 14:58:04,mlx5_6,0.000,0.000,0.000,0.000
2025-11-22 14:58:04,mlx5_7,0.000,0.000,0.000,0.000
2025-11-22 14:58:04,mlx5_8,0.000,0.000,0.000,0.000
2025-11-22 14:58:04,mlx5_9,0.000,0.000,0.000,0.000
2025-11-22 14:58:04,TOTAL,0.000,0.000,582.721,416.454
2025-11-22 14:58:05,mlx5_0,0.000,0.000,0.000,0.000
2025-11-22 14:58:05,mlx5_1,0.000,0.000,290.316,205.413
2025-11-22 14:58:05,mlx5_2,0.000,0.000,0.000,0.000
2025-11-22 14:58:05,mlx5_3,0.000,0.000,0.000,0.000
2025-11-22 14:58:05,mlx5_4,0.000,0.000,0.000,0.000
2025-11-22 14:58:05,mlx5_5,0.000,0.000,292.404,211.041
2025-11-22 14:58:05,mlx5_6,0.000,0.000,0.000,0.000
2025-11-22 14:58:05,mlx5_7,0.000,0.000,0.000,0.000
2025-11-22 14:58:05,mlx5_8,0.000,0.000,0.000,0.000
2025-11-22 14:58:05,mlx5_9,0.000,0.000,0.000,0.000
2025-11-22 14:58:05,TOTAL,0.000,0.000,582.721,416.454
2025-11-22 14:58:06,mlx5_0,0.000,0.000,0.000,0.000
2025-11-22 14:58:06,mlx5_1,0.000,0.000,290.316,205.413
2025-11-22 14:58:06,mlx5_2,0.000,0.000,0.000,0.000
2025-11-22 14:58:06,mlx5_3,0.000,0.000,0.000,0.000
2025-11-22 14:58:06,mlx5_4,0.000,0.000,0.000,0.000
2025-11-22 14:58:06,mlx5_5,0.000,0.000,292.404,211.041
2025-11-22 14:58:06,mlx5_6,0.000,0.000,0.000,0.000
2025-11-22 14:58:06,mlx5_7,0.000,0.000,0.000,0.000
2025-11-22 14:58:06,mlx5_8,0.000,0.000,0.000,0.000
2025-11-22 14:58:06,mlx5_9,0.000,0.000,0.000,0.000
2025-11-22 14:58:06,TOTAL,0.000,0.000,582.721,416.454
2025-11-22 14:58:07,mlx5_0,0.000,0.000,0.000,0.000
2025-11-22 14:58:07,mlx5_1,0.000,0.000,290.316,205.413
2025-11-22 14:58:07,mlx5_2,0.000,0.000,0.000,0.000
2025-11-22 14:58:07,mlx5_3,0.000,0.000,0.000,0.000
2025-11-22 14:58:07,mlx5_4,0.000,0.000,0.000,0.000
2025-11-22 14:58:07,mlx5_5,0.000,0.000,292.404,211.041
2025-11-22 14:58:07,mlx5_6,0.000,0.000,0.000,0.000
2025-11-22 14:58:07,mlx5_7,0.000,0.000,0.000,0.000
2025-11-22 14:58:07,mlx5_8,0.000,0.000,0.000,0.000
2025-11-22 14:58:07,mlx5_9,0.000,0.000,0.000,0.000
2025-11-22 14:58:07,TOTAL,0.000,0.000,582.721,416.454
2025-11-22 14:58:08,mlx5_0,0.000,0.000,0.000,0.000
2025-11-22 14:58:08,mlx5_1,0.000,0.000,290.316,205.413
2025-11-22 14:58:08,mlx5_2,0.000,0.000,0.000,0.000
2025-11-22 14:58:08,mlx5_3,0.000,0.000,0.000,0.000
2025-11-22 14:58:08,mlx5_4,0.000,0.000,0.000,0.000
2025-11-22 14:58:08,mlx5_5,0.000,0.000,292.404,211.041
2025-11-22 14:58:08,mlx5_6,0.000,0.000,0.000,0.000
2025-11-22 14:58:08,mlx5_7,0.000,0.000,0.000,0.000
2025-11-22 14:58:08,mlx5_8,0.000,0.000,0.000,0.000
2025-11-22 14:58:08,mlx5_9,0.000,0.000,0.000,0.000
2025-11-22 14:58:08,TOTAL,0.000,0.000,582.721,416.454
2025-11-22 14:58:09,mlx5_0,0.000,0.000,0.000,0.000
2025-11-22 14:58:09,mlx5_1,0.685,112.521,290.402,219.550
2025-11-22 14:58:09,mlx5_2,0.000,0.000,0.000,0.000
2025-11-22 14:58:09,mlx5_3,0.000,0.000,0.000,0.000
2025-11-22 14:58:09,mlx5_4,0.000,0.000,0.000,0.000
2025-11-22 14:58:09,mlx5_5,0.713,115.360,292.494,225.534
2025-11-22 14:58:09,mlx5_6,0.000,0.000,0.000,0.000
2025-11-22 14:58:09,mlx5_7,0.000,0.000,0.000,0.000
2025-11-22 14:58:09,mlx5_8,0.000,0.000,0.000,0.000
2025-11-22 14:58:09,mlx5_9,0.000,0.000,0.000,0.000
2025-11-22 14:58:09,TOTAL,1.398,227.881,582.896,445.085
2025-11-22 14:58:10,mlx5_0,0.000,0.000,0.000,0.000
2025-11-22 14:58:10,mlx5_1,0.745,109.297,290.496,233.283
2025-11-22 14:58:10,mlx5_2,0.000,0.000,0.000,0.000
2025-11-22 14:58:10,mlx5_3,0.000,0.000,0.000,0.000
2025-11-22 14:58:10,mlx5_4,0.000,0.000,0.000,0.000
2025-11-22 14:58:10,mlx5_5,0.819,113.290,292.597,239.769
2025-11-22 14:58:10,mlx5_6,0.000,0.000,0.000,0.000
2025-11-22 14:58:10,mlx5_7,0.000,0.000,0.000,0.000
2025-11-22 14:58:10,mlx5_8,0.000,0.000,0.000,0.000
2025-11-22 14:58:10,mlx5_9,0.000,0.000,0.000,0.000
2025-11-22 14:58:10,TOTAL,1.564,222.587,583.093,473.052
2025-11-22 14:58:11,mlx5_0,0.000,0.000,0.000,0.000
2025-11-22 14:58:11,mlx5_1,0.566,97.630,290.567,245.555
2025-11-22 14:58:11,mlx5_2,0.000,0.000,0.000,0.000
2025-11-22 14:58:11,mlx5_3,0.000,0.000,0.000,0.000
2025-11-22 14:58:11,mlx5_4,0.000,0.000,0.000,0.000
2025-11-22 14:58:11,mlx5_5,0.611,101.723,292.673,252.555
2025-11-22 14:58:11,mlx5_6,0.000,0.000,0.000,0.000
2025-11-22 14:58:11,mlx5_7,0.000,0.000,0.000,0.000
2025-11-22 14:58:11,mlx5_8,0.000,0.000,0.000,0.000
2025-11-22 14:58:11,mlx5_9,0.000,0.000,0.000,0.000
2025-11-22 14:58:11,TOTAL,1.177,199.352,583.241,498.110
2025-11-22 14:58:12,mlx5_0,0.000,0.000,0.000,0.000
2025-11-22 14:58:12,mlx5_1,1.424,208.651,290.746,271.784
2025-11-22 14:58:12,mlx5_2,0.000,0.000,0.000,0.000
2025-11-22 14:58:12,mlx5_3,0.000,0.000,0.000,0.000
2025-11-22 14:58:12,mlx5_4,0.000,0.000,0.000,0.000
2025-11-22 14:58:12,mlx5_5,1.514,214.981,292.864,279.580
2025-11-22 14:58:12,mlx5_6,0.000,0.000,0.000,0.000
2025-11-22 14:58:12,mlx5_7,0.000,0.000,0.000,0.000
2025-11-22 14:58:12,mlx5_8,0.000,0.000,0.000,0.000
2025-11-22 14:58:12,mlx5_9,0.000,0.000,0.000,0.000
2025-11-22 14:58:12,TOTAL,2.938,423.631,583.610,551.364
2025-11-22 14:58:13,mlx5_0,0.000,0.000,0.000,0.000
2025-11-22 14:58:13,mlx5_1,1.687,257.191,290.958,304.114
2025-11-22 14:58:13,mlx5_2,0.000,0.000,0.000,0.000
2025-11-22 14:58:13,mlx5_3,0.000,0.000,0.000,0.000
2025-11-22 14:58:13,mlx5_4,0.000,0.000,0.000,0.000
2025-11-22 14:58:13,mlx5_5,1.827,266.251,293.093,313.049
2025-11-22 14:58:13,mlx5_6,0.000,0.000,0.000,0.000
2025-11-22 14:58:13,mlx5_7,0.000,0.000,0.000,0.000
2025-11-22 14:58:13,mlx5_8,0.000,0.000,0.000,0.000
2025-11-22 14:58:13,mlx5_9,0.000,0.000,0.000,0.000
2025-11-22 14:58:13,TOTAL,3.514,523.442,584.052,617.163
2025-11-22 14:58:14,mlx5_0,0.000,0.000,0.000,0.000
2025-11-22 14:58:14,mlx5_1,1.421,216.762,291.137,331.353
2025-11-22 14:58:14,mlx5_2,0.000,0.000,0.000,0.000
2025-11-22 14:58:14,mlx5_3,0.000,0.000,0.000,0.000
2025-11-22 14:58:14,mlx5_4,0.000,0.000,0.000,0.000
2025-11-22 14:58:14,mlx5_5,1.548,223.380,293.288,341.119
2025-11-22 14:58:14,mlx5_6,0.000,0.000,0.000,0.000
2025-11-22 14:58:14,mlx5_7,0.000,0.000,0.000,0.000
2025-11-22 14:58:14,mlx5_8,0.000,0.000,0.000,0.000
2025-11-22 14:58:14,mlx5_9,0.000,0.000,0.000,0.000
2025-11-22 14:58:14,TOTAL,2.969,440.142,584.425,672.472
2025-11-22 14:58:15,mlx5_0,0.000,0.000,0.000,0.000
2025-11-22 14:58:15,mlx5_1,1.404,230.745,291.313,360.342
2025-11-22 14:58:15,mlx5_2,0.000,0.000,0.000,0.000
2025-11-22 14:58:15,mlx5_3,0.000,0.000,0.000,0.000
2025-11-22 14:58:15,mlx5_4,0.000,0.000,0.000,0.000
2025-11-22 14:58:15,mlx5_5,1.537,237.092,293.481,370.906
2025-11-22 14:58:15,mlx5_6,0.000,0.000,0.000,0.000
2025-11-22 14:58:15,mlx5_7,0.000,0.000,0.000,0.000
2025-11-22 14:58:15,mlx5_8,0.000,0.000,0.000,0.000
2025-11-22 14:58:15,mlx5_9,0.000,0.000,0.000,0.000
2025-11-22 14:58:15,TOTAL,2.941,467.837,584.794,731.249
2025-11-22 14:58:16,mlx5_0,0.000,0.000,0.000,0.000
2025-11-22 14:58:16,mlx5_1,0.727,100.080,291.405,372.926
2025-11-22 14:58:16,mlx5_2,0.000,0.000,0.000,0.000
2025-11-22 14:58:16,mlx5_3,0.000,0.000,0.000,0.000
2025-11-22 14:58:16,mlx5_4,0.000,0.000,0.000,0.000
2025-11-22 14:58:16,mlx5_5,0.778,103.861,293.579,383.965
2025-11-22 14:58:16,mlx5_6,0.000,0.000,0.000,0.000
2025-11-22 14:58:16,mlx5_7,0.000,0.000,0.000,0.000
2025-11-22 14:58:16,mlx5_8,0.000,0.000,0.000,0.000
2025-11-22 14:58:16,mlx5_9,0.000,0.000,0.000,0.000
2025-11-22 14:58:16,TOTAL,1.505,203.942,584.984,756.891
2025-11-22 14:58:17,mlx5_0,0.000,0.000,0.000,0.000
2025-11-22 14:58:17,mlx5_1,1.343,210.152,291.574,399.343
2025-11-22 14:58:17,mlx5_2,0.000,0.000,0.000,0.000
2025-11-22 14:58:17,mlx5_3,0.000,0.000,0.000,0.000
2025-11-22 14:58:17,mlx5_4,0.000,0.000,0.000,0.000
2025-11-22 14:58:17,mlx5_5,1.501,216.760,293.768,411.212
2025-11-22 14:58:17,mlx5_6,0.000,0.000,0.000,0.000
2025-11-22 14:58:17,mlx5_7,0.000,0.000,0.000,0.000
2025-11-22 14:58:17,mlx5_8,0.000,0.000,0.000,0.000
2025-11-22 14:58:17,mlx5_9,0.000,0.000,0.000,0.000
2025-11-22 14:58:17,TOTAL,2.845,426.912,585.341,810.555
2025-11-22 14:58:18,mlx5_0,0.000,0.000,0.000,0.000
2025-11-22 14:58:18,mlx5_1,1.544,233.418,291.767,428.661
2025-11-22 14:58:18,mlx5_2,0.000,0.000,0.000,0.000
2025-11-22 14:58:18,mlx5_3,0.000,0.000,0.000,0.000
2025-11-22 14:58:18,mlx5_4,0.000,0.000,0.000,0.000
2025-11-22 14:58:18,mlx5_5,1.685,241.216,293.979,441.510
2025-11-22 14:58:18,mlx5_6,0.000,0.000,0.000,0.000
2025-11-22 14:58:18,mlx5_7,0.000,0.000,0.000,0.000
2025-11-22 14:58:18,mlx5_8,0.000,0.000,0.000,0.000
2025-11-22 14:58:18,mlx5_9,0.000,0.000,0.000,0.000
2025-11-22 14:58:18,TOTAL,3.229,474.634,585.747,870.171
2025-11-22 14:58:19,mlx5_0,0.000,0.000,0.000,0.000
2025-11-22 14:58:19,mlx5_1,1.219,205.377,291.921,454.480
2025-11-22 14:58:19,mlx5_2,0.000,0.000,0.000,0.000
2025-11-22 14:58:19,mlx5_3,0.000,0.000,0.000,0.000
2025-11-22 14:58:19,mlx5_4,0.000,0.000,0.000,0.000
2025-11-22 14:58:19,mlx5_5,1.314,210.448,294.145,467.966
2025-11-22 14:58:19,mlx5_6,0.000,0.000,0.000,0.000
2025-11-22 14:58:19,mlx5_7,0.000,0.000,0.000,0.000
2025-11-22 14:58:19,mlx5_8,0.000,0.000,0.000,0.000
2025-11-22 14:58:19,mlx5_9,0.000,0.000,0.000,0.000
2025-11-22 14:58:19,TOTAL,2.534,415.825,586.065,922.446
2025-11-22 14:58:20,mlx5_0,0.000,0.000,0.000,0.000
2025-11-22 14:58:20,mlx5_1,0.321,73.907,291.961,463.768
2025-11-22 14:58:20,mlx5_2,0.000,0.000,0.000,0.000
2025-11-22 14:58:20,mlx5_3,0.000,0.000,0.000,0.000
2025-11-22 14:58:20,mlx5_4,0.000,0.000,0.000,0.000
2025-11-22 14:58:20,mlx5_5,0.360,76.156,294.190,477.538
2025-11-22 14:58:20,mlx5_6,0.000,0.000,0.000,0.000
2025-11-22 14:58:20,mlx5_7,0.000,0.000,0.000,0.000
2025-11-22 14:58:20,mlx5_8,0.000,0.000,0.000,0.000
2025-11-22 14:58:20,mlx5_9,0.000,0.000,0.000,0.000
2025-11-22 14:58:20,TOTAL,0.681,150.063,586.151,941.306
2025-11-22 14:58:21,mlx5_0,0.000,0.000,0.000,0.000
2025-11-22 14:58:21,mlx5_1,1.735,264.277,292.179,496.964
2025-11-22 14:58:21,mlx5_2,0.000,0.000,0.000,0.000
2025-11-22 14:58:21,mlx5_3,0.000,0.000,0.000,0.000
2025-11-22 14:58:21,mlx5_4,0.000,0.000,0.000,0.000
2025-11-22 14:58:21,mlx5_5,1.885,270.938,294.427,511.570
2025-11-22 14:58:21,mlx5_6,0.000,0.000,0.000,0.000
2025-11-22 14:58:21,mlx5_7,0.000,0.000,0.000,0.000
2025-11-22 14:58:21,mlx5_8,0.000,0.000,0.000,0.000
2025-11-22 14:58:21,mlx5_9,0.000,0.000,0.000,0.000
2025-11-22 14:58:21,TOTAL,3.620,535.215,586.605,1008.534
2025-11-22 14:58:22,mlx5_0,0.000,0.000,0.000,0.000
2025-11-22 14:58:22,mlx5_1,0.208,36.527,292.205,501.555
2025-11-22 14:58:22,mlx5_2,0.000,0.000,0.000,0.000
2025-11-22 14:58:22,mlx5_3,0.000,0.000,0.000,0.000
2025-11-22 14:58:22,mlx5_4,0.000,0.000,0.000,0.000
2025-11-22 14:58:22,mlx5_5,0.253,37.793,294.458,516.321
2025-11-22 14:58:22,mlx5_6,0.000,0.000,0.000,0.000
2025-11-22 14:58:22,mlx5_7,0.000,0.000,0.000,0.000
2025-11-22 14:58:22,mlx5_8,0.000,0.000,0.000,0.000
2025-11-22 14:58:22,mlx5_9,0.000,0.000,0.000,0.000
2025-11-22 14:58:22,TOTAL,0.461,74.320,586.663,1017.876
2025-11-22 14:58:23,mlx5_0,0.000,0.000,0.000,0.000
2025-11-22 14:58:23,mlx5_1,0.000,0.000,292.205,501.555
2025-11-22 14:58:23,mlx5_2,0.000,0.000,0.000,0.000
2025-11-22 14:58:23,mlx5_3,0.000,0.000,0.000,0.000
2025-11-22 14:58:23,mlx5_4,0.000,0.000,0.000,0.000
2025-11-22 14:58:23,mlx5_5,0.000,0.000,294.458,516.321
2025-11-22 14:58:23,mlx5_6,0.000,0.000,0.000,0.000
2025-11-22 14:58:23,mlx5_7,0.000,0.000,0.000,0.000
2025-11-22 14:58:23,mlx5_8,0.000,0.000,0.000,0.000
2025-11-22 14:58:23,mlx5_9,0.000,0.000,0.000,0.000
2025-11-22 14:58:23,TOTAL,0.000,0.000,586.663,1017.876
2025-11-22 14:58:24,mlx5_0,0.000,0.000,0.000,0.000
2025-11-22 14:58:24,mlx5_1,0.000,0.000,292.205,501.555
2025-11-22 14:58:24,mlx5_2,0.000,0.000,0.000,0.000
2025-11-22 14:58:24,mlx5_3,0.000,0.000,0.000,0.000
2025-11-22 14:58:24,mlx5_4,0.000,0.000,0.000,0.000
2025-11-22 14:58:24,mlx5_5,0.000,0.000,294.458,516.321
2025-11-22 14:58:24,mlx5_6,0.000,0.000,0.000,0.000
2025-11-22 14:58:24,mlx5_7,0.000,0.000,0.000,0.000
2025-11-22 14:58:24,mlx5_8,0.000,0.000,0.000,0.000
2025-11-22 14:58:24,mlx5_9,0.000,0.000,0.000,0.000
2025-11-22 14:58:24,TOTAL,0.000,0.000,586.663,1017.876
2025-11-22 14:58:25,mlx5_0,0.000,0.000,0.000,0.000
2025-11-22 14:58:25,mlx5_1,0.000,0.000,292.205,501.555
2025-11-22 14:58:25,mlx5_2,0.000,0.000,0.000,0.000
2025-11-22 14:58:25,mlx5_3,0.000,0.000,0.000,0.000
2025-11-22 14:58:25,mlx5_4,0.000,0.000,0.000,0.000
2025-11-22 14:58:25,mlx5_5,0.000,0.000,294.458,516.321
2025-11-22 14:58:25,mlx5_6,0.000,0.000,0.000,0.000
2025-11-22 14:58:25,mlx5_7,0.000,0.000,0.000,0.000
2025-11-22 14:58:25,mlx5_8,0.000,0.000,0.000,0.000
2025-11-22 14:58:25,mlx5_9,0.000,0.000,0.000,0.000
2025-11-22 14:58:25,TOTAL,0.000,0.000,586.663,1017.876
2025-11-22 14:58:26,mlx5_0,0.000,0.000,0.000,0.000
2025-11-22 14:58:26,mlx5_1,0.000,0.000,292.205,501.555
2025-11-22 14:58:26,mlx5_2,0.000,0.000,0.000,0.000
2025-11-22 14:58:26,mlx5_3,0.000,0.000,0.000,0.000
2025-11-22 14:58:26,mlx5_4,0.000,0.000,0.000,0.000
2025-11-22 14:58:26,mlx5_5,0.000,0.000,294.458,516.321
2025-11-22 14:58:26,mlx5_6,0.000,0.000,0.000,0.000
2025-11-22 14:58:26,mlx5_7,0.000,0.000,0.000,0.000
2025-11-22 14:58:26,mlx5_8,0.000,0.000,0.000,0.000
2025-11-22 14:58:26,mlx5_9,0.000,0.000,0.000,0.000
2025-11-22 14:58:26,TOTAL,0.000,0.000,586.663,1017.876
2025-11-22 14:58:27,mlx5_0,0.000,0.000,0.000,0.000
2025-11-22 14:58:27,mlx5_1,0.000,0.000,292.205,501.555
2025-11-22 14:58:27,mlx5_2,0.000,0.000,0.000,0.000
2025-11-22 14:58:27,mlx5_3,0.000,0.000,0.000,0.000
2025-11-22 14:58:27,mlx5_4,0.000,0.000,0.000,0.000
2025-11-22 14:58:27,mlx5_5,0.000,0.000,294.458,516.321
2025-11-22 14:58:27,mlx5_6,0.000,0.000,0.000,0.000
2025-11-22 14:58:27,mlx5_7,0.000,0.000,0.000,0.000
2025-11-22 14:58:27,mlx5_8,0.000,0.000,0.000,0.000
2025-11-22 14:58:27,mlx5_9,0.000,0.000,0.000,0.000
2025-11-22 14:58:27,TOTAL,0.000,0.000,586.663,1017.876
2025-11-22 14:58:28,mlx5_0,0.000,0.000,0.000,0.000
2025-11-22 14:58:28,mlx5_1,0.000,0.000,292.205,501.555
2025-11-22 14:58:28,mlx5_2,0.000,0.000,0.000,0.000
2025-11-22 14:58:28,mlx5_3,0.000,0.000,0.000,0.000
2025-11-22 14:58:28,mlx5_4,0.000,0.000,0.000,0.000
2025-11-22 14:58:28,mlx5_5,0.000,0.000,294.458,516.321
2025-11-22 14:58:28,mlx5_6,0.000,0.000,0.000,0.000
2025-11-22 14:58:28,mlx5_7,0.000,0.000,0.000,0.000
2025-11-22 14:58:28,mlx5_8,0.000,0.000,0.000,0.000
2025-11-22 14:58:28,mlx5_9,0.000,0.000,0.000,0.000
2025-11-22 14:58:28,TOTAL,0.000,0.000,586.663,1017.876
2025-11-22 14:58:29,mlx5_0,0.000,0.000,0.000,0.000
2025-11-22 14:58:29,mlx5_1,0.000,0.000,292.205,501.555
2025-11-22 14:58:29,mlx5_2,0.000,0.000,0.000,0.000
2025-11-22 14:58:29,mlx5_3,0.000,0.000,0.000,0.000
2025-11-22 14:58:29,mlx5_4,0.000,0.000,0.000,0.000
2025-11-22 14:58:29,mlx5_5,0.000,0.000,294.458,516.321
2025-11-22 14:58:29,mlx5_6,0.000,0.000,0.000,0.000
2025-11-22 14:58:29,mlx5_7,0.000,0.000,0.000,0.000
2025-11-22 14:58:29,mlx5_8,0.000,0.000,0.000,0.000
2025-11-22 14:58:29,mlx5_9,0.000,0.000,0.000,0.000
2025-11-22 14:58:29,TOTAL,0.000,0.000,586.663,1017.876
2025-11-22 14:58:30,mlx5_0,0.000,0.000,0.000,0.000
2025-11-22 14:58:30,mlx5_1,0.000,0.000,292.205,501.555
2025-11-22 14:58:30,mlx5_2,0.000,0.000,0.000,0.000
2025-11-22 14:58:30,mlx5_3,0.000,0.000,0.000,0.000
2025-11-22 14:58:30,mlx5_4,0.000,0.000,0.000,0.000
2025-11-22 14:58:30,mlx5_5,0.000,0.000,294.458,516.321
2025-11-22 14:58:30,mlx5_6,0.000,0.000,0.000,0.000
2025-11-22 14:58:30,mlx5_7,0.000,0.000,0.000,0.000
2025-11-22 14:58:30,mlx5_8,0.000,0.000,0.000,0.000
2025-11-22 14:58:30,mlx5_9,0.000,0.000,0.000,0.000
2025-11-22 14:58:30,TOTAL,0.000,0.000,586.663,1017.876
2025-11-22 14:58:31,mlx5_0,0.000,0.000,0.000,0.000
2025-11-22 14:58:31,mlx5_1,0.000,0.000,292.205,501.555
2025-11-22 14:58:31,mlx5_2,0.000,0.000,0.000,0.000
2025-11-22 14:58:31,mlx5_3,0.000,0.000,0.000,0.000
2025-11-22 14:58:31,mlx5_4,0.000,0.000,0.000,0.000
2025-11-22 14:58:31,mlx5_5,0.000,0.000,294.458,516.321
2025-11-22 14:58:31,mlx5_6,0.000,0.000,0.000,0.000
2025-11-22 14:58:31,mlx5_7,0.000,0.000,0.000,0.000
2025-11-22 14:58:31,mlx5_8,0.000,0.000,0.000,0.000
2025-11-22 14:58:31,mlx5_9,0.000,0.000,0.000,0.000
2025-11-22 14:58:31,TOTAL,0.000,0.000,586.663,1017.876
2025-11-22 14:58:32,mlx5_0,0.000,0.000,0.000,0.000
2025-11-22 14:58:32,mlx5_1,0.000,0.000,292.205,501.555
2025-11-22 14:58:32,mlx5_2,0.000,0.000,0.000,0.000
2025-11-22 14:58:32,mlx5_3,0.000,0.000,0.000,0.000
2025-11-22 14:58:32,mlx5_4,0.000,0.000,0.000,0.000
2025-11-22 14:58:32,mlx5_5,0.000,0.000,294.458,516.321
2025-11-22 14:58:32,mlx5_6,0.000,0.000,0.000,0.000
2025-11-22 14:58:32,mlx5_7,0.000,0.000,0.000,0.000
2025-11-22 14:58:32,mlx5_8,0.000,0.000,0.000,0.000
2025-11-22 14:58:32,mlx5_9,0.000,0.000,0.000,0.000
2025-11-22 14:58:32,TOTAL,0.000,0.000,586.663,1017.876
2025-11-22 14:58:33,mlx5_0,0.000,0.000,0.000,0.000
2025-11-22 14:58:33,mlx5_1,0.000,0.000,292.205,501.555
2025-11-22 14:58:33,mlx5_2,0.000,0.000,0.000,0.000
2025-11-22 14:58:33,mlx5_3,0.000,0.000,0.000,0.000
2025-11-22 14:58:33,mlx5_4,0.000,0.000,0.000,0.000
2025-11-22 14:58:33,mlx5_5,0.000,0.000,294.458,516.321
2025-11-22 14:58:33,mlx5_6,0.000,0.000,0.000,0.000
2025-11-22 14:58:33,mlx5_7,0.000,0.000,0.000,0.000
2025-11-22 14:58:33,mlx5_8,0.000,0.000,0.000,0.000
2025-11-22 14:58:33,mlx5_9,0.000,0.000,0.000,0.000
2025-11-22 14:58:33,TOTAL,0.000,0.000,586.663,1017.876
2025-11-22 14:58:34,mlx5_0,0.000,0.000,0.000,0.000
2025-11-22 14:58:34,mlx5_1,0.000,0.000,292.205,501.555
2025-11-22 14:58:34,mlx5_2,0.000,0.000,0.000,0.000
2025-11-22 14:58:34,mlx5_3,0.000,0.000,0.000,0.000
2025-11-22 14:58:34,mlx5_4,0.000,0.000,0.000,0.000
2025-11-22 14:58:34,mlx5_5,0.000,0.000,294.458,516.321
2025-11-22 14:58:34,mlx5_6,0.000,0.000,0.000,0.000
2025-11-22 14:58:34,mlx5_7,0.000,0.000,0.000,0.000
2025-11-22 14:58:34,mlx5_8,0.000,0.000,0.000,0.000
2025-11-22 14:58:34,mlx5_9,0.000,0.000,0.000,0.000
2025-11-22 14:58:34,TOTAL,0.000,0.000,586.663,1017.876
2025-11-22 14:58:35,mlx5_0,0.000,0.000,0.000,0.000
2025-11-22 14:58:35,mlx5_1,0.000,0.000,292.205,501.555
2025-11-22 14:58:35,mlx5_2,0.000,0.000,0.000,0.000
2025-11-22 14:58:35,mlx5_3,0.000,0.000,0.000,0.000
2025-11-22 14:58:35,mlx5_4,0.000,0.000,0.000,0.000
2025-11-22 14:58:35,mlx5_5,0.000,0.000,294.458,516.321
2025-11-22 14:58:35,mlx5_6,0.000,0.000,0.000,0.000
2025-11-22 14:58:35,mlx5_7,0.000,0.000,0.000,0.000
2025-11-22 14:58:35,mlx5_8,0.000,0.000,0.000,0.000
2025-11-22 14:58:35,mlx5_9,0.000,0.000,0.000,0.000
2025-11-22 14:58:35,TOTAL,0.000,0.000,586.663,1017.876
2025-11-22 14:58:36,mlx5_0,0.000,0.000,0.000,0.000
2025-11-22 14:58:36,mlx5_1,0.000,0.000,292.205,501.555
2025-11-22 14:58:36,mlx5_2,0.000,0.000,0.000,0.000
2025-11-22 14:58:36,mlx5_3,0.000,0.000,0.000,0.000
2025-11-22 14:58:36,mlx5_4,0.000,0.000,0.000,0.000
2025-11-22 14:58:36,mlx5_5,0.000,0.000,294.458,516.321
2025-11-22 14:58:36,mlx5_6,0.000,0.000,0.000,0.000
2025-11-22 14:58:36,mlx5_7,0.000,0.000,0.000,0.000
2025-11-22 14:58:36,mlx5_8,0.000,0.000,0.000,0.000
2025-11-22 14:58:36,mlx5_9,0.000,0.000,0.000,0.000
2025-11-22 14:58:36,TOTAL,0.000,0.000,586.663,1017.876
2025-11-22 14:58:37,mlx5_0,0.000,0.000,0.000,0.000
2025-11-22 14:58:37,mlx5_1,0.000,0.000,292.205,501.555
2025-11-22 14:58:37,mlx5_2,0.000,0.000,0.000,0.000
2025-11-22 14:58:37,mlx5_3,0.000,0.000,0.000,0.000
2025-11-22 14:58:37,mlx5_4,0.000,0.000,0.000,0.000
2025-11-22 14:58:37,mlx5_5,0.000,0.000,294.458,516.321
2025-11-22 14:58:37,mlx5_6,0.000,0.000,0.000,0.000
2025-11-22 14:58:37,mlx5_7,0.000,0.000,0.000,0.000
2025-11-22 14:58:37,mlx5_8,0.000,0.000,0.000,0.000
2025-11-22 14:58:37,mlx5_9,0.000,0.000,0.000,0.000
2025-11-22 14:58:37,TOTAL,0.000,0.000,586.663,1017.876
2025-11-22 14:58:38,mlx5_0,0.000,0.000,0.000,0.000
2025-11-22 14:58:38,mlx5_1,0.684,111.686,292.291,515.570
2025-11-22 14:58:38,mlx5_2,0.000,0.000,0.000,0.000
2025-11-22 14:58:38,mlx5_3,0.000,0.000,0.000,0.000
2025-11-22 14:58:38,mlx5_4,0.000,0.000,0.000,0.000
2025-11-22 14:58:38,mlx5_5,0.729,116.190,294.550,530.901
2025-11-22 14:58:38,mlx5_6,0.000,0.000,0.000,0.000
2025-11-22 14:58:38,mlx5_7,0.000,0.000,0.000,0.000
2025-11-22 14:58:38,mlx5_8,0.000,0.000,0.000,0.000
2025-11-22 14:58:38,mlx5_9,0.000,0.000,0.000,0.000
2025-11-22 14:58:38,TOTAL,1.413,227.876,586.841,1046.471
2025-11-22 14:58:39,mlx5_0,0.000,0.000,0.000,0.000
2025-11-22 14:58:39,mlx5_1,0.887,147.479,292.402,534.101
2025-11-22 14:58:39,mlx5_2,0.000,0.000,0.000,0.000
2025-11-22 14:58:39,mlx5_3,0.000,0.000,0.000,0.000
2025-11-22 14:58:39,mlx5_4,0.000,0.000,0.000,0.000
2025-11-22 14:58:39,mlx5_5,0.975,152.243,294.672,550.030
2025-11-22 14:58:39,mlx5_6,0.000,0.000,0.000,0.000
2025-11-22 14:58:39,mlx5_7,0.000,0.000,0.000,0.000
2025-11-22 14:58:39,mlx5_8,0.000,0.000,0.000,0.000
2025-11-22 14:58:39,mlx5_9,0.000,0.000,0.000,0.000
2025-11-22 14:58:39,TOTAL,1.862,299.722,587.075,1084.131
2025-11-22 14:58:40,mlx5_0,0.000,0.000,0.000,0.000
2025-11-22 14:58:40,mlx5_1,1.282,211.485,292.564,560.679
2025-11-22 14:58:40,mlx5_2,0.000,0.000,0.000,0.000
2025-11-22 14:58:40,mlx5_3,0.000,0.000,0.000,0.000
2025-11-22 14:58:40,mlx5_4,0.000,0.000,0.000,0.000
2025-11-22 14:58:40,mlx5_5,1.405,216.592,294.849,577.250
2025-11-22 14:58:40,mlx5_6,0.000,0.000,0.000,0.000
2025-11-22 14:58:40,mlx5_7,0.000,0.000,0.000,0.000
2025-11-22 14:58:40,mlx5_8,0.000,0.000,0.000,0.000
2025-11-22 14:58:40,mlx5_9,0.000,0.000,0.000,0.000
2025-11-22 14:58:40,TOTAL,2.688,428.078,587.412,1137.929
2025-11-22 14:58:41,mlx5_0,0.000,0.000,0.000,0.000
2025-11-22 14:58:41,mlx5_1,0.979,174.289,292.687,582.566
2025-11-22 14:58:41,mlx5_2,0.000,0.000,0.000,0.000
2025-11-22 14:58:41,mlx5_3,0.000,0.000,0.000,0.000
2025-11-22 14:58:41,mlx5_4,0.000,0.000,0.000,0.000
2025-11-22 14:58:41,mlx5_5,1.043,179.205,294.980,599.755
2025-11-22 14:58:41,mlx5_6,0.000,0.000,0.000,0.000
2025-11-22 14:58:41,mlx5_7,0.000,0.000,0.000,0.000
2025-11-22 14:58:41,mlx5_8,0.000,0.000,0.000,0.000
2025-11-22 14:58:41,mlx5_9,0.000,0.000,0.000,0.000
2025-11-22 14:58:41,TOTAL,2.023,353.493,587.667,1182.321
2025-11-22 14:58:42,mlx5_0,0.000,0.000,0.000,0.000
2025-11-22 14:58:42,mlx5_1,1.163,204.599,292.833,608.279
2025-11-22 14:58:42,mlx5_2,0.000,0.000,0.000,0.000
2025-11-22 14:58:42,mlx5_3,0.000,0.000,0.000,0.000
2025-11-22 14:58:42,mlx5_4,0.000,0.000,0.000,0.000
2025-11-22 14:58:42,mlx5_5,1.312,211.425,295.145,626.326
2025-11-22 14:58:42,mlx5_6,0.000,0.000,0.000,0.000
2025-11-22 14:58:42,mlx5_7,0.000,0.000,0.000,0.000
2025-11-22 14:58:42,mlx5_8,0.000,0.000,0.000,0.000
2025-11-22 14:58:42,mlx5_9,0.000,0.000,0.000,0.000
2025-11-22 14:58:42,TOTAL,2.475,416.024,587.978,1234.605
2025-11-22 14:58:43,mlx5_0,0.000,0.000,0.000,0.000
2025-11-22 14:58:43,mlx5_1,1.115,198.869,292.973,633.274
2025-11-22 14:58:43,mlx5_2,0.000,0.000,0.000,0.000
2025-11-22 14:58:43,mlx5_3,0.000,0.000,0.000,0.000
2025-11-22 14:58:43,mlx5_4,0.000,0.000,0.000,0.000
2025-11-22 14:58:43,mlx5_5,1.227,205.114,295.299,652.105
2025-11-22 14:58:43,mlx5_6,0.000,0.000,0.000,0.000
2025-11-22 14:58:43,mlx5_7,0.000,0.000,0.000,0.000
2025-11-22 14:58:43,mlx5_8,0.000,0.000,0.000,0.000
2025-11-22 14:58:43,mlx5_9,0.000,0.000,0.000,0.000
2025-11-22 14:58:43,TOTAL,2.342,403.984,588.272,1285.379
2025-11-22 14:58:44,mlx5_0,0.000,0.000,0.000,0.000
2025-11-22 14:58:44,mlx5_1,1.140,184.167,293.116,656.422
2025-11-22 14:58:44,mlx5_2,0.000,0.000,0.000,0.000
2025-11-22 14:58:44,mlx5_3,0.000,0.000,0.000,0.000
2025-11-22 14:58:44,mlx5_4,0.000,0.000,0.000,0.000
2025-11-22 14:58:44,mlx5_5,1.223,190.234,295.453,676.015
2025-11-22 14:58:44,mlx5_6,0.000,0.000,0.000,0.000
2025-11-22 14:58:44,mlx5_7,0.000,0.000,0.000,0.000
2025-11-22 14:58:44,mlx5_8,0.000,0.000,0.000,0.000
2025-11-22 14:58:44,mlx5_9,0.000,0.000,0.000,0.000
2025-11-22 14:58:44,TOTAL,2.363,374.401,588.569,1332.437
2025-11-22 14:58:45,mlx5_0,0.000,0.000,0.000,0.000
2025-11-22 14:58:45,mlx5_1,0.759,120.651,293.212,671.581
2025-11-22 14:58:45,mlx5_2,0.000,0.000,0.000,0.000
2025-11-22 14:58:45,mlx5_3,0.000,0.000,0.000,0.000
2025-11-22 14:58:45,mlx5_4,0.000,0.000,0.000,0.000
2025-11-22 14:58:45,mlx5_5,0.806,123.971,295.554,691.592
2025-11-22 14:58:45,mlx5_6,0.000,0.000,0.000,0.000
2025-11-22 14:58:45,mlx5_7,0.000,0.000,0.000,0.000
2025-11-22 14:58:45,mlx5_8,0.000,0.000,0.000,0.000
2025-11-22 14:58:45,mlx5_9,0.000,0.000,0.000,0.000
2025-11-22 14:58:45,TOTAL,1.565,244.621,588.765,1363.173
2025-11-22 14:58:46,mlx5_0,0.000,0.000,0.000,0.000
2025-11-22 14:58:46,mlx5_1,1.375,229.530,293.384,700.422
2025-11-22 14:58:46,mlx5_2,0.000,0.000,0.000,0.000
2025-11-22 14:58:46,mlx5_3,0.000,0.000,0.000,0.000
2025-11-22 14:58:46,mlx5_4,0.000,0.000,0.000,0.000
2025-11-22 14:58:46,mlx5_5,1.514,237.877,295.744,721.482
2025-11-22 14:58:46,mlx5_6,0.000,0.000,0.000,0.000
2025-11-22 14:58:46,mlx5_7,0.000,0.000,0.000,0.000
2025-11-22 14:58:46,mlx5_8,0.000,0.000,0.000,0.000
2025-11-22 14:58:46,mlx5_9,0.000,0.000,0.000,0.000
2025-11-22 14:58:46,TOTAL,2.890,467.407,589.129,1421.904
2025-11-22 14:58:47,mlx5_0,0.000,0.000,0.000,0.000
2025-11-22 14:58:47,mlx5_1,1.278,210.150,293.545,726.828
2025-11-22 14:58:47,mlx5_2,0.000,0.000,0.000,0.000
2025-11-22 14:58:47,mlx5_3,0.000,0.000,0.000,0.000
2025-11-22 14:58:47,mlx5_4,0.000,0.000,0.000,0.000
2025-11-22 14:58:47,mlx5_5,1.398,214.951,295.920,748.491
2025-11-22 14:58:47,mlx5_6,0.000,0.000,0.000,0.000
2025-11-22 14:58:47,mlx5_7,0.000,0.000,0.000,0.000
2025-11-22 14:58:47,mlx5_8,0.000,0.000,0.000,0.000
2025-11-22 14:58:47,mlx5_9,0.000,0.000,0.000,0.000
2025-11-22 14:58:47,TOTAL,2.676,425.102,589.465,1475.319
2025-11-22 14:58:48,mlx5_0,0.000,0.000,0.000,0.000
2025-11-22 14:58:48,mlx5_1,1.415,227.257,293.723,755.388
2025-11-22 14:58:48,mlx5_2,0.000,0.000,0.000,0.000
2025-11-22 14:58:48,mlx5_3,0.000,0.000,0.000,0.000
2025-11-22 14:58:48,mlx5_4,0.000,0.000,0.000,0.000
2025-11-22 14:58:48,mlx5_5,1.457,234.298,296.103,777.935
2025-11-22 14:58:48,mlx5_6,0.000,0.000,0.000,0.000
2025-11-22 14:58:48,mlx5_7,0.000,0.000,0.000,0.000
2025-11-22 14:58:48,mlx5_8,0.000,0.000,0.000,0.000
2025-11-22 14:58:48,mlx5_9,0.000,0.000,0.000,0.000
2025-11-22 14:58:48,TOTAL,2.872,461.555,589.826,1533.323
2025-11-22 14:58:49,mlx5_0,0.000,0.000,0.000,0.000
2025-11-22 14:58:49,mlx5_1,1.408,232.471,293.900,784.598
2025-11-22 14:58:49,mlx5_2,0.000,0.000,0.000,0.000
2025-11-22 14:58:49,mlx5_3,0.000,0.000,0.000,0.000
2025-11-22 14:58:49,mlx5_4,0.000,0.000,0.000,0.000
2025-11-22 14:58:49,mlx5_5,1.502,239.761,296.292,808.062
2025-11-22 14:58:49,mlx5_6,0.000,0.000,0.000,0.000
2025-11-22 14:58:49,mlx5_7,0.000,0.000,0.000,0.000
2025-11-22 14:58:49,mlx5_8,0.000,0.000,0.000,0.000
2025-11-22 14:58:49,mlx5_9,0.000,0.000,0.000,0.000
2025-11-22 14:58:49,TOTAL,2.909,472.233,590.191,1592.661
2025-11-22 14:58:50,mlx5_0,0.000,0.000,0.000,0.000
2025-11-22 14:58:50,mlx5_1,0.602,100.033,293.975,797.168
2025-11-22 14:58:50,mlx5_2,0.000,0.000,0.000,0.000
2025-11-22 14:58:50,mlx5_3,0.000,0.000,0.000,0.000
2025-11-22 14:58:50,mlx5_4,0.000,0.000,0.000,0.000
2025-11-22 14:58:50,mlx5_5,0.667,103.737,296.376,821.097
2025-11-22 14:58:50,mlx5_6,0.000,0.000,0.000,0.000
2025-11-22 14:58:50,mlx5_7,0.000,0.000,0.000,0.000
2025-11-22 14:58:50,mlx5_8,0.000,0.000,0.000,0.000
2025-11-22 14:58:50,mlx5_9,0.000,0.000,0.000,0.000
2025-11-22 14:58:50,TOTAL,1.269,203.770,590.351,1618.264
2025-11-22 14:58:51,mlx5_0,0.000,0.000,0.000,0.000
2025-11-22 14:58:51,mlx5_1,0.000,0.000,293.975,797.168
2025-11-22 14:58:51,mlx5_2,0.000,0.000,0.000,0.000
2025-11-22 14:58:51,mlx5_3,0.000,0.000,0.000,0.000
2025-11-22 14:58:51,mlx5_4,0.000,0.000,0.000,0.000
2025-11-22 14:58:51,mlx5_5,0.000,0.000,296.376,821.097
2025-11-22 14:58:51,mlx5_6,0.000,0.000,0.000,0.000
2025-11-22 14:58:51,mlx5_7,0.000,0.000,0.000,0.000
2025-11-22 14:58:51,mlx5_8,0.000,0.000,0.000,0.000
2025-11-22 14:58:51,mlx5_9,0.000,0.000,0.000,0.000
2025-11-22 14:58:51,TOTAL,0.000,0.000,590.351,1618.264
2025-11-22 14:58:52,mlx5_0,0.000,0.000,0.000,0.000
2025-11-22 14:58:52,mlx5_1,0.000,0.000,293.975,797.168
2025-11-22 14:58:52,mlx5_2,0.000,0.000,0.000,0.000
2025-11-22 14:58:52,mlx5_3,0.000,0.000,0.000,0.000
2025-11-22 14:58:52,mlx5_4,0.000,0.000,0.000,0.000
2025-11-22 14:58:52,mlx5_5,0.000,0.000,296.376,821.097
2025-11-22 14:58:52,mlx5_6,0.000,0.000,0.000,0.000
2025-11-22 14:58:52,mlx5_7,0.000,0.000,0.000,0.000
2025-11-22 14:58:52,mlx5_8,0.000,0.000,0.000,0.000
2025-11-22 14:58:52,mlx5_9,0.000,0.000,0.000,0.000
2025-11-22 14:58:52,TOTAL,0.000,0.000,590.351,1618.264
2025-11-22 14:58:53,mlx5_0,0.000,0.000,0.000,0.000
2025-11-22 14:58:53,mlx5_1,0.000,0.000,293.975,797.168
2025-11-22 14:58:53,mlx5_2,0.000,0.000,0.000,0.000
2025-11-22 14:58:53,mlx5_3,0.000,0.000,0.000,0.000
2025-11-22 14:58:53,mlx5_4,0.000,0.000,0.000,0.000
2025-11-22 14:58:53,mlx5_5,0.000,0.000,296.376,821.097
2025-11-22 14:58:53,mlx5_6,0.000,0.000,0.000,0.000
2025-11-22 14:58:53,mlx5_7,0.000,0.000,0.000,0.000
2025-11-22 14:58:53,mlx5_8,0.000,0.000,0.000,0.000
2025-11-22 14:58:53,mlx5_9,0.000,0.000,0.000,0.000
2025-11-22 14:58:53,TOTAL,0.000,0.000,590.351,1618.264
2025-11-22 14:58:54,mlx5_0,0.000,0.000,0.000,0.000
2025-11-22 14:58:54,mlx5_1,0.000,0.000,293.975,797.168
2025-11-22 14:58:54,mlx5_2,0.000,0.000,0.000,0.000
2025-11-22 14:58:54,mlx5_3,0.000,0.000,0.000,0.000
2025-11-22 14:58:54,mlx5_4,0.000,0.000,0.000,0.000
2025-11-22 14:58:54,mlx5_5,0.000,0.000,296.376,821.097
2025-11-22 14:58:54,mlx5_6,0.000,0.000,0.000,0.000
2025-11-22 14:58:54,mlx5_7,0.000,0.000,0.000,0.000
2025-11-22 14:58:54,mlx5_8,0.000,0.000,0.000,0.000
2025-11-22 14:58:54,mlx5_9,0.000,0.000,0.000,0.000
2025-11-22 14:58:54,TOTAL,0.000,0.000,590.351,1618.264
2025-11-22 14:58:55,mlx5_0,0.000,0.000,0.000,0.000
2025-11-22 14:58:55,mlx5_1,0.000,0.000,293.975,797.168
2025-11-22 14:58:55,mlx5_2,0.000,0.000,0.000,0.000
2025-11-22 14:58:55,mlx5_3,0.000,0.000,0.000,0.000
2025-11-22 14:58:55,mlx5_4,0.000,0.000,0.000,0.000
2025-11-22 14:58:55,mlx5_5,0.000,0.000,296.376,821.097
2025-11-22 14:58:55,mlx5_6,0.000,0.000,0.000,0.000
2025-11-22 14:58:55,mlx5_7,0.000,0.000,0.000,0.000
2025-11-22 14:58:55,mlx5_8,0.000,0.000,0.000,0.000
2025-11-22 14:58:55,mlx5_9,0.000,0.000,0.000,0.000
2025-11-22 14:58:55,TOTAL,0.000,0.000,590.351,1618.264
2025-11-22 14:58:56,mlx5_0,0.000,0.000,0.000,0.000
2025-11-22 14:58:56,mlx5_1,0.000,0.000,293.975,797.168
2025-11-22 14:58:56,mlx5_2,0.000,0.000,0.000,0.000
2025-11-22 14:58:56,mlx5_3,0.000,0.000,0.000,0.000
2025-11-22 14:58:56,mlx5_4,0.000,0.000,0.000,0.000
2025-11-22 14:58:56,mlx5_5,0.000,0.000,296.376,821.097
2025-11-22 14:58:56,mlx5_6,0.000,0.000,0.000,0.000
2025-11-22 14:58:56,mlx5_7,0.000,0.000,0.000,0.000
2025-11-22 14:58:56,mlx5_8,0.000,0.000,0.000,0.000
2025-11-22 14:58:56,mlx5_9,0.000,0.000,0.000,0.000
2025-11-22 14:58:56,TOTAL,0.000,0.000,590.351,1618.264
2025-11-22 14:58:57,mlx5_0,0.000,0.000,0.000,0.000
2025-11-22 14:58:57,mlx5_1,0.000,0.000,293.975,797.168
2025-11-22 14:58:57,mlx5_2,0.000,0.000,0.000,0.000
2025-11-22 14:58:57,mlx5_3,0.000,0.000,0.000,0.000
2025-11-22 14:58:57,mlx5_4,0.000,0.000,0.000,0.000
2025-11-22 14:58:57,mlx5_5,0.000,0.000,296.376,821.097
2025-11-22 14:58:57,mlx5_6,0.000,0.000,0.000,0.000
2025-11-22 14:58:57,mlx5_7,0.000,0.000,0.000,0.000
2025-11-22 14:58:57,mlx5_8,0.000,0.000,0.000,0.000
2025-11-22 14:58:57,mlx5_9,0.000,0.000,0.000,0.000
2025-11-22 14:58:57,TOTAL,0.000,0.000,590.351,1618.264
2025-11-22 14:58:58,mlx5_0,0.000,0.000,0.000,0.000
2025-11-22 14:58:58,mlx5_1,0.000,0.000,293.975,797.168
2025-11-22 14:58:58,mlx5_2,0.000,0.000,0.000,0.000
2025-11-22 14:58:58,mlx5_3,0.000,0.000,0.000,0.000
2025-11-22 14:58:58,mlx5_4,0.000,0.000,0.000,0.000
2025-11-22 14:58:58,mlx5_5,0.000,0.000,296.376,821.097
2025-11-22 14:58:58,mlx5_6,0.000,0.000,0.000,0.000
2025-11-22 14:58:58,mlx5_7,0.000,0.000,0.000,0.000
2025-11-22 14:58:58,mlx5_8,0.000,0.000,0.000,0.000
2025-11-22 14:58:58,mlx5_9,0.000,0.000,0.000,0.000
2025-11-22 14:58:58,TOTAL,0.000,0.000,590.351,1618.264
2025-11-22 14:58:59,mlx5_0,0.000,0.000,0.000,0.000
2025-11-22 14:58:59,mlx5_1,0.000,0.000,293.975,797.168
2025-11-22 14:58:59,mlx5_2,0.000,0.000,0.000,0.000
2025-11-22 14:58:59,mlx5_3,0.000,0.000,0.000,0.000
2025-11-22 14:58:59,mlx5_4,0.000,0.000,0.000,0.000
2025-11-22 14:58:59,mlx5_5,0.000,0.000,296.376,821.097
2025-11-22 14:58:59,mlx5_6,0.000,0.000,0.000,0.000
2025-11-22 14:58:59,mlx5_7,0.000,0.000,0.000,0.000
2025-11-22 14:58:59,mlx5_8,0.000,0.000,0.000,0.000
2025-11-22 14:58:59,mlx5_9,0.000,0.000,0.000,0.000
2025-11-22 14:58:59,TOTAL,0.000,0.000,590.351,1618.264
2025-11-22 14:59:00,mlx5_0,0.000,0.000,0.000,0.000
2025-11-22 14:59:00,mlx5_1,0.000,0.000,293.975,797.168
2025-11-22 14:59:00,mlx5_2,0.000,0.000,0.000,0.000
2025-11-22 14:59:00,mlx5_3,0.000,0.000,0.000,0.000
2025-11-22 14:59:00,mlx5_4,0.000,0.000,0.000,0.000
2025-11-22 14:59:00,mlx5_5,0.000,0.000,296.376,821.097
2025-11-22 14:59:00,mlx5_6,0.000,0.000,0.000,0.000
2025-11-22 14:59:00,mlx5_7,0.000,0.000,0.000,0.000
2025-11-22 14:59:00,mlx5_8,0.000,0.000,0.000,0.000
2025-11-22 14:59:00,mlx5_9,0.000,0.000,0.000,0.000
2025-11-22 14:59:00,TOTAL,0.000,0.000,590.351,1618.264
2025-11-22 14:59:01,mlx5_0,0.000,0.000,0.000,0.000
2025-11-22 14:59:01,mlx5_1,0.000,0.000,293.975,797.168
2025-11-22 14:59:01,mlx5_2,0.000,0.000,0.000,0.000
2025-11-22 14:59:01,mlx5_3,0.000,0.000,0.000,0.000
2025-11-22 14:59:01,mlx5_4,0.000,0.000,0.000,0.000
2025-11-22 14:59:01,mlx5_5,0.000,0.000,296.376,821.097
2025-11-22 14:59:01,mlx5_6,0.000,0.000,0.000,0.000
2025-11-22 14:59:01,mlx5_7,0.000,0.000,0.000,0.000
2025-11-22 14:59:01,mlx5_8,0.000,0.000,0.000,0.000
2025-11-22 14:59:01,mlx5_9,0.000,0.000,0.000,0.000
2025-11-22 14:59:01,TOTAL,0.000,0.000,590.351,1618.264
2025-11-22 14:59:02,mlx5_0,0.000,0.000,0.000,0.000
2025-11-22 14:59:02,mlx5_1,0.000,0.000,293.975,797.168
2025-11-22 14:59:02,mlx5_2,0.000,0.000,0.000,0.000
2025-11-22 14:59:02,mlx5_3,0.000,0.000,0.000,0.000
2025-11-22 14:59:02,mlx5_4,0.000,0.000,0.000,0.000
2025-11-22 14:59:02,mlx5_5,0.000,0.000,296.376,821.097
2025-11-22 14:59:02,mlx5_6,0.000,0.000,0.000,0.000
2025-11-22 14:59:02,mlx5_7,0.000,0.000,0.000,0.000
2025-11-22 14:59:02,mlx5_8,0.000,0.000,0.000,0.000
2025-11-22 14:59:02,mlx5_9,0.000,0.000,0.000,0.000
2025-11-22 14:59:02,TOTAL,0.000,0.000,590.351,1618.264
2025-11-22 14:59:03,mlx5_0,0.000,0.000,0.000,0.000
2025-11-22 14:59:03,mlx5_1,0.000,0.000,293.975,797.168
2025-11-22 14:59:03,mlx5_2,0.000,0.000,0.000,0.000
2025-11-22 14:59:03,mlx5_3,0.000,0.000,0.000,0.000
2025-11-22 14:59:03,mlx5_4,0.000,0.000,0.000,0.000
2025-11-22 14:59:03,mlx5_5,0.000,0.000,296.376,821.097
2025-11-22 14:59:03,mlx5_6,0.000,0.000,0.000,0.000
2025-11-22 14:59:03,mlx5_7,0.000,0.000,0.000,0.000
2025-11-22 14:59:03,mlx5_8,0.000,0.000,0.000,0.000
2025-11-22 14:59:03,mlx5_9,0.000,0.000,0.000,0.000
2025-11-22 14:59:03,TOTAL,0.000,0.000,590.351,1618.264
2025-11-22 14:59:04,mlx5_0,0.000,0.000,0.000,0.000
2025-11-22 14:59:04,mlx5_1,0.000,0.000,293.975,797.168
2025-11-22 14:59:04,mlx5_2,0.000,0.000,0.000,0.000
2025-11-22 14:59:04,mlx5_3,0.000,0.000,0.000,0.000
2025-11-22 14:59:04,mlx5_4,0.000,0.000,0.000,0.000
2025-11-22 14:59:04,mlx5_5,0.000,0.000,296.376,821.097
2025-11-22 14:59:04,mlx5_6,0.000,0.000,0.000,0.000
2025-11-22 14:59:04,mlx5_7,0.000,0.000,0.000,0.000
2025-11-22 14:59:04,mlx5_8,0.000,0.000,0.000,0.000
2025-11-22 14:59:04,mlx5_9,0.000,0.000,0.000,0.000
2025-11-22 14:59:04,TOTAL,0.000,0.000,590.351,1618.264
2025-11-22 14:59:05,mlx5_0,0.000,0.000,0.000,0.000
2025-11-22 14:59:05,mlx5_1,0.000,0.000,293.975,797.168
2025-11-22 14:59:05,mlx5_2,0.000,0.000,0.000,0.000
2025-11-22 14:59:05,mlx5_3,0.000,0.000,0.000,0.000
2025-11-22 14:59:05,mlx5_4,0.000,0.000,0.000,0.000
2025-11-22 14:59:05,mlx5_5,0.000,0.000,296.376,821.097
2025-11-22 14:59:05,mlx5_6,0.000,0.000,0.000,0.000
2025-11-22 14:59:05,mlx5_7,0.000,0.000,0.000,0.000
2025-11-22 14:59:05,mlx5_8,0.000,0.000,0.000,0.000
2025-11-22 14:59:05,mlx5_9,0.000,0.000,0.000,0.000
2025-11-22 14:59:05,TOTAL,0.000,0.000,590.351,1618.264
2025-11-22 14:59:06,mlx5_0,0.000,0.000,0.000,0.000
2025-11-22 14:59:06,mlx5_1,0.000,0.000,293.975,797.168
2025-11-22 14:59:06,mlx5_2,0.000,0.000,0.000,0.000
2025-11-22 14:59:06,mlx5_3,0.000,0.000,0.000,0.000
2025-11-22 14:59:06,mlx5_4,0.000,0.000,0.000,0.000
2025-11-22 14:59:06,mlx5_5,0.000,0.000,296.376,821.097
2025-11-22 14:59:06,mlx5_6,0.000,0.000,0.000,0.000
2025-11-22 14:59:06,mlx5_7,0.000,0.000,0.000,0.000
2025-11-22 14:59:06,mlx5_8,0.000,0.000,0.000,0.000
2025-11-22 14:59:06,mlx5_9,0.000,0.000,0.000,0.000
2025-11-22 14:59:06,TOTAL,0.000,0.000,590.351,1618.264
2025-11-22 14:59:07,mlx5_0,0.000,0.000,0.000,0.000
2025-11-22 14:59:07,mlx5_1,0.000,0.000,293.975,797.168
2025-11-22 14:59:07,mlx5_2,0.000,0.000,0.000,0.000
2025-11-22 14:59:07,mlx5_3,0.000,0.000,0.000,0.000
2025-11-22 14:59:07,mlx5_4,0.000,0.000,0.000,0.000
2025-11-22 14:59:07,mlx5_5,0.000,0.000,296.376,821.097
2025-11-22 14:59:07,mlx5_6,0.000,0.000,0.000,0.000
2025-11-22 14:59:07,mlx5_7,0.000,0.000,0.000,0.000
2025-11-22 14:59:07,mlx5_8,0.000,0.000,0.000,0.000
2025-11-22 14:59:07,mlx5_9,0.000,0.000,0.000,0.000
2025-11-22 14:59:07,TOTAL,0.000,0.000,590.351,1618.264
2025-11-22 14:59:08,mlx5_0,0.000,0.000,0.000,0.000
2025-11-22 14:59:08,mlx5_1,0.000,0.000,293.975,797.168
2025-11-22 14:59:08,mlx5_2,0.000,0.000,0.000,0.000
2025-11-22 14:59:08,mlx5_3,0.000,0.000,0.000,0.000
2025-11-22 14:59:08,mlx5_4,0.000,0.000,0.000,0.000
2025-11-22 14:59:08,mlx5_5,0.000,0.000,296.376,821.097
2025-11-22 14:59:08,mlx5_6,0.000,0.000,0.000,0.000
2025-11-22 14:59:08,mlx5_7,0.000,0.000,0.000,0.000
2025-11-22 14:59:08,mlx5_8,0.000,0.000,0.000,0.000
2025-11-22 14:59:08,mlx5_9,0.000,0.000,0.000,0.000
2025-11-22 14:59:08,TOTAL,0.000,0.000,590.351,1618.264
2025-11-22 14:59:09,mlx5_0,0.000,0.000,0.000,0.000
2025-11-22 14:59:09,mlx5_1,0.000,0.000,293.975,797.168
2025-11-22 14:59:09,mlx5_2,0.000,0.000,0.000,0.000
2025-11-22 14:59:09,mlx5_3,0.000,0.000,0.000,0.000
2025-11-22 14:59:09,mlx5_4,0.000,0.000,0.000,0.000
2025-11-22 14:59:09,mlx5_5,0.000,0.000,296.376,821.097
2025-11-22 14:59:09,mlx5_6,0.000,0.000,0.000,0.000
2025-11-22 14:59:09,mlx5_7,0.000,0.000,0.000,0.000
2025-11-22 14:59:09,mlx5_8,0.000,0.000,0.000,0.000
2025-11-22 14:59:09,mlx5_9,0.000,0.000,0.000,0.000
2025-11-22 14:59:09,TOTAL,0.000,0.000,590.351,1618.264
2025-11-22 14:59:10,mlx5_0,0.000,0.000,0.000,0.000
2025-11-22 14:59:10,mlx5_1,0.348,63.662,294.019,805.164
2025-11-22 14:59:10,mlx5_2,0.000,0.000,0.000,0.000
2025-11-22 14:59:10,mlx5_3,0.000,0.000,0.000,0.000
2025-11-22 14:59:10,mlx5_4,0.000,0.000,0.000,0.000
2025-11-22 14:59:10,mlx5_5,0.368,66.309,296.422,829.426
2025-11-22 14:59:10,mlx5_6,0.000,0.000,0.000,0.000
2025-11-22 14:59:10,mlx5_7,0.000,0.000,0.000,0.000
2025-11-22 14:59:10,mlx5_8,0.000,0.000,0.000,0.000
2025-11-22 14:59:10,mlx5_9,0.000,0.000,0.000,0.000
2025-11-22 14:59:10,TOTAL,0.716,129.972,590.441,1634.590
2025-11-22 14:59:11,mlx5_0,0.000,0.000,0.000,0.000
2025-11-22 14:59:11,mlx5_1,0.296,47.717,294.056,811.161
2025-11-22 14:59:11,mlx5_2,0.000,0.000,0.000,0.000
2025-11-22 14:59:11,mlx5_3,0.000,0.000,0.000,0.000
2025-11-22 14:59:11,mlx5_4,0.000,0.000,0.000,0.000
2025-11-22 14:59:11,mlx5_5,0.300,48.840,296.460,835.564
2025-11-22 14:59:11,mlx5_6,0.000,0.000,0.000,0.000
2025-11-22 14:59:11,mlx5_7,0.000,0.000,0.000,0.000
2025-11-22 14:59:11,mlx5_8,0.000,0.000,0.000,0.000
2025-11-22 14:59:11,mlx5_9,0.000,0.000,0.000,0.000
2025-11-22 14:59:11,TOTAL,0.596,96.557,590.516,1646.725
2025-11-22 14:59:12,mlx5_0,0.000,0.000,0.000,0.000
2025-11-22 14:59:12,mlx5_1,0.000,0.000,294.056,811.161
2025-11-22 14:59:12,mlx5_2,0.000,0.000,0.000,0.000
2025-11-22 14:59:12,mlx5_3,0.000,0.000,0.000,0.000
2025-11-22 14:59:12,mlx5_4,0.000,0.000,0.000,0.000
2025-11-22 14:59:12,mlx5_5,0.000,0.000,296.460,835.564
2025-11-22 14:59:12,mlx5_6,0.000,0.000,0.000,0.000
2025-11-22 14:59:12,mlx5_7,0.000,0.000,0.000,0.000
2025-11-22 14:59:12,mlx5_8,0.000,0.000,0.000,0.000
2025-11-22 14:59:12,mlx5_9,0.000,0.000,0.000,0.000
2025-11-22 14:59:12,TOTAL,0.000,0.000,590.516,1646.725
2025-11-22 14:59:13,mlx5_0,0.000,0.000,0.000,0.000
2025-11-22 14:59:13,mlx5_1,0.000,0.000,294.056,811.161
2025-11-22 14:59:13,mlx5_2,0.000,0.000,0.000,0.000
2025-11-22 14:59:13,mlx5_3,0.000,0.000,0.000,0.000
2025-11-22 14:59:13,mlx5_4,0.000,0.000,0.000,0.000
2025-11-22 14:59:13,mlx5_5,0.000,0.000,296.460,835.564
2025-11-22 14:59:13,mlx5_6,0.000,0.000,0.000,0.000
2025-11-22 14:59:13,mlx5_7,0.000,0.000,0.000,0.000
2025-11-22 14:59:13,mlx5_8,0.000,0.000,0.000,0.000
2025-11-22 14:59:13,mlx5_9,0.000,0.000,0.000,0.000
2025-11-22 14:59:13,TOTAL,0.000,0.000,590.516,1646.725
2025-11-22 14:59:14,mlx5_0,0.000,0.000,0.000,0.000
2025-11-22 14:59:14,mlx5_1,18.633,0.023,296.396,811.164
2025-11-22 14:59:14,mlx5_2,0.000,0.000,0.000,0.000
2025-11-22 14:59:14,mlx5_3,0.000,0.000,0.000,0.000
2025-11-22 14:59:14,mlx5_4,0.000,0.000,0.000,0.000
2025-11-22 14:59:14,mlx5_5,18.597,0.023,298.795,835.567
2025-11-22 14:59:14,mlx5_6,0.000,0.000,0.000,0.000
2025-11-22 14:59:14,mlx5_7,0.000,0.000,0.000,0.000
2025-11-22 14:59:14,mlx5_8,0.000,0.000,0.000,0.000
2025-11-22 14:59:14,mlx5_9,0.000,0.000,0.000,0.000
2025-11-22 14:59:14,TOTAL,37.230,0.046,595.192,1646.730
2025-11-22 14:59:15,mlx5_0,0.000,0.000,0.000,0.000
2025-11-22 14:59:15,mlx5_1,0.000,0.000,296.396,811.164
2025-11-22 14:59:15,mlx5_2,0.000,0.000,0.000,0.000
2025-11-22 14:59:15,mlx5_3,0.000,0.000,0.000,0.000
2025-11-22 14:59:15,mlx5_4,0.000,0.000,0.000,0.000
2025-11-22 14:59:15,mlx5_5,0.000,0.000,298.795,835.567
2025-11-22 14:59:15,mlx5_6,0.000,0.000,0.000,0.000
2025-11-22 14:59:15,mlx5_7,0.000,0.000,0.000,0.000
2025-11-22 14:59:15,mlx5_8,0.000,0.000,0.000,0.000
2025-11-22 14:59:15,mlx5_9,0.000,0.000,0.000,0.000
2025-11-22 14:59:15,TOTAL,0.000,0.000,595.192,1646.730
2025-11-22 14:59:16,mlx5_0,0.000,0.000,0.000,0.000
2025-11-22 14:59:16,mlx5_1,0.000,0.000,296.396,811.164
2025-11-22 14:59:16,mlx5_2,0.000,0.000,0.000,0.000
2025-11-22 14:59:16,mlx5_3,0.000,0.000,0.000,0.000
2025-11-22 14:59:16,mlx5_4,0.000,0.000,0.000,0.000
2025-11-22 14:59:16,mlx5_5,0.000,0.000,298.795,835.567
2025-11-22 14:59:16,mlx5_6,0.000,0.000,0.000,0.000
2025-11-22 14:59:16,mlx5_7,0.000,0.000,0.000,0.000
2025-11-22 14:59:16,mlx5_8,0.000,0.000,0.000,0.000
2025-11-22 14:59:16,mlx5_9,0.000,0.000,0.000,0.000
2025-11-22 14:59:16,TOTAL,0.000,0.000,595.192,1646.730
2025-11-22 14:59:17,mlx5_0,0.000,0.000,0.000,0.000
2025-11-22 14:59:17,mlx5_1,18.397,0.022,298.707,811.167
2025-11-22 14:59:17,mlx5_2,0.000,0.000,0.000,0.000
2025-11-22 14:59:17,mlx5_3,0.000,0.000,0.000,0.000
2025-11-22 14:59:17,mlx5_4,0.000,0.000,0.000,0.000
2025-11-22 14:59:17,mlx5_5,18.830,0.023,301.160,835.569
2025-11-22 14:59:17,mlx5_6,0.000,0.000,0.000,0.000
2025-11-22 14:59:17,mlx5_7,0.000,0.000,0.000,0.000
2025-11-22 14:59:17,mlx5_8,0.000,0.000,0.000,0.000
2025-11-22 14:59:17,mlx5_9,0.000,0.000,0.000,0.000
2025-11-22 14:59:17,TOTAL,37.227,0.045,599.868,1646.736
2025-11-22 14:59:18,mlx5_0,0.000,0.000,0.000,0.000
2025-11-22 14:59:18,mlx5_1,0.000,0.000,298.707,811.167
2025-11-22 14:59:18,mlx5_2,0.000,0.000,0.000,0.000
2025-11-22 14:59:18,mlx5_3,0.000,0.000,0.000,0.000
2025-11-22 14:59:18,mlx5_4,0.000,0.000,0.000,0.000
2025-11-22 14:59:18,mlx5_5,0.000,0.000,301.160,835.569
2025-11-22 14:59:18,mlx5_6,0.000,0.000,0.000,0.000
2025-11-22 14:59:18,mlx5_7,0.000,0.000,0.000,0.000
2025-11-22 14:59:18,mlx5_8,0.000,0.000,0.000,0.000
2025-11-22 14:59:18,mlx5_9,0.000,0.000,0.000,0.000
2025-11-22 14:59:18,TOTAL,0.000,0.000,599.868,1646.736
2025-11-22 14:59:19,mlx5_0,0.000,0.000,0.000,0.000
2025-11-22 14:59:19,mlx5_1,0.000,0.000,298.707,811.167
2025-11-22 14:59:19,mlx5_2,0.000,0.000,0.000,0.000
2025-11-22 14:59:19,mlx5_3,0.000,0.000,0.000,0.000
2025-11-22 14:59:19,mlx5_4,0.000,0.000,0.000,0.000
2025-11-22 14:59:19,mlx5_5,0.000,0.000,301.160,835.569
2025-11-22 14:59:19,mlx5_6,0.000,0.000,0.000,0.000
2025-11-22 14:59:19,mlx5_7,0.000,0.000,0.000,0.000
2025-11-22 14:59:19,mlx5_8,0.000,0.000,0.000,0.000
2025-11-22 14:59:19,mlx5_9,0.000,0.000,0.000,0.000
2025-11-22 14:59:19,TOTAL,0.000,0.000,599.868,1646.736
2025-11-22 14:59:20,mlx5_0,0.000,0.000,0.000,0.000
2025-11-22 14:59:20,mlx5_1,0.000,0.000,298.707,811.167
2025-11-22 14:59:20,mlx5_2,0.000,0.000,0.000,0.000
2025-11-22 14:59:20,mlx5_3,0.000,0.000,0.000,0.000
2025-11-22 14:59:20,mlx5_4,0.000,0.000,0.000,0.000
2025-11-22 14:59:20,mlx5_5,0.000,0.000,301.160,835.569
2025-11-22 14:59:20,mlx5_6,0.000,0.000,0.000,0.000
2025-11-22 14:59:20,mlx5_7,0.000,0.000,0.000,0.000
2025-11-22 14:59:20,mlx5_8,0.000,0.000,0.000,0.000
2025-11-22 14:59:20,mlx5_9,0.000,0.000,0.000,0.000
2025-11-22 14:59:20,TOTAL,0.000,0.000,599.868,1646.736
2025-11-22 14:59:21,mlx5_0,0.000,0.000,0.000,0.000
2025-11-22 14:59:21,mlx5_1,18.488,0.022,301.030,811.169
2025-11-22 14:59:21,mlx5_2,0.000,0.000,0.000,0.000
2025-11-22 14:59:21,mlx5_3,0.000,0.000,0.000,0.000
2025-11-22 14:59:21,mlx5_4,0.000,0.000,0.000,0.000
2025-11-22 14:59:21,mlx5_5,18.738,0.023,303.514,835.572
2025-11-22 14:59:21,mlx5_6,0.000,0.000,0.000,0.000
2025-11-22 14:59:21,mlx5_7,0.000,0.000,0.000,0.000
2025-11-22 14:59:21,mlx5_8,0.000,0.000,0.000,0.000
2025-11-22 14:59:21,mlx5_9,0.000,0.000,0.000,0.000
2025-11-22 14:59:21,TOTAL,37.226,0.045,604.544,1646.742
2025-11-22 14:59:22,mlx5_0,0.000,0.000,0.000,0.000
2025-11-22 14:59:22,mlx5_1,0.000,0.000,301.030,811.169
2025-11-22 14:59:22,mlx5_2,0.000,0.000,0.000,0.000
2025-11-22 14:59:22,mlx5_3,0.000,0.000,0.000,0.000
2025-11-22 14:59:22,mlx5_4,0.000,0.000,0.000,0.000
2025-11-22 14:59:22,mlx5_5,0.000,0.000,303.514,835.572
2025-11-22 14:59:22,mlx5_6,0.000,0.000,0.000,0.000
2025-11-22 14:59:22,mlx5_7,0.000,0.000,0.000,0.000
2025-11-22 14:59:22,mlx5_8,0.000,0.000,0.000,0.000
2025-11-22 14:59:22,mlx5_9,0.000,0.000,0.000,0.000
2025-11-22 14:59:22,TOTAL,0.000,0.000,604.544,1646.742
2025-11-22 14:59:23,mlx5_0,0.000,0.000,0.000,0.000
2025-11-22 14:59:23,mlx5_1,0.000,0.000,301.030,811.169
2025-11-22 14:59:23,mlx5_2,0.000,0.000,0.000,0.000
2025-11-22 14:59:23,mlx5_3,0.000,0.000,0.000,0.000
2025-11-22 14:59:23,mlx5_4,0.000,0.000,0.000,0.000
2025-11-22 14:59:23,mlx5_5,0.000,0.000,303.514,835.572
2025-11-22 14:59:23,mlx5_6,0.000,0.000,0.000,0.000
2025-11-22 14:59:23,mlx5_7,0.000,0.000,0.000,0.000
2025-11-22 14:59:23,mlx5_8,0.000,0.000,0.000,0.000
2025-11-22 14:59:23,mlx5_9,0.000,0.000,0.000,0.000
2025-11-22 14:59:23,TOTAL,0.000,0.000,604.544,1646.742
2025-11-22 14:59:24,mlx5_0,0.000,0.000,0.000,0.000
2025-11-22 14:59:24,mlx5_1,0.000,0.000,301.030,811.169
2025-11-22 14:59:24,mlx5_2,0.000,0.000,0.000,0.000
2025-11-22 14:59:24,mlx5_3,0.000,0.000,0.000,0.000
2025-11-22 14:59:24,mlx5_4,0.000,0.000,0.000,0.000
2025-11-22 14:59:24,mlx5_5,0.000,0.000,303.514,835.572
2025-11-22 14:59:24,mlx5_6,0.000,0.000,0.000,0.000
2025-11-22 14:59:24,mlx5_7,0.000,0.000,0.000,0.000
2025-11-22 14:59:24,mlx5_8,0.000,0.000,0.000,0.000
2025-11-22 14:59:24,mlx5_9,0.000,0.000,0.000,0.000
2025-11-22 14:59:24,TOTAL,0.000,0.000,604.544,1646.742
2025-11-22 14:59:25,mlx5_0,0.000,0.000,0.000,0.000
2025-11-22 14:59:25,mlx5_1,18.451,0.022,303.347,811.172
2025-11-22 14:59:25,mlx5_2,0.000,0.000,0.000,0.000
2025-11-22 14:59:25,mlx5_3,0.000,0.000,0.000,0.000
2025-11-22 14:59:25,mlx5_4,0.000,0.000,0.000,0.000
2025-11-22 14:59:25,mlx5_5,18.773,0.023,305.872,835.575
2025-11-22 14:59:25,mlx5_6,0.000,0.000,0.000,0.000
2025-11-22 14:59:25,mlx5_7,0.000,0.000,0.000,0.000
2025-11-22 14:59:25,mlx5_8,0.000,0.000,0.000,0.000
2025-11-22 14:59:25,mlx5_9,0.000,0.000,0.000,0.000
2025-11-22 14:59:25,TOTAL,37.224,0.045,609.220,1646.747
2025-11-22 14:59:26,mlx5_0,0.000,0.000,0.000,0.000
2025-11-22 14:59:26,mlx5_1,0.000,0.000,303.347,811.172
2025-11-22 14:59:26,mlx5_2,0.000,0.000,0.000,0.000
2025-11-22 14:59:26,mlx5_3,0.000,0.000,0.000,0.000
2025-11-22 14:59:26,mlx5_4,0.000,0.000,0.000,0.000
2025-11-22 14:59:26,mlx5_5,0.000,0.000,305.872,835.575
2025-11-22 14:59:26,mlx5_6,0.000,0.000,0.000,0.000
2025-11-22 14:59:26,mlx5_7,0.000,0.000,0.000,0.000
2025-11-22 14:59:26,mlx5_8,0.000,0.000,0.000,0.000
2025-11-22 14:59:26,mlx5_9,0.000,0.000,0.000,0.000
2025-11-22 14:59:26,TOTAL,0.000,0.000,609.220,1646.747
2025-11-22 14:59:27,mlx5_0,0.000,0.000,0.000,0.000
2025-11-22 14:59:27,mlx5_1,0.000,0.000,303.347,811.172
2025-11-22 14:59:27,mlx5_2,0.000,0.000,0.000,0.000
2025-11-22 14:59:27,mlx5_3,0.000,0.000,0.000,0.000
2025-11-22 14:59:27,mlx5_4,0.000,0.000,0.000,0.000
2025-11-22 14:59:27,mlx5_5,0.000,0.000,305.872,835.575
2025-11-22 14:59:27,mlx5_6,0.000,0.000,0.000,0.000
2025-11-22 14:59:27,mlx5_7,0.000,0.000,0.000,0.000
2025-11-22 14:59:27,mlx5_8,0.000,0.000,0.000,0.000
2025-11-22 14:59:27,mlx5_9,0.000,0.000,0.000,0.000
2025-11-22 14:59:27,TOTAL,0.000,0.000,609.220,1646.747
2025-11-22 14:59:28,mlx5_0,0.000,0.000,0.000,0.000
2025-11-22 14:59:28,mlx5_1,0.000,0.000,303.347,811.172
2025-11-22 14:59:28,mlx5_2,0.000,0.000,0.000,0.000
2025-11-22 14:59:28,mlx5_3,0.000,0.000,0.000,0.000
2025-11-22 14:59:28,mlx5_4,0.000,0.000,0.000,0.000
2025-11-22 14:59:28,mlx5_5,0.000,0.000,305.872,835.575
2025-11-22 14:59:28,mlx5_6,0.000,0.000,0.000,0.000
2025-11-22 14:59:28,mlx5_7,0.000,0.000,0.000,0.000
2025-11-22 14:59:28,mlx5_8,0.000,0.000,0.000,0.000
2025-11-22 14:59:28,mlx5_9,0.000,0.000,0.000,0.000
2025-11-22 14:59:28,TOTAL,0.000,0.000,609.220,1646.747
2025-11-22 14:59:29,mlx5_0,0.000,0.000,0.000,0.000
2025-11-22 14:59:29,mlx5_1,18.606,0.022,305.684,811.175
2025-11-22 14:59:29,mlx5_2,0.000,0.000,0.000,0.000
2025-11-22 14:59:29,mlx5_3,0.000,0.000,0.000,0.000
2025-11-22 14:59:29,mlx5_4,0.000,0.000,0.000,0.000
2025-11-22 14:59:29,mlx5_5,18.621,0.023,308.211,835.578
2025-11-22 14:59:29,mlx5_6,0.000,0.000,0.000,0.000
2025-11-22 14:59:29,mlx5_7,0.000,0.000,0.000,0.000
2025-11-22 14:59:29,mlx5_8,0.000,0.000,0.000,0.000
2025-11-22 14:59:29,mlx5_9,0.000,0.000,0.000,0.000
2025-11-22 14:59:29,TOTAL,37.227,0.045,613.896,1646.753
2025-11-22 14:59:30,mlx5_0,0.000,0.000,0.000,0.000
2025-11-22 14:59:30,mlx5_1,0.000,0.000,305.684,811.175
2025-11-22 14:59:30,mlx5_2,0.000,0.000,0.000,0.000
2025-11-22 14:59:30,mlx5_3,0.000,0.000,0.000,0.000
2025-11-22 14:59:30,mlx5_4,0.000,0.000,0.000,0.000
2025-11-22 14:59:30,mlx5_5,0.000,0.000,308.211,835.578
2025-11-22 14:59:30,mlx5_6,0.000,0.000,0.000,0.000
2025-11-22 14:59:30,mlx5_7,0.000,0.000,0.000,0.000
2025-11-22 14:59:30,mlx5_8,0.000,0.000,0.000,0.000
2025-11-22 14:59:30,mlx5_9,0.000,0.000,0.000,0.000
2025-11-22 14:59:30,TOTAL,0.000,0.000,613.896,1646.753
2025-11-22 14:59:31,mlx5_0,0.000,0.000,0.000,0.000
2025-11-22 14:59:31,mlx5_1,0.000,0.000,305.684,811.175
2025-11-22 14:59:31,mlx5_2,0.000,0.000,0.000,0.000
2025-11-22 14:59:31,mlx5_3,0.000,0.000,0.000,0.000
2025-11-22 14:59:31,mlx5_4,0.000,0.000,0.000,0.000
2025-11-22 14:59:31,mlx5_5,0.000,0.000,308.211,835.578
2025-11-22 14:59:31,mlx5_6,0.000,0.000,0.000,0.000
2025-11-22 14:59:31,mlx5_7,0.000,0.000,0.000,0.000
2025-11-22 14:59:31,mlx5_8,0.000,0.000,0.000,0.000
2025-11-22 14:59:31,mlx5_9,0.000,0.000,0.000,0.000
2025-11-22 14:59:31,TOTAL,0.000,0.000,613.896,1646.753
2025-11-22 14:59:32,mlx5_0,0.000,0.000,0.000,0.000
2025-11-22 14:59:32,mlx5_1,0.000,0.000,305.684,811.175
2025-11-22 14:59:32,mlx5_2,0.000,0.000,0.000,0.000
2025-11-22 14:59:32,mlx5_3,0.000,0.000,0.000,0.000
2025-11-22 14:59:32,mlx5_4,0.000,0.000,0.000,0.000
2025-11-22 14:59:32,mlx5_5,0.000,0.000,308.211,835.578
2025-11-22 14:59:32,mlx5_6,0.000,0.000,0.000,0.000
2025-11-22 14:59:32,mlx5_7,0.000,0.000,0.000,0.000
2025-11-22 14:59:32,mlx5_8,0.000,0.000,0.000,0.000
2025-11-22 14:59:32,mlx5_9,0.000,0.000,0.000,0.000
2025-11-22 14:59:32,TOTAL,0.000,0.000,613.896,1646.753
2025-11-22 14:59:33,mlx5_0,0.000,0.000,0.000,0.000
2025-11-22 14:59:33,mlx5_1,0.000,0.000,305.684,811.175
2025-11-22 14:59:33,mlx5_2,0.000,0.000,0.000,0.000
2025-11-22 14:59:33,mlx5_3,0.000,0.000,0.000,0.000
2025-11-22 14:59:33,mlx5_4,0.000,0.000,0.000,0.000
2025-11-22 14:59:33,mlx5_5,0.000,0.000,308.211,835.578
2025-11-22 14:59:33,mlx5_6,0.000,0.000,0.000,0.000
2025-11-22 14:59:33,mlx5_7,0.000,0.000,0.000,0.000
2025-11-22 14:59:33,mlx5_8,0.000,0.000,0.000,0.000
2025-11-22 14:59:33,mlx5_9,0.000,0.000,0.000,0.000
2025-11-22 14:59:33,TOTAL,0.000,0.000,613.896,1646.753
2025-11-22 14:59:34,mlx5_0,0.000,0.000,0.000,0.000
2025-11-22 14:59:34,mlx5_1,18.486,0.022,308.007,811.178
2025-11-22 14:59:34,mlx5_2,0.000,0.000,0.000,0.000
2025-11-22 14:59:34,mlx5_3,0.000,0.000,0.000,0.000
2025-11-22 14:59:34,mlx5_4,0.000,0.000,0.000,0.000
2025-11-22 14:59:34,mlx5_5,18.739,0.023,310.565,835.581
2025-11-22 14:59:34,mlx5_6,0.000,0.000,0.000,0.000
2025-11-22 14:59:34,mlx5_7,0.000,0.000,0.000,0.000
2025-11-22 14:59:34,mlx5_8,0.000,0.000,0.000,0.000
2025-11-22 14:59:34,mlx5_9,0.000,0.000,0.000,0.000
2025-11-22 14:59:34,TOTAL,37.225,0.045,618.572,1646.759
2025-11-22 14:59:35,mlx5_0,0.000,0.000,0.000,0.000
2025-11-22 14:59:35,mlx5_1,2.743,0.003,308.351,811.178
2025-11-22 14:59:35,mlx5_2,0.000,0.000,0.000,0.000
2025-11-22 14:59:35,mlx5_3,0.000,0.000,0.000,0.000
2025-11-22 14:59:35,mlx5_4,0.000,0.000,0.000,0.000
2025-11-22 14:59:35,mlx5_5,2.635,0.003,310.897,835.581
2025-11-22 14:59:35,mlx5_6,0.000,0.000,0.000,0.000
2025-11-22 14:59:35,mlx5_7,0.000,0.000,0.000,0.000
2025-11-22 14:59:35,mlx5_8,0.000,0.000,0.000,0.000
2025-11-22 14:59:35,mlx5_9,0.000,0.000,0.000,0.000
2025-11-22 14:59:35,TOTAL,5.379,0.007,619.248,1646.760
2025-11-22 14:59:36,mlx5_0,0.000,0.000,0.000,0.000
2025-11-22 14:59:36,mlx5_1,0.297,53.590,308.389,817.911
2025-11-22 14:59:36,mlx5_2,0.000,0.000,0.000,0.000
2025-11-22 14:59:36,mlx5_3,0.000,0.000,0.000,0.000
2025-11-22 14:59:36,mlx5_4,0.000,0.000,0.000,0.000
2025-11-22 14:59:36,mlx5_5,0.337,56.044,310.939,842.622
2025-11-22 14:59:36,mlx5_6,0.000,0.000,0.000,0.000
2025-11-22 14:59:36,mlx5_7,0.000,0.000,0.000,0.000
2025-11-22 14:59:36,mlx5_8,0.000,0.000,0.000,0.000
2025-11-22 14:59:36,mlx5_9,0.000,0.000,0.000,0.000
2025-11-22 14:59:36,TOTAL,0.635,109.634,619.328,1660.533
2025-11-22 14:59:37,mlx5_0,0.000,0.000,0.000,0.000
2025-11-22 14:59:37,mlx5_1,1.259,191.334,308.547,841.949
2025-11-22 14:59:37,mlx5_2,0.000,0.000,0.000,0.000
2025-11-22 14:59:37,mlx5_3,0.000,0.000,0.000,0.000
2025-11-22 14:59:37,mlx5_4,0.000,0.000,0.000,0.000
2025-11-22 14:59:37,mlx5_5,1.359,197.878,311.110,867.483
2025-11-22 14:59:37,mlx5_6,0.000,0.000,0.000,0.000
2025-11-22 14:59:37,mlx5_7,0.000,0.000,0.000,0.000
2025-11-22 14:59:37,mlx5_8,0.000,0.000,0.000,0.000
2025-11-22 14:59:37,mlx5_9,0.000,0.000,0.000,0.000
2025-11-22 14:59:37,TOTAL,2.618,389.212,619.657,1709.432
2025-11-22 14:59:38,mlx5_0,0.000,0.000,0.000,0.000
2025-11-22 14:59:38,mlx5_1,0.566,90.933,308.618,853.375
2025-11-22 14:59:38,mlx5_2,0.000,0.000,0.000,0.000
2025-11-22 14:59:38,mlx5_3,0.000,0.000,0.000,0.000
2025-11-22 14:59:38,mlx5_4,0.000,0.000,0.000,0.000
2025-11-22 14:59:38,mlx5_5,0.601,92.844,311.185,879.148
2025-11-22 14:59:38,mlx5_6,0.000,0.000,0.000,0.000
2025-11-22 14:59:38,mlx5_7,0.000,0.000,0.000,0.000
2025-11-22 14:59:38,mlx5_8,0.000,0.000,0.000,0.000
2025-11-22 14:59:38,mlx5_9,0.000,0.000,0.000,0.000
2025-11-22 14:59:38,TOTAL,1.167,183.777,619.803,1732.523
2025-11-22 14:59:39,mlx5_0,0.000,0.000,0.000,0.000
2025-11-22 14:59:39,mlx5_1,0.000,0.000,308.618,853.375
2025-11-22 14:59:39,mlx5_2,0.000,0.000,0.000,0.000
2025-11-22 14:59:39,mlx5_3,0.000,0.000,0.000,0.000
2025-11-22 14:59:39,mlx5_4,0.000,0.000,0.000,0.000
2025-11-22 14:59:39,mlx5_5,0.000,0.000,311.185,879.148
2025-11-22 14:59:39,mlx5_6,0.000,0.000,0.000,0.000
2025-11-22 14:59:39,mlx5_7,0.000,0.000,0.000,0.000
2025-11-22 14:59:39,mlx5_8,0.000,0.000,0.000,0.000
2025-11-22 14:59:39,mlx5_9,0.000,0.000,0.000,0.000
2025-11-22 14:59:39,TOTAL,0.000,0.000,619.803,1732.523
2025-11-22 14:59:40,mlx5_0,0.000,0.000,0.000,0.000
2025-11-22 14:59:40,mlx5_1,0.000,0.000,308.618,853.375
2025-11-22 14:59:40,mlx5_2,0.000,0.000,0.000,0.000
2025-11-22 14:59:40,mlx5_3,0.000,0.000,0.000,0.000
2025-11-22 14:59:40,mlx5_4,0.000,0.000,0.000,0.000
2025-11-22 14:59:40,mlx5_5,0.000,0.000,311.185,879.148
2025-11-22 14:59:40,mlx5_6,0.000,0.000,0.000,0.000
2025-11-22 14:59:40,mlx5_7,0.000,0.000,0.000,0.000
2025-11-22 14:59:40,mlx5_8,0.000,0.000,0.000,0.000
2025-11-22 14:59:40,mlx5_9,0.000,0.000,0.000,0.000
2025-11-22 14:59:40,TOTAL,0.000,0.000,619.803,1732.523
2025-11-22 14:59:41,mlx5_0,0.000,0.000,0.000,0.000
2025-11-22 14:59:41,mlx5_1,17.450,0.022,310.810,853.378
2025-11-22 14:59:41,mlx5_2,0.000,0.000,0.000,0.000
2025-11-22 14:59:41,mlx5_3,0.000,0.000,0.000,0.000
2025-11-22 14:59:41,mlx5_4,0.000,0.000,0.000,0.000
2025-11-22 14:59:41,mlx5_5,17.449,0.022,313.377,879.151
2025-11-22 14:59:41,mlx5_6,0.000,0.000,0.000,0.000
2025-11-22 14:59:41,mlx5_7,0.000,0.000,0.000,0.000
2025-11-22 14:59:41,mlx5_8,0.000,0.000,0.000,0.000
2025-11-22 14:59:41,mlx5_9,0.000,0.000,0.000,0.000
2025-11-22 14:59:41,TOTAL,34.898,0.044,624.187,1732.529
2025-11-22 14:59:42,mlx5_0,0.000,0.000,0.000,0.000
2025-11-22 14:59:42,mlx5_1,0.000,0.000,310.810,853.378
2025-11-22 14:59:42,mlx5_2,0.000,0.000,0.000,0.000
2025-11-22 14:59:42,mlx5_3,0.000,0.000,0.000,0.000
2025-11-22 14:59:42,mlx5_4,0.000,0.000,0.000,0.000
2025-11-22 14:59:42,mlx5_5,0.000,0.000,313.377,879.151
2025-11-22 14:59:42,mlx5_6,0.000,0.000,0.000,0.000
2025-11-22 14:59:42,mlx5_7,0.000,0.000,0.000,0.000
2025-11-22 14:59:42,mlx5_8,0.000,0.000,0.000,0.000
2025-11-22 14:59:42,mlx5_9,0.000,0.000,0.000,0.000
2025-11-22 14:59:42,TOTAL,0.000,0.000,624.187,1732.529
2025-11-22 14:59:43,mlx5_0,0.000,0.000,0.000,0.000
2025-11-22 14:59:43,mlx5_1,0.000,0.000,310.810,853.378
2025-11-22 14:59:43,mlx5_2,0.000,0.000,0.000,0.000
2025-11-22 14:59:43,mlx5_3,0.000,0.000,0.000,0.000
2025-11-22 14:59:43,mlx5_4,0.000,0.000,0.000,0.000
2025-11-22 14:59:43,mlx5_5,0.000,0.000,313.377,879.151
2025-11-22 14:59:43,mlx5_6,0.000,0.000,0.000,0.000
2025-11-22 14:59:43,mlx5_7,0.000,0.000,0.000,0.000
2025-11-22 14:59:43,mlx5_8,0.000,0.000,0.000,0.000
2025-11-22 14:59:43,mlx5_9,0.000,0.000,0.000,0.000
2025-11-22 14:59:43,TOTAL,0.000,0.000,624.187,1732.529
2025-11-22 14:59:44,mlx5_0,0.000,0.000,0.000,0.000
2025-11-22 14:59:44,mlx5_1,18.383,0.022,313.120,853.380
2025-11-22 14:59:44,mlx5_2,0.000,0.000,0.000,0.000
2025-11-22 14:59:44,mlx5_3,0.000,0.000,0.000,0.000
2025-11-22 14:59:44,mlx5_4,0.000,0.000,0.000,0.000
2025-11-22 14:59:44,mlx5_5,18.836,0.023,315.744,879.154
2025-11-22 14:59:44,mlx5_6,0.000,0.000,0.000,0.000
2025-11-22 14:59:44,mlx5_7,0.000,0.000,0.000,0.000
2025-11-22 14:59:44,mlx5_8,0.000,0.000,0.000,0.000
2025-11-22 14:59:44,mlx5_9,0.000,0.000,0.000,0.000
2025-11-22 14:59:44,TOTAL,37.219,0.045,628.863,1732.534
2025-11-22 14:59:45,mlx5_0,0.000,0.000,0.000,0.000
2025-11-22 14:59:45,mlx5_1,0.000,0.000,313.120,853.380
2025-11-22 14:59:45,mlx5_2,0.000,0.000,0.000,0.000
2025-11-22 14:59:45,mlx5_3,0.000,0.000,0.000,0.000
2025-11-22 14:59:45,mlx5_4,0.000,0.000,0.000,0.000
2025-11-22 14:59:45,mlx5_5,0.000,0.000,315.744,879.154
2025-11-22 14:59:45,mlx5_6,0.000,0.000,0.000,0.000
2025-11-22 14:59:45,mlx5_7,0.000,0.000,0.000,0.000
2025-11-22 14:59:45,mlx5_8,0.000,0.000,0.000,0.000
2025-11-22 14:59:45,mlx5_9,0.000,0.000,0.000,0.000
2025-11-22 14:59:45,TOTAL,0.000,0.000,628.863,1732.534
2025-11-22 14:59:46,mlx5_0,0.000,0.000,0.000,0.000
2025-11-22 14:59:46,mlx5_1,0.000,0.000,313.120,853.380
2025-11-22 14:59:46,mlx5_2,0.000,0.000,0.000,0.000
2025-11-22 14:59:46,mlx5_3,0.000,0.000,0.000,0.000
2025-11-22 14:59:46,mlx5_4,0.000,0.000,0.000,0.000
2025-11-22 14:59:46,mlx5_5,0.000,0.000,315.744,879.154
2025-11-22 14:59:46,mlx5_6,0.000,0.000,0.000,0.000
2025-11-22 14:59:46,mlx5_7,0.000,0.000,0.000,0.000
2025-11-22 14:59:46,mlx5_8,0.000,0.000,0.000,0.000
2025-11-22 14:59:46,mlx5_9,0.000,0.000,0.000,0.000
2025-11-22 14:59:46,TOTAL,0.000,0.000,628.863,1732.534
2025-11-22 14:59:47,mlx5_0,0.000,0.000,0.000,0.000
2025-11-22 14:59:47,mlx5_1,0.000,0.000,313.120,853.380
2025-11-22 14:59:47,mlx5_2,0.000,0.000,0.000,0.000
2025-11-22 14:59:47,mlx5_3,0.000,0.000,0.000,0.000
2025-11-22 14:59:47,mlx5_4,0.000,0.000,0.000,0.000
2025-11-22 14:59:47,mlx5_5,0.000,0.000,315.744,879.154
2025-11-22 14:59:47,mlx5_6,0.000,0.000,0.000,0.000
2025-11-22 14:59:47,mlx5_7,0.000,0.000,0.000,0.000
2025-11-22 14:59:47,mlx5_8,0.000,0.000,0.000,0.000
2025-11-22 14:59:47,mlx5_9,0.000,0.000,0.000,0.000
2025-11-22 14:59:47,TOTAL,0.000,0.000,628.863,1732.534
2025-11-22 14:59:48,mlx5_0,0.000,0.000,0.000,0.000
2025-11-22 14:59:48,mlx5_1,18.366,0.022,315.427,853.383
2025-11-22 14:59:48,mlx5_2,0.000,0.000,0.000,0.000
2025-11-22 14:59:48,mlx5_3,0.000,0.000,0.000,0.000
2025-11-22 14:59:48,mlx5_4,0.000,0.000,0.000,0.000
2025-11-22 14:59:48,mlx5_5,18.863,0.023,318.113,879.157
2025-11-22 14:59:48,mlx5_6,0.000,0.000,0.000,0.000
2025-11-22 14:59:48,mlx5_7,0.000,0.000,0.000,0.000
2025-11-22 14:59:48,mlx5_8,0.000,0.000,0.000,0.000
2025-11-22 14:59:48,mlx5_9,0.000,0.000,0.000,0.000
2025-11-22 14:59:48,TOTAL,37.230,0.045,633.539,1732.540
2025-11-22 14:59:49,mlx5_0,0.000,0.000,0.000,0.000
2025-11-22 14:59:49,mlx5_1,0.000,0.000,315.427,853.383
2025-11-22 14:59:49,mlx5_2,0.000,0.000,0.000,0.000
2025-11-22 14:59:49,mlx5_3,0.000,0.000,0.000,0.000
2025-11-22 14:59:49,mlx5_4,0.000,0.000,0.000,0.000
2025-11-22 14:59:49,mlx5_5,0.000,0.000,318.113,879.157
2025-11-22 14:59:49,mlx5_6,0.000,0.000,0.000,0.000
2025-11-22 14:59:49,mlx5_7,0.000,0.000,0.000,0.000
2025-11-22 14:59:49,mlx5_8,0.000,0.000,0.000,0.000
2025-11-22 14:59:49,mlx5_9,0.000,0.000,0.000,0.000
2025-11-22 14:59:49,TOTAL,0.000,0.000,633.539,1732.540
2025-11-22 14:59:50,mlx5_0,0.000,0.000,0.000,0.000
2025-11-22 14:59:50,mlx5_1,0.000,0.000,315.427,853.383
2025-11-22 14:59:50,mlx5_2,0.000,0.000,0.000,0.000
2025-11-22 14:59:50,mlx5_3,0.000,0.000,0.000,0.000
2025-11-22 14:59:50,mlx5_4,0.000,0.000,0.000,0.000
2025-11-22 14:59:50,mlx5_5,0.000,0.000,318.113,879.157
2025-11-22 14:59:50,mlx5_6,0.000,0.000,0.000,0.000
2025-11-22 14:59:50,mlx5_7,0.000,0.000,0.000,0.000
2025-11-22 14:59:50,mlx5_8,0.000,0.000,0.000,0.000
2025-11-22 14:59:50,mlx5_9,0.000,0.000,0.000,0.000
2025-11-22 14:59:50,TOTAL,0.000,0.000,633.539,1732.540
2025-11-22 14:59:51,mlx5_0,0.000,0.000,0.000,0.000
2025-11-22 14:59:51,mlx5_1,0.000,0.000,315.427,853.383
2025-11-22 14:59:51,mlx5_2,0.000,0.000,0.000,0.000
2025-11-22 14:59:51,mlx5_3,0.000,0.000,0.000,0.000
2025-11-22 14:59:51,mlx5_4,0.000,0.000,0.000,0.000
2025-11-22 14:59:51,mlx5_5,0.000,0.000,318.113,879.157
2025-11-22 14:59:51,mlx5_6,0.000,0.000,0.000,0.000
2025-11-22 14:59:51,mlx5_7,0.000,0.000,0.000,0.000
2025-11-22 14:59:51,mlx5_8,0.000,0.000,0.000,0.000
2025-11-22 14:59:51,mlx5_9,0.000,0.000,0.000,0.000
2025-11-22 14:59:51,TOTAL,0.000,0.000,633.539,1732.540
2025-11-22 14:59:52,mlx5_0,0.000,0.000,0.000,0.000
2025-11-22 14:59:52,mlx5_1,18.579,0.022,317.761,853.386
2025-11-22 14:59:52,mlx5_2,0.000,0.000,0.000,0.000
2025-11-22 14:59:52,mlx5_3,0.000,0.000,0.000,0.000
2025-11-22 14:59:52,mlx5_4,0.000,0.000,0.000,0.000
2025-11-22 14:59:52,mlx5_5,18.641,0.023,320.455,879.160
2025-11-22 14:59:52,mlx5_6,0.000,0.000,0.000,0.000
2025-11-22 14:59:52,mlx5_7,0.000,0.000,0.000,0.000
2025-11-22 14:59:52,mlx5_8,0.000,0.000,0.000,0.000
2025-11-22 14:59:52,mlx5_9,0.000,0.000,0.000,0.000
2025-11-22 14:59:52,TOTAL,37.220,0.045,638.215,1732.546
2025-11-22 14:59:53,mlx5_0,0.000,0.000,0.000,0.000
2025-11-22 14:59:53,mlx5_1,0.000,0.000,317.761,853.386
2025-11-22 14:59:53,mlx5_2,0.000,0.000,0.000,0.000
2025-11-22 14:59:53,mlx5_3,0.000,0.000,0.000,0.000
2025-11-22 14:59:53,mlx5_4,0.000,0.000,0.000,0.000
2025-11-22 14:59:53,mlx5_5,0.000,0.000,320.455,879.160
2025-11-22 14:59:53,mlx5_6,0.000,0.000,0.000,0.000
2025-11-22 14:59:53,mlx5_7,0.000,0.000,0.000,0.000
2025-11-22 14:59:53,mlx5_8,0.000,0.000,0.000,0.000
2025-11-22 14:59:53,mlx5_9,0.000,0.000,0.000,0.000
2025-11-22 14:59:53,TOTAL,0.000,0.000,638.215,1732.546
2025-11-22 14:59:54,mlx5_0,0.000,0.000,0.000,0.000
2025-11-22 14:59:54,mlx5_1,0.000,0.000,317.761,853.386
2025-11-22 14:59:54,mlx5_2,0.000,0.000,0.000,0.000
2025-11-22 14:59:54,mlx5_3,0.000,0.000,0.000,0.000
2025-11-22 14:59:54,mlx5_4,0.000,0.000,0.000,0.000
2025-11-22 14:59:54,mlx5_5,0.000,0.000,320.455,879.160
2025-11-22 14:59:54,mlx5_6,0.000,0.000,0.000,0.000
2025-11-22 14:59:54,mlx5_7,0.000,0.000,0.000,0.000
2025-11-22 14:59:54,mlx5_8,0.000,0.000,0.000,0.000
2025-11-22 14:59:54,mlx5_9,0.000,0.000,0.000,0.000
2025-11-22 14:59:54,TOTAL,0.000,0.000,638.215,1732.546
2025-11-22 14:59:55,mlx5_0,0.000,0.000,0.000,0.000
2025-11-22 14:59:55,mlx5_1,0.000,0.000,317.761,853.386
2025-11-22 14:59:55,mlx5_2,0.000,0.000,0.000,0.000
2025-11-22 14:59:55,mlx5_3,0.000,0.000,0.000,0.000
2025-11-22 14:59:55,mlx5_4,0.000,0.000,0.000,0.000
2025-11-22 14:59:55,mlx5_5,0.000,0.000,320.455,879.160
2025-11-22 14:59:55,mlx5_6,0.000,0.000,0.000,0.000
2025-11-22 14:59:55,mlx5_7,0.000,0.000,0.000,0.000
2025-11-22 14:59:55,mlx5_8,0.000,0.000,0.000,0.000
2025-11-22 14:59:55,mlx5_9,0.000,0.000,0.000,0.000
2025-11-22 14:59:55,TOTAL,0.000,0.000,638.215,1732.546
2025-11-22 14:59:56,mlx5_0,0.000,0.000,0.000,0.000
2025-11-22 14:59:56,mlx5_1,1.890,0.002,317.998,853.386
2025-11-22 14:59:56,mlx5_2,0.000,0.000,0.000,0.000
2025-11-22 14:59:56,mlx5_3,0.000,0.000,0.000,0.000
2025-11-22 14:59:56,mlx5_4,0.000,0.000,0.000,0.000
2025-11-22 14:59:56,mlx5_5,2.102,0.003,320.719,879.160
2025-11-22 14:59:56,mlx5_6,0.000,0.000,0.000,0.000
2025-11-22 14:59:56,mlx5_7,0.000,0.000,0.000,0.000
2025-11-22 14:59:56,mlx5_8,0.000,0.000,0.000,0.000
2025-11-22 14:59:56,mlx5_9,0.000,0.000,0.000,0.000
2025-11-22 14:59:56,TOTAL,3.992,0.005,638.717,1732.546
2025-11-22 14:59:57,mlx5_0,0.000,0.000,0.000,0.000
2025-11-22 14:59:57,mlx5_1,16.714,0.020,320.099,853.389
2025-11-22 14:59:57,mlx5_2,0.000,0.000,0.000,0.000
2025-11-22 14:59:57,mlx5_3,0.000,0.000,0.000,0.000
2025-11-22 14:59:57,mlx5_4,0.000,0.000,0.000,0.000
2025-11-22 14:59:57,mlx5_5,16.494,0.020,322.792,879.163
2025-11-22 14:59:57,mlx5_6,0.000,0.000,0.000,0.000
2025-11-22 14:59:57,mlx5_7,0.000,0.000,0.000,0.000
2025-11-22 14:59:57,mlx5_8,0.000,0.000,0.000,0.000
2025-11-22 14:59:57,mlx5_9,0.000,0.000,0.000,0.000
2025-11-22 14:59:57,TOTAL,33.208,0.040,642.891,1732.551
2025-11-22 14:59:58,mlx5_0,0.000,0.000,0.000,0.000
2025-11-22 14:59:58,mlx5_1,0.000,0.000,320.099,853.389
2025-11-22 14:59:58,mlx5_2,0.000,0.000,0.000,0.000
2025-11-22 14:59:58,mlx5_3,0.000,0.000,0.000,0.000
2025-11-22 14:59:58,mlx5_4,0.000,0.000,0.000,0.000
2025-11-22 14:59:58,mlx5_5,0.000,0.000,322.792,879.163
2025-11-22 14:59:58,mlx5_6,0.000,0.000,0.000,0.000
2025-11-22 14:59:58,mlx5_7,0.000,0.000,0.000,0.000
2025-11-22 14:59:58,mlx5_8,0.000,0.000,0.000,0.000
2025-11-22 14:59:58,mlx5_9,0.000,0.000,0.000,0.000
2025-11-22 14:59:58,TOTAL,0.000,0.000,642.891,1732.551
2025-11-22 14:59:59,mlx5_0,0.000,0.000,0.000,0.000
2025-11-22 14:59:59,mlx5_1,0.000,0.000,320.099,853.389
2025-11-22 14:59:59,mlx5_2,0.000,0.000,0.000,0.000
2025-11-22 14:59:59,mlx5_3,0.000,0.000,0.000,0.000
2025-11-22 14:59:59,mlx5_4,0.000,0.000,0.000,0.000
2025-11-22 14:59:59,mlx5_5,0.000,0.000,322.792,879.163
2025-11-22 14:59:59,mlx5_6,0.000,0.000,0.000,0.000
2025-11-22 14:59:59,mlx5_7,0.000,0.000,0.000,0.000
2025-11-22 14:59:59,mlx5_8,0.000,0.000,0.000,0.000
2025-11-22 14:59:59,mlx5_9,0.000,0.000,0.000,0.000
2025-11-22 14:59:59,TOTAL,0.000,0.000,642.891,1732.551
2025-11-22 15:00:00,mlx5_0,0.000,0.000,0.000,0.000
2025-11-22 15:00:00,mlx5_1,0.000,0.000,320.099,853.389
2025-11-22 15:00:00,mlx5_2,0.000,0.000,0.000,0.000
2025-11-22 15:00:00,mlx5_3,0.000,0.000,0.000,0.000
2025-11-22 15:00:00,mlx5_4,0.000,0.000,0.000,0.000
2025-11-22 15:00:00,mlx5_5,0.000,0.000,322.792,879.163
2025-11-22 15:00:00,mlx5_6,0.000,0.000,0.000,0.000
2025-11-22 15:00:00,mlx5_7,0.000,0.000,0.000,0.000
2025-11-22 15:00:00,mlx5_8,0.000,0.000,0.000,0.000
2025-11-22 15:00:00,mlx5_9,0.000,0.000,0.000,0.000
2025-11-22 15:00:00,TOTAL,0.000,0.000,642.891,1732.551
2025-11-22 15:00:01,mlx5_0,0.000,0.000,0.000,0.000
2025-11-22 15:00:01,mlx5_1,18.793,55.794,322.458,860.392
2025-11-22 15:00:01,mlx5_2,0.000,0.000,0.000,0.000
2025-11-22 15:00:01,mlx5_3,0.000,0.000,0.000,0.000
2025-11-22 15:00:01,mlx5_4,0.000,0.000,0.000,0.000
2025-11-22 15:00:01,mlx5_5,19.126,58.969,325.193,886.565
2025-11-22 15:00:01,mlx5_6,0.000,0.000,0.000,0.000
2025-11-22 15:00:01,mlx5_7,0.000,0.000,0.000,0.000
2025-11-22 15:00:01,mlx5_8,0.000,0.000,0.000,0.000
2025-11-22 15:00:01,mlx5_9,0.000,0.000,0.000,0.000
2025-11-22 15:00:01,TOTAL,37.919,114.764,647.651,1746.957
2025-11-22 15:00:02,mlx5_0,0.000,0.000,0.000,0.000
2025-11-22 15:00:02,mlx5_1,0.386,55.117,322.507,867.319
2025-11-22 15:00:02,mlx5_2,0.000,0.000,0.000,0.000
2025-11-22 15:00:02,mlx5_3,0.000,0.000,0.000,0.000
2025-11-22 15:00:02,mlx5_4,0.000,0.000,0.000,0.000
2025-11-22 15:00:02,mlx5_5,0.426,56.747,325.247,893.697
2025-11-22 15:00:02,mlx5_6,0.000,0.000,0.000,0.000
2025-11-22 15:00:02,mlx5_7,0.000,0.000,0.000,0.000
2025-11-22 15:00:02,mlx5_8,0.000,0.000,0.000,0.000
2025-11-22 15:00:02,mlx5_9,0.000,0.000,0.000,0.000
2025-11-22 15:00:02,TOTAL,0.812,111.864,647.753,1761.016
2025-11-22 15:00:03,mlx5_0,0.000,0.000,0.000,0.000
2025-11-22 15:00:03,mlx5_1,0.000,0.000,322.507,867.319
2025-11-22 15:00:03,mlx5_2,0.000,0.000,0.000,0.000
2025-11-22 15:00:03,mlx5_3,0.000,0.000,0.000,0.000
2025-11-22 15:00:03,mlx5_4,0.000,0.000,0.000,0.000
2025-11-22 15:00:03,mlx5_5,0.000,0.000,325.247,893.697
2025-11-22 15:00:03,mlx5_6,0.000,0.000,0.000,0.000
2025-11-22 15:00:03,mlx5_7,0.000,0.000,0.000,0.000
2025-11-22 15:00:03,mlx5_8,0.000,0.000,0.000,0.000
2025-11-22 15:00:03,mlx5_9,0.000,0.000,0.000,0.000
2025-11-22 15:00:03,TOTAL,0.000,0.000,647.753,1761.016
2025-11-22 15:00:04,mlx5_0,0.000,0.000,0.000,0.000
2025-11-22 15:00:04,mlx5_1,0.000,0.000,322.507,867.319
2025-11-22 15:00:04,mlx5_2,0.000,0.000,0.000,0.000
2025-11-22 15:00:04,mlx5_3,0.000,0.000,0.000,0.000
2025-11-22 15:00:04,mlx5_4,0.000,0.000,0.000,0.000
2025-11-22 15:00:04,mlx5_5,0.000,0.000,325.247,893.697
2025-11-22 15:00:04,mlx5_6,0.000,0.000,0.000,0.000
2025-11-22 15:00:04,mlx5_7,0.000,0.000,0.000,0.000
2025-11-22 15:00:04,mlx5_8,0.000,0.000,0.000,0.000
2025-11-22 15:00:04,mlx5_9,0.000,0.000,0.000,0.000
2025-11-22 15:00:04,TOTAL,0.000,0.000,647.753,1761.016
2025-11-22 15:00:05,mlx5_0,0.000,0.000,0.000,0.000
2025-11-22 15:00:05,mlx5_1,18.825,0.023,324.871,867.322
2025-11-22 15:00:05,mlx5_2,0.000,0.000,0.000,0.000
2025-11-22 15:00:05,mlx5_3,0.000,0.000,0.000,0.000
2025-11-22 15:00:05,mlx5_4,0.000,0.000,0.000,0.000
2025-11-22 15:00:05,mlx5_5,19.128,0.023,327.649,893.699
2025-11-22 15:00:05,mlx5_6,0.000,0.000,0.000,0.000
2025-11-22 15:00:05,mlx5_7,0.000,0.000,0.000,0.000
2025-11-22 15:00:05,mlx5_8,0.000,0.000,0.000,0.000
2025-11-22 15:00:05,mlx5_9,0.000,0.000,0.000,0.000
2025-11-22 15:00:05,TOTAL,37.953,0.046,652.521,1761.022
2025-11-22 15:00:06,mlx5_0,0.000,0.000,0.000,0.000
2025-11-22 15:00:06,mlx5_1,0.000,0.000,324.871,867.322
2025-11-22 15:00:06,mlx5_2,0.000,0.000,0.000,0.000
2025-11-22 15:00:06,mlx5_3,0.000,0.000,0.000,0.000
2025-11-22 15:00:06,mlx5_4,0.000,0.000,0.000,0.000
2025-11-22 15:00:06,mlx5_5,0.000,0.000,327.649,893.699
2025-11-22 15:00:06,mlx5_6,0.000,0.000,0.000,0.000
2025-11-22 15:00:06,mlx5_7,0.000,0.000,0.000,0.000
2025-11-22 15:00:06,mlx5_8,0.000,0.000,0.000,0.000
2025-11-22 15:00:06,mlx5_9,0.000,0.000,0.000,0.000
2025-11-22 15:00:06,TOTAL,0.000,0.000,652.521,1761.022
2025-11-22 15:00:07,mlx5_0,0.000,0.000,0.000,0.000
2025-11-22 15:00:07,mlx5_1,0.000,0.000,324.871,867.322
2025-11-22 15:00:07,mlx5_2,0.000,0.000,0.000,0.000
2025-11-22 15:00:07,mlx5_3,0.000,0.000,0.000,0.000
2025-11-22 15:00:07,mlx5_4,0.000,0.000,0.000,0.000
2025-11-22 15:00:07,mlx5_5,0.000,0.000,327.649,893.699
2025-11-22 15:00:07,mlx5_6,0.000,0.000,0.000,0.000
2025-11-22 15:00:07,mlx5_7,0.000,0.000,0.000,0.000
2025-11-22 15:00:07,mlx5_8,0.000,0.000,0.000,0.000
2025-11-22 15:00:07,mlx5_9,0.000,0.000,0.000,0.000
2025-11-22 15:00:07,TOTAL,0.000,0.000,652.521,1761.022
2025-11-22 15:00:08,mlx5_0,0.000,0.000,0.000,0.000
2025-11-22 15:00:08,mlx5_1,0.000,0.000,324.871,867.322
2025-11-22 15:00:08,mlx5_2,0.000,0.000,0.000,0.000
2025-11-22 15:00:08,mlx5_3,0.000,0.000,0.000,0.000
2025-11-22 15:00:08,mlx5_4,0.000,0.000,0.000,0.000
2025-11-22 15:00:08,mlx5_5,0.000,0.000,327.649,893.699
2025-11-22 15:00:08,mlx5_6,0.000,0.000,0.000,0.000
2025-11-22 15:00:08,mlx5_7,0.000,0.000,0.000,0.000
2025-11-22 15:00:08,mlx5_8,0.000,0.000,0.000,0.000
2025-11-22 15:00:08,mlx5_9,0.000,0.000,0.000,0.000
2025-11-22 15:00:08,TOTAL,0.000,0.000,652.521,1761.022
2025-11-22 15:00:09,mlx5_0,0.000,0.000,0.000,0.000
2025-11-22 15:00:09,mlx5_1,18.632,0.022,327.212,867.325
2025-11-22 15:00:09,mlx5_2,0.000,0.000,0.000,0.000
2025-11-22 15:00:09,mlx5_3,0.000,0.000,0.000,0.000
2025-11-22 15:00:09,mlx5_4,0.000,0.000,0.000,0.000
2025-11-22 15:00:09,mlx5_5,18.597,0.023,329.985,893.702
2025-11-22 15:00:09,mlx5_6,0.000,0.000,0.000,0.000
2025-11-22 15:00:09,mlx5_7,0.000,0.000,0.000,0.000
2025-11-22 15:00:09,mlx5_8,0.000,0.000,0.000,0.000
2025-11-22 15:00:09,mlx5_9,0.000,0.000,0.000,0.000
2025-11-22 15:00:09,TOTAL,37.229,0.045,657.197,1761.027
2025-11-22 15:00:10,mlx5_0,0.000,0.000,0.000,0.000
2025-11-22 15:00:10,mlx5_1,0.000,0.000,327.212,867.325
2025-11-22 15:00:10,mlx5_2,0.000,0.000,0.000,0.000
2025-11-22 15:00:10,mlx5_3,0.000,0.000,0.000,0.000
2025-11-22 15:00:10,mlx5_4,0.000,0.000,0.000,0.000
2025-11-22 15:00:10,mlx5_5,0.000,0.000,329.985,893.702
2025-11-22 15:00:10,mlx5_6,0.000,0.000,0.000,0.000
2025-11-22 15:00:10,mlx5_7,0.000,0.000,0.000,0.000
2025-11-22 15:00:10,mlx5_8,0.000,0.000,0.000,0.000
2025-11-22 15:00:10,mlx5_9,0.000,0.000,0.000,0.000
2025-11-22 15:00:10,TOTAL,0.000,0.000,657.197,1761.027
2025-11-22 15:00:11,mlx5_0,0.000,0.000,0.000,0.000
2025-11-22 15:00:11,mlx5_1,0.000,0.000,327.212,867.325
2025-11-22 15:00:11,mlx5_2,0.000,0.000,0.000,0.000
2025-11-22 15:00:11,mlx5_3,0.000,0.000,0.000,0.000
2025-11-22 15:00:11,mlx5_4,0.000,0.000,0.000,0.000
2025-11-22 15:00:11,mlx5_5,0.000,0.000,329.985,893.702
2025-11-22 15:00:11,mlx5_6,0.000,0.000,0.000,0.000
2025-11-22 15:00:11,mlx5_7,0.000,0.000,0.000,0.000
2025-11-22 15:00:11,mlx5_8,0.000,0.000,0.000,0.000
2025-11-22 15:00:11,mlx5_9,0.000,0.000,0.000,0.000
2025-11-22 15:00:11,TOTAL,0.000,0.000,657.197,1761.027
2025-11-22 15:00:12,mlx5_0,0.000,0.000,0.000,0.000
2025-11-22 15:00:12,mlx5_1,0.001,0.000,327.212,867.325
2025-11-22 15:00:12,mlx5_2,0.000,0.000,0.000,0.000
2025-11-22 15:00:12,mlx5_3,0.000,0.000,0.000,0.000
2025-11-22 15:00:12,mlx5_4,0.000,0.000,0.000,0.000
2025-11-22 15:00:12,mlx5_5,0.001,0.000,329.985,893.702
2025-11-22 15:00:12,mlx5_6,0.000,0.000,0.000,0.000
2025-11-22 15:00:12,mlx5_7,0.000,0.000,0.000,0.000
2025-11-22 15:00:12,mlx5_8,0.000,0.000,0.000,0.000
2025-11-22 15:00:12,mlx5_9,0.000,0.000,0.000,0.000
2025-11-22 15:00:12,TOTAL,0.001,0.001,657.197,1761.028
2025-11-22 15:00:13,mlx5_0,0.000,0.000,0.000,0.000
2025-11-22 15:00:13,mlx5_1,18.526,0.022,329.539,867.328
2025-11-22 15:00:13,mlx5_2,0.000,0.000,0.000,0.000
2025-11-22 15:00:13,mlx5_3,0.000,0.000,0.000,0.000
2025-11-22 15:00:13,mlx5_4,0.000,0.000,0.000,0.000
2025-11-22 15:00:13,mlx5_5,18.701,0.023,332.334,893.705
2025-11-22 15:00:13,mlx5_6,0.000,0.000,0.000,0.000
2025-11-22 15:00:13,mlx5_7,0.000,0.000,0.000,0.000
2025-11-22 15:00:13,mlx5_8,0.000,0.000,0.000,0.000
2025-11-22 15:00:13,mlx5_9,0.000,0.000,0.000,0.000
2025-11-22 15:00:13,TOTAL,37.227,0.045,661.873,1761.033
2025-11-22 15:00:14,mlx5_0,0.000,0.000,0.000,0.000
2025-11-22 15:00:14,mlx5_1,0.000,0.000,329.539,867.328
2025-11-22 15:00:14,mlx5_2,0.000,0.000,0.000,0.000
2025-11-22 15:00:14,mlx5_3,0.000,0.000,0.000,0.000
2025-11-22 15:00:14,mlx5_4,0.000,0.000,0.000,0.000
2025-11-22 15:00:14,mlx5_5,0.000,0.000,332.334,893.705
2025-11-22 15:00:14,mlx5_6,0.000,0.000,0.000,0.000
2025-11-22 15:00:14,mlx5_7,0.000,0.000,0.000,0.000
2025-11-22 15:00:14,mlx5_8,0.000,0.000,0.000,0.000
2025-11-22 15:00:14,mlx5_9,0.000,0.000,0.000,0.000
2025-11-22 15:00:14,TOTAL,0.000,0.000,661.873,1761.033
2025-11-22 15:00:15,mlx5_0,0.000,0.000,0.000,0.000
2025-11-22 15:00:15,mlx5_1,0.000,0.000,329.539,867.328
2025-11-22 15:00:15,mlx5_2,0.000,0.000,0.000,0.000
2025-11-22 15:00:15,mlx5_3,0.000,0.000,0.000,0.000
2025-11-22 15:00:15,mlx5_4,0.000,0.000,0.000,0.000
2025-11-22 15:00:15,mlx5_5,0.000,0.000,332.334,893.705
2025-11-22 15:00:15,mlx5_6,0.000,0.000,0.000,0.000
2025-11-22 15:00:15,mlx5_7,0.000,0.000,0.000,0.000
2025-11-22 15:00:15,mlx5_8,0.000,0.000,0.000,0.000
2025-11-22 15:00:15,mlx5_9,0.000,0.000,0.000,0.000
2025-11-22 15:00:15,TOTAL,0.000,0.000,661.873,1761.033
2025-11-22 15:00:16,mlx5_0,0.000,0.000,0.000,0.000
2025-11-22 15:00:16,mlx5_1,4.069,0.005,330.050,867.329
2025-11-22 15:00:16,mlx5_2,0.000,0.000,0.000,0.000
2025-11-22 15:00:16,mlx5_3,0.000,0.000,0.000,0.000
2025-11-22 15:00:16,mlx5_4,0.000,0.000,0.000,0.000
2025-11-22 15:00:16,mlx5_5,4.454,0.006,332.894,893.706
2025-11-22 15:00:16,mlx5_6,0.000,0.000,0.000,0.000
2025-11-22 15:00:16,mlx5_7,0.000,0.000,0.000,0.000
2025-11-22 15:00:16,mlx5_8,0.000,0.000,0.000,0.000
2025-11-22 15:00:16,mlx5_9,0.000,0.000,0.000,0.000
2025-11-22 15:00:16,TOTAL,8.523,0.011,662.944,1761.035
2025-11-22 15:00:17,mlx5_0,0.000,0.000,0.000,0.000
2025-11-22 15:00:17,mlx5_1,14.541,0.017,331.879,867.331
2025-11-22 15:00:17,mlx5_2,0.000,0.000,0.000,0.000
2025-11-22 15:00:17,mlx5_3,0.000,0.000,0.000,0.000
2025-11-22 15:00:17,mlx5_4,0.000,0.000,0.000,0.000
2025-11-22 15:00:17,mlx5_5,14.128,0.017,334.670,893.708
2025-11-22 15:00:17,mlx5_6,0.000,0.000,0.000,0.000
2025-11-22 15:00:17,mlx5_7,0.000,0.000,0.000,0.000
2025-11-22 15:00:17,mlx5_8,0.000,0.000,0.000,0.000
2025-11-22 15:00:17,mlx5_9,0.000,0.000,0.000,0.000
2025-11-22 15:00:17,TOTAL,28.669,0.034,666.549,1761.039
2025-11-22 15:00:18,mlx5_0,0.000,0.000,0.000,0.000
2025-11-22 15:00:18,mlx5_1,0.000,0.000,331.879,867.331
2025-11-22 15:00:18,mlx5_2,0.000,0.000,0.000,0.000
2025-11-22 15:00:18,mlx5_3,0.000,0.000,0.000,0.000
2025-11-22 15:00:18,mlx5_4,0.000,0.000,0.000,0.000
2025-11-22 15:00:18,mlx5_5,0.000,0.000,334.670,893.708
2025-11-22 15:00:18,mlx5_6,0.000,0.000,0.000,0.000
2025-11-22 15:00:18,mlx5_7,0.000,0.000,0.000,0.000
2025-11-22 15:00:18,mlx5_8,0.000,0.000,0.000,0.000
2025-11-22 15:00:18,mlx5_9,0.000,0.000,0.000,0.000
2025-11-22 15:00:18,TOTAL,0.000,0.000,666.549,1761.039
2025-11-22 15:00:19,mlx5_0,0.000,0.000,0.000,0.000
2025-11-22 15:00:19,mlx5_1,0.000,0.000,331.879,867.331
2025-11-22 15:00:19,mlx5_2,0.000,0.000,0.000,0.000
2025-11-22 15:00:19,mlx5_3,0.000,0.000,0.000,0.000
2025-11-22 15:00:19,mlx5_4,0.000,0.000,0.000,0.000
2025-11-22 15:00:19,mlx5_5,0.000,0.000,334.670,893.708
2025-11-22 15:00:19,mlx5_6,0.000,0.000,0.000,0.000
2025-11-22 15:00:19,mlx5_7,0.000,0.000,0.000,0.000
2025-11-22 15:00:19,mlx5_8,0.000,0.000,0.000,0.000
2025-11-22 15:00:19,mlx5_9,0.000,0.000,0.000,0.000
2025-11-22 15:00:19,TOTAL,0.000,0.000,666.549,1761.039
2025-11-22 15:00:20,mlx5_0,0.000,0.000,0.000,0.000
2025-11-22 15:00:20,mlx5_1,0.000,0.000,331.879,867.331
2025-11-22 15:00:20,mlx5_2,0.000,0.000,0.000,0.000
2025-11-22 15:00:20,mlx5_3,0.000,0.000,0.000,0.000
2025-11-22 15:00:20,mlx5_4,0.000,0.000,0.000,0.000
2025-11-22 15:00:20,mlx5_5,0.000,0.000,334.670,893.708
2025-11-22 15:00:20,mlx5_6,0.000,0.000,0.000,0.000
2025-11-22 15:00:20,mlx5_7,0.000,0.000,0.000,0.000
2025-11-22 15:00:20,mlx5_8,0.000,0.000,0.000,0.000
2025-11-22 15:00:20,mlx5_9,0.000,0.000,0.000,0.000
2025-11-22 15:00:20,TOTAL,0.000,0.000,666.549,1761.039
2025-11-22 15:00:21,mlx5_0,0.000,0.000,0.000,0.000
2025-11-22 15:00:21,mlx5_1,18.612,0.022,334.217,867.334
2025-11-22 15:00:21,mlx5_2,0.000,0.000,0.000,0.000
2025-11-22 15:00:21,mlx5_3,0.000,0.000,0.000,0.000
2025-11-22 15:00:21,mlx5_4,0.000,0.000,0.000,0.000
2025-11-22 15:00:21,mlx5_5,18.611,0.023,337.008,893.711
2025-11-22 15:00:21,mlx5_6,0.000,0.000,0.000,0.000
2025-11-22 15:00:21,mlx5_7,0.000,0.000,0.000,0.000
2025-11-22 15:00:21,mlx5_8,0.000,0.000,0.000,0.000
2025-11-22 15:00:21,mlx5_9,0.000,0.000,0.000,0.000
2025-11-22 15:00:21,TOTAL,37.223,0.045,671.225,1761.045
2025-11-22 15:00:23,mlx5_0,0.000,0.000,0.000,0.000
2025-11-22 15:00:23,mlx5_1,0.000,0.000,334.217,867.334
2025-11-22 15:00:23,mlx5_2,0.000,0.000,0.000,0.000
2025-11-22 15:00:23,mlx5_3,0.000,0.000,0.000,0.000
2025-11-22 15:00:23,mlx5_4,0.000,0.000,0.000,0.000
2025-11-22 15:00:23,mlx5_5,0.000,0.000,337.008,893.711
2025-11-22 15:00:23,mlx5_6,0.000,0.000,0.000,0.000
2025-11-22 15:00:23,mlx5_7,0.000,0.000,0.000,0.000
2025-11-22 15:00:23,mlx5_8,0.000,0.000,0.000,0.000
2025-11-22 15:00:23,mlx5_9,0.000,0.000,0.000,0.000
2025-11-22 15:00:23,TOTAL,0.000,0.000,671.225,1761.045
2025-11-22 15:00:24,mlx5_0,0.000,0.000,0.000,0.000
2025-11-22 15:00:24,mlx5_1,0.000,0.000,334.217,867.334
2025-11-22 15:00:24,mlx5_2,0.000,0.000,0.000,0.000
2025-11-22 15:00:24,mlx5_3,0.000,0.000,0.000,0.000
2025-11-22 15:00:24,mlx5_4,0.000,0.000,0.000,0.000
2025-11-22 15:00:24,mlx5_5,0.000,0.000,337.008,893.711
2025-11-22 15:00:24,mlx5_6,0.000,0.000,0.000,0.000
2025-11-22 15:00:24,mlx5_7,0.000,0.000,0.000,0.000
2025-11-22 15:00:24,mlx5_8,0.000,0.000,0.000,0.000
2025-11-22 15:00:24,mlx5_9,0.000,0.000,0.000,0.000
2025-11-22 15:00:24,TOTAL,0.000,0.000,671.225,1761.045
2025-11-22 15:00:25,mlx5_0,0.000,0.000,0.000,0.000
2025-11-22 15:00:25,mlx5_1,0.000,0.000,334.217,867.334
2025-11-22 15:00:25,mlx5_2,0.000,0.000,0.000,0.000
2025-11-22 15:00:25,mlx5_3,0.000,0.000,0.000,0.000
2025-11-22 15:00:25,mlx5_4,0.000,0.000,0.000,0.000
2025-11-22 15:00:25,mlx5_5,0.000,0.000,337.008,893.711
2025-11-22 15:00:25,mlx5_6,0.000,0.000,0.000,0.000
2025-11-22 15:00:25,mlx5_7,0.000,0.000,0.000,0.000
2025-11-22 15:00:25,mlx5_8,0.000,0.000,0.000,0.000
2025-11-22 15:00:25,mlx5_9,0.000,0.000,0.000,0.000
2025-11-22 15:00:25,TOTAL,0.000,0.000,671.225,1761.045
2025-11-22 15:00:26,mlx5_0,0.000,0.000,0.000,0.000
2025-11-22 15:00:26,mlx5_1,1.041,0.002,334.348,867.334
2025-11-22 15:00:26,mlx5_2,0.000,0.000,0.000,0.000
2025-11-22 15:00:26,mlx5_3,0.000,0.000,0.000,0.000
2025-11-22 15:00:26,mlx5_4,0.000,0.000,0.000,0.000
2025-11-22 15:00:26,mlx5_5,1.120,0.002,337.149,893.711
2025-11-22 15:00:26,mlx5_6,0.000,0.000,0.000,0.000
2025-11-22 15:00:26,mlx5_7,0.000,0.000,0.000,0.000
2025-11-22 15:00:26,mlx5_8,0.000,0.000,0.000,0.000
2025-11-22 15:00:26,mlx5_9,0.000,0.000,0.000,0.000
2025-11-22 15:00:26,TOTAL,2.162,0.003,671.497,1761.045
2025-11-22 15:00:27,mlx5_0,0.000,0.000,0.000,0.000
2025-11-22 15:00:27,mlx5_1,18.150,111.449,336.627,881.330
2025-11-22 15:00:27,mlx5_2,0.000,0.000,0.000,0.000
2025-11-22 15:00:27,mlx5_3,0.000,0.000,0.000,0.000
2025-11-22 15:00:27,mlx5_4,0.000,0.000,0.000,0.000
2025-11-22 15:00:27,mlx5_5,18.316,115.209,339.449,908.180
2025-11-22 15:00:27,mlx5_6,0.000,0.000,0.000,0.000
2025-11-22 15:00:27,mlx5_7,0.000,0.000,0.000,0.000
2025-11-22 15:00:27,mlx5_8,0.000,0.000,0.000,0.000
2025-11-22 15:00:27,mlx5_9,0.000,0.000,0.000,0.000
2025-11-22 15:00:27,TOTAL,36.466,226.657,676.076,1789.510
2025-11-22 15:00:28,mlx5_0,0.000,0.000,0.000,0.000
2025-11-22 15:00:28,mlx5_1,0.000,0.000,336.627,881.330
2025-11-22 15:00:28,mlx5_2,0.000,0.000,0.000,0.000
2025-11-22 15:00:28,mlx5_3,0.000,0.000,0.000,0.000
2025-11-22 15:00:28,mlx5_4,0.000,0.000,0.000,0.000
2025-11-22 15:00:28,mlx5_5,0.000,0.000,339.449,908.180
2025-11-22 15:00:28,mlx5_6,0.000,0.000,0.000,0.000
2025-11-22 15:00:28,mlx5_7,0.000,0.000,0.000,0.000
2025-11-22 15:00:28,mlx5_8,0.000,0.000,0.000,0.000
2025-11-22 15:00:28,mlx5_9,0.000,0.000,0.000,0.000
2025-11-22 15:00:28,TOTAL,0.000,0.000,676.076,1789.510
2025-11-22 15:00:29,mlx5_0,0.000,0.000,0.000,0.000
2025-11-22 15:00:29,mlx5_1,0.000,0.000,336.627,881.330
2025-11-22 15:00:29,mlx5_2,0.000,0.000,0.000,0.000
2025-11-22 15:00:29,mlx5_3,0.000,0.000,0.000,0.000
2025-11-22 15:00:29,mlx5_4,0.000,0.000,0.000,0.000
2025-11-22 15:00:29,mlx5_5,0.000,0.000,339.449,908.180
2025-11-22 15:00:29,mlx5_6,0.000,0.000,0.000,0.000
2025-11-22 15:00:29,mlx5_7,0.000,0.000,0.000,0.000
2025-11-22 15:00:29,mlx5_8,0.000,0.000,0.000,0.000
2025-11-22 15:00:29,mlx5_9,0.000,0.000,0.000,0.000
2025-11-22 15:00:29,TOTAL,0.000,0.000,676.076,1789.510
2025-11-22 15:00:30,mlx5_0,0.000,0.000,0.000,0.000
2025-11-22 15:00:30,mlx5_1,0.000,0.000,336.627,881.330
2025-11-22 15:00:30,mlx5_2,0.000,0.000,0.000,0.000
2025-11-22 15:00:30,mlx5_3,0.000,0.000,0.000,0.000
2025-11-22 15:00:30,mlx5_4,0.000,0.000,0.000,0.000
2025-11-22 15:00:30,mlx5_5,0.000,0.000,339.449,908.180
2025-11-22 15:00:30,mlx5_6,0.000,0.000,0.000,0.000
2025-11-22 15:00:30,mlx5_7,0.000,0.000,0.000,0.000
2025-11-22 15:00:30,mlx5_8,0.000,0.000,0.000,0.000
2025-11-22 15:00:30,mlx5_9,0.000,0.000,0.000,0.000
2025-11-22 15:00:30,TOTAL,0.000,0.000,676.076,1789.510
2025-11-22 15:00:31,mlx5_0,0.000,0.000,0.000,0.000
2025-11-22 15:00:31,mlx5_1,18.970,0.023,339.009,881.333
2025-11-22 15:00:31,mlx5_2,0.000,0.000,0.000,0.000
2025-11-22 15:00:31,mlx5_3,0.000,0.000,0.000,0.000
2025-11-22 15:00:31,mlx5_4,0.000,0.000,0.000,0.000
2025-11-22 15:00:31,mlx5_5,18.992,0.024,341.835,908.183
2025-11-22 15:00:31,mlx5_6,0.000,0.000,0.000,0.000
2025-11-22 15:00:31,mlx5_7,0.000,0.000,0.000,0.000
2025-11-22 15:00:31,mlx5_8,0.000,0.000,0.000,0.000
2025-11-22 15:00:31,mlx5_9,0.000,0.000,0.000,0.000
2025-11-22 15:00:31,TOTAL,37.962,0.047,680.844,1789.516
2025-11-22 15:00:32,mlx5_0,0.000,0.000,0.000,0.000
2025-11-22 15:00:32,mlx5_1,0.000,0.000,339.009,881.333
2025-11-22 15:00:32,mlx5_2,0.000,0.000,0.000,0.000
2025-11-22 15:00:32,mlx5_3,0.000,0.000,0.000,0.000
2025-11-22 15:00:32,mlx5_4,0.000,0.000,0.000,0.000
2025-11-22 15:00:32,mlx5_5,0.000,0.000,341.835,908.183
2025-11-22 15:00:32,mlx5_6,0.000,0.000,0.000,0.000
2025-11-22 15:00:32,mlx5_7,0.000,0.000,0.000,0.000
2025-11-22 15:00:32,mlx5_8,0.000,0.000,0.000,0.000
2025-11-22 15:00:32,mlx5_9,0.000,0.000,0.000,0.000
2025-11-22 15:00:32,TOTAL,0.000,0.000,680.844,1789.516
2025-11-22 15:00:33,mlx5_0,0.000,0.000,0.000,0.000
2025-11-22 15:00:33,mlx5_1,0.000,0.000,339.009,881.333
2025-11-22 15:00:33,mlx5_2,0.000,0.000,0.000,0.000
2025-11-22 15:00:33,mlx5_3,0.000,0.000,0.000,0.000
2025-11-22 15:00:33,mlx5_4,0.000,0.000,0.000,0.000
2025-11-22 15:00:33,mlx5_5,0.000,0.000,341.835,908.183
2025-11-22 15:00:33,mlx5_6,0.000,0.000,0.000,0.000
2025-11-22 15:00:33,mlx5_7,0.000,0.000,0.000,0.000
2025-11-22 15:00:33,mlx5_8,0.000,0.000,0.000,0.000
2025-11-22 15:00:33,mlx5_9,0.000,0.000,0.000,0.000
2025-11-22 15:00:33,TOTAL,0.000,0.000,680.844,1789.516
2025-11-22 15:00:34,mlx5_0,0.000,0.000,0.000,0.000
2025-11-22 15:00:34,mlx5_1,18.430,0.022,341.324,881.336
2025-11-22 15:00:34,mlx5_2,0.000,0.000,0.000,0.000
2025-11-22 15:00:34,mlx5_3,0.000,0.000,0.000,0.000
2025-11-22 15:00:34,mlx5_4,0.000,0.000,0.000,0.000
2025-11-22 15:00:34,mlx5_5,18.799,0.023,344.196,908.185
2025-11-22 15:00:34,mlx5_6,0.000,0.000,0.000,0.000
2025-11-22 15:00:34,mlx5_7,0.000,0.000,0.000,0.000
2025-11-22 15:00:34,mlx5_8,0.000,0.000,0.000,0.000
2025-11-22 15:00:34,mlx5_9,0.000,0.000,0.000,0.000
2025-11-22 15:00:34,TOTAL,37.229,0.045,685.520,1789.521
2025-11-22 15:00:35,mlx5_0,0.000,0.000,0.000,0.000
2025-11-22 15:00:35,mlx5_1,0.000,0.000,341.324,881.336
2025-11-22 15:00:35,mlx5_2,0.000,0.000,0.000,0.000
2025-11-22 15:00:35,mlx5_3,0.000,0.000,0.000,0.000
2025-11-22 15:00:35,mlx5_4,0.000,0.000,0.000,0.000
2025-11-22 15:00:35,mlx5_5,0.000,0.000,344.196,908.185
2025-11-22 15:00:35,mlx5_6,0.000,0.000,0.000,0.000
2025-11-22 15:00:35,mlx5_7,0.000,0.000,0.000,0.000
2025-11-22 15:00:35,mlx5_8,0.000,0.000,0.000,0.000
2025-11-22 15:00:35,mlx5_9,0.000,0.000,0.000,0.000
2025-11-22 15:00:35,TOTAL,0.000,0.000,685.520,1789.521
2025-11-22 15:00:36,mlx5_0,0.000,0.000,0.000,0.000
2025-11-22 15:00:36,mlx5_1,0.000,0.000,341.324,881.336
2025-11-22 15:00:36,mlx5_2,0.000,0.000,0.000,0.000
2025-11-22 15:00:36,mlx5_3,0.000,0.000,0.000,0.000
2025-11-22 15:00:36,mlx5_4,0.000,0.000,0.000,0.000
2025-11-22 15:00:36,mlx5_5,0.000,0.000,344.196,908.185
2025-11-22 15:00:36,mlx5_6,0.000,0.000,0.000,0.000
2025-11-22 15:00:36,mlx5_7,0.000,0.000,0.000,0.000
2025-11-22 15:00:36,mlx5_8,0.000,0.000,0.000,0.000
2025-11-22 15:00:36,mlx5_9,0.000,0.000,0.000,0.000
2025-11-22 15:00:36,TOTAL,0.000,0.000,685.520,1789.521
2025-11-22 15:00:37,mlx5_0,0.000,0.000,0.000,0.000
2025-11-22 15:00:37,mlx5_1,0.000,0.000,341.324,881.336
2025-11-22 15:00:37,mlx5_2,0.000,0.000,0.000,0.000
2025-11-22 15:00:37,mlx5_3,0.000,0.000,0.000,0.000
2025-11-22 15:00:37,mlx5_4,0.000,0.000,0.000,0.000
2025-11-22 15:00:37,mlx5_5,0.000,0.000,344.196,908.185
2025-11-22 15:00:37,mlx5_6,0.000,0.000,0.000,0.000
2025-11-22 15:00:37,mlx5_7,0.000,0.000,0.000,0.000
2025-11-22 15:00:37,mlx5_8,0.000,0.000,0.000,0.000
2025-11-22 15:00:37,mlx5_9,0.000,0.000,0.000,0.000
2025-11-22 15:00:37,TOTAL,0.000,0.000,685.520,1789.521
2025-11-22 15:00:38,mlx5_0,0.000,0.000,0.000,0.000
2025-11-22 15:00:38,mlx5_1,18.374,0.022,343.632,881.338
2025-11-22 15:00:38,mlx5_2,0.000,0.000,0.000,0.000
2025-11-22 15:00:38,mlx5_3,0.000,0.000,0.000,0.000
2025-11-22 15:00:38,mlx5_4,0.000,0.000,0.000,0.000
2025-11-22 15:00:38,mlx5_5,18.858,0.023,346.564,908.188
2025-11-22 15:00:38,mlx5_6,0.000,0.000,0.000,0.000
2025-11-22 15:00:38,mlx5_7,0.000,0.000,0.000,0.000
2025-11-22 15:00:38,mlx5_8,0.000,0.000,0.000,0.000
2025-11-22 15:00:38,mlx5_9,0.000,0.000,0.000,0.000
2025-11-22 15:00:38,TOTAL,37.232,0.045,690.196,1789.527
2025-11-22 15:00:39,mlx5_0,0.000,0.000,0.000,0.000
2025-11-22 15:00:39,mlx5_1,0.000,0.000,343.632,881.338
2025-11-22 15:00:39,mlx5_2,0.000,0.000,0.000,0.000
2025-11-22 15:00:39,mlx5_3,0.000,0.000,0.000,0.000
2025-11-22 15:00:39,mlx5_4,0.000,0.000,0.000,0.000
2025-11-22 15:00:39,mlx5_5,0.000,0.000,346.564,908.188
2025-11-22 15:00:39,mlx5_6,0.000,0.000,0.000,0.000
2025-11-22 15:00:39,mlx5_7,0.000,0.000,0.000,0.000
2025-11-22 15:00:39,mlx5_8,0.000,0.000,0.000,0.000
2025-11-22 15:00:39,mlx5_9,0.000,0.000,0.000,0.000
2025-11-22 15:00:39,TOTAL,0.000,0.000,690.196,1789.527
2025-11-22 15:00:40,mlx5_0,0.000,0.000,0.000,0.000
2025-11-22 15:00:40,mlx5_1,0.000,0.000,343.632,881.338
2025-11-22 15:00:40,mlx5_2,0.000,0.000,0.000,0.000
2025-11-22 15:00:40,mlx5_3,0.000,0.000,0.000,0.000
2025-11-22 15:00:40,mlx5_4,0.000,0.000,0.000,0.000
2025-11-22 15:00:40,mlx5_5,0.000,0.000,346.564,908.188
2025-11-22 15:00:40,mlx5_6,0.000,0.000,0.000,0.000
2025-11-22 15:00:40,mlx5_7,0.000,0.000,0.000,0.000
2025-11-22 15:00:40,mlx5_8,0.000,0.000,0.000,0.000
2025-11-22 15:00:40,mlx5_9,0.000,0.000,0.000,0.000
2025-11-22 15:00:40,TOTAL,0.000,0.000,690.196,1789.527
2025-11-22 15:00:41,mlx5_0,0.000,0.000,0.000,0.000
2025-11-22 15:00:41,mlx5_1,0.000,0.000,343.632,881.339
2025-11-22 15:00:41,mlx5_2,0.000,0.000,0.000,0.000
2025-11-22 15:00:41,mlx5_3,0.000,0.000,0.000,0.000
2025-11-22 15:00:41,mlx5_4,0.000,0.000,0.000,0.000
2025-11-22 15:00:41,mlx5_5,0.000,0.000,346.564,908.188
2025-11-22 15:00:41,mlx5_6,0.000,0.000,0.000,0.000
2025-11-22 15:00:41,mlx5_7,0.000,0.000,0.000,0.000
2025-11-22 15:00:41,mlx5_8,0.000,0.000,0.000,0.000
2025-11-22 15:00:41,mlx5_9,0.000,0.000,0.000,0.000
2025-11-22 15:00:41,TOTAL,0.001,0.001,690.196,1789.527
2025-11-22 15:00:42,mlx5_0,0.000,0.000,0.000,0.000
2025-11-22 15:00:42,mlx5_1,18.403,0.023,345.944,881.341
2025-11-22 15:00:42,mlx5_2,0.000,0.000,0.000,0.000
2025-11-22 15:00:42,mlx5_3,0.000,0.000,0.000,0.000
2025-11-22 15:00:42,mlx5_4,0.000,0.000,0.000,0.000
2025-11-22 15:00:42,mlx5_5,18.812,0.023,348.928,908.191
2025-11-22 15:00:42,mlx5_6,0.000,0.000,0.000,0.000
2025-11-22 15:00:42,mlx5_7,0.000,0.000,0.000,0.000
2025-11-22 15:00:42,mlx5_8,0.000,0.000,0.000,0.000
2025-11-22 15:00:42,mlx5_9,0.000,0.000,0.000,0.000
2025-11-22 15:00:42,TOTAL,37.215,0.046,694.872,1789.533
2025-11-22 15:00:43,mlx5_0,0.000,0.000,0.000,0.000
2025-11-22 15:00:43,mlx5_1,0.000,0.000,345.944,881.341
2025-11-22 15:00:43,mlx5_2,0.000,0.000,0.000,0.000
2025-11-22 15:00:43,mlx5_3,0.000,0.000,0.000,0.000
2025-11-22 15:00:43,mlx5_4,0.000,0.000,0.000,0.000
2025-11-22 15:00:43,mlx5_5,0.000,0.000,348.928,908.191
2025-11-22 15:00:43,mlx5_6,0.000,0.000,0.000,0.000
2025-11-22 15:00:43,mlx5_7,0.000,0.000,0.000,0.000
2025-11-22 15:00:43,mlx5_8,0.000,0.000,0.000,0.000
2025-11-22 15:00:43,mlx5_9,0.000,0.000,0.000,0.000
2025-11-22 15:00:43,TOTAL,0.000,0.000,694.872,1789.533
2025-11-22 15:00:44,mlx5_0,0.000,0.000,0.000,0.000
2025-11-22 15:00:44,mlx5_1,0.000,0.000,345.944,881.341
2025-11-22 15:00:44,mlx5_2,0.000,0.000,0.000,0.000
2025-11-22 15:00:44,mlx5_3,0.000,0.000,0.000,0.000
2025-11-22 15:00:44,mlx5_4,0.000,0.000,0.000,0.000
2025-11-22 15:00:44,mlx5_5,0.000,0.000,348.928,908.191
2025-11-22 15:00:44,mlx5_6,0.000,0.000,0.000,0.000
2025-11-22 15:00:44,mlx5_7,0.000,0.000,0.000,0.000
2025-11-22 15:00:44,mlx5_8,0.000,0.000,0.000,0.000
2025-11-22 15:00:44,mlx5_9,0.000,0.000,0.000,0.000
2025-11-22 15:00:44,TOTAL,0.000,0.000,694.872,1789.533
2025-11-22 15:00:45,mlx5_0,0.000,0.000,0.000,0.000
2025-11-22 15:00:45,mlx5_1,0.000,0.000,345.944,881.341
2025-11-22 15:00:45,mlx5_2,0.000,0.000,0.000,0.000
2025-11-22 15:00:45,mlx5_3,0.000,0.000,0.000,0.000
2025-11-22 15:00:45,mlx5_4,0.000,0.000,0.000,0.000
2025-11-22 15:00:45,mlx5_5,0.000,0.000,348.928,908.191
2025-11-22 15:00:45,mlx5_6,0.000,0.000,0.000,0.000
2025-11-22 15:00:45,mlx5_7,0.000,0.000,0.000,0.000
2025-11-22 15:00:45,mlx5_8,0.000,0.000,0.000,0.000
2025-11-22 15:00:45,mlx5_9,0.000,0.000,0.000,0.000
2025-11-22 15:00:45,TOTAL,0.000,0.000,694.872,1789.533
2025-11-22 15:00:46,mlx5_0,0.000,0.000,0.000,0.000
2025-11-22 15:00:46,mlx5_1,18.556,0.023,348.275,881.344
2025-11-22 15:00:46,mlx5_2,0.000,0.000,0.000,0.000
2025-11-22 15:00:46,mlx5_3,0.000,0.000,0.000,0.000
2025-11-22 15:00:46,mlx5_4,0.000,0.000,0.000,0.000
2025-11-22 15:00:46,mlx5_5,18.672,0.023,351.273,908.194
2025-11-22 15:00:46,mlx5_6,0.000,0.000,0.000,0.000
2025-11-22 15:00:46,mlx5_7,0.000,0.000,0.000,0.000
2025-11-22 15:00:46,mlx5_8,0.000,0.000,0.000,0.000
2025-11-22 15:00:46,mlx5_9,0.000,0.000,0.000,0.000
2025-11-22 15:00:46,TOTAL,37.227,0.046,699.548,1789.538
2025-11-22 15:00:47,mlx5_0,0.000,0.000,0.000,0.000
2025-11-22 15:00:47,mlx5_1,0.000,0.000,348.275,881.344
2025-11-22 15:00:47,mlx5_2,0.000,0.000,0.000,0.000
2025-11-22 15:00:47,mlx5_3,0.000,0.000,0.000,0.000
2025-11-22 15:00:47,mlx5_4,0.000,0.000,0.000,0.000
2025-11-22 15:00:47,mlx5_5,0.000,0.000,351.273,908.194
2025-11-22 15:00:47,mlx5_6,0.000,0.000,0.000,0.000
2025-11-22 15:00:47,mlx5_7,0.000,0.000,0.000,0.000
2025-11-22 15:00:47,mlx5_8,0.000,0.000,0.000,0.000
2025-11-22 15:00:47,mlx5_9,0.000,0.000,0.000,0.000
2025-11-22 15:00:47,TOTAL,0.000,0.000,699.548,1789.538
2025-11-22 15:00:48,mlx5_0,0.000,0.000,0.000,0.000
2025-11-22 15:00:48,mlx5_1,0.000,0.000,348.275,881.344
2025-11-22 15:00:48,mlx5_2,0.000,0.000,0.000,0.000
2025-11-22 15:00:48,mlx5_3,0.000,0.000,0.000,0.000
2025-11-22 15:00:48,mlx5_4,0.000,0.000,0.000,0.000
2025-11-22 15:00:48,mlx5_5,0.000,0.000,351.273,908.194
2025-11-22 15:00:48,mlx5_6,0.000,0.000,0.000,0.000
2025-11-22 15:00:48,mlx5_7,0.000,0.000,0.000,0.000
2025-11-22 15:00:48,mlx5_8,0.000,0.000,0.000,0.000
2025-11-22 15:00:48,mlx5_9,0.000,0.000,0.000,0.000
2025-11-22 15:00:48,TOTAL,0.000,0.000,699.548,1789.538
2025-11-22 15:00:49,mlx5_0,0.000,0.000,0.000,0.000
2025-11-22 15:00:49,mlx5_1,0.000,0.000,348.275,881.344
2025-11-22 15:00:49,mlx5_2,0.000,0.000,0.000,0.000
2025-11-22 15:00:49,mlx5_3,0.000,0.000,0.000,0.000
2025-11-22 15:00:49,mlx5_4,0.000,0.000,0.000,0.000
2025-11-22 15:00:49,mlx5_5,0.000,0.000,351.273,908.194
2025-11-22 15:00:49,mlx5_6,0.000,0.000,0.000,0.000
2025-11-22 15:00:49,mlx5_7,0.000,0.000,0.000,0.000
2025-11-22 15:00:49,mlx5_8,0.000,0.000,0.000,0.000
2025-11-22 15:00:49,mlx5_9,0.000,0.000,0.000,0.000
2025-11-22 15:00:49,TOTAL,0.000,0.000,699.548,1789.538
2025-11-22 15:00:50,mlx5_0,0.000,0.000,0.000,0.000
2025-11-22 15:00:50,mlx5_1,0.000,0.000,348.275,881.344
2025-11-22 15:00:50,mlx5_2,0.000,0.000,0.000,0.000
2025-11-22 15:00:50,mlx5_3,0.000,0.000,0.000,0.000
2025-11-22 15:00:50,mlx5_4,0.000,0.000,0.000,0.000
2025-11-22 15:00:50,mlx5_5,0.000,0.000,351.273,908.194
2025-11-22 15:00:50,mlx5_6,0.000,0.000,0.000,0.000
2025-11-22 15:00:50,mlx5_7,0.000,0.000,0.000,0.000
2025-11-22 15:00:50,mlx5_8,0.000,0.000,0.000,0.000
2025-11-22 15:00:50,mlx5_9,0.000,0.000,0.000,0.000
2025-11-22 15:00:50,TOTAL,0.000,0.000,699.548,1789.538
2025-11-22 15:00:51,mlx5_0,0.000,0.000,0.000,0.000
2025-11-22 15:00:51,mlx5_1,19.357,111.676,350.706,895.371
2025-11-22 15:00:51,mlx5_2,0.000,0.000,0.000,0.000
2025-11-22 15:00:51,mlx5_3,0.000,0.000,0.000,0.000
2025-11-22 15:00:51,mlx5_4,0.000,0.000,0.000,0.000
2025-11-22 15:00:51,mlx5_5,19.365,114.955,353.705,922.632
2025-11-22 15:00:51,mlx5_6,0.000,0.000,0.000,0.000
2025-11-22 15:00:51,mlx5_7,0.000,0.000,0.000,0.000
2025-11-22 15:00:51,mlx5_8,0.000,0.000,0.000,0.000
2025-11-22 15:00:51,mlx5_9,0.000,0.000,0.000,0.000
2025-11-22 15:00:51,TOTAL,38.722,226.631,704.411,1818.003
2025-11-22 15:00:52,mlx5_0,0.000,0.000,0.000,0.000
2025-11-22 15:00:52,mlx5_1,0.000,0.000,350.706,895.371
2025-11-22 15:00:52,mlx5_2,0.000,0.000,0.000,0.000
2025-11-22 15:00:52,mlx5_3,0.000,0.000,0.000,0.000
2025-11-22 15:00:52,mlx5_4,0.000,0.000,0.000,0.000
2025-11-22 15:00:52,mlx5_5,0.000,0.000,353.705,922.632
2025-11-22 15:00:52,mlx5_6,0.000,0.000,0.000,0.000
2025-11-22 15:00:52,mlx5_7,0.000,0.000,0.000,0.000
2025-11-22 15:00:52,mlx5_8,0.000,0.000,0.000,0.000
2025-11-22 15:00:52,mlx5_9,0.000,0.000,0.000,0.000
2025-11-22 15:00:52,TOTAL,0.000,0.000,704.411,1818.003
2025-11-22 15:00:53,mlx5_0,0.000,0.000,0.000,0.000
2025-11-22 15:00:53,mlx5_1,0.000,0.000,350.706,895.371
2025-11-22 15:00:53,mlx5_2,0.000,0.000,0.000,0.000
2025-11-22 15:00:53,mlx5_3,0.000,0.000,0.000,0.000
2025-11-22 15:00:53,mlx5_4,0.000,0.000,0.000,0.000
2025-11-22 15:00:53,mlx5_5,0.000,0.000,353.705,922.632
2025-11-22 15:00:53,mlx5_6,0.000,0.000,0.000,0.000
2025-11-22 15:00:53,mlx5_7,0.000,0.000,0.000,0.000
2025-11-22 15:00:53,mlx5_8,0.000,0.000,0.000,0.000
2025-11-22 15:00:53,mlx5_9,0.000,0.000,0.000,0.000
2025-11-22 15:00:53,TOTAL,0.000,0.000,704.411,1818.003
2025-11-22 15:00:54,mlx5_0,0.000,0.000,0.000,0.000
2025-11-22 15:00:54,mlx5_1,0.000,0.000,350.706,895.371
2025-11-22 15:00:54,mlx5_2,0.000,0.000,0.000,0.000
2025-11-22 15:00:54,mlx5_3,0.000,0.000,0.000,0.000
2025-11-22 15:00:54,mlx5_4,0.000,0.000,0.000,0.000
2025-11-22 15:00:54,mlx5_5,0.000,0.000,353.705,922.632
2025-11-22 15:00:54,mlx5_6,0.000,0.000,0.000,0.000
2025-11-22 15:00:54,mlx5_7,0.000,0.000,0.000,0.000
2025-11-22 15:00:54,mlx5_8,0.000,0.000,0.000,0.000
2025-11-22 15:00:54,mlx5_9,0.000,0.000,0.000,0.000
2025-11-22 15:00:54,TOTAL,0.000,0.000,704.411,1818.003
2025-11-22 15:00:55,mlx5_0,0.000,0.000,0.000,0.000
2025-11-22 15:00:55,mlx5_1,19.043,0.024,353.098,895.374
2025-11-22 15:00:55,mlx5_2,0.000,0.000,0.000,0.000
2025-11-22 15:00:55,mlx5_3,0.000,0.000,0.000,0.000
2025-11-22 15:00:55,mlx5_4,0.000,0.000,0.000,0.000
2025-11-22 15:00:55,mlx5_5,18.910,0.024,356.081,922.635
2025-11-22 15:00:55,mlx5_6,0.000,0.000,0.000,0.000
2025-11-22 15:00:55,mlx5_7,0.000,0.000,0.000,0.000
2025-11-22 15:00:55,mlx5_8,0.000,0.000,0.000,0.000
2025-11-22 15:00:55,mlx5_9,0.000,0.000,0.000,0.000
2025-11-22 15:00:55,TOTAL,37.954,0.047,709.179,1818.009
2025-11-22 15:00:56,mlx5_0,0.000,0.000,0.000,0.000
2025-11-22 15:00:56,mlx5_1,0.000,0.000,353.098,895.374
2025-11-22 15:00:56,mlx5_2,0.000,0.000,0.000,0.000
2025-11-22 15:00:56,mlx5_3,0.000,0.000,0.000,0.000
2025-11-22 15:00:56,mlx5_4,0.000,0.000,0.000,0.000
2025-11-22 15:00:56,mlx5_5,0.000,0.000,356.081,922.635
2025-11-22 15:00:56,mlx5_6,0.000,0.000,0.000,0.000
2025-11-22 15:00:56,mlx5_7,0.000,0.000,0.000,0.000
2025-11-22 15:00:56,mlx5_8,0.000,0.000,0.000,0.000
2025-11-22 15:00:56,mlx5_9,0.000,0.000,0.000,0.000
2025-11-22 15:00:56,TOTAL,0.000,0.000,709.179,1818.009
2025-11-22 15:00:57,mlx5_0,0.000,0.000,0.000,0.000
2025-11-22 15:00:57,mlx5_1,0.000,0.000,353.098,895.374
2025-11-22 15:00:57,mlx5_2,0.000,0.000,0.000,0.000
2025-11-22 15:00:57,mlx5_3,0.000,0.000,0.000,0.000
2025-11-22 15:00:57,mlx5_4,0.000,0.000,0.000,0.000
2025-11-22 15:00:57,mlx5_5,0.000,0.000,356.081,922.635
2025-11-22 15:00:57,mlx5_6,0.000,0.000,0.000,0.000
2025-11-22 15:00:57,mlx5_7,0.000,0.000,0.000,0.000
2025-11-22 15:00:57,mlx5_8,0.000,0.000,0.000,0.000
2025-11-22 15:00:57,mlx5_9,0.000,0.000,0.000,0.000
2025-11-22 15:00:57,TOTAL,0.000,0.000,709.179,1818.009
2025-11-22 15:00:58,mlx5_0,0.000,0.000,0.000,0.000
2025-11-22 15:00:58,mlx5_1,18.613,0.022,355.436,895.376
2025-11-22 15:00:58,mlx5_2,0.000,0.000,0.000,0.000
2025-11-22 15:00:58,mlx5_3,0.000,0.000,0.000,0.000
2025-11-22 15:00:58,mlx5_4,0.000,0.000,0.000,0.000
2025-11-22 15:00:58,mlx5_5,18.616,0.023,358.419,922.638
2025-11-22 15:00:58,mlx5_6,0.000,0.000,0.000,0.000
2025-11-22 15:00:58,mlx5_7,0.000,0.000,0.000,0.000
2025-11-22 15:00:58,mlx5_8,0.000,0.000,0.000,0.000
2025-11-22 15:00:58,mlx5_9,0.000,0.000,0.000,0.000
2025-11-22 15:00:58,TOTAL,37.229,0.045,713.855,1818.014
2025-11-22 15:00:59,mlx5_0,0.000,0.000,0.000,0.000
2025-11-22 15:00:59,mlx5_1,0.000,0.000,355.436,895.376
2025-11-22 15:00:59,mlx5_2,0.000,0.000,0.000,0.000
2025-11-22 15:00:59,mlx5_3,0.000,0.000,0.000,0.000
2025-11-22 15:00:59,mlx5_4,0.000,0.000,0.000,0.000
2025-11-22 15:00:59,mlx5_5,0.000,0.000,358.419,922.638
2025-11-22 15:00:59,mlx5_6,0.000,0.000,0.000,0.000
2025-11-22 15:00:59,mlx5_7,0.000,0.000,0.000,0.000
2025-11-22 15:00:59,mlx5_8,0.000,0.000,0.000,0.000
2025-11-22 15:00:59,mlx5_9,0.000,0.000,0.000,0.000
2025-11-22 15:00:59,TOTAL,0.000,0.000,713.855,1818.014
2025-11-22 15:01:00,mlx5_0,0.000,0.000,0.000,0.000
2025-11-22 15:01:00,mlx5_1,0.000,0.000,355.436,895.376
2025-11-22 15:01:00,mlx5_2,0.000,0.000,0.000,0.000
2025-11-22 15:01:00,mlx5_3,0.000,0.000,0.000,0.000
2025-11-22 15:01:00,mlx5_4,0.000,0.000,0.000,0.000
2025-11-22 15:01:00,mlx5_5,0.000,0.000,358.419,922.638
2025-11-22 15:01:00,mlx5_6,0.000,0.000,0.000,0.000
2025-11-22 15:01:00,mlx5_7,0.000,0.000,0.000,0.000
2025-11-22 15:01:00,mlx5_8,0.000,0.000,0.000,0.000
2025-11-22 15:01:00,mlx5_9,0.000,0.000,0.000,0.000
2025-11-22 15:01:00,TOTAL,0.000,0.000,713.855,1818.014
2025-11-22 15:01:01,mlx5_0,0.000,0.000,0.000,0.000
2025-11-22 15:01:01,mlx5_1,0.000,0.000,355.436,895.376
2025-11-22 15:01:01,mlx5_2,0.000,0.000,0.000,0.000
2025-11-22 15:01:01,mlx5_3,0.000,0.000,0.000,0.000
2025-11-22 15:01:01,mlx5_4,0.000,0.000,0.000,0.000
2025-11-22 15:01:01,mlx5_5,0.000,0.000,358.419,922.638
2025-11-22 15:01:01,mlx5_6,0.000,0.000,0.000,0.000
2025-11-22 15:01:01,mlx5_7,0.000,0.000,0.000,0.000
2025-11-22 15:01:01,mlx5_8,0.000,0.000,0.000,0.000
2025-11-22 15:01:01,mlx5_9,0.000,0.000,0.000,0.000
2025-11-22 15:01:01,TOTAL,0.000,0.000,713.855,1818.014
2025-11-22 15:01:02,mlx5_0,0.000,0.000,0.000,0.000
2025-11-22 15:01:02,mlx5_1,18.533,0.022,357.764,895.379
2025-11-22 15:01:02,mlx5_2,0.000,0.000,0.000,0.000
2025-11-22 15:01:02,mlx5_3,0.000,0.000,0.000,0.000
2025-11-22 15:01:02,mlx5_4,0.000,0.000,0.000,0.000
2025-11-22 15:01:02,mlx5_5,18.692,0.023,360.767,922.641
2025-11-22 15:01:02,mlx5_6,0.000,0.000,0.000,0.000
2025-11-22 15:01:02,mlx5_7,0.000,0.000,0.000,0.000
2025-11-22 15:01:02,mlx5_8,0.000,0.000,0.000,0.000
2025-11-22 15:01:02,mlx5_9,0.000,0.000,0.000,0.000
2025-11-22 15:01:02,TOTAL,37.226,0.045,718.531,1818.020
2025-11-22 15:01:03,mlx5_0,0.000,0.000,0.000,0.000
2025-11-22 15:01:03,mlx5_1,0.000,0.000,357.764,895.379
2025-11-22 15:01:03,mlx5_2,0.000,0.000,0.000,0.000
2025-11-22 15:01:03,mlx5_3,0.000,0.000,0.000,0.000
2025-11-22 15:01:03,mlx5_4,0.000,0.000,0.000,0.000
2025-11-22 15:01:03,mlx5_5,0.000,0.000,360.767,922.641
2025-11-22 15:01:03,mlx5_6,0.000,0.000,0.000,0.000
2025-11-22 15:01:03,mlx5_7,0.000,0.000,0.000,0.000
2025-11-22 15:01:03,mlx5_8,0.000,0.000,0.000,0.000
2025-11-22 15:01:03,mlx5_9,0.000,0.000,0.000,0.000
2025-11-22 15:01:03,TOTAL,0.000,0.000,718.531,1818.020
2025-11-22 15:01:04,mlx5_0,0.000,0.000,0.000,0.000
2025-11-22 15:01:04,mlx5_1,0.000,0.000,357.764,895.379
2025-11-22 15:01:04,mlx5_2,0.000,0.000,0.000,0.000
2025-11-22 15:01:04,mlx5_3,0.000,0.000,0.000,0.000
2025-11-22 15:01:04,mlx5_4,0.000,0.000,0.000,0.000
2025-11-22 15:01:04,mlx5_5,0.000,0.000,360.767,922.641
2025-11-22 15:01:04,mlx5_6,0.000,0.000,0.000,0.000
2025-11-22 15:01:04,mlx5_7,0.000,0.000,0.000,0.000
2025-11-22 15:01:04,mlx5_8,0.000,0.000,0.000,0.000
2025-11-22 15:01:04,mlx5_9,0.000,0.000,0.000,0.000
2025-11-22 15:01:04,TOTAL,0.000,0.000,718.531,1818.020
2025-11-22 15:01:05,mlx5_0,0.000,0.000,0.000,0.000
2025-11-22 15:01:05,mlx5_1,0.000,0.000,357.764,895.379
2025-11-22 15:01:05,mlx5_2,0.000,0.000,0.000,0.000
2025-11-22 15:01:05,mlx5_3,0.000,0.000,0.000,0.000
2025-11-22 15:01:05,mlx5_4,0.000,0.000,0.000,0.000
2025-11-22 15:01:05,mlx5_5,0.000,0.000,360.767,922.641
2025-11-22 15:01:05,mlx5_6,0.000,0.000,0.000,0.000
2025-11-22 15:01:05,mlx5_7,0.000,0.000,0.000,0.000
2025-11-22 15:01:05,mlx5_8,0.000,0.000,0.000,0.000
2025-11-22 15:01:05,mlx5_9,0.000,0.000,0.000,0.000
2025-11-22 15:01:05,TOTAL,0.000,0.000,718.531,1818.020
2025-11-22 15:01:06,mlx5_0,0.000,0.000,0.000,0.000
2025-11-22 15:01:06,mlx5_1,18.705,0.022,360.113,895.382
2025-11-22 15:01:06,mlx5_2,0.000,0.000,0.000,0.000
2025-11-22 15:01:06,mlx5_3,0.000,0.000,0.000,0.000
2025-11-22 15:01:06,mlx5_4,0.000,0.000,0.000,0.000
2025-11-22 15:01:06,mlx5_5,18.523,0.023,363.094,922.644
2025-11-22 15:01:06,mlx5_6,0.000,0.000,0.000,0.000
2025-11-22 15:01:06,mlx5_7,0.000,0.000,0.000,0.000
2025-11-22 15:01:06,mlx5_8,0.000,0.000,0.000,0.000
2025-11-22 15:01:06,mlx5_9,0.000,0.000,0.000,0.000
2025-11-22 15:01:06,TOTAL,37.227,0.045,723.207,1818.026
2025-11-22 15:01:07,mlx5_0,0.000,0.000,0.000,0.000
2025-11-22 15:01:07,mlx5_1,0.000,0.000,360.113,895.382
2025-11-22 15:01:07,mlx5_2,0.000,0.000,0.000,0.000
2025-11-22 15:01:07,mlx5_3,0.000,0.000,0.000,0.000
2025-11-22 15:01:07,mlx5_4,0.000,0.000,0.000,0.000
2025-11-22 15:01:07,mlx5_5,0.000,0.000,363.094,922.644
2025-11-22 15:01:07,mlx5_6,0.000,0.000,0.000,0.000
2025-11-22 15:01:07,mlx5_7,0.000,0.000,0.000,0.000
2025-11-22 15:01:07,mlx5_8,0.000,0.000,0.000,0.000
2025-11-22 15:01:07,mlx5_9,0.000,0.000,0.000,0.000
2025-11-22 15:01:07,TOTAL,0.000,0.000,723.207,1818.026
2025-11-22 15:01:08,mlx5_0,0.000,0.000,0.000,0.000
2025-11-22 15:01:08,mlx5_1,0.000,0.000,360.113,895.382
2025-11-22 15:01:08,mlx5_2,0.000,0.000,0.000,0.000
2025-11-22 15:01:08,mlx5_3,0.000,0.000,0.000,0.000
2025-11-22 15:01:08,mlx5_4,0.000,0.000,0.000,0.000
2025-11-22 15:01:08,mlx5_5,0.000,0.000,363.094,922.644
2025-11-22 15:01:08,mlx5_6,0.000,0.000,0.000,0.000
2025-11-22 15:01:08,mlx5_7,0.000,0.000,0.000,0.000
2025-11-22 15:01:08,mlx5_8,0.000,0.000,0.000,0.000
2025-11-22 15:01:08,mlx5_9,0.000,0.000,0.000,0.000
2025-11-22 15:01:08,TOTAL,0.000,0.000,723.207,1818.026
2025-11-22 15:01:09,mlx5_0,0.000,0.000,0.000,0.000
2025-11-22 15:01:09,mlx5_1,0.000,0.000,360.113,895.382
2025-11-22 15:01:09,mlx5_2,0.000,0.000,0.000,0.000
2025-11-22 15:01:09,mlx5_3,0.000,0.000,0.000,0.000
2025-11-22 15:01:09,mlx5_4,0.000,0.000,0.000,0.000
2025-11-22 15:01:09,mlx5_5,0.000,0.000,363.094,922.644
2025-11-22 15:01:09,mlx5_6,0.000,0.000,0.000,0.000
2025-11-22 15:01:09,mlx5_7,0.000,0.000,0.000,0.000
2025-11-22 15:01:09,mlx5_8,0.000,0.000,0.000,0.000
2025-11-22 15:01:09,mlx5_9,0.000,0.000,0.000,0.000
2025-11-22 15:01:09,TOTAL,0.000,0.000,723.207,1818.026
2025-11-22 15:01:10,mlx5_0,0.000,0.000,0.000,0.000
2025-11-22 15:01:10,mlx5_1,18.590,0.022,362.449,895.385
2025-11-22 15:01:10,mlx5_2,0.000,0.000,0.000,0.000
2025-11-22 15:01:10,mlx5_3,0.000,0.000,0.000,0.000
2025-11-22 15:01:10,mlx5_4,0.000,0.000,0.000,0.000
2025-11-22 15:01:10,mlx5_5,18.634,0.023,365.434,922.647
2025-11-22 15:01:10,mlx5_6,0.000,0.000,0.000,0.000
2025-11-22 15:01:10,mlx5_7,0.000,0.000,0.000,0.000
2025-11-22 15:01:10,mlx5_8,0.000,0.000,0.000,0.000
2025-11-22 15:01:10,mlx5_9,0.000,0.000,0.000,0.000
2025-11-22 15:01:10,TOTAL,37.224,0.045,727.883,1818.031
2025-11-22 15:01:11,mlx5_0,0.000,0.000,0.000,0.000
2025-11-22 15:01:11,mlx5_1,0.000,0.000,362.449,895.385
2025-11-22 15:01:11,mlx5_2,0.000,0.000,0.000,0.000
2025-11-22 15:01:11,mlx5_3,0.000,0.000,0.000,0.000
2025-11-22 15:01:11,mlx5_4,0.000,0.000,0.000,0.000
2025-11-22 15:01:11,mlx5_5,0.000,0.000,365.434,922.647
2025-11-22 15:01:11,mlx5_6,0.000,0.000,0.000,0.000
2025-11-22 15:01:11,mlx5_7,0.000,0.000,0.000,0.000
2025-11-22 15:01:11,mlx5_8,0.000,0.000,0.000,0.000
2025-11-22 15:01:11,mlx5_9,0.000,0.000,0.000,0.000
2025-11-22 15:01:11,TOTAL,0.000,0.000,727.883,1818.031
2025-11-22 15:01:12,mlx5_0,0.000,0.000,0.000,0.000
2025-11-22 15:01:12,mlx5_1,0.000,0.000,362.449,895.385
2025-11-22 15:01:12,mlx5_2,0.000,0.000,0.000,0.000
2025-11-22 15:01:12,mlx5_3,0.000,0.000,0.000,0.000
2025-11-22 15:01:12,mlx5_4,0.000,0.000,0.000,0.000
2025-11-22 15:01:12,mlx5_5,0.000,0.000,365.435,922.647
2025-11-22 15:01:12,mlx5_6,0.000,0.000,0.000,0.000
2025-11-22 15:01:12,mlx5_7,0.000,0.000,0.000,0.000
2025-11-22 15:01:12,mlx5_8,0.000,0.000,0.000,0.000
2025-11-22 15:01:12,mlx5_9,0.000,0.000,0.000,0.000
2025-11-22 15:01:12,TOTAL,0.000,0.000,727.883,1818.031
2025-11-22 15:01:13,mlx5_0,0.000,0.000,0.000,0.000
2025-11-22 15:01:13,mlx5_1,0.000,0.000,362.449,895.385
2025-11-22 15:01:13,mlx5_2,0.000,0.000,0.000,0.000
2025-11-22 15:01:13,mlx5_3,0.000,0.000,0.000,0.000
2025-11-22 15:01:13,mlx5_4,0.000,0.000,0.000,0.000
2025-11-22 15:01:13,mlx5_5,0.000,0.000,365.435,922.647
2025-11-22 15:01:13,mlx5_6,0.000,0.000,0.000,0.000
2025-11-22 15:01:13,mlx5_7,0.000,0.000,0.000,0.000
2025-11-22 15:01:13,mlx5_8,0.000,0.000,0.000,0.000
2025-11-22 15:01:13,mlx5_9,0.000,0.000,0.000,0.000
2025-11-22 15:01:13,TOTAL,0.000,0.000,727.883,1818.031
2025-11-22 15:01:14,mlx5_0,0.000,0.000,0.000,0.000
2025-11-22 15:01:14,mlx5_1,0.000,0.000,362.449,895.385
2025-11-22 15:01:14,mlx5_2,0.000,0.000,0.000,0.000
2025-11-22 15:01:14,mlx5_3,0.000,0.000,0.000,0.000
2025-11-22 15:01:14,mlx5_4,0.000,0.000,0.000,0.000
2025-11-22 15:01:14,mlx5_5,0.000,0.000,365.435,922.647
2025-11-22 15:01:14,mlx5_6,0.000,0.000,0.000,0.000
2025-11-22 15:01:14,mlx5_7,0.000,0.000,0.000,0.000
2025-11-22 15:01:14,mlx5_8,0.000,0.000,0.000,0.000
2025-11-22 15:01:14,mlx5_9,0.000,0.000,0.000,0.000
2025-11-22 15:01:14,TOTAL,0.000,0.000,727.883,1818.031
2025-11-22 15:01:15,mlx5_0,0.000,0.000,0.000,0.000
2025-11-22 15:01:15,mlx5_1,19.080,110.975,364.846,909.326
2025-11-22 15:01:15,mlx5_2,0.000,0.000,0.000,0.000
2025-11-22 15:01:15,mlx5_3,0.000,0.000,0.000,0.000
2025-11-22 15:01:15,mlx5_4,0.000,0.000,0.000,0.000
2025-11-22 15:01:15,mlx5_5,19.430,115.604,367.875,937.170
2025-11-22 15:01:15,mlx5_6,0.000,0.000,0.000,0.000
2025-11-22 15:01:15,mlx5_7,0.000,0.000,0.000,0.000
2025-11-22 15:01:15,mlx5_8,0.000,0.000,0.000,0.000
2025-11-22 15:01:15,mlx5_9,0.000,0.000,0.000,0.000
2025-11-22 15:01:15,TOTAL,38.510,226.579,732.721,1846.496
2025-11-22 15:01:16,mlx5_0,0.000,0.000,0.000,0.000
2025-11-22 15:01:16,mlx5_1,0.000,0.000,364.846,909.326
2025-11-22 15:01:16,mlx5_2,0.000,0.000,0.000,0.000
2025-11-22 15:01:16,mlx5_3,0.000,0.000,0.000,0.000
2025-11-22 15:01:16,mlx5_4,0.000,0.000,0.000,0.000
2025-11-22 15:01:16,mlx5_5,0.000,0.000,367.875,937.170
2025-11-22 15:01:16,mlx5_6,0.000,0.000,0.000,0.000
2025-11-22 15:01:16,mlx5_7,0.000,0.000,0.000,0.000
2025-11-22 15:01:16,mlx5_8,0.000,0.000,0.000,0.000
2025-11-22 15:01:16,mlx5_9,0.000,0.000,0.000,0.000
2025-11-22 15:01:16,TOTAL,0.000,0.000,732.721,1846.496
2025-11-22 15:01:17,mlx5_0,0.000,0.000,0.000,0.000
2025-11-22 15:01:17,mlx5_1,0.000,0.000,364.846,909.326
2025-11-22 15:01:17,mlx5_2,0.000,0.000,0.000,0.000
2025-11-22 15:01:17,mlx5_3,0.000,0.000,0.000,0.000
2025-11-22 15:01:17,mlx5_4,0.000,0.000,0.000,0.000
2025-11-22 15:01:17,mlx5_5,0.000,0.000,367.875,937.170
2025-11-22 15:01:17,mlx5_6,0.000,0.000,0.000,0.000
2025-11-22 15:01:17,mlx5_7,0.000,0.000,0.000,0.000
2025-11-22 15:01:17,mlx5_8,0.000,0.000,0.000,0.000
2025-11-22 15:01:17,mlx5_9,0.000,0.000,0.000,0.000
2025-11-22 15:01:17,TOTAL,0.000,0.000,732.721,1846.496
2025-11-22 15:01:18,mlx5_0,0.000,0.000,0.000,0.000
2025-11-22 15:01:18,mlx5_1,0.000,0.000,364.846,909.326
2025-11-22 15:01:18,mlx5_2,0.000,0.000,0.000,0.000
2025-11-22 15:01:18,mlx5_3,0.000,0.000,0.000,0.000
2025-11-22 15:01:18,mlx5_4,0.000,0.000,0.000,0.000
2025-11-22 15:01:18,mlx5_5,0.000,0.000,367.875,937.170
2025-11-22 15:01:18,mlx5_6,0.000,0.000,0.000,0.000
2025-11-22 15:01:18,mlx5_7,0.000,0.000,0.000,0.000
2025-11-22 15:01:18,mlx5_8,0.000,0.000,0.000,0.000
2025-11-22 15:01:18,mlx5_9,0.000,0.000,0.000,0.000
2025-11-22 15:01:18,TOTAL,0.000,0.000,732.721,1846.496
2025-11-22 15:01:19,mlx5_0,0.000,0.000,0.000,0.000
2025-11-22 15:01:19,mlx5_1,0.000,0.000,364.846,909.326
2025-11-22 15:01:19,mlx5_2,0.000,0.000,0.000,0.000
2025-11-22 15:01:19,mlx5_3,0.000,0.000,0.000,0.000
2025-11-22 15:01:19,mlx5_4,0.000,0.000,0.000,0.000
2025-11-22 15:01:19,mlx5_5,0.000,0.000,367.875,937.170
2025-11-22 15:01:19,mlx5_6,0.000,0.000,0.000,0.000
2025-11-22 15:01:19,mlx5_7,0.000,0.000,0.000,0.000
2025-11-22 15:01:19,mlx5_8,0.000,0.000,0.000,0.000
2025-11-22 15:01:19,mlx5_9,0.000,0.000,0.000,0.000
2025-11-22 15:01:19,TOTAL,0.000,0.000,732.721,1846.496
2025-11-22 15:01:20,mlx5_0,0.000,0.000,0.000,0.000
2025-11-22 15:01:20,mlx5_1,17.724,0.022,367.072,909.329
2025-11-22 15:01:20,mlx5_2,0.000,0.000,0.000,0.000
2025-11-22 15:01:20,mlx5_3,0.000,0.000,0.000,0.000
2025-11-22 15:01:20,mlx5_4,0.000,0.000,0.000,0.000
2025-11-22 15:01:20,mlx5_5,17.907,0.022,370.125,937.173
2025-11-22 15:01:20,mlx5_6,0.000,0.000,0.000,0.000
2025-11-22 15:01:20,mlx5_7,0.000,0.000,0.000,0.000
2025-11-22 15:01:20,mlx5_8,0.000,0.000,0.000,0.000
2025-11-22 15:01:20,mlx5_9,0.000,0.000,0.000,0.000
2025-11-22 15:01:20,TOTAL,35.631,0.044,737.196,1846.502
2025-11-22 15:01:21,mlx5_0,0.000,0.000,0.000,0.000
2025-11-22 15:01:21,mlx5_1,0.000,0.000,367.072,909.329
2025-11-22 15:01:21,mlx5_2,0.000,0.000,0.000,0.000
2025-11-22 15:01:21,mlx5_3,0.000,0.000,0.000,0.000
2025-11-22 15:01:21,mlx5_4,0.000,0.000,0.000,0.000
2025-11-22 15:01:21,mlx5_5,0.000,0.000,370.125,937.173
2025-11-22 15:01:21,mlx5_6,0.000,0.000,0.000,0.000
2025-11-22 15:01:21,mlx5_7,0.000,0.000,0.000,0.000
2025-11-22 15:01:21,mlx5_8,0.000,0.000,0.000,0.000
2025-11-22 15:01:21,mlx5_9,0.000,0.000,0.000,0.000
2025-11-22 15:01:21,TOTAL,0.000,0.000,737.196,1846.502
2025-11-22 15:01:22,mlx5_0,0.000,0.000,0.000,0.000
2025-11-22 15:01:22,mlx5_1,0.000,0.000,367.072,909.329
2025-11-22 15:01:22,mlx5_2,0.000,0.000,0.000,0.000
2025-11-22 15:01:22,mlx5_3,0.000,0.000,0.000,0.000
2025-11-22 15:01:22,mlx5_4,0.000,0.000,0.000,0.000
2025-11-22 15:01:22,mlx5_5,0.000,0.000,370.125,937.173
2025-11-22 15:01:22,mlx5_6,0.000,0.000,0.000,0.000
2025-11-22 15:01:22,mlx5_7,0.000,0.000,0.000,0.000
2025-11-22 15:01:22,mlx5_8,0.000,0.000,0.000,0.000
2025-11-22 15:01:22,mlx5_9,0.000,0.000,0.000,0.000
2025-11-22 15:01:22,TOTAL,0.000,0.000,737.196,1846.502
2025-11-22 15:01:23,mlx5_0,0.000,0.000,0.000,0.000
2025-11-22 15:01:23,mlx5_1,18.473,0.022,369.393,909.332
2025-11-22 15:01:23,mlx5_2,0.000,0.000,0.000,0.000
2025-11-22 15:01:23,mlx5_3,0.000,0.000,0.000,0.000
2025-11-22 15:01:23,mlx5_4,0.000,0.000,0.000,0.000
2025-11-22 15:01:23,mlx5_5,18.749,0.023,372.480,937.175
2025-11-22 15:01:23,mlx5_6,0.000,0.000,0.000,0.000
2025-11-22 15:01:23,mlx5_7,0.000,0.000,0.000,0.000
2025-11-22 15:01:23,mlx5_8,0.000,0.000,0.000,0.000
2025-11-22 15:01:23,mlx5_9,0.000,0.000,0.000,0.000
2025-11-22 15:01:23,TOTAL,37.221,0.045,741.873,1846.507
2025-11-22 15:01:24,mlx5_0,0.000,0.000,0.000,0.000
2025-11-22 15:01:24,mlx5_1,0.000,0.000,369.393,909.332
2025-11-22 15:01:24,mlx5_2,0.000,0.000,0.000,0.000
2025-11-22 15:01:24,mlx5_3,0.000,0.000,0.000,0.000
2025-11-22 15:01:24,mlx5_4,0.000,0.000,0.000,0.000
2025-11-22 15:01:24,mlx5_5,0.000,0.000,372.480,937.175
2025-11-22 15:01:24,mlx5_6,0.000,0.000,0.000,0.000
2025-11-22 15:01:24,mlx5_7,0.000,0.000,0.000,0.000
2025-11-22 15:01:24,mlx5_8,0.000,0.000,0.000,0.000
2025-11-22 15:01:24,mlx5_9,0.000,0.000,0.000,0.000
2025-11-22 15:01:24,TOTAL,0.000,0.000,741.873,1846.507
2025-11-22 15:01:25,mlx5_0,0.000,0.000,0.000,0.000
2025-11-22 15:01:25,mlx5_1,0.000,0.000,369.393,909.332
2025-11-22 15:01:25,mlx5_2,0.000,0.000,0.000,0.000
2025-11-22 15:01:25,mlx5_3,0.000,0.000,0.000,0.000
2025-11-22 15:01:25,mlx5_4,0.000,0.000,0.000,0.000
2025-11-22 15:01:25,mlx5_5,0.000,0.000,372.480,937.175
2025-11-22 15:01:25,mlx5_6,0.000,0.000,0.000,0.000
2025-11-22 15:01:25,mlx5_7,0.000,0.000,0.000,0.000
2025-11-22 15:01:25,mlx5_8,0.000,0.000,0.000,0.000
2025-11-22 15:01:25,mlx5_9,0.000,0.000,0.000,0.000
2025-11-22 15:01:25,TOTAL,0.000,0.000,741.873,1846.507
2025-11-22 15:01:26,mlx5_0,0.000,0.000,0.000,0.000
2025-11-22 15:01:26,mlx5_1,18.654,0.022,371.736,909.335
2025-11-22 15:01:26,mlx5_2,0.000,0.000,0.000,0.000
2025-11-22 15:01:26,mlx5_3,0.000,0.000,0.000,0.000
2025-11-22 15:01:26,mlx5_4,0.000,0.000,0.000,0.000
2025-11-22 15:01:26,mlx5_5,18.575,0.023,374.813,937.178
2025-11-22 15:01:26,mlx5_6,0.000,0.000,0.000,0.000
2025-11-22 15:01:26,mlx5_7,0.000,0.000,0.000,0.000
2025-11-22 15:01:26,mlx5_8,0.000,0.000,0.000,0.000
2025-11-22 15:01:26,mlx5_9,0.000,0.000,0.000,0.000
2025-11-22 15:01:26,TOTAL,37.228,0.045,746.549,1846.513
2025-11-22 15:01:27,mlx5_0,0.000,0.000,0.000,0.000
2025-11-22 15:01:27,mlx5_1,0.000,0.000,371.736,909.335
2025-11-22 15:01:27,mlx5_2,0.000,0.000,0.000,0.000
2025-11-22 15:01:27,mlx5_3,0.000,0.000,0.000,0.000
2025-11-22 15:01:27,mlx5_4,0.000,0.000,0.000,0.000
2025-11-22 15:01:27,mlx5_5,0.000,0.000,374.813,937.178
2025-11-22 15:01:27,mlx5_6,0.000,0.000,0.000,0.000
2025-11-22 15:01:27,mlx5_7,0.000,0.000,0.000,0.000
2025-11-22 15:01:27,mlx5_8,0.000,0.000,0.000,0.000
2025-11-22 15:01:27,mlx5_9,0.000,0.000,0.000,0.000
2025-11-22 15:01:27,TOTAL,0.000,0.000,746.549,1846.513
2025-11-22 15:01:28,mlx5_0,0.000,0.000,0.000,0.000
2025-11-22 15:01:28,mlx5_1,0.000,0.000,371.736,909.335
2025-11-22 15:01:28,mlx5_2,0.000,0.000,0.000,0.000
2025-11-22 15:01:28,mlx5_3,0.000,0.000,0.000,0.000
2025-11-22 15:01:28,mlx5_4,0.000,0.000,0.000,0.000
2025-11-22 15:01:28,mlx5_5,0.000,0.000,374.813,937.178
2025-11-22 15:01:28,mlx5_6,0.000,0.000,0.000,0.000
2025-11-22 15:01:28,mlx5_7,0.000,0.000,0.000,0.000
2025-11-22 15:01:28,mlx5_8,0.000,0.000,0.000,0.000
2025-11-22 15:01:28,mlx5_9,0.000,0.000,0.000,0.000
2025-11-22 15:01:28,TOTAL,0.000,0.000,746.549,1846.513
2025-11-22 15:01:29,mlx5_0,0.000,0.000,0.000,0.000
2025-11-22 15:01:29,mlx5_1,0.000,0.000,371.736,909.335
2025-11-22 15:01:29,mlx5_2,0.000,0.000,0.000,0.000
2025-11-22 15:01:29,mlx5_3,0.000,0.000,0.000,0.000
2025-11-22 15:01:29,mlx5_4,0.000,0.000,0.000,0.000
2025-11-22 15:01:29,mlx5_5,0.000,0.000,374.813,937.178
2025-11-22 15:01:29,mlx5_6,0.000,0.000,0.000,0.000
2025-11-22 15:01:29,mlx5_7,0.000,0.000,0.000,0.000
2025-11-22 15:01:29,mlx5_8,0.000,0.000,0.000,0.000
2025-11-22 15:01:29,mlx5_9,0.000,0.000,0.000,0.000
2025-11-22 15:01:29,TOTAL,0.000,0.000,746.549,1846.513
2025-11-22 15:01:30,mlx5_0,0.000,0.000,0.000,0.000
2025-11-22 15:01:30,mlx5_1,18.601,0.022,374.072,909.337
2025-11-22 15:01:30,mlx5_2,0.000,0.000,0.000,0.000
2025-11-22 15:01:30,mlx5_3,0.000,0.000,0.000,0.000
2025-11-22 15:01:30,mlx5_4,0.000,0.000,0.000,0.000
2025-11-22 15:01:30,mlx5_5,18.624,0.023,377.152,937.181
2025-11-22 15:01:30,mlx5_6,0.000,0.000,0.000,0.000
2025-11-22 15:01:30,mlx5_7,0.000,0.000,0.000,0.000
2025-11-22 15:01:30,mlx5_8,0.000,0.000,0.000,0.000
2025-11-22 15:01:30,mlx5_9,0.000,0.000,0.000,0.000
2025-11-22 15:01:30,TOTAL,37.225,0.045,751.225,1846.519
2025-11-22 15:01:31,mlx5_0,0.000,0.000,0.000,0.000
2025-11-22 15:01:31,mlx5_1,0.000,0.000,374.072,909.337
2025-11-22 15:01:31,mlx5_2,0.000,0.000,0.000,0.000
2025-11-22 15:01:31,mlx5_3,0.000,0.000,0.000,0.000
2025-11-22 15:01:31,mlx5_4,0.000,0.000,0.000,0.000
2025-11-22 15:01:31,mlx5_5,0.000,0.000,377.152,937.181
2025-11-22 15:01:31,mlx5_6,0.000,0.000,0.000,0.000
2025-11-22 15:01:31,mlx5_7,0.000,0.000,0.000,0.000
2025-11-22 15:01:31,mlx5_8,0.000,0.000,0.000,0.000
2025-11-22 15:01:31,mlx5_9,0.000,0.000,0.000,0.000
2025-11-22 15:01:31,TOTAL,0.000,0.000,751.225,1846.519
2025-11-22 15:01:32,mlx5_0,0.000,0.000,0.000,0.000
2025-11-22 15:01:32,mlx5_1,0.000,0.000,374.072,909.337
2025-11-22 15:01:32,mlx5_2,0.000,0.000,0.000,0.000
2025-11-22 15:01:32,mlx5_3,0.000,0.000,0.000,0.000
2025-11-22 15:01:32,mlx5_4,0.000,0.000,0.000,0.000
2025-11-22 15:01:32,mlx5_5,0.000,0.000,377.152,937.181
2025-11-22 15:01:32,mlx5_6,0.000,0.000,0.000,0.000
2025-11-22 15:01:32,mlx5_7,0.000,0.000,0.000,0.000
2025-11-22 15:01:32,mlx5_8,0.000,0.000,0.000,0.000
2025-11-22 15:01:32,mlx5_9,0.000,0.000,0.000,0.000
2025-11-22 15:01:32,TOTAL,0.000,0.000,751.225,1846.519
2025-11-22 15:01:33,mlx5_0,0.000,0.000,0.000,0.000
2025-11-22 15:01:33,mlx5_1,0.000,0.000,374.072,909.337
2025-11-22 15:01:33,mlx5_2,0.000,0.000,0.000,0.000
2025-11-22 15:01:33,mlx5_3,0.000,0.000,0.000,0.000
2025-11-22 15:01:33,mlx5_4,0.000,0.000,0.000,0.000
2025-11-22 15:01:33,mlx5_5,0.000,0.000,377.152,937.181
2025-11-22 15:01:33,mlx5_6,0.000,0.000,0.000,0.000
2025-11-22 15:01:33,mlx5_7,0.000,0.000,0.000,0.000
2025-11-22 15:01:33,mlx5_8,0.000,0.000,0.000,0.000
2025-11-22 15:01:33,mlx5_9,0.000,0.000,0.000,0.000
2025-11-22 15:01:33,TOTAL,0.000,0.000,751.225,1846.519
2025-11-22 15:01:34,mlx5_0,0.000,0.000,0.000,0.000
2025-11-22 15:01:34,mlx5_1,18.437,0.022,376.388,909.340
2025-11-22 15:01:34,mlx5_2,0.000,0.000,0.000,0.000
2025-11-22 15:01:34,mlx5_3,0.000,0.000,0.000,0.000
2025-11-22 15:01:34,mlx5_4,0.000,0.000,0.000,0.000
2025-11-22 15:01:34,mlx5_5,18.790,0.023,379.513,937.184
2025-11-22 15:01:34,mlx5_6,0.000,0.000,0.000,0.000
2025-11-22 15:01:34,mlx5_7,0.000,0.000,0.000,0.000
2025-11-22 15:01:34,mlx5_8,0.000,0.000,0.000,0.000
2025-11-22 15:01:34,mlx5_9,0.000,0.000,0.000,0.000
2025-11-22 15:01:34,TOTAL,37.227,0.045,755.901,1846.524
2025-11-22 15:01:35,mlx5_0,0.000,0.000,0.000,0.000
2025-11-22 15:01:35,mlx5_1,0.000,0.000,376.388,909.340
2025-11-22 15:01:35,mlx5_2,0.000,0.000,0.000,0.000
2025-11-22 15:01:35,mlx5_3,0.000,0.000,0.000,0.000
2025-11-22 15:01:35,mlx5_4,0.000,0.000,0.000,0.000
2025-11-22 15:01:35,mlx5_5,0.000,0.000,379.513,937.184
2025-11-22 15:01:35,mlx5_6,0.000,0.000,0.000,0.000
2025-11-22 15:01:35,mlx5_7,0.000,0.000,0.000,0.000
2025-11-22 15:01:35,mlx5_8,0.000,0.000,0.000,0.000
2025-11-22 15:01:35,mlx5_9,0.000,0.000,0.000,0.000
2025-11-22 15:01:35,TOTAL,0.000,0.000,755.901,1846.524
2025-11-22 15:01:36,mlx5_0,0.000,0.000,0.000,0.000
2025-11-22 15:01:36,mlx5_1,0.000,0.000,376.388,909.340
2025-11-22 15:01:36,mlx5_2,0.000,0.000,0.000,0.000
2025-11-22 15:01:36,mlx5_3,0.000,0.000,0.000,0.000
2025-11-22 15:01:36,mlx5_4,0.000,0.000,0.000,0.000
2025-11-22 15:01:36,mlx5_5,0.000,0.000,379.513,937.184
2025-11-22 15:01:36,mlx5_6,0.000,0.000,0.000,0.000
2025-11-22 15:01:36,mlx5_7,0.000,0.000,0.000,0.000
2025-11-22 15:01:36,mlx5_8,0.000,0.000,0.000,0.000
2025-11-22 15:01:36,mlx5_9,0.000,0.000,0.000,0.000
2025-11-22 15:01:36,TOTAL,0.000,0.000,755.901,1846.524
2025-11-22 15:01:37,mlx5_0,0.000,0.000,0.000,0.000
2025-11-22 15:01:37,mlx5_1,0.000,0.000,376.388,909.340
2025-11-22 15:01:37,mlx5_2,0.000,0.000,0.000,0.000
2025-11-22 15:01:37,mlx5_3,0.000,0.000,0.000,0.000
2025-11-22 15:01:37,mlx5_4,0.000,0.000,0.000,0.000
2025-11-22 15:01:37,mlx5_5,0.000,0.000,379.513,937.184
2025-11-22 15:01:37,mlx5_6,0.000,0.000,0.000,0.000
2025-11-22 15:01:37,mlx5_7,0.000,0.000,0.000,0.000
2025-11-22 15:01:37,mlx5_8,0.000,0.000,0.000,0.000
2025-11-22 15:01:37,mlx5_9,0.000,0.000,0.000,0.000
2025-11-22 15:01:37,TOTAL,0.000,0.000,755.901,1846.524
2025-11-22 15:01:38,mlx5_0,0.000,0.000,0.000,0.000
2025-11-22 15:01:38,mlx5_1,0.000,0.000,376.388,909.340
2025-11-22 15:01:38,mlx5_2,0.000,0.000,0.000,0.000
2025-11-22 15:01:38,mlx5_3,0.000,0.000,0.000,0.000
2025-11-22 15:01:38,mlx5_4,0.000,0.000,0.000,0.000
2025-11-22 15:01:38,mlx5_5,0.000,0.000,379.513,937.184
2025-11-22 15:01:38,mlx5_6,0.000,0.000,0.000,0.000
2025-11-22 15:01:38,mlx5_7,0.000,0.000,0.000,0.000
2025-11-22 15:01:38,mlx5_8,0.000,0.000,0.000,0.000
2025-11-22 15:01:38,mlx5_9,0.000,0.000,0.000,0.000
2025-11-22 15:01:38,TOTAL,0.000,0.000,755.901,1846.524
2025-11-22 15:01:39,mlx5_0,0.000,0.000,0.000,0.000
2025-11-22 15:01:39,mlx5_1,19.145,111.991,378.792,923.405
2025-11-22 15:01:39,mlx5_2,0.000,0.000,0.000,0.000
2025-11-22 15:01:39,mlx5_3,0.000,0.000,0.000,0.000
2025-11-22 15:01:39,mlx5_4,0.000,0.000,0.000,0.000
2025-11-22 15:01:39,mlx5_5,19.416,114.653,381.951,951.583
2025-11-22 15:01:39,mlx5_6,0.000,0.000,0.000,0.000
2025-11-22 15:01:39,mlx5_7,0.000,0.000,0.000,0.000
2025-11-22 15:01:39,mlx5_8,0.000,0.000,0.000,0.000
2025-11-22 15:01:39,mlx5_9,0.000,0.000,0.000,0.000
2025-11-22 15:01:39,TOTAL,38.561,226.645,760.744,1874.989
2025-11-22 15:01:40,mlx5_0,0.000,0.000,0.000,0.000
2025-11-22 15:01:40,mlx5_1,0.000,0.000,378.792,923.405
2025-11-22 15:01:40,mlx5_2,0.000,0.000,0.000,0.000
2025-11-22 15:01:40,mlx5_3,0.000,0.000,0.000,0.000
2025-11-22 15:01:40,mlx5_4,0.000,0.000,0.000,0.000
2025-11-22 15:01:40,mlx5_5,0.000,0.000,381.951,951.583
2025-11-22 15:01:40,mlx5_6,0.000,0.000,0.000,0.000
2025-11-22 15:01:40,mlx5_7,0.000,0.000,0.000,0.000
2025-11-22 15:01:40,mlx5_8,0.000,0.000,0.000,0.000
2025-11-22 15:01:40,mlx5_9,0.000,0.000,0.000,0.000
2025-11-22 15:01:40,TOTAL,0.000,0.000,760.744,1874.989
2025-11-22 15:01:41,mlx5_0,0.000,0.000,0.000,0.000
2025-11-22 15:01:41,mlx5_1,0.000,0.000,378.792,923.405
2025-11-22 15:01:41,mlx5_2,0.000,0.000,0.000,0.000
2025-11-22 15:01:41,mlx5_3,0.000,0.000,0.000,0.000
2025-11-22 15:01:41,mlx5_4,0.000,0.000,0.000,0.000
2025-11-22 15:01:41,mlx5_5,0.000,0.000,381.951,951.583
2025-11-22 15:01:41,mlx5_6,0.000,0.000,0.000,0.000
2025-11-22 15:01:41,mlx5_7,0.000,0.000,0.000,0.000
2025-11-22 15:01:41,mlx5_8,0.000,0.000,0.000,0.000
2025-11-22 15:01:41,mlx5_9,0.000,0.000,0.000,0.000
2025-11-22 15:01:41,TOTAL,0.000,0.000,760.744,1874.989
2025-11-22 15:01:42,mlx5_0,0.000,0.000,0.000,0.000
2025-11-22 15:01:42,mlx5_1,0.000,0.000,378.792,923.405
2025-11-22 15:01:42,mlx5_2,0.000,0.000,0.000,0.000
2025-11-22 15:01:42,mlx5_3,0.000,0.000,0.000,0.000
2025-11-22 15:01:42,mlx5_4,0.000,0.000,0.000,0.000
2025-11-22 15:01:42,mlx5_5,0.000,0.000,381.951,951.583
2025-11-22 15:01:42,mlx5_6,0.000,0.000,0.000,0.000
2025-11-22 15:01:42,mlx5_7,0.000,0.000,0.000,0.000
2025-11-22 15:01:42,mlx5_8,0.000,0.000,0.000,0.000
2025-11-22 15:01:42,mlx5_9,0.000,0.000,0.000,0.000
2025-11-22 15:01:42,TOTAL,0.000,0.000,760.744,1874.989
2025-11-22 15:01:43,mlx5_0,0.000,0.000,0.000,0.000
2025-11-22 15:01:43,mlx5_1,0.000,0.000,378.792,923.405
2025-11-22 15:01:43,mlx5_2,0.000,0.000,0.000,0.000
2025-11-22 15:01:43,mlx5_3,0.000,0.000,0.000,0.000
2025-11-22 15:01:43,mlx5_4,0.000,0.000,0.000,0.000
2025-11-22 15:01:43,mlx5_5,0.000,0.000,381.951,951.583
2025-11-22 15:01:43,mlx5_6,0.000,0.000,0.000,0.000
2025-11-22 15:01:43,mlx5_7,0.000,0.000,0.000,0.000
2025-11-22 15:01:43,mlx5_8,0.000,0.000,0.000,0.000
2025-11-22 15:01:43,mlx5_9,0.000,0.000,0.000,0.000
2025-11-22 15:01:43,TOTAL,0.000,0.000,760.744,1874.989
2025-11-22 15:01:44,mlx5_0,0.000,0.000,0.000,0.000
2025-11-22 15:01:44,mlx5_1,18.788,0.024,381.153,923.408
2025-11-22 15:01:44,mlx5_2,0.000,0.000,0.000,0.000
2025-11-22 15:01:44,mlx5_3,0.000,0.000,0.000,0.000
2025-11-22 15:01:44,mlx5_4,0.000,0.000,0.000,0.000
2025-11-22 15:01:44,mlx5_5,19.164,0.024,384.359,951.586
2025-11-22 15:01:44,mlx5_6,0.000,0.000,0.000,0.000
2025-11-22 15:01:44,mlx5_7,0.000,0.000,0.000,0.000
2025-11-22 15:01:44,mlx5_8,0.000,0.000,0.000,0.000
2025-11-22 15:01:44,mlx5_9,0.000,0.000,0.000,0.000
2025-11-22 15:01:44,TOTAL,37.952,0.048,765.511,1874.995
2025-11-22 15:01:45,mlx5_0,0.000,0.000,0.000,0.000
2025-11-22 15:01:45,mlx5_1,0.000,0.000,381.153,923.408
2025-11-22 15:01:45,mlx5_2,0.000,0.000,0.000,0.000
2025-11-22 15:01:45,mlx5_3,0.000,0.000,0.000,0.000
2025-11-22 15:01:45,mlx5_4,0.000,0.000,0.000,0.000
2025-11-22 15:01:45,mlx5_5,0.000,0.000,384.359,951.586
2025-11-22 15:01:45,mlx5_6,0.000,0.000,0.000,0.000
2025-11-22 15:01:45,mlx5_7,0.000,0.000,0.000,0.000
2025-11-22 15:01:45,mlx5_8,0.000,0.000,0.000,0.000
2025-11-22 15:01:45,mlx5_9,0.000,0.000,0.000,0.000
2025-11-22 15:01:45,TOTAL,0.000,0.000,765.511,1874.995
2025-11-22 15:01:46,mlx5_0,0.000,0.000,0.000,0.000
2025-11-22 15:01:46,mlx5_1,0.000,0.000,381.153,923.408
2025-11-22 15:01:46,mlx5_2,0.000,0.000,0.000,0.000
2025-11-22 15:01:46,mlx5_3,0.000,0.000,0.000,0.000
2025-11-22 15:01:46,mlx5_4,0.000,0.000,0.000,0.000
2025-11-22 15:01:46,mlx5_5,0.000,0.000,384.359,951.586
2025-11-22 15:01:46,mlx5_6,0.000,0.000,0.000,0.000
2025-11-22 15:01:46,mlx5_7,0.000,0.000,0.000,0.000
2025-11-22 15:01:46,mlx5_8,0.000,0.000,0.000,0.000
2025-11-22 15:01:46,mlx5_9,0.000,0.000,0.000,0.000
2025-11-22 15:01:46,TOTAL,0.000,0.000,765.511,1874.995
2025-11-22 15:01:47,mlx5_0,0.000,0.000,0.000,0.000
2025-11-22 15:01:47,mlx5_1,18.551,0.022,383.481,923.411
2025-11-22 15:01:47,mlx5_2,0.000,0.000,0.000,0.000
2025-11-22 15:01:47,mlx5_3,0.000,0.000,0.000,0.000
2025-11-22 15:01:47,mlx5_4,0.000,0.000,0.000,0.000
2025-11-22 15:01:47,mlx5_5,18.704,0.023,386.706,951.589
2025-11-22 15:01:47,mlx5_6,0.000,0.000,0.000,0.000
2025-11-22 15:01:47,mlx5_7,0.000,0.000,0.000,0.000
2025-11-22 15:01:47,mlx5_8,0.000,0.000,0.000,0.000
2025-11-22 15:01:47,mlx5_9,0.000,0.000,0.000,0.000
2025-11-22 15:01:47,TOTAL,37.255,0.045,770.187,1875.000
2025-11-22 15:01:48,mlx5_0,0.000,0.000,0.000,0.000
2025-11-22 15:01:48,mlx5_1,0.000,0.000,383.481,923.411
2025-11-22 15:01:48,mlx5_2,0.000,0.000,0.000,0.000
2025-11-22 15:01:48,mlx5_3,0.000,0.000,0.000,0.000
2025-11-22 15:01:48,mlx5_4,0.000,0.000,0.000,0.000
2025-11-22 15:01:48,mlx5_5,0.000,0.000,386.706,951.589
2025-11-22 15:01:48,mlx5_6,0.000,0.000,0.000,0.000
2025-11-22 15:01:48,mlx5_7,0.000,0.000,0.000,0.000
2025-11-22 15:01:48,mlx5_8,0.000,0.000,0.000,0.000
2025-11-22 15:01:48,mlx5_9,0.000,0.000,0.000,0.000
2025-11-22 15:01:48,TOTAL,0.000,0.000,770.187,1875.000
2025-11-22 15:01:49,mlx5_0,0.000,0.000,0.000,0.000
2025-11-22 15:01:49,mlx5_1,0.000,0.000,383.481,923.411
2025-11-22 15:01:49,mlx5_2,0.000,0.000,0.000,0.000
2025-11-22 15:01:49,mlx5_3,0.000,0.000,0.000,0.000
2025-11-22 15:01:49,mlx5_4,0.000,0.000,0.000,0.000
2025-11-22 15:01:49,mlx5_5,0.000,0.000,386.706,951.589
2025-11-22 15:01:49,mlx5_6,0.000,0.000,0.000,0.000
2025-11-22 15:01:49,mlx5_7,0.000,0.000,0.000,0.000
2025-11-22 15:01:49,mlx5_8,0.000,0.000,0.000,0.000
2025-11-22 15:01:49,mlx5_9,0.000,0.000,0.000,0.000
2025-11-22 15:01:49,TOTAL,0.000,0.000,770.187,1875.000
2025-11-22 15:01:50,mlx5_0,0.000,0.000,0.000,0.000
2025-11-22 15:01:50,mlx5_1,18.506,0.022,385.806,923.414
2025-11-22 15:01:50,mlx5_2,0.000,0.000,0.000,0.000
2025-11-22 15:01:50,mlx5_3,0.000,0.000,0.000,0.000
2025-11-22 15:01:50,mlx5_4,0.000,0.000,0.000,0.000
2025-11-22 15:01:50,mlx5_5,18.718,0.022,389.058,951.592
2025-11-22 15:01:50,mlx5_6,0.000,0.000,0.000,0.000
2025-11-22 15:01:50,mlx5_7,0.000,0.000,0.000,0.000
2025-11-22 15:01:50,mlx5_8,0.000,0.000,0.000,0.000
2025-11-22 15:01:50,mlx5_9,0.000,0.000,0.000,0.000
2025-11-22 15:01:50,TOTAL,37.225,0.045,774.863,1875.006
2025-11-22 15:01:51,mlx5_0,0.000,0.000,0.000,0.000
2025-11-22 15:01:51,mlx5_1,0.000,0.000,385.806,923.414
2025-11-22 15:01:51,mlx5_2,0.000,0.000,0.000,0.000
2025-11-22 15:01:51,mlx5_3,0.000,0.000,0.000,0.000
2025-11-22 15:01:51,mlx5_4,0.000,0.000,0.000,0.000
2025-11-22 15:01:51,mlx5_5,0.000,0.000,389.058,951.592
2025-11-22 15:01:51,mlx5_6,0.000,0.000,0.000,0.000
2025-11-22 15:01:51,mlx5_7,0.000,0.000,0.000,0.000
2025-11-22 15:01:51,mlx5_8,0.000,0.000,0.000,0.000
2025-11-22 15:01:51,mlx5_9,0.000,0.000,0.000,0.000
2025-11-22 15:01:51,TOTAL,0.000,0.000,774.863,1875.006
2025-11-22 15:01:52,mlx5_0,0.000,0.000,0.000,0.000
2025-11-22 15:01:52,mlx5_1,0.000,0.000,385.806,923.414
2025-11-22 15:01:52,mlx5_2,0.000,0.000,0.000,0.000
2025-11-22 15:01:52,mlx5_3,0.000,0.000,0.000,0.000
2025-11-22 15:01:52,mlx5_4,0.000,0.000,0.000,0.000
2025-11-22 15:01:52,mlx5_5,0.000,0.000,389.058,951.592
2025-11-22 15:01:52,mlx5_6,0.000,0.000,0.000,0.000
2025-11-22 15:01:52,mlx5_7,0.000,0.000,0.000,0.000
2025-11-22 15:01:52,mlx5_8,0.000,0.000,0.000,0.000
2025-11-22 15:01:52,mlx5_9,0.000,0.000,0.000,0.000
2025-11-22 15:01:52,TOTAL,0.000,0.000,774.863,1875.006
2025-11-22 15:01:53,mlx5_0,0.000,0.000,0.000,0.000
2025-11-22 15:01:53,mlx5_1,0.000,0.000,385.806,923.414
2025-11-22 15:01:53,mlx5_2,0.000,0.000,0.000,0.000
2025-11-22 15:01:53,mlx5_3,0.000,0.000,0.000,0.000
2025-11-22 15:01:53,mlx5_4,0.000,0.000,0.000,0.000
2025-11-22 15:01:53,mlx5_5,0.000,0.000,389.058,951.592
2025-11-22 15:01:53,mlx5_6,0.000,0.000,0.000,0.000
2025-11-22 15:01:53,mlx5_7,0.000,0.000,0.000,0.000
2025-11-22 15:01:53,mlx5_8,0.000,0.000,0.000,0.000
2025-11-22 15:01:53,mlx5_9,0.000,0.000,0.000,0.000
2025-11-22 15:01:53,TOTAL,0.000,0.000,774.863,1875.006
2025-11-22 15:01:54,mlx5_0,0.000,0.000,0.000,0.000
2025-11-22 15:01:54,mlx5_1,18.492,0.022,388.128,923.417
2025-11-22 15:01:54,mlx5_2,0.000,0.000,0.000,0.000
2025-11-22 15:01:54,mlx5_3,0.000,0.000,0.000,0.000
2025-11-22 15:01:54,mlx5_4,0.000,0.000,0.000,0.000
2025-11-22 15:01:54,mlx5_5,18.735,0.023,391.411,951.595
2025-11-22 15:01:54,mlx5_6,0.000,0.000,0.000,0.000
2025-11-22 15:01:54,mlx5_7,0.000,0.000,0.000,0.000
2025-11-22 15:01:54,mlx5_8,0.000,0.000,0.000,0.000
2025-11-22 15:01:54,mlx5_9,0.000,0.000,0.000,0.000
2025-11-22 15:01:54,TOTAL,37.227,0.045,779.539,1875.012
2025-11-22 15:01:55,mlx5_0,0.000,0.000,0.000,0.000
2025-11-22 15:01:55,mlx5_1,0.000,0.000,388.128,923.417
2025-11-22 15:01:55,mlx5_2,0.000,0.000,0.000,0.000
2025-11-22 15:01:55,mlx5_3,0.000,0.000,0.000,0.000
2025-11-22 15:01:55,mlx5_4,0.000,0.000,0.000,0.000
2025-11-22 15:01:55,mlx5_5,0.000,0.000,391.411,951.595
2025-11-22 15:01:55,mlx5_6,0.000,0.000,0.000,0.000
2025-11-22 15:01:55,mlx5_7,0.000,0.000,0.000,0.000
2025-11-22 15:01:55,mlx5_8,0.000,0.000,0.000,0.000
2025-11-22 15:01:55,mlx5_9,0.000,0.000,0.000,0.000
2025-11-22 15:01:55,TOTAL,0.000,0.000,779.539,1875.012
2025-11-22 15:01:56,mlx5_0,0.000,0.000,0.000,0.000
2025-11-22 15:01:56,mlx5_1,0.000,0.000,388.128,923.417
2025-11-22 15:01:56,mlx5_2,0.000,0.000,0.000,0.000
2025-11-22 15:01:56,mlx5_3,0.000,0.000,0.000,0.000
2025-11-22 15:01:56,mlx5_4,0.000,0.000,0.000,0.000
2025-11-22 15:01:56,mlx5_5,0.000,0.000,391.411,951.595
2025-11-22 15:01:56,mlx5_6,0.000,0.000,0.000,0.000
2025-11-22 15:01:56,mlx5_7,0.000,0.000,0.000,0.000
2025-11-22 15:01:56,mlx5_8,0.000,0.000,0.000,0.000
2025-11-22 15:01:56,mlx5_9,0.000,0.000,0.000,0.000
2025-11-22 15:01:56,TOTAL,0.000,0.000,779.539,1875.012
2025-11-22 15:01:57,mlx5_0,0.000,0.000,0.000,0.000
2025-11-22 15:01:57,mlx5_1,0.000,0.000,388.128,923.417
2025-11-22 15:01:57,mlx5_2,0.000,0.000,0.000,0.000
2025-11-22 15:01:57,mlx5_3,0.000,0.000,0.000,0.000
2025-11-22 15:01:57,mlx5_4,0.000,0.000,0.000,0.000
2025-11-22 15:01:57,mlx5_5,0.000,0.000,391.411,951.595
2025-11-22 15:01:57,mlx5_6,0.000,0.000,0.000,0.000
2025-11-22 15:01:57,mlx5_7,0.000,0.000,0.000,0.000
2025-11-22 15:01:57,mlx5_8,0.000,0.000,0.000,0.000
2025-11-22 15:01:57,mlx5_9,0.000,0.000,0.000,0.000
2025-11-22 15:01:57,TOTAL,0.000,0.000,779.539,1875.012
2025-11-22 15:01:58,mlx5_0,0.000,0.000,0.000,0.000
2025-11-22 15:01:58,mlx5_1,18.577,0.022,390.462,923.419
2025-11-22 15:01:58,mlx5_2,0.000,0.000,0.000,0.000
2025-11-22 15:01:58,mlx5_3,0.000,0.000,0.000,0.000
2025-11-22 15:01:58,mlx5_4,0.000,0.000,0.000,0.000
2025-11-22 15:01:58,mlx5_5,18.653,0.023,393.754,951.598
2025-11-22 15:01:58,mlx5_6,0.000,0.000,0.000,0.000
2025-11-22 15:01:58,mlx5_7,0.000,0.000,0.000,0.000
2025-11-22 15:01:58,mlx5_8,0.000,0.000,0.000,0.000
2025-11-22 15:01:58,mlx5_9,0.000,0.000,0.000,0.000
2025-11-22 15:01:58,TOTAL,37.230,0.045,784.215,1875.017
2025-11-22 15:01:59,mlx5_0,0.000,0.000,0.000,0.000
2025-11-22 15:01:59,mlx5_1,0.000,0.000,390.462,923.419
2025-11-22 15:01:59,mlx5_2,0.000,0.000,0.000,0.000
2025-11-22 15:01:59,mlx5_3,0.000,0.000,0.000,0.000
2025-11-22 15:01:59,mlx5_4,0.000,0.000,0.000,0.000
2025-11-22 15:01:59,mlx5_5,0.000,0.000,393.754,951.598
2025-11-22 15:01:59,mlx5_6,0.000,0.000,0.000,0.000
2025-11-22 15:01:59,mlx5_7,0.000,0.000,0.000,0.000
2025-11-22 15:01:59,mlx5_8,0.000,0.000,0.000,0.000
2025-11-22 15:01:59,mlx5_9,0.000,0.000,0.000,0.000
2025-11-22 15:01:59,TOTAL,0.000,0.000,784.215,1875.017
2025-11-22 15:02:00,mlx5_0,0.000,0.000,0.000,0.000
2025-11-22 15:02:00,mlx5_1,0.000,0.000,390.462,923.419
2025-11-22 15:02:00,mlx5_2,0.000,0.000,0.000,0.000
2025-11-22 15:02:00,mlx5_3,0.000,0.000,0.000,0.000
2025-11-22 15:02:00,mlx5_4,0.000,0.000,0.000,0.000
2025-11-22 15:02:00,mlx5_5,0.000,0.000,393.754,951.598
2025-11-22 15:02:00,mlx5_6,0.000,0.000,0.000,0.000
2025-11-22 15:02:00,mlx5_7,0.000,0.000,0.000,0.000
2025-11-22 15:02:00,mlx5_8,0.000,0.000,0.000,0.000
2025-11-22 15:02:00,mlx5_9,0.000,0.000,0.000,0.000
2025-11-22 15:02:00,TOTAL,0.000,0.000,784.215,1875.017
2025-11-22 15:02:01,mlx5_0,0.000,0.000,0.000,0.000
2025-11-22 15:02:01,mlx5_1,0.000,0.000,390.462,923.419
2025-11-22 15:02:01,mlx5_2,0.000,0.000,0.000,0.000
2025-11-22 15:02:01,mlx5_3,0.000,0.000,0.000,0.000
2025-11-22 15:02:01,mlx5_4,0.000,0.000,0.000,0.000
2025-11-22 15:02:01,mlx5_5,0.000,0.000,393.754,951.598
2025-11-22 15:02:01,mlx5_6,0.000,0.000,0.000,0.000
2025-11-22 15:02:01,mlx5_7,0.000,0.000,0.000,0.000
2025-11-22 15:02:01,mlx5_8,0.000,0.000,0.000,0.000
2025-11-22 15:02:01,mlx5_9,0.000,0.000,0.000,0.000
2025-11-22 15:02:01,TOTAL,0.000,0.000,784.215,1875.017
2025-11-22 15:02:02,mlx5_0,0.000,0.000,0.000,0.000
2025-11-22 15:02:02,mlx5_1,0.000,0.000,390.462,923.419
2025-11-22 15:02:02,mlx5_2,0.000,0.000,0.000,0.000
2025-11-22 15:02:02,mlx5_3,0.000,0.000,0.000,0.000
2025-11-22 15:02:02,mlx5_4,0.000,0.000,0.000,0.000
2025-11-22 15:02:02,mlx5_5,0.000,0.000,393.754,951.598
2025-11-22 15:02:02,mlx5_6,0.000,0.000,0.000,0.000
2025-11-22 15:02:02,mlx5_7,0.000,0.000,0.000,0.000
2025-11-22 15:02:02,mlx5_8,0.000,0.000,0.000,0.000
2025-11-22 15:02:02,mlx5_9,0.000,0.000,0.000,0.000
2025-11-22 15:02:02,TOTAL,0.000,0.000,784.215,1875.017
2025-11-22 15:02:03,mlx5_0,0.000,0.000,0.000,0.000
2025-11-22 15:02:03,mlx5_1,19.309,111.288,392.887,937.397
2025-11-22 15:02:03,mlx5_2,0.000,0.000,0.000,0.000
2025-11-22 15:02:03,mlx5_3,0.000,0.000,0.000,0.000
2025-11-22 15:02:03,mlx5_4,0.000,0.000,0.000,0.000
2025-11-22 15:02:03,mlx5_5,19.391,115.349,396.189,966.085
2025-11-22 15:02:03,mlx5_6,0.000,0.000,0.000,0.000
2025-11-22 15:02:03,mlx5_7,0.000,0.000,0.000,0.000
2025-11-22 15:02:03,mlx5_8,0.000,0.000,0.000,0.000
2025-11-22 15:02:03,mlx5_9,0.000,0.000,0.000,0.000
2025-11-22 15:02:03,TOTAL,38.700,226.636,789.076,1903.481
2025-11-22 15:02:04,mlx5_0,0.000,0.000,0.000,0.000
2025-11-22 15:02:04,mlx5_1,0.000,0.000,392.887,937.397
2025-11-22 15:02:04,mlx5_2,0.000,0.000,0.000,0.000
2025-11-22 15:02:04,mlx5_3,0.000,0.000,0.000,0.000
2025-11-22 15:02:04,mlx5_4,0.000,0.000,0.000,0.000
2025-11-22 15:02:04,mlx5_5,0.000,0.000,396.189,966.085
2025-11-22 15:02:04,mlx5_6,0.000,0.000,0.000,0.000
2025-11-22 15:02:04,mlx5_7,0.000,0.000,0.000,0.000
2025-11-22 15:02:04,mlx5_8,0.000,0.000,0.000,0.000
2025-11-22 15:02:04,mlx5_9,0.000,0.000,0.000,0.000
2025-11-22 15:02:04,TOTAL,0.000,0.000,789.076,1903.481
2025-11-22 15:02:05,mlx5_0,0.000,0.000,0.000,0.000
2025-11-22 15:02:05,mlx5_1,0.000,0.000,392.887,937.397
2025-11-22 15:02:05,mlx5_2,0.000,0.000,0.000,0.000
2025-11-22 15:02:05,mlx5_3,0.000,0.000,0.000,0.000
2025-11-22 15:02:05,mlx5_4,0.000,0.000,0.000,0.000
2025-11-22 15:02:05,mlx5_5,0.000,0.000,396.189,966.085
2025-11-22 15:02:05,mlx5_6,0.000,0.000,0.000,0.000
2025-11-22 15:02:05,mlx5_7,0.000,0.000,0.000,0.000
2025-11-22 15:02:05,mlx5_8,0.000,0.000,0.000,0.000
2025-11-22 15:02:05,mlx5_9,0.000,0.000,0.000,0.000
2025-11-22 15:02:05,TOTAL,0.000,0.000,789.076,1903.481
2025-11-22 15:02:06,mlx5_0,0.000,0.000,0.000,0.000
2025-11-22 15:02:06,mlx5_1,0.000,0.000,392.887,937.397
2025-11-22 15:02:06,mlx5_2,0.000,0.000,0.000,0.000
2025-11-22 15:02:06,mlx5_3,0.000,0.000,0.000,0.000
2025-11-22 15:02:06,mlx5_4,0.000,0.000,0.000,0.000
2025-11-22 15:02:06,mlx5_5,0.000,0.000,396.189,966.085
2025-11-22 15:02:06,mlx5_6,0.000,0.000,0.000,0.000
2025-11-22 15:02:06,mlx5_7,0.000,0.000,0.000,0.000
2025-11-22 15:02:06,mlx5_8,0.000,0.000,0.000,0.000
2025-11-22 15:02:06,mlx5_9,0.000,0.000,0.000,0.000
2025-11-22 15:02:06,TOTAL,0.000,0.000,789.076,1903.481
2025-11-22 15:02:07,mlx5_0,0.000,0.000,0.000,0.000
2025-11-22 15:02:07,mlx5_1,0.000,0.000,392.887,937.397
2025-11-22 15:02:07,mlx5_2,0.000,0.000,0.000,0.000
2025-11-22 15:02:07,mlx5_3,0.000,0.000,0.000,0.000
2025-11-22 15:02:07,mlx5_4,0.000,0.000,0.000,0.000
2025-11-22 15:02:07,mlx5_5,0.000,0.000,396.189,966.085
2025-11-22 15:02:07,mlx5_6,0.000,0.000,0.000,0.000
2025-11-22 15:02:07,mlx5_7,0.000,0.000,0.000,0.000
2025-11-22 15:02:07,mlx5_8,0.000,0.000,0.000,0.000
2025-11-22 15:02:07,mlx5_9,0.000,0.000,0.000,0.000
2025-11-22 15:02:07,TOTAL,0.000,0.000,789.076,1903.481
2025-11-22 15:02:08,mlx5_0,0.000,0.000,0.000,0.000
2025-11-22 15:02:08,mlx5_1,18.982,0.023,395.272,937.399
2025-11-22 15:02:08,mlx5_2,0.000,0.000,0.000,0.000
2025-11-22 15:02:08,mlx5_3,0.000,0.000,0.000,0.000
2025-11-22 15:02:08,mlx5_4,0.000,0.000,0.000,0.000
2025-11-22 15:02:08,mlx5_5,18.963,0.024,398.572,966.088
2025-11-22 15:02:08,mlx5_6,0.000,0.000,0.000,0.000
2025-11-22 15:02:08,mlx5_7,0.000,0.000,0.000,0.000
2025-11-22 15:02:08,mlx5_8,0.000,0.000,0.000,0.000
2025-11-22 15:02:08,mlx5_9,0.000,0.000,0.000,0.000
2025-11-22 15:02:08,TOTAL,37.945,0.047,793.843,1903.487
2025-11-22 15:02:09,mlx5_0,0.000,0.000,0.000,0.000
2025-11-22 15:02:09,mlx5_1,0.000,0.000,395.272,937.399
2025-11-22 15:02:09,mlx5_2,0.000,0.000,0.000,0.000
2025-11-22 15:02:09,mlx5_3,0.000,0.000,0.000,0.000
2025-11-22 15:02:09,mlx5_4,0.000,0.000,0.000,0.000
2025-11-22 15:02:09,mlx5_5,0.000,0.000,398.572,966.088
2025-11-22 15:02:09,mlx5_6,0.000,0.000,0.000,0.000
2025-11-22 15:02:09,mlx5_7,0.000,0.000,0.000,0.000
2025-11-22 15:02:09,mlx5_8,0.000,0.000,0.000,0.000
2025-11-22 15:02:09,mlx5_9,0.000,0.000,0.000,0.000
2025-11-22 15:02:09,TOTAL,0.000,0.000,793.843,1903.487
2025-11-22 15:02:10,mlx5_0,0.000,0.000,0.000,0.000
2025-11-22 15:02:10,mlx5_1,0.000,0.000,395.272,937.399
2025-11-22 15:02:10,mlx5_2,0.000,0.000,0.000,0.000
2025-11-22 15:02:10,mlx5_3,0.000,0.000,0.000,0.000
2025-11-22 15:02:10,mlx5_4,0.000,0.000,0.000,0.000
2025-11-22 15:02:10,mlx5_5,0.000,0.000,398.572,966.088
2025-11-22 15:02:10,mlx5_6,0.000,0.000,0.000,0.000
2025-11-22 15:02:10,mlx5_7,0.000,0.000,0.000,0.000
2025-11-22 15:02:10,mlx5_8,0.000,0.000,0.000,0.000
2025-11-22 15:02:10,mlx5_9,0.000,0.000,0.000,0.000
2025-11-22 15:02:10,TOTAL,0.000,0.000,793.843,1903.487
2025-11-22 15:02:11,mlx5_0,0.000,0.000,0.000,0.000
2025-11-22 15:02:11,mlx5_1,18.617,0.023,397.610,937.402
2025-11-22 15:02:11,mlx5_2,0.000,0.000,0.000,0.000
2025-11-22 15:02:11,mlx5_3,0.000,0.000,0.000,0.000
2025-11-22 15:02:11,mlx5_4,0.000,0.000,0.000,0.000
2025-11-22 15:02:11,mlx5_5,18.608,0.023,400.909,966.091
2025-11-22 15:02:11,mlx5_6,0.000,0.000,0.000,0.000
2025-11-22 15:02:11,mlx5_7,0.000,0.000,0.000,0.000
2025-11-22 15:02:11,mlx5_8,0.000,0.000,0.000,0.000
2025-11-22 15:02:11,mlx5_9,0.000,0.000,0.000,0.000
2025-11-22 15:02:11,TOTAL,37.224,0.045,798.520,1903.493
2025-11-22 15:02:12,mlx5_0,0.000,0.000,0.000,0.000
2025-11-22 15:02:12,mlx5_1,0.000,0.000,397.610,937.402
2025-11-22 15:02:12,mlx5_2,0.000,0.000,0.000,0.000
2025-11-22 15:02:12,mlx5_3,0.000,0.000,0.000,0.000
2025-11-22 15:02:12,mlx5_4,0.000,0.000,0.000,0.000
2025-11-22 15:02:12,mlx5_5,0.000,0.000,400.909,966.091
2025-11-22 15:02:12,mlx5_6,0.000,0.000,0.000,0.000
2025-11-22 15:02:12,mlx5_7,0.000,0.000,0.000,0.000
2025-11-22 15:02:12,mlx5_8,0.000,0.000,0.000,0.000
2025-11-22 15:02:12,mlx5_9,0.000,0.000,0.000,0.000
2025-11-22 15:02:12,TOTAL,0.000,0.000,798.520,1903.493
2025-11-22 15:02:13,mlx5_0,0.000,0.000,0.000,0.000
2025-11-22 15:02:13,mlx5_1,0.000,0.000,397.610,937.402
2025-11-22 15:02:13,mlx5_2,0.000,0.000,0.000,0.000
2025-11-22 15:02:13,mlx5_3,0.000,0.000,0.000,0.000
2025-11-22 15:02:13,mlx5_4,0.000,0.000,0.000,0.000
2025-11-22 15:02:13,mlx5_5,0.000,0.000,400.909,966.091
2025-11-22 15:02:13,mlx5_6,0.000,0.000,0.000,0.000
2025-11-22 15:02:13,mlx5_7,0.000,0.000,0.000,0.000
2025-11-22 15:02:13,mlx5_8,0.000,0.000,0.000,0.000
2025-11-22 15:02:13,mlx5_9,0.000,0.000,0.000,0.000
2025-11-22 15:02:13,TOTAL,0.000,0.000,798.520,1903.493
2025-11-22 15:02:14,mlx5_0,0.000,0.000,0.000,0.000
2025-11-22 15:02:14,mlx5_1,0.000,0.000,397.610,937.402
2025-11-22 15:02:14,mlx5_2,0.000,0.000,0.000,0.000
2025-11-22 15:02:14,mlx5_3,0.000,0.000,0.000,0.000
2025-11-22 15:02:14,mlx5_4,0.000,0.000,0.000,0.000
2025-11-22 15:02:14,mlx5_5,0.000,0.000,400.909,966.091
2025-11-22 15:02:14,mlx5_6,0.000,0.000,0.000,0.000
2025-11-22 15:02:14,mlx5_7,0.000,0.000,0.000,0.000
2025-11-22 15:02:14,mlx5_8,0.000,0.000,0.000,0.000
2025-11-22 15:02:14,mlx5_9,0.000,0.000,0.000,0.000
2025-11-22 15:02:14,TOTAL,0.000,0.000,798.520,1903.493
2025-11-22 15:02:15,mlx5_0,0.000,0.000,0.000,0.000
2025-11-22 15:02:15,mlx5_1,18.425,0.023,399.923,937.405
2025-11-22 15:02:15,mlx5_2,0.000,0.000,0.000,0.000
2025-11-22 15:02:15,mlx5_3,0.000,0.000,0.000,0.000
2025-11-22 15:02:15,mlx5_4,0.000,0.000,0.000,0.000
2025-11-22 15:02:15,mlx5_5,18.822,0.023,403.272,966.094
2025-11-22 15:02:15,mlx5_6,0.000,0.000,0.000,0.000
2025-11-22 15:02:15,mlx5_7,0.000,0.000,0.000,0.000
2025-11-22 15:02:15,mlx5_8,0.000,0.000,0.000,0.000
2025-11-22 15:02:15,mlx5_9,0.000,0.000,0.000,0.000
2025-11-22 15:02:15,TOTAL,37.247,0.045,803.196,1903.499
2025-11-22 15:02:16,mlx5_0,0.000,0.000,0.000,0.000
2025-11-22 15:02:16,mlx5_1,0.000,0.000,399.923,937.405
2025-11-22 15:02:16,mlx5_2,0.000,0.000,0.000,0.000
2025-11-22 15:02:16,mlx5_3,0.000,0.000,0.000,0.000
2025-11-22 15:02:16,mlx5_4,0.000,0.000,0.000,0.000
2025-11-22 15:02:16,mlx5_5,0.000,0.000,403.272,966.094
2025-11-22 15:02:16,mlx5_6,0.000,0.000,0.000,0.000
2025-11-22 15:02:16,mlx5_7,0.000,0.000,0.000,0.000
2025-11-22 15:02:16,mlx5_8,0.000,0.000,0.000,0.000
2025-11-22 15:02:16,mlx5_9,0.000,0.000,0.000,0.000
2025-11-22 15:02:16,TOTAL,0.000,0.000,803.196,1903.499
2025-11-22 15:02:17,mlx5_0,0.000,0.000,0.000,0.000
2025-11-22 15:02:17,mlx5_1,0.000,0.000,399.923,937.405
2025-11-22 15:02:17,mlx5_2,0.000,0.000,0.000,0.000
2025-11-22 15:02:17,mlx5_3,0.000,0.000,0.000,0.000
2025-11-22 15:02:17,mlx5_4,0.000,0.000,0.000,0.000
2025-11-22 15:02:17,mlx5_5,0.000,0.000,403.272,966.094
2025-11-22 15:02:17,mlx5_6,0.000,0.000,0.000,0.000
2025-11-22 15:02:17,mlx5_7,0.000,0.000,0.000,0.000
2025-11-22 15:02:17,mlx5_8,0.000,0.000,0.000,0.000
2025-11-22 15:02:17,mlx5_9,0.000,0.000,0.000,0.000
2025-11-22 15:02:17,TOTAL,0.000,0.000,803.196,1903.499
2025-11-22 15:02:18,mlx5_0,0.000,0.000,0.000,0.000
2025-11-22 15:02:18,mlx5_1,18.517,0.022,402.248,937.408
2025-11-22 15:02:18,mlx5_2,0.000,0.000,0.000,0.000
2025-11-22 15:02:18,mlx5_3,0.000,0.000,0.000,0.000
2025-11-22 15:02:18,mlx5_4,0.000,0.000,0.000,0.000
2025-11-22 15:02:18,mlx5_5,18.732,0.023,405.624,966.096
2025-11-22 15:02:18,mlx5_6,0.000,0.000,0.000,0.000
2025-11-22 15:02:18,mlx5_7,0.000,0.000,0.000,0.000
2025-11-22 15:02:18,mlx5_8,0.000,0.000,0.000,0.000
2025-11-22 15:02:18,mlx5_9,0.000,0.000,0.000,0.000
2025-11-22 15:02:18,TOTAL,37.249,0.045,807.872,1903.504
2025-11-22 15:02:19,mlx5_0,0.000,0.000,0.000,0.000
2025-11-22 15:02:19,mlx5_1,0.000,0.000,402.248,937.408
2025-11-22 15:02:19,mlx5_2,0.000,0.000,0.000,0.000
2025-11-22 15:02:19,mlx5_3,0.000,0.000,0.000,0.000
2025-11-22 15:02:19,mlx5_4,0.000,0.000,0.000,0.000
2025-11-22 15:02:19,mlx5_5,0.000,0.000,405.624,966.096
2025-11-22 15:02:19,mlx5_6,0.000,0.000,0.000,0.000
2025-11-22 15:02:19,mlx5_7,0.000,0.000,0.000,0.000
2025-11-22 15:02:19,mlx5_8,0.000,0.000,0.000,0.000
2025-11-22 15:02:19,mlx5_9,0.000,0.000,0.000,0.000
2025-11-22 15:02:19,TOTAL,0.000,0.000,807.872,1903.504
2025-11-22 15:02:20,mlx5_0,0.000,0.000,0.000,0.000
2025-11-22 15:02:20,mlx5_1,0.000,0.000,402.248,937.408
2025-11-22 15:02:20,mlx5_2,0.000,0.000,0.000,0.000
2025-11-22 15:02:20,mlx5_3,0.000,0.000,0.000,0.000
2025-11-22 15:02:20,mlx5_4,0.000,0.000,0.000,0.000
2025-11-22 15:02:20,mlx5_5,0.000,0.000,405.624,966.096
2025-11-22 15:02:20,mlx5_6,0.000,0.000,0.000,0.000
2025-11-22 15:02:20,mlx5_7,0.000,0.000,0.000,0.000
2025-11-22 15:02:20,mlx5_8,0.000,0.000,0.000,0.000
2025-11-22 15:02:20,mlx5_9,0.000,0.000,0.000,0.000
2025-11-22 15:02:20,TOTAL,0.000,0.000,807.872,1903.504
2025-11-22 15:02:21,mlx5_0,0.000,0.000,0.000,0.000
2025-11-22 15:02:21,mlx5_1,0.000,0.000,402.248,937.408
2025-11-22 15:02:21,mlx5_2,0.000,0.000,0.000,0.000
2025-11-22 15:02:21,mlx5_3,0.000,0.000,0.000,0.000
2025-11-22 15:02:21,mlx5_4,0.000,0.000,0.000,0.000
2025-11-22 15:02:21,mlx5_5,0.000,0.000,405.624,966.096
2025-11-22 15:02:21,mlx5_6,0.000,0.000,0.000,0.000
2025-11-22 15:02:21,mlx5_7,0.000,0.000,0.000,0.000
2025-11-22 15:02:21,mlx5_8,0.000,0.000,0.000,0.000
2025-11-22 15:02:21,mlx5_9,0.000,0.000,0.000,0.000
2025-11-22 15:02:21,TOTAL,0.000,0.000,807.872,1903.504
2025-11-22 15:02:22,mlx5_0,0.000,0.000,0.000,0.000
2025-11-22 15:02:22,mlx5_1,15.632,0.018,404.211,937.410
2025-11-22 15:02:22,mlx5_2,0.000,0.000,0.000,0.000
2025-11-22 15:02:22,mlx5_3,0.000,0.000,0.000,0.000
2025-11-22 15:02:22,mlx5_4,0.000,0.000,0.000,0.000
2025-11-22 15:02:22,mlx5_5,16.548,0.020,407.702,966.099
2025-11-22 15:02:22,mlx5_6,0.000,0.000,0.000,0.000
2025-11-22 15:02:22,mlx5_7,0.000,0.000,0.000,0.000
2025-11-22 15:02:22,mlx5_8,0.000,0.000,0.000,0.000
2025-11-22 15:02:22,mlx5_9,0.000,0.000,0.000,0.000
2025-11-22 15:02:22,TOTAL,32.180,0.038,811.914,1903.509
2025-11-22 15:02:23,mlx5_0,0.000,0.000,0.000,0.000
2025-11-22 15:02:23,mlx5_1,2.654,0.004,404.545,937.411
2025-11-22 15:02:23,mlx5_2,0.000,0.000,0.000,0.000
2025-11-22 15:02:23,mlx5_3,0.000,0.000,0.000,0.000
2025-11-22 15:02:23,mlx5_4,0.000,0.000,0.000,0.000
2025-11-22 15:02:23,mlx5_5,2.390,0.003,408.003,966.099
2025-11-22 15:02:23,mlx5_6,0.000,0.000,0.000,0.000
2025-11-22 15:02:23,mlx5_7,0.000,0.000,0.000,0.000
2025-11-22 15:02:23,mlx5_8,0.000,0.000,0.000,0.000
2025-11-22 15:02:23,mlx5_9,0.000,0.000,0.000,0.000
2025-11-22 15:02:23,TOTAL,5.045,0.007,812.548,1903.510
2025-11-22 15:02:24,mlx5_0,0.000,0.000,0.000,0.000
2025-11-22 15:02:24,mlx5_1,0.000,0.000,404.545,937.411
2025-11-22 15:02:24,mlx5_2,0.000,0.000,0.000,0.000
2025-11-22 15:02:24,mlx5_3,0.000,0.000,0.000,0.000
2025-11-22 15:02:24,mlx5_4,0.000,0.000,0.000,0.000
2025-11-22 15:02:24,mlx5_5,0.000,0.000,408.003,966.099
2025-11-22 15:02:24,mlx5_6,0.000,0.000,0.000,0.000
2025-11-22 15:02:24,mlx5_7,0.000,0.000,0.000,0.000
2025-11-22 15:02:24,mlx5_8,0.000,0.000,0.000,0.000
2025-11-22 15:02:24,mlx5_9,0.000,0.000,0.000,0.000
2025-11-22 15:02:24,TOTAL,0.000,0.000,812.548,1903.510
2025-11-22 15:02:25,mlx5_0,0.000,0.000,0.000,0.000
2025-11-22 15:02:25,mlx5_1,0.000,0.000,404.545,937.411
2025-11-22 15:02:25,mlx5_2,0.000,0.000,0.000,0.000
2025-11-22 15:02:25,mlx5_3,0.000,0.000,0.000,0.000
2025-11-22 15:02:25,mlx5_4,0.000,0.000,0.000,0.000
2025-11-22 15:02:25,mlx5_5,0.000,0.000,408.003,966.099
2025-11-22 15:02:25,mlx5_6,0.000,0.000,0.000,0.000
2025-11-22 15:02:25,mlx5_7,0.000,0.000,0.000,0.000
2025-11-22 15:02:25,mlx5_8,0.000,0.000,0.000,0.000
2025-11-22 15:02:25,mlx5_9,0.000,0.000,0.000,0.000
2025-11-22 15:02:25,TOTAL,0.000,0.000,812.548,1903.510
2025-11-22 15:02:26,mlx5_0,0.000,0.000,0.000,0.000
2025-11-22 15:02:26,mlx5_1,0.000,0.000,404.545,937.411
2025-11-22 15:02:26,mlx5_2,0.000,0.000,0.000,0.000
2025-11-22 15:02:26,mlx5_3,0.000,0.000,0.000,0.000
2025-11-22 15:02:26,mlx5_4,0.000,0.000,0.000,0.000
2025-11-22 15:02:26,mlx5_5,0.000,0.000,408.003,966.099
2025-11-22 15:02:26,mlx5_6,0.000,0.000,0.000,0.000
2025-11-22 15:02:26,mlx5_7,0.000,0.000,0.000,0.000
2025-11-22 15:02:26,mlx5_8,0.000,0.000,0.000,0.000
2025-11-22 15:02:26,mlx5_9,0.000,0.000,0.000,0.000
2025-11-22 15:02:26,TOTAL,0.000,0.000,812.548,1903.510
2025-11-22 15:02:27,mlx5_0,0.000,0.000,0.000,0.000
2025-11-22 15:02:27,mlx5_1,18.534,0.022,406.873,937.414
2025-11-22 15:02:27,mlx5_2,0.000,0.000,0.000,0.000
2025-11-22 15:02:27,mlx5_3,0.000,0.000,0.000,0.000
2025-11-22 15:02:27,mlx5_4,0.000,0.000,0.000,0.000
2025-11-22 15:02:27,mlx5_5,18.698,0.023,410.351,966.102
2025-11-22 15:02:27,mlx5_6,0.000,0.000,0.000,0.000
2025-11-22 15:02:27,mlx5_7,0.000,0.000,0.000,0.000
2025-11-22 15:02:27,mlx5_8,0.000,0.000,0.000,0.000
2025-11-22 15:02:27,mlx5_9,0.000,0.000,0.000,0.000
2025-11-22 15:02:27,TOTAL,37.232,0.045,817.224,1903.516
2025-11-22 15:02:28,mlx5_0,0.000,0.000,0.000,0.000
2025-11-22 15:02:28,mlx5_1,0.000,0.000,406.873,937.414
2025-11-22 15:02:28,mlx5_2,0.000,0.000,0.000,0.000
2025-11-22 15:02:28,mlx5_3,0.000,0.000,0.000,0.000
2025-11-22 15:02:28,mlx5_4,0.000,0.000,0.000,0.000
2025-11-22 15:02:28,mlx5_5,0.000,0.000,410.351,966.102
2025-11-22 15:02:28,mlx5_6,0.000,0.000,0.000,0.000
2025-11-22 15:02:28,mlx5_7,0.000,0.000,0.000,0.000
2025-11-22 15:02:28,mlx5_8,0.000,0.000,0.000,0.000
2025-11-22 15:02:28,mlx5_9,0.000,0.000,0.000,0.000
2025-11-22 15:02:28,TOTAL,0.000,0.000,817.224,1903.516
2025-11-22 15:02:29,mlx5_0,0.000,0.000,0.000,0.000
2025-11-22 15:02:29,mlx5_1,0.000,0.000,406.873,937.414
2025-11-22 15:02:29,mlx5_2,0.000,0.000,0.000,0.000
2025-11-22 15:02:29,mlx5_3,0.000,0.000,0.000,0.000
2025-11-22 15:02:29,mlx5_4,0.000,0.000,0.000,0.000
2025-11-22 15:02:29,mlx5_5,0.000,0.000,410.351,966.102
2025-11-22 15:02:29,mlx5_6,0.000,0.000,0.000,0.000
2025-11-22 15:02:29,mlx5_7,0.000,0.000,0.000,0.000
2025-11-22 15:02:29,mlx5_8,0.000,0.000,0.000,0.000
2025-11-22 15:02:29,mlx5_9,0.000,0.000,0.000,0.000
2025-11-22 15:02:29,TOTAL,0.000,0.000,817.224,1903.516
2025-11-22 15:02:30,mlx5_0,0.000,0.000,0.000,0.000
2025-11-22 15:02:30,mlx5_1,0.000,0.000,406.873,937.414
2025-11-22 15:02:30,mlx5_2,0.000,0.000,0.000,0.000
2025-11-22 15:02:30,mlx5_3,0.000,0.000,0.000,0.000
2025-11-22 15:02:30,mlx5_4,0.000,0.000,0.000,0.000
2025-11-22 15:02:30,mlx5_5,0.000,0.000,410.351,966.102
2025-11-22 15:02:30,mlx5_6,0.000,0.000,0.000,0.000
2025-11-22 15:02:30,mlx5_7,0.000,0.000,0.000,0.000
2025-11-22 15:02:30,mlx5_8,0.000,0.000,0.000,0.000
2025-11-22 15:02:30,mlx5_9,0.000,0.000,0.000,0.000
2025-11-22 15:02:30,TOTAL,0.000,0.000,817.224,1903.516
2025-11-22 15:02:31,mlx5_0,0.000,0.000,0.000,0.000
2025-11-22 15:02:31,mlx5_1,0.000,0.000,406.873,937.414
2025-11-22 15:02:31,mlx5_2,0.000,0.000,0.000,0.000
2025-11-22 15:02:31,mlx5_3,0.000,0.000,0.000,0.000
2025-11-22 15:02:31,mlx5_4,0.000,0.000,0.000,0.000
2025-11-22 15:02:31,mlx5_5,0.000,0.000,410.351,966.102
2025-11-22 15:02:31,mlx5_6,0.000,0.000,0.000,0.000
2025-11-22 15:02:31,mlx5_7,0.000,0.000,0.000,0.000
2025-11-22 15:02:31,mlx5_8,0.000,0.000,0.000,0.000
2025-11-22 15:02:31,mlx5_9,0.000,0.000,0.000,0.000
2025-11-22 15:02:31,TOTAL,0.000,0.000,817.224,1903.516
2025-11-22 15:02:32,mlx5_0,0.000,0.000,0.000,0.000
2025-11-22 15:02:32,mlx5_1,19.015,111.538,409.261,951.424
2025-11-22 15:02:32,mlx5_2,0.000,0.000,0.000,0.000
2025-11-22 15:02:32,mlx5_3,0.000,0.000,0.000,0.000
2025-11-22 15:02:32,mlx5_4,0.000,0.000,0.000,0.000
2025-11-22 15:02:32,mlx5_5,19.430,115.074,412.792,980.557
2025-11-22 15:02:32,mlx5_6,0.000,0.000,0.000,0.000
2025-11-22 15:02:32,mlx5_7,0.000,0.000,0.000,0.000
2025-11-22 15:02:32,mlx5_8,0.000,0.000,0.000,0.000
2025-11-22 15:02:32,mlx5_9,0.000,0.000,0.000,0.000
2025-11-22 15:02:32,TOTAL,38.446,226.612,822.053,1931.981
2025-11-22 15:02:33,mlx5_0,0.000,0.000,0.000,0.000
2025-11-22 15:02:33,mlx5_1,0.000,0.000,409.261,951.424
2025-11-22 15:02:33,mlx5_2,0.000,0.000,0.000,0.000
2025-11-22 15:02:33,mlx5_3,0.000,0.000,0.000,0.000
2025-11-22 15:02:33,mlx5_4,0.000,0.000,0.000,0.000
2025-11-22 15:02:33,mlx5_5,0.000,0.000,412.792,980.557
2025-11-22 15:02:33,mlx5_6,0.000,0.000,0.000,0.000
2025-11-22 15:02:33,mlx5_7,0.000,0.000,0.000,0.000
2025-11-22 15:02:33,mlx5_8,0.000,0.000,0.000,0.000
2025-11-22 15:02:33,mlx5_9,0.000,0.000,0.000,0.000
2025-11-22 15:02:33,TOTAL,0.000,0.000,822.053,1931.981
2025-11-22 15:02:34,mlx5_0,0.000,0.000,0.000,0.000
2025-11-22 15:02:34,mlx5_1,0.000,0.000,409.261,951.424
2025-11-22 15:02:34,mlx5_2,0.000,0.000,0.000,0.000
2025-11-22 15:02:34,mlx5_3,0.000,0.000,0.000,0.000
2025-11-22 15:02:34,mlx5_4,0.000,0.000,0.000,0.000
2025-11-22 15:02:34,mlx5_5,0.000,0.000,412.792,980.557
2025-11-22 15:02:34,mlx5_6,0.000,0.000,0.000,0.000
2025-11-22 15:02:34,mlx5_7,0.000,0.000,0.000,0.000
2025-11-22 15:02:34,mlx5_8,0.000,0.000,0.000,0.000
2025-11-22 15:02:34,mlx5_9,0.000,0.000,0.000,0.000
2025-11-22 15:02:34,TOTAL,0.000,0.000,822.053,1931.981
2025-11-22 15:02:35,mlx5_0,0.000,0.000,0.000,0.000
2025-11-22 15:02:35,mlx5_1,0.000,0.000,409.261,951.424
2025-11-22 15:02:35,mlx5_2,0.000,0.000,0.000,0.000
2025-11-22 15:02:35,mlx5_3,0.000,0.000,0.000,0.000
2025-11-22 15:02:35,mlx5_4,0.000,0.000,0.000,0.000
2025-11-22 15:02:35,mlx5_5,0.000,0.000,412.792,980.557
2025-11-22 15:02:35,mlx5_6,0.000,0.000,0.000,0.000
2025-11-22 15:02:35,mlx5_7,0.000,0.000,0.000,0.000
2025-11-22 15:02:35,mlx5_8,0.000,0.000,0.000,0.000
2025-11-22 15:02:35,mlx5_9,0.000,0.000,0.000,0.000
2025-11-22 15:02:35,TOTAL,0.000,0.000,822.053,1931.981
2025-11-22 15:02:36,mlx5_0,0.000,0.000,0.000,0.000
2025-11-22 15:02:36,mlx5_1,17.224,0.021,411.425,951.427
2025-11-22 15:02:36,mlx5_2,0.000,0.000,0.000,0.000
2025-11-22 15:02:36,mlx5_3,0.000,0.000,0.000,0.000
2025-11-22 15:02:36,mlx5_4,0.000,0.000,0.000,0.000
2025-11-22 15:02:36,mlx5_5,17.677,0.022,415.012,980.560
2025-11-22 15:02:36,mlx5_6,0.000,0.000,0.000,0.000
2025-11-22 15:02:36,mlx5_7,0.000,0.000,0.000,0.000
2025-11-22 15:02:36,mlx5_8,0.000,0.000,0.000,0.000
2025-11-22 15:02:36,mlx5_9,0.000,0.000,0.000,0.000
2025-11-22 15:02:36,TOTAL,34.901,0.042,826.437,1931.986
2025-11-22 15:02:37,mlx5_0,0.000,0.000,0.000,0.000
2025-11-22 15:02:37,mlx5_1,0.000,0.000,411.425,951.427
2025-11-22 15:02:37,mlx5_2,0.000,0.000,0.000,0.000
2025-11-22 15:02:37,mlx5_3,0.000,0.000,0.000,0.000
2025-11-22 15:02:37,mlx5_4,0.000,0.000,0.000,0.000
2025-11-22 15:02:37,mlx5_5,0.000,0.000,415.012,980.560
2025-11-22 15:02:37,mlx5_6,0.000,0.000,0.000,0.000
2025-11-22 15:02:37,mlx5_7,0.000,0.000,0.000,0.000
2025-11-22 15:02:37,mlx5_8,0.000,0.000,0.000,0.000
2025-11-22 15:02:37,mlx5_9,0.000,0.000,0.000,0.000
2025-11-22 15:02:37,TOTAL,0.000,0.000,826.437,1931.986
2025-11-22 15:02:38,mlx5_0,0.000,0.000,0.000,0.000
2025-11-22 15:02:38,mlx5_1,0.000,0.000,411.425,951.427
2025-11-22 15:02:38,mlx5_2,0.000,0.000,0.000,0.000
2025-11-22 15:02:38,mlx5_3,0.000,0.000,0.000,0.000
2025-11-22 15:02:38,mlx5_4,0.000,0.000,0.000,0.000
2025-11-22 15:02:38,mlx5_5,0.000,0.000,415.012,980.560
2025-11-22 15:02:38,mlx5_6,0.000,0.000,0.000,0.000
2025-11-22 15:02:38,mlx5_7,0.000,0.000,0.000,0.000
2025-11-22 15:02:38,mlx5_8,0.000,0.000,0.000,0.000
2025-11-22 15:02:38,mlx5_9,0.000,0.000,0.000,0.000
2025-11-22 15:02:38,TOTAL,0.000,0.000,826.437,1931.986
2025-11-22 15:02:39,mlx5_0,0.000,0.000,0.000,0.000
2025-11-22 15:02:39,mlx5_1,18.605,0.022,413.762,951.430
2025-11-22 15:02:39,mlx5_2,0.000,0.000,0.000,0.000
2025-11-22 15:02:39,mlx5_3,0.000,0.000,0.000,0.000
2025-11-22 15:02:39,mlx5_4,0.000,0.000,0.000,0.000
2025-11-22 15:02:39,mlx5_5,18.625,0.023,417.351,980.563
2025-11-22 15:02:39,mlx5_6,0.000,0.000,0.000,0.000
2025-11-22 15:02:39,mlx5_7,0.000,0.000,0.000,0.000
2025-11-22 15:02:39,mlx5_8,0.000,0.000,0.000,0.000
2025-11-22 15:02:39,mlx5_9,0.000,0.000,0.000,0.000
2025-11-22 15:02:39,TOTAL,37.230,0.045,831.113,1931.992
2025-11-22 15:02:40,mlx5_0,0.000,0.000,0.000,0.000
2025-11-22 15:02:40,mlx5_1,0.000,0.000,413.762,951.430
2025-11-22 15:02:40,mlx5_2,0.000,0.000,0.000,0.000
2025-11-22 15:02:40,mlx5_3,0.000,0.000,0.000,0.000
2025-11-22 15:02:40,mlx5_4,0.000,0.000,0.000,0.000
2025-11-22 15:02:40,mlx5_5,0.000,0.000,417.351,980.563
2025-11-22 15:02:40,mlx5_6,0.000,0.000,0.000,0.000
2025-11-22 15:02:40,mlx5_7,0.000,0.000,0.000,0.000
2025-11-22 15:02:40,mlx5_8,0.000,0.000,0.000,0.000
2025-11-22 15:02:40,mlx5_9,0.000,0.000,0.000,0.000
2025-11-22 15:02:40,TOTAL,0.000,0.000,831.113,1931.992
2025-11-22 15:02:41,mlx5_0,0.000,0.000,0.000,0.000
2025-11-22 15:02:41,mlx5_1,0.000,0.000,413.762,951.430
2025-11-22 15:02:41,mlx5_2,0.000,0.000,0.000,0.000
2025-11-22 15:02:41,mlx5_3,0.000,0.000,0.000,0.000
2025-11-22 15:02:41,mlx5_4,0.000,0.000,0.000,0.000
2025-11-22 15:02:41,mlx5_5,0.000,0.000,417.351,980.563
2025-11-22 15:02:41,mlx5_6,0.000,0.000,0.000,0.000
2025-11-22 15:02:41,mlx5_7,0.000,0.000,0.000,0.000
2025-11-22 15:02:41,mlx5_8,0.000,0.000,0.000,0.000
2025-11-22 15:02:41,mlx5_9,0.000,0.000,0.000,0.000
2025-11-22 15:02:41,TOTAL,0.000,0.000,831.113,1931.992
2025-11-22 15:02:42,mlx5_0,0.000,0.000,0.000,0.000
2025-11-22 15:02:42,mlx5_1,0.000,0.000,413.762,951.430
2025-11-22 15:02:42,mlx5_2,0.000,0.000,0.000,0.000
2025-11-22 15:02:42,mlx5_3,0.000,0.000,0.000,0.000
2025-11-22 15:02:42,mlx5_4,0.000,0.000,0.000,0.000
2025-11-22 15:02:42,mlx5_5,0.000,0.000,417.351,980.563
2025-11-22 15:02:42,mlx5_6,0.000,0.000,0.000,0.000
2025-11-22 15:02:42,mlx5_7,0.000,0.000,0.000,0.000
2025-11-22 15:02:42,mlx5_8,0.000,0.000,0.000,0.000
2025-11-22 15:02:42,mlx5_9,0.000,0.000,0.000,0.000
2025-11-22 15:02:42,TOTAL,0.000,0.000,831.113,1931.992
2025-11-22 15:02:43,mlx5_0,0.000,0.000,0.000,0.000
2025-11-22 15:02:43,mlx5_1,18.629,0.023,416.102,951.433
2025-11-22 15:02:43,mlx5_2,0.000,0.000,0.000,0.000
2025-11-22 15:02:43,mlx5_3,0.000,0.000,0.000,0.000
2025-11-22 15:02:43,mlx5_4,0.000,0.000,0.000,0.000
2025-11-22 15:02:43,mlx5_5,18.599,0.023,419.688,980.565
2025-11-22 15:02:43,mlx5_6,0.000,0.000,0.000,0.000
2025-11-22 15:02:43,mlx5_7,0.000,0.000,0.000,0.000
2025-11-22 15:02:43,mlx5_8,0.000,0.000,0.000,0.000
2025-11-22 15:02:43,mlx5_9,0.000,0.000,0.000,0.000
2025-11-22 15:02:43,TOTAL,37.228,0.046,835.789,1931.998
2025-11-22 15:02:44,mlx5_0,0.000,0.000,0.000,0.000
2025-11-22 15:02:44,mlx5_1,0.000,0.000,416.102,951.433
2025-11-22 15:02:44,mlx5_2,0.000,0.000,0.000,0.000
2025-11-22 15:02:44,mlx5_3,0.000,0.000,0.000,0.000
2025-11-22 15:02:44,mlx5_4,0.000,0.000,0.000,0.000
2025-11-22 15:02:44,mlx5_5,0.000,0.000,419.688,980.565
2025-11-22 15:02:44,mlx5_6,0.000,0.000,0.000,0.000
2025-11-22 15:02:44,mlx5_7,0.000,0.000,0.000,0.000
2025-11-22 15:02:44,mlx5_8,0.000,0.000,0.000,0.000
2025-11-22 15:02:44,mlx5_9,0.000,0.000,0.000,0.000
2025-11-22 15:02:44,TOTAL,0.000,0.000,835.789,1931.998
2025-11-22 15:02:45,mlx5_0,0.000,0.000,0.000,0.000
2025-11-22 15:02:45,mlx5_1,0.000,0.000,416.102,951.433
2025-11-22 15:02:45,mlx5_2,0.000,0.000,0.000,0.000
2025-11-22 15:02:45,mlx5_3,0.000,0.000,0.000,0.000
2025-11-22 15:02:45,mlx5_4,0.000,0.000,0.000,0.000
2025-11-22 15:02:45,mlx5_5,0.000,0.000,419.688,980.565
2025-11-22 15:02:45,mlx5_6,0.000,0.000,0.000,0.000
2025-11-22 15:02:45,mlx5_7,0.000,0.000,0.000,0.000
2025-11-22 15:02:45,mlx5_8,0.000,0.000,0.000,0.000
2025-11-22 15:02:45,mlx5_9,0.000,0.000,0.000,0.000
2025-11-22 15:02:45,TOTAL,0.000,0.000,835.789,1931.998
2025-11-22 15:02:46,mlx5_0,0.000,0.000,0.000,0.000
2025-11-22 15:02:46,mlx5_1,0.000,0.000,416.102,951.433
2025-11-22 15:02:46,mlx5_2,0.000,0.000,0.000,0.000
2025-11-22 15:02:46,mlx5_3,0.000,0.000,0.000,0.000
2025-11-22 15:02:46,mlx5_4,0.000,0.000,0.000,0.000
2025-11-22 15:02:46,mlx5_5,0.000,0.000,419.688,980.565
2025-11-22 15:02:46,mlx5_6,0.000,0.000,0.000,0.000
2025-11-22 15:02:46,mlx5_7,0.000,0.000,0.000,0.000
2025-11-22 15:02:46,mlx5_8,0.000,0.000,0.000,0.000
2025-11-22 15:02:46,mlx5_9,0.000,0.000,0.000,0.000
2025-11-22 15:02:46,TOTAL,0.000,0.000,835.789,1931.998
2025-11-22 15:02:47,mlx5_0,0.000,0.000,0.000,0.000
2025-11-22 15:02:47,mlx5_1,18.680,0.022,418.449,951.435
2025-11-22 15:02:47,mlx5_2,0.000,0.000,0.000,0.000
2025-11-22 15:02:47,mlx5_3,0.000,0.000,0.000,0.000
2025-11-22 15:02:47,mlx5_4,0.000,0.000,0.000,0.000
2025-11-22 15:02:47,mlx5_5,18.535,0.023,422.017,980.568
2025-11-22 15:02:47,mlx5_6,0.000,0.000,0.000,0.000
2025-11-22 15:02:47,mlx5_7,0.000,0.000,0.000,0.000
2025-11-22 15:02:47,mlx5_8,0.000,0.000,0.000,0.000
2025-11-22 15:02:47,mlx5_9,0.000,0.000,0.000,0.000
2025-11-22 15:02:47,TOTAL,37.216,0.045,840.465,1932.004
2025-11-22 15:02:48,mlx5_0,0.000,0.000,0.000,0.000
2025-11-22 15:02:48,mlx5_1,0.000,0.000,418.449,951.435
2025-11-22 15:02:48,mlx5_2,0.000,0.000,0.000,0.000
2025-11-22 15:02:48,mlx5_3,0.000,0.000,0.000,0.000
2025-11-22 15:02:48,mlx5_4,0.000,0.000,0.000,0.000
2025-11-22 15:02:48,mlx5_5,0.000,0.000,422.017,980.568
2025-11-22 15:02:48,mlx5_6,0.000,0.000,0.000,0.000
2025-11-22 15:02:48,mlx5_7,0.000,0.000,0.000,0.000
2025-11-22 15:02:48,mlx5_8,0.000,0.000,0.000,0.000
2025-11-22 15:02:48,mlx5_9,0.000,0.000,0.000,0.000
2025-11-22 15:02:48,TOTAL,0.000,0.000,840.465,1932.004
2025-11-22 15:02:49,mlx5_0,0.000,0.000,0.000,0.000
2025-11-22 15:02:49,mlx5_1,0.000,0.000,418.449,951.435
2025-11-22 15:02:49,mlx5_2,0.000,0.000,0.000,0.000
2025-11-22 15:02:49,mlx5_3,0.000,0.000,0.000,0.000
2025-11-22 15:02:49,mlx5_4,0.000,0.000,0.000,0.000
2025-11-22 15:02:49,mlx5_5,0.000,0.000,422.017,980.568
2025-11-22 15:02:49,mlx5_6,0.000,0.000,0.000,0.000
2025-11-22 15:02:49,mlx5_7,0.000,0.000,0.000,0.000
2025-11-22 15:02:49,mlx5_8,0.000,0.000,0.000,0.000
2025-11-22 15:02:49,mlx5_9,0.000,0.000,0.000,0.000
2025-11-22 15:02:49,TOTAL,0.000,0.000,840.465,1932.004
2025-11-22 15:02:50,mlx5_0,0.000,0.000,0.000,0.000
2025-11-22 15:02:50,mlx5_1,0.000,0.000,418.449,951.435
2025-11-22 15:02:50,mlx5_2,0.000,0.000,0.000,0.000
2025-11-22 15:02:50,mlx5_3,0.000,0.000,0.000,0.000
2025-11-22 15:02:50,mlx5_4,0.000,0.000,0.000,0.000
2025-11-22 15:02:50,mlx5_5,0.000,0.000,422.017,980.568
2025-11-22 15:02:50,mlx5_6,0.000,0.000,0.000,0.000
2025-11-22 15:02:50,mlx5_7,0.000,0.000,0.000,0.000
2025-11-22 15:02:50,mlx5_8,0.000,0.000,0.000,0.000
2025-11-22 15:02:50,mlx5_9,0.000,0.000,0.000,0.000
2025-11-22 15:02:50,TOTAL,0.000,0.000,840.465,1932.004
2025-11-22 15:02:51,mlx5_0,0.000,0.000,0.000,0.000
2025-11-22 15:02:51,mlx5_1,18.597,0.022,420.785,951.438
2025-11-22 15:02:51,mlx5_2,0.000,0.000,0.000,0.000
2025-11-22 15:02:51,mlx5_3,0.000,0.000,0.000,0.000
2025-11-22 15:02:51,mlx5_4,0.000,0.000,0.000,0.000
2025-11-22 15:02:51,mlx5_5,18.625,0.023,424.356,980.571
2025-11-22 15:02:51,mlx5_6,0.000,0.000,0.000,0.000
2025-11-22 15:02:51,mlx5_7,0.000,0.000,0.000,0.000
2025-11-22 15:02:51,mlx5_8,0.000,0.000,0.000,0.000
2025-11-22 15:02:51,mlx5_9,0.000,0.000,0.000,0.000
2025-11-22 15:02:51,TOTAL,37.222,0.045,845.141,1932.009
2025-11-22 15:02:52,mlx5_0,0.000,0.000,0.000,0.000
2025-11-22 15:02:52,mlx5_1,0.000,0.000,420.785,951.438
2025-11-22 15:02:52,mlx5_2,0.000,0.000,0.000,0.000
2025-11-22 15:02:52,mlx5_3,0.000,0.000,0.000,0.000
2025-11-22 15:02:52,mlx5_4,0.000,0.000,0.000,0.000
2025-11-22 15:02:52,mlx5_5,0.000,0.000,424.356,980.571
2025-11-22 15:02:52,mlx5_6,0.000,0.000,0.000,0.000
2025-11-22 15:02:52,mlx5_7,0.000,0.000,0.000,0.000
2025-11-22 15:02:52,mlx5_8,0.000,0.000,0.000,0.000
2025-11-22 15:02:52,mlx5_9,0.000,0.000,0.000,0.000
2025-11-22 15:02:52,TOTAL,0.000,0.000,845.141,1932.009
2025-11-22 15:02:53,mlx5_0,0.000,0.000,0.000,0.000
2025-11-22 15:02:53,mlx5_1,0.000,0.000,420.785,951.438
2025-11-22 15:02:53,mlx5_2,0.000,0.000,0.000,0.000
2025-11-22 15:02:53,mlx5_3,0.000,0.000,0.000,0.000
2025-11-22 15:02:53,mlx5_4,0.000,0.000,0.000,0.000
2025-11-22 15:02:53,mlx5_5,0.000,0.000,424.356,980.571
2025-11-22 15:02:53,mlx5_6,0.000,0.000,0.000,0.000
2025-11-22 15:02:53,mlx5_7,0.000,0.000,0.000,0.000
2025-11-22 15:02:53,mlx5_8,0.000,0.000,0.000,0.000
2025-11-22 15:02:53,mlx5_9,0.000,0.000,0.000,0.000
2025-11-22 15:02:53,TOTAL,0.000,0.000,845.141,1932.009
2025-11-22 15:02:54,mlx5_0,0.000,0.000,0.000,0.000
2025-11-22 15:02:54,mlx5_1,0.000,0.000,420.785,951.438
2025-11-22 15:02:54,mlx5_2,0.000,0.000,0.000,0.000
2025-11-22 15:02:54,mlx5_3,0.000,0.000,0.000,0.000
2025-11-22 15:02:54,mlx5_4,0.000,0.000,0.000,0.000
2025-11-22 15:02:54,mlx5_5,0.000,0.000,424.356,980.571
2025-11-22 15:02:54,mlx5_6,0.000,0.000,0.000,0.000
2025-11-22 15:02:54,mlx5_7,0.000,0.000,0.000,0.000
2025-11-22 15:02:54,mlx5_8,0.000,0.000,0.000,0.000
2025-11-22 15:02:54,mlx5_9,0.000,0.000,0.000,0.000
2025-11-22 15:02:54,TOTAL,0.000,0.000,845.141,1932.009
2025-11-22 15:02:55,mlx5_0,0.000,0.000,0.000,0.000
2025-11-22 15:02:55,mlx5_1,0.000,0.000,420.785,951.438
2025-11-22 15:02:55,mlx5_2,0.000,0.000,0.000,0.000
2025-11-22 15:02:55,mlx5_3,0.000,0.000,0.000,0.000
2025-11-22 15:02:55,mlx5_4,0.000,0.000,0.000,0.000
2025-11-22 15:02:55,mlx5_5,0.000,0.000,424.356,980.571
2025-11-22 15:02:55,mlx5_6,0.000,0.000,0.000,0.000
2025-11-22 15:02:55,mlx5_7,0.000,0.000,0.000,0.000
2025-11-22 15:02:55,mlx5_8,0.000,0.000,0.000,0.000
2025-11-22 15:02:55,mlx5_9,0.000,0.000,0.000,0.000
2025-11-22 15:02:55,TOTAL,0.000,0.000,845.141,1932.009
2025-11-22 15:02:56,mlx5_0,0.000,0.000,0.000,0.000
2025-11-22 15:02:56,mlx5_1,19.193,112.413,423.196,965.558
2025-11-22 15:02:56,mlx5_2,0.000,0.000,0.000,0.000
2025-11-22 15:02:56,mlx5_3,0.000,0.000,0.000,0.000
2025-11-22 15:02:56,mlx5_4,0.000,0.000,0.000,0.000
2025-11-22 15:02:56,mlx5_5,19.480,114.212,426.803,994.917
2025-11-22 15:02:56,mlx5_6,0.000,0.000,0.000,0.000
2025-11-22 15:02:56,mlx5_7,0.000,0.000,0.000,0.000
2025-11-22 15:02:56,mlx5_8,0.000,0.000,0.000,0.000
2025-11-22 15:02:56,mlx5_9,0.000,0.000,0.000,0.000
2025-11-22 15:02:56,TOTAL,38.673,226.625,849.999,1960.474
2025-11-22 15:02:57,mlx5_0,0.000,0.000,0.000,0.000
2025-11-22 15:02:57,mlx5_1,0.000,0.000,423.196,965.558
2025-11-22 15:02:57,mlx5_2,0.000,0.000,0.000,0.000
2025-11-22 15:02:57,mlx5_3,0.000,0.000,0.000,0.000
2025-11-22 15:02:57,mlx5_4,0.000,0.000,0.000,0.000
2025-11-22 15:02:57,mlx5_5,0.000,0.000,426.803,994.917
2025-11-22 15:02:57,mlx5_6,0.000,0.000,0.000,0.000
2025-11-22 15:02:57,mlx5_7,0.000,0.000,0.000,0.000
2025-11-22 15:02:57,mlx5_8,0.000,0.000,0.000,0.000
2025-11-22 15:02:57,mlx5_9,0.000,0.000,0.000,0.000
2025-11-22 15:02:57,TOTAL,0.000,0.000,849.999,1960.474
2025-11-22 15:02:58,mlx5_0,0.000,0.000,0.000,0.000
2025-11-22 15:02:58,mlx5_1,0.000,0.000,423.196,965.558
2025-11-22 15:02:58,mlx5_2,0.000,0.000,0.000,0.000
2025-11-22 15:02:58,mlx5_3,0.000,0.000,0.000,0.000
2025-11-22 15:02:58,mlx5_4,0.000,0.000,0.000,0.000
2025-11-22 15:02:58,mlx5_5,0.000,0.000,426.803,994.917
2025-11-22 15:02:58,mlx5_6,0.000,0.000,0.000,0.000
2025-11-22 15:02:58,mlx5_7,0.000,0.000,0.000,0.000
2025-11-22 15:02:58,mlx5_8,0.000,0.000,0.000,0.000
2025-11-22 15:02:58,mlx5_9,0.000,0.000,0.000,0.000
2025-11-22 15:02:58,TOTAL,0.000,0.000,849.999,1960.474
2025-11-22 15:02:59,mlx5_0,0.000,0.000,0.000,0.000
2025-11-22 15:02:59,mlx5_1,0.000,0.000,423.196,965.558
2025-11-22 15:02:59,mlx5_2,0.000,0.000,0.000,0.000
2025-11-22 15:02:59,mlx5_3,0.000,0.000,0.000,0.000
2025-11-22 15:02:59,mlx5_4,0.000,0.000,0.000,0.000
2025-11-22 15:02:59,mlx5_5,0.000,0.000,426.803,994.917
2025-11-22 15:02:59,mlx5_6,0.000,0.000,0.000,0.000
2025-11-22 15:02:59,mlx5_7,0.000,0.000,0.000,0.000
2025-11-22 15:02:59,mlx5_8,0.000,0.000,0.000,0.000
2025-11-22 15:02:59,mlx5_9,0.000,0.000,0.000,0.000
2025-11-22 15:02:59,TOTAL,0.000,0.000,849.999,1960.474
2025-11-22 15:03:00,mlx5_0,0.000,0.000,0.000,0.000
2025-11-22 15:03:00,mlx5_1,18.964,0.023,425.578,965.561
2025-11-22 15:03:00,mlx5_2,0.000,0.000,0.000,0.000
2025-11-22 15:03:00,mlx5_3,0.000,0.000,0.000,0.000
2025-11-22 15:03:00,mlx5_4,0.000,0.000,0.000,0.000
2025-11-22 15:03:00,mlx5_5,18.993,0.023,429.189,994.920
2025-11-22 15:03:00,mlx5_6,0.000,0.000,0.000,0.000
2025-11-22 15:03:00,mlx5_7,0.000,0.000,0.000,0.000
2025-11-22 15:03:00,mlx5_8,0.000,0.000,0.000,0.000
2025-11-22 15:03:00,mlx5_9,0.000,0.000,0.000,0.000
2025-11-22 15:03:00,TOTAL,37.956,0.046,854.766,1960.480
2025-11-22 15:03:01,mlx5_0,0.000,0.000,0.000,0.000
2025-11-22 15:03:01,mlx5_1,0.000,0.000,425.578,965.561
2025-11-22 15:03:01,mlx5_2,0.000,0.000,0.000,0.000
2025-11-22 15:03:01,mlx5_3,0.000,0.000,0.000,0.000
2025-11-22 15:03:01,mlx5_4,0.000,0.000,0.000,0.000
2025-11-22 15:03:01,mlx5_5,0.000,0.000,429.189,994.920
2025-11-22 15:03:01,mlx5_6,0.000,0.000,0.000,0.000
2025-11-22 15:03:01,mlx5_7,0.000,0.000,0.000,0.000
2025-11-22 15:03:01,mlx5_8,0.000,0.000,0.000,0.000
2025-11-22 15:03:01,mlx5_9,0.000,0.000,0.000,0.000
2025-11-22 15:03:01,TOTAL,0.000,0.000,854.766,1960.480
2025-11-22 15:03:02,mlx5_0,0.000,0.000,0.000,0.000
2025-11-22 15:03:02,mlx5_1,0.000,0.000,425.578,965.561
2025-11-22 15:03:02,mlx5_2,0.000,0.000,0.000,0.000
2025-11-22 15:03:02,mlx5_3,0.000,0.000,0.000,0.000
2025-11-22 15:03:02,mlx5_4,0.000,0.000,0.000,0.000
2025-11-22 15:03:02,mlx5_5,0.000,0.000,429.189,994.920
2025-11-22 15:03:02,mlx5_6,0.000,0.000,0.000,0.000
2025-11-22 15:03:02,mlx5_7,0.000,0.000,0.000,0.000
2025-11-22 15:03:02,mlx5_8,0.000,0.000,0.000,0.000
2025-11-22 15:03:02,mlx5_9,0.000,0.000,0.000,0.000
2025-11-22 15:03:02,TOTAL,0.000,0.000,854.766,1960.480
2025-11-22 15:03:03,mlx5_0,0.000,0.000,0.000,0.000
2025-11-22 15:03:03,mlx5_1,18.668,0.022,427.922,965.563
2025-11-22 15:03:03,mlx5_2,0.000,0.000,0.000,0.000
2025-11-22 15:03:03,mlx5_3,0.000,0.000,0.000,0.000
2025-11-22 15:03:03,mlx5_4,0.000,0.000,0.000,0.000
2025-11-22 15:03:03,mlx5_5,18.560,0.023,431.520,994.922
2025-11-22 15:03:03,mlx5_6,0.000,0.000,0.000,0.000
2025-11-22 15:03:03,mlx5_7,0.000,0.000,0.000,0.000
2025-11-22 15:03:03,mlx5_8,0.000,0.000,0.000,0.000
2025-11-22 15:03:03,mlx5_9,0.000,0.000,0.000,0.000
2025-11-22 15:03:03,TOTAL,37.228,0.045,859.442,1960.486
2025-11-22 15:03:04,mlx5_0,0.000,0.000,0.000,0.000
2025-11-22 15:03:04,mlx5_1,0.000,0.000,427.922,965.563
2025-11-22 15:03:04,mlx5_2,0.000,0.000,0.000,0.000
2025-11-22 15:03:04,mlx5_3,0.000,0.000,0.000,0.000
2025-11-22 15:03:04,mlx5_4,0.000,0.000,0.000,0.000
2025-11-22 15:03:04,mlx5_5,0.000,0.000,431.520,994.922
2025-11-22 15:03:04,mlx5_6,0.000,0.000,0.000,0.000
2025-11-22 15:03:04,mlx5_7,0.000,0.000,0.000,0.000
2025-11-22 15:03:04,mlx5_8,0.000,0.000,0.000,0.000
2025-11-22 15:03:04,mlx5_9,0.000,0.000,0.000,0.000
2025-11-22 15:03:04,TOTAL,0.000,0.000,859.442,1960.486
2025-11-22 15:03:05,mlx5_0,0.000,0.000,0.000,0.000
2025-11-22 15:03:05,mlx5_1,0.000,0.000,427.922,965.563
2025-11-22 15:03:05,mlx5_2,0.000,0.000,0.000,0.000
2025-11-22 15:03:05,mlx5_3,0.000,0.000,0.000,0.000
2025-11-22 15:03:05,mlx5_4,0.000,0.000,0.000,0.000
2025-11-22 15:03:05,mlx5_5,0.000,0.000,431.520,994.922
2025-11-22 15:03:05,mlx5_6,0.000,0.000,0.000,0.000
2025-11-22 15:03:05,mlx5_7,0.000,0.000,0.000,0.000
2025-11-22 15:03:05,mlx5_8,0.000,0.000,0.000,0.000
2025-11-22 15:03:05,mlx5_9,0.000,0.000,0.000,0.000
2025-11-22 15:03:05,TOTAL,0.000,0.000,859.442,1960.486
2025-11-22 15:03:06,mlx5_0,0.000,0.000,0.000,0.000
2025-11-22 15:03:06,mlx5_1,0.000,0.000,427.922,965.563
2025-11-22 15:03:06,mlx5_2,0.000,0.000,0.000,0.000
2025-11-22 15:03:06,mlx5_3,0.000,0.000,0.000,0.000
2025-11-22 15:03:06,mlx5_4,0.000,0.000,0.000,0.000
2025-11-22 15:03:06,mlx5_5,0.000,0.000,431.520,994.922
2025-11-22 15:03:06,mlx5_6,0.000,0.000,0.000,0.000
2025-11-22 15:03:06,mlx5_7,0.000,0.000,0.000,0.000
2025-11-22 15:03:06,mlx5_8,0.000,0.000,0.000,0.000
2025-11-22 15:03:06,mlx5_9,0.000,0.000,0.000,0.000
2025-11-22 15:03:06,TOTAL,0.000,0.000,859.442,1960.486
2025-11-22 15:03:07,mlx5_0,0.000,0.000,0.000,0.000
2025-11-22 15:03:07,mlx5_1,18.370,0.022,430.228,965.566
2025-11-22 15:03:07,mlx5_2,0.000,0.000,0.000,0.000
2025-11-22 15:03:07,mlx5_3,0.000,0.000,0.000,0.000
2025-11-22 15:03:07,mlx5_4,0.000,0.000,0.000,0.000
2025-11-22 15:03:07,mlx5_5,18.884,0.023,433.890,994.925
2025-11-22 15:03:07,mlx5_6,0.000,0.000,0.000,0.000
2025-11-22 15:03:07,mlx5_7,0.000,0.000,0.000,0.000
2025-11-22 15:03:07,mlx5_8,0.000,0.000,0.000,0.000
2025-11-22 15:03:07,mlx5_9,0.000,0.000,0.000,0.000
2025-11-22 15:03:07,TOTAL,37.253,0.045,864.118,1960.491
2025-11-22 15:03:08,mlx5_0,0.000,0.000,0.000,0.000
2025-11-22 15:03:08,mlx5_1,0.000,0.000,430.228,965.566
2025-11-22 15:03:08,mlx5_2,0.000,0.000,0.000,0.000
2025-11-22 15:03:08,mlx5_3,0.000,0.000,0.000,0.000
2025-11-22 15:03:08,mlx5_4,0.000,0.000,0.000,0.000
2025-11-22 15:03:08,mlx5_5,0.000,0.000,433.890,994.925
2025-11-22 15:03:08,mlx5_6,0.000,0.000,0.000,0.000
2025-11-22 15:03:08,mlx5_7,0.000,0.000,0.000,0.000
2025-11-22 15:03:08,mlx5_8,0.000,0.000,0.000,0.000
2025-11-22 15:03:08,mlx5_9,0.000,0.000,0.000,0.000
2025-11-22 15:03:08,TOTAL,0.000,0.000,864.118,1960.491
2025-11-22 15:03:09,mlx5_0,0.000,0.000,0.000,0.000
2025-11-22 15:03:09,mlx5_1,0.000,0.000,430.228,965.566
2025-11-22 15:03:09,mlx5_2,0.000,0.000,0.000,0.000
2025-11-22 15:03:09,mlx5_3,0.000,0.000,0.000,0.000
2025-11-22 15:03:09,mlx5_4,0.000,0.000,0.000,0.000
2025-11-22 15:03:09,mlx5_5,0.000,0.000,433.890,994.925
2025-11-22 15:03:09,mlx5_6,0.000,0.000,0.000,0.000
2025-11-22 15:03:09,mlx5_7,0.000,0.000,0.000,0.000
2025-11-22 15:03:09,mlx5_8,0.000,0.000,0.000,0.000
2025-11-22 15:03:09,mlx5_9,0.000,0.000,0.000,0.000
2025-11-22 15:03:09,TOTAL,0.000,0.000,864.118,1960.491
2025-11-22 15:03:10,mlx5_0,0.000,0.000,0.000,0.000
2025-11-22 15:03:10,mlx5_1,0.000,0.000,430.228,965.566
2025-11-22 15:03:10,mlx5_2,0.000,0.000,0.000,0.000
2025-11-22 15:03:10,mlx5_3,0.000,0.000,0.000,0.000
2025-11-22 15:03:10,mlx5_4,0.000,0.000,0.000,0.000
2025-11-22 15:03:10,mlx5_5,0.000,0.000,433.890,994.925
2025-11-22 15:03:10,mlx5_6,0.000,0.000,0.000,0.000
2025-11-22 15:03:10,mlx5_7,0.000,0.000,0.000,0.000
2025-11-22 15:03:10,mlx5_8,0.000,0.000,0.000,0.000
2025-11-22 15:03:10,mlx5_9,0.000,0.000,0.000,0.000
2025-11-22 15:03:10,TOTAL,0.000,0.000,864.118,1960.491
2025-11-22 15:03:11,mlx5_0,0.000,0.000,0.000,0.000
2025-11-22 15:03:11,mlx5_1,18.709,0.023,432.579,965.569
2025-11-22 15:03:11,mlx5_2,0.000,0.000,0.000,0.000
2025-11-22 15:03:11,mlx5_3,0.000,0.000,0.000,0.000
2025-11-22 15:03:11,mlx5_4,0.000,0.000,0.000,0.000
2025-11-22 15:03:11,mlx5_5,18.504,0.023,436.215,994.928
2025-11-22 15:03:11,mlx5_6,0.000,0.000,0.000,0.000
2025-11-22 15:03:11,mlx5_7,0.000,0.000,0.000,0.000
2025-11-22 15:03:11,mlx5_8,0.000,0.000,0.000,0.000
2025-11-22 15:03:11,mlx5_9,0.000,0.000,0.000,0.000
2025-11-22 15:03:11,TOTAL,37.213,0.046,868.795,1960.497
2025-11-22 15:03:12,mlx5_0,0.000,0.000,0.000,0.000
2025-11-22 15:03:12,mlx5_1,0.000,0.000,432.579,965.569
2025-11-22 15:03:12,mlx5_2,0.000,0.000,0.000,0.000
2025-11-22 15:03:12,mlx5_3,0.000,0.000,0.000,0.000
2025-11-22 15:03:12,mlx5_4,0.000,0.000,0.000,0.000
2025-11-22 15:03:12,mlx5_5,0.000,0.000,436.215,994.928
2025-11-22 15:03:12,mlx5_6,0.000,0.000,0.000,0.000
2025-11-22 15:03:12,mlx5_7,0.000,0.000,0.000,0.000
2025-11-22 15:03:12,mlx5_8,0.000,0.000,0.000,0.000
2025-11-22 15:03:12,mlx5_9,0.000,0.000,0.000,0.000
2025-11-22 15:03:12,TOTAL,0.000,0.000,868.795,1960.497
2025-11-22 15:03:13,mlx5_0,0.000,0.000,0.000,0.000
2025-11-22 15:03:13,mlx5_1,0.000,0.000,432.579,965.569
2025-11-22 15:03:13,mlx5_2,0.000,0.000,0.000,0.000
2025-11-22 15:03:13,mlx5_3,0.000,0.000,0.000,0.000
2025-11-22 15:03:13,mlx5_4,0.000,0.000,0.000,0.000
2025-11-22 15:03:13,mlx5_5,0.000,0.000,436.215,994.928
2025-11-22 15:03:13,mlx5_6,0.000,0.000,0.000,0.000
2025-11-22 15:03:13,mlx5_7,0.000,0.000,0.000,0.000
2025-11-22 15:03:13,mlx5_8,0.000,0.000,0.000,0.000
2025-11-22 15:03:13,mlx5_9,0.000,0.000,0.000,0.000
2025-11-22 15:03:13,TOTAL,0.000,0.000,868.795,1960.497
2025-11-22 15:03:14,mlx5_0,0.000,0.000,0.000,0.000
2025-11-22 15:03:14,mlx5_1,0.000,0.000,432.579,965.569
2025-11-22 15:03:14,mlx5_2,0.000,0.000,0.000,0.000
2025-11-22 15:03:14,mlx5_3,0.000,0.000,0.000,0.000
2025-11-22 15:03:14,mlx5_4,0.000,0.000,0.000,0.000
2025-11-22 15:03:14,mlx5_5,0.000,0.000,436.215,994.928
2025-11-22 15:03:14,mlx5_6,0.000,0.000,0.000,0.000
2025-11-22 15:03:14,mlx5_7,0.000,0.000,0.000,0.000
2025-11-22 15:03:14,mlx5_8,0.000,0.000,0.000,0.000
2025-11-22 15:03:14,mlx5_9,0.000,0.000,0.000,0.000
2025-11-22 15:03:14,TOTAL,0.000,0.000,868.795,1960.497
2025-11-22 15:03:15,mlx5_0,0.000,0.000,0.000,0.000
2025-11-22 15:03:15,mlx5_1,0.000,0.000,432.579,965.569
2025-11-22 15:03:15,mlx5_2,0.000,0.000,0.000,0.000
2025-11-22 15:03:15,mlx5_3,0.000,0.000,0.000,0.000
2025-11-22 15:03:15,mlx5_4,0.000,0.000,0.000,0.000
2025-11-22 15:03:15,mlx5_5,0.000,0.000,436.215,994.928
2025-11-22 15:03:15,mlx5_6,0.000,0.000,0.000,0.000
2025-11-22 15:03:15,mlx5_7,0.000,0.000,0.000,0.000
2025-11-22 15:03:15,mlx5_8,0.000,0.000,0.000,0.000
2025-11-22 15:03:15,mlx5_9,0.000,0.000,0.000,0.000
2025-11-22 15:03:15,TOTAL,0.001,0.001,868.795,1960.497
2025-11-22 15:03:16,mlx5_0,0.000,0.000,0.000,0.000
2025-11-22 15:03:16,mlx5_1,18.548,0.022,434.909,965.572
2025-11-22 15:03:16,mlx5_2,0.000,0.000,0.000,0.000
2025-11-22 15:03:16,mlx5_3,0.000,0.000,0.000,0.000
2025-11-22 15:03:16,mlx5_4,0.000,0.000,0.000,0.000
2025-11-22 15:03:16,mlx5_5,18.675,0.023,438.561,994.931
2025-11-22 15:03:16,mlx5_6,0.000,0.000,0.000,0.000
2025-11-22 15:03:16,mlx5_7,0.000,0.000,0.000,0.000
2025-11-22 15:03:16,mlx5_8,0.000,0.000,0.000,0.000
2025-11-22 15:03:16,mlx5_9,0.000,0.000,0.000,0.000
2025-11-22 15:03:16,TOTAL,37.223,0.045,873.471,1960.503
2025-11-22 15:03:17,mlx5_0,0.000,0.000,0.000,0.000
2025-11-22 15:03:17,mlx5_1,0.000,0.000,434.909,965.572
2025-11-22 15:03:17,mlx5_2,0.000,0.000,0.000,0.000
2025-11-22 15:03:17,mlx5_3,0.000,0.000,0.000,0.000
2025-11-22 15:03:17,mlx5_4,0.000,0.000,0.000,0.000
2025-11-22 15:03:17,mlx5_5,0.000,0.000,438.561,994.931
2025-11-22 15:03:17,mlx5_6,0.000,0.000,0.000,0.000
2025-11-22 15:03:17,mlx5_7,0.000,0.000,0.000,0.000
2025-11-22 15:03:17,mlx5_8,0.000,0.000,0.000,0.000
2025-11-22 15:03:17,mlx5_9,0.000,0.000,0.000,0.000
2025-11-22 15:03:17,TOTAL,0.000,0.000,873.471,1960.503
2025-11-22 15:03:18,mlx5_0,0.000,0.000,0.000,0.000
2025-11-22 15:03:18,mlx5_1,0.000,0.000,434.909,965.572
2025-11-22 15:03:18,mlx5_2,0.000,0.000,0.000,0.000
2025-11-22 15:03:18,mlx5_3,0.000,0.000,0.000,0.000
2025-11-22 15:03:18,mlx5_4,0.000,0.000,0.000,0.000
2025-11-22 15:03:18,mlx5_5,0.000,0.000,438.561,994.931
2025-11-22 15:03:18,mlx5_6,0.000,0.000,0.000,0.000
2025-11-22 15:03:18,mlx5_7,0.000,0.000,0.000,0.000
2025-11-22 15:03:18,mlx5_8,0.000,0.000,0.000,0.000
2025-11-22 15:03:18,mlx5_9,0.000,0.000,0.000,0.000
2025-11-22 15:03:18,TOTAL,0.000,0.000,873.471,1960.503
2025-11-22 15:03:19,mlx5_0,0.000,0.000,0.000,0.000
2025-11-22 15:03:19,mlx5_1,0.000,0.000,434.909,965.572
2025-11-22 15:03:19,mlx5_2,0.000,0.000,0.000,0.000
2025-11-22 15:03:19,mlx5_3,0.000,0.000,0.000,0.000
2025-11-22 15:03:19,mlx5_4,0.000,0.000,0.000,0.000
2025-11-22 15:03:19,mlx5_5,0.000,0.000,438.561,994.931
2025-11-22 15:03:19,mlx5_6,0.000,0.000,0.000,0.000
2025-11-22 15:03:19,mlx5_7,0.000,0.000,0.000,0.000
2025-11-22 15:03:19,mlx5_8,0.000,0.000,0.000,0.000
2025-11-22 15:03:19,mlx5_9,0.000,0.000,0.000,0.000
2025-11-22 15:03:19,TOTAL,0.000,0.000,873.471,1960.503
2025-11-22 15:03:20,mlx5_0,0.000,0.000,0.000,0.000
2025-11-22 15:03:20,mlx5_1,19.013,71.951,437.298,974.611
2025-11-22 15:03:20,mlx5_2,0.000,0.000,0.000,0.000
2025-11-22 15:03:20,mlx5_3,0.000,0.000,0.000,0.000
2025-11-22 15:03:20,mlx5_4,0.000,0.000,0.000,0.000
2025-11-22 15:03:20,mlx5_5,19.172,74.507,440.970,1004.291
2025-11-22 15:03:20,mlx5_6,0.000,0.000,0.000,0.000
2025-11-22 15:03:20,mlx5_7,0.000,0.000,0.000,0.000
2025-11-22 15:03:20,mlx5_8,0.000,0.000,0.000,0.000
2025-11-22 15:03:20,mlx5_9,0.000,0.000,0.000,0.000
2025-11-22 15:03:20,TOTAL,38.185,146.457,878.268,1978.902
2025-11-22 15:03:21,mlx5_0,0.000,0.000,0.000,0.000
2025-11-22 15:03:21,mlx5_1,0.208,39.714,437.324,979.601
2025-11-22 15:03:21,mlx5_2,0.000,0.000,0.000,0.000
2025-11-22 15:03:21,mlx5_3,0.000,0.000,0.000,0.000
2025-11-22 15:03:21,mlx5_4,0.000,0.000,0.000,0.000
2025-11-22 15:03:21,mlx5_5,0.211,40.390,440.996,1009.366
2025-11-22 15:03:21,mlx5_6,0.000,0.000,0.000,0.000
2025-11-22 15:03:21,mlx5_7,0.000,0.000,0.000,0.000
2025-11-22 15:03:21,mlx5_8,0.000,0.000,0.000,0.000
2025-11-22 15:03:21,mlx5_9,0.000,0.000,0.000,0.000
2025-11-22 15:03:21,TOTAL,0.419,80.104,878.320,1988.968
2025-11-22 15:03:22,mlx5_0,0.000,0.000,0.000,0.000
2025-11-22 15:03:22,mlx5_1,0.000,0.000,437.324,979.601
2025-11-22 15:03:22,mlx5_2,0.000,0.000,0.000,0.000
2025-11-22 15:03:22,mlx5_3,0.000,0.000,0.000,0.000
2025-11-22 15:03:22,mlx5_4,0.000,0.000,0.000,0.000
2025-11-22 15:03:22,mlx5_5,0.000,0.000,440.996,1009.366
2025-11-22 15:03:22,mlx5_6,0.000,0.000,0.000,0.000
2025-11-22 15:03:22,mlx5_7,0.000,0.000,0.000,0.000
2025-11-22 15:03:22,mlx5_8,0.000,0.000,0.000,0.000
2025-11-22 15:03:22,mlx5_9,0.000,0.000,0.000,0.000
2025-11-22 15:03:22,TOTAL,0.000,0.000,878.320,1988.968
2025-11-22 15:03:23,mlx5_0,0.000,0.000,0.000,0.000
2025-11-22 15:03:23,mlx5_1,0.000,0.000,437.324,979.601
2025-11-22 15:03:23,mlx5_2,0.000,0.000,0.000,0.000
2025-11-22 15:03:23,mlx5_3,0.000,0.000,0.000,0.000
2025-11-22 15:03:23,mlx5_4,0.000,0.000,0.000,0.000
2025-11-22 15:03:23,mlx5_5,0.000,0.000,440.996,1009.366
2025-11-22 15:03:23,mlx5_6,0.000,0.000,0.000,0.000
2025-11-22 15:03:23,mlx5_7,0.000,0.000,0.000,0.000
2025-11-22 15:03:23,mlx5_8,0.000,0.000,0.000,0.000
2025-11-22 15:03:23,mlx5_9,0.000,0.000,0.000,0.000
2025-11-22 15:03:23,TOTAL,0.000,0.000,878.320,1988.968
2025-11-22 15:03:24,mlx5_0,0.000,0.000,0.000,0.000
2025-11-22 15:03:24,mlx5_1,1.914,0.003,437.564,979.602
2025-11-22 15:03:24,mlx5_2,0.000,0.000,0.000,0.000
2025-11-22 15:03:24,mlx5_3,0.000,0.000,0.000,0.000
2025-11-22 15:03:24,mlx5_4,0.000,0.000,0.000,0.000
2025-11-22 15:03:24,mlx5_5,2.212,0.003,441.274,1009.367
2025-11-22 15:03:24,mlx5_6,0.000,0.000,0.000,0.000
2025-11-22 15:03:24,mlx5_7,0.000,0.000,0.000,0.000
2025-11-22 15:03:24,mlx5_8,0.000,0.000,0.000,0.000
2025-11-22 15:03:24,mlx5_9,0.000,0.000,0.000,0.000
2025-11-22 15:03:24,TOTAL,4.125,0.006,878.838,1988.968
2025-11-22 15:03:25,mlx5_0,0.000,0.000,0.000,0.000
2025-11-22 15:03:25,mlx5_1,16.851,0.021,439.681,979.604
2025-11-22 15:03:25,mlx5_2,0.000,0.000,0.000,0.000
2025-11-22 15:03:25,mlx5_3,0.000,0.000,0.000,0.000
2025-11-22 15:03:25,mlx5_4,0.000,0.000,0.000,0.000
2025-11-22 15:03:25,mlx5_5,16.975,0.021,443.407,1009.369
2025-11-22 15:03:25,mlx5_6,0.000,0.000,0.000,0.000
2025-11-22 15:03:25,mlx5_7,0.000,0.000,0.000,0.000
2025-11-22 15:03:25,mlx5_8,0.000,0.000,0.000,0.000
2025-11-22 15:03:25,mlx5_9,0.000,0.000,0.000,0.000
2025-11-22 15:03:25,TOTAL,33.825,0.041,883.088,1988.974
2025-11-22 15:03:26,mlx5_0,0.000,0.000,0.000,0.000
2025-11-22 15:03:26,mlx5_1,0.000,0.000,439.681,979.604
2025-11-22 15:03:26,mlx5_2,0.000,0.000,0.000,0.000
2025-11-22 15:03:26,mlx5_3,0.000,0.000,0.000,0.000
2025-11-22 15:03:26,mlx5_4,0.000,0.000,0.000,0.000
2025-11-22 15:03:26,mlx5_5,0.000,0.000,443.407,1009.369
2025-11-22 15:03:26,mlx5_6,0.000,0.000,0.000,0.000
2025-11-22 15:03:26,mlx5_7,0.000,0.000,0.000,0.000
2025-11-22 15:03:26,mlx5_8,0.000,0.000,0.000,0.000
2025-11-22 15:03:26,mlx5_9,0.000,0.000,0.000,0.000
2025-11-22 15:03:26,TOTAL,0.000,0.000,883.088,1988.974
2025-11-22 15:03:27,mlx5_0,0.000,0.000,0.000,0.000
2025-11-22 15:03:27,mlx5_1,0.000,0.000,439.681,979.604
2025-11-22 15:03:27,mlx5_2,0.000,0.000,0.000,0.000
2025-11-22 15:03:27,mlx5_3,0.000,0.000,0.000,0.000
2025-11-22 15:03:27,mlx5_4,0.000,0.000,0.000,0.000
2025-11-22 15:03:27,mlx5_5,0.000,0.000,443.407,1009.369
2025-11-22 15:03:27,mlx5_6,0.000,0.000,0.000,0.000
2025-11-22 15:03:27,mlx5_7,0.000,0.000,0.000,0.000
2025-11-22 15:03:27,mlx5_8,0.000,0.000,0.000,0.000
2025-11-22 15:03:27,mlx5_9,0.000,0.000,0.000,0.000
2025-11-22 15:03:27,TOTAL,0.000,0.000,883.088,1988.974
2025-11-22 15:03:28,mlx5_0,0.000,0.000,0.000,0.000
2025-11-22 15:03:28,mlx5_1,18.666,0.022,442.026,979.607
2025-11-22 15:03:28,mlx5_2,0.000,0.000,0.000,0.000
2025-11-22 15:03:28,mlx5_3,0.000,0.000,0.000,0.000
2025-11-22 15:03:28,mlx5_4,0.000,0.000,0.000,0.000
2025-11-22 15:03:28,mlx5_5,18.563,0.023,445.738,1009.372
2025-11-22 15:03:28,mlx5_6,0.000,0.000,0.000,0.000
2025-11-22 15:03:28,mlx5_7,0.000,0.000,0.000,0.000
2025-11-22 15:03:28,mlx5_8,0.000,0.000,0.000,0.000
2025-11-22 15:03:28,mlx5_9,0.000,0.000,0.000,0.000
2025-11-22 15:03:28,TOTAL,37.229,0.045,887.764,1988.979
2025-11-22 15:03:29,mlx5_0,0.000,0.000,0.000,0.000
2025-11-22 15:03:29,mlx5_1,0.000,0.000,442.026,979.607
2025-11-22 15:03:29,mlx5_2,0.000,0.000,0.000,0.000
2025-11-22 15:03:29,mlx5_3,0.000,0.000,0.000,0.000
2025-11-22 15:03:29,mlx5_4,0.000,0.000,0.000,0.000
2025-11-22 15:03:29,mlx5_5,0.000,0.000,445.738,1009.372
2025-11-22 15:03:29,mlx5_6,0.000,0.000,0.000,0.000
2025-11-22 15:03:29,mlx5_7,0.000,0.000,0.000,0.000
2025-11-22 15:03:29,mlx5_8,0.000,0.000,0.000,0.000
2025-11-22 15:03:29,mlx5_9,0.000,0.000,0.000,0.000
2025-11-22 15:03:29,TOTAL,0.000,0.000,887.764,1988.979
2025-11-22 15:03:30,mlx5_0,0.000,0.000,0.000,0.000
2025-11-22 15:03:30,mlx5_1,0.000,0.000,442.026,979.607
2025-11-22 15:03:30,mlx5_2,0.000,0.000,0.000,0.000
2025-11-22 15:03:30,mlx5_3,0.000,0.000,0.000,0.000
2025-11-22 15:03:30,mlx5_4,0.000,0.000,0.000,0.000
2025-11-22 15:03:30,mlx5_5,0.000,0.000,445.738,1009.372
2025-11-22 15:03:30,mlx5_6,0.000,0.000,0.000,0.000
2025-11-22 15:03:30,mlx5_7,0.000,0.000,0.000,0.000
2025-11-22 15:03:30,mlx5_8,0.000,0.000,0.000,0.000
2025-11-22 15:03:30,mlx5_9,0.000,0.000,0.000,0.000
2025-11-22 15:03:30,TOTAL,0.000,0.000,887.764,1988.979
2025-11-22 15:03:31,mlx5_0,0.000,0.000,0.000,0.000
2025-11-22 15:03:31,mlx5_1,18.492,0.022,444.348,979.610
2025-11-22 15:03:31,mlx5_2,0.000,0.000,0.000,0.000
2025-11-22 15:03:31,mlx5_3,0.000,0.000,0.000,0.000
2025-11-22 15:03:31,mlx5_4,0.000,0.000,0.000,0.000
2025-11-22 15:03:31,mlx5_5,18.735,0.023,448.092,1009.375
2025-11-22 15:03:31,mlx5_6,0.000,0.000,0.000,0.000
2025-11-22 15:03:31,mlx5_7,0.000,0.000,0.000,0.000
2025-11-22 15:03:31,mlx5_8,0.000,0.000,0.000,0.000
2025-11-22 15:03:31,mlx5_9,0.000,0.000,0.000,0.000
2025-11-22 15:03:31,TOTAL,37.227,0.045,892.440,1988.985
2025-11-22 15:03:32,mlx5_0,0.000,0.000,0.000,0.000
2025-11-22 15:03:32,mlx5_1,0.000,0.000,444.348,979.610
2025-11-22 15:03:32,mlx5_2,0.000,0.000,0.000,0.000
2025-11-22 15:03:32,mlx5_3,0.000,0.000,0.000,0.000
2025-11-22 15:03:32,mlx5_4,0.000,0.000,0.000,0.000
2025-11-22 15:03:32,mlx5_5,0.000,0.000,448.092,1009.375
2025-11-22 15:03:32,mlx5_6,0.000,0.000,0.000,0.000
2025-11-22 15:03:32,mlx5_7,0.000,0.000,0.000,0.000
2025-11-22 15:03:32,mlx5_8,0.000,0.000,0.000,0.000
2025-11-22 15:03:32,mlx5_9,0.000,0.000,0.000,0.000
2025-11-22 15:03:32,TOTAL,0.000,0.000,892.440,1988.985
2025-11-22 15:03:33,mlx5_0,0.000,0.000,0.000,0.000
2025-11-22 15:03:33,mlx5_1,0.000,0.000,444.348,979.610
2025-11-22 15:03:33,mlx5_2,0.000,0.000,0.000,0.000
2025-11-22 15:03:33,mlx5_3,0.000,0.000,0.000,0.000
2025-11-22 15:03:33,mlx5_4,0.000,0.000,0.000,0.000
2025-11-22 15:03:33,mlx5_5,0.000,0.000,448.092,1009.375
2025-11-22 15:03:33,mlx5_6,0.000,0.000,0.000,0.000
2025-11-22 15:03:33,mlx5_7,0.000,0.000,0.000,0.000
2025-11-22 15:03:33,mlx5_8,0.000,0.000,0.000,0.000
2025-11-22 15:03:33,mlx5_9,0.000,0.000,0.000,0.000
2025-11-22 15:03:33,TOTAL,0.000,0.000,892.440,1988.985
2025-11-22 15:03:34,mlx5_0,0.000,0.000,0.000,0.000
2025-11-22 15:03:34,mlx5_1,0.000,0.000,444.348,979.610
2025-11-22 15:03:34,mlx5_2,0.000,0.000,0.000,0.000
2025-11-22 15:03:34,mlx5_3,0.000,0.000,0.000,0.000
2025-11-22 15:03:34,mlx5_4,0.000,0.000,0.000,0.000
2025-11-22 15:03:34,mlx5_5,0.000,0.000,448.092,1009.375
2025-11-22 15:03:34,mlx5_6,0.000,0.000,0.000,0.000
2025-11-22 15:03:34,mlx5_7,0.000,0.000,0.000,0.000
2025-11-22 15:03:34,mlx5_8,0.000,0.000,0.000,0.000
2025-11-22 15:03:34,mlx5_9,0.000,0.000,0.000,0.000
2025-11-22 15:03:34,TOTAL,0.000,0.000,892.440,1988.985
2025-11-22 15:03:35,mlx5_0,0.000,0.000,0.000,0.000
2025-11-22 15:03:35,mlx5_1,18.545,0.022,446.678,979.613
2025-11-22 15:03:35,mlx5_2,0.000,0.000,0.000,0.000
2025-11-22 15:03:35,mlx5_3,0.000,0.000,0.000,0.000
2025-11-22 15:03:35,mlx5_4,0.000,0.000,0.000,0.000
2025-11-22 15:03:35,mlx5_5,18.672,0.023,450.438,1009.378
2025-11-22 15:03:35,mlx5_6,0.000,0.000,0.000,0.000
2025-11-22 15:03:35,mlx5_7,0.000,0.000,0.000,0.000
2025-11-22 15:03:35,mlx5_8,0.000,0.000,0.000,0.000
2025-11-22 15:03:35,mlx5_9,0.000,0.000,0.000,0.000
2025-11-22 15:03:35,TOTAL,37.217,0.045,897.116,1988.991
2025-11-22 15:03:36,mlx5_0,0.000,0.000,0.000,0.000
2025-11-22 15:03:36,mlx5_1,0.000,0.000,446.678,979.613
2025-11-22 15:03:36,mlx5_2,0.000,0.000,0.000,0.000
2025-11-22 15:03:36,mlx5_3,0.000,0.000,0.000,0.000
2025-11-22 15:03:36,mlx5_4,0.000,0.000,0.000,0.000
2025-11-22 15:03:36,mlx5_5,0.000,0.000,450.438,1009.378
2025-11-22 15:03:36,mlx5_6,0.000,0.000,0.000,0.000
2025-11-22 15:03:36,mlx5_7,0.000,0.000,0.000,0.000
2025-11-22 15:03:36,mlx5_8,0.000,0.000,0.000,0.000
2025-11-22 15:03:36,mlx5_9,0.000,0.000,0.000,0.000
2025-11-22 15:03:36,TOTAL,0.000,0.000,897.116,1988.991
2025-11-22 15:03:37,mlx5_0,0.000,0.000,0.000,0.000
2025-11-22 15:03:37,mlx5_1,0.000,0.000,446.678,979.613
2025-11-22 15:03:37,mlx5_2,0.000,0.000,0.000,0.000
2025-11-22 15:03:37,mlx5_3,0.000,0.000,0.000,0.000
2025-11-22 15:03:37,mlx5_4,0.000,0.000,0.000,0.000
2025-11-22 15:03:37,mlx5_5,0.000,0.000,450.438,1009.378
2025-11-22 15:03:37,mlx5_6,0.000,0.000,0.000,0.000
2025-11-22 15:03:37,mlx5_7,0.000,0.000,0.000,0.000
2025-11-22 15:03:37,mlx5_8,0.000,0.000,0.000,0.000
2025-11-22 15:03:37,mlx5_9,0.000,0.000,0.000,0.000
2025-11-22 15:03:37,TOTAL,0.000,0.000,897.116,1988.991
2025-11-22 15:03:38,mlx5_0,0.000,0.000,0.000,0.000
2025-11-22 15:03:38,mlx5_1,0.000,0.000,446.678,979.613
2025-11-22 15:03:38,mlx5_2,0.000,0.000,0.000,0.000
2025-11-22 15:03:38,mlx5_3,0.000,0.000,0.000,0.000
2025-11-22 15:03:38,mlx5_4,0.000,0.000,0.000,0.000
2025-11-22 15:03:38,mlx5_5,0.000,0.000,450.438,1009.378
2025-11-22 15:03:38,mlx5_6,0.000,0.000,0.000,0.000
2025-11-22 15:03:38,mlx5_7,0.000,0.000,0.000,0.000
2025-11-22 15:03:38,mlx5_8,0.000,0.000,0.000,0.000
2025-11-22 15:03:38,mlx5_9,0.000,0.000,0.000,0.000
2025-11-22 15:03:38,TOTAL,0.000,0.000,897.116,1988.991
2025-11-22 15:03:39,mlx5_0,0.000,0.000,0.000,0.000
2025-11-22 15:03:39,mlx5_1,0.000,0.000,446.678,979.613
2025-11-22 15:03:39,mlx5_2,0.000,0.000,0.000,0.000
2025-11-22 15:03:39,mlx5_3,0.000,0.000,0.000,0.000
2025-11-22 15:03:39,mlx5_4,0.000,0.000,0.000,0.000
2025-11-22 15:03:39,mlx5_5,0.000,0.000,450.438,1009.378
2025-11-22 15:03:39,mlx5_6,0.000,0.000,0.000,0.000
2025-11-22 15:03:39,mlx5_7,0.000,0.000,0.000,0.000
2025-11-22 15:03:39,mlx5_8,0.000,0.000,0.000,0.000
2025-11-22 15:03:39,mlx5_9,0.000,0.000,0.000,0.000
2025-11-22 15:03:39,TOTAL,0.000,0.000,897.116,1988.991
2025-11-22 15:03:40,mlx5_0,0.000,0.000,0.000,0.000
2025-11-22 15:03:40,mlx5_1,18.478,0.022,449.001,979.615
2025-11-22 15:03:40,mlx5_2,0.000,0.000,0.000,0.000
2025-11-22 15:03:40,mlx5_3,0.000,0.000,0.000,0.000
2025-11-22 15:03:40,mlx5_4,0.000,0.000,0.000,0.000
2025-11-22 15:03:40,mlx5_5,18.732,0.023,452.792,1009.381
2025-11-22 15:03:40,mlx5_6,0.000,0.000,0.000,0.000
2025-11-22 15:03:40,mlx5_7,0.000,0.000,0.000,0.000
2025-11-22 15:03:40,mlx5_8,0.000,0.000,0.000,0.000
2025-11-22 15:03:40,mlx5_9,0.000,0.000,0.000,0.000
2025-11-22 15:03:40,TOTAL,37.209,0.045,901.792,1988.996
2025-11-22 15:03:41,mlx5_0,0.000,0.000,0.000,0.000
2025-11-22 15:03:41,mlx5_1,0.000,0.000,449.001,979.615
2025-11-22 15:03:41,mlx5_2,0.000,0.000,0.000,0.000
2025-11-22 15:03:41,mlx5_3,0.000,0.000,0.000,0.000
2025-11-22 15:03:41,mlx5_4,0.000,0.000,0.000,0.000
2025-11-22 15:03:41,mlx5_5,0.000,0.000,452.792,1009.381
2025-11-22 15:03:41,mlx5_6,0.000,0.000,0.000,0.000
2025-11-22 15:03:41,mlx5_7,0.000,0.000,0.000,0.000
2025-11-22 15:03:41,mlx5_8,0.000,0.000,0.000,0.000
2025-11-22 15:03:41,mlx5_9,0.000,0.000,0.000,0.000
2025-11-22 15:03:41,TOTAL,0.000,0.000,901.792,1988.996
2025-11-22 15:03:42,mlx5_0,0.000,0.000,0.000,0.000
2025-11-22 15:03:42,mlx5_1,0.000,0.000,449.001,979.615
2025-11-22 15:03:42,mlx5_2,0.000,0.000,0.000,0.000
2025-11-22 15:03:42,mlx5_3,0.000,0.000,0.000,0.000
2025-11-22 15:03:42,mlx5_4,0.000,0.000,0.000,0.000
2025-11-22 15:03:42,mlx5_5,0.000,0.000,452.792,1009.381
2025-11-22 15:03:42,mlx5_6,0.000,0.000,0.000,0.000
2025-11-22 15:03:42,mlx5_7,0.000,0.000,0.000,0.000
2025-11-22 15:03:42,mlx5_8,0.000,0.000,0.000,0.000
2025-11-22 15:03:42,mlx5_9,0.000,0.000,0.000,0.000
2025-11-22 15:03:42,TOTAL,0.000,0.000,901.792,1988.996
2025-11-22 15:03:43,mlx5_0,0.000,0.000,0.000,0.000
2025-11-22 15:03:43,mlx5_1,0.000,0.000,449.001,979.615
2025-11-22 15:03:43,mlx5_2,0.000,0.000,0.000,0.000
2025-11-22 15:03:43,mlx5_3,0.000,0.000,0.000,0.000
2025-11-22 15:03:43,mlx5_4,0.000,0.000,0.000,0.000
2025-11-22 15:03:43,mlx5_5,0.000,0.000,452.792,1009.381
2025-11-22 15:03:43,mlx5_6,0.000,0.000,0.000,0.000
2025-11-22 15:03:43,mlx5_7,0.000,0.000,0.000,0.000
2025-11-22 15:03:43,mlx5_8,0.000,0.000,0.000,0.000
2025-11-22 15:03:43,mlx5_9,0.000,0.000,0.000,0.000
2025-11-22 15:03:43,TOTAL,0.000,0.000,901.792,1988.996
2025-11-22 15:03:44,mlx5_0,0.000,0.000,0.000,0.000
2025-11-22 15:03:44,mlx5_1,12.210,1.286,450.534,979.777
2025-11-22 15:03:44,mlx5_2,0.000,0.000,0.000,0.000
2025-11-22 15:03:44,mlx5_3,0.000,0.000,0.000,0.000
2025-11-22 15:03:44,mlx5_4,0.000,0.000,0.000,0.000
2025-11-22 15:03:44,mlx5_5,12.776,1.551,454.397,1009.576
2025-11-22 15:03:44,mlx5_6,0.000,0.000,0.000,0.000
2025-11-22 15:03:44,mlx5_7,0.000,0.000,0.000,0.000
2025-11-22 15:03:44,mlx5_8,0.000,0.000,0.000,0.000
2025-11-22 15:03:44,mlx5_9,0.000,0.000,0.000,0.000
2025-11-22 15:03:44,TOTAL,24.986,2.837,904.931,1989.353
2025-11-22 15:03:45,mlx5_0,0.000,0.000,0.000,0.000
2025-11-22 15:03:45,mlx5_1,7.007,110.500,451.415,993.663
2025-11-22 15:03:45,mlx5_2,0.000,0.000,0.000,0.000
2025-11-22 15:03:45,mlx5_3,0.000,0.000,0.000,0.000
2025-11-22 15:03:45,mlx5_4,0.000,0.000,0.000,0.000
2025-11-22 15:03:45,mlx5_5,6.377,113.190,455.198,1023.799
2025-11-22 15:03:45,mlx5_6,0.000,0.000,0.000,0.000
2025-11-22 15:03:45,mlx5_7,0.000,0.000,0.000,0.000
2025-11-22 15:03:45,mlx5_8,0.000,0.000,0.000,0.000
2025-11-22 15:03:45,mlx5_9,0.000,0.000,0.000,0.000
2025-11-22 15:03:45,TOTAL,13.384,223.690,906.613,2017.462
2025-11-22 15:03:47,mlx5_0,0.000,0.000,0.000,0.000
2025-11-22 15:03:47,mlx5_1,0.000,0.000,451.415,993.663
2025-11-22 15:03:47,mlx5_2,0.000,0.000,0.000,0.000
2025-11-22 15:03:47,mlx5_3,0.000,0.000,0.000,0.000
2025-11-22 15:03:47,mlx5_4,0.000,0.000,0.000,0.000
2025-11-22 15:03:47,mlx5_5,0.000,0.000,455.198,1023.799
2025-11-22 15:03:47,mlx5_6,0.000,0.000,0.000,0.000
2025-11-22 15:03:47,mlx5_7,0.000,0.000,0.000,0.000
2025-11-22 15:03:47,mlx5_8,0.000,0.000,0.000,0.000
2025-11-22 15:03:47,mlx5_9,0.000,0.000,0.000,0.000
2025-11-22 15:03:47,TOTAL,0.000,0.000,906.613,2017.462
2025-11-22 15:03:48,mlx5_0,0.000,0.000,0.000,0.000
2025-11-22 15:03:48,mlx5_1,0.000,0.000,451.415,993.663
2025-11-22 15:03:48,mlx5_2,0.000,0.000,0.000,0.000
2025-11-22 15:03:48,mlx5_3,0.000,0.000,0.000,0.000
2025-11-22 15:03:48,mlx5_4,0.000,0.000,0.000,0.000
2025-11-22 15:03:48,mlx5_5,0.000,0.000,455.198,1023.799
2025-11-22 15:03:48,mlx5_6,0.000,0.000,0.000,0.000
2025-11-22 15:03:48,mlx5_7,0.000,0.000,0.000,0.000
2025-11-22 15:03:48,mlx5_8,0.000,0.000,0.000,0.000
2025-11-22 15:03:48,mlx5_9,0.000,0.000,0.000,0.000
2025-11-22 15:03:48,TOTAL,0.000,0.000,906.613,2017.462
2025-11-22 15:03:49,mlx5_0,0.000,0.000,0.000,0.000
2025-11-22 15:03:49,mlx5_1,0.000,0.000,451.415,993.663
2025-11-22 15:03:49,mlx5_2,0.000,0.000,0.000,0.000
2025-11-22 15:03:49,mlx5_3,0.000,0.000,0.000,0.000
2025-11-22 15:03:49,mlx5_4,0.000,0.000,0.000,0.000
2025-11-22 15:03:49,mlx5_5,0.000,0.000,455.198,1023.799
2025-11-22 15:03:49,mlx5_6,0.000,0.000,0.000,0.000
2025-11-22 15:03:49,mlx5_7,0.000,0.000,0.000,0.000
2025-11-22 15:03:49,mlx5_8,0.000,0.000,0.000,0.000
2025-11-22 15:03:49,mlx5_9,0.000,0.000,0.000,0.000
2025-11-22 15:03:49,TOTAL,0.000,0.000,906.613,2017.462
2025-11-22 15:03:50,mlx5_0,0.000,0.000,0.000,0.000
2025-11-22 15:03:50,mlx5_1,17.715,0.022,453.640,993.666
2025-11-22 15:03:50,mlx5_2,0.000,0.000,0.000,0.000
2025-11-22 15:03:50,mlx5_3,0.000,0.000,0.000,0.000
2025-11-22 15:03:50,mlx5_4,0.000,0.000,0.000,0.000
2025-11-22 15:03:50,mlx5_5,17.911,0.022,457.448,1023.802
2025-11-22 15:03:50,mlx5_6,0.000,0.000,0.000,0.000
2025-11-22 15:03:50,mlx5_7,0.000,0.000,0.000,0.000
2025-11-22 15:03:50,mlx5_8,0.000,0.000,0.000,0.000
2025-11-22 15:03:50,mlx5_9,0.000,0.000,0.000,0.000
2025-11-22 15:03:50,TOTAL,35.626,0.044,911.088,2017.468
2025-11-22 15:03:51,mlx5_0,0.000,0.000,0.000,0.000
2025-11-22 15:03:51,mlx5_1,0.000,0.000,453.640,993.666
2025-11-22 15:03:51,mlx5_2,0.000,0.000,0.000,0.000
2025-11-22 15:03:51,mlx5_3,0.000,0.000,0.000,0.000
2025-11-22 15:03:51,mlx5_4,0.000,0.000,0.000,0.000
2025-11-22 15:03:51,mlx5_5,0.000,0.000,457.448,1023.802
2025-11-22 15:03:51,mlx5_6,0.000,0.000,0.000,0.000
2025-11-22 15:03:51,mlx5_7,0.000,0.000,0.000,0.000
2025-11-22 15:03:51,mlx5_8,0.000,0.000,0.000,0.000
2025-11-22 15:03:51,mlx5_9,0.000,0.000,0.000,0.000
2025-11-22 15:03:51,TOTAL,0.000,0.000,911.088,2017.468
2025-11-22 15:03:52,mlx5_0,0.000,0.000,0.000,0.000
2025-11-22 15:03:52,mlx5_1,0.000,0.000,453.640,993.666
2025-11-22 15:03:52,mlx5_2,0.000,0.000,0.000,0.000
2025-11-22 15:03:52,mlx5_3,0.000,0.000,0.000,0.000
2025-11-22 15:03:52,mlx5_4,0.000,0.000,0.000,0.000
2025-11-22 15:03:52,mlx5_5,0.000,0.000,457.448,1023.802
2025-11-22 15:03:52,mlx5_6,0.000,0.000,0.000,0.000
2025-11-22 15:03:52,mlx5_7,0.000,0.000,0.000,0.000
2025-11-22 15:03:52,mlx5_8,0.000,0.000,0.000,0.000
2025-11-22 15:03:52,mlx5_9,0.000,0.000,0.000,0.000
2025-11-22 15:03:52,TOTAL,0.000,0.000,911.088,2017.468
2025-11-22 15:03:53,mlx5_0,0.000,0.000,0.000,0.000
2025-11-22 15:03:53,mlx5_1,18.715,0.023,455.992,993.668
2025-11-22 15:03:53,mlx5_2,0.000,0.000,0.000,0.000
2025-11-22 15:03:53,mlx5_3,0.000,0.000,0.000,0.000
2025-11-22 15:03:53,mlx5_4,0.000,0.000,0.000,0.000
2025-11-22 15:03:53,mlx5_5,18.495,0.023,459.772,1023.805
2025-11-22 15:03:53,mlx5_6,0.000,0.000,0.000,0.000
2025-11-22 15:03:53,mlx5_7,0.000,0.000,0.000,0.000
2025-11-22 15:03:53,mlx5_8,0.000,0.000,0.000,0.000
2025-11-22 15:03:53,mlx5_9,0.000,0.000,0.000,0.000
2025-11-22 15:03:53,TOTAL,37.209,0.045,915.764,2017.473
2025-11-22 15:03:54,mlx5_0,0.000,0.000,0.000,0.000
2025-11-22 15:03:54,mlx5_1,0.000,0.000,455.992,993.668
2025-11-22 15:03:54,mlx5_2,0.000,0.000,0.000,0.000
2025-11-22 15:03:54,mlx5_3,0.000,0.000,0.000,0.000
2025-11-22 15:03:54,mlx5_4,0.000,0.000,0.000,0.000
2025-11-22 15:03:54,mlx5_5,0.000,0.000,459.772,1023.805
2025-11-22 15:03:54,mlx5_6,0.000,0.000,0.000,0.000
2025-11-22 15:03:54,mlx5_7,0.000,0.000,0.000,0.000
2025-11-22 15:03:54,mlx5_8,0.000,0.000,0.000,0.000
2025-11-22 15:03:54,mlx5_9,0.000,0.000,0.000,0.000
2025-11-22 15:03:54,TOTAL,0.000,0.000,915.764,2017.473
2025-11-22 15:03:55,mlx5_0,0.000,0.000,0.000,0.000
2025-11-22 15:03:55,mlx5_1,0.000,0.000,455.992,993.668
2025-11-22 15:03:55,mlx5_2,0.000,0.000,0.000,0.000
2025-11-22 15:03:55,mlx5_3,0.000,0.000,0.000,0.000
2025-11-22 15:03:55,mlx5_4,0.000,0.000,0.000,0.000
2025-11-22 15:03:55,mlx5_5,0.000,0.000,459.772,1023.805
2025-11-22 15:03:55,mlx5_6,0.000,0.000,0.000,0.000
2025-11-22 15:03:55,mlx5_7,0.000,0.000,0.000,0.000
2025-11-22 15:03:55,mlx5_8,0.000,0.000,0.000,0.000
2025-11-22 15:03:55,mlx5_9,0.000,0.000,0.000,0.000
2025-11-22 15:03:55,TOTAL,0.000,0.000,915.764,2017.473
2025-11-22 15:03:56,mlx5_0,0.000,0.000,0.000,0.000
2025-11-22 15:03:56,mlx5_1,0.000,0.000,455.992,993.668
2025-11-22 15:03:56,mlx5_2,0.000,0.000,0.000,0.000
2025-11-22 15:03:56,mlx5_3,0.000,0.000,0.000,0.000
2025-11-22 15:03:56,mlx5_4,0.000,0.000,0.000,0.000
2025-11-22 15:03:56,mlx5_5,0.000,0.000,459.772,1023.805
2025-11-22 15:03:56,mlx5_6,0.000,0.000,0.000,0.000
2025-11-22 15:03:56,mlx5_7,0.000,0.000,0.000,0.000
2025-11-22 15:03:56,mlx5_8,0.000,0.000,0.000,0.000
2025-11-22 15:03:56,mlx5_9,0.000,0.000,0.000,0.000
2025-11-22 15:03:56,TOTAL,0.000,0.000,915.764,2017.473
2025-11-22 15:03:57,mlx5_0,0.000,0.000,0.000,0.000
2025-11-22 15:03:57,mlx5_1,18.656,0.022,458.335,993.671
2025-11-22 15:03:57,mlx5_2,0.000,0.000,0.000,0.000
2025-11-22 15:03:57,mlx5_3,0.000,0.000,0.000,0.000
2025-11-22 15:03:57,mlx5_4,0.000,0.000,0.000,0.000
2025-11-22 15:03:57,mlx5_5,18.575,0.023,462.105,1023.808
2025-11-22 15:03:57,mlx5_6,0.000,0.000,0.000,0.000
2025-11-22 15:03:57,mlx5_7,0.000,0.000,0.000,0.000
2025-11-22 15:03:57,mlx5_8,0.000,0.000,0.000,0.000
2025-11-22 15:03:57,mlx5_9,0.000,0.000,0.000,0.000
2025-11-22 15:03:57,TOTAL,37.230,0.045,920.440,2017.479
2025-11-22 15:03:58,mlx5_0,0.000,0.000,0.000,0.000
2025-11-22 15:03:58,mlx5_1,0.000,0.000,458.335,993.671
2025-11-22 15:03:58,mlx5_2,0.000,0.000,0.000,0.000
2025-11-22 15:03:58,mlx5_3,0.000,0.000,0.000,0.000
2025-11-22 15:03:58,mlx5_4,0.000,0.000,0.000,0.000
2025-11-22 15:03:58,mlx5_5,0.000,0.000,462.105,1023.808
2025-11-22 15:03:58,mlx5_6,0.000,0.000,0.000,0.000
2025-11-22 15:03:58,mlx5_7,0.000,0.000,0.000,0.000
2025-11-22 15:03:58,mlx5_8,0.000,0.000,0.000,0.000
2025-11-22 15:03:58,mlx5_9,0.000,0.000,0.000,0.000
2025-11-22 15:03:58,TOTAL,0.000,0.000,920.440,2017.479
2025-11-22 15:03:59,mlx5_0,0.000,0.000,0.000,0.000
2025-11-22 15:03:59,mlx5_1,0.000,0.000,458.335,993.671
2025-11-22 15:03:59,mlx5_2,0.000,0.000,0.000,0.000
2025-11-22 15:03:59,mlx5_3,0.000,0.000,0.000,0.000
2025-11-22 15:03:59,mlx5_4,0.000,0.000,0.000,0.000
2025-11-22 15:03:59,mlx5_5,0.000,0.000,462.105,1023.808
2025-11-22 15:03:59,mlx5_6,0.000,0.000,0.000,0.000
2025-11-22 15:03:59,mlx5_7,0.000,0.000,0.000,0.000
2025-11-22 15:03:59,mlx5_8,0.000,0.000,0.000,0.000
2025-11-22 15:03:59,mlx5_9,0.000,0.000,0.000,0.000
2025-11-22 15:03:59,TOTAL,0.000,0.000,920.440,2017.479
2025-11-22 15:04:00,mlx5_0,0.000,0.000,0.000,0.000
2025-11-22 15:04:00,mlx5_1,0.000,0.000,458.335,993.671
2025-11-22 15:04:00,mlx5_2,0.000,0.000,0.000,0.000
2025-11-22 15:04:00,mlx5_3,0.000,0.000,0.000,0.000
2025-11-22 15:04:00,mlx5_4,0.000,0.000,0.000,0.000
2025-11-22 15:04:00,mlx5_5,0.000,0.000,462.105,1023.808
2025-11-22 15:04:00,mlx5_6,0.000,0.000,0.000,0.000
2025-11-22 15:04:00,mlx5_7,0.000,0.000,0.000,0.000
2025-11-22 15:04:00,mlx5_8,0.000,0.000,0.000,0.000
2025-11-22 15:04:00,mlx5_9,0.000,0.000,0.000,0.000
2025-11-22 15:04:00,TOTAL,0.000,0.000,920.440,2017.479
2025-11-22 15:04:01,mlx5_0,0.000,0.000,0.000,0.000
2025-11-22 15:04:01,mlx5_1,18.438,0.022,460.651,993.674
2025-11-22 15:04:01,mlx5_2,0.000,0.000,0.000,0.000
2025-11-22 15:04:01,mlx5_3,0.000,0.000,0.000,0.000
2025-11-22 15:04:01,mlx5_4,0.000,0.000,0.000,0.000
2025-11-22 15:04:01,mlx5_5,18.793,0.022,464.465,1023.811
2025-11-22 15:04:01,mlx5_6,0.000,0.000,0.000,0.000
2025-11-22 15:04:01,mlx5_7,0.000,0.000,0.000,0.000
2025-11-22 15:04:01,mlx5_8,0.000,0.000,0.000,0.000
2025-11-22 15:04:01,mlx5_9,0.000,0.000,0.000,0.000
2025-11-22 15:04:01,TOTAL,37.231,0.045,925.116,2017.485
2025-11-22 15:04:02,mlx5_0,0.000,0.000,0.000,0.000
2025-11-22 15:04:02,mlx5_1,0.000,0.000,460.651,993.674
2025-11-22 15:04:02,mlx5_2,0.000,0.000,0.000,0.000
2025-11-22 15:04:02,mlx5_3,0.000,0.000,0.000,0.000
2025-11-22 15:04:02,mlx5_4,0.000,0.000,0.000,0.000
2025-11-22 15:04:02,mlx5_5,0.000,0.000,464.465,1023.811
2025-11-22 15:04:02,mlx5_6,0.000,0.000,0.000,0.000
2025-11-22 15:04:02,mlx5_7,0.000,0.000,0.000,0.000
2025-11-22 15:04:02,mlx5_8,0.000,0.000,0.000,0.000
2025-11-22 15:04:02,mlx5_9,0.000,0.000,0.000,0.000
2025-11-22 15:04:02,TOTAL,0.000,0.000,925.116,2017.485
2025-11-22 15:04:03,mlx5_0,0.000,0.000,0.000,0.000
2025-11-22 15:04:03,mlx5_1,0.000,0.000,460.651,993.674
2025-11-22 15:04:03,mlx5_2,0.000,0.000,0.000,0.000
2025-11-22 15:04:03,mlx5_3,0.000,0.000,0.000,0.000
2025-11-22 15:04:03,mlx5_4,0.000,0.000,0.000,0.000
2025-11-22 15:04:03,mlx5_5,0.000,0.000,464.465,1023.811
2025-11-22 15:04:03,mlx5_6,0.000,0.000,0.000,0.000
2025-11-22 15:04:03,mlx5_7,0.000,0.000,0.000,0.000
2025-11-22 15:04:03,mlx5_8,0.000,0.000,0.000,0.000
2025-11-22 15:04:03,mlx5_9,0.000,0.000,0.000,0.000
2025-11-22 15:04:03,TOTAL,0.000,0.000,925.116,2017.485
2025-11-22 15:04:04,mlx5_0,0.000,0.000,0.000,0.000
2025-11-22 15:04:04,mlx5_1,0.000,0.000,460.651,993.674
2025-11-22 15:04:04,mlx5_2,0.000,0.000,0.000,0.000
2025-11-22 15:04:04,mlx5_3,0.000,0.000,0.000,0.000
2025-11-22 15:04:04,mlx5_4,0.000,0.000,0.000,0.000
2025-11-22 15:04:04,mlx5_5,0.000,0.000,464.465,1023.811
2025-11-22 15:04:04,mlx5_6,0.000,0.000,0.000,0.000
2025-11-22 15:04:04,mlx5_7,0.000,0.000,0.000,0.000
2025-11-22 15:04:04,mlx5_8,0.000,0.000,0.000,0.000
2025-11-22 15:04:04,mlx5_9,0.000,0.000,0.000,0.000
2025-11-22 15:04:04,TOTAL,0.000,0.000,925.116,2017.485
2025-11-22 15:04:05,mlx5_0,0.000,0.000,0.000,0.000
2025-11-22 15:04:05,mlx5_1,18.642,0.022,462.993,993.677
2025-11-22 15:04:05,mlx5_2,0.000,0.000,0.000,0.000
2025-11-22 15:04:05,mlx5_3,0.000,0.000,0.000,0.000
2025-11-22 15:04:05,mlx5_4,0.000,0.000,0.000,0.000
2025-11-22 15:04:05,mlx5_5,18.581,0.023,466.800,1023.814
2025-11-22 15:04:05,mlx5_6,0.000,0.000,0.000,0.000
2025-11-22 15:04:05,mlx5_7,0.000,0.000,0.000,0.000
2025-11-22 15:04:05,mlx5_8,0.000,0.000,0.000,0.000
2025-11-22 15:04:05,mlx5_9,0.000,0.000,0.000,0.000
2025-11-22 15:04:05,TOTAL,37.224,0.045,929.792,2017.490
2025-11-22 15:04:06,mlx5_0,0.000,0.000,0.000,0.000
2025-11-22 15:04:06,mlx5_1,0.000,0.000,462.993,993.677
2025-11-22 15:04:06,mlx5_2,0.000,0.000,0.000,0.000
2025-11-22 15:04:06,mlx5_3,0.000,0.000,0.000,0.000
2025-11-22 15:04:06,mlx5_4,0.000,0.000,0.000,0.000
2025-11-22 15:04:06,mlx5_5,0.000,0.000,466.800,1023.814
2025-11-22 15:04:06,mlx5_6,0.000,0.000,0.000,0.000
2025-11-22 15:04:06,mlx5_7,0.000,0.000,0.000,0.000
2025-11-22 15:04:06,mlx5_8,0.000,0.000,0.000,0.000
2025-11-22 15:04:06,mlx5_9,0.000,0.000,0.000,0.000
2025-11-22 15:04:06,TOTAL,0.000,0.000,929.792,2017.490
2025-11-22 15:04:07,mlx5_0,0.000,0.000,0.000,0.000
2025-11-22 15:04:07,mlx5_1,0.000,0.000,462.993,993.677
2025-11-22 15:04:07,mlx5_2,0.000,0.000,0.000,0.000
2025-11-22 15:04:07,mlx5_3,0.000,0.000,0.000,0.000
2025-11-22 15:04:07,mlx5_4,0.000,0.000,0.000,0.000
2025-11-22 15:04:07,mlx5_5,0.000,0.000,466.800,1023.814
2025-11-22 15:04:07,mlx5_6,0.000,0.000,0.000,0.000
2025-11-22 15:04:07,mlx5_7,0.000,0.000,0.000,0.000
2025-11-22 15:04:07,mlx5_8,0.000,0.000,0.000,0.000
2025-11-22 15:04:07,mlx5_9,0.000,0.000,0.000,0.000
2025-11-22 15:04:07,TOTAL,0.000,0.000,929.792,2017.490
2025-11-22 15:04:08,mlx5_0,0.000,0.000,0.000,0.000
2025-11-22 15:04:08,mlx5_1,0.000,0.000,462.993,993.677
2025-11-22 15:04:08,mlx5_2,0.000,0.000,0.000,0.000
2025-11-22 15:04:08,mlx5_3,0.000,0.000,0.000,0.000
2025-11-22 15:04:08,mlx5_4,0.000,0.000,0.000,0.000
2025-11-22 15:04:08,mlx5_5,0.000,0.000,466.800,1023.814
2025-11-22 15:04:08,mlx5_6,0.000,0.000,0.000,0.000
2025-11-22 15:04:08,mlx5_7,0.000,0.000,0.000,0.000
2025-11-22 15:04:08,mlx5_8,0.000,0.000,0.000,0.000
2025-11-22 15:04:08,mlx5_9,0.000,0.000,0.000,0.000
2025-11-22 15:04:08,TOTAL,0.000,0.000,929.792,2017.490
2025-11-22 15:04:09,mlx5_0,0.000,0.000,0.000,0.000
2025-11-22 15:04:09,mlx5_1,18.612,0.124,465.330,993.692
2025-11-22 15:04:09,mlx5_2,0.000,0.000,0.000,0.000
2025-11-22 15:04:09,mlx5_3,0.000,0.000,0.000,0.000
2025-11-22 15:04:09,mlx5_4,0.000,0.000,0.000,0.000
2025-11-22 15:04:09,mlx5_5,18.617,0.168,469.138,1023.835
2025-11-22 15:04:09,mlx5_6,0.000,0.000,0.000,0.000
2025-11-22 15:04:09,mlx5_7,0.000,0.000,0.000,0.000
2025-11-22 15:04:09,mlx5_8,0.000,0.000,0.000,0.000
2025-11-22 15:04:09,mlx5_9,0.000,0.000,0.000,0.000
2025-11-22 15:04:09,TOTAL,37.229,0.292,934.468,2017.527
2025-11-22 15:04:10,mlx5_0,0.000,0.000,0.000,0.000
2025-11-22 15:04:10,mlx5_1,0.560,112.128,465.401,1007.773
2025-11-22 15:04:10,mlx5_2,0.000,0.000,0.000,0.000
2025-11-22 15:04:10,mlx5_3,0.000,0.000,0.000,0.000
2025-11-22 15:04:10,mlx5_4,0.000,0.000,0.000,0.000
2025-11-22 15:04:10,mlx5_5,0.660,114.264,469.221,1038.184
2025-11-22 15:04:10,mlx5_6,0.000,0.000,0.000,0.000
2025-11-22 15:04:10,mlx5_7,0.000,0.000,0.000,0.000
2025-11-22 15:04:10,mlx5_8,0.000,0.000,0.000,0.000
2025-11-22 15:04:10,mlx5_9,0.000,0.000,0.000,0.000
2025-11-22 15:04:10,TOTAL,1.220,226.392,934.621,2045.957
2025-11-22 15:04:11,mlx5_0,0.000,0.000,0.000,0.000
2025-11-22 15:04:11,mlx5_1,0.000,0.000,465.401,1007.773
2025-11-22 15:04:11,mlx5_2,0.000,0.000,0.000,0.000
2025-11-22 15:04:11,mlx5_3,0.000,0.000,0.000,0.000
2025-11-22 15:04:11,mlx5_4,0.000,0.000,0.000,0.000
2025-11-22 15:04:11,mlx5_5,0.000,0.000,469.221,1038.184
2025-11-22 15:04:11,mlx5_6,0.000,0.000,0.000,0.000
2025-11-22 15:04:11,mlx5_7,0.000,0.000,0.000,0.000
2025-11-22 15:04:11,mlx5_8,0.000,0.000,0.000,0.000
2025-11-22 15:04:11,mlx5_9,0.000,0.000,0.000,0.000
2025-11-22 15:04:11,TOTAL,0.000,0.000,934.621,2045.957
2025-11-22 15:04:12,mlx5_0,0.000,0.000,0.000,0.000
2025-11-22 15:04:12,mlx5_1,0.000,0.000,465.401,1007.773
2025-11-22 15:04:12,mlx5_2,0.000,0.000,0.000,0.000
2025-11-22 15:04:12,mlx5_3,0.000,0.000,0.000,0.000
2025-11-22 15:04:12,mlx5_4,0.000,0.000,0.000,0.000
2025-11-22 15:04:12,mlx5_5,0.000,0.000,469.221,1038.184
2025-11-22 15:04:12,mlx5_6,0.000,0.000,0.000,0.000
2025-11-22 15:04:12,mlx5_7,0.000,0.000,0.000,0.000
2025-11-22 15:04:12,mlx5_8,0.000,0.000,0.000,0.000
2025-11-22 15:04:12,mlx5_9,0.000,0.000,0.000,0.000
2025-11-22 15:04:12,TOTAL,0.000,0.000,934.622,2045.957
2025-11-22 15:04:13,mlx5_0,0.000,0.000,0.000,0.000
2025-11-22 15:04:13,mlx5_1,0.000,0.000,465.401,1007.773
2025-11-22 15:04:13,mlx5_2,0.000,0.000,0.000,0.000
2025-11-22 15:04:13,mlx5_3,0.000,0.000,0.000,0.000
2025-11-22 15:04:13,mlx5_4,0.000,0.000,0.000,0.000
2025-11-22 15:04:13,mlx5_5,0.000,0.000,469.221,1038.184
2025-11-22 15:04:13,mlx5_6,0.000,0.000,0.000,0.000
2025-11-22 15:04:13,mlx5_7,0.000,0.000,0.000,0.000
2025-11-22 15:04:13,mlx5_8,0.000,0.000,0.000,0.000
2025-11-22 15:04:13,mlx5_9,0.000,0.000,0.000,0.000
2025-11-22 15:04:13,TOTAL,0.000,0.000,934.622,2045.957
2025-11-22 15:04:14,mlx5_0,0.000,0.000,0.000,0.000
2025-11-22 15:04:14,mlx5_1,18.893,0.024,467.774,1007.776
2025-11-22 15:04:14,mlx5_2,0.000,0.000,0.000,0.000
2025-11-22 15:04:14,mlx5_3,0.000,0.000,0.000,0.000
2025-11-22 15:04:14,mlx5_4,0.000,0.000,0.000,0.000
2025-11-22 15:04:14,mlx5_5,19.065,0.024,471.615,1038.187
2025-11-22 15:04:14,mlx5_6,0.000,0.000,0.000,0.000
2025-11-22 15:04:14,mlx5_7,0.000,0.000,0.000,0.000
2025-11-22 15:04:14,mlx5_8,0.000,0.000,0.000,0.000
2025-11-22 15:04:14,mlx5_9,0.000,0.000,0.000,0.000
2025-11-22 15:04:14,TOTAL,37.958,0.048,939.389,2045.963
2025-11-22 15:04:15,mlx5_0,0.000,0.000,0.000,0.000
2025-11-22 15:04:15,mlx5_1,0.000,0.000,467.774,1007.776
2025-11-22 15:04:15,mlx5_2,0.000,0.000,0.000,0.000
2025-11-22 15:04:15,mlx5_3,0.000,0.000,0.000,0.000
2025-11-22 15:04:15,mlx5_4,0.000,0.000,0.000,0.000
2025-11-22 15:04:15,mlx5_5,0.000,0.000,471.615,1038.187
2025-11-22 15:04:15,mlx5_6,0.000,0.000,0.000,0.000
2025-11-22 15:04:15,mlx5_7,0.000,0.000,0.000,0.000
2025-11-22 15:04:15,mlx5_8,0.000,0.000,0.000,0.000
2025-11-22 15:04:15,mlx5_9,0.000,0.000,0.000,0.000
2025-11-22 15:04:15,TOTAL,0.000,0.000,939.389,2045.963
2025-11-22 15:04:16,mlx5_0,0.000,0.000,0.000,0.000
2025-11-22 15:04:16,mlx5_1,0.000,0.000,467.774,1007.776
2025-11-22 15:04:16,mlx5_2,0.000,0.000,0.000,0.000
2025-11-22 15:04:16,mlx5_3,0.000,0.000,0.000,0.000
2025-11-22 15:04:16,mlx5_4,0.000,0.000,0.000,0.000
2025-11-22 15:04:16,mlx5_5,0.000,0.000,471.615,1038.187
2025-11-22 15:04:16,mlx5_6,0.000,0.000,0.000,0.000
2025-11-22 15:04:16,mlx5_7,0.000,0.000,0.000,0.000
2025-11-22 15:04:16,mlx5_8,0.000,0.000,0.000,0.000
2025-11-22 15:04:16,mlx5_9,0.000,0.000,0.000,0.000
2025-11-22 15:04:16,TOTAL,0.000,0.000,939.389,2045.963
2025-11-22 15:04:17,mlx5_0,0.000,0.000,0.000,0.000
2025-11-22 15:04:17,mlx5_1,0.000,0.000,467.774,1007.776
2025-11-22 15:04:17,mlx5_2,0.000,0.000,0.000,0.000
2025-11-22 15:04:17,mlx5_3,0.000,0.000,0.000,0.000
2025-11-22 15:04:17,mlx5_4,0.000,0.000,0.000,0.000
2025-11-22 15:04:17,mlx5_5,0.000,0.000,471.615,1038.187
2025-11-22 15:04:17,mlx5_6,0.000,0.000,0.000,0.000
2025-11-22 15:04:17,mlx5_7,0.000,0.000,0.000,0.000
2025-11-22 15:04:17,mlx5_8,0.000,0.000,0.000,0.000
2025-11-22 15:04:17,mlx5_9,0.000,0.000,0.000,0.000
2025-11-22 15:04:17,TOTAL,0.000,0.000,939.389,2045.963
2025-11-22 15:04:18,mlx5_0,0.000,0.000,0.000,0.000
2025-11-22 15:04:18,mlx5_1,18.577,0.022,470.107,1007.779
2025-11-22 15:04:18,mlx5_2,0.000,0.000,0.000,0.000
2025-11-22 15:04:18,mlx5_3,0.000,0.000,0.000,0.000
2025-11-22 15:04:18,mlx5_4,0.000,0.000,0.000,0.000
2025-11-22 15:04:18,mlx5_5,18.647,0.023,473.958,1038.190
2025-11-22 15:04:18,mlx5_6,0.000,0.000,0.000,0.000
2025-11-22 15:04:18,mlx5_7,0.000,0.000,0.000,0.000
2025-11-22 15:04:18,mlx5_8,0.000,0.000,0.000,0.000
2025-11-22 15:04:18,mlx5_9,0.000,0.000,0.000,0.000
2025-11-22 15:04:18,TOTAL,37.224,0.045,944.065,2045.969
2025-11-22 15:04:19,mlx5_0,0.000,0.000,0.000,0.000
2025-11-22 15:04:19,mlx5_1,0.000,0.000,470.107,1007.779
2025-11-22 15:04:19,mlx5_2,0.000,0.000,0.000,0.000
2025-11-22 15:04:19,mlx5_3,0.000,0.000,0.000,0.000
2025-11-22 15:04:19,mlx5_4,0.000,0.000,0.000,0.000
2025-11-22 15:04:19,mlx5_5,0.000,0.000,473.958,1038.190
2025-11-22 15:04:19,mlx5_6,0.000,0.000,0.000,0.000
2025-11-22 15:04:19,mlx5_7,0.000,0.000,0.000,0.000
2025-11-22 15:04:19,mlx5_8,0.000,0.000,0.000,0.000
2025-11-22 15:04:19,mlx5_9,0.000,0.000,0.000,0.000
2025-11-22 15:04:19,TOTAL,0.000,0.000,944.065,2045.969
2025-11-22 15:04:20,mlx5_0,0.000,0.000,0.000,0.000
2025-11-22 15:04:20,mlx5_1,0.000,0.000,470.107,1007.779
2025-11-22 15:04:20,mlx5_2,0.000,0.000,0.000,0.000
2025-11-22 15:04:20,mlx5_3,0.000,0.000,0.000,0.000
2025-11-22 15:04:20,mlx5_4,0.000,0.000,0.000,0.000
2025-11-22 15:04:20,mlx5_5,0.000,0.000,473.958,1038.190
2025-11-22 15:04:20,mlx5_6,0.000,0.000,0.000,0.000
2025-11-22 15:04:20,mlx5_7,0.000,0.000,0.000,0.000
2025-11-22 15:04:20,mlx5_8,0.000,0.000,0.000,0.000
2025-11-22 15:04:20,mlx5_9,0.000,0.000,0.000,0.000
2025-11-22 15:04:20,TOTAL,0.000,0.000,944.065,2045.969
2025-11-22 15:04:21,mlx5_0,0.000,0.000,0.000,0.000
2025-11-22 15:04:21,mlx5_1,18.342,0.022,472.411,1007.782
2025-11-22 15:04:21,mlx5_2,0.000,0.000,0.000,0.000
2025-11-22 15:04:21,mlx5_3,0.000,0.000,0.000,0.000
2025-11-22 15:04:21,mlx5_4,0.000,0.000,0.000,0.000
2025-11-22 15:04:21,mlx5_5,18.887,0.023,476.330,1038.192
2025-11-22 15:04:21,mlx5_6,0.000,0.000,0.000,0.000
2025-11-22 15:04:21,mlx5_7,0.000,0.000,0.000,0.000
2025-11-22 15:04:21,mlx5_8,0.000,0.000,0.000,0.000
2025-11-22 15:04:21,mlx5_9,0.000,0.000,0.000,0.000
2025-11-22 15:04:21,TOTAL,37.229,0.045,948.741,2045.974
2025-11-22 15:04:22,mlx5_0,0.000,0.000,0.000,0.000
2025-11-22 15:04:22,mlx5_1,0.000,0.000,472.411,1007.782
2025-11-22 15:04:22,mlx5_2,0.000,0.000,0.000,0.000
2025-11-22 15:04:22,mlx5_3,0.000,0.000,0.000,0.000
2025-11-22 15:04:22,mlx5_4,0.000,0.000,0.000,0.000
2025-11-22 15:04:22,mlx5_5,0.000,0.000,476.330,1038.192
2025-11-22 15:04:22,mlx5_6,0.000,0.000,0.000,0.000
2025-11-22 15:04:22,mlx5_7,0.000,0.000,0.000,0.000
2025-11-22 15:04:22,mlx5_8,0.000,0.000,0.000,0.000
2025-11-22 15:04:22,mlx5_9,0.000,0.000,0.000,0.000
2025-11-22 15:04:22,TOTAL,0.000,0.000,948.741,2045.974
2025-11-22 15:04:23,mlx5_0,0.000,0.000,0.000,0.000
2025-11-22 15:04:23,mlx5_1,0.000,0.000,472.411,1007.782
2025-11-22 15:04:23,mlx5_2,0.000,0.000,0.000,0.000
2025-11-22 15:04:23,mlx5_3,0.000,0.000,0.000,0.000
2025-11-22 15:04:23,mlx5_4,0.000,0.000,0.000,0.000
2025-11-22 15:04:23,mlx5_5,0.000,0.000,476.330,1038.192
2025-11-22 15:04:23,mlx5_6,0.000,0.000,0.000,0.000
2025-11-22 15:04:23,mlx5_7,0.000,0.000,0.000,0.000
2025-11-22 15:04:23,mlx5_8,0.000,0.000,0.000,0.000
2025-11-22 15:04:23,mlx5_9,0.000,0.000,0.000,0.000
2025-11-22 15:04:23,TOTAL,0.000,0.000,948.741,2045.974
2025-11-22 15:04:24,mlx5_0,0.000,0.000,0.000,0.000
2025-11-22 15:04:24,mlx5_1,0.000,0.000,472.411,1007.782
2025-11-22 15:04:24,mlx5_2,0.000,0.000,0.000,0.000
2025-11-22 15:04:24,mlx5_3,0.000,0.000,0.000,0.000
2025-11-22 15:04:24,mlx5_4,0.000,0.000,0.000,0.000
2025-11-22 15:04:24,mlx5_5,0.000,0.000,476.330,1038.192
2025-11-22 15:04:24,mlx5_6,0.000,0.000,0.000,0.000
2025-11-22 15:04:24,mlx5_7,0.000,0.000,0.000,0.000
2025-11-22 15:04:24,mlx5_8,0.000,0.000,0.000,0.000
2025-11-22 15:04:24,mlx5_9,0.000,0.000,0.000,0.000
2025-11-22 15:04:24,TOTAL,0.000,0.000,948.741,2045.974
2025-11-22 15:04:25,mlx5_0,0.000,0.000,0.000,0.000
2025-11-22 15:04:25,mlx5_1,18.682,0.023,474.758,1007.785
2025-11-22 15:04:25,mlx5_2,0.000,0.000,0.000,0.000
2025-11-22 15:04:25,mlx5_3,0.000,0.000,0.000,0.000
2025-11-22 15:04:25,mlx5_4,0.000,0.000,0.000,0.000
2025-11-22 15:04:25,mlx5_5,18.546,0.023,478.659,1038.195
2025-11-22 15:04:25,mlx5_6,0.000,0.000,0.000,0.000
2025-11-22 15:04:25,mlx5_7,0.000,0.000,0.000,0.000
2025-11-22 15:04:25,mlx5_8,0.000,0.000,0.000,0.000
2025-11-22 15:04:25,mlx5_9,0.000,0.000,0.000,0.000
2025-11-22 15:04:25,TOTAL,37.228,0.045,953.417,2045.980
2025-11-22 15:04:26,mlx5_0,0.000,0.000,0.000,0.000
2025-11-22 15:04:26,mlx5_1,0.000,0.000,474.758,1007.785
2025-11-22 15:04:26,mlx5_2,0.000,0.000,0.000,0.000
2025-11-22 15:04:26,mlx5_3,0.000,0.000,0.000,0.000
2025-11-22 15:04:26,mlx5_4,0.000,0.000,0.000,0.000
2025-11-22 15:04:26,mlx5_5,0.000,0.000,478.659,1038.195
2025-11-22 15:04:26,mlx5_6,0.000,0.000,0.000,0.000
2025-11-22 15:04:26,mlx5_7,0.000,0.000,0.000,0.000
2025-11-22 15:04:26,mlx5_8,0.000,0.000,0.000,0.000
2025-11-22 15:04:26,mlx5_9,0.000,0.000,0.000,0.000
2025-11-22 15:04:26,TOTAL,0.000,0.000,953.417,2045.980
2025-11-22 15:04:27,mlx5_0,0.000,0.000,0.000,0.000
2025-11-22 15:04:27,mlx5_1,0.000,0.000,474.758,1007.785
2025-11-22 15:04:27,mlx5_2,0.000,0.000,0.000,0.000
2025-11-22 15:04:27,mlx5_3,0.000,0.000,0.000,0.000
2025-11-22 15:04:27,mlx5_4,0.000,0.000,0.000,0.000
2025-11-22 15:04:27,mlx5_5,0.000,0.000,478.659,1038.195
2025-11-22 15:04:27,mlx5_6,0.000,0.000,0.000,0.000
2025-11-22 15:04:27,mlx5_7,0.000,0.000,0.000,0.000
2025-11-22 15:04:27,mlx5_8,0.000,0.000,0.000,0.000
2025-11-22 15:04:27,mlx5_9,0.000,0.000,0.000,0.000
2025-11-22 15:04:27,TOTAL,0.000,0.000,953.417,2045.980
2025-11-22 15:04:28,mlx5_0,0.000,0.000,0.000,0.000
2025-11-22 15:04:28,mlx5_1,0.000,0.000,474.758,1007.785
2025-11-22 15:04:28,mlx5_2,0.000,0.000,0.000,0.000
2025-11-22 15:04:28,mlx5_3,0.000,0.000,0.000,0.000
2025-11-22 15:04:28,mlx5_4,0.000,0.000,0.000,0.000
2025-11-22 15:04:28,mlx5_5,0.000,0.000,478.659,1038.195
2025-11-22 15:04:28,mlx5_6,0.000,0.000,0.000,0.000
2025-11-22 15:04:28,mlx5_7,0.000,0.000,0.000,0.000
2025-11-22 15:04:28,mlx5_8,0.000,0.000,0.000,0.000
2025-11-22 15:04:28,mlx5_9,0.000,0.000,0.000,0.000
2025-11-22 15:04:28,TOTAL,0.000,0.000,953.417,2045.980
2025-11-22 15:04:29,mlx5_0,0.000,0.000,0.000,0.000
2025-11-22 15:04:29,mlx5_1,18.495,0.022,477.082,1007.787
2025-11-22 15:04:29,mlx5_2,0.000,0.000,0.000,0.000
2025-11-22 15:04:29,mlx5_3,0.000,0.000,0.000,0.000
2025-11-22 15:04:29,mlx5_4,0.000,0.000,0.000,0.000
2025-11-22 15:04:29,mlx5_5,18.722,0.023,481.012,1038.198
2025-11-22 15:04:29,mlx5_6,0.000,0.000,0.000,0.000
2025-11-22 15:04:29,mlx5_7,0.000,0.000,0.000,0.000
2025-11-22 15:04:29,mlx5_8,0.000,0.000,0.000,0.000
2025-11-22 15:04:29,mlx5_9,0.000,0.000,0.000,0.000
2025-11-22 15:04:29,TOTAL,37.217,0.045,958.093,2045.986
2025-11-22 15:04:30,mlx5_0,0.000,0.000,0.000,0.000
2025-11-22 15:04:30,mlx5_1,0.000,0.000,477.082,1007.787
2025-11-22 15:04:30,mlx5_2,0.000,0.000,0.000,0.000
2025-11-22 15:04:30,mlx5_3,0.000,0.000,0.000,0.000
2025-11-22 15:04:30,mlx5_4,0.000,0.000,0.000,0.000
2025-11-22 15:04:30,mlx5_5,0.000,0.000,481.012,1038.198
2025-11-22 15:04:30,mlx5_6,0.000,0.000,0.000,0.000
2025-11-22 15:04:30,mlx5_7,0.000,0.000,0.000,0.000
2025-11-22 15:04:30,mlx5_8,0.000,0.000,0.000,0.000
2025-11-22 15:04:30,mlx5_9,0.000,0.000,0.000,0.000
2025-11-22 15:04:30,TOTAL,0.000,0.000,958.093,2045.986
2025-11-22 15:04:31,mlx5_0,0.000,0.000,0.000,0.000
2025-11-22 15:04:31,mlx5_1,0.000,0.000,477.082,1007.787
2025-11-22 15:04:31,mlx5_2,0.000,0.000,0.000,0.000
2025-11-22 15:04:31,mlx5_3,0.000,0.000,0.000,0.000
2025-11-22 15:04:31,mlx5_4,0.000,0.000,0.000,0.000
2025-11-22 15:04:31,mlx5_5,0.000,0.000,481.012,1038.198
2025-11-22 15:04:31,mlx5_6,0.000,0.000,0.000,0.000
2025-11-22 15:04:31,mlx5_7,0.000,0.000,0.000,0.000
2025-11-22 15:04:31,mlx5_8,0.000,0.000,0.000,0.000
2025-11-22 15:04:31,mlx5_9,0.000,0.000,0.000,0.000
2025-11-22 15:04:31,TOTAL,0.000,0.000,958.093,2045.986
2025-11-22 15:04:32,mlx5_0,0.000,0.000,0.000,0.000
2025-11-22 15:04:32,mlx5_1,0.000,0.000,477.082,1007.787
2025-11-22 15:04:32,mlx5_2,0.000,0.000,0.000,0.000
2025-11-22 15:04:32,mlx5_3,0.000,0.000,0.000,0.000
2025-11-22 15:04:32,mlx5_4,0.000,0.000,0.000,0.000
2025-11-22 15:04:32,mlx5_5,0.000,0.000,481.012,1038.198
2025-11-22 15:04:32,mlx5_6,0.000,0.000,0.000,0.000
2025-11-22 15:04:32,mlx5_7,0.000,0.000,0.000,0.000
2025-11-22 15:04:32,mlx5_8,0.000,0.000,0.000,0.000
2025-11-22 15:04:32,mlx5_9,0.000,0.000,0.000,0.000
2025-11-22 15:04:32,TOTAL,0.000,0.000,958.093,2045.986
2025-11-22 15:04:33,mlx5_0,0.000,0.000,0.000,0.000
2025-11-22 15:04:33,mlx5_1,0.000,0.000,477.082,1007.787
2025-11-22 15:04:33,mlx5_2,0.000,0.000,0.000,0.000
2025-11-22 15:04:33,mlx5_3,0.000,0.000,0.000,0.000
2025-11-22 15:04:33,mlx5_4,0.000,0.000,0.000,0.000
2025-11-22 15:04:33,mlx5_5,0.000,0.000,481.012,1038.198
2025-11-22 15:04:33,mlx5_6,0.000,0.000,0.000,0.000
2025-11-22 15:04:33,mlx5_7,0.000,0.000,0.000,0.000
2025-11-22 15:04:33,mlx5_8,0.000,0.000,0.000,0.000
2025-11-22 15:04:33,mlx5_9,0.000,0.000,0.000,0.000
2025-11-22 15:04:33,TOTAL,0.000,0.000,958.093,2045.986
2025-11-22 15:04:34,mlx5_0,0.000,0.000,0.000,0.000
2025-11-22 15:04:34,mlx5_1,19.195,110.928,479.493,1021.721
2025-11-22 15:04:34,mlx5_2,0.000,0.000,0.000,0.000
2025-11-22 15:04:34,mlx5_3,0.000,0.000,0.000,0.000
2025-11-22 15:04:34,mlx5_4,0.000,0.000,0.000,0.000
2025-11-22 15:04:34,mlx5_5,19.430,115.685,483.452,1052.729
2025-11-22 15:04:34,mlx5_6,0.000,0.000,0.000,0.000
2025-11-22 15:04:34,mlx5_7,0.000,0.000,0.000,0.000
2025-11-22 15:04:34,mlx5_8,0.000,0.000,0.000,0.000
2025-11-22 15:04:34,mlx5_9,0.000,0.000,0.000,0.000
2025-11-22 15:04:34,TOTAL,38.625,226.614,962.945,2074.450
2025-11-22 15:04:35,mlx5_0,0.000,0.000,0.000,0.000
2025-11-22 15:04:35,mlx5_1,0.000,0.000,479.493,1021.721
2025-11-22 15:04:35,mlx5_2,0.000,0.000,0.000,0.000
2025-11-22 15:04:35,mlx5_3,0.000,0.000,0.000,0.000
2025-11-22 15:04:35,mlx5_4,0.000,0.000,0.000,0.000
2025-11-22 15:04:35,mlx5_5,0.000,0.000,483.452,1052.729
2025-11-22 15:04:35,mlx5_6,0.000,0.000,0.000,0.000
2025-11-22 15:04:35,mlx5_7,0.000,0.000,0.000,0.000
2025-11-22 15:04:35,mlx5_8,0.000,0.000,0.000,0.000
2025-11-22 15:04:35,mlx5_9,0.000,0.000,0.000,0.000
2025-11-22 15:04:35,TOTAL,0.000,0.000,962.945,2074.450
2025-11-22 15:04:36,mlx5_0,0.000,0.000,0.000,0.000
2025-11-22 15:04:36,mlx5_1,0.000,0.000,479.493,1021.721
2025-11-22 15:04:36,mlx5_2,0.000,0.000,0.000,0.000
2025-11-22 15:04:36,mlx5_3,0.000,0.000,0.000,0.000
2025-11-22 15:04:36,mlx5_4,0.000,0.000,0.000,0.000
2025-11-22 15:04:36,mlx5_5,0.000,0.000,483.452,1052.729
2025-11-22 15:04:36,mlx5_6,0.000,0.000,0.000,0.000
2025-11-22 15:04:36,mlx5_7,0.000,0.000,0.000,0.000
2025-11-22 15:04:36,mlx5_8,0.000,0.000,0.000,0.000
2025-11-22 15:04:36,mlx5_9,0.000,0.000,0.000,0.000
2025-11-22 15:04:36,TOTAL,0.000,0.000,962.945,2074.450
2025-11-22 15:04:37,mlx5_0,0.000,0.000,0.000,0.000
2025-11-22 15:04:37,mlx5_1,0.000,0.000,479.493,1021.721
2025-11-22 15:04:37,mlx5_2,0.000,0.000,0.000,0.000
2025-11-22 15:04:37,mlx5_3,0.000,0.000,0.000,0.000
2025-11-22 15:04:37,mlx5_4,0.000,0.000,0.000,0.000
2025-11-22 15:04:37,mlx5_5,0.000,0.000,483.452,1052.729
2025-11-22 15:04:37,mlx5_6,0.000,0.000,0.000,0.000
2025-11-22 15:04:37,mlx5_7,0.000,0.000,0.000,0.000
2025-11-22 15:04:37,mlx5_8,0.000,0.000,0.000,0.000
2025-11-22 15:04:37,mlx5_9,0.000,0.000,0.000,0.000
2025-11-22 15:04:37,TOTAL,0.000,0.000,962.945,2074.450
2025-11-22 15:04:38,mlx5_0,0.000,0.000,0.000,0.000
2025-11-22 15:04:38,mlx5_1,13.480,0.017,481.186,1021.723
2025-11-22 15:04:38,mlx5_2,0.000,0.000,0.000,0.000
2025-11-22 15:04:38,mlx5_3,0.000,0.000,0.000,0.000
2025-11-22 15:04:38,mlx5_4,0.000,0.000,0.000,0.000
2025-11-22 15:04:38,mlx5_5,14.140,0.017,485.229,1052.731
2025-11-22 15:04:38,mlx5_6,0.000,0.000,0.000,0.000
2025-11-22 15:04:38,mlx5_7,0.000,0.000,0.000,0.000
2025-11-22 15:04:38,mlx5_8,0.000,0.000,0.000,0.000
2025-11-22 15:04:38,mlx5_9,0.000,0.000,0.000,0.000
2025-11-22 15:04:38,TOTAL,27.620,0.034,966.415,2074.454
2025-11-22 15:04:39,mlx5_0,0.000,0.000,0.000,0.000
2025-11-22 15:04:39,mlx5_1,5.305,0.007,481.853,1021.724
2025-11-22 15:04:39,mlx5_2,0.000,0.000,0.000,0.000
2025-11-22 15:04:39,mlx5_3,0.000,0.000,0.000,0.000
2025-11-22 15:04:39,mlx5_4,0.000,0.000,0.000,0.000
2025-11-22 15:04:39,mlx5_5,5.023,0.006,485.860,1052.732
2025-11-22 15:04:39,mlx5_6,0.000,0.000,0.000,0.000
2025-11-22 15:04:39,mlx5_7,0.000,0.000,0.000,0.000
2025-11-22 15:04:39,mlx5_8,0.000,0.000,0.000,0.000
2025-11-22 15:04:39,mlx5_9,0.000,0.000,0.000,0.000
2025-11-22 15:04:39,TOTAL,10.328,0.013,967.713,2074.456
2025-11-22 15:04:40,mlx5_0,0.000,0.000,0.000,0.000
2025-11-22 15:04:40,mlx5_1,0.000,0.000,481.853,1021.724
2025-11-22 15:04:40,mlx5_2,0.000,0.000,0.000,0.000
2025-11-22 15:04:40,mlx5_3,0.000,0.000,0.000,0.000
2025-11-22 15:04:40,mlx5_4,0.000,0.000,0.000,0.000
2025-11-22 15:04:40,mlx5_5,0.000,0.000,485.860,1052.732
2025-11-22 15:04:40,mlx5_6,0.000,0.000,0.000,0.000
2025-11-22 15:04:40,mlx5_7,0.000,0.000,0.000,0.000
2025-11-22 15:04:40,mlx5_8,0.000,0.000,0.000,0.000
2025-11-22 15:04:40,mlx5_9,0.000,0.000,0.000,0.000
2025-11-22 15:04:40,TOTAL,0.000,0.000,967.713,2074.456
2025-11-22 15:04:41,mlx5_0,0.000,0.000,0.000,0.000
2025-11-22 15:04:41,mlx5_1,0.000,0.000,481.853,1021.724
2025-11-22 15:04:41,mlx5_2,0.000,0.000,0.000,0.000
2025-11-22 15:04:41,mlx5_3,0.000,0.000,0.000,0.000
2025-11-22 15:04:41,mlx5_4,0.000,0.000,0.000,0.000
2025-11-22 15:04:41,mlx5_5,0.000,0.000,485.860,1052.732
2025-11-22 15:04:41,mlx5_6,0.000,0.000,0.000,0.000
2025-11-22 15:04:41,mlx5_7,0.000,0.000,0.000,0.000
2025-11-22 15:04:41,mlx5_8,0.000,0.000,0.000,0.000
2025-11-22 15:04:41,mlx5_9,0.000,0.000,0.000,0.000
2025-11-22 15:04:41,TOTAL,0.000,0.000,967.713,2074.456
2025-11-22 15:04:42,mlx5_0,0.000,0.000,0.000,0.000
2025-11-22 15:04:42,mlx5_1,18.568,0.023,484.183,1021.727
2025-11-22 15:04:42,mlx5_2,0.000,0.000,0.000,0.000
2025-11-22 15:04:42,mlx5_3,0.000,0.000,0.000,0.000
2025-11-22 15:04:42,mlx5_4,0.000,0.000,0.000,0.000
2025-11-22 15:04:42,mlx5_5,18.690,0.023,488.206,1052.735
2025-11-22 15:04:42,mlx5_6,0.000,0.000,0.000,0.000
2025-11-22 15:04:42,mlx5_7,0.000,0.000,0.000,0.000
2025-11-22 15:04:42,mlx5_8,0.000,0.000,0.000,0.000
2025-11-22 15:04:42,mlx5_9,0.000,0.000,0.000,0.000
2025-11-22 15:04:42,TOTAL,37.258,0.045,972.389,2074.462
2025-11-22 15:04:43,mlx5_0,0.000,0.000,0.000,0.000
2025-11-22 15:04:43,mlx5_1,0.000,0.000,484.183,1021.727
2025-11-22 15:04:43,mlx5_2,0.000,0.000,0.000,0.000
2025-11-22 15:04:43,mlx5_3,0.000,0.000,0.000,0.000
2025-11-22 15:04:43,mlx5_4,0.000,0.000,0.000,0.000
2025-11-22 15:04:43,mlx5_5,0.000,0.000,488.206,1052.735
2025-11-22 15:04:43,mlx5_6,0.000,0.000,0.000,0.000
2025-11-22 15:04:43,mlx5_7,0.000,0.000,0.000,0.000
2025-11-22 15:04:43,mlx5_8,0.000,0.000,0.000,0.000
2025-11-22 15:04:43,mlx5_9,0.000,0.000,0.000,0.000
2025-11-22 15:04:43,TOTAL,0.000,0.000,972.389,2074.462
2025-11-22 15:04:44,mlx5_0,0.000,0.000,0.000,0.000
2025-11-22 15:04:44,mlx5_1,0.000,0.000,484.183,1021.727
2025-11-22 15:04:44,mlx5_2,0.000,0.000,0.000,0.000
2025-11-22 15:04:44,mlx5_3,0.000,0.000,0.000,0.000
2025-11-22 15:04:44,mlx5_4,0.000,0.000,0.000,0.000
2025-11-22 15:04:44,mlx5_5,0.000,0.000,488.206,1052.735
2025-11-22 15:04:44,mlx5_6,0.000,0.000,0.000,0.000
2025-11-22 15:04:44,mlx5_7,0.000,0.000,0.000,0.000
2025-11-22 15:04:44,mlx5_8,0.000,0.000,0.000,0.000
2025-11-22 15:04:44,mlx5_9,0.000,0.000,0.000,0.000
2025-11-22 15:04:44,TOTAL,0.000,0.000,972.389,2074.462
2025-11-22 15:04:45,mlx5_0,0.000,0.000,0.000,0.000
2025-11-22 15:04:45,mlx5_1,18.561,0.023,486.515,1021.729
2025-11-22 15:04:45,mlx5_2,0.000,0.000,0.000,0.000
2025-11-22 15:04:45,mlx5_3,0.000,0.000,0.000,0.000
2025-11-22 15:04:45,mlx5_4,0.000,0.000,0.000,0.000
2025-11-22 15:04:45,mlx5_5,18.658,0.023,490.550,1052.738
2025-11-22 15:04:45,mlx5_6,0.000,0.000,0.000,0.000
2025-11-22 15:04:45,mlx5_7,0.000,0.000,0.000,0.000
2025-11-22 15:04:45,mlx5_8,0.000,0.000,0.000,0.000
2025-11-22 15:04:45,mlx5_9,0.000,0.000,0.000,0.000
2025-11-22 15:04:45,TOTAL,37.219,0.045,977.065,2074.467
2025-11-22 15:04:46,mlx5_0,0.000,0.000,0.000,0.000
2025-11-22 15:04:46,mlx5_1,0.000,0.000,486.515,1021.729
2025-11-22 15:04:46,mlx5_2,0.000,0.000,0.000,0.000
2025-11-22 15:04:46,mlx5_3,0.000,0.000,0.000,0.000
2025-11-22 15:04:46,mlx5_4,0.000,0.000,0.000,0.000
2025-11-22 15:04:46,mlx5_5,0.000,0.000,490.550,1052.738
2025-11-22 15:04:46,mlx5_6,0.000,0.000,0.000,0.000
2025-11-22 15:04:46,mlx5_7,0.000,0.000,0.000,0.000
2025-11-22 15:04:46,mlx5_8,0.000,0.000,0.000,0.000
2025-11-22 15:04:46,mlx5_9,0.000,0.000,0.000,0.000
2025-11-22 15:04:46,TOTAL,0.000,0.000,977.065,2074.467
2025-11-22 15:04:47,mlx5_0,0.000,0.000,0.000,0.000
2025-11-22 15:04:47,mlx5_1,0.000,0.000,486.515,1021.729
2025-11-22 15:04:47,mlx5_2,0.000,0.000,0.000,0.000
2025-11-22 15:04:47,mlx5_3,0.000,0.000,0.000,0.000
2025-11-22 15:04:47,mlx5_4,0.000,0.000,0.000,0.000
2025-11-22 15:04:47,mlx5_5,0.000,0.000,490.550,1052.738
2025-11-22 15:04:47,mlx5_6,0.000,0.000,0.000,0.000
2025-11-22 15:04:47,mlx5_7,0.000,0.000,0.000,0.000
2025-11-22 15:04:47,mlx5_8,0.000,0.000,0.000,0.000
2025-11-22 15:04:47,mlx5_9,0.000,0.000,0.000,0.000
2025-11-22 15:04:47,TOTAL,0.000,0.000,977.065,2074.467
2025-11-22 15:04:48,mlx5_0,0.000,0.000,0.000,0.000
2025-11-22 15:04:48,mlx5_1,0.000,0.000,486.515,1021.729
2025-11-22 15:04:48,mlx5_2,0.000,0.000,0.000,0.000
2025-11-22 15:04:48,mlx5_3,0.000,0.000,0.000,0.000
2025-11-22 15:04:48,mlx5_4,0.000,0.000,0.000,0.000
2025-11-22 15:04:48,mlx5_5,0.000,0.000,490.550,1052.738
2025-11-22 15:04:48,mlx5_6,0.000,0.000,0.000,0.000
2025-11-22 15:04:48,mlx5_7,0.000,0.000,0.000,0.000
2025-11-22 15:04:48,mlx5_8,0.000,0.000,0.000,0.000
2025-11-22 15:04:48,mlx5_9,0.000,0.000,0.000,0.000
2025-11-22 15:04:48,TOTAL,0.000,0.000,977.065,2074.467
2025-11-22 15:04:49,mlx5_0,0.000,0.000,0.000,0.000
2025-11-22 15:04:49,mlx5_1,18.631,0.022,488.856,1021.732
2025-11-22 15:04:49,mlx5_2,0.000,0.000,0.000,0.000
2025-11-22 15:04:49,mlx5_3,0.000,0.000,0.000,0.000
2025-11-22 15:04:49,mlx5_4,0.000,0.000,0.000,0.000
2025-11-22 15:04:49,mlx5_5,18.591,0.023,492.885,1052.741
2025-11-22 15:04:49,mlx5_6,0.000,0.000,0.000,0.000
2025-11-22 15:04:49,mlx5_7,0.000,0.000,0.000,0.000
2025-11-22 15:04:49,mlx5_8,0.000,0.000,0.000,0.000
2025-11-22 15:04:49,mlx5_9,0.000,0.000,0.000,0.000
2025-11-22 15:04:49,TOTAL,37.221,0.045,981.741,2074.473
2025-11-22 15:04:50,mlx5_0,0.000,0.000,0.000,0.000
2025-11-22 15:04:50,mlx5_1,0.000,0.000,488.856,1021.732
2025-11-22 15:04:50,mlx5_2,0.000,0.000,0.000,0.000
2025-11-22 15:04:50,mlx5_3,0.000,0.000,0.000,0.000
2025-11-22 15:04:50,mlx5_4,0.000,0.000,0.000,0.000
2025-11-22 15:04:50,mlx5_5,0.000,0.000,492.885,1052.741
2025-11-22 15:04:50,mlx5_6,0.000,0.000,0.000,0.000
2025-11-22 15:04:50,mlx5_7,0.000,0.000,0.000,0.000
2025-11-22 15:04:50,mlx5_8,0.000,0.000,0.000,0.000
2025-11-22 15:04:50,mlx5_9,0.000,0.000,0.000,0.000
2025-11-22 15:04:50,TOTAL,0.000,0.000,981.741,2074.473
2025-11-22 15:04:51,mlx5_0,0.000,0.000,0.000,0.000
2025-11-22 15:04:51,mlx5_1,0.000,0.000,488.856,1021.732
2025-11-22 15:04:51,mlx5_2,0.000,0.000,0.000,0.000
2025-11-22 15:04:51,mlx5_3,0.000,0.000,0.000,0.000
2025-11-22 15:04:51,mlx5_4,0.000,0.000,0.000,0.000
2025-11-22 15:04:51,mlx5_5,0.000,0.000,492.885,1052.741
2025-11-22 15:04:51,mlx5_6,0.000,0.000,0.000,0.000
2025-11-22 15:04:51,mlx5_7,0.000,0.000,0.000,0.000
2025-11-22 15:04:51,mlx5_8,0.000,0.000,0.000,0.000
2025-11-22 15:04:51,mlx5_9,0.000,0.000,0.000,0.000
2025-11-22 15:04:51,TOTAL,0.000,0.000,981.741,2074.473
2025-11-22 15:04:52,mlx5_0,0.000,0.000,0.000,0.000
2025-11-22 15:04:52,mlx5_1,0.000,0.000,488.856,1021.732
2025-11-22 15:04:52,mlx5_2,0.000,0.000,0.000,0.000
2025-11-22 15:04:52,mlx5_3,0.000,0.000,0.000,0.000
2025-11-22 15:04:52,mlx5_4,0.000,0.000,0.000,0.000
2025-11-22 15:04:52,mlx5_5,0.000,0.000,492.885,1052.741
2025-11-22 15:04:52,mlx5_6,0.000,0.000,0.000,0.000
2025-11-22 15:04:52,mlx5_7,0.000,0.000,0.000,0.000
2025-11-22 15:04:52,mlx5_8,0.000,0.000,0.000,0.000
2025-11-22 15:04:52,mlx5_9,0.000,0.000,0.000,0.000
2025-11-22 15:04:52,TOTAL,0.000,0.000,981.741,2074.473
2025-11-22 15:04:53,mlx5_0,0.000,0.000,0.000,0.000
2025-11-22 15:04:53,mlx5_1,18.671,0.023,491.201,1021.735
2025-11-22 15:04:53,mlx5_2,0.000,0.000,0.000,0.000
2025-11-22 15:04:53,mlx5_3,0.000,0.000,0.000,0.000
2025-11-22 15:04:53,mlx5_4,0.000,0.000,0.000,0.000
2025-11-22 15:04:53,mlx5_5,18.546,0.023,495.215,1052.743
2025-11-22 15:04:53,mlx5_6,0.000,0.000,0.000,0.000
2025-11-22 15:04:53,mlx5_7,0.000,0.000,0.000,0.000
2025-11-22 15:04:53,mlx5_8,0.000,0.000,0.000,0.000
2025-11-22 15:04:53,mlx5_9,0.000,0.000,0.000,0.000
2025-11-22 15:04:53,TOTAL,37.217,0.045,986.417,2074.479
2025-11-22 15:04:54,mlx5_0,0.000,0.000,0.000,0.000
2025-11-22 15:04:54,mlx5_1,0.000,0.000,491.201,1021.735
2025-11-22 15:04:54,mlx5_2,0.000,0.000,0.000,0.000
2025-11-22 15:04:54,mlx5_3,0.000,0.000,0.000,0.000
2025-11-22 15:04:54,mlx5_4,0.000,0.000,0.000,0.000
2025-11-22 15:04:54,mlx5_5,0.000,0.000,495.215,1052.743
2025-11-22 15:04:54,mlx5_6,0.000,0.000,0.000,0.000
2025-11-22 15:04:54,mlx5_7,0.000,0.000,0.000,0.000
2025-11-22 15:04:54,mlx5_8,0.000,0.000,0.000,0.000
2025-11-22 15:04:54,mlx5_9,0.000,0.000,0.000,0.000
2025-11-22 15:04:54,TOTAL,0.000,0.000,986.417,2074.479
2025-11-22 15:04:55,mlx5_0,0.000,0.000,0.000,0.000
2025-11-22 15:04:55,mlx5_1,0.000,0.000,491.201,1021.735
2025-11-22 15:04:55,mlx5_2,0.000,0.000,0.000,0.000
2025-11-22 15:04:55,mlx5_3,0.000,0.000,0.000,0.000
2025-11-22 15:04:55,mlx5_4,0.000,0.000,0.000,0.000
2025-11-22 15:04:55,mlx5_5,0.000,0.000,495.215,1052.743
2025-11-22 15:04:55,mlx5_6,0.000,0.000,0.000,0.000
2025-11-22 15:04:55,mlx5_7,0.000,0.000,0.000,0.000
2025-11-22 15:04:55,mlx5_8,0.000,0.000,0.000,0.000
2025-11-22 15:04:55,mlx5_9,0.000,0.000,0.000,0.000
2025-11-22 15:04:55,TOTAL,0.000,0.000,986.417,2074.479
2025-11-22 15:04:56,mlx5_0,0.000,0.000,0.000,0.000
2025-11-22 15:04:56,mlx5_1,0.000,0.000,491.201,1021.735
2025-11-22 15:04:56,mlx5_2,0.000,0.000,0.000,0.000
2025-11-22 15:04:56,mlx5_3,0.000,0.000,0.000,0.000
2025-11-22 15:04:56,mlx5_4,0.000,0.000,0.000,0.000
2025-11-22 15:04:56,mlx5_5,0.000,0.000,495.215,1052.743
2025-11-22 15:04:56,mlx5_6,0.000,0.000,0.000,0.000
2025-11-22 15:04:56,mlx5_7,0.000,0.000,0.000,0.000
2025-11-22 15:04:56,mlx5_8,0.000,0.000,0.000,0.000
2025-11-22 15:04:56,mlx5_9,0.000,0.000,0.000,0.000
2025-11-22 15:04:56,TOTAL,0.000,0.000,986.417,2074.479
2025-11-22 15:04:57,mlx5_0,0.000,0.000,0.000,0.000
2025-11-22 15:04:57,mlx5_1,0.000,0.000,491.201,1021.735
2025-11-22 15:04:57,mlx5_2,0.000,0.000,0.000,0.000
2025-11-22 15:04:57,mlx5_3,0.000,0.000,0.000,0.000
2025-11-22 15:04:57,mlx5_4,0.000,0.000,0.000,0.000
2025-11-22 15:04:57,mlx5_5,0.000,0.000,495.215,1052.743
2025-11-22 15:04:57,mlx5_6,0.000,0.000,0.000,0.000
2025-11-22 15:04:57,mlx5_7,0.000,0.000,0.000,0.000
2025-11-22 15:04:57,mlx5_8,0.000,0.000,0.000,0.000
2025-11-22 15:04:57,mlx5_9,0.000,0.000,0.000,0.000
2025-11-22 15:04:57,TOTAL,0.000,0.000,986.417,2074.479
2025-11-22 15:04:58,mlx5_0,0.000,0.000,0.000,0.000
2025-11-22 15:04:58,mlx5_1,19.054,111.858,493.595,1035.787
2025-11-22 15:04:58,mlx5_2,0.000,0.000,0.000,0.000
2025-11-22 15:04:58,mlx5_3,0.000,0.000,0.000,0.000
2025-11-22 15:04:58,mlx5_4,0.000,0.000,0.000,0.000
2025-11-22 15:04:58,mlx5_5,19.511,114.739,497.666,1067.157
2025-11-22 15:04:58,mlx5_6,0.000,0.000,0.000,0.000
2025-11-22 15:04:58,mlx5_7,0.000,0.000,0.000,0.000
2025-11-22 15:04:58,mlx5_8,0.000,0.000,0.000,0.000
2025-11-22 15:04:58,mlx5_9,0.000,0.000,0.000,0.000
2025-11-22 15:04:58,TOTAL,38.564,226.597,991.261,2102.944
2025-11-22 15:04:59,mlx5_0,0.000,0.000,0.000,0.000
2025-11-22 15:04:59,mlx5_1,0.000,0.000,493.595,1035.787
2025-11-22 15:04:59,mlx5_2,0.000,0.000,0.000,0.000
2025-11-22 15:04:59,mlx5_3,0.000,0.000,0.000,0.000
2025-11-22 15:04:59,mlx5_4,0.000,0.000,0.000,0.000
2025-11-22 15:04:59,mlx5_5,0.000,0.000,497.666,1067.157
2025-11-22 15:04:59,mlx5_6,0.000,0.000,0.000,0.000
2025-11-22 15:04:59,mlx5_7,0.000,0.000,0.000,0.000
2025-11-22 15:04:59,mlx5_8,0.000,0.000,0.000,0.000
2025-11-22 15:04:59,mlx5_9,0.000,0.000,0.000,0.000
2025-11-22 15:04:59,TOTAL,0.000,0.000,991.261,2102.944
2025-11-22 15:05:00,mlx5_0,0.000,0.000,0.000,0.000
2025-11-22 15:05:00,mlx5_1,0.000,0.000,493.595,1035.787
2025-11-22 15:05:00,mlx5_2,0.000,0.000,0.000,0.000
2025-11-22 15:05:00,mlx5_3,0.000,0.000,0.000,0.000
2025-11-22 15:05:00,mlx5_4,0.000,0.000,0.000,0.000
2025-11-22 15:05:00,mlx5_5,0.000,0.000,497.666,1067.157
2025-11-22 15:05:00,mlx5_6,0.000,0.000,0.000,0.000
2025-11-22 15:05:00,mlx5_7,0.000,0.000,0.000,0.000
2025-11-22 15:05:00,mlx5_8,0.000,0.000,0.000,0.000
2025-11-22 15:05:00,mlx5_9,0.000,0.000,0.000,0.000
2025-11-22 15:05:00,TOTAL,0.000,0.000,991.261,2102.944
2025-11-22 15:05:01,mlx5_0,0.000,0.000,0.000,0.000
2025-11-22 15:05:01,mlx5_1,0.000,0.000,493.595,1035.787
2025-11-22 15:05:01,mlx5_2,0.000,0.000,0.000,0.000
2025-11-22 15:05:01,mlx5_3,0.000,0.000,0.000,0.000
2025-11-22 15:05:01,mlx5_4,0.000,0.000,0.000,0.000
2025-11-22 15:05:01,mlx5_5,0.000,0.000,497.666,1067.157
2025-11-22 15:05:01,mlx5_6,0.000,0.000,0.000,0.000
2025-11-22 15:05:01,mlx5_7,0.000,0.000,0.000,0.000
2025-11-22 15:05:01,mlx5_8,0.000,0.000,0.000,0.000
2025-11-22 15:05:01,mlx5_9,0.000,0.000,0.000,0.000
2025-11-22 15:05:01,TOTAL,0.000,0.000,991.261,2102.944
2025-11-22 15:05:02,mlx5_0,0.000,0.000,0.000,0.000
2025-11-22 15:05:02,mlx5_1,0.000,0.000,493.595,1035.787
2025-11-22 15:05:02,mlx5_2,0.000,0.000,0.000,0.000
2025-11-22 15:05:02,mlx5_3,0.000,0.000,0.000,0.000
2025-11-22 15:05:02,mlx5_4,0.000,0.000,0.000,0.000
2025-11-22 15:05:02,mlx5_5,0.000,0.000,497.666,1067.157
2025-11-22 15:05:02,mlx5_6,0.000,0.000,0.000,0.000
2025-11-22 15:05:02,mlx5_7,0.000,0.000,0.000,0.000
2025-11-22 15:05:02,mlx5_8,0.000,0.000,0.000,0.000
2025-11-22 15:05:02,mlx5_9,0.000,0.000,0.000,0.000
2025-11-22 15:05:02,TOTAL,0.000,0.000,991.261,2102.944
2025-11-22 15:05:03,mlx5_0,0.000,0.000,0.000,0.000
2025-11-22 15:05:03,mlx5_1,17.837,0.022,495.836,1035.790
2025-11-22 15:05:03,mlx5_2,0.000,0.000,0.000,0.000
2025-11-22 15:05:03,mlx5_3,0.000,0.000,0.000,0.000
2025-11-22 15:05:03,mlx5_4,0.000,0.000,0.000,0.000
2025-11-22 15:05:03,mlx5_5,17.788,0.022,499.901,1067.160
2025-11-22 15:05:03,mlx5_6,0.000,0.000,0.000,0.000
2025-11-22 15:05:03,mlx5_7,0.000,0.000,0.000,0.000
2025-11-22 15:05:03,mlx5_8,0.000,0.000,0.000,0.000
2025-11-22 15:05:03,mlx5_9,0.000,0.000,0.000,0.000
2025-11-22 15:05:03,TOTAL,35.625,0.044,995.737,2102.949
2025-11-22 15:05:04,mlx5_0,0.000,0.000,0.000,0.000
2025-11-22 15:05:04,mlx5_1,0.000,0.000,495.836,1035.790
2025-11-22 15:05:04,mlx5_2,0.000,0.000,0.000,0.000
2025-11-22 15:05:04,mlx5_3,0.000,0.000,0.000,0.000
2025-11-22 15:05:04,mlx5_4,0.000,0.000,0.000,0.000
2025-11-22 15:05:04,mlx5_5,0.000,0.000,499.901,1067.160
2025-11-22 15:05:04,mlx5_6,0.000,0.000,0.000,0.000
2025-11-22 15:05:04,mlx5_7,0.000,0.000,0.000,0.000
2025-11-22 15:05:04,mlx5_8,0.000,0.000,0.000,0.000
2025-11-22 15:05:04,mlx5_9,0.000,0.000,0.000,0.000
2025-11-22 15:05:04,TOTAL,0.000,0.000,995.737,2102.949
2025-11-22 15:05:05,mlx5_0,0.000,0.000,0.000,0.000
2025-11-22 15:05:05,mlx5_1,0.000,0.000,495.836,1035.790
2025-11-22 15:05:05,mlx5_2,0.000,0.000,0.000,0.000
2025-11-22 15:05:05,mlx5_3,0.000,0.000,0.000,0.000
2025-11-22 15:05:05,mlx5_4,0.000,0.000,0.000,0.000
2025-11-22 15:05:05,mlx5_5,0.000,0.000,499.901,1067.160
2025-11-22 15:05:05,mlx5_6,0.000,0.000,0.000,0.000
2025-11-22 15:05:05,mlx5_7,0.000,0.000,0.000,0.000
2025-11-22 15:05:05,mlx5_8,0.000,0.000,0.000,0.000
2025-11-22 15:05:05,mlx5_9,0.000,0.000,0.000,0.000
2025-11-22 15:05:05,TOTAL,0.000,0.000,995.737,2102.949
2025-11-22 15:05:06,mlx5_0,0.000,0.000,0.000,0.000
2025-11-22 15:05:06,mlx5_1,18.557,0.022,498.166,1035.792
2025-11-22 15:05:06,mlx5_2,0.000,0.000,0.000,0.000
2025-11-22 15:05:06,mlx5_3,0.000,0.000,0.000,0.000
2025-11-22 15:05:06,mlx5_4,0.000,0.000,0.000,0.000
2025-11-22 15:05:06,mlx5_5,18.671,0.023,502.246,1067.163
2025-11-22 15:05:06,mlx5_6,0.000,0.000,0.000,0.000
2025-11-22 15:05:06,mlx5_7,0.000,0.000,0.000,0.000
2025-11-22 15:05:06,mlx5_8,0.000,0.000,0.000,0.000
2025-11-22 15:05:06,mlx5_9,0.000,0.000,0.000,0.000
2025-11-22 15:05:06,TOTAL,37.228,0.045,1000.413,2102.955
2025-11-22 15:05:07,mlx5_0,0.000,0.000,0.000,0.000
2025-11-22 15:05:07,mlx5_1,0.000,0.000,498.166,1035.792
2025-11-22 15:05:07,mlx5_2,0.000,0.000,0.000,0.000
2025-11-22 15:05:07,mlx5_3,0.000,0.000,0.000,0.000
2025-11-22 15:05:07,mlx5_4,0.000,0.000,0.000,0.000
2025-11-22 15:05:07,mlx5_5,0.000,0.000,502.246,1067.163
2025-11-22 15:05:07,mlx5_6,0.000,0.000,0.000,0.000
2025-11-22 15:05:07,mlx5_7,0.000,0.000,0.000,0.000
2025-11-22 15:05:07,mlx5_8,0.000,0.000,0.000,0.000
2025-11-22 15:05:07,mlx5_9,0.000,0.000,0.000,0.000
2025-11-22 15:05:07,TOTAL,0.000,0.000,1000.413,2102.955
2025-11-22 15:05:08,mlx5_0,0.000,0.000,0.000,0.000
2025-11-22 15:05:08,mlx5_1,0.000,0.000,498.166,1035.792
2025-11-22 15:05:08,mlx5_2,0.000,0.000,0.000,0.000
2025-11-22 15:05:08,mlx5_3,0.000,0.000,0.000,0.000
2025-11-22 15:05:08,mlx5_4,0.000,0.000,0.000,0.000
2025-11-22 15:05:08,mlx5_5,0.000,0.000,502.246,1067.163
2025-11-22 15:05:08,mlx5_6,0.000,0.000,0.000,0.000
2025-11-22 15:05:08,mlx5_7,0.000,0.000,0.000,0.000
2025-11-22 15:05:08,mlx5_8,0.000,0.000,0.000,0.000
2025-11-22 15:05:08,mlx5_9,0.000,0.000,0.000,0.000
2025-11-22 15:05:08,TOTAL,0.000,0.000,1000.413,2102.955
2025-11-22 15:05:09,mlx5_0,0.000,0.000,0.000,0.000
2025-11-22 15:05:09,mlx5_1,18.512,0.022,500.492,1035.795
2025-11-22 15:05:09,mlx5_2,0.000,0.000,0.000,0.000
2025-11-22 15:05:09,mlx5_3,0.000,0.000,0.000,0.000
2025-11-22 15:05:09,mlx5_4,0.000,0.000,0.000,0.000
2025-11-22 15:05:09,mlx5_5,18.717,0.023,504.597,1067.166
2025-11-22 15:05:09,mlx5_6,0.000,0.000,0.000,0.000
2025-11-22 15:05:09,mlx5_7,0.000,0.000,0.000,0.000
2025-11-22 15:05:09,mlx5_8,0.000,0.000,0.000,0.000
2025-11-22 15:05:09,mlx5_9,0.000,0.000,0.000,0.000
2025-11-22 15:05:09,TOTAL,37.229,0.045,1005.089,2102.961
2025-11-22 15:05:10,mlx5_0,0.000,0.000,0.000,0.000
2025-11-22 15:05:10,mlx5_1,0.000,0.000,500.492,1035.795
2025-11-22 15:05:10,mlx5_2,0.000,0.000,0.000,0.000
2025-11-22 15:05:10,mlx5_3,0.000,0.000,0.000,0.000
2025-11-22 15:05:10,mlx5_4,0.000,0.000,0.000,0.000
2025-11-22 15:05:10,mlx5_5,0.000,0.000,504.597,1067.166
2025-11-22 15:05:10,mlx5_6,0.000,0.000,0.000,0.000
2025-11-22 15:05:10,mlx5_7,0.000,0.000,0.000,0.000
2025-11-22 15:05:10,mlx5_8,0.000,0.000,0.000,0.000
2025-11-22 15:05:10,mlx5_9,0.000,0.000,0.000,0.000
2025-11-22 15:05:10,TOTAL,0.000,0.000,1005.089,2102.961
2025-11-22 15:05:11,mlx5_0,0.000,0.000,0.000,0.000
2025-11-22 15:05:11,mlx5_1,0.000,0.000,500.492,1035.795
2025-11-22 15:05:11,mlx5_2,0.000,0.000,0.000,0.000
2025-11-22 15:05:11,mlx5_3,0.000,0.000,0.000,0.000
2025-11-22 15:05:11,mlx5_4,0.000,0.000,0.000,0.000
2025-11-22 15:05:11,mlx5_5,0.000,0.000,504.597,1067.166
2025-11-22 15:05:11,mlx5_6,0.000,0.000,0.000,0.000
2025-11-22 15:05:11,mlx5_7,0.000,0.000,0.000,0.000
2025-11-22 15:05:11,mlx5_8,0.000,0.000,0.000,0.000
2025-11-22 15:05:11,mlx5_9,0.000,0.000,0.000,0.000
2025-11-22 15:05:11,TOTAL,0.000,0.000,1005.089,2102.961
2025-11-22 15:05:12,mlx5_0,0.000,0.000,0.000,0.000
2025-11-22 15:05:12,mlx5_1,0.000,0.000,500.492,1035.795
2025-11-22 15:05:12,mlx5_2,0.000,0.000,0.000,0.000
2025-11-22 15:05:12,mlx5_3,0.000,0.000,0.000,0.000
2025-11-22 15:05:12,mlx5_4,0.000,0.000,0.000,0.000
2025-11-22 15:05:12,mlx5_5,0.000,0.000,504.597,1067.166
2025-11-22 15:05:12,mlx5_6,0.000,0.000,0.000,0.000
2025-11-22 15:05:12,mlx5_7,0.000,0.000,0.000,0.000
2025-11-22 15:05:12,mlx5_8,0.000,0.000,0.000,0.000
2025-11-22 15:05:12,mlx5_9,0.000,0.000,0.000,0.000
2025-11-22 15:05:12,TOTAL,0.000,0.000,1005.089,2102.961
2025-11-22 15:05:13,mlx5_0,0.000,0.000,0.000,0.000
2025-11-22 15:05:13,mlx5_1,18.515,0.023,502.817,1035.798
2025-11-22 15:05:13,mlx5_2,0.000,0.000,0.000,0.000
2025-11-22 15:05:13,mlx5_3,0.000,0.000,0.000,0.000
2025-11-22 15:05:13,mlx5_4,0.000,0.000,0.000,0.000
2025-11-22 15:05:13,mlx5_5,18.715,0.023,506.948,1067.168
2025-11-22 15:05:13,mlx5_6,0.000,0.000,0.000,0.000
2025-11-22 15:05:13,mlx5_7,0.000,0.000,0.000,0.000
2025-11-22 15:05:13,mlx5_8,0.000,0.000,0.000,0.000
2025-11-22 15:05:13,mlx5_9,0.000,0.000,0.000,0.000
2025-11-22 15:05:13,TOTAL,37.230,0.046,1009.765,2102.966
2025-11-22 15:05:14,mlx5_0,0.000,0.000,0.000,0.000
2025-11-22 15:05:14,mlx5_1,0.000,0.000,502.817,1035.798
2025-11-22 15:05:14,mlx5_2,0.000,0.000,0.000,0.000
2025-11-22 15:05:14,mlx5_3,0.000,0.000,0.000,0.000
2025-11-22 15:05:14,mlx5_4,0.000,0.000,0.000,0.000
2025-11-22 15:05:14,mlx5_5,0.000,0.000,506.948,1067.168
2025-11-22 15:05:14,mlx5_6,0.000,0.000,0.000,0.000
2025-11-22 15:05:14,mlx5_7,0.000,0.000,0.000,0.000
2025-11-22 15:05:14,mlx5_8,0.000,0.000,0.000,0.000
2025-11-22 15:05:14,mlx5_9,0.000,0.000,0.000,0.000
2025-11-22 15:05:14,TOTAL,0.000,0.000,1009.765,2102.966
2025-11-22 15:05:15,mlx5_0,0.000,0.000,0.000,0.000
2025-11-22 15:05:15,mlx5_1,0.000,0.000,502.817,1035.798
2025-11-22 15:05:15,mlx5_2,0.000,0.000,0.000,0.000
2025-11-22 15:05:15,mlx5_3,0.000,0.000,0.000,0.000
2025-11-22 15:05:15,mlx5_4,0.000,0.000,0.000,0.000
2025-11-22 15:05:15,mlx5_5,0.000,0.000,506.948,1067.168
2025-11-22 15:05:15,mlx5_6,0.000,0.000,0.000,0.000
2025-11-22 15:05:15,mlx5_7,0.000,0.000,0.000,0.000
2025-11-22 15:05:15,mlx5_8,0.000,0.000,0.000,0.000
2025-11-22 15:05:15,mlx5_9,0.000,0.000,0.000,0.000
2025-11-22 15:05:15,TOTAL,0.000,0.000,1009.765,2102.966
2025-11-22 15:05:16,mlx5_0,0.000,0.000,0.000,0.000
2025-11-22 15:05:16,mlx5_1,0.000,0.000,502.817,1035.798
2025-11-22 15:05:16,mlx5_2,0.000,0.000,0.000,0.000
2025-11-22 15:05:16,mlx5_3,0.000,0.000,0.000,0.000
2025-11-22 15:05:16,mlx5_4,0.000,0.000,0.000,0.000
2025-11-22 15:05:16,mlx5_5,0.000,0.000,506.948,1067.168
2025-11-22 15:05:16,mlx5_6,0.000,0.000,0.000,0.000
2025-11-22 15:05:16,mlx5_7,0.000,0.000,0.000,0.000
2025-11-22 15:05:16,mlx5_8,0.000,0.000,0.000,0.000
2025-11-22 15:05:16,mlx5_9,0.000,0.000,0.000,0.000
2025-11-22 15:05:16,TOTAL,0.000,0.000,1009.765,2102.966
2025-11-22 15:05:17,mlx5_0,0.000,0.000,0.000,0.000
2025-11-22 15:05:17,mlx5_1,18.597,0.022,505.153,1035.801
2025-11-22 15:05:17,mlx5_2,0.000,0.000,0.000,0.000
2025-11-22 15:05:17,mlx5_3,0.000,0.000,0.000,0.000
2025-11-22 15:05:17,mlx5_4,0.000,0.000,0.000,0.000
2025-11-22 15:05:17,mlx5_5,18.633,0.023,509.288,1067.171
2025-11-22 15:05:17,mlx5_6,0.000,0.000,0.000,0.000
2025-11-22 15:05:17,mlx5_7,0.000,0.000,0.000,0.000
2025-11-22 15:05:17,mlx5_8,0.000,0.000,0.000,0.000
2025-11-22 15:05:17,mlx5_9,0.000,0.000,0.000,0.000
2025-11-22 15:05:17,TOTAL,37.230,0.045,1014.441,2102.972
2025-11-22 15:05:18,mlx5_0,0.000,0.000,0.000,0.000
2025-11-22 15:05:18,mlx5_1,0.000,0.000,505.153,1035.801
2025-11-22 15:05:18,mlx5_2,0.000,0.000,0.000,0.000
2025-11-22 15:05:18,mlx5_3,0.000,0.000,0.000,0.000
2025-11-22 15:05:18,mlx5_4,0.000,0.000,0.000,0.000
2025-11-22 15:05:18,mlx5_5,0.000,0.000,509.288,1067.171
2025-11-22 15:05:18,mlx5_6,0.000,0.000,0.000,0.000
2025-11-22 15:05:18,mlx5_7,0.000,0.000,0.000,0.000
2025-11-22 15:05:18,mlx5_8,0.000,0.000,0.000,0.000
2025-11-22 15:05:18,mlx5_9,0.000,0.000,0.000,0.000
2025-11-22 15:05:18,TOTAL,0.000,0.000,1014.441,2102.972
2025-11-22 15:05:19,mlx5_0,0.000,0.000,0.000,0.000
2025-11-22 15:05:19,mlx5_1,0.000,0.000,505.153,1035.801
2025-11-22 15:05:19,mlx5_2,0.000,0.000,0.000,0.000
2025-11-22 15:05:19,mlx5_3,0.000,0.000,0.000,0.000
2025-11-22 15:05:19,mlx5_4,0.000,0.000,0.000,0.000
2025-11-22 15:05:19,mlx5_5,0.000,0.000,509.288,1067.171
2025-11-22 15:05:19,mlx5_6,0.000,0.000,0.000,0.000
2025-11-22 15:05:19,mlx5_7,0.000,0.000,0.000,0.000
2025-11-22 15:05:19,mlx5_8,0.000,0.000,0.000,0.000
2025-11-22 15:05:19,mlx5_9,0.000,0.000,0.000,0.000
2025-11-22 15:05:19,TOTAL,0.000,0.000,1014.441,2102.972
2025-11-22 15:05:20,mlx5_0,0.000,0.000,0.000,0.000
2025-11-22 15:05:20,mlx5_1,0.000,0.000,505.153,1035.801
2025-11-22 15:05:20,mlx5_2,0.000,0.000,0.000,0.000
2025-11-22 15:05:20,mlx5_3,0.000,0.000,0.000,0.000
2025-11-22 15:05:20,mlx5_4,0.000,0.000,0.000,0.000
2025-11-22 15:05:20,mlx5_5,0.000,0.000,509.288,1067.171
2025-11-22 15:05:20,mlx5_6,0.000,0.000,0.000,0.000
2025-11-22 15:05:20,mlx5_7,0.000,0.000,0.000,0.000
2025-11-22 15:05:20,mlx5_8,0.000,0.000,0.000,0.000
2025-11-22 15:05:20,mlx5_9,0.000,0.000,0.000,0.000
2025-11-22 15:05:20,TOTAL,0.000,0.000,1014.441,2102.972
2025-11-22 15:05:21,mlx5_0,0.000,0.000,0.000,0.000
2025-11-22 15:05:21,mlx5_1,0.000,0.000,505.153,1035.801
2025-11-22 15:05:21,mlx5_2,0.000,0.000,0.000,0.000
2025-11-22 15:05:21,mlx5_3,0.000,0.000,0.000,0.000
2025-11-22 15:05:21,mlx5_4,0.000,0.000,0.000,0.000
2025-11-22 15:05:21,mlx5_5,0.000,0.000,509.288,1067.171
2025-11-22 15:05:21,mlx5_6,0.000,0.000,0.000,0.000
2025-11-22 15:05:21,mlx5_7,0.000,0.000,0.000,0.000
2025-11-22 15:05:21,mlx5_8,0.000,0.000,0.000,0.000
2025-11-22 15:05:21,mlx5_9,0.000,0.000,0.000,0.000
2025-11-22 15:05:21,TOTAL,0.000,0.000,1014.441,2102.972
2025-11-22 15:05:22,mlx5_0,0.000,0.000,0.000,0.000
2025-11-22 15:05:22,mlx5_1,18.514,0.022,507.478,1035.804
2025-11-22 15:05:22,mlx5_2,0.000,0.000,0.000,0.000
2025-11-22 15:05:22,mlx5_3,0.000,0.000,0.000,0.000
2025-11-22 15:05:22,mlx5_4,0.000,0.000,0.000,0.000
2025-11-22 15:05:22,mlx5_5,18.710,0.023,511.639,1067.174
2025-11-22 15:05:22,mlx5_6,0.000,0.000,0.000,0.000
2025-11-22 15:05:22,mlx5_7,0.000,0.000,0.000,0.000
2025-11-22 15:05:22,mlx5_8,0.000,0.000,0.000,0.000
2025-11-22 15:05:22,mlx5_9,0.000,0.000,0.000,0.000
2025-11-22 15:05:22,TOTAL,37.224,0.045,1019.117,2102.978
2025-11-22 15:05:23,mlx5_0,0.000,0.000,0.000,0.000
2025-11-22 15:05:23,mlx5_1,0.000,0.000,507.478,1035.804
2025-11-22 15:05:23,mlx5_2,0.000,0.000,0.000,0.000
2025-11-22 15:05:23,mlx5_3,0.000,0.000,0.000,0.000
2025-11-22 15:05:23,mlx5_4,0.000,0.000,0.000,0.000
2025-11-22 15:05:23,mlx5_5,0.000,0.000,511.639,1067.174
2025-11-22 15:05:23,mlx5_6,0.000,0.000,0.000,0.000
2025-11-22 15:05:23,mlx5_7,0.000,0.000,0.000,0.000
2025-11-22 15:05:23,mlx5_8,0.000,0.000,0.000,0.000
2025-11-22 15:05:23,mlx5_9,0.000,0.000,0.000,0.000
2025-11-22 15:05:23,TOTAL,0.000,0.000,1019.117,2102.978
2025-11-22 15:05:24,mlx5_0,0.000,0.000,0.000,0.000
2025-11-22 15:05:24,mlx5_1,0.000,0.000,507.478,1035.804
2025-11-22 15:05:24,mlx5_2,0.000,0.000,0.000,0.000
2025-11-22 15:05:24,mlx5_3,0.000,0.000,0.000,0.000
2025-11-22 15:05:24,mlx5_4,0.000,0.000,0.000,0.000
2025-11-22 15:05:24,mlx5_5,0.000,0.000,511.639,1067.174
2025-11-22 15:05:24,mlx5_6,0.000,0.000,0.000,0.000
2025-11-22 15:05:24,mlx5_7,0.000,0.000,0.000,0.000
2025-11-22 15:05:24,mlx5_8,0.000,0.000,0.000,0.000
2025-11-22 15:05:24,mlx5_9,0.000,0.000,0.000,0.000
2025-11-22 15:05:24,TOTAL,0.000,0.000,1019.117,2102.978
2025-11-22 15:05:25,mlx5_0,0.000,0.000,0.000,0.000
2025-11-22 15:05:25,mlx5_1,0.000,0.000,507.478,1035.804
2025-11-22 15:05:25,mlx5_2,0.000,0.000,0.000,0.000
2025-11-22 15:05:25,mlx5_3,0.000,0.000,0.000,0.000
2025-11-22 15:05:25,mlx5_4,0.000,0.000,0.000,0.000
2025-11-22 15:05:25,mlx5_5,0.000,0.000,511.639,1067.174
2025-11-22 15:05:25,mlx5_6,0.000,0.000,0.000,0.000
2025-11-22 15:05:25,mlx5_7,0.000,0.000,0.000,0.000
2025-11-22 15:05:25,mlx5_8,0.000,0.000,0.000,0.000
2025-11-22 15:05:25,mlx5_9,0.000,0.000,0.000,0.000
2025-11-22 15:05:25,TOTAL,0.000,0.000,1019.117,2102.978
2025-11-22 15:05:26,mlx5_0,0.000,0.000,0.000,0.000
2025-11-22 15:05:26,mlx5_1,18.478,1.487,509.799,1035.990
2025-11-22 15:05:26,mlx5_2,0.000,0.000,0.000,0.000
2025-11-22 15:05:26,mlx5_3,0.000,0.000,0.000,0.000
2025-11-22 15:05:26,mlx5_4,0.000,0.000,0.000,0.000
2025-11-22 15:05:26,mlx5_5,18.752,1.606,513.994,1067.376
2025-11-22 15:05:26,mlx5_6,0.000,0.000,0.000,0.000
2025-11-22 15:05:26,mlx5_7,0.000,0.000,0.000,0.000
2025-11-22 15:05:26,mlx5_8,0.000,0.000,0.000,0.000
2025-11-22 15:05:26,mlx5_9,0.000,0.000,0.000,0.000
2025-11-22 15:05:26,TOTAL,37.230,3.092,1023.793,2103.366
2025-11-22 15:05:27,mlx5_0,0.000,0.000,0.000,0.000
2025-11-22 15:05:27,mlx5_1,0.564,109.724,509.870,1049.780
2025-11-22 15:05:27,mlx5_2,0.000,0.000,0.000,0.000
2025-11-22 15:05:27,mlx5_3,0.000,0.000,0.000,0.000
2025-11-22 15:05:27,mlx5_4,0.000,0.000,0.000,0.000
2025-11-22 15:05:27,mlx5_5,0.645,113.673,514.075,1081.662
2025-11-22 15:05:27,mlx5_6,0.000,0.000,0.000,0.000
2025-11-22 15:05:27,mlx5_7,0.000,0.000,0.000,0.000
2025-11-22 15:05:27,mlx5_8,0.000,0.000,0.000,0.000
2025-11-22 15:05:27,mlx5_9,0.000,0.000,0.000,0.000
2025-11-22 15:05:27,TOTAL,1.208,223.398,1023.945,2131.441
2025-11-22 15:05:28,mlx5_0,0.000,0.000,0.000,0.000
2025-11-22 15:05:28,mlx5_1,0.000,0.000,509.870,1049.780
2025-11-22 15:05:28,mlx5_2,0.000,0.000,0.000,0.000
2025-11-22 15:05:28,mlx5_3,0.000,0.000,0.000,0.000
2025-11-22 15:05:28,mlx5_4,0.000,0.000,0.000,0.000
2025-11-22 15:05:28,mlx5_5,0.000,0.000,514.075,1081.662
2025-11-22 15:05:28,mlx5_6,0.000,0.000,0.000,0.000
2025-11-22 15:05:28,mlx5_7,0.000,0.000,0.000,0.000
2025-11-22 15:05:28,mlx5_8,0.000,0.000,0.000,0.000
2025-11-22 15:05:28,mlx5_9,0.000,0.000,0.000,0.000
2025-11-22 15:05:28,TOTAL,0.000,0.000,1023.945,2131.441
2025-11-22 15:05:29,mlx5_0,0.000,0.000,0.000,0.000
2025-11-22 15:05:29,mlx5_1,0.000,0.000,509.870,1049.780
2025-11-22 15:05:29,mlx5_2,0.000,0.000,0.000,0.000
2025-11-22 15:05:29,mlx5_3,0.000,0.000,0.000,0.000
2025-11-22 15:05:29,mlx5_4,0.000,0.000,0.000,0.000
2025-11-22 15:05:29,mlx5_5,0.000,0.000,514.075,1081.662
2025-11-22 15:05:29,mlx5_6,0.000,0.000,0.000,0.000
2025-11-22 15:05:29,mlx5_7,0.000,0.000,0.000,0.000
2025-11-22 15:05:29,mlx5_8,0.000,0.000,0.000,0.000
2025-11-22 15:05:29,mlx5_9,0.000,0.000,0.000,0.000
2025-11-22 15:05:29,TOTAL,0.000,0.000,1023.945,2131.441
2025-11-22 15:05:30,mlx5_0,0.000,0.000,0.000,0.000
2025-11-22 15:05:30,mlx5_1,18.965,0.023,512.253,1049.783
2025-11-22 15:05:30,mlx5_2,0.000,0.000,0.000,0.000
2025-11-22 15:05:30,mlx5_3,0.000,0.000,0.000,0.000
2025-11-22 15:05:30,mlx5_4,0.000,0.000,0.000,0.000
2025-11-22 15:05:30,mlx5_5,18.989,0.023,516.460,1081.665
2025-11-22 15:05:30,mlx5_6,0.000,0.000,0.000,0.000
2025-11-22 15:05:30,mlx5_7,0.000,0.000,0.000,0.000
2025-11-22 15:05:30,mlx5_8,0.000,0.000,0.000,0.000
2025-11-22 15:05:30,mlx5_9,0.000,0.000,0.000,0.000
2025-11-22 15:05:30,TOTAL,37.954,0.046,1028.713,2131.447
2025-11-22 15:05:31,mlx5_0,0.000,0.000,0.000,0.000
2025-11-22 15:05:31,mlx5_1,0.000,0.000,512.253,1049.783
2025-11-22 15:05:31,mlx5_2,0.000,0.000,0.000,0.000
2025-11-22 15:05:31,mlx5_3,0.000,0.000,0.000,0.000
2025-11-22 15:05:31,mlx5_4,0.000,0.000,0.000,0.000
2025-11-22 15:05:31,mlx5_5,0.000,0.000,516.460,1081.665
2025-11-22 15:05:31,mlx5_6,0.000,0.000,0.000,0.000
2025-11-22 15:05:31,mlx5_7,0.000,0.000,0.000,0.000
2025-11-22 15:05:31,mlx5_8,0.000,0.000,0.000,0.000
2025-11-22 15:05:31,mlx5_9,0.000,0.000,0.000,0.000
2025-11-22 15:05:31,TOTAL,0.000,0.000,1028.713,2131.447
2025-11-22 15:05:32,mlx5_0,0.000,0.000,0.000,0.000
2025-11-22 15:05:32,mlx5_1,0.000,0.000,512.253,1049.783
2025-11-22 15:05:32,mlx5_2,0.000,0.000,0.000,0.000
2025-11-22 15:05:32,mlx5_3,0.000,0.000,0.000,0.000
2025-11-22 15:05:32,mlx5_4,0.000,0.000,0.000,0.000
2025-11-22 15:05:32,mlx5_5,0.000,0.000,516.460,1081.665
2025-11-22 15:05:32,mlx5_6,0.000,0.000,0.000,0.000
2025-11-22 15:05:32,mlx5_7,0.000,0.000,0.000,0.000
2025-11-22 15:05:32,mlx5_8,0.000,0.000,0.000,0.000
2025-11-22 15:05:32,mlx5_9,0.000,0.000,0.000,0.000
2025-11-22 15:05:32,TOTAL,0.000,0.000,1028.713,2131.447
2025-11-22 15:05:33,mlx5_0,0.000,0.000,0.000,0.000
2025-11-22 15:05:33,mlx5_1,0.000,0.000,512.253,1049.783
2025-11-22 15:05:33,mlx5_2,0.000,0.000,0.000,0.000
2025-11-22 15:05:33,mlx5_3,0.000,0.000,0.000,0.000
2025-11-22 15:05:33,mlx5_4,0.000,0.000,0.000,0.000
2025-11-22 15:05:33,mlx5_5,0.000,0.000,516.460,1081.665
2025-11-22 15:05:33,mlx5_6,0.000,0.000,0.000,0.000
2025-11-22 15:05:33,mlx5_7,0.000,0.000,0.000,0.000
2025-11-22 15:05:33,mlx5_8,0.000,0.000,0.000,0.000
2025-11-22 15:05:33,mlx5_9,0.000,0.000,0.000,0.000
2025-11-22 15:05:33,TOTAL,0.000,0.000,1028.713,2131.447
2025-11-22 15:05:34,mlx5_0,0.000,0.000,0.000,0.000
2025-11-22 15:05:34,mlx5_1,18.495,0.022,514.575,1049.785
2025-11-22 15:05:34,mlx5_2,0.000,0.000,0.000,0.000
2025-11-22 15:05:34,mlx5_3,0.000,0.000,0.000,0.000
2025-11-22 15:05:34,mlx5_4,0.000,0.000,0.000,0.000
2025-11-22 15:05:34,mlx5_5,18.735,0.023,518.813,1081.667
2025-11-22 15:05:34,mlx5_6,0.000,0.000,0.000,0.000
2025-11-22 15:05:34,mlx5_7,0.000,0.000,0.000,0.000
2025-11-22 15:05:34,mlx5_8,0.000,0.000,0.000,0.000
2025-11-22 15:05:34,mlx5_9,0.000,0.000,0.000,0.000
2025-11-22 15:05:34,TOTAL,37.229,0.045,1033.389,2131.453
2025-11-22 15:05:35,mlx5_0,0.000,0.000,0.000,0.000
2025-11-22 15:05:35,mlx5_1,0.000,0.000,514.575,1049.785
2025-11-22 15:05:35,mlx5_2,0.000,0.000,0.000,0.000
2025-11-22 15:05:35,mlx5_3,0.000,0.000,0.000,0.000
2025-11-22 15:05:35,mlx5_4,0.000,0.000,0.000,0.000
2025-11-22 15:05:35,mlx5_5,0.000,0.000,518.813,1081.667
2025-11-22 15:05:35,mlx5_6,0.000,0.000,0.000,0.000
2025-11-22 15:05:35,mlx5_7,0.000,0.000,0.000,0.000
2025-11-22 15:05:35,mlx5_8,0.000,0.000,0.000,0.000
2025-11-22 15:05:35,mlx5_9,0.000,0.000,0.000,0.000
2025-11-22 15:05:35,TOTAL,0.000,0.000,1033.389,2131.453
2025-11-22 15:05:36,mlx5_0,0.000,0.000,0.000,0.000
2025-11-22 15:05:36,mlx5_1,0.000,0.000,514.575,1049.785
2025-11-22 15:05:36,mlx5_2,0.000,0.000,0.000,0.000
2025-11-22 15:05:36,mlx5_3,0.000,0.000,0.000,0.000
2025-11-22 15:05:36,mlx5_4,0.000,0.000,0.000,0.000
2025-11-22 15:05:36,mlx5_5,0.000,0.000,518.813,1081.667
2025-11-22 15:05:36,mlx5_6,0.000,0.000,0.000,0.000
2025-11-22 15:05:36,mlx5_7,0.000,0.000,0.000,0.000
2025-11-22 15:05:36,mlx5_8,0.000,0.000,0.000,0.000
2025-11-22 15:05:36,mlx5_9,0.000,0.000,0.000,0.000
2025-11-22 15:05:36,TOTAL,0.000,0.000,1033.389,2131.453
2025-11-22 15:05:37,mlx5_0,0.000,0.000,0.000,0.000
2025-11-22 15:05:37,mlx5_1,18.608,0.022,516.912,1049.788
2025-11-22 15:05:37,mlx5_2,0.000,0.000,0.000,0.000
2025-11-22 15:05:37,mlx5_3,0.000,0.000,0.000,0.000
2025-11-22 15:05:37,mlx5_4,0.000,0.000,0.000,0.000
2025-11-22 15:05:37,mlx5_5,18.640,0.023,521.153,1081.670
2025-11-22 15:05:37,mlx5_6,0.000,0.000,0.000,0.000
2025-11-22 15:05:37,mlx5_7,0.000,0.000,0.000,0.000
2025-11-22 15:05:37,mlx5_8,0.000,0.000,0.000,0.000
2025-11-22 15:05:37,mlx5_9,0.000,0.000,0.000,0.000
2025-11-22 15:05:37,TOTAL,37.248,0.045,1038.065,2131.458
2025-11-22 15:05:38,mlx5_0,0.000,0.000,0.000,0.000
2025-11-22 15:05:38,mlx5_1,0.000,0.000,516.912,1049.788
2025-11-22 15:05:38,mlx5_2,0.000,0.000,0.000,0.000
2025-11-22 15:05:38,mlx5_3,0.000,0.000,0.000,0.000
2025-11-22 15:05:38,mlx5_4,0.000,0.000,0.000,0.000
2025-11-22 15:05:38,mlx5_5,0.000,0.000,521.153,1081.670
2025-11-22 15:05:38,mlx5_6,0.000,0.000,0.000,0.000
2025-11-22 15:05:38,mlx5_7,0.000,0.000,0.000,0.000
2025-11-22 15:05:38,mlx5_8,0.000,0.000,0.000,0.000
2025-11-22 15:05:38,mlx5_9,0.000,0.000,0.000,0.000
2025-11-22 15:05:38,TOTAL,0.000,0.000,1038.065,2131.458
2025-11-22 15:05:39,mlx5_0,0.000,0.000,0.000,0.000
2025-11-22 15:05:39,mlx5_1,0.000,0.000,516.912,1049.788
2025-11-22 15:05:39,mlx5_2,0.000,0.000,0.000,0.000
2025-11-22 15:05:39,mlx5_3,0.000,0.000,0.000,0.000
2025-11-22 15:05:39,mlx5_4,0.000,0.000,0.000,0.000
2025-11-22 15:05:39,mlx5_5,0.000,0.000,521.153,1081.670
2025-11-22 15:05:39,mlx5_6,0.000,0.000,0.000,0.000
2025-11-22 15:05:39,mlx5_7,0.000,0.000,0.000,0.000
2025-11-22 15:05:39,mlx5_8,0.000,0.000,0.000,0.000
2025-11-22 15:05:39,mlx5_9,0.000,0.000,0.000,0.000
2025-11-22 15:05:39,TOTAL,0.000,0.000,1038.065,2131.458
2025-11-22 15:05:40,mlx5_0,0.000,0.000,0.000,0.000
2025-11-22 15:05:40,mlx5_1,0.000,0.000,516.912,1049.788
2025-11-22 15:05:40,mlx5_2,0.000,0.000,0.000,0.000
2025-11-22 15:05:40,mlx5_3,0.000,0.000,0.000,0.000
2025-11-22 15:05:40,mlx5_4,0.000,0.000,0.000,0.000
2025-11-22 15:05:40,mlx5_5,0.000,0.000,521.153,1081.670
2025-11-22 15:05:40,mlx5_6,0.000,0.000,0.000,0.000
2025-11-22 15:05:40,mlx5_7,0.000,0.000,0.000,0.000
2025-11-22 15:05:40,mlx5_8,0.000,0.000,0.000,0.000
2025-11-22 15:05:40,mlx5_9,0.000,0.000,0.000,0.000
2025-11-22 15:05:40,TOTAL,0.000,0.000,1038.065,2131.458
2025-11-22 15:05:41,mlx5_0,0.000,0.000,0.000,0.000
2025-11-22 15:05:41,mlx5_1,0.000,0.000,516.912,1049.788
2025-11-22 15:05:41,mlx5_2,0.000,0.000,0.000,0.000
2025-11-22 15:05:41,mlx5_3,0.000,0.000,0.000,0.000
2025-11-22 15:05:41,mlx5_4,0.000,0.000,0.000,0.000
2025-11-22 15:05:41,mlx5_5,0.000,0.000,521.153,1081.670
2025-11-22 15:05:41,mlx5_6,0.000,0.000,0.000,0.000
2025-11-22 15:05:41,mlx5_7,0.000,0.000,0.000,0.000
2025-11-22 15:05:41,mlx5_8,0.000,0.000,0.000,0.000
2025-11-22 15:05:41,mlx5_9,0.000,0.000,0.000,0.000
2025-11-22 15:05:41,TOTAL,0.001,0.001,1038.065,2131.458
2025-11-22 15:05:42,mlx5_0,0.000,0.000,0.000,0.000
2025-11-22 15:05:42,mlx5_1,18.492,0.023,519.235,1049.791
2025-11-22 15:05:42,mlx5_2,0.000,0.000,0.000,0.000
2025-11-22 15:05:42,mlx5_3,0.000,0.000,0.000,0.000
2025-11-22 15:05:42,mlx5_4,0.000,0.000,0.000,0.000
2025-11-22 15:05:42,mlx5_5,18.725,0.023,523.506,1081.673
2025-11-22 15:05:42,mlx5_6,0.000,0.000,0.000,0.000
2025-11-22 15:05:42,mlx5_7,0.000,0.000,0.000,0.000
2025-11-22 15:05:42,mlx5_8,0.000,0.000,0.000,0.000
2025-11-22 15:05:42,mlx5_9,0.000,0.000,0.000,0.000
2025-11-22 15:05:42,TOTAL,37.217,0.046,1042.741,2131.464
2025-11-22 15:05:43,mlx5_0,0.000,0.000,0.000,0.000
2025-11-22 15:05:43,mlx5_1,0.000,0.000,519.235,1049.791
2025-11-22 15:05:43,mlx5_2,0.000,0.000,0.000,0.000
2025-11-22 15:05:43,mlx5_3,0.000,0.000,0.000,0.000
2025-11-22 15:05:43,mlx5_4,0.000,0.000,0.000,0.000
2025-11-22 15:05:43,mlx5_5,0.000,0.000,523.506,1081.673
2025-11-22 15:05:43,mlx5_6,0.000,0.000,0.000,0.000
2025-11-22 15:05:43,mlx5_7,0.000,0.000,0.000,0.000
2025-11-22 15:05:43,mlx5_8,0.000,0.000,0.000,0.000
2025-11-22 15:05:43,mlx5_9,0.000,0.000,0.000,0.000
2025-11-22 15:05:43,TOTAL,0.000,0.000,1042.741,2131.464
2025-11-22 15:05:44,mlx5_0,0.000,0.000,0.000,0.000
2025-11-22 15:05:44,mlx5_1,0.000,0.000,519.235,1049.791
2025-11-22 15:05:44,mlx5_2,0.000,0.000,0.000,0.000
2025-11-22 15:05:44,mlx5_3,0.000,0.000,0.000,0.000
2025-11-22 15:05:44,mlx5_4,0.000,0.000,0.000,0.000
2025-11-22 15:05:44,mlx5_5,0.000,0.000,523.506,1081.673
2025-11-22 15:05:44,mlx5_6,0.000,0.000,0.000,0.000
2025-11-22 15:05:44,mlx5_7,0.000,0.000,0.000,0.000
2025-11-22 15:05:44,mlx5_8,0.000,0.000,0.000,0.000
2025-11-22 15:05:44,mlx5_9,0.000,0.000,0.000,0.000
2025-11-22 15:05:44,TOTAL,0.000,0.000,1042.741,2131.464
2025-11-22 15:05:45,mlx5_0,0.000,0.000,0.000,0.000
2025-11-22 15:05:45,mlx5_1,0.000,0.000,519.235,1049.791
2025-11-22 15:05:45,mlx5_2,0.000,0.000,0.000,0.000
2025-11-22 15:05:45,mlx5_3,0.000,0.000,0.000,0.000
2025-11-22 15:05:45,mlx5_4,0.000,0.000,0.000,0.000
2025-11-22 15:05:45,mlx5_5,0.000,0.000,523.506,1081.673
2025-11-22 15:05:45,mlx5_6,0.000,0.000,0.000,0.000
2025-11-22 15:05:45,mlx5_7,0.000,0.000,0.000,0.000
2025-11-22 15:05:45,mlx5_8,0.000,0.000,0.000,0.000
2025-11-22 15:05:45,mlx5_9,0.000,0.000,0.000,0.000
2025-11-22 15:05:45,TOTAL,0.000,0.000,1042.741,2131.464
2025-11-22 15:05:46,mlx5_0,0.000,0.000,0.000,0.000
2025-11-22 15:05:46,mlx5_1,18.457,0.023,521.553,1049.794
2025-11-22 15:05:46,mlx5_2,0.000,0.000,0.000,0.000
2025-11-22 15:05:46,mlx5_3,0.000,0.000,0.000,0.000
2025-11-22 15:05:46,mlx5_4,0.000,0.000,0.000,0.000
2025-11-22 15:05:46,mlx5_5,18.778,0.023,525.864,1081.676
2025-11-22 15:05:46,mlx5_6,0.000,0.000,0.000,0.000
2025-11-22 15:05:46,mlx5_7,0.000,0.000,0.000,0.000
2025-11-22 15:05:46,mlx5_8,0.000,0.000,0.000,0.000
2025-11-22 15:05:46,mlx5_9,0.000,0.000,0.000,0.000
2025-11-22 15:05:46,TOTAL,37.235,0.046,1047.417,2131.470
2025-11-22 15:05:47,mlx5_0,0.000,0.000,0.000,0.000
2025-11-22 15:05:47,mlx5_1,0.000,0.000,521.553,1049.794
2025-11-22 15:05:47,mlx5_2,0.000,0.000,0.000,0.000
2025-11-22 15:05:47,mlx5_3,0.000,0.000,0.000,0.000
2025-11-22 15:05:47,mlx5_4,0.000,0.000,0.000,0.000
2025-11-22 15:05:47,mlx5_5,0.000,0.000,525.864,1081.676
2025-11-22 15:05:47,mlx5_6,0.000,0.000,0.000,0.000
2025-11-22 15:05:47,mlx5_7,0.000,0.000,0.000,0.000
2025-11-22 15:05:47,mlx5_8,0.000,0.000,0.000,0.000
2025-11-22 15:05:47,mlx5_9,0.000,0.000,0.000,0.000
2025-11-22 15:05:47,TOTAL,0.000,0.000,1047.417,2131.470
2025-11-22 15:05:48,mlx5_0,0.000,0.000,0.000,0.000
2025-11-22 15:05:48,mlx5_1,0.000,0.000,521.553,1049.794
2025-11-22 15:05:48,mlx5_2,0.000,0.000,0.000,0.000
2025-11-22 15:05:48,mlx5_3,0.000,0.000,0.000,0.000
2025-11-22 15:05:48,mlx5_4,0.000,0.000,0.000,0.000
2025-11-22 15:05:48,mlx5_5,0.000,0.000,525.864,1081.676
2025-11-22 15:05:48,mlx5_6,0.000,0.000,0.000,0.000
2025-11-22 15:05:48,mlx5_7,0.000,0.000,0.000,0.000
2025-11-22 15:05:48,mlx5_8,0.000,0.000,0.000,0.000
2025-11-22 15:05:48,mlx5_9,0.000,0.000,0.000,0.000
2025-11-22 15:05:48,TOTAL,0.000,0.000,1047.417,2131.470
2025-11-22 15:05:49,mlx5_0,0.000,0.000,0.000,0.000
2025-11-22 15:05:49,mlx5_1,0.000,0.000,521.553,1049.794
2025-11-22 15:05:49,mlx5_2,0.000,0.000,0.000,0.000
2025-11-22 15:05:49,mlx5_3,0.000,0.000,0.000,0.000
2025-11-22 15:05:49,mlx5_4,0.000,0.000,0.000,0.000
2025-11-22 15:05:49,mlx5_5,0.000,0.000,525.864,1081.676
2025-11-22 15:05:49,mlx5_6,0.000,0.000,0.000,0.000
2025-11-22 15:05:49,mlx5_7,0.000,0.000,0.000,0.000
2025-11-22 15:05:49,mlx5_8,0.000,0.000,0.000,0.000
2025-11-22 15:05:49,mlx5_9,0.000,0.000,0.000,0.000
2025-11-22 15:05:49,TOTAL,0.000,0.000,1047.417,2131.470
2025-11-22 15:05:50,mlx5_0,0.000,0.000,0.000,0.000
2025-11-22 15:05:50,mlx5_1,0.000,0.000,521.553,1049.794
2025-11-22 15:05:50,mlx5_2,0.000,0.000,0.000,0.000
2025-11-22 15:05:50,mlx5_3,0.000,0.000,0.000,0.000
2025-11-22 15:05:50,mlx5_4,0.000,0.000,0.000,0.000
2025-11-22 15:05:50,mlx5_5,0.000,0.000,525.864,1081.676
2025-11-22 15:05:50,mlx5_6,0.000,0.000,0.000,0.000
2025-11-22 15:05:50,mlx5_7,0.000,0.000,0.000,0.000
2025-11-22 15:05:50,mlx5_8,0.000,0.000,0.000,0.000
2025-11-22 15:05:50,mlx5_9,0.000,0.000,0.000,0.000
2025-11-22 15:05:50,TOTAL,0.000,0.000,1047.417,2131.470
2025-11-22 15:05:51,mlx5_0,0.000,0.000,0.000,0.000
2025-11-22 15:05:51,mlx5_1,19.180,112.450,523.962,1063.918
2025-11-22 15:05:51,mlx5_2,0.000,0.000,0.000,0.000
2025-11-22 15:05:51,mlx5_3,0.000,0.000,0.000,0.000
2025-11-22 15:05:51,mlx5_4,0.000,0.000,0.000,0.000
2025-11-22 15:05:51,mlx5_5,19.339,114.161,528.293,1096.015
2025-11-22 15:05:51,mlx5_6,0.000,0.000,0.000,0.000
2025-11-22 15:05:51,mlx5_7,0.000,0.000,0.000,0.000
2025-11-22 15:05:51,mlx5_8,0.000,0.000,0.000,0.000
2025-11-22 15:05:51,mlx5_9,0.000,0.000,0.000,0.000
2025-11-22 15:05:51,TOTAL,38.518,226.611,1052.255,2159.934
2025-11-22 15:05:52,mlx5_0,0.000,0.000,0.000,0.000
2025-11-22 15:05:52,mlx5_1,0.000,0.000,523.962,1063.918
2025-11-22 15:05:52,mlx5_2,0.000,0.000,0.000,0.000
2025-11-22 15:05:52,mlx5_3,0.000,0.000,0.000,0.000
2025-11-22 15:05:52,mlx5_4,0.000,0.000,0.000,0.000
2025-11-22 15:05:52,mlx5_5,0.000,0.000,528.293,1096.015
2025-11-22 15:05:52,mlx5_6,0.000,0.000,0.000,0.000
2025-11-22 15:05:52,mlx5_7,0.000,0.000,0.000,0.000
2025-11-22 15:05:52,mlx5_8,0.000,0.000,0.000,0.000
2025-11-22 15:05:52,mlx5_9,0.000,0.000,0.000,0.000
2025-11-22 15:05:52,TOTAL,0.000,0.000,1052.255,2159.934
2025-11-22 15:05:53,mlx5_0,0.000,0.000,0.000,0.000
2025-11-22 15:05:53,mlx5_1,0.000,0.000,523.962,1063.918
2025-11-22 15:05:53,mlx5_2,0.000,0.000,0.000,0.000
2025-11-22 15:05:53,mlx5_3,0.000,0.000,0.000,0.000
2025-11-22 15:05:53,mlx5_4,0.000,0.000,0.000,0.000
2025-11-22 15:05:53,mlx5_5,0.000,0.000,528.293,1096.015
2025-11-22 15:05:53,mlx5_6,0.000,0.000,0.000,0.000
2025-11-22 15:05:53,mlx5_7,0.000,0.000,0.000,0.000
2025-11-22 15:05:53,mlx5_8,0.000,0.000,0.000,0.000
2025-11-22 15:05:53,mlx5_9,0.000,0.000,0.000,0.000
2025-11-22 15:05:53,TOTAL,0.000,0.000,1052.255,2159.934
2025-11-22 15:05:54,mlx5_0,0.000,0.000,0.000,0.000
2025-11-22 15:05:54,mlx5_1,0.000,0.000,523.962,1063.918
2025-11-22 15:05:54,mlx5_2,0.000,0.000,0.000,0.000
2025-11-22 15:05:54,mlx5_3,0.000,0.000,0.000,0.000
2025-11-22 15:05:54,mlx5_4,0.000,0.000,0.000,0.000
2025-11-22 15:05:54,mlx5_5,0.000,0.000,528.293,1096.015
2025-11-22 15:05:54,mlx5_6,0.000,0.000,0.000,0.000
2025-11-22 15:05:54,mlx5_7,0.000,0.000,0.000,0.000
2025-11-22 15:05:54,mlx5_8,0.000,0.000,0.000,0.000
2025-11-22 15:05:54,mlx5_9,0.000,0.000,0.000,0.000
2025-11-22 15:05:54,TOTAL,0.000,0.000,1052.255,2159.934
2025-11-22 15:05:55,mlx5_0,0.000,0.000,0.000,0.000
2025-11-22 15:05:55,mlx5_1,18.871,0.023,526.332,1063.921
2025-11-22 15:05:55,mlx5_2,0.000,0.000,0.000,0.000
2025-11-22 15:05:55,mlx5_3,0.000,0.000,0.000,0.000
2025-11-22 15:05:55,mlx5_4,0.000,0.000,0.000,0.000
2025-11-22 15:05:55,mlx5_5,19.081,0.023,530.690,1096.018
2025-11-22 15:05:55,mlx5_6,0.000,0.000,0.000,0.000
2025-11-22 15:05:55,mlx5_7,0.000,0.000,0.000,0.000
2025-11-22 15:05:55,mlx5_8,0.000,0.000,0.000,0.000
2025-11-22 15:05:55,mlx5_9,0.000,0.000,0.000,0.000
2025-11-22 15:05:55,TOTAL,37.952,0.047,1057.023,2159.940
2025-11-22 15:05:56,mlx5_0,0.000,0.000,0.000,0.000
2025-11-22 15:05:56,mlx5_1,0.000,0.000,526.332,1063.921
2025-11-22 15:05:56,mlx5_2,0.000,0.000,0.000,0.000
2025-11-22 15:05:56,mlx5_3,0.000,0.000,0.000,0.000
2025-11-22 15:05:56,mlx5_4,0.000,0.000,0.000,0.000
2025-11-22 15:05:56,mlx5_5,0.000,0.000,530.690,1096.018
2025-11-22 15:05:56,mlx5_6,0.000,0.000,0.000,0.000
2025-11-22 15:05:56,mlx5_7,0.000,0.000,0.000,0.000
2025-11-22 15:05:56,mlx5_8,0.000,0.000,0.000,0.000
2025-11-22 15:05:56,mlx5_9,0.000,0.000,0.000,0.000
2025-11-22 15:05:56,TOTAL,0.000,0.000,1057.023,2159.940
2025-11-22 15:05:57,mlx5_0,0.000,0.000,0.000,0.000
2025-11-22 15:05:57,mlx5_1,0.000,0.000,526.332,1063.921
2025-11-22 15:05:57,mlx5_2,0.000,0.000,0.000,0.000
2025-11-22 15:05:57,mlx5_3,0.000,0.000,0.000,0.000
2025-11-22 15:05:57,mlx5_4,0.000,0.000,0.000,0.000
2025-11-22 15:05:57,mlx5_5,0.000,0.000,530.690,1096.018
2025-11-22 15:05:57,mlx5_6,0.000,0.000,0.000,0.000
2025-11-22 15:05:57,mlx5_7,0.000,0.000,0.000,0.000
2025-11-22 15:05:57,mlx5_8,0.000,0.000,0.000,0.000
2025-11-22 15:05:57,mlx5_9,0.000,0.000,0.000,0.000
2025-11-22 15:05:57,TOTAL,0.000,0.000,1057.023,2159.940
2025-11-22 15:05:58,mlx5_0,0.000,0.000,0.000,0.000
2025-11-22 15:05:58,mlx5_1,18.667,0.023,528.677,1063.924
2025-11-22 15:05:58,mlx5_2,0.000,0.000,0.000,0.000
2025-11-22 15:05:58,mlx5_3,0.000,0.000,0.000,0.000
2025-11-22 15:05:58,mlx5_4,0.000,0.000,0.000,0.000
2025-11-22 15:05:58,mlx5_5,18.556,0.023,533.021,1096.021
2025-11-22 15:05:58,mlx5_6,0.000,0.000,0.000,0.000
2025-11-22 15:05:58,mlx5_7,0.000,0.000,0.000,0.000
2025-11-22 15:05:58,mlx5_8,0.000,0.000,0.000,0.000
2025-11-22 15:05:58,mlx5_9,0.000,0.000,0.000,0.000
2025-11-22 15:05:58,TOTAL,37.223,0.045,1061.699,2159.945
2025-11-22 15:05:59,mlx5_0,0.000,0.000,0.000,0.000
2025-11-22 15:05:59,mlx5_1,0.000,0.000,528.677,1063.924
2025-11-22 15:05:59,mlx5_2,0.000,0.000,0.000,0.000
2025-11-22 15:05:59,mlx5_3,0.000,0.000,0.000,0.000
2025-11-22 15:05:59,mlx5_4,0.000,0.000,0.000,0.000
2025-11-22 15:05:59,mlx5_5,0.000,0.000,533.021,1096.021
2025-11-22 15:05:59,mlx5_6,0.000,0.000,0.000,0.000
2025-11-22 15:05:59,mlx5_7,0.000,0.000,0.000,0.000
2025-11-22 15:05:59,mlx5_8,0.000,0.000,0.000,0.000
2025-11-22 15:05:59,mlx5_9,0.000,0.000,0.000,0.000
2025-11-22 15:05:59,TOTAL,0.000,0.000,1061.699,2159.945
2025-11-22 15:06:00,mlx5_0,0.000,0.000,0.000,0.000
2025-11-22 15:06:00,mlx5_1,0.000,0.000,528.677,1063.924
2025-11-22 15:06:00,mlx5_2,0.000,0.000,0.000,0.000
2025-11-22 15:06:00,mlx5_3,0.000,0.000,0.000,0.000
2025-11-22 15:06:00,mlx5_4,0.000,0.000,0.000,0.000
2025-11-22 15:06:00,mlx5_5,0.000,0.000,533.021,1096.021
2025-11-22 15:06:00,mlx5_6,0.000,0.000,0.000,0.000
2025-11-22 15:06:00,mlx5_7,0.000,0.000,0.000,0.000
2025-11-22 15:06:00,mlx5_8,0.000,0.000,0.000,0.000
2025-11-22 15:06:00,mlx5_9,0.000,0.000,0.000,0.000
2025-11-22 15:06:00,TOTAL,0.000,0.000,1061.699,2159.945
2025-11-22 15:06:01,mlx5_0,0.000,0.000,0.000,0.000
2025-11-22 15:06:01,mlx5_1,0.000,0.000,528.677,1063.924
2025-11-22 15:06:01,mlx5_2,0.000,0.000,0.000,0.000
2025-11-22 15:06:01,mlx5_3,0.000,0.000,0.000,0.000
2025-11-22 15:06:01,mlx5_4,0.000,0.000,0.000,0.000
2025-11-22 15:06:01,mlx5_5,0.000,0.000,533.021,1096.021
2025-11-22 15:06:01,mlx5_6,0.000,0.000,0.000,0.000
2025-11-22 15:06:01,mlx5_7,0.000,0.000,0.000,0.000
2025-11-22 15:06:01,mlx5_8,0.000,0.000,0.000,0.000
2025-11-22 15:06:01,mlx5_9,0.000,0.000,0.000,0.000
2025-11-22 15:06:01,TOTAL,0.000,0.000,1061.699,2159.945
2025-11-22 15:06:02,mlx5_0,0.000,0.000,0.000,0.000
2025-11-22 15:06:02,mlx5_1,18.613,0.022,531.016,1063.927
2025-11-22 15:06:02,mlx5_2,0.000,0.000,0.000,0.000
2025-11-22 15:06:02,mlx5_3,0.000,0.000,0.000,0.000
2025-11-22 15:06:02,mlx5_4,0.000,0.000,0.000,0.000
2025-11-22 15:06:02,mlx5_5,18.611,0.023,535.359,1096.024
2025-11-22 15:06:02,mlx5_6,0.000,0.000,0.000,0.000
2025-11-22 15:06:02,mlx5_7,0.000,0.000,0.000,0.000
2025-11-22 15:06:02,mlx5_8,0.000,0.000,0.000,0.000
2025-11-22 15:06:02,mlx5_9,0.000,0.000,0.000,0.000
2025-11-22 15:06:02,TOTAL,37.224,0.045,1066.375,2159.951
2025-11-22 15:06:03,mlx5_0,0.000,0.000,0.000,0.000
2025-11-22 15:06:03,mlx5_1,0.000,0.000,531.016,1063.927
2025-11-22 15:06:03,mlx5_2,0.000,0.000,0.000,0.000
2025-11-22 15:06:03,mlx5_3,0.000,0.000,0.000,0.000
2025-11-22 15:06:03,mlx5_4,0.000,0.000,0.000,0.000
2025-11-22 15:06:03,mlx5_5,0.000,0.000,535.359,1096.024
2025-11-22 15:06:03,mlx5_6,0.000,0.000,0.000,0.000
2025-11-22 15:06:03,mlx5_7,0.000,0.000,0.000,0.000
2025-11-22 15:06:03,mlx5_8,0.000,0.000,0.000,0.000
2025-11-22 15:06:03,mlx5_9,0.000,0.000,0.000,0.000
2025-11-22 15:06:03,TOTAL,0.000,0.000,1066.375,2159.951
2025-11-22 15:06:04,mlx5_0,0.000,0.000,0.000,0.000
2025-11-22 15:06:04,mlx5_1,0.000,0.000,531.016,1063.927
2025-11-22 15:06:04,mlx5_2,0.000,0.000,0.000,0.000
2025-11-22 15:06:04,mlx5_3,0.000,0.000,0.000,0.000
2025-11-22 15:06:04,mlx5_4,0.000,0.000,0.000,0.000
2025-11-22 15:06:04,mlx5_5,0.000,0.000,535.359,1096.024
2025-11-22 15:06:04,mlx5_6,0.000,0.000,0.000,0.000
2025-11-22 15:06:04,mlx5_7,0.000,0.000,0.000,0.000
2025-11-22 15:06:04,mlx5_8,0.000,0.000,0.000,0.000
2025-11-22 15:06:04,mlx5_9,0.000,0.000,0.000,0.000
2025-11-22 15:06:04,TOTAL,0.000,0.000,1066.375,2159.951
2025-11-22 15:06:05,mlx5_0,0.000,0.000,0.000,0.000
2025-11-22 15:06:05,mlx5_1,0.000,0.000,531.016,1063.927
2025-11-22 15:06:05,mlx5_2,0.000,0.000,0.000,0.000
2025-11-22 15:06:05,mlx5_3,0.000,0.000,0.000,0.000
2025-11-22 15:06:05,mlx5_4,0.000,0.000,0.000,0.000
2025-11-22 15:06:05,mlx5_5,0.000,0.000,535.359,1096.024
2025-11-22 15:06:05,mlx5_6,0.000,0.000,0.000,0.000
2025-11-22 15:06:05,mlx5_7,0.000,0.000,0.000,0.000
2025-11-22 15:06:05,mlx5_8,0.000,0.000,0.000,0.000
2025-11-22 15:06:05,mlx5_9,0.000,0.000,0.000,0.000
2025-11-22 15:06:05,TOTAL,0.000,0.000,1066.375,2159.951
2025-11-22 15:06:06,mlx5_0,0.000,0.000,0.000,0.000
2025-11-22 15:06:06,mlx5_1,18.584,0.023,533.350,1063.930
2025-11-22 15:06:06,mlx5_2,0.000,0.000,0.000,0.000
2025-11-22 15:06:06,mlx5_3,0.000,0.000,0.000,0.000
2025-11-22 15:06:06,mlx5_4,0.000,0.000,0.000,0.000
2025-11-22 15:06:06,mlx5_5,18.644,0.023,537.701,1096.027
2025-11-22 15:06:06,mlx5_6,0.000,0.000,0.000,0.000
2025-11-22 15:06:06,mlx5_7,0.000,0.000,0.000,0.000
2025-11-22 15:06:06,mlx5_8,0.000,0.000,0.000,0.000
2025-11-22 15:06:06,mlx5_9,0.000,0.000,0.000,0.000
2025-11-22 15:06:06,TOTAL,37.228,0.045,1071.051,2159.957
2025-11-22 15:06:07,mlx5_0,0.000,0.000,0.000,0.000
2025-11-22 15:06:07,mlx5_1,0.000,0.000,533.350,1063.930
2025-11-22 15:06:07,mlx5_2,0.000,0.000,0.000,0.000
2025-11-22 15:06:07,mlx5_3,0.000,0.000,0.000,0.000
2025-11-22 15:06:07,mlx5_4,0.000,0.000,0.000,0.000
2025-11-22 15:06:07,mlx5_5,0.000,0.000,537.701,1096.027
2025-11-22 15:06:07,mlx5_6,0.000,0.000,0.000,0.000
2025-11-22 15:06:07,mlx5_7,0.000,0.000,0.000,0.000
2025-11-22 15:06:07,mlx5_8,0.000,0.000,0.000,0.000
2025-11-22 15:06:07,mlx5_9,0.000,0.000,0.000,0.000
2025-11-22 15:06:07,TOTAL,0.000,0.000,1071.051,2159.957
2025-11-22 15:06:08,mlx5_0,0.000,0.000,0.000,0.000
2025-11-22 15:06:08,mlx5_1,0.000,0.000,533.350,1063.930
2025-11-22 15:06:08,mlx5_2,0.000,0.000,0.000,0.000
2025-11-22 15:06:08,mlx5_3,0.000,0.000,0.000,0.000
2025-11-22 15:06:08,mlx5_4,0.000,0.000,0.000,0.000
2025-11-22 15:06:08,mlx5_5,0.000,0.000,537.701,1096.027
2025-11-22 15:06:08,mlx5_6,0.000,0.000,0.000,0.000
2025-11-22 15:06:08,mlx5_7,0.000,0.000,0.000,0.000
2025-11-22 15:06:08,mlx5_8,0.000,0.000,0.000,0.000
2025-11-22 15:06:08,mlx5_9,0.000,0.000,0.000,0.000
2025-11-22 15:06:08,TOTAL,0.000,0.000,1071.051,2159.957
2025-11-22 15:06:09,mlx5_0,0.000,0.000,0.000,0.000
2025-11-22 15:06:09,mlx5_1,0.000,0.000,533.350,1063.930
2025-11-22 15:06:09,mlx5_2,0.000,0.000,0.000,0.000
2025-11-22 15:06:09,mlx5_3,0.000,0.000,0.000,0.000
2025-11-22 15:06:09,mlx5_4,0.000,0.000,0.000,0.000
2025-11-22 15:06:09,mlx5_5,0.000,0.000,537.701,1096.027
2025-11-22 15:06:09,mlx5_6,0.000,0.000,0.000,0.000
2025-11-22 15:06:09,mlx5_7,0.000,0.000,0.000,0.000
2025-11-22 15:06:09,mlx5_8,0.000,0.000,0.000,0.000
2025-11-22 15:06:09,mlx5_9,0.000,0.000,0.000,0.000
2025-11-22 15:06:09,TOTAL,0.000,0.000,1071.051,2159.957
2025-11-22 15:06:10,mlx5_0,0.000,0.000,0.000,0.000
2025-11-22 15:06:10,mlx5_1,18.491,0.022,535.673,1063.932
2025-11-22 15:06:10,mlx5_2,0.000,0.000,0.000,0.000
2025-11-22 15:06:10,mlx5_3,0.000,0.000,0.000,0.000
2025-11-22 15:06:10,mlx5_4,0.000,0.000,0.000,0.000
2025-11-22 15:06:10,mlx5_5,18.735,0.023,540.055,1096.030
2025-11-22 15:06:10,mlx5_6,0.000,0.000,0.000,0.000
2025-11-22 15:06:10,mlx5_7,0.000,0.000,0.000,0.000
2025-11-22 15:06:10,mlx5_8,0.000,0.000,0.000,0.000
2025-11-22 15:06:10,mlx5_9,0.000,0.000,0.000,0.000
2025-11-22 15:06:10,TOTAL,37.226,0.045,1075.727,2159.962
2025-11-22 15:06:11,mlx5_0,0.000,0.000,0.000,0.000
2025-11-22 15:06:11,mlx5_1,0.000,0.000,535.673,1063.933
2025-11-22 15:06:11,mlx5_2,0.000,0.000,0.000,0.000
2025-11-22 15:06:11,mlx5_3,0.000,0.000,0.000,0.000
2025-11-22 15:06:11,mlx5_4,0.000,0.000,0.000,0.000
2025-11-22 15:06:11,mlx5_5,0.000,0.000,540.055,1096.030
2025-11-22 15:06:11,mlx5_6,0.000,0.000,0.000,0.000
2025-11-22 15:06:11,mlx5_7,0.000,0.000,0.000,0.000
2025-11-22 15:06:11,mlx5_8,0.000,0.000,0.000,0.000
2025-11-22 15:06:11,mlx5_9,0.000,0.000,0.000,0.000
2025-11-22 15:06:11,TOTAL,0.000,0.000,1075.727,2159.962
2025-11-22 15:06:12,mlx5_0,0.000,0.000,0.000,0.000
2025-11-22 15:06:12,mlx5_1,0.000,0.000,535.673,1063.933
2025-11-22 15:06:12,mlx5_2,0.000,0.000,0.000,0.000
2025-11-22 15:06:12,mlx5_3,0.000,0.000,0.000,0.000
2025-11-22 15:06:12,mlx5_4,0.000,0.000,0.000,0.000
2025-11-22 15:06:12,mlx5_5,0.000,0.000,540.055,1096.030
2025-11-22 15:06:12,mlx5_6,0.000,0.000,0.000,0.000
2025-11-22 15:06:12,mlx5_7,0.000,0.000,0.000,0.000
2025-11-22 15:06:12,mlx5_8,0.000,0.000,0.000,0.000
2025-11-22 15:06:12,mlx5_9,0.000,0.000,0.000,0.000
2025-11-22 15:06:12,TOTAL,0.000,0.000,1075.727,2159.962
2025-11-22 15:06:13,mlx5_0,0.000,0.000,0.000,0.000
2025-11-22 15:06:13,mlx5_1,0.000,0.000,535.673,1063.933
2025-11-22 15:06:13,mlx5_2,0.000,0.000,0.000,0.000
2025-11-22 15:06:13,mlx5_3,0.000,0.000,0.000,0.000
2025-11-22 15:06:13,mlx5_4,0.000,0.000,0.000,0.000
2025-11-22 15:06:13,mlx5_5,0.000,0.000,540.055,1096.030
2025-11-22 15:06:13,mlx5_6,0.000,0.000,0.000,0.000
2025-11-22 15:06:13,mlx5_7,0.000,0.000,0.000,0.000
2025-11-22 15:06:13,mlx5_8,0.000,0.000,0.000,0.000
2025-11-22 15:06:13,mlx5_9,0.000,0.000,0.000,0.000
2025-11-22 15:06:13,TOTAL,0.000,0.000,1075.727,2159.962
2025-11-22 15:06:14,mlx5_0,0.000,0.000,0.000,0.000
2025-11-22 15:06:14,mlx5_1,0.000,0.000,535.673,1063.933
2025-11-22 15:06:14,mlx5_2,0.000,0.000,0.000,0.000
2025-11-22 15:06:14,mlx5_3,0.000,0.000,0.000,0.000
2025-11-22 15:06:14,mlx5_4,0.000,0.000,0.000,0.000
2025-11-22 15:06:14,mlx5_5,0.000,0.000,540.055,1096.030
2025-11-22 15:06:14,mlx5_6,0.000,0.000,0.000,0.000
2025-11-22 15:06:14,mlx5_7,0.000,0.000,0.000,0.000
2025-11-22 15:06:14,mlx5_8,0.000,0.000,0.000,0.000
2025-11-22 15:06:14,mlx5_9,0.000,0.000,0.000,0.000
2025-11-22 15:06:14,TOTAL,0.000,0.000,1075.727,2159.962
2025-11-22 15:06:15,mlx5_0,0.000,0.000,0.000,0.000
2025-11-22 15:06:15,mlx5_1,18.758,66.086,538.029,1072.234
2025-11-22 15:06:15,mlx5_2,0.000,0.000,0.000,0.000
2025-11-22 15:06:15,mlx5_3,0.000,0.000,0.000,0.000
2025-11-22 15:06:15,mlx5_4,0.000,0.000,0.000,0.000
2025-11-22 15:06:15,mlx5_5,19.294,68.357,542.478,1104.616
2025-11-22 15:06:15,mlx5_6,0.000,0.000,0.000,0.000
2025-11-22 15:06:15,mlx5_7,0.000,0.000,0.000,0.000
2025-11-22 15:06:15,mlx5_8,0.000,0.000,0.000,0.000
2025-11-22 15:06:15,mlx5_9,0.000,0.000,0.000,0.000
2025-11-22 15:06:15,TOTAL,38.052,134.443,1080.507,2176.850
2025-11-22 15:06:16,mlx5_0,0.000,0.000,0.000,0.000
2025-11-22 15:06:16,mlx5_1,0.303,44.975,538.067,1077.886
2025-11-22 15:06:16,mlx5_2,0.000,0.000,0.000,0.000
2025-11-22 15:06:16,mlx5_3,0.000,0.000,0.000,0.000
2025-11-22 15:06:16,mlx5_4,0.000,0.000,0.000,0.000
2025-11-22 15:06:16,mlx5_5,0.341,47.133,542.521,1110.540
2025-11-22 15:06:16,mlx5_6,0.000,0.000,0.000,0.000
2025-11-22 15:06:16,mlx5_7,0.000,0.000,0.000,0.000
2025-11-22 15:06:16,mlx5_8,0.000,0.000,0.000,0.000
2025-11-22 15:06:16,mlx5_9,0.000,0.000,0.000,0.000
2025-11-22 15:06:16,TOTAL,0.645,92.107,1080.588,2188.426
2025-11-22 15:06:17,mlx5_0,0.000,0.000,0.000,0.000
2025-11-22 15:06:17,mlx5_1,0.000,0.000,538.067,1077.886
2025-11-22 15:06:17,mlx5_2,0.000,0.000,0.000,0.000
2025-11-22 15:06:17,mlx5_3,0.000,0.000,0.000,0.000
2025-11-22 15:06:17,mlx5_4,0.000,0.000,0.000,0.000
2025-11-22 15:06:17,mlx5_5,0.000,0.000,542.521,1110.540
2025-11-22 15:06:17,mlx5_6,0.000,0.000,0.000,0.000
2025-11-22 15:06:17,mlx5_7,0.000,0.000,0.000,0.000
2025-11-22 15:06:17,mlx5_8,0.000,0.000,0.000,0.000
2025-11-22 15:06:17,mlx5_9,0.000,0.000,0.000,0.000
2025-11-22 15:06:17,TOTAL,0.000,0.000,1080.588,2188.426
2025-11-22 15:06:18,mlx5_0,0.000,0.000,0.000,0.000
2025-11-22 15:06:18,mlx5_1,0.000,0.000,538.067,1077.886
2025-11-22 15:06:18,mlx5_2,0.000,0.000,0.000,0.000
2025-11-22 15:06:18,mlx5_3,0.000,0.000,0.000,0.000
2025-11-22 15:06:18,mlx5_4,0.000,0.000,0.000,0.000
2025-11-22 15:06:18,mlx5_5,0.000,0.000,542.521,1110.540
2025-11-22 15:06:18,mlx5_6,0.000,0.000,0.000,0.000
2025-11-22 15:06:18,mlx5_7,0.000,0.000,0.000,0.000
2025-11-22 15:06:18,mlx5_8,0.000,0.000,0.000,0.000
2025-11-22 15:06:18,mlx5_9,0.000,0.000,0.000,0.000
2025-11-22 15:06:18,TOTAL,0.000,0.000,1080.588,2188.426
2025-11-22 15:06:19,mlx5_0,0.000,0.000,0.000,0.000
2025-11-22 15:06:19,mlx5_1,0.329,0.000,538.108,1077.886
2025-11-22 15:06:19,mlx5_2,0.000,0.000,0.000,0.000
2025-11-22 15:06:19,mlx5_3,0.000,0.000,0.000,0.000
2025-11-22 15:06:19,mlx5_4,0.000,0.000,0.000,0.000
2025-11-22 15:06:19,mlx5_5,0.559,0.001,542.591,1110.540
2025-11-22 15:06:19,mlx5_6,0.000,0.000,0.000,0.000
2025-11-22 15:06:19,mlx5_7,0.000,0.000,0.000,0.000
2025-11-22 15:06:19,mlx5_8,0.000,0.000,0.000,0.000
2025-11-22 15:06:19,mlx5_9,0.000,0.000,0.000,0.000
2025-11-22 15:06:19,TOTAL,0.888,0.001,1080.700,2188.426
2025-11-22 15:06:20,mlx5_0,0.000,0.000,0.000,0.000
2025-11-22 15:06:20,mlx5_1,17.476,0.021,540.304,1077.889
2025-11-22 15:06:20,mlx5_2,0.000,0.000,0.000,0.000
2025-11-22 15:06:20,mlx5_3,0.000,0.000,0.000,0.000
2025-11-22 15:06:20,mlx5_4,0.000,0.000,0.000,0.000
2025-11-22 15:06:20,mlx5_5,17.258,0.021,544.759,1110.543
2025-11-22 15:06:20,mlx5_6,0.000,0.000,0.000,0.000
2025-11-22 15:06:20,mlx5_7,0.000,0.000,0.000,0.000
2025-11-22 15:06:20,mlx5_8,0.000,0.000,0.000,0.000
2025-11-22 15:06:20,mlx5_9,0.000,0.000,0.000,0.000
2025-11-22 15:06:20,TOTAL,34.733,0.043,1085.063,2188.431
2025-11-22 15:06:21,mlx5_0,0.000,0.000,0.000,0.000
2025-11-22 15:06:21,mlx5_1,0.000,0.000,540.304,1077.889
2025-11-22 15:06:21,mlx5_2,0.000,0.000,0.000,0.000
2025-11-22 15:06:21,mlx5_3,0.000,0.000,0.000,0.000
2025-11-22 15:06:21,mlx5_4,0.000,0.000,0.000,0.000
2025-11-22 15:06:21,mlx5_5,0.000,0.000,544.759,1110.543
2025-11-22 15:06:21,mlx5_6,0.000,0.000,0.000,0.000
2025-11-22 15:06:21,mlx5_7,0.000,0.000,0.000,0.000
2025-11-22 15:06:21,mlx5_8,0.000,0.000,0.000,0.000
2025-11-22 15:06:21,mlx5_9,0.000,0.000,0.000,0.000
2025-11-22 15:06:21,TOTAL,0.000,0.000,1085.063,2188.431
2025-11-22 15:06:22,mlx5_0,0.000,0.000,0.000,0.000
2025-11-22 15:06:22,mlx5_1,0.000,0.000,540.304,1077.889
2025-11-22 15:06:22,mlx5_2,0.000,0.000,0.000,0.000
2025-11-22 15:06:22,mlx5_3,0.000,0.000,0.000,0.000
2025-11-22 15:06:22,mlx5_4,0.000,0.000,0.000,0.000
2025-11-22 15:06:22,mlx5_5,0.000,0.000,544.759,1110.543
2025-11-22 15:06:22,mlx5_6,0.000,0.000,0.000,0.000
2025-11-22 15:06:22,mlx5_7,0.000,0.000,0.000,0.000
2025-11-22 15:06:22,mlx5_8,0.000,0.000,0.000,0.000
2025-11-22 15:06:22,mlx5_9,0.000,0.000,0.000,0.000
2025-11-22 15:06:22,TOTAL,0.000,0.000,1085.063,2188.431
2025-11-22 15:06:23,mlx5_0,0.000,0.000,0.000,0.000
2025-11-22 15:06:23,mlx5_1,18.573,0.022,542.637,1077.892
2025-11-22 15:06:23,mlx5_2,0.000,0.000,0.000,0.000
2025-11-22 15:06:23,mlx5_3,0.000,0.000,0.000,0.000
2025-11-22 15:06:23,mlx5_4,0.000,0.000,0.000,0.000
2025-11-22 15:06:23,mlx5_5,18.643,0.023,547.102,1110.546
2025-11-22 15:06:23,mlx5_6,0.000,0.000,0.000,0.000
2025-11-22 15:06:23,mlx5_7,0.000,0.000,0.000,0.000
2025-11-22 15:06:23,mlx5_8,0.000,0.000,0.000,0.000
2025-11-22 15:06:23,mlx5_9,0.000,0.000,0.000,0.000
2025-11-22 15:06:23,TOTAL,37.216,0.045,1089.739,2188.437
2025-11-22 15:06:24,mlx5_0,0.000,0.000,0.000,0.000
2025-11-22 15:06:24,mlx5_1,0.000,0.000,542.637,1077.892
2025-11-22 15:06:24,mlx5_2,0.000,0.000,0.000,0.000
2025-11-22 15:06:24,mlx5_3,0.000,0.000,0.000,0.000
2025-11-22 15:06:24,mlx5_4,0.000,0.000,0.000,0.000
2025-11-22 15:06:24,mlx5_5,0.000,0.000,547.102,1110.546
2025-11-22 15:06:24,mlx5_6,0.000,0.000,0.000,0.000
2025-11-22 15:06:24,mlx5_7,0.000,0.000,0.000,0.000
2025-11-22 15:06:24,mlx5_8,0.000,0.000,0.000,0.000
2025-11-22 15:06:24,mlx5_9,0.000,0.000,0.000,0.000
2025-11-22 15:06:24,TOTAL,0.000,0.000,1089.739,2188.437
2025-11-22 15:06:25,mlx5_0,0.000,0.000,0.000,0.000
2025-11-22 15:06:25,mlx5_1,0.000,0.000,542.637,1077.892
2025-11-22 15:06:25,mlx5_2,0.000,0.000,0.000,0.000
2025-11-22 15:06:25,mlx5_3,0.000,0.000,0.000,0.000
2025-11-22 15:06:25,mlx5_4,0.000,0.000,0.000,0.000
2025-11-22 15:06:25,mlx5_5,0.000,0.000,547.102,1110.546
2025-11-22 15:06:25,mlx5_6,0.000,0.000,0.000,0.000
2025-11-22 15:06:25,mlx5_7,0.000,0.000,0.000,0.000
2025-11-22 15:06:25,mlx5_8,0.000,0.000,0.000,0.000
2025-11-22 15:06:25,mlx5_9,0.000,0.000,0.000,0.000
2025-11-22 15:06:25,TOTAL,0.000,0.000,1089.739,2188.437
2025-11-22 15:06:26,mlx5_0,0.000,0.000,0.000,0.000
2025-11-22 15:06:26,mlx5_1,18.572,0.022,544.971,1077.894
2025-11-22 15:06:26,mlx5_2,0.000,0.000,0.000,0.000
2025-11-22 15:06:26,mlx5_3,0.000,0.000,0.000,0.000
2025-11-22 15:06:26,mlx5_4,0.000,0.000,0.000,0.000
2025-11-22 15:06:26,mlx5_5,18.651,0.023,549.445,1110.548
2025-11-22 15:06:26,mlx5_6,0.000,0.000,0.000,0.000
2025-11-22 15:06:26,mlx5_7,0.000,0.000,0.000,0.000
2025-11-22 15:06:26,mlx5_8,0.000,0.000,0.000,0.000
2025-11-22 15:06:26,mlx5_9,0.000,0.000,0.000,0.000
2025-11-22 15:06:26,TOTAL,37.223,0.045,1094.415,2188.443
2025-11-22 15:06:27,mlx5_0,0.000,0.000,0.000,0.000
2025-11-22 15:06:27,mlx5_1,0.000,0.000,544.971,1077.894
2025-11-22 15:06:27,mlx5_2,0.000,0.000,0.000,0.000
2025-11-22 15:06:27,mlx5_3,0.000,0.000,0.000,0.000
2025-11-22 15:06:27,mlx5_4,0.000,0.000,0.000,0.000
2025-11-22 15:06:27,mlx5_5,0.000,0.000,549.445,1110.548
2025-11-22 15:06:27,mlx5_6,0.000,0.000,0.000,0.000
2025-11-22 15:06:27,mlx5_7,0.000,0.000,0.000,0.000
2025-11-22 15:06:27,mlx5_8,0.000,0.000,0.000,0.000
2025-11-22 15:06:27,mlx5_9,0.000,0.000,0.000,0.000
2025-11-22 15:06:27,TOTAL,0.000,0.000,1094.415,2188.443
2025-11-22 15:06:28,mlx5_0,0.000,0.000,0.000,0.000
2025-11-22 15:06:28,mlx5_1,0.000,0.000,544.971,1077.894
2025-11-22 15:06:28,mlx5_2,0.000,0.000,0.000,0.000
2025-11-22 15:06:28,mlx5_3,0.000,0.000,0.000,0.000
2025-11-22 15:06:28,mlx5_4,0.000,0.000,0.000,0.000
2025-11-22 15:06:28,mlx5_5,0.000,0.000,549.445,1110.548
2025-11-22 15:06:28,mlx5_6,0.000,0.000,0.000,0.000
2025-11-22 15:06:28,mlx5_7,0.000,0.000,0.000,0.000
2025-11-22 15:06:28,mlx5_8,0.000,0.000,0.000,0.000
2025-11-22 15:06:28,mlx5_9,0.000,0.000,0.000,0.000
2025-11-22 15:06:28,TOTAL,0.000,0.000,1094.415,2188.443
2025-11-22 15:06:29,mlx5_0,0.000,0.000,0.000,0.000
2025-11-22 15:06:29,mlx5_1,0.000,0.000,544.971,1077.894
2025-11-22 15:06:29,mlx5_2,0.000,0.000,0.000,0.000
2025-11-22 15:06:29,mlx5_3,0.000,0.000,0.000,0.000
2025-11-22 15:06:29,mlx5_4,0.000,0.000,0.000,0.000
2025-11-22 15:06:29,mlx5_5,0.000,0.000,549.445,1110.548
2025-11-22 15:06:29,mlx5_6,0.000,0.000,0.000,0.000
2025-11-22 15:06:29,mlx5_7,0.000,0.000,0.000,0.000
2025-11-22 15:06:29,mlx5_8,0.000,0.000,0.000,0.000
2025-11-22 15:06:29,mlx5_9,0.000,0.000,0.000,0.000
2025-11-22 15:06:29,TOTAL,0.000,0.000,1094.415,2188.443
2025-11-22 15:06:30,mlx5_0,0.000,0.000,0.000,0.000
2025-11-22 15:06:30,mlx5_1,18.516,0.022,547.296,1077.897
2025-11-22 15:06:30,mlx5_2,0.000,0.000,0.000,0.000
2025-11-22 15:06:30,mlx5_3,0.000,0.000,0.000,0.000
2025-11-22 15:06:30,mlx5_4,0.000,0.000,0.000,0.000
2025-11-22 15:06:30,mlx5_5,18.712,0.023,551.795,1110.551
2025-11-22 15:06:30,mlx5_6,0.000,0.000,0.000,0.000
2025-11-22 15:06:30,mlx5_7,0.000,0.000,0.000,0.000
2025-11-22 15:06:30,mlx5_8,0.000,0.000,0.000,0.000
2025-11-22 15:06:30,mlx5_9,0.000,0.000,0.000,0.000
2025-11-22 15:06:30,TOTAL,37.228,0.045,1099.091,2188.448
2025-11-22 15:06:31,mlx5_0,0.000,0.000,0.000,0.000
2025-11-22 15:06:31,mlx5_1,0.000,0.000,547.296,1077.897
2025-11-22 15:06:31,mlx5_2,0.000,0.000,0.000,0.000
2025-11-22 15:06:31,mlx5_3,0.000,0.000,0.000,0.000
2025-11-22 15:06:31,mlx5_4,0.000,0.000,0.000,0.000
2025-11-22 15:06:31,mlx5_5,0.000,0.000,551.795,1110.551
2025-11-22 15:06:31,mlx5_6,0.000,0.000,0.000,0.000
2025-11-22 15:06:31,mlx5_7,0.000,0.000,0.000,0.000
2025-11-22 15:06:31,mlx5_8,0.000,0.000,0.000,0.000
2025-11-22 15:06:31,mlx5_9,0.000,0.000,0.000,0.000
2025-11-22 15:06:31,TOTAL,0.000,0.000,1099.091,2188.448
2025-11-22 15:06:32,mlx5_0,0.000,0.000,0.000,0.000
2025-11-22 15:06:32,mlx5_1,0.000,0.000,547.296,1077.897
2025-11-22 15:06:32,mlx5_2,0.000,0.000,0.000,0.000
2025-11-22 15:06:32,mlx5_3,0.000,0.000,0.000,0.000
2025-11-22 15:06:32,mlx5_4,0.000,0.000,0.000,0.000
2025-11-22 15:06:32,mlx5_5,0.000,0.000,551.795,1110.551
2025-11-22 15:06:32,mlx5_6,0.000,0.000,0.000,0.000
2025-11-22 15:06:32,mlx5_7,0.000,0.000,0.000,0.000
2025-11-22 15:06:32,mlx5_8,0.000,0.000,0.000,0.000
2025-11-22 15:06:32,mlx5_9,0.000,0.000,0.000,0.000
2025-11-22 15:06:32,TOTAL,0.000,0.000,1099.091,2188.448
2025-11-22 15:06:33,mlx5_0,0.000,0.000,0.000,0.000
2025-11-22 15:06:33,mlx5_1,0.000,0.000,547.296,1077.897
2025-11-22 15:06:33,mlx5_2,0.000,0.000,0.000,0.000
2025-11-22 15:06:33,mlx5_3,0.000,0.000,0.000,0.000
2025-11-22 15:06:33,mlx5_4,0.000,0.000,0.000,0.000
2025-11-22 15:06:33,mlx5_5,0.000,0.000,551.795,1110.551
2025-11-22 15:06:33,mlx5_6,0.000,0.000,0.000,0.000
2025-11-22 15:06:33,mlx5_7,0.000,0.000,0.000,0.000
2025-11-22 15:06:33,mlx5_8,0.000,0.000,0.000,0.000
2025-11-22 15:06:33,mlx5_9,0.000,0.000,0.000,0.000
2025-11-22 15:06:33,TOTAL,0.000,0.000,1099.091,2188.448
2025-11-22 15:06:34,mlx5_0,0.000,0.000,0.000,0.000
2025-11-22 15:06:34,mlx5_1,0.000,0.000,547.296,1077.897
2025-11-22 15:06:34,mlx5_2,0.000,0.000,0.000,0.000
2025-11-22 15:06:34,mlx5_3,0.000,0.000,0.000,0.000
2025-11-22 15:06:34,mlx5_4,0.000,0.000,0.000,0.000
2025-11-22 15:06:34,mlx5_5,0.000,0.000,551.795,1110.551
2025-11-22 15:06:34,mlx5_6,0.000,0.000,0.000,0.000
2025-11-22 15:06:34,mlx5_7,0.000,0.000,0.000,0.000
2025-11-22 15:06:34,mlx5_8,0.000,0.000,0.000,0.000
2025-11-22 15:06:34,mlx5_9,0.000,0.000,0.000,0.000
2025-11-22 15:06:34,TOTAL,0.000,0.000,1099.091,2188.448
2025-11-22 15:06:35,mlx5_0,0.000,0.000,0.000,0.000
2025-11-22 15:06:35,mlx5_1,18.735,0.022,549.650,1077.900
2025-11-22 15:06:35,mlx5_2,0.000,0.000,0.000,0.000
2025-11-22 15:06:35,mlx5_3,0.000,0.000,0.000,0.000
2025-11-22 15:06:35,mlx5_4,0.000,0.000,0.000,0.000
2025-11-22 15:06:35,mlx5_5,18.484,0.023,554.117,1110.554
2025-11-22 15:06:35,mlx5_6,0.000,0.000,0.000,0.000
2025-11-22 15:06:35,mlx5_7,0.000,0.000,0.000,0.000
2025-11-22 15:06:35,mlx5_8,0.000,0.000,0.000,0.000
2025-11-22 15:06:35,mlx5_9,0.000,0.000,0.000,0.000
2025-11-22 15:06:35,TOTAL,37.219,0.045,1103.767,2188.454
2025-11-22 15:06:36,mlx5_0,0.000,0.000,0.000,0.000
2025-11-22 15:06:36,mlx5_1,0.000,0.000,549.650,1077.900
2025-11-22 15:06:36,mlx5_2,0.000,0.000,0.000,0.000
2025-11-22 15:06:36,mlx5_3,0.000,0.000,0.000,0.000
2025-11-22 15:06:36,mlx5_4,0.000,0.000,0.000,0.000
2025-11-22 15:06:36,mlx5_5,0.000,0.000,554.117,1110.554
2025-11-22 15:06:36,mlx5_6,0.000,0.000,0.000,0.000
2025-11-22 15:06:36,mlx5_7,0.000,0.000,0.000,0.000
2025-11-22 15:06:36,mlx5_8,0.000,0.000,0.000,0.000
2025-11-22 15:06:36,mlx5_9,0.000,0.000,0.000,0.000
2025-11-22 15:06:36,TOTAL,0.000,0.000,1103.767,2188.454
2025-11-22 15:06:37,mlx5_0,0.000,0.000,0.000,0.000
2025-11-22 15:06:37,mlx5_1,0.000,0.000,549.650,1077.900
2025-11-22 15:06:37,mlx5_2,0.000,0.000,0.000,0.000
2025-11-22 15:06:37,mlx5_3,0.000,0.000,0.000,0.000
2025-11-22 15:06:37,mlx5_4,0.000,0.000,0.000,0.000
2025-11-22 15:06:37,mlx5_5,0.000,0.000,554.117,1110.554
2025-11-22 15:06:37,mlx5_6,0.000,0.000,0.000,0.000
2025-11-22 15:06:37,mlx5_7,0.000,0.000,0.000,0.000
2025-11-22 15:06:37,mlx5_8,0.000,0.000,0.000,0.000
2025-11-22 15:06:37,mlx5_9,0.000,0.000,0.000,0.000
2025-11-22 15:06:37,TOTAL,0.000,0.000,1103.767,2188.454
2025-11-22 15:06:38,mlx5_0,0.000,0.000,0.000,0.000
2025-11-22 15:06:38,mlx5_1,0.000,0.000,549.650,1077.900
2025-11-22 15:06:38,mlx5_2,0.000,0.000,0.000,0.000
2025-11-22 15:06:38,mlx5_3,0.000,0.000,0.000,0.000
2025-11-22 15:06:38,mlx5_4,0.000,0.000,0.000,0.000
2025-11-22 15:06:38,mlx5_5,0.000,0.000,554.117,1110.554
2025-11-22 15:06:38,mlx5_6,0.000,0.000,0.000,0.000
2025-11-22 15:06:38,mlx5_7,0.000,0.000,0.000,0.000
2025-11-22 15:06:38,mlx5_8,0.000,0.000,0.000,0.000
2025-11-22 15:06:38,mlx5_9,0.000,0.000,0.000,0.000
2025-11-22 15:06:38,TOTAL,0.000,0.000,1103.767,2188.454
2025-11-22 15:06:39,mlx5_0,0.000,0.000,0.000,0.000
2025-11-22 15:06:39,mlx5_1,19.128,73.285,552.052,1087.104
2025-11-22 15:06:39,mlx5_2,0.000,0.000,0.000,0.000
2025-11-22 15:06:39,mlx5_3,0.000,0.000,0.000,0.000
2025-11-22 15:06:39,mlx5_4,0.000,0.000,0.000,0.000
2025-11-22 15:06:39,mlx5_5,19.046,75.692,556.509,1120.061
2025-11-22 15:06:39,mlx5_6,0.000,0.000,0.000,0.000
2025-11-22 15:06:39,mlx5_7,0.000,0.000,0.000,0.000
2025-11-22 15:06:39,mlx5_8,0.000,0.000,0.000,0.000
2025-11-22 15:06:39,mlx5_9,0.000,0.000,0.000,0.000
2025-11-22 15:06:39,TOTAL,38.174,148.977,1108.562,2207.165
2025-11-22 15:06:40,mlx5_0,0.000,0.000,0.000,0.000
2025-11-22 15:06:40,mlx5_1,0.253,38.616,552.084,1091.957
2025-11-22 15:06:40,mlx5_2,0.000,0.000,0.000,0.000
2025-11-22 15:06:40,mlx5_3,0.000,0.000,0.000,0.000
2025-11-22 15:06:40,mlx5_4,0.000,0.000,0.000,0.000
2025-11-22 15:06:40,mlx5_5,0.252,38.994,556.541,1124.961
2025-11-22 15:06:40,mlx5_6,0.000,0.000,0.000,0.000
2025-11-22 15:06:40,mlx5_7,0.000,0.000,0.000,0.000
2025-11-22 15:06:40,mlx5_8,0.000,0.000,0.000,0.000
2025-11-22 15:06:40,mlx5_9,0.000,0.000,0.000,0.000
2025-11-22 15:06:40,TOTAL,0.505,77.610,1108.625,2216.919
2025-11-22 15:06:41,mlx5_0,0.000,0.000,0.000,0.000
2025-11-22 15:06:41,mlx5_1,0.000,0.000,552.084,1091.957
2025-11-22 15:06:41,mlx5_2,0.000,0.000,0.000,0.000
2025-11-22 15:06:41,mlx5_3,0.000,0.000,0.000,0.000
2025-11-22 15:06:41,mlx5_4,0.000,0.000,0.000,0.000
2025-11-22 15:06:41,mlx5_5,0.000,0.000,556.541,1124.961
2025-11-22 15:06:41,mlx5_6,0.000,0.000,0.000,0.000
2025-11-22 15:06:41,mlx5_7,0.000,0.000,0.000,0.000
2025-11-22 15:06:41,mlx5_8,0.000,0.000,0.000,0.000
2025-11-22 15:06:41,mlx5_9,0.000,0.000,0.000,0.000
2025-11-22 15:06:41,TOTAL,0.000,0.000,1108.625,2216.919
2025-11-22 15:06:42,mlx5_0,0.000,0.000,0.000,0.000
2025-11-22 15:06:42,mlx5_1,0.000,0.000,552.084,1091.957
2025-11-22 15:06:42,mlx5_2,0.000,0.000,0.000,0.000
2025-11-22 15:06:42,mlx5_3,0.000,0.000,0.000,0.000
2025-11-22 15:06:42,mlx5_4,0.000,0.000,0.000,0.000
2025-11-22 15:06:42,mlx5_5,0.000,0.000,556.541,1124.961
2025-11-22 15:06:42,mlx5_6,0.000,0.000,0.000,0.000
2025-11-22 15:06:42,mlx5_7,0.000,0.000,0.000,0.000
2025-11-22 15:06:42,mlx5_8,0.000,0.000,0.000,0.000
2025-11-22 15:06:42,mlx5_9,0.000,0.000,0.000,0.000
2025-11-22 15:06:42,TOTAL,0.000,0.000,1108.625,2216.919
2025-11-22 15:06:43,mlx5_0,0.000,0.000,0.000,0.000
2025-11-22 15:06:43,mlx5_1,0.000,0.000,552.084,1091.957
2025-11-22 15:06:43,mlx5_2,0.000,0.000,0.000,0.000
2025-11-22 15:06:43,mlx5_3,0.000,0.000,0.000,0.000
2025-11-22 15:06:43,mlx5_4,0.000,0.000,0.000,0.000
2025-11-22 15:06:43,mlx5_5,0.000,0.000,556.541,1124.961
2025-11-22 15:06:43,mlx5_6,0.000,0.000,0.000,0.000
2025-11-22 15:06:43,mlx5_7,0.000,0.000,0.000,0.000
2025-11-22 15:06:43,mlx5_8,0.000,0.000,0.000,0.000
2025-11-22 15:06:43,mlx5_9,0.000,0.000,0.000,0.000
2025-11-22 15:06:43,TOTAL,0.000,0.000,1108.625,2216.919
2025-11-22 15:06:44,mlx5_0,0.000,0.000,0.000,0.000
2025-11-22 15:06:44,mlx5_1,18.972,0.024,554.467,1091.960
2025-11-22 15:06:44,mlx5_2,0.000,0.000,0.000,0.000
2025-11-22 15:06:44,mlx5_3,0.000,0.000,0.000,0.000
2025-11-22 15:06:44,mlx5_4,0.000,0.000,0.000,0.000
2025-11-22 15:06:44,mlx5_5,18.985,0.024,558.926,1124.964
2025-11-22 15:06:44,mlx5_6,0.000,0.000,0.000,0.000
2025-11-22 15:06:44,mlx5_7,0.000,0.000,0.000,0.000
2025-11-22 15:06:44,mlx5_8,0.000,0.000,0.000,0.000
2025-11-22 15:06:44,mlx5_9,0.000,0.000,0.000,0.000
2025-11-22 15:06:44,TOTAL,37.957,0.047,1113.393,2216.925
2025-11-22 15:06:45,mlx5_0,0.000,0.000,0.000,0.000
2025-11-22 15:06:45,mlx5_1,0.000,0.000,554.467,1091.960
2025-11-22 15:06:45,mlx5_2,0.000,0.000,0.000,0.000
2025-11-22 15:06:45,mlx5_3,0.000,0.000,0.000,0.000
2025-11-22 15:06:45,mlx5_4,0.000,0.000,0.000,0.000
2025-11-22 15:06:45,mlx5_5,0.000,0.000,558.926,1124.964
2025-11-22 15:06:45,mlx5_6,0.000,0.000,0.000,0.000
2025-11-22 15:06:45,mlx5_7,0.000,0.000,0.000,0.000
2025-11-22 15:06:45,mlx5_8,0.000,0.000,0.000,0.000
2025-11-22 15:06:45,mlx5_9,0.000,0.000,0.000,0.000
2025-11-22 15:06:45,TOTAL,0.000,0.000,1113.393,2216.925
2025-11-22 15:06:46,mlx5_0,0.000,0.000,0.000,0.000
2025-11-22 15:06:46,mlx5_1,0.000,0.000,554.467,1091.960
2025-11-22 15:06:46,mlx5_2,0.000,0.000,0.000,0.000
2025-11-22 15:06:46,mlx5_3,0.000,0.000,0.000,0.000
2025-11-22 15:06:46,mlx5_4,0.000,0.000,0.000,0.000
2025-11-22 15:06:46,mlx5_5,0.000,0.000,558.926,1124.964
2025-11-22 15:06:46,mlx5_6,0.000,0.000,0.000,0.000
2025-11-22 15:06:46,mlx5_7,0.000,0.000,0.000,0.000
2025-11-22 15:06:46,mlx5_8,0.000,0.000,0.000,0.000
2025-11-22 15:06:46,mlx5_9,0.000,0.000,0.000,0.000
2025-11-22 15:06:46,TOTAL,0.000,0.000,1113.393,2216.925
2025-11-22 15:06:47,mlx5_0,0.000,0.000,0.000,0.000
2025-11-22 15:06:47,mlx5_1,18.347,0.022,556.772,1091.963
2025-11-22 15:06:47,mlx5_2,0.000,0.000,0.000,0.000
2025-11-22 15:06:47,mlx5_3,0.000,0.000,0.000,0.000
2025-11-22 15:06:47,mlx5_4,0.000,0.000,0.000,0.000
2025-11-22 15:06:47,mlx5_5,18.871,0.023,561.297,1124.967
2025-11-22 15:06:47,mlx5_6,0.000,0.000,0.000,0.000
2025-11-22 15:06:47,mlx5_7,0.000,0.000,0.000,0.000
2025-11-22 15:06:47,mlx5_8,0.000,0.000,0.000,0.000
2025-11-22 15:06:47,mlx5_9,0.000,0.000,0.000,0.000
2025-11-22 15:06:47,TOTAL,37.218,0.045,1118.069,2216.930
2025-11-22 15:06:48,mlx5_0,0.000,0.000,0.000,0.000
2025-11-22 15:06:48,mlx5_1,0.000,0.000,556.772,1091.963
2025-11-22 15:06:48,mlx5_2,0.000,0.000,0.000,0.000
2025-11-22 15:06:48,mlx5_3,0.000,0.000,0.000,0.000
2025-11-22 15:06:48,mlx5_4,0.000,0.000,0.000,0.000
2025-11-22 15:06:48,mlx5_5,0.000,0.000,561.297,1124.967
2025-11-22 15:06:48,mlx5_6,0.000,0.000,0.000,0.000
2025-11-22 15:06:48,mlx5_7,0.000,0.000,0.000,0.000
2025-11-22 15:06:48,mlx5_8,0.000,0.000,0.000,0.000
2025-11-22 15:06:48,mlx5_9,0.000,0.000,0.000,0.000
2025-11-22 15:06:48,TOTAL,0.000,0.000,1118.069,2216.930
2025-11-22 15:06:49,mlx5_0,0.000,0.000,0.000,0.000
2025-11-22 15:06:49,mlx5_1,0.000,0.000,556.772,1091.963
2025-11-22 15:06:49,mlx5_2,0.000,0.000,0.000,0.000
2025-11-22 15:06:49,mlx5_3,0.000,0.000,0.000,0.000
2025-11-22 15:06:49,mlx5_4,0.000,0.000,0.000,0.000
2025-11-22 15:06:49,mlx5_5,0.000,0.000,561.297,1124.967
2025-11-22 15:06:49,mlx5_6,0.000,0.000,0.000,0.000
2025-11-22 15:06:49,mlx5_7,0.000,0.000,0.000,0.000
2025-11-22 15:06:49,mlx5_8,0.000,0.000,0.000,0.000
2025-11-22 15:06:49,mlx5_9,0.000,0.000,0.000,0.000
2025-11-22 15:06:49,TOTAL,0.000,0.000,1118.069,2216.930
2025-11-22 15:06:50,mlx5_0,0.000,0.000,0.000,0.000
2025-11-22 15:06:50,mlx5_1,0.000,0.000,556.772,1091.963
2025-11-22 15:06:50,mlx5_2,0.000,0.000,0.000,0.000
2025-11-22 15:06:50,mlx5_3,0.000,0.000,0.000,0.000
2025-11-22 15:06:50,mlx5_4,0.000,0.000,0.000,0.000
2025-11-22 15:06:50,mlx5_5,0.000,0.000,561.297,1124.967
2025-11-22 15:06:50,mlx5_6,0.000,0.000,0.000,0.000
2025-11-22 15:06:50,mlx5_7,0.000,0.000,0.000,0.000
2025-11-22 15:06:50,mlx5_8,0.000,0.000,0.000,0.000
2025-11-22 15:06:50,mlx5_9,0.000,0.000,0.000,0.000
2025-11-22 15:06:50,TOTAL,0.000,0.000,1118.069,2216.930
2025-11-22 15:06:51,mlx5_0,0.000,0.000,0.000,0.000
2025-11-22 15:06:51,mlx5_1,18.648,0.022,559.115,1091.966
2025-11-22 15:06:51,mlx5_2,0.000,0.000,0.000,0.000
2025-11-22 15:06:51,mlx5_3,0.000,0.000,0.000,0.000
2025-11-22 15:06:51,mlx5_4,0.000,0.000,0.000,0.000
2025-11-22 15:06:51,mlx5_5,18.579,0.023,563.630,1124.970
2025-11-22 15:06:51,mlx5_6,0.000,0.000,0.000,0.000
2025-11-22 15:06:51,mlx5_7,0.000,0.000,0.000,0.000
2025-11-22 15:06:51,mlx5_8,0.000,0.000,0.000,0.000
2025-11-22 15:06:51,mlx5_9,0.000,0.000,0.000,0.000
2025-11-22 15:06:51,TOTAL,37.227,0.045,1122.745,2216.936
2025-11-22 15:06:52,mlx5_0,0.000,0.000,0.000,0.000
2025-11-22 15:06:52,mlx5_1,0.000,0.000,559.115,1091.966
2025-11-22 15:06:52,mlx5_2,0.000,0.000,0.000,0.000
2025-11-22 15:06:52,mlx5_3,0.000,0.000,0.000,0.000
2025-11-22 15:06:52,mlx5_4,0.000,0.000,0.000,0.000
2025-11-22 15:06:52,mlx5_5,0.000,0.000,563.630,1124.970
2025-11-22 15:06:52,mlx5_6,0.000,0.000,0.000,0.000
2025-11-22 15:06:52,mlx5_7,0.000,0.000,0.000,0.000
2025-11-22 15:06:52,mlx5_8,0.000,0.000,0.000,0.000
2025-11-22 15:06:52,mlx5_9,0.000,0.000,0.000,0.000
2025-11-22 15:06:52,TOTAL,0.000,0.000,1122.745,2216.936
2025-11-22 15:06:53,mlx5_0,0.000,0.000,0.000,0.000
2025-11-22 15:06:53,mlx5_1,0.000,0.000,559.115,1091.966
2025-11-22 15:06:53,mlx5_2,0.000,0.000,0.000,0.000
2025-11-22 15:06:53,mlx5_3,0.000,0.000,0.000,0.000
2025-11-22 15:06:53,mlx5_4,0.000,0.000,0.000,0.000
2025-11-22 15:06:53,mlx5_5,0.000,0.000,563.630,1124.970
2025-11-22 15:06:53,mlx5_6,0.000,0.000,0.000,0.000
2025-11-22 15:06:53,mlx5_7,0.000,0.000,0.000,0.000
2025-11-22 15:06:53,mlx5_8,0.000,0.000,0.000,0.000
2025-11-22 15:06:53,mlx5_9,0.000,0.000,0.000,0.000
2025-11-22 15:06:53,TOTAL,0.000,0.000,1122.745,2216.936
2025-11-22 15:06:54,mlx5_0,0.000,0.000,0.000,0.000
2025-11-22 15:06:54,mlx5_1,0.184,0.000,559.138,1091.966
2025-11-22 15:06:54,mlx5_2,0.000,0.000,0.000,0.000
2025-11-22 15:06:54,mlx5_3,0.000,0.000,0.000,0.000
2025-11-22 15:06:54,mlx5_4,0.000,0.000,0.000,0.000
2025-11-22 15:06:54,mlx5_5,0.374,0.001,563.677,1124.970
2025-11-22 15:06:54,mlx5_6,0.000,0.000,0.000,0.000
2025-11-22 15:06:54,mlx5_7,0.000,0.000,0.000,0.000
2025-11-22 15:06:54,mlx5_8,0.000,0.000,0.000,0.000
2025-11-22 15:06:54,mlx5_9,0.000,0.000,0.000,0.000
2025-11-22 15:06:54,TOTAL,0.558,0.001,1122.815,2216.936
2025-11-22 15:06:55,mlx5_0,0.000,0.000,0.000,0.000
2025-11-22 15:06:55,mlx5_1,18.496,0.022,561.462,1091.969
2025-11-22 15:06:55,mlx5_2,0.000,0.000,0.000,0.000
2025-11-22 15:06:55,mlx5_3,0.000,0.000,0.000,0.000
2025-11-22 15:06:55,mlx5_4,0.000,0.000,0.000,0.000
2025-11-22 15:06:55,mlx5_5,18.156,0.022,565.959,1124.973
2025-11-22 15:06:55,mlx5_6,0.000,0.000,0.000,0.000
2025-11-22 15:06:55,mlx5_7,0.000,0.000,0.000,0.000
2025-11-22 15:06:55,mlx5_8,0.000,0.000,0.000,0.000
2025-11-22 15:06:55,mlx5_9,0.000,0.000,0.000,0.000
2025-11-22 15:06:55,TOTAL,36.652,0.044,1127.421,2216.942
2025-11-22 15:06:56,mlx5_0,0.000,0.000,0.000,0.000
2025-11-22 15:06:56,mlx5_1,0.000,0.000,561.462,1091.969
2025-11-22 15:06:56,mlx5_2,0.000,0.000,0.000,0.000
2025-11-22 15:06:56,mlx5_3,0.000,0.000,0.000,0.000
2025-11-22 15:06:56,mlx5_4,0.000,0.000,0.000,0.000
2025-11-22 15:06:56,mlx5_5,0.000,0.000,565.959,1124.973
2025-11-22 15:06:56,mlx5_6,0.000,0.000,0.000,0.000
2025-11-22 15:06:56,mlx5_7,0.000,0.000,0.000,0.000
2025-11-22 15:06:56,mlx5_8,0.000,0.000,0.000,0.000
2025-11-22 15:06:56,mlx5_9,0.000,0.000,0.000,0.000
2025-11-22 15:06:56,TOTAL,0.000,0.000,1127.421,2216.942
2025-11-22 15:06:57,mlx5_0,0.000,0.000,0.000,0.000
2025-11-22 15:06:57,mlx5_1,0.000,0.000,561.462,1091.969
2025-11-22 15:06:57,mlx5_2,0.000,0.000,0.000,0.000
2025-11-22 15:06:57,mlx5_3,0.000,0.000,0.000,0.000
2025-11-22 15:06:57,mlx5_4,0.000,0.000,0.000,0.000
2025-11-22 15:06:57,mlx5_5,0.000,0.000,565.959,1124.973
2025-11-22 15:06:57,mlx5_6,0.000,0.000,0.000,0.000
2025-11-22 15:06:57,mlx5_7,0.000,0.000,0.000,0.000
2025-11-22 15:06:57,mlx5_8,0.000,0.000,0.000,0.000
2025-11-22 15:06:57,mlx5_9,0.000,0.000,0.000,0.000
2025-11-22 15:06:57,TOTAL,0.000,0.000,1127.421,2216.942
2025-11-22 15:06:58,mlx5_0,0.000,0.000,0.000,0.000
2025-11-22 15:06:58,mlx5_1,0.000,0.000,561.462,1091.969
2025-11-22 15:06:58,mlx5_2,0.000,0.000,0.000,0.000
2025-11-22 15:06:58,mlx5_3,0.000,0.000,0.000,0.000
2025-11-22 15:06:58,mlx5_4,0.000,0.000,0.000,0.000
2025-11-22 15:06:58,mlx5_5,0.000,0.000,565.959,1124.973
2025-11-22 15:06:58,mlx5_6,0.000,0.000,0.000,0.000
2025-11-22 15:06:58,mlx5_7,0.000,0.000,0.000,0.000
2025-11-22 15:06:58,mlx5_8,0.000,0.000,0.000,0.000
2025-11-22 15:06:58,mlx5_9,0.000,0.000,0.000,0.000
2025-11-22 15:06:58,TOTAL,0.000,0.000,1127.421,2216.942
2025-11-22 15:06:59,mlx5_0,0.000,0.000,0.000,0.000
2025-11-22 15:06:59,mlx5_1,18.598,0.022,563.799,1091.972
2025-11-22 15:06:59,mlx5_2,0.000,0.000,0.000,0.000
2025-11-22 15:06:59,mlx5_3,0.000,0.000,0.000,0.000
2025-11-22 15:06:59,mlx5_4,0.000,0.000,0.000,0.000
2025-11-22 15:06:59,mlx5_5,18.624,0.023,568.299,1124.976
2025-11-22 15:06:59,mlx5_6,0.000,0.000,0.000,0.000
2025-11-22 15:06:59,mlx5_7,0.000,0.000,0.000,0.000
2025-11-22 15:06:59,mlx5_8,0.000,0.000,0.000,0.000
2025-11-22 15:06:59,mlx5_9,0.000,0.000,0.000,0.000
2025-11-22 15:06:59,TOTAL,37.222,0.045,1132.097,2216.947
2025-11-22 15:07:00,mlx5_0,0.000,0.000,0.000,0.000
2025-11-22 15:07:00,mlx5_1,0.000,0.000,563.799,1091.972
2025-11-22 15:07:00,mlx5_2,0.000,0.000,0.000,0.000
2025-11-22 15:07:00,mlx5_3,0.000,0.000,0.000,0.000
2025-11-22 15:07:00,mlx5_4,0.000,0.000,0.000,0.000
2025-11-22 15:07:00,mlx5_5,0.000,0.000,568.299,1124.976
2025-11-22 15:07:00,mlx5_6,0.000,0.000,0.000,0.000
2025-11-22 15:07:00,mlx5_7,0.000,0.000,0.000,0.000
2025-11-22 15:07:00,mlx5_8,0.000,0.000,0.000,0.000
2025-11-22 15:07:00,mlx5_9,0.000,0.000,0.000,0.000
2025-11-22 15:07:00,TOTAL,0.000,0.000,1132.097,2216.947
2025-11-22 15:07:01,mlx5_0,0.000,0.000,0.000,0.000
2025-11-22 15:07:01,mlx5_1,0.000,0.000,563.799,1091.972
2025-11-22 15:07:01,mlx5_2,0.000,0.000,0.000,0.000
2025-11-22 15:07:01,mlx5_3,0.000,0.000,0.000,0.000
2025-11-22 15:07:01,mlx5_4,0.000,0.000,0.000,0.000
2025-11-22 15:07:01,mlx5_5,0.000,0.000,568.299,1124.976
2025-11-22 15:07:01,mlx5_6,0.000,0.000,0.000,0.000
2025-11-22 15:07:01,mlx5_7,0.000,0.000,0.000,0.000
2025-11-22 15:07:01,mlx5_8,0.000,0.000,0.000,0.000
2025-11-22 15:07:01,mlx5_9,0.000,0.000,0.000,0.000
2025-11-22 15:07:01,TOTAL,0.000,0.000,1132.097,2216.947
2025-11-22 15:07:02,mlx5_0,0.000,0.000,0.000,0.000
2025-11-22 15:07:02,mlx5_1,0.000,0.000,563.799,1091.972
2025-11-22 15:07:02,mlx5_2,0.000,0.000,0.000,0.000
2025-11-22 15:07:02,mlx5_3,0.000,0.000,0.000,0.000
2025-11-22 15:07:02,mlx5_4,0.000,0.000,0.000,0.000
2025-11-22 15:07:02,mlx5_5,0.000,0.000,568.299,1124.976
2025-11-22 15:07:02,mlx5_6,0.000,0.000,0.000,0.000
2025-11-22 15:07:02,mlx5_7,0.000,0.000,0.000,0.000
2025-11-22 15:07:02,mlx5_8,0.000,0.000,0.000,0.000
2025-11-22 15:07:02,mlx5_9,0.000,0.000,0.000,0.000
2025-11-22 15:07:02,TOTAL,0.000,0.000,1132.097,2216.947
2025-11-22 15:07:03,mlx5_0,0.000,0.000,0.000,0.000
2025-11-22 15:07:03,mlx5_1,18.662,35.735,566.143,1096.460
2025-11-22 15:07:03,mlx5_2,0.000,0.000,0.000,0.000
2025-11-22 15:07:03,mlx5_3,0.000,0.000,0.000,0.000
2025-11-22 15:07:03,mlx5_4,0.000,0.000,0.000,0.000
2025-11-22 15:07:03,mlx5_5,18.968,36.530,570.681,1129.564
2025-11-22 15:07:03,mlx5_6,0.000,0.000,0.000,0.000
2025-11-22 15:07:03,mlx5_7,0.000,0.000,0.000,0.000
2025-11-22 15:07:03,mlx5_8,0.000,0.000,0.000,0.000
2025-11-22 15:07:03,mlx5_9,0.000,0.000,0.000,0.000
2025-11-22 15:07:03,TOTAL,37.630,72.265,1136.824,2226.024
2025-11-22 15:07:04,mlx5_0,0.000,0.000,0.000,0.000
2025-11-22 15:07:04,mlx5_1,0.433,76.364,566.197,1106.044
2025-11-22 15:07:04,mlx5_2,0.000,0.000,0.000,0.000
2025-11-22 15:07:04,mlx5_3,0.000,0.000,0.000,0.000
2025-11-22 15:07:04,mlx5_4,0.000,0.000,0.000,0.000
2025-11-22 15:07:04,mlx5_5,0.483,78.101,570.742,1139.366
2025-11-22 15:07:04,mlx5_6,0.000,0.000,0.000,0.000
2025-11-22 15:07:04,mlx5_7,0.000,0.000,0.000,0.000
2025-11-22 15:07:04,mlx5_8,0.000,0.000,0.000,0.000
2025-11-22 15:07:04,mlx5_9,0.000,0.000,0.000,0.000
2025-11-22 15:07:04,TOTAL,0.917,154.465,1136.939,2245.411
2025-11-22 15:07:05,mlx5_0,0.000,0.000,0.000,0.000
2025-11-22 15:07:05,mlx5_1,0.000,0.000,566.197,1106.044
2025-11-22 15:07:05,mlx5_2,0.000,0.000,0.000,0.000
2025-11-22 15:07:05,mlx5_3,0.000,0.000,0.000,0.000
2025-11-22 15:07:05,mlx5_4,0.000,0.000,0.000,0.000
2025-11-22 15:07:05,mlx5_5,0.000,0.000,570.742,1139.366
2025-11-22 15:07:05,mlx5_6,0.000,0.000,0.000,0.000
2025-11-22 15:07:05,mlx5_7,0.000,0.000,0.000,0.000
2025-11-22 15:07:05,mlx5_8,0.000,0.000,0.000,0.000
2025-11-22 15:07:05,mlx5_9,0.000,0.000,0.000,0.000
2025-11-22 15:07:05,TOTAL,0.000,0.000,1136.939,2245.411
2025-11-22 15:07:06,mlx5_0,0.000,0.000,0.000,0.000
2025-11-22 15:07:06,mlx5_1,0.000,0.000,566.197,1106.044
2025-11-22 15:07:06,mlx5_2,0.000,0.000,0.000,0.000
2025-11-22 15:07:06,mlx5_3,0.000,0.000,0.000,0.000
2025-11-22 15:07:06,mlx5_4,0.000,0.000,0.000,0.000
2025-11-22 15:07:06,mlx5_5,0.000,0.000,570.742,1139.366
2025-11-22 15:07:06,mlx5_6,0.000,0.000,0.000,0.000
2025-11-22 15:07:06,mlx5_7,0.000,0.000,0.000,0.000
2025-11-22 15:07:06,mlx5_8,0.000,0.000,0.000,0.000
2025-11-22 15:07:06,mlx5_9,0.000,0.000,0.000,0.000
2025-11-22 15:07:06,TOTAL,0.000,0.000,1136.939,2245.411
2025-11-22 15:07:07,mlx5_0,0.000,0.000,0.000,0.000
2025-11-22 15:07:07,mlx5_1,0.000,0.000,566.197,1106.044
2025-11-22 15:07:07,mlx5_2,0.000,0.000,0.000,0.000
2025-11-22 15:07:07,mlx5_3,0.000,0.000,0.000,0.000
2025-11-22 15:07:07,mlx5_4,0.000,0.000,0.000,0.000
2025-11-22 15:07:07,mlx5_5,0.000,0.000,570.742,1139.366
2025-11-22 15:07:07,mlx5_6,0.000,0.000,0.000,0.000
2025-11-22 15:07:07,mlx5_7,0.000,0.000,0.000,0.000
2025-11-22 15:07:07,mlx5_8,0.000,0.000,0.000,0.000
2025-11-22 15:07:07,mlx5_9,0.000,0.000,0.000,0.000
2025-11-22 15:07:07,TOTAL,0.000,0.000,1136.939,2245.411
2025-11-22 15:07:09,mlx5_0,0.000,0.000,0.000,0.000
2025-11-22 15:07:09,mlx5_1,18.931,0.024,568.575,1106.047
2025-11-22 15:07:09,mlx5_2,0.000,0.000,0.000,0.000
2025-11-22 15:07:09,mlx5_3,0.000,0.000,0.000,0.000
2025-11-22 15:07:09,mlx5_4,0.000,0.000,0.000,0.000
2025-11-22 15:07:09,mlx5_5,19.018,0.024,573.131,1139.369
2025-11-22 15:07:09,mlx5_6,0.000,0.000,0.000,0.000
2025-11-22 15:07:09,mlx5_7,0.000,0.000,0.000,0.000
2025-11-22 15:07:09,mlx5_8,0.000,0.000,0.000,0.000
2025-11-22 15:07:09,mlx5_9,0.000,0.000,0.000,0.000
2025-11-22 15:07:09,TOTAL,37.949,0.047,1141.706,2245.417
2025-11-22 15:07:10,mlx5_0,0.000,0.000,0.000,0.000
2025-11-22 15:07:10,mlx5_1,0.000,0.000,568.575,1106.047
2025-11-22 15:07:10,mlx5_2,0.000,0.000,0.000,0.000
2025-11-22 15:07:10,mlx5_3,0.000,0.000,0.000,0.000
2025-11-22 15:07:10,mlx5_4,0.000,0.000,0.000,0.000
2025-11-22 15:07:10,mlx5_5,0.000,0.000,573.131,1139.369
2025-11-22 15:07:10,mlx5_6,0.000,0.000,0.000,0.000
2025-11-22 15:07:10,mlx5_7,0.000,0.000,0.000,0.000
2025-11-22 15:07:10,mlx5_8,0.000,0.000,0.000,0.000
2025-11-22 15:07:10,mlx5_9,0.000,0.000,0.000,0.000
2025-11-22 15:07:10,TOTAL,0.000,0.000,1141.706,2245.417
2025-11-22 15:07:11,mlx5_0,0.000,0.000,0.000,0.000
2025-11-22 15:07:11,mlx5_1,0.000,0.000,568.575,1106.047
2025-11-22 15:07:11,mlx5_2,0.000,0.000,0.000,0.000
2025-11-22 15:07:11,mlx5_3,0.000,0.000,0.000,0.000
2025-11-22 15:07:11,mlx5_4,0.000,0.000,0.000,0.000
2025-11-22 15:07:11,mlx5_5,0.000,0.000,573.131,1139.369
2025-11-22 15:07:11,mlx5_6,0.000,0.000,0.000,0.000
2025-11-22 15:07:11,mlx5_7,0.000,0.000,0.000,0.000
2025-11-22 15:07:11,mlx5_8,0.000,0.000,0.000,0.000
2025-11-22 15:07:11,mlx5_9,0.000,0.000,0.000,0.000
2025-11-22 15:07:11,TOTAL,0.000,0.000,1141.706,2245.417
2025-11-22 15:07:12,mlx5_0,0.000,0.000,0.000,0.000
2025-11-22 15:07:12,mlx5_1,18.526,0.023,570.903,1106.050
2025-11-22 15:07:12,mlx5_2,0.000,0.000,0.000,0.000
2025-11-22 15:07:12,mlx5_3,0.000,0.000,0.000,0.000
2025-11-22 15:07:12,mlx5_4,0.000,0.000,0.000,0.000
2025-11-22 15:07:12,mlx5_5,18.695,0.023,575.480,1139.372
2025-11-22 15:07:12,mlx5_6,0.000,0.000,0.000,0.000
2025-11-22 15:07:12,mlx5_7,0.000,0.000,0.000,0.000
2025-11-22 15:07:12,mlx5_8,0.000,0.000,0.000,0.000
2025-11-22 15:07:12,mlx5_9,0.000,0.000,0.000,0.000
2025-11-22 15:07:12,TOTAL,37.221,0.046,1146.382,2245.423
2025-11-22 15:07:13,mlx5_0,0.000,0.000,0.000,0.000
2025-11-22 15:07:13,mlx5_1,0.000,0.000,570.903,1106.050
2025-11-22 15:07:13,mlx5_2,0.000,0.000,0.000,0.000
2025-11-22 15:07:13,mlx5_3,0.000,0.000,0.000,0.000
2025-11-22 15:07:13,mlx5_4,0.000,0.000,0.000,0.000
2025-11-22 15:07:13,mlx5_5,0.000,0.000,575.480,1139.372
2025-11-22 15:07:13,mlx5_6,0.000,0.000,0.000,0.000
2025-11-22 15:07:13,mlx5_7,0.000,0.000,0.000,0.000
2025-11-22 15:07:13,mlx5_8,0.000,0.000,0.000,0.000
2025-11-22 15:07:13,mlx5_9,0.000,0.000,0.000,0.000
2025-11-22 15:07:13,TOTAL,0.000,0.000,1146.382,2245.423
2025-11-22 15:07:14,mlx5_0,0.000,0.000,0.000,0.000
2025-11-22 15:07:14,mlx5_1,0.000,0.000,570.903,1106.050
2025-11-22 15:07:14,mlx5_2,0.000,0.000,0.000,0.000
2025-11-22 15:07:14,mlx5_3,0.000,0.000,0.000,0.000
2025-11-22 15:07:14,mlx5_4,0.000,0.000,0.000,0.000
2025-11-22 15:07:14,mlx5_5,0.000,0.000,575.480,1139.372
2025-11-22 15:07:14,mlx5_6,0.000,0.000,0.000,0.000
2025-11-22 15:07:14,mlx5_7,0.000,0.000,0.000,0.000
2025-11-22 15:07:14,mlx5_8,0.000,0.000,0.000,0.000
2025-11-22 15:07:14,mlx5_9,0.000,0.000,0.000,0.000
2025-11-22 15:07:14,TOTAL,0.000,0.000,1146.382,2245.423
2025-11-22 15:07:15,mlx5_0,0.000,0.000,0.000,0.000
2025-11-22 15:07:15,mlx5_1,0.000,0.000,570.903,1106.050
2025-11-22 15:07:15,mlx5_2,0.000,0.000,0.000,0.000
2025-11-22 15:07:15,mlx5_3,0.000,0.000,0.000,0.000
2025-11-22 15:07:15,mlx5_4,0.000,0.000,0.000,0.000
2025-11-22 15:07:15,mlx5_5,0.000,0.000,575.480,1139.372
2025-11-22 15:07:15,mlx5_6,0.000,0.000,0.000,0.000
2025-11-22 15:07:15,mlx5_7,0.000,0.000,0.000,0.000
2025-11-22 15:07:15,mlx5_8,0.000,0.000,0.000,0.000
2025-11-22 15:07:15,mlx5_9,0.000,0.000,0.000,0.000
2025-11-22 15:07:15,TOTAL,0.000,0.000,1146.382,2245.423
2025-11-22 15:07:16,mlx5_0,0.000,0.000,0.000,0.000
2025-11-22 15:07:16,mlx5_1,18.705,0.023,573.252,1106.053
2025-11-22 15:07:16,mlx5_2,0.000,0.000,0.000,0.000
2025-11-22 15:07:16,mlx5_3,0.000,0.000,0.000,0.000
2025-11-22 15:07:16,mlx5_4,0.000,0.000,0.000,0.000
2025-11-22 15:07:16,mlx5_5,18.527,0.023,577.807,1139.375
2025-11-22 15:07:16,mlx5_6,0.000,0.000,0.000,0.000
2025-11-22 15:07:16,mlx5_7,0.000,0.000,0.000,0.000
2025-11-22 15:07:16,mlx5_8,0.000,0.000,0.000,0.000
2025-11-22 15:07:16,mlx5_9,0.000,0.000,0.000,0.000
2025-11-22 15:07:16,TOTAL,37.233,0.046,1151.058,2245.428
2025-11-22 15:07:17,mlx5_0,0.000,0.000,0.000,0.000
2025-11-22 15:07:17,mlx5_1,0.000,0.000,573.252,1106.053
2025-11-22 15:07:17,mlx5_2,0.000,0.000,0.000,0.000
2025-11-22 15:07:17,mlx5_3,0.000,0.000,0.000,0.000
2025-11-22 15:07:17,mlx5_4,0.000,0.000,0.000,0.000
2025-11-22 15:07:17,mlx5_5,0.000,0.000,577.807,1139.375
2025-11-22 15:07:17,mlx5_6,0.000,0.000,0.000,0.000
2025-11-22 15:07:17,mlx5_7,0.000,0.000,0.000,0.000
2025-11-22 15:07:17,mlx5_8,0.000,0.000,0.000,0.000
2025-11-22 15:07:17,mlx5_9,0.000,0.000,0.000,0.000
2025-11-22 15:07:17,TOTAL,0.000,0.000,1151.058,2245.428
2025-11-22 15:07:18,mlx5_0,0.000,0.000,0.000,0.000
2025-11-22 15:07:18,mlx5_1,0.000,0.000,573.252,1106.053
2025-11-22 15:07:18,mlx5_2,0.000,0.000,0.000,0.000
2025-11-22 15:07:18,mlx5_3,0.000,0.000,0.000,0.000
2025-11-22 15:07:18,mlx5_4,0.000,0.000,0.000,0.000
2025-11-22 15:07:18,mlx5_5,0.000,0.000,577.807,1139.375
2025-11-22 15:07:18,mlx5_6,0.000,0.000,0.000,0.000
2025-11-22 15:07:18,mlx5_7,0.000,0.000,0.000,0.000
2025-11-22 15:07:18,mlx5_8,0.000,0.000,0.000,0.000
2025-11-22 15:07:18,mlx5_9,0.000,0.000,0.000,0.000
2025-11-22 15:07:18,TOTAL,0.000,0.000,1151.058,2245.428
2025-11-22 15:07:19,mlx5_0,0.000,0.000,0.000,0.000
2025-11-22 15:07:19,mlx5_1,0.000,0.000,573.252,1106.053
2025-11-22 15:07:19,mlx5_2,0.000,0.000,0.000,0.000
2025-11-22 15:07:19,mlx5_3,0.000,0.000,0.000,0.000
2025-11-22 15:07:19,mlx5_4,0.000,0.000,0.000,0.000
2025-11-22 15:07:19,mlx5_5,0.000,0.000,577.807,1139.375
2025-11-22 15:07:19,mlx5_6,0.000,0.000,0.000,0.000
2025-11-22 15:07:19,mlx5_7,0.000,0.000,0.000,0.000
2025-11-22 15:07:19,mlx5_8,0.000,0.000,0.000,0.000
2025-11-22 15:07:19,mlx5_9,0.000,0.000,0.000,0.000
2025-11-22 15:07:19,TOTAL,0.000,0.000,1151.058,2245.428
2025-11-22 15:07:20,mlx5_0,0.000,0.000,0.000,0.000
2025-11-22 15:07:20,mlx5_1,18.723,0.022,575.604,1106.056
2025-11-22 15:07:20,mlx5_2,0.000,0.000,0.000,0.000
2025-11-22 15:07:20,mlx5_3,0.000,0.000,0.000,0.000
2025-11-22 15:07:20,mlx5_4,0.000,0.000,0.000,0.000
2025-11-22 15:07:20,mlx5_5,18.503,0.023,580.131,1139.378
2025-11-22 15:07:20,mlx5_6,0.000,0.000,0.000,0.000
2025-11-22 15:07:20,mlx5_7,0.000,0.000,0.000,0.000
2025-11-22 15:07:20,mlx5_8,0.000,0.000,0.000,0.000
2025-11-22 15:07:20,mlx5_9,0.000,0.000,0.000,0.000
2025-11-22 15:07:20,TOTAL,37.226,0.045,1155.735,2245.434
2025-11-22 15:07:21,mlx5_0,0.000,0.000,0.000,0.000
2025-11-22 15:07:21,mlx5_1,0.000,0.000,575.604,1106.056
2025-11-22 15:07:21,mlx5_2,0.000,0.000,0.000,0.000
2025-11-22 15:07:21,mlx5_3,0.000,0.000,0.000,0.000
2025-11-22 15:07:21,mlx5_4,0.000,0.000,0.000,0.000
2025-11-22 15:07:21,mlx5_5,0.000,0.000,580.131,1139.378
2025-11-22 15:07:21,mlx5_6,0.000,0.000,0.000,0.000
2025-11-22 15:07:21,mlx5_7,0.000,0.000,0.000,0.000
2025-11-22 15:07:21,mlx5_8,0.000,0.000,0.000,0.000
2025-11-22 15:07:21,mlx5_9,0.000,0.000,0.000,0.000
2025-11-22 15:07:21,TOTAL,0.000,0.000,1155.735,2245.434
2025-11-22 15:07:22,mlx5_0,0.000,0.000,0.000,0.000
2025-11-22 15:07:22,mlx5_1,0.000,0.000,575.604,1106.056
2025-11-22 15:07:22,mlx5_2,0.000,0.000,0.000,0.000
2025-11-22 15:07:22,mlx5_3,0.000,0.000,0.000,0.000
2025-11-22 15:07:22,mlx5_4,0.000,0.000,0.000,0.000
2025-11-22 15:07:22,mlx5_5,0.000,0.000,580.131,1139.378
2025-11-22 15:07:22,mlx5_6,0.000,0.000,0.000,0.000
2025-11-22 15:07:22,mlx5_7,0.000,0.000,0.000,0.000
2025-11-22 15:07:22,mlx5_8,0.000,0.000,0.000,0.000
2025-11-22 15:07:22,mlx5_9,0.000,0.000,0.000,0.000
2025-11-22 15:07:22,TOTAL,0.000,0.000,1155.735,2245.434
2025-11-22 15:07:23,mlx5_0,0.000,0.000,0.000,0.000
2025-11-22 15:07:23,mlx5_1,0.000,0.000,575.604,1106.056
2025-11-22 15:07:23,mlx5_2,0.000,0.000,0.000,0.000
2025-11-22 15:07:23,mlx5_3,0.000,0.000,0.000,0.000
2025-11-22 15:07:23,mlx5_4,0.000,0.000,0.000,0.000
2025-11-22 15:07:23,mlx5_5,0.000,0.000,580.131,1139.378
2025-11-22 15:07:23,mlx5_6,0.000,0.000,0.000,0.000
2025-11-22 15:07:23,mlx5_7,0.000,0.000,0.000,0.000
2025-11-22 15:07:23,mlx5_8,0.000,0.000,0.000,0.000
2025-11-22 15:07:23,mlx5_9,0.000,0.000,0.000,0.000
2025-11-22 15:07:23,TOTAL,0.000,0.000,1155.735,2245.434
2025-11-22 15:07:24,mlx5_0,0.000,0.000,0.000,0.000
2025-11-22 15:07:24,mlx5_1,18.452,0.022,577.921,1106.059
2025-11-22 15:07:24,mlx5_2,0.000,0.000,0.000,0.000
2025-11-22 15:07:24,mlx5_3,0.000,0.000,0.000,0.000
2025-11-22 15:07:24,mlx5_4,0.000,0.000,0.000,0.000
2025-11-22 15:07:24,mlx5_5,18.778,0.023,582.489,1139.381
2025-11-22 15:07:24,mlx5_6,0.000,0.000,0.000,0.000
2025-11-22 15:07:24,mlx5_7,0.000,0.000,0.000,0.000
2025-11-22 15:07:24,mlx5_8,0.000,0.000,0.000,0.000
2025-11-22 15:07:24,mlx5_9,0.000,0.000,0.000,0.000
2025-11-22 15:07:24,TOTAL,37.229,0.045,1160.411,2245.440
2025-11-22 15:07:25,mlx5_0,0.000,0.000,0.000,0.000
2025-11-22 15:07:25,mlx5_1,0.000,0.000,577.921,1106.059
2025-11-22 15:07:25,mlx5_2,0.000,0.000,0.000,0.000
2025-11-22 15:07:25,mlx5_3,0.000,0.000,0.000,0.000
2025-11-22 15:07:25,mlx5_4,0.000,0.000,0.000,0.000
2025-11-22 15:07:25,mlx5_5,0.000,0.000,582.489,1139.381
2025-11-22 15:07:25,mlx5_6,0.000,0.000,0.000,0.000
2025-11-22 15:07:25,mlx5_7,0.000,0.000,0.000,0.000
2025-11-22 15:07:25,mlx5_8,0.000,0.000,0.000,0.000
2025-11-22 15:07:25,mlx5_9,0.000,0.000,0.000,0.000
2025-11-22 15:07:25,TOTAL,0.000,0.000,1160.411,2245.440
2025-11-22 15:07:26,mlx5_0,0.000,0.000,0.000,0.000
2025-11-22 15:07:26,mlx5_1,0.000,0.000,577.921,1106.059
2025-11-22 15:07:26,mlx5_2,0.000,0.000,0.000,0.000
2025-11-22 15:07:26,mlx5_3,0.000,0.000,0.000,0.000
2025-11-22 15:07:26,mlx5_4,0.000,0.000,0.000,0.000
2025-11-22 15:07:26,mlx5_5,0.000,0.000,582.489,1139.381
2025-11-22 15:07:26,mlx5_6,0.000,0.000,0.000,0.000
2025-11-22 15:07:26,mlx5_7,0.000,0.000,0.000,0.000
2025-11-22 15:07:26,mlx5_8,0.000,0.000,0.000,0.000
2025-11-22 15:07:26,mlx5_9,0.000,0.000,0.000,0.000
2025-11-22 15:07:26,TOTAL,0.000,0.000,1160.411,2245.440
2025-11-22 15:07:27,mlx5_0,0.000,0.000,0.000,0.000
2025-11-22 15:07:27,mlx5_1,0.000,0.000,577.921,1106.059
2025-11-22 15:07:27,mlx5_2,0.000,0.000,0.000,0.000
2025-11-22 15:07:27,mlx5_3,0.000,0.000,0.000,0.000
2025-11-22 15:07:27,mlx5_4,0.000,0.000,0.000,0.000
2025-11-22 15:07:27,mlx5_5,0.000,0.000,582.489,1139.381
2025-11-22 15:07:27,mlx5_6,0.000,0.000,0.000,0.000
2025-11-22 15:07:27,mlx5_7,0.000,0.000,0.000,0.000
2025-11-22 15:07:27,mlx5_8,0.000,0.000,0.000,0.000
2025-11-22 15:07:27,mlx5_9,0.000,0.000,0.000,0.000
2025-11-22 15:07:27,TOTAL,0.000,0.000,1160.411,2245.440
2025-11-22 15:07:28,mlx5_0,0.000,0.000,0.000,0.000
2025-11-22 15:07:28,mlx5_1,18.647,0.022,580.262,1106.062
2025-11-22 15:07:28,mlx5_2,0.000,0.000,0.000,0.000
2025-11-22 15:07:28,mlx5_3,0.000,0.000,0.000,0.000
2025-11-22 15:07:28,mlx5_4,0.000,0.000,0.000,0.000
2025-11-22 15:07:28,mlx5_5,18.610,0.022,584.825,1139.384
2025-11-22 15:07:28,mlx5_6,0.000,0.000,0.000,0.000
2025-11-22 15:07:28,mlx5_7,0.000,0.000,0.000,0.000
2025-11-22 15:07:28,mlx5_8,0.000,0.000,0.000,0.000
2025-11-22 15:07:28,mlx5_9,0.000,0.000,0.000,0.000
2025-11-22 15:07:28,TOTAL,37.258,0.045,1165.086,2245.445
2025-11-22 15:07:29,mlx5_0,0.000,0.000,0.000,0.000
2025-11-22 15:07:29,mlx5_1,0.000,0.000,580.262,1106.062
2025-11-22 15:07:29,mlx5_2,0.000,0.000,0.000,0.000
2025-11-22 15:07:29,mlx5_3,0.000,0.000,0.000,0.000
2025-11-22 15:07:29,mlx5_4,0.000,0.000,0.000,0.000
2025-11-22 15:07:29,mlx5_5,0.000,0.000,584.825,1139.384
2025-11-22 15:07:29,mlx5_6,0.000,0.000,0.000,0.000
2025-11-22 15:07:29,mlx5_7,0.000,0.000,0.000,0.000
2025-11-22 15:07:29,mlx5_8,0.000,0.000,0.000,0.000
2025-11-22 15:07:29,mlx5_9,0.000,0.000,0.000,0.000
2025-11-22 15:07:29,TOTAL,0.001,0.000,1165.087,2245.445
2025-11-22 15:07:30,mlx5_0,0.000,0.000,0.000,0.000
2025-11-22 15:07:30,mlx5_1,0.000,0.000,580.262,1106.062
2025-11-22 15:07:30,mlx5_2,0.000,0.000,0.000,0.000
2025-11-22 15:07:30,mlx5_3,0.000,0.000,0.000,0.000
2025-11-22 15:07:30,mlx5_4,0.000,0.000,0.000,0.000
2025-11-22 15:07:30,mlx5_5,0.000,0.000,584.825,1139.384
2025-11-22 15:07:30,mlx5_6,0.000,0.000,0.000,0.000
2025-11-22 15:07:30,mlx5_7,0.000,0.000,0.000,0.000
2025-11-22 15:07:30,mlx5_8,0.000,0.000,0.000,0.000
2025-11-22 15:07:30,mlx5_9,0.000,0.000,0.000,0.000
2025-11-22 15:07:30,TOTAL,0.000,0.000,1165.087,2245.445
2025-11-22 15:07:31,mlx5_0,0.000,0.000,0.000,0.000
2025-11-22 15:07:31,mlx5_1,0.000,0.000,580.262,1106.062
2025-11-22 15:07:31,mlx5_2,0.000,0.000,0.000,0.000
2025-11-22 15:07:31,mlx5_3,0.000,0.000,0.000,0.000
2025-11-22 15:07:31,mlx5_4,0.000,0.000,0.000,0.000
2025-11-22 15:07:31,mlx5_5,0.000,0.000,584.825,1139.384
2025-11-22 15:07:31,mlx5_6,0.000,0.000,0.000,0.000
2025-11-22 15:07:31,mlx5_7,0.000,0.000,0.000,0.000
2025-11-22 15:07:31,mlx5_8,0.000,0.000,0.000,0.000
2025-11-22 15:07:31,mlx5_9,0.000,0.000,0.000,0.000
2025-11-22 15:07:31,TOTAL,0.000,0.000,1165.087,2245.445
2025-11-22 15:07:32,mlx5_0,0.000,0.000,0.000,0.000
2025-11-22 15:07:32,mlx5_1,14.334,0.017,582.062,1106.064
2025-11-22 15:07:32,mlx5_2,0.000,0.000,0.000,0.000
2025-11-22 15:07:32,mlx5_3,0.000,0.000,0.000,0.000
2025-11-22 15:07:32,mlx5_4,0.000,0.000,0.000,0.000
2025-11-22 15:07:32,mlx5_5,14.313,0.018,586.623,1139.386
2025-11-22 15:07:32,mlx5_6,0.000,0.000,0.000,0.000
2025-11-22 15:07:32,mlx5_7,0.000,0.000,0.000,0.000
2025-11-22 15:07:32,mlx5_8,0.000,0.000,0.000,0.000
2025-11-22 15:07:32,mlx5_9,0.000,0.000,0.000,0.000
2025-11-22 15:07:32,TOTAL,28.647,0.035,1168.685,2245.450
2025-11-22 15:07:33,mlx5_0,0.000,0.000,0.000,0.000
2025-11-22 15:07:33,mlx5_1,0.000,0.000,582.062,1106.064
2025-11-22 15:07:33,mlx5_2,0.000,0.000,0.000,0.000
2025-11-22 15:07:33,mlx5_3,0.000,0.000,0.000,0.000
2025-11-22 15:07:33,mlx5_4,0.000,0.000,0.000,0.000
2025-11-22 15:07:33,mlx5_5,0.000,0.000,586.623,1139.386
2025-11-22 15:07:33,mlx5_6,0.000,0.000,0.000,0.000
2025-11-22 15:07:33,mlx5_7,0.000,0.000,0.000,0.000
2025-11-22 15:07:33,mlx5_8,0.000,0.000,0.000,0.000
2025-11-22 15:07:33,mlx5_9,0.000,0.000,0.000,0.000
2025-11-22 15:07:33,TOTAL,0.000,0.000,1168.685,2245.450
2025-11-22 15:07:34,mlx5_0,0.000,0.000,0.000,0.000
2025-11-22 15:07:34,mlx5_1,0.000,0.000,582.062,1106.064
2025-11-22 15:07:34,mlx5_2,0.000,0.000,0.000,0.000
2025-11-22 15:07:34,mlx5_3,0.000,0.000,0.000,0.000
2025-11-22 15:07:34,mlx5_4,0.000,0.000,0.000,0.000
2025-11-22 15:07:34,mlx5_5,0.000,0.000,586.623,1139.386
2025-11-22 15:07:34,mlx5_6,0.000,0.000,0.000,0.000
2025-11-22 15:07:34,mlx5_7,0.000,0.000,0.000,0.000
2025-11-22 15:07:34,mlx5_8,0.000,0.000,0.000,0.000
2025-11-22 15:07:34,mlx5_9,0.000,0.000,0.000,0.000
2025-11-22 15:07:34,TOTAL,0.000,0.000,1168.685,2245.450
2025-11-22 15:07:35,mlx5_0,0.000,0.000,0.000,0.000
2025-11-22 15:07:35,mlx5_1,0.000,0.000,582.062,1106.064
2025-11-22 15:07:35,mlx5_2,0.000,0.000,0.000,0.000
2025-11-22 15:07:35,mlx5_3,0.000,0.000,0.000,0.000
2025-11-22 15:07:35,mlx5_4,0.000,0.000,0.000,0.000
2025-11-22 15:07:35,mlx5_5,0.000,0.000,586.623,1139.386
2025-11-22 15:07:35,mlx5_6,0.000,0.000,0.000,0.000
2025-11-22 15:07:35,mlx5_7,0.000,0.000,0.000,0.000
2025-11-22 15:07:35,mlx5_8,0.000,0.000,0.000,0.000
2025-11-22 15:07:35,mlx5_9,0.000,0.000,0.000,0.000
2025-11-22 15:07:35,TOTAL,0.000,0.000,1168.685,2245.450
2025-11-22 15:07:36,mlx5_0,0.000,0.000,0.000,0.000
2025-11-22 15:07:36,mlx5_1,0.000,0.000,582.062,1106.064
2025-11-22 15:07:36,mlx5_2,0.000,0.000,0.000,0.000
2025-11-22 15:07:36,mlx5_3,0.000,0.000,0.000,0.000
2025-11-22 15:07:36,mlx5_4,0.000,0.000,0.000,0.000
2025-11-22 15:07:36,mlx5_5,0.000,0.000,586.623,1139.386
2025-11-22 15:07:36,mlx5_6,0.000,0.000,0.000,0.000
2025-11-22 15:07:36,mlx5_7,0.000,0.000,0.000,0.000
2025-11-22 15:07:36,mlx5_8,0.000,0.000,0.000,0.000
2025-11-22 15:07:36,mlx5_9,0.000,0.000,0.000,0.000
2025-11-22 15:07:36,TOTAL,0.000,0.000,1168.685,2245.450
2025-11-22 15:07:37,mlx5_0,0.000,0.000,0.000,0.000
2025-11-22 15:07:37,mlx5_1,0.000,0.000,582.062,1106.064
2025-11-22 15:07:37,mlx5_2,0.000,0.000,0.000,0.000
2025-11-22 15:07:37,mlx5_3,0.000,0.000,0.000,0.000
2025-11-22 15:07:37,mlx5_4,0.000,0.000,0.000,0.000
2025-11-22 15:07:37,mlx5_5,0.000,0.000,586.623,1139.386
2025-11-22 15:07:37,mlx5_6,0.000,0.000,0.000,0.000
2025-11-22 15:07:37,mlx5_7,0.000,0.000,0.000,0.000
2025-11-22 15:07:37,mlx5_8,0.000,0.000,0.000,0.000
2025-11-22 15:07:37,mlx5_9,0.000,0.000,0.000,0.000
2025-11-22 15:07:37,TOTAL,0.000,0.000,1168.685,2245.450
2025-11-22 15:07:38,mlx5_0,0.000,0.000,0.000,0.000
2025-11-22 15:07:38,mlx5_1,0.000,0.000,582.062,1106.064
2025-11-22 15:07:38,mlx5_2,0.000,0.000,0.000,0.000
2025-11-22 15:07:38,mlx5_3,0.000,0.000,0.000,0.000
2025-11-22 15:07:38,mlx5_4,0.000,0.000,0.000,0.000
2025-11-22 15:07:38,mlx5_5,0.000,0.000,586.623,1139.386
2025-11-22 15:07:38,mlx5_6,0.000,0.000,0.000,0.000
2025-11-22 15:07:38,mlx5_7,0.000,0.000,0.000,0.000
2025-11-22 15:07:38,mlx5_8,0.000,0.000,0.000,0.000
2025-11-22 15:07:38,mlx5_9,0.000,0.000,0.000,0.000
2025-11-22 15:07:38,TOTAL,0.000,0.000,1168.685,2245.450
2025-11-22 15:07:39,mlx5_0,0.000,0.000,0.000,0.000
2025-11-22 15:07:39,mlx5_1,0.000,0.000,582.062,1106.064
2025-11-22 15:07:39,mlx5_2,0.000,0.000,0.000,0.000
2025-11-22 15:07:39,mlx5_3,0.000,0.000,0.000,0.000
2025-11-22 15:07:39,mlx5_4,0.000,0.000,0.000,0.000
2025-11-22 15:07:39,mlx5_5,0.000,0.000,586.623,1139.386
2025-11-22 15:07:39,mlx5_6,0.000,0.000,0.000,0.000
2025-11-22 15:07:39,mlx5_7,0.000,0.000,0.000,0.000
2025-11-22 15:07:39,mlx5_8,0.000,0.000,0.000,0.000
2025-11-22 15:07:39,mlx5_9,0.000,0.000,0.000,0.000
2025-11-22 15:07:39,TOTAL,0.000,0.000,1168.685,2245.450
2025-11-22 15:07:40,mlx5_0,0.000,0.000,0.000,0.000
2025-11-22 15:07:40,mlx5_1,0.000,0.000,582.062,1106.064
2025-11-22 15:07:40,mlx5_2,0.000,0.000,0.000,0.000
2025-11-22 15:07:40,mlx5_3,0.000,0.000,0.000,0.000
2025-11-22 15:07:40,mlx5_4,0.000,0.000,0.000,0.000
2025-11-22 15:07:40,mlx5_5,0.000,0.000,586.623,1139.386
2025-11-22 15:07:40,mlx5_6,0.000,0.000,0.000,0.000
2025-11-22 15:07:40,mlx5_7,0.000,0.000,0.000,0.000
2025-11-22 15:07:40,mlx5_8,0.000,0.000,0.000,0.000
2025-11-22 15:07:40,mlx5_9,0.000,0.000,0.000,0.000
2025-11-22 15:07:40,TOTAL,0.000,0.000,1168.685,2245.450
2025-11-22 15:07:41,mlx5_0,0.000,0.000,0.000,0.000
2025-11-22 15:07:41,mlx5_1,0.000,0.000,582.062,1106.064
2025-11-22 15:07:41,mlx5_2,0.000,0.000,0.000,0.000
2025-11-22 15:07:41,mlx5_3,0.000,0.000,0.000,0.000
2025-11-22 15:07:41,mlx5_4,0.000,0.000,0.000,0.000
2025-11-22 15:07:41,mlx5_5,0.000,0.000,586.623,1139.386
2025-11-22 15:07:41,mlx5_6,0.000,0.000,0.000,0.000
2025-11-22 15:07:41,mlx5_7,0.000,0.000,0.000,0.000
2025-11-22 15:07:41,mlx5_8,0.000,0.000,0.000,0.000
2025-11-22 15:07:41,mlx5_9,0.000,0.000,0.000,0.000
2025-11-22 15:07:41,TOTAL,0.000,0.000,1168.685,2245.450
2025-11-22 15:07:42,mlx5_0,0.000,0.000,0.000,0.000
2025-11-22 15:07:42,mlx5_1,0.000,0.000,582.062,1106.064
2025-11-22 15:07:42,mlx5_2,0.000,0.000,0.000,0.000
2025-11-22 15:07:42,mlx5_3,0.000,0.000,0.000,0.000
2025-11-22 15:07:42,mlx5_4,0.000,0.000,0.000,0.000
2025-11-22 15:07:42,mlx5_5,0.000,0.000,586.623,1139.386
2025-11-22 15:07:42,mlx5_6,0.000,0.000,0.000,0.000
2025-11-22 15:07:42,mlx5_7,0.000,0.000,0.000,0.000
2025-11-22 15:07:42,mlx5_8,0.000,0.000,0.000,0.000
2025-11-22 15:07:42,mlx5_9,0.000,0.000,0.000,0.000
2025-11-22 15:07:42,TOTAL,0.000,0.000,1168.685,2245.450
2025-11-22 15:07:43,mlx5_0,0.000,0.000,0.000,0.000
2025-11-22 15:07:43,mlx5_1,0.000,0.000,582.062,1106.064
2025-11-22 15:07:43,mlx5_2,0.000,0.000,0.000,0.000
2025-11-22 15:07:43,mlx5_3,0.000,0.000,0.000,0.000
2025-11-22 15:07:43,mlx5_4,0.000,0.000,0.000,0.000
2025-11-22 15:07:43,mlx5_5,0.000,0.000,586.623,1139.386
2025-11-22 15:07:43,mlx5_6,0.000,0.000,0.000,0.000
2025-11-22 15:07:43,mlx5_7,0.000,0.000,0.000,0.000
2025-11-22 15:07:43,mlx5_8,0.000,0.000,0.000,0.000
2025-11-22 15:07:43,mlx5_9,0.000,0.000,0.000,0.000
2025-11-22 15:07:43,TOTAL,0.000,0.000,1168.685,2245.450
2025-11-22 15:07:44,mlx5_0,0.000,0.000,0.000,0.000
2025-11-22 15:07:44,mlx5_1,0.000,0.000,582.062,1106.064
2025-11-22 15:07:44,mlx5_2,0.000,0.000,0.000,0.000
2025-11-22 15:07:44,mlx5_3,0.000,0.000,0.000,0.000
2025-11-22 15:07:44,mlx5_4,0.000,0.000,0.000,0.000
2025-11-22 15:07:44,mlx5_5,0.000,0.000,586.623,1139.386
2025-11-22 15:07:44,mlx5_6,0.000,0.000,0.000,0.000
2025-11-22 15:07:44,mlx5_7,0.000,0.000,0.000,0.000
2025-11-22 15:07:44,mlx5_8,0.000,0.000,0.000,0.000
2025-11-22 15:07:44,mlx5_9,0.000,0.000,0.000,0.000
2025-11-22 15:07:44,TOTAL,0.000,0.000,1168.685,2245.450
2025-11-22 15:07:45,mlx5_0,0.000,0.000,0.000,0.000
2025-11-22 15:07:45,mlx5_1,0.000,0.000,582.062,1106.064
2025-11-22 15:07:45,mlx5_2,0.000,0.000,0.000,0.000
2025-11-22 15:07:45,mlx5_3,0.000,0.000,0.000,0.000
2025-11-22 15:07:45,mlx5_4,0.000,0.000,0.000,0.000
2025-11-22 15:07:45,mlx5_5,0.000,0.000,586.623,1139.386
2025-11-22 15:07:45,mlx5_6,0.000,0.000,0.000,0.000
2025-11-22 15:07:45,mlx5_7,0.000,0.000,0.000,0.000
2025-11-22 15:07:45,mlx5_8,0.000,0.000,0.000,0.000
2025-11-22 15:07:45,mlx5_9,0.000,0.000,0.000,0.000
2025-11-22 15:07:45,TOTAL,0.000,0.000,1168.685,2245.450
2025-11-22 15:07:46,mlx5_0,0.000,0.000,0.000,0.000
2025-11-22 15:07:46,mlx5_1,0.000,0.000,582.062,1106.064
2025-11-22 15:07:46,mlx5_2,0.000,0.000,0.000,0.000
2025-11-22 15:07:46,mlx5_3,0.000,0.000,0.000,0.000
2025-11-22 15:07:46,mlx5_4,0.000,0.000,0.000,0.000
2025-11-22 15:07:46,mlx5_5,0.000,0.000,586.623,1139.386
2025-11-22 15:07:46,mlx5_6,0.000,0.000,0.000,0.000
2025-11-22 15:07:46,mlx5_7,0.000,0.000,0.000,0.000
2025-11-22 15:07:46,mlx5_8,0.000,0.000,0.000,0.000
2025-11-22 15:07:46,mlx5_9,0.000,0.000,0.000,0.000
2025-11-22 15:07:46,TOTAL,0.000,0.000,1168.685,2245.450
2025-11-22 15:07:47,mlx5_0,0.000,0.000,0.000,0.000
2025-11-22 15:07:47,mlx5_1,0.000,0.000,582.062,1106.064
2025-11-22 15:07:47,mlx5_2,0.000,0.000,0.000,0.000
2025-11-22 15:07:47,mlx5_3,0.000,0.000,0.000,0.000
2025-11-22 15:07:47,mlx5_4,0.000,0.000,0.000,0.000
2025-11-22 15:07:47,mlx5_5,0.000,0.000,586.623,1139.386
2025-11-22 15:07:47,mlx5_6,0.000,0.000,0.000,0.000
2025-11-22 15:07:47,mlx5_7,0.000,0.000,0.000,0.000
2025-11-22 15:07:47,mlx5_8,0.000,0.000,0.000,0.000
2025-11-22 15:07:47,mlx5_9,0.000,0.000,0.000,0.000
2025-11-22 15:07:47,TOTAL,0.000,0.000,1168.685,2245.450
2025-11-22 15:07:48,mlx5_0,0.000,0.000,0.000,0.000
2025-11-22 15:07:48,mlx5_1,0.000,0.000,582.062,1106.064
2025-11-22 15:07:48,mlx5_2,0.000,0.000,0.000,0.000
2025-11-22 15:07:48,mlx5_3,0.000,0.000,0.000,0.000
2025-11-22 15:07:48,mlx5_4,0.000,0.000,0.000,0.000
2025-11-22 15:07:48,mlx5_5,0.000,0.000,586.623,1139.386
2025-11-22 15:07:48,mlx5_6,0.000,0.000,0.000,0.000
2025-11-22 15:07:48,mlx5_7,0.000,0.000,0.000,0.000
2025-11-22 15:07:48,mlx5_8,0.000,0.000,0.000,0.000
2025-11-22 15:07:48,mlx5_9,0.000,0.000,0.000,0.000
2025-11-22 15:07:48,TOTAL,0.000,0.000,1168.685,2245.450
2025-11-22 15:07:49,mlx5_0,0.000,0.000,0.000,0.000
2025-11-22 15:07:49,mlx5_1,0.000,0.000,582.062,1106.064
2025-11-22 15:07:49,mlx5_2,0.000,0.000,0.000,0.000
2025-11-22 15:07:49,mlx5_3,0.000,0.000,0.000,0.000
2025-11-22 15:07:49,mlx5_4,0.000,0.000,0.000,0.000
2025-11-22 15:07:49,mlx5_5,0.000,0.000,586.623,1139.386
2025-11-22 15:07:49,mlx5_6,0.000,0.000,0.000,0.000
2025-11-22 15:07:49,mlx5_7,0.000,0.000,0.000,0.000
2025-11-22 15:07:49,mlx5_8,0.000,0.000,0.000,0.000
2025-11-22 15:07:49,mlx5_9,0.000,0.000,0.000,0.000
2025-11-22 15:07:49,TOTAL,0.000,0.000,1168.685,2245.450
2025-11-22 15:07:50,mlx5_0,0.000,0.000,0.000,0.000
2025-11-22 15:07:50,mlx5_1,0.000,0.000,582.062,1106.064
2025-11-22 15:07:50,mlx5_2,0.000,0.000,0.000,0.000
2025-11-22 15:07:50,mlx5_3,0.000,0.000,0.000,0.000
2025-11-22 15:07:50,mlx5_4,0.000,0.000,0.000,0.000
2025-11-22 15:07:50,mlx5_5,0.000,0.000,586.623,1139.386
2025-11-22 15:07:50,mlx5_6,0.000,0.000,0.000,0.000
2025-11-22 15:07:50,mlx5_7,0.000,0.000,0.000,0.000
2025-11-22 15:07:50,mlx5_8,0.000,0.000,0.000,0.000
2025-11-22 15:07:50,mlx5_9,0.000,0.000,0.000,0.000
2025-11-22 15:07:50,TOTAL,0.000,0.000,1168.685,2245.450
2025-11-22 15:07:51,mlx5_0,0.000,0.000,0.000,0.000
2025-11-22 15:07:51,mlx5_1,0.000,0.000,582.062,1106.064
2025-11-22 15:07:51,mlx5_2,0.000,0.000,0.000,0.000
2025-11-22 15:07:51,mlx5_3,0.000,0.000,0.000,0.000
2025-11-22 15:07:51,mlx5_4,0.000,0.000,0.000,0.000
2025-11-22 15:07:51,mlx5_5,0.000,0.000,586.623,1139.386
2025-11-22 15:07:51,mlx5_6,0.000,0.000,0.000,0.000
2025-11-22 15:07:51,mlx5_7,0.000,0.000,0.000,0.000
2025-11-22 15:07:51,mlx5_8,0.000,0.000,0.000,0.000
2025-11-22 15:07:51,mlx5_9,0.000,0.000,0.000,0.000
2025-11-22 15:07:51,TOTAL,0.000,0.000,1168.685,2245.450
2025-11-22 15:07:52,mlx5_0,0.000,0.000,0.000,0.000
2025-11-22 15:07:52,mlx5_1,0.000,0.000,582.062,1106.064
2025-11-22 15:07:52,mlx5_2,0.000,0.000,0.000,0.000
2025-11-22 15:07:52,mlx5_3,0.000,0.000,0.000,0.000
2025-11-22 15:07:52,mlx5_4,0.000,0.000,0.000,0.000
2025-11-22 15:07:52,mlx5_5,0.000,0.000,586.623,1139.386
2025-11-22 15:07:52,mlx5_6,0.000,0.000,0.000,0.000
2025-11-22 15:07:52,mlx5_7,0.000,0.000,0.000,0.000
2025-11-22 15:07:52,mlx5_8,0.000,0.000,0.000,0.000
2025-11-22 15:07:52,mlx5_9,0.000,0.000,0.000,0.000
2025-11-22 15:07:52,TOTAL,0.000,0.000,1168.685,2245.450
2025-11-22 15:07:53,mlx5_0,0.000,0.000,0.000,0.000
2025-11-22 15:07:53,mlx5_1,0.000,0.000,582.062,1106.064
2025-11-22 15:07:53,mlx5_2,0.000,0.000,0.000,0.000
2025-11-22 15:07:53,mlx5_3,0.000,0.000,0.000,0.000
2025-11-22 15:07:53,mlx5_4,0.000,0.000,0.000,0.000
2025-11-22 15:07:53,mlx5_5,0.000,0.000,586.623,1139.386
2025-11-22 15:07:53,mlx5_6,0.000,0.000,0.000,0.000
2025-11-22 15:07:53,mlx5_7,0.000,0.000,0.000,0.000
2025-11-22 15:07:53,mlx5_8,0.000,0.000,0.000,0.000
2025-11-22 15:07:53,mlx5_9,0.000,0.000,0.000,0.000
2025-11-22 15:07:53,TOTAL,0.000,0.000,1168.685,2245.450
2025-11-22 15:07:54,mlx5_0,0.000,0.000,0.000,0.000
2025-11-22 15:07:54,mlx5_1,0.680,120.880,582.148,1121.239
2025-11-22 15:07:54,mlx5_2,0.000,0.000,0.000,0.000
2025-11-22 15:07:54,mlx5_3,0.000,0.000,0.000,0.000
2025-11-22 15:07:54,mlx5_4,0.000,0.000,0.000,0.000
2025-11-22 15:07:54,mlx5_5,0.757,125.281,586.718,1155.113
2025-11-22 15:07:54,mlx5_6,0.000,0.000,0.000,0.000
2025-11-22 15:07:54,mlx5_7,0.000,0.000,0.000,0.000
2025-11-22 15:07:54,mlx5_8,0.000,0.000,0.000,0.000
2025-11-22 15:07:54,mlx5_9,0.000,0.000,0.000,0.000
2025-11-22 15:07:54,TOTAL,1.437,246.161,1168.865,2276.352
2025-11-22 15:07:55,mlx5_0,0.000,0.000,0.000,0.000
2025-11-22 15:07:55,mlx5_1,0.623,103.884,582.226,1134.294
2025-11-22 15:07:55,mlx5_2,0.000,0.000,0.000,0.000
2025-11-22 15:07:55,mlx5_3,0.000,0.000,0.000,0.000
2025-11-22 15:07:55,mlx5_4,0.000,0.000,0.000,0.000
2025-11-22 15:07:55,mlx5_5,0.701,106.202,586.806,1168.459
2025-11-22 15:07:55,mlx5_6,0.000,0.000,0.000,0.000
2025-11-22 15:07:55,mlx5_7,0.000,0.000,0.000,0.000
2025-11-22 15:07:55,mlx5_8,0.000,0.000,0.000,0.000
2025-11-22 15:07:55,mlx5_9,0.000,0.000,0.000,0.000
2025-11-22 15:07:55,TOTAL,1.324,210.086,1169.032,2302.753
2025-11-22 15:07:56,mlx5_0,0.000,0.000,0.000,0.000
2025-11-22 15:07:56,mlx5_1,0.527,94.265,582.292,1146.139
2025-11-22 15:07:56,mlx5_2,0.000,0.000,0.000,0.000
2025-11-22 15:07:56,mlx5_3,0.000,0.000,0.000,0.000
2025-11-22 15:07:56,mlx5_4,0.000,0.000,0.000,0.000
2025-11-22 15:07:56,mlx5_5,0.523,96.540,586.872,1180.591
2025-11-22 15:07:56,mlx5_6,0.000,0.000,0.000,0.000
2025-11-22 15:07:56,mlx5_7,0.000,0.000,0.000,0.000
2025-11-22 15:07:56,mlx5_8,0.000,0.000,0.000,0.000
2025-11-22 15:07:56,mlx5_9,0.000,0.000,0.000,0.000
2025-11-22 15:07:56,TOTAL,1.050,190.804,1169.164,2326.731
2025-11-22 15:07:57,mlx5_0,0.000,0.000,0.000,0.000
2025-11-22 15:07:57,mlx5_1,0.862,140.777,582.400,1163.837
2025-11-22 15:07:57,mlx5_2,0.000,0.000,0.000,0.000
2025-11-22 15:07:57,mlx5_3,0.000,0.000,0.000,0.000
2025-11-22 15:07:57,mlx5_4,0.000,0.000,0.000,0.000
2025-11-22 15:07:57,mlx5_5,0.925,145.449,586.988,1198.876
2025-11-22 15:07:57,mlx5_6,0.000,0.000,0.000,0.000
2025-11-22 15:07:57,mlx5_7,0.000,0.000,0.000,0.000
2025-11-22 15:07:57,mlx5_8,0.000,0.000,0.000,0.000
2025-11-22 15:07:57,mlx5_9,0.000,0.000,0.000,0.000
2025-11-22 15:07:57,TOTAL,1.787,286.226,1169.388,2362.713
2025-11-22 15:07:58,mlx5_0,0.000,0.000,0.000,0.000
2025-11-22 15:07:58,mlx5_1,1.431,235.557,582.580,1193.443
2025-11-22 15:07:58,mlx5_2,0.000,0.000,0.000,0.000
2025-11-22 15:07:58,mlx5_3,0.000,0.000,0.000,0.000
2025-11-22 15:07:58,mlx5_4,0.000,0.000,0.000,0.000
2025-11-22 15:07:58,mlx5_5,1.585,244.942,587.187,1229.661
2025-11-22 15:07:58,mlx5_6,0.000,0.000,0.000,0.000
2025-11-22 15:07:58,mlx5_7,0.000,0.000,0.000,0.000
2025-11-22 15:07:58,mlx5_8,0.000,0.000,0.000,0.000
2025-11-22 15:07:58,mlx5_9,0.000,0.000,0.000,0.000
2025-11-22 15:07:58,TOTAL,3.016,480.499,1169.768,2423.104
2025-11-22 15:07:59,mlx5_0,0.000,0.000,0.000,0.000
2025-11-22 15:07:59,mlx5_1,1.611,244.071,582.783,1224.113
2025-11-22 15:07:59,mlx5_2,0.000,0.000,0.000,0.000
2025-11-22 15:07:59,mlx5_3,0.000,0.000,0.000,0.000
2025-11-22 15:07:59,mlx5_4,0.000,0.000,0.000,0.000
2025-11-22 15:07:59,mlx5_5,1.728,252.081,587.404,1261.339
2025-11-22 15:07:59,mlx5_6,0.000,0.000,0.000,0.000
2025-11-22 15:07:59,mlx5_7,0.000,0.000,0.000,0.000
2025-11-22 15:07:59,mlx5_8,0.000,0.000,0.000,0.000
2025-11-22 15:07:59,mlx5_9,0.000,0.000,0.000,0.000
2025-11-22 15:07:59,TOTAL,3.339,496.152,1170.187,2485.452
2025-11-22 15:08:00,mlx5_0,0.000,0.000,0.000,0.000
2025-11-22 15:08:00,mlx5_1,1.568,240.235,582.980,1254.302
2025-11-22 15:08:00,mlx5_2,0.000,0.000,0.000,0.000
2025-11-22 15:08:00,mlx5_3,0.000,0.000,0.000,0.000
2025-11-22 15:08:00,mlx5_4,0.000,0.000,0.000,0.000
2025-11-22 15:08:00,mlx5_5,1.731,249.157,587.622,1292.648
2025-11-22 15:08:00,mlx5_6,0.000,0.000,0.000,0.000
2025-11-22 15:08:00,mlx5_7,0.000,0.000,0.000,0.000
2025-11-22 15:08:00,mlx5_8,0.000,0.000,0.000,0.000
2025-11-22 15:08:00,mlx5_9,0.000,0.000,0.000,0.000
2025-11-22 15:08:00,TOTAL,3.299,489.392,1170.602,2546.950
2025-11-22 15:08:01,mlx5_0,0.000,0.000,0.000,0.000
2025-11-22 15:08:01,mlx5_1,1.135,166.013,583.122,1275.168
2025-11-22 15:08:01,mlx5_2,0.000,0.000,0.000,0.000
2025-11-22 15:08:01,mlx5_3,0.000,0.000,0.000,0.000
2025-11-22 15:08:01,mlx5_4,0.000,0.000,0.000,0.000
2025-11-22 15:08:01,mlx5_5,1.219,170.731,587.775,1314.107
2025-11-22 15:08:01,mlx5_6,0.000,0.000,0.000,0.000
2025-11-22 15:08:01,mlx5_7,0.000,0.000,0.000,0.000
2025-11-22 15:08:01,mlx5_8,0.000,0.000,0.000,0.000
2025-11-22 15:08:01,mlx5_9,0.000,0.000,0.000,0.000
2025-11-22 15:08:01,TOTAL,2.353,336.744,1170.897,2589.275
2025-11-22 15:08:02,mlx5_0,0.000,0.000,0.000,0.000
2025-11-22 15:08:02,mlx5_1,1.340,196.287,583.291,1299.831
2025-11-22 15:08:02,mlx5_2,0.000,0.000,0.000,0.000
2025-11-22 15:08:02,mlx5_3,0.000,0.000,0.000,0.000
2025-11-22 15:08:02,mlx5_4,0.000,0.000,0.000,0.000
2025-11-22 15:08:02,mlx5_5,1.459,201.656,587.958,1339.444
2025-11-22 15:08:02,mlx5_6,0.000,0.000,0.000,0.000
2025-11-22 15:08:02,mlx5_7,0.000,0.000,0.000,0.000
2025-11-22 15:08:02,mlx5_8,0.000,0.000,0.000,0.000
2025-11-22 15:08:02,mlx5_9,0.000,0.000,0.000,0.000
2025-11-22 15:08:02,TOTAL,2.799,397.942,1171.249,2639.275
2025-11-22 15:08:03,mlx5_0,0.000,0.000,0.000,0.000
2025-11-22 15:08:03,mlx5_1,0.841,151.478,583.396,1318.865
2025-11-22 15:08:03,mlx5_2,0.000,0.000,0.000,0.000
2025-11-22 15:08:03,mlx5_3,0.000,0.000,0.000,0.000
2025-11-22 15:08:03,mlx5_4,0.000,0.000,0.000,0.000
2025-11-22 15:08:03,mlx5_5,0.945,156.816,588.077,1359.149
2025-11-22 15:08:03,mlx5_6,0.000,0.000,0.000,0.000
2025-11-22 15:08:03,mlx5_7,0.000,0.000,0.000,0.000
2025-11-22 15:08:03,mlx5_8,0.000,0.000,0.000,0.000
2025-11-22 15:08:03,mlx5_9,0.000,0.000,0.000,0.000
2025-11-22 15:08:03,TOTAL,1.786,308.294,1171.473,2678.014
2025-11-22 15:08:04,mlx5_0,0.000,0.000,0.000,0.000
2025-11-22 15:08:04,mlx5_1,1.319,216.141,583.562,1346.041
2025-11-22 15:08:04,mlx5_2,0.000,0.000,0.000,0.000
2025-11-22 15:08:04,mlx5_3,0.000,0.000,0.000,0.000
2025-11-22 15:08:04,mlx5_4,0.000,0.000,0.000,0.000
2025-11-22 15:08:04,mlx5_5,1.511,223.203,588.267,1387.213
2025-11-22 15:08:04,mlx5_6,0.000,0.000,0.000,0.000
2025-11-22 15:08:04,mlx5_7,0.000,0.000,0.000,0.000
2025-11-22 15:08:04,mlx5_8,0.000,0.000,0.000,0.000
2025-11-22 15:08:04,mlx5_9,0.000,0.000,0.000,0.000
2025-11-22 15:08:04,TOTAL,2.830,439.345,1171.829,2733.254
2025-11-22 15:08:05,mlx5_0,0.000,0.000,0.000,0.000
2025-11-22 15:08:05,mlx5_1,1.638,256.824,583.768,1378.326
2025-11-22 15:08:05,mlx5_2,0.000,0.000,0.000,0.000
2025-11-22 15:08:05,mlx5_3,0.000,0.000,0.000,0.000
2025-11-22 15:08:05,mlx5_4,0.000,0.000,0.000,0.000
2025-11-22 15:08:05,mlx5_5,1.770,263.391,588.490,1420.324
2025-11-22 15:08:05,mlx5_6,0.000,0.000,0.000,0.000
2025-11-22 15:08:05,mlx5_7,0.000,0.000,0.000,0.000
2025-11-22 15:08:05,mlx5_8,0.000,0.000,0.000,0.000
2025-11-22 15:08:05,mlx5_9,0.000,0.000,0.000,0.000
2025-11-22 15:08:05,TOTAL,3.408,520.214,1172.258,2798.651
2025-11-22 15:08:06,mlx5_0,0.000,0.000,0.000,0.000
2025-11-22 15:08:06,mlx5_1,1.414,239.337,583.946,1408.413
2025-11-22 15:08:06,mlx5_2,0.000,0.000,0.000,0.000
2025-11-22 15:08:06,mlx5_3,0.000,0.000,0.000,0.000
2025-11-22 15:08:06,mlx5_4,0.000,0.000,0.000,0.000
2025-11-22 15:08:06,mlx5_5,1.540,245.873,588.683,1451.232
2025-11-22 15:08:06,mlx5_6,0.000,0.000,0.000,0.000
2025-11-22 15:08:06,mlx5_7,0.000,0.000,0.000,0.000
2025-11-22 15:08:06,mlx5_8,0.000,0.000,0.000,0.000
2025-11-22 15:08:06,mlx5_9,0.000,0.000,0.000,0.000
2025-11-22 15:08:06,TOTAL,2.954,485.210,1172.629,2859.645
2025-11-22 15:08:07,mlx5_0,0.000,0.000,0.000,0.000
2025-11-22 15:08:07,mlx5_1,0.476,82.700,584.006,1418.807
2025-11-22 15:08:07,mlx5_2,0.000,0.000,0.000,0.000
2025-11-22 15:08:07,mlx5_3,0.000,0.000,0.000,0.000
2025-11-22 15:08:07,mlx5_4,0.000,0.000,0.000,0.000
2025-11-22 15:08:07,mlx5_5,0.518,85.460,588.748,1461.973
2025-11-22 15:08:07,mlx5_6,0.000,0.000,0.000,0.000
2025-11-22 15:08:07,mlx5_7,0.000,0.000,0.000,0.000
2025-11-22 15:08:07,mlx5_8,0.000,0.000,0.000,0.000
2025-11-22 15:08:07,mlx5_9,0.000,0.000,0.000,0.000
2025-11-22 15:08:07,TOTAL,0.994,168.160,1172.754,2880.780
2025-11-22 15:08:08,mlx5_0,0.000,0.000,0.000,0.000
2025-11-22 15:08:08,mlx5_1,1.265,205.194,584.165,1444.597
2025-11-22 15:08:08,mlx5_2,0.000,0.000,0.000,0.000
2025-11-22 15:08:08,mlx5_3,0.000,0.000,0.000,0.000
2025-11-22 15:08:08,mlx5_4,0.000,0.000,0.000,0.000
2025-11-22 15:08:08,mlx5_5,1.353,210.435,588.918,1488.422
2025-11-22 15:08:08,mlx5_6,0.000,0.000,0.000,0.000
2025-11-22 15:08:08,mlx5_7,0.000,0.000,0.000,0.000
2025-11-22 15:08:08,mlx5_8,0.000,0.000,0.000,0.000
2025-11-22 15:08:08,mlx5_9,0.000,0.000,0.000,0.000
2025-11-22 15:08:08,TOTAL,2.618,415.629,1173.083,2933.019
2025-11-22 15:08:09,mlx5_0,0.000,0.000,0.000,0.000
2025-11-22 15:08:09,mlx5_1,0.219,45.520,584.192,1450.317
2025-11-22 15:08:09,mlx5_2,0.000,0.000,0.000,0.000
2025-11-22 15:08:09,mlx5_3,0.000,0.000,0.000,0.000
2025-11-22 15:08:09,mlx5_4,0.000,0.000,0.000,0.000
2025-11-22 15:08:09,mlx5_5,0.248,47.241,588.950,1494.359
2025-11-22 15:08:09,mlx5_6,0.000,0.000,0.000,0.000
2025-11-22 15:08:09,mlx5_7,0.000,0.000,0.000,0.000
2025-11-22 15:08:09,mlx5_8,0.000,0.000,0.000,0.000
2025-11-22 15:08:09,mlx5_9,0.000,0.000,0.000,0.000
2025-11-22 15:08:09,TOTAL,0.467,92.761,1173.142,2944.677
2025-11-22 15:08:10,mlx5_0,0.000,0.000,0.000,0.000
2025-11-22 15:08:10,mlx5_1,1.457,236.062,584.375,1479.946
2025-11-22 15:08:10,mlx5_2,0.000,0.000,0.000,0.000
2025-11-22 15:08:10,mlx5_3,0.000,0.000,0.000,0.000
2025-11-22 15:08:10,mlx5_4,0.000,0.000,0.000,0.000
2025-11-22 15:08:10,mlx5_5,1.534,242.141,589.142,1524.751
2025-11-22 15:08:10,mlx5_6,0.000,0.000,0.000,0.000
2025-11-22 15:08:10,mlx5_7,0.000,0.000,0.000,0.000
2025-11-22 15:08:10,mlx5_8,0.000,0.000,0.000,0.000
2025-11-22 15:08:10,mlx5_9,0.000,0.000,0.000,0.000
2025-11-22 15:08:10,TOTAL,2.991,478.203,1173.517,3004.697
2025-11-22 15:08:11,mlx5_0,0.000,0.000,0.000,0.000
2025-11-22 15:08:11,mlx5_1,1.500,249.306,584.564,1511.280
2025-11-22 15:08:11,mlx5_2,0.000,0.000,0.000,0.000
2025-11-22 15:08:11,mlx5_3,0.000,0.000,0.000,0.000
2025-11-22 15:08:11,mlx5_4,0.000,0.000,0.000,0.000
2025-11-22 15:08:11,mlx5_5,1.721,257.594,589.358,1557.126
2025-11-22 15:08:11,mlx5_6,0.000,0.000,0.000,0.000
2025-11-22 15:08:11,mlx5_7,0.000,0.000,0.000,0.000
2025-11-22 15:08:11,mlx5_8,0.000,0.000,0.000,0.000
2025-11-22 15:08:11,mlx5_9,0.000,0.000,0.000,0.000
2025-11-22 15:08:11,TOTAL,3.221,506.899,1173.922,3068.406
2025-11-22 15:08:12,mlx5_0,0.000,0.000,0.000,0.000
2025-11-22 15:08:12,mlx5_1,0.923,174.384,584.680,1533.184
2025-11-22 15:08:12,mlx5_2,0.000,0.000,0.000,0.000
2025-11-22 15:08:12,mlx5_3,0.000,0.000,0.000,0.000
2025-11-22 15:08:12,mlx5_4,0.000,0.000,0.000,0.000
2025-11-22 15:08:12,mlx5_5,1.078,179.629,589.494,1579.689
2025-11-22 15:08:12,mlx5_6,0.000,0.000,0.000,0.000
2025-11-22 15:08:12,mlx5_7,0.000,0.000,0.000,0.000
2025-11-22 15:08:12,mlx5_8,0.000,0.000,0.000,0.000
2025-11-22 15:08:12,mlx5_9,0.000,0.000,0.000,0.000
2025-11-22 15:08:12,TOTAL,2.001,354.013,1174.173,3112.873
2025-11-22 15:08:13,mlx5_0,0.000,0.000,0.000,0.000
2025-11-22 15:08:13,mlx5_1,1.068,178.286,584.814,1555.592
2025-11-22 15:08:13,mlx5_2,0.000,0.000,0.000,0.000
2025-11-22 15:08:13,mlx5_3,0.000,0.000,0.000,0.000
2025-11-22 15:08:13,mlx5_4,0.000,0.000,0.000,0.000
2025-11-22 15:08:13,mlx5_5,1.162,184.219,589.640,1602.843
2025-11-22 15:08:13,mlx5_6,0.000,0.000,0.000,0.000
2025-11-22 15:08:13,mlx5_7,0.000,0.000,0.000,0.000
2025-11-22 15:08:13,mlx5_8,0.000,0.000,0.000,0.000
2025-11-22 15:08:13,mlx5_9,0.000,0.000,0.000,0.000
2025-11-22 15:08:13,TOTAL,2.231,362.505,1174.454,3158.435
2025-11-22 15:08:14,mlx5_0,0.000,0.000,0.000,0.000
2025-11-22 15:08:14,mlx5_1,0.600,98.257,584.889,1567.940
2025-11-22 15:08:14,mlx5_2,0.000,0.000,0.000,0.000
2025-11-22 15:08:14,mlx5_3,0.000,0.000,0.000,0.000
2025-11-22 15:08:14,mlx5_4,0.000,0.000,0.000,0.000
2025-11-22 15:08:14,mlx5_5,0.696,102.088,589.727,1615.673
2025-11-22 15:08:14,mlx5_6,0.000,0.000,0.000,0.000
2025-11-22 15:08:14,mlx5_7,0.000,0.000,0.000,0.000
2025-11-22 15:08:14,mlx5_8,0.000,0.000,0.000,0.000
2025-11-22 15:08:14,mlx5_9,0.000,0.000,0.000,0.000
2025-11-22 15:08:14,TOTAL,1.296,200.345,1174.617,3183.613
2025-11-22 15:08:15,mlx5_0,0.000,0.000,0.000,0.000
2025-11-22 15:08:15,mlx5_1,1.397,214.958,585.065,1594.947
2025-11-22 15:08:15,mlx5_2,0.000,0.000,0.000,0.000
2025-11-22 15:08:15,mlx5_3,0.000,0.000,0.000,0.000
2025-11-22 15:08:15,mlx5_4,0.000,0.000,0.000,0.000
2025-11-22 15:08:15,mlx5_5,1.537,221.899,589.920,1643.552
2025-11-22 15:08:15,mlx5_6,0.000,0.000,0.000,0.000
2025-11-22 15:08:15,mlx5_7,0.000,0.000,0.000,0.000
2025-11-22 15:08:15,mlx5_8,0.000,0.000,0.000,0.000
2025-11-22 15:08:15,mlx5_9,0.000,0.000,0.000,0.000
2025-11-22 15:08:15,TOTAL,2.934,436.857,1174.985,3238.499
2025-11-22 15:08:16,mlx5_0,0.000,0.000,0.000,0.000
2025-11-22 15:08:16,mlx5_1,1.536,245.275,585.258,1625.782
2025-11-22 15:08:16,mlx5_2,0.000,0.000,0.000,0.000
2025-11-22 15:08:16,mlx5_3,0.000,0.000,0.000,0.000
2025-11-22 15:08:16,mlx5_4,0.000,0.000,0.000,0.000
2025-11-22 15:08:16,mlx5_5,1.657,253.007,590.129,1675.359
2025-11-22 15:08:16,mlx5_6,0.000,0.000,0.000,0.000
2025-11-22 15:08:16,mlx5_7,0.000,0.000,0.000,0.000
2025-11-22 15:08:16,mlx5_8,0.000,0.000,0.000,0.000
2025-11-22 15:08:16,mlx5_9,0.000,0.000,0.000,0.000
2025-11-22 15:08:16,TOTAL,3.193,498.283,1175.387,3301.141
2025-11-22 15:08:17,mlx5_0,0.000,0.000,0.000,0.000
2025-11-22 15:08:17,mlx5_1,1.703,256.741,585.472,1658.045
2025-11-22 15:08:17,mlx5_2,0.000,0.000,0.000,0.000
2025-11-22 15:08:17,mlx5_3,0.000,0.000,0.000,0.000
2025-11-22 15:08:17,mlx5_4,0.000,0.000,0.000,0.000
2025-11-22 15:08:17,mlx5_5,1.849,265.926,590.361,1708.776
2025-11-22 15:08:17,mlx5_6,0.000,0.000,0.000,0.000
2025-11-22 15:08:17,mlx5_7,0.000,0.000,0.000,0.000
2025-11-22 15:08:17,mlx5_8,0.000,0.000,0.000,0.000
2025-11-22 15:08:17,mlx5_9,0.000,0.000,0.000,0.000
2025-11-22 15:08:17,TOTAL,3.552,522.667,1175.833,3366.820
2025-11-22 15:08:18,mlx5_0,0.000,0.000,0.000,0.000
2025-11-22 15:08:18,mlx5_1,1.482,235.047,585.658,1687.572
2025-11-22 15:08:18,mlx5_2,0.000,0.000,0.000,0.000
2025-11-22 15:08:18,mlx5_3,0.000,0.000,0.000,0.000
2025-11-22 15:08:18,mlx5_4,0.000,0.000,0.000,0.000
2025-11-22 15:08:18,mlx5_5,1.621,241.222,590.565,1739.078
2025-11-22 15:08:18,mlx5_6,0.000,0.000,0.000,0.000
2025-11-22 15:08:18,mlx5_7,0.000,0.000,0.000,0.000
2025-11-22 15:08:18,mlx5_8,0.000,0.000,0.000,0.000
2025-11-22 15:08:18,mlx5_9,0.000,0.000,0.000,0.000
2025-11-22 15:08:18,TOTAL,3.103,476.269,1176.223,3426.650
2025-11-22 15:08:19,mlx5_0,0.000,0.000,0.000,0.000
2025-11-22 15:08:19,mlx5_1,0.542,86.697,585.726,1698.467
2025-11-22 15:08:19,mlx5_2,0.000,0.000,0.000,0.000
2025-11-22 15:08:19,mlx5_3,0.000,0.000,0.000,0.000
2025-11-22 15:08:19,mlx5_4,0.000,0.000,0.000,0.000
2025-11-22 15:08:19,mlx5_5,0.595,89.201,590.639,1750.288
2025-11-22 15:08:19,mlx5_6,0.000,0.000,0.000,0.000
2025-11-22 15:08:19,mlx5_7,0.000,0.000,0.000,0.000
2025-11-22 15:08:19,mlx5_8,0.000,0.000,0.000,0.000
2025-11-22 15:08:19,mlx5_9,0.000,0.000,0.000,0.000
2025-11-22 15:08:19,TOTAL,1.137,175.898,1176.366,3448.755
2025-11-22 15:08:20,mlx5_0,0.000,0.000,0.000,0.000
2025-11-22 15:08:20,mlx5_1,0.000,0.000,585.726,1698.467
2025-11-22 15:08:20,mlx5_2,0.000,0.000,0.000,0.000
2025-11-22 15:08:20,mlx5_3,0.000,0.000,0.000,0.000
2025-11-22 15:08:20,mlx5_4,0.000,0.000,0.000,0.000
2025-11-22 15:08:20,mlx5_5,0.000,0.000,590.639,1750.288
2025-11-22 15:08:20,mlx5_6,0.000,0.000,0.000,0.000
2025-11-22 15:08:20,mlx5_7,0.000,0.000,0.000,0.000
2025-11-22 15:08:20,mlx5_8,0.000,0.000,0.000,0.000
2025-11-22 15:08:20,mlx5_9,0.000,0.000,0.000,0.000
2025-11-22 15:08:20,TOTAL,0.000,0.000,1176.366,3448.755
2025-11-22 15:08:21,mlx5_0,0.000,0.000,0.000,0.000
2025-11-22 15:08:21,mlx5_1,0.000,0.000,585.726,1698.467
2025-11-22 15:08:21,mlx5_2,0.000,0.000,0.000,0.000
2025-11-22 15:08:21,mlx5_3,0.000,0.000,0.000,0.000
2025-11-22 15:08:21,mlx5_4,0.000,0.000,0.000,0.000
2025-11-22 15:08:21,mlx5_5,0.000,0.000,590.639,1750.288
2025-11-22 15:08:21,mlx5_6,0.000,0.000,0.000,0.000
2025-11-22 15:08:21,mlx5_7,0.000,0.000,0.000,0.000
2025-11-22 15:08:21,mlx5_8,0.000,0.000,0.000,0.000
2025-11-22 15:08:21,mlx5_9,0.000,0.000,0.000,0.000
2025-11-22 15:08:21,TOTAL,0.000,0.000,1176.366,3448.755
2025-11-22 15:08:22,mlx5_0,0.000,0.000,0.000,0.000
2025-11-22 15:08:22,mlx5_1,0.000,0.000,585.726,1698.467
2025-11-22 15:08:22,mlx5_2,0.000,0.000,0.000,0.000
2025-11-22 15:08:22,mlx5_3,0.000,0.000,0.000,0.000
2025-11-22 15:08:22,mlx5_4,0.000,0.000,0.000,0.000
2025-11-22 15:08:22,mlx5_5,0.000,0.000,590.639,1750.288
2025-11-22 15:08:22,mlx5_6,0.000,0.000,0.000,0.000
2025-11-22 15:08:22,mlx5_7,0.000,0.000,0.000,0.000
2025-11-22 15:08:22,mlx5_8,0.000,0.000,0.000,0.000
2025-11-22 15:08:22,mlx5_9,0.000,0.000,0.000,0.000
2025-11-22 15:08:22,TOTAL,0.000,0.000,1176.366,3448.755
2025-11-22 15:08:23,mlx5_0,0.000,0.000,0.000,0.000
2025-11-22 15:08:23,mlx5_1,0.000,0.000,585.726,1698.467
2025-11-22 15:08:23,mlx5_2,0.000,0.000,0.000,0.000
2025-11-22 15:08:23,mlx5_3,0.000,0.000,0.000,0.000
2025-11-22 15:08:23,mlx5_4,0.000,0.000,0.000,0.000
2025-11-22 15:08:23,mlx5_5,0.000,0.000,590.639,1750.288
2025-11-22 15:08:23,mlx5_6,0.000,0.000,0.000,0.000
2025-11-22 15:08:23,mlx5_7,0.000,0.000,0.000,0.000
2025-11-22 15:08:23,mlx5_8,0.000,0.000,0.000,0.000
2025-11-22 15:08:23,mlx5_9,0.000,0.000,0.000,0.000
2025-11-22 15:08:23,TOTAL,0.000,0.000,1176.366,3448.755
2025-11-22 15:08:24,mlx5_0,0.000,0.000,0.000,0.000
2025-11-22 15:08:24,mlx5_1,0.000,0.000,585.726,1698.467
2025-11-22 15:08:24,mlx5_2,0.000,0.000,0.000,0.000
2025-11-22 15:08:24,mlx5_3,0.000,0.000,0.000,0.000
2025-11-22 15:08:24,mlx5_4,0.000,0.000,0.000,0.000
2025-11-22 15:08:24,mlx5_5,0.000,0.000,590.639,1750.288
2025-11-22 15:08:24,mlx5_6,0.000,0.000,0.000,0.000
2025-11-22 15:08:24,mlx5_7,0.000,0.000,0.000,0.000
2025-11-22 15:08:24,mlx5_8,0.000,0.000,0.000,0.000
2025-11-22 15:08:24,mlx5_9,0.000,0.000,0.000,0.000
2025-11-22 15:08:24,TOTAL,0.000,0.000,1176.366,3448.755
2025-11-22 15:08:25,mlx5_0,0.000,0.000,0.000,0.000
2025-11-22 15:08:25,mlx5_1,0.000,0.000,585.726,1698.467
2025-11-22 15:08:25,mlx5_2,0.000,0.000,0.000,0.000
2025-11-22 15:08:25,mlx5_3,0.000,0.000,0.000,0.000
2025-11-22 15:08:25,mlx5_4,0.000,0.000,0.000,0.000
2025-11-22 15:08:25,mlx5_5,0.000,0.000,590.639,1750.288
2025-11-22 15:08:25,mlx5_6,0.000,0.000,0.000,0.000
2025-11-22 15:08:25,mlx5_7,0.000,0.000,0.000,0.000
2025-11-22 15:08:25,mlx5_8,0.000,0.000,0.000,0.000
2025-11-22 15:08:25,mlx5_9,0.000,0.000,0.000,0.000
2025-11-22 15:08:25,TOTAL,0.000,0.000,1176.366,3448.755
2025-11-22 15:08:26,mlx5_0,0.000,0.000,0.000,0.000
2025-11-22 15:08:26,mlx5_1,0.000,0.000,585.726,1698.467
2025-11-22 15:08:26,mlx5_2,0.000,0.000,0.000,0.000
2025-11-22 15:08:26,mlx5_3,0.000,0.000,0.000,0.000
2025-11-22 15:08:26,mlx5_4,0.000,0.000,0.000,0.000
2025-11-22 15:08:26,mlx5_5,0.000,0.000,590.639,1750.288
2025-11-22 15:08:26,mlx5_6,0.000,0.000,0.000,0.000
2025-11-22 15:08:26,mlx5_7,0.000,0.000,0.000,0.000
2025-11-22 15:08:26,mlx5_8,0.000,0.000,0.000,0.000
2025-11-22 15:08:26,mlx5_9,0.000,0.000,0.000,0.000
2025-11-22 15:08:26,TOTAL,0.000,0.000,1176.366,3448.755
2025-11-22 15:08:27,mlx5_0,0.000,0.000,0.000,0.000
2025-11-22 15:08:27,mlx5_1,0.000,0.000,585.726,1698.467
2025-11-22 15:08:27,mlx5_2,0.000,0.000,0.000,0.000
2025-11-22 15:08:27,mlx5_3,0.000,0.000,0.000,0.000
2025-11-22 15:08:27,mlx5_4,0.000,0.000,0.000,0.000
2025-11-22 15:08:27,mlx5_5,0.000,0.000,590.639,1750.288
2025-11-22 15:08:27,mlx5_6,0.000,0.000,0.000,0.000
2025-11-22 15:08:27,mlx5_7,0.000,0.000,0.000,0.000
2025-11-22 15:08:27,mlx5_8,0.000,0.000,0.000,0.000
2025-11-22 15:08:27,mlx5_9,0.000,0.000,0.000,0.000
2025-11-22 15:08:27,TOTAL,0.000,0.000,1176.366,3448.755
2025-11-22 15:08:28,mlx5_0,0.000,0.000,0.000,0.000
2025-11-22 15:08:28,mlx5_1,0.000,0.000,585.726,1698.467
2025-11-22 15:08:28,mlx5_2,0.000,0.000,0.000,0.000
2025-11-22 15:08:28,mlx5_3,0.000,0.000,0.000,0.000
2025-11-22 15:08:28,mlx5_4,0.000,0.000,0.000,0.000
2025-11-22 15:08:28,mlx5_5,0.000,0.000,590.639,1750.288
2025-11-22 15:08:28,mlx5_6,0.000,0.000,0.000,0.000
2025-11-22 15:08:28,mlx5_7,0.000,0.000,0.000,0.000
2025-11-22 15:08:28,mlx5_8,0.000,0.000,0.000,0.000
2025-11-22 15:08:28,mlx5_9,0.000,0.000,0.000,0.000
2025-11-22 15:08:28,TOTAL,0.000,0.000,1176.366,3448.755
2025-11-22 15:08:29,mlx5_0,0.000,0.000,0.000,0.000
2025-11-22 15:08:29,mlx5_1,0.000,0.000,585.726,1698.467
2025-11-22 15:08:29,mlx5_2,0.000,0.000,0.000,0.000
2025-11-22 15:08:29,mlx5_3,0.000,0.000,0.000,0.000
2025-11-22 15:08:29,mlx5_4,0.000,0.000,0.000,0.000
2025-11-22 15:08:29,mlx5_5,0.000,0.000,590.639,1750.288
2025-11-22 15:08:29,mlx5_6,0.000,0.000,0.000,0.000
2025-11-22 15:08:29,mlx5_7,0.000,0.000,0.000,0.000
2025-11-22 15:08:29,mlx5_8,0.000,0.000,0.000,0.000
2025-11-22 15:08:29,mlx5_9,0.000,0.000,0.000,0.000
2025-11-22 15:08:29,TOTAL,0.000,0.000,1176.366,3448.755
2025-11-22 15:08:30,mlx5_0,0.000,0.000,0.000,0.000
2025-11-22 15:08:30,mlx5_1,0.000,0.000,585.726,1698.467
2025-11-22 15:08:30,mlx5_2,0.000,0.000,0.000,0.000
2025-11-22 15:08:30,mlx5_3,0.000,0.000,0.000,0.000
2025-11-22 15:08:30,mlx5_4,0.000,0.000,0.000,0.000
2025-11-22 15:08:30,mlx5_5,0.000,0.000,590.639,1750.288
2025-11-22 15:08:30,mlx5_6,0.000,0.000,0.000,0.000
2025-11-22 15:08:30,mlx5_7,0.000,0.000,0.000,0.000
2025-11-22 15:08:30,mlx5_8,0.000,0.000,0.000,0.000
2025-11-22 15:08:30,mlx5_9,0.000,0.000,0.000,0.000
2025-11-22 15:08:30,TOTAL,0.000,0.000,1176.366,3448.755
2025-11-22 15:08:31,mlx5_0,0.000,0.000,0.000,0.000
2025-11-22 15:08:31,mlx5_1,0.000,0.000,585.726,1698.467
2025-11-22 15:08:31,mlx5_2,0.000,0.000,0.000,0.000
2025-11-22 15:08:31,mlx5_3,0.000,0.000,0.000,0.000
2025-11-22 15:08:31,mlx5_4,0.000,0.000,0.000,0.000
2025-11-22 15:08:31,mlx5_5,0.000,0.000,590.639,1750.288
2025-11-22 15:08:31,mlx5_6,0.000,0.000,0.000,0.000
2025-11-22 15:08:31,mlx5_7,0.000,0.000,0.000,0.000
2025-11-22 15:08:31,mlx5_8,0.000,0.000,0.000,0.000
2025-11-22 15:08:31,mlx5_9,0.000,0.000,0.000,0.000
2025-11-22 15:08:31,TOTAL,0.000,0.000,1176.366,3448.755
2025-11-22 15:08:32,mlx5_0,0.000,0.000,0.000,0.000
2025-11-22 15:08:32,mlx5_1,0.000,0.000,585.726,1698.467
2025-11-22 15:08:32,mlx5_2,0.000,0.000,0.000,0.000
2025-11-22 15:08:32,mlx5_3,0.000,0.000,0.000,0.000
2025-11-22 15:08:32,mlx5_4,0.000,0.000,0.000,0.000
2025-11-22 15:08:32,mlx5_5,0.000,0.000,590.639,1750.288
2025-11-22 15:08:32,mlx5_6,0.000,0.000,0.000,0.000
2025-11-22 15:08:32,mlx5_7,0.000,0.000,0.000,0.000
2025-11-22 15:08:32,mlx5_8,0.000,0.000,0.000,0.000
2025-11-22 15:08:32,mlx5_9,0.000,0.000,0.000,0.000
2025-11-22 15:08:32,TOTAL,0.000,0.000,1176.366,3448.755
2025-11-22 15:08:33,mlx5_0,0.000,0.000,0.000,0.000
2025-11-22 15:08:33,mlx5_1,0.000,0.000,585.726,1698.467
2025-11-22 15:08:33,mlx5_2,0.000,0.000,0.000,0.000
2025-11-22 15:08:33,mlx5_3,0.000,0.000,0.000,0.000
2025-11-22 15:08:33,mlx5_4,0.000,0.000,0.000,0.000
2025-11-22 15:08:33,mlx5_5,0.000,0.000,590.639,1750.288
2025-11-22 15:08:33,mlx5_6,0.000,0.000,0.000,0.000
2025-11-22 15:08:33,mlx5_7,0.000,0.000,0.000,0.000
2025-11-22 15:08:33,mlx5_8,0.000,0.000,0.000,0.000
2025-11-22 15:08:33,mlx5_9,0.000,0.000,0.000,0.000
2025-11-22 15:08:33,TOTAL,0.000,0.000,1176.366,3448.755
2025-11-22 15:08:34,mlx5_0,0.000,0.000,0.000,0.000
2025-11-22 15:08:34,mlx5_1,0.000,0.000,585.726,1698.467
2025-11-22 15:08:34,mlx5_2,0.000,0.000,0.000,0.000
2025-11-22 15:08:34,mlx5_3,0.000,0.000,0.000,0.000
2025-11-22 15:08:34,mlx5_4,0.000,0.000,0.000,0.000
2025-11-22 15:08:34,mlx5_5,0.000,0.000,590.639,1750.288
2025-11-22 15:08:34,mlx5_6,0.000,0.000,0.000,0.000
2025-11-22 15:08:34,mlx5_7,0.000,0.000,0.000,0.000
2025-11-22 15:08:34,mlx5_8,0.000,0.000,0.000,0.000
2025-11-22 15:08:34,mlx5_9,0.000,0.000,0.000,0.000
2025-11-22 15:08:34,TOTAL,0.000,0.000,1176.366,3448.755
2025-11-22 15:08:35,mlx5_0,0.000,0.000,0.000,0.000
2025-11-22 15:08:35,mlx5_1,0.000,0.000,585.726,1698.467
2025-11-22 15:08:35,mlx5_2,0.000,0.000,0.000,0.000
2025-11-22 15:08:35,mlx5_3,0.000,0.000,0.000,0.000
2025-11-22 15:08:35,mlx5_4,0.000,0.000,0.000,0.000
2025-11-22 15:08:35,mlx5_5,0.000,0.000,590.639,1750.288
2025-11-22 15:08:35,mlx5_6,0.000,0.000,0.000,0.000
2025-11-22 15:08:35,mlx5_7,0.000,0.000,0.000,0.000
2025-11-22 15:08:35,mlx5_8,0.000,0.000,0.000,0.000
2025-11-22 15:08:35,mlx5_9,0.000,0.000,0.000,0.000
2025-11-22 15:08:35,TOTAL,0.000,0.000,1176.366,3448.755
2025-11-22 15:08:36,mlx5_0,0.000,0.000,0.000,0.000
2025-11-22 15:08:36,mlx5_1,0.000,0.000,585.726,1698.467
2025-11-22 15:08:36,mlx5_2,0.000,0.000,0.000,0.000
2025-11-22 15:08:36,mlx5_3,0.000,0.000,0.000,0.000
2025-11-22 15:08:36,mlx5_4,0.000,0.000,0.000,0.000
2025-11-22 15:08:36,mlx5_5,0.000,0.000,590.639,1750.288
2025-11-22 15:08:36,mlx5_6,0.000,0.000,0.000,0.000
2025-11-22 15:08:36,mlx5_7,0.000,0.000,0.000,0.000
2025-11-22 15:08:36,mlx5_8,0.000,0.000,0.000,0.000
2025-11-22 15:08:36,mlx5_9,0.000,0.000,0.000,0.000
2025-11-22 15:08:36,TOTAL,0.000,0.000,1176.366,3448.755
2025-11-22 15:08:37,mlx5_0,0.000,0.000,0.000,0.000
2025-11-22 15:08:37,mlx5_1,0.000,0.000,585.726,1698.467
2025-11-22 15:08:37,mlx5_2,0.000,0.000,0.000,0.000
2025-11-22 15:08:37,mlx5_3,0.000,0.000,0.000,0.000
2025-11-22 15:08:37,mlx5_4,0.000,0.000,0.000,0.000
2025-11-22 15:08:37,mlx5_5,0.000,0.000,590.639,1750.288
2025-11-22 15:08:37,mlx5_6,0.000,0.000,0.000,0.000
2025-11-22 15:08:37,mlx5_7,0.000,0.000,0.000,0.000
2025-11-22 15:08:37,mlx5_8,0.000,0.000,0.000,0.000
2025-11-22 15:08:37,mlx5_9,0.000,0.000,0.000,0.000
2025-11-22 15:08:37,TOTAL,0.000,0.000,1176.366,3448.755
2025-11-22 15:08:38,mlx5_0,0.000,0.000,0.000,0.000
2025-11-22 15:08:38,mlx5_1,0.000,0.000,585.726,1698.467
2025-11-22 15:08:38,mlx5_2,0.000,0.000,0.000,0.000
2025-11-22 15:08:38,mlx5_3,0.000,0.000,0.000,0.000
2025-11-22 15:08:38,mlx5_4,0.000,0.000,0.000,0.000
2025-11-22 15:08:38,mlx5_5,0.000,0.000,590.639,1750.288
2025-11-22 15:08:38,mlx5_6,0.000,0.000,0.000,0.000
2025-11-22 15:08:38,mlx5_7,0.000,0.000,0.000,0.000
2025-11-22 15:08:38,mlx5_8,0.000,0.000,0.000,0.000
2025-11-22 15:08:38,mlx5_9,0.000,0.000,0.000,0.000
2025-11-22 15:08:38,TOTAL,0.000,0.000,1176.366,3448.755
2025-11-22 15:08:39,mlx5_0,0.000,0.000,0.000,0.000
2025-11-22 15:08:39,mlx5_1,0.000,0.000,585.726,1698.467
2025-11-22 15:08:39,mlx5_2,0.000,0.000,0.000,0.000
2025-11-22 15:08:39,mlx5_3,0.000,0.000,0.000,0.000
2025-11-22 15:08:39,mlx5_4,0.000,0.000,0.000,0.000
2025-11-22 15:08:39,mlx5_5,0.000,0.000,590.639,1750.288
2025-11-22 15:08:39,mlx5_6,0.000,0.000,0.000,0.000
2025-11-22 15:08:39,mlx5_7,0.000,0.000,0.000,0.000
2025-11-22 15:08:39,mlx5_8,0.000,0.000,0.000,0.000
2025-11-22 15:08:39,mlx5_9,0.000,0.000,0.000,0.000
2025-11-22 15:08:39,TOTAL,0.000,0.000,1176.366,3448.755
2025-11-22 15:08:40,mlx5_0,0.000,0.000,0.000,0.000
2025-11-22 15:08:40,mlx5_1,0.000,0.000,585.726,1698.467
2025-11-22 15:08:40,mlx5_2,0.000,0.000,0.000,0.000
2025-11-22 15:08:40,mlx5_3,0.000,0.000,0.000,0.000
2025-11-22 15:08:40,mlx5_4,0.000,0.000,0.000,0.000
2025-11-22 15:08:40,mlx5_5,0.000,0.000,590.639,1750.288
2025-11-22 15:08:40,mlx5_6,0.000,0.000,0.000,0.000
2025-11-22 15:08:40,mlx5_7,0.000,0.000,0.000,0.000
2025-11-22 15:08:40,mlx5_8,0.000,0.000,0.000,0.000
2025-11-22 15:08:40,mlx5_9,0.000,0.000,0.000,0.000
2025-11-22 15:08:40,TOTAL,0.000,0.000,1176.366,3448.755
2025-11-22 15:08:41,mlx5_0,0.000,0.000,0.000,0.000
2025-11-22 15:08:41,mlx5_1,0.000,0.000,585.726,1698.467
2025-11-22 15:08:41,mlx5_2,0.000,0.000,0.000,0.000
2025-11-22 15:08:41,mlx5_3,0.000,0.000,0.000,0.000
2025-11-22 15:08:41,mlx5_4,0.000,0.000,0.000,0.000
2025-11-22 15:08:41,mlx5_5,0.000,0.000,590.639,1750.288
2025-11-22 15:08:41,mlx5_6,0.000,0.000,0.000,0.000
2025-11-22 15:08:41,mlx5_7,0.000,0.000,0.000,0.000
2025-11-22 15:08:41,mlx5_8,0.000,0.000,0.000,0.000
2025-11-22 15:08:41,mlx5_9,0.000,0.000,0.000,0.000
2025-11-22 15:08:41,TOTAL,0.000,0.000,1176.366,3448.755
2025-11-22 15:08:42,mlx5_0,0.000,0.000,0.000,0.000
2025-11-22 15:08:42,mlx5_1,0.001,0.686,585.726,1698.553
2025-11-22 15:08:42,mlx5_2,0.000,0.000,0.000,0.000
2025-11-22 15:08:42,mlx5_3,0.000,0.000,0.000,0.000
2025-11-22 15:08:42,mlx5_4,0.000,0.000,0.000,0.000
2025-11-22 15:08:42,mlx5_5,0.002,0.826,590.640,1750.392
2025-11-22 15:08:42,mlx5_6,0.000,0.000,0.000,0.000
2025-11-22 15:08:42,mlx5_7,0.000,0.000,0.000,0.000
2025-11-22 15:08:42,mlx5_8,0.000,0.000,0.000,0.000
2025-11-22 15:08:42,mlx5_9,0.000,0.000,0.000,0.000
2025-11-22 15:08:42,TOTAL,0.003,1.512,1176.366,3448.945
2025-11-22 15:08:43,mlx5_0,0.000,0.000,0.000,0.000
2025-11-22 15:08:43,mlx5_1,0.891,166.983,585.838,1719.555
2025-11-22 15:08:43,mlx5_2,0.000,0.000,0.000,0.000
2025-11-22 15:08:43,mlx5_3,0.000,0.000,0.000,0.000
2025-11-22 15:08:43,mlx5_4,0.000,0.000,0.000,0.000
2025-11-22 15:08:43,mlx5_5,0.998,174.470,590.765,1772.335
2025-11-22 15:08:43,mlx5_6,0.000,0.000,0.000,0.000
2025-11-22 15:08:43,mlx5_7,0.000,0.000,0.000,0.000
2025-11-22 15:08:43,mlx5_8,0.000,0.000,0.000,0.000
2025-11-22 15:08:43,mlx5_9,0.000,0.000,0.000,0.000
2025-11-22 15:08:43,TOTAL,1.888,341.453,1176.604,3491.890
2025-11-22 15:08:44,mlx5_0,0.000,0.000,0.000,0.000
2025-11-22 15:08:44,mlx5_1,0.347,55.650,585.882,1726.548
2025-11-22 15:08:44,mlx5_2,0.000,0.000,0.000,0.000
2025-11-22 15:08:44,mlx5_3,0.000,0.000,0.000,0.000
2025-11-22 15:08:44,mlx5_4,0.000,0.000,0.000,0.000
2025-11-22 15:08:44,mlx5_5,0.378,57.103,590.813,1779.511
2025-11-22 15:08:44,mlx5_6,0.000,0.000,0.000,0.000
2025-11-22 15:08:44,mlx5_7,0.000,0.000,0.000,0.000
2025-11-22 15:08:44,mlx5_8,0.000,0.000,0.000,0.000
2025-11-22 15:08:44,mlx5_9,0.000,0.000,0.000,0.000
2025-11-22 15:08:44,TOTAL,0.725,112.753,1176.695,3506.058
2025-11-22 15:08:45,mlx5_0,0.000,0.000,0.000,0.000
2025-11-22 15:08:45,mlx5_1,0.834,153.086,585.987,1745.760
2025-11-22 15:08:45,mlx5_2,0.000,0.000,0.000,0.000
2025-11-22 15:08:45,mlx5_3,0.000,0.000,0.000,0.000
2025-11-22 15:08:45,mlx5_4,0.000,0.000,0.000,0.000
2025-11-22 15:08:45,mlx5_5,0.930,157.675,590.929,1799.299
2025-11-22 15:08:45,mlx5_6,0.000,0.000,0.000,0.000
2025-11-22 15:08:45,mlx5_7,0.000,0.000,0.000,0.000
2025-11-22 15:08:45,mlx5_8,0.000,0.000,0.000,0.000
2025-11-22 15:08:45,mlx5_9,0.000,0.000,0.000,0.000
2025-11-22 15:08:45,TOTAL,1.764,310.761,1176.916,3545.060
2025-11-22 15:08:46,mlx5_0,0.000,0.000,0.000,0.000
2025-11-22 15:08:46,mlx5_1,0.861,140.364,586.095,1763.380
2025-11-22 15:08:46,mlx5_2,0.000,0.000,0.000,0.000
2025-11-22 15:08:46,mlx5_3,0.000,0.000,0.000,0.000
2025-11-22 15:08:46,mlx5_4,0.000,0.000,0.000,0.000
2025-11-22 15:08:46,mlx5_5,0.953,144.055,591.049,1817.382
2025-11-22 15:08:46,mlx5_6,0.000,0.000,0.000,0.000
2025-11-22 15:08:46,mlx5_7,0.000,0.000,0.000,0.000
2025-11-22 15:08:46,mlx5_8,0.000,0.000,0.000,0.000
2025-11-22 15:08:46,mlx5_9,0.000,0.000,0.000,0.000
2025-11-22 15:08:46,TOTAL,1.814,284.419,1177.144,3580.763
2025-11-22 15:08:47,mlx5_0,0.000,0.000,0.000,0.000
2025-11-22 15:08:47,mlx5_1,1.245,209.602,586.251,1789.721
2025-11-22 15:08:47,mlx5_2,0.000,0.000,0.000,0.000
2025-11-22 15:08:47,mlx5_3,0.000,0.000,0.000,0.000
2025-11-22 15:08:47,mlx5_4,0.000,0.000,0.000,0.000
2025-11-22 15:08:47,mlx5_5,1.335,216.498,591.217,1844.591
2025-11-22 15:08:47,mlx5_6,0.000,0.000,0.000,0.000
2025-11-22 15:08:47,mlx5_7,0.000,0.000,0.000,0.000
2025-11-22 15:08:47,mlx5_8,0.000,0.000,0.000,0.000
2025-11-22 15:08:47,mlx5_9,0.000,0.000,0.000,0.000
2025-11-22 15:08:47,TOTAL,2.580,426.100,1177.468,3634.312
2025-11-22 15:08:48,mlx5_0,0.000,0.000,0.000,0.000
2025-11-22 15:08:48,mlx5_1,1.382,225.876,586.425,1818.098
2025-11-22 15:08:48,mlx5_2,0.000,0.000,0.000,0.000
2025-11-22 15:08:48,mlx5_3,0.000,0.000,0.000,0.000
2025-11-22 15:08:48,mlx5_4,0.000,0.000,0.000,0.000
2025-11-22 15:08:48,mlx5_5,1.491,233.569,591.404,1873.934
2025-11-22 15:08:48,mlx5_6,0.000,0.000,0.000,0.000
2025-11-22 15:08:48,mlx5_7,0.000,0.000,0.000,0.000
2025-11-22 15:08:48,mlx5_8,0.000,0.000,0.000,0.000
2025-11-22 15:08:48,mlx5_9,0.000,0.000,0.000,0.000
2025-11-22 15:08:48,TOTAL,2.873,459.445,1177.829,3692.032
2025-11-22 15:08:49,mlx5_0,0.000,0.000,0.000,0.000
2025-11-22 15:08:49,mlx5_1,1.075,207.596,586.560,1844.186
2025-11-22 15:08:49,mlx5_2,0.000,0.000,0.000,0.000
2025-11-22 15:08:49,mlx5_3,0.000,0.000,0.000,0.000
2025-11-22 15:08:49,mlx5_4,0.000,0.000,0.000,0.000
2025-11-22 15:08:49,mlx5_5,1.248,215.742,591.561,1901.046
2025-11-22 15:08:49,mlx5_6,0.000,0.000,0.000,0.000
2025-11-22 15:08:49,mlx5_7,0.000,0.000,0.000,0.000
2025-11-22 15:08:49,mlx5_8,0.000,0.000,0.000,0.000
2025-11-22 15:08:49,mlx5_9,0.000,0.000,0.000,0.000
2025-11-22 15:08:49,TOTAL,2.323,423.338,1178.121,3745.232
2025-11-22 15:08:50,mlx5_0,0.000,0.000,0.000,0.000
2025-11-22 15:08:50,mlx5_1,1.059,186.036,586.693,1867.577
2025-11-22 15:08:50,mlx5_2,0.000,0.000,0.000,0.000
2025-11-22 15:08:50,mlx5_3,0.000,0.000,0.000,0.000
2025-11-22 15:08:50,mlx5_4,0.000,0.000,0.000,0.000
2025-11-22 15:08:50,mlx5_5,1.148,190.596,591.705,1925.010
2025-11-22 15:08:50,mlx5_6,0.000,0.000,0.000,0.000
2025-11-22 15:08:50,mlx5_7,0.000,0.000,0.000,0.000
2025-11-22 15:08:50,mlx5_8,0.000,0.000,0.000,0.000
2025-11-22 15:08:50,mlx5_9,0.000,0.000,0.000,0.000
2025-11-22 15:08:50,TOTAL,2.207,376.631,1178.398,3792.587
2025-11-22 15:08:51,mlx5_0,0.000,0.000,0.000,0.000
2025-11-22 15:08:51,mlx5_1,0.824,127.299,586.797,1883.566
2025-11-22 15:08:51,mlx5_2,0.000,0.000,0.000,0.000
2025-11-22 15:08:51,mlx5_3,0.000,0.000,0.000,0.000
2025-11-22 15:08:51,mlx5_4,0.000,0.000,0.000,0.000
2025-11-22 15:08:51,mlx5_5,0.896,131.493,591.818,1941.525
2025-11-22 15:08:51,mlx5_6,0.000,0.000,0.000,0.000
2025-11-22 15:08:51,mlx5_7,0.000,0.000,0.000,0.000
2025-11-22 15:08:51,mlx5_8,0.000,0.000,0.000,0.000
2025-11-22 15:08:51,mlx5_9,0.000,0.000,0.000,0.000
2025-11-22 15:08:51,TOTAL,1.720,258.792,1178.614,3825.091
2025-11-22 15:08:52,mlx5_0,0.000,0.000,0.000,0.000
2025-11-22 15:08:52,mlx5_1,1.198,199.896,586.947,1908.680
2025-11-22 15:08:52,mlx5_2,0.000,0.000,0.000,0.000
2025-11-22 15:08:52,mlx5_3,0.000,0.000,0.000,0.000
2025-11-22 15:08:52,mlx5_4,0.000,0.000,0.000,0.000
2025-11-22 15:08:52,mlx5_5,1.373,206.397,591.990,1967.456
2025-11-22 15:08:52,mlx5_6,0.000,0.000,0.000,0.000
2025-11-22 15:08:52,mlx5_7,0.000,0.000,0.000,0.000
2025-11-22 15:08:52,mlx5_8,0.000,0.000,0.000,0.000
2025-11-22 15:08:52,mlx5_9,0.000,0.000,0.000,0.000
2025-11-22 15:08:52,TOTAL,2.571,406.293,1178.937,3876.136
2025-11-22 15:08:53,mlx5_0,0.000,0.000,0.000,0.000
2025-11-22 15:08:53,mlx5_1,1.451,236.994,587.129,1938.447
2025-11-22 15:08:53,mlx5_2,0.000,0.000,0.000,0.000
2025-11-22 15:08:53,mlx5_3,0.000,0.000,0.000,0.000
2025-11-22 15:08:53,mlx5_4,0.000,0.000,0.000,0.000
2025-11-22 15:08:53,mlx5_5,1.572,245.391,592.188,1998.278
2025-11-22 15:08:53,mlx5_6,0.000,0.000,0.000,0.000
2025-11-22 15:08:53,mlx5_7,0.000,0.000,0.000,0.000
2025-11-22 15:08:53,mlx5_8,0.000,0.000,0.000,0.000
2025-11-22 15:08:53,mlx5_9,0.000,0.000,0.000,0.000
2025-11-22 15:08:53,TOTAL,3.023,482.385,1179.317,3936.725
2025-11-22 15:08:54,mlx5_0,0.000,0.000,0.000,0.000
2025-11-22 15:08:54,mlx5_1,1.505,244.274,587.319,1969.152
2025-11-22 15:08:54,mlx5_2,0.000,0.000,0.000,0.000
2025-11-22 15:08:54,mlx5_3,0.000,0.000,0.000,0.000
2025-11-22 15:08:54,mlx5_4,0.000,0.000,0.000,0.000
2025-11-22 15:08:54,mlx5_5,1.596,249.876,592.388,2029.687
2025-11-22 15:08:54,mlx5_6,0.000,0.000,0.000,0.000
2025-11-22 15:08:54,mlx5_7,0.000,0.000,0.000,0.000
2025-11-22 15:08:54,mlx5_8,0.000,0.000,0.000,0.000
2025-11-22 15:08:54,mlx5_9,0.000,0.000,0.000,0.000
2025-11-22 15:08:54,TOTAL,3.101,494.151,1179.707,3998.839
2025-11-22 15:08:55,mlx5_0,0.000,0.000,0.000,0.000
2025-11-22 15:08:55,mlx5_1,1.600,249.793,587.520,2000.560
2025-11-22 15:08:55,mlx5_2,0.000,0.000,0.000,0.000
2025-11-22 15:08:55,mlx5_3,0.000,0.000,0.000,0.000
2025-11-22 15:08:55,mlx5_4,0.000,0.000,0.000,0.000
2025-11-22 15:08:55,mlx5_5,1.708,257.683,592.603,2062.087
2025-11-22 15:08:55,mlx5_6,0.000,0.000,0.000,0.000
2025-11-22 15:08:55,mlx5_7,0.000,0.000,0.000,0.000
2025-11-22 15:08:55,mlx5_8,0.000,0.000,0.000,0.000
2025-11-22 15:08:55,mlx5_9,0.000,0.000,0.000,0.000
2025-11-22 15:08:55,TOTAL,3.308,507.476,1180.123,4062.647
2025-11-22 15:08:56,mlx5_0,0.000,0.000,0.000,0.000
2025-11-22 15:08:56,mlx5_1,0.396,64.398,587.570,2008.653
2025-11-22 15:08:56,mlx5_2,0.000,0.000,0.000,0.000
2025-11-22 15:08:56,mlx5_3,0.000,0.000,0.000,0.000
2025-11-22 15:08:56,mlx5_4,0.000,0.000,0.000,0.000
2025-11-22 15:08:56,mlx5_5,0.400,65.851,592.653,2070.363
2025-11-22 15:08:56,mlx5_6,0.000,0.000,0.000,0.000
2025-11-22 15:08:56,mlx5_7,0.000,0.000,0.000,0.000
2025-11-22 15:08:56,mlx5_8,0.000,0.000,0.000,0.000
2025-11-22 15:08:56,mlx5_9,0.000,0.000,0.000,0.000
2025-11-22 15:08:56,TOTAL,0.796,130.249,1180.223,4079.016
2025-11-22 15:08:57,mlx5_0,0.000,0.000,0.000,0.000
2025-11-22 15:08:57,mlx5_1,0.819,132.817,587.672,2025.333
2025-11-22 15:08:57,mlx5_2,0.000,0.000,0.000,0.000
2025-11-22 15:08:57,mlx5_3,0.000,0.000,0.000,0.000
2025-11-22 15:08:57,mlx5_4,0.000,0.000,0.000,0.000
2025-11-22 15:08:57,mlx5_5,0.933,137.928,592.771,2087.684
2025-11-22 15:08:57,mlx5_6,0.000,0.000,0.000,0.000
2025-11-22 15:08:57,mlx5_7,0.000,0.000,0.000,0.000
2025-11-22 15:08:57,mlx5_8,0.000,0.000,0.000,0.000
2025-11-22 15:08:57,mlx5_9,0.000,0.000,0.000,0.000
2025-11-22 15:08:57,TOTAL,1.752,270.745,1180.443,4113.017
2025-11-22 15:08:58,mlx5_0,0.000,0.000,0.000,0.000
2025-11-22 15:08:58,mlx5_1,1.188,190.300,587.822,2049.228
2025-11-22 15:08:58,mlx5_2,0.000,0.000,0.000,0.000
2025-11-22 15:08:58,mlx5_3,0.000,0.000,0.000,0.000
2025-11-22 15:08:58,mlx5_4,0.000,0.000,0.000,0.000
2025-11-22 15:08:58,mlx5_5,1.269,197.258,592.930,2112.453
2025-11-22 15:08:58,mlx5_6,0.000,0.000,0.000,0.000
2025-11-22 15:08:58,mlx5_7,0.000,0.000,0.000,0.000
2025-11-22 15:08:58,mlx5_8,0.000,0.000,0.000,0.000
2025-11-22 15:08:58,mlx5_9,0.000,0.000,0.000,0.000
2025-11-22 15:08:58,TOTAL,2.457,387.558,1180.751,4161.682
2025-11-22 15:08:59,mlx5_0,0.000,0.000,0.000,0.000
2025-11-22 15:08:59,mlx5_1,1.380,217.643,587.995,2076.574
2025-11-22 15:08:59,mlx5_2,0.000,0.000,0.000,0.000
2025-11-22 15:08:59,mlx5_3,0.000,0.000,0.000,0.000
2025-11-22 15:08:59,mlx5_4,0.000,0.000,0.000,0.000
2025-11-22 15:08:59,mlx5_5,1.446,224.870,593.112,2140.707
2025-11-22 15:08:59,mlx5_6,0.000,0.000,0.000,0.000
2025-11-22 15:08:59,mlx5_7,0.000,0.000,0.000,0.000
2025-11-22 15:08:59,mlx5_8,0.000,0.000,0.000,0.000
2025-11-22 15:08:59,mlx5_9,0.000,0.000,0.000,0.000
2025-11-22 15:08:59,TOTAL,2.827,442.514,1181.107,4217.281
2025-11-22 15:09:00,mlx5_0,0.000,0.000,0.000,0.000
2025-11-22 15:09:00,mlx5_1,1.344,230.072,588.164,2105.486
2025-11-22 15:09:00,mlx5_2,0.000,0.000,0.000,0.000
2025-11-22 15:09:00,mlx5_3,0.000,0.000,0.000,0.000
2025-11-22 15:09:00,mlx5_4,0.000,0.000,0.000,0.000
2025-11-22 15:09:00,mlx5_5,1.476,236.352,593.297,2170.409
2025-11-22 15:09:00,mlx5_6,0.000,0.000,0.000,0.000
2025-11-22 15:09:00,mlx5_7,0.000,0.000,0.000,0.000
2025-11-22 15:09:00,mlx5_8,0.000,0.000,0.000,0.000
2025-11-22 15:09:00,mlx5_9,0.000,0.000,0.000,0.000
2025-11-22 15:09:00,TOTAL,2.820,466.424,1181.461,4275.895
2025-11-22 15:09:01,mlx5_0,0.000,0.000,0.000,0.000
2025-11-22 15:09:01,mlx5_1,1.436,232.732,588.344,2134.704
2025-11-22 15:09:01,mlx5_2,0.000,0.000,0.000,0.000
2025-11-22 15:09:01,mlx5_3,0.000,0.000,0.000,0.000
2025-11-22 15:09:01,mlx5_4,0.000,0.000,0.000,0.000
2025-11-22 15:09:01,mlx5_5,1.558,240.422,593.493,2200.592
2025-11-22 15:09:01,mlx5_6,0.000,0.000,0.000,0.000
2025-11-22 15:09:01,mlx5_7,0.000,0.000,0.000,0.000
2025-11-22 15:09:01,mlx5_8,0.000,0.000,0.000,0.000
2025-11-22 15:09:01,mlx5_9,0.000,0.000,0.000,0.000
2025-11-22 15:09:01,TOTAL,2.994,473.154,1181.837,4335.296
2025-11-22 15:09:02,mlx5_0,0.000,0.000,0.000,0.000
2025-11-22 15:09:02,mlx5_1,0.761,118.758,588.440,2149.626
2025-11-22 15:09:02,mlx5_2,0.000,0.000,0.000,0.000
2025-11-22 15:09:02,mlx5_3,0.000,0.000,0.000,0.000
2025-11-22 15:09:02,mlx5_4,0.000,0.000,0.000,0.000
2025-11-22 15:09:02,mlx5_5,0.794,121.923,593.592,2215.912
2025-11-22 15:09:02,mlx5_6,0.000,0.000,0.000,0.000
2025-11-22 15:09:02,mlx5_7,0.000,0.000,0.000,0.000
2025-11-22 15:09:02,mlx5_8,0.000,0.000,0.000,0.000
2025-11-22 15:09:02,mlx5_9,0.000,0.000,0.000,0.000
2025-11-22 15:09:02,TOTAL,1.555,240.682,1182.032,4365.538
2025-11-22 15:09:03,mlx5_0,0.000,0.000,0.000,0.000
2025-11-22 15:09:03,mlx5_1,1.273,208.024,588.600,2175.771
2025-11-22 15:09:03,mlx5_2,0.000,0.000,0.000,0.000
2025-11-22 15:09:03,mlx5_3,0.000,0.000,0.000,0.000
2025-11-22 15:09:03,mlx5_4,0.000,0.000,0.000,0.000
2025-11-22 15:09:03,mlx5_5,1.378,215.505,593.765,2242.996
2025-11-22 15:09:03,mlx5_6,0.000,0.000,0.000,0.000
2025-11-22 15:09:03,mlx5_7,0.000,0.000,0.000,0.000
2025-11-22 15:09:03,mlx5_8,0.000,0.000,0.000,0.000
2025-11-22 15:09:03,mlx5_9,0.000,0.000,0.000,0.000
2025-11-22 15:09:03,TOTAL,2.650,423.529,1182.365,4418.767
2025-11-22 15:09:04,mlx5_0,0.000,0.000,0.000,0.000
2025-11-22 15:09:04,mlx5_1,1.134,192.939,588.742,2200.014
2025-11-22 15:09:04,mlx5_2,0.000,0.000,0.000,0.000
2025-11-22 15:09:04,mlx5_3,0.000,0.000,0.000,0.000
2025-11-22 15:09:04,mlx5_4,0.000,0.000,0.000,0.000
2025-11-22 15:09:04,mlx5_5,1.198,198.211,593.916,2267.902
2025-11-22 15:09:04,mlx5_6,0.000,0.000,0.000,0.000
2025-11-22 15:09:04,mlx5_7,0.000,0.000,0.000,0.000
2025-11-22 15:09:04,mlx5_8,0.000,0.000,0.000,0.000
2025-11-22 15:09:04,mlx5_9,0.000,0.000,0.000,0.000
2025-11-22 15:09:04,TOTAL,2.331,391.150,1182.658,4467.915
2025-11-22 15:09:05,mlx5_0,0.000,0.000,0.000,0.000
2025-11-22 15:09:05,mlx5_1,1.667,240.490,588.952,2230.234
2025-11-22 15:09:05,mlx5_2,0.000,0.000,0.000,0.000
2025-11-22 15:09:05,mlx5_3,0.000,0.000,0.000,0.000
2025-11-22 15:09:05,mlx5_4,0.000,0.000,0.000,0.000
2025-11-22 15:09:05,mlx5_5,1.720,247.778,594.132,2299.038
2025-11-22 15:09:05,mlx5_6,0.000,0.000,0.000,0.000
2025-11-22 15:09:05,mlx5_7,0.000,0.000,0.000,0.000
2025-11-22 15:09:05,mlx5_8,0.000,0.000,0.000,0.000
2025-11-22 15:09:05,mlx5_9,0.000,0.000,0.000,0.000
2025-11-22 15:09:05,TOTAL,3.387,488.268,1183.084,4529.272
2025-11-22 15:09:06,mlx5_0,0.000,0.000,0.000,0.000
2025-11-22 15:09:06,mlx5_1,1.634,252.209,589.157,2261.925
2025-11-22 15:09:06,mlx5_2,0.000,0.000,0.000,0.000
2025-11-22 15:09:06,mlx5_3,0.000,0.000,0.000,0.000
2025-11-22 15:09:06,mlx5_4,0.000,0.000,0.000,0.000
2025-11-22 15:09:06,mlx5_5,1.787,260.568,594.357,2331.780
2025-11-22 15:09:06,mlx5_6,0.000,0.000,0.000,0.000
2025-11-22 15:09:06,mlx5_7,0.000,0.000,0.000,0.000
2025-11-22 15:09:06,mlx5_8,0.000,0.000,0.000,0.000
2025-11-22 15:09:06,mlx5_9,0.000,0.000,0.000,0.000
2025-11-22 15:09:06,TOTAL,3.421,512.777,1183.514,4593.705
2025-11-22 15:09:07,mlx5_0,0.000,0.000,0.000,0.000
2025-11-22 15:09:07,mlx5_1,1.377,224.969,589.330,2290.196
2025-11-22 15:09:07,mlx5_2,0.000,0.000,0.000,0.000
2025-11-22 15:09:07,mlx5_3,0.000,0.000,0.000,0.000
2025-11-22 15:09:07,mlx5_4,0.000,0.000,0.000,0.000
2025-11-22 15:09:07,mlx5_5,1.512,233.818,594.547,2361.162
2025-11-22 15:09:07,mlx5_6,0.000,0.000,0.000,0.000
2025-11-22 15:09:07,mlx5_7,0.000,0.000,0.000,0.000
2025-11-22 15:09:07,mlx5_8,0.000,0.000,0.000,0.000
2025-11-22 15:09:07,mlx5_9,0.000,0.000,0.000,0.000
2025-11-22 15:09:07,TOTAL,2.889,458.787,1183.877,4651.358
2025-11-22 15:09:08,mlx5_0,0.000,0.000,0.000,0.000
2025-11-22 15:09:08,mlx5_1,0.007,2.806,589.331,2290.548
2025-11-22 15:09:08,mlx5_2,0.000,0.000,0.000,0.000
2025-11-22 15:09:08,mlx5_3,0.000,0.000,0.000,0.000
2025-11-22 15:09:08,mlx5_4,0.000,0.000,0.000,0.000
2025-11-22 15:09:08,mlx5_5,0.012,2.799,594.548,2361.514
2025-11-22 15:09:08,mlx5_6,0.000,0.000,0.000,0.000
2025-11-22 15:09:08,mlx5_7,0.000,0.000,0.000,0.000
2025-11-22 15:09:08,mlx5_8,0.000,0.000,0.000,0.000
2025-11-22 15:09:08,mlx5_9,0.000,0.000,0.000,0.000
2025-11-22 15:09:08,TOTAL,0.019,5.606,1183.879,4652.062
2025-11-22 15:09:09,mlx5_0,0.000,0.000,0.000,0.000
2025-11-22 15:09:09,mlx5_1,0.000,0.000,589.331,2290.548
2025-11-22 15:09:09,mlx5_2,0.000,0.000,0.000,0.000
2025-11-22 15:09:09,mlx5_3,0.000,0.000,0.000,0.000
2025-11-22 15:09:09,mlx5_4,0.000,0.000,0.000,0.000
2025-11-22 15:09:09,mlx5_5,0.000,0.000,594.548,2361.514
2025-11-22 15:09:09,mlx5_6,0.000,0.000,0.000,0.000
2025-11-22 15:09:09,mlx5_7,0.000,0.000,0.000,0.000
2025-11-22 15:09:09,mlx5_8,0.000,0.000,0.000,0.000
2025-11-22 15:09:09,mlx5_9,0.000,0.000,0.000,0.000
2025-11-22 15:09:09,TOTAL,0.000,0.000,1183.879,4652.062
2025-11-22 15:09:10,mlx5_0,0.000,0.000,0.000,0.000
2025-11-22 15:09:10,mlx5_1,0.000,0.000,589.331,2290.548
2025-11-22 15:09:10,mlx5_2,0.000,0.000,0.000,0.000
2025-11-22 15:09:10,mlx5_3,0.000,0.000,0.000,0.000
2025-11-22 15:09:10,mlx5_4,0.000,0.000,0.000,0.000
2025-11-22 15:09:10,mlx5_5,0.000,0.000,594.548,2361.514
2025-11-22 15:09:10,mlx5_6,0.000,0.000,0.000,0.000
2025-11-22 15:09:10,mlx5_7,0.000,0.000,0.000,0.000
2025-11-22 15:09:10,mlx5_8,0.000,0.000,0.000,0.000
2025-11-22 15:09:10,mlx5_9,0.000,0.000,0.000,0.000
2025-11-22 15:09:10,TOTAL,0.000,0.000,1183.879,4652.062
2025-11-22 15:09:11,mlx5_0,0.000,0.000,0.000,0.000
2025-11-22 15:09:11,mlx5_1,0.000,0.000,589.331,2290.548
2025-11-22 15:09:11,mlx5_2,0.000,0.000,0.000,0.000
2025-11-22 15:09:11,mlx5_3,0.000,0.000,0.000,0.000
2025-11-22 15:09:11,mlx5_4,0.000,0.000,0.000,0.000
2025-11-22 15:09:11,mlx5_5,0.000,0.000,594.548,2361.514
2025-11-22 15:09:11,mlx5_6,0.000,0.000,0.000,0.000
2025-11-22 15:09:11,mlx5_7,0.000,0.000,0.000,0.000
2025-11-22 15:09:11,mlx5_8,0.000,0.000,0.000,0.000
2025-11-22 15:09:11,mlx5_9,0.000,0.000,0.000,0.000
2025-11-22 15:09:11,TOTAL,0.000,0.000,1183.879,4652.062
2025-11-22 15:09:12,mlx5_0,0.000,0.000,0.000,0.000
2025-11-22 15:09:12,mlx5_1,0.000,0.000,589.331,2290.548
2025-11-22 15:09:12,mlx5_2,0.000,0.000,0.000,0.000
2025-11-22 15:09:12,mlx5_3,0.000,0.000,0.000,0.000
2025-11-22 15:09:12,mlx5_4,0.000,0.000,0.000,0.000
2025-11-22 15:09:12,mlx5_5,0.000,0.000,594.548,2361.514
2025-11-22 15:09:12,mlx5_6,0.000,0.000,0.000,0.000
2025-11-22 15:09:12,mlx5_7,0.000,0.000,0.000,0.000
2025-11-22 15:09:12,mlx5_8,0.000,0.000,0.000,0.000
2025-11-22 15:09:12,mlx5_9,0.000,0.000,0.000,0.000
2025-11-22 15:09:12,TOTAL,0.000,0.000,1183.879,4652.062
2025-11-22 15:09:13,mlx5_0,0.000,0.000,0.000,0.000
2025-11-22 15:09:13,mlx5_1,0.000,0.000,589.331,2290.548
2025-11-22 15:09:13,mlx5_2,0.000,0.000,0.000,0.000
2025-11-22 15:09:13,mlx5_3,0.000,0.000,0.000,0.000
2025-11-22 15:09:13,mlx5_4,0.000,0.000,0.000,0.000
2025-11-22 15:09:13,mlx5_5,0.000,0.000,594.548,2361.514
2025-11-22 15:09:13,mlx5_6,0.000,0.000,0.000,0.000
2025-11-22 15:09:13,mlx5_7,0.000,0.000,0.000,0.000
2025-11-22 15:09:13,mlx5_8,0.000,0.000,0.000,0.000
2025-11-22 15:09:13,mlx5_9,0.000,0.000,0.000,0.000
2025-11-22 15:09:13,TOTAL,0.000,0.000,1183.879,4652.062
